motif_count,hourglass_type,signature,fanin_sig,fanout_sig,n_FF,n_FB,n_lat,n_waist,n_waist_active,n_waist_eff,n_periphery,compression,bottleneck_area,bottleneck_level,k_in,k_out,structure_str,fan_in_0_area,fan_in_0_level,fan_in_1_area,fan_in_1_level,fan_out_0_area,fan_out_0_level,fan_out_1_area,fan_out_1_level
2238020075401,mixed,mix->lat,mix,lat,1,0,3,2282,25,1.999,43284,18.968,LO,3,2,2,"[MEL2, MEL3] -> LOL3 -> [LO.LOPL3, ME.LOPL3]",ME,2,ME,3,LO.LOP,3,ME.LOP,3
1847163140332,mixed,mix->lat,mix,lat,1,0,3,2282,25,1.901,25096,10.997,LO,3,2,2,"[MEL3, ME.LOL2] -> LOL3 -> [LO.LOPL3, ME.LOPL3]",ME,3,ME.LO,2,LO.LOP,3,ME.LOP,3
1818697778826,mixed,mix->lat,mix,lat,1,0,3,2282,12,1.665,20714,9.077,LO,3,2,2,"[MEL3, ME.LOPL2] -> LOL3 -> [LO.LOPL3, ME.LOPL3]",ME,3,ME.LOP,2,LO.LOP,3,ME.LOP,3
969816670600,mixed,mix->lat,mix,lat,1,1,2,2282,2,1.444,33531,14.694,LO,3,2,2,"[LO.LOPL4, MEL2] -> LOL3 -> [LO.LOPL3, ME.LOPL3]",LO.LOP,4,ME,2,LO.LOP,3,ME.LOP,3
693678384700,mixed,mix->lat,mix,lat,1,1,2,2282,2,1.636,15343,6.723,LO,3,2,2,"[LO.LOPL4, ME.LOL2] -> LOL3 -> [LO.LOPL3, ME.LOPL3]",LO.LOP,4,ME.LO,2,LO.LOP,3,ME.LOP,3
575181351400,mixed,mix->lat,mix,lat,0,1,3,2282,2,1.57,19405,8.504,LO,3,2,2,"[LO.LOPL4, MEL3] -> LOL3 -> [LO.LOPL3, ME.LOPL3]",LO.LOP,4,ME,3,LO.LOP,3,ME.LOP,3
571732186800,mixed,mix->lat,mix,lat,1,1,2,2282,2,1.877,10961,4.803,LO,3,2,2,"[LO.LOPL4, ME.LOPL2] -> LOL3 -> [LO.LOPL3, ME.LOPL3]",LO.LOP,4,ME.LOP,2,LO.LOP,3,ME.LOP,3
397989965364,mixed,mix->lat,mix,lat,1,0,3,2282,4,1.331,19234,8.429,LO,3,2,2,"[LO.LOPL2, MEL3] -> LOL3 -> [LO.LOPL3, ME.LOPL3]",LO.LOP,2,ME,3,LO.LOP,3,ME.LOP,3
309495957475,mixed,mix->lat,mix,lat,1,0,3,2282,27,1.398,41439,18.159,LO,3,2,2,"[MEL2, ME.LOL3] -> LOL3 -> [LO.LOPL3, ME.LOPL3]",ME,2,ME.LO,3,LO.LOP,3,ME.LOP,3
238969461345,mixed,mix->lat,mix,lat,1,0,3,2282,12,1.276,43284,18.968,LO,3,2,2,"[MEL2, ME.LOPL3] -> LOL3 -> [LO.LOPL3, MEL3]",ME,2,ME.LOP,3,LO.LOP,3,ME,3
219471641036,mixed,mix->lat,mix,lat,1,0,3,2282,27,1.578,23251,10.189,LO,3,2,2,"[ME.LOL2, ME.LOL3] -> LOL3 -> [LO.LOPL3, ME.LOPL3]",ME.LO,2,ME.LO,3,LO.LOP,3,ME.LOP,3
202958357543,mixed,mix->lat,mix,lat,1,0,3,2282,11,1.391,41439,18.159,LO,3,2,2,"[MEL2, ME.LOPL3] -> LOL3 -> [LO.LOPL3, ME.LOL3]",ME,2,ME.LOP,3,LO.LOP,3,ME.LO,3
202801346464,mixed,mix->lat,mix,lat,1,0,3,2282,25,1.818,19632,8.603,LO,3,2,2,"[LOL2, MEL3] -> LOL3 -> [LO.LOPL3, ME.LOPL3]",LO,2,ME,3,LO.LOP,3,ME.LOP,3
178603706885,mixed,mix->lat,mix,lat,1,0,3,2282,13,1.823,18869,8.269,LO,3,2,2,"[ME.LOL3, ME.LOPL2] -> LOL3 -> [LO.LOPL3, ME.LOPL3]",ME.LO,3,ME.LOP,2,LO.LOP,3,ME.LOP,3
165443639963,mixed,mix->lat,mix,lat,1,0,3,2282,12,1.411,25096,10.997,LO,3,2,2,"[ME.LOL2, ME.LOPL3] -> LOL3 -> [LO.LOPL3, MEL3]",ME.LO,2,ME.LOP,3,LO.LOP,3,ME,3
147806731976,mixed,mix->lat,mix,lat,1,0,3,2282,9,1.239,43284,18.968,LO,3,2,2,"[LO.LOPL3, MEL2] -> LOL3 -> [MEL3, ME.LOPL3]",LO.LOP,3,ME,2,ME,3,ME.LOP,3
143731320164,mixed,mix->lat,mix,lat,1,0,3,2282,11,1.568,23251,10.189,LO,3,2,2,"[ME.LOL2, ME.LOPL3] -> LOL3 -> [LO.LOPL3, ME.LOL3]",ME.LO,2,ME.LOP,3,LO.LOP,3,ME.LO,3
129765654637,mixed,mix->lat,mix,lat,1,0,3,2282,7,1.631,20714,9.077,LO,3,2,2,"[ME.LOPL2, ME.LOPL3] -> LOL3 -> [LO.LOPL3, MEL3]",ME.LOP,2,ME.LOP,3,LO.LOP,3,ME,3
124734306967,mixed,mix->lat,mix,lat,1,0,3,2282,5,1.342,41439,18.159,LO,3,2,2,"[LO.LOPL3, MEL2] -> LOL3 -> [ME.LOL3, ME.LOPL3]",LO.LOP,3,ME,2,ME.LO,3,ME.LOP,3
116734494556,mixed,mix->lat,mix,lat,1,0,3,2282,6,1.814,18869,8.269,LO,3,2,2,"[ME.LOPL2, ME.LOPL3] -> LOL3 -> [LO.LOPL3, ME.LOL3]",ME.LOP,2,ME.LOP,3,LO.LOP,3,ME.LO,3
113887178960,mixed,mix->lat,mix,lat,1,1,2,2282,2,1.979,32714,14.336,LO,3,2,2,"[MEL2, ME.LOPL4] -> LOL3 -> [LO.LOPL3, ME.LOPL3]",ME,2,ME.LOP,4,LO.LOP,3,ME.LOP,3
108704253400,mixed,mix->lat,mix,lat,0,1,3,2282,2,1.125,17560,7.695,LO,3,2,2,"[LO.LOPL4, ME.LOL3] -> LOL3 -> [LO.LOPL3, ME.LOPL3]",LO.LOP,4,ME.LO,3,LO.LOP,3,ME.LOP,3
106745627700,mixed,mix->lat,mix,lat,1,1,2,2282,2,1.231,9879,4.329,LO,3,2,2,"[LOL2, LO.LOPL4] -> LOL3 -> [LO.LOPL3, ME.LOPL3]",LO,2,LO.LOP,4,LO.LOP,3,ME.LOP,3
101569758232,mixed,mix->lat,mix,lat,1,0,3,2282,9,1.359,25096,10.997,LO,3,2,2,"[LO.LOPL3, ME.LOL2] -> LOL3 -> [MEL3, ME.LOPL3]",LO.LOP,3,ME.LO,2,ME,3,ME.LOP,3
96730964941,mixed,mix->lat,mix,lat,1,1,2,2282,18,1.664,34172,14.975,LO,3,2,2,"[MEL2, MEL4] -> LOL3 -> [LO.LOPL3, ME.LOPL3]",ME,2,ME,4,LO.LOP,3,ME.LOP,3
96407214100,mixed,mix->lat,mix,lat,1,1,2,2282,2,1.962,9481,4.155,LO,3,2,2,"[LO.LOPL2, LO.LOPL4] -> LOL3 -> [LO.LOPL3, ME.LOPL3]",LO.LOP,2,LO.LOP,4,LO.LOP,3,ME.LOP,3
91585975160,mixed,mix->lat,mix,lat,1,1,2,2282,2,1.977,14526,6.365,LO,3,2,2,"[ME.LOL2, ME.LOPL4] -> LOL3 -> [LO.LOPL3, ME.LOPL3]",ME.LO,2,ME.LOP,4,LO.LOP,3,ME.LOP,3
87661690080,mixed,mix->lat,mix,lat,1,1,2,2282,2,1.788,10144,4.445,LO,3,2,2,"[ME.LOPL2, ME.LOPL4] -> LOL3 -> [LO.LOPL3, ME.LOPL3]",ME.LOP,2,ME.LOP,4,LO.LOP,3,ME.LOP,3
87494440313,mixed,mix->lat,mix,lat,1,0,3,2282,5,1.502,23251,10.189,LO,3,2,2,"[LO.LOPL3, ME.LOL2] -> LOL3 -> [ME.LOL3, ME.LOPL3]",LO.LOP,3,ME.LO,2,ME.LO,3,ME.LOP,3
87188958040,mixed,mix->lat,mix,lat,0,1,3,2282,2,1.084,19405,8.504,LO,3,2,2,"[LO.LOPL4, ME.LOPL3] -> LOL3 -> [LO.LOPL3, MEL3]",LO.LOP,4,ME.LOP,3,LO.LOP,3,ME,3
84729996187,mixed,mix->lat,mix,lat,1,0,3,2282,23,1.461,48490,21.249,LO,3,2,2,"[MEL2, MEL3] -> LOL3 -> [LO.LOPL3, ME.LOL3]",ME,2,ME,3,LO.LOP,3,ME.LO,3
78722070752,mixed,mix->lat,mix,lat,1,0,3,2282,8,1.561,20714,9.077,LO,3,2,2,"[LO.LOPL3, ME.LOPL2] -> LOL3 -> [MEL3, ME.LOPL3]",LO.LOP,3,ME.LOP,2,ME,3,ME.LOP,3
73927333257,mixed,mix->lat,mix,lat,1,0,3,2282,25,1.33,48066,21.063,LO,3,2,2,"[MEL2, MEL3] -> LOL3 -> [ME.LOL3, ME.LOPL3]",ME,2,ME,3,ME.LO,3,ME.LOP,3
73017617360,mixed,mix->lat,mix,lat,0,1,3,2282,2,1.997,18588,8.145,LO,3,2,2,"[MEL3, ME.LOPL4] -> LOL3 -> [LO.LOPL3, ME.LOPL3]",ME,3,ME.LOP,4,LO.LOP,3,ME.LOP,3
72031918817,mixed,mix->lat,mix,lat,1,1,2,2282,18,1.869,15984,7.004,LO,3,2,2,"[MEL4, ME.LOL2] -> LOL3 -> [LO.LOPL3, ME.LOPL3]",ME,4,ME.LO,2,LO.LOP,3,ME.LOP,3
71440612280,mixed,mix->lat,mix,lat,0,1,3,2282,2,1.122,17560,7.695,LO,3,2,2,"[LO.LOPL4, ME.LOPL3] -> LOL3 -> [LO.LOPL3, ME.LOL3]",LO.LOP,4,ME.LOP,3,LO.LOP,3,ME.LO,3
70040254625,mixed,mix->lat,mix,lat,1,0,3,2282,5,1.743,18869,8.269,LO,3,2,2,"[LO.LOPL3, ME.LOPL2] -> LOL3 -> [ME.LOL3, ME.LOPL3]",LO.LOP,3,ME.LOP,2,ME.LO,3,ME.LOP,3
62881985750,mixed,mix->lat,mix,lat,1,1,2,2282,3,1.076,40582,17.784,LO,3,2,2,"[LO.LOPL4, MEL2] -> LOL3 -> [LO.LOPL3, MEL3]",LO.LOP,4,ME,2,LO.LOP,3,ME,3
62788007028,mixed,mix->lat,mix,lat,1,1,2,2282,9,1.999,11602,5.084,LO,3,2,2,"[MEL4, ME.LOPL2] -> LOL3 -> [LO.LOPL3, ME.LOPL3]",ME,4,ME.LOP,2,LO.LOP,3,ME.LOP,3
62057865416,mixed,mix->lat,mix,lat,1,1,2,2282,7,1.325,33735,14.783,LO,3,2,2,"[LOL4, MEL2] -> LOL3 -> [LO.LOPL3, ME.LOPL3]",LO,4,ME,2,LO.LOP,3,ME.LOP,3
60791291123,mixed,mix->lat,mix,lat,1,0,3,2282,24,1.656,30302,13.279,LO,3,2,2,"[MEL3, ME.LOL2] -> LOL3 -> [LO.LOPL3, ME.LOL3]",ME,3,ME.LO,2,LO.LOP,3,ME.LO,3
58906281818,mixed,mix->lat,mix,lat,0,1,3,2282,17,1.806,20046,8.784,LO,3,2,2,"[MEL3, MEL4] -> LOL3 -> [LO.LOPL3, ME.LOPL3]",ME,3,ME,4,LO.LOP,3,ME.LOP,3
57698173760,mixed,mix->lat,mix,lat,1,1,2,2282,2,1.053,40158,17.598,LO,3,2,2,"[LO.LOPL4, MEL2] -> LOL3 -> [MEL3, ME.LOPL3]",LO.LOP,4,ME,2,ME,3,ME.LOP,3
54543987840,mixed,mix->lat,mix,lat,0,1,3,2282,2,1.073,19405,8.504,LO,3,2,2,"[LO.LOPL3, LO.LOPL4] -> LOL3 -> [MEL3, ME.LOPL3]",LO.LOP,3,LO.LOP,4,ME,3,ME.LOP,3
51741956618,mixed,mix->lat,mix,lat,1,0,3,2282,25,1.487,29878,13.093,LO,3,2,2,"[MEL3, ME.LOL2] -> LOL3 -> [ME.LOL3, ME.LOPL3]",ME,3,ME.LO,2,ME.LO,3,ME.LOP,3
51433675840,mixed,mix->lat,mix,lat,1,1,2,2282,2,1.11,38737,16.975,LO,3,2,2,"[LO.LOPL4, MEL2] -> LOL3 -> [LO.LOPL3, ME.LOL3]",LO.LOP,4,ME,2,LO.LOP,3,ME.LO,3
50328843335,mixed,mix->lat,mix,lat,1,0,3,2282,9,1.894,25920,11.358,LO,3,2,2,"[MEL3, ME.LOPL2] -> LOL3 -> [LO.LOPL3, ME.LOL3]",ME,3,ME.LOP,2,LO.LOP,3,ME.LO,3
46967113720,mixed,mix->lat,mix,lat,1,1,2,2282,2,1.077,38313,16.789,LO,3,2,2,"[LO.LOPL4, MEL2] -> LOL3 -> [ME.LOL3, ME.LOPL3]",LO.LOP,4,ME,2,ME.LO,3,ME.LOP,3
44587065480,mixed,mix->lat,mix,lat,0,1,3,2282,2,1.106,17560,7.695,LO,3,2,2,"[LO.LOPL3, LO.LOPL4] -> LOL3 -> [ME.LOL3, ME.LOPL3]",LO.LOP,3,LO.LOP,4,ME.LO,3,ME.LOP,3
43386214180,mixed,mix->lat,mix,lat,1,1,2,2282,7,1.479,15547,6.813,LO,3,2,2,"[LOL4, ME.LOL2] -> LOL3 -> [LO.LOPL3, ME.LOPL3]",LO,4,ME.LO,2,LO.LOP,3,ME.LOP,3
41658272540,mixed,mix->lat,mix,lat,1,1,2,2282,2,1.116,22394,9.813,LO,3,2,2,"[LO.LOPL4, ME.LOL2] -> LOL3 -> [LO.LOPL3, MEL3]",LO.LOP,4,ME.LO,2,LO.LOP,3,ME,3
41280086603,mixed,mix->lat,mix,lat,1,0,3,2282,10,1.725,25496,11.173,LO,3,2,2,"[MEL3, ME.LOPL2] -> LOL3 -> [ME.LOL3, ME.LOPL3]",ME,3,ME.LOP,2,ME.LO,3,ME.LOP,3
38008608320,mixed,mix->lat,mix,lat,1,1,2,2282,2,1.081,21970,9.628,LO,3,2,2,"[LO.LOPL4, ME.LOL2] -> LOL3 -> [MEL3, ME.LOPL3]",LO.LOP,4,ME.LO,2,ME,3,ME.LOP,3
36263994052,mixed,mix->lat,mix,lat,0,1,3,2282,7,1.424,19609,8.593,LO,3,2,2,"[LOL4, MEL3] -> LOL3 -> [LO.LOPL3, ME.LOPL3]",LO,4,ME,3,LO.LOP,3,ME.LOP,3
34554502632,mixed,mix->lat,mix,lat,1,1,2,2282,3,1.716,11165,4.893,LO,3,2,2,"[LOL4, ME.LOPL2] -> LOL3 -> [LO.LOPL3, ME.LOPL3]",LO,4,ME.LOP,2,LO.LOP,3,ME.LOP,3
34401462095,mixed,mix->lat,mix,lat,1,0,3,2282,27,1.206,17787,7.794,LO,3,2,2,"[LOL2, ME.LOL3] -> LOL3 -> [LO.LOPL3, ME.LOPL3]",LO,2,ME.LO,3,LO.LOP,3,ME.LOP,3
34350397405,mixed,mix->lat,mix,lat,1,1,2,2282,2,1.167,20549,9.005,LO,3,2,2,"[LO.LOPL4, ME.LOL2] -> LOL3 -> [LO.LOPL3, ME.LOL3]",LO.LOP,4,ME.LO,2,LO.LOP,3,ME.LO,3
31120051540,mixed,mix->lat,mix,lat,1,1,2,2282,2,1.117,20125,8.819,LO,3,2,2,"[LO.LOPL4, ME.LOL2] -> LOL3 -> [ME.LOL3, ME.LOPL3]",LO.LOP,4,ME.LO,2,ME.LO,3,ME.LOP,3
30343765560,mixed,mix->lat,mix,lat,1,1,2,2282,2,1.19,18012,7.893,LO,3,2,2,"[LO.LOPL4, ME.LOPL2] -> LOL3 -> [LO.LOPL3, MEL3]",LO.LOP,4,ME.LOP,2,LO.LOP,3,ME,3
29412249456,mixed,mix->lat,mix,lat,1,0,3,2282,4,1.987,17389,7.62,LO,3,2,2,"[LO.LOPL2, ME.LOL3] -> LOL3 -> [LO.LOPL3, ME.LOPL3]",LO.LOP,2,ME.LO,3,LO.LOP,3,ME.LOP,3
29186457310,mixed,mix->lat,mix,lat,0,1,3,2282,2,1.146,24611,10.785,LO,3,2,2,"[LO.LOPL4, MEL3] -> LOL3 -> [LO.LOPL3, ME.LOL3]",LO.LOP,4,ME,3,LO.LOP,3,ME.LO,3
27405617280,mixed,mix->lat,mix,lat,1,1,2,2282,2,1.133,17588,7.707,LO,3,2,2,"[LO.LOPL4, ME.LOPL2] -> LOL3 -> [MEL3, ME.LOPL3]",LO.LOP,4,ME.LOP,2,ME,3,ME.LOP,3
27271725044,mixed,mix->lat,mix,lat,1,0,3,2282,12,1.14,19632,8.603,LO,3,2,2,"[LOL2, ME.LOPL3] -> LOL3 -> [LO.LOPL3, MEL3]",LO,2,ME.LOP,3,LO.LOP,3,ME,3
26518197880,mixed,mix->lat,mix,lat,0,1,3,2282,2,1.102,24187,10.599,LO,3,2,2,"[LO.LOPL4, MEL3] -> LOL3 -> [ME.LOL3, ME.LOPL3]",LO.LOP,4,ME,3,ME.LO,3,ME.LOP,3
25379618520,mixed,mix->lat,mix,lat,1,1,2,2282,2,1.273,16167,7.085,LO,3,2,2,"[LO.LOPL4, ME.LOPL2] -> LOL3 -> [LO.LOPL3, ME.LOL3]",LO.LOP,4,ME.LOP,2,LO.LOP,3,ME.LO,3
22674398160,mixed,mix->lat,mix,lat,1,1,2,2282,2,1.192,15743,6.899,LO,3,2,2,"[LO.LOPL4, ME.LOPL2] -> LOL3 -> [ME.LOL3, ME.LOPL3]",LO.LOP,4,ME.LOP,2,ME.LO,3,ME.LOP,3
22593308560,mixed,mix->lat,mix,lat,1,0,3,2282,11,1.202,17787,7.794,LO,3,2,2,"[LOL2, ME.LOPL3] -> LOL3 -> [LO.LOPL3, ME.LOL3]",LO,2,ME.LOP,3,LO.LOP,3,ME.LO,3
20424782668,mixed,mix->lat,mix,lat,1,0,3,2282,30,1.067,48490,21.249,LO,3,2,2,"[MEL2, ME.LOL3] -> LOL3 -> [LO.LOPL3, MEL3]",ME,2,ME.LO,3,LO.LOP,3,ME,3
19849149529,mixed,mix->lat,mix,lat,1,0,3,2282,3,1.974,19234,8.429,LO,3,2,2,"[LO.LOPL2, ME.LOPL3] -> LOL3 -> [LO.LOPL3, MEL3]",LO.LOP,2,ME.LOP,3,LO.LOP,3,ME,3
19151085554,mixed,mix->lat,mix,lat,1,0,3,2282,3,1.99,17389,7.62,LO,3,2,2,"[LO.LOPL2, ME.LOPL3] -> LOL3 -> [LO.LOPL3, ME.LOL3]",LO.LOP,2,ME.LOP,3,LO.LOP,3,ME.LO,3
18764180357,mixed,mix->lat,mix,lat,1,0,3,2282,33,1.047,48066,21.063,LO,3,2,2,"[MEL2, ME.LOL3] -> LOL3 -> [MEL3, ME.LOPL3]",ME,2,ME.LO,3,ME,3,ME.LOP,3
18534834920,mixed,mix->lat,mix,lat,1,1,2,2282,2,1.417,8664,3.797,LO,3,2,2,"[LO.LOPL2, ME.LOPL4] -> LOL3 -> [LO.LOPL3, ME.LOPL3]",LO.LOP,2,ME.LOP,4,LO.LOP,3,ME.LOP,3
18400053056,mixed,mix->lat,mix,lat,1,0,3,1,1,1.0,3801,3801.0,MB_ML.MB_CA,3,2,2,"[MB_CA.MB_MLL2, MB_CA.MB_PEDL3] -> MB_ML.MB_CAL3 -> [MB_CA.MB_MLL3, MB_CA.MB_VLL3]",MB_CA.MB_ML,2,MB_CA.MB_PED,3,MB_CA.MB_ML,3,MB_CA.MB_VL,3
18280572192,mixed,mix->lat,mix,lat,1,0,3,1,1,1.0,3801,3801.0,MB_ML.MB_CA,3,2,2,"[MB_CA.MB_MLL2, MB_CA.MB_MLL3] -> MB_ML.MB_CAL3 -> [MB_CA.MB_PEDL3, MB_CA.MB_VLL3]",MB_CA.MB_ML,2,MB_CA.MB_ML,3,MB_CA.MB_PED,3,MB_CA.MB_VL,3
18280572192,mixed,mix->lat,mix,lat,1,0,3,1,1,1.0,3801,3801.0,MB_ML.MB_CA,3,2,2,"[MB_CA.MB_MLL2, MB_CA.MB_VLL3] -> MB_ML.MB_CAL3 -> [MB_CA.MB_MLL3, MB_CA.MB_PEDL3]",MB_CA.MB_ML,2,MB_CA.MB_VL,3,MB_CA.MB_ML,3,MB_CA.MB_PED,3
17002311432,mixed,mix->lat,mix,lat,1,0,3,2282,9,1.121,19632,8.603,LO,3,2,2,"[LOL2, LO.LOPL3] -> LOL3 -> [MEL3, ME.LOPL3]",LO,2,LO.LOP,3,ME,3,ME.LOP,3
14033841886,mixed,mix->lat,mix,lat,1,0,3,2282,5,1.175,17787,7.794,LO,3,2,2,"[LOL2, LO.LOPL3] -> LOL3 -> [ME.LOL3, ME.LOPL3]",LO,2,LO.LOP,3,ME.LO,3,ME.LOP,3
13502802591,mixed,mix->lat,mix,lat,1,0,3,2282,33,1.103,30302,13.279,LO,3,2,2,"[ME.LOL2, ME.LOL3] -> LOL3 -> [LO.LOPL3, MEL3]",ME.LO,2,ME.LO,3,LO.LOP,3,ME,3
12342307585,mixed,mix->lat,mix,lat,1,0,3,2282,33,1.072,29878,13.093,LO,3,2,2,"[ME.LOL2, ME.LOL3] -> LOL3 -> [MEL3, ME.LOPL3]",ME.LO,2,ME.LO,3,ME,3,ME.LOP,3
12339941760,mixed,mix->lat,mix,lat,1,0,3,2282,20,1.046,48066,21.063,LO,3,2,2,"[MEL2, ME.LOPL3] -> LOL3 -> [MEL3, ME.LOL3]",ME,2,ME.LOP,3,ME,3,ME.LO,3
12337783920,mixed,mix->lat,mix,lat,1,0,3,1,1,1.0,3103,3103.0,MB_ML.MB_CA,3,2,2,"[MB_CA.MB_PEDL3, MB_CA.MB_VLL2] -> MB_ML.MB_CAL3 -> [MB_CA.MB_MLL3, MB_CA.MB_VLL3]",MB_CA.MB_PED,3,MB_CA.MB_VL,2,MB_CA.MB_ML,3,MB_CA.MB_VL,3
12257668440,mixed,mix->lat,mix,lat,1,0,3,1,1,1.0,3103,3103.0,MB_ML.MB_CA,3,2,2,"[MB_CA.MB_MLL3, MB_CA.MB_VLL2] -> MB_ML.MB_CAL3 -> [MB_CA.MB_PEDL3, MB_CA.MB_VLL3]",MB_CA.MB_ML,3,MB_CA.MB_VL,2,MB_CA.MB_PED,3,MB_CA.MB_VL,3
12257668440,mixed,mix->lat,mix,lat,1,0,3,1,1,1.0,3103,3103.0,MB_ML.MB_CA,3,2,2,"[MB_CA.MB_VLL2, MB_CA.MB_VLL3] -> MB_ML.MB_CAL3 -> [MB_CA.MB_MLL3, MB_CA.MB_PEDL3]",MB_CA.MB_VL,2,MB_CA.MB_VL,3,MB_CA.MB_ML,3,MB_CA.MB_PED,3
11735650706,mixed,mix->lat,mix,lat,1,0,3,2282,5,1.933,19234,8.429,LO,3,2,2,"[LO.LOPL2, LO.LOPL3] -> LOL3 -> [MEL3, ME.LOPL3]",LO.LOP,2,LO.LOP,3,ME,3,ME.LOP,3
11641352308,mixed,mix->lat,mix,lat,1,1,2,2282,4,1.766,10122,4.436,LO,3,2,2,"[LO.LOPL2, MEL4] -> LOL3 -> [LO.LOPL3, ME.LOPL3]",LO.LOP,2,ME,4,LO.LOP,3,ME.LOP,3
11171450197,mixed,mix->lat,mix,lat,1,0,3,2282,4,2.0,17389,7.62,LO,3,2,2,"[LO.LOPL2, LO.LOPL3] -> LOL3 -> [ME.LOL3, ME.LOPL3]",LO.LOP,2,LO.LOP,3,ME.LO,3,ME.LOP,3
10746129960,mixed,mix->lat,mix,lat,1,1,2,2282,2,1.697,9062,3.971,LO,3,2,2,"[LOL2, ME.LOPL4] -> LOL3 -> [LO.LOPL3, ME.LOPL3]",LO,2,ME.LOP,4,LO.LOP,3,ME.LOP,3
10144570033,mixed,mix->lat,mix,lat,1,1,2,2282,18,1.366,10520,4.61,LO,3,2,2,"[LOL2, MEL4] -> LOL3 -> [LO.LOPL3, ME.LOPL3]",LO,2,ME,4,LO.LOP,3,ME.LOP,3
10053820600,mixed,mix->lat,mix,lat,0,1,3,2282,18,1.201,18201,7.976,LO,3,2,2,"[MEL4, ME.LOL3] -> LOL3 -> [LO.LOPL3, ME.LOPL3]",ME,4,ME.LO,3,LO.LOP,3,ME.LOP,3
9957185840,mixed,mix->lat,mix,lat,0,1,3,2282,2,1.414,16743,7.337,LO,3,2,2,"[ME.LOL3, ME.LOPL4] -> LOL3 -> [LO.LOPL3, ME.LOPL3]",ME.LO,3,ME.LOP,4,LO.LOP,3,ME.LOP,3
9798396608,mixed,mix->lat,mix,lat,1,0,3,2282,12,1.169,25920,11.358,LO,3,2,2,"[ME.LOL3, ME.LOPL2] -> LOL3 -> [LO.LOPL3, MEL3]",ME.LO,3,ME.LOP,2,LO.LOP,3,ME,3
9715591440,mixed,mix->lat,mix,lat,1,0,3,52,1,1.0,3801,73.096,MB_ML,3,2,2,"[MB_CA.MB_MLL2, MB_CA.MB_MLL3] -> MB_MLL3 -> [MB_CA.MB_PEDL3, MB_CA.MB_VLL3]",MB_CA.MB_ML,2,MB_CA.MB_ML,3,MB_CA.MB_PED,3,MB_CA.MB_VL,3
9715591440,mixed,mix->lat,mix,lat,1,0,3,52,1,1.0,3801,73.096,MB_ML,3,2,2,"[MB_CA.MB_MLL2, MB_CA.MB_PEDL3] -> MB_MLL3 -> [MB_CA.MB_MLL3, MB_CA.MB_VLL3]",MB_CA.MB_ML,2,MB_CA.MB_PED,3,MB_CA.MB_ML,3,MB_CA.MB_VL,3
9715591440,mixed,mix->lat,mix,lat,1,0,3,52,1,1.0,3801,73.096,MB_ML,3,2,2,"[MB_CA.MB_MLL2, MB_CA.MB_VLL3] -> MB_MLL3 -> [MB_CA.MB_MLL3, MB_CA.MB_PEDL3]",MB_CA.MB_ML,2,MB_CA.MB_VL,3,MB_CA.MB_ML,3,MB_CA.MB_PED,3
9293094102,mixed,mix->lat,mix,lat,1,0,3,2282,23,1.241,24838,10.884,LO,3,2,2,"[LOL2, MEL3] -> LOL3 -> [LO.LOPL3, ME.LOL3]",LO,2,ME,3,LO.LOP,3,ME.LO,3
8875010585,mixed,mix->lat,mix,lat,1,0,3,2282,15,1.118,25496,11.173,LO,3,2,2,"[ME.LOL3, ME.LOPL2] -> LOL3 -> [MEL3, ME.LOPL3]",ME.LO,3,ME.LOP,2,ME,3,ME.LOP,3
8555808444,mixed,mix->lat,mix,lat,1,0,3,2282,3,1.951,24440,10.71,LO,3,2,2,"[LO.LOPL2, MEL3] -> LOL3 -> [LO.LOPL3, ME.LOL3]",LO.LOP,2,ME,3,LO.LOP,3,ME.LO,3
8411130234,mixed,mix->lat,mix,lat,1,0,3,2282,10,1.057,48490,21.249,LO,3,2,2,"[LO.LOPL3, MEL2] -> LOL3 -> [MEL3, ME.LOL3]",LO.LOP,3,ME,2,ME,3,ME.LO,3
8337747749,mixed,mix->lat,mix,lat,1,0,3,2282,25,1.169,24414,10.699,LO,3,2,2,"[LOL2, MEL3] -> LOL3 -> [ME.LOL3, ME.LOPL3]",LO,2,ME,3,ME.LO,3,ME.LOP,3
8244179616,mixed,mix->lat,mix,lat,1,0,3,1,1,1.0,3650,3650.0,MB_ML.MB_CA,3,2,2,"[MB_CA.CREL3, MB_CA.MB_MLL2] -> MB_ML.MB_CAL3 -> [MB_CA.MB_MLL3, MB_CA.MB_VLL3]",MB_CA.CRE,3,MB_CA.MB_ML,2,MB_CA.MB_ML,3,MB_CA.MB_VL,3
8244179616,mixed,mix->lat,mix,lat,1,0,3,1,1,1.0,3650,3650.0,MB_ML.MB_CA,3,2,2,"[MB_CA.MB_MLL2, MB_CA.MB_MLL3] -> MB_ML.MB_CAL3 -> [MB_CA.CREL3, MB_CA.MB_VLL3]",MB_CA.MB_ML,2,MB_CA.MB_ML,3,MB_CA.CRE,3,MB_CA.MB_VL,3
8244179616,mixed,mix->lat,mix,lat,1,0,3,1,1,1.0,3650,3650.0,MB_ML.MB_CA,3,2,2,"[MB_CA.MB_MLL2, MB_CA.MB_VLL3] -> MB_ML.MB_CAL3 -> [MB_CA.CREL3, MB_CA.MB_MLL3]",MB_CA.MB_ML,2,MB_CA.MB_VL,3,MB_CA.CRE,3,MB_CA.MB_ML,3
8114961425,mixed,mix->lat,mix,lat,1,0,3,2282,21,1.07,29878,13.093,LO,3,2,2,"[ME.LOL2, ME.LOPL3] -> LOL3 -> [MEL3, ME.LOL3]",ME.LO,2,ME.LOP,3,ME,3,ME.LO,3
7975768000,mixed,mix->lat,mix,lat,0,1,3,2282,9,1.136,20046,8.784,LO,3,2,2,"[MEL4, ME.LOPL3] -> LOL3 -> [LO.LOPL3, MEL3]",ME,4,ME.LOP,3,LO.LOP,3,ME,3
7968733280,mixed,mix->lat,mix,lat,0,1,3,2282,2,1.02,24611,10.785,LO,3,2,2,"[LO.LOPL4, ME.LOL3] -> LOL3 -> [LO.LOPL3, MEL3]",LO.LOP,4,ME.LO,3,LO.LOP,3,ME,3
7672521848,mixed,mix->lat,mix,lat,0,1,3,2282,2,1.287,18588,8.145,LO,3,2,2,"[ME.LOPL3, ME.LOPL4] -> LOL3 -> [LO.LOPL3, MEL3]",ME.LOP,3,ME.LOP,4,LO.LOP,3,ME,3
7507745920,mixed,mix->lat,mix,lat,1,1,2,2282,3,1.038,16930,7.419,LO,3,2,2,"[LOL2, LO.LOPL4] -> LOL3 -> [LO.LOPL3, MEL3]",LO,2,LO.LOP,4,LO.LOP,3,ME,3
7371568640,mixed,mix->lat,mix,lat,0,1,3,2282,2,1.014,24187,10.599,LO,3,2,2,"[LO.LOPL4, ME.LOL3] -> LOL3 -> [MEL3, ME.LOPL3]",LO.LOP,4,ME.LO,3,ME,3,ME.LOP,3
7233722220,mixed,mix->lat,mix,lat,0,1,3,2282,7,1.089,17764,7.784,LO,3,2,2,"[LOL4, ME.LOL3] -> LOL3 -> [LO.LOPL3, ME.LOPL3]",LO,4,ME.LO,3,LO.LOP,3,ME.LOP,3
7007576996,mixed,mix->lat,mix,lat,1,1,2,2282,7,1.166,10083,4.418,LO,3,2,2,"[LOL2, LOL4] -> LOL3 -> [LO.LOPL3, ME.LOPL3]",LO,2,LO,4,LO.LOP,3,ME.LOP,3
6926901120,mixed,mix->lat,mix,lat,1,1,2,2282,2,1.026,16506,7.233,LO,3,2,2,"[LOL2, LO.LOPL4] -> LOL3 -> [MEL3, ME.LOPL3]",LO,2,LO.LOP,4,ME,3,ME.LOP,3
6855252842,mixed,mix->lat,mix,lat,1,1,2,2282,12,1.84,32684,14.323,LO,3,2,2,"[MEL2, PVLP.LOL4] -> LOL3 -> [LO.LOPL3, ME.LOPL3]",ME,2,PVLP.LO,4,LO.LOP,3,ME.LOP,3
6603169348,mixed,mix->lat,mix,lat,0,1,3,2282,8,1.197,18201,7.976,LO,3,2,2,"[MEL4, ME.LOPL3] -> LOL3 -> [LO.LOPL3, ME.LOL3]",ME,4,ME.LOP,3,LO.LOP,3,ME.LO,3
6539805386,mixed,mix->lat,mix,lat,1,0,3,2282,4,1.999,24016,10.524,LO,3,2,2,"[LO.LOPL2, MEL3] -> LOL3 -> [ME.LOL3, ME.LOPL3]",LO.LOP,2,ME,3,ME.LO,3,ME.LOP,3
6528888388,mixed,mix->lat,mix,lat,0,1,3,2282,2,1.406,16743,7.337,LO,3,2,2,"[ME.LOPL3, ME.LOPL4] -> LOL3 -> [LO.LOPL3, ME.LOL3]",ME.LOP,3,ME.LOP,4,LO.LOP,3,ME.LO,3
6229818783,mixed,mix->lat,mix,lat,1,1,2,2282,5,1.412,10114,4.432,LO,3,2,2,"[ME.LOPL2, PVLP.LOL4] -> LOL3 -> [LO.LOPL3, ME.LOPL3]",ME.LOP,2,PVLP.LO,4,LO.LOP,3,ME.LOP,3
6092040105,mixed,mix->lat,mix,lat,1,1,2,2282,2,1.055,15085,6.61,LO,3,2,2,"[LOL2, LO.LOPL4] -> LOL3 -> [LO.LOPL3, ME.LOL3]",LO,2,LO.LOP,4,LO.LOP,3,ME.LO,3
5983184232,mixed,mix->lat,mix,lat,1,1,2,2282,12,1.632,14496,6.352,LO,3,2,2,"[ME.LOL2, PVLP.LOL4] -> LOL3 -> [LO.LOPL3, ME.LOPL3]",ME.LO,2,PVLP.LO,4,LO.LOP,3,ME.LOP,3
5833029944,mixed,mix->lat,mix,lat,0,1,3,2282,5,1.06,19609,8.593,LO,3,2,2,"[LOL4, ME.LOPL3] -> LOL3 -> [LO.LOPL3, MEL3]",LO,4,ME.LOP,3,LO.LOP,3,ME,3
5832947794,mixed,mix->lat,mix,lat,1,0,3,2282,10,1.116,25496,11.173,LO,3,2,2,"[ME.LOPL2, ME.LOPL3] -> LOL3 -> [MEL3, ME.LOL3]",ME.LOP,2,ME.LOP,3,ME,3,ME.LO,3
5738443509,mixed,mix->lat,mix,lat,1,1,2,2282,17,1.123,41223,18.064,LO,3,2,2,"[MEL2, MEL4] -> LOL3 -> [LO.LOPL3, MEL3]",ME,2,ME,4,LO.LOP,3,ME,3
5606698140,mixed,mix->lat,mix,lat,1,1,2,2282,2,1.038,14661,6.425,LO,3,2,2,"[LOL2, LO.LOPL4] -> LOL3 -> [ME.LOL3, ME.LOPL3]",LO,2,LO.LOP,4,ME.LO,3,ME.LOP,3
5546606384,mixed,mix->lat,mix,lat,1,0,3,2282,10,1.087,30302,13.279,LO,3,2,2,"[LO.LOPL3, ME.LOL2] -> LOL3 -> [MEL3, ME.LOL3]",LO.LOP,3,ME.LO,2,ME,3,ME.LO,3
5538795120,mixed,mix->lat,mix,lat,1,0,3,52,1,1.0,3511,67.519,MB_ML,3,2,2,"[MB_CA.CREL3, MB_CA.MB_MLL2] -> MB_MLL3 -> [MB_CA.MB_MLL3, MB_CA.MB_PEDL3]",MB_CA.CRE,3,MB_CA.MB_ML,2,MB_CA.MB_ML,3,MB_CA.MB_PED,3
5538795120,mixed,mix->lat,mix,lat,1,0,3,52,1,1.0,3511,67.519,MB_ML,3,2,2,"[MB_CA.MB_MLL2, MB_CA.MB_MLL3] -> MB_MLL3 -> [MB_CA.CREL3, MB_CA.MB_PEDL3]",MB_CA.MB_ML,2,MB_CA.MB_ML,3,MB_CA.CRE,3,MB_CA.MB_PED,3
5538795120,mixed,mix->lat,mix,lat,1,0,3,52,1,1.0,3511,67.519,MB_ML,3,2,2,"[MB_CA.MB_MLL2, MB_CA.MB_PEDL3] -> MB_MLL3 -> [MB_CA.CREL3, MB_CA.MB_MLL3]",MB_CA.MB_ML,2,MB_CA.MB_PED,3,MB_CA.CRE,3,MB_CA.MB_ML,3
5527968120,mixed,mix->lat,mix,lat,1,0,3,1,1,1.0,2952,2952.0,MB_ML.MB_CA,3,2,2,"[MB_CA.CREL3, MB_CA.MB_VLL2] -> MB_ML.MB_CAL3 -> [MB_CA.MB_MLL3, MB_CA.MB_VLL3]",MB_CA.CRE,3,MB_CA.MB_VL,2,MB_CA.MB_ML,3,MB_CA.MB_VL,3
5527968120,mixed,mix->lat,mix,lat,1,0,3,1,1,1.0,2952,2952.0,MB_ML.MB_CA,3,2,2,"[MB_CA.MB_MLL3, MB_CA.MB_VLL2] -> MB_ML.MB_CAL3 -> [MB_CA.CREL3, MB_CA.MB_VLL3]",MB_CA.MB_ML,3,MB_CA.MB_VL,2,MB_CA.CRE,3,MB_CA.MB_VL,3
5527968120,mixed,mix->lat,mix,lat,1,0,3,1,1,1.0,2952,2952.0,MB_ML.MB_CA,3,2,2,"[MB_CA.MB_VLL2, MB_CA.MB_VLL3] -> MB_ML.MB_CAL3 -> [MB_CA.CREL3, MB_CA.MB_MLL3]",MB_CA.MB_VL,2,MB_CA.MB_VL,3,MB_CA.CRE,3,MB_CA.MB_ML,3
5484331708,mixed,mix->lat,mix,lat,1,1,2,2282,2,1.259,39765,17.426,LO,3,2,2,"[MEL2, ME.LOPL4] -> LOL3 -> [LO.LOPL3, MEL3]",ME,2,ME.LOP,4,LO.LOP,3,ME,3
5455402840,mixed,mix->lat,mix,lat,1,1,2,2282,2,1.998,9685,4.244,LO,3,2,2,"[LOL4, LO.LOPL2] -> LOL3 -> [LO.LOPL3, ME.LOPL3]",LO,4,LO.LOP,2,LO.LOP,3,ME.LOP,3
5376638880,mixed,mix->lat,mix,lat,1,0,3,1,1,1.0,3595,3595.0,MB_ML.MB_CA,3,2,2,"[MB_CA.MB_MLL2, PLP.CREL3] -> MB_ML.MB_CAL3 -> [MB_CA.MB_MLL3, MB_CA.MB_VLL3]",MB_CA.MB_ML,2,PLP.CRE,3,MB_CA.MB_ML,3,MB_CA.MB_VL,3
5230741606,mixed,mix->lat,mix,lat,1,1,2,2282,22,1.086,40799,17.879,LO,3,2,2,"[MEL2, MEL4] -> LOL3 -> [MEL3, ME.LOPL3]",ME,2,ME,4,ME,3,ME.LOP,3
5125075248,mixed,mix->lat,mix,lat,1,0,3,2282,3,1.0,10160,4.452,LO,3,2,2,"[LO.MEL3, ME.LOPL2] -> LOL3 -> [LO.LOPL3, ME.LOPL3]",LO.ME,3,ME.LOP,2,LO.LOP,3,ME.LOP,3
5018196288,mixed,mix->lat,mix,lat,1,0,3,1,1,1.0,3595,3595.0,MB_ML.MB_CA,3,2,2,"[MB_CA.MB_MLL2, MB_CA.MB_MLL3] -> MB_ML.MB_CAL3 -> [MB_CA.MB_VLL3, PLP.CREL3]",MB_CA.MB_ML,2,MB_CA.MB_ML,3,MB_CA.MB_VL,3,PLP.CRE,3
5018196288,mixed,mix->lat,mix,lat,1,0,3,1,1,1.0,3595,3595.0,MB_ML.MB_CA,3,2,2,"[MB_CA.MB_MLL2, MB_CA.MB_VLL3] -> MB_ML.MB_CAL3 -> [MB_CA.MB_MLL3, PLP.CREL3]",MB_CA.MB_ML,2,MB_CA.MB_VL,3,MB_CA.MB_ML,3,PLP.CRE,3
4973453012,mixed,mix->lat,mix,lat,0,1,3,2282,8,1.118,20046,8.784,LO,3,2,2,"[LO.LOPL3, MEL4] -> LOL3 -> [MEL3, ME.LOPL3]",LO.LOP,3,ME,4,ME,3,ME.LOP,3
4908873280,mixed,mix->lat,mix,lat,1,1,2,2282,2,1.182,39341,17.24,LO,3,2,2,"[MEL2, ME.LOPL4] -> LOL3 -> [MEL3, ME.LOPL3]",ME,2,ME.LOP,4,ME,3,ME.LOP,3
4849434422,mixed,mix->lat,mix,lat,0,1,3,2282,4,1.014,24187,10.599,LO,3,2,2,"[LO.LOPL4, ME.LOPL3] -> LOL3 -> [MEL3, ME.LOL3]",LO.LOP,4,ME.LOP,3,ME,3,ME.LO,3
4755489496,mixed,mix->lat,mix,lat,0,1,3,2282,5,1.087,17764,7.784,LO,3,2,2,"[LOL4, ME.LOPL3] -> LOL3 -> [LO.LOPL3, ME.LOL3]",LO,4,ME.LOP,3,LO.LOP,3,ME.LO,3
4742620800,mixed,mix->lat,mix,lat,0,1,3,2282,2,1.249,18588,8.145,LO,3,2,2,"[LO.LOPL3, ME.LOPL4] -> LOL3 -> [MEL3, ME.LOPL3]",LO.LOP,3,ME.LOP,4,ME,3,ME.LOP,3
4738140292,mixed,mix->lat,mix,lat,1,1,2,2282,14,1.177,39378,17.256,LO,3,2,2,"[MEL2, MEL4] -> LOL3 -> [LO.LOPL3, ME.LOL3]",ME,2,ME,4,LO.LOP,3,ME.LO,3
4666543920,mixed,mix->lat,mix,lat,1,0,3,52,1,1.0,3650,70.192,MB_ML,3,2,2,"[MB_CA.CREL3, MB_CA.MB_MLL2] -> MB_MLL3 -> [MB_CA.MB_MLL3, MB_CA.MB_VLL3]",MB_CA.CRE,3,MB_CA.MB_ML,2,MB_CA.MB_ML,3,MB_CA.MB_VL,3
4666543920,mixed,mix->lat,mix,lat,1,0,3,52,1,1.0,3650,70.192,MB_ML,3,2,2,"[MB_CA.MB_MLL2, MB_CA.MB_MLL3] -> MB_MLL3 -> [MB_CA.CREL3, MB_CA.MB_VLL3]",MB_CA.MB_ML,2,MB_CA.MB_ML,3,MB_CA.CRE,3,MB_CA.MB_VL,3
4666543920,mixed,mix->lat,mix,lat,1,0,3,52,1,1.0,3650,70.192,MB_ML,3,2,2,"[MB_CA.MB_MLL2, MB_CA.MB_VLL3] -> MB_MLL3 -> [MB_CA.CREL3, MB_CA.MB_MLL3]",MB_CA.MB_ML,2,MB_CA.MB_VL,3,MB_CA.CRE,3,MB_CA.MB_ML,3
4649379532,mixed,mix->lat,mix,lat,0,1,3,2282,12,1.7,18558,8.132,LO,3,2,2,"[MEL3, PVLP.LOL4] -> LOL3 -> [LO.LOPL3, ME.LOPL3]",ME,3,PVLP.LO,4,LO.LOP,3,ME.LOP,3
4644095978,mixed,mix->lat,mix,lat,1,1,2,2282,2,1.368,37920,16.617,LO,3,2,2,"[MEL2, ME.LOPL4] -> LOL3 -> [LO.LOPL3, ME.LOL3]",ME,2,ME.LOP,4,LO.LOP,3,ME.LO,3
4437881198,mixed,mix->lat,mix,lat,1,0,3,2282,8,1.0,32730,14.343,LO,3,2,2,"[LO.MEL3, MEL2] -> LOL3 -> [LO.LOPL3, ME.LOPL3]",LO.ME,3,ME,2,LO.LOP,3,ME.LOP,3
4412189682,mixed,mix->lat,mix,lat,1,0,3,2282,8,1.0,14542,6.372,LO,3,2,2,"[LO.MEL3, ME.LOL2] -> LOL3 -> [LO.LOPL3, ME.LOPL3]",LO.ME,3,ME.LO,2,LO.LOP,3,ME.LOP,3
4286914669,mixed,mix->lat,mix,lat,1,1,2,2282,19,1.124,38954,17.07,LO,3,2,2,"[MEL2, MEL4] -> LOL3 -> [ME.LOL3, ME.LOPL3]",ME,2,ME,4,ME.LO,3,ME.LOP,3
4211746965,mixed,mix->lat,mix,lat,1,1,2,2282,7,1.054,40786,17.873,LO,3,2,2,"[LOL4, MEL2] -> LOL3 -> [LO.LOPL3, MEL3]",LO,4,ME,2,LO.LOP,3,ME,3
4159265376,mixed,mix->lat,mix,lat,0,1,3,35,1,1.0,12724,363.543,PVLP.LO,3,2,2,"[LO.PVLPL3, LO.PVLPL4] -> PVLP.LOL3 -> [LOL3, ME.LOL3]",LO.PVLP,3,LO.PVLP,4,LO,3,ME.LO,3
4102730923,mixed,mix->lat,mix,lat,0,1,3,2282,5,1.17,18201,7.976,LO,3,2,2,"[LO.LOPL3, MEL4] -> LOL3 -> [ME.LOL3, ME.LOPL3]",LO.LOP,3,ME,4,ME.LO,3,ME.LOP,3
4099225040,mixed,mix->lat,mix,lat,1,1,2,2282,2,1.261,37496,16.431,LO,3,2,2,"[MEL2, ME.LOPL4] -> LOL3 -> [ME.LOL3, ME.LOPL3]",ME,2,ME.LOP,4,ME.LO,3,ME.LOP,3
4056241728,mixed,mix->lat,mix,lat,1,0,3,1,1,1.0,3511,3511.0,MB_ML.MB_CA,3,2,2,"[MB_CA.MB_MLL2, MB_CA.MB_PEDL3] -> MB_ML.MB_CAL3 -> [MB_CA.CREL3, MB_CA.MB_MLL3]",MB_CA.MB_ML,2,MB_CA.MB_PED,3,MB_CA.CRE,3,MB_CA.MB_ML,3
4029902496,mixed,mix->lat,mix,lat,1,0,3,1,1,1.0,3511,3511.0,MB_ML.MB_CA,3,2,2,"[MB_CA.CREL3, MB_CA.MB_MLL2] -> MB_ML.MB_CAL3 -> [MB_CA.MB_MLL3, MB_CA.MB_PEDL3]",MB_CA.CRE,3,MB_CA.MB_ML,2,MB_CA.MB_ML,3,MB_CA.MB_PED,3
4029902496,mixed,mix->lat,mix,lat,1,0,3,1,1,1.0,3511,3511.0,MB_ML.MB_CA,3,2,2,"[MB_CA.MB_MLL2, MB_CA.MB_MLL3] -> MB_ML.MB_CAL3 -> [MB_CA.CREL3, MB_CA.MB_PEDL3]",MB_CA.MB_ML,2,MB_CA.MB_ML,3,MB_CA.CRE,3,MB_CA.MB_PED,3
4009250640,mixed,mix->lat,mix,lat,0,1,3,2282,2,1.355,16743,7.337,LO,3,2,2,"[LO.LOPL3, ME.LOPL4] -> LOL3 -> [ME.LOL3, ME.LOPL3]",LO.LOP,3,ME.LOP,4,ME.LO,3,ME.LOP,3
4006860905,mixed,mix->lat,mix,lat,1,0,3,2282,6,1.144,25920,11.358,LO,3,2,2,"[LO.LOPL3, ME.LOPL2] -> LOL3 -> [MEL3, ME.LOL3]",LO.LOP,3,ME.LOP,2,ME,3,ME.LO,3
3886477830,mixed,mix->lat,mix,lat,1,1,2,2282,3,1.41,16532,7.245,LO,3,2,2,"[LO.LOPL2, LO.LOPL4] -> LOL3 -> [LO.LOPL3, MEL3]",LO.LOP,2,LO.LOP,4,LO.LOP,3,ME,3
3876741890,mixed,mix->lat,mix,lat,1,1,2,2282,8,1.038,40362,17.687,LO,3,2,2,"[LOL4, MEL2] -> LOL3 -> [MEL3, ME.LOPL3]",LO,4,ME,2,ME,3,ME.LOP,3
3843892203,mixed,mix->lat,mix,lat,1,1,2,2282,17,1.187,23035,10.094,LO,3,2,2,"[MEL4, ME.LOL2] -> LOL3 -> [LO.LOPL3, MEL3]",ME,4,ME.LO,2,LO.LOP,3,ME,3
3783808108,mixed,mix->lat,mix,lat,1,1,2,2282,2,1.387,21577,9.455,LO,3,2,2,"[ME.LOL2, ME.LOPL4] -> LOL3 -> [LO.LOPL3, MEL3]",ME.LO,2,ME.LOP,4,LO.LOP,3,ME,3
3654704640,mixed,mix->lat,mix,lat,0,1,3,2282,2,1.052,19609,8.593,LO,3,2,2,"[LOL4, LO.LOPL3] -> LOL3 -> [MEL3, ME.LOPL3]",LO,4,LO.LOP,3,ME,3,ME.LOP,3
3605196600,mixed,mix->lat,mix,lat,1,0,3,1,1,1.0,2897,2897.0,MB_ML.MB_CA,3,2,2,"[MB_CA.MB_VLL2, PLP.CREL3] -> MB_ML.MB_CAL3 -> [MB_CA.MB_MLL3, MB_CA.MB_VLL3]",MB_CA.MB_VL,2,PLP.CRE,3,MB_CA.MB_ML,3,MB_CA.MB_VL,3
3509506646,mixed,mix->lat,mix,lat,1,1,2,2282,3,1.012,45364,19.879,LO,3,2,2,"[LO.LOPL4, MEL2] -> LOL3 -> [MEL3, ME.LOL3]",LO.LOP,4,ME,2,ME,3,ME.LO,3
3473344508,mixed,mix->lat,mix,lat,1,1,2,2282,21,1.131,22611,9.908,LO,3,2,2,"[MEL4, ME.LOL2] -> LOL3 -> [MEL3, ME.LOPL3]",ME,4,ME.LO,2,ME,3,ME.LOP,3
3429308176,mixed,mix->lat,mix,lat,1,1,2,2282,8,1.078,38941,17.064,LO,3,2,2,"[LOL4, MEL2] -> LOL3 -> [LO.LOPL3, ME.LOL3]",LO,4,ME,2,LO.LOP,3,ME.LO,3
3412588160,mixed,mix->lat,mix,lat,1,1,2,2282,2,1.292,16108,7.059,LO,3,2,2,"[LO.LOPL2, LO.LOPL4] -> LOL3 -> [MEL3, ME.LOPL3]",LO.LOP,2,LO.LOP,4,ME,3,ME.LOP,3
3375830665,mixed,mix->lat,mix,lat,1,1,2,2282,2,1.567,14687,6.436,LO,3,2,2,"[LO.LOPL2, LO.LOPL4] -> LOL3 -> [LO.LOPL3, ME.LOL3]",LO.LOP,2,LO.LOP,4,LO.LOP,3,ME.LO,3
3364850160,mixed,mix->lat,mix,lat,1,0,3,1,1,1.0,2897,2897.0,MB_ML.MB_CA,3,2,2,"[MB_CA.MB_MLL3, MB_CA.MB_VLL2] -> MB_ML.MB_CAL3 -> [MB_CA.MB_VLL3, PLP.CREL3]",MB_CA.MB_ML,3,MB_CA.MB_VL,2,MB_CA.MB_VL,3,PLP.CRE,3
3364850160,mixed,mix->lat,mix,lat,1,0,3,1,1,1.0,2897,2897.0,MB_ML.MB_CA,3,2,2,"[MB_CA.MB_VLL2, MB_CA.MB_VLL3] -> MB_ML.MB_CAL3 -> [MB_CA.MB_MLL3, PLP.CREL3]",MB_CA.MB_VL,2,MB_CA.MB_VL,3,MB_CA.MB_ML,3,PLP.CRE,3
3332011840,mixed,mix->lat,mix,lat,1,1,2,2282,2,1.275,21153,9.27,LO,3,2,2,"[ME.LOL2, ME.LOPL4] -> LOL3 -> [MEL3, ME.LOPL3]",ME.LO,2,ME.LOP,4,ME,3,ME.LOP,3
3301114239,mixed,mix->lat,mix,lat,1,0,3,2282,6,1.0,18451,8.085,LO,3,2,2,"[GNG.MEL2, MEL3] -> LOL3 -> [LO.LOPL3, ME.LOPL3]",GNG.ME,2,ME,3,LO.LOP,3,ME.LOP,3
3293065958,mixed,mix->lat,mix,lat,0,1,3,2282,3,1.017,24611,10.785,LO,3,2,2,"[LO.LOPL3, LO.LOPL4] -> LOL3 -> [MEL3, ME.LOL3]",LO.LOP,3,LO.LOP,4,ME,3,ME.LO,3
3274369148,mixed,mix->lat,mix,lat,1,1,2,2282,2,1.538,19732,8.647,LO,3,2,2,"[ME.LOL2, ME.LOPL4] -> LOL3 -> [LO.LOPL3, ME.LOL3]",ME.LO,2,ME.LOP,4,LO.LOP,3,ME.LO,3
3268797120,mixed,mix->lat,mix,lat,1,1,2,52,1,1.0,3420,65.769,MB_ML,3,2,2,"[MB_CA.MB_MLL2, MB_CA.MB_MLL4] -> MB_MLL3 -> [MB_CA.MB_MLL3, MB_CA.MB_PEDL3]",MB_CA.MB_ML,2,MB_CA.MB_ML,4,MB_CA.MB_ML,3,MB_CA.MB_PED,3
3212919643,mixed,mix->lat,mix,lat,1,1,2,2282,14,1.268,21190,9.286,LO,3,2,2,"[MEL4, ME.LOL2] -> LOL3 -> [LO.LOPL3, ME.LOL3]",ME,4,ME.LO,2,LO.LOP,3,ME.LO,3
3145503626,mixed,mix->lat,mix,lat,1,1,2,2282,9,1.055,38517,16.879,LO,3,2,2,"[LOL4, MEL2] -> LOL3 -> [ME.LOL3, ME.LOPL3]",LO,4,ME,2,ME.LO,3,ME.LOP,3
3087197280,mixed,mix->lat,mix,lat,1,0,3,52,1,1.0,3430,65.962,MB_ML,3,2,2,"[MB_CA.MB_MLL2, MB_CA.MB_MLL3] -> MB_MLL3 -> [MB_CA.MB_PEDL3, PLP.MB_MLL3]",MB_CA.MB_ML,2,MB_CA.MB_ML,3,MB_CA.MB_PED,3,PLP.MB_ML,3
3087197280,mixed,mix->lat,mix,lat,1,0,3,52,1,1.0,3430,65.962,MB_ML,3,2,2,"[MB_CA.MB_MLL2, MB_CA.MB_PEDL3] -> MB_MLL3 -> [MB_CA.MB_MLL3, PLP.MB_MLL3]",MB_CA.MB_ML,2,MB_CA.MB_PED,3,MB_CA.MB_ML,3,PLP.MB_ML,3
3087197280,mixed,mix->lat,mix,lat,1,0,3,52,1,1.0,3430,65.962,MB_ML,3,2,2,"[MB_CA.MB_MLL2, PLP.MB_MLL3] -> MB_MLL3 -> [MB_CA.MB_MLL3, MB_CA.MB_PEDL3]",MB_CA.MB_ML,2,PLP.MB_ML,3,MB_CA.MB_ML,3,MB_CA.MB_PED,3
2998822373,mixed,mix->lat,mix,lat,1,0,3,2282,23,1.98,18451,8.085,LO,3,2,2,"[AVLP.MEL2, MEL3] -> LOL3 -> [LO.LOPL3, ME.LOPL3]",AVLP.ME,2,ME,3,LO.LOP,3,ME.LOP,3
2974446960,mixed,mix->lat,mix,lat,0,1,3,2282,2,1.075,17764,7.784,LO,3,2,2,"[LOL4, LO.LOPL3] -> LOL3 -> [ME.LOL3, ME.LOPL3]",LO,4,LO.LOP,3,ME.LO,3,ME.LOP,3
2951540184,mixed,mix->lat,mix,lat,1,1,2,2282,2,1.599,17195,7.535,LO,3,2,2,"[ME.LOPL2, ME.LOPL4] -> LOL3 -> [LO.LOPL3, MEL3]",ME.LOP,2,ME.LOP,4,LO.LOP,3,ME,3
2906489020,mixed,mix->lat,mix,lat,1,1,2,2282,2,1.413,14263,6.25,LO,3,2,2,"[LO.LOPL2, LO.LOPL4] -> LOL3 -> [ME.LOL3, ME.LOPL3]",LO.LOP,2,LO.LOP,4,ME.LO,3,ME.LOP,3
2872307699,mixed,mix->lat,mix,lat,1,1,2,2282,18,1.188,20766,9.1,LO,3,2,2,"[MEL4, ME.LOL2] -> LOL3 -> [ME.LOL3, ME.LOPL3]",ME,4,ME.LO,2,ME.LO,3,ME.LOP,3
2854746719,mixed,mix->lat,mix,lat,1,1,2,2282,8,1.304,18653,8.174,LO,3,2,2,"[MEL4, ME.LOPL2] -> LOL3 -> [LO.LOPL3, MEL3]",ME,4,ME.LOP,2,LO.LOP,3,ME,3
2829481160,mixed,mix->lat,mix,lat,1,1,2,2282,2,1.39,19308,8.461,LO,3,2,2,"[ME.LOL2, ME.LOPL4] -> LOL3 -> [ME.LOL3, ME.LOPL3]",ME.LO,2,ME.LOP,4,ME.LO,3,ME.LOP,3
2775318080,mixed,mix->lat,mix,lat,1,1,2,2282,9,1.083,22598,9.903,LO,3,2,2,"[LOL4, ME.LOL2] -> LOL3 -> [LO.LOPL3, MEL3]",LO,4,ME.LO,2,LO.LOP,3,ME,3
2754025920,mixed,mix->lat,mix,lat,1,1,2,52,1,1.0,3559,68.442,MB_ML,3,2,2,"[MB_CA.MB_MLL2, MB_CA.MB_MLL4] -> MB_MLL3 -> [MB_CA.MB_MLL3, MB_CA.MB_VLL3]",MB_CA.MB_ML,2,MB_CA.MB_ML,4,MB_CA.MB_ML,3,MB_CA.MB_VL,3
2728711928,mixed,mix->lat,mix,lat,0,1,3,2282,2,1.478,23794,10.427,LO,3,2,2,"[MEL3, ME.LOPL4] -> LOL3 -> [LO.LOPL3, ME.LOL3]",ME,3,ME.LOP,4,LO.LOP,3,ME.LO,3
2719830960,mixed,mix->lat,mix,lat,1,0,3,1,1,1.0,2813,2813.0,MB_ML.MB_CA,3,2,2,"[MB_CA.MB_PEDL3, MB_CA.MB_VLL2] -> MB_ML.MB_CAL3 -> [MB_CA.CREL3, MB_CA.MB_MLL3]",MB_CA.MB_PED,3,MB_CA.MB_VL,2,MB_CA.CRE,3,MB_CA.MB_ML,3
2714912684,mixed,mix->lat,mix,lat,0,1,3,2282,14,1.235,25252,11.066,LO,3,2,2,"[MEL3, MEL4] -> LOL3 -> [LO.LOPL3, ME.LOL3]",ME,3,ME,4,LO.LOP,3,ME.LO,3
2702169720,mixed,mix->lat,mix,lat,1,0,3,1,1,1.0,2813,2813.0,MB_ML.MB_CA,3,2,2,"[MB_CA.CREL3, MB_CA.MB_VLL2] -> MB_ML.MB_CAL3 -> [MB_CA.MB_MLL3, MB_CA.MB_PEDL3]",MB_CA.CRE,3,MB_CA.MB_VL,2,MB_CA.MB_ML,3,MB_CA.MB_PED,3
2702169720,mixed,mix->lat,mix,lat,1,0,3,1,1,1.0,2813,2813.0,MB_ML.MB_CA,3,2,2,"[MB_CA.MB_MLL3, MB_CA.MB_VLL2] -> MB_ML.MB_CAL3 -> [MB_CA.CREL3, MB_CA.MB_PEDL3]",MB_CA.MB_ML,3,MB_CA.MB_VL,2,MB_CA.CRE,3,MB_CA.MB_PED,3
2641748244,mixed,mix->lat,mix,lat,1,1,2,2282,2,1.783,15350,6.727,LO,3,2,2,"[ME.LOPL2, ME.LOPL4] -> LOL3 -> [LO.LOPL3, ME.LOL3]",ME.LOP,2,ME.LOP,4,LO.LOP,3,ME.LO,3
2628197280,mixed,mix->lat,mix,lat,1,0,3,1,1,1.0,3456,3456.0,MB_ML.MB_CA,3,2,2,"[MB_CA.MB_MLL2, PLP.CREL3] -> MB_ML.MB_CAL3 -> [MB_CA.MB_MLL3, MB_CA.MB_PEDL3]",MB_CA.MB_ML,2,PLP.CRE,3,MB_CA.MB_ML,3,MB_CA.MB_PED,3
2601024480,mixed,mix->lat,mix,lat,1,0,3,52,1,1.0,3569,68.635,MB_ML,3,2,2,"[MB_CA.MB_MLL2, MB_CA.MB_MLL3] -> MB_MLL3 -> [MB_CA.MB_VLL3, PLP.MB_MLL3]",MB_CA.MB_ML,2,MB_CA.MB_ML,3,MB_CA.MB_VL,3,PLP.MB_ML,3
2601024480,mixed,mix->lat,mix,lat,1,0,3,52,1,1.0,3569,68.635,MB_ML,3,2,2,"[MB_CA.MB_MLL2, MB_CA.MB_VLL3] -> MB_MLL3 -> [MB_CA.MB_MLL3, PLP.MB_MLL3]",MB_CA.MB_ML,2,MB_CA.MB_VL,3,MB_CA.MB_ML,3,PLP.MB_ML,3
2616895275586,mixed,mix->mix,mix,mix,1,1,2,2282,11,1.782,34840,15.267,LO,3,2,2,"[MEL2, ME.LOPL3] -> LOL3 -> [LO.LOPL3, ME.LOPL2]",ME,2,ME.LOP,3,LO.LOP,3,ME.LOP,2
2308667966179,mixed,mix->mix,mix,mix,1,1,2,2282,11,1.573,16652,7.297,LO,3,2,2,"[ME.LOL2, ME.LOPL3] -> LOL3 -> [LO.LOPL3, ME.LOPL2]",ME.LO,2,ME.LOP,3,LO.LOP,3,ME.LOP,2
1883750708317,mixed,mix->mix,mix,mix,1,1,2,2282,9,1.966,39222,17.188,LO,3,2,2,"[MEL2, ME.LOPL3] -> LOL3 -> [LO.LOPL3, ME.LOL2]",ME,2,ME.LOP,3,LO.LOP,3,ME.LO,2
1604321829882,mixed,mix->mix,mix,mix,1,1,2,2282,5,1.557,16652,7.297,LO,3,2,2,"[ME.LOPL2, ME.LOPL3] -> LOL3 -> [LO.LOPL3, ME.LOL2]",ME.LOP,2,ME.LOP,3,LO.LOP,3,ME.LO,2
1545093280436,mixed,mix->mix,mix,mix,2,0,2,2282,4,1.46,33531,14.694,LO,3,2,2,"[MEL2, ME.LOPL3] -> LOL3 -> [LO.LOPL3, LO.LOPL4]",ME,2,ME.LOP,3,LO.LOP,3,LO.LOP,4
1495256797137,mixed,mix->mix,mix,mix,1,1,2,2282,8,1.851,34840,15.267,LO,3,2,2,"[LO.LOPL3, MEL2] -> LOL3 -> [ME.LOPL2, ME.LOPL3]",LO.LOP,3,ME,2,ME.LOP,2,ME.LOP,3
1302239404851,mixed,mix->mix,mix,mix,1,1,2,2282,8,1.644,16652,7.297,LO,3,2,2,"[LO.LOPL3, ME.LOL2] -> LOL3 -> [ME.LOPL2, ME.LOPL3]",LO.LOP,3,ME.LO,2,ME.LOP,2,ME.LOP,3
1198399617151,mixed,mix->mix,mix,mix,1,1,2,2282,18,1.692,41891,18.357,LO,3,2,2,"[MEL2, MEL3] -> LOL3 -> [LO.LOPL3, ME.LOPL2]",ME,2,ME,3,LO.LOP,3,ME.LOP,2
1112861171214,mixed,mix->mix,mix,mix,1,1,2,2282,6,1.634,33360,14.619,LO,3,2,2,"[MEL2, ME.LOPL3] -> LOL3 -> [LO.LOPL2, LO.LOPL3]",ME,2,ME.LOP,3,LO.LOP,2,LO.LOP,3
1108366778056,mixed,mix->mix,mix,mix,2,0,2,2282,4,1.655,15343,6.723,LO,3,2,2,"[ME.LOL2, ME.LOPL3] -> LOL3 -> [LO.LOPL3, LO.LOPL4]",ME.LO,2,ME.LOP,3,LO.LOP,3,LO.LOP,4
1093929750969,mixed,mix->mix,mix,mix,1,1,2,2282,6,1.993,39222,17.188,LO,3,2,2,"[LO.LOPL3, MEL2] -> LOL3 -> [ME.LOL2, ME.LOPL3]",LO.LOP,3,ME,2,ME.LO,2,ME.LOP,3
1080723159264,mixed,mix->mix,mix,mix,1,1,2,2282,4,1.277,10790,4.728,LO,3,2,2,"[ME.LOPL2, ME.LOPL3] -> LOL3 -> [LO.LOPL2, LO.LOPL3]",ME.LOP,2,ME.LOP,3,LO.LOP,2,LO.LOP,3
1073083583918,mixed,mix->mix,mix,mix,1,1,2,2282,18,1.492,23703,10.387,LO,3,2,2,"[MEL3, ME.LOL2] -> LOL3 -> [LO.LOPL3, ME.LOPL2]",ME,3,ME.LO,2,LO.LOP,3,ME.LOP,2
1005532377718,mixed,mix->mix,mix,mix,1,1,2,2282,6,1.443,15172,6.649,LO,3,2,2,"[ME.LOL2, ME.LOPL3] -> LOL3 -> [LO.LOPL2, LO.LOPL3]",ME.LO,2,ME.LOP,3,LO.LOP,2,LO.LOP,3
946070130156,mixed,mix->mix,mix,mix,2,0,2,2282,5,1.403,33531,14.694,LO,3,2,2,"[LO.LOPL3, MEL2] -> LOL3 -> [LO.LOPL4, ME.LOPL3]",LO.LOP,3,ME,2,LO.LOP,4,ME.LOP,3
917381746742,mixed,mix->mix,mix,mix,2,0,2,2282,3,1.893,10961,4.803,LO,3,2,2,"[ME.LOPL2, ME.LOPL3] -> LOL3 -> [LO.LOPL3, LO.LOPL4]",ME.LOP,2,ME.LOP,3,LO.LOP,3,LO.LOP,4
904056065560,mixed,mix->mix,mix,mix,1,1,2,2282,6,1.626,16652,7.297,LO,3,2,2,"[LO.LOPL3, ME.LOPL2] -> LOL3 -> [ME.LOL2, ME.LOPL3]",LO.LOP,3,ME.LOP,2,ME.LO,2,ME.LOP,3
870855962010,mixed,mix->mix,mix,mix,1,1,2,2282,21,1.867,41467,18.171,LO,3,2,2,"[MEL2, MEL3] -> LOL3 -> [ME.LOPL2, ME.LOPL3]",ME,2,ME,3,ME.LOP,2,ME.LOP,3
846184744141,mixed,mix->mix,mix,mix,1,1,2,2282,18,1.909,46273,20.277,LO,3,2,2,"[MEL2, MEL3] -> LOL3 -> [LO.LOPL3, ME.LOL2]",ME,2,ME,3,LO.LOP,3,ME.LO,2
755971943883,mixed,mix->mix,mix,mix,1,1,2,2282,21,1.661,23279,10.201,LO,3,2,2,"[MEL3, ME.LOL2] -> LOL3 -> [ME.LOPL2, ME.LOPL3]",ME,3,ME.LO,2,ME.LOP,2,ME.LOP,3
746529314787,mixed,mix->mix,mix,mix,1,1,2,2282,8,1.477,23703,10.387,LO,3,2,2,"[MEL3, ME.LOPL2] -> LOL3 -> [LO.LOPL3, ME.LOL2]",ME,3,ME.LOP,2,LO.LOP,3,ME.LO,2
671496313428,mixed,mix->mix,mix,mix,2,0,2,2282,5,1.584,15343,6.723,LO,3,2,2,"[LO.LOPL3, ME.LOL2] -> LOL3 -> [LO.LOPL4, ME.LOPL3]",LO.LOP,3,ME.LO,2,LO.LOP,4,ME.LOP,3
648329028998,mixed,mix->mix,mix,mix,2,0,2,2282,14,1.538,40582,17.784,LO,3,2,2,"[MEL2, MEL3] -> LOL3 -> [LO.LOPL3, LO.LOPL4]",ME,2,ME,3,LO.LOP,3,LO.LOP,4
639685878617,mixed,mix->mix,mix,mix,1,1,2,2282,17,1.997,45849,20.092,LO,3,2,2,"[MEL2, MEL3] -> LOL3 -> [ME.LOL2, ME.LOPL3]",ME,2,ME,3,ME.LO,2,ME.LOP,3
629978880311,mixed,mix->mix,mix,mix,1,1,2,2282,6,1.706,33360,14.619,LO,3,2,2,"[LO.LOPL3, MEL2] -> LOL3 -> [LO.LOPL2, ME.LOPL3]",LO.LOP,3,ME,2,LO.LOP,2,ME.LOP,3
598912446439,mixed,mix->mix,mix,mix,1,1,2,2282,6,1.319,10790,4.728,LO,3,2,2,"[LO.LOPL3, ME.LOPL2] -> LOL3 -> [LO.LOPL2, ME.LOPL3]",LO.LOP,3,ME.LOP,2,LO.LOP,2,ME.LOP,3
571364916380,mixed,mix->mix,mix,mix,1,1,2,2282,3,1.17,10790,4.728,LO,3,2,2,"[LO.LOPL2, ME.LOPL3] -> LOL3 -> [LO.LOPL3, ME.LOPL2]",LO.LOP,2,ME.LOP,3,LO.LOP,3,ME.LOP,2
562869116437,mixed,mix->mix,mix,mix,1,1,2,2282,6,1.504,15172,6.649,LO,3,2,2,"[LO.LOPL3, ME.LOL2] -> LOL3 -> [LO.LOPL2, ME.LOPL3]",LO.LOP,3,ME.LO,2,LO.LOP,2,ME.LOP,3
560236744058,mixed,mix->mix,mix,mix,2,0,2,2282,8,1.39,40158,17.598,LO,3,2,2,"[MEL2, MEL3] -> LOL3 -> [LO.LOPL4, ME.LOPL3]",ME,2,ME,3,LO.LOP,4,ME.LOP,3
551925544820,mixed,mix->mix,mix,mix,0,2,2,2282,2,1.898,10961,4.803,LO,3,2,2,"[LO.LOPL4, ME.LOPL3] -> LOL3 -> [LO.LOPL3, ME.LOPL2]",LO.LOP,4,ME.LOP,3,LO.LOP,3,ME.LOP,2
547200589017,mixed,mix->mix,mix,mix,2,0,2,2282,4,1.829,10961,4.803,LO,3,2,2,"[LO.LOPL3, ME.LOPL2] -> LOL3 -> [LO.LOPL4, ME.LOPL3]",LO.LOP,3,ME.LOP,2,LO.LOP,4,ME.LOP,3
524688681924,mixed,mix->mix,mix,mix,1,1,2,2282,9,1.644,23279,10.201,LO,3,2,2,"[MEL3, ME.LOPL2] -> LOL3 -> [ME.LOL2, ME.LOPL3]",ME,3,ME.LOP,2,ME.LO,2,ME.LOP,3
515154349653,mixed,mix->mix,mix,mix,1,1,2,2282,14,1.548,40411,17.709,LO,3,2,2,"[MEL2, MEL3] -> LOL3 -> [LO.LOPL2, LO.LOPL3]",ME,2,ME,3,LO.LOP,2,LO.LOP,3
512339637281,mixed,mix->mix,mix,mix,1,1,2,2282,7,1.233,17841,7.818,LO,3,2,2,"[MEL3, ME.LOPL2] -> LOL3 -> [LO.LOPL2, LO.LOPL3]",ME,3,ME.LOP,2,LO.LOP,2,LO.LOP,3
507592811416,mixed,mix->mix,mix,mix,2,1,1,2282,4,1.697,31714,13.897,LO,3,2,2,"[MEL2, ME.LOPL3] -> LOL3 -> [LO.LOPL4, ME.LOPL2]",ME,2,ME.LOP,3,LO.LOP,4,ME.LOP,2
471788476040,mixed,mix->mix,mix,mix,2,0,2,2282,12,1.745,22394,9.813,LO,3,2,2,"[MEL3, ME.LOL2] -> LOL3 -> [LO.LOPL3, LO.LOPL4]",ME,3,ME.LO,2,LO.LOP,3,LO.LOP,4
471422626997,mixed,mix->mix,mix,mix,1,1,2,2282,13,1.376,22223,9.738,LO,3,2,2,"[MEL3, ME.LOL2] -> LOL3 -> [LO.LOPL2, LO.LOPL3]",ME,3,ME.LO,2,LO.LOP,2,LO.LOP,3
454725042580,mixed,mix->mix,mix,mix,0,2,2,2282,2,1.679,15343,6.723,LO,3,2,2,"[LO.LOPL4, ME.LOPL3] -> LOL3 -> [LO.LOPL3, ME.LOL2]",LO.LOP,4,ME.LOP,3,LO.LOP,3,ME.LO,2
435598473318,mixed,mix->mix,mix,mix,2,1,1,2282,3,1.478,36096,15.818,LO,3,2,2,"[MEL2, ME.LOPL3] -> LOL3 -> [LO.LOPL4, ME.LOL2]",ME,2,ME.LOP,3,LO.LOP,4,ME.LO,2
426257632582,mixed,mix->mix,mix,mix,1,1,2,2282,12,1.997,39222,17.188,LO,3,2,2,"[ME.LOL2, ME.LOPL3] -> LOL3 -> [LO.LOPL3, MEL2]",ME.LO,2,ME.LOP,3,LO.LOP,3,ME,2
398541198636,mixed,mix->mix,mix,mix,2,0,2,2282,5,1.956,18012,7.893,LO,3,2,2,"[MEL3, ME.LOPL2] -> LOL3 -> [LO.LOPL3, LO.LOPL4]",ME,3,ME.LOP,2,LO.LOP,3,LO.LOP,4
396665386694,mixed,mix->mix,mix,mix,2,0,2,2282,8,1.567,21970,9.628,LO,3,2,2,"[MEL3, ME.LOL2] -> LOL3 -> [LO.LOPL4, ME.LOPL3]",ME,3,ME.LO,2,LO.LOP,4,ME.LOP,3
393714253158,mixed,mix->mix,mix,mix,1,1,2,2282,7,1.916,34840,15.267,LO,3,2,2,"[ME.LOPL2, ME.LOPL3] -> LOL3 -> [LO.LOPL3, MEL2]",ME.LOP,2,ME.LOP,3,LO.LOP,3,ME,2
384106642010,mixed,mix->mix,mix,mix,1,2,1,2282,2,1.853,32138,14.083,LO,3,2,2,"[LO.LOPL4, MEL2] -> LOL3 -> [LO.LOPL3, ME.LOPL2]",LO.LOP,4,ME,2,LO.LOP,3,ME.LOP,2
380313055612,mixed,mix->mix,mix,mix,2,1,1,2282,4,1.896,13526,5.927,LO,3,2,2,"[ME.LOL2, ME.LOPL3] -> LOL3 -> [LO.LOPL4, ME.LOPL2]",ME.LO,2,ME.LOP,3,LO.LOP,4,ME.LOP,2
368120339124,mixed,mix->mix,mix,mix,2,1,1,2282,4,1.804,32138,14.083,LO,3,2,2,"[LO.LOPL3, MEL2] -> LOL3 -> [LO.LOPL4, ME.LOPL2]",LO.LOP,3,ME,2,LO.LOP,4,ME.LOP,2
366046611103,mixed,mix->mix,mix,mix,1,1,2,2282,11,1.724,39987,17.523,LO,3,2,2,"[MEL2, MEL3] -> LOL3 -> [LO.LOPL2, ME.LOPL3]",ME,2,ME,3,LO.LOP,2,ME.LOP,3
360830849620,mixed,mix->mix,mix,mix,1,1,2,2282,3,1.267,15172,6.649,LO,3,2,2,"[LO.LOPL2, ME.LOPL3] -> LOL3 -> [LO.LOPL3, ME.LOL2]",LO.LOP,2,ME.LOP,3,LO.LOP,3,ME.LO,2
346097869730,mixed,mix->mix,mix,mix,1,1,2,2282,8,1.33,17417,7.632,LO,3,2,2,"[MEL3, ME.LOPL2] -> LOL3 -> [LO.LOPL2, ME.LOPL3]",ME,3,ME.LOP,2,LO.LOP,2,ME.LOP,3
329063579520,mixed,mix->mix,mix,mix,0,2,2,2282,2,1.836,10961,4.803,LO,3,2,2,"[LO.LOPL3, LO.LOPL4] -> LOL3 -> [ME.LOPL2, ME.LOPL3]",LO.LOP,3,LO.LOP,4,ME.LOP,2,ME.LOP,3
326116378903,mixed,mix->mix,mix,mix,1,1,2,2282,11,1.519,21799,9.553,LO,3,2,2,"[MEL3, ME.LOL2] -> LOL3 -> [LO.LOPL2, ME.LOPL3]",ME,3,ME.LO,2,LO.LOP,2,ME.LOP,3
322058567844,mixed,mix->mix,mix,mix,2,0,2,2282,5,1.813,17588,7.707,LO,3,2,2,"[MEL3, ME.LOPL2] -> LOL3 -> [LO.LOPL4, ME.LOPL3]",ME,3,ME.LOP,2,LO.LOP,4,ME.LOP,3
319901047594,mixed,mix->mix,mix,mix,1,2,1,2282,3,1.626,36520,16.004,LO,3,2,2,"[LO.LOPL4, MEL2] -> LOL3 -> [LO.LOPL3, ME.LOL2]",LO.LOP,4,ME,2,LO.LOP,3,ME.LO,2
317472357280,mixed,mix->mix,mix,mix,1,2,1,2282,2,1.677,31714,13.897,LO,3,2,2,"[LO.LOPL4, MEL2] -> LOL3 -> [ME.LOPL2, ME.LOPL3]",LO.LOP,4,ME,2,ME.LOP,2,ME.LOP,3
314430268011,mixed,mix->mix,mix,mix,1,1,2,2282,5,1.196,10790,4.728,LO,3,2,2,"[LO.LOPL2, LO.LOPL3] -> LOL3 -> [ME.LOPL2, ME.LOPL3]",LO.LOP,2,LO.LOP,3,ME.LOP,2,ME.LOP,3
309790912734,mixed,mix->mix,mix,mix,2,1,1,2282,5,1.575,36520,16.004,LO,3,2,2,"[LO.LOPL3, MEL2] -> LOL3 -> [LO.LOPL4, ME.LOL2]",LO.LOP,3,ME,2,LO.LOP,4,ME.LO,2
297140608570,mixed,mix->mix,mix,mix,1,2,1,2282,2,1.988,13950,6.113,LO,3,2,2,"[LO.LOPL4, ME.LOL2] -> LOL3 -> [LO.LOPL3, ME.LOPL2]",LO.LOP,4,ME.LO,2,LO.LOP,3,ME.LOP,2
281693860136,mixed,mix->mix,mix,mix,2,1,1,2282,4,1.967,13950,6.113,LO,3,2,2,"[LO.LOPL3, ME.LOL2] -> LOL3 -> [LO.LOPL4, ME.LOPL2]",LO.LOP,3,ME.LO,2,LO.LOP,4,ME.LOP,2
275109422880,mixed,mix->mix,mix,mix,0,2,2,2282,2,1.607,15343,6.723,LO,3,2,2,"[LO.LOPL3, LO.LOPL4] -> LOL3 -> [ME.LOL2, ME.LOPL3]",LO.LOP,3,LO.LOP,4,ME.LO,2,ME.LOP,3
273341496320,mixed,mix->mix,mix,mix,1,2,1,2282,2,1.462,36096,15.818,LO,3,2,2,"[LO.LOPL4, MEL2] -> LOL3 -> [ME.LOL2, ME.LOPL3]",LO.LOP,4,ME,2,ME.LO,2,ME.LOP,3
272935830908,mixed,mix->mix,mix,mix,1,1,2,2282,4,1.142,17841,7.818,LO,3,2,2,"[LO.LOPL2, MEL3] -> LOL3 -> [LO.LOPL3, ME.LOPL2]",LO.LOP,2,ME,3,LO.LOP,3,ME.LOP,2
260745348062,mixed,mix->mix,mix,mix,2,1,1,2282,3,1.91,13526,5.927,LO,3,2,2,"[ME.LOPL2, ME.LOPL3] -> LOL3 -> [LO.LOPL4, ME.LOL2]",ME.LOP,2,ME.LOP,3,LO.LOP,4,ME.LO,2
250618134332,mixed,mix->mix,mix,mix,1,1,2,2282,8,1.976,39222,17.188,LO,3,2,2,"[LO.LOPL3, ME.LOL2] -> LOL3 -> [MEL2, ME.LOPL3]",LO.LOP,3,ME.LO,2,ME,2,ME.LOP,3
239914838540,mixed,mix->mix,mix,mix,0,2,2,2282,2,1.959,18012,7.893,LO,3,2,2,"[LO.LOPL4, MEL3] -> LOL3 -> [LO.LOPL3, ME.LOPL2]",LO.LOP,4,ME,3,LO.LOP,3,ME.LOP,2
237002608960,mixed,mix->mix,mix,mix,1,2,1,2282,2,1.88,13526,5.927,LO,3,2,2,"[LO.LOPL4, ME.LOL2] -> LOL3 -> [ME.LOPL2, ME.LOPL3]",LO.LOP,4,ME.LO,2,ME.LOP,2,ME.LOP,3
227315923640,mixed,mix->mix,mix,mix,1,1,2,2282,8,1.962,34840,15.267,LO,3,2,2,"[LO.LOPL3, ME.LOPL2] -> LOL3 -> [MEL2, ME.LOPL3]",LO.LOP,3,ME.LOP,2,ME,2,ME.LOP,3
216754421308,mixed,mix->mix,mix,mix,2,1,1,2282,6,1.786,38765,16.987,LO,3,2,2,"[MEL2, MEL3] -> LOL3 -> [LO.LOPL4, ME.LOPL2]",ME,2,ME,3,LO.LOP,4,ME.LOP,2
215459739880,mixed,mix->mix,mix,mix,0,2,2,2282,2,1.985,9481,4.155,LO,3,2,2,"[LO.LOPL4, ME.LOPL3] -> LOL3 -> [LO.LOPL2, LO.LOPL3]",LO.LOP,4,ME.LOP,3,LO.LOP,2,LO.LOP,3
210842646631,mixed,mix->mix,mix,mix,1,1,2,2282,11,1.999,11188,4.903,LO,3,2,2,"[LOL2, ME.LOPL3] -> LOL3 -> [LO.LOPL3, ME.LOPL2]",LO,2,ME.LOP,3,LO.LOP,3,ME.LOP,2
209500690872,mixed,mix->mix,mix,mix,1,1,2,2282,11,1.659,33758,14.793,LO,3,2,2,"[MEL2, ME.LOPL3] -> LOL3 -> [LOL2, LO.LOPL3]",ME,2,ME.LOP,3,LO,2,LO.LOP,3
204298934820,mixed,mix->mix,mix,mix,1,2,1,2282,2,1.993,13950,6.113,LO,3,2,2,"[LO.LOPL4, ME.LOPL2] -> LOL3 -> [LO.LOPL3, ME.LOL2]",LO.LOP,4,ME.LOP,2,LO.LOP,3,ME.LO,2
199838480211,mixed,mix->mix,mix,mix,1,1,2,2282,5,1.307,15172,6.649,LO,3,2,2,"[LO.LOPL2, LO.LOPL3] -> LOL3 -> [ME.LOL2, ME.LOPL3]",LO.LOP,2,LO.LOP,3,ME.LO,2,ME.LOP,3
193917180260,mixed,mix->mix,mix,mix,0,2,2,2282,2,1.769,22394,9.813,LO,3,2,2,"[LO.LOPL4, MEL3] -> LOL3 -> [LO.LOPL3, ME.LOL2]",LO.LOP,4,ME,3,LO.LOP,3,ME.LO,2
193651669120,mixed,mix->mix,mix,mix,0,2,2,2282,2,1.819,17588,7.707,LO,3,2,2,"[LO.LOPL4, MEL3] -> LOL3 -> [ME.LOPL2, ME.LOPL3]",LO.LOP,4,ME,3,ME.LOP,2,ME.LOP,3
193494362239,mixed,mix->mix,mix,mix,2,1,1,2282,4,1.975,13950,6.113,LO,3,2,2,"[LO.LOPL3, ME.LOPL2] -> LOL3 -> [LO.LOPL4, ME.LOL2]",LO.LOP,3,ME.LOP,2,LO.LOP,4,ME.LO,2
192320265666,mixed,mix->mix,mix,mix,2,1,1,2282,2,1.842,30234,13.249,LO,3,2,2,"[MEL2, ME.LOPL3] -> LOL3 -> [LO.LOPL2, LO.LOPL4]",ME,2,ME.LOP,3,LO.LOP,2,LO.LOP,4
188587783742,mixed,mix->mix,mix,mix,1,1,2,2282,24,1.995,46273,20.277,LO,3,2,2,"[MEL3, ME.LOL2] -> LOL3 -> [LO.LOPL3, MEL2]",ME,3,ME.LO,2,LO.LOP,3,ME,2
183021998297,mixed,mix->mix,mix,mix,2,1,1,2282,7,1.558,43147,18.908,LO,3,2,2,"[MEL2, MEL3] -> LOL3 -> [LO.LOPL4, ME.LOL2]",ME,2,ME,3,LO.LOP,4,ME.LO,2
181369715758,mixed,mix->mix,mix,mix,1,1,2,2282,5,1.203,17417,7.632,LO,3,2,2,"[LO.LOPL2, MEL3] -> LOL3 -> [ME.LOPL2, ME.LOPL3]",LO.LOP,2,ME,3,ME.LOP,2,ME.LOP,3
178095381189,mixed,mix->mix,mix,mix,1,1,2,2282,11,1.841,41891,18.357,LO,3,2,2,"[MEL3, ME.LOPL2] -> LOL3 -> [LO.LOPL3, MEL2]",ME,3,ME.LOP,2,LO.LOP,3,ME,2
171177408508,mixed,mix->mix,mix,mix,1,1,2,2282,4,1.224,22223,9.738,LO,3,2,2,"[LO.LOPL2, MEL3] -> LOL3 -> [LO.LOPL3, ME.LOL2]",LO.LOP,2,ME,3,LO.LOP,3,ME.LO,2
169497608164,mixed,mix->mix,mix,mix,2,0,2,2282,4,1.24,9879,4.329,LO,3,2,2,"[LOL2, ME.LOPL3] -> LOL3 -> [LO.LOPL3, LO.LOPL4]",LO,2,ME.LOP,3,LO.LOP,3,LO.LOP,4
168579456684,mixed,mix->mix,mix,mix,2,0,2,2282,2,1.853,32714,14.336,LO,3,2,2,"[MEL2, ME.LOPL3] -> LOL3 -> [LO.LOPL3, ME.LOPL4]",ME,2,ME.LOP,3,LO.LOP,3,ME.LOP,4
165276366816,mixed,mix->mix,mix,mix,2,1,1,2282,6,1.958,20577,9.017,LO,3,2,2,"[MEL3, ME.LOL2] -> LOL3 -> [LO.LOPL4, ME.LOPL2]",ME,3,ME.LO,2,LO.LOP,4,ME.LOP,2
164289350004,mixed,mix->mix,mix,mix,1,1,2,2282,9,1.914,15570,6.823,LO,3,2,2,"[LOL2, ME.LOPL3] -> LOL3 -> [LO.LOPL3, ME.LOL2]",LO,2,ME.LOP,3,LO.LOP,3,ME.LO,2
162459565280,mixed,mix->mix,mix,mix,0,2,2,2282,2,1.59,21970,9.628,LO,3,2,2,"[LO.LOPL4, MEL3] -> LOL3 -> [ME.LOL2, ME.LOPL3]",LO.LOP,4,ME,3,ME.LO,2,ME.LOP,3
162437400960,mixed,mix->mix,mix,mix,1,2,1,2282,2,1.895,13526,5.927,LO,3,2,2,"[LO.LOPL4, ME.LOPL2] -> LOL3 -> [ME.LOL2, ME.LOPL3]",LO.LOP,4,ME.LOP,2,ME.LO,2,ME.LOP,3
160699776680,mixed,mix->mix,mix,mix,0,2,2,2282,2,1.353,33531,14.694,LO,3,2,2,"[LO.LOPL4, ME.LOPL3] -> LOL3 -> [LO.LOPL3, MEL2]",LO.LOP,4,ME.LOP,3,LO.LOP,3,ME,2
155882043132,mixed,mix->mix,mix,mix,2,0,2,2282,2,1.951,9481,4.155,LO,3,2,2,"[LO.LOPL2, ME.LOPL3] -> LOL3 -> [LO.LOPL3, LO.LOPL4]",LO.LOP,2,ME.LOP,3,LO.LOP,3,LO.LOP,4
155871917445,mixed,mix->mix,mix,mix,1,1,2,2282,11,1.865,15570,6.823,LO,3,2,2,"[ME.LOL2, ME.LOPL3] -> LOL3 -> [LOL2, LO.LOPL3]",ME.LO,2,ME.LOP,3,LO,2,LO.LOP,3
148793633537,mixed,mix->mix,mix,mix,1,2,1,2282,8,1.962,30658,13.435,LO,3,2,2,"[LO.LOPL4, MEL2] -> LOL3 -> [LO.LOPL2, LO.LOPL3]",LO.LOP,4,ME,2,LO.LOP,2,LO.LOP,3
148404827046,mixed,mix->mix,mix,mix,2,1,1,2282,2,1.984,12046,5.279,LO,3,2,2,"[ME.LOL2, ME.LOPL3] -> LOL3 -> [LO.LOPL2, LO.LOPL4]",ME.LO,2,ME.LOP,3,LO.LOP,2,LO.LOP,4
146994276568,mixed,mix->mix,mix,mix,1,1,2,2282,28,1.968,45849,20.092,LO,3,2,2,"[MEL3, ME.LOL2] -> LOL3 -> [MEL2, ME.LOPL3]",ME,3,ME.LO,2,ME,2,ME.LOP,3
141526771913,mixed,mix->mix,mix,mix,2,1,1,2282,8,1.93,30658,13.435,LO,3,2,2,"[LO.LOPL3, MEL2] -> LOL3 -> [LO.LOPL2, LO.LOPL4]",LO.LOP,3,ME,2,LO.LOP,2,LO.LOP,4
135712384533,mixed,mix->mix,mix,mix,1,1,2,2282,6,1.999,11188,4.903,LO,3,2,2,"[ME.LOPL2, ME.LOPL3] -> LOL3 -> [LOL2, LO.LOPL3]",ME.LOP,2,ME.LOP,3,LO,2,LO.LOP,3
135355601268,mixed,mix->mix,mix,mix,2,1,1,2282,2,1.95,7664,3.358,LO,3,2,2,"[ME.LOPL2, ME.LOPL3] -> LOL3 -> [LO.LOPL2, LO.LOPL4]",ME.LOP,2,ME.LOP,3,LO.LOP,2,LO.LOP,4
132735263481,mixed,mix->mix,mix,mix,1,1,2,2282,13,1.971,41467,18.171,LO,3,2,2,"[MEL3, ME.LOPL2] -> LOL3 -> [MEL2, ME.LOPL3]",ME,3,ME.LOP,2,ME,2,ME.LOP,3
130405129044,mixed,mix->mix,mix,mix,2,0,2,2282,2,1.988,14526,6.365,LO,3,2,2,"[ME.LOL2, ME.LOPL3] -> LOL3 -> [LO.LOPL3, ME.LOPL4]",ME.LO,2,ME.LOP,3,LO.LOP,3,ME.LOP,4
127119011880,mixed,mix->mix,mix,mix,0,2,2,2282,2,1.951,9481,4.155,LO,3,2,2,"[LO.LOPL3, LO.LOPL4] -> LOL3 -> [LO.LOPL2, ME.LOPL3]",LO.LOP,3,LO.LOP,4,LO.LOP,2,ME.LOP,3
126891776475,mixed,mix->mix,mix,mix,1,1,2,2282,5,1.588,33758,14.793,LO,3,2,2,"[LO.LOPL3, MEL2] -> LOL3 -> [LOL2, ME.LOPL3]",LO.LOP,3,ME,2,LO,2,ME.LOP,3
124002556016,mixed,mix->mix,mix,mix,2,0,2,2282,15,1.116,38737,16.975,LO,3,2,2,"[MEL2, ME.LOL3] -> LOL3 -> [LO.LOPL3, LO.LOPL4]",ME,2,ME.LO,3,LO.LOP,3,LO.LOP,4
123458663330,mixed,mix->mix,mix,mix,1,1,2,2282,8,1.994,11188,4.903,LO,3,2,2,"[LOL2, LO.LOPL3] -> LOL3 -> [ME.LOPL2, ME.LOPL3]",LO,2,LO.LOP,3,ME.LOP,2,ME.LOP,3
120172435631,mixed,mix->mix,mix,mix,1,1,2,2282,21,1.797,40046,17.549,LO,3,2,2,"[MEL2, ME.LOL3] -> LOL3 -> [LO.LOPL3, ME.LOPL2]",ME,2,ME.LO,3,LO.LOP,3,ME.LOP,2
119985135320,mixed,mix->mix,mix,mix,1,2,1,2282,2,1.824,30234,13.249,LO,3,2,2,"[LO.LOPL4, MEL2] -> LOL3 -> [LO.LOPL2, ME.LOPL3]",LO.LOP,4,ME,2,LO.LOP,2,ME.LOP,3
119295290232,mixed,mix->mix,mix,mix,2,0,2,2282,2,1.942,10144,4.445,LO,3,2,2,"[ME.LOPL2, ME.LOPL3] -> LOL3 -> [LO.LOPL3, ME.LOPL4]",ME.LOP,2,ME.LOP,3,LO.LOP,3,ME.LOP,4
118761286912,mixed,mix->mix,mix,mix,1,2,1,2282,5,1.989,12470,5.465,LO,3,2,2,"[LO.LOPL4, ME.LOL2] -> LOL3 -> [LO.LOPL2, LO.LOPL3]",LO.LOP,4,ME.LO,2,LO.LOP,2,LO.LOP,3
115463157246,mixed,mix->mix,mix,mix,1,1,2,2282,5,1.318,21799,9.553,LO,3,2,2,"[LO.LOPL2, MEL3] -> LOL3 -> [ME.LOL2, ME.LOPL3]",LO.LOP,2,ME,3,ME.LO,2,ME.LOP,3
113492060907,mixed,mix->mix,mix,mix,2,1,1,2282,4,1.967,20577,9.017,LO,3,2,2,"[MEL3, ME.LOPL2] -> LOL3 -> [LO.LOPL4, ME.LOL2]",ME,3,ME.LOP,2,LO.LOP,4,ME.LO,2
113130646378,mixed,mix->mix,mix,mix,2,0,2,2282,10,1.081,38313,16.789,LO,3,2,2,"[MEL2, ME.LOL3] -> LOL3 -> [LO.LOPL4, ME.LOPL3]",ME,2,ME.LO,3,LO.LOP,4,ME.LOP,3
112714539720,mixed,mix->mix,mix,mix,1,2,1,2282,2,1.822,8088,3.544,LO,3,2,2,"[LO.LOPL4, ME.LOPL2] -> LOL3 -> [LO.LOPL2, LO.LOPL3]",LO.LOP,4,ME.LOP,2,LO.LOP,2,LO.LOP,3
111690385563,mixed,mix->mix,mix,mix,2,1,1,2282,5,1.999,12470,5.465,LO,3,2,2,"[LO.LOPL3, ME.LOL2] -> LOL3 -> [LO.LOPL2, LO.LOPL4]",LO.LOP,3,ME.LO,2,LO.LOP,2,LO.LOP,4
110876895884,mixed,mix->mix,mix,mix,2,1,1,2282,3,1.351,36096,15.818,LO,3,2,2,"[ME.LOL2, ME.LOPL3] -> LOL3 -> [LO.LOPL4, MEL2]",ME.LO,2,ME.LOP,3,LO.LOP,4,ME,2
105050140956,mixed,mix->mix,mix,mix,2,0,2,2282,5,1.208,9879,4.329,LO,3,2,2,"[LOL2, LO.LOPL3] -> LOL3 -> [LO.LOPL4, ME.LOPL3]",LO,2,LO.LOP,3,LO.LOP,4,ME.LOP,3
104634293733,mixed,mix->mix,mix,mix,2,1,1,2282,3,1.87,8088,3.544,LO,3,2,2,"[LO.LOPL3, ME.LOPL2] -> LOL3 -> [LO.LOPL2, LO.LOPL4]",LO.LOP,3,ME.LOP,2,LO.LOP,2,LO.LOP,4
103118297746,mixed,mix->mix,mix,mix,2,0,2,2282,9,1.135,33735,14.783,LO,3,2,2,"[MEL2, ME.LOPL3] -> LOL3 -> [LOL4, LO.LOPL3]",ME,2,ME.LOP,3,LO,4,LO.LOP,3
101257192372,mixed,mix->mix,mix,mix,1,1,2,2282,19,1.569,44428,19.469,LO,3,2,2,"[MEL2, ME.LOL3] -> LOL3 -> [LO.LOPL3, ME.LOL2]",ME,2,ME.LO,3,LO.LOP,3,ME.LO,2
100870495200,mixed,mix->mix,mix,mix,2,0,2,2282,2,1.785,32714,14.336,LO,3,2,2,"[LO.LOPL3, MEL2] -> LOL3 -> [ME.LOPL3, ME.LOPL4]",LO.LOP,3,ME,2,ME.LOP,3,ME.LOP,4
100248273498,mixed,mix->mix,mix,mix,1,1,2,2282,23,1.618,39622,17.363,LO,3,2,2,"[MEL2, ME.LOL3] -> LOL3 -> [ME.LOPL2, ME.LOPL3]",ME,2,ME.LO,3,ME.LOP,2,ME.LOP,3
98971802880,mixed,mix->mix,mix,mix,0,2,2,2282,2,1.307,33531,14.694,LO,3,2,2,"[LO.LOPL3, LO.LOPL4] -> LOL3 -> [MEL2, ME.LOPL3]",LO.LOP,3,LO.LOP,4,ME,2,ME.LOP,3
97812537442,mixed,mix->mix,mix,mix,1,1,2,2282,6,1.854,15570,6.823,LO,3,2,2,"[LOL2, LO.LOPL3] -> LOL3 -> [ME.LOL2, ME.LOPL3]",LO,2,LO.LOP,3,ME.LO,2,ME.LOP,3
94913350310,mixed,mix->mix,mix,mix,0,2,2,2282,2,2.0,16532,7.245,LO,3,2,2,"[LO.LOPL4, MEL3] -> LOL3 -> [LO.LOPL2, LO.LOPL3]",LO.LOP,4,ME,3,LO.LOP,2,LO.LOP,3
93756773377,mixed,mix->mix,mix,mix,1,1,2,2282,18,1.977,18239,7.993,LO,3,2,2,"[LOL2, MEL3] -> LOL3 -> [LO.LOPL3, ME.LOPL2]",LO,2,ME,3,LO.LOP,3,ME.LOP,2
93184840983,mixed,mix->mix,mix,mix,1,1,2,2282,5,1.798,15570,6.823,LO,3,2,2,"[LO.LOPL3, ME.LOL2] -> LOL3 -> [LOL2, ME.LOPL3]",LO.LOP,3,ME.LO,2,LO,2,ME.LOP,3
92223024740,mixed,mix->mix,mix,mix,1,2,1,2282,2,1.977,12046,5.279,LO,3,2,2,"[LO.LOPL4, ME.LOL2] -> LOL3 -> [LO.LOPL2, ME.LOPL3]",LO.LOP,4,ME.LO,2,LO.LOP,2,ME.LOP,3
91837584112,mixed,mix->mix,mix,mix,1,1,2,2282,21,1.964,21858,9.578,LO,3,2,2,"[ME.LOL2, ME.LOL3] -> LOL3 -> [LO.LOPL3, ME.LOPL2]",ME.LO,2,ME.LO,3,LO.LOP,3,ME.LOP,2
91331556432,mixed,mix->mix,mix,mix,2,0,2,2282,5,1.055,40158,17.598,LO,3,2,2,"[MEL2, ME.LOPL3] -> LOL3 -> [LO.LOPL4, MEL3]",ME,2,ME.LOP,3,LO.LOP,4,ME,3
90344483658,mixed,mix->mix,mix,mix,2,0,2,2282,3,1.985,9481,4.155,LO,3,2,2,"[LO.LOPL2, LO.LOPL3] -> LOL3 -> [LO.LOPL4, ME.LOPL3]",LO.LOP,2,LO.LOP,3,LO.LOP,4,ME.LOP,3
89207066241,mixed,mix->mix,mix,mix,1,1,2,2282,21,1.749,40809,17.883,LO,3,2,2,"[MEL2, MEL3] -> LOL3 -> [LOL2, LO.LOPL3]",ME,2,ME,3,LO,2,LO.LOP,3
87162553522,mixed,mix->mix,mix,mix,1,1,2,2282,19,1.415,44004,19.283,LO,3,2,2,"[MEL2, ME.LOL3] -> LOL3 -> [ME.LOL2, ME.LOPL3]",ME,2,ME.LO,3,ME.LO,2,ME.LOP,3
85959611140,mixed,mix->mix,mix,mix,0,2,2,2282,2,1.762,10144,4.445,LO,3,2,2,"[ME.LOPL3, ME.LOPL4] -> LOL3 -> [LO.LOPL3, ME.LOPL2]",ME.LOP,3,ME.LOP,4,LO.LOP,3,ME.LOP,2
85765369180,mixed,mix->mix,mix,mix,2,1,1,2282,3,1.549,31714,13.897,LO,3,2,2,"[ME.LOPL2, ME.LOPL3] -> LOL3 -> [LO.LOPL4, MEL2]",ME.LOP,2,ME.LOP,3,LO.LOP,4,ME,2
85466952778,mixed,mix->mix,mix,mix,1,1,2,2282,6,1.946,9708,4.254,LO,3,2,2,"[LOL2, ME.LOPL3] -> LOL3 -> [LO.LOPL2, LO.LOPL3]",LO,2,ME.LOP,3,LO.LOP,2,LO.LOP,3
83708082960,mixed,mix->mix,mix,mix,1,2,1,2282,2,1.961,7664,3.358,LO,3,2,2,"[LO.LOPL4, ME.LOPL2] -> LOL3 -> [LO.LOPL2, ME.LOPL3]",LO.LOP,4,ME.LOP,2,LO.LOP,2,ME.LOP,3
83127550300,mixed,mix->mix,mix,mix,2,1,1,2282,5,1.917,37285,16.339,LO,3,2,2,"[MEL2, MEL3] -> LOL3 -> [LO.LOPL2, LO.LOPL4]",ME,2,ME,3,LO.LOP,2,LO.LOP,4
82942267122,mixed,mix->mix,mix,mix,2,0,2,2282,15,1.177,20549,9.005,LO,3,2,2,"[ME.LOL2, ME.LOL3] -> LOL3 -> [LO.LOPL3, LO.LOPL4]",ME.LO,2,ME.LO,3,LO.LOP,3,LO.LOP,4
79997116180,mixed,mix->mix,mix,mix,1,2,1,2282,2,1.471,36520,16.004,LO,3,2,2,"[LO.LOPL4, ME.LOL2] -> LOL3 -> [LO.LOPL3, MEL2]",LO.LOP,4,ME.LO,2,LO.LOP,3,ME,2
79717137379,mixed,mix->mix,mix,mix,1,1,2,2282,5,1.981,11188,4.903,LO,3,2,2,"[LO.LOPL3, ME.LOPL2] -> LOL3 -> [LOL2, ME.LOPL3]",LO.LOP,3,ME.LOP,2,LO,2,ME.LOP,3
79455473774,mixed,mix->mix,mix,mix,1,1,2,2282,3,1.539,33360,14.619,LO,3,2,2,"[LO.LOPL2, ME.LOPL3] -> LOL3 -> [LO.LOPL3, MEL2]",LO.LOP,2,ME.LOP,3,LO.LOP,3,ME,2
77954376661,mixed,mix->mix,mix,mix,2,1,1,2282,4,1.428,36520,16.004,LO,3,2,2,"[LO.LOPL3, ME.LOL2] -> LOL3 -> [LO.LOPL4, MEL2]",LO.LOP,3,ME.LO,2,LO.LOP,4,ME,2
76886820720,mixed,mix->mix,mix,mix,2,0,2,2282,2,1.957,14526,6.365,LO,3,2,2,"[LO.LOPL3, ME.LOL2] -> LOL3 -> [ME.LOPL3, ME.LOPL4]",LO.LOP,3,ME.LO,2,ME.LOP,3,ME.LOP,4
75150831540,mixed,mix->mix,mix,mix,1,1,2,2282,11,1.444,41467,18.171,LO,3,2,2,"[MEL2, ME.LOPL3] -> LOL3 -> [MEL3, ME.LOPL2]",ME,2,ME.LOP,3,ME,3,ME.LOP,2
75042282595,mixed,mix->mix,mix,mix,2,0,2,2282,10,1.124,20125,8.819,LO,3,2,2,"[ME.LOL2, ME.LOL3] -> LOL3 -> [LO.LOPL4, ME.LOPL3]",ME.LO,2,ME.LO,3,LO.LOP,4,ME.LOP,3
74952893473,mixed,mix->mix,mix,mix,1,1,2,2282,22,1.571,40385,17.697,LO,3,2,2,"[MEL2, MEL3] -> LOL3 -> [LOL2, ME.LOPL3]",ME,2,ME,3,LO,2,ME.LOP,3
74621080280,mixed,mix->mix,mix,mix,0,2,2,2282,2,1.941,16108,7.059,LO,3,2,2,"[LO.LOPL4, MEL3] -> LOL3 -> [LO.LOPL2, ME.LOPL3]",LO.LOP,4,ME,3,LO.LOP,2,ME.LOP,3
74377928170,mixed,mix->mix,mix,mix,2,0,2,2282,4,1.08,38313,16.789,LO,3,2,2,"[MEL2, ME.LOPL3] -> LOL3 -> [LO.LOPL4, ME.LOL3]",ME,2,ME.LOP,3,LO.LOP,4,ME.LO,3
74021637433,mixed,mix->mix,mix,mix,1,1,2,2282,23,1.827,21434,9.393,LO,3,2,2,"[ME.LOL2, ME.LOL3] -> LOL3 -> [ME.LOPL2, ME.LOPL3]",ME.LO,2,ME.LO,3,ME.LOP,2,ME.LOP,3
72940361889,mixed,mix->mix,mix,mix,2,0,2,2282,3,1.926,39765,17.426,LO,3,2,2,"[MEL2, MEL3] -> LOL3 -> [LO.LOPL3, ME.LOPL4]",ME,2,ME,3,LO.LOP,3,ME.LOP,4
72339978917,mixed,mix->mix,mix,mix,1,1,2,2282,21,1.99,17815,7.807,LO,3,2,2,"[LOL2, MEL3] -> LOL3 -> [ME.LOPL2, ME.LOPL3]",LO,2,ME,3,ME.LOP,2,ME.LOP,3
71544184377,mixed,mix->mix,mix,mix,1,1,2,2282,19,1.97,22621,9.913,LO,3,2,2,"[LOL2, MEL3] -> LOL3 -> [LO.LOPL3, ME.LOL2]",LO,2,ME,3,LO.LOP,3,ME.LO,2
70190412136,mixed,mix->mix,mix,mix,2,0,2,2282,6,1.887,16532,7.245,LO,3,2,2,"[LO.LOPL2, MEL3] -> LOL3 -> [LO.LOPL3, LO.LOPL4]",LO.LOP,2,ME,3,LO.LOP,3,LO.LOP,4
69936102271,mixed,mix->mix,mix,mix,2,0,2,2282,13,1.286,16930,7.419,LO,3,2,2,"[LOL2, MEL3] -> LOL3 -> [LO.LOPL3, LO.LOPL4]",LO,2,ME,3,LO.LOP,3,LO.LOP,4
69708154240,mixed,mix->mix,mix,mix,1,2,1,2282,2,1.338,36096,15.818,LO,3,2,2,"[LO.LOPL4, ME.LOL2] -> LOL3 -> [MEL2, ME.LOPL3]",LO.LOP,4,ME.LO,2,ME,2,ME.LOP,3
69334214412,mixed,mix->mix,mix,mix,2,1,1,2282,3,1.146,30632,13.423,LO,3,2,2,"[MEL2, ME.LOPL3] -> LOL3 -> [LOL2, LO.LOPL4]",ME,2,ME.LOP,3,LO,2,LO.LOP,4
69268188682,mixed,mix->mix,mix,mix,2,0,2,2282,9,1.205,15547,6.813,LO,3,2,2,"[ME.LOL2, ME.LOPL3] -> LOL3 -> [LOL4, LO.LOPL3]",ME.LO,2,ME.LOP,3,LO,4,LO.LOP,3
69066907200,mixed,mix->mix,mix,mix,2,0,2,2282,2,1.98,10144,4.445,LO,3,2,2,"[LO.LOPL3, ME.LOPL2] -> LOL3 -> [ME.LOPL3, ME.LOPL4]",LO.LOP,3,ME.LOP,2,ME.LOP,3,ME.LOP,4
67657313400,mixed,mix->mix,mix,mix,0,2,2,2282,2,1.224,9879,4.329,LO,3,2,2,"[LO.LOPL4, ME.LOPL3] -> LOL3 -> [LOL2, LO.LOPL3]",LO.LOP,4,ME.LOP,3,LO,2,LO.LOP,3
67519015920,mixed,mix->mix,mix,mix,1,1,2,2282,23,1.935,22621,9.913,LO,3,2,2,"[MEL3, ME.LOL2] -> LOL3 -> [LOL2, LO.LOPL3]",ME,3,ME.LO,2,LO,2,LO.LOP,3
67155079660,mixed,mix->mix,mix,mix,1,1,2,2282,14,1.288,45849,20.092,LO,3,2,2,"[MEL2, ME.LOPL3] -> LOL3 -> [MEL3, ME.LOL2]",ME,2,ME.LOP,3,ME,3,ME.LO,2
66892294360,mixed,mix->mix,mix,mix,0,2,2,2282,2,1.417,40582,17.784,LO,3,2,2,"[LO.LOPL4, MEL3] -> LOL3 -> [LO.LOPL3, MEL2]",LO.LOP,4,ME,3,LO.LOP,3,ME,2
65632113159,mixed,mix->mix,mix,mix,1,1,2,2282,10,1.609,39622,17.363,LO,3,2,2,"[MEL2, ME.LOPL3] -> LOL3 -> [ME.LOL3, ME.LOPL2]",ME,2,ME.LOP,3,ME.LO,3,ME.LOP,2
65357934797,mixed,mix->mix,mix,mix,2,1,1,2282,5,2.0,19097,8.369,LO,3,2,2,"[MEL3, ME.LOL2] -> LOL3 -> [LO.LOPL2, LO.LOPL4]",ME,3,ME.LO,2,LO.LOP,2,LO.LOP,4
64307312983,mixed,mix->mix,mix,mix,2,0,2,2282,6,1.117,33735,14.783,LO,3,2,2,"[LO.LOPL3, MEL2] -> LOL3 -> [LOL4, ME.LOPL3]",LO.LOP,3,ME,2,LO,4,ME.LOP,3
63598770120,mixed,mix->mix,mix,mix,1,2,1,2282,2,1.706,32138,14.083,LO,3,2,2,"[LO.LOPL4, ME.LOPL2] -> LOL3 -> [LO.LOPL3, MEL2]",LO.LOP,4,ME.LOP,2,LO.LOP,3,ME,2
63075467981,mixed,mix->mix,mix,mix,1,1,2,2282,8,1.972,21858,9.578,LO,3,2,2,"[ME.LOL3, ME.LOPL2] -> LOL3 -> [LO.LOPL3, ME.LOL2]",ME.LO,3,ME.LOP,2,LO.LOP,3,ME.LO,2
62745846540,mixed,mix->mix,mix,mix,2,1,1,2282,2,1.734,7664,3.358,LO,3,2,2,"[LO.LOPL2, ME.LOPL3] -> LOL3 -> [LO.LOPL4, ME.LOPL2]",LO.LOP,2,ME.LOP,3,LO.LOP,4,ME.LOP,2
62380306862,mixed,mix->mix,mix,mix,2,0,2,2282,8,1.201,16506,7.233,LO,3,2,2,"[LOL2, MEL3] -> LOL3 -> [LO.LOPL4, ME.LOPL3]",LO,2,ME,3,LO.LOP,4,ME.LOP,3
62317398673,mixed,mix->mix,mix,mix,2,0,2,2282,6,1.068,40582,17.784,LO,3,2,2,"[LO.LOPL3, MEL2] -> LOL3 -> [LO.LOPL4, MEL3]",LO.LOP,3,ME,2,LO.LOP,4,ME,3
61600824980,mixed,mix->mix,mix,mix,0,2,2,2282,2,1.955,14526,6.365,LO,3,2,2,"[ME.LOPL3, ME.LOPL4] -> LOL3 -> [LO.LOPL3, ME.LOL2]",ME.LOP,3,ME.LOP,4,LO.LOP,3,ME.LO,2
61443938619,mixed,mix->mix,mix,mix,2,0,2,2282,5,1.289,16167,7.085,LO,3,2,2,"[ME.LOL3, ME.LOPL2] -> LOL3 -> [LO.LOPL3, LO.LOPL4]",ME.LO,3,ME.LOP,2,LO.LOP,3,LO.LOP,4
61380662339,mixed,mix->mix,mix,mix,2,1,1,2282,4,1.653,32138,14.083,LO,3,2,2,"[LO.LOPL3, ME.LOPL2] -> LOL3 -> [LO.LOPL4, MEL2]",LO.LOP,3,ME.LOP,2,LO.LOP,4,ME,2
60987637826,mixed,mix->mix,mix,mix,0,2,2,2282,10,2.0,11602,5.084,LO,3,2,2,"[MEL4, ME.LOPL3] -> LOL3 -> [LO.LOPL3, ME.LOPL2]",ME,4,ME.LOP,3,LO.LOP,3,ME.LOP,2
60962084424,mixed,mix->mix,mix,mix,2,1,1,2282,3,1.885,14715,6.448,LO,3,2,2,"[MEL3, ME.LOPL2] -> LOL3 -> [LO.LOPL2, LO.LOPL4]",ME,3,ME.LOP,2,LO.LOP,2,LO.LOP,4
60697777686,mixed,mix->mix,mix,mix,2,1,1,2282,2,1.998,30897,13.539,LO,3,2,2,"[MEL2, ME.LOPL3] -> LOL3 -> [ME.LOPL2, ME.LOPL4]",ME,2,ME.LOP,3,ME.LOP,2,ME.LOP,4
60195738800,mixed,mix->mix,mix,mix,2,0,2,2282,5,1.084,21970,9.628,LO,3,2,2,"[ME.LOL2, ME.LOPL3] -> LOL3 -> [LO.LOPL4, MEL3]",ME.LO,2,ME.LOP,3,LO.LOP,4,ME,3
60113004584,mixed,mix->mix,mix,mix,1,1,2,2282,9,1.992,18239,7.993,LO,3,2,2,"[MEL3, ME.LOPL2] -> LOL3 -> [LOL2, LO.LOPL3]",ME,3,ME.LOP,2,LO,2,LO.LOP,3
59412226080,mixed,mix->mix,mix,mix,2,0,2,2282,2,1.767,39341,17.24,LO,3,2,2,"[MEL2, MEL3] -> LOL3 -> [ME.LOPL3, ME.LOPL4]",ME,2,ME,3,ME.LOP,3,ME.LOP,4
58686657280,mixed,mix->mix,mix,mix,0,2,2,2282,2,1.297,40158,17.598,LO,3,2,2,"[LO.LOPL4, MEL3] -> LOL3 -> [MEL2, ME.LOPL3]",LO.LOP,4,ME,3,ME,2,ME.LOP,3
57929705730,mixed,mix->mix,mix,mix,1,2,1,2282,2,1.814,31321,13.725,LO,3,2,2,"[MEL2, ME.LOPL4] -> LOL3 -> [LO.LOPL3, ME.LOPL2]",ME,2,ME.LOP,4,LO.LOP,3,ME.LOP,2
57542657860,mixed,mix->mix,mix,mix,1,1,2,2282,17,1.838,22197,9.727,LO,3,2,2,"[LOL2, MEL3] -> LOL3 -> [ME.LOL2, ME.LOPL3]",LO,2,ME,3,ME.LO,2,ME.LOP,3
57493126509,mixed,mix->mix,mix,mix,2,0,2,2282,3,2.0,21577,9.455,LO,3,2,2,"[MEL3, ME.LOL2] -> LOL3 -> [LO.LOPL3, ME.LOPL4]",ME,3,ME.LO,2,LO.LOP,3,ME.LOP,4
57151581778,mixed,mix->mix,mix,mix,1,1,2,2282,15,1.407,44004,19.283,LO,3,2,2,"[MEL2, ME.LOPL3] -> LOL3 -> [ME.LOL2, ME.LOL3]",ME,2,ME.LOP,3,ME.LO,2,ME.LO,3
54874008846,mixed,mix->mix,mix,mix,1,1,2,2282,23,1.78,22197,9.727,LO,3,2,2,"[MEL3, ME.LOL2] -> LOL3 -> [LOL2, ME.LOPL3]",ME,3,ME.LO,2,LO,2,ME.LOP,3
54784047111,mixed,mix->mix,mix,mix,2,0,2,2282,5,1.203,15743,6.899,LO,3,2,2,"[ME.LOL3, ME.LOPL2] -> LOL3 -> [LO.LOPL4, ME.LOPL3]",ME.LO,3,ME.LOP,2,LO.LOP,4,ME.LOP,3
54141357660,mixed,mix->mix,mix,mix,1,2,1,2282,2,1.575,8088,3.544,LO,3,2,2,"[LO.LOPL2, LO.LOPL4] -> LOL3 -> [LO.LOPL3, ME.LOPL2]",LO.LOP,2,LO.LOP,4,LO.LOP,3,ME.LOP,2
53939969631,mixed,mix->mix,mix,mix,1,1,2,2282,12,1.555,33758,14.793,LO,3,2,2,"[LOL2, ME.LOPL3] -> LOL3 -> [LO.LOPL3, MEL2]",LO,2,ME.LOP,3,LO.LOP,3,ME,2
53784573432,mixed,mix->mix,mix,mix,2,0,2,2282,2,1.875,17195,7.535,LO,3,2,2,"[MEL3, ME.LOPL2] -> LOL3 -> [LO.LOPL3, ME.LOPL4]",ME,3,ME.LOP,2,LO.LOP,3,ME.LOP,4
53761848960,mixed,mix->mix,mix,mix,1,2,1,2282,2,1.532,31714,13.897,LO,3,2,2,"[LO.LOPL4, ME.LOPL2] -> LOL3 -> [MEL2, ME.LOPL3]",LO.LOP,4,ME.LOP,2,ME,2,ME.LOP,3
53746491086,mixed,mix->mix,mix,mix,1,1,2,2282,11,1.635,23279,10.201,LO,3,2,2,"[ME.LOL2, ME.LOPL3] -> LOL3 -> [MEL3, ME.LOPL2]",ME.LO,2,ME.LOP,3,ME,3,ME.LOP,2
53283062930,mixed,mix->mix,mix,mix,1,1,2,2282,8,1.536,41891,18.357,LO,3,2,2,"[LO.LOPL3, MEL2] -> LOL3 -> [MEL3, ME.LOPL2]",LO.LOP,3,ME,2,ME,3,ME.LOP,2
52822039152,mixed,mix->mix,mix,mix,2,1,1,2282,4,1.389,8062,3.533,LO,3,2,2,"[LOL2, ME.LOPL3] -> LOL3 -> [LO.LOPL4, ME.LOPL2]",LO,2,ME.LOP,3,LO.LOP,4,ME.LOP,2
52804046352,mixed,mix->mix,mix,mix,2,0,2,2282,3,1.991,16108,7.059,LO,3,2,2,"[LO.LOPL2, MEL3] -> LOL3 -> [LO.LOPL4, ME.LOPL3]",LO.LOP,2,ME,3,LO.LOP,4,ME.LOP,3
51693315124,mixed,mix->mix,mix,mix,2,0,2,2282,6,1.333,11165,4.893,LO,3,2,2,"[ME.LOPL2, ME.LOPL3] -> LOL3 -> [LOL4, LO.LOPL3]",ME.LOP,2,ME.LOP,3,LO,4,LO.LOP,3
50890665774,mixed,mix->mix,mix,mix,2,0,2,2282,3,1.099,38737,16.975,LO,3,2,2,"[LO.LOPL3, MEL2] -> LOL3 -> [LO.LOPL4, ME.LOL3]",LO.LOP,3,ME,2,LO.LOP,4,ME.LO,3
50814963290,mixed,mix->mix,mix,mix,1,2,1,2282,2,1.605,13133,5.755,LO,3,2,2,"[ME.LOL2, ME.LOPL4] -> LOL3 -> [LO.LOPL3, ME.LOPL2]",ME.LO,2,ME.LOP,4,LO.LOP,3,ME.LOP,2
50682425983,mixed,mix->mix,mix,mix,1,1,2,2282,9,1.843,21434,9.393,LO,3,2,2,"[ME.LOL3, ME.LOPL2] -> LOL3 -> [ME.LOL2, ME.LOPL3]",ME.LO,3,ME.LOP,2,ME.LO,2,ME.LOP,3
50405358660,mixed,mix->mix,mix,mix,1,1,2,2282,2,1.328,8835,3.872,LO,3,2,2,"[LO.LOPL4, ME.LOPL3] -> LOL3 -> [LO.LOPL3, ME.LOPL4]",LO.LOP,4,ME.LOP,3,LO.LOP,3,ME.LOP,4
49758783924,mixed,mix->mix,mix,mix,1,1,2,2282,2,1.477,8835,3.872,LO,3,2,2,"[ME.LOPL3, ME.LOPL4] -> LOL3 -> [LO.LOPL3, LO.LOPL4]",ME.LOP,3,ME.LOP,4,LO.LOP,3,LO.LOP,4
49693981746,mixed,mix->mix,mix,mix,2,1,1,2282,3,1.626,8088,3.544,LO,3,2,2,"[LO.LOPL2, LO.LOPL3] -> LOL3 -> [LO.LOPL4, ME.LOPL2]",LO.LOP,2,LO.LOP,3,LO.LOP,4,ME.LOP,2
49534115982,mixed,mix->mix,mix,mix,2,1,1,2282,2,1.94,12709,5.569,LO,3,2,2,"[ME.LOL2, ME.LOPL3] -> LOL3 -> [ME.LOPL2, ME.LOPL4]",ME.LO,2,ME.LOP,3,ME.LOP,2,ME.LOP,4
49518048458,mixed,mix->mix,mix,mix,1,1,2,2282,4,1.234,10293,4.511,LO,3,2,2,"[MEL4, ME.LOPL3] -> LOL3 -> [LO.LOPL3, LO.LOPL4]",ME,4,ME.LOP,3,LO.LOP,3,LO.LOP,4
50855952474,mixed,mix->FF,mix,FF,3,0,1,2282,2,1.217,29588,12.966,LO,3,2,2,"[MEL2, ME.LOPL3] -> LOL3 -> [LO.LOPL4, ME.LOPL4]",ME,2,ME.LOP,3,LO.LOP,4,ME.LOP,4
41514792096,mixed,mix->FF,mix,FF,3,0,1,2282,2,1.027,30609,13.413,LO,3,2,2,"[MEL2, ME.LOPL3] -> LOL3 -> [LOL4, LO.LOPL4]",ME,2,ME.LOP,3,LO,4,LO.LOP,4
35300231322,mixed,mix->FF,mix,FF,3,0,1,2282,2,1.267,30012,13.152,LO,3,2,2,"[LO.LOPL3, MEL2] -> LOL3 -> [LO.LOPL4, ME.LOPL4]",LO.LOP,3,ME,2,LO.LOP,4,ME.LOP,4
34779762954,mixed,mix->FF,mix,FF,3,0,1,2282,2,1.326,11400,4.996,LO,3,2,2,"[ME.LOL2, ME.LOPL3] -> LOL3 -> [LO.LOPL4, ME.LOPL4]",ME.LO,2,ME.LOP,3,LO.LOP,4,ME.LOP,4
28233367433,mixed,mix->FF,mix,FF,3,0,1,2282,9,1.033,31033,13.599,LO,3,2,2,"[LO.LOPL3, MEL2] -> LOL3 -> [LOL4, LO.LOPL4]",LO.LOP,3,ME,2,LO,4,LO.LOP,4
27166503036,mixed,mix->FF,mix,FF,3,0,1,2282,2,1.041,12421,5.443,LO,3,2,2,"[ME.LOL2, ME.LOPL3] -> LOL3 -> [LOL4, LO.LOPL4]",ME.LO,2,ME.LOP,3,LO,4,LO.LOP,4
26746677252,mixed,mix->FF,mix,FF,3,0,1,2282,2,1.514,7018,3.075,LO,3,2,2,"[ME.LOPL2, ME.LOPL3] -> LOL3 -> [LO.LOPL4, ME.LOPL4]",ME.LOP,2,ME.LOP,3,LO.LOP,4,ME.LOP,4
24396839622,mixed,mix->FF,mix,FF,3,0,1,2282,2,1.399,11824,5.181,LO,3,2,2,"[LO.LOPL3, ME.LOL2] -> LOL3 -> [LO.LOPL4, ME.LOPL4]",LO.LOP,3,ME.LO,2,LO.LOP,4,ME.LOP,4
20943704297,mixed,mix->FF,mix,FF,3,0,1,2282,3,1.258,36639,16.056,LO,3,2,2,"[MEL2, MEL3] -> LOL3 -> [LO.LOPL4, ME.LOPL4]",ME,2,ME,3,LO.LOP,4,ME.LOP,4
19351322208,mixed,mix->FF,mix,FF,3,0,1,2282,2,1.067,8039,3.523,LO,3,2,2,"[ME.LOPL2, ME.LOPL3] -> LOL3 -> [LOL4, LO.LOPL4]",ME.LOP,2,ME.LOP,3,LO,4,LO.LOP,4
19083150756,mixed,mix->FF,mix,FF,3,0,1,2282,2,1.615,7442,3.261,LO,3,2,2,"[LO.LOPL3, ME.LOPL2] -> LOL3 -> [LO.LOPL4, ME.LOPL4]",LO.LOP,3,ME.LOP,2,LO.LOP,4,ME.LOP,4
18505623315,mixed,mix->FF,mix,FF,3,0,1,2282,4,1.05,12845,5.629,LO,3,2,2,"[LO.LOPL3, ME.LOL2] -> LOL3 -> [LOL4, LO.LOPL4]",LO.LOP,3,ME.LO,2,LO,4,LO.LOP,4
16811916400,mixed,mix->FF,mix,FF,3,0,1,2282,5,1.032,37660,16.503,LO,3,2,2,"[MEL2, MEL3] -> LOL3 -> [LOL4, LO.LOPL4]",ME,2,ME,3,LO,4,LO.LOP,4
14447968341,mixed,mix->FF,mix,FF,3,0,1,2282,3,1.386,18451,8.085,LO,3,2,2,"[MEL3, ME.LOL2] -> LOL3 -> [LO.LOPL4, ME.LOPL4]",ME,3,ME.LO,2,LO.LOP,4,ME.LOP,4
14069519648,mixed,mix->FF,mix,FF,2,1,1,647,120,2.538,11082,17.128,LOP,2,2,2,"[LO.LOPL3, ME.LOPL2] -> LOPL2 -> [LOPL3, ME.LOPL3]",LO.LOP,3,ME.LOP,2,LOP,3,ME.LOP,3
13221726273,mixed,mix->FF,mix,FF,3,0,1,2282,3,1.083,8463,3.709,LO,3,2,2,"[LO.LOPL3, ME.LOPL2] -> LOL3 -> [LOL4, LO.LOPL4]",LO.LOP,3,ME.LOP,2,LO,4,LO.LOP,4
12385666309,mixed,mix->FF,mix,FF,2,1,1,647,102,2.629,16288,25.175,LOP,2,2,2,"[LO.LOPL3, ME.LOPL2] -> LOPL2 -> [LOPL3, ME.LOL3]",LO.LOP,3,ME.LOP,2,LOP,3,ME.LO,3
11267902812,mixed,mix->FF,mix,FF,3,0,1,2282,2,1.598,14069,6.165,LO,3,2,2,"[MEL3, ME.LOPL2] -> LOL3 -> [LO.LOPL4, ME.LOPL4]",ME,3,ME.LOP,2,LO.LOP,4,ME.LOP,4
11016181003,mixed,mix->FF,mix,FF,3,0,1,2282,4,1.049,19472,8.533,LO,3,2,2,"[MEL3, ME.LOL2] -> LOL3 -> [LOL4, LO.LOPL4]",ME,3,ME.LO,2,LO,4,LO.LOP,4
8852666069,mixed,mix->FF,mix,FF,2,1,1,647,99,2.886,15864,24.519,LOP,2,2,2,"[ME.LOPL2, ME.LOPL3] -> LOPL2 -> [LOPL3, ME.LOL3]",ME.LOP,2,ME.LOP,3,LOP,3,ME.LO,3
8614800415,mixed,mix->FF,mix,FF,2,1,1,647,81,1.529,18869,29.164,LOP,2,2,2,"[LO.LOPL3, ME.LOPL2] -> LOPL2 -> [ME.LOL3, ME.LOPL3]",LO.LOP,3,ME.LOP,2,ME.LO,3,ME.LOP,3
7866500844,mixed,mix->FF,mix,FF,3,0,1,2282,3,1.08,15090,6.613,LO,3,2,2,"[MEL3, ME.LOPL2] -> LOL3 -> [LOL4, LO.LOPL4]",ME,3,ME.LOP,2,LO,4,LO.LOP,4
6644323887,mixed,mix->FF,mix,FF,2,1,1,647,131,2.848,7772,12.012,LOP,2,2,2,"[LO.LOPL3, ME.LOPL2] -> LOPL2 -> [LOPL3, LOP.PLPL3]",LO.LOP,3,ME.LOP,2,LOP,3,LOP.PLP,3
5879574324,mixed,mix->FF,mix,FF,3,0,1,2282,2,1.109,5936,2.601,LO,3,2,2,"[LOL2, ME.LOPL3] -> LOL3 -> [LO.LOPL4, ME.LOPL4]",LO,2,ME.LOP,3,LO.LOP,4,ME.LOP,4
5020856777,mixed,mix->FF,mix,FF,2,1,1,647,116,3.096,11082,17.128,LOP,2,2,2,"[ME.LOPL2, ME.LOPL3] -> LOPL2 -> [LO.LOPL3, LOPL3]",ME.LOP,2,ME.LOP,3,LO.LOP,3,LOP,3
5016057516,mixed,mix->FF,mix,FF,3,0,1,2282,2,1.013,6957,3.049,LO,3,2,2,"[LOL2, ME.LOPL3] -> LOL3 -> [LOL4, LO.LOPL4]",LO,2,ME.LOP,3,LO,4,LO.LOP,4
4996815869,mixed,mix->FF,mix,FF,3,0,1,2282,4,1.056,31046,13.605,LO,3,2,2,"[MEL2, ME.LOPL3] -> LOL3 -> [LO.LOPL4, MEL4]",ME,2,ME.LOP,3,LO.LOP,4,ME,4
4830780444,mixed,mix->FF,mix,FF,2,1,1,647,126,2.948,7348,11.357,LOP,2,2,2,"[ME.LOPL2, ME.LOPL3] -> LOPL2 -> [LOPL3, LOP.PLPL3]",ME.LOP,2,ME.LOP,3,LOP,3,LOP.PLP,3
4435828185,mixed,mix->FF,mix,FF,3,0,1,2282,3,1.052,34794,15.247,LO,3,2,2,"[MEL2, ME.LOL3] -> LOL3 -> [LO.LOPL4, ME.LOPL4]",ME,2,ME.LO,3,LO.LOP,4,ME.LOP,4
4036007232,mixed,mix->FF,mix,FF,3,0,1,2282,2,1.135,6360,2.787,LO,3,2,2,"[LOL2, LO.LOPL3] -> LOL3 -> [LO.LOPL4, ME.LOPL4]",LO,2,LO.LOP,3,LO.LOP,4,ME.LOP,4
4034336281,mixed,mix->FF,mix,FF,2,1,1,647,40,2.092,7546,11.663,LOP,2,2,2,"[LO.LOPL3, ME.LOPL2] -> LOPL2 -> [LOPL3, LOP.LOL3]",LO.LOP,3,ME.LOP,2,LOP,3,LOP.LO,3
3918637548,mixed,mix->FF,mix,FF,3,0,1,2282,2,1.895,5538,2.427,LO,3,2,2,"[LO.LOPL2, ME.LOPL3] -> LOL3 -> [LO.LOPL4, ME.LOPL4]",LO.LOP,2,ME.LOP,3,LO.LOP,4,ME.LOP,4
3876156051,mixed,mix->FF,mix,FF,3,0,1,2282,4,1.006,35815,15.695,LO,3,2,2,"[MEL2, ME.LOL3] -> LOL3 -> [LOL4, LO.LOPL4]",ME,2,ME.LO,3,LO,4,LO.LOP,4
3777652796,mixed,mix->FF,mix,FF,2,1,1,647,67,1.833,10353,16.002,LOP,2,2,2,"[LO.LOPL3, ME.LOPL2] -> LOPL2 -> [LOP.PLPL3, ME.LOPL3]",LO.LOP,3,ME.LOP,2,LOP.PLP,3,ME.LOP,3
3671369400,mixed,mix->FF,mix,FF,3,0,1,2282,2,1.061,29792,13.055,LO,3,2,2,"[MEL2, ME.LOPL3] -> LOL3 -> [LOL4, ME.LOPL4]",ME,2,ME.LOP,3,LO,4,ME.LOP,4
3628751556,mixed,mix->FF,mix,FF,2,1,1,647,127,1.216,20714,32.015,LOP,2,2,2,"[LO.LOPL3, ME.LOPL2] -> LOPL2 -> [MEL3, ME.LOPL3]",LO.LOP,3,ME.LOP,2,ME,3,ME.LOP,3
3616163315,mixed,mix->FF,mix,FF,2,1,1,647,105,1.414,18133,28.026,LOP,2,2,2,"[LO.LOPL3, ME.LOPL2] -> LOPL2 -> [LOPL3, MEL3]",LO.LOP,3,ME.LOP,2,LOP,3,ME,3
3512785955,mixed,mix->FF,mix,FF,2,1,1,647,81,2.31,9602,14.841,LOP,2,2,2,"[LO.LOPL2, LO.LOPL3] -> LOPL2 -> [LOPL3, ME.LOPL3]",LO.LOP,2,LO.LOP,3,LOP,3,ME.LOP,3
3409769328,mixed,mix->FF,mix,FF,3,0,1,2282,5,1.069,31470,13.791,LO,3,2,2,"[LO.LOPL3, MEL2] -> LOL3 -> [LO.LOPL4, MEL4]",LO.LOP,3,ME,2,LO.LOP,4,ME,4
3405975936,mixed,mix->FF,mix,FF,3,0,1,2282,9,1.016,7381,3.234,LO,3,2,2,"[LOL2, LO.LOPL3] -> LOL3 -> [LOL4, LO.LOPL4]",LO,2,LO.LOP,3,LO,4,LO.LOP,4
3388680196,mixed,mix->FF,mix,FF,2,1,1,647,53,2.018,15559,24.048,LOP,2,2,2,"[LO.LOPL3, ME.LOPL2] -> LOPL2 -> [LOP.PLPL3, ME.LOL3]",LO.LOP,3,ME.LOP,2,LOP.PLP,3,ME.LO,3
3294063519,mixed,mix->FF,mix,FF,3,0,1,2282,4,1.085,12858,5.635,LO,3,2,2,"[ME.LOL2, ME.LOPL3] -> LOL3 -> [LO.LOPL4, MEL4]",ME.LO,2,ME.LOP,3,LO.LOP,4,ME,4
3221325743,mixed,mix->FF,mix,FF,2,1,1,647,33,2.093,7122,11.008,LOP,2,2,2,"[ME.LOPL2, ME.LOPL3] -> LOPL2 -> [LOPL3, LOP.LOL3]",ME.LOP,2,ME.LOP,3,LOP,3,LOP.LO,3
3212919341,mixed,mix->FF,mix,FF,2,1,1,647,71,2.409,14808,22.887,LOP,2,2,2,"[LO.LOPL2, LO.LOPL3] -> LOPL2 -> [LOPL3, ME.LOL3]",LO.LOP,2,LO.LOP,3,LOP,3,ME.LO,3
2921831397,mixed,mix->FF,mix,FF,3,0,1,2282,3,1.08,16606,7.277,LO,3,2,2,"[ME.LOL2, ME.LOL3] -> LOL3 -> [LO.LOPL4, ME.LOPL4]",ME.LO,2,ME.LO,3,LO.LOP,4,ME.LOP,4
2901982584,mixed,mix->FF,mix,FF,3,0,1,2282,2,1.966,5962,2.613,LO,3,2,2,"[LO.LOPL2, LO.LOPL3] -> LOL3 -> [LO.LOPL4, ME.LOPL4]",LO.LOP,2,LO.LOP,3,LO.LOP,4,ME.LOP,4
2878517139,mixed,mix->FF,mix,FF,2,1,1,647,79,1.151,25920,40.062,LOP,2,2,2,"[LO.LOPL3, ME.LOPL2] -> LOPL2 -> [MEL3, ME.LOL3]",LO.LOP,3,ME.LOP,2,ME,3,ME.LO,3
2523250923,mixed,mix->FF,mix,FF,3,0,1,2282,3,1.01,17627,7.724,LO,3,2,2,"[ME.LOL2, ME.LOL3] -> LOL3 -> [LOL4, LO.LOPL4]",ME.LO,2,ME.LO,3,LO,4,LO.LOP,4
2506751184,mixed,mix->FF,mix,FF,3,0,1,2282,2,1.076,30216,13.241,LO,3,2,2,"[LO.LOPL3, MEL2] -> LOL3 -> [LOL4, ME.LOPL4]",LO.LOP,3,ME,2,LO,4,ME.LOP,4
2468064793,mixed,mix->FF,mix,FF,2,1,1,647,98,1.609,17709,27.371,LOP,2,2,2,"[ME.LOPL2, ME.LOPL3] -> LOPL2 -> [LOPL3, MEL3]",ME.LOP,2,ME.LOP,3,LOP,3,ME,3
2423336736,mixed,mix->FF,mix,FF,3,0,1,2282,2,1.093,11604,5.085,LO,3,2,2,"[ME.LOL2, ME.LOPL3] -> LOL3 -> [LOL4, ME.LOPL4]",ME.LO,2,ME.LOP,3,LO,4,ME.LOP,4
2399294790,mixed,mix->FF,mix,FF,3,0,1,2282,3,1.131,12987,5.691,LO,3,2,2,"[LOL2, MEL3] -> LOL3 -> [LO.LOPL4, ME.LOPL4]",LO,2,ME,3,LO.LOP,4,ME.LOP,4
2398629472,mixed,mix->FF,mix,FF,2,1,1,24835,400,1.948,28502,1.148,ME,2,2,2,"[ME.LOL2, ME.LOL3] -> MEL2 -> [LOL3, MEL3]",ME.LO,2,ME.LO,3,LO,3,ME,3
2394455966,mixed,mix->FF,mix,FF,2,1,1,647,89,2.205,18869,29.164,LOP,2,2,2,"[ME.LOPL2, ME.LOPL3] -> LOPL2 -> [LO.LOPL3, ME.LOL3]",ME.LOP,2,ME.LOP,3,LO.LOP,3,ME.LO,3
2378297124,mixed,mix->FF,mix,FF,3,0,1,2282,2,1.14,8476,3.714,LO,3,2,2,"[ME.LOPL2, ME.LOPL3] -> LOL3 -> [LO.LOPL4, MEL4]",ME.LOP,2,ME.LOP,3,LO.LOP,4,ME,4
2326246572,mixed,mix->FF,mix,FF,3,0,1,2282,2,1.149,6559,2.874,LO,3,2,2,"[LO.LOPL2, ME.LOPL3] -> LOL3 -> [LOL4, LO.LOPL4]",LO.LOP,2,ME.LOP,3,LO,4,LO.LOP,4
2316501008,mixed,mix->FF,mix,FF,2,1,1,647,51,2.213,15135,23.393,LOP,2,2,2,"[ME.LOPL2, ME.LOPL3] -> LOPL2 -> [LOP.PLPL3, ME.LOL3]",ME.LOP,2,ME.LOP,3,LOP.PLP,3,ME.LO,3
2289044068,mixed,mix->FF,mix,FF,2,1,1,647,63,1.448,17389,26.876,LOP,2,2,2,"[LO.LOPL2, LO.LOPL3] -> LOPL2 -> [ME.LOL3, ME.LOPL3]",LO.LOP,2,LO.LOP,3,ME.LO,3,ME.LOP,3
2255282694,mixed,mix->FF,mix,FF,3,0,1,2282,5,1.106,13282,5.82,LO,3,2,2,"[LO.LOPL3, ME.LOL2] -> LOL3 -> [LO.LOPL4, MEL4]",LO.LOP,3,ME.LO,2,LO.LOP,4,ME,4
2254833915,mixed,mix->FF,mix,FF,2,1,1,647,65,1.052,15864,24.519,LOP,2,2,2,"[ME.LOL3, ME.LOPL2] -> LOPL2 -> [LOPL3, ME.LOPL3]",ME.LO,3,ME.LOP,2,LOP,3,ME.LOP,3
2253791872,mixed,mix->FF,mix,FF,2,1,1,647,70,2.636,14384,22.232,LOP,2,2,2,"[LO.LOPL2, ME.LOPL3] -> LOPL2 -> [LOPL3, ME.LOL3]",LO.LOP,2,ME.LOP,3,LOP,3,ME.LO,3
2106402048,mixed,mix->FF,mix,FF,3,0,1,2282,2,1.132,12224,5.357,LO,3,2,2,"[ME.LOL3, ME.LOPL2] -> LOL3 -> [LO.LOPL4, ME.LOPL4]",ME.LO,3,ME.LOP,2,LO.LOP,4,ME.LOP,4
2029163751,mixed,mix->FF,mix,FF,3,0,1,2282,8,1.067,38097,16.695,LO,3,2,2,"[MEL2, MEL3] -> LOL3 -> [LO.LOPL4, MEL4]",ME,2,ME,3,LO.LOP,4,ME,4
2028701976,mixed,mix->FF,mix,FF,3,0,1,2282,5,1.016,14008,6.138,LO,3,2,2,"[LOL2, MEL3] -> LOL3 -> [LOL4, LO.LOPL4]",LO,2,ME,3,LO,4,LO.LOP,4
1887751191,mixed,mix->FF,mix,FF,2,1,1,647,68,1.227,25496,39.406,LOP,2,2,2,"[ME.LOPL2, ME.LOPL3] -> LOPL2 -> [MEL3, ME.LOL3]",ME.LOP,2,ME.LOP,3,ME,3,ME.LO,3
1779976881,mixed,mix->FF,mix,FF,3,0,1,2282,3,1.016,13245,5.804,LO,3,2,2,"[ME.LOL3, ME.LOPL2] -> LOL3 -> [LOL4, LO.LOPL4]",ME.LO,3,ME.LOP,2,LO,4,LO.LOP,4
1753616880,mixed,mix->FF,mix,FF,3,0,1,2282,2,1.153,7222,3.165,LO,3,2,2,"[ME.LOPL2, ME.LOPL3] -> LOL3 -> [LOL4, ME.LOPL4]",ME.LOP,2,ME.LOP,3,LO,4,ME.LOP,4
1753400070,mixed,mix->FF,mix,FF,2,1,1,647,87,2.639,6292,9.725,LOP,2,2,2,"[LO.LOPL2, LO.LOPL3] -> LOPL2 -> [LOPL3, LOP.PLPL3]",LO.LOP,2,LO.LOP,3,LOP,3,LOP.PLP,3
1745173442,mixed,mix->FF,mix,FF,2,1,1,1183,126,1.918,36687,31.012,LO,2,2,2,"[MEL2, ME.LOL3] -> LOL2 -> [LOL3, LO.PVLPL3]",ME,2,ME.LO,3,LO,3,LO.PVLP,3
1720096704,mixed,mix->FF,mix,FF,2,1,1,2282,2,1.107,6350,2.783,LO,3,2,2,"[MEL4, ME.LOPL3] -> LOL3 -> [LO.LOPL4, ME.LOPL4]",ME,4,ME.LOP,3,LO.LOP,4,ME.LOP,4
1702711048,mixed,mix->FF,mix,FF,3,0,1,2282,2,1.957,12589,5.517,LO,3,2,2,"[LO.LOPL2, MEL3] -> LOL3 -> [LO.LOPL4, ME.LOPL4]",LO.LOP,2,ME,3,LO.LOP,4,ME.LOP,4
1660561956,mixed,mix->FF,mix,FF,3,0,1,2282,2,1.115,12028,5.271,LO,3,2,2,"[LO.LOPL3, ME.LOL2] -> LOL3 -> [LOL4, ME.LOPL4]",LO.LOP,3,ME.LO,2,LO,4,ME.LOP,4
1638025479,mixed,mix->FF,mix,FF,3,0,1,2282,3,1.174,8900,3.9,LO,3,2,2,"[LO.LOPL3, ME.LOPL2] -> LOL3 -> [LO.LOPL4, MEL4]",LO.LOP,3,ME.LOP,2,LO.LOP,4,ME,4
1603577571,mixed,mix->FF,mix,FF,3,0,1,2282,8,1.184,6983,3.06,LO,3,2,2,"[LO.LOPL2, LO.LOPL3] -> LOL3 -> [LOL4, LO.LOPL4]",LO.LOP,2,LO.LOP,3,LO,4,LO.LOP,4
1491616818,mixed,mix->FF,mix,FF,3,0,1,2282,3,1.073,36843,16.145,LO,3,2,2,"[MEL2, MEL3] -> LOL3 -> [LOL4, ME.LOPL4]",ME,2,ME,3,LO,4,ME.LOP,4
1469112036,mixed,mix->FF,mix,FF,2,1,1,2282,2,1.013,7371,3.23,LO,3,2,2,"[MEL4, ME.LOPL3] -> LOL3 -> [LOL4, LO.LOPL4]",ME,4,ME.LOP,3,LO,4,LO.LOP,4
1435523808,mixed,mix->FF,mix,FF,2,1,1,2282,2,1.018,5913,2.591,LO,3,2,2,"[LO.LOPL4, ME.LOPL3] -> LOL3 -> [LOL4, ME.LOPL4]",LO.LOP,4,ME.LOP,3,LO,4,ME.LOP,4
1394311276,mixed,mix->FF,mix,FF,2,1,1,647,20,1.166,17709,27.371,LOP,2,2,2,"[MEL3, ME.LOPL2] -> LOPL2 -> [LOPL3, ME.LOPL3]",ME,3,ME.LOP,2,LOP,3,ME.LOP,3
1341333315,mixed,mix->FF,mix,FF,3,0,1,2282,8,1.102,19909,8.724,LO,3,2,2,"[MEL3, ME.LOL2] -> LOL3 -> [LO.LOPL4, MEL4]",ME,3,ME.LO,2,LO.LOP,4,ME,4
1326755184,mixed,mix->FF,mix,FF,2,1,1,2282,2,1.028,5913,2.591,LO,3,2,2,"[ME.LOPL3, ME.LOPL4] -> LOL3 -> [LOL4, LO.LOPL4]",ME.LOP,3,ME.LOP,4,LO,4,LO.LOP,4
1267801992,mixed,mix->FF,mix,FF,2,1,1,2282,2,1.047,5913,2.591,LO,3,2,2,"[LOL4, ME.LOPL3] -> LOL3 -> [LO.LOPL4, ME.LOPL4]",LO,4,ME.LOP,3,LO.LOP,4,ME.LOP,4
1247093396,mixed,mix->FF,mix,FF,2,1,1,647,83,2.712,5868,9.07,LOP,2,2,2,"[LO.LOPL2, ME.LOPL3] -> LOPL2 -> [LOPL3, LOP.PLPL3]",LO.LOP,2,ME.LOP,3,LOP,3,LOP.PLP,3
1239277704,mixed,mix->FF,mix,FF,3,1,0,2282,2,1.096,27527,12.063,LO,3,2,2,"[MEL2, MEL4] -> LOL3 -> [LO.LOPL4, ME.LOPL4]",ME,2,ME,4,LO.LOP,4,ME.LOP,4
1209393792,mixed,mix->FF,mix,FF,3,0,1,2282,2,1.19,7646,3.351,LO,3,2,2,"[LO.LOPL3, ME.LOPL2] -> LOL3 -> [LOL4, ME.LOPL4]",LO.LOP,3,ME.LOP,2,LO,4,ME.LOP,4
1194259881,mixed,mix->FF,mix,FF,2,1,1,647,19,2.388,10127,15.652,LOP,2,2,2,"[LO.LOPL3, ME.LOPL2] -> LOPL2 -> [LOP.LOL3, ME.LOPL3]",LO.LOP,3,ME.LOP,2,LOP.LO,3,ME.LOP,3
1194075962,mixed,mix->FF,mix,FF,2,1,1,647,81,3.043,9602,14.841,LOP,2,2,2,"[LO.LOPL2, ME.LOPL3] -> LOPL2 -> [LO.LOPL3, LOPL3]",LO.LOP,2,ME.LOP,3,LO.LOP,3,LOP,3
1180410372,mixed,mix->FF,mix,FF,2,1,1,2282,2,1.132,6774,2.968,LO,3,2,2,"[LO.LOPL3, MEL4] -> LOL3 -> [LO.LOPL4, ME.LOPL4]",LO.LOP,3,ME,4,LO.LOP,4,ME.LOP,4
1177291753,mixed,mix->FF,mix,FF,2,1,1,647,25,2.172,15333,23.699,LOP,2,2,2,"[LO.LOPL3, ME.LOPL2] -> LOPL2 -> [LOP.LOL3, ME.LOL3]",LO.LOP,3,ME.LOP,2,LOP.LO,3,ME.LO,3
1175012303,mixed,mix->FF,mix,FF,2,1,1,647,24,1.054,25496,39.406,LOP,2,2,2,"[MEL3, ME.LOPL2] -> LOPL2 -> [ME.LOL3, ME.LOPL3]",ME,3,ME.LOP,2,ME.LO,3,ME.LOP,3
1172994613,mixed,mix->FF,mix,FF,2,1,1,647,58,2.678,10353,16.002,LOP,2,2,2,"[ME.LOPL2, ME.LOPL3] -> LOPL2 -> [LO.LOPL3, LOP.PLPL3]",ME.LOP,2,ME.LOP,3,LO.LOP,3,LOP.PLP,3
1128864682,mixed,mix->FF,mix,FF,2,1,1,647,66,1.159,17404,26.9,LOP,2,2,2,"[LO.LOPL3, ME.LOPL2] -> LOPL2 -> [LOP.PLPL3, MEL3]",LO.LOP,3,ME.LOP,2,LOP.PLP,3,ME,3
1118832112,mixed,mix->FF,mix,FF,2,1,1,647,19,1.127,22915,35.417,LOP,2,2,2,"[MEL3, ME.LOPL2] -> LOPL2 -> [LOPL3, ME.LOL3]",ME,3,ME.LOP,2,LOP,3,ME.LO,3
1063236812,mixed,mix->FF,mix,FF,3,1,0,2282,7,1.012,28548,12.51,LO,3,2,2,"[MEL2, MEL4] -> LOL3 -> [LOL4, LO.LOPL4]",ME,2,ME,4,LO,4,LO.LOP,4
1038645944,mixed,mix->FF,mix,FF,3,1,0,2282,2,1.016,27090,11.871,LO,3,2,2,"[LO.LOPL4, MEL2] -> LOL3 -> [LOL4, ME.LOPL4]",LO.LOP,4,ME,2,LO,4,ME.LOP,4
997509454,mixed,mix->FF,mix,FF,2,1,1,2282,6,1.016,7795,3.416,LO,3,2,2,"[LO.LOPL3, MEL4] -> LOL3 -> [LOL4, LO.LOPL4]",LO.LOP,3,ME,4,LO,4,LO.LOP,4
995718672,mixed,mix->FF,mix,FF,2,1,1,647,44,1.715,8873,13.714,LOP,2,2,2,"[LO.LOPL2, LO.LOPL3] -> LOPL2 -> [LOP.PLPL3, ME.LOPL3]",LO.LOP,2,LO.LOP,3,LOP.PLP,3,ME.LOP,3
987467868,mixed,mix->FF,mix,FF,3,0,1,2282,2,1.111,18655,8.175,LO,3,2,2,"[MEL3, ME.LOL2] -> LOL3 -> [LOL4, ME.LOPL4]",ME,3,ME.LO,2,LO,4,ME.LOP,4
984837548,mixed,mix->FF,mix,FF,2,1,1,647,86,1.195,19234,29.728,LOP,2,2,2,"[LO.LOPL2, LO.LOPL3] -> LOPL2 -> [MEL3, ME.LOPL3]",LO.LOP,2,LO.LOP,3,ME,3,ME.LOP,3
979397889,mixed,mix->FF,mix,FF,2,1,1,647,62,1.946,15864,24.519,LOP,2,2,2,"[LOPL3, ME.LOPL2] -> LOPL2 -> [ME.LOL3, ME.LOPL3]",LOP,3,ME.LOP,2,ME.LO,3,ME.LOP,3
975330996,mixed,mix->FF,mix,FF,2,1,1,2282,2,1.023,6337,2.777,LO,3,2,2,"[LO.LOPL3, LO.LOPL4] -> LOL3 -> [LOL4, ME.LOPL4]",LO.LOP,3,LO.LOP,4,LO,4,ME.LOP,4
973183881,mixed,mix->FF,mix,FF,3,0,1,2282,4,1.168,15527,6.804,LO,3,2,2,"[MEL3, ME.LOPL2] -> LOL3 -> [LO.LOPL4, MEL4]",ME,3,ME.LOP,2,LO.LOP,4,ME,4
963962177,mixed,mix->FF,mix,FF,2,1,1,647,61,1.345,16653,25.739,LOP,2,2,2,"[LO.LOPL2, LO.LOPL3] -> LOPL2 -> [LOPL3, MEL3]",LO.LOP,2,LO.LOP,3,LOP,3,ME,3
963112407,mixed,mix->FF,mix,FF,2,1,1,647,73,1.069,25496,39.406,LOP,2,2,2,"[ME.LOL3, ME.LOPL2] -> LOPL2 -> [MEL3, ME.LOPL3]",ME.LO,3,ME.LOP,2,ME,3,ME.LOP,3
959505904,mixed,mix->FF,mix,FF,3,1,0,2282,2,1.025,27090,11.871,LO,3,2,2,"[MEL2, ME.LOPL4] -> LOL3 -> [LOL4, LO.LOPL4]",ME,2,ME.LOP,4,LO,4,LO.LOP,4
952568887,mixed,mix->FF,mix,FF,3,0,1,2282,5,1.178,13610,5.964,LO,3,2,2,"[LO.LOPL2, MEL3] -> LOL3 -> [LOL4, LO.LOPL4]",LO.LOP,2,ME,3,LO,4,LO.LOP,4
948810574,mixed,mix->FF,mix,FF,2,1,1,1183,146,1.812,18499,15.637,LO,2,2,2,"[ME.LOL2, ME.LOL3] -> LOL2 -> [LOL3, LO.PVLPL3]",ME.LO,2,ME.LO,3,LO,3,LO.PVLP,3
945954473,mixed,mix->FF,mix,FF,2,1,1,647,29,1.858,6066,9.376,LOP,2,2,2,"[LO.LOPL2, LO.LOPL3] -> LOPL2 -> [LOPL3, LOP.LOL3]",LO.LOP,2,LO.LOP,3,LOP,3,LOP.LO,3
916002932,mixed,mix->FF,mix,FF,3,1,0,2282,2,1.042,27090,11.871,LO,3,2,2,"[LOL4, MEL2] -> LOL3 -> [LO.LOPL4, ME.LOPL4]",LO,4,ME,2,LO.LOP,4,ME.LOP,4
914017283,mixed,mix->FF,mix,FF,2,1,1,647,21,2.204,14909,23.043,LOP,2,2,2,"[ME.LOPL2, ME.LOPL3] -> LOPL2 -> [LOP.LOL3, ME.LOL3]",ME.LOP,2,ME.LOP,3,LOP.LO,3,ME.LO,3
912676856,mixed,mix->FF,mix,FF,2,1,1,647,40,1.931,14079,21.76,LOP,2,2,2,"[LO.LOPL2, LO.LOPL3] -> LOPL2 -> [LOP.PLPL3, ME.LOL3]",LO.LOP,2,LO.LOP,3,LOP.PLP,3,ME.LO,3
909123628,mixed,mix->FF,mix,FF,2,1,1,647,106,1.989,9706,15.002,LOP,2,2,2,"[LO.LOPL3, ME.LOPL2] -> LOPL2 -> [LOL3, LOPL3]",LO.LOP,3,ME.LOP,2,LO,3,LOP,3
902417052,mixed,mix->FF,mix,FF,2,1,1,2282,2,1.034,6337,2.777,LO,3,2,2,"[LO.LOPL3, ME.LOPL4] -> LOL3 -> [LOL4, LO.LOPL4]",LO.LOP,3,ME.LOP,4,LO,4,LO.LOP,4
890280181,mixed,mix->FF,mix,FF,2,1,1,647,53,1.079,22915,35.417,LOP,2,2,2,"[ME.LOL3, ME.LOPL2] -> LOPL2 -> [LOPL3, MEL3]",ME.LO,3,ME.LOP,2,LOP,3,ME,3
864253536,mixed,mix->FF,mix,FF,2,1,1,2282,2,1.058,6337,2.777,LO,3,2,2,"[LOL4, LO.LOPL3] -> LOL3 -> [LO.LOPL4, ME.LOPL4]",LO,4,LO.LOP,3,LO.LOP,4,ME.LOP,4
831903127,mixed,mix->FF,mix,FF,2,1,1,647,98,1.032,18869,29.164,LOP,2,2,2,"[ME.LOL3, ME.LOPL2] -> LOPL2 -> [LO.LOPL3, ME.LOPL3]",ME.LO,3,ME.LOP,2,LO.LOP,3,ME.LOP,3
831356146,mixed,mix->FF,mix,FF,2,1,1,647,107,1.344,20714,32.015,LOP,2,2,2,"[ME.LOPL2, ME.LOPL3] -> LOPL2 -> [LO.LOPL3, MEL3]",ME.LOP,2,ME.LOP,3,LO.LOP,3,ME,3
824922234,mixed,mix->FF,mix,FF,3,1,0,2282,2,1.146,9339,4.092,LO,3,2,2,"[MEL4, ME.LOL2] -> LOL3 -> [LO.LOPL4, ME.LOPL4]",ME,4,ME.LO,2,LO.LOP,4,ME.LOP,4
790412060,mixed,mix->FF,mix,FF,2,1,1,647,21,1.906,6817,10.536,LOP,2,2,2,"[LO.LOPL3, ME.LOPL2] -> LOPL2 -> [LOP.LOL3, LOP.PLPL3]",LO.LOP,3,ME.LOP,2,LOP.LO,3,LOP.PLP,3
782791937,mixed,mix->FF,mix,FF,2,1,1,647,55,1.135,24440,37.774,LOP,2,2,2,"[LO.LOPL2, LO.LOPL3] -> LOPL2 -> [MEL3, ME.LOL3]",LO.LOP,2,LO.LOP,3,ME,3,ME.LO,3
779751940,mixed,mix->FF,mix,FF,2,1,1,647,70,1.335,12287,18.991,LOP,2,2,2,"[LO.LOPL3, ME.LOPL2] -> LOPL2 -> [LOL3, ME.LOPL3]",LO.LOP,3,ME.LOP,2,LO,3,ME.LOP,3
776644446,mixed,mix->FF,mix,FF,2,1,1,647,31,1.068,10160,15.703,LOP,2,2,2,"[LO.LOPL3, ME.LOPL2] -> LOPL2 -> [LO.MEL3, ME.LOPL3]",LO.LOP,3,ME.LOP,2,LO.ME,3,ME.LOP,3
768459396,mixed,mix->FF,mix,FF,2,1,1,647,30,1.015,15135,23.393,LOP,2,2,2,"[ME.LOL3, ME.LOPL2] -> LOPL2 -> [LOP.PLPL3, ME.LOPL3]",ME.LO,3,ME.LOP,2,LOP.PLP,3,ME.LOP,3
767201526,mixed,mix->FF,mix,FF,2,1,1,647,78,1.037,16288,25.175,LOP,2,2,2,"[ME.LOL3, ME.LOPL2] -> LOPL2 -> [LO.LOPL3, LOPL3]",ME.LO,3,ME.LOP,2,LO.LOP,3,LOP,3
736803493,mixed,mix->FF,mix,FF,2,1,1,647,61,1.226,16980,26.244,LOP,2,2,2,"[ME.LOPL2, ME.LOPL3] -> LOPL2 -> [LOP.PLPL3, MEL3]",ME.LOP,2,ME.LOP,3,LOP.PLP,3,ME,3
736738714,mixed,mix->FF,mix,FF,2,1,1,24835,134,1.587,23038,0.928,ME,2,2,2,"[LOL2, ME.LOL3] -> MEL2 -> [LOL3, MEL3]",LO,2,ME.LO,3,LO,3,ME,3
733964873,mixed,mix->FF,mix,FF,2,1,1,647,24,1.938,5642,8.72,LOP,2,2,2,"[LO.LOPL2, ME.LOPL3] -> LOPL2 -> [LOPL3, LOP.LOL3]",LO.LOP,2,ME.LOP,3,LOP,3,LOP.LO,3
718355328,mixed,mix->FF,mix,FF,3,0,1,2282,2,1.183,14273,6.255,LO,3,2,2,"[MEL3, ME.LOPL2] -> LOL3 -> [LOL4, ME.LOPL4]",ME,3,ME.LOP,2,LO,4,ME.LOP,4
717863417,mixed,mix->FF,mix,FF,2,1,1,647,37,1.077,7579,11.714,LOP,2,2,2,"[LO.LOPL3, ME.LOPL2] -> LOPL2 -> [LO.MEL3, LOPL3]",LO.LOP,3,ME.LOP,2,LO.ME,3,LOP,3
708089872,mixed,mix->FF,mix,FF,2,1,1,647,50,1.018,12554,19.403,LOP,2,2,2,"[ME.LOL3, ME.LOPL2] -> LOPL2 -> [LOPL3, LOP.PLPL3]",ME.LO,3,ME.LOP,2,LOP,3,LOP.PLP,3
701757564,mixed,mix->FF,mix,FF,2,1,1,2282,2,1.128,13401,5.872,LO,3,2,2,"[MEL3, MEL4] -> LOL3 -> [LO.LOPL4, ME.LOPL4]",ME,3,ME,4,LO.LOP,4,ME.LOP,4
693085913,mixed,mix->FF,mix,FF,3,1,0,2282,5,1.018,10360,4.54,LO,3,2,2,"[MEL4, ME.LOL2] -> LOL3 -> [LOL4, LO.LOPL4]",ME,4,ME.LO,2,LO,4,LO.LOP,4
688023534,mixed,mix->FF,mix,FF,2,1,1,24835,305,1.983,28502,1.148,ME,2,2,2,"[LOL3, ME.LOL2] -> MEL2 -> [MEL3, ME.LOL3]",LO,3,ME.LO,2,ME,3,ME.LO,3
677915058,mixed,mix->FF,mix,FF,3,1,0,2282,2,1.025,8902,3.901,LO,3,2,2,"[LO.LOPL4, ME.LOL2] -> LOL3 -> [LOL4, ME.LOPL4]",LO.LOP,4,ME.LO,2,LO,4,ME.LOP,4
652248198,mixed,mix->FF,mix,FF,2,1,1,647,57,1.511,16229,25.083,LOP,2,2,2,"[LO.LOPL2, ME.LOPL3] -> LOPL2 -> [LOPL3, MEL3]",LO.LOP,2,ME.LOP,3,LOP,3,ME,3
636622400,mixed,mix->FF,mix,FF,2,1,1,647,84,1.332,17493,27.037,LOP,2,2,2,"[LO.LOPL3, ME.LOPL2] -> LOPL2 -> [LOL3, ME.LOL3]",LO.LOP,3,ME.LOP,2,LO,3,ME.LO,3
634748031,mixed,mix->FF,mix,FF,2,1,1,647,95,2.297,9282,14.346,LOP,2,2,2,"[ME.LOPL2, ME.LOPL3] -> LOPL2 -> [LOL3, LOPL3]",ME.LOP,2,ME.LOP,3,LO,3,LOP,3
627610614,mixed,mix->FF,mix,FF,3,1,0,2282,2,1.038,8902,3.901,LO,3,2,2,"[ME.LOL2, ME.LOPL4] -> LOL3 -> [LOL4, LO.LOPL4]",ME.LO,2,ME.LOP,4,LO,4,LO.LOP,4
625513575,mixed,mix->FF,mix,FF,2,1,1,647,15,1.039,15366,23.75,LOP,2,2,2,"[LO.LOPL3, ME.LOPL2] -> LOPL2 -> [LO.MEL3, ME.LOL3]",LO.LOP,3,ME.LOP,2,LO.ME,3,ME.LO,3
618622012,mixed,mix->FF,mix,FF,2,1,1,647,68,2.022,17389,26.876,LOP,2,2,2,"[LO.LOPL2, ME.LOPL3] -> LOPL2 -> [LO.LOPL3, ME.LOL3]",LO.LOP,2,ME.LOP,3,LO.LOP,3,ME.LO,3
618002398,mixed,mix->FF,mix,FF,2,1,1,647,38,2.084,13655,21.105,LOP,2,2,2,"[LO.LOPL2, ME.LOPL3] -> LOPL2 -> [LOP.PLPL3, ME.LOL3]",LO.LOP,2,ME.LOP,3,LOP.PLP,3,ME.LO,3
617612852,mixed,mix->FF,mix,FF,2,1,1,647,45,1.052,14384,22.232,LOP,2,2,2,"[LO.LOPL2, ME.LOL3] -> LOPL2 -> [LOPL3, ME.LOPL3]",LO.LOP,2,ME.LO,3,LOP,3,ME.LOP,3
614492825,mixed,mix->FF,mix,FF,2,1,1,647,16,2.159,10127,15.652,LOP,2,2,2,"[ME.LOPL2, ME.LOPL3] -> LOPL2 -> [LO.LOPL3, LOP.LOL3]",ME.LOP,2,ME.LOP,3,LO.LOP,3,LOP.LO,3
611059627,mixed,mix->FF,mix,FF,2,1,1,647,20,1.978,6393,9.881,LOP,2,2,2,"[ME.LOPL2, ME.LOPL3] -> LOPL2 -> [LOP.LOL3, LOP.PLPL3]",ME.LOP,2,ME.LOP,3,LOP.LO,3,LOP.PLP,3
605961792,mixed,mix->FF,mix,FF,3,1,0,2282,2,1.239,4957,2.172,LO,3,2,2,"[MEL4, ME.LOPL2] -> LOL3 -> [LO.LOPL4, ME.LOPL4]",ME,4,ME.LOP,2,LO.LOP,4,ME.LOP,4
601804032,mixed,mix->FF,mix,FF,3,1,0,2282,2,1.064,8902,3.901,LO,3,2,2,"[LOL4, ME.LOL2] -> LOL3 -> [LO.LOPL4, ME.LOPL4]",LO,4,ME.LO,2,LO.LOP,4,ME.LOP,4
599461148,mixed,mix->FF,mix,FF,3,0,1,2282,4,1.028,7394,3.24,LO,3,2,2,"[LOL2, ME.LOPL3] -> LOL3 -> [LO.LOPL4, MEL4]",LO,2,ME.LOP,3,LO.LOP,4,ME,4
594151003,mixed,mix->FF,mix,FF,2,1,1,2282,4,1.015,14422,6.32,LO,3,2,2,"[MEL3, MEL4] -> LOL3 -> [LOL4, LO.LOPL4]",ME,3,ME,4,LO,4,LO.LOP,4
580873676,mixed,mix->FF,mix,FF,2,1,1,2282,2,1.022,12964,5.681,LO,3,2,2,"[LO.LOPL4, MEL3] -> LOL3 -> [LOL4, ME.LOPL4]",LO.LOP,4,ME,3,LO,4,ME.LOP,4
537343204,mixed,mix->FF,mix,FF,2,1,1,2282,2,1.033,12964,5.681,LO,3,2,2,"[MEL3, ME.LOPL4] -> LOL3 -> [LOL4, LO.LOPL4]",ME,3,ME.LOP,4,LO,4,LO.LOP,4
534845317,mixed,mix->FF,mix,FF,2,1,1,647,33,2.786,7451,11.516,LOP,2,2,2,"[LO.LOPL3, ME.LOPL2] -> LOPL2 -> [LOPL3, LOP.MEL3]",LO.LOP,3,ME.LOP,2,LOP,3,LOP.ME,3
532586214,mixed,mix->FF,mix,FF,3,0,1,2282,3,1.026,11142,4.883,LO,3,2,2,"[LOL2, ME.LOL3] -> LOL3 -> [LO.LOPL4, ME.LOPL4]",LO,2,ME.LO,3,LO.LOP,4,ME.LOP,4
520139461,mixed,mix->FF,mix,FF,2,1,1,24835,46,2.14,26325,1.06,ME,2,2,2,"[ME.LOL2, ME.LOL3] -> MEL2 -> [MEL3, ME.PLPL3]",ME.LO,2,ME.LO,3,ME,3,ME.PLP,3
514412192,mixed,mix->FF,mix,FF,2,1,1,2282,2,1.056,12964,5.681,LO,3,2,2,"[LOL4, MEL3] -> LOL3 -> [LO.LOPL4, ME.LOPL4]",LO,4,ME,3,LO.LOP,4,ME.LOP,4
512022940,mixed,mix->FF,mix,FF,2,1,1,647,47,1.205,24016,37.119,LOP,2,2,2,"[LO.LOPL2, ME.LOPL3] -> LOPL2 -> [MEL3, ME.LOL3]",LO.LOP,2,ME.LOP,3,ME,3,ME.LO,3
510310139,mixed,mix->FF,mix,FF,2,1,1,647,17,1.167,7435,11.491,LOP,2,2,2,"[LO.LOPL3, ME.LOPL2] -> LOPL2 -> [LOPL3, LOP.PVLPL3]",LO.LOP,3,ME.LOP,2,LOP,3,LOP.PVLP,3
502427372,mixed,mix->FF,mix,FF,2,1,1,647,39,1.094,20714,32.015,LOP,2,2,2,"[MEL3, ME.LOPL2] -> LOPL2 -> [LO.LOPL3, ME.LOPL3]",ME,3,ME.LOP,2,LO.LOP,3,ME.LOP,3
500355254,mixed,mix->FF,mix,FF,2,1,1,647,111,2.447,11082,17.128,LOP,2,2,2,"[LOPL3, ME.LOPL2] -> LOPL2 -> [LO.LOPL3, ME.LOPL3]",LOP,3,ME.LOP,2,LO.LOP,3,ME.LOP,3
494625177,mixed,mix->FF,mix,FF,2,1,1,647,16,1.242,18133,28.026,LOP,2,2,2,"[MEL3, ME.LOPL2] -> LOPL2 -> [LO.LOPL3, LOPL3]",ME,3,ME.LOP,2,LO.LOP,3,LOP,3
490183695,mixed,mix->FF,mix,FF,3,1,0,2282,3,1.029,5978,2.62,LO,3,2,2,"[MEL4, ME.LOPL2] -> LOL3 -> [LOL4, LO.LOPL4]",ME,4,ME.LOP,2,LO,4,LO.LOP,4
489032640,mixed,mix->FF,mix,FF,3,0,1,52,1,1.0,3164,60.846,MB_ML,3,2,2,"[MB_CA.MB_MLL2, MB_CA.MB_MLL3] -> MB_MLL3 -> [MB_CA.MB_MLL4, PLP.MB_MLL4]",MB_CA.MB_ML,2,MB_CA.MB_ML,3,MB_CA.MB_ML,4,PLP.MB_ML,4
480587232,mixed,mix->FF,mix,FF,3,1,0,2282,2,1.042,4520,1.981,LO,3,2,2,"[LO.LOPL4, ME.LOPL2] -> LOL3 -> [LOL4, ME.LOPL4]",LO.LOP,4,ME.LOP,2,LO,4,ME.LOP,4
470677743,mixed,mix->FF,mix,FF,3,0,1,2282,4,1.003,12163,5.33,LO,3,2,2,"[LOL2, ME.LOL3] -> LOL3 -> [LOL4, LO.LOPL4]",LO,2,ME.LO,3,LO,4,LO.LOP,4
465928242,mixed,mix->FF,mix,FF,2,1,1,647,33,1.126,7155,11.059,LOP,2,2,2,"[ME.LOPL2, ME.LOPL3] -> LOPL2 -> [LO.MEL3, LOPL3]",ME.LOP,2,ME.LOP,3,LO.ME,3,LOP,3
465509222,mixed,mix->FF,mix,FF,2,1,1,647,31,1.937,8130,12.566,LOP,2,2,2,"[LO.LOPL3, ME.LOPL2] -> LOPL2 -> [LO.PVLPL3, LOPL3]",LO.LOP,3,ME.LOP,2,LO.PVLP,3,LOP,3
464981875,mixed,mix->FF,mix,FF,2,1,1,1183,74,1.761,38532,32.571,LO,2,2,2,"[MEL2, MEL3] -> LOL2 -> [LOL3, LO.PVLPL3]",ME,2,ME,3,LO,3,LO.PVLP,3
461499055,mixed,mix->FF,mix,FF,3,0,1,2282,11,1.013,36252,15.886,LO,3,2,2,"[MEL2, ME.LOL3] -> LOL3 -> [LO.LOPL4, MEL4]",ME,2,ME.LO,3,LO.LOP,4,ME,4
460550136,mixed,mix->FF,mix,FF,2,1,1,647,13,1.06,16980,26.244,LOP,2,2,2,"[MEL3, ME.LOPL2] -> LOPL2 -> [LOP.PLPL3, ME.LOPL3]",ME,3,ME.LOP,2,LOP.PLP,3,ME.LOP,3
453443932,mixed,mix->FF,mix,FF,2,1,1,647,66,2.384,7348,11.357,LOP,2,2,2,"[LOPL3, ME.LOPL2] -> LOPL2 -> [LOP.PLPL3, ME.LOPL3]",LOP,3,ME.LOP,2,LOP.PLP,3,ME.LOP,3
449852586,mixed,mix->FF,mix,FF,3,0,1,2282,2,1.128,30229,13.247,LO,3,2,2,"[MEL2, ME.LOPL3] -> LOL3 -> [MEL4, ME.LOPL4]",ME,2,ME.LOP,3,ME,4,ME.LOP,4
446703792,mixed,mix->FF,mix,FF,3,1,0,2282,2,1.063,4520,1.981,LO,3,2,2,"[ME.LOPL2, ME.LOPL4] -> LOL3 -> [LOL4, LO.LOPL4]",ME.LOP,2,ME.LOP,4,LO,4,LO.LOP,4
446531118,mixed,mix->FF,mix,FF,2,1,1,647,19,1.172,14399,22.255,LOP,2,2,2,"[MEL3, ME.LOPL2] -> LOPL2 -> [LOPL3, LOP.PLPL3]",ME,3,ME.LOP,2,LOP,3,LOP.PLP,3
439910136,mixed,mix->FF,mix,FF,3,0,1,2282,2,1.03,6140,2.691,LO,3,2,2,"[LOL2, ME.LOPL3] -> LOL3 -> [LOL4, ME.LOPL4]",LO,2,ME.LOP,3,LO,4,ME.LOP,4
431818536,mixed,mix->FF,mix,FF,3,1,0,2282,2,1.106,4520,1.981,LO,3,2,2,"[LOL4, ME.LOPL2] -> LOL3 -> [LO.LOPL4, ME.LOPL4]",LO,4,ME.LOP,2,LO.LOP,4,ME.LOP,4
425012680,mixed,mix->FF,mix,FF,2,1,1,647,70,2.548,16288,25.175,LOP,2,2,2,"[LOPL3, ME.LOPL2] -> LOPL2 -> [LO.LOPL3, ME.LOL3]",LOP,3,ME.LOP,2,LO.LOP,3,ME.LO,3
421718652,mixed,mix->FF,mix,FF,2,1,1,647,73,1.446,17069,26.382,LOP,2,2,2,"[ME.LOPL2, ME.LOPL3] -> LOPL2 -> [LOL3, ME.LOL3]",ME.LOP,2,ME.LOP,3,LO,3,ME.LO,3
418331862,mixed,mix->FF,mix,FF,2,1,1,647,48,2.479,12554,19.403,LOP,2,2,2,"[LOPL3, ME.LOPL2] -> LOPL2 -> [LOP.PLPL3, ME.LOL3]",LOP,3,ME.LOP,2,LOP.PLP,3,ME.LO,3
415714348,mixed,mix->FF,mix,FF,2,1,1,24835,105,1.956,22014,0.886,ME,2,2,2,"[LO.MEL2, ME.LOL3] -> MEL2 -> [LOL3, MEL3]",LO.ME,2,ME.LO,3,LO,3,ME,3
407748678,mixed,mix->FF,mix,FF,3,0,1,2282,5,1.035,7818,3.426,LO,3,2,2,"[LOL2, LO.LOPL3] -> LOL3 -> [LO.LOPL4, MEL4]",LO,2,LO.LOP,3,LO.LOP,4,ME,4
406478793,mixed,mix->FF,mix,FF,2,1,1,647,31,2.73,7027,10.861,LOP,2,2,2,"[ME.LOPL2, ME.LOPL3] -> LOPL2 -> [LOPL3, LOP.MEL3]",ME.LOP,2,ME.LOP,3,LOP,3,LOP.ME,3
405878144,mixed,mix->FF,mix,FF,2,1,1,647,24,1.07,25920,40.062,LOP,2,2,2,"[MEL3, ME.LOPL2] -> LOPL2 -> [LO.LOPL3, ME.LOL3]",ME,3,ME.LOP,2,LO.LOP,3,ME.LO,3
401411288,mixed,mix->FF,mix,FF,2,1,1,647,14,1.064,14942,23.094,LOP,2,2,2,"[ME.LOPL2, ME.LOPL3] -> LOPL2 -> [LO.MEL3, ME.LOL3]",ME.LOP,2,ME.LOP,3,LO.ME,3,ME.LO,3
383544884,mixed,mix->FF,mix,FF,2,1,1,647,105,1.393,17709,27.371,LOP,2,2,2,"[LOPL3, ME.LOPL2] -> LOPL2 -> [MEL3, ME.LOPL3]",LOP,3,ME.LOP,2,ME,3,ME.LOP,3
380808200,mixed,mix->FF,mix,FF,3,0,1,2282,11,1.016,31250,13.694,LO,3,2,2,"[MEL2, ME.LOPL3] -> LOL3 -> [LOL4, MEL4]",ME,2,ME.LOP,3,LO,4,ME,4
374208769,mixed,mix->FF,mix,FF,2,1,1,647,15,1.049,22186,34.291,LOP,2,2,2,"[MEL3, ME.LOPL2] -> LOPL2 -> [LOP.PLPL3, ME.LOL3]",ME,3,ME.LOP,2,LOP.PLP,3,ME.LO,3
373986104,mixed,mix->FF,mix,FF,2,1,1,647,16,1.121,16229,25.083,LOP,2,2,2,"[LO.LOPL2, MEL3] -> LOPL2 -> [LOPL3, ME.LOPL3]",LO.LOP,2,ME,3,LOP,3,ME.LOP,3
370248441,mixed,mix->FF,mix,FF,2,1,1,647,29,2.01,7706,11.91,LOP,2,2,2,"[ME.LOPL2, ME.LOPL3] -> LOPL2 -> [LO.PVLPL3, LOPL3]",ME.LOP,2,ME.LOP,3,LO.PVLP,3,LOP,3
369589844,mixed,mix->FF,mix,FF,2,1,1,647,16,1.144,7011,10.836,LOP,2,2,2,"[ME.LOPL2, ME.LOPL3] -> LOPL2 -> [LOPL3, LOP.PVLPL3]",ME.LOP,2,ME.LOP,3,LOP,3,LOP.PVLP,3
349014267,mixed,mix->FF,mix,FF,2,1,1,647,24,1.66,8924,13.793,LOP,2,2,2,"[LO.LOPL3, LOP.LOL2] -> LOPL2 -> [LOPL3, ME.LOPL3]",LO.LOP,3,LOP.LO,2,LOP,3,ME.LOP,3
344383585,mixed,mix->FF,mix,FF,2,1,1,24835,778,2.076,28502,1.148,ME,2,2,2,"[MEL3, ME.LOL2] -> MEL2 -> [LOL3, ME.LOL3]",ME,3,ME.LO,2,LO,3,ME.LO,3
338597235,mixed,mix->FF,mix,FF,2,1,1,647,32,1.845,10032,15.505,LOP,2,2,2,"[LO.LOPL3, ME.LOPL2] -> LOPL2 -> [LOP.MEL3, ME.LOPL3]",LO.LOP,3,ME.LOP,2,LOP.ME,3,ME.LOP,3
338444332,mixed,mix->FF,mix,FF,3,0,1,2282,3,1.015,34998,15.337,LO,3,2,2,"[MEL2, ME.LOL3] -> LOL3 -> [LOL4, ME.LOPL4]",ME,2,ME.LO,3,LO,4,ME.LOP,4
326874017,mixed,mix->FF,mix,FF,2,1,1,647,84,1.049,25920,40.062,LOP,2,2,2,"[ME.LOL3, ME.LOPL2] -> LOPL2 -> [LO.LOPL3, MEL3]",ME.LO,3,ME.LOP,2,LO.LOP,3,ME,3
320070103,mixed,mix->FF,mix,FF,2,1,1,647,20,1.043,24016,37.119,LOP,2,2,2,"[LO.LOPL2, MEL3] -> LOPL2 -> [ME.LOL3, ME.LOPL3]",LO.LOP,2,ME,3,ME.LO,3,ME.LOP,3
309420714,mixed,mix->FF,mix,FF,3,0,1,2282,2,1.159,30653,13.433,LO,3,2,2,"[LO.LOPL3, MEL2] -> LOL3 -> [MEL4, ME.LOPL4]",LO.LOP,3,ME,2,ME,4,ME.LOP,4
307892091,mixed,mix->FF,mix,FF,2,1,1,647,40,1.104,17211,26.601,LOP,2,2,2,"[LO.LOPL3, ME.LOPL2] -> LOPL2 -> [LO.MEL3, MEL3]",LO.LOP,3,ME.LOP,2,LO.ME,3,ME,3
305899623,mixed,mix->FF,mix,FF,2,1,1,647,37,1.136,15924,24.612,LOP,2,2,2,"[LO.LOPL2, LO.LOPL3] -> LOPL2 -> [LOP.PLPL3, MEL3]",LO.LOP,2,LO.LOP,3,LOP.PLP,3,ME,3
305327082,mixed,mix->FF,mix,FF,2,1,1,647,24,2.669,7431,11.485,LOP,2,2,2,"[LO.LOPL3, ME.LOPL2] -> LOPL2 -> [LOPL3, LOP.IPSL3]",LO.LOP,3,ME.LOP,2,LOP,3,LOP.IPS,3
301698330,mixed,mix->FF,mix,FF,3,0,1,2282,2,1.195,12041,5.277,LO,3,2,2,"[ME.LOL2, ME.LOPL3] -> LOL3 -> [MEL4, ME.LOPL4]",ME.LO,2,ME.LOP,3,ME,4,ME.LOP,4
301411318,mixed,mix->FF,mix,FF,2,1,1,647,17,1.092,21435,33.13,LOP,2,2,2,"[LO.LOPL2, MEL3] -> LOPL2 -> [LOPL3, ME.LOL3]",LO.LOP,2,ME,3,LOP,3,ME.LO,3
300975235,mixed,mix->FF,mix,FF,3,0,1,2282,11,1.021,18064,7.916,LO,3,2,2,"[ME.LOL2, ME.LOL3] -> LOL3 -> [LO.LOPL4, MEL4]",ME.LO,2,ME.LO,3,LO.LOP,4,ME,4
31224483800,mixed,FB->lat,FB,lat,0,2,2,2282,2,1.461,8835,3.872,LO,3,2,2,"[LO.LOPL4, ME.LOPL4] -> LOL3 -> [LO.LOPL3, ME.LOPL3]",LO.LOP,4,ME.LOP,4,LO.LOP,3,ME.LOP,3
31188154700,mixed,FB->lat,FB,lat,0,2,2,2282,2,1.226,10293,4.511,LO,3,2,2,"[LO.LOPL4, MEL4] -> LOL3 -> [LO.LOPL3, ME.LOPL3]",LO.LOP,4,ME,4,LO.LOP,3,ME.LOP,3
22299759400,mixed,FB->lat,FB,lat,0,2,2,2282,2,1.1,9856,4.319,LO,3,2,2,"[LOL4, LO.LOPL4] -> LOL3 -> [LO.LOPL3, ME.LOPL3]",LO,4,LO.LOP,4,LO.LOP,3,ME.LOP,3
3125475160,mixed,FB->lat,FB,lat,0,2,2,2282,2,1.684,9476,4.152,LO,3,2,2,"[MEL4, ME.LOPL4] -> LOL3 -> [LO.LOPL3, ME.LOPL3]",ME,4,ME.LOP,4,LO.LOP,3,ME.LOP,3
2198229040,mixed,FB->lat,FB,lat,0,2,2,2282,2,1.037,17344,7.6,LO,3,2,2,"[LO.LOPL4, MEL4] -> LOL3 -> [LO.LOPL3, MEL3]",LO.LOP,4,ME,4,LO.LOP,3,ME,3
2056846138,mixed,FB->lat,FB,lat,0,2,2,647,29,1.383,16652,25.737,LOP,2,2,2,"[LO.LOPL3, ME.LOPL3] -> LOPL2 -> [ME.LOL2, ME.LOPL2]",LO.LOP,3,ME.LOP,3,ME.LO,2,ME.LOP,2
2048831800,mixed,FB->lat,FB,lat,0,2,2,2282,4,1.162,10497,4.6,LO,3,2,2,"[LOL4, MEL4] -> LOL3 -> [LO.LOPL3, ME.LOPL3]",LO,4,ME,4,LO.LOP,3,ME.LOP,3
2028440320,mixed,FB->lat,FB,lat,0,2,2,2282,2,1.026,16920,7.415,LO,3,2,2,"[LO.LOPL4, MEL4] -> LOL3 -> [MEL3, ME.LOPL3]",LO.LOP,4,ME,4,ME,3,ME.LOP,3
2011609660,mixed,FB->lat,FB,lat,0,2,2,2282,2,1.079,15886,6.961,LO,3,2,2,"[LO.LOPL4, ME.LOPL4] -> LOL3 -> [LO.LOPL3, MEL3]",LO.LOP,4,ME.LOP,4,LO.LOP,3,ME,3
1994121680,mixed,FB->lat,FB,lat,0,2,2,2282,2,1.338,9039,3.961,LO,3,2,2,"[LOL4, ME.LOPL4] -> LOL3 -> [LO.LOPL3, ME.LOPL3]",LO,4,ME.LOP,4,LO.LOP,3,ME.LOP,3
1844937280,mixed,FB->lat,FB,lat,0,2,2,2282,2,1.055,15462,6.776,LO,3,2,2,"[LO.LOPL4, ME.LOPL4] -> LOL3 -> [MEL3, ME.LOPL3]",LO.LOP,4,ME.LOP,4,ME,3,ME.LOP,3
1783359155,mixed,FB->lat,FB,lat,0,2,2,2282,2,1.054,15499,6.792,LO,3,2,2,"[LO.LOPL4, MEL4] -> LOL3 -> [LO.LOPL3, ME.LOL3]",LO.LOP,4,ME,4,LO.LOP,3,ME.LO,3
1777059999,mixed,FB->lat,FB,lat,0,2,2,647,70,2.06,10790,16.677,LOP,2,2,2,"[LO.LOPL3, ME.LOPL3] -> LOPL2 -> [LO.LOPL2, ME.LOPL2]",LO.LOP,3,ME.LOP,3,LO.LOP,2,ME.LOP,2
1650619350,mixed,FB->lat,FB,lat,0,2,2,2282,3,1.016,16907,7.409,LO,3,2,2,"[LOL4, LO.LOPL4] -> LOL3 -> [LO.LOPL3, MEL3]",LO,4,LO.LOP,4,LO.LOP,3,ME,3
1646454620,mixed,FB->lat,FB,lat,0,2,2,2282,2,1.114,14041,6.153,LO,3,2,2,"[LO.LOPL4, ME.LOPL4] -> LOL3 -> [LO.LOPL3, ME.LOL3]",LO.LOP,4,ME.LOP,4,LO.LOP,3,ME.LO,3
1641605540,mixed,FB->lat,FB,lat,0,2,2,2282,2,1.037,15075,6.606,LO,3,2,2,"[LO.LOPL4, MEL4] -> LOL3 -> [ME.LOL3, ME.LOPL3]",LO.LOP,4,ME,4,ME.LO,3,ME.LOP,3
1527837440,mixed,FB->lat,FB,lat,0,2,2,2282,2,1.011,16483,7.223,LO,3,2,2,"[LOL4, LO.LOPL4] -> LOL3 -> [MEL3, ME.LOPL3]",LO,4,LO.LOP,4,ME,3,ME.LOP,3
1502509160,mixed,FB->lat,FB,lat,0,2,2,2282,2,1.08,13617,5.967,LO,3,2,2,"[LO.LOPL4, ME.LOPL4] -> LOL3 -> [ME.LOL3, ME.LOPL3]",LO.LOP,4,ME.LOP,4,ME.LO,3,ME.LOP,3
1498224700,mixed,FB->lat,FB,lat,0,2,2,2282,2,1.846,8805,3.858,LO,3,2,2,"[LO.LOPL4, PVLP.LOL4] -> LOL3 -> [LO.LOPL3, ME.LOPL3]",LO.LOP,4,PVLP.LO,4,LO.LOP,3,ME.LOP,3
1423036263,mixed,FB->lat,FB,lat,0,2,2,647,9,2.364,10112,15.629,LOP,2,2,2,"[LO.LOPL3, ME.LOPL3] -> LOPL2 -> [LOP.LOL2, ME.LOPL2]",LO.LOP,3,ME.LOP,3,LOP.LO,2,ME.LOP,2
1333056610,mixed,FB->lat,FB,lat,0,2,2,2282,2,1.024,15062,6.6,LO,3,2,2,"[LOL4, LO.LOPL4] -> LOL3 -> [LO.LOPL3, ME.LOL3]",LO,4,LO.LOP,4,LO.LOP,3,ME.LO,3
1232546680,mixed,FB->lat,FB,lat,0,2,2,2282,2,1.016,14638,6.415,LO,3,2,2,"[LOL4, LO.LOPL4] -> LOL3 -> [ME.LOL3, ME.LOPL3]",LO,4,LO.LOP,4,ME.LO,3,ME.LOP,3
772784106,mixed,FB->lat,FB,lat,0,2,2,647,20,1.007,21858,33.784,LOP,2,2,2,"[LO.LOPL3, ME.LOL3] -> LOPL2 -> [ME.LOL2, ME.LOPL2]",LO.LOP,3,ME.LO,3,ME.LO,2,ME.LOP,2
632241010,mixed,FB->lat,FB,lat,0,2,2,647,15,1.95,10026,15.496,LOP,2,2,2,"[LO.LOPL3, ME.LOPL3] -> LOPL2 -> [LOP.IPSL2, ME.LOPL2]",LO.LOP,3,ME.LOP,3,LOP.IPS,2,ME.LOP,2
574413471,mixed,FB->lat,FB,lat,0,2,2,647,9,1.706,8632,13.342,LOP,2,2,2,"[LO.LOPL3, ME.LOPL3] -> LOPL2 -> [LO.LOPL2, LOP.LOL2]",LO.LOP,3,ME.LOP,3,LO.LOP,2,LOP.LO,2
512309981,mixed,FB->lat,FB,lat,0,2,2,647,69,1.278,11188,17.292,LOP,2,2,2,"[LO.LOPL3, ME.LOPL3] -> LOPL2 -> [LOL2, ME.LOPL2]",LO.LOP,3,ME.LOP,3,LO,2,ME.LOP,2
490981438,mixed,FB->lat,FB,lat,0,2,2,647,17,1.011,21434,33.128,LOP,2,2,2,"[ME.LOL3, ME.LOPL3] -> LOPL2 -> [ME.LOL2, ME.LOPL2]",ME.LO,3,ME.LOP,3,ME.LO,2,ME.LOP,2
453913979,mixed,FB->lat,FB,lat,0,2,2,647,13,1.01,23703,36.635,LOP,2,2,2,"[LO.LOPL3, MEL3] -> LOPL2 -> [ME.LOL2, ME.LOPL2]",LO.LOP,3,ME,3,ME.LO,2,ME.LOP,2
353789994,mixed,FB->lat,FB,lat,0,2,2,647,57,1.877,8209,12.688,LOP,2,2,2,"[LO.LOPL3, LOPL3] -> LOPL2 -> [LO.LOPL2, ME.LOPL2]",LO.LOP,3,LOP,3,LO.LOP,2,ME.LOP,2
352640640,mixed,FB->lat,FB,lat,0,2,2,647,31,1.373,34840,53.849,LOP,2,2,2,"[LO.LOPL3, ME.LOPL3] -> LOPL2 -> [MEL2, ME.LOPL2]",LO.LOP,3,ME.LOP,3,ME,2,ME.LOP,2
347646986,mixed,FB->lat,FB,lat,0,2,2,647,18,2.032,15172,23.45,LOP,2,2,2,"[LO.LOPL3, ME.LOPL3] -> LOPL2 -> [LO.LOPL2, ME.LOL2]",LO.LOP,3,ME.LOP,3,LO.LOP,2,ME.LO,2
340560389,mixed,FB->lat,FB,lat,0,2,2,647,29,1.53,14071,21.748,LOP,2,2,2,"[LO.LOPL3, LOPL3] -> LOPL2 -> [ME.LOL2, ME.LOPL2]",LO.LOP,3,LOP,3,ME.LO,2,ME.LOP,2
289741088,mixed,FB->lat,FB,lat,0,2,2,35,1,1.0,11233,320.943,PVLP.LO,3,2,2,"[AVLPL4, LO.PVLPL4] -> PVLP.LOL3 -> [LO.PVLPL3, ME.LOL3]",AVLP,4,LO.PVLP,4,LO.PVLP,3,ME.LO,3
288445709,mixed,FB->lat,FB,lat,0,2,2,647,12,1.015,23279,35.98,LOP,2,2,2,"[MEL3, ME.LOPL3] -> LOPL2 -> [ME.LOL2, ME.LOPL2]",ME,3,ME.LOP,3,ME.LO,2,ME.LOP,2
285099814,mixed,FB->lat,FB,lat,0,2,2,647,10,2.244,14494,22.402,LOP,2,2,2,"[LO.LOPL3, ME.LOPL3] -> LOPL2 -> [LOP.LOL2, ME.LOL2]",LO.LOP,3,ME.LOP,3,LOP.LO,2,ME.LO,2
284638345,mixed,FB->lat,FB,lat,0,2,2,647,59,1.0,15996,24.723,LOP,2,2,2,"[LO.LOPL3, ME.LOL3] -> LOPL2 -> [LO.LOPL2, ME.LOPL2]",LO.LOP,3,ME.LO,3,LO.LOP,2,ME.LOP,2
277808189,mixed,FB->lat,FB,lat,0,2,2,647,9,2.215,7531,11.64,LOP,2,2,2,"[LO.LOPL3, LOPL3] -> LOPL2 -> [LOP.LOL2, ME.LOPL2]",LO.LOP,3,LOP,3,LOP.LO,2,ME.LOP,2
267453312,mixed,FB->lat,FB,lat,0,2,2,35,1,1.0,10581,302.314,PVLP.LO,3,2,2,"[LO.PVLPL4, PVLPL4] -> PVLP.LOL3 -> [LO.PVLPL3, ME.LOL3]",LO.PVLP,4,PVLP,4,LO.PVLP,3,ME.LO,3
266529600,mixed,FB->lat,FB,lat,0,2,2,2282,1,1.0,8853,3.879,LO,3,2,2,"[LO.LOPL4, LOPL4] -> LOL3 -> [LO.LOPL3, ME.LOPL3]",LO.LOP,4,LOP,4,LO.LOP,3,ME.LOP,3
261105785,mixed,FB->lat,FB,lat,0,2,2,24835,81,1.452,17951,0.723,ME,2,2,2,"[LOL3, ME.LOL3] -> MEL2 -> [ME.LOL2, ME.PLPL2]",LO,3,ME.LO,3,ME.LO,2,ME.PLP,2
253754454,mixed,FB->lat,FB,lat,0,2,2,647,6,1.021,15318,23.675,LOP,2,2,2,"[LO.LOPL3, ME.LOL3] -> LOPL2 -> [LOP.LOL2, ME.LOPL2]",LO.LOP,3,ME.LO,3,LOP.LO,2,ME.LOP,2
252070938,mixed,FB->lat,FB,lat,0,2,2,647,54,1.841,7785,12.032,LOP,2,2,2,"[LOPL3, ME.LOPL3] -> LOPL2 -> [LO.LOPL2, ME.LOPL2]",LOP,3,ME.LOP,3,LO.LOP,2,ME.LOP,2
230006220,mixed,FB->lat,FB,lat,0,2,2,647,5,1.049,10087,15.59,LOP,2,2,2,"[LO.LOPL3, ME.LOPL3] -> LOPL2 -> [IPS.LOPL2, ME.LOPL2]",LO.LOP,3,ME.LOP,3,IPS.LOP,2,ME.LOP,2
226236192,mixed,FB->lat,FB,lat,0,2,2,35,1,1.0,12809,365.971,PVLP.LO,3,2,2,"[AVLPL4, LO.PVLPL4] -> PVLP.LOL3 -> [LOL3, ME.LOL3]",AVLP,4,LO.PVLP,4,LO,3,ME.LO,3
224928440,mixed,FB->lat,FB,lat,0,2,2,2282,2,1.821,7988,3.5,LO,3,2,2,"[ME.LOPL4, PVLP.LOL4] -> LOL3 -> [LO.LOPL3, ME.LOPL3]",ME.LOP,4,PVLP.LO,4,LO.LOP,3,ME.LOP,3
224379387,mixed,FB->lat,FB,lat,0,2,2,647,28,1.617,13647,21.093,LOP,2,2,2,"[LOPL3, ME.LOPL3] -> LOPL2 -> [ME.LOL2, ME.LOPL2]",LOP,3,ME.LOP,3,ME.LO,2,ME.LOP,2
219022495,mixed,FB->lat,FB,lat,0,2,2,24835,193,1.693,26378,1.062,ME,2,2,2,"[MEL3, ME.LOL3] -> MEL2 -> [ME.LOL2, ME.PLPL2]",ME,3,ME.LO,3,ME.LO,2,ME.PLP,2
208833408,mixed,FB->lat,FB,lat,0,2,2,35,1,1.0,12157,347.343,PVLP.LO,3,2,2,"[LO.PVLPL4, PVLPL4] -> PVLP.LOL3 -> [LOL3, ME.LOL3]",LO.PVLP,4,PVLP,4,LO,3,ME.LO,3
201154434,mixed,FB->lat,FB,lat,0,2,2,647,45,1.002,16394,25.338,LOP,2,2,2,"[LO.LOPL3, ME.LOL3] -> LOPL2 -> [LOL2, ME.LOPL2]",LO.LOP,3,ME.LO,3,LO,2,ME.LOP,2
200165555,mixed,FB->lat,FB,lat,0,2,2,647,16,2.411,10071,15.566,LOP,2,2,2,"[LO.LOPL3, ME.LOPL3] -> LOPL2 -> [LOP.PLPL2, ME.LOPL2]",LO.LOP,3,ME.LOP,3,LOP.PLP,2,ME.LOP,2
199724321,mixed,FB->lat,FB,lat,0,2,2,647,9,2.239,7107,10.985,LOP,2,2,2,"[LOPL3, ME.LOPL3] -> LOPL2 -> [LOP.LOL2, ME.LOPL2]",LOP,3,ME.LOP,3,LOP.LO,2,ME.LOP,2
185358500,mixed,FB->lat,FB,lat,0,2,2,647,10,1.013,15232,23.543,LOP,2,2,2,"[LO.LOPL3, ME.LOL3] -> LOPL2 -> [LOP.IPSL2, ME.LOPL2]",LO.LOP,3,ME.LO,3,LOP.IPS,2,ME.LOP,2
183738608,mixed,FB->lat,FB,lat,0,2,2,2282,2,1.128,16527,7.242,LO,3,2,2,"[MEL4, ME.LOPL4] -> LOL3 -> [LO.LOPL3, MEL3]",ME,4,ME.LOP,4,LO.LOP,3,ME,3
180453224,mixed,FB->lat,FB,lat,0,2,2,647,52,1.0,15572,24.068,LOP,2,2,2,"[ME.LOL3, ME.LOPL3] -> LOPL2 -> [LO.LOPL2, ME.LOPL2]",ME.LO,3,ME.LOP,3,LO.LOP,2,ME.LOP,2
177630417,mixed,FB->lat,FB,lat,0,2,2,24835,103,1.194,18976,0.764,ME,2,2,2,"[LOL3, ME.LOL3] -> MEL2 -> [LOL2, ME.LOL2]",LO,3,ME.LO,3,LO,2,ME.LO,2
171340175,mixed,FB->lat,FB,lat,0,2,2,647,29,1.053,17841,27.575,LOP,2,2,2,"[LO.LOPL3, MEL3] -> LOPL2 -> [LO.LOPL2, ME.LOPL2]",LO.LOP,3,ME,3,LO.LOP,2,ME.LOP,2
168709296,mixed,FB->lat,FB,lat,0,2,2,647,12,2.045,8546,13.209,LOP,2,2,2,"[LO.LOPL3, ME.LOPL3] -> LOPL2 -> [LO.LOPL2, LOP.IPSL2]",LO.LOP,3,ME.LOP,3,LO.LOP,2,LOP.IPS,2
167363840,mixed,FB->lat,FB,lat,0,2,2,2282,2,1.089,16103,7.057,LO,3,2,2,"[MEL4, ME.LOPL4] -> LOL3 -> [MEL3, ME.LOPL3]",ME,4,ME.LOP,4,ME,3,ME.LOP,3
163191447,mixed,FB->lat,FB,lat,0,2,2,2282,9,1.994,9446,4.139,LO,3,2,2,"[MEL4, PVLP.LOL4] -> LOL3 -> [LO.LOPL3, ME.LOPL3]",ME,4,PVLP.LO,4,LO.LOP,3,ME.LOP,3
161929574,mixed,FB->lat,FB,lat,0,2,2,647,6,1.034,14894,23.02,LOP,2,2,2,"[ME.LOL3, ME.LOPL3] -> LOPL2 -> [LOP.LOL2, ME.LOPL2]",ME.LO,3,ME.LOP,3,LOP.LO,2,ME.LOP,2
154032298,mixed,FB->lat,FB,lat,0,2,2,24835,453,1.515,27403,1.103,ME,2,2,2,"[MEL3, ME.LOL3] -> MEL2 -> [LOL2, ME.LOL2]",ME,3,ME.LO,3,LO,2,ME.LO,2
153092850,mixed,FB->lat,FB,lat,0,2,2,647,4,1.08,17163,26.527,LOP,2,2,2,"[LO.LOPL3, MEL3] -> LOPL2 -> [LOP.LOL2, ME.LOPL2]",LO.LOP,3,ME,3,LOP.LO,2,ME.LOP,2
151862398,mixed,FB->lat,FB,lat,0,2,2,2282,2,1.184,14682,6.434,LO,3,2,2,"[MEL4, ME.LOPL4] -> LOL3 -> [LO.LOPL3, ME.LOL3]",ME,4,ME.LOP,4,LO.LOP,3,ME.LO,3
148023744,mixed,FB->lat,FB,lat,0,2,2,2282,4,1.026,17548,7.69,LO,3,2,2,"[LOL4, MEL4] -> LOL3 -> [LO.LOPL3, MEL3]",LO,4,ME,4,LO.LOP,3,ME,3
145088316,mixed,FB->lat,FB,lat,0,2,2,647,2,1.32,10018,15.484,LOP,2,2,2,"[LO.LOPL3, ME.LOPL3] -> LOPL2 -> [LOP.MEL2, ME.LOPL2]",LO.LOP,3,ME.LOP,3,LOP.ME,2,ME.LOP,2
143621116,mixed,FB->lat,FB,lat,0,2,2,647,8,2.689,7868,12.161,LOP,2,2,2,"[LO.LOPL3, ME.LOPL3] -> LOPL2 -> [LOP.IPSL2, LOP.LOL2]",LO.LOP,3,ME.LOP,3,LOP.IPS,2,LOP.LO,2
143467904,mixed,FB->lat,FB,lat,0,2,2,647,11,1.714,14408,22.269,LOP,2,2,2,"[LO.LOPL3, ME.LOPL3] -> LOPL2 -> [LOP.IPSL2, ME.LOL2]",LO.LOP,3,ME.LOP,3,LOP.IPS,2,ME.LO,2
137265160,mixed,FB->lat,FB,lat,0,2,2,2282,2,1.129,14258,6.248,LO,3,2,2,"[MEL4, ME.LOPL4] -> LOL3 -> [ME.LOL3, ME.LOPL3]",ME,4,ME.LOP,4,ME.LO,3,ME.LOP,3
136806590,mixed,FB->lat,FB,lat,0,2,2,2282,4,1.018,17124,7.504,LO,3,2,2,"[LOL4, MEL4] -> LOL3 -> [MEL3, ME.LOPL3]",LO,4,ME,4,ME,3,ME.LOP,3
136555001,mixed,FB->lat,FB,lat,0,2,2,647,22,1.039,40046,61.895,LOP,2,2,2,"[LO.LOPL3, ME.LOL3] -> LOPL2 -> [MEL2, ME.LOPL2]",LO.LOP,3,ME.LO,3,ME,2,ME.LOP,2
134676304,mixed,FB->lat,FB,lat,0,2,2,2282,2,1.056,16090,7.051,LO,3,2,2,"[LOL4, ME.LOPL4] -> LOL3 -> [LO.LOPL3, MEL3]",LO,4,ME.LOP,4,LO.LOP,3,ME,3
128328620,mixed,FB->lat,FB,lat,0,2,2,647,7,1.003,28485,44.026,LOP,2,2,2,"[MEL3, ME.LOL3] -> LOPL2 -> [ME.LOL2, ME.LOPL2]",ME,3,ME.LO,3,ME.LO,2,ME.LOP,2
127622440,mixed,FB->lat,FB,lat,0,2,2,647,37,1.004,15970,24.683,LOP,2,2,2,"[ME.LOL3, ME.LOPL3] -> LOPL2 -> [LOL2, ME.LOPL2]",ME.LO,3,ME.LOP,3,LO,2,ME.LOP,2
124635688,mixed,FB->lat,FB,lat,0,2,2,2282,2,1.006,22126,9.696,LO,3,2,2,"[LO.LOPL4, MEL4] -> LOL3 -> [MEL3, ME.LOL3]",LO.LOP,4,ME,4,ME,3,ME.LO,3
124077599,mixed,FB->lat,FB,lat,0,2,2,647,9,1.595,6051,9.352,LOP,2,2,2,"[LO.LOPL3, LOPL3] -> LOPL2 -> [LO.LOPL2, LOP.LOL2]",LO.LOP,3,LOP,3,LO.LOP,2,LOP.LO,2
123923200,mixed,FB->lat,FB,lat,0,2,2,2282,2,1.039,15666,6.865,LO,3,2,2,"[LOL4, ME.LOPL4] -> LOL3 -> [MEL3, ME.LOPL3]",LO,4,ME.LOP,4,ME,3,ME.LOP,3
119810290,mixed,FB->lat,FB,lat,0,2,2,2282,4,1.038,15703,6.881,LO,3,2,2,"[LOL4, MEL4] -> LOL3 -> [LO.LOPL3, ME.LOL3]",LO,4,ME,4,LO.LOP,3,ME.LO,3
119369925,mixed,FB->lat,FB,lat,0,2,2,647,22,1.026,18239,28.19,LOP,2,2,2,"[LO.LOPL3, MEL3] -> LOPL2 -> [LOL2, ME.LOPL2]",LO.LOP,3,ME,3,LO,2,ME.LOP,2
117992535,mixed,FB->lat,FB,lat,0,2,2,647,8,1.021,14808,22.887,LOP,2,2,2,"[ME.LOL3, ME.LOPL3] -> LOPL2 -> [LOP.IPSL2, ME.LOPL2]",ME.LO,3,ME.LOP,3,LOP.IPS,2,ME.LOP,2
117791377,mixed,FB->lat,FB,lat,0,2,2,647,38,1.065,15570,24.065,LOP,2,2,2,"[LO.LOPL3, ME.LOPL3] -> LOPL2 -> [LOL2, ME.LOL2]",LO.LOP,3,ME.LOP,3,LO,2,ME.LO,2
115013232,mixed,FB->lat,FB,lat,0,2,2,52,1,1.0,2301,44.25,MB_ML,3,2,2,"[MB_CA.MB_MLL4, PLP.MB_MLL4] -> MB_MLL3 -> [MB_CA.MB_MLL3, MB_CA.MB_PEDL3]",MB_CA.MB_ML,4,PLP.MB_ML,4,MB_CA.MB_ML,3,MB_CA.MB_PED,3
112418438,mixed,FB->lat,FB,lat,0,2,2,647,16,2.161,7445,11.507,LOP,2,2,2,"[LO.LOPL3, LOPL3] -> LOPL2 -> [LOP.IPSL2, ME.LOPL2]",LO.LOP,3,LOP,3,LOP.IPS,2,ME.LOP,2
112239186,mixed,FB->lat,FB,lat,0,2,2,647,1,1.0,10025,15.495,LOP,2,2,2,"[LO.LOPL3, ME.LOPL3] -> LOPL2 -> [ME.LOPL2, PLP.LOPL2]",LO.LOP,3,ME.LOP,3,ME.LOP,2,PLP.LOP,2
112239186,mixed,FB->lat,FB,lat,0,2,2,647,1,1.0,10018,15.484,LOP,2,2,2,"[LO.LOPL3, ME.LOPL3] -> LOPL2 -> [ME.LOPL2, SPS.LOPL2]",LO.LOP,3,ME.LOP,3,ME.LOP,2,SPS.LOP,2
112126402,mixed,FB->lat,FB,lat,0,2,2,2282,2,1.013,20668,9.057,LO,3,2,2,"[LO.LOPL4, ME.LOPL4] -> LOL3 -> [MEL3, ME.LOL3]",LO.LOP,4,ME.LOP,4,ME,3,ME.LO,3
110536938,mixed,FB->lat,FB,lat,0,2,2,2282,4,1.027,15279,6.695,LO,3,2,2,"[LOL4, MEL4] -> LOL3 -> [ME.LOL3, ME.LOPL3]",LO,4,ME,4,ME.LO,3,ME.LOP,3
110077654,mixed,FB->lat,FB,lat,0,2,2,647,8,1.855,9030,13.957,LOP,2,2,2,"[LO.LOPL3, ME.LOPL3] -> LOPL2 -> [LOL2, LOP.LOL2]",LO.LOP,3,ME.LOP,3,LO,2,LOP.LO,2
109709084,mixed,FB->lat,FB,lat,0,2,2,2282,2,1.082,14245,6.242,LO,3,2,2,"[LOL4, ME.LOPL4] -> LOL3 -> [LO.LOPL3, ME.LOL3]",LO,4,ME.LOP,4,LO.LOP,3,ME.LO,3
109666540,mixed,FB->lat,FB,lat,0,2,2,647,6,1.031,17077,26.394,LOP,2,2,2,"[LO.LOPL3, MEL3] -> LOPL2 -> [LOP.IPSL2, ME.LOPL2]",LO.LOP,3,ME,3,LOP.IPS,2,ME.LOP,2
109358747,mixed,FB->lat,FB,lat,0,2,2,647,23,1.067,17417,26.92,LOP,2,2,2,"[MEL3, ME.LOPL3] -> LOPL2 -> [LO.LOPL2, ME.LOPL2]",ME,3,ME.LOP,3,LO.LOP,2,ME.LOP,2
106604657,mixed,FB->lat,FB,lat,0,2,2,24835,39,1.207,12487,0.503,ME,2,2,2,"[LOL3, ME.LOL3] -> MEL2 -> [LOL2, ME.PLPL2]",LO,3,ME.LO,3,LO,2,ME.PLP,2
101169342,mixed,FB->lat,FB,lat,0,2,2,647,3,1.014,15293,23.637,LOP,2,2,2,"[LO.LOPL3, ME.LOL3] -> LOPL2 -> [IPS.LOPL2, ME.LOPL2]",LO.LOP,3,ME.LO,3,IPS.LOP,2,ME.LOP,2
100582640,mixed,FB->lat,FB,lat,0,2,2,2282,2,1.057,13821,6.057,LO,3,2,2,"[LOL4, ME.LOPL4] -> LOL3 -> [ME.LOL3, ME.LOPL3]",LO,4,ME.LOP,4,ME.LO,3,ME.LOP,3
98484984,mixed,FB->lat,FB,lat,0,2,2,647,4,1.111,16739,25.872,LOP,2,2,2,"[MEL3, ME.LOPL3] -> LOPL2 -> [LOP.LOL2, ME.LOPL2]",ME,3,ME.LOP,3,LOP.LO,2,ME.LOP,2
96900912,mixed,FB->lat,FB,lat,0,2,2,52,1,1.0,2440,46.923,MB_ML,3,2,2,"[MB_CA.MB_MLL4, PLP.MB_MLL4] -> MB_MLL3 -> [MB_CA.MB_MLL3, MB_CA.MB_VLL3]",MB_CA.MB_ML,4,PLP.MB_ML,4,MB_CA.MB_ML,3,MB_CA.MB_VL,3
94391104,mixed,FB->lat,FB,lat,0,2,2,2282,4,1.003,21689,9.504,LO,3,2,2,"[LOL4, LO.LOPL4] -> LOL3 -> [MEL3, ME.LOL3]",LO,4,LO.LOP,4,ME,3,ME.LO,3
93418129,mixed,FB->lat,FB,lat,0,2,2,647,44,1.981,9708,15.005,LOP,2,2,2,"[LO.LOPL3, ME.LOPL3] -> LOPL2 -> [LOL2, LO.LOPL2]",LO.LOP,3,ME.LOP,3,LO,2,LO.LOP,2
93215881,mixed,FB->lat,FB,lat,0,2,2,647,9,1.65,5627,8.697,LOP,2,2,2,"[LOPL3, ME.LOPL3] -> LOPL2 -> [LO.LOPL2, LOP.LOL2]",LOP,3,ME.LOP,3,LO.LOP,2,LOP.LO,2
92546313,mixed,FB->lat,FB,lat,0,2,2,647,16,1.439,39222,60.621,LOP,2,2,2,"[LO.LOPL3, ME.LOPL3] -> LOPL2 -> [MEL2, ME.LOL2]",LO.LOP,3,ME.LOP,3,ME,2,ME.LO,2
91024128,mixed,FB->lat,FB,lat,0,2,2,2282,5,1.681,9009,3.948,LO,3,2,2,"[LOL4, PVLP.LOL4] -> LOL3 -> [LO.LOPL3, ME.LOPL3]",LO,4,PVLP.LO,4,LO.LOP,3,ME.LOP,3
90120852,mixed,FB->lat,FB,lat,0,2,2,647,5,1.444,8538,13.196,LOP,2,2,2,"[LO.LOPL3, ME.LOPL3] -> LOPL2 -> [LO.LOPL2, LOP.MEL2]",LO.LOP,3,ME.LOP,3,LO.LOP,2,LOP.ME,2
87627978,mixed,FB->lat,FB,lat,0,2,2,647,14,1.064,39622,61.24,LOP,2,2,2,"[ME.LOL3, ME.LOPL3] -> LOPL2 -> [MEL2, ME.LOPL2]",ME.LO,3,ME.LOP,3,ME,2,ME.LOP,2
86669358,mixed,FB->lat,FB,lat,0,2,2,24835,81,1.35,20914,0.842,ME,2,2,2,"[MEL3, ME.LOL3] -> MEL2 -> [LOL2, ME.PLPL2]",ME,3,ME.LO,3,LO,2,ME.PLP,2
82708360,mixed,FB->lat,FB,lat,0,2,2,647,72,1.371,8607,13.303,LOP,2,2,2,"[LO.LOPL3, LOPL3] -> LOPL2 -> [LOL2, ME.LOPL2]",LO.LOP,3,LOP,3,LO,2,ME.LOP,2
81085640,mixed,FB->lat,FB,lat,0,2,2,2282,2,1.178,15856,6.948,LO,3,2,2,"[LO.LOPL4, PVLP.LOL4] -> LOL3 -> [LO.LOPL3, MEL3]",LO.LOP,4,PVLP.LO,4,LO.LOP,3,ME,3
80310982,mixed,FB->lat,FB,lat,0,2,2,647,20,1.045,41891,64.747,LOP,2,2,2,"[LO.LOPL3, MEL3] -> LOPL2 -> [MEL2, ME.LOPL2]",LO.LOP,3,ME,3,ME,2,ME.LOP,2
79201724,mixed,FB->lat,FB,lat,0,2,2,24835,102,1.651,19796,0.797,ME,2,2,2,"[LOL3, MEL3] -> MEL2 -> [ME.LOL2, ME.PLPL2]",LO,3,ME,3,ME.LO,2,ME.PLP,2
78511851,mixed,FB->lat,FB,lat,0,2,2,647,10,1.098,10164,15.709,LOP,2,2,2,"[LO.LOPL3, ME.LOPL3] -> LOPL2 -> [LO.MEL2, ME.LOPL2]",LO.LOP,3,ME.LOP,3,LO.ME,2,ME.LOP,2
78141392,mixed,FB->lat,FB,lat,0,2,2,647,15,1.582,8591,13.278,LOP,2,2,2,"[LO.LOPL3, ME.LOPL3] -> LOPL2 -> [LO.LOPL2, LOP.PLPL2]",LO.LOP,3,ME.LOP,3,LO.LOP,2,LOP.PLP,2
77346683,mixed,FB->lat,FB,lat,0,2,2,647,14,2.302,7021,10.852,LOP,2,2,2,"[LOPL3, ME.LOPL3] -> LOPL2 -> [LOP.IPSL2, ME.LOPL2]",LOP,3,ME.LOP,3,LOP.IPS,2,ME.LOP,2
76093960,mixed,FB->lat,FB,lat,0,2,2,647,19,1.038,17815,27.535,LOP,2,2,2,"[MEL3, ME.LOPL3] -> LOPL2 -> [LOL2, ME.LOPL2]",ME,3,ME.LOP,3,LO,2,ME.LOP,2
75991300,mixed,FB->lat,FB,lat,0,2,2,647,17,1.012,18853,29.139,LOP,2,2,2,"[LOPL3, ME.LOL3] -> LOPL2 -> [ME.LOL2, ME.LOPL2]",LOP,3,ME.LO,3,ME.LO,2,ME.LOP,2
74040386,mixed,FB->lat,FB,lat,0,2,2,647,4,1.777,7860,12.148,LOP,2,2,2,"[LO.LOPL3, ME.LOPL3] -> LOPL2 -> [LOP.LOL2, LOP.MEL2]",LO.LOP,3,ME.LOP,3,LOP.LO,2,LOP.ME,2
73857600,mixed,FB->lat,FB,lat,0,2,2,2282,1,1.0,8036,3.521,LO,3,2,2,"[LOPL4, ME.LOPL4] -> LOL3 -> [LO.LOPL3, ME.LOPL3]",LOP,4,ME.LOP,4,LO.LOP,3,ME.LOP,3
73358720,mixed,FB->lat,FB,lat,0,2,2,2282,2,1.124,15432,6.762,LO,3,2,2,"[LO.LOPL4, PVLP.LOL4] -> LOL3 -> [MEL3, ME.LOPL3]",LO.LOP,4,PVLP.LO,4,ME,3,ME.LOP,3
72336873,mixed,FB->lat,FB,lat,0,2,2,647,10,1.0,20378,31.496,LOP,2,2,2,"[LO.LOPL3, ME.LOL3] -> LOPL2 -> [LO.LOPL2, ME.LOL2]",LO.LOP,3,ME.LO,3,LO.LOP,2,ME.LO,2
69978054,mixed,FB->lat,FB,lat,0,2,2,647,5,1.044,16653,25.739,LOP,2,2,2,"[MEL3, ME.LOPL3] -> LOPL2 -> [LOP.IPSL2, ME.LOPL2]",ME,3,ME.LOP,3,LOP.IPS,2,ME.LOP,2
67983774,mixed,FB->lat,FB,lat,0,2,2,647,9,2.287,7913,12.23,LOP,2,2,2,"[LO.LOPL3, ME.LOPL3] -> LOPL2 -> [LOP.LOL2, LOP.PLPL2]",LO.LOP,3,ME.LOP,3,LOP.LO,2,LOP.PLP,2
67660555,mixed,FB->lat,FB,lat,0,2,2,2282,2,1.255,14011,6.14,LO,3,2,2,"[LO.LOPL4, PVLP.LOL4] -> LOL3 -> [LO.LOPL3, ME.LOL3]",LO.LOP,4,PVLP.LO,4,LO.LOP,3,ME.LO,3
66784773,mixed,FB->lat,FB,lat,0,2,2,647,17,1.929,12591,19.461,LOP,2,2,2,"[LO.LOPL3, LOPL3] -> LOPL2 -> [LO.LOPL2, ME.LOL2]",LO.LOP,3,LOP,3,LO.LOP,2,ME.LO,2
65489424,mixed,FB->lat,FB,lat,0,2,2,35,1,1.0,21236,606.743,PVLP.LO,3,2,2,"[AVLPL4, LO.PVLPL4] -> PVLP.LOL3 -> [MEL3, ME.LOL3]",AVLP,4,LO.PVLP,4,ME,3,ME.LO,3
65422200,mixed,FB->lat,FB,lat,0,2,2,647,4,1.05,19700,30.448,LOP,2,2,2,"[LO.LOPL3, ME.LOL3] -> LOPL2 -> [LOP.LOL2, ME.LOL2]",LO.LOP,3,ME.LO,3,LOP.LO,2,ME.LO,2
64426767,mixed,FB->lat,FB,lat,0,2,2,647,3,1.023,14869,22.981,LOP,2,2,2,"[ME.LOL3, ME.LOPL3] -> LOPL2 -> [IPS.LOPL2, ME.LOPL2]",ME.LO,3,ME.LOP,3,IPS.LOP,2,ME.LOP,2
60588340,mixed,FB->lat,FB,lat,0,2,2,2282,2,1.179,13587,5.954,LO,3,2,2,"[LO.LOPL4, PVLP.LOL4] -> LOL3 -> [ME.LOL3, ME.LOPL3]",LO.LOP,4,PVLP.LO,4,ME.LO,3,ME.LOP,3
60533280,mixed,FB->lat,FB,lat,0,2,2,52,1,1.0,2301,44.25,MB_ML,3,2,2,"[MB_CA.MB_MLL4, PLP.MB_PEDL4] -> MB_MLL3 -> [MB_CA.MB_MLL3, MB_CA.MB_PEDL3]",MB_CA.MB_ML,4,PLP.MB_PED,4,MB_CA.MB_ML,3,MB_CA.MB_PED,3
60451776,mixed,FB->lat,FB,lat,0,2,2,35,1,1.0,20584,588.114,PVLP.LO,3,2,2,"[LO.PVLPL4, PVLPL4] -> PVLP.LOL3 -> [MEL3, ME.LOL3]",LO.PVLP,4,PVLP,4,ME,3,ME.LO,3
60427860,mixed,FB->lat,FB,lat,0,2,2,647,4,1.118,14469,22.363,LOP,2,2,2,"[LO.LOPL3, ME.LOPL3] -> LOPL2 -> [IPS.LOPL2, ME.LOL2]",LO.LOP,3,ME.LOP,3,IPS.LOP,2,ME.LO,2
59892984,mixed,FB->lat,FB,lat,0,2,2,647,6,3.435,32682,50.513,LOP,2,2,2,"[LO.LOPL3, ME.LOPL3] -> LOPL2 -> [LOP.LOL2, MEL2]",LO.LOP,3,ME.LOP,3,LOP.LO,2,ME,2
59300058,mixed,FB->lat,FB,lat,0,2,2,647,2,1.013,17138,26.488,LOP,2,2,2,"[LO.LOPL3, MEL3] -> LOPL2 -> [IPS.LOPL2, ME.LOPL2]",LO.LOP,3,ME,3,IPS.LOP,2,ME.LOP,2
57236563,mixed,FB->lat,FB,lat,0,2,2,647,9,1.007,13149,20.323,LOP,2,2,2,"[LO.LOPL3, LO.MEL3] -> LOPL2 -> [ME.LOL2, ME.LOPL2]",LO.LOP,3,LO.ME,3,ME.LO,2,ME.LOP,2
56980602,mixed,FB->lat,FB,lat,0,2,2,647,32,1.487,32259,49.859,LOP,2,2,2,"[LO.LOPL3, LOPL3] -> LOPL2 -> [MEL2, ME.LOPL2]",LO.LOP,3,LOP,3,ME,2,ME.LOP,2
55873960,mixed,FB->lat,FB,lat,0,2,2,647,63,1.507,8183,12.648,LOP,2,2,2,"[LOPL3, ME.LOPL3] -> LOPL2 -> [LOL2, ME.LOPL2]",LOP,3,ME.LOP,3,LO,2,ME.LOP,2
55242576,mixed,FB->lat,FB,lat,0,2,2,52,1,1.0,2150,41.346,MB_ML,3,2,2,"[MB_CA.MB_MLL4, PLP.MB_MLL4] -> MB_MLL3 -> [MB_CA.CREL3, MB_CA.MB_MLL3]",MB_CA.MB_ML,4,PLP.MB_ML,4,MB_CA.CRE,3,MB_CA.MB_ML,3
53337866,mixed,FB->lat,FB,lat,0,2,2,647,9,2.212,11913,18.413,LOP,2,2,2,"[LO.LOPL3, LOPL3] -> LOPL2 -> [LOP.LOL2, ME.LOL2]",LO.LOP,3,LOP,3,LOP.LO,2,ME.LO,2
51570786,mixed,FB->lat,FB,lat,0,2,2,647,14,1.072,41467,64.091,LOP,2,2,2,"[MEL3, ME.LOPL3] -> LOPL2 -> [MEL2, ME.LOPL2]",ME,3,ME.LOP,3,ME,2,ME.LOP,2
51206597,mixed,FB->lat,FB,lat,0,2,2,647,17,1.006,20776,32.111,LOP,2,2,2,"[LO.LOPL3, ME.LOL3] -> LOPL2 -> [LOL2, ME.LOL2]",LO.LOP,3,ME.LO,3,LO,2,ME.LO,2
51093887,mixed,FB->lat,FB,lat,0,2,2,24835,119,1.291,20821,0.838,ME,2,2,2,"[LOL3, MEL3] -> MEL2 -> [LOL2, ME.LOL2]",LO,3,ME,3,LO,2,ME.LO,2
51000480,mixed,FB->lat,FB,lat,0,2,2,52,1,1.0,2440,46.923,MB_ML,3,2,2,"[MB_CA.MB_MLL4, PLP.MB_PEDL4] -> MB_MLL3 -> [MB_CA.MB_MLL3, MB_CA.MB_VLL3]",MB_CA.MB_ML,4,PLP.MB_PED,4,MB_CA.MB_ML,3,MB_CA.MB_VL,3
50534318,mixed,FB->lat,FB,lat,0,2,2,647,19,2.447,33360,51.561,LOP,2,2,2,"[LO.LOPL3, ME.LOPL3] -> LOPL2 -> [LO.LOPL2, MEL2]",LO.LOP,3,ME.LOP,3,LO.LOP,2,ME,2
50443080,mixed,FB->lat,FB,lat,0,2,2,1,1,1.0,2447,2447.0,MB_ML.MB_CA,3,2,2,"[PLP.CREL4, PLP.MB_PEDL4] -> MB_ML.MB_CAL3 -> [MB_CA.MB_MLL3, MB_CA.MB_VLL3]",PLP.CRE,4,PLP.MB_PED,4,MB_CA.MB_ML,3,MB_CA.MB_VL,3
50228586,mixed,FB->lat,FB,lat,0,2,2,647,1,1.0,15231,23.541,LOP,2,2,2,"[LO.LOPL3, ME.LOL3] -> LOPL2 -> [ME.LOPL2, PLP.LOPL2]",LO.LOP,3,ME.LO,3,ME.LOP,2,PLP.LOP,2
50228586,mixed,FB->lat,FB,lat,0,2,2,647,1,1.0,15224,23.53,LOP,2,2,2,"[LO.LOPL3, ME.LOL3] -> LOPL2 -> [ME.LOPL2, SPS.LOPL2]",LO.LOP,3,ME.LO,3,ME.LOP,2,SPS.LOP,2
48426624,mixed,FB->lat,FB,lat,0,2,2,52,1,1.0,3215,61.827,MB_ML,3,2,2,"[MB_CA.MB_MLL4, SMPL4] -> MB_MLL3 -> [MB_CA.MB_MLL3, MB_CA.MB_PEDL3]",MB_CA.MB_ML,4,SMP,4,MB_CA.MB_ML,3,MB_CA.MB_PED,3
47531601,mixed,FB->lat,FB,lat,0,2,2,647,8,1.031,19614,30.315,LOP,2,2,2,"[LO.LOPL3, ME.LOL3] -> LOPL2 -> [LOP.IPSL2, ME.LOL2]",LO.LOP,3,ME.LO,3,LOP.IPS,2,ME.LO,2
47358699,mixed,FB->lat,FB,lat,0,2,2,647,31,1.0,22623,34.966,LOP,2,2,2,"[MEL3, ME.LOL3] -> LOPL2 -> [LO.LOPL2, ME.LOPL2]",ME,3,ME.LO,3,LO.LOP,2,ME.LOP,2
46551126,mixed,FB->lat,FB,lat,0,2,2,647,18,1.876,12167,18.805,LOP,2,2,2,"[LOPL3, ME.LOPL3] -> LOPL2 -> [LO.LOPL2, ME.LOL2]",LOP,3,ME.LOP,3,LO.LOP,2,ME.LO,2
45859819,mixed,FB->lat,FB,lat,0,2,2,647,12,1.0,19954,30.841,LOP,2,2,2,"[ME.LOL3, ME.LOPL3] -> LOPL2 -> [LO.LOPL2, ME.LOL2]",ME.LO,3,ME.LOP,3,LO.LOP,2,ME.LO,2
44685407,mixed,FB->lat,FB,lat,0,2,2,647,12,1.018,20698,31.991,LOP,2,2,2,"[LOPL3, MEL3] -> LOPL2 -> [ME.LOL2, ME.LOPL2]",LOP,3,ME,3,ME.LO,2,ME.LOP,2
44575552,mixed,FB->lat,FB,lat,0,2,2,35,1,1.0,10449,298.543,PVLP.LO,3,2,2,"[AVLP.PLPL4, LO.PVLPL4] -> PVLP.LOL3 -> [LO.PVLPL3, ME.LOL3]",AVLP.PLP,4,LO.PVLP,4,LO.PVLP,3,ME.LO,3
44575552,mixed,FB->lat,FB,lat,0,2,2,35,1,1.0,10498,299.943,PVLP.LO,3,2,2,"[LO.AVLPL4, LO.PVLPL4] -> PVLP.LOL3 -> [LO.PVLPL3, ME.LOL3]",LO.AVLP,4,LO.PVLP,4,LO.PVLP,3,ME.LO,3
44575552,mixed,FB->lat,FB,lat,0,2,2,35,1,1.0,10512,300.343,PVLP.LO,3,2,2,"[LO.PVLPL4, PVLP.AVLPL4] -> PVLP.LOL3 -> [LO.PVLPL3, ME.LOL3]",LO.PVLP,4,PVLP.AVLP,4,LO.PVLP,3,ME.LO,3
43923516,mixed,FB->lat,FB,lat,0,2,2,35,1,1.0,4651,132.886,PVLP.LO,3,2,2,"[AVLPL4, LO.PVLPL4] -> PVLP.LOL3 -> [LOL3, LO.PVLPL3]",AVLP,4,LO.PVLP,4,LO,3,LO.PVLP,3
43171360,mixed,FB->lat,FB,lat,0,2,2,647,20,1.9,8944,13.824,LOP,2,2,2,"[LO.LOPL3, ME.LOPL3] -> LOPL2 -> [LOL2, LOP.IPSL2]",LO.LOP,3,ME.LOP,3,LO,2,LOP.IPS,2
43060196,mixed,FB->lat,FB,lat,0,2,2,647,11,2.597,14453,22.338,LOP,2,2,2,"[LO.LOPL3, ME.LOPL3] -> LOPL2 -> [LOP.PLPL2, ME.LOL2]",LO.LOP,3,ME.LOP,3,LOP.PLP,2,ME.LO,2
42935333,mixed,FB->lat,FB,lat,0,2,2,647,6,1.024,22223,34.348,LOP,2,2,2,"[LO.LOPL3, MEL3] -> LOPL2 -> [LO.LOPL2, ME.LOL2]",LO.LOP,3,ME,3,LO.LOP,2,ME.LO,2
42373296,mixed,FB->lat,FB,lat,0,2,2,52,1,1.0,2410,46.346,MB_ML,3,2,2,"[CREL4, MB_CA.MB_MLL4] -> MB_MLL3 -> [MB_CA.MB_MLL3, MB_CA.MB_PEDL3]",CRE,4,MB_CA.MB_ML,4,MB_CA.MB_ML,3,MB_CA.MB_PED,3
42121116,mixed,FB->lat,FB,lat,0,2,2,647,4,1.082,19276,29.793,LOP,2,2,2,"[ME.LOL3, ME.LOPL3] -> LOPL2 -> [LOP.LOL2, ME.LOL2]",ME.LO,3,ME.LOP,3,LOP.LO,2,ME.LO,2
41975150,mixed,FB->lat,FB,lat,0,2,2,647,3,1.009,21945,33.918,LOP,2,2,2,"[MEL3, ME.LOL3] -> LOPL2 -> [LOP.LOL2, ME.LOPL2]",ME,3,ME.LO,3,LOP.LO,2,ME.LOP,2
40800384,mixed,FB->lat,FB,lat,0,2,2,52,1,1.0,3354,64.5,MB_ML,3,2,2,"[MB_CA.MB_MLL4, SMPL4] -> MB_MLL3 -> [MB_CA.MB_MLL3, MB_CA.MB_VLL3]",MB_CA.MB_ML,4,SMP,4,MB_CA.MB_ML,3,MB_CA.MB_VL,3
40544940,mixed,FB->lat,FB,lat,0,2,2,35,5,1.0,3999,114.257,PVLP.LO,3,2,2,"[LO.PVLPL4, PVLPL4] -> PVLP.LOL3 -> [LOL3, LO.PVLPL3]",LO.PVLP,4,PVLP,4,LO,3,LO.PVLP,3
40346391,mixed,FB->lat,FB,lat,0,2,2,24835,5,1.141,17911,0.721,ME,2,2,2,"[LOL3, ME.LOL3] -> MEL2 -> [ME.AOTUL2, ME.LOL2]",LO,3,ME.LO,3,ME.AOTU,2,ME.LO,2
39066453,mixed,FB->lat,FB,lat,0,2,2,647,16,2.218,7490,11.577,LOP,2,2,2,"[LO.LOPL3, LOPL3] -> LOPL2 -> [LOP.PLPL2, ME.LOPL2]",LO.LOP,3,LOP,3,LOP.PLP,2,ME.LOP,2
38713123,mixed,FB->lat,FB,lat,0,2,2,647,5,1.069,21545,33.3,LOP,2,2,2,"[LO.LOPL3, MEL3] -> LOPL2 -> [LOP.LOL2, ME.LOL2]",LO.LOP,3,ME,3,LOP.LO,2,ME.LO,2
38626821,mixed,FB->lat,FB,lat,0,2,2,647,26,1.674,31835,49.204,LOP,2,2,2,"[LOPL3, ME.LOPL3] -> LOPL2 -> [MEL2, ME.LOPL2]",LOP,3,ME.LOP,3,ME,2,ME.LOP,2
38534604,mixed,FB->lat,FB,lat,0,2,2,2282,3,1.0,9494,4.16,LO,3,2,2,"[LOPL4, MEL4] -> LOL3 -> [LO.LOPL3, ME.LOPL3]",LOP,4,ME,4,LO.LOP,3,ME.LOP,3
37752432,mixed,FB->lat,FB,lat,0,2,2,647,2,1.022,16714,25.833,LOP,2,2,2,"[MEL3, ME.LOPL3] -> LOPL2 -> [IPS.LOPL2, ME.LOPL2]",ME,3,ME.LOP,3,IPS.LOP,2,ME.LOP,2
37681022,mixed,FB->lat,FB,lat,0,2,2,647,9,2.266,11489,17.757,LOP,2,2,2,"[LOPL3, ME.LOPL3] -> LOPL2 -> [LOP.LOL2, ME.LOL2]",LOP,3,ME.LOP,3,LOP.LO,2,ME.LO,2
36361907,mixed,FB->lat,FB,lat,0,2,2,647,9,1.011,12725,19.668,LOP,2,2,2,"[LO.MEL3, ME.LOPL3] -> LOPL2 -> [ME.LOL2, ME.LOPL2]",LO.ME,3,ME.LOP,3,ME.LO,2,ME.LOP,2
36319968,mixed,FB->lat,FB,lat,0,2,2,52,1,1.0,2322,44.654,MB_ML,3,2,2,"[MB_CA.MB_MLL4, PLP.CREL4] -> MB_MLL3 -> [MB_CA.MB_MLL3, MB_CA.MB_PEDL3]",MB_CA.MB_ML,4,PLP.CRE,4,MB_CA.MB_ML,3,MB_CA.MB_PED,3
35700336,mixed,FB->lat,FB,lat,0,2,2,52,1,1.0,2549,49.019,MB_ML,3,2,2,"[CREL4, MB_CA.MB_MLL4] -> MB_MLL3 -> [MB_CA.MB_MLL3, MB_CA.MB_VLL3]",CRE,4,MB_CA.MB_ML,4,MB_CA.MB_ML,3,MB_CA.MB_VL,3
35658662,mixed,FB->lat,FB,lat,0,2,2,647,5,1.054,7506,11.601,LOP,2,2,2,"[LO.LOPL3, LOPL3] -> LOPL2 -> [IPS.LOPL2, ME.LOPL2]",LO.LOP,3,LOP,3,IPS.LOP,2,ME.LOP,2
35636720,mixed,FB->lat,FB,lat,0,2,2,647,13,1.094,44428,68.668,LOP,2,2,2,"[LO.LOPL3, ME.LOL3] -> LOPL2 -> [MEL2, ME.LOL2]",LO.LOP,3,ME.LO,3,ME,2,ME.LO,2
34928368,mixed,FB->lat,FB,lat,0,2,2,647,10,1.845,5965,9.219,LOP,2,2,2,"[LO.LOPL3, LOPL3] -> LOPL2 -> [LO.LOPL2, LOP.IPSL2]",LO.LOP,3,LOP,3,LO.LOP,2,LOP.IPS,2
34805568,mixed,FB->lat,FB,lat,0,2,2,35,1,1.0,12025,343.571,PVLP.LO,3,2,2,"[AVLP.PLPL4, LO.PVLPL4] -> PVLP.LOL3 -> [LOL3, ME.LOL3]",AVLP.PLP,4,LO.PVLP,4,LO,3,ME.LO,3
34805568,mixed,FB->lat,FB,lat,0,2,2,35,1,1.0,12074,344.971,PVLP.LO,3,2,2,"[LO.AVLPL4, LO.PVLPL4] -> PVLP.LOL3 -> [LOL3, ME.LOL3]",LO.AVLP,4,LO.PVLP,4,LO,3,ME.LO,3
34805568,mixed,FB->lat,FB,lat,0,2,2,35,1,1.0,12088,345.371,PVLP.LO,3,2,2,"[LO.PVLPL4, PVLP.AVLPL4] -> PVLP.LOL3 -> [LOL3, ME.LOL3]",LO.PVLP,4,PVLP.AVLP,4,LO,3,ME.LO,3
34673136,mixed,FB->lat,FB,lat,0,2,2,647,9,1.071,15277,23.612,LOP,2,2,2,"[LO.LOPL3, ME.LOL3] -> LOPL2 -> [LOP.PLPL2, ME.LOPL2]",LO.LOP,3,ME.LO,3,LOP.PLP,2,ME.LOP,2
33960814,mixed,FB->lat,FB,lat,0,2,2,647,9,1.028,15370,23.756,LOP,2,2,2,"[LO.LOPL3, ME.LOL3] -> LOPL2 -> [LO.MEL2, ME.LOPL2]",LO.LOP,3,ME.LO,3,LO.ME,2,ME.LOP,2
33444789,mixed,FB->lat,FB,lat,0,2,2,647,17,1.001,23021,35.581,LOP,2,2,2,"[MEL3, ME.LOL3] -> LOPL2 -> [LOL2, ME.LOPL2]",ME,3,ME.LO,3,LO,2,ME.LOP,2
32522247,mixed,FB->lat,FB,lat,0,2,2,647,14,1.009,20352,31.456,LOP,2,2,2,"[ME.LOL3, ME.LOPL3] -> LOPL2 -> [LOL2, ME.LOL2]",ME.LO,3,ME.LOP,3,LO,2,ME.LO,2
32327748,mixed,FB->lat,FB,lat,0,2,2,647,2,1.301,7437,11.495,LOP,2,2,2,"[LO.LOPL3, LOPL3] -> LOPL2 -> [LOP.MEL2, ME.LOPL2]",LO.LOP,3,LOP,3,LOP.ME,2,ME.LOP,2
31948120,mixed,FB->lat,FB,lat,0,2,2,52,1,1.0,2287,43.981,MB_ML,3,2,2,"[PLP.MB_MLL4, PLP.MB_PEDL4] -> MB_MLL3 -> [MB_CA.MB_MLL3, MB_CA.MB_PEDL3]",PLP.MB_ML,4,PLP.MB_PED,4,MB_CA.MB_ML,3,MB_CA.MB_PED,3
31939762,mixed,FB->lat,FB,lat,0,2,2,647,20,1.299,7480,11.561,LOP,2,2,2,"[LO.LOPL3, LOP.PLPL3] -> LOPL2 -> [LO.LOPL2, ME.LOPL2]",LO.LOP,3,LOP.PLP,3,LO.LOP,2,ME.LOP,2
31843692,mixed,FB->lat,FB,lat,0,2,2,647,1,1.0,14807,22.886,LOP,2,2,2,"[ME.LOL3, ME.LOPL3] -> LOPL2 -> [ME.LOPL2, PLP.LOPL2]",ME.LO,3,ME.LOP,3,ME.LOP,2,PLP.LOP,2
31843692,mixed,FB->lat,FB,lat,0,2,2,647,1,1.0,14800,22.875,LOP,2,2,2,"[ME.LOL3, ME.LOPL3] -> LOPL2 -> [ME.LOPL2, SPS.LOPL2]",ME.LO,3,ME.LOP,3,ME.LOP,2,SPS.LOP,2
31389717,mixed,FB->lat,FB,lat,0,2,2,24835,12,1.172,26338,1.061,ME,2,2,2,"[MEL3, ME.LOL3] -> MEL2 -> [ME.AOTUL2, ME.LOL2]",ME,3,ME.LO,3,ME.AOTU,2,ME.LO,2
30844860,mixed,FB->lat,FB,lat,0,2,2,24835,43,1.315,14332,0.577,ME,2,2,2,"[LOL3, MEL3] -> MEL2 -> [LOL2, ME.PLPL2]",LO,3,ME,3,LO,2,ME.PLP,2
30790944,mixed,FB->lat,FB,lat,0,2,2,52,1,1.0,2069,39.788,MB_ML,3,2,2,"[MB_CA.MB_MLL4, PLP.MB_MLL4] -> MB_MLL3 -> [MB_CA.MB_MLL3, PLP.MB_MLL3]",MB_CA.MB_ML,4,PLP.MB_ML,4,MB_CA.MB_ML,3,PLP.MB_ML,3
30728432,mixed,FB->lat,FB,lat,0,2,2,647,3,1.006,21859,33.785,LOP,2,2,2,"[MEL3, ME.LOL3] -> LOPL2 -> [LOP.IPSL2, ME.LOPL2]",ME,3,ME.LO,3,LOP.IPS,2,ME.LOP,2
30600288,mixed,FB->lat,FB,lat,0,2,2,52,1,1.0,2461,47.327,MB_ML,3,2,2,"[MB_CA.MB_MLL4, PLP.CREL4] -> MB_MLL3 -> [MB_CA.MB_MLL3, MB_CA.MB_VLL3]",MB_CA.MB_ML,4,PLP.CRE,4,MB_CA.MB_ML,3,MB_CA.MB_VL,3
30426949,mixed,FB->lat,FB,lat,0,2,2,647,7,1.051,19190,29.66,LOP,2,2,2,"[ME.LOL3, ME.LOPL3] -> LOPL2 -> [LOP.IPSL2, ME.LOL2]",ME.LO,3,ME.LOP,3,LOP.IPS,2,ME.LO,2
30266640,mixed,FB->lat,FB,lat,0,2,2,52,1,1.0,2375,45.673,MB_ML,3,2,2,"[MB_CA.MB_MLL4, SMP.CREL4] -> MB_MLL3 -> [MB_CA.MB_MLL3, MB_CA.MB_PEDL3]",MB_CA.MB_ML,4,SMP.CRE,4,MB_CA.MB_ML,3,MB_CA.MB_PED,3
30082005,mixed,FB->lat,FB,lat,0,2,2,647,10,1.009,22621,34.963,LOP,2,2,2,"[LO.LOPL3, MEL3] -> LOPL2 -> [LOL2, ME.LOL2]",LO.LOP,3,ME,3,LO,2,ME.LO,2
29455035,mixed,FB->lat,FB,lat,0,2,2,647,1,1.0,17076,26.393,LOP,2,2,2,"[LO.LOPL3, MEL3] -> LOPL2 -> [ME.LOPL2, PLP.LOPL2]",LO.LOP,3,ME,3,ME.LOP,2,PLP.LOP,2
29455035,mixed,FB->lat,FB,lat,0,2,2,647,1,1.0,17069,26.382,LOP,2,2,2,"[LO.LOPL3, MEL3] -> LOPL2 -> [ME.LOPL2, SPS.LOPL2]",LO.LOP,3,ME,3,ME.LOP,2,SPS.LOP,2
29169454,mixed,FB->lat,FB,lat,0,2,2,647,8,2.424,5287,8.172,LOP,2,2,2,"[LO.LOPL3, LOPL3] -> LOPL2 -> [LOP.IPSL2, LOP.LOL2]",LO.LOP,3,LOP,3,LOP.IPS,2,LOP.LO,2
29075040,mixed,FB->lat,FB,lat,0,2,2,52,1,1.0,2150,41.346,MB_ML,3,2,2,"[MB_CA.MB_MLL4, PLP.MB_PEDL4] -> MB_MLL3 -> [MB_CA.CREL3, MB_CA.MB_MLL3]",MB_CA.MB_ML,4,PLP.MB_PED,4,MB_CA.CRE,3,MB_CA.MB_ML,3
29042794,mixed,FB->lat,FB,lat,0,2,2,647,7,2.24,32596,50.38,LOP,2,2,2,"[LO.LOPL3, ME.LOPL3] -> LOPL2 -> [LOP.IPSL2, MEL2]",LO.LOP,3,ME.LOP,3,LOP.IPS,2,ME,2
28908424,mixed,FB->lat,FB,lat,0,2,2,647,4,1.027,13116,20.272,LOP,2,2,2,"[LO.LOPL3, LOP.LOL3] -> LOPL2 -> [ME.LOL2, ME.LOPL2]",LO.LOP,3,LOP.LO,3,ME.LO,2,ME.LOP,2
28658942,mixed,FB->lat,FB,lat,0,2,2,647,32,1.809,33758,52.176,LOP,2,2,2,"[LO.LOPL3, ME.LOPL3] -> LOPL2 -> [LOL2, MEL2]",LO.LOP,3,ME.LOP,3,LO,2,ME,2
13749087261,mixed,FB->mix,FB,mix,1,2,1,647,90,2.34,11082,17.128,LOP,2,2,2,"[LO.LOPL3, ME.LOPL3] -> LOPL2 -> [LOPL3, ME.LOPL2]",LO.LOP,3,ME.LOP,3,LOP,3,ME.LOP,2
12454244530,mixed,FB->mix,FB,mix,0,3,1,2282,2,1.871,7442,3.261,LO,3,2,2,"[LO.LOPL4, ME.LOPL4] -> LOL3 -> [LO.LOPL3, ME.LOPL2]",LO.LOP,4,ME.LOP,4,LO.LOP,3,ME.LOP,2
11164434320,mixed,FB->mix,FB,mix,0,3,1,2282,2,1.509,8900,3.9,LO,3,2,2,"[LO.LOPL4, MEL4] -> LOL3 -> [LO.LOPL3, ME.LOPL2]",LO.LOP,4,ME,4,LO.LOP,3,ME.LOP,2
10329877570,mixed,FB->mix,FB,mix,0,3,1,2282,2,1.646,11824,5.181,LO,3,2,2,"[LO.LOPL4, ME.LOPL4] -> LOL3 -> [LO.LOPL3, ME.LOL2]",LO.LOP,4,ME.LOP,4,LO.LOP,3,ME.LO,2
10260167840,mixed,FB->mix,FB,mix,0,3,1,2282,2,1.698,7018,3.075,LO,3,2,2,"[LO.LOPL4, ME.LOPL4] -> LOL3 -> [ME.LOPL2, ME.LOPL3]",LO.LOP,4,ME.LOP,4,ME.LOP,2,ME.LOP,3
9876585636,mixed,FB->mix,FB,mix,0,3,1,2282,3,1.333,13282,5.82,LO,3,2,2,"[LO.LOPL4, MEL4] -> LOL3 -> [LO.LOPL3, ME.LOL2]",LO.LOP,4,ME,4,LO.LOP,3,ME.LO,2
9683204960,mixed,FB->mix,FB,mix,0,3,1,2282,2,1.367,8476,3.714,LO,3,2,2,"[LO.LOPL4, MEL4] -> LOL3 -> [ME.LOPL2, ME.LOPL3]",LO.LOP,4,ME,4,ME.LOP,2,ME.LOP,3
8803072960,mixed,FB->mix,FB,mix,0,3,1,2282,2,1.479,11400,4.996,LO,3,2,2,"[LO.LOPL4, ME.LOPL4] -> LOL3 -> [ME.LOL2, ME.LOPL3]",LO.LOP,4,ME.LOP,4,ME.LO,2,ME.LOP,3
8756440240,mixed,FB->mix,FB,mix,0,3,1,2282,2,1.235,12858,5.635,LO,3,2,2,"[LO.LOPL4, MEL4] -> LOL3 -> [ME.LOL2, ME.LOPL3]",LO.LOP,4,ME,4,ME.LO,2,ME.LOP,3
8475514989,mixed,FB->mix,FB,mix,1,2,1,647,64,1.594,18869,29.164,LOP,2,2,2,"[LO.LOPL3, ME.LOPL3] -> LOPL2 -> [ME.LOL3, ME.LOPL2]",LO.LOP,3,ME.LOP,3,ME.LO,3,ME.LOP,2
7450350440,mixed,FB->mix,FB,mix,0,3,1,2282,2,1.237,8463,3.709,LO,3,2,2,"[LOL4, LO.LOPL4] -> LOL3 -> [LO.LOPL3, ME.LOPL2]",LO,4,LO.LOP,4,LO.LOP,3,ME.LOP,2
6877649416,mixed,FB->mix,FB,mix,0,3,1,2282,3,1.15,12845,5.629,LO,3,2,2,"[LOL4, LO.LOPL4] -> LOL3 -> [LO.LOPL3, ME.LOL2]",LO,4,LO.LOP,4,LO.LOP,3,ME.LO,2
6687728320,mixed,FB->mix,FB,mix,0,3,1,2282,2,1.166,8039,3.523,LO,3,2,2,"[LOL4, LO.LOPL4] -> LOL3 -> [ME.LOPL2, ME.LOPL3]",LO,4,LO.LOP,4,ME.LOP,2,ME.LOP,3
6245730080,mixed,FB->mix,FB,mix,0,3,1,2282,2,1.105,12421,5.443,LO,3,2,2,"[LOL4, LO.LOPL4] -> LOL3 -> [ME.LOL2, ME.LOPL3]",LO,4,LO.LOP,4,ME.LO,2,ME.LOP,3
4838744020,mixed,FB->mix,FB,mix,0,3,1,2282,2,1.972,5962,2.613,LO,3,2,2,"[LO.LOPL4, ME.LOPL4] -> LOL3 -> [LO.LOPL2, LO.LOPL3]",LO.LOP,4,ME.LOP,4,LO.LOP,2,LO.LOP,3
4605400600,mixed,FB->mix,FB,mix,1,2,1,647,57,2.081,9602,14.841,LOP,2,2,2,"[LO.LOPL3, ME.LOPL3] -> LOPL2 -> [LO.LOPL2, LOPL3]",LO.LOP,3,ME.LOP,3,LO.LOP,2,LOP,3
4130938273,mixed,FB->mix,FB,mix,0,3,1,2282,3,1.649,7420,3.252,LO,3,2,2,"[LO.LOPL4, MEL4] -> LOL3 -> [LO.LOPL2, LO.LOPL3]",LO.LOP,4,ME,4,LO.LOP,2,LO.LOP,3
4105998244,mixed,FB->mix,FB,mix,1,2,1,647,24,2.678,8924,13.793,LOP,2,2,2,"[LO.LOPL3, ME.LOPL3] -> LOPL2 -> [LOPL3, LOP.LOL2]",LO.LOP,3,ME.LOP,3,LOP,3,LOP.LO,2
3938939160,mixed,FB->mix,FB,mix,1,2,1,647,50,1.94,10353,16.002,LOP,2,2,2,"[LO.LOPL3, ME.LOPL3] -> LOPL2 -> [LOP.PLPL3, ME.LOPL2]",LO.LOP,3,ME.LOP,3,LOP.PLP,3,ME.LOP,2
3888061960,mixed,FB->mix,FB,mix,0,3,1,2282,2,1.843,5538,2.427,LO,3,2,2,"[LO.LOPL4, ME.LOPL4] -> LOL3 -> [LO.LOPL2, ME.LOPL3]",LO.LOP,4,ME.LOP,4,LO.LOP,2,ME.LOP,3
3787011680,mixed,FB->mix,FB,mix,0,3,1,2282,2,1.159,31470,13.791,LO,3,2,2,"[LO.LOPL4, MEL4] -> LOL3 -> [LO.LOPL3, MEL2]",LO.LOP,4,ME,4,LO.LOP,3,ME,2
3680737220,mixed,FB->mix,FB,mix,0,3,1,2282,2,1.332,30012,13.152,LO,3,2,2,"[LO.LOPL4, ME.LOPL4] -> LOL3 -> [LO.LOPL3, MEL2]",LO.LOP,4,ME.LOP,4,LO.LOP,3,ME,2
3592603225,mixed,FB->mix,FB,mix,1,2,1,647,82,1.015,18869,29.164,LOP,2,2,2,"[LO.LOPL3, ME.LOL3] -> LOPL2 -> [ME.LOPL2, ME.LOPL3]",LO.LOP,3,ME.LO,3,ME.LOP,2,ME.LOP,3
3519098740,mixed,FB->mix,FB,mix,0,3,1,2282,2,1.481,6996,3.066,LO,3,2,2,"[LO.LOPL4, MEL4] -> LOL3 -> [LO.LOPL2, ME.LOPL3]",LO.LOP,4,ME,4,LO.LOP,2,ME.LOP,3
3434978240,mixed,FB->mix,FB,mix,0,3,1,2282,2,1.111,31046,13.605,LO,3,2,2,"[LO.LOPL4, MEL4] -> LOL3 -> [MEL2, ME.LOPL3]",LO.LOP,4,ME,4,ME,2,ME.LOP,3
3309158108,mixed,FB->mix,FB,mix,1,2,1,647,53,1.017,16288,25.175,LOP,2,2,2,"[LO.LOPL3, ME.LOL3] -> LOPL2 -> [LOPL3, ME.LOPL2]",LO.LOP,3,ME.LO,3,LOP,3,ME.LOP,2
3297153251,mixed,FB->mix,FB,mix,1,2,1,647,99,1.125,20714,32.015,LOP,2,2,2,"[LO.LOPL3, ME.LOPL3] -> LOPL2 -> [MEL3, ME.LOPL2]",LO.LOP,3,ME.LOP,3,ME,3,ME.LOP,2
3263984960,mixed,FB->mix,FB,mix,0,3,1,2282,2,1.234,29588,12.966,LO,3,2,2,"[LO.LOPL4, ME.LOPL4] -> LOL3 -> [MEL2, ME.LOPL3]",LO.LOP,4,ME.LOP,4,ME,2,ME.LOP,3
2915128255,mixed,FB->mix,FB,mix,1,2,1,647,36,1.997,15464,23.901,LOP,2,2,2,"[LO.LOPL3, ME.LOPL3] -> LOPL2 -> [LOPL3, ME.LOL2]",LO.LOP,3,ME.LOP,3,LOP,3,ME.LO,2
2753886160,mixed,FB->mix,FB,mix,0,3,1,2282,2,1.07,31033,13.599,LO,3,2,2,"[LOL4, LO.LOPL4] -> LOL3 -> [LO.LOPL3, MEL2]",LO,4,LO.LOP,4,LO.LOP,3,ME,2
2660572780,mixed,FB->mix,FB,mix,0,3,1,2282,5,1.316,6983,3.06,LO,3,2,2,"[LOL4, LO.LOPL4] -> LOL3 -> [LO.LOPL2, LO.LOPL3]",LO,4,LO.LOP,4,LO.LOP,2,LO.LOP,3
2528990080,mixed,FB->mix,FB,mix,0,3,1,2282,2,1.049,30609,13.413,LO,3,2,2,"[LOL4, LO.LOPL4] -> LOL3 -> [MEL2, ME.LOPL3]",LO,4,LO.LOP,4,ME,2,ME.LOP,3
2364069080,mixed,FB->mix,FB,mix,0,3,1,2282,2,1.223,6559,2.874,LO,3,2,2,"[LOL4, LO.LOPL4] -> LOL3 -> [LO.LOPL2, ME.LOPL3]",LO,4,LO.LOP,4,LO.LOP,2,ME.LOP,3
2117360416,mixed,FB->mix,FB,mix,1,2,1,647,41,1.025,20714,32.015,LOP,2,2,2,"[LO.LOPL3, MEL3] -> LOPL2 -> [ME.LOPL2, ME.LOPL3]",LO.LOP,3,ME,3,ME.LOP,2,ME.LOP,3
2109060875,mixed,FB->mix,FB,mix,1,2,1,647,51,1.027,15864,24.519,LOP,2,2,2,"[ME.LOL3, ME.LOPL3] -> LOPL2 -> [LOPL3, ME.LOPL2]",ME.LO,3,ME.LOP,3,LOP,3,ME.LOP,2
2002671629,mixed,FB->mix,FB,mix,1,2,1,647,40,1.423,23251,35.937,LOP,2,2,2,"[LO.LOPL3, ME.LOPL3] -> LOPL2 -> [ME.LOL2, ME.LOL3]",LO.LOP,3,ME.LOP,3,ME.LO,2,ME.LO,3
1977803403,mixed,FB->mix,FB,mix,1,2,1,647,17,1.056,18133,28.026,LOP,2,2,2,"[LO.LOPL3, MEL3] -> LOPL2 -> [LOPL3, ME.LOPL2]",LO.LOP,3,ME,3,LOP,3,ME.LOP,2
1769306443,mixed,FB->mix,FB,mix,1,2,1,647,43,2.374,17389,26.876,LOP,2,2,2,"[LO.LOPL3, ME.LOPL3] -> LOPL2 -> [LO.LOPL2, ME.LOL3]",LO.LOP,3,ME.LOP,3,LO.LOP,2,ME.LO,3
1724798731,mixed,FB->mix,FB,mix,1,2,1,647,26,1.019,25920,40.062,LOP,2,2,2,"[LO.LOPL3, MEL3] -> LOPL2 -> [ME.LOL3, ME.LOPL2]",LO.LOP,3,ME,3,ME.LO,3,ME.LOP,2
1645841025,mixed,FB->mix,FB,mix,0,3,1,2282,2,1.099,7818,3.426,LO,3,2,2,"[LO.LOPL4, MEL4] -> LOL3 -> [LOL2, LO.LOPL3]",LO.LOP,4,ME,4,LO,2,LO.LOP,3
1596690671,mixed,FB->mix,FB,mix,1,2,1,647,101,1.605,11082,17.128,LOP,2,2,2,"[LO.LOPL3, LOPL3] -> LOPL2 -> [ME.LOPL2, ME.LOPL3]",LO.LOP,3,LOP,3,ME.LOP,2,ME.LOP,3
1554883100,mixed,FB->mix,FB,mix,0,3,1,2282,2,1.21,6360,2.787,LO,3,2,2,"[LO.LOPL4, ME.LOPL4] -> LOL3 -> [LOL2, LO.LOPL3]",LO.LOP,4,ME.LOP,4,LO,2,LO.LOP,3
1541437752,mixed,FB->mix,FB,mix,1,2,1,647,14,2.955,16711,25.828,LOP,2,2,2,"[LO.LOPL3, ME.LOPL3] -> LOPL2 -> [LOP.LOL2, ME.LOL3]",LO.LOP,3,ME.LOP,3,LOP.LO,2,ME.LO,3
1505229900,mixed,FB->mix,FB,mix,0,3,1,2282,2,1.069,7394,3.24,LO,3,2,2,"[LO.LOPL4, MEL4] -> LOL3 -> [LOL2, ME.LOPL3]",LO.LOP,4,ME,4,LO,2,ME.LOP,3
1440037612,mixed,FB->mix,FB,mix,1,2,1,647,54,1.803,16288,25.175,LOP,2,2,2,"[LO.LOPL3, LOPL3] -> LOPL2 -> [ME.LOL3, ME.LOPL2]",LO.LOP,3,LOP,3,ME.LO,3,ME.LOP,2
1405334508,mixed,FB->mix,FB,mix,1,2,1,647,78,1.023,25920,40.062,LOP,2,2,2,"[LO.LOPL3, ME.LOL3] -> LOPL2 -> [MEL3, ME.LOPL2]",LO.LOP,3,ME.LO,3,ME,3,ME.LOP,2
1400724600,mixed,FB->mix,FB,mix,0,3,1,2282,2,1.147,5936,2.601,LO,3,2,2,"[LO.LOPL4, ME.LOPL4] -> LOL3 -> [LOL2, ME.LOPL3]",LO.LOP,4,ME.LOP,4,LO,2,ME.LOP,3
1365534040,mixed,FB->mix,FB,mix,0,3,1,2282,2,1.999,8083,3.542,LO,3,2,2,"[MEL4, ME.LOPL4] -> LOL3 -> [LO.LOPL3, ME.LOPL2]",ME,4,ME.LOP,4,LO.LOP,3,ME.LOP,2
1313565451,mixed,FB->mix,FB,mix,1,2,1,647,53,3.095,8838,13.66,LOP,2,2,2,"[LO.LOPL3, ME.LOPL3] -> LOPL2 -> [LOPL3, LOP.IPSL2]",LO.LOP,3,ME.LOP,3,LOP,3,LOP.IPS,2
1270159068,mixed,FB->mix,FB,mix,1,2,1,647,15,1.671,10127,15.652,LOP,2,2,2,"[LO.LOPL3, ME.LOPL3] -> LOPL2 -> [LOP.LOL3, ME.LOPL2]",LO.LOP,3,ME.LOP,3,LOP.LO,3,ME.LOP,2
1267883563,mixed,FB->mix,FB,mix,1,2,1,647,16,1.079,17709,27.371,LOP,2,2,2,"[MEL3, ME.LOPL3] -> LOPL2 -> [LOPL3, ME.LOPL2]",ME,3,ME.LOP,3,LOP,3,ME.LOP,2
1215508150,mixed,FB->mix,FB,mix,0,3,1,2282,2,1.044,7381,3.234,LO,3,2,2,"[LOL4, LO.LOPL4] -> LOL3 -> [LOL2, LO.LOPL3]",LO,4,LO.LOP,4,LO,2,LO.LOP,3
1207870447,mixed,FB->mix,FB,mix,1,2,1,647,121,1.971,10000,15.456,LOP,2,2,2,"[LO.LOPL3, ME.LOPL3] -> LOPL2 -> [LOL2, LOPL3]",LO.LOP,3,ME.LOP,3,LO,2,LOP,3
1195027410,mixed,FB->mix,FB,mix,1,2,1,2282,2,1.147,6774,2.968,LO,3,2,2,"[LO.LOPL4, MEL4] -> LOL3 -> [LO.LOPL3, ME.LOPL4]",LO.LOP,4,ME,4,LO.LOP,3,ME.LOP,4
1141366234,mixed,FB->mix,FB,mix,1,2,1,647,30,1.005,15559,24.048,LOP,2,2,2,"[LO.LOPL3, ME.LOL3] -> LOPL2 -> [LOP.PLPL3, ME.LOPL2]",LO.LOP,3,ME.LO,3,LOP.PLP,3,ME.LOP,2
1137683454,mixed,FB->mix,FB,mix,1,2,1,2282,2,1.22,6774,2.968,LO,3,2,2,"[MEL4, ME.LOPL4] -> LOL3 -> [LO.LOPL3, LO.LOPL4]",ME,4,ME.LOP,4,LO.LOP,3,LO.LOP,4
1120549800,mixed,FB->mix,FB,mix,0,3,1,2282,2,1.03,6957,3.049,LO,3,2,2,"[LOL4, LO.LOPL4] -> LOL3 -> [LOL2, ME.LOPL3]",LO,4,LO.LOP,4,LO,2,ME.LOP,3
1118617347,mixed,FB->mix,FB,mix,1,2,1,24835,320,1.767,28502,1.148,ME,2,2,2,"[LOL3, ME.LOL3] -> MEL2 -> [MEL3, ME.LOL2]",LO,3,ME.LO,3,ME,3,ME.LO,2
1098072425,mixed,FB->mix,FB,mix,1,2,1,647,20,1.028,25496,39.406,LOP,2,2,2,"[MEL3, ME.LOPL3] -> LOPL2 -> [ME.LOL3, ME.LOPL2]",ME,3,ME.LOP,3,ME.LO,3,ME.LOP,2
1085669880,mixed,FB->mix,FB,mix,1,2,1,2282,2,1.103,6350,2.783,LO,3,2,2,"[LO.LOPL4, MEL4] -> LOL3 -> [ME.LOPL3, ME.LOPL4]",LO.LOP,4,ME,4,ME.LOP,3,ME.LOP,4
1080143370,mixed,FB->mix,FB,mix,1,2,1,647,27,1.984,8873,13.714,LOP,2,2,2,"[LO.LOPL3, ME.LOPL3] -> LOPL2 -> [LO.LOPL2, LOP.PLPL3]",LO.LOP,3,ME.LOP,3,LO.LOP,2,LOP.PLP,3
1079690560,mixed,FB->mix,FB,mix,0,3,1,2282,2,1.919,7659,3.356,LO,3,2,2,"[MEL4, ME.LOPL4] -> LOL3 -> [ME.LOPL2, ME.LOPL3]",ME,4,ME.LOP,4,ME.LOP,2,ME.LOP,3
1075130480,mixed,FB->mix,FB,mix,0,3,1,2282,2,1.878,12465,5.462,LO,3,2,2,"[MEL4, ME.LOPL4] -> LOL3 -> [LO.LOPL3, ME.LOL2]",ME,4,ME.LOP,4,LO.LOP,3,ME.LO,2
1023521160,mixed,FB->mix,FB,mix,1,2,1,2282,2,1.154,6350,2.783,LO,3,2,2,"[MEL4, ME.LOPL4] -> LOL3 -> [LO.LOPL4, ME.LOPL3]",ME,4,ME.LOP,4,LO.LOP,4,ME.LOP,3
1003702633,mixed,FB->mix,FB,mix,1,2,1,2282,5,1.018,7795,3.416,LO,3,2,2,"[LO.LOPL4, MEL4] -> LOL3 -> [LOL4, LO.LOPL3]",LO.LOP,4,ME,4,LO,4,LO.LOP,3
968690612,mixed,FB->mix,FB,mix,1,2,1,647,49,1.95,15864,24.519,LOP,2,2,2,"[LOPL3, ME.LOPL3] -> LOPL2 -> [ME.LOL3, ME.LOPL2]",LOP,3,ME.LOP,3,ME.LO,3,ME.LOP,2
928821460,mixed,FB->mix,FB,mix,1,2,1,2282,2,1.012,7371,3.23,LO,3,2,2,"[LO.LOPL4, MEL4] -> LOL3 -> [LOL4, ME.LOPL3]",LO.LOP,4,ME,4,LO,4,ME.LOP,3
922438354,mixed,FB->mix,FB,mix,1,2,1,647,20,1.036,23251,35.937,LOP,2,2,2,"[LO.LOPL3, ME.LOL3] -> LOPL2 -> [ME.LOL2, ME.LOPL3]",LO.LOP,3,ME.LO,3,ME.LO,2,ME.LOP,3
908934230,mixed,FB->mix,FB,mix,1,2,1,2282,2,1.038,6337,2.777,LO,3,2,2,"[LO.LOPL4, ME.LOPL4] -> LOL3 -> [LOL4, LO.LOPL3]",LO.LOP,4,ME.LOP,4,LO,4,LO.LOP,3
897279077,mixed,FB->mix,FB,mix,1,2,1,647,64,1.037,25496,39.406,LOP,2,2,2,"[ME.LOL3, ME.LOPL3] -> LOPL2 -> [MEL3, ME.LOPL2]",ME.LO,3,ME.LOP,3,ME,3,ME.LOP,2
890754566,mixed,FB->mix,FB,mix,1,2,1,647,19,2.501,8195,12.666,LOP,2,2,2,"[LO.LOPL3, ME.LOPL3] -> LOPL2 -> [LOP.LOL2, LOP.PLPL3]",LO.LOP,3,ME.LOP,3,LOP.LO,2,LOP.PLP,3
886111386,mixed,FB->mix,FB,mix,1,2,1,2282,4,1.046,7795,3.416,LO,3,2,2,"[LOL4, MEL4] -> LOL3 -> [LO.LOPL3, LO.LOPL4]",LO,4,ME,4,LO.LOP,3,LO.LOP,4
884553440,mixed,FB->mix,FB,mix,0,3,1,2282,2,1.706,12041,5.277,LO,3,2,2,"[MEL4, ME.LOPL4] -> LOL3 -> [ME.LOL2, ME.LOPL3]",ME,4,ME.LOP,4,ME.LO,2,ME.LOP,3
877457373,mixed,FB->mix,FB,mix,1,2,1,647,22,1.663,14735,22.774,LOP,2,2,2,"[LO.LOPL3, ME.LOPL3] -> LOPL2 -> [LOP.PLPL3, ME.LOL2]",LO.LOP,3,ME.LOP,3,LOP.PLP,3,ME.LO,2
871863687,mixed,FB->mix,FB,mix,1,2,1,647,45,1.21,25096,38.788,LOP,2,2,2,"[LO.LOPL3, ME.LOPL3] -> LOPL2 -> [MEL3, ME.LOL2]",LO.LOP,3,ME.LOP,3,ME,3,ME.LO,2
871622420,mixed,FB->mix,FB,mix,1,2,1,2282,2,1.065,6337,2.777,LO,3,2,2,"[LOL4, LO.LOPL4] -> LOL3 -> [LO.LOPL3, ME.LOPL4]",LO,4,LO.LOP,4,LO.LOP,3,ME.LOP,4
850826263,mixed,FB->mix,FB,mix,1,2,1,647,15,1.04,20670,31.947,LOP,2,2,2,"[LO.LOPL3, ME.LOL3] -> LOPL2 -> [LOPL3, ME.LOL2]",LO.LOP,3,ME.LO,3,LOP,3,ME.LO,2
838588840,mixed,FB->mix,FB,mix,1,2,1,2282,2,1.027,5913,2.591,LO,3,2,2,"[LO.LOPL4, ME.LOPL4] -> LOL3 -> [LOL4, ME.LOPL3]",LO.LOP,4,ME.LOP,4,LO,4,ME.LOP,3
816628920,mixed,FB->mix,FB,mix,1,2,1,2282,2,1.032,7371,3.23,LO,3,2,2,"[LOL4, MEL4] -> LOL3 -> [LO.LOPL4, ME.LOPL3]",LO,4,ME,4,LO.LOP,4,ME.LOP,3
814645372,mixed,FB->mix,FB,mix,1,2,1,2282,2,1.098,6337,2.777,LO,3,2,2,"[LOL4, ME.LOPL4] -> LOL3 -> [LO.LOPL3, LO.LOPL4]",LO,4,ME.LOP,4,LO.LOP,3,LO.LOP,4
801042960,mixed,FB->mix,FB,mix,1,2,1,2282,2,1.045,5913,2.591,LO,3,2,2,"[LOL4, LO.LOPL4] -> LOL3 -> [ME.LOPL3, ME.LOPL4]",LO,4,LO.LOP,4,ME.LOP,3,ME.LOP,4
781544025,mixed,FB->mix,FB,mix,1,2,1,647,79,1.017,18869,29.164,LOP,2,2,2,"[ME.LOL3, ME.LOPL3] -> LOPL2 -> [LO.LOPL3, ME.LOPL2]",ME.LO,3,ME.LOP,3,LO.LOP,3,ME.LOP,2
753487800,mixed,FB->mix,FB,mix,0,3,1,2282,2,1.709,7646,3.351,LO,3,2,2,"[LOL4, ME.LOPL4] -> LOL3 -> [LO.LOPL3, ME.LOPL2]",LO,4,ME.LOP,4,LO.LOP,3,ME.LOP,2
745194480,mixed,FB->mix,FB,mix,1,2,1,2282,2,1.068,5913,2.591,LO,3,2,2,"[LOL4, ME.LOPL4] -> LOL3 -> [LO.LOPL4, ME.LOPL3]",LO,4,ME.LOP,4,LO.LOP,4,ME.LOP,3
737884962,mixed,FB->mix,FB,mix,1,2,1,647,10,1.594,8647,13.365,LOP,2,2,2,"[LO.LOPL3, ME.LOPL3] -> LOPL2 -> [LO.LOPL2, LOP.LOL3]",LO.LOP,3,ME.LOP,3,LO.LOP,2,LOP.LO,3
730895235,mixed,FB->mix,FB,mix,1,2,1,647,55,1.306,12287,18.991,LOP,2,2,2,"[LO.LOPL3, ME.LOPL3] -> LOPL2 -> [LOL3, ME.LOPL2]",LO.LOP,3,ME.LOP,3,LO,3,ME.LOP,2
724749028,mixed,FB->mix,FB,mix,1,2,1,647,28,1.008,15135,23.393,LOP,2,2,2,"[ME.LOL3, ME.LOPL3] -> LOPL2 -> [LOP.PLPL3, ME.LOPL2]",ME.LO,3,ME.LOP,3,LOP.PLP,3,ME.LOP,2
723749668,mixed,FB->mix,FB,mix,1,2,1,647,20,1.036,10160,15.703,LOP,2,2,2,"[LO.LOPL3, ME.LOPL3] -> LOPL2 -> [LO.MEL3, ME.LOPL2]",LO.LOP,3,ME.LOP,3,LO.ME,3,ME.LOP,2
710743614,mixed,FB->mix,FB,mix,1,2,1,24835,90,1.852,22013,0.886,ME,2,2,2,"[LOL3, ME.LOL3] -> MEL2 -> [MEL3, ME.PLPL2]",LO,3,ME.LO,3,ME,3,ME.PLP,2
709014824,mixed,FB->mix,FB,mix,0,3,1,2282,4,1.375,9104,3.989,LO,3,2,2,"[LOL4, MEL4] -> LOL3 -> [LO.LOPL3, ME.LOPL2]",LO,4,ME,4,LO.LOP,3,ME.LOP,2
703846038,mixed,FB->mix,FB,mix,1,2,1,647,56,2.137,7772,12.012,LOP,2,2,2,"[LO.LOPL3, LOPL3] -> LOPL2 -> [LOP.PLPL3, ME.LOPL2]",LO.LOP,3,LOP,3,LOP.PLP,3,ME.LOP,2
701765220,mixed,FB->mix,FB,mix,0,3,1,2282,2,1.962,7412,3.248,LO,3,2,2,"[LO.LOPL4, PVLP.LOL4] -> LOL3 -> [LO.LOPL3, ME.LOPL2]",LO.LOP,4,PVLP.LO,4,LO.LOP,3,ME.LOP,2
675544584,mixed,FB->mix,FB,mix,1,2,1,647,10,1.024,17404,26.9,LOP,2,2,2,"[LO.LOPL3, MEL3] -> LOPL2 -> [LOP.PLPL3, ME.LOPL2]",LO.LOP,3,ME,3,LOP.PLP,3,ME.LOP,2
654917026,mixed,FB->mix,FB,mix,1,2,1,647,28,2.945,33652,52.012,LOP,2,2,2,"[LO.LOPL3, ME.LOPL3] -> LOPL2 -> [LOPL3, MEL2]",LO.LOP,3,ME.LOP,3,LOP,3,ME,2
652321496,mixed,FB->mix,FB,mix,1,2,1,647,20,2.249,16625,25.696,LOP,2,2,2,"[LO.LOPL3, ME.LOPL3] -> LOPL2 -> [LOP.IPSL2, ME.LOL3]",LO.LOP,3,ME.LOP,3,LOP.IPS,2,ME.LO,3
646672312,mixed,FB->mix,FB,mix,0,3,1,2282,2,1.062,15527,6.804,LO,3,2,2,"[LO.LOPL4, MEL4] -> LOL3 -> [MEL3, ME.LOPL2]",LO.LOP,4,ME,4,ME,3,ME.LOP,2
645213160,mixed,FB->mix,FB,mix,0,3,1,2282,2,1.489,12028,5.271,LO,3,2,2,"[LOL4, ME.LOPL4] -> LOL3 -> [LO.LOPL3, ME.LOL2]",LO,4,ME.LOP,4,LO.LOP,3,ME.LO,2
640374110,mixed,FB->mix,FB,mix,0,3,1,2282,5,1.241,13486,5.91,LO,3,2,2,"[LOL4, MEL4] -> LOL3 -> [LO.LOPL3, ME.LOL2]",LO,4,ME,4,LO.LOP,3,ME.LO,2
636696320,mixed,FB->mix,FB,mix,0,3,1,2282,2,1.534,7222,3.165,LO,3,2,2,"[LOL4, ME.LOPL4] -> LOL3 -> [ME.LOPL2, ME.LOPL3]",LO,4,ME.LOP,4,ME.LOP,2,ME.LOP,3
629098856,mixed,FB->mix,FB,mix,1,2,1,647,13,1.953,7969,12.317,LOP,2,2,2,"[LO.LOPL3, ME.LOPL3] -> LOPL2 -> [LOP.LOL2, LOP.LOL3]",LO.LOP,3,ME.LOP,3,LOP.LO,2,LOP.LO,3
625302120,mixed,FB->mix,FB,mix,0,3,1,2282,4,1.266,8680,3.804,LO,3,2,2,"[LOL4, MEL4] -> LOL3 -> [ME.LOPL2, ME.LOPL3]",LO,4,ME,4,ME.LOP,2,ME.LOP,3
614871128,mixed,FB->mix,FB,mix,0,3,1,2282,2,1.039,19909,8.724,LO,3,2,2,"[LO.LOPL4, MEL4] -> LOL3 -> [MEL3, ME.LOL2]",LO.LOP,4,ME,4,ME,3,ME.LO,2
599508598,mixed,FB->mix,FB,mix,0,3,1,2282,2,1.131,14069,6.165,LO,3,2,2,"[LO.LOPL4, ME.LOPL4] -> LOL3 -> [MEL3, ME.LOPL2]",LO.LOP,4,ME.LOP,4,ME,3,ME.LOP,2
595261800,mixed,FB->mix,FB,mix,1,2,1,647,29,1.007,25496,39.406,LOP,2,2,2,"[MEL3, ME.LOL3] -> LOPL2 -> [ME.LOPL2, ME.LOPL3]",ME,3,ME.LO,3,ME.LOP,2,ME.LOP,3
593226718,mixed,FB->mix,FB,mix,1,2,1,647,56,1.67,17787,27.491,LOP,2,2,2,"[LO.LOPL3, ME.LOPL3] -> LOPL2 -> [LOL2, ME.LOL3]",LO.LOP,3,ME.LOP,3,LO,2,ME.LO,3
586196430,mixed,FB->mix,FB,mix,1,2,1,647,7,1.93,8830,13.648,LOP,2,2,2,"[LO.LOPL3, ME.LOPL3] -> LOPL2 -> [LOPL3, LOP.MEL2]",LO.LOP,3,ME.LOP,3,LOP,3,LOP.ME,2
575696583,mixed,FB->mix,FB,mix,1,2,1,647,39,2.881,8883,13.73,LOP,2,2,2,"[LO.LOPL3, ME.LOPL3] -> LOPL2 -> [LOPL3, LOP.PLPL2]",LO.LOP,3,ME.LOP,3,LOP,3,LOP.PLP,2
574537162,mixed,FB->mix,FB,mix,0,3,1,2282,4,1.169,13062,5.724,LO,3,2,2,"[LOL4, MEL4] -> LOL3 -> [ME.LOL2, ME.LOPL3]",LO,4,ME,4,ME.LO,2,ME.LOP,3
573781616,mixed,FB->mix,FB,mix,1,2,1,24835,870,1.83,28502,1.148,ME,2,2,2,"[MEL3, ME.LOL3] -> MEL2 -> [LOL3, ME.LOL2]",ME,3,ME.LO,3,LO,3,ME.LO,2
563169662,mixed,FB->mix,FB,mix,0,3,1,2282,2,1.083,18451,8.085,LO,3,2,2,"[LO.LOPL4, ME.LOPL4] -> LOL3 -> [MEL3, ME.LOL2]",LO.LOP,4,ME.LOP,4,ME,3,ME.LO,2
561004480,mixed,FB->mix,FB,mix,0,3,1,2282,2,1.352,11604,5.085,LO,3,2,2,"[LOL4, ME.LOPL4] -> LOL3 -> [ME.LOL2, ME.LOPL3]",LO,4,ME.LOP,4,ME.LO,2,ME.LOP,3
549809654,mixed,FB->mix,FB,mix,0,3,1,2282,2,1.971,6603,2.894,LO,3,2,2,"[MEL4, ME.LOPL4] -> LOL3 -> [LO.LOPL2, LO.LOPL3]",ME,4,ME.LOP,4,LO.LOP,2,LO.LOP,3
547992925,mixed,FB->mix,FB,mix,1,2,1,647,8,1.007,22915,35.417,LOP,2,2,2,"[MEL3, ME.LOL3] -> LOPL2 -> [LOPL3, ME.LOPL2]",ME,3,ME.LO,3,LOP,3,ME.LOP,2
546205517,mixed,FB->mix,FB,mix,1,2,1,647,15,1.066,20246,31.292,LOP,2,2,2,"[ME.LOL3, ME.LOPL3] -> LOPL2 -> [LOPL3, ME.LOL2]",ME.LO,3,ME.LOP,3,LOP,3,ME.LO,2
541139408,mixed,FB->mix,FB,mix,1,2,1,647,15,1.036,25096,38.788,LOP,2,2,2,"[LO.LOPL3, MEL3] -> LOPL2 -> [ME.LOL2, ME.LOPL3]",LO.LOP,3,ME,3,ME.LO,2,ME.LOP,3
538464160,mixed,FB->mix,FB,mix,0,3,1,2282,2,1.996,6988,3.062,LO,3,2,2,"[LO.LOPL4, PVLP.LOL4] -> LOL3 -> [ME.LOPL2, ME.LOPL3]",LO.LOP,4,PVLP.LO,4,ME.LOP,2,ME.LOP,3
531699680,mixed,FB->mix,FB,mix,0,3,1,2282,2,1.983,11794,5.168,LO,3,2,2,"[LO.LOPL4, PVLP.LOL4] -> LOL3 -> [LO.LOPL3, ME.LOL2]",LO.LOP,4,PVLP.LO,4,LO.LOP,3,ME.LO,2
527371364,mixed,FB->mix,FB,mix,0,3,1,2282,2,1.089,13682,5.996,LO,3,2,2,"[LO.LOPL4, MEL4] -> LOL3 -> [ME.LOL3, ME.LOPL2]",LO.LOP,4,ME,4,ME.LO,3,ME.LOP,2
516297125,mixed,FB->mix,FB,mix,1,2,1,647,91,1.152,18133,28.026,LOP,2,2,2,"[LO.LOPL3, LOPL3] -> LOPL2 -> [MEL3, ME.LOPL2]",LO.LOP,3,LOP,3,ME,3,ME.LOP,2
501470472,mixed,FB->mix,FB,mix,1,2,1,647,14,1.051,22515,34.799,LOP,2,2,2,"[LO.LOPL3, MEL3] -> LOPL2 -> [LOPL3, ME.LOL2]",LO.LOP,3,ME,3,LOP,3,ME.LO,2
499003816,mixed,FB->mix,FB,mix,0,3,1,2282,2,1.056,18064,7.916,LO,3,2,2,"[LO.LOPL4, MEL4] -> LOL3 -> [ME.LOL2, ME.LOL3]",LO.LOP,4,ME,4,ME.LO,2,ME.LO,3
495838031,mixed,FB->mix,FB,mix,0,3,1,2282,2,1.189,12224,5.357,LO,3,2,2,"[LO.LOPL4, ME.LOPL4] -> LOL3 -> [ME.LOL3, ME.LOPL2]",LO.LOP,4,ME.LOP,4,ME.LO,3,ME.LOP,2
489032640,mixed,FB->mix,FB,mix,0,3,1,52,1,1.0,3164,60.846,MB_ML,3,2,2,"[MB_CA.MB_MLL4, PLP.MB_MLL4] -> MB_MLL3 -> [MB_CA.MB_MLL2, MB_CA.MB_MLL3]",MB_CA.MB_ML,4,PLP.MB_ML,4,MB_CA.MB_ML,2,MB_CA.MB_ML,3
482704430,mixed,FB->mix,FB,mix,1,2,1,647,50,2.247,7348,11.357,LOP,2,2,2,"[LOPL3, ME.LOPL3] -> LOPL2 -> [LOP.PLPL3, ME.LOPL2]",LOP,3,ME.LOP,3,LOP.PLP,3,ME.LOP,2
482352104,mixed,FB->mix,FB,mix,0,3,1,2282,2,1.027,15090,6.613,LO,3,2,2,"[LOL4, LO.LOPL4] -> LOL3 -> [MEL3, ME.LOPL2]",LO,4,LO.LOP,4,ME,3,ME.LOP,2
464333757,mixed,FB->mix,FB,mix,1,2,1,647,33,1.044,20714,32.015,LOP,2,2,2,"[MEL3, ME.LOPL3] -> LOPL2 -> [LO.LOPL3, ME.LOPL2]",ME,3,ME.LOP,3,LO.LOP,3,ME.LOP,2
461490377,mixed,FB->mix,FB,mix,0,3,1,2282,3,1.017,19472,8.533,LO,3,2,2,"[LOL4, LO.LOPL4] -> LOL3 -> [MEL3, ME.LOL2]",LO,4,LO.LOP,4,ME,3,ME.LO,2
461272939,mixed,FB->mix,FB,mix,0,3,1,2282,2,1.12,16606,7.277,LO,3,2,2,"[LO.LOPL4, ME.LOPL4] -> LOL3 -> [ME.LOL2, ME.LOL3]",LO.LOP,4,ME.LOP,4,ME.LO,2,ME.LO,3
460488762,mixed,FB->mix,FB,mix,1,2,1,647,89,2.271,11082,17.128,LOP,2,2,2,"[LOPL3, ME.LOPL3] -> LOPL2 -> [LO.LOPL3, ME.LOPL2]",LOP,3,ME.LOP,3,LO.LOP,3,ME.LOP,2
439216736,mixed,FB->mix,FB,mix,1,2,1,647,15,1.023,30302,46.835,LOP,2,2,2,"[LO.LOPL3, MEL3] -> LOPL2 -> [ME.LOL2, ME.LOL3]",LO.LOP,3,ME,3,ME.LO,2,ME.LO,3
430069984,mixed,FB->mix,FB,mix,1,2,1,647,8,1.032,16980,26.244,LOP,2,2,2,"[MEL3, ME.LOPL3] -> LOPL2 -> [LOP.PLPL3, ME.LOPL2]",ME,3,ME.LOP,3,LOP.PLP,3,ME.LOP,2
425365040,mixed,FB->mix,FB,mix,0,3,1,2282,2,1.866,11370,4.982,LO,3,2,2,"[LO.LOPL4, PVLP.LOL4] -> LOL3 -> [ME.LOL2, ME.LOPL3]",LO.LOP,4,PVLP.LO,4,ME.LO,2,ME.LOP,3
423245297,mixed,FB->mix,FB,mix,1,2,1,24835,131,1.386,23038,0.928,ME,2,2,2,"[LOL3, ME.LOL3] -> MEL2 -> [LOL2, MEL3]",LO,3,ME.LO,3,LO,2,ME,3
423161000,mixed,FB->mix,FB,mix,0,3,1,2282,2,1.993,6179,2.708,LO,3,2,2,"[MEL4, ME.LOPL4] -> LOL3 -> [LO.LOPL2, ME.LOPL3]",ME,4,ME.LOP,4,LO.LOP,2,ME.LOP,3
396159929,mixed,FB->mix,FB,mix,1,2,1,647,30,1.793,41439,64.048,LOP,2,2,2,"[LO.LOPL3, ME.LOPL3] -> LOPL2 -> [MEL2, ME.LOL3]",LO.LOP,3,ME.LOP,3,ME,2,ME.LO,3
390476788,mixed,FB->mix,FB,mix,0,3,1,2282,2,1.039,13245,5.804,LO,3,2,2,"[LOL4, LO.LOPL4] -> LOL3 -> [ME.LOL3, ME.LOPL2]",LO,4,LO.LOP,4,ME.LO,3,ME.LOP,2
381848606,mixed,FB->mix,FB,mix,1,2,1,647,8,1.993,18556,28.68,LOP,2,2,2,"[LO.LOPL3, ME.LOPL3] -> LOPL2 -> [LOP.LOL2, MEL3]",LO.LOP,3,ME.LOP,3,LOP.LO,2,ME,3
380473334,mixed,FB->mix,FB,mix,1,2,1,647,31,1.441,15464,23.901,LOP,2,2,2,"[LO.LOPL3, LOPL3] -> LOPL2 -> [ME.LOL2, ME.LOPL3]",LO.LOP,3,LOP,3,ME.LO,2,ME.LOP,3
372763774,mixed,FB->mix,FB,mix,0,3,1,2282,3,1.025,17627,7.724,LO,3,2,2,"[LOL4, LO.LOPL4] -> LOL3 -> [ME.LOL2, ME.LOL3]",LO,4,LO.LOP,4,ME.LO,2,ME.LO,3
363229308,mixed,FB->mix,FB,mix,1,3,0,2282,2,1.242,4957,2.172,LO,3,2,2,"[LO.LOPL4, MEL4] -> LOL3 -> [ME.LOPL2, ME.LOPL4]",LO.LOP,4,ME,4,ME.LOP,2,ME.LOP,4
362748013,mixed,FB->mix,FB,mix,1,2,1,647,25,1.054,30302,46.835,LOP,2,2,2,"[LO.LOPL3, ME.LOL3] -> LOPL2 -> [MEL3, ME.LOL2]",LO.LOP,3,ME.LO,3,ME,3,ME.LO,2
358122928,mixed,FB->mix,FB,mix,0,3,1,2282,2,1.514,30653,13.433,LO,3,2,2,"[MEL4, ME.LOPL4] -> LOL3 -> [LO.LOPL3, MEL2]",ME,4,ME.LOP,4,LO.LOP,3,ME,2
357961307,mixed,FB->mix,FB,mix,1,2,1,24835,142,1.863,22013,0.886,ME,2,2,2,"[MEL3, ME.LOL3] -> MEL2 -> [LOL3, ME.PLPL2]",ME,3,ME.LO,3,LO,3,ME.PLP,2
354372251,mixed,FB->mix,FB,mix,1,2,1,647,58,1.026,15864,24.519,LOP,2,2,2,"[LOPL3, ME.LOL3] -> LOPL2 -> [ME.LOPL2, ME.LOPL3]",LOP,3,ME.LO,3,ME.LOP,2,ME.LOP,3
352682460,mixed,FB->mix,FB,mix,1,3,0,2282,2,1.358,4957,2.172,LO,3,2,2,"[MEL4, ME.LOPL4] -> LOL3 -> [LO.LOPL4, ME.LOPL2]",ME,4,ME.LOP,4,LO.LOP,4,ME.LOP,2
351919894,mixed,FB->mix,FB,mix,1,2,1,647,32,2.194,14808,22.887,LOP,2,2,2,"[LO.LOPL3, LOPL3] -> LOPL2 -> [LO.LOPL2, ME.LOL3]",LO.LOP,3,LOP,3,LO.LOP,2,ME.LO,3
339924138,mixed,FB->mix,FB,mix,1,2,1,647,61,1.34,19234,29.728,LOP,2,2,2,"[LO.LOPL3, ME.LOPL3] -> LOPL2 -> [LO.LOPL2, MEL3]",LO.LOP,3,ME.LOP,3,LO.LOP,2,ME,3
338070774,mixed,FB->mix,FB,mix,1,2,1,647,78,1.225,17709,27.371,LOP,2,2,2,"[LOPL3, ME.LOPL3] -> LOPL2 -> [MEL3, ME.LOPL2]",LOP,3,ME.LOP,3,ME,3,ME.LOP,2
335015652,mixed,FB->mix,FB,mix,1,3,0,2282,2,1.153,9339,4.092,LO,3,2,2,"[LO.LOPL4, MEL4] -> LOL3 -> [ME.LOL2, ME.LOPL4]",LO.LOP,4,ME,4,ME.LO,2,ME.LOP,4
334955837,mixed,FB->mix,FB,mix,1,2,1,647,51,1.0,17389,26.876,LOP,2,2,2,"[LO.LOPL3, ME.LOL3] -> LOPL2 -> [LO.LOPL2, ME.LOPL3]",LO.LOP,3,ME.LO,3,LO.LOP,2,ME.LOP,3
330806676,mixed,FB->mix,FB,mix,1,2,1,647,41,1.573,20670,31.947,LOP,2,2,2,"[LO.LOPL3, LOPL3] -> LOPL2 -> [ME.LOL2, ME.LOL3]",LO.LOP,3,LOP,3,ME.LO,2,ME.LO,3
329113463,mixed,FB->mix,FB,mix,1,2,1,647,53,2.769,9602,14.841,LOP,2,2,2,"[LO.LOPL3, LOPL3] -> LOPL2 -> [LO.LOPL2, ME.LOPL3]",LO.LOP,3,LOP,3,LO.LOP,2,ME.LOP,3
324459933,mixed,FB->mix,FB,mix,1,2,1,647,39,2.545,8109,12.533,LOP,2,2,2,"[LO.LOPL3, ME.LOPL3] -> LOPL2 -> [LOP.IPSL2, LOP.PLPL3]",LO.LOP,3,ME.LOP,3,LOP.IPS,2,LOP.PLP,3
322129984,mixed,FB->mix,FB,mix,1,2,1,647,13,1.078,22091,34.144,LOP,2,2,2,"[MEL3, ME.LOPL3] -> LOPL2 -> [LOPL3, ME.LOL2]",ME,3,ME.LOP,3,LOP,3,ME.LO,2
319776845,mixed,FB->mix,FB,mix,1,2,1,647,13,1.01,15366,23.75,LOP,2,2,2,"[LO.LOPL3, ME.LOL3] -> LOPL2 -> [LO.MEL3, ME.LOPL2]",LO.LOP,3,ME.LO,3,LO.ME,3,ME.LOP,2
319383060,mixed,FB->mix,FB,mix,1,3,0,2282,2,1.229,9339,4.092,LO,3,2,2,"[MEL4, ME.LOPL4] -> LOL3 -> [LO.LOPL4, ME.LOL2]",ME,4,ME.LOP,4,LO.LOP,4,ME.LO,2
318359509,mixed,FB->mix,FB,mix,1,2,1,647,10,3.387,8924,13.793,LOP,2,2,2,"[LO.LOPL3, LOPL3] -> LOPL2 -> [LOP.LOL2, ME.LOPL3]",LO.LOP,3,LOP,3,LOP.LO,2,ME.LOP,3
311647060,mixed,FB->mix,FB,mix,1,2,1,647,6,1.109,16711,25.828,LOP,2,2,2,"[LO.LOPL3, ME.LOL3] -> LOPL2 -> [LOP.LOL2, ME.LOPL3]",LO.LOP,3,ME.LO,3,LOP.LO,2,ME.LOP,3
310418560,mixed,FB->mix,FB,mix,0,3,1,2282,2,1.371,30229,13.247,LO,3,2,2,"[MEL4, ME.LOPL4] -> LOL3 -> [MEL2, ME.LOPL3]",ME,4,ME.LOP,4,ME,2,ME.LOP,3
308250754,mixed,FB->mix,FB,mix,1,2,1,647,35,1.0,14808,22.887,LOP,2,2,2,"[LO.LOPL3, ME.LOL3] -> LOPL2 -> [LO.LOPL2, LOPL3]",LO.LOP,3,ME.LO,3,LO.LOP,2,LOP,3
301217458,mixed,FB->mix,FB,mix,1,2,1,647,12,2.809,14130,21.839,LOP,2,2,2,"[LO.LOPL3, LOPL3] -> LOPL2 -> [LOP.LOL2, ME.LOL3]",LO.LOP,3,LOP,3,LOP.LO,2,ME.LO,3
294293637,mixed,FB->mix,FB,mix,1,2,1,647,28,1.642,10032,15.505,LOP,2,2,2,"[LO.LOPL3, ME.LOPL3] -> LOPL2 -> [LOP.MEL3, ME.LOPL2]",LO.LOP,3,ME.LOP,3,LOP.ME,3,ME.LOP,2
293457736,mixed,FB->mix,FB,mix,1,3,0,2282,2,1.03,5978,2.62,LO,3,2,2,"[LO.LOPL4, MEL4] -> LOL3 -> [LOL4, ME.LOPL2]",LO.LOP,4,ME,4,LO,4,ME.LOP,2
291087217,mixed,FB->mix,FB,mix,1,2,1,647,7,1.012,19941,30.821,LOP,2,2,2,"[LO.LOPL3, ME.LOL3] -> LOPL2 -> [LOP.PLPL3, ME.LOL2]",LO.LOP,3,ME.LO,3,LOP.PLP,3,ME.LO,2
289741088,mixed,FB->mix,FB,mix,0,3,1,35,1,1.0,17174,490.686,PVLP.LO,3,2,2,"[AVLPL4, LO.PVLPL4] -> PVLP.LOL3 -> [ME.LOL2, ME.LOL3]",AVLP,4,LO.PVLP,4,ME.LO,2,ME.LO,3
289535255,mixed,FB->mix,FB,mix,0,3,1,2282,2,1.854,5932,2.599,LO,3,2,2,"[LO.LOPL4, PVLP.LOL4] -> LOL3 -> [LO.LOPL2, LO.LOPL3]",LO.LOP,4,PVLP.LO,4,LO.LOP,2,LO.LOP,3
288811850,mixed,FB->mix,FB,mix,1,2,1,647,6,1.124,14130,21.839,LOP,2,2,2,"[LO.LOPL3, ME.LOL3] -> LOPL2 -> [LOPL3, LOP.LOL2]",LO.LOP,3,ME.LO,3,LOP,3,LOP.LO,2
287243738,mixed,FB->mix,FB,mix,1,2,1,647,40,1.018,17493,27.037,LOP,2,2,2,"[LO.LOPL3, ME.LOL3] -> LOPL2 -> [LOL3, ME.LOPL2]",LO.LOP,3,ME.LO,3,LO,3,ME.LOP,2
285957292,mixed,FB->mix,FB,mix,0,3,1,2282,2,1.854,6166,2.702,LO,3,2,2,"[LOL4, ME.LOPL4] -> LOL3 -> [LO.LOPL2, LO.LOPL3]",LO,4,ME.LOP,4,LO.LOP,2,LO.LOP,3
280631088,mixed,FB->mix,FB,mix,1,3,0,2282,3,1.019,10360,4.54,LO,3,2,2,"[LO.LOPL4, MEL4] -> LOL3 -> [LOL4, ME.LOL2]",LO.LOP,4,ME,4,LO,4,ME.LO,2
280249673,mixed,FB->mix,FB,mix,1,2,1,647,12,1.036,29878,46.179,LOP,2,2,2,"[MEL3, ME.LOPL3] -> LOPL2 -> [ME.LOL2, ME.LOL3]",ME,3,ME.LOP,3,ME.LO,2,ME.LO,3
278704504,mixed,FB->mix,FB,mix,1,2,1,647,7,1.287,8899,13.754,LOP,2,2,2,"[LO.LOPL3, ME.LOPL3] -> LOPL2 -> [IPS.LOPL2, LOPL3]",LO.LOP,3,ME.LOP,3,IPS.LOP,2,LOP,3
274715978,mixed,FB->mix,FB,mix,1,2,1,647,16,1.565,7546,11.663,LOP,2,2,2,"[LO.LOPL3, LOPL3] -> LOPL2 -> [LOP.LOL3, ME.LOPL2]",LO.LOP,3,LOP,3,LOP.LO,3,ME.LOP,2
267485244,mixed,FB->mix,FB,mix,1,3,0,2282,2,1.063,4520,1.981,LO,3,2,2,"[LO.LOPL4, ME.LOPL4] -> LOL3 -> [LOL4, ME.LOPL2]",LO.LOP,4,ME.LOP,4,LO,4,ME.LOP,2
267453312,mixed,FB->mix,FB,mix,0,3,1,35,1,1.0,16522,472.057,PVLP.LO,3,2,2,"[LO.PVLPL4, PVLPL4] -> PVLP.LOL3 -> [ME.LOL2, ME.LOL3]",LO.PVLP,4,PVLP,4,ME.LO,2,ME.LO,3
266049538,mixed,FB->mix,FB,mix,1,2,1,647,27,1.014,10160,15.703,LOP,2,2,2,"[LO.LOPL3, LO.MEL3] -> LOPL2 -> [ME.LOPL2, ME.LOPL3]",LO.LOP,3,LO.ME,3,ME.LOP,2,ME.LOP,3
262155786,mixed,FB->mix,FB,mix,1,2,1,647,78,1.859,9271,14.329,LOP,2,2,2,"[LO.LOPL3, ME.LOPL3] -> LOPL2 -> [LOL2, LOP.PLPL3]",LO.LOP,3,ME.LOP,3,LO,2,LOP.PLP,3
261387360,mixed,FB->mix,FB,mix,1,3,0,2282,2,1.076,5978,2.62,LO,3,2,2,"[LOL4, MEL4] -> LOL3 -> [LO.LOPL4, ME.LOPL2]",LO,4,ME,4,LO.LOP,4,ME.LOP,2
258642436,mixed,FB->mix,FB,mix,1,3,0,2282,2,1.108,4520,1.981,LO,3,2,2,"[LOL4, LO.LOPL4] -> LOL3 -> [ME.LOPL2, ME.LOPL4]",LO,4,LO.LOP,4,ME.LOP,2,ME.LOP,4
257934450,mixed,FB->mix,FB,mix,0,3,1,2282,4,1.491,7624,3.341,LO,3,2,2,"[LOL4, MEL4] -> LOL3 -> [LO.LOPL2, LO.LOPL3]",LO,4,ME,4,LO.LOP,2,LO.LOP,3
257385600,mixed,FB->mix,FB,mix,0,3,1,52,1,1.0,3164,60.846,MB_ML,3,2,2,"[MB_CA.MB_MLL4, PLP.MB_PEDL4] -> MB_MLL3 -> [MB_CA.MB_MLL2, MB_CA.MB_MLL3]",MB_CA.MB_ML,4,PLP.MB_PED,4,MB_CA.MB_ML,2,MB_CA.MB_ML,3
255285862,mixed,FB->mix,FB,mix,1,2,1,647,29,2.206,14384,22.232,LOP,2,2,2,"[LOPL3, ME.LOPL3] -> LOPL2 -> [LO.LOPL2, ME.LOL3]",LOP,3,ME.LOP,3,LO.LOP,2,ME.LO,3
254246036,mixed,FB->mix,FB,mix,1,3,0,2282,2,1.04,8902,3.901,LO,3,2,2,"[LO.LOPL4, ME.LOPL4] -> LOL3 -> [LOL4, ME.LOL2]",LO.LOP,4,ME.LOP,4,LO,4,ME.LO,2
253190128,mixed,FB->mix,FB,mix,0,3,1,2282,2,1.018,38097,16.695,LO,3,2,2,"[LO.LOPL4, MEL4] -> LOL3 -> [MEL2, MEL3]",LO.LOP,4,ME,4,ME,2,ME,3
250894536,mixed,FB->mix,FB,mix,0,3,1,2282,4,1.113,31674,13.88,LO,3,2,2,"[LOL4, MEL4] -> LOL3 -> [LO.LOPL3, MEL2]",LO,4,ME,4,LO.LOP,3,ME,2
247902693,mixed,FB->mix,FB,mix,1,3,0,2282,4,1.048,10360,4.54,LO,3,2,2,"[LOL4, MEL4] -> LOL3 -> [LO.LOPL4, ME.LOL2]",LO,4,ME,4,LO.LOP,4,ME.LO,2
245063412,mixed,FB->mix,FB,mix,1,2,1,647,3,1.349,10016,15.481,LOP,2,2,2,"[LO.LOPL3, ME.LOPL3] -> LOPL2 -> [LOP.PVLPL3, ME.LOPL2]",LO.LOP,3,ME.LOP,3,LOP.PVLP,3,ME.LOP,2
245051317,mixed,FB->mix,FB,mix,1,2,1,647,30,1.016,7579,11.714,LOP,2,2,2,"[LO.LOPL3, LO.MEL3] -> LOPL2 -> [LOPL3, ME.LOPL2]",LO.LOP,3,LO.ME,3,LOP,3,ME.LOP,2
244121540,mixed,FB->mix,FB,mix,1,3,0,2282,2,1.162,4520,1.981,LO,3,2,2,"[LOL4, ME.LOPL4] -> LOL3 -> [LO.LOPL4, ME.LOPL2]",LO,4,ME.LOP,4,LO.LOP,4,ME.LOP,2
243946884,mixed,FB->mix,FB,mix,1,3,0,2282,2,1.068,8902,3.901,LO,3,2,2,"[LOL4, LO.LOPL4] -> LOL3 -> [ME.LOL2, ME.LOPL4]",LO,4,LO.LOP,4,ME.LO,2,ME.LOP,4
238698224,mixed,FB->mix,FB,mix,0,3,1,2282,2,1.239,30216,13.241,LO,3,2,2,"[LOL4, ME.LOPL4] -> LOL3 -> [LO.LOPL3, MEL2]",LO,4,ME.LOP,4,LO.LOP,3,ME,2
237901691,mixed,FB->mix,FB,mix,1,2,1,647,53,1.012,17787,27.491,LOP,2,2,2,"[LO.LOPL3, ME.LOL3] -> LOPL2 -> [LOL2, ME.LOPL3]",LO.LOP,3,ME.LO,3,LO,2,ME.LOP,3
236336560,mixed,FB->mix,FB,mix,0,3,1,2282,2,1.678,5742,2.516,LO,3,2,2,"[LOL4, ME.LOPL4] -> LOL3 -> [LO.LOPL2, ME.LOPL3]",LO,4,ME.LOP,4,LO.LOP,2,ME.LOP,3
233970421,mixed,FB->mix,FB,mix,1,2,1,647,20,1.487,18470,28.547,LOP,2,2,2,"[LO.LOPL3, ME.LOPL3] -> LOPL2 -> [LOP.IPSL2, MEL3]",LO.LOP,3,ME.LOP,3,LOP.IPS,2,ME,3
233843511,mixed,FB->mix,FB,mix,1,2,1,647,24,1.089,29878,46.179,LOP,2,2,2,"[ME.LOL3, ME.LOPL3] -> LOPL2 -> [MEL3, ME.LOL2]",ME.LO,3,ME.LOP,3,ME,3,ME.LO,2
231765845,mixed,FB->mix,FB,mix,1,2,1,647,5,1.147,16686,25.79,LOP,2,2,2,"[LO.LOPL3, ME.LOPL3] -> LOPL2 -> [IPS.LOPL2, ME.LOL3]",LO.LOP,3,ME.LOP,3,IPS.LOP,2,ME.LO,3
230609531,mixed,FB->mix,FB,mix,1,2,1,647,126,1.244,19632,30.343,LOP,2,2,2,"[LO.LOPL3, ME.LOPL3] -> LOPL2 -> [LOL2, MEL3]",LO.LOP,3,ME.LOP,3,LO,2,ME,3
229302412,mixed,FB->mix,FB,mix,0,3,1,2282,2,1.038,36639,16.056,LO,3,2,2,"[LO.LOPL4, ME.LOPL4] -> LOL3 -> [MEL2, MEL3]",LO.LOP,4,ME.LOP,4,ME,2,ME,3
228997808,mixed,FB->mix,FB,mix,0,3,1,2282,4,1.079,31250,13.694,LO,3,2,2,"[LOL4, MEL4] -> LOL3 -> [MEL2, ME.LOPL3]",LO,4,ME,4,ME,2,ME.LOP,3
228154020,mixed,FB->mix,FB,mix,1,3,0,2282,2,1.102,8902,3.901,LO,3,2,2,"[LOL4, ME.LOPL4] -> LOL3 -> [LO.LOPL4, ME.LOL2]",LO,4,ME.LOP,4,LO.LOP,4,ME.LO,2
15098046949,mixed,FB->FF,FB,FF,2,2,0,647,102,2.884,17681,27.328,LOP,2,2,2,"[LO.LOPL3, ME.LOPL3] -> LOPL2 -> [LOPL3, ME.LOL3]",LO.LOP,3,ME.LOP,3,LOP,3,ME.LO,3
8122302474,mixed,FB->FF,FB,FF,2,2,0,647,142,2.955,9165,14.165,LOP,2,2,2,"[LO.LOPL3, ME.LOPL3] -> LOPL2 -> [LOPL3, LOP.PLPL3]",LO.LOP,3,ME.LOP,3,LOP,3,LOP.PLP,3
5133033863,mixed,FB->FF,FB,FF,2,2,0,647,33,2.097,8939,13.816,LOP,2,2,2,"[LO.LOPL3, ME.LOPL3] -> LOPL2 -> [LOPL3, LOP.LOL3]",LO.LOP,3,ME.LOP,3,LOP,3,LOP.LO,3
4594116497,mixed,FB->FF,FB,FF,2,2,0,647,120,1.752,19526,30.179,LOP,2,2,2,"[LO.LOPL3, ME.LOPL3] -> LOPL2 -> [LOPL3, MEL3]",LO.LOP,3,ME.LOP,3,LOP,3,ME,3
4031618623,mixed,FB->FF,FB,FF,2,2,0,647,73,1.088,17681,27.328,LOP,2,2,2,"[LO.LOPL3, ME.LOL3] -> LOPL2 -> [LOPL3, ME.LOPL3]",LO.LOP,3,ME.LO,3,LOP,3,ME.LOP,3
3983774680,mixed,FB->FF,FB,FF,2,2,0,647,52,2.164,16952,26.201,LOP,2,2,2,"[LO.LOPL3, ME.LOPL3] -> LOPL2 -> [LOP.PLPL3, ME.LOL3]",LO.LOP,3,ME.LOP,3,LOP.PLP,3,ME.LO,3
3446685566,mixed,FB->FF,FB,FF,2,2,0,647,72,1.314,27313,42.215,LOP,2,2,2,"[LO.LOPL3, ME.LOPL3] -> LOPL2 -> [MEL3, ME.LOL3]",LO.LOP,3,ME.LOP,3,ME,3,ME.LO,3
2468750751,mixed,FB->FF,FB,FF,2,2,0,647,23,1.184,19526,30.179,LOP,2,2,2,"[LO.LOPL3, MEL3] -> LOPL2 -> [LOPL3, ME.LOPL3]",LO.LOP,3,ME,3,LOP,3,ME.LOP,3
2077318722,mixed,FB->FF,FB,FF,2,2,0,647,25,1.067,27313,42.215,LOP,2,2,2,"[LO.LOPL3, MEL3] -> LOPL2 -> [ME.LOL3, ME.LOPL3]",LO.LOP,3,ME,3,ME.LO,3,ME.LOP,3
1971032393,mixed,FB->FF,FB,FF,2,2,0,647,19,1.133,24732,38.226,LOP,2,2,2,"[LO.LOPL3, MEL3] -> LOPL2 -> [LOPL3, ME.LOL3]",LO.LOP,3,ME,3,LOP,3,ME.LO,3
1731965379,mixed,FB->FF,FB,FF,2,2,0,647,84,1.118,27313,42.215,LOP,2,2,2,"[LO.LOPL3, ME.LOL3] -> LOPL2 -> [MEL3, ME.LOPL3]",LO.LOP,3,ME.LO,3,ME,3,ME.LOP,3
1714816397,mixed,FB->FF,FB,FF,2,2,0,647,64,1.951,17681,27.328,LOP,2,2,2,"[LO.LOPL3, LOPL3] -> LOPL2 -> [ME.LOL3, ME.LOPL3]",LO.LOP,3,LOP,3,ME.LO,3,ME.LOP,3
1605801148,mixed,FB->FF,FB,FF,2,2,0,647,63,1.134,24732,38.226,LOP,2,2,2,"[LO.LOPL3, ME.LOL3] -> LOPL2 -> [LOPL3, MEL3]",LO.LOP,3,ME.LO,3,LOP,3,ME,3
1480207085,mixed,FB->FF,FB,FF,2,2,0,647,21,2.178,16726,25.852,LOP,2,2,2,"[LO.LOPL3, ME.LOPL3] -> LOPL2 -> [LOP.LOL3, ME.LOL3]",LO.LOP,3,ME.LOP,3,LOP.LO,3,ME.LO,3
1357369397,mixed,FB->FF,FB,FF,2,2,0,647,37,1.026,16952,26.201,LOP,2,2,2,"[LO.LOPL3, ME.LOL3] -> LOPL2 -> [LOP.PLPL3, ME.LOPL3]",LO.LOP,3,ME.LO,3,LOP.PLP,3,ME.LOP,3
1318933166,mixed,FB->FF,FB,FF,2,2,0,647,72,1.27,18797,29.053,LOP,2,2,2,"[LO.LOPL3, ME.LOPL3] -> LOPL2 -> [LOP.PLPL3, MEL3]",LO.LOP,3,ME.LOP,3,LOP.PLP,3,ME,3
1285341196,mixed,FB->FF,FB,FF,2,2,0,647,18,1.196,24308,37.57,LOP,2,2,2,"[MEL3, ME.LOPL3] -> LOPL2 -> [LOPL3, ME.LOL3]",ME,3,ME.LOP,3,LOP,3,ME.LO,3
1251401147,mixed,FB->FF,FB,FF,2,2,0,647,56,1.03,14371,22.212,LOP,2,2,2,"[LO.LOPL3, ME.LOL3] -> LOPL2 -> [LOPL3, LOP.PLPL3]",LO.LOP,3,ME.LO,3,LOP,3,LOP.PLP,3
1136060246,mixed,FB->FF,FB,FF,2,2,0,647,116,2.381,11099,17.155,LOP,2,2,2,"[LO.LOPL3, ME.LOPL3] -> LOPL2 -> [LOL3, LOPL3]",LO.LOP,3,ME.LOP,3,LO,3,LOP,3
1058852939,mixed,FB->FF,FB,FF,2,2,0,647,60,1.217,24308,37.57,LOP,2,2,2,"[ME.LOL3, ME.LOPL3] -> LOPL2 -> [LOPL3, MEL3]",ME.LO,3,ME.LOP,3,LOP,3,ME,3
993159172,mixed,FB->FF,FB,FF,2,2,0,647,20,1.926,8210,12.689,LOP,2,2,2,"[LO.LOPL3, ME.LOPL3] -> LOPL2 -> [LOP.LOL3, LOP.PLPL3]",LO.LOP,3,ME.LOP,3,LOP.LO,3,LOP.PLP,3
882030150,mixed,FB->FF,FB,FF,2,2,0,647,84,1.102,17681,27.328,LOP,2,2,2,"[ME.LOL3, ME.LOPL3] -> LOPL2 -> [LO.LOPL3, LOPL3]",ME.LO,3,ME.LOP,3,LO.LOP,3,LOP,3
852890260,mixed,FB->FF,FB,FF,2,2,0,647,40,1.214,8972,13.867,LOP,2,2,2,"[LO.LOPL3, ME.LOPL3] -> LOPL2 -> [LO.MEL3, LOPL3]",LO.LOP,3,ME.LOP,3,LO.ME,3,LOP,3
810578406,mixed,FB->FF,FB,FF,2,2,0,647,13,1.064,18797,29.053,LOP,2,2,2,"[LO.LOPL3, MEL3] -> LOPL2 -> [LOP.PLPL3, ME.LOPL3]",LO.LOP,3,ME,3,LOP.PLP,3,ME.LOP,3
800755989,mixed,FB->FF,FB,FF,2,2,0,647,54,1.049,13947,21.556,LOP,2,2,2,"[ME.LOL3, ME.LOPL3] -> LOPL2 -> [LOPL3, LOP.PLPL3]",ME.LO,3,ME.LOP,3,LOP,3,LOP.PLP,3
781407514,mixed,FB->FF,FB,FF,2,2,0,647,20,1.164,16216,25.063,LOP,2,2,2,"[LO.LOPL3, MEL3] -> LOPL2 -> [LOPL3, LOP.PLPL3]",LO.LOP,3,ME,3,LOP,3,LOP.PLP,3
776959704,mixed,FB->FF,FB,FF,2,2,0,647,76,2.337,9165,14.165,LOP,2,2,2,"[LO.LOPL3, LOPL3] -> LOPL2 -> [LOP.PLPL3, ME.LOPL3]",LO.LOP,3,LOP,3,LOP.PLP,3,ME.LOP,3
757111179,mixed,FB->FF,FB,FF,2,2,0,647,77,1.503,18886,29.19,LOP,2,2,2,"[LO.LOPL3, ME.LOPL3] -> LOPL2 -> [LOL3, ME.LOL3]",LO.LOP,3,ME.LOP,3,LO,3,ME.LO,3
721445241,mixed,FB->FF,FB,FF,2,2,0,647,119,1.548,19526,30.179,LOP,2,2,2,"[LO.LOPL3, LOPL3] -> LOPL2 -> [MEL3, ME.LOPL3]",LO.LOP,3,LOP,3,ME,3,ME.LOP,3
720618181,mixed,FB->FF,FB,FF,2,2,0,647,13,1.109,16759,25.903,LOP,2,2,2,"[LO.LOPL3, ME.LOPL3] -> LOPL2 -> [LO.MEL3, ME.LOL3]",LO.LOP,3,ME.LOP,3,LO.ME,3,ME.LO,3
715120638,mixed,FB->FF,FB,FF,2,2,0,647,50,2.43,14371,22.212,LOP,2,2,2,"[LO.LOPL3, LOPL3] -> LOPL2 -> [LOP.PLPL3, ME.LOL3]",LO.LOP,3,LOP,3,LOP.PLP,3,ME.LO,3
667225895,mixed,FB->FF,FB,FF,2,2,0,647,37,2.894,8844,13.669,LOP,2,2,2,"[LO.LOPL3, ME.LOPL3] -> LOPL2 -> [LOPL3, LOP.MEL3]",LO.LOP,3,ME.LOP,3,LOP,3,LOP.ME,3
657624818,mixed,FB->FF,FB,FF,2,2,0,647,15,1.05,24003,37.099,LOP,2,2,2,"[LO.LOPL3, MEL3] -> LOPL2 -> [LOP.PLPL3, ME.LOL3]",LO.LOP,3,ME,3,LOP.PLP,3,ME.LO,3
654940049,mixed,FB->FF,FB,FF,2,2,0,647,10,1.039,24308,37.57,LOP,2,2,2,"[MEL3, ME.LOL3] -> LOPL2 -> [LOPL3, ME.LOPL3]",ME,3,ME.LO,3,LOP,3,ME.LOP,3
627515838,mixed,FB->FF,FB,FF,2,2,0,647,16,1.155,8828,13.645,LOP,2,2,2,"[LO.LOPL3, ME.LOPL3] -> LOPL2 -> [LOPL3, LOP.PVLPL3]",LO.LOP,3,ME.LOP,3,LOP,3,LOP.PVLP,3
598118607,mixed,FB->FF,FB,FF,2,2,0,647,30,2.007,9523,14.719,LOP,2,2,2,"[LO.LOPL3, ME.LOPL3] -> LOPL2 -> [LO.PVLPL3, LOPL3]",LO.LOP,3,ME.LOP,3,LO.PVLP,3,LOP,3
575137145,mixed,FB->FF,FB,FF,2,2,0,647,16,1.346,19526,30.179,LOP,2,2,2,"[MEL3, ME.LOPL3] -> LOPL2 -> [LO.LOPL3, LOPL3]",ME,3,ME.LOP,3,LO.LOP,3,LOP,3
544782290,mixed,FB->FF,FB,FF,2,2,0,647,67,1.367,24732,38.226,LOP,2,2,2,"[LO.LOPL3, LOPL3] -> LOPL2 -> [MEL3, ME.LOL3]",LO.LOP,3,LOP,3,ME,3,ME.LO,3
532530587,mixed,FB->FF,FB,FF,2,2,0,647,42,1.04,24003,37.099,LOP,2,2,2,"[LO.LOPL3, ME.LOL3] -> LOPL2 -> [LOP.PLPL3, MEL3]",LO.LOP,3,ME.LO,3,LOP.PLP,3,ME,3
519538881,mixed,FB->FF,FB,FF,2,2,0,647,67,2.839,17681,27.328,LOP,2,2,2,"[LOPL3, ME.LOPL3] -> LOPL2 -> [LO.LOPL3, ME.LOL3]",LOP,3,ME.LOP,3,LO.LOP,3,ME.LO,3
510305788,mixed,FB->FF,FB,FF,2,2,0,647,19,1.232,15792,24.408,LOP,2,2,2,"[MEL3, ME.LOPL3] -> LOPL2 -> [LOPL3, LOP.PLPL3]",ME,3,ME.LOP,3,LOP,3,LOP.PLP,3
502170670,mixed,FB->FF,FB,FF,2,2,0,647,47,2.647,13947,21.556,LOP,2,2,2,"[LOPL3, ME.LOPL3] -> LOPL2 -> [LOP.PLPL3, ME.LOL3]",LOP,3,ME.LOP,3,LOP.PLP,3,ME.LO,3
460890423,mixed,FB->FF,FB,FF,2,2,0,647,20,1.112,27313,42.215,LOP,2,2,2,"[MEL3, ME.LOPL3] -> LOPL2 -> [LO.LOPL3, ME.LOL3]",ME,3,ME.LOP,3,LO.LOP,3,ME.LO,3
429058107,mixed,FB->FF,FB,FF,2,2,0,24835,39,2.036,21960,0.884,ME,2,2,2,"[LOL3, ME.LOL3] -> MEL2 -> [MEL3, ME.PLPL3]",LO,3,ME.LO,3,ME,3,ME.PLP,3
421216796,mixed,FB->FF,FB,FF,2,2,0,647,13,1.071,23579,36.444,LOP,2,2,2,"[MEL3, ME.LOPL3] -> LOPL2 -> [LOP.PLPL3, ME.LOL3]",ME,3,ME.LOP,3,LOP.PLP,3,ME.LO,3
384603298,mixed,FB->FF,FB,FF,2,2,0,647,19,1.055,16759,25.903,LOP,2,2,2,"[LO.LOPL3, ME.LOL3] -> LOPL2 -> [LO.MEL3, ME.LOPL3]",LO.LOP,3,ME.LO,3,LO.ME,3,ME.LOP,3
379728088,mixed,FB->FF,FB,FF,2,2,0,647,78,1.137,27313,42.215,LOP,2,2,2,"[ME.LOL3, ME.LOPL3] -> LOPL2 -> [LO.LOPL3, MEL3]",ME.LO,3,ME.LOP,3,LO.LOP,3,ME,3
376526423,mixed,FB->FF,FB,FF,2,2,0,647,23,2.838,8824,13.638,LOP,2,2,2,"[LO.LOPL3, ME.LOPL3] -> LOPL2 -> [LOPL3, LOP.IPSL3]",LO.LOP,3,ME.LOP,3,LOP,3,LOP.IPS,3
374092603,mixed,FB->FF,FB,FF,2,2,0,647,58,1.56,24308,37.57,LOP,2,2,2,"[LOPL3, ME.LOPL3] -> LOPL2 -> [MEL3, ME.LOL3]",LOP,3,ME.LOP,3,ME,3,ME.LO,3
373267230,mixed,FB->FF,FB,FF,2,2,0,647,42,1.284,18604,28.754,LOP,2,2,2,"[LO.LOPL3, ME.LOPL3] -> LOPL2 -> [LO.MEL3, MEL3]",LO.LOP,3,ME.LOP,3,LO.ME,3,ME,3
371005736,mixed,FB->FF,FB,FF,2,2,0,647,103,1.519,20731,32.042,LOP,2,2,2,"[LO.LOPL3, ME.LOPL3] -> LOPL2 -> [LOL3, MEL3]",LO.LOP,3,ME.LOP,3,LO,3,ME,3
355188075,mixed,FB->FF,FB,FF,2,2,0,647,24,1.062,14178,21.913,LOP,2,2,2,"[LO.LOPL3, ME.LOL3] -> LOPL2 -> [LO.MEL3, LOPL3]",LO.LOP,3,ME.LO,3,LO.ME,3,LOP,3
351057076,mixed,FB->FF,FB,FF,2,2,0,647,45,1.096,18886,29.19,LOP,2,2,2,"[LO.LOPL3, ME.LOL3] -> LOPL2 -> [LOL3, ME.LOPL3]",LO.LOP,3,ME.LO,3,LO,3,ME.LOP,3
341832673,mixed,FB->FF,FB,FF,2,2,0,647,39,1.065,23579,36.444,LOP,2,2,2,"[ME.LOL3, ME.LOPL3] -> LOPL2 -> [LOP.PLPL3, MEL3]",ME.LO,3,ME.LOP,3,LOP.PLP,3,ME,3
326198094,mixed,FB->FF,FB,FF,2,2,0,647,30,2.047,16631,25.705,LOP,2,2,2,"[LO.LOPL3, ME.LOPL3] -> LOPL2 -> [LOP.MEL3, ME.LOL3]",LO.LOP,3,ME.LOP,3,LOP.ME,3,ME.LO,3
325050553,mixed,FB->FF,FB,FF,2,2,0,647,48,1.109,16305,25.201,LOP,2,2,2,"[LO.LOPL3, ME.LOL3] -> LOPL2 -> [LOL3, LOPL3]",LO.LOP,3,ME.LO,3,LO,3,LOP,3
320400743,mixed,FB->FF,FB,FF,2,2,0,647,18,2.256,8939,13.816,LOP,2,2,2,"[LO.LOPL3, LOPL3] -> LOPL2 -> [LOP.LOL3, ME.LOPL3]",LO.LOP,3,LOP,3,LOP.LO,3,ME.LOP,3
317530403,mixed,FB->FF,FB,FF,2,2,0,647,23,2.062,14145,21.862,LOP,2,2,2,"[LO.LOPL3, LOPL3] -> LOPL2 -> [LOP.LOL3, ME.LOL3]",LO.LOP,3,LOP,3,LOP.LO,3,ME.LO,3
313162104,mixed,FB->FF,FB,FF,2,2,0,647,65,1.651,10370,16.028,LOP,2,2,2,"[LO.LOPL3, ME.LOPL3] -> LOPL2 -> [LOL3, LOP.PLPL3]",LO.LOP,3,ME.LOP,3,LO,3,LOP.PLP,3
298189423,mixed,FB->FF,FB,FF,2,2,0,647,40,1.085,8972,13.867,LOP,2,2,2,"[LO.LOPL3, LO.MEL3] -> LOPL2 -> [LOPL3, ME.LOPL3]",LO.LOP,3,LO.ME,3,LOP,3,ME.LOP,3
295549955,mixed,FB->FF,FB,FF,2,2,0,647,42,1.031,16952,26.201,LOP,2,2,2,"[ME.LOL3, ME.LOPL3] -> LOPL2 -> [LO.LOPL3, LOP.PLPL3]",ME.LO,3,ME.LOP,3,LO.LOP,3,LOP.PLP,3
275659743,mixed,FB->FF,FB,FF,2,2,0,647,28,1.064,8243,12.74,LOP,2,2,2,"[LO.LOPL3, ME.LOPL3] -> LOPL2 -> [LO.MEL3, LOP.PLPL3]",LO.LOP,3,ME.LOP,3,LO.ME,3,LOP.PLP,3
267125648,mixed,FB->FF,FB,FF,2,2,0,647,64,3.036,9165,14.165,LOP,2,2,2,"[LOPL3, ME.LOPL3] -> LOPL2 -> [LO.LOPL3, LOP.PLPL3]",LOP,3,ME.LOP,3,LO.LOP,3,LOP.PLP,3
259386546,mixed,FB->FF,FB,FF,2,2,0,647,14,1.043,16759,25.903,LOP,2,2,2,"[LO.LOPL3, LO.MEL3] -> LOPL2 -> [ME.LOL3, ME.LOPL3]",LO.LOP,3,LO.ME,3,ME.LO,3,ME.LOP,3
248085818,mixed,FB->FF,FB,FF,2,2,0,647,21,2.113,13721,21.207,LOP,2,2,2,"[LOPL3, ME.LOPL3] -> LOPL2 -> [LOP.LOL3, ME.LOL3]",LOP,3,ME.LOP,3,LOP.LO,3,ME.LO,3
242195071,mixed,FB->FF,FB,FF,2,2,0,647,31,1.024,27313,42.215,LOP,2,2,2,"[MEL3, ME.LOL3] -> LOPL2 -> [LO.LOPL3, ME.LOPL3]",ME,3,ME.LO,3,LO.LOP,3,ME.LOP,3
239363573,mixed,FB->FF,FB,FF,2,2,0,647,18,1.049,14178,21.913,LOP,2,2,2,"[LO.LOPL3, LO.MEL3] -> LOPL2 -> [LOPL3, ME.LOL3]",LO.LOP,3,LO.ME,3,LOP,3,ME.LO,3
231984288,mixed,FB->FF,FB,FF,2,2,0,647,23,2.316,9165,14.165,LOP,2,2,2,"[LO.LOPL3, LOP.PLPL3] -> LOPL2 -> [LOPL3, ME.LOPL3]",LO.LOP,3,LOP.PLP,3,LOP,3,ME.LOP,3
229509235,mixed,FB->FF,FB,FF,2,2,0,647,23,1.102,13754,21.258,LOP,2,2,2,"[ME.LOL3, ME.LOPL3] -> LOPL2 -> [LO.MEL3, LOPL3]",ME.LO,3,ME.LOP,3,LO.ME,3,LOP,3
225141083,mixed,FB->FF,FB,FF,2,2,0,647,8,1.051,18604,28.754,LOP,2,2,2,"[LO.LOPL3, MEL3] -> LOPL2 -> [LO.MEL3, ME.LOPL3]",LO.LOP,3,ME,3,LO.ME,3,ME.LOP,3
224195508,mixed,FB->FF,FB,FF,2,2,0,647,3,1.012,23579,36.444,LOP,2,2,2,"[MEL3, ME.LOL3] -> LOPL2 -> [LOP.PLPL3, ME.LOPL3]",ME,3,ME.LO,3,LOP.PLP,3,ME.LOP,3
223225796,mixed,FB->FF,FB,FF,2,2,0,647,9,1.027,24732,38.226,LOP,2,2,2,"[MEL3, ME.LOL3] -> LOPL2 -> [LO.LOPL3, LOPL3]",ME,3,ME.LO,3,LO.LOP,3,LOP,3
222168988,mixed,FB->FF,FB,FF,2,2,0,647,3,1.373,16615,25.68,LOP,2,2,2,"[LO.LOPL3, ME.LOPL3] -> LOPL2 -> [LOP.PVLPL3, ME.LOL3]",LO.LOP,3,ME.LOP,3,LOP.PVLP,3,ME.LO,3
220531110,mixed,FB->FF,FB,FF,2,2,0,647,12,2.284,14371,22.212,LOP,2,2,2,"[LO.LOPL3, LOP.PLPL3] -> LOPL2 -> [LOPL3, ME.LOL3]",LO.LOP,3,LOP.PLP,3,LOP,3,ME.LO,3
216912107,mixed,FB->FF,FB,FF,2,2,0,24835,57,2.148,21960,0.884,ME,2,2,2,"[MEL3, ME.LOL3] -> MEL2 -> [LOL3, ME.PLPL3]",ME,3,ME.LO,3,LO,3,ME.PLP,3
215878305,mixed,FB->FF,FB,FF,2,2,0,647,21,1.844,5629,8.7,LOP,2,2,2,"[LO.LOPL3, LOPL3] -> LOPL2 -> [LOP.LOL3, LOP.PLPL3]",LO.LOP,3,LOP,3,LOP.LO,3,LOP.PLP,3
212877907,mixed,FB->FF,FB,FF,2,2,0,647,47,1.177,15881,24.546,LOP,2,2,2,"[ME.LOL3, ME.LOPL3] -> LOPL2 -> [LOL3, LOPL3]",ME.LO,3,ME.LOP,3,LO,3,LOP,3
209564995,mixed,FB->FF,FB,FF,2,2,0,647,79,1.336,16216,25.063,LOP,2,2,2,"[LO.LOPL3, LOPL3] -> LOPL2 -> [LOP.PLPL3, MEL3]",LO.LOP,3,LOP,3,LOP.PLP,3,ME,3
209136928,mixed,FB->FF,FB,FF,2,2,0,647,17,1.123,24308,37.57,LOP,2,2,2,"[LOPL3, MEL3] -> LOPL2 -> [ME.LOL3, ME.LOPL3]",LOP,3,ME,3,ME.LO,3,ME.LOP,3
207872686,mixed,FB->FF,FB,FF,2,2,0,647,5,1.058,16023,24.765,LOP,2,2,2,"[LO.LOPL3, MEL3] -> LOPL2 -> [LO.MEL3, LOPL3]",LO.LOP,3,ME,3,LO.ME,3,LOP,3
206462676,mixed,FB->FF,FB,FF,2,2,0,647,4,1.013,20998,32.454,LOP,2,2,2,"[MEL3, ME.LOL3] -> LOPL2 -> [LOPL3, LOP.PLPL3]",ME,3,ME.LO,3,LOP,3,LOP.PLP,3
206454213,mixed,FB->FF,FB,FF,2,2,0,647,25,1.103,20731,32.042,LOP,2,2,2,"[LO.LOPL3, MEL3] -> LOPL2 -> [LOL3, ME.LOPL3]",LO.LOP,3,ME,3,LO,3,ME.LOP,3
199083452,mixed,FB->FF,FB,FF,2,2,0,647,7,1.798,16611,25.674,LOP,2,2,2,"[LO.LOPL3, ME.LOPL3] -> LOPL2 -> [LOP.IPSL3, ME.LOL3]",LO.LOP,3,ME.LOP,3,LOP.IPS,3,ME.LO,3
193655381,mixed,FB->FF,FB,FF,2,2,0,647,26,1.145,18150,28.053,LOP,2,2,2,"[LO.LOPL3, MEL3] -> LOPL2 -> [LOL3, LOPL3]",LO.LOP,3,ME,3,LO,3,LOP,3
181962783,mixed,FB->FF,FB,FF,2,2,0,647,4,1.029,23810,36.801,LOP,2,2,2,"[LO.LOPL3, MEL3] -> LOPL2 -> [LO.MEL3, ME.LOL3]",LO.LOP,3,ME,3,LO.ME,3,ME.LO,3
181355038,mixed,FB->FF,FB,FF,2,2,0,647,7,1.126,18797,29.053,LOP,2,2,2,"[MEL3, ME.LOPL3] -> LOPL2 -> [LO.LOPL3, LOP.PLPL3]",ME,3,ME.LOP,3,LO.LOP,3,LOP.PLP,3
178838141,mixed,FB->FF,FB,FF,2,2,0,647,18,1.51,8939,13.816,LOP,2,2,2,"[LO.LOPL3, LOP.LOL3] -> LOPL2 -> [LOPL3, ME.LOPL3]",LO.LOP,3,LOP.LO,3,LOP,3,ME.LOP,3
177309943,mixed,FB->FF,FB,FF,2,2,0,647,63,1.209,24308,37.57,LOP,2,2,2,"[LOPL3, ME.LOL3] -> LOPL2 -> [MEL3, ME.LOPL3]",LOP,3,ME.LO,3,ME,3,ME.LOP,3
172406275,mixed,FB->FF,FB,FF,2,2,0,647,12,2.275,13947,21.556,LOP,2,2,2,"[LOP.PLPL3, ME.LOPL3] -> LOPL2 -> [LOPL3, ME.LOL3]",LOP.PLP,3,ME.LOP,3,LOP,3,ME.LO,3
170783801,mixed,FB->FF,FB,FF,2,2,0,647,100,1.792,19526,30.179,LOP,2,2,2,"[LOPL3, ME.LOPL3] -> LOPL2 -> [LO.LOPL3, MEL3]",LOP,3,ME.LOP,3,LO.LOP,3,ME,3
169125065,mixed,FB->FF,FB,FF,2,2,0,647,7,1.879,17310,26.754,LOP,2,2,2,"[LO.LOPL3, ME.LOPL3] -> LOPL2 -> [LO.PVLPL3, ME.LOL3]",LO.LOP,3,ME.LOP,3,LO.PVLP,3,ME.LO,3
168968585,mixed,FB->FF,FB,FF,2,2,0,647,82,2.573,11099,17.155,LOP,2,2,2,"[LOL3, LO.LOPL3] -> LOPL2 -> [LOPL3, ME.LOPL3]",LO,3,LO.LOP,3,LOP,3,ME.LOP,3
168350360,mixed,FB->FF,FB,FF,2,2,0,647,16,2.101,8939,13.816,LOP,2,2,2,"[LOPL3, ME.LOPL3] -> LOPL2 -> [LO.LOPL3, LOP.LOL3]",LOP,3,ME.LOP,3,LO.LOP,3,LOP.LO,3
167472867,mixed,FB->FF,FB,FF,2,2,0,647,20,1.925,5205,8.045,LOP,2,2,2,"[LOPL3, ME.LOPL3] -> LOPL2 -> [LOP.LOL3, LOP.PLPL3]",LOP,3,ME.LOP,3,LOP.LO,3,LOP.PLP,3
165443599,mixed,FB->FF,FB,FF,2,2,0,647,21,1.062,25937,40.088,LOP,2,2,2,"[LO.LOPL3, MEL3] -> LOPL2 -> [LOL3, ME.LOL3]",LO.LOP,3,ME,3,LO,3,ME.LO,3
156230136,mixed,FB->FF,FB,FF,2,2,0,647,16,1.219,8099,12.518,LOP,2,2,2,"[LO.LOPL3, ME.LOPL3] -> LOPL2 -> [LOP.PLPL3, LOP.PVLPL3]",LO.LOP,3,ME.LOP,3,LOP.PLP,3,LOP.PVLP,3
155650584,mixed,FB->FF,FB,FF,2,2,0,647,72,1.727,11099,17.155,LOP,2,2,2,"[LO.LOPL3, LOPL3] -> LOPL2 -> [LOL3, ME.LOPL3]",LO.LOP,3,LOP,3,LO,3,ME.LOP,3
154047656,mixed,FB->FF,FB,FF,2,2,0,647,18,1.08,13754,21.258,LOP,2,2,2,"[LO.MEL3, ME.LOPL3] -> LOPL2 -> [LOPL3, ME.LOL3]",LO.ME,3,ME.LOP,3,LOP,3,ME.LO,3
151969714,mixed,FB->FF,FB,FF,2,2,0,647,28,1.083,23810,36.801,LOP,2,2,2,"[LO.LOPL3, ME.LOL3] -> LOPL2 -> [LO.MEL3, MEL3]",LO.LOP,3,ME.LO,3,LO.ME,3,ME,3
151854272,mixed,FB->FF,FB,FF,2,2,0,647,22,2.487,8115,12.543,LOP,2,2,2,"[LO.LOPL3, ME.LOPL3] -> LOPL2 -> [LOP.MEL3, LOP.PLPL3]",LO.LOP,3,ME.LOP,3,LOP.ME,3,LOP.PLP,3
147990784,mixed,FB->FF,FB,FF,2,2,0,647,80,1.098,17681,27.328,LOP,2,2,2,"[LOPL3, ME.LOL3] -> LOPL2 -> [LO.LOPL3, ME.LOPL3]",LOP,3,ME.LO,3,LO.LOP,3,ME.LOP,3
146872836,mixed,FB->FF,FB,FF,2,2,0,24835,9,1.658,21924,0.883,ME,2,2,2,"[LOL3, ME.LOL3] -> MEL2 -> [MEL3, ME.AOTUL3]",LO,3,ME.LO,3,ME,3,ME.AOTU,3
142829094,mixed,FB->FF,FB,FF,2,2,0,647,28,1.205,8972,13.867,LOP,2,2,2,"[LO.LOPL3, LOPL3] -> LOPL2 -> [LO.MEL3, ME.LOPL3]",LO.LOP,3,LOP,3,LO.ME,3,ME.LOP,3
141324935,mixed,FB->FF,FB,FF,2,2,0,647,71,1.493,15792,24.408,LOP,2,2,2,"[LOPL3, ME.LOPL3] -> LOPL2 -> [LOP.PLPL3, MEL3]",LOP,3,ME.LOP,3,LOP.PLP,3,ME,3
140392510,mixed,FB->FF,FB,FF,2,2,0,647,17,1.213,16726,25.852,LOP,2,2,2,"[LO.LOPL3, LOP.LOL3] -> LOPL2 -> [ME.LOL3, ME.LOPL3]",LO.LOP,3,LOP.LO,3,ME.LO,3,ME.LOP,3
140097505,mixed,FB->FF,FB,FF,2,2,0,647,59,1.146,25937,40.088,LOP,2,2,2,"[LO.LOPL3, ME.LOL3] -> LOPL2 -> [LOL3, MEL3]",LO.LOP,3,ME.LO,3,LO,3,ME,3
138776730,mixed,FB->FF,FB,FF,2,2,0,647,12,2.914,18571,28.703,LOP,2,2,2,"[LO.LOPL3, ME.LOPL3] -> LOPL2 -> [LOP.LOL3, MEL3]",LO.LOP,3,ME.LOP,3,LOP.LO,3,ME,3
138271682,mixed,FB->FF,FB,FF,2,2,0,24835,49,1.49,22010,0.886,ME,2,2,2,"[LO.MEL3, ME.LOL3] -> MEL2 -> [LOL3, MEL3]",LO.ME,3,ME.LO,3,LO,3,ME,3
136335716,mixed,FB->FF,FB,FF,2,2,0,647,7,2.01,5629,8.7,LOP,2,2,2,"[LO.LOPL3, LOP.PLPL3] -> LOPL2 -> [LOPL3, LOP.LOL3]",LO.LOP,3,LOP.PLP,3,LOP,3,LOP.LO,3
135632349,mixed,FB->FF,FB,FF,2,2,0,647,20,1.33,14145,21.862,LOP,2,2,2,"[LO.LOPL3, LOP.LOL3] -> LOPL2 -> [LOPL3, ME.LOL3]",LO.LOP,3,LOP.LO,3,LOP,3,ME.LO,3
134477126,mixed,FB->FF,FB,FF,2,2,0,647,37,1.047,13947,21.556,LOP,2,2,2,"[LOPL3, ME.LOL3] -> LOPL2 -> [LOP.PLPL3, ME.LOPL3]",LOP,3,ME.LO,3,LOP.PLP,3,ME.LOP,3
134156745,mixed,FB->FF,FB,FF,2,2,0,647,4,1.095,15599,24.11,LOP,2,2,2,"[MEL3, ME.LOPL3] -> LOPL2 -> [LO.MEL3, LOPL3]",ME,3,ME.LOP,3,LO.ME,3,LOP,3
133198447,mixed,FB->FF,FB,FF,2,2,0,647,37,2.477,16305,25.201,LOP,2,2,2,"[LOL3, LO.LOPL3] -> LOPL2 -> [LOPL3, ME.LOL3]",LO,3,LO.LOP,3,LOP,3,ME.LO,3
128040446,mixed,FB->FF,FB,FF,2,2,0,647,39,1.114,18604,28.754,LOP,2,2,2,"[LO.LOPL3, LO.MEL3] -> LOPL2 -> [MEL3, ME.LOPL3]",LO.LOP,3,LO.ME,3,ME,3,ME.LOP,3
127378178,mixed,FB->FF,FB,FF,2,2,0,647,23,1.226,17726,27.397,LOP,2,2,2,"[MEL3, ME.LOPL3] -> LOPL2 -> [LOL3, LOPL3]",ME,3,ME.LOP,3,LO,3,LOP,3
124582347,mixed,FB->FF,FB,FF,2,2,0,647,44,1.433,18476,28.556,LOP,2,2,2,"[LO.LOPL3, ME.LOPL3] -> LOPL2 -> [LOP.MEL3, MEL3]",LO.LOP,3,ME.LOP,3,LOP.ME,3,ME,3
123605294,mixed,FB->FF,FB,FF,2,2,0,647,73,1.653,16305,25.201,LOP,2,2,2,"[LO.LOPL3, LOPL3] -> LOPL2 -> [LOL3, ME.LOL3]",LO.LOP,3,LOP,3,LO,3,ME.LO,3
121146045,mixed,FB->FF,FB,FF,2,2,0,647,17,1.05,16631,25.705,LOP,2,2,2,"[LO.LOPL3, ME.LOL3] -> LOPL2 -> [LOP.MEL3, ME.LOPL3]",LO.LOP,3,ME.LO,3,LOP.ME,3,ME.LOP,3
120620900,mixed,FB->FF,FB,FF,2,2,0,647,20,1.019,13449,20.787,LOP,2,2,2,"[LO.LOPL3, ME.LOL3] -> LOPL2 -> [LO.MEL3, LOP.PLPL3]",LO.LOP,3,ME.LO,3,LO.ME,3,LOP.PLP,3
118914625,mixed,FB->FF,FB,FF,2,2,0,647,17,2.101,9165,14.165,LOP,2,2,2,"[LOP.PLPL3, ME.LOPL3] -> LOPL2 -> [LO.LOPL3, LOPL3]",LOP.PLP,3,ME.LOP,3,LO.LOP,3,LOP,3
118685740,mixed,FB->FF,FB,FF,2,2,0,647,50,1.129,16023,24.765,LOP,2,2,2,"[LO.LOPL3, LO.MEL3] -> LOPL2 -> [LOPL3, MEL3]",LO.LOP,3,LO.ME,3,LOP,3,ME,3
116682349,mixed,FB->FF,FB,FF,2,2,0,647,5,1.004,8821,13.634,LOP,2,2,2,"[LO.LOPL3, ME.LOPL3] -> LOPL2 -> [LOPL3, LOP.SPSL3]",LO.LOP,3,ME.LOP,3,LOP,3,LOP.SPS,3
116486695,mixed,FB->FF,FB,FF,2,2,0,647,21,1.678,8794,13.592,LOP,2,2,2,"[LO.LOPL3, ME.LOPL3] -> LOPL2 -> [LO.PVLPL3, LOP.PLPL3]",LO.LOP,3,ME.LOP,3,LO.PVLP,3,LOP.PLP,3
116422615,mixed,FB->FF,FB,FF,2,2,0,647,3,1.048,23386,36.145,LOP,2,2,2,"[MEL3, ME.LOPL3] -> LOPL2 -> [LO.MEL3, ME.LOL3]",ME,3,ME.LOP,3,LO.ME,3,ME.LO,3
111999958,mixed,FB->FF,FB,FF,2,2,0,647,10,1.119,14178,21.913,LOP,2,2,2,"[LO.LOPL3, LOPL3] -> LOPL2 -> [LO.MEL3, ME.LOL3]",LO.LOP,3,LOP,3,LO.ME,3,ME.LO,3
111842721,mixed,FB->FF,FB,FF,2,2,0,647,20,1.056,14050,21.716,LOP,2,2,2,"[LO.LOPL3, ME.LOL3] -> LOPL2 -> [LOPL3, LOP.MEL3]",LO.LOP,3,ME.LO,3,LOP,3,LOP.ME,3
110922167,mixed,FB->FF,FB,FF,2,2,0,647,12,1.331,8824,13.638,LOP,2,2,2,"[LO.LOPL3, LOP.IPSL3] -> LOPL2 -> [LOPL3, ME.LOPL3]",LO.LOP,3,LOP.IPS,3,LOP,3,ME.LOP,3
110445986,mixed,FB->FF,FB,FF,2,2,0,647,3,1.012,7873,12.168,LOP,2,2,2,"[LO.LOPL3, ME.LOPL3] -> LOPL2 -> [LOP.LOL3, LOP.PVLPL3]",LO.LOP,3,ME.LOP,3,LOP.LO,3,LOP.PVLP,3
110112039,mixed,FB->FF,FB,FF,2,2,0,647,7,2.003,5205,8.045,LOP,2,2,2,"[LOP.PLPL3, ME.LOPL3] -> LOPL2 -> [LOPL3, LOP.LOL3]",LOP.PLP,3,ME.LOP,3,LOP,3,LOP.LO,3
108674048,mixed,FB->FF,FB,FF,2,2,0,647,28,1.033,15576,24.074,LOP,2,2,2,"[LO.LOPL3, ME.LOL3] -> LOPL2 -> [LOL3, LOP.PLPL3]",LO.LOP,3,ME.LO,3,LO,3,LOP.PLP,3
107863729,mixed,FB->FF,FB,FF,2,2,0,647,46,1.58,18886,29.19,LOP,2,2,2,"[LOL3, LO.LOPL3] -> LOPL2 -> [ME.LOL3, ME.LOPL3]",LO,3,LO.LOP,3,ME.LO,3,ME.LOP,3
107828392,mixed,FB->FF,FB,FF,2,2,0,647,3,1.909,8568,13.243,LOP,2,2,2,"[LO.LOPL3, ME.LOPL3] -> LOPL2 -> [LO.PVLPL3, LOP.LOL3]",LO.LOP,3,ME.LOP,3,LO.PVLP,3,LOP.LO,3
106754840,mixed,FB->FF,FB,FF,2,2,0,647,18,1.099,25513,39.433,LOP,2,2,2,"[MEL3, ME.LOPL3] -> LOPL2 -> [LOL3, ME.LOL3]",ME,3,ME.LOP,3,LO,3,ME.LO,3
102190000,mixed,FB->FF,FB,FF,2,2,0,647,16,1.065,23810,36.801,LOP,2,2,2,"[LO.LOPL3, LO.MEL3] -> LOPL2 -> [MEL3, ME.LOL3]",LO.LOP,3,LO.ME,3,ME,3,ME.LO,3
100500201,mixed,FB->FF,FB,FF,2,2,0,647,26,1.025,8243,12.74,LOP,2,2,2,"[LO.LOPL3, LO.MEL3] -> LOPL2 -> [LOP.PLPL3, ME.LOPL3]",LO.LOP,3,LO.ME,3,LOP.PLP,3,ME.LOP,3
98807947,mixed,FB->FF,FB,FF,2,2,0,647,28,1.136,23386,36.145,LOP,2,2,2,"[ME.LOL3, ME.LOPL3] -> LOPL2 -> [LO.MEL3, MEL3]",ME.LO,3,ME.LOP,3,LO.ME,3,ME,3
98426306,mixed,FB->FF,FB,FF,2,2,0,24835,15,2.06,21896,0.882,ME,2,2,2,"[LOL3, ME.LOL3] -> MEL2 -> [MEL3, ME.SPSL3]",LO,3,ME.LO,3,ME,3,ME.SPS,3
96864644,mixed,FB->FF,FB,FF,2,2,0,647,36,2.912,15881,24.546,LOP,2,2,2,"[LOL3, ME.LOPL3] -> LOPL2 -> [LOPL3, ME.LOL3]",LO,3,ME.LOP,3,LOP,3,ME.LO,3
94637300,mixed,FB->FF,FB,FF,2,2,0,647,6,1.0,9059,14.002,LOP,2,2,2,"[LO.LOPL3, ME.LOPL3] -> LOPL2 -> [LOPL3, PLPL3]",LO.LOP,3,ME.LOP,3,LOP,3,PLP,3
92688492,mixed,FB->FF,FB,FF,2,2,0,647,55,1.237,25513,39.433,LOP,2,2,2,"[ME.LOL3, ME.LOPL3] -> LOPL2 -> [LOL3, MEL3]",ME.LO,3,ME.LOP,3,LO,3,ME,3
92669366,mixed,FB->FF,FB,FF,2,2,0,647,13,2.19,15990,24.714,LOP,2,2,2,"[LO.LOPL3, MEL3] -> LOPL2 -> [LOPL3, LOP.LOL3]",LO.LOP,3,ME,3,LOP,3,LOP.LO,3
92637229,mixed,FB->FF,FB,FF,2,2,0,647,36,1.029,5662,8.751,LOP,2,2,2,"[LO.LOPL3, LO.MEL3] -> LOPL2 -> [LOPL3, LOP.PLPL3]",LO.LOP,3,LO.ME,3,LOP,3,LOP.PLP,3
92481292,mixed,FB->FF,FB,FF,2,2,0,647,20,1.509,13721,21.207,LOP,2,2,2,"[LOP.LOL3, ME.LOPL3] -> LOPL2 -> [LOPL3, ME.LOL3]",LOP.LO,3,ME.LOP,3,LOP,3,ME.LO,3
90713510,mixed,FB->FF,FB,FF,2,2,0,647,30,1.197,19526,30.179,LOP,2,2,2,"[LOPL3, MEL3] -> LOPL2 -> [LO.LOPL3, ME.LOPL3]",LOP,3,ME,3,LO.LOP,3,ME.LOP,3
90674473,mixed,FB->FF,FB,FF,2,2,0,647,24,2.221,8095,12.512,LOP,2,2,2,"[LO.LOPL3, ME.LOPL3] -> LOPL2 -> [LOP.IPSL3, LOP.PLPL3]",LO.LOP,3,ME.LOP,3,LOP.IPS,3,LOP.PLP,3
89000945,mixed,FB->FF,FB,FF,2,2,0,647,6,1.104,16611,25.674,LOP,2,2,2,"[LO.LOPL3, LOP.IPSL3] -> LOPL2 -> [ME.LOL3, ME.LOPL3]",LO.LOP,3,LOP.IPS,3,ME.LO,3,ME.LOP,3
87830788,mixed,FB->FF,FB,FF,2,2,0,647,4,1.988,9033,13.961,LOP,2,2,2,"[LO.LOPL3, ME.LOPL3] -> LOPL2 -> [LO.PLPL3, LOPL3]",LO.LOP,3,ME.LOP,3,LO.PLP,3,LOP,3
87189196,mixed,FB->FF,FB,FF,2,2,0,647,7,1.241,14030,21.685,LOP,2,2,2,"[LO.LOPL3, LOP.IPSL3] -> LOPL2 -> [LOPL3, ME.LOL3]",LO.LOP,3,LOP.IPS,3,LOP,3,ME.LO,3
85273929,mixed,FB->FF,FB,FF,2,2,0,647,65,1.904,15881,24.546,LOP,2,2,2,"[LOPL3, ME.LOPL3] -> LOPL2 -> [LOL3, ME.LOL3]",LOP,3,ME.LOP,3,LO,3,ME.LO,3
83927354,mixed,FB->FF,FB,FF,2,2,0,647,20,1.064,16759,25.903,LOP,2,2,2,"[ME.LOL3, ME.LOPL3] -> LOPL2 -> [LO.LOPL3, LO.MEL3]",ME.LO,3,ME.LOP,3,LO.LOP,3,LO.ME,3
82780748,mixed,FB->FF,FB,FF,2,2,0,647,21,1.04,13754,21.258,LOP,2,2,2,"[LO.MEL3, ME.LOL3] -> LOPL2 -> [LOPL3, ME.LOPL3]",LO.ME,3,ME.LO,3,LOP,3,ME.LOP,3
81660769,mixed,FB->FF,FB,FF,2,2,0,647,10,1.015,13449,20.787,LOP,2,2,2,"[LO.LOPL3, LO.MEL3] -> LOPL2 -> [LOP.PLPL3, ME.LOL3]",LO.LOP,3,LO.ME,3,LOP.PLP,3,ME.LO,3
81558581,mixed,FB->FF,FB,FF,2,2,0,647,13,1.119,15792,24.408,LOP,2,2,2,"[LOPL3, MEL3] -> LOPL2 -> [LOP.PLPL3, ME.LOPL3]",LOP,3,ME,3,LOP.PLP,3,ME.LOP,3
81034341,mixed,FB->FF,FB,FF,2,2,0,647,21,1.0,8844,13.669,LOP,2,2,2,"[LO.LOPL3, ME.LOPL3] -> LOPL2 -> [LO.SPSL3, LOPL3]",LO.LOP,3,ME.LOP,3,LO.SPS,3,LOP,3
80275572,mixed,FB->FF,FB,FF,2,2,0,647,2,1.037,16611,25.674,LOP,2,2,2,"[LO.LOPL3, ME.LOL3] -> LOPL2 -> [LOP.IPSL3, ME.LOPL3]",LO.LOP,3,ME.LO,3,LOP.IPS,3,ME.LOP,3
79445664,mixed,FB->FF,FB,FF,2,2,0,647,4,1.324,18456,28.526,LOP,2,2,2,"[LO.LOPL3, ME.LOPL3] -> LOPL2 -> [LOP.IPSL3, MEL3]",LO.LOP,3,ME.LOP,3,LOP.IPS,3,ME,3
78159113,mixed,FB->FF,FB,FF,2,2,0,647,46,1.21,15599,24.11,LOP,2,2,2,"[LO.MEL3, ME.LOPL3] -> LOPL2 -> [LOPL3, MEL3]",LO.ME,3,ME.LOP,3,LOP,3,ME,3
76918423,mixed,FB->FF,FB,FF,2,2,0,647,20,1.03,13025,20.131,LOP,2,2,2,"[ME.LOL3, ME.LOPL3] -> LOPL2 -> [LO.MEL3, LOP.PLPL3]",ME.LO,3,ME.LOP,3,LO.ME,3,LOP.PLP,3
76848910,mixed,FB->FF,FB,FF,2,2,0,647,45,1.112,18886,29.19,LOP,2,2,2,"[ME.LOL3, ME.LOPL3] -> LOPL2 -> [LOL3, LO.LOPL3]",ME.LO,3,ME.LOP,3,LO,3,LO.LOP,3
76709016,mixed,FB->FF,FB,FF,2,2,0,647,3,1.008,24003,37.099,LOP,2,2,2,"[MEL3, ME.LOL3] -> LOPL2 -> [LO.LOPL3, LOP.PLPL3]",ME,3,ME.LO,3,LO.LOP,3,LOP.PLP,3
76104820,mixed,FB->FF,FB,FF,2,2,0,647,4,1.919,7889,12.193,LOP,2,2,2,"[LO.LOPL3, ME.LOPL3] -> LOPL2 -> [LOP.LOL3, LOP.MEL3]",LO.LOP,3,ME.LOP,3,LOP.LO,3,LOP.ME,3
75049834,mixed,FB->FF,FB,FF,2,2,0,647,15,2.962,16952,26.201,LOP,2,2,2,"[LO.LOPL3, LOP.PLPL3] -> LOPL2 -> [ME.LOL3, ME.LOPL3]",LO.LOP,3,LOP.PLP,3,ME.LO,3,ME.LOP,3
74662507,mixed,FB->FF,FB,FF,2,2,0,647,9,1.445,18571,28.703,LOP,2,2,2,"[LO.LOPL3, LOP.LOL3] -> LOPL2 -> [MEL3, ME.LOPL3]",LO.LOP,3,LOP.LO,3,ME,3,ME.LOP,3
74649277,mixed,FB->FF,FB,FF,2,2,0,647,31,1.233,10177,15.73,LOP,2,2,2,"[LO.LOPL3, ME.LOPL3] -> LOPL2 -> [LOL3, LO.MEL3]",LO.LOP,3,ME.LOP,3,LO,3,LO.ME,3
74513792,mixed,FB->FF,FB,FF,2,2,0,24835,13,1.653,21960,0.884,ME,2,2,2,"[ME.LOL3, ME.PLPL3] -> MEL2 -> [LOL3, MEL3]",ME.LO,3,ME.PLP,3,LO,3,ME,3
74051376,mixed,FB->FF,FB,FF,2,2,0,647,2,1.042,14030,21.685,LOP,2,2,2,"[LO.LOPL3, ME.LOL3] -> LOPL2 -> [LOPL3, LOP.IPSL3]",LO.LOP,3,ME.LO,3,LOP,3,LOP.IPS,3
73550979,mixed,FB->FF,FB,FF,2,2,0,24835,6,1.63,21924,0.883,ME,2,2,2,"[MEL3, ME.LOL3] -> MEL2 -> [LOL3, ME.AOTUL3]",ME,3,ME.LO,3,LO,3,ME.AOTU,3
73546273,mixed,FB->FF,FB,FF,2,2,0,647,10,1.193,13754,21.258,LOP,2,2,2,"[LOPL3, ME.LOPL3] -> LOPL2 -> [LO.MEL3, ME.LOL3]",LOP,3,ME.LOP,3,LO.ME,3,ME.LO,3
73436633,mixed,FB->FF,FB,FF,2,2,0,647,11,1.996,15566,24.059,LOP,2,2,2,"[MEL3, ME.LOPL3] -> LOPL2 -> [LOPL3, LOP.LOL3]",ME,3,ME.LOP,3,LOP,3,LOP.LO,3
73236037,mixed,FB->FF,FB,FF,2,2,0,647,12,1.114,18476,28.556,LOP,2,2,2,"[LO.LOPL3, MEL3] -> LOPL2 -> [LOP.MEL3, ME.LOPL3]",LO.LOP,3,ME,3,LOP.ME,3,ME.LOP,3
72298023,mixed,FB->FF,FB,FF,2,2,0,647,8,1.27,15895,24.567,LOP,2,2,2,"[LO.LOPL3, MEL3] -> LOPL2 -> [LOPL3, LOP.MEL3]",LO.LOP,3,ME,3,LOP,3,LOP.ME,3
72217538,mixed,FB->FF,FB,FF,2,2,0,647,16,1.14,24732,38.226,LOP,2,2,2,"[LOPL3, MEL3] -> LOPL2 -> [LO.LOPL3, ME.LOL3]",LOP,3,ME,3,LO.LOP,3,ME.LO,3
72142398,mixed,FB->FF,FB,FF,2,2,0,647,19,1.092,13626,21.06,LOP,2,2,2,"[ME.LOL3, ME.LOPL3] -> LOPL2 -> [LOPL3, LOP.MEL3]",ME.LO,3,ME.LOP,3,LOP,3,LOP.ME,3
71932867,mixed,FB->FF,FB,FF,2,2,0,647,8,1.0,16631,25.705,LOP,2,2,2,"[LO.LOPL3, ME.LOPL3] -> LOPL2 -> [LO.SPSL3, ME.LOL3]",LO.LOP,3,ME.LOP,3,LO.SPS,3,ME.LO,3
71008300,mixed,FB->FF,FB,FF,2,2,0,647,9,1.521,15990,24.714,LOP,2,2,2,"[LO.LOPL3, LOP.LOL3] -> LOPL2 -> [LOPL3, MEL3]",LO.LOP,3,LOP.LO,3,LOP,3,ME,3
70864489,mixed,FB->FF,FB,FF,2,2,0,647,27,2.351,8844,13.669,LOP,2,2,2,"[LO.LOPL3, LOPL3] -> LOPL2 -> [LOP.MEL3, ME.LOPL3]",LO.LOP,3,LOP,3,LOP.ME,3,ME.LOP,3
70818250,mixed,FB->FF,FB,FF,2,2,0,1183,73,1.556,22561,19.071,LO,2,2,2,"[MEL3, ME.LOL3] -> LOL2 -> [LOL3, LO.PVLPL3]",ME,3,ME.LO,3,LO,3,LO.PVLP,3
70691224,mixed,FB->FF,FB,FF,2,2,0,647,3,1.017,15294,23.638,LOP,2,2,2,"[LO.LOPL3, MEL3] -> LOPL2 -> [LO.MEL3, LOP.PLPL3]",LO.LOP,3,ME,3,LO.ME,3,LOP.PLP,3
69721999,mixed,FB->FF,FB,FF,2,2,0,647,19,2.66,10144,15.679,LOP,2,2,2,"[LO.LOPL3, ME.LOPL3] -> LOPL2 -> [LOL3, LOP.LOL3]",LO.LOP,3,ME.LOP,3,LO,3,LOP.LO,3
69600344,mixed,FB->FF,FB,FF,2,2,0,647,27,1.053,15152,23.419,LOP,2,2,2,"[ME.LOL3, ME.LOPL3] -> LOPL2 -> [LOL3, LOP.PLPL3]",ME.LO,3,ME.LOP,3,LO,3,LOP.PLP,3
69192732,mixed,FB->FF,FB,FF,2,2,0,24835,38,1.878,21960,0.884,ME,2,2,2,"[LOL3, MEL3] -> MEL2 -> [ME.LOL3, ME.PLPL3]",LO,3,ME,3,ME.LO,3,ME.PLP,3
66092881,mixed,FB->FF,FB,FF,2,2,0,647,16,1.107,23386,36.145,LOP,2,2,2,"[LO.MEL3, ME.LOPL3] -> LOPL2 -> [MEL3, ME.LOL3]",LO.ME,3,ME.LOP,3,ME,3,ME.LO,3
65789717,mixed,FB->FF,FB,FF,2,2,0,647,16,1.091,20998,32.454,LOP,2,2,2,"[LOPL3, MEL3] -> LOPL2 -> [LOP.PLPL3, ME.LOL3]",LOP,3,ME,3,LOP.PLP,3,ME.LO,3
65219059,mixed,FB->FF,FB,FF,2,2,0,647,31,1.098,8972,13.867,LOP,2,2,2,"[LO.MEL3, ME.LOPL3] -> LOPL2 -> [LO.LOPL3, LOPL3]",LO.ME,3,ME.LOP,3,LO.LOP,3,LOP,3
64188283,mixed,FB->FF,FB,FF,2,2,0,647,15,1.048,17421,26.926,LOP,2,2,2,"[LO.LOPL3, MEL3] -> LOPL2 -> [LOL3, LOP.PLPL3]",LO.LOP,3,ME,3,LO,3,LOP.PLP,3
63062325,mixed,FB->FF,FB,FF,2,2,0,647,7,2.922,8828,13.645,LOP,2,2,2,"[IPS.LOPL3, LO.LOPL3] -> LOPL2 -> [LOPL3, ME.LOPL3]",IPS.LOP,3,LO.LOP,3,LOP,3,ME.LOP,3
63033938,mixed,FB->FF,FB,FF,2,2,0,647,5,1.024,23386,36.145,LOP,2,2,2,"[MEL3, ME.LOL3] -> LOPL2 -> [LO.MEL3, ME.LOPL3]",ME,3,ME.LO,3,LO.ME,3,ME.LOP,3
62643419,mixed,FB->FF,FB,FF,2,2,0,647,76,2.853,7789,12.039,LOP,2,2,2,"[LOL3, LO.LOPL3] -> LOPL2 -> [LOPL3, LOP.PLPL3]",LO,3,LO.LOP,3,LOP,3,LOP.PLP,3
60575205,mixed,FB->FF,FB,FF,2,2,0,647,8,1.05,16726,25.852,LOP,2,2,2,"[LO.LOPL3, ME.LOL3] -> LOPL2 -> [LOP.LOL3, ME.LOPL3]",LO.LOP,3,ME.LO,3,LOP.LO,3,ME.LOP,3
59259652,mixed,FB->FF,FB,FF,2,2,0,647,34,1.047,5238,8.096,LOP,2,2,2,"[LO.MEL3, ME.LOPL3] -> LOPL2 -> [LOPL3, LOP.PLPL3]",LO.ME,3,ME.LOP,3,LOP,3,LOP.PLP,3
59087576,mixed,FB->FF,FB,FF,2,2,0,647,69,1.149,24732,38.226,LOP,2,2,2,"[LOPL3, ME.LOL3] -> LOPL2 -> [LO.LOPL3, MEL3]",LOP,3,ME.LO,3,LO.LOP,3,ME,3
58914813,mixed,FB->FF,FB,FF,2,2,0,647,10,1.081,23682,36.603,LOP,2,2,2,"[LO.LOPL3, MEL3] -> LOPL2 -> [LOP.MEL3, ME.LOL3]",LO.LOP,3,ME,3,LOP.ME,3,ME.LO,3
58743862,mixed,FB->FF,FB,FF,2,2,0,647,99,1.573,18150,28.053,LOP,2,2,2,"[LO.LOPL3, LOPL3] -> LOPL2 -> [LOL3, MEL3]",LO.LOP,3,LOP,3,LO,3,ME,3
58411067,mixed,FB->FF,FB,FF,2,2,0,647,39,1.309,16023,24.765,LOP,2,2,2,"[LO.LOPL3, LOPL3] -> LOPL2 -> [LO.MEL3, MEL3]",LO.LOP,3,LOP,3,LO.ME,3,ME,3
58096764,mixed,FB->FF,FB,FF,2,2,0,647,3,1.027,20805,32.156,LOP,2,2,2,"[MEL3, ME.LOL3] -> LOPL2 -> [LO.MEL3, LOPL3]",ME,3,ME.LO,3,LO.ME,3,LOP,3
57939770,mixed,FB->FF,FB,FF,2,2,0,647,7,1.35,13606,21.029,LOP,2,2,2,"[LOP.IPSL3, ME.LOPL3] -> LOPL2 -> [LOPL3, ME.LOL3]",LOP.IPS,3,ME.LOP,3,LOP,3,ME.LO,3
56906879,mixed,FB->FF,FB,FF,2,2,0,647,13,1.042,25513,39.433,LOP,2,2,2,"[MEL3, ME.LOL3] -> LOPL2 -> [LOL3, ME.LOPL3]",ME,3,ME.LO,3,LO,3,ME.LOP,3
56698732,mixed,FB->FF,FB,FF,2,2,0,647,26,2.363,14050,21.716,LOP,2,2,2,"[LO.LOPL3, LOPL3] -> LOPL2 -> [LOP.MEL3, ME.LOL3]",LO.LOP,3,LOP,3,LOP.ME,3,ME.LO,3
56550840,mixed,FB->FF,FB,FF,2,2,0,647,11,1.05,16759,25.903,LOP,2,2,2,"[LO.MEL3, ME.LOPL3] -> LOPL2 -> [LO.LOPL3, ME.LOL3]",LO.ME,3,ME.LOP,3,LO.LOP,3,ME.LO,3
56131312,mixed,FB->FF,FB,FF,2,2,0,647,8,1.265,23777,36.75,LOP,2,2,2,"[LO.LOPL3, LOP.LOL3] -> LOPL2 -> [MEL3, ME.LOL3]",LO.LOP,3,LOP.LO,3,ME,3,ME.LO,3
1788169372416,mixed,lat->mix,lat,mix,0,1,3,2282,10,1.639,20714,9.077,LO,3,2,2,"[MEL3, ME.LOPL3] -> LOL3 -> [LO.LOPL3, ME.LOPL2]",ME,3,ME.LOP,3,LO.LOP,3,ME.LOP,2
1248912729406,mixed,lat->mix,lat,mix,0,1,3,2282,9,1.865,25096,10.997,LO,3,2,2,"[MEL3, ME.LOPL3] -> LOL3 -> [LO.LOPL3, ME.LOL2]",ME,3,ME.LOP,3,LO.LOP,3,ME.LO,2
1012599895667,mixed,lat->mix,lat,mix,0,1,3,2282,7,1.712,20714,9.077,LO,3,2,2,"[LO.LOPL3, MEL3] -> LOL3 -> [ME.LOPL2, ME.LOPL3]",LO.LOP,3,ME,3,ME.LOP,2,ME.LOP,3
918103777554,mixed,lat->mix,lat,mix,1,0,3,2282,4,1.588,19405,8.504,LO,3,2,2,"[MEL3, ME.LOPL3] -> LOL3 -> [LO.LOPL3, LO.LOPL4]",ME,3,ME.LOP,3,LO.LOP,3,LO.LOP,4
773272705815,mixed,lat->mix,lat,mix,0,1,3,2282,5,1.5,19234,8.429,LO,3,2,2,"[MEL3, ME.LOPL3] -> LOL3 -> [LO.LOPL2, LO.LOPL3]",ME,3,ME.LOP,3,LO.LOP,2,LO.LOP,3
717905519483,mixed,lat->mix,lat,mix,0,1,3,2282,6,1.923,25096,10.997,LO,3,2,2,"[LO.LOPL3, MEL3] -> LOL3 -> [ME.LOL2, ME.LOPL3]",LO.LOP,3,ME,3,ME.LO,2,ME.LOP,3
558288785643,mixed,lat->mix,lat,mix,1,0,3,2282,5,1.521,19405,8.504,LO,3,2,2,"[LO.LOPL3, MEL3] -> LOL3 -> [LO.LOPL4, ME.LOPL3]",LO.LOP,3,ME,3,LO.LOP,4,ME.LOP,3
527558754062,mixed,lat->mix,lat,mix,1,1,2,2282,3,1.853,10961,4.803,LO,3,2,2,"[LO.LOPL3, ME.LOPL3] -> LOL3 -> [LO.LOPL4, ME.LOPL2]",LO.LOP,3,ME.LOP,3,LO.LOP,4,ME.LOP,2
439381557182,mixed,lat->mix,lat,mix,1,1,2,2282,3,1.626,15343,6.723,LO,3,2,2,"[LO.LOPL3, ME.LOPL3] -> LOL3 -> [LO.LOPL4, ME.LOL2]",LO.LOP,3,ME.LOP,3,LO.LOP,4,ME.LO,2
434308212022,mixed,lat->mix,lat,mix,0,1,3,2282,5,1.566,19234,8.429,LO,3,2,2,"[LO.LOPL3, MEL3] -> LOL3 -> [LO.LOPL2, ME.LOPL3]",LO.LOP,3,ME,3,LO.LOP,2,ME.LOP,3
343265261745,mixed,lat->mix,lat,mix,0,1,3,2282,11,1.978,43284,18.968,LO,3,2,2,"[MEL3, ME.LOPL3] -> LOL3 -> [LO.LOPL3, MEL2]",ME,3,ME.LOP,3,LO.LOP,3,ME,2
310367066136,mixed,lat->mix,lat,mix,1,1,2,2282,4,1.837,17588,7.707,LO,3,2,2,"[MEL3, ME.LOPL3] -> LOL3 -> [LO.LOPL4, ME.LOPL2]",ME,3,ME.LOP,3,LO.LOP,4,ME.LOP,2
259398944610,mixed,lat->mix,lat,mix,1,1,2,2282,3,1.609,21970,9.628,LO,3,2,2,"[MEL3, ME.LOPL3] -> LOL3 -> [LO.LOPL4, ME.LOL2]",ME,3,ME.LOP,3,LO.LOP,4,ME.LO,2
228265043019,mixed,lat->mix,lat,mix,1,1,2,2282,4,1.926,18012,7.893,LO,3,2,2,"[LO.LOPL3, MEL3] -> LOL3 -> [LO.LOPL4, ME.LOPL2]",LO.LOP,3,ME,3,LO.LOP,4,ME.LOP,2
204361050348,mixed,lat->mix,lat,mix,1,1,2,2282,2,1.962,9481,4.155,LO,3,2,2,"[LO.LOPL3, ME.LOPL3] -> LOL3 -> [LO.LOPL2, LO.LOPL4]",LO.LOP,3,ME.LOP,3,LO.LOP,2,LO.LOP,4
202823509470,mixed,lat->mix,lat,mix,0,1,3,2282,7,1.939,43284,18.968,LO,3,2,2,"[LO.LOPL3, MEL3] -> LOL3 -> [MEL2, ME.LOPL3]",LO.LOP,3,ME,3,ME,2,ME.LOP,3
186629075499,mixed,lat->mix,lat,mix,1,1,2,2282,4,1.716,22394,9.813,LO,3,2,2,"[LO.LOPL3, MEL3] -> LOL3 -> [LO.LOPL4, ME.LOL2]",LO.LOP,3,ME,3,LO.LOP,4,ME.LO,2
172294874606,mixed,lat->mix,lat,mix,1,0,3,2282,4,1.129,17560,7.695,LO,3,2,2,"[ME.LOL3, ME.LOPL3] -> LOL3 -> [LO.LOPL3, LO.LOPL4]",ME.LO,3,ME.LOP,3,LO.LOP,3,LO.LOP,4
172165769005,mixed,lat->mix,lat,mix,0,1,3,2282,11,1.847,18869,8.269,LO,3,2,2,"[ME.LOL3, ME.LOPL3] -> LOL3 -> [LO.LOPL3, ME.LOPL2]",ME.LO,3,ME.LOP,3,LO.LOP,3,ME.LOP,2
157346640220,mixed,lat->mix,lat,mix,1,1,2,2282,3,1.319,33531,14.694,LO,3,2,2,"[LO.LOPL3, ME.LOPL3] -> LOL3 -> [LO.LOPL4, MEL2]",LO.LOP,3,ME.LOP,3,LO.LOP,4,ME,2
143576026387,mixed,lat->mix,lat,mix,0,1,3,2282,9,1.62,23251,10.189,LO,3,2,2,"[ME.LOL3, ME.LOPL3] -> LOL3 -> [LO.LOPL3, ME.LOL2]",ME.LO,3,ME.LOP,3,LO.LOP,3,ME.LO,2
127506526297,mixed,lat->mix,lat,mix,0,1,3,2282,10,1.802,19632,8.603,LO,3,2,2,"[MEL3, ME.LOPL3] -> LOL3 -> [LOL2, LO.LOPL3]",ME,3,ME.LOP,3,LO,2,LO.LOP,3
119923100436,mixed,lat->mix,lat,mix,1,1,2,2282,2,1.952,16108,7.059,LO,3,2,2,"[MEL3, ME.LOPL3] -> LOL3 -> [LO.LOPL2, LO.LOPL4]",ME,3,ME.LOP,3,LO.LOP,2,LO.LOP,4
107483752239,mixed,lat->mix,lat,mix,1,0,3,2282,5,1.112,17560,7.695,LO,3,2,2,"[LO.LOPL3, ME.LOL3] -> LOL3 -> [LO.LOPL4, ME.LOPL3]",LO.LOP,3,ME.LO,3,LO.LOP,4,ME.LOP,3
105292258584,mixed,lat->mix,lat,mix,1,0,3,2282,2,1.959,18588,8.145,LO,3,2,2,"[MEL3, ME.LOPL3] -> LOL3 -> [LO.LOPL3, ME.LOPL4]",ME,3,ME.LOP,3,LO.LOP,3,ME.LOP,4
103059878370,mixed,lat->mix,lat,mix,0,1,3,2282,8,1.778,18869,8.269,LO,3,2,2,"[LO.LOPL3, ME.LOL3] -> LOL3 -> [ME.LOPL2, ME.LOPL3]",LO.LOP,3,ME.LO,3,ME.LOP,2,ME.LOP,3
93285633252,mixed,lat->mix,lat,mix,1,1,2,2282,3,1.308,40158,17.598,LO,3,2,2,"[MEL3, ME.LOPL3] -> LOL3 -> [LO.LOPL4, MEL2]",ME,3,ME.LOP,3,LO.LOP,4,ME,2
89591081700,mixed,lat->mix,lat,mix,1,1,2,2282,3,1.995,16532,7.245,LO,3,2,2,"[LO.LOPL3, MEL3] -> LOL3 -> [LO.LOPL2, LO.LOPL4]",LO.LOP,3,ME,3,LO.LOP,2,LO.LOP,4
87154476060,mixed,lat->mix,lat,mix,0,1,3,2282,6,1.55,23251,10.189,LO,3,2,2,"[LO.LOPL3, ME.LOL3] -> LOL3 -> [ME.LOL2, ME.LOPL3]",LO.LOP,3,ME.LO,3,ME.LO,2,ME.LOP,3
86371117420,mixed,lat->mix,lat,mix,1,0,3,2282,3,1.076,19405,8.504,LO,3,2,2,"[LO.LOPL3, ME.LOPL3] -> LOL3 -> [LO.LOPL4, MEL3]",LO.LOP,3,ME.LOP,3,LO.LOP,4,ME,3
76567058990,mixed,lat->mix,lat,mix,0,1,3,2282,4,1.73,19632,8.603,LO,3,2,2,"[LO.LOPL3, MEL3] -> LOL3 -> [LOL2, ME.LOPL3]",LO.LOP,3,ME,3,LO,2,ME.LOP,3
75447632452,mixed,lat->mix,lat,mix,0,1,3,2282,5,1.586,20714,9.077,LO,3,2,2,"[LO.LOPL3, ME.LOPL3] -> LOL3 -> [MEL3, ME.LOPL2]",LO.LOP,3,ME.LOP,3,ME,3,ME.LOP,2
74451413582,mixed,lat->mix,lat,mix,0,1,3,2282,17,1.921,25920,11.358,LO,3,2,2,"[MEL3, ME.LOL3] -> LOL3 -> [LO.LOPL3, ME.LOPL2]",ME,3,ME.LO,3,LO.LOP,3,ME.LOP,2
70646190160,mixed,lat->mix,lat,mix,1,0,3,2282,3,1.11,17560,7.695,LO,3,2,2,"[LO.LOPL3, ME.LOPL3] -> LOL3 -> [LO.LOPL4, ME.LOL3]",LO.LOP,3,ME.LOP,3,LO.LOP,4,ME.LO,3
70434443688,mixed,lat->mix,lat,mix,1,0,3,2282,11,1.155,24611,10.785,LO,3,2,2,"[MEL3, ME.LOL3] -> LOL3 -> [LO.LOPL3, LO.LOPL4]",ME,3,ME.LO,3,LO.LOP,3,LO.LOP,4
67386587056,mixed,lat->mix,lat,mix,0,1,3,2282,4,1.769,18869,8.269,LO,3,2,2,"[LO.LOPL3, ME.LOPL3] -> LOL3 -> [ME.LOL3, ME.LOPL2]",LO.LOP,3,ME.LOP,3,ME.LO,3,ME.LOP,2
67298682204,mixed,lat->mix,lat,mix,1,1,2,2282,2,1.969,10144,4.445,LO,3,2,2,"[LO.LOPL3, ME.LOPL3] -> LOL3 -> [ME.LOPL2, ME.LOPL4]",LO.LOP,3,ME.LOP,3,ME.LOP,2,ME.LOP,4
66629568693,mixed,lat->mix,lat,mix,0,1,3,2282,6,1.959,17389,7.62,LO,3,2,2,"[ME.LOL3, ME.LOPL3] -> LOL3 -> [LO.LOPL2, LO.LOPL3]",ME.LO,3,ME.LOP,3,LO.LOP,2,LO.LOP,3
66604464756,mixed,lat->mix,lat,mix,1,1,2,2282,2,1.201,9879,4.329,LO,3,2,2,"[LO.LOPL3, ME.LOPL3] -> LOL3 -> [LOL2, LO.LOPL4]",LO.LOP,3,ME.LOP,3,LO,2,LO.LOP,4
65940629477,mixed,lat->mix,lat,mix,0,1,3,2282,5,1.39,25096,10.997,LO,3,2,2,"[LO.LOPL3, ME.LOPL3] -> LOL3 -> [MEL3, ME.LOL2]",LO.LOP,3,ME.LOP,3,ME,3,ME.LO,2
65326820658,mixed,lat->mix,lat,mix,1,1,2,2282,4,1.378,40582,17.784,LO,3,2,2,"[LO.LOPL3, MEL3] -> LOL3 -> [LO.LOPL4, MEL2]",LO.LOP,3,ME,3,LO.LOP,4,ME,2
63919665528,mixed,lat->mix,lat,mix,1,0,3,2282,8,1.108,24187,10.599,LO,3,2,2,"[MEL3, ME.LOL3] -> LOL3 -> [LO.LOPL4, ME.LOPL3]",ME,3,ME.LO,3,LO.LOP,4,ME.LOP,3
62385075360,mixed,lat->mix,lat,mix,1,0,3,2282,2,1.912,18588,8.145,LO,3,2,2,"[LO.LOPL3, MEL3] -> LOL3 -> [ME.LOPL3, ME.LOPL4]",LO.LOP,3,ME,3,ME.LOP,3,ME.LOP,4
60955751338,mixed,lat->mix,lat,mix,0,1,3,2282,19,1.709,30302,13.279,LO,3,2,2,"[MEL3, ME.LOL3] -> LOL3 -> [LO.LOPL3, ME.LOL2]",ME,3,ME.LO,3,LO.LOP,3,ME.LO,2
60708065628,mixed,lat->mix,lat,mix,0,1,3,2282,20,1.761,25496,11.173,LO,3,2,2,"[MEL3, ME.LOL3] -> LOL3 -> [ME.LOPL2, ME.LOPL3]",ME,3,ME.LO,3,ME.LOP,2,ME.LOP,3
58731408055,mixed,lat->mix,lat,mix,1,0,3,2282,8,1.179,19609,8.593,LO,3,2,2,"[MEL3, ME.LOPL3] -> LOL3 -> [LOL4, LO.LOPL3]",ME,3,ME.LOP,3,LO,4,LO.LOP,3
57088762440,mixed,lat->mix,lat,mix,0,1,3,2282,5,1.542,23251,10.189,LO,3,2,2,"[LO.LOPL3, ME.LOPL3] -> LOL3 -> [ME.LOL2, ME.LOL3]",LO.LOP,3,ME.LOP,3,ME.LO,2,ME.LO,3
52111541134,mixed,lat->mix,lat,mix,1,1,2,2282,4,1.214,15743,6.899,LO,3,2,2,"[ME.LOL3, ME.LOPL3] -> LOL3 -> [LO.LOPL4, ME.LOPL2]",ME.LO,3,ME.LOP,3,LO.LOP,4,ME.LOP,2
51507356819,mixed,lat->mix,lat,mix,0,1,3,2282,17,1.534,29878,13.093,LO,3,2,2,"[MEL3, ME.LOL3] -> LOL3 -> [ME.LOL2, ME.LOPL3]",ME,3,ME.LO,3,ME.LO,2,ME.LOP,3
51496555153,mixed,lat->mix,lat,mix,0,1,3,2282,12,1.315,41439,18.159,LO,3,2,2,"[ME.LOL3, ME.LOPL3] -> LOL3 -> [LO.LOPL3, MEL2]",ME.LO,3,ME.LOP,3,LO.LOP,3,ME,2
51132976236,mixed,lat->mix,lat,mix,1,1,2,2282,2,1.978,14526,6.365,LO,3,2,2,"[LO.LOPL3, ME.LOPL3] -> LOL3 -> [ME.LOL2, ME.LOPL4]",LO.LOP,3,ME.LOP,3,ME.LO,2,ME.LOP,4
48284795370,mixed,lat->mix,lat,mix,1,1,2,2282,3,1.135,20125,8.819,LO,3,2,2,"[ME.LOL3, ME.LOPL3] -> LOL3 -> [LO.LOPL4, ME.LOL2]",ME.LO,3,ME.LOP,3,LO.LOP,4,ME.LO,2
42014107656,mixed,lat->mix,lat,mix,1,0,3,2282,4,1.106,24187,10.599,LO,3,2,2,"[MEL3, ME.LOPL3] -> LOL3 -> [LO.LOPL4, ME.LOL3]",ME,3,ME.LOP,3,LO.LOP,4,ME.LO,3
39700285507,mixed,lat->mix,lat,mix,0,1,3,2282,10,1.751,25496,11.173,LO,3,2,2,"[MEL3, ME.LOPL3] -> LOL3 -> [ME.LOL3, ME.LOPL2]",ME,3,ME.LOP,3,ME.LO,3,ME.LOP,2
39554759052,mixed,lat->mix,lat,mix,1,1,2,2282,2,1.194,16506,7.233,LO,3,2,2,"[MEL3, ME.LOPL3] -> LOL3 -> [LOL2, LO.LOPL4]",ME,3,ME.LOP,3,LO,2,LO.LOP,4
39479810699,mixed,lat->mix,lat,mix,0,1,3,2282,6,1.911,17389,7.62,LO,3,2,2,"[LO.LOPL3, ME.LOL3] -> LOL3 -> [LO.LOPL2, ME.LOPL3]",LO.LOP,3,ME.LO,3,LO.LOP,2,ME.LOP,3
39306046884,mixed,lat->mix,lat,mix,1,1,2,2282,2,1.977,16771,7.349,LO,3,2,2,"[MEL3, ME.LOPL3] -> LOL3 -> [ME.LOPL2, ME.LOPL4]",ME,3,ME.LOP,3,ME.LOP,2,ME.LOP,4
36528959962,mixed,lat->mix,lat,mix,1,0,3,2282,5,1.155,19609,8.593,LO,3,2,2,"[LO.LOPL3, MEL3] -> LOL3 -> [LOL4, ME.LOPL3]",LO.LOP,3,ME,3,LO,4,ME.LOP,3
36162032451,mixed,lat->mix,lat,mix,1,1,2,2282,4,1.264,16167,7.085,LO,3,2,2,"[LO.LOPL3, ME.LOL3] -> LOL3 -> [LO.LOPL4, ME.LOPL2]",LO.LOP,3,ME.LO,3,LO.LOP,4,ME.LOP,2
33742817625,mixed,lat->mix,lat,mix,0,1,3,2282,13,1.526,29878,13.093,LO,3,2,2,"[MEL3, ME.LOPL3] -> LOL3 -> [ME.LOL2, ME.LOL3]",ME,3,ME.LOP,3,ME.LO,2,ME.LO,3
33237027411,mixed,lat->mix,lat,mix,1,1,2,2282,4,1.167,20549,9.005,LO,3,2,2,"[LO.LOPL3, ME.LOL3] -> LOL3 -> [LO.LOPL4, ME.LOL2]",LO.LOP,3,ME.LO,3,LO.LOP,4,ME.LO,2
31781937790,mixed,lat->mix,lat,mix,0,1,3,2282,8,1.274,41439,18.159,LO,3,2,2,"[LO.LOPL3, ME.LOL3] -> LOL3 -> [MEL2, ME.LOPL3]",LO.LOP,3,ME.LO,3,ME,2,ME.LOP,3
30374783520,mixed,lat->mix,lat,mix,1,1,2,2282,4,1.304,11165,4.893,LO,3,2,2,"[LO.LOPL3, ME.LOPL3] -> LOL3 -> [LOL4, ME.LOPL2]",LO.LOP,3,ME.LOP,3,LO,4,ME.LOP,2
30218192628,mixed,lat->mix,lat,mix,1,1,2,2282,2,1.912,17195,7.535,LO,3,2,2,"[LO.LOPL3, MEL3] -> LOL3 -> [ME.LOPL2, ME.LOPL4]",LO.LOP,3,ME,3,ME.LOP,2,ME.LOP,4
29988090516,mixed,lat->mix,lat,mix,1,1,2,2282,2,1.97,21153,9.27,LO,3,2,2,"[MEL3, ME.LOPL3] -> LOL3 -> [ME.LOL2, ME.LOPL4]",ME,3,ME.LOP,3,ME.LO,2,ME.LOP,4
29192975271,mixed,lat->mix,lat,mix,0,1,3,2282,12,1.994,24440,10.71,LO,3,2,2,"[MEL3, ME.LOL3] -> LOL3 -> [LO.LOPL2, LO.LOPL3]",ME,3,ME.LO,3,LO.LOP,2,LO.LOP,3
28941151416,mixed,lat->mix,lat,mix,0,1,3,2282,5,1.854,25920,11.358,LO,3,2,2,"[LO.LOPL3, MEL3] -> LOL3 -> [ME.LOL3, ME.LOPL2]",LO.LOP,3,ME,3,ME.LO,3,ME.LOP,2
28830396486,mixed,lat->mix,lat,mix,1,0,3,2282,3,1.131,24611,10.785,LO,3,2,2,"[LO.LOPL3, MEL3] -> LOL3 -> [LO.LOPL4, ME.LOL3]",LO.LOP,3,ME,3,LO.LOP,4,ME.LO,3
28185794868,mixed,lat->mix,lat,mix,0,1,3,2282,4,1.733,19234,8.429,LO,3,2,2,"[LO.LOPL3, ME.LOPL3] -> LOL3 -> [LO.LOPL2, MEL3]",LO.LOP,3,ME.LOP,3,LO.LOP,2,ME,3
27738706641,mixed,lat->mix,lat,mix,1,1,2,2282,5,1.194,15547,6.813,LO,3,2,2,"[LO.LOPL3, ME.LOPL3] -> LOL3 -> [LOL4, ME.LOL2]",LO.LOP,3,ME.LOP,3,LO,4,ME.LO,2
27718096068,mixed,lat->mix,lat,mix,1,1,2,2282,2,1.864,8664,3.797,LO,3,2,2,"[LO.LOPL3, ME.LOPL3] -> LOL3 -> [LO.LOPL2, ME.LOPL4]",LO.LOP,3,ME.LOP,3,LO.LOP,2,ME.LOP,4
27394797576,mixed,lat->mix,lat,mix,1,1,2,2282,2,1.24,16930,7.419,LO,3,2,2,"[LO.LOPL3, MEL3] -> LOL3 -> [LOL2, LO.LOPL4]",LO.LOP,3,ME,3,LO,2,LO.LOP,4
25780001364,mixed,lat->mix,lat,mix,0,1,3,2282,3,1.904,17389,7.62,LO,3,2,2,"[LO.LOPL3, ME.LOPL3] -> LOL3 -> [LO.LOPL2, ME.LOL3]",LO.LOP,3,ME.LOP,3,LO.LOP,2,ME.LO,3
24956439320,mixed,lat->mix,lat,mix,0,1,3,2282,5,1.187,43284,18.968,LO,3,2,2,"[LO.LOPL3, ME.LOPL3] -> LOL3 -> [MEL2, MEL3]",LO.LOP,3,ME.LOP,3,ME,2,ME,3
24098366092,mixed,lat->mix,lat,mix,0,1,3,2282,9,1.627,30302,13.279,LO,3,2,2,"[LO.LOPL3, MEL3] -> LOL3 -> [ME.LOL2, ME.LOL3]",LO.LOP,3,ME,3,ME.LO,2,ME.LO,3
23199281490,mixed,lat->mix,lat,mix,0,1,3,2282,11,1.897,24016,10.524,LO,3,2,2,"[MEL3, ME.LOL3] -> LOL3 -> [LO.LOPL2, ME.LOPL3]",ME,3,ME.LO,3,LO.LOP,2,ME.LOP,3
22484645892,mixed,lat->mix,lat,mix,1,1,2,2282,2,2.0,21577,9.455,LO,3,2,2,"[LO.LOPL3, MEL3] -> LOL3 -> [ME.LOL2, ME.LOPL4]",LO.LOP,3,ME,3,ME.LO,2,ME.LOP,4
21812204184,mixed,lat->mix,lat,mix,0,1,3,2282,11,1.199,17787,7.794,LO,3,2,2,"[ME.LOL3, ME.LOPL3] -> LOL3 -> [LOL2, LO.LOPL3]",ME.LO,3,ME.LOP,3,LO,2,LO.LOP,3
21456031683,mixed,lat->mix,lat,mix,1,1,2,2282,6,1.255,22794,9.989,LO,3,2,2,"[MEL3, ME.LOL3] -> LOL3 -> [LO.LOPL4, ME.LOPL2]",ME,3,ME.LO,3,LO.LOP,4,ME.LOP,2
21373880136,mixed,lat->mix,lat,mix,0,1,3,2282,24,1.373,48490,21.249,LO,3,2,2,"[MEL3, ME.LOL3] -> LOL3 -> [LO.LOPL3, MEL2]",ME,3,ME.LO,3,LO.LOP,3,ME,2
20861585528,mixed,lat->mix,lat,mix,0,1,3,2282,4,1.269,41439,18.159,LO,3,2,2,"[LO.LOPL3, ME.LOPL3] -> LOL3 -> [MEL2, ME.LOL3]",LO.LOP,3,ME.LOP,3,ME,2,ME.LO,3
19748757606,mixed,lat->mix,lat,mix,1,1,2,2282,7,1.162,27176,11.909,LO,3,2,2,"[MEL3, ME.LOL3] -> LOL3 -> [LO.LOPL4, ME.LOL2]",ME,3,ME.LO,3,LO.LOP,4,ME.LO,2
19403627028,mixed,lat->mix,lat,mix,1,1,2,2282,3,1.063,38313,16.789,LO,3,2,2,"[ME.LOL3, ME.LOPL3] -> LOL3 -> [LO.LOPL4, MEL2]",ME.LO,3,ME.LOP,3,LO.LOP,4,ME,2
18854732323,mixed,lat->mix,lat,mix,0,1,3,2282,28,1.265,48066,21.063,LO,3,2,2,"[MEL3, ME.LOL3] -> LOL3 -> [MEL2, ME.LOPL3]",ME,3,ME.LO,3,ME,2,ME.LOP,3
18549378264,mixed,lat->mix,lat,mix,1,1,2,2282,2,1.286,14263,6.25,LO,3,2,2,"[ME.LOL3, ME.LOPL3] -> LOL3 -> [LO.LOPL2, LO.LOPL4]",ME.LO,3,ME.LOP,3,LO.LOP,2,LO.LOP,4
18400053056,mixed,lat->mix,lat,mix,0,1,3,1,1,1.0,3801,3801.0,MB_ML.MB_CA,3,2,2,"[MB_CA.MB_MLL3, MB_CA.MB_PEDL3] -> MB_ML.MB_CAL3 -> [MB_CA.MB_MLL2, MB_CA.MB_VLL3]",MB_CA.MB_ML,3,MB_CA.MB_PED,3,MB_CA.MB_ML,2,MB_CA.MB_VL,3
18400053056,mixed,lat->mix,lat,mix,0,1,3,1,1,1.0,3801,3801.0,MB_ML.MB_CA,3,2,2,"[MB_CA.MB_PEDL3, MB_CA.MB_VLL3] -> MB_ML.MB_CAL3 -> [MB_CA.MB_MLL2, MB_CA.MB_MLL3]",MB_CA.MB_PED,3,MB_CA.MB_VL,3,MB_CA.MB_ML,2,MB_CA.MB_ML,3
18280572192,mixed,lat->mix,lat,mix,0,1,3,1,1,1.0,3801,3801.0,MB_ML.MB_CA,3,2,2,"[MB_CA.MB_MLL3, MB_CA.MB_VLL3] -> MB_ML.MB_CAL3 -> [MB_CA.MB_MLL2, MB_CA.MB_PEDL3]",MB_CA.MB_ML,3,MB_CA.MB_VL,3,MB_CA.MB_ML,2,MB_CA.MB_PED,3
18011851738,mixed,lat->mix,lat,mix,1,1,2,2282,7,1.294,17792,7.797,LO,3,2,2,"[MEL3, ME.LOPL3] -> LOL3 -> [LOL4, ME.LOPL2]",ME,3,ME.LOP,3,LO,4,ME.LOP,2
16475178169,mixed,lat->mix,lat,mix,1,1,2,2282,13,1.187,22174,9.717,LO,3,2,2,"[MEL3, ME.LOPL3] -> LOL3 -> [LOL4, ME.LOL2]",ME,3,ME.LOP,3,LO,4,ME.LO,2
16184100600,mixed,lat->mix,lat,mix,1,1,2,2282,2,1.659,32714,14.336,LO,3,2,2,"[LO.LOPL3, ME.LOPL3] -> LOL3 -> [MEL2, ME.LOPL4]",LO.LOP,3,ME.LOP,3,ME,2,ME.LOP,4
16170823536,mixed,lat->mix,lat,mix,1,0,3,2282,2,1.292,16743,7.337,LO,3,2,2,"[ME.LOL3, ME.LOPL3] -> LOL3 -> [LO.LOPL3, ME.LOPL4]",ME.LO,3,ME.LOP,3,LO.LOP,3,ME.LOP,4
16147392060,mixed,lat->mix,lat,mix,1,1,2,2282,2,1.879,15291,6.701,LO,3,2,2,"[MEL3, ME.LOPL3] -> LOL3 -> [LO.LOPL2, ME.LOPL4]",ME,3,ME.LOP,3,LO.LOP,2,ME.LOP,4
15151406233,mixed,lat->mix,lat,mix,0,1,3,2282,6,1.889,24016,10.524,LO,3,2,2,"[MEL3, ME.LOPL3] -> LOL3 -> [LO.LOPL2, ME.LOL3]",ME,3,ME.LOP,3,LO.LOP,2,ME.LO,3
13550967063,mixed,lat->mix,lat,mix,0,1,3,2282,5,1.172,17787,7.794,LO,3,2,2,"[LO.LOPL3, ME.LOL3] -> LOL3 -> [LOL2, ME.LOPL3]",LO.LOP,3,ME.LO,3,LO,2,ME.LOP,3
13251776637,mixed,lat->mix,lat,mix,1,1,2,2282,4,1.078,38737,16.975,LO,3,2,2,"[LO.LOPL3, ME.LOL3] -> LOL3 -> [LO.LOPL4, MEL2]",LO.LOP,3,ME.LO,3,LO.LOP,4,ME,2
12962414085,mixed,lat->mix,lat,mix,1,1,2,2282,4,1.351,14687,6.436,LO,3,2,2,"[LO.LOPL3, ME.LOL3] -> LOL3 -> [LO.LOPL2, LO.LOPL4]",LO.LOP,3,ME.LO,3,LO.LOP,2,LO.LOP,4
12803172293,mixed,lat->mix,lat,mix,1,0,3,2282,9,1.036,17764,7.784,LO,3,2,2,"[ME.LOL3, ME.LOPL3] -> LOL3 -> [LOL4, LO.LOPL3]",ME.LO,3,ME.LOP,3,LO,4,LO.LOP,3
12605077764,mixed,lat->mix,lat,mix,1,1,2,2282,2,1.78,15715,6.887,LO,3,2,2,"[LO.LOPL3, MEL3] -> LOL3 -> [LO.LOPL2, ME.LOPL4]",LO.LOP,3,ME,3,LO.LOP,2,ME.LOP,4
12596957030,mixed,lat->mix,lat,mix,1,1,2,2282,5,1.361,18216,7.982,LO,3,2,2,"[LO.LOPL3, MEL3] -> LOL3 -> [LOL4, ME.LOPL2]",LO.LOP,3,ME,3,LO,4,ME.LOP,2
12376957980,mixed,lat->mix,lat,mix,0,1,3,2282,15,1.26,48066,21.063,LO,3,2,2,"[MEL3, ME.LOPL3] -> LOL3 -> [MEL2, ME.LOL3]",ME,3,ME.LOP,3,ME,2,ME.LO,3
12337783920,mixed,lat->mix,lat,mix,0,1,3,1,1,1.0,3103,3103.0,MB_ML.MB_CA,3,2,2,"[MB_CA.MB_MLL3, MB_CA.MB_PEDL3] -> MB_ML.MB_CAL3 -> [MB_CA.MB_VLL2, MB_CA.MB_VLL3]",MB_CA.MB_ML,3,MB_CA.MB_PED,3,MB_CA.MB_VL,2,MB_CA.MB_VL,3
12337783920,mixed,lat->mix,lat,mix,0,1,3,1,1,1.0,3103,3103.0,MB_ML.MB_CA,3,2,2,"[MB_CA.MB_PEDL3, MB_CA.MB_VLL3] -> MB_ML.MB_CAL3 -> [MB_CA.MB_MLL3, MB_CA.MB_VLL2]",MB_CA.MB_PED,3,MB_CA.MB_VL,3,MB_CA.MB_ML,3,MB_CA.MB_VL,2
12257668440,mixed,lat->mix,lat,mix,0,1,3,1,1,1.0,3103,3103.0,MB_ML.MB_CA,3,2,2,"[MB_CA.MB_MLL3, MB_CA.MB_VLL3] -> MB_ML.MB_CAL3 -> [MB_CA.MB_PEDL3, MB_CA.MB_VLL2]",MB_CA.MB_ML,3,MB_CA.MB_VL,3,MB_CA.MB_PED,3,MB_CA.MB_VL,2
11659953120,mixed,lat->mix,lat,mix,1,0,3,2282,4,1.015,24187,10.599,LO,3,2,2,"[ME.LOL3, ME.LOPL3] -> LOL3 -> [LO.LOPL4, MEL3]",ME.LO,3,ME.LOP,3,LO.LOP,4,ME,3
11402046124,mixed,lat->mix,lat,mix,1,1,2,2282,9,1.231,22598,9.903,LO,3,2,2,"[LO.LOPL3, MEL3] -> LOL3 -> [LOL4, ME.LOL2]",LO.LOP,3,ME,3,LO,4,ME.LO,2
11212811590,mixed,lat->mix,lat,mix,0,1,3,2282,4,1.963,24440,10.71,LO,3,2,2,"[LO.LOPL3, MEL3] -> LOL3 -> [LO.LOPL2, ME.LOL3]",LO.LOP,3,ME,3,LO.LOP,2,ME.LO,3
10989332526,mixed,lat->mix,lat,mix,1,1,2,2282,4,1.091,33735,14.783,LO,3,2,2,"[LO.LOPL3, ME.LOPL3] -> LOL3 -> [LOL4, MEL2]",LO.LOP,3,ME.LOP,3,LO,4,ME,2
10948023576,mixed,lat->mix,lat,mix,1,1,2,2282,4,1.403,9685,4.244,LO,3,2,2,"[LO.LOPL3, ME.LOPL3] -> LOL3 -> [LOL4, LO.LOPL2]",LO.LOP,3,ME.LOP,3,LO,4,LO.LOP,2
10793773227,mixed,lat->mix,lat,mix,0,1,3,2282,7,1.117,19632,8.603,LO,3,2,2,"[LO.LOPL3, ME.LOPL3] -> LOL3 -> [LOL2, MEL3]",LO.LOP,3,ME.LOP,3,LO,2,ME,3
9992556000,mixed,lat->mix,lat,mix,1,0,3,2282,2,1.254,16743,7.337,LO,3,2,2,"[LO.LOPL3, ME.LOL3] -> LOL3 -> [ME.LOPL3, ME.LOPL4]",LO.LOP,3,ME.LO,3,ME.LOP,3,ME.LOP,4
9715591440,mixed,lat->mix,lat,mix,0,1,3,52,1,1.0,3801,73.096,MB_ML,3,2,2,"[MB_CA.MB_MLL3, MB_CA.MB_PEDL3] -> MB_MLL3 -> [MB_CA.MB_MLL2, MB_CA.MB_VLL3]",MB_CA.MB_ML,3,MB_CA.MB_PED,3,MB_CA.MB_ML,2,MB_CA.MB_VL,3
9715591440,mixed,lat->mix,lat,mix,0,1,3,52,1,1.0,3801,73.096,MB_ML,3,2,2,"[MB_CA.MB_MLL3, MB_CA.MB_VLL3] -> MB_MLL3 -> [MB_CA.MB_MLL2, MB_CA.MB_PEDL3]",MB_CA.MB_ML,3,MB_CA.MB_VL,3,MB_CA.MB_ML,2,MB_CA.MB_PED,3
9715591440,mixed,lat->mix,lat,mix,0,1,3,52,1,1.0,3801,73.096,MB_ML,3,2,2,"[MB_CA.MB_PEDL3, MB_CA.MB_VLL3] -> MB_MLL3 -> [MB_CA.MB_MLL2, MB_CA.MB_MLL3]",MB_CA.MB_PED,3,MB_CA.MB_VL,3,MB_CA.MB_ML,2,MB_CA.MB_ML,3
9550180104,mixed,lat->mix,lat,mix,1,1,2,2282,2,1.642,39341,17.24,LO,3,2,2,"[MEL3, ME.LOPL3] -> LOL3 -> [MEL2, ME.LOPL4]",ME,3,ME.LOP,3,ME,2,ME.LOP,4
8969827437,mixed,lat->mix,lat,mix,0,1,3,2282,23,1.237,24838,10.884,LO,3,2,2,"[MEL3, ME.LOL3] -> LOL3 -> [LOL2, LO.LOPL3]",ME,3,ME.LO,3,LO,2,LO.LOP,3
8902128418,mixed,lat->mix,lat,mix,0,1,3,2282,5,1.169,17787,7.794,LO,3,2,2,"[LO.LOPL3, ME.LOPL3] -> LOL3 -> [LOL2, ME.LOL3]",LO.LOP,3,ME.LOP,3,LO,2,ME.LO,3
8627470909,mixed,lat->mix,lat,mix,0,1,3,2282,10,1.32,48490,21.249,LO,3,2,2,"[LO.LOPL3, MEL3] -> LOL3 -> [MEL2, ME.LOL3]",LO.LOP,3,ME,3,ME,2,ME.LO,3
8575052328,mixed,lat->mix,lat,mix,1,1,2,2282,2,1.039,14661,6.425,LO,3,2,2,"[ME.LOL3, ME.LOPL3] -> LOL3 -> [LOL2, LO.LOPL4]",ME.LO,3,ME.LOP,3,LO,2,LO.LOP,4
8425299084,mixed,lat->mix,lat,mix,0,1,3,2282,11,1.124,25496,11.173,LO,3,2,2,"[ME.LOL3, ME.LOPL3] -> LOL3 -> [MEL3, ME.LOPL2]",ME.LO,3,ME.LOP,3,ME,3,ME.LOP,2
8244179616,mixed,lat->mix,lat,mix,0,1,3,1,1,1.0,3650,3650.0,MB_ML.MB_CA,3,2,2,"[MB_CA.CREL3, MB_CA.MB_MLL3] -> MB_ML.MB_CAL3 -> [MB_CA.MB_MLL2, MB_CA.MB_VLL3]",MB_CA.CRE,3,MB_CA.MB_ML,3,MB_CA.MB_ML,2,MB_CA.MB_VL,3
8244179616,mixed,lat->mix,lat,mix,0,1,3,1,1,1.0,3650,3650.0,MB_ML.MB_CA,3,2,2,"[MB_CA.CREL3, MB_CA.MB_VLL3] -> MB_ML.MB_CAL3 -> [MB_CA.MB_MLL2, MB_CA.MB_MLL3]",MB_CA.CRE,3,MB_CA.MB_VL,3,MB_CA.MB_ML,2,MB_CA.MB_ML,3
8244179616,mixed,lat->mix,lat,mix,0,1,3,1,1,1.0,3650,3650.0,MB_ML.MB_CA,3,2,2,"[MB_CA.MB_MLL3, MB_CA.MB_VLL3] -> MB_ML.MB_CAL3 -> [MB_CA.CREL3, MB_CA.MB_MLL2]",MB_CA.MB_ML,3,MB_CA.MB_VL,3,MB_CA.CRE,3,MB_CA.MB_ML,2
8051306099,mixed,lat->mix,lat,mix,0,1,3,2282,22,1.166,24414,10.699,LO,3,2,2,"[MEL3, ME.LOL3] -> LOL3 -> [LOL2, ME.LOPL3]",ME,3,ME.LO,3,LO,2,ME.LOP,3
8034401395,mixed,lat->mix,lat,mix,1,0,3,2282,6,1.031,17764,7.784,LO,3,2,2,"[LO.LOPL3, ME.LOL3] -> LOL3 -> [LOL4, ME.LOPL3]",LO.LOP,3,ME.LO,3,LO,4,ME.LOP,3
7923922142,mixed,lat->mix,lat,mix,0,1,3,2282,14,1.078,29878,13.093,LO,3,2,2,"[ME.LOL3, ME.LOPL3] -> LOL3 -> [MEL3, ME.LOL2]",ME.LO,3,ME.LOP,3,ME,3,ME.LO,2
7918609918,mixed,lat->mix,lat,mix,1,0,3,2282,5,1.018,24611,10.785,LO,3,2,2,"[LO.LOPL3, ME.LOL3] -> LOL3 -> [LO.LOPL4, MEL3]",LO.LOP,3,ME.LO,3,LO.LOP,4,ME,3
7884987378,mixed,lat->mix,lat,mix,1,1,2,2282,7,1.076,45364,19.879,LO,3,2,2,"[MEL3, ME.LOL3] -> LOL3 -> [LO.LOPL4, MEL2]",ME,3,ME.LO,3,LO.LOP,4,ME,2
7867929672,mixed,lat->mix,lat,mix,1,0,3,2282,2,1.173,18588,8.145,LO,3,2,2,"[LO.LOPL3, ME.LOPL3] -> LOL3 -> [MEL3, ME.LOPL4]",LO.LOP,3,ME.LOP,3,ME,3,ME.LOP,4
7681536937,mixed,lat->mix,lat,mix,1,1,2,2282,4,1.339,21314,9.34,LO,3,2,2,"[MEL3, ME.LOL3] -> LOL3 -> [LO.LOPL2, LO.LOPL4]",ME,3,ME.LO,3,LO.LOP,2,LO.LOP,4
7607725618,mixed,lat->mix,lat,mix,1,0,3,2282,8,1.368,20046,8.784,LO,3,2,2,"[MEL3, ME.LOPL3] -> LOL3 -> [LO.LOPL3, MEL4]",ME,3,ME.LOP,3,LO.LOP,3,ME,4
6891437736,mixed,lat->mix,lat,mix,1,1,2,2282,2,1.75,39765,17.426,LO,3,2,2,"[LO.LOPL3, MEL3] -> LOL3 -> [MEL2, ME.LOPL4]",LO.LOP,3,ME,3,ME,2,ME.LOP,4
6700036551,mixed,lat->mix,lat,mix,1,0,3,2282,3,1.347,23794,10.427,LO,3,2,2,"[MEL3, ME.LOL3] -> LOL3 -> [LO.LOPL3, ME.LOPL4]",ME,3,ME.LO,3,LO.LOP,3,ME.LOP,4
6560110980,mixed,lat->mix,lat,mix,1,0,3,2282,2,1.249,16743,7.337,LO,3,2,2,"[LO.LOPL3, ME.LOPL3] -> LOL3 -> [ME.LOL3, ME.LOPL4]",LO.LOP,3,ME.LOP,3,ME.LO,3,ME.LOP,4
6537475617,mixed,lat->mix,lat,mix,1,1,2,2282,13,1.088,40362,17.687,LO,3,2,2,"[MEL3, ME.LOPL3] -> LOL3 -> [LOL4, MEL2]",ME,3,ME.LOP,3,LO,4,ME,2
6536556673,mixed,lat->mix,lat,mix,1,0,3,2282,8,1.021,19609,8.593,LO,3,2,2,"[LO.LOPL3, ME.LOPL3] -> LOL3 -> [LOL4, MEL3]",LO.LOP,3,ME.LOP,3,LO,4,ME,3
6486632604,mixed,lat->mix,lat,mix,1,1,2,2282,2,1.443,9062,3.971,LO,3,2,2,"[LO.LOPL3, ME.LOPL3] -> LOL3 -> [LOL2, ME.LOPL4]",LO.LOP,3,ME.LOP,3,LO,2,ME.LOP,4
6483156914,mixed,lat->mix,lat,mix,1,1,2,2282,6,1.39,16312,7.148,LO,3,2,2,"[MEL3, ME.LOPL3] -> LOL3 -> [LOL4, LO.LOPL2]",ME,3,ME.LOP,3,LO,4,LO.LOP,2
5929727520,mixed,lat->mix,lat,mix,1,0,3,2282,2,1.246,23370,10.241,LO,3,2,2,"[MEL3, ME.LOL3] -> LOL3 -> [ME.LOPL3, ME.LOPL4]",ME,3,ME.LO,3,ME.LOP,3,ME.LOP,4
5840380764,mixed,lat->mix,lat,mix,1,1,2,2282,2,1.049,15085,6.61,LO,3,2,2,"[LO.LOPL3, ME.LOL3] -> LOL3 -> [LOL2, LO.LOPL4]",LO.LOP,3,ME.LO,3,LO,2,LO.LOP,4
5792925782,mixed,lat->mix,lat,mix,0,1,3,2282,8,1.154,25920,11.358,LO,3,2,2,"[LO.LOPL3, ME.LOL3] -> LOL3 -> [MEL3, ME.LOPL2]",LO.LOP,3,ME.LO,3,ME,3,ME.LOP,2
5538795120,mixed,lat->mix,lat,mix,0,1,3,52,1,1.0,3511,67.519,MB_ML,3,2,2,"[MB_CA.CREL3, MB_CA.MB_MLL3] -> MB_MLL3 -> [MB_CA.MB_MLL2, MB_CA.MB_PEDL3]",MB_CA.CRE,3,MB_CA.MB_ML,3,MB_CA.MB_ML,2,MB_CA.MB_PED,3
5538795120,mixed,lat->mix,lat,mix,0,1,3,52,1,1.0,3511,67.519,MB_ML,3,2,2,"[MB_CA.CREL3, MB_CA.MB_PEDL3] -> MB_MLL3 -> [MB_CA.MB_MLL2, MB_CA.MB_MLL3]",MB_CA.CRE,3,MB_CA.MB_PED,3,MB_CA.MB_ML,2,MB_CA.MB_ML,3
5538795120,mixed,lat->mix,lat,mix,0,1,3,52,1,1.0,3511,67.519,MB_ML,3,2,2,"[MB_CA.MB_MLL3, MB_CA.MB_PEDL3] -> MB_MLL3 -> [MB_CA.CREL3, MB_CA.MB_MLL2]",MB_CA.MB_ML,3,MB_CA.MB_PED,3,MB_CA.CRE,3,MB_CA.MB_ML,2
5527968120,mixed,lat->mix,lat,mix,0,1,3,1,1,1.0,2952,2952.0,MB_ML.MB_CA,3,2,2,"[MB_CA.CREL3, MB_CA.MB_MLL3] -> MB_ML.MB_CAL3 -> [MB_CA.MB_VLL2, MB_CA.MB_VLL3]",MB_CA.CRE,3,MB_CA.MB_ML,3,MB_CA.MB_VL,2,MB_CA.MB_VL,3
5527968120,mixed,lat->mix,lat,mix,0,1,3,1,1,1.0,2952,2952.0,MB_ML.MB_CA,3,2,2,"[MB_CA.CREL3, MB_CA.MB_VLL3] -> MB_ML.MB_CAL3 -> [MB_CA.MB_MLL3, MB_CA.MB_VLL2]",MB_CA.CRE,3,MB_CA.MB_VL,3,MB_CA.MB_ML,3,MB_CA.MB_VL,2
5527968120,mixed,lat->mix,lat,mix,0,1,3,1,1,1.0,2952,2952.0,MB_ML.MB_CA,3,2,2,"[MB_CA.MB_MLL3, MB_CA.MB_VLL3] -> MB_ML.MB_CAL3 -> [MB_CA.CREL3, MB_CA.MB_VLL2]",MB_CA.MB_ML,3,MB_CA.MB_VL,3,MB_CA.CRE,3,MB_CA.MB_VL,2
5420835360,mixed,lat->mix,lat,mix,0,1,3,2282,10,1.097,30302,13.279,LO,3,2,2,"[LO.LOPL3, ME.LOL3] -> LOL3 -> [MEL3, ME.LOL2]",LO.LOP,3,ME.LO,3,ME,3,ME.LO,2
5376638880,mixed,lat->mix,lat,mix,0,1,3,1,1,1.0,3595,3595.0,MB_ML.MB_CA,3,2,2,"[MB_CA.MB_MLL3, PLP.CREL3] -> MB_ML.MB_CAL3 -> [MB_CA.MB_MLL2, MB_CA.MB_VLL3]",MB_CA.MB_ML,3,PLP.CRE,3,MB_CA.MB_ML,2,MB_CA.MB_VL,3
5376638880,mixed,lat->mix,lat,mix,0,1,3,1,1,1.0,3595,3595.0,MB_ML.MB_CA,3,2,2,"[MB_CA.MB_VLL3, PLP.CREL3] -> MB_ML.MB_CAL3 -> [MB_CA.MB_MLL2, MB_CA.MB_MLL3]",MB_CA.MB_VL,3,PLP.CRE,3,MB_CA.MB_ML,2,MB_CA.MB_ML,3
5289352887,mixed,lat->mix,lat,mix,0,1,3,2282,17,1.163,24414,10.699,LO,3,2,2,"[MEL3, ME.LOPL3] -> LOL3 -> [LOL2, ME.LOL3]",ME,3,ME.LOP,3,LO,2,ME.LO,3
5284629866,mixed,lat->mix,lat,mix,1,0,3,2282,5,1.031,17764,7.784,LO,3,2,2,"[LO.LOPL3, ME.LOPL3] -> LOL3 -> [LOL4, ME.LOL3]",LO.LOP,3,ME.LOP,3,LO,4,ME.LO,3
5189858762,mixed,lat->mix,lat,mix,1,0,3,2282,21,1.043,24815,10.874,LO,3,2,2,"[MEL3, ME.LOL3] -> LOL3 -> [LOL4, LO.LOPL3]",ME,3,ME.LO,3,LO,4,LO.LOP,3
5110705110,mixed,lat->mix,lat,mix,0,1,3,2282,2,1.0,10160,4.452,LO,3,2,2,"[LO.MEL3, ME.LOPL3] -> LOL3 -> [LO.LOPL3, ME.LOPL2]",LO.ME,3,ME.LOP,3,LO.LOP,3,ME.LOP,2
5106579504,mixed,lat->mix,lat,mix,1,1,2,2282,2,1.469,14926,6.541,LO,3,2,2,"[ME.LOL3, ME.LOPL3] -> LOL3 -> [ME.LOPL2, ME.LOPL4]",ME.LO,3,ME.LOP,3,ME.LOP,2,ME.LOP,4
5018196288,mixed,lat->mix,lat,mix,0,1,3,1,1,1.0,3595,3595.0,MB_ML.MB_CA,3,2,2,"[MB_CA.MB_MLL3, MB_CA.MB_VLL3] -> MB_ML.MB_CAL3 -> [MB_CA.MB_MLL2, PLP.CREL3]",MB_CA.MB_ML,3,MB_CA.MB_VL,3,MB_CA.MB_ML,2,PLP.CRE,3
4832470433,mixed,lat->mix,lat,mix,1,1,2,2282,8,1.057,10083,4.418,LO,3,2,2,"[LO.LOPL3, ME.LOPL3] -> LOL3 -> [LOL2, LOL4]",LO.LOP,3,ME.LOP,3,LO,2,LO,4
4784598020,mixed,lat->mix,lat,mix,1,0,3,2282,24,1.03,24391,10.688,LO,3,2,2,"[MEL3, ME.LOL3] -> LOL3 -> [LOL4, ME.LOPL3]",ME,3,ME.LO,3,LO,4,ME.LOP,3
4681619198,mixed,lat->mix,lat,mix,1,0,3,2282,6,1.321,20046,8.784,LO,3,2,2,"[LO.LOPL3, MEL3] -> LOL3 -> [MEL4, ME.LOPL3]",LO.LOP,3,ME,3,ME,4,ME.LOP,3
4666543920,mixed,lat->mix,lat,mix,0,1,3,52,1,1.0,3650,70.192,MB_ML,3,2,2,"[MB_CA.CREL3, MB_CA.MB_MLL3] -> MB_MLL3 -> [MB_CA.MB_MLL2, MB_CA.MB_VLL3]",MB_CA.CRE,3,MB_CA.MB_ML,3,MB_CA.MB_ML,2,MB_CA.MB_VL,3
4666543920,mixed,lat->mix,lat,mix,0,1,3,52,1,1.0,3650,70.192,MB_ML,3,2,2,"[MB_CA.CREL3, MB_CA.MB_VLL3] -> MB_MLL3 -> [MB_CA.MB_MLL2, MB_CA.MB_MLL3]",MB_CA.CRE,3,MB_CA.MB_VL,3,MB_CA.MB_ML,2,MB_CA.MB_ML,3
4666543920,mixed,lat->mix,lat,mix,0,1,3,52,1,1.0,3650,70.192,MB_ML,3,2,2,"[MB_CA.MB_MLL3, MB_CA.MB_VLL3] -> MB_MLL3 -> [MB_CA.CREL3, MB_CA.MB_MLL2]",MB_CA.MB_ML,3,MB_CA.MB_VL,3,MB_CA.CRE,3,MB_CA.MB_ML,2
4574427104,mixed,lat->mix,lat,mix,1,1,2,2282,6,1.474,16736,7.334,LO,3,2,2,"[LO.LOPL3, MEL3] -> LOL3 -> [LOL4, LO.LOPL2]",LO.LOP,3,ME,3,LO,4,LO.LOP,2
4545681456,mixed,lat->mix,lat,mix,1,1,2,2282,2,1.305,19308,8.461,LO,3,2,2,"[ME.LOL3, ME.LOPL3] -> LOL3 -> [ME.LOL2, ME.LOPL4]",ME.LO,3,ME.LOP,3,ME.LO,2,ME.LOP,4
4477070487,mixed,lat->mix,lat,mix,1,1,2,2282,9,1.109,40786,17.873,LO,3,2,2,"[LO.LOPL3, MEL3] -> LOL3 -> [LOL4, MEL2]",LO.LOP,3,ME,3,LO,4,ME,2
4142049204,mixed,lat->mix,lat,mix,1,1,2,2282,3,1.593,11602,5.084,LO,3,2,2,"[LO.LOPL3, ME.LOPL3] -> LOL3 -> [MEL4, ME.LOPL2]",LO.LOP,3,ME.LOP,3,ME,4,ME.LOP,2
4056241728,mixed,lat->mix,lat,mix,0,1,3,1,1,1.0,3511,3511.0,MB_ML.MB_CA,3,2,2,"[MB_CA.CREL3, MB_CA.MB_PEDL3] -> MB_ML.MB_CAL3 -> [MB_CA.MB_MLL2, MB_CA.MB_MLL3]",MB_CA.CRE,3,MB_CA.MB_PED,3,MB_CA.MB_ML,2,MB_CA.MB_ML,3
4056241728,mixed,lat->mix,lat,mix,0,1,3,1,1,1.0,3511,3511.0,MB_ML.MB_CA,3,2,2,"[MB_CA.MB_MLL3, MB_CA.MB_PEDL3] -> MB_ML.MB_CAL3 -> [MB_CA.CREL3, MB_CA.MB_MLL2]",MB_CA.MB_ML,3,MB_CA.MB_PED,3,MB_CA.CRE,3,MB_CA.MB_ML,2
4029902496,mixed,lat->mix,lat,mix,0,1,3,1,1,1.0,3511,3511.0,MB_ML.MB_CA,3,2,2,"[MB_CA.CREL3, MB_CA.MB_MLL3] -> MB_ML.MB_CAL3 -> [MB_CA.MB_MLL2, MB_CA.MB_PEDL3]",MB_CA.CRE,3,MB_CA.MB_ML,3,MB_CA.MB_ML,2,MB_CA.MB_PED,3
3893131644,mixed,lat->mix,lat,mix,1,0,3,2282,2,1.241,23370,10.241,LO,3,2,2,"[MEL3, ME.LOPL3] -> LOL3 -> [ME.LOL3, ME.LOPL4]",ME,3,ME.LOP,3,ME.LO,3,ME.LOP,4
3839095908,mixed,lat->mix,lat,mix,1,1,2,2282,2,1.429,15689,6.875,LO,3,2,2,"[MEL3, ME.LOPL3] -> LOL3 -> [LOL2, ME.LOPL4]",ME,3,ME.LOP,3,LO,2,ME.LOP,4
3765373734,mixed,lat->mix,lat,mix,1,1,2,2282,8,1.06,15947,6.988,LO,3,2,2,"[ME.LOL3, ME.LOPL3] -> LOL3 -> [LOL4, ME.LOPL2]",ME.LO,3,ME.LOP,3,LO,4,ME.LOP,2
3651581030,mixed,lat->mix,lat,mix,0,1,3,2282,10,1.202,24838,10.884,LO,3,2,2,"[LO.LOPL3, MEL3] -> LOL3 -> [LOL2, ME.LOL3]",LO.LOP,3,ME,3,LO,2,ME.LO,3
3628682928,mixed,lat->mix,lat,mix,1,1,2,2282,2,1.564,15350,6.727,LO,3,2,2,"[LO.LOPL3, ME.LOL3] -> LOL3 -> [ME.LOPL2, ME.LOPL4]",LO.LOP,3,ME.LO,3,ME.LOP,2,ME.LOP,4
3615785652,mixed,lat->mix,lat,mix,1,1,2,2282,3,1.396,15984,7.004,LO,3,2,2,"[LO.LOPL3, ME.LOPL3] -> LOL3 -> [MEL4, ME.LOL2]",LO.LOP,3,ME.LOP,3,ME,4,ME.LO,2
3605196600,mixed,lat->mix,lat,mix,0,1,3,1,1,1.0,2897,2897.0,MB_ML.MB_CA,3,2,2,"[MB_CA.MB_MLL3, PLP.CREL3] -> MB_ML.MB_CAL3 -> [MB_CA.MB_VLL2, MB_CA.MB_VLL3]",MB_CA.MB_ML,3,PLP.CRE,3,MB_CA.MB_VL,2,MB_CA.MB_VL,3
3605196600,mixed,lat->mix,lat,mix,0,1,3,1,1,1.0,2897,2897.0,MB_ML.MB_CA,3,2,2,"[MB_CA.MB_VLL3, PLP.CREL3] -> MB_ML.MB_CAL3 -> [MB_CA.MB_MLL3, MB_CA.MB_VLL2]",MB_CA.MB_VL,3,PLP.CRE,3,MB_CA.MB_ML,3,MB_CA.MB_VL,2
3581148076,mixed,lat->mix,lat,mix,1,1,2,2282,15,1.038,20329,8.908,LO,3,2,2,"[ME.LOL3, ME.LOPL3] -> LOL3 -> [LOL4, ME.LOL2]",ME.LO,3,ME.LOP,3,LO,4,ME.LO,2
3476809751,mixed,lat->mix,lat,mix,1,1,2,2282,7,1.047,21712,9.514,LO,3,2,2,"[MEL3, ME.LOL3] -> LOL3 -> [LOL2, LO.LOPL4]",ME,3,ME.LO,3,LO,2,LO.LOP,4
3364850160,mixed,lat->mix,lat,mix,0,1,3,1,1,1.0,2897,2897.0,MB_ML.MB_CA,3,2,2,"[MB_CA.MB_MLL3, MB_CA.MB_VLL3] -> MB_ML.MB_CAL3 -> [MB_CA.MB_VLL2, PLP.CREL3]",MB_CA.MB_ML,3,MB_CA.MB_VL,3,MB_CA.MB_VL,2,PLP.CRE,3
3268797120,mixed,lat->mix,lat,mix,1,1,2,52,1,1.0,3420,65.769,MB_ML,3,2,2,"[MB_CA.MB_MLL3, MB_CA.MB_PEDL3] -> MB_MLL3 -> [MB_CA.MB_MLL2, MB_CA.MB_MLL4]",MB_CA.MB_ML,3,MB_CA.MB_PED,3,MB_CA.MB_ML,2,MB_CA.MB_ML,4
3229929354,mixed,lat->mix,lat,mix,0,1,3,2282,18,1.036,48066,21.063,LO,3,2,2,"[ME.LOL3, ME.LOPL3] -> LOL3 -> [MEL2, MEL3]",ME.LO,3,ME.LOP,3,ME,2,ME,3
3182286672,mixed,lat->mix,lat,mix,1,1,2,2282,2,1.374,19732,8.647,LO,3,2,2,"[LO.LOPL3, ME.LOL3] -> LOL3 -> [ME.LOL2, ME.LOPL4]",LO.LOP,3,ME.LO,3,ME.LO,2,ME.LOP,4
3146938677,mixed,lat->mix,lat,mix,1,0,3,2282,16,1.03,24391,10.688,LO,3,2,2,"[MEL3, ME.LOPL3] -> LOL3 -> [LOL4, ME.LOL3]",ME,3,ME.LOP,3,LO,4,ME.LO,3
3087197280,mixed,lat->mix,lat,mix,0,1,3,52,1,1.0,3430,65.962,MB_ML,3,2,2,"[MB_CA.MB_MLL3, MB_CA.MB_PEDL3] -> MB_MLL3 -> [MB_CA.MB_MLL2, PLP.MB_MLL3]",MB_CA.MB_ML,3,MB_CA.MB_PED,3,MB_CA.MB_ML,2,PLP.MB_ML,3
3087197280,mixed,lat->mix,lat,mix,0,1,3,52,1,1.0,3430,65.962,MB_ML,3,2,2,"[MB_CA.MB_MLL3, PLP.MB_MLL3] -> MB_MLL3 -> [MB_CA.MB_MLL2, MB_CA.MB_PEDL3]",MB_CA.MB_ML,3,PLP.MB_ML,3,MB_CA.MB_ML,2,MB_CA.MB_PED,3
3087197280,mixed,lat->mix,lat,mix,0,1,3,52,1,1.0,3430,65.962,MB_ML,3,2,2,"[MB_CA.MB_PEDL3, PLP.MB_MLL3] -> MB_MLL3 -> [MB_CA.MB_MLL2, MB_CA.MB_MLL3]",MB_CA.MB_PED,3,PLP.MB_ML,3,MB_CA.MB_ML,2,MB_CA.MB_ML,3
3083474632,mixed,lat->mix,lat,mix,0,1,3,2282,2,1.0,14542,6.372,LO,3,2,2,"[LO.MEL3, ME.LOPL3] -> LOL3 -> [LO.LOPL3, ME.LOL2]",LO.ME,3,ME.LOP,3,LO.LOP,3,ME.LO,2
2959687245,mixed,lat->mix,lat,mix,0,1,3,2282,8,1.167,24016,10.524,LO,3,2,2,"[ME.LOL3, ME.LOPL3] -> LOL3 -> [LO.LOPL2, MEL3]",ME.LO,3,ME.LOP,3,LO.LOP,2,ME,3
2876426251,mixed,lat->mix,lat,mix,1,1,2,2282,20,1.055,16710,7.323,LO,3,2,2,"[MEL3, ME.LOPL3] -> LOL3 -> [LOL2, LOL4]",ME,3,ME.LOP,3,LO,2,LO,4
2778122880,mixed,lat->mix,lat,mix,0,1,3,2282,1,1.0,10160,4.452,LO,3,2,2,"[LO.LOPL3, LO.MEL3] -> LOL3 -> [ME.LOPL2, ME.LOPL3]",LO.LOP,3,LO.ME,3,ME.LOP,2,ME.LOP,3
2754025920,mixed,lat->mix,lat,mix,1,1,2,52,1,1.0,3559,68.442,MB_ML,3,2,2,"[MB_CA.MB_MLL3, MB_CA.MB_VLL3] -> MB_MLL3 -> [MB_CA.MB_MLL2, MB_CA.MB_MLL4]",MB_CA.MB_ML,3,MB_CA.MB_VL,3,MB_CA.MB_ML,2,MB_CA.MB_ML,4
2719830960,mixed,lat->mix,lat,mix,0,1,3,1,1,1.0,2813,2813.0,MB_ML.MB_CA,3,2,2,"[MB_CA.CREL3, MB_CA.MB_PEDL3] -> MB_ML.MB_CAL3 -> [MB_CA.MB_MLL3, MB_CA.MB_VLL2]",MB_CA.CRE,3,MB_CA.MB_PED,3,MB_CA.MB_ML,3,MB_CA.MB_VL,2
2719830960,mixed,lat->mix,lat,mix,0,1,3,1,1,1.0,2813,2813.0,MB_ML.MB_CA,3,2,2,"[MB_CA.MB_MLL3, MB_CA.MB_PEDL3] -> MB_ML.MB_CAL3 -> [MB_CA.CREL3, MB_CA.MB_VLL2]",MB_CA.MB_ML,3,MB_CA.MB_PED,3,MB_CA.CRE,3,MB_CA.MB_VL,2
2718502044,mixed,lat->mix,lat,mix,1,1,2,2282,2,1.52,16113,7.061,LO,3,2,2,"[LO.LOPL3, MEL3] -> LOL3 -> [LOL2, ME.LOPL4]",LO.LOP,3,ME,3,LO,2,ME.LOP,4
2708798436,mixed,lat->mix,lat,mix,1,0,3,2282,2,1.297,23794,10.427,LO,3,2,2,"[LO.LOPL3, MEL3] -> LOL3 -> [ME.LOL3, ME.LOPL4]",LO.LOP,3,ME,3,ME.LO,3,ME.LOP,4
2702169720,mixed,lat->mix,lat,mix,0,1,3,1,1,1.0,2813,2813.0,MB_ML.MB_CA,3,2,2,"[MB_CA.CREL3, MB_CA.MB_MLL3] -> MB_ML.MB_CAL3 -> [MB_CA.MB_PEDL3, MB_CA.MB_VLL2]",MB_CA.CRE,3,MB_CA.MB_ML,3,MB_CA.MB_PED,3,MB_CA.MB_VL,2
2645375040,mixed,lat->mix,lat,mix,0,1,3,1,1,1.0,3456,3456.0,MB_ML.MB_CA,3,2,2,"[MB_CA.MB_PEDL3, PLP.CREL3] -> MB_ML.MB_CAL3 -> [MB_CA.MB_MLL2, MB_CA.MB_MLL3]",MB_CA.MB_PED,3,PLP.CRE,3,MB_CA.MB_ML,2,MB_CA.MB_ML,3
2628197280,mixed,lat->mix,lat,mix,0,1,3,1,1,1.0,3456,3456.0,MB_ML.MB_CA,3,2,2,"[MB_CA.MB_MLL3, PLP.CREL3] -> MB_ML.MB_CAL3 -> [MB_CA.MB_MLL2, MB_CA.MB_PEDL3]",MB_CA.MB_ML,3,PLP.CRE,3,MB_CA.MB_ML,2,MB_CA.MB_PED,3
2601024480,mixed,lat->mix,lat,mix,0,1,3,52,1,1.0,3569,68.635,MB_ML,3,2,2,"[MB_CA.MB_MLL3, MB_CA.MB_VLL3] -> MB_MLL3 -> [MB_CA.MB_MLL2, PLP.MB_MLL3]",MB_CA.MB_ML,3,MB_CA.MB_VL,3,MB_CA.MB_ML,2,PLP.MB_ML,3
49403744532,mixed,lat->FF,lat,FF,2,0,2,2282,2,1.296,8835,3.872,LO,3,2,2,"[LO.LOPL3, ME.LOPL3] -> LOL3 -> [LO.LOPL4, ME.LOPL4]",LO.LOP,3,ME.LOP,3,LO.LOP,4,ME.LOP,4
39056965848,mixed,lat->FF,lat,FF,2,0,2,2282,2,1.037,9856,4.319,LO,3,2,2,"[LO.LOPL3, ME.LOPL3] -> LOL3 -> [LOL4, LO.LOPL4]",LO.LOP,3,ME.LOP,3,LO,4,LO.LOP,4
29299234284,mixed,lat->FF,lat,FF,2,0,2,2282,2,1.286,15462,6.776,LO,3,2,2,"[MEL3, ME.LOPL3] -> LOL3 -> [LO.LOPL4, ME.LOPL4]",ME,3,ME.LOP,3,LO.LOP,4,ME.LOP,4
23255507496,mixed,lat->FF,lat,FF,2,0,2,2282,2,1.035,16483,7.223,LO,3,2,2,"[MEL3, ME.LOPL3] -> LOL3 -> [LOL4, LO.LOPL4]",ME,3,ME.LOP,3,LO,4,LO.LOP,4
20475306132,mixed,lat->FF,lat,FF,2,0,2,2282,2,1.351,15886,6.961,LO,3,2,2,"[LO.LOPL3, MEL3] -> LOL3 -> [LO.LOPL4, ME.LOPL4]",LO.LOP,3,ME,3,LO.LOP,4,ME.LOP,4
15831939315,mixed,lat->FF,lat,FF,2,0,2,2282,4,1.044,16907,7.409,LO,3,2,2,"[LO.LOPL3, MEL3] -> LOL3 -> [LOL4, LO.LOPL4]",LO.LOP,3,ME,3,LO,4,LO.LOP,4
6622575230,mixed,lat->FF,lat,FF,2,0,2,1183,121,1.963,34470,29.138,LO,2,2,2,"[MEL2, ME.LOL2] -> LOL2 -> [LOL3, LO.PVLPL3]",ME,2,ME.LO,2,LO,3,LO.PVLP,3
6142864896,mixed,lat->FF,lat,FF,2,0,2,2282,2,1.058,13617,5.967,LO,3,2,2,"[ME.LOL3, ME.LOPL3] -> LOL3 -> [LO.LOPL4, ME.LOPL4]",ME.LO,3,ME.LOP,3,LO.LOP,4,ME.LOP,4
5354248584,mixed,lat->FF,lat,FF,2,0,2,2282,2,1.007,14638,6.415,LO,3,2,2,"[ME.LOL3, ME.LOPL3] -> LOL3 -> [LOL4, LO.LOPL4]",ME.LO,3,ME.LOP,3,LO,4,LO.LOP,4
4726164924,mixed,lat->FF,lat,FF,2,0,2,2282,2,1.077,10293,4.511,LO,3,2,2,"[LO.LOPL3, ME.LOPL3] -> LOL3 -> [LO.LOPL4, MEL4]",LO.LOP,3,ME.LOP,3,LO.LOP,4,ME,4
4193058888,mixed,lat->FF,lat,FF,2,0,2,2282,2,1.072,14041,6.153,LO,3,2,2,"[LO.LOPL3, ME.LOL3] -> LOL3 -> [LO.LOPL4, ME.LOPL4]",LO.LOP,3,ME.LO,3,LO.LOP,4,ME.LOP,4
3632928375,mixed,lat->FF,lat,FF,2,0,2,2282,3,1.009,15062,6.6,LO,3,2,2,"[LO.LOPL3, ME.LOL3] -> LOL3 -> [LOL4, LO.LOPL4]",LO.LOP,3,ME.LO,3,LO,4,LO.LOP,4
3475679616,mixed,lat->FF,lat,FF,2,0,2,2282,2,1.084,9039,3.961,LO,3,2,2,"[LO.LOPL3, ME.LOPL3] -> LOL3 -> [LOL4, ME.LOPL4]",LO.LOP,3,ME.LOP,3,LO,4,ME.LOP,4
2812188240,mixed,lat->FF,lat,FF,2,0,2,2282,3,1.074,16920,7.415,LO,3,2,2,"[MEL3, ME.LOPL3] -> LOL3 -> [LO.LOPL4, MEL4]",ME,3,ME.LOP,3,LO.LOP,4,ME,4
2495163585,mixed,lat->FF,lat,FF,2,0,2,2282,3,1.07,20668,9.057,LO,3,2,2,"[MEL3, ME.LOL3] -> LOL3 -> [LO.LOPL4, ME.LOPL4]",ME,3,ME.LO,3,LO.LOP,4,ME.LOP,4
2164169496,mixed,lat->FF,lat,FF,2,0,2,2282,3,1.008,21689,9.504,LO,3,2,2,"[MEL3, ME.LOL3] -> LOL3 -> [LOL4, LO.LOPL4]",ME,3,ME.LO,3,LO,4,LO.LOP,4
2067881088,mixed,lat->FF,lat,FF,2,0,2,2282,2,1.081,15666,6.865,LO,3,2,2,"[MEL3, ME.LOPL3] -> LOL3 -> [LOL4, ME.LOPL4]",ME,3,ME.LOP,3,LO,4,ME.LOP,4
2044844199,mixed,lat->FF,lat,FF,2,0,2,647,81,2.349,7785,12.032,LOP,2,2,2,"[LO.LOPL2, ME.LOPL2] -> LOPL2 -> [LOPL3, ME.LOPL3]",LO.LOP,2,ME.LOP,2,LOP,3,ME.LOP,3
1923032223,mixed,lat->FF,lat,FF,2,0,2,2282,4,1.092,17344,7.6,LO,3,2,2,"[LO.LOPL3, MEL3] -> LOL3 -> [LO.LOPL4, MEL4]",LO.LOP,3,ME,3,LO.LOP,4,ME,4
1876419543,mixed,lat->FF,lat,FF,2,0,2,647,73,2.456,12991,20.079,LOP,2,2,2,"[LO.LOPL2, ME.LOPL2] -> LOPL2 -> [LOPL3, ME.LOL3]",LO.LOP,2,ME.LOP,2,LOP,3,ME.LO,3
1415129880,mixed,lat->FF,lat,FF,2,0,2,2282,2,1.101,16090,7.051,LO,3,2,2,"[LO.LOPL3, MEL3] -> LOL3 -> [LOL4, ME.LOPL4]",LO.LOP,3,ME,3,LO,4,ME.LOP,4
1308299554,mixed,lat->FF,lat,FF,2,0,2,647,63,1.457,15572,24.068,LOP,2,2,2,"[LO.LOPL2, ME.LOPL2] -> LOPL2 -> [ME.LOL3, ME.LOPL3]",LO.LOP,2,ME.LOP,2,ME.LO,3,ME.LOP,3
1044572424,mixed,lat->FF,lat,FF,2,0,2,1183,121,1.392,33806,28.577,LO,2,2,2,"[MEL2, ME.LOL2] -> LOL2 -> [LOL3, LO.AVLPL3]",ME,2,ME.LO,2,LO,3,LO.AVLP,3
1027466851,mixed,lat->FF,lat,FF,2,0,2,647,89,2.639,4475,6.917,LOP,2,2,2,"[LO.LOPL2, ME.LOPL2] -> LOPL2 -> [LOPL3, LOP.PLPL3]",LO.LOP,2,ME.LOP,2,LOP,3,LOP.PLP,3
977254182,mixed,lat->FF,lat,FF,2,0,2,647,83,2.882,8209,12.688,LOP,2,2,2,"[LO.LOPL2, ME.LOPL2] -> LOPL2 -> [LO.LOPL3, LOPL3]",LO.LOP,2,ME.LOP,2,LO.LOP,3,LOP,3
822496775,mixed,lat->FF,lat,FF,2,0,2,1183,61,1.524,32230,27.244,LO,2,2,2,"[MEL2, ME.LOL2] -> LOL2 -> [LO.AVLPL3, LO.PVLPL3]",ME,2,ME.LO,2,LO.AVLP,3,LO.PVLP,3
637727360,mixed,lat->FF,lat,FF,2,0,2,2282,3,1.015,15075,6.606,LO,3,2,2,"[ME.LOL3, ME.LOPL3] -> LOL3 -> [LO.LOPL4, MEL4]",ME.LO,3,ME.LOP,3,LO.LOP,4,ME,4
606702096,mixed,lat->FF,lat,FF,2,0,2,647,106,1.726,10790,16.677,LOP,2,2,2,"[LO.LOPL2, ME.LOPL2] -> LOPL2 -> [LO.LOPL3, ME.LOPL3]",LO.LOP,2,ME.LOP,2,LO.LOP,3,ME.LOP,3
581565168,mixed,lat->FF,lat,FF,2,0,2,647,30,1.913,4249,6.567,LOP,2,2,2,"[LO.LOPL2, ME.LOPL2] -> LOPL2 -> [LOPL3, LOP.LOL3]",LO.LOP,2,ME.LOP,2,LOP,3,LOP.LO,3
575201213,mixed,lat->FF,lat,FF,2,0,2,647,45,1.753,7056,10.906,LOP,2,2,2,"[LO.LOPL2, ME.LOPL2] -> LOPL2 -> [LOP.PLPL3, ME.LOPL3]",LO.LOP,2,ME.LOP,2,LOP.PLP,3,ME.LOP,3
546455331,mixed,lat->FF,lat,FF,2,0,2,647,88,1.139,17417,26.92,LOP,2,2,2,"[LO.LOPL2, ME.LOPL2] -> LOPL2 -> [MEL3, ME.LOPL3]",LO.LOP,2,ME.LOP,2,ME,3,ME.LOP,3
537096952,mixed,lat->FF,lat,FF,2,0,2,647,62,1.294,14836,22.93,LOP,2,2,2,"[LO.LOPL2, ME.LOPL2] -> LOPL2 -> [LOPL3, MEL3]",LO.LOP,2,ME.LOP,2,LOP,3,ME,3
528720094,mixed,lat->FF,lat,FF,2,0,2,647,41,1.972,12262,18.952,LOP,2,2,2,"[LO.LOPL2, ME.LOPL2] -> LOPL2 -> [LOP.PLPL3, ME.LOL3]",LO.LOP,2,ME.LOP,2,LOP.PLP,3,ME.LO,3
526935465,mixed,lat->FF,lat,FF,2,0,2,647,75,1.866,15996,24.723,LOP,2,2,2,"[LO.LOPL2, ME.LOPL2] -> LOPL2 -> [LO.LOPL3, ME.LOL3]",LO.LOP,2,ME.LOP,2,LO.LOP,3,ME.LO,3
489546263,mixed,lat->FF,lat,FF,2,0,2,1183,129,1.966,33980,28.724,LO,2,2,2,"[MEL2, ME.LOL2] -> LOL2 -> [LOL3, LO.PLPL3]",ME,2,ME.LO,2,LO,3,LO.PLP,3
467718960,mixed,lat->FF,lat,FF,2,0,2,2282,2,1.016,13821,6.057,LO,3,2,2,"[ME.LOL3, ME.LOPL3] -> LOL3 -> [LOL4, ME.LOPL4]",ME.LO,3,ME.LOP,3,LO,4,ME.LOP,4
439335180,mixed,lat->FF,lat,FF,2,0,2,647,59,1.105,22623,34.966,LOP,2,2,2,"[LO.LOPL2, ME.LOPL2] -> LOPL2 -> [MEL3, ME.LOL3]",LO.LOP,2,ME.LOP,2,ME,3,ME.LO,3
433111008,mixed,lat->FF,lat,FF,2,0,2,2282,4,1.018,15499,6.792,LO,3,2,2,"[LO.LOPL3, ME.LOL3] -> LOL3 -> [LO.LOPL4, MEL4]",LO.LOP,3,ME.LO,3,LO.LOP,4,ME,4
430826292,mixed,lat->FF,lat,FF,2,0,2,2282,2,1.176,9476,4.152,LO,3,2,2,"[LO.LOPL3, ME.LOPL3] -> LOL3 -> [MEL4, ME.LOPL4]",LO.LOP,3,ME.LOP,3,ME,4,ME.LOP,4
422884250,mixed,lat->FF,lat,FF,2,0,2,1183,54,1.999,32404,27.391,LO,2,2,2,"[MEL2, ME.LOL2] -> LOL2 -> [LO.PLPL3, LO.PVLPL3]",ME,2,ME.LO,2,LO.PLP,3,LO.PVLP,3
357527286,mixed,lat->FF,lat,FF,2,0,2,2282,3,1.021,10497,4.6,LO,3,2,2,"[LO.LOPL3, ME.LOPL3] -> LOL3 -> [LOL4, MEL4]",LO.LOP,3,ME.LOP,3,LO,4,ME,4
346154656,mixed,lat->FF,lat,FF,2,0,2,24835,137,1.614,20821,0.838,ME,2,2,2,"[LOL2, ME.LOL2] -> MEL2 -> [LOL3, MEL3]",LO,2,ME.LO,2,LO,3,ME,3
317701656,mixed,lat->FF,lat,FF,2,0,2,2282,2,1.02,14245,6.242,LO,3,2,2,"[LO.LOPL3, ME.LOL3] -> LOL3 -> [LOL4, ME.LOPL4]",LO.LOP,3,ME.LO,3,LO,4,ME.LOP,4
257965351,mixed,lat->FF,lat,FF,2,0,2,2282,8,1.018,22126,9.696,LO,3,2,2,"[MEL3, ME.LOL3] -> LOL3 -> [LO.LOPL4, MEL4]",ME,3,ME.LO,3,LO.LOP,4,ME,4
255953868,mixed,lat->FF,lat,FF,2,0,2,2282,2,1.17,16103,7.057,LO,3,2,2,"[MEL3, ME.LOPL3] -> LOL3 -> [MEL4, ME.LOPL4]",ME,3,ME.LOP,3,ME,4,ME.LOP,4
253989215,mixed,lat->FF,lat,FF,2,0,2,647,44,2.306,7480,11.561,LOP,2,2,2,"[LO.LOPL2, ME.LOPL2] -> LOPL2 -> [LO.LOPL3, LOP.PLPL3]",LO.LOP,2,ME.LOP,2,LO.LOP,3,LOP.PLP,3
228283984,mixed,lat->FF,lat,FF,2,0,2,24835,183,1.975,27403,1.103,ME,2,2,2,"[LOL2, ME.LOL2] -> MEL2 -> [MEL3, ME.LOL3]",LO,2,ME.LO,2,ME,3,ME.LO,3
225092762,mixed,lat->FF,lat,FF,2,0,2,647,23,1.578,7107,10.985,LOP,2,2,2,"[LOP.LOL2, ME.LOPL2] -> LOPL2 -> [LOPL3, ME.LOPL3]",LOP.LO,2,ME.LOP,2,LOP,3,ME.LOP,3
212938359,mixed,lat->FF,lat,FF,2,0,2,2282,11,1.021,17124,7.504,LO,3,2,2,"[MEL3, ME.LOPL3] -> LOL3 -> [LOL4, MEL4]",ME,3,ME.LOP,3,LO,4,ME,4
196611241,mixed,lat->FF,lat,FF,2,0,2,24835,96,1.968,19797,0.797,ME,2,2,2,"[LO.MEL2, ME.LOL2] -> MEL2 -> [LOL3, MEL3]",LO.ME,2,ME.LO,2,LO,3,ME,3
189220588,mixed,lat->FF,lat,FF,2,0,2,2282,3,1.019,20872,9.146,LO,3,2,2,"[MEL3, ME.LOL3] -> LOL3 -> [LOL4, ME.LOPL4]",ME,3,ME.LO,3,LO,4,ME.LOP,4
188978831,mixed,lat->FF,lat,FF,2,0,2,647,96,1.16,17841,27.575,LOP,2,2,2,"[LO.LOPL2, ME.LOPL2] -> LOPL2 -> [LO.LOPL3, MEL3]",LO.LOP,2,ME.LOP,2,LO.LOP,3,ME,3
176830068,mixed,lat->FF,lat,FF,2,0,2,2282,2,1.21,16527,7.242,LO,3,2,2,"[LO.LOPL3, MEL3] -> LOL3 -> [MEL4, ME.LOPL4]",LO.LOP,3,ME,3,ME,4,ME.LOP,4
176767883,mixed,lat->FF,lat,FF,2,0,2,647,22,1.91,12036,18.603,LOP,2,2,2,"[LO.LOPL2, ME.LOPL2] -> LOPL2 -> [LOP.LOL3, ME.LOL3]",LO.LOP,2,ME.LOP,2,LOP.LO,3,ME.LO,3
175644198,mixed,lat->FF,lat,FF,2,0,2,2282,2,1.0,9568,4.193,LO,3,2,2,"[LO.LOPL3, ME.LOPL3] -> LOL3 -> [LO.LOPL4, LO.PVLPL4]",LO.LOP,3,ME.LOP,3,LO.LOP,4,LO.PVLP,4
173113619,mixed,lat->FF,lat,FF,2,0,2,647,38,1.123,14107,21.804,LOP,2,2,2,"[LO.LOPL2, ME.LOPL2] -> LOPL2 -> [LOP.PLPL3, MEL3]",LO.LOP,2,ME.LOP,2,LOP.PLP,3,ME,3
164947626,mixed,lat->FF,lat,FF,2,0,2,647,14,2.437,6830,10.556,LOP,2,2,2,"[LO.LOPL2, ME.LOPL2] -> LOPL2 -> [LOP.LOL3, ME.LOPL3]",LO.LOP,2,ME.LOP,2,LOP.LO,3,ME.LOP,3
163953670,mixed,lat->FF,lat,FF,2,0,2,647,100,1.717,7082,10.946,LOP,2,2,2,"[IPS.LOPL2, ME.LOPL2] -> LOPL2 -> [LOPL3, ME.LOPL3]",IPS.LOP,2,ME.LOP,2,LOP,3,ME.LOP,3
155943020,mixed,lat->FF,lat,FF,2,0,2,1183,189,2.465,44473,37.593,LO,2,2,2,"[MEL2, ME.LOL2] -> LOL2 -> [LOL3, MEL3]",ME,2,ME.LO,2,LO,3,ME,3
154033191,mixed,lat->FF,lat,FF,2,0,2,647,18,1.696,12313,19.031,LOP,2,2,2,"[LOP.LOL2, ME.LOPL2] -> LOPL2 -> [LOPL3, ME.LOL3]",LOP.LO,2,ME.LOP,2,LOP,3,ME.LO,3
144714803,mixed,lat->FF,lat,FF,2,0,2,2282,7,1.026,17548,7.69,LO,3,2,2,"[LO.LOPL3, MEL3] -> LOL3 -> [LOL4, MEL4]",LO.LOP,3,ME,3,LO,4,ME,4
143370089,mixed,lat->FF,lat,FF,2,0,2,647,13,1.355,31835,49.204,LOP,2,2,2,"[MEL2, ME.LOPL2] -> LOPL2 -> [LOPL3, ME.LOPL3]",ME,2,ME.LOP,2,LOP,3,ME.LOP,3
142653699,mixed,lat->FF,lat,FF,2,0,2,24835,141,1.991,26379,1.062,ME,2,2,2,"[LO.MEL2, ME.LOL2] -> MEL2 -> [MEL3, ME.LOL3]",LO.ME,2,ME.LO,2,ME,3,ME.LO,3
136995264,mixed,lat->FF,lat,FF,2,0,2,24835,125,1.794,18976,0.764,ME,2,2,2,"[LOL2, ME.LOL2] -> MEL2 -> [LOL3, ME.LOL3]",LO,2,ME.LO,2,LO,3,ME.LO,3
136553782,mixed,lat->FF,lat,FF,2,0,2,647,74,1.767,12288,18.992,LOP,2,2,2,"[IPS.LOPL2, ME.LOPL2] -> LOPL2 -> [LOPL3, ME.LOL3]",IPS.LOP,2,ME.LOP,2,LOP,3,ME.LO,3
136305649,mixed,lat->FF,lat,FF,2,0,2,647,59,1.851,6409,9.906,LOP,2,2,2,"[LO.LOPL2, ME.LOPL2] -> LOPL2 -> [LOL3, LOPL3]",LO.LOP,2,ME.LOP,2,LO,3,LOP,3
125272082,mixed,lat->FF,lat,FF,2,0,2,1183,76,1.987,42897,36.261,LO,2,2,2,"[MEL2, ME.LOL2] -> LOL2 -> [LO.PVLPL3, MEL3]",ME,2,ME.LO,2,LO.PVLP,3,ME,3
122168761,mixed,lat->FF,lat,FF,2,0,2,647,37,1.001,13647,21.093,LOP,2,2,2,"[ME.LOL2, ME.LOPL2] -> LOPL2 -> [LOPL3, ME.LOPL3]",ME.LO,2,ME.LOP,2,LOP,3,ME.LOP,3
121344120,mixed,lat->FF,lat,FF,2,0,2,647,18,1.658,3520,5.44,LOP,2,2,2,"[LO.LOPL2, ME.LOPL2] -> LOPL2 -> [LOP.LOL3, LOP.PLPL3]",LO.LOP,2,ME.LOP,2,LOP.LO,3,LOP.PLP,3
121073599,mixed,lat->FF,lat,FF,2,0,2,647,18,1.352,7531,11.64,LOP,2,2,2,"[LOP.LOL2, ME.LOPL2] -> LOPL2 -> [LO.LOPL3, LOPL3]",LOP.LO,2,ME.LOP,2,LO.LOP,3,LOP,3
120160374,mixed,lat->FF,lat,FF,2,0,2,647,54,1.223,14869,22.981,LOP,2,2,2,"[IPS.LOPL2, ME.LOPL2] -> LOPL2 -> [ME.LOL3, ME.LOPL3]",IPS.LOP,2,ME.LOP,2,ME.LO,3,ME.LOP,3
119427477,mixed,lat->FF,lat,FF,2,0,2,647,20,1.04,6863,10.607,LOP,2,2,2,"[LO.LOPL2, ME.LOPL2] -> LOPL2 -> [LO.MEL3, ME.LOPL3]",LO.LOP,2,ME.LOP,2,LO.ME,3,ME.LOP,3
117733105,mixed,lat->FF,lat,FF,2,0,2,647,49,1.257,8990,13.895,LOP,2,2,2,"[LO.LOPL2, ME.LOPL2] -> LOPL2 -> [LOL3, ME.LOPL3]",LO.LOP,2,ME.LOP,2,LO,3,ME.LOP,3
116799003,mixed,lat->FF,lat,FF,2,0,2,647,10,1.352,37041,57.25,LOP,2,2,2,"[MEL2, ME.LOPL2] -> LOPL2 -> [LOPL3, ME.LOL3]",ME,2,ME.LOP,2,LOP,3,ME.LO,3
115013232,mixed,lat->FF,lat,FF,2,0,2,52,1,1.0,2301,44.25,MB_ML,3,2,2,"[MB_CA.MB_MLL3, MB_CA.MB_PEDL3] -> MB_MLL3 -> [MB_CA.MB_MLL4, PLP.MB_MLL4]",MB_CA.MB_ML,3,MB_CA.MB_PED,3,MB_CA.MB_ML,4,PLP.MB_ML,4
113829060,mixed,lat->FF,lat,FF,2,0,2,647,17,1.101,39622,61.24,LOP,2,2,2,"[MEL2, ME.LOPL2] -> LOPL2 -> [ME.LOL3, ME.LOPL3]",ME,2,ME.LOP,2,ME.LO,3,ME.LOP,3
110191870,mixed,lat->FF,lat,FF,2,0,2,647,19,1.046,4282,6.618,LOP,2,2,2,"[LO.LOPL2, ME.LOPL2] -> LOPL2 -> [LO.MEL3, LOPL3]",LO.LOP,2,ME.LOP,2,LO.ME,3,LOP,3
108414421,mixed,lat->FF,lat,FF,2,0,2,647,24,1.0,21434,33.128,LOP,2,2,2,"[ME.LOL2, ME.LOPL2] -> LOPL2 -> [ME.LOL3, ME.LOPL3]",ME.LO,2,ME.LOP,2,ME.LO,3,ME.LOP,3
108252500,mixed,lat->FF,lat,FF,2,0,2,647,14,2.122,7254,11.212,LOP,2,2,2,"[LO.LOPL2, ME.LOPL2] -> LOPL2 -> [LO.LOPL3, LOP.LOL3]",LO.LOP,2,ME.LOP,2,LO.LOP,3,LOP.LO,3
105248031,mixed,lat->FF,lat,FF,2,0,2,1183,6,1.792,33799,28.571,LO,2,2,2,"[MEL2, ME.LOL2] -> LOL2 -> [LOL3, PVLP.LOL3]",ME,2,ME.LO,2,LO,3,PVLP.LO,3
104954108,mixed,lat->FF,lat,FF,2,0,2,1183,32,2.009,27982,23.653,LO,2,2,2,"[LO.MEL2, MEL2] -> LOL2 -> [LOL3, LO.PVLPL3]",LO.ME,2,ME,2,LO,3,LO.PVLP,3
103329861,mixed,lat->FF,lat,FF,2,0,2,647,13,1.572,7021,10.852,LOP,2,2,2,"[LOP.IPSL2, ME.LOPL2] -> LOPL2 -> [LOPL3, ME.LOPL3]",LOP.IPS,2,ME.LOP,2,LOP,3,ME.LOP,3
100985868,mixed,lat->FF,lat,FF,2,0,2,2282,3,1.0,16195,7.097,LO,3,2,2,"[MEL3, ME.LOPL3] -> LOL3 -> [LO.LOPL4, LO.PVLPL4]",ME,3,ME.LOP,3,LO.LOP,4,LO.PVLP,4
99814584,mixed,lat->FF,lat,FF,2,0,2,647,40,1.001,18853,29.139,LOP,2,2,2,"[ME.LOL2, ME.LOPL2] -> LOPL2 -> [LOPL3, ME.LOL3]",ME.LO,2,ME.LOP,2,LOP,3,ME.LO,3
98293861,mixed,lat->FF,lat,FF,2,0,2,647,57,1.406,8183,12.648,LOP,2,2,2,"[LOL2, ME.LOPL2] -> LOPL2 -> [LOPL3, ME.LOPL3]",LO,2,ME.LOP,2,LOP,3,ME.LOP,3
98215070,mixed,lat->FF,lat,FF,2,0,2,1183,5,1.628,32223,27.238,LO,2,2,2,"[MEL2, ME.LOL2] -> LOL2 -> [LO.PVLPL3, PVLP.LOL3]",ME,2,ME.LO,2,LO.PVLP,3,PVLP.LO,3
97678803,mixed,lat->FF,lat,FF,2,0,2,647,58,1.291,14196,21.941,LOP,2,2,2,"[LO.LOPL2, ME.LOPL2] -> LOPL2 -> [LOL3, ME.LOL3]",LO.LOP,2,ME.LOP,2,LO,3,ME.LO,3
96900912,mixed,lat->FF,lat,FF,2,0,2,52,1,1.0,2440,46.923,MB_ML,3,2,2,"[MB_CA.MB_MLL3, MB_CA.MB_VLL3] -> MB_MLL3 -> [MB_CA.MB_MLL4, PLP.MB_MLL4]",MB_CA.MB_ML,3,MB_CA.MB_VL,3,MB_CA.MB_ML,4,PLP.MB_ML,4
96735683,mixed,lat->FF,lat,FF,2,0,2,647,12,1.023,12069,18.654,LOP,2,2,2,"[LO.LOPL2, ME.LOPL2] -> LOPL2 -> [LO.MEL3, ME.LOL3]",LO.LOP,2,ME.LOP,2,LO.ME,3,ME.LO,3
88886146,mixed,lat->FF,lat,FF,2,0,2,647,7,1.018,3571,5.519,LOP,2,2,2,"[LOP.LOL2, ME.LOPL2] -> LOPL2 -> [LOPL3, LOP.LOL3]",LOP.LO,2,ME.LOP,2,LOP,3,LOP.LO,3
88208555,mixed,lat->FF,lat,FF,2,0,2,647,14,1.161,4138,6.396,LOP,2,2,2,"[LO.LOPL2, ME.LOPL2] -> LOPL2 -> [LOPL3, LOP.PVLPL3]",LO.LOP,2,ME.LOP,2,LOP,3,LOP.PVLP,3
86900382,mixed,lat->FF,lat,FF,2,0,2,24835,37,1.849,19796,0.797,ME,2,2,2,"[ME.LOL2, ME.PLPL2] -> MEL2 -> [LOL3, MEL3]",ME.LO,2,ME.PLP,2,LO,3,ME,3
86894692,mixed,lat->FF,lat,FF,2,0,2,647,6,1.635,12227,18.898,LOP,2,2,2,"[LOP.IPSL2, ME.LOPL2] -> LOPL2 -> [LOPL3, ME.LOL3]",LOP.IPS,2,ME.LOP,2,LOP,3,ME.LO,3
85793995,mixed,lat->FF,lat,FF,2,0,2,647,14,1.97,14894,23.02,LOP,2,2,2,"[LOP.LOL2, ME.LOPL2] -> LOPL2 -> [ME.LOL3, ME.LOPL3]",LOP.LO,2,ME.LOP,2,ME.LO,3,ME.LOP,3
85010620,mixed,lat->FF,lat,FF,2,0,2,2282,4,1.0,16619,7.283,LO,3,2,2,"[LO.LOPL3, MEL3] -> LOL3 -> [LO.LOPL4, LO.PVLPL4]",LO.LOP,3,ME,3,LO.LOP,4,LO.PVLP,4
83324020,mixed,lat->FF,lat,FF,2,0,2,647,21,1.546,3797,5.869,LOP,2,2,2,"[LOP.LOL2, ME.LOPL2] -> LOPL2 -> [LOPL3, LOP.PLPL3]",LOP.LO,2,ME.LOP,2,LOP,3,LOP.PLP,3
82117095,mixed,lat->FF,lat,FF,2,0,2,24835,84,2.017,17952,0.723,ME,2,2,2,"[LO.MEL2, ME.LOL2] -> MEL2 -> [LOL3, ME.LOL3]",LO.ME,2,ME.LO,2,LO,3,ME.LO,3
79199314,mixed,lat->FF,lat,FF,2,0,2,647,5,1.197,14808,22.887,LOP,2,2,2,"[LOP.IPSL2, ME.LOPL2] -> LOPL2 -> [ME.LOL3, ME.LOPL3]",LOP.IPS,2,ME.LOP,2,ME.LO,3,ME.LOP,3
77110632,mixed,lat->FF,lat,FF,2,0,2,647,43,1.315,13389,20.694,LOP,2,2,2,"[LOL2, ME.LOPL2] -> LOPL2 -> [LOPL3, ME.LOL3]",LO,2,ME.LOP,2,LOP,3,ME.LO,3
76299297,mixed,lat->FF,lat,FF,2,0,2,647,45,1.112,15970,24.683,LOP,2,2,2,"[LOL2, ME.LOPL2] -> LOPL2 -> [ME.LOL3, ME.LOPL3]",LO,2,ME.LOP,2,ME.LO,3,ME.LOP,3
74346962,mixed,lat->FF,lat,FF,2,0,2,647,8,1.304,12272,18.968,LOP,2,2,2,"[LOP.PLPL2, ME.LOPL2] -> LOPL2 -> [LOPL3, ME.LOL3]",LOP.PLP,2,ME.LOP,2,LOP,3,ME.LO,3
74108794,mixed,lat->FF,lat,FF,2,0,2,647,27,2.809,4154,6.42,LOP,2,2,2,"[LO.LOPL2, ME.LOPL2] -> LOPL2 -> [LOPL3, LOP.MEL3]",LO.LOP,2,ME.LOP,2,LOP,3,LOP.ME,3
73300287,mixed,lat->FF,lat,FF,2,0,2,1183,189,2.193,42628,36.034,LO,2,2,2,"[MEL2, ME.LOL2] -> LOL2 -> [LOL3, ME.LOL3]",ME,2,ME.LO,2,LO,3,ME.LO,3
72724069,mixed,lat->FF,lat,FF,2,0,2,1183,49,1.318,31740,26.83,LO,2,2,2,"[MEL2, ME.LOL2] -> LOL2 -> [LO.AVLPL3, LO.PLPL3]",ME,2,ME.LO,2,LO.AVLP,3,LO.PLP,3
68578338,mixed,lat->FF,lat,FF,2,0,2,647,24,1.699,4833,7.47,LOP,2,2,2,"[LO.LOPL2, ME.LOPL2] -> LOPL2 -> [LO.PVLPL3, LOPL3]",LO.LOP,2,ME.LOP,2,LO.PVLP,3,LOP,3
68244140,mixed,lat->FF,lat,FF,2,0,2,24835,18,1.799,18644,0.751,ME,2,2,2,"[LOL2, ME.LOL2] -> MEL2 -> [MEL3, ME.PLPL3]",LO,2,ME.LO,2,ME,3,ME.PLP,3
67322104,mixed,lat->FF,lat,FF,2,0,2,647,100,2.209,7506,11.601,LOP,2,2,2,"[IPS.LOPL2, ME.LOPL2] -> LOPL2 -> [LO.LOPL3, LOPL3]",IPS.LOP,2,ME.LOP,2,LO.LOP,3,LOP,3
64543791,mixed,lat->FF,lat,FF,2,0,2,1183,19,1.999,27827,23.522,LO,2,2,2,"[MEL2, SMP.LOL2] -> LOL2 -> [LOL3, LO.PVLPL3]",ME,2,SMP.LO,2,LO,3,LO.PVLP,3
63107326,mixed,lat->FF,lat,FF,2,0,2,647,95,2.199,3772,5.83,LOP,2,2,2,"[IPS.LOPL2, ME.LOPL2] -> LOPL2 -> [LOPL3, LOP.PLPL3]",IPS.LOP,2,ME.LOP,2,LOP,3,LOP.PLP,3
63000746,mixed,lat->FF,lat,FF,2,0,2,24835,60,2.211,26378,1.062,ME,2,2,2,"[ME.LOL2, ME.PLPL2] -> MEL2 -> [MEL3, ME.LOL3]",ME.LO,2,ME.PLP,2,ME,3,ME.LO,3
62402848,mixed,lat->FF,lat,FF,2,0,2,1183,83,1.972,41052,34.702,LO,2,2,2,"[MEL2, ME.LOL2] -> LOL2 -> [LO.PVLPL3, ME.LOL3]",ME,2,ME.LO,2,LO.PVLP,3,ME.LO,3
60533280,mixed,lat->FF,lat,FF,2,0,2,52,1,1.0,2301,44.25,MB_ML,3,2,2,"[MB_CA.MB_MLL3, MB_CA.MB_PEDL3] -> MB_MLL3 -> [MB_CA.MB_MLL4, PLP.MB_PEDL4]",MB_CA.MB_ML,3,MB_CA.MB_PED,3,MB_CA.MB_ML,4,PLP.MB_PED,4
59285623,mixed,lat->FF,lat,FF,2,0,2,647,13,1.634,7066,10.921,LOP,2,2,2,"[LOP.PLPL2, ME.LOPL2] -> LOPL2 -> [LOPL3, ME.LOPL3]",LOP.PLP,2,ME.LOP,2,LOP,3,ME.LOP,3
59192508,mixed,lat->FF,lat,FF,2,0,2,24835,76,1.644,14333,0.577,ME,2,2,2,"[LOL2, LO.MEL2] -> MEL2 -> [LOL3, MEL3]",LO,2,LO.ME,2,LO,3,ME,3
56532246,mixed,lat->FF,lat,FF,2,0,2,24835,66,1.997,19656,0.791,ME,2,2,2,"[ME.LOL2, SPS.MEL2] -> MEL2 -> [LOL3, MEL3]",ME.LO,2,SPS.ME,2,LO,3,ME,3
56458765,mixed,lat->FF,lat,FF,2,0,2,647,17,1.325,3756,5.805,LOP,2,2,2,"[LOP.PLPL2, ME.LOPL2] -> LOPL2 -> [LOPL3, LOP.PLPL3]",LOP.PLP,2,ME.LOP,2,LOP,3,LOP.PLP,3
56305656,mixed,lat->FF,lat,FF,2,0,2,2282,1,1.0,4969,2.177,LO,3,2,2,"[LO.PLPL3, ME.LOPL3] -> LOL3 -> [LO.LOPL4, ME.LOPL4]",LO.PLP,3,ME.LOP,3,LO.LOP,4,ME.LOP,4
56305656,mixed,lat->FF,lat,FF,2,0,2,2282,1,1.0,4875,2.136,LO,3,2,2,"[LOP.LOL3, ME.LOPL3] -> LOL3 -> [LO.LOPL4, ME.LOPL4]",LOP.LO,3,ME.LOP,3,LO.LOP,4,ME.LOP,4
56305656,mixed,lat->FF,lat,FF,2,0,2,2282,1,1.0,4788,2.098,LO,3,2,2,"[ME.LOPL3, PVLP.LOL3] -> LOL3 -> [LO.LOPL4, ME.LOPL4]",ME.LOP,3,PVLP.LO,3,LO.LOP,4,ME.LOP,4
55987584,mixed,lat->FF,lat,FF,2,0,2,2282,2,1.034,14258,6.248,LO,3,2,2,"[ME.LOL3, ME.LOPL3] -> LOL3 -> [MEL4, ME.LOPL4]",ME.LO,3,ME.LOP,3,ME,4,ME.LOP,4
55494132,mixed,lat->FF,lat,FF,2,0,2,647,80,1.147,16714,25.833,LOP,2,2,2,"[IPS.LOPL2, ME.LOPL2] -> LOPL2 -> [MEL3, ME.LOPL3]",IPS.LOP,2,ME.LOP,2,ME,3,ME.LOP,3
55358931,mixed,lat->FF,lat,FF,2,0,2,647,17,1.865,10112,15.629,LOP,2,2,2,"[LOP.LOL2, ME.LOPL2] -> LOPL2 -> [LO.LOPL3, ME.LOPL3]",LOP.LO,2,ME.LOP,2,LO.LOP,3,ME.LOP,3
55242576,mixed,lat->FF,lat,FF,2,0,2,52,1,1.0,2150,41.346,MB_ML,3,2,2,"[MB_CA.CREL3, MB_CA.MB_MLL3] -> MB_MLL3 -> [MB_CA.MB_MLL4, PLP.MB_MLL4]",MB_CA.CRE,3,MB_CA.MB_ML,3,MB_CA.MB_ML,4,PLP.MB_ML,4
54901807,mixed,lat->FF,lat,FF,2,0,2,647,13,1.629,32259,49.859,LOP,2,2,2,"[MEL2, ME.LOPL2] -> LOPL2 -> [LO.LOPL3, LOPL3]",ME,2,ME.LOP,2,LO.LOP,3,LOP,3
53811315,mixed,lat->FF,lat,FF,2,0,2,1183,35,1.988,9794,8.279,LO,2,2,2,"[LO.MEL2, ME.LOL2] -> LOL2 -> [LOL3, LO.PVLPL3]",LO.ME,2,ME.LO,2,LO,3,LO.PVLP,3
53751830,mixed,lat->FF,lat,FF,2,0,2,647,94,1.377,10087,15.59,LOP,2,2,2,"[IPS.LOPL2, ME.LOPL2] -> LOPL2 -> [LO.LOPL3, ME.LOPL3]",IPS.LOP,2,ME.LOP,2,LO.LOP,3,ME.LOP,3
53032765,mixed,lat->FF,lat,FF,2,0,2,647,88,1.235,14133,21.844,LOP,2,2,2,"[IPS.LOPL2, ME.LOPL2] -> LOPL2 -> [LOPL3, MEL3]",IPS.LOP,2,ME.LOP,2,LOP,3,ME,3
52909690,mixed,lat->FF,lat,FF,2,0,2,647,34,1.047,41467,64.091,LOP,2,2,2,"[MEL2, ME.LOPL2] -> LOPL2 -> [MEL3, ME.LOPL3]",ME,2,ME.LOP,2,ME,3,ME.LOP,3
51711891,mixed,lat->FF,lat,FF,2,0,2,647,20,1.0,23279,35.98,LOP,2,2,2,"[ME.LOL2, ME.LOPL2] -> LOPL2 -> [MEL3, ME.LOPL3]",ME.LO,2,ME.LOP,2,ME,3,ME.LOP,3
51000480,mixed,lat->FF,lat,FF,2,0,2,52,1,1.0,2440,46.923,MB_ML,3,2,2,"[MB_CA.MB_MLL3, MB_CA.MB_VLL3] -> MB_MLL3 -> [MB_CA.MB_MLL4, PLP.MB_PEDL4]",MB_CA.MB_ML,3,MB_CA.MB_VL,3,MB_CA.MB_ML,4,PLP.MB_PED,4
50350601,mixed,lat->FF,lat,FF,2,0,2,647,12,1.606,28525,44.088,LOP,2,2,2,"[MEL2, ME.LOPL2] -> LOPL2 -> [LOPL3, LOP.PLPL3]",ME,2,ME.LOP,2,LOP,3,LOP.PLP,3
50333844,mixed,lat->FF,lat,FF,2,0,2,2282,1,1.0,5990,2.625,LO,3,2,2,"[LO.PLPL3, ME.LOPL3] -> LOL3 -> [LOL4, LO.LOPL4]",LO.PLP,3,ME.LOP,3,LO,4,LO.LOP,4
50333844,mixed,lat->FF,lat,FF,2,0,2,2282,1,1.0,5896,2.584,LO,3,2,2,"[LOP.LOL3, ME.LOPL3] -> LOL3 -> [LOL4, LO.LOPL4]",LOP.LO,3,ME.LOP,3,LO,4,LO.LOP,4
50333844,mixed,lat->FF,lat,FF,2,0,2,2282,1,1.0,5809,2.546,LO,3,2,2,"[ME.LOPL3, PVLP.LOL3] -> LOL3 -> [LOL4, LO.LOPL4]",ME.LOP,3,PVLP.LO,3,LO,4,LO.LOP,4
49726739,mixed,lat->FF,lat,FF,2,0,2,647,37,1.189,34840,53.849,LOP,2,2,2,"[MEL2, ME.LOPL2] -> LOPL2 -> [LO.LOPL3, ME.LOPL3]",ME,2,ME.LOP,2,LO.LOP,3,ME.LOP,3
49697041,mixed,lat->FF,lat,FF,2,0,2,647,11,1.09,38886,60.102,LOP,2,2,2,"[MEL2, ME.LOPL2] -> LOPL2 -> [LOPL3, MEL3]",ME,2,ME.LOP,2,LOP,3,ME,3
49319361,mixed,lat->FF,lat,FF,2,0,2,2282,11,1.005,15279,6.695,LO,3,2,2,"[ME.LOL3, ME.LOPL3] -> LOL3 -> [LOL4, MEL4]",ME.LO,3,ME.LOP,3,LO,4,ME,4
49128975,mixed,lat->FF,lat,FF,2,0,2,647,56,1.33,6353,9.819,LOP,2,2,2,"[IPS.LOPL2, ME.LOPL2] -> LOPL2 -> [LOP.PLPL3, ME.LOPL3]",IPS.LOP,2,ME.LOP,2,LOP.PLP,3,ME.LOP,3
49095886,mixed,lat->FF,lat,FF,2,0,2,647,30,1.672,6735,10.41,LOP,2,2,2,"[LO.LOPL2, ME.LOPL2] -> LOPL2 -> [LOP.MEL3, ME.LOPL3]",LO.LOP,2,ME.LOP,2,LOP.ME,3,ME.LOP,3
48446502,mixed,lat->FF,lat,FF,2,0,2,1183,22,2.002,27847,23.539,LO,2,2,2,"[LO.AVLPL2, MEL2] -> LOL2 -> [LOL3, LO.PVLPL3]",LO.AVLP,2,ME,2,LO,3,LO.PVLP,3
47586164,mixed,lat->FF,lat,FF,2,0,2,647,29,1.0,20698,31.991,LOP,2,2,2,"[ME.LOL2, ME.LOPL2] -> LOPL2 -> [LOPL3, MEL3]",ME.LO,2,ME.LOP,2,LOP,3,ME,3
47080208,mixed,lat->FF,lat,FF,2,0,2,1,1,1.0,2447,2447.0,MB_ML.MB_CA,3,2,2,"[MB_CA.MB_MLL3, MB_CA.MB_VLL3] -> MB_ML.MB_CAL3 -> [PLP.CREL4, PLP.MB_PEDL4]",MB_CA.MB_ML,3,MB_CA.MB_VL,3,PLP.CRE,4,PLP.MB_PED,4
47024819,mixed,lat->FF,lat,FF,2,0,2,647,25,1.062,13914,21.505,LOP,2,2,2,"[LO.LOPL2, ME.LOPL2] -> LOPL2 -> [LO.MEL3, MEL3]",LO.LOP,2,ME.LOP,2,LO.ME,3,ME,3
45994513,mixed,lat->FF,lat,FF,2,0,2,647,6,1.407,3530,5.456,LOP,2,2,2,"[LOP.PLPL2, ME.LOPL2] -> LOPL2 -> [LOPL3, LOP.LOL3]",LOP.PLP,2,ME.LOP,2,LOP,3,LOP.LO,3
45582869,mixed,lat->FF,lat,FF,2,0,2,647,9,1.154,31106,48.077,LOP,2,2,2,"[MEL2, ME.LOPL2] -> LOPL2 -> [LOP.PLPL3, ME.LOPL3]",ME,2,ME.LOP,2,LOP.PLP,3,ME.LOP,3
45485201,mixed,lat->FF,lat,FF,2,0,2,647,28,1.0,16652,25.737,LOP,2,2,2,"[ME.LOL2, ME.LOPL2] -> LOPL2 -> [LO.LOPL3, ME.LOPL3]",ME.LO,2,ME.LOP,2,LO.LOP,3,ME.LOP,3
44536611,mixed,lat->FF,lat,FF,2,0,2,24835,58,2.006,19655,0.791,ME,2,2,2,"[ME.LOL2, PLP.MEL2] -> MEL2 -> [LOL3, MEL3]",ME.LO,2,PLP.ME,2,LO,3,ME,3
44222172,mixed,lat->FF,lat,FF,2,0,2,647,40,1.095,21920,33.879,LOP,2,2,2,"[IPS.LOPL2, ME.LOPL2] -> LOPL2 -> [MEL3, ME.LOL3]",IPS.LOP,2,ME.LOP,2,ME,3,ME.LO,3
44078192,mixed,lat->FF,lat,FF,2,0,2,647,60,1.387,15293,23.637,LOP,2,2,2,"[IPS.LOPL2, ME.LOPL2] -> LOPL2 -> [LO.LOPL3, ME.LOL3]",IPS.LOP,2,ME.LOP,2,LO.LOP,3,ME.LO,3
43827117,mixed,lat->FF,lat,FF,2,0,2,24835,120,1.819,26238,1.056,ME,2,2,2,"[ME.LOL2, SPS.MEL2] -> MEL2 -> [MEL3, ME.LOL3]",ME.LO,2,SPS.ME,2,ME,3,ME.LO,3
43526077,mixed,lat->FF,lat,FF,2,0,2,647,67,1.134,16041,24.793,LOP,2,2,2,"[LO.LOPL2, ME.LOPL2] -> LOPL2 -> [LOL3, MEL3]",LO.LOP,2,ME.LOP,2,LO,3,ME,3
43294590,mixed,lat->FF,lat,FF,2,0,2,647,53,1.429,9414,14.55,LOP,2,2,2,"[LO.LOPL2, ME.LOPL2] -> LOPL2 -> [LOL3, LO.LOPL3]",LO.LOP,2,ME.LOP,2,LO,3,LO.LOP,3
43170429,mixed,lat->FF,lat,FF,2,0,2,647,18,2.61,4134,6.389,LOP,2,2,2,"[LO.LOPL2, ME.LOPL2] -> LOPL2 -> [LOPL3, LOP.IPSL3]",LO.LOP,2,ME.LOP,2,LOP,3,LOP.IPS,3
43129800,mixed,lat->FF,lat,FF,2,0,2,647,8,1.512,7490,11.577,LOP,2,2,2,"[LOP.PLPL2, ME.LOPL2] -> LOPL2 -> [LO.LOPL3, LOPL3]",LOP.PLP,2,ME.LOP,2,LO.LOP,3,LOP,3
42908259,mixed,lat->FF,lat,FF,2,0,2,647,19,1.032,46673,72.138,LOP,2,2,2,"[MEL2, ME.LOPL2] -> LOPL2 -> [MEL3, ME.LOL3]",ME,2,ME.LOP,2,ME,3,ME.LO,3
42496043,mixed,lat->FF,lat,FF,2,0,2,647,65,1.572,5602,8.658,LOP,2,2,2,"[IPS.LOPL2, LO.LOPL2] -> LOPL2 -> [LOPL3, ME.LOPL3]",IPS.LOP,2,LO.LOP,2,LOP,3,ME.LOP,3
42382006,mixed,lat->FF,lat,FF,2,0,2,647,19,1.001,12918,19.966,LOP,2,2,2,"[ME.LOL2, ME.LOPL2] -> LOPL2 -> [LOP.PLPL3, ME.LOPL3]",ME.LO,2,ME.LOP,2,LOP.PLP,3,ME.LOP,3
42243665,mixed,lat->FF,lat,FF,2,0,2,647,12,1.0,28485,44.026,LOP,2,2,2,"[ME.LOL2, ME.LOPL2] -> LOPL2 -> [MEL3, ME.LOL3]",ME.LO,2,ME.LOP,2,ME,3,ME.LO,3
42105220,mixed,lat->FF,lat,FF,2,0,2,24835,17,1.996,17620,0.709,ME,2,2,2,"[LO.MEL2, ME.LOL2] -> MEL2 -> [MEL3, ME.PLPL3]",LO.ME,2,ME.LO,2,ME,3,ME.PLP,3
42099929,mixed,lat->FF,lat,FF,2,0,2,647,19,1.844,5627,8.697,LOP,2,2,2,"[LO.LOPL2, LOP.LOL2] -> LOPL2 -> [LOPL3, ME.LOPL3]",LO.LOP,2,LOP.LO,2,LOP,3,ME.LOP,3
41909141,mixed,lat->FF,lat,FF,2,0,2,647,41,1.003,14071,21.748,LOP,2,2,2,"[ME.LOL2, ME.LOPL2] -> LOPL2 -> [LO.LOPL3, LOPL3]",ME.LO,2,ME.LOP,2,LO.LOP,3,LOP,3
41768404,mixed,lat->FF,lat,FF,2,0,2,24835,15,1.66,10217,0.411,ME,2,2,2,"[LOL2, ME.LOL2] -> MEL2 -> [LOL3, ME.PLPL3]",LO,2,ME.LO,2,LO,3,ME.PLP,3
41482421,mixed,lat->FF,lat,FF,2,0,2,647,32,1.407,11559,17.866,LOP,2,2,2,"[IPS.LOPL2, ME.LOPL2] -> LOPL2 -> [LOP.PLPL3, ME.LOL3]",IPS.LOP,2,ME.LOP,2,LOP.PLP,3,ME.LO,3
41264506,mixed,lat->FF,lat,FF,2,0,2,647,33,1.474,5680,8.779,LOP,2,2,2,"[LO.LOPL2, ME.LOPL2] -> LOPL2 -> [LOL3, LOP.PLPL3]",LO.LOP,2,ME.LOP,2,LO,3,LOP.PLP,3
41218828,mixed,lat->FF,lat,FF,2,0,2,647,35,1.115,10337,15.977,LOP,2,2,2,"[ME.LOL2, ME.LOPL2] -> LOPL2 -> [LOPL3, LOP.PLPL3]",ME.LO,2,ME.LOP,2,LOP,3,LOP.PLP,3
41035812,mixed,lat->FF,lat,FF,2,0,2,647,14,1.988,6378,9.858,LOP,2,2,2,"[LOP.LOL2, ME.LOPL2] -> LOPL2 -> [LOP.PLPL3, ME.LOPL3]",LOP.LO,2,ME.LOP,2,LOP.PLP,3,ME.LOP,3
40810969,mixed,lat->FF,lat,FF,2,0,2,647,27,1.726,11941,18.456,LOP,2,2,2,"[LO.LOPL2, ME.LOPL2] -> LOPL2 -> [LOP.MEL3, ME.LOL3]",LO.LOP,2,ME.LOP,2,LOP.ME,3,ME.LO,3
40696397,mixed,lat->FF,lat,FF,2,0,2,647,19,1.029,7287,11.263,LOP,2,2,2,"[LO.LOPL2, ME.LOPL2] -> LOPL2 -> [LO.LOPL3, LO.MEL3]",LO.LOP,2,ME.LOP,2,LO.LOP,3,LO.ME,3
40655716,mixed,lat->FF,lat,FF,2,0,2,647,11,1.95,7445,11.507,LOP,2,2,2,"[LOP.IPSL2, ME.LOPL2] -> LOPL2 -> [LO.LOPL3, LOPL3]",LOP.IPS,2,ME.LOP,2,LO.LOP,3,LOP,3
40433631,mixed,lat->FF,lat,FF,2,0,2,647,18,1.18,40046,61.895,LOP,2,2,2,"[MEL2, ME.LOPL2] -> LOPL2 -> [LO.LOPL3, ME.LOL3]",ME,2,ME.LOP,2,LO.LOP,3,ME.LO,3
39680043,mixed,lat->FF,lat,FF,2,0,2,647,14,2.02,3711,5.736,LOP,2,2,2,"[LOP.IPSL2, ME.LOPL2] -> LOPL2 -> [LOPL3, LOP.PLPL3]",LOP.IPS,2,ME.LOP,2,LOP,3,LOP.PLP,3
39080724,mixed,lat->FF,lat,FF,2,0,2,647,11,1.953,15318,23.675,LOP,2,2,2,"[LOP.LOL2, ME.LOPL2] -> LOPL2 -> [LO.LOPL3, ME.LOL3]",LOP.LO,2,ME.LOP,2,LO.LOP,3,ME.LO,3
38907492,mixed,lat->FF,lat,FF,2,0,2,24835,86,1.937,20915,0.842,ME,2,2,2,"[LOL2, LO.MEL2] -> MEL2 -> [MEL3, ME.LOL3]",LO,2,LO.ME,2,ME,3,ME.LO,3
38171628,mixed,lat->FF,lat,FF,2,0,2,2282,1,1.0,5393,2.363,LO,3,2,2,"[LO.LOPL3, LO.PLPL3] -> LOL3 -> [LO.LOPL4, ME.LOPL4]",LO.LOP,3,LO.PLP,3,LO.LOP,4,ME.LOP,4
38171628,mixed,lat->FF,lat,FF,2,0,2,2282,1,1.0,5299,2.322,LO,3,2,2,"[LO.LOPL3, LOP.LOL3] -> LOL3 -> [LO.LOPL4, ME.LOPL4]",LO.LOP,3,LOP.LO,3,LO.LOP,4,ME.LOP,4
38171628,mixed,lat->FF,lat,FF,2,0,2,2282,1,1.0,5212,2.284,LO,3,2,2,"[LO.LOPL3, PVLP.LOL3] -> LOL3 -> [LO.LOPL4, ME.LOPL4]",LO.LOP,3,PVLP.LO,3,LO.LOP,4,ME.LOP,4
38110536,mixed,lat->FF,lat,FF,2,0,2,2282,2,1.043,14682,6.434,LO,3,2,2,"[LO.LOPL3, ME.LOL3] -> LOL3 -> [MEL4, ME.LOPL4]",LO.LOP,3,ME.LO,3,ME,4,ME.LOP,4
37819136,mixed,lat->FF,lat,FF,2,0,2,647,12,1.194,16653,25.739,LOP,2,2,2,"[LOP.IPSL2, ME.LOPL2] -> LOPL2 -> [MEL3, ME.LOPL3]",LOP.IPS,2,ME.LOP,2,ME,3,ME.LOP,3
37628268,mixed,lat->FF,lat,FF,2,0,2,647,13,1.014,3553,5.491,LOP,2,2,2,"[LO.LOPL2, ME.LOPL2] -> LOPL2 -> [LO.MEL3, LOP.PLPL3]",LO.LOP,2,ME.LOP,2,LO.ME,3,LOP.PLP,3
37574105,mixed,lat->FF,lat,FF,2,0,2,647,13,1.254,30355,46.917,LOP,2,2,2,"[LO.LOPL2, MEL2] -> LOPL2 -> [LOPL3, ME.LOPL3]",LO.LOP,2,ME,2,LOP,3,ME.LOP,3
37550797,mixed,lat->FF,lat,FF,2,0,2,647,52,1.63,8607,13.303,LOP,2,2,2,"[LOL2, ME.LOPL2] -> LOPL2 -> [LO.LOPL3, LOPL3]",LO,2,ME.LOP,2,LO.LOP,3,LOP,3
37527838,mixed,lat->FF,lat,FF,2,0,2,647,8,1.172,36312,56.124,LOP,2,2,2,"[MEL2, ME.LOPL2] -> LOPL2 -> [LOP.PLPL3, ME.LOL3]",ME,2,ME.LOP,2,LOP.PLP,3,ME.LO,3
37167441,mixed,lat->FF,lat,FF,2,0,2,647,32,1.001,21858,33.784,LOP,2,2,2,"[ME.LOL2, ME.LOPL2] -> LOPL2 -> [LO.LOPL3, ME.LOL3]",ME.LO,2,ME.LOP,2,LO.LOP,3,ME.LO,3
36319968,mixed,lat->FF,lat,FF,2,0,2,52,1,1.0,2322,44.654,MB_ML,3,2,2,"[MB_CA.MB_MLL3, MB_CA.MB_PEDL3] -> MB_MLL3 -> [MB_CA.MB_MLL4, PLP.CREL4]",MB_CA.MB_ML,3,MB_CA.MB_PED,3,MB_CA.MB_ML,4,PLP.CRE,4
36287766,mixed,lat->FF,lat,FF,2,0,2,1183,1,1.0,32193,27.213,LO,2,2,2,"[MEL2, ME.LOL2] -> LOL2 -> [LO.PVLPL3, LO.SLPL3]",ME,2,ME.LO,2,LO.PVLP,3,LO.SLP,3
36057202,mixed,lat->FF,lat,FF,2,0,2,647,51,1.658,10808,16.705,LOP,2,2,2,"[IPS.LOPL2, LO.LOPL2] -> LOPL2 -> [LOPL3, ME.LOL3]",IPS.LOP,2,LO.LOP,2,LOP,3,ME.LO,3
35840783,mixed,lat->FF,lat,FF,2,0,2,647,13,1.263,14072,21.75,LOP,2,2,2,"[LOP.IPSL2, ME.LOPL2] -> LOPL2 -> [LOPL3, MEL3]",LOP.IPS,2,ME.LOP,2,LOP,3,ME,3
35643477,mixed,lat->FF,lat,FF,2,0,2,647,92,1.068,17815,27.535,LOP,2,2,2,"[LOL2, ME.LOPL2] -> LOPL2 -> [MEL3, ME.LOPL3]",LO,2,ME.LOP,2,ME,3,ME.LOP,3
35489456,mixed,lat->FF,lat,FF,2,0,2,24835,36,1.981,17951,0.723,ME,2,2,2,"[ME.LOL2, ME.PLPL2] -> MEL2 -> [LOL3, ME.LOL3]",ME.LO,2,ME.PLP,2,LO,3,ME.LO,3
35437067,mixed,lat->FF,lat,FF,2,0,2,1183,49,1.042,33791,28.564,LO,2,2,2,"[MEL2, ME.LOL2] -> LOL2 -> [LOL3, LO.SPSL3]",ME,2,ME.LO,2,LO,3,LO.SPS,3
35271525,mixed,lat->FF,lat,FF,2,0,2,1183,4,1.0,33769,28.545,LO,2,2,2,"[MEL2, ME.LOL2] -> LOL2 -> [LOL3, LO.SLPL3]",ME,2,ME.LO,2,LO,3,LO.SLP,3
35128836,mixed,lat->FF,lat,FF,2,0,2,2282,1,1.0,8751,3.835,LO,3,2,2,"[LO.LOPL3, ME.LOPL3] -> LOL3 -> [LO.PVLPL4, ME.LOPL4]",LO.LOP,3,ME.LOP,3,LO.PVLP,4,ME.LOP,4
34707736,mixed,lat->FF,lat,FF,2,0,2,1183,4,1.0,33776,28.551,LO,2,2,2,"[MEL2, ME.LOL2] -> LOL2 -> [LOL3, LO.ICLL3]",ME,2,ME.LO,2,LO,3,LO.ICL,3
34707064,mixed,lat->FF,lat,FF,2,0,2,1183,2,1.0,33817,28.586,LO,2,2,2,"[MEL2, ME.LOL2] -> LOL2 -> [LOL3, PVLPL3]",ME,2,ME.LO,2,LO,3,PVLP,3
34645800,mixed,lat->FF,lat,FF,2,0,2,647,10,1.297,10026,15.496,LOP,2,2,2,"[LOP.IPSL2, ME.LOPL2] -> LOPL2 -> [LO.LOPL3, ME.LOPL3]",LOP.IPS,2,ME.LOP,2,LO.LOP,3,ME.LOP,3
34626559,mixed,lat->FF,lat,FF,2,0,2,647,18,1.001,18124,28.012,LOP,2,2,2,"[ME.LOL2, ME.LOPL2] -> LOPL2 -> [LOP.PLPL3, ME.LOL3]",ME.LO,2,ME.LOP,2,LOP.PLP,3,ME.LO,3
34454879,mixed,lat->FF,lat,FF,2,0,2,24835,136,1.913,26237,1.056,ME,2,2,2,"[ME.LOL2, PLP.MEL2] -> MEL2 -> [MEL3, ME.LOL3]",ME.LO,2,PLP.ME,2,ME,3,ME.LO,3
34123122,mixed,lat->FF,lat,FF,2,0,2,2282,1,1.0,6414,2.811,LO,3,2,2,"[LO.LOPL3, LO.PLPL3] -> LOL3 -> [LOL4, LO.LOPL4]",LO.LOP,3,LO.PLP,3,LO,4,LO.LOP,4
34123122,mixed,lat->FF,lat,FF,2,0,2,2282,1,1.0,6320,2.77,LO,3,2,2,"[LO.LOPL3, LOP.LOL3] -> LOL3 -> [LOL4, LO.LOPL4]",LO.LOP,3,LOP.LO,3,LO,4,LO.LOP,4
34123122,mixed,lat->FF,lat,FF,2,0,2,2282,1,1.0,6233,2.731,LO,3,2,2,"[LO.LOPL3, PVLP.LOL3] -> LOL3 -> [LOL4, LO.LOPL4]",LO.LOP,3,PVLP.LO,3,LO,4,LO.LOP,4
182529377214,pure_lateral,lat->lat,lat,lat,0,0,4,2282,24,1.515,27313,11.969,LO,3,2,2,"[MEL3, ME.LOL3] -> LOL3 -> [LO.LOPL3, ME.LOPL3]",ME,3,ME.LO,3,LO.LOP,3,ME.LOP,3
119593728754,pure_lateral,lat->lat,lat,lat,0,0,4,2282,11,1.506,27313,11.969,LO,3,2,2,"[MEL3, ME.LOPL3] -> LOL3 -> [LO.LOPL3, ME.LOL3]",ME,3,ME.LOP,3,LO.LOP,3,ME.LO,3
73045954916,pure_lateral,lat->lat,lat,lat,0,0,4,2282,5,1.445,27313,11.969,LO,3,2,2,"[LO.LOPL3, MEL3] -> LOL3 -> [ME.LOL3, ME.LOPL3]",LO.LOP,3,ME,3,ME.LO,3,ME.LOP,3
28306170696,pure_lateral,lat->lat,lat,lat,0,0,4,2282,12,1.075,27313,11.969,LO,3,2,2,"[ME.LOL3, ME.LOPL3] -> LOL3 -> [LO.LOPL3, MEL3]",ME.LO,3,ME.LOP,3,LO.LOP,3,ME,3
17718585824,pure_lateral,lat->lat,lat,lat,0,0,4,2282,9,1.065,27313,11.969,LO,3,2,2,"[LO.LOPL3, ME.LOL3] -> LOL3 -> [MEL3, ME.LOPL3]",LO.LOP,3,ME.LO,3,ME,3,ME.LOP,3
11650822034,pure_lateral,lat->lat,lat,lat,0,0,4,2282,5,1.064,27313,11.969,LO,3,2,2,"[LO.LOPL3, ME.LOPL3] -> LOL3 -> [MEL3, ME.LOL3]",LO.LOP,3,ME.LOP,3,ME,3,ME.LO,3
3301114661,pure_lateral,lat->lat,lat,lat,0,0,4,2282,8,1.0,18604,8.152,LO,3,2,2,"[LO.MEL3, MEL3] -> LOL3 -> [LO.LOPL3, ME.LOPL3]",LO.ME,3,ME,3,LO.LOP,3,ME.LOP,3
2101992816,pure_lateral,lat->lat,lat,lat,0,0,4,1,1,1.0,2787,2787.0,MB_ML.MB_CA,3,2,2,"[MB_CA.CREL3, MB_CA.MB_PEDL3] -> MB_ML.MB_CAL3 -> [MB_CA.MB_MLL3, MB_CA.MB_VLL3]",MB_CA.CRE,3,MB_CA.MB_PED,3,MB_CA.MB_ML,3,MB_CA.MB_VL,3
2101992816,pure_lateral,lat->lat,lat,lat,0,0,4,1,1,1.0,2787,2787.0,MB_ML.MB_CA,3,2,2,"[MB_CA.MB_MLL3, MB_CA.MB_PEDL3] -> MB_ML.MB_CAL3 -> [MB_CA.CREL3, MB_CA.MB_VLL3]",MB_CA.MB_ML,3,MB_CA.MB_PED,3,MB_CA.CRE,3,MB_CA.MB_VL,3
2101992816,pure_lateral,lat->lat,lat,lat,0,0,4,1,1,1.0,2787,2787.0,MB_ML.MB_CA,3,2,2,"[MB_CA.MB_PEDL3, MB_CA.MB_VLL3] -> MB_ML.MB_CAL3 -> [MB_CA.CREL3, MB_CA.MB_MLL3]",MB_CA.MB_PED,3,MB_CA.MB_VL,3,MB_CA.CRE,3,MB_CA.MB_ML,3
2088343512,pure_lateral,lat->lat,lat,lat,0,0,4,1,1,1.0,2787,2787.0,MB_ML.MB_CA,3,2,2,"[MB_CA.CREL3, MB_CA.MB_MLL3] -> MB_ML.MB_CAL3 -> [MB_CA.MB_PEDL3, MB_CA.MB_VLL3]",MB_CA.CRE,3,MB_CA.MB_ML,3,MB_CA.MB_PED,3,MB_CA.MB_VL,3
2088343512,pure_lateral,lat->lat,lat,lat,0,0,4,1,1,1.0,2787,2787.0,MB_ML.MB_CA,3,2,2,"[MB_CA.CREL3, MB_CA.MB_VLL3] -> MB_ML.MB_CAL3 -> [MB_CA.MB_MLL3, MB_CA.MB_PEDL3]",MB_CA.CRE,3,MB_CA.MB_VL,3,MB_CA.MB_ML,3,MB_CA.MB_PED,3
2088343512,pure_lateral,lat->lat,lat,lat,0,0,4,1,1,1.0,2787,2787.0,MB_ML.MB_CA,3,2,2,"[MB_CA.MB_MLL3, MB_CA.MB_VLL3] -> MB_ML.MB_CAL3 -> [MB_CA.CREL3, MB_CA.MB_PEDL3]",MB_CA.MB_ML,3,MB_CA.MB_VL,3,MB_CA.CRE,3,MB_CA.MB_PED,3
1650556800,pure_lateral,lat->lat,lat,lat,0,0,4,2282,1,1.0,18450,8.085,LO,3,2,2,"[FB.LOL3, MEL3] -> LOL3 -> [LO.LOPL3, ME.LOPL3]",FB.LO,3,ME,3,LO.LOP,3,ME.LOP,3
1370864880,pure_lateral,lat->lat,lat,lat,0,0,4,1,1,1.0,2732,2732.0,MB_ML.MB_CA,3,2,2,"[MB_CA.MB_PEDL3, PLP.CREL3] -> MB_ML.MB_CAL3 -> [MB_CA.MB_MLL3, MB_CA.MB_VLL3]",MB_CA.MB_PED,3,PLP.CRE,3,MB_CA.MB_ML,3,MB_CA.MB_VL,3
1361963160,pure_lateral,lat->lat,lat,lat,0,0,4,1,1,1.0,2732,2732.0,MB_ML.MB_CA,3,2,2,"[MB_CA.MB_MLL3, PLP.CREL3] -> MB_ML.MB_CAL3 -> [MB_CA.MB_PEDL3, MB_CA.MB_VLL3]",MB_CA.MB_ML,3,PLP.CRE,3,MB_CA.MB_PED,3,MB_CA.MB_VL,3
1361963160,pure_lateral,lat->lat,lat,lat,0,0,4,1,1,1.0,2732,2732.0,MB_ML.MB_CA,3,2,2,"[MB_CA.MB_VLL3, PLP.CREL3] -> MB_ML.MB_CAL3 -> [MB_CA.MB_MLL3, MB_CA.MB_PEDL3]",MB_CA.MB_VL,3,PLP.CRE,3,MB_CA.MB_ML,3,MB_CA.MB_PED,3
1348266843,pure_lateral,lat->lat,lat,lat,0,0,4,2282,8,1.0,18571,8.138,LO,3,2,2,"[LOP.LOL3, MEL3] -> LOL3 -> [LO.LOPL3, ME.LOPL3]",LOP.LO,3,ME,3,LO.LOP,3,ME.LOP,3
1348263303,pure_lateral,lat->lat,lat,lat,0,0,4,2282,5,1.0,18484,8.1,LO,3,2,2,"[MEL3, PVLP.LOL3] -> LOL3 -> [LO.LOPL3, ME.LOPL3]",ME,3,PVLP.LO,3,LO.LOP,3,ME.LOP,3
1348261960,pure_lateral,lat->lat,lat,lat,0,0,4,2282,1,1.0,18665,8.179,LO,3,2,2,"[LO.PLPL3, MEL3] -> LOL3 -> [LO.LOPL3, ME.LOPL3]",LO.PLP,3,ME,3,LO.LOP,3,ME.LOP,3
1279473888,pure_lateral,lat->lat,lat,lat,0,0,4,1,1,1.0,2732,2732.0,MB_ML.MB_CA,3,2,2,"[MB_CA.MB_MLL3, MB_CA.MB_PEDL3] -> MB_ML.MB_CAL3 -> [MB_CA.MB_VLL3, PLP.CREL3]",MB_CA.MB_ML,3,MB_CA.MB_PED,3,MB_CA.MB_VL,3,PLP.CRE,3
1279473888,pure_lateral,lat->lat,lat,lat,0,0,4,1,1,1.0,2732,2732.0,MB_ML.MB_CA,3,2,2,"[MB_CA.MB_PEDL3, MB_CA.MB_VLL3] -> MB_ML.MB_CAL3 -> [MB_CA.MB_MLL3, PLP.CREL3]",MB_CA.MB_PED,3,MB_CA.MB_VL,3,MB_CA.MB_ML,3,PLP.CRE,3
1271165616,pure_lateral,lat->lat,lat,lat,0,0,4,1,1,1.0,2732,2732.0,MB_ML.MB_CA,3,2,2,"[MB_CA.MB_MLL3, MB_CA.MB_VLL3] -> MB_ML.MB_CAL3 -> [MB_CA.MB_PEDL3, PLP.CREL3]",MB_CA.MB_ML,3,MB_CA.MB_VL,3,MB_CA.MB_PED,3,PLP.CRE,3
1217285970,pure_lateral,lat->lat,lat,lat,0,0,4,2282,4,1.0,19526,8.557,LO,3,2,2,"[MEL3, ME.LOPL3] -> LOL3 -> [LO.LOPL3, LOPL3]",ME,3,ME.LOP,3,LO.LOP,3,LOP,3
1217285640,pure_lateral,lat->lat,lat,lat,0,0,4,2282,1,1.0,18450,8.085,LO,3,2,2,"[MEL3, ME.LOPL3] -> LOL3 -> [FB.LOL3, LO.LOPL3]",ME,3,ME.LOP,3,FB.LO,3,LO.LOP,3
1097501996,pure_lateral,lat->lat,lat,lat,0,0,4,52,1,1.0,2787,53.596,MB_ML,3,2,2,"[MB_CA.CREL3, MB_CA.MB_MLL3] -> MB_MLL3 -> [MB_CA.MB_PEDL3, MB_CA.MB_VLL3]",MB_CA.CRE,3,MB_CA.MB_ML,3,MB_CA.MB_PED,3,MB_CA.MB_VL,3
1097501996,pure_lateral,lat->lat,lat,lat,0,0,4,52,1,1.0,2787,53.596,MB_ML,3,2,2,"[MB_CA.CREL3, MB_CA.MB_PEDL3] -> MB_MLL3 -> [MB_CA.MB_MLL3, MB_CA.MB_VLL3]",MB_CA.CRE,3,MB_CA.MB_PED,3,MB_CA.MB_ML,3,MB_CA.MB_VL,3
1097501996,pure_lateral,lat->lat,lat,lat,0,0,4,52,1,1.0,2787,53.596,MB_ML,3,2,2,"[MB_CA.CREL3, MB_CA.MB_VLL3] -> MB_MLL3 -> [MB_CA.MB_MLL3, MB_CA.MB_PEDL3]",MB_CA.CRE,3,MB_CA.MB_VL,3,MB_CA.MB_ML,3,MB_CA.MB_PED,3
1097501996,pure_lateral,lat->lat,lat,lat,0,0,4,52,1,1.0,2787,53.596,MB_ML,3,2,2,"[MB_CA.MB_MLL3, MB_CA.MB_PEDL3] -> MB_MLL3 -> [MB_CA.CREL3, MB_CA.MB_VLL3]",MB_CA.MB_ML,3,MB_CA.MB_PED,3,MB_CA.CRE,3,MB_CA.MB_VL,3
1097501996,pure_lateral,lat->lat,lat,lat,0,0,4,52,1,1.0,2787,53.596,MB_ML,3,2,2,"[MB_CA.MB_MLL3, MB_CA.MB_VLL3] -> MB_MLL3 -> [MB_CA.CREL3, MB_CA.MB_PEDL3]",MB_CA.MB_ML,3,MB_CA.MB_VL,3,MB_CA.CRE,3,MB_CA.MB_PED,3
1097501996,pure_lateral,lat->lat,lat,lat,0,0,4,52,1,1.0,2787,53.596,MB_ML,3,2,2,"[MB_CA.MB_PEDL3, MB_CA.MB_VLL3] -> MB_MLL3 -> [MB_CA.CREL3, MB_CA.MB_MLL3]",MB_CA.MB_PED,3,MB_CA.MB_VL,3,MB_CA.CRE,3,MB_CA.MB_ML,3
912919593,pure_lateral,lat->lat,lat,lat,0,0,4,2282,2,1.0,18797,8.237,LO,3,2,2,"[MEL3, ME.LOPL3] -> LOL3 -> [LO.LOPL3, LOP.PLPL3]",ME,3,ME.LOP,3,LO.LOP,3,LOP.PLP,3
661703173,pure_lateral,lat->lat,lat,lat,0,0,4,2282,5,1.0,19526,8.557,LO,3,2,2,"[LO.LOPL3, MEL3] -> LOL3 -> [LOPL3, ME.LOPL3]",LO.LOP,3,ME,3,LOP,3,ME.LOP,3
661703040,pure_lateral,lat->lat,lat,lat,0,0,4,2282,1,1.0,18450,8.085,LO,3,2,2,"[LO.LOPL3, MEL3] -> LOL3 -> [FB.LOL3, ME.LOPL3]",LO.LOP,3,ME,3,FB.LO,3,ME.LOP,3
614218680,pure_lateral,lat->lat,lat,lat,0,0,4,1,1,1.0,2581,2581.0,MB_ML.MB_CA,3,2,2,"[MB_CA.CREL3, PLP.CREL3] -> MB_ML.MB_CAL3 -> [MB_CA.MB_MLL3, MB_CA.MB_VLL3]",MB_CA.CRE,3,PLP.CRE,3,MB_CA.MB_ML,3,MB_CA.MB_VL,3
614218680,pure_lateral,lat->lat,lat,lat,0,0,4,1,1,1.0,2581,2581.0,MB_ML.MB_CA,3,2,2,"[MB_CA.MB_MLL3, PLP.CREL3] -> MB_ML.MB_CAL3 -> [MB_CA.CREL3, MB_CA.MB_VLL3]",MB_CA.MB_ML,3,PLP.CRE,3,MB_CA.CRE,3,MB_CA.MB_VL,3
614218680,pure_lateral,lat->lat,lat,lat,0,0,4,1,1,1.0,2581,2581.0,MB_ML.MB_CA,3,2,2,"[MB_CA.MB_VLL3, PLP.CREL3] -> MB_ML.MB_CAL3 -> [MB_CA.CREL3, MB_CA.MB_MLL3]",MB_CA.MB_VL,3,PLP.CRE,3,MB_CA.CRE,3,MB_CA.MB_ML,3
611722424,pure_lateral,lat->lat,lat,lat,0,0,4,52,1,1.0,2706,52.038,MB_ML,3,2,2,"[MB_CA.MB_MLL3, MB_CA.MB_PEDL3] -> MB_MLL3 -> [MB_CA.MB_VLL3, PLP.MB_MLL3]",MB_CA.MB_ML,3,MB_CA.MB_PED,3,MB_CA.MB_VL,3,PLP.MB_ML,3
611722424,pure_lateral,lat->lat,lat,lat,0,0,4,52,1,1.0,2706,52.038,MB_ML,3,2,2,"[MB_CA.MB_MLL3, MB_CA.MB_VLL3] -> MB_MLL3 -> [MB_CA.MB_PEDL3, PLP.MB_MLL3]",MB_CA.MB_ML,3,MB_CA.MB_VL,3,MB_CA.MB_PED,3,PLP.MB_ML,3
611722424,pure_lateral,lat->lat,lat,lat,0,0,4,52,1,1.0,2706,52.038,MB_ML,3,2,2,"[MB_CA.MB_MLL3, PLP.MB_MLL3] -> MB_MLL3 -> [MB_CA.MB_PEDL3, MB_CA.MB_VLL3]",MB_CA.MB_ML,3,PLP.MB_ML,3,MB_CA.MB_PED,3,MB_CA.MB_VL,3
611722424,pure_lateral,lat->lat,lat,lat,0,0,4,52,1,1.0,2706,52.038,MB_ML,3,2,2,"[MB_CA.MB_PEDL3, MB_CA.MB_VLL3] -> MB_MLL3 -> [MB_CA.MB_MLL3, PLP.MB_MLL3]",MB_CA.MB_PED,3,MB_CA.MB_VL,3,MB_CA.MB_ML,3,PLP.MB_ML,3
611722424,pure_lateral,lat->lat,lat,lat,0,0,4,52,1,1.0,2706,52.038,MB_ML,3,2,2,"[MB_CA.MB_PEDL3, PLP.MB_MLL3] -> MB_MLL3 -> [MB_CA.MB_MLL3, MB_CA.MB_VLL3]",MB_CA.MB_PED,3,PLP.MB_ML,3,MB_CA.MB_ML,3,MB_CA.MB_VL,3
611722424,pure_lateral,lat->lat,lat,lat,0,0,4,52,1,1.0,2706,52.038,MB_ML,3,2,2,"[MB_CA.MB_VLL3, PLP.MB_MLL3] -> MB_MLL3 -> [MB_CA.MB_MLL3, MB_CA.MB_PEDL3]",MB_CA.MB_VL,3,PLP.MB_ML,3,MB_CA.MB_ML,3,MB_CA.MB_PED,3
609273280,pure_lateral,lat->lat,lat,lat,0,0,4,1,1,1.0,2687,2687.0,MB_ML.MB_CA,3,2,2,"[MB_CA.MB_PEDL3, PLP.MB_PEDL3] -> MB_ML.MB_CAL3 -> [MB_CA.MB_MLL3, MB_CA.MB_VLL3]",MB_CA.MB_PED,3,PLP.MB_PED,3,MB_CA.MB_ML,3,MB_CA.MB_VL,3
605316960,pure_lateral,lat->lat,lat,lat,0,0,4,1,1,1.0,2687,2687.0,MB_ML.MB_CA,3,2,2,"[MB_CA.MB_MLL3, PLP.MB_PEDL3] -> MB_ML.MB_CAL3 -> [MB_CA.MB_PEDL3, MB_CA.MB_VLL3]",MB_CA.MB_ML,3,PLP.MB_PED,3,MB_CA.MB_PED,3,MB_CA.MB_VL,3
605316960,pure_lateral,lat->lat,lat,lat,0,0,4,1,1,1.0,2687,2687.0,MB_ML.MB_CA,3,2,2,"[MB_CA.MB_VLL3, PLP.MB_PEDL3] -> MB_ML.MB_CAL3 -> [MB_CA.MB_MLL3, MB_CA.MB_PEDL3]",MB_CA.MB_VL,3,PLP.MB_PED,3,MB_CA.MB_ML,3,MB_CA.MB_PED,3
578809616,pure_lateral,lat->lat,lat,lat,0,0,4,1,1,1.0,2687,2687.0,MB_ML.MB_CA,3,2,2,"[MB_CA.MB_MLL3, MB_CA.MB_PEDL3] -> MB_ML.MB_CAL3 -> [MB_CA.MB_VLL3, PLP.MB_PEDL3]",MB_CA.MB_ML,3,MB_CA.MB_PED,3,MB_CA.MB_VL,3,PLP.MB_PED,3
578809616,pure_lateral,lat->lat,lat,lat,0,0,4,1,1,1.0,2687,2687.0,MB_ML.MB_CA,3,2,2,"[MB_CA.MB_PEDL3, MB_CA.MB_VLL3] -> MB_ML.MB_CAL3 -> [MB_CA.MB_MLL3, PLP.MB_PEDL3]",MB_CA.MB_PED,3,MB_CA.MB_VL,3,MB_CA.MB_ML,3,PLP.MB_PED,3
575051112,pure_lateral,lat->lat,lat,lat,0,0,4,1,1,1.0,2687,2687.0,MB_ML.MB_CA,3,2,2,"[MB_CA.MB_MLL3, MB_CA.MB_VLL3] -> MB_ML.MB_CAL3 -> [MB_CA.MB_PEDL3, PLP.MB_PEDL3]",MB_CA.MB_ML,3,MB_CA.MB_VL,3,MB_CA.MB_PED,3,PLP.MB_PED,3
574273692,pure_lateral,lat->lat,lat,lat,0,0,4,2282,2,1.0,18797,8.237,LO,3,2,2,"[LO.LOPL3, MEL3] -> LOL3 -> [LOP.PLPL3, ME.LOPL3]",LO.LOP,3,ME,3,LOP.PLP,3,ME.LOP,3
573270768,pure_lateral,lat->lat,lat,lat,0,0,4,1,1,1.0,2581,2581.0,MB_ML.MB_CA,3,2,2,"[MB_CA.CREL3, MB_CA.MB_MLL3] -> MB_ML.MB_CAL3 -> [MB_CA.MB_VLL3, PLP.CREL3]",MB_CA.CRE,3,MB_CA.MB_ML,3,MB_CA.MB_VL,3,PLP.CRE,3
573270768,pure_lateral,lat->lat,lat,lat,0,0,4,1,1,1.0,2581,2581.0,MB_ML.MB_CA,3,2,2,"[MB_CA.CREL3, MB_CA.MB_VLL3] -> MB_ML.MB_CAL3 -> [MB_CA.MB_MLL3, PLP.CREL3]",MB_CA.CRE,3,MB_CA.MB_VL,3,MB_CA.MB_ML,3,PLP.CRE,3
573270768,pure_lateral,lat->lat,lat,lat,0,0,4,1,1,1.0,2581,2581.0,MB_ML.MB_CA,3,2,2,"[MB_CA.MB_MLL3, MB_CA.MB_VLL3] -> MB_ML.MB_CAL3 -> [MB_CA.CREL3, PLP.CREL3]",MB_CA.MB_ML,3,MB_CA.MB_VL,3,MB_CA.CRE,3,PLP.CRE,3
456954960,pure_lateral,lat->lat,lat,lat,0,0,4,1,1,1.0,2706,2706.0,MB_ML.MB_CA,3,2,2,"[MB_CA.MB_MLL3, MB_CA.MB_PEDL3] -> MB_ML.MB_CAL3 -> [MB_CA.MB_VLL3, PLP.MB_MLL3]",MB_CA.MB_ML,3,MB_CA.MB_PED,3,MB_CA.MB_VL,3,PLP.MB_ML,3
456954960,pure_lateral,lat->lat,lat,lat,0,0,4,1,1,1.0,2706,2706.0,MB_ML.MB_CA,3,2,2,"[MB_CA.MB_PEDL3, MB_CA.MB_VLL3] -> MB_ML.MB_CAL3 -> [MB_CA.MB_MLL3, PLP.MB_MLL3]",MB_CA.MB_PED,3,MB_CA.MB_VL,3,MB_CA.MB_ML,3,PLP.MB_ML,3
456954960,pure_lateral,lat->lat,lat,lat,0,0,4,1,1,1.0,2709,2709.0,MB_ML.MB_CA,3,2,2,"[MB_CA.MB_PEDL3, MB_MLL3] -> MB_ML.MB_CAL3 -> [MB_CA.MB_MLL3, MB_CA.MB_VLL3]",MB_CA.MB_PED,3,MB_ML,3,MB_CA.MB_ML,3,MB_CA.MB_VL,3
456954960,pure_lateral,lat->lat,lat,lat,0,0,4,1,1,1.0,2706,2706.0,MB_ML.MB_CA,3,2,2,"[MB_CA.MB_PEDL3, PLP.MB_MLL3] -> MB_ML.MB_CAL3 -> [MB_CA.MB_MLL3, MB_CA.MB_VLL3]",MB_CA.MB_PED,3,PLP.MB_ML,3,MB_CA.MB_ML,3,MB_CA.MB_VL,3
453987720,pure_lateral,lat->lat,lat,lat,0,0,4,1,1,1.0,2706,2706.0,MB_ML.MB_CA,3,2,2,"[MB_CA.MB_MLL3, MB_CA.MB_VLL3] -> MB_ML.MB_CAL3 -> [MB_CA.MB_PEDL3, PLP.MB_MLL3]",MB_CA.MB_ML,3,MB_CA.MB_VL,3,MB_CA.MB_PED,3,PLP.MB_ML,3
453987720,pure_lateral,lat->lat,lat,lat,0,0,4,1,1,1.0,2709,2709.0,MB_ML.MB_CA,3,2,2,"[MB_CA.MB_MLL3, MB_MLL3] -> MB_ML.MB_CAL3 -> [MB_CA.MB_PEDL3, MB_CA.MB_VLL3]",MB_CA.MB_ML,3,MB_ML,3,MB_CA.MB_PED,3,MB_CA.MB_VL,3
453987720,pure_lateral,lat->lat,lat,lat,0,0,4,1,1,1.0,2706,2706.0,MB_ML.MB_CA,3,2,2,"[MB_CA.MB_MLL3, PLP.MB_MLL3] -> MB_ML.MB_CAL3 -> [MB_CA.MB_PEDL3, MB_CA.MB_VLL3]",MB_CA.MB_ML,3,PLP.MB_ML,3,MB_CA.MB_PED,3,MB_CA.MB_VL,3
453987720,pure_lateral,lat->lat,lat,lat,0,0,4,1,1,1.0,2709,2709.0,MB_ML.MB_CA,3,2,2,"[MB_CA.MB_VLL3, MB_MLL3] -> MB_ML.MB_CAL3 -> [MB_CA.MB_MLL3, MB_CA.MB_PEDL3]",MB_CA.MB_VL,3,MB_ML,3,MB_CA.MB_ML,3,MB_CA.MB_PED,3
453987720,pure_lateral,lat->lat,lat,lat,0,0,4,1,1,1.0,2706,2706.0,MB_ML.MB_CA,3,2,2,"[MB_CA.MB_VLL3, PLP.MB_MLL3] -> MB_ML.MB_CAL3 -> [MB_CA.MB_MLL3, MB_CA.MB_PEDL3]",MB_CA.MB_VL,3,PLP.MB_ML,3,MB_CA.MB_ML,3,MB_CA.MB_PED,3
365563968,pure_lateral,lat->lat,lat,lat,0,0,4,1,1,1.0,2709,2709.0,MB_ML.MB_CA,3,2,2,"[MB_CA.MB_MLL3, MB_CA.MB_PEDL3] -> MB_ML.MB_CAL3 -> [MB_CA.MB_VLL3, MB_MLL3]",MB_CA.MB_ML,3,MB_CA.MB_PED,3,MB_CA.MB_VL,3,MB_ML,3
365563968,pure_lateral,lat->lat,lat,lat,0,0,4,1,1,1.0,2709,2709.0,MB_ML.MB_CA,3,2,2,"[MB_CA.MB_PEDL3, MB_CA.MB_VLL3] -> MB_ML.MB_CAL3 -> [MB_CA.MB_MLL3, MB_MLL3]",MB_CA.MB_PED,3,MB_CA.MB_VL,3,MB_CA.MB_ML,3,MB_ML,3
363190176,pure_lateral,lat->lat,lat,lat,0,0,4,1,1,1.0,2709,2709.0,MB_ML.MB_CA,3,2,2,"[MB_CA.MB_MLL3, MB_CA.MB_VLL3] -> MB_ML.MB_CAL3 -> [MB_CA.MB_PEDL3, MB_MLL3]",MB_CA.MB_ML,3,MB_CA.MB_VL,3,MB_CA.MB_PED,3,MB_ML,3
359836720,pure_lateral,lat->lat,lat,lat,0,0,4,52,1,1.0,2732,52.538,MB_ML,3,2,2,"[MB_CA.MB_MLL3, MB_CA.MB_PEDL3] -> MB_MLL3 -> [MB_CA.MB_VLL3, PLP.CREL3]",MB_CA.MB_ML,3,MB_CA.MB_PED,3,MB_CA.MB_VL,3,PLP.CRE,3
359836720,pure_lateral,lat->lat,lat,lat,0,0,4,52,1,1.0,2679,51.519,MB_ML,3,2,2,"[MB_CA.MB_MLL3, MB_CA.MB_PEDL3] -> MB_MLL3 -> [MB_CA.MB_VLL3, SCL.MB_MLL3]",MB_CA.MB_ML,3,MB_CA.MB_PED,3,MB_CA.MB_VL,3,SCL.MB_ML,3
359836720,pure_lateral,lat->lat,lat,lat,0,0,4,52,1,1.0,2732,52.538,MB_ML,3,2,2,"[MB_CA.MB_MLL3, MB_CA.MB_VLL3] -> MB_MLL3 -> [MB_CA.MB_PEDL3, PLP.CREL3]",MB_CA.MB_ML,3,MB_CA.MB_VL,3,MB_CA.MB_PED,3,PLP.CRE,3
359836720,pure_lateral,lat->lat,lat,lat,0,0,4,52,1,1.0,2679,51.519,MB_ML,3,2,2,"[MB_CA.MB_MLL3, MB_CA.MB_VLL3] -> MB_MLL3 -> [MB_CA.MB_PEDL3, SCL.MB_MLL3]",MB_CA.MB_ML,3,MB_CA.MB_VL,3,MB_CA.MB_PED,3,SCL.MB_ML,3
359836720,pure_lateral,lat->lat,lat,lat,0,0,4,52,1,1.0,2732,52.538,MB_ML,3,2,2,"[MB_CA.MB_MLL3, PLP.CREL3] -> MB_MLL3 -> [MB_CA.MB_PEDL3, MB_CA.MB_VLL3]",MB_CA.MB_ML,3,PLP.CRE,3,MB_CA.MB_PED,3,MB_CA.MB_VL,3
359836720,pure_lateral,lat->lat,lat,lat,0,0,4,52,1,1.0,2679,51.519,MB_ML,3,2,2,"[MB_CA.MB_MLL3, SCL.MB_MLL3] -> MB_MLL3 -> [MB_CA.MB_PEDL3, MB_CA.MB_VLL3]",MB_CA.MB_ML,3,SCL.MB_ML,3,MB_CA.MB_PED,3,MB_CA.MB_VL,3
359836720,pure_lateral,lat->lat,lat,lat,0,0,4,52,1,1.0,2732,52.538,MB_ML,3,2,2,"[MB_CA.MB_PEDL3, MB_CA.MB_VLL3] -> MB_MLL3 -> [MB_CA.MB_MLL3, PLP.CREL3]",MB_CA.MB_PED,3,MB_CA.MB_VL,3,MB_CA.MB_ML,3,PLP.CRE,3
359836720,pure_lateral,lat->lat,lat,lat,0,0,4,52,1,1.0,2679,51.519,MB_ML,3,2,2,"[MB_CA.MB_PEDL3, MB_CA.MB_VLL3] -> MB_MLL3 -> [MB_CA.MB_MLL3, SCL.MB_MLL3]",MB_CA.MB_PED,3,MB_CA.MB_VL,3,MB_CA.MB_ML,3,SCL.MB_ML,3
359836720,pure_lateral,lat->lat,lat,lat,0,0,4,52,1,1.0,2732,52.538,MB_ML,3,2,2,"[MB_CA.MB_PEDL3, PLP.CREL3] -> MB_MLL3 -> [MB_CA.MB_MLL3, MB_CA.MB_VLL3]",MB_CA.MB_PED,3,PLP.CRE,3,MB_CA.MB_ML,3,MB_CA.MB_VL,3
359836720,pure_lateral,lat->lat,lat,lat,0,0,4,52,1,1.0,2679,51.519,MB_ML,3,2,2,"[MB_CA.MB_PEDL3, SCL.MB_MLL3] -> MB_MLL3 -> [MB_CA.MB_MLL3, MB_CA.MB_VLL3]",MB_CA.MB_PED,3,SCL.MB_ML,3,MB_CA.MB_ML,3,MB_CA.MB_VL,3
359836720,pure_lateral,lat->lat,lat,lat,0,0,4,52,1,1.0,2732,52.538,MB_ML,3,2,2,"[MB_CA.MB_VLL3, PLP.CREL3] -> MB_MLL3 -> [MB_CA.MB_MLL3, MB_CA.MB_PEDL3]",MB_CA.MB_VL,3,PLP.CRE,3,MB_CA.MB_ML,3,MB_CA.MB_PED,3
359836720,pure_lateral,lat->lat,lat,lat,0,0,4,52,1,1.0,2679,51.519,MB_ML,3,2,2,"[MB_CA.MB_VLL3, SCL.MB_MLL3] -> MB_MLL3 -> [MB_CA.MB_MLL3, MB_CA.MB_PEDL3]",MB_CA.MB_VL,3,SCL.MB_ML,3,MB_CA.MB_ML,3,MB_CA.MB_PED,3
348738952,pure_lateral,lat->lat,lat,lat,0,0,4,52,1,1.0,2416,46.462,MB_ML,3,2,2,"[MB_CA.CREL3, MB_CA.MB_MLL3] -> MB_MLL3 -> [MB_CA.MB_PEDL3, PLP.MB_MLL3]",MB_CA.CRE,3,MB_CA.MB_ML,3,MB_CA.MB_PED,3,PLP.MB_ML,3
348738952,pure_lateral,lat->lat,lat,lat,0,0,4,52,1,1.0,2416,46.462,MB_ML,3,2,2,"[MB_CA.CREL3, MB_CA.MB_PEDL3] -> MB_MLL3 -> [MB_CA.MB_MLL3, PLP.MB_MLL3]",MB_CA.CRE,3,MB_CA.MB_PED,3,MB_CA.MB_ML,3,PLP.MB_ML,3
348738952,pure_lateral,lat->lat,lat,lat,0,0,4,52,1,1.0,2416,46.462,MB_ML,3,2,2,"[MB_CA.CREL3, PLP.MB_MLL3] -> MB_MLL3 -> [MB_CA.MB_MLL3, MB_CA.MB_PEDL3]",MB_CA.CRE,3,PLP.MB_ML,3,MB_CA.MB_ML,3,MB_CA.MB_PED,3
348738952,pure_lateral,lat->lat,lat,lat,0,0,4,52,1,1.0,2416,46.462,MB_ML,3,2,2,"[MB_CA.MB_MLL3, MB_CA.MB_PEDL3] -> MB_MLL3 -> [MB_CA.CREL3, PLP.MB_MLL3]",MB_CA.MB_ML,3,MB_CA.MB_PED,3,MB_CA.CRE,3,PLP.MB_ML,3
348738952,pure_lateral,lat->lat,lat,lat,0,0,4,52,1,1.0,2416,46.462,MB_ML,3,2,2,"[MB_CA.MB_MLL3, PLP.MB_MLL3] -> MB_MLL3 -> [MB_CA.CREL3, MB_CA.MB_PEDL3]",MB_CA.MB_ML,3,PLP.MB_ML,3,MB_CA.CRE,3,MB_CA.MB_PED,3
348738952,pure_lateral,lat->lat,lat,lat,0,0,4,52,1,1.0,2416,46.462,MB_ML,3,2,2,"[MB_CA.MB_PEDL3, PLP.MB_MLL3] -> MB_MLL3 -> [MB_CA.CREL3, MB_CA.MB_MLL3]",MB_CA.MB_PED,3,PLP.MB_ML,3,MB_CA.CRE,3,MB_CA.MB_ML,3
314815974,pure_lateral,lat->lat,lat,lat,0,0,4,2282,8,1.0,16726,7.33,LO,3,2,2,"[LOP.LOL3, ME.LOL3] -> LOL3 -> [LO.LOPL3, ME.LOPL3]",LOP.LO,3,ME.LO,3,LO.LOP,3,ME.LOP,3
314799707,pure_lateral,lat->lat,lat,lat,0,0,4,2282,5,1.0,16639,7.291,LO,3,2,2,"[ME.LOL3, PVLP.LOL3] -> LOL3 -> [LO.LOPL3, ME.LOPL3]",ME.LO,3,PVLP.LO,3,LO.LOP,3,ME.LOP,3
314792440,pure_lateral,lat->lat,lat,lat,0,0,4,2282,1,1.0,16820,7.371,LO,3,2,2,"[LO.PLPL3, ME.LOL3] -> LOL3 -> [LO.LOPL3, ME.LOPL3]",LO.PLP,3,ME.LO,3,LO.LOP,3,ME.LOP,3
302203440,pure_lateral,lat->lat,lat,lat,0,0,4,1,1,1.0,2442,2442.0,MB_ML.MB_CA,3,2,2,"[MB_CA.MB_PEDL3, PLP.CREL3] -> MB_ML.MB_CAL3 -> [MB_CA.CREL3, MB_CA.MB_MLL3]",MB_CA.MB_PED,3,PLP.CRE,3,MB_CA.CRE,3,MB_CA.MB_ML,3
300241080,pure_lateral,lat->lat,lat,lat,0,0,4,1,1,1.0,2442,2442.0,MB_ML.MB_CA,3,2,2,"[MB_CA.CREL3, PLP.CREL3] -> MB_ML.MB_CAL3 -> [MB_CA.MB_MLL3, MB_CA.MB_PEDL3]",MB_CA.CRE,3,PLP.CRE,3,MB_CA.MB_ML,3,MB_CA.MB_PED,3
300241080,pure_lateral,lat->lat,lat,lat,0,0,4,1,1,1.0,2442,2442.0,MB_ML.MB_CA,3,2,2,"[MB_CA.MB_MLL3, PLP.CREL3] -> MB_ML.MB_CAL3 -> [MB_CA.CREL3, MB_CA.MB_PEDL3]",MB_CA.MB_ML,3,PLP.CRE,3,MB_CA.CRE,3,MB_CA.MB_PED,3
293819432,pure_lateral,lat->lat,lat,lat,0,0,4,52,1,1.0,2555,49.135,MB_ML,3,2,2,"[MB_CA.CREL3, MB_CA.MB_MLL3] -> MB_MLL3 -> [MB_CA.MB_VLL3, PLP.MB_MLL3]",MB_CA.CRE,3,MB_CA.MB_ML,3,MB_CA.MB_VL,3,PLP.MB_ML,3
293819432,pure_lateral,lat->lat,lat,lat,0,0,4,52,1,1.0,2555,49.135,MB_ML,3,2,2,"[MB_CA.CREL3, MB_CA.MB_VLL3] -> MB_MLL3 -> [MB_CA.MB_MLL3, PLP.MB_MLL3]",MB_CA.CRE,3,MB_CA.MB_VL,3,MB_CA.MB_ML,3,PLP.MB_ML,3
293819432,pure_lateral,lat->lat,lat,lat,0,0,4,52,1,1.0,2555,49.135,MB_ML,3,2,2,"[MB_CA.CREL3, PLP.MB_MLL3] -> MB_MLL3 -> [MB_CA.MB_MLL3, MB_CA.MB_VLL3]",MB_CA.CRE,3,PLP.MB_ML,3,MB_CA.MB_ML,3,MB_CA.MB_VL,3
293819432,pure_lateral,lat->lat,lat,lat,0,0,4,52,1,1.0,2555,49.135,MB_ML,3,2,2,"[MB_CA.MB_MLL3, MB_CA.MB_VLL3] -> MB_MLL3 -> [MB_CA.CREL3, PLP.MB_MLL3]",MB_CA.MB_ML,3,MB_CA.MB_VL,3,MB_CA.CRE,3,PLP.MB_ML,3
293819432,pure_lateral,lat->lat,lat,lat,0,0,4,52,1,1.0,2555,49.135,MB_ML,3,2,2,"[MB_CA.MB_MLL3, PLP.MB_MLL3] -> MB_MLL3 -> [MB_CA.CREL3, MB_CA.MB_VLL3]",MB_CA.MB_ML,3,PLP.MB_ML,3,MB_CA.CRE,3,MB_CA.MB_VL,3
293819432,pure_lateral,lat->lat,lat,lat,0,0,4,52,1,1.0,2555,49.135,MB_ML,3,2,2,"[MB_CA.MB_VLL3, PLP.MB_MLL3] -> MB_MLL3 -> [MB_CA.CREL3, MB_CA.MB_MLL3]",MB_CA.MB_VL,3,PLP.MB_ML,3,MB_CA.CRE,3,MB_CA.MB_ML,3
282056544,pure_lateral,lat->lat,lat,lat,0,0,4,1,1,1.0,2442,2442.0,MB_ML.MB_CA,3,2,2,"[MB_CA.CREL3, MB_CA.MB_PEDL3] -> MB_ML.MB_CAL3 -> [MB_CA.MB_MLL3, PLP.CREL3]",MB_CA.CRE,3,MB_CA.MB_PED,3,MB_CA.MB_ML,3,PLP.CRE,3
282056544,pure_lateral,lat->lat,lat,lat,0,0,4,1,1,1.0,2442,2442.0,MB_ML.MB_CA,3,2,2,"[MB_CA.MB_MLL3, MB_CA.MB_PEDL3] -> MB_ML.MB_CAL3 -> [MB_CA.CREL3, PLP.CREL3]",MB_CA.MB_ML,3,MB_CA.MB_PED,3,MB_CA.CRE,3,PLP.CRE,3
280225008,pure_lateral,lat->lat,lat,lat,0,0,4,1,1,1.0,2442,2442.0,MB_ML.MB_CA,3,2,2,"[MB_CA.CREL3, MB_CA.MB_MLL3] -> MB_ML.MB_CAL3 -> [MB_CA.MB_PEDL3, PLP.CREL3]",MB_CA.CRE,3,MB_CA.MB_ML,3,MB_CA.MB_PED,3,PLP.CRE,3
274172976,pure_lateral,lat->lat,lat,lat,0,0,4,1,1,1.0,2681,2681.0,MB_ML.MB_CA,3,2,2,"[MB_CAL3, MB_CA.MB_PEDL3] -> MB_ML.MB_CAL3 -> [MB_CA.MB_MLL3, MB_CA.MB_VLL3]",MB_CA,3,MB_CA.MB_PED,3,MB_CA.MB_ML,3,MB_CA.MB_VL,3
274172976,pure_lateral,lat->lat,lat,lat,0,0,4,1,1,1.0,2681,2681.0,MB_ML.MB_CA,3,2,2,"[MB_CA.MB_MLL3, MB_CA.MB_PEDL3] -> MB_ML.MB_CAL3 -> [MB_CAL3, MB_CA.MB_VLL3]",MB_CA.MB_ML,3,MB_CA.MB_PED,3,MB_CA,3,MB_CA.MB_VL,3
274172976,pure_lateral,lat->lat,lat,lat,0,0,4,1,1,1.0,2681,2681.0,MB_ML.MB_CA,3,2,2,"[MB_CA.MB_PEDL3, MB_CA.MB_VLL3] -> MB_ML.MB_CAL3 -> [MB_CAL3, MB_CA.MB_MLL3]",MB_CA.MB_PED,3,MB_CA.MB_VL,3,MB_CA,3,MB_CA.MB_ML,3
272986080,pure_lateral,lat->lat,lat,lat,0,0,4,1,1,1.0,2536,2536.0,MB_ML.MB_CA,3,2,2,"[MB_CA.CREL3, PLP.MB_PEDL3] -> MB_ML.MB_CAL3 -> [MB_CA.MB_MLL3, MB_CA.MB_VLL3]",MB_CA.CRE,3,PLP.MB_PED,3,MB_CA.MB_ML,3,MB_CA.MB_VL,3
272986080,pure_lateral,lat->lat,lat,lat,0,0,4,1,1,1.0,2536,2536.0,MB_ML.MB_CA,3,2,2,"[MB_CA.MB_MLL3, PLP.MB_PEDL3] -> MB_ML.MB_CAL3 -> [MB_CA.CREL3, MB_CA.MB_VLL3]",MB_CA.MB_ML,3,PLP.MB_PED,3,MB_CA.CRE,3,MB_CA.MB_VL,3
272986080,pure_lateral,lat->lat,lat,lat,0,0,4,1,1,1.0,2536,2536.0,MB_ML.MB_CA,3,2,2,"[MB_CA.MB_VLL3, PLP.MB_PEDL3] -> MB_ML.MB_CAL3 -> [MB_CA.CREL3, MB_CA.MB_MLL3]",MB_CA.MB_VL,3,PLP.MB_PED,3,MB_CA.CRE,3,MB_CA.MB_ML,3
272392632,pure_lateral,lat->lat,lat,lat,0,0,4,1,1,1.0,2681,2681.0,MB_ML.MB_CA,3,2,2,"[MB_CAL3, MB_CA.MB_MLL3] -> MB_ML.MB_CAL3 -> [MB_CA.MB_PEDL3, MB_CA.MB_VLL3]",MB_CA,3,MB_CA.MB_ML,3,MB_CA.MB_PED,3,MB_CA.MB_VL,3
272392632,pure_lateral,lat->lat,lat,lat,0,0,4,1,1,1.0,2681,2681.0,MB_ML.MB_CA,3,2,2,"[MB_CAL3, MB_CA.MB_VLL3] -> MB_ML.MB_CAL3 -> [MB_CA.MB_MLL3, MB_CA.MB_PEDL3]",MB_CA,3,MB_CA.MB_VL,3,MB_CA.MB_ML,3,MB_CA.MB_PED,3
272392632,pure_lateral,lat->lat,lat,lat,0,0,4,1,1,1.0,2681,2681.0,MB_ML.MB_CA,3,2,2,"[MB_CA.MB_MLL3, MB_CA.MB_VLL3] -> MB_ML.MB_CAL3 -> [MB_CAL3, MB_CA.MB_PEDL3]",MB_CA.MB_ML,3,MB_CA.MB_VL,3,MB_CA,3,MB_CA.MB_PED,3
259336776,pure_lateral,lat->lat,lat,lat,0,0,4,1,1,1.0,2536,2536.0,MB_ML.MB_CA,3,2,2,"[MB_CA.CREL3, MB_CA.MB_MLL3] -> MB_ML.MB_CAL3 -> [MB_CA.MB_VLL3, PLP.MB_PEDL3]",MB_CA.CRE,3,MB_CA.MB_ML,3,MB_CA.MB_VL,3,PLP.MB_PED,3
259336776,pure_lateral,lat->lat,lat,lat,0,0,4,1,1,1.0,2536,2536.0,MB_ML.MB_CA,3,2,2,"[MB_CA.CREL3, MB_CA.MB_VLL3] -> MB_ML.MB_CAL3 -> [MB_CA.MB_MLL3, PLP.MB_PEDL3]",MB_CA.CRE,3,MB_CA.MB_VL,3,MB_CA.MB_ML,3,PLP.MB_PED,3
259336776,pure_lateral,lat->lat,lat,lat,0,0,4,1,1,1.0,2536,2536.0,MB_ML.MB_CA,3,2,2,"[MB_CA.MB_MLL3, MB_CA.MB_VLL3] -> MB_ML.MB_CAL3 -> [MB_CA.CREL3, PLP.MB_PEDL3]",MB_CA.MB_ML,3,MB_CA.MB_VL,3,MB_CA.CRE,3,PLP.MB_PED,3
257388459,pure_lateral,lat->lat,lat,lat,0,0,4,2282,8,1.0,18571,8.138,LO,3,2,2,"[LOP.LOL3, ME.LOPL3] -> LOL3 -> [LO.LOPL3, MEL3]",LOP.LO,3,ME.LOP,3,LO.LOP,3,ME,3
257387335,pure_lateral,lat->lat,lat,lat,0,0,4,2282,3,1.0,18484,8.1,LO,3,2,2,"[ME.LOPL3, PVLP.LOL3] -> LOL3 -> [LO.LOPL3, MEL3]",ME.LOP,3,PVLP.LO,3,LO.LOP,3,ME,3
257387008,pure_lateral,lat->lat,lat,lat,0,0,4,2282,1,1.0,18665,8.179,LO,3,2,2,"[LO.PLPL3, ME.LOPL3] -> LOL3 -> [LO.LOPL3, MEL3]",LO.PLP,3,ME.LOP,3,LO.LOP,3,ME,3
245867904,pure_lateral,lat->lat,lat,lat,0,0,4,35,1,1.0,11905,340.143,PVLP.LO,3,2,2,"[LO.PVLPL3, PVLPL3] -> PVLP.LOL3 -> [LOL3, ME.LOL3]",LO.PVLP,3,PVLP,3,LO,3,ME.LO,3
213148821,pure_lateral,lat->lat,lat,lat,0,0,4,2282,3,1.0,16952,7.429,LO,3,2,2,"[ME.LOL3, ME.LOPL3] -> LOL3 -> [LO.LOPL3, LOP.PLPL3]",ME.LO,3,ME.LOP,3,LO.LOP,3,LOP.PLP,3
207117890,pure_lateral,lat->lat,lat,lat,0,0,4,2282,8,1.0,16726,7.33,LO,3,2,2,"[LOP.LOL3, ME.LOPL3] -> LOL3 -> [LO.LOPL3, ME.LOL3]",LOP.LO,3,ME.LOP,3,LO.LOP,3,ME.LO,3
207116480,pure_lateral,lat->lat,lat,lat,0,0,4,2282,3,1.0,16639,7.291,LO,3,2,2,"[ME.LOPL3, PVLP.LOL3] -> LOL3 -> [LO.LOPL3, ME.LOL3]",ME.LOP,3,PVLP.LO,3,LO.LOP,3,ME.LO,3
207116108,pure_lateral,lat->lat,lat,lat,0,0,4,2282,1,1.0,16820,7.371,LO,3,2,2,"[LO.PLPL3, ME.LOPL3] -> LOL3 -> [LO.LOPL3, ME.LOL3]",LO.PLP,3,ME.LOP,3,LO.LOP,3,ME.LO,3
205140560,pure_lateral,lat->lat,lat,lat,0,0,4,52,1,1.0,2442,46.962,MB_ML,3,2,2,"[MB_CA.CREL3, MB_CA.MB_MLL3] -> MB_MLL3 -> [MB_CA.MB_PEDL3, PLP.CREL3]",MB_CA.CRE,3,MB_CA.MB_ML,3,MB_CA.MB_PED,3,PLP.CRE,3
205140560,pure_lateral,lat->lat,lat,lat,0,0,4,52,1,1.0,2389,45.942,MB_ML,3,2,2,"[MB_CA.CREL3, MB_CA.MB_MLL3] -> MB_MLL3 -> [MB_CA.MB_PEDL3, SCL.MB_MLL3]",MB_CA.CRE,3,MB_CA.MB_ML,3,MB_CA.MB_PED,3,SCL.MB_ML,3
205140560,pure_lateral,lat->lat,lat,lat,0,0,4,52,1,1.0,2442,46.962,MB_ML,3,2,2,"[MB_CA.CREL3, MB_CA.MB_PEDL3] -> MB_MLL3 -> [MB_CA.MB_MLL3, PLP.CREL3]",MB_CA.CRE,3,MB_CA.MB_PED,3,MB_CA.MB_ML,3,PLP.CRE,3
205140560,pure_lateral,lat->lat,lat,lat,0,0,4,52,1,1.0,2389,45.942,MB_ML,3,2,2,"[MB_CA.CREL3, MB_CA.MB_PEDL3] -> MB_MLL3 -> [MB_CA.MB_MLL3, SCL.MB_MLL3]",MB_CA.CRE,3,MB_CA.MB_PED,3,MB_CA.MB_ML,3,SCL.MB_ML,3
205140560,pure_lateral,lat->lat,lat,lat,0,0,4,52,1,1.0,2442,46.962,MB_ML,3,2,2,"[MB_CA.CREL3, PLP.CREL3] -> MB_MLL3 -> [MB_CA.MB_MLL3, MB_CA.MB_PEDL3]",MB_CA.CRE,3,PLP.CRE,3,MB_CA.MB_ML,3,MB_CA.MB_PED,3
205140560,pure_lateral,lat->lat,lat,lat,0,0,4,52,1,1.0,2389,45.942,MB_ML,3,2,2,"[MB_CA.CREL3, SCL.MB_MLL3] -> MB_MLL3 -> [MB_CA.MB_MLL3, MB_CA.MB_PEDL3]",MB_CA.CRE,3,SCL.MB_ML,3,MB_CA.MB_ML,3,MB_CA.MB_PED,3
205140560,pure_lateral,lat->lat,lat,lat,0,0,4,52,1,1.0,2442,46.962,MB_ML,3,2,2,"[MB_CA.MB_MLL3, MB_CA.MB_PEDL3] -> MB_MLL3 -> [MB_CA.CREL3, PLP.CREL3]",MB_CA.MB_ML,3,MB_CA.MB_PED,3,MB_CA.CRE,3,PLP.CRE,3
205140560,pure_lateral,lat->lat,lat,lat,0,0,4,52,1,1.0,2389,45.942,MB_ML,3,2,2,"[MB_CA.MB_MLL3, MB_CA.MB_PEDL3] -> MB_MLL3 -> [MB_CA.CREL3, SCL.MB_MLL3]",MB_CA.MB_ML,3,MB_CA.MB_PED,3,MB_CA.CRE,3,SCL.MB_ML,3
205140560,pure_lateral,lat->lat,lat,lat,0,0,4,52,1,1.0,2442,46.962,MB_ML,3,2,2,"[MB_CA.MB_MLL3, PLP.CREL3] -> MB_MLL3 -> [MB_CA.CREL3, MB_CA.MB_PEDL3]",MB_CA.MB_ML,3,PLP.CRE,3,MB_CA.CRE,3,MB_CA.MB_PED,3
205140560,pure_lateral,lat->lat,lat,lat,0,0,4,52,1,1.0,2389,45.942,MB_ML,3,2,2,"[MB_CA.MB_MLL3, SCL.MB_MLL3] -> MB_MLL3 -> [MB_CA.CREL3, MB_CA.MB_PEDL3]",MB_CA.MB_ML,3,SCL.MB_ML,3,MB_CA.CRE,3,MB_CA.MB_PED,3
205140560,pure_lateral,lat->lat,lat,lat,0,0,4,52,1,1.0,2442,46.962,MB_ML,3,2,2,"[MB_CA.MB_PEDL3, PLP.CREL3] -> MB_MLL3 -> [MB_CA.CREL3, MB_CA.MB_MLL3]",MB_CA.MB_PED,3,PLP.CRE,3,MB_CA.CRE,3,MB_CA.MB_ML,3
205140560,pure_lateral,lat->lat,lat,lat,0,0,4,52,1,1.0,2389,45.942,MB_ML,3,2,2,"[MB_CA.MB_PEDL3, SCL.MB_MLL3] -> MB_MLL3 -> [MB_CA.CREL3, MB_CA.MB_MLL3]",MB_CA.MB_PED,3,SCL.MB_ML,3,MB_CA.CRE,3,MB_CA.MB_ML,3
204739560,pure_lateral,lat->lat,lat,lat,0,0,4,1,1,1.0,2555,2555.0,MB_ML.MB_CA,3,2,2,"[MB_CA.CREL3, MB_CA.MB_MLL3] -> MB_ML.MB_CAL3 -> [MB_CA.MB_VLL3, PLP.MB_MLL3]",MB_CA.CRE,3,MB_CA.MB_ML,3,MB_CA.MB_VL,3,PLP.MB_ML,3
204739560,pure_lateral,lat->lat,lat,lat,0,0,4,1,1,1.0,2555,2555.0,MB_ML.MB_CA,3,2,2,"[MB_CA.CREL3, MB_CA.MB_VLL3] -> MB_ML.MB_CAL3 -> [MB_CA.MB_MLL3, PLP.MB_MLL3]",MB_CA.CRE,3,MB_CA.MB_VL,3,MB_CA.MB_ML,3,PLP.MB_ML,3
204739560,pure_lateral,lat->lat,lat,lat,0,0,4,1,1,1.0,2558,2558.0,MB_ML.MB_CA,3,2,2,"[MB_CA.CREL3, MB_MLL3] -> MB_ML.MB_CAL3 -> [MB_CA.MB_MLL3, MB_CA.MB_VLL3]",MB_CA.CRE,3,MB_ML,3,MB_CA.MB_ML,3,MB_CA.MB_VL,3
204739560,pure_lateral,lat->lat,lat,lat,0,0,4,1,1,1.0,2555,2555.0,MB_ML.MB_CA,3,2,2,"[MB_CA.CREL3, PLP.MB_MLL3] -> MB_ML.MB_CAL3 -> [MB_CA.MB_MLL3, MB_CA.MB_VLL3]",MB_CA.CRE,3,PLP.MB_ML,3,MB_CA.MB_ML,3,MB_CA.MB_VL,3
204739560,pure_lateral,lat->lat,lat,lat,0,0,4,1,1,1.0,2555,2555.0,MB_ML.MB_CA,3,2,2,"[MB_CA.MB_MLL3, MB_CA.MB_VLL3] -> MB_ML.MB_CAL3 -> [MB_CA.CREL3, PLP.MB_MLL3]",MB_CA.MB_ML,3,MB_CA.MB_VL,3,MB_CA.CRE,3,PLP.MB_ML,3
204739560,pure_lateral,lat->lat,lat,lat,0,0,4,1,1,1.0,2558,2558.0,MB_ML.MB_CA,3,2,2,"[MB_CA.MB_MLL3, MB_MLL3] -> MB_ML.MB_CAL3 -> [MB_CA.CREL3, MB_CA.MB_VLL3]",MB_CA.MB_ML,3,MB_ML,3,MB_CA.CRE,3,MB_CA.MB_VL,3
204739560,pure_lateral,lat->lat,lat,lat,0,0,4,1,1,1.0,2555,2555.0,MB_ML.MB_CA,3,2,2,"[MB_CA.MB_MLL3, PLP.MB_MLL3] -> MB_ML.MB_CAL3 -> [MB_CA.CREL3, MB_CA.MB_VLL3]",MB_CA.MB_ML,3,PLP.MB_ML,3,MB_CA.CRE,3,MB_CA.MB_VL,3
204739560,pure_lateral,lat->lat,lat,lat,0,0,4,1,1,1.0,2558,2558.0,MB_ML.MB_CA,3,2,2,"[MB_CA.MB_VLL3, MB_MLL3] -> MB_ML.MB_CAL3 -> [MB_CA.CREL3, MB_CA.MB_MLL3]",MB_CA.MB_VL,3,MB_ML,3,MB_CA.CRE,3,MB_CA.MB_ML,3
204739560,pure_lateral,lat->lat,lat,lat,0,0,4,1,1,1.0,2555,2555.0,MB_ML.MB_CA,3,2,2,"[MB_CA.MB_VLL3, PLP.MB_MLL3] -> MB_ML.MB_CAL3 -> [MB_CA.CREL3, MB_CA.MB_MLL3]",MB_CA.MB_VL,3,PLP.MB_ML,3,MB_CA.CRE,3,MB_CA.MB_ML,3
197910196,pure_lateral,lat->lat,lat,lat,0,0,4,52,1,1.0,2681,51.558,MB_ML,3,2,2,"[MB_CAL3, MB_CA.MB_MLL3] -> MB_MLL3 -> [MB_CA.MB_PEDL3, MB_CA.MB_VLL3]",MB_CA,3,MB_CA.MB_ML,3,MB_CA.MB_PED,3,MB_CA.MB_VL,3
197910196,pure_lateral,lat->lat,lat,lat,0,0,4,52,1,1.0,2681,51.558,MB_ML,3,2,2,"[MB_CAL3, MB_CA.MB_PEDL3] -> MB_MLL3 -> [MB_CA.MB_MLL3, MB_CA.MB_VLL3]",MB_CA,3,MB_CA.MB_PED,3,MB_CA.MB_ML,3,MB_CA.MB_VL,3
197910196,pure_lateral,lat->lat,lat,lat,0,0,4,52,1,1.0,2681,51.558,MB_ML,3,2,2,"[MB_CAL3, MB_CA.MB_VLL3] -> MB_MLL3 -> [MB_CA.MB_MLL3, MB_CA.MB_PEDL3]",MB_CA,3,MB_CA.MB_VL,3,MB_CA.MB_ML,3,MB_CA.MB_PED,3
197910196,pure_lateral,lat->lat,lat,lat,0,0,4,52,1,1.0,2681,51.558,MB_ML,3,2,2,"[MB_CA.MB_MLL3, MB_CA.MB_PEDL3] -> MB_MLL3 -> [MB_CAL3, MB_CA.MB_VLL3]",MB_CA.MB_ML,3,MB_CA.MB_PED,3,MB_CA,3,MB_CA.MB_VL,3
197910196,pure_lateral,lat->lat,lat,lat,0,0,4,52,1,1.0,2676,51.462,MB_ML,3,2,2,"[MB_CA.MB_MLL3, MB_CA.MB_PEDL3] -> MB_MLL3 -> [MB_CA.MB_VLL3, SLP.MB_MLL3]",MB_CA.MB_ML,3,MB_CA.MB_PED,3,MB_CA.MB_VL,3,SLP.MB_ML,3
197910196,pure_lateral,lat->lat,lat,lat,0,0,4,52,1,1.0,2681,51.558,MB_ML,3,2,2,"[MB_CA.MB_MLL3, MB_CA.MB_VLL3] -> MB_MLL3 -> [MB_CAL3, MB_CA.MB_PEDL3]",MB_CA.MB_ML,3,MB_CA.MB_VL,3,MB_CA,3,MB_CA.MB_PED,3
197910196,pure_lateral,lat->lat,lat,lat,0,0,4,52,1,1.0,2676,51.462,MB_ML,3,2,2,"[MB_CA.MB_MLL3, MB_CA.MB_VLL3] -> MB_MLL3 -> [MB_CA.MB_PEDL3, SLP.MB_MLL3]",MB_CA.MB_ML,3,MB_CA.MB_VL,3,MB_CA.MB_PED,3,SLP.MB_ML,3
197910196,pure_lateral,lat->lat,lat,lat,0,0,4,52,1,1.0,2676,51.462,MB_ML,3,2,2,"[MB_CA.MB_MLL3, SLP.MB_MLL3] -> MB_MLL3 -> [MB_CA.MB_PEDL3, MB_CA.MB_VLL3]",MB_CA.MB_ML,3,SLP.MB_ML,3,MB_CA.MB_PED,3,MB_CA.MB_VL,3
197910196,pure_lateral,lat->lat,lat,lat,0,0,4,52,1,1.0,2681,51.558,MB_ML,3,2,2,"[MB_CA.MB_PEDL3, MB_CA.MB_VLL3] -> MB_MLL3 -> [MB_CAL3, MB_CA.MB_MLL3]",MB_CA.MB_PED,3,MB_CA.MB_VL,3,MB_CA,3,MB_CA.MB_ML,3
197910196,pure_lateral,lat->lat,lat,lat,0,0,4,52,1,1.0,2676,51.462,MB_ML,3,2,2,"[MB_CA.MB_PEDL3, MB_CA.MB_VLL3] -> MB_MLL3 -> [MB_CA.MB_MLL3, SLP.MB_MLL3]",MB_CA.MB_PED,3,MB_CA.MB_VL,3,MB_CA.MB_ML,3,SLP.MB_ML,3
197910196,pure_lateral,lat->lat,lat,lat,0,0,4,52,1,1.0,2676,51.462,MB_ML,3,2,2,"[MB_CA.MB_PEDL3, SLP.MB_MLL3] -> MB_MLL3 -> [MB_CA.MB_MLL3, MB_CA.MB_VLL3]",MB_CA.MB_PED,3,SLP.MB_ML,3,MB_CA.MB_ML,3,MB_CA.MB_VL,3
197910196,pure_lateral,lat->lat,lat,lat,0,0,4,52,1,1.0,2676,51.462,MB_ML,3,2,2,"[MB_CA.MB_VLL3, SLP.MB_MLL3] -> MB_MLL3 -> [MB_CA.MB_MLL3, MB_CA.MB_PEDL3]",MB_CA.MB_VL,3,SLP.MB_ML,3,MB_CA.MB_ML,3,MB_CA.MB_PED,3
182781984,pure_lateral,lat->lat,lat,lat,0,0,4,1,1,1.0,2676,2676.0,MB_ML.MB_CA,3,2,2,"[MB_CA.MB_MLL3, MB_CA.MB_PEDL3] -> MB_ML.MB_CAL3 -> [MB_CA.MB_VLL3, SLP.MB_MLL3]",MB_CA.MB_ML,3,MB_CA.MB_PED,3,MB_CA.MB_VL,3,SLP.MB_ML,3
182781984,pure_lateral,lat->lat,lat,lat,0,0,4,1,1,1.0,2676,2676.0,MB_ML.MB_CA,3,2,2,"[MB_CA.MB_PEDL3, MB_CA.MB_VLL3] -> MB_ML.MB_CAL3 -> [MB_CA.MB_MLL3, SLP.MB_MLL3]",MB_CA.MB_PED,3,MB_CA.MB_VL,3,MB_CA.MB_ML,3,SLP.MB_ML,3
182781984,pure_lateral,lat->lat,lat,lat,0,0,4,1,1,1.0,2664,2664.0,MB_ML.MB_CA,3,2,2,"[MB_CA.MB_PEDL3, MB_PEDL3] -> MB_ML.MB_CAL3 -> [MB_CA.MB_MLL3, MB_CA.MB_VLL3]",MB_CA.MB_PED,3,MB_PED,3,MB_CA.MB_ML,3,MB_CA.MB_VL,3
182781984,pure_lateral,lat->lat,lat,lat,0,0,4,1,1,1.0,2670,2670.0,MB_ML.MB_CA,3,2,2,"[MB_CA.MB_PEDL3, MB_PED.MB_MLL3] -> MB_ML.MB_CAL3 -> [MB_CA.MB_MLL3, MB_CA.MB_VLL3]",MB_CA.MB_PED,3,MB_PED.MB_ML,3,MB_CA.MB_ML,3,MB_CA.MB_VL,3
182781984,pure_lateral,lat->lat,lat,lat,0,0,4,1,1,1.0,2676,2676.0,MB_ML.MB_CA,3,2,2,"[MB_CA.MB_PEDL3, SLP.MB_MLL3] -> MB_ML.MB_CAL3 -> [MB_CA.MB_MLL3, MB_CA.MB_VLL3]",MB_CA.MB_PED,3,SLP.MB_ML,3,MB_CA.MB_ML,3,MB_CA.MB_VL,3
181595088,pure_lateral,lat->lat,lat,lat,0,0,4,1,1,1.0,2676,2676.0,MB_ML.MB_CA,3,2,2,"[MB_CA.MB_MLL3, MB_CA.MB_VLL3] -> MB_ML.MB_CAL3 -> [MB_CA.MB_PEDL3, SLP.MB_MLL3]",MB_CA.MB_ML,3,MB_CA.MB_VL,3,MB_CA.MB_PED,3,SLP.MB_ML,3
181595088,pure_lateral,lat->lat,lat,lat,0,0,4,1,1,1.0,2664,2664.0,MB_ML.MB_CA,3,2,2,"[MB_CA.MB_MLL3, MB_PEDL3] -> MB_ML.MB_CAL3 -> [MB_CA.MB_PEDL3, MB_CA.MB_VLL3]",MB_CA.MB_ML,3,MB_PED,3,MB_CA.MB_PED,3,MB_CA.MB_VL,3
181595088,pure_lateral,lat->lat,lat,lat,0,0,4,1,1,1.0,2670,2670.0,MB_ML.MB_CA,3,2,2,"[MB_CA.MB_MLL3, MB_PED.MB_MLL3] -> MB_ML.MB_CAL3 -> [MB_CA.MB_PEDL3, MB_CA.MB_VLL3]",MB_CA.MB_ML,3,MB_PED.MB_ML,3,MB_CA.MB_PED,3,MB_CA.MB_VL,3
181595088,pure_lateral,lat->lat,lat,lat,0,0,4,1,1,1.0,2676,2676.0,MB_ML.MB_CA,3,2,2,"[MB_CA.MB_MLL3, SLP.MB_MLL3] -> MB_ML.MB_CAL3 -> [MB_CA.MB_PEDL3, MB_CA.MB_VLL3]",MB_CA.MB_ML,3,SLP.MB_ML,3,MB_CA.MB_PED,3,MB_CA.MB_VL,3
181595088,pure_lateral,lat->lat,lat,lat,0,0,4,1,1,1.0,2664,2664.0,MB_ML.MB_CA,3,2,2,"[MB_CA.MB_VLL3, MB_PEDL3] -> MB_ML.MB_CAL3 -> [MB_CA.MB_MLL3, MB_CA.MB_PEDL3]",MB_CA.MB_VL,3,MB_PED,3,MB_CA.MB_ML,3,MB_CA.MB_PED,3
181595088,pure_lateral,lat->lat,lat,lat,0,0,4,1,1,1.0,2670,2670.0,MB_ML.MB_CA,3,2,2,"[MB_CA.MB_VLL3, MB_PED.MB_MLL3] -> MB_ML.MB_CAL3 -> [MB_CA.MB_MLL3, MB_CA.MB_PEDL3]",MB_CA.MB_VL,3,MB_PED.MB_ML,3,MB_CA.MB_ML,3,MB_CA.MB_PED,3
181595088,pure_lateral,lat->lat,lat,lat,0,0,4,1,1,1.0,2676,2676.0,MB_ML.MB_CA,3,2,2,"[MB_CA.MB_VLL3, SLP.MB_MLL3] -> MB_ML.MB_CAL3 -> [MB_CA.MB_MLL3, MB_CA.MB_PEDL3]",MB_CA.MB_VL,3,SLP.MB_ML,3,MB_CA.MB_ML,3,MB_CA.MB_PED,3
179918360,pure_lateral,lat->lat,lat,lat,0,0,4,52,1,1.0,2687,51.673,MB_ML,3,2,2,"[MB_CA.MB_MLL3, MB_CA.MB_PEDL3] -> MB_MLL3 -> [MB_CA.MB_VLL3, PLP.MB_PEDL3]",MB_CA.MB_ML,3,MB_CA.MB_PED,3,MB_CA.MB_VL,3,PLP.MB_PED,3
179918360,pure_lateral,lat->lat,lat,lat,0,0,4,52,1,1.0,2687,51.673,MB_ML,3,2,2,"[MB_CA.MB_MLL3, MB_CA.MB_VLL3] -> MB_MLL3 -> [MB_CA.MB_PEDL3, PLP.MB_PEDL3]",MB_CA.MB_ML,3,MB_CA.MB_VL,3,MB_CA.MB_PED,3,PLP.MB_PED,3
179918360,pure_lateral,lat->lat,lat,lat,0,0,4,52,1,1.0,2687,51.673,MB_ML,3,2,2,"[MB_CA.MB_MLL3, PLP.MB_PEDL3] -> MB_MLL3 -> [MB_CA.MB_PEDL3, MB_CA.MB_VLL3]",MB_CA.MB_ML,3,PLP.MB_PED,3,MB_CA.MB_PED,3,MB_CA.MB_VL,3
179918360,pure_lateral,lat->lat,lat,lat,0,0,4,52,1,1.0,2687,51.673,MB_ML,3,2,2,"[MB_CA.MB_PEDL3, MB_CA.MB_VLL3] -> MB_MLL3 -> [MB_CA.MB_MLL3, PLP.MB_PEDL3]",MB_CA.MB_PED,3,MB_CA.MB_VL,3,MB_CA.MB_ML,3,PLP.MB_PED,3
179918360,pure_lateral,lat->lat,lat,lat,0,0,4,52,1,1.0,2687,51.673,MB_ML,3,2,2,"[MB_CA.MB_PEDL3, PLP.MB_PEDL3] -> MB_MLL3 -> [MB_CA.MB_MLL3, MB_CA.MB_VLL3]",MB_CA.MB_PED,3,PLP.MB_PED,3,MB_CA.MB_ML,3,MB_CA.MB_VL,3
179918360,pure_lateral,lat->lat,lat,lat,0,0,4,52,1,1.0,2687,51.673,MB_ML,3,2,2,"[MB_CA.MB_VLL3, PLP.MB_PEDL3] -> MB_MLL3 -> [MB_CA.MB_MLL3, MB_CA.MB_PEDL3]",MB_CA.MB_VL,3,PLP.MB_PED,3,MB_CA.MB_ML,3,MB_CA.MB_PED,3
178034400,pure_lateral,lat->lat,lat,lat,0,0,4,1,1,1.0,2481,2481.0,MB_ML.MB_CA,3,2,2,"[PLP.CREL3, PLP.MB_PEDL3] -> MB_ML.MB_CAL3 -> [MB_CA.MB_MLL3, MB_CA.MB_VLL3]",PLP.CRE,3,PLP.MB_PED,3,MB_CA.MB_ML,3,MB_CA.MB_VL,3
172834960,pure_lateral,lat->lat,lat,lat,0,0,4,52,1,1.0,2581,49.635,MB_ML,3,2,2,"[MB_CA.CREL3, MB_CA.MB_MLL3] -> MB_MLL3 -> [MB_CA.MB_VLL3, PLP.CREL3]",MB_CA.CRE,3,MB_CA.MB_ML,3,MB_CA.MB_VL,3,PLP.CRE,3
172834960,pure_lateral,lat->lat,lat,lat,0,0,4,52,1,1.0,2528,48.615,MB_ML,3,2,2,"[MB_CA.CREL3, MB_CA.MB_MLL3] -> MB_MLL3 -> [MB_CA.MB_VLL3, SCL.MB_MLL3]",MB_CA.CRE,3,MB_CA.MB_ML,3,MB_CA.MB_VL,3,SCL.MB_ML,3
172834960,pure_lateral,lat->lat,lat,lat,0,0,4,52,1,1.0,2581,49.635,MB_ML,3,2,2,"[MB_CA.CREL3, MB_CA.MB_VLL3] -> MB_MLL3 -> [MB_CA.MB_MLL3, PLP.CREL3]",MB_CA.CRE,3,MB_CA.MB_VL,3,MB_CA.MB_ML,3,PLP.CRE,3
172834960,pure_lateral,lat->lat,lat,lat,0,0,4,52,1,1.0,2528,48.615,MB_ML,3,2,2,"[MB_CA.CREL3, MB_CA.MB_VLL3] -> MB_MLL3 -> [MB_CA.MB_MLL3, SCL.MB_MLL3]",MB_CA.CRE,3,MB_CA.MB_VL,3,MB_CA.MB_ML,3,SCL.MB_ML,3
172834960,pure_lateral,lat->lat,lat,lat,0,0,4,52,1,1.0,2581,49.635,MB_ML,3,2,2,"[MB_CA.CREL3, PLP.CREL3] -> MB_MLL3 -> [MB_CA.MB_MLL3, MB_CA.MB_VLL3]",MB_CA.CRE,3,PLP.CRE,3,MB_CA.MB_ML,3,MB_CA.MB_VL,3
172834960,pure_lateral,lat->lat,lat,lat,0,0,4,52,1,1.0,2528,48.615,MB_ML,3,2,2,"[MB_CA.CREL3, SCL.MB_MLL3] -> MB_MLL3 -> [MB_CA.MB_MLL3, MB_CA.MB_VLL3]",MB_CA.CRE,3,SCL.MB_ML,3,MB_CA.MB_ML,3,MB_CA.MB_VL,3
172834960,pure_lateral,lat->lat,lat,lat,0,0,4,52,1,1.0,2581,49.635,MB_ML,3,2,2,"[MB_CA.MB_MLL3, MB_CA.MB_VLL3] -> MB_MLL3 -> [MB_CA.CREL3, PLP.CREL3]",MB_CA.MB_ML,3,MB_CA.MB_VL,3,MB_CA.CRE,3,PLP.CRE,3
172834960,pure_lateral,lat->lat,lat,lat,0,0,4,52,1,1.0,2528,48.615,MB_ML,3,2,2,"[MB_CA.MB_MLL3, MB_CA.MB_VLL3] -> MB_MLL3 -> [MB_CA.CREL3, SCL.MB_MLL3]",MB_CA.MB_ML,3,MB_CA.MB_VL,3,MB_CA.CRE,3,SCL.MB_ML,3
172834960,pure_lateral,lat->lat,lat,lat,0,0,4,52,1,1.0,2581,49.635,MB_ML,3,2,2,"[MB_CA.MB_MLL3, PLP.CREL3] -> MB_MLL3 -> [MB_CA.CREL3, MB_CA.MB_VLL3]",MB_CA.MB_ML,3,PLP.CRE,3,MB_CA.CRE,3,MB_CA.MB_VL,3
172834960,pure_lateral,lat->lat,lat,lat,0,0,4,52,1,1.0,2528,48.615,MB_ML,3,2,2,"[MB_CA.MB_MLL3, SCL.MB_MLL3] -> MB_MLL3 -> [MB_CA.CREL3, MB_CA.MB_VLL3]",MB_CA.MB_ML,3,SCL.MB_ML,3,MB_CA.CRE,3,MB_CA.MB_VL,3
172834960,pure_lateral,lat->lat,lat,lat,0,0,4,52,1,1.0,2581,49.635,MB_ML,3,2,2,"[MB_CA.MB_VLL3, PLP.CREL3] -> MB_MLL3 -> [MB_CA.CREL3, MB_CA.MB_MLL3]",MB_CA.MB_VL,3,PLP.CRE,3,MB_CA.CRE,3,MB_CA.MB_ML,3
172834960,pure_lateral,lat->lat,lat,lat,0,0,4,52,1,1.0,2528,48.615,MB_ML,3,2,2,"[MB_CA.MB_VLL3, SCL.MB_MLL3] -> MB_MLL3 -> [MB_CA.CREL3, MB_CA.MB_MLL3]",MB_CA.MB_VL,3,SCL.MB_ML,3,MB_CA.CRE,3,MB_CA.MB_ML,3
169132680,pure_lateral,lat->lat,lat,lat,0,0,4,1,1,1.0,2481,2481.0,MB_ML.MB_CA,3,2,2,"[MB_CA.MB_MLL3, PLP.CREL3] -> MB_ML.MB_CAL3 -> [MB_CA.MB_VLL3, PLP.MB_PEDL3]",MB_CA.MB_ML,3,PLP.CRE,3,MB_CA.MB_VL,3,PLP.MB_PED,3
169132680,pure_lateral,lat->lat,lat,lat,0,0,4,1,1,1.0,2481,2481.0,MB_ML.MB_CA,3,2,2,"[MB_CA.MB_VLL3, PLP.CREL3] -> MB_ML.MB_CAL3 -> [MB_CA.MB_MLL3, PLP.MB_PEDL3]",MB_CA.MB_VL,3,PLP.CRE,3,MB_CA.MB_ML,3,PLP.MB_PED,3
166165440,pure_lateral,lat->lat,lat,lat,0,0,4,1,1,1.0,2481,2481.0,MB_ML.MB_CA,3,2,2,"[MB_CA.MB_MLL3, PLP.MB_PEDL3] -> MB_ML.MB_CAL3 -> [MB_CA.MB_VLL3, PLP.CREL3]",MB_CA.MB_ML,3,PLP.MB_PED,3,MB_CA.MB_VL,3,PLP.CRE,3
166165440,pure_lateral,lat->lat,lat,lat,0,0,4,1,1,1.0,2481,2481.0,MB_ML.MB_CA,3,2,2,"[MB_CA.MB_VLL3, PLP.MB_PEDL3] -> MB_ML.MB_CAL3 -> [MB_CA.MB_MLL3, PLP.CREL3]",MB_CA.MB_VL,3,PLP.MB_PED,3,MB_CA.MB_ML,3,PLP.CRE,3
163791648,pure_lateral,lat->lat,lat,lat,0,0,4,1,1,1.0,2558,2558.0,MB_ML.MB_CA,3,2,2,"[MB_CA.CREL3, MB_CA.MB_MLL3] -> MB_ML.MB_CAL3 -> [MB_CA.MB_VLL3, MB_MLL3]",MB_CA.CRE,3,MB_CA.MB_ML,3,MB_CA.MB_VL,3,MB_ML,3
163791648,pure_lateral,lat->lat,lat,lat,0,0,4,1,1,1.0,2558,2558.0,MB_ML.MB_CA,3,2,2,"[MB_CA.CREL3, MB_CA.MB_VLL3] -> MB_ML.MB_CAL3 -> [MB_CA.MB_MLL3, MB_MLL3]",MB_CA.CRE,3,MB_CA.MB_VL,3,MB_CA.MB_ML,3,MB_ML,3
163791648,pure_lateral,lat->lat,lat,lat,0,0,4,1,1,1.0,2558,2558.0,MB_ML.MB_CA,3,2,2,"[MB_CA.MB_MLL3, MB_CA.MB_VLL3] -> MB_ML.MB_CAL3 -> [MB_CA.CREL3, MB_MLL3]",MB_CA.MB_ML,3,MB_CA.MB_VL,3,MB_CA.CRE,3,MB_ML,3
161910176,pure_lateral,lat->lat,lat,lat,0,0,4,2282,4,1.0,18571,8.138,LO,3,2,2,"[LO.LOPL3, LOP.LOL3] -> LOL3 -> [MEL3, ME.LOPL3]",LO.LOP,3,LOP.LO,3,ME,3,ME.LOP,3
161909760,pure_lateral,lat->lat,lat,lat,0,0,4,2282,1,1.0,18665,8.179,LO,3,2,2,"[LO.LOPL3, LO.PLPL3] -> LOL3 -> [MEL3, ME.LOPL3]",LO.LOP,3,LO.PLP,3,ME,3,ME.LOP,3
161909760,pure_lateral,lat->lat,lat,lat,0,0,4,2282,1,1.0,18484,8.1,LO,3,2,2,"[LO.LOPL3, PVLP.LOL3] -> LOL3 -> [MEL3, ME.LOPL3]",LO.LOP,3,PVLP.LO,3,ME,3,ME.LOP,3
157857168,pure_lateral,lat->lat,lat,lat,0,0,4,1,1,1.0,2481,2481.0,MB_ML.MB_CA,3,2,2,"[MB_CA.MB_MLL3, MB_CA.MB_VLL3] -> MB_ML.MB_CAL3 -> [PLP.CREL3, PLP.MB_PEDL3]",MB_CA.MB_ML,3,MB_CA.MB_VL,3,PLP.CRE,3,PLP.MB_PED,3
154140967,pure_lateral,lat->lat,lat,lat,0,0,4,2282,8,1.0,16759,7.344,LO,3,2,2,"[LO.MEL3, ME.LOL3] -> LOL3 -> [LO.LOPL3, ME.LOPL3]",LO.ME,3,ME.LO,3,LO.LOP,3,ME.LOP,3
152318320,pure_lateral,lat->lat,lat,lat,0,0,4,1,1,1.0,2664,2664.0,MB_ML.MB_CA,3,2,2,"[MB_CA.MB_MLL3, MB_CA.MB_PEDL3] -> MB_ML.MB_CAL3 -> [MB_CA.MB_VLL3, MB_PEDL3]",MB_CA.MB_ML,3,MB_CA.MB_PED,3,MB_CA.MB_VL,3,MB_PED,3
152318320,pure_lateral,lat->lat,lat,lat,0,0,4,1,1,1.0,2664,2664.0,MB_ML.MB_CA,3,2,2,"[MB_CA.MB_PEDL3, MB_CA.MB_VLL3] -> MB_ML.MB_CAL3 -> [MB_CA.MB_MLL3, MB_PEDL3]",MB_CA.MB_PED,3,MB_CA.MB_VL,3,MB_CA.MB_ML,3,MB_PED,3
151329240,pure_lateral,lat->lat,lat,lat,0,0,4,1,1,1.0,2664,2664.0,MB_ML.MB_CA,3,2,2,"[MB_CA.MB_MLL3, MB_CA.MB_VLL3] -> MB_ML.MB_CAL3 -> [MB_CA.MB_PEDL3, MB_PEDL3]",MB_CA.MB_ML,3,MB_CA.MB_VL,3,MB_CA.MB_PED,3,MB_PED,3
149667210,pure_lateral,lat->lat,lat,lat,0,0,4,1,1,1.0,906,906.0,MB_ML.MB_CA,3,2,2,"[MB_CA.MB_PEDL3, PLP.CREL3] -> MB_ML.MB_CAL3 -> [MB_CA.CREL3, MB_CA.MB_VLL3]",MB_CA.MB_PED,3,PLP.CRE,3,MB_CA.CRE,3,MB_CA.MB_VL,3
148695345,pure_lateral,lat->lat,lat,lat,0,0,4,1,1,1.0,906,906.0,MB_ML.MB_CA,3,2,2,"[MB_CA.CREL3, PLP.CREL3] -> MB_ML.MB_CAL3 -> [MB_CA.MB_PEDL3, MB_CA.MB_VLL3]",MB_CA.CRE,3,PLP.CRE,3,MB_CA.MB_PED,3,MB_CA.MB_VL,3
148695345,pure_lateral,lat->lat,lat,lat,0,0,4,1,1,1.0,906,906.0,MB_ML.MB_CA,3,2,2,"[MB_CA.MB_VLL3, PLP.CREL3] -> MB_ML.MB_CAL3 -> [MB_CA.CREL3, MB_CA.MB_PEDL3]",MB_CA.MB_VL,3,PLP.CRE,3,MB_CA.CRE,3,MB_CA.MB_PED,3
753355266311,mixed,mix->FB,mix,FB,1,2,1,2282,8,1.761,37405,16.391,LO,3,2,2,"[MEL2, ME.LOPL3] -> LOL3 -> [ME.LOL2, ME.LOPL2]",ME,2,ME.LOP,3,ME.LO,2,ME.LOP,2
595198006873,mixed,mix->FB,mix,FB,1,2,1,2282,6,1.653,37829,16.577,LO,3,2,2,"[LO.LOPL3, MEL2] -> LOL3 -> [ME.LOL2, ME.LOPL2]",LO.LOP,3,ME,2,ME.LO,2,ME.LOP,2
481861820250,mixed,mix->FB,mix,FB,1,2,1,2282,6,1.41,31543,13.823,LO,3,2,2,"[MEL2, ME.LOPL3] -> LOL3 -> [LO.LOPL2, ME.LOPL2]",ME,2,ME.LOP,3,LO.LOP,2,ME.LOP,2
449748192026,mixed,mix->FB,mix,FB,1,2,1,2282,6,1.275,13355,5.852,LO,3,2,2,"[ME.LOL2, ME.LOPL3] -> LOL3 -> [LO.LOPL2, ME.LOPL2]",ME.LO,2,ME.LOP,3,LO.LOP,2,ME.LOP,2
391679387075,mixed,mix->FB,mix,FB,1,2,1,2282,6,1.336,31967,14.008,LO,3,2,2,"[LO.LOPL3, MEL2] -> LOL3 -> [LO.LOPL2, ME.LOPL2]",LO.LOP,3,ME,2,LO.LOP,2,ME.LOP,2
369532091865,mixed,mix->FB,mix,FB,1,2,1,2282,6,1.223,13779,6.038,LO,3,2,2,"[LO.LOPL3, ME.LOL2] -> LOL3 -> [LO.LOPL2, ME.LOPL2]",LO.LOP,3,ME.LO,2,LO.LOP,2,ME.LOP,2
345569112843,mixed,mix->FB,mix,FB,1,2,1,2282,15,1.671,44456,19.481,LO,3,2,2,"[MEL2, MEL3] -> LOL3 -> [ME.LOL2, ME.LOPL2]",ME,2,ME,3,ME.LO,2,ME.LOP,2
321230075488,mixed,mix->FB,mix,FB,1,2,1,2282,6,1.613,35925,15.743,LO,3,2,2,"[MEL2, ME.LOPL3] -> LOL3 -> [LO.LOPL2, ME.LOL2]",ME,2,ME.LOP,3,LO.LOP,2,ME.LO,2
313827601068,mixed,mix->FB,mix,FB,1,2,1,2282,4,1.266,13355,5.852,LO,3,2,2,"[ME.LOPL2, ME.LOPL3] -> LOL3 -> [LO.LOPL2, ME.LOL2]",ME.LOP,2,ME.LOP,3,LO.LOP,2,ME.LO,2
258050065321,mixed,mix->FB,mix,FB,1,2,1,2282,5,1.216,13779,6.038,LO,3,2,2,"[LO.LOPL3, ME.LOPL2] -> LOL3 -> [LO.LOPL2, ME.LOL2]",LO.LOP,3,ME.LOP,2,LO.LOP,2,ME.LO,2
256995071275,mixed,mix->FB,mix,FB,1,2,1,2282,5,1.512,36349,15.929,LO,3,2,2,"[LO.LOPL3, MEL2] -> LOL3 -> [LO.LOPL2, ME.LOL2]",LO.LOP,3,ME,2,LO.LOP,2,ME.LO,2
226397894045,mixed,mix->FB,mix,FB,1,2,1,2282,9,1.347,38594,16.912,LO,3,2,2,"[MEL2, MEL3] -> LOL3 -> [LO.LOPL2, ME.LOPL2]",ME,2,ME,3,LO.LOP,2,ME.LOP,2
213242832677,mixed,mix->FB,mix,FB,1,2,1,2282,9,1.231,20406,8.942,LO,3,2,2,"[MEL3, ME.LOL2] -> LOL3 -> [LO.LOPL2, ME.LOPL2]",ME,3,ME.LO,2,LO.LOP,2,ME.LOP,2
166238117332,mixed,mix->FB,mix,FB,1,2,1,2282,3,1.162,13355,5.852,LO,3,2,2,"[LO.LOPL2, ME.LOPL3] -> LOL3 -> [ME.LOL2, ME.LOPL2]",LO.LOP,2,ME.LOP,3,ME.LO,2,ME.LOP,2
163502728234,mixed,mix->FB,mix,FB,1,2,1,2282,11,1.913,37405,16.391,LO,3,2,2,"[ME.LOL2, ME.LOPL3] -> LOL3 -> [MEL2, ME.LOPL2]",ME.LO,2,ME.LOP,3,ME,2,ME.LOP,2
156894306634,mixed,mix->FB,mix,FB,0,3,1,2282,2,1.915,13526,5.927,LO,3,2,2,"[LO.LOPL4, ME.LOPL3] -> LOL3 -> [ME.LOL2, ME.LOPL2]",LO.LOP,4,ME.LOP,3,ME.LO,2,ME.LOP,2
148915628004,mixed,mix->FB,mix,FB,1,2,1,2282,10,1.528,42976,18.833,LO,3,2,2,"[MEL2, MEL3] -> LOL3 -> [LO.LOPL2, ME.LOL2]",ME,2,ME,3,LO.LOP,2,ME.LO,2
148893485054,mixed,mix->FB,mix,FB,1,2,1,2282,7,1.223,20406,8.942,LO,3,2,2,"[MEL3, ME.LOPL2] -> LOL3 -> [LO.LOPL2, ME.LOL2]",ME,3,ME.LOP,2,LO.LOP,2,ME.LO,2
137881294465,mixed,mix->FB,mix,FB,1,2,1,2282,5,1.131,13779,6.038,LO,3,2,2,"[LO.LOPL2, LO.LOPL3] -> LOL3 -> [ME.LOL2, ME.LOPL2]",LO.LOP,2,LO.LOP,3,ME.LO,2,ME.LOP,2
127099036588,mixed,mix->FB,mix,FB,1,2,1,2282,8,1.821,37829,16.577,LO,3,2,2,"[LO.LOPL3, ME.LOL2] -> LOL3 -> [MEL2, ME.LOPL2]",LO.LOP,3,ME.LO,2,ME,2,ME.LOP,2
116510636658,mixed,mix->FB,mix,FB,0,3,1,2282,2,1.978,13950,6.113,LO,3,2,2,"[LO.LOPL3, LO.LOPL4] -> LOL3 -> [ME.LOL2, ME.LOPL2]",LO.LOP,3,LO.LOP,4,ME.LO,2,ME.LOP,2
113000378562,mixed,mix->FB,mix,FB,1,2,1,2282,6,1.899,37405,16.391,LO,3,2,2,"[ME.LOPL2, ME.LOPL3] -> LOL3 -> [MEL2, ME.LOL2]",ME.LOP,2,ME.LOP,3,ME,2,ME.LO,2
109069410437,mixed,mix->FB,mix,FB,1,3,0,2282,2,1.872,34703,15.207,LO,3,2,2,"[LO.LOPL4, MEL2] -> LOL3 -> [ME.LOL2, ME.LOPL2]",LO.LOP,4,ME,2,ME.LO,2,ME.LOP,2
87998588858,mixed,mix->FB,mix,FB,1,2,1,2282,6,1.804,37829,16.577,LO,3,2,2,"[LO.LOPL3, ME.LOPL2] -> LOL3 -> [MEL2, ME.LOL2]",LO.LOP,3,ME.LOP,2,ME,2,ME.LO,2
81652000534,mixed,mix->FB,mix,FB,0,3,1,2282,2,1.946,7664,3.358,LO,3,2,2,"[LO.LOPL4, ME.LOPL3] -> LOL3 -> [LO.LOPL2, ME.LOPL2]",LO.LOP,4,ME.LOP,3,LO.LOP,2,ME.LOP,2
79451712750,mixed,mix->FB,mix,FB,1,2,1,2282,5,1.136,20406,8.942,LO,3,2,2,"[LO.LOPL2, MEL3] -> LOL3 -> [ME.LOL2, ME.LOPL2]",LO.LOP,2,ME,3,ME.LO,2,ME.LOP,2
73984180245,mixed,mix->FB,mix,FB,1,2,1,2282,20,1.837,44456,19.481,LO,3,2,2,"[MEL3, ME.LOL2] -> LOL3 -> [MEL2, ME.LOPL2]",ME,3,ME.LO,2,ME,2,ME.LOP,2
71959852922,mixed,mix->FB,mix,FB,1,2,1,2282,10,1.9,31941,13.997,LO,3,2,2,"[MEL2, ME.LOPL3] -> LOL3 -> [LOL2, ME.LOPL2]",ME,2,ME.LOP,3,LO,2,ME.LOP,2
69065511788,mixed,mix->FB,mix,FB,1,2,1,2282,5,1.537,31543,13.823,LO,3,2,2,"[ME.LOPL2, ME.LOPL3] -> LOL3 -> [LO.LOPL2, MEL2]",ME.LOP,2,ME.LOP,3,LO.LOP,2,ME,2
68330025998,mixed,mix->FB,mix,FB,0,3,1,2282,2,1.97,20577,9.017,LO,3,2,2,"[LO.LOPL4, MEL3] -> LOL3 -> [ME.LOL2, ME.LOPL2]",LO.LOP,4,ME,3,ME.LO,2,ME.LOP,2
68194349622,mixed,mix->FB,mix,FB,1,2,1,2282,8,1.781,35925,15.743,LO,3,2,2,"[ME.LOL2, ME.LOPL3] -> LOL3 -> [LO.LOPL2, MEL2]",ME.LO,2,ME.LOP,3,LO.LOP,2,ME,2
63163304958,mixed,mix->FB,mix,FB,0,3,1,2282,2,1.864,8088,3.544,LO,3,2,2,"[LO.LOPL3, LO.LOPL4] -> LOL3 -> [LO.LOPL2, ME.LOPL2]",LO.LOP,3,LO.LOP,4,LO.LOP,2,ME.LOP,2
61443256046,mixed,mix->FB,mix,FB,0,3,1,2282,2,1.992,12046,5.279,LO,3,2,2,"[LO.LOPL4, ME.LOPL3] -> LOL3 -> [LO.LOPL2, ME.LOL2]",LO.LOP,4,ME.LOP,3,LO.LOP,2,ME.LO,2
60262904562,mixed,mix->FB,mix,FB,1,2,1,2282,8,1.997,13753,6.027,LO,3,2,2,"[LOL2, ME.LOPL3] -> LOL3 -> [ME.LOL2, ME.LOPL2]",LO,2,ME.LOP,3,ME.LO,2,ME.LOP,2
59265128726,mixed,mix->FB,mix,FB,1,2,1,2282,15,1.681,36323,15.917,LO,3,2,2,"[MEL2, ME.LOPL3] -> LOL3 -> [LOL2, ME.LOL2]",ME,2,ME.LOP,3,LO,2,ME.LO,2
56307782875,mixed,mix->FB,mix,FB,1,2,1,2282,10,1.999,13753,6.027,LO,3,2,2,"[ME.LOL2, ME.LOPL3] -> LOL3 -> [LOL2, ME.LOPL2]",ME.LO,2,ME.LOP,3,LO,2,ME.LOP,2
55628141387,mixed,mix->FB,mix,FB,1,3,0,2282,2,1.974,28841,12.638,LO,3,2,2,"[LO.LOPL4, MEL2] -> LOL3 -> [LO.LOPL2, ME.LOPL2]",LO.LOP,4,ME,2,LO.LOP,2,ME.LOP,2
55588777671,mixed,mix->FB,mix,FB,1,2,1,2282,6,1.444,31967,14.008,LO,3,2,2,"[LO.LOPL3, ME.LOPL2] -> LOL3 -> [LO.LOPL2, MEL2]",LO.LOP,3,ME.LOP,2,LO.LOP,2,ME,2
53778745369,mixed,mix->FB,mix,FB,1,2,1,2282,6,1.673,36349,15.929,LO,3,2,2,"[LO.LOPL3, ME.LOL2] -> LOL3 -> [LO.LOPL2, MEL2]",LO.LOP,3,ME.LO,2,LO.LOP,2,ME,2
53325642969,mixed,mix->FB,mix,FB,1,2,1,2282,5,1.969,32365,14.183,LO,3,2,2,"[LO.LOPL3, MEL2] -> LOL3 -> [LOL2, ME.LOPL2]",LO.LOP,3,ME,2,LO,2,ME.LOP,2
51494649284,mixed,mix->FB,mix,FB,0,3,1,2282,2,1.556,31714,13.897,LO,3,2,2,"[LO.LOPL4, ME.LOPL3] -> LOL3 -> [MEL2, ME.LOPL2]",LO.LOP,4,ME.LOP,3,ME,2,ME.LOP,2
51209123612,mixed,mix->FB,mix,FB,1,2,1,2282,13,1.82,44456,19.481,LO,3,2,2,"[MEL3, ME.LOPL2] -> LOL3 -> [MEL2, ME.LOL2]",ME,3,ME.LOP,2,ME,2,ME.LO,2
46827134159,mixed,mix->FB,mix,FB,1,3,0,2282,2,1.818,10653,4.668,LO,3,2,2,"[LO.LOPL4, ME.LOL2] -> LOL3 -> [LO.LOPL2, ME.LOPL2]",LO.LOP,4,ME.LO,2,LO.LOP,2,ME.LOP,2
46365731502,mixed,mix->FB,mix,FB,0,3,1,2282,2,1.996,12470,5.465,LO,3,2,2,"[LO.LOPL3, LO.LOPL4] -> LOL3 -> [LO.LOPL2, ME.LOL2]",LO.LOP,3,LO.LOP,4,LO.LOP,2,ME.LO,2
45988684922,mixed,mix->FB,mix,FB,1,2,1,2282,6,1.958,14177,6.213,LO,3,2,2,"[LOL2, LO.LOPL3] -> LOL3 -> [ME.LOL2, ME.LOPL2]",LO,2,LO.LOP,3,ME.LO,2,ME.LOP,2
45221463796,mixed,mix->FB,mix,FB,0,3,1,2282,2,1.367,36096,15.818,LO,3,2,2,"[LO.LOPL4, ME.LOPL3] -> LOL3 -> [MEL2, ME.LOL2]",LO.LOP,4,ME.LOP,3,ME,2,ME.LO,2
42917987736,mixed,mix->FB,mix,FB,1,2,1,2282,10,1.788,36747,16.103,LO,3,2,2,"[LO.LOPL3, MEL2] -> LOL3 -> [LOL2, ME.LOL2]",LO.LOP,3,ME,2,LO,2,ME.LO,2
42688252959,mixed,mix->FB,mix,FB,1,2,1,2282,5,1.985,14177,6.213,LO,3,2,2,"[LO.LOPL3, ME.LOL2] -> LOL3 -> [LOL2, ME.LOPL2]",LO.LOP,3,ME.LO,2,LO,2,ME.LOP,2
42382963303,mixed,mix->FB,mix,FB,1,3,0,2282,2,1.973,33223,14.559,LO,3,2,2,"[LO.LOPL4, MEL2] -> LOL3 -> [LO.LOPL2, ME.LOL2]",LO.LOP,4,ME,2,LO.LOP,2,ME.LO,2
38752693177,mixed,mix->FB,mix,FB,1,2,1,2282,7,2.0,13753,6.027,LO,3,2,2,"[ME.LOPL2, ME.LOPL3] -> LOL3 -> [LOL2, ME.LOL2]",ME.LOP,2,ME.LOP,3,LO,2,ME.LO,2
36873882708,mixed,mix->FB,mix,FB,0,3,1,2282,2,1.66,32138,14.083,LO,3,2,2,"[LO.LOPL3, LO.LOPL4] -> LOL3 -> [MEL2, ME.LOPL2]",LO.LOP,3,LO.LOP,4,ME,2,ME.LOP,2
36796135298,mixed,mix->FB,mix,FB,0,3,1,2282,2,1.879,14715,6.448,LO,3,2,2,"[LO.LOPL4, MEL3] -> LOL3 -> [LO.LOPL2, ME.LOPL2]",LO.LOP,4,ME,3,LO.LOP,2,ME.LOP,2
34970517680,mixed,mix->FB,mix,FB,1,2,1,2282,3,1.341,31543,13.823,LO,3,2,2,"[LO.LOPL2, ME.LOPL3] -> LOL3 -> [MEL2, ME.LOPL2]",LO.LOP,2,ME.LOP,3,ME,2,ME.LOP,2
34469556624,mixed,mix->FB,mix,FB,1,2,1,2282,6,1.725,7891,3.458,LO,3,2,2,"[LOL2, ME.LOPL3] -> LOL3 -> [LO.LOPL2, ME.LOPL2]",LO,2,ME.LOP,3,LO.LOP,2,ME.LOP,2
34083156339,mixed,mix->FB,mix,FB,1,2,1,2282,15,1.818,42611,18.673,LO,3,2,2,"[MEL2, ME.LOL3] -> LOL3 -> [ME.LOL2, ME.LOPL2]",ME,2,ME.LO,3,ME.LO,2,ME.LOP,2
32422835334,mixed,mix->FB,mix,FB,1,3,0,2282,2,1.801,10653,4.668,LO,3,2,2,"[LO.LOPL4, ME.LOPL2] -> LOL3 -> [LO.LOPL2, ME.LOL2]",LO.LOP,4,ME.LOP,2,LO.LOP,2,ME.LO,2
32180557088,mixed,mix->FB,mix,FB,1,2,1,2282,8,1.459,38594,16.912,LO,3,2,2,"[MEL3, ME.LOPL2] -> LOL3 -> [LO.LOPL2, MEL2]",ME,3,ME.LOP,2,LO.LOP,2,ME,2
31842093252,mixed,mix->FB,mix,FB,0,3,1,2282,2,1.448,36520,16.004,LO,3,2,2,"[LO.LOPL3, LO.LOPL4] -> LOL3 -> [MEL2, ME.LOL2]",LO.LOP,3,LO.LOP,4,ME,2,ME.LO,2
31284904345,mixed,mix->FB,mix,FB,1,2,1,2282,17,1.96,38992,17.087,LO,3,2,2,"[MEL2, MEL3] -> LOL3 -> [LOL2, ME.LOPL2]",ME,2,ME,3,LO,2,ME.LOP,2
31232790834,mixed,mix->FB,mix,FB,1,2,1,2282,13,1.691,42976,18.833,LO,3,2,2,"[MEL3, ME.LOL2] -> LOL3 -> [LO.LOPL2, MEL2]",ME,3,ME.LO,2,LO.LOP,2,ME,2
29436168659,mixed,mix->FB,mix,FB,1,2,1,2282,5,1.978,14177,6.213,LO,3,2,2,"[LO.LOPL3, ME.LOPL2] -> LOL3 -> [LOL2, ME.LOL2]",LO.LOP,3,ME.LOP,2,LO,2,ME.LO,2
28581803120,mixed,mix->FB,mix,FB,1,2,1,2282,5,1.278,31967,14.008,LO,3,2,2,"[LO.LOPL2, LO.LOPL3] -> LOL3 -> [MEL2, ME.LOPL2]",LO.LOP,2,LO.LOP,3,ME,2,ME.LOP,2
28098861256,mixed,mix->FB,mix,FB,1,2,1,2282,8,1.986,30461,13.348,LO,3,2,2,"[MEL2, ME.LOPL3] -> LOL3 -> [LOL2, LO.LOPL2]",ME,2,ME.LOP,3,LO,2,LO.LOP,2
27319429844,mixed,mix->FB,mix,FB,1,2,1,2282,6,1.618,8315,3.644,LO,3,2,2,"[LOL2, LO.LOPL3] -> LOL3 -> [LO.LOPL2, ME.LOPL2]",LO,2,LO.LOP,3,LO.LOP,2,ME.LOP,2
27119978962,mixed,mix->FB,mix,FB,0,3,1,2282,2,1.999,19097,8.369,LO,3,2,2,"[LO.LOPL4, MEL3] -> LOL3 -> [LO.LOPL2, ME.LOL2]",LO.LOP,4,ME,3,LO.LOP,2,ME.LO,2
26850006411,mixed,mix->FB,mix,FB,1,2,1,2282,15,1.967,20804,9.117,LO,3,2,2,"[LOL2, MEL3] -> LOL3 -> [ME.LOL2, ME.LOPL2]",LO,2,ME,3,ME.LO,2,ME.LOP,2
26347641034,mixed,mix->FB,mix,FB,1,3,0,2282,2,1.71,34703,15.207,LO,3,2,2,"[LO.LOPL4, ME.LOL2] -> LOL3 -> [MEL2, ME.LOPL2]",LO.LOP,4,ME.LO,2,ME,2,ME.LOP,2
25364355066,mixed,mix->FB,mix,FB,1,2,1,2282,233,1.783,43374,19.007,LO,3,2,2,"[MEL2, MEL3] -> LOL3 -> [LOL2, ME.LOL2]",ME,2,ME,3,LO,2,ME.LO,2
24949945138,mixed,mix->FB,mix,FB,1,2,1,2282,17,1.991,20804,9.117,LO,3,2,2,"[MEL3, ME.LOL2] -> LOL3 -> [LOL2, ME.LOPL2]",ME,3,ME.LO,2,LO,2,ME.LOP,2
24755770754,mixed,mix->FB,mix,FB,0,3,1,2282,2,1.74,12709,5.569,LO,3,2,2,"[ME.LOPL3, ME.LOPL4] -> LOL3 -> [ME.LOL2, ME.LOPL2]",ME.LOP,3,ME.LOP,4,ME.LO,2,ME.LOP,2
24506841652,mixed,mix->FB,mix,FB,1,2,1,2282,6,1.932,12273,5.378,LO,3,2,2,"[LOL2, ME.LOPL3] -> LOL3 -> [LO.LOPL2, ME.LOL2]",LO,2,ME.LOP,3,LO.LOP,2,ME.LO,2
22971520096,mixed,mix->FB,mix,FB,1,2,1,2282,3,1.519,35925,15.743,LO,3,2,2,"[LO.LOPL2, ME.LOPL3] -> LOL3 -> [MEL2, ME.LOL2]",LO.LOP,2,ME.LOP,3,ME,2,ME.LO,2
22691671350,mixed,mix->FB,mix,FB,1,2,1,2282,8,1.968,12273,5.378,LO,3,2,2,"[ME.LOL2, ME.LOPL3] -> LOL3 -> [LOL2, LO.LOPL2]",ME.LO,2,ME.LOP,3,LO,2,LO.LOP,2
21821068648,mixed,mix->FB,mix,FB,1,2,1,2282,5,1.768,7891,3.458,LO,3,2,2,"[ME.LOPL2, ME.LOPL3] -> LOL3 -> [LOL2, LO.LOPL2]",ME.LOP,2,ME.LOP,3,LO,2,LO.LOP,2
21759077548,mixed,mix->FB,mix,FB,0,3,1,2282,2,1.642,38765,16.987,LO,3,2,2,"[LO.LOPL4, MEL3] -> LOL3 -> [MEL2, ME.LOPL2]",LO.LOP,4,ME,3,ME,2,ME.LOP,2
21157918355,mixed,mix->FB,mix,FB,1,2,1,2282,5,1.999,30885,13.534,LO,3,2,2,"[LO.LOPL3, MEL2] -> LOL3 -> [LOL2, LO.LOPL2]",LO.LOP,3,ME,2,LO,2,LO.LOP,2
20994741690,mixed,mix->FB,mix,FB,0,3,1,2282,2,1.364,8062,3.533,LO,3,2,2,"[LO.LOPL4, ME.LOPL3] -> LOL3 -> [LOL2, ME.LOPL2]",LO.LOP,4,ME.LOP,3,LO,2,ME.LOP,2
19594465098,mixed,mix->FB,mix,FB,0,3,1,2282,2,1.633,13133,5.755,LO,3,2,2,"[LO.LOPL3, ME.LOPL4] -> LOL3 -> [ME.LOL2, ME.LOPL2]",LO.LOP,3,ME.LOP,4,ME.LO,2,ME.LOP,2
19165153996,mixed,mix->FB,mix,FB,0,3,1,2282,2,1.701,30234,13.249,LO,3,2,2,"[LO.LOPL4, ME.LOPL3] -> LOL3 -> [LO.LOPL2, MEL2]",LO.LOP,4,ME.LOP,3,LO.LOP,2,ME,2
18998018884,mixed,mix->FB,mix,FB,1,2,1,2282,5,1.846,12697,5.564,LO,3,2,2,"[LOL2, LO.LOPL3] -> LOL3 -> [LO.LOPL2, ME.LOL2]",LO,2,LO.LOP,3,LO.LOP,2,ME.LO,2
18994856610,mixed,mix->FB,mix,FB,0,3,1,2282,2,1.233,12444,5.453,LO,3,2,2,"[LO.LOPL4, ME.LOPL3] -> LOL3 -> [LOL2, ME.LOL2]",LO.LOP,4,ME.LOP,3,LO,2,ME.LO,2
18844593212,mixed,mix->FB,mix,FB,0,3,1,2282,2,1.434,43147,18.908,LO,3,2,2,"[LO.LOPL4, MEL3] -> LOL3 -> [MEL2, ME.LOL2]",LO.LOP,4,ME,3,ME,2,ME.LO,2
18513900288,mixed,mix->FB,mix,FB,1,2,1,2282,5,1.429,36349,15.929,LO,3,2,2,"[LO.LOPL2, LO.LOPL3] -> LOL3 -> [MEL2, ME.LOL2]",LO.LOP,2,LO.LOP,3,ME,2,ME.LO,2
18099705951,mixed,mix->FB,mix,FB,1,2,1,2282,11,1.804,31941,13.997,LO,3,2,2,"[LOL2, ME.LOPL3] -> LOL3 -> [MEL2, ME.LOPL2]",LO,2,ME.LOP,3,ME,2,ME.LOP,2
18006510084,mixed,mix->FB,mix,FB,1,3,0,2282,2,1.728,34703,15.207,LO,3,2,2,"[LO.LOPL4, ME.LOPL2] -> LOL3 -> [MEL2, ME.LOL2]",LO.LOP,4,ME.LOP,2,ME,2,ME.LO,2
17479983925,mixed,mix->FB,mix,FB,1,2,1,2282,5,1.898,12697,5.564,LO,3,2,2,"[LO.LOPL3, ME.LOL2] -> LOL3 -> [LOL2, LO.LOPL2]",LO.LOP,3,ME.LO,2,LO,2,LO.LOP,2
17426715354,mixed,mix->FB,mix,FB,0,3,1,2282,6,1.999,14167,6.208,LO,3,2,2,"[MEL4, ME.LOPL3] -> LOL3 -> [ME.LOL2, ME.LOPL2]",ME,4,ME.LOP,3,ME.LO,2,ME.LOP,2
17228504749,mixed,mix->FB,mix,FB,1,2,1,2282,5,1.66,8315,3.644,LO,3,2,2,"[LO.LOPL3, ME.LOPL2] -> LOL3 -> [LOL2, LO.LOPL2]",LO.LOP,3,ME.LOP,2,LO,2,LO.LOP,2
17199063181,mixed,mix->FB,mix,FB,1,2,1,2282,12,1.985,20804,9.117,LO,3,2,2,"[MEL3, ME.LOPL2] -> LOL3 -> [LOL2, ME.LOL2]",ME,3,ME.LOP,2,LO,2,ME.LO,2
16996395885,mixed,mix->FB,mix,FB,1,2,1,2282,11,1.994,36749,16.104,LO,3,2,2,"[MEL2, ME.LOL3] -> LOL3 -> [LO.LOPL2, ME.LOPL2]",ME,2,ME.LO,3,LO.LOP,2,ME.LOP,2
16666344097,mixed,mix->FB,mix,FB,1,3,0,2282,2,1.793,33886,14.849,LO,3,2,2,"[MEL2, ME.LOPL4] -> LOL3 -> [ME.LOL2, ME.LOPL2]",ME,2,ME.LOP,4,ME.LO,2,ME.LOP,2
16506854004,mixed,mix->FB,mix,FB,1,2,1,2282,5,1.287,38594,16.912,LO,3,2,2,"[LO.LOPL2, MEL3] -> LOL3 -> [MEL2, ME.LOPL2]",LO.LOP,2,ME,3,ME,2,ME.LOP,2
15924352574,mixed,mix->FB,mix,FB,0,3,1,2282,2,1.395,6847,3.0,LO,3,2,2,"[ME.LOPL3, ME.LOPL4] -> LOL3 -> [LO.LOPL2, ME.LOPL2]",ME.LOP,3,ME.LOP,4,LO.LOP,2,ME.LOP,2
15853597702,mixed,mix->FB,mix,FB,1,2,1,2282,9,1.635,14942,6.548,LO,3,2,2,"[LOL2, MEL3] -> LOL3 -> [LO.LOPL2, ME.LOPL2]",LO,2,ME,3,LO.LOP,2,ME.LOP,2
15643631042,mixed,mix->FB,mix,FB,1,3,0,2282,2,1.554,10653,4.668,LO,3,2,2,"[LO.LOPL2, LO.LOPL4] -> LOL3 -> [ME.LOL2, ME.LOPL2]",LO.LOP,2,LO.LOP,4,ME.LO,2,ME.LOP,2
15231393520,mixed,mix->FB,mix,FB,1,2,1,2282,11,1.575,36323,15.917,LO,3,2,2,"[LOL2, ME.LOPL3] -> LOL3 -> [MEL2, ME.LOL2]",LO,2,ME.LOP,3,ME,2,ME.LO,2
14959574045,mixed,mix->FB,mix,FB,1,3,0,2282,2,1.329,29239,12.813,LO,3,2,2,"[LO.LOPL4, MEL2] -> LOL3 -> [LOL2, ME.LOPL2]",LO.LOP,4,ME,2,LO,2,ME.LOP,2
14778592530,mixed,mix->FB,mix,FB,0,3,1,2282,2,1.444,8486,3.719,LO,3,2,2,"[LO.LOPL3, LO.LOPL4] -> LOL3 -> [LOL2, ME.LOPL2]",LO.LOP,3,LO.LOP,4,LO,2,ME.LOP,2
14719382550,mixed,mix->FB,mix,FB,1,2,1,2282,17,1.519,36323,15.917,LO,3,2,2,"[ME.LOL2, ME.LOPL3] -> LOL3 -> [LOL2, MEL2]",ME.LO,2,ME.LOP,3,LO,2,ME,2
14132486407,mixed,mix->FB,mix,FB,1,2,1,2282,11,1.872,18561,8.134,LO,3,2,2,"[ME.LOL2, ME.LOL3] -> LOL3 -> [LO.LOPL2, ME.LOPL2]",ME.LO,2,ME.LO,3,LO.LOP,2,ME.LOP,2
13904580252,mixed,mix->FB,mix,FB,0,3,1,2282,2,1.808,30658,13.435,LO,3,2,2,"[LO.LOPL3, LO.LOPL4] -> LOL3 -> [LO.LOPL2, MEL2]",LO.LOP,3,LO.LOP,4,LO.LOP,2,ME,2
13608363105,mixed,mix->FB,mix,FB,1,3,0,2282,2,1.21,33621,14.733,LO,3,2,2,"[LO.LOPL4, MEL2] -> LOL3 -> [LOL2, ME.LOL2]",LO.LOP,4,ME,2,LO,2,ME.LO,2
13281138430,mixed,mix->FB,mix,FB,0,3,1,2282,6,1.964,14591,6.394,LO,3,2,2,"[LO.LOPL3, MEL4] -> LOL3 -> [ME.LOL2, ME.LOPL2]",LO.LOP,3,ME,4,ME.LO,2,ME.LOP,2
13264175634,mixed,mix->FB,mix,FB,1,2,1,2282,8,1.899,32365,14.183,LO,3,2,2,"[LOL2, LO.LOPL3] -> LOL3 -> [MEL2, ME.LOPL2]",LO,2,LO.LOP,3,ME,2,ME.LOP,2
13206417570,mixed,mix->FB,mix,FB,0,3,1,2282,2,1.287,12868,5.639,LO,3,2,2,"[LO.LOPL3, LO.LOPL4] -> LOL3 -> [LOL2, ME.LOL2]",LO.LOP,3,LO.LOP,4,LO,2,ME.LO,2
13131359874,mixed,mix->FB,mix,FB,1,2,1,2282,11,1.94,41131,18.024,LO,3,2,2,"[MEL2, ME.LOL3] -> LOL3 -> [LO.LOPL2, ME.LOL2]",ME,2,ME.LO,3,LO.LOP,2,ME.LO,2
12959486358,mixed,mix->FB,mix,FB,0,3,1,2282,2,1.323,7271,3.186,LO,3,2,2,"[LO.LOPL3, ME.LOPL4] -> LOL3 -> [LO.LOPL2, ME.LOPL2]",LO.LOP,3,ME.LOP,4,LO.LOP,2,ME.LOP,2
12379985387,mixed,mix->FB,mix,FB,1,2,1,2282,13,2.0,37512,16.438,LO,3,2,2,"[MEL2, MEL3] -> LOL3 -> [LOL2, LO.LOPL2]",ME,2,ME,3,LO,2,LO.LOP,2
11962105205,mixed,mix->FB,mix,FB,1,3,0,2282,11,1.999,35344,15.488,LO,3,2,2,"[MEL2, MEL4] -> LOL3 -> [ME.LOL2, ME.LOPL2]",ME,2,ME,4,ME.LO,2,ME.LOP,2
11825637412,mixed,mix->FB,mix,FB,1,2,1,2282,7,1.762,31941,13.997,LO,3,2,2,"[ME.LOPL2, ME.LOPL3] -> LOL3 -> [LOL2, MEL2]",ME.LOP,2,ME.LOP,3,LO,2,ME,2
11373155638,mixed,mix->FB,mix,FB,0,3,1,2282,2,1.65,19760,8.659,LO,3,2,2,"[MEL3, ME.LOPL4] -> LOL3 -> [ME.LOL2, ME.LOPL2]",ME,3,ME.LOP,4,ME.LO,2,ME.LOP,2
11063617342,mixed,mix->FB,mix,FB,1,2,1,2282,10,1.861,19324,8.468,LO,3,2,2,"[LOL2, MEL3] -> LOL3 -> [LO.LOPL2, ME.LOL2]",LO,2,ME,3,LO.LOP,2,ME.LO,2
10925464456,mixed,mix->FB,mix,FB,1,2,1,2282,9,1.68,36747,16.103,LO,3,2,2,"[LOL2, LO.LOPL3] -> LOL3 -> [MEL2, ME.LOL2]",LO,2,LO.LOP,3,ME,2,ME.LO,2
10814167494,mixed,mix->FB,mix,FB,1,3,0,2282,2,1.539,11051,4.843,LO,3,2,2,"[LOL2, LO.LOPL4] -> LOL3 -> [ME.LOL2, ME.LOPL2]",LO,2,LO.LOP,4,ME.LO,2,ME.LOP,2
10715529212,mixed,mix->FB,mix,FB,1,2,1,2282,10,1.443,42976,18.833,LO,3,2,2,"[LO.LOPL2, MEL3] -> LOL3 -> [MEL2, ME.LOL2]",LO.LOP,2,ME,3,ME,2,ME.LO,2
10667388960,mixed,mix->FB,mix,FB,1,2,1,1,1,1.0,3623,3623.0,MB_ML.MB_CA,3,2,2,"[MB_CA.MB_MLL2, MB_CA.MB_MLL3] -> MB_ML.MB_CAL3 -> [MB_CA.MB_PEDL2, MB_CA.MB_VLL2]",MB_CA.MB_ML,2,MB_CA.MB_ML,3,MB_CA.MB_PED,2,MB_CA.MB_VL,2
10667388960,mixed,mix->FB,mix,FB,1,2,1,1,1,1.0,3623,3623.0,MB_ML.MB_CA,3,2,2,"[MB_CA.MB_MLL3, MB_CA.MB_PEDL2] -> MB_ML.MB_CAL3 -> [MB_CA.MB_MLL2, MB_CA.MB_VLL2]",MB_CA.MB_ML,3,MB_CA.MB_PED,2,MB_CA.MB_ML,2,MB_CA.MB_VL,2
10667388960,mixed,mix->FB,mix,FB,1,2,1,1,1,1.0,3623,3623.0,MB_ML.MB_CA,3,2,2,"[MB_CA.MB_MLL3, MB_CA.MB_VLL2] -> MB_ML.MB_CAL3 -> [MB_CA.MB_MLL2, MB_CA.MB_PEDL2]",MB_CA.MB_ML,3,MB_CA.MB_VL,2,MB_CA.MB_ML,2,MB_CA.MB_PED,2
10599260244,mixed,mix->FB,mix,FB,1,2,1,2282,3,1.524,7891,3.458,LO,3,2,2,"[LO.LOPL2, ME.LOPL3] -> LOL3 -> [LOL2, ME.LOPL2]",LO.LOP,2,ME.LOP,3,LO,2,ME.LOP,2
10582112326,mixed,mix->FB,mix,FB,0,3,1,2282,2,1.593,11229,4.921,LO,3,2,2,"[ME.LOPL3, ME.LOPL4] -> LOL3 -> [LO.LOPL2, ME.LOL2]",ME.LOP,3,ME.LOP,4,LO.LOP,2,ME.LO,2
10561367167,mixed,mix->FB,mix,FB,1,3,0,2282,2,1.436,28024,12.28,LO,3,2,2,"[MEL2, ME.LOPL4] -> LOL3 -> [LO.LOPL2, ME.LOPL2]",ME,2,ME.LOP,4,LO.LOP,2,ME.LOP,2
10506053396,mixed,mix->FB,mix,FB,1,2,1,2282,8,1.62,36747,16.103,LO,3,2,2,"[LO.LOPL3, ME.LOL2] -> LOL3 -> [LOL2, MEL2]",LO.LOP,3,ME.LO,2,LO,2,ME,2
10467691065,mixed,mix->FB,mix,FB,1,3,0,2282,2,1.485,11051,4.843,LO,3,2,2,"[LO.LOPL4, ME.LOL2] -> LOL3 -> [LOL2, ME.LOPL2]",LO.LOP,4,ME.LO,2,LO,2,ME.LOP,2
10356238568,mixed,mix->FB,mix,FB,0,3,1,2282,2,1.305,18732,8.209,LO,3,2,2,"[LO.LOPL4, ME.LOL3] -> LOL3 -> [ME.LOL2, ME.LOPL2]",LO.LOP,4,ME.LO,3,ME.LO,2,ME.LOP,2
10189971501,mixed,mix->FB,mix,FB,1,2,1,2282,14,1.911,19324,8.468,LO,3,2,2,"[MEL3, ME.LOL2] -> LOL3 -> [LOL2, LO.LOPL2]",ME,3,ME.LO,2,LO,2,LO.LOP,2
10003845246,mixed,mix->FB,mix,FB,1,2,1,2282,8,1.678,14942,6.548,LO,3,2,2,"[MEL3, ME.LOPL2] -> LOL3 -> [LOL2, LO.LOPL2]",ME,3,ME.LOP,2,LO,2,LO.LOP,2
10000619246,mixed,mix->FB,mix,FB,1,3,0,2282,2,1.854,33223,14.559,LO,3,2,2,"[LO.LOPL4, ME.LOL2] -> LOL3 -> [LO.LOPL2, MEL2]",LO.LOP,4,ME.LO,2,LO.LOP,2,ME,2
9923174576,mixed,mix->FB,mix,FB,0,3,1,2282,4,1.738,8305,3.639,LO,3,2,2,"[MEL4, ME.LOPL3] -> LOL3 -> [LO.LOPL2, ME.LOPL2]",ME,4,ME.LOP,3,LO.LOP,2,ME.LOP,2
9821911099,mixed,mix->FB,mix,FB,1,3,0,2282,2,1.293,9836,4.31,LO,3,2,2,"[ME.LOL2, ME.LOPL4] -> LOL3 -> [LO.LOPL2, ME.LOPL2]",ME.LO,2,ME.LOP,4,LO.LOP,2,ME.LOP,2
9775616819,mixed,mix->FB,mix,FB,1,2,1,2282,7,1.857,18561,8.134,LO,3,2,2,"[ME.LOL3, ME.LOPL2] -> LOL3 -> [LO.LOPL2, ME.LOL2]",ME.LO,3,ME.LOP,2,LO.LOP,2,ME.LO,2
9413198420,mixed,mix->FB,mix,FB,0,3,1,2282,3,1.764,13730,6.017,LO,3,2,2,"[LOL4, ME.LOPL3] -> LOL3 -> [ME.LOL2, ME.LOPL2]",LO,4,ME.LOP,3,ME.LO,2,ME.LOP,2
9275990400,mixed,mix->FB,mix,FB,1,2,1,1,1,1.0,3712,3712.0,MB_ML.MB_CA,3,2,2,"[MB_CA.MB_MLL3, MB_MLL2] -> MB_ML.MB_CAL3 -> [MB_CA.MB_MLL2, MB_CA.MB_VLL2]",MB_CA.MB_ML,3,MB_ML,2,MB_CA.MB_ML,2,MB_CA.MB_VL,2
8966790720,mixed,mix->FB,mix,FB,1,2,1,1,1,1.0,3712,3712.0,MB_ML.MB_CA,3,2,2,"[MB_CA.MB_MLL2, MB_CA.MB_MLL3] -> MB_ML.MB_CAL3 -> [MB_CA.MB_VLL2, MB_MLL2]",MB_CA.MB_ML,2,MB_CA.MB_ML,3,MB_CA.MB_VL,2,MB_ML,2
8966790720,mixed,mix->FB,mix,FB,1,2,1,1,1,1.0,3712,3712.0,MB_ML.MB_CA,3,2,2,"[MB_CA.MB_MLL3, MB_CA.MB_VLL2] -> MB_ML.MB_CAL3 -> [MB_CA.MB_MLL2, MB_MLL2]",MB_CA.MB_ML,3,MB_CA.MB_VL,2,MB_CA.MB_ML,2,MB_ML,2
8746648430,mixed,mix->FB,mix,FB,0,3,1,2282,2,1.43,15113,6.623,LO,3,2,2,"[LO.LOPL4, MEL3] -> LOL3 -> [LOL2, ME.LOPL2]",LO.LOP,4,ME,3,LO,2,ME.LOP,2
8682436284,mixed,mix->FB,mix,FB,1,3,0,2282,2,1.997,28841,12.638,LO,3,2,2,"[LO.LOPL4, ME.LOPL2] -> LOL3 -> [LO.LOPL2, MEL2]",LO.LOP,4,ME.LOP,2,LO.LOP,2,ME,2
8629474683,mixed,mix->FB,mix,FB,1,2,1,2282,5,1.863,32365,14.183,LO,3,2,2,"[LO.LOPL3, ME.LOPL2] -> LOL3 -> [LOL2, MEL2]",LO.LOP,3,ME.LOP,2,LO,2,ME,2
8539517325,mixed,mix->FB,mix,FB,1,2,1,2282,4,1.433,8315,3.644,LO,3,2,2,"[LO.LOPL2, LO.LOPL3] -> LOL3 -> [LOL2, ME.LOPL2]",LO.LOP,2,LO.LOP,3,LO,2,ME.LOP,2
8479490862,mixed,mix->FB,mix,FB,0,3,1,2282,2,1.494,11653,5.106,LO,3,2,2,"[LO.LOPL3, ME.LOPL4] -> LOL3 -> [LO.LOPL2, ME.LOL2]",LO.LOP,3,ME.LOP,4,LO.LOP,2,ME.LO,2
8306705058,mixed,mix->FB,mix,FB,1,2,1,2282,21,1.65,42611,18.673,LO,3,2,2,"[ME.LOL2, ME.LOL3] -> LOL3 -> [MEL2, ME.LOPL2]",ME.LO,2,ME.LO,3,ME,2,ME.LOP,2
8193791520,mixed,mix->FB,mix,FB,1,2,1,1,1,1.0,3690,3690.0,MB_ML.MB_CA,3,2,2,"[AL.MB_CAL2, MB_CA.MB_MLL3] -> MB_ML.MB_CAL3 -> [MB_CA.MB_MLL2, MB_CA.MB_VLL2]",AL.MB_CA,2,MB_CA.MB_ML,3,MB_CA.MB_ML,2,MB_CA.MB_VL,2
8186663012,mixed,mix->FB,mix,FB,0,3,1,2282,2,1.79,37285,16.339,LO,3,2,2,"[LO.LOPL4, MEL3] -> LOL3 -> [LO.LOPL2, MEL2]",LO.LOP,4,ME,3,LO.LOP,2,ME,2
8108780883,mixed,mix->FB,mix,FB,1,2,1,109,4,2.972,12724,116.734,PVLP.LO,4,2,2,"[LO.PVLPL3, LO.PVLPL4] -> PVLP.LOL4 -> [LOL3, ME.LOL3]",LO.PVLP,3,LO.PVLP,4,LO,3,ME.LO,3
8039191680,mixed,mix->FB,mix,FB,1,2,1,1,1,1.0,3690,3690.0,MB_ML.MB_CA,3,2,2,"[MB_CA.MB_MLL2, MB_CA.MB_MLL3] -> MB_ML.MB_CAL3 -> [AL.MB_CAL2, MB_CA.MB_VLL2]",MB_CA.MB_ML,2,MB_CA.MB_ML,3,AL.MB_CA,2,MB_CA.MB_VL,2
8039191680,mixed,mix->FB,mix,FB,1,2,1,1,1,1.0,3690,3690.0,MB_ML.MB_CA,3,2,2,"[MB_CA.MB_MLL3, MB_CA.MB_VLL2] -> MB_ML.MB_CAL3 -> [AL.MB_CAL2, MB_CA.MB_MLL2]",MB_CA.MB_ML,3,MB_CA.MB_VL,2,AL.MB_CA,2,MB_CA.MB_ML,2
7856213487,mixed,mix->FB,mix,FB,0,3,1,2282,6,1.63,8729,3.825,LO,3,2,2,"[LO.LOPL3, MEL4] -> LOL3 -> [LO.LOPL2, ME.LOPL2]",LO.LOP,3,ME,4,LO.LOP,2,ME.LOP,2
7833128670,mixed,mix->FB,mix,FB,0,3,1,2282,2,1.278,19495,8.543,LO,3,2,2,"[LO.LOPL4, MEL3] -> LOL3 -> [LOL2, ME.LOL2]",LO.LOP,4,ME,3,LO,2,ME.LO,2
7796349305,mixed,mix->FB,mix,FB,1,2,1,2282,20,1.885,38992,17.087,LO,3,2,2,"[LOL2, MEL3] -> LOL3 -> [MEL2, ME.LOPL2]",LO,2,ME,3,ME,2,ME.LOP,2
7755743955,mixed,mix->FB,mix,FB,0,3,1,2282,11,1.973,21218,9.298,LO,3,2,2,"[MEL3, MEL4] -> LOL3 -> [ME.LOL2, ME.LOPL2]",ME,3,ME,4,ME.LO,2,ME.LOP,2
7626789210,mixed,mix->FB,mix,FB,0,3,1,2282,2,1.477,6582,2.884,LO,3,2,2,"[LO.LOPL4, ME.LOPL3] -> LOL3 -> [LOL2, LO.LOPL2]",LO.LOP,4,ME.LOP,3,LO,2,LO.LOP,2
7489441258,mixed,mix->FB,mix,FB,0,3,1,2282,2,1.334,13898,6.09,LO,3,2,2,"[MEL3, ME.LOPL4] -> LOL3 -> [LO.LOPL2, ME.LOPL2]",ME,3,ME.LOP,4,LO.LOP,2,ME.LOP,2
7455087060,mixed,mix->FB,mix,FB,0,3,1,2282,2,1.11,30632,13.423,LO,3,2,2,"[LO.LOPL4, ME.LOPL3] -> LOL3 -> [LOL2, MEL2]",LO.LOP,4,ME.LOP,3,LO,2,ME,2
7232158076,mixed,mix->FB,mix,FB,1,2,1,2282,4,1.749,12273,5.378,LO,3,2,2,"[LO.LOPL2, ME.LOPL3] -> LOL3 -> [LOL2, ME.LOL2]",LO.LOP,2,ME.LOP,3,LO,2,ME.LO,2
7130991690,mixed,mix->FB,mix,FB,1,3,0,2282,2,1.501,11051,4.843,LO,3,2,2,"[LO.LOPL4, ME.LOPL2] -> LOL3 -> [LOL2, ME.LOL2]",LO.LOP,4,ME.LOP,2,LO,2,ME.LO,2
7077695843,mixed,mix->FB,mix,FB,1,3,0,2282,2,1.645,32406,14.201,LO,3,2,2,"[MEL2, ME.LOPL4] -> LOL3 -> [LO.LOPL2, ME.LOL2]",ME,2,ME.LOP,4,LO.LOP,2,ME.LO,2
7073810368,mixed,mix->FB,mix,FB,0,3,1,2282,3,1.94,12687,5.56,LO,3,2,2,"[MEL4, ME.LOPL3] -> LOL3 -> [LO.LOPL2, ME.LOL2]",ME,4,ME.LOP,3,LO.LOP,2,ME.LO,2
6958700512,mixed,mix->FB,mix,FB,1,2,1,2282,8,1.93,30461,13.348,LO,3,2,2,"[LOL2, ME.LOPL3] -> LOL3 -> [LO.LOPL2, MEL2]",LO,2,ME.LOP,3,LO.LOP,2,ME,2
6870526104,mixed,mix->FB,mix,FB,0,3,1,2282,2,1.865,14154,6.202,LO,3,2,2,"[LOL4, LO.LOPL3] -> LOL3 -> [ME.LOL2, ME.LOPL2]",LO,4,LO.LOP,3,ME.LO,2,ME.LOP,2
6851819454,mixed,mix->FB,mix,FB,1,3,0,2282,2,1.283,9836,4.31,LO,3,2,2,"[ME.LOPL2, ME.LOPL4] -> LOL3 -> [LO.LOPL2, ME.LOL2]",ME.LOP,2,ME.LOP,4,LO.LOP,2,ME.LO,2
6802392960,mixed,mix->FB,mix,FB,1,2,1,1,1,1.0,3605,3605.0,MB_ML.MB_CA,3,2,2,"[MB_CA.CREL2, MB_CA.MB_MLL3] -> MB_ML.MB_CAL3 -> [MB_CA.MB_MLL2, MB_CA.MB_VLL2]",MB_CA.CRE,2,MB_CA.MB_ML,3,MB_CA.MB_ML,2,MB_CA.MB_VL,2
6679729290,mixed,mix->FB,mix,FB,1,3,0,2282,8,1.79,29482,12.919,LO,3,2,2,"[MEL2, MEL4] -> LOL3 -> [LO.LOPL2, ME.LOPL2]",ME,2,ME,4,LO.LOP,2,ME.LOP,2
6647793120,mixed,mix->FB,mix,FB,1,2,1,1,1,1.0,3605,3605.0,MB_ML.MB_CA,3,2,2,"[MB_CA.MB_MLL2, MB_CA.MB_MLL3] -> MB_ML.MB_CAL3 -> [MB_CA.CREL2, MB_CA.MB_VLL2]",MB_CA.MB_ML,2,MB_CA.MB_ML,3,MB_CA.CRE,2,MB_CA.MB_VL,2
6647793120,mixed,mix->FB,mix,FB,1,2,1,1,1,1.0,3605,3605.0,MB_ML.MB_CA,3,2,2,"[MB_CA.MB_MLL3, MB_CA.MB_VLL2] -> MB_ML.MB_CAL3 -> [MB_CA.CREL2, MB_CA.MB_MLL2]",MB_CA.MB_ML,3,MB_CA.MB_VL,2,MB_CA.CRE,2,MB_CA.MB_ML,2
6597594430,mixed,mix->FB,mix,FB,1,3,0,2282,5,1.71,34907,15.297,LO,3,2,2,"[LOL4, MEL2] -> LOL3 -> [ME.LOL2, ME.LOPL2]",LO,4,ME,2,ME.LO,2,ME.LOP,2
6493193280,mixed,mix->FB,mix,FB,1,2,1,1,1,1.0,3755,3755.0,MB_ML.MB_CA,3,2,2,"[AL.LHL2, MB_CA.MB_MLL3] -> MB_ML.MB_CAL3 -> [MB_CA.MB_MLL2, MB_CA.MB_VLL2]",AL.LH,2,MB_CA.MB_ML,3,MB_CA.MB_ML,2,MB_CA.MB_VL,2
6481680244,mixed,mix->FB,mix,FB,0,3,1,2282,2,1.999,30897,13.539,LO,3,2,2,"[ME.LOPL3, ME.LOPL4] -> LOL3 -> [MEL2, ME.LOPL2]",ME.LOP,3,ME.LOP,4,ME,2,ME.LOP,2
6467002452,mixed,mix->FB,mix,FB,1,2,1,2282,102,1.674,43374,19.007,LO,3,2,2,"[LOL2, MEL3] -> LOL3 -> [MEL2, ME.LOL2]",LO,2,ME,3,ME,2,ME.LO,2
6258378760,mixed,mix->FB,mix,FB,1,2,1,2282,245,1.631,43374,19.007,LO,3,2,2,"[MEL3, ME.LOL2] -> LOL3 -> [LOL2, MEL2]",ME,3,ME.LO,2,LO,2,ME,2
5884474228,mixed,mix->FB,mix,FB,1,3,0,2282,8,1.581,11294,4.949,LO,3,2,2,"[MEL4, ME.LOL2] -> LOL3 -> [LO.LOPL2, ME.LOPL2]",ME,4,ME.LO,2,LO.LOP,2,ME.LOP,2
5719795789,mixed,mix->FB,mix,FB,1,2,1,2282,5,1.642,12697,5.564,LO,3,2,2,"[LO.LOPL2, LO.LOPL3] -> LOL3 -> [LOL2, ME.LOL2]",LO.LOP,2,LO.LOP,3,LO,2,ME.LO,2
5671907887,mixed,mix->FB,mix,FB,1,2,1,2282,14,1.668,42611,18.673,LO,3,2,2,"[ME.LOL3, ME.LOPL2] -> LOL3 -> [MEL2, ME.LOL2]",ME.LO,3,ME.LOP,2,ME,2,ME.LO,2
5476718951,mixed,mix->FB,mix,FB,0,3,1,2282,5,1.857,13111,5.745,LO,3,2,2,"[LO.LOPL3, MEL4] -> LOL3 -> [LO.LOPL2, ME.LOL2]",LO.LOP,3,ME,4,LO.LOP,2,ME.LO,2
5423761620,mixed,mix->FB,mix,FB,0,3,1,2282,2,1.574,7006,3.07,LO,3,2,2,"[LO.LOPL3, LO.LOPL4] -> LOL3 -> [LOL2, LO.LOPL2]",LO.LOP,3,LO.LOP,4,LO,2,LO.LOP,2
5409648705,mixed,mix->FB,mix,FB,1,3,0,2282,2,1.434,27759,12.164,LO,3,2,2,"[LO.LOPL4, MEL2] -> LOL3 -> [LOL2, LO.LOPL2]",LO.LOP,4,ME,2,LO,2,LO.LOP,2
5283058140,mixed,mix->FB,mix,FB,1,2,1,1,1,1.0,2087,2087.0,MB_ML.MB_CA,3,2,2,"[MB_CA.MB_MLL2, MB_CA.MB_VLL3] -> MB_ML.MB_CAL3 -> [MB_CA.MB_PEDL2, MB_CA.MB_VLL2]",MB_CA.MB_ML,2,MB_CA.MB_VL,3,MB_CA.MB_PED,2,MB_CA.MB_VL,2
5283058140,mixed,mix->FB,mix,FB,1,2,1,1,1,1.0,2087,2087.0,MB_ML.MB_CA,3,2,2,"[MB_CA.MB_PEDL2, MB_CA.MB_VLL3] -> MB_ML.MB_CAL3 -> [MB_CA.MB_MLL2, MB_CA.MB_VLL2]",MB_CA.MB_PED,2,MB_CA.MB_VL,3,MB_CA.MB_ML,2,MB_CA.MB_VL,2
5283058140,mixed,mix->FB,mix,FB,1,2,1,1,1,1.0,2087,2087.0,MB_ML.MB_CA,3,2,2,"[MB_CA.MB_VLL2, MB_CA.MB_VLL3] -> MB_ML.MB_CAL3 -> [MB_CA.MB_MLL2, MB_CA.MB_PEDL2]",MB_CA.MB_VL,2,MB_CA.MB_VL,3,MB_CA.MB_ML,2,MB_CA.MB_PED,2
5258181379,mixed,mix->FB,mix,FB,0,3,1,2282,9,1.792,32355,14.178,LO,3,2,2,"[MEL4, ME.LOPL3] -> LOL3 -> [MEL2, ME.LOPL2]",ME,4,ME.LOP,3,ME,2,ME.LOP,2
5256394560,mixed,mix->FB,mix,FB,1,2,1,1,1,1.0,3755,3755.0,MB_ML.MB_CA,3,2,2,"[MB_CA.MB_MLL2, MB_CA.MB_MLL3] -> MB_ML.MB_CAL3 -> [AL.LHL2, MB_CA.MB_VLL2]",MB_CA.MB_ML,2,MB_CA.MB_ML,3,AL.LH,2,MB_CA.MB_VL,2
5256394560,mixed,mix->FB,mix,FB,1,2,1,1,1,1.0,3755,3755.0,MB_ML.MB_CA,3,2,2,"[MB_CA.MB_MLL3, MB_CA.MB_VLL2] -> MB_ML.MB_CAL3 -> [AL.LHL2, MB_CA.MB_MLL2]",MB_CA.MB_ML,3,MB_CA.MB_VL,2,AL.LH,2,MB_CA.MB_ML,2
5178962783,mixed,mix->FB,mix,FB,1,2,1,2282,6,1.986,30885,13.534,LO,3,2,2,"[LOL2, LO.LOPL3] -> LOL3 -> [LO.LOPL2, MEL2]",LO,2,LO.LOP,3,LO.LOP,2,ME,2
5117772420,mixed,mix->FB,mix,FB,0,3,1,2282,2,1.136,31056,13.609,LO,3,2,2,"[LO.LOPL3, LO.LOPL4] -> LOL3 -> [LOL2, MEL2]",LO.LOP,3,LO.LOP,4,LO,2,ME,2
5075830223,mixed,mix->FB,mix,FB,1,2,1,2282,14,1.848,38992,17.087,LO,3,2,2,"[MEL3, ME.LOPL2] -> LOL3 -> [LOL2, MEL2]",ME,3,ME.LOP,2,LO,2,ME,2
5042863076,mixed,mix->FB,mix,FB,0,3,1,2282,2,1.919,35279,15.46,LO,3,2,2,"[ME.LOPL3, ME.LOPL4] -> LOL3 -> [MEL2, ME.LOL2]",ME.LOP,3,ME.LOP,4,ME,2,ME.LO,2
4942793678,mixed,mix->FB,mix,FB,1,2,1,2282,4,1.447,14942,6.548,LO,3,2,2,"[LO.LOPL2, MEL3] -> LOL3 -> [LOL2, ME.LOPL2]",LO.LOP,2,ME,3,LO,2,ME.LOP,2
4938352068,mixed,mix->FB,mix,FB,0,3,1,2282,2,1.966,31321,13.725,LO,3,2,2,"[LO.LOPL3, ME.LOPL4] -> LOL3 -> [MEL2, ME.LOPL2]",LO.LOP,3,ME.LOP,4,ME,2,ME.LOP,2
4912215122,mixed,mix->FB,mix,FB,0,3,1,2282,2,1.51,18280,8.011,LO,3,2,2,"[MEL3, ME.LOPL4] -> LOL3 -> [LO.LOPL2, ME.LOL2]",ME,3,ME.LOP,4,LO.LOP,2,ME.LO,2
4879307394,mixed,mix->FB,mix,FB,1,3,0,2282,2,1.902,5189,2.274,LO,3,2,2,"[LOL2, LO.LOPL4] -> LOL3 -> [LO.LOPL2, ME.LOPL2]",LO,2,LO.LOP,4,LO.LOP,2,ME.LOP,2
4817181587,mixed,mix->FB,mix,FB,1,3,0,2282,6,1.97,33864,14.84,LO,3,2,2,"[MEL2, MEL4] -> LOL3 -> [LO.LOPL2, ME.LOL2]",ME,2,ME,4,LO.LOP,2,ME.LO,2
4799200242,mixed,mix->FB,mix,FB,1,2,1,2282,20,1.294,37147,16.278,LO,3,2,2,"[MEL2, ME.LOL3] -> LOL3 -> [LOL2, ME.LOPL2]",ME,2,ME.LO,3,LO,2,ME.LOP,2
4729875356,mixed,mix->FB,mix,FB,1,2,1,2282,305,1.37,41529,18.199,LO,3,2,2,"[MEL2, ME.LOL3] -> LOL3 -> [LOL2, ME.LOL2]",ME,2,ME.LO,3,LO,2,ME.LO,2
4657893771,mixed,mix->FB,mix,FB,1,2,1,2282,5,1.611,18561,8.134,LO,3,2,2,"[LO.LOPL2, ME.LOL3] -> LOL3 -> [ME.LOL2, ME.LOPL2]",LO.LOP,2,ME.LO,3,ME.LO,2,ME.LOP,2
4598061832,mixed,mix->FB,mix,FB,0,3,1,2282,2,2.0,7868,3.448,LO,3,2,2,"[LOL4, ME.LOPL3] -> LOL3 -> [LO.LOPL2, ME.LOPL2]",LO,4,ME.LOP,3,LO.LOP,2,ME.LOP,2
4593963600,mixed,mix->FB,mix,FB,1,2,1,1,1,1.0,2176,2176.0,MB_ML.MB_CA,3,2,2,"[MB_CA.MB_VLL3, MB_MLL2] -> MB_ML.MB_CAL3 -> [MB_CA.MB_MLL2, MB_CA.MB_VLL2]",MB_CA.MB_VL,3,MB_ML,2,MB_CA.MB_ML,2,MB_CA.MB_VL,2
4559782945,mixed,mix->FB,mix,FB,0,3,1,2282,7,1.648,15356,6.729,LO,3,2,2,"[MEL3, MEL4] -> LOL3 -> [LO.LOPL2, ME.LOPL2]",ME,3,ME,4,LO.LOP,2,ME.LOP,2
4440831480,mixed,mix->FB,mix,FB,1,2,1,1,1,1.0,2176,2176.0,MB_ML.MB_CA,3,2,2,"[MB_CA.MB_MLL2, MB_CA.MB_VLL3] -> MB_ML.MB_CAL3 -> [MB_CA.MB_VLL2, MB_MLL2]",MB_CA.MB_ML,2,MB_CA.MB_VL,3,MB_CA.MB_VL,2,MB_ML,2
4440831480,mixed,mix->FB,mix,FB,1,2,1,1,1,1.0,2176,2176.0,MB_ML.MB_CA,3,2,2,"[MB_CA.MB_VLL2, MB_CA.MB_VLL3] -> MB_ML.MB_CAL3 -> [MB_CA.MB_MLL2, MB_MLL2]",MB_CA.MB_VL,2,MB_CA.MB_VL,3,MB_CA.MB_ML,2,MB_ML,2
4435323416,mixed,mix->FB,mix,FB,0,3,1,2282,7,1.563,36737,16.099,LO,3,2,2,"[MEL4, ME.LOPL3] -> LOL3 -> [MEL2, ME.LOL2]",ME,4,ME.LOP,3,ME,2,ME.LO,2
4429266732,mixed,mix->FB,mix,FB,1,2,1,109,3,2.909,21151,194.046,PVLP.LO,4,2,2,"[LO.PVLPL3, LO.PVLPL4] -> PVLP.LOL4 -> [MEL3, ME.LOL3]",LO.PVLP,3,LO.PVLP,4,ME,3,ME.LO,3
4283439368,mixed,mix->FB,mix,FB,0,3,1,2282,2,1.604,12870,5.64,LO,3,2,2,"[LO.LOPL4, ME.LOL3] -> LOL3 -> [LO.LOPL2, ME.LOPL2]",LO.LOP,4,ME.LO,3,LO.LOP,2,ME.LOP,2
1542834008294,mixed,FF->mix,FF,mix,2,1,1,2282,22,1.625,37829,16.577,LO,3,2,2,"[MEL2, ME.LOL2] -> LOL3 -> [LO.LOPL3, ME.LOPL2]",ME,2,ME.LO,2,LO.LOP,3,ME.LOP,2
1109295445286,mixed,FF->mix,FF,mix,2,1,1,2282,24,1.804,37405,16.391,LO,3,2,2,"[MEL2, ME.LOL2] -> LOL3 -> [ME.LOPL2, ME.LOPL3]",ME,2,ME.LO,2,ME.LOP,2,ME.LOP,3
1071371813136,mixed,FF->mix,FF,mix,2,1,1,2282,8,1.607,37829,16.577,LO,3,2,2,"[MEL2, ME.LOPL2] -> LOL3 -> [LO.LOPL3, ME.LOL2]",ME,2,ME.LOP,2,LO.LOP,3,ME.LO,2
780543296965,mixed,FF->mix,FF,mix,3,0,1,2282,18,1.602,36520,16.004,LO,3,2,2,"[MEL2, ME.LOL2] -> LOL3 -> [LO.LOPL3, LO.LOPL4]",ME,2,ME.LO,2,LO.LOP,3,LO.LOP,4
768251934802,mixed,FF->mix,FF,mix,2,1,1,2282,9,1.786,37405,16.391,LO,3,2,2,"[MEL2, ME.LOPL2] -> LOL3 -> [ME.LOL2, ME.LOPL3]",ME,2,ME.LOP,2,ME.LO,2,ME.LOP,3
713029244467,mixed,FF->mix,FF,mix,2,1,1,2282,9,1.307,31967,14.008,LO,3,2,2,"[MEL2, ME.LOPL2] -> LOL3 -> [LO.LOPL2, LO.LOPL3]",ME,2,ME.LOP,2,LO.LOP,2,LO.LOP,3
675512153613,mixed,FF->mix,FF,mix,2,1,1,2282,9,1.204,13779,6.038,LO,3,2,2,"[ME.LOL2, ME.LOPL2] -> LOL3 -> [LO.LOPL2, LO.LOPL3]",ME.LO,2,ME.LOP,2,LO.LOP,2,LO.LOP,3
669002339273,mixed,FF->mix,FF,mix,3,0,1,2282,10,1.442,36096,15.818,LO,3,2,2,"[MEL2, ME.LOL2] -> LOL3 -> [LO.LOPL4, ME.LOPL3]",ME,2,ME.LO,2,LO.LOP,4,ME.LOP,3
668261488700,mixed,FF->mix,FF,mix,2,1,1,2282,18,1.487,36349,15.929,LO,3,2,2,"[MEL2, ME.LOL2] -> LOL3 -> [LO.LOPL2, LO.LOPL3]",ME,2,ME.LO,2,LO.LOP,2,LO.LOP,3
638655643152,mixed,FF->mix,FF,mix,3,0,1,2282,5,1.847,32138,14.083,LO,3,2,2,"[MEL2, ME.LOPL2] -> LOL3 -> [LO.LOPL3, LO.LOPL4]",ME,2,ME.LOP,2,LO.LOP,3,LO.LOP,4
528417668436,mixed,FF->mix,FF,mix,3,0,1,2282,5,1.671,31714,13.897,LO,3,2,2,"[MEL2, ME.LOPL2] -> LOL3 -> [LO.LOPL4, ME.LOPL3]",ME,2,ME.LOP,2,LO.LOP,4,ME.LOP,3
493379419340,mixed,FF->mix,FF,mix,3,0,1,2282,5,1.986,13950,6.113,LO,3,2,2,"[ME.LOL2, ME.LOPL2] -> LOL3 -> [LO.LOPL3, LO.LOPL4]",ME.LO,2,ME.LOP,2,LO.LOP,3,LO.LOP,4
487791375016,mixed,FF->mix,FF,mix,2,1,1,2282,10,1.43,31543,13.823,LO,3,2,2,"[MEL2, ME.LOPL2] -> LOL3 -> [LO.LOPL2, ME.LOPL3]",ME,2,ME.LOP,2,LO.LOP,2,ME.LOP,3
470430110751,mixed,FF->mix,FF,mix,2,1,1,2282,13,1.656,35925,15.743,LO,3,2,2,"[MEL2, ME.LOL2] -> LOL3 -> [LO.LOPL2, ME.LOPL3]",ME,2,ME.LO,2,LO.LOP,2,ME.LOP,3
453985753278,mixed,FF->mix,FF,mix,2,1,1,2282,10,1.289,13355,5.852,LO,3,2,2,"[ME.LOL2, ME.LOPL2] -> LOL3 -> [LO.LOPL2, ME.LOPL3]",ME.LO,2,ME.LOP,2,LO.LOP,2,ME.LOP,3
393988479852,mixed,FF->mix,FF,mix,3,0,1,2282,5,1.875,13526,5.927,LO,3,2,2,"[ME.LOL2, ME.LOPL2] -> LOL3 -> [LO.LOPL4, ME.LOPL3]",ME.LO,2,ME.LOP,2,LO.LOP,4,ME.LOP,3
375070337000,mixed,FF->mix,FF,mix,2,1,1,2282,4,1.188,31967,14.008,LO,3,2,2,"[LO.LOPL2, MEL2] -> LOL3 -> [LO.LOPL3, ME.LOPL2]",LO.LOP,2,ME,2,LO.LOP,3,ME.LOP,2
361687070776,mixed,FF->mix,FF,mix,2,1,1,2282,4,1.124,13779,6.038,LO,3,2,2,"[LO.LOPL2, ME.LOL2] -> LOL3 -> [LO.LOPL3, ME.LOPL2]",LO.LOP,2,ME.LO,2,LO.LOP,3,ME.LOP,2
264712211813,mixed,FF->mix,FF,mix,3,1,0,2282,8,1.851,34703,15.207,LO,3,2,2,"[MEL2, ME.LOL2] -> LOL3 -> [LO.LOPL4, ME.LOPL2]",ME,2,ME.LO,2,LO.LOP,4,ME.LOP,2
252955413396,mixed,FF->mix,FF,mix,2,1,1,2282,4,1.119,13779,6.038,LO,3,2,2,"[LO.LOPL2, ME.LOPL2] -> LOL3 -> [LO.LOPL3, ME.LOL2]",LO.LOP,2,ME.LOP,2,LO.LOP,3,ME.LO,2
251385249913,mixed,FF->mix,FF,mix,2,1,1,2282,5,1.268,31543,13.823,LO,3,2,2,"[LO.LOPL2, MEL2] -> LOL3 -> [ME.LOPL2, ME.LOPL3]",LO.LOP,2,ME,2,ME.LOP,2,ME.LOP,3
239526434143,mixed,FF->mix,FF,mix,2,1,1,2282,5,1.177,13355,5.852,LO,3,2,2,"[LO.LOPL2, ME.LOL2] -> LOL3 -> [ME.LOPL2, ME.LOPL3]",LO.LOP,2,ME.LO,2,ME.LOP,2,ME.LOP,3
237957252604,mixed,FF->mix,FF,mix,2,1,1,2282,5,1.296,36349,15.929,LO,3,2,2,"[LO.LOPL2, MEL2] -> LOL3 -> [LO.LOPL3, ME.LOL2]",LO.LOP,2,ME,2,LO.LOP,3,ME.LO,2
227267719370,mixed,FF->mix,FF,mix,2,1,1,2282,12,1.776,37829,16.577,LO,3,2,2,"[ME.LOL2, ME.LOPL2] -> LOL3 -> [LO.LOPL3, MEL2]",ME.LO,2,ME.LOP,2,LO.LOP,3,ME,2
181325663304,mixed,FF->mix,FF,mix,3,1,0,2282,4,1.866,34703,15.207,LO,3,2,2,"[MEL2, ME.LOPL2] -> LOL3 -> [LO.LOPL4, ME.LOL2]",ME,2,ME.LOP,2,LO.LOP,4,ME.LO,2
167417089746,mixed,FF->mix,FF,mix,2,1,1,2282,14,1.932,37405,16.391,LO,3,2,2,"[ME.LOL2, ME.LOPL2] -> LOL3 -> [MEL2, ME.LOPL3]",ME.LO,2,ME.LOP,2,ME,2,ME.LOP,3
167380566901,mixed,FF->mix,FF,mix,2,1,1,2282,5,1.171,13355,5.852,LO,3,2,2,"[LO.LOPL2, ME.LOPL2] -> LOL3 -> [ME.LOL2, ME.LOPL3]",LO.LOP,2,ME.LOP,2,ME.LO,2,ME.LOP,3
162492495025,mixed,FF->mix,FF,mix,2,1,1,2282,5,1.416,35925,15.743,LO,3,2,2,"[LO.LOPL2, MEL2] -> LOL3 -> [ME.LOL2, ME.LOPL3]",LO.LOP,2,ME,2,ME.LO,2,ME.LOP,3
144799436364,mixed,FF->mix,FF,mix,2,1,1,2282,22,1.997,32365,14.183,LO,3,2,2,"[LOL2, MEL2] -> LOL3 -> [LO.LOPL3, ME.LOPL2]",LO,2,ME,2,LO.LOP,3,ME.LOP,2
121396855843,mixed,FF->mix,FF,mix,3,0,1,2282,25,1.216,31056,13.609,LO,3,2,2,"[LOL2, MEL2] -> LOL3 -> [LO.LOPL3, LO.LOPL4]",LO,2,ME,2,LO.LOP,3,LO.LOP,4
118147337133,mixed,FF->mix,FF,mix,2,1,1,2282,22,1.94,14177,6.213,LO,3,2,2,"[LOL2, ME.LOL2] -> LOL3 -> [LO.LOPL3, ME.LOPL2]",LO,2,ME.LO,2,LO.LOP,3,ME.LOP,2
114655092834,mixed,FF->mix,FF,mix,2,1,1,2282,24,1.913,31941,13.997,LO,3,2,2,"[LOL2, MEL2] -> LOL3 -> [ME.LOPL2, ME.LOPL3]",LO,2,ME,2,ME.LOP,2,ME.LOP,3
114216373192,mixed,FF->mix,FF,mix,2,1,1,2282,20,1.871,36747,16.103,LO,3,2,2,"[LOL2, MEL2] -> LOL3 -> [LO.LOPL3, ME.LOL2]",LO,2,ME,2,LO.LOP,3,ME.LO,2
109264987332,mixed,FF->mix,FF,mix,3,0,1,2282,10,1.151,30632,13.423,LO,3,2,2,"[LOL2, MEL2] -> LOL3 -> [LO.LOPL4, ME.LOPL3]",LO,2,ME,2,LO.LOP,4,ME.LOP,3
108694735232,mixed,FF->mix,FF,mix,2,1,1,2282,24,1.816,36747,16.103,LO,3,2,2,"[MEL2, ME.LOL2] -> LOL3 -> [LOL2, LO.LOPL3]",ME,2,ME.LO,2,LO,2,LO.LOP,3
106252397585,mixed,FF->mix,FF,mix,3,0,1,2282,12,1.978,30658,13.435,LO,3,2,2,"[LO.LOPL2, MEL2] -> LOL3 -> [LO.LOPL3, LO.LOPL4]",LO.LOP,2,ME,2,LO.LOP,3,LO.LOP,4
102501707325,mixed,FF->mix,FF,mix,3,1,0,2282,7,1.961,33223,14.559,LO,3,2,2,"[MEL2, ME.LOL2] -> LOL3 -> [LO.LOPL2, LO.LOPL4]",ME,2,ME.LO,2,LO.LOP,2,LO.LOP,4
94092809156,mixed,FF->mix,FF,mix,2,1,1,2282,18,1.698,36323,15.917,LO,3,2,2,"[LOL2, MEL2] -> LOL3 -> [ME.LOL2, ME.LOPL3]",LO,2,ME,2,ME.LO,2,ME.LOP,3
93418465619,mixed,FF->mix,FF,mix,2,1,1,2282,11,1.988,32365,14.183,LO,3,2,2,"[MEL2, ME.LOPL2] -> LOL3 -> [LOL2, LO.LOPL3]",ME,2,ME.LOP,2,LO,2,LO.LOP,3
92247975243,mixed,FF->mix,FF,mix,3,1,0,2282,3,1.977,28841,12.638,LO,3,2,2,"[MEL2, ME.LOPL2] -> LOL3 -> [LO.LOPL2, LO.LOPL4]",ME,2,ME.LOP,2,LO.LOP,2,LO.LOP,4
90402752626,mixed,FF->mix,FF,mix,2,1,1,2282,26,1.637,36323,15.917,LO,3,2,2,"[MEL2, ME.LOL2] -> LOL3 -> [LOL2, ME.LOPL3]",ME,2,ME.LO,2,LO,2,ME.LOP,3
90038854452,mixed,FF->mix,FF,mix,2,1,1,2282,24,2.0,13753,6.027,LO,3,2,2,"[LOL2, ME.LOL2] -> LOL3 -> [ME.LOPL2, ME.LOPL3]",LO,2,ME.LO,2,ME.LOP,2,ME.LOP,3
90012272559,mixed,FF->mix,FF,mix,3,0,1,2282,3,1.967,35703,15.645,LO,3,2,2,"[MEL2, ME.LOL2] -> LOL3 -> [LO.LOPL3, ME.LOPL4]",ME,2,ME.LO,2,LO.LOP,3,ME.LOP,4
89538454050,mixed,FF->mix,FF,mix,3,0,1,2282,3,1.581,8088,3.544,LO,3,2,2,"[LO.LOPL2, ME.LOPL2] -> LOL3 -> [LO.LOPL3, LO.LOPL4]",LO.LOP,2,ME.LOP,2,LO.LOP,3,LO.LOP,4
89271938013,mixed,FF->mix,FF,mix,3,0,1,2282,4,1.827,12470,5.465,LO,3,2,2,"[LO.LOPL2, ME.LOL2] -> LOL3 -> [LO.LOPL3, LO.LOPL4]",LO.LOP,2,ME.LO,2,LO.LOP,3,LO.LOP,4
83015735622,mixed,FF->mix,FF,mix,3,0,1,2282,17,1.326,12868,5.639,LO,3,2,2,"[LOL2, ME.LOL2] -> LOL3 -> [LO.LOPL3, LO.LOPL4]",LO,2,ME.LO,2,LO.LOP,3,LO.LOP,4
82021394730,mixed,FF->mix,FF,mix,3,0,1,2282,3,1.989,30234,13.249,LO,3,2,2,"[LO.LOPL2, MEL2] -> LOL3 -> [LO.LOPL4, ME.LOPL3]",LO.LOP,2,ME,2,LO.LOP,4,ME.LOP,3
81598829810,mixed,FF->mix,FF,mix,2,1,1,2282,8,1.928,14177,6.213,LO,3,2,2,"[LOL2, ME.LOPL2] -> LOL3 -> [LO.LOPL3, ME.LOL2]",LO,2,ME.LOP,2,LO.LOP,3,ME.LO,2
81251250972,mixed,FF->mix,FF,mix,3,0,1,2282,2,1.972,31321,13.725,LO,3,2,2,"[MEL2, ME.LOPL2] -> LOL3 -> [LO.LOPL3, ME.LOPL4]",ME,2,ME.LOP,2,LO.LOP,3,ME.LOP,4
77548141305,mixed,FF->mix,FF,mix,3,1,0,2282,3,1.824,10653,4.668,LO,3,2,2,"[ME.LOL2, ME.LOPL2] -> LOL3 -> [LO.LOPL2, LO.LOPL4]",ME.LO,2,ME.LOP,2,LO.LOP,2,LO.LOP,4
75530038796,mixed,FF->mix,FF,mix,2,1,1,2282,11,1.965,14177,6.213,LO,3,2,2,"[ME.LOL2, ME.LOPL2] -> LOL3 -> [LOL2, LO.LOPL3]",ME.LO,2,ME.LOP,2,LO,2,LO.LOP,3
74538970840,mixed,FF->mix,FF,mix,2,1,1,2282,12,1.879,31941,13.997,LO,3,2,2,"[MEL2, ME.LOPL2] -> LOL3 -> [LOL2, ME.LOPL3]",ME,2,ME.LOP,2,LO,2,ME.LOP,3
73671024527,mixed,FF->mix,FF,mix,3,0,1,2282,10,1.23,12444,5.453,LO,3,2,2,"[LOL2, ME.LOL2] -> LOL3 -> [LO.LOPL4, ME.LOPL3]",LO,2,ME.LO,2,LO.LOP,4,ME.LOP,3
72470115120,mixed,FF->mix,FF,mix,3,0,1,2282,2,1.833,35279,15.46,LO,3,2,2,"[MEL2, ME.LOL2] -> LOL3 -> [ME.LOPL3, ME.LOPL4]",ME,2,ME.LO,2,ME.LOP,3,ME.LOP,4
68469673572,mixed,FF->mix,FF,mix,3,0,1,2282,2,1.813,13133,5.755,LO,3,2,2,"[ME.LOL2, ME.LOPL2] -> LOL3 -> [LO.LOPL3, ME.LOPL4]",ME.LO,2,ME.LOP,2,LO.LOP,3,ME.LOP,4
66361316034,mixed,FF->mix,FF,mix,3,0,1,2282,3,1.964,12046,5.279,LO,3,2,2,"[LO.LOPL2, ME.LOL2] -> LOL3 -> [LO.LOPL4, ME.LOPL3]",LO.LOP,2,ME.LO,2,LO.LOP,4,ME.LOP,3
63946963494,mixed,FF->mix,FF,mix,3,0,1,2282,3,1.76,7664,3.358,LO,3,2,2,"[LO.LOPL2, ME.LOPL2] -> LOL3 -> [LO.LOPL4, ME.LOPL3]",LO.LOP,2,ME.LOP,2,LO.LOP,4,ME.LOP,3
63833962528,mixed,FF->mix,FF,mix,3,0,1,2282,5,1.514,8486,3.719,LO,3,2,2,"[LOL2, ME.LOPL2] -> LOL3 -> [LO.LOPL3, LO.LOPL4]",LO,2,ME.LOP,2,LO.LOP,3,LO.LOP,4
62555195520,mixed,FF->mix,FF,mix,3,0,1,2282,2,1.993,30897,13.539,LO,3,2,2,"[MEL2, ME.LOPL2] -> LOL3 -> [ME.LOPL3, ME.LOPL4]",ME,2,ME.LOP,2,ME.LOP,3,ME.LOP,4
61986480408,mixed,FF->mix,FF,mix,2,1,1,2282,9,2.0,13753,6.027,LO,3,2,2,"[LOL2, ME.LOPL2] -> LOL3 -> [ME.LOL2, ME.LOPL3]",LO,2,ME.LOP,2,ME.LO,2,ME.LOP,3
58230475992,mixed,FF->mix,FF,mix,2,1,1,2282,23,1.975,30885,13.534,LO,3,2,2,"[LOL2, MEL2] -> LOL3 -> [LO.LOPL2, LO.LOPL3]",LO,2,ME,2,LO.LOP,2,LO.LOP,3
58010724607,mixed,FF->mix,FF,mix,2,1,1,2282,12,1.996,13753,6.027,LO,3,2,2,"[ME.LOL2, ME.LOPL2] -> LOL3 -> [LOL2, ME.LOPL3]",ME.LO,2,ME.LOP,2,LO,2,ME.LOP,3
55329732828,mixed,FF->mix,FF,mix,3,0,1,2282,5,1.371,8062,3.533,LO,3,2,2,"[LOL2, ME.LOPL2] -> LOL3 -> [LO.LOPL4, ME.LOPL3]",LO,2,ME.LOP,2,LO.LOP,4,ME.LOP,3
52142043870,mixed,FF->mix,FF,mix,2,1,1,2282,4,1.254,31967,14.008,LO,3,2,2,"[LO.LOPL2, ME.LOPL2] -> LOL3 -> [LO.LOPL3, MEL2]",LO.LOP,2,ME.LOP,2,LO.LOP,3,ME,2
50769574560,mixed,FF->mix,FF,mix,3,0,1,2282,2,1.956,12709,5.569,LO,3,2,2,"[ME.LOL2, ME.LOPL2] -> LOL3 -> [ME.LOPL3, ME.LOPL4]",ME.LO,2,ME.LOP,2,ME.LOP,3,ME.LOP,4
49685487586,mixed,FF->mix,FF,mix,3,0,1,2282,24,1.185,36724,16.093,LO,3,2,2,"[MEL2, ME.LOL2] -> LOL3 -> [LOL4, LO.LOPL3]",ME,2,ME.LO,2,LO,4,LO.LOP,3
49238548589,mixed,FF->mix,FF,mix,2,1,1,2282,9,1.573,8315,3.644,LO,3,2,2,"[LOL2, ME.LOPL2] -> LOL3 -> [LO.LOPL2, LO.LOPL3]",LO,2,ME.LOP,2,LO.LOP,2,LO.LOP,3
49007376956,mixed,FF->mix,FF,mix,2,1,1,2282,17,1.819,12697,5.564,LO,3,2,2,"[LOL2, ME.LOL2] -> LOL3 -> [LO.LOPL2, LO.LOPL3]",LO,2,ME.LO,2,LO.LOP,2,LO.LOP,3
48229283382,mixed,FF->mix,FF,mix,2,1,1,2282,4,1.407,36349,15.929,LO,3,2,2,"[LO.LOPL2, ME.LOL2] -> LOL3 -> [LO.LOPL3, MEL2]",LO.LOP,2,ME.LO,2,LO.LOP,3,ME,2
44907986444,mixed,FF->mix,FF,mix,3,0,1,2282,25,1.129,36300,15.907,LO,3,2,2,"[MEL2, ME.LOL2] -> LOL3 -> [LOL4, ME.LOPL3]",ME,2,ME.LO,2,LO,4,ME.LOP,3
44882961953,mixed,FF->mix,FF,mix,2,1,1,2282,13,1.991,30461,13.348,LO,3,2,2,"[LOL2, MEL2] -> LOL3 -> [LO.LOPL2, ME.LOPL3]",LO,2,ME,2,LO.LOP,2,ME.LOP,3
43846463317,mixed,FF->mix,FF,mix,3,1,0,2282,5,1.704,34703,15.207,LO,3,2,2,"[ME.LOL2, ME.LOPL2] -> LOL3 -> [LO.LOPL4, MEL2]",ME.LO,2,ME.LOP,2,LO.LOP,4,ME,2
43415146705,mixed,FF->mix,FF,mix,3,0,1,2282,14,1.075,43147,18.908,LO,3,2,2,"[MEL2, ME.LOL2] -> LOL3 -> [LO.LOPL4, MEL3]",ME,2,ME.LO,2,LO.LOP,4,ME,3
42228986300,mixed,FF->mix,FF,mix,3,1,0,2282,3,1.786,28841,12.638,LO,3,2,2,"[LO.LOPL2, MEL2] -> LOL3 -> [LO.LOPL4, ME.LOPL2]",LO.LOP,2,ME,2,LO.LOP,4,ME.LOP,2
37881172407,mixed,FF->mix,FF,mix,2,1,1,2282,24,1.583,44456,19.481,LO,3,2,2,"[MEL2, ME.LOL2] -> LOL3 -> [MEL3, ME.LOPL2]",ME,2,ME.LO,2,ME,3,ME.LOP,2
37598909491,mixed,FF->mix,FF,mix,3,1,0,2282,8,1.353,29239,12.813,LO,3,2,2,"[LOL2, MEL2] -> LOL3 -> [LO.LOPL4, ME.LOPL2]",LO,2,ME,2,LO.LOP,4,ME.LOP,2
37227700008,mixed,FF->mix,FF,mix,3,1,0,2282,3,1.577,10653,4.668,LO,3,2,2,"[LO.LOPL2, ME.LOL2] -> LOL3 -> [LO.LOPL4, ME.LOPL2]",LO.LOP,2,ME.LO,2,LO.LOP,4,ME.LOP,2
36880341386,mixed,FF->mix,FF,mix,3,0,1,2282,11,1.301,32342,14.173,LO,3,2,2,"[MEL2, ME.LOPL2] -> LOL3 -> [LOL4, LO.LOPL3]",ME,2,ME.LOP,2,LO,4,LO.LOP,3
36377951149,mixed,FF->mix,FF,mix,2,1,1,2282,13,1.959,12273,5.378,LO,3,2,2,"[LOL2, ME.LOL2] -> LOL3 -> [LO.LOPL2, ME.LOPL3]",LO,2,ME.LO,2,LO.LOP,2,ME.LOP,3
35509064789,mixed,FF->mix,FF,mix,3,0,1,2282,9,1.109,41302,18.099,LO,3,2,2,"[MEL2, ME.LOL2] -> LOL3 -> [LO.LOPL4, ME.LOL3]",ME,2,ME.LO,2,LO.LOP,4,ME.LO,3
35349657960,mixed,FF->mix,FF,mix,2,1,1,2282,5,1.358,31543,13.823,LO,3,2,2,"[LO.LOPL2, ME.LOPL2] -> LOL3 -> [MEL2, ME.LOPL3]",LO.LOP,2,ME.LOP,2,ME,2,ME.LOP,3
35122855925,mixed,FF->mix,FF,mix,2,1,1,2282,10,1.751,7891,3.458,LO,3,2,2,"[LOL2, ME.LOPL2] -> LOL3 -> [LO.LOPL2, ME.LOPL3]",LO,2,ME.LOP,2,LO.LOP,2,ME.LOP,3
34077760859,mixed,FF->mix,FF,mix,3,1,0,2282,8,1.226,33621,14.733,LO,3,2,2,"[LOL2, MEL2] -> LOL3 -> [LO.LOPL4, ME.LOL2]",LO,2,ME,2,LO.LOP,4,ME.LO,2
33819967514,mixed,FF->mix,FF,mix,2,1,1,2282,20,1.766,42611,18.673,LO,3,2,2,"[MEL2, ME.LOL2] -> LOL3 -> [ME.LOL3, ME.LOPL2]",ME,2,ME.LO,2,ME.LO,3,ME.LOP,2
33730524711,mixed,FF->mix,FF,mix,3,1,0,2282,2,1.97,33886,14.849,LO,3,2,2,"[MEL2, ME.LOL2] -> LOL3 -> [ME.LOPL2, ME.LOPL4]",ME,2,ME.LO,2,ME.LOP,2,ME.LOP,4
33531836180,mixed,FF->mix,FF,mix,2,1,1,2282,5,1.559,35925,15.743,LO,3,2,2,"[LO.LOPL2, ME.LOL2] -> LOL3 -> [MEL2, ME.LOPL3]",LO.LOP,2,ME.LO,2,ME,2,ME.LOP,3
33469328354,mixed,FF->mix,FF,mix,3,1,0,2282,8,1.2,33621,14.733,LO,3,2,2,"[MEL2, ME.LOL2] -> LOL3 -> [LOL2, LO.LOPL4]",ME,2,ME.LO,2,LO,2,LO.LOP,4
32833192059,mixed,FF->mix,FF,mix,3,0,1,2282,12,1.212,31918,13.987,LO,3,2,2,"[MEL2, ME.LOPL2] -> LOL3 -> [LOL4, ME.LOPL3]",ME,2,ME.LOP,2,LO,4,ME.LOP,3
31254625029,mixed,FF->mix,FF,mix,3,0,1,2282,4,1.124,38765,16.987,LO,3,2,2,"[MEL2, ME.LOPL2] -> LOL3 -> [LO.LOPL4, MEL3]",ME,2,ME.LOP,2,LO.LOP,4,ME,3
30426700578,mixed,FF->mix,FF,mix,3,1,0,2282,4,1.968,33223,14.559,LO,3,2,2,"[LO.LOPL2, MEL2] -> LOL3 -> [LO.LOPL4, ME.LOL2]",LO.LOP,2,ME,2,LO.LOP,4,ME.LO,2
27595298793,mixed,FF->mix,FF,mix,2,1,1,2282,25,1.709,36747,16.103,LO,3,2,2,"[LOL2, ME.LOL2] -> LOL3 -> [LO.LOPL3, MEL2]",LO,2,ME.LO,2,LO.LOP,3,ME,2
26429477764,mixed,FF->mix,FF,mix,3,1,0,2282,8,1.517,11051,4.843,LO,3,2,2,"[LOL2, ME.LOL2] -> LOL3 -> [LO.LOPL4, ME.LOPL2]",LO,2,ME.LO,2,LO.LOP,4,ME.LOP,2
25868550798,mixed,FF->mix,FF,mix,3,1,0,2282,3,1.561,10653,4.668,LO,3,2,2,"[LO.LOPL2, ME.LOPL2] -> LOL3 -> [LO.LOPL4, ME.LOL2]",LO.LOP,2,ME.LOP,2,LO.LOP,4,ME.LO,2
25841248646,mixed,FF->mix,FF,mix,2,1,1,2282,14,1.6,44456,19.481,LO,3,2,2,"[MEL2, ME.LOPL2] -> LOL3 -> [MEL3, ME.LOL2]",ME,2,ME.LOP,2,ME,3,ME.LO,2
25814879994,mixed,FF->mix,FF,mix,3,0,1,2282,3,1.18,36920,16.179,LO,3,2,2,"[MEL2, ME.LOPL2] -> LOL3 -> [LO.LOPL4, ME.LOL3]",ME,2,ME.LOP,2,LO.LOP,4,ME.LO,3
25661349055,mixed,FF->mix,FF,mix,3,0,1,2282,11,1.446,14154,6.202,LO,3,2,2,"[ME.LOL2, ME.LOPL2] -> LOL3 -> [LOL4, LO.LOPL3]",ME.LO,2,ME.LOP,2,LO,4,LO.LOP,3
24944739888,mixed,FF->mix,FF,mix,3,1,0,2282,3,1.325,29239,12.813,LO,3,2,2,"[MEL2, ME.LOPL2] -> LOL3 -> [LOL2, LO.LOPL4]",ME,2,ME.LOP,2,LO,2,LO.LOP,4
24778385292,mixed,FF->mix,FF,mix,2,1,1,2282,4,1.367,8315,3.644,LO,3,2,2,"[LOL2, LO.LOPL2] -> LOL3 -> [LO.LOPL3, ME.LOPL2]",LO,2,LO.LOP,2,LO.LOP,3,ME.LOP,2
23317944239,mixed,FF->mix,FF,mix,2,1,1,2282,29,1.534,36323,15.917,LO,3,2,2,"[LOL2, ME.LOL2] -> LOL3 -> [MEL2, ME.LOPL3]",LO,2,ME.LO,2,ME,2,ME.LOP,3
23274669366,mixed,FF->mix,FF,mix,3,1,0,2282,2,1.961,33886,14.849,LO,3,2,2,"[MEL2, ME.LOPL2] -> LOL3 -> [ME.LOL2, ME.LOPL4]",ME,2,ME.LOP,2,ME.LO,2,ME.LOP,4
23133062004,mixed,FF->mix,FF,mix,2,1,1,2282,17,1.784,42611,18.673,LO,3,2,2,"[MEL2, ME.LOPL2] -> LOL3 -> [ME.LOL2, ME.LOL3]",ME,2,ME.LOP,2,ME.LO,2,ME.LO,3
23121467257,mixed,FF->mix,FF,mix,2,1,1,2282,12,1.934,32365,14.183,LO,3,2,2,"[LOL2, ME.LOPL2] -> LOL3 -> [LO.LOPL3, MEL2]",LO,2,ME.LOP,2,LO.LOP,3,ME,2
22431202215,mixed,FF->mix,FF,mix,3,0,1,2282,12,1.319,13730,6.017,LO,3,2,2,"[ME.LOL2, ME.LOPL2] -> LOL3 -> [LOL4, ME.LOPL3]",ME.LO,2,ME.LOP,2,LO,4,ME.LOP,3
20943940399,mixed,FF->mix,FF,mix,3,0,1,2282,4,1.189,20577,9.017,LO,3,2,2,"[ME.LOL2, ME.LOPL2] -> LOL3 -> [LO.LOPL4, MEL3]",ME.LO,2,ME.LOP,2,LO.LOP,4,ME,3
18797117812,mixed,FF->mix,FF,mix,2,1,1,2282,14,1.778,31941,13.997,LO,3,2,2,"[LOL2, ME.LOPL2] -> LOL3 -> [MEL2, ME.LOPL3]",LO,2,ME.LOP,2,ME,2,ME.LOP,3
18012725482,mixed,FF->mix,FF,mix,3,1,0,2282,4,1.533,11051,4.843,LO,3,2,2,"[LOL2, ME.LOPL2] -> LOL3 -> [LO.LOPL4, ME.LOL2]",LO,2,ME.LOP,2,LO.LOP,4,ME.LO,2
17514153502,mixed,FF->mix,FF,mix,3,0,1,2282,3,1.272,18732,8.209,LO,3,2,2,"[ME.LOL2, ME.LOPL2] -> LOL3 -> [LO.LOPL4, ME.LOL3]",ME.LO,2,ME.LOP,2,LO.LOP,4,ME.LO,3
17440437984,mixed,FF->mix,FF,mix,3,1,0,2282,3,1.48,11051,4.843,LO,3,2,2,"[ME.LOL2, ME.LOPL2] -> LOL3 -> [LOL2, LO.LOPL4]",ME.LO,2,ME.LOP,2,LO,2,LO.LOP,4
17117774694,mixed,FF->mix,FF,mix,2,1,1,2282,5,1.509,7891,3.458,LO,3,2,2,"[LOL2, LO.LOPL2] -> LOL3 -> [ME.LOPL2, ME.LOPL3]",LO,2,LO.LOP,2,ME.LOP,2,ME.LOP,3
16933634558,mixed,FF->mix,FF,mix,2,1,1,2282,5,1.822,30885,13.534,LO,3,2,2,"[LO.LOPL2, MEL2] -> LOL3 -> [LOL2, LO.LOPL3]",LO.LOP,2,ME,2,LO,2,LO.LOP,3
16368255136,mixed,FF->mix,FF,mix,2,1,1,2282,5,1.555,12697,5.564,LO,3,2,2,"[LOL2, LO.LOPL2] -> LOL3 -> [LO.LOPL3, ME.LOL2]",LO,2,LO.LOP,2,LO.LOP,3,ME.LO,2
15877794608,mixed,FF->mix,FF,mix,3,0,1,2282,2,1.626,29841,13.077,LO,3,2,2,"[LO.LOPL2, MEL2] -> LOL3 -> [LO.LOPL3, ME.LOPL4]",LO.LOP,2,ME,2,LO.LOP,3,ME.LOP,4
15491850012,mixed,FF->mix,FF,mix,2,1,1,2282,3,1.398,8315,3.644,LO,3,2,2,"[LO.LOPL2, ME.LOPL2] -> LOL3 -> [LOL2, LO.LOPL3]",LO.LOP,2,ME.LOP,2,LO,2,LO.LOP,3
15452365584,mixed,FF->mix,FF,mix,3,0,1,2282,2,1.273,7271,3.186,LO,3,2,2,"[LO.LOPL2, ME.LOPL2] -> LOL3 -> [LO.LOPL3, ME.LOPL4]",LO.LOP,2,ME.LOP,2,LO.LOP,3,ME.LOP,4
15259919696,mixed,FF->mix,FF,mix,3,1,0,2282,18,1.303,34907,15.297,LO,3,2,2,"[MEL2, ME.LOL2] -> LOL3 -> [LOL4, ME.LOPL2]",ME,2,ME.LO,2,LO,4,ME.LOP,2
14830369999,mixed,FF->mix,FF,mix,2,1,1,2282,3,1.613,12697,5.564,LO,3,2,2,"[LO.LOPL2, ME.LOL2] -> LOL3 -> [LOL2, LO.LOPL3]",LO.LOP,2,ME.LO,2,LO,2,LO.LOP,3
14362809498,mixed,FF->mix,FF,mix,3,0,1,2282,2,1.437,11653,5.106,LO,3,2,2,"[LO.LOPL2, ME.LOL2] -> LOL3 -> [LO.LOPL3, ME.LOPL4]",LO.LOP,2,ME.LO,2,LO.LOP,3,ME.LOP,4
14147062538,mixed,FF->mix,FF,mix,2,1,1,2282,17,1.73,42976,18.833,LO,3,2,2,"[MEL2, ME.LOL2] -> LOL3 -> [LO.LOPL2, MEL3]",ME,2,ME.LO,2,LO.LOP,2,ME,3
13887008313,mixed,FF->mix,FF,mix,3,1,0,2282,2,1.867,32406,14.201,LO,3,2,2,"[MEL2, ME.LOL2] -> LOL3 -> [LO.LOPL2, ME.LOPL4]",ME,2,ME.LO,2,LO.LOP,2,ME.LOP,4
13799009178,mixed,FF->mix,FF,mix,3,1,0,2282,2,1.624,28024,12.28,LO,3,2,2,"[MEL2, ME.LOPL2] -> LOL3 -> [LO.LOPL2, ME.LOPL4]",ME,2,ME.LOP,2,LO.LOP,2,ME.LOP,4
13638400869,mixed,FF->mix,FF,mix,3,1,0,2282,9,1.463,27759,12.164,LO,3,2,2,"[LOL2, MEL2] -> LOL3 -> [LO.LOPL2, LO.LOPL4]",LO,2,ME,2,LO.LOP,2,LO.LOP,4
12933598695,mixed,FF->mix,FF,mix,2,1,1,2282,15,1.901,41131,18.024,LO,3,2,2,"[MEL2, ME.LOL2] -> LOL3 -> [LO.LOPL2, ME.LOL3]",ME,2,ME.LO,2,LO.LOP,2,ME.LO,3
12577847645,mixed,FF->mix,FF,mix,2,1,1,2282,4,1.961,30461,13.348,LO,3,2,2,"[LO.LOPL2, MEL2] -> LOL3 -> [LOL2, ME.LOPL3]",LO.LOP,2,ME,2,LO,2,ME.LOP,3
12487318794,mixed,FF->mix,FF,mix,3,1,0,2282,2,1.435,9836,4.31,LO,3,2,2,"[ME.LOL2, ME.LOPL2] -> LOL3 -> [LO.LOPL2, ME.LOPL4]",ME.LO,2,ME.LOP,2,LO.LOP,2,ME.LOP,4
11910632144,mixed,FF->mix,FF,mix,2,1,1,2282,10,1.947,38594,16.912,LO,3,2,2,"[MEL2, ME.LOPL2] -> LOL3 -> [LO.LOPL2, MEL3]",ME,2,ME.LOP,2,LO.LOP,2,ME,3
11909716594,mixed,FF->mix,FF,mix,3,0,1,2282,3,1.473,30239,13.251,LO,3,2,2,"[LOL2, MEL2] -> LOL3 -> [LO.LOPL3, ME.LOPL4]",LO,2,ME,2,LO.LOP,3,ME.LOP,4
11644041062,mixed,FF->mix,FF,mix,2,1,1,2282,5,1.732,12273,5.378,LO,3,2,2,"[LOL2, LO.LOPL2] -> LOL3 -> [ME.LOL2, ME.LOPL3]",LO,2,LO.LOP,2,ME.LO,2,ME.LOP,3
11419014000,mixed,FF->mix,FF,mix,3,0,1,2282,2,1.805,29417,12.891,LO,3,2,2,"[LO.LOPL2, MEL2] -> LOL3 -> [ME.LOPL3, ME.LOPL4]",LO.LOP,2,ME,2,ME.LOP,3,ME.LOP,4
11384346959,mixed,FF->mix,FF,mix,2,1,1,2282,8,1.999,36749,16.104,LO,3,2,2,"[MEL2, ME.LOPL2] -> LOL3 -> [LO.LOPL2, ME.LOL3]",ME,2,ME.LOP,2,LO.LOP,2,ME.LO,3
10754617825,mixed,FF->mix,FF,mix,2,1,1,2282,4,1.547,7891,3.458,LO,3,2,2,"[LO.LOPL2, ME.LOPL2] -> LOL3 -> [LOL2, ME.LOPL3]",LO.LOP,2,ME.LOP,2,LO,2,ME.LOP,3
10667388960,mixed,FF->mix,FF,mix,2,1,1,1,1,1.0,3623,3623.0,MB_ML.MB_CA,3,2,2,"[MB_CA.MB_MLL2, MB_CA.MB_PEDL2] -> MB_ML.MB_CAL3 -> [MB_CA.MB_MLL3, MB_CA.MB_VLL2]",MB_CA.MB_ML,2,MB_CA.MB_PED,2,MB_CA.MB_ML,3,MB_CA.MB_VL,2
10667388960,mixed,FF->mix,FF,mix,2,1,1,1,1,1.0,3623,3623.0,MB_ML.MB_CA,3,2,2,"[MB_CA.MB_MLL2, MB_CA.MB_VLL2] -> MB_ML.MB_CAL3 -> [MB_CA.MB_MLL3, MB_CA.MB_PEDL2]",MB_CA.MB_ML,2,MB_CA.MB_VL,2,MB_CA.MB_ML,3,MB_CA.MB_PED,2
10667388960,mixed,FF->mix,FF,mix,2,1,1,1,1,1.0,3623,3623.0,MB_ML.MB_CA,3,2,2,"[MB_CA.MB_PEDL2, MB_CA.MB_VLL2] -> MB_ML.MB_CAL3 -> [MB_CA.MB_MLL2, MB_CA.MB_MLL3]",MB_CA.MB_PED,2,MB_CA.MB_VL,2,MB_CA.MB_ML,2,MB_CA.MB_ML,3
10644390919,mixed,FF->mix,FF,mix,2,1,1,2282,4,1.793,12273,5.378,LO,3,2,2,"[LO.LOPL2, ME.LOL2] -> LOL3 -> [LOL2, ME.LOPL3]",LO.LOP,2,ME.LO,2,LO,2,ME.LOP,3
10511114400,mixed,FF->mix,FF,mix,3,0,1,2282,2,1.385,6847,3.0,LO,3,2,2,"[LO.LOPL2, ME.LOPL2] -> LOL3 -> [ME.LOPL3, ME.LOPL4]",LO.LOP,2,ME.LOP,2,ME.LOP,3,ME.LOP,4
10375294320,mixed,FF->mix,FF,mix,3,0,1,2282,2,1.34,29815,13.065,LO,3,2,2,"[LOL2, MEL2] -> LOL3 -> [ME.LOPL3, ME.LOPL4]",LO,2,ME,2,ME.LOP,3,ME.LOP,4
10368738408,mixed,FF->mix,FF,mix,3,1,0,2282,17,1.313,34907,15.297,LO,3,2,2,"[MEL2, ME.LOPL2] -> LOL3 -> [LOL4, ME.LOL2]",ME,2,ME.LOP,2,LO,4,ME.LO,2
10032453480,mixed,FF->mix,FF,mix,3,0,1,2282,2,1.596,11229,4.921,LO,3,2,2,"[LO.LOPL2, ME.LOL2] -> LOL3 -> [ME.LOPL3, ME.LOPL4]",LO.LOP,2,ME.LO,2,ME.LOP,3,ME.LOP,4
9789509492,mixed,FF->mix,FF,mix,3,1,0,2282,6,1.659,9571,4.194,LO,3,2,2,"[LOL2, ME.LOL2] -> LOL3 -> [LO.LOPL2, LO.LOPL4]",LO,2,ME.LO,2,LO.LOP,2,LO.LOP,4
9452711742,mixed,FF->mix,FF,mix,2,1,1,2282,10,1.996,20406,8.942,LO,3,2,2,"[ME.LOL2, ME.LOPL2] -> LOL3 -> [LO.LOPL2, MEL3]",ME.LO,2,ME.LOP,2,LO.LOP,2,ME,3
9396069145,mixed,FF->mix,FF,mix,2,1,1,2282,8,1.901,18561,8.134,LO,3,2,2,"[ME.LOL2, ME.LOPL2] -> LOL3 -> [LO.LOPL2, ME.LOL3]",ME.LO,2,ME.LOP,2,LO.LOP,2,ME.LO,3
9349762689,mixed,FF->mix,FF,mix,3,0,1,2282,12,1.894,7006,3.07,LO,3,2,2,"[LOL2, LO.LOPL2] -> LOL3 -> [LO.LOPL3, LO.LOPL4]",LO,2,LO.LOP,2,LO.LOP,3,LO.LOP,4
9275990400,mixed,FF->mix,FF,mix,2,1,1,1,1,1.0,3712,3712.0,MB_ML.MB_CA,3,2,2,"[MB_CA.MB_MLL2, MB_MLL2] -> MB_ML.MB_CAL3 -> [MB_CA.MB_MLL3, MB_CA.MB_VLL2]",MB_CA.MB_ML,2,MB_ML,2,MB_CA.MB_ML,3,MB_CA.MB_VL,2
9275990400,mixed,FF->mix,FF,mix,2,1,1,1,1,1.0,3712,3712.0,MB_ML.MB_CA,3,2,2,"[MB_CA.MB_VLL2, MB_MLL2] -> MB_ML.MB_CAL3 -> [MB_CA.MB_MLL2, MB_CA.MB_MLL3]",MB_CA.MB_VL,2,MB_ML,2,MB_CA.MB_ML,2,MB_CA.MB_ML,3
8966790720,mixed,FF->mix,FF,mix,2,1,1,1,1,1.0,3712,3712.0,MB_ML.MB_CA,3,2,2,"[MB_CA.MB_MLL2, MB_CA.MB_VLL2] -> MB_ML.MB_CAL3 -> [MB_CA.MB_MLL3, MB_MLL2]",MB_CA.MB_ML,2,MB_CA.MB_VL,2,MB_CA.MB_ML,3,MB_ML,2
8940514375,mixed,FF->mix,FF,mix,3,1,0,2282,7,1.162,33621,14.733,LO,3,2,2,"[LOL2, ME.LOL2] -> LOL3 -> [LO.LOPL4, MEL2]",LO,2,ME.LO,2,LO.LOP,4,ME,2
8764888062,mixed,FF->mix,FF,mix,3,0,1,2282,33,1.061,31260,13.699,LO,3,2,2,"[LOL2, MEL2] -> LOL3 -> [LOL4, LO.LOPL3]",LO,2,ME,2,LO,4,LO.LOP,3
8564397084,mixed,FF->mix,FF,mix,3,0,1,2282,3,1.671,12051,5.281,LO,3,2,2,"[LOL2, ME.LOL2] -> LOL3 -> [LO.LOPL3, ME.LOPL4]",LO,2,ME.LO,2,LO.LOP,3,ME.LOP,4
8193791520,mixed,FF->mix,FF,mix,2,1,1,1,1,1.0,3690,3690.0,MB_ML.MB_CA,3,2,2,"[AL.MB_CAL2, MB_CA.MB_MLL2] -> MB_ML.MB_CAL3 -> [MB_CA.MB_MLL3, MB_CA.MB_VLL2]",AL.MB_CA,2,MB_CA.MB_ML,2,MB_CA.MB_ML,3,MB_CA.MB_VL,2
8193791520,mixed,FF->mix,FF,mix,2,1,1,1,1,1.0,3690,3690.0,MB_ML.MB_CA,3,2,2,"[AL.MB_CAL2, MB_CA.MB_VLL2] -> MB_ML.MB_CAL3 -> [MB_CA.MB_MLL2, MB_CA.MB_MLL3]",AL.MB_CA,2,MB_CA.MB_VL,2,MB_CA.MB_ML,2,MB_CA.MB_ML,3
8109919377,mixed,FF->mix,FF,mix,3,1,0,2282,3,1.896,5189,2.274,LO,3,2,2,"[LOL2, ME.LOPL2] -> LOL3 -> [LO.LOPL2, LO.LOPL4]",LO,2,ME.LOP,2,LO.LOP,2,LO.LOP,4
8059802697,mixed,FF->mix,FF,mix,3,0,1,2282,25,1.042,30836,13.513,LO,3,2,2,"[LOL2, MEL2] -> LOL3 -> [LOL4, ME.LOPL3]",LO,2,ME,2,LO,4,ME.LOP,3
8039191680,mixed,FF->mix,FF,mix,2,1,1,1,1,1.0,3690,3690.0,MB_ML.MB_CA,3,2,2,"[MB_CA.MB_MLL2, MB_CA.MB_VLL2] -> MB_ML.MB_CAL3 -> [AL.MB_CAL2, MB_CA.MB_MLL3]",MB_CA.MB_ML,2,MB_CA.MB_VL,2,AL.MB_CA,2,MB_CA.MB_ML,3
7925747192,mixed,FF->mix,FF,mix,3,0,1,2282,15,1.025,37683,16.513,LO,3,2,2,"[LOL2, MEL2] -> LOL3 -> [LO.LOPL4, MEL3]",LO,2,ME,2,LO.LOP,4,ME,3
7668457398,mixed,FF->mix,FF,mix,3,0,1,2282,3,1.725,6582,2.884,LO,3,2,2,"[LOL2, LO.LOPL2] -> LOL3 -> [LO.LOPL4, ME.LOPL3]",LO,2,LO.LOP,2,LO.LOP,4,ME.LOP,3
7275107880,mixed,FF->mix,FF,mix,3,0,1,2282,2,1.5,11627,5.095,LO,3,2,2,"[LOL2, ME.LOL2] -> LOL3 -> [ME.LOPL3, ME.LOPL4]",LO,2,ME.LO,2,ME.LOP,3,ME.LOP,4
7113834432,mixed,FF->mix,FF,mix,3,0,1,2282,2,1.906,7669,3.361,LO,3,2,2,"[LOL2, ME.LOPL2] -> LOL3 -> [LO.LOPL3, ME.LOPL4]",LO,2,ME.LOP,2,LO.LOP,3,ME.LOP,4
6889992213,mixed,FF->mix,FF,mix,3,1,0,2282,3,1.996,33223,14.559,LO,3,2,2,"[LO.LOPL2, ME.LOL2] -> LOL3 -> [LO.LOPL4, MEL2]",LO.LOP,2,ME.LO,2,LO.LOP,4,ME,2
6884147998,mixed,FF->mix,FF,mix,3,1,0,2282,2,1.405,28024,12.28,LO,3,2,2,"[LO.LOPL2, MEL2] -> LOL3 -> [ME.LOPL2, ME.LOPL4]",LO.LOP,2,ME,2,ME.LOP,2,ME.LOP,4
6802392960,mixed,FF->mix,FF,mix,2,1,1,1,1,1.0,3605,3605.0,MB_ML.MB_CA,3,2,2,"[MB_CA.CREL2, MB_CA.MB_MLL2] -> MB_ML.MB_CAL3 -> [MB_CA.MB_MLL3, MB_CA.MB_VLL2]",MB_CA.CRE,2,MB_CA.MB_ML,2,MB_CA.MB_ML,3,MB_CA.MB_VL,2
6802392960,mixed,FF->mix,FF,mix,2,1,1,1,1,1.0,3605,3605.0,MB_ML.MB_CA,3,2,2,"[MB_CA.CREL2, MB_CA.MB_VLL2] -> MB_ML.MB_CAL3 -> [MB_CA.MB_MLL2, MB_CA.MB_MLL3]",MB_CA.CRE,2,MB_CA.MB_VL,2,MB_CA.MB_ML,2,MB_CA.MB_ML,3
6647793120,mixed,FF->mix,FF,mix,2,1,1,1,1,1.0,3605,3605.0,MB_ML.MB_CA,3,2,2,"[MB_CA.MB_MLL2, MB_CA.MB_VLL2] -> MB_ML.MB_CAL3 -> [MB_CA.CREL2, MB_CA.MB_MLL3]",MB_CA.MB_ML,2,MB_CA.MB_VL,2,MB_CA.CRE,2,MB_CA.MB_ML,3
6595367999,mixed,FF->mix,FF,mix,3,1,0,2282,5,1.264,29239,12.813,LO,3,2,2,"[LOL2, ME.LOPL2] -> LOL3 -> [LO.LOPL4, MEL2]",LO,2,ME.LOP,2,LO.LOP,4,ME,2
6493193280,mixed,FF->mix,FF,mix,2,1,1,1,1,1.0,3755,3755.0,MB_ML.MB_CA,3,2,2,"[AL.LHL2, MB_CA.MB_MLL2] -> MB_ML.MB_CAL3 -> [MB_CA.MB_MLL3, MB_CA.MB_VLL2]",AL.LH,2,MB_CA.MB_ML,2,MB_CA.MB_ML,3,MB_CA.MB_VL,2
6493193280,mixed,FF->mix,FF,mix,2,1,1,1,1,1.0,3755,3755.0,MB_ML.MB_CA,3,2,2,"[AL.LHL2, MB_CA.MB_VLL2] -> MB_ML.MB_CAL3 -> [MB_CA.MB_MLL2, MB_CA.MB_MLL3]",AL.LH,2,MB_CA.MB_VL,2,MB_CA.MB_ML,2,MB_CA.MB_ML,3
6482672143,mixed,FF->mix,FF,mix,2,1,1,2282,19,1.449,44456,19.481,LO,3,2,2,"[ME.LOL2, ME.LOPL2] -> LOL3 -> [MEL2, MEL3]",ME.LO,2,ME.LOP,2,ME,2,ME,3
6451149803,mixed,FF->mix,FF,mix,3,0,1,2282,21,1.378,37161,16.284,LO,3,2,2,"[MEL2, ME.LOL2] -> LOL3 -> [LO.LOPL3, MEL4]",ME,2,ME.LO,2,LO.LOP,3,ME,4
6430659846,mixed,FF->mix,FF,mix,3,1,0,2282,2,1.271,9836,4.31,LO,3,2,2,"[LO.LOPL2, ME.LOL2] -> LOL3 -> [ME.LOPL2, ME.LOPL4]",LO.LOP,2,ME.LO,2,ME.LOP,2,ME.LOP,4
6412834434,mixed,FF->mix,FF,mix,3,0,1,2282,9,1.036,35838,15.705,LO,3,2,2,"[LOL2, MEL2] -> LOL3 -> [LO.LOPL4, ME.LOL3]",LO,2,ME,2,LO.LOP,4,ME.LO,3
6357204801,mixed,FF->mix,FF,mix,3,1,0,2282,3,1.919,28841,12.638,LO,3,2,2,"[LO.LOPL2, ME.LOPL2] -> LOL3 -> [LO.LOPL4, MEL2]",LO.LOP,2,ME.LOP,2,LO.LOP,4,ME,2
5927523279,mixed,FF->mix,FF,mix,2,1,1,2282,24,1.208,38992,17.087,LO,3,2,2,"[LOL2, MEL2] -> LOL3 -> [MEL3, ME.LOPL2]",LO,2,ME,2,ME,3,ME.LOP,2
5820608160,mixed,FF->mix,FF,mix,3,0,1,2282,2,1.74,7245,3.175,LO,3,2,2,"[LOL2, ME.LOPL2] -> LOL3 -> [ME.LOPL3, ME.LOPL4]",LO,2,ME.LOP,2,ME.LOP,3,ME.LOP,4
5785220499,mixed,FF->mix,FF,mix,3,0,1,2282,28,1.093,13072,5.728,LO,3,2,2,"[LOL2, ME.LOL2] -> LOL3 -> [LOL4, LO.LOPL3]",LO,2,ME.LO,2,LO,4,LO.LOP,3
5687263576,mixed,FF->mix,FF,mix,3,0,1,2282,21,1.268,36737,16.099,LO,3,2,2,"[MEL2, ME.LOL2] -> LOL3 -> [MEL4, ME.LOPL3]",ME,2,ME.LO,2,ME,4,ME.LOP,3
5666600702,mixed,FF->mix,FF,mix,2,1,1,2282,16,1.615,42611,18.673,LO,3,2,2,"[ME.LOL2, ME.LOPL2] -> LOL3 -> [MEL2, ME.LOL3]",ME.LO,2,ME.LOP,2,ME,2,ME.LO,3
5528845779,mixed,FF->mix,FF,mix,2,1,1,2282,313,1.159,43374,19.007,LO,3,2,2,"[MEL2, ME.LOL2] -> LOL3 -> [LOL2, MEL3]",ME,2,ME.LO,2,LO,2,ME,3
5519544643,mixed,FF->mix,FF,mix,2,1,1,2282,144,1.14,43374,19.007,LO,3,2,2,"[LOL2, MEL2] -> LOL3 -> [MEL3, ME.LOL2]",LO,2,ME,2,ME,3,ME.LO,2
5498975129,mixed,FF->mix,FF,mix,3,1,0,2282,18,1.401,33427,14.648,LO,3,2,2,"[MEL2, ME.LOL2] -> LOL3 -> [LOL4, LO.LOPL2]",ME,2,ME.LO,2,LO,4,LO.LOP,2
5295434606,mixed,FF->mix,FF,mix,3,0,1,2282,25,1.065,12648,5.543,LO,3,2,2,"[LOL2, ME.LOL2] -> LOL3 -> [LOL4, ME.LOPL3]",LO,2,ME.LO,2,LO,4,ME.LOP,3
5283058140,mixed,FF->mix,FF,mix,2,1,1,1,1,1.0,2087,2087.0,MB_ML.MB_CA,3,2,2,"[MB_CA.MB_MLL2, MB_CA.MB_PEDL2] -> MB_ML.MB_CAL3 -> [MB_CA.MB_VLL2, MB_CA.MB_VLL3]",MB_CA.MB_ML,2,MB_CA.MB_PED,2,MB_CA.MB_VL,2,MB_CA.MB_VL,3
5283058140,mixed,FF->mix,FF,mix,2,1,1,1,1,1.0,2087,2087.0,MB_ML.MB_CA,3,2,2,"[MB_CA.MB_MLL2, MB_CA.MB_VLL2] -> MB_ML.MB_CAL3 -> [MB_CA.MB_PEDL2, MB_CA.MB_VLL3]",MB_CA.MB_ML,2,MB_CA.MB_VL,2,MB_CA.MB_PED,2,MB_CA.MB_VL,3
5283058140,mixed,FF->mix,FF,mix,2,1,1,1,1,1.0,2087,2087.0,MB_ML.MB_CA,3,2,2,"[MB_CA.MB_PEDL2, MB_CA.MB_VLL2] -> MB_ML.MB_CAL3 -> [MB_CA.MB_MLL2, MB_CA.MB_VLL3]",MB_CA.MB_PED,2,MB_CA.MB_VL,2,MB_CA.MB_ML,2,MB_CA.MB_VL,3
5257335276,mixed,FF->mix,FF,mix,3,1,0,2282,2,1.998,33886,14.849,LO,3,2,2,"[ME.LOL2, ME.LOPL2] -> LOL3 -> [MEL2, ME.LOPL4]",ME.LO,2,ME.LOP,2,ME,2,ME.LOP,4
5256394560,mixed,FF->mix,FF,mix,2,1,1,1,1,1.0,3755,3755.0,MB_ML.MB_CA,3,2,2,"[MB_CA.MB_MLL2, MB_CA.MB_VLL2] -> MB_ML.MB_CAL3 -> [AL.LHL2, MB_CA.MB_MLL3]",MB_CA.MB_ML,2,MB_CA.MB_VL,2,AL.LH,2,MB_CA.MB_ML,3
5184046035,mixed,FF->mix,FF,mix,3,0,1,2282,15,1.038,19495,8.543,LO,3,2,2,"[LOL2, ME.LOL2] -> LOL3 -> [LO.LOPL4, MEL3]",LO,2,ME.LO,2,LO.LOP,4,ME,3
5100129655,mixed,FF->mix,FF,mix,2,1,1,2282,4,1.869,36749,16.104,LO,3,2,2,"[LO.LOPL2, MEL2] -> LOL3 -> [ME.LOL3, ME.LOPL2]",LO.LOP,2,ME,2,ME.LO,3,ME.LOP,2
5094381082,mixed,FF->mix,FF,mix,2,1,1,2282,5,1.986,38594,16.912,LO,3,2,2,"[LO.LOPL2, MEL2] -> LOL3 -> [MEL3, ME.LOPL2]",LO.LOP,2,ME,2,ME,3,ME.LOP,2
5021730060,mixed,FF->mix,FF,mix,3,0,1,2282,6,1.587,32779,14.364,LO,3,2,2,"[MEL2, ME.LOPL2] -> LOL3 -> [LO.LOPL3, MEL4]",ME,2,ME.LOP,2,LO.LOP,3,ME,4
4973857247,mixed,FF->mix,FF,mix,2,1,1,2282,20,1.298,37147,16.278,LO,3,2,2,"[LOL2, MEL2] -> LOL3 -> [ME.LOL3, ME.LOPL2]",LO,2,ME,2,ME.LO,3,ME.LOP,2
4964282900,mixed,FF->mix,FF,mix,3,0,1,2282,14,1.615,30862,13.524,LO,3,2,2,"[LO.LOPL2, MEL2] -> LOL3 -> [LOL4, LO.LOPL3]",LO.LOP,2,ME,2,LO,4,LO.LOP,3
4764607804,mixed,FF->mix,FF,mix,2,1,1,2282,418,1.32,41529,18.199,LO,3,2,2,"[MEL2, ME.LOL2] -> LOL3 -> [LOL2, ME.LOL3]",ME,2,ME.LO,2,LO,2,ME.LO,3
4610187187,mixed,FF->mix,FF,mix,2,1,1,2282,205,1.223,41529,18.199,LO,3,2,2,"[LOL2, MEL2] -> LOL3 -> [ME.LOL2, ME.LOL3]",LO,2,ME,2,ME.LO,2,ME.LO,3
4593963600,mixed,FF->mix,FF,mix,2,1,1,1,1,1.0,2176,2176.0,MB_ML.MB_CA,3,2,2,"[MB_CA.MB_MLL2, MB_MLL2] -> MB_ML.MB_CAL3 -> [MB_CA.MB_VLL2, MB_CA.MB_VLL3]",MB_CA.MB_ML,2,MB_ML,2,MB_CA.MB_VL,2,MB_CA.MB_VL,3
4593963600,mixed,FF->mix,FF,mix,2,1,1,1,1,1.0,2176,2176.0,MB_ML.MB_CA,3,2,2,"[MB_CA.MB_VLL2, MB_MLL2] -> MB_ML.MB_CAL3 -> [MB_CA.MB_MLL2, MB_CA.MB_VLL3]",MB_CA.MB_VL,2,MB_ML,2,MB_CA.MB_ML,2,MB_CA.MB_VL,3
4583754102,mixed,FF->mix,FF,mix,3,1,0,2282,2,1.605,32406,14.201,LO,3,2,2,"[LO.LOPL2, MEL2] -> LOL3 -> [ME.LOL2, ME.LOPL4]",LO.LOP,2,ME,2,ME.LO,2,ME.LOP,4
4487481756,mixed,FF->mix,FF,mix,3,1,0,2282,2,1.262,9836,4.31,LO,3,2,2,"[LO.LOPL2, ME.LOPL2] -> LOL3 -> [ME.LOL2, ME.LOPL4]",LO.LOP,2,ME.LOP,2,ME.LO,2,ME.LOP,4
4440831480,mixed,FF->mix,FF,mix,2,1,1,1,1,1.0,2176,2176.0,MB_ML.MB_CA,3,2,2,"[MB_CA.MB_MLL2, MB_CA.MB_VLL2] -> MB_ML.MB_CAL3 -> [MB_CA.MB_VLL3, MB_MLL2]",MB_CA.MB_ML,2,MB_CA.MB_VL,2,MB_CA.MB_VL,3,MB_ML,2
4425078493,mixed,FF->mix,FF,mix,2,1,1,2282,4,1.664,18561,8.134,LO,3,2,2,"[LO.LOPL2, ME.LOL2] -> LOL3 -> [ME.LOL3, ME.LOPL2]",LO.LOP,2,ME.LO,2,ME.LO,3,ME.LOP,2
4312676590,mixed,FF->mix,FF,mix,3,0,1,2282,9,1.429,32355,14.178,LO,3,2,2,"[MEL2, ME.LOPL2] -> LOL3 -> [MEL4, ME.LOPL3]",ME,2,ME.LOP,2,ME,4,ME.LOP,3
4303000840,mixed,FF->mix,FF,mix,3,1,0,2282,11,1.617,29045,12.728,LO,3,2,2,"[MEL2, ME.LOPL2] -> LOL3 -> [LOL4, LO.LOPL2]",ME,2,ME.LOP,2,LO,4,LO.LOP,2
24820214856,pure_FF,FF->FF,FF,FF,4,0,0,2282,3,1.295,32577,14.276,LO,3,2,2,"[MEL2, ME.LOL2] -> LOL3 -> [LO.LOPL4, ME.LOPL4]",ME,2,ME.LO,2,LO.LOP,4,ME.LOP,4
19634258170,pure_FF,FF->FF,FF,FF,4,0,0,2282,5,1.036,33598,14.723,LO,3,2,2,"[MEL2, ME.LOL2] -> LOL3 -> [LOL4, LO.LOPL4]",ME,2,ME.LO,2,LO,4,LO.LOP,4
18943320162,pure_FF,FF->FF,FF,FF,4,0,0,2282,2,1.469,28195,12.355,LO,3,2,2,"[MEL2, ME.LOPL2] -> LOL3 -> [LO.LOPL4, ME.LOPL4]",ME,2,ME.LOP,2,LO.LOP,4,ME.LOP,4
13968094593,pure_FF,FF->FF,FF,FF,4,0,0,2282,3,1.06,29216,12.803,LO,3,2,2,"[MEL2, ME.LOPL2] -> LOL3 -> [LOL4, LO.LOPL4]",ME,2,ME.LOP,2,LO,4,LO.LOP,4
13610505042,pure_FF,FF->FF,FF,FF,4,0,0,2282,2,1.665,10007,4.385,LO,3,2,2,"[ME.LOL2, ME.LOPL2] -> LOL3 -> [LO.LOPL4, ME.LOPL4]",ME.LO,2,ME.LOP,2,LO.LOP,4,ME.LOP,4
9218050695,pure_FF,FF->FF,FF,FF,4,0,0,2282,3,1.092,11028,4.833,LO,3,2,2,"[ME.LOL2, ME.LOPL2] -> LOL3 -> [LOL4, LO.LOPL4]",ME.LO,2,ME.LOP,2,LO,4,LO.LOP,4
4235530680,pure_FF,FF->FF,FF,FF,4,0,0,2282,3,1.098,27113,11.881,LO,3,2,2,"[LOL2, MEL2] -> LOL3 -> [LO.LOPL4, ME.LOPL4]",LO,2,ME,2,LO.LOP,4,ME.LOP,4
3630199479,pure_FF,FF->FF,FF,FF,4,0,0,2282,11,1.012,28134,12.329,LO,3,2,2,"[LOL2, MEL2] -> LOL3 -> [LOL4, LO.LOPL4]",LO,2,ME,2,LO,4,LO.LOP,4
2820978558,pure_FF,FF->FF,FF,FF,4,0,0,2282,3,1.15,8925,3.911,LO,3,2,2,"[LOL2, ME.LOL2] -> LOL3 -> [LO.LOPL4, ME.LOPL4]",LO,2,ME.LO,2,LO.LOP,4,ME.LOP,4
2727748558,pure_FF,FF->FF,FF,FF,4,0,0,2282,2,1.849,26715,11.707,LO,3,2,2,"[LO.LOPL2, MEL2] -> LOL3 -> [LO.LOPL4, ME.LOPL4]",LO.LOP,2,ME,2,LO.LOP,4,ME.LOP,4
2375681343,pure_FF,FF->FF,FF,FF,4,0,0,2282,13,1.077,34035,14.915,LO,3,2,2,"[MEL2, ME.LOL2] -> LOL3 -> [LO.LOPL4, MEL4]",ME,2,ME.LO,2,LO.LOP,4,ME,4
2366577739,pure_FF,FF->FF,FF,FF,4,0,0,2282,5,1.018,9946,4.358,LO,3,2,2,"[LOL2, ME.LOL2] -> LOL3 -> [LOL4, LO.LOPL4]",LO,2,ME.LO,2,LO,4,LO.LOP,4
2108206308,pure_FF,FF->FF,FF,FF,4,0,0,2282,2,1.987,8527,3.737,LO,3,2,2,"[LO.LOPL2, ME.LOL2] -> LOL3 -> [LO.LOPL4, ME.LOPL4]",LO.LOP,2,ME.LO,2,LO.LOP,4,ME.LOP,4
2074278852,pure_FF,FF->FF,FF,FF,4,0,0,2282,2,1.245,4543,1.991,LO,3,2,2,"[LOL2, ME.LOPL2] -> LOL3 -> [LO.LOPL4, ME.LOPL4]",LO,2,ME.LOP,2,LO.LOP,4,ME.LOP,4
1926539484,pure_FF,FF->FF,FF,FF,4,0,0,2282,2,1.945,4145,1.816,LO,3,2,2,"[LO.LOPL2, ME.LOPL2] -> LOL3 -> [LO.LOPL4, ME.LOPL4]",LO.LOP,2,ME.LOP,2,LO.LOP,4,ME.LOP,4
1747037880,pure_FF,FF->FF,FF,FF,4,0,0,2282,2,1.084,32781,14.365,LO,3,2,2,"[MEL2, ME.LOL2] -> LOL3 -> [LOL4, ME.LOPL4]",ME,2,ME.LO,2,LO,4,ME.LOP,4
1710831951,pure_FF,FF->FF,FF,FF,4,0,0,2282,4,1.126,29653,12.994,LO,3,2,2,"[MEL2, ME.LOPL2] -> LOL3 -> [LO.LOPL4, MEL4]",ME,2,ME.LOP,2,LO.LOP,4,ME,4
1673996517,pure_FF,FF->FF,FF,FF,4,0,0,2282,3,1.03,5564,2.438,LO,3,2,2,"[LOL2, ME.LOPL2] -> LOL3 -> [LOL4, LO.LOPL4]",LO,2,ME.LOP,2,LO,4,LO.LOP,4
1672763361,pure_FF,FF->FF,FF,FF,4,0,0,2282,9,1.134,27736,12.154,LO,3,2,2,"[LO.LOPL2, MEL2] -> LOL3 -> [LOL4, LO.LOPL4]",LO.LOP,2,ME,2,LO,4,LO.LOP,4
1260744216,pure_FF,FF->FF,FF,FF,4,0,0,2282,2,1.138,28399,12.445,LO,3,2,2,"[MEL2, ME.LOPL2] -> LOL3 -> [LOL4, ME.LOPL4]",ME,2,ME.LOP,2,LO,4,ME.LOP,4
1146956613,pure_FF,FF->FF,FF,FF,4,0,0,2282,4,1.192,11465,5.024,LO,3,2,2,"[ME.LOL2, ME.LOPL2] -> LOL3 -> [LO.LOPL4, MEL4]",ME.LO,2,ME.LOP,2,LO.LOP,4,ME,4
1123359723,pure_FF,FF->FF,FF,FF,4,0,0,2282,4,1.203,9548,4.184,LO,3,2,2,"[LO.LOPL2, ME.LOL2] -> LOL3 -> [LOL4, LO.LOPL4]",LO.LOP,2,ME.LO,2,LO,4,LO.LOP,4
847429920,pure_FF,FF->FF,FF,FF,4,0,0,2282,2,1.209,10211,4.475,LO,3,2,2,"[ME.LOL2, ME.LOPL2] -> LOL3 -> [LOL4, ME.LOPL4]",ME.LO,2,ME.LOP,2,LO,4,ME.LOP,4
837964005,pure_FF,FF->FF,FF,FF,4,0,0,2282,3,1.33,5166,2.264,LO,3,2,2,"[LO.LOPL2, ME.LOPL2] -> LOL3 -> [LOL4, LO.LOPL4]",LO.LOP,2,ME.LOP,2,LO,4,LO.LOP,4
433527487,pure_FF,FF->FF,FF,FF,4,0,0,2282,13,1.025,28571,12.52,LO,3,2,2,"[LOL2, MEL2] -> LOL3 -> [LO.LOPL4, MEL4]",LO,2,ME,2,LO.LOP,4,ME,4
318097140,pure_FF,FF->FF,FF,FF,4,0,0,2282,2,1.027,27317,11.971,LO,3,2,2,"[LOL2, MEL2] -> LOL3 -> [LOL4, ME.LOPL4]",LO,2,ME,2,LO,4,ME.LOP,4
283589799,pure_FF,FF->FF,FF,FF,4,0,0,2282,14,1.038,10383,4.55,LO,3,2,2,"[LOL2, ME.LOL2] -> LOL3 -> [LO.LOPL4, MEL4]",LO,2,ME.LO,2,LO.LOP,4,ME,4
272473098,pure_FF,FF->FF,FF,FF,4,0,0,2282,2,1.516,3063,1.342,LO,3,2,2,"[LOL2, LO.LOPL2] -> LOL3 -> [LO.LOPL4, ME.LOPL4]",LO,2,LO.LOP,2,LO.LOP,4,ME.LOP,4
216504501,pure_FF,FF->FF,FF,FF,4,0,0,2282,2,1.175,33218,14.557,LO,3,2,2,"[MEL2, ME.LOL2] -> LOL3 -> [MEL4, ME.LOPL4]",ME,2,ME.LO,2,ME,4,ME.LOP,4
212299861,pure_FF,FF->FF,FF,FF,4,0,0,2282,3,1.278,28173,12.346,LO,3,2,2,"[LO.LOPL2, MEL2] -> LOL3 -> [LO.LOPL4, MEL4]",LO.LOP,2,ME,2,LO.LOP,4,ME,4
208203066,pure_FF,FF->FF,FF,FF,4,0,0,2282,2,1.042,9129,4.0,LO,3,2,2,"[LOL2, ME.LOL2] -> LOL3 -> [LOL4, ME.LOPL4]",LO,2,ME.LO,2,LO,4,ME.LOP,4
201867657,pure_FF,FF->FF,FF,FF,4,0,0,2282,4,1.063,6001,2.63,LO,3,2,2,"[LOL2, ME.LOPL2] -> LOL3 -> [LO.LOPL4, MEL4]",LO,2,ME.LOP,2,LO.LOP,4,ME,4
197035583,pure_FF,FF->FF,FF,FF,4,0,0,2282,9,1.067,4084,1.79,LO,3,2,2,"[LOL2, LO.LOPL2] -> LOL3 -> [LOL4, LO.LOPL4]",LO,2,LO.LOP,2,LO,4,LO.LOP,4
182895415,pure_FF,FF->FF,FF,FF,4,0,0,2282,91,1.057,34239,15.004,LO,3,2,2,"[MEL2, ME.LOL2] -> LOL3 -> [LOL4, MEL4]",ME,2,ME.LO,2,LO,4,ME,4
160299762,pure_FF,FF->FF,FF,FF,4,0,0,2282,2,1.286,28836,12.636,LO,3,2,2,"[MEL2, ME.LOPL2] -> LOL3 -> [MEL4, ME.LOPL4]",ME,2,ME.LOP,2,ME,4,ME.LOP,4
157364996,pure_FF,FF->FF,FF,FF,4,0,0,2282,2,1.302,26919,11.796,LO,3,2,2,"[LO.LOPL2, MEL2] -> LOL3 -> [LOL4, ME.LOPL4]",LO.LOP,2,ME,2,LO,4,ME.LOP,4
148368600,pure_FF,FF->FF,FF,FF,4,0,0,2282,2,1.069,4747,2.08,LO,3,2,2,"[LOL2, ME.LOPL2] -> LOL3 -> [LOL4, ME.LOPL4]",LO,2,ME.LOP,2,LO,4,ME.LOP,4
147036408,pure_FF,FF->FF,FF,FF,4,0,0,2282,3,1.414,9985,4.376,LO,3,2,2,"[LO.LOPL2, ME.LOL2] -> LOL3 -> [LO.LOPL4, MEL4]",LO.LOP,2,ME.LO,2,LO.LOP,4,ME,4
127268195,pure_FF,FF->FF,FF,FF,4,0,0,2282,11,1.035,29857,13.084,LO,3,2,2,"[MEL2, ME.LOPL2] -> LOL3 -> [LOL4, MEL4]",ME,2,ME.LOP,2,LO,4,ME,4
115398555,pure_FF,FF->FF,FF,FF,4,0,0,2282,3,1.634,5603,2.455,LO,3,2,2,"[LO.LOPL2, ME.LOPL2] -> LOL3 -> [LO.LOPL4, MEL4]",LO.LOP,2,ME.LOP,2,LO.LOP,4,ME,4
111200418,pure_FF,FF->FF,FF,FF,4,0,0,2282,2,1.425,10648,4.666,LO,3,2,2,"[ME.LOL2, ME.LOPL2] -> LOL3 -> [MEL4, ME.LOPL4]",ME.LO,2,ME.LOP,2,ME,4,ME.LOP,4
109522074,pure_FF,FF->FF,FF,FF,4,0,0,2282,2,1.448,8731,3.826,LO,3,2,2,"[LO.LOPL2, ME.LOL2] -> LOL3 -> [LOL4, ME.LOPL4]",LO.LOP,2,ME.LO,2,LO,4,ME.LOP,4
102013080,pure_FF,FF->FF,FF,FF,4,0,0,2282,4,1.0,28928,12.677,LO,3,2,2,"[MEL2, ME.LOPL2] -> LOL3 -> [LO.LOPL4, LO.PVLPL4]",ME,2,ME.LOP,2,LO.LOP,4,LO.PVLP,4
101422092,pure_FF,FF->FF,FF,FF,4,0,0,2282,4,1.0,10740,4.706,LO,3,2,2,"[ME.LOL2, ME.LOPL2] -> LOL3 -> [LO.LOPL4, LO.PVLPL4]",ME.LO,2,ME.LOP,2,LO.LOP,4,LO.PVLP,4
88778927,pure_FF,FF->FF,FF,FF,4,0,0,2282,15,1.022,33310,14.597,LO,3,2,2,"[MEL2, ME.LOL2] -> LOL3 -> [LO.LOPL4, LO.PVLPL4]",ME,2,ME.LO,2,LO.LOP,4,LO.PVLP,4
86617848,pure_FF,FF->FF,FF,FF,4,0,0,2282,2,1.678,4349,1.906,LO,3,2,2,"[LO.LOPL2, ME.LOPL2] -> LOL3 -> [LOL4, ME.LOPL4]",LO.LOP,2,ME.LOP,2,LO,4,ME.LOP,4
83468117,pure_FF,FF->FF,FF,FF,4,0,0,2282,12,1.054,11669,5.113,LO,3,2,2,"[ME.LOL2, ME.LOPL2] -> LOL3 -> [LOL4, MEL4]",ME.LO,2,ME.LOP,2,LO,4,ME,4
58219560,pure_FF,FF->FF,FF,FF,4,0,0,1,1,1.0,1661,1661.0,MB_ML.MB_CA,3,2,2,"[MB_CA.MB_MLL2, MB_CA.MB_VLL2] -> MB_ML.MB_CAL3 -> [PLP.CREL4, PLP.MB_PEDL4]",MB_CA.MB_ML,2,MB_CA.MB_VL,2,PLP.CRE,4,PLP.MB_PED,4
45506414,pure_FF,FF->FF,FF,FF,4,0,0,2282,3,1.229,25932,11.364,LO,3,2,2,"[AVLP.MEL2, MEL2] -> LOL3 -> [LO.LOPL4, ME.LOPL4]",AVLP.ME,2,ME,2,LO.LOP,4,ME.LOP,4
40776519,pure_FF,FF->FF,FF,FF,4,0,0,2282,2,1.0,26577,11.646,LO,3,2,2,"[LOPL2, MEL2] -> LOL3 -> [LO.LOPL4, ME.LOPL4]",LOP,2,ME,2,LO.LOP,4,ME.LOP,4
40776516,pure_FF,FF->FF,FF,FF,4,0,0,2282,1,1.0,25936,11.365,LO,3,2,2,"[IPS.MEL2, MEL2] -> LOL3 -> [LO.LOPL4, ME.LOPL4]",IPS.ME,2,ME,2,LO.LOP,4,ME.LOP,4
38548649,pure_FF,FF->FF,FF,FF,4,0,0,2282,464,7.239,33514,14.686,LO,3,2,2,"[MEL2, ME.LOL2] -> LOL3 -> [LOL4, LO.PVLPL4]",ME,2,ME.LO,2,LO,4,LO.PVLP,4
38304546,pure_FF,FF->FF,FF,FF,4,0,0,2282,2,1.058,27754,12.162,LO,3,2,2,"[LOL2, MEL2] -> LOL3 -> [MEL4, ME.LOPL4]",LO,2,ME,2,ME,4,ME.LOP,4
36963149,pure_FF,FF->FF,FF,FF,4,0,0,2282,3,1.028,26953,11.811,LO,3,2,2,"[AVLP.MEL2, MEL2] -> LOL3 -> [LOL4, LO.LOPL4]",AVLP.ME,2,ME,2,LO,4,LO.LOP,4
36452046,pure_FF,FF->FF,FF,FF,4,0,0,2282,3,1.0,27598,12.094,LO,3,2,2,"[LOPL2, MEL2] -> LOL3 -> [LOL4, LO.LOPL4]",LOP,2,ME,2,LO,4,LO.LOP,4
36451809,pure_FF,FF->FF,FF,FF,4,0,0,2282,2,1.0,26957,11.813,LO,3,2,2,"[IPS.MEL2, MEL2] -> LOL3 -> [LOL4, LO.LOPL4]",IPS.ME,2,ME,2,LO,4,LO.LOP,4
34003354,pure_FF,FF->FF,FF,FF,4,0,0,2282,78,1.044,28775,12.61,LO,3,2,2,"[LOL2, MEL2] -> LOL3 -> [LOL4, MEL4]",LO,2,ME,2,LO,4,ME,4
31202268,pure_FF,FF->FF,FF,FF,4,0,0,2282,3,1.344,7744,3.394,LO,3,2,2,"[AVLP.MEL2, ME.LOL2] -> LOL3 -> [LO.LOPL4, ME.LOPL4]",AVLP.ME,2,ME.LO,2,LO.LOP,4,ME.LOP,4
30656880,pure_FF,FF->FF,FF,FF,4,0,0,52,1,1.0,1374,26.423,MB_ML,3,2,2,"[MB_CA.MB_MLL2, MB_MLL2] -> MB_MLL3 -> [MB_CA.MB_MLL4, PLP.MB_MLL4]",MB_CA.MB_ML,2,MB_ML,2,MB_CA.MB_ML,4,PLP.MB_ML,4
30411798,pure_FF,FF->FF,FF,FF,4,0,0,2282,2,1.0,4878,2.138,LO,3,2,2,"[LO.LOPL2, ME.LOPL2] -> LOL3 -> [LO.LOPL4, LO.PVLPL4]",LO.LOP,2,ME.LOP,2,LO.LOP,4,LO.PVLP,4
26593920,pure_FF,FF->FF,FF,FF,4,0,0,52,1,1.0,1352,26.0,MB_ML,3,2,2,"[AL.MB_CAL2, MB_CA.MB_MLL2] -> MB_MLL3 -> [MB_CA.MB_MLL4, PLP.MB_MLL4]",AL.MB_CA,2,MB_CA.MB_ML,2,MB_CA.MB_ML,4,PLP.MB_ML,4
26499753,pure_FF,FF->FF,FF,FF,4,0,0,2282,2,1.0,8389,3.676,LO,3,2,2,"[LOPL2, ME.LOL2] -> LOL3 -> [LO.LOPL4, ME.LOPL4]",LOP,2,ME.LO,2,LO.LOP,4,ME.LOP,4
26499726,pure_FF,FF->FF,FF,FF,4,0,0,2282,1,1.0,7748,3.395,LO,3,2,2,"[IPS.MEL2, ME.LOL2] -> LOL3 -> [LO.LOPL4, ME.LOPL4]",IPS.ME,2,ME.LO,2,LO.LOP,4,ME.LOP,4
26334160,pure_FF,FF->FF,FF,FF,4,0,0,2282,2,1.0,27448,12.028,LO,3,2,2,"[LO.LOPL2, MEL2] -> LOL3 -> [LO.LOPL4, LO.PVLPL4]",LO.LOP,2,ME,2,LO.LOP,4,LO.PVLP,4
26313340,pure_FF,FF->FF,FF,FF,4,0,0,10709,252,26.922,34239,3.197,ME,3,2,2,"[MEL2, ME.LOL2] -> MEL3 -> [LOL4, MEL4]",ME,2,ME.LO,2,LO,4,ME,4
26181588,pure_FF,FF->FF,FF,FF,4,0,0,2282,2,1.0,9260,4.058,LO,3,2,2,"[LO.LOPL2, ME.LOL2] -> LOL3 -> [LO.LOPL4, LO.PVLPL4]",LO.LOP,2,ME.LO,2,LO.LOP,4,LO.PVLP,4
25263000,pure_FF,FF->FF,FF,FF,4,0,0,2282,2,1.088,9566,4.192,LO,3,2,2,"[LOL2, ME.LOL2] -> LOL3 -> [MEL4, ME.LOPL4]",LO,2,ME.LO,2,ME,4,ME.LOP,4
24218070,pure_FF,FF->FF,FF,FF,4,0,0,2282,3,1.141,4521,1.981,LO,3,2,2,"[LOL2, LO.LOPL2] -> LOL3 -> [LO.LOPL4, MEL4]",LO,2,LO.LOP,2,LO.LOP,4,ME,4
24197538,pure_FF,FF->FF,FF,FF,4,0,0,2282,3,1.043,8765,3.841,LO,3,2,2,"[AVLP.MEL2, ME.LOL2] -> LOL3 -> [LOL4, LO.LOPL4]",AVLP.ME,2,ME.LO,2,LO,4,LO.LOP,4
24097278,pure_FF,FF->FF,FF,FF,4,0,0,2282,2,1.54,3362,1.473,LO,3,2,2,"[AVLP.MEL2, ME.LOPL2] -> LOL3 -> [LO.LOPL4, ME.LOPL4]",AVLP.ME,2,ME.LOP,2,LO.LOP,4,ME.LOP,4
23858275,pure_FF,FF->FF,FF,FF,4,0,0,2282,141,1.064,32799,14.373,LO,3,2,2,"[MEL2, ME.LOL2] -> LOL3 -> [LOL4, LO.AOTUL4]",ME,2,ME.LO,2,LO,4,LO.AOTU,4
23689185,pure_FF,FF->FF,FF,FF,4,0,0,2282,2,1.0,9410,4.124,LO,3,2,2,"[LOPL2, ME.LOL2] -> LOL3 -> [LOL4, LO.LOPL4]",LOP,2,ME.LO,2,LO,4,LO.LOP,4
23689158,pure_FF,FF->FF,FF,FF,4,0,0,2282,2,1.0,8769,3.843,LO,3,2,2,"[IPS.MEL2, ME.LOL2] -> LOL3 -> [LOL4, LO.LOPL4]",IPS.ME,2,ME.LO,2,LO,4,LO.LOP,4
23253656,pure_FF,FF->FF,FF,FF,4,0,0,2282,100,1.155,10587,4.639,LO,3,2,2,"[LOL2, ME.LOL2] -> LOL3 -> [LOL4, MEL4]",LO,2,ME.LO,2,LO,4,ME,4
21437726,pure_FF,FF->FF,FF,FF,4,0,0,2282,2,1.589,27356,11.988,LO,3,2,2,"[LO.LOPL2, MEL2] -> LOL3 -> [MEL4, ME.LOPL4]",LO.LOP,2,ME,2,ME,4,ME.LOP,4
20792700,pure_FF,FF->FF,FF,FF,4,0,0,1,1,1.0,1661,1661.0,MB_ML.MB_CA,3,2,2,"[MB_CA.MB_MLL2, MB_CA.MB_VLL2] -> MB_ML.MB_CAL3 -> [PLP.CREL4, PLP.MB_MLL4]",MB_CA.MB_ML,2,MB_CA.MB_VL,2,PLP.CRE,4,PLP.MB_ML,4
20402466,pure_FF,FF->FF,FF,FF,4,0,0,2282,1,1.0,28111,12.319,LO,3,2,2,"[MEL2, ME.LOPL2] -> LOL3 -> [LO.PVLPL4, ME.LOPL4]",ME,2,ME.LOP,2,LO.PVLP,4,ME.LOP,4
20284362,pure_FF,FF->FF,FF,FF,4,0,0,2282,1,1.0,9923,4.348,LO,3,2,2,"[ME.LOL2, ME.LOPL2] -> LOL3 -> [LO.PVLPL4, ME.LOPL4]",ME.LO,2,ME.LOP,2,LO.PVLP,4,ME.LOP,4
18634968,pure_FF,FF->FF,FF,FF,4,0,0,2282,1,1.0,3366,1.475,LO,3,2,2,"[IPS.MEL2, ME.LOPL2] -> LOL3 -> [LO.LOPL4, ME.LOPL4]",IPS.ME,2,ME.LOP,2,LO.LOP,4,ME.LOP,4
18634968,pure_FF,FF->FF,FF,FF,4,0,0,2282,1,1.0,4007,1.756,LO,3,2,2,"[LOPL2, ME.LOPL2] -> LOL3 -> [LO.LOPL4, ME.LOPL4]",LOP,2,ME.LOP,2,LO.LOP,4,ME.LOP,4
18254628,pure_FF,FF->FF,FF,FF,4,0,0,2282,2,1.145,5184,2.272,LO,3,2,2,"[LOL2, ME.LOPL2] -> LOL3 -> [MEL4, ME.LOPL4]",LO,2,ME.LOP,2,ME,4,ME.LOP,4
17857254,pure_FF,FF->FF,FF,FF,4,0,0,2282,2,1.154,3267,1.432,LO,3,2,2,"[LOL2, LO.LOPL2] -> LOL3 -> [LOL4, ME.LOPL4]",LO,2,LO.LOP,2,LO,4,ME.LOP,4
17564538,pure_FF,FF->FF,FF,FF,4,0,0,2282,2,1.0,32493,14.239,LO,3,2,2,"[MEL2, ME.LOL2] -> LOL3 -> [LO.PVLPL4, ME.LOPL4]",ME,2,ME.LO,2,LO.PVLP,4,ME.LOP,4
17249061,pure_FF,FF->FF,FF,FF,4,0,0,2282,3,1.071,4383,1.921,LO,3,2,2,"[AVLP.MEL2, ME.LOPL2] -> LOL3 -> [LOL4, LO.LOPL4]",AVLP.ME,2,ME.LOP,2,LO,4,LO.LOP,4
17123400,pure_FF,FF->FF,FF,FF,4,0,0,1,1,1.0,1640,1640.0,MB_ML.MB_CA,3,2,2,"[MB_CA.MB_MLL2, MB_CA.MB_VLL2] -> MB_ML.MB_CAL3 -> [PLP.MB_MLL4, PLP.MB_PEDL4]",MB_CA.MB_ML,2,MB_CA.MB_VL,2,PLP.MB_ML,4,PLP.MB_PED,4
16658568,pure_FF,FF->FF,FF,FF,4,0,0,2282,2,1.0,5028,2.203,LO,3,2,2,"[LOPL2, ME.LOPL2] -> LOL3 -> [LOL4, LO.LOPL4]",LOP,2,ME.LOP,2,LO,4,LO.LOP,4
16658541,pure_FF,FF->FF,FF,FF,4,0,0,2282,2,1.0,4387,1.922,LO,3,2,2,"[IPS.MEL2, ME.LOPL2] -> LOL3 -> [LOL4, LO.LOPL4]",IPS.ME,2,ME.LOP,2,LO,4,LO.LOP,4
16634160,pure_FF,FF->FF,FF,FF,4,0,0,1,1,1.0,1649,1649.0,MB_ML.MB_CA,3,2,2,"[MB_CA.MB_MLL2, MB_CA.MB_VLL2] -> MB_ML.MB_CAL3 -> [MB_MLL4, PLP.CREL4]",MB_CA.MB_ML,2,MB_CA.MB_VL,2,MB_ML,4,PLP.CRE,4
16135200,pure_FF,FF->FF,FF,FF,4,0,0,52,1,1.0,1374,26.423,MB_ML,3,2,2,"[MB_CA.MB_MLL2, MB_MLL2] -> MB_MLL3 -> [MB_CA.MB_MLL4, PLP.MB_PEDL4]",MB_CA.MB_ML,2,MB_ML,2,MB_CA.MB_ML,4,PLP.MB_PED,4
15745428,pure_FF,FF->FF,FF,FF,4,0,0,2282,2,1.798,9168,4.018,LO,3,2,2,"[LO.LOPL2, ME.LOL2] -> LOL3 -> [MEL4, ME.LOPL4]",LO.LOP,2,ME.LO,2,ME,4,ME.LOP,4
15618718,pure_FF,FF->FF,FF,FF,4,0,0,2282,106,4.261,32483,14.234,LO,3,2,2,"[MEL2, ME.LOL2] -> LOL3 -> [LO.PVLPL4, LO.SPSL4]",ME,2,ME.LO,2,LO.PVLP,4,LO.SPS,4
15513120,pure_FF,FF->FF,FF,FF,4,0,0,52,1,1.0,1654,31.808,MB_ML,3,2,2,"[MB_CA.MB_MLL2, MB_CA.MB_VLL2] -> MB_MLL3 -> [MB_CA.MB_MLL4, PLP.MB_MLL4]",MB_CA.MB_ML,2,MB_CA.MB_VL,2,MB_CA.MB_ML,4,PLP.MB_ML,4
15345307,pure_FF,FF->FF,FF,FF,4,0,0,2282,12,1.018,6205,2.719,LO,3,2,2,"[LOL2, ME.LOPL2] -> LOL3 -> [LOL4, MEL4]",LO,2,ME.LOP,2,LO,4,ME,4
15025634,pure_FF,FF->FF,FF,FF,4,0,0,2282,11,1.079,28377,12.435,LO,3,2,2,"[LO.LOPL2, MEL2] -> LOL3 -> [LOL4, MEL4]",LO.LOP,2,ME,2,LO,4,ME,4
13996800,pure_FF,FF->FF,FF,FF,4,0,0,52,1,1.0,1352,26.0,MB_ML,3,2,2,"[AL.MB_CAL2, MB_CA.MB_MLL2] -> MB_MLL3 -> [MB_CA.MB_MLL4, PLP.MB_PEDL4]",AL.MB_CA,2,MB_CA.MB_ML,2,MB_CA.MB_ML,4,PLP.MB_PED,4
13698720,pure_FF,FF->FF,FF,FF,4,0,0,1,1,1.0,1628,1628.0,MB_ML.MB_CA,3,2,2,"[MB_CA.MB_MLL2, MB_CA.MB_VLL2] -> MB_ML.MB_CAL3 -> [MB_MLL4, PLP.MB_PEDL4]",MB_CA.MB_ML,2,MB_CA.MB_VL,2,MB_ML,4,PLP.MB_PED,4
13472508,pure_FF,FF->FF,FF,FF,4,0,0,2282,2,1.981,4786,2.097,LO,3,2,2,"[LO.LOPL2, ME.LOPL2] -> LOL3 -> [MEL4, ME.LOPL4]",LO.LOP,2,ME.LOP,2,ME,4,ME.LOP,4
12475620,pure_FF,FF->FF,FF,FF,4,0,0,1,1,1.0,1976,1976.0,MB_ML.MB_CA,3,2,2,"[MB_CA.MB_MLL2, MB_CA.MB_VLL2] -> MB_ML.MB_CAL3 -> [LHL4, PLP.CREL4]",MB_CA.MB_ML,2,MB_CA.MB_VL,2,LH,4,PLP.CRE,4
12475620,pure_FF,FF->FF,FF,FF,4,0,0,1,1,1.0,1642,1642.0,MB_ML.MB_CA,3,2,2,"[MB_CA.MB_MLL2, MB_CA.MB_VLL2] -> MB_ML.MB_CAL3 -> [MB_CA.CREL4, PLP.CREL4]",MB_CA.MB_ML,2,MB_CA.MB_VL,2,MB_CA.CRE,4,PLP.CRE,4
12475620,pure_FF,FF->FF,FF,FF,4,0,0,1,1,1.0,1675,1675.0,MB_ML.MB_CA,3,2,2,"[MB_CA.MB_MLL2, MB_CA.MB_VLL2] -> MB_ML.MB_CAL3 -> [MB_CA.MB_MLL4, PLP.CREL4]",MB_CA.MB_ML,2,MB_CA.MB_VL,2,MB_CA.MB_ML,4,PLP.CRE,4
12475620,pure_FF,FF->FF,FF,FF,4,0,0,1,1,1.0,1864,1864.0,MB_ML.MB_CA,3,2,2,"[MB_CA.MB_MLL2, MB_CA.MB_VLL2] -> MB_ML.MB_CAL3 -> [PLPL4, PLP.CREL4]",MB_CA.MB_ML,2,MB_CA.MB_VL,2,PLP,4,PLP.CRE,4
12475620,pure_FF,FF->FF,FF,FF,4,0,0,1,1,1.0,1657,1657.0,MB_ML.MB_CA,3,2,2,"[MB_CA.MB_MLL2, MB_CA.MB_VLL2] -> MB_ML.MB_CAL3 -> [PLP.CREL4, SMP.MB_MLL4]",MB_CA.MB_ML,2,MB_CA.MB_VL,2,PLP.CRE,4,SMP.MB_ML,4
10924620,pure_FF,FF->FF,FF,FF,4,0,0,2282,1,1.0,3362,1.473,LO,3,2,2,"[GNG.MEL2, ME.LOPL2] -> LOL3 -> [LO.LOPL4, ME.LOPL4]",GNG.ME,2,ME.LOP,2,LO.LOP,4,ME.LOP,4
10274040,pure_FF,FF->FF,FF,FF,4,0,0,1,1,1.0,1955,1955.0,MB_ML.MB_CA,3,2,2,"[MB_CA.MB_MLL2, MB_CA.MB_VLL2] -> MB_ML.MB_CAL3 -> [LHL4, PLP.MB_PEDL4]",MB_CA.MB_ML,2,MB_CA.MB_VL,2,LH,4,PLP.MB_PED,4
10274040,pure_FF,FF->FF,FF,FF,4,0,0,1,1,1.0,1621,1621.0,MB_ML.MB_CA,3,2,2,"[MB_CA.MB_MLL2, MB_CA.MB_VLL2] -> MB_ML.MB_CAL3 -> [MB_CA.CREL4, PLP.MB_PEDL4]",MB_CA.MB_ML,2,MB_CA.MB_VL,2,MB_CA.CRE,4,PLP.MB_PED,4
10274040,pure_FF,FF->FF,FF,FF,4,0,0,1,1,1.0,1654,1654.0,MB_ML.MB_CA,3,2,2,"[MB_CA.MB_MLL2, MB_CA.MB_VLL2] -> MB_ML.MB_CAL3 -> [MB_CA.MB_MLL4, PLP.MB_PEDL4]",MB_CA.MB_ML,2,MB_CA.MB_VL,2,MB_CA.MB_ML,4,PLP.MB_PED,4
10274040,pure_FF,FF->FF,FF,FF,4,0,0,1,1,1.0,1843,1843.0,MB_ML.MB_CA,3,2,2,"[MB_CA.MB_MLL2, MB_CA.MB_VLL2] -> MB_ML.MB_CAL3 -> [PLPL4, PLP.MB_PEDL4]",MB_CA.MB_ML,2,MB_CA.MB_VL,2,PLP,4,PLP.MB_PED,4
10274040,pure_FF,FF->FF,FF,FF,4,0,0,1,1,1.0,1636,1636.0,MB_ML.MB_CA,3,2,2,"[MB_CA.MB_MLL2, MB_CA.MB_VLL2] -> MB_ML.MB_CAL3 -> [PLP.MB_PEDL4, SMP.MB_MLL4]",MB_CA.MB_ML,2,MB_CA.MB_VL,2,PLP.MB_PED,4,SMP.MB_ML,4
9960948,pure_FF,FF->FF,FF,FF,4,0,0,2282,9,1.12,10189,4.465,LO,3,2,2,"[LO.LOPL2, ME.LOL2] -> LOL3 -> [LOL4, MEL4]",LO.LOP,2,ME.LO,2,LO,4,ME,4
9918888,pure_FF,FF->FF,FF,FF,4,0,0,1,1,1.0,1292,1292.0,MB_ML.MB_CA,3,2,2,"[MB_CA.MB_MLL2, MB_CA.MB_PEDL2] -> MB_ML.MB_CAL3 -> [PLP.CREL4, PLP.MB_PEDL4]",MB_CA.MB_ML,2,MB_CA.MB_PED,2,PLP.CRE,4,PLP.MB_PED,4
9681120,pure_FF,FF->FF,FF,FF,4,0,0,52,1,1.0,1395,26.827,MB_ML,3,2,2,"[MB_CA.MB_MLL2, MB_MLL2] -> MB_MLL3 -> [MB_CA.MB_MLL4, PLP.CREL4]",MB_CA.MB_ML,2,MB_ML,2,MB_CA.MB_ML,4,PLP.CRE,4
9459790,pure_FF,FF->FF,FF,FF,4,0,0,2282,1,1.0,25932,11.364,LO,3,2,2,"[GNG.MEL2, MEL2] -> LOL3 -> [LO.LOPL4, ME.LOPL4]",GNG.ME,2,ME,2,LO.LOP,4,ME.LOP,4
9405030,pure_FF,FF->FF,FF,FF,4,0,0,2282,1,1.0,7744,3.394,LO,3,2,2,"[GNG.MEL2, ME.LOL2] -> LOL3 -> [LO.LOPL4, ME.LOPL4]",GNG.ME,2,ME.LO,2,LO.LOP,4,ME.LOP,4
9084895,pure_FF,FF->FF,FF,FF,4,0,0,2282,62,1.118,32511,14.247,LO,3,2,2,"[MEL2, ME.LOL2] -> LOL3 -> [LO.AOTUL4, LO.PVLPL4]",ME,2,ME.LO,2,LO.AOTU,4,LO.PVLP,4
8625120,pure_FF,FF->FF,FF,FF,4,0,0,1,1,1.0,1381,1381.0,MB_ML.MB_CA,3,2,2,"[MB_CA.MB_MLL2, MB_MLL2] -> MB_ML.MB_CAL3 -> [PLP.CREL4, PLP.MB_PEDL4]",MB_CA.MB_ML,2,MB_ML,2,PLP.CRE,4,PLP.MB_PED,4
8515800,pure_FF,FF->FF,FF,FF,4,0,0,52,1,1.0,1360,26.154,MB_ML,3,2,2,"[MB_CA.MB_MLL2, MB_MLL2] -> MB_MLL3 -> [PLP.MB_MLL4, PLP.MB_PEDL4]",MB_CA.MB_ML,2,MB_ML,2,PLP.MB_ML,4,PLP.MB_PED,4
8398080,pure_FF,FF->FF,FF,FF,4,0,0,52,1,1.0,1373,26.404,MB_ML,3,2,2,"[AL.MB_CAL2, MB_CA.MB_MLL2] -> MB_MLL3 -> [MB_CA.MB_MLL4, PLP.CREL4]",AL.MB_CA,2,MB_CA.MB_ML,2,MB_CA.MB_ML,4,PLP.CRE,4
8317080,pure_FF,FF->FF,FF,FF,4,0,0,1,1,1.0,1770,1770.0,MB_ML.MB_CA,3,2,2,"[MB_CA.MB_MLL2, MB_CA.MB_VLL2] -> MB_ML.MB_CAL3 -> [CREL4, PLP.CREL4]",MB_CA.MB_ML,2,MB_CA.MB_VL,2,CRE,4,PLP.CRE,4
8317080,pure_FF,FF->FF,FF,FF,4,0,0,1,1,1.0,1641,1641.0,MB_ML.MB_CA,3,2,2,"[MB_CA.MB_MLL2, MB_CA.MB_VLL2] -> MB_ML.MB_CAL3 -> [MB_CA.MB_PEDL4, PLP.CREL4]",MB_CA.MB_ML,2,MB_CA.MB_VL,2,MB_CA.MB_PED,4,PLP.CRE,4
8317080,pure_FF,FF->FF,FF,FF,4,0,0,1,1,1.0,1642,1642.0,MB_ML.MB_CA,3,2,2,"[MB_CA.MB_MLL2, MB_CA.MB_VLL2] -> MB_ML.MB_CAL3 -> [PLP.CREL4, SCL.CREL4]",MB_CA.MB_ML,2,MB_CA.MB_VL,2,PLP.CRE,4,SCL.CRE,4
8317080,pure_FF,FF->FF,FF,FF,4,0,0,1,1,1.0,1643,1643.0,MB_ML.MB_CA,3,2,2,"[MB_CA.MB_MLL2, MB_CA.MB_VLL2] -> MB_ML.MB_CAL3 -> [PLP.CREL4, SCL.MB_MLL4]",MB_CA.MB_ML,2,MB_CA.MB_VL,2,PLP.CRE,4,SCL.MB_ML,4
8164800,pure_FF,FF->FF,FF,FF,4,0,0,52,1,1.0,1654,31.808,MB_ML,3,2,2,"[MB_CA.MB_MLL2, MB_CA.MB_VLL2] -> MB_MLL3 -> [MB_CA.MB_MLL4, PLP.MB_PEDL4]",MB_CA.MB_ML,2,MB_CA.MB_VL,2,MB_CA.MB_ML,4,PLP.MB_PED,4
7722500,pure_FF,FF->FF,FF,FF,4,0,0,2282,63,7.298,32559,14.268,LO,3,2,2,"[MEL2, ME.LOL2] -> LOL3 -> [LO.PVLPL4, LOP.MEL4]",ME,2,ME.LO,2,LO.PVLP,4,LOP.ME,4
7705639,pure_FF,FF->FF,FF,FF,4,0,0,2282,352,5.909,9862,4.322,LO,3,2,2,"[LOL2, ME.LOL2] -> LOL3 -> [LOL4, LO.PVLPL4]",LO,2,ME.LO,2,LO,4,LO.PVLP,4
7618856,pure_FF,FF->FF,FF,FF,4,0,0,1,1,1.0,1359,1359.0,MB_ML.MB_CA,3,2,2,"[AL.MB_CAL2, MB_CA.MB_MLL2] -> MB_ML.MB_CAL3 -> [PLP.CREL4, PLP.MB_PEDL4]",AL.MB_CA,2,MB_CA.MB_ML,2,PLP.CRE,4,PLP.MB_PED,4
7577848,pure_FF,FF->FF,FF,FF,4,0,0,2282,111,1.22,33397,14.635,LO,3,2,2,"[MEL2, ME.LOL2] -> LOL3 -> [LOL4, ME.LOL4]",ME,2,ME.LO,2,LO,4,ME.LO,4
7387200,pure_FF,FF->FF,FF,FF,4,0,0,52,1,1.0,1338,25.731,MB_ML,3,2,2,"[AL.MB_CAL2, MB_CA.MB_MLL2] -> MB_MLL3 -> [PLP.MB_MLL4, PLP.MB_PEDL4]",AL.MB_CA,2,MB_CA.MB_ML,2,PLP.MB_ML,4,PLP.MB_PED,4
7264009,pure_FF,FF->FF,FF,FF,4,0,0,2282,6,1.197,5807,2.545,LO,3,2,2,"[LO.LOPL2, ME.LOPL2] -> LOL3 -> [LOL4, MEL4]",LO.LOP,2,ME.LOP,2,LO,4,ME,4
6920873,pure_FF,FF->FF,FF,FF,4,0,0,2282,118,1.211,9147,4.008,LO,3,2,2,"[LOL2, ME.LOL2] -> LOL3 -> [LOL4, LO.AOTUL4]",LO,2,ME.LO,2,LO,4,LO.AOTU,4
6849360,pure_FF,FF->FF,FF,FF,4,0,0,1,1,1.0,1749,1749.0,MB_ML.MB_CA,3,2,2,"[MB_CA.MB_MLL2, MB_CA.MB_VLL2] -> MB_ML.MB_CAL3 -> [CREL4, PLP.MB_PEDL4]",MB_CA.MB_ML,2,MB_CA.MB_VL,2,CRE,4,PLP.MB_PED,4
6849360,pure_FF,FF->FF,FF,FF,4,0,0,1,1,1.0,1620,1620.0,MB_ML.MB_CA,3,2,2,"[MB_CA.MB_MLL2, MB_CA.MB_VLL2] -> MB_ML.MB_CAL3 -> [MB_CA.MB_PEDL4, PLP.MB_PEDL4]",MB_CA.MB_ML,2,MB_CA.MB_VL,2,MB_CA.MB_PED,4,PLP.MB_PED,4
6849360,pure_FF,FF->FF,FF,FF,4,0,0,1,1,1.0,1621,1621.0,MB_ML.MB_CA,3,2,2,"[MB_CA.MB_MLL2, MB_CA.MB_VLL2] -> MB_ML.MB_CAL3 -> [PLP.MB_PEDL4, SCL.CREL4]",MB_CA.MB_ML,2,MB_CA.MB_VL,2,PLP.MB_PED,4,SCL.CRE,4
6849360,pure_FF,FF->FF,FF,FF,4,0,0,1,1,1.0,1622,1622.0,MB_ML.MB_CA,3,2,2,"[MB_CA.MB_MLL2, MB_CA.MB_VLL2] -> MB_ML.MB_CAL3 -> [PLP.MB_PEDL4, SCL.MB_MLL4]",MB_CA.MB_ML,2,MB_CA.MB_VL,2,PLP.MB_PED,4,SCL.MB_ML,4
6695676,pure_FF,FF->FF,FF,FF,4,0,0,2282,72,7.071,33951,14.878,LO,3,2,2,"[MEL2, ME.LOL2] -> LOL3 -> [LO.PVLPL4, MEL4]",ME,2,ME.LO,2,LO.PVLP,4,ME,4
6650910,pure_FF,FF->FF,FF,FF,4,0,0,1,1,1.0,594,594.0,MB_ML.MB_CA,3,2,2,"[MB_CA.MB_PEDL2, MB_CA.MB_VLL2] -> MB_ML.MB_CAL3 -> [PLP.CREL4, PLP.MB_PEDL4]",MB_CA.MB_PED,2,MB_CA.MB_VL,2,PLP.CRE,4,PLP.MB_PED,4
6454080,pure_FF,FF->FF,FF,FF,4,0,0,52,1,1.0,1354,26.038,MB_ML,3,2,2,"[MB_CA.MB_MLL2, MB_MLL2] -> MB_MLL3 -> [MB_CA.MB_MLL4, MB_CA.MB_VLL4]",MB_CA.MB_ML,2,MB_ML,2,MB_CA.MB_ML,4,MB_CA.MB_VL,4
6454080,pure_FF,FF->FF,FF,FF,4,0,0,52,1,1.0,1356,26.077,MB_ML,3,2,2,"[MB_CA.MB_MLL2, MB_MLL2] -> MB_MLL3 -> [MB_CA.MB_MLL4, SCL.MB_MLL4]",MB_CA.MB_ML,2,MB_ML,2,MB_CA.MB_ML,4,SCL.MB_ML,4
6325088,pure_FF,FF->FF,FF,FF,4,0,0,1,1,1.0,1274,1274.0,MB_ML.MB_CA,3,2,2,"[MB_CA.CREL2, MB_CA.MB_MLL2] -> MB_ML.MB_CAL3 -> [PLP.CREL4, PLP.MB_PEDL4]",MB_CA.CRE,2,MB_CA.MB_ML,2,PLP.CRE,4,PLP.MB_PED,4
6200526,pure_FF,FF->FF,FF,FF,4,0,0,2282,4,1.0,5276,2.312,LO,3,2,2,"[LOL2, ME.LOPL2] -> LOL3 -> [LO.LOPL4, LO.PVLPL4]",LO,2,ME.LOP,2,LO.LOP,4,LO.PVLP,4
6082356,pure_FF,FF->FF,FF,FF,4,0,0,2282,1,1.0,4061,1.78,LO,3,2,2,"[LO.LOPL2, ME.LOPL2] -> LOL3 -> [LO.PVLPL4, ME.LOPL4]",LO.LOP,2,ME.LOP,2,LO.PVLP,4,ME.LOP,4
6039068,pure_FF,FF->FF,FF,FF,4,0,0,2282,257,1.934,32897,14.416,LO,3,2,2,"[MEL2, ME.LOL2] -> LOL3 -> [LOL4, LO.PLPL4]",ME,2,ME.LO,2,LO,4,LO.PLP,4
6037584,pure_FF,FF->FF,FF,FF,4,0,0,1,1,1.0,1424,1424.0,MB_ML.MB_CA,3,2,2,"[AL.LHL2, MB_CA.MB_MLL2] -> MB_ML.MB_CAL3 -> [PLP.CREL4, PLP.MB_PEDL4]",AL.LH,2,MB_CA.MB_ML,2,PLP.CRE,4,PLP.MB_PED,4
5904194,pure_FF,FF->FF,FF,FF,4,0,0,2282,43,3.657,33109,14.509,LO,3,2,2,"[MEL2, ME.LOL2] -> LOL3 -> [LO.PVLPL4, ME.LOL4]",ME,2,ME.LO,2,LO.PVLP,4,ME.LO,4
5783400,pure_FF,FF->FF,FF,FF,4,0,0,1,1,1.0,683,683.0,MB_ML.MB_CA,3,2,2,"[MB_CA.MB_VLL2, MB_MLL2] -> MB_ML.MB_CAL3 -> [PLP.CREL4, PLP.MB_PEDL4]",MB_CA.MB_VL,2,MB_ML,2,PLP.CRE,4,PLP.MB_PED,4
5762858,pure_FF,FF->FF,FF,FF,4,0,0,2282,301,17.106,28050,12.292,LO,3,2,2,"[LOL2, MEL2] -> LOL3 -> [LOL4, LO.PVLPL4]",LO,2,ME,2,LO,4,LO.PVLP,4
5598720,pure_FF,FF->FF,FF,FF,4,0,0,52,1,1.0,1332,25.615,MB_ML,3,2,2,"[AL.MB_CAL2, MB_CA.MB_MLL2] -> MB_MLL3 -> [MB_CA.MB_MLL4, MB_CA.MB_VLL4]",AL.MB_CA,2,MB_CA.MB_ML,2,MB_CA.MB_ML,4,MB_CA.MB_VL,4
5598720,pure_FF,FF->FF,FF,FF,4,0,0,52,1,1.0,1334,25.654,MB_ML,3,2,2,"[AL.MB_CAL2, MB_CA.MB_MLL2] -> MB_MLL3 -> [MB_CA.MB_MLL4, SCL.MB_MLL4]",AL.MB_CA,2,MB_CA.MB_ML,2,MB_CA.MB_ML,4,SCL.MB_ML,4
5540400,pure_FF,FF->FF,FF,FF,4,0,0,52,1,1.0,1417,27.25,MB_ML,3,2,2,"[AL.LHL2, MB_CA.MB_MLL2] -> MB_MLL3 -> [MB_CA.MB_MLL4, PLP.MB_MLL4]",AL.LH,2,MB_CA.MB_ML,2,MB_CA.MB_ML,4,PLP.MB_ML,4
5540400,pure_FF,FF->FF,FF,FF,4,0,0,52,1,1.0,1267,24.365,MB_ML,3,2,2,"[MB_CA.CREL2, MB_CA.MB_MLL2] -> MB_MLL3 -> [MB_CA.MB_MLL4, PLP.MB_MLL4]",MB_CA.CRE,2,MB_CA.MB_ML,2,MB_CA.MB_ML,4,PLP.MB_ML,4
5473409,pure_FF,FF->FF,FF,FF,4,0,0,2282,27,1.071,32394,14.195,LO,3,2,2,"[MEL2, ME.LOL2] -> LOL3 -> [LO.AOTUL4, ME.LOL4]",ME,2,ME.LO,2,LO.AOTU,4,ME.LO,4
5456286,pure_FF,FF->FF,FF,FF,4,0,0,2282,15,1.033,27846,12.202,LO,3,2,2,"[LOL2, MEL2] -> LOL3 -> [LO.LOPL4, LO.PVLPL4]",LO,2,ME,2,LO.LOP,4,LO.PVLP,4
5441063,pure_FF,FF->FF,FF,FF,4,0,0,2282,17,1.039,9658,4.232,LO,3,2,2,"[LOL2, ME.LOL2] -> LOL3 -> [LO.LOPL4, LO.PVLPL4]",LO,2,ME.LO,2,LO.LOP,4,LO.PVLP,4
5359523,pure_FF,FF->FF,FF,FF,4,0,0,10709,193,27.651,28775,2.687,ME,3,2,2,"[LOL2, MEL2] -> MEL3 -> [LOL4, MEL4]",LO,2,ME,2,LO,4,ME,4
5311800,pure_FF,FF->FF,FF,FF,4,0,0,2282,74,3.599,32403,14.199,LO,3,2,2,"[MEL2, ME.LOL2] -> LOL3 -> [LO.PVLPL4, LOP.PVLPL4]",ME,2,ME.LO,2,LO.PVLP,4,LOP.PVLP,4
5266802,pure_FF,FF->FF,FF,FF,4,0,0,2282,1,1.0,26631,11.67,LO,3,2,2,"[LO.LOPL2, MEL2] -> LOL3 -> [LO.PVLPL4, ME.LOPL4]",LO.LOP,2,ME,2,LO.PVLP,4,ME.LOP,4
5246802,pure_FF,FF->FF,FF,FF,4,0,0,2282,3,1.116,2280,0.999,LO,3,2,2,"[AVLP.MEL2, LOL2] -> LOL3 -> [LO.LOPL4, ME.LOPL4]",AVLP.ME,2,LO,2,LO.LOP,4,ME.LOP,4
5236314,pure_FF,FF->FF,FF,FF,4,0,0,2282,1,1.0,8443,3.7,LO,3,2,2,"[LO.LOPL2, ME.LOL2] -> LOL3 -> [LO.PVLPL4, ME.LOPL4]",LO.LOP,2,ME.LO,2,LO.PVLP,4,ME.LOP,4
5109480,pure_FF,FF->FF,FF,FF,4,0,0,52,1,1.0,1381,26.558,MB_ML,3,2,2,"[MB_CA.MB_MLL2, MB_MLL2] -> MB_MLL3 -> [PLP.CREL4, PLP.MB_MLL4]",MB_CA.MB_ML,2,MB_ML,2,PLP.CRE,4,PLP.MB_ML,4
5108670,pure_FF,FF->FF,FF,FF,4,0,0,1,1,1.0,661,661.0,MB_ML.MB_CA,3,2,2,"[AL.MB_CAL2, MB_CA.MB_VLL2] -> MB_ML.MB_CAL3 -> [PLP.CREL4, PLP.MB_PEDL4]",AL.MB_CA,2,MB_CA.MB_VL,2,PLP.CRE,4,PLP.MB_PED,4
4959312,pure_FF,FF->FF,FF,FF,4,0,0,2282,2,1.0,2925,1.282,LO,3,2,2,"[LOL2, LOPL2] -> LOL3 -> [LO.LOPL4, ME.LOPL4]",LO,2,LOP,2,LO.LOP,4,ME.LOP,4
4959306,pure_FF,FF->FF,FF,FF,4,0,0,2282,1,1.0,2284,1.001,LO,3,2,2,"[IPS.MEL2, LOL2] -> LOL3 -> [LO.LOPL4, ME.LOPL4]",IPS.ME,2,LO,2,LO.LOP,4,ME.LOP,4
4927534,pure_FF,FF->FF,FF,FF,4,0,0,2282,136,5.641,32410,14.202,LO,3,2,2,"[MEL2, ME.LOL2] -> LOL3 -> [LO.AVLPL4, LO.PVLPL4]",ME,2,ME.LO,2,LO.AVLP,4,LO.PVLP,4
4898880,pure_FF,FF->FF,FF,FF,4,0,0,52,1,1.0,1675,32.212,MB_ML,3,2,2,"[MB_CA.MB_MLL2, MB_CA.MB_VLL2] -> MB_MLL3 -> [MB_CA.MB_MLL4, PLP.CREL4]",MB_CA.MB_ML,2,MB_CA.MB_VL,2,MB_CA.MB_ML,4,PLP.CRE,4
4892400,pure_FF,FF->FF,FF,FF,4,0,0,1,1,1.0,1628,1628.0,MB_ML.MB_CA,3,2,2,"[MB_CA.MB_MLL2, MB_CA.MB_VLL2] -> MB_ML.MB_CAL3 -> [MB_MLL4, PLP.MB_MLL4]",MB_CA.MB_ML,2,MB_CA.MB_VL,2,MB_ML,4,PLP.MB_ML,4
4840560,pure_FF,FF->FF,FF,FF,4,0,0,52,1,1.0,1355,26.058,MB_ML,3,2,2,"[MB_CA.MB_MLL2, MB_MLL2] -> MB_MLL3 -> [MB_CA.CREL4, MB_CA.MB_MLL4]",MB_CA.MB_ML,2,MB_ML,2,MB_CA.CRE,4,MB_CA.MB_ML,4
4840560,pure_FF,FF->FF,FF,FF,4,0,0,52,1,1.0,1354,26.038,MB_ML,3,2,2,"[MB_CA.MB_MLL2, MB_MLL2] -> MB_MLL3 -> [MB_CA.MB_MLL4, MB_CA.MB_PEDL4]",MB_CA.MB_ML,2,MB_ML,2,MB_CA.MB_ML,4,MB_CA.MB_PED,4
4840560,pure_FF,FF->FF,FF,FF,4,0,0,52,1,1.0,1362,26.192,MB_ML,3,2,2,"[MB_CA.MB_MLL2, MB_MLL2] -> MB_MLL3 -> [MB_CA.MB_MLL4, MB_MLL4]",MB_CA.MB_ML,2,MB_ML,2,MB_CA.MB_ML,4,MB_ML,4
4840560,pure_FF,FF->FF,FF,FF,4,0,0,52,1,1.0,1370,26.346,MB_ML,3,2,2,"[MB_CA.MB_MLL2, MB_MLL2] -> MB_MLL3 -> [MB_CA.MB_MLL4, SMP.MB_MLL4]",MB_CA.MB_ML,2,MB_ML,2,MB_CA.MB_ML,4,SMP.MB_ML,4
4784080,pure_FF,FF->FF,FF,FF,4,0,0,10709,149,11.75,10299,0.962,ME,3,2,2,"[LOL2, ME.LOL2] -> MEL3 -> [LO.PVLPL4, MEL4]",LO,2,ME.LO,2,LO.PVLP,4,ME,4
4478992,pure_FF,FF->FF,FF,FF,4,0,0,2282,162,4.357,32609,14.29,LO,3,2,2,"[MEL2, ME.LOL2] -> LOL3 -> [LO.PLPL4, LO.PVLPL4]",ME,2,ME.LO,2,LO.PLP,4,LO.PVLP,4
4464402,pure_FF,FF->FF,FF,FF,4,0,0,2282,3,1.014,3301,1.447,LO,3,2,2,"[AVLP.MEL2, LOL2] -> LOL3 -> [LOL4, LO.LOPL4]",AVLP.ME,2,LO,2,LO,4,LO.LOP,4
4453452,pure_FF,FF->FF,FF,FF,4,0,0,2282,10,1.059,27390,12.003,LO,3,2,2,"[AVLP.MEL2, MEL2] -> LOL3 -> [LO.LOPL4, MEL4]",AVLP.ME,2,ME,2,LO.LOP,4,ME,4
4433337,pure_FF,FF->FF,FF,FF,4,0,0,2282,3,1.0,3946,1.729,LO,3,2,2,"[LOL2, LOPL2] -> LOL3 -> [LOL4, LO.LOPL4]",LO,2,LOP,2,LO,4,LO.LOP,4
4433322,pure_FF,FF->FF,FF,FF,4,0,0,2282,2,1.0,3305,1.448,LO,3,2,2,"[IPS.MEL2, LOL2] -> LOL3 -> [LOL4, LO.LOPL4]",IPS.ME,2,LO,2,LO,4,LO.LOP,4
4432320,pure_FF,FF->FF,FF,FF,4,0,0,52,1,1.0,1359,26.135,MB_ML,3,2,2,"[AL.MB_CAL2, MB_CA.MB_MLL2] -> MB_MLL3 -> [PLP.CREL4, PLP.MB_MLL4]",AL.MB_CA,2,MB_CA.MB_ML,2,PLP.CRE,4,PLP.MB_ML,4
4432320,pure_FF,FF->FF,FF,FF,4,0,0,52,1,1.0,1236,23.769,MB_ML,3,2,2,"[MB_CAL2, MB_CA.MB_MLL2] -> MB_MLL3 -> [MB_CA.MB_MLL4, PLP.MB_MLL4]",MB_CA,2,MB_CA.MB_ML,2,MB_CA.MB_ML,4,PLP.MB_ML,4
4325954,pure_FF,FF->FF,FF,FF,4,0,0,2282,6,1.001,28035,12.285,LO,3,2,2,"[LOPL2, MEL2] -> LOL3 -> [LO.LOPL4, MEL4]",LOP,2,ME,2,LO.LOP,4,ME,4
4325180,pure_FF,FF->FF,FF,FF,4,0,0,2282,4,1.0,27394,12.004,LO,3,2,2,"[IPS.MEL2, MEL2] -> LOL3 -> [LO.LOPL4, MEL4]",IPS.ME,2,ME,2,LO.LOP,4,ME,4
4323728,pure_FF,FF->FF,FF,FF,4,0,0,10709,180,18.501,10587,0.989,ME,3,2,2,"[LOL2, ME.LOL2] -> MEL3 -> [LOL4, MEL4]",LO,2,ME.LO,2,LO,4,ME,4
4309200,pure_FF,FF->FF,FF,FF,4,0,0,52,1,1.0,1640,31.538,MB_ML,3,2,2,"[MB_CA.MB_MLL2, MB_CA.MB_VLL2] -> MB_MLL3 -> [PLP.MB_MLL4, PLP.MB_PEDL4]",MB_CA.MB_ML,2,MB_CA.MB_VL,2,PLP.MB_ML,4,PLP.MB_PED,4
4241160,pure_FF,FF->FF,FF,FF,4,0,0,1,1,1.0,576,576.0,MB_ML.MB_CA,3,2,2,"[MB_CA.CREL2, MB_CA.MB_VLL2] -> MB_ML.MB_CAL3 -> [PLP.CREL4, PLP.MB_PEDL4]",MB_CA.CRE,2,MB_CA.MB_VL,2,PLP.CRE,4,PLP.MB_PED,4
4228082,pure_FF,FF->FF,FF,FF,4,0,0,10709,104,7.033,9632,0.899,ME,3,2,2,"[LOL2, ME.LOL2] -> MEL3 -> [LOP.MEL4, MEL4]",LO,2,ME.LO,2,LOP.ME,4,ME,4
4199040,pure_FF,FF->FF,FF,FF,4,0,0,52,1,1.0,1333,25.635,MB_ML,3,2,2,"[AL.MB_CAL2, MB_CA.MB_MLL2] -> MB_MLL3 -> [MB_CA.CREL4, MB_CA.MB_MLL4]",AL.MB_CA,2,MB_CA.MB_ML,2,MB_CA.CRE,4,MB_CA.MB_ML,4
4199040,pure_FF,FF->FF,FF,FF,4,0,0,52,1,1.0,1332,25.615,MB_ML,3,2,2,"[AL.MB_CAL2, MB_CA.MB_MLL2] -> MB_MLL3 -> [MB_CA.MB_MLL4, MB_CA.MB_PEDL4]",AL.MB_CA,2,MB_CA.MB_ML,2,MB_CA.MB_ML,4,MB_CA.MB_PED,4
4199040,pure_FF,FF->FF,FF,FF,4,0,0,52,1,1.0,1340,25.769,MB_ML,3,2,2,"[AL.MB_CAL2, MB_CA.MB_MLL2] -> MB_MLL3 -> [MB_CA.MB_MLL4, MB_MLL4]",AL.MB_CA,2,MB_CA.MB_ML,2,MB_CA.MB_ML,4,MB_ML,4
4199040,pure_FF,FF->FF,FF,FF,4,0,0,52,1,1.0,1348,25.923,MB_ML,3,2,2,"[AL.MB_CAL2, MB_CA.MB_MLL2] -> MB_MLL3 -> [MB_CA.MB_MLL4, SMP.MB_MLL4]",AL.MB_CA,2,MB_CA.MB_ML,2,MB_CA.MB_ML,4,SMP.MB_ML,4
4169572,pure_FF,FF->FF,FF,FF,4,0,0,7,2,1.491,2383,340.429,MB_VL.SMP,3,2,2,"[MB_CA.MB_MLL2, MB_MLL2] -> MB_VL.SMPL3 -> [CREL4, SMPL4]",MB_CA.MB_ML,2,MB_ML,2,CRE,4,SMP,4
4158540,pure_FF,FF->FF,FF,FF,4,0,0,1,1,1.0,1637,1637.0,MB_ML.MB_CA,3,2,2,"[MB_CA.MB_MLL2, MB_CA.MB_VLL2] -> MB_ML.MB_CAL3 -> [MB_CAL4, PLP.CREL4]",MB_CA.MB_ML,2,MB_CA.MB_VL,2,MB_CA,4,PLP.CRE,4
4158540,pure_FF,FF->FF,FF,FF,4,0,0,1,1,1.0,1641,1641.0,MB_ML.MB_CA,3,2,2,"[MB_CA.MB_MLL2, MB_CA.MB_VLL2] -> MB_ML.MB_CAL3 -> [MB_CA.MB_VLL4, PLP.CREL4]",MB_CA.MB_ML,2,MB_CA.MB_VL,2,MB_CA.MB_VL,4,PLP.CRE,4
4158540,pure_FF,FF->FF,FF,FF,4,0,0,1,1,1.0,1639,1639.0,MB_ML.MB_CA,3,2,2,"[MB_CA.MB_MLL2, MB_CA.MB_VLL2] -> MB_ML.MB_CAL3 -> [MB_ML.CREL4, PLP.CREL4]",MB_CA.MB_ML,2,MB_CA.MB_VL,2,MB_ML.CRE,4,PLP.CRE,4
4158540,pure_FF,FF->FF,FF,FF,4,0,0,1,1,1.0,1637,1637.0,MB_ML.MB_CA,3,2,2,"[MB_CA.MB_MLL2, MB_CA.MB_VLL2] -> MB_ML.MB_CAL3 -> [MB_VLL4, PLP.CREL4]",MB_CA.MB_ML,2,MB_CA.MB_VL,2,MB_VL,4,PLP.CRE,4
4158540,pure_FF,FF->FF,FF,FF,4,0,0,1,1,1.0,1640,1640.0,MB_ML.MB_CA,3,2,2,"[MB_CA.MB_MLL2, MB_CA.MB_VLL2] -> MB_ML.MB_CAL3 -> [MB_VL.LHL4, PLP.CREL4]",MB_CA.MB_ML,2,MB_CA.MB_VL,2,MB_VL.LH,4,PLP.CRE,4
4158540,pure_FF,FF->FF,FF,FF,4,0,0,1,1,1.0,1689,1689.0,MB_ML.MB_CA,3,2,2,"[MB_CA.MB_MLL2, MB_CA.MB_VLL2] -> MB_ML.MB_CAL3 -> [PLP.CREL4, PLP.SLPL4]",MB_CA.MB_ML,2,MB_CA.MB_VL,2,PLP.CRE,4,PLP.SLP,4
4158540,pure_FF,FF->FF,FF,FF,4,0,0,1,1,1.0,1637,1637.0,MB_ML.MB_CA,3,2,2,"[MB_CA.MB_MLL2, MB_CA.MB_VLL2] -> MB_ML.MB_CAL3 -> [PLP.CREL4, SCL.MB_PEDL4]",MB_CA.MB_ML,2,MB_CA.MB_VL,2,PLP.CRE,4,SCL.MB_PED,4
4158540,pure_FF,FF->FF,FF,FF,4,0,0,1,1,1.0,1641,1641.0,MB_ML.MB_CA,3,2,2,"[MB_CA.MB_MLL2, MB_CA.MB_VLL2] -> MB_ML.MB_CAL3 -> [PLP.CREL4, SCL.PLPL4]",MB_CA.MB_ML,2,MB_CA.MB_VL,2,PLP.CRE,4,SCL.PLP,4
4158540,pure_FF,FF->FF,FF,FF,4,0,0,1,1,1.0,1638,1638.0,MB_ML.MB_CA,3,2,2,"[MB_CA.MB_MLL2, MB_CA.MB_VLL2] -> MB_ML.MB_CAL3 -> [PLP.CREL4, SIP.MB_VLL4]",MB_CA.MB_ML,2,MB_CA.MB_VL,2,PLP.CRE,4,SIP.MB_VL,4
4158540,pure_FF,FF->FF,FF,FF,4,0,0,1,1,1.0,1638,1638.0,MB_ML.MB_CA,3,2,2,"[MB_CA.MB_MLL2, MB_CA.MB_VLL2] -> MB_ML.MB_CAL3 -> [PLP.CREL4, SLP.MB_MLL4]",MB_CA.MB_ML,2,MB_CA.MB_VL,2,PLP.CRE,4,SLP.MB_ML,4
4158540,pure_FF,FF->FF,FF,FF,4,0,0,1,1,1.0,2575,2575.0,MB_ML.MB_CA,3,2,2,"[MB_CA.MB_MLL2, MB_CA.MB_VLL2] -> MB_ML.MB_CAL3 -> [PLP.CREL4, SMPL4]",MB_CA.MB_ML,2,MB_CA.MB_VL,2,PLP.CRE,4,SMP,4
4087584,pure_FF,FF->FF,FF,FF,4,0,0,52,1,1.0,374,7.192,MB_ML,3,2,2,"[AL.MB_CAL2, MB_MLL2] -> MB_MLL3 -> [MB_CA.MB_MLL4, PLP.MB_MLL4]",AL.MB_CA,2,MB_ML,2,MB_CA.MB_ML,4,PLP.MB_ML,4
4048380,pure_FF,FF->FF,FF,FF,4,0,0,1,1,1.0,726,726.0,MB_ML.MB_CA,3,2,2,"[AL.LHL2, MB_CA.MB_VLL2] -> MB_ML.MB_CAL3 -> [PLP.CREL4, PLP.MB_PEDL4]",AL.LH,2,MB_CA.MB_VL,2,PLP.CRE,4,PLP.MB_PED,4
296702865636,mixed,FF->FB,FF,FB,2,2,0,2282,11,1.305,34532,15.132,LO,3,2,2,"[MEL2, ME.LOL2] -> LOL3 -> [LO.LOPL2, ME.LOPL2]",ME,2,ME.LO,2,LO.LOP,2,ME.LOP,2
206946850753,mixed,FF->FB,FF,FB,2,2,0,2282,7,1.295,34532,15.132,LO,3,2,2,"[MEL2, ME.LOPL2] -> LOL3 -> [LO.LOPL2, ME.LOL2]",ME,2,ME.LOP,2,LO.LOP,2,ME.LO,2
109088479761,mixed,FF->FB,FF,FB,2,2,0,2282,5,1.181,34532,15.132,LO,3,2,2,"[LO.LOPL2, MEL2] -> LOL3 -> [ME.LOL2, ME.LOPL2]",LO.LOP,2,ME,2,ME.LO,2,ME.LOP,2
41934126285,mixed,FF->FB,FF,FB,2,2,0,2282,9,1.405,34532,15.132,LO,3,2,2,"[ME.LOL2, ME.LOPL2] -> LOL3 -> [LO.LOPL2, MEL2]",ME.LO,2,ME.LOP,2,LO.LOP,2,ME,2
41338274422,mixed,FF->FB,FF,FB,2,2,0,2282,15,2.0,34930,15.307,LO,3,2,2,"[LOL2, MEL2] -> LOL3 -> [ME.LOL2, ME.LOPL2]",LO,2,ME,2,ME.LO,2,ME.LOP,2
38751826110,mixed,FF->FB,FF,FB,2,2,0,2282,20,1.989,34930,15.307,LO,3,2,2,"[MEL2, ME.LOL2] -> LOL3 -> [LOL2, ME.LOPL2]",ME,2,ME.LO,2,LO,2,ME.LOP,2
26644642570,mixed,FF->FB,FF,FB,2,2,0,2282,16,1.994,34930,15.307,LO,3,2,2,"[MEL2, ME.LOPL2] -> LOL3 -> [LOL2, ME.LOL2]",ME,2,ME.LOP,2,LO,2,ME.LO,2
23189639563,mixed,FF->FB,FF,FB,2,2,0,2282,11,1.778,29068,12.738,LO,3,2,2,"[LOL2, MEL2] -> LOL3 -> [LO.LOPL2, ME.LOPL2]",LO,2,ME,2,LO.LOP,2,ME.LOP,2
21700798120,mixed,FF->FB,FF,FB,2,2,0,2282,5,1.252,34532,15.132,LO,3,2,2,"[LO.LOPL2, ME.LOL2] -> LOL3 -> [MEL2, ME.LOPL2]",LO.LOP,2,ME.LO,2,ME,2,ME.LOP,2
20472563991,mixed,FF->FB,FF,FB,2,2,0,2282,11,1.569,10880,4.768,LO,3,2,2,"[LOL2, ME.LOL2] -> LOL3 -> [LO.LOPL2, ME.LOPL2]",LO,2,ME.LO,2,LO.LOP,2,ME.LOP,2
16678006892,mixed,FF->FB,FF,FB,2,2,0,2282,11,1.964,33450,14.658,LO,3,2,2,"[LOL2, MEL2] -> LOL3 -> [LO.LOPL2, ME.LOL2]",LO,2,ME,2,LO.LOP,2,ME.LO,2
15492472208,mixed,FF->FB,FF,FB,2,2,0,2282,16,1.989,33450,14.658,LO,3,2,2,"[MEL2, ME.LOL2] -> LOL3 -> [LOL2, LO.LOPL2]",ME,2,ME.LO,2,LO,2,LO.LOP,2
15147674184,mixed,FF->FB,FF,FB,2,2,0,2282,5,1.243,34532,15.132,LO,3,2,2,"[LO.LOPL2, ME.LOPL2] -> LOL3 -> [MEL2, ME.LOL2]",LO.LOP,2,ME.LOP,2,ME,2,ME.LO,2
14709961748,mixed,FF->FB,FF,FB,2,2,0,2282,10,1.82,29068,12.738,LO,3,2,2,"[MEL2, ME.LOPL2] -> LOL3 -> [LOL2, LO.LOPL2]",ME,2,ME.LOP,2,LO,2,LO.LOP,2
14227383668,mixed,FF->FB,FF,FB,2,2,0,2282,7,1.553,10880,4.768,LO,3,2,2,"[LOL2, ME.LOPL2] -> LOL3 -> [LO.LOPL2, ME.LOL2]",LO,2,ME.LOP,2,LO.LOP,2,ME.LO,2
12889073812,mixed,FF->FB,FF,FB,2,2,0,2282,10,1.611,10880,4.768,LO,3,2,2,"[ME.LOL2, ME.LOPL2] -> LOL3 -> [LOL2, LO.LOPL2]",ME.LO,2,ME.LOP,2,LO,2,LO.LOP,2
9587274577,mixed,FF->FB,FF,FB,2,2,0,2282,21,1.936,34930,15.307,LO,3,2,2,"[LOL2, ME.LOL2] -> LOL3 -> [MEL2, ME.LOPL2]",LO,2,ME.LO,2,ME,2,ME.LOP,2
7184236150,mixed,FF->FB,FF,FB,2,2,0,2282,5,1.353,10880,4.768,LO,3,2,2,"[LOL2, LO.LOPL2] -> LOL3 -> [ME.LOL2, ME.LOPL2]",LO,2,LO.LOP,2,ME.LO,2,ME.LOP,2
7068394637,mixed,FF->FB,FF,FB,2,2,0,2282,4,1.573,29068,12.738,LO,3,2,2,"[LO.LOPL2, MEL2] -> LOL3 -> [LOL2, ME.LOPL2]",LO.LOP,2,ME,2,LO,2,ME.LOP,2
6579297027,mixed,FF->FB,FF,FB,2,2,0,2282,13,1.947,34930,15.307,LO,3,2,2,"[LOL2, ME.LOPL2] -> LOL3 -> [MEL2, ME.LOL2]",LO,2,ME.LOP,2,ME,2,ME.LO,2
6444623967,mixed,FF->FB,FF,FB,2,2,0,2282,4,1.395,10880,4.768,LO,3,2,2,"[LO.LOPL2, ME.LOL2] -> LOL3 -> [LOL2, ME.LOPL2]",LO.LOP,2,ME.LO,2,LO,2,ME.LOP,2
6224346755,mixed,FF->FB,FF,FB,2,2,0,2282,17,1.905,34930,15.307,LO,3,2,2,"[ME.LOL2, ME.LOPL2] -> LOL3 -> [LOL2, MEL2]",ME.LO,2,ME.LOP,2,LO,2,ME,2
4870947074,mixed,FF->FB,FF,FB,2,2,0,2282,14,1.802,33450,14.658,LO,3,2,2,"[LO.LOPL2, MEL2] -> LOL3 -> [LOL2, ME.LOL2]",LO.LOP,2,ME,2,LO,2,ME.LO,2
4489394703,mixed,FF->FB,FF,FB,2,2,0,2282,5,1.382,10880,4.768,LO,3,2,2,"[LO.LOPL2, ME.LOPL2] -> LOL3 -> [LOL2, ME.LOL2]",LO.LOP,2,ME.LOP,2,LO,2,ME.LO,2
3771317017,mixed,FF->FB,FF,FB,2,2,0,2282,15,1.998,33450,14.658,LO,3,2,2,"[LOL2, ME.LOL2] -> LOL3 -> [LO.LOPL2, MEL2]",LO,2,ME.LO,2,LO.LOP,2,ME,2
3486911869,mixed,FF->FB,FF,FB,2,2,0,2282,9,1.913,29068,12.738,LO,3,2,2,"[LOL2, ME.LOPL2] -> LOL3 -> [LO.LOPL2, MEL2]",LO,2,ME.LOP,2,LO.LOP,2,ME,2
1636711646,mixed,FF->FB,FF,FB,2,2,0,2282,5,1.679,29068,12.738,LO,3,2,2,"[LOL2, LO.LOPL2] -> LOL3 -> [MEL2, ME.LOPL2]",LO,2,LO.LOP,2,ME,2,ME.LOP,2
1152417063,mixed,FF->FB,FF,FB,2,2,0,2282,7,1.898,33450,14.658,LO,3,2,2,"[LOL2, LO.LOPL2] -> LOL3 -> [MEL2, ME.LOL2]",LO,2,LO.LOP,2,ME,2,ME.LO,2
1064130177,mixed,FF->FB,FF,FB,2,2,0,2282,13,1.942,33450,14.658,LO,3,2,2,"[LO.LOPL2, ME.LOL2] -> LOL3 -> [LOL2, MEL2]",LO.LOP,2,ME.LO,2,LO,2,ME,2
1034377794,mixed,FF->FB,FF,FB,2,2,0,2282,4,1.722,29068,12.738,LO,3,2,2,"[LO.LOPL2, ME.LOPL2] -> LOL3 -> [LOL2, MEL2]",LO.LOP,2,ME.LOP,2,LO,2,ME,2
1012726800,mixed,FF->FB,FF,FB,2,2,0,1,1,1.0,1833,1833.0,MB_ML.MB_CA,3,2,2,"[MB_CA.MB_MLL2, MB_MLL2] -> MB_ML.MB_CAL3 -> [MB_CA.MB_PEDL2, MB_CA.MB_VLL2]",MB_CA.MB_ML,2,MB_ML,2,MB_CA.MB_PED,2,MB_CA.MB_VL,2
1012726800,mixed,FF->FB,FF,FB,2,2,0,1,1,1.0,1833,1833.0,MB_ML.MB_CA,3,2,2,"[MB_CA.MB_PEDL2, MB_MLL2] -> MB_ML.MB_CAL3 -> [MB_CA.MB_MLL2, MB_CA.MB_VLL2]",MB_CA.MB_PED,2,MB_ML,2,MB_CA.MB_ML,2,MB_CA.MB_VL,2
1012726800,mixed,FF->FB,FF,FB,2,2,0,1,1,1.0,1833,1833.0,MB_ML.MB_CA,3,2,2,"[MB_CA.MB_VLL2, MB_MLL2] -> MB_ML.MB_CAL3 -> [MB_CA.MB_MLL2, MB_CA.MB_PEDL2]",MB_CA.MB_VL,2,MB_ML,2,MB_CA.MB_ML,2,MB_CA.MB_PED,2
978969240,mixed,FF->FB,FF,FB,2,2,0,1,1,1.0,1833,1833.0,MB_ML.MB_CA,3,2,2,"[MB_CA.MB_MLL2, MB_CA.MB_PEDL2] -> MB_ML.MB_CAL3 -> [MB_CA.MB_VLL2, MB_MLL2]",MB_CA.MB_ML,2,MB_CA.MB_PED,2,MB_CA.MB_VL,2,MB_ML,2
978969240,mixed,FF->FB,FF,FB,2,2,0,1,1,1.0,1833,1833.0,MB_ML.MB_CA,3,2,2,"[MB_CA.MB_MLL2, MB_CA.MB_VLL2] -> MB_ML.MB_CAL3 -> [MB_CA.MB_PEDL2, MB_MLL2]",MB_CA.MB_ML,2,MB_CA.MB_VL,2,MB_CA.MB_PED,2,MB_ML,2
978969240,mixed,FF->FB,FF,FB,2,2,0,1,1,1.0,1833,1833.0,MB_ML.MB_CA,3,2,2,"[MB_CA.MB_PEDL2, MB_CA.MB_VLL2] -> MB_ML.MB_CAL3 -> [MB_CA.MB_MLL2, MB_MLL2]",MB_CA.MB_PED,2,MB_CA.MB_VL,2,MB_CA.MB_ML,2,MB_ML,2
970759259,mixed,FF->FB,FF,FB,2,2,0,2282,6,1.0,33749,14.789,LO,3,2,2,"[GNG.MEL2, MEL2] -> LOL3 -> [ME.LOL2, ME.LOPL2]",GNG.ME,2,ME,2,ME.LO,2,ME.LOP,2
894575340,mixed,FF->FB,FF,FB,2,2,0,1,1,1.0,1811,1811.0,MB_ML.MB_CA,3,2,2,"[AL.MB_CAL2, MB_CA.MB_MLL2] -> MB_ML.MB_CAL3 -> [MB_CA.MB_PEDL2, MB_CA.MB_VLL2]",AL.MB_CA,2,MB_CA.MB_ML,2,MB_CA.MB_PED,2,MB_CA.MB_VL,2
894575340,mixed,FF->FB,FF,FB,2,2,0,1,1,1.0,1811,1811.0,MB_ML.MB_CA,3,2,2,"[AL.MB_CAL2, MB_CA.MB_PEDL2] -> MB_ML.MB_CAL3 -> [MB_CA.MB_MLL2, MB_CA.MB_VLL2]",AL.MB_CA,2,MB_CA.MB_PED,2,MB_CA.MB_ML,2,MB_CA.MB_VL,2
894575340,mixed,FF->FB,FF,FB,2,2,0,1,1,1.0,1811,1811.0,MB_ML.MB_CA,3,2,2,"[AL.MB_CAL2, MB_CA.MB_VLL2] -> MB_ML.MB_CAL3 -> [MB_CA.MB_MLL2, MB_CA.MB_PEDL2]",AL.MB_CA,2,MB_CA.MB_VL,2,MB_CA.MB_ML,2,MB_CA.MB_PED,2
877696560,mixed,FF->FB,FF,FB,2,2,0,1,1,1.0,1811,1811.0,MB_ML.MB_CA,3,2,2,"[MB_CA.MB_MLL2, MB_CA.MB_PEDL2] -> MB_ML.MB_CAL3 -> [AL.MB_CAL2, MB_CA.MB_VLL2]",MB_CA.MB_ML,2,MB_CA.MB_PED,2,AL.MB_CA,2,MB_CA.MB_VL,2
877696560,mixed,FF->FB,FF,FB,2,2,0,1,1,1.0,1811,1811.0,MB_ML.MB_CA,3,2,2,"[MB_CA.MB_MLL2, MB_CA.MB_VLL2] -> MB_ML.MB_CAL3 -> [AL.MB_CAL2, MB_CA.MB_PEDL2]",MB_CA.MB_ML,2,MB_CA.MB_VL,2,AL.MB_CA,2,MB_CA.MB_PED,2
877696560,mixed,FF->FB,FF,FB,2,2,0,1,1,1.0,1811,1811.0,MB_ML.MB_CA,3,2,2,"[MB_CA.MB_PEDL2, MB_CA.MB_VLL2] -> MB_ML.MB_CAL3 -> [AL.MB_CAL2, MB_CA.MB_MLL2]",MB_CA.MB_PED,2,MB_CA.MB_VL,2,AL.MB_CA,2,MB_CA.MB_ML,2
777891600,mixed,FF->FB,FF,FB,2,2,0,1,1,1.0,1900,1900.0,MB_ML.MB_CA,3,2,2,"[AL.MB_CAL2, MB_MLL2] -> MB_ML.MB_CAL3 -> [MB_CA.MB_MLL2, MB_CA.MB_VLL2]",AL.MB_CA,2,MB_ML,2,MB_CA.MB_ML,2,MB_CA.MB_VL,2
763214400,mixed,FF->FB,FF,FB,2,2,0,1,1,1.0,1900,1900.0,MB_ML.MB_CA,3,2,2,"[MB_CA.MB_MLL2, MB_MLL2] -> MB_ML.MB_CAL3 -> [AL.MB_CAL2, MB_CA.MB_VLL2]",MB_CA.MB_ML,2,MB_ML,2,AL.MB_CA,2,MB_CA.MB_VL,2
763214400,mixed,FF->FB,FF,FB,2,2,0,1,1,1.0,1900,1900.0,MB_ML.MB_CA,3,2,2,"[MB_CA.MB_VLL2, MB_MLL2] -> MB_ML.MB_CAL3 -> [AL.MB_CAL2, MB_CA.MB_MLL2]",MB_CA.MB_VL,2,MB_ML,2,AL.MB_CA,2,MB_CA.MB_ML,2
751961880,mixed,FF->FB,FF,FB,2,2,0,1,1,1.0,1900,1900.0,MB_ML.MB_CA,3,2,2,"[AL.MB_CAL2, MB_CA.MB_MLL2] -> MB_ML.MB_CAL3 -> [MB_CA.MB_VLL2, MB_MLL2]",AL.MB_CA,2,MB_CA.MB_ML,2,MB_CA.MB_VL,2,MB_ML,2
751961880,mixed,FF->FB,FF,FB,2,2,0,1,1,1.0,1900,1900.0,MB_ML.MB_CA,3,2,2,"[AL.MB_CAL2, MB_CA.MB_VLL2] -> MB_ML.MB_CAL3 -> [MB_CA.MB_MLL2, MB_MLL2]",AL.MB_CA,2,MB_CA.MB_VL,2,MB_CA.MB_ML,2,MB_ML,2
747082024,mixed,FF->FB,FF,FB,2,2,0,2282,6,1.0,27887,12.22,LO,3,2,2,"[GNG.MEL2, MEL2] -> LOL3 -> [LO.LOPL2, ME.LOPL2]",GNG.ME,2,ME,2,LO.LOP,2,ME.LOP,2
742756118,mixed,FF->FB,FF,FB,2,2,0,2282,6,1.0,9699,4.25,LO,3,2,2,"[GNG.MEL2, ME.LOL2] -> LOL3 -> [LO.LOPL2, ME.LOPL2]",GNG.ME,2,ME.LO,2,LO.LOP,2,ME.LOP,2
742666320,mixed,FF->FB,FF,FB,2,2,0,1,1,1.0,1726,1726.0,MB_ML.MB_CA,3,2,2,"[MB_CA.CREL2, MB_CA.MB_MLL2] -> MB_ML.MB_CAL3 -> [MB_CA.MB_PEDL2, MB_CA.MB_VLL2]",MB_CA.CRE,2,MB_CA.MB_ML,2,MB_CA.MB_PED,2,MB_CA.MB_VL,2
742666320,mixed,FF->FB,FF,FB,2,2,0,1,1,1.0,1726,1726.0,MB_ML.MB_CA,3,2,2,"[MB_CA.CREL2, MB_CA.MB_PEDL2] -> MB_ML.MB_CAL3 -> [MB_CA.MB_MLL2, MB_CA.MB_VLL2]",MB_CA.CRE,2,MB_CA.MB_PED,2,MB_CA.MB_ML,2,MB_CA.MB_VL,2
742666320,mixed,FF->FB,FF,FB,2,2,0,1,1,1.0,1726,1726.0,MB_ML.MB_CA,3,2,2,"[MB_CA.CREL2, MB_CA.MB_VLL2] -> MB_ML.MB_CAL3 -> [MB_CA.MB_MLL2, MB_CA.MB_PEDL2]",MB_CA.CRE,2,MB_CA.MB_VL,2,MB_CA.MB_ML,2,MB_CA.MB_PED,2
737773920,mixed,FF->FB,FF,FB,2,2,0,1,1,1.0,1900,1900.0,MB_ML.MB_CA,3,2,2,"[MB_CA.MB_MLL2, MB_CA.MB_VLL2] -> MB_ML.MB_CAL3 -> [AL.MB_CAL2, MB_MLL2]",MB_CA.MB_ML,2,MB_CA.MB_VL,2,AL.MB_CA,2,MB_ML,2
725787540,mixed,FF->FB,FF,FB,2,2,0,1,1,1.0,1726,1726.0,MB_ML.MB_CA,3,2,2,"[MB_CA.MB_MLL2, MB_CA.MB_PEDL2] -> MB_ML.MB_CAL3 -> [MB_CA.CREL2, MB_CA.MB_VLL2]",MB_CA.MB_ML,2,MB_CA.MB_PED,2,MB_CA.CRE,2,MB_CA.MB_VL,2
725787540,mixed,FF->FB,FF,FB,2,2,0,1,1,1.0,1726,1726.0,MB_ML.MB_CA,3,2,2,"[MB_CA.MB_MLL2, MB_CA.MB_VLL2] -> MB_ML.MB_CAL3 -> [MB_CA.CREL2, MB_CA.MB_PEDL2]",MB_CA.MB_ML,2,MB_CA.MB_VL,2,MB_CA.CRE,2,MB_CA.MB_PED,2
725787540,mixed,FF->FB,FF,FB,2,2,0,1,1,1.0,1726,1726.0,MB_ML.MB_CA,3,2,2,"[MB_CA.MB_PEDL2, MB_CA.MB_VLL2] -> MB_ML.MB_CAL3 -> [MB_CA.CREL2, MB_CA.MB_MLL2]",MB_CA.MB_PED,2,MB_CA.MB_VL,2,MB_CA.CRE,2,MB_CA.MB_ML,2
708908760,mixed,FF->FB,FF,FB,2,2,0,1,1,1.0,1876,1876.0,MB_ML.MB_CA,3,2,2,"[AL.LHL2, MB_CA.MB_MLL2] -> MB_ML.MB_CAL3 -> [MB_CA.MB_PEDL2, MB_CA.MB_VLL2]",AL.LH,2,MB_CA.MB_ML,2,MB_CA.MB_PED,2,MB_CA.MB_VL,2
708908760,mixed,FF->FB,FF,FB,2,2,0,1,1,1.0,1876,1876.0,MB_ML.MB_CA,3,2,2,"[AL.LHL2, MB_CA.MB_PEDL2] -> MB_ML.MB_CAL3 -> [MB_CA.MB_MLL2, MB_CA.MB_VLL2]",AL.LH,2,MB_CA.MB_PED,2,MB_CA.MB_ML,2,MB_CA.MB_VL,2
708908760,mixed,FF->FB,FF,FB,2,2,0,1,1,1.0,1876,1876.0,MB_ML.MB_CA,3,2,2,"[AL.LHL2, MB_CA.MB_VLL2] -> MB_ML.MB_CAL3 -> [MB_CA.MB_MLL2, MB_CA.MB_PEDL2]",AL.LH,2,MB_CA.MB_VL,2,MB_CA.MB_ML,2,MB_CA.MB_PED,2
697021683,mixed,FF->FB,FF,FB,2,2,0,2282,14,1.733,33749,14.789,LO,3,2,2,"[AVLP.MEL2, MEL2] -> LOL3 -> [ME.LOL2, ME.LOPL2]",AVLP.ME,2,ME,2,ME.LO,2,ME.LOP,2
645796800,mixed,FF->FB,FF,FB,2,2,0,1,1,1.0,1815,1815.0,MB_ML.MB_CA,3,2,2,"[MB_CA.CREL2, MB_MLL2] -> MB_ML.MB_CAL3 -> [MB_CA.MB_MLL2, MB_CA.MB_VLL2]",MB_CA.CRE,2,MB_ML,2,MB_CA.MB_ML,2,MB_CA.MB_VL,2
631119600,mixed,FF->FB,FF,FB,2,2,0,1,1,1.0,1815,1815.0,MB_ML.MB_CA,3,2,2,"[MB_CA.MB_MLL2, MB_MLL2] -> MB_ML.MB_CAL3 -> [MB_CA.CREL2, MB_CA.MB_VLL2]",MB_CA.MB_ML,2,MB_ML,2,MB_CA.CRE,2,MB_CA.MB_VL,2
631119600,mixed,FF->FB,FF,FB,2,2,0,1,1,1.0,1815,1815.0,MB_ML.MB_CA,3,2,2,"[MB_CA.MB_VLL2, MB_MLL2] -> MB_ML.MB_CAL3 -> [MB_CA.CREL2, MB_CA.MB_MLL2]",MB_CA.MB_VL,2,MB_ML,2,MB_CA.CRE,2,MB_CA.MB_ML,2
624270240,mixed,FF->FB,FF,FB,2,2,0,1,1,1.0,1815,1815.0,MB_ML.MB_CA,3,2,2,"[MB_CA.CREL2, MB_CA.MB_MLL2] -> MB_ML.MB_CAL3 -> [MB_CA.MB_VLL2, MB_MLL2]",MB_CA.CRE,2,MB_CA.MB_ML,2,MB_CA.MB_VL,2,MB_ML,2
624270240,mixed,FF->FB,FF,FB,2,2,0,1,1,1.0,1815,1815.0,MB_ML.MB_CA,3,2,2,"[MB_CA.CREL2, MB_CA.MB_VLL2] -> MB_ML.MB_CAL3 -> [MB_CA.MB_MLL2, MB_MLL2]",MB_CA.CRE,2,MB_CA.MB_VL,2,MB_CA.MB_ML,2,MB_ML,2
616442400,mixed,FF->FB,FF,FB,2,2,0,1,1,1.0,1965,1965.0,MB_ML.MB_CA,3,2,2,"[AL.LHL2, MB_MLL2] -> MB_ML.MB_CAL3 -> [MB_CA.MB_MLL2, MB_CA.MB_VLL2]",AL.LH,2,MB_ML,2,MB_CA.MB_ML,2,MB_CA.MB_VL,2
610082280,mixed,FF->FB,FF,FB,2,2,0,1,1,1.0,1815,1815.0,MB_ML.MB_CA,3,2,2,"[MB_CA.MB_MLL2, MB_CA.MB_VLL2] -> MB_ML.MB_CAL3 -> [MB_CA.CREL2, MB_MLL2]",MB_CA.MB_ML,2,MB_CA.MB_VL,2,MB_CA.CRE,2,MB_ML,2
595894320,mixed,FF->FB,FF,FB,2,2,0,1,1,1.0,1965,1965.0,MB_ML.MB_CA,3,2,2,"[AL.LHL2, MB_CA.MB_MLL2] -> MB_ML.MB_CAL3 -> [MB_CA.MB_VLL2, MB_MLL2]",AL.LH,2,MB_CA.MB_ML,2,MB_CA.MB_VL,2,MB_ML,2
595894320,mixed,FF->FB,FF,FB,2,2,0,1,1,1.0,1965,1965.0,MB_ML.MB_CA,3,2,2,"[AL.LHL2, MB_CA.MB_VLL2] -> MB_ML.MB_CAL3 -> [MB_CA.MB_MLL2, MB_MLL2]",AL.LH,2,MB_CA.MB_VL,2,MB_CA.MB_ML,2,MB_ML,2
573878520,mixed,FF->FB,FF,FB,2,2,0,1,1,1.0,1876,1876.0,MB_ML.MB_CA,3,2,2,"[MB_CA.MB_MLL2, MB_CA.MB_PEDL2] -> MB_ML.MB_CAL3 -> [AL.LHL2, MB_CA.MB_VLL2]",MB_CA.MB_ML,2,MB_CA.MB_PED,2,AL.LH,2,MB_CA.MB_VL,2
573878520,mixed,FF->FB,FF,FB,2,2,0,1,1,1.0,1876,1876.0,MB_ML.MB_CA,3,2,2,"[MB_CA.MB_MLL2, MB_CA.MB_VLL2] -> MB_ML.MB_CAL3 -> [AL.LHL2, MB_CA.MB_PEDL2]",MB_CA.MB_ML,2,MB_CA.MB_VL,2,AL.LH,2,MB_CA.MB_PED,2
573878520,mixed,FF->FB,FF,FB,2,2,0,1,1,1.0,1876,1876.0,MB_ML.MB_CA,3,2,2,"[MB_CA.MB_PEDL2, MB_CA.MB_VLL2] -> MB_ML.MB_CAL3 -> [AL.LHL2, MB_CA.MB_MLL2]",MB_CA.MB_PED,2,MB_CA.MB_VL,2,AL.LH,2,MB_CA.MB_ML,2
570453840,mixed,FF->FB,FF,FB,2,2,0,1,1,1.0,1793,1793.0,MB_ML.MB_CA,3,2,2,"[AL.MB_CAL2, MB_CA.CREL2] -> MB_ML.MB_CAL3 -> [MB_CA.MB_MLL2, MB_CA.MB_VLL2]",AL.MB_CA,2,MB_CA.CRE,2,MB_CA.MB_ML,2,MB_CA.MB_VL,2
560358512,mixed,FF->FB,FF,FB,2,2,0,1160,154,1.018,22561,19.449,LO,4,2,2,"[MEL3, ME.LOL3] -> LOL4 -> [LOL3, LO.PVLPL3]",ME,3,ME.LO,3,LO,3,LO.PVLP,3
559690560,mixed,FF->FB,FF,FB,2,2,0,1,1,1.0,1793,1793.0,MB_ML.MB_CA,3,2,2,"[MB_CA.CREL2, MB_CA.MB_MLL2] -> MB_ML.MB_CAL3 -> [AL.MB_CAL2, MB_CA.MB_VLL2]",MB_CA.CRE,2,MB_CA.MB_ML,2,AL.MB_CA,2,MB_CA.MB_VL,2
559690560,mixed,FF->FB,FF,FB,2,2,0,1,1,1.0,1793,1793.0,MB_ML.MB_CA,3,2,2,"[MB_CA.CREL2, MB_CA.MB_VLL2] -> MB_ML.MB_CAL3 -> [AL.MB_CAL2, MB_CA.MB_MLL2]",MB_CA.CRE,2,MB_CA.MB_VL,2,AL.MB_CA,2,MB_CA.MB_ML,2
557488980,mixed,FF->FB,FF,FB,2,2,0,1,1,1.0,1793,1793.0,MB_ML.MB_CA,3,2,2,"[AL.MB_CAL2, MB_CA.MB_MLL2] -> MB_ML.MB_CAL3 -> [MB_CA.CREL2, MB_CA.MB_VLL2]",AL.MB_CA,2,MB_CA.MB_ML,2,MB_CA.CRE,2,MB_CA.MB_VL,2
557488980,mixed,FF->FB,FF,FB,2,2,0,1,1,1.0,1793,1793.0,MB_ML.MB_CA,3,2,2,"[AL.MB_CAL2, MB_CA.MB_VLL2] -> MB_ML.MB_CAL3 -> [MB_CA.CREL2, MB_CA.MB_MLL2]",AL.MB_CA,2,MB_CA.MB_VL,2,MB_CA.CRE,2,MB_CA.MB_ML,2
546970320,mixed,FF->FB,FF,FB,2,2,0,1,1,1.0,1793,1793.0,MB_ML.MB_CA,3,2,2,"[MB_CA.MB_MLL2, MB_CA.MB_VLL2] -> MB_ML.MB_CAL3 -> [AL.MB_CAL2, MB_CA.CREL2]",MB_CA.MB_ML,2,MB_CA.MB_VL,2,AL.MB_CA,2,MB_CA.CRE,2
544524120,mixed,FF->FB,FF,FB,2,2,0,1,1,1.0,1943,1943.0,MB_ML.MB_CA,3,2,2,"[AL.LHL2, AL.MB_CAL2] -> MB_ML.MB_CAL3 -> [MB_CA.MB_MLL2, MB_CA.MB_VLL2]",AL.LH,2,AL.MB_CA,2,MB_CA.MB_ML,2,MB_CA.MB_VL,2
534250080,mixed,FF->FB,FF,FB,2,2,0,1,1,1.0,1943,1943.0,MB_ML.MB_CA,3,2,2,"[AL.LHL2, MB_CA.MB_MLL2] -> MB_ML.MB_CAL3 -> [AL.MB_CAL2, MB_CA.MB_VLL2]",AL.LH,2,MB_CA.MB_ML,2,AL.MB_CA,2,MB_CA.MB_VL,2
534250080,mixed,FF->FB,FF,FB,2,2,0,1,1,1.0,1943,1943.0,MB_ML.MB_CA,3,2,2,"[AL.LHL2, MB_CA.MB_VLL2] -> MB_ML.MB_CAL3 -> [AL.MB_CAL2, MB_CA.MB_MLL2]",AL.LH,2,MB_CA.MB_VL,2,AL.MB_CA,2,MB_CA.MB_ML,2
520537103,mixed,FF->FB,FF,FB,2,2,0,2282,4,1.0,9699,4.25,LO,3,2,2,"[GNG.MEL2, ME.LOPL2] -> LOL3 -> [LO.LOPL2, ME.LOL2]",GNG.ME,2,ME.LOP,2,LO.LOP,2,ME.LO,2
512226620,mixed,FF->FB,FF,FB,2,2,0,2282,8,1.0,33771,14.799,LO,3,2,2,"[MEL2, ME.LOL2] -> LOL3 -> [LO.AVLPL2, ME.LOPL2]",ME,2,ME.LO,2,LO.AVLP,2,ME.LOP,2
499024800,mixed,FF->FB,FF,FB,2,2,0,1,1,1.0,1965,1965.0,MB_ML.MB_CA,3,2,2,"[MB_CA.MB_MLL2, MB_MLL2] -> MB_ML.MB_CAL3 -> [AL.LHL2, MB_CA.MB_VLL2]",MB_CA.MB_ML,2,MB_ML,2,AL.LH,2,MB_CA.MB_VL,2
499024800,mixed,FF->FB,FF,FB,2,2,0,1,1,1.0,1965,1965.0,MB_ML.MB_CA,3,2,2,"[MB_CA.MB_VLL2, MB_MLL2] -> MB_ML.MB_CAL3 -> [AL.LHL2, MB_CA.MB_MLL2]",MB_CA.MB_VL,2,MB_ML,2,AL.LH,2,MB_CA.MB_ML,2
482390640,mixed,FF->FB,FF,FB,2,2,0,1,1,1.0,1965,1965.0,MB_ML.MB_CA,3,2,2,"[MB_CA.MB_MLL2, MB_CA.MB_VLL2] -> MB_ML.MB_CAL3 -> [AL.LHL2, MB_MLL2]",MB_CA.MB_ML,2,MB_CA.MB_VL,2,AL.LH,2,MB_ML,2
452057760,mixed,FF->FB,FF,FB,2,2,0,1,1,1.0,1858,1858.0,MB_ML.MB_CA,3,2,2,"[AL.LHL2, MB_CA.CREL2] -> MB_ML.MB_CAL3 -> [MB_CA.MB_MLL2, MB_CA.MB_VLL2]",AL.LH,2,MB_CA.CRE,2,MB_CA.MB_ML,2,MB_CA.MB_VL,2
450741397,mixed,FF->FB,FF,FB,2,2,0,2282,4,1.0,32269,14.141,LO,3,2,2,"[GNG.MEL2, MEL2] -> LOL3 -> [LO.LOPL2, ME.LOL2]",GNG.ME,2,ME,2,LO.LOP,2,ME.LO,2
449309160,mixed,FF->FB,FF,FB,2,2,0,2282,11,1.39,27887,12.22,LO,3,2,2,"[AVLP.MEL2, MEL2] -> LOL3 -> [LO.LOPL2, ME.LOPL2]",AVLP.ME,2,ME,2,LO.LOP,2,ME.LOP,2
441783720,mixed,FF->FB,FF,FB,2,2,0,1,1,1.0,1858,1858.0,MB_ML.MB_CA,3,2,2,"[AL.LHL2, MB_CA.MB_MLL2] -> MB_ML.MB_CAL3 -> [MB_CA.CREL2, MB_CA.MB_VLL2]",AL.LH,2,MB_CA.MB_ML,2,MB_CA.CRE,2,MB_CA.MB_VL,2
441783720,mixed,FF->FB,FF,FB,2,2,0,1,1,1.0,1858,1858.0,MB_ML.MB_CA,3,2,2,"[AL.LHL2, MB_CA.MB_VLL2] -> MB_ML.MB_CAL3 -> [MB_CA.CREL2, MB_CA.MB_MLL2]",AL.LH,2,MB_CA.MB_VL,2,MB_CA.CRE,2,MB_CA.MB_ML,2
440805240,mixed,FF->FB,FF,FB,2,2,0,1,1,1.0,1943,1943.0,MB_ML.MB_CA,3,2,2,"[AL.MB_CAL2, MB_CA.MB_MLL2] -> MB_ML.MB_CAL3 -> [AL.LHL2, MB_CA.MB_VLL2]",AL.MB_CA,2,MB_CA.MB_ML,2,AL.LH,2,MB_CA.MB_VL,2
440805240,mixed,FF->FB,FF,FB,2,2,0,1,1,1.0,1943,1943.0,MB_ML.MB_CA,3,2,2,"[AL.MB_CAL2, MB_CA.MB_VLL2] -> MB_ML.MB_CAL3 -> [AL.LHL2, MB_CA.MB_MLL2]",AL.MB_CA,2,MB_CA.MB_VL,2,AL.LH,2,MB_CA.MB_ML,2
432488160,mixed,FF->FB,FF,FB,2,2,0,1,1,1.0,1943,1943.0,MB_ML.MB_CA,3,2,2,"[MB_CA.MB_MLL2, MB_CA.MB_VLL2] -> MB_ML.MB_CAL3 -> [AL.LHL2, AL.MB_CAL2]",MB_CA.MB_ML,2,MB_CA.MB_VL,2,AL.LH,2,AL.MB_CA,2
420617866,mixed,FF->FB,FF,FB,2,2,0,2282,11,1.261,9699,4.25,LO,3,2,2,"[AVLP.MEL2, ME.LOL2] -> LOL3 -> [LO.LOPL2, ME.LOPL2]",AVLP.ME,2,ME.LO,2,LO.LOP,2,ME.LOP,2
365951520,mixed,FF->FB,FF,FB,2,2,0,1,1,1.0,1858,1858.0,MB_ML.MB_CA,3,2,2,"[MB_CA.CREL2, MB_CA.MB_MLL2] -> MB_ML.MB_CAL3 -> [AL.LHL2, MB_CA.MB_VLL2]",MB_CA.CRE,2,MB_CA.MB_ML,2,AL.LH,2,MB_CA.MB_VL,2
365951520,mixed,FF->FB,FF,FB,2,2,0,1,1,1.0,1858,1858.0,MB_ML.MB_CA,3,2,2,"[MB_CA.CREL2, MB_CA.MB_VLL2] -> MB_ML.MB_CAL3 -> [AL.LHL2, MB_CA.MB_MLL2]",MB_CA.CRE,2,MB_CA.MB_VL,2,AL.LH,2,MB_CA.MB_ML,2
358975578,mixed,FF->FB,FF,FB,2,2,0,2282,9,1.0,33771,14.799,LO,3,2,2,"[MEL2, ME.LOPL2] -> LOL3 -> [LO.AVLPL2, ME.LOL2]",ME,2,ME.LOP,2,LO.AVLP,2,ME.LO,2
357634440,mixed,FF->FB,FF,FB,2,2,0,1,1,1.0,1858,1858.0,MB_ML.MB_CA,3,2,2,"[MB_CA.MB_MLL2, MB_CA.MB_VLL2] -> MB_ML.MB_CAL3 -> [AL.LHL2, MB_CA.CREL2]",MB_CA.MB_ML,2,MB_CA.MB_VL,2,AL.LH,2,MB_CA.CRE,2
354759030,mixed,FF->FB,FF,FB,2,2,0,109,4,2.523,11905,109.22,PVLP.LO,4,2,2,"[LO.PVLPL3, PVLPL3] -> PVLP.LOL4 -> [LOL3, ME.LOL3]",LO.PVLP,3,PVLP,3,LO,3,ME.LO,3
346360976,mixed,FF->FB,FF,FB,2,2,0,1160,67,1.001,12068,10.403,LO,4,2,2,"[LOL3, ME.LOL3] -> LOL4 -> [LO.PLPL3, LO.PVLPL3]",LO,3,ME.LO,3,LO.PLP,3,LO.PVLP,3
298224266,mixed,FF->FB,FF,FB,2,2,0,2282,10,1.585,32269,14.141,LO,3,2,2,"[AVLP.MEL2, MEL2] -> LOL3 -> [LO.LOPL2, ME.LOL2]",AVLP.ME,2,ME,2,LO.LOP,2,ME.LO,2
293562611,mixed,FF->FB,FF,FB,2,2,0,2282,7,1.252,9699,4.25,LO,3,2,2,"[AVLP.MEL2, ME.LOPL2] -> LOL3 -> [LO.LOPL2, ME.LOL2]",AVLP.ME,2,ME.LOP,2,LO.LOP,2,ME.LO,2
289400757,mixed,FF->FB,FF,FB,2,2,0,2282,2,1.0,9699,4.25,LO,3,2,2,"[GNG.MEL2, LO.LOPL2] -> LOL3 -> [ME.LOL2, ME.LOPL2]",GNG.ME,2,LO.LOP,2,ME.LO,2,ME.LOP,2
276261106,mixed,FF->FB,FF,FB,2,2,0,2282,4,1.0,27909,12.23,LO,3,2,2,"[MEL2, ME.LOPL2] -> LOL3 -> [LO.AVLPL2, LO.LOPL2]",ME,2,ME.LOP,2,LO.AVLP,2,LO.LOP,2
274661534,mixed,FF->FB,FF,FB,2,2,0,2282,4,1.0,9721,4.26,LO,3,2,2,"[ME.LOL2, ME.LOPL2] -> LOL3 -> [LO.AVLPL2, LO.LOPL2]",ME.LO,2,ME.LOP,2,LO.AVLP,2,LO.LOP,2
237835585,mixed,FF->FB,FF,FB,2,2,0,2282,7,1.0,32291,14.15,LO,3,2,2,"[MEL2, ME.LOL2] -> LOL3 -> [LO.AVLPL2, LO.LOPL2]",ME,2,ME.LO,2,LO.AVLP,2,LO.LOP,2
236302920,mixed,FF->FB,FF,FB,2,2,0,1,1,1.0,1689,1689.0,MB_ML.MB_CA,3,2,2,"[MB_CA.MB_MLL2, MB_CA.MB_PEDL2] -> MB_ML.MB_CAL3 -> [MB_CA.MB_VLL2, MB_VL.MB_MLL2]",MB_CA.MB_ML,2,MB_CA.MB_PED,2,MB_CA.MB_VL,2,MB_VL.MB_ML,2
236302920,mixed,FF->FB,FF,FB,2,2,0,1,1,1.0,1689,1689.0,MB_ML.MB_CA,3,2,2,"[MB_CA.MB_MLL2, MB_CA.MB_VLL2] -> MB_ML.MB_CAL3 -> [MB_CA.MB_PEDL2, MB_VL.MB_MLL2]",MB_CA.MB_ML,2,MB_CA.MB_VL,2,MB_CA.MB_PED,2,MB_VL.MB_ML,2
236302920,mixed,FF->FB,FF,FB,2,2,0,1,1,1.0,1689,1689.0,MB_ML.MB_CA,3,2,2,"[MB_CA.MB_MLL2, MB_VL.MB_MLL2] -> MB_ML.MB_CAL3 -> [MB_CA.MB_PEDL2, MB_CA.MB_VLL2]",MB_CA.MB_ML,2,MB_VL.MB_ML,2,MB_CA.MB_PED,2,MB_CA.MB_VL,2
236302920,mixed,FF->FB,FF,FB,2,2,0,1,1,1.0,1689,1689.0,MB_ML.MB_CA,3,2,2,"[MB_CA.MB_PEDL2, MB_CA.MB_VLL2] -> MB_ML.MB_CAL3 -> [MB_CA.MB_MLL2, MB_VL.MB_MLL2]",MB_CA.MB_PED,2,MB_CA.MB_VL,2,MB_CA.MB_ML,2,MB_VL.MB_ML,2
236302920,mixed,FF->FB,FF,FB,2,2,0,1,1,1.0,1689,1689.0,MB_ML.MB_CA,3,2,2,"[MB_CA.MB_PEDL2, MB_VL.MB_MLL2] -> MB_ML.MB_CAL3 -> [MB_CA.MB_MLL2, MB_CA.MB_VLL2]",MB_CA.MB_PED,2,MB_VL.MB_ML,2,MB_CA.MB_ML,2,MB_CA.MB_VL,2
236302920,mixed,FF->FB,FF,FB,2,2,0,1,1,1.0,1689,1689.0,MB_ML.MB_CA,3,2,2,"[MB_CA.MB_VLL2, MB_VL.MB_MLL2] -> MB_ML.MB_CAL3 -> [MB_CA.MB_MLL2, MB_CA.MB_PEDL2]",MB_CA.MB_VL,2,MB_VL.MB_ML,2,MB_CA.MB_ML,2,MB_CA.MB_PED,2
214261701,mixed,FF->FB,FF,FB,2,2,0,1160,64,1.004,22561,19.449,LO,4,2,2,"[LOL3, ME.LOL3] -> LOL4 -> [LO.PVLPL3, MEL3]",LO,3,ME.LO,3,LO.PVLP,3,ME,3
211642928,mixed,FF->FB,FF,FB,2,2,0,2282,8,1.0,34394,15.072,LO,3,2,2,"[LOPL2, MEL2] -> LOL3 -> [ME.LOL2, ME.LOPL2]",LOP,2,ME,2,ME.LO,2,ME.LOP,2
211641099,mixed,FF->FB,FF,FB,2,2,0,2282,6,1.0,33753,14.791,LO,3,2,2,"[IPS.MEL2, MEL2] -> LOL3 -> [ME.LOL2, ME.LOPL2]",IPS.ME,2,ME,2,ME.LO,2,ME.LOP,2
210082084,mixed,FF->FB,FF,FB,2,2,0,1160,141,1.002,22071,19.027,LO,4,2,2,"[MEL3, ME.LOL3] -> LOL4 -> [LOL3, LO.PLPL3]",ME,3,ME.LO,3,LO,3,LO.PLP,3
205480800,mixed,FF->FB,FF,FB,2,2,0,1,1,1.0,1778,1778.0,MB_ML.MB_CA,3,2,2,"[MB_CA.MB_MLL2, MB_MLL2] -> MB_ML.MB_CAL3 -> [MB_CA.MB_VLL2, MB_VL.MB_MLL2]",MB_CA.MB_ML,2,MB_ML,2,MB_CA.MB_VL,2,MB_VL.MB_ML,2
205480800,mixed,FF->FB,FF,FB,2,2,0,1,1,1.0,1778,1778.0,MB_ML.MB_CA,3,2,2,"[MB_CA.MB_VLL2, MB_MLL2] -> MB_ML.MB_CAL3 -> [MB_CA.MB_MLL2, MB_VL.MB_MLL2]",MB_CA.MB_VL,2,MB_ML,2,MB_CA.MB_ML,2,MB_VL.MB_ML,2
205480800,mixed,FF->FB,FF,FB,2,2,0,1,1,1.0,1778,1778.0,MB_ML.MB_CA,3,2,2,"[MB_MLL2, MB_VL.MB_MLL2] -> MB_ML.MB_CAL3 -> [MB_CA.MB_MLL2, MB_CA.MB_VLL2]",MB_ML,2,MB_VL.MB_ML,2,MB_CA.MB_ML,2,MB_CA.MB_VL,2
202545360,mixed,FF->FB,FF,FB,2,2,0,1,1,1.0,1695,1695.0,MB_ML.MB_CA,3,2,2,"[MB_CAL2, MB_CA.MB_MLL2] -> MB_ML.MB_CAL3 -> [MB_CA.MB_PEDL2, MB_CA.MB_VLL2]",MB_CA,2,MB_CA.MB_ML,2,MB_CA.MB_PED,2,MB_CA.MB_VL,2
202545360,mixed,FF->FB,FF,FB,2,2,0,1,1,1.0,1695,1695.0,MB_ML.MB_CA,3,2,2,"[MB_CAL2, MB_CA.MB_PEDL2] -> MB_ML.MB_CAL3 -> [MB_CA.MB_MLL2, MB_CA.MB_VLL2]",MB_CA,2,MB_CA.MB_PED,2,MB_CA.MB_ML,2,MB_CA.MB_VL,2
202545360,mixed,FF->FB,FF,FB,2,2,0,1,1,1.0,1695,1695.0,MB_ML.MB_CA,3,2,2,"[MB_CAL2, MB_CA.MB_VLL2] -> MB_ML.MB_CAL3 -> [MB_CA.MB_MLL2, MB_CA.MB_PEDL2]",MB_CA,2,MB_CA.MB_VL,2,MB_CA.MB_ML,2,MB_CA.MB_PED,2
202545360,mixed,FF->FB,FF,FB,2,2,0,1,1,1.0,1695,1695.0,MB_ML.MB_CA,3,2,2,"[MB_CA.MB_MLL2, MB_CA.MB_PEDL2] -> MB_ML.MB_CAL3 -> [MB_CAL2, MB_CA.MB_VLL2]",MB_CA.MB_ML,2,MB_CA.MB_PED,2,MB_CA,2,MB_CA.MB_VL,2
202545360,mixed,FF->FB,FF,FB,2,2,0,1,1,1.0,1682,1682.0,MB_ML.MB_CA,3,2,2,"[MB_CA.MB_MLL2, MB_CA.MB_PEDL2] -> MB_ML.MB_CAL3 -> [MB_CA.MB_VLL2, MB_ML.MB_VLL2]",MB_CA.MB_ML,2,MB_CA.MB_PED,2,MB_CA.MB_VL,2,MB_ML.MB_VL,2
202545360,mixed,FF->FB,FF,FB,2,2,0,1,1,1.0,1695,1695.0,MB_ML.MB_CA,3,2,2,"[MB_CA.MB_MLL2, MB_CA.MB_VLL2] -> MB_ML.MB_CAL3 -> [MB_CAL2, MB_CA.MB_PEDL2]",MB_CA.MB_ML,2,MB_CA.MB_VL,2,MB_CA,2,MB_CA.MB_PED,2
202545360,mixed,FF->FB,FF,FB,2,2,0,1,1,1.0,1682,1682.0,MB_ML.MB_CA,3,2,2,"[MB_CA.MB_MLL2, MB_CA.MB_VLL2] -> MB_ML.MB_CAL3 -> [MB_CA.MB_PEDL2, MB_ML.MB_VLL2]",MB_CA.MB_ML,2,MB_CA.MB_VL,2,MB_CA.MB_PED,2,MB_ML.MB_VL,2
202545360,mixed,FF->FB,FF,FB,2,2,0,1,1,1.0,1682,1682.0,MB_ML.MB_CA,3,2,2,"[MB_CA.MB_MLL2, MB_ML.MB_VLL2] -> MB_ML.MB_CAL3 -> [MB_CA.MB_PEDL2, MB_CA.MB_VLL2]",MB_CA.MB_ML,2,MB_ML.MB_VL,2,MB_CA.MB_PED,2,MB_CA.MB_VL,2
202545360,mixed,FF->FB,FF,FB,2,2,0,1,1,1.0,1695,1695.0,MB_ML.MB_CA,3,2,2,"[MB_CA.MB_PEDL2, MB_CA.MB_VLL2] -> MB_ML.MB_CAL3 -> [MB_CAL2, MB_CA.MB_MLL2]",MB_CA.MB_PED,2,MB_CA.MB_VL,2,MB_CA,2,MB_CA.MB_ML,2
202545360,mixed,FF->FB,FF,FB,2,2,0,1,1,1.0,1682,1682.0,MB_ML.MB_CA,3,2,2,"[MB_CA.MB_PEDL2, MB_CA.MB_VLL2] -> MB_ML.MB_CAL3 -> [MB_CA.MB_MLL2, MB_ML.MB_VLL2]",MB_CA.MB_PED,2,MB_CA.MB_VL,2,MB_CA.MB_ML,2,MB_ML.MB_VL,2
202545360,mixed,FF->FB,FF,FB,2,2,0,1,1,1.0,1682,1682.0,MB_ML.MB_CA,3,2,2,"[MB_CA.MB_PEDL2, MB_ML.MB_VLL2] -> MB_ML.MB_CAL3 -> [MB_CA.MB_MLL2, MB_CA.MB_VLL2]",MB_CA.MB_PED,2,MB_ML.MB_VL,2,MB_CA.MB_ML,2,MB_CA.MB_VL,2
202545360,mixed,FF->FB,FF,FB,2,2,0,1,1,1.0,1682,1682.0,MB_ML.MB_CA,3,2,2,"[MB_CA.MB_VLL2, MB_ML.MB_VLL2] -> MB_ML.MB_CAL3 -> [MB_CA.MB_MLL2, MB_CA.MB_PEDL2]",MB_CA.MB_VL,2,MB_ML.MB_VL,2,MB_CA.MB_ML,2,MB_CA.MB_PED,2
198631440,mixed,FF->FB,FF,FB,2,2,0,1,1,1.0,1778,1778.0,MB_ML.MB_CA,3,2,2,"[MB_CA.MB_MLL2, MB_CA.MB_VLL2] -> MB_ML.MB_CAL3 -> [MB_MLL2, MB_VL.MB_MLL2]",MB_CA.MB_ML,2,MB_CA.MB_VL,2,MB_ML,2,MB_VL.MB_ML,2
198631440,mixed,FF->FB,FF,FB,2,2,0,1,1,1.0,1778,1778.0,MB_ML.MB_CA,3,2,2,"[MB_CA.MB_MLL2, MB_VL.MB_MLL2] -> MB_ML.MB_CAL3 -> [MB_CA.MB_VLL2, MB_MLL2]",MB_CA.MB_ML,2,MB_VL.MB_ML,2,MB_CA.MB_VL,2,MB_ML,2
198631440,mixed,FF->FB,FF,FB,2,2,0,1,1,1.0,1778,1778.0,MB_ML.MB_CA,3,2,2,"[MB_CA.MB_VLL2, MB_VL.MB_MLL2] -> MB_ML.MB_CAL3 -> [MB_CA.MB_MLL2, MB_MLL2]",MB_CA.MB_VL,2,MB_VL.MB_ML,2,MB_CA.MB_ML,2,MB_ML,2
187420661,mixed,FF->FB,FF,FB,2,2,0,1160,123,1.004,22561,19.449,LO,4,2,2,"[LOL3, MEL3] -> LOL4 -> [LO.PVLPL3, ME.LOL3]",LO,3,ME,3,LO.PVLP,3,ME.LO,3
186802295,mixed,FF->FB,FF,FB,2,2,0,2282,9,1.0,33749,14.789,LO,3,2,2,"[GNG.MEL2, ME.LOL2] -> LOL3 -> [MEL2, ME.LOPL2]",GNG.ME,2,ME.LO,2,ME,2,ME.LOP,2
181786453,mixed,FF->FB,FF,FB,2,2,0,1160,34,1.0,11974,10.322,LO,4,2,2,"[LOP.LOL3, ME.LOL3] -> LOL4 -> [LOL3, LO.PVLPL3]",LOP.LO,3,ME.LO,3,LO,3,LO.PVLP,3
181508040,mixed,FF->FB,FF,FB,2,2,0,1,1,1.0,1756,1756.0,MB_ML.MB_CA,3,2,2,"[AL.MB_CAL2, MB_CA.MB_MLL2] -> MB_ML.MB_CAL3 -> [MB_CA.MB_VLL2, MB_VL.MB_MLL2]",AL.MB_CA,2,MB_CA.MB_ML,2,MB_CA.MB_VL,2,MB_VL.MB_ML,2
181508040,mixed,FF->FB,FF,FB,2,2,0,1,1,1.0,1756,1756.0,MB_ML.MB_CA,3,2,2,"[AL.MB_CAL2, MB_CA.MB_VLL2] -> MB_ML.MB_CAL3 -> [MB_CA.MB_MLL2, MB_VL.MB_MLL2]",AL.MB_CA,2,MB_CA.MB_VL,2,MB_CA.MB_ML,2,MB_VL.MB_ML,2
181508040,mixed,FF->FB,FF,FB,2,2,0,1,1,1.0,1756,1756.0,MB_ML.MB_CA,3,2,2,"[AL.MB_CAL2, MB_VL.MB_MLL2] -> MB_ML.MB_CAL3 -> [MB_CA.MB_MLL2, MB_CA.MB_VLL2]",AL.MB_CA,2,MB_VL.MB_ML,2,MB_CA.MB_ML,2,MB_CA.MB_VL,2
178083360,mixed,FF->FB,FF,FB,2,2,0,1,1,1.0,1756,1756.0,MB_ML.MB_CA,3,2,2,"[MB_CA.MB_MLL2, MB_CA.MB_VLL2] -> MB_ML.MB_CAL3 -> [AL.MB_CAL2, MB_VL.MB_MLL2]",MB_CA.MB_ML,2,MB_CA.MB_VL,2,AL.MB_CA,2,MB_VL.MB_ML,2
178083360,mixed,FF->FB,FF,FB,2,2,0,1,1,1.0,1756,1756.0,MB_ML.MB_CA,3,2,2,"[MB_CA.MB_MLL2, MB_VL.MB_MLL2] -> MB_ML.MB_CAL3 -> [AL.MB_CAL2, MB_CA.MB_VLL2]",MB_CA.MB_ML,2,MB_VL.MB_ML,2,AL.MB_CA,2,MB_CA.MB_VL,2
178083360,mixed,FF->FB,FF,FB,2,2,0,1,1,1.0,1756,1756.0,MB_ML.MB_CA,3,2,2,"[MB_CA.MB_VLL2, MB_VL.MB_MLL2] -> MB_ML.MB_CAL3 -> [AL.MB_CAL2, MB_CA.MB_MLL2]",MB_CA.MB_VL,2,MB_VL.MB_ML,2,AL.MB_CA,2,MB_CA.MB_ML,2
177644268,mixed,FF->FB,FF,FB,2,2,0,109,3,2.931,20332,186.532,PVLP.LO,4,2,2,"[LO.PVLPL3, PVLPL3] -> PVLP.LOL4 -> [MEL3, ME.LOL3]",LO.PVLP,3,PVLP,3,ME,3,ME.LO,3
176939304,mixed,FF->FB,FF,FB,2,2,0,109,3,2.993,11874,108.936,PVLP.LO,4,2,2,"[GNG.AVLPL3, LO.PVLPL3] -> PVLP.LOL4 -> [LOL3, ME.LOL3]",GNG.AVLP,3,LO.PVLP,3,LO,3,ME.LO,3
176126400,mixed,FF->FB,FF,FB,2,2,0,1,1,1.0,1784,1784.0,MB_ML.MB_CA,3,2,2,"[MB_CAL2, MB_MLL2] -> MB_ML.MB_CAL3 -> [MB_CA.MB_MLL2, MB_CA.MB_VLL2]",MB_CA,2,MB_ML,2,MB_CA.MB_ML,2,MB_CA.MB_VL,2
176126400,mixed,FF->FB,FF,FB,2,2,0,1,1,1.0,1784,1784.0,MB_ML.MB_CA,3,2,2,"[MB_CA.MB_MLL2, MB_MLL2] -> MB_ML.MB_CAL3 -> [MB_CAL2, MB_CA.MB_VLL2]",MB_CA.MB_ML,2,MB_ML,2,MB_CA,2,MB_CA.MB_VL,2
176126400,mixed,FF->FB,FF,FB,2,2,0,1,1,1.0,1771,1771.0,MB_ML.MB_CA,3,2,2,"[MB_CA.MB_MLL2, MB_MLL2] -> MB_ML.MB_CAL3 -> [MB_CA.MB_VLL2, MB_ML.MB_VLL2]",MB_CA.MB_ML,2,MB_ML,2,MB_CA.MB_VL,2,MB_ML.MB_VL,2
176126400,mixed,FF->FB,FF,FB,2,2,0,1,1,1.0,1784,1784.0,MB_ML.MB_CA,3,2,2,"[MB_CA.MB_VLL2, MB_MLL2] -> MB_ML.MB_CAL3 -> [MB_CAL2, MB_CA.MB_MLL2]",MB_CA.MB_VL,2,MB_ML,2,MB_CA,2,MB_CA.MB_ML,2
176126400,mixed,FF->FB,FF,FB,2,2,0,1,1,1.0,1771,1771.0,MB_ML.MB_CA,3,2,2,"[MB_CA.MB_VLL2, MB_MLL2] -> MB_ML.MB_CAL3 -> [MB_CA.MB_MLL2, MB_ML.MB_VLL2]",MB_CA.MB_VL,2,MB_ML,2,MB_CA.MB_ML,2,MB_ML.MB_VL,2
176126400,mixed,FF->FB,FF,FB,2,2,0,1,1,1.0,1771,1771.0,MB_ML.MB_CA,3,2,2,"[MB_MLL2, MB_ML.MB_VLL2] -> MB_ML.MB_CAL3 -> [MB_CA.MB_MLL2, MB_CA.MB_VLL2]",MB_ML,2,MB_ML.MB_VL,2,MB_CA.MB_ML,2,MB_CA.MB_VL,2
170255520,mixed,FF->FB,FF,FB,2,2,0,1,1,1.0,1784,1784.0,MB_ML.MB_CA,3,2,2,"[MB_CAL2, MB_CA.MB_MLL2] -> MB_ML.MB_CAL3 -> [MB_CA.MB_VLL2, MB_MLL2]",MB_CA,2,MB_CA.MB_ML,2,MB_CA.MB_VL,2,MB_ML,2
170255520,mixed,FF->FB,FF,FB,2,2,0,1,1,1.0,1784,1784.0,MB_ML.MB_CA,3,2,2,"[MB_CAL2, MB_CA.MB_VLL2] -> MB_ML.MB_CAL3 -> [MB_CA.MB_MLL2, MB_MLL2]",MB_CA,2,MB_CA.MB_VL,2,MB_CA.MB_ML,2,MB_ML,2
170255520,mixed,FF->FB,FF,FB,2,2,0,1,1,1.0,1784,1784.0,MB_ML.MB_CA,3,2,2,"[MB_CA.MB_MLL2, MB_CA.MB_VLL2] -> MB_ML.MB_CAL3 -> [MB_CAL2, MB_MLL2]",MB_CA.MB_ML,2,MB_CA.MB_VL,2,MB_CA,2,MB_ML,2
170255520,mixed,FF->FB,FF,FB,2,2,0,1,1,1.0,1771,1771.0,MB_ML.MB_CA,3,2,2,"[MB_CA.MB_MLL2, MB_CA.MB_VLL2] -> MB_ML.MB_CAL3 -> [MB_MLL2, MB_ML.MB_VLL2]",MB_CA.MB_ML,2,MB_CA.MB_VL,2,MB_ML,2,MB_ML.MB_VL,2
170255520,mixed,FF->FB,FF,FB,2,2,0,1,1,1.0,1771,1771.0,MB_ML.MB_CA,3,2,2,"[MB_CA.MB_MLL2, MB_ML.MB_VLL2] -> MB_ML.MB_CAL3 -> [MB_CA.MB_VLL2, MB_MLL2]",MB_CA.MB_ML,2,MB_ML.MB_VL,2,MB_CA.MB_VL,2,MB_ML,2
170255520,mixed,FF->FB,FF,FB,2,2,0,1,1,1.0,1771,1771.0,MB_ML.MB_CA,3,2,2,"[MB_CA.MB_VLL2, MB_ML.MB_VLL2] -> MB_ML.MB_CAL3 -> [MB_CA.MB_MLL2, MB_MLL2]",MB_CA.MB_VL,2,MB_ML.MB_VL,2,MB_CA.MB_ML,2,MB_ML,2
161733117,mixed,FF->FB,FF,FB,2,2,0,1160,15,1.002,12068,10.403,LO,4,2,2,"[LO.PLPL3, ME.LOL3] -> LOL4 -> [LOL3, LO.PVLPL3]",LO.PLP,3,ME.LO,3,LO,3,LO.PVLP,3
155880435,mixed,FF->FB,FF,FB,2,2,0,2282,5,1.154,9699,4.25,LO,3,2,2,"[AVLP.MEL2, LO.LOPL2] -> LOL3 -> [ME.LOL2, ME.LOPL2]",AVLP.ME,2,LO.LOP,2,ME.LO,2,ME.LOP,2
155578320,mixed,FF->FB,FF,FB,2,2,0,1,1,1.0,1762,1762.0,MB_ML.MB_CA,3,2,2,"[AL.MB_CAL2, MB_CAL2] -> MB_ML.MB_CAL3 -> [MB_CA.MB_MLL2, MB_CA.MB_VLL2]",AL.MB_CA,2,MB_CA,2,MB_CA.MB_ML,2,MB_CA.MB_VL,2
155578320,mixed,FF->FB,FF,FB,2,2,0,1,1,1.0,1762,1762.0,MB_ML.MB_CA,3,2,2,"[AL.MB_CAL2, MB_CA.MB_MLL2] -> MB_ML.MB_CAL3 -> [MB_CAL2, MB_CA.MB_VLL2]",AL.MB_CA,2,MB_CA.MB_ML,2,MB_CA,2,MB_CA.MB_VL,2
155578320,mixed,FF->FB,FF,FB,2,2,0,1,1,1.0,1749,1749.0,MB_ML.MB_CA,3,2,2,"[AL.MB_CAL2, MB_CA.MB_MLL2] -> MB_ML.MB_CAL3 -> [MB_CA.MB_VLL2, MB_ML.MB_VLL2]",AL.MB_CA,2,MB_CA.MB_ML,2,MB_CA.MB_VL,2,MB_ML.MB_VL,2
155578320,mixed,FF->FB,FF,FB,2,2,0,1,1,1.0,1762,1762.0,MB_ML.MB_CA,3,2,2,"[AL.MB_CAL2, MB_CA.MB_VLL2] -> MB_ML.MB_CAL3 -> [MB_CAL2, MB_CA.MB_MLL2]",AL.MB_CA,2,MB_CA.MB_VL,2,MB_CA,2,MB_CA.MB_ML,2
155578320,mixed,FF->FB,FF,FB,2,2,0,1,1,1.0,1749,1749.0,MB_ML.MB_CA,3,2,2,"[AL.MB_CAL2, MB_CA.MB_VLL2] -> MB_ML.MB_CAL3 -> [MB_CA.MB_MLL2, MB_ML.MB_VLL2]",AL.MB_CA,2,MB_CA.MB_VL,2,MB_CA.MB_ML,2,MB_ML.MB_VL,2
155578320,mixed,FF->FB,FF,FB,2,2,0,1,1,1.0,1749,1749.0,MB_ML.MB_CA,3,2,2,"[AL.MB_CAL2, MB_ML.MB_VLL2] -> MB_ML.MB_CAL3 -> [MB_CA.MB_MLL2, MB_CA.MB_VLL2]",AL.MB_CA,2,MB_ML.MB_VL,2,MB_CA.MB_ML,2,MB_CA.MB_VL,2
153591598,mixed,FF->FB,FF,FB,2,2,0,2282,2,1.0,27909,12.23,LO,3,2,2,"[LO.LOPL2, MEL2] -> LOL3 -> [LO.AVLPL2, ME.LOPL2]",LO.LOP,2,ME,2,LO.AVLP,2,ME.LOP,2
152702406,mixed,FF->FB,FF,FB,2,2,0,2282,2,1.0,9721,4.26,LO,3,2,2,"[LO.LOPL2, ME.LOL2] -> LOL3 -> [LO.AVLPL2, ME.LOPL2]",LO.LOP,2,ME.LO,2,LO.AVLP,2,ME.LOP,2
152642880,mixed,FF->FB,FF,FB,2,2,0,1,1,1.0,1762,1762.0,MB_ML.MB_CA,3,2,2,"[MB_CAL2, MB_CA.MB_MLL2] -> MB_ML.MB_CAL3 -> [AL.MB_CAL2, MB_CA.MB_VLL2]",MB_CA,2,MB_CA.MB_ML,2,AL.MB_CA,2,MB_CA.MB_VL,2
152642880,mixed,FF->FB,FF,FB,2,2,0,1,1,1.0,1762,1762.0,MB_ML.MB_CA,3,2,2,"[MB_CAL2, MB_CA.MB_VLL2] -> MB_ML.MB_CAL3 -> [AL.MB_CAL2, MB_CA.MB_MLL2]",MB_CA,2,MB_CA.MB_VL,2,AL.MB_CA,2,MB_CA.MB_ML,2
152642880,mixed,FF->FB,FF,FB,2,2,0,1,1,1.0,1762,1762.0,MB_ML.MB_CA,3,2,2,"[MB_CA.MB_MLL2, MB_CA.MB_VLL2] -> MB_ML.MB_CAL3 -> [AL.MB_CAL2, MB_CAL2]",MB_CA.MB_ML,2,MB_CA.MB_VL,2,AL.MB_CA,2,MB_CA,2
152642880,mixed,FF->FB,FF,FB,2,2,0,1,1,1.0,1749,1749.0,MB_ML.MB_CA,3,2,2,"[MB_CA.MB_MLL2, MB_CA.MB_VLL2] -> MB_ML.MB_CAL3 -> [AL.MB_CAL2, MB_ML.MB_VLL2]",MB_CA.MB_ML,2,MB_CA.MB_VL,2,AL.MB_CA,2,MB_ML.MB_VL,2
152642880,mixed,FF->FB,FF,FB,2,2,0,1,1,1.0,1749,1749.0,MB_ML.MB_CA,3,2,2,"[MB_CA.MB_MLL2, MB_ML.MB_VLL2] -> MB_ML.MB_CAL3 -> [AL.MB_CAL2, MB_CA.MB_VLL2]",MB_CA.MB_ML,2,MB_ML.MB_VL,2,AL.MB_CA,2,MB_CA.MB_VL,2
152642880,mixed,FF->FB,FF,FB,2,2,0,1,1,1.0,1749,1749.0,MB_ML.MB_CA,3,2,2,"[MB_CA.MB_VLL2, MB_ML.MB_VLL2] -> MB_ML.MB_CAL3 -> [AL.MB_CAL2, MB_CA.MB_MLL2]",MB_CA.MB_VL,2,MB_ML.MB_VL,2,AL.MB_CA,2,MB_CA.MB_ML,2
150685920,mixed,FF->FB,FF,FB,2,2,0,1,1,1.0,1671,1671.0,MB_ML.MB_CA,3,2,2,"[MB_CA.CREL2, MB_CA.MB_MLL2] -> MB_ML.MB_CAL3 -> [MB_CA.MB_VLL2, MB_VL.MB_MLL2]",MB_CA.CRE,2,MB_CA.MB_ML,2,MB_CA.MB_VL,2,MB_VL.MB_ML,2
150685920,mixed,FF->FB,FF,FB,2,2,0,1,1,1.0,1671,1671.0,MB_ML.MB_CA,3,2,2,"[MB_CA.CREL2, MB_CA.MB_VLL2] -> MB_ML.MB_CAL3 -> [MB_CA.MB_MLL2, MB_VL.MB_MLL2]",MB_CA.CRE,2,MB_CA.MB_VL,2,MB_CA.MB_ML,2,MB_VL.MB_ML,2
150685920,mixed,FF->FB,FF,FB,2,2,0,1,1,1.0,1671,1671.0,MB_ML.MB_CA,3,2,2,"[MB_CA.CREL2, MB_VL.MB_MLL2] -> MB_ML.MB_CAL3 -> [MB_CA.MB_MLL2, MB_CA.MB_VLL2]",MB_CA.CRE,2,MB_VL.MB_ML,2,MB_CA.MB_ML,2,MB_CA.MB_VL,2
150618770,mixed,FF->FB,FF,FB,2,2,0,2282,20,1.891,33749,14.789,LO,3,2,2,"[AVLP.MEL2, ME.LOL2] -> LOL3 -> [MEL2, ME.LOPL2]",AVLP.ME,2,ME.LO,2,ME,2,ME.LOP,2
147261240,mixed,FF->FB,FF,FB,2,2,0,1,1,1.0,1671,1671.0,MB_ML.MB_CA,3,2,2,"[MB_CA.MB_MLL2, MB_CA.MB_VLL2] -> MB_ML.MB_CAL3 -> [MB_CA.CREL2, MB_VL.MB_MLL2]",MB_CA.MB_ML,2,MB_CA.MB_VL,2,MB_CA.CRE,2,MB_VL.MB_ML,2
147261240,mixed,FF->FB,FF,FB,2,2,0,1,1,1.0,1671,1671.0,MB_ML.MB_CA,3,2,2,"[MB_CA.MB_MLL2, MB_VL.MB_MLL2] -> MB_ML.MB_CAL3 -> [MB_CA.CREL2, MB_CA.MB_VLL2]",MB_CA.MB_ML,2,MB_VL.MB_ML,2,MB_CA.CRE,2,MB_CA.MB_VL,2
147261240,mixed,FF->FB,FF,FB,2,2,0,1,1,1.0,1671,1671.0,MB_ML.MB_CA,3,2,2,"[MB_CA.MB_VLL2, MB_VL.MB_MLL2] -> MB_ML.MB_CAL3 -> [MB_CA.CREL2, MB_CA.MB_MLL2]",MB_CA.MB_VL,2,MB_VL.MB_ML,2,MB_CA.CRE,2,MB_CA.MB_ML,2
143836560,mixed,FF->FB,FF,FB,2,2,0,1,1,1.0,1821,1821.0,MB_ML.MB_CA,3,2,2,"[AL.LHL2, MB_CA.MB_MLL2] -> MB_ML.MB_CAL3 -> [MB_CA.MB_VLL2, MB_VL.MB_MLL2]",AL.LH,2,MB_CA.MB_ML,2,MB_CA.MB_VL,2,MB_VL.MB_ML,2
143836560,mixed,FF->FB,FF,FB,2,2,0,1,1,1.0,1821,1821.0,MB_ML.MB_CA,3,2,2,"[AL.LHL2, MB_CA.MB_VLL2] -> MB_ML.MB_CAL3 -> [MB_CA.MB_MLL2, MB_VL.MB_MLL2]",AL.LH,2,MB_CA.MB_VL,2,MB_CA.MB_ML,2,MB_VL.MB_ML,2
143836560,mixed,FF->FB,FF,FB,2,2,0,1,1,1.0,1821,1821.0,MB_ML.MB_CA,3,2,2,"[AL.LHL2, MB_VL.MB_MLL2] -> MB_ML.MB_CAL3 -> [MB_CA.MB_MLL2, MB_CA.MB_VLL2]",AL.LH,2,MB_VL.MB_ML,2,MB_CA.MB_ML,2,MB_CA.MB_VL,2
142144896,mixed,FF->FB,FF,FB,2,2,0,109,3,2.86,12164,111.596,PVLP.LO,4,2,2,"[AVLPL3, LO.PVLPL3] -> PVLP.LOL4 -> [LOL3, ME.LOL3]",AVLP,3,LO.PVLP,3,LO,3,ME.LO,3
135030240,mixed,FF->FB,FF,FB,2,2,0,1,1,1.0,2575,2575.0,MB_ML.MB_CA,3,2,2,"[ALL2, MB_CA.MB_MLL2] -> MB_ML.MB_CAL3 -> [MB_CA.MB_PEDL2, MB_CA.MB_VLL2]",AL,2,MB_CA.MB_ML,2,MB_CA.MB_PED,2,MB_CA.MB_VL,2
135030240,mixed,FF->FB,FF,FB,2,2,0,1,1,1.0,2575,2575.0,MB_ML.MB_CA,3,2,2,"[ALL2, MB_CA.MB_PEDL2] -> MB_ML.MB_CAL3 -> [MB_CA.MB_MLL2, MB_CA.MB_VLL2]",AL,2,MB_CA.MB_PED,2,MB_CA.MB_ML,2,MB_CA.MB_VL,2
135030240,mixed,FF->FB,FF,FB,2,2,0,1,1,1.0,2575,2575.0,MB_ML.MB_CA,3,2,2,"[ALL2, MB_CA.MB_VLL2] -> MB_ML.MB_CAL3 -> [MB_CA.MB_MLL2, MB_CA.MB_PEDL2]",AL,2,MB_CA.MB_VL,2,MB_CA.MB_ML,2,MB_CA.MB_PED,2
133653240,mixed,FF->FB,FF,FB,2,2,0,52,1,1.0,1900,36.538,MB_ML,3,2,2,"[MB_CA.MB_VLL2, MB_MLL2] -> MB_MLL3 -> [AL.MB_CAL2, MB_CA.MB_MLL2]",MB_CA.MB_VL,2,MB_ML,2,AL.MB_CA,2,MB_CA.MB_ML,2
132529680,mixed,FF->FB,FF,FB,2,2,0,1,1,1.0,1531,1531.0,MB_ML.MB_CA,3,2,2,"[AL.MB_CAL2, MB_MLL2] -> MB_ML.MB_CAL3 -> [MB_CA.MB_MLL2, MB_CA.MB_PEDL2]",AL.MB_CA,2,MB_ML,2,MB_CA.MB_ML,2,MB_CA.MB_PED,2
132308640,mixed,FF->FB,FF,FB,2,2,0,52,1,1.0,1900,36.538,MB_ML,3,2,2,"[AL.MB_CAL2, MB_MLL2] -> MB_MLL3 -> [MB_CA.MB_MLL2, MB_CA.MB_VLL2]",AL.MB_CA,2,MB_ML,2,MB_CA.MB_ML,2,MB_CA.MB_VL,2
132269760,mixed,FF->FB,FF,FB,2,2,0,52,1,1.0,1900,36.538,MB_ML,3,2,2,"[AL.MB_CAL2, MB_CA.MB_VLL2] -> MB_MLL3 -> [MB_CA.MB_MLL2, MB_MLL2]",AL.MB_CA,2,MB_CA.MB_VL,2,MB_CA.MB_ML,2,MB_ML,2
130913596,mixed,FF->FB,FF,FB,2,2,0,2282,5,1.0,33749,14.789,LO,3,2,2,"[GNG.MEL2, ME.LOPL2] -> LOL3 -> [MEL2, ME.LOL2]",GNG.ME,2,ME.LOP,2,ME,2,ME.LO,2
130471020,mixed,FF->FB,FF,FB,2,2,0,52,1,1.0,1900,36.538,MB_ML,3,2,2,"[MB_CA.MB_MLL2, MB_MLL2] -> MB_MLL3 -> [AL.MB_CAL2, MB_CA.MB_VLL2]",MB_CA.MB_ML,2,MB_ML,2,AL.MB_CA,2,MB_CA.MB_VL,2
130432680,mixed,FF->FB,FF,FB,2,2,0,52,1,1.0,1900,36.538,MB_ML,3,2,2,"[MB_CA.MB_MLL2, MB_CA.MB_VLL2] -> MB_MLL3 -> [AL.MB_CAL2, MB_MLL2]",MB_CA.MB_ML,2,MB_CA.MB_VL,2,AL.MB_CA,2,MB_ML,2
130029120,mixed,FF->FB,FF,FB,2,2,0,1,1,1.0,1531,1531.0,MB_ML.MB_CA,3,2,2,"[MB_CA.MB_MLL2, MB_MLL2] -> MB_ML.MB_CAL3 -> [AL.MB_CAL2, MB_CA.MB_PEDL2]",MB_CA.MB_ML,2,MB_ML,2,AL.MB_CA,2,MB_CA.MB_PED,2
130029120,mixed,FF->FB,FF,FB,2,2,0,1,1,1.0,1531,1531.0,MB_ML.MB_CA,3,2,2,"[MB_CA.MB_PEDL2, MB_MLL2] -> MB_ML.MB_CAL3 -> [AL.MB_CAL2, MB_CA.MB_MLL2]",MB_CA.MB_PED,2,MB_ML,2,AL.MB_CA,2,MB_CA.MB_ML,2
129159360,mixed,FF->FB,FF,FB,2,2,0,1,1,1.0,1677,1677.0,MB_ML.MB_CA,3,2,2,"[MB_CAL2, MB_CA.CREL2] -> MB_ML.MB_CAL3 -> [MB_CA.MB_MLL2, MB_CA.MB_VLL2]",MB_CA,2,MB_CA.CRE,2,MB_CA.MB_ML,2,MB_CA.MB_VL,2
2803199185270,mixed,FF->lat,FF,lat,2,0,2,2282,28,1.985,39222,17.188,LO,3,2,2,"[MEL2, ME.LOL2] -> LOL3 -> [LO.LOPL3, ME.LOPL3]",ME,2,ME.LO,2,LO.LOP,3,ME.LOP,3
2669974522452,mixed,FF->lat,FF,lat,2,0,2,2282,14,1.807,34840,15.267,LO,3,2,2,"[MEL2, ME.LOPL2] -> LOL3 -> [LO.LOPL3, ME.LOPL3]",ME,2,ME.LOP,2,LO.LOP,3,ME.LOP,3
2344872532423,mixed,FF->lat,FF,lat,2,0,2,2282,14,1.598,16652,7.297,LO,3,2,2,"[ME.LOL2, ME.LOPL2] -> LOL3 -> [LO.LOPL3, ME.LOPL3]",ME.LO,2,ME.LOP,2,LO.LOP,3,ME.LOP,3
575386706868,mixed,FF->lat,FF,lat,2,0,2,2282,4,1.179,10790,4.728,LO,3,2,2,"[LO.LOPL2, ME.LOPL2] -> LOL3 -> [LO.LOPL3, ME.LOPL3]",LO.LOP,2,ME.LOP,2,LO.LOP,3,ME.LOP,3
561048316020,mixed,FF->lat,FF,lat,2,0,2,2282,4,1.432,33360,14.619,LO,3,2,2,"[LO.LOPL2, MEL2] -> LOL3 -> [LO.LOPL3, ME.LOPL3]",LO.LOP,2,ME,2,LO.LOP,3,ME.LOP,3
522008122568,mixed,FF->lat,FF,lat,2,0,2,2282,4,1.291,15172,6.649,LO,3,2,2,"[LO.LOPL2, ME.LOL2] -> LOL3 -> [LO.LOPL3, ME.LOPL3]",LO.LOP,2,ME.LO,2,LO.LOP,3,ME.LOP,3
332514959958,mixed,FF->lat,FF,lat,2,0,2,2282,28,1.676,33758,14.793,LO,3,2,2,"[LOL2, MEL2] -> LOL3 -> [LO.LOPL3, ME.LOPL3]",LO,2,ME,2,LO.LOP,3,ME.LOP,3
248184240265,mixed,FF->lat,FF,lat,2,0,2,2282,28,1.879,15570,6.823,LO,3,2,2,"[LOL2, ME.LOL2] -> LOL3 -> [LO.LOPL3, ME.LOPL3]",LO,2,ME.LO,2,LO.LOP,3,ME.LOP,3
216996165988,mixed,FF->lat,FF,lat,2,0,2,2282,14,2.0,11188,4.903,LO,3,2,2,"[LOL2, ME.LOPL2] -> LOL3 -> [LO.LOPL3, ME.LOPL3]",LO,2,ME.LOP,2,LO.LOP,3,ME.LOP,3
117660646486,mixed,FF->lat,FF,lat,2,0,2,2282,29,1.373,46273,20.277,LO,3,2,2,"[MEL2, ME.LOL2] -> LOL3 -> [LO.LOPL3, MEL3]",ME,2,ME.LO,2,LO.LOP,3,ME,3
103799939517,mixed,FF->lat,FF,lat,2,0,2,2282,32,1.264,45849,20.092,LO,3,2,2,"[MEL2, ME.LOL2] -> LOL3 -> [MEL3, ME.LOPL3]",ME,2,ME.LO,2,ME,3,ME.LOP,3
101577711820,mixed,FF->lat,FF,lat,2,0,2,2282,24,1.52,44428,19.469,LO,3,2,2,"[MEL2, ME.LOL2] -> LOL3 -> [LO.LOPL3, ME.LOL3]",ME,2,ME.LO,2,LO.LOP,3,ME.LO,3
91474535676,mixed,FF->lat,FF,lat,2,0,2,2282,12,1.579,41891,18.357,LO,3,2,2,"[MEL2, ME.LOPL2] -> LOL3 -> [LO.LOPL3, MEL3]",ME,2,ME.LOP,2,LO.LOP,3,ME,3
87980596171,mixed,FF->lat,FF,lat,2,0,2,2282,26,1.376,44004,19.283,LO,3,2,2,"[MEL2, ME.LOL2] -> LOL3 -> [ME.LOL3, ME.LOPL3]",ME,2,ME.LO,2,ME.LO,3,ME.LOP,3
81620434928,mixed,FF->lat,FF,lat,2,0,2,2282,9,1.762,40046,17.549,LO,3,2,2,"[MEL2, ME.LOPL2] -> LOL3 -> [LO.LOPL3, ME.LOL3]",ME,2,ME.LOP,2,LO.LOP,3,ME.LO,3
78633418951,mixed,FF->lat,FF,lat,2,0,2,2282,15,1.423,41467,18.171,LO,3,2,2,"[MEL2, ME.LOPL2] -> LOL3 -> [MEL3, ME.LOPL3]",ME,2,ME.LOP,2,ME,3,ME.LOP,3
68449012860,mixed,FF->lat,FF,lat,2,0,2,2282,10,1.584,39622,17.363,LO,3,2,2,"[MEL2, ME.LOPL2] -> LOL3 -> [ME.LOL3, ME.LOPL3]",ME,2,ME.LOP,2,ME.LO,3,ME.LOP,3
67068673628,mixed,FF->lat,FF,lat,2,0,2,2282,12,1.789,23703,10.387,LO,3,2,2,"[ME.LOL2, ME.LOPL2] -> LOL3 -> [LO.LOPL3, MEL3]",ME.LO,2,ME.LOP,2,LO.LOP,3,ME,3
61934963004,mixed,FF->lat,FF,lat,2,0,2,2282,9,1.943,21858,9.578,LO,3,2,2,"[ME.LOL2, ME.LOPL2] -> LOL3 -> [LO.LOPL3, ME.LOL3]",ME.LO,2,ME.LOP,2,LO.LOP,3,ME.LO,3
56023539972,mixed,FF->lat,FF,lat,2,0,2,2282,15,1.609,23279,10.201,LO,3,2,2,"[ME.LOL2, ME.LOPL2] -> LOL3 -> [MEL3, ME.LOPL3]",ME.LO,2,ME.LOP,2,ME,3,ME.LOP,3
50225174897,mixed,FF->lat,FF,lat,2,0,2,2282,10,1.793,21434,9.393,LO,3,2,2,"[ME.LOL2, ME.LOPL2] -> LOL3 -> [ME.LOL3, ME.LOPL3]",ME.LO,2,ME.LOP,2,ME.LO,3,ME.LOP,3
48389749920,mixed,FF->lat,FF,lat,2,0,2,1,1,1.0,3966,3966.0,MB_ML.MB_CA,3,2,2,"[MB_CA.MB_MLL2, MB_CA.MB_VLL2] -> MB_ML.MB_CAL3 -> [MB_CA.MB_MLL3, MB_CA.MB_VLL3]",MB_CA.MB_ML,2,MB_CA.MB_VL,2,MB_CA.MB_ML,3,MB_CA.MB_VL,3
40425485776,mixed,FF->lat,FF,lat,2,0,2,2282,4,1.754,9708,4.254,LO,3,2,2,"[LOL2, LO.LOPL2] -> LOL3 -> [LO.LOPL3, ME.LOPL3]",LO,2,LO.LOP,2,LO.LOP,3,ME.LOP,3
23653775520,mixed,FF->lat,FF,lat,2,0,2,1,1,1.0,3827,3827.0,MB_ML.MB_CA,3,2,2,"[MB_CA.MB_MLL2, MB_CA.MB_VLL2] -> MB_ML.MB_CAL3 -> [MB_CA.MB_MLL3, MB_CA.MB_PEDL3]",MB_CA.MB_ML,2,MB_CA.MB_VL,2,MB_CA.MB_ML,3,MB_CA.MB_PED,3
19618581408,mixed,FF->lat,FF,lat,2,0,2,2282,31,1.126,40809,17.883,LO,3,2,2,"[LOL2, MEL2] -> LOL3 -> [LO.LOPL3, MEL3]",LO,2,ME,2,LO.LOP,3,ME,3
17875235387,mixed,FF->lat,FF,lat,2,0,2,2282,31,1.088,40385,17.697,LO,3,2,2,"[LOL2, MEL2] -> LOL3 -> [MEL3, ME.LOPL3]",LO,2,ME,2,ME,3,ME.LOP,3
16208565772,mixed,FF->lat,FF,lat,2,0,2,2282,24,1.182,38964,17.074,LO,3,2,2,"[LOL2, MEL2] -> LOL3 -> [LO.LOPL3, ME.LOL3]",LO,2,ME,2,LO.LOP,3,ME.LO,3
14656312292,mixed,FF->lat,FF,lat,2,0,2,2282,25,1.127,38540,16.889,LO,3,2,2,"[LOL2, MEL2] -> LOL3 -> [ME.LOL3, ME.LOPL3]",LO,2,ME,2,ME.LO,3,ME.LOP,3
13728965089,mixed,FF->lat,FF,lat,2,0,2,2282,5,1.945,40411,17.709,LO,3,2,2,"[LO.LOPL2, MEL2] -> LOL3 -> [LO.LOPL3, MEL3]",LO.LOP,2,ME,2,LO.LOP,3,ME,3
13150788561,mixed,FF->lat,FF,lat,2,0,2,2282,33,1.191,22621,9.913,LO,3,2,2,"[LOL2, ME.LOL2] -> LOL3 -> [LO.LOPL3, MEL3]",LO,2,ME.LO,2,LO.LOP,3,ME,3
13115777814,mixed,FF->lat,FF,lat,2,0,2,2282,3,1.999,38566,16.9,LO,3,2,2,"[LO.LOPL2, MEL2] -> LOL3 -> [LO.LOPL3, ME.LOL3]",LO.LOP,2,ME,2,LO.LOP,3,ME.LO,3
11875723339,mixed,FF->lat,FF,lat,2,0,2,2282,32,1.134,22197,9.727,LO,3,2,2,"[LOL2, ME.LOL2] -> LOL3 -> [MEL3, ME.LOPL3]",LO,2,ME.LO,2,ME,3,ME.LOP,3
11714607180,mixed,FF->lat,FF,lat,2,0,2,1,1,1.0,2291,2291.0,MB_ML.MB_CA,3,2,2,"[MB_CA.MB_MLL2, MB_CA.MB_VLL2] -> MB_ML.MB_CAL3 -> [MB_CA.MB_PEDL3, MB_CA.MB_VLL3]",MB_CA.MB_ML,2,MB_CA.MB_VL,2,MB_CA.MB_PED,3,MB_CA.MB_VL,3
11126835642,mixed,FF->lat,FF,lat,2,0,2,2282,5,1.796,39987,17.523,LO,3,2,2,"[LO.LOPL2, MEL2] -> LOL3 -> [MEL3, ME.LOPL3]",LO.LOP,2,ME,2,ME,3,ME.LOP,3
11001544386,mixed,FF->lat,FF,lat,2,0,2,2282,26,1.275,20776,9.104,LO,3,2,2,"[LOL2, ME.LOL2] -> LOL3 -> [LO.LOPL3, ME.LOL3]",LO,2,ME.LO,2,LO.LOP,3,ME.LO,3
10889574612,mixed,FF->lat,FF,lat,2,0,2,2282,4,1.996,22223,9.738,LO,3,2,2,"[LO.LOPL2, ME.LOL2] -> LOL3 -> [LO.LOPL3, MEL3]",LO.LOP,2,ME.LO,2,LO.LOP,3,ME,3
10818997409,mixed,FF->lat,FF,lat,2,0,2,2282,3,1.904,20378,8.93,LO,3,2,2,"[LO.LOPL2, ME.LOL2] -> LOL3 -> [LO.LOPL3, ME.LOL3]",LO.LOP,2,ME.LO,2,LO.LOP,3,ME.LO,3
10667388960,mixed,FF->lat,FF,lat,2,0,2,1,1,1.0,3676,3676.0,MB_ML.MB_CA,3,2,2,"[MB_CA.MB_MLL2, MB_CA.MB_VLL2] -> MB_ML.MB_CAL3 -> [MB_CA.CREL3, MB_CA.MB_MLL3]",MB_CA.MB_ML,2,MB_CA.MB_VL,2,MB_CA.CRE,3,MB_CA.MB_ML,3
10645825272,mixed,FF->lat,FF,lat,2,0,2,2282,3,1.668,15996,7.01,LO,3,2,2,"[LO.LOPL2, ME.LOPL2] -> LOL3 -> [LO.LOPL3, ME.LOL3]",LO.LOP,2,ME.LOP,2,LO.LOP,3,ME.LO,3
10289187343,mixed,FF->lat,FF,lat,2,0,2,2282,4,1.948,38142,16.714,LO,3,2,2,"[LO.LOPL2, MEL2] -> LOL3 -> [ME.LOL3, ME.LOPL3]",LO.LOP,2,ME,2,ME.LO,3,ME.LOP,3
10261490580,mixed,FF->lat,FF,lat,2,0,2,2282,4,1.849,17841,7.818,LO,3,2,2,"[LO.LOPL2, ME.LOPL2] -> LOL3 -> [LO.LOPL3, MEL3]",LO.LOP,2,ME.LOP,2,LO.LOP,3,ME,3
9826982573,mixed,FF->lat,FF,lat,2,0,2,2282,26,1.193,20352,8.918,LO,3,2,2,"[LOL2, ME.LOL2] -> LOL3 -> [ME.LOL3, ME.LOPL3]",LO,2,ME.LO,2,ME.LO,3,ME.LOP,3
9778651929,mixed,FF->lat,FF,lat,2,0,2,2282,12,1.311,18239,7.993,LO,3,2,2,"[LOL2, ME.LOPL2] -> LOL3 -> [LO.LOPL3, MEL3]",LO,2,ME.LOP,2,LO.LOP,3,ME,3
8693954699,mixed,FF->lat,FF,lat,2,0,2,2282,15,1.219,17815,7.807,LO,3,2,2,"[LOL2, ME.LOPL2] -> LOL3 -> [MEL3, ME.LOPL3]",LO,2,ME.LOP,2,ME,3,ME.LOP,3
8501533630,mixed,FF->lat,FF,lat,2,0,2,2282,5,1.963,21799,9.553,LO,3,2,2,"[LO.LOPL2, ME.LOL2] -> LOL3 -> [MEL3, ME.LOPL3]",LO.LOP,2,ME.LO,2,ME,3,ME.LOP,3
8355742368,mixed,FF->lat,FF,lat,2,0,2,2282,9,1.439,16394,7.184,LO,3,2,2,"[LOL2, ME.LOPL2] -> LOL3 -> [LO.LOPL3, ME.LOL3]",LO,2,ME.LOP,2,LO.LOP,3,ME.LO,3
8244179616,mixed,FF->lat,FF,lat,2,0,2,1,1,1.0,3597,3597.0,MB_ML.MB_CA,3,2,2,"[MB_CA.MB_MLL2, MB_CA.MB_PEDL2] -> MB_ML.MB_CAL3 -> [MB_CA.MB_MLL3, MB_CA.MB_VLL3]",MB_CA.MB_ML,2,MB_CA.MB_PED,2,MB_CA.MB_ML,3,MB_CA.MB_VL,3
8168908285,mixed,FF->lat,FF,lat,2,0,2,2282,4,1.995,19954,8.744,LO,3,2,2,"[LO.LOPL2, ME.LOL2] -> LOL3 -> [ME.LOL3, ME.LOPL3]",LO.LOP,2,ME.LO,2,ME.LO,3,ME.LOP,3
7706089979,mixed,FF->lat,FF,lat,2,0,2,2282,4,1.845,15572,6.824,LO,3,2,2,"[LO.LOPL2, ME.LOPL2] -> LOL3 -> [ME.LOL3, ME.LOPL3]",LO.LOP,2,ME.LOP,2,ME.LO,3,ME.LOP,3
7659767814,mixed,FF->lat,FF,lat,2,0,2,2282,5,1.975,17417,7.632,LO,3,2,2,"[LO.LOPL2, ME.LOPL2] -> LOL3 -> [MEL3, ME.LOPL3]",LO.LOP,2,ME.LOP,2,ME,3,ME.LOP,3
7536393361,mixed,FF->lat,FF,lat,2,0,2,52,2,1.0,3547,68.212,MB_ML,3,2,2,"[MB_CA.MB_MLL2, MB_MLL2] -> MB_MLL3 -> [MB_CA.MB_MLL3, MB_CA.MB_PEDL3]",MB_CA.MB_ML,2,MB_ML,2,MB_CA.MB_ML,3,MB_CA.MB_PED,3
7310382222,mixed,FF->lat,FF,lat,2,0,2,2282,10,1.314,15970,6.998,LO,3,2,2,"[LOL2, ME.LOPL2] -> LOL3 -> [ME.LOL3, ME.LOPL3]",LO,2,ME.LOP,2,ME.LO,3,ME.LOP,3
7168851840,mixed,FF->lat,FF,lat,2,0,2,1,1,1.0,3686,3686.0,MB_ML.MB_CA,3,2,2,"[MB_CA.MB_MLL2, MB_MLL2] -> MB_ML.MB_CAL3 -> [MB_CA.MB_MLL3, MB_CA.MB_VLL3]",MB_CA.MB_ML,2,MB_ML,2,MB_CA.MB_ML,3,MB_CA.MB_VL,3
6537594240,mixed,FF->lat,FF,lat,2,0,2,52,1,1.0,3525,67.788,MB_ML,3,2,2,"[AL.MB_CAL2, MB_CA.MB_MLL2] -> MB_MLL3 -> [MB_CA.MB_MLL3, MB_CA.MB_PEDL3]",AL.MB_CA,2,MB_CA.MB_ML,2,MB_CA.MB_ML,3,MB_CA.MB_PED,3
6493193280,mixed,FF->lat,FF,lat,2,0,2,1,1,1.0,3621,3621.0,MB_ML.MB_CA,3,2,2,"[MB_CA.MB_MLL2, MB_CA.MB_VLL2] -> MB_ML.MB_CAL3 -> [MB_CA.MB_MLL3, PLP.CREL3]",MB_CA.MB_ML,2,MB_CA.MB_VL,2,MB_CA.MB_ML,3,PLP.CRE,3
6349559760,mixed,FF->lat,FF,lat,2,0,2,52,1,1.0,3686,70.885,MB_ML,3,2,2,"[MB_CA.MB_MLL2, MB_MLL2] -> MB_MLL3 -> [MB_CA.MB_MLL3, MB_CA.MB_VLL3]",MB_CA.MB_ML,2,MB_ML,2,MB_CA.MB_ML,3,MB_CA.MB_VL,3
6332485792,mixed,FF->lat,FF,lat,2,0,2,1,1,1.0,3664,3664.0,MB_ML.MB_CA,3,2,2,"[AL.MB_CAL2, MB_CA.MB_MLL2] -> MB_ML.MB_CAL3 -> [MB_CA.MB_MLL3, MB_CA.MB_VLL3]",AL.MB_CA,2,MB_CA.MB_ML,2,MB_CA.MB_ML,3,MB_CA.MB_VL,3
6041512329,mixed,FF->lat,FF,lat,2,0,2,2282,302,1.13,51055,22.373,LO,3,2,2,"[MEL2, ME.LOL2] -> LOL3 -> [MEL3, ME.LOL3]",ME,2,ME.LO,2,ME,3,ME.LO,3
5527968120,mixed,FF->lat,FF,lat,2,0,2,1,1,1.0,2899,2899.0,MB_ML.MB_CA,3,2,2,"[MB_CA.MB_PEDL2, MB_CA.MB_VLL2] -> MB_ML.MB_CAL3 -> [MB_CA.MB_MLL3, MB_CA.MB_VLL3]",MB_CA.MB_PED,2,MB_CA.MB_VL,2,MB_CA.MB_ML,3,MB_CA.MB_VL,3
5508051840,mixed,FF->lat,FF,lat,2,0,2,52,1,1.0,3664,70.462,MB_ML,3,2,2,"[AL.MB_CAL2, MB_CA.MB_MLL2] -> MB_MLL3 -> [MB_CA.MB_MLL3, MB_CA.MB_VLL3]",AL.MB_CA,2,MB_CA.MB_ML,2,MB_CA.MB_ML,3,MB_CA.MB_VL,3
5283058140,mixed,FF->lat,FF,lat,2,0,2,1,1,1.0,2140,2140.0,MB_ML.MB_CA,3,2,2,"[MB_CA.MB_MLL2, MB_CA.MB_VLL2] -> MB_ML.MB_CAL3 -> [MB_CA.CREL3, MB_CA.MB_VLL3]",MB_CA.MB_ML,2,MB_CA.MB_VL,2,MB_CA.CRE,3,MB_CA.MB_VL,3
5257158016,mixed,FF->lat,FF,lat,2,0,2,1,1,1.0,3579,3579.0,MB_ML.MB_CA,3,2,2,"[MB_CA.CREL2, MB_CA.MB_MLL2] -> MB_ML.MB_CAL3 -> [MB_CA.MB_MLL3, MB_CA.MB_VLL3]",MB_CA.CRE,2,MB_CA.MB_ML,2,MB_CA.MB_ML,3,MB_CA.MB_VL,3
5125075255,mixed,FF->lat,FF,lat,2,0,2,2282,5,1.0,10007,4.385,LO,3,2,2,"[GNG.MEL2, ME.LOPL2] -> LOL3 -> [LO.LOPL3, ME.LOPL3]",GNG.ME,2,ME.LOP,2,LO.LOP,3,ME.LOP,3
5018196288,mixed,FF->lat,FF,lat,2,0,2,1,1,1.0,3729,3729.0,MB_ML.MB_CA,3,2,2,"[AL.LHL2, MB_CA.MB_MLL2] -> MB_ML.MB_CAL3 -> [MB_CA.MB_MLL3, MB_CA.MB_VLL3]",AL.LH,2,MB_CA.MB_ML,2,MB_CA.MB_ML,3,MB_CA.MB_VL,3
4806928800,mixed,FF->lat,FF,lat,2,0,2,1,1,1.0,2988,2988.0,MB_ML.MB_CA,3,2,2,"[MB_CA.MB_VLL2, MB_MLL2] -> MB_ML.MB_CAL3 -> [MB_CA.MB_MLL3, MB_CA.MB_VLL3]",MB_CA.MB_VL,2,MB_ML,2,MB_CA.MB_ML,3,MB_CA.MB_VL,3
4636316358,mixed,FF->lat,FF,lat,2,0,2,2282,26,1.996,32577,14.276,LO,3,2,2,"[AVLP.MEL2, MEL2] -> LOL3 -> [LO.LOPL3, ME.LOPL3]",AVLP.ME,2,ME,2,LO.LOP,3,ME.LOP,3
4437880163,mixed,FF->lat,FF,lat,2,0,2,2282,8,1.0,32577,14.276,LO,3,2,2,"[GNG.MEL2, MEL2] -> LOL3 -> [LO.LOPL3, ME.LOPL3]",GNG.ME,2,ME,2,LO.LOP,3,ME.LOP,3
4412189626,mixed,FF->lat,FF,lat,2,0,2,2282,8,1.0,14389,6.305,LO,3,2,2,"[GNG.MEL2, ME.LOL2] -> LOL3 -> [LO.LOPL3, ME.LOPL3]",GNG.ME,2,ME.LO,2,LO.LOP,3,ME.LOP,3
4246120440,mixed,FF->lat,FF,lat,2,0,2,1,1,1.0,2966,2966.0,MB_ML.MB_CA,3,2,2,"[AL.MB_CAL2, MB_CA.MB_VLL2] -> MB_ML.MB_CAL3 -> [MB_CA.MB_MLL3, MB_CA.MB_VLL3]",AL.MB_CA,2,MB_CA.MB_VL,2,MB_CA.MB_ML,3,MB_CA.MB_VL,3
4200701363,mixed,FF->lat,FF,lat,2,0,2,2282,16,1.104,46673,20.453,LO,3,2,2,"[MEL2, ME.LOPL2] -> LOL3 -> [MEL3, ME.LOL3]",ME,2,ME.LOP,2,ME,3,ME.LO,3
4029902496,mixed,FF->lat,FF,lat,2,0,2,1,1,1.0,3458,3458.0,MB_ML.MB_CA,3,2,2,"[MB_CA.MB_MLL2, MB_CA.MB_PEDL2] -> MB_ML.MB_CAL3 -> [MB_CA.MB_MLL3, MB_CA.MB_PEDL3]",MB_CA.MB_ML,2,MB_CA.MB_PED,2,MB_CA.MB_ML,3,MB_CA.MB_PED,3
3813596640,mixed,FF->lat,FF,lat,2,0,2,52,1,1.0,3827,73.596,MB_ML,3,2,2,"[MB_CA.MB_MLL2, MB_CA.MB_VLL2] -> MB_MLL3 -> [MB_CA.MB_MLL3, MB_CA.MB_PEDL3]",MB_CA.MB_ML,2,MB_CA.MB_VL,2,MB_CA.MB_ML,3,MB_CA.MB_PED,3
3777090810,mixed,FF->lat,FF,lat,2,0,2,2282,26,1.945,14389,6.305,LO,3,2,2,"[AVLP.MEL2, ME.LOL2] -> LOL3 -> [LO.LOPL3, ME.LOPL3]",AVLP.ME,2,ME.LO,2,LO.LOP,3,ME.LOP,3
3667281385,mixed,FF->lat,FF,lat,2,0,2,2282,13,1.727,10007,4.385,LO,3,2,2,"[AVLP.MEL2, ME.LOPL2] -> LOL3 -> [LO.LOPL3, ME.LOPL3]",AVLP.ME,2,ME.LOP,2,LO.LOP,3,ME.LOP,3
3619842480,mixed,FF->lat,FF,lat,2,0,2,52,1,1.0,3396,65.308,MB_ML,3,2,2,"[MB_CA.MB_MLL2, MB_MLL2] -> MB_MLL3 -> [MB_CA.CREL3, MB_CA.MB_MLL3]",MB_CA.MB_ML,2,MB_ML,2,MB_CA.CRE,3,MB_CA.MB_ML,3
3525081120,mixed,FF->lat,FF,lat,2,0,2,1,1,1.0,2881,2881.0,MB_ML.MB_CA,3,2,2,"[MB_CA.CREL2, MB_CA.MB_VLL2] -> MB_ML.MB_CAL3 -> [MB_CA.MB_MLL3, MB_CA.MB_VLL3]",MB_CA.CRE,2,MB_CA.MB_VL,2,MB_CA.MB_ML,3,MB_CA.MB_VL,3
3504263040,mixed,FF->lat,FF,lat,2,0,2,1,1,1.0,3547,3547.0,MB_ML.MB_CA,3,2,2,"[MB_CA.MB_MLL2, MB_MLL2] -> MB_ML.MB_CAL3 -> [MB_CA.MB_MLL3, MB_CA.MB_PEDL3]",MB_CA.MB_ML,2,MB_ML,2,MB_CA.MB_ML,3,MB_CA.MB_PED,3
3364850160,mixed,FF->lat,FF,lat,2,0,2,1,1,1.0,3031,3031.0,MB_ML.MB_CA,3,2,2,"[AL.LHL2, MB_CA.MB_VLL2] -> MB_ML.MB_CAL3 -> [MB_CA.MB_MLL3, MB_CA.MB_VLL3]",AL.LH,2,MB_CA.MB_VL,2,MB_CA.MB_ML,3,MB_CA.MB_VL,3
3215774520,mixed,FF->lat,FF,lat,2,0,2,1,1,1.0,2085,2085.0,MB_ML.MB_CA,3,2,2,"[MB_CA.MB_MLL2, MB_CA.MB_VLL2] -> MB_ML.MB_CAL3 -> [MB_CA.MB_VLL3, PLP.CREL3]",MB_CA.MB_ML,2,MB_CA.MB_VL,2,MB_CA.MB_VL,3,PLP.CRE,3
3213030240,mixed,FF->lat,FF,lat,2,0,2,52,1,1.0,3966,76.269,MB_ML,3,2,2,"[MB_CA.MB_MLL2, MB_CA.MB_VLL2] -> MB_MLL3 -> [MB_CA.MB_MLL3, MB_CA.MB_VLL3]",MB_CA.MB_ML,2,MB_CA.MB_VL,2,MB_CA.MB_ML,3,MB_CA.MB_VL,3
3140104320,mixed,FF->lat,FF,lat,2,0,2,52,1,1.0,3374,64.885,MB_ML,3,2,2,"[AL.MB_CAL2, MB_CA.MB_MLL2] -> MB_MLL3 -> [MB_CA.CREL3, MB_CA.MB_MLL3]",AL.MB_CA,2,MB_CA.MB_ML,2,MB_CA.CRE,3,MB_CA.MB_ML,3
3095432352,mixed,FF->lat,FF,lat,2,0,2,1,1,1.0,3525,3525.0,MB_ML.MB_CA,3,2,2,"[AL.MB_CAL2, MB_CA.MB_MLL2] -> MB_ML.MB_CAL3 -> [MB_CA.MB_MLL3, MB_CA.MB_PEDL3]",AL.MB_CA,2,MB_CA.MB_ML,2,MB_CA.MB_ML,3,MB_CA.MB_PED,3
2937396960,mixed,FF->lat,FF,lat,2,0,2,1,1,1.0,3576,3576.0,MB_ML.MB_CA,3,2,2,"[MB_CA.MB_MLL2, MB_CA.MB_VLL2] -> MB_ML.MB_CAL3 -> [MB_CA.MB_MLL3, PLP.MB_PEDL3]",MB_CA.MB_ML,2,MB_CA.MB_VL,2,MB_CA.MB_ML,3,PLP.MB_PED,3
2801705210,mixed,FF->lat,FF,lat,2,0,2,2282,18,1.159,28485,12.482,LO,3,2,2,"[ME.LOL2, ME.LOPL2] -> LOL3 -> [MEL3, ME.LOL3]",ME.LO,2,ME.LOP,2,ME,3,ME.LO,3
2702169720,mixed,FF->lat,FF,lat,2,0,2,1,1,1.0,2760,2760.0,MB_ML.MB_CA,3,2,2,"[MB_CA.MB_PEDL2, MB_CA.MB_VLL2] -> MB_ML.MB_CAL3 -> [MB_CA.MB_MLL3, MB_CA.MB_PEDL3]",MB_CA.MB_PED,2,MB_CA.MB_VL,2,MB_CA.MB_ML,3,MB_CA.MB_PED,3
2582453340,mixed,FF->lat,FF,lat,2,0,2,1,1,1.0,2001,2001.0,MB_ML.MB_CA,3,2,2,"[MB_CA.MB_MLL2, MB_CA.MB_VLL2] -> MB_ML.MB_CAL3 -> [MB_CA.CREL3, MB_CA.MB_PEDL3]",MB_CA.MB_ML,2,MB_CA.MB_VL,2,MB_CA.CRE,3,MB_CA.MB_PED,3
2569792896,mixed,FF->lat,FF,lat,2,0,2,1,1,1.0,3440,3440.0,MB_ML.MB_CA,3,2,2,"[MB_CA.CREL2, MB_CA.MB_MLL2] -> MB_ML.MB_CAL3 -> [MB_CA.MB_MLL3, MB_CA.MB_PEDL3]",MB_CA.CRE,2,MB_CA.MB_ML,2,MB_CA.MB_ML,3,MB_CA.MB_PED,3
2452984128,mixed,FF->lat,FF,lat,2,0,2,1,1,1.0,3590,3590.0,MB_ML.MB_CA,3,2,2,"[AL.LHL2, MB_CA.MB_MLL2] -> MB_ML.MB_CAL3 -> [MB_CA.MB_MLL3, MB_CA.MB_PEDL3]",AL.LH,2,MB_CA.MB_ML,2,MB_CA.MB_ML,3,MB_CA.MB_PED,3
2417381689,mixed,FF->lat,FF,lat,2,0,2,2282,18,1.0,33222,14.558,LO,3,2,2,"[LOPL2, MEL2] -> LOL3 -> [LO.LOPL3, ME.LOPL3]",LOP,2,ME,2,LO.LOP,3,ME.LOP,3
2417372550,mixed,FF->lat,FF,lat,2,0,2,2282,11,1.0,32581,14.277,LO,3,2,2,"[IPS.MEL2, MEL2] -> LOL3 -> [LO.LOPL3, ME.LOPL3]",IPS.ME,2,ME,2,LO.LOP,3,ME.LOP,3
2349712800,mixed,FF->lat,FF,lat,2,0,2,1,1,1.0,2849,2849.0,MB_ML.MB_CA,3,2,2,"[MB_CA.MB_VLL2, MB_MLL2] -> MB_ML.MB_CAL3 -> [MB_CA.MB_MLL3, MB_CA.MB_PEDL3]",MB_CA.MB_VL,2,MB_ML,2,MB_CA.MB_ML,3,MB_CA.MB_PED,3
2318997600,mixed,FF->lat,FF,lat,2,0,2,1,1,1.0,3595,3595.0,MB_ML.MB_CA,3,2,2,"[MB_CA.MB_MLL2, MB_CA.MB_VLL2] -> MB_ML.MB_CAL3 -> [MB_CA.MB_MLL3, PLP.MB_MLL3]",MB_CA.MB_ML,2,MB_CA.MB_VL,2,MB_CA.MB_ML,3,PLP.MB_ML,3
2075579640,mixed,FF->lat,FF,lat,2,0,2,1,1,1.0,2827,2827.0,MB_ML.MB_CA,3,2,2,"[AL.MB_CAL2, MB_CA.MB_VLL2] -> MB_ML.MB_CAL3 -> [MB_CA.MB_MLL3, MB_CA.MB_PEDL3]",AL.MB_CA,2,MB_CA.MB_VL,2,MB_CA.MB_ML,3,MB_CA.MB_PED,3
2029029147,mixed,FF->lat,FF,lat,2,0,2,1160,63,1.001,12273,10.58,LO,4,2,2,"[LOL3, ME.LOL3] -> LOL4 -> [LO.PLPL4, LO.PVLPL4]",LO,3,ME.LO,3,LO.PLP,4,LO.PVLP,4
2017617120,mixed,FF->lat,FF,lat,2,0,2,52,1,1.0,3315,63.75,MB_ML,3,2,2,"[MB_CA.MB_MLL2, MB_MLL2] -> MB_MLL3 -> [MB_CA.MB_MLL3, PLP.MB_MLL3]",MB_CA.MB_ML,2,MB_ML,2,MB_CA.MB_ML,3,PLP.MB_ML,3
1995821964,mixed,FF->lat,FF,lat,2,0,2,1,1,1.0,1922,1922.0,MB_ML.MB_CA,3,2,2,"[MB_CA.MB_MLL2, MB_CA.MB_PEDL2] -> MB_ML.MB_CAL3 -> [MB_CA.MB_PEDL3, MB_CA.MB_VLL3]",MB_CA.MB_ML,2,MB_CA.MB_PED,2,MB_CA.MB_PED,3,MB_CA.MB_VL,3
1855198080,mixed,FF->lat,FF,lat,2,0,2,1,1,1.0,3598,3598.0,MB_ML.MB_CA,3,2,2,"[MB_CA.MB_MLL2, MB_CA.MB_VLL2] -> MB_ML.MB_CAL3 -> [MB_CA.MB_MLL3, MB_MLL3]",MB_CA.MB_ML,2,MB_CA.MB_VL,2,MB_CA.MB_ML,3,MB_ML,3
1844266254,mixed,FF->lat,FF,lat,2,0,2,1160,116,1.0,12147,10.472,LO,4,2,2,"[LOL3, ME.LOL3] -> LOL4 -> [LO.PVLPL4, LO.SPSL4]",LO,3,ME.LO,3,LO.PVLP,4,LO.SPS,4
1831727520,mixed,FF->lat,FF,lat,2,0,2,52,1,1.0,3676,70.692,MB_ML,3,2,2,"[MB_CA.MB_MLL2, MB_CA.MB_VLL2] -> MB_MLL3 -> [MB_CA.CREL3, MB_CA.MB_MLL3]",MB_CA.MB_ML,2,MB_CA.MB_VL,2,MB_CA.CRE,3,MB_CA.MB_ML,3
1817407008,mixed,FF->lat,FF,lat,2,0,2,1,1,1.0,3307,3307.0,MB_ML.MB_CA,3,2,2,"[MB_CA.MB_MLL2, MB_CA.MB_PEDL2] -> MB_ML.MB_CAL3 -> [MB_CA.CREL3, MB_CA.MB_MLL3]",MB_CA.MB_ML,2,MB_CA.MB_PED,2,MB_CA.CRE,3,MB_CA.MB_ML,3
1750222080,mixed,FF->lat,FF,lat,2,0,2,52,1,1.0,3293,63.327,MB_ML,3,2,2,"[AL.MB_CAL2, MB_CA.MB_MLL2] -> MB_MLL3 -> [MB_CA.MB_MLL3, PLP.MB_MLL3]",AL.MB_CA,2,MB_CA.MB_ML,2,MB_CA.MB_ML,3,PLP.MB_ML,3
1735497360,mixed,FF->lat,FF,lat,2,0,2,1,1,1.0,2011,2011.0,MB_ML.MB_CA,3,2,2,"[MB_CA.MB_MLL2, MB_MLL2] -> MB_ML.MB_CAL3 -> [MB_CA.MB_PEDL3, MB_CA.MB_VLL3]",MB_CA.MB_ML,2,MB_ML,2,MB_CA.MB_PED,3,MB_CA.MB_VL,3
1723122720,mixed,FF->lat,FF,lat,2,0,2,1,1,1.0,2742,2742.0,MB_ML.MB_CA,3,2,2,"[MB_CA.CREL2, MB_CA.MB_VLL2] -> MB_ML.MB_CAL3 -> [MB_CA.MB_MLL3, MB_CA.MB_PEDL3]",MB_CA.CRE,2,MB_CA.MB_VL,2,MB_CA.MB_ML,3,MB_CA.MB_PED,3
1672732096,mixed,FF->lat,FF,lat,2,0,2,1,1,1.0,3542,3542.0,MB_ML.MB_CA,3,2,2,"[MB_CA.MB_MLL2, MB_VL.MB_MLL2] -> MB_ML.MB_CAL3 -> [MB_CA.MB_MLL3, MB_CA.MB_VLL3]",MB_CA.MB_ML,2,MB_VL.MB_ML,2,MB_CA.MB_ML,3,MB_CA.MB_VL,3
1644798960,mixed,FF->lat,FF,lat,2,0,2,1,1,1.0,2892,2892.0,MB_ML.MB_CA,3,2,2,"[AL.LHL2, MB_CA.MB_VLL2] -> MB_ML.MB_CAL3 -> [MB_CA.MB_MLL3, MB_CA.MB_PEDL3]",AL.LH,2,MB_CA.MB_VL,2,MB_CA.MB_ML,3,MB_CA.MB_PED,3
1580353920,mixed,FF->lat,FF,lat,2,0,2,1,1,1.0,3396,3396.0,MB_ML.MB_CA,3,2,2,"[MB_CA.MB_MLL2, MB_MLL2] -> MB_ML.MB_CAL3 -> [MB_CA.CREL3, MB_CA.MB_MLL3]",MB_CA.MB_ML,2,MB_ML,2,MB_CA.CRE,3,MB_CA.MB_ML,3
1571928120,mixed,FF->lat,FF,lat,2,0,2,1,1,1.0,1946,1946.0,MB_ML.MB_CA,3,2,2,"[MB_CA.MB_MLL2, MB_CA.MB_VLL2] -> MB_ML.MB_CAL3 -> [MB_CA.MB_PEDL3, PLP.CREL3]",MB_CA.MB_ML,2,MB_CA.MB_VL,2,MB_CA.MB_PED,3,PLP.CRE,3
1570997001,mixed,FF->lat,FF,lat,2,0,2,2282,18,1.0,15034,6.588,LO,3,2,2,"[LOPL2, ME.LOL2] -> LOL3 -> [LO.LOPL3, ME.LOPL3]",LOP,2,ME.LO,2,LO.LOP,3,ME.LOP,3
1570993873,mixed,FF->lat,FF,lat,2,0,2,2282,11,1.0,14393,6.307,LO,3,2,2,"[IPS.MEL2, ME.LOL2] -> LOL3 -> [LO.LOPL3, ME.LOPL3]",IPS.ME,2,ME.LO,2,LO.LOP,3,ME.LOP,3
1533022668,mixed,FF->lat,FF,lat,2,0,2,1,1,1.0,1989,1989.0,MB_ML.MB_CA,3,2,2,"[AL.MB_CAL2, MB_CA.MB_MLL2] -> MB_ML.MB_CAL3 -> [MB_CA.MB_PEDL3, MB_CA.MB_VLL3]",AL.MB_CA,2,MB_CA.MB_ML,2,MB_CA.MB_PED,3,MB_CA.MB_VL,3
1454755140,mixed,FF->lat,FF,lat,2,0,2,1,1,1.0,2040,2040.0,MB_ML.MB_CA,3,2,2,"[MB_CA.MB_MLL2, MB_CA.MB_VLL2] -> MB_ML.MB_CAL3 -> [MB_CA.MB_VLL3, PLP.MB_PEDL3]",MB_CA.MB_ML,2,MB_CA.MB_VL,2,MB_CA.MB_VL,3,PLP.MB_PED,3
1433770368,mixed,FF->lat,FF,lat,2,0,2,1,1,1.0,3548,3548.0,MB_ML.MB_CA,3,2,2,"[MB_CAL2, MB_CA.MB_MLL2] -> MB_ML.MB_CAL3 -> [MB_CA.MB_MLL3, MB_CA.MB_VLL3]",MB_CA,2,MB_CA.MB_ML,2,MB_CA.MB_ML,3,MB_CA.MB_VL,3
1433770368,mixed,FF->lat,FF,lat,2,0,2,1,1,1.0,3535,3535.0,MB_ML.MB_CA,3,2,2,"[MB_CA.MB_MLL2, MB_ML.MB_VLL2] -> MB_ML.MB_CAL3 -> [MB_CA.MB_MLL3, MB_CA.MB_VLL3]",MB_CA.MB_ML,2,MB_ML.MB_VL,2,MB_CA.MB_ML,3,MB_CA.MB_VL,3
1395979296,mixed,FF->lat,FF,lat,2,0,2,1,1,1.0,3374,3374.0,MB_ML.MB_CA,3,2,2,"[AL.MB_CAL2, MB_CA.MB_MLL2] -> MB_ML.MB_CAL3 -> [MB_CA.CREL3, MB_CA.MB_MLL3]",AL.MB_CA,2,MB_CA.MB_ML,2,MB_CA.CRE,3,MB_CA.MB_ML,3
1391398560,mixed,FF->lat,FF,lat,2,0,2,1,1,1.0,3570,3570.0,MB_ML.MB_CA,3,2,2,"[MB_CA.MB_MLL2, MB_CA.MB_VLL2] -> MB_ML.MB_CAL3 -> [MB_CAL3, MB_CA.MB_MLL3]",MB_CA.MB_ML,2,MB_CA.MB_VL,2,MB_CA,3,MB_CA.MB_ML,3
1361998800,mixed,FF->lat,FF,lat,2,0,2,52,1,1.0,3590,69.038,MB_ML,3,2,2,"[AL.LHL2, MB_CA.MB_MLL2] -> MB_MLL3 -> [MB_CA.MB_MLL3, MB_CA.MB_PEDL3]",AL.LH,2,MB_CA.MB_ML,2,MB_CA.MB_ML,3,MB_CA.MB_PED,3
1361998800,mixed,FF->lat,FF,lat,2,0,2,52,1,1.0,3440,66.154,MB_ML,3,2,2,"[MB_CA.CREL2, MB_CA.MB_MLL2] -> MB_MLL3 -> [MB_CA.MB_MLL3, MB_CA.MB_PEDL3]",MB_CA.CRE,2,MB_CA.MB_ML,2,MB_CA.MB_ML,3,MB_CA.MB_PED,3
1338258105,mixed,FF->lat,FF,lat,2,0,2,1,1,1.0,1224,1224.0,MB_ML.MB_CA,3,2,2,"[MB_CA.MB_PEDL2, MB_CA.MB_VLL2] -> MB_ML.MB_CAL3 -> [MB_CA.MB_PEDL3, MB_CA.MB_VLL3]",MB_CA.MB_PED,2,MB_CA.MB_VL,2,MB_CA.MB_PED,3,MB_CA.MB_VL,3
1323014400,mixed,FF->lat,FF,lat,2,0,2,2282,1,1.0,8527,3.737,LO,3,2,2,"[GNG.MEL2, LO.LOPL2] -> LOL3 -> [LO.LOPL3, ME.LOPL3]",GNG.ME,2,LO.LOP,2,LO.LOP,3,ME.LOP,3
1322112330,mixed,FF->lat,FF,lat,2,0,2,2282,5,1.632,16759,7.344,LO,3,2,2,"[LOL2, LO.LOPL2] -> LOL3 -> [LO.LOPL3, MEL3]",LO,2,LO.LOP,2,LO.LOP,3,ME,3
1272698064,mixed,FF->lat,FF,lat,2,0,2,1,1,1.0,1904,1904.0,MB_ML.MB_CA,3,2,2,"[MB_CA.CREL2, MB_CA.MB_MLL2] -> MB_ML.MB_CAL3 -> [MB_CA.MB_PEDL3, MB_CA.MB_VLL3]",MB_CA.CRE,2,MB_CA.MB_ML,2,MB_CA.MB_PED,3,MB_CA.MB_VL,3
1264450635,mixed,FF->lat,FF,lat,2,0,2,1160,21,1.017,12127,10.454,LO,4,2,2,"[LOL3, ME.LOL3] -> LOL4 -> [LO.PVLPL4, PVLP.LOL4]",LO,3,ME.LO,3,LO.PVLP,4,PVLP.LO,4
1229665695,mixed,FF->lat,FF,lat,2,0,2,2282,8,1.0,32259,14.136,LO,3,2,2,"[MEL2, ME.LOPL2] -> LOL3 -> [LO.LOPL3, LOPL3]",ME,2,ME.LOP,2,LO.LOP,3,LOP,3
1229662140,mixed,FF->lat,FF,lat,2,0,2,2282,1,1.0,31183,13.665,LO,3,2,2,"[MEL2, ME.LOPL2] -> LOL3 -> [FB.LOL3, LO.LOPL3]",ME,2,ME.LOP,2,FB.LO,3,LO.LOP,3
1222545791,mixed,FF->lat,FF,lat,2,0,2,2282,8,1.0,14071,6.166,LO,3,2,2,"[ME.LOL2, ME.LOPL2] -> LOL3 -> [LO.LOPL3, LOPL3]",ME.LO,2,ME.LOP,2,LO.LOP,3,LOP,3
1222543980,mixed,FF->lat,FF,lat,2,0,2,2282,1,1.0,12995,5.695,LO,3,2,2,"[ME.LOL2, ME.LOPL2] -> LOL3 -> [FB.LOL3, LO.LOPL3]",ME.LO,2,ME.LOP,2,FB.LO,3,LO.LOP,3
1218625560,mixed,FF->lat,FF,lat,2,0,2,1,1,1.0,2609,2609.0,MB_ML.MB_CA,3,2,2,"[MB_CA.MB_PEDL2, MB_CA.MB_VLL2] -> MB_ML.MB_CAL3 -> [MB_CA.CREL3, MB_CA.MB_MLL3]",MB_CA.MB_PED,2,MB_CA.MB_VL,2,MB_CA.CRE,3,MB_CA.MB_ML,3
1214848152,mixed,FF->lat,FF,lat,2,0,2,1,1,1.0,2054,2054.0,MB_ML.MB_CA,3,2,2,"[AL.LHL2, MB_CA.MB_MLL2] -> MB_ML.MB_CAL3 -> [MB_CA.MB_PEDL3, MB_CA.MB_VLL3]",AL.LH,2,MB_CA.MB_ML,2,MB_CA.MB_PED,3,MB_CA.MB_VL,3
1189598179,mixed,FF->lat,FF,lat,2,0,2,2282,3,1.815,14914,6.535,LO,3,2,2,"[LOL2, LO.LOPL2] -> LOL3 -> [LO.LOPL3, ME.LOL3]",LO,2,LO.LOP,2,LO.LOP,3,ME.LO,3
1186833600,mixed,FF->lat,FF,lat,2,0,2,52,1,1.0,3341,64.25,MB_ML,3,2,2,"[MB_CA.MB_MLL2, MB_MLL2] -> MB_MLL3 -> [MB_CA.MB_MLL3, PLP.CREL3]",MB_CA.MB_ML,2,MB_ML,2,MB_CA.MB_ML,3,PLP.CRE,3
1186833600,mixed,FF->lat,FF,lat,2,0,2,52,1,1.0,3288,63.231,MB_ML,3,2,2,"[MB_CA.MB_MLL2, MB_MLL2] -> MB_MLL3 -> [MB_CA.MB_MLL3, SCL.MB_MLL3]",MB_CA.MB_ML,2,MB_ML,2,MB_CA.MB_ML,3,SCL.MB_ML,3
1163702700,mixed,FF->lat,FF,lat,2,0,2,1,1,1.0,1313,1313.0,MB_ML.MB_CA,3,2,2,"[MB_CA.MB_VLL2, MB_MLL2] -> MB_ML.MB_CAL3 -> [MB_CA.MB_PEDL3, MB_CA.MB_VLL3]",MB_CA.MB_VL,2,MB_ML,2,MB_CA.MB_PED,3,MB_CA.MB_VL,3
1158926208,mixed,FF->lat,FF,lat,2,0,2,1,1,1.0,3289,3289.0,MB_ML.MB_CA,3,2,2,"[MB_CA.CREL2, MB_CA.MB_MLL2] -> MB_ML.MB_CAL3 -> [MB_CA.CREL3, MB_CA.MB_MLL3]",MB_CA.CRE,2,MB_CA.MB_ML,2,MB_CA.CRE,3,MB_CA.MB_ML,3
1148490900,mixed,FF->lat,FF,lat,2,0,2,1,1,1.0,2059,2059.0,MB_ML.MB_CA,3,2,2,"[MB_CA.MB_MLL2, MB_CA.MB_VLL2] -> MB_ML.MB_CAL3 -> [MB_CA.MB_VLL3, PLP.MB_MLL3]",MB_CA.MB_ML,2,MB_CA.MB_VL,2,MB_CA.MB_VL,3,PLP.MB_ML,3
1147510800,mixed,FF->lat,FF,lat,2,0,2,52,1,1.0,3729,71.712,MB_ML,3,2,2,"[AL.LHL2, MB_CA.MB_MLL2] -> MB_MLL3 -> [MB_CA.MB_MLL3, MB_CA.MB_VLL3]",AL.LH,2,MB_CA.MB_ML,2,MB_CA.MB_ML,3,MB_CA.MB_VL,3
1147510800,mixed,FF->lat,FF,lat,2,0,2,52,1,1.0,3579,68.827,MB_ML,3,2,2,"[MB_CA.CREL2, MB_CA.MB_MLL2] -> MB_MLL3 -> [MB_CA.MB_MLL3, MB_CA.MB_VLL3]",MB_CA.CRE,2,MB_CA.MB_ML,2,MB_CA.MB_ML,3,MB_CA.MB_VL,3
1128787934,mixed,FF->lat,FF,lat,2,0,2,2282,5,1.467,16335,7.158,LO,3,2,2,"[LOL2, LO.LOPL2] -> LOL3 -> [MEL3, ME.LOPL3]",LO,2,LO.LOP,2,ME,3,ME.LOP,3
1121616720,mixed,FF->lat,FF,lat,2,0,2,1,1,1.0,2844,2844.0,MB_ML.MB_CA,3,2,2,"[MB_CA.MB_VLL2, MB_VL.MB_MLL2] -> MB_ML.MB_CAL3 -> [MB_CA.MB_MLL3, MB_CA.MB_VLL3]",MB_CA.MB_VL,2,MB_VL.MB_ML,2,MB_CA.MB_ML,3,MB_CA.MB_VL,3
1106247744,mixed,FF->lat,FF,lat,2,0,2,1,1,1.0,3439,3439.0,MB_ML.MB_CA,3,2,2,"[AL.LHL2, MB_CA.MB_MLL2] -> MB_ML.MB_CAL3 -> [MB_CA.CREL3, MB_CA.MB_MLL3]",AL.LH,2,MB_CA.MB_ML,2,MB_CA.CRE,3,MB_CA.MB_ML,3
1106247744,mixed,FF->lat,FF,lat,2,0,2,1,1,1.0,3252,3252.0,MB_ML.MB_CA,3,2,2,"[MB_CA.MB_MLL2, MB_CA.MB_PEDL2] -> MB_ML.MB_CAL3 -> [MB_CA.MB_MLL3, PLP.CREL3]",MB_CA.MB_ML,2,MB_CA.MB_PED,2,MB_CA.MB_ML,3,PLP.CRE,3
1104744312,mixed,FF->lat,FF,lat,2,0,2,2282,11,1.0,10652,4.668,LO,3,2,2,"[LOPL2, ME.LOPL2] -> LOL3 -> [LO.LOPL3, ME.LOPL3]",LOP,2,ME.LOP,2,LO.LOP,3,ME.LOP,3
1104743508,mixed,FF->lat,FF,lat,2,0,2,2282,5,1.0,10011,4.387,LO,3,2,2,"[IPS.MEL2, ME.LOPL2] -> LOL3 -> [LO.LOPL3, ME.LOPL3]",IPS.ME,2,ME.LOP,2,LO.LOP,3,ME.LOP,3
1093047412,mixed,FF->lat,FF,lat,2,0,2,2282,220,1.058,45591,19.979,LO,3,2,2,"[LOL2, MEL2] -> LOL3 -> [MEL3, ME.LOL3]",LO,2,ME,2,ME,3,ME.LO,3
1089599040,mixed,FF->lat,FF,lat,2,0,2,52,1,1.0,3409,65.558,MB_ML,3,2,2,"[MB_CAL2, MB_CA.MB_MLL2] -> MB_MLL3 -> [MB_CA.MB_MLL3, MB_CA.MB_PEDL3]",MB_CA,2,MB_CA.MB_ML,2,MB_CA.MB_ML,3,MB_CA.MB_PED,3
1059674400,mixed,FF->lat,FF,lat,2,0,2,1,1,1.0,2698,2698.0,MB_ML.MB_CA,3,2,2,"[MB_CA.MB_VLL2, MB_MLL2] -> MB_ML.MB_CAL3 -> [MB_CA.CREL3, MB_CA.MB_MLL3]",MB_CA.MB_VL,2,MB_ML,2,MB_CA.CRE,3,MB_CA.MB_ML,3
1058633851,mixed,FF->lat,FF,lat,2,0,2,2282,11,1.0,36641,16.057,LO,3,2,2,"[MEL2, ME.LOL2] -> LOL3 -> [LO.LOPL3, LOPL3]",ME,2,ME.LO,2,LO.LOP,3,LOP,3
1058618910,mixed,FF->lat,FF,lat,2,0,2,2282,1,1.0,35565,15.585,LO,3,2,2,"[MEL2, ME.LOL2] -> LOL3 -> [FB.LOL3, LO.LOPL3]",ME,2,ME.LO,2,FB.LO,3,LO.LOP,3
1029542400,mixed,FF->lat,FF,lat,2,0,2,52,1,1.0,3319,63.827,MB_ML,3,2,2,"[AL.MB_CAL2, MB_CA.MB_MLL2] -> MB_MLL3 -> [MB_CA.MB_MLL3, PLP.CREL3]",AL.MB_CA,2,MB_CA.MB_ML,2,MB_CA.MB_ML,3,PLP.CRE,3
1029542400,mixed,FF->lat,FF,lat,2,0,2,52,1,1.0,3266,62.808,MB_ML,3,2,2,"[AL.MB_CAL2, MB_CA.MB_MLL2] -> MB_MLL3 -> [MB_CA.MB_MLL3, SCL.MB_MLL3]",AL.MB_CA,2,MB_CA.MB_ML,2,MB_CA.MB_ML,3,SCL.MB_ML,3
1027937385,mixed,FF->lat,FF,lat,2,0,2,1,1,1.0,1291,1291.0,MB_ML.MB_CA,3,2,2,"[AL.MB_CAL2, MB_CA.MB_VLL2] -> MB_ML.MB_CAL3 -> [MB_CA.MB_PEDL3, MB_CA.MB_VLL3]",AL.MB_CA,2,MB_CA.MB_VL,2,MB_CA.MB_PED,3,MB_CA.MB_VL,3
1020962880,mixed,FF->lat,FF,lat,2,0,2,52,1,1.0,3595,69.135,MB_ML,3,2,2,"[MB_CA.MB_MLL2, MB_CA.MB_VLL2] -> MB_MLL3 -> [MB_CA.MB_MLL3, PLP.MB_MLL3]",MB_CA.MB_ML,2,MB_CA.MB_VL,2,MB_CA.MB_ML,3,PLP.MB_ML,3
1004852448,mixed,FF->lat,FF,lat,2,0,2,52,1,1.0,2547,48.981,MB_ML,3,2,2,"[AL.MB_CAL2, MB_MLL2] -> MB_MLL3 -> [MB_CA.MB_MLL3, MB_CA.MB_PEDL3]",AL.MB_CA,2,MB_ML,2,MB_CA.MB_ML,3,MB_CA.MB_PED,3
989499122,mixed,FF->lat,FF,lat,2,0,2,2282,4,1.637,14490,6.35,LO,3,2,2,"[LOL2, LO.LOPL2] -> LOL3 -> [ME.LOL3, ME.LOPL3]",LO,2,LO.LOP,2,ME.LO,3,ME.LOP,3
961954560,mixed,FF->lat,FF,lat,2,0,2,1,1,1.0,3341,3341.0,MB_ML.MB_CA,3,2,2,"[MB_CA.MB_MLL2, MB_MLL2] -> MB_ML.MB_CAL3 -> [MB_CA.MB_MLL3, PLP.CREL3]",MB_CA.MB_ML,2,MB_ML,2,MB_CA.MB_ML,3,PLP.CRE,3
961385760,mixed,FF->lat,FF,lat,2,0,2,1,1,1.0,2850,2850.0,MB_ML.MB_CA,3,2,2,"[MB_CAL2, MB_CA.MB_VLL2] -> MB_ML.MB_CAL3 -> [MB_CA.MB_MLL3, MB_CA.MB_VLL3]",MB_CA,2,MB_CA.MB_VL,2,MB_CA.MB_ML,3,MB_CA.MB_VL,3
961385760,mixed,FF->lat,FF,lat,2,0,2,1,1,1.0,2837,2837.0,MB_ML.MB_CA,3,2,2,"[MB_CA.MB_VLL2, MB_ML.MB_VLL2] -> MB_ML.MB_CAL3 -> [MB_CA.MB_MLL3, MB_CA.MB_VLL3]",MB_CA.MB_VL,2,MB_ML.MB_VL,2,MB_CA.MB_ML,3,MB_CA.MB_VL,3
955846912,mixed,FF->lat,FF,lat,2,0,2,1,1,1.0,4428,4428.0,MB_ML.MB_CA,3,2,2,"[ALL2, MB_CA.MB_MLL2] -> MB_ML.MB_CAL3 -> [MB_CA.MB_MLL3, MB_CA.MB_VLL3]",AL,2,MB_CA.MB_ML,2,MB_CA.MB_ML,3,MB_CA.MB_VL,3
936045720,mixed,FF->lat,FF,lat,2,0,2,1,1,1.0,2676,2676.0,MB_ML.MB_CA,3,2,2,"[AL.MB_CAL2, MB_CA.MB_VLL2] -> MB_ML.MB_CAL3 -> [MB_CA.CREL3, MB_CA.MB_MLL3]",AL.MB_CA,2,MB_CA.MB_VL,2,MB_CA.CRE,3,MB_CA.MB_ML,3
927599040,mixed,FF->lat,FF,lat,2,0,2,1,1,1.0,3565,3565.0,MB_ML.MB_CA,3,2,2,"[MB_CA.MB_MLL2, MB_CA.MB_VLL2] -> MB_ML.MB_CAL3 -> [MB_CA.MB_MLL3, SLP.MB_MLL3]",MB_CA.MB_ML,2,MB_CA.MB_VL,2,MB_CA.MB_ML,3,SLP.MB_ML,3
918792720,mixed,FF->lat,FF,lat,2,0,2,1,1,1.0,2062,2062.0,MB_ML.MB_CA,3,2,2,"[MB_CA.MB_MLL2, MB_CA.MB_VLL2] -> MB_ML.MB_CAL3 -> [MB_CA.MB_VLL3, MB_MLL3]",MB_CA.MB_ML,2,MB_CA.MB_VL,2,MB_CA.MB_VL,3,MB_ML,3
918008640,mixed,FF->lat,FF,lat,2,0,2,52,1,1.0,3548,68.231,MB_ML,3,2,2,"[MB_CAL2, MB_CA.MB_MLL2] -> MB_MLL3 -> [MB_CA.MB_MLL3, MB_CA.MB_VLL3]",MB_CA,2,MB_CA.MB_ML,2,MB_CA.MB_ML,3,MB_CA.MB_VL,3
900076572,mixed,FF->lat,FF,lat,2,0,2,1,1,1.0,1771,1771.0,MB_ML.MB_CA,3,2,2,"[MB_CA.MB_MLL2, MB_CA.MB_PEDL2] -> MB_ML.MB_CAL3 -> [MB_CA.CREL3, MB_CA.MB_VLL3]",MB_CA.MB_ML,2,MB_CA.MB_PED,2,MB_CA.CRE,3,MB_CA.MB_VL,3
853381980,mixed,FF->lat,FF,lat,2,0,2,1,1,1.0,1206,1206.0,MB_ML.MB_CA,3,2,2,"[MB_CA.CREL2, MB_CA.MB_VLL2] -> MB_ML.MB_CAL3 -> [MB_CA.MB_PEDL3, MB_CA.MB_VLL3]",MB_CA.CRE,2,MB_CA.MB_VL,2,MB_CA.MB_PED,3,MB_CA.MB_VL,3
849726528,mixed,FF->lat,FF,lat,2,0,2,1,1,1.0,3319,3319.0,MB_ML.MB_CA,3,2,2,"[AL.MB_CAL2, MB_CA.MB_MLL2] -> MB_ML.MB_CAL3 -> [MB_CA.MB_MLL3, PLP.CREL3]",AL.MB_CA,2,MB_CA.MB_ML,2,MB_CA.MB_ML,3,PLP.CRE,3
846607968,mixed,FF->lat,FF,lat,2,0,2,52,1,1.0,2686,51.654,MB_ML,3,2,2,"[AL.MB_CAL2, MB_MLL2] -> MB_MLL3 -> [MB_CA.MB_MLL3, MB_CA.MB_VLL3]",AL.MB_CA,2,MB_ML,2,MB_CA.MB_ML,3,MB_CA.MB_VL,3
836366048,mixed,FF->lat,FF,lat,2,0,2,1,1,1.0,3528,3528.0,MB_ML.MB_CA,3,2,2,"[MB_CA.MB_MLL2, MB_VLL2] -> MB_ML.MB_CAL3 -> [MB_CA.MB_MLL3, MB_CA.MB_VLL3]",MB_CA.MB_ML,2,MB_VL,2,MB_CA.MB_ML,3,MB_CA.MB_VL,3
836366048,mixed,FF->lat,FF,lat,2,0,2,1,1,1.0,3529,3529.0,MB_ML.MB_CA,3,2,2,"[MB_CA.MB_MLL2, PLP.CREL2] -> MB_ML.MB_CAL3 -> [MB_CA.MB_MLL3, MB_CA.MB_VLL3]",MB_CA.MB_ML,2,PLP.CRE,2,MB_CA.MB_ML,3,MB_CA.MB_VL,3
818958240,mixed,FF->lat,FF,lat,2,0,2,1,1,1.0,2619,2619.0,MB_ML.MB_CA,3,2,2,"[MB_CA.MB_PEDL2, MB_MLL2] -> MB_ML.MB_CAL3 -> [MB_CA.MB_MLL3, MB_CA.MB_VLL3]",MB_CA.MB_PED,2,MB_ML,2,MB_CA.MB_ML,3,MB_CA.MB_VL,3
817661376,mixed,FF->lat,FF,lat,2,0,2,1,1,1.0,3403,3403.0,MB_ML.MB_CA,3,2,2,"[MB_CA.MB_MLL2, MB_VL.MB_MLL2] -> MB_ML.MB_CAL3 -> [MB_CA.MB_MLL3, MB_CA.MB_PEDL3]",MB_CA.MB_ML,2,MB_VL.MB_ML,2,MB_CA.MB_ML,3,MB_CA.MB_PED,3
817199280,mixed,FF->lat,FF,lat,2,0,2,52,1,1.0,3403,65.442,MB_ML,3,2,2,"[MB_CA.MB_MLL2, MB_VL.MB_MLL2] -> MB_MLL3 -> [MB_CA.MB_MLL3, MB_CA.MB_PEDL3]",MB_CA.MB_ML,2,MB_VL.MB_ML,2,MB_CA.MB_ML,3,MB_CA.MB_PED,3
817199280,mixed,FF->lat,FF,lat,2,0,2,52,1,1.0,3395,65.288,MB_ML,3,2,2,"[MB_CA.MB_MLL2, SLP.MB_MLL2] -> MB_MLL3 -> [MB_CA.MB_MLL3, MB_CA.MB_PEDL3]",MB_CA.MB_ML,2,SLP.MB_ML,2,MB_CA.MB_ML,3,MB_CA.MB_PED,3
814591890,mixed,FF->lat,FF,lat,2,0,2,1,1,1.0,1356,1356.0,MB_ML.MB_CA,3,2,2,"[AL.LHL2, MB_CA.MB_VLL2] -> MB_ML.MB_CAL3 -> [MB_CA.MB_PEDL3, MB_CA.MB_VLL3]",AL.LH,2,MB_CA.MB_VL,2,MB_CA.MB_PED,3,MB_CA.MB_VL,3
794044849,mixed,FF->lat,FF,lat,2,0,2,2282,9,1.0,31835,13.95,LO,3,2,2,"[MEL2, ME.LOPL2] -> LOL3 -> [LOPL3, ME.LOPL3]",ME,2,ME.LOP,2,LOP,3,ME.LOP,3
794041920,mixed,FF->lat,FF,lat,2,0,2,2282,1,1.0,30759,13.479,LO,3,2,2,"[MEL2, ME.LOPL2] -> LOL3 -> [FB.LOL3, ME.LOPL3]",ME,2,ME.LOP,2,FB.LO,3,ME.LOP,3
789447805,mixed,FF->lat,FF,lat,2,0,2,2282,9,1.0,13647,5.98,LO,3,2,2,"[ME.LOL2, ME.LOPL2] -> LOL3 -> [LOPL3, ME.LOPL3]",ME.LO,2,ME.LOP,2,LOP,3,ME.LOP,3
789445440,mixed,FF->lat,FF,lat,2,0,2,2282,1,1.0,12571,5.509,LO,3,2,2,"[ME.LOL2, ME.LOPL2] -> LOL3 -> [FB.LOL3, ME.LOPL3]",ME.LO,2,ME.LOP,2,FB.LO,3,ME.LOP,3
789206076,mixed,FF->lat,FF,lat,2,0,2,2282,4,1.372,8527,3.737,LO,3,2,2,"[AVLP.MEL2, LO.LOPL2] -> LOL3 -> [LO.LOPL3, ME.LOPL3]",AVLP.ME,2,LO.LOP,2,LO.LOP,3,ME.LOP,3
782675280,mixed,FF->lat,FF,lat,2,0,2,1,1,1.0,1860,1860.0,MB_ML.MB_CA,3,2,2,"[MB_CA.MB_MLL2, MB_MLL2] -> MB_ML.MB_CAL3 -> [MB_CA.CREL3, MB_CA.MB_VLL3]",MB_CA.MB_ML,2,MB_ML,2,MB_CA.CRE,3,MB_CA.MB_VL,3
777094560,mixed,FF->lat,FF,lat,2,0,2,1,1,1.0,2591,2591.0,MB_ML.MB_CA,3,2,2,"[MB_CA.CREL2, MB_CA.MB_VLL2] -> MB_ML.MB_CAL3 -> [MB_CA.CREL3, MB_CA.MB_MLL3]",MB_CA.CRE,2,MB_CA.MB_VL,2,MB_CA.CRE,3,MB_CA.MB_ML,3
772999200,mixed,FF->lat,FF,lat,2,0,2,1,1,1.0,3553,3553.0,MB_ML.MB_CA,3,2,2,"[MB_CA.MB_MLL2, MB_CA.MB_VLL2] -> MB_ML.MB_CAL3 -> [MB_CA.MB_MLL3, MB_PEDL3]",MB_CA.MB_ML,2,MB_CA.MB_VL,2,MB_CA.MB_ML,3,MB_PED,3
770366815,mixed,FF->lat,FF,lat,2,0,2,2282,12,1.0,35912,15.737,LO,3,2,2,"[MEL2, ME.LOL2] -> LOL3 -> [LO.LOPL3, LOP.PLPL3]",ME,2,ME.LO,2,LO.LOP,3,LOP.PLP,3
752966768,mixed,FF->lat,FF,lat,2,0,2,2282,234,1.184,27403,12.008,LO,3,2,2,"[LOL2, ME.LOL2] -> LOL3 -> [MEL3, ME.LOL3]",LO,2,ME.LO,2,ME,3,ME.LO,3
741772080,mixed,FF->lat,FF,lat,2,0,2,1,1,1.0,2741,2741.0,MB_ML.MB_CA,3,2,2,"[AL.LHL2, MB_CA.MB_VLL2] -> MB_ML.MB_CAL3 -> [MB_CA.CREL3, MB_CA.MB_MLL3]",AL.LH,2,MB_CA.MB_VL,2,MB_CA.CRE,3,MB_CA.MB_ML,3
741772080,mixed,FF->lat,FF,lat,2,0,2,1,1,1.0,2554,2554.0,MB_ML.MB_CA,3,2,2,"[MB_CA.MB_PEDL2, MB_CA.MB_VLL2] -> MB_ML.MB_CAL3 -> [MB_CA.MB_MLL3, PLP.CREL3]",MB_CA.MB_PED,2,MB_CA.MB_VL,2,MB_CA.MB_ML,3,PLP.CRE,3
726399360,mixed,FF->lat,FF,lat,2,0,2,52,1,1.0,3458,66.5,MB_ML,3,2,2,"[MB_CA.MB_MLL2, MB_CA.MB_PEDL2] -> MB_MLL3 -> [MB_CA.MB_MLL3, MB_CA.MB_PEDL3]",MB_CA.MB_ML,2,MB_CA.MB_PED,2,MB_CA.MB_ML,3,MB_CA.MB_PED,3
723413112,mixed,FF->lat,FF,lat,2,0,2,1,1,1.0,2597,2597.0,MB_ML.MB_CA,3,2,2,"[AL.MB_CAL2, MB_CA.MB_PEDL2] -> MB_ML.MB_CAL3 -> [MB_CA.MB_MLL3, MB_CA.MB_VLL3]",AL.MB_CA,2,MB_CA.MB_PED,2,MB_CA.MB_ML,3,MB_CA.MB_VL,3
716885184,mixed,FF->lat,FF,lat,2,0,2,1,1,1.0,3534,3534.0,MB_ML.MB_CA,3,2,2,"[MB_CA.MB_MLL2, SLP.MB_MLL2] -> MB_ML.MB_CAL3 -> [MB_CA.MB_MLL3, MB_CA.MB_VLL3]",MB_CA.MB_ML,2,SLP.MB_ML,2,MB_CA.MB_ML,3,MB_CA.MB_VL,3
714817870,mixed,FF->lat,FF,lat,2,0,2,2282,10,1.0,35488,15.551,LO,3,2,2,"[MEL2, ME.LOL2] -> LOL3 -> [LOP.PLPL3, ME.LOPL3]",ME,2,ME.LO,2,LOP.PLP,3,ME.LOP,3
711110340,mixed,FF->lat,FF,lat,2,0,2,1,1,1.0,1901,1901.0,MB_ML.MB_CA,3,2,2,"[MB_CA.MB_MLL2, MB_CA.MB_VLL2] -> MB_ML.MB_CAL3 -> [MB_CA.MB_PEDL3, PLP.MB_PEDL3]",MB_CA.MB_ML,2,MB_CA.MB_VL,2,MB_CA.MB_PED,3,PLP.MB_PED,3
708908760,mixed,FF->lat,FF,lat,2,0,2,1,1,1.0,1795,1795.0,MB_ML.MB_CA,3,2,2,"[MB_CA.MB_MLL2, MB_CA.MB_VLL2] -> MB_ML.MB_CAL3 -> [MB_CA.CREL3, PLP.CREL3]",MB_CA.MB_ML,2,MB_CA.MB_VL,2,MB_CA.CRE,3,PLP.CRE,3
705433344,mixed,FF->lat,FF,lat,2,0,2,1,1,1.0,3234,3234.0,MB_ML.MB_CA,3,2,2,"[MB_CA.CREL2, MB_CA.MB_MLL2] -> MB_ML.MB_CAL3 -> [MB_CA.MB_MLL3, PLP.CREL3]",MB_CA.CRE,2,MB_CA.MB_ML,2,MB_CA.MB_ML,3,PLP.CRE,3
700852608,mixed,FF->lat,FF,lat,2,0,2,1,1,1.0,3409,3409.0,MB_ML.MB_CA,3,2,2,"[MB_CAL2, MB_CA.MB_MLL2] -> MB_ML.MB_CAL3 -> [MB_CA.MB_MLL3, MB_CA.MB_PEDL3]",MB_CA,2,MB_CA.MB_ML,2,MB_CA.MB_ML,3,MB_CA.MB_PED,3
700852608,mixed,FF->lat,FF,lat,2,0,2,1,1,1.0,3396,3396.0,MB_ML.MB_CA,3,2,2,"[MB_CA.MB_MLL2, MB_ML.MB_VLL2] -> MB_ML.MB_CAL3 -> [MB_CA.MB_MLL3, MB_CA.MB_PEDL3]",MB_CA.MB_ML,2,MB_ML.MB_VL,2,MB_CA.MB_ML,3,MB_CA.MB_PED,3
700713754,mixed,FF->lat,FF,lat,2,0,2,1160,8,1.0,12067,10.403,LO,4,2,2,"[LOL3, ME.LOL3] -> LOL4 -> [LO.PVLPL4, LOP.PVLPL4]",LO,3,ME.LO,3,LO.PVLP,4,LOP.PVLP,4
691363164,mixed,FF->lat,FF,lat,2,0,2,1,1,1.0,1838,1838.0,MB_ML.MB_CA,3,2,2,"[AL.MB_CAL2, MB_CA.MB_MLL2] -> MB_ML.MB_CAL3 -> [MB_CA.CREL3, MB_CA.MB_VLL3]",AL.MB_CA,2,MB_CA.MB_ML,2,MB_CA.CRE,3,MB_CA.MB_VL,3
689094540,mixed,FF->lat,FF,lat,2,0,2,1,1,1.0,2034,2034.0,MB_ML.MB_CA,3,2,2,"[MB_CA.MB_MLL2, MB_CA.MB_VLL2] -> MB_ML.MB_CAL3 -> [MB_CAL3, MB_CA.MB_VLL3]",MB_CA.MB_ML,2,MB_CA.MB_VL,2,MB_CA,3,MB_CA.MB_VL,3
688506480,mixed,FF->lat,FF,lat,2,0,2,52,1,1.0,3542,68.115,MB_ML,3,2,2,"[MB_CA.MB_MLL2, MB_VL.MB_MLL2] -> MB_MLL3 -> [MB_CA.MB_MLL3, MB_CA.MB_VLL3]",MB_CA.MB_ML,2,MB_VL.MB_ML,2,MB_CA.MB_ML,3,MB_CA.MB_VL,3
688506480,mixed,FF->lat,FF,lat,2,0,2,52,1,1.0,3534,67.962,MB_ML,3,2,2,"[MB_CA.MB_MLL2, SLP.MB_MLL2] -> MB_MLL3 -> [MB_CA.MB_MLL3, MB_CA.MB_VLL3]",MB_CA.MB_ML,2,SLP.MB_ML,2,MB_CA.MB_ML,3,MB_CA.MB_VL,3
683607057,mixed,FF->lat,FF,lat,2,0,2,2282,12,1.0,36217,15.871,LO,3,2,2,"[MEL2, ME.LOL2] -> LOL3 -> [LOPL3, ME.LOPL3]",ME,2,ME.LO,2,LOP,3,ME.LOP,3
683592480,mixed,FF->lat,FF,lat,2,0,2,2282,1,1.0,35141,15.399,LO,3,2,2,"[MEL2, ME.LOL2] -> LOL3 -> [FB.LOL3, ME.LOPL3]",ME,2,ME.LO,2,FB.LO,3,ME.LOP,3
889592640902,mixed,lat->FB,lat,FB,0,2,2,2282,4,1.601,16652,7.297,LO,3,2,2,"[LO.LOPL3, ME.LOPL3] -> LOL3 -> [ME.LOL2, ME.LOPL2]",LO.LOP,3,ME.LOP,3,ME.LO,2,ME.LOP,2
592962742044,mixed,lat->FB,lat,FB,0,2,2,2282,4,1.303,10790,4.728,LO,3,2,2,"[LO.LOPL3, ME.LOPL3] -> LOL3 -> [LO.LOPL2, ME.LOPL2]",LO.LOP,3,ME.LOP,3,LO.LOP,2,ME.LOP,2
516110474951,mixed,lat->FB,lat,FB,0,2,2,2282,8,1.618,23279,10.201,LO,3,2,2,"[MEL3, ME.LOPL3] -> LOL3 -> [ME.LOL2, ME.LOPL2]",ME,3,ME.LOP,3,ME.LO,2,ME.LOP,2
412723845229,mixed,lat->FB,lat,FB,0,2,2,2282,6,1.517,23703,10.387,LO,3,2,2,"[LO.LOPL3, MEL3] -> LOL3 -> [ME.LOL2, ME.LOPL2]",LO.LOP,3,ME,3,ME.LO,2,ME.LOP,2
386312567676,mixed,lat->FB,lat,FB,0,2,2,2282,3,1.467,15172,6.649,LO,3,2,2,"[LO.LOPL3, ME.LOPL3] -> LOL3 -> [LO.LOPL2, ME.LOL2]",LO.LOP,3,ME.LOP,3,LO.LOP,2,ME.LO,2
342583130114,mixed,lat->FB,lat,FB,0,2,2,2282,5,1.314,17417,7.632,LO,3,2,2,"[MEL3, ME.LOPL3] -> LOL3 -> [LO.LOPL2, ME.LOPL2]",ME,3,ME.LOP,3,LO.LOP,2,ME.LOP,2
280605540110,mixed,lat->FB,lat,FB,0,2,2,2282,5,1.255,17841,7.818,LO,3,2,2,"[LO.LOPL3, MEL3] -> LOL3 -> [LO.LOPL2, ME.LOPL2]",LO.LOP,3,ME,3,LO.LOP,2,ME.LOP,2
223706886751,mixed,lat->FB,lat,FB,0,2,2,2282,6,1.481,21799,9.553,LO,3,2,2,"[MEL3, ME.LOPL3] -> LOL3 -> [LO.LOPL2, ME.LOL2]",ME,3,ME.LOP,3,LO.LOP,2,ME.LO,2
221716276564,mixed,lat->FB,lat,FB,0,2,2,2282,5,1.947,34840,15.267,LO,3,2,2,"[LO.LOPL3, ME.LOPL3] -> LOL3 -> [MEL2, ME.LOPL2]",LO.LOP,3,ME.LOP,3,ME,2,ME.LOP,2
180833949054,mixed,lat->FB,lat,FB,0,2,2,2282,5,1.396,22223,9.738,LO,3,2,2,"[LO.LOPL3, MEL3] -> LOL3 -> [LO.LOPL2, ME.LOL2]",LO.LOP,3,ME,3,LO.LOP,2,ME.LO,2
166952533180,mixed,lat->FB,lat,FB,0,2,2,2282,4,1.991,39222,17.188,LO,3,2,2,"[LO.LOPL3, ME.LOPL3] -> LOL3 -> [MEL2, ME.LOL2]",LO.LOP,3,ME.LOP,3,ME,2,ME.LO,2
129406556339,mixed,lat->FB,lat,FB,0,2,2,2282,10,1.958,41467,18.171,LO,3,2,2,"[MEL3, ME.LOPL3] -> LOL3 -> [MEL2, ME.LOPL2]",ME,3,ME.LOP,3,ME,2,ME.LOP,2
99890775298,mixed,lat->FB,lat,FB,0,2,2,2282,7,1.882,41891,18.357,LO,3,2,2,"[LO.LOPL3, MEL3] -> LOL3 -> [MEL2, ME.LOPL2]",LO.LOP,3,ME,3,ME,2,ME.LOP,2
97846155660,mixed,lat->FB,lat,FB,0,2,2,2282,11,1.986,45849,20.092,LO,3,2,2,"[MEL3, ME.LOPL3] -> LOL3 -> [MEL2, ME.LOL2]",ME,3,ME.LOP,3,ME,2,ME.LO,2
91822353180,mixed,lat->FB,lat,FB,0,2,2,2282,4,1.829,33360,14.619,LO,3,2,2,"[LO.LOPL3, ME.LOPL3] -> LOL3 -> [LO.LOPL2, MEL2]",LO.LOP,3,ME.LOP,3,LO.LOP,2,ME,2
77274908412,mixed,lat->FB,lat,FB,0,2,2,2282,4,1.99,11188,4.903,LO,3,2,2,"[LO.LOPL3, ME.LOPL3] -> LOL3 -> [LOL2, ME.LOPL2]",LO.LOP,3,ME.LOP,3,LO,2,ME.LOP,2
73670851704,mixed,lat->FB,lat,FB,0,2,2,2282,9,1.999,46273,20.277,LO,3,2,2,"[LO.LOPL3, MEL3] -> LOL3 -> [MEL2, ME.LOL2]",LO.LOP,3,ME,3,ME,2,ME.LO,2
61459409093,mixed,lat->FB,lat,FB,0,2,2,2282,5,1.839,15570,6.823,LO,3,2,2,"[LO.LOPL3, ME.LOPL3] -> LOL3 -> [LOL2, ME.LOL2]",LO.LOP,3,ME.LOP,3,LO,2,ME.LO,2
53457804642,mixed,lat->FB,lat,FB,0,2,2,2282,7,1.846,39987,17.523,LO,3,2,2,"[MEL3, ME.LOPL3] -> LOL3 -> [LO.LOPL2, MEL2]",ME,3,ME.LOP,3,LO.LOP,2,ME,2
48880965998,mixed,lat->FB,lat,FB,0,2,2,2282,8,1.866,21434,9.393,LO,3,2,2,"[ME.LOL3, ME.LOPL3] -> LOL3 -> [ME.LOL2, ME.LOPL2]",ME.LO,3,ME.LOP,3,ME.LO,2,ME.LOP,2
48389749920,mixed,lat->FB,lat,FB,0,2,2,1,1,1.0,3966,3966.0,MB_ML.MB_CA,3,2,2,"[MB_CA.MB_MLL3, MB_CA.MB_VLL3] -> MB_ML.MB_CAL3 -> [MB_CA.MB_MLL2, MB_CA.MB_VLL2]",MB_CA.MB_ML,3,MB_CA.MB_VL,3,MB_CA.MB_ML,2,MB_CA.MB_VL,2
45292621896,mixed,lat->FB,lat,FB,0,2,2,2282,9,1.984,17815,7.807,LO,3,2,2,"[MEL3, ME.LOPL3] -> LOL3 -> [LOL2, ME.LOPL2]",ME,3,ME.LOP,3,LO,2,ME.LOP,2
41887743120,mixed,lat->FB,lat,FB,0,2,2,2282,5,1.742,40411,17.709,LO,3,2,2,"[LO.LOPL3, MEL3] -> LOL3 -> [LO.LOPL2, MEL2]",LO.LOP,3,ME,3,LO.LOP,2,ME,2
36166372915,mixed,lat->FB,lat,FB,0,2,2,2282,12,1.822,22197,9.727,LO,3,2,2,"[MEL3, ME.LOPL3] -> LOL3 -> [LOL2, ME.LOL2]",ME,3,ME.LOP,3,LO,2,ME.LO,2
36072045544,mixed,lat->FB,lat,FB,0,2,2,2282,6,1.947,21858,9.578,LO,3,2,2,"[LO.LOPL3, ME.LOL3] -> LOL3 -> [ME.LOL2, ME.LOPL2]",LO.LOP,3,ME.LO,3,ME.LO,2,ME.LOP,2
34083667854,mixed,lat->FB,lat,FB,0,2,2,2282,4,1.999,18239,7.993,LO,3,2,2,"[LO.LOPL3, MEL3] -> LOL3 -> [LOL2, ME.LOPL2]",LO.LOP,3,ME,3,LO,2,ME.LOP,2
30906175776,mixed,lat->FB,lat,FB,0,2,2,2282,4,1.988,9708,4.254,LO,3,2,2,"[LO.LOPL3, ME.LOPL3] -> LOL3 -> [LOL2, LO.LOPL2]",LO.LOP,3,ME.LOP,3,LO,2,LO.LOP,2
26556654354,mixed,lat->FB,lat,FB,0,2,2,2282,7,1.914,22621,9.913,LO,3,2,2,"[LO.LOPL3, MEL3] -> LOL3 -> [LOL2, ME.LOL2]",LO.LOP,3,ME,3,LO,2,ME.LO,2
24868209610,mixed,lat->FB,lat,FB,0,2,2,2282,6,1.977,15572,6.824,LO,3,2,2,"[ME.LOL3, ME.LOPL3] -> LOL3 -> [LO.LOPL2, ME.LOPL2]",ME.LO,3,ME.LOP,3,LO.LOP,2,ME.LOP,2
23808375360,mixed,lat->FB,lat,FB,0,2,2,1,1,1.0,3827,3827.0,MB_ML.MB_CA,3,2,2,"[MB_CA.MB_MLL3, MB_CA.MB_PEDL3] -> MB_ML.MB_CAL3 -> [MB_CA.MB_MLL2, MB_CA.MB_VLL2]",MB_CA.MB_ML,3,MB_CA.MB_PED,3,MB_CA.MB_ML,2,MB_CA.MB_VL,2
21177521729,mixed,lat->FB,lat,FB,0,2,2,2282,15,1.936,28485,12.482,LO,3,2,2,"[MEL3, ME.LOL3] -> LOL3 -> [ME.LOL2, ME.LOPL2]",ME,3,ME.LO,3,ME.LO,2,ME.LOP,2
20754881406,mixed,lat->FB,lat,FB,0,2,2,2282,4,1.475,33758,14.793,LO,3,2,2,"[LO.LOPL3, ME.LOPL3] -> LOL3 -> [LOL2, MEL2]",LO.LOP,3,ME.LOP,3,LO,2,ME,2
19116925697,mixed,lat->FB,lat,FB,0,2,2,2282,6,1.913,15996,7.01,LO,3,2,2,"[LO.LOPL3, ME.LOL3] -> LOL3 -> [LO.LOPL2, ME.LOPL2]",LO.LOP,3,ME.LO,3,LO.LOP,2,ME.LOP,2
18976329073,mixed,lat->FB,lat,FB,0,2,2,2282,6,1.97,19954,8.744,LO,3,2,2,"[ME.LOL3, ME.LOPL3] -> LOL3 -> [LO.LOPL2, ME.LOL2]",ME.LO,3,ME.LOP,3,LO.LOP,2,ME.LO,2
18066694179,mixed,lat->FB,lat,FB,0,2,2,2282,8,1.993,16335,7.158,LO,3,2,2,"[MEL3, ME.LOPL3] -> LOL3 -> [LOL2, LO.LOPL2]",ME,3,ME.LOP,3,LO,2,LO.LOP,2
16351828493,mixed,lat->FB,lat,FB,0,2,2,2282,11,1.502,39622,17.363,LO,3,2,2,"[ME.LOL3, ME.LOPL3] -> LOL3 -> [MEL2, ME.LOPL2]",ME.LO,3,ME.LOP,3,ME,2,ME.LOP,2
14481667164,mixed,lat->FB,lat,FB,0,2,2,2282,11,1.328,44004,19.283,LO,3,2,2,"[ME.LOL3, ME.LOPL3] -> LOL3 -> [MEL2, ME.LOL2]",ME.LO,3,ME.LOP,3,ME,2,ME.LO,2
14226991297,mixed,lat->FB,lat,FB,0,2,2,2282,5,1.999,20378,8.93,LO,3,2,2,"[LO.LOPL3, ME.LOL3] -> LOL3 -> [LO.LOPL2, ME.LOL2]",LO.LOP,3,ME.LO,3,LO.LOP,2,ME.LO,2
13816609546,mixed,lat->FB,lat,FB,0,2,2,2282,4,1.946,16759,7.344,LO,3,2,2,"[LO.LOPL3, MEL3] -> LOL3 -> [LOL2, LO.LOPL2]",LO.LOP,3,ME,3,LO,2,LO.LOP,2
12278448308,mixed,lat->FB,lat,FB,0,2,2,2282,16,1.46,40385,17.697,LO,3,2,2,"[MEL3, ME.LOPL3] -> LOL3 -> [LOL2, MEL2]",ME,3,ME.LOP,3,LO,2,ME,2
11791173240,mixed,lat->FB,lat,FB,0,2,2,1,1,1.0,2291,2291.0,MB_ML.MB_CA,3,2,2,"[MB_CA.MB_PEDL3, MB_CA.MB_VLL3] -> MB_ML.MB_CAL3 -> [MB_CA.MB_MLL2, MB_CA.MB_VLL2]",MB_CA.MB_PED,3,MB_CA.MB_VL,3,MB_CA.MB_ML,2,MB_CA.MB_VL,2
11653337048,mixed,lat->FB,lat,FB,0,2,2,2282,8,1.601,40046,17.549,LO,3,2,2,"[LO.LOPL3, ME.LOL3] -> LOL3 -> [MEL2, ME.LOPL2]",LO.LOP,3,ME.LO,3,ME,2,ME.LOP,2
11148019448,mixed,lat->FB,lat,FB,0,2,2,2282,9,1.926,22623,9.914,LO,3,2,2,"[MEL3, ME.LOL3] -> LOL3 -> [LO.LOPL2, ME.LOPL2]",ME,3,ME.LO,3,LO.LOP,2,ME.LOP,2
10667388960,mixed,lat->FB,lat,FB,0,2,2,1,1,1.0,3676,3676.0,MB_ML.MB_CA,3,2,2,"[MB_CA.CREL3, MB_CA.MB_MLL3] -> MB_ML.MB_CAL3 -> [MB_CA.MB_MLL2, MB_CA.MB_VLL2]",MB_CA.CRE,3,MB_CA.MB_ML,3,MB_CA.MB_ML,2,MB_CA.MB_VL,2
10160239874,mixed,lat->FB,lat,FB,0,2,2,2282,10,1.401,44428,19.469,LO,3,2,2,"[LO.LOPL3, ME.LOL3] -> LOL3 -> [MEL2, ME.LOL2]",LO.LOP,3,ME.LO,3,ME,2,ME.LO,2
8718483925,mixed,lat->FB,lat,FB,0,2,2,2282,7,1.555,40809,17.883,LO,3,2,2,"[LO.LOPL3, MEL3] -> LOL3 -> [LOL2, MEL2]",LO.LOP,3,ME,3,LO,2,ME,2
8330522673,mixed,lat->FB,lat,FB,0,2,2,2282,10,1.998,27005,11.834,LO,3,2,2,"[MEL3, ME.LOL3] -> LOL3 -> [LO.LOPL2, ME.LOL2]",ME,3,ME.LO,3,LO.LOP,2,ME.LO,2
8244179616,mixed,lat->FB,lat,FB,0,2,2,1,1,1.0,3597,3597.0,MB_ML.MB_CA,3,2,2,"[MB_CA.MB_MLL3, MB_CA.MB_VLL3] -> MB_ML.MB_CAL3 -> [MB_CA.MB_MLL2, MB_CA.MB_PEDL2]",MB_CA.MB_ML,3,MB_CA.MB_VL,3,MB_CA.MB_ML,2,MB_CA.MB_PED,2
7354793520,mixed,lat->FB,lat,FB,0,2,2,52,1,1.0,3547,68.212,MB_ML,3,2,2,"[MB_CA.MB_MLL3, MB_CA.MB_PEDL3] -> MB_MLL3 -> [MB_CA.MB_MLL2, MB_MLL2]",MB_CA.MB_ML,3,MB_CA.MB_PED,3,MB_CA.MB_ML,2,MB_ML,2
6956992800,mixed,lat->FB,lat,FB,0,2,2,1,1,1.0,3621,3621.0,MB_ML.MB_CA,3,2,2,"[MB_CA.MB_MLL3, PLP.CREL3] -> MB_ML.MB_CAL3 -> [MB_CA.MB_MLL2, MB_CA.MB_VLL2]",MB_CA.MB_ML,3,PLP.CRE,3,MB_CA.MB_ML,2,MB_CA.MB_VL,2
6929890112,mixed,lat->FB,lat,FB,0,2,2,1,1,1.0,3686,3686.0,MB_ML.MB_CA,3,2,2,"[MB_CA.MB_MLL3, MB_CA.MB_VLL3] -> MB_ML.MB_CAL3 -> [MB_CA.MB_MLL2, MB_MLL2]",MB_CA.MB_ML,3,MB_CA.MB_VL,3,MB_CA.MB_ML,2,MB_ML,2
6882423063,mixed,lat->FB,lat,FB,0,2,2,2282,20,1.584,46673,20.453,LO,3,2,2,"[MEL3, ME.LOL3] -> LOL3 -> [MEL2, ME.LOPL2]",ME,3,ME.LO,3,ME,2,ME.LOP,2
6724376487,mixed,lat->FB,lat,FB,0,2,2,2282,10,1.325,15970,6.998,LO,3,2,2,"[ME.LOL3, ME.LOPL3] -> LOL3 -> [LOL2, ME.LOPL2]",ME.LO,3,ME.LOP,3,LO,2,ME.LOP,2
6446794320,mixed,lat->FB,lat,FB,0,2,2,52,1,1.0,3525,67.788,MB_ML,3,2,2,"[MB_CA.MB_MLL3, MB_CA.MB_PEDL3] -> MB_MLL3 -> [AL.MB_CAL2, MB_CA.MB_MLL2]",MB_CA.MB_ML,3,MB_CA.MB_PED,3,AL.MB_CA,2,MB_CA.MB_ML,2
6235817994,mixed,lat->FB,lat,FB,0,2,2,2282,168,1.491,51055,22.373,LO,3,2,2,"[MEL3, ME.LOL3] -> LOL3 -> [MEL2, ME.LOL2]",ME,3,ME.LO,3,ME,2,ME.LO,2
6213004928,mixed,lat->FB,lat,FB,0,2,2,1,1,1.0,3664,3664.0,MB_ML.MB_CA,3,2,2,"[MB_CA.MB_MLL3, MB_CA.MB_VLL3] -> MB_ML.MB_CAL3 -> [AL.MB_CAL2, MB_CA.MB_MLL2]",MB_CA.MB_ML,3,MB_CA.MB_VL,3,AL.MB_CA,2,MB_CA.MB_ML,2
6196558320,mixed,lat->FB,lat,FB,0,2,2,52,1,1.0,3686,70.885,MB_ML,3,2,2,"[MB_CA.MB_MLL3, MB_CA.MB_VLL3] -> MB_MLL3 -> [MB_CA.MB_MLL2, MB_MLL2]",MB_CA.MB_ML,3,MB_CA.MB_VL,3,MB_CA.MB_ML,2,MB_ML,2
6120974129,mixed,lat->FB,lat,FB,0,2,2,2282,15,1.207,20352,8.918,LO,3,2,2,"[ME.LOL3, ME.LOPL3] -> LOL3 -> [LOL2, ME.LOL2]",ME.LO,3,ME.LOP,3,LO,2,ME.LO,2
6044928070,mixed,lat->FB,lat,FB,0,2,2,2282,8,1.641,38142,16.714,LO,3,2,2,"[ME.LOL3, ME.LOPL3] -> LOL3 -> [LO.LOPL2, MEL2]",ME.LO,3,ME.LOP,3,LO.LOP,2,ME,2
5527968120,mixed,lat->FB,lat,FB,0,2,2,1,1,1.0,2899,2899.0,MB_ML.MB_CA,3,2,2,"[MB_CA.MB_MLL3, MB_CA.MB_VLL3] -> MB_ML.MB_CAL3 -> [MB_CA.MB_PEDL2, MB_CA.MB_VLL2]",MB_CA.MB_ML,3,MB_CA.MB_VL,3,MB_CA.MB_PED,2,MB_CA.MB_VL,2
5431551120,mixed,lat->FB,lat,FB,0,2,2,52,1,1.0,3664,70.462,MB_ML,3,2,2,"[MB_CA.MB_MLL3, MB_CA.MB_VLL3] -> MB_MLL3 -> [AL.MB_CAL2, MB_CA.MB_MLL2]",MB_CA.MB_ML,3,MB_CA.MB_VL,3,AL.MB_CA,2,MB_CA.MB_ML,2
5283058140,mixed,lat->FB,lat,FB,0,2,2,1,1,1.0,2140,2140.0,MB_ML.MB_CA,3,2,2,"[MB_CA.CREL3, MB_CA.MB_VLL3] -> MB_ML.MB_CAL3 -> [MB_CA.MB_MLL2, MB_CA.MB_VLL2]",MB_CA.CRE,3,MB_CA.MB_VL,3,MB_CA.MB_ML,2,MB_CA.MB_VL,2
5137677152,mixed,lat->FB,lat,FB,0,2,2,1,1,1.0,3579,3579.0,MB_ML.MB_CA,3,2,2,"[MB_CA.MB_MLL3, MB_CA.MB_VLL3] -> MB_ML.MB_CAL3 -> [MB_CA.CREL2, MB_CA.MB_MLL2]",MB_CA.MB_ML,3,MB_CA.MB_VL,3,MB_CA.CRE,2,MB_CA.MB_ML,2
4716428691,mixed,lat->FB,lat,FB,0,2,2,2282,5,1.398,16394,7.184,LO,3,2,2,"[LO.LOPL3, ME.LOL3] -> LOL3 -> [LOL2, ME.LOPL2]",LO.LOP,3,ME.LO,3,LO,2,ME.LOP,2
4646697840,mixed,lat->FB,lat,FB,0,2,2,1,1,1.0,2988,2988.0,MB_ML.MB_CA,3,2,2,"[MB_CA.MB_MLL3, MB_CA.MB_VLL3] -> MB_ML.MB_CAL3 -> [MB_CA.MB_VLL2, MB_MLL2]",MB_CA.MB_ML,3,MB_CA.MB_VL,3,MB_CA.MB_VL,2,MB_ML,2
4361735745,mixed,lat->FB,lat,FB,0,2,2,2282,6,1.749,38566,16.9,LO,3,2,2,"[LO.LOPL3, ME.LOL3] -> LOL3 -> [LO.LOPL2, MEL2]",LO.LOP,3,ME.LO,3,LO.LOP,2,ME,2
4244776123,mixed,lat->FB,lat,FB,0,2,2,2282,11,1.256,20776,9.104,LO,3,2,2,"[LO.LOPL3, ME.LOL3] -> LOL3 -> [LOL2, ME.LOL2]",LO.LOP,3,ME.LO,3,LO,2,ME.LO,2
4166004960,mixed,lat->FB,lat,FB,0,2,2,1,1,1.0,2966,2966.0,MB_ML.MB_CA,3,2,2,"[MB_CA.MB_MLL3, MB_CA.MB_VLL3] -> MB_ML.MB_CAL3 -> [AL.MB_CAL2, MB_CA.MB_VLL2]",MB_CA.MB_ML,3,MB_CA.MB_VL,3,AL.MB_CA,2,MB_CA.MB_VL,2
4062349376,mixed,lat->FB,lat,FB,0,2,2,1,1,1.0,3729,3729.0,MB_ML.MB_CA,3,2,2,"[MB_CA.MB_MLL3, MB_CA.MB_VLL3] -> MB_ML.MB_CAL3 -> [AL.LHL2, MB_CA.MB_MLL2]",MB_CA.MB_ML,3,MB_CA.MB_VL,3,AL.LH,2,MB_CA.MB_ML,2
4056241728,mixed,lat->FB,lat,FB,0,2,2,1,1,1.0,3458,3458.0,MB_ML.MB_CA,3,2,2,"[MB_CA.MB_MLL3, MB_CA.MB_PEDL3] -> MB_ML.MB_CAL3 -> [MB_CA.MB_MLL2, MB_CA.MB_PEDL2]",MB_CA.MB_ML,3,MB_CA.MB_PED,3,MB_CA.MB_ML,2,MB_CA.MB_PED,2
3722796720,mixed,lat->FB,lat,FB,0,2,2,52,1,1.0,3827,73.596,MB_ML,3,2,2,"[MB_CA.MB_MLL3, MB_CA.MB_PEDL3] -> MB_MLL3 -> [MB_CA.MB_MLL2, MB_CA.MB_VLL2]",MB_CA.MB_ML,3,MB_CA.MB_PED,3,MB_CA.MB_ML,2,MB_CA.MB_VL,2
3532617360,mixed,lat->FB,lat,FB,0,2,2,52,1,1.0,3396,65.308,MB_ML,3,2,2,"[MB_CA.CREL3, MB_CA.MB_MLL3] -> MB_MLL3 -> [MB_CA.MB_MLL2, MB_MLL2]",MB_CA.CRE,3,MB_CA.MB_ML,3,MB_CA.MB_ML,2,MB_ML,2
3445472700,mixed,lat->FB,lat,FB,0,2,2,1,1,1.0,2085,2085.0,MB_ML.MB_CA,3,2,2,"[MB_CA.MB_VLL3, PLP.CREL3] -> MB_ML.MB_CAL3 -> [MB_CA.MB_MLL2, MB_CA.MB_VLL2]",MB_CA.MB_VL,3,PLP.CRE,3,MB_CA.MB_ML,2,MB_CA.MB_VL,2
3444965640,mixed,lat->FB,lat,FB,0,2,2,1,1,1.0,2881,2881.0,MB_ML.MB_CA,3,2,2,"[MB_CA.MB_MLL3, MB_CA.MB_VLL3] -> MB_ML.MB_CAL3 -> [MB_CA.CREL2, MB_CA.MB_VLL2]",MB_CA.MB_ML,3,MB_CA.MB_VL,3,MB_CA.CRE,2,MB_CA.MB_VL,2
3409594496,mixed,lat->FB,lat,FB,0,2,2,1,1,1.0,3547,3547.0,MB_ML.MB_CA,3,2,2,"[MB_CA.MB_MLL3, MB_CA.MB_PEDL3] -> MB_ML.MB_CAL3 -> [MB_CA.MB_MLL2, MB_MLL2]",MB_CA.MB_ML,3,MB_CA.MB_PED,3,MB_CA.MB_ML,2,MB_ML,2
3136529520,mixed,lat->FB,lat,FB,0,2,2,52,1,1.0,3966,76.269,MB_ML,3,2,2,"[MB_CA.MB_MLL3, MB_CA.MB_VLL3] -> MB_MLL3 -> [MB_CA.MB_MLL2, MB_CA.MB_VLL2]",MB_CA.MB_ML,3,MB_CA.MB_VL,3,MB_CA.MB_ML,2,MB_CA.MB_VL,2
3096491760,mixed,lat->FB,lat,FB,0,2,2,52,1,1.0,3374,64.885,MB_ML,3,2,2,"[MB_CA.CREL3, MB_CA.MB_MLL3] -> MB_MLL3 -> [AL.MB_CAL2, MB_CA.MB_MLL2]",MB_CA.CRE,3,MB_CA.MB_ML,3,AL.MB_CA,2,MB_CA.MB_ML,2
3091996800,mixed,lat->FB,lat,FB,0,2,2,1,1,1.0,3576,3576.0,MB_ML.MB_CA,3,2,2,"[MB_CA.MB_MLL3, PLP.MB_PEDL3] -> MB_ML.MB_CAL3 -> [MB_CA.MB_MLL2, MB_CA.MB_VLL2]",MB_CA.MB_ML,3,PLP.MB_PED,3,MB_CA.MB_ML,2,MB_CA.MB_VL,2
3056877824,mixed,lat->FB,lat,FB,0,2,2,1,1,1.0,3525,3525.0,MB_ML.MB_CA,3,2,2,"[MB_CA.MB_MLL3, MB_CA.MB_PEDL3] -> MB_ML.MB_CAL3 -> [AL.MB_CAL2, MB_CA.MB_MLL2]",MB_CA.MB_ML,3,MB_CA.MB_PED,3,AL.MB_CA,2,MB_CA.MB_ML,2
2819285561,mixed,lat->FB,lat,FB,0,2,2,2282,240,1.546,27403,12.008,LO,3,2,2,"[MEL3, ME.LOL3] -> LOL3 -> [LOL2, ME.LOL2]",ME,3,ME.LO,3,LO,2,ME.LO,2
2793271051,mixed,lat->FB,lat,FB,0,2,2,2282,17,1.385,23021,10.088,LO,3,2,2,"[MEL3, ME.LOL3] -> LOL3 -> [LOL2, ME.LOPL2]",ME,3,ME.LO,3,LO,2,ME.LOP,2
2723926320,mixed,lat->FB,lat,FB,0,2,2,1,1,1.0,3031,3031.0,MB_ML.MB_CA,3,2,2,"[MB_CA.MB_MLL3, MB_CA.MB_VLL3] -> MB_ML.MB_CAL3 -> [AL.LHL2, MB_CA.MB_VLL2]",MB_CA.MB_ML,3,MB_CA.MB_VL,3,AL.LH,2,MB_CA.MB_VL,2
2719830960,mixed,lat->FB,lat,FB,0,2,2,1,1,1.0,2760,2760.0,MB_ML.MB_CA,3,2,2,"[MB_CA.MB_MLL3, MB_CA.MB_PEDL3] -> MB_ML.MB_CAL3 -> [MB_CA.MB_PEDL2, MB_CA.MB_VLL2]",MB_CA.MB_ML,3,MB_CA.MB_PED,3,MB_CA.MB_PED,2,MB_CA.MB_VL,2
2599332120,mixed,lat->FB,lat,FB,0,2,2,1,1,1.0,2001,2001.0,MB_ML.MB_CA,3,2,2,"[MB_CA.CREL3, MB_CA.MB_PEDL3] -> MB_ML.MB_CAL3 -> [MB_CA.MB_MLL2, MB_CA.MB_VLL2]",MB_CA.CRE,3,MB_CA.MB_PED,3,MB_CA.MB_ML,2,MB_CA.MB_VL,2
2570504058,mixed,lat->FB,lat,FB,0,2,2,2282,14,1.731,45193,19.804,LO,3,2,2,"[MEL3, ME.LOL3] -> LOL3 -> [LO.LOPL2, MEL2]",ME,3,ME.LO,3,LO.LOP,2,ME,2
2527802816,mixed,lat->FB,lat,FB,0,2,2,1,1,1.0,3440,3440.0,MB_ML.MB_CA,3,2,2,"[MB_CA.MB_MLL3, MB_CA.MB_PEDL3] -> MB_ML.MB_CAL3 -> [MB_CA.CREL2, MB_CA.MB_MLL2]",MB_CA.MB_ML,3,MB_CA.MB_PED,3,MB_CA.CRE,2,MB_CA.MB_ML,2
2430328485,mixed,lat->FB,lat,FB,0,2,2,2282,9,1.429,14490,6.35,LO,3,2,2,"[ME.LOL3, ME.LOPL3] -> LOL3 -> [LOL2, LO.LOPL2]",ME.LO,3,ME.LOP,3,LO,2,LO.LOP,2
2417142111,mixed,lat->FB,lat,FB,0,2,2,2282,17,1.097,38540,16.889,LO,3,2,2,"[ME.LOL3, ME.LOPL3] -> LOL3 -> [LOL2, MEL2]",ME.LO,3,ME.LOP,3,LO,2,ME,2
2318997600,mixed,lat->FB,lat,FB,0,2,2,1,1,1.0,3598,3598.0,MB_ML.MB_CA,3,2,2,"[MB_CA.MB_MLL3, MB_MLL3] -> MB_ML.MB_CAL3 -> [MB_CA.MB_MLL2, MB_CA.MB_VLL2]",MB_CA.MB_ML,3,MB_ML,3,MB_CA.MB_ML,2,MB_CA.MB_VL,2
2318997600,mixed,lat->FB,lat,FB,0,2,2,1,1,1.0,3595,3595.0,MB_ML.MB_CA,3,2,2,"[MB_CA.MB_MLL3, PLP.MB_MLL3] -> MB_ML.MB_CAL3 -> [MB_CA.MB_MLL2, MB_CA.MB_VLL2]",MB_CA.MB_ML,3,PLP.MB_ML,3,MB_CA.MB_ML,2,MB_CA.MB_VL,2
2286234720,mixed,lat->FB,lat,FB,0,2,2,1,1,1.0,2849,2849.0,MB_ML.MB_CA,3,2,2,"[MB_CA.MB_MLL3, MB_CA.MB_PEDL3] -> MB_ML.MB_CAL3 -> [MB_CA.MB_VLL2, MB_MLL2]",MB_CA.MB_ML,3,MB_CA.MB_PED,3,MB_CA.MB_VL,2,MB_ML,2
2049727680,mixed,lat->FB,lat,FB,0,2,2,1,1,1.0,2827,2827.0,MB_ML.MB_CA,3,2,2,"[MB_CA.MB_MLL3, MB_CA.MB_PEDL3] -> MB_ML.MB_CAL3 -> [AL.MB_CAL2, MB_CA.MB_VLL2]",MB_CA.MB_ML,3,MB_CA.MB_PED,3,AL.MB_CA,2,MB_CA.MB_VL,2
2008866552,mixed,lat->FB,lat,FB,0,2,2,1,1,1.0,1922,1922.0,MB_ML.MB_CA,3,2,2,"[MB_CA.MB_PEDL3, MB_CA.MB_VLL3] -> MB_ML.MB_CAL3 -> [MB_CA.MB_MLL2, MB_CA.MB_PEDL2]",MB_CA.MB_PED,3,MB_CA.MB_VL,3,MB_CA.MB_ML,2,MB_CA.MB_PED,2
1998727808,mixed,lat->FB,lat,FB,0,2,2,1,1,1.0,3590,3590.0,MB_ML.MB_CA,3,2,2,"[MB_CA.MB_MLL3, MB_CA.MB_PEDL3] -> MB_ML.MB_CAL3 -> [AL.LHL2, MB_CA.MB_MLL2]",MB_CA.MB_ML,3,MB_CA.MB_PED,3,AL.LH,2,MB_CA.MB_ML,2
1968999840,mixed,lat->FB,lat,FB,0,2,2,52,1,1.0,3315,63.75,MB_ML,3,2,2,"[MB_CA.MB_MLL3, PLP.MB_MLL3] -> MB_MLL3 -> [MB_CA.MB_MLL2, MB_MLL2]",MB_CA.MB_ML,3,PLP.MB_ML,3,MB_CA.MB_ML,2,MB_ML,2
1817407008,mixed,lat->FB,lat,FB,0,2,2,1,1,1.0,3307,3307.0,MB_ML.MB_CA,3,2,2,"[MB_CA.CREL3, MB_CA.MB_MLL3] -> MB_ML.MB_CAL3 -> [MB_CA.MB_MLL2, MB_CA.MB_PEDL2]",MB_CA.CRE,3,MB_CA.MB_ML,3,MB_CA.MB_ML,2,MB_CA.MB_PED,2
1788114960,mixed,lat->FB,lat,FB,0,2,2,52,1,1.0,3676,70.692,MB_ML,3,2,2,"[MB_CA.CREL3, MB_CA.MB_MLL3] -> MB_MLL3 -> [MB_CA.MB_MLL2, MB_CA.MB_VLL2]",MB_CA.CRE,3,MB_CA.MB_ML,3,MB_CA.MB_ML,2,MB_CA.MB_VL,2
1725913440,mixed,lat->FB,lat,FB,0,2,2,52,1,1.0,3293,63.327,MB_ML,3,2,2,"[MB_CA.MB_MLL3, PLP.MB_MLL3] -> MB_MLL3 -> [AL.MB_CAL2, MB_CA.MB_MLL2]",MB_CA.MB_ML,3,PLP.MB_ML,3,AL.MB_CA,2,MB_CA.MB_ML,2
1720843913,mixed,lat->FB,lat,FB,0,2,2,2282,5,1.519,14914,6.535,LO,3,2,2,"[LO.LOPL3, ME.LOL3] -> LOL3 -> [LOL2, LO.LOPL2]",LO.LOP,3,ME.LO,3,LO,2,LO.LOP,2
1695216600,mixed,lat->FB,lat,FB,0,2,2,1,1,1.0,1946,1946.0,MB_ML.MB_CA,3,2,2,"[MB_CA.MB_PEDL3, PLP.CREL3] -> MB_ML.MB_CAL3 -> [MB_CA.MB_MLL2, MB_CA.MB_VLL2]",MB_CA.MB_PED,3,PLP.CRE,3,MB_CA.MB_ML,2,MB_CA.MB_VL,2
1694967120,mixed,lat->FB,lat,FB,0,2,2,1,1,1.0,2742,2742.0,MB_ML.MB_CA,3,2,2,"[MB_CA.MB_MLL3, MB_CA.MB_PEDL3] -> MB_ML.MB_CAL3 -> [MB_CA.CREL2, MB_CA.MB_VLL2]",MB_CA.MB_ML,3,MB_CA.MB_PED,3,MB_CA.CRE,2,MB_CA.MB_VL,2
1688612464,mixed,lat->FB,lat,FB,0,2,2,1,1,1.0,2011,2011.0,MB_ML.MB_CA,3,2,2,"[MB_CA.MB_PEDL3, MB_CA.MB_VLL3] -> MB_ML.MB_CAL3 -> [MB_CA.MB_MLL2, MB_MLL2]",MB_CA.MB_PED,3,MB_CA.MB_VL,3,MB_CA.MB_ML,2,MB_ML,2
1672732096,mixed,lat->FB,lat,FB,0,2,2,1,1,1.0,3542,3542.0,MB_ML.MB_CA,3,2,2,"[MB_CA.MB_MLL3, MB_CA.MB_VLL3] -> MB_ML.MB_CAL3 -> [MB_CA.MB_MLL2, MB_VL.MB_MLL2]",MB_CA.MB_ML,3,MB_CA.MB_VL,3,MB_CA.MB_ML,2,MB_VL.MB_ML,2
1657077282,mixed,lat->FB,lat,FB,0,2,2,2282,9,1.121,38964,17.074,LO,3,2,2,"[LO.LOPL3, ME.LOL3] -> LOL3 -> [LOL2, MEL2]",LO.LOP,3,ME.LO,3,LO,2,ME,2
1531321200,mixed,lat->FB,lat,FB,0,2,2,1,1,1.0,2040,2040.0,MB_ML.MB_CA,3,2,2,"[MB_CA.MB_VLL3, PLP.MB_PEDL3] -> MB_ML.MB_CAL3 -> [MB_CA.MB_MLL2, MB_CA.MB_VLL2]",MB_CA.MB_VL,3,PLP.MB_PED,3,MB_CA.MB_ML,2,MB_CA.MB_VL,2
1527675456,mixed,lat->FB,lat,FB,0,2,2,1,1,1.0,3396,3396.0,MB_ML.MB_CA,3,2,2,"[MB_CA.CREL3, MB_CA.MB_MLL3] -> MB_ML.MB_CAL3 -> [MB_CA.MB_MLL2, MB_MLL2]",MB_CA.CRE,3,MB_CA.MB_ML,3,MB_CA.MB_ML,2,MB_ML,2
1513928416,mixed,lat->FB,lat,FB,0,2,2,1,1,1.0,1989,1989.0,MB_ML.MB_CA,3,2,2,"[MB_CA.MB_PEDL3, MB_CA.MB_VLL3] -> MB_ML.MB_CAL3 -> [AL.MB_CAL2, MB_CA.MB_MLL2]",MB_CA.MB_PED,3,MB_CA.MB_VL,3,AL.MB_CA,2,MB_CA.MB_ML,2
1491959196,mixed,lat->FB,lat,FB,0,2,2,2282,1,1.0,12725,5.576,LO,3,2,2,"[LO.MEL3, ME.LOPL3] -> LOL3 -> [ME.LOL2, ME.LOPL2]",LO.ME,3,ME.LOP,3,ME.LO,2,ME.LOP,2
1433770368,mixed,lat->FB,lat,FB,0,2,2,1,1,1.0,3548,3548.0,MB_ML.MB_CA,3,2,2,"[MB_CA.MB_MLL3, MB_CA.MB_VLL3] -> MB_ML.MB_CAL3 -> [MB_CAL2, MB_CA.MB_MLL2]",MB_CA.MB_ML,3,MB_CA.MB_VL,3,MB_CA,2,MB_CA.MB_ML,2
1433770368,mixed,lat->FB,lat,FB,0,2,2,1,1,1.0,3535,3535.0,MB_ML.MB_CA,3,2,2,"[MB_CA.MB_MLL3, MB_CA.MB_VLL3] -> MB_ML.MB_CAL3 -> [MB_CA.MB_MLL2, MB_ML.MB_VLL2]",MB_CA.MB_ML,3,MB_CA.MB_VL,3,MB_CA.MB_ML,2,MB_ML.MB_VL,2
1391398560,mixed,lat->FB,lat,FB,0,2,2,1,1,1.0,3570,3570.0,MB_ML.MB_CA,3,2,2,"[MB_CAL3, MB_CA.MB_MLL3] -> MB_ML.MB_CAL3 -> [MB_CA.MB_MLL2, MB_CA.MB_VLL2]",MB_CA,3,MB_CA.MB_ML,3,MB_CA.MB_ML,2,MB_CA.MB_VL,2
1369640064,mixed,lat->FB,lat,FB,0,2,2,1,1,1.0,3374,3374.0,MB_ML.MB_CA,3,2,2,"[MB_CA.CREL3, MB_CA.MB_MLL3] -> MB_ML.MB_CAL3 -> [AL.MB_CAL2, MB_CA.MB_MLL2]",MB_CA.CRE,3,MB_CA.MB_ML,3,AL.MB_CA,2,MB_CA.MB_ML,2
1361998800,mixed,lat->FB,lat,FB,0,2,2,52,1,1.0,3440,66.154,MB_ML,3,2,2,"[MB_CA.MB_MLL3, MB_CA.MB_PEDL3] -> MB_MLL3 -> [MB_CA.CREL2, MB_CA.MB_MLL2]",MB_CA.MB_ML,3,MB_CA.MB_PED,3,MB_CA.CRE,2,MB_CA.MB_ML,2
1347004890,mixed,lat->FB,lat,FB,0,2,2,1,1,1.0,1224,1224.0,MB_ML.MB_CA,3,2,2,"[MB_CA.MB_PEDL3, MB_CA.MB_VLL3] -> MB_ML.MB_CAL3 -> [MB_CA.MB_PEDL2, MB_CA.MB_VLL2]",MB_CA.MB_PED,3,MB_CA.MB_VL,3,MB_CA.MB_PED,2,MB_CA.MB_VL,2
1340206560,mixed,lat->FB,lat,FB,0,2,2,1,1,1.0,2892,2892.0,MB_ML.MB_CA,3,2,2,"[MB_CA.MB_MLL3, MB_CA.MB_PEDL3] -> MB_ML.MB_CAL3 -> [AL.LHL2, MB_CA.MB_VLL2]",MB_CA.MB_ML,3,MB_CA.MB_PED,3,AL.LH,2,MB_CA.MB_VL,2
1255943052,mixed,lat->FB,lat,FB,0,2,2,2282,1,1.0,13149,5.762,LO,3,2,2,"[LO.LOPL3, LO.MEL3] -> LOL3 -> [ME.LOL2, ME.LOPL2]",LO.LOP,3,LO.ME,3,ME.LO,2,ME.LOP,2
1251902344,mixed,lat->FB,lat,FB,0,2,2,1,1,1.0,1904,1904.0,MB_ML.MB_CA,3,2,2,"[MB_CA.MB_PEDL3, MB_CA.MB_VLL3] -> MB_ML.MB_CAL3 -> [MB_CA.CREL2, MB_CA.MB_MLL2]",MB_CA.MB_PED,3,MB_CA.MB_VL,3,MB_CA.CRE,2,MB_CA.MB_ML,2
1218625560,mixed,lat->FB,lat,FB,0,2,2,1,1,1.0,2609,2609.0,MB_ML.MB_CA,3,2,2,"[MB_CA.CREL3, MB_CA.MB_MLL3] -> MB_ML.MB_CAL3 -> [MB_CA.MB_PEDL2, MB_CA.MB_VLL2]",MB_CA.CRE,3,MB_CA.MB_ML,3,MB_CA.MB_PED,2,MB_CA.MB_VL,2
1185265440,mixed,lat->FB,lat,FB,0,2,2,1,1,1.0,3252,3252.0,MB_ML.MB_CA,3,2,2,"[MB_CA.MB_MLL3, PLP.CREL3] -> MB_ML.MB_CAL3 -> [MB_CA.MB_MLL2, MB_CA.MB_PEDL2]",MB_CA.MB_ML,3,PLP.CRE,3,MB_CA.MB_ML,2,MB_CA.MB_PED,2
1158235200,mixed,lat->FB,lat,FB,0,2,2,52,1,1.0,3341,64.25,MB_ML,3,2,2,"[MB_CA.MB_MLL3, PLP.CREL3] -> MB_MLL3 -> [MB_CA.MB_MLL2, MB_MLL2]",MB_CA.MB_ML,3,PLP.CRE,3,MB_CA.MB_ML,2,MB_ML,2
1158235200,mixed,lat->FB,lat,FB,0,2,2,52,1,1.0,3288,63.231,MB_ML,3,2,2,"[MB_CA.MB_MLL3, SCL.MB_MLL3] -> MB_MLL3 -> [MB_CA.MB_MLL2, MB_MLL2]",MB_CA.MB_ML,3,SCL.MB_ML,3,MB_CA.MB_ML,2,MB_ML,2
1148490900,mixed,lat->FB,lat,FB,0,2,2,1,1,1.0,2062,2062.0,MB_ML.MB_CA,3,2,2,"[MB_CA.MB_VLL3, MB_MLL3] -> MB_ML.MB_CAL3 -> [MB_CA.MB_MLL2, MB_CA.MB_VLL2]",MB_CA.MB_VL,3,MB_ML,3,MB_CA.MB_ML,2,MB_CA.MB_VL,2
1148490900,mixed,lat->FB,lat,FB,0,2,2,1,1,1.0,2059,2059.0,MB_ML.MB_CA,3,2,2,"[MB_CA.MB_VLL3, PLP.MB_MLL3] -> MB_ML.MB_CAL3 -> [MB_CA.MB_MLL2, MB_CA.MB_VLL2]",MB_CA.MB_VL,3,PLP.MB_ML,3,MB_CA.MB_ML,2,MB_CA.MB_VL,2
1148189796,mixed,lat->FB,lat,FB,0,2,2,2282,1,1.0,6863,3.007,LO,3,2,2,"[LO.MEL3, ME.LOPL3] -> LOL3 -> [LO.LOPL2, ME.LOPL2]",LO.ME,3,ME.LOP,3,LO.LOP,2,ME.LOP,2
1147510800,mixed,lat->FB,lat,FB,0,2,2,52,1,1.0,3579,68.827,MB_ML,3,2,2,"[MB_CA.MB_MLL3, MB_CA.MB_VLL3] -> MB_MLL3 -> [MB_CA.CREL2, MB_CA.MB_MLL2]",MB_CA.MB_ML,3,MB_CA.MB_VL,3,MB_CA.CRE,2,MB_CA.MB_ML,2
1132586976,mixed,lat->FB,lat,FB,0,2,2,1,1,1.0,3289,3289.0,MB_ML.MB_CA,3,2,2,"[MB_CA.CREL3, MB_CA.MB_MLL3] -> MB_ML.MB_CAL3 -> [MB_CA.CREL2, MB_CA.MB_MLL2]",MB_CA.CRE,3,MB_CA.MB_ML,3,MB_CA.CRE,2,MB_CA.MB_ML,2
1132264980,mixed,lat->FB,lat,FB,0,2,2,1,1,1.0,1313,1313.0,MB_ML.MB_CA,3,2,2,"[MB_CA.MB_PEDL3, MB_CA.MB_VLL3] -> MB_ML.MB_CAL3 -> [MB_CA.MB_VLL2, MB_MLL2]",MB_CA.MB_PED,3,MB_CA.MB_VL,3,MB_CA.MB_VL,2,MB_ML,2
1121616720,mixed,lat->FB,lat,FB,0,2,2,1,1,1.0,2844,2844.0,MB_ML.MB_CA,3,2,2,"[MB_CA.MB_MLL3, MB_CA.MB_VLL3] -> MB_ML.MB_CAL3 -> [MB_CA.MB_VLL2, MB_VL.MB_MLL2]",MB_CA.MB_ML,3,MB_CA.MB_VL,3,MB_CA.MB_VL,2,MB_VL.MB_ML,2
1089599040,mixed,lat->FB,lat,FB,0,2,2,52,1,1.0,3590,69.038,MB_ML,3,2,2,"[MB_CA.MB_MLL3, MB_CA.MB_PEDL3] -> MB_MLL3 -> [AL.LHL2, MB_CA.MB_MLL2]",MB_CA.MB_ML,3,MB_CA.MB_PED,3,AL.LH,2,MB_CA.MB_ML,2
1089599040,mixed,lat->FB,lat,FB,0,2,2,52,1,1.0,3409,65.558,MB_ML,3,2,2,"[MB_CA.MB_MLL3, MB_CA.MB_PEDL3] -> MB_MLL3 -> [MB_CAL2, MB_CA.MB_MLL2]",MB_CA.MB_ML,3,MB_CA.MB_PED,3,MB_CA,2,MB_CA.MB_ML,2
1073408865,mixed,lat->FB,lat,FB,0,2,2,2282,302,1.321,45591,19.979,LO,3,2,2,"[MEL3, ME.LOL3] -> LOL3 -> [LOL2, MEL2]",ME,3,ME.LO,3,LO,2,ME,2
1024432884,mixed,lat->FB,lat,FB,0,2,2,2282,2,1.0,10029,4.395,LO,3,2,2,"[LO.LOPL3, ME.LOPL3] -> LOL3 -> [LO.AVLPL2, ME.LOPL2]",LO.LOP,3,ME.LOP,3,LO.AVLP,2,ME.LOP,2
1024351920,mixed,lat->FB,lat,FB,0,2,2,1,1,1.0,2698,2698.0,MB_ML.MB_CA,3,2,2,"[MB_CA.CREL3, MB_CA.MB_MLL3] -> MB_ML.MB_CAL3 -> [MB_CA.MB_VLL2, MB_MLL2]",MB_CA.CRE,3,MB_CA.MB_ML,3,MB_CA.MB_VL,2,MB_ML,2
1017458073,mixed,lat->FB,lat,FB,0,2,2,2282,15,1.503,21541,9.44,LO,3,2,2,"[MEL3, ME.LOL3] -> LOL3 -> [LOL2, LO.LOPL2]",ME,3,ME.LO,3,LO,2,LO.LOP,2
1015243200,mixed,lat->FB,lat,FB,0,2,2,52,1,1.0,3319,63.827,MB_ML,3,2,2,"[MB_CA.MB_MLL3, PLP.CREL3] -> MB_MLL3 -> [AL.MB_CAL2, MB_CA.MB_MLL2]",MB_CA.MB_ML,3,PLP.CRE,3,AL.MB_CA,2,MB_CA.MB_ML,2
1015243200,mixed,lat->FB,lat,FB,0,2,2,52,1,1.0,3266,62.808,MB_ML,3,2,2,"[MB_CA.MB_MLL3, SCL.MB_MLL3] -> MB_MLL3 -> [AL.MB_CAL2, MB_CA.MB_MLL2]",MB_CA.MB_ML,3,SCL.MB_ML,3,AL.MB_CA,2,MB_CA.MB_ML,2
1015134120,mixed,lat->FB,lat,FB,0,2,2,1,1,1.0,1291,1291.0,MB_ML.MB_CA,3,2,2,"[MB_CA.MB_PEDL3, MB_CA.MB_VLL3] -> MB_ML.MB_CAL3 -> [AL.MB_CAL2, MB_CA.MB_VLL2]",MB_CA.MB_PED,3,MB_CA.MB_VL,3,AL.MB_CA,2,MB_CA.MB_VL,2
996654240,mixed,lat->FB,lat,FB,0,2,2,52,1,1.0,3595,69.135,MB_ML,3,2,2,"[MB_CA.MB_MLL3, PLP.MB_MLL3] -> MB_MLL3 -> [MB_CA.MB_MLL2, MB_CA.MB_VLL2]",MB_CA.MB_ML,3,PLP.MB_ML,3,MB_CA.MB_ML,2,MB_CA.MB_VL,2
996310080,mixed,lat->FB,lat,FB,0,2,2,1,1,1.0,3341,3341.0,MB_ML.MB_CA,3,2,2,"[MB_CA.MB_MLL3, PLP.CREL3] -> MB_ML.MB_CAL3 -> [MB_CA.MB_MLL2, MB_MLL2]",MB_CA.MB_ML,3,PLP.CRE,3,MB_CA.MB_ML,2,MB_ML,2
989876272,mixed,lat->FB,lat,FB,0,2,2,1,1,1.0,2054,2054.0,MB_ML.MB_CA,3,2,2,"[MB_CA.MB_PEDL3, MB_CA.MB_VLL3] -> MB_ML.MB_CAL3 -> [AL.LHL2, MB_CA.MB_MLL2]",MB_CA.MB_PED,3,MB_CA.MB_VL,3,AL.LH,2,MB_CA.MB_ML,2
967019148,mixed,lat->FB,lat,FB,0,2,2,52,1,1.0,2547,48.981,MB_ML,3,2,2,"[MB_CA.MB_MLL3, MB_CA.MB_PEDL3] -> MB_MLL3 -> [AL.MB_CAL2, MB_MLL2]",MB_CA.MB_ML,3,MB_CA.MB_PED,3,AL.MB_CA,2,MB_ML,2
966555252,mixed,lat->FB,lat,FB,0,2,2,2282,1,1.0,7287,3.193,LO,3,2,2,"[LO.LOPL3, LO.MEL3] -> LOL3 -> [LO.LOPL2, ME.LOPL2]",LO.LOP,3,LO.ME,3,LO.LOP,2,ME.LOP,2
961385760,mixed,lat->FB,lat,FB,0,2,2,1,1,1.0,2850,2850.0,MB_ML.MB_CA,3,2,2,"[MB_CA.MB_MLL3, MB_CA.MB_VLL3] -> MB_ML.MB_CAL3 -> [MB_CAL2, MB_CA.MB_VLL2]",MB_CA.MB_ML,3,MB_CA.MB_VL,3,MB_CA,2,MB_CA.MB_VL,2
961385760,mixed,lat->FB,lat,FB,0,2,2,1,1,1.0,2837,2837.0,MB_ML.MB_CA,3,2,2,"[MB_CA.MB_MLL3, MB_CA.MB_VLL3] -> MB_ML.MB_CAL3 -> [MB_CA.MB_VLL2, MB_ML.MB_VLL2]",MB_CA.MB_ML,3,MB_CA.MB_VL,3,MB_CA.MB_VL,2,MB_ML.MB_VL,2
952285054,mixed,lat->FB,lat,FB,0,2,2,109,3,2.819,11233,103.055,PVLP.LO,4,2,2,"[AVLPL4, LO.PVLPL4] -> PVLP.LOL4 -> [LO.PVLPL3, ME.LOL3]",AVLP,4,LO.PVLP,4,LO.PVLP,3,ME.LO,3
927599040,mixed,lat->FB,lat,FB,0,2,2,1,1,1.0,3553,3553.0,MB_ML.MB_CA,3,2,2,"[MB_CA.MB_MLL3, MB_PEDL3] -> MB_ML.MB_CAL3 -> [MB_CA.MB_MLL2, MB_CA.MB_VLL2]",MB_CA.MB_ML,3,MB_PED,3,MB_CA.MB_ML,2,MB_CA.MB_VL,2
927599040,mixed,lat->FB,lat,FB,0,2,2,1,1,1.0,3559,3559.0,MB_ML.MB_CA,3,2,2,"[MB_CA.MB_MLL3, MB_PED.MB_MLL3] -> MB_ML.MB_CAL3 -> [MB_CA.MB_MLL2, MB_CA.MB_VLL2]",MB_CA.MB_ML,3,MB_PED.MB_ML,3,MB_CA.MB_ML,2,MB_CA.MB_VL,2
927599040,mixed,lat->FB,lat,FB,0,2,2,1,1,1.0,3565,3565.0,MB_ML.MB_CA,3,2,2,"[MB_CA.MB_MLL3, SLP.MB_MLL3] -> MB_ML.MB_CAL3 -> [MB_CA.MB_MLL2, MB_CA.MB_VLL2]",MB_CA.MB_ML,3,SLP.MB_ML,3,MB_CA.MB_ML,2,MB_CA.MB_VL,2
918384480,mixed,lat->FB,lat,FB,0,2,2,1,1,1.0,2676,2676.0,MB_ML.MB_CA,3,2,2,"[MB_CA.CREL3, MB_CA.MB_MLL3] -> MB_ML.MB_CAL3 -> [AL.MB_CAL2, MB_CA.MB_VLL2]",MB_CA.CRE,3,MB_CA.MB_ML,3,AL.MB_CA,2,MB_CA.MB_VL,2
918008640,mixed,lat->FB,lat,FB,0,2,2,52,1,1.0,3729,71.712,MB_ML,3,2,2,"[MB_CA.MB_MLL3, MB_CA.MB_VLL3] -> MB_MLL3 -> [AL.LHL2, MB_CA.MB_MLL2]",MB_CA.MB_ML,3,MB_CA.MB_VL,3,AL.LH,2,MB_CA.MB_ML,2
918008640,mixed,lat->FB,lat,FB,0,2,2,52,1,1.0,3548,68.231,MB_ML,3,2,2,"[MB_CA.MB_MLL3, MB_CA.MB_VLL3] -> MB_MLL3 -> [MB_CAL2, MB_CA.MB_MLL2]",MB_CA.MB_ML,3,MB_CA.MB_VL,3,MB_CA,2,MB_CA.MB_ML,2
900076572,mixed,lat->FB,lat,FB,0,2,2,1,1,1.0,1771,1771.0,MB_ML.MB_CA,3,2,2,"[MB_CA.CREL3, MB_CA.MB_VLL3] -> MB_ML.MB_CAL3 -> [MB_CA.MB_MLL2, MB_CA.MB_PEDL2]",MB_CA.CRE,3,MB_CA.MB_VL,3,MB_CA.MB_ML,2,MB_CA.MB_PED,2
895533888,mixed,lat->FB,lat,FB,0,2,2,1,1,1.0,3439,3439.0,MB_ML.MB_CA,3,2,2,"[MB_CA.CREL3, MB_CA.MB_MLL3] -> MB_ML.MB_CAL3 -> [AL.LHL2, MB_CA.MB_MLL2]",MB_CA.CRE,3,MB_CA.MB_ML,3,AL.LH,2,MB_CA.MB_ML,2
893243520,mixed,lat->FB,lat,FB,0,2,2,1,1,1.0,3319,3319.0,MB_ML.MB_CA,3,2,2,"[MB_CA.MB_MLL3, PLP.CREL3] -> MB_ML.MB_CAL3 -> [AL.MB_CAL2, MB_CA.MB_MLL2]",MB_CA.MB_ML,3,PLP.CRE,3,AL.MB_CA,2,MB_CA.MB_ML,2
839437830,mixed,lat->FB,lat,FB,0,2,2,1,1,1.0,1206,1206.0,MB_ML.MB_CA,3,2,2,"[MB_CA.MB_PEDL3, MB_CA.MB_VLL3] -> MB_ML.MB_CAL3 -> [MB_CA.CREL2, MB_CA.MB_VLL2]",MB_CA.MB_PED,3,MB_CA.MB_VL,3,MB_CA.CRE,2,MB_CA.MB_VL,2
836366048,mixed,lat->FB,lat,FB,0,2,2,1,1,1.0,3528,3528.0,MB_ML.MB_CA,3,2,2,"[MB_CA.MB_MLL3, MB_CA.MB_VLL3] -> MB_ML.MB_CAL3 -> [MB_CA.MB_MLL2, MB_VLL2]",MB_CA.MB_ML,3,MB_CA.MB_VL,3,MB_CA.MB_ML,2,MB_VL,2
836366048,mixed,lat->FB,lat,FB,0,2,2,1,1,1.0,3529,3529.0,MB_ML.MB_CA,3,2,2,"[MB_CA.MB_MLL3, MB_CA.MB_VLL3] -> MB_ML.MB_CAL3 -> [MB_CA.MB_MLL2, PLP.CREL2]",MB_CA.MB_ML,3,MB_CA.MB_VL,3,MB_CA.MB_ML,2,PLP.CRE,2
823005568,mixed,lat->FB,lat,FB,0,2,2,1,1,1.0,3403,3403.0,MB_ML.MB_CA,3,2,2,"[MB_CA.MB_MLL3, MB_CA.MB_PEDL3] -> MB_ML.MB_CAL3 -> [MB_CA.MB_MLL2, MB_VL.MB_MLL2]",MB_CA.MB_ML,3,MB_CA.MB_PED,3,MB_CA.MB_ML,2,MB_VL.MB_ML,2
817199280,mixed,lat->FB,lat,FB,0,2,2,52,1,1.0,3403,65.442,MB_ML,3,2,2,"[MB_CA.MB_MLL3, MB_CA.MB_PEDL3] -> MB_MLL3 -> [MB_CA.MB_MLL2, MB_VL.MB_MLL2]",MB_CA.MB_ML,3,MB_CA.MB_PED,3,MB_CA.MB_ML,2,MB_VL.MB_ML,2
814732668,mixed,lat->FB,lat,FB,0,2,2,52,1,1.0,2686,51.654,MB_ML,3,2,2,"[MB_CA.MB_MLL3, MB_CA.MB_VLL3] -> MB_MLL3 -> [AL.MB_CAL2, MB_MLL2]",MB_CA.MB_ML,3,MB_CA.MB_VL,3,AL.MB_CA,2,MB_ML,2
794755800,mixed,lat->FB,lat,FB,0,2,2,1,1,1.0,2554,2554.0,MB_ML.MB_CA,3,2,2,"[MB_CA.MB_MLL3, PLP.CREL3] -> MB_ML.MB_CAL3 -> [MB_CA.MB_PEDL2, MB_CA.MB_VLL2]",MB_CA.MB_ML,3,PLP.CRE,3,MB_CA.MB_PED,2,MB_CA.MB_VL,2
791659632,mixed,lat->FB,lat,FB,0,2,2,1,1,1.0,2619,2619.0,MB_ML.MB_CA,3,2,2,"[MB_CA.MB_MLL3, MB_CA.MB_VLL3] -> MB_ML.MB_CAL3 -> [MB_CA.MB_PEDL2, MB_MLL2]",MB_CA.MB_ML,3,MB_CA.MB_VL,3,MB_CA.MB_PED,2,MB_ML,2
759545100,mixed,lat->FB,lat,FB,0,2,2,1,1,1.0,1795,1795.0,MB_ML.MB_CA,3,2,2,"[MB_CA.CREL3, PLP.CREL3] -> MB_ML.MB_CAL3 -> [MB_CA.MB_MLL2, MB_CA.MB_VLL2]",MB_CA.CRE,3,PLP.CRE,3,MB_CA.MB_ML,2,MB_CA.MB_VL,2
759433320,mixed,lat->FB,lat,FB,0,2,2,1,1,1.0,2591,2591.0,MB_ML.MB_CA,3,2,2,"[MB_CA.CREL3, MB_CA.MB_MLL3] -> MB_ML.MB_CAL3 -> [MB_CA.CREL2, MB_CA.MB_VLL2]",MB_CA.CRE,3,MB_CA.MB_ML,3,MB_CA.CRE,2,MB_CA.MB_VL,2
756586104,mixed,lat->FB,lat,FB,0,2,2,1,1,1.0,1860,1860.0,MB_ML.MB_CA,3,2,2,"[MB_CA.CREL3, MB_CA.MB_VLL3] -> MB_ML.MB_CAL3 -> [MB_CA.MB_MLL2, MB_MLL2]",MB_CA.CRE,3,MB_CA.MB_VL,3,MB_CA.MB_ML,2,MB_ML,2
753429600,mixed,lat->FB,lat,FB,0,2,2,1,1,1.0,1901,1901.0,MB_ML.MB_CA,3,2,2,"[MB_CA.MB_PEDL3, PLP.MB_PEDL3] -> MB_ML.MB_CAL3 -> [MB_CA.MB_MLL2, MB_CA.MB_VLL2]",MB_CA.MB_PED,3,PLP.MB_PED,3,MB_CA.MB_ML,2,MB_CA.MB_VL,2
748084936,mixed,lat->FB,lat,FB,0,2,2,109,3,2.99,10581,97.073,PVLP.LO,4,2,2,"[LO.PVLPL4, PVLPL4] -> PVLP.LOL4 -> [LO.PVLPL3, ME.LOL3]",LO.PVLP,4,PVLP,4,LO.PVLP,3,ME.LO,3
745979598,mixed,lat->FB,lat,FB,0,2,2,2282,1,1.0,12571,5.509,LO,3,2,2,"[FB.LOL3, ME.LOPL3] -> LOL3 -> [ME.LOL2, ME.LOPL2]",FB.LO,3,ME.LOP,3,ME.LO,2,ME.LOP,2
738643680,mixed,lat->FB,lat,FB,0,2,2,1,1,1.0,3234,3234.0,MB_ML.MB_CA,3,2,2,"[MB_CA.MB_MLL3, PLP.CREL3] -> MB_ML.MB_CAL3 -> [MB_CA.CREL2, MB_CA.MB_MLL2]",MB_CA.MB_ML,3,PLP.CRE,3,MB_CA.CRE,2,MB_CA.MB_ML,2
726399360,mixed,lat->FB,lat,FB,0,2,2,52,1,1.0,3458,66.5,MB_ML,3,2,2,"[MB_CA.MB_MLL3, MB_CA.MB_PEDL3] -> MB_MLL3 -> [MB_CA.MB_MLL2, MB_CA.MB_PEDL2]",MB_CA.MB_ML,3,MB_CA.MB_PED,3,MB_CA.MB_ML,2,MB_CA.MB_PED,2
722097650,mixed,lat->FB,lat,FB,0,2,2,2282,5,1.0,19776,8.666,LO,3,2,2,"[LO.MEL3, MEL3] -> LOL3 -> [ME.LOL2, ME.LOPL2]",LO.ME,3,ME,3,ME.LO,2,ME.LOP,2
716885184,mixed,lat->FB,lat,FB,0,2,2,1,1,1.0,4428,4428.0,MB_ML.MB_CA,3,2,2,"[MB_CA.MB_MLL3, MB_CA.MB_VLL3] -> MB_ML.MB_CAL3 -> [ALL2, MB_CA.MB_MLL2]",MB_CA.MB_ML,3,MB_CA.MB_VL,3,AL,2,MB_CA.MB_ML,2
709763808,mixed,lat->FB,lat,FB,0,2,2,1,1,1.0,2597,2597.0,MB_ML.MB_CA,3,2,2,"[MB_CA.MB_MLL3, MB_CA.MB_VLL3] -> MB_ML.MB_CAL3 -> [AL.MB_CAL2, MB_CA.MB_PEDL2]",MB_CA.MB_ML,3,MB_CA.MB_VL,3,AL.MB_CA,2,MB_CA.MB_PED,2
705433344,mixed,lat->FB,lat,FB,0,2,2,1,1,1.0,3409,3409.0,MB_ML.MB_CA,3,2,2,"[MB_CA.MB_MLL3, MB_CA.MB_PEDL3] -> MB_ML.MB_CAL3 -> [MB_CAL2, MB_CA.MB_MLL2]",MB_CA.MB_ML,3,MB_CA.MB_PED,3,MB_CA,2,MB_CA.MB_ML,2
705433344,mixed,lat->FB,lat,FB,0,2,2,1,1,1.0,3396,3396.0,MB_ML.MB_CA,3,2,2,"[MB_CA.MB_MLL3, MB_CA.MB_PEDL3] -> MB_ML.MB_CAL3 -> [MB_CA.MB_MLL2, MB_ML.MB_VLL2]",MB_CA.MB_ML,3,MB_CA.MB_PED,3,MB_CA.MB_ML,2,MB_ML.MB_VL,2
692744738,mixed,lat->FB,lat,FB,0,2,2,2282,2,1.0,11245,4.928,LO,3,2,2,"[LO.MEL3, ME.LOPL3] -> LOL3 -> [LO.LOPL2, ME.LOL2]",LO.ME,3,ME.LOP,3,LO.LOP,2,ME.LO,2
689094540,mixed,lat->FB,lat,FB,0,2,2,1,1,1.0,2034,2034.0,MB_ML.MB_CA,3,2,2,"[MB_CAL3, MB_CA.MB_VLL3] -> MB_ML.MB_CAL3 -> [MB_CA.MB_MLL2, MB_CA.MB_VLL2]",MB_CA,3,MB_CA.MB_VL,3,MB_CA.MB_ML,2,MB_CA.MB_VL,2
688506480,mixed,lat->FB,lat,FB,0,2,2,52,1,1.0,3542,68.115,MB_ML,3,2,2,"[MB_CA.MB_MLL3, MB_CA.MB_VLL3] -> MB_MLL3 -> [MB_CA.MB_MLL2, MB_VL.MB_MLL2]",MB_CA.MB_ML,3,MB_CA.MB_VL,3,MB_CA.MB_ML,2,MB_VL.MB_ML,2
678318576,mixed,lat->FB,lat,FB,0,2,2,1,1,1.0,1838,1838.0,MB_ML.MB_CA,3,2,2,"[MB_CA.CREL3, MB_CA.MB_VLL3] -> MB_ML.MB_CAL3 -> [AL.MB_CAL2, MB_CA.MB_MLL2]",MB_CA.CRE,3,MB_CA.MB_VL,3,AL.MB_CA,2,MB_CA.MB_ML,2
668055600,mixed,lat->FB,lat,FB,0,2,2,1,1,1.0,2643,2643.0,MB_ML.MB_CA,3,2,2,"[MB_CA.MB_MLL3, PLP.CREL3] -> MB_ML.MB_CAL3 -> [MB_CA.MB_VLL2, MB_MLL2]",MB_CA.MB_ML,3,PLP.CRE,3,MB_CA.MB_VL,2,MB_ML,2
663741540,mixed,lat->FB,lat,FB,0,2,2,1,1,1.0,1356,1356.0,MB_ML.MB_CA,3,2,2,"[MB_CA.MB_PEDL3, MB_CA.MB_VLL3] -> MB_ML.MB_CAL3 -> [AL.LHL2, MB_CA.MB_VLL2]",MB_CA.MB_PED,3,MB_CA.MB_VL,3,AL.LH,2,MB_CA.MB_VL,2
654188400,mixed,lat->FB,lat,FB,0,2,2,52,1,1.0,3289,63.25,MB_ML,3,2,2,"[MB_CA.CREL3, MB_CA.MB_MLL3] -> MB_MLL3 -> [MB_CA.CREL2, MB_CA.MB_MLL2]",MB_CA.CRE,3,MB_CA.MB_ML,3,MB_CA.CRE,2,MB_CA.MB_ML,2
637029360,mixed,lat->FB,lat,FB,0,2,2,52,1,1.0,3290,63.269,MB_ML,3,2,2,"[MB_CAL3, MB_CA.MB_MLL3] -> MB_MLL3 -> [MB_CA.MB_MLL2, MB_MLL2]",MB_CA,3,MB_CA.MB_ML,3,MB_CA.MB_ML,2,MB_ML,2
637029360,mixed,lat->FB,lat,FB,0,2,2,52,1,1.0,3285,63.173,MB_ML,3,2,2,"[MB_CA.MB_MLL3, SLP.MB_MLL3] -> MB_MLL3 -> [MB_CA.MB_MLL2, MB_MLL2]",MB_CA.MB_ML,3,SLP.MB_ML,3,MB_CA.MB_ML,2,MB_ML,2
627971526,mixed,lat->FB,lat,FB,0,2,2,2282,1,1.0,12995,5.695,LO,3,2,2,"[FB.LOL3, LO.LOPL3] -> LOL3 -> [ME.LOL2, ME.LOPL2]",FB.LO,3,LO.LOP,3,ME.LO,2,ME.LOP,2
618399360,mixed,lat->FB,lat,FB,0,2,2,1,1,1.0,4362,4362.0,MB_ML.MB_CA,3,2,2,"[MB_CA.MB_MLL3, SMPL3] -> MB_ML.MB_CAL3 -> [MB_CA.MB_MLL2, MB_CA.MB_VLL2]",MB_CA.MB_ML,3,SMP,3,MB_CA.MB_ML,2,MB_CA.MB_VL,2
618077660,mixed,lat->FB,lat,FB,0,2,2,2282,3,1.0,14411,6.315,LO,3,2,2,"[LO.LOPL3, ME.LOPL3] -> LOL3 -> [LO.AVLPL2, ME.LOL2]",LO.LOP,3,ME.LOP,3,LO.AVLP,2,ME.LO,2
612005760,mixed,lat->FB,lat,FB,0,2,2,52,1,1.0,3597,69.173,MB_ML,3,2,2,"[MB_CA.MB_MLL3, MB_CA.MB_VLL3] -> MB_MLL3 -> [MB_CA.MB_MLL2, MB_CA.MB_PEDL2]",MB_CA.MB_ML,3,MB_CA.MB_VL,3,MB_CA.MB_ML,2,MB_CA.MB_PED,2
603528165,mixed,lat->FB,lat,FB,0,2,2,1,1,1.0,1073,1073.0,MB_ML.MB_CA,3,2,2,"[MB_CA.CREL3, MB_CA.MB_VLL3] -> MB_ML.MB_CAL3 -> [MB_CA.MB_PEDL2, MB_CA.MB_VLL2]",MB_CA.CRE,3,MB_CA.MB_VL,3,MB_CA.MB_PED,2,MB_CA.MB_VL,2
600482160,mixed,lat->FB,lat,FB,0,2,2,1,1,1.0,2741,2741.0,MB_ML.MB_CA,3,2,2,"[MB_CA.CREL3, MB_CA.MB_MLL3] -> MB_ML.MB_CAL3 -> [AL.LHL2, MB_CA.MB_VLL2]",MB_CA.CRE,3,MB_CA.MB_ML,3,AL.LH,2,MB_CA.MB_VL,2
598946400,mixed,lat->FB,lat,FB,0,2,2,1,1,1.0,2621,2621.0,MB_ML.MB_CA,3,2,2,"[MB_CA.MB_MLL3, PLP.CREL3] -> MB_ML.MB_CAL3 -> [AL.MB_CAL2, MB_CA.MB_VLL2]",MB_CA.MB_ML,3,PLP.CRE,3,AL.MB_CA,2,MB_CA.MB_VL,2
597404320,mixed,lat->FB,lat,FB,0,2,2,1,1,1.0,3527,3527.0,MB_ML.MB_CA,3,2,2,"[MB_CA.MB_MLL3, MB_CA.MB_VLL3] -> MB_ML.MB_CAL3 -> [MB_CA.MB_MLL2, PLP.MB_PEDL2]",MB_CA.MB_ML,3,MB_CA.MB_VL,3,MB_CA.MB_ML,2,PLP.MB_PED,2
597404320,mixed,lat->FB,lat,FB,0,2,2,1,1,1.0,3534,3534.0,MB_ML.MB_CA,3,2,2,"[MB_CA.MB_MLL3, MB_CA.MB_VLL3] -> MB_ML.MB_CAL3 -> [MB_CA.MB_MLL2, SLP.MB_MLL2]",MB_CA.MB_ML,3,MB_CA.MB_VL,3,MB_CA.MB_ML,2,SLP.MB_ML,2
596613056,mixed,lat->FB,lat,FB,0,2,2,1,1,1.0,2686,2686.0,MB_ML.MB_CA,3,2,2,"[MB_CA.MB_MLL3, MB_CA.MB_VLL3] -> MB_ML.MB_CAL3 -> [AL.MB_CAL2, MB_MLL2]",MB_CA.MB_ML,3,MB_CA.MB_VL,3,AL.MB_CA,2,MB_ML,2
594382860,mixed,lat->FB,lat,FB,0,2,2,52,1,1.0,2011,38.673,MB_ML,3,2,2,"[MB_CA.MB_PEDL3, MB_CA.MB_VLL3] -> MB_MLL3 -> [MB_CA.MB_MLL2, MB_MLL2]",MB_CA.MB_PED,3,MB_CA.MB_VL,3,MB_CA.MB_ML,2,MB_ML,2
588992562,mixed,lat->FB,lat,FB,0,2,2,2282,5,1.0,16656,7.299,LO,3,2,2,"[MEL3, ME.LOPL3] -> LOL3 -> [LO.AVLPL2, ME.LOPL2]",ME,3,ME.LOP,3,LO.AVLP,2,ME.LOP,2
587006460,mixed,lat->FB,lat,FB,0,2,2,1,1,1.0,1716,1716.0,MB_ML.MB_CA,3,2,2,"[MB_CA.MB_VLL3, PLP.CREL3] -> MB_ML.MB_CAL3 -> [MB_CA.MB_MLL2, MB_CA.MB_PEDL2]",MB_CA.MB_VL,3,PLP.CRE,3,MB_CA.MB_ML,2,MB_CA.MB_PED,2
586920072,mixed,lat->FB,lat,FB,0,2,2,1,1,1.0,2512,2512.0,MB_ML.MB_CA,3,2,2,"[MB_CA.MB_MLL3, MB_CA.MB_VLL3] -> MB_ML.MB_CAL3 -> [MB_CA.CREL2, MB_CA.MB_PEDL2]",MB_CA.MB_ML,3,MB_CA.MB_VL,3,MB_CA.CRE,2,MB_CA.MB_PED,2
586267200,mixed,lat->FB,lat,FB,0,2,2,52,1,1.0,3621,69.635,MB_ML,3,2,2,"[MB_CA.MB_MLL3, PLP.CREL3] -> MB_MLL3 -> [MB_CA.MB_MLL2, MB_CA.MB_VLL2]",MB_CA.MB_ML,3,PLP.CRE,3,MB_CA.MB_ML,2,MB_CA.MB_VL,2
586267200,mixed,lat->FB,lat,FB,0,2,2,52,1,1.0,3568,68.615,MB_ML,3,2,2,"[MB_CA.MB_MLL3, SCL.MB_MLL3] -> MB_MLL3 -> [MB_CA.MB_MLL2, MB_CA.MB_VLL2]",MB_CA.MB_ML,3,SCL.MB_ML,3,MB_CA.MB_ML,2,MB_CA.MB_VL,2
3537936961,pure_FB,FB->FB,FB,FB,0,4,0,2282,2,1.889,10007,4.385,LO,3,2,2,"[LO.LOPL4, ME.LOPL4] -> LOL3 -> [ME.LOL2, ME.LOPL2]",LO.LOP,4,ME.LOP,4,ME.LO,2,ME.LOP,2
3150119284,pure_FB,FB->FB,FB,FB,0,4,0,2282,2,1.528,11465,5.024,LO,3,2,2,"[LO.LOPL4, MEL4] -> LOL3 -> [ME.LOL2, ME.LOPL2]",LO.LOP,4,ME,4,ME.LO,2,ME.LOP,2
2092206428,pure_FB,FB->FB,FB,FB,0,4,0,2282,2,1.247,11028,4.833,LO,3,2,2,"[LOL4, LO.LOPL4] -> LOL3 -> [ME.LOL2, ME.LOPL2]",LO,4,LO.LOP,4,ME.LO,2,ME.LOP,2
1818491311,pure_FB,FB->FB,FB,FB,0,4,0,2282,2,1.964,4145,1.816,LO,3,2,2,"[LO.LOPL4, ME.LOPL4] -> LOL3 -> [LO.LOPL2, ME.LOPL2]",LO.LOP,4,ME.LOP,4,LO.LOP,2,ME.LOP,2
1415695684,pure_FB,FB->FB,FB,FB,0,4,0,2282,2,1.892,5603,2.455,LO,3,2,2,"[LO.LOPL4, MEL4] -> LOL3 -> [LO.LOPL2, ME.LOPL2]",LO.LOP,4,ME,4,LO.LOP,2,ME.LOP,2
1378897259,pure_FB,FB->FB,FB,FB,0,4,0,2282,2,1.981,8527,3.737,LO,3,2,2,"[LO.LOPL4, ME.LOPL4] -> LOL3 -> [LO.LOPL2, ME.LOL2]",LO.LOP,4,ME.LOP,4,LO.LOP,2,ME.LO,2
1173488186,pure_FB,FB->FB,FB,FB,0,4,0,2282,2,1.526,28195,12.355,LO,3,2,2,"[LO.LOPL4, ME.LOPL4] -> LOL3 -> [MEL2, ME.LOPL2]",LO.LOP,4,ME.LOP,4,ME,2,ME.LOP,2
1168383896,pure_FB,FB->FB,FB,FB,0,4,0,2282,2,1.671,9985,4.376,LO,3,2,2,"[LO.LOPL4, MEL4] -> LOL3 -> [LO.LOPL2, ME.LOL2]",LO.LOP,4,ME,4,LO.LOP,2,ME.LO,2
1154818184,pure_FB,FB->FB,FB,FB,0,4,0,2282,2,1.261,29653,12.994,LO,3,2,2,"[LO.LOPL4, MEL4] -> LOL3 -> [MEL2, ME.LOPL2]",LO.LOP,4,ME,4,ME,2,ME.LOP,2
1061897896,pure_FB,FB->FB,FB,FB,0,4,0,2282,2,1.166,34035,14.915,LO,3,2,2,"[LO.LOPL4, MEL4] -> LOL3 -> [MEL2, ME.LOL2]",LO.LOP,4,ME,4,ME,2,ME.LO,2
1035387634,pure_FB,FB->FB,FB,FB,0,4,0,2282,2,1.345,32577,14.276,LO,3,2,2,"[LO.LOPL4, ME.LOPL4] -> LOL3 -> [MEL2, ME.LOL2]",LO.LOP,4,ME.LOP,4,ME,2,ME.LO,2
844994228,pure_FB,FB->FB,FB,FB,0,4,0,2282,2,1.503,5166,2.264,LO,3,2,2,"[LOL4, LO.LOPL4] -> LOL3 -> [LO.LOPL2, ME.LOPL2]",LO,4,LO.LOP,4,LO.LOP,2,ME.LOP,2
818480728,pure_FB,FB->FB,FB,FB,0,4,0,2282,2,1.116,29216,12.803,LO,3,2,2,"[LOL4, LO.LOPL4] -> LOL3 -> [MEL2, ME.LOPL2]",LO,4,LO.LOP,4,ME,2,ME.LOP,2
770832632,pure_FB,FB->FB,FB,FB,0,4,0,2282,2,1.073,33598,14.723,LO,3,2,2,"[LOL4, LO.LOPL4] -> LOL3 -> [MEL2, ME.LOL2]",LO,4,LO.LOP,4,ME,2,ME.LO,2
748207132,pure_FB,FB->FB,FB,FB,0,4,0,2282,2,1.329,9548,4.184,LO,3,2,2,"[LOL4, LO.LOPL4] -> LOL3 -> [LO.LOPL2, ME.LOL2]",LO,4,LO.LOP,4,LO.LOP,2,ME.LO,2
493406940,pure_FB,FB->FB,FB,FB,0,4,0,2282,2,1.164,6001,2.63,LO,3,2,2,"[LO.LOPL4, MEL4] -> LOL3 -> [LOL2, ME.LOPL2]",LO.LOP,4,ME,4,LO,2,ME.LOP,2
480735385,pure_FB,FB->FB,FB,FB,0,4,0,2282,2,1.342,4543,1.991,LO,3,2,2,"[LO.LOPL4, ME.LOPL4] -> LOL3 -> [LOL2, ME.LOPL2]",LO.LOP,4,ME.LOP,4,LO,2,ME.LOP,2
460956360,pure_FB,FB->FB,FB,FB,0,4,0,2282,2,1.103,10383,4.55,LO,3,2,2,"[LO.LOPL4, MEL4] -> LOL3 -> [LOL2, ME.LOL2]",LO.LOP,4,ME,4,LO,2,ME.LO,2
436421565,pure_FB,FB->FB,FB,FB,0,4,0,2282,2,1.219,8925,3.911,LO,3,2,2,"[LO.LOPL4, ME.LOPL4] -> LOL3 -> [LOL2, ME.LOL2]",LO.LOP,4,ME.LOP,4,LO,2,ME.LO,2
435117934,pure_FB,FB->FB,FB,FB,0,4,0,2282,2,1.668,26715,11.707,LO,3,2,2,"[LO.LOPL4, ME.LOPL4] -> LOL3 -> [LO.LOPL2, MEL2]",LO.LOP,4,ME.LOP,4,LO.LOP,2,ME,2
413785096,pure_FB,FB->FB,FB,FB,0,4,0,2282,2,1.347,28173,12.346,LO,3,2,2,"[LO.LOPL4, MEL4] -> LOL3 -> [LO.LOPL2, MEL2]",LO.LOP,4,ME,4,LO.LOP,2,ME,2
389910404,pure_FB,FB->FB,FB,FB,0,4,0,2282,2,2.0,10648,4.666,LO,3,2,2,"[MEL4, ME.LOPL4] -> LOL3 -> [ME.LOL2, ME.LOPL2]",ME,4,ME.LOP,4,ME.LO,2,ME.LOP,2
358311980,pure_FB,FB->FB,FB,FB,0,4,0,2282,2,1.072,5564,2.438,LO,3,2,2,"[LOL4, LO.LOPL4] -> LOL3 -> [LOL2, ME.LOPL2]",LO,4,LO.LOP,4,LO,2,ME.LOP,2
340039620,pure_FB,FB->FB,FB,FB,0,4,0,2282,2,1.045,9946,4.358,LO,3,2,2,"[LOL4, LO.LOPL4] -> LOL3 -> [LOL2, ME.LOL2]",LO,4,LO.LOP,4,LO,2,ME.LO,2
287166632,pure_FB,FB->FB,FB,FB,0,4,0,2282,2,1.156,27736,12.154,LO,3,2,2,"[LOL4, LO.LOPL4] -> LOL3 -> [LO.LOPL2, MEL2]",LO,4,LO.LOP,4,LO.LOP,2,ME,2
219382124,pure_FB,FB->FB,FB,FB,0,4,0,2282,2,1.77,4786,2.097,LO,3,2,2,"[MEL4, ME.LOPL4] -> LOL3 -> [LO.LOPL2, ME.LOPL2]",ME,4,ME.LOP,4,LO.LOP,2,ME.LOP,2
213343468,pure_FB,FB->FB,FB,FB,0,4,0,2282,2,1.731,10211,4.475,LO,3,2,2,"[LOL4, ME.LOPL4] -> LOL3 -> [ME.LOL2, ME.LOPL2]",LO,4,ME.LOP,4,ME.LO,2,ME.LOP,2
201103214,pure_FB,FB->FB,FB,FB,0,4,0,2282,2,1.95,9977,4.372,LO,3,2,2,"[LO.LOPL4, PVLP.LOL4] -> LOL3 -> [ME.LOL2, ME.LOPL2]",LO.LOP,4,PVLP.LO,4,ME.LO,2,ME.LOP,2
199596620,pure_FB,FB->FB,FB,FB,0,4,0,2282,4,1.39,11669,5.113,LO,3,2,2,"[LOL4, MEL4] -> LOL3 -> [ME.LOL2, ME.LOPL2]",LO,4,ME,4,ME.LO,2,ME.LOP,2
186709560,pure_FB,FB->FB,FB,FB,0,4,0,2282,2,1.048,28571,12.52,LO,3,2,2,"[LO.LOPL4, MEL4] -> LOL3 -> [LOL2, MEL2]",LO.LOP,4,ME,4,LO,2,ME,2
174362835,pure_FB,FB->FB,FB,FB,0,4,0,2282,2,1.22,4521,1.981,LO,3,2,2,"[LO.LOPL4, MEL4] -> LOL3 -> [LOL2, LO.LOPL2]",LO.LOP,4,ME,4,LO,2,LO.LOP,2
174141465,pure_FB,FB->FB,FB,FB,0,4,0,2282,2,1.45,3063,1.342,LO,3,2,2,"[LO.LOPL4, ME.LOPL4] -> LOL3 -> [LOL2, LO.LOPL2]",LO.LOP,4,ME.LOP,4,LO,2,LO.LOP,2
171875490,pure_FB,FB->FB,FB,FB,0,4,0,2282,2,1.103,27113,11.881,LO,3,2,2,"[LO.LOPL4, ME.LOPL4] -> LOL3 -> [LOL2, MEL2]",LO.LOP,4,ME.LOP,4,LO,2,ME,2
157500676,pure_FB,FB->FB,FB,FB,0,4,0,2282,2,1.96,9168,4.018,LO,3,2,2,"[MEL4, ME.LOPL4] -> LOL3 -> [LO.LOPL2, ME.LOL2]",ME,4,ME.LOP,4,LO.LOP,2,ME.LO,2
139773720,pure_FB,FB->FB,FB,FB,0,4,0,2282,2,1.021,28134,12.329,LO,3,2,2,"[LOL4, LO.LOPL4] -> LOL3 -> [LOL2, MEL2]",LO,4,LO.LOP,4,LO,2,ME,2
124847670,pure_FB,FB->FB,FB,FB,0,4,0,2282,2,1.098,4084,1.79,LO,3,2,2,"[LOL4, LO.LOPL4] -> LOL3 -> [LOL2, LO.LOPL2]",LO,4,LO.LOP,4,LO,2,LO.LOP,2
119987114,pure_FB,FB->FB,FB,FB,0,4,0,2282,2,1.605,4115,1.803,LO,3,2,2,"[LO.LOPL4, PVLP.LOL4] -> LOL3 -> [LO.LOPL2, ME.LOPL2]",LO.LOP,4,PVLP.LO,4,LO.LOP,2,ME.LOP,2
119075944,pure_FB,FB->FB,FB,FB,0,4,0,2282,2,1.759,28836,12.636,LO,3,2,2,"[MEL4, ME.LOPL4] -> LOL3 -> [MEL2, ME.LOPL2]",ME,4,ME.LOP,4,ME,2,ME.LOP,2
102975028,pure_FB,FB->FB,FB,FB,0,4,0,2282,2,1.998,4349,1.906,LO,3,2,2,"[LOL4, ME.LOPL4] -> LOL3 -> [LO.LOPL2, ME.LOPL2]",LO,4,ME.LOP,4,LO.LOP,2,ME.LOP,2
101056626,pure_FB,FB->FB,FB,FB,0,4,0,2282,3,1.533,33218,14.557,LO,3,2,2,"[MEL4, ME.LOPL4] -> LOL3 -> [MEL2, ME.LOL2]",ME,4,ME.LOP,4,ME,2,ME.LO,2
85332836,pure_FB,FB->FB,FB,FB,0,4,0,2282,3,1.734,5807,2.545,LO,3,2,2,"[LOL4, MEL4] -> LOL3 -> [LO.LOPL2, ME.LOPL2]",LO,4,ME,4,LO.LOP,2,ME.LOP,2
83228566,pure_FB,FB->FB,FB,FB,0,4,0,2282,2,1.834,8497,3.723,LO,3,2,2,"[LO.LOPL4, PVLP.LOL4] -> LOL3 -> [LO.LOPL2, ME.LOL2]",LO.LOP,4,PVLP.LO,4,LO.LOP,2,ME.LO,2
81199892,pure_FB,FB->FB,FB,FB,0,4,0,2282,2,1.873,8731,3.826,LO,3,2,2,"[LOL4, ME.LOPL4] -> LOL3 -> [LO.LOPL2, ME.LOL2]",LO,4,ME.LOP,4,LO.LOP,2,ME.LO,2
75531892,pure_FB,FB->FB,FB,FB,0,4,0,2282,4,1.187,29857,13.084,LO,3,2,2,"[LOL4, MEL4] -> LOL3 -> [MEL2, ME.LOPL2]",LO,4,ME,4,ME,2,ME.LOP,2
74375288,pure_FB,FB->FB,FB,FB,0,4,0,2282,2,1.388,28399,12.445,LO,3,2,2,"[LOL4, ME.LOPL4] -> LOL3 -> [MEL2, ME.LOPL2]",LO,4,ME.LOP,4,ME,2,ME.LOP,2
72756272,pure_FB,FB->FB,FB,FB,0,4,0,2282,3,1.51,10189,4.465,LO,3,2,2,"[LOL4, MEL4] -> LOL3 -> [LO.LOPL2, ME.LOL2]",LO,4,ME,4,LO.LOP,2,ME.LO,2
70717126,pure_FB,FB->FB,FB,FB,0,4,0,2282,61,1.132,34239,15.004,LO,3,2,2,"[LOL4, MEL4] -> LOL3 -> [MEL2, ME.LOL2]",LO,4,ME,4,ME,2,ME.LO,2
67042367,pure_FB,FB->FB,FB,FB,0,4,0,2282,3,1.25,32781,14.365,LO,3,2,2,"[LOL4, ME.LOPL4] -> LOL3 -> [MEL2, ME.LOL2]",LO,4,ME.LOP,4,ME,2,ME.LO,2
62378100,pure_FB,FB->FB,FB,FB,0,4,0,1,1,1.0,1661,1661.0,MB_ML.MB_CA,3,2,2,"[PLP.CREL4, PLP.MB_PEDL4] -> MB_ML.MB_CAL3 -> [MB_CA.MB_MLL2, MB_CA.MB_VLL2]",PLP.CRE,4,PLP.MB_PED,4,MB_CA.MB_ML,2,MB_CA.MB_VL,2
58301607,pure_FB,FB->FB,FB,FB,0,4,0,2282,1,1.0,10025,4.393,LO,3,2,2,"[LO.LOPL4, LOPL4] -> LOL3 -> [ME.LOL2, ME.LOPL2]",LO.LOP,4,LOP,4,ME.LO,2,ME.LOP,2
57720364,pure_FB,FB->FB,FB,FB,0,4,0,2282,2,1.909,28165,12.342,LO,3,2,2,"[LO.LOPL4, PVLP.LOL4] -> LOL3 -> [MEL2, ME.LOPL2]",LO.LOP,4,PVLP.LO,4,ME,2,ME.LOP,2
47416316,pure_FB,FB->FB,FB,FB,0,4,0,2282,2,1.693,32547,14.262,LO,3,2,2,"[LO.LOPL4, PVLP.LOL4] -> LOL3 -> [MEL2, ME.LOL2]",LO.LOP,4,PVLP.LO,4,ME,2,ME.LO,2
46886580,pure_FB,FB->FB,FB,FB,0,4,0,2282,2,1.529,5184,2.272,LO,3,2,2,"[MEL4, ME.LOPL4] -> LOL3 -> [LOL2, ME.LOPL2]",ME,4,ME.LOP,4,LO,2,ME.LOP,2
45495704,pure_FB,FB->FB,FB,FB,0,4,0,2282,2,1.896,27356,11.988,LO,3,2,2,"[MEL4, ME.LOPL4] -> LOL3 -> [LO.LOPL2, MEL2]",ME,4,ME.LOP,4,LO.LOP,2,ME,2
44868057,pure_FB,FB->FB,FB,FB,0,4,0,2282,1,1.0,4163,1.824,LO,3,2,2,"[LO.LOPL4, LOPL4] -> LOL3 -> [LO.LOPL2, ME.LOPL2]",LO.LOP,4,LOP,4,LO.LOP,2,ME.LOP,2
41350310,pure_FB,FB->FB,FB,FB,0,4,0,2282,3,1.348,9566,4.192,LO,3,2,2,"[MEL4, ME.LOPL4] -> LOL3 -> [LOL2, ME.LOL2]",ME,4,ME.LOP,4,LO,2,ME.LO,2
39071734,pure_FB,FB->FB,FB,FB,0,4,0,2282,2,1.401,9160,4.014,LO,3,2,2,"[ME.LOPL4, PVLP.LOL4] -> LOL3 -> [ME.LOL2, ME.LOPL2]",ME.LOP,4,PVLP.LO,4,ME.LO,2,ME.LOP,2
33268320,pure_FB,FB->FB,FB,FB,0,4,0,1,1,1.0,1770,1770.0,MB_ML.MB_CA,3,2,2,"[CREL4, PLP.CREL4] -> MB_ML.MB_CAL3 -> [MB_CA.MB_MLL2, MB_CA.MB_VLL2]",CRE,4,PLP.CRE,4,MB_CA.MB_ML,2,MB_CA.MB_VL,2
33268320,pure_FB,FB->FB,FB,FB,0,4,0,1,1,1.0,2575,2575.0,MB_ML.MB_CA,3,2,2,"[PLP.CREL4, SMPL4] -> MB_ML.MB_CAL3 -> [MB_CA.MB_MLL2, MB_CA.MB_VLL2]",PLP.CRE,4,SMP,4,MB_CA.MB_ML,2,MB_CA.MB_VL,2
32666428,pure_FB,FB->FB,FB,FB,0,4,0,2282,4,1.117,6205,2.719,LO,3,2,2,"[LOL4, MEL4] -> LOL3 -> [LOL2, ME.LOPL2]",LO,4,ME,4,LO,2,ME.LOP,2
31555881,pure_FB,FB->FB,FB,FB,0,4,0,2282,73,1.129,10587,4.639,LO,3,2,2,"[LOL4, MEL4] -> LOL3 -> [LOL2, ME.LOL2]",LO,4,ME,4,LO,2,ME.LO,2
31136300,pure_FB,FB->FB,FB,FB,0,4,0,2282,2,1.247,4747,2.08,LO,3,2,2,"[LOL4, ME.LOPL4] -> LOL3 -> [LOL2, ME.LOPL2]",LO,4,ME.LOP,4,LO,2,ME.LOP,2
29918160,pure_FB,FB->FB,FB,FB,0,4,0,52,1,1.0,1374,26.423,MB_ML,3,2,2,"[MB_CA.MB_MLL4, PLP.MB_MLL4] -> MB_MLL3 -> [MB_CA.MB_MLL2, MB_MLL2]",MB_CA.MB_ML,4,PLP.MB_ML,4,MB_CA.MB_ML,2,MB_ML,2
29354400,pure_FB,FB->FB,FB,FB,0,4,0,1,1,1.0,1749,1749.0,MB_ML.MB_CA,3,2,2,"[CREL4, PLP.MB_PEDL4] -> MB_ML.MB_CAL3 -> [MB_CA.MB_MLL2, MB_CA.MB_VLL2]",CRE,4,PLP.MB_PED,4,MB_CA.MB_ML,2,MB_CA.MB_VL,2
29354400,pure_FB,FB->FB,FB,FB,0,4,0,1,1,1.0,2554,2554.0,MB_ML.MB_CA,3,2,2,"[PLP.MB_PEDL4, SMPL4] -> MB_ML.MB_CAL3 -> [MB_CA.MB_MLL2, MB_CA.MB_VLL2]",PLP.MB_PED,4,SMP,4,MB_CA.MB_ML,2,MB_CA.MB_VL,2
28697795,pure_FB,FB->FB,FB,FB,0,4,0,2282,3,1.157,9129,4.0,LO,3,2,2,"[LOL4, ME.LOPL4] -> LOL3 -> [LOL2, ME.LOL2]",LO,4,ME.LOP,4,LO,2,ME.LO,2
27286714,pure_FB,FB->FB,FB,FB,0,4,0,2282,2,1.193,3298,1.445,LO,3,2,2,"[ME.LOPL4, PVLP.LOL4] -> LOL3 -> [LO.LOPL2, ME.LOPL2]",ME.LOP,4,PVLP.LO,4,LO.LOP,2,ME.LOP,2
27104296,pure_FB,FB->FB,FB,FB,0,4,0,2282,2,1.508,26919,11.796,LO,3,2,2,"[LOL4, ME.LOPL4] -> LOL3 -> [LO.LOPL2, MEL2]",LO,4,ME.LOP,4,LO.LOP,2,ME,2
27070533,pure_FB,FB->FB,FB,FB,0,4,0,2282,1,1.0,8545,3.745,LO,3,2,2,"[LO.LOPL4, LOPL4] -> LOL3 -> [LO.LOPL2, ME.LOL2]",LO.LOP,4,LOP,4,LO.LOP,2,ME.LO,2
26784076,pure_FB,FB->FB,FB,FB,0,4,0,2282,3,1.251,28377,12.435,LO,3,2,2,"[LOL4, MEL4] -> LOL3 -> [LO.LOPL2, MEL2]",LO,4,ME,4,LO.LOP,2,ME,2
26224560,pure_FB,FB->FB,FB,FB,0,4,0,52,1,1.0,1352,26.0,MB_ML,3,2,2,"[MB_CA.MB_MLL4, PLP.MB_MLL4] -> MB_MLL3 -> [AL.MB_CAL2, MB_CA.MB_MLL2]",MB_CA.MB_ML,4,PLP.MB_ML,4,AL.MB_CA,2,MB_CA.MB_ML,2
24951240,pure_FB,FB->FB,FB,FB,0,4,0,1,1,1.0,1661,1661.0,MB_ML.MB_CA,3,2,2,"[PLP.CREL4, PLP.MB_MLL4] -> MB_ML.MB_CAL3 -> [MB_CA.MB_MLL2, MB_CA.MB_VLL2]",PLP.CRE,4,PLP.MB_ML,4,MB_CA.MB_ML,2,MB_CA.MB_VL,2
24398519,pure_FB,FB->FB,FB,FB,0,4,0,2282,8,1.745,10618,4.653,LO,3,2,2,"[MEL4, PVLP.LOL4] -> LOL3 -> [ME.LOL2, ME.LOPL2]",ME,4,PVLP.LO,4,ME.LO,2,ME.LOP,2
22732346,pure_FB,FB->FB,FB,FB,0,4,0,35,1,1.0,9493,271.229,PVLP.LO,3,2,2,"[AVLPL4, LO.PVLPL4] -> PVLP.LOL3 -> [LOL2, ME.LOL2]",AVLP,4,LO.PVLP,4,LO,2,ME.LO,2
22579316,pure_FB,FB->FB,FB,FB,0,4,0,2282,2,1.99,26685,11.694,LO,3,2,2,"[LO.LOPL4, PVLP.LOL4] -> LOL3 -> [LO.LOPL2, MEL2]",LO.LOP,4,PVLP.LO,4,LO.LOP,2,ME,2
22015800,pure_FB,FB->FB,FB,FB,0,4,0,1,1,1.0,1640,1640.0,MB_ML.MB_CA,3,2,2,"[PLP.MB_MLL4, PLP.MB_PEDL4] -> MB_ML.MB_CAL3 -> [MB_CA.MB_MLL2, MB_CA.MB_VLL2]",PLP.MB_ML,4,PLP.MB_PED,4,MB_CA.MB_ML,2,MB_CA.MB_VL,2
21985990,pure_FB,FB->FB,FB,FB,0,4,0,2282,2,1.688,4513,1.978,LO,3,2,2,"[LO.LOPL4, PVLP.LOL4] -> LOL3 -> [LOL2, ME.LOPL2]",LO.LOP,4,PVLP.LO,4,LO,2,ME.LOP,2
20983704,pure_FB,FB->FB,FB,FB,0,4,0,35,1,1.0,8841,252.6,PVLP.LO,3,2,2,"[LO.PVLPL4, PVLPL4] -> PVLP.LOL3 -> [LOL2, ME.LOL2]",LO.PVLP,4,PVLP,4,LO,2,ME.LO,2
20792700,pure_FB,FB->FB,FB,FB,0,4,0,1,1,1.0,1976,1976.0,MB_ML.MB_CA,3,2,2,"[LHL4, PLP.CREL4] -> MB_ML.MB_CAL3 -> [MB_CA.MB_MLL2, MB_CA.MB_VLL2]",LH,4,PLP.CRE,4,MB_CA.MB_ML,2,MB_CA.MB_VL,2
20792700,pure_FB,FB->FB,FB,FB,0,4,0,1,1,1.0,1864,1864.0,MB_ML.MB_CA,3,2,2,"[PLPL4, PLP.CREL4] -> MB_ML.MB_CAL3 -> [MB_CA.MB_MLL2, MB_CA.MB_VLL2]",PLP,4,PLP.CRE,4,MB_CA.MB_ML,2,MB_CA.MB_VL,2
18894810,pure_FB,FB->FB,FB,FB,0,4,0,2282,2,1.471,8895,3.898,LO,3,2,2,"[LO.LOPL4, PVLP.LOL4] -> LOL3 -> [LOL2, ME.LOL2]",LO.LOP,4,PVLP.LO,4,LO,2,ME.LO,2
18346500,pure_FB,FB->FB,FB,FB,0,4,0,1,1,1.0,1955,1955.0,MB_ML.MB_CA,3,2,2,"[LHL4, PLP.MB_PEDL4] -> MB_ML.MB_CAL3 -> [MB_CA.MB_MLL2, MB_CA.MB_VLL2]",LH,4,PLP.MB_PED,4,MB_CA.MB_ML,2,MB_CA.MB_VL,2
18346500,pure_FB,FB->FB,FB,FB,0,4,0,1,1,1.0,1843,1843.0,MB_ML.MB_CA,3,2,2,"[PLPL4, PLP.MB_PEDL4] -> MB_ML.MB_CAL3 -> [MB_CA.MB_MLL2, MB_CA.MB_VLL2]",PLP,4,PLP.MB_PED,4,MB_CA.MB_ML,2,MB_CA.MB_VL,2
17391498,pure_FB,FB->FB,FB,FB,0,4,0,2282,2,1.671,3704,1.623,LO,3,2,2,"[MEL4, ME.LOPL4] -> LOL3 -> [LOL2, LO.LOPL2]",ME,4,ME.LOP,4,LO,2,LO.LOP,2
17329946,pure_FB,FB->FB,FB,FB,0,4,0,2282,2,1.303,7680,3.365,LO,3,2,2,"[ME.LOPL4, PVLP.LOL4] -> LOL3 -> [LO.LOPL2, ME.LOL2]",ME.LOP,4,PVLP.LO,4,LO.LOP,2,ME.LO,2
16634160,pure_FB,FB->FB,FB,FB,0,4,0,1,1,1.0,1657,1657.0,MB_ML.MB_CA,3,2,2,"[PLP.CREL4, SMP.MB_MLL4] -> MB_ML.MB_CAL3 -> [MB_CA.MB_MLL2, MB_CA.MB_VLL2]",PLP.CRE,4,SMP.MB_ML,4,MB_CA.MB_ML,2,MB_CA.MB_VL,2
16155867,pure_FB,FB->FB,FB,FB,0,4,0,2282,1,1.0,9208,4.035,LO,3,2,2,"[LOPL4, ME.LOPL4] -> LOL3 -> [ME.LOL2, ME.LOPL2]",LOP,4,ME.LOP,4,ME.LO,2,ME.LOP,2
15803290,pure_FB,FB->FB,FB,FB,0,4,0,2282,3,1.166,27754,12.162,LO,3,2,2,"[MEL4, ME.LOPL4] -> LOL3 -> [LOL2, MEL2]",ME,4,ME.LOP,4,LO,2,ME,2
15746400,pure_FB,FB->FB,FB,FB,0,4,0,52,1,1.0,1374,26.423,MB_ML,3,2,2,"[MB_CA.MB_MLL4, PLP.MB_PEDL4] -> MB_MLL3 -> [MB_CA.MB_MLL2, MB_MLL2]",MB_CA.MB_ML,4,PLP.MB_PED,4,MB_CA.MB_ML,2,MB_ML,2
15673273,pure_FB,FB->FB,FB,FB,0,4,0,2282,4,1.399,4756,2.084,LO,3,2,2,"[MEL4, PVLP.LOL4] -> LOL3 -> [LO.LOPL2, ME.LOPL2]",ME,4,PVLP.LO,4,LO.LOP,2,ME.LOP,2
15655680,pure_FB,FB->FB,FB,FB,0,4,0,1,1,1.0,2663,2663.0,MB_ML.MB_CA,3,2,2,"[CREL4, SMPL4] -> MB_ML.MB_CAL3 -> [MB_CA.MB_MLL2, MB_CA.MB_VLL2]",CRE,4,SMP,4,MB_CA.MB_ML,2,MB_CA.MB_VL,2
15143760,pure_FB,FB->FB,FB,FB,0,4,0,52,1,1.0,1654,31.808,MB_ML,3,2,2,"[MB_CA.MB_MLL4, PLP.MB_MLL4] -> MB_MLL3 -> [MB_CA.MB_MLL2, MB_CA.MB_VLL2]",MB_CA.MB_ML,4,PLP.MB_ML,4,MB_CA.MB_ML,2,MB_CA.MB_VL,2
14677200,pure_FB,FB->FB,FB,FB,0,4,0,1,1,1.0,1636,1636.0,MB_ML.MB_CA,3,2,2,"[PLP.MB_PEDL4, SMP.MB_MLL4] -> MB_ML.MB_CAL3 -> [MB_CA.MB_MLL2, MB_CA.MB_VLL2]",PLP.MB_PED,4,SMP.MB_ML,4,MB_CA.MB_ML,2,MB_CA.MB_VL,2
13802400,pure_FB,FB->FB,FB,FB,0,4,0,52,1,1.0,1352,26.0,MB_ML,3,2,2,"[MB_CA.MB_MLL4, PLP.MB_PEDL4] -> MB_MLL3 -> [AL.MB_CAL2, MB_CA.MB_MLL2]",MB_CA.MB_ML,4,PLP.MB_PED,4,AL.MB_CA,2,MB_CA.MB_ML,2
12760707,pure_FB,FB->FB,FB,FB,0,4,0,2282,101,1.069,28775,12.61,LO,3,2,2,"[LOL4, MEL4] -> LOL3 -> [LOL2, MEL2]",LO,4,ME,4,LO,2,ME,2
12597120,pure_FB,FB->FB,FB,FB,0,4,0,52,1,1.0,2288,44.0,MB_ML,3,2,2,"[MB_CA.MB_MLL4, SMPL4] -> MB_MLL3 -> [MB_CA.MB_MLL2, MB_MLL2]",MB_CA.MB_ML,4,SMP,4,MB_CA.MB_ML,2,MB_ML,2
12475620,pure_FB,FB->FB,FB,FB,0,4,0,1,1,1.0,1642,1642.0,MB_ML.MB_CA,3,2,2,"[MB_CA.CREL4, PLP.CREL4] -> MB_ML.MB_CAL3 -> [MB_CA.MB_MLL2, MB_CA.MB_VLL2]",MB_CA.CRE,4,PLP.CRE,4,MB_CA.MB_ML,2,MB_CA.MB_VL,2
12475620,pure_FB,FB->FB,FB,FB,0,4,0,1,1,1.0,1675,1675.0,MB_ML.MB_CA,3,2,2,"[MB_CA.MB_MLL4, PLP.CREL4] -> MB_ML.MB_CAL3 -> [MB_CA.MB_MLL2, MB_CA.MB_VLL2]",MB_CA.MB_ML,4,PLP.CRE,4,MB_CA.MB_ML,2,MB_CA.MB_VL,2
12475620,pure_FB,FB->FB,FB,FB,0,4,0,1,1,1.0,1649,1649.0,MB_ML.MB_CA,3,2,2,"[MB_MLL4, PLP.CREL4] -> MB_ML.MB_CAL3 -> [MB_CA.MB_MLL2, MB_CA.MB_VLL2]",MB_ML,4,PLP.CRE,4,MB_CA.MB_ML,2,MB_CA.MB_VL,2
12475620,pure_FB,FB->FB,FB,FB,0,4,0,1,1,1.0,1643,1643.0,MB_ML.MB_CA,3,2,2,"[PLP.CREL4, SCL.MB_MLL4] -> MB_ML.MB_CAL3 -> [MB_CA.MB_MLL2, MB_CA.MB_VLL2]",PLP.CRE,4,SCL.MB_ML,4,MB_CA.MB_ML,2,MB_CA.MB_VL,2
12433317,pure_FB,FB->FB,FB,FB,0,4,0,2282,1,1.0,3346,1.466,LO,3,2,2,"[LOPL4, ME.LOPL4] -> LOL3 -> [LO.LOPL2, ME.LOPL2]",LOP,4,ME.LOP,4,LO.LOP,2,ME.LOP,2
11741760,pure_FB,FB->FB,FB,FB,0,4,0,1,1,1.0,1749,1749.0,MB_ML.MB_CA,3,2,2,"[CREL4, PLP.MB_MLL4] -> MB_ML.MB_CAL3 -> [MB_CA.MB_MLL2, MB_CA.MB_VLL2]",CRE,4,PLP.MB_ML,4,MB_CA.MB_ML,2,MB_CA.MB_VL,2
11741760,pure_FB,FB->FB,FB,FB,0,4,0,1,1,1.0,2554,2554.0,MB_ML.MB_CA,3,2,2,"[PLP.MB_MLL4, SMPL4] -> MB_ML.MB_CAL3 -> [MB_CA.MB_MLL2, MB_CA.MB_VLL2]",PLP.MB_ML,4,SMP,4,MB_CA.MB_ML,2,MB_CA.MB_VL,2
11474635,pure_FB,FB->FB,FB,FB,0,4,0,2282,3,1.074,27317,11.971,LO,3,2,2,"[LOL4, ME.LOPL4] -> LOL3 -> [LOL2, MEL2]",LO,4,ME.LOP,4,LO,2,ME,2
11462494,pure_FB,FB->FB,FB,FB,0,4,0,2282,4,1.158,4725,2.071,LO,3,2,2,"[LOL4, MEL4] -> LOL3 -> [LOL2, LO.LOPL2]",LO,4,ME,4,LO,2,LO.LOP,2
11339471,pure_FB,FB->FB,FB,FB,0,4,0,2282,4,2.0,10181,4.461,LO,3,2,2,"[LOL4, PVLP.LOL4] -> LOL3 -> [ME.LOL2, ME.LOPL2]",LO,4,PVLP.LO,4,ME.LO,2,ME.LOP,2
11284182,pure_FB,FB->FB,FB,FB,0,4,0,2282,1,1.0,28213,12.363,LO,3,2,2,"[LO.LOPL4, LOPL4] -> LOL3 -> [MEL2, ME.LOPL2]",LO.LOP,4,LOP,4,ME,2,ME.LOP,2
11135306,pure_FB,FB->FB,FB,FB,0,4,0,2282,3,1.329,3267,1.432,LO,3,2,2,"[LOL4, ME.LOPL4] -> LOL3 -> [LOL2, LO.LOPL2]",LO,4,ME.LOP,4,LO,2,LO.LOP,2
11041920,pure_FB,FB->FB,FB,FB,0,4,0,52,1,1.0,2266,43.577,MB_ML,3,2,2,"[MB_CA.MB_MLL4, SMPL4] -> MB_MLL3 -> [AL.MB_CAL2, MB_CA.MB_MLL2]",MB_CA.MB_ML,4,SMP,4,AL.MB_CA,2,MB_CA.MB_ML,2
11022480,pure_FB,FB->FB,FB,FB,0,4,0,52,1,1.0,1483,28.519,MB_ML,3,2,2,"[CREL4, MB_CA.MB_MLL4] -> MB_MLL3 -> [MB_CA.MB_MLL2, MB_MLL2]",CRE,4,MB_CA.MB_ML,4,MB_CA.MB_ML,2,MB_ML,2
11007900,pure_FB,FB->FB,FB,FB,0,4,0,1,1,1.0,1621,1621.0,MB_ML.MB_CA,3,2,2,"[MB_CA.CREL4, PLP.MB_PEDL4] -> MB_ML.MB_CAL3 -> [MB_CA.MB_MLL2, MB_CA.MB_VLL2]",MB_CA.CRE,4,PLP.MB_PED,4,MB_CA.MB_ML,2,MB_CA.MB_VL,2
11007900,pure_FB,FB->FB,FB,FB,0,4,0,1,1,1.0,1654,1654.0,MB_ML.MB_CA,3,2,2,"[MB_CA.MB_MLL4, PLP.MB_PEDL4] -> MB_ML.MB_CAL3 -> [MB_CA.MB_MLL2, MB_CA.MB_VLL2]",MB_CA.MB_ML,4,PLP.MB_PED,4,MB_CA.MB_ML,2,MB_CA.MB_VL,2
11007900,pure_FB,FB->FB,FB,FB,0,4,0,1,1,1.0,1628,1628.0,MB_ML.MB_CA,3,2,2,"[MB_MLL4, PLP.MB_PEDL4] -> MB_ML.MB_CAL3 -> [MB_CA.MB_MLL2, MB_CA.MB_VLL2]",MB_ML,4,PLP.MB_PED,4,MB_CA.MB_ML,2,MB_CA.MB_VL,2
11007900,pure_FB,FB->FB,FB,FB,0,4,0,1,1,1.0,1622,1622.0,MB_ML.MB_CA,3,2,2,"[PLP.MB_PEDL4, SCL.MB_MLL4] -> MB_ML.MB_CAL3 -> [MB_CA.MB_MLL2, MB_CA.MB_VLL2]",PLP.MB_PED,4,SCL.MB_ML,4,MB_CA.MB_ML,2,MB_CA.MB_VL,2
10627380,pure_FB,FB->FB,FB,FB,0,4,0,1,1,1.0,1292,1292.0,MB_ML.MB_CA,3,2,2,"[PLP.CREL4, PLP.MB_PEDL4] -> MB_ML.MB_CAL3 -> [MB_CA.MB_MLL2, MB_CA.MB_PEDL2]",PLP.CRE,4,PLP.MB_PED,4,MB_CA.MB_ML,2,MB_CA.MB_PED,2
10423141,pure_FB,FB->FB,FB,FB,0,4,0,2282,4,1.597,9138,4.004,LO,3,2,2,"[MEL4, PVLP.LOL4] -> LOL3 -> [LO.LOPL2, ME.LOL2]",ME,4,PVLP.LO,4,LO.LOP,2,ME.LO,2
10099738,pure_FB,FB->FB,FB,FB,0,4,0,2282,69,4.638,33397,14.635,LO,3,2,2,"[LOL4, ME.LOL4] -> LOL3 -> [MEL2, ME.LOL2]",LO,4,ME.LO,4,ME,2,ME.LO,2
9784800,pure_FB,FB->FB,FB,FB,0,4,0,1,1,1.0,2064,2064.0,MB_ML.MB_CA,3,2,2,"[CREL4, LHL4] -> MB_ML.MB_CAL3 -> [MB_CA.MB_MLL2, MB_CA.MB_VLL2]",CRE,4,LH,4,MB_CA.MB_ML,2,MB_CA.MB_VL,2
9784800,pure_FB,FB->FB,FB,FB,0,4,0,1,1,1.0,1952,1952.0,MB_ML.MB_CA,3,2,2,"[CREL4, PLPL4] -> MB_ML.MB_CAL3 -> [MB_CA.MB_MLL2, MB_CA.MB_VLL2]",CRE,4,PLP,4,MB_CA.MB_ML,2,MB_CA.MB_VL,2
9784800,pure_FB,FB->FB,FB,FB,0,4,0,1,1,1.0,2869,2869.0,MB_ML.MB_CA,3,2,2,"[LHL4, SMPL4] -> MB_ML.MB_CAL3 -> [MB_CA.MB_MLL2, MB_CA.MB_VLL2]",LH,4,SMP,4,MB_CA.MB_ML,2,MB_CA.MB_VL,2
9784800,pure_FB,FB->FB,FB,FB,0,4,0,1,1,1.0,2757,2757.0,MB_ML.MB_CA,3,2,2,"[PLPL4, SMPL4] -> MB_ML.MB_CAL3 -> [MB_CA.MB_MLL2, MB_CA.MB_VLL2]",PLP,4,SMP,4,MB_CA.MB_ML,2,MB_CA.MB_VL,2
9661680,pure_FB,FB->FB,FB,FB,0,4,0,52,1,1.0,1461,28.096,MB_ML,3,2,2,"[CREL4, MB_CA.MB_MLL4] -> MB_MLL3 -> [AL.MB_CAL2, MB_CA.MB_MLL2]",CRE,4,MB_CA.MB_ML,4,AL.MB_CA,2,MB_CA.MB_ML,2
9607685,pure_FB,FB->FB,FB,FB,0,4,0,2282,119,3.195,9745,4.27,LO,3,2,2,"[LOL4, ME.LOL4] -> LOL3 -> [LOL2, ME.LOL2]",LO,4,ME.LO,4,LO,2,ME.LO,2
9447840,pure_FB,FB->FB,FB,FB,0,4,0,52,1,1.0,1395,26.827,MB_ML,3,2,2,"[MB_CA.MB_MLL4, PLP.CREL4] -> MB_MLL3 -> [MB_CA.MB_MLL2, MB_MLL2]",MB_CA.MB_ML,4,PLP.CRE,4,MB_CA.MB_ML,2,MB_ML,2
9066044,pure_FB,FB->FB,FB,FB,0,4,0,2282,2,1.748,27348,11.984,LO,3,2,2,"[ME.LOPL4, PVLP.LOL4] -> LOL3 -> [MEL2, ME.LOPL2]",ME.LOP,4,PVLP.LO,4,ME,2,ME.LOP,2
8933160,pure_FB,FB->FB,FB,FB,0,4,0,1,1,1.0,1381,1381.0,MB_ML.MB_CA,3,2,2,"[PLP.CREL4, PLP.MB_PEDL4] -> MB_ML.MB_CAL3 -> [MB_CA.MB_MLL2, MB_MLL2]",PLP.CRE,4,PLP.MB_PED,4,MB_CA.MB_ML,2,MB_ML,2
8429148,pure_FB,FB->FB,FB,FB,0,4,0,2282,1,1.0,10666,4.674,LO,3,2,2,"[LOPL4, MEL4] -> LOL3 -> [ME.LOL2, ME.LOPL2]",LOP,4,ME,4,ME.LO,2,ME.LOP,2
8321085,pure_FB,FB->FB,FB,FB,0,4,0,2282,2,1.834,3033,1.329,LO,3,2,2,"[LO.LOPL4, PVLP.LOL4] -> LOL3 -> [LOL2, LO.LOPL2]",LO.LOP,4,PVLP.LO,4,LO,2,LO.LOP,2
8317080,pure_FB,FB->FB,FB,FB,0,4,0,1,1,1.0,1641,1641.0,MB_ML.MB_CA,3,2,2,"[MB_CA.MB_PEDL4, PLP.CREL4] -> MB_ML.MB_CAL3 -> [MB_CA.MB_MLL2, MB_CA.MB_VLL2]",MB_CA.MB_PED,4,PLP.CRE,4,MB_CA.MB_ML,2,MB_CA.MB_VL,2
8317080,pure_FB,FB->FB,FB,FB,0,4,0,1,1,1.0,1642,1642.0,MB_ML.MB_CA,3,2,2,"[PLP.CREL4, SCL.CREL4] -> MB_ML.MB_CAL3 -> [MB_CA.MB_MLL2, MB_CA.MB_VLL2]",PLP.CRE,4,SCL.CRE,4,MB_CA.MB_ML,2,MB_CA.MB_VL,2
8317080,pure_FB,FB->FB,FB,FB,0,4,0,1,1,1.0,1638,1638.0,MB_ML.MB_CA,3,2,2,"[PLP.CREL4, SIP.MB_VLL4] -> MB_ML.MB_CAL3 -> [MB_CA.MB_MLL2, MB_CA.MB_VLL2]",PLP.CRE,4,SIP.MB_VL,4,MB_CA.MB_ML,2,MB_CA.MB_VL,2
8317080,pure_FB,FB->FB,FB,FB,0,4,0,1,1,1.0,1735,1735.0,MB_ML.MB_CA,3,2,2,"[PLP.CREL4, SMP.CREL4] -> MB_ML.MB_CAL3 -> [MB_CA.MB_MLL2, MB_CA.MB_VLL2]",PLP.CRE,4,SMP.CRE,4,MB_CA.MB_ML,2,MB_CA.MB_VL,2
8310600,pure_FB,FB->FB,FB,FB,0,4,0,52,1,1.0,1360,26.154,MB_ML,3,2,2,"[PLP.MB_MLL4, PLP.MB_PEDL4] -> MB_MLL3 -> [MB_CA.MB_MLL2, MB_MLL2]",PLP.MB_ML,4,PLP.MB_PED,4,MB_CA.MB_ML,2,MB_ML,2
8281440,pure_FB,FB->FB,FB,FB,0,4,0,52,1,1.0,1373,26.404,MB_ML,3,2,2,"[MB_CA.MB_MLL4, PLP.CREL4] -> MB_MLL3 -> [AL.MB_CAL2, MB_CA.MB_MLL2]",MB_CA.MB_ML,4,PLP.CRE,4,AL.MB_CA,2,MB_CA.MB_ML,2
8009040,pure_FB,FB->FB,FB,FB,0,4,0,1,1,1.0,1359,1359.0,MB_ML.MB_CA,3,2,2,"[PLP.CREL4, PLP.MB_PEDL4] -> MB_ML.MB_CAL3 -> [AL.MB_CAL2, MB_CA.MB_MLL2]",PLP.CRE,4,PLP.MB_PED,4,AL.MB_CA,2,MB_CA.MB_ML,2
7970400,pure_FB,FB->FB,FB,FB,0,4,0,52,1,1.0,1654,31.808,MB_ML,3,2,2,"[MB_CA.MB_MLL4, PLP.MB_PEDL4] -> MB_MLL3 -> [MB_CA.MB_MLL2, MB_CA.MB_VLL2]",MB_CA.MB_ML,4,PLP.MB_PED,4,MB_CA.MB_ML,2,MB_CA.MB_VL,2
7873200,pure_FB,FB->FB,FB,FB,0,4,0,52,1,1.0,1448,27.846,MB_ML,3,2,2,"[MB_CA.MB_MLL4, SMP.CREL4] -> MB_MLL3 -> [MB_CA.MB_MLL2, MB_MLL2]",MB_CA.MB_ML,4,SMP.CRE,4,MB_CA.MB_ML,2,MB_ML,2
7827840,pure_FB,FB->FB,FB,FB,0,4,0,1,1,1.0,1745,1745.0,MB_ML.MB_CA,3,2,2,"[CREL4, SMP.MB_MLL4] -> MB_ML.MB_CAL3 -> [MB_CA.MB_MLL2, MB_CA.MB_VLL2]",CRE,4,SMP.MB_ML,4,MB_CA.MB_ML,2,MB_CA.MB_VL,2
7827840,pure_FB,FB->FB,FB,FB,0,4,0,1,1,1.0,2550,2550.0,MB_ML.MB_CA,3,2,2,"[SMPL4, SMP.MB_MLL4] -> MB_ML.MB_CAL3 -> [MB_CA.MB_MLL2, MB_CA.MB_VLL2]",SMP,4,SMP.MB_ML,4,MB_CA.MB_ML,2,MB_CA.MB_VL,2
7501473,pure_FB,FB->FB,FB,FB,0,4,0,2282,1,1.0,7728,3.387,LO,3,2,2,"[LOPL4, ME.LOPL4] -> LOL3 -> [LO.LOPL2, ME.LOL2]",LOP,4,ME.LOP,4,LO.LOP,2,ME.LO,2
7338600,pure_FB,FB->FB,FB,FB,0,4,0,1,1,1.0,1955,1955.0,MB_ML.MB_CA,3,2,2,"[LHL4, PLP.MB_MLL4] -> MB_ML.MB_CAL3 -> [MB_CA.MB_MLL2, MB_CA.MB_VLL2]",LH,4,PLP.MB_ML,4,MB_CA.MB_ML,2,MB_CA.MB_VL,2
7338600,pure_FB,FB->FB,FB,FB,0,4,0,1,1,1.0,1620,1620.0,MB_ML.MB_CA,3,2,2,"[MB_CA.MB_PEDL4, PLP.MB_PEDL4] -> MB_ML.MB_CAL3 -> [MB_CA.MB_MLL2, MB_CA.MB_VLL2]",MB_CA.MB_PED,4,PLP.MB_PED,4,MB_CA.MB_ML,2,MB_CA.MB_VL,2
7338600,pure_FB,FB->FB,FB,FB,0,4,0,1,1,1.0,1843,1843.0,MB_ML.MB_CA,3,2,2,"[PLPL4, PLP.MB_MLL4] -> MB_ML.MB_CAL3 -> [MB_CA.MB_MLL2, MB_CA.MB_VLL2]",PLP,4,PLP.MB_ML,4,MB_CA.MB_ML,2,MB_CA.MB_VL,2
7338600,pure_FB,FB->FB,FB,FB,0,4,0,1,1,1.0,1621,1621.0,MB_ML.MB_CA,3,2,2,"[PLP.MB_PEDL4, SCL.CREL4] -> MB_ML.MB_CAL3 -> [MB_CA.MB_MLL2, MB_CA.MB_VLL2]",PLP.MB_PED,4,SCL.CRE,4,MB_CA.MB_ML,2,MB_CA.MB_VL,2
7338600,pure_FB,FB->FB,FB,FB,0,4,0,1,1,1.0,1617,1617.0,MB_ML.MB_CA,3,2,2,"[PLP.MB_PEDL4, SIP.MB_VLL4] -> MB_ML.MB_CAL3 -> [MB_CA.MB_MLL2, MB_CA.MB_VLL2]",PLP.MB_PED,4,SIP.MB_VL,4,MB_CA.MB_ML,2,MB_CA.MB_VL,2
7338600,pure_FB,FB->FB,FB,FB,0,4,0,1,1,1.0,1714,1714.0,MB_ML.MB_CA,3,2,2,"[PLP.MB_PEDL4, SMP.CREL4] -> MB_ML.MB_CAL3 -> [MB_CA.MB_MLL2, MB_CA.MB_VLL2]",PLP.MB_PED,4,SMP.CRE,4,MB_CA.MB_ML,2,MB_CA.MB_VL,2
7284600,pure_FB,FB->FB,FB,FB,0,4,0,52,1,1.0,1338,25.731,MB_ML,3,2,2,"[PLP.MB_MLL4, PLP.MB_PEDL4] -> MB_MLL3 -> [AL.MB_CAL2, MB_CA.MB_MLL2]",PLP.MB_ML,4,PLP.MB_PED,4,AL.MB_CA,2,MB_CA.MB_ML,2
7125975,pure_FB,FB->FB,FB,FB,0,4,0,1,1,1.0,594,594.0,MB_ML.MB_CA,3,2,2,"[PLP.CREL4, PLP.MB_PEDL4] -> MB_ML.MB_CAL3 -> [MB_CA.MB_PEDL2, MB_CA.MB_VLL2]",PLP.CRE,4,PLP.MB_PED,4,MB_CA.MB_PED,2,MB_CA.MB_VL,2
7018860,pure_FB,FB->FB,FB,FB,0,4,0,2282,2,1.23,27083,11.868,LO,3,2,2,"[LO.LOPL4, PVLP.LOL4] -> LOL3 -> [LOL2, MEL2]",LO.LOP,4,PVLP.LO,4,LO,2,ME,2
6901200,pure_FB,FB->FB,FB,FB,0,4,0,52,1,1.0,1426,27.423,MB_ML,3,2,2,"[MB_CA.MB_MLL4, SMP.CREL4] -> MB_MLL3 -> [AL.MB_CAL2, MB_CA.MB_MLL2]",MB_CA.MB_ML,4,SMP.CRE,4,AL.MB_CA,2,MB_CA.MB_ML,2
6808158,pure_FB,FB->FB,FB,FB,0,4,0,2282,1,1.0,32595,14.284,LO,3,2,2,"[LO.LOPL4, LOPL4] -> LOL3 -> [MEL2, ME.LOL2]",LO.LOP,4,LOP,4,ME,2,ME.LO,2
6648480,pure_FB,FB->FB,FB,FB,0,4,0,52,1,1.0,2274,43.731,MB_ML,3,2,2,"[PLP.MB_MLL4, SMPL4] -> MB_MLL3 -> [MB_CA.MB_MLL2, MB_MLL2]",PLP.MB_ML,4,SMP,4,MB_CA.MB_ML,2,MB_ML,2
6622860,pure_FB,FB->FB,FB,FB,0,4,0,1,1,1.0,1274,1274.0,MB_ML.MB_CA,3,2,2,"[PLP.CREL4, PLP.MB_PEDL4] -> MB_ML.MB_CAL3 -> [MB_CA.CREL2, MB_CA.MB_MLL2]",PLP.CRE,4,PLP.MB_PED,4,MB_CA.CRE,2,MB_CA.MB_ML,2
6486996,pure_FB,FB->FB,FB,FB,0,4,0,2282,2,1.0,4804,2.105,LO,3,2,2,"[LOPL4, MEL4] -> LOL3 -> [LO.LOPL2, ME.LOPL2]",LOP,4,ME,4,LO.LOP,2,ME.LOP,2
6477196,pure_FB,FB->FB,FB,FB,0,4,0,2282,2,1.947,31730,13.904,LO,3,2,2,"[ME.LOPL4, PVLP.LOL4] -> LOL3 -> [MEL2, ME.LOL2]",ME.LOP,4,PVLP.LO,4,ME,2,ME.LO,2
6399776,pure_FB,FB->FB,FB,FB,0,4,0,2282,9,1.999,28806,12.623,LO,3,2,2,"[MEL4, PVLP.LOL4] -> LOL3 -> [MEL2, ME.LOPL2]",ME,4,PVLP.LO,4,ME,2,ME.LOP,2
6376320,pure_FB,FB->FB,FB,FB,0,4,0,52,1,1.0,2568,49.385,MB_ML,3,2,2,"[MB_CA.MB_MLL4, SMPL4] -> MB_MLL3 -> [MB_CA.MB_MLL2, MB_CA.MB_VLL2]",MB_CA.MB_ML,4,SMP,4,MB_CA.MB_ML,2,MB_CA.MB_VL,2
6372392,pure_FB,FB->FB,FB,FB,0,4,0,2282,2,1.774,4319,1.893,LO,3,2,2,"[LOL4, PVLP.LOL4] -> LOL3 -> [LO.LOPL2, ME.LOPL2]",LO,4,PVLP.LO,4,LO.LOP,2,ME.LOP,2
6298560,pure_FB,FB->FB,FB,FB,0,4,0,52,1,1.0,1689,32.481,MB_ML,3,2,2,"[LHL4, MB_CA.MB_MLL4] -> MB_MLL3 -> [MB_CA.MB_MLL2, MB_MLL2]",LH,4,MB_CA.MB_ML,4,MB_CA.MB_ML,2,MB_ML,2
6298560,pure_FB,FB->FB,FB,FB,0,4,0,52,1,1.0,1354,26.038,MB_ML,3,2,2,"[MB_CA.MB_MLL4, MB_CA.MB_VLL4] -> MB_MLL3 -> [MB_CA.MB_MLL2, MB_MLL2]",MB_CA.MB_ML,4,MB_CA.MB_VL,4,MB_CA.MB_ML,2,MB_ML,2
6298560,pure_FB,FB->FB,FB,FB,0,4,0,52,1,1.0,1356,26.077,MB_ML,3,2,2,"[MB_CA.MB_MLL4, SCL.MB_MLL4] -> MB_MLL3 -> [MB_CA.MB_MLL2, MB_MLL2]",MB_CA.MB_ML,4,SCL.MB_ML,4,MB_CA.MB_ML,2,MB_ML,2
6115500,pure_FB,FB->FB,FB,FB,0,4,0,1,1,1.0,2158,2158.0,MB_ML.MB_CA,3,2,2,"[LHL4, PLPL4] -> MB_ML.MB_CAL3 -> [MB_CA.MB_MLL2, MB_CA.MB_VLL2]",LH,4,PLP,4,MB_CA.MB_ML,2,MB_CA.MB_VL,2
5989950,pure_FB,FB->FB,FB,FB,0,4,0,1,1,1.0,683,683.0,MB_ML.MB_CA,3,2,2,"[PLP.CREL4, PLP.MB_PEDL4] -> MB_ML.MB_CAL3 -> [MB_CA.MB_VLL2, MB_MLL2]",PLP.CRE,4,PLP.MB_PED,4,MB_CA.MB_VL,2,MB_ML,2
5870880,pure_FB,FB->FB,FB,FB,0,4,0,1,1,1.0,1730,1730.0,MB_ML.MB_CA,3,2,2,"[CREL4, MB_CA.CREL4] -> MB_ML.MB_CAL3 -> [MB_CA.MB_MLL2, MB_CA.MB_VLL2]",CRE,4,MB_CA.CRE,4,MB_CA.MB_ML,2,MB_CA.MB_VL,2
5870880,pure_FB,FB->FB,FB,FB,0,4,0,1,1,1.0,1763,1763.0,MB_ML.MB_CA,3,2,2,"[CREL4, MB_CA.MB_MLL4] -> MB_ML.MB_CAL3 -> [MB_CA.MB_MLL2, MB_CA.MB_VLL2]",CRE,4,MB_CA.MB_ML,4,MB_CA.MB_ML,2,MB_CA.MB_VL,2
5870880,pure_FB,FB->FB,FB,FB,0,4,0,1,1,1.0,1737,1737.0,MB_ML.MB_CA,3,2,2,"[CREL4, MB_MLL4] -> MB_ML.MB_CAL3 -> [MB_CA.MB_MLL2, MB_CA.MB_VLL2]",CRE,4,MB_ML,4,MB_CA.MB_ML,2,MB_CA.MB_VL,2
5870880,pure_FB,FB->FB,FB,FB,0,4,0,1,1,1.0,1731,1731.0,MB_ML.MB_CA,3,2,2,"[CREL4, SCL.MB_MLL4] -> MB_ML.MB_CAL3 -> [MB_CA.MB_MLL2, MB_CA.MB_VLL2]",CRE,4,SCL.MB_ML,4,MB_CA.MB_ML,2,MB_CA.MB_VL,2
5870880,pure_FB,FB->FB,FB,FB,0,4,0,1,1,1.0,2535,2535.0,MB_ML.MB_CA,3,2,2,"[MB_CA.CREL4, SMPL4] -> MB_ML.MB_CAL3 -> [MB_CA.MB_MLL2, MB_CA.MB_VLL2]",MB_CA.CRE,4,SMP,4,MB_CA.MB_ML,2,MB_CA.MB_VL,2
5870880,pure_FB,FB->FB,FB,FB,0,4,0,1,1,1.0,2568,2568.0,MB_ML.MB_CA,3,2,2,"[MB_CA.MB_MLL4, SMPL4] -> MB_ML.MB_CAL3 -> [MB_CA.MB_MLL2, MB_CA.MB_VLL2]",MB_CA.MB_ML,4,SMP,4,MB_CA.MB_ML,2,MB_CA.MB_VL,2
5870880,pure_FB,FB->FB,FB,FB,0,4,0,1,1,1.0,2542,2542.0,MB_ML.MB_CA,3,2,2,"[MB_MLL4, SMPL4] -> MB_ML.MB_CAL3 -> [MB_CA.MB_MLL2, MB_CA.MB_VLL2]",MB_ML,4,SMP,4,MB_CA.MB_ML,2,MB_CA.MB_VL,2
5870880,pure_FB,FB->FB,FB,FB,0,4,0,1,1,1.0,1636,1636.0,MB_ML.MB_CA,3,2,2,"[PLP.MB_MLL4, SMP.MB_MLL4] -> MB_ML.MB_CAL3 -> [MB_CA.MB_MLL2, MB_CA.MB_VLL2]",PLP.MB_ML,4,SMP.MB_ML,4,MB_CA.MB_ML,2,MB_CA.MB_VL,2
5870880,pure_FB,FB->FB,FB,FB,0,4,0,1,1,1.0,2536,2536.0,MB_ML.MB_CA,3,2,2,"[SCL.MB_MLL4, SMPL4] -> MB_ML.MB_CAL3 -> [MB_CA.MB_MLL2, MB_CA.MB_VLL2]",SCL.MB_ML,4,SMP,4,MB_CA.MB_ML,2,MB_CA.MB_VL,2
5827680,pure_FB,FB->FB,FB,FB,0,4,0,52,1,1.0,2252,43.308,MB_ML,3,2,2,"[PLP.MB_MLL4, SMPL4] -> MB_MLL3 -> [AL.MB_CAL2, MB_CA.MB_MLL2]",PLP.MB_ML,4,SMP,4,AL.MB_CA,2,MB_CA.MB_ML,2
5817420,pure_FB,FB->FB,FB,FB,0,4,0,52,1,1.0,1469,28.25,MB_ML,3,2,2,"[CREL4, PLP.MB_MLL4] -> MB_MLL3 -> [MB_CA.MB_MLL2, MB_MLL2]",CRE,4,PLP.MB_ML,4,MB_CA.MB_ML,2,MB_ML,2
5667936,pure_FB,FB->FB,FB,FB,0,4,0,1,1,1.0,1401,1401.0,MB_ML.MB_CA,3,2,2,"[CREL4, PLP.CREL4] -> MB_ML.MB_CAL3 -> [MB_CA.MB_MLL2, MB_CA.MB_PEDL2]",CRE,4,PLP.CRE,4,MB_CA.MB_ML,2,MB_CA.MB_PED,2
5667936,pure_FB,FB->FB,FB,FB,0,4,0,1,1,1.0,2206,2206.0,MB_ML.MB_CA,3,2,2,"[PLP.CREL4, SMPL4] -> MB_ML.MB_CAL3 -> [MB_CA.MB_MLL2, MB_CA.MB_PEDL2]",PLP.CRE,4,SMP,4,MB_CA.MB_ML,2,MB_CA.MB_PED,2
5579280,pure_FB,FB->FB,FB,FB,0,4,0,52,1,1.0,1763,33.904,MB_ML,3,2,2,"[CREL4, MB_CA.MB_MLL4] -> MB_MLL3 -> [MB_CA.MB_MLL2, MB_CA.MB_VLL2]",CRE,4,MB_CA.MB_ML,4,MB_CA.MB_ML,2,MB_CA.MB_VL,2
5540400,pure_FB,FB->FB,FB,FB,0,4,0,52,1,1.0,1267,24.365,MB_ML,3,2,2,"[MB_CA.MB_MLL4, PLP.MB_MLL4] -> MB_MLL3 -> [MB_CA.CREL2, MB_CA.MB_MLL2]",MB_CA.MB_ML,4,PLP.MB_ML,4,MB_CA.CRE,2,MB_CA.MB_ML,2
5520960,pure_FB,FB->FB,FB,FB,0,4,0,52,1,1.0,1667,32.058,MB_ML,3,2,2,"[LHL4, MB_CA.MB_MLL4] -> MB_MLL3 -> [AL.MB_CAL2, MB_CA.MB_MLL2]",LH,4,MB_CA.MB_ML,4,AL.MB_CA,2,MB_CA.MB_ML,2
5520960,pure_FB,FB->FB,FB,FB,0,4,0,52,1,1.0,1332,25.615,MB_ML,3,2,2,"[MB_CA.MB_MLL4, MB_CA.MB_VLL4] -> MB_MLL3 -> [AL.MB_CAL2, MB_CA.MB_MLL2]",MB_CA.MB_ML,4,MB_CA.MB_VL,4,AL.MB_CA,2,MB_CA.MB_ML,2
5520960,pure_FB,FB->FB,FB,FB,0,4,0,52,1,1.0,1334,25.654,MB_ML,3,2,2,"[MB_CA.MB_MLL4, SCL.MB_MLL4] -> MB_MLL3 -> [AL.MB_CAL2, MB_CA.MB_MLL2]",MB_CA.MB_ML,4,SCL.MB_ML,4,AL.MB_CA,2,MB_CA.MB_ML,2
5370300,pure_FB,FB->FB,FB,FB,0,4,0,1,1,1.0,661,661.0,MB_ML.MB_CA,3,2,2,"[PLP.CREL4, PLP.MB_PEDL4] -> MB_ML.MB_CAL3 -> [AL.MB_CAL2, MB_CA.MB_VLL2]",PLP.CRE,4,PLP.MB_PED,4,AL.MB_CA,2,MB_CA.MB_VL,2
5239458,pure_FB,FB->FB,FB,FB,0,4,0,2282,1,1.0,26733,11.715,LO,3,2,2,"[LO.LOPL4, LOPL4] -> LOL3 -> [LO.LOPL2, MEL2]",LO.LOP,4,LOP,4,LO.LOP,2,ME,2
5236680,pure_FB,FB->FB,FB,FB,0,4,0,1,1,1.0,1424,1424.0,MB_ML.MB_CA,3,2,2,"[PLP.CREL4, PLP.MB_PEDL4] -> MB_ML.MB_CAL3 -> [AL.LHL2, MB_CA.MB_MLL2]",PLP.CRE,4,PLP.MB_PED,4,AL.LH,2,MB_CA.MB_ML,2
5099220,pure_FB,FB->FB,FB,FB,0,4,0,52,1,1.0,1447,27.827,MB_ML,3,2,2,"[CREL4, PLP.MB_MLL4] -> MB_MLL3 -> [AL.MB_CAL2, MB_CA.MB_MLL2]",CRE,4,PLP.MB_ML,4,AL.MB_CA,2,MB_CA.MB_ML,2
5001120,pure_FB,FB->FB,FB,FB,0,4,0,1,1,1.0,1380,1380.0,MB_ML.MB_CA,3,2,2,"[CREL4, PLP.MB_PEDL4] -> MB_ML.MB_CAL3 -> [MB_CA.MB_MLL2, MB_CA.MB_PEDL2]",CRE,4,PLP.MB_PED,4,MB_CA.MB_ML,2,MB_CA.MB_PED,2
5001120,pure_FB,FB->FB,FB,FB,0,4,0,1,1,1.0,2185,2185.0,MB_ML.MB_CA,3,2,2,"[PLP.MB_PEDL4, SMPL4] -> MB_ML.MB_CAL3 -> [MB_CA.MB_MLL2, MB_CA.MB_PEDL2]",PLP.MB_PED,4,SMP,4,MB_CA.MB_ML,2,MB_CA.MB_PED,2
4989012,pure_FB,FB->FB,FB,FB,0,4,0,2282,20,1.919,33188,14.543,LO,3,2,2,"[MEL4, PVLP.LOL4] -> LOL3 -> [MEL2, ME.LOL2]",ME,4,PVLP.LO,4,ME,2,ME.LO,2
4986360,pure_FB,FB->FB,FB,FB,0,4,0,52,1,1.0,1381,26.558,MB_ML,3,2,2,"[PLP.CREL4, PLP.MB_MLL4] -> MB_MLL3 -> [MB_CA.MB_MLL2, MB_MLL2]",PLP.CRE,4,PLP.MB_ML,4,MB_CA.MB_ML,2,MB_ML,2
4892400,pure_FB,FB->FB,FB,FB,0,4,0,1,1,1.0,1951,1951.0,MB_ML.MB_CA,3,2,2,"[LHL4, SMP.MB_MLL4] -> MB_ML.MB_CAL3 -> [MB_CA.MB_MLL2, MB_CA.MB_VLL2]",LH,4,SMP.MB_ML,4,MB_CA.MB_ML,2,MB_CA.MB_VL,2
4892400,pure_FB,FB->FB,FB,FB,0,4,0,1,1,1.0,1839,1839.0,MB_ML.MB_CA,3,2,2,"[PLPL4, SMP.MB_MLL4] -> MB_ML.MB_CAL3 -> [MB_CA.MB_MLL2, MB_CA.MB_VLL2]",PLP,4,SMP.MB_ML,4,MB_CA.MB_ML,2,MB_CA.MB_VL,2
4782240,pure_FB,FB->FB,FB,FB,0,4,0,52,1,1.0,1675,32.212,MB_ML,3,2,2,"[MB_CA.MB_MLL4, PLP.CREL4] -> MB_MLL3 -> [MB_CA.MB_MLL2, MB_CA.MB_VLL2]",MB_CA.MB_ML,4,PLP.CRE,4,MB_CA.MB_ML,2,MB_CA.MB_VL,2
4764352,pure_FB,FB->FB,FB,FB,0,4,0,1,1,1.0,1490,1490.0,MB_ML.MB_CA,3,2,2,"[CREL4, PLP.CREL4] -> MB_ML.MB_CAL3 -> [MB_CA.MB_MLL2, MB_MLL2]",CRE,4,PLP.CRE,4,MB_CA.MB_ML,2,MB_ML,2
4764352,pure_FB,FB->FB,FB,FB,0,4,0,1,1,1.0,2295,2295.0,MB_ML.MB_CA,3,2,2,"[PLP.CREL4, SMPL4] -> MB_ML.MB_CAL3 -> [MB_CA.MB_MLL2, MB_MLL2]",PLP.CRE,4,SMP,4,MB_CA.MB_ML,2,MB_ML,2
4723920,pure_FB,FB->FB,FB,FB,0,4,0,52,1,1.0,1355,26.058,MB_ML,3,2,2,"[MB_CA.CREL4, MB_CA.MB_MLL4] -> MB_MLL3 -> [MB_CA.MB_MLL2, MB_MLL2]",MB_CA.CRE,4,MB_CA.MB_ML,4,MB_CA.MB_ML,2,MB_ML,2
4723920,pure_FB,FB->FB,FB,FB,0,4,0,52,1,1.0,1354,26.038,MB_ML,3,2,2,"[MB_CA.MB_MLL4, MB_CA.MB_PEDL4] -> MB_MLL3 -> [MB_CA.MB_MLL2, MB_MLL2]",MB_CA.MB_ML,4,MB_CA.MB_PED,4,MB_CA.MB_ML,2,MB_ML,2
4578216,pure_FB,FB->FB,FB,FB,0,4,0,2282,3,1.962,8701,3.813,LO,3,2,2,"[LOL4, PVLP.LOL4] -> LOL3 -> [LO.LOPL2, ME.LOL2]",LO,4,PVLP.LO,4,LO.LOP,2,ME.LO,2
4440825,pure_FB,FB->FB,FB,FB,0,4,0,1,1,1.0,576,576.0,MB_ML.MB_CA,3,2,2,"[PLP.CREL4, PLP.MB_PEDL4] -> MB_ML.MB_CAL3 -> [MB_CA.CREL2, MB_CA.MB_VLL2]",PLP.CRE,4,PLP.MB_PED,4,MB_CA.CRE,2,MB_CA.MB_VL,2
4432320,pure_FB,FB->FB,FB,FB,0,4,0,52,1,1.0,1417,27.25,MB_ML,3,2,2,"[MB_CA.MB_MLL4, PLP.MB_MLL4] -> MB_MLL3 -> [AL.LHL2, MB_CA.MB_MLL2]",MB_CA.MB_ML,4,PLP.MB_ML,4,AL.LH,2,MB_CA.MB_ML,2
4432320,pure_FB,FB->FB,FB,FB,0,4,0,52,1,1.0,1236,23.769,MB_ML,3,2,2,"[MB_CA.MB_MLL4, PLP.MB_MLL4] -> MB_MLL3 -> [MB_CAL2, MB_CA.MB_MLL2]",MB_CA.MB_ML,4,PLP.MB_ML,4,MB_CA,2,MB_CA.MB_ML,2
