motif_count,hourglass_type,signature,fanin_sig,fanout_sig,n_FF,n_FB,n_lat,n_waist,n_waist_active,n_waist_eff,n_periphery,compression,bottleneck_area,bottleneck_level,k_in,k_out,structure_str,fan_in_0_area,fan_in_0_level,fan_in_1_area,fan_in_1_level,fan_out_0_area,fan_out_0_level,fan_out_1_area,fan_out_1_level
2803199185270,mixed,FF->lat,FF,lat,2,0,2,2282,28,1.985,39222,17.188,LO,3,2,2,"[MEL2, ME.LOL2] -> LOL3 -> [LO.LOPL3, ME.LOPL3]",ME,2,ME.LO,2,LO.LOP,3,ME.LOP,3
2669974522452,mixed,FF->lat,FF,lat,2,0,2,2282,14,1.807,34840,15.267,LO,3,2,2,"[MEL2, ME.LOPL2] -> LOL3 -> [LO.LOPL3, ME.LOPL3]",ME,2,ME.LOP,2,LO.LOP,3,ME.LOP,3
2616895275586,mixed,mix->mix,mix,mix,1,1,2,2282,11,1.782,34840,15.267,LO,3,2,2,"[MEL2, ME.LOPL3] -> LOL3 -> [LO.LOPL3, ME.LOPL2]",ME,2,ME.LOP,3,LO.LOP,3,ME.LOP,2
2344872532423,mixed,FF->lat,FF,lat,2,0,2,2282,14,1.598,16652,7.297,LO,3,2,2,"[ME.LOL2, ME.LOPL2] -> LOL3 -> [LO.LOPL3, ME.LOPL3]",ME.LO,2,ME.LOP,2,LO.LOP,3,ME.LOP,3
2308667966179,mixed,mix->mix,mix,mix,1,1,2,2282,11,1.573,16652,7.297,LO,3,2,2,"[ME.LOL2, ME.LOPL3] -> LOL3 -> [LO.LOPL3, ME.LOPL2]",ME.LO,2,ME.LOP,3,LO.LOP,3,ME.LOP,2
2238020075401,mixed,mix->lat,mix,lat,1,0,3,2282,25,1.999,43284,18.968,LO,3,2,2,"[MEL2, MEL3] -> LOL3 -> [LO.LOPL3, ME.LOPL3]",ME,2,ME,3,LO.LOP,3,ME.LOP,3
1883750708317,mixed,mix->mix,mix,mix,1,1,2,2282,9,1.966,39222,17.188,LO,3,2,2,"[MEL2, ME.LOPL3] -> LOL3 -> [LO.LOPL3, ME.LOL2]",ME,2,ME.LOP,3,LO.LOP,3,ME.LO,2
1847163140332,mixed,mix->lat,mix,lat,1,0,3,2282,25,1.901,25096,10.997,LO,3,2,2,"[MEL3, ME.LOL2] -> LOL3 -> [LO.LOPL3, ME.LOPL3]",ME,3,ME.LO,2,LO.LOP,3,ME.LOP,3
1818697778826,mixed,mix->lat,mix,lat,1,0,3,2282,12,1.665,20714,9.077,LO,3,2,2,"[MEL3, ME.LOPL2] -> LOL3 -> [LO.LOPL3, ME.LOPL3]",ME,3,ME.LOP,2,LO.LOP,3,ME.LOP,3
1788169372416,mixed,lat->mix,lat,mix,0,1,3,2282,10,1.639,20714,9.077,LO,3,2,2,"[MEL3, ME.LOPL3] -> LOL3 -> [LO.LOPL3, ME.LOPL2]",ME,3,ME.LOP,3,LO.LOP,3,ME.LOP,2
1604321829882,mixed,mix->mix,mix,mix,1,1,2,2282,5,1.557,16652,7.297,LO,3,2,2,"[ME.LOPL2, ME.LOPL3] -> LOL3 -> [LO.LOPL3, ME.LOL2]",ME.LOP,2,ME.LOP,3,LO.LOP,3,ME.LO,2
1545093280436,mixed,mix->mix,mix,mix,2,0,2,2282,4,1.46,33531,14.694,LO,3,2,2,"[MEL2, ME.LOPL3] -> LOL3 -> [LO.LOPL3, LO.LOPL4]",ME,2,ME.LOP,3,LO.LOP,3,LO.LOP,4
1542834008294,mixed,FF->mix,FF,mix,2,1,1,2282,22,1.625,37829,16.577,LO,3,2,2,"[MEL2, ME.LOL2] -> LOL3 -> [LO.LOPL3, ME.LOPL2]",ME,2,ME.LO,2,LO.LOP,3,ME.LOP,2
1495256797137,mixed,mix->mix,mix,mix,1,1,2,2282,8,1.851,34840,15.267,LO,3,2,2,"[LO.LOPL3, MEL2] -> LOL3 -> [ME.LOPL2, ME.LOPL3]",LO.LOP,3,ME,2,ME.LOP,2,ME.LOP,3
1302239404851,mixed,mix->mix,mix,mix,1,1,2,2282,8,1.644,16652,7.297,LO,3,2,2,"[LO.LOPL3, ME.LOL2] -> LOL3 -> [ME.LOPL2, ME.LOPL3]",LO.LOP,3,ME.LO,2,ME.LOP,2,ME.LOP,3
1248912729406,mixed,lat->mix,lat,mix,0,1,3,2282,9,1.865,25096,10.997,LO,3,2,2,"[MEL3, ME.LOPL3] -> LOL3 -> [LO.LOPL3, ME.LOL2]",ME,3,ME.LOP,3,LO.LOP,3,ME.LO,2
1198399617151,mixed,mix->mix,mix,mix,1,1,2,2282,18,1.692,41891,18.357,LO,3,2,2,"[MEL2, MEL3] -> LOL3 -> [LO.LOPL3, ME.LOPL2]",ME,2,ME,3,LO.LOP,3,ME.LOP,2
1112861171214,mixed,mix->mix,mix,mix,1,1,2,2282,6,1.634,33360,14.619,LO,3,2,2,"[MEL2, ME.LOPL3] -> LOL3 -> [LO.LOPL2, LO.LOPL3]",ME,2,ME.LOP,3,LO.LOP,2,LO.LOP,3
1109295445286,mixed,FF->mix,FF,mix,2,1,1,2282,24,1.804,37405,16.391,LO,3,2,2,"[MEL2, ME.LOL2] -> LOL3 -> [ME.LOPL2, ME.LOPL3]",ME,2,ME.LO,2,ME.LOP,2,ME.LOP,3
1108366778056,mixed,mix->mix,mix,mix,2,0,2,2282,4,1.655,15343,6.723,LO,3,2,2,"[ME.LOL2, ME.LOPL3] -> LOL3 -> [LO.LOPL3, LO.LOPL4]",ME.LO,2,ME.LOP,3,LO.LOP,3,LO.LOP,4
1093929750969,mixed,mix->mix,mix,mix,1,1,2,2282,6,1.993,39222,17.188,LO,3,2,2,"[LO.LOPL3, MEL2] -> LOL3 -> [ME.LOL2, ME.LOPL3]",LO.LOP,3,ME,2,ME.LO,2,ME.LOP,3
1080723159264,mixed,mix->mix,mix,mix,1,1,2,2282,4,1.277,10790,4.728,LO,3,2,2,"[ME.LOPL2, ME.LOPL3] -> LOL3 -> [LO.LOPL2, LO.LOPL3]",ME.LOP,2,ME.LOP,3,LO.LOP,2,LO.LOP,3
1073083583918,mixed,mix->mix,mix,mix,1,1,2,2282,18,1.492,23703,10.387,LO,3,2,2,"[MEL3, ME.LOL2] -> LOL3 -> [LO.LOPL3, ME.LOPL2]",ME,3,ME.LO,2,LO.LOP,3,ME.LOP,2
1071371813136,mixed,FF->mix,FF,mix,2,1,1,2282,8,1.607,37829,16.577,LO,3,2,2,"[MEL2, ME.LOPL2] -> LOL3 -> [LO.LOPL3, ME.LOL2]",ME,2,ME.LOP,2,LO.LOP,3,ME.LO,2
1012599895667,mixed,lat->mix,lat,mix,0,1,3,2282,7,1.712,20714,9.077,LO,3,2,2,"[LO.LOPL3, MEL3] -> LOL3 -> [ME.LOPL2, ME.LOPL3]",LO.LOP,3,ME,3,ME.LOP,2,ME.LOP,3
1005532377718,mixed,mix->mix,mix,mix,1,1,2,2282,6,1.443,15172,6.649,LO,3,2,2,"[ME.LOL2, ME.LOPL3] -> LOL3 -> [LO.LOPL2, LO.LOPL3]",ME.LO,2,ME.LOP,3,LO.LOP,2,LO.LOP,3
969816670600,mixed,mix->lat,mix,lat,1,1,2,2282,2,1.444,33531,14.694,LO,3,2,2,"[LO.LOPL4, MEL2] -> LOL3 -> [LO.LOPL3, ME.LOPL3]",LO.LOP,4,ME,2,LO.LOP,3,ME.LOP,3
946070130156,mixed,mix->mix,mix,mix,2,0,2,2282,5,1.403,33531,14.694,LO,3,2,2,"[LO.LOPL3, MEL2] -> LOL3 -> [LO.LOPL4, ME.LOPL3]",LO.LOP,3,ME,2,LO.LOP,4,ME.LOP,3
918103777554,mixed,lat->mix,lat,mix,1,0,3,2282,4,1.588,19405,8.504,LO,3,2,2,"[MEL3, ME.LOPL3] -> LOL3 -> [LO.LOPL3, LO.LOPL4]",ME,3,ME.LOP,3,LO.LOP,3,LO.LOP,4
917381746742,mixed,mix->mix,mix,mix,2,0,2,2282,3,1.893,10961,4.803,LO,3,2,2,"[ME.LOPL2, ME.LOPL3] -> LOL3 -> [LO.LOPL3, LO.LOPL4]",ME.LOP,2,ME.LOP,3,LO.LOP,3,LO.LOP,4
904056065560,mixed,mix->mix,mix,mix,1,1,2,2282,6,1.626,16652,7.297,LO,3,2,2,"[LO.LOPL3, ME.LOPL2] -> LOL3 -> [ME.LOL2, ME.LOPL3]",LO.LOP,3,ME.LOP,2,ME.LO,2,ME.LOP,3
889592640902,mixed,lat->FB,lat,FB,0,2,2,2282,4,1.601,16652,7.297,LO,3,2,2,"[LO.LOPL3, ME.LOPL3] -> LOL3 -> [ME.LOL2, ME.LOPL2]",LO.LOP,3,ME.LOP,3,ME.LO,2,ME.LOP,2
870855962010,mixed,mix->mix,mix,mix,1,1,2,2282,21,1.867,41467,18.171,LO,3,2,2,"[MEL2, MEL3] -> LOL3 -> [ME.LOPL2, ME.LOPL3]",ME,2,ME,3,ME.LOP,2,ME.LOP,3
846184744141,mixed,mix->mix,mix,mix,1,1,2,2282,18,1.909,46273,20.277,LO,3,2,2,"[MEL2, MEL3] -> LOL3 -> [LO.LOPL3, ME.LOL2]",ME,2,ME,3,LO.LOP,3,ME.LO,2
780543296965,mixed,FF->mix,FF,mix,3,0,1,2282,18,1.602,36520,16.004,LO,3,2,2,"[MEL2, ME.LOL2] -> LOL3 -> [LO.LOPL3, LO.LOPL4]",ME,2,ME.LO,2,LO.LOP,3,LO.LOP,4
773272705815,mixed,lat->mix,lat,mix,0,1,3,2282,5,1.5,19234,8.429,LO,3,2,2,"[MEL3, ME.LOPL3] -> LOL3 -> [LO.LOPL2, LO.LOPL3]",ME,3,ME.LOP,3,LO.LOP,2,LO.LOP,3
768251934802,mixed,FF->mix,FF,mix,2,1,1,2282,9,1.786,37405,16.391,LO,3,2,2,"[MEL2, ME.LOPL2] -> LOL3 -> [ME.LOL2, ME.LOPL3]",ME,2,ME.LOP,2,ME.LO,2,ME.LOP,3
755971943883,mixed,mix->mix,mix,mix,1,1,2,2282,21,1.661,23279,10.201,LO,3,2,2,"[MEL3, ME.LOL2] -> LOL3 -> [ME.LOPL2, ME.LOPL3]",ME,3,ME.LO,2,ME.LOP,2,ME.LOP,3
753355266311,mixed,mix->FB,mix,FB,1,2,1,2282,8,1.761,37405,16.391,LO,3,2,2,"[MEL2, ME.LOPL3] -> LOL3 -> [ME.LOL2, ME.LOPL2]",ME,2,ME.LOP,3,ME.LO,2,ME.LOP,2
746529314787,mixed,mix->mix,mix,mix,1,1,2,2282,8,1.477,23703,10.387,LO,3,2,2,"[MEL3, ME.LOPL2] -> LOL3 -> [LO.LOPL3, ME.LOL2]",ME,3,ME.LOP,2,LO.LOP,3,ME.LO,2
717905519483,mixed,lat->mix,lat,mix,0,1,3,2282,6,1.923,25096,10.997,LO,3,2,2,"[LO.LOPL3, MEL3] -> LOL3 -> [ME.LOL2, ME.LOPL3]",LO.LOP,3,ME,3,ME.LO,2,ME.LOP,3
713029244467,mixed,FF->mix,FF,mix,2,1,1,2282,9,1.307,31967,14.008,LO,3,2,2,"[MEL2, ME.LOPL2] -> LOL3 -> [LO.LOPL2, LO.LOPL3]",ME,2,ME.LOP,2,LO.LOP,2,LO.LOP,3
693678384700,mixed,mix->lat,mix,lat,1,1,2,2282,2,1.636,15343,6.723,LO,3,2,2,"[LO.LOPL4, ME.LOL2] -> LOL3 -> [LO.LOPL3, ME.LOPL3]",LO.LOP,4,ME.LO,2,LO.LOP,3,ME.LOP,3
675512153613,mixed,FF->mix,FF,mix,2,1,1,2282,9,1.204,13779,6.038,LO,3,2,2,"[ME.LOL2, ME.LOPL2] -> LOL3 -> [LO.LOPL2, LO.LOPL3]",ME.LO,2,ME.LOP,2,LO.LOP,2,LO.LOP,3
671496313428,mixed,mix->mix,mix,mix,2,0,2,2282,5,1.584,15343,6.723,LO,3,2,2,"[LO.LOPL3, ME.LOL2] -> LOL3 -> [LO.LOPL4, ME.LOPL3]",LO.LOP,3,ME.LO,2,LO.LOP,4,ME.LOP,3
669002339273,mixed,FF->mix,FF,mix,3,0,1,2282,10,1.442,36096,15.818,LO,3,2,2,"[MEL2, ME.LOL2] -> LOL3 -> [LO.LOPL4, ME.LOPL3]",ME,2,ME.LO,2,LO.LOP,4,ME.LOP,3
668261488700,mixed,FF->mix,FF,mix,2,1,1,2282,18,1.487,36349,15.929,LO,3,2,2,"[MEL2, ME.LOL2] -> LOL3 -> [LO.LOPL2, LO.LOPL3]",ME,2,ME.LO,2,LO.LOP,2,LO.LOP,3
648329028998,mixed,mix->mix,mix,mix,2,0,2,2282,14,1.538,40582,17.784,LO,3,2,2,"[MEL2, MEL3] -> LOL3 -> [LO.LOPL3, LO.LOPL4]",ME,2,ME,3,LO.LOP,3,LO.LOP,4
639685878617,mixed,mix->mix,mix,mix,1,1,2,2282,17,1.997,45849,20.092,LO,3,2,2,"[MEL2, MEL3] -> LOL3 -> [ME.LOL2, ME.LOPL3]",ME,2,ME,3,ME.LO,2,ME.LOP,3
638655643152,mixed,FF->mix,FF,mix,3,0,1,2282,5,1.847,32138,14.083,LO,3,2,2,"[MEL2, ME.LOPL2] -> LOL3 -> [LO.LOPL3, LO.LOPL4]",ME,2,ME.LOP,2,LO.LOP,3,LO.LOP,4
629978880311,mixed,mix->mix,mix,mix,1,1,2,2282,6,1.706,33360,14.619,LO,3,2,2,"[LO.LOPL3, MEL2] -> LOL3 -> [LO.LOPL2, ME.LOPL3]",LO.LOP,3,ME,2,LO.LOP,2,ME.LOP,3
598912446439,mixed,mix->mix,mix,mix,1,1,2,2282,6,1.319,10790,4.728,LO,3,2,2,"[LO.LOPL3, ME.LOPL2] -> LOL3 -> [LO.LOPL2, ME.LOPL3]",LO.LOP,3,ME.LOP,2,LO.LOP,2,ME.LOP,3
595198006873,mixed,mix->FB,mix,FB,1,2,1,2282,6,1.653,37829,16.577,LO,3,2,2,"[LO.LOPL3, MEL2] -> LOL3 -> [ME.LOL2, ME.LOPL2]",LO.LOP,3,ME,2,ME.LO,2,ME.LOP,2
592962742044,mixed,lat->FB,lat,FB,0,2,2,2282,4,1.303,10790,4.728,LO,3,2,2,"[LO.LOPL3, ME.LOPL3] -> LOL3 -> [LO.LOPL2, ME.LOPL2]",LO.LOP,3,ME.LOP,3,LO.LOP,2,ME.LOP,2
575386706868,mixed,FF->lat,FF,lat,2,0,2,2282,4,1.179,10790,4.728,LO,3,2,2,"[LO.LOPL2, ME.LOPL2] -> LOL3 -> [LO.LOPL3, ME.LOPL3]",LO.LOP,2,ME.LOP,2,LO.LOP,3,ME.LOP,3
575181351400,mixed,mix->lat,mix,lat,0,1,3,2282,2,1.57,19405,8.504,LO,3,2,2,"[LO.LOPL4, MEL3] -> LOL3 -> [LO.LOPL3, ME.LOPL3]",LO.LOP,4,ME,3,LO.LOP,3,ME.LOP,3
571732186800,mixed,mix->lat,mix,lat,1,1,2,2282,2,1.877,10961,4.803,LO,3,2,2,"[LO.LOPL4, ME.LOPL2] -> LOL3 -> [LO.LOPL3, ME.LOPL3]",LO.LOP,4,ME.LOP,2,LO.LOP,3,ME.LOP,3
571364916380,mixed,mix->mix,mix,mix,1,1,2,2282,3,1.17,10790,4.728,LO,3,2,2,"[LO.LOPL2, ME.LOPL3] -> LOL3 -> [LO.LOPL3, ME.LOPL2]",LO.LOP,2,ME.LOP,3,LO.LOP,3,ME.LOP,2
562869116437,mixed,mix->mix,mix,mix,1,1,2,2282,6,1.504,15172,6.649,LO,3,2,2,"[LO.LOPL3, ME.LOL2] -> LOL3 -> [LO.LOPL2, ME.LOPL3]",LO.LOP,3,ME.LO,2,LO.LOP,2,ME.LOP,3
561048316020,mixed,FF->lat,FF,lat,2,0,2,2282,4,1.432,33360,14.619,LO,3,2,2,"[LO.LOPL2, MEL2] -> LOL3 -> [LO.LOPL3, ME.LOPL3]",LO.LOP,2,ME,2,LO.LOP,3,ME.LOP,3
560236744058,mixed,mix->mix,mix,mix,2,0,2,2282,8,1.39,40158,17.598,LO,3,2,2,"[MEL2, MEL3] -> LOL3 -> [LO.LOPL4, ME.LOPL3]",ME,2,ME,3,LO.LOP,4,ME.LOP,3
558288785643,mixed,lat->mix,lat,mix,1,0,3,2282,5,1.521,19405,8.504,LO,3,2,2,"[LO.LOPL3, MEL3] -> LOL3 -> [LO.LOPL4, ME.LOPL3]",LO.LOP,3,ME,3,LO.LOP,4,ME.LOP,3
551925544820,mixed,mix->mix,mix,mix,0,2,2,2282,2,1.898,10961,4.803,LO,3,2,2,"[LO.LOPL4, ME.LOPL3] -> LOL3 -> [LO.LOPL3, ME.LOPL2]",LO.LOP,4,ME.LOP,3,LO.LOP,3,ME.LOP,2
547200589017,mixed,mix->mix,mix,mix,2,0,2,2282,4,1.829,10961,4.803,LO,3,2,2,"[LO.LOPL3, ME.LOPL2] -> LOL3 -> [LO.LOPL4, ME.LOPL3]",LO.LOP,3,ME.LOP,2,LO.LOP,4,ME.LOP,3
528417668436,mixed,FF->mix,FF,mix,3,0,1,2282,5,1.671,31714,13.897,LO,3,2,2,"[MEL2, ME.LOPL2] -> LOL3 -> [LO.LOPL4, ME.LOPL3]",ME,2,ME.LOP,2,LO.LOP,4,ME.LOP,3
527558754062,mixed,lat->mix,lat,mix,1,1,2,2282,3,1.853,10961,4.803,LO,3,2,2,"[LO.LOPL3, ME.LOPL3] -> LOL3 -> [LO.LOPL4, ME.LOPL2]",LO.LOP,3,ME.LOP,3,LO.LOP,4,ME.LOP,2
524688681924,mixed,mix->mix,mix,mix,1,1,2,2282,9,1.644,23279,10.201,LO,3,2,2,"[MEL3, ME.LOPL2] -> LOL3 -> [ME.LOL2, ME.LOPL3]",ME,3,ME.LOP,2,ME.LO,2,ME.LOP,3
522008122568,mixed,FF->lat,FF,lat,2,0,2,2282,4,1.291,15172,6.649,LO,3,2,2,"[LO.LOPL2, ME.LOL2] -> LOL3 -> [LO.LOPL3, ME.LOPL3]",LO.LOP,2,ME.LO,2,LO.LOP,3,ME.LOP,3
516110474951,mixed,lat->FB,lat,FB,0,2,2,2282,8,1.618,23279,10.201,LO,3,2,2,"[MEL3, ME.LOPL3] -> LOL3 -> [ME.LOL2, ME.LOPL2]",ME,3,ME.LOP,3,ME.LO,2,ME.LOP,2
515154349653,mixed,mix->mix,mix,mix,1,1,2,2282,14,1.548,40411,17.709,LO,3,2,2,"[MEL2, MEL3] -> LOL3 -> [LO.LOPL2, LO.LOPL3]",ME,2,ME,3,LO.LOP,2,LO.LOP,3
512339637281,mixed,mix->mix,mix,mix,1,1,2,2282,7,1.233,17841,7.818,LO,3,2,2,"[MEL3, ME.LOPL2] -> LOL3 -> [LO.LOPL2, LO.LOPL3]",ME,3,ME.LOP,2,LO.LOP,2,LO.LOP,3
507592811416,mixed,mix->mix,mix,mix,2,1,1,2282,4,1.697,31714,13.897,LO,3,2,2,"[MEL2, ME.LOPL3] -> LOL3 -> [LO.LOPL4, ME.LOPL2]",ME,2,ME.LOP,3,LO.LOP,4,ME.LOP,2
493379419340,mixed,FF->mix,FF,mix,3,0,1,2282,5,1.986,13950,6.113,LO,3,2,2,"[ME.LOL2, ME.LOPL2] -> LOL3 -> [LO.LOPL3, LO.LOPL4]",ME.LO,2,ME.LOP,2,LO.LOP,3,LO.LOP,4
487791375016,mixed,FF->mix,FF,mix,2,1,1,2282,10,1.43,31543,13.823,LO,3,2,2,"[MEL2, ME.LOPL2] -> LOL3 -> [LO.LOPL2, ME.LOPL3]",ME,2,ME.LOP,2,LO.LOP,2,ME.LOP,3
481861820250,mixed,mix->FB,mix,FB,1,2,1,2282,6,1.41,31543,13.823,LO,3,2,2,"[MEL2, ME.LOPL3] -> LOL3 -> [LO.LOPL2, ME.LOPL2]",ME,2,ME.LOP,3,LO.LOP,2,ME.LOP,2
471788476040,mixed,mix->mix,mix,mix,2,0,2,2282,12,1.745,22394,9.813,LO,3,2,2,"[MEL3, ME.LOL2] -> LOL3 -> [LO.LOPL3, LO.LOPL4]",ME,3,ME.LO,2,LO.LOP,3,LO.LOP,4
471422626997,mixed,mix->mix,mix,mix,1,1,2,2282,13,1.376,22223,9.738,LO,3,2,2,"[MEL3, ME.LOL2] -> LOL3 -> [LO.LOPL2, LO.LOPL3]",ME,3,ME.LO,2,LO.LOP,2,LO.LOP,3
470430110751,mixed,FF->mix,FF,mix,2,1,1,2282,13,1.656,35925,15.743,LO,3,2,2,"[MEL2, ME.LOL2] -> LOL3 -> [LO.LOPL2, ME.LOPL3]",ME,2,ME.LO,2,LO.LOP,2,ME.LOP,3
454725042580,mixed,mix->mix,mix,mix,0,2,2,2282,2,1.679,15343,6.723,LO,3,2,2,"[LO.LOPL4, ME.LOPL3] -> LOL3 -> [LO.LOPL3, ME.LOL2]",LO.LOP,4,ME.LOP,3,LO.LOP,3,ME.LO,2
453985753278,mixed,FF->mix,FF,mix,2,1,1,2282,10,1.289,13355,5.852,LO,3,2,2,"[ME.LOL2, ME.LOPL2] -> LOL3 -> [LO.LOPL2, ME.LOPL3]",ME.LO,2,ME.LOP,2,LO.LOP,2,ME.LOP,3
449748192026,mixed,mix->FB,mix,FB,1,2,1,2282,6,1.275,13355,5.852,LO,3,2,2,"[ME.LOL2, ME.LOPL3] -> LOL3 -> [LO.LOPL2, ME.LOPL2]",ME.LO,2,ME.LOP,3,LO.LOP,2,ME.LOP,2
439381557182,mixed,lat->mix,lat,mix,1,1,2,2282,3,1.626,15343,6.723,LO,3,2,2,"[LO.LOPL3, ME.LOPL3] -> LOL3 -> [LO.LOPL4, ME.LOL2]",LO.LOP,3,ME.LOP,3,LO.LOP,4,ME.LO,2
435598473318,mixed,mix->mix,mix,mix,2,1,1,2282,3,1.478,36096,15.818,LO,3,2,2,"[MEL2, ME.LOPL3] -> LOL3 -> [LO.LOPL4, ME.LOL2]",ME,2,ME.LOP,3,LO.LOP,4,ME.LO,2
434308212022,mixed,lat->mix,lat,mix,0,1,3,2282,5,1.566,19234,8.429,LO,3,2,2,"[LO.LOPL3, MEL3] -> LOL3 -> [LO.LOPL2, ME.LOPL3]",LO.LOP,3,ME,3,LO.LOP,2,ME.LOP,3
426257632582,mixed,mix->mix,mix,mix,1,1,2,2282,12,1.997,39222,17.188,LO,3,2,2,"[ME.LOL2, ME.LOPL3] -> LOL3 -> [LO.LOPL3, MEL2]",ME.LO,2,ME.LOP,3,LO.LOP,3,ME,2
412723845229,mixed,lat->FB,lat,FB,0,2,2,2282,6,1.517,23703,10.387,LO,3,2,2,"[LO.LOPL3, MEL3] -> LOL3 -> [ME.LOL2, ME.LOPL2]",LO.LOP,3,ME,3,ME.LO,2,ME.LOP,2
398541198636,mixed,mix->mix,mix,mix,2,0,2,2282,5,1.956,18012,7.893,LO,3,2,2,"[MEL3, ME.LOPL2] -> LOL3 -> [LO.LOPL3, LO.LOPL4]",ME,3,ME.LOP,2,LO.LOP,3,LO.LOP,4
397989965364,mixed,mix->lat,mix,lat,1,0,3,2282,4,1.331,19234,8.429,LO,3,2,2,"[LO.LOPL2, MEL3] -> LOL3 -> [LO.LOPL3, ME.LOPL3]",LO.LOP,2,ME,3,LO.LOP,3,ME.LOP,3
396665386694,mixed,mix->mix,mix,mix,2,0,2,2282,8,1.567,21970,9.628,LO,3,2,2,"[MEL3, ME.LOL2] -> LOL3 -> [LO.LOPL4, ME.LOPL3]",ME,3,ME.LO,2,LO.LOP,4,ME.LOP,3
393988479852,mixed,FF->mix,FF,mix,3,0,1,2282,5,1.875,13526,5.927,LO,3,2,2,"[ME.LOL2, ME.LOPL2] -> LOL3 -> [LO.LOPL4, ME.LOPL3]",ME.LO,2,ME.LOP,2,LO.LOP,4,ME.LOP,3
393714253158,mixed,mix->mix,mix,mix,1,1,2,2282,7,1.916,34840,15.267,LO,3,2,2,"[ME.LOPL2, ME.LOPL3] -> LOL3 -> [LO.LOPL3, MEL2]",ME.LOP,2,ME.LOP,3,LO.LOP,3,ME,2
391679387075,mixed,mix->FB,mix,FB,1,2,1,2282,6,1.336,31967,14.008,LO,3,2,2,"[LO.LOPL3, MEL2] -> LOL3 -> [LO.LOPL2, ME.LOPL2]",LO.LOP,3,ME,2,LO.LOP,2,ME.LOP,2
386312567676,mixed,lat->FB,lat,FB,0,2,2,2282,3,1.467,15172,6.649,LO,3,2,2,"[LO.LOPL3, ME.LOPL3] -> LOL3 -> [LO.LOPL2, ME.LOL2]",LO.LOP,3,ME.LOP,3,LO.LOP,2,ME.LO,2
384106642010,mixed,mix->mix,mix,mix,1,2,1,2282,2,1.853,32138,14.083,LO,3,2,2,"[LO.LOPL4, MEL2] -> LOL3 -> [LO.LOPL3, ME.LOPL2]",LO.LOP,4,ME,2,LO.LOP,3,ME.LOP,2
380313055612,mixed,mix->mix,mix,mix,2,1,1,2282,4,1.896,13526,5.927,LO,3,2,2,"[ME.LOL2, ME.LOPL3] -> LOL3 -> [LO.LOPL4, ME.LOPL2]",ME.LO,2,ME.LOP,3,LO.LOP,4,ME.LOP,2
375070337000,mixed,FF->mix,FF,mix,2,1,1,2282,4,1.188,31967,14.008,LO,3,2,2,"[LO.LOPL2, MEL2] -> LOL3 -> [LO.LOPL3, ME.LOPL2]",LO.LOP,2,ME,2,LO.LOP,3,ME.LOP,2
369532091865,mixed,mix->FB,mix,FB,1,2,1,2282,6,1.223,13779,6.038,LO,3,2,2,"[LO.LOPL3, ME.LOL2] -> LOL3 -> [LO.LOPL2, ME.LOPL2]",LO.LOP,3,ME.LO,2,LO.LOP,2,ME.LOP,2
368120339124,mixed,mix->mix,mix,mix,2,1,1,2282,4,1.804,32138,14.083,LO,3,2,2,"[LO.LOPL3, MEL2] -> LOL3 -> [LO.LOPL4, ME.LOPL2]",LO.LOP,3,ME,2,LO.LOP,4,ME.LOP,2
366046611103,mixed,mix->mix,mix,mix,1,1,2,2282,11,1.724,39987,17.523,LO,3,2,2,"[MEL2, MEL3] -> LOL3 -> [LO.LOPL2, ME.LOPL3]",ME,2,ME,3,LO.LOP,2,ME.LOP,3
361687070776,mixed,FF->mix,FF,mix,2,1,1,2282,4,1.124,13779,6.038,LO,3,2,2,"[LO.LOPL2, ME.LOL2] -> LOL3 -> [LO.LOPL3, ME.LOPL2]",LO.LOP,2,ME.LO,2,LO.LOP,3,ME.LOP,2
360830849620,mixed,mix->mix,mix,mix,1,1,2,2282,3,1.267,15172,6.649,LO,3,2,2,"[LO.LOPL2, ME.LOPL3] -> LOL3 -> [LO.LOPL3, ME.LOL2]",LO.LOP,2,ME.LOP,3,LO.LOP,3,ME.LO,2
346097869730,mixed,mix->mix,mix,mix,1,1,2,2282,8,1.33,17417,7.632,LO,3,2,2,"[MEL3, ME.LOPL2] -> LOL3 -> [LO.LOPL2, ME.LOPL3]",ME,3,ME.LOP,2,LO.LOP,2,ME.LOP,3
345569112843,mixed,mix->FB,mix,FB,1,2,1,2282,15,1.671,44456,19.481,LO,3,2,2,"[MEL2, MEL3] -> LOL3 -> [ME.LOL2, ME.LOPL2]",ME,2,ME,3,ME.LO,2,ME.LOP,2
343265261745,mixed,lat->mix,lat,mix,0,1,3,2282,11,1.978,43284,18.968,LO,3,2,2,"[MEL3, ME.LOPL3] -> LOL3 -> [LO.LOPL3, MEL2]",ME,3,ME.LOP,3,LO.LOP,3,ME,2
342583130114,mixed,lat->FB,lat,FB,0,2,2,2282,5,1.314,17417,7.632,LO,3,2,2,"[MEL3, ME.LOPL3] -> LOL3 -> [LO.LOPL2, ME.LOPL2]",ME,3,ME.LOP,3,LO.LOP,2,ME.LOP,2
332514959958,mixed,FF->lat,FF,lat,2,0,2,2282,28,1.676,33758,14.793,LO,3,2,2,"[LOL2, MEL2] -> LOL3 -> [LO.LOPL3, ME.LOPL3]",LO,2,ME,2,LO.LOP,3,ME.LOP,3
329063579520,mixed,mix->mix,mix,mix,0,2,2,2282,2,1.836,10961,4.803,LO,3,2,2,"[LO.LOPL3, LO.LOPL4] -> LOL3 -> [ME.LOPL2, ME.LOPL3]",LO.LOP,3,LO.LOP,4,ME.LOP,2,ME.LOP,3
326116378903,mixed,mix->mix,mix,mix,1,1,2,2282,11,1.519,21799,9.553,LO,3,2,2,"[MEL3, ME.LOL2] -> LOL3 -> [LO.LOPL2, ME.LOPL3]",ME,3,ME.LO,2,LO.LOP,2,ME.LOP,3
322058567844,mixed,mix->mix,mix,mix,2,0,2,2282,5,1.813,17588,7.707,LO,3,2,2,"[MEL3, ME.LOPL2] -> LOL3 -> [LO.LOPL4, ME.LOPL3]",ME,3,ME.LOP,2,LO.LOP,4,ME.LOP,3
321230075488,mixed,mix->FB,mix,FB,1,2,1,2282,6,1.613,35925,15.743,LO,3,2,2,"[MEL2, ME.LOPL3] -> LOL3 -> [LO.LOPL2, ME.LOL2]",ME,2,ME.LOP,3,LO.LOP,2,ME.LO,2
319901047594,mixed,mix->mix,mix,mix,1,2,1,2282,3,1.626,36520,16.004,LO,3,2,2,"[LO.LOPL4, MEL2] -> LOL3 -> [LO.LOPL3, ME.LOL2]",LO.LOP,4,ME,2,LO.LOP,3,ME.LO,2
317472357280,mixed,mix->mix,mix,mix,1,2,1,2282,2,1.677,31714,13.897,LO,3,2,2,"[LO.LOPL4, MEL2] -> LOL3 -> [ME.LOPL2, ME.LOPL3]",LO.LOP,4,ME,2,ME.LOP,2,ME.LOP,3
314430268011,mixed,mix->mix,mix,mix,1,1,2,2282,5,1.196,10790,4.728,LO,3,2,2,"[LO.LOPL2, LO.LOPL3] -> LOL3 -> [ME.LOPL2, ME.LOPL3]",LO.LOP,2,LO.LOP,3,ME.LOP,2,ME.LOP,3
313827601068,mixed,mix->FB,mix,FB,1,2,1,2282,4,1.266,13355,5.852,LO,3,2,2,"[ME.LOPL2, ME.LOPL3] -> LOL3 -> [LO.LOPL2, ME.LOL2]",ME.LOP,2,ME.LOP,3,LO.LOP,2,ME.LO,2
310367066136,mixed,lat->mix,lat,mix,1,1,2,2282,4,1.837,17588,7.707,LO,3,2,2,"[MEL3, ME.LOPL3] -> LOL3 -> [LO.LOPL4, ME.LOPL2]",ME,3,ME.LOP,3,LO.LOP,4,ME.LOP,2
309790912734,mixed,mix->mix,mix,mix,2,1,1,2282,5,1.575,36520,16.004,LO,3,2,2,"[LO.LOPL3, MEL2] -> LOL3 -> [LO.LOPL4, ME.LOL2]",LO.LOP,3,ME,2,LO.LOP,4,ME.LO,2
309495957475,mixed,mix->lat,mix,lat,1,0,3,2282,27,1.398,41439,18.159,LO,3,2,2,"[MEL2, ME.LOL3] -> LOL3 -> [LO.LOPL3, ME.LOPL3]",ME,2,ME.LO,3,LO.LOP,3,ME.LOP,3
297140608570,mixed,mix->mix,mix,mix,1,2,1,2282,2,1.988,13950,6.113,LO,3,2,2,"[LO.LOPL4, ME.LOL2] -> LOL3 -> [LO.LOPL3, ME.LOPL2]",LO.LOP,4,ME.LO,2,LO.LOP,3,ME.LOP,2
296702865636,mixed,FF->FB,FF,FB,2,2,0,2282,11,1.305,34532,15.132,LO,3,2,2,"[MEL2, ME.LOL2] -> LOL3 -> [LO.LOPL2, ME.LOPL2]",ME,2,ME.LO,2,LO.LOP,2,ME.LOP,2
281693860136,mixed,mix->mix,mix,mix,2,1,1,2282,4,1.967,13950,6.113,LO,3,2,2,"[LO.LOPL3, ME.LOL2] -> LOL3 -> [LO.LOPL4, ME.LOPL2]",LO.LOP,3,ME.LO,2,LO.LOP,4,ME.LOP,2
280605540110,mixed,lat->FB,lat,FB,0,2,2,2282,5,1.255,17841,7.818,LO,3,2,2,"[LO.LOPL3, MEL3] -> LOL3 -> [LO.LOPL2, ME.LOPL2]",LO.LOP,3,ME,3,LO.LOP,2,ME.LOP,2
275109422880,mixed,mix->mix,mix,mix,0,2,2,2282,2,1.607,15343,6.723,LO,3,2,2,"[LO.LOPL3, LO.LOPL4] -> LOL3 -> [ME.LOL2, ME.LOPL3]",LO.LOP,3,LO.LOP,4,ME.LO,2,ME.LOP,3
273341496320,mixed,mix->mix,mix,mix,1,2,1,2282,2,1.462,36096,15.818,LO,3,2,2,"[LO.LOPL4, MEL2] -> LOL3 -> [ME.LOL2, ME.LOPL3]",LO.LOP,4,ME,2,ME.LO,2,ME.LOP,3
272935830908,mixed,mix->mix,mix,mix,1,1,2,2282,4,1.142,17841,7.818,LO,3,2,2,"[LO.LOPL2, MEL3] -> LOL3 -> [LO.LOPL3, ME.LOPL2]",LO.LOP,2,ME,3,LO.LOP,3,ME.LOP,2
264712211813,mixed,FF->mix,FF,mix,3,1,0,2282,8,1.851,34703,15.207,LO,3,2,2,"[MEL2, ME.LOL2] -> LOL3 -> [LO.LOPL4, ME.LOPL2]",ME,2,ME.LO,2,LO.LOP,4,ME.LOP,2
260745348062,mixed,mix->mix,mix,mix,2,1,1,2282,3,1.91,13526,5.927,LO,3,2,2,"[ME.LOPL2, ME.LOPL3] -> LOL3 -> [LO.LOPL4, ME.LOL2]",ME.LOP,2,ME.LOP,3,LO.LOP,4,ME.LO,2
259398944610,mixed,lat->mix,lat,mix,1,1,2,2282,3,1.609,21970,9.628,LO,3,2,2,"[MEL3, ME.LOPL3] -> LOL3 -> [LO.LOPL4, ME.LOL2]",ME,3,ME.LOP,3,LO.LOP,4,ME.LO,2
258050065321,mixed,mix->FB,mix,FB,1,2,1,2282,5,1.216,13779,6.038,LO,3,2,2,"[LO.LOPL3, ME.LOPL2] -> LOL3 -> [LO.LOPL2, ME.LOL2]",LO.LOP,3,ME.LOP,2,LO.LOP,2,ME.LO,2
256995071275,mixed,mix->FB,mix,FB,1,2,1,2282,5,1.512,36349,15.929,LO,3,2,2,"[LO.LOPL3, MEL2] -> LOL3 -> [LO.LOPL2, ME.LOL2]",LO.LOP,3,ME,2,LO.LOP,2,ME.LO,2
252955413396,mixed,FF->mix,FF,mix,2,1,1,2282,4,1.119,13779,6.038,LO,3,2,2,"[LO.LOPL2, ME.LOPL2] -> LOL3 -> [LO.LOPL3, ME.LOL2]",LO.LOP,2,ME.LOP,2,LO.LOP,3,ME.LO,2
251385249913,mixed,FF->mix,FF,mix,2,1,1,2282,5,1.268,31543,13.823,LO,3,2,2,"[LO.LOPL2, MEL2] -> LOL3 -> [ME.LOPL2, ME.LOPL3]",LO.LOP,2,ME,2,ME.LOP,2,ME.LOP,3
250618134332,mixed,mix->mix,mix,mix,1,1,2,2282,8,1.976,39222,17.188,LO,3,2,2,"[LO.LOPL3, ME.LOL2] -> LOL3 -> [MEL2, ME.LOPL3]",LO.LOP,3,ME.LO,2,ME,2,ME.LOP,3
248184240265,mixed,FF->lat,FF,lat,2,0,2,2282,28,1.879,15570,6.823,LO,3,2,2,"[LOL2, ME.LOL2] -> LOL3 -> [LO.LOPL3, ME.LOPL3]",LO,2,ME.LO,2,LO.LOP,3,ME.LOP,3
239914838540,mixed,mix->mix,mix,mix,0,2,2,2282,2,1.959,18012,7.893,LO,3,2,2,"[LO.LOPL4, MEL3] -> LOL3 -> [LO.LOPL3, ME.LOPL2]",LO.LOP,4,ME,3,LO.LOP,3,ME.LOP,2
239526434143,mixed,FF->mix,FF,mix,2,1,1,2282,5,1.177,13355,5.852,LO,3,2,2,"[LO.LOPL2, ME.LOL2] -> LOL3 -> [ME.LOPL2, ME.LOPL3]",LO.LOP,2,ME.LO,2,ME.LOP,2,ME.LOP,3
238969461345,mixed,mix->lat,mix,lat,1,0,3,2282,12,1.276,43284,18.968,LO,3,2,2,"[MEL2, ME.LOPL3] -> LOL3 -> [LO.LOPL3, MEL3]",ME,2,ME.LOP,3,LO.LOP,3,ME,3
237957252604,mixed,FF->mix,FF,mix,2,1,1,2282,5,1.296,36349,15.929,LO,3,2,2,"[LO.LOPL2, MEL2] -> LOL3 -> [LO.LOPL3, ME.LOL2]",LO.LOP,2,ME,2,LO.LOP,3,ME.LO,2
237002608960,mixed,mix->mix,mix,mix,1,2,1,2282,2,1.88,13526,5.927,LO,3,2,2,"[LO.LOPL4, ME.LOL2] -> LOL3 -> [ME.LOPL2, ME.LOPL3]",LO.LOP,4,ME.LO,2,ME.LOP,2,ME.LOP,3
228265043019,mixed,lat->mix,lat,mix,1,1,2,2282,4,1.926,18012,7.893,LO,3,2,2,"[LO.LOPL3, MEL3] -> LOL3 -> [LO.LOPL4, ME.LOPL2]",LO.LOP,3,ME,3,LO.LOP,4,ME.LOP,2
227315923640,mixed,mix->mix,mix,mix,1,1,2,2282,8,1.962,34840,15.267,LO,3,2,2,"[LO.LOPL3, ME.LOPL2] -> LOL3 -> [MEL2, ME.LOPL3]",LO.LOP,3,ME.LOP,2,ME,2,ME.LOP,3
227267719370,mixed,FF->mix,FF,mix,2,1,1,2282,12,1.776,37829,16.577,LO,3,2,2,"[ME.LOL2, ME.LOPL2] -> LOL3 -> [LO.LOPL3, MEL2]",ME.LO,2,ME.LOP,2,LO.LOP,3,ME,2
226397894045,mixed,mix->FB,mix,FB,1,2,1,2282,9,1.347,38594,16.912,LO,3,2,2,"[MEL2, MEL3] -> LOL3 -> [LO.LOPL2, ME.LOPL2]",ME,2,ME,3,LO.LOP,2,ME.LOP,2
223706886751,mixed,lat->FB,lat,FB,0,2,2,2282,6,1.481,21799,9.553,LO,3,2,2,"[MEL3, ME.LOPL3] -> LOL3 -> [LO.LOPL2, ME.LOL2]",ME,3,ME.LOP,3,LO.LOP,2,ME.LO,2
221716276564,mixed,lat->FB,lat,FB,0,2,2,2282,5,1.947,34840,15.267,LO,3,2,2,"[LO.LOPL3, ME.LOPL3] -> LOL3 -> [MEL2, ME.LOPL2]",LO.LOP,3,ME.LOP,3,ME,2,ME.LOP,2
219471641036,mixed,mix->lat,mix,lat,1,0,3,2282,27,1.578,23251,10.189,LO,3,2,2,"[ME.LOL2, ME.LOL3] -> LOL3 -> [LO.LOPL3, ME.LOPL3]",ME.LO,2,ME.LO,3,LO.LOP,3,ME.LOP,3
216996165988,mixed,FF->lat,FF,lat,2,0,2,2282,14,2.0,11188,4.903,LO,3,2,2,"[LOL2, ME.LOPL2] -> LOL3 -> [LO.LOPL3, ME.LOPL3]",LO,2,ME.LOP,2,LO.LOP,3,ME.LOP,3
216754421308,mixed,mix->mix,mix,mix,2,1,1,2282,6,1.786,38765,16.987,LO,3,2,2,"[MEL2, MEL3] -> LOL3 -> [LO.LOPL4, ME.LOPL2]",ME,2,ME,3,LO.LOP,4,ME.LOP,2
215459739880,mixed,mix->mix,mix,mix,0,2,2,2282,2,1.985,9481,4.155,LO,3,2,2,"[LO.LOPL4, ME.LOPL3] -> LOL3 -> [LO.LOPL2, LO.LOPL3]",LO.LOP,4,ME.LOP,3,LO.LOP,2,LO.LOP,3
213242832677,mixed,mix->FB,mix,FB,1,2,1,2282,9,1.231,20406,8.942,LO,3,2,2,"[MEL3, ME.LOL2] -> LOL3 -> [LO.LOPL2, ME.LOPL2]",ME,3,ME.LO,2,LO.LOP,2,ME.LOP,2
210842646631,mixed,mix->mix,mix,mix,1,1,2,2282,11,1.999,11188,4.903,LO,3,2,2,"[LOL2, ME.LOPL3] -> LOL3 -> [LO.LOPL3, ME.LOPL2]",LO,2,ME.LOP,3,LO.LOP,3,ME.LOP,2
209500690872,mixed,mix->mix,mix,mix,1,1,2,2282,11,1.659,33758,14.793,LO,3,2,2,"[MEL2, ME.LOPL3] -> LOL3 -> [LOL2, LO.LOPL3]",ME,2,ME.LOP,3,LO,2,LO.LOP,3
206946850753,mixed,FF->FB,FF,FB,2,2,0,2282,7,1.295,34532,15.132,LO,3,2,2,"[MEL2, ME.LOPL2] -> LOL3 -> [LO.LOPL2, ME.LOL2]",ME,2,ME.LOP,2,LO.LOP,2,ME.LO,2
204361050348,mixed,lat->mix,lat,mix,1,1,2,2282,2,1.962,9481,4.155,LO,3,2,2,"[LO.LOPL3, ME.LOPL3] -> LOL3 -> [LO.LOPL2, LO.LOPL4]",LO.LOP,3,ME.LOP,3,LO.LOP,2,LO.LOP,4
204298934820,mixed,mix->mix,mix,mix,1,2,1,2282,2,1.993,13950,6.113,LO,3,2,2,"[LO.LOPL4, ME.LOPL2] -> LOL3 -> [LO.LOPL3, ME.LOL2]",LO.LOP,4,ME.LOP,2,LO.LOP,3,ME.LO,2
202958357543,mixed,mix->lat,mix,lat,1,0,3,2282,11,1.391,41439,18.159,LO,3,2,2,"[MEL2, ME.LOPL3] -> LOL3 -> [LO.LOPL3, ME.LOL3]",ME,2,ME.LOP,3,LO.LOP,3,ME.LO,3
202823509470,mixed,lat->mix,lat,mix,0,1,3,2282,7,1.939,43284,18.968,LO,3,2,2,"[LO.LOPL3, MEL3] -> LOL3 -> [MEL2, ME.LOPL3]",LO.LOP,3,ME,3,ME,2,ME.LOP,3
202801346464,mixed,mix->lat,mix,lat,1,0,3,2282,25,1.818,19632,8.603,LO,3,2,2,"[LOL2, MEL3] -> LOL3 -> [LO.LOPL3, ME.LOPL3]",LO,2,ME,3,LO.LOP,3,ME.LOP,3
199838480211,mixed,mix->mix,mix,mix,1,1,2,2282,5,1.307,15172,6.649,LO,3,2,2,"[LO.LOPL2, LO.LOPL3] -> LOL3 -> [ME.LOL2, ME.LOPL3]",LO.LOP,2,LO.LOP,3,ME.LO,2,ME.LOP,3
193917180260,mixed,mix->mix,mix,mix,0,2,2,2282,2,1.769,22394,9.813,LO,3,2,2,"[LO.LOPL4, MEL3] -> LOL3 -> [LO.LOPL3, ME.LOL2]",LO.LOP,4,ME,3,LO.LOP,3,ME.LO,2
193651669120,mixed,mix->mix,mix,mix,0,2,2,2282,2,1.819,17588,7.707,LO,3,2,2,"[LO.LOPL4, MEL3] -> LOL3 -> [ME.LOPL2, ME.LOPL3]",LO.LOP,4,ME,3,ME.LOP,2,ME.LOP,3
193494362239,mixed,mix->mix,mix,mix,2,1,1,2282,4,1.975,13950,6.113,LO,3,2,2,"[LO.LOPL3, ME.LOPL2] -> LOL3 -> [LO.LOPL4, ME.LOL2]",LO.LOP,3,ME.LOP,2,LO.LOP,4,ME.LO,2
192320265666,mixed,mix->mix,mix,mix,2,1,1,2282,2,1.842,30234,13.249,LO,3,2,2,"[MEL2, ME.LOPL3] -> LOL3 -> [LO.LOPL2, LO.LOPL4]",ME,2,ME.LOP,3,LO.LOP,2,LO.LOP,4
188587783742,mixed,mix->mix,mix,mix,1,1,2,2282,24,1.995,46273,20.277,LO,3,2,2,"[MEL3, ME.LOL2] -> LOL3 -> [LO.LOPL3, MEL2]",ME,3,ME.LO,2,LO.LOP,3,ME,2
186629075499,mixed,lat->mix,lat,mix,1,1,2,2282,4,1.716,22394,9.813,LO,3,2,2,"[LO.LOPL3, MEL3] -> LOL3 -> [LO.LOPL4, ME.LOL2]",LO.LOP,3,ME,3,LO.LOP,4,ME.LO,2
183021998297,mixed,mix->mix,mix,mix,2,1,1,2282,7,1.558,43147,18.908,LO,3,2,2,"[MEL2, MEL3] -> LOL3 -> [LO.LOPL4, ME.LOL2]",ME,2,ME,3,LO.LOP,4,ME.LO,2
182529377214,pure_lateral,lat->lat,lat,lat,0,0,4,2282,24,1.515,27313,11.969,LO,3,2,2,"[MEL3, ME.LOL3] -> LOL3 -> [LO.LOPL3, ME.LOPL3]",ME,3,ME.LO,3,LO.LOP,3,ME.LOP,3
181369715758,mixed,mix->mix,mix,mix,1,1,2,2282,5,1.203,17417,7.632,LO,3,2,2,"[LO.LOPL2, MEL3] -> LOL3 -> [ME.LOPL2, ME.LOPL3]",LO.LOP,2,ME,3,ME.LOP,2,ME.LOP,3
181325663304,mixed,FF->mix,FF,mix,3,1,0,2282,4,1.866,34703,15.207,LO,3,2,2,"[MEL2, ME.LOPL2] -> LOL3 -> [LO.LOPL4, ME.LOL2]",ME,2,ME.LOP,2,LO.LOP,4,ME.LO,2
180833949054,mixed,lat->FB,lat,FB,0,2,2,2282,5,1.396,22223,9.738,LO,3,2,2,"[LO.LOPL3, MEL3] -> LOL3 -> [LO.LOPL2, ME.LOL2]",LO.LOP,3,ME,3,LO.LOP,2,ME.LO,2
178603706885,mixed,mix->lat,mix,lat,1,0,3,2282,13,1.823,18869,8.269,LO,3,2,2,"[ME.LOL3, ME.LOPL2] -> LOL3 -> [LO.LOPL3, ME.LOPL3]",ME.LO,3,ME.LOP,2,LO.LOP,3,ME.LOP,3
178095381189,mixed,mix->mix,mix,mix,1,1,2,2282,11,1.841,41891,18.357,LO,3,2,2,"[MEL3, ME.LOPL2] -> LOL3 -> [LO.LOPL3, MEL2]",ME,3,ME.LOP,2,LO.LOP,3,ME,2
172294874606,mixed,lat->mix,lat,mix,1,0,3,2282,4,1.129,17560,7.695,LO,3,2,2,"[ME.LOL3, ME.LOPL3] -> LOL3 -> [LO.LOPL3, LO.LOPL4]",ME.LO,3,ME.LOP,3,LO.LOP,3,LO.LOP,4
172165769005,mixed,lat->mix,lat,mix,0,1,3,2282,11,1.847,18869,8.269,LO,3,2,2,"[ME.LOL3, ME.LOPL3] -> LOL3 -> [LO.LOPL3, ME.LOPL2]",ME.LO,3,ME.LOP,3,LO.LOP,3,ME.LOP,2
171177408508,mixed,mix->mix,mix,mix,1,1,2,2282,4,1.224,22223,9.738,LO,3,2,2,"[LO.LOPL2, MEL3] -> LOL3 -> [LO.LOPL3, ME.LOL2]",LO.LOP,2,ME,3,LO.LOP,3,ME.LO,2
169497608164,mixed,mix->mix,mix,mix,2,0,2,2282,4,1.24,9879,4.329,LO,3,2,2,"[LOL2, ME.LOPL3] -> LOL3 -> [LO.LOPL3, LO.LOPL4]",LO,2,ME.LOP,3,LO.LOP,3,LO.LOP,4
168579456684,mixed,mix->mix,mix,mix,2,0,2,2282,2,1.853,32714,14.336,LO,3,2,2,"[MEL2, ME.LOPL3] -> LOL3 -> [LO.LOPL3, ME.LOPL4]",ME,2,ME.LOP,3,LO.LOP,3,ME.LOP,4
167417089746,mixed,FF->mix,FF,mix,2,1,1,2282,14,1.932,37405,16.391,LO,3,2,2,"[ME.LOL2, ME.LOPL2] -> LOL3 -> [MEL2, ME.LOPL3]",ME.LO,2,ME.LOP,2,ME,2,ME.LOP,3
167380566901,mixed,FF->mix,FF,mix,2,1,1,2282,5,1.171,13355,5.852,LO,3,2,2,"[LO.LOPL2, ME.LOPL2] -> LOL3 -> [ME.LOL2, ME.LOPL3]",LO.LOP,2,ME.LOP,2,ME.LO,2,ME.LOP,3
166952533180,mixed,lat->FB,lat,FB,0,2,2,2282,4,1.991,39222,17.188,LO,3,2,2,"[LO.LOPL3, ME.LOPL3] -> LOL3 -> [MEL2, ME.LOL2]",LO.LOP,3,ME.LOP,3,ME,2,ME.LO,2
166238117332,mixed,mix->FB,mix,FB,1,2,1,2282,3,1.162,13355,5.852,LO,3,2,2,"[LO.LOPL2, ME.LOPL3] -> LOL3 -> [ME.LOL2, ME.LOPL2]",LO.LOP,2,ME.LOP,3,ME.LO,2,ME.LOP,2
165443639963,mixed,mix->lat,mix,lat,1,0,3,2282,12,1.411,25096,10.997,LO,3,2,2,"[ME.LOL2, ME.LOPL3] -> LOL3 -> [LO.LOPL3, MEL3]",ME.LO,2,ME.LOP,3,LO.LOP,3,ME,3
165276366816,mixed,mix->mix,mix,mix,2,1,1,2282,6,1.958,20577,9.017,LO,3,2,2,"[MEL3, ME.LOL2] -> LOL3 -> [LO.LOPL4, ME.LOPL2]",ME,3,ME.LO,2,LO.LOP,4,ME.LOP,2
164289350004,mixed,mix->mix,mix,mix,1,1,2,2282,9,1.914,15570,6.823,LO,3,2,2,"[LOL2, ME.LOPL3] -> LOL3 -> [LO.LOPL3, ME.LOL2]",LO,2,ME.LOP,3,LO.LOP,3,ME.LO,2
163502728234,mixed,mix->FB,mix,FB,1,2,1,2282,11,1.913,37405,16.391,LO,3,2,2,"[ME.LOL2, ME.LOPL3] -> LOL3 -> [MEL2, ME.LOPL2]",ME.LO,2,ME.LOP,3,ME,2,ME.LOP,2
162492495025,mixed,FF->mix,FF,mix,2,1,1,2282,5,1.416,35925,15.743,LO,3,2,2,"[LO.LOPL2, MEL2] -> LOL3 -> [ME.LOL2, ME.LOPL3]",LO.LOP,2,ME,2,ME.LO,2,ME.LOP,3
162459565280,mixed,mix->mix,mix,mix,0,2,2,2282,2,1.59,21970,9.628,LO,3,2,2,"[LO.LOPL4, MEL3] -> LOL3 -> [ME.LOL2, ME.LOPL3]",LO.LOP,4,ME,3,ME.LO,2,ME.LOP,3
162437400960,mixed,mix->mix,mix,mix,1,2,1,2282,2,1.895,13526,5.927,LO,3,2,2,"[LO.LOPL4, ME.LOPL2] -> LOL3 -> [ME.LOL2, ME.LOPL3]",LO.LOP,4,ME.LOP,2,ME.LO,2,ME.LOP,3
160699776680,mixed,mix->mix,mix,mix,0,2,2,2282,2,1.353,33531,14.694,LO,3,2,2,"[LO.LOPL4, ME.LOPL3] -> LOL3 -> [LO.LOPL3, MEL2]",LO.LOP,4,ME.LOP,3,LO.LOP,3,ME,2
157346640220,mixed,lat->mix,lat,mix,1,1,2,2282,3,1.319,33531,14.694,LO,3,2,2,"[LO.LOPL3, ME.LOPL3] -> LOL3 -> [LO.LOPL4, MEL2]",LO.LOP,3,ME.LOP,3,LO.LOP,4,ME,2
156894306634,mixed,mix->FB,mix,FB,0,3,1,2282,2,1.915,13526,5.927,LO,3,2,2,"[LO.LOPL4, ME.LOPL3] -> LOL3 -> [ME.LOL2, ME.LOPL2]",LO.LOP,4,ME.LOP,3,ME.LO,2,ME.LOP,2
155882043132,mixed,mix->mix,mix,mix,2,0,2,2282,2,1.951,9481,4.155,LO,3,2,2,"[LO.LOPL2, ME.LOPL3] -> LOL3 -> [LO.LOPL3, LO.LOPL4]",LO.LOP,2,ME.LOP,3,LO.LOP,3,LO.LOP,4
155871917445,mixed,mix->mix,mix,mix,1,1,2,2282,11,1.865,15570,6.823,LO,3,2,2,"[ME.LOL2, ME.LOPL3] -> LOL3 -> [LOL2, LO.LOPL3]",ME.LO,2,ME.LOP,3,LO,2,LO.LOP,3
148915628004,mixed,mix->FB,mix,FB,1,2,1,2282,10,1.528,42976,18.833,LO,3,2,2,"[MEL2, MEL3] -> LOL3 -> [LO.LOPL2, ME.LOL2]",ME,2,ME,3,LO.LOP,2,ME.LO,2
148893485054,mixed,mix->FB,mix,FB,1,2,1,2282,7,1.223,20406,8.942,LO,3,2,2,"[MEL3, ME.LOPL2] -> LOL3 -> [LO.LOPL2, ME.LOL2]",ME,3,ME.LOP,2,LO.LOP,2,ME.LO,2
148793633537,mixed,mix->mix,mix,mix,1,2,1,2282,8,1.962,30658,13.435,LO,3,2,2,"[LO.LOPL4, MEL2] -> LOL3 -> [LO.LOPL2, LO.LOPL3]",LO.LOP,4,ME,2,LO.LOP,2,LO.LOP,3
148404827046,mixed,mix->mix,mix,mix,2,1,1,2282,2,1.984,12046,5.279,LO,3,2,2,"[ME.LOL2, ME.LOPL3] -> LOL3 -> [LO.LOPL2, LO.LOPL4]",ME.LO,2,ME.LOP,3,LO.LOP,2,LO.LOP,4
147806731976,mixed,mix->lat,mix,lat,1,0,3,2282,9,1.239,43284,18.968,LO,3,2,2,"[LO.LOPL3, MEL2] -> LOL3 -> [MEL3, ME.LOPL3]",LO.LOP,3,ME,2,ME,3,ME.LOP,3
146994276568,mixed,mix->mix,mix,mix,1,1,2,2282,28,1.968,45849,20.092,LO,3,2,2,"[MEL3, ME.LOL2] -> LOL3 -> [MEL2, ME.LOPL3]",ME,3,ME.LO,2,ME,2,ME.LOP,3
144799436364,mixed,FF->mix,FF,mix,2,1,1,2282,22,1.997,32365,14.183,LO,3,2,2,"[LOL2, MEL2] -> LOL3 -> [LO.LOPL3, ME.LOPL2]",LO,2,ME,2,LO.LOP,3,ME.LOP,2
143731320164,mixed,mix->lat,mix,lat,1,0,3,2282,11,1.568,23251,10.189,LO,3,2,2,"[ME.LOL2, ME.LOPL3] -> LOL3 -> [LO.LOPL3, ME.LOL3]",ME.LO,2,ME.LOP,3,LO.LOP,3,ME.LO,3
143576026387,mixed,lat->mix,lat,mix,0,1,3,2282,9,1.62,23251,10.189,LO,3,2,2,"[ME.LOL3, ME.LOPL3] -> LOL3 -> [LO.LOPL3, ME.LOL2]",ME.LO,3,ME.LOP,3,LO.LOP,3,ME.LO,2
141526771913,mixed,mix->mix,mix,mix,2,1,1,2282,8,1.93,30658,13.435,LO,3,2,2,"[LO.LOPL3, MEL2] -> LOL3 -> [LO.LOPL2, LO.LOPL4]",LO.LOP,3,ME,2,LO.LOP,2,LO.LOP,4
137881294465,mixed,mix->FB,mix,FB,1,2,1,2282,5,1.131,13779,6.038,LO,3,2,2,"[LO.LOPL2, LO.LOPL3] -> LOL3 -> [ME.LOL2, ME.LOPL2]",LO.LOP,2,LO.LOP,3,ME.LO,2,ME.LOP,2
135712384533,mixed,mix->mix,mix,mix,1,1,2,2282,6,1.999,11188,4.903,LO,3,2,2,"[ME.LOPL2, ME.LOPL3] -> LOL3 -> [LOL2, LO.LOPL3]",ME.LOP,2,ME.LOP,3,LO,2,LO.LOP,3
135355601268,mixed,mix->mix,mix,mix,2,1,1,2282,2,1.95,7664,3.358,LO,3,2,2,"[ME.LOPL2, ME.LOPL3] -> LOL3 -> [LO.LOPL2, LO.LOPL4]",ME.LOP,2,ME.LOP,3,LO.LOP,2,LO.LOP,4
132735263481,mixed,mix->mix,mix,mix,1,1,2,2282,13,1.971,41467,18.171,LO,3,2,2,"[MEL3, ME.LOPL2] -> LOL3 -> [MEL2, ME.LOPL3]",ME,3,ME.LOP,2,ME,2,ME.LOP,3
130405129044,mixed,mix->mix,mix,mix,2,0,2,2282,2,1.988,14526,6.365,LO,3,2,2,"[ME.LOL2, ME.LOPL3] -> LOL3 -> [LO.LOPL3, ME.LOPL4]",ME.LO,2,ME.LOP,3,LO.LOP,3,ME.LOP,4
129765654637,mixed,mix->lat,mix,lat,1,0,3,2282,7,1.631,20714,9.077,LO,3,2,2,"[ME.LOPL2, ME.LOPL3] -> LOL3 -> [LO.LOPL3, MEL3]",ME.LOP,2,ME.LOP,3,LO.LOP,3,ME,3
129406556339,mixed,lat->FB,lat,FB,0,2,2,2282,10,1.958,41467,18.171,LO,3,2,2,"[MEL3, ME.LOPL3] -> LOL3 -> [MEL2, ME.LOPL2]",ME,3,ME.LOP,3,ME,2,ME.LOP,2
127506526297,mixed,lat->mix,lat,mix,0,1,3,2282,10,1.802,19632,8.603,LO,3,2,2,"[MEL3, ME.LOPL3] -> LOL3 -> [LOL2, LO.LOPL3]",ME,3,ME.LOP,3,LO,2,LO.LOP,3
127119011880,mixed,mix->mix,mix,mix,0,2,2,2282,2,1.951,9481,4.155,LO,3,2,2,"[LO.LOPL3, LO.LOPL4] -> LOL3 -> [LO.LOPL2, ME.LOPL3]",LO.LOP,3,LO.LOP,4,LO.LOP,2,ME.LOP,3
127099036588,mixed,mix->FB,mix,FB,1,2,1,2282,8,1.821,37829,16.577,LO,3,2,2,"[LO.LOPL3, ME.LOL2] -> LOL3 -> [MEL2, ME.LOPL2]",LO.LOP,3,ME.LO,2,ME,2,ME.LOP,2
126891776475,mixed,mix->mix,mix,mix,1,1,2,2282,5,1.588,33758,14.793,LO,3,2,2,"[LO.LOPL3, MEL2] -> LOL3 -> [LOL2, ME.LOPL3]",LO.LOP,3,ME,2,LO,2,ME.LOP,3
124734306967,mixed,mix->lat,mix,lat,1,0,3,2282,5,1.342,41439,18.159,LO,3,2,2,"[LO.LOPL3, MEL2] -> LOL3 -> [ME.LOL3, ME.LOPL3]",LO.LOP,3,ME,2,ME.LO,3,ME.LOP,3
124002556016,mixed,mix->mix,mix,mix,2,0,2,2282,15,1.116,38737,16.975,LO,3,2,2,"[MEL2, ME.LOL3] -> LOL3 -> [LO.LOPL3, LO.LOPL4]",ME,2,ME.LO,3,LO.LOP,3,LO.LOP,4
123458663330,mixed,mix->mix,mix,mix,1,1,2,2282,8,1.994,11188,4.903,LO,3,2,2,"[LOL2, LO.LOPL3] -> LOL3 -> [ME.LOPL2, ME.LOPL3]",LO,2,LO.LOP,3,ME.LOP,2,ME.LOP,3
121396855843,mixed,FF->mix,FF,mix,3,0,1,2282,25,1.216,31056,13.609,LO,3,2,2,"[LOL2, MEL2] -> LOL3 -> [LO.LOPL3, LO.LOPL4]",LO,2,ME,2,LO.LOP,3,LO.LOP,4
120172435631,mixed,mix->mix,mix,mix,1,1,2,2282,21,1.797,40046,17.549,LO,3,2,2,"[MEL2, ME.LOL3] -> LOL3 -> [LO.LOPL3, ME.LOPL2]",ME,2,ME.LO,3,LO.LOP,3,ME.LOP,2
119985135320,mixed,mix->mix,mix,mix,1,2,1,2282,2,1.824,30234,13.249,LO,3,2,2,"[LO.LOPL4, MEL2] -> LOL3 -> [LO.LOPL2, ME.LOPL3]",LO.LOP,4,ME,2,LO.LOP,2,ME.LOP,3
119923100436,mixed,lat->mix,lat,mix,1,1,2,2282,2,1.952,16108,7.059,LO,3,2,2,"[MEL3, ME.LOPL3] -> LOL3 -> [LO.LOPL2, LO.LOPL4]",ME,3,ME.LOP,3,LO.LOP,2,LO.LOP,4
119593728754,pure_lateral,lat->lat,lat,lat,0,0,4,2282,11,1.506,27313,11.969,LO,3,2,2,"[MEL3, ME.LOPL3] -> LOL3 -> [LO.LOPL3, ME.LOL3]",ME,3,ME.LOP,3,LO.LOP,3,ME.LO,3
119295290232,mixed,mix->mix,mix,mix,2,0,2,2282,2,1.942,10144,4.445,LO,3,2,2,"[ME.LOPL2, ME.LOPL3] -> LOL3 -> [LO.LOPL3, ME.LOPL4]",ME.LOP,2,ME.LOP,3,LO.LOP,3,ME.LOP,4
118761286912,mixed,mix->mix,mix,mix,1,2,1,2282,5,1.989,12470,5.465,LO,3,2,2,"[LO.LOPL4, ME.LOL2] -> LOL3 -> [LO.LOPL2, LO.LOPL3]",LO.LOP,4,ME.LO,2,LO.LOP,2,LO.LOP,3
118147337133,mixed,FF->mix,FF,mix,2,1,1,2282,22,1.94,14177,6.213,LO,3,2,2,"[LOL2, ME.LOL2] -> LOL3 -> [LO.LOPL3, ME.LOPL2]",LO,2,ME.LO,2,LO.LOP,3,ME.LOP,2
117660646486,mixed,FF->lat,FF,lat,2,0,2,2282,29,1.373,46273,20.277,LO,3,2,2,"[MEL2, ME.LOL2] -> LOL3 -> [LO.LOPL3, MEL3]",ME,2,ME.LO,2,LO.LOP,3,ME,3
116734494556,mixed,mix->lat,mix,lat,1,0,3,2282,6,1.814,18869,8.269,LO,3,2,2,"[ME.LOPL2, ME.LOPL3] -> LOL3 -> [LO.LOPL3, ME.LOL3]",ME.LOP,2,ME.LOP,3,LO.LOP,3,ME.LO,3
116510636658,mixed,mix->FB,mix,FB,0,3,1,2282,2,1.978,13950,6.113,LO,3,2,2,"[LO.LOPL3, LO.LOPL4] -> LOL3 -> [ME.LOL2, ME.LOPL2]",LO.LOP,3,LO.LOP,4,ME.LO,2,ME.LOP,2
115463157246,mixed,mix->mix,mix,mix,1,1,2,2282,5,1.318,21799,9.553,LO,3,2,2,"[LO.LOPL2, MEL3] -> LOL3 -> [ME.LOL2, ME.LOPL3]",LO.LOP,2,ME,3,ME.LO,2,ME.LOP,3
114655092834,mixed,FF->mix,FF,mix,2,1,1,2282,24,1.913,31941,13.997,LO,3,2,2,"[LOL2, MEL2] -> LOL3 -> [ME.LOPL2, ME.LOPL3]",LO,2,ME,2,ME.LOP,2,ME.LOP,3
114216373192,mixed,FF->mix,FF,mix,2,1,1,2282,20,1.871,36747,16.103,LO,3,2,2,"[LOL2, MEL2] -> LOL3 -> [LO.LOPL3, ME.LOL2]",LO,2,ME,2,LO.LOP,3,ME.LO,2
113887178960,mixed,mix->lat,mix,lat,1,1,2,2282,2,1.979,32714,14.336,LO,3,2,2,"[MEL2, ME.LOPL4] -> LOL3 -> [LO.LOPL3, ME.LOPL3]",ME,2,ME.LOP,4,LO.LOP,3,ME.LOP,3
113492060907,mixed,mix->mix,mix,mix,2,1,1,2282,4,1.967,20577,9.017,LO,3,2,2,"[MEL3, ME.LOPL2] -> LOL3 -> [LO.LOPL4, ME.LOL2]",ME,3,ME.LOP,2,LO.LOP,4,ME.LO,2
113130646378,mixed,mix->mix,mix,mix,2,0,2,2282,10,1.081,38313,16.789,LO,3,2,2,"[MEL2, ME.LOL3] -> LOL3 -> [LO.LOPL4, ME.LOPL3]",ME,2,ME.LO,3,LO.LOP,4,ME.LOP,3
113000378562,mixed,mix->FB,mix,FB,1,2,1,2282,6,1.899,37405,16.391,LO,3,2,2,"[ME.LOPL2, ME.LOPL3] -> LOL3 -> [MEL2, ME.LOL2]",ME.LOP,2,ME.LOP,3,ME,2,ME.LO,2
112714539720,mixed,mix->mix,mix,mix,1,2,1,2282,2,1.822,8088,3.544,LO,3,2,2,"[LO.LOPL4, ME.LOPL2] -> LOL3 -> [LO.LOPL2, LO.LOPL3]",LO.LOP,4,ME.LOP,2,LO.LOP,2,LO.LOP,3
111690385563,mixed,mix->mix,mix,mix,2,1,1,2282,5,1.999,12470,5.465,LO,3,2,2,"[LO.LOPL3, ME.LOL2] -> LOL3 -> [LO.LOPL2, LO.LOPL4]",LO.LOP,3,ME.LO,2,LO.LOP,2,LO.LOP,4
110876895884,mixed,mix->mix,mix,mix,2,1,1,2282,3,1.351,36096,15.818,LO,3,2,2,"[ME.LOL2, ME.LOPL3] -> LOL3 -> [LO.LOPL4, MEL2]",ME.LO,2,ME.LOP,3,LO.LOP,4,ME,2
109264987332,mixed,FF->mix,FF,mix,3,0,1,2282,10,1.151,30632,13.423,LO,3,2,2,"[LOL2, MEL2] -> LOL3 -> [LO.LOPL4, ME.LOPL3]",LO,2,ME,2,LO.LOP,4,ME.LOP,3
109088479761,mixed,FF->FB,FF,FB,2,2,0,2282,5,1.181,34532,15.132,LO,3,2,2,"[LO.LOPL2, MEL2] -> LOL3 -> [ME.LOL2, ME.LOPL2]",LO.LOP,2,ME,2,ME.LO,2,ME.LOP,2
109069410437,mixed,mix->FB,mix,FB,1,3,0,2282,2,1.872,34703,15.207,LO,3,2,2,"[LO.LOPL4, MEL2] -> LOL3 -> [ME.LOL2, ME.LOPL2]",LO.LOP,4,ME,2,ME.LO,2,ME.LOP,2
108704253400,mixed,mix->lat,mix,lat,0,1,3,2282,2,1.125,17560,7.695,LO,3,2,2,"[LO.LOPL4, ME.LOL3] -> LOL3 -> [LO.LOPL3, ME.LOPL3]",LO.LOP,4,ME.LO,3,LO.LOP,3,ME.LOP,3
108694735232,mixed,FF->mix,FF,mix,2,1,1,2282,24,1.816,36747,16.103,LO,3,2,2,"[MEL2, ME.LOL2] -> LOL3 -> [LOL2, LO.LOPL3]",ME,2,ME.LO,2,LO,2,LO.LOP,3
107483752239,mixed,lat->mix,lat,mix,1,0,3,2282,5,1.112,17560,7.695,LO,3,2,2,"[LO.LOPL3, ME.LOL3] -> LOL3 -> [LO.LOPL4, ME.LOPL3]",LO.LOP,3,ME.LO,3,LO.LOP,4,ME.LOP,3
106745627700,mixed,mix->lat,mix,lat,1,1,2,2282,2,1.231,9879,4.329,LO,3,2,2,"[LOL2, LO.LOPL4] -> LOL3 -> [LO.LOPL3, ME.LOPL3]",LO,2,LO.LOP,4,LO.LOP,3,ME.LOP,3
106252397585,mixed,FF->mix,FF,mix,3,0,1,2282,12,1.978,30658,13.435,LO,3,2,2,"[LO.LOPL2, MEL2] -> LOL3 -> [LO.LOPL3, LO.LOPL4]",LO.LOP,2,ME,2,LO.LOP,3,LO.LOP,4
105292258584,mixed,lat->mix,lat,mix,1,0,3,2282,2,1.959,18588,8.145,LO,3,2,2,"[MEL3, ME.LOPL3] -> LOL3 -> [LO.LOPL3, ME.LOPL4]",ME,3,ME.LOP,3,LO.LOP,3,ME.LOP,4
105050140956,mixed,mix->mix,mix,mix,2,0,2,2282,5,1.208,9879,4.329,LO,3,2,2,"[LOL2, LO.LOPL3] -> LOL3 -> [LO.LOPL4, ME.LOPL3]",LO,2,LO.LOP,3,LO.LOP,4,ME.LOP,3
104634293733,mixed,mix->mix,mix,mix,2,1,1,2282,3,1.87,8088,3.544,LO,3,2,2,"[LO.LOPL3, ME.LOPL2] -> LOL3 -> [LO.LOPL2, LO.LOPL4]",LO.LOP,3,ME.LOP,2,LO.LOP,2,LO.LOP,4
103799939517,mixed,FF->lat,FF,lat,2,0,2,2282,32,1.264,45849,20.092,LO,3,2,2,"[MEL2, ME.LOL2] -> LOL3 -> [MEL3, ME.LOPL3]",ME,2,ME.LO,2,ME,3,ME.LOP,3
103118297746,mixed,mix->mix,mix,mix,2,0,2,2282,9,1.135,33735,14.783,LO,3,2,2,"[MEL2, ME.LOPL3] -> LOL3 -> [LOL4, LO.LOPL3]",ME,2,ME.LOP,3,LO,4,LO.LOP,3
103059878370,mixed,lat->mix,lat,mix,0,1,3,2282,8,1.778,18869,8.269,LO,3,2,2,"[LO.LOPL3, ME.LOL3] -> LOL3 -> [ME.LOPL2, ME.LOPL3]",LO.LOP,3,ME.LO,3,ME.LOP,2,ME.LOP,3
102501707325,mixed,FF->mix,FF,mix,3,1,0,2282,7,1.961,33223,14.559,LO,3,2,2,"[MEL2, ME.LOL2] -> LOL3 -> [LO.LOPL2, LO.LOPL4]",ME,2,ME.LO,2,LO.LOP,2,LO.LOP,4
101577711820,mixed,FF->lat,FF,lat,2,0,2,2282,24,1.52,44428,19.469,LO,3,2,2,"[MEL2, ME.LOL2] -> LOL3 -> [LO.LOPL3, ME.LOL3]",ME,2,ME.LO,2,LO.LOP,3,ME.LO,3
101569758232,mixed,mix->lat,mix,lat,1,0,3,2282,9,1.359,25096,10.997,LO,3,2,2,"[LO.LOPL3, ME.LOL2] -> LOL3 -> [MEL3, ME.LOPL3]",LO.LOP,3,ME.LO,2,ME,3,ME.LOP,3
101257192372,mixed,mix->mix,mix,mix,1,1,2,2282,19,1.569,44428,19.469,LO,3,2,2,"[MEL2, ME.LOL3] -> LOL3 -> [LO.LOPL3, ME.LOL2]",ME,2,ME.LO,3,LO.LOP,3,ME.LO,2
100870495200,mixed,mix->mix,mix,mix,2,0,2,2282,2,1.785,32714,14.336,LO,3,2,2,"[LO.LOPL3, MEL2] -> LOL3 -> [ME.LOPL3, ME.LOPL4]",LO.LOP,3,ME,2,ME.LOP,3,ME.LOP,4
100248273498,mixed,mix->mix,mix,mix,1,1,2,2282,23,1.618,39622,17.363,LO,3,2,2,"[MEL2, ME.LOL3] -> LOL3 -> [ME.LOPL2, ME.LOPL3]",ME,2,ME.LO,3,ME.LOP,2,ME.LOP,3
99890775298,mixed,lat->FB,lat,FB,0,2,2,2282,7,1.882,41891,18.357,LO,3,2,2,"[LO.LOPL3, MEL3] -> LOL3 -> [MEL2, ME.LOPL2]",LO.LOP,3,ME,3,ME,2,ME.LOP,2
98971802880,mixed,mix->mix,mix,mix,0,2,2,2282,2,1.307,33531,14.694,LO,3,2,2,"[LO.LOPL3, LO.LOPL4] -> LOL3 -> [MEL2, ME.LOPL3]",LO.LOP,3,LO.LOP,4,ME,2,ME.LOP,3
97846155660,mixed,lat->FB,lat,FB,0,2,2,2282,11,1.986,45849,20.092,LO,3,2,2,"[MEL3, ME.LOPL3] -> LOL3 -> [MEL2, ME.LOL2]",ME,3,ME.LOP,3,ME,2,ME.LO,2
97812537442,mixed,mix->mix,mix,mix,1,1,2,2282,6,1.854,15570,6.823,LO,3,2,2,"[LOL2, LO.LOPL3] -> LOL3 -> [ME.LOL2, ME.LOPL3]",LO,2,LO.LOP,3,ME.LO,2,ME.LOP,3
96730964941,mixed,mix->lat,mix,lat,1,1,2,2282,18,1.664,34172,14.975,LO,3,2,2,"[MEL2, MEL4] -> LOL3 -> [LO.LOPL3, ME.LOPL3]",ME,2,ME,4,LO.LOP,3,ME.LOP,3
96407214100,mixed,mix->lat,mix,lat,1,1,2,2282,2,1.962,9481,4.155,LO,3,2,2,"[LO.LOPL2, LO.LOPL4] -> LOL3 -> [LO.LOPL3, ME.LOPL3]",LO.LOP,2,LO.LOP,4,LO.LOP,3,ME.LOP,3
94913350310,mixed,mix->mix,mix,mix,0,2,2,2282,2,2.0,16532,7.245,LO,3,2,2,"[LO.LOPL4, MEL3] -> LOL3 -> [LO.LOPL2, LO.LOPL3]",LO.LOP,4,ME,3,LO.LOP,2,LO.LOP,3
94092809156,mixed,FF->mix,FF,mix,2,1,1,2282,18,1.698,36323,15.917,LO,3,2,2,"[LOL2, MEL2] -> LOL3 -> [ME.LOL2, ME.LOPL3]",LO,2,ME,2,ME.LO,2,ME.LOP,3
93756773377,mixed,mix->mix,mix,mix,1,1,2,2282,18,1.977,18239,7.993,LO,3,2,2,"[LOL2, MEL3] -> LOL3 -> [LO.LOPL3, ME.LOPL2]",LO,2,ME,3,LO.LOP,3,ME.LOP,2
93418465619,mixed,FF->mix,FF,mix,2,1,1,2282,11,1.988,32365,14.183,LO,3,2,2,"[MEL2, ME.LOPL2] -> LOL3 -> [LOL2, LO.LOPL3]",ME,2,ME.LOP,2,LO,2,LO.LOP,3
93285633252,mixed,lat->mix,lat,mix,1,1,2,2282,3,1.308,40158,17.598,LO,3,2,2,"[MEL3, ME.LOPL3] -> LOL3 -> [LO.LOPL4, MEL2]",ME,3,ME.LOP,3,LO.LOP,4,ME,2
93184840983,mixed,mix->mix,mix,mix,1,1,2,2282,5,1.798,15570,6.823,LO,3,2,2,"[LO.LOPL3, ME.LOL2] -> LOL3 -> [LOL2, ME.LOPL3]",LO.LOP,3,ME.LO,2,LO,2,ME.LOP,3
92247975243,mixed,FF->mix,FF,mix,3,1,0,2282,3,1.977,28841,12.638,LO,3,2,2,"[MEL2, ME.LOPL2] -> LOL3 -> [LO.LOPL2, LO.LOPL4]",ME,2,ME.LOP,2,LO.LOP,2,LO.LOP,4
92223024740,mixed,mix->mix,mix,mix,1,2,1,2282,2,1.977,12046,5.279,LO,3,2,2,"[LO.LOPL4, ME.LOL2] -> LOL3 -> [LO.LOPL2, ME.LOPL3]",LO.LOP,4,ME.LO,2,LO.LOP,2,ME.LOP,3
91837584112,mixed,mix->mix,mix,mix,1,1,2,2282,21,1.964,21858,9.578,LO,3,2,2,"[ME.LOL2, ME.LOL3] -> LOL3 -> [LO.LOPL3, ME.LOPL2]",ME.LO,2,ME.LO,3,LO.LOP,3,ME.LOP,2
91822353180,mixed,lat->FB,lat,FB,0,2,2,2282,4,1.829,33360,14.619,LO,3,2,2,"[LO.LOPL3, ME.LOPL3] -> LOL3 -> [LO.LOPL2, MEL2]",LO.LOP,3,ME.LOP,3,LO.LOP,2,ME,2
91585975160,mixed,mix->lat,mix,lat,1,1,2,2282,2,1.977,14526,6.365,LO,3,2,2,"[ME.LOL2, ME.LOPL4] -> LOL3 -> [LO.LOPL3, ME.LOPL3]",ME.LO,2,ME.LOP,4,LO.LOP,3,ME.LOP,3
91474535676,mixed,FF->lat,FF,lat,2,0,2,2282,12,1.579,41891,18.357,LO,3,2,2,"[MEL2, ME.LOPL2] -> LOL3 -> [LO.LOPL3, MEL3]",ME,2,ME.LOP,2,LO.LOP,3,ME,3
91331556432,mixed,mix->mix,mix,mix,2,0,2,2282,5,1.055,40158,17.598,LO,3,2,2,"[MEL2, ME.LOPL3] -> LOL3 -> [LO.LOPL4, MEL3]",ME,2,ME.LOP,3,LO.LOP,4,ME,3
90402752626,mixed,FF->mix,FF,mix,2,1,1,2282,26,1.637,36323,15.917,LO,3,2,2,"[MEL2, ME.LOL2] -> LOL3 -> [LOL2, ME.LOPL3]",ME,2,ME.LO,2,LO,2,ME.LOP,3
90344483658,mixed,mix->mix,mix,mix,2,0,2,2282,3,1.985,9481,4.155,LO,3,2,2,"[LO.LOPL2, LO.LOPL3] -> LOL3 -> [LO.LOPL4, ME.LOPL3]",LO.LOP,2,LO.LOP,3,LO.LOP,4,ME.LOP,3
90038854452,mixed,FF->mix,FF,mix,2,1,1,2282,24,2.0,13753,6.027,LO,3,2,2,"[LOL2, ME.LOL2] -> LOL3 -> [ME.LOPL2, ME.LOPL3]",LO,2,ME.LO,2,ME.LOP,2,ME.LOP,3
90012272559,mixed,FF->mix,FF,mix,3,0,1,2282,3,1.967,35703,15.645,LO,3,2,2,"[MEL2, ME.LOL2] -> LOL3 -> [LO.LOPL3, ME.LOPL4]",ME,2,ME.LO,2,LO.LOP,3,ME.LOP,4
89591081700,mixed,lat->mix,lat,mix,1,1,2,2282,3,1.995,16532,7.245,LO,3,2,2,"[LO.LOPL3, MEL3] -> LOL3 -> [LO.LOPL2, LO.LOPL4]",LO.LOP,3,ME,3,LO.LOP,2,LO.LOP,4
89538454050,mixed,FF->mix,FF,mix,3,0,1,2282,3,1.581,8088,3.544,LO,3,2,2,"[LO.LOPL2, ME.LOPL2] -> LOL3 -> [LO.LOPL3, LO.LOPL4]",LO.LOP,2,ME.LOP,2,LO.LOP,3,LO.LOP,4
89271938013,mixed,FF->mix,FF,mix,3,0,1,2282,4,1.827,12470,5.465,LO,3,2,2,"[LO.LOPL2, ME.LOL2] -> LOL3 -> [LO.LOPL3, LO.LOPL4]",LO.LOP,2,ME.LO,2,LO.LOP,3,LO.LOP,4
89207066241,mixed,mix->mix,mix,mix,1,1,2,2282,21,1.749,40809,17.883,LO,3,2,2,"[MEL2, MEL3] -> LOL3 -> [LOL2, LO.LOPL3]",ME,2,ME,3,LO,2,LO.LOP,3
87998588858,mixed,mix->FB,mix,FB,1,2,1,2282,6,1.804,37829,16.577,LO,3,2,2,"[LO.LOPL3, ME.LOPL2] -> LOL3 -> [MEL2, ME.LOL2]",LO.LOP,3,ME.LOP,2,ME,2,ME.LO,2
87980596171,mixed,FF->lat,FF,lat,2,0,2,2282,26,1.376,44004,19.283,LO,3,2,2,"[MEL2, ME.LOL2] -> LOL3 -> [ME.LOL3, ME.LOPL3]",ME,2,ME.LO,2,ME.LO,3,ME.LOP,3
87661690080,mixed,mix->lat,mix,lat,1,1,2,2282,2,1.788,10144,4.445,LO,3,2,2,"[ME.LOPL2, ME.LOPL4] -> LOL3 -> [LO.LOPL3, ME.LOPL3]",ME.LOP,2,ME.LOP,4,LO.LOP,3,ME.LOP,3
87494440313,mixed,mix->lat,mix,lat,1,0,3,2282,5,1.502,23251,10.189,LO,3,2,2,"[LO.LOPL3, ME.LOL2] -> LOL3 -> [ME.LOL3, ME.LOPL3]",LO.LOP,3,ME.LO,2,ME.LO,3,ME.LOP,3
87188958040,mixed,mix->lat,mix,lat,0,1,3,2282,2,1.084,19405,8.504,LO,3,2,2,"[LO.LOPL4, ME.LOPL3] -> LOL3 -> [LO.LOPL3, MEL3]",LO.LOP,4,ME.LOP,3,LO.LOP,3,ME,3
87162553522,mixed,mix->mix,mix,mix,1,1,2,2282,19,1.415,44004,19.283,LO,3,2,2,"[MEL2, ME.LOL3] -> LOL3 -> [ME.LOL2, ME.LOPL3]",ME,2,ME.LO,3,ME.LO,2,ME.LOP,3
87154476060,mixed,lat->mix,lat,mix,0,1,3,2282,6,1.55,23251,10.189,LO,3,2,2,"[LO.LOPL3, ME.LOL3] -> LOL3 -> [ME.LOL2, ME.LOPL3]",LO.LOP,3,ME.LO,3,ME.LO,2,ME.LOP,3
86371117420,mixed,lat->mix,lat,mix,1,0,3,2282,3,1.076,19405,8.504,LO,3,2,2,"[LO.LOPL3, ME.LOPL3] -> LOL3 -> [LO.LOPL4, MEL3]",LO.LOP,3,ME.LOP,3,LO.LOP,4,ME,3
85959611140,mixed,mix->mix,mix,mix,0,2,2,2282,2,1.762,10144,4.445,LO,3,2,2,"[ME.LOPL3, ME.LOPL4] -> LOL3 -> [LO.LOPL3, ME.LOPL2]",ME.LOP,3,ME.LOP,4,LO.LOP,3,ME.LOP,2
85765369180,mixed,mix->mix,mix,mix,2,1,1,2282,3,1.549,31714,13.897,LO,3,2,2,"[ME.LOPL2, ME.LOPL3] -> LOL3 -> [LO.LOPL4, MEL2]",ME.LOP,2,ME.LOP,3,LO.LOP,4,ME,2
85466952778,mixed,mix->mix,mix,mix,1,1,2,2282,6,1.946,9708,4.254,LO,3,2,2,"[LOL2, ME.LOPL3] -> LOL3 -> [LO.LOPL2, LO.LOPL3]",LO,2,ME.LOP,3,LO.LOP,2,LO.LOP,3
84729996187,mixed,mix->lat,mix,lat,1,0,3,2282,23,1.461,48490,21.249,LO,3,2,2,"[MEL2, MEL3] -> LOL3 -> [LO.LOPL3, ME.LOL3]",ME,2,ME,3,LO.LOP,3,ME.LO,3
83708082960,mixed,mix->mix,mix,mix,1,2,1,2282,2,1.961,7664,3.358,LO,3,2,2,"[LO.LOPL4, ME.LOPL2] -> LOL3 -> [LO.LOPL2, ME.LOPL3]",LO.LOP,4,ME.LOP,2,LO.LOP,2,ME.LOP,3
83127550300,mixed,mix->mix,mix,mix,2,1,1,2282,5,1.917,37285,16.339,LO,3,2,2,"[MEL2, MEL3] -> LOL3 -> [LO.LOPL2, LO.LOPL4]",ME,2,ME,3,LO.LOP,2,LO.LOP,4
83015735622,mixed,FF->mix,FF,mix,3,0,1,2282,17,1.326,12868,5.639,LO,3,2,2,"[LOL2, ME.LOL2] -> LOL3 -> [LO.LOPL3, LO.LOPL4]",LO,2,ME.LO,2,LO.LOP,3,LO.LOP,4
82942267122,mixed,mix->mix,mix,mix,2,0,2,2282,15,1.177,20549,9.005,LO,3,2,2,"[ME.LOL2, ME.LOL3] -> LOL3 -> [LO.LOPL3, LO.LOPL4]",ME.LO,2,ME.LO,3,LO.LOP,3,LO.LOP,4
82021394730,mixed,FF->mix,FF,mix,3,0,1,2282,3,1.989,30234,13.249,LO,3,2,2,"[LO.LOPL2, MEL2] -> LOL3 -> [LO.LOPL4, ME.LOPL3]",LO.LOP,2,ME,2,LO.LOP,4,ME.LOP,3
81652000534,mixed,mix->FB,mix,FB,0,3,1,2282,2,1.946,7664,3.358,LO,3,2,2,"[LO.LOPL4, ME.LOPL3] -> LOL3 -> [LO.LOPL2, ME.LOPL2]",LO.LOP,4,ME.LOP,3,LO.LOP,2,ME.LOP,2
81620434928,mixed,FF->lat,FF,lat,2,0,2,2282,9,1.762,40046,17.549,LO,3,2,2,"[MEL2, ME.LOPL2] -> LOL3 -> [LO.LOPL3, ME.LOL3]",ME,2,ME.LOP,2,LO.LOP,3,ME.LO,3
81598829810,mixed,FF->mix,FF,mix,2,1,1,2282,8,1.928,14177,6.213,LO,3,2,2,"[LOL2, ME.LOPL2] -> LOL3 -> [LO.LOPL3, ME.LOL2]",LO,2,ME.LOP,2,LO.LOP,3,ME.LO,2
81251250972,mixed,FF->mix,FF,mix,3,0,1,2282,2,1.972,31321,13.725,LO,3,2,2,"[MEL2, ME.LOPL2] -> LOL3 -> [LO.LOPL3, ME.LOPL4]",ME,2,ME.LOP,2,LO.LOP,3,ME.LOP,4
79997116180,mixed,mix->mix,mix,mix,1,2,1,2282,2,1.471,36520,16.004,LO,3,2,2,"[LO.LOPL4, ME.LOL2] -> LOL3 -> [LO.LOPL3, MEL2]",LO.LOP,4,ME.LO,2,LO.LOP,3,ME,2
79717137379,mixed,mix->mix,mix,mix,1,1,2,2282,5,1.981,11188,4.903,LO,3,2,2,"[LO.LOPL3, ME.LOPL2] -> LOL3 -> [LOL2, ME.LOPL3]",LO.LOP,3,ME.LOP,2,LO,2,ME.LOP,3
79455473774,mixed,mix->mix,mix,mix,1,1,2,2282,3,1.539,33360,14.619,LO,3,2,2,"[LO.LOPL2, ME.LOPL3] -> LOL3 -> [LO.LOPL3, MEL2]",LO.LOP,2,ME.LOP,3,LO.LOP,3,ME,2
79451712750,mixed,mix->FB,mix,FB,1,2,1,2282,5,1.136,20406,8.942,LO,3,2,2,"[LO.LOPL2, MEL3] -> LOL3 -> [ME.LOL2, ME.LOPL2]",LO.LOP,2,ME,3,ME.LO,2,ME.LOP,2
78722070752,mixed,mix->lat,mix,lat,1,0,3,2282,8,1.561,20714,9.077,LO,3,2,2,"[LO.LOPL3, ME.LOPL2] -> LOL3 -> [MEL3, ME.LOPL3]",LO.LOP,3,ME.LOP,2,ME,3,ME.LOP,3
78633418951,mixed,FF->lat,FF,lat,2,0,2,2282,15,1.423,41467,18.171,LO,3,2,2,"[MEL2, ME.LOPL2] -> LOL3 -> [MEL3, ME.LOPL3]",ME,2,ME.LOP,2,ME,3,ME.LOP,3
77954376661,mixed,mix->mix,mix,mix,2,1,1,2282,4,1.428,36520,16.004,LO,3,2,2,"[LO.LOPL3, ME.LOL2] -> LOL3 -> [LO.LOPL4, MEL2]",LO.LOP,3,ME.LO,2,LO.LOP,4,ME,2
77548141305,mixed,FF->mix,FF,mix,3,1,0,2282,3,1.824,10653,4.668,LO,3,2,2,"[ME.LOL2, ME.LOPL2] -> LOL3 -> [LO.LOPL2, LO.LOPL4]",ME.LO,2,ME.LOP,2,LO.LOP,2,LO.LOP,4
77274908412,mixed,lat->FB,lat,FB,0,2,2,2282,4,1.99,11188,4.903,LO,3,2,2,"[LO.LOPL3, ME.LOPL3] -> LOL3 -> [LOL2, ME.LOPL2]",LO.LOP,3,ME.LOP,3,LO,2,ME.LOP,2
76886820720,mixed,mix->mix,mix,mix,2,0,2,2282,2,1.957,14526,6.365,LO,3,2,2,"[LO.LOPL3, ME.LOL2] -> LOL3 -> [ME.LOPL3, ME.LOPL4]",LO.LOP,3,ME.LO,2,ME.LOP,3,ME.LOP,4
76567058990,mixed,lat->mix,lat,mix,0,1,3,2282,4,1.73,19632,8.603,LO,3,2,2,"[LO.LOPL3, MEL3] -> LOL3 -> [LOL2, ME.LOPL3]",LO.LOP,3,ME,3,LO,2,ME.LOP,3
75530038796,mixed,FF->mix,FF,mix,2,1,1,2282,11,1.965,14177,6.213,LO,3,2,2,"[ME.LOL2, ME.LOPL2] -> LOL3 -> [LOL2, LO.LOPL3]",ME.LO,2,ME.LOP,2,LO,2,LO.LOP,3
75447632452,mixed,lat->mix,lat,mix,0,1,3,2282,5,1.586,20714,9.077,LO,3,2,2,"[LO.LOPL3, ME.LOPL3] -> LOL3 -> [MEL3, ME.LOPL2]",LO.LOP,3,ME.LOP,3,ME,3,ME.LOP,2
75150831540,mixed,mix->mix,mix,mix,1,1,2,2282,11,1.444,41467,18.171,LO,3,2,2,"[MEL2, ME.LOPL3] -> LOL3 -> [MEL3, ME.LOPL2]",ME,2,ME.LOP,3,ME,3,ME.LOP,2
75042282595,mixed,mix->mix,mix,mix,2,0,2,2282,10,1.124,20125,8.819,LO,3,2,2,"[ME.LOL2, ME.LOL3] -> LOL3 -> [LO.LOPL4, ME.LOPL3]",ME.LO,2,ME.LO,3,LO.LOP,4,ME.LOP,3
74952893473,mixed,mix->mix,mix,mix,1,1,2,2282,22,1.571,40385,17.697,LO,3,2,2,"[MEL2, MEL3] -> LOL3 -> [LOL2, ME.LOPL3]",ME,2,ME,3,LO,2,ME.LOP,3
74621080280,mixed,mix->mix,mix,mix,0,2,2,2282,2,1.941,16108,7.059,LO,3,2,2,"[LO.LOPL4, MEL3] -> LOL3 -> [LO.LOPL2, ME.LOPL3]",LO.LOP,4,ME,3,LO.LOP,2,ME.LOP,3
74538970840,mixed,FF->mix,FF,mix,2,1,1,2282,12,1.879,31941,13.997,LO,3,2,2,"[MEL2, ME.LOPL2] -> LOL3 -> [LOL2, ME.LOPL3]",ME,2,ME.LOP,2,LO,2,ME.LOP,3
74451413582,mixed,lat->mix,lat,mix,0,1,3,2282,17,1.921,25920,11.358,LO,3,2,2,"[MEL3, ME.LOL3] -> LOL3 -> [LO.LOPL3, ME.LOPL2]",ME,3,ME.LO,3,LO.LOP,3,ME.LOP,2
74377928170,mixed,mix->mix,mix,mix,2,0,2,2282,4,1.08,38313,16.789,LO,3,2,2,"[MEL2, ME.LOPL3] -> LOL3 -> [LO.LOPL4, ME.LOL3]",ME,2,ME.LOP,3,LO.LOP,4,ME.LO,3
74021637433,mixed,mix->mix,mix,mix,1,1,2,2282,23,1.827,21434,9.393,LO,3,2,2,"[ME.LOL2, ME.LOL3] -> LOL3 -> [ME.LOPL2, ME.LOPL3]",ME.LO,2,ME.LO,3,ME.LOP,2,ME.LOP,3
73984180245,mixed,mix->FB,mix,FB,1,2,1,2282,20,1.837,44456,19.481,LO,3,2,2,"[MEL3, ME.LOL2] -> LOL3 -> [MEL2, ME.LOPL2]",ME,3,ME.LO,2,ME,2,ME.LOP,2
73927333257,mixed,mix->lat,mix,lat,1,0,3,2282,25,1.33,48066,21.063,LO,3,2,2,"[MEL2, MEL3] -> LOL3 -> [ME.LOL3, ME.LOPL3]",ME,2,ME,3,ME.LO,3,ME.LOP,3
73671024527,mixed,FF->mix,FF,mix,3,0,1,2282,10,1.23,12444,5.453,LO,3,2,2,"[LOL2, ME.LOL2] -> LOL3 -> [LO.LOPL4, ME.LOPL3]",LO,2,ME.LO,2,LO.LOP,4,ME.LOP,3
73670851704,mixed,lat->FB,lat,FB,0,2,2,2282,9,1.999,46273,20.277,LO,3,2,2,"[LO.LOPL3, MEL3] -> LOL3 -> [MEL2, ME.LOL2]",LO.LOP,3,ME,3,ME,2,ME.LO,2
73045954916,pure_lateral,lat->lat,lat,lat,0,0,4,2282,5,1.445,27313,11.969,LO,3,2,2,"[LO.LOPL3, MEL3] -> LOL3 -> [ME.LOL3, ME.LOPL3]",LO.LOP,3,ME,3,ME.LO,3,ME.LOP,3
73017617360,mixed,mix->lat,mix,lat,0,1,3,2282,2,1.997,18588,8.145,LO,3,2,2,"[MEL3, ME.LOPL4] -> LOL3 -> [LO.LOPL3, ME.LOPL3]",ME,3,ME.LOP,4,LO.LOP,3,ME.LOP,3
72940361889,mixed,mix->mix,mix,mix,2,0,2,2282,3,1.926,39765,17.426,LO,3,2,2,"[MEL2, MEL3] -> LOL3 -> [LO.LOPL3, ME.LOPL4]",ME,2,ME,3,LO.LOP,3,ME.LOP,4
72470115120,mixed,FF->mix,FF,mix,3,0,1,2282,2,1.833,35279,15.46,LO,3,2,2,"[MEL2, ME.LOL2] -> LOL3 -> [ME.LOPL3, ME.LOPL4]",ME,2,ME.LO,2,ME.LOP,3,ME.LOP,4
72339978917,mixed,mix->mix,mix,mix,1,1,2,2282,21,1.99,17815,7.807,LO,3,2,2,"[LOL2, MEL3] -> LOL3 -> [ME.LOPL2, ME.LOPL3]",LO,2,ME,3,ME.LOP,2,ME.LOP,3
72031918817,mixed,mix->lat,mix,lat,1,1,2,2282,18,1.869,15984,7.004,LO,3,2,2,"[MEL4, ME.LOL2] -> LOL3 -> [LO.LOPL3, ME.LOPL3]",ME,4,ME.LO,2,LO.LOP,3,ME.LOP,3
71959852922,mixed,mix->FB,mix,FB,1,2,1,2282,10,1.9,31941,13.997,LO,3,2,2,"[MEL2, ME.LOPL3] -> LOL3 -> [LOL2, ME.LOPL2]",ME,2,ME.LOP,3,LO,2,ME.LOP,2
71544184377,mixed,mix->mix,mix,mix,1,1,2,2282,19,1.97,22621,9.913,LO,3,2,2,"[LOL2, MEL3] -> LOL3 -> [LO.LOPL3, ME.LOL2]",LO,2,ME,3,LO.LOP,3,ME.LO,2
71440612280,mixed,mix->lat,mix,lat,0,1,3,2282,2,1.122,17560,7.695,LO,3,2,2,"[LO.LOPL4, ME.LOPL3] -> LOL3 -> [LO.LOPL3, ME.LOL3]",LO.LOP,4,ME.LOP,3,LO.LOP,3,ME.LO,3
70646190160,mixed,lat->mix,lat,mix,1,0,3,2282,3,1.11,17560,7.695,LO,3,2,2,"[LO.LOPL3, ME.LOPL3] -> LOL3 -> [LO.LOPL4, ME.LOL3]",LO.LOP,3,ME.LOP,3,LO.LOP,4,ME.LO,3
70434443688,mixed,lat->mix,lat,mix,1,0,3,2282,11,1.155,24611,10.785,LO,3,2,2,"[MEL3, ME.LOL3] -> LOL3 -> [LO.LOPL3, LO.LOPL4]",ME,3,ME.LO,3,LO.LOP,3,LO.LOP,4
70190412136,mixed,mix->mix,mix,mix,2,0,2,2282,6,1.887,16532,7.245,LO,3,2,2,"[LO.LOPL2, MEL3] -> LOL3 -> [LO.LOPL3, LO.LOPL4]",LO.LOP,2,ME,3,LO.LOP,3,LO.LOP,4
70040254625,mixed,mix->lat,mix,lat,1,0,3,2282,5,1.743,18869,8.269,LO,3,2,2,"[LO.LOPL3, ME.LOPL2] -> LOL3 -> [ME.LOL3, ME.LOPL3]",LO.LOP,3,ME.LOP,2,ME.LO,3,ME.LOP,3
69936102271,mixed,mix->mix,mix,mix,2,0,2,2282,13,1.286,16930,7.419,LO,3,2,2,"[LOL2, MEL3] -> LOL3 -> [LO.LOPL3, LO.LOPL4]",LO,2,ME,3,LO.LOP,3,LO.LOP,4
69708154240,mixed,mix->mix,mix,mix,1,2,1,2282,2,1.338,36096,15.818,LO,3,2,2,"[LO.LOPL4, ME.LOL2] -> LOL3 -> [MEL2, ME.LOPL3]",LO.LOP,4,ME.LO,2,ME,2,ME.LOP,3
69334214412,mixed,mix->mix,mix,mix,2,1,1,2282,3,1.146,30632,13.423,LO,3,2,2,"[MEL2, ME.LOPL3] -> LOL3 -> [LOL2, LO.LOPL4]",ME,2,ME.LOP,3,LO,2,LO.LOP,4
69268188682,mixed,mix->mix,mix,mix,2,0,2,2282,9,1.205,15547,6.813,LO,3,2,2,"[ME.LOL2, ME.LOPL3] -> LOL3 -> [LOL4, LO.LOPL3]",ME.LO,2,ME.LOP,3,LO,4,LO.LOP,3
69066907200,mixed,mix->mix,mix,mix,2,0,2,2282,2,1.98,10144,4.445,LO,3,2,2,"[LO.LOPL3, ME.LOPL2] -> LOL3 -> [ME.LOPL3, ME.LOPL4]",LO.LOP,3,ME.LOP,2,ME.LOP,3,ME.LOP,4
69065511788,mixed,mix->FB,mix,FB,1,2,1,2282,5,1.537,31543,13.823,LO,3,2,2,"[ME.LOPL2, ME.LOPL3] -> LOL3 -> [LO.LOPL2, MEL2]",ME.LOP,2,ME.LOP,3,LO.LOP,2,ME,2
68469673572,mixed,FF->mix,FF,mix,3,0,1,2282,2,1.813,13133,5.755,LO,3,2,2,"[ME.LOL2, ME.LOPL2] -> LOL3 -> [LO.LOPL3, ME.LOPL4]",ME.LO,2,ME.LOP,2,LO.LOP,3,ME.LOP,4
68449012860,mixed,FF->lat,FF,lat,2,0,2,2282,10,1.584,39622,17.363,LO,3,2,2,"[MEL2, ME.LOPL2] -> LOL3 -> [ME.LOL3, ME.LOPL3]",ME,2,ME.LOP,2,ME.LO,3,ME.LOP,3
68330025998,mixed,mix->FB,mix,FB,0,3,1,2282,2,1.97,20577,9.017,LO,3,2,2,"[LO.LOPL4, MEL3] -> LOL3 -> [ME.LOL2, ME.LOPL2]",LO.LOP,4,ME,3,ME.LO,2,ME.LOP,2
68194349622,mixed,mix->FB,mix,FB,1,2,1,2282,8,1.781,35925,15.743,LO,3,2,2,"[ME.LOL2, ME.LOPL3] -> LOL3 -> [LO.LOPL2, MEL2]",ME.LO,2,ME.LOP,3,LO.LOP,2,ME,2
67657313400,mixed,mix->mix,mix,mix,0,2,2,2282,2,1.224,9879,4.329,LO,3,2,2,"[LO.LOPL4, ME.LOPL3] -> LOL3 -> [LOL2, LO.LOPL3]",LO.LOP,4,ME.LOP,3,LO,2,LO.LOP,3
67519015920,mixed,mix->mix,mix,mix,1,1,2,2282,23,1.935,22621,9.913,LO,3,2,2,"[MEL3, ME.LOL2] -> LOL3 -> [LOL2, LO.LOPL3]",ME,3,ME.LO,2,LO,2,LO.LOP,3
67386587056,mixed,lat->mix,lat,mix,0,1,3,2282,4,1.769,18869,8.269,LO,3,2,2,"[LO.LOPL3, ME.LOPL3] -> LOL3 -> [ME.LOL3, ME.LOPL2]",LO.LOP,3,ME.LOP,3,ME.LO,3,ME.LOP,2
67298682204,mixed,lat->mix,lat,mix,1,1,2,2282,2,1.969,10144,4.445,LO,3,2,2,"[LO.LOPL3, ME.LOPL3] -> LOL3 -> [ME.LOPL2, ME.LOPL4]",LO.LOP,3,ME.LOP,3,ME.LOP,2,ME.LOP,4
67155079660,mixed,mix->mix,mix,mix,1,1,2,2282,14,1.288,45849,20.092,LO,3,2,2,"[MEL2, ME.LOPL3] -> LOL3 -> [MEL3, ME.LOL2]",ME,2,ME.LOP,3,ME,3,ME.LO,2
67068673628,mixed,FF->lat,FF,lat,2,0,2,2282,12,1.789,23703,10.387,LO,3,2,2,"[ME.LOL2, ME.LOPL2] -> LOL3 -> [LO.LOPL3, MEL3]",ME.LO,2,ME.LOP,2,LO.LOP,3,ME,3
66892294360,mixed,mix->mix,mix,mix,0,2,2,2282,2,1.417,40582,17.784,LO,3,2,2,"[LO.LOPL4, MEL3] -> LOL3 -> [LO.LOPL3, MEL2]",LO.LOP,4,ME,3,LO.LOP,3,ME,2
66629568693,mixed,lat->mix,lat,mix,0,1,3,2282,6,1.959,17389,7.62,LO,3,2,2,"[ME.LOL3, ME.LOPL3] -> LOL3 -> [LO.LOPL2, LO.LOPL3]",ME.LO,3,ME.LOP,3,LO.LOP,2,LO.LOP,3
66604464756,mixed,lat->mix,lat,mix,1,1,2,2282,2,1.201,9879,4.329,LO,3,2,2,"[LO.LOPL3, ME.LOPL3] -> LOL3 -> [LOL2, LO.LOPL4]",LO.LOP,3,ME.LOP,3,LO,2,LO.LOP,4
66361316034,mixed,FF->mix,FF,mix,3,0,1,2282,3,1.964,12046,5.279,LO,3,2,2,"[LO.LOPL2, ME.LOL2] -> LOL3 -> [LO.LOPL4, ME.LOPL3]",LO.LOP,2,ME.LO,2,LO.LOP,4,ME.LOP,3
65940629477,mixed,lat->mix,lat,mix,0,1,3,2282,5,1.39,25096,10.997,LO,3,2,2,"[LO.LOPL3, ME.LOPL3] -> LOL3 -> [MEL3, ME.LOL2]",LO.LOP,3,ME.LOP,3,ME,3,ME.LO,2
65632113159,mixed,mix->mix,mix,mix,1,1,2,2282,10,1.609,39622,17.363,LO,3,2,2,"[MEL2, ME.LOPL3] -> LOL3 -> [ME.LOL3, ME.LOPL2]",ME,2,ME.LOP,3,ME.LO,3,ME.LOP,2
65357934797,mixed,mix->mix,mix,mix,2,1,1,2282,5,2.0,19097,8.369,LO,3,2,2,"[MEL3, ME.LOL2] -> LOL3 -> [LO.LOPL2, LO.LOPL4]",ME,3,ME.LO,2,LO.LOP,2,LO.LOP,4
65326820658,mixed,lat->mix,lat,mix,1,1,2,2282,4,1.378,40582,17.784,LO,3,2,2,"[LO.LOPL3, MEL3] -> LOL3 -> [LO.LOPL4, MEL2]",LO.LOP,3,ME,3,LO.LOP,4,ME,2
64307312983,mixed,mix->mix,mix,mix,2,0,2,2282,6,1.117,33735,14.783,LO,3,2,2,"[LO.LOPL3, MEL2] -> LOL3 -> [LOL4, ME.LOPL3]",LO.LOP,3,ME,2,LO,4,ME.LOP,3
63946963494,mixed,FF->mix,FF,mix,3,0,1,2282,3,1.76,7664,3.358,LO,3,2,2,"[LO.LOPL2, ME.LOPL2] -> LOL3 -> [LO.LOPL4, ME.LOPL3]",LO.LOP,2,ME.LOP,2,LO.LOP,4,ME.LOP,3
63919665528,mixed,lat->mix,lat,mix,1,0,3,2282,8,1.108,24187,10.599,LO,3,2,2,"[MEL3, ME.LOL3] -> LOL3 -> [LO.LOPL4, ME.LOPL3]",ME,3,ME.LO,3,LO.LOP,4,ME.LOP,3
63833962528,mixed,FF->mix,FF,mix,3,0,1,2282,5,1.514,8486,3.719,LO,3,2,2,"[LOL2, ME.LOPL2] -> LOL3 -> [LO.LOPL3, LO.LOPL4]",LO,2,ME.LOP,2,LO.LOP,3,LO.LOP,4
63598770120,mixed,mix->mix,mix,mix,1,2,1,2282,2,1.706,32138,14.083,LO,3,2,2,"[LO.LOPL4, ME.LOPL2] -> LOL3 -> [LO.LOPL3, MEL2]",LO.LOP,4,ME.LOP,2,LO.LOP,3,ME,2
63163304958,mixed,mix->FB,mix,FB,0,3,1,2282,2,1.864,8088,3.544,LO,3,2,2,"[LO.LOPL3, LO.LOPL4] -> LOL3 -> [LO.LOPL2, ME.LOPL2]",LO.LOP,3,LO.LOP,4,LO.LOP,2,ME.LOP,2
63075467981,mixed,mix->mix,mix,mix,1,1,2,2282,8,1.972,21858,9.578,LO,3,2,2,"[ME.LOL3, ME.LOPL2] -> LOL3 -> [LO.LOPL3, ME.LOL2]",ME.LO,3,ME.LOP,2,LO.LOP,3,ME.LO,2
62881985750,mixed,mix->lat,mix,lat,1,1,2,2282,3,1.076,40582,17.784,LO,3,2,2,"[LO.LOPL4, MEL2] -> LOL3 -> [LO.LOPL3, MEL3]",LO.LOP,4,ME,2,LO.LOP,3,ME,3
62788007028,mixed,mix->lat,mix,lat,1,1,2,2282,9,1.999,11602,5.084,LO,3,2,2,"[MEL4, ME.LOPL2] -> LOL3 -> [LO.LOPL3, ME.LOPL3]",ME,4,ME.LOP,2,LO.LOP,3,ME.LOP,3
62745846540,mixed,mix->mix,mix,mix,2,1,1,2282,2,1.734,7664,3.358,LO,3,2,2,"[LO.LOPL2, ME.LOPL3] -> LOL3 -> [LO.LOPL4, ME.LOPL2]",LO.LOP,2,ME.LOP,3,LO.LOP,4,ME.LOP,2
62555195520,mixed,FF->mix,FF,mix,3,0,1,2282,2,1.993,30897,13.539,LO,3,2,2,"[MEL2, ME.LOPL2] -> LOL3 -> [ME.LOPL3, ME.LOPL4]",ME,2,ME.LOP,2,ME.LOP,3,ME.LOP,4
62385075360,mixed,lat->mix,lat,mix,1,0,3,2282,2,1.912,18588,8.145,LO,3,2,2,"[LO.LOPL3, MEL3] -> LOL3 -> [ME.LOPL3, ME.LOPL4]",LO.LOP,3,ME,3,ME.LOP,3,ME.LOP,4
62380306862,mixed,mix->mix,mix,mix,2,0,2,2282,8,1.201,16506,7.233,LO,3,2,2,"[LOL2, MEL3] -> LOL3 -> [LO.LOPL4, ME.LOPL3]",LO,2,ME,3,LO.LOP,4,ME.LOP,3
62317398673,mixed,mix->mix,mix,mix,2,0,2,2282,6,1.068,40582,17.784,LO,3,2,2,"[LO.LOPL3, MEL2] -> LOL3 -> [LO.LOPL4, MEL3]",LO.LOP,3,ME,2,LO.LOP,4,ME,3
62057865416,mixed,mix->lat,mix,lat,1,1,2,2282,7,1.325,33735,14.783,LO,3,2,2,"[LOL4, MEL2] -> LOL3 -> [LO.LOPL3, ME.LOPL3]",LO,4,ME,2,LO.LOP,3,ME.LOP,3
61986480408,mixed,FF->mix,FF,mix,2,1,1,2282,9,2.0,13753,6.027,LO,3,2,2,"[LOL2, ME.LOPL2] -> LOL3 -> [ME.LOL2, ME.LOPL3]",LO,2,ME.LOP,2,ME.LO,2,ME.LOP,3
61934963004,mixed,FF->lat,FF,lat,2,0,2,2282,9,1.943,21858,9.578,LO,3,2,2,"[ME.LOL2, ME.LOPL2] -> LOL3 -> [LO.LOPL3, ME.LOL3]",ME.LO,2,ME.LOP,2,LO.LOP,3,ME.LO,3
61600824980,mixed,mix->mix,mix,mix,0,2,2,2282,2,1.955,14526,6.365,LO,3,2,2,"[ME.LOPL3, ME.LOPL4] -> LOL3 -> [LO.LOPL3, ME.LOL2]",ME.LOP,3,ME.LOP,4,LO.LOP,3,ME.LO,2
61459409093,mixed,lat->FB,lat,FB,0,2,2,2282,5,1.839,15570,6.823,LO,3,2,2,"[LO.LOPL3, ME.LOPL3] -> LOL3 -> [LOL2, ME.LOL2]",LO.LOP,3,ME.LOP,3,LO,2,ME.LO,2
61443938619,mixed,mix->mix,mix,mix,2,0,2,2282,5,1.289,16167,7.085,LO,3,2,2,"[ME.LOL3, ME.LOPL2] -> LOL3 -> [LO.LOPL3, LO.LOPL4]",ME.LO,3,ME.LOP,2,LO.LOP,3,LO.LOP,4
61443256046,mixed,mix->FB,mix,FB,0,3,1,2282,2,1.992,12046,5.279,LO,3,2,2,"[LO.LOPL4, ME.LOPL3] -> LOL3 -> [LO.LOPL2, ME.LOL2]",LO.LOP,4,ME.LOP,3,LO.LOP,2,ME.LO,2
61380662339,mixed,mix->mix,mix,mix,2,1,1,2282,4,1.653,32138,14.083,LO,3,2,2,"[LO.LOPL3, ME.LOPL2] -> LOL3 -> [LO.LOPL4, MEL2]",LO.LOP,3,ME.LOP,2,LO.LOP,4,ME,2
60987637826,mixed,mix->mix,mix,mix,0,2,2,2282,10,2.0,11602,5.084,LO,3,2,2,"[MEL4, ME.LOPL3] -> LOL3 -> [LO.LOPL3, ME.LOPL2]",ME,4,ME.LOP,3,LO.LOP,3,ME.LOP,2
60962084424,mixed,mix->mix,mix,mix,2,1,1,2282,3,1.885,14715,6.448,LO,3,2,2,"[MEL3, ME.LOPL2] -> LOL3 -> [LO.LOPL2, LO.LOPL4]",ME,3,ME.LOP,2,LO.LOP,2,LO.LOP,4
60955751338,mixed,lat->mix,lat,mix,0,1,3,2282,19,1.709,30302,13.279,LO,3,2,2,"[MEL3, ME.LOL3] -> LOL3 -> [LO.LOPL3, ME.LOL2]",ME,3,ME.LO,3,LO.LOP,3,ME.LO,2
60791291123,mixed,mix->lat,mix,lat,1,0,3,2282,24,1.656,30302,13.279,LO,3,2,2,"[MEL3, ME.LOL2] -> LOL3 -> [LO.LOPL3, ME.LOL3]",ME,3,ME.LO,2,LO.LOP,3,ME.LO,3
60708065628,mixed,lat->mix,lat,mix,0,1,3,2282,20,1.761,25496,11.173,LO,3,2,2,"[MEL3, ME.LOL3] -> LOL3 -> [ME.LOPL2, ME.LOPL3]",ME,3,ME.LO,3,ME.LOP,2,ME.LOP,3
60697777686,mixed,mix->mix,mix,mix,2,1,1,2282,2,1.998,30897,13.539,LO,3,2,2,"[MEL2, ME.LOPL3] -> LOL3 -> [ME.LOPL2, ME.LOPL4]",ME,2,ME.LOP,3,ME.LOP,2,ME.LOP,4
60262904562,mixed,mix->FB,mix,FB,1,2,1,2282,8,1.997,13753,6.027,LO,3,2,2,"[LOL2, ME.LOPL3] -> LOL3 -> [ME.LOL2, ME.LOPL2]",LO,2,ME.LOP,3,ME.LO,2,ME.LOP,2
60195738800,mixed,mix->mix,mix,mix,2,0,2,2282,5,1.084,21970,9.628,LO,3,2,2,"[ME.LOL2, ME.LOPL3] -> LOL3 -> [LO.LOPL4, MEL3]",ME.LO,2,ME.LOP,3,LO.LOP,4,ME,3
60113004584,mixed,mix->mix,mix,mix,1,1,2,2282,9,1.992,18239,7.993,LO,3,2,2,"[MEL3, ME.LOPL2] -> LOL3 -> [LOL2, LO.LOPL3]",ME,3,ME.LOP,2,LO,2,LO.LOP,3
59412226080,mixed,mix->mix,mix,mix,2,0,2,2282,2,1.767,39341,17.24,LO,3,2,2,"[MEL2, MEL3] -> LOL3 -> [ME.LOPL3, ME.LOPL4]",ME,2,ME,3,ME.LOP,3,ME.LOP,4
59265128726,mixed,mix->FB,mix,FB,1,2,1,2282,15,1.681,36323,15.917,LO,3,2,2,"[MEL2, ME.LOPL3] -> LOL3 -> [LOL2, ME.LOL2]",ME,2,ME.LOP,3,LO,2,ME.LO,2
58906281818,mixed,mix->lat,mix,lat,0,1,3,2282,17,1.806,20046,8.784,LO,3,2,2,"[MEL3, MEL4] -> LOL3 -> [LO.LOPL3, ME.LOPL3]",ME,3,ME,4,LO.LOP,3,ME.LOP,3
58731408055,mixed,lat->mix,lat,mix,1,0,3,2282,8,1.179,19609,8.593,LO,3,2,2,"[MEL3, ME.LOPL3] -> LOL3 -> [LOL4, LO.LOPL3]",ME,3,ME.LOP,3,LO,4,LO.LOP,3
58686657280,mixed,mix->mix,mix,mix,0,2,2,2282,2,1.297,40158,17.598,LO,3,2,2,"[LO.LOPL4, MEL3] -> LOL3 -> [MEL2, ME.LOPL3]",LO.LOP,4,ME,3,ME,2,ME.LOP,3
58230475992,mixed,FF->mix,FF,mix,2,1,1,2282,23,1.975,30885,13.534,LO,3,2,2,"[LOL2, MEL2] -> LOL3 -> [LO.LOPL2, LO.LOPL3]",LO,2,ME,2,LO.LOP,2,LO.LOP,3
58010724607,mixed,FF->mix,FF,mix,2,1,1,2282,12,1.996,13753,6.027,LO,3,2,2,"[ME.LOL2, ME.LOPL2] -> LOL3 -> [LOL2, ME.LOPL3]",ME.LO,2,ME.LOP,2,LO,2,ME.LOP,3
57929705730,mixed,mix->mix,mix,mix,1,2,1,2282,2,1.814,31321,13.725,LO,3,2,2,"[MEL2, ME.LOPL4] -> LOL3 -> [LO.LOPL3, ME.LOPL2]",ME,2,ME.LOP,4,LO.LOP,3,ME.LOP,2
57698173760,mixed,mix->lat,mix,lat,1,1,2,2282,2,1.053,40158,17.598,LO,3,2,2,"[LO.LOPL4, MEL2] -> LOL3 -> [MEL3, ME.LOPL3]",LO.LOP,4,ME,2,ME,3,ME.LOP,3
57542657860,mixed,mix->mix,mix,mix,1,1,2,2282,17,1.838,22197,9.727,LO,3,2,2,"[LOL2, MEL3] -> LOL3 -> [ME.LOL2, ME.LOPL3]",LO,2,ME,3,ME.LO,2,ME.LOP,3
57493126509,mixed,mix->mix,mix,mix,2,0,2,2282,3,2.0,21577,9.455,LO,3,2,2,"[MEL3, ME.LOL2] -> LOL3 -> [LO.LOPL3, ME.LOPL4]",ME,3,ME.LO,2,LO.LOP,3,ME.LOP,4
57151581778,mixed,mix->mix,mix,mix,1,1,2,2282,15,1.407,44004,19.283,LO,3,2,2,"[MEL2, ME.LOPL3] -> LOL3 -> [ME.LOL2, ME.LOL3]",ME,2,ME.LOP,3,ME.LO,2,ME.LO,3
57088762440,mixed,lat->mix,lat,mix,0,1,3,2282,5,1.542,23251,10.189,LO,3,2,2,"[LO.LOPL3, ME.LOPL3] -> LOL3 -> [ME.LOL2, ME.LOL3]",LO.LOP,3,ME.LOP,3,ME.LO,2,ME.LO,3
56307782875,mixed,mix->FB,mix,FB,1,2,1,2282,10,1.999,13753,6.027,LO,3,2,2,"[ME.LOL2, ME.LOPL3] -> LOL3 -> [LOL2, ME.LOPL2]",ME.LO,2,ME.LOP,3,LO,2,ME.LOP,2
56023539972,mixed,FF->lat,FF,lat,2,0,2,2282,15,1.609,23279,10.201,LO,3,2,2,"[ME.LOL2, ME.LOPL2] -> LOL3 -> [MEL3, ME.LOPL3]",ME.LO,2,ME.LOP,2,ME,3,ME.LOP,3
55628141387,mixed,mix->FB,mix,FB,1,3,0,2282,2,1.974,28841,12.638,LO,3,2,2,"[LO.LOPL4, MEL2] -> LOL3 -> [LO.LOPL2, ME.LOPL2]",LO.LOP,4,ME,2,LO.LOP,2,ME.LOP,2
55588777671,mixed,mix->FB,mix,FB,1,2,1,2282,6,1.444,31967,14.008,LO,3,2,2,"[LO.LOPL3, ME.LOPL2] -> LOL3 -> [LO.LOPL2, MEL2]",LO.LOP,3,ME.LOP,2,LO.LOP,2,ME,2
55329732828,mixed,FF->mix,FF,mix,3,0,1,2282,5,1.371,8062,3.533,LO,3,2,2,"[LOL2, ME.LOPL2] -> LOL3 -> [LO.LOPL4, ME.LOPL3]",LO,2,ME.LOP,2,LO.LOP,4,ME.LOP,3
54874008846,mixed,mix->mix,mix,mix,1,1,2,2282,23,1.78,22197,9.727,LO,3,2,2,"[MEL3, ME.LOL2] -> LOL3 -> [LOL2, ME.LOPL3]",ME,3,ME.LO,2,LO,2,ME.LOP,3
54784047111,mixed,mix->mix,mix,mix,2,0,2,2282,5,1.203,15743,6.899,LO,3,2,2,"[ME.LOL3, ME.LOPL2] -> LOL3 -> [LO.LOPL4, ME.LOPL3]",ME.LO,3,ME.LOP,2,LO.LOP,4,ME.LOP,3
54543987840,mixed,mix->lat,mix,lat,0,1,3,2282,2,1.073,19405,8.504,LO,3,2,2,"[LO.LOPL3, LO.LOPL4] -> LOL3 -> [MEL3, ME.LOPL3]",LO.LOP,3,LO.LOP,4,ME,3,ME.LOP,3
54141357660,mixed,mix->mix,mix,mix,1,2,1,2282,2,1.575,8088,3.544,LO,3,2,2,"[LO.LOPL2, LO.LOPL4] -> LOL3 -> [LO.LOPL3, ME.LOPL2]",LO.LOP,2,LO.LOP,4,LO.LOP,3,ME.LOP,2
53939969631,mixed,mix->mix,mix,mix,1,1,2,2282,12,1.555,33758,14.793,LO,3,2,2,"[LOL2, ME.LOPL3] -> LOL3 -> [LO.LOPL3, MEL2]",LO,2,ME.LOP,3,LO.LOP,3,ME,2
53784573432,mixed,mix->mix,mix,mix,2,0,2,2282,2,1.875,17195,7.535,LO,3,2,2,"[MEL3, ME.LOPL2] -> LOL3 -> [LO.LOPL3, ME.LOPL4]",ME,3,ME.LOP,2,LO.LOP,3,ME.LOP,4
53778745369,mixed,mix->FB,mix,FB,1,2,1,2282,6,1.673,36349,15.929,LO,3,2,2,"[LO.LOPL3, ME.LOL2] -> LOL3 -> [LO.LOPL2, MEL2]",LO.LOP,3,ME.LO,2,LO.LOP,2,ME,2
53761848960,mixed,mix->mix,mix,mix,1,2,1,2282,2,1.532,31714,13.897,LO,3,2,2,"[LO.LOPL4, ME.LOPL2] -> LOL3 -> [MEL2, ME.LOPL3]",LO.LOP,4,ME.LOP,2,ME,2,ME.LOP,3
53746491086,mixed,mix->mix,mix,mix,1,1,2,2282,11,1.635,23279,10.201,LO,3,2,2,"[ME.LOL2, ME.LOPL3] -> LOL3 -> [MEL3, ME.LOPL2]",ME.LO,2,ME.LOP,3,ME,3,ME.LOP,2
53457804642,mixed,lat->FB,lat,FB,0,2,2,2282,7,1.846,39987,17.523,LO,3,2,2,"[MEL3, ME.LOPL3] -> LOL3 -> [LO.LOPL2, MEL2]",ME,3,ME.LOP,3,LO.LOP,2,ME,2
53325642969,mixed,mix->FB,mix,FB,1,2,1,2282,5,1.969,32365,14.183,LO,3,2,2,"[LO.LOPL3, MEL2] -> LOL3 -> [LOL2, ME.LOPL2]",LO.LOP,3,ME,2,LO,2,ME.LOP,2
53283062930,mixed,mix->mix,mix,mix,1,1,2,2282,8,1.536,41891,18.357,LO,3,2,2,"[LO.LOPL3, MEL2] -> LOL3 -> [MEL3, ME.LOPL2]",LO.LOP,3,ME,2,ME,3,ME.LOP,2
52822039152,mixed,mix->mix,mix,mix,2,1,1,2282,4,1.389,8062,3.533,LO,3,2,2,"[LOL2, ME.LOPL3] -> LOL3 -> [LO.LOPL4, ME.LOPL2]",LO,2,ME.LOP,3,LO.LOP,4,ME.LOP,2
52804046352,mixed,mix->mix,mix,mix,2,0,2,2282,3,1.991,16108,7.059,LO,3,2,2,"[LO.LOPL2, MEL3] -> LOL3 -> [LO.LOPL4, ME.LOPL3]",LO.LOP,2,ME,3,LO.LOP,4,ME.LOP,3
52142043870,mixed,FF->mix,FF,mix,2,1,1,2282,4,1.254,31967,14.008,LO,3,2,2,"[LO.LOPL2, ME.LOPL2] -> LOL3 -> [LO.LOPL3, MEL2]",LO.LOP,2,ME.LOP,2,LO.LOP,3,ME,2
52111541134,mixed,lat->mix,lat,mix,1,1,2,2282,4,1.214,15743,6.899,LO,3,2,2,"[ME.LOL3, ME.LOPL3] -> LOL3 -> [LO.LOPL4, ME.LOPL2]",ME.LO,3,ME.LOP,3,LO.LOP,4,ME.LOP,2
51741956618,mixed,mix->lat,mix,lat,1,0,3,2282,25,1.487,29878,13.093,LO,3,2,2,"[MEL3, ME.LOL2] -> LOL3 -> [ME.LOL3, ME.LOPL3]",ME,3,ME.LO,2,ME.LO,3,ME.LOP,3
51693315124,mixed,mix->mix,mix,mix,2,0,2,2282,6,1.333,11165,4.893,LO,3,2,2,"[ME.LOPL2, ME.LOPL3] -> LOL3 -> [LOL4, LO.LOPL3]",ME.LOP,2,ME.LOP,3,LO,4,LO.LOP,3
51507356819,mixed,lat->mix,lat,mix,0,1,3,2282,17,1.534,29878,13.093,LO,3,2,2,"[MEL3, ME.LOL3] -> LOL3 -> [ME.LOL2, ME.LOPL3]",ME,3,ME.LO,3,ME.LO,2,ME.LOP,3
51496555153,mixed,lat->mix,lat,mix,0,1,3,2282,12,1.315,41439,18.159,LO,3,2,2,"[ME.LOL3, ME.LOPL3] -> LOL3 -> [LO.LOPL3, MEL2]",ME.LO,3,ME.LOP,3,LO.LOP,3,ME,2
51494649284,mixed,mix->FB,mix,FB,0,3,1,2282,2,1.556,31714,13.897,LO,3,2,2,"[LO.LOPL4, ME.LOPL3] -> LOL3 -> [MEL2, ME.LOPL2]",LO.LOP,4,ME.LOP,3,ME,2,ME.LOP,2
51433675840,mixed,mix->lat,mix,lat,1,1,2,2282,2,1.11,38737,16.975,LO,3,2,2,"[LO.LOPL4, MEL2] -> LOL3 -> [LO.LOPL3, ME.LOL3]",LO.LOP,4,ME,2,LO.LOP,3,ME.LO,3
51209123612,mixed,mix->FB,mix,FB,1,2,1,2282,13,1.82,44456,19.481,LO,3,2,2,"[MEL3, ME.LOPL2] -> LOL3 -> [MEL2, ME.LOL2]",ME,3,ME.LOP,2,ME,2,ME.LO,2
51132976236,mixed,lat->mix,lat,mix,1,1,2,2282,2,1.978,14526,6.365,LO,3,2,2,"[LO.LOPL3, ME.LOPL3] -> LOL3 -> [ME.LOL2, ME.LOPL4]",LO.LOP,3,ME.LOP,3,ME.LO,2,ME.LOP,4
50890665774,mixed,mix->mix,mix,mix,2,0,2,2282,3,1.099,38737,16.975,LO,3,2,2,"[LO.LOPL3, MEL2] -> LOL3 -> [LO.LOPL4, ME.LOL3]",LO.LOP,3,ME,2,LO.LOP,4,ME.LO,3
50855952474,mixed,mix->FF,mix,FF,3,0,1,2282,2,1.217,29588,12.966,LO,3,2,2,"[MEL2, ME.LOPL3] -> LOL3 -> [LO.LOPL4, ME.LOPL4]",ME,2,ME.LOP,3,LO.LOP,4,ME.LOP,4
50814963290,mixed,mix->mix,mix,mix,1,2,1,2282,2,1.605,13133,5.755,LO,3,2,2,"[ME.LOL2, ME.LOPL4] -> LOL3 -> [LO.LOPL3, ME.LOPL2]",ME.LO,2,ME.LOP,4,LO.LOP,3,ME.LOP,2
50769574560,mixed,FF->mix,FF,mix,3,0,1,2282,2,1.956,12709,5.569,LO,3,2,2,"[ME.LOL2, ME.LOPL2] -> LOL3 -> [ME.LOPL3, ME.LOPL4]",ME.LO,2,ME.LOP,2,ME.LOP,3,ME.LOP,4
50682425983,mixed,mix->mix,mix,mix,1,1,2,2282,9,1.843,21434,9.393,LO,3,2,2,"[ME.LOL3, ME.LOPL2] -> LOL3 -> [ME.LOL2, ME.LOPL3]",ME.LO,3,ME.LOP,2,ME.LO,2,ME.LOP,3
50405358660,mixed,mix->mix,mix,mix,1,1,2,2282,2,1.328,8835,3.872,LO,3,2,2,"[LO.LOPL4, ME.LOPL3] -> LOL3 -> [LO.LOPL3, ME.LOPL4]",LO.LOP,4,ME.LOP,3,LO.LOP,3,ME.LOP,4
50328843335,mixed,mix->lat,mix,lat,1,0,3,2282,9,1.894,25920,11.358,LO,3,2,2,"[MEL3, ME.LOPL2] -> LOL3 -> [LO.LOPL3, ME.LOL3]",ME,3,ME.LOP,2,LO.LOP,3,ME.LO,3
50225174897,mixed,FF->lat,FF,lat,2,0,2,2282,10,1.793,21434,9.393,LO,3,2,2,"[ME.LOL2, ME.LOPL2] -> LOL3 -> [ME.LOL3, ME.LOPL3]",ME.LO,2,ME.LOP,2,ME.LO,3,ME.LOP,3
49758783924,mixed,mix->mix,mix,mix,1,1,2,2282,2,1.477,8835,3.872,LO,3,2,2,"[ME.LOPL3, ME.LOPL4] -> LOL3 -> [LO.LOPL3, LO.LOPL4]",ME.LOP,3,ME.LOP,4,LO.LOP,3,LO.LOP,4
49693981746,mixed,mix->mix,mix,mix,2,1,1,2282,3,1.626,8088,3.544,LO,3,2,2,"[LO.LOPL2, LO.LOPL3] -> LOL3 -> [LO.LOPL4, ME.LOPL2]",LO.LOP,2,LO.LOP,3,LO.LOP,4,ME.LOP,2
49685487586,mixed,FF->mix,FF,mix,3,0,1,2282,24,1.185,36724,16.093,LO,3,2,2,"[MEL2, ME.LOL2] -> LOL3 -> [LOL4, LO.LOPL3]",ME,2,ME.LO,2,LO,4,LO.LOP,3
49534115982,mixed,mix->mix,mix,mix,2,1,1,2282,2,1.94,12709,5.569,LO,3,2,2,"[ME.LOL2, ME.LOPL3] -> LOL3 -> [ME.LOPL2, ME.LOPL4]",ME.LO,2,ME.LOP,3,ME.LOP,2,ME.LOP,4
49518048458,mixed,mix->mix,mix,mix,1,1,2,2282,4,1.234,10293,4.511,LO,3,2,2,"[MEL4, ME.LOPL3] -> LOL3 -> [LO.LOPL3, LO.LOPL4]",ME,4,ME.LOP,3,LO.LOP,3,LO.LOP,4
49504276652,mixed,mix->mix,mix,mix,1,1,2,2282,6,1.982,9708,4.254,LO,3,2,2,"[LOL2, LO.LOPL3] -> LOL3 -> [LO.LOPL2, ME.LOPL3]",LO,2,LO.LOP,3,LO.LOP,2,ME.LOP,3
49403744532,mixed,lat->FF,lat,FF,2,0,2,2282,2,1.296,8835,3.872,LO,3,2,2,"[LO.LOPL3, ME.LOPL3] -> LOL3 -> [LO.LOPL4, ME.LOPL4]",LO.LOP,3,ME.LOP,3,LO.LOP,4,ME.LOP,4
49318204238,mixed,mix->mix,mix,mix,2,0,2,2282,4,1.122,20125,8.819,LO,3,2,2,"[ME.LOL2, ME.LOPL3] -> LOL3 -> [LO.LOPL4, ME.LOL3]",ME.LO,2,ME.LOP,3,LO.LOP,4,ME.LO,3
49238548589,mixed,FF->mix,FF,mix,2,1,1,2282,9,1.573,8315,3.644,LO,3,2,2,"[LOL2, ME.LOPL2] -> LOL3 -> [LO.LOPL2, LO.LOPL3]",LO,2,ME.LOP,2,LO.LOP,2,LO.LOP,3
49050131520,mixed,mix->mix,mix,mix,0,2,2,2282,2,1.832,10144,4.445,LO,3,2,2,"[LO.LOPL3, ME.LOPL4] -> LOL3 -> [ME.LOPL2, ME.LOPL3]",LO.LOP,3,ME.LOP,4,ME.LOP,2,ME.LOP,3
49007376956,mixed,FF->mix,FF,mix,2,1,1,2282,17,1.819,12697,5.564,LO,3,2,2,"[LOL2, ME.LOL2] -> LOL3 -> [LO.LOPL2, LO.LOPL3]",LO,2,ME.LO,2,LO.LOP,2,LO.LOP,3
48880965998,mixed,lat->FB,lat,FB,0,2,2,2282,8,1.866,21434,9.393,LO,3,2,2,"[ME.LOL3, ME.LOPL3] -> LOL3 -> [ME.LOL2, ME.LOPL2]",ME.LO,3,ME.LOP,3,ME.LO,2,ME.LOP,2
48491437000,mixed,mix->mix,mix,mix,1,2,1,2282,2,1.201,31056,13.609,LO,3,2,2,"[LO.LOPL4, MEL2] -> LOL3 -> [LOL2, LO.LOPL3]",LO.LOP,4,ME,2,LO,2,LO.LOP,3
48389749920,mixed,mix->mix,mix,mix,1,1,2,1,1,1.0,3966,3966.0,MB_ML.MB_CA,3,2,2,"[MB_CA.MB_MLL2, MB_CA.MB_MLL3] -> MB_ML.MB_CAL3 -> [MB_CA.MB_VLL2, MB_CA.MB_VLL3]",MB_CA.MB_ML,2,MB_CA.MB_ML,3,MB_CA.MB_VL,2,MB_CA.MB_VL,3
48389749920,mixed,FF->lat,FF,lat,2,0,2,1,1,1.0,3966,3966.0,MB_ML.MB_CA,3,2,2,"[MB_CA.MB_MLL2, MB_CA.MB_VLL2] -> MB_ML.MB_CAL3 -> [MB_CA.MB_MLL3, MB_CA.MB_VLL3]",MB_CA.MB_ML,2,MB_CA.MB_VL,2,MB_CA.MB_ML,3,MB_CA.MB_VL,3
48389749920,mixed,mix->mix,mix,mix,1,1,2,1,1,1.0,3966,3966.0,MB_ML.MB_CA,3,2,2,"[MB_CA.MB_MLL2, MB_CA.MB_VLL3] -> MB_ML.MB_CAL3 -> [MB_CA.MB_MLL3, MB_CA.MB_VLL2]",MB_CA.MB_ML,2,MB_CA.MB_VL,3,MB_CA.MB_ML,3,MB_CA.MB_VL,2
48389749920,mixed,mix->mix,mix,mix,1,1,2,1,1,1.0,3966,3966.0,MB_ML.MB_CA,3,2,2,"[MB_CA.MB_MLL3, MB_CA.MB_VLL2] -> MB_ML.MB_CAL3 -> [MB_CA.MB_MLL2, MB_CA.MB_VLL3]",MB_CA.MB_ML,3,MB_CA.MB_VL,2,MB_CA.MB_ML,2,MB_CA.MB_VL,3
48389749920,mixed,lat->FB,lat,FB,0,2,2,1,1,1.0,3966,3966.0,MB_ML.MB_CA,3,2,2,"[MB_CA.MB_MLL3, MB_CA.MB_VLL3] -> MB_ML.MB_CAL3 -> [MB_CA.MB_MLL2, MB_CA.MB_VLL2]",MB_CA.MB_ML,3,MB_CA.MB_VL,3,MB_CA.MB_ML,2,MB_CA.MB_VL,2
48389749920,mixed,mix->mix,mix,mix,1,1,2,1,1,1.0,3966,3966.0,MB_ML.MB_CA,3,2,2,"[MB_CA.MB_VLL2, MB_CA.MB_VLL3] -> MB_ML.MB_CAL3 -> [MB_CA.MB_MLL2, MB_CA.MB_MLL3]",MB_CA.MB_VL,2,MB_CA.MB_VL,3,MB_CA.MB_ML,2,MB_CA.MB_ML,3
48378440528,mixed,mix->mix,mix,mix,1,1,2,2282,10,1.818,21434,9.393,LO,3,2,2,"[ME.LOL2, ME.LOPL3] -> LOL3 -> [ME.LOL3, ME.LOPL2]",ME.LO,2,ME.LOP,3,ME.LO,3,ME.LOP,2
48284795370,mixed,lat->mix,lat,mix,1,1,2,2282,3,1.135,20125,8.819,LO,3,2,2,"[ME.LOL3, ME.LOPL3] -> LOL3 -> [LO.LOPL4, ME.LOL2]",ME.LO,3,ME.LOP,3,LO.LOP,4,ME.LO,2
48229283382,mixed,FF->mix,FF,mix,2,1,1,2282,4,1.407,36349,15.929,LO,3,2,2,"[LO.LOPL2, ME.LOL2] -> LOL3 -> [LO.LOPL3, MEL2]",LO.LOP,2,ME.LO,2,LO.LOP,3,ME,2
47868940254,mixed,mix->mix,mix,mix,2,1,1,2282,2,1.872,35279,15.46,LO,3,2,2,"[MEL2, ME.LOPL3] -> LOL3 -> [ME.LOL2, ME.LOPL4]",ME,2,ME.LOP,3,ME.LO,2,ME.LOP,4
47782814760,mixed,mix->mix,mix,mix,2,1,1,2282,3,1.181,31056,13.609,LO,3,2,2,"[LO.LOPL3, MEL2] -> LOL3 -> [LOL2, LO.LOPL4]",LO.LOP,3,ME,2,LO,2,LO.LOP,4
47657969252,mixed,mix->mix,mix,mix,0,2,2,2282,6,1.905,15984,7.004,LO,3,2,2,"[MEL4, ME.LOPL3] -> LOL3 -> [LO.LOPL3, ME.LOL2]",ME,4,ME.LOP,3,LO.LOP,3,ME.LO,2
47601124748,mixed,mix->mix,mix,mix,2,1,1,2282,3,1.25,12444,5.453,LO,3,2,2,"[LOL2, ME.LOPL3] -> LOL3 -> [LO.LOPL4, ME.LOL2]",LO,2,ME.LOP,3,LO.LOP,4,ME.LO,2
47219249175,mixed,mix->mix,mix,mix,1,1,2,2282,5,1.716,40046,17.549,LO,3,2,2,"[LO.LOPL3, MEL2] -> LOL3 -> [ME.LOL3, ME.LOPL2]",LO.LOP,3,ME,2,ME.LO,3,ME.LOP,2
46967113720,mixed,mix->lat,mix,lat,1,1,2,2282,2,1.077,38313,16.789,LO,3,2,2,"[LO.LOPL4, MEL2] -> LOL3 -> [ME.LOL3, ME.LOPL3]",LO.LOP,4,ME,2,ME.LO,3,ME.LOP,3
46935994977,mixed,mix->mix,mix,mix,1,1,2,2282,9,1.353,46273,20.277,LO,3,2,2,"[LO.LOPL3, MEL2] -> LOL3 -> [MEL3, ME.LOL2]",LO.LOP,3,ME,2,ME,3,ME.LO,2
46827134159,mixed,mix->FB,mix,FB,1,3,0,2282,2,1.818,10653,4.668,LO,3,2,2,"[LO.LOPL4, ME.LOL2] -> LOL3 -> [LO.LOPL2, ME.LOPL2]",LO.LOP,4,ME.LO,2,LO.LOP,2,ME.LOP,2
46745600672,mixed,mix->mix,mix,mix,1,1,2,2282,10,1.974,17815,7.807,LO,3,2,2,"[MEL3, ME.LOPL2] -> LOL3 -> [LOL2, ME.LOPL3]",ME,3,ME.LOP,2,LO,2,ME.LOP,3
46694869140,mixed,mix->mix,mix,mix,2,1,1,2282,3,1.222,12444,5.453,LO,3,2,2,"[ME.LOL2, ME.LOPL3] -> LOL3 -> [LOL2, LO.LOPL4]",ME.LO,2,ME.LOP,3,LO,2,LO.LOP,4
46365731502,mixed,mix->FB,mix,FB,0,3,1,2282,2,1.996,12470,5.465,LO,3,2,2,"[LO.LOPL3, LO.LOPL4] -> LOL3 -> [LO.LOPL2, ME.LOL2]",LO.LOP,3,LO.LOP,4,LO.LOP,2,ME.LO,2
46159013363,mixed,mix->mix,mix,mix,1,1,2,2282,15,1.925,38566,16.9,LO,3,2,2,"[MEL2, ME.LOL3] -> LOL3 -> [LO.LOPL2, LO.LOPL3]",ME,2,ME.LO,3,LO.LOP,2,LO.LOP,3
46146681070,mixed,mix->mix,mix,mix,2,1,1,2282,7,1.415,43147,18.908,LO,3,2,2,"[MEL3, ME.LOL2] -> LOL3 -> [LO.LOPL4, MEL2]",ME,3,ME.LO,2,LO.LOP,4,ME,2
45988684922,mixed,mix->FB,mix,FB,1,2,1,2282,6,1.958,14177,6.213,LO,3,2,2,"[LOL2, LO.LOPL3] -> LOL3 -> [ME.LOL2, ME.LOPL2]",LO,2,LO.LOP,3,ME.LO,2,ME.LOP,2
45950190702,mixed,mix->mix,mix,mix,2,1,1,2282,2,1.989,31321,13.725,LO,3,2,2,"[LO.LOPL3, MEL2] -> LOL3 -> [ME.LOPL2, ME.LOPL4]",LO.LOP,3,ME,2,ME.LOP,2,ME.LOP,4
45292621896,mixed,lat->FB,lat,FB,0,2,2,2282,9,1.984,17815,7.807,LO,3,2,2,"[MEL3, ME.LOPL3] -> LOL3 -> [LOL2, ME.LOPL2]",ME,3,ME.LOP,3,LO,2,ME.LOP,2
45221463796,mixed,mix->FB,mix,FB,0,3,1,2282,2,1.367,36096,15.818,LO,3,2,2,"[LO.LOPL4, ME.LOPL3] -> LOL3 -> [MEL2, ME.LOL2]",LO.LOP,4,ME.LOP,3,ME,2,ME.LO,2
45126714000,mixed,mix->mix,mix,mix,2,0,2,2282,2,1.946,21153,9.27,LO,3,2,2,"[MEL3, ME.LOL2] -> LOL3 -> [ME.LOPL3, ME.LOPL4]",ME,3,ME.LO,2,ME.LOP,3,ME.LOP,4
44907986444,mixed,FF->mix,FF,mix,3,0,1,2282,25,1.129,36300,15.907,LO,3,2,2,"[MEL2, ME.LOL2] -> LOL3 -> [LOL4, ME.LOPL3]",ME,2,ME.LO,2,LO,4,ME.LOP,3
44882961953,mixed,FF->mix,FF,mix,2,1,1,2282,13,1.991,30461,13.348,LO,3,2,2,"[LOL2, MEL2] -> LOL3 -> [LO.LOPL2, ME.LOPL3]",LO,2,ME,2,LO.LOP,2,ME.LOP,3
44728160704,mixed,mix->mix,mix,mix,1,1,2,2282,5,1.608,33360,14.619,LO,3,2,2,"[LO.LOPL2, LO.LOPL3] -> LOL3 -> [MEL2, ME.LOPL3]",LO.LOP,2,LO.LOP,3,ME,2,ME.LOP,3
44689799820,mixed,mix->mix,mix,mix,2,1,1,2282,2,1.938,12046,5.279,LO,3,2,2,"[LO.LOPL2, ME.LOPL3] -> LOL3 -> [LO.LOPL4, ME.LOL2]",LO.LOP,2,ME.LOP,3,LO.LOP,4,ME.LO,2
44587065480,mixed,mix->lat,mix,lat,0,1,3,2282,2,1.106,17560,7.695,LO,3,2,2,"[LO.LOPL3, LO.LOPL4] -> LOL3 -> [ME.LOL3, ME.LOPL3]",LO.LOP,3,LO.LOP,4,ME.LO,3,ME.LOP,3
43846463317,mixed,FF->mix,FF,mix,3,1,0,2282,5,1.704,34703,15.207,LO,3,2,2,"[ME.LOL2, ME.LOPL2] -> LOL3 -> [LO.LOPL4, MEL2]",ME.LO,2,ME.LOP,2,LO.LOP,4,ME,2
43731820200,mixed,mix->mix,mix,mix,1,2,1,2282,2,1.141,30632,13.423,LO,3,2,2,"[LO.LOPL4, MEL2] -> LOL3 -> [LOL2, ME.LOPL3]",LO.LOP,4,ME,2,LO,2,ME.LOP,3
43444066540,mixed,mix->mix,mix,mix,2,0,2,2282,3,1.138,17588,7.707,LO,3,2,2,"[ME.LOPL2, ME.LOPL3] -> LOL3 -> [LO.LOPL4, MEL3]",ME.LOP,2,ME.LOP,3,LO.LOP,4,ME,3
43415146705,mixed,FF->mix,FF,mix,3,0,1,2282,14,1.075,43147,18.908,LO,3,2,2,"[MEL2, ME.LOL2] -> LOL3 -> [LO.LOPL4, MEL3]",ME,2,ME.LO,2,LO.LOP,4,ME,3
43386214180,mixed,mix->lat,mix,lat,1,1,2,2282,7,1.479,15547,6.813,LO,3,2,2,"[LOL4, ME.LOL2] -> LOL3 -> [LO.LOPL3, ME.LOPL3]",LO,4,ME.LO,2,LO.LOP,3,ME.LOP,3
43017084263,mixed,mix->mix,mix,mix,2,0,2,2282,6,1.178,15547,6.813,LO,3,2,2,"[LO.LOPL3, ME.LOL2] -> LOL3 -> [LOL4, ME.LOPL3]",LO.LOP,3,ME.LO,2,LO,4,ME.LOP,3
42962672480,mixed,mix->mix,mix,mix,1,2,1,2282,2,1.956,30897,13.539,LO,3,2,2,"[MEL2, ME.LOPL4] -> LOL3 -> [ME.LOPL2, ME.LOPL3]",ME,2,ME.LOP,4,ME.LOP,2,ME.LOP,3
42917987736,mixed,mix->FB,mix,FB,1,2,1,2282,10,1.788,36747,16.103,LO,3,2,2,"[LO.LOPL3, MEL2] -> LOL3 -> [LOL2, ME.LOL2]",LO.LOP,3,ME,2,LO,2,ME.LO,2
42688252959,mixed,mix->FB,mix,FB,1,2,1,2282,5,1.985,14177,6.213,LO,3,2,2,"[LO.LOPL3, ME.LOL2] -> LOL3 -> [LOL2, ME.LOPL2]",LO.LOP,3,ME.LO,2,LO,2,ME.LOP,2
42382963303,mixed,mix->FB,mix,FB,1,3,0,2282,2,1.973,33223,14.559,LO,3,2,2,"[LO.LOPL4, MEL2] -> LOL3 -> [LO.LOPL2, ME.LOL2]",LO.LOP,4,ME,2,LO.LOP,2,ME.LO,2
42228986300,mixed,FF->mix,FF,mix,3,1,0,2282,3,1.786,28841,12.638,LO,3,2,2,"[LO.LOPL2, MEL2] -> LOL3 -> [LO.LOPL4, ME.LOPL2]",LO.LOP,2,ME,2,LO.LOP,4,ME.LOP,2
42175268949,mixed,mix->mix,mix,mix,2,0,2,2282,22,1.161,40786,17.873,LO,3,2,2,"[MEL2, MEL3] -> LOL3 -> [LOL4, LO.LOPL3]",ME,2,ME,3,LO,4,LO.LOP,3
42014107656,mixed,lat->mix,lat,mix,1,0,3,2282,4,1.106,24187,10.599,LO,3,2,2,"[MEL3, ME.LOPL3] -> LOL3 -> [LO.LOPL4, ME.LOL3]",ME,3,ME.LOP,3,LO.LOP,4,ME.LO,3
42003542890,mixed,mix->mix,mix,mix,1,2,1,2282,2,1.981,35703,15.645,LO,3,2,2,"[MEL2, ME.LOPL4] -> LOL3 -> [LO.LOPL3, ME.LOL2]",ME,2,ME.LOP,4,LO.LOP,3,ME.LO,2
41971987800,mixed,mix->mix,mix,mix,0,2,2,2282,2,1.194,9879,4.329,LO,3,2,2,"[LO.LOPL3, LO.LOPL4] -> LOL3 -> [LOL2, ME.LOPL3]",LO.LOP,3,LO.LOP,4,LO,2,ME.LOP,3
41934126285,mixed,FF->FB,FF,FB,2,2,0,2282,9,1.405,34532,15.132,LO,3,2,2,"[ME.LOL2, ME.LOPL2] -> LOL3 -> [LO.LOPL2, MEL2]",ME.LO,2,ME.LOP,2,LO.LOP,2,ME,2
41912158547,mixed,mix->mix,mix,mix,1,2,1,2282,15,1.995,32779,14.364,LO,3,2,2,"[MEL2, MEL4] -> LOL3 -> [LO.LOPL3, ME.LOPL2]",ME,2,ME,4,LO.LOP,3,ME.LOP,2
41887743120,mixed,lat->FB,lat,FB,0,2,2,2282,5,1.742,40411,17.709,LO,3,2,2,"[LO.LOPL3, MEL3] -> LOL3 -> [LO.LOPL2, MEL2]",LO.LOP,3,ME,3,LO.LOP,2,ME,2
41658272540,mixed,mix->lat,mix,lat,1,1,2,2282,2,1.116,22394,9.813,LO,3,2,2,"[LO.LOPL4, ME.LOL2] -> LOL3 -> [LO.LOPL3, MEL3]",LO.LOP,4,ME.LO,2,LO.LOP,3,ME,3
41514792096,mixed,mix->FF,mix,FF,3,0,1,2282,2,1.027,30609,13.413,LO,3,2,2,"[MEL2, ME.LOPL3] -> LOL3 -> [LOL4, LO.LOPL4]",ME,2,ME.LOP,3,LO,4,LO.LOP,4
41338274422,mixed,FF->FB,FF,FB,2,2,0,2282,15,2.0,34930,15.307,LO,3,2,2,"[LOL2, MEL2] -> LOL3 -> [ME.LOL2, ME.LOPL2]",LO,2,ME,2,ME.LO,2,ME.LOP,2
41280086603,mixed,mix->lat,mix,lat,1,0,3,2282,10,1.725,25496,11.173,LO,3,2,2,"[MEL3, ME.LOPL2] -> LOL3 -> [ME.LOL3, ME.LOPL3]",ME,3,ME.LOP,2,ME.LO,3,ME.LOP,3
41206989666,mixed,mix->mix,mix,mix,2,0,2,2282,5,1.104,22394,9.813,LO,3,2,2,"[LO.LOPL3, ME.LOL2] -> LOL3 -> [LO.LOPL4, MEL3]",LO.LOP,3,ME.LO,2,LO.LOP,4,ME,3
40425485776,mixed,FF->lat,FF,lat,2,0,2,2282,4,1.754,9708,4.254,LO,3,2,2,"[LOL2, LO.LOPL2] -> LOL3 -> [LO.LOPL3, ME.LOPL3]",LO,2,LO.LOP,2,LO.LOP,3,ME.LOP,3
40389119063,mixed,mix->mix,mix,mix,1,1,2,2282,10,1.494,44428,19.469,LO,3,2,2,"[LO.LOPL3, MEL2] -> LOL3 -> [ME.LOL2, ME.LOL3]",LO.LOP,3,ME,2,ME.LO,2,ME.LO,3
40357333440,mixed,mix->mix,mix,mix,2,0,2,2282,2,1.986,16771,7.349,LO,3,2,2,"[MEL3, ME.LOPL2] -> LOL3 -> [ME.LOPL3, ME.LOPL4]",ME,3,ME.LOP,2,ME.LOP,3,ME.LOP,4
39700285507,mixed,lat->mix,lat,mix,0,1,3,2282,10,1.751,25496,11.173,LO,3,2,2,"[MEL3, ME.LOPL3] -> LOL3 -> [ME.LOL3, ME.LOPL2]",ME,3,ME.LOP,3,ME.LO,3,ME.LOP,2
39554759052,mixed,lat->mix,lat,mix,1,1,2,2282,2,1.194,16506,7.233,LO,3,2,2,"[MEL3, ME.LOPL3] -> LOL3 -> [LOL2, LO.LOPL4]",ME,3,ME.LOP,3,LO,2,LO.LOP,4
39479810699,mixed,lat->mix,lat,mix,0,1,3,2282,6,1.911,17389,7.62,LO,3,2,2,"[LO.LOPL3, ME.LOL3] -> LOL3 -> [LO.LOPL2, ME.LOPL3]",LO.LOP,3,ME.LO,3,LO.LOP,2,ME.LOP,3
39426766860,mixed,mix->mix,mix,mix,0,2,2,2282,2,1.672,17195,7.535,LO,3,2,2,"[MEL3, ME.LOPL4] -> LOL3 -> [LO.LOPL3, ME.LOPL2]",ME,3,ME.LOP,4,LO.LOP,3,ME.LOP,2
39344042620,mixed,mix->mix,mix,mix,1,1,2,2282,2,1.041,9856,4.319,LO,3,2,2,"[LO.LOPL4, ME.LOPL3] -> LOL3 -> [LOL4, LO.LOPL3]",LO.LOP,4,ME.LOP,3,LO,4,LO.LOP,3
39306046884,mixed,lat->mix,lat,mix,1,1,2,2282,2,1.977,16771,7.349,LO,3,2,2,"[MEL3, ME.LOPL3] -> LOL3 -> [ME.LOPL2, ME.LOPL4]",ME,3,ME.LOP,3,ME.LOP,2,ME.LOP,4
39056965848,mixed,lat->FF,lat,FF,2,0,2,2282,2,1.037,9856,4.319,LO,3,2,2,"[LO.LOPL3, ME.LOPL3] -> LOL3 -> [LOL4, LO.LOPL4]",LO.LOP,3,ME.LOP,3,LO,4,LO.LOP,4
38758771162,mixed,mix->mix,mix,mix,1,1,2,2282,8,1.742,23703,10.387,LO,3,2,2,"[LO.LOPL3, ME.LOL2] -> LOL3 -> [MEL3, ME.LOPL2]",LO.LOP,3,ME.LO,2,ME,3,ME.LOP,2
38752693177,mixed,mix->FB,mix,FB,1,2,1,2282,7,2.0,13753,6.027,LO,3,2,2,"[ME.LOPL2, ME.LOPL3] -> LOL3 -> [LOL2, ME.LOL2]",ME.LOP,2,ME.LOP,3,LO,2,ME.LO,2
38751826110,mixed,FF->FB,FF,FB,2,2,0,2282,20,1.989,34930,15.307,LO,3,2,2,"[MEL2, ME.LOL2] -> LOL3 -> [LOL2, ME.LOPL2]",ME,2,ME.LO,2,LO,2,ME.LOP,2
38629408480,mixed,mix->mix,mix,mix,1,2,1,2282,2,1.753,7664,3.358,LO,3,2,2,"[LO.LOPL2, LO.LOPL4] -> LOL3 -> [ME.LOPL2, ME.LOPL3]",LO.LOP,2,LO.LOP,4,ME.LOP,2,ME.LOP,3
38511868245,mixed,mix->mix,mix,mix,1,1,2,2282,13,1.88,16759,7.344,LO,3,2,2,"[LOL2, MEL3] -> LOL3 -> [LO.LOPL2, LO.LOPL3]",LO,2,ME,3,LO.LOP,2,LO.LOP,3
38354151654,mixed,mix->mix,mix,mix,2,1,1,2282,2,1.856,13133,5.755,LO,3,2,2,"[LO.LOPL3, ME.LOL2] -> LOL3 -> [ME.LOPL2, ME.LOPL4]",LO.LOP,3,ME.LO,2,ME.LOP,2,ME.LOP,4
38319667620,mixed,mix->mix,mix,mix,1,2,1,2282,2,1.52,8486,3.719,LO,3,2,2,"[LOL2, LO.LOPL4] -> LOL3 -> [LO.LOPL3, ME.LOPL2]",LO,2,LO.LOP,4,LO.LOP,3,ME.LOP,2
38240203292,mixed,mix->mix,mix,mix,2,0,2,2282,24,1.113,40362,17.687,LO,3,2,2,"[MEL2, MEL3] -> LOL3 -> [LOL4, ME.LOPL3]",ME,2,ME,3,LO,4,ME.LOP,3
38008608320,mixed,mix->lat,mix,lat,1,1,2,2282,2,1.081,21970,9.628,LO,3,2,2,"[LO.LOPL4, ME.LOL2] -> LOL3 -> [MEL3, ME.LOPL3]",LO.LOP,4,ME.LO,2,ME,3,ME.LOP,3
37881172407,mixed,FF->mix,FF,mix,2,1,1,2282,24,1.583,44456,19.481,LO,3,2,2,"[MEL2, ME.LOL2] -> LOL3 -> [MEL3, ME.LOPL2]",ME,2,ME.LO,2,ME,3,ME.LOP,2
37602847595,mixed,mix->mix,mix,mix,1,1,2,2282,13,1.766,38142,16.714,LO,3,2,2,"[MEL2, ME.LOL3] -> LOL3 -> [LO.LOPL2, ME.LOPL3]",ME,2,ME.LO,3,LO.LOP,2,ME.LOP,3
37598909491,mixed,FF->mix,FF,mix,3,1,0,2282,8,1.353,29239,12.813,LO,3,2,2,"[LOL2, MEL2] -> LOL3 -> [LO.LOPL4, ME.LOPL2]",LO,2,ME,2,LO.LOP,4,ME.LOP,2
37364985719,mixed,mix->mix,mix,mix,2,1,1,2282,8,1.193,36920,16.179,LO,3,2,2,"[MEL2, ME.LOL3] -> LOL3 -> [LO.LOPL4, ME.LOPL2]",ME,2,ME.LO,3,LO.LOP,4,ME.LOP,2
37322317544,mixed,mix->mix,mix,mix,1,2,1,2282,3,1.803,12470,5.465,LO,3,2,2,"[LO.LOPL2, LO.LOPL4] -> LOL3 -> [LO.LOPL3, ME.LOL2]",LO.LOP,2,LO.LOP,4,LO.LOP,3,ME.LO,2
37269013870,mixed,mix->mix,mix,mix,2,1,1,2282,4,1.473,8486,3.719,LO,3,2,2,"[LOL2, LO.LOPL3] -> LOL3 -> [LO.LOPL4, ME.LOPL2]",LO,2,LO.LOP,3,LO.LOP,4,ME.LOP,2
37227700008,mixed,FF->mix,FF,mix,3,1,0,2282,3,1.577,10653,4.668,LO,3,2,2,"[LO.LOPL2, ME.LOL2] -> LOL3 -> [LO.LOPL4, ME.LOPL2]",LO.LOP,2,ME.LO,2,LO.LOP,4,ME.LOP,2
37015656878,mixed,mix->mix,mix,mix,1,1,2,2282,4,1.461,40411,17.709,LO,3,2,2,"[LO.LOPL2, MEL3] -> LOL3 -> [LO.LOPL3, MEL2]",LO.LOP,2,ME,3,LO.LOP,3,ME,2
36880341386,mixed,FF->mix,FF,mix,3,0,1,2282,11,1.301,32342,14.173,LO,3,2,2,"[MEL2, ME.LOPL2] -> LOL3 -> [LOL4, LO.LOPL3]",ME,2,ME.LOP,2,LO,4,LO.LOP,3
36873882708,mixed,mix->FB,mix,FB,0,3,1,2282,2,1.66,32138,14.083,LO,3,2,2,"[LO.LOPL3, LO.LOPL4] -> LOL3 -> [MEL2, ME.LOPL2]",LO.LOP,3,LO.LOP,4,ME,2,ME.LOP,2
36841236640,mixed,mix->mix,mix,mix,0,2,2,2282,2,1.293,16167,7.085,LO,3,2,2,"[LO.LOPL4, ME.LOL3] -> LOL3 -> [LO.LOPL3, ME.LOPL2]",LO.LOP,4,ME.LO,3,LO.LOP,3,ME.LOP,2
36796135298,mixed,mix->FB,mix,FB,0,3,1,2282,2,1.879,14715,6.448,LO,3,2,2,"[LO.LOPL4, MEL3] -> LOL3 -> [LO.LOPL2, ME.LOPL2]",LO.LOP,4,ME,3,LO.LOP,2,ME.LOP,2
36690916547,mixed,mix->mix,mix,mix,1,1,2,2282,7,1.652,23279,10.201,LO,3,2,2,"[ME.LOPL2, ME.LOPL3] -> LOL3 -> [MEL3, ME.LOL2]",ME.LOP,2,ME.LOP,3,ME,3,ME.LO,2
36647890724,mixed,mix->mix,mix,mix,0,2,2,2282,2,1.614,8664,3.797,LO,3,2,2,"[ME.LOPL3, ME.LOPL4] -> LOL3 -> [LO.LOPL2, LO.LOPL3]",ME.LOP,3,ME.LOP,4,LO.LOP,2,LO.LOP,3
36528959962,mixed,lat->mix,lat,mix,1,0,3,2282,5,1.155,19609,8.593,LO,3,2,2,"[LO.LOPL3, MEL3] -> LOL3 -> [LOL4, ME.LOPL3]",LO.LOP,3,ME,3,LO,4,ME.LOP,3
36423414560,mixed,mix->mix,mix,mix,1,2,1,2282,2,1.784,12709,5.569,LO,3,2,2,"[ME.LOL2, ME.LOPL4] -> LOL3 -> [ME.LOPL2, ME.LOPL3]",ME.LO,2,ME.LOP,4,ME.LOP,2,ME.LOP,3
36377951149,mixed,FF->mix,FF,mix,2,1,1,2282,13,1.959,12273,5.378,LO,3,2,2,"[LOL2, ME.LOL2] -> LOL3 -> [LO.LOPL2, ME.LOPL3]",LO,2,ME.LO,2,LO.LOP,2,ME.LOP,3
36377548500,mixed,mix->mix,mix,mix,1,1,2,2282,15,2.0,20378,8.93,LO,3,2,2,"[ME.LOL2, ME.LOL3] -> LOL3 -> [LO.LOPL2, LO.LOPL3]",ME.LO,2,ME.LO,3,LO.LOP,2,LO.LOP,3
36263994052,mixed,mix->lat,mix,lat,0,1,3,2282,7,1.424,19609,8.593,LO,3,2,2,"[LOL4, MEL3] -> LOL3 -> [LO.LOPL3, ME.LOPL3]",LO,4,ME,3,LO.LOP,3,ME.LOP,3
36223795731,mixed,mix->mix,mix,mix,2,1,1,2282,5,1.635,38765,16.987,LO,3,2,2,"[MEL3, ME.LOPL2] -> LOL3 -> [LO.LOPL4, MEL2]",ME,3,ME.LOP,2,LO.LOP,4,ME,2
36166372915,mixed,lat->FB,lat,FB,0,2,2,2282,12,1.822,22197,9.727,LO,3,2,2,"[MEL3, ME.LOPL3] -> LOL3 -> [LOL2, ME.LOL2]",ME,3,ME.LOP,3,LO,2,ME.LO,2
36162032451,mixed,lat->mix,lat,mix,1,1,2,2282,4,1.264,16167,7.085,LO,3,2,2,"[LO.LOPL3, ME.LOL3] -> LOL3 -> [LO.LOPL4, ME.LOPL2]",LO.LOP,3,ME.LO,3,LO.LOP,4,ME.LOP,2
36072045544,mixed,lat->FB,lat,FB,0,2,2,2282,6,1.947,21858,9.578,LO,3,2,2,"[LO.LOPL3, ME.LOL3] -> LOL3 -> [ME.LOL2, ME.LOPL2]",LO.LOP,3,ME.LO,3,ME.LO,2,ME.LOP,2
35980436920,mixed,mix->mix,mix,mix,2,0,2,2282,3,1.199,15743,6.899,LO,3,2,2,"[ME.LOPL2, ME.LOPL3] -> LOL3 -> [LO.LOPL4, ME.LOL3]",ME.LOP,2,ME.LOP,3,LO.LOP,4,ME.LO,3
35968672730,mixed,mix->mix,mix,mix,2,1,1,2282,2,1.296,30012,13.152,LO,3,2,2,"[LO.LOPL4, MEL2] -> LOL3 -> [LO.LOPL3, ME.LOPL4]",LO.LOP,4,ME,2,LO.LOP,3,ME.LOP,4
35743731150,mixed,mix->mix,mix,mix,0,2,2,2282,7,1.991,11602,5.084,LO,3,2,2,"[LO.LOPL3, MEL4] -> LOL3 -> [ME.LOPL2, ME.LOPL3]",LO.LOP,3,ME,4,ME.LOP,2,ME.LOP,3
35719601280,mixed,mix->mix,mix,mix,0,2,2,2282,2,1.988,14526,6.365,LO,3,2,2,"[LO.LOPL3, ME.LOPL4] -> LOL3 -> [ME.LOL2, ME.LOPL3]",LO.LOP,3,ME.LOP,4,ME.LO,2,ME.LOP,3
35509064789,mixed,FF->mix,FF,mix,3,0,1,2282,9,1.109,41302,18.099,LO,3,2,2,"[MEL2, ME.LOL2] -> LOL3 -> [LO.LOPL4, ME.LOL3]",ME,2,ME.LO,2,LO.LOP,4,ME.LO,3
35506592053,mixed,mix->mix,mix,mix,1,1,2,2282,5,1.911,21858,9.578,LO,3,2,2,"[LO.LOPL3, ME.LOL2] -> LOL3 -> [ME.LOL3, ME.LOPL2]",LO.LOP,3,ME.LO,2,ME.LO,3,ME.LOP,2
35474300976,mixed,mix->mix,mix,mix,2,1,1,2282,12,1.211,31470,13.791,LO,3,2,2,"[MEL2, MEL4] -> LOL3 -> [LO.LOPL3, LO.LOPL4]",ME,2,ME,4,LO.LOP,3,LO.LOP,4
35349657960,mixed,FF->mix,FF,mix,2,1,1,2282,5,1.358,31543,13.823,LO,3,2,2,"[LO.LOPL2, ME.LOPL2] -> LOL3 -> [MEL2, ME.LOPL3]",LO.LOP,2,ME.LOP,2,ME,2,ME.LOP,3
35348684598,mixed,mix->mix,mix,mix,2,1,1,2282,2,1.951,35703,15.645,LO,3,2,2,"[LO.LOPL3, MEL2] -> LOL3 -> [ME.LOL2, ME.LOPL4]",LO.LOP,3,ME,2,ME.LO,2,ME.LOP,4
35329451928,mixed,mix->mix,mix,mix,1,1,2,2282,2,1.104,9856,4.319,LO,3,2,2,"[LOL4, ME.LOPL3] -> LOL3 -> [LO.LOPL3, LO.LOPL4]",LO,4,ME.LOP,3,LO.LOP,3,LO.LOP,4
35300231322,mixed,mix->FF,mix,FF,3,0,1,2282,2,1.267,30012,13.152,LO,3,2,2,"[LO.LOPL3, MEL2] -> LOL3 -> [LO.LOPL4, ME.LOPL4]",LO.LOP,3,ME,2,LO.LOP,4,ME.LOP,4
35296656420,mixed,mix->mix,mix,mix,1,2,1,2282,2,1.587,13133,5.755,LO,3,2,2,"[ME.LOPL2, ME.LOPL4] -> LOL3 -> [LO.LOPL3, ME.LOL2]",ME.LOP,2,ME.LOP,4,LO.LOP,3,ME.LO,2
35294215714,mixed,mix->mix,mix,mix,2,1,1,2282,2,1.434,30012,13.152,LO,3,2,2,"[MEL2, ME.LOPL4] -> LOL3 -> [LO.LOPL3, LO.LOPL4]",ME,2,ME.LOP,4,LO.LOP,3,LO.LOP,4
35122855925,mixed,FF->mix,FF,mix,2,1,1,2282,10,1.751,7891,3.458,LO,3,2,2,"[LOL2, ME.LOPL2] -> LOL3 -> [LO.LOPL2, ME.LOPL3]",LO,2,ME.LOP,2,LO.LOP,2,ME.LOP,3
35001808236,mixed,mix->mix,mix,mix,2,1,1,2282,2,1.359,8062,3.533,LO,3,2,2,"[ME.LOPL2, ME.LOPL3] -> LOL3 -> [LOL2, LO.LOPL4]",ME.LOP,2,ME.LOP,3,LO,2,LO.LOP,4
34970517680,mixed,mix->FB,mix,FB,1,2,1,2282,3,1.341,31543,13.823,LO,3,2,2,"[LO.LOPL2, ME.LOPL3] -> LOL3 -> [MEL2, ME.LOPL2]",LO.LOP,2,ME.LOP,3,ME,2,ME.LOP,2
34779762954,mixed,mix->FF,mix,FF,3,0,1,2282,2,1.326,11400,4.996,LO,3,2,2,"[ME.LOL2, ME.LOPL3] -> LOL3 -> [LO.LOPL4, ME.LOPL4]",ME.LO,2,ME.LOP,3,LO.LOP,4,ME.LOP,4
34742178177,mixed,mix->mix,mix,mix,2,1,1,2282,7,1.122,41302,18.099,LO,3,2,2,"[MEL2, ME.LOL3] -> LOL3 -> [LO.LOPL4, ME.LOL2]",ME,2,ME.LO,3,LO.LOP,4,ME.LO,2
34614489291,mixed,mix->mix,mix,mix,2,1,1,2282,4,1.853,12470,5.465,LO,3,2,2,"[LO.LOPL2, LO.LOPL3] -> LOL3 -> [LO.LOPL4, ME.LOL2]",LO.LOP,2,LO.LOP,3,LO.LOP,4,ME.LO,2
34554502632,mixed,mix->lat,mix,lat,1,1,2,2282,3,1.716,11165,4.893,LO,3,2,2,"[LOL4, ME.LOPL2] -> LOL3 -> [LO.LOPL3, ME.LOPL3]",LO,4,ME.LOP,2,LO.LOP,3,ME.LOP,3
34469556624,mixed,mix->FB,mix,FB,1,2,1,2282,6,1.725,7891,3.458,LO,3,2,2,"[LOL2, ME.LOPL3] -> LOL3 -> [LO.LOPL2, ME.LOPL2]",LO,2,ME.LOP,3,LO.LOP,2,ME.LOP,2
34401462095,mixed,mix->lat,mix,lat,1,0,3,2282,27,1.206,17787,7.794,LO,3,2,2,"[LOL2, ME.LOL3] -> LOL3 -> [LO.LOPL3, ME.LOPL3]",LO,2,ME.LO,3,LO.LOP,3,ME.LOP,3
34350397405,mixed,mix->lat,mix,lat,1,1,2,2282,2,1.167,20549,9.005,LO,3,2,2,"[LO.LOPL4, ME.LOL2] -> LOL3 -> [LO.LOPL3, ME.LOL3]",LO.LOP,4,ME.LO,2,LO.LOP,3,ME.LO,3
34211378412,mixed,mix->mix,mix,mix,2,1,1,2282,2,1.928,12709,5.569,LO,3,2,2,"[ME.LOPL2, ME.LOPL3] -> LOL3 -> [ME.LOL2, ME.LOPL4]",ME.LOP,2,ME.LOP,3,ME.LO,2,ME.LOP,4
34107894169,mixed,mix->mix,mix,mix,1,2,1,2282,15,1.948,14591,6.394,LO,3,2,2,"[MEL4, ME.LOL2] -> LOL3 -> [LO.LOPL3, ME.LOPL2]",ME,4,ME.LO,2,LO.LOP,3,ME.LOP,2
34083667854,mixed,lat->FB,lat,FB,0,2,2,2282,4,1.999,18239,7.993,LO,3,2,2,"[LO.LOPL3, MEL3] -> LOL3 -> [LOL2, ME.LOPL2]",LO.LOP,3,ME,3,LO,2,ME.LOP,2
34083156339,mixed,mix->FB,mix,FB,1,2,1,2282,15,1.818,42611,18.673,LO,3,2,2,"[MEL2, ME.LOL3] -> LOL3 -> [ME.LOL2, ME.LOPL2]",ME,2,ME.LO,3,ME.LO,2,ME.LOP,2
34077760859,mixed,FF->mix,FF,mix,3,1,0,2282,8,1.226,33621,14.733,LO,3,2,2,"[LOL2, MEL2] -> LOL3 -> [LO.LOPL4, ME.LOL2]",LO,2,ME,2,LO.LOP,4,ME.LO,2
34024543165,mixed,mix->mix,mix,mix,1,1,2,2282,9,1.875,15996,7.01,LO,3,2,2,"[ME.LOL3, ME.LOPL2] -> LOL3 -> [LO.LOPL2, LO.LOPL3]",ME.LO,3,ME.LOP,2,LO.LOP,2,LO.LOP,3
33899073892,mixed,mix->mix,mix,mix,2,0,2,2282,3,1.151,20549,9.005,LO,3,2,2,"[LO.LOPL3, ME.LOL2] -> LOL3 -> [LO.LOPL4, ME.LOL3]",LO.LOP,3,ME.LO,2,LO.LOP,4,ME.LO,3
33841268504,mixed,mix->mix,mix,mix,1,2,1,2282,3,1.341,12868,5.639,LO,3,2,2,"[LOL2, LO.LOPL4] -> LOL3 -> [LO.LOPL3, ME.LOL2]",LO,2,LO.LOP,4,LO.LOP,3,ME.LO,2
33819967514,mixed,FF->mix,FF,mix,2,1,1,2282,20,1.766,42611,18.673,LO,3,2,2,"[MEL2, ME.LOL2] -> LOL3 -> [ME.LOL3, ME.LOPL2]",ME,2,ME.LO,2,ME.LO,3,ME.LOP,2
33742817625,mixed,lat->mix,lat,mix,0,1,3,2282,13,1.526,29878,13.093,LO,3,2,2,"[MEL3, ME.LOPL3] -> LOL3 -> [ME.LOL2, ME.LOL3]",ME,3,ME.LOP,3,ME.LO,2,ME.LO,3
33730524711,mixed,FF->mix,FF,mix,3,1,0,2282,2,1.97,33886,14.849,LO,3,2,2,"[MEL2, ME.LOL2] -> LOL3 -> [ME.LOPL2, ME.LOPL4]",ME,2,ME.LO,2,ME.LOP,2,ME.LOP,4
33707371160,mixed,mix->mix,mix,mix,0,2,2,2282,2,1.186,20549,9.005,LO,3,2,2,"[LO.LOPL4, ME.LOL3] -> LOL3 -> [LO.LOPL3, ME.LOL2]",LO.LOP,4,ME.LO,3,LO.LOP,3,ME.LO,2
33531836180,mixed,FF->mix,FF,mix,2,1,1,2282,5,1.559,35925,15.743,LO,3,2,2,"[LO.LOPL2, ME.LOL2] -> LOL3 -> [MEL2, ME.LOPL3]",LO.LOP,2,ME.LO,2,ME,2,ME.LOP,3
33469328354,mixed,FF->mix,FF,mix,3,1,0,2282,8,1.2,33621,14.733,LO,3,2,2,"[MEL2, ME.LOL2] -> LOL3 -> [LOL2, LO.LOPL4]",ME,2,ME.LO,2,LO,2,LO.LOP,4
33260484817,mixed,mix->mix,mix,mix,1,2,1,2282,18,1.903,32355,14.178,LO,3,2,2,"[MEL2, MEL4] -> LOL3 -> [ME.LOPL2, ME.LOPL3]",ME,2,ME,4,ME.LOP,2,ME.LOP,3
33237027411,mixed,lat->mix,lat,mix,1,1,2,2282,4,1.167,20549,9.005,LO,3,2,2,"[LO.LOPL3, ME.LOL3] -> LOL3 -> [LO.LOPL4, ME.LOL2]",LO.LOP,3,ME.LO,3,LO.LOP,4,ME.LO,2
33225374112,mixed,mix->mix,mix,mix,0,2,2,2282,3,1.742,11165,4.893,LO,3,2,2,"[LOL4, ME.LOPL3] -> LOL3 -> [LO.LOPL3, ME.LOPL2]",LO,4,ME.LOP,3,LO.LOP,3,ME.LOP,2
33189867360,mixed,mix->mix,mix,mix,1,2,1,2282,2,1.376,8062,3.533,LO,3,2,2,"[LOL2, LO.LOPL4] -> LOL3 -> [ME.LOPL2, ME.LOPL3]",LO,2,LO.LOP,4,ME.LOP,2,ME.LOP,3
33153323286,mixed,mix->mix,mix,mix,1,2,1,2282,13,1.861,37161,16.284,LO,3,2,2,"[MEL2, MEL4] -> LOL3 -> [LO.LOPL3, ME.LOL2]",ME,2,ME,4,LO.LOP,3,ME.LO,2
33150814810,mixed,mix->mix,mix,mix,2,1,1,2282,5,1.308,12868,5.639,LO,3,2,2,"[LOL2, LO.LOPL3] -> LOL3 -> [LO.LOPL4, ME.LOL2]",LO,2,LO.LOP,3,LO.LOP,4,ME.LO,2
33119437313,mixed,mix->mix,mix,mix,1,1,2,2282,8,1.834,21434,9.393,LO,3,2,2,"[ME.LOPL2, ME.LOPL3] -> LOL3 -> [ME.LOL2, ME.LOL3]",ME.LOP,2,ME.LOP,3,ME.LO,2,ME.LO,3
33054854775,mixed,mix->mix,mix,mix,1,2,1,2282,2,1.304,12868,5.639,LO,3,2,2,"[LO.LOPL4, ME.LOL2] -> LOL3 -> [LOL2, LO.LOPL3]",LO.LOP,4,ME.LO,2,LO,2,LO.LOP,3
32859942196,mixed,mix->mix,mix,mix,1,1,2,2282,8,1.49,33758,14.793,LO,3,2,2,"[LOL2, LO.LOPL3] -> LOL3 -> [MEL2, ME.LOPL3]",LO,2,LO.LOP,3,ME,2,ME.LOP,3
32833192059,mixed,FF->mix,FF,mix,3,0,1,2282,12,1.212,31918,13.987,LO,3,2,2,"[MEL2, ME.LOPL2] -> LOL3 -> [LOL4, ME.LOPL3]",ME,2,ME.LOP,2,LO,4,ME.LOP,3
32832329920,mixed,mix->mix,mix,mix,0,2,2,2282,2,1.206,15743,6.899,LO,3,2,2,"[LO.LOPL4, ME.LOL3] -> LOL3 -> [ME.LOPL2, ME.LOPL3]",LO.LOP,4,ME.LO,3,ME.LOP,2,ME.LOP,3
32464853920,mixed,mix->mix,mix,mix,1,2,1,2282,2,1.987,35279,15.46,LO,3,2,2,"[MEL2, ME.LOPL4] -> LOL3 -> [ME.LOL2, ME.LOPL3]",ME,2,ME.LOP,4,ME.LO,2,ME.LOP,3
32430281076,mixed,mix->mix,mix,mix,2,1,1,2282,2,1.274,12868,5.639,LO,3,2,2,"[LO.LOPL3, ME.LOL2] -> LOL3 -> [LOL2, LO.LOPL4]",LO.LOP,3,ME.LO,2,LO,2,LO.LOP,4
32422835334,mixed,mix->FB,mix,FB,1,3,0,2282,2,1.801,10653,4.668,LO,3,2,2,"[LO.LOPL4, ME.LOPL2] -> LOL3 -> [LO.LOPL2, ME.LOL2]",LO.LOP,4,ME.LOP,2,LO.LOP,2,ME.LO,2
32180557088,mixed,mix->FB,mix,FB,1,2,1,2282,8,1.459,38594,16.912,LO,3,2,2,"[MEL3, ME.LOPL2] -> LOL3 -> [LO.LOPL2, MEL2]",ME,3,ME.LOP,2,LO.LOP,2,ME,2
32039865840,mixed,mix->mix,mix,mix,2,1,1,2282,2,1.209,29588,12.966,LO,3,2,2,"[LO.LOPL4, MEL2] -> LOL3 -> [ME.LOPL3, ME.LOPL4]",LO.LOP,4,ME,2,ME.LOP,3,ME.LOP,4
31951134667,mixed,mix->mix,mix,mix,2,1,1,2282,8,1.148,31046,13.605,LO,3,2,2,"[MEL2, MEL4] -> LOL3 -> [LO.LOPL4, ME.LOPL3]",ME,2,ME,4,LO.LOP,4,ME.LOP,3
31871717739,mixed,mix->mix,mix,mix,2,0,2,2282,6,1.29,11165,4.893,LO,3,2,2,"[LO.LOPL3, ME.LOPL2] -> LOL3 -> [LOL4, ME.LOPL3]",LO.LOP,3,ME.LOP,2,LO,4,ME.LOP,3
31842093252,mixed,mix->FB,mix,FB,0,3,1,2282,2,1.448,36520,16.004,LO,3,2,2,"[LO.LOPL3, LO.LOPL4] -> LOL3 -> [MEL2, ME.LOL2]",LO.LOP,3,LO.LOP,4,ME,2,ME.LO,2
31781937790,mixed,lat->mix,lat,mix,0,1,3,2282,8,1.274,41439,18.159,LO,3,2,2,"[LO.LOPL3, ME.LOL3] -> LOL3 -> [MEL2, ME.LOPL3]",LO.LOP,3,ME.LO,3,ME,2,ME.LOP,3
31284904345,mixed,mix->FB,mix,FB,1,2,1,2282,17,1.96,38992,17.087,LO,3,2,2,"[MEL2, MEL3] -> LOL3 -> [LOL2, ME.LOPL2]",ME,2,ME,3,LO,2,ME.LOP,2
31254625029,mixed,FF->mix,FF,mix,3,0,1,2282,4,1.124,38765,16.987,LO,3,2,2,"[MEL2, ME.LOPL2] -> LOL3 -> [LO.LOPL4, MEL3]",ME,2,ME.LOP,2,LO.LOP,4,ME,3
31237506620,mixed,mix->mix,mix,mix,2,1,1,2282,8,1.223,31918,13.987,LO,3,2,2,"[MEL2, ME.LOPL3] -> LOL3 -> [LOL4, ME.LOPL2]",ME,2,ME.LOP,3,LO,4,ME.LOP,2
31232790834,mixed,mix->FB,mix,FB,1,2,1,2282,13,1.691,42976,18.833,LO,3,2,2,"[MEL3, ME.LOL2] -> LOL3 -> [LO.LOPL2, MEL2]",ME,3,ME.LO,2,LO.LOP,2,ME,2
31224483800,mixed,FB->lat,FB,lat,0,2,2,2282,2,1.461,8835,3.872,LO,3,2,2,"[LO.LOPL4, ME.LOPL4] -> LOL3 -> [LO.LOPL3, ME.LOPL3]",LO.LOP,4,ME.LOP,4,LO.LOP,3,ME.LOP,3
31188154700,mixed,FB->lat,FB,lat,0,2,2,2282,2,1.226,10293,4.511,LO,3,2,2,"[LO.LOPL4, MEL4] -> LOL3 -> [LO.LOPL3, ME.LOPL3]",LO.LOP,4,ME,4,LO.LOP,3,ME.LOP,3
31120051540,mixed,mix->lat,mix,lat,1,1,2,2282,2,1.117,20125,8.819,LO,3,2,2,"[LO.LOPL4, ME.LOL2] -> LOL3 -> [ME.LOL3, ME.LOPL3]",LO.LOP,4,ME.LO,2,ME.LO,3,ME.LOP,3
31086016560,mixed,mix->mix,mix,mix,1,1,2,2282,2,1.285,8835,3.872,LO,3,2,2,"[LO.LOPL3, LO.LOPL4] -> LOL3 -> [ME.LOPL3, ME.LOPL4]",LO.LOP,3,LO.LOP,4,ME.LOP,3,ME.LOP,4
30906175776,mixed,lat->FB,lat,FB,0,2,2,2282,4,1.988,9708,4.254,LO,3,2,2,"[LO.LOPL3, ME.LOPL3] -> LOL3 -> [LOL2, LO.LOPL2]",LO.LOP,3,ME.LOP,3,LO,2,LO.LOP,2
30899265360,mixed,mix->mix,mix,mix,2,1,1,2282,2,1.31,29588,12.966,LO,3,2,2,"[MEL2, ME.LOPL4] -> LOL3 -> [LO.LOPL4, ME.LOPL3]",ME,2,ME.LOP,4,LO.LOP,4,ME.LOP,3
30700093389,mixed,mix->mix,mix,mix,1,1,2,2282,5,1.203,10293,4.511,LO,3,2,2,"[LO.LOPL3, MEL4] -> LOL3 -> [LO.LOPL4, ME.LOPL3]",LO.LOP,3,ME,4,LO.LOP,4,ME.LOP,3
30460880480,mixed,mix->mix,mix,mix,0,2,2,2282,2,1.13,20125,8.819,LO,3,2,2,"[LO.LOPL4, ME.LOL3] -> LOL3 -> [ME.LOL2, ME.LOPL3]",LO.LOP,4,ME.LO,3,ME.LO,2,ME.LOP,3
30439648080,mixed,mix->mix,mix,mix,1,1,2,2282,2,1.419,8835,3.872,LO,3,2,2,"[LO.LOPL3, ME.LOPL4] -> LOL3 -> [LO.LOPL4, ME.LOPL3]",LO.LOP,3,ME.LOP,4,LO.LOP,4,ME.LOP,3
30426700578,mixed,FF->mix,FF,mix,3,1,0,2282,4,1.968,33223,14.559,LO,3,2,2,"[LO.LOPL2, MEL2] -> LOL3 -> [LO.LOPL4, ME.LOL2]",LO.LOP,2,ME,2,LO.LOP,4,ME.LO,2
30374783520,mixed,lat->mix,lat,mix,1,1,2,2282,4,1.304,11165,4.893,LO,3,2,2,"[LO.LOPL3, ME.LOPL3] -> LOL3 -> [LOL4, ME.LOPL2]",LO.LOP,3,ME.LOP,3,LO,4,ME.LOP,2
30343765560,mixed,mix->lat,mix,lat,1,1,2,2282,2,1.19,18012,7.893,LO,3,2,2,"[LO.LOPL4, ME.LOPL2] -> LOL3 -> [LO.LOPL3, MEL3]",LO.LOP,4,ME.LOP,2,LO.LOP,3,ME,3
30270751268,mixed,mix->mix,mix,mix,2,0,2,2282,7,1.095,45364,19.879,LO,3,2,2,"[MEL2, MEL3] -> LOL3 -> [LO.LOPL4, ME.LOL3]",ME,2,ME,3,LO.LOP,4,ME.LO,3
30218192628,mixed,lat->mix,lat,mix,1,1,2,2282,2,1.912,17195,7.535,LO,3,2,2,"[LO.LOPL3, MEL3] -> LOL3 -> [ME.LOPL2, ME.LOPL4]",LO.LOP,3,ME,3,ME.LOP,2,ME.LOP,4
29988090516,mixed,lat->mix,lat,mix,1,1,2,2282,2,1.97,21153,9.27,LO,3,2,2,"[MEL3, ME.LOPL3] -> LOL3 -> [ME.LOL2, ME.LOPL4]",ME,3,ME.LOP,3,ME.LO,2,ME.LOP,4
29973165840,mixed,mix->mix,mix,mix,1,2,1,2282,2,1.241,12444,5.453,LO,3,2,2,"[LOL2, LO.LOPL4] -> LOL3 -> [ME.LOL2, ME.LOPL3]",LO,2,LO.LOP,4,ME.LO,2,ME.LOP,3
29914756499,mixed,mix->mix,mix,mix,2,0,2,2282,4,1.171,18012,7.893,LO,3,2,2,"[LO.LOPL3, ME.LOPL2] -> LOL3 -> [LO.LOPL4, MEL3]",LO.LOP,3,ME.LOP,2,LO.LOP,4,ME,3
29436168659,mixed,mix->FB,mix,FB,1,2,1,2282,5,1.978,14177,6.213,LO,3,2,2,"[LO.LOPL3, ME.LOPL2] -> LOL3 -> [LOL2, ME.LOL2]",LO.LOP,3,ME.LOP,2,LO,2,ME.LO,2
29415639900,mixed,mix->mix,mix,mix,1,2,1,2282,2,1.214,12444,5.453,LO,3,2,2,"[LO.LOPL4, ME.LOL2] -> LOL3 -> [LOL2, ME.LOPL3]",LO.LOP,4,ME.LO,2,LO,2,ME.LOP,3
29412249456,mixed,mix->lat,mix,lat,1,0,3,2282,4,1.987,17389,7.62,LO,3,2,2,"[LO.LOPL2, ME.LOL3] -> LOL3 -> [LO.LOPL3, ME.LOPL3]",LO.LOP,2,ME.LO,3,LO.LOP,3,ME.LOP,3
29299234284,mixed,lat->FF,lat,FF,2,0,2,2282,2,1.286,15462,6.776,LO,3,2,2,"[MEL3, ME.LOPL3] -> LOL3 -> [LO.LOPL4, ME.LOPL4]",ME,3,ME.LOP,3,LO.LOP,4,ME.LOP,4
29192975271,mixed,lat->mix,lat,mix,0,1,3,2282,12,1.994,24440,10.71,LO,3,2,2,"[MEL3, ME.LOL3] -> LOL3 -> [LO.LOPL2, LO.LOPL3]",ME,3,ME.LO,3,LO.LOP,2,LO.LOP,3
29186457310,mixed,mix->lat,mix,lat,0,1,3,2282,2,1.146,24611,10.785,LO,3,2,2,"[LO.LOPL4, MEL3] -> LOL3 -> [LO.LOPL3, ME.LOL3]",LO.LOP,4,ME,3,LO.LOP,3,ME.LO,3
28941151416,mixed,lat->mix,lat,mix,0,1,3,2282,5,1.854,25920,11.358,LO,3,2,2,"[LO.LOPL3, MEL3] -> LOL3 -> [ME.LOL3, ME.LOPL2]",LO.LOP,3,ME,3,ME.LO,3,ME.LOP,2
28929704146,mixed,mix->mix,mix,mix,1,1,2,2282,11,1.988,16335,7.158,LO,3,2,2,"[LOL2, MEL3] -> LOL3 -> [LO.LOPL2, ME.LOPL3]",LO,2,ME,3,LO.LOP,2,ME.LOP,3
28901548611,mixed,mix->mix,mix,mix,2,1,1,2282,15,1.141,36300,15.907,LO,3,2,2,"[MEL2, ME.LOPL3] -> LOL3 -> [LOL4, ME.LOL2]",ME,2,ME.LOP,3,LO,4,ME.LO,2
28840977644,mixed,mix->mix,mix,mix,2,1,1,2282,3,1.644,14715,6.448,LO,3,2,2,"[LO.LOPL2, MEL3] -> LOL3 -> [LO.LOPL4, ME.LOPL2]",LO.LOP,2,ME,3,LO.LOP,4,ME.LOP,2
28830396486,mixed,lat->mix,lat,mix,1,0,3,2282,3,1.131,24611,10.785,LO,3,2,2,"[LO.LOPL3, MEL3] -> LOL3 -> [LO.LOPL4, ME.LOL3]",LO.LOP,3,ME,3,LO.LOP,4,ME.LO,3
28581803120,mixed,mix->FB,mix,FB,1,2,1,2282,5,1.278,31967,14.008,LO,3,2,2,"[LO.LOPL2, LO.LOPL3] -> LOL3 -> [MEL2, ME.LOPL2]",LO.LOP,2,LO.LOP,3,ME,2,ME.LOP,2
28557763520,mixed,mix->mix,mix,mix,0,2,2,2282,2,1.848,16771,7.349,LO,3,2,2,"[MEL3, ME.LOPL4] -> LOL3 -> [ME.LOPL2, ME.LOPL3]",ME,3,ME.LOP,4,ME.LOP,2,ME.LOP,3
28556954685,mixed,mix->mix,mix,mix,1,1,2,2282,13,1.946,19954,8.744,LO,3,2,2,"[ME.LOL2, ME.LOL3] -> LOL3 -> [LO.LOPL2, ME.LOPL3]",ME.LO,2,ME.LO,3,LO.LOP,2,ME.LOP,3
28499626329,mixed,mix->mix,mix,mix,2,0,2,2282,22,1.245,22598,9.903,LO,3,2,2,"[MEL3, ME.LOL2] -> LOL3 -> [LOL4, LO.LOPL3]",ME,3,ME.LO,2,LO,4,LO.LOP,3
28435117540,mixed,mix->mix,mix,mix,2,1,1,2282,9,1.037,31033,13.599,LO,3,2,2,"[LO.LOPL4, MEL2] -> LOL3 -> [LOL4, LO.LOPL3]",LO.LOP,4,ME,2,LO,4,LO.LOP,3
28398196398,mixed,mix->mix,mix,mix,0,2,2,2282,6,1.843,15984,7.004,LO,3,2,2,"[LO.LOPL3, MEL4] -> LOL3 -> [ME.LOL2, ME.LOPL3]",LO.LOP,3,ME,4,ME.LO,2,ME.LOP,3
28385633642,mixed,mix->mix,mix,mix,2,1,1,2282,6,1.175,37683,16.513,LO,3,2,2,"[MEL2, MEL3] -> LOL3 -> [LOL2, LO.LOPL4]",ME,2,ME,3,LO,2,LO.LOP,4
28306170696,pure_lateral,lat->lat,lat,lat,0,0,4,2282,12,1.075,27313,11.969,LO,3,2,2,"[ME.LOL3, ME.LOPL3] -> LOL3 -> [LO.LOPL3, MEL3]",ME.LO,3,ME.LOP,3,LO.LOP,3,ME,3
28286145512,mixed,mix->mix,mix,mix,0,2,2,2282,5,1.517,15547,6.813,LO,3,2,2,"[LOL4, ME.LOPL3] -> LOL3 -> [LO.LOPL3, ME.LOL2]",LO,4,ME.LOP,3,LO.LOP,3,ME.LO,2
28233367433,mixed,mix->FF,mix,FF,3,0,1,2282,9,1.033,31033,13.599,LO,3,2,2,"[LO.LOPL3, MEL2] -> LOL3 -> [LOL4, LO.LOPL4]",LO.LOP,3,ME,2,LO,4,LO.LOP,4
28185794868,mixed,lat->mix,lat,mix,0,1,3,2282,4,1.733,19234,8.429,LO,3,2,2,"[LO.LOPL3, ME.LOPL3] -> LOL3 -> [LO.LOPL2, MEL3]",LO.LOP,3,ME.LOP,3,LO.LOP,2,ME,3
28098861256,mixed,mix->FB,mix,FB,1,2,1,2282,8,1.986,30461,13.348,LO,3,2,2,"[MEL2, ME.LOPL3] -> LOL3 -> [LOL2, LO.LOPL2]",ME,2,ME.LOP,3,LO,2,LO.LOP,2
27878695450,mixed,mix->mix,mix,mix,0,2,2,2282,2,1.266,16930,7.419,LO,3,2,2,"[LO.LOPL4, MEL3] -> LOL3 -> [LOL2, LO.LOPL3]",LO.LOP,4,ME,3,LO,2,LO.LOP,3
27841421405,mixed,mix->mix,mix,mix,1,1,2,2282,18,1.698,46673,20.453,LO,3,2,2,"[MEL2, MEL3] -> LOL3 -> [ME.LOL3, ME.LOPL2]",ME,2,ME,3,ME.LO,3,ME.LOP,2
27738706641,mixed,lat->mix,lat,mix,1,1,2,2282,5,1.194,15547,6.813,LO,3,2,2,"[LO.LOPL3, ME.LOPL3] -> LOL3 -> [LOL4, ME.LOL2]",LO.LOP,3,ME.LOP,3,LO,4,ME.LO,2
27721030060,mixed,mix->mix,mix,mix,0,2,2,2282,2,1.893,21577,9.455,LO,3,2,2,"[MEL3, ME.LOPL4] -> LOL3 -> [LO.LOPL3, ME.LOL2]",ME,3,ME.LOP,4,LO.LOP,3,ME.LO,2
27718096068,mixed,lat->mix,lat,mix,1,1,2,2282,2,1.864,8664,3.797,LO,3,2,2,"[LO.LOPL3, ME.LOPL3] -> LOL3 -> [LO.LOPL2, ME.LOPL4]",LO.LOP,3,ME.LOP,3,LO.LOP,2,ME.LOP,4
27627599120,mixed,mix->mix,mix,mix,1,2,1,2282,2,1.95,12046,5.279,LO,3,2,2,"[LO.LOPL2, LO.LOPL4] -> LOL3 -> [ME.LOL2, ME.LOPL3]",LO.LOP,2,LO.LOP,4,ME.LO,2,ME.LOP,3
27595298793,mixed,FF->mix,FF,mix,2,1,1,2282,25,1.709,36747,16.103,LO,3,2,2,"[LOL2, ME.LOL2] -> LOL3 -> [LO.LOPL3, MEL2]",LO,2,ME.LO,2,LO.LOP,3,ME,2
27580803902,mixed,mix->mix,mix,mix,1,1,2,2282,8,1.574,39987,17.523,LO,3,2,2,"[MEL2, ME.LOPL3] -> LOL3 -> [LO.LOPL2, MEL3]",ME,2,ME.LOP,3,LO.LOP,2,ME,3
27405617280,mixed,mix->lat,mix,lat,1,1,2,2282,2,1.133,17588,7.707,LO,3,2,2,"[LO.LOPL4, ME.LOPL2] -> LOL3 -> [MEL3, ME.LOPL3]",LO.LOP,4,ME.LOP,2,ME,3,ME.LOP,3
27394797576,mixed,lat->mix,lat,mix,1,1,2,2282,2,1.24,16930,7.419,LO,3,2,2,"[LO.LOPL3, MEL3] -> LOL3 -> [LOL2, LO.LOPL4]",LO.LOP,3,ME,3,LO,2,LO.LOP,4
27366235932,mixed,mix->mix,mix,mix,1,2,1,2282,14,1.686,36737,16.099,LO,3,2,2,"[MEL2, MEL4] -> LOL3 -> [ME.LOL2, ME.LOPL3]",ME,2,ME,4,ME.LO,2,ME.LOP,3
27319429844,mixed,mix->FB,mix,FB,1,2,1,2282,6,1.618,8315,3.644,LO,3,2,2,"[LOL2, LO.LOPL3] -> LOL3 -> [LO.LOPL2, ME.LOPL2]",LO,2,LO.LOP,3,LO.LOP,2,ME.LOP,2
27271725044,mixed,mix->lat,mix,lat,1,0,3,2282,12,1.14,19632,8.603,LO,3,2,2,"[LOL2, ME.LOPL3] -> LOL3 -> [LO.LOPL3, MEL3]",LO,2,ME.LOP,3,LO.LOP,3,ME,3
27166503036,mixed,mix->FF,mix,FF,3,0,1,2282,2,1.041,12421,5.443,LO,3,2,2,"[ME.LOL2, ME.LOPL3] -> LOL3 -> [LOL4, LO.LOPL4]",ME.LO,2,ME.LOP,3,LO,4,LO.LOP,4
27119978962,mixed,mix->FB,mix,FB,0,3,1,2282,2,1.999,19097,8.369,LO,3,2,2,"[LO.LOPL4, MEL3] -> LOL3 -> [LO.LOPL2, ME.LOL2]",LO.LOP,4,ME,3,LO.LOP,2,ME.LO,2
27089325162,mixed,mix->mix,mix,mix,0,2,2,2282,14,1.982,18653,8.174,LO,3,2,2,"[MEL3, MEL4] -> LOL3 -> [LO.LOPL3, ME.LOPL2]",ME,3,ME,4,LO.LOP,3,ME.LOP,2
26862773522,mixed,mix->mix,mix,mix,2,1,1,2282,2,1.994,37948,16.629,LO,3,2,2,"[MEL2, MEL3] -> LOL3 -> [ME.LOPL2, ME.LOPL4]",ME,2,ME,3,ME.LOP,2,ME.LOP,4
26850006411,mixed,mix->FB,mix,FB,1,2,1,2282,15,1.967,20804,9.117,LO,3,2,2,"[LOL2, MEL3] -> LOL3 -> [ME.LOL2, ME.LOPL2]",LO,2,ME,3,ME.LO,2,ME.LOP,2
26746677252,mixed,mix->FF,mix,FF,3,0,1,2282,2,1.514,7018,3.075,LO,3,2,2,"[ME.LOPL2, ME.LOPL3] -> LOL3 -> [LO.LOPL4, ME.LOPL4]",ME.LOP,2,ME.LOP,3,LO.LOP,4,ME.LOP,4
26644642570,mixed,FF->FB,FF,FB,2,2,0,2282,16,1.994,34930,15.307,LO,3,2,2,"[MEL2, ME.LOPL2] -> LOL3 -> [LOL2, ME.LOL2]",ME,2,ME.LOP,2,LO,2,ME.LO,2
26556654354,mixed,lat->FB,lat,FB,0,2,2,2282,7,1.914,22621,9.913,LO,3,2,2,"[LO.LOPL3, MEL3] -> LOL3 -> [LOL2, ME.LOL2]",LO.LOP,3,ME,3,LO,2,ME.LO,2
26538266844,mixed,mix->mix,mix,mix,2,1,1,2282,2,1.84,13133,5.755,LO,3,2,2,"[LO.LOPL3, ME.LOPL2] -> LOL3 -> [ME.LOL2, ME.LOPL4]",LO.LOP,3,ME.LOP,2,ME.LO,2,ME.LOP,4
26518197880,mixed,mix->lat,mix,lat,0,1,3,2282,2,1.102,24187,10.599,LO,3,2,2,"[LO.LOPL4, MEL3] -> LOL3 -> [ME.LOL3, ME.LOPL3]",LO.LOP,4,ME,3,ME.LO,3,ME.LOP,3
26501458244,mixed,mix->mix,mix,mix,1,1,2,2282,6,1.76,23703,10.387,LO,3,2,2,"[LO.LOPL3, ME.LOPL2] -> LOL3 -> [MEL3, ME.LOL2]",LO.LOP,3,ME.LOP,2,ME,3,ME.LO,2
26429477764,mixed,FF->mix,FF,mix,3,1,0,2282,8,1.517,11051,4.843,LO,3,2,2,"[LOL2, ME.LOL2] -> LOL3 -> [LO.LOPL4, ME.LOPL2]",LO,2,ME.LO,2,LO.LOP,4,ME.LOP,2
26347641034,mixed,mix->FB,mix,FB,1,3,0,2282,2,1.71,34703,15.207,LO,3,2,2,"[LO.LOPL4, ME.LOL2] -> LOL3 -> [MEL2, ME.LOPL2]",LO.LOP,4,ME.LO,2,ME,2,ME.LOP,2
26240380280,mixed,mix->mix,mix,mix,2,1,1,2282,2,1.025,30609,13.413,LO,3,2,2,"[LO.LOPL4, MEL2] -> LOL3 -> [LOL4, ME.LOPL3]",LO.LOP,4,ME,2,LO,4,ME.LOP,3
26051552323,mixed,mix->mix,mix,mix,1,2,1,2282,18,1.999,14167,6.208,LO,3,2,2,"[MEL4, ME.LOL2] -> LOL3 -> [ME.LOPL2, ME.LOPL3]",ME,4,ME.LO,2,ME.LOP,2,ME.LOP,3
26026339612,mixed,mix->mix,mix,mix,0,2,2,2282,2,1.14,17588,7.707,LO,3,2,2,"[LO.LOPL4, ME.LOPL3] -> LOL3 -> [MEL3, ME.LOPL2]",LO.LOP,4,ME.LOP,3,ME,3,ME.LOP,2
25952149956,mixed,mix->mix,mix,mix,1,1,2,2282,5,1.625,39987,17.523,LO,3,2,2,"[LO.LOPL2, MEL3] -> LOL3 -> [MEL2, ME.LOPL3]",LO.LOP,2,ME,3,ME,2,ME.LOP,3
25868550798,mixed,FF->mix,FF,mix,3,1,0,2282,3,1.561,10653,4.668,LO,3,2,2,"[LO.LOPL2, ME.LOPL2] -> LOL3 -> [LO.LOPL4, ME.LOL2]",LO.LOP,2,ME.LOP,2,LO.LOP,4,ME.LO,2
25841248646,mixed,FF->mix,FF,mix,2,1,1,2282,14,1.6,44456,19.481,LO,3,2,2,"[MEL2, ME.LOPL2] -> LOL3 -> [MEL3, ME.LOL2]",ME,2,ME.LOP,2,ME,3,ME.LO,2
25814879994,mixed,FF->mix,FF,mix,3,0,1,2282,3,1.18,36920,16.179,LO,3,2,2,"[MEL2, ME.LOPL2] -> LOL3 -> [LO.LOPL4, ME.LOL3]",ME,2,ME.LOP,2,LO.LOP,4,ME.LO,3
25780001364,mixed,lat->mix,lat,mix,0,1,3,2282,3,1.904,17389,7.62,LO,3,2,2,"[LO.LOPL3, ME.LOPL3] -> LOL3 -> [LO.LOPL2, ME.LOL3]",LO.LOP,3,ME.LOP,3,LO.LOP,2,ME.LO,3
25661349055,mixed,FF->mix,FF,mix,3,0,1,2282,11,1.446,14154,6.202,LO,3,2,2,"[ME.LOL2, ME.LOPL2] -> LOL3 -> [LOL4, LO.LOPL3]",ME.LO,2,ME.LOP,2,LO,4,LO.LOP,3
25555857078,mixed,mix->mix,mix,mix,2,0,2,2282,24,1.172,22174,9.717,LO,3,2,2,"[MEL3, ME.LOL2] -> LOL3 -> [LOL4, ME.LOPL3]",ME,3,ME.LO,2,LO,4,ME.LOP,3
25533854495,mixed,mix->mix,mix,mix,1,1,2,2282,10,1.987,15572,6.824,LO,3,2,2,"[ME.LOL3, ME.LOPL2] -> LOL3 -> [LO.LOPL2, ME.LOPL3]",ME.LO,3,ME.LOP,2,LO.LOP,2,ME.LOP,3
25498866282,mixed,mix->mix,mix,mix,1,1,2,2282,25,1.423,44428,19.469,LO,3,2,2,"[ME.LOL2, ME.LOL3] -> LOL3 -> [LO.LOPL3, MEL2]",ME.LO,2,ME.LO,3,LO.LOP,3,ME,2
25456692351,mixed,mix->mix,mix,mix,2,1,1,2282,8,1.094,31033,13.599,LO,3,2,2,"[LOL4, MEL2] -> LOL3 -> [LO.LOPL3, LO.LOPL4]",LO,4,ME,2,LO.LOP,3,LO.LOP,4
25422538988,mixed,mix->mix,mix,mix,2,1,1,2282,8,1.291,18732,8.209,LO,3,2,2,"[ME.LOL2, ME.LOL3] -> LOL3 -> [LO.LOPL4, ME.LOPL2]",ME.LO,2,ME.LO,3,LO.LOP,4,ME.LOP,2
25379618520,mixed,mix->lat,mix,lat,1,1,2,2282,2,1.273,16167,7.085,LO,3,2,2,"[LO.LOPL4, ME.LOPL2] -> LOL3 -> [LO.LOPL3, ME.LOL3]",LO.LOP,4,ME.LOP,2,LO.LOP,3,ME.LO,3
25364355066,mixed,mix->FB,mix,FB,1,2,1,2282,233,1.783,43374,19.007,LO,3,2,2,"[MEL2, MEL3] -> LOL3 -> [LOL2, ME.LOL2]",ME,2,ME,3,LO,2,ME.LO,2
25284543000,mixed,mix->mix,mix,mix,1,2,1,2282,2,1.482,8486,3.719,LO,3,2,2,"[LO.LOPL4, ME.LOPL2] -> LOL3 -> [LOL2, LO.LOPL3]",LO.LOP,4,ME.LOP,2,LO,2,LO.LOP,3
25233533760,mixed,mix->mix,mix,mix,1,2,1,2282,2,1.766,12709,5.569,LO,3,2,2,"[ME.LOPL2, ME.LOPL4] -> LOL3 -> [ME.LOL2, ME.LOPL3]",ME.LOP,2,ME.LOP,4,ME.LO,2,ME.LOP,3
25194585204,mixed,mix->mix,mix,mix,2,1,1,2282,2,1.622,11824,5.181,LO,3,2,2,"[ME.LOL2, ME.LOPL4] -> LOL3 -> [LO.LOPL3, LO.LOPL4]",ME.LO,2,ME.LOP,4,LO.LOP,3,LO.LOP,4
25116487824,mixed,mix->mix,mix,mix,1,1,2,2282,3,1.771,9708,4.254,LO,3,2,2,"[LO.LOPL2, ME.LOPL3] -> LOL3 -> [LOL2, LO.LOPL3]",LO.LOP,2,ME.LOP,3,LO,2,LO.LOP,3
25004675160,mixed,mix->mix,mix,mix,2,1,1,2282,2,1.44,11824,5.181,LO,3,2,2,"[LO.LOPL4, ME.LOL2] -> LOL3 -> [LO.LOPL3, ME.LOPL4]",LO.LOP,4,ME.LO,2,LO.LOP,3,ME.LOP,4
24956439320,mixed,lat->mix,lat,mix,0,1,3,2282,5,1.187,43284,18.968,LO,3,2,2,"[LO.LOPL3, ME.LOPL3] -> LOL3 -> [MEL2, MEL3]",LO.LOP,3,ME.LOP,3,ME,2,ME,3
24949945138,mixed,mix->FB,mix,FB,1,2,1,2282,17,1.991,20804,9.117,LO,3,2,2,"[MEL3, ME.LOL2] -> LOL3 -> [LOL2, ME.LOPL2]",ME,3,ME.LO,2,LO,2,ME.LOP,2
24944739888,mixed,FF->mix,FF,mix,3,1,0,2282,3,1.325,29239,12.813,LO,3,2,2,"[MEL2, ME.LOPL2] -> LOL3 -> [LOL2, LO.LOPL4]",ME,2,ME.LOP,2,LO,2,LO.LOP,4
24931970750,mixed,mix->mix,mix,mix,2,0,2,2282,3,1.246,16167,7.085,LO,3,2,2,"[LO.LOPL3, ME.LOPL2] -> LOL3 -> [LO.LOPL4, ME.LOL3]",LO.LOP,3,ME.LOP,2,LO.LOP,4,ME.LO,3
24928933800,mixed,mix->mix,mix,mix,0,2,2,2282,2,1.187,16506,7.233,LO,3,2,2,"[LO.LOPL4, MEL3] -> LOL3 -> [LOL2, ME.LOPL3]",LO.LOP,4,ME,3,LO,2,ME.LOP,3
24868209610,mixed,lat->FB,lat,FB,0,2,2,2282,6,1.977,15572,6.824,LO,3,2,2,"[ME.LOL3, ME.LOPL3] -> LOL3 -> [LO.LOPL2, ME.LOPL2]",ME.LO,3,ME.LOP,3,LO.LOP,2,ME.LOP,2
24820214856,pure_FF,FF->FF,FF,FF,4,0,0,2282,3,1.295,32577,14.276,LO,3,2,2,"[MEL2, ME.LOL2] -> LOL3 -> [LO.LOPL4, ME.LOPL4]",ME,2,ME.LO,2,LO.LOP,4,ME.LOP,4
24778385292,mixed,FF->mix,FF,mix,2,1,1,2282,4,1.367,8315,3.644,LO,3,2,2,"[LOL2, LO.LOPL2] -> LOL3 -> [LO.LOPL3, ME.LOPL2]",LO,2,LO.LOP,2,LO.LOP,3,ME.LOP,2
24755770754,mixed,mix->FB,mix,FB,0,3,1,2282,2,1.74,12709,5.569,LO,3,2,2,"[ME.LOPL3, ME.LOPL4] -> LOL3 -> [ME.LOL2, ME.LOPL2]",ME.LOP,3,ME.LOP,4,ME.LO,2,ME.LOP,2
24682244520,mixed,mix->mix,mix,mix,1,1,2,2282,2,1.035,9856,4.319,LO,3,2,2,"[LO.LOPL3, LO.LOPL4] -> LOL3 -> [LOL4, ME.LOPL3]",LO.LOP,3,LO.LOP,4,LO,4,ME.LOP,3
24676228862,mixed,mix->mix,mix,mix,0,2,2,2282,4,1.954,10122,4.436,LO,3,2,2,"[MEL4, ME.LOPL3] -> LOL3 -> [LO.LOPL2, LO.LOPL3]",ME,4,ME.LOP,3,LO.LOP,2,LO.LOP,3
24628216068,mixed,mix->mix,mix,mix,2,1,1,2282,2,1.438,8486,3.719,LO,3,2,2,"[LO.LOPL3, ME.LOPL2] -> LOL3 -> [LOL2, LO.LOPL4]",LO.LOP,3,ME.LOP,2,LO,2,LO.LOP,4
24589429964,mixed,mix->mix,mix,mix,1,1,2,2282,6,1.757,38142,16.714,LO,3,2,2,"[MEL2, ME.LOPL3] -> LOL3 -> [LO.LOPL2, ME.LOL3]",ME,2,ME.LOP,3,LO.LOP,2,ME.LO,3
24533505274,mixed,mix->mix,mix,mix,1,2,1,2282,2,1.666,29841,13.077,LO,3,2,2,"[MEL2, ME.LOPL4] -> LOL3 -> [LO.LOPL2, LO.LOPL3]",ME,2,ME.LOP,4,LO.LOP,2,LO.LOP,3
24506841652,mixed,mix->FB,mix,FB,1,2,1,2282,6,1.932,12273,5.378,LO,3,2,2,"[LOL2, ME.LOPL3] -> LOL3 -> [LO.LOPL2, ME.LOL2]",LO,2,ME.LOP,3,LO.LOP,2,ME.LO,2
24412283058,mixed,mix->mix,mix,mix,2,1,1,2282,2,1.974,29417,12.891,LO,3,2,2,"[MEL2, ME.LOPL3] -> LOL3 -> [LO.LOPL2, ME.LOPL4]",ME,2,ME.LOP,3,LO.LOP,2,ME.LOP,4
24412094828,mixed,mix->mix,mix,mix,0,2,2,2282,2,1.088,21970,9.628,LO,3,2,2,"[LO.LOPL4, ME.LOPL3] -> LOL3 -> [MEL3, ME.LOL2]",LO.LOP,4,ME.LOP,3,ME,3,ME.LO,2
24396839622,mixed,mix->FF,mix,FF,3,0,1,2282,2,1.399,11824,5.181,LO,3,2,2,"[LO.LOPL3, ME.LOL2] -> LOL3 -> [LO.LOPL4, ME.LOPL4]",LO.LOP,3,ME.LO,2,LO.LOP,4,ME.LOP,4
24351452031,mixed,mix->mix,mix,mix,1,1,2,2282,6,1.924,21858,9.578,LO,3,2,2,"[LO.LOPL3, ME.LOPL2] -> LOL3 -> [ME.LOL2, ME.LOL3]",LO.LOP,3,ME.LOP,2,ME.LO,2,ME.LO,3
24231854971,mixed,mix->mix,mix,mix,2,1,1,2282,9,1.318,13282,5.82,LO,3,2,2,"[MEL4, ME.LOL2] -> LOL3 -> [LO.LOPL3, LO.LOPL4]",ME,4,ME.LO,2,LO.LOP,3,LO.LOP,4
24098366092,mixed,lat->mix,lat,mix,0,1,3,2282,9,1.627,30302,13.279,LO,3,2,2,"[LO.LOPL3, MEL3] -> LOL3 -> [ME.LOL2, ME.LOL3]",LO.LOP,3,ME,3,ME.LO,2,ME.LO,3
24047244160,mixed,mix->mix,mix,mix,1,1,2,2282,230,1.499,51055,22.373,LO,3,2,2,"[MEL2, MEL3] -> LOL3 -> [ME.LOL2, ME.LOL3]",ME,2,ME,3,ME.LO,2,ME.LO,3
23808375360,mixed,mix->mix,mix,mix,1,1,2,1,1,1.0,3827,3827.0,MB_ML.MB_CA,3,2,2,"[MB_CA.MB_MLL2, MB_CA.MB_PEDL3] -> MB_ML.MB_CAL3 -> [MB_CA.MB_MLL3, MB_CA.MB_VLL2]",MB_CA.MB_ML,2,MB_CA.MB_PED,3,MB_CA.MB_ML,3,MB_CA.MB_VL,2
23808375360,mixed,lat->FB,lat,FB,0,2,2,1,1,1.0,3827,3827.0,MB_ML.MB_CA,3,2,2,"[MB_CA.MB_MLL3, MB_CA.MB_PEDL3] -> MB_ML.MB_CAL3 -> [MB_CA.MB_MLL2, MB_CA.MB_VLL2]",MB_CA.MB_ML,3,MB_CA.MB_PED,3,MB_CA.MB_ML,2,MB_CA.MB_VL,2
23808375360,mixed,mix->mix,mix,mix,1,1,2,1,1,1.0,3827,3827.0,MB_ML.MB_CA,3,2,2,"[MB_CA.MB_PEDL3, MB_CA.MB_VLL2] -> MB_ML.MB_CAL3 -> [MB_CA.MB_MLL2, MB_CA.MB_MLL3]",MB_CA.MB_PED,3,MB_CA.MB_VL,2,MB_CA.MB_ML,2,MB_CA.MB_ML,3
23757630288,mixed,mix->mix,mix,mix,2,0,2,2282,2,1.575,8664,3.797,LO,3,2,2,"[LO.LOPL2, ME.LOPL3] -> LOL3 -> [LO.LOPL3, ME.LOPL4]",LO.LOP,2,ME.LOP,3,LO.LOP,3,ME.LOP,4
23653775520,mixed,mix->mix,mix,mix,1,1,2,1,1,1.0,3827,3827.0,MB_ML.MB_CA,3,2,2,"[MB_CA.MB_MLL2, MB_CA.MB_MLL3] -> MB_ML.MB_CAL3 -> [MB_CA.MB_PEDL3, MB_CA.MB_VLL2]",MB_CA.MB_ML,2,MB_CA.MB_ML,3,MB_CA.MB_PED,3,MB_CA.MB_VL,2
23653775520,mixed,FF->lat,FF,lat,2,0,2,1,1,1.0,3827,3827.0,MB_ML.MB_CA,3,2,2,"[MB_CA.MB_MLL2, MB_CA.MB_VLL2] -> MB_ML.MB_CAL3 -> [MB_CA.MB_MLL3, MB_CA.MB_PEDL3]",MB_CA.MB_ML,2,MB_CA.MB_VL,2,MB_CA.MB_ML,3,MB_CA.MB_PED,3
23653775520,mixed,mix->mix,mix,mix,1,1,2,1,1,1.0,3827,3827.0,MB_ML.MB_CA,3,2,2,"[MB_CA.MB_MLL3, MB_CA.MB_VLL2] -> MB_ML.MB_CAL3 -> [MB_CA.MB_MLL2, MB_CA.MB_PEDL3]",MB_CA.MB_ML,3,MB_CA.MB_VL,2,MB_CA.MB_ML,2,MB_CA.MB_PED,3
23602913652,mixed,mix->mix,mix,mix,1,2,1,2282,2,1.295,7271,3.186,LO,3,2,2,"[ME.LOPL2, ME.LOPL4] -> LOL3 -> [LO.LOPL2, LO.LOPL3]",ME.LOP,2,ME.LOP,4,LO.LOP,2,LO.LOP,3
23551632719,mixed,mix->mix,mix,mix,1,2,1,2282,6,1.937,14591,6.394,LO,3,2,2,"[MEL4, ME.LOPL2] -> LOL3 -> [LO.LOPL3, ME.LOL2]",ME,4,ME.LOP,2,LO.LOP,3,ME.LO,2
23317944239,mixed,FF->mix,FF,mix,2,1,1,2282,29,1.534,36323,15.917,LO,3,2,2,"[LOL2, ME.LOL2] -> LOL3 -> [MEL2, ME.LOPL3]",LO,2,ME.LO,2,ME,2,ME.LOP,3
23310108560,mixed,mix->mix,mix,mix,1,2,1,2282,4,1.689,32342,14.173,LO,3,2,2,"[LOL4, MEL2] -> LOL3 -> [LO.LOPL3, ME.LOPL2]",LO,4,ME,2,LO.LOP,3,ME.LOP,2
23299335120,mixed,mix->mix,mix,mix,2,1,1,2282,2,1.065,30609,13.413,LO,3,2,2,"[LOL4, MEL2] -> LOL3 -> [LO.LOPL4, ME.LOPL3]",LO,4,ME,2,LO.LOP,4,ME.LOP,3
23274669366,mixed,FF->mix,FF,mix,3,1,0,2282,2,1.961,33886,14.849,LO,3,2,2,"[MEL2, ME.LOPL2] -> LOL3 -> [ME.LOL2, ME.LOPL4]",ME,2,ME.LOP,2,ME.LO,2,ME.LOP,4
23255507496,mixed,lat->FF,lat,FF,2,0,2,2282,2,1.035,16483,7.223,LO,3,2,2,"[MEL3, ME.LOPL3] -> LOL3 -> [LOL4, LO.LOPL4]",ME,3,ME.LOP,3,LO,4,LO.LOP,4
23199281490,mixed,lat->mix,lat,mix,0,1,3,2282,11,1.897,24016,10.524,LO,3,2,2,"[MEL3, ME.LOL3] -> LOL3 -> [LO.LOPL2, ME.LOPL3]",ME,3,ME.LO,3,LO.LOP,2,ME.LOP,3
23189639563,mixed,FF->FB,FF,FB,2,2,0,2282,11,1.778,29068,12.738,LO,3,2,2,"[LOL2, MEL2] -> LOL3 -> [LO.LOPL2, ME.LOPL2]",LO,2,ME,2,LO.LOP,2,ME.LOP,2
23133062004,mixed,FF->mix,FF,mix,2,1,1,2282,17,1.784,42611,18.673,LO,3,2,2,"[MEL2, ME.LOPL2] -> LOL3 -> [ME.LOL2, ME.LOL3]",ME,2,ME.LOP,2,ME.LO,2,ME.LO,3
23121467257,mixed,FF->mix,FF,mix,2,1,1,2282,12,1.934,32365,14.183,LO,3,2,2,"[LOL2, ME.LOPL2] -> LOL3 -> [LO.LOPL3, MEL2]",LO,2,ME.LOP,2,LO.LOP,3,ME,2
22971520096,mixed,mix->FB,mix,FB,1,2,1,2282,3,1.519,35925,15.743,LO,3,2,2,"[LO.LOPL2, ME.LOPL3] -> LOL3 -> [MEL2, ME.LOL2]",LO.LOP,2,ME.LOP,3,ME,2,ME.LO,2
22790762914,mixed,mix->mix,mix,mix,1,1,2,2282,24,1.641,40809,17.883,LO,3,2,2,"[LOL2, MEL3] -> LOL3 -> [LO.LOPL3, MEL2]",LO,2,ME,3,LO.LOP,3,ME,2
22691671350,mixed,mix->FB,mix,FB,1,2,1,2282,8,1.968,12273,5.378,LO,3,2,2,"[ME.LOL2, ME.LOPL3] -> LOL3 -> [LOL2, LO.LOPL2]",ME.LO,2,ME.LOP,3,LO,2,LO.LOP,2
22674398160,mixed,mix->lat,mix,lat,1,1,2,2282,2,1.192,15743,6.899,LO,3,2,2,"[LO.LOPL4, ME.LOPL2] -> LOL3 -> [ME.LOL3, ME.LOPL3]",LO.LOP,4,ME.LOP,2,ME.LO,3,ME.LOP,3
22593308560,mixed,mix->lat,mix,lat,1,0,3,2282,11,1.202,17787,7.794,LO,3,2,2,"[LOL2, ME.LOPL3] -> LOL3 -> [LO.LOPL3, ME.LOL3]",LO,2,ME.LOP,3,LO.LOP,3,ME.LO,3
22484645892,mixed,lat->mix,lat,mix,1,1,2,2282,2,2.0,21577,9.455,LO,3,2,2,"[LO.LOPL3, MEL3] -> LOL3 -> [ME.LOL2, ME.LOPL4]",LO.LOP,3,ME,3,ME.LO,2,ME.LOP,4
22431202215,mixed,FF->mix,FF,mix,3,0,1,2282,12,1.319,13730,6.017,LO,3,2,2,"[ME.LOL2, ME.LOPL2] -> LOL3 -> [LOL4, ME.LOPL3]",ME.LO,2,ME.LOP,2,LO,4,ME.LOP,3
22352956402,mixed,mix->mix,mix,mix,1,1,2,2282,29,1.302,44004,19.283,LO,3,2,2,"[ME.LOL2, ME.LOL3] -> LOL3 -> [MEL2, ME.LOPL3]",ME.LO,2,ME.LO,3,ME,2,ME.LOP,3
22340027034,mixed,mix->mix,mix,mix,2,1,1,2282,2,1.871,19760,8.659,LO,3,2,2,"[MEL3, ME.LOL2] -> LOL3 -> [ME.LOPL2, ME.LOPL4]",ME,3,ME.LO,2,ME.LOP,2,ME.LOP,4
22299759400,mixed,FB->lat,FB,lat,0,2,2,2282,2,1.1,9856,4.319,LO,3,2,2,"[LOL4, LO.LOPL4] -> LOL3 -> [LO.LOPL3, ME.LOPL3]",LO,4,LO.LOP,4,LO.LOP,3,ME.LOP,3
22074280560,mixed,mix->mix,mix,mix,1,1,2,2282,2,1.09,9856,4.319,LO,3,2,2,"[LOL4, LO.LOPL3] -> LOL3 -> [LO.LOPL4, ME.LOPL3]",LO,4,LO.LOP,3,LO.LOP,4,ME.LOP,3
22057808404,mixed,mix->mix,mix,mix,1,2,1,2282,2,1.47,11653,5.106,LO,3,2,2,"[ME.LOL2, ME.LOPL4] -> LOL3 -> [LO.LOPL2, LO.LOPL3]",ME.LO,2,ME.LOP,4,LO.LOP,2,LO.LOP,3
22048576008,mixed,mix->mix,mix,mix,2,1,1,2282,6,1.459,15113,6.623,LO,3,2,2,"[LOL2, MEL3] -> LOL3 -> [LO.LOPL4, ME.LOPL2]",LO,2,ME,3,LO.LOP,4,ME.LOP,2
22002735600,mixed,mix->mix,mix,mix,1,2,1,2282,2,1.347,8062,3.533,LO,3,2,2,"[LO.LOPL4, ME.LOPL2] -> LOL3 -> [LOL2, ME.LOPL3]",LO.LOP,4,ME.LOP,2,LO,2,ME.LOP,3
21874181880,mixed,mix->mix,mix,mix,2,1,1,2282,2,1.314,11400,4.996,LO,3,2,2,"[LO.LOPL4, ME.LOL2] -> LOL3 -> [ME.LOPL3, ME.LOPL4]",LO.LOP,4,ME.LO,2,ME.LOP,3,ME.LOP,4
21821068648,mixed,mix->FB,mix,FB,1,2,1,2282,5,1.768,7891,3.458,LO,3,2,2,"[ME.LOPL2, ME.LOPL3] -> LOL3 -> [LOL2, LO.LOPL2]",ME.LOP,2,ME.LOP,3,LO,2,LO.LOP,2
21812204184,mixed,lat->mix,lat,mix,0,1,3,2282,11,1.199,17787,7.794,LO,3,2,2,"[ME.LOL3, ME.LOPL3] -> LOL3 -> [LOL2, LO.LOPL3]",ME.LO,3,ME.LOP,3,LO,2,LO.LOP,3
21759077548,mixed,mix->FB,mix,FB,0,3,1,2282,2,1.642,38765,16.987,LO,3,2,2,"[LO.LOPL4, MEL3] -> LOL3 -> [MEL2, ME.LOPL2]",LO.LOP,4,ME,3,ME,2,ME.LOP,2
21700798120,mixed,FF->FB,FF,FB,2,2,0,2282,5,1.252,34532,15.132,LO,3,2,2,"[LO.LOPL2, ME.LOL2] -> LOL3 -> [MEL2, ME.LOPL2]",LO.LOP,2,ME.LO,2,ME,2,ME.LOP,2
21696052895,mixed,mix->mix,mix,mix,2,1,1,2282,6,1.275,32342,14.173,LO,3,2,2,"[LO.LOPL3, MEL2] -> LOL3 -> [LOL4, ME.LOPL2]",LO.LOP,3,ME,2,LO,4,ME.LOP,2
21562768214,mixed,mix->mix,mix,mix,0,2,2,2282,2,1.202,15743,6.899,LO,3,2,2,"[LO.LOPL4, ME.LOPL3] -> LOL3 -> [ME.LOL3, ME.LOPL2]",LO.LOP,4,ME.LOP,3,ME.LO,3,ME.LOP,2
21538601160,mixed,mix->mix,mix,mix,2,1,1,2282,2,1.459,11400,4.996,LO,3,2,2,"[ME.LOL2, ME.LOPL4] -> LOL3 -> [LO.LOPL4, ME.LOPL3]",ME.LO,2,ME.LOP,4,LO.LOP,4,ME.LOP,3
21524941819,mixed,mix->mix,mix,mix,2,1,1,2282,8,1.224,12858,5.635,LO,3,2,2,"[MEL4, ME.LOL2] -> LOL3 -> [LO.LOPL4, ME.LOPL3]",ME,4,ME.LO,2,LO.LOP,4,ME.LOP,3
21485033297,mixed,mix->mix,mix,mix,2,0,2,2282,10,1.394,18216,7.982,LO,3,2,2,"[MEL3, ME.LOPL2] -> LOL3 -> [LOL4, LO.LOPL3]",ME,3,ME.LOP,2,LO,4,LO.LOP,3
21456031683,mixed,lat->mix,lat,mix,1,1,2,2282,6,1.255,22794,9.989,LO,3,2,2,"[MEL3, ME.LOL3] -> LOL3 -> [LO.LOPL4, ME.LOPL2]",ME,3,ME.LO,3,LO.LOP,4,ME.LOP,2
21391137232,mixed,mix->mix,mix,mix,2,1,1,2282,8,1.335,13730,6.017,LO,3,2,2,"[ME.LOL2, ME.LOPL3] -> LOL3 -> [LOL4, ME.LOPL2]",ME.LO,2,ME.LOP,3,LO,4,ME.LOP,2
21373880136,mixed,lat->mix,lat,mix,0,1,3,2282,24,1.373,48490,21.249,LO,3,2,2,"[MEL3, ME.LOL3] -> LOL3 -> [LO.LOPL3, MEL2]",ME,3,ME.LO,3,LO.LOP,3,ME,2
21177521729,mixed,lat->FB,lat,FB,0,2,2,2282,15,1.936,28485,12.482,LO,3,2,2,"[MEL3, ME.LOL3] -> LOL3 -> [ME.LOL2, ME.LOPL2]",ME,3,ME.LO,3,ME.LO,2,ME.LOP,2
21157918355,mixed,mix->FB,mix,FB,1,2,1,2282,5,1.999,30885,13.534,LO,3,2,2,"[LO.LOPL3, MEL2] -> LOL3 -> [LOL2, LO.LOPL2]",LO.LOP,3,ME,2,LO,2,LO.LOP,2
20994741690,mixed,mix->FB,mix,FB,0,3,1,2282,2,1.364,8062,3.533,LO,3,2,2,"[LO.LOPL4, ME.LOPL3] -> LOL3 -> [LOL2, ME.LOPL2]",LO.LOP,4,ME.LOP,3,LO,2,ME.LOP,2
20948486547,mixed,mix->mix,mix,mix,0,2,2,2282,17,1.986,18229,7.988,LO,3,2,2,"[MEL3, MEL4] -> LOL3 -> [ME.LOPL2, ME.LOPL3]",ME,3,ME,4,ME.LOP,2,ME.LOP,3
20943940399,mixed,FF->mix,FF,mix,3,0,1,2282,4,1.189,20577,9.017,LO,3,2,2,"[ME.LOL2, ME.LOPL2] -> LOL3 -> [LO.LOPL4, MEL3]",ME.LO,2,ME.LOP,2,LO.LOP,4,ME,3
20943704297,mixed,mix->FF,mix,FF,3,0,1,2282,3,1.258,36639,16.056,LO,3,2,2,"[MEL2, MEL3] -> LOL3 -> [LO.LOPL4, ME.LOPL4]",ME,2,ME,3,LO.LOP,4,ME.LOP,4
20941860320,mixed,mix->mix,mix,mix,1,1,2,2282,2,1.388,15886,6.961,LO,3,2,2,"[LO.LOPL4, MEL3] -> LOL3 -> [LO.LOPL3, ME.LOPL4]",LO.LOP,4,ME,3,LO.LOP,3,ME.LOP,4
20905239304,mixed,mix->mix,mix,mix,1,1,2,2282,2,1.557,15886,6.961,LO,3,2,2,"[MEL3, ME.LOPL4] -> LOL3 -> [LO.LOPL3, LO.LOPL4]",ME,3,ME.LOP,4,LO.LOP,3,LO.LOP,4
20879735680,mixed,mix->mix,mix,mix,0,2,2,2282,2,1.992,21153,9.27,LO,3,2,2,"[MEL3, ME.LOPL4] -> LOL3 -> [ME.LOL2, ME.LOPL3]",ME,3,ME.LOP,4,ME.LO,2,ME.LOP,3
20864642682,mixed,mix->mix,mix,mix,1,1,2,2282,18,1.897,28485,12.482,LO,3,2,2,"[MEL3, ME.LOL2] -> LOL3 -> [ME.LOL3, ME.LOPL2]",ME,3,ME.LO,2,ME.LO,3,ME.LOP,2
20861585528,mixed,lat->mix,lat,mix,0,1,3,2282,4,1.269,41439,18.159,LO,3,2,2,"[LO.LOPL3, ME.LOPL3] -> LOL3 -> [MEL2, ME.LOL3]",LO.LOP,3,ME.LOP,3,ME,2,ME.LO,3
20754881406,mixed,lat->FB,lat,FB,0,2,2,2282,4,1.475,33758,14.793,LO,3,2,2,"[LO.LOPL3, ME.LOPL3] -> LOL3 -> [LOL2, MEL2]",LO.LOP,3,ME.LOP,3,LO,2,ME,2
20750424138,mixed,mix->mix,mix,mix,2,1,1,2282,2,1.94,42330,18.55,LO,3,2,2,"[MEL2, MEL3] -> LOL3 -> [ME.LOL2, ME.LOPL4]",ME,2,ME,3,ME.LO,2,ME.LOP,4
20731260687,mixed,mix->mix,mix,mix,0,2,2,2282,12,1.964,23035,10.094,LO,3,2,2,"[MEL3, MEL4] -> LOL3 -> [LO.LOPL3, ME.LOL2]",ME,3,ME,4,LO.LOP,3,ME.LO,2
20721186960,mixed,mix->mix,mix,mix,0,2,2,2282,2,1.686,8664,3.797,LO,3,2,2,"[LO.LOPL3, ME.LOPL4] -> LOL3 -> [LO.LOPL2, ME.LOPL3]",LO.LOP,3,ME.LOP,4,LO.LOP,2,ME.LOP,3
20705077572,mixed,mix->mix,mix,mix,2,1,1,2282,2,1.865,7442,3.261,LO,3,2,2,"[ME.LOPL2, ME.LOPL4] -> LOL3 -> [LO.LOPL3, LO.LOPL4]",ME.LOP,2,ME.LOP,4,LO.LOP,3,LO.LOP,4
20649426804,mixed,mix->mix,mix,mix,2,1,1,2282,2,1.572,6847,3.0,LO,3,2,2,"[ME.LOPL2, ME.LOPL3] -> LOL3 -> [LO.LOPL2, ME.LOPL4]",ME.LOP,2,ME.LOP,3,LO.LOP,2,ME.LOP,4
20549041122,mixed,mix->mix,mix,mix,2,1,1,2282,2,1.818,11229,4.921,LO,3,2,2,"[ME.LOL2, ME.LOPL3] -> LOL3 -> [LO.LOPL2, ME.LOPL4]",ME.LO,2,ME.LOP,3,LO.LOP,2,ME.LOP,4
20475306132,mixed,lat->FF,lat,FF,2,0,2,2282,2,1.351,15886,6.961,LO,3,2,2,"[LO.LOPL3, MEL3] -> LOL3 -> [LO.LOPL4, ME.LOPL4]",LO.LOP,3,ME,3,LO.LOP,4,ME.LOP,4
20472563991,mixed,FF->FB,FF,FB,2,2,0,2282,11,1.569,10880,4.768,LO,3,2,2,"[LOL2, ME.LOL2] -> LOL3 -> [LO.LOPL2, ME.LOPL2]",LO,2,ME.LO,2,LO.LOP,2,ME.LOP,2
20424782668,mixed,mix->lat,mix,lat,1,0,3,2282,30,1.067,48490,21.249,LO,3,2,2,"[MEL2, ME.LOL3] -> LOL3 -> [LO.LOPL3, MEL3]",ME,2,ME.LO,3,LO.LOP,3,ME,3
20422075163,mixed,mix->mix,mix,mix,1,1,2,2282,8,1.279,17344,7.6,LO,3,2,2,"[MEL3, MEL4] -> LOL3 -> [LO.LOPL3, LO.LOPL4]",ME,3,ME,4,LO.LOP,3,LO.LOP,4
20202863600,mixed,mix->mix,mix,mix,1,1,2,2282,8,1.783,21799,9.553,LO,3,2,2,"[ME.LOL2, ME.LOPL3] -> LOL3 -> [LO.LOPL2, MEL3]",ME.LO,2,ME.LOP,3,LO.LOP,2,ME,3
20160738564,mixed,mix->mix,mix,mix,2,1,1,2282,3,1.869,19097,8.369,LO,3,2,2,"[LO.LOPL2, MEL3] -> LOL3 -> [LO.LOPL4, ME.LOL2]",LO.LOP,2,ME,3,LO.LOP,4,ME.LO,2
20147444863,mixed,mix->mix,mix,mix,2,0,2,2282,8,1.145,27176,11.909,LO,3,2,2,"[MEL3, ME.LOL2] -> LOL3 -> [LO.LOPL4, ME.LOL3]",ME,3,ME.LO,2,LO.LOP,4,ME.LO,3
20054456887,mixed,mix->mix,mix,mix,1,1,2,2282,12,1.647,40046,17.549,LO,3,2,2,"[ME.LOL3, ME.LOPL2] -> LOL3 -> [LO.LOPL3, MEL2]",ME.LO,3,ME.LOP,2,LO.LOP,3,ME,2
20031301580,mixed,mix->mix,mix,mix,1,2,1,2282,8,1.471,36724,16.093,LO,3,2,2,"[LOL4, MEL2] -> LOL3 -> [LO.LOPL3, ME.LOL2]",LO,4,ME,2,LO.LOP,3,ME.LO,2
20026930560,mixed,mix->mix,mix,mix,0,2,2,2282,2,1.669,11165,4.893,LO,3,2,2,"[LOL4, LO.LOPL3] -> LOL3 -> [ME.LOPL2, ME.LOPL3]",LO,4,LO.LOP,3,ME.LOP,2,ME.LOP,3
20017993966,mixed,mix->mix,mix,mix,0,2,2,2282,2,1.128,20125,8.819,LO,3,2,2,"[LO.LOPL4, ME.LOPL3] -> LOL3 -> [ME.LOL2, ME.LOL3]",LO.LOP,4,ME.LOP,3,ME.LO,2,ME.LO,3
19906539714,mixed,mix->mix,mix,mix,2,1,1,2282,12,1.174,36724,16.093,LO,3,2,2,"[LO.LOPL3, MEL2] -> LOL3 -> [LOL4, ME.LOL2]",LO.LOP,3,ME,2,LO,4,ME.LO,2
19849149529,mixed,mix->lat,mix,lat,1,0,3,2282,3,1.974,19234,8.429,LO,3,2,2,"[LO.LOPL2, ME.LOPL3] -> LOL3 -> [LO.LOPL3, MEL3]",LO.LOP,2,ME.LOP,3,LO.LOP,3,ME,3
19782497003,mixed,mix->mix,mix,mix,1,1,2,2282,7,1.68,40411,17.709,LO,3,2,2,"[LO.LOPL3, MEL2] -> LOL3 -> [LO.LOPL2, MEL3]",LO.LOP,3,ME,2,LO.LOP,2,ME,3
19752778880,mixed,mix->mix,mix,mix,1,2,1,2282,4,1.516,31918,13.987,LO,3,2,2,"[LOL4, MEL2] -> LOL3 -> [ME.LOPL2, ME.LOPL3]",LO,4,ME,2,ME.LOP,2,ME.LOP,3
19748757606,mixed,lat->mix,lat,mix,1,1,2,2282,7,1.162,27176,11.909,LO,3,2,2,"[MEL3, ME.LOL3] -> LOL3 -> [LO.LOPL4, ME.LOL2]",ME,3,ME.LO,3,LO.LOP,4,ME.LO,2
19740113940,mixed,mix->mix,mix,mix,2,1,1,2282,2,1.668,7442,3.261,LO,3,2,2,"[LO.LOPL4, ME.LOPL2] -> LOL3 -> [LO.LOPL3, ME.LOPL4]",LO.LOP,4,ME.LOP,2,LO.LOP,3,ME.LOP,4
19656968818,mixed,mix->mix,mix,mix,2,1,1,2282,7,1.298,19495,8.543,LO,3,2,2,"[LOL2, MEL3] -> LOL3 -> [LO.LOPL4, ME.LOL2]",LO,2,ME,3,LO.LOP,4,ME.LO,2
19634258170,pure_FF,FF->FF,FF,FF,4,0,0,2282,5,1.036,33598,14.723,LO,3,2,2,"[MEL2, ME.LOL2] -> LOL3 -> [LOL4, LO.LOPL4]",ME,2,ME.LO,2,LO,4,LO.LOP,4
19618581408,mixed,FF->lat,FF,lat,2,0,2,2282,31,1.126,40809,17.883,LO,3,2,2,"[LOL2, MEL2] -> LOL3 -> [LO.LOPL3, MEL3]",LO,2,ME,2,LO.LOP,3,ME,3
19594465098,mixed,mix->FB,mix,FB,0,3,1,2282,2,1.633,13133,5.755,LO,3,2,2,"[LO.LOPL3, ME.LOPL4] -> LOL3 -> [ME.LOL2, ME.LOPL2]",LO.LOP,3,ME.LOP,4,ME.LO,2,ME.LOP,2
19435902939,mixed,mix->mix,mix,mix,1,1,2,2282,28,1.475,40385,17.697,LO,3,2,2,"[LOL2, MEL3] -> LOL3 -> [MEL2, ME.LOPL3]",LO,2,ME,3,ME,2,ME.LOP,3
19403627028,mixed,lat->mix,lat,mix,1,1,2,2282,3,1.063,38313,16.789,LO,3,2,2,"[ME.LOL3, ME.LOPL3] -> LOL3 -> [LO.LOPL4, MEL2]",ME.LO,3,ME.LOP,3,LO.LOP,4,ME,2
19351322208,mixed,mix->FF,mix,FF,3,0,1,2282,2,1.067,8039,3.523,LO,3,2,2,"[ME.LOPL2, ME.LOPL3] -> LOL3 -> [LOL4, LO.LOPL4]",ME.LOP,2,ME.LOP,3,LO,4,LO.LOP,4
19252190376,mixed,mix->mix,mix,mix,2,1,1,2282,2,1.509,6582,2.884,LO,3,2,2,"[LOL2, ME.LOPL3] -> LOL3 -> [LO.LOPL2, LO.LOPL4]",LO,2,ME.LOP,3,LO.LOP,2,LO.LOP,4
19239071414,mixed,mix->mix,mix,mix,2,1,1,2282,7,1.265,19495,8.543,LO,3,2,2,"[MEL3, ME.LOL2] -> LOL3 -> [LOL2, LO.LOPL4]",ME,3,ME.LO,2,LO,2,LO.LOP,4
19165153996,mixed,mix->FB,mix,FB,0,3,1,2282,2,1.701,30234,13.249,LO,3,2,2,"[LO.LOPL4, ME.LOPL3] -> LOL3 -> [LO.LOPL2, MEL2]",LO.LOP,4,ME.LOP,3,LO.LOP,2,ME,2
19151085554,mixed,mix->lat,mix,lat,1,0,3,2282,3,1.99,17389,7.62,LO,3,2,2,"[LO.LOPL2, ME.LOPL3] -> LOL3 -> [LO.LOPL3, ME.LOL3]",LO.LOP,2,ME.LOP,3,LO.LOP,3,ME.LO,3
19116925697,mixed,lat->FB,lat,FB,0,2,2,2282,6,1.913,15996,7.01,LO,3,2,2,"[LO.LOPL3, ME.LOL3] -> LOL3 -> [LO.LOPL2, ME.LOPL2]",LO.LOP,3,ME.LO,3,LO.LOP,2,ME.LOP,2
19083150756,mixed,mix->FF,mix,FF,3,0,1,2282,2,1.615,7442,3.261,LO,3,2,2,"[LO.LOPL3, ME.LOPL2] -> LOL3 -> [LO.LOPL4, ME.LOPL4]",LO.LOP,3,ME.LOP,2,LO.LOP,4,ME.LOP,4
18998018884,mixed,mix->FB,mix,FB,1,2,1,2282,5,1.846,12697,5.564,LO,3,2,2,"[LOL2, LO.LOPL3] -> LOL3 -> [LO.LOPL2, ME.LOL2]",LO,2,LO.LOP,3,LO.LOP,2,ME.LO,2
18994856610,mixed,mix->FB,mix,FB,0,3,1,2282,2,1.233,12444,5.453,LO,3,2,2,"[LO.LOPL4, ME.LOPL3] -> LOL3 -> [LOL2, ME.LOL2]",LO.LOP,4,ME.LOP,3,LO,2,ME.LO,2
18976329073,mixed,lat->FB,lat,FB,0,2,2,2282,6,1.97,19954,8.744,LO,3,2,2,"[ME.LOL3, ME.LOPL3] -> LOL3 -> [LO.LOPL2, ME.LOL2]",ME.LO,3,ME.LOP,3,LO.LOP,2,ME.LO,2
18943320162,pure_FF,FF->FF,FF,FF,4,0,0,2282,2,1.469,28195,12.355,LO,3,2,2,"[MEL2, ME.LOPL2] -> LOL3 -> [LO.LOPL4, ME.LOPL4]",ME,2,ME.LOP,2,LO.LOP,4,ME.LOP,4
18903486708,mixed,mix->mix,mix,mix,2,0,2,2282,11,1.28,17792,7.797,LO,3,2,2,"[MEL3, ME.LOPL2] -> LOL3 -> [LOL4, ME.LOPL3]",ME,3,ME.LOP,2,LO,4,ME.LOP,3
18854732323,mixed,lat->mix,lat,mix,0,1,3,2282,28,1.265,48066,21.063,LO,3,2,2,"[MEL3, ME.LOL3] -> LOL3 -> [MEL2, ME.LOPL3]",ME,3,ME.LO,3,ME,2,ME.LOP,3
18844593212,mixed,mix->FB,mix,FB,0,3,1,2282,2,1.434,43147,18.908,LO,3,2,2,"[LO.LOPL4, MEL3] -> LOL3 -> [MEL2, ME.LOL2]",LO.LOP,4,ME,3,ME,2,ME.LO,2
18797117812,mixed,FF->mix,FF,mix,2,1,1,2282,14,1.778,31941,13.997,LO,3,2,2,"[LOL2, ME.LOPL2] -> LOL3 -> [MEL2, ME.LOPL3]",LO,2,ME.LOP,2,ME,2,ME.LOP,3
18779152050,mixed,mix->mix,mix,mix,2,1,1,2282,2,1.908,29841,13.077,LO,3,2,2,"[LO.LOPL3, MEL2] -> LOL3 -> [LO.LOPL2, ME.LOPL4]",LO.LOP,3,ME,2,LO.LOP,2,ME.LOP,4
18764180357,mixed,mix->lat,mix,lat,1,0,3,2282,33,1.047,48066,21.063,LO,3,2,2,"[MEL2, ME.LOL3] -> LOL3 -> [MEL3, ME.LOPL3]",ME,2,ME.LO,3,ME,3,ME.LOP,3
18722357966,mixed,mix->mix,mix,mix,1,2,1,2282,2,1.126,38765,16.987,LO,3,2,2,"[LO.LOPL4, MEL2] -> LOL3 -> [MEL3, ME.LOPL2]",LO.LOP,4,ME,2,ME,3,ME.LOP,2
18655483087,mixed,mix->mix,mix,mix,2,1,1,2282,4,1.056,12845,5.629,LO,3,2,2,"[LO.LOPL4, ME.LOL2] -> LOL3 -> [LOL4, LO.LOPL3]",LO.LOP,4,ME.LO,2,LO,4,LO.LOP,3
18638626468,mixed,mix->mix,mix,mix,1,1,2,2282,6,1.94,19954,8.744,LO,3,2,2,"[ME.LOL2, ME.LOPL3] -> LOL3 -> [LO.LOPL2, ME.LOL3]",ME.LO,2,ME.LOP,3,LO.LOP,2,ME.LO,3
18607083928,mixed,mix->mix,mix,mix,2,1,1,2282,3,1.118,30632,13.423,LO,3,2,2,"[LOL2, ME.LOPL3] -> LOL3 -> [LO.LOPL4, MEL2]",LO,2,ME.LOP,3,LO.LOP,4,ME,2
18599075575,mixed,mix->mix,mix,mix,2,1,1,2282,5,1.503,8900,3.9,LO,3,2,2,"[MEL4, ME.LOPL2] -> LOL3 -> [LO.LOPL3, LO.LOPL4]",ME,4,ME.LOP,2,LO.LOP,3,LO.LOP,4
18549378264,mixed,lat->mix,lat,mix,1,1,2,2282,2,1.286,14263,6.25,LO,3,2,2,"[ME.LOL3, ME.LOPL3] -> LOL3 -> [LO.LOPL2, LO.LOPL4]",ME.LO,3,ME.LOP,3,LO.LOP,2,LO.LOP,4
18534834920,mixed,mix->lat,mix,lat,1,1,2,2282,2,1.417,8664,3.797,LO,3,2,2,"[LO.LOPL2, ME.LOPL4] -> LOL3 -> [LO.LOPL3, ME.LOPL3]",LO.LOP,2,ME.LOP,4,LO.LOP,3,ME.LOP,3
18513900288,mixed,mix->FB,mix,FB,1,2,1,2282,5,1.429,36349,15.929,LO,3,2,2,"[LO.LOPL2, LO.LOPL3] -> LOL3 -> [MEL2, ME.LOL2]",LO.LOP,2,LO.LOP,3,ME,2,ME.LO,2
18505623315,mixed,mix->FF,mix,FF,3,0,1,2282,4,1.05,12845,5.629,LO,3,2,2,"[LO.LOPL3, ME.LOL2] -> LOL3 -> [LOL4, LO.LOPL4]",LO.LOP,3,ME.LO,2,LO,4,LO.LOP,4
18438609360,mixed,mix->mix,mix,mix,1,1,2,2282,2,1.276,15462,6.776,LO,3,2,2,"[LO.LOPL4, MEL3] -> LOL3 -> [ME.LOPL3, ME.LOPL4]",LO.LOP,4,ME,3,ME.LOP,3,ME.LOP,4
18400053056,mixed,mix->lat,mix,lat,1,0,3,1,1,1.0,3801,3801.0,MB_ML.MB_CA,3,2,2,"[MB_CA.MB_MLL2, MB_CA.MB_PEDL3] -> MB_ML.MB_CAL3 -> [MB_CA.MB_MLL3, MB_CA.MB_VLL3]",MB_CA.MB_ML,2,MB_CA.MB_PED,3,MB_CA.MB_ML,3,MB_CA.MB_VL,3
18400053056,mixed,lat->mix,lat,mix,0,1,3,1,1,1.0,3801,3801.0,MB_ML.MB_CA,3,2,2,"[MB_CA.MB_MLL3, MB_CA.MB_PEDL3] -> MB_ML.MB_CAL3 -> [MB_CA.MB_MLL2, MB_CA.MB_VLL3]",MB_CA.MB_ML,3,MB_CA.MB_PED,3,MB_CA.MB_ML,2,MB_CA.MB_VL,3
18400053056,mixed,lat->mix,lat,mix,0,1,3,1,1,1.0,3801,3801.0,MB_ML.MB_CA,3,2,2,"[MB_CA.MB_PEDL3, MB_CA.MB_VLL3] -> MB_ML.MB_CAL3 -> [MB_CA.MB_MLL2, MB_CA.MB_MLL3]",MB_CA.MB_PED,3,MB_CA.MB_VL,3,MB_CA.MB_ML,2,MB_CA.MB_ML,3
18280572192,mixed,mix->lat,mix,lat,1,0,3,1,1,1.0,3801,3801.0,MB_ML.MB_CA,3,2,2,"[MB_CA.MB_MLL2, MB_CA.MB_MLL3] -> MB_ML.MB_CAL3 -> [MB_CA.MB_PEDL3, MB_CA.MB_VLL3]",MB_CA.MB_ML,2,MB_CA.MB_ML,3,MB_CA.MB_PED,3,MB_CA.MB_VL,3
18280572192,mixed,mix->lat,mix,lat,1,0,3,1,1,1.0,3801,3801.0,MB_ML.MB_CA,3,2,2,"[MB_CA.MB_MLL2, MB_CA.MB_VLL3] -> MB_ML.MB_CAL3 -> [MB_CA.MB_MLL3, MB_CA.MB_PEDL3]",MB_CA.MB_ML,2,MB_CA.MB_VL,3,MB_CA.MB_ML,3,MB_CA.MB_PED,3
18280572192,mixed,lat->mix,lat,mix,0,1,3,1,1,1.0,3801,3801.0,MB_ML.MB_CA,3,2,2,"[MB_CA.MB_MLL3, MB_CA.MB_VLL3] -> MB_ML.MB_CAL3 -> [MB_CA.MB_MLL2, MB_CA.MB_PEDL3]",MB_CA.MB_ML,3,MB_CA.MB_VL,3,MB_CA.MB_ML,2,MB_CA.MB_PED,3
18231525591,mixed,mix->mix,mix,mix,1,1,2,2282,7,1.196,16920,7.415,LO,3,2,2,"[MEL3, MEL4] -> LOL3 -> [LO.LOPL4, ME.LOPL3]",ME,3,ME,4,LO.LOP,4,ME.LOP,3
18099705951,mixed,mix->FB,mix,FB,1,2,1,2282,11,1.804,31941,13.997,LO,3,2,2,"[LOL2, ME.LOPL3] -> LOL3 -> [MEL2, ME.LOPL2]",LO,2,ME.LOP,3,ME,2,ME.LOP,2
18066694179,mixed,lat->FB,lat,FB,0,2,2,2282,8,1.993,16335,7.158,LO,3,2,2,"[MEL3, ME.LOPL3] -> LOL3 -> [LOL2, LO.LOPL2]",ME,3,ME.LOP,3,LO,2,LO.LOP,2
18021712560,mixed,mix->mix,mix,mix,1,1,2,2282,2,1.405,15462,6.776,LO,3,2,2,"[MEL3, ME.LOPL4] -> LOL3 -> [LO.LOPL4, ME.LOPL3]",ME,3,ME.LOP,4,LO.LOP,4,ME.LOP,3
18012725482,mixed,FF->mix,FF,mix,3,1,0,2282,4,1.533,11051,4.843,LO,3,2,2,"[LOL2, ME.LOPL2] -> LOL3 -> [LO.LOPL4, ME.LOL2]",LO,2,ME.LOP,2,LO.LOP,4,ME.LO,2
18011851738,mixed,lat->mix,lat,mix,1,1,2,2282,7,1.294,17792,7.797,LO,3,2,2,"[MEL3, ME.LOPL3] -> LOL3 -> [LOL4, ME.LOPL2]",ME,3,ME.LOP,3,LO,4,ME.LOP,2
18006510084,mixed,mix->FB,mix,FB,1,3,0,2282,2,1.728,34703,15.207,LO,3,2,2,"[LO.LOPL4, ME.LOPL2] -> LOL3 -> [MEL2, ME.LOL2]",LO.LOP,4,ME.LOP,2,ME,2,ME.LO,2
17935272039,mixed,mix->mix,mix,mix,1,1,2,2282,4,1.859,38566,16.9,LO,3,2,2,"[LO.LOPL3, MEL2] -> LOL3 -> [LO.LOPL2, ME.LOL3]",LO.LOP,3,ME,2,LO.LOP,2,ME.LO,3
17930965705,mixed,mix->mix,mix,mix,1,2,1,2282,7,2.0,14167,6.208,LO,3,2,2,"[MEL4, ME.LOPL2] -> LOL3 -> [ME.LOL2, ME.LOPL3]",ME,4,ME.LOP,2,ME.LO,2,ME.LOP,3
17924735244,mixed,mix->mix,mix,mix,0,2,2,2282,2,1.174,18012,7.893,LO,3,2,2,"[LO.LOPL3, LO.LOPL4] -> LOL3 -> [MEL3, ME.LOPL2]",LO.LOP,3,LO.LOP,4,ME,3,ME.LOP,2
17875235387,mixed,FF->lat,FF,lat,2,0,2,2282,31,1.088,40385,17.697,LO,3,2,2,"[LOL2, MEL2] -> LOL3 -> [MEL3, ME.LOPL3]",LO,2,ME,2,ME,3,ME.LOP,3
17754516880,mixed,mix->mix,mix,mix,1,2,1,2282,2,1.843,29417,12.891,LO,3,2,2,"[MEL2, ME.LOPL4] -> LOL3 -> [LO.LOPL2, ME.LOPL3]",ME,2,ME.LOP,4,LO.LOP,2,ME.LOP,3
17737818568,mixed,mix->mix,mix,mix,0,2,2,2282,2,1.903,32714,14.336,LO,3,2,2,"[ME.LOPL3, ME.LOPL4] -> LOL3 -> [LO.LOPL3, MEL2]",ME.LOP,3,ME.LOP,4,LO.LOP,3,ME,2
17718585824,pure_lateral,lat->lat,lat,lat,0,0,4,2282,9,1.065,27313,11.969,LO,3,2,2,"[LO.LOPL3, ME.LOL3] -> LOL3 -> [MEL3, ME.LOPL3]",LO.LOP,3,ME.LO,3,ME,3,ME.LOP,3
17603262454,mixed,mix->mix,mix,mix,1,2,1,2282,2,1.079,43147,18.908,LO,3,2,2,"[LO.LOPL4, MEL2] -> LOL3 -> [MEL3, ME.LOL2]",LO.LOP,4,ME,2,ME,3,ME.LO,2
17514153502,mixed,FF->mix,FF,mix,3,0,1,2282,3,1.272,18732,8.209,LO,3,2,2,"[ME.LOL2, ME.LOPL2] -> LOL3 -> [LO.LOPL4, ME.LOL3]",ME.LO,2,ME.LOP,2,LO.LOP,4,ME.LO,3
17485254306,mixed,mix->mix,mix,mix,1,1,2,2282,18,1.207,45849,20.092,LO,3,2,2,"[ME.LOL2, ME.LOPL3] -> LOL3 -> [MEL2, MEL3]",ME.LO,2,ME.LOP,3,ME,2,ME,3
17479983925,mixed,mix->FB,mix,FB,1,2,1,2282,5,1.898,12697,5.564,LO,3,2,2,"[LO.LOPL3, ME.LOL2] -> LOL3 -> [LOL2, LO.LOPL2]",LO.LOP,3,ME.LO,2,LO,2,LO.LOP,2
17454730918,mixed,mix->mix,mix,mix,1,2,1,2282,6,1.338,36300,15.907,LO,3,2,2,"[LOL4, MEL2] -> LOL3 -> [ME.LOL2, ME.LOPL3]",LO,4,ME,2,ME.LO,2,ME.LOP,3
17440437984,mixed,FF->mix,FF,mix,3,1,0,2282,3,1.48,11051,4.843,LO,3,2,2,"[ME.LOL2, ME.LOPL2] -> LOL3 -> [LOL2, LO.LOPL4]",ME.LO,2,ME.LOP,2,LO,2,LO.LOP,4
17438754064,mixed,mix->mix,mix,mix,1,2,1,2282,4,1.89,14154,6.202,LO,3,2,2,"[LOL4, ME.LOL2] -> LOL3 -> [LO.LOPL3, ME.LOPL2]",LO,4,ME.LO,2,LO.LOP,3,ME.LOP,2
17426715354,mixed,mix->FB,mix,FB,0,3,1,2282,6,1.999,14167,6.208,LO,3,2,2,"[MEL4, ME.LOPL3] -> LOL3 -> [ME.LOL2, ME.LOPL2]",ME,4,ME.LOP,3,ME.LO,2,ME.LOP,2
17271015183,mixed,mix->mix,mix,mix,2,1,1,2282,4,1.301,18732,8.209,LO,3,2,2,"[ME.LOL3, ME.LOPL2] -> LOL3 -> [LO.LOPL4, ME.LOL2]",ME.LO,3,ME.LOP,2,LO.LOP,4,ME.LO,2
17266405440,mixed,mix->mix,mix,mix,0,2,2,2282,2,1.455,15547,6.813,LO,3,2,2,"[LOL4, LO.LOPL3] -> LOL3 -> [ME.LOL2, ME.LOPL3]",LO,4,LO.LOP,3,ME.LO,2,ME.LOP,3
17228504749,mixed,mix->FB,mix,FB,1,2,1,2282,5,1.66,8315,3.644,LO,3,2,2,"[LO.LOPL3, ME.LOPL2] -> LOL3 -> [LOL2, LO.LOPL2]",LO.LOP,3,ME.LOP,2,LO,2,LO.LOP,2
17222687708,mixed,mix->mix,mix,mix,1,1,2,2282,5,1.975,17417,7.632,LO,3,2,2,"[ME.LOPL2, ME.LOPL3] -> LOL3 -> [LO.LOPL2, MEL3]",ME.LOP,2,ME.LOP,3,LO.LOP,2,ME,3
17199063181,mixed,mix->FB,mix,FB,1,2,1,2282,12,1.985,20804,9.117,LO,3,2,2,"[MEL3, ME.LOPL2] -> LOL3 -> [LOL2, ME.LOL2]",ME,3,ME.LOP,2,LO,2,ME.LO,2
17166775460,mixed,mix->mix,mix,mix,2,1,1,2282,2,1.039,12421,5.443,LO,3,2,2,"[LO.LOPL4, ME.LOL2] -> LOL3 -> [LOL4, ME.LOPL3]",LO.LOP,4,ME.LO,2,LO,4,ME.LOP,3
17117774694,mixed,FF->mix,FF,mix,2,1,1,2282,5,1.509,7891,3.458,LO,3,2,2,"[LOL2, LO.LOPL2] -> LOL3 -> [ME.LOPL2, ME.LOPL3]",LO,2,LO.LOP,2,ME.LOP,2,ME.LOP,3
17090055342,mixed,mix->mix,mix,mix,1,1,2,2282,14,1.479,39622,17.363,LO,3,2,2,"[ME.LOL3, ME.LOPL2] -> LOL3 -> [MEL2, ME.LOPL3]",ME.LO,3,ME.LOP,2,ME,2,ME.LOP,3
17075645280,mixed,mix->mix,mix,mix,2,1,1,2282,2,1.691,7018,3.075,LO,3,2,2,"[ME.LOPL2, ME.LOPL4] -> LOL3 -> [LO.LOPL4, ME.LOPL3]",ME.LOP,2,ME.LOP,4,LO.LOP,4,ME.LOP,3
17002311432,mixed,mix->lat,mix,lat,1,0,3,2282,9,1.121,19632,8.603,LO,3,2,2,"[LOL2, LO.LOPL3] -> LOL3 -> [MEL3, ME.LOPL3]",LO,2,LO.LOP,3,ME,3,ME.LOP,3
16996395885,mixed,mix->FB,mix,FB,1,2,1,2282,11,1.994,36749,16.104,LO,3,2,2,"[MEL2, ME.LOL3] -> LOL3 -> [LO.LOPL2, ME.LOPL2]",ME,2,ME.LO,3,LO.LOP,2,ME.LOP,2
16987899784,mixed,mix->mix,mix,mix,0,2,2,2282,2,1.529,15715,6.887,LO,3,2,2,"[MEL3, ME.LOPL4] -> LOL3 -> [LO.LOPL2, LO.LOPL3]",ME,3,ME.LOP,4,LO.LOP,2,LO.LOP,3
16936357398,mixed,mix->mix,mix,mix,2,1,1,2282,5,1.143,12845,5.629,LO,3,2,2,"[LOL4, ME.LOL2] -> LOL3 -> [LO.LOPL3, LO.LOPL4]",LO,4,ME.LO,2,LO.LOP,3,LO.LOP,4
16933634558,mixed,FF->mix,FF,mix,2,1,1,2282,5,1.822,30885,13.534,LO,3,2,2,"[LO.LOPL2, MEL2] -> LOL3 -> [LOL2, LO.LOPL3]",LO.LOP,2,ME,2,LO,2,LO.LOP,3
16823447024,mixed,mix->mix,mix,mix,1,2,1,2282,9,1.98,31299,13.716,LO,3,2,2,"[MEL2, MEL4] -> LOL3 -> [LO.LOPL2, LO.LOPL3]",ME,2,ME,4,LO.LOP,2,LO.LOP,3
16819078464,mixed,mix->mix,mix,mix,2,0,2,2282,2,1.519,9062,3.971,LO,3,2,2,"[LOL2, ME.LOPL3] -> LOL3 -> [LO.LOPL3, ME.LOPL4]",LO,2,ME.LOP,3,LO.LOP,3,ME.LOP,4
16811916400,mixed,mix->FF,mix,FF,3,0,1,2282,5,1.032,37660,16.503,LO,3,2,2,"[MEL2, MEL3] -> LOL3 -> [LOL4, LO.LOPL4]",ME,2,ME,3,LO,4,LO.LOP,4
16774751520,mixed,mix->mix,mix,mix,2,1,1,2282,2,1.498,7018,3.075,LO,3,2,2,"[LO.LOPL4, ME.LOPL2] -> LOL3 -> [ME.LOPL3, ME.LOPL4]",LO.LOP,4,ME.LOP,2,ME.LOP,3,ME.LOP,4
16719099037,mixed,mix->mix,mix,mix,0,2,2,2282,3,1.109,22394,9.813,LO,3,2,2,"[LO.LOPL3, LO.LOPL4] -> LOL3 -> [MEL3, ME.LOL2]",LO.LOP,3,LO.LOP,4,ME,3,ME.LO,2
16709911477,mixed,mix->mix,mix,mix,0,2,2,2282,12,1.827,22611,9.908,LO,3,2,2,"[MEL3, MEL4] -> LOL3 -> [ME.LOL2, ME.LOPL3]",ME,3,ME,4,ME.LO,2,ME.LOP,3
16678006892,mixed,FF->FB,FF,FB,2,2,0,2282,11,1.964,33450,14.658,LO,3,2,2,"[LOL2, MEL2] -> LOL3 -> [LO.LOPL2, ME.LOL2]",LO,2,ME,2,LO.LOP,2,ME.LO,2
16666344097,mixed,mix->FB,mix,FB,1,3,0,2282,2,1.793,33886,14.849,LO,3,2,2,"[MEL2, ME.LOPL4] -> LOL3 -> [ME.LOL2, ME.LOPL2]",ME,2,ME.LOP,4,ME.LO,2,ME.LOP,2
16625321388,mixed,mix->mix,mix,mix,1,1,2,2282,4,1.99,15572,6.824,LO,3,2,2,"[ME.LOPL2, ME.LOPL3] -> LOL3 -> [LO.LOPL2, ME.LOL3]",ME.LOP,2,ME.LOP,3,LO.LOP,2,ME.LO,3
16573361940,mixed,mix->mix,mix,mix,2,1,1,2282,2,1.476,7271,3.186,LO,3,2,2,"[LO.LOPL3, ME.LOPL2] -> LOL3 -> [LO.LOPL2, ME.LOPL4]",LO.LOP,3,ME.LOP,2,LO.LOP,2,ME.LOP,4
16506854004,mixed,mix->FB,mix,FB,1,2,1,2282,5,1.287,38594,16.912,LO,3,2,2,"[LO.LOPL2, MEL3] -> LOL3 -> [MEL2, ME.LOPL2]",LO.LOP,2,ME,3,ME,2,ME.LOP,2
16475178169,mixed,lat->mix,lat,mix,1,1,2,2282,13,1.187,22174,9.717,LO,3,2,2,"[MEL3, ME.LOPL3] -> LOL3 -> [LOL4, ME.LOL2]",ME,3,ME.LOP,3,LO,4,ME.LO,2
16409924310,mixed,mix->mix,mix,mix,1,2,1,2282,2,1.717,7018,3.075,LO,3,2,2,"[ME.LOPL3, ME.LOPL4] -> LOL3 -> [LO.LOPL4, ME.LOPL2]",ME.LOP,3,ME.LOP,4,LO.LOP,4,ME.LOP,2
16368255136,mixed,FF->mix,FF,mix,2,1,1,2282,5,1.555,12697,5.564,LO,3,2,2,"[LOL2, LO.LOPL2] -> LOL3 -> [LO.LOPL3, ME.LOL2]",LO,2,LO.LOP,2,LO.LOP,3,ME.LO,2
16351828493,mixed,lat->FB,lat,FB,0,2,2,2282,11,1.502,39622,17.363,LO,3,2,2,"[ME.LOL3, ME.LOPL3] -> LOL3 -> [MEL2, ME.LOPL2]",ME.LO,3,ME.LOP,3,ME,2,ME.LOP,2
16208565772,mixed,FF->lat,FF,lat,2,0,2,2282,24,1.182,38964,17.074,LO,3,2,2,"[LOL2, MEL2] -> LOL3 -> [LO.LOPL3, ME.LOL3]",LO,2,ME,2,LO.LOP,3,ME.LO,3
16184100600,mixed,lat->mix,lat,mix,1,1,2,2282,2,1.659,32714,14.336,LO,3,2,2,"[LO.LOPL3, ME.LOPL3] -> LOL3 -> [MEL2, ME.LOPL4]",LO.LOP,3,ME.LOP,3,ME,2,ME.LOP,4
16170823536,mixed,lat->mix,lat,mix,1,0,3,2282,2,1.292,16743,7.337,LO,3,2,2,"[ME.LOL3, ME.LOPL3] -> LOL3 -> [LO.LOPL3, ME.LOPL4]",ME.LO,3,ME.LOP,3,LO.LOP,3,ME.LOP,4
16147392060,mixed,lat->mix,lat,mix,1,1,2,2282,2,1.879,15291,6.701,LO,3,2,2,"[MEL3, ME.LOPL3] -> LOL3 -> [LO.LOPL2, ME.LOPL4]",ME,3,ME.LOP,3,LO.LOP,2,ME.LOP,4
16147217358,mixed,mix->mix,mix,mix,2,1,1,2282,2,1.712,11653,5.106,LO,3,2,2,"[LO.LOPL3, ME.LOL2] -> LOL3 -> [LO.LOPL2, ME.LOPL4]",LO.LOP,3,ME.LO,2,LO.LOP,2,ME.LOP,4
16143279327,mixed,mix->mix,mix,mix,2,1,1,2282,5,1.363,8476,3.714,LO,3,2,2,"[MEL4, ME.LOPL2] -> LOL3 -> [LO.LOPL4, ME.LOPL3]",ME,4,ME.LOP,2,LO.LOP,4,ME.LOP,3
16136325832,mixed,mix->mix,mix,mix,1,1,2,2282,4,1.633,15996,7.01,LO,3,2,2,"[LO.LOPL2, ME.LOL3] -> LOL3 -> [LO.LOPL3, ME.LOPL2]",LO.LOP,2,ME.LO,3,LO.LOP,3,ME.LOP,2
16115247840,mixed,mix->mix,mix,mix,1,2,1,2282,2,1.415,6847,3.0,LO,3,2,2,"[ME.LOPL2, ME.LOPL4] -> LOL3 -> [LO.LOPL2, ME.LOPL3]",ME.LOP,2,ME.LOP,4,LO.LOP,2,ME.LOP,3
16056148758,mixed,mix->mix,mix,mix,1,2,1,2282,2,1.52,7018,3.075,LO,3,2,2,"[LO.LOPL4, ME.LOPL3] -> LOL3 -> [ME.LOPL2, ME.LOPL4]",LO.LOP,4,ME.LOP,3,ME.LOP,2,ME.LOP,4
15954595276,mixed,mix->mix,mix,mix,1,1,2,2282,3,1.049,16907,7.409,LO,3,2,2,"[LO.LOPL4, MEL3] -> LOL3 -> [LOL4, LO.LOPL3]",LO.LOP,4,ME,3,LO,4,LO.LOP,3
15924352574,mixed,mix->FB,mix,FB,0,3,1,2282,2,1.395,6847,3.0,LO,3,2,2,"[ME.LOPL3, ME.LOPL4] -> LOL3 -> [LO.LOPL2, ME.LOPL2]",ME.LOP,3,ME.LOP,4,LO.LOP,2,ME.LOP,2
15877794608,mixed,FF->mix,FF,mix,3,0,1,2282,2,1.626,29841,13.077,LO,3,2,2,"[LO.LOPL2, MEL2] -> LOL3 -> [LO.LOPL3, ME.LOPL4]",LO.LOP,2,ME,2,LO.LOP,3,ME.LOP,4
15853597702,mixed,mix->FB,mix,FB,1,2,1,2282,9,1.635,14942,6.548,LO,3,2,2,"[LOL2, MEL3] -> LOL3 -> [LO.LOPL2, ME.LOPL2]",LO,2,ME,3,LO.LOP,2,ME.LOP,2
15831939315,mixed,lat->FF,lat,FF,2,0,2,2282,4,1.044,16907,7.409,LO,3,2,2,"[LO.LOPL3, MEL3] -> LOL3 -> [LOL4, LO.LOPL4]",LO.LOP,3,ME,3,LO,4,LO.LOP,4
15710172089,mixed,mix->mix,mix,mix,0,2,2,2282,9,1.543,34172,14.975,LO,3,2,2,"[MEL4, ME.LOPL3] -> LOL3 -> [LO.LOPL3, MEL2]",ME,4,ME.LOP,3,LO.LOP,3,ME,2
15650620846,mixed,mix->mix,mix,mix,1,1,2,2282,25,1.179,38964,17.074,LO,3,2,2,"[MEL2, ME.LOL3] -> LOL3 -> [LOL2, LO.LOPL3]",ME,2,ME.LO,3,LO,2,LO.LOP,3
15643631042,mixed,mix->FB,mix,FB,1,3,0,2282,2,1.554,10653,4.668,LO,3,2,2,"[LO.LOPL2, LO.LOPL4] -> LOL3 -> [ME.LOL2, ME.LOPL2]",LO.LOP,2,LO.LOP,4,ME.LO,2,ME.LOP,2
15492472208,mixed,FF->FB,FF,FB,2,2,0,2282,16,1.989,33450,14.658,LO,3,2,2,"[MEL2, ME.LOL2] -> LOL3 -> [LOL2, LO.LOPL2]",ME,2,ME.LO,2,LO,2,LO.LOP,2
15491850012,mixed,FF->mix,FF,mix,2,1,1,2282,3,1.398,8315,3.644,LO,3,2,2,"[LO.LOPL2, ME.LOPL2] -> LOL3 -> [LOL2, LO.LOPL3]",LO.LOP,2,ME.LOP,2,LO,2,LO.LOP,3
15486337000,mixed,mix->mix,mix,mix,1,2,1,2282,2,1.635,11229,4.921,LO,3,2,2,"[ME.LOL2, ME.LOPL4] -> LOL3 -> [LO.LOPL2, ME.LOPL3]",ME.LO,2,ME.LOP,4,LO.LOP,2,ME.LOP,3
15468859627,mixed,mix->mix,mix,mix,1,2,1,2282,2,1.182,36920,16.179,LO,3,2,2,"[LO.LOPL4, MEL2] -> LOL3 -> [ME.LOL3, ME.LOPL2]",LO.LOP,4,ME,2,ME.LO,3,ME.LOP,2
15453116964,mixed,mix->mix,mix,mix,2,1,1,2282,2,1.856,19760,8.659,LO,3,2,2,"[MEL3, ME.LOPL2] -> LOL3 -> [ME.LOL2, ME.LOPL4]",ME,3,ME.LOP,2,ME.LO,2,ME.LOP,4
15452365584,mixed,FF->mix,FF,mix,3,0,1,2282,2,1.273,7271,3.186,LO,3,2,2,"[LO.LOPL2, ME.LOPL2] -> LOL3 -> [LO.LOPL3, ME.LOPL4]",LO.LOP,2,ME.LOP,2,LO.LOP,3,ME.LOP,4
15408882848,mixed,mix->mix,mix,mix,1,2,1,2282,4,1.381,8476,3.714,LO,3,2,2,"[MEL4, ME.LOPL3] -> LOL3 -> [LO.LOPL4, ME.LOPL2]",ME,4,ME.LOP,3,LO.LOP,4,ME.LOP,2
15395248920,mixed,mix->mix,mix,mix,2,1,1,2282,2,1.1,12421,5.443,LO,3,2,2,"[LOL4, ME.LOL2] -> LOL3 -> [LO.LOPL4, ME.LOPL3]",LO,4,ME.LO,2,LO.LOP,4,ME.LOP,3
15259919696,mixed,FF->mix,FF,mix,3,1,0,2282,18,1.303,34907,15.297,LO,3,2,2,"[MEL2, ME.LOL2] -> LOL3 -> [LOL4, ME.LOPL2]",ME,2,ME.LO,2,LO,4,ME.LOP,2
15231393520,mixed,mix->FB,mix,FB,1,2,1,2282,11,1.575,36323,15.917,LO,3,2,2,"[LOL2, ME.LOPL3] -> LOL3 -> [MEL2, ME.LOL2]",LO,2,ME.LOP,3,ME,2,ME.LO,2
15151406233,mixed,lat->mix,lat,mix,0,1,3,2282,6,1.889,24016,10.524,LO,3,2,2,"[MEL3, ME.LOPL3] -> LOL3 -> [LO.LOPL2, ME.LOL3]",ME,3,ME.LOP,3,LO.LOP,2,ME.LO,3
15147674184,mixed,FF->FB,FF,FB,2,2,0,2282,5,1.243,34532,15.132,LO,3,2,2,"[LO.LOPL2, ME.LOPL2] -> LOL3 -> [MEL2, ME.LOL2]",LO.LOP,2,ME.LOP,2,ME,2,ME.LO,2
15098046949,mixed,FB->FF,FB,FF,2,2,0,647,102,2.884,17681,27.328,LOP,2,2,2,"[LO.LOPL3, ME.LOPL3] -> LOPL2 -> [LOPL3, ME.LOL3]",LO.LOP,3,ME.LOP,3,LOP,3,ME.LO,3
15017841069,mixed,mix->mix,mix,mix,2,1,1,2282,6,1.41,14154,6.202,LO,3,2,2,"[LO.LOPL3, ME.LOL2] -> LOL3 -> [LOL4, ME.LOPL2]",LO.LOP,3,ME.LO,2,LO,4,ME.LOP,2
14959574045,mixed,mix->FB,mix,FB,1,3,0,2282,2,1.329,29239,12.813,LO,3,2,2,"[LO.LOPL4, MEL2] -> LOL3 -> [LOL2, ME.LOPL2]",LO.LOP,4,ME,2,LO,2,ME.LOP,2
14945477118,mixed,mix->mix,mix,mix,0,2,2,2282,2,1.25,16167,7.085,LO,3,2,2,"[LO.LOPL3, LO.LOPL4] -> LOL3 -> [ME.LOL3, ME.LOPL2]",LO.LOP,3,LO.LOP,4,ME.LO,3,ME.LOP,2
14830369999,mixed,FF->mix,FF,mix,2,1,1,2282,3,1.613,12697,5.564,LO,3,2,2,"[LO.LOPL2, ME.LOL2] -> LOL3 -> [LOL2, LO.LOPL3]",LO.LOP,2,ME.LO,2,LO,2,LO.LOP,3
14796675426,mixed,mix->mix,mix,mix,2,0,2,2282,3,1.238,22794,9.989,LO,3,2,2,"[MEL3, ME.LOPL2] -> LOL3 -> [LO.LOPL4, ME.LOL3]",ME,3,ME.LOP,2,LO.LOP,4,ME.LO,3
14778592530,mixed,mix->FB,mix,FB,0,3,1,2282,2,1.444,8486,3.719,LO,3,2,2,"[LO.LOPL3, LO.LOPL4] -> LOL3 -> [LOL2, ME.LOPL2]",LO.LOP,3,LO.LOP,4,LO,2,ME.LOP,2
14774439155,mixed,mix->mix,mix,mix,1,1,2,2282,6,1.882,22223,9.738,LO,3,2,2,"[LO.LOPL3, ME.LOL2] -> LOL3 -> [LO.LOPL2, MEL3]",LO.LOP,3,ME.LO,2,LO.LOP,2,ME,3
14719382550,mixed,mix->FB,mix,FB,1,2,1,2282,17,1.519,36323,15.917,LO,3,2,2,"[ME.LOL2, ME.LOPL3] -> LOL3 -> [LOL2, MEL2]",ME.LO,2,ME.LOP,3,LO,2,ME,2
14709961748,mixed,FF->FB,FF,FB,2,2,0,2282,10,1.82,29068,12.738,LO,3,2,2,"[MEL2, ME.LOPL2] -> LOL3 -> [LOL2, LO.LOPL2]",ME,2,ME.LOP,2,LO,2,LO.LOP,2
14696780120,mixed,mix->mix,mix,mix,1,1,2,2282,2,1.034,16483,7.223,LO,3,2,2,"[LO.LOPL4, MEL3] -> LOL3 -> [LOL4, ME.LOPL3]",LO.LOP,4,ME,3,LO,4,ME.LOP,3
14669141500,mixed,mix->mix,mix,mix,1,1,2,2282,16,1.296,44004,19.283,LO,3,2,2,"[ME.LOL2, ME.LOPL3] -> LOL3 -> [MEL2, ME.LOL3]",ME.LO,2,ME.LOP,3,ME,2,ME.LO,3
14665141188,mixed,mix->mix,mix,mix,2,0,2,2282,14,1.058,15085,6.61,LO,3,2,2,"[LOL2, ME.LOL3] -> LOL3 -> [LO.LOPL3, LO.LOPL4]",LO,2,ME.LO,3,LO.LOP,3,LO.LOP,4
14656312292,mixed,FF->lat,FF,lat,2,0,2,2282,25,1.127,38540,16.889,LO,3,2,2,"[LOL2, MEL2] -> LOL3 -> [ME.LOL3, ME.LOPL3]",LO,2,ME,2,ME.LO,3,ME.LOP,3
14577160965,mixed,mix->mix,mix,mix,2,1,1,2282,3,1.424,15113,6.623,LO,3,2,2,"[MEL3, ME.LOPL2] -> LOL3 -> [LOL2, LO.LOPL4]",ME,3,ME.LOP,2,LO,2,LO.LOP,4
14541604034,mixed,mix->mix,mix,mix,2,1,1,2282,7,1.347,13730,6.017,LO,3,2,2,"[ME.LOPL2, ME.LOPL3] -> LOL3 -> [LOL4, ME.LOL2]",ME.LOP,2,ME.LOP,3,LO,4,ME.LO,2
14481667164,mixed,lat->FB,lat,FB,0,2,2,2282,11,1.328,44004,19.283,LO,3,2,2,"[ME.LOL3, ME.LOPL3] -> LOL3 -> [MEL2, ME.LOL2]",ME.LO,3,ME.LOP,3,ME,2,ME.LO,2
14447968341,mixed,mix->FF,mix,FF,3,0,1,2282,3,1.386,18451,8.085,LO,3,2,2,"[MEL3, ME.LOL2] -> LOL3 -> [LO.LOPL4, ME.LOPL4]",ME,3,ME.LO,2,LO.LOP,4,ME.LOP,4
14410418784,mixed,mix->mix,mix,mix,1,1,2,2282,5,1.125,16907,7.409,LO,3,2,2,"[LOL4, MEL3] -> LOL3 -> [LO.LOPL3, LO.LOPL4]",LO,4,ME,3,LO.LOP,3,LO.LOP,4
14408397863,mixed,mix->mix,mix,mix,1,2,1,2282,2,1.115,41302,18.099,LO,3,2,2,"[LO.LOPL4, MEL2] -> LOL3 -> [ME.LOL2, ME.LOL3]",LO.LOP,4,ME,2,ME.LO,2,ME.LO,3
14362809498,mixed,FF->mix,FF,mix,3,0,1,2282,2,1.437,11653,5.106,LO,3,2,2,"[LO.LOPL2, ME.LOL2] -> LOL3 -> [LO.LOPL3, ME.LOPL4]",LO.LOP,2,ME.LO,2,LO.LOP,3,ME.LOP,4
14340280719,mixed,mix->mix,mix,mix,1,1,2,2282,4,1.84,9708,4.254,LO,3,2,2,"[LO.LOPL2, LO.LOPL3] -> LOL3 -> [LOL2, ME.LOPL3]",LO.LOP,2,LO.LOP,3,LO,2,ME.LOP,3
14315654604,mixed,mix->mix,mix,mix,1,2,1,2282,4,1.72,13730,6.017,LO,3,2,2,"[LOL4, ME.LOL2] -> LOL3 -> [ME.LOPL2, ME.LOPL3]",LO,4,ME.LO,2,ME.LOP,2,ME.LOP,3
14305808117,mixed,mix->mix,mix,mix,0,2,2,2282,6,1.987,10122,4.436,LO,3,2,2,"[LO.LOPL3, MEL4] -> LOL3 -> [LO.LOPL2, ME.LOPL3]",LO.LOP,3,ME,4,LO.LOP,2,ME.LOP,3
14305198740,mixed,mix->mix,mix,mix,1,1,2,2282,14,1.911,28485,12.482,LO,3,2,2,"[MEL3, ME.LOPL2] -> LOL3 -> [ME.LOL2, ME.LOL3]",ME,3,ME.LOP,2,ME.LO,2,ME.LO,3
14238722616,mixed,mix->mix,mix,mix,0,2,2,2282,4,1.83,18216,7.982,LO,3,2,2,"[LOL4, MEL3] -> LOL3 -> [LO.LOPL3, ME.LOPL2]",LO,4,ME,3,LO.LOP,3,ME.LOP,2
14227383668,mixed,FF->FB,FF,FB,2,2,0,2282,7,1.553,10880,4.768,LO,3,2,2,"[LOL2, ME.LOPL2] -> LOL3 -> [LO.LOPL2, ME.LOL2]",LO,2,ME.LOP,2,LO.LOP,2,ME.LO,2
14226991297,mixed,lat->FB,lat,FB,0,2,2,2282,5,1.999,20378,8.93,LO,3,2,2,"[LO.LOPL3, ME.LOL3] -> LOL3 -> [LO.LOPL2, ME.LOL2]",LO.LOP,3,ME.LO,3,LO.LOP,2,ME.LO,2
14198100379,mixed,mix->mix,mix,mix,1,2,1,2282,8,1.661,7006,3.07,LO,3,2,2,"[LOL2, LO.LOPL4] -> LOL3 -> [LO.LOPL2, LO.LOPL3]",LO,2,LO.LOP,4,LO.LOP,2,LO.LOP,3
14178072702,mixed,mix->mix,mix,mix,1,2,1,2282,2,1.342,11400,4.996,LO,3,2,2,"[LO.LOPL4, ME.LOPL3] -> LOL3 -> [ME.LOL2, ME.LOPL4]",LO.LOP,4,ME.LOP,3,ME.LO,2,ME.LOP,4
14156636959,mixed,mix->mix,mix,mix,1,1,2,2282,25,1.125,38540,16.889,LO,3,2,2,"[MEL2, ME.LOL3] -> LOL3 -> [LOL2, ME.LOPL3]",ME,2,ME.LO,3,LO,2,ME.LOP,3
14153246676,mixed,mix->mix,mix,mix,1,2,1,2282,5,1.585,8729,3.825,LO,3,2,2,"[MEL4, ME.LOPL2] -> LOL3 -> [LO.LOPL2, LO.LOPL3]",ME,4,ME.LOP,2,LO.LOP,2,LO.LOP,3
14147062538,mixed,FF->mix,FF,mix,2,1,1,2282,17,1.73,42976,18.833,LO,3,2,2,"[MEL2, ME.LOL2] -> LOL3 -> [LO.LOPL2, MEL3]",ME,2,ME.LO,2,LO.LOP,2,ME,3
14132486407,mixed,mix->FB,mix,FB,1,2,1,2282,11,1.872,18561,8.134,LO,3,2,2,"[ME.LOL2, ME.LOL3] -> LOL3 -> [LO.LOPL2, ME.LOPL2]",ME.LO,2,ME.LO,3,LO.LOP,2,ME.LOP,2
14123108555,mixed,mix->mix,mix,mix,1,2,1,2282,8,1.83,13111,5.745,LO,3,2,2,"[MEL4, ME.LOL2] -> LOL3 -> [LO.LOPL2, LO.LOPL3]",ME,4,ME.LO,2,LO.LOP,2,LO.LOP,3
14069519648,mixed,mix->FF,mix,FF,2,1,1,647,120,2.538,11082,17.128,LOP,2,2,2,"[LO.LOPL3, ME.LOPL2] -> LOPL2 -> [LOPL3, ME.LOPL3]",LO.LOP,3,ME.LOP,2,LOP,3,ME.LOP,3
14033841886,mixed,mix->lat,mix,lat,1,0,3,2282,5,1.175,17787,7.794,LO,3,2,2,"[LOL2, LO.LOPL3] -> LOL3 -> [ME.LOL3, ME.LOPL3]",LO,2,LO.LOP,3,ME.LO,3,ME.LOP,3
14032253310,mixed,mix->mix,mix,mix,1,2,1,2282,2,1.496,11400,4.996,LO,3,2,2,"[ME.LOPL3, ME.LOPL4] -> LOL3 -> [LO.LOPL4, ME.LOL2]",ME.LOP,3,ME.LOP,4,LO.LOP,4,ME.LO,2
13968094593,pure_FF,FF->FF,FF,FF,4,0,0,2282,3,1.06,29216,12.803,LO,3,2,2,"[MEL2, ME.LOPL2] -> LOL3 -> [LOL4, LO.LOPL4]",ME,2,ME.LOP,2,LO,4,LO.LOP,4
13905005642,mixed,mix->mix,mix,mix,1,2,1,2282,3,1.244,12858,5.635,LO,3,2,2,"[MEL4, ME.LOPL3] -> LOL3 -> [LO.LOPL4, ME.LOL2]",ME,4,ME.LOP,3,LO.LOP,4,ME.LO,2
13904580252,mixed,mix->FB,mix,FB,0,3,1,2282,2,1.808,30658,13.435,LO,3,2,2,"[LO.LOPL3, LO.LOPL4] -> LOL3 -> [LO.LOPL2, MEL2]",LO.LOP,3,LO.LOP,4,LO.LOP,2,ME,2
13893685179,mixed,mix->mix,mix,mix,1,1,2,2282,4,1.99,20378,8.93,LO,3,2,2,"[LO.LOPL3, ME.LOL2] -> LOL3 -> [LO.LOPL2, ME.LOL3]",LO.LOP,3,ME.LO,2,LO.LOP,2,ME.LO,3
13887008313,mixed,FF->mix,FF,mix,3,1,0,2282,2,1.867,32406,14.201,LO,3,2,2,"[MEL2, ME.LOL2] -> LOL3 -> [LO.LOPL2, ME.LOPL4]",ME,2,ME.LO,2,LO.LOP,2,ME.LOP,4
13816609546,mixed,lat->FB,lat,FB,0,2,2,2282,4,1.946,16759,7.344,LO,3,2,2,"[LO.LOPL3, MEL3] -> LOL3 -> [LOL2, LO.LOPL2]",LO.LOP,3,ME,3,LO,2,LO.LOP,2
13799009178,mixed,FF->mix,FF,mix,3,1,0,2282,2,1.624,28024,12.28,LO,3,2,2,"[MEL2, ME.LOPL2] -> LOL3 -> [LO.LOPL2, ME.LOPL4]",ME,2,ME.LOP,2,LO.LOP,2,ME.LOP,4
13768390544,mixed,mix->mix,mix,mix,0,2,2,2282,3,1.158,20549,9.005,LO,3,2,2,"[LO.LOPL3, LO.LOPL4] -> LOL3 -> [ME.LOL2, ME.LOL3]",LO.LOP,3,LO.LOP,4,ME.LO,2,ME.LO,3
13749087261,mixed,FB->mix,FB,mix,1,2,1,647,90,2.34,11082,17.128,LOP,2,2,2,"[LO.LOPL3, ME.LOPL3] -> LOPL2 -> [LOPL3, ME.LOPL2]",LO.LOP,3,ME.LOP,3,LOP,3,ME.LOP,2
13729220209,mixed,mix->mix,mix,mix,2,1,1,2282,8,1.609,7006,3.07,LO,3,2,2,"[LOL2, LO.LOPL3] -> LOL3 -> [LO.LOPL2, LO.LOPL4]",LO,2,LO.LOP,3,LO.LOP,2,LO.LOP,4
13728965089,mixed,FF->lat,FF,lat,2,0,2,2282,5,1.945,40411,17.709,LO,3,2,2,"[LO.LOPL2, MEL2] -> LOL3 -> [LO.LOPL3, MEL3]",LO.LOP,2,ME,2,LO.LOP,3,ME,3
13638400869,mixed,FF->mix,FF,mix,3,1,0,2282,9,1.463,27759,12.164,LO,3,2,2,"[LOL2, MEL2] -> LOL3 -> [LO.LOPL2, LO.LOPL4]",LO,2,ME,2,LO.LOP,2,LO.LOP,4
13610505042,pure_FF,FF->FF,FF,FF,4,0,0,2282,2,1.665,10007,4.385,LO,3,2,2,"[ME.LOL2, ME.LOPL2] -> LOL3 -> [LO.LOPL4, ME.LOPL4]",ME.LO,2,ME.LOP,2,LO.LOP,4,ME.LOP,4
13608363105,mixed,mix->FB,mix,FB,1,3,0,2282,2,1.21,33621,14.733,LO,3,2,2,"[LO.LOPL4, MEL2] -> LOL3 -> [LOL2, ME.LOL2]",LO.LOP,4,ME,2,LO,2,ME.LO,2
13550967063,mixed,lat->mix,lat,mix,0,1,3,2282,5,1.172,17787,7.794,LO,3,2,2,"[LO.LOPL3, ME.LOL3] -> LOL3 -> [LOL2, ME.LOPL3]",LO.LOP,3,ME.LO,3,LO,2,ME.LOP,3
13502802591,mixed,mix->lat,mix,lat,1,0,3,2282,33,1.103,30302,13.279,LO,3,2,2,"[ME.LOL2, ME.LOL3] -> LOL3 -> [LO.LOPL3, MEL3]",ME.LO,2,ME.LO,3,LO.LOP,3,ME,3
13490342978,mixed,mix->mix,mix,mix,2,0,2,2282,10,1.041,14661,6.425,LO,3,2,2,"[LOL2, ME.LOL3] -> LOL3 -> [LO.LOPL4, ME.LOPL3]",LO,2,ME.LO,3,LO.LOP,4,ME.LOP,3
13402100880,mixed,mix->mix,mix,mix,2,0,2,2282,2,1.645,8664,3.797,LO,3,2,2,"[LO.LOPL2, LO.LOPL3] -> LOL3 -> [ME.LOPL3, ME.LOPL4]",LO.LOP,2,LO.LOP,3,ME.LOP,3,ME.LOP,4
13378970560,mixed,mix->mix,mix,mix,0,2,2,2282,2,1.087,38737,16.975,LO,3,2,2,"[LO.LOPL4, ME.LOL3] -> LOL3 -> [LO.LOPL3, MEL2]",LO.LOP,4,ME.LO,3,LO.LOP,3,ME,2
13351923180,mixed,mix->mix,mix,mix,2,1,1,2282,2,1.092,8463,3.709,LO,3,2,2,"[LO.LOPL4, ME.LOPL2] -> LOL3 -> [LOL4, LO.LOPL3]",LO.LOP,4,ME.LOP,2,LO,4,LO.LOP,3
13281138430,mixed,mix->FB,mix,FB,0,3,1,2282,6,1.964,14591,6.394,LO,3,2,2,"[LO.LOPL3, MEL4] -> LOL3 -> [ME.LOL2, ME.LOPL2]",LO.LOP,3,ME,4,ME.LO,2,ME.LOP,2
13264175634,mixed,mix->FB,mix,FB,1,2,1,2282,8,1.899,32365,14.183,LO,3,2,2,"[LOL2, LO.LOPL3] -> LOL3 -> [MEL2, ME.LOPL2]",LO,2,LO.LOP,3,ME,2,ME.LOP,2
13259718652,mixed,mix->mix,mix,mix,2,1,1,2282,5,1.258,35440,15.53,LO,3,2,2,"[MEL2, ME.LOL3] -> LOL3 -> [LO.LOPL2, LO.LOPL4]",ME,2,ME.LO,3,LO.LOP,2,LO.LOP,4
13257480131,mixed,mix->mix,mix,mix,0,2,2,2282,3,1.388,14687,6.436,LO,3,2,2,"[LO.LOPL4, ME.LOL3] -> LOL3 -> [LO.LOPL2, LO.LOPL3]",LO.LOP,4,ME.LO,3,LO.LOP,2,LO.LOP,3
13251776637,mixed,lat->mix,lat,mix,1,1,2,2282,4,1.078,38737,16.975,LO,3,2,2,"[LO.LOPL3, ME.LOL3] -> LOL3 -> [LO.LOPL4, MEL2]",LO.LOP,3,ME.LO,3,LO.LOP,4,ME,2
13221726273,mixed,mix->FF,mix,FF,3,0,1,2282,3,1.083,8463,3.709,LO,3,2,2,"[LO.LOPL3, ME.LOPL2] -> LOL3 -> [LOL4, LO.LOPL4]",LO.LOP,3,ME.LOP,2,LO,4,LO.LOP,4
13206417570,mixed,mix->FB,mix,FB,0,3,1,2282,2,1.287,12868,5.639,LO,3,2,2,"[LO.LOPL3, LO.LOPL4] -> LOL3 -> [LOL2, ME.LOL2]",LO.LOP,3,LO.LOP,4,LO,2,ME.LO,2
13150788561,mixed,FF->lat,FF,lat,2,0,2,2282,33,1.191,22621,9.913,LO,3,2,2,"[LOL2, ME.LOL2] -> LOL3 -> [LO.LOPL3, MEL3]",LO,2,ME.LO,2,LO.LOP,3,ME,3
13131999120,mixed,mix->mix,mix,mix,1,1,2,2282,2,1.087,16483,7.223,LO,3,2,2,"[LOL4, MEL3] -> LOL3 -> [LO.LOPL4, ME.LOPL3]",LO,4,ME,3,LO.LOP,4,ME.LOP,3
13131359874,mixed,mix->FB,mix,FB,1,2,1,2282,11,1.94,41131,18.024,LO,3,2,2,"[MEL2, ME.LOL3] -> LOL3 -> [LO.LOPL2, ME.LOL2]",ME,2,ME.LO,3,LO.LOP,2,ME.LO,2
13115777814,mixed,FF->lat,FF,lat,2,0,2,2282,3,1.999,38566,16.9,LO,3,2,2,"[LO.LOPL2, MEL2] -> LOL3 -> [LO.LOPL3, ME.LOL3]",LO.LOP,2,ME,2,LO.LOP,3,ME.LO,3
13094216509,mixed,mix->mix,mix,mix,2,0,2,2282,8,1.28,34172,14.975,LO,3,2,2,"[MEL2, ME.LOPL3] -> LOL3 -> [LO.LOPL3, MEL4]",ME,2,ME.LOP,3,LO.LOP,3,ME,4
13054316002,mixed,mix->mix,mix,mix,1,1,2,2282,8,1.335,41467,18.171,LO,3,2,2,"[ME.LOPL2, ME.LOPL3] -> LOL3 -> [MEL2, MEL3]",ME.LOP,2,ME.LOP,3,ME,2,ME,3
12996468992,mixed,mix->mix,mix,mix,1,2,1,2282,9,1.987,30875,13.53,LO,3,2,2,"[MEL2, MEL4] -> LOL3 -> [LO.LOPL2, ME.LOPL3]",ME,2,ME,4,LO.LOP,2,ME.LOP,3
12962414085,mixed,lat->mix,lat,mix,1,1,2,2282,4,1.351,14687,6.436,LO,3,2,2,"[LO.LOPL3, ME.LOL3] -> LOL3 -> [LO.LOPL2, LO.LOPL4]",LO.LOP,3,ME.LO,3,LO.LOP,2,LO.LOP,4
