motif_count,hourglass_type,signature,fanin_sig,fanout_sig,n_FWD,n_BWD,n_LAT,n_waist,n_waist_active,n_waist_eff,n_periphery,compression,bottleneck_area,bottleneck_level,k_in,k_out,structure_str,fan_in_0_area,fan_in_0_level,fan_in_1_area,fan_in_1_level,fan_out_0_area,fan_out_0_level,fan_out_1_area,fan_out_1_level
1560832441,mixed,mix->mix,mix,mix,1,1,2,311,82,3.894,48605,156.286,visual_centrifugal,2,2,2,"[centralL1, centralL2] -> visual_centrifugalL2 -> [opticL1, opticL2]",central,1,central,2,optic,1,optic,2
1284918903,mixed,mix->mix,mix,mix,0,2,2,311,81,3.897,57505,184.904,visual_centrifugal,2,2,2,"[centralL2, centralL3] -> visual_centrifugalL2 -> [opticL1, opticL2]",central,2,central,3,optic,1,optic,2
704928513,mixed,mix->mix,mix,mix,1,2,1,311,73,3.9,52588,169.093,visual_centrifugal,2,2,2,"[centralL1, centralL3] -> visual_centrifugalL2 -> [opticL1, opticL2]",central,1,central,3,optic,1,optic,2
668439453,mixed,mix->mix,mix,mix,1,1,2,45,20,2.899,48605,1080.111,visual_centrifugal,1,2,2,"[centralL1, centralL2] -> visual_centrifugalL1 -> [opticL1, opticL2]",central,1,central,2,optic,1,optic,2
479385206,mixed,mix->mix,mix,mix,1,1,2,81,22,1.018,69305,855.617,visual_centrifugal,3,2,2,"[visual_projectionL2, visual_projectionL3] -> visual_centrifugalL3 -> [opticL2, opticL3]",visual_projection,2,visual_projection,3,optic,2,optic,3
460985309,mixed,mix->mix,mix,mix,1,1,2,35584,1300,2.541,34032,0.956,optic,2,2,2,"[opticL3, visual_centrifugalL2] -> opticL2 -> [visual_projectionL2, visual_projectionL3]",optic,3,visual_centrifugal,2,visual_projection,2,visual_projection,3
398604508,mixed,LAT->mix,LAT,mix,0,1,3,311,65,4.002,49132,157.981,visual_centrifugal,2,2,2,"[centralL2, visual_projectionL2] -> visual_centrifugalL2 -> [opticL1, opticL2]",central,2,visual_projection,2,optic,1,optic,2
384182573,mixed,LAT->mix,LAT,mix,0,1,3,81,24,1.022,77678,958.988,visual_centrifugal,3,2,2,"[centralL3, visual_projectionL3] -> visual_centrifugalL3 -> [opticL2, opticL3]",central,3,visual_projection,3,optic,2,optic,3
288115721,mixed,mix->mix,mix,mix,1,1,2,81,25,1.021,73695,909.815,visual_centrifugal,3,2,2,"[centralL2, visual_projectionL3] -> visual_centrifugalL3 -> [opticL2, opticL3]",central,2,visual_projection,3,optic,2,optic,3
285285543,mixed,mix->mix,mix,mix,1,1,2,311,119,10.677,80415,258.569,visual_centrifugal,2,2,2,"[centralL2, centralL3] -> visual_centrifugalL2 -> [opticL2, opticL3]",central,2,central,3,optic,2,optic,3
280849331,mixed,BWD->mix,BWD,mix,1,2,1,45,22,3.963,49132,1091.822,visual_centrifugal,1,2,2,"[centralL2, visual_projectionL2] -> visual_centrifugalL1 -> [opticL1, opticL2]",central,2,visual_projection,2,optic,1,optic,2
279287156,mixed,LAT->mix,LAT,mix,0,1,3,311,51,3.622,48625,156.35,visual_centrifugal,2,2,2,"[ascendingL2, centralL2] -> visual_centrifugalL2 -> [opticL1, opticL2]",ascending,2,central,2,optic,1,optic,2
243303950,mixed,mix->mix,mix,mix,0,2,2,311,32,2.865,48557,156.132,visual_centrifugal,2,2,2,"[ascendingL3, centralL2] -> visual_centrifugalL2 -> [opticL1, opticL2]",ascending,3,central,2,optic,1,optic,2
230231738,mixed,mix->mix,mix,mix,0,2,2,311,22,3.905,48151,154.826,visual_centrifugal,2,2,2,"[centralL2, visual_centrifugalL3] -> visual_centrifugalL2 -> [opticL1, opticL2]",central,2,visual_centrifugal,3,optic,1,optic,2
220261732,mixed,mix->mix,mix,mix,1,1,2,311,57,3.948,44215,142.17,visual_centrifugal,2,2,2,"[centralL1, visual_projectionL2] -> visual_centrifugalL2 -> [opticL1, opticL2]",central,1,visual_projection,2,optic,1,optic,2
216073761,mixed,mix->mix,mix,mix,1,1,2,311,49,3.737,48223,155.058,visual_centrifugal,2,2,2,"[ascendingL1, centralL2] -> visual_centrifugalL2 -> [opticL1, opticL2]",ascending,1,central,2,optic,1,optic,2
212197736,mixed,mix->mix,mix,mix,2,0,2,311,120,6.258,71515,229.952,visual_centrifugal,2,2,2,"[centralL1, centralL2] -> visual_centrifugalL2 -> [opticL2, opticL3]",central,1,central,2,optic,2,optic,3
192801533,mixed,mix->mix,mix,mix,1,1,2,81,14,1.029,68554,846.346,visual_centrifugal,3,2,2,"[visual_centrifugalL2, visual_projectionL3] -> visual_centrifugalL3 -> [opticL2, opticL3]",visual_centrifugal,2,visual_projection,3,optic,2,optic,3
181182234,mixed,mix->mix,mix,mix,1,1,2,45,18,4.05,44215,982.556,visual_centrifugal,1,2,2,"[centralL1, visual_projectionL2] -> visual_centrifugalL1 -> [opticL1, opticL2]",central,1,visual_projection,2,optic,1,optic,2
179485064,mixed,BWD->mix,BWD,mix,1,2,1,45,14,3.675,48625,1080.556,visual_centrifugal,1,2,2,"[ascendingL2, centralL2] -> visual_centrifugalL1 -> [opticL1, opticL2]",ascending,2,central,2,optic,1,optic,2
178909579,mixed,mix->mix,mix,mix,0,2,2,311,61,4.079,53115,170.788,visual_centrifugal,2,2,2,"[centralL3, visual_projectionL2] -> visual_centrifugalL2 -> [opticL1, opticL2]",central,3,visual_projection,2,optic,1,optic,2
164528983,mixed,mix->mix,mix,mix,1,1,2,45,15,3.46,48223,1071.622,visual_centrifugal,1,2,2,"[ascendingL1, centralL2] -> visual_centrifugalL1 -> [opticL1, opticL2]",ascending,1,central,2,optic,1,optic,2
159302290,mixed,mix->mix,mix,mix,0,2,2,311,58,3.516,50785,163.296,visual_centrifugal,2,2,2,"[centralL2, visual_projectionL3] -> visual_centrifugalL2 -> [opticL1, opticL2]",central,2,visual_projection,3,optic,1,optic,2
154452478,mixed,mix->mix,mix,mix,1,1,2,311,49,3.596,43708,140.54,visual_centrifugal,2,2,2,"[ascendingL2, centralL1] -> visual_centrifugalL2 -> [opticL1, opticL2]",ascending,2,central,1,optic,1,optic,2
134227709,mixed,mix->mix,mix,mix,1,2,1,311,29,2.868,43640,140.322,visual_centrifugal,2,2,2,"[ascendingL3, centralL1] -> visual_centrifugalL2 -> [opticL1, opticL2]",ascending,3,central,1,optic,1,optic,2
128989659,mixed,mix->mix,mix,mix,2,1,1,35584,872,2.324,33766,0.949,optic,2,2,2,"[opticL3, visual_centrifugalL1] -> opticL2 -> [visual_projectionL2, visual_projectionL3]",optic,3,visual_centrifugal,1,visual_projection,2,visual_projection,3
126956912,mixed,mix->mix,mix,mix,1,2,1,311,21,3.895,43234,139.016,visual_centrifugal,2,2,2,"[centralL1, visual_centrifugalL3] -> visual_centrifugalL2 -> [opticL1, opticL2]",central,1,visual_centrifugal,3,optic,1,optic,2
126144084,mixed,LAT->mix,LAT,mix,1,0,3,311,117,11.169,72042,231.646,visual_centrifugal,2,2,2,"[centralL2, visual_projectionL2] -> visual_centrifugalL2 -> [opticL2, opticL3]",central,2,visual_projection,2,optic,2,optic,3
125088461,mixed,mix->mix,mix,mix,0,2,2,311,48,3.638,52608,169.158,visual_centrifugal,2,2,2,"[ascendingL2, centralL3] -> visual_centrifugalL2 -> [opticL1, opticL2]",ascending,2,central,3,optic,1,optic,2
122080441,mixed,mix->mix,mix,mix,2,1,1,311,100,8.517,75498,242.759,visual_centrifugal,2,2,2,"[centralL1, centralL3] -> visual_centrifugalL2 -> [opticL2, opticL3]",central,1,central,3,optic,2,optic,3
119436650,mixed,FWD->mix,FWD,mix,2,1,1,311,47,3.718,43306,139.248,visual_centrifugal,2,2,2,"[ascendingL1, centralL1] -> visual_centrifugalL2 -> [opticL1, opticL2]",ascending,1,central,1,optic,1,optic,2
119149710,mixed,LAT->FWD,LAT,FWD,2,0,2,35584,770,2.731,34032,0.956,optic,2,2,2,"[visual_centrifugalL2, visual_projectionL2] -> opticL2 -> [opticL3, visual_projectionL3]",visual_centrifugal,2,visual_projection,2,optic,3,visual_projection,3
112191385,mixed,mix->mix,mix,mix,1,1,2,45,14,3.993,43708,971.289,visual_centrifugal,1,2,2,"[ascendingL2, centralL1] -> visual_centrifugalL1 -> [opticL1, opticL2]",ascending,2,central,1,optic,1,optic,2
110194809,mixed,BWD->mix,BWD,mix,0,3,1,311,31,2.812,52540,168.939,visual_centrifugal,2,2,2,"[ascendingL3, centralL3] -> visual_centrifugalL2 -> [opticL1, opticL2]",ascending,3,central,3,optic,1,optic,2
104629242,mixed,BWD->mix,BWD,mix,0,3,1,311,21,3.874,52134,167.633,visual_centrifugal,2,2,2,"[centralL3, visual_centrifugalL3] -> visual_centrifugalL2 -> [opticL1, opticL2]",central,3,visual_centrifugal,3,optic,1,optic,2
104346054,mixed,BWD->mix,BWD,mix,1,2,1,35584,281,2.264,33802,0.95,optic,2,2,2,"[opticL3, visual_centrifugalL3] -> opticL2 -> [visual_projectionL2, visual_projectionL3]",optic,3,visual_centrifugal,3,visual_projection,2,visual_projection,3
101494399,mixed,LAT->mix,LAT,mix,1,0,3,45,17,3.6,43306,962.356,visual_centrifugal,1,2,2,"[ascendingL1, centralL1] -> visual_centrifugalL1 -> [opticL1, opticL2]",ascending,1,central,1,optic,1,optic,2
100255449,mixed,mix->mix,mix,mix,1,1,2,311,39,2.611,48151,154.826,visual_centrifugal,2,2,2,"[centralL2, visual_projectionL1] -> visual_centrifugalL2 -> [opticL1, opticL2]",central,2,visual_projection,1,optic,1,optic,2
99231006,mixed,mix->mix,mix,mix,1,2,1,35584,523,4.845,40755,1.145,optic,2,2,2,"[opticL3, visual_projectionL2] -> opticL2 -> [opticL1, visual_projectionL3]",optic,3,visual_projection,2,optic,1,visual_projection,3
97172927,mixed,mix->mix,mix,mix,1,2,1,311,43,3.74,52206,167.865,visual_centrifugal,2,2,2,"[ascendingL1, centralL3] -> visual_centrifugalL2 -> [opticL1, opticL2]",ascending,1,central,3,optic,1,optic,2
95442870,mixed,mix->mix,mix,mix,1,1,2,311,97,11.232,76025,244.453,visual_centrifugal,2,2,2,"[centralL3, visual_projectionL2] -> visual_centrifugalL2 -> [opticL2, opticL3]",central,3,visual_projection,2,optic,2,optic,3
95379695,mixed,mix->mix,mix,mix,1,1,2,81,12,1.007,68798,849.358,visual_centrifugal,3,2,2,"[ascendingL2, visual_projectionL3] -> visual_centrifugalL3 -> [opticL2, opticL3]",ascending,2,visual_projection,3,optic,2,optic,3
88487349,mixed,mix->mix,mix,mix,1,2,1,311,52,3.445,45868,147.486,visual_centrifugal,2,2,2,"[centralL1, visual_projectionL3] -> visual_centrifugalL2 -> [opticL1, opticL2]",central,1,visual_projection,3,optic,1,optic,2
86658950,mixed,mix->mix,mix,mix,2,1,1,311,83,4.132,42965,138.151,visual_centrifugal,2,2,2,"[centralL1, centralL2] -> visual_centrifugalL2 -> [opticL1, opticL3]",central,1,central,2,optic,1,optic,3
83342351,mixed,BWD->mix,BWD,mix,1,2,1,45,14,2.478,44235,983.0,visual_centrifugal,1,2,2,"[ascendingL2, visual_projectionL2] -> visual_centrifugalL1 -> [opticL1, opticL2]",ascending,2,visual_projection,2,optic,1,optic,2
79589818,mixed,mix->mix,mix,mix,1,2,1,35584,1128,4.466,40004,1.124,optic,2,2,2,"[opticL3, visual_centrifugalL2] -> opticL2 -> [opticL1, visual_projectionL3]",optic,3,visual_centrifugal,2,optic,1,visual_projection,3
75470692,mixed,mix->mix,mix,mix,1,2,1,311,81,4.658,51865,166.768,visual_centrifugal,2,2,2,"[centralL2, centralL3] -> visual_centrifugalL2 -> [opticL1, opticL3]",central,2,central,3,optic,1,optic,3
74146925,mixed,mix->mix,mix,mix,1,1,2,45,14,2.544,43833,974.067,visual_centrifugal,1,2,2,"[ascendingL1, visual_projectionL2] -> visual_centrifugalL1 -> [opticL1, opticL2]",ascending,1,visual_projection,2,optic,1,optic,2
70255150,mixed,BWD->mix,BWD,mix,0,3,1,311,56,3.727,54768,176.103,visual_centrifugal,2,2,2,"[centralL3, visual_projectionL3] -> visual_centrifugalL2 -> [opticL1, opticL2]",central,3,visual_projection,3,optic,1,optic,2
63097139,mixed,mix->mix,mix,mix,2,0,2,311,79,8.965,67125,215.836,visual_centrifugal,2,2,2,"[centralL1, visual_projectionL2] -> visual_centrifugalL2 -> [opticL2, opticL3]",central,1,visual_projection,2,optic,2,optic,3
60285151,mixed,LAT->mix,LAT,mix,1,0,3,311,73,9.321,71535,230.016,visual_centrifugal,2,2,2,"[ascendingL2, centralL2] -> visual_centrifugalL2 -> [opticL2, opticL3]",ascending,2,central,2,optic,2,optic,3
59010736,mixed,mix->FWD,mix,FWD,2,1,1,1062,308,7.936,77678,73.143,visual_projection,2,2,2,"[opticL2, opticL3] -> visual_projectionL2 -> [centralL3, visual_projectionL3]",optic,2,optic,3,central,3,visual_projection,3
58417525,mixed,mix->mix,mix,mix,1,1,2,35584,581,2.204,34032,0.956,optic,2,2,2,"[visual_centrifugalL2, visual_projectionL3] -> opticL2 -> [opticL3, visual_projectionL2]",visual_centrifugal,2,visual_projection,3,optic,3,visual_projection,2
57981044,mixed,mix->mix,mix,mix,1,1,2,311,90,9.77,73695,236.961,visual_centrifugal,2,2,2,"[centralL2, visual_projectionL3] -> visual_centrifugalL2 -> [opticL2, opticL3]",central,2,visual_projection,3,optic,2,optic,3
55558243,mixed,FWD->mix,FWD,mix,2,1,1,311,36,2.605,43234,139.016,visual_centrifugal,2,2,2,"[centralL1, visual_projectionL1] -> visual_centrifugalL2 -> [opticL1, opticL2]",central,1,visual_projection,1,optic,1,optic,2
54837183,mixed,mix->mix,mix,mix,1,1,2,311,42,6.789,71467,229.797,visual_centrifugal,2,2,2,"[ascendingL3, centralL2] -> visual_centrifugalL2 -> [opticL2, opticL3]",ascending,3,central,2,optic,2,optic,3
54467504,mixed,mix->mix,mix,mix,2,1,1,35584,1663,5.749,40755,1.145,optic,2,2,2,"[opticL1, opticL3] -> opticL2 -> [visual_projectionL2, visual_projectionL3]",optic,1,optic,3,visual_projection,2,visual_projection,3
53172908,mixed,BWD->mix,BWD,mix,1,2,1,311,86,7.603,77678,249.768,visual_centrifugal,2,2,2,"[centralL3, visual_projectionL3] -> visual_centrifugalL2 -> [opticL2, opticL3]",central,3,visual_projection,3,optic,2,optic,3
51468173,mixed,mix->mix,mix,mix,1,1,2,45,11,2.388,43326,962.8,visual_centrifugal,1,2,2,"[ascendingL1, ascendingL2] -> visual_centrifugalL1 -> [opticL1, opticL2]",ascending,1,ascending,2,optic,1,optic,2
50938310,mixed,BWD->mix,BWD,mix,1,2,1,45,3,2.003,48122,1069.378,visual_centrifugal,1,2,2,"[centralL2, descendingL2] -> visual_centrifugalL1 -> [opticL1, opticL2]",central,2,descending,2,optic,1,optic,2
49525571,mixed,mix->mix,mix,mix,1,1,2,1062,356,9.703,80415,75.72,visual_projection,2,2,2,"[opticL2, opticL3] -> visual_projectionL2 -> [centralL2, centralL3]",optic,2,optic,3,central,2,central,3
47518597,mixed,LAT->mix,LAT,mix,0,1,3,81,5,1.0,68730,848.519,visual_centrifugal,3,2,2,"[ascendingL3, visual_projectionL3] -> visual_centrifugalL3 -> [opticL2, opticL3]",ascending,3,visual_projection,3,optic,2,optic,3
47511970,mixed,LAT->mix,LAT,mix,0,1,3,81,1,1.0,68386,844.272,visual_centrifugal,3,2,2,"[descendingL3, visual_projectionL3] -> visual_centrifugalL3 -> [opticL2, opticL3]",descending,3,visual_projection,3,optic,2,optic,3
46642496,mixed,mix->mix,mix,mix,1,1,2,311,63,8.139,75518,242.823,visual_centrifugal,2,2,2,"[ascendingL2, centralL3] -> visual_centrifugalL2 -> [opticL2, opticL3]",ascending,2,central,3,optic,2,optic,3
46600911,mixed,mix->mix,mix,mix,1,1,2,35584,104,3.222,34032,0.956,optic,2,2,2,"[opticL3, visual_projectionL2] -> opticL2 -> [visual_centrifugalL2, visual_projectionL3]",optic,3,visual_projection,2,visual_centrifugal,2,visual_projection,3
45167429,mixed,BWD->mix,BWD,mix,1,2,1,311,40,5.364,75450,242.605,visual_centrifugal,2,2,2,"[ascendingL3, centralL3] -> visual_centrifugalL2 -> [opticL2, opticL3]",ascending,3,central,3,optic,2,optic,3
44993670,mixed,mix->mix,mix,mix,1,2,1,311,34,2.622,52134,167.633,visual_centrifugal,2,2,2,"[centralL3, visual_projectionL1] -> visual_centrifugalL2 -> [opticL1, opticL2]",central,3,visual_projection,1,optic,1,optic,2
42552438,mixed,LAT->mix,LAT,mix,0,1,3,311,10,1.993,48122,154.733,visual_centrifugal,2,2,2,"[centralL2, descendingL2] -> visual_centrifugalL2 -> [opticL1, opticL2]",central,2,descending,2,optic,1,optic,2
39829690,mixed,mix->mix,mix,mix,2,2,0,311,73,4.319,46948,150.958,visual_centrifugal,2,2,2,"[centralL1, centralL3] -> visual_centrifugalL2 -> [opticL1, opticL3]",central,1,central,3,optic,1,optic,3
39657253,mixed,LAT->mix,LAT,mix,0,1,3,311,40,3.937,44235,142.235,visual_centrifugal,2,2,2,"[ascendingL2, visual_projectionL2] -> visual_centrifugalL2 -> [opticL1, opticL2]",ascending,2,visual_projection,2,optic,1,optic,2
38605707,mixed,mix->mix,mix,mix,2,0,2,311,56,8.25,71133,228.723,visual_centrifugal,2,2,2,"[ascendingL1, centralL2] -> visual_centrifugalL2 -> [opticL2, opticL3]",ascending,1,central,2,optic,2,optic,3
37163677,mixed,BWD->mix,BWD,mix,1,2,1,45,17,3.782,48381,1075.133,visual_centrifugal,1,2,2,"[centralL2, visual_centrifugalL2] -> visual_centrifugalL1 -> [opticL1, opticL2]",central,2,visual_centrifugal,2,optic,1,optic,2
35410511,mixed,mix->mix,mix,mix,1,1,2,311,102,11.246,69305,222.846,visual_centrifugal,2,2,2,"[visual_projectionL2, visual_projectionL3] -> visual_centrifugalL2 -> [opticL2, opticL3]",visual_projection,2,visual_projection,3,optic,2,optic,3
34762678,mixed,mix->mix,mix,mix,0,2,2,311,16,2.014,48213,155.026,visual_centrifugal,2,2,2,"[centralL2, descendingL3] -> visual_centrifugalL2 -> [opticL1, opticL2]",central,2,descending,3,optic,1,optic,2
34407506,mixed,mix->mix,mix,mix,0,2,2,35584,986,2.656,38351,1.078,optic,2,2,2,"[opticL3, visual_centrifugalL2] -> opticL2 -> [opticL1, visual_projectionL2]",optic,3,visual_centrifugal,2,optic,1,visual_projection,2
33422595,mixed,mix->mix,mix,mix,1,2,1,35584,22,2.666,33766,0.949,optic,2,2,2,"[opticL3, visual_projectionL2] -> opticL2 -> [visual_centrifugalL1, visual_projectionL3]",optic,3,visual_projection,2,visual_centrifugal,1,visual_projection,3
32243505,mixed,mix->FWD,mix,FWD,3,0,1,35584,440,2.687,33766,0.949,optic,2,2,2,"[visual_centrifugalL1, visual_projectionL2] -> opticL2 -> [opticL3, visual_projectionL3]",visual_centrifugal,1,visual_projection,2,optic,3,visual_projection,3
31941210,mixed,mix->mix,mix,mix,0,2,2,311,21,3.86,43761,140.711,visual_centrifugal,2,2,2,"[visual_centrifugalL3, visual_projectionL2] -> visual_centrifugalL2 -> [opticL1, opticL2]",visual_centrifugal,3,visual_projection,2,optic,1,optic,2
31682459,mixed,mix->mix,mix,mix,2,1,1,5452,298,15.573,19750,3.623,central,2,2,2,"[sensoryL1, sensoryL2] -> centralL2 -> [centralL1, centralL3]",sensory,1,sensory,2,central,1,central,3
31401619,mixed,mix->mix,mix,mix,0,2,2,311,30,3.639,44167,142.016,visual_centrifugal,2,2,2,"[ascendingL3, visual_projectionL2] -> visual_centrifugalL2 -> [opticL1, opticL2]",ascending,3,visual_projection,2,optic,1,optic,2
31346963,mixed,mix->mix,mix,mix,1,2,1,35584,194,2.841,33802,0.95,optic,2,2,2,"[opticL3, visual_projectionL2] -> opticL2 -> [visual_projectionL1, visual_projectionL3]",optic,3,visual_projection,2,visual_projection,1,visual_projection,3
30688975,mixed,BWD->mix,BWD,mix,1,2,1,45,3,1.925,43732,971.822,visual_centrifugal,1,2,2,"[descendingL2, visual_projectionL2] -> visual_centrifugalL1 -> [opticL1, opticL2]",descending,2,visual_projection,2,optic,1,optic,2
30381865,mixed,mix->FWD,mix,FWD,2,1,1,45,20,4.079,42633,947.4,visual_centrifugal,1,2,2,"[centralL1, centralL2] -> visual_centrifugalL1 -> [opticL2, visual_projectionL2]",central,1,central,2,optic,2,visual_projection,2
30111542,mixed,mix->mix,mix,mix,1,1,2,311,34,3.867,43833,140.942,visual_centrifugal,2,2,2,"[ascendingL1, visual_projectionL2] -> visual_centrifugalL2 -> [opticL1, opticL2]",ascending,1,visual_projection,2,optic,1,optic,2
28342240,mixed,BWD->mix,BWD,mix,0,3,1,35584,313,4.009,40755,1.145,optic,2,2,2,"[opticL3, visual_projectionL3] -> opticL2 -> [opticL1, visual_projectionL2]",optic,3,visual_projection,3,optic,1,visual_projection,2
28330762,mixed,mix->mix,mix,mix,1,1,2,2715,660,6.264,80415,29.619,visual_projection,3,2,2,"[opticL2, opticL3] -> visual_projectionL3 -> [centralL2, centralL3]",optic,2,optic,3,central,2,central,3
28270747,mixed,mix->mix,mix,mix,1,1,2,311,51,5.155,71061,228.492,visual_centrifugal,2,2,2,"[centralL2, visual_centrifugalL3] -> visual_centrifugalL2 -> [opticL2, opticL3]",central,2,visual_centrifugal,3,optic,2,optic,3
27268858,mixed,mix->FWD,mix,FWD,2,1,1,311,90,4.171,47546,152.881,visual_centrifugal,2,2,2,"[centralL2, centralL3] -> visual_centrifugalL2 -> [opticL3, visual_projectionL3]",central,2,central,3,optic,3,visual_projection,3
26576552,mixed,mix->mix,mix,mix,1,1,2,45,3,2.003,43205,960.111,visual_centrifugal,1,2,2,"[centralL1, descendingL2] -> visual_centrifugalL1 -> [opticL1, opticL2]",central,1,descending,2,optic,1,optic,2
26383060,mixed,mix->FWD,mix,FWD,2,1,1,35584,149,2.365,33802,0.95,optic,2,2,2,"[visual_centrifugalL3, visual_projectionL2] -> opticL2 -> [opticL3, visual_projectionL3]",visual_centrifugal,3,visual_projection,2,optic,3,visual_projection,3
25911572,mixed,mix->mix,mix,mix,2,0,2,311,59,8.016,66618,214.206,visual_centrifugal,2,2,2,"[ascendingL2, centralL1] -> visual_centrifugalL2 -> [opticL2, opticL3]",ascending,2,central,1,optic,2,optic,3
25894157,mixed,LAT->mix,LAT,mix,1,1,2,311,65,5.25,43492,139.846,visual_centrifugal,2,2,2,"[centralL2, visual_projectionL2] -> visual_centrifugalL2 -> [opticL1, opticL3]",central,2,visual_projection,2,optic,1,optic,3
25673290,mixed,mix->mix,mix,mix,2,0,2,311,53,6.013,71061,228.492,visual_centrifugal,2,2,2,"[centralL2, visual_projectionL1] -> visual_centrifugalL2 -> [opticL2, opticL3]",central,2,visual_projection,1,optic,2,optic,3
25448990,mixed,mix->mix,mix,mix,0,2,2,35584,43,1.821,31362,0.881,optic,2,2,2,"[opticL3, visual_centrifugalL2] -> opticL2 -> [visual_centrifugalL1, visual_projectionL2]",optic,3,visual_centrifugal,2,visual_centrifugal,1,visual_projection,2
25204013,mixed,mix->mix,mix,mix,2,1,1,35584,91,3.397,33802,0.95,optic,2,2,2,"[opticL3, visual_projectionL1] -> opticL2 -> [visual_projectionL2, visual_projectionL3]",optic,3,visual_projection,1,visual_projection,2,visual_projection,3
24953437,mixed,mix->mix,mix,mix,0,2,2,311,28,2.699,43660,140.386,visual_centrifugal,2,2,2,"[ascendingL2, ascendingL3] -> visual_centrifugalL2 -> [opticL1, opticL2]",ascending,2,ascending,3,optic,1,optic,2
24656510,mixed,mix->mix,mix,mix,2,0,2,35584,732,1.99,31362,0.881,optic,2,2,2,"[visual_centrifugalL1, visual_centrifugalL2] -> opticL2 -> [opticL3, visual_projectionL2]",visual_centrifugal,1,visual_centrifugal,2,optic,3,visual_projection,2
24642069,mixed,mix->mix,mix,mix,1,2,1,35584,33,2.77,33015,0.928,optic,2,2,2,"[opticL3, visual_centrifugalL2] -> opticL2 -> [visual_centrifugalL1, visual_projectionL3]",optic,3,visual_centrifugal,2,visual_centrifugal,1,visual_projection,3
24312246,mixed,mix->mix,mix,mix,2,1,1,311,46,9.459,75116,241.531,visual_centrifugal,2,2,2,"[ascendingL1, centralL3] -> visual_centrifugalL2 -> [opticL2, opticL3]",ascending,1,central,3,optic,2,optic,3
24234883,mixed,mix->mix,mix,mix,1,1,2,45,16,3.804,43464,965.867,visual_centrifugal,1,2,2,"[centralL1, visual_centrifugalL2] -> visual_centrifugalL1 -> [opticL1, opticL2]",central,1,visual_centrifugal,2,optic,1,optic,2
23944386,mixed,mix->mix,mix,mix,2,1,1,311,67,9.497,68778,221.151,visual_centrifugal,2,2,2,"[centralL1, visual_projectionL3] -> visual_centrifugalL2 -> [opticL2, opticL3]",central,1,visual_projection,3,optic,2,optic,3
23682197,mixed,mix->mix,mix,mix,1,1,2,311,10,1.995,43205,138.923,visual_centrifugal,2,2,2,"[centralL1, descendingL2] -> visual_centrifugalL2 -> [opticL1, opticL2]",central,1,descending,2,optic,1,optic,2
23661948,mixed,mix->FWD,mix,FWD,3,0,1,35584,705,2.642,33015,0.928,optic,2,2,2,"[visual_centrifugalL1, visual_centrifugalL2] -> opticL2 -> [opticL3, visual_projectionL3]",visual_centrifugal,1,visual_centrifugal,2,optic,3,visual_projection,3
23600296,mixed,mix->mix,mix,mix,0,2,2,311,59,3.827,46395,149.18,visual_centrifugal,2,2,2,"[visual_projectionL2, visual_projectionL3] -> visual_centrifugalL2 -> [opticL1, opticL2]",visual_projection,2,visual_projection,3,optic,1,optic,2
23436942,mixed,mix->mix,mix,mix,1,1,2,45,3,2.805,48072,1068.267,visual_centrifugal,1,2,2,"[centralL2, descendingL1] -> visual_centrifugalL1 -> [opticL1, opticL2]",central,2,descending,1,optic,1,optic,2
23336105,mixed,mix->mix,mix,mix,0,2,2,35584,310,1.667,31398,0.882,optic,2,2,2,"[opticL3, visual_centrifugalL2] -> opticL2 -> [visual_projectionL1, visual_projectionL2]",optic,3,visual_centrifugal,2,visual_projection,1,visual_projection,2
22847572,mixed,mix->mix,mix,mix,1,1,2,1062,265,4.605,73695,69.393,visual_projection,2,2,2,"[opticL2, opticL3] -> visual_projectionL2 -> [centralL2, visual_projectionL3]",optic,2,optic,3,central,2,visual_projection,3
22775756,mixed,mix->mix,mix,mix,1,1,2,1062,192,8.054,75274,70.879,visual_projection,2,2,2,"[opticL2, opticL3] -> visual_projectionL2 -> [centralL3, visual_centrifugalL2]",optic,2,optic,3,central,3,visual_centrifugal,2
22643868,mixed,mix->mix,mix,mix,2,0,2,311,62,7.986,66671,214.376,visual_centrifugal,2,2,2,"[visual_projectionL1, visual_projectionL2] -> visual_centrifugalL2 -> [opticL2, opticL3]",visual_projection,1,visual_projection,2,optic,2,optic,3
22586433,mixed,mix->mix,mix,mix,0,2,2,311,15,3.589,43254,139.08,visual_centrifugal,2,2,2,"[ascendingL2, visual_centrifugalL3] -> visual_centrifugalL2 -> [opticL1, opticL2]",ascending,2,visual_centrifugal,3,optic,1,optic,2
22403375,mixed,mix->mix,mix,mix,1,2,1,35584,308,3.095,33051,0.929,optic,2,2,2,"[opticL3, visual_centrifugalL2] -> opticL2 -> [visual_projectionL1, visual_projectionL3]",optic,3,visual_centrifugal,2,visual_projection,1,visual_projection,3
22078896,mixed,BWD->mix,BWD,mix,1,2,1,45,2,1.931,43225,960.556,visual_centrifugal,1,2,2,"[ascendingL2, descendingL2] -> visual_centrifugalL1 -> [opticL1, opticL2]",ascending,2,descending,2,optic,1,optic,2
21948575,mixed,mix->mix,mix,mix,1,1,2,311,30,3.47,43326,139.312,visual_centrifugal,2,2,2,"[ascendingL1, ascendingL2] -> visual_centrifugalL2 -> [opticL1, opticL2]",ascending,1,ascending,2,optic,1,optic,2
21005640,mixed,mix->mix,mix,mix,2,2,0,35584,499,5.277,39738,1.117,optic,2,2,2,"[opticL3, visual_centrifugalL1] -> opticL2 -> [opticL1, visual_projectionL3]",optic,3,visual_centrifugal,1,optic,1,visual_projection,3
20682896,mixed,mix->mix,mix,mix,1,1,2,35584,189,2.033,31398,0.882,optic,2,2,2,"[visual_centrifugalL2, visual_centrifugalL3] -> opticL2 -> [opticL3, visual_projectionL2]",visual_centrifugal,2,visual_centrifugal,3,optic,3,visual_projection,2
20578814,mixed,mix->mix,mix,mix,1,1,2,45,3,2.0,42823,951.622,visual_centrifugal,1,2,2,"[ascendingL1, descendingL2] -> visual_centrifugalL1 -> [opticL1, opticL2]",ascending,1,descending,2,optic,1,optic,2
20339851,mixed,mix->mix,mix,mix,2,1,1,311,33,5.977,66550,213.987,visual_centrifugal,2,2,2,"[ascendingL3, centralL1] -> visual_centrifugalL2 -> [opticL2, opticL3]",ascending,3,central,1,optic,2,optic,3
20270389,mixed,mix->FWD,mix,FWD,2,1,1,35584,227,2.376,33051,0.929,optic,2,2,2,"[visual_centrifugalL2, visual_centrifugalL3] -> opticL2 -> [opticL3, visual_projectionL3]",visual_centrifugal,2,visual_centrifugal,3,optic,3,visual_projection,3
20204204,mixed,LAT->mix,LAT,mix,1,0,3,311,59,8.9,67145,215.9,visual_centrifugal,2,2,2,"[ascendingL2, visual_projectionL2] -> visual_centrifugalL2 -> [opticL2, opticL3]",ascending,2,visual_projection,2,optic,2,optic,3
19808811,mixed,mix->mix,mix,mix,1,1,2,311,83,4.007,45893,147.566,visual_centrifugal,2,2,2,"[centralL2, centralL3] -> visual_centrifugalL2 -> [opticL3, visual_projectionL2]",central,2,central,3,optic,3,visual_projection,2
19582297,mixed,BWD->mix,BWD,mix,0,3,1,311,17,2.856,43186,138.862,visual_centrifugal,2,2,2,"[ascendingL3, visual_centrifugalL3] -> visual_centrifugalL2 -> [opticL1, opticL2]",ascending,3,visual_centrifugal,3,optic,1,optic,2
19468407,mixed,mix->mix,mix,mix,1,1,2,311,89,3.024,53186,171.016,visual_centrifugal,2,2,2,"[centralL2, centralL3] -> visual_centrifugalL2 -> [opticL2, visual_projectionL3]",central,2,central,3,optic,2,visual_projection,3
19250153,mixed,FWD->mix,FWD,mix,3,0,1,311,52,7.079,66216,212.913,visual_centrifugal,2,2,2,"[ascendingL1, centralL1] -> visual_centrifugalL2 -> [opticL2, opticL3]",ascending,1,central,1,optic,2,optic,3
19152709,mixed,mix->LAT,mix,LAT,0,1,3,311,82,4.905,51533,165.701,visual_centrifugal,2,2,2,"[centralL2, centralL3] -> visual_centrifugalL2 -> [opticL2, visual_projectionL2]",central,2,central,3,optic,2,visual_projection,2
18864678,mixed,mix->mix,mix,mix,1,2,1,311,22,2.718,43258,139.093,visual_centrifugal,2,2,2,"[ascendingL1, ascendingL3] -> visual_centrifugalL2 -> [opticL1, opticL2]",ascending,1,ascending,3,optic,1,optic,2
18793015,mixed,mix->mix,mix,mix,1,2,1,311,15,1.977,43296,139.215,visual_centrifugal,2,2,2,"[centralL1, descendingL3] -> visual_centrifugalL2 -> [opticL1, opticL2]",central,1,descending,3,optic,1,optic,2
18448233,mixed,mix->mix,mix,mix,0,2,2,311,10,1.912,52105,167.54,visual_centrifugal,2,2,2,"[centralL3, descendingL2] -> visual_centrifugalL2 -> [opticL1, opticL2]",central,3,descending,2,optic,1,optic,2
18138934,mixed,mix->mix,mix,mix,1,1,2,81,28,1.443,76025,938.58,visual_centrifugal,3,2,2,"[centralL3, visual_projectionL2] -> visual_centrifugalL3 -> [opticL2, opticL3]",central,3,visual_projection,2,optic,2,optic,3
17552914,mixed,mix->mix,mix,mix,1,2,1,311,15,3.73,42852,137.788,visual_centrifugal,2,2,2,"[ascendingL1, visual_centrifugalL3] -> visual_centrifugalL2 -> [opticL1, opticL2]",ascending,1,visual_centrifugal,3,optic,1,optic,2
16803445,mixed,BWD->mix,BWD,mix,0,3,1,35584,34,1.957,33766,0.949,optic,2,2,2,"[opticL3, visual_projectionL3] -> opticL2 -> [visual_centrifugalL1, visual_projectionL2]",optic,3,visual_projection,3,visual_centrifugal,1,visual_projection,2
16765135,mixed,BWD->mix,BWD,mix,0,3,1,311,14,2.066,52196,167.833,visual_centrifugal,2,2,2,"[centralL3, descendingL3] -> visual_centrifugalL2 -> [opticL1, opticL2]",central,3,descending,3,optic,1,optic,2
16690560,mixed,mix->mix,mix,mix,2,1,1,311,45,6.632,75044,241.299,visual_centrifugal,2,2,2,"[centralL3, visual_projectionL1] -> visual_centrifugalL2 -> [opticL2, opticL3]",central,3,visual_projection,1,optic,2,optic,3
16612448,mixed,mix->mix,mix,mix,0,2,2,311,34,3.386,45888,147.55,visual_centrifugal,2,2,2,"[ascendingL2, visual_projectionL3] -> visual_centrifugalL2 -> [opticL1, opticL2]",ascending,2,visual_projection,3,optic,1,optic,2
16495712,mixed,LAT->mix,LAT,mix,1,1,2,311,51,4.471,42985,138.215,visual_centrifugal,2,2,2,"[ascendingL2, centralL2] -> visual_centrifugalL2 -> [opticL1, opticL3]",ascending,2,central,2,optic,1,optic,3
16340672,mixed,mix->mix,mix,mix,2,1,1,35584,429,2.105,33766,0.949,optic,2,2,2,"[visual_centrifugalL1, visual_projectionL3] -> opticL2 -> [opticL3, visual_projectionL2]",visual_centrifugal,1,visual_projection,3,optic,3,visual_projection,2
16317669,mixed,BWD->mix,BWD,mix,0,3,1,35584,245,2.048,33802,0.95,optic,2,2,2,"[opticL3, visual_projectionL3] -> opticL2 -> [visual_projectionL1, visual_projectionL2]",optic,3,visual_projection,3,visual_projection,1,visual_projection,2
15992000,mixed,mix->FWD,mix,FWD,3,0,1,35584,766,4.474,40755,1.145,optic,2,2,2,"[opticL1, visual_projectionL2] -> opticL2 -> [opticL3, visual_projectionL3]",optic,1,visual_projection,2,optic,3,visual_projection,3
15973182,mixed,BWD->mix,BWD,mix,1,2,1,45,19,2.584,43991,977.578,visual_centrifugal,1,2,2,"[visual_centrifugalL2, visual_projectionL2] -> visual_centrifugalL1 -> [opticL1, opticL2]",visual_centrifugal,2,visual_projection,2,optic,1,optic,2
15968172,mixed,BWD->mix,BWD,mix,1,3,0,35584,181,3.902,39774,1.118,optic,2,2,2,"[opticL3, visual_centrifugalL3] -> opticL2 -> [opticL1, visual_projectionL3]",optic,3,visual_centrifugal,3,optic,1,visual_projection,3
15760287,mixed,mix->BWD,mix,BWD,1,2,1,2715,403,2.287,72042,26.535,visual_projection,3,2,2,"[opticL2, opticL3] -> visual_projectionL3 -> [centralL2, visual_projectionL2]",optic,2,optic,3,central,2,visual_projection,2
15100986,mixed,LAT->mix,LAT,mix,1,0,3,45,3,2.435,43155,959.0,visual_centrifugal,1,2,2,"[centralL1, descendingL1] -> visual_centrifugalL1 -> [opticL1, opticL2]",central,1,descending,1,optic,1,optic,2
15031931,mixed,BWD->mix,BWD,mix,1,2,1,311,40,6.297,75044,241.299,visual_centrifugal,2,2,2,"[centralL3, visual_centrifugalL3] -> visual_centrifugalL2 -> [opticL2, opticL3]",central,3,visual_centrifugal,3,optic,2,optic,3
14977050,mixed,mix->mix,mix,mix,1,1,2,45,17,2.486,14083,312.956,visual_centrifugal,1,2,2,"[centralL1, centralL2] -> visual_centrifugalL1 -> [opticL1, visual_projectionL2]",central,1,central,2,optic,1,visual_projection,2
14758246,mixed,FWD->mix,FWD,mix,3,0,1,5452,71,4.563,19750,3.623,central,2,2,2,"[centralL1, sensoryL1] -> centralL2 -> [centralL3, sensoryL2]",central,1,sensory,1,central,3,sensory,2
14698260,mixed,BWD->LAT,BWD,LAT,0,2,2,35584,92,2.793,34032,0.956,optic,2,2,2,"[opticL3, visual_projectionL3] -> opticL2 -> [visual_centrifugalL2, visual_projectionL2]",optic,3,visual_projection,3,visual_centrifugal,2,visual_projection,2
14684640,mixed,mix->mix,mix,mix,2,0,2,311,39,4.913,66743,214.608,visual_centrifugal,2,2,2,"[ascendingL1, visual_projectionL2] -> visual_centrifugalL2 -> [opticL2, opticL3]",ascending,1,visual_projection,2,optic,2,optic,3
14676618,mixed,mix->mix,mix,mix,2,1,1,311,36,4.642,66144,212.682,visual_centrifugal,2,2,2,"[centralL1, visual_centrifugalL3] -> visual_centrifugalL2 -> [opticL2, opticL3]",central,1,visual_centrifugal,3,optic,2,optic,3
14676113,mixed,BWD->mix,BWD,mix,0,3,1,311,25,2.76,45820,147.331,visual_centrifugal,2,2,2,"[ascendingL3, visual_projectionL3] -> visual_centrifugalL2 -> [opticL1, opticL2]",ascending,3,visual_projection,3,optic,1,optic,2
14285154,mixed,mix->mix,mix,mix,1,2,1,311,32,3.706,42917,137.997,visual_centrifugal,2,2,2,"[ascendingL3, centralL2] -> visual_centrifugalL2 -> [opticL1, opticL3]",ascending,3,central,2,optic,1,optic,3
14003379,mixed,mix->mix,mix,mix,1,1,2,311,40,3.415,43761,140.711,visual_centrifugal,2,2,2,"[visual_projectionL1, visual_projectionL2] -> visual_centrifugalL2 -> [opticL1, opticL2]",visual_projection,1,visual_projection,2,optic,1,optic,2
13894627,mixed,mix->mix,mix,mix,2,1,1,311,57,4.921,38575,124.035,visual_centrifugal,2,2,2,"[centralL1, visual_projectionL2] -> visual_centrifugalL2 -> [opticL1, opticL3]",central,1,visual_projection,2,optic,1,optic,3
13891087,mixed,BWD->mix,BWD,mix,1,2,1,35584,159,2.14,33802,0.95,optic,2,2,2,"[visual_centrifugalL3, visual_projectionL3] -> opticL2 -> [opticL3, visual_projectionL2]",visual_centrifugal,3,visual_projection,3,optic,3,visual_projection,2
13252040,mixed,FWD->mix,FWD,mix,2,1,1,81,30,1.379,72042,889.407,visual_centrifugal,3,2,2,"[centralL2, visual_projectionL2] -> visual_centrifugalL3 -> [opticL2, opticL3]",central,2,visual_projection,2,optic,2,optic,3
13098457,mixed,mix->mix,mix,mix,1,1,2,45,9,2.194,48151,1070.022,visual_centrifugal,1,2,2,"[centralL2, visual_projectionL1] -> visual_centrifugalL1 -> [opticL1, opticL2]",central,2,visual_projection,1,optic,1,optic,2
12936049,mixed,mix->LAT,mix,LAT,1,0,3,81,24,1.338,43156,532.79,visual_centrifugal,3,2,2,"[centralL3, visual_projectionL2] -> visual_centrifugalL3 -> [opticL3, visual_projectionL3]",central,3,visual_projection,2,optic,3,visual_projection,3
12836365,mixed,FWD->mix,FWD,mix,3,0,1,311,43,6.154,66144,212.682,visual_centrifugal,2,2,2,"[centralL1, visual_projectionL1] -> visual_centrifugalL2 -> [opticL2, opticL3]",central,1,visual_projection,1,optic,2,optic,3
12829694,mixed,mix->mix,mix,mix,1,1,2,311,39,12.518,67077,215.682,visual_centrifugal,2,2,2,"[ascendingL3, visual_projectionL2] -> visual_centrifugalL2 -> [opticL2, opticL3]",ascending,3,visual_projection,2,optic,2,optic,3
12826860,mixed,BWD->mix,BWD,mix,0,3,1,311,19,3.503,45414,146.026,visual_centrifugal,2,2,2,"[visual_centrifugalL3, visual_projectionL3] -> visual_centrifugalL2 -> [opticL1, opticL2]",visual_centrifugal,3,visual_projection,3,optic,1,optic,2
12620858,mixed,mix->mix,mix,mix,1,2,1,311,22,4.046,42511,136.691,visual_centrifugal,2,2,2,"[centralL2, visual_centrifugalL3] -> visual_centrifugalL2 -> [opticL1, opticL3]",central,2,visual_centrifugal,3,optic,1,optic,3
12504235,mixed,mix->mix,mix,mix,1,2,1,311,31,3.389,45486,146.257,visual_centrifugal,2,2,2,"[ascendingL1, visual_projectionL3] -> visual_centrifugalL2 -> [opticL1, opticL2]",ascending,1,visual_projection,3,optic,1,optic,2
12332535,mixed,mix->mix,mix,mix,1,2,1,311,61,5.998,47475,152.653,visual_centrifugal,2,2,2,"[centralL3, visual_projectionL2] -> visual_centrifugalL2 -> [opticL1, opticL3]",central,3,visual_projection,2,optic,1,optic,3
12257007,mixed,mix->FWD,mix,FWD,3,0,1,35584,1418,4.054,40004,1.124,optic,2,2,2,"[opticL1, visual_centrifugalL2] -> opticL2 -> [opticL3, visual_projectionL3]",optic,1,visual_centrifugal,2,optic,3,visual_projection,3
12252822,mixed,mix->mix,mix,mix,2,1,1,311,50,4.231,42583,136.923,visual_centrifugal,2,2,2,"[ascendingL1, centralL2] -> visual_centrifugalL2 -> [opticL1, opticL3]",ascending,1,central,2,optic,1,optic,3
12147560,mixed,mix->mix,mix,mix,1,1,2,81,38,1.756,80415,992.778,visual_centrifugal,3,2,2,"[centralL2, centralL3] -> visual_centrifugalL3 -> [opticL2, opticL3]",central,2,central,3,optic,2,optic,3
12052526,mixed,mix->mix,mix,mix,1,1,2,311,34,4.492,66570,214.051,visual_centrifugal,2,2,2,"[ascendingL2, ascendingL3] -> visual_centrifugalL2 -> [opticL2, opticL3]",ascending,2,ascending,3,optic,2,optic,3
11567358,mixed,mix->mix,mix,mix,1,1,2,81,7,1.035,34032,420.148,visual_centrifugal,3,2,2,"[visual_projectionL2, visual_projectionL3] -> visual_centrifugalL3 -> [opticL3, visual_centrifugalL2]",visual_projection,2,visual_projection,3,optic,3,visual_centrifugal,2
11504757,mixed,mix->mix,mix,mix,1,2,1,311,21,2.34,43186,138.862,visual_centrifugal,2,2,2,"[ascendingL3, visual_projectionL1] -> visual_centrifugalL2 -> [opticL1, opticL2]",ascending,3,visual_projection,1,optic,1,optic,2
11409631,mixed,mix->mix,mix,mix,1,1,2,311,21,7.133,71123,228.691,visual_centrifugal,2,2,2,"[centralL2, descendingL3] -> visual_centrifugalL2 -> [opticL2, opticL3]",central,2,descending,3,optic,2,optic,3
11210241,mixed,mix->mix,mix,mix,2,1,1,35584,198,1.766,40004,1.124,optic,2,2,2,"[opticL1, opticL3] -> opticL2 -> [visual_centrifugalL2, visual_projectionL3]",optic,1,optic,3,visual_centrifugal,2,visual_projection,3
11186173,mixed,mix->mix,mix,mix,2,0,2,311,40,7.419,71025,228.376,visual_centrifugal,2,2,2,"[centralL2, visual_centrifugalL1] -> visual_centrifugalL2 -> [opticL2, opticL3]",central,2,visual_centrifugal,1,optic,2,optic,3
11132096,mixed,mix->mix,mix,mix,2,1,1,311,36,6.196,75008,241.183,visual_centrifugal,2,2,2,"[centralL3, visual_centrifugalL1] -> visual_centrifugalL2 -> [opticL2, opticL3]",central,3,visual_centrifugal,1,optic,2,optic,3
10988832,mixed,mix->LAT,mix,LAT,0,1,3,1062,174,13.169,71291,67.129,visual_projection,2,2,2,"[opticL2, opticL3] -> visual_projectionL2 -> [centralL2, visual_centrifugalL2]",optic,2,optic,3,central,2,visual_centrifugal,2
10902866,mixed,mix->mix,mix,mix,1,1,2,311,46,5.239,68798,221.215,visual_centrifugal,2,2,2,"[ascendingL2, visual_projectionL3] -> visual_centrifugalL2 -> [opticL2, opticL3]",ascending,2,visual_projection,3,optic,2,optic,3
10843670,mixed,mix->mix,mix,mix,1,2,1,1062,76,2.058,68778,64.763,visual_projection,2,2,2,"[opticL2, opticL3] -> visual_projectionL2 -> [centralL1, visual_projectionL3]",optic,2,optic,3,central,1,visual_projection,3
10702733,mixed,mix->FWD,mix,FWD,2,1,1,311,55,4.774,77678,249.768,visual_centrifugal,2,2,2,"[centralL3, opticL2] -> visual_centrifugalL2 -> [opticL3, visual_projectionL3]",central,3,optic,2,optic,3,visual_projection,3
10566968,mixed,BWD->mix,BWD,mix,1,2,1,45,10,2.257,43484,966.311,visual_centrifugal,1,2,2,"[ascendingL2, visual_centrifugalL2] -> visual_centrifugalL1 -> [opticL1, opticL2]",ascending,2,visual_centrifugal,2,optic,1,optic,2
10510577,mixed,mix->FWD,mix,FWD,2,1,1,311,76,4.995,43156,138.765,visual_centrifugal,2,2,2,"[centralL3, visual_projectionL2] -> visual_centrifugalL2 -> [opticL3, visual_projectionL3]",central,3,visual_projection,2,optic,3,visual_projection,3
10459748,mixed,mix->mix,mix,mix,1,2,1,1062,137,5.348,75498,71.09,visual_projection,2,2,2,"[opticL2, opticL3] -> visual_projectionL2 -> [centralL1, centralL3]",optic,2,optic,3,central,1,central,3
10409092,mixed,mix->FWD,mix,FWD,2,1,1,45,18,2.891,41882,930.711,visual_centrifugal,1,2,2,"[centralL1, centralL2] -> visual_centrifugalL1 -> [opticL2, visual_centrifugalL2]",central,1,central,2,optic,2,visual_centrifugal,2
10393036,mixed,mix->mix,mix,mix,1,2,1,1062,105,5.165,75008,70.629,visual_projection,2,2,2,"[opticL2, opticL3] -> visual_projectionL2 -> [centralL3, visual_centrifugalL1]",optic,2,optic,3,central,3,visual_centrifugal,1
10274755,mixed,mix->mix,mix,mix,1,2,1,1062,132,5.113,75044,70.663,visual_projection,2,2,2,"[opticL2, opticL3] -> visual_projectionL2 -> [centralL3, visual_projectionL1]",optic,2,optic,3,central,3,visual_projection,1
10218321,mixed,mix->mix,mix,mix,1,2,1,311,58,4.904,45145,145.161,visual_centrifugal,2,2,2,"[centralL2, visual_projectionL3] -> visual_centrifugalL2 -> [opticL1, opticL3]",central,2,visual_projection,3,optic,1,optic,3
10196638,mixed,BWD->mix,BWD,mix,1,2,1,311,34,3.428,68730,220.997,visual_centrifugal,2,2,2,"[ascendingL3, visual_projectionL3] -> visual_centrifugalL2 -> [opticL2, opticL3]",ascending,3,visual_projection,3,optic,2,optic,3
10124911,mixed,mix->mix,mix,mix,1,1,2,1062,125,10.789,68554,64.552,visual_projection,2,2,2,"[opticL2, opticL3] -> visual_projectionL2 -> [visual_centrifugalL2, visual_projectionL3]",optic,2,optic,3,visual_centrifugal,2,visual_projection,3
10119016,mixed,mix->mix,mix,mix,1,1,2,311,26,2.423,43254,139.08,visual_centrifugal,2,2,2,"[ascendingL2, visual_projectionL1] -> visual_centrifugalL2 -> [opticL1, opticL2]",ascending,2,visual_projection,1,optic,1,optic,2
10102235,mixed,mix->mix,mix,mix,1,2,1,35584,412,2.501,38085,1.07,optic,2,2,2,"[opticL3, visual_centrifugalL1] -> opticL2 -> [opticL1, visual_projectionL2]",optic,3,visual_centrifugal,1,optic,1,visual_projection,2
9990985,mixed,mix->mix,mix,mix,2,0,2,311,20,4.574,78014,250.849,visual_centrifugal,2,2,2,"[centralL2, opticL1] -> visual_centrifugalL2 -> [opticL2, opticL3]",central,2,optic,1,optic,2,optic,3
9802877,mixed,mix->LAT,mix,LAT,1,0,3,311,73,7.197,42633,137.084,visual_centrifugal,2,2,2,"[centralL1, centralL2] -> visual_centrifugalL2 -> [opticL2, visual_projectionL2]",central,1,central,2,optic,2,visual_projection,2
9599039,mixed,mix->mix,mix,mix,1,1,2,2715,194,2.744,75274,27.725,visual_projection,3,2,2,"[opticL2, opticL3] -> visual_projectionL3 -> [centralL3, visual_centrifugalL2]",optic,2,optic,3,central,3,visual_centrifugal,2
9512958,mixed,FWD->LAT,FWD,LAT,2,0,2,81,24,1.295,39173,483.617,visual_centrifugal,3,2,2,"[centralL2, visual_projectionL2] -> visual_centrifugalL3 -> [opticL3, visual_projectionL3]",central,2,visual_projection,2,optic,3,visual_projection,3
9497508,mixed,BWD->mix,BWD,mix,1,2,1,311,18,5.026,75106,241.498,visual_centrifugal,2,2,2,"[centralL3, descendingL3] -> visual_centrifugalL2 -> [opticL2, opticL3]",central,3,descending,3,optic,2,optic,3
9451064,mixed,mix->mix,mix,mix,2,0,2,311,40,7.973,66635,214.26,visual_centrifugal,2,2,2,"[visual_centrifugalL1, visual_projectionL2] -> visual_centrifugalL2 -> [opticL2, opticL3]",visual_centrifugal,1,visual_projection,2,optic,2,optic,3
9359835,mixed,mix->mix,mix,mix,2,0,2,311,23,3.83,73624,236.733,visual_centrifugal,2,2,2,"[opticL1, visual_projectionL2] -> visual_centrifugalL2 -> [opticL2, opticL3]",optic,1,visual_projection,2,optic,2,optic,3
9346526,mixed,LAT->mix,LAT,mix,0,1,3,81,10,1.056,42405,523.519,visual_centrifugal,3,2,2,"[centralL3, visual_projectionL3] -> visual_centrifugalL3 -> [opticL3, visual_centrifugalL2]",central,3,visual_projection,3,optic,3,visual_centrifugal,2
9331543,mixed,mix->mix,mix,mix,1,1,2,45,13,2.468,43082,957.378,visual_centrifugal,1,2,2,"[ascendingL1, visual_centrifugalL2] -> visual_centrifugalL1 -> [opticL1, opticL2]",ascending,1,visual_centrifugal,2,optic,1,optic,2
9262087,mixed,mix->FWD,mix,FWD,2,1,1,35584,19,1.579,33802,0.95,optic,2,2,2,"[opticL3, visual_projectionL2] -> opticL2 -> [visual_centrifugalL3, visual_projectionL3]",optic,3,visual_projection,2,visual_centrifugal,3,visual_projection,3
9252815,mixed,FWD->mix,FWD,mix,2,1,1,81,18,1.497,66901,825.938,visual_centrifugal,3,2,2,"[visual_centrifugalL2, visual_projectionL2] -> visual_centrifugalL3 -> [opticL2, opticL3]",visual_centrifugal,2,visual_projection,2,optic,2,optic,3
9246556,mixed,mix->mix,mix,mix,2,0,2,311,38,4.17,41652,133.929,visual_centrifugal,2,2,2,"[centralL1, centralL2] -> visual_centrifugalL2 -> [opticL2, visual_centrifugalL3]",central,1,central,2,optic,2,visual_centrifugal,3
9149716,mixed,mix->mix,mix,mix,1,1,2,2715,606,6.932,76025,28.002,visual_projection,3,2,2,"[opticL2, opticL3] -> visual_projectionL3 -> [centralL3, visual_projectionL2]",optic,2,optic,3,central,3,visual_projection,2
9081921,mixed,mix->mix,mix,mix,1,1,2,45,3,2.533,43682,970.711,visual_centrifugal,1,2,2,"[descendingL1, visual_projectionL2] -> visual_centrifugalL1 -> [opticL1, opticL2]",descending,1,visual_projection,2,optic,1,optic,2
9072571,mixed,LAT->mix,LAT,mix,1,0,3,45,7,2.069,43234,960.756,visual_centrifugal,1,2,2,"[centralL1, visual_projectionL1] -> visual_centrifugalL1 -> [opticL1, opticL2]",central,1,visual_projection,1,optic,1,optic,2
9047698,mixed,mix->mix,mix,mix,2,1,1,35584,116,4.136,33015,0.928,optic,2,2,2,"[opticL3, visual_centrifugalL1] -> opticL2 -> [visual_centrifugalL2, visual_projectionL3]",optic,3,visual_centrifugal,1,visual_centrifugal,2,visual_projection,3
9026828,mixed,mix->FWD,mix,FWD,2,1,1,535,2,1.0,15787,29.508,central,1,2,2,"[sensoryL1, sensoryL2] -> centralL1 -> [ascendingL2, centralL2]",sensory,1,sensory,2,ascending,2,central,2
8896182,mixed,mix->mix,mix,mix,1,1,2,311,62,5.506,76025,244.453,visual_centrifugal,2,2,2,"[centralL3, opticL2] -> visual_centrifugalL2 -> [opticL3, visual_projectionL2]",central,3,optic,2,optic,3,visual_projection,2
8744807,mixed,mix->mix,mix,mix,2,1,1,311,49,4.07,38068,122.405,visual_centrifugal,2,2,2,"[ascendingL2, centralL1] -> visual_centrifugalL2 -> [opticL1, opticL3]",ascending,2,central,1,optic,1,optic,3
8734403,mixed,mix->mix,mix,mix,1,1,2,35584,49,1.334,31398,0.882,optic,2,2,2,"[opticL3, visual_centrifugalL2] -> opticL2 -> [visual_centrifugalL3, visual_projectionL2]",optic,3,visual_centrifugal,2,visual_centrifugal,3,visual_projection,2
8573869,mixed,mix->FWD,mix,FWD,3,1,0,311,75,3.066,42629,137.071,visual_centrifugal,2,2,2,"[centralL1, centralL3] -> visual_centrifugalL2 -> [opticL3, visual_projectionL3]",central,1,central,3,optic,3,visual_projection,3
8568816,mixed,LAT->FWD,LAT,FWD,2,0,2,1062,146,4.493,68554,64.552,visual_projection,2,2,2,"[opticL2, visual_centrifugalL2] -> visual_projectionL2 -> [opticL3, visual_projectionL3]",optic,2,visual_centrifugal,2,optic,3,visual_projection,3
8467030,mixed,LAT->mix,LAT,mix,1,1,2,35584,582,3.504,38351,1.078,optic,2,2,2,"[visual_centrifugalL2, visual_projectionL2] -> opticL2 -> [opticL1, opticL3]",visual_centrifugal,2,visual_projection,2,optic,1,optic,3
8466918,mixed,mix->mix,mix,mix,1,1,2,311,39,4.979,50552,162.547,visual_centrifugal,2,2,2,"[centralL2, centralL3] -> visual_centrifugalL2 -> [opticL2, visual_centrifugalL3]",central,2,central,3,optic,2,visual_centrifugal,3
8247744,mixed,mix->mix,mix,mix,1,1,2,311,76,3.957,48796,156.9,visual_centrifugal,2,2,2,"[centralL3, visual_projectionL2] -> visual_centrifugalL2 -> [opticL2, visual_projectionL3]",central,3,visual_projection,2,optic,2,visual_projection,3
8197392,mixed,mix->LAT,mix,LAT,1,0,3,81,35,1.497,47546,586.988,visual_centrifugal,3,2,2,"[centralL2, centralL3] -> visual_centrifugalL3 -> [opticL3, visual_projectionL3]",central,2,central,3,optic,3,visual_projection,3
8197144,mixed,mix->mix,mix,mix,1,1,2,81,23,1.776,75274,929.309,visual_centrifugal,3,2,2,"[centralL3, visual_centrifugalL2] -> visual_centrifugalL3 -> [opticL2, opticL3]",central,3,visual_centrifugal,2,optic,2,optic,3
8168744,mixed,mix->FWD,mix,FWD,3,0,1,1062,79,3.905,75277,70.882,visual_projection,2,2,2,"[opticL1, opticL2] -> visual_projectionL2 -> [opticL3, visual_projectionL3]",optic,1,optic,2,optic,3,visual_projection,3
8159429,mixed,BWD->FWD,BWD,FWD,2,2,0,45,19,5.554,42653,947.844,visual_centrifugal,1,2,2,"[ascendingL2, centralL2] -> visual_centrifugalL1 -> [opticL2, visual_projectionL2]",ascending,2,central,2,optic,2,visual_projection,2
8102584,mixed,mix->mix,mix,mix,1,2,1,311,48,5.404,46968,151.023,visual_centrifugal,2,2,2,"[ascendingL2, centralL3] -> visual_centrifugalL2 -> [opticL1, opticL3]",ascending,2,central,3,optic,1,optic,3
8037629,mixed,mix->mix,mix,mix,1,2,1,311,12,2.596,42780,137.556,visual_centrifugal,2,2,2,"[visual_centrifugalL3, visual_projectionL1] -> visual_centrifugalL2 -> [opticL1, opticL2]",visual_centrifugal,3,visual_projection,1,optic,1,optic,2
7904725,mixed,mix->mix,mix,mix,2,1,1,311,21,4.429,81997,263.656,visual_centrifugal,2,2,2,"[centralL3, opticL1] -> visual_centrifugalL2 -> [opticL2, opticL3]",central,3,optic,1,optic,2,optic,3
7864168,mixed,LAT->FWD,LAT,FWD,2,0,2,311,85,6.835,39173,125.958,visual_centrifugal,2,2,2,"[centralL2, visual_projectionL2] -> visual_centrifugalL2 -> [opticL3, visual_projectionL3]",central,2,visual_projection,2,optic,3,visual_projection,3
7780871,mixed,mix->mix,mix,mix,2,1,1,5452,60,4.356,19750,3.623,central,2,2,2,"[centralL1, sensoryL2] -> centralL2 -> [centralL3, sensoryL1]",central,1,sensory,2,central,3,sensory,1
7741666,mixed,LAT->mix,LAT,mix,0,1,3,81,20,1.13,43156,532.79,visual_centrifugal,3,2,2,"[centralL3, visual_projectionL3] -> visual_centrifugalL3 -> [opticL3, visual_projectionL2]",central,3,visual_projection,3,optic,3,visual_projection,2
7667439,mixed,FWD->mix,FWD,mix,2,1,1,311,20,2.444,42852,137.788,visual_centrifugal,2,2,2,"[ascendingL1, visual_projectionL1] -> visual_centrifugalL2 -> [opticL1, opticL2]",ascending,1,visual_projection,1,optic,1,optic,2
7623348,mixed,LAT->FWD,LAT,FWD,2,0,2,311,56,3.753,73695,236.961,visual_centrifugal,2,2,2,"[centralL2, opticL2] -> visual_centrifugalL2 -> [opticL3, visual_projectionL3]",central,2,optic,2,optic,3,visual_projection,3
7545162,mixed,mix->mix,mix,mix,1,2,1,35584,281,4.816,40755,1.145,optic,2,2,2,"[visual_projectionL2, visual_projectionL3] -> opticL2 -> [opticL1, opticL3]",visual_projection,2,visual_projection,3,optic,1,optic,3
7543428,mixed,BWD->mix,BWD,mix,0,3,1,35584,131,2.3,38121,1.071,optic,2,2,2,"[opticL3, visual_centrifugalL3] -> opticL2 -> [opticL1, visual_projectionL2]",optic,3,visual_centrifugal,3,optic,1,visual_projection,2
7483750,mixed,mix->LAT,mix,LAT,1,1,2,311,67,4.48,46616,149.891,visual_centrifugal,2,2,2,"[centralL1, centralL3] -> visual_centrifugalL2 -> [opticL2, visual_projectionL2]",central,1,central,3,optic,2,visual_projection,2
7461109,mixed,mix->FWD,mix,FWD,3,0,1,35584,77,3.201,33802,0.95,optic,2,2,2,"[visual_projectionL1, visual_projectionL2] -> opticL2 -> [opticL3, visual_projectionL3]",visual_projection,1,visual_projection,2,optic,3,visual_projection,3
7438959,mixed,mix->mix,mix,mix,2,2,0,311,29,3.297,38000,122.186,visual_centrifugal,2,2,2,"[ascendingL3, centralL1] -> visual_centrifugalL2 -> [opticL1, opticL3]",ascending,3,central,1,optic,1,optic,3
7332504,mixed,mix->mix,mix,mix,0,2,2,1062,141,9.749,71515,67.34,visual_projection,2,2,2,"[opticL2, opticL3] -> visual_projectionL2 -> [centralL1, centralL2]",optic,2,optic,3,central,1,central,2
7316991,mixed,BWD->mix,BWD,mix,1,3,0,311,31,4.617,46900,150.804,visual_centrifugal,2,2,2,"[ascendingL3, centralL3] -> visual_centrifugalL2 -> [opticL1, opticL3]",ascending,3,central,3,optic,1,optic,3
7228271,mixed,mix->mix,mix,mix,2,1,1,311,54,5.345,68324,219.691,visual_centrifugal,2,2,2,"[visual_projectionL1, visual_projectionL3] -> visual_centrifugalL2 -> [opticL2, opticL3]",visual_projection,1,visual_projection,3,optic,2,optic,3
7196871,mixed,mix->mix,mix,mix,1,2,1,1062,115,6.167,68324,64.335,visual_projection,2,2,2,"[opticL2, opticL3] -> visual_projectionL2 -> [visual_projectionL1, visual_projectionL3]",optic,2,optic,3,visual_projection,1,visual_projection,3
7116878,mixed,mix->mix,mix,mix,1,1,2,1062,228,20.553,53186,50.081,visual_projection,2,2,2,"[opticL2, visual_projectionL3] -> visual_projectionL2 -> [centralL2, centralL3]",optic,2,visual_projection,3,central,2,central,3
7100872,mixed,mix->mix,mix,mix,1,1,2,81,10,1.082,38422,474.346,visual_centrifugal,3,2,2,"[centralL2, visual_projectionL3] -> visual_centrifugalL3 -> [opticL3, visual_centrifugalL2]",central,2,visual_projection,3,optic,3,visual_centrifugal,2
6983975,mixed,LAT->mix,LAT,mix,1,1,2,311,50,3.395,78014,250.849,visual_centrifugal,2,2,2,"[centralL2, opticL2] -> visual_centrifugalL2 -> [opticL1, opticL3]",central,2,optic,2,optic,1,optic,3
6929410,mixed,mix->mix,mix,mix,2,2,0,311,21,3.992,37594,120.881,visual_centrifugal,2,2,2,"[centralL1, visual_centrifugalL3] -> visual_centrifugalL2 -> [opticL1, opticL3]",central,1,visual_centrifugal,3,optic,1,optic,3
6858994,mixed,mix->mix,mix,mix,2,2,0,35584,25,3.991,39774,1.118,optic,2,2,2,"[opticL3, visual_projectionL1] -> opticL2 -> [opticL1, visual_projectionL3]",optic,3,visual_projection,1,optic,1,visual_projection,3
6832863,mixed,mix->mix,mix,mix,1,2,1,35584,230,1.527,31132,0.875,optic,2,2,2,"[opticL3, visual_centrifugalL1] -> opticL2 -> [visual_projectionL1, visual_projectionL2]",optic,3,visual_centrifugal,1,visual_projection,1,visual_projection,2
6775333,mixed,mix->FWD,mix,FWD,2,1,1,311,53,4.163,42649,137.135,visual_centrifugal,2,2,2,"[ascendingL2, centralL3] -> visual_centrifugalL2 -> [opticL3, visual_projectionL3]",ascending,2,central,3,optic,3,visual_projection,3
6765396,mixed,mix->mix,mix,mix,2,0,2,35584,507,2.043,4133,0.116,optic,2,2,2,"[visual_centrifugalL1, visual_centrifugalL2] -> opticL2 -> [visual_projectionL2, visual_projectionL3]",visual_centrifugal,1,visual_centrifugal,2,visual_projection,2,visual_projection,3
6756372,mixed,LAT->mix,LAT,mix,1,0,3,311,87,6.347,44813,144.093,visual_centrifugal,2,2,2,"[centralL2, visual_projectionL2] -> visual_centrifugalL2 -> [opticL2, visual_projectionL3]",central,2,visual_projection,2,optic,2,visual_projection,3
6750825,mixed,mix->FWD,mix,FWD,2,1,1,45,17,4.454,42251,938.911,visual_centrifugal,1,2,2,"[ascendingL1, centralL2] -> visual_centrifugalL1 -> [opticL2, visual_projectionL2]",ascending,1,central,2,optic,2,visual_projection,2
6744105,mixed,FWD->LAT,FWD,LAT,2,0,2,81,15,1.435,34032,420.148,visual_centrifugal,3,2,2,"[visual_centrifugalL2, visual_projectionL2] -> visual_centrifugalL3 -> [opticL3, visual_projectionL3]",visual_centrifugal,2,visual_projection,2,optic,3,visual_projection,3
6685337,mixed,mix->mix,mix,mix,2,0,2,1062,162,3.447,57505,54.148,visual_projection,2,2,2,"[opticL1, opticL2] -> visual_projectionL2 -> [centralL2, centralL3]",optic,1,optic,2,central,2,central,3
6676923,mixed,FWD->mix,FWD,mix,3,1,0,311,48,4.074,37666,121.113,visual_centrifugal,2,2,2,"[ascendingL1, centralL1] -> visual_centrifugalL2 -> [opticL1, opticL3]",ascending,1,central,1,optic,1,optic,3
6601267,mixed,LAT->mix,LAT,mix,1,0,3,311,61,4.792,72042,231.646,visual_centrifugal,2,2,2,"[centralL2, opticL2] -> visual_centrifugalL2 -> [opticL3, visual_projectionL2]",central,2,optic,2,optic,3,visual_projection,2
6561240,mixed,BWD->mix,BWD,mix,1,2,1,45,1,1.0,52099,1157.756,visual_centrifugal,1,2,2,"[centralL2, sensoryL2] -> visual_centrifugalL1 -> [opticL1, opticL2]",central,2,sensory,2,optic,1,optic,2
6531175,mixed,mix->mix,mix,mix,2,1,1,311,74,2.196,48269,155.206,visual_centrifugal,2,2,2,"[centralL1, centralL3] -> visual_centrifugalL2 -> [opticL2, visual_projectionL3]",central,1,central,3,optic,2,visual_projection,3
6496355,mixed,BWD->mix,BWD,mix,1,2,1,311,69,2.867,43156,138.765,visual_centrifugal,2,2,2,"[centralL3, visual_projectionL3] -> visual_centrifugalL2 -> [opticL3, visual_projectionL2]",central,3,visual_projection,3,optic,3,visual_projection,2
6466378,mixed,mix->mix,mix,mix,2,1,1,311,33,6.522,68396,219.923,visual_centrifugal,2,2,2,"[ascendingL1, visual_projectionL3] -> visual_centrifugalL2 -> [opticL2, opticL3]",ascending,1,visual_projection,3,optic,2,optic,3
6365895,mixed,mix->mix,mix,mix,1,1,2,45,3,2.457,43175,959.444,visual_centrifugal,1,2,2,"[ascendingL2, descendingL1] -> visual_centrifugalL1 -> [opticL1, opticL2]",ascending,2,descending,1,optic,1,optic,2
6340666,mixed,mix->FWD,mix,FWD,2,1,1,35584,41,1.698,33051,0.929,optic,2,2,2,"[opticL3, visual_centrifugalL2] -> opticL2 -> [visual_centrifugalL3, visual_projectionL3]",optic,3,visual_centrifugal,2,visual_centrifugal,3,visual_projection,3
6320760,mixed,mix->mix,mix,mix,1,2,1,311,37,2.55,45414,146.026,visual_centrifugal,2,2,2,"[visual_projectionL1, visual_projectionL3] -> visual_centrifugalL2 -> [opticL1, opticL2]",visual_projection,1,visual_projection,3,optic,1,optic,2
6312208,mixed,LAT->FWD,LAT,FWD,2,0,2,311,58,3.955,69305,222.846,visual_centrifugal,2,2,2,"[opticL2, visual_projectionL2] -> visual_centrifugalL2 -> [opticL3, visual_projectionL3]",optic,2,visual_projection,2,optic,3,visual_projection,3
6271716,mixed,LAT->mix,LAT,mix,1,0,3,45,3,2.712,42773,950.511,visual_centrifugal,1,2,2,"[ascendingL1, descendingL1] -> visual_centrifugalL1 -> [opticL1, opticL2]",ascending,1,descending,1,optic,1,optic,2
6232183,mixed,LAT->mix,LAT,mix,1,1,2,35584,39,2.149,31362,0.881,optic,2,2,2,"[visual_centrifugalL2, visual_projectionL2] -> opticL2 -> [opticL3, visual_centrifugalL1]",visual_centrifugal,2,visual_projection,2,optic,3,visual_centrifugal,1
6229700,mixed,BWD->mix,BWD,mix,1,2,1,35584,35,4.182,33051,0.929,optic,2,2,2,"[opticL3, visual_centrifugalL3] -> opticL2 -> [visual_centrifugalL2, visual_projectionL3]",optic,3,visual_centrifugal,3,visual_centrifugal,2,visual_projection,3
6208414,mixed,BWD->FWD,BWD,FWD,2,2,0,311,30,3.356,42581,136.916,visual_centrifugal,2,2,2,"[ascendingL3, centralL3] -> visual_centrifugalL2 -> [opticL3, visual_projectionL3]",ascending,3,central,3,optic,3,visual_projection,3
6184062,mixed,mix->LAT,mix,LAT,1,1,2,35584,120,2.285,31362,0.881,optic,2,2,2,"[opticL3, visual_centrifugalL1] -> opticL2 -> [visual_centrifugalL2, visual_projectionL2]",optic,3,visual_centrifugal,1,visual_centrifugal,2,visual_projection,2
6169003,mixed,LAT->mix,LAT,mix,1,0,3,311,14,3.617,71032,228.399,visual_centrifugal,2,2,2,"[centralL2, descendingL2] -> visual_centrifugalL2 -> [opticL2, opticL3]",central,2,descending,2,optic,2,optic,3
6139087,mixed,mix->mix,mix,mix,2,0,2,311,31,9.608,66236,212.977,visual_centrifugal,2,2,2,"[ascendingL1, ascendingL2] -> visual_centrifugalL2 -> [opticL2, opticL3]",ascending,1,ascending,2,optic,2,optic,3
6118048,mixed,mix->FWD,mix,FWD,3,0,1,311,77,4.019,38646,124.264,visual_centrifugal,2,2,2,"[centralL1, centralL2] -> visual_centrifugalL2 -> [opticL3, visual_projectionL3]",central,1,central,2,optic,3,visual_projection,3
6093394,mixed,mix->mix,mix,mix,0,2,2,311,15,2.219,43823,140.91,visual_centrifugal,2,2,2,"[descendingL3, visual_projectionL2] -> visual_centrifugalL2 -> [opticL1, opticL2]",descending,3,visual_projection,2,optic,1,optic,2
6060682,mixed,mix->mix,mix,mix,2,1,1,311,68,2.829,40976,131.756,visual_centrifugal,2,2,2,"[centralL1, centralL3] -> visual_centrifugalL2 -> [opticL3, visual_projectionL2]",central,1,central,3,optic,3,visual_projection,2
6002633,mixed,mix->mix,mix,mix,2,2,0,35584,201,2.603,32785,0.921,optic,2,2,2,"[opticL3, visual_centrifugalL1] -> opticL2 -> [visual_projectionL1, visual_projectionL3]",optic,3,visual_centrifugal,1,visual_projection,1,visual_projection,3
5996144,mixed,BWD->mix,BWD,mix,0,3,1,35584,10,1.737,31132,0.875,optic,2,2,2,"[opticL3, visual_centrifugalL3] -> opticL2 -> [visual_centrifugalL1, visual_projectionL2]",optic,3,visual_centrifugal,3,visual_centrifugal,1,visual_projection,2
5953907,mixed,FWD->mix,FWD,mix,2,1,1,81,23,1.698,71291,880.136,visual_centrifugal,3,2,2,"[centralL2, visual_centrifugalL2] -> visual_centrifugalL3 -> [opticL2, opticL3]",central,2,visual_centrifugal,2,optic,2,optic,3
5911781,mixed,mix->mix,mix,mix,2,0,2,35584,1275,3.748,38351,1.078,optic,2,2,2,"[opticL1, visual_centrifugalL2] -> opticL2 -> [opticL3, visual_projectionL2]",optic,1,visual_centrifugal,2,optic,3,visual_projection,2
5875424,mixed,mix->mix,mix,mix,0,2,2,35584,44,2.504,38351,1.078,optic,2,2,2,"[opticL3, visual_projectionL2] -> opticL2 -> [opticL1, visual_centrifugalL2]",optic,3,visual_projection,2,optic,1,visual_centrifugal,2
5866818,mixed,mix->mix,mix,mix,1,1,2,81,19,1.153,39173,483.617,visual_centrifugal,3,2,2,"[centralL2, visual_projectionL3] -> visual_centrifugalL3 -> [opticL3, visual_projectionL2]",central,2,visual_projection,3,optic,3,visual_projection,2
5839667,mixed,mix->mix,mix,mix,2,1,1,311,39,3.224,42511,136.691,visual_centrifugal,2,2,2,"[centralL2, visual_projectionL1] -> visual_centrifugalL2 -> [opticL1, opticL3]",central,2,visual_projection,1,optic,1,optic,3
5812977,mixed,BWD->mix,BWD,mix,1,3,0,311,21,4.144,46494,149.498,visual_centrifugal,2,2,2,"[centralL3, visual_centrifugalL3] -> visual_centrifugalL2 -> [opticL1, opticL3]",central,3,visual_centrifugal,3,optic,1,optic,3
5800817,mixed,mix->mix,mix,mix,1,1,2,45,16,2.086,13332,296.267,visual_centrifugal,1,2,2,"[centralL1, centralL2] -> visual_centrifugalL1 -> [opticL1, visual_centrifugalL2]",central,1,central,2,optic,1,visual_centrifugal,2
5779919,mixed,mix->mix,mix,mix,2,1,1,35584,143,1.878,31132,0.875,optic,2,2,2,"[visual_centrifugalL1, visual_centrifugalL3] -> opticL2 -> [opticL3, visual_projectionL2]",visual_centrifugal,1,visual_centrifugal,3,optic,3,visual_projection,2
5755416,mixed,mix->FWD,mix,FWD,3,0,1,35584,115,2.825,33051,0.929,optic,2,2,2,"[visual_centrifugalL2, visual_projectionL1] -> opticL2 -> [opticL3, visual_projectionL3]",visual_centrifugal,2,visual_projection,1,optic,3,visual_projection,3
5739724,mixed,mix->mix,mix,mix,1,2,1,1062,67,4.411,68288,64.301,visual_projection,2,2,2,"[opticL2, opticL3] -> visual_projectionL2 -> [visual_centrifugalL1, visual_projectionL3]",optic,2,optic,3,visual_centrifugal,1,visual_projection,3
5734991,mixed,mix->mix,mix,mix,2,2,0,311,43,4.642,46566,149.73,visual_centrifugal,2,2,2,"[ascendingL1, centralL3] -> visual_centrifugalL2 -> [opticL1, opticL3]",ascending,1,central,3,optic,1,optic,3
5734846,mixed,mix->mix,mix,mix,1,1,2,35584,164,2.113,4169,0.117,optic,2,2,2,"[visual_centrifugalL2, visual_centrifugalL3] -> opticL2 -> [visual_projectionL2, visual_projectionL3]",visual_centrifugal,2,visual_centrifugal,3,visual_projection,2,visual_projection,3
5713109,mixed,mix->mix,mix,mix,0,2,2,1062,97,8.02,71025,66.879,visual_projection,2,2,2,"[opticL2, opticL3] -> visual_projectionL2 -> [centralL2, visual_centrifugalL1]",optic,2,optic,3,central,2,visual_centrifugal,1
5705006,mixed,mix->mix,mix,mix,1,1,2,311,55,6.928,66671,214.376,visual_centrifugal,2,2,2,"[visual_centrifugalL3, visual_projectionL2] -> visual_centrifugalL2 -> [opticL2, opticL3]",visual_centrifugal,3,visual_projection,2,optic,2,optic,3
5639140,mixed,mix->mix,mix,mix,1,2,1,1062,36,4.014,75277,70.882,visual_projection,2,2,2,"[opticL2, opticL3] -> visual_projectionL2 -> [opticL1, visual_projectionL3]",optic,2,optic,3,optic,1,visual_projection,3
5626645,mixed,BWD->mix,BWD,mix,0,3,1,35584,131,1.662,31168,0.876,optic,2,2,2,"[opticL3, visual_centrifugalL3] -> opticL2 -> [visual_projectionL1, visual_projectionL2]",optic,3,visual_centrifugal,3,visual_projection,1,visual_projection,2
5581584,mixed,BWD->mix,BWD,mix,1,2,1,35584,31,1.401,33802,0.95,optic,2,2,2,"[opticL3, visual_projectionL3] -> opticL2 -> [visual_centrifugalL3, visual_projectionL2]",optic,3,visual_projection,3,visual_centrifugal,3,visual_projection,2
5578947,mixed,mix->LAT,mix,LAT,1,0,3,81,21,1.53,42405,523.519,visual_centrifugal,3,2,2,"[centralL3, visual_centrifugalL2] -> visual_centrifugalL3 -> [opticL3, visual_projectionL3]",central,3,visual_centrifugal,2,optic,3,visual_projection,3
5535255,mixed,FWD->mix,FWD,mix,2,1,1,29944,1465,4.31,39672,1.325,optic,3,2,2,"[opticL2, visual_centrifugalL2] -> opticL3 -> [visual_projectionL2, visual_projectionL3]",optic,2,visual_centrifugal,2,visual_projection,2,visual_projection,3
5531997,mixed,LAT->mix,LAT,mix,1,1,2,35584,186,2.133,31398,0.882,optic,2,2,2,"[visual_centrifugalL2, visual_projectionL2] -> opticL2 -> [opticL3, visual_projectionL1]",visual_centrifugal,2,visual_projection,2,optic,3,visual_projection,1
5476088,mixed,BWD->mix,BWD,mix,1,3,0,311,56,7.086,49128,157.968,visual_centrifugal,2,2,2,"[centralL3, visual_projectionL3] -> visual_centrifugalL2 -> [opticL1, opticL3]",central,3,visual_projection,3,optic,1,optic,3
5443101,mixed,mix->mix,mix,mix,1,1,2,45,10,2.334,43761,972.467,visual_centrifugal,1,2,2,"[visual_projectionL1, visual_projectionL2] -> visual_centrifugalL1 -> [opticL1, opticL2]",visual_projection,1,visual_projection,2,optic,1,optic,2
5434334,mixed,mix->mix,mix,mix,1,1,2,311,20,5.301,66733,214.576,visual_centrifugal,2,2,2,"[descendingL3, visual_projectionL2] -> visual_centrifugalL2 -> [opticL2, opticL3]",descending,3,visual_projection,2,optic,2,optic,3
5350239,mixed,mix->FWD,mix,FWD,2,1,1,1062,157,10.657,77678,73.143,visual_projection,2,2,2,"[opticL2, visual_projectionL3] -> visual_projectionL2 -> [centralL3, opticL3]",optic,2,visual_projection,3,central,3,optic,3
5277529,mixed,mix->mix,mix,mix,2,2,0,311,52,4.174,40228,129.35,visual_centrifugal,2,2,2,"[centralL1, visual_projectionL3] -> visual_centrifugalL2 -> [opticL1, opticL3]",central,1,visual_projection,3,optic,1,optic,3
5264346,mixed,mix->FWD,mix,FWD,3,1,0,35584,142,2.283,32785,0.921,optic,2,2,2,"[visual_centrifugalL1, visual_centrifugalL3] -> opticL2 -> [opticL3, visual_projectionL3]",visual_centrifugal,1,visual_centrifugal,3,optic,3,visual_projection,3
5190925,mixed,BWD->mix,BWD,mix,1,3,0,35584,10,2.213,32785,0.921,optic,2,2,2,"[opticL3, visual_centrifugalL3] -> opticL2 -> [visual_centrifugalL1, visual_projectionL3]",optic,3,visual_centrifugal,3,visual_centrifugal,1,visual_projection,3
5180086,mixed,mix->mix,mix,mix,0,2,2,311,6,1.923,43157,138.768,visual_centrifugal,2,2,2,"[ascendingL3, descendingL2] -> visual_centrifugalL2 -> [opticL1, opticL2]",ascending,3,descending,2,optic,1,optic,2
5173227,mixed,mix->mix,mix,mix,2,1,1,35584,410,5.344,40755,1.145,optic,2,2,2,"[opticL1, visual_projectionL3] -> opticL2 -> [opticL3, visual_projectionL2]",optic,1,visual_projection,3,optic,3,visual_projection,2
5157873,mixed,BWD->mix,BWD,mix,1,3,0,35584,121,2.768,32821,0.922,optic,2,2,2,"[opticL3, visual_centrifugalL3] -> opticL2 -> [visual_projectionL1, visual_projectionL3]",optic,3,visual_centrifugal,3,visual_projection,1,visual_projection,3
5125664,mixed,LAT->FWD,LAT,FWD,2,0,2,311,53,4.461,38666,124.328,visual_centrifugal,2,2,2,"[ascendingL2, centralL2] -> visual_centrifugalL2 -> [opticL3, visual_projectionL3]",ascending,2,central,2,optic,3,visual_projection,3
5120131,mixed,mix->mix,mix,mix,1,1,2,311,46,3.498,69305,222.846,visual_centrifugal,2,2,2,"[opticL3, visual_projectionL2] -> visual_centrifugalL2 -> [opticL2, visual_projectionL3]",optic,3,visual_projection,2,optic,2,visual_projection,3
5073402,mixed,BWD->LAT,BWD,LAT,0,2,2,311,68,2.396,48796,156.9,visual_centrifugal,2,2,2,"[centralL3, visual_projectionL3] -> visual_centrifugalL2 -> [opticL2, visual_projectionL2]",central,3,visual_projection,3,optic,2,visual_projection,2
5028965,mixed,mix->mix,mix,mix,2,1,1,311,18,5.722,66206,212.881,visual_centrifugal,2,2,2,"[centralL1, descendingL3] -> visual_centrifugalL2 -> [opticL2, opticL3]",central,1,descending,3,optic,2,optic,3
4956887,mixed,mix->mix,mix,mix,1,1,2,311,48,1.238,69305,222.846,visual_centrifugal,2,2,2,"[opticL2, opticL3] -> visual_centrifugalL2 -> [visual_projectionL2, visual_projectionL3]",optic,2,optic,3,visual_projection,2,visual_projection,3
4943658,mixed,LAT->mix,LAT,mix,0,1,3,311,9,1.924,43732,140.617,visual_centrifugal,2,2,2,"[descendingL2, visual_projectionL2] -> visual_centrifugalL2 -> [opticL1, opticL2]",descending,2,visual_projection,2,optic,1,optic,2
4919121,mixed,mix->mix,mix,mix,1,1,2,311,62,3.098,69305,222.846,visual_centrifugal,2,2,2,"[opticL2, visual_projectionL3] -> visual_centrifugalL2 -> [opticL3, visual_projectionL2]",optic,2,visual_projection,3,optic,3,visual_projection,2
4911536,mixed,mix->mix,mix,mix,1,2,1,35584,392,5.069,40004,1.124,optic,2,2,2,"[visual_centrifugalL2, visual_projectionL3] -> opticL2 -> [opticL1, opticL3]",visual_centrifugal,2,visual_projection,3,optic,1,optic,3
4906019,mixed,mix->FWD,mix,FWD,2,1,1,45,16,5.271,37736,838.578,visual_centrifugal,1,2,2,"[ascendingL2, centralL1] -> visual_centrifugalL1 -> [opticL2, visual_projectionL2]",ascending,2,central,1,optic,2,visual_projection,2
4891289,mixed,mix->FWD,mix,FWD,2,1,1,311,28,3.283,38598,124.109,visual_centrifugal,2,2,2,"[ascendingL3, centralL2] -> visual_centrifugalL2 -> [opticL3, visual_projectionL3]",ascending,3,central,2,optic,3,visual_projection,3
4830395,mixed,mix->FWD,mix,FWD,3,0,1,1062,111,4.439,68288,64.301,visual_projection,2,2,2,"[opticL2, visual_centrifugalL1] -> visual_projectionL2 -> [opticL3, visual_projectionL3]",optic,2,visual_centrifugal,1,optic,3,visual_projection,3
4746297,mixed,mix->mix,mix,mix,2,1,1,311,22,6.764,66168,212.759,visual_centrifugal,2,2,2,"[ascendingL1, ascendingL3] -> visual_centrifugalL2 -> [opticL2, opticL3]",ascending,1,ascending,3,optic,2,optic,3
4736320,mixed,BWD->LAT,BWD,LAT,0,2,2,35584,38,2.138,31398,0.882,optic,2,2,2,"[opticL3, visual_centrifugalL3] -> opticL2 -> [visual_centrifugalL2, visual_projectionL2]",optic,3,visual_centrifugal,3,visual_centrifugal,2,visual_projection,2
4680188,mixed,mix->mix,mix,mix,1,2,1,5452,70,4.722,19750,3.623,central,2,2,2,"[centralL3, sensoryL1] -> centralL2 -> [centralL1, sensoryL2]",central,3,sensory,1,central,1,sensory,2
4662746,mixed,mix->mix,mix,mix,1,1,2,311,52,3.744,48289,155.27,visual_centrifugal,2,2,2,"[ascendingL2, centralL3] -> visual_centrifugalL2 -> [opticL2, visual_projectionL3]",ascending,2,central,3,optic,2,visual_projection,3
4642550,mixed,mix->mix,mix,mix,2,0,2,311,76,3.039,44286,142.399,visual_centrifugal,2,2,2,"[centralL1, centralL2] -> visual_centrifugalL2 -> [opticL2, visual_projectionL3]",central,1,central,2,optic,2,visual_projection,3
4630316,mixed,BWD->mix,BWD,mix,1,2,1,1062,207,10.226,47546,44.77,visual_projection,2,2,2,"[opticL3, visual_projectionL3] -> visual_projectionL2 -> [centralL2, centralL3]",optic,3,visual_projection,3,central,2,central,3
4622450,mixed,mix->mix,mix,mix,2,1,1,311,29,3.934,13102,42.129,visual_centrifugal,2,2,2,"[centralL1, centralL2] -> visual_centrifugalL2 -> [opticL1, visual_centrifugalL3]",central,1,central,2,optic,1,visual_centrifugal,3
4592868,mixed,BWD->mix,BWD,mix,1,2,1,45,1,1.0,47709,1060.2,visual_centrifugal,1,2,2,"[sensoryL2, visual_projectionL2] -> visual_centrifugalL1 -> [opticL1, opticL2]",sensory,2,visual_projection,2,optic,1,optic,2
4584411,mixed,mix->mix,mix,mix,1,1,2,311,65,3.357,39173,125.958,visual_centrifugal,2,2,2,"[centralL2, visual_projectionL3] -> visual_centrifugalL2 -> [opticL3, visual_projectionL2]",central,2,visual_projection,3,optic,3,visual_projection,2
4562111,mixed,LAT->mix,LAT,mix,0,1,3,311,9,2.002,43225,138.987,visual_centrifugal,2,2,2,"[ascendingL2, descendingL2] -> visual_centrifugalL2 -> [opticL1, opticL2]",ascending,2,descending,2,optic,1,optic,2
4560730,mixed,BWD->mix,BWD,mix,1,2,1,311,34,3.264,40928,131.601,visual_centrifugal,2,2,2,"[ascendingL3, centralL3] -> visual_centrifugalL2 -> [opticL3, visual_projectionL2]",ascending,3,central,3,optic,3,visual_projection,2
4557414,mixed,mix->mix,mix,mix,1,1,2,311,51,3.686,40996,131.82,visual_centrifugal,2,2,2,"[ascendingL2, centralL3] -> visual_centrifugalL2 -> [opticL3, visual_projectionL2]",ascending,2,central,3,optic,3,visual_projection,2
4444662,mixed,mix->mix,mix,mix,2,0,2,311,73,4.032,36993,118.949,visual_centrifugal,2,2,2,"[centralL1, centralL2] -> visual_centrifugalL2 -> [opticL3, visual_projectionL2]",central,1,central,2,optic,3,visual_projection,2
4435485,mixed,mix->mix,mix,mix,2,1,1,311,34,4.609,45635,146.736,visual_centrifugal,2,2,2,"[centralL1, centralL3] -> visual_centrifugalL2 -> [opticL2, visual_centrifugalL3]",central,1,central,3,optic,2,visual_centrifugal,3
4385293,mixed,mix->mix,mix,mix,1,1,2,311,71,1.775,18664,60.013,visual_centrifugal,2,2,2,"[centralL2, centralL3] -> visual_centrifugalL2 -> [visual_projectionL2, visual_projectionL3]",central,2,central,3,visual_projection,2,visual_projection,3
4360920,mixed,mix->mix,mix,mix,2,0,2,35584,87,2.289,31398,0.882,optic,2,2,2,"[visual_centrifugalL2, visual_projectionL1] -> opticL2 -> [opticL3, visual_projectionL2]",visual_centrifugal,2,visual_projection,1,optic,3,visual_projection,2
4358891,mixed,BWD->mix,BWD,mix,1,2,1,1062,110,3.126,42405,39.929,visual_projection,2,2,2,"[opticL3, visual_projectionL3] -> visual_projectionL2 -> [centralL3, visual_centrifugalL2]",optic,3,visual_projection,3,central,3,visual_centrifugal,2
4336405,mixed,FWD->mix,FWD,mix,3,0,1,311,17,3.409,73097,235.039,visual_centrifugal,2,2,2,"[centralL1, opticL1] -> visual_centrifugalL2 -> [opticL2, opticL3]",central,1,optic,1,optic,2,optic,3
4235503,mixed,mix->mix,mix,mix,2,2,0,35584,260,6.089,39774,1.118,optic,2,2,2,"[opticL1, opticL3] -> opticL2 -> [visual_projectionL1, visual_projectionL3]",optic,1,optic,3,visual_projection,1,visual_projection,3
4228174,mixed,mix->mix,mix,mix,1,2,1,35584,33,2.264,33766,0.949,optic,2,2,2,"[visual_projectionL2, visual_projectionL3] -> opticL2 -> [opticL3, visual_centrifugalL1]",visual_projection,2,visual_projection,3,optic,3,visual_centrifugal,1
4221977,mixed,FWD->mix,FWD,mix,3,0,1,311,30,7.566,66108,212.566,visual_centrifugal,2,2,2,"[centralL1, visual_centrifugalL1] -> visual_centrifugalL2 -> [opticL2, opticL3]",central,1,visual_centrifugal,1,optic,2,optic,3
4198060,mixed,mix->mix,mix,mix,1,2,1,311,46,4.52,81997,263.656,visual_centrifugal,2,2,2,"[centralL3, opticL2] -> visual_centrifugalL2 -> [opticL1, opticL3]",central,3,optic,2,optic,1,optic,3
4167179,mixed,mix->mix,mix,mix,0,2,2,1062,125,10.122,71061,66.912,visual_projection,2,2,2,"[opticL2, opticL3] -> visual_projectionL2 -> [centralL2, visual_projectionL1]",optic,2,optic,3,central,2,visual_projection,1
4159579,mixed,mix->FWD,mix,FWD,2,1,1,1062,67,9.805,75044,70.663,visual_projection,2,2,2,"[opticL2, opticL3] -> visual_projectionL2 -> [centralL3, visual_centrifugalL3]",optic,2,optic,3,central,3,visual_centrifugal,3
4100472,mixed,FWD->LAT,FWD,LAT,2,0,2,81,21,1.485,38422,474.346,visual_centrifugal,3,2,2,"[centralL2, visual_centrifugalL2] -> visual_centrifugalL3 -> [opticL3, visual_projectionL3]",central,2,visual_centrifugal,2,optic,3,visual_projection,3
4058699,mixed,FWD->mix,FWD,mix,2,1,1,81,14,1.173,67145,828.951,visual_centrifugal,3,2,2,"[ascendingL2, visual_projectionL2] -> visual_centrifugalL3 -> [opticL2, opticL3]",ascending,2,visual_projection,2,optic,2,optic,3
4008850,mixed,mix->LAT,mix,LAT,0,1,3,311,64,3.974,44813,144.093,visual_centrifugal,2,2,2,"[centralL2, visual_projectionL3] -> visual_centrifugalL2 -> [opticL2, visual_projectionL2]",central,2,visual_projection,3,optic,2,visual_projection,2
4006389,mixed,mix->mix,mix,mix,1,2,1,35584,158,2.651,33802,0.95,optic,2,2,2,"[visual_projectionL2, visual_projectionL3] -> opticL2 -> [opticL3, visual_projectionL1]",visual_projection,2,visual_projection,3,optic,3,visual_projection,1
3978476,mixed,BWD->mix,BWD,mix,1,2,1,311,44,6.286,77678,249.768,visual_centrifugal,2,2,2,"[centralL3, opticL3] -> visual_centrifugalL2 -> [opticL2, visual_projectionL3]",central,3,optic,3,optic,2,visual_projection,3
3973613,mixed,LAT->FWD,LAT,FWD,2,0,2,45,17,4.216,37334,829.644,visual_centrifugal,1,2,2,"[ascendingL1, centralL1] -> visual_centrifugalL1 -> [opticL2, visual_projectionL2]",ascending,1,central,1,optic,2,visual_projection,2
3962456,mixed,mix->mix,mix,mix,0,2,2,311,71,4.908,50552,162.547,visual_centrifugal,2,2,2,"[centralL2, centralL3] -> visual_centrifugalL2 -> [opticL2, visual_projectionL1]",central,2,central,3,optic,2,visual_projection,1
3953128,mixed,mix->mix,mix,mix,1,1,2,81,13,1.177,34032,420.148,visual_centrifugal,3,2,2,"[visual_centrifugalL2, visual_projectionL3] -> visual_centrifugalL3 -> [opticL3, visual_projectionL2]",visual_centrifugal,2,visual_projection,3,optic,3,visual_projection,2
3948029,mixed,mix->FWD,mix,FWD,2,1,1,1062,39,4.104,68324,64.335,visual_projection,2,2,2,"[opticL2, visual_centrifugalL3] -> visual_projectionL2 -> [opticL3, visual_projectionL3]",optic,2,visual_centrifugal,3,optic,3,visual_projection,3
3889275,mixed,mix->mix,mix,mix,1,1,2,35584,55,3.38,34032,0.956,optic,2,2,2,"[visual_projectionL2, visual_projectionL3] -> opticL2 -> [opticL3, visual_centrifugalL2]",visual_projection,2,visual_projection,3,optic,3,visual_centrifugal,2
3843267,mixed,mix->mix,mix,mix,1,2,1,5452,77,7.066,19750,3.623,central,2,2,2,"[centralL1, centralL3] -> centralL2 -> [sensoryL1, sensoryL2]",central,1,central,3,sensory,1,sensory,2
3841956,mixed,FWD->mix,FWD,mix,2,1,1,2715,205,3.658,72042,26.535,visual_projection,3,2,2,"[opticL2, visual_projectionL2] -> visual_projectionL3 -> [centralL2, opticL3]",optic,2,visual_projection,2,central,2,optic,3
3827091,mixed,mix->mix,mix,mix,1,2,1,311,31,4.037,22002,70.746,visual_centrifugal,2,2,2,"[centralL2, centralL3] -> visual_centrifugalL2 -> [opticL1, visual_centrifugalL3]",central,2,central,3,optic,1,visual_centrifugal,3
3818130,mixed,mix->mix,mix,mix,1,1,2,311,14,3.523,75015,241.206,visual_centrifugal,2,2,2,"[centralL3, descendingL2] -> visual_centrifugalL2 -> [opticL2, opticL3]",central,3,descending,2,optic,2,optic,3
3769248,mixed,BWD->FWD,BWD,FWD,2,2,0,45,21,5.007,42409,942.422,visual_centrifugal,1,2,2,"[centralL2, visual_projectionL2] -> visual_centrifugalL1 -> [opticL2, visual_centrifugalL2]",central,2,visual_projection,2,optic,2,visual_centrifugal,2
3756073,mixed,mix->mix,mix,mix,2,1,1,1062,75,1.539,75277,70.882,visual_projection,2,2,2,"[opticL1, opticL3] -> visual_projectionL2 -> [opticL2, visual_projectionL3]",optic,1,optic,3,optic,2,visual_projection,3
3746479,mixed,BWD->mix,BWD,mix,1,2,1,45,3,1.724,42981,955.133,visual_centrifugal,1,2,2,"[descendingL2, visual_centrifugalL2] -> visual_centrifugalL1 -> [opticL1, opticL2]",descending,2,visual_centrifugal,2,optic,1,optic,2
3724251,mixed,mix->mix,mix,mix,1,1,2,311,33,3.441,36945,118.794,visual_centrifugal,2,2,2,"[ascendingL3, centralL2] -> visual_centrifugalL2 -> [opticL3, visual_projectionL2]",ascending,3,central,2,optic,3,visual_projection,2
3666436,pure_LAT,LAT->LAT,LAT,LAT,0,0,4,311,50,8.839,42653,137.148,visual_centrifugal,2,2,2,"[ascendingL2, centralL2] -> visual_centrifugalL2 -> [opticL2, visual_projectionL2]",ascending,2,central,2,optic,2,visual_projection,2
3655591,mixed,LAT->mix,LAT,mix,1,0,3,311,51,4.342,37013,119.013,visual_centrifugal,2,2,2,"[ascendingL2, centralL2] -> visual_centrifugalL2 -> [opticL3, visual_projectionL2]",ascending,2,central,2,optic,3,visual_projection,2
3601276,mixed,mix->mix,mix,mix,1,1,2,1062,128,9.679,48045,45.24,visual_projection,2,2,2,"[opticL2, visual_projectionL3] -> visual_projectionL2 -> [centralL3, visual_centrifugalL2]",optic,2,visual_projection,3,central,3,visual_centrifugal,2
3579476,mixed,mix->mix,mix,mix,1,2,1,1062,65,6.7,81997,77.21,visual_projection,2,2,2,"[opticL2, opticL3] -> visual_projectionL2 -> [centralL3, opticL1]",optic,2,optic,3,central,3,optic,1
3516485,mixed,mix->LAT,mix,LAT,0,1,3,311,50,4.282,46636,149.955,visual_centrifugal,2,2,2,"[ascendingL2, centralL3] -> visual_centrifugalL2 -> [opticL2, visual_projectionL2]",ascending,2,central,3,optic,2,visual_projection,2
3510571,mixed,mix->FWD,mix,FWD,3,0,1,1062,116,3.758,54768,51.571,visual_projection,2,2,2,"[opticL1, opticL2] -> visual_projectionL2 -> [centralL3, visual_projectionL3]",optic,1,optic,2,central,3,visual_projection,3
3501301,mixed,BWD->mix,BWD,mix,1,2,1,311,30,3.402,48221,155.051,visual_centrifugal,2,2,2,"[ascendingL3, centralL3] -> visual_centrifugalL2 -> [opticL2, visual_projectionL3]",ascending,3,central,3,optic,2,visual_projection,3
3492002,mixed,mix->FWD,mix,FWD,2,1,1,45,12,3.134,49132,1091.822,visual_centrifugal,1,2,2,"[centralL2, opticL1] -> visual_centrifugalL1 -> [opticL2, visual_projectionL2]",central,2,optic,1,optic,2,visual_projection,2
3486815,mixed,mix->mix,mix,mix,2,1,1,311,36,6.089,68288,219.576,visual_centrifugal,2,2,2,"[visual_centrifugalL1, visual_projectionL3] -> visual_centrifugalL2 -> [opticL2, opticL3]",visual_centrifugal,1,visual_projection,3,optic,2,optic,3
3476652,mixed,mix->mix,mix,mix,2,0,2,311,29,9.128,66164,212.746,visual_centrifugal,2,2,2,"[ascendingL2, visual_projectionL1] -> visual_centrifugalL2 -> [opticL2, opticL3]",ascending,2,visual_projection,1,optic,2,optic,3
3473061,mixed,mix->mix,mix,mix,1,1,2,81,21,1.328,75518,932.321,visual_centrifugal,3,2,2,"[ascendingL2, centralL3] -> visual_centrifugalL3 -> [opticL2, opticL3]",ascending,2,central,3,optic,2,optic,3
3440138,mixed,mix->mix,mix,mix,0,2,2,1062,48,6.631,78014,73.46,visual_projection,2,2,2,"[opticL2, opticL3] -> visual_projectionL2 -> [centralL2, opticL1]",optic,2,optic,3,central,2,optic,1
3438864,mixed,LAT->mix,LAT,mix,1,0,3,311,52,5.371,44306,142.463,visual_centrifugal,2,2,2,"[ascendingL2, centralL2] -> visual_centrifugalL2 -> [opticL2, visual_projectionL3]",ascending,2,central,2,optic,2,visual_projection,3
3433865,mixed,BWD->mix,BWD,mix,0,3,1,35584,42,2.936,40004,1.124,optic,2,2,2,"[opticL3, visual_projectionL3] -> opticL2 -> [opticL1, visual_centrifugalL2]",optic,3,visual_projection,3,optic,1,visual_centrifugal,2
3413369,mixed,BWD->LAT,BWD,LAT,0,2,2,311,47,6.179,76025,244.453,visual_centrifugal,2,2,2,"[centralL3, opticL3] -> visual_centrifugalL2 -> [opticL2, visual_projectionL2]",central,3,optic,3,optic,2,visual_projection,2
3404912,mixed,mix->mix,mix,mix,1,1,2,311,7,1.983,42823,137.695,visual_centrifugal,2,2,2,"[ascendingL1, descendingL2] -> visual_centrifugalL2 -> [opticL1, opticL2]",ascending,1,descending,2,optic,1,optic,2
3398874,mixed,mix->mix,mix,mix,0,2,2,311,2,1.976,42751,137.463,visual_centrifugal,2,2,2,"[descendingL2, visual_centrifugalL3] -> visual_centrifugalL2 -> [opticL1, opticL2]",descending,2,visual_centrifugal,3,optic,1,optic,2
3319332,mixed,FWD->mix,FWD,mix,3,0,1,311,20,3.08,65762,211.453,visual_centrifugal,2,2,2,"[ascendingL1, visual_projectionL1] -> visual_centrifugalL2 -> [opticL2, opticL3]",ascending,1,visual_projection,1,optic,2,optic,3
3318025,mixed,mix->mix,mix,mix,2,1,1,311,41,2.731,73097,235.039,visual_centrifugal,2,2,2,"[centralL1, opticL2] -> visual_centrifugalL2 -> [opticL1, opticL3]",central,1,optic,2,optic,1,optic,3
3317916,mixed,mix->mix,mix,mix,1,1,2,311,66,3.649,41652,133.929,visual_centrifugal,2,2,2,"[centralL1, centralL2] -> visual_centrifugalL2 -> [opticL2, visual_projectionL1]",central,1,central,2,optic,2,visual_projection,1
3313249,mixed,mix->mix,mix,mix,1,1,2,311,59,4.517,14083,45.283,visual_centrifugal,2,2,2,"[centralL1, centralL2] -> visual_centrifugalL2 -> [opticL1, visual_projectionL2]",central,1,central,2,optic,1,visual_projection,2
3284693,mixed,LAT->mix,LAT,mix,1,1,2,311,49,3.223,73624,236.733,visual_centrifugal,2,2,2,"[opticL2, visual_projectionL2] -> visual_centrifugalL2 -> [opticL1, opticL3]",optic,2,visual_projection,2,optic,1,optic,3
3282695,mixed,LAT->mix,LAT,mix,1,0,3,1062,156,10.278,71291,67.129,visual_projection,2,2,2,"[opticL2, visual_centrifugalL2] -> visual_projectionL2 -> [centralL2, opticL3]",optic,2,visual_centrifugal,2,central,2,optic,3
3280620,mixed,mix->mix,mix,mix,1,1,2,45,1,1.0,47182,1048.489,visual_centrifugal,1,2,2,"[centralL1, sensoryL2] -> visual_centrifugalL1 -> [opticL1, opticL2]",central,1,sensory,2,optic,1,optic,2
3280620,mixed,BWD->mix,BWD,mix,1,2,1,45,1,1.0,47202,1048.933,visual_centrifugal,1,2,2,"[ascendingL2, sensoryL2] -> visual_centrifugalL1 -> [opticL1, opticL2]",ascending,2,sensory,2,optic,1,optic,2
3280186,mixed,mix->mix,mix,mix,0,2,2,311,35,1.595,73624,236.733,visual_centrifugal,2,2,2,"[opticL3, visual_projectionL2] -> visual_centrifugalL2 -> [opticL1, opticL2]",optic,3,visual_projection,2,optic,1,optic,2
3265581,mixed,mix->LAT,mix,LAT,1,0,3,2715,296,1.683,75044,27.641,visual_projection,3,2,2,"[opticL2, opticL3] -> visual_projectionL3 -> [centralL3, visual_centrifugalL3]",optic,2,optic,3,central,3,visual_centrifugal,3
3245448,mixed,mix->mix,mix,mix,0,2,2,1062,88,5.794,66374,62.499,visual_projection,2,2,2,"[opticL2, opticL3] -> visual_projectionL2 -> [centralL1, visual_centrifugalL2]",optic,2,optic,3,central,1,visual_centrifugal,2
3237997,mixed,mix->mix,mix,mix,2,1,1,35584,73,2.629,33802,0.95,optic,2,2,2,"[visual_projectionL1, visual_projectionL3] -> opticL2 -> [opticL3, visual_projectionL2]",visual_projection,1,visual_projection,3,optic,3,visual_projection,2
3231247,mixed,mix->mix,mix,mix,2,0,2,1062,111,8.797,71025,66.879,visual_projection,2,2,2,"[opticL2, visual_centrifugalL1] -> visual_projectionL2 -> [centralL2, opticL3]",optic,2,visual_centrifugal,1,central,2,optic,3
3202988,mixed,mix->mix,mix,mix,2,0,2,1062,92,15.477,78014,73.46,visual_projection,2,2,2,"[opticL1, opticL2] -> visual_projectionL2 -> [centralL2, opticL3]",optic,1,optic,2,central,2,optic,3
3195453,mixed,mix->mix,mix,mix,0,2,2,311,64,5.919,22983,73.9,visual_centrifugal,2,2,2,"[centralL2, centralL3] -> visual_centrifugalL2 -> [opticL1, visual_projectionL2]",central,2,central,3,optic,1,visual_projection,2
3182937,mixed,FWD->mix,FWD,mix,2,1,1,2715,159,2.486,66901,24.641,visual_projection,3,2,2,"[visual_centrifugalL2, visual_projectionL2] -> visual_projectionL3 -> [opticL2, opticL3]",visual_centrifugal,2,visual_projection,2,optic,2,optic,3
3172574,mixed,FWD->mix,FWD,mix,3,1,0,311,36,3.073,37594,120.881,visual_centrifugal,2,2,2,"[centralL1, visual_projectionL1] -> visual_centrifugalL2 -> [opticL1, opticL3]",central,1,visual_projection,1,optic,1,optic,3
3172282,mixed,mix->mix,mix,mix,1,1,2,1062,138,18.988,73695,69.393,visual_projection,2,2,2,"[opticL2, visual_projectionL3] -> visual_projectionL2 -> [centralL2, opticL3]",optic,2,visual_projection,3,central,2,optic,3
3163262,mixed,mix->mix,mix,mix,2,1,1,311,22,7.785,66096,212.527,visual_centrifugal,2,2,2,"[ascendingL3, visual_projectionL1] -> visual_centrifugalL2 -> [opticL2, opticL3]",ascending,3,visual_projection,1,optic,2,optic,3
3116986,mixed,mix->BWD,mix,BWD,1,2,1,29944,48,1.836,39672,1.325,optic,3,2,2,"[visual_projectionL2, visual_projectionL3] -> opticL3 -> [opticL2, visual_centrifugalL2]",visual_projection,2,visual_projection,3,optic,2,visual_centrifugal,2
3114020,mixed,mix->mix,mix,mix,1,2,1,35584,37,2.217,33015,0.928,optic,2,2,2,"[visual_centrifugalL2, visual_projectionL3] -> opticL2 -> [opticL3, visual_centrifugalL1]",visual_centrifugal,2,visual_projection,3,optic,3,visual_centrifugal,1
3111844,mixed,mix->mix,mix,mix,1,1,2,81,24,1.418,48796,602.42,visual_centrifugal,3,2,2,"[centralL3, visual_projectionL2] -> visual_centrifugalL3 -> [opticL2, visual_projectionL3]",central,3,visual_projection,2,optic,2,visual_projection,3
3096939,mixed,mix->mix,mix,mix,2,2,0,35584,24,3.402,39738,1.117,optic,2,2,2,"[opticL1, opticL3] -> opticL2 -> [visual_centrifugalL1, visual_projectionL3]",optic,1,optic,3,visual_centrifugal,1,visual_projection,3
3091868,mixed,mix->mix,mix,mix,0,2,2,311,12,1.769,43316,139.28,visual_centrifugal,2,2,2,"[ascendingL2, descendingL3] -> visual_centrifugalL2 -> [opticL1, opticL2]",ascending,2,descending,3,optic,1,optic,2
3081149,mixed,mix->mix,mix,mix,2,1,1,311,22,3.967,75277,242.048,visual_centrifugal,2,2,2,"[opticL1, visual_projectionL3] -> visual_centrifugalL2 -> [opticL2, opticL3]",optic,1,visual_projection,3,optic,2,optic,3
3077645,mixed,mix->mix,mix,mix,1,1,2,45,4,1.66,43254,961.2,visual_centrifugal,1,2,2,"[ascendingL2, visual_projectionL1] -> visual_centrifugalL1 -> [opticL1, opticL2]",ascending,2,visual_projection,1,optic,1,optic,2
3038355,mixed,mix->BWD,mix,BWD,0,3,1,35584,138,3.756,38121,1.071,optic,2,2,2,"[opticL3, visual_projectionL2] -> opticL2 -> [opticL1, visual_projectionL1]",optic,3,visual_projection,2,optic,1,visual_projection,1
3022793,mixed,LAT->FWD,LAT,FWD,2,0,2,1062,159,8.052,75274,70.879,visual_projection,2,2,2,"[opticL2, visual_centrifugalL2] -> visual_projectionL2 -> [centralL3, opticL3]",optic,2,visual_centrifugal,2,central,3,optic,3
3015118,mixed,BWD->LAT,BWD,LAT,0,2,2,311,46,1.828,69305,222.846,visual_centrifugal,2,2,2,"[opticL3, visual_projectionL3] -> visual_centrifugalL2 -> [opticL2, visual_projectionL2]",optic,3,visual_projection,3,optic,2,visual_projection,2
3013336,mixed,LAT->mix,LAT,mix,1,1,2,311,40,6.34,38595,124.1,visual_centrifugal,2,2,2,"[ascendingL2, visual_projectionL2] -> visual_centrifugalL2 -> [opticL1, opticL3]",ascending,2,visual_projection,2,optic,1,optic,3
2992172,mixed,mix->FWD,mix,FWD,3,0,1,311,62,5.359,34256,110.148,visual_centrifugal,2,2,2,"[centralL1, visual_projectionL2] -> visual_centrifugalL2 -> [opticL3, visual_projectionL3]",central,1,visual_projection,2,optic,3,visual_projection,3
2977917,mixed,BWD->mix,BWD,mix,1,2,1,1062,151,7.359,77678,73.143,visual_projection,2,2,2,"[opticL3, visual_projectionL3] -> visual_projectionL2 -> [centralL3, opticL2]",optic,3,visual_projection,3,central,3,optic,2
2961514,mixed,LAT->mix,LAT,mix,1,0,3,45,6,1.356,42852,952.267,visual_centrifugal,1,2,2,"[ascendingL1, visual_projectionL1] -> visual_centrifugalL1 -> [opticL1, opticL2]",ascending,1,visual_projection,1,optic,1,optic,2
2949643,pure_FWD,FWD->FWD,FWD,FWD,4,0,0,35584,585,4.716,39738,1.117,optic,2,2,2,"[opticL1, visual_centrifugalL1] -> opticL2 -> [opticL3, visual_projectionL3]",optic,1,visual_centrifugal,1,optic,3,visual_projection,3
2940555,pure_BWD,BWD->BWD,BWD,BWD,0,4,0,35584,183,3.349,39774,1.118,optic,2,2,2,"[opticL3, visual_projectionL3] -> opticL2 -> [opticL1, visual_projectionL1]",optic,3,visual_projection,3,optic,1,visual_projection,1
2939967,mixed,mix->LAT,mix,LAT,0,1,3,311,33,7.732,42585,136.929,visual_centrifugal,2,2,2,"[ascendingL3, centralL2] -> visual_centrifugalL2 -> [opticL2, visual_projectionL2]",ascending,3,central,2,optic,2,visual_projection,2
2929346,mixed,FWD->LAT,FWD,LAT,2,0,2,81,12,1.113,34276,423.16,visual_centrifugal,3,2,2,"[ascendingL2, visual_projectionL2] -> visual_centrifugalL3 -> [opticL3, visual_projectionL3]",ascending,2,visual_projection,2,optic,3,visual_projection,3
2893335,mixed,mix->mix,mix,mix,2,0,2,1062,89,3.323,52364,49.307,visual_projection,2,2,2,"[opticL1, opticL2] -> visual_projectionL2 -> [centralL3, visual_centrifugalL2]",optic,1,optic,2,central,3,visual_centrifugal,2
2888836,mixed,mix->FWD,mix,FWD,3,0,1,1062,121,6.421,75008,70.629,visual_projection,2,2,2,"[opticL2, visual_centrifugalL1] -> visual_projectionL2 -> [centralL3, opticL3]",optic,2,visual_centrifugal,1,central,3,optic,3
2875600,mixed,BWD->mix,BWD,mix,1,2,1,45,13,4.242,14103,313.4,visual_centrifugal,1,2,2,"[ascendingL2, centralL2] -> visual_centrifugalL1 -> [opticL1, visual_projectionL2]",ascending,2,central,2,optic,1,visual_projection,2
2865237,mixed,mix->mix,mix,mix,1,1,2,311,29,5.311,66164,212.746,visual_centrifugal,2,2,2,"[ascendingL2, visual_centrifugalL3] -> visual_centrifugalL2 -> [opticL2, opticL3]",ascending,2,visual_centrifugal,3,optic,2,optic,3
2863608,mixed,BWD->mix,BWD,mix,0,3,1,311,7,1.968,42842,137.756,visual_centrifugal,2,2,2,"[descendingL3, visual_centrifugalL3] -> visual_centrifugalL2 -> [opticL1, opticL2]",descending,3,visual_centrifugal,3,optic,1,optic,2
2856883,mixed,mix->LAT,mix,LAT,1,1,2,35584,136,2.617,38351,1.078,optic,2,2,2,"[opticL1, opticL3] -> opticL2 -> [visual_centrifugalL2, visual_projectionL2]",optic,1,optic,3,visual_centrifugal,2,visual_projection,2
2817791,mixed,mix->FWD,mix,FWD,3,0,1,1062,109,16.79,81997,77.21,visual_projection,2,2,2,"[opticL1, opticL2] -> visual_projectionL2 -> [centralL3, opticL3]",optic,1,optic,2,central,3,optic,3
2814589,mixed,mix->mix,mix,mix,1,2,1,35584,228,2.652,33051,0.929,optic,2,2,2,"[visual_centrifugalL2, visual_projectionL3] -> opticL2 -> [opticL3, visual_projectionL1]",visual_centrifugal,2,visual_projection,3,optic,3,visual_projection,1
2805637,mixed,BWD->LAT,BWD,LAT,0,2,2,311,34,3.956,46568,149.736,visual_centrifugal,2,2,2,"[ascendingL3, centralL3] -> visual_centrifugalL2 -> [opticL2, visual_projectionL2]",ascending,3,central,3,optic,2,visual_projection,2
2802335,mixed,mix->mix,mix,mix,1,1,2,45,17,3.219,41652,925.6,visual_centrifugal,1,2,2,"[centralL1, centralL2] -> visual_centrifugalL1 -> [opticL2, visual_projectionL1]",central,1,central,2,optic,2,visual_projection,1
2792661,mixed,mix->mix,mix,mix,0,2,2,311,9,2.016,45385,145.932,visual_centrifugal,2,2,2,"[descendingL2, visual_projectionL3] -> visual_centrifugalL2 -> [opticL1, opticL2]",descending,2,visual_projection,3,optic,1,optic,2
2776268,mixed,mix->mix,mix,mix,1,1,2,1062,78,6.172,68554,64.552,visual_projection,2,2,2,"[opticL2, visual_projectionL3] -> visual_projectionL2 -> [opticL3, visual_centrifugalL2]",optic,2,visual_projection,3,optic,3,visual_centrifugal,2
2766611,mixed,mix->BWD,mix,BWD,1,2,1,2715,139,4.979,71291,26.258,visual_projection,3,2,2,"[opticL2, opticL3] -> visual_projectionL3 -> [centralL2, visual_centrifugalL2]",optic,2,optic,3,central,2,visual_centrifugal,2
2742739,mixed,mix->mix,mix,mix,2,2,0,311,34,3.626,46494,149.498,visual_centrifugal,2,2,2,"[centralL3, visual_projectionL1] -> visual_centrifugalL2 -> [opticL1, opticL3]",central,3,visual_projection,1,optic,1,optic,3
2739392,mixed,BWD->mix,BWD,mix,1,2,1,311,24,5.086,66096,212.527,visual_centrifugal,2,2,2,"[ascendingL3, visual_centrifugalL3] -> visual_centrifugalL2 -> [opticL2, opticL3]",ascending,3,visual_centrifugal,3,optic,2,optic,3
2734476,mixed,mix->mix,mix,mix,2,1,1,1062,161,5.98,51865,48.837,visual_projection,2,2,2,"[opticL1, opticL3] -> visual_projectionL2 -> [centralL2, centralL3]",optic,1,optic,3,central,2,central,3
2729299,mixed,mix->mix,mix,mix,2,1,1,35584,13,2.41,33051,0.929,optic,2,2,2,"[opticL3, visual_projectionL1] -> opticL2 -> [visual_centrifugalL2, visual_projectionL3]",optic,3,visual_projection,1,visual_centrifugal,2,visual_projection,3
2696939,mixed,mix->mix,mix,mix,1,1,2,311,28,4.731,44238,142.244,visual_centrifugal,2,2,2,"[ascendingL3, centralL2] -> visual_centrifugalL2 -> [opticL2, visual_projectionL3]",ascending,3,central,2,optic,2,visual_projection,3
2696552,mixed,mix->BWD,mix,BWD,1,2,1,81,6,1.032,39672,489.778,visual_centrifugal,3,2,2,"[visual_projectionL2, visual_projectionL3] -> visual_centrifugalL3 -> [opticL2, visual_centrifugalL2]",visual_projection,2,visual_projection,3,optic,2,visual_centrifugal,2
2659251,mixed,LAT->mix,LAT,mix,1,0,3,311,39,5.019,42179,135.624,visual_centrifugal,2,2,2,"[centralL2, visual_projectionL2] -> visual_centrifugalL2 -> [opticL2, visual_centrifugalL3]",central,2,visual_projection,2,optic,2,visual_centrifugal,3
2656794,mixed,mix->mix,mix,mix,2,0,2,311,11,2.604,66115,212.588,visual_centrifugal,2,2,2,"[centralL1, descendingL2] -> visual_centrifugalL2 -> [opticL2, opticL3]",central,1,descending,2,optic,2,optic,3
2652537,mixed,mix->mix,mix,mix,1,1,2,45,13,3.73,13701,304.467,visual_centrifugal,1,2,2,"[ascendingL1, centralL2] -> visual_centrifugalL1 -> [opticL1, visual_projectionL2]",ascending,1,central,2,optic,1,visual_projection,2
2627859,mixed,mix->mix,mix,mix,2,0,2,311,19,4.792,66128,212.63,visual_centrifugal,2,2,2,"[ascendingL2, visual_centrifugalL1] -> visual_centrifugalL2 -> [opticL2, opticL3]",ascending,2,visual_centrifugal,1,optic,2,optic,3
2627449,mixed,mix->mix,mix,mix,2,1,1,35584,36,1.266,31132,0.875,optic,2,2,2,"[opticL3, visual_centrifugalL1] -> opticL2 -> [visual_centrifugalL3, visual_projectionL2]",optic,3,visual_centrifugal,1,visual_centrifugal,3,visual_projection,2
2624496,mixed,mix->mix,mix,mix,1,1,2,45,1,1.0,46800,1040.0,visual_centrifugal,1,2,2,"[ascendingL1, sensoryL2] -> visual_centrifugalL1 -> [opticL1, opticL2]",ascending,1,sensory,2,optic,1,optic,2
2621742,mixed,FWD->LAT,FWD,LAT,2,0,2,2715,297,8.424,76025,28.002,visual_projection,3,2,2,"[opticL2, visual_projectionL2] -> visual_projectionL3 -> [centralL3, opticL3]",optic,2,visual_projection,2,central,3,optic,3
2614659,mixed,mix->mix,mix,mix,0,2,2,1062,81,6.143,65920,62.072,visual_projection,2,2,2,"[opticL2, opticL3] -> visual_projectionL2 -> [visual_centrifugalL2, visual_projectionL1]",optic,2,optic,3,visual_centrifugal,2,visual_projection,1
2609037,mixed,BWD->mix,BWD,mix,1,2,1,45,17,5.172,49132,1091.822,visual_centrifugal,1,2,2,"[centralL2, opticL2] -> visual_centrifugalL1 -> [opticL1, visual_projectionL2]",central,2,optic,2,optic,1,visual_projection,2
2601334,mixed,FWD->mix,FWD,mix,2,1,1,81,22,1.331,71535,883.148,visual_centrifugal,3,2,2,"[ascendingL2, centralL2] -> visual_centrifugalL3 -> [opticL2, opticL3]",ascending,2,central,2,optic,2,optic,3
2576598,mixed,mix->mix,mix,mix,0,2,2,1062,68,8.81,65884,62.038,visual_projection,2,2,2,"[opticL2, opticL3] -> visual_projectionL2 -> [visual_centrifugalL1, visual_centrifugalL2]",optic,2,optic,3,visual_centrifugal,1,visual_centrifugal,2
2520609,mixed,mix->FWD,mix,FWD,2,1,1,45,17,4.236,37492,833.156,visual_centrifugal,1,2,2,"[centralL1, visual_projectionL2] -> visual_centrifugalL1 -> [opticL2, visual_centrifugalL2]",central,1,visual_projection,2,optic,2,visual_centrifugal,2
2512946,mixed,mix->mix,mix,mix,2,1,1,311,14,3.166,66060,212.412,visual_centrifugal,2,2,2,"[ascendingL3, visual_centrifugalL1] -> visual_centrifugalL2 -> [opticL2, opticL3]",ascending,3,visual_centrifugal,1,optic,2,optic,3
2498198,mixed,BWD->mix,BWD,mix,1,2,1,311,37,6.899,68324,219.691,visual_centrifugal,2,2,2,"[visual_centrifugalL3, visual_projectionL3] -> visual_centrifugalL2 -> [opticL2, opticL3]",visual_centrifugal,3,visual_projection,3,optic,2,optic,3
2495549,mixed,mix->BWD,mix,BWD,0,3,1,35584,19,2.756,38085,1.07,optic,2,2,2,"[opticL3, visual_projectionL2] -> opticL2 -> [opticL1, visual_centrifugalL1]",optic,3,visual_projection,2,optic,1,visual_centrifugal,1
2489448,mixed,mix->LAT,mix,LAT,0,1,3,311,48,6.943,72042,231.646,visual_centrifugal,2,2,2,"[centralL2, opticL3] -> visual_centrifugalL2 -> [opticL2, visual_projectionL2]",central,2,optic,3,optic,2,visual_projection,2
2486352,mixed,mix->mix,mix,mix,2,0,2,311,62,5.444,39896,128.283,visual_centrifugal,2,2,2,"[centralL1, visual_projectionL2] -> visual_centrifugalL2 -> [opticL2, visual_projectionL3]",central,1,visual_projection,2,optic,2,visual_projection,3
2482912,mixed,mix->mix,mix,mix,1,2,1,311,13,1.851,42914,137.987,visual_centrifugal,2,2,2,"[ascendingL1, descendingL3] -> visual_centrifugalL2 -> [opticL1, opticL2]",ascending,1,descending,3,optic,1,optic,2
2476300,mixed,mix->FWD,mix,FWD,2,1,1,311,18,1.98,68730,220.997,visual_centrifugal,2,2,2,"[ascendingL3, opticL2] -> visual_centrifugalL2 -> [opticL3, visual_projectionL3]",ascending,3,optic,2,optic,3,visual_projection,3
2442963,mixed,LAT->FWD,LAT,FWD,2,0,2,311,30,2.816,68798,221.215,visual_centrifugal,2,2,2,"[ascendingL2, opticL2] -> visual_centrifugalL2 -> [opticL3, visual_projectionL3]",ascending,2,optic,2,optic,3,visual_projection,3
2431800,mixed,mix->mix,mix,mix,1,1,2,45,2,1.988,42672,948.267,visual_centrifugal,1,2,2,"[descendingL1, descendingL2] -> visual_centrifugalL1 -> [opticL1, opticL2]",descending,1,descending,2,optic,1,optic,2
2402267,mixed,mix->BWD,mix,BWD,0,3,1,5452,54,4.308,19750,3.623,central,2,2,2,"[centralL3, sensoryL2] -> centralL2 -> [centralL1, sensoryL1]",central,3,sensory,2,central,1,sensory,1
2391533,mixed,mix->LAT,mix,LAT,1,0,3,81,19,1.159,42649,526.531,visual_centrifugal,3,2,2,"[ascendingL2, centralL3] -> visual_centrifugalL3 -> [opticL3, visual_projectionL3]",ascending,2,central,3,optic,3,visual_projection,3
2350023,mixed,mix->mix,mix,mix,2,1,1,35584,248,3.222,38085,1.07,optic,2,2,2,"[visual_centrifugalL1, visual_projectionL2] -> opticL2 -> [opticL1, opticL3]",visual_centrifugal,1,visual_projection,2,optic,1,optic,3
2344281,mixed,FWD->mix,FWD,mix,2,1,1,81,25,1.439,44813,553.247,visual_centrifugal,3,2,2,"[centralL2, visual_projectionL2] -> visual_centrifugalL3 -> [opticL2, visual_projectionL3]",central,2,visual_projection,2,optic,2,visual_projection,3
2343769,mixed,LAT->mix,LAT,mix,1,1,2,311,10,2.249,42482,136.598,visual_centrifugal,2,2,2,"[centralL2, descendingL2] -> visual_centrifugalL2 -> [opticL1, opticL3]",central,2,descending,2,optic,1,optic,3
2329312,mixed,BWD->FWD,BWD,FWD,2,2,0,45,13,5.116,41902,931.156,visual_centrifugal,1,2,2,"[ascendingL2, centralL2] -> visual_centrifugalL1 -> [opticL2, visual_centrifugalL2]",ascending,2,central,2,optic,2,visual_centrifugal,2
2328938,mixed,mix->mix,mix,mix,1,2,1,311,16,2.769,42573,136.891,visual_centrifugal,2,2,2,"[centralL2, descendingL3] -> visual_centrifugalL2 -> [opticL1, opticL3]",central,2,descending,3,optic,1,optic,3
2327300,mixed,mix->mix,mix,mix,1,1,2,311,46,7.578,73695,236.961,visual_centrifugal,2,2,2,"[centralL2, opticL3] -> visual_centrifugalL2 -> [opticL2, visual_projectionL3]",central,2,optic,3,optic,2,visual_projection,3
2322514,mixed,mix->mix,mix,mix,1,1,2,81,34,2.146,53186,656.617,visual_centrifugal,3,2,2,"[centralL2, centralL3] -> visual_centrifugalL3 -> [opticL2, visual_projectionL3]",central,2,central,3,optic,2,visual_projection,3
2312447,mixed,mix->mix,mix,mix,2,1,1,311,18,5.351,65762,211.453,visual_centrifugal,2,2,2,"[ascendingL1, visual_centrifugalL3] -> visual_centrifugalL2 -> [opticL2, opticL3]",ascending,1,visual_centrifugal,3,optic,2,optic,3
2299091,mixed,mix->mix,mix,mix,1,1,2,81,6,1.023,33525,413.889,visual_centrifugal,3,2,2,"[ascendingL2, visual_projectionL3] -> visual_centrifugalL3 -> [opticL3, visual_centrifugalL2]",ascending,2,visual_projection,3,optic,3,visual_centrifugal,2
2279142,mixed,mix->LAT,mix,LAT,1,0,3,81,11,1.005,43156,532.79,visual_centrifugal,3,2,2,"[visual_projectionL2, visual_projectionL3] -> visual_centrifugalL3 -> [centralL3, opticL3]",visual_projection,2,visual_projection,3,central,3,optic,3
2272293,mixed,mix->mix,mix,mix,1,1,2,311,6,1.987,42751,137.463,visual_centrifugal,2,2,2,"[descendingL2, visual_projectionL1] -> visual_centrifugalL2 -> [opticL1, opticL2]",descending,2,visual_projection,1,optic,1,optic,2
2245670,mixed,FWD->mix,FWD,mix,2,1,1,2715,178,2.665,71291,26.258,visual_projection,3,2,2,"[opticL2, visual_centrifugalL2] -> visual_projectionL3 -> [centralL2, opticL3]",optic,2,visual_centrifugal,2,central,2,optic,3
2243210,mixed,mix->mix,mix,mix,1,2,1,311,30,5.867,38527,123.881,visual_centrifugal,2,2,2,"[ascendingL3, visual_projectionL2] -> visual_centrifugalL2 -> [opticL1, opticL3]",ascending,3,visual_projection,2,optic,1,optic,3
2234338,mixed,FWD->mix,FWD,mix,2,1,1,9435,39,2.456,11465,1.215,central,3,2,2,"[ascendingL2, centralL2] -> centralL3 -> [sensoryL2, sensoryL3]",ascending,2,central,2,sensory,2,sensory,3
2232722,mixed,BWD->mix,BWD,mix,1,2,1,311,16,4.058,68386,219.891,visual_centrifugal,2,2,2,"[descendingL3, visual_projectionL3] -> visual_centrifugalL2 -> [opticL2, opticL3]",descending,3,visual_projection,3,optic,2,optic,3
2209478,mixed,LAT->mix,LAT,mix,1,1,2,35584,344,3.623,11122,0.313,optic,2,2,2,"[visual_centrifugalL2, visual_projectionL2] -> opticL2 -> [opticL1, visual_projectionL3]",visual_centrifugal,2,visual_projection,2,optic,1,visual_projection,3
2204108,mixed,BWD->LAT,BWD,LAT,0,2,2,1062,70,4.212,68554,64.552,visual_projection,2,2,2,"[opticL3, visual_projectionL3] -> visual_projectionL2 -> [opticL2, visual_centrifugalL2]",optic,3,visual_projection,3,optic,2,visual_centrifugal,2
2194767,mixed,BWD->FWD,BWD,FWD,2,2,0,45,18,8.197,42409,942.422,visual_centrifugal,1,2,2,"[centralL2, visual_centrifugalL2] -> visual_centrifugalL1 -> [opticL2, visual_projectionL2]",central,2,visual_centrifugal,2,optic,2,visual_projection,2
2180087,mixed,BWD->mix,BWD,mix,1,2,1,7034,31,3.311,37038,5.266,optic,1,2,2,"[opticL2, visual_centrifugalL2] -> opticL1 -> [visual_projectionL1, visual_projectionL2]",optic,2,visual_centrifugal,2,visual_projection,1,visual_projection,2
2178018,mixed,FWD->mix,FWD,mix,2,1,1,29944,945,3.001,39672,1.325,optic,3,2,2,"[visual_centrifugalL2, visual_projectionL2] -> opticL3 -> [opticL2, visual_projectionL3]",visual_centrifugal,2,visual_projection,2,optic,2,visual_projection,3
2175693,mixed,LAT->BWD,LAT,BWD,0,2,2,81,8,1.049,48045,593.148,visual_centrifugal,3,2,2,"[centralL3, visual_projectionL3] -> visual_centrifugalL3 -> [opticL2, visual_centrifugalL2]",central,3,visual_projection,3,optic,2,visual_centrifugal,2
2136670,mixed,mix->mix,mix,mix,1,2,1,35584,15,4.621,38121,1.071,optic,2,2,2,"[opticL3, visual_projectionL1] -> opticL2 -> [opticL1, visual_projectionL2]",optic,3,visual_projection,1,optic,1,visual_projection,2
2135540,mixed,mix->mix,mix,mix,1,2,1,311,59,8.741,40755,131.045,visual_centrifugal,2,2,2,"[visual_projectionL2, visual_projectionL3] -> visual_centrifugalL2 -> [opticL1, opticL3]",visual_projection,2,visual_projection,3,optic,1,optic,3
2094482,mixed,mix->mix,mix,mix,2,1,1,311,34,5.72,38193,122.807,visual_centrifugal,2,2,2,"[ascendingL1, visual_projectionL2] -> visual_centrifugalL2 -> [opticL1, opticL3]",ascending,1,visual_projection,2,optic,1,optic,3
2091527,mixed,mix->mix,mix,mix,2,2,0,311,27,4.003,17085,54.936,visual_centrifugal,2,2,2,"[centralL1, centralL3] -> visual_centrifugalL2 -> [opticL1, visual_centrifugalL3]",central,1,central,3,optic,1,visual_centrifugal,3
2076424,mixed,mix->FWD,mix,FWD,3,1,0,35584,208,4.553,39774,1.118,optic,2,2,2,"[opticL1, visual_centrifugalL3] -> opticL2 -> [opticL3, visual_projectionL3]",optic,1,visual_centrifugal,3,optic,3,visual_projection,3
2040275,mixed,mix->FWD,mix,FWD,2,1,1,1062,49,5.174,68324,64.335,visual_projection,2,2,2,"[opticL2, opticL3] -> visual_projectionL2 -> [visual_centrifugalL3, visual_projectionL3]",optic,2,optic,3,visual_centrifugal,3,visual_projection,3
2019183,mixed,mix->mix,mix,mix,2,0,2,311,13,4.551,73117,235.103,visual_centrifugal,2,2,2,"[ascendingL2, opticL1] -> visual_centrifugalL2 -> [opticL2, opticL3]",ascending,2,optic,1,optic,2,optic,3
2009538,mixed,LAT->FWD,LAT,FWD,2,0,2,35584,29,1.774,31398,0.882,optic,2,2,2,"[visual_centrifugalL2, visual_projectionL2] -> opticL2 -> [opticL3, visual_centrifugalL3]",visual_centrifugal,2,visual_projection,2,optic,3,visual_centrifugal,3
2006652,mixed,LAT->FWD,LAT,FWD,2,0,2,45,10,3.501,44215,982.556,visual_centrifugal,1,2,2,"[centralL1, opticL1] -> visual_centrifugalL1 -> [opticL2, visual_projectionL2]",central,1,optic,1,optic,2,visual_projection,2
1998789,mixed,mix->FWD,mix,FWD,3,0,1,311,40,5.348,68778,221.151,visual_centrifugal,2,2,2,"[centralL1, opticL2] -> visual_centrifugalL2 -> [opticL3, visual_projectionL3]",central,1,optic,2,optic,3,visual_projection,3
1991133,mixed,mix->BWD,mix,BWD,0,3,1,35584,212,3.978,37370,1.05,optic,2,2,2,"[opticL3, visual_centrifugalL2] -> opticL2 -> [opticL1, visual_projectionL1]",optic,3,visual_centrifugal,2,optic,1,visual_projection,1
1974306,mixed,LAT->mix,LAT,mix,1,0,3,1062,245,12.705,50782,47.817,visual_projection,2,2,2,"[opticL2, visual_centrifugalL2] -> visual_projectionL2 -> [centralL2, centralL3]",optic,2,visual_centrifugal,2,central,2,central,3
1963906,mixed,BWD->LAT,BWD,LAT,0,2,2,1062,126,14.119,73695,69.393,visual_projection,2,2,2,"[opticL3, visual_projectionL3] -> visual_projectionL2 -> [centralL2, opticL2]",optic,3,visual_projection,3,central,2,optic,2
1951316,mixed,mix->mix,mix,mix,1,1,2,311,23,2.2,67077,215.682,visual_centrifugal,2,2,2,"[ascendingL3, opticL2] -> visual_centrifugalL2 -> [opticL3, visual_projectionL2]",ascending,3,optic,2,optic,3,visual_projection,2
1940337,mixed,mix->mix,mix,mix,1,1,2,1062,132,3.325,68554,64.552,visual_projection,2,2,2,"[opticL3, visual_centrifugalL2] -> visual_projectionL2 -> [opticL2, visual_projectionL3]",optic,3,visual_centrifugal,2,optic,2,visual_projection,3
1930443,mixed,mix->mix,mix,mix,1,1,2,45,13,3.727,9186,204.133,visual_centrifugal,1,2,2,"[ascendingL2, centralL1] -> visual_centrifugalL1 -> [opticL1, visual_projectionL2]",ascending,2,central,1,optic,1,visual_projection,2
1928895,mixed,mix->FWD,mix,FWD,3,1,0,311,29,3.07,42139,135.495,visual_centrifugal,2,2,2,"[centralL3, visual_centrifugalL1] -> visual_centrifugalL2 -> [opticL3, visual_projectionL3]",central,3,visual_centrifugal,1,optic,3,visual_projection,3
1922794,mixed,mix->FWD,mix,FWD,3,1,0,311,38,5.798,42247,135.842,visual_centrifugal,2,2,2,"[ascendingL1, centralL3] -> visual_centrifugalL2 -> [opticL3, visual_projectionL3]",ascending,1,central,3,optic,3,visual_projection,3
1914340,mixed,BWD->FWD,BWD,FWD,2,2,0,45,4,2.234,42150,936.667,visual_centrifugal,1,2,2,"[centralL2, descendingL2] -> visual_centrifugalL1 -> [opticL2, visual_projectionL2]",central,2,descending,2,optic,2,visual_projection,2
1911479,mixed,mix->mix,mix,mix,1,2,1,311,71,4.126,44912,144.412,visual_centrifugal,2,2,2,"[centralL2, centralL3] -> visual_centrifugalL2 -> [opticL3, visual_projectionL1]",central,2,central,3,optic,3,visual_projection,1
1902308,mixed,mix->mix,mix,mix,1,1,2,1062,64,9.502,71061,66.912,visual_projection,2,2,2,"[opticL2, opticL3] -> visual_projectionL2 -> [centralL2, visual_centrifugalL3]",optic,2,optic,3,central,2,visual_centrifugal,3
1885679,mixed,mix->FWD,mix,FWD,2,1,1,45,15,3.935,41500,922.222,visual_centrifugal,1,2,2,"[ascendingL1, centralL2] -> visual_centrifugalL1 -> [opticL2, visual_centrifugalL2]",ascending,1,central,2,optic,2,visual_centrifugal,2
1881226,mixed,mix->mix,mix,mix,1,2,1,311,64,4.295,45635,146.736,visual_centrifugal,2,2,2,"[centralL1, centralL3] -> visual_centrifugalL2 -> [opticL2, visual_projectionL1]",central,1,central,3,optic,2,visual_projection,1
1880268,mixed,mix->FWD,mix,FWD,2,1,1,45,14,2.565,37354,830.089,visual_centrifugal,1,2,2,"[ascendingL1, ascendingL2] -> visual_centrifugalL1 -> [opticL2, visual_projectionL2]",ascending,1,ascending,2,optic,2,visual_projection,2
1878383,mixed,mix->mix,mix,mix,1,1,2,81,6,1.008,67077,828.111,visual_centrifugal,3,2,2,"[ascendingL3, visual_projectionL2] -> visual_centrifugalL3 -> [opticL2, opticL3]",ascending,3,visual_projection,2,optic,2,optic,3
1874438,mixed,mix->mix,mix,mix,1,1,2,81,4,1.004,66733,823.864,visual_centrifugal,3,2,2,"[descendingL3, visual_projectionL2] -> visual_centrifugalL3 -> [opticL2, opticL3]",descending,3,visual_projection,2,optic,2,optic,3
1861462,mixed,mix->mix,mix,mix,1,1,2,81,12,1.047,34276,423.16,visual_centrifugal,3,2,2,"[ascendingL2, visual_projectionL3] -> visual_centrifugalL3 -> [opticL3, visual_projectionL2]",ascending,2,visual_projection,3,optic,3,visual_projection,2
1851343,mixed,mix->mix,mix,mix,0,2,2,311,35,1.397,78014,250.849,visual_centrifugal,2,2,2,"[centralL2, opticL3] -> visual_centrifugalL2 -> [opticL1, opticL2]",central,2,optic,3,optic,1,optic,2
1851147,mixed,mix->FWD,mix,FWD,3,1,0,35584,29,1.571,32785,0.921,optic,2,2,2,"[opticL3, visual_centrifugalL1] -> opticL2 -> [visual_centrifugalL3, visual_projectionL3]",optic,3,visual_centrifugal,1,visual_centrifugal,3,visual_projection,3
1822699,mixed,mix->mix,mix,mix,1,1,2,1062,57,5.999,65920,62.072,visual_projection,2,2,2,"[opticL2, opticL3] -> visual_projectionL2 -> [visual_centrifugalL2, visual_centrifugalL3]",optic,2,optic,3,visual_centrifugal,2,visual_centrifugal,3
1821822,mixed,mix->FWD,mix,FWD,2,1,1,7034,54,3.845,37002,5.26,optic,1,2,2,"[visual_centrifugalL1, visual_centrifugalL2] -> opticL1 -> [opticL2, visual_projectionL2]",visual_centrifugal,1,visual_centrifugal,2,optic,2,visual_projection,2
1817555,mixed,mix->mix,mix,mix,1,2,1,311,21,4.02,38121,122.576,visual_centrifugal,2,2,2,"[visual_centrifugalL3, visual_projectionL2] -> visual_centrifugalL2 -> [opticL1, opticL3]",visual_centrifugal,3,visual_projection,2,optic,1,optic,3
1815469,mixed,FWD->LAT,FWD,LAT,2,0,2,81,20,1.187,38666,477.358,visual_centrifugal,3,2,2,"[ascendingL2, centralL2] -> visual_centrifugalL3 -> [opticL3, visual_projectionL3]",ascending,2,central,2,optic,3,visual_projection,3
1810549,mixed,LAT->BWD,LAT,BWD,0,2,2,81,19,1.134,48796,602.42,visual_centrifugal,3,2,2,"[centralL3, visual_projectionL3] -> visual_centrifugalL3 -> [opticL2, visual_projectionL2]",central,3,visual_projection,3,optic,2,visual_projection,2
1792887,mixed,mix->mix,mix,mix,2,0,2,311,41,7.023,67125,215.836,visual_centrifugal,2,2,2,"[centralL1, opticL2] -> visual_centrifugalL2 -> [opticL3, visual_projectionL2]",central,1,optic,2,optic,3,visual_projection,2
1784498,mixed,FWD->mix,FWD,mix,2,1,1,2715,269,5.223,66901,24.641,visual_projection,3,2,2,"[opticL2, visual_centrifugalL2] -> visual_projectionL3 -> [opticL3, visual_projectionL2]",optic,2,visual_centrifugal,2,optic,3,visual_projection,2
1781579,mixed,mix->mix,mix,mix,1,1,2,311,14,7.486,66226,212.945,visual_centrifugal,2,2,2,"[ascendingL2, descendingL3] -> visual_centrifugalL2 -> [opticL2, opticL3]",ascending,2,descending,3,optic,2,optic,3
1777157,mixed,BWD->FWD,BWD,FWD,2,2,0,311,15,1.574,42237,135.81,visual_centrifugal,2,2,2,"[centralL3, descendingL3] -> visual_centrifugalL2 -> [opticL3, visual_projectionL3]",central,3,descending,3,optic,3,visual_projection,3
1772482,mixed,mix->FWD,mix,FWD,2,1,1,311,22,3.253,33701,108.363,visual_centrifugal,2,2,2,"[ascendingL2, ascendingL3] -> visual_centrifugalL2 -> [opticL3, visual_projectionL3]",ascending,2,ascending,3,optic,3,visual_projection,3
1765937,mixed,mix->mix,mix,mix,1,2,1,311,28,4.86,38020,122.251,visual_centrifugal,2,2,2,"[ascendingL2, ascendingL3] -> visual_centrifugalL2 -> [opticL1, opticL3]",ascending,2,ascending,3,optic,1,optic,3
1762517,mixed,mix->mix,mix,mix,1,1,2,2715,51,1.465,65920,24.28,visual_projection,3,2,2,"[opticL2, opticL3] -> visual_projectionL3 -> [visual_centrifugalL2, visual_centrifugalL3]",optic,2,optic,3,visual_centrifugal,2,visual_centrifugal,3
1760836,mixed,LAT->mix,LAT,mix,1,0,3,45,15,3.206,8784,195.2,visual_centrifugal,1,2,2,"[ascendingL1, centralL1] -> visual_centrifugalL1 -> [opticL1, visual_projectionL2]",ascending,1,central,1,optic,1,visual_projection,2
1753619,mixed,mix->BWD,mix,BWD,1,2,1,29944,720,4.29,39672,1.325,optic,3,2,2,"[visual_centrifugalL2, visual_projectionL3] -> opticL3 -> [opticL2, visual_projectionL2]",visual_centrifugal,2,visual_projection,3,optic,2,visual_projection,2
1752674,mixed,mix->mix,mix,mix,1,2,1,35584,258,5.253,38121,1.071,optic,2,2,2,"[opticL1, opticL3] -> opticL2 -> [visual_projectionL1, visual_projectionL2]",optic,1,optic,3,visual_projection,1,visual_projection,2
1750881,mixed,mix->mix,mix,mix,1,1,2,1062,32,2.145,71123,66.971,visual_projection,2,2,2,"[opticL2, opticL3] -> visual_projectionL2 -> [centralL2, descendingL3]",optic,2,optic,3,central,2,descending,3
1748932,mixed,LAT->mix,LAT,mix,1,0,3,311,33,2.928,67145,215.9,visual_centrifugal,2,2,2,"[ascendingL2, opticL2] -> visual_centrifugalL2 -> [opticL3, visual_projectionL2]",ascending,2,optic,2,optic,3,visual_projection,2
1747469,mixed,mix->mix,mix,mix,2,1,1,35584,520,4.013,37334,1.049,optic,2,2,2,"[visual_centrifugalL1, visual_centrifugalL2] -> opticL2 -> [opticL1, opticL3]",visual_centrifugal,1,visual_centrifugal,2,optic,1,optic,3
1731909,mixed,mix->mix,mix,mix,2,0,2,1062,103,8.066,65884,62.038,visual_projection,2,2,2,"[visual_centrifugalL1, visual_centrifugalL2] -> visual_projectionL2 -> [opticL2, opticL3]",visual_centrifugal,1,visual_centrifugal,2,optic,2,optic,3
1730859,mixed,FWD->mix,FWD,mix,2,1,1,81,13,1.324,66394,819.679,visual_centrifugal,3,2,2,"[ascendingL2, visual_centrifugalL2] -> visual_centrifugalL3 -> [opticL2, opticL3]",ascending,2,visual_centrifugal,2,optic,2,optic,3
1730139,mixed,mix->mix,mix,mix,2,1,1,1062,109,12.249,81997,77.21,visual_projection,2,2,2,"[opticL1, opticL3] -> visual_projectionL2 -> [centralL3, opticL2]",optic,1,optic,3,central,3,optic,2
1722259,mixed,mix->LAT,mix,LAT,0,1,3,1062,124,17.914,44062,41.49,visual_projection,2,2,2,"[opticL2, visual_projectionL3] -> visual_projectionL2 -> [centralL2, visual_centrifugalL2]",optic,2,visual_projection,3,central,2,visual_centrifugal,2
1715789,mixed,mix->mix,mix,mix,2,1,1,1062,51,2.228,52098,49.056,visual_projection,2,2,2,"[opticL1, opticL2] -> visual_projectionL2 -> [centralL3, visual_centrifugalL1]",optic,1,optic,2,central,3,visual_centrifugal,1
1712496,mixed,LAT->mix,LAT,mix,1,0,3,311,25,4.347,41672,133.994,visual_centrifugal,2,2,2,"[ascendingL2, centralL2] -> visual_centrifugalL2 -> [opticL2, visual_centrifugalL3]",ascending,2,central,2,optic,2,visual_centrifugal,3
1705531,mixed,mix->BWD,mix,BWD,0,3,1,35584,25,2.689,37334,1.049,optic,2,2,2,"[opticL3, visual_centrifugalL2] -> opticL2 -> [opticL1, visual_centrifugalL1]",optic,3,visual_centrifugal,2,optic,1,visual_centrifugal,1
1696724,mixed,FWD->mix,FWD,mix,3,0,1,311,25,5.679,65654,211.106,visual_centrifugal,2,2,2,"[visual_centrifugalL1, visual_projectionL1] -> visual_centrifugalL2 -> [opticL2, opticL3]",visual_centrifugal,1,visual_projection,1,optic,2,optic,3
1695377,mixed,FWD->mix,FWD,mix,3,0,1,311,16,1.929,72643,233.579,visual_centrifugal,2,2,2,"[opticL1, visual_projectionL1] -> visual_centrifugalL2 -> [opticL2, opticL3]",optic,1,visual_projection,1,optic,2,optic,3
1692265,mixed,mix->FWD,mix,FWD,2,1,1,311,40,7.188,44912,144.412,visual_centrifugal,2,2,2,"[centralL2, centralL3] -> visual_centrifugalL2 -> [opticL3, visual_centrifugalL3]",central,2,central,3,optic,3,visual_centrifugal,3
1689390,mixed,LAT->mix,LAT,mix,1,1,2,35584,24,2.129,4133,0.116,optic,2,2,2,"[visual_centrifugalL2, visual_projectionL2] -> opticL2 -> [visual_centrifugalL1, visual_projectionL3]",visual_centrifugal,2,visual_projection,2,visual_centrifugal,1,visual_projection,3
1687583,mixed,FWD->mix,FWD,mix,3,0,1,311,7,3.035,72715,233.81,visual_centrifugal,2,2,2,"[ascendingL1, opticL1] -> visual_centrifugalL2 -> [opticL2, opticL3]",ascending,1,optic,1,optic,2,optic,3
1685511,mixed,mix->FWD,mix,FWD,2,1,1,7034,14,5.462,37002,5.26,optic,1,2,2,"[opticL2, visual_centrifugalL1] -> opticL1 -> [visual_centrifugalL2, visual_projectionL2]",optic,2,visual_centrifugal,1,visual_centrifugal,2,visual_projection,2
1678994,mixed,mix->mix,mix,mix,0,2,2,35584,13,2.822,31362,0.881,optic,2,2,2,"[opticL3, visual_projectionL2] -> opticL2 -> [visual_centrifugalL1, visual_centrifugalL2]",optic,3,visual_projection,2,visual_centrifugal,1,visual_centrifugal,2
1674521,mixed,mix->mix,mix,mix,0,2,2,1062,60,4.047,72873,68.619,visual_projection,2,2,2,"[opticL2, opticL3] -> visual_projectionL2 -> [opticL1, visual_centrifugalL2]",optic,2,optic,3,optic,1,visual_centrifugal,2
1672900,mixed,mix->mix,mix,mix,2,0,2,35584,602,4.112,11122,0.313,optic,2,2,2,"[opticL1, visual_centrifugalL2] -> opticL2 -> [visual_projectionL2, visual_projectionL3]",optic,1,visual_centrifugal,2,visual_projection,2,visual_projection,3
1651575,mixed,mix->BWD,mix,BWD,1,2,1,81,8,1.074,44062,543.975,visual_centrifugal,3,2,2,"[centralL2, visual_projectionL3] -> visual_centrifugalL3 -> [opticL2, visual_centrifugalL2]",central,2,visual_projection,3,optic,2,visual_centrifugal,2
1651407,mixed,mix->mix,mix,mix,2,0,2,311,44,5.971,39442,126.823,visual_centrifugal,2,2,2,"[visual_projectionL1, visual_projectionL2] -> visual_centrifugalL2 -> [opticL2, visual_projectionL3]",visual_projection,1,visual_projection,2,optic,2,visual_projection,3
1644164,mixed,mix->mix,mix,mix,1,2,1,35584,99,2.755,38121,1.071,optic,2,2,2,"[visual_centrifugalL3, visual_projectionL2] -> opticL2 -> [opticL1, opticL3]",visual_centrifugal,3,visual_projection,2,optic,1,optic,3
1637439,mixed,mix->mix,mix,mix,2,0,2,35584,67,3.375,31362,0.881,optic,2,2,2,"[visual_centrifugalL1, visual_projectionL2] -> opticL2 -> [opticL3, visual_centrifugalL2]",visual_centrifugal,1,visual_projection,2,optic,3,visual_centrifugal,2
1632673,mixed,mix->FWD,mix,FWD,3,0,1,311,38,6.497,38264,123.035,visual_centrifugal,2,2,2,"[ascendingL1, centralL2] -> visual_centrifugalL2 -> [opticL3, visual_projectionL3]",ascending,1,central,2,optic,3,visual_projection,3
1619622,mixed,mix->BWD,mix,BWD,0,3,1,35584,14,1.725,31132,0.875,optic,2,2,2,"[opticL3, visual_projectionL2] -> opticL2 -> [visual_centrifugalL1, visual_projectionL1]",optic,3,visual_projection,2,visual_centrifugal,1,visual_projection,1
1617499,mixed,BWD->mix,BWD,mix,1,2,1,45,17,3.393,13859,307.978,visual_centrifugal,1,2,2,"[centralL2, visual_projectionL2] -> visual_centrifugalL1 -> [opticL1, visual_centrifugalL2]",central,2,visual_projection,2,optic,1,visual_centrifugal,2
1617105,mixed,mix->mix,mix,mix,2,1,1,35584,118,2.003,3903,0.11,optic,2,2,2,"[visual_centrifugalL1, visual_centrifugalL3] -> opticL2 -> [visual_projectionL2, visual_projectionL3]",visual_centrifugal,1,visual_centrifugal,3,visual_projection,2,visual_projection,3
1602349,mixed,FWD->mix,FWD,mix,2,1,1,81,16,1.484,39672,489.778,visual_centrifugal,3,2,2,"[visual_centrifugalL2, visual_projectionL2] -> visual_centrifugalL3 -> [opticL2, visual_projectionL3]",visual_centrifugal,2,visual_projection,2,optic,2,visual_projection,3
1594745,mixed,BWD->mix,BWD,mix,1,2,1,311,15,1.468,47877,153.945,visual_centrifugal,2,2,2,"[centralL3, descendingL3] -> visual_centrifugalL2 -> [opticL2, visual_projectionL3]",central,3,descending,3,optic,2,visual_projection,3
1587816,mixed,mix->mix,mix,mix,1,1,2,45,13,4.131,44215,982.556,visual_centrifugal,1,2,2,"[centralL1, opticL2] -> visual_centrifugalL1 -> [opticL1, visual_projectionL2]",central,1,optic,2,optic,1,visual_projection,2
1587617,mixed,mix->mix,mix,mix,1,2,1,311,56,5.025,18066,58.09,visual_centrifugal,2,2,2,"[centralL1, centralL3] -> visual_centrifugalL2 -> [opticL1, visual_projectionL2]",central,1,central,3,optic,1,visual_projection,2
1582815,mixed,mix->mix,mix,mix,1,1,2,311,43,7.59,46162,148.431,visual_centrifugal,2,2,2,"[centralL3, visual_projectionL2] -> visual_centrifugalL2 -> [opticL2, visual_centrifugalL3]",central,3,visual_projection,2,optic,2,visual_centrifugal,3
1573968,mixed,mix->mix,mix,mix,1,1,2,311,1,1.0,78992,253.994,visual_centrifugal,2,2,2,"[centralL3, sensoryL2] -> visual_centrifugalL2 -> [opticL2, opticL3]",central,3,sensory,2,optic,2,optic,3
1573373,mixed,BWD->mix,BWD,mix,0,3,1,311,12,1.831,45476,146.225,visual_centrifugal,2,2,2,"[descendingL3, visual_projectionL3] -> visual_centrifugalL2 -> [opticL1, opticL2]",descending,3,visual_projection,3,optic,1,optic,2
1562205,mixed,mix->mix,mix,mix,2,1,1,35584,123,1.923,31132,0.875,optic,2,2,2,"[visual_centrifugalL1, visual_projectionL2] -> opticL2 -> [opticL3, visual_projectionL1]",visual_centrifugal,1,visual_projection,2,optic,3,visual_projection,1
1561158,mixed,mix->mix,mix,mix,2,1,1,311,57,1.415,13747,44.203,visual_centrifugal,2,2,2,"[centralL1, centralL3] -> visual_centrifugalL2 -> [visual_projectionL2, visual_projectionL3]",central,1,central,3,visual_projection,2,visual_projection,3
1549932,mixed,LAT->FWD,LAT,FWD,2,0,2,311,40,6.315,34276,110.212,visual_centrifugal,2,2,2,"[ascendingL2, visual_projectionL2] -> visual_centrifugalL2 -> [opticL3, visual_projectionL3]",ascending,2,visual_projection,2,optic,3,visual_projection,3
1547068,mixed,mix->mix,mix,mix,1,2,1,1062,5,3.224,75116,70.731,visual_projection,2,2,2,"[opticL2, opticL3] -> visual_projectionL2 -> [ascendingL1, centralL3]",optic,2,optic,3,ascending,1,central,3
1546711,mixed,LAT->mix,LAT,mix,0,1,3,81,6,1.068,75450,931.481,visual_centrifugal,3,2,2,"[ascendingL3, centralL3] -> visual_centrifugalL3 -> [opticL2, opticL3]",ascending,3,central,3,optic,2,optic,3
1546242,mixed,mix->BWD,mix,BWD,0,3,1,1062,53,7.255,66108,62.249,visual_projection,2,2,2,"[opticL2, opticL3] -> visual_projectionL2 -> [centralL1, visual_centrifugalL1]",optic,2,optic,3,central,1,visual_centrifugal,1
1545320,mixed,FWD->mix,FWD,mix,3,0,1,35584,759,3.715,38085,1.07,optic,2,2,2,"[opticL1, visual_centrifugalL1] -> opticL2 -> [opticL3, visual_projectionL2]",optic,1,visual_centrifugal,1,optic,3,visual_projection,2
1542263,mixed,mix->LAT,mix,LAT,1,1,2,1062,92,15.714,78014,73.46,visual_projection,2,2,2,"[opticL1, opticL3] -> visual_projectionL2 -> [centralL2, opticL2]",optic,1,optic,3,central,2,optic,2
1539146,mixed,FWD->mix,FWD,mix,2,1,1,9435,26,2.526,11465,1.215,central,3,2,2,"[ascendingL2, sensoryL2] -> centralL3 -> [centralL2, sensoryL3]",ascending,2,sensory,2,central,2,sensory,3
1517390,mixed,mix->FWD,mix,FWD,2,1,1,45,12,4.638,36985,821.889,visual_centrifugal,1,2,2,"[ascendingL2, centralL1] -> visual_centrifugalL1 -> [opticL2, visual_centrifugalL2]",ascending,2,central,1,optic,2,visual_centrifugal,2
1515823,mixed,mix->mix,mix,mix,2,1,1,311,7,3.432,73049,234.884,visual_centrifugal,2,2,2,"[ascendingL3, opticL1] -> visual_centrifugalL2 -> [opticL2, opticL3]",ascending,3,optic,1,optic,2,optic,3
1513164,mixed,mix->mix,mix,mix,2,0,2,1062,176,21.935,50516,47.567,visual_projection,2,2,2,"[opticL2, visual_centrifugalL1] -> visual_projectionL2 -> [centralL2, centralL3]",optic,2,visual_centrifugal,1,central,2,central,3
1513047,mixed,mix->mix,mix,mix,2,1,1,311,16,4.015,65690,211.222,visual_centrifugal,2,2,2,"[visual_centrifugalL3, visual_projectionL1] -> visual_centrifugalL2 -> [opticL2, opticL3]",visual_centrifugal,3,visual_projection,1,optic,2,optic,3
1509987,mixed,LAT->mix,LAT,mix,0,1,3,311,59,7.393,42179,135.624,visual_centrifugal,2,2,2,"[centralL2, visual_projectionL2] -> visual_centrifugalL2 -> [opticL2, visual_projectionL1]",central,2,visual_projection,2,optic,2,visual_projection,1
1508694,mixed,mix->mix,mix,mix,1,2,1,35584,35,3.268,38085,1.07,optic,2,2,2,"[opticL1, opticL3] -> opticL2 -> [visual_centrifugalL1, visual_projectionL2]",optic,1,optic,3,visual_centrifugal,1,visual_projection,2
1499226,mixed,LAT->mix,LAT,mix,0,1,3,81,4,1.004,75106,927.235,visual_centrifugal,3,2,2,"[centralL3, descendingL3] -> visual_centrifugalL3 -> [opticL2, opticL3]",central,3,descending,3,optic,2,optic,3
1484420,mixed,mix->LAT,mix,LAT,0,1,3,1062,145,14.76,71291,67.129,visual_projection,2,2,2,"[opticL3, visual_centrifugalL2] -> visual_projectionL2 -> [centralL2, opticL2]",optic,3,visual_centrifugal,2,central,2,optic,2
1482867,mixed,mix->mix,mix,mix,1,1,2,311,18,3.564,41604,133.775,visual_centrifugal,2,2,2,"[ascendingL3, centralL2] -> visual_centrifugalL2 -> [opticL2, visual_centrifugalL3]",ascending,3,central,2,optic,2,visual_centrifugal,3
1482816,mixed,mix->LAT,mix,LAT,1,1,2,311,49,3.461,39896,128.283,visual_centrifugal,2,2,2,"[centralL1, visual_projectionL3] -> visual_centrifugalL2 -> [opticL2, visual_projectionL2]",central,1,visual_projection,3,optic,2,visual_projection,2
1480321,mixed,mix->BWD,mix,BWD,1,2,1,311,52,3.028,13102,42.129,visual_centrifugal,2,2,2,"[centralL1, centralL2] -> visual_centrifugalL2 -> [opticL1, visual_projectionL1]",central,1,central,2,optic,1,visual_projection,1
1466700,mixed,LAT->mix,LAT,mix,1,1,2,35584,149,2.047,4169,0.117,optic,2,2,2,"[visual_centrifugalL2, visual_projectionL2] -> opticL2 -> [visual_projectionL1, visual_projectionL3]",visual_centrifugal,2,visual_projection,2,visual_projection,1,visual_projection,3
1459205,mixed,mix->mix,mix,mix,2,1,1,311,31,3.214,40486,130.18,visual_centrifugal,2,2,2,"[centralL3, visual_centrifugalL1] -> visual_centrifugalL2 -> [opticL3, visual_projectionL2]",central,3,visual_centrifugal,1,optic,3,visual_projection,2
1455897,mixed,mix->mix,mix,mix,1,2,1,35584,7,2.019,31132,0.875,optic,2,2,2,"[visual_centrifugalL3, visual_projectionL2] -> opticL2 -> [opticL3, visual_centrifugalL1]",visual_centrifugal,3,visual_projection,2,optic,3,visual_centrifugal,1
1441992,mixed,mix->mix,mix,mix,1,1,2,311,28,1.922,43725,140.595,visual_centrifugal,2,2,2,"[visual_centrifugalL1, visual_projectionL2] -> visual_centrifugalL2 -> [opticL1, opticL2]",visual_centrifugal,1,visual_projection,2,optic,1,optic,2
1441851,mixed,mix->FWD,mix,FWD,3,0,1,311,30,3.7,38156,122.688,visual_centrifugal,2,2,2,"[centralL2, visual_centrifugalL1] -> visual_centrifugalL2 -> [opticL3, visual_projectionL3]",central,2,visual_centrifugal,1,optic,3,visual_projection,3
1440546,mixed,mix->mix,mix,mix,2,1,1,1062,70,2.372,52134,49.09,visual_projection,2,2,2,"[opticL1, opticL2] -> visual_projectionL2 -> [centralL3, visual_projectionL1]",optic,1,optic,2,central,3,visual_projection,1
1438264,mixed,mix->mix,mix,mix,2,2,0,35584,9,3.11,32785,0.921,optic,2,2,2,"[opticL3, visual_projectionL1] -> opticL2 -> [visual_centrifugalL1, visual_projectionL3]",optic,3,visual_projection,1,visual_centrifugal,1,visual_projection,3
1433611,mixed,mix->FWD,mix,FWD,3,0,1,311,46,4.333,33749,108.518,visual_centrifugal,2,2,2,"[ascendingL2, centralL1] -> visual_centrifugalL2 -> [opticL3, visual_projectionL3]",ascending,2,central,1,optic,3,visual_projection,3
1430618,mixed,mix->mix,mix,mix,2,0,2,311,34,4.748,37262,119.814,visual_centrifugal,2,2,2,"[centralL1, visual_projectionL2] -> visual_centrifugalL2 -> [opticL2, visual_centrifugalL3]",central,1,visual_projection,2,optic,2,visual_centrifugal,3
1419764,mixed,BWD->mix,BWD,mix,0,3,1,311,11,2.09,43248,139.061,visual_centrifugal,2,2,2,"[ascendingL3, descendingL3] -> visual_centrifugalL2 -> [opticL1, opticL2]",ascending,3,descending,3,optic,1,optic,2
1419286,mixed,mix->mix,mix,mix,0,2,2,35584,32,2.492,31398,0.882,optic,2,2,2,"[opticL3, visual_projectionL2] -> opticL2 -> [visual_centrifugalL2, visual_projectionL1]",optic,3,visual_projection,2,visual_centrifugal,2,visual_projection,1
1418495,mixed,mix->LAT,mix,LAT,0,1,3,45,17,2.5,13102,291.156,visual_centrifugal,1,2,2,"[centralL1, centralL2] -> visual_centrifugalL1 -> [opticL1, visual_projectionL1]",central,1,central,2,optic,1,visual_projection,1
1396463,mixed,mix->mix,mix,mix,1,1,2,7034,39,2.9,36772,5.228,optic,1,2,2,"[opticL2, visual_centrifugalL1] -> opticL1 -> [visual_projectionL1, visual_projectionL2]",optic,2,visual_centrifugal,1,visual_projection,1,visual_projection,2
1396391,mixed,LAT->mix,LAT,mix,1,1,2,1062,35,5.303,72873,68.619,visual_projection,2,2,2,"[opticL2, visual_centrifugalL2] -> visual_projectionL2 -> [opticL1, opticL3]",optic,2,visual_centrifugal,2,optic,1,optic,3
1392958,mixed,mix->LAT,mix,LAT,1,0,3,81,7,1.008,34208,422.321,visual_centrifugal,3,2,2,"[ascendingL3, visual_projectionL2] -> visual_centrifugalL3 -> [opticL3, visual_projectionL3]",ascending,3,visual_projection,2,optic,3,visual_projection,3
1390205,mixed,FWD->mix,FWD,mix,2,1,1,9435,8,2.074,11465,1.215,central,3,2,2,"[centralL2, sensoryL2] -> centralL3 -> [ascendingL2, sensoryL3]",central,2,sensory,2,ascending,2,sensory,3
1389974,mixed,mix->mix,mix,mix,1,1,2,311,25,4.368,45893,147.566,visual_centrifugal,2,2,2,"[centralL3, visual_projectionL2] -> visual_centrifugalL2 -> [centralL2, opticL3]",central,3,visual_projection,2,central,2,optic,3
1387250,mixed,mix->LAT,mix,LAT,1,0,3,81,1,1.0,33864,418.074,visual_centrifugal,3,2,2,"[descendingL3, visual_projectionL2] -> visual_centrifugalL3 -> [opticL3, visual_projectionL3]",descending,3,visual_projection,2,optic,3,visual_projection,3
1385220,mixed,mix->BWD,mix,BWD,1,2,1,81,20,1.179,44813,553.247,visual_centrifugal,3,2,2,"[centralL2, visual_projectionL3] -> visual_centrifugalL3 -> [opticL2, visual_projectionL2]",central,2,visual_projection,3,optic,2,visual_projection,2
1383695,mixed,mix->LAT,mix,LAT,1,0,3,81,13,1.029,47546,586.988,visual_centrifugal,3,2,2,"[centralL2, visual_projectionL3] -> visual_centrifugalL3 -> [centralL3, opticL3]",central,2,visual_projection,3,central,3,optic,3
1382021,pure_FWD,FWD->FWD,FWD,FWD,4,0,0,35584,86,2.715,32785,0.921,optic,2,2,2,"[visual_centrifugalL1, visual_projectionL1] -> opticL2 -> [opticL3, visual_projectionL3]",visual_centrifugal,1,visual_projection,1,optic,3,visual_projection,3
1377222,mixed,LAT->mix,LAT,mix,1,0,3,311,1,1.0,75009,241.186,visual_centrifugal,2,2,2,"[centralL2, sensoryL2] -> visual_centrifugalL2 -> [opticL2, opticL3]",central,2,sensory,2,optic,2,optic,3
1374295,mixed,mix->LAT,mix,LAT,1,0,3,311,47,7.098,37736,121.338,visual_centrifugal,2,2,2,"[ascendingL2, centralL1] -> visual_centrifugalL2 -> [opticL2, visual_projectionL2]",ascending,2,central,1,optic,2,visual_projection,2
1364361,mixed,mix->mix,mix,mix,2,1,1,311,50,2.463,34256,110.148,visual_centrifugal,2,2,2,"[centralL1, visual_projectionL3] -> visual_centrifugalL2 -> [opticL3, visual_projectionL2]",central,1,visual_projection,3,optic,3,visual_projection,2
1362878,mixed,mix->mix,mix,mix,2,1,1,1062,88,4.974,46724,43.996,visual_projection,2,2,2,"[opticL1, opticL3] -> visual_projectionL2 -> [centralL3, visual_centrifugalL2]",optic,1,optic,3,central,3,visual_centrifugal,2
1359747,mixed,mix->LAT,mix,LAT,1,0,3,311,39,7.901,42251,135.855,visual_centrifugal,2,2,2,"[ascendingL1, centralL2] -> visual_centrifugalL2 -> [opticL2, visual_projectionL2]",ascending,1,central,2,optic,2,visual_projection,2
1357263,mixed,mix->mix,mix,mix,2,1,1,311,30,4.7,37686,121.177,visual_centrifugal,2,2,2,"[ascendingL1, ascendingL2] -> visual_centrifugalL2 -> [opticL1, opticL3]",ascending,1,ascending,2,optic,1,optic,3
1353117,mixed,mix->mix,mix,mix,2,0,2,1062,55,11.748,72873,68.619,visual_projection,2,2,2,"[opticL1, visual_centrifugalL2] -> visual_projectionL2 -> [opticL2, opticL3]",optic,1,visual_centrifugal,2,optic,2,optic,3
1352316,mixed,LAT->mix,LAT,mix,1,0,3,311,40,6.312,39916,128.347,visual_centrifugal,2,2,2,"[ascendingL2, visual_projectionL2] -> visual_centrifugalL2 -> [opticL2, visual_projectionL3]",ascending,2,visual_projection,2,optic,2,visual_projection,3
1350533,mixed,mix->BWD,mix,BWD,1,2,1,2715,181,5.293,72042,26.535,visual_projection,3,2,2,"[opticL3, visual_projectionL2] -> visual_projectionL3 -> [centralL2, opticL2]",optic,3,visual_projection,2,central,2,optic,2
1349308,mixed,mix->mix,mix,mix,1,1,2,81,20,1.633,48045,593.148,visual_centrifugal,3,2,2,"[centralL3, visual_centrifugalL2] -> visual_centrifugalL3 -> [opticL2, visual_projectionL3]",central,3,visual_centrifugal,2,optic,2,visual_projection,3
1343937,mixed,mix->FWD,mix,FWD,3,1,0,1062,114,8.848,49128,46.26,visual_projection,2,2,2,"[opticL1, opticL3] -> visual_projectionL2 -> [centralL3, visual_projectionL3]",optic,1,optic,3,central,3,visual_projection,3
1342911,mixed,mix->mix,mix,mix,2,1,1,1062,32,4.114,72607,68.368,visual_projection,2,2,2,"[opticL2, visual_centrifugalL1] -> visual_projectionL2 -> [opticL1, opticL3]",optic,2,visual_centrifugal,1,optic,1,optic,3
1327734,mixed,mix->BWD,mix,BWD,0,3,1,311,56,3.063,22002,70.746,visual_centrifugal,2,2,2,"[centralL2, centralL3] -> visual_centrifugalL2 -> [opticL1, visual_projectionL1]",central,2,central,3,optic,1,visual_projection,1
1327232,mixed,mix->mix,mix,mix,2,0,2,1062,105,4.115,50785,47.82,visual_projection,2,2,2,"[opticL1, opticL2] -> visual_projectionL2 -> [centralL2, visual_projectionL3]",optic,1,optic,2,central,2,visual_projection,3
1319552,mixed,mix->mix,mix,mix,1,2,1,35584,61,2.079,31168,0.876,optic,2,2,2,"[visual_centrifugalL3, visual_projectionL2] -> opticL2 -> [opticL3, visual_projectionL1]",visual_centrifugal,3,visual_projection,2,optic,3,visual_projection,1
1315951,mixed,mix->FWD,mix,FWD,2,1,1,45,16,6.386,37492,833.156,visual_centrifugal,1,2,2,"[centralL1, visual_centrifugalL2] -> visual_centrifugalL1 -> [opticL2, visual_projectionL2]",central,1,visual_centrifugal,2,optic,2,visual_projection,2
1315501,mixed,BWD->mix,BWD,mix,1,2,1,1062,41,1.668,68324,64.335,visual_projection,2,2,2,"[opticL3, visual_centrifugalL3] -> visual_projectionL2 -> [opticL2, visual_projectionL3]",optic,3,visual_centrifugal,3,optic,2,visual_projection,3
1312716,pure_BWD,BWD->BWD,BWD,BWD,0,4,0,35584,25,3.581,39738,1.117,optic,2,2,2,"[opticL3, visual_projectionL3] -> opticL2 -> [opticL1, visual_centrifugalL1]",optic,3,visual_projection,3,optic,1,visual_centrifugal,1
1312248,mixed,BWD->mix,BWD,mix,1,2,1,45,1,1.0,46699,1037.756,visual_centrifugal,1,2,2,"[descendingL2, sensoryL2] -> visual_centrifugalL1 -> [opticL1, opticL2]",descending,2,sensory,2,optic,1,optic,2
1305822,mixed,mix->mix,mix,mix,2,2,0,35584,221,4.16,39738,1.117,optic,2,2,2,"[visual_centrifugalL1, visual_projectionL3] -> opticL2 -> [opticL1, opticL3]",visual_centrifugal,1,visual_projection,3,optic,1,optic,3
1304915,mixed,mix->FWD,mix,FWD,3,1,0,311,37,5.423,42175,135.611,visual_centrifugal,2,2,2,"[centralL3, visual_projectionL1] -> visual_centrifugalL2 -> [opticL3, visual_projectionL3]",central,3,visual_projection,1,optic,3,visual_projection,3
1303438,mixed,mix->FWD,mix,FWD,3,0,1,311,40,6.609,38192,122.804,visual_centrifugal,2,2,2,"[centralL2, visual_projectionL1] -> visual_centrifugalL2 -> [opticL3, visual_projectionL3]",central,2,visual_projection,1,optic,3,visual_projection,3
1298672,mixed,mix->mix,mix,mix,2,1,1,311,29,2.132,47779,153.63,visual_centrifugal,2,2,2,"[centralL3, visual_centrifugalL1] -> visual_centrifugalL2 -> [opticL2, visual_projectionL3]",central,3,visual_centrifugal,1,optic,2,visual_projection,3
1292968,mixed,BWD->LAT,BWD,LAT,0,2,2,1062,107,10.102,38422,36.179,visual_projection,2,2,2,"[opticL3, visual_projectionL3] -> visual_projectionL2 -> [centralL2, visual_centrifugalL2]",optic,3,visual_projection,3,central,2,visual_centrifugal,2
1291537,mixed,FWD->LAT,FWD,LAT,2,0,2,2715,280,5.71,75274,27.725,visual_projection,3,2,2,"[opticL2, visual_centrifugalL2] -> visual_projectionL3 -> [centralL3, opticL3]",optic,2,visual_centrifugal,2,central,3,optic,3
1290618,mixed,mix->FWD,mix,FWD,3,1,0,35584,15,2.54,32821,0.922,optic,2,2,2,"[visual_centrifugalL3, visual_projectionL1] -> opticL2 -> [opticL3, visual_projectionL3]",visual_centrifugal,3,visual_projection,1,optic,3,visual_projection,3
1290131,mixed,mix->mix,mix,mix,2,1,1,311,40,7.573,38121,122.576,visual_centrifugal,2,2,2,"[visual_projectionL1, visual_projectionL2] -> visual_centrifugalL2 -> [opticL1, opticL3]",visual_projection,1,visual_projection,2,optic,1,optic,3
1283590,mixed,BWD->mix,BWD,mix,1,2,1,535,2,1.0,15787,29.508,central,1,2,2,"[centralL2, sensoryL2] -> centralL1 -> [ascendingL2, sensoryL1]",central,2,sensory,2,ascending,2,sensory,1
1279528,mixed,mix->FWD,mix,FWD,2,1,1,311,16,2.225,38254,123.003,visual_centrifugal,2,2,2,"[centralL2, descendingL3] -> visual_centrifugalL2 -> [opticL3, visual_projectionL3]",central,2,descending,3,optic,3,visual_projection,3
1279056,mixed,mix->mix,mix,mix,1,2,1,35584,183,3.677,37370,1.05,optic,2,2,2,"[visual_centrifugalL2, visual_centrifugalL3] -> opticL2 -> [opticL1, opticL3]",visual_centrifugal,2,visual_centrifugal,3,optic,1,optic,3
1278602,mixed,mix->mix,mix,mix,2,0,2,311,15,4.132,41270,132.701,visual_centrifugal,2,2,2,"[ascendingL1, centralL2] -> visual_centrifugalL2 -> [opticL2, visual_centrifugalL3]",ascending,1,central,2,optic,2,visual_centrifugal,3
1276319,mixed,mix->mix,mix,mix,1,2,1,311,22,4.381,73049,234.884,visual_centrifugal,2,2,2,"[ascendingL3, opticL2] -> visual_centrifugalL2 -> [opticL1, opticL3]",ascending,3,optic,2,optic,1,optic,3
1265859,mixed,mix->mix,mix,mix,1,2,1,311,34,6.139,40248,129.415,visual_centrifugal,2,2,2,"[ascendingL2, visual_projectionL3] -> visual_centrifugalL2 -> [opticL1, opticL3]",ascending,2,visual_projection,3,optic,1,optic,3
1264526,mixed,mix->mix,mix,mix,2,0,2,35584,101,2.531,4169,0.117,optic,2,2,2,"[visual_centrifugalL2, visual_projectionL1] -> opticL2 -> [visual_projectionL2, visual_projectionL3]",visual_centrifugal,2,visual_projection,1,visual_projection,2,visual_projection,3
1261231,mixed,mix->mix,mix,mix,1,2,1,1062,96,15.669,48269,45.451,visual_projection,2,2,2,"[opticL2, visual_projectionL3] -> visual_projectionL2 -> [centralL1, centralL3]",optic,2,visual_projection,3,central,1,central,3
1253307,mixed,BWD->mix,BWD,mix,1,3,0,311,14,3.353,46556,149.698,visual_centrifugal,2,2,2,"[centralL3, descendingL3] -> visual_centrifugalL2 -> [opticL1, opticL3]",central,3,descending,3,optic,1,optic,3
1252920,mixed,mix->mix,mix,mix,2,1,1,311,10,2.06,37565,120.788,visual_centrifugal,2,2,2,"[centralL1, descendingL2] -> visual_centrifugalL2 -> [opticL1, opticL3]",central,1,descending,2,optic,1,optic,3
1249004,pure_FWD,FWD->FWD,FWD,FWD,4,0,0,5452,30,5.186,18436,3.382,central,2,2,2,"[centralL1, sensoryL1] -> centralL2 -> [centralL3, visual_projectionL3]",central,1,sensory,1,central,3,visual_projection,3
1246610,mixed,BWD->mix,BWD,mix,1,2,1,311,17,1.417,40584,130.495,visual_centrifugal,2,2,2,"[centralL3, descendingL3] -> visual_centrifugalL2 -> [opticL3, visual_projectionL2]",central,3,descending,3,optic,3,visual_projection,2
1244086,mixed,mix->mix,mix,mix,1,1,2,311,6,2.764,66067,212.434,visual_centrifugal,2,2,2,"[ascendingL3, descendingL2] -> visual_centrifugalL2 -> [opticL2, opticL3]",ascending,3,descending,2,optic,2,optic,3
1244063,mixed,mix->FWD,mix,FWD,2,1,1,45,8,2.207,44235,983.0,visual_centrifugal,1,2,2,"[ascendingL2, opticL1] -> visual_centrifugalL1 -> [opticL2, visual_projectionL2]",ascending,2,optic,1,optic,2,visual_projection,2
1240388,mixed,mix->mix,mix,mix,2,0,2,1062,61,12.99,72873,68.619,visual_projection,2,2,2,"[opticL1, opticL2] -> visual_projectionL2 -> [opticL3, visual_centrifugalL2]",optic,1,optic,2,optic,3,visual_centrifugal,2
1239323,mixed,mix->mix,mix,mix,2,1,1,311,38,5.299,47887,153.977,visual_centrifugal,2,2,2,"[ascendingL1, centralL3] -> visual_centrifugalL2 -> [opticL2, visual_projectionL3]",ascending,1,central,3,optic,2,visual_projection,3
1232343,mixed,mix->FWD,mix,FWD,2,1,1,35584,15,1.685,33802,0.95,optic,2,2,2,"[visual_projectionL2, visual_projectionL3] -> opticL2 -> [opticL3, visual_centrifugalL3]",visual_projection,2,visual_projection,3,optic,3,visual_centrifugal,3
1232178,mixed,mix->BWD,mix,BWD,0,3,1,1062,28,3.577,73097,68.83,visual_projection,2,2,2,"[opticL2, opticL3] -> visual_projectionL2 -> [centralL1, opticL1]",optic,2,optic,3,central,1,optic,1
1231848,mixed,mix->mix,mix,mix,1,2,1,311,15,3.795,37614,120.945,visual_centrifugal,2,2,2,"[ascendingL2, visual_centrifugalL3] -> visual_centrifugalL2 -> [opticL1, opticL3]",ascending,2,visual_centrifugal,3,optic,1,optic,3
1227538,mixed,mix->mix,mix,mix,2,1,1,311,14,5.334,65824,211.653,visual_centrifugal,2,2,2,"[ascendingL1, descendingL3] -> visual_centrifugalL2 -> [opticL2, opticL3]",ascending,1,descending,3,optic,2,optic,3
1224024,mixed,mix->mix,mix,mix,2,1,1,35584,161,3.013,38121,1.071,optic,2,2,2,"[opticL1, visual_centrifugalL3] -> opticL2 -> [opticL3, visual_projectionL2]",optic,1,visual_centrifugal,3,optic,3,visual_projection,2
1221747,mixed,BWD->mix,BWD,mix,1,2,1,311,11,4.776,66158,212.727,visual_centrifugal,2,2,2,"[ascendingL3, descendingL3] -> visual_centrifugalL2 -> [opticL2, opticL3]",ascending,3,descending,3,optic,2,optic,3
1221657,mixed,FWD->mix,FWD,mix,3,0,1,311,12,4.708,65726,211.338,visual_centrifugal,2,2,2,"[ascendingL1, visual_centrifugalL1] -> visual_centrifugalL2 -> [opticL2, opticL3]",ascending,1,visual_centrifugal,1,optic,2,optic,3
1218069,mixed,mix->mix,mix,mix,1,1,2,45,3,2.522,42931,954.022,visual_centrifugal,1,2,2,"[descendingL1, visual_centrifugalL2] -> visual_centrifugalL1 -> [opticL1, opticL2]",descending,1,visual_centrifugal,2,optic,1,optic,2
1212236,mixed,mix->mix,mix,mix,1,1,2,81,5,1.163,71467,882.309,visual_centrifugal,3,2,2,"[ascendingL3, centralL2] -> visual_centrifugalL3 -> [opticL2, opticL3]",ascending,3,central,2,optic,2,optic,3
1211137,mixed,mix->BWD,mix,BWD,1,2,1,2715,117,6.118,66901,24.641,visual_projection,3,2,2,"[opticL2, opticL3] -> visual_projectionL3 -> [visual_centrifugalL2, visual_projectionL2]",optic,2,optic,3,visual_centrifugal,2,visual_projection,2
1208848,mixed,FWD->LAT,FWD,LAT,2,0,2,81,10,1.182,33525,413.889,visual_centrifugal,3,2,2,"[ascendingL2, visual_centrifugalL2] -> visual_centrifugalL3 -> [opticL3, visual_projectionL3]",ascending,2,visual_centrifugal,2,optic,3,visual_projection,3
1206612,mixed,LAT->FWD,LAT,FWD,2,0,2,45,15,3.45,36583,812.956,visual_centrifugal,1,2,2,"[ascendingL1, centralL1] -> visual_centrifugalL1 -> [opticL2, visual_centrifugalL2]",ascending,1,central,1,optic,2,visual_centrifugal,2
1206515,mixed,mix->mix,mix,mix,1,1,2,35584,25,2.769,31398,0.882,optic,2,2,2,"[visual_centrifugalL3, visual_projectionL2] -> opticL2 -> [opticL3, visual_centrifugalL2]",visual_centrifugal,3,visual_projection,2,optic,3,visual_centrifugal,2
1202852,mixed,BWD->mix,BWD,mix,1,2,1,7034,13,3.315,37002,5.26,optic,1,2,2,"[opticL2, visual_centrifugalL2] -> opticL1 -> [visual_centrifugalL1, visual_projectionL2]",optic,2,visual_centrifugal,2,visual_centrifugal,1,visual_projection,2
1201394,mixed,LAT->mix,LAT,mix,1,0,3,311,9,3.688,66135,212.653,visual_centrifugal,2,2,2,"[ascendingL2, descendingL2] -> visual_centrifugalL2 -> [opticL2, opticL3]",ascending,2,descending,2,optic,2,optic,3
1199135,mixed,BWD->LAT,BWD,LAT,0,2,2,311,17,1.523,46224,148.63,visual_centrifugal,2,2,2,"[centralL3, descendingL3] -> visual_centrifugalL2 -> [opticL2, visual_projectionL2]",central,3,descending,3,optic,2,visual_projection,2
1192647,pure_FWD,FWD->FWD,FWD,FWD,4,0,0,35584,27,4.431,39774,1.118,optic,2,2,2,"[opticL1, visual_projectionL1] -> opticL2 -> [opticL3, visual_projectionL3]",optic,1,visual_projection,1,optic,3,visual_projection,3
1191746,mixed,mix->BWD,mix,BWD,0,3,1,1062,47,4.183,66144,62.282,visual_projection,2,2,2,"[opticL2, opticL3] -> visual_projectionL2 -> [centralL1, visual_projectionL1]",optic,2,optic,3,central,1,visual_projection,1
1191093,mixed,BWD->mix,BWD,mix,1,3,0,35584,113,3.377,39774,1.118,optic,2,2,2,"[visual_centrifugalL3, visual_projectionL3] -> opticL2 -> [opticL1, opticL3]",visual_centrifugal,3,visual_projection,3,optic,1,optic,3
1188557,mixed,LAT->mix,LAT,mix,1,1,2,311,31,5.04,73117,235.103,visual_centrifugal,2,2,2,"[ascendingL2, opticL2] -> visual_centrifugalL2 -> [opticL1, opticL3]",ascending,2,optic,2,optic,1,optic,3
1186488,mixed,mix->mix,mix,mix,1,1,2,45,15,2.959,8942,198.711,visual_centrifugal,1,2,2,"[centralL1, visual_projectionL2] -> visual_centrifugalL1 -> [opticL1, visual_centrifugalL2]",central,1,visual_projection,2,optic,1,visual_centrifugal,2
1184930,mixed,LAT->mix,LAT,mix,1,1,2,311,28,3.907,13629,43.823,visual_centrifugal,2,2,2,"[centralL2, visual_projectionL2] -> visual_centrifugalL2 -> [opticL1, visual_centrifugalL3]",central,2,visual_projection,2,optic,1,visual_centrifugal,3
1184373,mixed,mix->mix,mix,mix,1,2,1,35584,55,3.802,37334,1.049,optic,2,2,2,"[opticL3, visual_centrifugalL1] -> opticL2 -> [opticL1, visual_centrifugalL2]",optic,3,visual_centrifugal,1,optic,1,visual_centrifugal,2
1180256,mixed,mix->mix,mix,mix,1,1,2,311,16,2.143,43894,141.138,visual_centrifugal,2,2,2,"[centralL2, descendingL3] -> visual_centrifugalL2 -> [opticL2, visual_projectionL3]",central,2,descending,3,optic,2,visual_projection,3
1178434,mixed,LAT->FWD,LAT,FWD,2,0,2,1062,179,12.827,48045,45.24,visual_projection,2,2,2,"[opticL2, visual_centrifugalL2] -> visual_projectionL2 -> [centralL3, visual_projectionL3]",optic,2,visual_centrifugal,2,central,3,visual_projection,3
1177163,mixed,mix->mix,mix,mix,2,2,0,311,15,2.402,37656,121.08,visual_centrifugal,2,2,2,"[centralL1, descendingL3] -> visual_centrifugalL2 -> [opticL1, opticL3]",central,1,descending,3,optic,1,optic,3
1177097,mixed,BWD->mix,BWD,mix,1,2,1,45,19,4.951,42179,937.311,visual_centrifugal,1,2,2,"[centralL2, visual_projectionL2] -> visual_centrifugalL1 -> [opticL2, visual_projectionL1]",central,2,visual_projection,2,optic,2,visual_projection,1
1174473,mixed,mix->mix,mix,mix,1,2,1,35584,9,2.261,31132,0.875,optic,2,2,2,"[opticL3, visual_projectionL1] -> opticL2 -> [visual_centrifugalL1, visual_projectionL2]",optic,3,visual_projection,1,visual_centrifugal,1,visual_projection,2
1173889,mixed,mix->LAT,mix,LAT,0,1,3,311,23,5.787,42179,135.624,visual_centrifugal,2,2,2,"[centralL2, visual_centrifugalL3] -> visual_centrifugalL2 -> [opticL2, visual_projectionL2]",central,2,visual_centrifugal,3,optic,2,visual_projection,2
1171515,mixed,mix->LAT,mix,LAT,1,1,2,35584,13,3.375,31398,0.882,optic,2,2,2,"[opticL3, visual_projectionL1] -> opticL2 -> [visual_centrifugalL2, visual_projectionL2]",optic,3,visual_projection,1,visual_centrifugal,2,visual_projection,2
1171448,mixed,LAT->FWD,LAT,FWD,2,0,2,45,11,2.28,43833,974.067,visual_centrifugal,1,2,2,"[ascendingL1, opticL1] -> visual_centrifugalL1 -> [opticL2, visual_projectionL2]",ascending,1,optic,1,optic,2,visual_projection,2
1169854,mixed,mix->mix,mix,mix,1,1,2,311,26,2.894,32048,103.048,visual_centrifugal,2,2,2,"[ascendingL2, ascendingL3] -> visual_centrifugalL2 -> [opticL3, visual_projectionL2]",ascending,2,ascending,3,optic,3,visual_projection,2
1169071,mixed,mix->LAT,mix,LAT,1,1,2,1062,103,11.053,71025,66.879,visual_projection,2,2,2,"[opticL3, visual_centrifugalL1] -> visual_projectionL2 -> [centralL2, opticL2]",optic,3,visual_centrifugal,1,central,2,optic,2
1163292,mixed,mix->mix,mix,mix,2,0,2,1062,84,14.127,65884,62.038,visual_projection,2,2,2,"[opticL2, visual_centrifugalL1] -> visual_projectionL2 -> [opticL3, visual_centrifugalL2]",optic,2,visual_centrifugal,1,optic,3,visual_centrifugal,2
1163247,mixed,BWD->mix,BWD,mix,1,3,0,311,25,5.374,40180,129.196,visual_centrifugal,2,2,2,"[ascendingL3, visual_projectionL3] -> visual_centrifugalL2 -> [opticL1, opticL3]",ascending,3,visual_projection,3,optic,1,optic,3
1159311,mixed,mix->mix,mix,mix,1,1,2,1062,91,9.455,68554,64.552,visual_projection,2,2,2,"[visual_centrifugalL2, visual_projectionL3] -> visual_projectionL2 -> [opticL2, opticL3]",visual_centrifugal,2,visual_projection,3,optic,2,optic,3
1156022,mixed,FWD->mix,FWD,mix,3,0,1,35584,65,2.242,31132,0.875,optic,2,2,2,"[visual_centrifugalL1, visual_projectionL1] -> opticL2 -> [opticL3, visual_projectionL2]",visual_centrifugal,1,visual_projection,1,optic,3,visual_projection,2
1154428,mixed,mix->mix,mix,mix,1,1,2,311,46,4.117,48796,156.9,visual_centrifugal,2,2,2,"[centralL3, opticL2] -> visual_centrifugalL2 -> [visual_projectionL2, visual_projectionL3]",central,3,optic,2,visual_projection,2,visual_projection,3
1147358,pure_LAT,LAT->LAT,LAT,LAT,0,0,4,81,7,1.068,42581,525.691,visual_centrifugal,3,2,2,"[ascendingL3, centralL3] -> visual_centrifugalL3 -> [opticL3, visual_projectionL3]",ascending,3,central,3,optic,3,visual_projection,3
1146611,mixed,mix->mix,mix,mix,1,1,2,311,36,5.397,43832,140.939,visual_centrifugal,2,2,2,"[centralL2, visual_projectionL3] -> visual_centrifugalL2 -> [opticL2, visual_centrifugalL3]",central,2,visual_projection,3,optic,2,visual_centrifugal,3
1145037,mixed,mix->mix,mix,mix,2,1,1,35584,204,2.253,30381,0.854,optic,2,2,2,"[visual_centrifugalL1, visual_centrifugalL2] -> opticL2 -> [opticL3, visual_projectionL1]",visual_centrifugal,1,visual_centrifugal,2,optic,3,visual_projection,1
1144293,mixed,mix->FWD,mix,FWD,3,1,0,311,25,3.174,33681,108.299,visual_centrifugal,2,2,2,"[ascendingL3, centralL1] -> visual_centrifugalL2 -> [opticL3, visual_projectionL3]",ascending,3,central,1,optic,3,visual_projection,3
1142901,mixed,mix->mix,mix,mix,2,1,1,1062,78,2.098,52588,49.518,visual_projection,2,2,2,"[opticL1, opticL2] -> visual_projectionL2 -> [centralL1, centralL3]",optic,1,optic,2,central,1,central,3
1136827,mixed,LAT->mix,LAT,mix,0,1,3,81,3,1.0,33457,413.049,visual_centrifugal,3,2,2,"[ascendingL3, visual_projectionL3] -> visual_centrifugalL3 -> [opticL3, visual_centrifugalL2]",ascending,3,visual_projection,3,optic,3,visual_centrifugal,2
1136650,mixed,LAT->mix,LAT,mix,0,1,3,81,1,1.0,33113,408.802,visual_centrifugal,3,2,2,"[descendingL3, visual_projectionL3] -> visual_centrifugalL3 -> [opticL3, visual_centrifugalL2]",descending,3,visual_projection,3,optic,3,visual_centrifugal,2
1131024,mixed,mix->mix,mix,mix,2,0,2,311,40,8.31,43832,140.939,visual_centrifugal,2,2,2,"[centralL2, visual_projectionL1] -> visual_centrifugalL2 -> [opticL2, visual_projectionL3]",central,2,visual_projection,1,optic,2,visual_projection,3
1130053,mixed,mix->mix,mix,mix,1,1,2,2715,256,8.743,76025,28.002,visual_projection,3,2,2,"[opticL3, visual_projectionL2] -> visual_projectionL3 -> [centralL3, opticL2]",optic,3,visual_projection,2,central,3,optic,2
1127596,mixed,mix->mix,mix,mix,1,1,2,81,4,1.009,71123,878.062,visual_centrifugal,3,2,2,"[centralL2, descendingL3] -> visual_centrifugalL3 -> [opticL2, opticL3]",central,2,descending,3,optic,2,optic,3
1127052,mixed,mix->mix,mix,mix,1,2,1,311,42,5.575,75277,242.048,visual_centrifugal,2,2,2,"[opticL2, visual_projectionL3] -> visual_centrifugalL2 -> [opticL1, opticL3]",optic,2,visual_projection,3,optic,1,optic,3
1126946,mixed,mix->mix,mix,mix,2,2,0,311,22,3.671,37618,120.958,visual_centrifugal,2,2,2,"[ascendingL1, ascendingL3] -> visual_centrifugalL2 -> [opticL1, opticL3]",ascending,1,ascending,3,optic,1,optic,3
1123477,mixed,mix->BWD,mix,BWD,0,3,1,35584,16,1.871,30381,0.854,optic,2,2,2,"[opticL3, visual_centrifugalL2] -> opticL2 -> [visual_centrifugalL1, visual_projectionL1]",optic,3,visual_centrifugal,2,visual_centrifugal,1,visual_projection,1
1122449,mixed,mix->mix,mix,mix,2,0,2,311,34,4.115,36503,117.373,visual_centrifugal,2,2,2,"[centralL2, visual_centrifugalL1] -> visual_centrifugalL2 -> [opticL3, visual_projectionL2]",central,2,visual_centrifugal,1,optic,3,visual_projection,2
1121983,mixed,mix->mix,mix,mix,1,1,2,45,2,1.004,42751,950.022,visual_centrifugal,1,2,2,"[descendingL2, visual_projectionL1] -> visual_centrifugalL1 -> [opticL1, opticL2]",descending,2,visual_projection,1,optic,1,optic,2
1121309,mixed,mix->FWD,mix,FWD,2,1,1,1062,32,4.295,75106,70.721,visual_projection,2,2,2,"[opticL2, opticL3] -> visual_projectionL2 -> [centralL3, descendingL3]",optic,2,optic,3,central,3,descending,3
1113053,mixed,mix->mix,mix,mix,0,2,2,311,66,7.555,46162,148.431,visual_centrifugal,2,2,2,"[centralL3, visual_projectionL2] -> visual_centrifugalL2 -> [opticL2, visual_projectionL1]",central,3,visual_projection,2,optic,2,visual_projection,1
1112461,mixed,mix->LAT,mix,LAT,1,0,3,311,45,10.937,42179,135.624,visual_centrifugal,2,2,2,"[centralL2, visual_projectionL1] -> visual_centrifugalL2 -> [opticL2, visual_projectionL2]",central,2,visual_projection,1,optic,2,visual_projection,2
1110467,mixed,BWD->mix,BWD,mix,1,2,1,311,27,2.305,34208,109.994,visual_centrifugal,2,2,2,"[ascendingL3, visual_projectionL3] -> visual_centrifugalL2 -> [opticL3, visual_projectionL2]",ascending,3,visual_projection,3,optic,3,visual_projection,2
1109837,mixed,mix->BWD,mix,BWD,1,2,1,9435,27,2.3,11465,1.215,central,3,2,2,"[ascendingL2, sensoryL3] -> centralL3 -> [centralL2, sensoryL2]",ascending,2,sensory,3,central,2,sensory,2
1109800,pure_LAT,LAT->LAT,LAT,LAT,0,0,4,81,1,1.0,42237,521.444,visual_centrifugal,3,2,2,"[centralL3, descendingL3] -> visual_centrifugalL3 -> [opticL3, visual_projectionL3]",central,3,descending,3,optic,3,visual_projection,3
1104963,mixed,mix->mix,mix,mix,2,1,1,311,37,5.225,47815,153.746,visual_centrifugal,2,2,2,"[centralL3, visual_projectionL1] -> visual_centrifugalL2 -> [opticL2, visual_projectionL3]",central,3,visual_projection,1,optic,2,visual_projection,3
1102783,mixed,mix->FWD,mix,FWD,3,0,1,311,44,7.406,33802,108.688,visual_centrifugal,2,2,2,"[visual_projectionL1, visual_projectionL2] -> visual_centrifugalL2 -> [opticL3, visual_projectionL3]",visual_projection,1,visual_projection,2,optic,3,visual_projection,3
1100172,mixed,mix->mix,mix,mix,1,1,2,1062,146,18.895,75274,70.879,visual_projection,2,2,2,"[opticL3, visual_centrifugalL2] -> visual_projectionL2 -> [centralL3, opticL2]",optic,3,visual_centrifugal,2,central,3,optic,2
1100152,mixed,mix->LAT,mix,LAT,0,1,3,311,25,3.577,51533,165.701,visual_centrifugal,2,2,2,"[centralL3, visual_projectionL2] -> visual_centrifugalL2 -> [centralL2, opticL2]",central,3,visual_projection,2,central,2,optic,2
1089355,mixed,mix->mix,mix,mix,1,1,2,311,32,2.677,34276,110.212,visual_centrifugal,2,2,2,"[ascendingL2, visual_projectionL3] -> visual_centrifugalL2 -> [opticL3, visual_projectionL2]",ascending,2,visual_projection,3,optic,3,visual_projection,2
1075844,mixed,mix->LAT,mix,LAT,1,1,2,311,30,6.126,37668,121.119,visual_centrifugal,2,2,2,"[ascendingL3, centralL1] -> visual_centrifugalL2 -> [opticL2, visual_projectionL2]",ascending,3,central,1,optic,2,visual_projection,2
1073637,mixed,mix->mix,mix,mix,1,2,1,35584,11,2.068,30381,0.854,optic,2,2,2,"[visual_centrifugalL2, visual_centrifugalL3] -> opticL2 -> [opticL3, visual_centrifugalL1]",visual_centrifugal,2,visual_centrifugal,3,optic,3,visual_centrifugal,1
1071682,mixed,mix->mix,mix,mix,2,0,2,311,33,1.643,51006,164.006,visual_centrifugal,2,2,2,"[centralL1, centralL2] -> visual_centrifugalL2 -> [centralL3, opticL2]",central,1,central,2,central,3,optic,2
1069282,mixed,mix->mix,mix,mix,2,1,1,1062,27,1.129,68324,64.335,visual_projection,2,2,2,"[opticL3, visual_projectionL1] -> visual_projectionL2 -> [opticL2, visual_projectionL3]",optic,3,visual_projection,1,optic,2,visual_projection,3
1067547,mixed,mix->mix,mix,mix,0,2,2,1062,93,12.505,44286,41.701,visual_projection,2,2,2,"[opticL2, visual_projectionL3] -> visual_projectionL2 -> [centralL1, centralL2]",optic,2,visual_projection,3,central,1,central,2
1065425,mixed,BWD->mix,BWD,mix,1,3,0,311,17,3.195,37546,120.727,visual_centrifugal,2,2,2,"[ascendingL3, visual_centrifugalL3] -> visual_centrifugalL2 -> [opticL1, opticL3]",ascending,3,visual_centrifugal,3,optic,1,optic,3
1061894,mixed,mix->mix,mix,mix,1,2,1,311,27,7.248,44876,144.296,visual_centrifugal,2,2,2,"[centralL2, centralL3] -> visual_centrifugalL2 -> [opticL3, visual_centrifugalL1]",central,2,central,3,optic,3,visual_centrifugal,1
1058139,mixed,mix->mix,mix,mix,2,1,1,311,38,3.85,40594,130.527,visual_centrifugal,2,2,2,"[ascendingL1, centralL3] -> visual_centrifugalL2 -> [opticL3, visual_projectionL2]",ascending,1,central,3,optic,3,visual_projection,2
1053921,mixed,mix->LAT,mix,LAT,1,1,2,311,31,2.535,46126,148.315,visual_centrifugal,2,2,2,"[centralL3, visual_centrifugalL1] -> visual_centrifugalL2 -> [opticL2, visual_projectionL2]",central,3,visual_centrifugal,1,optic,2,visual_projection,2
1053790,mixed,mix->FWD,mix,FWD,3,0,1,1062,21,1.21,68324,64.335,visual_projection,2,2,2,"[opticL2, visual_projectionL1] -> visual_projectionL2 -> [opticL3, visual_projectionL3]",optic,2,visual_projection,1,optic,3,visual_projection,3
1048408,mixed,mix->mix,mix,mix,2,0,2,311,45,3.687,39389,126.653,visual_centrifugal,2,2,2,"[ascendingL2, centralL1] -> visual_centrifugalL2 -> [opticL2, visual_projectionL3]",ascending,2,central,1,optic,2,visual_projection,3
1047690,mixed,mix->mix,mix,mix,1,1,2,1062,198,7.068,45142,42.507,visual_projection,2,2,2,"[opticL3, visual_centrifugalL2] -> visual_projectionL2 -> [centralL2, centralL3]",optic,3,visual_centrifugal,2,central,2,central,3
1045877,mixed,mix->BWD,mix,BWD,1,2,1,9435,8,2.013,11465,1.215,central,3,2,2,"[centralL2, sensoryL3] -> centralL3 -> [ascendingL2, sensoryL2]",central,2,sensory,3,ascending,2,sensory,2
1044174,mixed,mix->mix,mix,mix,1,2,1,311,10,2.358,46465,149.405,visual_centrifugal,2,2,2,"[centralL3, descendingL2] -> visual_centrifugalL2 -> [opticL1, opticL3]",central,3,descending,2,optic,1,optic,3
1043238,mixed,mix->mix,mix,mix,2,1,1,35584,18,2.251,31168,0.876,optic,2,2,2,"[visual_centrifugalL3, visual_projectionL1] -> opticL2 -> [opticL3, visual_projectionL2]",visual_centrifugal,3,visual_projection,1,optic,3,visual_projection,2
1037189,mixed,mix->FWD,mix,FWD,2,1,1,1062,37,3.17,75044,70.663,visual_projection,2,2,2,"[opticL2, visual_centrifugalL3] -> visual_projectionL2 -> [centralL3, opticL3]",optic,2,visual_centrifugal,3,central,3,optic,3
1031861,mixed,mix->FWD,mix,FWD,2,1,1,45,9,5.984,42179,937.311,visual_centrifugal,1,2,2,"[centralL2, visual_projectionL1] -> visual_centrifugalL1 -> [opticL2, visual_projectionL2]",central,2,visual_projection,1,optic,2,visual_projection,2
1030369,mixed,mix->FWD,mix,FWD,3,0,1,1062,139,8.554,47779,44.99,visual_projection,2,2,2,"[opticL2, visual_centrifugalL1] -> visual_projectionL2 -> [centralL3, visual_projectionL3]",optic,2,visual_centrifugal,1,central,3,visual_projection,3
1026295,mixed,mix->mix,mix,mix,1,1,2,311,22,5.759,39341,126.498,visual_centrifugal,2,2,2,"[ascendingL2, ascendingL3] -> visual_centrifugalL2 -> [opticL2, visual_projectionL3]",ascending,2,ascending,3,optic,2,visual_projection,3
1025585,mixed,mix->mix,mix,mix,1,1,2,9435,12,2.075,6500,0.689,central,3,2,2,"[ascendingL2, ascendingL3] -> centralL3 -> [sensoryL2, sensoryL3]",ascending,2,ascending,3,sensory,2,sensory,3
1024130,mixed,mix->LAT,mix,LAT,1,0,3,1062,85,4.47,48381,45.556,visual_projection,2,2,2,"[opticL1, opticL2] -> visual_projectionL2 -> [centralL2, visual_centrifugalL2]",optic,1,optic,2,central,2,visual_centrifugal,2
1020021,mixed,mix->mix,mix,mix,1,2,1,1062,61,6.078,68324,64.335,visual_projection,2,2,2,"[opticL2, visual_projectionL3] -> visual_projectionL2 -> [opticL3, visual_projectionL1]",optic,2,visual_projection,3,optic,3,visual_projection,1
1019913,mixed,mix->LAT,mix,LAT,0,1,3,311,20,2.857,42241,135.823,visual_centrifugal,2,2,2,"[centralL2, descendingL3] -> visual_centrifugalL2 -> [opticL2, visual_projectionL2]",central,2,descending,3,optic,2,visual_projection,2
1017624,mixed,mix->mix,mix,mix,1,1,2,311,26,5.792,80415,258.569,visual_centrifugal,2,2,2,"[centralL3, opticL2] -> visual_centrifugalL2 -> [centralL2, opticL3]",central,3,optic,2,central,2,optic,3
1014108,mixed,mix->mix,mix,mix,1,1,2,311,21,3.028,68798,221.215,visual_centrifugal,2,2,2,"[ascendingL2, opticL3] -> visual_centrifugalL2 -> [opticL2, visual_projectionL3]",ascending,2,optic,3,optic,2,visual_projection,3
1013372,mixed,mix->mix,mix,mix,1,2,1,311,63,4.642,24636,79.215,visual_centrifugal,2,2,2,"[centralL2, centralL3] -> visual_centrifugalL2 -> [opticL1, visual_projectionL3]",central,2,central,3,optic,1,visual_projection,3
1007953,mixed,mix->mix,mix,mix,1,1,2,311,43,2.228,13767,44.267,visual_centrifugal,2,2,2,"[ascendingL2, centralL3] -> visual_centrifugalL2 -> [visual_projectionL2, visual_projectionL3]",ascending,2,central,3,visual_projection,2,visual_projection,3
1000160,mixed,mix->LAT,mix,LAT,1,1,2,311,38,6.452,46234,148.662,visual_centrifugal,2,2,2,"[ascendingL1, centralL3] -> visual_centrifugalL2 -> [opticL2, visual_projectionL2]",ascending,1,central,3,optic,2,visual_projection,2
998358,mixed,FWD->mix,FWD,mix,2,1,1,81,21,1.61,44062,543.975,visual_centrifugal,3,2,2,"[centralL2, visual_centrifugalL2] -> visual_centrifugalL3 -> [opticL2, visual_projectionL3]",central,2,visual_centrifugal,2,optic,2,visual_projection,3
993404,mixed,mix->mix,mix,mix,2,1,1,311,15,2.582,65752,211.421,visual_centrifugal,2,2,2,"[descendingL3, visual_projectionL1] -> visual_centrifugalL2 -> [opticL2, opticL3]",descending,3,visual_projection,1,optic,2,optic,3
990928,mixed,mix->mix,mix,mix,2,1,1,311,28,2.228,45366,145.871,visual_centrifugal,2,2,2,"[centralL1, centralL3] -> visual_centrifugalL2 -> [centralL2, opticL3]",central,1,central,3,central,2,optic,3
990542,mixed,mix->LAT,mix,LAT,1,0,3,311,34,4.438,42143,135.508,visual_centrifugal,2,2,2,"[centralL2, visual_centrifugalL1] -> visual_centrifugalL2 -> [opticL2, visual_projectionL2]",central,2,visual_centrifugal,1,optic,2,visual_projection,2
985695,mixed,mix->mix,mix,mix,2,0,2,311,31,3.239,43796,140.823,visual_centrifugal,2,2,2,"[centralL2, visual_centrifugalL1] -> visual_centrifugalL2 -> [opticL2, visual_projectionL3]",central,2,visual_centrifugal,1,optic,2,visual_projection,3
985220,mixed,mix->LAT,mix,LAT,1,1,2,311,34,6.837,67125,215.836,visual_centrifugal,2,2,2,"[centralL1, opticL3] -> visual_centrifugalL2 -> [opticL2, visual_projectionL2]",central,1,optic,3,optic,2,visual_projection,2
979884,mixed,BWD->FWD,BWD,FWD,2,2,0,1062,41,3.331,42175,39.713,visual_projection,2,2,2,"[opticL3, visual_projectionL3] -> visual_projectionL2 -> [centralL3, visual_centrifugalL3]",optic,3,visual_projection,3,central,3,visual_centrifugal,3
979447,mixed,mix->mix,mix,mix,2,0,2,311,60,1.568,9764,31.395,visual_centrifugal,2,2,2,"[centralL1, centralL2] -> visual_centrifugalL2 -> [visual_projectionL2, visual_projectionL3]",central,1,central,2,visual_projection,2,visual_projection,3
976824,mixed,mix->FWD,mix,FWD,2,1,1,45,4,2.133,37233,827.4,visual_centrifugal,1,2,2,"[centralL1, descendingL2] -> visual_centrifugalL1 -> [opticL2, visual_projectionL2]",central,1,descending,2,optic,2,visual_projection,2
974745,mixed,mix->mix,mix,mix,2,0,2,311,48,3.895,32096,103.203,visual_centrifugal,2,2,2,"[ascendingL2, centralL1] -> visual_centrifugalL2 -> [opticL3, visual_projectionL2]",ascending,2,central,1,optic,3,visual_projection,2
974162,mixed,mix->FWD,mix,FWD,2,1,1,311,25,4.185,34208,109.994,visual_centrifugal,2,2,2,"[ascendingL3, visual_projectionL2] -> visual_centrifugalL2 -> [opticL3, visual_projectionL3]",ascending,3,visual_projection,2,optic,3,visual_projection,3
974101,mixed,mix->mix,mix,mix,2,0,2,311,38,8.005,43904,141.17,visual_centrifugal,2,2,2,"[ascendingL1, centralL2] -> visual_centrifugalL2 -> [opticL2, visual_projectionL3]",ascending,1,central,2,optic,2,visual_projection,3
963033,mixed,mix->BWD,mix,BWD,1,2,1,2715,217,3.586,66901,24.641,visual_projection,3,2,2,"[opticL3, visual_centrifugalL2] -> visual_projectionL3 -> [opticL2, visual_projectionL2]",optic,3,visual_centrifugal,2,optic,2,visual_projection,2
960784,mixed,mix->mix,mix,mix,1,1,2,29944,552,4.874,39442,1.317,optic,3,2,2,"[opticL2, visual_centrifugalL3] -> opticL3 -> [visual_projectionL2, visual_projectionL3]",optic,2,visual_centrifugal,3,visual_projection,2,visual_projection,3
960154,mixed,mix->mix,mix,mix,1,2,1,35584,83,2.294,30417,0.855,optic,2,2,2,"[visual_centrifugalL2, visual_centrifugalL3] -> opticL2 -> [opticL3, visual_projectionL1]",visual_centrifugal,2,visual_centrifugal,3,optic,3,visual_projection,1
959792,mixed,mix->mix,mix,mix,2,2,0,311,15,3.929,37212,119.653,visual_centrifugal,2,2,2,"[ascendingL1, visual_centrifugalL3] -> visual_centrifugalL2 -> [opticL1, opticL3]",ascending,1,visual_centrifugal,3,optic,1,optic,3
959576,mixed,mix->BWD,mix,BWD,0,3,1,1062,33,5.783,65654,61.821,visual_projection,2,2,2,"[opticL2, opticL3] -> visual_projectionL2 -> [visual_centrifugalL1, visual_projectionL1]",optic,2,optic,3,visual_centrifugal,1,visual_projection,1
957689,mixed,mix->LAT,mix,LAT,1,0,3,81,14,2.677,77678,958.988,visual_centrifugal,3,2,2,"[centralL3, opticL2] -> visual_centrifugalL3 -> [opticL3, visual_projectionL3]",central,3,optic,2,optic,3,visual_projection,3
953755,mixed,FWD->LAT,FWD,LAT,2,0,2,81,12,2.143,69305,855.617,visual_centrifugal,3,2,2,"[opticL2, visual_projectionL2] -> visual_centrifugalL3 -> [opticL3, visual_projectionL3]",optic,2,visual_projection,2,optic,3,visual_projection,3
951310,mixed,BWD->mix,BWD,mix,1,2,1,45,11,3.544,13352,296.711,visual_centrifugal,1,2,2,"[ascendingL2, centralL2] -> visual_centrifugalL1 -> [opticL1, visual_centrifugalL2]",ascending,2,central,2,optic,1,visual_centrifugal,2
950954,mixed,FWD->mix,FWD,mix,3,0,1,311,12,4.923,72607,233.463,visual_centrifugal,2,2,2,"[opticL1, visual_centrifugalL1] -> visual_centrifugalL2 -> [opticL2, opticL3]",optic,1,visual_centrifugal,1,optic,2,optic,3
944686,mixed,BWD->mix,BWD,mix,1,2,1,1062,37,2.939,33051,31.121,visual_projection,2,2,2,"[opticL3, visual_projectionL3] -> visual_projectionL2 -> [visual_centrifugalL2, visual_centrifugalL3]",optic,3,visual_projection,3,visual_centrifugal,2,visual_centrifugal,3
941463,mixed,mix->mix,mix,mix,0,2,2,35584,235,1.899,11122,0.313,optic,2,2,2,"[visual_centrifugalL2, visual_projectionL3] -> opticL2 -> [opticL1, visual_projectionL2]",visual_centrifugal,2,visual_projection,3,optic,1,visual_projection,2
936706,mixed,mix->FWD,mix,FWD,2,1,1,45,10,3.53,48381,1075.133,visual_centrifugal,1,2,2,"[centralL2, opticL1] -> visual_centrifugalL1 -> [opticL2, visual_centrifugalL2]",central,2,optic,1,optic,2,visual_centrifugal,2
933512,mixed,FWD->mix,FWD,mix,2,1,1,2715,277,6.31,51533,18.981,visual_projection,3,2,2,"[opticL2, visual_projectionL2] -> visual_projectionL3 -> [centralL2, centralL3]",optic,2,visual_projection,2,central,2,central,3
933124,mixed,mix->mix,mix,mix,1,1,2,311,13,2.744,68295,219.598,visual_centrifugal,2,2,2,"[descendingL2, visual_projectionL3] -> visual_centrifugalL2 -> [opticL2, opticL3]",descending,2,visual_projection,3,optic,2,optic,3
932176,mixed,mix->mix,mix,mix,0,2,2,35584,31,1.903,4133,0.116,optic,2,2,2,"[visual_centrifugalL2, visual_projectionL3] -> opticL2 -> [visual_centrifugalL1, visual_projectionL2]",visual_centrifugal,2,visual_projection,3,visual_centrifugal,1,visual_projection,2
923245,mixed,mix->BWD,mix,BWD,1,2,1,81,14,1.178,39672,489.778,visual_centrifugal,3,2,2,"[visual_centrifugalL2, visual_projectionL3] -> visual_centrifugalL3 -> [opticL2, visual_projectionL2]",visual_centrifugal,2,visual_projection,3,optic,2,visual_projection,2
921172,mixed,mix->mix,mix,mix,2,0,2,311,23,4.09,36755,118.183,visual_centrifugal,2,2,2,"[ascendingL2, centralL1] -> visual_centrifugalL2 -> [opticL2, visual_centrifugalL3]",ascending,2,central,1,optic,2,visual_centrifugal,3
917242,mixed,BWD->FWD,BWD,FWD,2,2,0,45,13,3.461,37512,833.6,visual_centrifugal,1,2,2,"[ascendingL2, visual_projectionL2] -> visual_centrifugalL1 -> [opticL2, visual_centrifugalL2]",ascending,2,visual_projection,2,optic,2,visual_centrifugal,2
917068,mixed,BWD->mix,BWD,mix,1,2,1,311,23,1.94,47546,152.881,visual_centrifugal,2,2,2,"[centralL3, visual_projectionL3] -> visual_centrifugalL2 -> [centralL2, opticL3]",central,3,visual_projection,3,central,2,optic,3
912375,mixed,mix->LAT,mix,LAT,1,1,2,311,39,6.445,46162,148.431,visual_centrifugal,2,2,2,"[centralL3, visual_projectionL1] -> visual_centrifugalL2 -> [opticL2, visual_projectionL2]",central,3,visual_projection,1,optic,2,visual_projection,2
911136,mixed,LAT->mix,LAT,mix,0,1,3,81,6,1.004,34208,422.321,visual_centrifugal,3,2,2,"[ascendingL3, visual_projectionL3] -> visual_centrifugalL3 -> [opticL3, visual_projectionL2]",ascending,3,visual_projection,3,optic,3,visual_projection,2
910204,mixed,mix->LAT,mix,LAT,1,0,3,81,7,1.002,42405,523.519,visual_centrifugal,3,2,2,"[visual_centrifugalL2, visual_projectionL3] -> visual_centrifugalL3 -> [centralL3, opticL3]",visual_centrifugal,2,visual_projection,3,central,3,optic,3
909320,mixed,LAT->mix,LAT,mix,0,1,3,81,1,1.0,33864,418.074,visual_centrifugal,3,2,2,"[descendingL3, visual_projectionL3] -> visual_centrifugalL3 -> [opticL3, visual_projectionL2]",descending,3,visual_projection,3,optic,3,visual_projection,2
904191,mixed,mix->mix,mix,mix,1,2,1,311,66,5.901,40522,130.296,visual_centrifugal,2,2,2,"[centralL3, visual_projectionL2] -> visual_centrifugalL2 -> [opticL3, visual_projectionL1]",central,3,visual_projection,2,optic,3,visual_projection,1
903089,mixed,mix->mix,mix,mix,1,1,2,311,25,5.642,45655,146.801,visual_centrifugal,2,2,2,"[ascendingL2, centralL3] -> visual_centrifugalL2 -> [opticL2, visual_centrifugalL3]",ascending,2,central,3,optic,2,visual_centrifugal,3
898816,mixed,mix->mix,mix,mix,1,1,2,2715,269,5.184,45893,16.903,visual_projection,3,2,2,"[opticL3, visual_projectionL2] -> visual_projectionL3 -> [centralL2, centralL3]",optic,3,visual_projection,2,central,2,central,3
897724,mixed,mix->BWD,mix,BWD,1,2,1,2715,153,4.813,71291,26.258,visual_projection,3,2,2,"[opticL3, visual_centrifugalL2] -> visual_projectionL3 -> [centralL2, opticL2]",optic,3,visual_centrifugal,2,central,2,optic,2
896194,mixed,mix->LAT,mix,LAT,1,0,3,81,6,1.156,38598,476.519,visual_centrifugal,3,2,2,"[ascendingL3, centralL2] -> visual_centrifugalL3 -> [opticL3, visual_projectionL3]",ascending,3,central,2,optic,3,visual_projection,3
895334,mixed,mix->mix,mix,mix,2,0,2,311,39,4.631,36611,117.72,visual_centrifugal,2,2,2,"[ascendingL1, centralL2] -> visual_centrifugalL2 -> [opticL3, visual_projectionL2]",ascending,1,central,2,optic,3,visual_projection,2
895150,mixed,mix->mix,mix,mix,1,1,2,311,28,2.0,48115,154.711,visual_centrifugal,2,2,2,"[centralL2, visual_centrifugalL1] -> visual_centrifugalL2 -> [opticL1, opticL2]",central,2,visual_centrifugal,1,optic,1,optic,2
891722,mixed,mix->mix,mix,mix,2,0,2,35584,48,2.173,38351,1.078,optic,2,2,2,"[opticL1, visual_projectionL2] -> opticL2 -> [opticL3, visual_centrifugalL2]",optic,1,visual_projection,2,optic,3,visual_centrifugal,2
885243,mixed,mix->mix,mix,mix,1,2,1,311,29,1.28,73097,235.039,visual_centrifugal,2,2,2,"[centralL1, opticL3] -> visual_centrifugalL2 -> [opticL1, opticL2]",central,1,optic,3,optic,1,optic,2
884288,mixed,mix->mix,mix,mix,1,1,2,311,20,1.958,36601,117.688,visual_centrifugal,2,2,2,"[centralL2, descendingL3] -> visual_centrifugalL2 -> [opticL3, visual_projectionL2]",central,2,descending,3,optic,3,visual_projection,2
880007,mixed,mix->mix,mix,mix,1,1,2,81,10,1.933,69305,855.617,visual_centrifugal,3,2,2,"[opticL3, visual_projectionL2] -> visual_centrifugalL3 -> [opticL2, visual_projectionL3]",optic,3,visual_projection,2,optic,2,visual_projection,3
868590,mixed,mix->FWD,mix,FWD,2,1,1,535,2,1.0,15787,29.508,central,1,2,2,"[centralL2, sensoryL1] -> centralL1 -> [ascendingL2, sensoryL2]",central,2,sensory,1,ascending,2,sensory,2
867576,mixed,mix->mix,mix,mix,1,2,1,1062,42,6.051,68778,64.763,visual_projection,2,2,2,"[opticL2, visual_projectionL3] -> visual_projectionL2 -> [centralL1, opticL3]",optic,2,visual_projection,3,central,1,optic,3
865083,mixed,mix->FWD,mix,FWD,2,1,1,35584,23,1.849,33051,0.929,optic,2,2,2,"[visual_centrifugalL2, visual_projectionL3] -> opticL2 -> [opticL3, visual_centrifugalL3]",visual_centrifugal,2,visual_projection,3,optic,3,visual_centrifugal,3
864792,mixed,FWD->mix,FWD,mix,2,1,1,29944,67,1.185,39672,1.325,optic,3,2,2,"[opticL2, visual_projectionL2] -> opticL3 -> [visual_centrifugalL2, visual_projectionL3]",optic,2,visual_projection,2,visual_centrifugal,2,visual_projection,3
863855,mixed,mix->mix,mix,mix,1,1,2,45,13,2.717,12950,287.778,visual_centrifugal,1,2,2,"[ascendingL1, centralL2] -> visual_centrifugalL1 -> [opticL1, visual_centrifugalL2]",ascending,1,central,2,optic,1,visual_centrifugal,2
862676,mixed,FWD->mix,FWD,mix,3,0,1,1062,53,10.619,72607,68.368,visual_projection,2,2,2,"[opticL1, visual_centrifugalL1] -> visual_projectionL2 -> [opticL2, opticL3]",optic,1,visual_centrifugal,1,optic,2,optic,3
860014,mixed,mix->mix,mix,mix,0,2,2,311,35,1.328,73624,236.733,visual_centrifugal,2,2,2,"[opticL2, opticL3] -> visual_centrifugalL2 -> [opticL1, visual_projectionL2]",optic,2,optic,3,optic,1,visual_projection,2
850986,mixed,LAT->mix,LAT,mix,0,1,3,81,10,2.403,77678,958.988,visual_centrifugal,3,2,2,"[centralL3, opticL3] -> visual_centrifugalL3 -> [opticL2, visual_projectionL3]",central,3,optic,3,optic,2,visual_projection,3
846337,mixed,mix->mix,mix,mix,2,1,1,311,36,9.417,68778,221.151,visual_centrifugal,2,2,2,"[centralL1, opticL3] -> visual_centrifugalL2 -> [opticL2, visual_projectionL3]",central,1,optic,3,optic,2,visual_projection,3
844148,mixed,mix->FWD,mix,FWD,3,0,1,311,34,4.261,68324,219.691,visual_centrifugal,2,2,2,"[opticL2, visual_projectionL1] -> visual_centrifugalL2 -> [opticL3, visual_projectionL3]",optic,2,visual_projection,1,optic,3,visual_projection,3
843634,mixed,mix->mix,mix,mix,2,2,0,311,31,5.181,39846,128.122,visual_centrifugal,2,2,2,"[ascendingL1, visual_projectionL3] -> visual_centrifugalL2 -> [opticL1, opticL3]",ascending,1,visual_projection,3,optic,1,optic,3
843467,mixed,BWD->mix,BWD,mix,0,3,1,311,35,2.743,81997,263.656,visual_centrifugal,2,2,2,"[centralL3, opticL3] -> visual_centrifugalL2 -> [opticL1, opticL2]",central,3,optic,3,optic,1,optic,2
841828,mixed,mix->mix,mix,mix,2,1,1,1062,113,10.986,75008,70.629,visual_projection,2,2,2,"[opticL3, visual_centrifugalL1] -> visual_projectionL2 -> [centralL3, opticL2]",optic,3,visual_centrifugal,1,central,3,optic,2
840778,mixed,BWD->mix,BWD,mix,1,3,0,1062,90,10.31,42629,40.14,visual_projection,2,2,2,"[opticL3, visual_projectionL3] -> visual_projectionL2 -> [centralL1, centralL3]",optic,3,visual_projection,3,central,1,central,3
839734,mixed,mix->mix,mix,mix,2,1,1,311,30,3.228,32028,102.984,visual_centrifugal,2,2,2,"[ascendingL3, centralL1] -> visual_centrifugalL2 -> [opticL3, visual_projectionL2]",ascending,3,central,1,optic,3,visual_projection,2
836720,mixed,mix->LAT,mix,LAT,0,1,3,1062,16,4.599,71535,67.359,visual_projection,2,2,2,"[opticL2, opticL3] -> visual_projectionL2 -> [ascendingL2, centralL2]",optic,2,optic,3,ascending,2,central,2
835259,mixed,mix->mix,mix,mix,0,2,2,35584,173,1.765,4169,0.117,optic,2,2,2,"[visual_centrifugalL2, visual_projectionL3] -> opticL2 -> [visual_projectionL1, visual_projectionL2]",visual_centrifugal,2,visual_projection,3,visual_projection,1,visual_projection,2
834868,mixed,mix->FWD,mix,FWD,2,1,1,45,3,2.799,42100,935.556,visual_centrifugal,1,2,2,"[centralL2, descendingL1] -> visual_centrifugalL1 -> [opticL2, visual_projectionL2]",central,2,descending,1,optic,2,visual_projection,2
832686,mixed,LAT->mix,LAT,mix,1,0,3,311,14,4.435,66642,214.283,visual_centrifugal,2,2,2,"[descendingL2, visual_projectionL2] -> visual_centrifugalL2 -> [opticL2, opticL3]",descending,2,visual_projection,2,optic,2,optic,3
832350,mixed,mix->LAT,mix,LAT,1,0,3,81,1,1.0,38254,472.272,visual_centrifugal,3,2,2,"[centralL2, descendingL3] -> visual_centrifugalL3 -> [opticL3, visual_projectionL3]",central,2,descending,3,optic,3,visual_projection,3
828070,mixed,BWD->mix,BWD,mix,0,3,1,35584,11,3.251,33015,0.928,optic,2,2,2,"[opticL3, visual_projectionL3] -> opticL2 -> [visual_centrifugalL1, visual_centrifugalL2]",optic,3,visual_projection,3,visual_centrifugal,1,visual_centrifugal,2
825530,mixed,mix->mix,mix,mix,2,0,2,311,45,2.941,66671,214.376,visual_centrifugal,2,2,2,"[opticL2, visual_projectionL1] -> visual_centrifugalL2 -> [opticL3, visual_projectionL2]",optic,2,visual_projection,1,optic,3,visual_projection,2
823439,mixed,LAT->mix,LAT,mix,1,1,2,311,22,3.716,13122,42.193,visual_centrifugal,2,2,2,"[ascendingL2, centralL2] -> visual_centrifugalL2 -> [opticL1, visual_centrifugalL3]",ascending,2,central,2,optic,1,visual_centrifugal,3
819093,mixed,mix->mix,mix,mix,2,1,1,311,26,4.026,68324,219.691,visual_centrifugal,2,2,2,"[opticL3, visual_projectionL1] -> visual_centrifugalL2 -> [opticL2, visual_projectionL3]",optic,3,visual_projection,1,optic,2,visual_projection,3
813317,mixed,mix->mix,mix,mix,1,1,2,311,25,4.029,39848,128.129,visual_centrifugal,2,2,2,"[ascendingL3, visual_projectionL2] -> visual_centrifugalL2 -> [opticL2, visual_projectionL3]",ascending,3,visual_projection,2,optic,2,visual_projection,3
813183,mixed,mix->LAT,mix,LAT,1,1,2,311,27,1.778,51006,164.006,visual_centrifugal,2,2,2,"[centralL1, centralL3] -> visual_centrifugalL2 -> [centralL2, opticL2]",central,1,central,3,central,2,optic,2
810814,mixed,BWD->LAT,BWD,LAT,0,2,2,311,26,4.45,46162,148.431,visual_centrifugal,2,2,2,"[centralL3, visual_centrifugalL3] -> visual_centrifugalL2 -> [opticL2, visual_projectionL2]",central,3,visual_centrifugal,3,optic,2,visual_projection,2
800900,mixed,mix->mix,mix,mix,2,0,2,311,33,6.633,39406,126.707,visual_centrifugal,2,2,2,"[visual_centrifugalL1, visual_projectionL2] -> visual_centrifugalL2 -> [opticL2, visual_projectionL3]",visual_centrifugal,1,visual_projection,2,optic,2,visual_projection,3
797740,mixed,mix->mix,mix,mix,2,1,1,311,18,3.389,36687,117.965,visual_centrifugal,2,2,2,"[ascendingL3, centralL1] -> visual_centrifugalL2 -> [opticL2, visual_centrifugalL3]",ascending,3,central,1,optic,2,visual_centrifugal,3
793973,mixed,mix->mix,mix,mix,1,2,1,1062,28,7.242,75277,70.882,visual_projection,2,2,2,"[opticL2, visual_projectionL3] -> visual_projectionL2 -> [opticL1, opticL3]",optic,2,visual_projection,3,optic,1,optic,3
792133,mixed,mix->mix,mix,mix,1,1,2,45,14,3.831,37262,828.044,visual_centrifugal,1,2,2,"[centralL1, visual_projectionL2] -> visual_centrifugalL1 -> [opticL2, visual_projectionL1]",central,1,visual_projection,2,optic,2,visual_projection,1
790815,mixed,BWD->LAT,BWD,LAT,0,2,2,311,22,1.677,53186,171.016,visual_centrifugal,2,2,2,"[centralL3, visual_projectionL3] -> visual_centrifugalL2 -> [centralL2, opticL2]",central,3,visual_projection,3,central,2,optic,2
784303,mixed,mix->LAT,mix,LAT,1,1,2,1062,60,8.594,72873,68.619,visual_projection,2,2,2,"[opticL1, opticL3] -> visual_projectionL2 -> [opticL2, visual_centrifugalL2]",optic,1,optic,3,optic,2,visual_centrifugal,2
781728,mixed,BWD->mix,BWD,mix,1,2,1,311,18,4.532,45587,146.582,visual_centrifugal,2,2,2,"[ascendingL3, centralL3] -> visual_centrifugalL2 -> [opticL2, visual_centrifugalL3]",ascending,3,central,3,optic,2,visual_centrifugal,3
781642,mixed,mix->mix,mix,mix,1,1,2,1062,30,2.346,71061,66.912,visual_projection,2,2,2,"[opticL2, visual_centrifugalL3] -> visual_projectionL2 -> [centralL2, opticL3]",optic,2,visual_centrifugal,3,central,2,optic,3
779272,mixed,BWD->FWD,BWD,FWD,2,2,0,45,3,1.955,37253,827.844,visual_centrifugal,1,2,2,"[ascendingL2, descendingL2] -> visual_centrifugalL1 -> [opticL2, visual_projectionL2]",ascending,2,descending,2,optic,2,visual_projection,2
774692,mixed,mix->mix,mix,mix,1,2,1,1062,49,13.716,68288,64.301,visual_projection,2,2,2,"[opticL2, visual_projectionL3] -> visual_projectionL2 -> [opticL3, visual_centrifugalL1]",optic,2,visual_projection,3,optic,3,visual_centrifugal,1
773452,mixed,mix->mix,mix,mix,1,2,1,5452,134,7.187,13747,2.521,central,2,2,2,"[visual_projectionL2, visual_projectionL3] -> centralL2 -> [centralL1, centralL3]",visual_projection,2,visual_projection,3,central,1,central,3
767887,mixed,mix->FWD,mix,FWD,3,0,1,311,28,4.16,68288,219.576,visual_centrifugal,2,2,2,"[opticL2, visual_centrifugalL1] -> visual_centrifugalL2 -> [opticL3, visual_projectionL3]",optic,2,visual_centrifugal,1,optic,3,visual_projection,3
767411,mixed,mix->FWD,mix,FWD,3,0,1,311,38,7.334,36012,115.794,visual_centrifugal,2,2,2,"[centralL1, centralL2] -> visual_centrifugalL2 -> [opticL3, visual_centrifugalL3]",central,1,central,2,optic,3,visual_centrifugal,3
766741,mixed,mix->mix,mix,mix,1,1,2,29944,12,1.445,39442,1.317,optic,3,2,2,"[visual_projectionL2, visual_projectionL3] -> opticL3 -> [opticL2, visual_centrifugalL3]",visual_projection,2,visual_projection,3,optic,2,visual_centrifugal,3
765242,mixed,mix->mix,mix,mix,1,1,2,81,4,1.046,65982,814.593,visual_centrifugal,3,2,2,"[descendingL3, visual_centrifugalL2] -> visual_centrifugalL3 -> [opticL2, opticL3]",descending,3,visual_centrifugal,2,optic,2,optic,3
764413,mixed,BWD->mix,BWD,mix,1,2,1,311,41,6.806,47815,153.746,visual_centrifugal,2,2,2,"[centralL3, visual_projectionL3] -> visual_centrifugalL2 -> [opticL2, visual_centrifugalL3]",central,3,visual_projection,3,optic,2,visual_centrifugal,3
761268,mixed,mix->mix,mix,mix,2,1,1,35584,50,3.371,33015,0.928,optic,2,2,2,"[visual_centrifugalL1, visual_projectionL3] -> opticL2 -> [opticL3, visual_centrifugalL2]",visual_centrifugal,1,visual_projection,3,optic,3,visual_centrifugal,2
757924,mixed,mix->mix,mix,mix,2,2,0,35584,202,2.364,32785,0.921,optic,2,2,2,"[visual_centrifugalL1, visual_projectionL3] -> opticL2 -> [opticL3, visual_projectionL1]",visual_centrifugal,1,visual_projection,3,optic,3,visual_projection,1
755709,pure_BWD,BWD->BWD,BWD,BWD,0,4,0,35584,14,2.078,32785,0.921,optic,2,2,2,"[opticL3, visual_projectionL3] -> opticL2 -> [visual_centrifugalL1, visual_projectionL1]",optic,3,visual_projection,3,visual_centrifugal,1,visual_projection,1
755258,mixed,BWD->mix,BWD,mix,0,3,1,35584,35,3.683,33051,0.929,optic,2,2,2,"[opticL3, visual_projectionL3] -> opticL2 -> [visual_centrifugalL2, visual_projectionL1]",optic,3,visual_projection,3,visual_centrifugal,2,visual_projection,1
749966,mixed,mix->mix,mix,mix,1,1,2,81,3,1.005,66326,818.84,visual_centrifugal,3,2,2,"[ascendingL3, visual_centrifugalL2] -> visual_centrifugalL3 -> [opticL2, opticL3]",ascending,3,visual_centrifugal,2,optic,2,optic,3
749644,mixed,mix->LAT,mix,LAT,1,0,3,311,2,1.002,45600,146.624,visual_centrifugal,2,2,2,"[centralL1, centralL2] -> visual_centrifugalL2 -> [opticL2, sensoryL2]",central,1,central,2,optic,2,sensory,2
748710,mixed,mix->mix,mix,mix,2,1,1,311,25,2.936,39321,126.434,visual_centrifugal,2,2,2,"[ascendingL3, centralL1] -> visual_centrifugalL2 -> [opticL2, visual_projectionL3]",ascending,3,central,1,optic,2,visual_projection,3
748529,mixed,LAT->mix,LAT,mix,1,1,2,311,59,8.837,36539,117.489,visual_centrifugal,2,2,2,"[centralL2, visual_projectionL2] -> visual_centrifugalL2 -> [opticL3, visual_projectionL1]",central,2,visual_projection,2,optic,3,visual_projection,1
744395,mixed,LAT->mix,LAT,mix,1,0,3,1062,193,7.766,44062,41.49,visual_projection,2,2,2,"[opticL2, visual_centrifugalL2] -> visual_projectionL2 -> [centralL2, visual_projectionL3]",optic,2,visual_centrifugal,2,central,2,visual_projection,3
741673,mixed,BWD->mix,BWD,mix,1,3,0,35584,86,2.902,32821,0.922,optic,2,2,2,"[visual_centrifugalL3, visual_projectionL3] -> opticL2 -> [opticL3, visual_projectionL1]",visual_centrifugal,3,visual_projection,3,optic,3,visual_projection,1
739036,mixed,mix->FWD,mix,FWD,2,1,1,45,4,2.048,36851,818.911,visual_centrifugal,1,2,2,"[ascendingL1, descendingL2] -> visual_centrifugalL1 -> [opticL2, visual_projectionL2]",ascending,1,descending,2,optic,2,visual_projection,2
736475,mixed,BWD->mix,BWD,mix,1,2,1,311,26,1.914,13699,44.048,visual_centrifugal,2,2,2,"[ascendingL3, centralL3] -> visual_centrifugalL2 -> [visual_projectionL2, visual_projectionL3]",ascending,3,central,3,visual_projection,2,visual_projection,3
728182,mixed,mix->mix,mix,mix,2,1,1,311,39,3.894,40522,130.296,visual_centrifugal,2,2,2,"[centralL3, visual_projectionL1] -> visual_centrifugalL2 -> [opticL3, visual_projectionL2]",central,3,visual_projection,1,optic,3,visual_projection,2
724536,mixed,mix->FWD,mix,FWD,3,0,1,311,26,4.659,33367,107.289,visual_centrifugal,2,2,2,"[ascendingL1, ascendingL2] -> visual_centrifugalL2 -> [opticL3, visual_projectionL3]",ascending,1,ascending,2,optic,3,visual_projection,3
722161,mixed,BWD->mix,BWD,mix,1,3,0,311,18,3.821,39774,127.891,visual_centrifugal,2,2,2,"[visual_centrifugalL3, visual_projectionL3] -> visual_centrifugalL2 -> [opticL1, opticL3]",visual_centrifugal,3,visual_projection,3,optic,1,optic,3
721516,mixed,mix->BWD,mix,BWD,1,2,1,9435,24,2.098,11465,1.215,central,3,2,2,"[sensoryL2, sensoryL3] -> centralL3 -> [ascendingL2, centralL2]",sensory,2,sensory,3,ascending,2,central,2
721088,mixed,BWD->mix,BWD,mix,1,3,0,35584,9,2.048,32785,0.921,optic,2,2,2,"[visual_centrifugalL3, visual_projectionL3] -> opticL2 -> [opticL3, visual_centrifugalL1]",visual_centrifugal,3,visual_projection,3,optic,3,visual_centrifugal,1
720853,mixed,mix->LAT,mix,LAT,0,1,3,311,31,3.151,39916,128.347,visual_centrifugal,2,2,2,"[ascendingL2, visual_projectionL3] -> visual_centrifugalL2 -> [opticL2, visual_projectionL2]",ascending,2,visual_projection,3,optic,2,visual_projection,2
719704,mixed,BWD->mix,BWD,mix,0,3,1,1062,39,4.136,68778,64.763,visual_projection,2,2,2,"[opticL3, visual_projectionL3] -> visual_projectionL2 -> [centralL1, opticL2]",optic,3,visual_projection,3,central,1,optic,2
719206,mixed,mix->FWD,mix,FWD,2,1,1,45,14,3.035,37110,824.667,visual_centrifugal,1,2,2,"[ascendingL1, visual_projectionL2] -> visual_centrifugalL1 -> [opticL2, visual_centrifugalL2]",ascending,1,visual_projection,2,optic,2,visual_centrifugal,2
718063,mixed,mix->mix,mix,mix,1,2,1,311,17,3.01,13054,41.974,visual_centrifugal,2,2,2,"[ascendingL3, centralL2] -> visual_centrifugalL2 -> [opticL1, visual_centrifugalL3]",ascending,3,central,2,optic,1,visual_centrifugal,3
717882,mixed,BWD->mix,BWD,mix,1,2,1,45,15,4.231,13859,307.978,visual_centrifugal,1,2,2,"[centralL2, visual_centrifugalL2] -> visual_centrifugalL1 -> [opticL1, visual_projectionL2]",central,2,visual_centrifugal,2,optic,1,visual_projection,2
717769,mixed,mix->mix,mix,mix,2,0,2,311,33,5.705,66635,214.26,visual_centrifugal,2,2,2,"[opticL2, visual_centrifugalL1] -> visual_centrifugalL2 -> [opticL3, visual_projectionL2]",optic,2,visual_centrifugal,1,optic,3,visual_projection,2
717149,mixed,mix->mix,mix,mix,1,2,1,1062,75,19.853,47779,44.99,visual_projection,2,2,2,"[opticL2, visual_projectionL3] -> visual_projectionL2 -> [centralL3, visual_centrifugalL1]",optic,2,visual_projection,3,central,3,visual_centrifugal,1
716620,mixed,LAT->mix,LAT,mix,0,1,3,311,43,5.947,14103,45.347,visual_centrifugal,2,2,2,"[ascendingL2, centralL2] -> visual_centrifugalL2 -> [opticL1, visual_projectionL2]",ascending,2,central,2,optic,1,visual_projection,2
715356,mixed,LAT->mix,LAT,mix,1,0,3,311,48,4.358,44813,144.093,visual_centrifugal,2,2,2,"[centralL2, opticL2] -> visual_centrifugalL2 -> [visual_projectionL2, visual_projectionL3]",central,2,optic,2,visual_projection,2,visual_projection,3
714301,mixed,BWD->mix,BWD,mix,0,3,1,35584,21,3.916,37370,1.05,optic,2,2,2,"[opticL3, visual_centrifugalL3] -> opticL2 -> [opticL1, visual_centrifugalL2]",optic,3,visual_centrifugal,3,optic,1,visual_centrifugal,2
705623,mixed,mix->mix,mix,mix,1,1,2,311,52,6.092,37262,119.814,visual_centrifugal,2,2,2,"[centralL1, visual_projectionL2] -> visual_centrifugalL2 -> [opticL2, visual_projectionL1]",central,1,visual_projection,2,optic,2,visual_projection,1
704596,mixed,BWD->mix,BWD,mix,1,2,1,45,15,3.588,48381,1075.133,visual_centrifugal,1,2,2,"[centralL2, opticL2] -> visual_centrifugalL1 -> [opticL1, visual_centrifugalL2]",central,2,optic,2,optic,1,visual_centrifugal,2
703525,mixed,mix->BWD,mix,BWD,1,3,0,311,50,2.972,17085,54.936,visual_centrifugal,2,2,2,"[centralL1, centralL3] -> visual_centrifugalL2 -> [opticL1, visual_projectionL1]",central,1,central,3,optic,1,visual_projection,1
701169,mixed,mix->mix,mix,mix,2,1,1,1062,43,9.109,73097,68.83,visual_projection,2,2,2,"[opticL1, opticL2] -> visual_projectionL2 -> [centralL1, opticL3]",optic,1,optic,2,central,1,optic,3
700921,mixed,mix->mix,mix,mix,1,1,2,1062,48,2.646,48115,45.306,visual_projection,2,2,2,"[opticL1, opticL2] -> visual_projectionL2 -> [centralL2, visual_centrifugalL1]",optic,1,optic,2,central,2,visual_centrifugal,1
700513,mixed,mix->FWD,mix,FWD,3,0,1,311,34,4.753,33874,108.92,visual_centrifugal,2,2,2,"[ascendingL1, visual_projectionL2] -> visual_centrifugalL2 -> [opticL3, visual_projectionL3]",ascending,1,visual_projection,2,optic,3,visual_projection,3
699926,mixed,mix->LAT,mix,LAT,1,1,2,311,33,2.818,66671,214.376,visual_centrifugal,2,2,2,"[opticL3, visual_projectionL1] -> visual_centrifugalL2 -> [opticL2, visual_projectionL2]",optic,3,visual_projection,1,optic,2,visual_projection,2
699447,mixed,FWD->mix,FWD,mix,3,0,1,311,15,4.027,36353,116.891,visual_centrifugal,2,2,2,"[ascendingL1, centralL1] -> visual_centrifugalL2 -> [opticL2, visual_centrifugalL3]",ascending,1,central,1,optic,2,visual_centrifugal,3
697585,mixed,FWD->mix,FWD,mix,2,1,1,81,12,1.157,39916,492.79,visual_centrifugal,3,2,2,"[ascendingL2, visual_projectionL2] -> visual_centrifugalL3 -> [opticL2, visual_projectionL3]",ascending,2,visual_projection,2,optic,2,visual_projection,3
697561,mixed,mix->mix,mix,mix,2,2,0,311,21,3.249,37546,120.727,visual_centrifugal,2,2,2,"[ascendingL3, visual_projectionL1] -> visual_centrifugalL2 -> [opticL1, opticL3]",ascending,3,visual_projection,1,optic,1,optic,3
696700,mixed,mix->LAT,mix,LAT,0,1,3,311,26,8.214,37688,121.183,visual_centrifugal,2,2,2,"[ascendingL2, ascendingL3] -> visual_centrifugalL2 -> [opticL2, visual_projectionL2]",ascending,2,ascending,3,optic,2,visual_projection,2
694587,mixed,mix->mix,mix,mix,2,2,0,311,64,3.466,39995,128.601,visual_centrifugal,2,2,2,"[centralL1, centralL3] -> visual_centrifugalL2 -> [opticL3, visual_projectionL1]",central,1,central,3,optic,3,visual_projection,1
693371,mixed,mix->mix,mix,mix,2,0,2,1062,137,6.29,43796,41.239,visual_projection,2,2,2,"[opticL2, visual_centrifugalL1] -> visual_projectionL2 -> [centralL2, visual_projectionL3]",optic,2,visual_centrifugal,1,central,2,visual_projection,3
688806,mixed,BWD->FWD,BWD,FWD,2,2,0,311,28,2.018,42175,135.611,visual_centrifugal,2,2,2,"[centralL3, visual_centrifugalL3] -> visual_centrifugalL2 -> [opticL3, visual_projectionL3]",central,3,visual_centrifugal,3,optic,3,visual_projection,3
684673,mixed,mix->mix,mix,mix,1,1,2,9435,6,2.02,6500,0.689,central,3,2,2,"[ascendingL3, sensoryL2] -> centralL3 -> [ascendingL2, sensoryL3]",ascending,3,sensory,2,ascending,2,sensory,3
683312,mixed,mix->mix,mix,mix,1,1,2,2715,207,5.739,75274,27.725,visual_projection,3,2,2,"[opticL3, visual_centrifugalL2] -> visual_projectionL3 -> [centralL3, opticL2]",optic,3,visual_centrifugal,2,central,3,optic,2
681332,mixed,mix->mix,mix,mix,2,0,2,311,25,3.13,73624,236.733,visual_centrifugal,2,2,2,"[opticL1, opticL2] -> visual_centrifugalL2 -> [opticL3, visual_projectionL2]",optic,1,optic,2,optic,3,visual_projection,2
681084,mixed,mix->mix,mix,mix,1,1,2,45,10,3.106,8435,187.444,visual_centrifugal,1,2,2,"[ascendingL2, centralL1] -> visual_centrifugalL1 -> [opticL1, visual_centrifugalL2]",ascending,2,central,1,optic,1,visual_centrifugal,2
681052,mixed,mix->FWD,mix,FWD,2,1,1,311,43,7.306,40522,130.296,visual_centrifugal,2,2,2,"[centralL3, visual_projectionL2] -> visual_centrifugalL2 -> [opticL3, visual_centrifugalL3]",central,3,visual_projection,2,optic,3,visual_centrifugal,3
679731,mixed,LAT->mix,LAT,mix,0,1,3,311,43,5.939,41672,133.994,visual_centrifugal,2,2,2,"[ascendingL2, centralL2] -> visual_centrifugalL2 -> [opticL2, visual_projectionL1]",ascending,2,central,2,optic,2,visual_projection,1
675800,mixed,mix->mix,mix,mix,1,2,1,311,31,1.349,75277,242.048,visual_centrifugal,2,2,2,"[opticL2, opticL3] -> visual_centrifugalL2 -> [opticL1, visual_projectionL3]",optic,2,optic,3,optic,1,visual_projection,3
675786,mixed,mix->mix,mix,mix,2,1,1,1062,105,5.012,68288,64.301,visual_projection,2,2,2,"[opticL3, visual_centrifugalL1] -> visual_projectionL2 -> [opticL2, visual_projectionL3]",optic,3,visual_centrifugal,1,optic,2,visual_projection,3
674300,mixed,mix->mix,mix,mix,1,1,2,29944,25,1.638,38691,1.292,optic,3,2,2,"[visual_centrifugalL2, visual_projectionL3] -> opticL3 -> [opticL2, visual_centrifugalL3]",visual_centrifugal,2,visual_projection,3,optic,2,visual_centrifugal,3
674188,mixed,mix->mix,mix,mix,1,2,1,35584,15,1.361,38121,1.071,optic,2,2,2,"[opticL3, visual_projectionL2] -> opticL2 -> [opticL1, visual_centrifugalL3]",optic,3,visual_projection,2,optic,1,visual_centrifugal,3
674076,mixed,mix->mix,mix,mix,2,1,1,1062,72,7.254,68288,64.301,visual_projection,2,2,2,"[visual_centrifugalL1, visual_projectionL3] -> visual_projectionL2 -> [opticL2, opticL3]",visual_centrifugal,1,visual_projection,3,optic,2,optic,3
672448,mixed,mix->mix,mix,mix,1,1,2,45,1,1.0,47322,1051.6,visual_centrifugal,1,2,2,"[centralL1, centralL2] -> visual_centrifugalL1 -> [opticL2, sensoryL1]",central,1,central,2,optic,2,sensory,1
670209,mixed,mix->mix,mix,mix,1,1,2,1062,40,4.056,38691,36.432,visual_projection,2,2,2,"[opticL2, visual_projectionL3] -> visual_projectionL2 -> [visual_centrifugalL2, visual_centrifugalL3]",optic,2,visual_projection,3,visual_centrifugal,2,visual_centrifugal,3
666691,mixed,LAT->mix,LAT,mix,1,0,3,311,43,2.753,9784,31.46,visual_centrifugal,2,2,2,"[ascendingL2, centralL2] -> visual_centrifugalL2 -> [visual_projectionL2, visual_projectionL3]",ascending,2,central,2,visual_projection,2,visual_projection,3
664773,mixed,mix->mix,mix,mix,1,2,1,1062,84,9.472,47815,45.024,visual_projection,2,2,2,"[opticL2, visual_projectionL3] -> visual_projectionL2 -> [centralL3, visual_projectionL1]",optic,2,visual_projection,3,central,3,visual_projection,1
658486,mixed,mix->FWD,mix,FWD,2,1,1,1062,43,4.939,47815,45.024,visual_projection,2,2,2,"[opticL2, visual_projectionL3] -> visual_projectionL2 -> [centralL3, visual_centrifugalL3]",optic,2,visual_projection,3,central,3,visual_centrifugal,3
658465,mixed,LAT->FWD,LAT,FWD,2,0,2,1062,36,1.874,65920,62.072,visual_projection,2,2,2,"[opticL2, visual_centrifugalL2] -> visual_projectionL2 -> [opticL3, visual_centrifugalL3]",optic,2,visual_centrifugal,2,optic,3,visual_centrifugal,3
657341,mixed,mix->mix,mix,mix,1,1,2,9435,14,2.257,11397,1.208,central,3,2,2,"[ascendingL3, centralL2] -> centralL3 -> [sensoryL2, sensoryL3]",ascending,3,central,2,sensory,2,sensory,3
657072,mixed,LAT->mix,LAT,mix,1,1,2,311,32,1.639,46395,149.18,visual_centrifugal,2,2,2,"[opticL2, visual_projectionL2] -> visual_centrifugalL2 -> [opticL1, visual_projectionL3]",optic,2,visual_projection,2,optic,1,visual_projection,3
656615,mixed,mix->mix,mix,mix,0,2,2,311,24,4.887,41604,133.775,visual_centrifugal,2,2,2,"[ascendingL3, centralL2] -> visual_centrifugalL2 -> [opticL2, visual_projectionL1]",ascending,3,central,2,optic,2,visual_projection,1
656124,mixed,BWD->mix,BWD,mix,1,2,1,45,1,1.0,46958,1043.511,visual_centrifugal,1,2,2,"[sensoryL2, visual_centrifugalL2] -> visual_centrifugalL1 -> [opticL1, opticL2]",sensory,2,visual_centrifugal,2,optic,1,optic,2
655820,mixed,mix->mix,mix,mix,1,1,2,311,1,1.0,70044,225.222,visual_centrifugal,2,2,2,"[ascendingL3, sensoryL2] -> visual_centrifugalL2 -> [opticL2, opticL3]",ascending,3,sensory,2,optic,2,optic,3
655418,mixed,mix->mix,mix,mix,2,2,0,35584,25,3.069,39774,1.118,optic,2,2,2,"[visual_projectionL1, visual_projectionL3] -> opticL2 -> [opticL1, opticL3]",visual_projection,1,visual_projection,3,optic,1,optic,3
654426,mixed,mix->mix,mix,mix,2,1,1,311,27,3.845,8712,28.013,visual_centrifugal,2,2,2,"[centralL1, visual_projectionL2] -> visual_centrifugalL2 -> [opticL1, visual_centrifugalL3]",central,1,visual_projection,2,optic,1,visual_centrifugal,3
653082,mixed,mix->mix,mix,mix,0,2,2,311,27,8.67,50516,162.431,visual_centrifugal,2,2,2,"[centralL2, centralL3] -> visual_centrifugalL2 -> [opticL2, visual_centrifugalL1]",central,2,central,3,optic,2,visual_centrifugal,1
650852,mixed,mix->FWD,mix,FWD,3,0,1,311,31,6.568,33766,108.572,visual_centrifugal,2,2,2,"[visual_centrifugalL1, visual_projectionL2] -> visual_centrifugalL2 -> [opticL3, visual_projectionL3]",visual_centrifugal,1,visual_projection,2,optic,3,visual_projection,3
647064,mixed,mix->mix,mix,mix,1,1,2,311,1,1.0,47322,152.161,visual_centrifugal,2,2,2,"[centralL1, centralL2] -> visual_centrifugalL2 -> [opticL2, sensoryL1]",central,1,central,2,optic,2,sensory,1
647064,mixed,mix->mix,mix,mix,0,2,2,311,1,1.0,56222,180.778,visual_centrifugal,2,2,2,"[centralL2, centralL3] -> visual_centrifugalL2 -> [opticL2, sensoryL1]",central,2,central,3,optic,2,sensory,1
645194,mixed,mix->LAT,mix,LAT,1,1,2,311,46,5.591,39442,126.823,visual_centrifugal,2,2,2,"[visual_projectionL1, visual_projectionL3] -> visual_centrifugalL2 -> [opticL2, visual_projectionL2]",visual_projection,1,visual_projection,3,optic,2,visual_projection,2
643159,mixed,FWD->LAT,FWD,LAT,2,0,2,81,14,2.986,73695,909.815,visual_centrifugal,3,2,2,"[centralL2, opticL2] -> visual_centrifugalL3 -> [opticL3, visual_projectionL3]",central,2,optic,2,optic,3,visual_projection,3
642885,mixed,BWD->mix,BWD,mix,1,2,1,45,11,2.714,44235,983.0,visual_centrifugal,1,2,2,"[ascendingL2, opticL2] -> visual_centrifugalL1 -> [opticL1, visual_projectionL2]",ascending,2,optic,2,optic,1,visual_projection,2
641349,mixed,BWD->mix,BWD,mix,1,2,1,311,38,6.999,43156,138.765,visual_centrifugal,2,2,2,"[centralL3, opticL3] -> visual_centrifugalL2 -> [visual_projectionL2, visual_projectionL3]",central,3,optic,3,visual_projection,2,visual_projection,3
641314,mixed,BWD->mix,BWD,mix,1,2,1,35584,6,1.001,43156,1.213,optic,2,2,2,"[centralL3, opticL3] -> opticL2 -> [visual_projectionL2, visual_projectionL3]",central,3,optic,3,visual_projection,2,visual_projection,3
640923,mixed,mix->FWD,mix,FWD,3,1,0,311,35,6.394,39995,128.601,visual_centrifugal,2,2,2,"[centralL1, centralL3] -> visual_centrifugalL2 -> [opticL3, visual_centrifugalL3]",central,1,central,3,optic,3,visual_centrifugal,3
640327,mixed,FWD->LAT,FWD,LAT,2,0,2,311,38,6.48,37334,120.045,visual_centrifugal,2,2,2,"[ascendingL1, centralL1] -> visual_centrifugalL2 -> [opticL2, visual_projectionL2]",ascending,1,central,1,optic,2,visual_projection,2
637584,mixed,mix->BWD,mix,BWD,1,2,1,9435,12,2.049,10523,1.115,central,3,2,2,"[ascendingL2, ascendingL3] -> centralL3 -> [centralL2, sensoryL2]",ascending,2,ascending,3,central,2,sensory,2
637192,mixed,mix->mix,mix,mix,2,1,1,35584,183,3.326,10856,0.305,optic,2,2,2,"[visual_centrifugalL1, visual_projectionL2] -> opticL2 -> [opticL1, visual_projectionL3]",visual_centrifugal,1,visual_projection,2,optic,1,visual_projection,3
636739,mixed,mix->mix,mix,mix,2,1,1,311,15,3.809,12720,40.9,visual_centrifugal,2,2,2,"[ascendingL1, centralL2] -> visual_centrifugalL2 -> [opticL1, visual_centrifugalL3]",ascending,1,central,2,optic,1,visual_centrifugal,3
635073,mixed,mix->mix,mix,mix,2,1,1,311,26,3.511,37614,120.945,visual_centrifugal,2,2,2,"[ascendingL2, visual_projectionL1] -> visual_centrifugalL2 -> [opticL1, opticL3]",ascending,2,visual_projection,1,optic,1,optic,3
632937,mixed,mix->mix,mix,mix,2,0,2,311,45,6.822,36539,117.489,visual_centrifugal,2,2,2,"[centralL2, visual_projectionL1] -> visual_centrifugalL2 -> [opticL3, visual_projectionL2]",central,2,visual_projection,1,optic,3,visual_projection,2
630610,mixed,mix->FWD,mix,FWD,3,0,1,311,16,4.003,45145,145.161,visual_centrifugal,2,2,2,"[centralL2, opticL1] -> visual_centrifugalL2 -> [opticL3, visual_projectionL3]",central,2,optic,1,optic,3,visual_projection,3
629048,mixed,mix->BWD,mix,BWD,0,3,1,1062,31,3.186,72607,68.368,visual_projection,2,2,2,"[opticL2, opticL3] -> visual_projectionL2 -> [opticL1, visual_centrifugalL1]",optic,2,optic,3,optic,1,visual_centrifugal,1
628603,mixed,mix->BWD,mix,BWD,1,2,1,9435,7,2.008,10523,1.115,central,3,2,2,"[ascendingL3, centralL2] -> centralL3 -> [ascendingL2, sensoryL2]",ascending,3,central,2,ascending,2,sensory,2
625783,mixed,LAT->mix,LAT,mix,0,1,3,311,28,3.287,42143,135.508,visual_centrifugal,2,2,2,"[centralL2, visual_projectionL2] -> visual_centrifugalL2 -> [opticL2, visual_centrifugalL1]",central,2,visual_projection,2,optic,2,visual_centrifugal,1
625644,mixed,mix->mix,mix,mix,2,1,1,35584,26,4.866,38121,1.071,optic,2,2,2,"[visual_projectionL1, visual_projectionL2] -> opticL2 -> [opticL1, opticL3]",visual_projection,1,visual_projection,2,optic,1,optic,3
625025,mixed,mix->mix,mix,mix,2,0,2,311,21,3.319,41198,132.469,visual_centrifugal,2,2,2,"[centralL2, visual_projectionL1] -> visual_centrifugalL2 -> [opticL2, visual_centrifugalL3]",central,2,visual_projection,1,optic,2,visual_centrifugal,3
623567,mixed,mix->mix,mix,mix,2,1,1,1062,54,9.215,75277,70.882,visual_projection,2,2,2,"[opticL1, visual_projectionL3] -> visual_projectionL2 -> [opticL2, opticL3]",optic,1,visual_projection,3,optic,2,optic,3
623501,mixed,mix->FWD,mix,FWD,3,0,1,311,16,2.826,68396,219.923,visual_centrifugal,2,2,2,"[ascendingL1, opticL2] -> visual_centrifugalL2 -> [opticL3, visual_projectionL3]",ascending,1,optic,2,optic,3,visual_projection,3
622978,mixed,mix->mix,mix,mix,2,1,1,311,66,6.309,36012,115.794,visual_centrifugal,2,2,2,"[centralL1, centralL2] -> visual_centrifugalL2 -> [opticL3, visual_projectionL1]",central,1,central,2,optic,3,visual_projection,1
622679,mixed,mix->mix,mix,mix,0,2,2,311,49,5.924,43832,140.939,visual_centrifugal,2,2,2,"[centralL2, visual_projectionL3] -> visual_centrifugalL2 -> [opticL2, visual_projectionL1]",central,2,visual_projection,3,optic,2,visual_projection,1
622399,mixed,mix->mix,mix,mix,2,1,1,1062,103,5.643,45145,42.509,visual_projection,2,2,2,"[opticL1, opticL3] -> visual_projectionL2 -> [centralL2, visual_projectionL3]",optic,1,optic,3,central,2,visual_projection,3
621502,mixed,BWD->mix,BWD,mix,0,3,1,311,58,3.226,47815,153.746,visual_centrifugal,2,2,2,"[centralL3, visual_projectionL3] -> visual_centrifugalL2 -> [opticL2, visual_projectionL1]",central,3,visual_projection,3,optic,2,visual_projection,1
621311,mixed,BWD->LAT,BWD,LAT,0,2,2,311,27,3.267,39848,128.129,visual_centrifugal,2,2,2,"[ascendingL3, visual_projectionL3] -> visual_centrifugalL2 -> [opticL2, visual_projectionL2]",ascending,3,visual_projection,3,optic,2,visual_projection,2
619038,mixed,BWD->mix,BWD,mix,1,2,1,45,13,4.396,41672,926.044,visual_centrifugal,1,2,2,"[ascendingL2, centralL2] -> visual_centrifugalL1 -> [opticL2, visual_projectionL1]",ascending,2,central,2,optic,2,visual_projection,1
612932,mixed,LAT->mix,LAT,mix,1,0,3,45,13,2.353,8033,178.511,visual_centrifugal,1,2,2,"[ascendingL1, centralL1] -> visual_centrifugalL1 -> [opticL1, visual_centrifugalL2]",ascending,1,central,1,optic,1,visual_centrifugal,2
612415,mixed,BWD->mix,BWD,mix,1,2,1,35584,25,2.995,33051,0.929,optic,2,2,2,"[visual_centrifugalL3, visual_projectionL3] -> opticL2 -> [opticL3, visual_centrifugalL2]",visual_centrifugal,3,visual_projection,3,optic,3,visual_centrifugal,2
609583,mixed,mix->mix,mix,mix,2,1,1,311,15,4.61,45253,145.508,visual_centrifugal,2,2,2,"[ascendingL1, centralL3] -> visual_centrifugalL2 -> [opticL2, visual_centrifugalL3]",ascending,1,central,3,optic,2,visual_centrifugal,3
607780,mixed,mix->mix,mix,mix,1,1,2,45,10,2.907,8804,195.644,visual_centrifugal,1,2,2,"[ascendingL1, ascendingL2] -> visual_centrifugalL1 -> [opticL1, visual_projectionL2]",ascending,1,ascending,2,optic,1,visual_projection,2
606789,mixed,mix->FWD,mix,FWD,3,1,0,311,18,3.522,49128,157.968,visual_centrifugal,2,2,2,"[centralL3, opticL1] -> visual_centrifugalL2 -> [opticL3, visual_projectionL3]",central,3,optic,1,optic,3,visual_projection,3
604478,mixed,BWD->mix,BWD,mix,1,3,0,311,58,2.702,42175,135.611,visual_centrifugal,2,2,2,"[centralL3, visual_projectionL3] -> visual_centrifugalL2 -> [opticL3, visual_projectionL1]",central,3,visual_projection,3,optic,3,visual_projection,1
601118,mixed,mix->LAT,mix,LAT,0,1,3,311,3,1.007,54500,175.241,visual_centrifugal,2,2,2,"[centralL2, centralL3] -> visual_centrifugalL2 -> [opticL2, sensoryL2]",central,2,central,3,optic,2,sensory,2
600851,mixed,BWD->mix,BWD,mix,1,2,1,311,8,4.458,65752,211.421,visual_centrifugal,2,2,2,"[descendingL3, visual_centrifugalL3] -> visual_centrifugalL2 -> [opticL2, opticL3]",descending,3,visual_centrifugal,3,optic,2,optic,3
600667,mixed,mix->BWD,mix,BWD,1,2,1,29944,71,1.757,39672,1.325,optic,3,2,2,"[opticL2, visual_projectionL3] -> opticL3 -> [visual_centrifugalL2, visual_projectionL2]",optic,2,visual_projection,3,visual_centrifugal,2,visual_projection,2
600122,mixed,mix->mix,mix,mix,0,2,2,311,29,4.587,14035,45.129,visual_centrifugal,2,2,2,"[ascendingL3, centralL2] -> visual_centrifugalL2 -> [opticL1, visual_projectionL2]",ascending,3,central,2,optic,1,visual_projection,2
599200,mixed,mix->mix,mix,mix,0,2,2,1062,4,2.448,71133,66.98,visual_projection,2,2,2,"[opticL2, opticL3] -> visual_projectionL2 -> [ascendingL1, centralL2]",optic,2,optic,3,ascending,1,central,2
599189,mixed,mix->mix,mix,mix,1,2,1,35584,3,1.369,31132,0.875,optic,2,2,2,"[opticL3, visual_projectionL2] -> opticL2 -> [visual_centrifugalL1, visual_centrifugalL3]",optic,3,visual_projection,2,visual_centrifugal,1,visual_centrifugal,3
599161,mixed,mix->mix,mix,mix,1,2,1,311,50,6.92,75044,241.299,visual_centrifugal,2,2,2,"[centralL3, opticL2] -> visual_centrifugalL2 -> [opticL3, visual_projectionL1]",central,3,optic,2,optic,3,visual_projection,1
598062,mixed,mix->mix,mix,mix,1,1,2,143,2,1.981,16871,117.979,descending,3,2,2,"[centralL2, centralL3] -> descendingL3 -> [ascendingL2, sensoryL3]",central,2,central,3,ascending,2,sensory,3
594326,mixed,mix->mix,mix,mix,2,1,1,311,30,4.758,38915,125.129,visual_centrifugal,2,2,2,"[centralL1, visual_projectionL3] -> visual_centrifugalL2 -> [opticL2, visual_centrifugalL3]",central,1,visual_projection,3,optic,2,visual_centrifugal,3
592733,mixed,mix->mix,mix,mix,1,1,2,81,19,1.302,48289,596.16,visual_centrifugal,3,2,2,"[ascendingL2, centralL3] -> visual_centrifugalL3 -> [opticL2, visual_projectionL3]",ascending,2,central,3,optic,2,visual_projection,3
587906,mixed,mix->LAT,mix,LAT,1,1,2,311,20,5.194,37262,119.814,visual_centrifugal,2,2,2,"[centralL1, visual_centrifugalL3] -> visual_centrifugalL2 -> [opticL2, visual_projectionL2]",central,1,visual_centrifugal,3,optic,2,visual_projection,2
587810,mixed,mix->FWD,mix,FWD,3,0,1,5452,21,2.149,16714,3.066,central,2,2,2,"[centralL1, sensoryL2] -> centralL2 -> [centralL3, visual_projectionL3]",central,1,sensory,2,central,3,visual_projection,3
587572,mixed,FWD->LAT,FWD,LAT,2,0,2,81,12,2.32,68554,846.346,visual_centrifugal,3,2,2,"[opticL2, visual_centrifugalL2] -> visual_centrifugalL3 -> [opticL3, visual_projectionL3]",optic,2,visual_centrifugal,2,optic,3,visual_projection,3
586434,mixed,mix->mix,mix,mix,2,1,1,311,17,3.552,72715,233.81,visual_centrifugal,2,2,2,"[ascendingL1, opticL2] -> visual_centrifugalL2 -> [opticL1, opticL3]",ascending,1,optic,2,optic,1,optic,3
586393,mixed,mix->mix,mix,mix,2,1,1,311,8,3.194,72705,233.778,visual_centrifugal,2,2,2,"[descendingL3, opticL1] -> visual_centrifugalL2 -> [opticL2, opticL3]",descending,3,optic,1,optic,2,optic,3
585758,mixed,mix->mix,mix,mix,2,0,2,311,32,1.553,39442,126.823,visual_centrifugal,2,2,2,"[opticL2, visual_projectionL1] -> visual_centrifugalL2 -> [visual_projectionL2, visual_projectionL3]",optic,2,visual_projection,1,visual_projection,2,visual_projection,3
579169,mixed,mix->mix,mix,mix,1,2,1,35584,18,1.302,31168,0.876,optic,2,2,2,"[opticL3, visual_projectionL2] -> opticL2 -> [visual_centrifugalL3, visual_projectionL1]",optic,3,visual_projection,2,visual_centrifugal,3,visual_projection,1
579155,mixed,BWD->mix,BWD,mix,0,3,1,1062,60,4.491,68324,64.335,visual_projection,2,2,2,"[opticL3, visual_projectionL3] -> visual_projectionL2 -> [opticL2, visual_projectionL1]",optic,3,visual_projection,3,optic,2,visual_projection,1
577810,mixed,mix->mix,mix,mix,1,1,2,81,11,2.706,73695,909.815,visual_centrifugal,3,2,2,"[centralL2, opticL3] -> visual_centrifugalL3 -> [opticL2, visual_projectionL3]",central,2,optic,3,optic,2,visual_projection,3
577711,mixed,LAT->mix,LAT,mix,1,1,2,1062,78,5.037,65920,62.072,visual_projection,2,2,2,"[opticL2, visual_centrifugalL2] -> visual_projectionL2 -> [opticL3, visual_projectionL1]",optic,2,visual_centrifugal,2,optic,3,visual_projection,1
575092,mixed,FWD->mix,FWD,mix,2,1,1,2715,75,2.545,66901,24.641,visual_projection,3,2,2,"[opticL2, visual_projectionL2] -> visual_projectionL3 -> [opticL3, visual_centrifugalL2]",optic,2,visual_projection,2,optic,3,visual_centrifugal,2
574773,mixed,mix->LAT,mix,LAT,1,0,3,2715,111,2.743,75044,27.641,visual_projection,3,2,2,"[opticL2, visual_centrifugalL3] -> visual_projectionL3 -> [centralL3, opticL3]",optic,2,visual_centrifugal,3,central,3,optic,3
573867,mixed,mix->FWD,mix,FWD,3,0,1,35584,18,1.554,31132,0.875,optic,2,2,2,"[visual_centrifugalL1, visual_projectionL2] -> opticL2 -> [opticL3, visual_centrifugalL3]",visual_centrifugal,1,visual_projection,2,optic,3,visual_centrifugal,3
572888,mixed,LAT->mix,LAT,mix,1,1,2,1062,50,13.602,66374,62.499,visual_projection,2,2,2,"[opticL2, visual_centrifugalL2] -> visual_projectionL2 -> [centralL1, opticL3]",optic,2,visual_centrifugal,2,central,1,optic,3
569130,mixed,BWD->mix,BWD,mix,1,2,1,311,28,1.648,47815,153.746,visual_centrifugal,2,2,2,"[centralL3, visual_centrifugalL3] -> visual_centrifugalL2 -> [opticL2, visual_projectionL3]",central,3,visual_centrifugal,3,optic,2,visual_projection,3
566501,mixed,BWD->mix,BWD,mix,0,3,1,1062,87,11.445,38646,36.39,visual_projection,2,2,2,"[opticL3, visual_projectionL3] -> visual_projectionL2 -> [centralL1, centralL2]",optic,3,visual_projection,3,central,1,central,2
566367,mixed,mix->LAT,mix,LAT,1,1,2,1062,69,9.521,65884,62.038,visual_projection,2,2,2,"[opticL3, visual_centrifugalL1] -> visual_projectionL2 -> [opticL2, visual_centrifugalL2]",optic,3,visual_centrifugal,1,optic,2,visual_centrifugal,2
565919,mixed,mix->mix,mix,mix,1,1,2,2715,64,3.342,71061,26.173,visual_projection,3,2,2,"[opticL2, opticL3] -> visual_projectionL3 -> [centralL2, visual_centrifugalL3]",optic,2,optic,3,central,2,visual_centrifugal,3
562864,mixed,mix->FWD,mix,FWD,2,1,1,311,42,6.716,75044,241.299,visual_centrifugal,2,2,2,"[centralL3, opticL2] -> visual_centrifugalL2 -> [opticL3, visual_centrifugalL3]",central,3,optic,2,optic,3,visual_centrifugal,3
561077,mixed,mix->mix,mix,mix,2,0,2,1062,54,4.656,45644,42.979,visual_projection,2,2,2,"[opticL1, opticL2] -> visual_projectionL2 -> [visual_centrifugalL2, visual_projectionL3]",optic,1,optic,2,visual_centrifugal,2,visual_projection,3
560932,mixed,mix->mix,mix,mix,2,1,1,311,12,5.202,65716,211.305,visual_centrifugal,2,2,2,"[descendingL3, visual_centrifugalL1] -> visual_centrifugalL2 -> [opticL2, opticL3]",descending,3,visual_centrifugal,1,optic,2,optic,3
560099,pure_BWD,BWD->BWD,BWD,BWD,0,4,0,35584,77,2.742,37140,1.044,optic,2,2,2,"[opticL3, visual_centrifugalL3] -> opticL2 -> [opticL1, visual_projectionL1]",optic,3,visual_centrifugal,3,optic,1,visual_projection,1
559876,mixed,LAT->FWD,LAT,FWD,2,0,2,45,10,3.86,43464,965.867,visual_centrifugal,1,2,2,"[centralL1, opticL1] -> visual_centrifugalL1 -> [opticL2, visual_centrifugalL2]",central,1,optic,1,optic,2,visual_centrifugal,2
559131,mixed,mix->LAT,mix,LAT,0,1,3,311,22,6.584,67145,215.9,visual_centrifugal,2,2,2,"[ascendingL2, opticL3] -> visual_centrifugalL2 -> [opticL2, visual_projectionL2]",ascending,2,optic,3,optic,2,visual_projection,2
558259,pure_FWD,FWD->FWD,FWD,FWD,4,0,0,311,36,6.601,33347,107.225,visual_centrifugal,2,2,2,"[ascendingL1, centralL1] -> visual_centrifugalL2 -> [opticL3, visual_projectionL3]",ascending,1,central,1,optic,3,visual_projection,3
557800,mixed,mix->FWD,mix,FWD,3,0,1,311,20,2.87,75277,242.048,visual_centrifugal,2,2,2,"[opticL1, opticL2] -> visual_centrifugalL2 -> [opticL3, visual_projectionL3]",optic,1,optic,2,optic,3,visual_projection,3
556532,mixed,mix->mix,mix,mix,2,1,1,1062,55,6.239,72643,68.402,visual_projection,2,2,2,"[opticL1, opticL2] -> visual_projectionL2 -> [opticL3, visual_projectionL1]",optic,1,optic,2,optic,3,visual_projection,1
556178,mixed,mix->LAT,mix,LAT,1,0,3,81,3,1.005,33457,413.049,visual_centrifugal,3,2,2,"[ascendingL3, visual_centrifugalL2] -> visual_centrifugalL3 -> [opticL3, visual_projectionL3]",ascending,3,visual_centrifugal,2,optic,3,visual_projection,3
556150,mixed,mix->mix,mix,mix,1,1,2,1062,16,4.018,75518,71.109,visual_projection,2,2,2,"[opticL2, opticL3] -> visual_projectionL2 -> [ascendingL2, centralL3]",optic,2,optic,3,ascending,2,central,3
555505,mixed,mix->mix,mix,mix,2,0,2,1062,72,11.37,50552,47.601,visual_projection,2,2,2,"[opticL2, visual_projectionL1] -> visual_projectionL2 -> [centralL2, centralL3]",optic,2,visual_projection,1,central,2,central,3
554900,mixed,mix->LAT,mix,LAT,1,0,3,81,1,1.0,33113,408.802,visual_centrifugal,3,2,2,"[descendingL3, visual_centrifugalL2] -> visual_centrifugalL3 -> [opticL3, visual_projectionL3]",descending,3,visual_centrifugal,2,optic,3,visual_projection,3
554768,mixed,mix->mix,mix,mix,1,2,1,1062,3,1.979,68396,64.403,visual_projection,2,2,2,"[opticL2, opticL3] -> visual_projectionL2 -> [ascendingL1, visual_projectionL3]",optic,2,optic,3,ascending,1,visual_projection,3
554692,mixed,mix->mix,mix,mix,2,1,1,311,28,2.271,38085,122.46,visual_centrifugal,2,2,2,"[visual_centrifugalL1, visual_projectionL2] -> visual_centrifugalL2 -> [opticL1, opticL3]",visual_centrifugal,1,visual_projection,2,optic,1,optic,3
553144,mixed,mix->mix,mix,mix,1,2,1,311,15,4.649,38183,122.775,visual_centrifugal,2,2,2,"[descendingL3, visual_projectionL2] -> visual_centrifugalL2 -> [opticL1, opticL3]",descending,3,visual_projection,2,optic,1,optic,3
552216,mixed,mix->mix,mix,mix,2,1,1,311,28,4.675,42475,136.576,visual_centrifugal,2,2,2,"[centralL2, visual_centrifugalL1] -> visual_centrifugalL2 -> [opticL1, opticL3]",central,2,visual_centrifugal,1,optic,1,optic,3
551549,mixed,LAT->mix,LAT,mix,1,1,2,311,26,6.735,36503,117.373,visual_centrifugal,2,2,2,"[centralL2, visual_projectionL2] -> visual_centrifugalL2 -> [opticL3, visual_centrifugalL1]",central,2,visual_projection,2,optic,3,visual_centrifugal,1
550304,mixed,mix->mix,mix,mix,1,1,2,45,11,2.896,43833,974.067,visual_centrifugal,1,2,2,"[ascendingL1, opticL2] -> visual_centrifugalL1 -> [opticL1, visual_projectionL2]",ascending,1,optic,2,optic,1,visual_projection,2
548302,mixed,mix->mix,mix,mix,1,1,2,143,3,2.005,20345,142.273,descending,3,2,2,"[centralL2, centralL3] -> descendingL3 -> [sensoryL2, sensoryL3]",central,2,central,3,sensory,2,sensory,3
545801,mixed,mix->BWD,mix,BWD,0,3,1,1062,23,6.237,72643,68.402,visual_projection,2,2,2,"[opticL2, opticL3] -> visual_projectionL2 -> [opticL1, visual_projectionL1]",optic,2,optic,3,optic,1,visual_projection,1
545125,mixed,mix->mix,mix,mix,1,1,2,2715,97,2.659,40752,15.01,visual_projection,3,2,2,"[opticL3, visual_projectionL2] -> visual_projectionL3 -> [centralL3, visual_centrifugalL2]",optic,3,visual_projection,2,central,3,visual_centrifugal,2
544108,mixed,mix->mix,mix,mix,1,1,2,81,10,2.133,68554,846.346,visual_centrifugal,3,2,2,"[opticL3, visual_centrifugalL2] -> visual_centrifugalL3 -> [opticL2, visual_projectionL3]",optic,3,visual_centrifugal,2,optic,2,visual_projection,3
543941,mixed,mix->mix,mix,mix,1,2,1,311,15,4.24,45366,145.871,visual_centrifugal,2,2,2,"[centralL2, centralL3] -> visual_centrifugalL2 -> [centralL1, opticL3]",central,2,central,3,central,1,optic,3
542650,mixed,mix->mix,mix,mix,1,2,1,311,20,4.956,75008,241.183,visual_centrifugal,2,2,2,"[centralL3, opticL2] -> visual_centrifugalL2 -> [opticL3, visual_centrifugalL1]",central,3,optic,2,optic,3,visual_centrifugal,1
542319,mixed,mix->mix,mix,mix,1,2,1,311,30,4.153,17612,56.63,visual_centrifugal,2,2,2,"[centralL3, visual_projectionL2] -> visual_centrifugalL2 -> [opticL1, visual_centrifugalL3]",central,3,visual_projection,2,optic,1,visual_centrifugal,3
539739,mixed,mix->mix,mix,mix,2,1,1,35584,44,2.663,40004,1.124,optic,2,2,2,"[opticL1, visual_projectionL3] -> opticL2 -> [opticL3, visual_centrifugalL2]",optic,1,visual_projection,3,optic,3,visual_centrifugal,2
539650,mixed,mix->mix,mix,mix,1,2,1,1062,10,2.82,72643,68.402,visual_projection,2,2,2,"[opticL2, visual_centrifugalL3] -> visual_projectionL2 -> [opticL1, opticL3]",optic,2,visual_centrifugal,3,optic,1,optic,3
538780,mixed,LAT->FWD,LAT,FWD,2,0,2,45,3,2.427,37183,826.289,visual_centrifugal,1,2,2,"[centralL1, descendingL1] -> visual_centrifugalL1 -> [opticL2, visual_projectionL2]",central,1,descending,1,optic,2,visual_projection,2
537543,mixed,mix->mix,mix,mix,1,2,1,311,24,8.754,40486,130.18,visual_centrifugal,2,2,2,"[centralL3, visual_projectionL2] -> visual_centrifugalL2 -> [opticL3, visual_centrifugalL1]",central,3,visual_projection,2,optic,3,visual_centrifugal,1
536470,mixed,mix->BWD,mix,BWD,1,2,1,81,5,1.021,39165,483.519,visual_centrifugal,3,2,2,"[ascendingL2, visual_projectionL3] -> visual_centrifugalL3 -> [opticL2, visual_centrifugalL2]",ascending,2,visual_projection,3,optic,2,visual_centrifugal,2
536340,mixed,mix->mix,mix,mix,0,2,2,1062,77,14.443,43796,41.239,visual_projection,2,2,2,"[opticL2, visual_projectionL3] -> visual_projectionL2 -> [centralL2, visual_centrifugalL1]",optic,2,visual_projection,3,central,2,visual_centrifugal,1
536191,mixed,mix->mix,mix,mix,1,1,2,81,9,1.02,48796,602.42,visual_centrifugal,3,2,2,"[visual_projectionL2, visual_projectionL3] -> visual_centrifugalL3 -> [centralL3, opticL2]",visual_projection,2,visual_projection,3,central,3,optic,2
534059,mixed,BWD->LAT,BWD,LAT,0,2,2,45,17,3.675,13629,302.867,visual_centrifugal,1,2,2,"[centralL2, visual_projectionL2] -> visual_centrifugalL1 -> [opticL1, visual_projectionL1]",central,2,visual_projection,2,optic,1,visual_projection,1
533325,mixed,mix->mix,mix,mix,2,1,1,1062,40,7.055,66108,62.249,visual_projection,2,2,2,"[opticL2, visual_centrifugalL1] -> visual_projectionL2 -> [centralL1, opticL3]",optic,2,visual_centrifugal,1,central,1,optic,3
532653,mixed,mix->mix,mix,mix,2,0,2,311,26,3.277,39007,125.424,visual_centrifugal,2,2,2,"[ascendingL1, ascendingL2] -> visual_centrifugalL2 -> [opticL2, visual_projectionL3]",ascending,1,ascending,2,optic,2,visual_projection,3
530455,mixed,mix->mix,mix,mix,1,1,2,311,52,11.157,39442,126.823,visual_centrifugal,2,2,2,"[visual_projectionL2, visual_projectionL3] -> visual_centrifugalL2 -> [opticL2, visual_centrifugalL3]",visual_projection,2,visual_projection,3,optic,2,visual_centrifugal,3
529276,mixed,BWD->mix,BWD,mix,1,2,1,45,3,2.043,13600,302.222,visual_centrifugal,1,2,2,"[centralL2, descendingL2] -> visual_centrifugalL1 -> [opticL1, visual_projectionL2]",central,2,descending,2,optic,1,visual_projection,2
525231,mixed,mix->mix,mix,mix,2,1,1,35584,248,3.727,10105,0.284,optic,2,2,2,"[visual_centrifugalL1, visual_centrifugalL2] -> opticL2 -> [opticL1, visual_projectionL3]",visual_centrifugal,1,visual_centrifugal,2,optic,1,visual_projection,3
524656,mixed,LAT->mix,LAT,mix,1,0,3,311,1,1.0,70112,225.441,visual_centrifugal,2,2,2,"[ascendingL2, sensoryL2] -> visual_centrifugalL2 -> [opticL2, opticL3]",ascending,2,sensory,2,optic,2,optic,3
524656,mixed,mix->mix,mix,mix,1,1,2,311,1,1.0,72272,232.386,visual_centrifugal,2,2,2,"[sensoryL2, visual_projectionL3] -> visual_centrifugalL2 -> [opticL2, opticL3]",sensory,2,visual_projection,3,optic,2,optic,3
521965,mixed,BWD->mix,BWD,mix,1,2,1,311,26,2.042,40522,130.296,visual_centrifugal,2,2,2,"[centralL3, visual_centrifugalL3] -> visual_centrifugalL2 -> [opticL3, visual_projectionL2]",central,3,visual_centrifugal,3,optic,3,visual_projection,2
521652,mixed,BWD->LAT,BWD,LAT,0,2,2,311,19,4.752,80415,258.569,visual_centrifugal,2,2,2,"[centralL3, opticL3] -> visual_centrifugalL2 -> [centralL2, opticL2]",central,3,optic,3,central,2,optic,2
521649,mixed,LAT->FWD,LAT,FWD,2,0,2,311,37,10.085,36539,117.489,visual_centrifugal,2,2,2,"[centralL2, visual_projectionL2] -> visual_centrifugalL2 -> [opticL3, visual_centrifugalL3]",central,2,visual_projection,2,optic,3,visual_centrifugal,3
520710,mixed,mix->mix,mix,mix,1,1,2,45,10,2.492,43010,955.778,visual_centrifugal,1,2,2,"[visual_centrifugalL2, visual_projectionL1] -> visual_centrifugalL1 -> [opticL1, opticL2]",visual_centrifugal,2,visual_projection,1,optic,1,optic,2
519349,mixed,mix->mix,mix,mix,2,0,2,311,7,3.688,65733,211.36,visual_centrifugal,2,2,2,"[ascendingL1, descendingL2] -> visual_centrifugalL2 -> [opticL2, opticL3]",ascending,1,descending,2,optic,2,optic,3
518099,mixed,FWD->mix,FWD,mix,2,1,1,81,21,1.723,44306,546.988,visual_centrifugal,3,2,2,"[ascendingL2, centralL2] -> visual_centrifugalL3 -> [opticL2, visual_projectionL3]",ascending,2,central,2,optic,2,visual_projection,3
517914,mixed,mix->mix,mix,mix,1,1,2,2715,255,4.189,45142,16.627,visual_projection,3,2,2,"[opticL3, visual_centrifugalL2] -> visual_projectionL3 -> [centralL2, centralL3]",optic,3,visual_centrifugal,2,central,2,central,3
516924,mixed,mix->FWD,mix,FWD,2,1,1,45,3,1.997,43732,971.822,visual_centrifugal,1,2,2,"[descendingL2, opticL1] -> visual_centrifugalL1 -> [opticL2, visual_projectionL2]",descending,2,optic,1,optic,2,visual_projection,2
516126,mixed,mix->FWD,mix,FWD,2,1,1,311,15,2.6,33864,108.887,visual_centrifugal,2,2,2,"[descendingL3, visual_projectionL2] -> visual_centrifugalL2 -> [opticL3, visual_projectionL3]",descending,3,visual_projection,2,optic,3,visual_projection,3
515894,mixed,mix->mix,mix,mix,0,2,2,1062,55,2.708,38691,36.432,visual_projection,2,2,2,"[opticL2, visual_projectionL3] -> visual_projectionL2 -> [visual_centrifugalL2, visual_projectionL1]",optic,2,visual_projection,3,visual_centrifugal,2,visual_projection,1
515424,mixed,LAT->BWD,LAT,BWD,0,2,2,9435,6,1.997,6500,0.689,central,3,2,2,"[ascendingL3, sensoryL3] -> centralL3 -> [ascendingL2, sensoryL2]",ascending,3,sensory,3,ascending,2,sensory,2
515244,mixed,LAT->FWD,LAT,FWD,2,0,2,311,51,6.642,66671,214.376,visual_centrifugal,2,2,2,"[opticL2, visual_projectionL2] -> visual_centrifugalL2 -> [opticL3, visual_centrifugalL3]",optic,2,visual_projection,2,optic,3,visual_centrifugal,3
514060,mixed,mix->mix,mix,mix,1,1,2,311,23,2.381,45386,145.936,visual_centrifugal,2,2,2,"[ascendingL2, centralL3] -> visual_centrifugalL2 -> [centralL2, opticL3]",ascending,2,central,3,central,2,optic,3
512645,mixed,mix->FWD,mix,FWD,3,0,1,1062,18,1.804,72643,68.402,visual_projection,2,2,2,"[opticL1, opticL2] -> visual_projectionL2 -> [opticL3, visual_centrifugalL3]",optic,1,optic,2,optic,3,visual_centrifugal,3
511788,mixed,LAT->mix,LAT,mix,1,0,3,311,31,2.756,51533,165.701,visual_centrifugal,2,2,2,"[centralL2, visual_projectionL2] -> visual_centrifugalL2 -> [centralL3, opticL2]",central,2,visual_projection,2,central,3,optic,2
510039,mixed,LAT->FWD,LAT,FWD,2,0,2,35584,21,1.58,4169,0.117,optic,2,2,2,"[visual_centrifugalL2, visual_projectionL2] -> opticL2 -> [visual_centrifugalL3, visual_projectionL3]",visual_centrifugal,2,visual_projection,2,visual_centrifugal,3,visual_projection,3
505435,mixed,LAT->FWD,LAT,FWD,2,0,2,45,7,3.469,37262,828.044,visual_centrifugal,1,2,2,"[centralL1, visual_projectionL1] -> visual_centrifugalL1 -> [opticL2, visual_projectionL2]",central,1,visual_projection,1,optic,2,visual_projection,2
505278,mixed,mix->FWD,mix,FWD,3,1,0,311,18,3.914,33299,107.071,visual_centrifugal,2,2,2,"[ascendingL1, ascendingL3] -> visual_centrifugalL2 -> [opticL3, visual_projectionL3]",ascending,1,ascending,3,optic,3,visual_projection,3
504390,mixed,mix->mix,mix,mix,1,1,2,311,25,2.443,9716,31.241,visual_centrifugal,2,2,2,"[ascendingL3, centralL2] -> visual_centrifugalL2 -> [visual_projectionL2, visual_projectionL3]",ascending,3,central,2,visual_projection,2,visual_projection,3
502174,mixed,mix->mix,mix,mix,2,0,2,1062,114,18.444,45375,42.726,visual_projection,2,2,2,"[opticL2, visual_centrifugalL1] -> visual_projectionL2 -> [centralL3, visual_centrifugalL2]",optic,2,visual_centrifugal,1,central,3,visual_centrifugal,2
500625,mixed,mix->mix,mix,mix,2,2,0,311,37,5.051,39774,127.891,visual_centrifugal,2,2,2,"[visual_projectionL1, visual_projectionL3] -> visual_centrifugalL2 -> [opticL1, opticL3]",visual_projection,1,visual_projection,3,optic,1,optic,3
