motif_count,hourglass_type,signature,fanin_sig,fanout_sig,n_FWD,n_BWD,n_LAT,n_waist,n_waist_active,n_waist_eff,n_periphery,compression,bottleneck_area,bottleneck_level,k_in,k_out,structure_str,fan_in_0_area,fan_in_0_level,fan_in_1_area,fan_in_1_level,fan_out_0_area,fan_out_0_level,fan_out_1_area,fan_out_1_level
216,mixed,mix->mix,mix,mix,1,1,2,153,1,1.0,15767,103.052,ascending,1,2,2,"[centralL1, centralL2] -> ascendingL1 -> [sensoryL1, sensoryL2]",central,1,central,2,sensory,1,sensory,2
132,mixed,mix->mix,mix,mix,1,1,2,153,1,1.0,12293,80.346,ascending,1,2,2,"[ascendingL2, centralL1] -> ascendingL1 -> [centralL2, sensoryL1]",ascending,2,central,1,central,2,sensory,1
120,mixed,mix->mix,mix,mix,1,1,2,153,1,1.0,15767,103.052,ascending,1,2,2,"[centralL2, sensoryL1] -> ascendingL1 -> [centralL1, sensoryL2]",central,2,sensory,1,central,1,sensory,2
88,mixed,mix->mix,mix,mix,1,1,2,153,1,1.0,15767,103.052,ascending,1,2,2,"[centralL1, sensoryL2] -> ascendingL1 -> [centralL2, sensoryL1]",central,1,sensory,2,central,2,sensory,1
80,mixed,mix->mix,mix,mix,1,1,2,153,1,1.0,12293,80.346,ascending,1,2,2,"[centralL2, sensoryL1] -> ascendingL1 -> [ascendingL2, centralL1]",central,2,sensory,1,ascending,2,central,1
74,mixed,mix->mix,mix,mix,1,1,2,153,2,1.239,12293,80.346,ascending,1,2,2,"[ascendingL2, sensoryL1] -> ascendingL1 -> [centralL1, centralL2]",ascending,2,sensory,1,central,1,central,2
74,mixed,mix->mix,mix,mix,1,1,2,153,2,1.239,15767,103.052,ascending,1,2,2,"[sensoryL1, sensoryL2] -> ascendingL1 -> [centralL1, centralL2]",sensory,1,sensory,2,central,1,central,2
72,mixed,mix->mix,mix,mix,1,1,2,153,1,1.0,10870,71.046,ascending,1,2,2,"[ascendingL2, centralL1] -> ascendingL1 -> [sensoryL1, sensoryL2]",ascending,2,central,1,sensory,1,sensory,2
38,mixed,mix->mix,mix,mix,1,1,2,153,2,1.111,10870,71.046,ascending,1,2,2,"[ascendingL2, sensoryL1] -> ascendingL1 -> [centralL1, sensoryL2]",ascending,2,sensory,1,central,1,sensory,2
202,mixed,mix->FWD,mix,FWD,2,1,1,153,2,1.04,15787,103.183,ascending,1,2,2,"[ascendingL2, sensoryL1] -> ascendingL1 -> [centralL2, sensoryL2]",ascending,2,sensory,1,central,2,sensory,2
198,mixed,mix->FWD,mix,FWD,2,1,1,153,1,1.0,10571,69.092,ascending,1,2,2,"[ascendingL2, centralL1] -> ascendingL1 -> [centralL2, sensoryL2]",ascending,2,central,1,central,2,sensory,2
56,mixed,mix->FWD,mix,FWD,2,1,1,153,1,1.0,6594,43.098,ascending,1,2,2,"[centralL1, descendingL2] -> ascendingL1 -> [ascendingL2, centralL2]",central,1,descending,2,ascending,2,central,2
56,mixed,mix->FWD,mix,FWD,2,1,1,153,1,1.0,10571,69.092,ascending,1,2,2,"[centralL1, sensoryL2] -> ascendingL1 -> [ascendingL2, centralL2]",central,1,sensory,2,ascending,2,central,2
168,mixed,BWD->LAT,BWD,LAT,0,2,2,153,2,1.849,12293,80.346,ascending,1,2,2,"[ascendingL2, centralL2] -> ascendingL1 -> [centralL1, sensoryL1]",ascending,2,central,2,central,1,sensory,1
132,mixed,BWD->LAT,BWD,LAT,0,2,2,153,2,1.984,15767,103.052,ascending,1,2,2,"[centralL2, sensoryL2] -> ascendingL1 -> [centralL1, sensoryL1]",central,2,sensory,2,central,1,sensory,1
44,mixed,BWD->LAT,BWD,LAT,0,2,2,153,3,2.142,10870,71.046,ascending,1,2,2,"[ascendingL2, sensoryL2] -> ascendingL1 -> [centralL1, sensoryL1]",ascending,2,sensory,2,central,1,sensory,1
1008,mixed,BWD->mix,BWD,mix,1,2,1,153,5,3.21,10571,69.092,ascending,1,2,2,"[ascendingL2, sensoryL2] -> ascendingL1 -> [centralL1, centralL2]",ascending,2,sensory,2,central,1,central,2
828,mixed,BWD->mix,BWD,mix,1,2,1,153,2,1.516,15787,103.183,ascending,1,2,2,"[ascendingL2, centralL2] -> ascendingL1 -> [sensoryL1, sensoryL2]",ascending,2,central,2,sensory,1,sensory,2
688,mixed,BWD->mix,BWD,mix,1,2,1,153,2,1.833,10068,65.804,ascending,1,2,2,"[descendingL2, sensoryL2] -> ascendingL1 -> [centralL1, centralL2]",descending,2,sensory,2,central,1,central,2
636,mixed,BWD->mix,BWD,mix,1,2,1,153,2,1.994,6594,43.098,ascending,1,2,2,"[ascendingL2, descendingL2] -> ascendingL1 -> [centralL1, centralL2]",ascending,2,descending,2,central,1,central,2
522,mixed,BWD->mix,BWD,mix,1,2,1,153,2,1.748,10571,69.092,ascending,1,2,2,"[ascendingL2, centralL2] -> ascendingL1 -> [centralL1, sensoryL2]",ascending,2,central,2,central,1,sensory,2
367,mixed,BWD->mix,BWD,mix,1,2,1,153,3,1.694,15787,103.183,ascending,1,2,2,"[ascendingL2, sensoryL2] -> ascendingL1 -> [centralL2, sensoryL1]",ascending,2,sensory,2,central,2,sensory,1
234,mixed,BWD->mix,BWD,mix,1,2,1,153,3,1.346,7604,49.699,ascending,1,2,2,"[ascendingL2, visual_projectionL2] -> ascendingL1 -> [centralL1, centralL2]",ascending,2,visual_projection,2,central,1,central,2
200,mixed,BWD->mix,BWD,mix,1,2,1,153,2,1.471,10571,69.092,ascending,1,2,2,"[centralL2, sensoryL2] -> ascendingL1 -> [ascendingL2, centralL1]",central,2,sensory,2,ascending,2,central,1
40,mixed,BWD->mix,BWD,mix,1,2,1,153,1,1.0,6594,43.098,ascending,1,2,2,"[centralL2, descendingL2] -> ascendingL1 -> [ascendingL2, centralL1]",central,2,descending,2,ascending,2,central,1
32,mixed,BWD->mix,BWD,mix,1,2,1,153,1,1.0,5171,33.797,ascending,1,2,2,"[descendingL2, sensoryL2] -> ascendingL1 -> [ascendingL2, centralL1]",descending,2,sensory,2,ascending,2,central,1
224,mixed,BWD->FWD,BWD,FWD,2,2,0,153,1,1.0,10088,65.935,ascending,1,2,2,"[descendingL2, sensoryL2] -> ascendingL1 -> [ascendingL2, centralL2]",descending,2,sensory,2,ascending,2,central,2
7774,mixed,mix->mix,mix,mix,1,1,2,555,3,1.776,20345,36.658,ascending,2,2,2,"[centralL2, centralL3] -> ascendingL2 -> [sensoryL2, sensoryL3]",central,2,central,3,sensory,2,sensory,3
7750,mixed,mix->mix,mix,mix,2,0,2,555,3,1.939,15474,27.881,ascending,2,2,2,"[centralL1, descendingL2] -> ascendingL2 -> [centralL2, centralL3]",central,1,descending,2,central,2,central,3
7448,mixed,mix->mix,mix,mix,1,2,1,555,3,1.027,15467,27.868,ascending,2,2,2,"[centralL1, centralL3] -> ascendingL2 -> [centralL2, visual_centrifugalL1]",central,1,central,3,central,2,visual_centrifugal,1
7416,mixed,mix->mix,mix,mix,2,1,1,555,2,1.889,15575,28.063,ascending,2,2,2,"[centralL1, centralL2] -> ascendingL2 -> [ascendingL1, centralL3]",central,1,central,2,ascending,1,central,3
5726,mixed,mix->mix,mix,mix,0,2,2,555,6,1.039,15733,28.348,ascending,2,2,2,"[centralL2, centralL3] -> ascendingL2 -> [centralL1, visual_centrifugalL2]",central,2,central,3,central,1,visual_centrifugal,2
5187,mixed,mix->mix,mix,mix,2,1,1,555,20,6.009,15527,27.977,ascending,2,2,2,"[ascendingL1, ascendingL3] -> ascendingL2 -> [centralL2, centralL3]",ascending,1,ascending,3,central,2,central,3
4920,mixed,mix->mix,mix,mix,2,1,1,555,5,1.396,15183,27.357,ascending,2,2,2,"[ascendingL1, descendingL3] -> ascendingL2 -> [centralL2, centralL3]",ascending,1,descending,3,central,2,central,3
4918,mixed,mix->mix,mix,mix,2,0,2,555,4,1.23,15733,28.348,ascending,2,2,2,"[centralL1, centralL2] -> ascendingL2 -> [centralL3, visual_centrifugalL2]",central,1,central,2,central,3,visual_centrifugal,2
4250,mixed,mix->mix,mix,mix,2,1,1,555,3,1.024,15503,27.933,ascending,2,2,2,"[centralL1, centralL3] -> ascendingL2 -> [centralL2, visual_centrifugalL3]",central,1,central,3,central,2,visual_centrifugal,3
2784,mixed,mix->mix,mix,mix,2,1,1,555,2,1.979,10175,18.333,ascending,2,2,2,"[centralL1, descendingL2] -> ascendingL2 -> [ascendingL1, centralL3]",central,1,descending,2,ascending,1,central,3
3054,mixed,mix->BWD,mix,BWD,0,3,1,555,4,1.02,15467,27.868,ascending,2,2,2,"[centralL2, centralL3] -> ascendingL2 -> [centralL1, visual_centrifugalL1]",central,2,central,3,central,1,visual_centrifugal,1
1164,mixed,mix->BWD,mix,BWD,0,3,1,555,5,2.042,15575,28.063,ascending,2,2,2,"[centralL2, centralL3] -> ascendingL2 -> [ascendingL1, centralL1]",central,2,central,3,ascending,1,central,1
448,mixed,mix->BWD,mix,BWD,0,3,1,555,2,1.96,10175,18.333,ascending,2,2,2,"[centralL3, descendingL2] -> ascendingL2 -> [ascendingL1, centralL1]",central,3,descending,2,ascending,1,central,1
121,mixed,mix->BWD,mix,BWD,1,3,0,555,6,2.076,10168,18.321,ascending,2,2,2,"[ascendingL1, centralL3] -> ascendingL2 -> [centralL1, visual_centrifugalL1]",ascending,1,central,3,central,1,visual_centrifugal,1
72,mixed,mix->BWD,mix,BWD,1,2,1,555,4,2.0,6185,11.144,ascending,2,2,2,"[ascendingL1, centralL2] -> ascendingL2 -> [centralL1, visual_centrifugalL1]",ascending,1,central,2,central,1,visual_centrifugal,1
48,mixed,mix->BWD,mix,BWD,0,3,1,555,1,1.0,6038,10.879,ascending,2,2,2,"[sensoryL2, sensoryL3] -> ascendingL2 -> [centralL1, visual_centrifugalL1]",sensory,2,sensory,3,central,1,visual_centrifugal,1
40,mixed,mix->BWD,mix,BWD,1,3,0,555,1,1.0,876,1.578,ascending,2,2,2,"[ascendingL1, descendingL3] -> ascendingL2 -> [centralL1, visual_centrifugalL1]",ascending,1,descending,3,central,1,visual_centrifugal,1
24,mixed,mix->BWD,mix,BWD,1,3,0,555,1,1.0,2162,3.895,ascending,2,2,2,"[ascendingL1, sensoryL3] -> ascendingL2 -> [centralL1, visual_centrifugalL1]",ascending,1,sensory,3,central,1,visual_centrifugal,1
20,mixed,mix->BWD,mix,BWD,0,3,1,555,3,2.778,6519,11.746,ascending,2,2,2,"[ascendingL3, centralL2] -> ascendingL2 -> [centralL1, visual_centrifugalL1]",ascending,3,central,2,central,1,visual_centrifugal,1
16,mixed,mix->BWD,mix,BWD,1,3,0,555,2,2.0,1220,2.198,ascending,2,2,2,"[ascendingL1, ascendingL3] -> ascendingL2 -> [centralL1, visual_centrifugalL1]",ascending,1,ascending,3,central,1,visual_centrifugal,1
14158,mixed,mix->LAT,mix,LAT,1,1,2,555,5,1.075,15733,28.348,ascending,2,2,2,"[centralL1, centralL3] -> ascendingL2 -> [centralL2, visual_centrifugalL2]",central,1,central,3,central,2,visual_centrifugal,2
2312,mixed,mix->LAT,mix,LAT,1,1,2,555,6,2.64,15351,27.659,ascending,2,2,2,"[ascendingL1, centralL3] -> ascendingL2 -> [centralL2, visual_centrifugalL2]",ascending,1,central,3,central,2,visual_centrifugal,2
592,mixed,mix->LAT,mix,LAT,1,1,2,555,1,1.0,6059,10.917,ascending,2,2,2,"[ascendingL1, descendingL3] -> ascendingL2 -> [centralL2, visual_centrifugalL2]",ascending,1,descending,3,central,2,visual_centrifugal,2
386,mixed,mix->LAT,mix,LAT,1,1,2,555,4,3.637,15092,27.193,ascending,2,2,2,"[ascendingL1, centralL3] -> ascendingL2 -> [centralL2, descendingL2]",ascending,1,central,3,central,2,descending,2
372,mixed,mix->LAT,mix,LAT,1,1,2,555,3,2.522,7727,13.923,ascending,2,2,2,"[centralL1, sensoryL3] -> ascendingL2 -> [centralL2, visual_centrifugalL2]",central,1,sensory,3,central,2,visual_centrifugal,2
341,mixed,mix->LAT,mix,LAT,0,1,3,555,3,2.748,11221,20.218,ascending,2,2,2,"[sensoryL2, sensoryL3] -> ascendingL2 -> [centralL2, visual_centrifugalL2]",sensory,2,sensory,3,central,2,visual_centrifugal,2
228,mixed,mix->LAT,mix,LAT,0,1,3,555,2,1.951,18920,34.09,ascending,2,2,2,"[centralL3, sensoryL2] -> ascendingL2 -> [centralL2, endocrineL2]",central,3,sensory,2,central,2,endocrine,2
191,mixed,mix->LAT,mix,LAT,1,0,3,555,2,2.0,7360,13.261,ascending,2,2,2,"[centralL1, visual_projectionL2] -> ascendingL2 -> [centralL2, visual_centrifugalL2]",central,1,visual_projection,2,central,2,visual_centrifugal,2
163,mixed,mix->LAT,mix,LAT,1,1,2,555,3,2.191,7345,13.234,ascending,2,2,2,"[ascendingL1, sensoryL3] -> ascendingL2 -> [centralL2, visual_centrifugalL2]",ascending,1,sensory,3,central,2,visual_centrifugal,2
157,mixed,mix->LAT,mix,LAT,1,1,2,555,6,4.591,6403,11.537,ascending,2,2,2,"[ascendingL1, ascendingL3] -> ascendingL2 -> [centralL2, visual_centrifugalL2]",ascending,1,ascending,3,central,2,visual_centrifugal,2
5151,mixed,mix->FWD,mix,FWD,3,0,1,555,10,4.092,15909,28.665,ascending,2,2,2,"[centralL1, centralL2] -> ascendingL2 -> [ascendingL3, centralL3]",central,1,central,2,ascending,3,central,3
2475,mixed,mix->FWD,mix,FWD,2,1,1,555,2,1.855,15059,27.133,ascending,2,2,2,"[centralL2, centralL3] -> ascendingL2 -> [descendingL3, endocrineL3]",central,2,central,3,descending,3,endocrine,3
1991,mixed,mix->FWD,mix,FWD,3,0,1,555,9,2.208,15565,28.045,ascending,2,2,2,"[centralL1, centralL2] -> ascendingL2 -> [centralL3, descendingL3]",central,1,central,2,central,3,descending,3
1854,mixed,mix->FWD,mix,FWD,2,1,1,555,2,1.405,16803,30.276,ascending,2,2,2,"[centralL2, centralL3] -> ascendingL2 -> [ascendingL3, sensoryL3]",central,2,central,3,ascending,3,sensory,3
1480,mixed,mix->FWD,mix,FWD,3,0,1,555,3,1.18,15503,27.933,ascending,2,2,2,"[centralL1, centralL2] -> ascendingL2 -> [centralL3, visual_centrifugalL3]",central,1,central,2,central,3,visual_centrifugal,3
1412,mixed,mix->FWD,mix,FWD,2,1,1,555,18,4.874,15517,27.959,ascending,2,2,2,"[ascendingL3, centralL2] -> ascendingL2 -> [centralL3, descendingL3]",ascending,3,central,2,central,3,descending,3
1278,mixed,mix->FWD,mix,FWD,3,0,1,555,4,1.712,18137,32.679,ascending,2,2,2,"[centralL1, centralL2] -> ascendingL2 -> [centralL3, visual_projectionL3]",central,1,central,2,central,3,visual_projection,3
1090,mixed,mix->FWD,mix,FWD,2,1,1,555,6,2.434,18089,32.593,ascending,2,2,2,"[ascendingL3, centralL2] -> ascendingL2 -> [centralL3, visual_projectionL3]",ascending,3,central,2,central,3,visual_projection,3
1050,mixed,mix->FWD,mix,FWD,2,1,1,555,2,1.923,6088,10.969,ascending,2,2,2,"[descendingL3, sensoryL2] -> ascendingL2 -> [ascendingL3, sensoryL3]",descending,3,sensory,2,ascending,3,sensory,3
1029,mixed,mix->FWD,mix,FWD,3,1,0,555,4,1.233,13172,23.733,ascending,2,2,2,"[ascendingL3, centralL1] -> ascendingL2 -> [centralL3, visual_projectionL3]",ascending,3,central,1,central,3,visual_projection,3
1080,mixed,FWD->mix,FWD,mix,3,0,1,555,1,1.0,15467,27.868,ascending,2,2,2,"[centralL1, visual_centrifugalL1] -> ascendingL2 -> [centralL2, centralL3]",central,1,visual_centrifugal,1,central,2,central,3
703,mixed,FWD->mix,FWD,mix,3,0,1,555,8,4.138,15575,28.063,ascending,2,2,2,"[ascendingL1, centralL1] -> ascendingL2 -> [centralL2, centralL3]",ascending,1,central,1,central,2,central,3
301,mixed,FWD->mix,FWD,mix,3,0,1,555,2,1.112,15503,27.933,ascending,2,2,2,"[centralL1, visual_projectionL1] -> ascendingL2 -> [centralL2, centralL3]",central,1,visual_projection,1,central,2,central,3
180,mixed,FWD->mix,FWD,mix,3,0,1,555,1,1.0,10326,18.605,ascending,2,2,2,"[centralL1, visual_centrifugalL1] -> ascendingL2 -> [centralL3, visual_centrifugalL2]",central,1,visual_centrifugal,1,central,3,visual_centrifugal,2
179,mixed,FWD->mix,FWD,mix,3,0,1,555,5,2.806,10434,18.8,ascending,2,2,2,"[ascendingL1, centralL1] -> ascendingL2 -> [centralL3, visual_centrifugalL2]",ascending,1,central,1,central,3,visual_centrifugal,2
144,mixed,FWD->mix,FWD,mix,3,0,1,555,1,1.0,20791,37.461,ascending,2,2,2,"[ascendingL1, sensoryL1] -> ascendingL2 -> [centralL2, centralL3]",ascending,1,sensory,1,central,2,central,3
98,mixed,FWD->mix,FWD,mix,2,1,1,555,2,1.428,6185,11.144,ascending,2,2,2,"[ascendingL1, centralL1] -> ascendingL2 -> [centralL2, visual_centrifugalL1]",ascending,1,central,1,central,2,visual_centrifugal,1
79,mixed,FWD->mix,FWD,mix,3,0,1,555,2,1.106,10362,18.67,ascending,2,2,2,"[centralL1, visual_projectionL1] -> ascendingL2 -> [centralL3, visual_centrifugalL2]",central,1,visual_projection,1,central,3,visual_centrifugal,2
72,mixed,FWD->mix,FWD,mix,3,0,1,555,1,1.0,6113,11.014,ascending,2,2,2,"[centralL1, visual_centrifugalL1] -> ascendingL2 -> [centralL2, visual_centrifugalL3]",central,1,visual_centrifugal,1,central,2,visual_centrifugal,3
45,mixed,FWD->mix,FWD,mix,3,0,1,555,3,1.923,6627,11.941,ascending,2,2,2,"[ascendingL1, centralL1] -> ascendingL2 -> [ascendingL3, centralL2]",ascending,1,central,1,ascending,3,central,2
60,pure_FWD,FWD->FWD,FWD,FWD,4,0,0,555,1,1.0,10096,18.191,ascending,2,2,2,"[centralL1, visual_centrifugalL1] -> ascendingL2 -> [centralL3, visual_centrifugalL3]",central,1,visual_centrifugal,1,central,3,visual_centrifugal,3
54,pure_FWD,FWD->FWD,FWD,FWD,4,0,0,555,3,2.051,10610,19.117,ascending,2,2,2,"[ascendingL1, centralL1] -> ascendingL2 -> [ascendingL3, centralL3]",ascending,1,central,1,ascending,3,central,3
47,pure_FWD,FWD->FWD,FWD,FWD,4,0,0,555,2,1.719,12838,23.132,ascending,2,2,2,"[ascendingL1, centralL1] -> ascendingL2 -> [centralL3, visual_projectionL3]",ascending,1,central,1,central,3,visual_projection,3
36,pure_FWD,FWD->FWD,FWD,FWD,4,0,0,555,1,1.0,15482,27.895,ascending,2,2,2,"[ascendingL1, sensoryL1] -> ascendingL2 -> [centralL3, descendingL3]",ascending,1,sensory,1,central,3,descending,3
30,pure_FWD,FWD->FWD,FWD,FWD,4,0,0,555,1,1.0,10158,18.303,ascending,2,2,2,"[centralL1, visual_centrifugalL1] -> ascendingL2 -> [centralL3, descendingL3]",central,1,visual_centrifugal,1,central,3,descending,3
15,pure_FWD,FWD->FWD,FWD,FWD,4,0,0,555,1,1.0,10194,18.368,ascending,2,2,2,"[centralL1, visual_projectionL1] -> ascendingL2 -> [centralL3, descendingL3]",central,1,visual_projection,1,central,3,descending,3
15,pure_FWD,FWD->FWD,FWD,FWD,4,0,0,555,1,1.0,10132,18.256,ascending,2,2,2,"[centralL1, visual_projectionL1] -> ascendingL2 -> [centralL3, visual_centrifugalL3]",central,1,visual_projection,1,central,3,visual_centrifugal,3
10,pure_FWD,FWD->FWD,FWD,FWD,4,0,0,555,2,1.724,10266,18.497,ascending,2,2,2,"[ascendingL1, centralL1] -> ascendingL2 -> [centralL3, descendingL3]",ascending,1,central,1,central,3,descending,3
424,mixed,FWD->LAT,FWD,LAT,2,0,2,555,5,2.14,6451,11.623,ascending,2,2,2,"[ascendingL1, centralL1] -> ascendingL2 -> [centralL2, visual_centrifugalL2]",ascending,1,central,1,central,2,visual_centrifugal,2
216,mixed,FWD->LAT,FWD,LAT,2,0,2,555,1,1.0,6343,11.429,ascending,2,2,2,"[centralL1, visual_centrifugalL1] -> ascendingL2 -> [centralL2, visual_centrifugalL2]",central,1,visual_centrifugal,1,central,2,visual_centrifugal,2
99,mixed,FWD->LAT,FWD,LAT,2,0,2,555,2,1.084,6379,11.494,ascending,2,2,2,"[centralL1, visual_projectionL1] -> ascendingL2 -> [centralL2, visual_centrifugalL2]",central,1,visual_projection,1,central,2,visual_centrifugal,2
13,mixed,FWD->LAT,FWD,LAT,2,0,2,555,2,1.55,6192,11.157,ascending,2,2,2,"[ascendingL1, centralL1] -> ascendingL2 -> [centralL2, descendingL2]",ascending,1,central,1,central,2,descending,2
4983,mixed,BWD->mix,BWD,mix,1,2,1,555,5,1.902,16803,30.276,ascending,2,2,2,"[ascendingL3, sensoryL3] -> ascendingL2 -> [centralL2, centralL3]",ascending,3,sensory,3,central,2,central,3
3435,mixed,BWD->mix,BWD,mix,1,3,0,555,4,2.24,11886,21.416,ascending,2,2,2,"[ascendingL3, sensoryL3] -> ascendingL2 -> [centralL1, centralL3]",ascending,3,sensory,3,central,1,central,3
2800,mixed,BWD->mix,BWD,mix,1,2,1,555,2,1.997,6088,10.969,ascending,2,2,2,"[descendingL3, sensoryL3] -> ascendingL2 -> [ascendingL3, sensoryL2]",descending,3,sensory,3,ascending,3,sensory,2
1909,mixed,BWD->mix,BWD,mix,0,3,1,555,4,1.727,7903,14.24,ascending,2,2,2,"[ascendingL3, sensoryL3] -> ascendingL2 -> [centralL1, centralL2]",ascending,3,sensory,3,central,1,central,2
1635,mixed,BWD->mix,BWD,mix,1,2,1,555,3,2.044,11662,21.013,ascending,2,2,2,"[ascendingL3, sensoryL3] -> ascendingL2 -> [centralL3, visual_centrifugalL2]",ascending,3,sensory,3,central,3,visual_centrifugal,2
1210,mixed,BWD->mix,BWD,mix,1,2,1,555,23,4.064,15517,27.959,ascending,2,2,2,"[ascendingL3, centralL3] -> ascendingL2 -> [centralL2, descendingL3]",ascending,3,central,3,central,2,descending,3
1080,mixed,BWD->mix,BWD,mix,1,2,1,555,2,1.528,6088,10.969,ascending,2,2,2,"[ascendingL3, descendingL3] -> ascendingL2 -> [sensoryL2, sensoryL3]",ascending,3,descending,3,sensory,2,sensory,3
839,mixed,BWD->mix,BWD,mix,1,2,1,555,8,5.089,15517,27.959,ascending,2,2,2,"[ascendingL3, descendingL3] -> ascendingL2 -> [centralL2, centralL3]",ascending,3,descending,3,central,2,central,3
718,mixed,BWD->mix,BWD,mix,0,3,1,555,2,1.999,2762,4.977,ascending,2,2,2,"[ascendingL3, sensoryL3] -> ascendingL2 -> [centralL1, visual_centrifugalL2]",ascending,3,sensory,3,central,1,visual_centrifugal,2
665,mixed,BWD->mix,BWD,mix,1,2,1,555,6,1.658,18089,32.593,ascending,2,2,2,"[ascendingL3, centralL3] -> ascendingL2 -> [centralL2, visual_projectionL3]",ascending,3,central,3,central,2,visual_projection,3
924,mixed,BWD->LAT,BWD,LAT,0,2,2,555,3,1.625,7679,13.836,ascending,2,2,2,"[ascendingL3, sensoryL3] -> ascendingL2 -> [centralL2, visual_centrifugalL2]",ascending,3,sensory,3,central,2,visual_centrifugal,2
592,mixed,BWD->LAT,BWD,LAT,0,2,2,555,1,1.0,15341,27.641,ascending,2,2,2,"[centralL3, descendingL3] -> ascendingL2 -> [centralL2, visual_centrifugalL2]",central,3,descending,3,central,2,visual_centrifugal,2
249,mixed,BWD->LAT,BWD,LAT,0,2,2,555,3,1.075,15685,28.261,ascending,2,2,2,"[ascendingL3, centralL3] -> ascendingL2 -> [centralL2, visual_centrifugalL2]",ascending,3,central,3,central,2,visual_centrifugal,2
116,mixed,BWD->LAT,BWD,LAT,0,2,2,555,3,2.11,15082,27.175,ascending,2,2,2,"[centralL3, descendingL3] -> ascendingL2 -> [centralL2, descendingL2]",central,3,descending,3,central,2,descending,2
85,mixed,BWD->LAT,BWD,LAT,0,2,2,555,4,2.88,15426,27.795,ascending,2,2,2,"[ascendingL3, centralL3] -> ascendingL2 -> [centralL2, descendingL2]",ascending,3,central,3,central,2,descending,2
65,mixed,BWD->LAT,BWD,LAT,0,2,2,555,3,2.227,16436,29.614,ascending,2,2,2,"[ascendingL3, centralL3] -> ascendingL2 -> [centralL2, visual_projectionL2]",ascending,3,central,3,central,2,visual_projection,2
60,mixed,BWD->LAT,BWD,LAT,0,2,2,555,1,1.0,16627,29.959,ascending,2,2,2,"[centralL3, sensoryL3] -> ascendingL2 -> [centralL2, visual_centrifugalL2]",central,3,sensory,3,central,2,visual_centrifugal,2
40,mixed,BWD->LAT,BWD,LAT,0,2,2,555,1,1.0,7420,13.369,ascending,2,2,2,"[ascendingL3, sensoryL3] -> ascendingL2 -> [centralL2, descendingL2]",ascending,3,sensory,3,central,2,descending,2
40,mixed,BWD->LAT,BWD,LAT,0,2,2,555,1,1.0,16368,29.492,ascending,2,2,2,"[centralL3, sensoryL3] -> ascendingL2 -> [centralL2, descendingL2]",central,3,sensory,3,central,2,descending,2
18,mixed,BWD->LAT,BWD,LAT,0,2,2,555,2,1.8,6134,11.052,ascending,2,2,2,"[ascendingL3, descendingL3] -> ascendingL2 -> [centralL2, descendingL2]",ascending,3,descending,3,central,2,descending,2
182,mixed,BWD->FWD,BWD,FWD,2,2,0,555,1,1.0,11494,20.71,ascending,2,2,2,"[descendingL3, sensoryL3] -> ascendingL2 -> [ascendingL3, centralL3]",descending,3,sensory,3,ascending,3,central,3
96,mixed,BWD->FWD,BWD,FWD,2,2,0,555,1,1.0,11494,20.71,ascending,2,2,2,"[ascendingL3, sensoryL3] -> ascendingL2 -> [centralL3, descendingL3]",ascending,3,sensory,3,central,3,descending,3
30,mixed,BWD->FWD,BWD,FWD,2,2,0,555,1,1.0,11494,20.71,ascending,2,2,2,"[ascendingL3, descendingL3] -> ascendingL2 -> [centralL3, sensoryL3]",ascending,3,descending,3,central,3,sensory,3
21,mixed,BWD->FWD,BWD,FWD,2,2,0,555,1,1.0,14066,25.344,ascending,2,2,2,"[ascendingL3, sensoryL3] -> ascendingL2 -> [centralL3, visual_projectionL3]",ascending,3,sensory,3,central,3,visual_projection,3
21,mixed,BWD->FWD,BWD,FWD,2,2,0,555,1,1.0,14066,25.344,ascending,2,2,2,"[sensoryL3, visual_projectionL3] -> ascendingL2 -> [ascendingL3, centralL3]",sensory,3,visual_projection,3,ascending,3,central,3
15,mixed,BWD->FWD,BWD,FWD,2,2,0,555,1,1.0,14066,25.344,ascending,2,2,2,"[centralL3, sensoryL3] -> ascendingL2 -> [ascendingL3, visual_projectionL3]",central,3,sensory,3,ascending,3,visual_projection,3
40,pure_BWD,BWD->BWD,BWD,BWD,0,4,0,555,1,1.0,10158,18.303,ascending,2,2,2,"[centralL3, descendingL3] -> ascendingL2 -> [centralL1, visual_centrifugalL1]",central,3,descending,3,central,1,visual_centrifugal,1
24,pure_BWD,BWD->BWD,BWD,BWD,0,4,0,555,1,1.0,2496,4.497,ascending,2,2,2,"[ascendingL3, sensoryL3] -> ascendingL2 -> [centralL1, visual_centrifugalL1]",ascending,3,sensory,3,central,1,visual_centrifugal,1
12,pure_BWD,BWD->BWD,BWD,BWD,0,4,0,555,1,1.0,11444,20.62,ascending,2,2,2,"[centralL3, sensoryL3] -> ascendingL2 -> [centralL1, visual_centrifugalL1]",central,3,sensory,3,central,1,visual_centrifugal,1
8352,mixed,LAT->mix,LAT,mix,1,1,2,555,2,1.979,15092,27.193,ascending,2,2,2,"[centralL2, descendingL2] -> ascendingL2 -> [ascendingL1, centralL3]",central,2,descending,2,ascending,1,central,3
8352,mixed,LAT->mix,LAT,mix,1,1,2,555,2,1.979,15474,27.881,ascending,2,2,2,"[centralL2, descendingL2] -> ascendingL2 -> [centralL1, centralL3]",central,2,descending,2,central,1,central,3
726,mixed,LAT->mix,LAT,mix,1,0,3,555,1,1.0,9562,17.229,ascending,2,2,2,"[descendingL2, sensoryL2] -> ascendingL2 -> [centralL2, endocrineL3]",descending,2,sensory,2,central,2,endocrine,3
594,mixed,LAT->mix,LAT,mix,1,0,3,555,2,1.8,9514,17.142,ascending,2,2,2,"[centralL2, sensoryL2] -> ascendingL2 -> [endocrineL2, endocrineL3]",central,2,sensory,2,endocrine,2,endocrine,3
528,mixed,LAT->mix,LAT,mix,1,0,3,555,1,1.0,18968,34.177,ascending,2,2,2,"[descendingL2, sensoryL2] -> ascendingL2 -> [centralL2, centralL3]",descending,2,sensory,2,central,2,central,3
508,mixed,LAT->mix,LAT,mix,1,0,3,555,2,1.965,18920,34.09,ascending,2,2,2,"[centralL2, sensoryL2] -> ascendingL2 -> [centralL3, endocrineL2]",central,2,sensory,2,central,3,endocrine,2
480,mixed,LAT->mix,LAT,mix,1,1,2,555,2,1.923,6144,11.07,ascending,2,2,2,"[centralL2, descendingL2] -> ascendingL2 -> [ascendingL1, ascendingL3]",central,2,descending,2,ascending,1,ascending,3
480,mixed,LAT->mix,LAT,mix,1,1,2,555,2,1.923,6526,11.759,ascending,2,2,2,"[centralL2, descendingL2] -> ascendingL2 -> [ascendingL3, centralL1]",central,2,descending,2,ascending,3,central,1
448,mixed,LAT->mix,LAT,mix,1,1,2,555,1,1.0,19069,34.359,ascending,2,2,2,"[centralL2, sensoryL2] -> ascendingL2 -> [ascendingL1, centralL3]",central,2,sensory,2,ascending,1,central,3
369,mixed,LAT->mix,LAT,mix,1,1,2,555,3,1.823,16484,29.701,ascending,2,2,2,"[centralL2, visual_projectionL2] -> ascendingL2 -> [centralL1, centralL3]",central,2,visual_projection,2,central,1,central,3
1344,mixed,LAT->BWD,LAT,BWD,0,2,2,555,2,1.96,6192,11.157,ascending,2,2,2,"[centralL2, descendingL2] -> ascendingL2 -> [ascendingL1, centralL1]",central,2,descending,2,ascending,1,central,1
5148,mixed,LAT->FWD,LAT,FWD,2,0,2,555,2,1.899,18945,34.135,ascending,2,2,2,"[centralL2, sensoryL2] -> ascendingL2 -> [centralL3, endocrineL3]",central,2,sensory,2,central,3,endocrine,3
3058,mixed,LAT->FWD,LAT,FWD,2,0,2,555,4,1.935,15426,27.795,ascending,2,2,2,"[centralL2, descendingL2] -> ascendingL2 -> [ascendingL3, centralL3]",central,2,descending,2,ascending,3,central,3
2144,mixed,LAT->FWD,LAT,FWD,2,0,2,555,3,1.03,14968,26.969,ascending,2,2,2,"[centralL2, descendingL2] -> ascendingL2 -> [centralL3, endocrineL3]",central,2,descending,2,central,3,endocrine,3
1886,mixed,LAT->FWD,LAT,FWD,2,0,2,555,5,2.848,19059,34.341,ascending,2,2,2,"[centralL2, sensoryL2] -> ascendingL2 -> [centralL3, descendingL3]",central,2,sensory,2,central,3,descending,3
1824,mixed,LAT->FWD,LAT,FWD,2,0,2,555,4,2.0,15082,27.175,ascending,2,2,2,"[centralL2, descendingL2] -> ascendingL2 -> [centralL3, descendingL3]",central,2,descending,2,central,3,descending,3
1782,mixed,LAT->FWD,LAT,FWD,2,0,2,555,2,1.8,9653,17.393,ascending,2,2,2,"[centralL2, sensoryL2] -> ascendingL2 -> [descendingL3, endocrineL3]",central,2,sensory,2,descending,3,endocrine,3
1028,mixed,LAT->FWD,LAT,FWD,2,0,2,555,4,3.529,16436,29.614,ascending,2,2,2,"[centralL2, visual_projectionL2] -> ascendingL2 -> [ascendingL3, centralL3]",central,2,visual_projection,2,ascending,3,central,3
825,mixed,LAT->FWD,LAT,FWD,2,0,2,555,3,1.084,5676,10.227,ascending,2,2,2,"[centralL2, descendingL2] -> ascendingL2 -> [descendingL3, endocrineL3]",central,2,descending,2,descending,3,endocrine,3
630,mixed,LAT->FWD,LAT,FWD,2,0,2,555,1,1.0,11397,20.535,ascending,2,2,2,"[centralL2, sensoryL2] -> ascendingL2 -> [ascendingL3, sensoryL3]",central,2,sensory,2,ascending,3,sensory,3
630,mixed,LAT->FWD,LAT,FWD,2,0,2,555,1,1.0,5997,10.805,ascending,2,2,2,"[descendingL2, sensoryL2] -> ascendingL2 -> [ascendingL3, sensoryL3]",descending,2,sensory,2,ascending,3,sensory,3
66,pure_LAT,LAT->LAT,LAT,LAT,0,0,4,555,1,1.0,9537,17.184,ascending,2,2,2,"[descendingL2, sensoryL2] -> ascendingL2 -> [centralL2, endocrineL2]",descending,2,sensory,2,central,2,endocrine,2
22,pure_LAT,LAT->LAT,LAT,LAT,0,0,4,555,1,1.0,9537,17.184,ascending,2,2,2,"[centralL2, sensoryL2] -> ascendingL2 -> [descendingL2, endocrineL2]",central,2,sensory,2,descending,2,endocrine,2
50358,mixed,FWD->mix,FWD,mix,2,1,1,487,12,3.174,19471,39.982,ascending,3,2,2,"[ascendingL2, sensoryL2] -> ascendingL3 -> [centralL2, centralL3]",ascending,2,sensory,2,central,2,central,3
32955,mixed,FWD->mix,FWD,mix,2,1,1,487,6,1.015,15494,31.815,ascending,3,2,2,"[ascendingL2, centralL2] -> ascendingL3 -> [centralL3, descendingL2]",ascending,2,central,2,central,3,descending,2
16630,mixed,FWD->mix,FWD,mix,2,1,1,487,12,1.166,15494,31.815,ascending,3,2,2,"[ascendingL2, descendingL2] -> ascendingL3 -> [centralL2, centralL3]",ascending,2,descending,2,central,2,central,3
7698,mixed,FWD->mix,FWD,mix,2,1,1,487,4,2.377,19471,39.982,ascending,3,2,2,"[centralL2, sensoryL2] -> ascendingL3 -> [ascendingL2, centralL3]",central,2,sensory,2,ascending,2,central,3
6586,mixed,FWD->mix,FWD,mix,2,1,1,487,9,5.133,16504,33.889,ascending,3,2,2,"[ascendingL2, centralL2] -> ascendingL3 -> [centralL3, visual_projectionL2]",ascending,2,central,2,central,3,visual_projection,2
5899,mixed,FWD->mix,FWD,mix,2,1,1,487,3,2.206,18968,38.949,ascending,3,2,2,"[descendingL2, sensoryL2] -> ascendingL3 -> [centralL2, centralL3]",descending,2,sensory,2,central,2,central,3
5552,mixed,FWD->mix,FWD,mix,2,1,1,487,2,1.204,18968,38.949,ascending,3,2,2,"[centralL2, sensoryL2] -> ascendingL3 -> [centralL3, descendingL2]",central,2,sensory,2,central,3,descending,2
4725,mixed,FWD->mix,FWD,mix,2,1,1,487,4,1.473,14071,28.893,ascending,3,2,2,"[ascendingL2, sensoryL2] -> ascendingL3 -> [centralL3, descendingL2]",ascending,2,sensory,2,central,3,descending,2
4017,mixed,FWD->mix,FWD,mix,2,1,1,487,7,2.455,10179,20.901,ascending,3,2,2,"[ascendingL2, sensoryL2] -> ascendingL3 -> [centralL2, descendingL3]",ascending,2,sensory,2,central,2,descending,3
2326,mixed,FWD->mix,FWD,mix,2,1,1,487,10,5.67,15753,32.347,ascending,3,2,2,"[ascendingL2, centralL2] -> ascendingL3 -> [centralL3, visual_centrifugalL2]",ascending,2,central,2,central,3,visual_centrifugal,2
14053,mixed,FWD->LAT,FWD,LAT,2,0,2,487,15,2.596,15585,32.002,ascending,3,2,2,"[ascendingL2, centralL2] -> ascendingL3 -> [centralL3, descendingL3]",ascending,2,central,2,central,3,descending,3
8162,mixed,FWD->LAT,FWD,LAT,2,0,2,487,7,2.286,14162,29.08,ascending,3,2,2,"[ascendingL2, sensoryL2] -> ascendingL3 -> [centralL3, descendingL3]",ascending,2,sensory,2,central,3,descending,3
7090,mixed,FWD->LAT,FWD,LAT,2,0,2,487,6,2.386,19059,39.136,ascending,3,2,2,"[centralL2, sensoryL2] -> ascendingL3 -> [centralL3, descendingL3]",central,2,sensory,2,central,3,descending,3
6092,mixed,FWD->LAT,FWD,LAT,2,0,2,487,11,6.328,18157,37.283,ascending,3,2,2,"[ascendingL2, centralL2] -> ascendingL3 -> [centralL3, visual_projectionL3]",ascending,2,central,2,central,3,visual_projection,3
3167,mixed,FWD->LAT,FWD,LAT,2,0,2,487,5,1.513,15082,30.969,ascending,3,2,2,"[centralL2, descendingL2] -> ascendingL3 -> [centralL3, descendingL3]",central,2,descending,2,central,3,descending,3
2050,mixed,FWD->LAT,FWD,LAT,2,0,2,487,4,1.133,10185,20.914,ascending,3,2,2,"[ascendingL2, descendingL2] -> ascendingL3 -> [centralL3, descendingL3]",ascending,2,descending,2,central,3,descending,3
1259,mixed,FWD->LAT,FWD,LAT,2,0,2,487,3,1.878,13659,28.047,ascending,3,2,2,"[descendingL2, sensoryL2] -> ascendingL3 -> [centralL3, descendingL3]",descending,2,sensory,2,central,3,descending,3
826,mixed,FWD->LAT,FWD,LAT,2,0,2,487,4,2.573,15523,31.875,ascending,3,2,2,"[ascendingL2, centralL2] -> ascendingL3 -> [centralL3, visual_centrifugalL3]",ascending,2,central,2,central,3,visual_centrifugal,3
310,mixed,FWD->LAT,FWD,LAT,2,0,2,487,2,1.998,8865,18.203,ascending,3,2,2,"[ascendingL2, centralL2] -> ascendingL3 -> [descendingL3, visual_projectionL3]",ascending,2,central,2,descending,3,visual_projection,3
188,mixed,FWD->LAT,FWD,LAT,2,0,2,487,3,2.936,8803,18.076,ascending,3,2,2,"[ascendingL2, centralL2] -> ascendingL3 -> [visual_centrifugalL3, visual_projectionL3]",ascending,2,central,2,visual_centrifugal,3,visual_projection,3
1117,mixed,FWD->BWD,FWD,BWD,2,2,0,487,4,1.727,10088,20.715,ascending,3,2,2,"[ascendingL2, sensoryL2] -> ascendingL3 -> [centralL2, descendingL2]",ascending,2,sensory,2,central,2,descending,2
466,mixed,FWD->BWD,FWD,BWD,2,2,0,487,6,5.171,7380,15.154,ascending,3,2,2,"[ascendingL2, centralL2] -> ascendingL3 -> [visual_centrifugalL2, visual_projectionL2]",ascending,2,central,2,visual_centrifugal,2,visual_projection,2
72,mixed,FWD->BWD,FWD,BWD,2,2,0,487,1,1.0,7380,15.154,ascending,3,2,2,"[centralL2, visual_projectionL2] -> ascendingL3 -> [ascendingL2, visual_centrifugalL2]",central,2,visual_projection,2,ascending,2,visual_centrifugal,2
66,mixed,FWD->BWD,FWD,BWD,2,2,0,487,1,1.0,7380,15.154,ascending,3,2,2,"[ascendingL2, visual_projectionL2] -> ascendingL3 -> [centralL2, visual_centrifugalL2]",ascending,2,visual_projection,2,central,2,visual_centrifugal,2
48,mixed,FWD->BWD,FWD,BWD,2,2,0,487,1,1.0,7121,14.622,ascending,3,2,2,"[ascendingL2, descendingL2] -> ascendingL3 -> [centralL2, visual_projectionL2]",ascending,2,descending,2,central,2,visual_projection,2
45,mixed,FWD->BWD,FWD,BWD,2,2,0,487,2,1.991,6370,13.08,ascending,3,2,2,"[ascendingL2, descendingL2] -> ascendingL3 -> [centralL2, visual_centrifugalL2]",ascending,2,descending,2,central,2,visual_centrifugal,2
33,mixed,FWD->BWD,FWD,BWD,2,2,0,487,1,1.0,10088,20.715,ascending,3,2,2,"[descendingL2, sensoryL2] -> ascendingL3 -> [ascendingL2, centralL2]",descending,2,sensory,2,ascending,2,central,2
32,mixed,FWD->BWD,FWD,BWD,2,2,0,487,1,1.0,7121,14.622,ascending,3,2,2,"[ascendingL2, centralL2] -> ascendingL3 -> [descendingL2, visual_projectionL2]",ascending,2,central,2,descending,2,visual_projection,2
32,mixed,FWD->BWD,FWD,BWD,2,2,0,487,1,1.0,6063,12.45,ascending,3,2,2,"[ascendingL2, descendingL2] -> ascendingL3 -> [centralL2, endocrineL2]",ascending,2,descending,2,central,2,endocrine,2
28,mixed,FWD->BWD,FWD,BWD,2,2,0,487,3,2.39,6370,13.08,ascending,3,2,2,"[ascendingL2, centralL2] -> ascendingL3 -> [descendingL2, visual_centrifugalL2]",ascending,2,central,2,descending,2,visual_centrifugal,2
9756,mixed,mix->BWD,mix,BWD,1,2,1,487,6,1.04,15494,31.815,ascending,3,2,2,"[ascendingL2, centralL3] -> ascendingL3 -> [centralL2, descendingL2]",ascending,2,central,3,central,2,descending,2
6661,mixed,mix->BWD,mix,BWD,1,2,1,487,4,2.023,19471,39.982,ascending,3,2,2,"[centralL3, sensoryL2] -> ascendingL3 -> [ascendingL2, centralL2]",central,3,sensory,2,ascending,2,central,2
2207,mixed,mix->BWD,mix,BWD,1,2,1,487,3,1.819,18968,38.949,ascending,3,2,2,"[centralL3, sensoryL2] -> ascendingL3 -> [centralL2, descendingL2]",central,3,sensory,2,central,2,descending,2
1484,mixed,mix->BWD,mix,BWD,1,2,1,487,7,4.468,8498,17.45,ascending,3,2,2,"[ascendingL2, sensoryL3] -> ascendingL3 -> [centralL2, visual_projectionL2]",ascending,2,sensory,3,central,2,visual_projection,2
1444,mixed,mix->BWD,mix,BWD,1,2,1,487,8,3.296,16504,33.889,ascending,3,2,2,"[ascendingL2, centralL3] -> ascendingL3 -> [centralL2, visual_projectionL2]",ascending,2,central,3,central,2,visual_projection,2
1316,mixed,mix->BWD,mix,BWD,1,2,1,487,4,1.111,6202,12.735,ascending,3,2,2,"[ascendingL2, descendingL3] -> ascendingL3 -> [centralL2, descendingL2]",ascending,2,descending,3,central,2,descending,2
997,mixed,mix->BWD,mix,BWD,1,2,1,487,4,2.213,10179,20.901,ascending,3,2,2,"[descendingL3, sensoryL2] -> ascendingL3 -> [ascendingL2, centralL2]",descending,3,sensory,2,ascending,2,central,2
875,mixed,mix->BWD,mix,BWD,1,2,1,487,3,2.578,10962,22.509,ascending,3,2,2,"[sensoryL2, sensoryL3] -> ascendingL3 -> [centralL2, descendingL2]",sensory,2,sensory,3,central,2,descending,2
855,mixed,mix->BWD,mix,BWD,1,2,1,487,5,3.94,8254,16.949,ascending,3,2,2,"[centralL2, sensoryL3] -> ascendingL3 -> [visual_centrifugalL2, visual_projectionL2]",central,2,sensory,3,visual_centrifugal,2,visual_projection,2
785,mixed,mix->BWD,mix,BWD,1,2,1,487,5,3.978,7488,15.376,ascending,3,2,2,"[ascendingL2, sensoryL3] -> ascendingL3 -> [centralL2, descendingL2]",ascending,2,sensory,3,central,2,descending,2
21975,mixed,mix->mix,mix,mix,1,1,2,487,20,3.095,15585,32.002,ascending,3,2,2,"[ascendingL2, descendingL3] -> ascendingL3 -> [centralL2, centralL3]",ascending,2,descending,3,central,2,central,3
19007,mixed,mix->mix,mix,mix,1,1,2,487,8,2.121,20345,41.776,ascending,3,2,2,"[sensoryL2, sensoryL3] -> ascendingL3 -> [centralL2, centralL3]",sensory,2,sensory,3,central,2,central,3
17048,mixed,mix->mix,mix,mix,1,1,2,487,17,8.543,16871,34.643,ascending,3,2,2,"[ascendingL2, sensoryL3] -> ascendingL3 -> [centralL2, centralL3]",ascending,2,sensory,3,central,2,central,3
11951,mixed,mix->mix,mix,mix,1,1,2,487,7,4.104,17378,35.684,ascending,3,2,2,"[centralL2, sensoryL3] -> ascendingL3 -> [centralL3, visual_projectionL2]",central,2,sensory,3,central,3,visual_projection,2
7560,mixed,mix->mix,mix,mix,1,1,2,487,10,3.789,19059,39.136,ascending,3,2,2,"[descendingL3, sensoryL2] -> ascendingL3 -> [centralL2, centralL3]",descending,3,sensory,2,central,2,central,3
7548,mixed,mix->mix,mix,mix,1,1,2,487,1,1.0,15082,30.969,ascending,3,2,2,"[centralL2, descendingL3] -> ascendingL3 -> [centralL3, descendingL2]",central,2,descending,3,central,3,descending,2
6980,mixed,mix->mix,mix,mix,1,1,2,487,13,3.557,15585,32.002,ascending,3,2,2,"[ascendingL2, centralL3] -> ascendingL3 -> [centralL2, descendingL3]",ascending,2,central,3,central,2,descending,3
5961,mixed,mix->mix,mix,mix,1,1,2,487,4,1.066,10185,20.914,ascending,3,2,2,"[ascendingL2, descendingL3] -> ascendingL3 -> [centralL3, descendingL2]",ascending,2,descending,3,central,3,descending,2
4721,mixed,mix->mix,mix,mix,1,1,2,487,7,1.717,15082,30.969,ascending,3,2,2,"[descendingL2, descendingL3] -> ascendingL3 -> [centralL2, centralL3]",descending,2,descending,3,central,2,central,3
4349,mixed,mix->mix,mix,mix,1,1,2,487,4,1.06,11053,22.696,ascending,3,2,2,"[sensoryL2, sensoryL3] -> ascendingL3 -> [centralL2, descendingL3]",sensory,2,sensory,3,central,2,descending,3
10616,mixed,mix->LAT,mix,LAT,1,0,3,487,8,5.034,19031,39.078,ascending,3,2,2,"[centralL2, sensoryL3] -> ascendingL3 -> [centralL3, visual_projectionL3]",central,2,sensory,3,central,3,visual_projection,3
3801,mixed,mix->LAT,mix,LAT,1,0,3,487,4,1.203,15036,30.875,ascending,3,2,2,"[sensoryL2, sensoryL3] -> ascendingL3 -> [centralL3, descendingL3]",sensory,2,sensory,3,central,3,descending,3
3315,mixed,mix->LAT,mix,LAT,1,0,3,487,4,2.095,16459,33.797,ascending,3,2,2,"[centralL2, sensoryL3] -> ascendingL3 -> [centralL3, descendingL3]",central,2,sensory,3,central,3,descending,3
2750,mixed,mix->LAT,mix,LAT,1,0,3,487,8,6.23,14134,29.023,ascending,3,2,2,"[ascendingL2, sensoryL3] -> ascendingL3 -> [centralL3, visual_projectionL3]",ascending,2,sensory,3,central,3,visual_projection,3
2316,mixed,mix->LAT,mix,LAT,1,0,3,487,5,3.889,17745,36.437,ascending,3,2,2,"[centralL2, descendingL3] -> ascendingL3 -> [centralL3, visual_projectionL3]",central,2,descending,3,central,3,visual_projection,3
1440,mixed,mix->LAT,mix,LAT,1,0,3,487,3,2.335,16397,33.669,ascending,3,2,2,"[centralL2, sensoryL3] -> ascendingL3 -> [centralL3, visual_centrifugalL3]",central,2,sensory,3,central,3,visual_centrifugal,3
1182,mixed,mix->LAT,mix,LAT,1,0,3,487,5,4.345,11562,23.741,ascending,3,2,2,"[ascendingL2, sensoryL3] -> ascendingL3 -> [centralL3, descendingL3]",ascending,2,sensory,3,central,3,descending,3
786,mixed,mix->LAT,mix,LAT,1,0,3,487,5,4.212,12848,26.382,ascending,3,2,2,"[ascendingL2, descendingL3] -> ascendingL3 -> [centralL3, visual_projectionL3]",ascending,2,descending,3,central,3,visual_projection,3
432,mixed,mix->LAT,mix,LAT,1,0,3,487,1,1.0,11059,22.708,ascending,3,2,2,"[descendingL2, sensoryL3] -> ascendingL3 -> [centralL3, descendingL3]",descending,2,sensory,3,central,3,descending,3
385,mixed,mix->LAT,mix,LAT,1,0,3,487,2,1.945,9739,19.998,ascending,3,2,2,"[centralL2, sensoryL3] -> ascendingL3 -> [descendingL3, visual_projectionL3]",central,2,sensory,3,descending,3,visual_projection,3
2548,mixed,LAT->BWD,LAT,BWD,0,2,2,487,6,2.454,17378,35.684,ascending,3,2,2,"[centralL3, sensoryL3] -> ascendingL3 -> [centralL2, visual_projectionL2]",central,3,sensory,3,central,2,visual_projection,2
2220,mixed,LAT->BWD,LAT,BWD,0,2,2,487,3,1.011,15082,30.969,ascending,3,2,2,"[centralL3, descendingL3] -> ascendingL3 -> [centralL2, descendingL2]",central,3,descending,3,central,2,descending,2
1352,mixed,LAT->BWD,LAT,BWD,0,2,2,487,12,2.838,15585,32.002,ascending,3,2,2,"[centralL3, descendingL3] -> ascendingL3 -> [ascendingL2, centralL2]",central,3,descending,3,ascending,2,central,2
830,mixed,LAT->BWD,LAT,BWD,0,2,2,487,5,2.794,16627,34.142,ascending,3,2,2,"[centralL3, sensoryL3] -> ascendingL3 -> [centralL2, visual_centrifugalL2]",central,3,sensory,3,central,2,visual_centrifugal,2
738,mixed,LAT->BWD,LAT,BWD,0,2,2,487,5,1.418,16871,34.643,ascending,3,2,2,"[centralL3, sensoryL3] -> ascendingL3 -> [ascendingL2, centralL2]",central,3,sensory,3,ascending,2,central,2
574,mixed,LAT->BWD,LAT,BWD,0,2,2,487,4,2.187,16092,33.043,ascending,3,2,2,"[centralL3, descendingL3] -> ascendingL3 -> [centralL2, visual_projectionL2]",central,3,descending,3,central,2,visual_projection,2
491,mixed,LAT->BWD,LAT,BWD,0,2,2,487,3,1.561,16368,33.61,ascending,3,2,2,"[centralL3, sensoryL3] -> ascendingL3 -> [centralL2, descendingL2]",central,3,sensory,3,central,2,descending,2
424,mixed,LAT->BWD,LAT,BWD,0,2,2,487,4,2.238,8086,16.604,ascending,3,2,2,"[descendingL3, sensoryL3] -> ascendingL3 -> [centralL2, visual_projectionL2]",descending,3,sensory,3,central,2,visual_projection,2
334,mixed,LAT->BWD,LAT,BWD,0,2,2,487,4,2.437,12237,25.127,ascending,3,2,2,"[centralL3, sensoryL3] -> ascendingL3 -> [visual_centrifugalL2, visual_projectionL2]",central,3,sensory,3,visual_centrifugal,2,visual_projection,2
168,mixed,LAT->BWD,LAT,BWD,0,2,2,487,4,2.462,15341,31.501,ascending,3,2,2,"[centralL3, descendingL3] -> ascendingL3 -> [centralL2, visual_centrifugalL2]",central,3,descending,3,central,2,visual_centrifugal,2
5147,mixed,LAT->mix,LAT,mix,0,1,3,487,12,5.589,16459,33.797,ascending,3,2,2,"[descendingL3, sensoryL3] -> ascendingL3 -> [centralL2, centralL3]",descending,3,sensory,3,central,2,central,3
2152,mixed,LAT->mix,LAT,mix,0,1,3,487,7,2.786,19031,39.078,ascending,3,2,2,"[centralL3, sensoryL3] -> ascendingL3 -> [centralL2, visual_projectionL3]",central,3,sensory,3,central,2,visual_projection,3
1541,mixed,LAT->mix,LAT,mix,0,1,3,487,5,1.351,16459,33.797,ascending,3,2,2,"[centralL3, sensoryL3] -> ascendingL3 -> [centralL2, descendingL3]",central,3,sensory,3,central,2,descending,3
918,mixed,LAT->mix,LAT,mix,0,1,3,487,5,2.237,14641,30.064,ascending,3,2,2,"[centralL3, sensoryL3] -> ascendingL3 -> [visual_projectionL2, visual_projectionL3]",central,3,sensory,3,visual_projection,2,visual_projection,3
836,mixed,LAT->mix,LAT,mix,0,1,3,487,4,2.278,12069,24.782,ascending,3,2,2,"[descendingL3, sensoryL3] -> ascendingL3 -> [centralL3, visual_projectionL2]",descending,3,sensory,3,central,3,visual_projection,2
618,mixed,LAT->mix,LAT,mix,0,1,3,487,5,3.478,9739,19.998,ascending,3,2,2,"[descendingL3, sensoryL3] -> ascendingL3 -> [centralL2, visual_projectionL3]",descending,3,sensory,3,central,2,visual_projection,3
552,mixed,LAT->mix,LAT,mix,0,1,3,487,5,2.948,17745,36.437,ascending,3,2,2,"[centralL3, descendingL3] -> ascendingL3 -> [centralL2, visual_projectionL3]",central,3,descending,3,central,2,visual_projection,3
363,mixed,LAT->mix,LAT,mix,0,1,3,487,2,1.658,11059,22.708,ascending,3,2,2,"[descendingL3, sensoryL3] -> ascendingL3 -> [centralL3, descendingL2]",descending,3,sensory,3,central,3,descending,2
270,mixed,LAT->mix,LAT,mix,0,1,3,487,2,1.715,11318,23.24,ascending,3,2,2,"[descendingL3, sensoryL3] -> ascendingL3 -> [centralL3, visual_centrifugalL2]",descending,3,sensory,3,central,3,visual_centrifugal,2
262,mixed,LAT->mix,LAT,mix,0,1,3,487,4,2.504,13890,28.522,ascending,3,2,2,"[centralL3, sensoryL3] -> ascendingL3 -> [visual_centrifugalL2, visual_projectionL3]",central,3,sensory,3,visual_centrifugal,2,visual_projection,3
1197,pure_LAT,LAT->LAT,LAT,LAT,0,0,4,487,5,3.845,13722,28.177,ascending,3,2,2,"[descendingL3, sensoryL3] -> ascendingL3 -> [centralL3, visual_projectionL3]",descending,3,sensory,3,central,3,visual_projection,3
109,pure_LAT,LAT->LAT,LAT,LAT,0,0,4,487,2,1.941,13722,28.177,ascending,3,2,2,"[centralL3, sensoryL3] -> ascendingL3 -> [descendingL3, visual_projectionL3]",central,3,sensory,3,descending,3,visual_projection,3
78,pure_LAT,LAT->LAT,LAT,LAT,0,0,4,487,1,1.0,11088,22.768,ascending,3,2,2,"[descendingL3, sensoryL3] -> ascendingL3 -> [centralL3, visual_centrifugalL3]",descending,3,sensory,3,central,3,visual_centrifugal,3
45,pure_LAT,LAT->LAT,LAT,LAT,0,0,4,487,3,2.922,13660,28.049,ascending,3,2,2,"[centralL3, sensoryL3] -> ascendingL3 -> [visual_centrifugalL3, visual_projectionL3]",central,3,sensory,3,visual_centrifugal,3,visual_projection,3
30,pure_LAT,LAT->LAT,LAT,LAT,0,0,4,487,1,1.0,4368,8.969,ascending,3,2,2,"[descendingL3, sensoryL3] -> ascendingL3 -> [visual_centrifugalL3, visual_projectionL3]",descending,3,sensory,3,visual_centrifugal,3,visual_projection,3
10,pure_LAT,LAT->LAT,LAT,LAT,0,0,4,487,1,1.0,12374,25.409,ascending,3,2,2,"[centralL3, descendingL3] -> ascendingL3 -> [visual_centrifugalL3, visual_projectionL3]",central,3,descending,3,visual_centrifugal,3,visual_projection,3
29328,mixed,mix->mix,mix,mix,1,1,2,535,21,6.538,5961,11.142,central,1,2,2,"[ascendingL1, centralL2] -> centralL1 -> [visual_centrifugalL1, visual_centrifugalL2]",ascending,1,central,2,visual_centrifugal,1,visual_centrifugal,2
15695,mixed,mix->mix,mix,mix,1,1,2,535,23,6.337,6205,11.598,central,1,2,2,"[ascendingL1, ascendingL2] -> centralL1 -> [centralL2, visual_centrifugalL1]",ascending,1,ascending,2,central,2,visual_centrifugal,1
11543,mixed,mix->mix,mix,mix,1,1,2,535,18,5.41,5889,11.007,central,1,2,2,"[centralL2, visual_projectionL1] -> centralL1 -> [visual_centrifugalL1, visual_centrifugalL2]",central,2,visual_projection,1,visual_centrifugal,1,visual_centrifugal,2
9437,mixed,mix->mix,mix,mix,1,1,2,535,16,3.924,6712,12.546,central,1,2,2,"[ascendingL1, visual_projectionL2] -> centralL1 -> [centralL2, visual_centrifugalL1]",ascending,1,visual_projection,2,central,2,visual_centrifugal,1
8100,mixed,mix->mix,mix,mix,1,1,2,535,1,1.0,12310,23.009,central,1,2,2,"[centralL2, sensoryL1] -> centralL1 -> [visual_centrifugalL1, visual_projectionL2]",central,2,sensory,1,visual_centrifugal,1,visual_projection,2
8100,mixed,mix->mix,mix,mix,1,1,2,535,1,1.0,12346,23.077,central,1,2,2,"[centralL2, sensoryL1] -> centralL1 -> [visual_projectionL1, visual_projectionL2]",central,2,sensory,1,visual_projection,1,visual_projection,2
6628,mixed,mix->mix,mix,mix,1,1,2,535,23,7.429,1064,1.989,central,1,2,2,"[ascendingL1, ascendingL2] -> centralL1 -> [visual_centrifugalL1, visual_centrifugalL2]",ascending,1,ascending,2,visual_centrifugal,1,visual_centrifugal,2
4488,mixed,mix->mix,mix,mix,1,1,2,535,4,1.706,15385,28.757,central,1,2,2,"[ascendingL1, sensoryL2] -> centralL1 -> [centralL2, sensoryL1]",ascending,1,sensory,2,central,2,sensory,1
4461,mixed,mix->mix,mix,mix,1,1,2,535,16,5.049,6640,12.411,central,1,2,2,"[visual_projectionL1, visual_projectionL2] -> centralL1 -> [centralL2, visual_centrifugalL1]",visual_projection,1,visual_projection,2,central,2,visual_centrifugal,1
4360,mixed,mix->mix,mix,mix,1,1,2,535,12,4.428,6133,11.464,central,1,2,2,"[ascendingL2, visual_projectionL1] -> centralL1 -> [centralL2, visual_centrifugalL1]",ascending,2,visual_projection,1,central,2,visual_centrifugal,1
9026828,mixed,mix->FWD,mix,FWD,2,1,1,535,2,1.0,15787,29.508,central,1,2,2,"[sensoryL1, sensoryL2] -> centralL1 -> [ascendingL2, centralL2]",sensory,1,sensory,2,ascending,2,central,2
868590,mixed,mix->FWD,mix,FWD,2,1,1,535,2,1.0,15787,29.508,central,1,2,2,"[centralL2, sensoryL1] -> centralL1 -> [ascendingL2, sensoryL2]",central,2,sensory,1,ascending,2,sensory,2
57993,mixed,mix->FWD,mix,FWD,2,1,1,535,43,5.582,6471,12.095,central,1,2,2,"[ascendingL1, ascendingL2] -> centralL1 -> [centralL2, visual_centrifugalL2]",ascending,1,ascending,2,central,2,visual_centrifugal,2
46299,mixed,mix->FWD,mix,FWD,2,1,1,535,24,3.224,6978,13.043,central,1,2,2,"[ascendingL1, visual_projectionL2] -> centralL1 -> [centralL2, visual_centrifugalL2]",ascending,1,visual_projection,2,central,2,visual_centrifugal,2
24581,mixed,mix->FWD,mix,FWD,2,1,1,535,7,1.725,5968,11.155,central,1,2,2,"[ascendingL1, descendingL2] -> centralL1 -> [centralL2, visual_centrifugalL2]",ascending,1,descending,2,central,2,visual_centrifugal,2
15507,mixed,mix->FWD,mix,FWD,2,1,1,535,25,2.875,6906,12.908,central,1,2,2,"[visual_projectionL1, visual_projectionL2] -> centralL1 -> [centralL2, visual_centrifugalL2]",visual_projection,1,visual_projection,2,central,2,visual_centrifugal,2
11905,mixed,mix->FWD,mix,FWD,2,1,1,535,20,1.789,6399,11.961,central,1,2,2,"[ascendingL2, visual_projectionL1] -> centralL1 -> [centralL2, visual_centrifugalL2]",ascending,2,visual_projection,1,central,2,visual_centrifugal,2
8560,mixed,mix->FWD,mix,FWD,2,1,1,535,6,1.339,5896,11.021,central,1,2,2,"[descendingL2, visual_projectionL1] -> centralL1 -> [centralL2, visual_centrifugalL2]",descending,2,visual_projection,1,central,2,visual_centrifugal,2
4448,mixed,mix->FWD,mix,FWD,2,1,1,535,2,1.014,6320,11.813,central,1,2,2,"[ascendingL2, descendingL1] -> centralL1 -> [centralL2, visual_centrifugalL2]",ascending,2,descending,1,central,2,visual_centrifugal,2
4416,mixed,mix->FWD,mix,FWD,2,1,1,535,1,1.0,6827,12.761,central,1,2,2,"[descendingL1, visual_projectionL2] -> centralL1 -> [centralL2, visual_centrifugalL2]",descending,1,visual_projection,2,central,2,visual_centrifugal,2
11325,mixed,LAT->FWD,LAT,FWD,2,0,2,535,14,2.208,5997,11.209,central,1,2,2,"[ascendingL1, visual_projectionL1] -> centralL1 -> [centralL2, visual_centrifugalL2]",ascending,1,visual_projection,1,central,2,visual_centrifugal,2
3696,mixed,LAT->FWD,LAT,FWD,2,0,2,535,2,1.009,5918,11.062,central,1,2,2,"[ascendingL1, descendingL1] -> centralL1 -> [centralL2, visual_centrifugalL2]",ascending,1,descending,1,central,2,visual_centrifugal,2
3272,mixed,LAT->FWD,LAT,FWD,2,0,2,535,3,1.764,5961,11.142,central,1,2,2,"[ascendingL1, visual_centrifugalL1] -> centralL1 -> [centralL2, visual_centrifugalL2]",ascending,1,visual_centrifugal,1,central,2,visual_centrifugal,2
1472,mixed,LAT->FWD,LAT,FWD,2,0,2,535,1,1.0,5846,10.927,central,1,2,2,"[descendingL1, visual_projectionL1] -> centralL1 -> [centralL2, visual_centrifugalL2]",descending,1,visual_projection,1,central,2,visual_centrifugal,2
1042,mixed,LAT->FWD,LAT,FWD,2,0,2,535,2,1.031,11667,21.807,central,1,2,2,"[ascendingL1, sensoryL1] -> centralL1 -> [centralL2, visual_centrifugalL2]",ascending,1,sensory,1,central,2,visual_centrifugal,2
692,mixed,LAT->FWD,LAT,FWD,2,0,2,535,3,2.043,6241,11.665,central,1,2,2,"[ascendingL1, visual_projectionL1] -> centralL1 -> [ascendingL2, centralL2]",ascending,1,visual_projection,1,ascending,2,central,2
440,mixed,LAT->FWD,LAT,FWD,2,0,2,535,3,2.712,5738,10.725,central,1,2,2,"[ascendingL1, visual_projectionL1] -> centralL1 -> [centralL2, descendingL2]",ascending,1,visual_projection,1,central,2,descending,2
342,mixed,LAT->FWD,LAT,FWD,2,0,2,535,1,1.0,11559,21.606,central,1,2,2,"[sensoryL1, visual_centrifugalL1] -> centralL1 -> [centralL2, visual_centrifugalL2]",sensory,1,visual_centrifugal,1,central,2,visual_centrifugal,2
224,mixed,LAT->FWD,LAT,FWD,2,0,2,535,3,1.856,6748,12.613,central,1,2,2,"[ascendingL1, visual_projectionL1] -> centralL1 -> [centralL2, visual_projectionL2]",ascending,1,visual_projection,1,central,2,visual_projection,2
156,mixed,LAT->FWD,LAT,FWD,2,0,2,535,1,1.0,5659,10.578,central,1,2,2,"[ascendingL1, descendingL1] -> centralL1 -> [centralL2, descendingL2]",ascending,1,descending,1,central,2,descending,2
2188,mixed,LAT->mix,LAT,mix,1,0,3,535,8,2.309,5731,10.712,central,1,2,2,"[ascendingL1, visual_projectionL1] -> centralL1 -> [centralL2, visual_centrifugalL1]",ascending,1,visual_projection,1,central,2,visual_centrifugal,1
935,mixed,LAT->mix,LAT,mix,1,0,3,535,8,3.006,590,1.103,central,1,2,2,"[ascendingL1, visual_projectionL1] -> centralL1 -> [visual_centrifugalL1, visual_centrifugalL2]",ascending,1,visual_projection,1,visual_centrifugal,1,visual_centrifugal,2
698,mixed,LAT->mix,LAT,mix,1,0,3,535,2,1.023,5652,10.564,central,1,2,2,"[ascendingL1, descendingL1] -> centralL1 -> [centralL2, visual_centrifugalL1]",ascending,1,descending,1,central,2,visual_centrifugal,1
276,mixed,LAT->mix,LAT,mix,1,0,3,535,1,1.0,5580,10.43,central,1,2,2,"[descendingL1, visual_projectionL1] -> centralL1 -> [centralL2, visual_centrifugalL1]",descending,1,visual_projection,1,central,2,visual_centrifugal,1
244,mixed,LAT->mix,LAT,mix,1,0,3,535,2,1.033,511,0.955,central,1,2,2,"[ascendingL1, descendingL1] -> centralL1 -> [visual_centrifugalL1, visual_centrifugalL2]",ascending,1,descending,1,visual_centrifugal,1,visual_centrifugal,2
110,mixed,LAT->mix,LAT,mix,1,0,3,535,1,1.0,7471,13.964,central,1,2,2,"[opticL1, visual_projectionL1] -> centralL1 -> [visual_centrifugalL1, visual_centrifugalL2]",optic,1,visual_projection,1,visual_centrifugal,1,visual_centrifugal,2
96,mixed,LAT->mix,LAT,mix,1,0,3,535,1,1.0,439,0.821,central,1,2,2,"[descendingL1, visual_projectionL1] -> centralL1 -> [visual_centrifugalL1, visual_centrifugalL2]",descending,1,visual_projection,1,visual_centrifugal,1,visual_centrifugal,2
70,mixed,LAT->mix,LAT,mix,1,0,3,535,1,1.0,12612,23.574,central,1,2,2,"[opticL1, visual_projectionL1] -> centralL1 -> [centralL2, visual_centrifugalL1]",optic,1,visual_projection,1,central,2,visual_centrifugal,1
24,mixed,LAT->mix,LAT,mix,1,0,3,535,1,1.0,12720,23.776,central,1,2,2,"[opticL1, visual_projectionL1] -> centralL1 -> [ascendingL1, centralL2]",optic,1,visual_projection,1,ascending,1,central,2
20,mixed,LAT->mix,LAT,mix,1,0,3,535,1,1.0,8330,15.57,central,1,2,2,"[opticL1, visual_projectionL1] -> centralL1 -> [ascendingL1, visual_projectionL2]",optic,1,visual_projection,1,ascending,1,visual_projection,2
4050,mixed,mix->LAT,mix,LAT,0,1,3,535,1,1.0,11329,21.176,central,1,2,2,"[centralL2, sensoryL1] -> centralL1 -> [visual_centrifugalL1, visual_projectionL1]",central,2,sensory,1,visual_centrifugal,1,visual_projection,1
45,mixed,mix->LAT,mix,LAT,0,1,3,535,1,1.0,9906,18.516,central,1,2,2,"[sensoryL1, sensoryL2] -> centralL1 -> [visual_centrifugalL1, visual_projectionL1]",sensory,1,sensory,2,visual_centrifugal,1,visual_projection,1
26,mixed,mix->LAT,mix,LAT,0,1,3,535,1,1.0,8330,15.57,central,1,2,2,"[opticL1, visual_projectionL2] -> centralL1 -> [ascendingL1, visual_projectionL1]",optic,1,visual_projection,2,ascending,1,visual_projection,1
14,mixed,mix->LAT,mix,LAT,0,1,3,535,1,1.0,1341,2.507,central,1,2,2,"[ascendingL1, visual_projectionL2] -> centralL1 -> [visual_centrifugalL1, visual_projectionL1]",ascending,1,visual_projection,2,visual_centrifugal,1,visual_projection,1
10,mixed,mix->LAT,mix,LAT,0,1,3,535,1,1.0,42852,80.097,central,1,2,2,"[opticL1, opticL2] -> centralL1 -> [ascendingL1, visual_projectionL1]",optic,1,optic,2,ascending,1,visual_projection,1
1283590,mixed,BWD->mix,BWD,mix,1,2,1,535,2,1.0,15787,29.508,central,1,2,2,"[centralL2, sensoryL2] -> centralL1 -> [ascendingL2, sensoryL1]",central,2,sensory,2,ascending,2,sensory,1
41907,mixed,BWD->mix,BWD,mix,1,2,1,535,33,6.846,6363,11.893,central,1,2,2,"[ascendingL2, centralL2] -> centralL1 -> [visual_centrifugalL1, visual_centrifugalL2]",ascending,2,central,2,visual_centrifugal,1,visual_centrifugal,2
35607,mixed,BWD->mix,BWD,mix,1,2,1,535,28,6.097,6870,12.841,central,1,2,2,"[centralL2, visual_projectionL2] -> centralL1 -> [visual_centrifugalL1, visual_centrifugalL2]",central,2,visual_projection,2,visual_centrifugal,1,visual_centrifugal,2
23433,mixed,BWD->mix,BWD,mix,1,2,1,535,19,3.878,7114,13.297,central,1,2,2,"[ascendingL2, visual_projectionL2] -> centralL1 -> [centralL2, visual_centrifugalL1]",ascending,2,visual_projection,2,central,2,visual_centrifugal,1
11570,mixed,BWD->mix,BWD,mix,1,2,1,535,6,1.58,5860,10.953,central,1,2,2,"[centralL2, descendingL2] -> centralL1 -> [visual_centrifugalL1, visual_centrifugalL2]",central,2,descending,2,visual_centrifugal,1,visual_centrifugal,2
7474,mixed,BWD->mix,BWD,mix,1,2,1,535,19,4.621,1973,3.688,central,1,2,2,"[ascendingL2, visual_projectionL2] -> centralL1 -> [visual_centrifugalL1, visual_centrifugalL2]",ascending,2,visual_projection,2,visual_centrifugal,1,visual_centrifugal,2
5131,mixed,BWD->mix,BWD,mix,1,2,1,535,7,1.509,6104,11.409,central,1,2,2,"[ascendingL2, descendingL2] -> centralL1 -> [centralL2, visual_centrifugalL1]",ascending,2,descending,2,central,2,visual_centrifugal,1
4620,mixed,BWD->mix,BWD,mix,1,2,1,535,6,1.24,6611,12.357,central,1,2,2,"[descendingL2, visual_projectionL2] -> centralL1 -> [centralL2, visual_centrifugalL1]",descending,2,visual_projection,2,central,2,visual_centrifugal,1
4554,mixed,BWD->mix,BWD,mix,1,2,1,535,1,1.0,7114,13.297,central,1,2,2,"[ascendingL2, centralL2] -> centralL1 -> [visual_centrifugalL1, visual_projectionL2]",ascending,2,central,2,visual_centrifugal,1,visual_projection,2
2713,mixed,BWD->mix,BWD,mix,1,2,1,535,10,2.417,6870,12.841,central,1,2,2,"[visual_centrifugalL2, visual_projectionL2] -> centralL1 -> [centralL2, visual_centrifugalL1]",visual_centrifugal,2,visual_projection,2,central,2,visual_centrifugal,1
322,mixed,BWD->LAT,BWD,LAT,0,2,2,535,2,1.929,36880,68.935,central,1,2,2,"[opticL2, visual_projectionL2] -> centralL1 -> [ascendingL1, visual_projectionL1]",optic,2,visual_projection,2,ascending,1,visual_projection,1
267,mixed,BWD->LAT,BWD,LAT,0,2,2,535,5,3.901,6640,12.411,central,1,2,2,"[centralL2, visual_projectionL2] -> centralL1 -> [visual_centrifugalL1, visual_projectionL1]",central,2,visual_projection,2,visual_centrifugal,1,visual_projection,1
255,mixed,BWD->LAT,BWD,LAT,0,2,2,535,3,2.917,6748,12.613,central,1,2,2,"[centralL2, visual_projectionL2] -> centralL1 -> [ascendingL1, visual_projectionL1]",central,2,visual_projection,2,ascending,1,visual_projection,1
102,mixed,BWD->LAT,BWD,LAT,0,2,2,535,2,1.71,41270,77.14,central,1,2,2,"[centralL2, opticL2] -> centralL1 -> [ascendingL1, visual_projectionL1]",central,2,optic,2,ascending,1,visual_projection,1
90,mixed,BWD->LAT,BWD,LAT,0,2,2,535,1,1.0,9607,17.957,central,1,2,2,"[centralL2, sensoryL2] -> centralL1 -> [visual_centrifugalL1, visual_projectionL1]",central,2,sensory,2,visual_centrifugal,1,visual_projection,1
82,mixed,BWD->LAT,BWD,LAT,0,2,2,535,3,2.483,1499,2.802,central,1,2,2,"[visual_centrifugalL2, visual_projectionL2] -> centralL1 -> [visual_centrifugalL1, visual_projectionL1]",visual_centrifugal,2,visual_projection,2,visual_centrifugal,1,visual_projection,1
75,mixed,BWD->LAT,BWD,LAT,0,2,2,535,2,1.972,1743,3.258,central,1,2,2,"[ascendingL2, visual_projectionL2] -> centralL1 -> [visual_centrifugalL1, visual_projectionL1]",ascending,2,visual_projection,2,visual_centrifugal,1,visual_projection,1
50,mixed,BWD->LAT,BWD,LAT,0,2,2,535,2,1.997,1607,3.004,central,1,2,2,"[visual_centrifugalL2, visual_projectionL2] -> centralL1 -> [ascendingL1, visual_projectionL1]",visual_centrifugal,2,visual_projection,2,ascending,1,visual_projection,1
42,mixed,BWD->LAT,BWD,LAT,0,2,2,535,1,1.0,6241,11.665,central,1,2,2,"[ascendingL2, centralL2] -> centralL1 -> [ascendingL1, visual_projectionL1]",ascending,2,central,2,ascending,1,visual_projection,1
42,mixed,BWD->LAT,BWD,LAT,0,2,2,535,1,1.0,5738,10.725,central,1,2,2,"[centralL2, descendingL2] -> centralL1 -> [ascendingL1, visual_projectionL1]",central,2,descending,2,ascending,1,visual_projection,1
47534,mixed,BWD->FWD,BWD,FWD,2,2,0,535,36,2.985,7380,13.794,central,1,2,2,"[ascendingL2, visual_projectionL2] -> centralL1 -> [centralL2, visual_centrifugalL2]",ascending,2,visual_projection,2,central,2,visual_centrifugal,2
29484,mixed,BWD->FWD,BWD,FWD,2,2,0,535,9,1.693,6877,12.854,central,1,2,2,"[descendingL2, visual_projectionL2] -> centralL1 -> [centralL2, visual_centrifugalL2]",descending,2,visual_projection,2,central,2,visual_centrifugal,2
27193,mixed,BWD->FWD,BWD,FWD,2,2,0,535,10,1.499,6370,11.907,central,1,2,2,"[ascendingL2, descendingL2] -> centralL1 -> [centralL2, visual_centrifugalL2]",ascending,2,descending,2,central,2,visual_centrifugal,2
3264,mixed,BWD->FWD,BWD,FWD,2,2,0,535,4,3.411,10347,19.34,central,1,2,2,"[ascendingL2, sensoryL2] -> centralL1 -> [centralL2, visual_centrifugalL2]",ascending,2,sensory,2,central,2,visual_centrifugal,2
2212,mixed,BWD->FWD,BWD,FWD,2,2,0,535,8,1.193,7380,13.794,central,1,2,2,"[ascendingL2, centralL2] -> centralL1 -> [visual_centrifugalL2, visual_projectionL2]",ascending,2,central,2,visual_centrifugal,2,visual_projection,2
1920,mixed,BWD->FWD,BWD,FWD,2,2,0,535,4,2.034,7380,13.794,central,1,2,2,"[centralL2, visual_projectionL2] -> centralL1 -> [ascendingL2, visual_centrifugalL2]",central,2,visual_projection,2,ascending,2,visual_centrifugal,2
1110,mixed,BWD->FWD,BWD,FWD,2,2,0,535,3,2.111,42409,79.269,central,1,2,2,"[opticL2, visual_centrifugalL2] -> centralL1 -> [centralL2, visual_projectionL2]",optic,2,visual_centrifugal,2,central,2,visual_projection,2
878,mixed,BWD->FWD,BWD,FWD,2,2,0,535,3,1.201,11098,20.744,central,1,2,2,"[sensoryL2, visual_projectionL2] -> centralL1 -> [ascendingL2, centralL2]",sensory,2,visual_projection,2,ascending,2,central,2
828,mixed,BWD->FWD,BWD,FWD,2,2,0,535,4,2.142,7121,13.31,central,1,2,2,"[ascendingL2, visual_projectionL2] -> centralL1 -> [centralL2, descendingL2]",ascending,2,visual_projection,2,central,2,descending,2
802,mixed,BWD->FWD,BWD,FWD,2,2,0,535,2,1.01,10088,18.856,central,1,2,2,"[descendingL2, sensoryL2] -> centralL1 -> [ascendingL2, centralL2]",descending,2,sensory,2,ascending,2,central,2
31682459,mixed,mix->mix,mix,mix,2,1,1,5452,298,15.573,19750,3.623,central,2,2,2,"[sensoryL1, sensoryL2] -> centralL2 -> [centralL1, centralL3]",sensory,1,sensory,2,central,1,central,3
7780871,mixed,mix->mix,mix,mix,2,1,1,5452,60,4.356,19750,3.623,central,2,2,2,"[centralL1, sensoryL2] -> centralL2 -> [centralL3, sensoryL1]",central,1,sensory,2,central,3,sensory,1
4680188,mixed,mix->mix,mix,mix,1,2,1,5452,70,4.722,19750,3.623,central,2,2,2,"[centralL3, sensoryL1] -> centralL2 -> [centralL1, sensoryL2]",central,3,sensory,1,central,1,sensory,2
3843267,mixed,mix->mix,mix,mix,1,2,1,5452,77,7.066,19750,3.623,central,2,2,2,"[centralL1, centralL3] -> centralL2 -> [sensoryL1, sensoryL2]",central,1,central,3,sensory,1,sensory,2
773452,mixed,mix->mix,mix,mix,1,2,1,5452,134,7.187,13747,2.521,central,2,2,2,"[visual_projectionL2, visual_projectionL3] -> centralL2 -> [centralL1, centralL3]",visual_projection,2,visual_projection,3,central,1,central,3
355021,mixed,mix->mix,mix,mix,1,2,1,5452,12,2.882,10458,1.918,central,2,2,2,"[descendingL3, sensoryL1] -> centralL2 -> [centralL1, sensoryL2]",descending,3,sensory,1,central,1,sensory,2
348436,mixed,mix->mix,mix,mix,1,2,1,5452,188,4.894,11012,2.02,central,2,2,2,"[ascendingL2, ascendingL3] -> centralL2 -> [centralL1, centralL3]",ascending,2,ascending,3,central,1,central,3
345994,mixed,mix->mix,mix,mix,2,1,1,5452,53,1.631,13747,2.521,central,2,2,2,"[centralL1, centralL3] -> centralL2 -> [visual_projectionL2, visual_projectionL3]",central,1,central,3,visual_projection,2,visual_projection,3
339584,mixed,mix->mix,mix,mix,2,2,0,5452,47,4.5,15864,2.91,central,2,2,2,"[descendingL3, sensoryL1] -> centralL2 -> [centralL1, centralL3]",descending,3,sensory,1,central,1,central,3
311107,mixed,mix->mix,mix,mix,1,1,2,5452,11,2.764,10870,1.994,central,2,2,2,"[ascendingL2, sensoryL1] -> centralL2 -> [centralL1, sensoryL2]",ascending,2,sensory,1,central,1,sensory,2
587810,mixed,mix->FWD,mix,FWD,3,0,1,5452,21,2.149,16714,3.066,central,2,2,2,"[centralL1, sensoryL2] -> centralL2 -> [centralL3, visual_projectionL3]",central,1,sensory,2,central,3,visual_projection,3
339043,mixed,mix->FWD,mix,FWD,3,0,1,5452,23,3.227,20644,3.787,central,2,2,2,"[sensoryL1, sensoryL2] -> centralL2 -> [centralL3, sensoryL3]",sensory,1,sensory,2,central,3,sensory,3
219628,mixed,mix->FWD,mix,FWD,3,0,1,5452,15,2.295,21930,4.022,central,2,2,2,"[sensoryL1, sensoryL2] -> centralL2 -> [centralL3, visual_projectionL3]",sensory,1,sensory,2,central,3,visual_projection,3
213999,mixed,mix->FWD,mix,FWD,2,1,1,5452,98,3.812,10620,1.948,central,2,2,2,"[ascendingL2, ascendingL3] -> centralL2 -> [centralL3, descendingL3]",ascending,2,ascending,3,central,3,descending,3
175245,mixed,mix->FWD,mix,FWD,2,1,1,5452,87,8.916,15036,2.758,central,2,2,2,"[sensoryL2, sensoryL3] -> centralL2 -> [centralL3, descendingL3]",sensory,2,sensory,3,central,3,descending,3
145806,mixed,mix->FWD,mix,FWD,3,0,1,5452,65,5.909,14142,2.594,central,2,2,2,"[centralL1, sensoryL2] -> centralL2 -> [centralL3, descendingL3]",central,1,sensory,2,central,3,descending,3
136094,mixed,mix->FWD,mix,FWD,3,0,1,5452,61,5.14,13747,2.521,central,2,2,2,"[centralL1, visual_projectionL2] -> centralL2 -> [centralL3, visual_projectionL3]",central,1,visual_projection,2,central,3,visual_projection,3
129207,mixed,mix->FWD,mix,FWD,2,1,1,5452,41,3.553,13355,2.45,central,2,2,2,"[visual_projectionL2, visual_projectionL3] -> centralL2 -> [centralL3, descendingL3]",visual_projection,2,visual_projection,3,central,3,descending,3
118572,mixed,mix->FWD,mix,FWD,2,1,1,5452,12,1.57,11906,2.184,central,2,2,2,"[ascendingL2, ascendingL3] -> centralL2 -> [centralL3, sensoryL3]",ascending,2,ascending,3,central,3,sensory,3
101917,mixed,mix->FWD,mix,FWD,3,0,1,5452,46,8.134,19358,3.551,central,2,2,2,"[sensoryL1, sensoryL2] -> centralL2 -> [centralL3, descendingL3]",sensory,1,sensory,2,central,3,descending,3
2402267,mixed,mix->BWD,mix,BWD,0,3,1,5452,54,4.308,19750,3.623,central,2,2,2,"[centralL3, sensoryL2] -> centralL2 -> [centralL1, sensoryL1]",central,3,sensory,2,central,1,sensory,1
192212,mixed,mix->BWD,mix,BWD,0,3,1,5452,10,2.95,10458,1.918,central,2,2,2,"[descendingL3, sensoryL2] -> centralL2 -> [centralL1, sensoryL1]",descending,3,sensory,2,central,1,sensory,1
38402,mixed,mix->BWD,mix,BWD,0,3,1,5452,11,3.536,16276,2.985,central,2,2,2,"[ascendingL2, centralL3] -> centralL2 -> [centralL1, sensoryL1]",ascending,2,central,3,central,1,sensory,1
30627,mixed,mix->BWD,mix,BWD,0,3,1,5452,69,6.662,11077,2.032,central,2,2,2,"[centralL3, visual_projectionL2] -> centralL2 -> [centralL1, visual_centrifugalL1]",central,3,visual_projection,2,central,1,visual_centrifugal,1
25797,mixed,mix->BWD,mix,BWD,0,3,1,5452,68,11.487,10570,1.939,central,2,2,2,"[ascendingL2, centralL3] -> centralL2 -> [centralL1, visual_centrifugalL1]",ascending,2,central,3,central,1,visual_centrifugal,1
25132,mixed,mix->BWD,mix,BWD,0,3,1,5452,28,6.753,11113,2.038,central,2,2,2,"[centralL3, visual_projectionL2] -> centralL2 -> [centralL1, visual_projectionL1]",central,3,visual_projection,2,central,1,visual_projection,1
18192,mixed,mix->BWD,mix,BWD,0,3,1,5452,37,4.251,1622,0.298,central,2,2,2,"[ascendingL2, ascendingL3] -> centralL2 -> [centralL1, visual_centrifugalL1]",ascending,2,ascending,3,central,1,visual_centrifugal,1
14427,mixed,mix->BWD,mix,BWD,1,2,1,5452,33,1.838,1723,0.316,central,2,2,2,"[visual_projectionL1, visual_projectionL2] -> centralL2 -> [centralL1, visual_centrifugalL1]",visual_projection,1,visual_projection,2,central,1,visual_centrifugal,1
12190,mixed,mix->BWD,mix,BWD,1,3,0,5452,40,4.923,10168,1.865,central,2,2,2,"[ascendingL1, centralL3] -> centralL2 -> [centralL1, visual_centrifugalL1]",ascending,1,central,3,central,1,visual_centrifugal,1
11499,mixed,mix->BWD,mix,BWD,0,3,1,5452,25,4.521,4393,0.806,central,2,2,2,"[visual_projectionL2, visual_projectionL3] -> centralL2 -> [centralL1, visual_projectionL1]",visual_projection,2,visual_projection,3,central,1,visual_projection,1
18624,mixed,mix->LAT,mix,LAT,1,1,2,5452,45,2.569,11343,2.081,central,2,2,2,"[centralL1, centralL3] -> centralL2 -> [visual_centrifugalL2, visual_projectionL2]",central,1,central,3,visual_centrifugal,2,visual_projection,2
7889,mixed,mix->LAT,mix,LAT,0,1,3,5452,18,2.089,1405,0.258,central,2,2,2,"[ascendingL2, ascendingL3] -> centralL2 -> [descendingL2, visual_centrifugalL2]",ascending,2,ascending,3,descending,2,visual_centrifugal,2
6499,mixed,mix->LAT,mix,LAT,1,1,2,5452,24,2.652,10889,1.997,central,2,2,2,"[centralL3, visual_projectionL1] -> centralL2 -> [visual_centrifugalL2, visual_projectionL2]",central,3,visual_projection,1,visual_centrifugal,2,visual_projection,2
6140,mixed,mix->LAT,mix,LAT,1,1,2,5452,5,2.309,46616,8.55,central,2,2,2,"[centralL1, centralL3] -> centralL2 -> [opticL2, visual_projectionL2]",central,1,central,3,optic,2,visual_projection,2
4767,mixed,mix->LAT,mix,LAT,1,1,2,5452,19,1.54,10961,2.01,central,2,2,2,"[ascendingL1, centralL3] -> centralL2 -> [visual_centrifugalL2, visual_projectionL2]",ascending,1,central,3,visual_centrifugal,2,visual_projection,2
4370,mixed,mix->LAT,mix,LAT,1,1,2,5452,25,4.38,10333,1.895,central,2,2,2,"[centralL1, centralL3] -> centralL2 -> [descendingL2, visual_centrifugalL2]",central,1,central,3,descending,2,visual_centrifugal,2
4260,mixed,mix->LAT,mix,LAT,1,1,2,5452,3,1.076,14051,2.577,central,2,2,2,"[centralL1, centralL3] -> centralL2 -> [descendingL2, sensoryL2]",central,1,central,3,descending,2,sensory,2
3984,mixed,mix->LAT,mix,LAT,0,1,3,5452,36,11.064,11363,2.084,central,2,2,2,"[ascendingL2, centralL3] -> centralL2 -> [visual_centrifugalL2, visual_projectionL2]",ascending,2,central,3,visual_centrifugal,2,visual_projection,2
3908,mixed,mix->LAT,mix,LAT,1,1,2,5452,28,3.487,4623,0.848,central,2,2,2,"[centralL1, visual_projectionL3] -> centralL2 -> [visual_centrifugalL2, visual_projectionL2]",central,1,visual_projection,3,visual_centrifugal,2,visual_projection,2
3484,mixed,mix->LAT,mix,LAT,1,1,2,5452,19,5.514,9951,1.825,central,2,2,2,"[ascendingL1, centralL3] -> centralL2 -> [descendingL2, visual_centrifugalL2]",ascending,1,central,3,descending,2,visual_centrifugal,2
14758246,mixed,FWD->mix,FWD,mix,3,0,1,5452,71,4.563,19750,3.623,central,2,2,2,"[centralL1, sensoryL1] -> centralL2 -> [centralL3, sensoryL2]",central,1,sensory,1,central,3,sensory,2
147987,mixed,FWD->mix,FWD,mix,3,0,1,5452,16,3.861,16783,3.078,central,2,2,2,"[centralL1, sensoryL1] -> centralL2 -> [centralL3, visual_projectionL2]",central,1,sensory,1,central,3,visual_projection,2
130914,mixed,FWD->mix,FWD,mix,3,0,1,5452,14,1.13,16032,2.941,central,2,2,2,"[centralL1, sensoryL1] -> centralL2 -> [centralL3, visual_centrifugalL2]",central,1,sensory,1,central,3,visual_centrifugal,2
77223,mixed,FWD->mix,FWD,mix,3,0,1,5452,103,15.099,10434,1.914,central,2,2,2,"[ascendingL1, centralL1] -> centralL2 -> [centralL3, visual_centrifugalL2]",ascending,1,central,1,central,3,visual_centrifugal,2
37713,mixed,FWD->mix,FWD,mix,3,0,1,5452,15,3.144,11744,2.154,central,2,2,2,"[centralL1, sensoryL1] -> centralL2 -> [sensoryL2, sensoryL3]",central,1,sensory,1,sensory,2,sensory,3
28837,mixed,FWD->mix,FWD,mix,3,0,1,5452,68,13.678,10362,1.901,central,2,2,2,"[centralL1, visual_projectionL1] -> centralL2 -> [centralL3, visual_centrifugalL2]",central,1,visual_projection,1,central,3,visual_centrifugal,2
19653,mixed,FWD->mix,FWD,mix,3,1,0,5452,41,7.775,10168,1.865,central,2,2,2,"[ascendingL1, centralL1] -> centralL2 -> [centralL3, visual_centrifugalL1]",ascending,1,central,1,central,3,visual_centrifugal,1
18936,mixed,FWD->mix,FWD,mix,3,1,0,5452,4,1.347,15766,2.892,central,2,2,2,"[centralL1, sensoryL1] -> centralL2 -> [centralL3, visual_centrifugalL1]",central,1,sensory,1,central,3,visual_centrifugal,1
18920,mixed,FWD->mix,FWD,mix,3,0,1,5452,31,5.513,11113,2.038,central,2,2,2,"[centralL1, visual_projectionL1] -> centralL2 -> [centralL3, visual_projectionL2]",central,1,visual_projection,1,central,3,visual_projection,2
18362,mixed,FWD->mix,FWD,mix,3,0,1,5452,48,6.043,1080,0.198,central,2,2,2,"[ascendingL1, centralL1] -> centralL2 -> [visual_centrifugalL2, visual_centrifugalL3]",ascending,1,central,1,visual_centrifugal,2,visual_centrifugal,3
2178,mixed,FWD->LAT,FWD,LAT,2,0,2,5452,16,4.807,1051,0.193,central,2,2,2,"[ascendingL1, centralL1] -> centralL2 -> [descendingL2, visual_centrifugalL2]",ascending,1,central,1,descending,2,visual_centrifugal,2
1890,mixed,FWD->LAT,FWD,LAT,2,0,2,5452,1,1.0,11377,2.087,central,2,2,2,"[centralL1, sensoryL1] -> centralL2 -> [sensoryL2, visual_projectionL2]",central,1,sensory,1,sensory,2,visual_projection,2
1296,mixed,FWD->LAT,FWD,LAT,2,0,2,5452,1,1.0,4769,0.875,central,2,2,2,"[ascendingL1, centralL1] -> centralL2 -> [descendingL2, sensoryL2]",ascending,1,central,1,descending,2,sensory,2
1267,mixed,FWD->LAT,FWD,LAT,2,0,2,5452,21,3.988,1989,0.365,central,2,2,2,"[centralL1, visual_projectionL1] -> centralL2 -> [visual_centrifugalL2, visual_projectionL2]",central,1,visual_projection,1,visual_centrifugal,2,visual_projection,2
933,mixed,FWD->LAT,FWD,LAT,2,0,2,5452,17,3.45,2061,0.378,central,2,2,2,"[ascendingL1, centralL1] -> centralL2 -> [visual_centrifugalL2, visual_projectionL2]",ascending,1,central,1,visual_centrifugal,2,visual_projection,2
692,mixed,FWD->LAT,FWD,LAT,2,0,2,5452,2,1.976,7659,1.405,central,2,2,2,"[centralL1, sensoryL1] -> centralL2 -> [visual_centrifugalL2, visual_projectionL2]",central,1,sensory,1,visual_centrifugal,2,visual_projection,2
466,mixed,FWD->LAT,FWD,LAT,2,0,2,5452,3,1.758,5272,0.967,central,2,2,2,"[ascendingL1, centralL1] -> centralL2 -> [ascendingL2, sensoryL2]",ascending,1,central,1,ascending,2,sensory,2
362,mixed,FWD->LAT,FWD,LAT,2,0,2,5452,8,2.531,1295,0.238,central,2,2,2,"[ascendingL1, centralL1] -> centralL2 -> [ascendingL2, descendingL2]",ascending,1,central,1,ascending,2,descending,2
336,mixed,FWD->LAT,FWD,LAT,2,0,2,5452,11,3.101,1554,0.285,central,2,2,2,"[ascendingL1, centralL1] -> centralL2 -> [ascendingL2, visual_centrifugalL2]",ascending,1,central,1,ascending,2,visual_centrifugal,2
276,mixed,FWD->LAT,FWD,LAT,2,0,2,5452,3,2.507,37262,6.835,central,2,2,2,"[centralL1, visual_projectionL1] -> centralL2 -> [opticL2, visual_projectionL2]",central,1,visual_projection,1,optic,2,visual_projection,2
1249004,pure_FWD,FWD->FWD,FWD,FWD,4,0,0,5452,30,5.186,18436,3.382,central,2,2,2,"[centralL1, sensoryL1] -> centralL2 -> [centralL3, visual_projectionL3]",central,1,sensory,1,central,3,visual_projection,3
345110,pure_FWD,FWD->FWD,FWD,FWD,4,0,0,5452,37,1.494,15864,2.91,central,2,2,2,"[centralL1, sensoryL1] -> centralL2 -> [centralL3, descendingL3]",central,1,sensory,1,central,3,descending,3
40747,pure_FWD,FWD->FWD,FWD,FWD,4,0,0,5452,16,3.765,17150,3.146,central,2,2,2,"[centralL1, sensoryL1] -> centralL2 -> [centralL3, sensoryL3]",central,1,sensory,1,central,3,sensory,3
34619,pure_FWD,FWD->FWD,FWD,FWD,4,0,0,5452,87,6.246,10266,1.883,central,2,2,2,"[ascendingL1, centralL1] -> centralL2 -> [centralL3, descendingL3]",ascending,1,central,1,central,3,descending,3
31254,pure_FWD,FWD->FWD,FWD,FWD,4,0,0,5452,58,10.315,10204,1.872,central,2,2,2,"[ascendingL1, centralL1] -> centralL2 -> [centralL3, visual_centrifugalL3]",ascending,1,central,1,central,3,visual_centrifugal,3
29689,pure_FWD,FWD->FWD,FWD,FWD,4,0,0,5452,36,3.508,12766,2.342,central,2,2,2,"[centralL1, visual_projectionL1] -> centralL2 -> [centralL3, visual_projectionL3]",central,1,visual_projection,1,central,3,visual_projection,3
19765,pure_FWD,FWD->FWD,FWD,FWD,4,0,0,5452,14,2.222,11552,2.119,central,2,2,2,"[ascendingL1, centralL1] -> centralL2 -> [centralL3, sensoryL3]",ascending,1,central,1,central,3,sensory,3
18404,pure_FWD,FWD->FWD,FWD,FWD,4,0,0,5452,7,1.515,15802,2.898,central,2,2,2,"[centralL1, sensoryL1] -> centralL2 -> [centralL3, visual_centrifugalL3]",central,1,sensory,1,central,3,visual_centrifugal,3
12768,pure_FWD,FWD->FWD,FWD,FWD,4,0,0,5452,23,1.927,12838,2.355,central,2,2,2,"[ascendingL1, centralL1] -> centralL2 -> [centralL3, visual_projectionL3]",ascending,1,central,1,central,3,visual_projection,3
11553,pure_FWD,FWD->FWD,FWD,FWD,4,0,0,5452,37,16.231,10132,1.858,central,2,2,2,"[centralL1, visual_projectionL1] -> centralL2 -> [centralL3, visual_centrifugalL3]",central,1,visual_projection,1,central,3,visual_centrifugal,3
1216,mixed,FWD->BWD,FWD,BWD,2,2,0,5452,14,3.098,814,0.149,central,2,2,2,"[ascendingL1, visual_projectionL1] -> centralL2 -> [centralL1, visual_centrifugalL1]",ascending,1,visual_projection,1,central,1,visual_centrifugal,1
96,mixed,FWD->BWD,FWD,BWD,2,2,0,5452,1,1.0,735,0.135,central,2,2,2,"[ascendingL1, descendingL1] -> centralL2 -> [centralL1, visual_centrifugalL1]",ascending,1,descending,1,central,1,visual_centrifugal,1
46,mixed,FWD->BWD,FWD,BWD,2,2,0,5452,5,2.806,814,0.149,central,2,2,2,"[ascendingL1, visual_centrifugalL1] -> centralL2 -> [centralL1, visual_projectionL1]",ascending,1,visual_centrifugal,1,central,1,visual_projection,1
42,mixed,FWD->BWD,FWD,BWD,2,2,0,5452,1,1.0,6520,1.196,central,2,2,2,"[ascendingL1, visual_projectionL1] -> centralL2 -> [centralL1, sensoryL1]",ascending,1,visual_projection,1,central,1,sensory,1
32,mixed,FWD->BWD,FWD,BWD,2,2,0,5452,1,1.0,663,0.122,central,2,2,2,"[descendingL1, visual_projectionL1] -> centralL2 -> [centralL1, visual_centrifugalL1]",descending,1,visual_projection,1,central,1,visual_centrifugal,1
32,mixed,FWD->BWD,FWD,BWD,2,2,0,5452,4,2.926,814,0.149,central,2,2,2,"[ascendingL1, centralL1] -> centralL2 -> [visual_centrifugalL1, visual_projectionL1]",ascending,1,central,1,visual_centrifugal,1,visual_projection,1
27,mixed,FWD->BWD,FWD,BWD,2,2,0,5452,1,1.0,771,0.141,central,2,2,2,"[descendingL1, visual_projectionL1] -> centralL2 -> [ascendingL1, centralL1]",descending,1,visual_projection,1,ascending,1,central,1
24,mixed,FWD->BWD,FWD,BWD,2,2,0,5452,1,1.0,6441,1.181,central,2,2,2,"[ascendingL1, sensoryL1] -> centralL2 -> [centralL1, descendingL1]",ascending,1,sensory,1,central,1,descending,1
176955,mixed,LAT->BWD,LAT,BWD,0,2,2,5452,11,2.857,10870,1.994,central,2,2,2,"[ascendingL2, sensoryL2] -> centralL2 -> [centralL1, sensoryL1]",ascending,2,sensory,2,central,1,sensory,1
7402,mixed,LAT->BWD,LAT,BWD,0,2,2,5452,36,9.707,2197,0.403,central,2,2,2,"[ascendingL2, visual_projectionL2] -> centralL2 -> [centralL1, visual_centrifugalL1]",ascending,2,visual_projection,2,central,1,visual_centrifugal,1
5683,mixed,LAT->BWD,LAT,BWD,0,2,2,5452,12,3.221,5272,0.967,central,2,2,2,"[ascendingL2, sensoryL2] -> centralL2 -> [ascendingL1, centralL1]",ascending,2,sensory,2,ascending,1,central,1
2915,mixed,LAT->BWD,LAT,BWD,0,2,2,5452,10,3.574,1953,0.358,central,2,2,2,"[visual_centrifugalL2, visual_projectionL2] -> centralL2 -> [centralL1, visual_centrifugalL1]",visual_centrifugal,2,visual_projection,2,central,1,visual_centrifugal,1
1745,mixed,LAT->BWD,LAT,BWD,0,2,2,5452,9,1.745,1694,0.311,central,2,2,2,"[descendingL2, visual_projectionL2] -> centralL2 -> [centralL1, visual_centrifugalL1]",descending,2,visual_projection,2,central,1,visual_centrifugal,1
1633,mixed,LAT->BWD,LAT,BWD,0,2,2,5452,15,5.352,1187,0.218,central,2,2,2,"[ascendingL2, descendingL2] -> centralL2 -> [centralL1, visual_centrifugalL1]",ascending,2,descending,2,central,1,visual_centrifugal,1
1296,mixed,LAT->BWD,LAT,BWD,0,2,2,5452,1,1.0,37226,6.828,central,2,2,2,"[opticL2, visual_projectionL2] -> centralL2 -> [centralL1, visual_centrifugalL1]",optic,2,visual_projection,2,central,1,visual_centrifugal,1
1177,mixed,LAT->BWD,LAT,BWD,0,2,2,5452,18,3.647,2233,0.41,central,2,2,2,"[ascendingL2, visual_projectionL2] -> centralL2 -> [centralL1, visual_projectionL1]",ascending,2,visual_projection,2,central,1,visual_projection,1
1032,mixed,LAT->BWD,LAT,BWD,0,2,2,5452,10,4.069,1446,0.265,central,2,2,2,"[ascendingL2, visual_centrifugalL2] -> centralL2 -> [centralL1, visual_centrifugalL1]",ascending,2,visual_centrifugal,2,central,1,visual_centrifugal,1
759,mixed,LAT->BWD,LAT,BWD,0,2,2,5452,8,4.674,1989,0.365,central,2,2,2,"[visual_centrifugalL2, visual_projectionL2] -> centralL2 -> [centralL1, visual_projectionL1]",visual_centrifugal,2,visual_projection,2,central,1,visual_projection,1
174896,mixed,LAT->mix,LAT,mix,1,1,2,5452,116,17.123,14554,2.669,central,2,2,2,"[ascendingL2, sensoryL2] -> centralL2 -> [centralL1, centralL3]",ascending,2,sensory,2,central,1,central,3
160134,mixed,LAT->mix,LAT,mix,1,1,2,5452,15,4.124,19770,3.626,central,2,2,2,"[ascendingL2, sensoryL2] -> centralL2 -> [centralL3, sensoryL1]",ascending,2,sensory,2,central,3,sensory,1
84523,mixed,LAT->mix,LAT,mix,1,1,2,5452,32,4.352,11343,2.081,central,2,2,2,"[visual_centrifugalL2, visual_projectionL2] -> centralL2 -> [centralL1, centralL3]",visual_centrifugal,2,visual_projection,2,central,1,central,3
70812,mixed,LAT->mix,LAT,mix,1,1,2,5452,129,8.944,11587,2.125,central,2,2,2,"[ascendingL2, visual_projectionL2] -> centralL2 -> [centralL1, centralL3]",ascending,2,visual_projection,2,central,1,central,3
47865,mixed,LAT->mix,LAT,mix,1,0,3,5452,97,15.872,11363,2.084,central,2,2,2,"[ascendingL2, visual_projectionL2] -> centralL2 -> [centralL3, visual_centrifugalL2]",ascending,2,visual_projection,2,central,3,visual_centrifugal,2
43467,mixed,LAT->mix,LAT,mix,1,1,2,5452,21,6.326,14172,2.599,central,2,2,2,"[ascendingL2, sensoryL2] -> centralL2 -> [ascendingL1, centralL3]",ascending,2,sensory,2,ascending,1,central,3
25845,mixed,LAT->mix,LAT,mix,1,1,2,5452,54,7.901,10577,1.94,central,2,2,2,"[ascendingL2, descendingL2] -> centralL2 -> [centralL1, centralL3]",ascending,2,descending,2,central,1,central,3
21653,mixed,LAT->mix,LAT,mix,1,0,3,5452,43,4.878,14071,2.581,central,2,2,2,"[ascendingL2, sensoryL2] -> centralL2 -> [centralL3, descendingL2]",ascending,2,sensory,2,central,3,descending,2
18216,mixed,LAT->mix,LAT,mix,0,1,3,5452,78,10.675,2463,0.452,central,2,2,2,"[ascendingL2, visual_projectionL2] -> centralL2 -> [centralL1, visual_centrifugalL2]",ascending,2,visual_projection,2,central,1,visual_centrifugal,2
16659,mixed,LAT->mix,LAT,mix,1,0,3,5452,20,5.316,10353,1.899,central,2,2,2,"[ascendingL2, descendingL2] -> centralL2 -> [centralL3, visual_centrifugalL2]",ascending,2,descending,2,central,3,visual_centrifugal,2
136053,mixed,LAT->FWD,LAT,FWD,2,0,2,5452,29,5.707,15448,2.833,central,2,2,2,"[ascendingL2, sensoryL2] -> centralL2 -> [centralL3, sensoryL3]",ascending,2,sensory,2,central,3,sensory,3
72258,mixed,LAT->FWD,LAT,FWD,2,0,2,5452,78,11.271,14162,2.598,central,2,2,2,"[ascendingL2, sensoryL2] -> centralL2 -> [centralL3, descendingL3]",ascending,2,sensory,2,central,3,descending,3
57343,mixed,LAT->FWD,LAT,FWD,2,0,2,5452,57,16.379,14506,2.661,central,2,2,2,"[ascendingL2, sensoryL2] -> centralL2 -> [ascendingL3, centralL3]",ascending,2,sensory,2,ascending,3,central,3
43493,mixed,LAT->FWD,LAT,FWD,2,0,2,5452,18,5.606,13523,2.48,central,2,2,2,"[visual_centrifugalL2, visual_projectionL2] -> centralL2 -> [centralL3, visual_projectionL3]",visual_centrifugal,2,visual_projection,2,central,3,visual_projection,3
33379,mixed,LAT->FWD,LAT,FWD,2,0,2,5452,44,6.244,13767,2.525,central,2,2,2,"[ascendingL2, visual_projectionL2] -> centralL2 -> [centralL3, visual_projectionL3]",ascending,2,visual_projection,2,central,3,visual_projection,3
33216,mixed,LAT->FWD,LAT,FWD,2,0,2,5452,6,2.74,14945,2.741,central,2,2,2,"[descendingL2, sensoryL2] -> centralL2 -> [centralL3, sensoryL3]",descending,2,sensory,2,central,3,sensory,3
26444,mixed,LAT->FWD,LAT,FWD,2,0,2,5452,32,7.474,14048,2.577,central,2,2,2,"[ascendingL2, sensoryL2] -> centralL2 -> [centralL3, endocrineL3]",ascending,2,sensory,2,central,3,endocrine,3
20066,mixed,LAT->FWD,LAT,FWD,2,0,2,5452,7,3.23,6500,1.192,central,2,2,2,"[ascendingL2, sensoryL2] -> centralL2 -> [ascendingL3, sensoryL3]",ascending,2,sensory,2,ascending,3,sensory,3
17602,mixed,LAT->FWD,LAT,FWD,2,0,2,5452,49,10.688,11133,2.042,central,2,2,2,"[ascendingL2, visual_projectionL2] -> centralL2 -> [centralL3, visual_centrifugalL3]",ascending,2,visual_projection,2,central,3,visual_centrifugal,3
15015,mixed,LAT->FWD,LAT,FWD,2,0,2,5452,36,5.461,10185,1.868,central,2,2,2,"[ascendingL2, descendingL2] -> centralL2 -> [centralL3, descendingL3]",ascending,2,descending,2,central,3,descending,3
580,pure_LAT,LAT->LAT,LAT,LAT,0,0,4,5452,12,1.713,1980,0.363,central,2,2,2,"[ascendingL2, visual_projectionL2] -> centralL2 -> [descendingL2, visual_centrifugalL2]",ascending,2,visual_projection,2,descending,2,visual_centrifugal,2
540,pure_LAT,LAT->LAT,LAT,LAT,0,0,4,5452,2,1.471,37512,6.88,central,2,2,2,"[ascendingL2, visual_centrifugalL2] -> centralL2 -> [opticL2, visual_projectionL2]",ascending,2,visual_centrifugal,2,optic,2,visual_projection,2
193,pure_LAT,LAT->LAT,LAT,LAT,0,0,4,5452,5,2.105,1980,0.363,central,2,2,2,"[ascendingL2, descendingL2] -> centralL2 -> [visual_centrifugalL2, visual_projectionL2]",ascending,2,descending,2,visual_centrifugal,2,visual_projection,2
150,pure_LAT,LAT->LAT,LAT,LAT,0,0,4,5452,1,1.0,4947,0.907,central,2,2,2,"[ascendingL2, descendingL2] -> centralL2 -> [sensoryL2, visual_centrifugalL2]",ascending,2,descending,2,sensory,2,visual_centrifugal,2
76,pure_LAT,LAT->LAT,LAT,LAT,0,0,4,5452,3,1.536,37512,6.88,central,2,2,2,"[ascendingL2, visual_projectionL2] -> centralL2 -> [opticL2, visual_centrifugalL2]",ascending,2,visual_projection,2,optic,2,visual_centrifugal,2
42,pure_LAT,LAT->LAT,LAT,LAT,0,0,4,5452,2,1.69,37512,6.88,central,2,2,2,"[visual_centrifugalL2, visual_projectionL2] -> centralL2 -> [ascendingL2, opticL2]",visual_centrifugal,2,visual_projection,2,ascending,2,optic,2
34,pure_LAT,LAT->LAT,LAT,LAT,0,0,4,5452,4,3.4,4947,0.907,central,2,2,2,"[ascendingL2, sensoryL2] -> centralL2 -> [descendingL2, visual_centrifugalL2]",ascending,2,sensory,2,descending,2,visual_centrifugal,2
32,pure_LAT,LAT->LAT,LAT,LAT,0,0,4,5452,1,1.0,5957,1.093,central,2,2,2,"[ascendingL2, visual_projectionL2] -> centralL2 -> [sensoryL2, visual_centrifugalL2]",ascending,2,visual_projection,2,sensory,2,visual_centrifugal,2
29,pure_LAT,LAT->LAT,LAT,LAT,0,0,4,5452,3,2.097,1980,0.363,central,2,2,2,"[descendingL2, visual_projectionL2] -> centralL2 -> [ascendingL2, visual_centrifugalL2]",descending,2,visual_projection,2,ascending,2,visual_centrifugal,2
21,pure_LAT,LAT->LAT,LAT,LAT,0,0,4,5452,2,1.69,37512,6.88,central,2,2,2,"[ascendingL2, opticL2] -> centralL2 -> [visual_centrifugalL2, visual_projectionL2]",ascending,2,optic,2,visual_centrifugal,2,visual_projection,2
72166,mixed,BWD->mix,BWD,mix,0,3,1,5452,10,6.758,19358,3.551,central,2,2,2,"[centralL3, descendingL3] -> centralL2 -> [sensoryL1, sensoryL2]",central,3,descending,3,sensory,1,sensory,2
61055,mixed,BWD->mix,BWD,mix,0,3,1,5452,9,2.724,20644,3.787,central,2,2,2,"[centralL3, sensoryL3] -> centralL2 -> [sensoryL1, sensoryL2]",central,3,sensory,3,sensory,1,sensory,2
60951,mixed,BWD->mix,BWD,mix,1,2,1,5452,15,3.855,15036,2.758,central,2,2,2,"[centralL3, descendingL3] -> centralL2 -> [sensoryL2, sensoryL3]",central,3,descending,3,sensory,2,sensory,3
51016,mixed,BWD->mix,BWD,mix,0,3,1,5452,72,4.575,12996,2.384,central,2,2,2,"[centralL3, visual_projectionL3] -> centralL2 -> [centralL1, visual_centrifugalL2]",central,3,visual_projection,3,central,1,visual_centrifugal,2
48578,mixed,BWD->mix,BWD,mix,0,3,1,5452,45,3.373,13747,2.521,central,2,2,2,"[centralL3, visual_projectionL3] -> centralL2 -> [centralL1, visual_projectionL2]",central,3,visual_projection,3,central,1,visual_projection,2
47821,mixed,BWD->mix,BWD,mix,1,3,0,5452,76,3.607,10600,1.944,central,2,2,2,"[ascendingL3, descendingL3] -> centralL2 -> [centralL1, centralL3]",ascending,3,descending,3,central,1,central,3
41990,mixed,BWD->mix,BWD,mix,0,3,1,5452,23,1.709,13293,2.438,central,2,2,2,"[centralL3, visual_projectionL3] -> centralL2 -> [visual_projectionL1, visual_projectionL2]",central,3,visual_projection,3,visual_projection,1,visual_projection,2
39192,mixed,BWD->mix,BWD,mix,1,2,1,5452,26,5.655,15036,2.758,central,2,2,2,"[centralL3, sensoryL3] -> centralL2 -> [descendingL3, sensoryL2]",central,3,sensory,3,descending,3,sensory,2
34904,mixed,BWD->mix,BWD,mix,1,2,1,5452,50,2.287,12948,2.375,central,2,2,2,"[ascendingL3, visual_projectionL3] -> centralL2 -> [centralL3, visual_centrifugalL2]",ascending,3,visual_projection,3,central,3,visual_centrifugal,2
33581,mixed,BWD->mix,BWD,mix,1,2,1,5452,35,2.738,10376,1.903,central,2,2,2,"[ascendingL3, descendingL3] -> centralL2 -> [centralL3, visual_centrifugalL2]",ascending,3,descending,3,central,3,visual_centrifugal,2
46716,pure_BWD,BWD->BWD,BWD,BWD,0,4,0,5452,14,4.428,15864,2.91,central,2,2,2,"[centralL3, descendingL3] -> centralL2 -> [centralL1, sensoryL1]",central,3,descending,3,central,1,sensory,1
15440,pure_BWD,BWD->BWD,BWD,BWD,0,4,0,5452,27,5.153,12766,2.342,central,2,2,2,"[centralL3, visual_projectionL3] -> centralL2 -> [centralL1, visual_projectionL1]",central,3,visual_projection,3,central,1,visual_projection,1
11552,pure_BWD,BWD->BWD,BWD,BWD,0,4,0,5452,36,12.446,12730,2.335,central,2,2,2,"[centralL3, visual_projectionL3] -> centralL2 -> [centralL1, visual_centrifugalL1]",central,3,visual_projection,3,central,1,visual_centrifugal,1
11078,pure_BWD,BWD->BWD,BWD,BWD,0,4,0,5452,40,9.623,10502,1.926,central,2,2,2,"[ascendingL3, centralL3] -> centralL2 -> [centralL1, visual_centrifugalL1]",ascending,3,central,3,central,1,visual_centrifugal,1
4685,pure_BWD,BWD->BWD,BWD,BWD,0,4,0,5452,27,6.376,10158,1.863,central,2,2,2,"[centralL3, descendingL3] -> centralL2 -> [centralL1, visual_centrifugalL1]",central,3,descending,3,central,1,visual_centrifugal,1
4049,pure_BWD,BWD->BWD,BWD,BWD,0,4,0,5452,12,1.168,10538,1.933,central,2,2,2,"[ascendingL3, centralL3] -> centralL2 -> [centralL1, visual_projectionL1]",ascending,3,central,3,central,1,visual_projection,1
3637,pure_BWD,BWD->BWD,BWD,BWD,0,4,0,5452,9,2.325,12276,2.252,central,2,2,2,"[centralL3, visual_projectionL3] -> centralL2 -> [visual_centrifugalL1, visual_projectionL1]",central,3,visual_projection,3,visual_centrifugal,1,visual_projection,1
3068,pure_BWD,BWD->BWD,BWD,BWD,0,4,0,5452,6,4.25,17150,3.146,central,2,2,2,"[centralL3, sensoryL3] -> centralL2 -> [centralL1, sensoryL1]",central,3,sensory,3,central,1,sensory,1
2849,pure_BWD,BWD->BWD,BWD,BWD,0,4,0,5452,17,2.619,10610,1.946,central,2,2,2,"[ascendingL3, centralL3] -> centralL2 -> [ascendingL1, centralL1]",ascending,3,central,3,ascending,1,central,1
2143,pure_BWD,BWD->BWD,BWD,BWD,0,4,0,5452,8,1.553,11552,2.119,central,2,2,2,"[centralL3, sensoryL3] -> centralL2 -> [ascendingL1, centralL1]",central,3,sensory,3,ascending,1,central,1
27388,mixed,BWD->LAT,BWD,LAT,0,2,2,5452,30,1.994,13523,2.48,central,2,2,2,"[centralL3, visual_projectionL3] -> centralL2 -> [visual_centrifugalL2, visual_projectionL2]",central,3,visual_projection,3,visual_centrifugal,2,visual_projection,2
8156,mixed,BWD->LAT,BWD,LAT,0,2,2,5452,4,1.589,48796,8.95,central,2,2,2,"[centralL3, visual_projectionL3] -> centralL2 -> [opticL2, visual_projectionL2]",central,3,visual_projection,3,optic,2,visual_projection,2
7578,mixed,BWD->LAT,BWD,LAT,0,2,2,5452,9,1.223,14945,2.741,central,2,2,2,"[centralL3, sensoryL3] -> centralL2 -> [descendingL2, sensoryL2]",central,3,sensory,3,descending,2,sensory,2
6186,mixed,BWD->LAT,BWD,LAT,0,2,2,5452,6,2.454,15448,2.833,central,2,2,2,"[centralL3, sensoryL3] -> centralL2 -> [ascendingL2, sensoryL2]",central,3,sensory,3,ascending,2,sensory,2
3503,mixed,BWD->LAT,BWD,LAT,0,2,2,5452,3,1.055,6500,1.192,central,2,2,2,"[ascendingL3, sensoryL3] -> centralL2 -> [ascendingL2, sensoryL2]",ascending,3,sensory,3,ascending,2,sensory,2
1884,mixed,BWD->LAT,BWD,LAT,0,2,2,5452,13,3.699,13016,2.387,central,2,2,2,"[centralL3, visual_projectionL3] -> centralL2 -> [ascendingL2, visual_centrifugalL2]",central,3,visual_projection,3,ascending,2,visual_centrifugal,2
1857,mixed,BWD->LAT,BWD,LAT,0,2,2,5452,19,6.532,10285,1.886,central,2,2,2,"[ascendingL3, centralL3] -> centralL2 -> [descendingL2, visual_centrifugalL2]",ascending,3,central,3,descending,2,visual_centrifugal,2
1751,mixed,BWD->LAT,BWD,LAT,0,2,2,5452,26,7.016,11295,2.072,central,2,2,2,"[ascendingL3, centralL3] -> centralL2 -> [visual_centrifugalL2, visual_projectionL2]",ascending,3,central,3,visual_centrifugal,2,visual_projection,2
1745,mixed,BWD->LAT,BWD,LAT,0,2,2,5452,23,7.618,10788,1.979,central,2,2,2,"[ascendingL3, centralL3] -> centralL2 -> [ascendingL2, visual_centrifugalL2]",ascending,3,central,3,ascending,2,visual_centrifugal,2
1660,mixed,BWD->LAT,BWD,LAT,0,2,2,5452,8,4.842,13767,2.525,central,2,2,2,"[centralL3, visual_projectionL3] -> centralL2 -> [ascendingL2, visual_projectionL2]",central,3,visual_projection,3,ascending,2,visual_projection,2
14946,mixed,BWD->FWD,BWD,FWD,2,2,0,5452,6,1.619,11494,2.108,central,2,2,2,"[ascendingL3, descendingL3] -> centralL2 -> [centralL3, sensoryL3]",ascending,3,descending,3,central,3,sensory,3
10414,mixed,BWD->FWD,BWD,FWD,2,2,0,5452,20,4.047,12780,2.344,central,2,2,2,"[ascendingL3, visual_projectionL3] -> centralL2 -> [centralL3, descendingL3]",ascending,3,visual_projection,3,central,3,descending,3
10381,mixed,BWD->FWD,BWD,FWD,2,2,0,5452,31,5.471,11494,2.108,central,2,2,2,"[ascendingL3, sensoryL3] -> centralL2 -> [centralL3, descendingL3]",ascending,3,sensory,3,central,3,descending,3
8413,mixed,BWD->FWD,BWD,FWD,2,2,0,5452,17,1.906,10146,1.861,central,2,2,2,"[ascendingL3, descendingL3] -> centralL2 -> [centralL3, visual_centrifugalL3]",ascending,3,descending,3,central,3,visual_centrifugal,3
7820,mixed,BWD->FWD,BWD,FWD,2,2,0,5452,22,3.646,12718,2.333,central,2,2,2,"[ascendingL3, visual_projectionL3] -> centralL2 -> [centralL3, visual_centrifugalL3]",ascending,3,visual_projection,3,central,3,visual_centrifugal,3
7680,mixed,BWD->FWD,BWD,FWD,2,2,0,5452,2,1.983,42237,7.747,central,2,2,2,"[opticL3, visual_projectionL3] -> centralL2 -> [centralL3, descendingL3]",optic,3,visual_projection,3,central,3,descending,3
5873,mixed,BWD->FWD,BWD,FWD,2,2,0,5452,14,3.261,12374,2.27,central,2,2,2,"[centralL3, visual_projectionL3] -> centralL2 -> [descendingL3, visual_centrifugalL3]",central,3,visual_projection,3,descending,3,visual_centrifugal,3
5648,mixed,BWD->FWD,BWD,FWD,2,2,0,5452,6,1.675,12374,2.27,central,2,2,2,"[descendingL3, visual_projectionL3] -> centralL2 -> [centralL3, visual_centrifugalL3]",descending,3,visual_projection,3,central,3,visual_centrifugal,3
4695,mixed,BWD->FWD,BWD,FWD,2,2,0,5452,3,1.635,12374,2.27,central,2,2,2,"[visual_centrifugalL3, visual_projectionL3] -> centralL2 -> [centralL3, descendingL3]",visual_centrifugal,3,visual_projection,3,central,3,descending,3
4452,mixed,BWD->FWD,BWD,FWD,2,2,0,5452,6,2.194,12780,2.344,central,2,2,2,"[ascendingL3, descendingL3] -> centralL2 -> [centralL3, visual_projectionL3]",ascending,3,descending,3,central,3,visual_projection,3
1109837,mixed,mix->BWD,mix,BWD,1,2,1,9435,27,2.3,11465,1.215,central,3,2,2,"[ascendingL2, sensoryL3] -> centralL3 -> [centralL2, sensoryL2]",ascending,2,sensory,3,central,2,sensory,2
1045877,mixed,mix->BWD,mix,BWD,1,2,1,9435,8,2.013,11465,1.215,central,3,2,2,"[centralL2, sensoryL3] -> centralL3 -> [ascendingL2, sensoryL2]",central,2,sensory,3,ascending,2,sensory,2
721516,mixed,mix->BWD,mix,BWD,1,2,1,9435,24,2.098,11465,1.215,central,3,2,2,"[sensoryL2, sensoryL3] -> centralL3 -> [ascendingL2, centralL2]",sensory,2,sensory,3,ascending,2,central,2
637584,mixed,mix->BWD,mix,BWD,1,2,1,9435,12,2.049,10523,1.115,central,3,2,2,"[ascendingL2, ascendingL3] -> centralL3 -> [centralL2, sensoryL2]",ascending,2,ascending,3,central,2,sensory,2
628603,mixed,mix->BWD,mix,BWD,1,2,1,9435,7,2.008,10523,1.115,central,3,2,2,"[ascendingL3, centralL2] -> centralL3 -> [ascendingL2, sensoryL2]",ascending,3,central,2,ascending,2,sensory,2
429471,mixed,mix->BWD,mix,BWD,1,2,1,9435,16,2.036,10523,1.115,central,3,2,2,"[ascendingL3, sensoryL2] -> centralL3 -> [ascendingL2, centralL2]",ascending,3,sensory,2,ascending,2,central,2
267953,mixed,mix->BWD,mix,BWD,1,2,1,9435,125,4.167,9540,1.011,central,3,2,2,"[visual_projectionL2, visual_projectionL3] -> centralL3 -> [centralL2, visual_centrifugalL2]",visual_projection,2,visual_projection,3,central,2,visual_centrifugal,2
110367,mixed,mix->BWD,mix,BWD,1,2,1,9435,11,2.4,10179,1.079,central,3,2,2,"[ascendingL2, descendingL3] -> centralL3 -> [centralL2, sensoryL2]",ascending,2,descending,3,central,2,sensory,2
101497,mixed,mix->BWD,mix,BWD,1,2,1,9435,6,2.041,10179,1.079,central,3,2,2,"[centralL2, descendingL3] -> centralL3 -> [ascendingL2, sensoryL2]",central,2,descending,3,ascending,2,sensory,2
69677,mixed,mix->BWD,mix,BWD,1,2,1,9435,12,2.094,10179,1.079,central,3,2,2,"[descendingL3, sensoryL2] -> centralL3 -> [ascendingL2, centralL2]",descending,3,sensory,2,ascending,2,central,2
1025585,mixed,mix->mix,mix,mix,1,1,2,9435,12,2.075,6500,0.689,central,3,2,2,"[ascendingL2, ascendingL3] -> centralL3 -> [sensoryL2, sensoryL3]",ascending,2,ascending,3,sensory,2,sensory,3
684673,mixed,mix->mix,mix,mix,1,1,2,9435,6,2.02,6500,0.689,central,3,2,2,"[ascendingL3, sensoryL2] -> centralL3 -> [ascendingL2, sensoryL3]",ascending,3,sensory,2,ascending,2,sensory,3
657341,mixed,mix->mix,mix,mix,1,1,2,9435,14,2.257,11397,1.208,central,3,2,2,"[ascendingL3, centralL2] -> centralL3 -> [sensoryL2, sensoryL3]",ascending,3,central,2,sensory,2,sensory,3
459051,mixed,mix->mix,mix,mix,1,1,2,9435,10,2.372,11397,1.208,central,3,2,2,"[ascendingL3, sensoryL2] -> centralL3 -> [centralL2, sensoryL3]",ascending,3,sensory,2,central,2,sensory,3
388469,mixed,mix->mix,mix,mix,1,1,2,9435,15,2.191,7923,0.84,central,3,2,2,"[ascendingL2, ascendingL3] -> centralL3 -> [centralL2, sensoryL3]",ascending,2,ascending,3,central,2,sensory,3
370779,mixed,mix->mix,mix,mix,1,1,2,9435,9,2.028,7923,0.84,central,3,2,2,"[ascendingL3, centralL2] -> centralL3 -> [ascendingL2, sensoryL3]",ascending,3,central,2,ascending,2,sensory,3
322014,mixed,mix->mix,mix,mix,1,1,2,9435,6,2.194,6500,0.689,central,3,2,2,"[ascendingL2, sensoryL3] -> centralL3 -> [ascendingL3, sensoryL2]",ascending,2,sensory,3,ascending,3,sensory,2
213566,mixed,mix->mix,mix,mix,1,1,2,9435,10,2.096,6500,0.689,central,3,2,2,"[sensoryL2, sensoryL3] -> centralL3 -> [ascendingL2, ascendingL3]",sensory,2,sensory,3,ascending,2,ascending,3
211923,mixed,mix->mix,mix,mix,1,1,2,9435,10,2.018,6156,0.652,central,3,2,2,"[ascendingL2, sensoryL3] -> centralL3 -> [descendingL3, sensoryL2]",ascending,2,sensory,3,descending,3,sensory,2
195200,mixed,mix->mix,mix,mix,1,1,2,9435,6,2.182,11397,1.208,central,3,2,2,"[centralL2, sensoryL3] -> centralL3 -> [ascendingL3, sensoryL2]",central,2,sensory,3,ascending,3,sensory,2
85754,mixed,mix->LAT,mix,LAT,1,0,3,9435,7,2.108,6088,0.645,central,3,2,2,"[ascendingL3, sensoryL2] -> centralL3 -> [descendingL3, sensoryL3]",ascending,3,sensory,2,descending,3,sensory,3
74682,mixed,mix->LAT,mix,LAT,1,0,3,9435,7,2.055,2614,0.277,central,3,2,2,"[ascendingL2, ascendingL3] -> centralL3 -> [descendingL3, sensoryL3]",ascending,2,ascending,3,descending,3,sensory,3
51076,mixed,mix->LAT,mix,LAT,1,0,3,9435,7,2.513,7511,0.796,central,3,2,2,"[ascendingL3, centralL2] -> centralL3 -> [descendingL3, sensoryL3]",ascending,3,central,2,descending,3,sensory,3
25977,mixed,mix->LAT,mix,LAT,1,0,3,9435,11,2.082,6088,0.645,central,3,2,2,"[sensoryL2, sensoryL3] -> centralL3 -> [ascendingL3, descendingL3]",sensory,2,sensory,3,ascending,3,descending,3
23097,mixed,mix->LAT,mix,LAT,1,0,3,9435,9,2.118,2614,0.277,central,3,2,2,"[ascendingL2, sensoryL3] -> centralL3 -> [ascendingL3, descendingL3]",ascending,2,sensory,3,ascending,3,descending,3
20016,mixed,mix->LAT,mix,LAT,1,0,3,9435,2,1.981,6088,0.645,central,3,2,2,"[descendingL3, sensoryL2] -> centralL3 -> [ascendingL3, sensoryL3]",descending,3,sensory,2,ascending,3,sensory,3
17662,mixed,mix->LAT,mix,LAT,1,0,3,9435,2,1.979,2614,0.277,central,3,2,2,"[ascendingL2, descendingL3] -> centralL3 -> [ascendingL3, sensoryL3]",ascending,2,descending,3,ascending,3,sensory,3
15281,mixed,mix->LAT,mix,LAT,1,0,3,9435,13,2.468,7511,0.796,central,3,2,2,"[centralL2, sensoryL3] -> centralL3 -> [ascendingL3, descendingL3]",central,2,sensory,3,ascending,3,descending,3
10850,mixed,mix->LAT,mix,LAT,1,0,3,9435,2,1.955,7511,0.796,central,3,2,2,"[centralL2, descendingL3] -> centralL3 -> [ascendingL3, sensoryL3]",central,2,descending,3,ascending,3,sensory,3
5916,mixed,mix->LAT,mix,LAT,1,0,3,9435,4,1.188,6111,0.648,central,3,2,2,"[ascendingL3, centralL2] -> centralL3 -> [descendingL3, endocrineL3]",ascending,3,central,2,descending,3,endocrine,3
2234338,mixed,FWD->mix,FWD,mix,2,1,1,9435,39,2.456,11465,1.215,central,3,2,2,"[ascendingL2, centralL2] -> centralL3 -> [sensoryL2, sensoryL3]",ascending,2,central,2,sensory,2,sensory,3
1539146,mixed,FWD->mix,FWD,mix,2,1,1,9435,26,2.526,11465,1.215,central,3,2,2,"[ascendingL2, sensoryL2] -> centralL3 -> [centralL2, sensoryL3]",ascending,2,sensory,2,central,2,sensory,3
1390205,mixed,FWD->mix,FWD,mix,2,1,1,9435,8,2.074,11465,1.215,central,3,2,2,"[centralL2, sensoryL2] -> centralL3 -> [ascendingL2, sensoryL3]",central,2,sensory,2,ascending,2,sensory,3
378447,mixed,FWD->mix,FWD,mix,2,1,1,9435,8,2.016,10523,1.115,central,3,2,2,"[ascendingL2, centralL2] -> centralL3 -> [ascendingL3, sensoryL2]",ascending,2,central,2,ascending,3,sensory,2
269333,mixed,FWD->mix,FWD,mix,2,1,1,9435,13,2.271,10179,1.079,central,3,2,2,"[ascendingL2, centralL2] -> centralL3 -> [descendingL3, sensoryL2]",ascending,2,central,2,descending,3,sensory,2
267626,mixed,FWD->mix,FWD,mix,2,1,1,9435,29,2.185,10523,1.115,central,3,2,2,"[ascendingL2, sensoryL2] -> centralL3 -> [ascendingL3, centralL2]",ascending,2,sensory,2,ascending,3,central,2
255980,mixed,FWD->mix,FWD,mix,2,1,1,9435,15,2.02,10523,1.115,central,3,2,2,"[centralL2, sensoryL2] -> centralL3 -> [ascendingL2, ascendingL3]",central,2,sensory,2,ascending,2,ascending,3
223050,mixed,FWD->mix,FWD,mix,2,1,1,9435,55,3.345,10179,1.079,central,3,2,2,"[ascendingL2, sensoryL2] -> centralL3 -> [centralL2, descendingL3]",ascending,2,sensory,2,central,2,descending,3
174532,mixed,FWD->mix,FWD,mix,2,1,1,9435,14,2.07,10179,1.079,central,3,2,2,"[centralL2, sensoryL2] -> centralL3 -> [ascendingL2, descendingL3]",central,2,sensory,2,ascending,2,descending,3
35978,mixed,FWD->mix,FWD,mix,2,1,1,9435,46,6.331,9540,1.011,central,3,2,2,"[centralL2, visual_projectionL2] -> centralL3 -> [visual_centrifugalL2, visual_projectionL3]",central,2,visual_projection,2,visual_centrifugal,2,visual_projection,3
428612,mixed,FWD->LAT,FWD,LAT,2,0,2,9435,6,2.188,6500,0.689,central,3,2,2,"[ascendingL2, sensoryL2] -> centralL3 -> [ascendingL3, sensoryL3]",ascending,2,sensory,2,ascending,3,sensory,3
282546,mixed,FWD->LAT,FWD,LAT,2,0,2,9435,10,2.116,6156,0.652,central,3,2,2,"[ascendingL2, sensoryL2] -> centralL3 -> [descendingL3, sensoryL3]",ascending,2,sensory,2,descending,3,sensory,3
266989,mixed,FWD->LAT,FWD,LAT,2,0,2,9435,6,2.247,11397,1.208,central,3,2,2,"[centralL2, sensoryL2] -> centralL3 -> [ascendingL3, sensoryL3]",central,2,sensory,2,ascending,3,sensory,3
225978,mixed,FWD->LAT,FWD,LAT,2,0,2,9435,10,2.072,7923,0.84,central,3,2,2,"[ascendingL2, centralL2] -> centralL3 -> [ascendingL3, sensoryL3]",ascending,2,central,2,ascending,3,sensory,3
220137,mixed,FWD->LAT,FWD,LAT,2,0,2,9435,17,3.233,11053,1.171,central,3,2,2,"[centralL2, sensoryL2] -> centralL3 -> [descendingL3, sensoryL3]",central,2,sensory,2,descending,3,sensory,3
176578,mixed,FWD->LAT,FWD,LAT,2,0,2,9435,12,2.825,7579,0.803,central,3,2,2,"[ascendingL2, centralL2] -> centralL3 -> [descendingL3, sensoryL3]",ascending,2,central,2,descending,3,sensory,3
52210,mixed,FWD->LAT,FWD,LAT,2,0,2,9435,13,2.094,5214,0.553,central,3,2,2,"[ascendingL2, sensoryL2] -> centralL3 -> [ascendingL3, descendingL3]",ascending,2,sensory,2,ascending,3,descending,3
34654,mixed,FWD->LAT,FWD,LAT,2,0,2,9435,17,2.447,10111,1.072,central,3,2,2,"[centralL2, sensoryL2] -> centralL3 -> [ascendingL3, descendingL3]",central,2,sensory,2,ascending,3,descending,3
33857,mixed,FWD->LAT,FWD,LAT,2,0,2,9435,30,2.985,6637,0.703,central,3,2,2,"[ascendingL2, centralL2] -> centralL3 -> [ascendingL3, descendingL3]",ascending,2,central,2,ascending,3,descending,3
9570,mixed,FWD->LAT,FWD,LAT,2,0,2,9435,22,4.979,9310,0.987,central,3,2,2,"[centralL2, visual_projectionL2] -> centralL3 -> [visual_centrifugalL3, visual_projectionL3]",central,2,visual_projection,2,visual_centrifugal,3,visual_projection,3
12271,mixed,FWD->BWD,FWD,BWD,2,2,0,9435,91,15.508,7380,0.782,central,3,2,2,"[ascendingL2, visual_projectionL2] -> centralL3 -> [centralL2, visual_centrifugalL2]",ascending,2,visual_projection,2,central,2,visual_centrifugal,2
10723,mixed,FWD->BWD,FWD,BWD,2,2,0,9435,22,3.276,10088,1.069,central,3,2,2,"[ascendingL2, sensoryL2] -> centralL3 -> [centralL2, descendingL2]",ascending,2,sensory,2,central,2,descending,2
5413,mixed,FWD->BWD,FWD,BWD,2,2,0,9435,5,1.669,10088,1.069,central,3,2,2,"[ascendingL2, centralL2] -> centralL3 -> [descendingL2, sensoryL2]",ascending,2,central,2,descending,2,sensory,2
3324,mixed,FWD->BWD,FWD,BWD,2,2,0,9435,17,3.891,6370,0.675,central,3,2,2,"[ascendingL2, descendingL2] -> centralL3 -> [centralL2, visual_centrifugalL2]",ascending,2,descending,2,central,2,visual_centrifugal,2
2992,mixed,FWD->BWD,FWD,BWD,2,2,0,9435,2,1.158,10347,1.097,central,3,2,2,"[ascendingL2, visual_centrifugalL2] -> centralL3 -> [centralL2, sensoryL2]",ascending,2,visual_centrifugal,2,central,2,sensory,2
2812,mixed,FWD->BWD,FWD,BWD,2,2,0,9435,1,1.0,10088,1.069,central,3,2,2,"[ascendingL2, descendingL2] -> centralL3 -> [centralL2, sensoryL2]",ascending,2,descending,2,central,2,sensory,2
2546,mixed,FWD->BWD,FWD,BWD,2,2,0,9435,23,7.316,7380,0.782,central,3,2,2,"[ascendingL2, centralL2] -> centralL3 -> [visual_centrifugalL2, visual_projectionL2]",ascending,2,central,2,visual_centrifugal,2,visual_projection,2
2216,mixed,FWD->BWD,FWD,BWD,2,2,0,9435,16,6.972,6877,0.729,central,3,2,2,"[centralL2, visual_projectionL2] -> centralL3 -> [descendingL2, visual_centrifugalL2]",central,2,visual_projection,2,descending,2,visual_centrifugal,2
1629,mixed,FWD->BWD,FWD,BWD,2,2,0,9435,6,3.016,42409,4.495,central,3,2,2,"[opticL2, visual_projectionL2] -> centralL3 -> [centralL2, visual_centrifugalL2]",optic,2,visual_projection,2,central,2,visual_centrifugal,2
1226,mixed,FWD->BWD,FWD,BWD,2,2,0,9435,9,2.79,10088,1.069,central,3,2,2,"[centralL2, sensoryL2] -> centralL3 -> [ascendingL2, descendingL2]",central,2,sensory,2,ascending,2,descending,2
515424,mixed,LAT->BWD,LAT,BWD,0,2,2,9435,6,1.997,6500,0.689,central,3,2,2,"[ascendingL3, sensoryL3] -> centralL3 -> [ascendingL2, sensoryL2]",ascending,3,sensory,3,ascending,2,sensory,2
326336,mixed,LAT->BWD,LAT,BWD,0,2,2,9435,13,2.185,11397,1.208,central,3,2,2,"[ascendingL3, sensoryL3] -> centralL3 -> [centralL2, sensoryL2]",ascending,3,sensory,3,central,2,sensory,2
191726,mixed,LAT->BWD,LAT,BWD,0,2,2,9435,14,2.111,7923,0.84,central,3,2,2,"[ascendingL3, sensoryL3] -> centralL3 -> [ascendingL2, centralL2]",ascending,3,sensory,3,ascending,2,central,2
83060,mixed,LAT->BWD,LAT,BWD,0,2,2,9435,6,1.984,6156,0.652,central,3,2,2,"[descendingL3, sensoryL3] -> centralL3 -> [ascendingL2, sensoryL2]",descending,3,sensory,3,ascending,2,sensory,2
66391,mixed,LAT->BWD,LAT,BWD,0,2,2,9435,10,3.386,11053,1.171,central,3,2,2,"[descendingL3, sensoryL3] -> centralL3 -> [centralL2, sensoryL2]",descending,3,sensory,3,central,2,sensory,2
50222,mixed,LAT->BWD,LAT,BWD,0,2,2,9435,5,2.002,5214,0.553,central,3,2,2,"[ascendingL3, descendingL3] -> centralL3 -> [ascendingL2, sensoryL2]",ascending,3,descending,3,ascending,2,sensory,2
43418,mixed,LAT->BWD,LAT,BWD,0,2,2,9435,52,1.941,8965,0.95,central,3,2,2,"[ascendingL3, visual_projectionL3] -> centralL3 -> [centralL2, visual_centrifugalL2]",ascending,3,visual_projection,3,central,2,visual_centrifugal,2
41683,mixed,LAT->BWD,LAT,BWD,0,2,2,9435,20,2.662,8559,0.907,central,3,2,2,"[visual_centrifugalL3, visual_projectionL3] -> centralL3 -> [centralL2, visual_centrifugalL2]",visual_centrifugal,3,visual_projection,3,central,2,visual_centrifugal,2
32318,mixed,LAT->BWD,LAT,BWD,0,2,2,9435,6,2.168,10111,1.072,central,3,2,2,"[ascendingL3, descendingL3] -> centralL3 -> [centralL2, sensoryL2]",ascending,3,descending,3,central,2,sensory,2
31633,mixed,LAT->BWD,LAT,BWD,0,2,2,9435,12,2.218,7579,0.803,central,3,2,2,"[descendingL3, sensoryL3] -> centralL3 -> [ascendingL2, centralL2]",descending,3,sensory,3,ascending,2,central,2
63420,mixed,LAT->mix,LAT,mix,0,1,3,9435,8,2.03,6088,0.645,central,3,2,2,"[ascendingL3, sensoryL3] -> centralL3 -> [descendingL3, sensoryL2]",ascending,3,sensory,3,descending,3,sensory,2
53322,mixed,LAT->mix,LAT,mix,0,1,3,9435,37,5.529,7511,0.796,central,3,2,2,"[ascendingL3, sensoryL3] -> centralL3 -> [centralL2, descendingL3]",ascending,3,sensory,3,central,2,descending,3
50334,mixed,LAT->mix,LAT,mix,0,1,3,9435,7,2.072,6088,0.645,central,3,2,2,"[ascendingL3, descendingL3] -> centralL3 -> [sensoryL2, sensoryL3]",ascending,3,descending,3,sensory,2,sensory,3
38680,mixed,LAT->mix,LAT,mix,0,1,3,9435,9,2.099,2614,0.277,central,3,2,2,"[ascendingL3, sensoryL3] -> centralL3 -> [ascendingL2, descendingL3]",ascending,3,sensory,3,ascending,2,descending,3
29492,mixed,LAT->mix,LAT,mix,0,1,3,9435,5,2.005,2614,0.277,central,3,2,2,"[ascendingL3, descendingL3] -> centralL3 -> [ascendingL2, sensoryL3]",ascending,3,descending,3,ascending,2,sensory,3
21695,mixed,LAT->mix,LAT,mix,0,1,3,9435,6,2.712,7511,0.796,central,3,2,2,"[ascendingL3, descendingL3] -> centralL3 -> [centralL2, sensoryL3]",ascending,3,descending,3,central,2,sensory,3
20919,mixed,LAT->mix,LAT,mix,0,1,3,9435,12,1.039,3594,0.381,central,3,2,2,"[ascendingL3, visual_projectionL3] -> centralL3 -> [visual_centrifugalL2, visual_centrifugalL3]",ascending,3,visual_projection,3,visual_centrifugal,2,visual_centrifugal,3
14924,mixed,LAT->mix,LAT,mix,0,1,3,9435,2,2.0,6088,0.645,central,3,2,2,"[descendingL3, sensoryL3] -> centralL3 -> [ascendingL3, sensoryL2]",descending,3,sensory,3,ascending,3,sensory,2
9337,mixed,LAT->mix,LAT,mix,0,1,3,9435,18,1.818,8735,0.926,central,3,2,2,"[ascendingL3, visual_projectionL3] -> centralL3 -> [centralL2, visual_centrifugalL3]",ascending,3,visual_projection,3,central,2,visual_centrifugal,3
8972,mixed,LAT->mix,LAT,mix,0,1,3,9435,6,2.021,2614,0.277,central,3,2,2,"[descendingL3, sensoryL3] -> centralL3 -> [ascendingL2, ascendingL3]",descending,3,sensory,3,ascending,2,ascending,3
369,pure_LAT,LAT->LAT,LAT,LAT,0,0,4,9435,2,1.908,2140,0.227,central,3,2,2,"[ascendingL3, sensoryL3] -> centralL3 -> [descendingL3, visual_centrifugalL3]",ascending,3,sensory,3,descending,3,visual_centrifugal,3
344,pure_LAT,LAT->LAT,LAT,LAT,0,0,4,9435,2,1.048,3374,0.358,central,3,2,2,"[ascendingL3, descendingL3] -> centralL3 -> [endocrineL3, visual_projectionL3]",ascending,3,descending,3,endocrine,3,visual_projection,3
267,pure_LAT,LAT->LAT,LAT,LAT,0,0,4,9435,6,3.041,3426,0.363,central,3,2,2,"[ascendingL3, descendingL3] -> centralL3 -> [visual_centrifugalL3, visual_projectionL3]",ascending,3,descending,3,visual_centrifugal,3,visual_projection,3
93,pure_LAT,LAT->LAT,LAT,LAT,0,0,4,9435,3,2.633,3426,0.363,central,3,2,2,"[ascendingL3, visual_projectionL3] -> centralL3 -> [descendingL3, visual_centrifugalL3]",ascending,3,visual_projection,3,descending,3,visual_centrifugal,3
18,pure_LAT,LAT->LAT,LAT,LAT,0,0,4,9435,1,1.0,3426,0.363,central,3,2,2,"[ascendingL3, visual_centrifugalL3] -> centralL3 -> [descendingL3, visual_projectionL3]",ascending,3,visual_centrifugal,3,descending,3,visual_projection,3
16,pure_LAT,LAT->LAT,LAT,LAT,0,0,4,9435,2,1.882,32883,3.485,central,3,2,2,"[opticL3, visual_projectionL3] -> centralL3 -> [descendingL3, visual_centrifugalL3]",optic,3,visual_projection,3,descending,3,visual_centrifugal,3
48,mixed,mix->mix,mix,mix,1,1,2,2,1,1.0,1446,723.0,descending,1,2,2,"[ascendingL2, centralL1] -> descendingL1 -> [visual_centrifugalL1, visual_centrifugalL2]",ascending,2,central,1,visual_centrifugal,1,visual_centrifugal,2
48,mixed,mix->mix,mix,mix,1,1,2,2,1,1.0,6587,3293.5,descending,1,2,2,"[ascendingL2, centralL1] -> descendingL1 -> [centralL2, visual_centrifugalL1]",ascending,2,central,1,central,2,visual_centrifugal,1
32,mixed,mix->mix,mix,mix,1,1,2,2,1,1.0,6695,3347.5,descending,1,2,2,"[ascendingL1, ascendingL2] -> descendingL1 -> [centralL1, centralL2]",ascending,1,ascending,2,central,1,central,2
32,mixed,mix->mix,mix,mix,1,1,2,2,1,1.0,1554,777.0,descending,1,2,2,"[ascendingL1, ascendingL2] -> descendingL1 -> [centralL1, visual_centrifugalL2]",ascending,1,ascending,2,central,1,visual_centrifugal,2
32,mixed,mix->mix,mix,mix,1,1,2,2,1,1.0,6205,3102.5,descending,1,2,2,"[ascendingL1, ascendingL2] -> descendingL1 -> [centralL2, visual_centrifugalL1]",ascending,1,ascending,2,central,2,visual_centrifugal,1
32,mixed,mix->mix,mix,mix,1,1,2,2,1,1.0,1064,532.0,descending,1,2,2,"[ascendingL1, ascendingL2] -> descendingL1 -> [visual_centrifugalL1, visual_centrifugalL2]",ascending,1,ascending,2,visual_centrifugal,1,visual_centrifugal,2
18,mixed,mix->mix,mix,mix,1,1,2,2,1,1.0,6343,3171.5,descending,1,2,2,"[centralL1, centralL2] -> descendingL1 -> [visual_centrifugalL1, visual_centrifugalL2]",central,1,central,2,visual_centrifugal,1,visual_centrifugal,2
12,mixed,mix->mix,mix,mix,1,1,2,2,1,1.0,6451,3225.5,descending,1,2,2,"[ascendingL1, centralL2] -> descendingL1 -> [centralL1, visual_centrifugalL2]",ascending,1,central,2,central,1,visual_centrifugal,2
12,mixed,mix->mix,mix,mix,1,1,2,2,1,1.0,5961,2980.5,descending,1,2,2,"[ascendingL1, centralL2] -> descendingL1 -> [visual_centrifugalL1, visual_centrifugalL2]",ascending,1,central,2,visual_centrifugal,1,visual_centrifugal,2
64,mixed,mix->LAT,mix,LAT,0,1,3,2,1,1.0,1288,644.0,descending,1,2,2,"[ascendingL1, ascendingL2] -> descendingL1 -> [centralL1, visual_centrifugalL1]",ascending,1,ascending,2,central,1,visual_centrifugal,1
24,mixed,mix->LAT,mix,LAT,0,1,3,2,1,1.0,6185,3092.5,descending,1,2,2,"[ascendingL1, centralL2] -> descendingL1 -> [centralL1, visual_centrifugalL1]",ascending,1,central,2,central,1,visual_centrifugal,1
24,mixed,mix->FWD,mix,FWD,2,1,1,2,1,1.0,6853,3426.5,descending,1,2,2,"[ascendingL2, centralL1] -> descendingL1 -> [centralL2, visual_centrifugalL2]",ascending,2,central,1,central,2,visual_centrifugal,2
16,mixed,mix->FWD,mix,FWD,2,1,1,2,1,1.0,6471,3235.5,descending,1,2,2,"[ascendingL1, ascendingL2] -> descendingL1 -> [centralL2, visual_centrifugalL2]",ascending,1,ascending,2,central,2,visual_centrifugal,2
12,mixed,LAT->mix,LAT,mix,1,0,3,2,1,1.0,6185,3092.5,descending,1,2,2,"[ascendingL1, centralL1] -> descendingL1 -> [centralL2, visual_centrifugalL1]",ascending,1,central,1,central,2,visual_centrifugal,1
12,mixed,LAT->mix,LAT,mix,1,0,3,2,1,1.0,1044,522.0,descending,1,2,2,"[ascendingL1, centralL1] -> descendingL1 -> [visual_centrifugalL1, visual_centrifugalL2]",ascending,1,central,1,visual_centrifugal,1,visual_centrifugal,2
102,mixed,BWD->LAT,BWD,LAT,0,2,2,2,2,1.125,6587,3293.5,descending,1,2,2,"[ascendingL2, centralL2] -> descendingL1 -> [centralL1, visual_centrifugalL1]",ascending,2,central,2,central,1,visual_centrifugal,1
32,mixed,BWD->LAT,BWD,LAT,0,2,2,2,1,1.0,2197,1098.5,descending,1,2,2,"[ascendingL2, visual_projectionL2] -> descendingL1 -> [centralL1, visual_centrifugalL1]",ascending,2,visual_projection,2,central,1,visual_centrifugal,1
12,mixed,BWD->LAT,BWD,LAT,0,2,2,2,1,1.0,7094,3547.0,descending,1,2,2,"[centralL2, visual_projectionL2] -> descendingL1 -> [centralL1, visual_centrifugalL1]",central,2,visual_projection,2,central,1,visual_centrifugal,1
54,mixed,BWD->mix,BWD,mix,1,2,1,2,2,1.246,6853,3426.5,descending,1,2,2,"[ascendingL2, centralL2] -> descendingL1 -> [centralL1, visual_centrifugalL2]",ascending,2,central,2,central,1,visual_centrifugal,2
50,mixed,BWD->mix,BWD,mix,1,2,1,2,2,1.083,6363,3181.5,descending,1,2,2,"[ascendingL2, centralL2] -> descendingL1 -> [visual_centrifugalL1, visual_centrifugalL2]",ascending,2,central,2,visual_centrifugal,1,visual_centrifugal,2
16,mixed,BWD->mix,BWD,mix,1,2,1,2,1,1.0,7604,3802.0,descending,1,2,2,"[ascendingL2, visual_projectionL2] -> descendingL1 -> [centralL1, centralL2]",ascending,2,visual_projection,2,central,1,central,2
16,mixed,BWD->mix,BWD,mix,1,2,1,2,1,1.0,2463,1231.5,descending,1,2,2,"[ascendingL2, visual_projectionL2] -> descendingL1 -> [centralL1, visual_centrifugalL2]",ascending,2,visual_projection,2,central,1,visual_centrifugal,2
16,mixed,BWD->mix,BWD,mix,1,2,1,2,1,1.0,7114,3557.0,descending,1,2,2,"[ascendingL2, visual_projectionL2] -> descendingL1 -> [centralL2, visual_centrifugalL1]",ascending,2,visual_projection,2,central,2,visual_centrifugal,1
16,mixed,BWD->mix,BWD,mix,1,2,1,2,1,1.0,1973,986.5,descending,1,2,2,"[ascendingL2, visual_projectionL2] -> descendingL1 -> [visual_centrifugalL1, visual_centrifugalL2]",ascending,2,visual_projection,2,visual_centrifugal,1,visual_centrifugal,2
20282,mixed,mix->mix,mix,mix,1,1,2,52,6,2.443,15585,299.712,descending,2,2,2,"[ascendingL2, centralL3] -> descendingL2 -> [centralL2, descendingL3]",ascending,2,central,3,central,2,descending,3
13401,mixed,mix->mix,mix,mix,1,1,2,52,8,2.109,20345,391.25,descending,2,2,2,"[sensoryL2, sensoryL3] -> descendingL2 -> [centralL2, centralL3]",sensory,2,sensory,3,central,2,central,3
12886,mixed,mix->mix,mix,mix,2,0,2,52,10,1.41,15977,307.25,descending,2,2,2,"[ascendingL2, centralL1] -> descendingL2 -> [centralL2, centralL3]",ascending,2,central,1,central,2,central,3
12736,mixed,mix->mix,mix,mix,2,1,1,52,8,1.734,15565,299.327,descending,2,2,2,"[centralL1, centralL3] -> descendingL2 -> [centralL2, descendingL3]",central,1,central,3,central,2,descending,3
12166,mixed,mix->mix,mix,mix,1,1,2,52,6,2.807,15929,306.327,descending,2,2,2,"[ascendingL2, ascendingL3] -> descendingL2 -> [centralL2, centralL3]",ascending,2,ascending,3,central,2,central,3
10788,mixed,mix->mix,mix,mix,1,1,2,52,3,2.597,15341,295.019,descending,2,2,2,"[centralL2, centralL3] -> descendingL2 -> [descendingL3, visual_centrifugalL2]",central,2,central,3,descending,3,visual_centrifugal,2
10730,mixed,mix->mix,mix,mix,0,2,2,52,8,2.245,15977,307.25,descending,2,2,2,"[ascendingL2, centralL3] -> descendingL2 -> [centralL1, centralL2]",ascending,2,central,3,central,1,central,2
9612,mixed,mix->mix,mix,mix,0,2,2,52,5,3.131,15487,297.827,descending,2,2,2,"[ascendingL2, centralL3] -> descendingL2 -> [centralL2, visual_centrifugalL1]",ascending,2,central,3,central,2,visual_centrifugal,1
9222,mixed,mix->mix,mix,mix,1,1,2,52,6,2.987,15585,299.712,descending,2,2,2,"[ascendingL2, descendingL3] -> descendingL2 -> [centralL2, centralL3]",ascending,2,descending,3,central,2,central,3
7490,mixed,mix->mix,mix,mix,2,0,2,52,4,1.472,15733,302.558,descending,2,2,2,"[centralL1, centralL2] -> descendingL2 -> [centralL3, visual_centrifugalL2]",central,1,central,2,central,3,visual_centrifugal,2
8460,mixed,mix->FWD,mix,FWD,3,0,1,52,8,1.878,15565,299.327,descending,2,2,2,"[centralL1, centralL2] -> descendingL2 -> [centralL3, descendingL3]",central,1,central,2,central,3,descending,3
7741,mixed,mix->FWD,mix,FWD,2,1,1,52,5,2.908,16459,316.519,descending,2,2,2,"[centralL2, sensoryL3] -> descendingL2 -> [centralL3, descendingL3]",central,2,sensory,3,central,3,descending,3
3618,mixed,mix->FWD,mix,FWD,3,0,1,52,4,1.095,15909,305.942,descending,2,2,2,"[centralL1, centralL2] -> descendingL2 -> [ascendingL3, centralL3]",central,1,central,2,ascending,3,central,3
3430,mixed,mix->FWD,mix,FWD,3,0,1,52,6,1.278,10668,205.154,descending,2,2,2,"[ascendingL2, centralL1] -> descendingL2 -> [centralL3, descendingL3]",ascending,2,central,1,central,3,descending,3
3376,mixed,mix->FWD,mix,FWD,2,1,1,52,4,1.24,15517,298.404,descending,2,2,2,"[centralL2, centralL3] -> descendingL2 -> [ascendingL3, descendingL3]",central,2,central,3,ascending,3,descending,3
3282,mixed,mix->FWD,mix,FWD,2,1,1,52,5,2.52,15517,298.404,descending,2,2,2,"[ascendingL3, centralL2] -> descendingL2 -> [centralL3, descendingL3]",ascending,3,central,2,central,3,descending,3
2991,mixed,mix->FWD,mix,FWD,2,1,1,52,3,1.469,15380,295.769,descending,2,2,2,"[sensoryL2, sensoryL3] -> descendingL2 -> [ascendingL3, centralL3]",sensory,2,sensory,3,ascending,3,central,3
2592,mixed,mix->FWD,mix,FWD,3,0,1,52,1,1.0,18137,348.788,descending,2,2,2,"[centralL1, centralL2] -> descendingL2 -> [centralL3, visual_projectionL3]",central,1,central,2,central,3,visual_projection,3
2580,mixed,mix->FWD,mix,FWD,2,1,1,52,2,1.707,15111,290.596,descending,2,2,2,"[centralL2, centralL3] -> descendingL2 -> [descendingL3, visual_centrifugalL3]",central,2,central,3,descending,3,visual_centrifugal,3
2268,mixed,mix->FWD,mix,FWD,2,1,1,52,1,1.0,17745,341.25,descending,2,2,2,"[centralL2, centralL3] -> descendingL2 -> [descendingL3, visual_projectionL3]",central,2,central,3,descending,3,visual_projection,3
2802,mixed,mix->BWD,mix,BWD,0,3,1,52,4,3.255,15467,297.442,descending,2,2,2,"[centralL2, centralL3] -> descendingL2 -> [centralL1, visual_centrifugalL1]",central,2,central,3,central,1,visual_centrifugal,1
2160,mixed,mix->BWD,mix,BWD,0,3,1,52,1,1.0,15503,298.135,descending,2,2,2,"[centralL2, centralL3] -> descendingL2 -> [centralL1, visual_projectionL1]",central,2,central,3,central,1,visual_projection,1
1416,mixed,mix->BWD,mix,BWD,0,3,1,52,4,3.189,10570,203.269,descending,2,2,2,"[ascendingL2, centralL3] -> descendingL2 -> [centralL1, visual_centrifugalL1]",ascending,2,central,3,central,1,visual_centrifugal,1
1080,mixed,mix->BWD,mix,BWD,0,3,1,52,1,1.0,10606,203.962,descending,2,2,2,"[ascendingL2, centralL3] -> descendingL2 -> [centralL1, visual_projectionL1]",ascending,2,central,3,central,1,visual_projection,1
864,mixed,mix->BWD,mix,BWD,0,3,1,52,1,1.0,15013,288.712,descending,2,2,2,"[centralL2, centralL3] -> descendingL2 -> [visual_centrifugalL1, visual_projectionL1]",central,2,central,3,visual_centrifugal,1,visual_projection,1
726,mixed,mix->BWD,mix,BWD,0,3,1,52,3,1.149,1622,31.192,descending,2,2,2,"[ascendingL2, ascendingL3] -> descendingL2 -> [centralL1, visual_centrifugalL1]",ascending,2,ascending,3,central,1,visual_centrifugal,1
638,mixed,mix->BWD,mix,BWD,1,2,1,52,2,1.045,1288,24.769,descending,2,2,2,"[ascendingL1, ascendingL2] -> descendingL2 -> [centralL1, visual_centrifugalL1]",ascending,1,ascending,2,central,1,visual_centrifugal,1
540,mixed,mix->BWD,mix,BWD,0,3,1,52,1,1.0,15575,299.519,descending,2,2,2,"[centralL2, centralL3] -> descendingL2 -> [ascendingL1, centralL1]",central,2,central,3,ascending,1,central,1
468,mixed,mix->BWD,mix,BWD,0,3,1,52,3,2.203,6519,125.365,descending,2,2,2,"[ascendingL3, centralL2] -> descendingL2 -> [centralL1, visual_centrifugalL1]",ascending,3,central,2,central,1,visual_centrifugal,1
432,mixed,mix->BWD,mix,BWD,0,3,1,52,1,1.0,10116,194.538,descending,2,2,2,"[ascendingL2, centralL3] -> descendingL2 -> [visual_centrifugalL1, visual_projectionL1]",ascending,2,central,3,visual_centrifugal,1,visual_projection,1
14496,mixed,mix->LAT,mix,LAT,0,1,3,52,4,2.118,15753,302.942,descending,2,2,2,"[ascendingL2, centralL3] -> descendingL2 -> [centralL2, visual_centrifugalL2]",ascending,2,central,3,central,2,visual_centrifugal,2
11949,mixed,mix->LAT,mix,LAT,1,1,2,52,4,1.518,15733,302.558,descending,2,2,2,"[centralL1, centralL3] -> descendingL2 -> [centralL2, visual_centrifugalL2]",central,1,central,3,central,2,visual_centrifugal,2
5596,mixed,mix->LAT,mix,LAT,1,1,2,52,3,1.073,15977,307.25,descending,2,2,2,"[centralL1, centralL3] -> descendingL2 -> [ascendingL2, centralL2]",central,1,central,3,ascending,2,central,2
4752,mixed,mix->LAT,mix,LAT,0,1,3,52,2,1.337,16504,317.385,descending,2,2,2,"[ascendingL2, centralL3] -> descendingL2 -> [centralL2, visual_projectionL2]",ascending,2,central,3,central,2,visual_projection,2
4077,mixed,mix->LAT,mix,LAT,1,1,2,52,2,1.013,16484,317.0,descending,2,2,2,"[centralL1, centralL3] -> descendingL2 -> [centralL2, visual_projectionL2]",central,1,central,3,central,2,visual_projection,2
3150,mixed,mix->LAT,mix,LAT,1,1,2,52,1,1.0,15279,293.827,descending,2,2,2,"[centralL3, visual_projectionL1] -> descendingL2 -> [centralL2, visual_centrifugalL2]",central,3,visual_projection,1,central,2,visual_centrifugal,2
3024,mixed,mix->LAT,mix,LAT,0,1,3,52,1,1.0,15753,302.942,descending,2,2,2,"[centralL2, centralL3] -> descendingL2 -> [ascendingL2, visual_centrifugalL2]",central,2,central,3,ascending,2,visual_centrifugal,2
2472,mixed,mix->LAT,mix,LAT,0,1,3,52,2,1.283,19227,369.75,descending,2,2,2,"[centralL3, sensoryL2] -> descendingL2 -> [centralL2, visual_centrifugalL2]",central,3,sensory,2,central,2,visual_centrifugal,2
2367,mixed,mix->LAT,mix,LAT,0,1,3,52,2,1.087,16260,312.692,descending,2,2,2,"[centralL2, centralL3] -> descendingL2 -> [visual_centrifugalL2, visual_projectionL2]",central,2,central,3,visual_centrifugal,2,visual_projection,2
1984,mixed,mix->LAT,mix,LAT,1,0,3,52,4,1.542,6853,131.788,descending,2,2,2,"[ascendingL2, centralL1] -> descendingL2 -> [centralL2, visual_centrifugalL2]",ascending,2,central,1,central,2,visual_centrifugal,2
3700,mixed,FWD->mix,FWD,mix,3,0,1,52,3,1.056,15503,298.135,descending,2,2,2,"[centralL1, visual_projectionL1] -> descendingL2 -> [centralL2, centralL3]",central,1,visual_projection,1,central,2,central,3
1008,mixed,FWD->mix,FWD,mix,3,0,1,52,1,1.0,10362,199.269,descending,2,2,2,"[centralL1, visual_projectionL1] -> descendingL2 -> [centralL3, visual_centrifugalL2]",central,1,visual_projection,1,central,3,visual_centrifugal,2
576,mixed,FWD->mix,FWD,mix,3,0,1,52,1,1.0,10606,203.962,descending,2,2,2,"[centralL1, visual_projectionL1] -> descendingL2 -> [ascendingL2, centralL3]",central,1,visual_projection,1,ascending,2,central,3
549,mixed,FWD->mix,FWD,mix,3,0,1,52,2,1.091,6211,119.442,descending,2,2,2,"[centralL1, visual_projectionL1] -> descendingL2 -> [centralL2, descendingL3]",central,1,visual_projection,1,central,2,descending,3
432,mixed,FWD->mix,FWD,mix,3,0,1,52,1,1.0,11113,213.712,descending,2,2,2,"[centralL1, visual_projectionL1] -> descendingL2 -> [centralL3, visual_projectionL2]",central,1,visual_projection,1,central,3,visual_projection,2
412,mixed,FWD->mix,FWD,mix,3,0,1,52,7,2.867,15575,299.519,descending,2,2,2,"[ascendingL1, centralL1] -> descendingL2 -> [centralL2, centralL3]",ascending,1,central,1,central,2,central,3
300,mixed,FWD->mix,FWD,mix,3,0,1,52,1,1.0,6555,126.058,descending,2,2,2,"[centralL1, visual_projectionL1] -> descendingL2 -> [ascendingL3, centralL2]",central,1,visual_projection,1,ascending,3,central,2
296,mixed,FWD->mix,FWD,mix,3,1,0,52,2,1.056,10096,194.154,descending,2,2,2,"[centralL1, visual_projectionL1] -> descendingL2 -> [centralL3, visual_centrifugalL1]",central,1,visual_projection,1,central,3,visual_centrifugal,1
225,mixed,FWD->mix,FWD,mix,3,0,1,52,1,1.0,8783,168.904,descending,2,2,2,"[centralL1, visual_projectionL1] -> descendingL2 -> [centralL2, visual_projectionL3]",central,1,visual_projection,1,central,2,visual_projection,3
192,mixed,FWD->mix,FWD,mix,3,1,0,52,3,1.674,10168,195.538,descending,2,2,2,"[ascendingL1, centralL1] -> descendingL2 -> [centralL3, visual_centrifugalL1]",ascending,1,central,1,central,3,visual_centrifugal,1
1024,pure_FWD,FWD->FWD,FWD,FWD,4,0,0,52,2,1.032,10194,196.038,descending,2,2,2,"[centralL1, visual_projectionL1] -> descendingL2 -> [centralL3, descendingL3]",central,1,visual_projection,1,central,3,descending,3
576,pure_FWD,FWD->FWD,FWD,FWD,4,0,0,52,1,1.0,10538,202.654,descending,2,2,2,"[centralL1, visual_projectionL1] -> descendingL2 -> [ascendingL3, centralL3]",central,1,visual_projection,1,ascending,3,central,3
432,pure_FWD,FWD->FWD,FWD,FWD,4,0,0,52,1,1.0,12766,245.5,descending,2,2,2,"[centralL1, visual_projectionL1] -> descendingL2 -> [centralL3, visual_projectionL3]",central,1,visual_projection,1,central,3,visual_projection,3
144,pure_FWD,FWD->FWD,FWD,FWD,4,0,0,52,1,1.0,10132,194.846,descending,2,2,2,"[centralL1, visual_projectionL1] -> descendingL2 -> [centralL3, visual_centrifugalL3]",central,1,visual_projection,1,central,3,visual_centrifugal,3
84,pure_FWD,FWD->FWD,FWD,FWD,4,0,0,52,2,1.324,10610,204.038,descending,2,2,2,"[ascendingL1, centralL1] -> descendingL2 -> [ascendingL3, centralL3]",ascending,1,central,1,ascending,3,central,3
84,pure_FWD,FWD->FWD,FWD,FWD,4,0,0,52,1,1.0,1246,23.962,descending,2,2,2,"[centralL1, visual_projectionL1] -> descendingL2 -> [ascendingL3, descendingL3]",central,1,visual_projection,1,ascending,3,descending,3
63,pure_FWD,FWD->FWD,FWD,FWD,4,0,0,52,1,1.0,3474,66.808,descending,2,2,2,"[centralL1, visual_projectionL1] -> descendingL2 -> [descendingL3, visual_projectionL3]",central,1,visual_projection,1,descending,3,visual_projection,3
38,pure_FWD,FWD->FWD,FWD,FWD,4,0,0,52,3,1.383,10266,197.423,descending,2,2,2,"[ascendingL1, centralL1] -> descendingL2 -> [centralL3, descendingL3]",ascending,1,central,1,central,3,descending,3
36,pure_FWD,FWD->FWD,FWD,FWD,4,0,0,52,1,1.0,3818,73.423,descending,2,2,2,"[centralL1, visual_projectionL1] -> descendingL2 -> [ascendingL3, visual_projectionL3]",central,1,visual_projection,1,ascending,3,visual_projection,3
21,pure_FWD,FWD->FWD,FWD,FWD,4,0,0,52,1,1.0,840,16.154,descending,2,2,2,"[centralL1, visual_projectionL1] -> descendingL2 -> [descendingL3, visual_centrifugalL3]",central,1,visual_projection,1,descending,3,visual_centrifugal,3
525,mixed,FWD->LAT,FWD,LAT,2,0,2,52,1,1.0,6379,122.673,descending,2,2,2,"[centralL1, visual_projectionL1] -> descendingL2 -> [centralL2, visual_centrifugalL2]",central,1,visual_projection,1,central,2,visual_centrifugal,2
300,mixed,FWD->LAT,FWD,LAT,2,0,2,52,1,1.0,6623,127.365,descending,2,2,2,"[centralL1, visual_projectionL1] -> descendingL2 -> [ascendingL2, centralL2]",central,1,visual_projection,1,ascending,2,central,2
225,mixed,FWD->LAT,FWD,LAT,2,0,2,52,1,1.0,7130,137.115,descending,2,2,2,"[centralL1, visual_projectionL1] -> descendingL2 -> [centralL2, visual_projectionL2]",central,1,visual_projection,1,central,2,visual_projection,2
84,mixed,FWD->LAT,FWD,LAT,2,0,2,52,1,1.0,1482,28.5,descending,2,2,2,"[centralL1, visual_projectionL1] -> descendingL2 -> [ascendingL2, visual_centrifugalL2]",central,1,visual_projection,1,ascending,2,visual_centrifugal,2
63,mixed,FWD->LAT,FWD,LAT,2,0,2,52,1,1.0,1989,38.25,descending,2,2,2,"[centralL1, visual_projectionL1] -> descendingL2 -> [visual_centrifugalL2, visual_projectionL2]",central,1,visual_projection,1,visual_centrifugal,2,visual_projection,2
49,mixed,FWD->LAT,FWD,LAT,2,0,2,52,2,1.639,6451,124.058,descending,2,2,2,"[ascendingL1, centralL1] -> descendingL2 -> [centralL2, visual_centrifugalL2]",ascending,1,central,1,central,2,visual_centrifugal,2
36,mixed,FWD->LAT,FWD,LAT,2,0,2,52,1,1.0,7202,138.5,descending,2,2,2,"[ascendingL1, centralL1] -> descendingL2 -> [centralL2, visual_projectionL2]",ascending,1,central,1,central,2,visual_projection,2
36,mixed,FWD->LAT,FWD,LAT,2,0,2,52,1,1.0,2233,42.942,descending,2,2,2,"[centralL1, visual_projectionL1] -> descendingL2 -> [ascendingL2, visual_projectionL2]",central,1,visual_projection,1,ascending,2,visual_projection,2
12,mixed,FWD->LAT,FWD,LAT,2,0,2,52,1,1.0,2061,39.635,descending,2,2,2,"[ascendingL1, centralL1] -> descendingL2 -> [visual_centrifugalL2, visual_projectionL2]",ascending,1,central,1,visual_centrifugal,2,visual_projection,2
10052,mixed,LAT->mix,LAT,mix,1,0,3,52,4,2.397,15753,302.942,descending,2,2,2,"[ascendingL2, centralL2] -> descendingL2 -> [centralL3, visual_centrifugalL2]",ascending,2,central,2,central,3,visual_centrifugal,2
8080,mixed,LAT->mix,LAT,mix,1,1,2,52,5,3.314,15487,297.827,descending,2,2,2,"[ascendingL2, centralL2] -> descendingL2 -> [centralL3, visual_centrifugalL1]",ascending,2,central,2,central,3,visual_centrifugal,1
7686,mixed,LAT->mix,LAT,mix,1,1,2,52,8,2.585,15977,307.25,descending,2,2,2,"[ascendingL2, centralL2] -> descendingL2 -> [centralL1, centralL3]",ascending,2,central,2,central,1,central,3
4308,mixed,LAT->mix,LAT,mix,1,0,3,52,2,1.921,16504,317.385,descending,2,2,2,"[ascendingL2, centralL2] -> descendingL2 -> [centralL3, visual_projectionL2]",ascending,2,central,2,central,3,visual_projection,2
3456,mixed,LAT->mix,LAT,mix,1,1,2,52,1,1.0,15523,298.519,descending,2,2,2,"[ascendingL2, centralL2] -> descendingL2 -> [centralL3, visual_projectionL1]",ascending,2,central,2,central,3,visual_projection,1
1822,mixed,LAT->mix,LAT,mix,1,0,3,52,3,2.705,6461,124.25,descending,2,2,2,"[ascendingL2, centralL2] -> descendingL2 -> [descendingL3, visual_centrifugalL2]",ascending,2,central,2,descending,3,visual_centrifugal,2
1520,mixed,LAT->mix,LAT,mix,1,1,2,52,3,1.867,6195,119.135,descending,2,2,2,"[ascendingL2, centralL2] -> descendingL2 -> [descendingL3, visual_centrifugalL1]",ascending,2,central,2,descending,3,visual_centrifugal,1
1520,mixed,LAT->mix,LAT,mix,1,0,3,52,5,2.686,19471,374.442,descending,2,2,2,"[ascendingL2, sensoryL2] -> descendingL2 -> [centralL2, centralL3]",ascending,2,sensory,2,central,2,central,3
1376,mixed,LAT->mix,LAT,mix,1,0,3,52,2,1.245,19227,369.75,descending,2,2,2,"[centralL2, sensoryL2] -> descendingL2 -> [centralL3, visual_centrifugalL2]",central,2,sensory,2,central,3,visual_centrifugal,2
1362,mixed,LAT->mix,LAT,mix,0,1,3,52,4,3.465,6363,122.365,descending,2,2,2,"[ascendingL2, centralL2] -> descendingL2 -> [visual_centrifugalL1, visual_centrifugalL2]",ascending,2,central,2,visual_centrifugal,1,visual_centrifugal,2
1086,mixed,LAT->BWD,LAT,BWD,0,2,2,52,4,2.711,6587,126.673,descending,2,2,2,"[ascendingL2, centralL2] -> descendingL2 -> [centralL1, visual_centrifugalL1]",ascending,2,central,2,central,1,visual_centrifugal,1
360,mixed,LAT->BWD,LAT,BWD,0,2,2,52,1,1.0,6623,127.365,descending,2,2,2,"[ascendingL2, centralL2] -> descendingL2 -> [centralL1, visual_projectionL1]",ascending,2,central,2,central,1,visual_projection,1
144,mixed,LAT->BWD,LAT,BWD,0,2,2,52,1,1.0,6133,117.942,descending,2,2,2,"[ascendingL2, centralL2] -> descendingL2 -> [visual_centrifugalL1, visual_projectionL1]",ascending,2,central,2,visual_centrifugal,1,visual_projection,1
106,mixed,LAT->BWD,LAT,BWD,0,2,2,52,2,1.852,10061,193.481,descending,2,2,2,"[centralL2, sensoryL2] -> descendingL2 -> [centralL1, visual_centrifugalL1]",central,2,sensory,2,central,1,visual_centrifugal,1
90,mixed,LAT->BWD,LAT,BWD,0,2,2,52,1,1.0,6695,128.75,descending,2,2,2,"[ascendingL2, centralL2] -> descendingL2 -> [ascendingL1, centralL1]",ascending,2,central,2,ascending,1,central,1
72,mixed,LAT->BWD,LAT,BWD,0,2,2,52,1,1.0,6241,120.019,descending,2,2,2,"[ascendingL2, centralL2] -> descendingL2 -> [ascendingL1, visual_projectionL1]",ascending,2,central,2,ascending,1,visual_projection,1
72,mixed,LAT->BWD,LAT,BWD,0,2,2,52,2,1.994,6343,121.981,descending,2,2,2,"[centralL2, visual_centrifugalL2] -> descendingL2 -> [centralL1, visual_centrifugalL1]",central,2,visual_centrifugal,2,central,1,visual_centrifugal,1
52,mixed,LAT->BWD,LAT,BWD,0,2,2,52,1,1.0,2197,42.25,descending,2,2,2,"[ascendingL2, visual_projectionL2] -> descendingL2 -> [centralL1, visual_centrifugalL1]",ascending,2,visual_projection,2,central,1,visual_centrifugal,1
36,mixed,LAT->BWD,LAT,BWD,0,2,2,52,1,1.0,6205,119.327,descending,2,2,2,"[ascendingL2, centralL2] -> descendingL2 -> [ascendingL1, visual_centrifugalL1]",ascending,2,central,2,ascending,1,visual_centrifugal,1
22,mixed,LAT->BWD,LAT,BWD,0,2,2,52,2,1.862,5164,99.308,descending,2,2,2,"[ascendingL2, sensoryL2] -> descendingL2 -> [centralL1, visual_centrifugalL1]",ascending,2,sensory,2,central,1,visual_centrifugal,1
11484,mixed,LAT->FWD,LAT,FWD,2,0,2,52,6,2.373,15585,299.712,descending,2,2,2,"[ascendingL2, centralL2] -> descendingL2 -> [centralL3, descendingL3]",ascending,2,central,2,central,3,descending,3
5460,mixed,LAT->FWD,LAT,FWD,2,0,2,52,3,1.991,15929,306.327,descending,2,2,2,"[ascendingL2, centralL2] -> descendingL2 -> [ascendingL3, centralL3]",ascending,2,central,2,ascending,3,central,3
2592,mixed,LAT->FWD,LAT,FWD,2,0,2,52,1,1.0,18157,349.173,descending,2,2,2,"[ascendingL2, centralL2] -> descendingL2 -> [centralL3, visual_projectionL3]",ascending,2,central,2,central,3,visual_projection,3
2362,mixed,LAT->FWD,LAT,FWD,2,0,2,52,5,3.515,19059,366.519,descending,2,2,2,"[centralL2, sensoryL2] -> descendingL2 -> [centralL3, descendingL3]",central,2,sensory,2,central,3,descending,3
1977,mixed,LAT->FWD,LAT,FWD,2,0,2,52,3,1.66,19403,373.135,descending,2,2,2,"[centralL2, sensoryL2] -> descendingL2 -> [ascendingL3, centralL3]",central,2,sensory,2,ascending,3,central,3
1928,mixed,LAT->FWD,LAT,FWD,2,0,2,52,2,1.979,15523,298.519,descending,2,2,2,"[ascendingL2, centralL2] -> descendingL2 -> [centralL3, visual_centrifugalL3]",ascending,2,central,2,central,3,visual_centrifugal,3
1067,mixed,LAT->FWD,LAT,FWD,2,0,2,52,2,1.962,15341,295.019,descending,2,2,2,"[centralL2, visual_centrifugalL2] -> descendingL2 -> [centralL3, descendingL3]",central,2,visual_centrifugal,2,central,3,descending,3
658,mixed,LAT->FWD,LAT,FWD,2,0,2,52,2,1.449,6231,119.827,descending,2,2,2,"[ascendingL2, centralL2] -> descendingL2 -> [descendingL3, visual_centrifugalL3]",ascending,2,central,2,descending,3,visual_centrifugal,3
576,mixed,LAT->FWD,LAT,FWD,2,0,2,52,2,1.28,6637,127.635,descending,2,2,2,"[ascendingL2, centralL2] -> descendingL2 -> [ascendingL3, descendingL3]",ascending,2,central,2,ascending,3,descending,3
396,mixed,LAT->FWD,LAT,FWD,2,0,2,52,4,2.435,14162,272.346,descending,2,2,2,"[ascendingL2, sensoryL2] -> descendingL2 -> [centralL3, descendingL3]",ascending,2,sensory,2,central,3,descending,3
664,pure_LAT,LAT->LAT,LAT,LAT,0,0,4,52,2,1.962,7380,141.923,descending,2,2,2,"[ascendingL2, centralL2] -> descendingL2 -> [visual_centrifugalL2, visual_projectionL2]",ascending,2,central,2,visual_centrifugal,2,visual_projection,2
331,pure_LAT,LAT->LAT,LAT,LAT,0,0,4,52,2,1.663,10347,198.981,descending,2,2,2,"[ascendingL2, sensoryL2] -> descendingL2 -> [centralL2, visual_centrifugalL2]",ascending,2,sensory,2,central,2,visual_centrifugal,2
136,pure_LAT,LAT->LAT,LAT,LAT,0,0,4,52,1,1.0,10347,198.981,descending,2,2,2,"[ascendingL2, centralL2] -> descendingL2 -> [sensoryL2, visual_centrifugalL2]",ascending,2,central,2,sensory,2,visual_centrifugal,2
78,pure_LAT,LAT->LAT,LAT,LAT,0,0,4,52,1,1.0,7380,141.923,descending,2,2,2,"[ascendingL2, visual_projectionL2] -> descendingL2 -> [centralL2, visual_centrifugalL2]",ascending,2,visual_projection,2,central,2,visual_centrifugal,2
30,pure_LAT,LAT->LAT,LAT,LAT,0,0,4,52,1,1.0,10347,198.981,descending,2,2,2,"[ascendingL2, visual_centrifugalL2] -> descendingL2 -> [centralL2, sensoryL2]",ascending,2,visual_centrifugal,2,central,2,sensory,2
12702,mixed,BWD->mix,BWD,mix,1,2,1,52,5,2.262,16459,316.519,descending,2,2,2,"[centralL3, sensoryL3] -> descendingL2 -> [centralL2, descendingL3]",central,3,sensory,3,central,2,descending,3
6900,mixed,BWD->mix,BWD,mix,0,3,1,52,2,1.982,16361,314.635,descending,2,2,2,"[centralL3, sensoryL3] -> descendingL2 -> [centralL2, visual_centrifugalL1]",central,3,sensory,3,central,2,visual_centrifugal,1
6464,mixed,BWD->mix,BWD,mix,1,2,1,52,2,1.007,17683,340.058,descending,2,2,2,"[visual_centrifugalL3, visual_projectionL3] -> descendingL2 -> [centralL2, centralL3]",visual_centrifugal,3,visual_projection,3,central,2,central,3
6110,mixed,BWD->mix,BWD,mix,1,2,1,52,5,2.201,15517,298.404,descending,2,2,2,"[ascendingL3, centralL3] -> descendingL2 -> [centralL2, descendingL3]",ascending,3,central,3,central,2,descending,3
5559,mixed,BWD->mix,BWD,mix,1,2,1,52,6,3.502,16803,323.135,descending,2,2,2,"[ascendingL3, sensoryL3] -> descendingL2 -> [centralL2, centralL3]",ascending,3,sensory,3,central,2,central,3
5286,mixed,BWD->mix,BWD,mix,0,3,1,52,5,2.381,15075,289.904,descending,2,2,2,"[centralL3, descendingL3] -> descendingL2 -> [centralL2, visual_centrifugalL1]",central,3,descending,3,central,2,visual_centrifugal,1
4580,mixed,BWD->mix,BWD,mix,1,2,1,52,3,2.029,16459,316.519,descending,2,2,2,"[descendingL3, sensoryL3] -> descendingL2 -> [centralL2, centralL3]",descending,3,sensory,3,central,2,central,3
4455,mixed,BWD->mix,BWD,mix,0,3,1,52,5,2.546,15565,299.327,descending,2,2,2,"[centralL3, descendingL3] -> descendingL2 -> [centralL1, centralL2]",central,3,descending,3,central,1,central,2
3864,mixed,BWD->mix,BWD,mix,1,2,1,52,1,1.0,12542,241.192,descending,2,2,2,"[visual_centrifugalL3, visual_projectionL3] -> descendingL2 -> [centralL3, visual_centrifugalL2]",visual_centrifugal,3,visual_projection,3,central,3,visual_centrifugal,2
3771,mixed,BWD->mix,BWD,mix,0,3,1,52,6,2.35,16851,324.058,descending,2,2,2,"[centralL3, sensoryL3] -> descendingL2 -> [centralL1, centralL2]",central,3,sensory,3,central,1,central,2
9120,mixed,BWD->LAT,BWD,LAT,0,2,2,52,2,1.396,16627,319.75,descending,2,2,2,"[centralL3, sensoryL3] -> descendingL2 -> [centralL2, visual_centrifugalL2]",central,3,sensory,3,central,2,visual_centrifugal,2
6951,mixed,BWD->LAT,BWD,LAT,0,2,2,52,4,2.837,15341,295.019,descending,2,2,2,"[centralL3, descendingL3] -> descendingL2 -> [centralL2, visual_centrifugalL2]",central,3,descending,3,central,2,visual_centrifugal,2
3447,mixed,BWD->LAT,BWD,LAT,0,2,2,52,3,2.097,15685,301.635,descending,2,2,2,"[ascendingL3, centralL3] -> descendingL2 -> [centralL2, visual_centrifugalL2]",ascending,3,central,3,central,2,visual_centrifugal,2
2442,mixed,BWD->LAT,BWD,LAT,0,2,2,52,2,1.022,17913,344.481,descending,2,2,2,"[centralL3, visual_projectionL3] -> descendingL2 -> [centralL2, visual_centrifugalL2]",central,3,visual_projection,3,central,2,visual_centrifugal,2
2415,mixed,BWD->LAT,BWD,LAT,0,2,2,52,1,1.0,8559,164.596,descending,2,2,2,"[visual_centrifugalL3, visual_projectionL3] -> descendingL2 -> [centralL2, visual_centrifugalL2]",visual_centrifugal,3,visual_projection,3,central,2,visual_centrifugal,2
1890,mixed,BWD->LAT,BWD,LAT,0,2,2,52,1,1.0,20345,391.25,descending,2,2,2,"[centralL3, sensoryL3] -> descendingL2 -> [centralL2, sensoryL2]",central,3,sensory,3,central,2,sensory,2
1800,mixed,BWD->LAT,BWD,LAT,0,2,2,52,1,1.0,15585,299.712,descending,2,2,2,"[centralL3, descendingL3] -> descendingL2 -> [ascendingL2, centralL2]",central,3,descending,3,ascending,2,central,2
1760,mixed,BWD->LAT,BWD,LAT,0,2,2,52,4,2.178,15929,306.327,descending,2,2,2,"[ascendingL3, centralL3] -> descendingL2 -> [ascendingL2, centralL2]",ascending,3,central,3,ascending,2,central,2
1431,mixed,BWD->LAT,BWD,LAT,0,2,2,52,2,1.12,16092,309.462,descending,2,2,2,"[centralL3, descendingL3] -> descendingL2 -> [centralL2, visual_projectionL2]",central,3,descending,3,central,2,visual_projection,2
1165,mixed,BWD->LAT,BWD,LAT,0,2,2,52,2,1.673,7335,141.058,descending,2,2,2,"[descendingL3, sensoryL3] -> descendingL2 -> [centralL2, visual_centrifugalL2]",descending,3,sensory,3,central,2,visual_centrifugal,2
546,pure_BWD,BWD->BWD,BWD,BWD,0,4,0,52,4,3.039,10158,195.346,descending,2,2,2,"[centralL3, descendingL3] -> descendingL2 -> [centralL1, visual_centrifugalL1]",central,3,descending,3,central,1,visual_centrifugal,1
492,pure_BWD,BWD->BWD,BWD,BWD,0,4,0,52,2,1.999,11444,220.077,descending,2,2,2,"[centralL3, sensoryL3] -> descendingL2 -> [centralL1, visual_centrifugalL1]",central,3,sensory,3,central,1,visual_centrifugal,1
450,pure_BWD,BWD->BWD,BWD,BWD,0,4,0,52,3,2.51,10502,201.962,descending,2,2,2,"[ascendingL3, centralL3] -> descendingL2 -> [centralL1, visual_centrifugalL1]",ascending,3,central,3,central,1,visual_centrifugal,1
360,pure_BWD,BWD->BWD,BWD,BWD,0,4,0,52,1,1.0,10194,196.038,descending,2,2,2,"[centralL3, descendingL3] -> descendingL2 -> [centralL1, visual_projectionL1]",central,3,descending,3,central,1,visual_projection,1
144,pure_BWD,BWD->BWD,BWD,BWD,0,4,0,52,1,1.0,9704,186.615,descending,2,2,2,"[centralL3, descendingL3] -> descendingL2 -> [visual_centrifugalL1, visual_projectionL1]",central,3,descending,3,visual_centrifugal,1,visual_projection,1
116,pure_BWD,BWD->BWD,BWD,BWD,0,4,0,52,3,1.909,1210,23.269,descending,2,2,2,"[ascendingL3, descendingL3] -> descendingL2 -> [centralL1, visual_centrifugalL1]",ascending,3,descending,3,central,1,visual_centrifugal,1
90,pure_BWD,BWD->BWD,BWD,BWD,0,4,0,52,1,1.0,10266,197.423,descending,2,2,2,"[centralL3, descendingL3] -> descendingL2 -> [ascendingL1, centralL1]",central,3,descending,3,ascending,1,central,1
78,pure_BWD,BWD->BWD,BWD,BWD,0,4,0,52,2,1.853,2152,41.385,descending,2,2,2,"[descendingL3, sensoryL3] -> descendingL2 -> [centralL1, visual_centrifugalL1]",descending,3,sensory,3,central,1,visual_centrifugal,1
72,pure_BWD,BWD->BWD,BWD,BWD,0,4,0,52,1,1.0,9812,188.692,descending,2,2,2,"[centralL3, descendingL3] -> descendingL2 -> [ascendingL1, visual_projectionL1]",central,3,descending,3,ascending,1,visual_projection,1
58,pure_BWD,BWD->BWD,BWD,BWD,0,4,0,52,2,1.998,2496,48.0,descending,2,2,2,"[ascendingL3, sensoryL3] -> descendingL2 -> [centralL1, visual_centrifugalL1]",ascending,3,sensory,3,central,1,visual_centrifugal,1
1266,mixed,BWD->FWD,BWD,FWD,2,2,0,52,3,2.969,11494,221.038,descending,2,2,2,"[ascendingL3, sensoryL3] -> descendingL2 -> [centralL3, descendingL3]",ascending,3,sensory,3,central,3,descending,3
480,mixed,BWD->FWD,BWD,FWD,2,2,0,52,1,1.0,11088,213.231,descending,2,2,2,"[centralL3, sensoryL3] -> descendingL2 -> [descendingL3, visual_centrifugalL3]",central,3,sensory,3,descending,3,visual_centrifugal,3
288,mixed,BWD->FWD,BWD,FWD,2,2,0,52,1,1.0,10146,195.115,descending,2,2,2,"[ascendingL3, centralL3] -> descendingL2 -> [descendingL3, visual_centrifugalL3]",ascending,3,central,3,descending,3,visual_centrifugal,3
216,mixed,BWD->FWD,BWD,FWD,2,2,0,52,1,1.0,12780,245.769,descending,2,2,2,"[centralL3, descendingL3] -> descendingL2 -> [ascendingL3, visual_projectionL3]",central,3,descending,3,ascending,3,visual_projection,3
200,mixed,BWD->FWD,BWD,FWD,2,2,0,52,1,1.0,11088,213.231,descending,2,2,2,"[descendingL3, sensoryL3] -> descendingL2 -> [centralL3, visual_centrifugalL3]",descending,3,sensory,3,central,3,visual_centrifugal,3
160,mixed,BWD->FWD,BWD,FWD,2,2,0,52,1,1.0,11088,213.231,descending,2,2,2,"[sensoryL3, visual_centrifugalL3] -> descendingL2 -> [centralL3, descendingL3]",sensory,3,visual_centrifugal,3,central,3,descending,3
144,mixed,BWD->FWD,BWD,FWD,2,2,0,52,1,1.0,11494,221.038,descending,2,2,2,"[centralL3, sensoryL3] -> descendingL2 -> [ascendingL3, descendingL3]",central,3,sensory,3,ascending,3,descending,3
120,mixed,BWD->FWD,BWD,FWD,2,2,0,52,1,1.0,10146,195.115,descending,2,2,2,"[ascendingL3, descendingL3] -> descendingL2 -> [centralL3, visual_centrifugalL3]",ascending,3,descending,3,central,3,visual_centrifugal,3
120,mixed,BWD->FWD,BWD,FWD,2,2,0,52,1,1.0,11432,219.846,descending,2,2,2,"[ascendingL3, sensoryL3] -> descendingL2 -> [centralL3, visual_centrifugalL3]",ascending,3,sensory,3,central,3,visual_centrifugal,3
96,mixed,BWD->FWD,BWD,FWD,2,2,0,52,1,1.0,10146,195.115,descending,2,2,2,"[ascendingL3, visual_centrifugalL3] -> descendingL2 -> [centralL3, descendingL3]",ascending,3,visual_centrifugal,3,central,3,descending,3
598062,mixed,mix->mix,mix,mix,1,1,2,143,2,1.981,16871,117.979,descending,3,2,2,"[centralL2, centralL3] -> descendingL3 -> [ascendingL2, sensoryL3]",central,2,central,3,ascending,2,sensory,3
548302,mixed,mix->mix,mix,mix,1,1,2,143,3,2.005,20345,142.273,descending,3,2,2,"[centralL2, centralL3] -> descendingL3 -> [sensoryL2, sensoryL3]",central,2,central,3,sensory,2,sensory,3
353288,mixed,mix->mix,mix,mix,1,1,2,143,3,2.01,15448,108.028,descending,3,2,2,"[ascendingL2, centralL3] -> descendingL3 -> [sensoryL2, sensoryL3]",ascending,2,central,3,sensory,2,sensory,3
189882,mixed,mix->mix,mix,mix,1,1,2,143,2,1.824,15448,108.028,descending,3,2,2,"[centralL3, sensoryL2] -> descendingL3 -> [ascendingL2, sensoryL3]",central,3,sensory,2,ascending,2,sensory,3
176253,mixed,mix->mix,mix,mix,1,1,2,143,4,1.983,16871,117.979,descending,3,2,2,"[ascendingL2, centralL3] -> descendingL3 -> [centralL2, sensoryL3]",ascending,2,central,3,central,2,sensory,3
131003,mixed,mix->mix,mix,mix,1,1,2,143,25,3.969,15929,111.392,descending,3,2,2,"[ascendingL2, ascendingL3] -> descendingL3 -> [centralL2, centralL3]",ascending,2,ascending,3,central,2,central,3
128441,mixed,mix->mix,mix,mix,1,1,2,143,9,1.966,15929,111.392,descending,3,2,2,"[centralL2, centralL3] -> descendingL3 -> [ascendingL2, ascendingL3]",central,2,central,3,ascending,2,ascending,3
118100,mixed,mix->mix,mix,mix,1,1,2,143,14,1.756,15929,111.392,descending,3,2,2,"[ascendingL2, centralL3] -> descendingL3 -> [ascendingL3, centralL2]",ascending,2,central,3,ascending,3,central,2
93539,mixed,mix->mix,mix,mix,1,1,2,143,3,1.755,20345,142.273,descending,3,2,2,"[centralL3, sensoryL2] -> descendingL3 -> [centralL2, sensoryL3]",central,3,sensory,2,central,2,sensory,3
74682,mixed,mix->mix,mix,mix,1,1,2,143,2,1.002,15685,109.685,descending,3,2,2,"[centralL2, centralL3] -> descendingL3 -> [ascendingL3, visual_centrifugalL2]",central,2,central,3,ascending,3,visual_centrifugal,2
228954,mixed,mix->BWD,mix,BWD,1,2,1,143,2,1.985,19471,136.161,descending,3,2,2,"[centralL2, centralL3] -> descendingL3 -> [ascendingL2, sensoryL2]",central,2,central,3,ascending,2,sensory,2
83028,mixed,mix->BWD,mix,BWD,1,2,1,143,2,1.924,11465,80.175,descending,3,2,2,"[centralL2, sensoryL3] -> descendingL3 -> [ascendingL2, sensoryL2]",central,2,sensory,3,ascending,2,sensory,2
76625,mixed,mix->BWD,mix,BWD,1,2,1,143,7,1.03,15753,110.161,descending,3,2,2,"[ascendingL2, centralL3] -> descendingL3 -> [centralL2, visual_centrifugalL2]",ascending,2,central,3,central,2,visual_centrifugal,2
74592,mixed,mix->BWD,mix,BWD,1,2,1,143,1,1.0,15753,110.161,descending,3,2,2,"[centralL2, centralL3] -> descendingL3 -> [ascendingL2, visual_centrifugalL2]",central,2,central,3,ascending,2,visual_centrifugal,2
70104,mixed,mix->BWD,mix,BWD,1,2,1,143,3,2.14,19471,136.161,descending,3,2,2,"[ascendingL2, centralL3] -> descendingL3 -> [centralL2, sensoryL2]",ascending,2,central,3,central,2,sensory,2
41834,mixed,mix->BWD,mix,BWD,1,2,1,143,8,1.788,19471,136.161,descending,3,2,2,"[centralL3, sensoryL2] -> descendingL3 -> [ascendingL2, centralL2]",central,3,sensory,2,ascending,2,central,2
36514,mixed,mix->BWD,mix,BWD,1,2,1,143,5,1.074,15494,108.35,descending,3,2,2,"[centralL3, descendingL2] -> descendingL3 -> [ascendingL2, centralL2]",central,3,descending,2,ascending,2,central,2
30228,mixed,mix->BWD,mix,BWD,1,2,1,143,2,1.002,15250,106.643,descending,3,2,2,"[centralL3, descendingL2] -> descendingL3 -> [centralL2, visual_centrifugalL2]",central,3,descending,2,central,2,visual_centrifugal,2
24780,mixed,mix->BWD,mix,BWD,1,2,1,143,3,1.85,11465,80.175,descending,3,2,2,"[ascendingL2, sensoryL3] -> descendingL3 -> [centralL2, sensoryL2]",ascending,2,sensory,3,central,2,sensory,2
17798,mixed,mix->BWD,mix,BWD,1,2,1,143,2,1.991,10523,73.587,descending,3,2,2,"[ascendingL3, centralL2] -> descendingL3 -> [ascendingL2, sensoryL2]",ascending,3,central,2,ascending,2,sensory,2
96697,mixed,mix->LAT,mix,LAT,1,0,3,143,3,2.044,16803,117.503,descending,3,2,2,"[centralL2, centralL3] -> descendingL3 -> [ascendingL3, sensoryL3]",central,2,central,3,ascending,3,sensory,3
63047,mixed,mix->LAT,mix,LAT,1,0,3,143,4,2.109,11906,83.259,descending,3,2,2,"[ascendingL2, centralL3] -> descendingL3 -> [ascendingL3, sensoryL3]",ascending,2,central,3,ascending,3,sensory,3
62160,mixed,mix->LAT,mix,LAT,1,0,3,143,1,1.0,18089,126.497,descending,3,2,2,"[centralL2, centralL3] -> descendingL3 -> [ascendingL3, visual_projectionL3]",central,2,central,3,ascending,3,visual_projection,3
31277,mixed,mix->LAT,mix,LAT,1,0,3,143,3,2.009,15380,107.552,descending,3,2,2,"[centralL3, sensoryL2] -> descendingL3 -> [ascendingL3, sensoryL3]",central,3,sensory,2,ascending,3,sensory,3
23760,mixed,mix->LAT,mix,LAT,1,0,3,143,1,1.0,18089,126.497,descending,3,2,2,"[ascendingL3, centralL2] -> descendingL3 -> [centralL3, visual_projectionL3]",ascending,3,central,2,central,3,visual_projection,3
12950,mixed,mix->LAT,mix,LAT,1,0,3,143,1,1.0,13192,92.252,descending,3,2,2,"[ascendingL2, centralL3] -> descendingL3 -> [ascendingL3, visual_projectionL3]",ascending,2,central,3,ascending,3,visual_projection,3
12656,mixed,mix->LAT,mix,LAT,1,0,3,143,2,1.036,15455,108.077,descending,3,2,2,"[centralL2, centralL3] -> descendingL3 -> [ascendingL3, visual_centrifugalL3]",central,2,central,3,ascending,3,visual_centrifugal,3
12284,mixed,mix->LAT,mix,LAT,1,0,3,143,3,2.345,16803,117.503,descending,3,2,2,"[ascendingL3, centralL2] -> descendingL3 -> [centralL3, sensoryL3]",ascending,3,central,2,central,3,sensory,3
11784,mixed,mix->LAT,mix,LAT,1,0,3,143,3,1.125,18089,126.497,descending,3,2,2,"[centralL2, visual_projectionL3] -> descendingL3 -> [ascendingL3, centralL3]",central,2,visual_projection,3,ascending,3,central,3
8880,mixed,mix->LAT,mix,LAT,1,0,3,143,1,1.0,17683,123.657,descending,3,2,2,"[centralL2, centralL3] -> descendingL3 -> [visual_centrifugalL3, visual_projectionL3]",central,2,central,3,visual_centrifugal,3,visual_projection,3
116782,mixed,FWD->LAT,FWD,LAT,2,0,2,143,3,2.055,16871,117.979,descending,3,2,2,"[ascendingL2, centralL2] -> descendingL3 -> [centralL3, sensoryL3]",ascending,2,central,2,central,3,sensory,3
88838,mixed,FWD->LAT,FWD,LAT,2,0,2,143,14,2.398,15929,111.392,descending,3,2,2,"[ascendingL2, centralL2] -> descendingL3 -> [ascendingL3, centralL3]",ascending,2,central,2,ascending,3,central,3
76513,mixed,FWD->LAT,FWD,LAT,2,0,2,143,3,1.988,7923,55.406,descending,3,2,2,"[ascendingL2, centralL2] -> descendingL3 -> [ascendingL3, sensoryL3]",ascending,2,central,2,ascending,3,sensory,3
55055,mixed,FWD->LAT,FWD,LAT,2,0,2,143,3,2.195,20345,142.273,descending,3,2,2,"[centralL2, sensoryL2] -> descendingL3 -> [centralL3, sensoryL3]",central,2,sensory,2,central,3,sensory,3
39600,mixed,FWD->LAT,FWD,LAT,2,0,2,143,1,1.0,18157,126.972,descending,3,2,2,"[ascendingL2, centralL2] -> descendingL3 -> [centralL3, visual_projectionL3]",ascending,2,central,2,central,3,visual_projection,3
37444,mixed,FWD->LAT,FWD,LAT,2,0,2,143,3,2.42,15448,108.028,descending,3,2,2,"[ascendingL2, sensoryL2] -> descendingL3 -> [centralL3, sensoryL3]",ascending,2,sensory,2,central,3,sensory,3
35745,mixed,FWD->LAT,FWD,LAT,2,0,2,143,3,2.091,11397,79.699,descending,3,2,2,"[centralL2, sensoryL2] -> descendingL3 -> [ascendingL3, sensoryL3]",central,2,sensory,2,ascending,3,sensory,3
24576,mixed,FWD->LAT,FWD,LAT,2,0,2,143,6,1.224,15426,107.874,descending,3,2,2,"[centralL2, descendingL2] -> descendingL3 -> [ascendingL3, centralL3]",central,2,descending,2,ascending,3,central,3
23621,mixed,FWD->LAT,FWD,LAT,2,0,2,143,3,2.21,6500,45.455,descending,3,2,2,"[ascendingL2, sensoryL2] -> descendingL3 -> [ascendingL3, sensoryL3]",ascending,2,sensory,2,ascending,3,sensory,3
19006,mixed,FWD->LAT,FWD,LAT,2,0,2,143,8,3.675,14506,101.441,descending,3,2,2,"[ascendingL2, sensoryL2] -> descendingL3 -> [ascendingL3, centralL3]",ascending,2,sensory,2,ascending,3,central,3
437290,mixed,FWD->mix,FWD,mix,2,1,1,143,3,1.9,11465,80.175,descending,3,2,2,"[ascendingL2, centralL2] -> descendingL3 -> [sensoryL2, sensoryL3]",ascending,2,central,2,sensory,2,sensory,3
218471,mixed,FWD->mix,FWD,mix,2,1,1,143,2,1.98,11465,80.175,descending,3,2,2,"[centralL2, sensoryL2] -> descendingL3 -> [ascendingL2, sensoryL3]",central,2,sensory,2,ascending,2,sensory,3
108943,mixed,FWD->mix,FWD,mix,2,1,1,143,17,3.15,19471,136.161,descending,3,2,2,"[ascendingL2, sensoryL2] -> descendingL3 -> [centralL2, centralL3]",ascending,2,sensory,2,central,2,central,3
66743,mixed,FWD->mix,FWD,mix,2,1,1,143,3,2.107,11465,80.175,descending,3,2,2,"[ascendingL2, sensoryL2] -> descendingL3 -> [centralL2, sensoryL3]",ascending,2,sensory,2,central,2,sensory,3
51067,mixed,FWD->mix,FWD,mix,2,1,1,143,7,1.15,15753,110.161,descending,3,2,2,"[ascendingL2, centralL2] -> descendingL3 -> [centralL3, visual_centrifugalL2]",ascending,2,central,2,central,3,visual_centrifugal,2
46442,mixed,FWD->mix,FWD,mix,2,1,1,143,3,2.18,19471,136.161,descending,3,2,2,"[ascendingL2, centralL2] -> descendingL3 -> [centralL3, sensoryL2]",ascending,2,central,2,central,3,sensory,2
29888,mixed,FWD->mix,FWD,mix,2,1,1,143,3,2.047,10523,73.587,descending,3,2,2,"[ascendingL2, centralL2] -> descendingL3 -> [ascendingL3, sensoryL2]",ascending,2,central,2,ascending,3,sensory,2
29232,mixed,FWD->mix,FWD,mix,2,1,1,143,8,3.153,19471,136.161,descending,3,2,2,"[centralL2, sensoryL2] -> descendingL3 -> [ascendingL2, centralL3]",central,2,sensory,2,ascending,2,central,3
27997,mixed,FWD->mix,FWD,mix,2,1,1,143,10,1.502,15494,108.35,descending,3,2,2,"[ascendingL2, descendingL2] -> descendingL3 -> [centralL2, centralL3]",ascending,2,descending,2,central,2,central,3
24098,mixed,FWD->mix,FWD,mix,2,1,1,143,5,1.176,15494,108.35,descending,3,2,2,"[centralL2, descendingL2] -> descendingL3 -> [ascendingL2, centralL3]",central,2,descending,2,ascending,2,central,3
4752,mixed,FWD->BWD,FWD,BWD,2,2,0,143,1,1.0,10088,70.545,descending,3,2,2,"[centralL2, descendingL2] -> descendingL3 -> [ascendingL2, sensoryL2]",central,2,descending,2,ascending,2,sensory,2
2043,mixed,FWD->BWD,FWD,BWD,2,2,0,143,2,1.003,6370,44.545,descending,3,2,2,"[ascendingL2, descendingL2] -> descendingL3 -> [centralL2, visual_centrifugalL2]",ascending,2,descending,2,central,2,visual_centrifugal,2
2016,mixed,FWD->BWD,FWD,BWD,2,2,0,143,1,1.0,6370,44.545,descending,3,2,2,"[centralL2, descendingL2] -> descendingL3 -> [ascendingL2, visual_centrifugalL2]",central,2,descending,2,ascending,2,visual_centrifugal,2
1812,mixed,FWD->BWD,FWD,BWD,2,2,0,143,2,1.947,10088,70.545,descending,3,2,2,"[ascendingL2, descendingL2] -> descendingL3 -> [centralL2, sensoryL2]",ascending,2,descending,2,central,2,sensory,2
816,mixed,FWD->BWD,FWD,BWD,2,2,0,143,2,1.092,7121,49.797,descending,3,2,2,"[ascendingL2, visual_projectionL2] -> descendingL3 -> [centralL2, descendingL2]",ascending,2,visual_projection,2,central,2,descending,2
769,mixed,FWD->BWD,FWD,BWD,2,2,0,143,3,1.136,6370,44.545,descending,3,2,2,"[ascendingL2, centralL2] -> descendingL3 -> [descendingL2, visual_centrifugalL2]",ascending,2,central,2,descending,2,visual_centrifugal,2
720,mixed,FWD->BWD,FWD,BWD,2,2,0,143,1,1.0,41902,293.021,descending,3,2,2,"[ascendingL2, centralL2] -> descendingL3 -> [opticL2, visual_centrifugalL2]",ascending,2,central,2,optic,2,visual_centrifugal,2
720,mixed,FWD->BWD,FWD,BWD,2,2,0,143,1,1.0,7380,51.608,descending,3,2,2,"[ascendingL2, centralL2] -> descendingL3 -> [visual_centrifugalL2, visual_projectionL2]",ascending,2,central,2,visual_centrifugal,2,visual_projection,2
504,mixed,FWD->BWD,FWD,BWD,2,2,0,143,1,1.0,7121,49.797,descending,3,2,2,"[centralL2, visual_projectionL2] -> descendingL3 -> [ascendingL2, descendingL2]",central,2,visual_projection,2,ascending,2,descending,2
398,mixed,FWD->BWD,FWD,BWD,2,2,0,143,3,1.074,10088,70.545,descending,3,2,2,"[descendingL2, sensoryL2] -> descendingL3 -> [ascendingL2, centralL2]",descending,2,sensory,2,ascending,2,central,2
73656,mixed,LAT->BWD,LAT,BWD,0,2,2,143,2,1.727,15448,108.028,descending,3,2,2,"[centralL3, sensoryL3] -> descendingL3 -> [ascendingL2, sensoryL2]",central,3,sensory,3,ascending,2,sensory,2
64302,mixed,LAT->BWD,LAT,BWD,0,2,2,143,11,1.46,15929,111.392,descending,3,2,2,"[ascendingL3, centralL3] -> descendingL3 -> [ascendingL2, centralL2]",ascending,3,central,3,ascending,2,central,2
46105,mixed,LAT->BWD,LAT,BWD,0,2,2,143,8,1.036,15685,109.685,descending,3,2,2,"[ascendingL3, centralL3] -> descendingL3 -> [centralL2, visual_centrifugalL2]",ascending,3,central,3,central,2,visual_centrifugal,2
40974,mixed,LAT->BWD,LAT,BWD,0,2,2,143,9,1.488,16871,117.979,descending,3,2,2,"[centralL3, sensoryL3] -> descendingL3 -> [ascendingL2, centralL2]",central,3,sensory,3,ascending,2,central,2
35868,mixed,LAT->BWD,LAT,BWD,0,2,2,143,3,1.562,20345,142.273,descending,3,2,2,"[centralL3, sensoryL3] -> descendingL3 -> [centralL2, sensoryL2]",central,3,sensory,3,central,2,sensory,2
17820,mixed,LAT->BWD,LAT,BWD,0,2,2,143,2,1.024,18157,126.972,descending,3,2,2,"[centralL3, visual_projectionL3] -> descendingL3 -> [ascendingL2, centralL2]",central,3,visual_projection,3,ascending,2,central,2
16860,mixed,LAT->BWD,LAT,BWD,0,2,2,143,5,1.241,17913,125.266,descending,3,2,2,"[centralL3, visual_projectionL3] -> descendingL3 -> [centralL2, visual_centrifugalL2]",central,3,visual_projection,3,central,2,visual_centrifugal,2
14916,mixed,LAT->BWD,LAT,BWD,0,2,2,143,2,1.956,14506,101.441,descending,3,2,2,"[ascendingL3, centralL3] -> descendingL3 -> [ascendingL2, sensoryL2]",ascending,3,central,3,ascending,2,sensory,2
9324,mixed,LAT->BWD,LAT,BWD,0,2,2,143,1,1.0,10788,75.441,descending,3,2,2,"[ascendingL3, centralL3] -> descendingL3 -> [ascendingL2, visual_centrifugalL2]",ascending,3,central,3,ascending,2,visual_centrifugal,2
8442,mixed,LAT->BWD,LAT,BWD,0,2,2,143,8,1.242,15426,107.874,descending,3,2,2,"[ascendingL3, centralL3] -> descendingL3 -> [centralL2, descendingL2]",ascending,3,central,3,central,2,descending,2
38988,mixed,LAT->mix,LAT,mix,0,1,3,143,2,1.95,11906,83.259,descending,3,2,2,"[ascendingL3, centralL3] -> descendingL3 -> [ascendingL2, sensoryL3]",ascending,3,central,3,ascending,2,sensory,3
37740,mixed,LAT->mix,LAT,mix,0,1,3,143,1,1.0,18089,126.497,descending,3,2,2,"[ascendingL3, centralL3] -> descendingL3 -> [centralL2, visual_projectionL3]",ascending,3,central,3,central,2,visual_projection,3
35788,mixed,LAT->mix,LAT,mix,0,1,3,143,3,2.019,15380,107.552,descending,3,2,2,"[ascendingL3, centralL3] -> descendingL3 -> [sensoryL2, sensoryL3]",ascending,3,central,3,sensory,2,sensory,3
19526,mixed,LAT->mix,LAT,mix,0,1,3,143,3,2.098,16803,117.503,descending,3,2,2,"[ascendingL3, centralL3] -> descendingL3 -> [centralL2, sensoryL3]",ascending,3,central,3,central,2,sensory,3
18156,mixed,LAT->mix,LAT,mix,0,1,3,143,3,1.062,18089,126.497,descending,3,2,2,"[centralL3, visual_projectionL3] -> descendingL3 -> [ascendingL3, centralL2]",central,3,visual_projection,3,ascending,3,central,2
13185,mixed,LAT->mix,LAT,mix,0,1,3,143,7,1.717,11906,83.259,descending,3,2,2,"[centralL3, sensoryL3] -> descendingL3 -> [ascendingL2, ascendingL3]",central,3,sensory,3,ascending,2,ascending,3
12521,mixed,LAT->mix,LAT,mix,0,1,3,143,20,3.589,16803,117.503,descending,3,2,2,"[ascendingL3, sensoryL3] -> descendingL3 -> [centralL2, centralL3]",ascending,3,sensory,3,central,2,central,3
11812,mixed,LAT->mix,LAT,mix,0,1,3,143,3,1.826,15380,107.552,descending,3,2,2,"[centralL3, sensoryL3] -> descendingL3 -> [ascendingL3, sensoryL2]",central,3,sensory,3,ascending,3,sensory,2
8717,mixed,LAT->mix,LAT,mix,0,1,3,143,10,2.611,16803,117.503,descending,3,2,2,"[centralL3, sensoryL3] -> descendingL3 -> [ascendingL3, centralL2]",central,3,sensory,3,ascending,3,central,2
8037,mixed,LAT->mix,LAT,mix,0,1,3,143,7,1.407,18089,126.497,descending,3,2,2,"[ascendingL3, visual_projectionL3] -> descendingL3 -> [centralL2, centralL3]",ascending,3,visual_projection,3,central,2,central,3
1110,pure_LAT,LAT->LAT,LAT,LAT,0,0,4,143,1,1.0,12718,88.937,descending,3,2,2,"[ascendingL3, centralL3] -> descendingL3 -> [visual_centrifugalL3, visual_projectionL3]",ascending,3,central,3,visual_centrifugal,3,visual_projection,3
686,pure_LAT,LAT->LAT,LAT,LAT,0,0,4,143,2,1.587,12718,88.937,descending,3,2,2,"[centralL3, visual_projectionL3] -> descendingL3 -> [ascendingL3, visual_centrifugalL3]",central,3,visual_projection,3,ascending,3,visual_centrifugal,3
213,pure_LAT,LAT->LAT,LAT,LAT,0,0,4,143,3,1.154,12718,88.937,descending,3,2,2,"[ascendingL3, visual_projectionL3] -> descendingL3 -> [centralL3, visual_centrifugalL3]",ascending,3,visual_projection,3,central,3,visual_centrifugal,3
1821822,mixed,mix->FWD,mix,FWD,2,1,1,7034,54,3.845,37002,5.26,optic,1,2,2,"[visual_centrifugalL1, visual_centrifugalL2] -> opticL1 -> [opticL2, visual_projectionL2]",visual_centrifugal,1,visual_centrifugal,2,optic,2,visual_projection,2
1685511,mixed,mix->FWD,mix,FWD,2,1,1,7034,14,5.462,37002,5.26,optic,1,2,2,"[opticL2, visual_centrifugalL1] -> opticL1 -> [visual_centrifugalL2, visual_projectionL2]",optic,2,visual_centrifugal,1,visual_centrifugal,2,visual_projection,2
330416,mixed,mix->FWD,mix,FWD,2,1,1,7034,8,2.513,37038,5.266,optic,1,2,2,"[visual_centrifugalL2, visual_projectionL1] -> opticL1 -> [opticL2, visual_projectionL2]",visual_centrifugal,2,visual_projection,1,optic,2,visual_projection,2
292289,mixed,mix->FWD,mix,FWD,2,1,1,7034,12,2.616,37002,5.26,optic,1,2,2,"[visual_centrifugalL1, visual_projectionL2] -> opticL1 -> [opticL2, visual_centrifugalL2]",visual_centrifugal,1,visual_projection,2,optic,2,visual_centrifugal,2
270849,mixed,mix->FWD,mix,FWD,2,1,1,7034,8,3.719,37038,5.266,optic,1,2,2,"[opticL2, visual_projectionL1] -> opticL1 -> [visual_centrifugalL2, visual_projectionL2]",optic,2,visual_projection,1,visual_centrifugal,2,visual_projection,2
10010,mixed,mix->FWD,mix,FWD,2,1,1,7034,1,1.0,37110,5.276,optic,1,2,2,"[ascendingL1, visual_centrifugalL2] -> opticL1 -> [opticL2, visual_projectionL2]",ascending,1,visual_centrifugal,2,optic,2,visual_projection,2
9799,mixed,mix->FWD,mix,FWD,2,1,1,7034,7,3.045,37038,5.266,optic,1,2,2,"[visual_projectionL1, visual_projectionL2] -> opticL1 -> [opticL2, visual_centrifugalL2]",visual_projection,1,visual_projection,2,optic,2,visual_centrifugal,2
6006,mixed,mix->FWD,mix,FWD,2,1,1,7034,1,1.0,41500,5.9,optic,1,2,2,"[ascendingL1, visual_centrifugalL2] -> opticL1 -> [centralL2, opticL2]",ascending,1,visual_centrifugal,2,central,2,optic,2
4290,mixed,mix->FWD,mix,FWD,2,1,1,7034,1,1.0,42251,6.007,optic,1,2,2,"[ascendingL1, centralL2] -> opticL1 -> [opticL2, visual_projectionL2]",ascending,1,central,2,optic,2,visual_projection,2
3915,mixed,mix->FWD,mix,FWD,2,1,1,7034,1,1.0,42251,6.007,optic,1,2,2,"[ascendingL1, opticL2] -> opticL1 -> [centralL2, visual_projectionL2]",ascending,1,optic,2,central,2,visual_projection,2
1396463,mixed,mix->mix,mix,mix,1,1,2,7034,39,2.9,36772,5.228,optic,1,2,2,"[opticL2, visual_centrifugalL1] -> opticL1 -> [visual_projectionL1, visual_projectionL2]",optic,2,visual_centrifugal,1,visual_projection,1,visual_projection,2
235324,mixed,mix->mix,mix,mix,1,1,2,7034,57,3.08,36021,5.121,optic,1,2,2,"[visual_centrifugalL1, visual_centrifugalL2] -> opticL1 -> [opticL2, visual_projectionL1]",visual_centrifugal,1,visual_centrifugal,2,optic,2,visual_projection,1
161136,mixed,mix->mix,mix,mix,1,1,2,7034,13,3.683,36021,5.121,optic,1,2,2,"[opticL2, visual_centrifugalL1] -> opticL1 -> [visual_centrifugalL2, visual_projectionL1]",optic,2,visual_centrifugal,1,visual_centrifugal,2,visual_projection,1
124012,mixed,mix->mix,mix,mix,1,1,2,7034,23,3.813,36772,5.228,optic,1,2,2,"[visual_centrifugalL1, visual_projectionL2] -> opticL1 -> [opticL2, visual_projectionL1]",visual_centrifugal,1,visual_projection,2,optic,2,visual_projection,1
122138,mixed,mix->mix,mix,mix,1,1,2,7034,3,1.275,36772,5.228,optic,1,2,2,"[opticL2, visual_projectionL1] -> opticL1 -> [visual_centrifugalL1, visual_projectionL2]",optic,2,visual_projection,1,visual_centrifugal,1,visual_projection,2
45100,mixed,mix->mix,mix,mix,1,1,2,7034,1,1.0,37226,5.292,optic,1,2,2,"[opticL2, visual_centrifugalL1] -> opticL1 -> [centralL1, visual_projectionL2]",optic,2,visual_centrifugal,1,central,1,visual_projection,2
25588,mixed,mix->mix,mix,mix,1,1,2,7034,26,2.496,1499,0.213,optic,1,2,2,"[visual_centrifugalL1, visual_centrifugalL2] -> opticL1 -> [visual_projectionL1, visual_projectionL2]",visual_centrifugal,1,visual_centrifugal,2,visual_projection,1,visual_projection,2
20014,mixed,mix->mix,mix,mix,1,1,2,7034,3,1.494,36021,5.121,optic,1,2,2,"[visual_centrifugalL2, visual_projectionL1] -> opticL1 -> [opticL2, visual_centrifugalL1]",visual_centrifugal,2,visual_projection,1,optic,2,visual_centrifugal,1
14098,mixed,mix->mix,mix,mix,1,1,2,7034,2,1.004,37226,5.292,optic,1,2,2,"[visual_centrifugalL1, visual_projectionL2] -> opticL1 -> [centralL1, opticL2]",visual_centrifugal,1,visual_projection,2,central,1,optic,2
12300,mixed,mix->mix,mix,mix,1,1,2,7034,1,1.0,36475,5.186,optic,1,2,2,"[opticL2, visual_centrifugalL1] -> opticL1 -> [centralL1, visual_centrifugalL2]",optic,2,visual_centrifugal,1,central,1,visual_centrifugal,2
2164,mixed,mix->LAT,mix,LAT,0,1,3,7034,2,1.111,36245,5.153,optic,1,2,2,"[opticL2, visual_centrifugalL1] -> opticL1 -> [centralL1, visual_projectionL1]",optic,2,visual_centrifugal,1,central,1,visual_projection,1
1305,mixed,mix->LAT,mix,LAT,0,1,3,7034,1,1.0,35863,5.099,optic,1,2,2,"[ascendingL1, opticL2] -> opticL1 -> [visual_centrifugalL1, visual_projectionL1]",ascending,1,optic,2,visual_centrifugal,1,visual_projection,1
82,mixed,mix->LAT,mix,LAT,0,1,3,7034,2,1.333,1723,0.245,optic,1,2,2,"[visual_centrifugalL1, visual_projectionL2] -> opticL1 -> [centralL1, visual_projectionL1]",visual_centrifugal,1,visual_projection,2,central,1,visual_projection,1
40,mixed,mix->LAT,mix,LAT,0,1,3,7034,1,1.0,972,0.138,optic,1,2,2,"[visual_centrifugalL1, visual_centrifugalL2] -> opticL1 -> [centralL1, visual_projectionL1]",visual_centrifugal,1,visual_centrifugal,2,central,1,visual_projection,1
35,mixed,mix->LAT,mix,LAT,0,1,3,7034,1,1.0,590,0.084,optic,1,2,2,"[ascendingL1, visual_centrifugalL2] -> opticL1 -> [visual_centrifugalL1, visual_projectionL1]",ascending,1,visual_centrifugal,2,visual_centrifugal,1,visual_projection,1
15,mixed,mix->LAT,mix,LAT,0,1,3,7034,1,1.0,5731,0.815,optic,1,2,2,"[ascendingL1, centralL2] -> opticL1 -> [visual_centrifugalL1, visual_projectionL1]",ascending,1,central,2,visual_centrifugal,1,visual_projection,1
10,mixed,mix->LAT,mix,LAT,0,1,3,7034,1,1.0,1341,0.191,optic,1,2,2,"[ascendingL1, visual_projectionL2] -> opticL1 -> [visual_centrifugalL1, visual_projectionL1]",ascending,1,visual_projection,2,visual_centrifugal,1,visual_projection,1
2180087,mixed,BWD->mix,BWD,mix,1,2,1,7034,31,3.311,37038,5.266,optic,1,2,2,"[opticL2, visual_centrifugalL2] -> opticL1 -> [visual_projectionL1, visual_projectionL2]",optic,2,visual_centrifugal,2,visual_projection,1,visual_projection,2
1202852,mixed,BWD->mix,BWD,mix,1,2,1,7034,13,3.315,37002,5.26,optic,1,2,2,"[opticL2, visual_centrifugalL2] -> opticL1 -> [visual_centrifugalL1, visual_projectionL2]",optic,2,visual_centrifugal,2,visual_centrifugal,1,visual_projection,2
363094,mixed,BWD->mix,BWD,mix,1,2,1,7034,6,2.14,37002,5.26,optic,1,2,2,"[opticL2, visual_projectionL2] -> opticL1 -> [visual_centrifugalL1, visual_centrifugalL2]",optic,2,visual_projection,2,visual_centrifugal,1,visual_centrifugal,2
226548,mixed,BWD->mix,BWD,mix,1,2,1,7034,13,2.439,37038,5.266,optic,1,2,2,"[opticL2, visual_projectionL2] -> opticL1 -> [visual_centrifugalL2, visual_projectionL1]",optic,2,visual_projection,2,visual_centrifugal,2,visual_projection,1
223092,mixed,BWD->mix,BWD,mix,1,2,1,7034,7,2.863,37002,5.26,optic,1,2,2,"[visual_centrifugalL2, visual_projectionL2] -> opticL1 -> [opticL2, visual_centrifugalL1]",visual_centrifugal,2,visual_projection,2,optic,2,visual_centrifugal,1
195940,mixed,BWD->mix,BWD,mix,1,2,1,7034,22,5.053,37038,5.266,optic,1,2,2,"[visual_centrifugalL2, visual_projectionL2] -> opticL1 -> [opticL2, visual_projectionL1]",visual_centrifugal,2,visual_projection,2,optic,2,visual_projection,1
72160,mixed,BWD->mix,BWD,mix,1,2,1,7034,1,1.0,37492,5.33,optic,1,2,2,"[opticL2, visual_centrifugalL2] -> opticL1 -> [centralL1, visual_projectionL2]",optic,2,visual_centrifugal,2,central,1,visual_projection,2
34440,mixed,BWD->mix,BWD,mix,1,2,1,7034,1,1.0,37492,5.33,optic,1,2,2,"[opticL2, visual_projectionL2] -> opticL1 -> [centralL1, visual_centrifugalL2]",optic,2,visual_projection,2,central,1,visual_centrifugal,2
30094,mixed,BWD->mix,BWD,mix,1,2,1,7034,3,1.004,41428,5.89,optic,1,2,2,"[centralL2, visual_centrifugalL2] -> opticL1 -> [opticL2, visual_projectionL1]",central,2,visual_centrifugal,2,optic,2,visual_projection,1
27405,mixed,BWD->mix,BWD,mix,1,2,1,7034,1,1.0,41428,5.89,optic,1,2,2,"[opticL2, visual_centrifugalL2] -> opticL1 -> [centralL2, visual_projectionL1]",optic,2,visual_centrifugal,2,central,2,visual_projection,1
30180,mixed,BWD->FWD,BWD,FWD,2,2,0,7034,3,1.01,42409,6.029,optic,1,2,2,"[centralL2, visual_centrifugalL2] -> opticL1 -> [opticL2, visual_projectionL2]",central,2,visual_centrifugal,2,optic,2,visual_projection,2
27405,mixed,BWD->FWD,BWD,FWD,2,2,0,7034,1,1.0,42409,6.029,optic,1,2,2,"[opticL2, visual_centrifugalL2] -> opticL1 -> [centralL2, visual_projectionL2]",optic,2,visual_centrifugal,2,central,2,visual_projection,2
12012,mixed,BWD->FWD,BWD,FWD,2,2,0,7034,1,1.0,42409,6.029,optic,1,2,2,"[visual_centrifugalL2, visual_projectionL2] -> opticL1 -> [centralL2, opticL2]",visual_centrifugal,2,visual_projection,2,central,2,optic,2
9135,mixed,BWD->FWD,BWD,FWD,2,2,0,7034,1,1.0,37512,5.333,optic,1,2,2,"[opticL2, visual_centrifugalL2] -> opticL1 -> [ascendingL2, visual_projectionL2]",optic,2,visual_centrifugal,2,ascending,2,visual_projection,2
6006,mixed,BWD->FWD,BWD,FWD,2,2,0,7034,1,1.0,41902,5.957,optic,1,2,2,"[centralL2, visual_centrifugalL2] -> opticL1 -> [ascendingL2, opticL2]",central,2,visual_centrifugal,2,ascending,2,optic,2
5481,mixed,BWD->FWD,BWD,FWD,2,2,0,7034,1,1.0,41902,5.957,optic,1,2,2,"[opticL2, visual_centrifugalL2] -> opticL1 -> [ascendingL2, centralL2]",optic,2,visual_centrifugal,2,ascending,2,central,2
4004,mixed,BWD->FWD,BWD,FWD,2,2,0,7034,1,1.0,37512,5.333,optic,1,2,2,"[visual_centrifugalL2, visual_projectionL2] -> opticL1 -> [ascendingL2, opticL2]",visual_centrifugal,2,visual_projection,2,ascending,2,optic,2
3915,mixed,BWD->FWD,BWD,FWD,2,2,0,7034,1,1.0,42653,6.064,optic,1,2,2,"[centralL2, opticL2] -> opticL1 -> [ascendingL2, visual_projectionL2]",central,2,optic,2,ascending,2,visual_projection,2
1716,mixed,BWD->FWD,BWD,FWD,2,2,0,7034,1,1.0,42653,6.064,optic,1,2,2,"[centralL2, visual_projectionL2] -> opticL1 -> [ascendingL2, opticL2]",central,2,visual_projection,2,ascending,2,optic,2
1566,mixed,BWD->FWD,BWD,FWD,2,2,0,7034,1,1.0,42653,6.064,optic,1,2,2,"[opticL2, visual_projectionL2] -> opticL1 -> [ascendingL2, centralL2]",optic,2,visual_projection,2,ascending,2,central,2
153294,mixed,BWD->LAT,BWD,LAT,0,2,2,7034,15,2.509,36021,5.121,optic,1,2,2,"[opticL2, visual_centrifugalL2] -> opticL1 -> [visual_centrifugalL1, visual_projectionL1]",optic,2,visual_centrifugal,2,visual_centrifugal,1,visual_projection,1
122424,mixed,BWD->LAT,BWD,LAT,0,2,2,7034,7,2.657,36772,5.228,optic,1,2,2,"[opticL2, visual_projectionL2] -> opticL1 -> [visual_centrifugalL1, visual_projectionL1]",optic,2,visual_projection,2,visual_centrifugal,1,visual_projection,1
22960,mixed,BWD->LAT,BWD,LAT,0,2,2,7034,1,1.0,37226,5.292,optic,1,2,2,"[opticL2, visual_projectionL2] -> opticL1 -> [centralL1, visual_centrifugalL1]",optic,2,visual_projection,2,central,1,visual_centrifugal,1
13120,mixed,BWD->LAT,BWD,LAT,0,2,2,7034,1,1.0,36475,5.186,optic,1,2,2,"[opticL2, visual_centrifugalL2] -> opticL1 -> [centralL1, visual_centrifugalL1]",optic,2,visual_centrifugal,2,central,1,visual_centrifugal,1
5854,mixed,BWD->LAT,BWD,LAT,0,2,2,7034,2,1.04,37262,5.297,optic,1,2,2,"[opticL2, visual_projectionL2] -> opticL1 -> [centralL1, visual_projectionL1]",optic,2,visual_projection,2,central,1,visual_projection,1
3915,mixed,BWD->LAT,BWD,LAT,0,2,2,7034,1,1.0,41162,5.852,optic,1,2,2,"[centralL2, opticL2] -> opticL1 -> [visual_centrifugalL1, visual_projectionL1]",central,2,optic,2,visual_centrifugal,1,visual_projection,1
3280,mixed,BWD->LAT,BWD,LAT,0,2,2,7034,1,1.0,36511,5.191,optic,1,2,2,"[opticL2, visual_centrifugalL2] -> opticL1 -> [centralL1, visual_projectionL1]",optic,2,visual_centrifugal,2,central,1,visual_projection,1
2012,mixed,BWD->LAT,BWD,LAT,0,2,2,7034,6,3.62,1499,0.213,optic,1,2,2,"[visual_centrifugalL2, visual_projectionL2] -> opticL1 -> [visual_centrifugalL1, visual_projectionL1]",visual_centrifugal,2,visual_projection,2,visual_centrifugal,1,visual_projection,1
448,mixed,BWD->LAT,BWD,LAT,0,2,2,7034,1,1.0,1953,0.278,optic,1,2,2,"[visual_centrifugalL2, visual_projectionL2] -> opticL1 -> [centralL1, visual_centrifugalL1]",visual_centrifugal,2,visual_projection,2,central,1,visual_centrifugal,1
112,mixed,BWD->LAT,BWD,LAT,0,2,2,7034,1,1.0,1989,0.283,optic,1,2,2,"[visual_centrifugalL2, visual_projectionL2] -> opticL1 -> [centralL1, visual_projectionL1]",visual_centrifugal,2,visual_projection,2,central,1,visual_projection,1
229024,mixed,LAT->FWD,LAT,FWD,2,0,2,7034,7,2.538,36772,5.228,optic,1,2,2,"[visual_centrifugalL1, visual_projectionL1] -> opticL1 -> [opticL2, visual_projectionL2]",visual_centrifugal,1,visual_projection,1,optic,2,visual_projection,2
21944,mixed,LAT->FWD,LAT,FWD,2,0,2,7034,7,2.54,36021,5.121,optic,1,2,2,"[visual_centrifugalL1, visual_projectionL1] -> opticL1 -> [opticL2, visual_centrifugalL2]",visual_centrifugal,1,visual_projection,1,optic,2,visual_centrifugal,2
2688,mixed,LAT->FWD,LAT,FWD,2,0,2,7034,7,2.585,1499,0.213,optic,1,2,2,"[visual_centrifugalL1, visual_projectionL1] -> opticL1 -> [visual_centrifugalL2, visual_projectionL2]",visual_centrifugal,1,visual_projection,1,visual_centrifugal,2,visual_projection,2
1545320,mixed,FWD->mix,FWD,mix,3,0,1,35584,759,3.715,38085,1.07,optic,2,2,2,"[opticL1, visual_centrifugalL1] -> opticL2 -> [opticL3, visual_projectionL2]",optic,1,visual_centrifugal,1,optic,3,visual_projection,2
1156022,mixed,FWD->mix,FWD,mix,3,0,1,35584,65,2.242,31132,0.875,optic,2,2,2,"[visual_centrifugalL1, visual_projectionL1] -> opticL2 -> [opticL3, visual_projectionL2]",visual_centrifugal,1,visual_projection,1,optic,3,visual_projection,2
429271,mixed,FWD->mix,FWD,mix,3,0,1,35584,331,3.876,10856,0.305,optic,2,2,2,"[opticL1, visual_centrifugalL1] -> opticL2 -> [visual_projectionL2, visual_projectionL3]",optic,1,visual_centrifugal,1,visual_projection,2,visual_projection,3
424804,mixed,FWD->mix,FWD,mix,3,0,1,35584,18,4.469,38121,1.071,optic,2,2,2,"[opticL1, visual_projectionL1] -> opticL2 -> [opticL3, visual_projectionL2]",optic,1,visual_projection,1,optic,3,visual_projection,2
336604,mixed,FWD->mix,FWD,mix,3,0,1,35584,79,2.522,3903,0.11,optic,2,2,2,"[visual_centrifugalL1, visual_projectionL1] -> opticL2 -> [visual_projectionL2, visual_projectionL3]",visual_centrifugal,1,visual_projection,1,visual_projection,2,visual_projection,3
154208,mixed,FWD->mix,FWD,mix,3,0,1,35584,69,2.619,37334,1.049,optic,2,2,2,"[opticL1, visual_centrifugalL1] -> opticL2 -> [opticL3, visual_centrifugalL2]",optic,1,visual_centrifugal,1,optic,3,visual_centrifugal,2
100503,mixed,FWD->mix,FWD,mix,3,0,1,35584,18,3.943,10892,0.306,optic,2,2,2,"[opticL1, visual_projectionL1] -> opticL2 -> [visual_projectionL2, visual_projectionL3]",optic,1,visual_projection,1,visual_projection,2,visual_projection,3
95468,mixed,FWD->mix,FWD,mix,3,1,0,35584,195,6.086,37104,1.043,optic,2,2,2,"[opticL1, visual_centrifugalL1] -> opticL2 -> [opticL3, visual_projectionL1]",optic,1,visual_centrifugal,1,optic,3,visual_projection,1
91167,mixed,FWD->mix,FWD,mix,3,1,0,35584,13,3.988,37104,1.043,optic,2,2,2,"[visual_centrifugalL1, visual_projectionL1] -> opticL2 -> [opticL1, opticL3]",visual_centrifugal,1,visual_projection,1,optic,1,optic,3
64999,mixed,FWD->mix,FWD,mix,3,0,1,35584,7,1.996,37370,1.05,optic,2,2,2,"[opticL1, visual_projectionL1] -> opticL2 -> [opticL3, visual_centrifugalL2]",optic,1,visual_projection,1,optic,3,visual_centrifugal,2
2949643,pure_FWD,FWD->FWD,FWD,FWD,4,0,0,35584,585,4.716,39738,1.117,optic,2,2,2,"[opticL1, visual_centrifugalL1] -> opticL2 -> [opticL3, visual_projectionL3]",optic,1,visual_centrifugal,1,optic,3,visual_projection,3
1382021,pure_FWD,FWD->FWD,FWD,FWD,4,0,0,35584,86,2.715,32785,0.921,optic,2,2,2,"[visual_centrifugalL1, visual_projectionL1] -> opticL2 -> [opticL3, visual_projectionL3]",visual_centrifugal,1,visual_projection,1,optic,3,visual_projection,3
1192647,pure_FWD,FWD->FWD,FWD,FWD,4,0,0,35584,27,4.431,39774,1.118,optic,2,2,2,"[opticL1, visual_projectionL1] -> opticL2 -> [opticL3, visual_projectionL3]",optic,1,visual_projection,1,optic,3,visual_projection,3
17484,pure_FWD,FWD->FWD,FWD,FWD,4,0,0,35584,17,2.218,37104,1.043,optic,2,2,2,"[opticL1, visual_centrifugalL1] -> opticL2 -> [opticL3, visual_centrifugalL3]",optic,1,visual_centrifugal,1,optic,3,visual_centrifugal,3
16456,pure_FWD,FWD->FWD,FWD,FWD,4,0,0,35584,4,1.981,30151,0.847,optic,2,2,2,"[visual_centrifugalL1, visual_projectionL1] -> opticL2 -> [opticL3, visual_centrifugalL3]",visual_centrifugal,1,visual_projection,1,optic,3,visual_centrifugal,3
4496,pure_FWD,FWD->FWD,FWD,FWD,4,0,0,35584,9,2.008,9875,0.278,optic,2,2,2,"[opticL1, visual_centrifugalL1] -> opticL2 -> [visual_centrifugalL3, visual_projectionL3]",optic,1,visual_centrifugal,1,visual_centrifugal,3,visual_projection,3
4408,pure_FWD,FWD->FWD,FWD,FWD,4,0,0,35584,3,1.931,2922,0.082,optic,2,2,2,"[visual_centrifugalL1, visual_projectionL1] -> opticL2 -> [visual_centrifugalL3, visual_projectionL3]",visual_centrifugal,1,visual_projection,1,visual_centrifugal,3,visual_projection,3
4010,pure_FWD,FWD->FWD,FWD,FWD,4,0,0,35584,4,2.885,37140,1.044,optic,2,2,2,"[opticL1, visual_projectionL1] -> opticL2 -> [opticL3, visual_centrifugalL3]",optic,1,visual_projection,1,optic,3,visual_centrifugal,3
923,pure_FWD,FWD->FWD,FWD,FWD,4,0,0,35584,5,3.89,46458,1.306,optic,2,2,2,"[opticL1, visual_centrifugalL1] -> opticL2 -> [centralL3, opticL3]",optic,1,visual_centrifugal,1,central,3,optic,3
900,pure_FWD,FWD->FWD,FWD,FWD,4,0,0,35584,1,1.0,33239,0.934,optic,2,2,2,"[centralL1, visual_centrifugalL1] -> opticL2 -> [opticL3, visual_projectionL3]",central,1,visual_centrifugal,1,optic,3,visual_projection,3
17473,mixed,FWD->LAT,FWD,LAT,2,0,2,35584,51,3.524,8452,0.238,optic,2,2,2,"[opticL1, visual_centrifugalL1] -> opticL2 -> [visual_centrifugalL2, visual_projectionL2]",optic,1,visual_centrifugal,1,visual_centrifugal,2,visual_projection,2
13250,mixed,FWD->LAT,FWD,LAT,2,0,2,35584,14,2.229,1499,0.042,optic,2,2,2,"[visual_centrifugalL1, visual_projectionL1] -> opticL2 -> [visual_centrifugalL2, visual_projectionL2]",visual_centrifugal,1,visual_projection,1,visual_centrifugal,2,visual_projection,2
4041,mixed,FWD->LAT,FWD,LAT,2,0,2,35584,7,3.576,8488,0.239,optic,2,2,2,"[opticL1, visual_projectionL1] -> opticL2 -> [visual_centrifugalL2, visual_projectionL2]",optic,1,visual_projection,1,visual_centrifugal,2,visual_projection,2
240,mixed,FWD->LAT,FWD,LAT,2,0,2,35584,1,1.0,8942,0.251,optic,2,2,2,"[centralL1, opticL1] -> opticL2 -> [visual_centrifugalL2, visual_projectionL2]",central,1,optic,1,visual_centrifugal,2,visual_projection,2
61,mixed,FWD->LAT,FWD,LAT,2,0,2,35584,3,1.265,13593,0.382,optic,2,2,2,"[opticL1, visual_centrifugalL1] -> opticL2 -> [centralL2, visual_projectionL2]",optic,1,visual_centrifugal,1,central,2,visual_projection,2
54,mixed,FWD->LAT,FWD,LAT,2,0,2,35584,1,1.0,13629,0.383,optic,2,2,2,"[opticL1, visual_projectionL1] -> opticL2 -> [centralL2, visual_projectionL2]",optic,1,visual_projection,1,central,2,visual_projection,2
18,mixed,FWD->LAT,FWD,LAT,2,0,2,35584,1,1.0,6640,0.187,optic,2,2,2,"[visual_centrifugalL1, visual_projectionL1] -> opticL2 -> [centralL2, visual_projectionL2]",visual_centrifugal,1,visual_projection,1,central,2,visual_projection,2
3038355,mixed,mix->BWD,mix,BWD,0,3,1,35584,138,3.756,38121,1.071,optic,2,2,2,"[opticL3, visual_projectionL2] -> opticL2 -> [opticL1, visual_projectionL1]",optic,3,visual_projection,2,optic,1,visual_projection,1
2495549,mixed,mix->BWD,mix,BWD,0,3,1,35584,19,2.756,38085,1.07,optic,2,2,2,"[opticL3, visual_projectionL2] -> opticL2 -> [opticL1, visual_centrifugalL1]",optic,3,visual_projection,2,optic,1,visual_centrifugal,1
1991133,mixed,mix->BWD,mix,BWD,0,3,1,35584,212,3.978,37370,1.05,optic,2,2,2,"[opticL3, visual_centrifugalL2] -> opticL2 -> [opticL1, visual_projectionL1]",optic,3,visual_centrifugal,2,optic,1,visual_projection,1
1705531,mixed,mix->BWD,mix,BWD,0,3,1,35584,25,2.689,37334,1.049,optic,2,2,2,"[opticL3, visual_centrifugalL2] -> opticL2 -> [opticL1, visual_centrifugalL1]",optic,3,visual_centrifugal,2,optic,1,visual_centrifugal,1
1619622,mixed,mix->BWD,mix,BWD,0,3,1,35584,14,1.725,31132,0.875,optic,2,2,2,"[opticL3, visual_projectionL2] -> opticL2 -> [visual_centrifugalL1, visual_projectionL1]",optic,3,visual_projection,2,visual_centrifugal,1,visual_projection,1
1123477,mixed,mix->BWD,mix,BWD,0,3,1,35584,16,1.871,30381,0.854,optic,2,2,2,"[opticL3, visual_centrifugalL2] -> opticL2 -> [visual_centrifugalL1, visual_projectionL1]",optic,3,visual_centrifugal,2,visual_centrifugal,1,visual_projection,1
498942,mixed,mix->BWD,mix,BWD,1,3,0,35584,129,2.892,37104,1.043,optic,2,2,2,"[opticL3, visual_centrifugalL1] -> opticL2 -> [opticL1, visual_projectionL1]",optic,3,visual_centrifugal,1,optic,1,visual_projection,1
105909,mixed,mix->BWD,mix,BWD,1,3,0,35584,5,3.307,37104,1.043,optic,2,2,2,"[opticL3, visual_projectionL1] -> opticL2 -> [opticL1, visual_centrifugalL1]",optic,3,visual_projection,1,optic,1,visual_centrifugal,1
76865,mixed,mix->BWD,mix,BWD,0,3,1,35584,95,2.641,10892,0.306,optic,2,2,2,"[visual_projectionL2, visual_projectionL3] -> opticL2 -> [opticL1, visual_projectionL1]",visual_projection,2,visual_projection,3,optic,1,visual_projection,1
76145,mixed,mix->BWD,mix,BWD,1,3,0,35584,15,3.893,37104,1.043,optic,2,2,2,"[opticL1, opticL3] -> opticL2 -> [visual_centrifugalL1, visual_projectionL1]",optic,1,optic,3,visual_centrifugal,1,visual_projection,1
460985309,mixed,mix->mix,mix,mix,1,1,2,35584,1300,2.541,34032,0.956,optic,2,2,2,"[opticL3, visual_centrifugalL2] -> opticL2 -> [visual_projectionL2, visual_projectionL3]",optic,3,visual_centrifugal,2,visual_projection,2,visual_projection,3
128989659,mixed,mix->mix,mix,mix,2,1,1,35584,872,2.324,33766,0.949,optic,2,2,2,"[opticL3, visual_centrifugalL1] -> opticL2 -> [visual_projectionL2, visual_projectionL3]",optic,3,visual_centrifugal,1,visual_projection,2,visual_projection,3
99231006,mixed,mix->mix,mix,mix,1,2,1,35584,523,4.845,40755,1.145,optic,2,2,2,"[opticL3, visual_projectionL2] -> opticL2 -> [opticL1, visual_projectionL3]",optic,3,visual_projection,2,optic,1,visual_projection,3
79589818,mixed,mix->mix,mix,mix,1,2,1,35584,1128,4.466,40004,1.124,optic,2,2,2,"[opticL3, visual_centrifugalL2] -> opticL2 -> [opticL1, visual_projectionL3]",optic,3,visual_centrifugal,2,optic,1,visual_projection,3
58417525,mixed,mix->mix,mix,mix,1,1,2,35584,581,2.204,34032,0.956,optic,2,2,2,"[visual_centrifugalL2, visual_projectionL3] -> opticL2 -> [opticL3, visual_projectionL2]",visual_centrifugal,2,visual_projection,3,optic,3,visual_projection,2
54467504,mixed,mix->mix,mix,mix,2,1,1,35584,1663,5.749,40755,1.145,optic,2,2,2,"[opticL1, opticL3] -> opticL2 -> [visual_projectionL2, visual_projectionL3]",optic,1,optic,3,visual_projection,2,visual_projection,3
46600911,mixed,mix->mix,mix,mix,1,1,2,35584,104,3.222,34032,0.956,optic,2,2,2,"[opticL3, visual_projectionL2] -> opticL2 -> [visual_centrifugalL2, visual_projectionL3]",optic,3,visual_projection,2,visual_centrifugal,2,visual_projection,3
34407506,mixed,mix->mix,mix,mix,0,2,2,35584,986,2.656,38351,1.078,optic,2,2,2,"[opticL3, visual_centrifugalL2] -> opticL2 -> [opticL1, visual_projectionL2]",optic,3,visual_centrifugal,2,optic,1,visual_projection,2
33422595,mixed,mix->mix,mix,mix,1,2,1,35584,22,2.666,33766,0.949,optic,2,2,2,"[opticL3, visual_projectionL2] -> opticL2 -> [visual_centrifugalL1, visual_projectionL3]",optic,3,visual_projection,2,visual_centrifugal,1,visual_projection,3
31346963,mixed,mix->mix,mix,mix,1,2,1,35584,194,2.841,33802,0.95,optic,2,2,2,"[opticL3, visual_projectionL2] -> opticL2 -> [visual_projectionL1, visual_projectionL3]",optic,3,visual_projection,2,visual_projection,1,visual_projection,3
32243505,mixed,mix->FWD,mix,FWD,3,0,1,35584,440,2.687,33766,0.949,optic,2,2,2,"[visual_centrifugalL1, visual_projectionL2] -> opticL2 -> [opticL3, visual_projectionL3]",visual_centrifugal,1,visual_projection,2,optic,3,visual_projection,3
26383060,mixed,mix->FWD,mix,FWD,2,1,1,35584,149,2.365,33802,0.95,optic,2,2,2,"[visual_centrifugalL3, visual_projectionL2] -> opticL2 -> [opticL3, visual_projectionL3]",visual_centrifugal,3,visual_projection,2,optic,3,visual_projection,3
23661948,mixed,mix->FWD,mix,FWD,3,0,1,35584,705,2.642,33015,0.928,optic,2,2,2,"[visual_centrifugalL1, visual_centrifugalL2] -> opticL2 -> [opticL3, visual_projectionL3]",visual_centrifugal,1,visual_centrifugal,2,optic,3,visual_projection,3
20270389,mixed,mix->FWD,mix,FWD,2,1,1,35584,227,2.376,33051,0.929,optic,2,2,2,"[visual_centrifugalL2, visual_centrifugalL3] -> opticL2 -> [opticL3, visual_projectionL3]",visual_centrifugal,2,visual_centrifugal,3,optic,3,visual_projection,3
15992000,mixed,mix->FWD,mix,FWD,3,0,1,35584,766,4.474,40755,1.145,optic,2,2,2,"[opticL1, visual_projectionL2] -> opticL2 -> [opticL3, visual_projectionL3]",optic,1,visual_projection,2,optic,3,visual_projection,3
12257007,mixed,mix->FWD,mix,FWD,3,0,1,35584,1418,4.054,40004,1.124,optic,2,2,2,"[opticL1, visual_centrifugalL2] -> opticL2 -> [opticL3, visual_projectionL3]",optic,1,visual_centrifugal,2,optic,3,visual_projection,3
9262087,mixed,mix->FWD,mix,FWD,2,1,1,35584,19,1.579,33802,0.95,optic,2,2,2,"[opticL3, visual_projectionL2] -> opticL2 -> [visual_centrifugalL3, visual_projectionL3]",optic,3,visual_projection,2,visual_centrifugal,3,visual_projection,3
7461109,mixed,mix->FWD,mix,FWD,3,0,1,35584,77,3.201,33802,0.95,optic,2,2,2,"[visual_projectionL1, visual_projectionL2] -> opticL2 -> [opticL3, visual_projectionL3]",visual_projection,1,visual_projection,2,optic,3,visual_projection,3
6340666,mixed,mix->FWD,mix,FWD,2,1,1,35584,41,1.698,33051,0.929,optic,2,2,2,"[opticL3, visual_centrifugalL2] -> opticL2 -> [visual_centrifugalL3, visual_projectionL3]",optic,3,visual_centrifugal,2,visual_centrifugal,3,visual_projection,3
5755416,mixed,mix->FWD,mix,FWD,3,0,1,35584,115,2.825,33051,0.929,optic,2,2,2,"[visual_centrifugalL2, visual_projectionL1] -> opticL2 -> [opticL3, visual_projectionL3]",visual_centrifugal,2,visual_projection,1,optic,3,visual_projection,3
6184062,mixed,mix->LAT,mix,LAT,1,1,2,35584,120,2.285,31362,0.881,optic,2,2,2,"[opticL3, visual_centrifugalL1] -> opticL2 -> [visual_centrifugalL2, visual_projectionL2]",optic,3,visual_centrifugal,1,visual_centrifugal,2,visual_projection,2
2856883,mixed,mix->LAT,mix,LAT,1,1,2,35584,136,2.617,38351,1.078,optic,2,2,2,"[opticL1, opticL3] -> opticL2 -> [visual_centrifugalL2, visual_projectionL2]",optic,1,optic,3,visual_centrifugal,2,visual_projection,2
1171515,mixed,mix->LAT,mix,LAT,1,1,2,35584,13,3.375,31398,0.882,optic,2,2,2,"[opticL3, visual_projectionL1] -> opticL2 -> [visual_centrifugalL2, visual_projectionL2]",optic,3,visual_projection,1,visual_centrifugal,2,visual_projection,2
199749,mixed,mix->LAT,mix,LAT,1,1,2,35584,46,2.005,4133,0.116,optic,2,2,2,"[visual_centrifugalL1, visual_projectionL3] -> opticL2 -> [visual_centrifugalL2, visual_projectionL2]",visual_centrifugal,1,visual_projection,3,visual_centrifugal,2,visual_projection,2
72293,mixed,mix->LAT,mix,LAT,1,1,2,35584,26,1.807,1499,0.042,optic,2,2,2,"[visual_centrifugalL1, visual_centrifugalL3] -> opticL2 -> [visual_centrifugalL2, visual_projectionL2]",visual_centrifugal,1,visual_centrifugal,3,visual_centrifugal,2,visual_projection,2
45458,mixed,mix->LAT,mix,LAT,1,1,2,35584,39,3.866,11122,0.313,optic,2,2,2,"[opticL1, visual_projectionL3] -> opticL2 -> [visual_centrifugalL2, visual_projectionL2]",optic,1,visual_projection,3,visual_centrifugal,2,visual_projection,2
44721,mixed,mix->LAT,mix,LAT,0,1,3,35584,2,1.0,36769,1.033,optic,2,2,2,"[opticL3, visual_centrifugalL2] -> opticL2 -> [centralL2, visual_projectionL2]",optic,3,visual_centrifugal,2,central,2,visual_projection,2
35792,mixed,mix->LAT,mix,LAT,1,1,2,35584,11,2.835,4169,0.117,optic,2,2,2,"[visual_projectionL1, visual_projectionL3] -> opticL2 -> [visual_centrifugalL2, visual_projectionL2]",visual_projection,1,visual_projection,3,visual_centrifugal,2,visual_projection,2
13957,mixed,mix->LAT,mix,LAT,1,1,2,35584,20,3.177,8488,0.239,optic,2,2,2,"[opticL1, visual_centrifugalL3] -> opticL2 -> [visual_centrifugalL2, visual_projectionL2]",optic,1,visual_centrifugal,3,visual_centrifugal,2,visual_projection,2
11371,mixed,mix->LAT,mix,LAT,1,1,2,35584,9,2.236,1535,0.043,optic,2,2,2,"[visual_centrifugalL3, visual_projectionL1] -> opticL2 -> [visual_centrifugalL2, visual_projectionL2]",visual_centrifugal,3,visual_projection,1,visual_centrifugal,2,visual_projection,2
8467030,mixed,LAT->mix,LAT,mix,1,1,2,35584,582,3.504,38351,1.078,optic,2,2,2,"[visual_centrifugalL2, visual_projectionL2] -> opticL2 -> [opticL1, opticL3]",visual_centrifugal,2,visual_projection,2,optic,1,optic,3
6232183,mixed,LAT->mix,LAT,mix,1,1,2,35584,39,2.149,31362,0.881,optic,2,2,2,"[visual_centrifugalL2, visual_projectionL2] -> opticL2 -> [opticL3, visual_centrifugalL1]",visual_centrifugal,2,visual_projection,2,optic,3,visual_centrifugal,1
5531997,mixed,LAT->mix,LAT,mix,1,1,2,35584,186,2.133,31398,0.882,optic,2,2,2,"[visual_centrifugalL2, visual_projectionL2] -> opticL2 -> [opticL3, visual_projectionL1]",visual_centrifugal,2,visual_projection,2,optic,3,visual_projection,1
2209478,mixed,LAT->mix,LAT,mix,1,1,2,35584,344,3.623,11122,0.313,optic,2,2,2,"[visual_centrifugalL2, visual_projectionL2] -> opticL2 -> [opticL1, visual_projectionL3]",visual_centrifugal,2,visual_projection,2,optic,1,visual_projection,3
1689390,mixed,LAT->mix,LAT,mix,1,1,2,35584,24,2.129,4133,0.116,optic,2,2,2,"[visual_centrifugalL2, visual_projectionL2] -> opticL2 -> [visual_centrifugalL1, visual_projectionL3]",visual_centrifugal,2,visual_projection,2,visual_centrifugal,1,visual_projection,3
1466700,mixed,LAT->mix,LAT,mix,1,1,2,35584,149,2.047,4169,0.117,optic,2,2,2,"[visual_centrifugalL2, visual_projectionL2] -> opticL2 -> [visual_projectionL1, visual_projectionL3]",visual_centrifugal,2,visual_projection,2,visual_projection,1,visual_projection,3
46471,mixed,LAT->mix,LAT,mix,1,1,2,35584,375,230.953,41318,1.161,optic,2,2,2,"[sensoryL2, visual_centrifugalL2] -> opticL2 -> [opticL1, opticL3]",sensory,2,visual_centrifugal,2,optic,1,optic,3
38240,mixed,LAT->mix,LAT,mix,1,1,2,35584,15,1.473,8488,0.239,optic,2,2,2,"[visual_centrifugalL2, visual_projectionL2] -> opticL2 -> [opticL1, visual_centrifugalL3]",visual_centrifugal,2,visual_projection,2,optic,1,visual_centrifugal,3
33355,mixed,LAT->mix,LAT,mix,1,1,2,35584,6,1.415,1499,0.042,optic,2,2,2,"[visual_centrifugalL2, visual_projectionL2] -> opticL2 -> [visual_centrifugalL1, visual_centrifugalL3]",visual_centrifugal,2,visual_projection,2,visual_centrifugal,1,visual_centrifugal,3
32880,mixed,LAT->mix,LAT,mix,1,1,2,35584,19,1.409,1535,0.043,optic,2,2,2,"[visual_centrifugalL2, visual_projectionL2] -> opticL2 -> [visual_centrifugalL3, visual_projectionL1]",visual_centrifugal,2,visual_projection,2,visual_centrifugal,3,visual_projection,1
119149710,mixed,LAT->FWD,LAT,FWD,2,0,2,35584,770,2.731,34032,0.956,optic,2,2,2,"[visual_centrifugalL2, visual_projectionL2] -> opticL2 -> [opticL3, visual_projectionL3]",visual_centrifugal,2,visual_projection,2,optic,3,visual_projection,3
2009538,mixed,LAT->FWD,LAT,FWD,2,0,2,35584,29,1.774,31398,0.882,optic,2,2,2,"[visual_centrifugalL2, visual_projectionL2] -> opticL2 -> [opticL3, visual_centrifugalL3]",visual_centrifugal,2,visual_projection,2,optic,3,visual_centrifugal,3
510039,mixed,LAT->FWD,LAT,FWD,2,0,2,35584,21,1.58,4169,0.117,optic,2,2,2,"[visual_centrifugalL2, visual_projectionL2] -> opticL2 -> [visual_centrifugalL3, visual_projectionL3]",visual_centrifugal,2,visual_projection,2,visual_centrifugal,3,visual_projection,3
131200,mixed,LAT->FWD,LAT,FWD,2,0,2,35584,15,1.304,37750,1.061,optic,2,2,2,"[sensoryL2, visual_projectionL2] -> opticL2 -> [opticL3, visual_projectionL3]",sensory,2,visual_projection,2,optic,3,visual_projection,3
9404,mixed,LAT->FWD,LAT,FWD,2,0,2,35584,10,1.847,40752,1.145,optic,2,2,2,"[visual_centrifugalL2, visual_projectionL2] -> opticL2 -> [centralL3, opticL3]",visual_centrifugal,2,visual_projection,2,central,3,optic,3
3901,mixed,LAT->FWD,LAT,FWD,2,0,2,35584,106,40.836,36999,1.04,optic,2,2,2,"[sensoryL2, visual_centrifugalL2] -> opticL2 -> [opticL3, visual_projectionL3]",sensory,2,visual_centrifugal,2,optic,3,visual_projection,3
1671,mixed,LAT->FWD,LAT,FWD,2,0,2,35584,7,2.396,13523,0.38,optic,2,2,2,"[visual_centrifugalL2, visual_projectionL2] -> opticL2 -> [centralL3, visual_projectionL3]",visual_centrifugal,2,visual_projection,2,central,3,visual_projection,3
1422,mixed,LAT->FWD,LAT,FWD,2,0,2,35584,6,1.591,39173,1.101,optic,2,2,2,"[centralL2, visual_projectionL2] -> opticL2 -> [opticL3, visual_projectionL3]",central,2,visual_projection,2,optic,3,visual_projection,3
1351,mixed,LAT->FWD,LAT,FWD,2,0,2,35584,9,1.489,38422,1.08,optic,2,2,2,"[centralL2, visual_centrifugalL2] -> opticL2 -> [opticL3, visual_projectionL3]",central,2,visual_centrifugal,2,optic,3,visual_projection,3
543,mixed,LAT->FWD,LAT,FWD,2,0,2,35584,21,15.276,34365,0.966,optic,2,2,2,"[sensoryL2, visual_centrifugalL2] -> opticL2 -> [opticL3, visual_centrifugalL3]",sensory,2,visual_centrifugal,2,optic,3,visual_centrifugal,3
104346054,mixed,BWD->mix,BWD,mix,1,2,1,35584,281,2.264,33802,0.95,optic,2,2,2,"[opticL3, visual_centrifugalL3] -> opticL2 -> [visual_projectionL2, visual_projectionL3]",optic,3,visual_centrifugal,3,visual_projection,2,visual_projection,3
28342240,mixed,BWD->mix,BWD,mix,0,3,1,35584,313,4.009,40755,1.145,optic,2,2,2,"[opticL3, visual_projectionL3] -> opticL2 -> [opticL1, visual_projectionL2]",optic,3,visual_projection,3,optic,1,visual_projection,2
16803445,mixed,BWD->mix,BWD,mix,0,3,1,35584,34,1.957,33766,0.949,optic,2,2,2,"[opticL3, visual_projectionL3] -> opticL2 -> [visual_centrifugalL1, visual_projectionL2]",optic,3,visual_projection,3,visual_centrifugal,1,visual_projection,2
16317669,mixed,BWD->mix,BWD,mix,0,3,1,35584,245,2.048,33802,0.95,optic,2,2,2,"[opticL3, visual_projectionL3] -> opticL2 -> [visual_projectionL1, visual_projectionL2]",optic,3,visual_projection,3,visual_projection,1,visual_projection,2
15968172,mixed,BWD->mix,BWD,mix,1,3,0,35584,181,3.902,39774,1.118,optic,2,2,2,"[opticL3, visual_centrifugalL3] -> opticL2 -> [opticL1, visual_projectionL3]",optic,3,visual_centrifugal,3,optic,1,visual_projection,3
13891087,mixed,BWD->mix,BWD,mix,1,2,1,35584,159,2.14,33802,0.95,optic,2,2,2,"[visual_centrifugalL3, visual_projectionL3] -> opticL2 -> [opticL3, visual_projectionL2]",visual_centrifugal,3,visual_projection,3,optic,3,visual_projection,2
7543428,mixed,BWD->mix,BWD,mix,0,3,1,35584,131,2.3,38121,1.071,optic,2,2,2,"[opticL3, visual_centrifugalL3] -> opticL2 -> [opticL1, visual_projectionL2]",optic,3,visual_centrifugal,3,optic,1,visual_projection,2
6229700,mixed,BWD->mix,BWD,mix,1,2,1,35584,35,4.182,33051,0.929,optic,2,2,2,"[opticL3, visual_centrifugalL3] -> opticL2 -> [visual_centrifugalL2, visual_projectionL3]",optic,3,visual_centrifugal,3,visual_centrifugal,2,visual_projection,3
5996144,mixed,BWD->mix,BWD,mix,0,3,1,35584,10,1.737,31132,0.875,optic,2,2,2,"[opticL3, visual_centrifugalL3] -> opticL2 -> [visual_centrifugalL1, visual_projectionL2]",optic,3,visual_centrifugal,3,visual_centrifugal,1,visual_projection,2
5626645,mixed,BWD->mix,BWD,mix,0,3,1,35584,131,1.662,31168,0.876,optic,2,2,2,"[opticL3, visual_centrifugalL3] -> opticL2 -> [visual_projectionL1, visual_projectionL2]",optic,3,visual_centrifugal,3,visual_projection,1,visual_projection,2
2940555,pure_BWD,BWD->BWD,BWD,BWD,0,4,0,35584,183,3.349,39774,1.118,optic,2,2,2,"[opticL3, visual_projectionL3] -> opticL2 -> [opticL1, visual_projectionL1]",optic,3,visual_projection,3,optic,1,visual_projection,1
1312716,pure_BWD,BWD->BWD,BWD,BWD,0,4,0,35584,25,3.581,39738,1.117,optic,2,2,2,"[opticL3, visual_projectionL3] -> opticL2 -> [opticL1, visual_centrifugalL1]",optic,3,visual_projection,3,optic,1,visual_centrifugal,1
755709,pure_BWD,BWD->BWD,BWD,BWD,0,4,0,35584,14,2.078,32785,0.921,optic,2,2,2,"[opticL3, visual_projectionL3] -> opticL2 -> [visual_centrifugalL1, visual_projectionL1]",optic,3,visual_projection,3,visual_centrifugal,1,visual_projection,1
560099,pure_BWD,BWD->BWD,BWD,BWD,0,4,0,35584,77,2.742,37140,1.044,optic,2,2,2,"[opticL3, visual_centrifugalL3] -> opticL2 -> [opticL1, visual_projectionL1]",optic,3,visual_centrifugal,3,optic,1,visual_projection,1
292840,pure_BWD,BWD->BWD,BWD,BWD,0,4,0,35584,7,1.817,37104,1.043,optic,2,2,2,"[opticL3, visual_centrifugalL3] -> opticL2 -> [opticL1, visual_centrifugalL1]",optic,3,visual_centrifugal,3,optic,1,visual_centrifugal,1
261623,pure_BWD,BWD->BWD,BWD,BWD,0,4,0,35584,3,1.744,30151,0.847,optic,2,2,2,"[opticL3, visual_centrifugalL3] -> opticL2 -> [visual_centrifugalL1, visual_projectionL1]",optic,3,visual_centrifugal,3,visual_centrifugal,1,visual_projection,1
13564,pure_BWD,BWD->BWD,BWD,BWD,0,4,0,35584,53,2.553,9911,0.279,optic,2,2,2,"[visual_centrifugalL3, visual_projectionL3] -> opticL2 -> [opticL1, visual_projectionL1]",visual_centrifugal,3,visual_projection,3,optic,1,visual_projection,1
9716,pure_BWD,BWD->BWD,BWD,BWD,0,4,0,35584,3,1.867,2922,0.082,optic,2,2,2,"[visual_centrifugalL3, visual_projectionL3] -> opticL2 -> [visual_centrifugalL1, visual_projectionL1]",visual_centrifugal,3,visual_projection,3,visual_centrifugal,1,visual_projection,1
9177,pure_BWD,BWD->BWD,BWD,BWD,0,4,0,35584,6,1.59,9875,0.278,optic,2,2,2,"[visual_centrifugalL3, visual_projectionL3] -> opticL2 -> [opticL1, visual_centrifugalL1]",visual_centrifugal,3,visual_projection,3,optic,1,visual_centrifugal,1
6831,pure_BWD,BWD->BWD,BWD,BWD,0,4,0,35584,1,1.0,46494,1.307,optic,2,2,2,"[centralL3, opticL3] -> opticL2 -> [opticL1, visual_projectionL1]",central,3,optic,3,optic,1,visual_projection,1
14698260,mixed,BWD->LAT,BWD,LAT,0,2,2,35584,92,2.793,34032,0.956,optic,2,2,2,"[opticL3, visual_projectionL3] -> opticL2 -> [visual_centrifugalL2, visual_projectionL2]",optic,3,visual_projection,3,visual_centrifugal,2,visual_projection,2
4736320,mixed,BWD->LAT,BWD,LAT,0,2,2,35584,38,2.138,31398,0.882,optic,2,2,2,"[opticL3, visual_centrifugalL3] -> opticL2 -> [visual_centrifugalL2, visual_projectionL2]",optic,3,visual_centrifugal,3,visual_centrifugal,2,visual_projection,2
163030,mixed,BWD->LAT,BWD,LAT,0,2,2,35584,24,2.019,4169,0.117,optic,2,2,2,"[visual_centrifugalL3, visual_projectionL3] -> opticL2 -> [visual_centrifugalL2, visual_projectionL2]",visual_centrifugal,3,visual_projection,3,visual_centrifugal,2,visual_projection,2
11316,mixed,BWD->LAT,BWD,LAT,0,2,2,35584,3,1.025,40752,1.145,optic,2,2,2,"[centralL3, opticL3] -> opticL2 -> [visual_centrifugalL2, visual_projectionL2]",central,3,optic,3,visual_centrifugal,2,visual_projection,2
7467,mixed,BWD->LAT,BWD,LAT,0,2,2,35584,2,1.004,39173,1.101,optic,2,2,2,"[opticL3, visual_projectionL3] -> opticL2 -> [centralL2, visual_projectionL2]",optic,3,visual_projection,3,central,2,visual_projection,2
3726,mixed,BWD->LAT,BWD,LAT,0,2,2,35584,1,1.0,45893,1.29,optic,2,2,2,"[centralL3, opticL3] -> opticL2 -> [centralL2, visual_projectionL2]",central,3,optic,3,central,2,visual_projection,2
1242,mixed,BWD->LAT,BWD,LAT,0,2,2,35584,1,1.0,38422,1.08,optic,2,2,2,"[opticL3, visual_projectionL3] -> opticL2 -> [centralL2, visual_centrifugalL2]",optic,3,visual_projection,3,central,2,visual_centrifugal,2
1230,mixed,BWD->LAT,BWD,LAT,0,2,2,35584,2,1.572,37750,1.061,optic,2,2,2,"[opticL3, visual_projectionL3] -> opticL2 -> [sensoryL2, visual_projectionL2]",optic,3,visual_projection,3,sensory,2,visual_projection,2
621,mixed,BWD->LAT,BWD,LAT,0,2,2,35584,1,1.0,45142,1.269,optic,2,2,2,"[centralL3, opticL3] -> opticL2 -> [centralL2, visual_centrifugalL2]",central,3,optic,3,central,2,visual_centrifugal,2
405,mixed,BWD->LAT,BWD,LAT,0,2,2,35584,2,1.642,13523,0.38,optic,2,2,2,"[centralL3, visual_projectionL3] -> opticL2 -> [visual_centrifugalL2, visual_projectionL2]",central,3,visual_projection,3,visual_centrifugal,2,visual_projection,2
370,mixed,BWD->FWD,BWD,FWD,2,2,0,35584,2,1.073,42175,1.185,optic,2,2,2,"[visual_centrifugalL3, visual_projectionL3] -> opticL2 -> [centralL3, opticL3]",visual_centrifugal,3,visual_projection,3,central,3,optic,3
200,mixed,BWD->FWD,BWD,FWD,2,2,0,35584,2,1.855,42175,1.185,optic,2,2,2,"[opticL3, visual_centrifugalL3] -> opticL2 -> [centralL3, visual_projectionL3]",optic,3,visual_centrifugal,3,central,3,visual_projection,3
55,mixed,BWD->FWD,BWD,FWD,2,2,0,35584,4,2.998,42175,1.185,optic,2,2,2,"[centralL3, visual_centrifugalL3] -> opticL2 -> [opticL3, visual_projectionL3]",central,3,visual_centrifugal,3,optic,3,visual_projection,3
23,mixed,BWD->FWD,BWD,FWD,2,2,0,35584,2,1.734,42175,1.185,optic,2,2,2,"[centralL3, opticL3] -> opticL2 -> [visual_centrifugalL3, visual_projectionL3]",central,3,optic,3,visual_centrifugal,3,visual_projection,3
42,mixed,FWD->BWD,FWD,BWD,2,2,0,35584,7,2.782,7695,0.216,optic,2,2,2,"[opticL1, visual_centrifugalL1] -> opticL2 -> [centralL1, visual_projectionL1]",optic,1,visual_centrifugal,1,central,1,visual_projection,1
11,mixed,FWD->BWD,FWD,BWD,2,2,0,35584,1,1.0,7313,0.206,optic,2,2,2,"[visual_centrifugalL1, visual_projectionL1] -> opticL2 -> [ascendingL1, opticL1]",visual_centrifugal,1,visual_projection,1,ascending,1,optic,1
98492,mixed,LAT->BWD,LAT,BWD,0,2,2,35584,104,1.785,8488,0.239,optic,2,2,2,"[visual_centrifugalL2, visual_projectionL2] -> opticL2 -> [opticL1, visual_projectionL1]",visual_centrifugal,2,visual_projection,2,optic,1,visual_projection,1
92836,mixed,LAT->BWD,LAT,BWD,0,2,2,35584,16,1.563,8452,0.238,optic,2,2,2,"[visual_centrifugalL2, visual_projectionL2] -> opticL2 -> [opticL1, visual_centrifugalL1]",visual_centrifugal,2,visual_projection,2,optic,1,visual_centrifugal,1
88314,mixed,LAT->BWD,LAT,BWD,0,2,2,35584,15,1.678,1499,0.042,optic,2,2,2,"[visual_centrifugalL2, visual_projectionL2] -> opticL2 -> [visual_centrifugalL1, visual_projectionL1]",visual_centrifugal,2,visual_projection,2,visual_centrifugal,1,visual_projection,1
660,mixed,LAT->BWD,LAT,BWD,0,2,2,35584,1,1.0,8560,0.241,optic,2,2,2,"[visual_centrifugalL2, visual_projectionL2] -> opticL2 -> [ascendingL1, opticL1]",visual_centrifugal,2,visual_projection,2,ascending,1,optic,1
180,mixed,LAT->BWD,LAT,BWD,0,2,2,35584,1,1.0,1607,0.045,optic,2,2,2,"[visual_centrifugalL2, visual_projectionL2] -> opticL2 -> [ascendingL1, visual_projectionL1]",visual_centrifugal,2,visual_projection,2,ascending,1,visual_projection,1
60,mixed,LAT->BWD,LAT,BWD,0,2,2,35584,1,1.0,1571,0.044,optic,2,2,2,"[visual_centrifugalL2, visual_projectionL2] -> opticL2 -> [ascendingL1, visual_centrifugalL1]",visual_centrifugal,2,visual_projection,2,ascending,1,visual_centrifugal,1
38,mixed,LAT->BWD,LAT,BWD,0,2,2,35584,8,5.87,11455,0.322,optic,2,2,2,"[sensoryL2, visual_centrifugalL2] -> opticL2 -> [opticL1, visual_projectionL1]",sensory,2,visual_centrifugal,2,optic,1,visual_projection,1
28,mixed,LAT->BWD,LAT,BWD,0,2,2,35584,1,1.0,14158,0.398,optic,2,2,2,"[visual_centrifugalL2, visual_projectionL2] -> opticL2 -> [opticL1, sensoryL1]",visual_centrifugal,2,visual_projection,2,optic,1,sensory,1
3116986,mixed,mix->BWD,mix,BWD,1,2,1,29944,48,1.836,39672,1.325,optic,3,2,2,"[visual_projectionL2, visual_projectionL3] -> opticL3 -> [opticL2, visual_centrifugalL2]",visual_projection,2,visual_projection,3,optic,2,visual_centrifugal,2
1753619,mixed,mix->BWD,mix,BWD,1,2,1,29944,720,4.29,39672,1.325,optic,3,2,2,"[visual_centrifugalL2, visual_projectionL3] -> opticL3 -> [opticL2, visual_projectionL2]",visual_centrifugal,2,visual_projection,3,optic,2,visual_projection,2
600667,mixed,mix->BWD,mix,BWD,1,2,1,29944,71,1.757,39672,1.325,optic,3,2,2,"[opticL2, visual_projectionL3] -> opticL3 -> [visual_centrifugalL2, visual_projectionL2]",optic,2,visual_projection,3,visual_centrifugal,2,visual_projection,2
174099,mixed,mix->BWD,mix,BWD,1,2,1,29944,2,1.0,42639,1.424,optic,3,2,2,"[visual_centrifugalL2, visual_projectionL3] -> opticL3 -> [opticL2, sensoryL2]",visual_centrifugal,2,visual_projection,3,optic,2,sensory,2
143374,mixed,mix->BWD,mix,BWD,1,2,1,29944,1,1.0,43390,1.449,optic,3,2,2,"[visual_projectionL2, visual_projectionL3] -> opticL3 -> [opticL2, sensoryL2]",visual_projection,2,visual_projection,3,optic,2,sensory,2
103623,mixed,mix->BWD,mix,BWD,1,2,1,29944,287,7.147,37038,1.237,optic,3,2,2,"[visual_centrifugalL2, visual_centrifugalL3] -> opticL3 -> [opticL2, visual_projectionL2]",visual_centrifugal,2,visual_centrifugal,3,optic,2,visual_projection,2
79086,mixed,mix->BWD,mix,BWD,1,2,1,29944,23,1.721,37038,1.237,optic,3,2,2,"[visual_centrifugalL3, visual_projectionL2] -> opticL3 -> [opticL2, visual_centrifugalL2]",visual_centrifugal,3,visual_projection,2,optic,2,visual_centrifugal,2
51205,mixed,mix->BWD,mix,BWD,1,2,1,29944,1,1.0,42639,1.424,optic,3,2,2,"[sensoryL2, visual_projectionL3] -> opticL3 -> [opticL2, visual_centrifugalL2]",sensory,2,visual_projection,3,optic,2,visual_centrifugal,2
28189,mixed,mix->BWD,mix,BWD,1,2,1,29944,28,1.941,37038,1.237,optic,3,2,2,"[opticL2, visual_centrifugalL3] -> opticL3 -> [visual_centrifugalL2, visual_projectionL2]",optic,2,visual_centrifugal,3,visual_centrifugal,2,visual_projection,2
18095,mixed,mix->BWD,mix,BWD,1,2,1,29944,1,1.0,42639,1.424,optic,3,2,2,"[opticL2, visual_projectionL3] -> opticL3 -> [sensoryL2, visual_centrifugalL2]",optic,2,visual_projection,3,sensory,2,visual_centrifugal,2
960784,mixed,mix->mix,mix,mix,1,1,2,29944,552,4.874,39442,1.317,optic,3,2,2,"[opticL2, visual_centrifugalL3] -> opticL3 -> [visual_projectionL2, visual_projectionL3]",optic,2,visual_centrifugal,3,visual_projection,2,visual_projection,3
766741,mixed,mix->mix,mix,mix,1,1,2,29944,12,1.445,39442,1.317,optic,3,2,2,"[visual_projectionL2, visual_projectionL3] -> opticL3 -> [opticL2, visual_centrifugalL3]",visual_projection,2,visual_projection,3,optic,2,visual_centrifugal,3
674300,mixed,mix->mix,mix,mix,1,1,2,29944,25,1.638,38691,1.292,optic,3,2,2,"[visual_centrifugalL2, visual_projectionL3] -> opticL3 -> [opticL2, visual_centrifugalL3]",visual_centrifugal,2,visual_projection,3,optic,2,visual_centrifugal,3
464856,mixed,mix->mix,mix,mix,1,1,2,29944,411,5.047,38691,1.292,optic,3,2,2,"[visual_centrifugalL2, visual_centrifugalL3] -> opticL3 -> [opticL2, visual_projectionL3]",visual_centrifugal,2,visual_centrifugal,3,optic,2,visual_projection,3
328112,mixed,mix->mix,mix,mix,1,1,2,29944,276,4.134,39442,1.317,optic,3,2,2,"[visual_centrifugalL3, visual_projectionL2] -> opticL3 -> [opticL2, visual_projectionL3]",visual_centrifugal,3,visual_projection,2,optic,2,visual_projection,3
145648,mixed,mix->mix,mix,mix,1,1,2,29944,7,1.281,38691,1.292,optic,3,2,2,"[opticL2, visual_projectionL3] -> opticL3 -> [visual_centrifugalL2, visual_centrifugalL3]",optic,2,visual_projection,3,visual_centrifugal,2,visual_centrifugal,3
116240,mixed,mix->mix,mix,mix,1,1,2,29944,38,1.676,38691,1.292,optic,3,2,2,"[opticL2, visual_centrifugalL3] -> opticL3 -> [visual_centrifugalL2, visual_projectionL3]",optic,2,visual_centrifugal,3,visual_centrifugal,2,visual_projection,3
40059,mixed,mix->mix,mix,mix,1,1,2,29944,283,8.741,4169,0.139,optic,3,2,2,"[visual_centrifugalL2, visual_centrifugalL3] -> opticL3 -> [visual_projectionL2, visual_projectionL3]",visual_centrifugal,2,visual_centrifugal,3,visual_projection,2,visual_projection,3
39991,mixed,mix->mix,mix,mix,1,1,2,29944,42,1.204,39442,1.317,optic,3,2,2,"[opticL2, visual_projectionL3] -> opticL3 -> [visual_centrifugalL3, visual_projectionL2]",optic,2,visual_projection,3,visual_centrifugal,3,visual_projection,2
26111,mixed,mix->mix,mix,mix,1,1,2,29944,3,1.487,4169,0.139,optic,3,2,2,"[visual_projectionL2, visual_projectionL3] -> opticL3 -> [visual_centrifugalL2, visual_centrifugalL3]",visual_projection,2,visual_projection,3,visual_centrifugal,2,visual_centrifugal,3
5535255,mixed,FWD->mix,FWD,mix,2,1,1,29944,1465,4.31,39672,1.325,optic,3,2,2,"[opticL2, visual_centrifugalL2] -> opticL3 -> [visual_projectionL2, visual_projectionL3]",optic,2,visual_centrifugal,2,visual_projection,2,visual_projection,3
2178018,mixed,FWD->mix,FWD,mix,2,1,1,29944,945,3.001,39672,1.325,optic,3,2,2,"[visual_centrifugalL2, visual_projectionL2] -> opticL3 -> [opticL2, visual_projectionL3]",visual_centrifugal,2,visual_projection,2,optic,2,visual_projection,3
864792,mixed,FWD->mix,FWD,mix,2,1,1,29944,67,1.185,39672,1.325,optic,3,2,2,"[opticL2, visual_projectionL2] -> opticL3 -> [visual_centrifugalL2, visual_projectionL3]",optic,2,visual_projection,2,visual_centrifugal,2,visual_projection,3
168206,mixed,FWD->mix,FWD,mix,2,1,1,29944,20,1.484,37038,1.237,optic,3,2,2,"[visual_centrifugalL2, visual_projectionL2] -> opticL3 -> [opticL2, visual_centrifugalL3]",visual_centrifugal,2,visual_projection,2,optic,2,visual_centrifugal,3
37771,mixed,FWD->mix,FWD,mix,2,1,1,29944,6,1.192,37038,1.237,optic,3,2,2,"[opticL2, visual_projectionL2] -> opticL3 -> [visual_centrifugalL2, visual_centrifugalL3]",optic,2,visual_projection,2,visual_centrifugal,2,visual_centrifugal,3
15668,mixed,FWD->mix,FWD,mix,2,1,1,29944,44,2.745,37038,1.237,optic,3,2,2,"[opticL2, visual_centrifugalL2] -> opticL3 -> [visual_centrifugalL3, visual_projectionL2]",optic,2,visual_centrifugal,2,visual_centrifugal,3,visual_projection,2
9696,mixed,FWD->mix,FWD,mix,2,1,1,29944,2,1.001,37100,1.239,optic,3,2,2,"[opticL2, visual_centrifugalL2] -> opticL3 -> [descendingL3, visual_projectionL2]",optic,2,visual_centrifugal,2,descending,3,visual_projection,2
2261,mixed,FWD->mix,FWD,mix,2,1,1,29944,1,1.0,40005,1.336,optic,3,2,2,"[sensoryL2, visual_centrifugalL2] -> opticL3 -> [opticL2, visual_centrifugalL3]",sensory,2,visual_centrifugal,2,optic,2,visual_centrifugal,3
1862,mixed,FWD->mix,FWD,mix,2,1,1,29944,1,1.0,40756,1.361,optic,3,2,2,"[sensoryL2, visual_projectionL2] -> opticL3 -> [opticL2, visual_centrifugalL3]",sensory,2,visual_projection,2,optic,2,visual_centrifugal,3
799,mixed,FWD->mix,FWD,mix,2,1,1,29944,1,1.0,40005,1.336,optic,3,2,2,"[opticL2, visual_centrifugalL2] -> opticL3 -> [sensoryL2, visual_centrifugalL3]",optic,2,visual_centrifugal,2,sensory,2,visual_centrifugal,3
64256,mixed,FWD->LAT,FWD,LAT,2,0,2,29944,46,1.827,38691,1.292,optic,3,2,2,"[opticL2, visual_centrifugalL2] -> opticL3 -> [visual_centrifugalL3, visual_projectionL3]",optic,2,visual_centrifugal,2,visual_centrifugal,3,visual_projection,3
29926,mixed,FWD->LAT,FWD,LAT,2,0,2,29944,14,1.68,39442,1.317,optic,3,2,2,"[opticL2, visual_projectionL2] -> opticL3 -> [visual_centrifugalL3, visual_projectionL3]",optic,2,visual_projection,2,visual_centrifugal,3,visual_projection,3
1259,mixed,FWD->LAT,FWD,LAT,2,0,2,29944,12,2.193,4169,0.139,optic,3,2,2,"[visual_centrifugalL2, visual_projectionL2] -> opticL3 -> [visual_centrifugalL3, visual_projectionL3]",visual_centrifugal,2,visual_projection,2,visual_centrifugal,3,visual_projection,3
376,mixed,FWD->LAT,FWD,LAT,2,0,2,29944,13,5.258,48045,1.604,optic,3,2,2,"[opticL2, visual_centrifugalL2] -> opticL3 -> [centralL3, visual_projectionL3]",optic,2,visual_centrifugal,2,central,3,visual_projection,3
259,mixed,FWD->LAT,FWD,LAT,2,0,2,29944,7,3.708,13523,0.452,optic,3,2,2,"[visual_centrifugalL2, visual_projectionL2] -> opticL3 -> [centralL3, visual_projectionL3]",visual_centrifugal,2,visual_projection,2,central,3,visual_projection,3
210,mixed,FWD->LAT,FWD,LAT,2,0,2,29944,6,3.044,48796,1.63,optic,3,2,2,"[opticL2, visual_projectionL2] -> opticL3 -> [centralL3, visual_projectionL3]",optic,2,visual_projection,2,central,3,visual_projection,3
96,mixed,FWD->LAT,FWD,LAT,2,0,2,29944,1,1.0,39504,1.319,optic,3,2,2,"[opticL2, visual_projectionL2] -> opticL3 -> [descendingL3, visual_projectionL3]",optic,2,visual_projection,2,descending,3,visual_projection,3
96,mixed,FWD->LAT,FWD,LAT,2,0,2,29944,1,1.0,4231,0.141,optic,3,2,2,"[visual_centrifugalL2, visual_projectionL2] -> opticL3 -> [descendingL3, visual_projectionL3]",visual_centrifugal,2,visual_projection,2,descending,3,visual_projection,3
35,mixed,FWD->LAT,FWD,LAT,2,0,2,29944,2,1.96,43832,1.464,optic,3,2,2,"[centralL2, opticL2] -> opticL3 -> [visual_centrifugalL3, visual_projectionL3]",central,2,optic,2,visual_centrifugal,3,visual_projection,3
26,mixed,FWD->LAT,FWD,LAT,2,0,2,29944,2,1.166,45411,1.517,optic,3,2,2,"[opticL2, visual_centrifugalL2] -> opticL3 -> [centralL3, visual_centrifugalL3]",optic,2,visual_centrifugal,2,central,3,visual_centrifugal,3
31654,mixed,FWD->BWD,FWD,BWD,2,2,0,29944,1,1.0,40986,1.369,optic,3,2,2,"[visual_centrifugalL2, visual_projectionL2] -> opticL3 -> [opticL2, sensoryL2]",visual_centrifugal,2,visual_projection,2,optic,2,sensory,2
9310,mixed,FWD->BWD,FWD,BWD,2,2,0,29944,1,1.0,40986,1.369,optic,3,2,2,"[sensoryL2, visual_projectionL2] -> opticL3 -> [opticL2, visual_centrifugalL2]",sensory,2,visual_projection,2,optic,2,visual_centrifugal,2
3290,mixed,FWD->BWD,FWD,BWD,2,2,0,29944,1,1.0,40986,1.369,optic,3,2,2,"[opticL2, visual_projectionL2] -> opticL3 -> [sensoryL2, visual_centrifugalL2]",optic,2,visual_projection,2,sensory,2,visual_centrifugal,2
920,mixed,FWD->BWD,FWD,BWD,2,2,0,29944,3,1.375,42409,1.416,optic,3,2,2,"[visual_centrifugalL2, visual_projectionL2] -> opticL3 -> [centralL2, opticL2]",visual_centrifugal,2,visual_projection,2,central,2,optic,2
190,mixed,FWD->BWD,FWD,BWD,2,2,0,29944,3,1.266,42409,1.416,optic,3,2,2,"[centralL2, visual_centrifugalL2] -> opticL3 -> [opticL2, visual_projectionL2]",central,2,visual_centrifugal,2,optic,2,visual_projection,2
64,mixed,mix->LAT,mix,LAT,1,0,3,29944,1,1.0,13355,0.446,optic,3,2,2,"[visual_projectionL2, visual_projectionL3] -> opticL3 -> [centralL3, descendingL3]",visual_projection,2,visual_projection,3,central,3,descending,3
49,mixed,mix->LAT,mix,LAT,1,0,3,29944,4,3.258,47815,1.597,optic,3,2,2,"[opticL2, visual_centrifugalL3] -> opticL3 -> [centralL3, visual_projectionL3]",optic,2,visual_centrifugal,3,central,3,visual_projection,3
29,mixed,mix->LAT,mix,LAT,1,0,3,29944,4,3.609,12542,0.419,optic,3,2,2,"[visual_centrifugalL2, visual_centrifugalL3] -> opticL3 -> [centralL3, visual_projectionL3]",visual_centrifugal,2,visual_centrifugal,3,central,3,visual_projection,3
20,mixed,mix->LAT,mix,LAT,1,0,3,29944,1,1.0,12542,0.419,optic,3,2,2,"[centralL3, visual_centrifugalL2] -> opticL3 -> [visual_centrifugalL3, visual_projectionL3]",central,3,visual_centrifugal,2,visual_centrifugal,3,visual_projection,3
15,mixed,mix->LAT,mix,LAT,1,0,3,29944,1,1.0,47815,1.597,optic,3,2,2,"[centralL3, opticL2] -> opticL3 -> [visual_centrifugalL3, visual_projectionL3]",central,3,optic,2,visual_centrifugal,3,visual_projection,3
294522,mixed,LAT->BWD,LAT,BWD,0,2,2,29944,31,1.718,38691,1.292,optic,3,2,2,"[visual_centrifugalL3, visual_projectionL3] -> opticL3 -> [opticL2, visual_centrifugalL2]",visual_centrifugal,3,visual_projection,3,optic,2,visual_centrifugal,2
184285,mixed,LAT->BWD,LAT,BWD,0,2,2,29944,277,3.502,39442,1.317,optic,3,2,2,"[visual_centrifugalL3, visual_projectionL3] -> opticL3 -> [opticL2, visual_projectionL2]",visual_centrifugal,3,visual_projection,3,optic,2,visual_projection,2
10241,mixed,LAT->BWD,LAT,BWD,0,2,2,29944,1,1.0,42409,1.416,optic,3,2,2,"[visual_centrifugalL3, visual_projectionL3] -> opticL3 -> [opticL2, sensoryL2]",visual_centrifugal,3,visual_projection,3,optic,2,sensory,2
3440,mixed,LAT->BWD,LAT,BWD,0,2,2,29944,23,2.109,4169,0.139,optic,3,2,2,"[visual_centrifugalL3, visual_projectionL3] -> opticL3 -> [visual_centrifugalL2, visual_projectionL2]",visual_centrifugal,3,visual_projection,3,visual_centrifugal,2,visual_projection,2
385,mixed,LAT->BWD,LAT,BWD,0,2,2,29944,1,1.0,7136,0.238,optic,3,2,2,"[visual_centrifugalL3, visual_projectionL3] -> opticL3 -> [sensoryL2, visual_centrifugalL2]",visual_centrifugal,3,visual_projection,3,sensory,2,visual_centrifugal,2
258,mixed,LAT->BWD,LAT,BWD,0,2,2,29944,3,1.455,48796,1.63,optic,3,2,2,"[centralL3, visual_projectionL3] -> opticL3 -> [opticL2, visual_projectionL2]",central,3,visual_projection,3,optic,2,visual_projection,2
62,mixed,LAT->BWD,LAT,BWD,0,2,2,29944,2,1.776,46162,1.542,optic,3,2,2,"[centralL3, visual_centrifugalL3] -> opticL3 -> [opticL2, visual_projectionL2]",central,3,visual_centrifugal,3,optic,2,visual_projection,2
14,mixed,LAT->BWD,LAT,BWD,0,2,2,29944,2,1.69,48045,1.604,optic,3,2,2,"[centralL3, visual_projectionL3] -> opticL3 -> [opticL2, visual_centrifugalL2]",central,3,visual_projection,3,optic,2,visual_centrifugal,2
10,mixed,LAT->BWD,LAT,BWD,0,2,2,29944,2,1.471,13523,0.452,optic,3,2,2,"[centralL3, visual_projectionL3] -> opticL3 -> [visual_centrifugalL2, visual_projectionL2]",central,3,visual_projection,3,visual_centrifugal,2,visual_projection,2
55,mixed,LAT->mix,LAT,mix,0,1,3,29944,2,1.862,47815,1.597,optic,3,2,2,"[centralL3, visual_centrifugalL3] -> opticL3 -> [opticL2, visual_projectionL3]",central,3,visual_centrifugal,3,optic,2,visual_projection,3
48,mixed,LAT->mix,LAT,mix,0,1,3,29944,3,2.133,47815,1.597,optic,3,2,2,"[visual_centrifugalL3, visual_projectionL3] -> opticL3 -> [centralL3, opticL2]",visual_centrifugal,3,visual_projection,3,central,3,optic,2
46,mixed,LAT->mix,LAT,mix,0,1,3,29944,2,1.83,13293,0.444,optic,3,2,2,"[centralL3, visual_centrifugalL3] -> opticL3 -> [visual_projectionL2, visual_projectionL3]",central,3,visual_centrifugal,3,visual_projection,2,visual_projection,3
35,mixed,LAT->mix,LAT,mix,0,1,3,29944,1,1.0,47815,1.597,optic,3,2,2,"[centralL3, visual_projectionL3] -> opticL3 -> [opticL2, visual_centrifugalL3]",central,3,visual_projection,3,optic,2,visual_centrifugal,3
30,mixed,LAT->mix,LAT,mix,0,1,3,29944,1,1.0,13293,0.444,optic,3,2,2,"[centralL3, visual_projectionL3] -> opticL3 -> [visual_centrifugalL3, visual_projectionL2]",central,3,visual_projection,3,visual_centrifugal,3,visual_projection,2
20,mixed,LAT->mix,LAT,mix,0,1,3,29944,3,2.597,13293,0.444,optic,3,2,2,"[visual_centrifugalL3, visual_projectionL3] -> opticL3 -> [centralL3, visual_projectionL2]",visual_centrifugal,3,visual_projection,3,central,3,visual_projection,2
235,mixed,mix->mix,mix,mix,0,2,2,4029,4,2.606,15977,3.966,sensory,2,2,2,"[ascendingL2, centralL3] -> sensoryL2 -> [centralL1, centralL2]",ascending,2,central,3,central,1,central,2
226,mixed,mix->mix,mix,mix,1,2,1,4029,3,2.7,21173,5.255,sensory,2,2,2,"[centralL3, sensoryL1] -> sensoryL2 -> [centralL1, centralL2]",central,3,sensory,1,central,1,central,2
218,mixed,mix->mix,mix,mix,2,1,1,4029,3,2.077,15909,3.949,sensory,2,2,2,"[centralL1, centralL3] -> sensoryL2 -> [ascendingL3, centralL2]",central,1,central,3,ascending,3,central,2
214,mixed,mix->mix,mix,mix,1,2,1,4029,15,9.895,15565,3.863,sensory,2,2,2,"[centralL2, centralL3] -> sensoryL2 -> [centralL1, descendingL3]",central,2,central,3,central,1,descending,3
140,mixed,mix->mix,mix,mix,1,1,2,4029,2,1.324,15585,3.868,sensory,2,2,2,"[ascendingL2, centralL3] -> sensoryL2 -> [centralL2, descendingL3]",ascending,2,central,3,central,2,descending,3
138,mixed,mix->mix,mix,mix,2,1,1,4029,2,1.155,15565,3.863,sensory,2,2,2,"[centralL1, centralL3] -> sensoryL2 -> [centralL2, descendingL3]",central,1,central,3,central,2,descending,3
102,mixed,mix->mix,mix,mix,2,0,2,4029,3,2.558,15977,3.966,sensory,2,2,2,"[centralL1, centralL2] -> sensoryL2 -> [ascendingL2, centralL3]",central,1,central,2,ascending,2,central,3
100,mixed,mix->mix,mix,mix,2,1,1,4029,1,1.0,15565,3.863,sensory,2,2,2,"[centralL1, descendingL3] -> sensoryL2 -> [centralL2, centralL3]",central,1,descending,3,central,2,central,3
98,mixed,mix->mix,mix,mix,1,1,2,4029,3,1.749,15082,3.743,sensory,2,2,2,"[centralL2, centralL3] -> sensoryL2 -> [descendingL2, descendingL3]",central,2,central,3,descending,2,descending,3
97,mixed,mix->mix,mix,mix,2,1,1,4029,2,1.021,15527,3.854,sensory,2,2,2,"[ascendingL1, ascendingL3] -> sensoryL2 -> [centralL2, centralL3]",ascending,1,ascending,3,central,2,central,3
410,mixed,mix->FWD,mix,FWD,2,1,1,4029,10,6.34,16459,4.085,sensory,2,2,2,"[centralL2, descendingL3] -> sensoryL2 -> [centralL3, sensoryL3]",central,2,descending,3,central,3,sensory,3
165,mixed,mix->FWD,mix,FWD,3,0,1,4029,2,1.999,15451,3.835,sensory,2,2,2,"[centralL1, centralL2] -> sensoryL2 -> [centralL3, endocrineL3]",central,1,central,2,central,3,endocrine,3
126,mixed,mix->FWD,mix,FWD,2,1,1,4029,4,3.31,15517,3.851,sensory,2,2,2,"[centralL2, descendingL3] -> sensoryL2 -> [ascendingL3, centralL3]",central,2,descending,3,ascending,3,central,3
110,mixed,mix->FWD,mix,FWD,3,0,1,4029,2,1.984,16851,4.182,sensory,2,2,2,"[centralL1, centralL2] -> sensoryL2 -> [centralL3, sensoryL3]",central,1,central,2,central,3,sensory,3
94,mixed,mix->FWD,mix,FWD,2,1,1,4029,5,3.763,7511,1.864,sensory,2,2,2,"[centralL2, descendingL3] -> sensoryL2 -> [ascendingL3, sensoryL3]",central,2,descending,3,ascending,3,sensory,3
78,mixed,mix->FWD,mix,FWD,2,1,1,4029,2,1.899,10620,2.636,sensory,2,2,2,"[ascendingL2, descendingL3] -> sensoryL2 -> [ascendingL3, centralL3]",ascending,2,descending,3,ascending,3,central,3
73,mixed,mix->FWD,mix,FWD,3,0,1,4029,3,2.999,15909,3.949,sensory,2,2,2,"[centralL1, centralL2] -> sensoryL2 -> [ascendingL3, centralL3]",central,1,central,2,ascending,3,central,3
70,mixed,mix->FWD,mix,FWD,2,1,1,4029,5,4.422,16459,4.085,sensory,2,2,2,"[centralL2, sensoryL3] -> sensoryL2 -> [centralL3, descendingL3]",central,2,sensory,3,central,3,descending,3
49,mixed,mix->FWD,mix,FWD,3,0,1,4029,2,1.999,15565,3.863,sensory,2,2,2,"[centralL1, centralL2] -> sensoryL2 -> [centralL3, descendingL3]",central,1,central,2,central,3,descending,3
34,mixed,mix->FWD,mix,FWD,2,1,1,4029,3,2.24,16459,4.085,sensory,2,2,2,"[centralL2, centralL3] -> sensoryL2 -> [descendingL3, sensoryL3]",central,2,central,3,descending,3,sensory,3
136,mixed,LAT->FWD,LAT,FWD,2,0,2,4029,4,1.446,15585,3.868,sensory,2,2,2,"[ascendingL2, centralL2] -> sensoryL2 -> [centralL3, descendingL3]",ascending,2,central,2,central,3,descending,3
72,mixed,LAT->FWD,LAT,FWD,2,0,2,4029,1,1.0,15082,3.743,sensory,2,2,2,"[centralL2, descendingL2] -> sensoryL2 -> [centralL3, descendingL3]",central,2,descending,2,central,3,descending,3
49,mixed,LAT->FWD,LAT,FWD,2,0,2,4029,2,1.96,15929,3.954,sensory,2,2,2,"[ascendingL2, centralL2] -> sensoryL2 -> [ascendingL3, centralL3]",ascending,2,central,2,ascending,3,central,3
21,mixed,LAT->FWD,LAT,FWD,2,0,2,4029,2,1.569,15471,3.84,sensory,2,2,2,"[ascendingL2, centralL2] -> sensoryL2 -> [centralL3, endocrineL3]",ascending,2,central,2,central,3,endocrine,3
159,mixed,LAT->mix,LAT,mix,1,1,2,4029,3,1.764,15977,3.966,sensory,2,2,2,"[ascendingL2, centralL2] -> sensoryL2 -> [centralL1, centralL3]",ascending,2,central,2,central,1,central,3
36,mixed,LAT->mix,LAT,mix,1,1,2,4029,1,1.0,15474,3.841,sensory,2,2,2,"[centralL2, descendingL2] -> sensoryL2 -> [centralL1, centralL3]",central,2,descending,2,central,1,central,3
349,mixed,BWD->mix,BWD,mix,1,2,1,4029,6,2.385,16459,4.085,sensory,2,2,2,"[descendingL3, sensoryL3] -> sensoryL2 -> [centralL2, centralL3]",descending,3,sensory,3,central,2,central,3
232,mixed,BWD->mix,BWD,mix,1,2,1,4029,3,1.576,16459,4.085,sensory,2,2,2,"[centralL3, descendingL3] -> sensoryL2 -> [centralL2, sensoryL3]",central,3,descending,3,central,2,sensory,3
168,mixed,BWD->mix,BWD,mix,1,2,1,4029,2,1.324,16459,4.085,sensory,2,2,2,"[centralL3, sensoryL3] -> sensoryL2 -> [centralL2, descendingL3]",central,3,sensory,3,central,2,descending,3
72,mixed,BWD->mix,BWD,mix,1,2,1,4029,2,1.385,15517,3.851,sensory,2,2,2,"[ascendingL3, centralL3] -> sensoryL2 -> [centralL2, descendingL3]",ascending,3,central,3,central,2,descending,3
35,mixed,BWD->mix,BWD,mix,1,2,1,4029,2,1.96,15517,3.851,sensory,2,2,2,"[centralL3, descendingL3] -> sensoryL2 -> [ascendingL3, centralL2]",central,3,descending,3,ascending,3,central,2
32,mixed,BWD->mix,BWD,mix,0,3,1,4029,2,1.882,15565,3.863,sensory,2,2,2,"[centralL3, descendingL3] -> sensoryL2 -> [centralL1, centralL2]",central,3,descending,3,central,1,central,2
18,mixed,BWD->mix,BWD,mix,1,2,1,4029,1,1.0,7511,1.864,sensory,2,2,2,"[descendingL3, sensoryL3] -> sensoryL2 -> [ascendingL3, centralL2]",descending,3,sensory,3,ascending,3,central,2
15,mixed,BWD->mix,BWD,mix,0,3,1,4029,1,1.0,15909,3.949,sensory,2,2,2,"[ascendingL3, centralL3] -> sensoryL2 -> [centralL1, centralL2]",ascending,3,central,3,central,1,central,2
13,mixed,BWD->mix,BWD,mix,0,3,1,4029,2,1.899,7559,1.876,sensory,2,2,2,"[descendingL3, sensoryL3] -> sensoryL2 -> [centralL1, centralL2]",descending,3,sensory,3,central,1,central,2
12,mixed,BWD->mix,BWD,mix,1,3,0,4029,1,1.0,10600,2.631,sensory,2,2,2,"[ascendingL3, centralL3] -> sensoryL2 -> [centralL1, descendingL3]",ascending,3,central,3,central,1,descending,3
208,mixed,mix->LAT,mix,LAT,1,1,2,4029,2,1.899,15977,3.966,sensory,2,2,2,"[centralL1, centralL3] -> sensoryL2 -> [ascendingL2, centralL2]",central,1,central,3,ascending,2,central,2
14,mixed,mix->LAT,mix,LAT,0,1,3,4029,1,1.0,15250,3.785,sensory,2,2,2,"[centralL2, centralL3] -> sensoryL2 -> [descendingL2, visual_centrifugalL2]",central,2,central,3,descending,2,visual_centrifugal,2
12,mixed,BWD->LAT,BWD,LAT,0,2,2,4029,1,1.0,7076,1.756,sensory,2,2,2,"[descendingL3, sensoryL3] -> sensoryL2 -> [centralL2, descendingL2]",descending,3,sensory,3,central,2,descending,2
678,mixed,mix->mix,mix,mix,1,1,2,1429,14,5.53,19059,13.337,sensory,3,2,2,"[descendingL3, sensoryL2] -> sensoryL3 -> [centralL2, centralL3]",descending,3,sensory,2,central,2,central,3
238,mixed,mix->mix,mix,mix,1,1,2,1429,5,2.808,10111,7.076,sensory,3,2,2,"[descendingL3, sensoryL2] -> sensoryL3 -> [ascendingL3, centralL2]",descending,3,sensory,2,ascending,3,central,2
170,mixed,mix->mix,mix,mix,1,1,2,1429,5,2.254,15082,10.554,sensory,3,2,2,"[centralL2, centralL3] -> sensoryL3 -> [descendingL2, descendingL3]",central,2,central,3,descending,2,descending,3
59,mixed,mix->mix,mix,mix,1,1,2,1429,6,3.563,15929,11.147,sensory,3,2,2,"[ascendingL2, centralL3] -> sensoryL3 -> [ascendingL3, centralL2]",ascending,2,central,3,ascending,3,central,2
57,mixed,mix->mix,mix,mix,1,1,2,1429,5,3.259,19059,13.337,sensory,3,2,2,"[centralL3, sensoryL2] -> sensoryL3 -> [centralL2, descendingL3]",central,3,sensory,2,central,2,descending,3
49,mixed,mix->mix,mix,mix,1,1,2,1429,3,2.776,10185,7.127,sensory,3,2,2,"[descendingL2, descendingL3] -> sensoryL3 -> [ascendingL2, centralL3]",descending,2,descending,3,ascending,2,central,3
46,mixed,mix->mix,mix,mix,1,1,2,1429,5,3.919,19059,13.337,sensory,3,2,2,"[centralL2, descendingL3] -> sensoryL3 -> [centralL3, sensoryL2]",central,2,descending,3,central,3,sensory,2
45,mixed,mix->mix,mix,mix,1,1,2,1429,3,2.125,15082,10.554,sensory,3,2,2,"[descendingL2, descendingL3] -> sensoryL3 -> [centralL2, centralL3]",descending,2,descending,3,central,2,central,3
35,mixed,mix->mix,mix,mix,1,1,2,1429,2,1.545,19403,13.578,sensory,3,2,2,"[centralL3, sensoryL2] -> sensoryL3 -> [ascendingL3, centralL2]",central,3,sensory,2,ascending,3,central,2
33,mixed,mix->mix,mix,mix,1,1,2,1429,6,3.33,15929,11.147,sensory,3,2,2,"[ascendingL2, ascendingL3] -> sensoryL3 -> [centralL2, centralL3]",ascending,2,ascending,3,central,2,central,3
140,mixed,mix->LAT,mix,LAT,1,0,3,1429,5,2.948,15517,10.859,sensory,3,2,2,"[centralL2, descendingL3] -> sensoryL3 -> [ascendingL3, centralL3]",central,2,descending,3,ascending,3,central,3
70,mixed,mix->LAT,mix,LAT,1,0,3,1429,3,1.336,10620,7.432,sensory,3,2,2,"[ascendingL2, ascendingL3] -> sensoryL3 -> [centralL3, descendingL3]",ascending,2,ascending,3,central,3,descending,3
54,mixed,mix->LAT,mix,LAT,1,0,3,1429,3,2.39,14094,9.863,sensory,3,2,2,"[descendingL3, sensoryL2] -> sensoryL3 -> [ascendingL3, centralL3]",descending,3,sensory,2,ascending,3,central,3
52,mixed,mix->LAT,mix,LAT,1,0,3,1429,5,3.449,10620,7.432,sensory,3,2,2,"[ascendingL2, descendingL3] -> sensoryL3 -> [ascendingL3, centralL3]",ascending,2,descending,3,ascending,3,central,3
38,mixed,mix->LAT,mix,LAT,1,0,3,1429,3,1.994,15111,10.575,sensory,3,2,2,"[centralL2, centralL3] -> sensoryL3 -> [descendingL3, visual_centrifugalL3]",central,2,central,3,descending,3,visual_centrifugal,3
25,mixed,mix->LAT,mix,LAT,1,0,3,1429,3,2.432,10117,7.08,sensory,3,2,2,"[descendingL2, descendingL3] -> sensoryL3 -> [ascendingL3, centralL3]",descending,2,descending,3,ascending,3,central,3
10,mixed,mix->LAT,mix,LAT,1,0,3,1429,2,1.471,10620,7.432,sensory,3,2,2,"[ascendingL2, centralL3] -> sensoryL3 -> [ascendingL3, descendingL3]",ascending,2,central,3,ascending,3,descending,3
115,mixed,FWD->LAT,FWD,LAT,2,0,2,1429,3,2.195,19403,13.578,sensory,3,2,2,"[centralL2, sensoryL2] -> sensoryL3 -> [ascendingL3, centralL3]",central,2,sensory,2,ascending,3,central,3
36,mixed,FWD->LAT,FWD,LAT,2,0,2,1429,5,3.6,19059,13.337,sensory,3,2,2,"[centralL2, sensoryL2] -> sensoryL3 -> [centralL3, descendingL3]",central,2,sensory,2,central,3,descending,3
24,mixed,FWD->LAT,FWD,LAT,2,0,2,1429,1,1.0,15929,11.147,sensory,3,2,2,"[ascendingL2, centralL2] -> sensoryL3 -> [ascendingL3, centralL3]",ascending,2,central,2,ascending,3,central,3
157,mixed,LAT->BWD,LAT,BWD,0,2,2,1429,5,1.639,15929,11.147,sensory,3,2,2,"[ascendingL3, centralL3] -> sensoryL3 -> [ascendingL2, centralL2]",ascending,3,central,3,ascending,2,central,2
92,mixed,LAT->BWD,LAT,BWD,0,2,2,1429,6,4.215,19059,13.337,sensory,3,2,2,"[centralL3, descendingL3] -> sensoryL3 -> [centralL2, sensoryL2]",central,3,descending,3,central,2,sensory,2
18,mixed,LAT->BWD,LAT,BWD,0,2,2,1429,1,1.0,15082,10.554,sensory,3,2,2,"[centralL3, descendingL3] -> sensoryL3 -> [centralL2, descendingL2]",central,3,descending,3,central,2,descending,2
154,mixed,LAT->mix,LAT,mix,0,1,3,1429,4,1.578,15517,10.859,sensory,3,2,2,"[ascendingL3, centralL3] -> sensoryL3 -> [centralL2, descendingL3]",ascending,3,central,3,central,2,descending,3
82,mixed,LAT->mix,LAT,mix,0,1,3,1429,4,2.281,10620,7.432,sensory,3,2,2,"[ascendingL3, centralL3] -> sensoryL3 -> [ascendingL2, descendingL3]",ascending,3,central,3,ascending,2,descending,3
36,mixed,LAT->mix,LAT,mix,0,1,3,1429,3,2.656,15517,10.859,sensory,3,2,2,"[centralL3, descendingL3] -> sensoryL3 -> [ascendingL3, centralL2]",central,3,descending,3,ascending,3,central,2
54,mixed,mix->BWD,mix,BWD,1,2,1,1429,1,1.0,9676,6.771,sensory,3,2,2,"[descendingL3, sensoryL2] -> sensoryL3 -> [centralL2, descendingL2]",descending,3,sensory,2,central,2,descending,2
27,mixed,mix->BWD,mix,BWD,1,2,1,1429,1,1.0,18968,13.274,sensory,3,2,2,"[centralL3, sensoryL2] -> sensoryL3 -> [centralL2, descendingL2]",central,3,sensory,2,central,2,descending,2
20,mixed,mix->BWD,mix,BWD,1,2,1,1429,3,2.174,6202,4.34,sensory,3,2,2,"[descendingL2, descendingL3] -> sensoryL3 -> [ascendingL2, centralL2]",descending,2,descending,3,ascending,2,central,2
10,mixed,mix->BWD,mix,BWD,1,2,1,1429,1,1.0,9676,6.771,sensory,3,2,2,"[centralL2, descendingL3] -> sensoryL3 -> [descendingL2, sensoryL2]",central,2,descending,3,descending,2,sensory,2
15,mixed,FWD->mix,FWD,mix,2,1,1,1429,1,1.0,10020,7.012,sensory,3,2,2,"[centralL2, sensoryL2] -> sensoryL3 -> [ascendingL3, descendingL2]",central,2,sensory,2,ascending,3,descending,2
15,mixed,FWD->mix,FWD,mix,2,1,1,1429,1,1.0,18968,13.274,sensory,3,2,2,"[centralL2, sensoryL2] -> sensoryL3 -> [centralL3, descendingL2]",central,2,sensory,2,central,3,descending,2
668439453,mixed,mix->mix,mix,mix,1,1,2,45,20,2.899,48605,1080.111,visual_centrifugal,1,2,2,"[centralL1, centralL2] -> visual_centrifugalL1 -> [opticL1, opticL2]",central,1,central,2,optic,1,optic,2
181182234,mixed,mix->mix,mix,mix,1,1,2,45,18,4.05,44215,982.556,visual_centrifugal,1,2,2,"[centralL1, visual_projectionL2] -> visual_centrifugalL1 -> [opticL1, opticL2]",central,1,visual_projection,2,optic,1,optic,2
164528983,mixed,mix->mix,mix,mix,1,1,2,45,15,3.46,48223,1071.622,visual_centrifugal,1,2,2,"[ascendingL1, centralL2] -> visual_centrifugalL1 -> [opticL1, opticL2]",ascending,1,central,2,optic,1,optic,2
112191385,mixed,mix->mix,mix,mix,1,1,2,45,14,3.993,43708,971.289,visual_centrifugal,1,2,2,"[ascendingL2, centralL1] -> visual_centrifugalL1 -> [opticL1, opticL2]",ascending,2,central,1,optic,1,optic,2
74146925,mixed,mix->mix,mix,mix,1,1,2,45,14,2.544,43833,974.067,visual_centrifugal,1,2,2,"[ascendingL1, visual_projectionL2] -> visual_centrifugalL1 -> [opticL1, opticL2]",ascending,1,visual_projection,2,optic,1,optic,2
51468173,mixed,mix->mix,mix,mix,1,1,2,45,11,2.388,43326,962.8,visual_centrifugal,1,2,2,"[ascendingL1, ascendingL2] -> visual_centrifugalL1 -> [opticL1, opticL2]",ascending,1,ascending,2,optic,1,optic,2
26576552,mixed,mix->mix,mix,mix,1,1,2,45,3,2.003,43205,960.111,visual_centrifugal,1,2,2,"[centralL1, descendingL2] -> visual_centrifugalL1 -> [opticL1, opticL2]",central,1,descending,2,optic,1,optic,2
24234883,mixed,mix->mix,mix,mix,1,1,2,45,16,3.804,43464,965.867,visual_centrifugal,1,2,2,"[centralL1, visual_centrifugalL2] -> visual_centrifugalL1 -> [opticL1, opticL2]",central,1,visual_centrifugal,2,optic,1,optic,2
23436942,mixed,mix->mix,mix,mix,1,1,2,45,3,2.805,48072,1068.267,visual_centrifugal,1,2,2,"[centralL2, descendingL1] -> visual_centrifugalL1 -> [opticL1, opticL2]",central,2,descending,1,optic,1,optic,2
20578814,mixed,mix->mix,mix,mix,1,1,2,45,3,2.0,42823,951.622,visual_centrifugal,1,2,2,"[ascendingL1, descendingL2] -> visual_centrifugalL1 -> [opticL1, opticL2]",ascending,1,descending,2,optic,1,optic,2
1418495,mixed,mix->LAT,mix,LAT,0,1,3,45,17,2.5,13102,291.156,visual_centrifugal,1,2,2,"[centralL1, centralL2] -> visual_centrifugalL1 -> [opticL1, visual_projectionL1]",central,1,central,2,optic,1,visual_projection,1
392935,mixed,mix->LAT,mix,LAT,0,1,3,45,15,3.126,8712,193.6,visual_centrifugal,1,2,2,"[centralL1, visual_projectionL2] -> visual_centrifugalL1 -> [opticL1, visual_projectionL1]",central,1,visual_projection,2,optic,1,visual_projection,1
366016,mixed,mix->LAT,mix,LAT,0,1,3,45,1,1.0,18772,417.156,visual_centrifugal,1,2,2,"[centralL1, centralL2] -> visual_centrifugalL1 -> [opticL1, sensoryL1]",central,1,central,2,optic,1,sensory,1
198586,mixed,mix->LAT,mix,LAT,0,1,3,45,13,3.95,12720,282.667,visual_centrifugal,1,2,2,"[ascendingL1, centralL2] -> visual_centrifugalL1 -> [opticL1, visual_projectionL1]",ascending,1,central,2,optic,1,visual_projection,1
166551,mixed,mix->LAT,mix,LAT,0,1,3,45,10,2.395,8205,182.333,visual_centrifugal,1,2,2,"[ascendingL2, centralL1] -> visual_centrifugalL1 -> [opticL1, visual_projectionL1]",ascending,2,central,1,optic,1,visual_projection,1
160713,mixed,mix->LAT,mix,LAT,0,1,3,45,13,2.522,43234,960.756,visual_centrifugal,1,2,2,"[centralL1, opticL2] -> visual_centrifugalL1 -> [opticL1, visual_projectionL1]",central,1,optic,2,optic,1,visual_projection,1
96320,mixed,mix->LAT,mix,LAT,0,1,3,45,1,1.0,14382,319.6,visual_centrifugal,1,2,2,"[centralL1, visual_projectionL2] -> visual_centrifugalL1 -> [opticL1, sensoryL1]",central,1,visual_projection,2,optic,1,sensory,1
77751,mixed,mix->LAT,mix,LAT,0,1,3,45,12,4.015,8330,185.111,visual_centrifugal,1,2,2,"[ascendingL1, visual_projectionL2] -> visual_centrifugalL1 -> [opticL1, visual_projectionL1]",ascending,1,visual_projection,2,optic,1,visual_projection,1
48160,mixed,mix->LAT,mix,LAT,0,1,3,45,1,1.0,13875,308.333,visual_centrifugal,1,2,2,"[ascendingL2, centralL1] -> visual_centrifugalL1 -> [opticL1, sensoryL1]",ascending,2,central,1,optic,1,sensory,1
48160,mixed,mix->LAT,mix,LAT,0,1,3,45,1,1.0,48904,1086.756,visual_centrifugal,1,2,2,"[centralL1, opticL2] -> visual_centrifugalL1 -> [opticL1, sensoryL1]",central,1,optic,2,optic,1,sensory,1
30381865,mixed,mix->FWD,mix,FWD,2,1,1,45,20,4.079,42633,947.4,visual_centrifugal,1,2,2,"[centralL1, centralL2] -> visual_centrifugalL1 -> [opticL2, visual_projectionL2]",central,1,central,2,optic,2,visual_projection,2
10409092,mixed,mix->FWD,mix,FWD,2,1,1,45,18,2.891,41882,930.711,visual_centrifugal,1,2,2,"[centralL1, centralL2] -> visual_centrifugalL1 -> [opticL2, visual_centrifugalL2]",central,1,central,2,optic,2,visual_centrifugal,2
6750825,mixed,mix->FWD,mix,FWD,2,1,1,45,17,4.454,42251,938.911,visual_centrifugal,1,2,2,"[ascendingL1, centralL2] -> visual_centrifugalL1 -> [opticL2, visual_projectionL2]",ascending,1,central,2,optic,2,visual_projection,2
4906019,mixed,mix->FWD,mix,FWD,2,1,1,45,16,5.271,37736,838.578,visual_centrifugal,1,2,2,"[ascendingL2, centralL1] -> visual_centrifugalL1 -> [opticL2, visual_projectionL2]",ascending,2,central,1,optic,2,visual_projection,2
3492002,mixed,mix->FWD,mix,FWD,2,1,1,45,12,3.134,49132,1091.822,visual_centrifugal,1,2,2,"[centralL2, opticL1] -> visual_centrifugalL1 -> [opticL2, visual_projectionL2]",central,2,optic,1,optic,2,visual_projection,2
2520609,mixed,mix->FWD,mix,FWD,2,1,1,45,17,4.236,37492,833.156,visual_centrifugal,1,2,2,"[centralL1, visual_projectionL2] -> visual_centrifugalL1 -> [opticL2, visual_centrifugalL2]",central,1,visual_projection,2,optic,2,visual_centrifugal,2
1885679,mixed,mix->FWD,mix,FWD,2,1,1,45,15,3.935,41500,922.222,visual_centrifugal,1,2,2,"[ascendingL1, centralL2] -> visual_centrifugalL1 -> [opticL2, visual_centrifugalL2]",ascending,1,central,2,optic,2,visual_centrifugal,2
1880268,mixed,mix->FWD,mix,FWD,2,1,1,45,14,2.565,37354,830.089,visual_centrifugal,1,2,2,"[ascendingL1, ascendingL2] -> visual_centrifugalL1 -> [opticL2, visual_projectionL2]",ascending,1,ascending,2,optic,2,visual_projection,2
1517390,mixed,mix->FWD,mix,FWD,2,1,1,45,12,4.638,36985,821.889,visual_centrifugal,1,2,2,"[ascendingL2, centralL1] -> visual_centrifugalL1 -> [opticL2, visual_centrifugalL2]",ascending,2,central,1,optic,2,visual_centrifugal,2
1315951,mixed,mix->FWD,mix,FWD,2,1,1,45,16,6.386,37492,833.156,visual_centrifugal,1,2,2,"[centralL1, visual_centrifugalL2] -> visual_centrifugalL1 -> [opticL2, visual_projectionL2]",central,1,visual_centrifugal,2,optic,2,visual_projection,2
3973613,mixed,LAT->FWD,LAT,FWD,2,0,2,45,17,4.216,37334,829.644,visual_centrifugal,1,2,2,"[ascendingL1, centralL1] -> visual_centrifugalL1 -> [opticL2, visual_projectionL2]",ascending,1,central,1,optic,2,visual_projection,2
2006652,mixed,LAT->FWD,LAT,FWD,2,0,2,45,10,3.501,44215,982.556,visual_centrifugal,1,2,2,"[centralL1, opticL1] -> visual_centrifugalL1 -> [opticL2, visual_projectionL2]",central,1,optic,1,optic,2,visual_projection,2
1206612,mixed,LAT->FWD,LAT,FWD,2,0,2,45,15,3.45,36583,812.956,visual_centrifugal,1,2,2,"[ascendingL1, centralL1] -> visual_centrifugalL1 -> [opticL2, visual_centrifugalL2]",ascending,1,central,1,optic,2,visual_centrifugal,2
1171448,mixed,LAT->FWD,LAT,FWD,2,0,2,45,11,2.28,43833,974.067,visual_centrifugal,1,2,2,"[ascendingL1, opticL1] -> visual_centrifugalL1 -> [opticL2, visual_projectionL2]",ascending,1,optic,1,optic,2,visual_projection,2
559876,mixed,LAT->FWD,LAT,FWD,2,0,2,45,10,3.86,43464,965.867,visual_centrifugal,1,2,2,"[centralL1, opticL1] -> visual_centrifugalL1 -> [opticL2, visual_centrifugalL2]",central,1,optic,1,optic,2,visual_centrifugal,2
538780,mixed,LAT->FWD,LAT,FWD,2,0,2,45,3,2.427,37183,826.289,visual_centrifugal,1,2,2,"[centralL1, descendingL1] -> visual_centrifugalL1 -> [opticL2, visual_projectionL2]",central,1,descending,1,optic,2,visual_projection,2
505435,mixed,LAT->FWD,LAT,FWD,2,0,2,45,7,3.469,37262,828.044,visual_centrifugal,1,2,2,"[centralL1, visual_projectionL1] -> visual_centrifugalL1 -> [opticL2, visual_projectionL2]",central,1,visual_projection,1,optic,2,visual_projection,2
284846,mixed,LAT->FWD,LAT,FWD,2,0,2,45,10,2.362,43082,957.378,visual_centrifugal,1,2,2,"[ascendingL1, opticL1] -> visual_centrifugalL1 -> [opticL2, visual_centrifugalL2]",ascending,1,optic,1,optic,2,visual_centrifugal,2
222930,mixed,LAT->FWD,LAT,FWD,2,0,2,45,3,2.716,36801,817.8,visual_centrifugal,1,2,2,"[ascendingL1, descendingL1] -> visual_centrifugalL1 -> [opticL2, visual_projectionL2]",ascending,1,descending,1,optic,2,visual_projection,2
187866,mixed,LAT->FWD,LAT,FWD,2,0,2,45,3,1.847,36432,809.6,visual_centrifugal,1,2,2,"[centralL1, descendingL1] -> visual_centrifugalL1 -> [opticL2, visual_centrifugalL2]",central,1,descending,1,optic,2,visual_centrifugal,2
101494399,mixed,LAT->mix,LAT,mix,1,0,3,45,17,3.6,43306,962.356,visual_centrifugal,1,2,2,"[ascendingL1, centralL1] -> visual_centrifugalL1 -> [opticL1, opticL2]",ascending,1,central,1,optic,1,optic,2
15100986,mixed,LAT->mix,LAT,mix,1,0,3,45,3,2.435,43155,959.0,visual_centrifugal,1,2,2,"[centralL1, descendingL1] -> visual_centrifugalL1 -> [opticL1, opticL2]",central,1,descending,1,optic,1,optic,2
9072571,mixed,LAT->mix,LAT,mix,1,0,3,45,7,2.069,43234,960.756,visual_centrifugal,1,2,2,"[centralL1, visual_projectionL1] -> visual_centrifugalL1 -> [opticL1, opticL2]",central,1,visual_projection,1,optic,1,optic,2
6271716,mixed,LAT->mix,LAT,mix,1,0,3,45,3,2.712,42773,950.511,visual_centrifugal,1,2,2,"[ascendingL1, descendingL1] -> visual_centrifugalL1 -> [opticL1, opticL2]",ascending,1,descending,1,optic,1,optic,2
2961514,mixed,LAT->mix,LAT,mix,1,0,3,45,6,1.356,42852,952.267,visual_centrifugal,1,2,2,"[ascendingL1, visual_projectionL1] -> visual_centrifugalL1 -> [opticL1, opticL2]",ascending,1,visual_projection,1,optic,1,optic,2
1760836,mixed,LAT->mix,LAT,mix,1,0,3,45,15,3.206,8784,195.2,visual_centrifugal,1,2,2,"[ascendingL1, centralL1] -> visual_centrifugalL1 -> [opticL1, visual_projectionL2]",ascending,1,central,1,optic,1,visual_projection,2
612932,mixed,LAT->mix,LAT,mix,1,0,3,45,13,2.353,8033,178.511,visual_centrifugal,1,2,2,"[ascendingL1, centralL1] -> visual_centrifugalL1 -> [opticL1, visual_centrifugalL2]",ascending,1,central,1,optic,1,visual_centrifugal,2
294883,mixed,LAT->mix,LAT,mix,1,0,3,45,13,3.714,36353,807.844,visual_centrifugal,1,2,2,"[ascendingL1, centralL1] -> visual_centrifugalL1 -> [opticL2, visual_projectionL1]",ascending,1,central,1,optic,2,visual_projection,1
282510,mixed,LAT->mix,LAT,mix,1,0,3,45,3,1.651,8633,191.844,visual_centrifugal,1,2,2,"[centralL1, descendingL1] -> visual_centrifugalL1 -> [opticL1, visual_projectionL2]",central,1,descending,1,optic,1,visual_projection,2
279888,mixed,LAT->mix,LAT,mix,1,0,3,45,1,1.0,42701,948.911,visual_centrifugal,1,2,2,"[descendingL1, visual_projectionL1] -> visual_centrifugalL1 -> [opticL1, opticL2]",descending,1,visual_projection,1,optic,1,optic,2
139263,pure_LAT,LAT->LAT,LAT,LAT,0,0,4,45,14,3.601,7803,173.4,visual_centrifugal,1,2,2,"[ascendingL1, centralL1] -> visual_centrifugalL1 -> [opticL1, visual_projectionL1]",ascending,1,central,1,optic,1,visual_projection,1
19264,pure_LAT,LAT->LAT,LAT,LAT,0,0,4,45,1,1.0,13473,299.4,visual_centrifugal,1,2,2,"[ascendingL1, centralL1] -> visual_centrifugalL1 -> [opticL1, sensoryL1]",ascending,1,central,1,optic,1,sensory,1
16674,pure_LAT,LAT->LAT,LAT,LAT,0,0,4,45,2,1.46,7652,170.044,visual_centrifugal,1,2,2,"[centralL1, descendingL1] -> visual_centrifugalL1 -> [opticL1, visual_projectionL1]",central,1,descending,1,optic,1,visual_projection,1
9632,pure_LAT,LAT->LAT,LAT,LAT,0,0,4,45,1,1.0,13401,297.8,visual_centrifugal,1,2,2,"[centralL1, visual_projectionL1] -> visual_centrifugalL1 -> [opticL1, sensoryL1]",central,1,visual_projection,1,optic,1,sensory,1
4236,pure_LAT,LAT->LAT,LAT,LAT,0,0,4,45,2,1.953,7270,161.556,visual_centrifugal,1,2,2,"[ascendingL1, descendingL1] -> visual_centrifugalL1 -> [opticL1, visual_projectionL1]",ascending,1,descending,1,optic,1,visual_projection,1
602,pure_LAT,LAT->LAT,LAT,LAT,0,0,4,45,1,1.0,13019,289.311,visual_centrifugal,1,2,2,"[ascendingL1, visual_projectionL1] -> visual_centrifugalL1 -> [opticL1, sensoryL1]",ascending,1,visual_projection,1,optic,1,sensory,1
252,pure_LAT,LAT->LAT,LAT,LAT,0,0,4,45,2,1.8,7803,173.4,visual_centrifugal,1,2,2,"[ascendingL1, visual_projectionL1] -> visual_centrifugalL1 -> [centralL1, opticL1]",ascending,1,visual_projection,1,central,1,optic,1
128,pure_LAT,LAT->LAT,LAT,LAT,0,0,4,45,1,1.0,6520,144.889,visual_centrifugal,1,2,2,"[ascendingL1, centralL1] -> visual_centrifugalL1 -> [sensoryL1, visual_projectionL1]",ascending,1,central,1,sensory,1,visual_projection,1
64,pure_LAT,LAT->LAT,LAT,LAT,0,0,4,45,1,1.0,13401,297.8,visual_centrifugal,1,2,2,"[centralL1, opticL1] -> visual_centrifugalL1 -> [sensoryL1, visual_projectionL1]",central,1,optic,1,sensory,1,visual_projection,1
56,pure_LAT,LAT->LAT,LAT,LAT,0,0,4,45,1,1.0,7803,173.4,visual_centrifugal,1,2,2,"[ascendingL1, opticL1] -> visual_centrifugalL1 -> [centralL1, visual_projectionL1]",ascending,1,optic,1,central,1,visual_projection,1
534059,mixed,BWD->LAT,BWD,LAT,0,2,2,45,17,3.675,13629,302.867,visual_centrifugal,1,2,2,"[centralL2, visual_projectionL2] -> visual_centrifugalL1 -> [opticL1, visual_projectionL1]",central,2,visual_projection,2,optic,1,visual_projection,1
229482,mixed,BWD->LAT,BWD,LAT,0,2,2,45,15,3.336,48151,1070.022,visual_centrifugal,1,2,2,"[centralL2, opticL2] -> visual_centrifugalL1 -> [opticL1, visual_projectionL1]",central,2,optic,2,optic,1,visual_projection,1
224457,mixed,BWD->LAT,BWD,LAT,0,2,2,45,11,2.8,13122,291.6,visual_centrifugal,1,2,2,"[ascendingL2, centralL2] -> visual_centrifugalL1 -> [opticL1, visual_projectionL1]",ascending,2,central,2,optic,1,visual_projection,1
114380,mixed,BWD->LAT,BWD,LAT,0,2,2,45,1,1.0,19299,428.867,visual_centrifugal,1,2,2,"[centralL2, visual_projectionL2] -> visual_centrifugalL1 -> [opticL1, sensoryL1]",central,2,visual_projection,2,optic,1,sensory,1
98818,mixed,BWD->LAT,BWD,LAT,0,2,2,45,15,3.83,43761,972.467,visual_centrifugal,1,2,2,"[opticL2, visual_projectionL2] -> visual_centrifugalL1 -> [opticL1, visual_projectionL1]",optic,2,visual_projection,2,optic,1,visual_projection,1
64061,mixed,BWD->LAT,BWD,LAT,0,2,2,45,15,4.216,12878,286.178,visual_centrifugal,1,2,2,"[centralL2, visual_centrifugalL2] -> visual_centrifugalL1 -> [opticL1, visual_projectionL1]",central,2,visual_centrifugal,2,optic,1,visual_projection,1
63125,mixed,BWD->LAT,BWD,LAT,0,2,2,45,11,2.613,8732,194.044,visual_centrifugal,1,2,2,"[ascendingL2, visual_projectionL2] -> visual_centrifugalL1 -> [opticL1, visual_projectionL1]",ascending,2,visual_projection,2,optic,1,visual_projection,1
57190,mixed,BWD->LAT,BWD,LAT,0,2,2,45,1,1.0,18792,417.6,visual_centrifugal,1,2,2,"[ascendingL2, centralL2] -> visual_centrifugalL1 -> [opticL1, sensoryL1]",ascending,2,central,2,optic,1,sensory,1
57190,mixed,BWD->LAT,BWD,LAT,0,2,2,45,1,1.0,53821,1196.022,visual_centrifugal,1,2,2,"[centralL2, opticL2] -> visual_centrifugalL1 -> [opticL1, sensoryL1]",central,2,optic,2,optic,1,sensory,1
31733,mixed,BWD->LAT,BWD,LAT,0,2,2,45,10,2.516,43254,961.2,visual_centrifugal,1,2,2,"[ascendingL2, opticL2] -> visual_centrifugalL1 -> [opticL1, visual_projectionL1]",ascending,2,optic,2,optic,1,visual_projection,1
280849331,mixed,BWD->mix,BWD,mix,1,2,1,45,22,3.963,49132,1091.822,visual_centrifugal,1,2,2,"[centralL2, visual_projectionL2] -> visual_centrifugalL1 -> [opticL1, opticL2]",central,2,visual_projection,2,optic,1,optic,2
179485064,mixed,BWD->mix,BWD,mix,1,2,1,45,14,3.675,48625,1080.556,visual_centrifugal,1,2,2,"[ascendingL2, centralL2] -> visual_centrifugalL1 -> [opticL1, opticL2]",ascending,2,central,2,optic,1,optic,2
83342351,mixed,BWD->mix,BWD,mix,1,2,1,45,14,2.478,44235,983.0,visual_centrifugal,1,2,2,"[ascendingL2, visual_projectionL2] -> visual_centrifugalL1 -> [opticL1, opticL2]",ascending,2,visual_projection,2,optic,1,optic,2
50938310,mixed,BWD->mix,BWD,mix,1,2,1,45,3,2.003,48122,1069.378,visual_centrifugal,1,2,2,"[centralL2, descendingL2] -> visual_centrifugalL1 -> [opticL1, opticL2]",central,2,descending,2,optic,1,optic,2
37163677,mixed,BWD->mix,BWD,mix,1,2,1,45,17,3.782,48381,1075.133,visual_centrifugal,1,2,2,"[centralL2, visual_centrifugalL2] -> visual_centrifugalL1 -> [opticL1, opticL2]",central,2,visual_centrifugal,2,optic,1,optic,2
30688975,mixed,BWD->mix,BWD,mix,1,2,1,45,3,1.925,43732,971.822,visual_centrifugal,1,2,2,"[descendingL2, visual_projectionL2] -> visual_centrifugalL1 -> [opticL1, opticL2]",descending,2,visual_projection,2,optic,1,optic,2
22078896,mixed,BWD->mix,BWD,mix,1,2,1,45,2,1.931,43225,960.556,visual_centrifugal,1,2,2,"[ascendingL2, descendingL2] -> visual_centrifugalL1 -> [opticL1, opticL2]",ascending,2,descending,2,optic,1,optic,2
15973182,mixed,BWD->mix,BWD,mix,1,2,1,45,19,2.584,43991,977.578,visual_centrifugal,1,2,2,"[visual_centrifugalL2, visual_projectionL2] -> visual_centrifugalL1 -> [opticL1, opticL2]",visual_centrifugal,2,visual_projection,2,optic,1,optic,2
10566968,mixed,BWD->mix,BWD,mix,1,2,1,45,10,2.257,43484,966.311,visual_centrifugal,1,2,2,"[ascendingL2, visual_centrifugalL2] -> visual_centrifugalL1 -> [opticL1, opticL2]",ascending,2,visual_centrifugal,2,optic,1,optic,2
6561240,mixed,BWD->mix,BWD,mix,1,2,1,45,1,1.0,52099,1157.756,visual_centrifugal,1,2,2,"[centralL2, sensoryL2] -> visual_centrifugalL1 -> [opticL1, opticL2]",central,2,sensory,2,optic,1,optic,2
8159429,mixed,BWD->FWD,BWD,FWD,2,2,0,45,19,5.554,42653,947.844,visual_centrifugal,1,2,2,"[ascendingL2, centralL2] -> visual_centrifugalL1 -> [opticL2, visual_projectionL2]",ascending,2,central,2,optic,2,visual_projection,2
3769248,mixed,BWD->FWD,BWD,FWD,2,2,0,45,21,5.007,42409,942.422,visual_centrifugal,1,2,2,"[centralL2, visual_projectionL2] -> visual_centrifugalL1 -> [opticL2, visual_centrifugalL2]",central,2,visual_projection,2,optic,2,visual_centrifugal,2
2329312,mixed,BWD->FWD,BWD,FWD,2,2,0,45,13,5.116,41902,931.156,visual_centrifugal,1,2,2,"[ascendingL2, centralL2] -> visual_centrifugalL1 -> [opticL2, visual_centrifugalL2]",ascending,2,central,2,optic,2,visual_centrifugal,2
2194767,mixed,BWD->FWD,BWD,FWD,2,2,0,45,18,8.197,42409,942.422,visual_centrifugal,1,2,2,"[centralL2, visual_centrifugalL2] -> visual_centrifugalL1 -> [opticL2, visual_projectionL2]",central,2,visual_centrifugal,2,optic,2,visual_projection,2
1914340,mixed,BWD->FWD,BWD,FWD,2,2,0,45,4,2.234,42150,936.667,visual_centrifugal,1,2,2,"[centralL2, descendingL2] -> visual_centrifugalL1 -> [opticL2, visual_projectionL2]",central,2,descending,2,optic,2,visual_projection,2
917242,mixed,BWD->FWD,BWD,FWD,2,2,0,45,13,3.461,37512,833.6,visual_centrifugal,1,2,2,"[ascendingL2, visual_projectionL2] -> visual_centrifugalL1 -> [opticL2, visual_centrifugalL2]",ascending,2,visual_projection,2,optic,2,visual_centrifugal,2
779272,mixed,BWD->FWD,BWD,FWD,2,2,0,45,3,1.955,37253,827.844,visual_centrifugal,1,2,2,"[ascendingL2, descendingL2] -> visual_centrifugalL1 -> [opticL2, visual_projectionL2]",ascending,2,descending,2,optic,2,visual_projection,2
497096,mixed,BWD->FWD,BWD,FWD,2,2,0,45,11,3.743,37512,833.6,visual_centrifugal,1,2,2,"[ascendingL2, visual_centrifugalL2] -> visual_centrifugalL1 -> [opticL2, visual_projectionL2]",ascending,2,visual_centrifugal,2,optic,2,visual_projection,2
437980,mixed,BWD->FWD,BWD,FWD,2,2,0,45,4,2.061,41399,919.978,visual_centrifugal,1,2,2,"[centralL2, descendingL2] -> visual_centrifugalL1 -> [opticL2, visual_centrifugalL2]",central,2,descending,2,optic,2,visual_centrifugal,2
263324,mixed,BWD->FWD,BWD,FWD,2,2,0,45,4,1.84,37009,822.422,visual_centrifugal,1,2,2,"[descendingL2, visual_projectionL2] -> visual_centrifugalL1 -> [opticL2, visual_centrifugalL2]",descending,2,visual_projection,2,optic,2,visual_centrifugal,2
1560832441,mixed,mix->mix,mix,mix,1,1,2,311,82,3.894,48605,156.286,visual_centrifugal,2,2,2,"[centralL1, centralL2] -> visual_centrifugalL2 -> [opticL1, opticL2]",central,1,central,2,optic,1,optic,2
1284918903,mixed,mix->mix,mix,mix,0,2,2,311,81,3.897,57505,184.904,visual_centrifugal,2,2,2,"[centralL2, centralL3] -> visual_centrifugalL2 -> [opticL1, opticL2]",central,2,central,3,optic,1,optic,2
704928513,mixed,mix->mix,mix,mix,1,2,1,311,73,3.9,52588,169.093,visual_centrifugal,2,2,2,"[centralL1, centralL3] -> visual_centrifugalL2 -> [opticL1, opticL2]",central,1,central,3,optic,1,optic,2
285285543,mixed,mix->mix,mix,mix,1,1,2,311,119,10.677,80415,258.569,visual_centrifugal,2,2,2,"[centralL2, centralL3] -> visual_centrifugalL2 -> [opticL2, opticL3]",central,2,central,3,optic,2,optic,3
243303950,mixed,mix->mix,mix,mix,0,2,2,311,32,2.865,48557,156.132,visual_centrifugal,2,2,2,"[ascendingL3, centralL2] -> visual_centrifugalL2 -> [opticL1, opticL2]",ascending,3,central,2,optic,1,optic,2
230231738,mixed,mix->mix,mix,mix,0,2,2,311,22,3.905,48151,154.826,visual_centrifugal,2,2,2,"[centralL2, visual_centrifugalL3] -> visual_centrifugalL2 -> [opticL1, opticL2]",central,2,visual_centrifugal,3,optic,1,optic,2
220261732,mixed,mix->mix,mix,mix,1,1,2,311,57,3.948,44215,142.17,visual_centrifugal,2,2,2,"[centralL1, visual_projectionL2] -> visual_centrifugalL2 -> [opticL1, opticL2]",central,1,visual_projection,2,optic,1,optic,2
216073761,mixed,mix->mix,mix,mix,1,1,2,311,49,3.737,48223,155.058,visual_centrifugal,2,2,2,"[ascendingL1, centralL2] -> visual_centrifugalL2 -> [opticL1, opticL2]",ascending,1,central,2,optic,1,optic,2
212197736,mixed,mix->mix,mix,mix,2,0,2,311,120,6.258,71515,229.952,visual_centrifugal,2,2,2,"[centralL1, centralL2] -> visual_centrifugalL2 -> [opticL2, opticL3]",central,1,central,2,optic,2,optic,3
178909579,mixed,mix->mix,mix,mix,0,2,2,311,61,4.079,53115,170.788,visual_centrifugal,2,2,2,"[centralL3, visual_projectionL2] -> visual_centrifugalL2 -> [opticL1, opticL2]",central,3,visual_projection,2,optic,1,optic,2
1480321,mixed,mix->BWD,mix,BWD,1,2,1,311,52,3.028,13102,42.129,visual_centrifugal,2,2,2,"[centralL1, centralL2] -> visual_centrifugalL2 -> [opticL1, visual_projectionL1]",central,1,central,2,optic,1,visual_projection,1
1327734,mixed,mix->BWD,mix,BWD,0,3,1,311,56,3.063,22002,70.746,visual_centrifugal,2,2,2,"[centralL2, centralL3] -> visual_centrifugalL2 -> [opticL1, visual_projectionL1]",central,2,central,3,optic,1,visual_projection,1
703525,mixed,mix->BWD,mix,BWD,1,3,0,311,50,2.972,17085,54.936,visual_centrifugal,2,2,2,"[centralL1, centralL3] -> visual_centrifugalL2 -> [opticL1, visual_projectionL1]",central,1,central,3,optic,1,visual_projection,1
295488,mixed,mix->BWD,mix,BWD,1,2,1,311,1,1.0,18772,60.36,visual_centrifugal,2,2,2,"[centralL1, centralL2] -> visual_centrifugalL2 -> [opticL1, sensoryL1]",central,1,central,2,optic,1,sensory,1
295488,mixed,mix->BWD,mix,BWD,0,3,1,311,1,1.0,27672,88.977,visual_centrifugal,2,2,2,"[centralL2, centralL3] -> visual_centrifugalL2 -> [opticL1, sensoryL1]",central,2,central,3,optic,1,sensory,1
260938,mixed,mix->BWD,mix,BWD,0,3,1,311,21,3.152,13054,41.974,visual_centrifugal,2,2,2,"[ascendingL3, centralL2] -> visual_centrifugalL2 -> [opticL1, visual_projectionL1]",ascending,3,central,2,optic,1,visual_projection,1
222696,mixed,mix->BWD,mix,BWD,1,2,1,311,40,3.119,8712,28.013,visual_centrifugal,2,2,2,"[centralL1, visual_projectionL2] -> visual_centrifugalL2 -> [opticL1, visual_projectionL1]",central,1,visual_projection,2,optic,1,visual_projection,1
218462,mixed,mix->BWD,mix,BWD,0,3,1,311,16,2.914,12648,40.669,visual_centrifugal,2,2,2,"[centralL2, visual_centrifugalL3] -> visual_centrifugalL2 -> [opticL1, visual_projectionL1]",central,2,visual_centrifugal,3,optic,1,visual_projection,1
205982,mixed,mix->BWD,mix,BWD,0,3,1,311,45,3.305,17612,56.63,visual_centrifugal,2,2,2,"[centralL3, visual_projectionL2] -> visual_centrifugalL2 -> [opticL1, visual_projectionL1]",central,3,visual_projection,2,optic,1,visual_projection,1
192532,mixed,mix->BWD,mix,BWD,1,2,1,311,33,3.211,12720,40.9,visual_centrifugal,2,2,2,"[ascendingL1, centralL2] -> visual_centrifugalL2 -> [opticL1, visual_projectionL1]",ascending,1,central,2,optic,1,visual_projection,1
19152709,mixed,mix->LAT,mix,LAT,0,1,3,311,82,4.905,51533,165.701,visual_centrifugal,2,2,2,"[centralL2, centralL3] -> visual_centrifugalL2 -> [opticL2, visual_projectionL2]",central,2,central,3,optic,2,visual_projection,2
9802877,mixed,mix->LAT,mix,LAT,1,0,3,311,73,7.197,42633,137.084,visual_centrifugal,2,2,2,"[centralL1, centralL2] -> visual_centrifugalL2 -> [opticL2, visual_projectionL2]",central,1,central,2,optic,2,visual_projection,2
7483750,mixed,mix->LAT,mix,LAT,1,1,2,311,67,4.48,46616,149.891,visual_centrifugal,2,2,2,"[centralL1, centralL3] -> visual_centrifugalL2 -> [opticL2, visual_projectionL2]",central,1,central,3,optic,2,visual_projection,2
4008850,mixed,mix->LAT,mix,LAT,0,1,3,311,64,3.974,44813,144.093,visual_centrifugal,2,2,2,"[centralL2, visual_projectionL3] -> visual_centrifugalL2 -> [opticL2, visual_projectionL2]",central,2,visual_projection,3,optic,2,visual_projection,2
3516485,mixed,mix->LAT,mix,LAT,0,1,3,311,50,4.282,46636,149.955,visual_centrifugal,2,2,2,"[ascendingL2, centralL3] -> visual_centrifugalL2 -> [opticL2, visual_projectionL2]",ascending,2,central,3,optic,2,visual_projection,2
2939967,mixed,mix->LAT,mix,LAT,0,1,3,311,33,7.732,42585,136.929,visual_centrifugal,2,2,2,"[ascendingL3, centralL2] -> visual_centrifugalL2 -> [opticL2, visual_projectionL2]",ascending,3,central,2,optic,2,visual_projection,2
2489448,mixed,mix->LAT,mix,LAT,0,1,3,311,48,6.943,72042,231.646,visual_centrifugal,2,2,2,"[centralL2, opticL3] -> visual_centrifugalL2 -> [opticL2, visual_projectionL2]",central,2,optic,3,optic,2,visual_projection,2
1482816,mixed,mix->LAT,mix,LAT,1,1,2,311,49,3.461,39896,128.283,visual_centrifugal,2,2,2,"[centralL1, visual_projectionL3] -> visual_centrifugalL2 -> [opticL2, visual_projectionL2]",central,1,visual_projection,3,optic,2,visual_projection,2
1374295,mixed,mix->LAT,mix,LAT,1,0,3,311,47,7.098,37736,121.338,visual_centrifugal,2,2,2,"[ascendingL2, centralL1] -> visual_centrifugalL2 -> [opticL2, visual_projectionL2]",ascending,2,central,1,optic,2,visual_projection,2
1359747,mixed,mix->LAT,mix,LAT,1,0,3,311,39,7.901,42251,135.855,visual_centrifugal,2,2,2,"[ascendingL1, centralL2] -> visual_centrifugalL2 -> [opticL2, visual_projectionL2]",ascending,1,central,2,optic,2,visual_projection,2
27268858,mixed,mix->FWD,mix,FWD,2,1,1,311,90,4.171,47546,152.881,visual_centrifugal,2,2,2,"[centralL2, centralL3] -> visual_centrifugalL2 -> [opticL3, visual_projectionL3]",central,2,central,3,optic,3,visual_projection,3
10702733,mixed,mix->FWD,mix,FWD,2,1,1,311,55,4.774,77678,249.768,visual_centrifugal,2,2,2,"[centralL3, opticL2] -> visual_centrifugalL2 -> [opticL3, visual_projectionL3]",central,3,optic,2,optic,3,visual_projection,3
10510577,mixed,mix->FWD,mix,FWD,2,1,1,311,76,4.995,43156,138.765,visual_centrifugal,2,2,2,"[centralL3, visual_projectionL2] -> visual_centrifugalL2 -> [opticL3, visual_projectionL3]",central,3,visual_projection,2,optic,3,visual_projection,3
8573869,mixed,mix->FWD,mix,FWD,3,1,0,311,75,3.066,42629,137.071,visual_centrifugal,2,2,2,"[centralL1, centralL3] -> visual_centrifugalL2 -> [opticL3, visual_projectionL3]",central,1,central,3,optic,3,visual_projection,3
6775333,mixed,mix->FWD,mix,FWD,2,1,1,311,53,4.163,42649,137.135,visual_centrifugal,2,2,2,"[ascendingL2, centralL3] -> visual_centrifugalL2 -> [opticL3, visual_projectionL3]",ascending,2,central,3,optic,3,visual_projection,3
6118048,mixed,mix->FWD,mix,FWD,3,0,1,311,77,4.019,38646,124.264,visual_centrifugal,2,2,2,"[centralL1, centralL2] -> visual_centrifugalL2 -> [opticL3, visual_projectionL3]",central,1,central,2,optic,3,visual_projection,3
4891289,mixed,mix->FWD,mix,FWD,2,1,1,311,28,3.283,38598,124.109,visual_centrifugal,2,2,2,"[ascendingL3, centralL2] -> visual_centrifugalL2 -> [opticL3, visual_projectionL3]",ascending,3,central,2,optic,3,visual_projection,3
2992172,mixed,mix->FWD,mix,FWD,3,0,1,311,62,5.359,34256,110.148,visual_centrifugal,2,2,2,"[centralL1, visual_projectionL2] -> visual_centrifugalL2 -> [opticL3, visual_projectionL3]",central,1,visual_projection,2,optic,3,visual_projection,3
2476300,mixed,mix->FWD,mix,FWD,2,1,1,311,18,1.98,68730,220.997,visual_centrifugal,2,2,2,"[ascendingL3, opticL2] -> visual_centrifugalL2 -> [opticL3, visual_projectionL3]",ascending,3,optic,2,optic,3,visual_projection,3
1998789,mixed,mix->FWD,mix,FWD,3,0,1,311,40,5.348,68778,221.151,visual_centrifugal,2,2,2,"[centralL1, opticL2] -> visual_centrifugalL2 -> [opticL3, visual_projectionL3]",central,1,optic,2,optic,3,visual_projection,3
119436650,mixed,FWD->mix,FWD,mix,2,1,1,311,47,3.718,43306,139.248,visual_centrifugal,2,2,2,"[ascendingL1, centralL1] -> visual_centrifugalL2 -> [opticL1, opticL2]",ascending,1,central,1,optic,1,optic,2
55558243,mixed,FWD->mix,FWD,mix,2,1,1,311,36,2.605,43234,139.016,visual_centrifugal,2,2,2,"[centralL1, visual_projectionL1] -> visual_centrifugalL2 -> [opticL1, opticL2]",central,1,visual_projection,1,optic,1,optic,2
19250153,mixed,FWD->mix,FWD,mix,3,0,1,311,52,7.079,66216,212.913,visual_centrifugal,2,2,2,"[ascendingL1, centralL1] -> visual_centrifugalL2 -> [opticL2, opticL3]",ascending,1,central,1,optic,2,optic,3
12836365,mixed,FWD->mix,FWD,mix,3,0,1,311,43,6.154,66144,212.682,visual_centrifugal,2,2,2,"[centralL1, visual_projectionL1] -> visual_centrifugalL2 -> [opticL2, opticL3]",central,1,visual_projection,1,optic,2,optic,3
7667439,mixed,FWD->mix,FWD,mix,2,1,1,311,20,2.444,42852,137.788,visual_centrifugal,2,2,2,"[ascendingL1, visual_projectionL1] -> visual_centrifugalL2 -> [opticL1, opticL2]",ascending,1,visual_projection,1,optic,1,optic,2
6676923,mixed,FWD->mix,FWD,mix,3,1,0,311,48,4.074,37666,121.113,visual_centrifugal,2,2,2,"[ascendingL1, centralL1] -> visual_centrifugalL2 -> [opticL1, opticL3]",ascending,1,central,1,optic,1,optic,3
4336405,mixed,FWD->mix,FWD,mix,3,0,1,311,17,3.409,73097,235.039,visual_centrifugal,2,2,2,"[centralL1, opticL1] -> visual_centrifugalL2 -> [opticL2, opticL3]",central,1,optic,1,optic,2,optic,3
4221977,mixed,FWD->mix,FWD,mix,3,0,1,311,30,7.566,66108,212.566,visual_centrifugal,2,2,2,"[centralL1, visual_centrifugalL1] -> visual_centrifugalL2 -> [opticL2, opticL3]",central,1,visual_centrifugal,1,optic,2,optic,3
3319332,mixed,FWD->mix,FWD,mix,3,0,1,311,20,3.08,65762,211.453,visual_centrifugal,2,2,2,"[ascendingL1, visual_projectionL1] -> visual_centrifugalL2 -> [opticL2, opticL3]",ascending,1,visual_projection,1,optic,2,optic,3
3172574,mixed,FWD->mix,FWD,mix,3,1,0,311,36,3.073,37594,120.881,visual_centrifugal,2,2,2,"[centralL1, visual_projectionL1] -> visual_centrifugalL2 -> [opticL1, opticL3]",central,1,visual_projection,1,optic,1,optic,3
640327,mixed,FWD->LAT,FWD,LAT,2,0,2,311,38,6.48,37334,120.045,visual_centrifugal,2,2,2,"[ascendingL1, centralL1] -> visual_centrifugalL2 -> [opticL2, visual_projectionL2]",ascending,1,central,1,optic,2,visual_projection,2
428816,mixed,FWD->LAT,FWD,LAT,2,0,2,311,35,7.718,37262,119.814,visual_centrifugal,2,2,2,"[centralL1, visual_projectionL1] -> visual_centrifugalL2 -> [opticL2, visual_projectionL2]",central,1,visual_projection,1,optic,2,visual_projection,2
369728,mixed,FWD->LAT,FWD,LAT,2,0,2,311,24,3.585,37226,119.698,visual_centrifugal,2,2,2,"[centralL1, visual_centrifugalL1] -> visual_centrifugalL2 -> [opticL2, visual_projectionL2]",central,1,visual_centrifugal,1,optic,2,visual_projection,2
165623,mixed,FWD->LAT,FWD,LAT,2,0,2,311,16,2.087,44215,142.17,visual_centrifugal,2,2,2,"[centralL1, opticL1] -> visual_centrifugalL2 -> [opticL2, visual_projectionL2]",central,1,optic,1,optic,2,visual_projection,2
116554,mixed,FWD->LAT,FWD,LAT,2,0,2,311,22,6.903,36772,118.238,visual_centrifugal,2,2,2,"[visual_centrifugalL1, visual_projectionL1] -> visual_centrifugalL2 -> [opticL2, visual_projectionL2]",visual_centrifugal,1,visual_projection,1,optic,2,visual_projection,2
65573,mixed,FWD->LAT,FWD,LAT,2,0,2,311,11,2.38,43725,140.595,visual_centrifugal,2,2,2,"[opticL1, visual_centrifugalL1] -> visual_centrifugalL2 -> [opticL2, visual_projectionL2]",optic,1,visual_centrifugal,1,optic,2,visual_projection,2
62400,mixed,FWD->LAT,FWD,LAT,2,0,2,311,1,1.0,40301,129.585,visual_centrifugal,2,2,2,"[ascendingL1, centralL1] -> visual_centrifugalL2 -> [opticL2, sensoryL2]",ascending,1,central,1,optic,2,sensory,2
55798,mixed,FWD->LAT,FWD,LAT,2,0,2,311,15,2.696,43761,140.711,visual_centrifugal,2,2,2,"[opticL1, visual_projectionL1] -> visual_centrifugalL2 -> [opticL2, visual_projectionL2]",optic,1,visual_projection,1,optic,2,visual_projection,2
50467,mixed,FWD->LAT,FWD,LAT,2,0,2,311,17,6.037,36880,118.585,visual_centrifugal,2,2,2,"[ascendingL1, visual_projectionL1] -> visual_centrifugalL2 -> [opticL2, visual_projectionL2]",ascending,1,visual_projection,1,optic,2,visual_projection,2
46641,mixed,FWD->LAT,FWD,LAT,2,0,2,311,11,3.127,36844,118.469,visual_centrifugal,2,2,2,"[ascendingL1, visual_centrifugalL1] -> visual_centrifugalL2 -> [opticL2, visual_projectionL2]",ascending,1,visual_centrifugal,1,optic,2,visual_projection,2
558259,pure_FWD,FWD->FWD,FWD,FWD,4,0,0,311,36,6.601,33347,107.225,visual_centrifugal,2,2,2,"[ascendingL1, centralL1] -> visual_centrifugalL2 -> [opticL3, visual_projectionL3]",ascending,1,central,1,optic,3,visual_projection,3
458960,pure_FWD,FWD->FWD,FWD,FWD,4,0,0,311,23,3.408,33239,106.878,visual_centrifugal,2,2,2,"[centralL1, visual_centrifugalL1] -> visual_centrifugalL2 -> [opticL3, visual_projectionL3]",central,1,visual_centrifugal,1,optic,3,visual_projection,3
455554,pure_FWD,FWD->FWD,FWD,FWD,4,0,0,311,35,4.732,33275,106.994,visual_centrifugal,2,2,2,"[centralL1, visual_projectionL1] -> visual_centrifugalL2 -> [opticL3, visual_projectionL3]",central,1,visual_projection,1,optic,3,visual_projection,3
220223,pure_FWD,FWD->FWD,FWD,FWD,4,0,0,311,14,3.647,40228,129.35,visual_centrifugal,2,2,2,"[centralL1, opticL1] -> visual_centrifugalL2 -> [opticL3, visual_projectionL3]",central,1,optic,1,optic,3,visual_projection,3
142112,pure_FWD,FWD->FWD,FWD,FWD,4,0,0,311,17,2.887,32893,105.765,visual_centrifugal,2,2,2,"[ascendingL1, visual_projectionL1] -> visual_centrifugalL2 -> [opticL3, visual_projectionL3]",ascending,1,visual_projection,1,optic,3,visual_projection,3
109317,pure_FWD,FWD->FWD,FWD,FWD,4,0,0,311,12,3.869,32857,105.65,visual_centrifugal,2,2,2,"[ascendingL1, visual_centrifugalL1] -> visual_centrifugalL2 -> [opticL3, visual_projectionL3]",ascending,1,visual_centrifugal,1,optic,3,visual_projection,3
101700,pure_FWD,FWD->FWD,FWD,FWD,4,0,0,311,18,4.957,32785,105.418,visual_centrifugal,2,2,2,"[visual_centrifugalL1, visual_projectionL1] -> visual_centrifugalL2 -> [opticL3, visual_projectionL3]",visual_centrifugal,1,visual_projection,1,optic,3,visual_projection,3
93891,pure_FWD,FWD->FWD,FWD,FWD,4,0,0,311,7,3.53,39846,128.122,visual_centrifugal,2,2,2,"[ascendingL1, opticL1] -> visual_centrifugalL2 -> [opticL3, visual_projectionL3]",ascending,1,optic,1,optic,3,visual_projection,3
83984,pure_FWD,FWD->FWD,FWD,FWD,4,0,0,311,12,2.308,39774,127.891,visual_centrifugal,2,2,2,"[opticL1, visual_projectionL1] -> visual_centrifugalL2 -> [opticL3, visual_projectionL3]",optic,1,visual_projection,1,optic,3,visual_projection,3
62580,pure_FWD,FWD->FWD,FWD,FWD,4,0,0,311,15,7.926,30713,98.756,visual_centrifugal,2,2,2,"[ascendingL1, centralL1] -> visual_centrifugalL2 -> [opticL3, visual_centrifugalL3]",ascending,1,central,1,optic,3,visual_centrifugal,3
104392,mixed,FWD->BWD,FWD,BWD,2,2,0,311,33,3.137,7803,25.09,visual_centrifugal,2,2,2,"[ascendingL1, centralL1] -> visual_centrifugalL2 -> [opticL1, visual_projectionL1]",ascending,1,central,1,optic,1,visual_projection,1
16416,mixed,FWD->BWD,FWD,BWD,2,2,0,311,1,1.0,13473,43.322,visual_centrifugal,2,2,2,"[ascendingL1, centralL1] -> visual_centrifugalL2 -> [opticL1, sensoryL1]",ascending,1,central,1,optic,1,sensory,1
8208,mixed,FWD->BWD,FWD,BWD,2,2,0,311,1,1.0,13401,43.09,visual_centrifugal,2,2,2,"[centralL1, visual_projectionL1] -> visual_centrifugalL2 -> [opticL1, sensoryL1]",central,1,visual_projection,1,optic,1,sensory,1
2312,mixed,FWD->BWD,FWD,BWD,2,2,0,311,13,2.051,7695,24.743,visual_centrifugal,2,2,2,"[centralL1, visual_centrifugalL1] -> visual_centrifugalL2 -> [opticL1, visual_projectionL1]",central,1,visual_centrifugal,1,optic,1,visual_projection,1
2029,mixed,FWD->BWD,FWD,BWD,2,2,0,311,10,1.794,7767,24.974,visual_centrifugal,2,2,2,"[ascendingL1, centralL1] -> visual_centrifugalL2 -> [opticL1, visual_centrifugalL1]",ascending,1,central,1,optic,1,visual_centrifugal,1
1383,mixed,FWD->BWD,FWD,BWD,2,2,0,311,14,2.861,7695,24.743,visual_centrifugal,2,2,2,"[centralL1, visual_projectionL1] -> visual_centrifugalL2 -> [opticL1, visual_centrifugalL1]",central,1,visual_projection,1,optic,1,visual_centrifugal,1
864,mixed,FWD->BWD,FWD,BWD,2,2,0,311,1,1.0,13019,41.862,visual_centrifugal,2,2,2,"[ascendingL1, visual_projectionL1] -> visual_centrifugalL2 -> [opticL1, sensoryL1]",ascending,1,visual_projection,1,optic,1,sensory,1
402,mixed,FWD->BWD,FWD,BWD,2,2,0,311,7,2.054,7313,23.514,visual_centrifugal,2,2,2,"[ascendingL1, visual_centrifugalL1] -> visual_centrifugalL2 -> [opticL1, visual_projectionL1]",ascending,1,visual_centrifugal,1,optic,1,visual_projection,1
356,mixed,FWD->BWD,FWD,BWD,2,2,0,311,5,2.941,7313,23.514,visual_centrifugal,2,2,2,"[ascendingL1, visual_projectionL1] -> visual_centrifugalL2 -> [opticL1, visual_centrifugalL1]",ascending,1,visual_projection,1,optic,1,visual_centrifugal,1
344,mixed,FWD->BWD,FWD,BWD,2,2,0,311,4,1.559,7767,24.974,visual_centrifugal,2,2,2,"[ascendingL1, visual_centrifugalL1] -> visual_centrifugalL2 -> [centralL1, opticL1]",ascending,1,visual_centrifugal,1,central,1,optic,1
398604508,mixed,LAT->mix,LAT,mix,0,1,3,311,65,4.002,49132,157.981,visual_centrifugal,2,2,2,"[centralL2, visual_projectionL2] -> visual_centrifugalL2 -> [opticL1, opticL2]",central,2,visual_projection,2,optic,1,optic,2
279287156,mixed,LAT->mix,LAT,mix,0,1,3,311,51,3.622,48625,156.35,visual_centrifugal,2,2,2,"[ascendingL2, centralL2] -> visual_centrifugalL2 -> [opticL1, opticL2]",ascending,2,central,2,optic,1,optic,2
126144084,mixed,LAT->mix,LAT,mix,1,0,3,311,117,11.169,72042,231.646,visual_centrifugal,2,2,2,"[centralL2, visual_projectionL2] -> visual_centrifugalL2 -> [opticL2, opticL3]",central,2,visual_projection,2,optic,2,optic,3
60285151,mixed,LAT->mix,LAT,mix,1,0,3,311,73,9.321,71535,230.016,visual_centrifugal,2,2,2,"[ascendingL2, centralL2] -> visual_centrifugalL2 -> [opticL2, opticL3]",ascending,2,central,2,optic,2,optic,3
42552438,mixed,LAT->mix,LAT,mix,0,1,3,311,10,1.993,48122,154.733,visual_centrifugal,2,2,2,"[centralL2, descendingL2] -> visual_centrifugalL2 -> [opticL1, opticL2]",central,2,descending,2,optic,1,optic,2
39657253,mixed,LAT->mix,LAT,mix,0,1,3,311,40,3.937,44235,142.235,visual_centrifugal,2,2,2,"[ascendingL2, visual_projectionL2] -> visual_centrifugalL2 -> [opticL1, opticL2]",ascending,2,visual_projection,2,optic,1,optic,2
25894157,mixed,LAT->mix,LAT,mix,1,1,2,311,65,5.25,43492,139.846,visual_centrifugal,2,2,2,"[centralL2, visual_projectionL2] -> visual_centrifugalL2 -> [opticL1, opticL3]",central,2,visual_projection,2,optic,1,optic,3
20204204,mixed,LAT->mix,LAT,mix,1,0,3,311,59,8.9,67145,215.9,visual_centrifugal,2,2,2,"[ascendingL2, visual_projectionL2] -> visual_centrifugalL2 -> [opticL2, opticL3]",ascending,2,visual_projection,2,optic,2,optic,3
16495712,mixed,LAT->mix,LAT,mix,1,1,2,311,51,4.471,42985,138.215,visual_centrifugal,2,2,2,"[ascendingL2, centralL2] -> visual_centrifugalL2 -> [opticL1, opticL3]",ascending,2,central,2,optic,1,optic,3
6983975,mixed,LAT->mix,LAT,mix,1,1,2,311,50,3.395,78014,250.849,visual_centrifugal,2,2,2,"[centralL2, opticL2] -> visual_centrifugalL2 -> [opticL1, opticL3]",central,2,optic,2,optic,1,optic,3
420881,mixed,LAT->BWD,LAT,BWD,0,2,2,311,44,3.273,13629,43.823,visual_centrifugal,2,2,2,"[centralL2, visual_projectionL2] -> visual_centrifugalL2 -> [opticL1, visual_projectionL1]",central,2,visual_projection,2,optic,1,visual_projection,1
243505,mixed,LAT->BWD,LAT,BWD,0,2,2,311,38,3.379,13122,42.193,visual_centrifugal,2,2,2,"[ascendingL2, centralL2] -> visual_centrifugalL2 -> [opticL1, visual_projectionL1]",ascending,2,central,2,optic,1,visual_projection,1
105911,mixed,LAT->BWD,LAT,BWD,0,2,2,311,33,2.393,48151,154.826,visual_centrifugal,2,2,2,"[centralL2, opticL2] -> visual_centrifugalL2 -> [opticL1, visual_projectionL1]",central,2,optic,2,optic,1,visual_projection,1
93312,mixed,LAT->BWD,LAT,BWD,0,2,2,311,1,1.0,19299,62.055,visual_centrifugal,2,2,2,"[centralL2, visual_projectionL2] -> visual_centrifugalL2 -> [opticL1, sensoryL1]",central,2,visual_projection,2,optic,1,sensory,1
77718,mixed,LAT->BWD,LAT,BWD,0,2,2,311,19,2.047,43725,140.595,visual_centrifugal,2,2,2,"[opticL2, visual_projectionL2] -> visual_centrifugalL2 -> [opticL1, visual_centrifugalL1]",optic,2,visual_projection,2,optic,1,visual_centrifugal,1
65082,mixed,LAT->BWD,LAT,BWD,0,2,2,311,24,1.448,13593,43.707,visual_centrifugal,2,2,2,"[centralL2, visual_projectionL2] -> visual_centrifugalL2 -> [opticL1, visual_centrifugalL1]",central,2,visual_projection,2,optic,1,visual_centrifugal,1
52749,mixed,LAT->BWD,LAT,BWD,0,2,2,311,8,2.098,44215,142.17,visual_centrifugal,2,2,2,"[opticL2, visual_projectionL2] -> visual_centrifugalL2 -> [centralL1, opticL1]",optic,2,visual_projection,2,central,1,optic,1
42610,mixed,LAT->BWD,LAT,BWD,0,2,2,311,7,2.127,12619,40.576,visual_centrifugal,2,2,2,"[centralL2, descendingL2] -> visual_centrifugalL2 -> [opticL1, visual_projectionL1]",central,2,descending,2,optic,1,visual_projection,1
42401,mixed,LAT->BWD,LAT,BWD,0,2,2,311,32,3.027,43761,140.711,visual_centrifugal,2,2,2,"[opticL2, visual_projectionL2] -> visual_centrifugalL2 -> [opticL1, visual_projectionL1]",optic,2,visual_projection,2,optic,1,visual_projection,1
40179,mixed,LAT->BWD,LAT,BWD,0,2,2,311,29,4.546,8732,28.077,visual_centrifugal,2,2,2,"[ascendingL2, visual_projectionL2] -> visual_centrifugalL2 -> [opticL1, visual_projectionL1]",ascending,2,visual_projection,2,optic,1,visual_projection,1
7864168,mixed,LAT->FWD,LAT,FWD,2,0,2,311,85,6.835,39173,125.958,visual_centrifugal,2,2,2,"[centralL2, visual_projectionL2] -> visual_centrifugalL2 -> [opticL3, visual_projectionL3]",central,2,visual_projection,2,optic,3,visual_projection,3
7623348,mixed,LAT->FWD,LAT,FWD,2,0,2,311,56,3.753,73695,236.961,visual_centrifugal,2,2,2,"[centralL2, opticL2] -> visual_centrifugalL2 -> [opticL3, visual_projectionL3]",central,2,optic,2,optic,3,visual_projection,3
6312208,mixed,LAT->FWD,LAT,FWD,2,0,2,311,58,3.955,69305,222.846,visual_centrifugal,2,2,2,"[opticL2, visual_projectionL2] -> visual_centrifugalL2 -> [opticL3, visual_projectionL3]",optic,2,visual_projection,2,optic,3,visual_projection,3
5125664,mixed,LAT->FWD,LAT,FWD,2,0,2,311,53,4.461,38666,124.328,visual_centrifugal,2,2,2,"[ascendingL2, centralL2] -> visual_centrifugalL2 -> [opticL3, visual_projectionL3]",ascending,2,central,2,optic,3,visual_projection,3
2442963,mixed,LAT->FWD,LAT,FWD,2,0,2,311,30,2.816,68798,221.215,visual_centrifugal,2,2,2,"[ascendingL2, opticL2] -> visual_centrifugalL2 -> [opticL3, visual_projectionL3]",ascending,2,optic,2,optic,3,visual_projection,3
1549932,mixed,LAT->FWD,LAT,FWD,2,0,2,311,40,6.315,34276,110.212,visual_centrifugal,2,2,2,"[ascendingL2, visual_projectionL2] -> visual_centrifugalL2 -> [opticL3, visual_projectionL3]",ascending,2,visual_projection,2,optic,3,visual_projection,3
521649,mixed,LAT->FWD,LAT,FWD,2,0,2,311,37,10.085,36539,117.489,visual_centrifugal,2,2,2,"[centralL2, visual_projectionL2] -> visual_centrifugalL2 -> [opticL3, visual_centrifugalL3]",central,2,visual_projection,2,optic,3,visual_centrifugal,3
515244,mixed,LAT->FWD,LAT,FWD,2,0,2,311,51,6.642,66671,214.376,visual_centrifugal,2,2,2,"[opticL2, visual_projectionL2] -> visual_centrifugalL2 -> [opticL3, visual_centrifugalL3]",optic,2,visual_projection,2,optic,3,visual_centrifugal,3
419844,mixed,LAT->FWD,LAT,FWD,2,0,2,311,11,2.628,38163,122.711,visual_centrifugal,2,2,2,"[centralL2, descendingL2] -> visual_centrifugalL2 -> [opticL3, visual_projectionL3]",central,2,descending,2,optic,3,visual_projection,3
341419,mixed,LAT->FWD,LAT,FWD,2,0,2,311,35,6.211,71061,228.492,visual_centrifugal,2,2,2,"[centralL2, opticL2] -> visual_centrifugalL2 -> [opticL3, visual_centrifugalL3]",central,2,optic,2,optic,3,visual_centrifugal,3
3666436,pure_LAT,LAT->LAT,LAT,LAT,0,0,4,311,50,8.839,42653,137.148,visual_centrifugal,2,2,2,"[ascendingL2, centralL2] -> visual_centrifugalL2 -> [opticL2, visual_projectionL2]",ascending,2,central,2,optic,2,visual_projection,2
307336,pure_LAT,LAT->LAT,LAT,LAT,0,0,4,311,13,5.03,42150,135.531,visual_centrifugal,2,2,2,"[centralL2, descendingL2] -> visual_centrifugalL2 -> [opticL2, visual_projectionL2]",central,2,descending,2,optic,2,visual_projection,2
252076,pure_LAT,LAT->LAT,LAT,LAT,0,0,4,311,3,1.247,46127,148.318,visual_centrifugal,2,2,2,"[centralL2, visual_projectionL2] -> visual_centrifugalL2 -> [opticL2, sensoryL2]",central,2,visual_projection,2,optic,2,sensory,2
170194,pure_LAT,LAT->LAT,LAT,LAT,0,0,4,311,17,4.456,42653,137.148,visual_centrifugal,2,2,2,"[ascendingL2, visual_projectionL2] -> visual_centrifugalL2 -> [centralL2, opticL2]",ascending,2,visual_projection,2,central,2,optic,2
149760,pure_LAT,LAT->LAT,LAT,LAT,0,0,4,311,1,1.0,45620,146.688,visual_centrifugal,2,2,2,"[ascendingL2, centralL2] -> visual_centrifugalL2 -> [opticL2, sensoryL2]",ascending,2,central,2,optic,2,sensory,2
75810,pure_LAT,LAT->LAT,LAT,LAT,0,0,4,311,8,5.198,37253,119.785,visual_centrifugal,2,2,2,"[ascendingL2, descendingL2] -> visual_centrifugalL2 -> [opticL2, visual_projectionL2]",ascending,2,descending,2,optic,2,visual_projection,2
38115,pure_LAT,LAT->LAT,LAT,LAT,0,0,4,311,1,1.0,46127,148.318,visual_centrifugal,2,2,2,"[centralL2, sensoryL2] -> visual_centrifugalL2 -> [opticL2, visual_projectionL2]",central,2,sensory,2,optic,2,visual_projection,2
24960,pure_LAT,LAT->LAT,LAT,LAT,0,0,4,311,1,1.0,41230,132.572,visual_centrifugal,2,2,2,"[ascendingL2, visual_projectionL2] -> visual_centrifugalL2 -> [opticL2, sensoryL2]",ascending,2,visual_projection,2,optic,2,sensory,2
20400,pure_LAT,LAT->LAT,LAT,LAT,0,0,4,311,19,4.259,42653,137.148,visual_centrifugal,2,2,2,"[ascendingL2, opticL2] -> visual_centrifugalL2 -> [centralL2, visual_projectionL2]",ascending,2,optic,2,central,2,visual_projection,2
14520,pure_LAT,LAT->LAT,LAT,LAT,0,0,4,311,1,1.0,41230,132.572,visual_centrifugal,2,2,2,"[ascendingL2, sensoryL2] -> visual_centrifugalL2 -> [opticL2, visual_projectionL2]",ascending,2,sensory,2,optic,2,visual_projection,2
110194809,mixed,BWD->mix,BWD,mix,0,3,1,311,31,2.812,52540,168.939,visual_centrifugal,2,2,2,"[ascendingL3, centralL3] -> visual_centrifugalL2 -> [opticL1, opticL2]",ascending,3,central,3,optic,1,optic,2
104629242,mixed,BWD->mix,BWD,mix,0,3,1,311,21,3.874,52134,167.633,visual_centrifugal,2,2,2,"[centralL3, visual_centrifugalL3] -> visual_centrifugalL2 -> [opticL1, opticL2]",central,3,visual_centrifugal,3,optic,1,optic,2
70255150,mixed,BWD->mix,BWD,mix,0,3,1,311,56,3.727,54768,176.103,visual_centrifugal,2,2,2,"[centralL3, visual_projectionL3] -> visual_centrifugalL2 -> [opticL1, opticL2]",central,3,visual_projection,3,optic,1,optic,2
53172908,mixed,BWD->mix,BWD,mix,1,2,1,311,86,7.603,77678,249.768,visual_centrifugal,2,2,2,"[centralL3, visual_projectionL3] -> visual_centrifugalL2 -> [opticL2, opticL3]",central,3,visual_projection,3,optic,2,optic,3
45167429,mixed,BWD->mix,BWD,mix,1,2,1,311,40,5.364,75450,242.605,visual_centrifugal,2,2,2,"[ascendingL3, centralL3] -> visual_centrifugalL2 -> [opticL2, opticL3]",ascending,3,central,3,optic,2,optic,3
19582297,mixed,BWD->mix,BWD,mix,0,3,1,311,17,2.856,43186,138.862,visual_centrifugal,2,2,2,"[ascendingL3, visual_centrifugalL3] -> visual_centrifugalL2 -> [opticL1, opticL2]",ascending,3,visual_centrifugal,3,optic,1,optic,2
16765135,mixed,BWD->mix,BWD,mix,0,3,1,311,14,2.066,52196,167.833,visual_centrifugal,2,2,2,"[centralL3, descendingL3] -> visual_centrifugalL2 -> [opticL1, opticL2]",central,3,descending,3,optic,1,optic,2
15031931,mixed,BWD->mix,BWD,mix,1,2,1,311,40,6.297,75044,241.299,visual_centrifugal,2,2,2,"[centralL3, visual_centrifugalL3] -> visual_centrifugalL2 -> [opticL2, opticL3]",central,3,visual_centrifugal,3,optic,2,optic,3
14676113,mixed,BWD->mix,BWD,mix,0,3,1,311,25,2.76,45820,147.331,visual_centrifugal,2,2,2,"[ascendingL3, visual_projectionL3] -> visual_centrifugalL2 -> [opticL1, opticL2]",ascending,3,visual_projection,3,optic,1,optic,2
12826860,mixed,BWD->mix,BWD,mix,0,3,1,311,19,3.503,45414,146.026,visual_centrifugal,2,2,2,"[visual_centrifugalL3, visual_projectionL3] -> visual_centrifugalL2 -> [opticL1, opticL2]",visual_centrifugal,3,visual_projection,3,optic,1,optic,2
128003,pure_BWD,BWD->BWD,BWD,BWD,0,4,0,311,21,3.511,17037,54.781,visual_centrifugal,2,2,2,"[ascendingL3, centralL3] -> visual_centrifugalL2 -> [opticL1, visual_projectionL1]",ascending,3,central,3,optic,1,visual_projection,1
104227,pure_BWD,BWD->BWD,BWD,BWD,0,4,0,311,15,2.8,16631,53.476,visual_centrifugal,2,2,2,"[centralL3, visual_centrifugalL3] -> visual_centrifugalL2 -> [opticL1, visual_projectionL1]",central,3,visual_centrifugal,3,optic,1,visual_projection,1
84107,pure_BWD,BWD->BWD,BWD,BWD,0,4,0,311,40,5.093,19265,61.945,visual_centrifugal,2,2,2,"[centralL3, visual_projectionL3] -> visual_centrifugalL2 -> [opticL1, visual_projectionL1]",central,3,visual_projection,3,optic,1,visual_projection,1
24624,pure_BWD,BWD->BWD,BWD,BWD,0,4,0,311,1,1.0,22301,71.707,visual_centrifugal,2,2,2,"[centralL3, visual_centrifugalL3] -> visual_centrifugalL2 -> [opticL1, sensoryL1]",central,3,visual_centrifugal,3,optic,1,sensory,1
21294,pure_BWD,BWD->BWD,BWD,BWD,0,4,0,311,12,1.596,16693,53.675,visual_centrifugal,2,2,2,"[centralL3, descendingL3] -> visual_centrifugalL2 -> [opticL1, visual_projectionL1]",central,3,descending,3,optic,1,visual_projection,1
20360,pure_BWD,BWD->BWD,BWD,BWD,0,4,0,311,10,2.937,7683,24.704,visual_centrifugal,2,2,2,"[ascendingL3, visual_centrifugalL3] -> visual_centrifugalL2 -> [opticL1, visual_projectionL1]",ascending,3,visual_centrifugal,3,optic,1,visual_projection,1
17226,pure_BWD,BWD->BWD,BWD,BWD,0,4,0,311,15,3.767,10317,33.174,visual_centrifugal,2,2,2,"[ascendingL3, visual_projectionL3] -> visual_centrifugalL2 -> [opticL1, visual_projectionL1]",ascending,3,visual_projection,3,optic,1,visual_projection,1
16416,pure_BWD,BWD->BWD,BWD,BWD,0,4,0,311,1,1.0,22707,73.013,visual_centrifugal,2,2,2,"[ascendingL3, centralL3] -> visual_centrifugalL2 -> [opticL1, sensoryL1]",ascending,3,central,3,optic,1,sensory,1
11265,pure_BWD,BWD->BWD,BWD,BWD,0,4,0,311,13,3.085,9911,31.868,visual_centrifugal,2,2,2,"[visual_centrifugalL3, visual_projectionL3] -> visual_centrifugalL2 -> [opticL1, visual_projectionL1]",visual_centrifugal,3,visual_projection,3,optic,1,visual_projection,1
8208,pure_BWD,BWD->BWD,BWD,BWD,0,4,0,311,1,1.0,22363,71.907,visual_centrifugal,2,2,2,"[centralL3, descendingL3] -> visual_centrifugalL2 -> [opticL1, sensoryL1]",central,3,descending,3,optic,1,sensory,1
5073402,mixed,BWD->LAT,BWD,LAT,0,2,2,311,68,2.396,48796,156.9,visual_centrifugal,2,2,2,"[centralL3, visual_projectionL3] -> visual_centrifugalL2 -> [opticL2, visual_projectionL2]",central,3,visual_projection,3,optic,2,visual_projection,2
3413369,mixed,BWD->LAT,BWD,LAT,0,2,2,311,47,6.179,76025,244.453,visual_centrifugal,2,2,2,"[centralL3, opticL3] -> visual_centrifugalL2 -> [opticL2, visual_projectionL2]",central,3,optic,3,optic,2,visual_projection,2
3015118,mixed,BWD->LAT,BWD,LAT,0,2,2,311,46,1.828,69305,222.846,visual_centrifugal,2,2,2,"[opticL3, visual_projectionL3] -> visual_centrifugalL2 -> [opticL2, visual_projectionL2]",optic,3,visual_projection,3,optic,2,visual_projection,2
2805637,mixed,BWD->LAT,BWD,LAT,0,2,2,311,34,3.956,46568,149.736,visual_centrifugal,2,2,2,"[ascendingL3, centralL3] -> visual_centrifugalL2 -> [opticL2, visual_projectionL2]",ascending,3,central,3,optic,2,visual_projection,2
1199135,mixed,BWD->LAT,BWD,LAT,0,2,2,311,17,1.523,46224,148.63,visual_centrifugal,2,2,2,"[centralL3, descendingL3] -> visual_centrifugalL2 -> [opticL2, visual_projectionL2]",central,3,descending,3,optic,2,visual_projection,2
810814,mixed,BWD->LAT,BWD,LAT,0,2,2,311,26,4.45,46162,148.431,visual_centrifugal,2,2,2,"[centralL3, visual_centrifugalL3] -> visual_centrifugalL2 -> [opticL2, visual_projectionL2]",central,3,visual_centrifugal,3,optic,2,visual_projection,2
790815,mixed,BWD->LAT,BWD,LAT,0,2,2,311,22,1.677,53186,171.016,visual_centrifugal,2,2,2,"[centralL3, visual_projectionL3] -> visual_centrifugalL2 -> [centralL2, opticL2]",central,3,visual_projection,3,central,2,optic,2
621311,mixed,BWD->LAT,BWD,LAT,0,2,2,311,27,3.267,39848,128.129,visual_centrifugal,2,2,2,"[ascendingL3, visual_projectionL3] -> visual_centrifugalL2 -> [opticL2, visual_projectionL2]",ascending,3,visual_projection,3,optic,2,visual_projection,2
521652,mixed,BWD->LAT,BWD,LAT,0,2,2,311,19,4.752,80415,258.569,visual_centrifugal,2,2,2,"[centralL3, opticL3] -> visual_centrifugalL2 -> [centralL2, opticL2]",central,3,optic,3,central,2,optic,2
304374,mixed,BWD->LAT,BWD,LAT,0,2,2,311,14,1.543,50958,163.852,visual_centrifugal,2,2,2,"[ascendingL3, centralL3] -> visual_centrifugalL2 -> [centralL2, opticL2]",ascending,3,central,3,central,2,optic,2
6208414,mixed,BWD->FWD,BWD,FWD,2,2,0,311,30,3.356,42581,136.916,visual_centrifugal,2,2,2,"[ascendingL3, centralL3] -> visual_centrifugalL2 -> [opticL3, visual_projectionL3]",ascending,3,central,3,optic,3,visual_projection,3
1777157,mixed,BWD->FWD,BWD,FWD,2,2,0,311,15,1.574,42237,135.81,visual_centrifugal,2,2,2,"[centralL3, descendingL3] -> visual_centrifugalL2 -> [opticL3, visual_projectionL3]",central,3,descending,3,optic,3,visual_projection,3
688806,mixed,BWD->FWD,BWD,FWD,2,2,0,311,28,2.018,42175,135.611,visual_centrifugal,2,2,2,"[centralL3, visual_centrifugalL3] -> visual_centrifugalL2 -> [opticL3, visual_projectionL3]",central,3,visual_centrifugal,3,optic,3,visual_projection,3
450987,mixed,BWD->FWD,BWD,FWD,2,2,0,311,42,3.852,42175,135.611,visual_centrifugal,2,2,2,"[centralL3, visual_projectionL3] -> visual_centrifugalL2 -> [opticL3, visual_centrifugalL3]",central,3,visual_projection,3,optic,3,visual_centrifugal,3
253394,mixed,BWD->FWD,BWD,FWD,2,2,0,311,18,5.148,39947,128.447,visual_centrifugal,2,2,2,"[ascendingL3, centralL3] -> visual_centrifugalL2 -> [opticL3, visual_centrifugalL3]",ascending,3,central,3,optic,3,visual_centrifugal,3
235261,mixed,BWD->FWD,BWD,FWD,2,2,0,311,8,2.737,33289,107.039,visual_centrifugal,2,2,2,"[ascendingL3, descendingL3] -> visual_centrifugalL2 -> [opticL3, visual_projectionL3]",ascending,3,descending,3,optic,3,visual_projection,3
95432,mixed,BWD->FWD,BWD,FWD,2,2,0,311,15,3.018,33227,106.839,visual_centrifugal,2,2,2,"[ascendingL3, visual_centrifugalL3] -> visual_centrifugalL2 -> [opticL3, visual_projectionL3]",ascending,3,visual_centrifugal,3,optic,3,visual_projection,3
88774,mixed,BWD->FWD,BWD,FWD,2,2,0,311,10,1.814,39603,127.341,visual_centrifugal,2,2,2,"[centralL3, descendingL3] -> visual_centrifugalL2 -> [opticL3, visual_centrifugalL3]",central,3,descending,3,optic,3,visual_centrifugal,3
70917,mixed,BWD->FWD,BWD,FWD,2,2,0,311,23,6.611,42175,135.611,visual_centrifugal,2,2,2,"[centralL3, opticL3] -> visual_centrifugalL2 -> [visual_centrifugalL3, visual_projectionL3]",central,3,optic,3,visual_centrifugal,3,visual_projection,3
50423,mixed,BWD->FWD,BWD,FWD,2,2,0,311,13,2.263,12718,40.894,visual_centrifugal,2,2,2,"[ascendingL3, centralL3] -> visual_centrifugalL2 -> [visual_centrifugalL3, visual_projectionL3]",ascending,3,central,3,visual_centrifugal,3,visual_projection,3
479385206,mixed,mix->mix,mix,mix,1,1,2,81,22,1.018,69305,855.617,visual_centrifugal,3,2,2,"[visual_projectionL2, visual_projectionL3] -> visual_centrifugalL3 -> [opticL2, opticL3]",visual_projection,2,visual_projection,3,optic,2,optic,3
288115721,mixed,mix->mix,mix,mix,1,1,2,81,25,1.021,73695,909.815,visual_centrifugal,3,2,2,"[centralL2, visual_projectionL3] -> visual_centrifugalL3 -> [opticL2, opticL3]",central,2,visual_projection,3,optic,2,optic,3
192801533,mixed,mix->mix,mix,mix,1,1,2,81,14,1.029,68554,846.346,visual_centrifugal,3,2,2,"[visual_centrifugalL2, visual_projectionL3] -> visual_centrifugalL3 -> [opticL2, opticL3]",visual_centrifugal,2,visual_projection,3,optic,2,optic,3
95379695,mixed,mix->mix,mix,mix,1,1,2,81,12,1.007,68798,849.358,visual_centrifugal,3,2,2,"[ascendingL2, visual_projectionL3] -> visual_centrifugalL3 -> [opticL2, opticL3]",ascending,2,visual_projection,3,optic,2,optic,3
18138934,mixed,mix->mix,mix,mix,1,1,2,81,28,1.443,76025,938.58,visual_centrifugal,3,2,2,"[centralL3, visual_projectionL2] -> visual_centrifugalL3 -> [opticL2, opticL3]",central,3,visual_projection,2,optic,2,optic,3
12147560,mixed,mix->mix,mix,mix,1,1,2,81,38,1.756,80415,992.778,visual_centrifugal,3,2,2,"[centralL2, centralL3] -> visual_centrifugalL3 -> [opticL2, opticL3]",central,2,central,3,optic,2,optic,3
11567358,mixed,mix->mix,mix,mix,1,1,2,81,7,1.035,34032,420.148,visual_centrifugal,3,2,2,"[visual_projectionL2, visual_projectionL3] -> visual_centrifugalL3 -> [opticL3, visual_centrifugalL2]",visual_projection,2,visual_projection,3,optic,3,visual_centrifugal,2
8197144,mixed,mix->mix,mix,mix,1,1,2,81,23,1.776,75274,929.309,visual_centrifugal,3,2,2,"[centralL3, visual_centrifugalL2] -> visual_centrifugalL3 -> [opticL2, opticL3]",central,3,visual_centrifugal,2,optic,2,optic,3
7100872,mixed,mix->mix,mix,mix,1,1,2,81,10,1.082,38422,474.346,visual_centrifugal,3,2,2,"[centralL2, visual_projectionL3] -> visual_centrifugalL3 -> [opticL3, visual_centrifugalL2]",central,2,visual_projection,3,optic,3,visual_centrifugal,2
5866818,mixed,mix->mix,mix,mix,1,1,2,81,19,1.153,39173,483.617,visual_centrifugal,3,2,2,"[centralL2, visual_projectionL3] -> visual_centrifugalL3 -> [opticL3, visual_projectionL2]",central,2,visual_projection,3,optic,3,visual_projection,2
2696552,mixed,mix->BWD,mix,BWD,1,2,1,81,6,1.032,39672,489.778,visual_centrifugal,3,2,2,"[visual_projectionL2, visual_projectionL3] -> visual_centrifugalL3 -> [opticL2, visual_centrifugalL2]",visual_projection,2,visual_projection,3,optic,2,visual_centrifugal,2
1651575,mixed,mix->BWD,mix,BWD,1,2,1,81,8,1.074,44062,543.975,visual_centrifugal,3,2,2,"[centralL2, visual_projectionL3] -> visual_centrifugalL3 -> [opticL2, visual_centrifugalL2]",central,2,visual_projection,3,optic,2,visual_centrifugal,2
1385220,mixed,mix->BWD,mix,BWD,1,2,1,81,20,1.179,44813,553.247,visual_centrifugal,3,2,2,"[centralL2, visual_projectionL3] -> visual_centrifugalL3 -> [opticL2, visual_projectionL2]",central,2,visual_projection,3,optic,2,visual_projection,2
923245,mixed,mix->BWD,mix,BWD,1,2,1,81,14,1.178,39672,489.778,visual_centrifugal,3,2,2,"[visual_centrifugalL2, visual_projectionL3] -> visual_centrifugalL3 -> [opticL2, visual_projectionL2]",visual_centrifugal,2,visual_projection,3,optic,2,visual_projection,2
536470,mixed,mix->BWD,mix,BWD,1,2,1,81,5,1.021,39165,483.519,visual_centrifugal,3,2,2,"[ascendingL2, visual_projectionL3] -> visual_centrifugalL3 -> [opticL2, visual_centrifugalL2]",ascending,2,visual_projection,3,optic,2,visual_centrifugal,2
435427,mixed,mix->BWD,mix,BWD,1,2,1,81,12,1.051,39916,492.79,visual_centrifugal,3,2,2,"[ascendingL2, visual_projectionL3] -> visual_centrifugalL3 -> [opticL2, visual_projectionL2]",ascending,2,visual_projection,3,optic,2,visual_projection,2
422262,mixed,mix->BWD,mix,BWD,1,2,1,81,26,3.315,51533,636.21,visual_centrifugal,3,2,2,"[centralL2, centralL3] -> visual_centrifugalL3 -> [opticL2, visual_projectionL2]",central,2,central,3,optic,2,visual_projection,2
110496,mixed,mix->BWD,mix,BWD,1,2,1,81,5,2.028,42585,525.741,visual_centrifugal,3,2,2,"[ascendingL3, centralL2] -> visual_centrifugalL3 -> [opticL2, visual_projectionL2]",ascending,3,central,2,optic,2,visual_projection,2
106008,mixed,mix->BWD,mix,BWD,1,2,1,81,9,1.572,46392,572.741,visual_centrifugal,3,2,2,"[centralL3, visual_projectionL2] -> visual_centrifugalL3 -> [opticL2, visual_centrifugalL2]",central,3,visual_projection,2,optic,2,visual_centrifugal,2
97140,mixed,mix->BWD,mix,BWD,1,2,1,81,12,3.012,72042,889.407,visual_centrifugal,3,2,2,"[centralL2, opticL3] -> visual_centrifugalL3 -> [opticL2, visual_projectionL2]",central,2,optic,3,optic,2,visual_projection,2
12936049,mixed,mix->LAT,mix,LAT,1,0,3,81,24,1.338,43156,532.79,visual_centrifugal,3,2,2,"[centralL3, visual_projectionL2] -> visual_centrifugalL3 -> [opticL3, visual_projectionL3]",central,3,visual_projection,2,optic,3,visual_projection,3
8197392,mixed,mix->LAT,mix,LAT,1,0,3,81,35,1.497,47546,586.988,visual_centrifugal,3,2,2,"[centralL2, centralL3] -> visual_centrifugalL3 -> [opticL3, visual_projectionL3]",central,2,central,3,optic,3,visual_projection,3
5578947,mixed,mix->LAT,mix,LAT,1,0,3,81,21,1.53,42405,523.519,visual_centrifugal,3,2,2,"[centralL3, visual_centrifugalL2] -> visual_centrifugalL3 -> [opticL3, visual_projectionL3]",central,3,visual_centrifugal,2,optic,3,visual_projection,3
2391533,mixed,mix->LAT,mix,LAT,1,0,3,81,19,1.159,42649,526.531,visual_centrifugal,3,2,2,"[ascendingL2, centralL3] -> visual_centrifugalL3 -> [opticL3, visual_projectionL3]",ascending,2,central,3,optic,3,visual_projection,3
2279142,mixed,mix->LAT,mix,LAT,1,0,3,81,11,1.005,43156,532.79,visual_centrifugal,3,2,2,"[visual_projectionL2, visual_projectionL3] -> visual_centrifugalL3 -> [centralL3, opticL3]",visual_projection,2,visual_projection,3,central,3,optic,3
1392958,mixed,mix->LAT,mix,LAT,1,0,3,81,7,1.008,34208,422.321,visual_centrifugal,3,2,2,"[ascendingL3, visual_projectionL2] -> visual_centrifugalL3 -> [opticL3, visual_projectionL3]",ascending,3,visual_projection,2,optic,3,visual_projection,3
1387250,mixed,mix->LAT,mix,LAT,1,0,3,81,1,1.0,33864,418.074,visual_centrifugal,3,2,2,"[descendingL3, visual_projectionL2] -> visual_centrifugalL3 -> [opticL3, visual_projectionL3]",descending,3,visual_projection,2,optic,3,visual_projection,3
1383695,mixed,mix->LAT,mix,LAT,1,0,3,81,13,1.029,47546,586.988,visual_centrifugal,3,2,2,"[centralL2, visual_projectionL3] -> visual_centrifugalL3 -> [centralL3, opticL3]",central,2,visual_projection,3,central,3,optic,3
957689,mixed,mix->LAT,mix,LAT,1,0,3,81,14,2.677,77678,958.988,visual_centrifugal,3,2,2,"[centralL3, opticL2] -> visual_centrifugalL3 -> [opticL3, visual_projectionL3]",central,3,optic,2,optic,3,visual_projection,3
910204,mixed,mix->LAT,mix,LAT,1,0,3,81,7,1.002,42405,523.519,visual_centrifugal,3,2,2,"[visual_centrifugalL2, visual_projectionL3] -> visual_centrifugalL3 -> [centralL3, opticL3]",visual_centrifugal,2,visual_projection,3,central,3,optic,3
13252040,mixed,FWD->mix,FWD,mix,2,1,1,81,30,1.379,72042,889.407,visual_centrifugal,3,2,2,"[centralL2, visual_projectionL2] -> visual_centrifugalL3 -> [opticL2, opticL3]",central,2,visual_projection,2,optic,2,optic,3
9252815,mixed,FWD->mix,FWD,mix,2,1,1,81,18,1.497,66901,825.938,visual_centrifugal,3,2,2,"[visual_centrifugalL2, visual_projectionL2] -> visual_centrifugalL3 -> [opticL2, opticL3]",visual_centrifugal,2,visual_projection,2,optic,2,optic,3
5953907,mixed,FWD->mix,FWD,mix,2,1,1,81,23,1.698,71291,880.136,visual_centrifugal,3,2,2,"[centralL2, visual_centrifugalL2] -> visual_centrifugalL3 -> [opticL2, opticL3]",central,2,visual_centrifugal,2,optic,2,optic,3
4058699,mixed,FWD->mix,FWD,mix,2,1,1,81,14,1.173,67145,828.951,visual_centrifugal,3,2,2,"[ascendingL2, visual_projectionL2] -> visual_centrifugalL3 -> [opticL2, opticL3]",ascending,2,visual_projection,2,optic,2,optic,3
2601334,mixed,FWD->mix,FWD,mix,2,1,1,81,22,1.331,71535,883.148,visual_centrifugal,3,2,2,"[ascendingL2, centralL2] -> visual_centrifugalL3 -> [opticL2, opticL3]",ascending,2,central,2,optic,2,optic,3
2344281,mixed,FWD->mix,FWD,mix,2,1,1,81,25,1.439,44813,553.247,visual_centrifugal,3,2,2,"[centralL2, visual_projectionL2] -> visual_centrifugalL3 -> [opticL2, visual_projectionL3]",central,2,visual_projection,2,optic,2,visual_projection,3
1730859,mixed,FWD->mix,FWD,mix,2,1,1,81,13,1.324,66394,819.679,visual_centrifugal,3,2,2,"[ascendingL2, visual_centrifugalL2] -> visual_centrifugalL3 -> [opticL2, opticL3]",ascending,2,visual_centrifugal,2,optic,2,optic,3
1602349,mixed,FWD->mix,FWD,mix,2,1,1,81,16,1.484,39672,489.778,visual_centrifugal,3,2,2,"[visual_centrifugalL2, visual_projectionL2] -> visual_centrifugalL3 -> [opticL2, visual_projectionL3]",visual_centrifugal,2,visual_projection,2,optic,2,visual_projection,3
998358,mixed,FWD->mix,FWD,mix,2,1,1,81,21,1.61,44062,543.975,visual_centrifugal,3,2,2,"[centralL2, visual_centrifugalL2] -> visual_centrifugalL3 -> [opticL2, visual_projectionL3]",central,2,visual_centrifugal,2,optic,2,visual_projection,3
697585,mixed,FWD->mix,FWD,mix,2,1,1,81,12,1.157,39916,492.79,visual_centrifugal,3,2,2,"[ascendingL2, visual_projectionL2] -> visual_centrifugalL3 -> [opticL2, visual_projectionL3]",ascending,2,visual_projection,2,optic,2,visual_projection,3
9512958,mixed,FWD->LAT,FWD,LAT,2,0,2,81,24,1.295,39173,483.617,visual_centrifugal,3,2,2,"[centralL2, visual_projectionL2] -> visual_centrifugalL3 -> [opticL3, visual_projectionL3]",central,2,visual_projection,2,optic,3,visual_projection,3
6744105,mixed,FWD->LAT,FWD,LAT,2,0,2,81,15,1.435,34032,420.148,visual_centrifugal,3,2,2,"[visual_centrifugalL2, visual_projectionL2] -> visual_centrifugalL3 -> [opticL3, visual_projectionL3]",visual_centrifugal,2,visual_projection,2,optic,3,visual_projection,3
4100472,mixed,FWD->LAT,FWD,LAT,2,0,2,81,21,1.485,38422,474.346,visual_centrifugal,3,2,2,"[centralL2, visual_centrifugalL2] -> visual_centrifugalL3 -> [opticL3, visual_projectionL3]",central,2,visual_centrifugal,2,optic,3,visual_projection,3
2929346,mixed,FWD->LAT,FWD,LAT,2,0,2,81,12,1.113,34276,423.16,visual_centrifugal,3,2,2,"[ascendingL2, visual_projectionL2] -> visual_centrifugalL3 -> [opticL3, visual_projectionL3]",ascending,2,visual_projection,2,optic,3,visual_projection,3
1815469,mixed,FWD->LAT,FWD,LAT,2,0,2,81,20,1.187,38666,477.358,visual_centrifugal,3,2,2,"[ascendingL2, centralL2] -> visual_centrifugalL3 -> [opticL3, visual_projectionL3]",ascending,2,central,2,optic,3,visual_projection,3
1208848,mixed,FWD->LAT,FWD,LAT,2,0,2,81,10,1.182,33525,413.889,visual_centrifugal,3,2,2,"[ascendingL2, visual_centrifugalL2] -> visual_centrifugalL3 -> [opticL3, visual_projectionL3]",ascending,2,visual_centrifugal,2,optic,3,visual_projection,3
953755,mixed,FWD->LAT,FWD,LAT,2,0,2,81,12,2.143,69305,855.617,visual_centrifugal,3,2,2,"[opticL2, visual_projectionL2] -> visual_centrifugalL3 -> [opticL3, visual_projectionL3]",optic,2,visual_projection,2,optic,3,visual_projection,3
643159,mixed,FWD->LAT,FWD,LAT,2,0,2,81,14,2.986,73695,909.815,visual_centrifugal,3,2,2,"[centralL2, opticL2] -> visual_centrifugalL3 -> [opticL3, visual_projectionL3]",central,2,optic,2,optic,3,visual_projection,3
587572,mixed,FWD->LAT,FWD,LAT,2,0,2,81,12,2.32,68554,846.346,visual_centrifugal,3,2,2,"[opticL2, visual_centrifugalL2] -> visual_centrifugalL3 -> [opticL3, visual_projectionL3]",optic,2,visual_centrifugal,2,optic,3,visual_projection,3
85498,mixed,FWD->LAT,FWD,LAT,2,0,2,81,7,2.832,68798,849.358,visual_centrifugal,3,2,2,"[ascendingL2, opticL2] -> visual_centrifugalL3 -> [opticL3, visual_projectionL3]",ascending,2,optic,2,optic,3,visual_projection,3
110965,mixed,FWD->BWD,FWD,BWD,2,2,0,81,17,2.245,42653,526.58,visual_centrifugal,3,2,2,"[ascendingL2, centralL2] -> visual_centrifugalL3 -> [opticL2, visual_projectionL2]",ascending,2,central,2,optic,2,visual_projection,2
96506,mixed,FWD->BWD,FWD,BWD,2,2,0,81,9,2.211,42409,523.568,visual_centrifugal,3,2,2,"[centralL2, visual_projectionL2] -> visual_centrifugalL3 -> [opticL2, visual_centrifugalL2]",central,2,visual_projection,2,optic,2,visual_centrifugal,2
71600,mixed,FWD->BWD,FWD,BWD,2,2,0,81,20,5.274,42409,523.568,visual_centrifugal,3,2,2,"[centralL2, visual_centrifugalL2] -> visual_centrifugalL3 -> [opticL2, visual_projectionL2]",central,2,visual_centrifugal,2,optic,2,visual_projection,2
26134,mixed,FWD->BWD,FWD,BWD,2,2,0,81,7,1.543,37512,463.111,visual_centrifugal,3,2,2,"[ascendingL2, visual_projectionL2] -> visual_centrifugalL3 -> [opticL2, visual_centrifugalL2]",ascending,2,visual_projection,2,optic,2,visual_centrifugal,2
22303,mixed,FWD->BWD,FWD,BWD,2,2,0,81,10,2.868,41902,517.309,visual_centrifugal,3,2,2,"[ascendingL2, centralL2] -> visual_centrifugalL3 -> [opticL2, visual_centrifugalL2]",ascending,2,central,2,optic,2,visual_centrifugal,2
13404,mixed,FWD->BWD,FWD,BWD,2,2,0,81,9,3.105,37512,463.111,visual_centrifugal,3,2,2,"[ascendingL2, visual_centrifugalL2] -> visual_centrifugalL3 -> [opticL2, visual_projectionL2]",ascending,2,visual_centrifugal,2,optic,2,visual_projection,2
12106,mixed,FWD->BWD,FWD,BWD,2,2,0,81,7,3.168,42409,523.568,visual_centrifugal,3,2,2,"[visual_centrifugalL2, visual_projectionL2] -> visual_centrifugalL3 -> [centralL2, opticL2]",visual_centrifugal,2,visual_projection,2,central,2,optic,2
4456,mixed,FWD->BWD,FWD,BWD,2,2,0,81,9,2.714,42653,526.58,visual_centrifugal,3,2,2,"[ascendingL2, visual_projectionL2] -> visual_centrifugalL3 -> [centralL2, opticL2]",ascending,2,visual_projection,2,central,2,optic,2
3778,mixed,FWD->BWD,FWD,BWD,2,2,0,81,7,4.055,41902,517.309,visual_centrifugal,3,2,2,"[ascendingL2, visual_centrifugalL2] -> visual_centrifugalL3 -> [centralL2, opticL2]",ascending,2,visual_centrifugal,2,central,2,optic,2
2463,mixed,FWD->BWD,FWD,BWD,2,2,0,81,5,2.01,42409,523.568,visual_centrifugal,3,2,2,"[centralL2, opticL2] -> visual_centrifugalL3 -> [visual_centrifugalL2, visual_projectionL2]",central,2,optic,2,visual_centrifugal,2,visual_projection,2
2175693,mixed,LAT->BWD,LAT,BWD,0,2,2,81,8,1.049,48045,593.148,visual_centrifugal,3,2,2,"[centralL3, visual_projectionL3] -> visual_centrifugalL3 -> [opticL2, visual_centrifugalL2]",central,3,visual_projection,3,optic,2,visual_centrifugal,2
1810549,mixed,LAT->BWD,LAT,BWD,0,2,2,81,19,1.134,48796,602.42,visual_centrifugal,3,2,2,"[centralL3, visual_projectionL3] -> visual_centrifugalL3 -> [opticL2, visual_projectionL2]",central,3,visual_projection,3,optic,2,visual_projection,2
269075,mixed,LAT->BWD,LAT,BWD,0,2,2,81,9,2.411,69305,855.617,visual_centrifugal,3,2,2,"[opticL3, visual_projectionL3] -> visual_centrifugalL3 -> [opticL2, visual_projectionL2]",optic,3,visual_projection,3,optic,2,visual_projection,2
265640,mixed,LAT->BWD,LAT,BWD,0,2,2,81,2,1.002,39097,482.679,visual_centrifugal,3,2,2,"[ascendingL3, visual_projectionL3] -> visual_centrifugalL3 -> [opticL2, visual_centrifugalL2]",ascending,3,visual_projection,3,optic,2,visual_centrifugal,2
265430,mixed,LAT->BWD,LAT,BWD,0,2,2,81,1,1.0,38753,478.432,visual_centrifugal,3,2,2,"[descendingL3, visual_projectionL3] -> visual_centrifugalL3 -> [opticL2, visual_centrifugalL2]",descending,3,visual_projection,3,optic,2,visual_centrifugal,2
214773,mixed,LAT->BWD,LAT,BWD,0,2,2,81,5,1.023,39848,491.951,visual_centrifugal,3,2,2,"[ascendingL3, visual_projectionL3] -> visual_centrifugalL3 -> [opticL2, visual_projectionL2]",ascending,3,visual_projection,3,optic,2,visual_projection,2
212388,mixed,LAT->BWD,LAT,BWD,0,2,2,81,3,1.0,39504,487.704,visual_centrifugal,3,2,2,"[descendingL3, visual_projectionL3] -> visual_centrifugalL3 -> [opticL2, visual_projectionL2]",descending,3,visual_projection,3,optic,2,visual_projection,2
148176,mixed,LAT->BWD,LAT,BWD,0,2,2,81,3,1.028,68554,846.346,visual_centrifugal,3,2,2,"[opticL3, visual_projectionL3] -> visual_centrifugalL3 -> [opticL2, visual_centrifugalL2]",optic,3,visual_projection,3,optic,2,visual_centrifugal,2
132369,mixed,LAT->BWD,LAT,BWD,0,2,2,81,10,3.4,76025,938.58,visual_centrifugal,3,2,2,"[centralL3, opticL3] -> visual_centrifugalL3 -> [opticL2, visual_projectionL2]",central,3,optic,3,optic,2,visual_projection,2
51013,mixed,LAT->BWD,LAT,BWD,0,2,2,81,10,1.502,13523,166.951,visual_centrifugal,3,2,2,"[centralL3, visual_projectionL3] -> visual_centrifugalL3 -> [visual_centrifugalL2, visual_projectionL2]",central,3,visual_projection,3,visual_centrifugal,2,visual_projection,2
384182573,mixed,LAT->mix,LAT,mix,0,1,3,81,24,1.022,77678,958.988,visual_centrifugal,3,2,2,"[centralL3, visual_projectionL3] -> visual_centrifugalL3 -> [opticL2, opticL3]",central,3,visual_projection,3,optic,2,optic,3
47518597,mixed,LAT->mix,LAT,mix,0,1,3,81,5,1.0,68730,848.519,visual_centrifugal,3,2,2,"[ascendingL3, visual_projectionL3] -> visual_centrifugalL3 -> [opticL2, opticL3]",ascending,3,visual_projection,3,optic,2,optic,3
47511970,mixed,LAT->mix,LAT,mix,0,1,3,81,1,1.0,68386,844.272,visual_centrifugal,3,2,2,"[descendingL3, visual_projectionL3] -> visual_centrifugalL3 -> [opticL2, opticL3]",descending,3,visual_projection,3,optic,2,optic,3
9346526,mixed,LAT->mix,LAT,mix,0,1,3,81,10,1.056,42405,523.519,visual_centrifugal,3,2,2,"[centralL3, visual_projectionL3] -> visual_centrifugalL3 -> [opticL3, visual_centrifugalL2]",central,3,visual_projection,3,optic,3,visual_centrifugal,2
7741666,mixed,LAT->mix,LAT,mix,0,1,3,81,20,1.13,43156,532.79,visual_centrifugal,3,2,2,"[centralL3, visual_projectionL3] -> visual_centrifugalL3 -> [opticL3, visual_projectionL2]",central,3,visual_projection,3,optic,3,visual_projection,2
1546711,mixed,LAT->mix,LAT,mix,0,1,3,81,6,1.068,75450,931.481,visual_centrifugal,3,2,2,"[ascendingL3, centralL3] -> visual_centrifugalL3 -> [opticL2, opticL3]",ascending,3,central,3,optic,2,optic,3
1499226,mixed,LAT->mix,LAT,mix,0,1,3,81,4,1.004,75106,927.235,visual_centrifugal,3,2,2,"[centralL3, descendingL3] -> visual_centrifugalL3 -> [opticL2, opticL3]",central,3,descending,3,optic,2,optic,3
1136827,mixed,LAT->mix,LAT,mix,0,1,3,81,3,1.0,33457,413.049,visual_centrifugal,3,2,2,"[ascendingL3, visual_projectionL3] -> visual_centrifugalL3 -> [opticL3, visual_centrifugalL2]",ascending,3,visual_projection,3,optic,3,visual_centrifugal,2
1136650,mixed,LAT->mix,LAT,mix,0,1,3,81,1,1.0,33113,408.802,visual_centrifugal,3,2,2,"[descendingL3, visual_projectionL3] -> visual_centrifugalL3 -> [opticL3, visual_centrifugalL2]",descending,3,visual_projection,3,optic,3,visual_centrifugal,2
911136,mixed,LAT->mix,LAT,mix,0,1,3,81,6,1.004,34208,422.321,visual_centrifugal,3,2,2,"[ascendingL3, visual_projectionL3] -> visual_centrifugalL3 -> [opticL3, visual_projectionL2]",ascending,3,visual_projection,3,optic,3,visual_projection,2
1147358,pure_LAT,LAT->LAT,LAT,LAT,0,0,4,81,7,1.068,42581,525.691,visual_centrifugal,3,2,2,"[ascendingL3, centralL3] -> visual_centrifugalL3 -> [opticL3, visual_projectionL3]",ascending,3,central,3,optic,3,visual_projection,3
1109800,pure_LAT,LAT->LAT,LAT,LAT,0,0,4,81,1,1.0,42237,521.444,visual_centrifugal,3,2,2,"[centralL3, descendingL3] -> visual_centrifugalL3 -> [opticL3, visual_projectionL3]",central,3,descending,3,optic,3,visual_projection,3
228189,pure_LAT,LAT->LAT,LAT,LAT,0,0,4,81,4,1.008,42581,525.691,visual_centrifugal,3,2,2,"[ascendingL3, visual_projectionL3] -> visual_centrifugalL3 -> [centralL3, opticL3]",ascending,3,visual_projection,3,central,3,optic,3
227330,pure_LAT,LAT->LAT,LAT,LAT,0,0,4,81,1,1.0,42237,521.444,visual_centrifugal,3,2,2,"[descendingL3, visual_projectionL3] -> visual_centrifugalL3 -> [centralL3, opticL3]",descending,3,visual_projection,3,central,3,optic,3
138725,pure_LAT,LAT->LAT,LAT,LAT,0,0,4,81,1,1.0,33289,410.975,visual_centrifugal,3,2,2,"[ascendingL3, descendingL3] -> visual_centrifugalL3 -> [opticL3, visual_projectionL3]",ascending,3,descending,3,optic,3,visual_projection,3
1272,pure_LAT,LAT->LAT,LAT,LAT,0,0,4,81,2,1.861,12780,157.778,visual_centrifugal,3,2,2,"[ascendingL3, centralL3] -> visual_centrifugalL3 -> [descendingL3, visual_projectionL3]",ascending,3,central,3,descending,3,visual_projection,3
1155,pure_LAT,LAT->LAT,LAT,LAT,0,0,4,81,1,1.0,43523,537.321,visual_centrifugal,3,2,2,"[sensoryL3, visual_projectionL3] -> visual_centrifugalL3 -> [centralL3, opticL3]",sensory,3,visual_projection,3,central,3,optic,3
1050,pure_LAT,LAT->LAT,LAT,LAT,0,0,4,81,1,1.0,40951,505.568,visual_centrifugal,3,2,2,"[centralL3, sensoryL3] -> visual_centrifugalL3 -> [descendingL3, opticL3]",central,3,sensory,3,descending,3,optic,3
1050,pure_LAT,LAT->LAT,LAT,LAT,0,0,4,81,1,1.0,43523,537.321,visual_centrifugal,3,2,2,"[centralL3, sensoryL3] -> visual_centrifugalL3 -> [opticL3, visual_projectionL3]",central,3,sensory,3,optic,3,visual_projection,3
895,pure_LAT,LAT->LAT,LAT,LAT,0,0,4,81,1,1.0,40009,493.938,visual_centrifugal,3,2,2,"[ascendingL3, descendingL3] -> visual_centrifugalL3 -> [centralL3, opticL3]",ascending,3,descending,3,central,3,optic,3
2957,mixed,LAT->mix,LAT,mix,1,0,3,81,11,7.131,13066,161.309,visual_projection,1,2,2,"[opticL1, visual_centrifugalL1] -> visual_projectionL1 -> [centralL1, centralL2]",optic,1,visual_centrifugal,1,central,1,central,2
1315,mixed,LAT->mix,LAT,mix,1,0,3,81,5,1.141,43198,533.309,visual_projection,1,2,2,"[opticL1, visual_centrifugalL1] -> visual_projectionL1 -> [centralL1, opticL2]",optic,1,visual_centrifugal,1,central,1,optic,2
932,mixed,LAT->mix,LAT,mix,1,0,3,81,10,4.695,7925,97.84,visual_projection,1,2,2,"[opticL1, visual_centrifugalL1] -> visual_projectionL1 -> [centralL1, visual_centrifugalL2]",optic,1,visual_centrifugal,1,central,1,visual_centrifugal,2
788,mixed,LAT->mix,LAT,mix,1,0,3,81,2,1.963,13174,162.642,visual_projection,1,2,2,"[ascendingL1, opticL1] -> visual_projectionL1 -> [centralL1, centralL2]",ascending,1,optic,1,central,1,central,2
788,mixed,LAT->mix,LAT,mix,1,0,3,81,2,1.963,12684,156.593,visual_projection,1,2,2,"[opticL1, visual_centrifugalL1] -> visual_projectionL1 -> [ascendingL1, centralL2]",optic,1,visual_centrifugal,1,ascending,1,central,2
372,mixed,LAT->mix,LAT,mix,1,0,3,81,7,4.829,8676,107.111,visual_projection,1,2,2,"[opticL1, visual_centrifugalL1] -> visual_projectionL1 -> [centralL1, visual_projectionL2]",optic,1,visual_centrifugal,1,central,1,visual_projection,2
124,mixed,LAT->mix,LAT,mix,1,0,3,81,2,1.981,8033,99.173,visual_projection,1,2,2,"[ascendingL1, opticL1] -> visual_projectionL1 -> [centralL1, visual_centrifugalL2]",ascending,1,optic,1,central,1,visual_centrifugal,2
124,mixed,LAT->mix,LAT,mix,1,0,3,81,2,1.981,7543,93.123,visual_projection,1,2,2,"[opticL1, visual_centrifugalL1] -> visual_projectionL1 -> [ascendingL1, visual_centrifugalL2]",optic,1,visual_centrifugal,1,ascending,1,visual_centrifugal,2
104,mixed,LAT->mix,LAT,mix,1,0,3,81,3,2.889,13066,161.309,visual_projection,1,2,2,"[centralL1, opticL1] -> visual_projectionL1 -> [centralL2, visual_centrifugalL1]",central,1,optic,1,central,2,visual_centrifugal,1
96,mixed,LAT->mix,LAT,mix,1,0,3,81,2,1.704,8784,108.444,visual_projection,1,2,2,"[ascendingL1, opticL1] -> visual_projectionL1 -> [centralL1, visual_projectionL2]",ascending,1,optic,1,central,1,visual_projection,2
5863,mixed,LAT->FWD,LAT,FWD,2,0,2,81,6,1.12,48115,594.012,visual_projection,1,2,2,"[opticL1, visual_centrifugalL1] -> visual_projectionL1 -> [centralL2, opticL2]",optic,1,visual_centrifugal,1,central,2,optic,2
4319,mixed,LAT->FWD,LAT,FWD,2,0,2,81,12,5.046,12842,158.543,visual_projection,1,2,2,"[opticL1, visual_centrifugalL1] -> visual_projectionL1 -> [centralL2, visual_centrifugalL2]",optic,1,visual_centrifugal,1,central,2,visual_centrifugal,2
1950,mixed,LAT->FWD,LAT,FWD,2,0,2,81,10,4.823,13593,167.815,visual_projection,1,2,2,"[opticL1, visual_centrifugalL1] -> visual_projectionL1 -> [centralL2, visual_projectionL2]",optic,1,visual_centrifugal,1,central,2,visual_projection,2
1949,mixed,LAT->FWD,LAT,FWD,2,0,2,81,4,1.114,42974,530.543,visual_projection,1,2,2,"[opticL1, visual_centrifugalL1] -> visual_projectionL1 -> [opticL2, visual_centrifugalL2]",optic,1,visual_centrifugal,1,optic,2,visual_centrifugal,2
1464,mixed,LAT->FWD,LAT,FWD,2,0,2,81,10,6.53,13332,164.593,visual_projection,1,2,2,"[centralL1, opticL1] -> visual_projectionL1 -> [centralL2, visual_centrifugalL2]",central,1,optic,1,central,2,visual_centrifugal,2
1236,mixed,LAT->FWD,LAT,FWD,2,0,2,81,2,1.663,12950,159.877,visual_projection,1,2,2,"[ascendingL1, opticL1] -> visual_projectionL1 -> [centralL2, visual_centrifugalL2]",ascending,1,optic,1,central,2,visual_centrifugal,2
788,mixed,LAT->FWD,LAT,FWD,2,0,2,81,2,1.963,13701,169.148,visual_projection,1,2,2,"[ascendingL1, opticL1] -> visual_projectionL1 -> [centralL2, visual_projectionL2]",ascending,1,optic,1,central,2,visual_projection,2
738,mixed,LAT->FWD,LAT,FWD,2,0,2,81,7,4.072,14083,173.864,visual_projection,1,2,2,"[centralL1, opticL1] -> visual_projectionL1 -> [centralL2, visual_projectionL2]",central,1,optic,1,central,2,visual_projection,2
606,mixed,LAT->FWD,LAT,FWD,2,0,2,81,9,5.09,8452,104.346,visual_projection,1,2,2,"[opticL1, visual_centrifugalL1] -> visual_projectionL1 -> [visual_centrifugalL2, visual_projectionL2]",optic,1,visual_centrifugal,1,visual_centrifugal,2,visual_projection,2
486,mixed,LAT->FWD,LAT,FWD,2,0,2,81,7,3.397,8942,110.395,visual_projection,1,2,2,"[centralL1, opticL1] -> visual_projectionL1 -> [visual_centrifugalL2, visual_projectionL2]",central,1,optic,1,visual_centrifugal,2,visual_projection,2
366183,mixed,mix->mix,mix,mix,1,1,2,81,20,1.518,48605,600.062,visual_projection,1,2,2,"[opticL1, opticL2] -> visual_projectionL1 -> [centralL1, centralL2]",optic,1,optic,2,central,1,central,2
159856,mixed,mix->mix,mix,mix,1,1,2,81,6,1.163,48115,594.012,visual_projection,1,2,2,"[opticL1, opticL2] -> visual_projectionL1 -> [centralL2, visual_centrifugalL1]",optic,1,optic,2,central,2,visual_centrifugal,1
74210,mixed,mix->mix,mix,mix,1,1,2,81,18,1.975,43464,536.593,visual_projection,1,2,2,"[opticL1, opticL2] -> visual_projectionL1 -> [centralL1, visual_centrifugalL2]",optic,1,optic,2,central,1,visual_centrifugal,2
52674,mixed,mix->mix,mix,mix,1,1,2,81,11,1.453,44215,545.864,visual_projection,1,2,2,"[opticL1, opticL2] -> visual_projectionL1 -> [centralL1, visual_projectionL2]",optic,1,optic,2,central,1,visual_projection,2
43972,mixed,mix->mix,mix,mix,1,1,2,81,16,1.583,13332,164.593,visual_projection,1,2,2,"[opticL1, visual_centrifugalL2] -> visual_projectionL1 -> [centralL1, centralL2]",optic,1,visual_centrifugal,2,central,1,central,2
38041,mixed,mix->mix,mix,mix,1,1,2,81,18,2.06,14083,173.864,visual_projection,1,2,2,"[opticL1, visual_projectionL2] -> visual_projectionL1 -> [centralL1, centralL2]",optic,1,visual_projection,2,central,1,central,2
33660,mixed,mix->mix,mix,mix,1,1,2,81,6,1.577,42974,530.543,visual_projection,1,2,2,"[opticL1, opticL2] -> visual_projectionL1 -> [visual_centrifugalL1, visual_centrifugalL2]",optic,1,optic,2,visual_centrifugal,1,visual_centrifugal,2
29702,mixed,mix->mix,mix,mix,1,1,2,81,3,1.858,48223,595.346,visual_projection,1,2,2,"[opticL1, opticL2] -> visual_projectionL1 -> [ascendingL1, centralL2]",optic,1,optic,2,ascending,1,central,2
24010,mixed,mix->mix,mix,mix,1,1,2,81,6,1.214,43725,539.815,visual_projection,1,2,2,"[opticL1, opticL2] -> visual_projectionL1 -> [visual_centrifugalL1, visual_projectionL2]",optic,1,optic,2,visual_centrifugal,1,visual_projection,2
20692,mixed,mix->mix,mix,mix,1,1,2,81,16,7.51,41616,513.778,visual_projection,1,2,2,"[opticL2, visual_centrifugalL1] -> visual_projectionL1 -> [centralL1, centralL2]",optic,2,visual_centrifugal,1,central,1,central,2
338580,mixed,mix->FWD,mix,FWD,2,1,1,81,21,2.217,48381,597.296,visual_projection,1,2,2,"[opticL1, opticL2] -> visual_projectionL1 -> [centralL2, visual_centrifugalL2]",optic,1,optic,2,central,2,visual_centrifugal,2
246128,mixed,mix->FWD,mix,FWD,2,1,1,81,16,1.736,49132,606.568,visual_projection,1,2,2,"[opticL1, opticL2] -> visual_projectionL1 -> [centralL2, visual_projectionL2]",optic,1,optic,2,central,2,visual_projection,2
54498,mixed,mix->FWD,mix,FWD,2,1,1,81,8,1.111,49132,606.568,visual_projection,1,2,2,"[opticL1, visual_projectionL2] -> visual_projectionL1 -> [centralL2, opticL2]",optic,1,visual_projection,2,central,2,optic,2
46552,mixed,mix->FWD,mix,FWD,2,1,1,81,14,1.987,43991,543.099,visual_projection,1,2,2,"[opticL1, opticL2] -> visual_projectionL1 -> [visual_centrifugalL2, visual_projectionL2]",optic,1,optic,2,visual_centrifugal,2,visual_projection,2
41987,mixed,mix->FWD,mix,FWD,2,1,1,81,20,6.566,41392,511.012,visual_projection,1,2,2,"[opticL2, visual_centrifugalL1] -> visual_projectionL1 -> [centralL2, visual_centrifugalL2]",optic,2,visual_centrifugal,1,central,2,visual_centrifugal,2
39332,mixed,mix->FWD,mix,FWD,2,1,1,81,2,1.126,48625,600.309,visual_projection,1,2,2,"[opticL1, opticL2] -> visual_projectionL1 -> [ascendingL2, centralL2]",optic,1,optic,2,ascending,2,central,2
38156,mixed,mix->FWD,mix,FWD,2,1,1,81,5,1.063,48122,594.099,visual_projection,1,2,2,"[opticL1, opticL2] -> visual_projectionL1 -> [centralL2, descendingL2]",optic,1,optic,2,central,2,descending,2
37652,mixed,mix->FWD,mix,FWD,2,1,1,81,20,3.26,13859,171.099,visual_projection,1,2,2,"[opticL1, visual_projectionL2] -> visual_projectionL1 -> [centralL2, visual_centrifugalL2]",optic,1,visual_projection,2,central,2,visual_centrifugal,2
37594,mixed,mix->FWD,mix,FWD,2,1,1,81,12,1.458,42143,520.284,visual_projection,1,2,2,"[visual_centrifugalL1, visual_projectionL2] -> visual_projectionL1 -> [centralL2, opticL2]",visual_centrifugal,1,visual_projection,2,central,2,optic,2
30631,mixed,mix->FWD,mix,FWD,2,1,1,81,15,1.929,13859,171.099,visual_projection,1,2,2,"[opticL1, visual_centrifugalL2] -> visual_projectionL1 -> [centralL2, visual_projectionL2]",optic,1,visual_centrifugal,2,central,2,visual_projection,2
224800,mixed,BWD->mix,BWD,mix,1,2,1,81,25,3.383,42633,526.333,visual_projection,1,2,2,"[opticL2, visual_projectionL2] -> visual_projectionL1 -> [centralL1, centralL2]",optic,2,visual_projection,2,central,1,central,2
216813,mixed,BWD->mix,BWD,mix,1,2,1,81,23,2.099,41882,517.062,visual_projection,1,2,2,"[opticL2, visual_centrifugalL2] -> visual_projectionL1 -> [centralL1, centralL2]",optic,2,visual_centrifugal,2,central,1,central,2
105621,mixed,BWD->mix,BWD,mix,1,2,1,81,13,1.946,41392,511.012,visual_projection,1,2,2,"[opticL2, visual_centrifugalL2] -> visual_projectionL1 -> [centralL2, visual_centrifugalL1]",optic,2,visual_centrifugal,2,central,2,visual_centrifugal,1
97097,mixed,BWD->mix,BWD,mix,1,2,1,81,13,2.603,42143,520.284,visual_projection,1,2,2,"[opticL2, visual_projectionL2] -> visual_projectionL1 -> [centralL2, visual_centrifugalL1]",optic,2,visual_projection,2,central,2,visual_centrifugal,1
60994,mixed,BWD->mix,BWD,mix,1,2,1,81,5,2.365,48381,597.296,visual_projection,1,2,2,"[opticL2, visual_centrifugalL2] -> visual_projectionL1 -> [centralL2, opticL1]",optic,2,visual_centrifugal,2,central,2,optic,1
56684,mixed,BWD->mix,BWD,mix,1,2,1,81,7,2.385,49132,606.568,visual_projection,1,2,2,"[opticL2, visual_projectionL2] -> visual_projectionL1 -> [centralL2, opticL1]",optic,2,visual_projection,2,central,2,optic,1
50677,mixed,BWD->mix,BWD,mix,1,2,1,81,23,4.899,37492,462.864,visual_projection,1,2,2,"[opticL2, visual_projectionL2] -> visual_projectionL1 -> [centralL1, visual_centrifugalL2]",optic,2,visual_projection,2,central,1,visual_centrifugal,2
46004,mixed,BWD->mix,BWD,mix,1,2,1,81,13,5.041,37002,456.815,visual_projection,1,2,2,"[opticL2, visual_projectionL2] -> visual_projectionL1 -> [visual_centrifugalL1, visual_centrifugalL2]",optic,2,visual_projection,2,visual_centrifugal,1,visual_centrifugal,2
38427,mixed,BWD->mix,BWD,mix,1,2,1,81,23,5.084,7360,90.864,visual_projection,1,2,2,"[visual_centrifugalL2, visual_projectionL2] -> visual_projectionL1 -> [centralL1, centralL2]",visual_centrifugal,2,visual_projection,2,central,1,central,2
36896,mixed,BWD->mix,BWD,mix,1,2,1,81,7,1.145,37492,462.864,visual_projection,1,2,2,"[visual_centrifugalL2, visual_projectionL2] -> visual_projectionL1 -> [centralL1, opticL2]",visual_centrifugal,2,visual_projection,2,central,1,optic,2
25427,mixed,BWD->LAT,BWD,LAT,0,2,2,81,11,1.995,36475,450.309,visual_projection,1,2,2,"[opticL2, visual_centrifugalL2] -> visual_projectionL1 -> [centralL1, visual_centrifugalL1]",optic,2,visual_centrifugal,2,central,1,visual_centrifugal,1
19492,mixed,BWD->LAT,BWD,LAT,0,2,2,81,11,2.081,37226,459.58,visual_projection,1,2,2,"[opticL2, visual_projectionL2] -> visual_projectionL1 -> [centralL1, visual_centrifugalL1]",optic,2,visual_projection,2,central,1,visual_centrifugal,1
14856,mixed,BWD->LAT,BWD,LAT,0,2,2,81,5,2.516,43464,536.593,visual_projection,1,2,2,"[opticL2, visual_centrifugalL2] -> visual_projectionL1 -> [centralL1, opticL1]",optic,2,visual_centrifugal,2,central,1,optic,1
13159,mixed,BWD->LAT,BWD,LAT,0,2,2,81,7,2.426,44215,545.864,visual_projection,1,2,2,"[opticL2, visual_projectionL2] -> visual_projectionL1 -> [centralL1, opticL1]",optic,2,visual_projection,2,central,1,optic,1
10642,mixed,BWD->LAT,BWD,LAT,0,2,2,81,6,1.469,41616,513.778,visual_projection,1,2,2,"[centralL2, opticL2] -> visual_projectionL1 -> [centralL1, visual_centrifugalL1]",central,2,optic,2,central,1,visual_centrifugal,1
7010,mixed,BWD->LAT,BWD,LAT,0,2,2,81,3,2.167,42974,530.543,visual_projection,1,2,2,"[opticL2, visual_centrifugalL2] -> visual_projectionL1 -> [opticL1, visual_centrifugalL1]",optic,2,visual_centrifugal,2,optic,1,visual_centrifugal,1
4861,mixed,BWD->LAT,BWD,LAT,0,2,2,81,6,1.239,48605,600.062,visual_projection,1,2,2,"[centralL2, opticL2] -> visual_projectionL1 -> [centralL1, opticL1]",central,2,optic,2,central,1,optic,1
3678,mixed,BWD->LAT,BWD,LAT,0,2,2,81,3,1.256,43725,539.815,visual_projection,1,2,2,"[opticL2, visual_projectionL2] -> visual_projectionL1 -> [opticL1, visual_centrifugalL1]",optic,2,visual_projection,2,optic,1,visual_centrifugal,1
3052,mixed,BWD->LAT,BWD,LAT,0,2,2,81,5,2.522,8942,110.395,visual_projection,1,2,2,"[visual_centrifugalL2, visual_projectionL2] -> visual_projectionL1 -> [centralL1, opticL1]",visual_centrifugal,2,visual_projection,2,central,1,optic,1
2912,mixed,BWD->LAT,BWD,LAT,0,2,2,81,11,3.05,1953,24.111,visual_projection,1,2,2,"[visual_centrifugalL2, visual_projectionL2] -> visual_projectionL1 -> [centralL1, visual_centrifugalL1]",visual_centrifugal,2,visual_projection,2,central,1,visual_centrifugal,1
305373,mixed,BWD->FWD,BWD,FWD,2,2,0,81,29,7.625,42409,523.568,visual_projection,1,2,2,"[opticL2, visual_projectionL2] -> visual_projectionL1 -> [centralL2, visual_centrifugalL2]",optic,2,visual_projection,2,central,2,visual_centrifugal,2
167047,mixed,BWD->FWD,BWD,FWD,2,2,0,81,10,1.16,42409,523.568,visual_projection,1,2,2,"[visual_centrifugalL2, visual_projectionL2] -> visual_projectionL1 -> [centralL2, opticL2]",visual_centrifugal,2,visual_projection,2,central,2,optic,2
159360,mixed,BWD->FWD,BWD,FWD,2,2,0,81,25,2.825,42409,523.568,visual_projection,1,2,2,"[opticL2, visual_centrifugalL2] -> visual_projectionL1 -> [centralL2, visual_projectionL2]",optic,2,visual_centrifugal,2,central,2,visual_projection,2
20840,mixed,BWD->FWD,BWD,FWD,2,2,0,81,12,3.787,42409,523.568,visual_projection,1,2,2,"[centralL2, opticL2] -> visual_projectionL1 -> [visual_centrifugalL2, visual_projectionL2]",central,2,optic,2,visual_centrifugal,2,visual_projection,2
20728,mixed,BWD->FWD,BWD,FWD,2,2,0,81,3,1.246,41399,511.099,visual_projection,1,2,2,"[opticL2, visual_centrifugalL2] -> visual_projectionL1 -> [centralL2, descendingL2]",optic,2,visual_centrifugal,2,central,2,descending,2
20446,mixed,BWD->FWD,BWD,FWD,2,2,0,81,2,1.209,41902,517.309,visual_projection,1,2,2,"[opticL2, visual_centrifugalL2] -> visual_projectionL1 -> [ascendingL2, centralL2]",optic,2,visual_centrifugal,2,ascending,2,central,2
16380,mixed,BWD->FWD,BWD,FWD,2,2,0,81,3,1.365,42150,520.37,visual_projection,1,2,2,"[opticL2, visual_projectionL2] -> visual_projectionL1 -> [centralL2, descendingL2]",optic,2,visual_projection,2,central,2,descending,2
14652,mixed,BWD->FWD,BWD,FWD,2,2,0,81,2,1.112,42653,526.58,visual_projection,1,2,2,"[opticL2, visual_projectionL2] -> visual_projectionL1 -> [ascendingL2, centralL2]",optic,2,visual_projection,2,ascending,2,central,2
7001,mixed,BWD->FWD,BWD,FWD,2,2,0,81,4,2.416,37009,456.901,visual_projection,1,2,2,"[descendingL2, opticL2] -> visual_projectionL1 -> [visual_centrifugalL2, visual_projectionL2]",descending,2,optic,2,visual_centrifugal,2,visual_projection,2
5879,mixed,BWD->FWD,BWD,FWD,2,2,0,81,4,3.155,6877,84.901,visual_projection,1,2,2,"[descendingL2, visual_projectionL2] -> visual_projectionL1 -> [centralL2, visual_centrifugalL2]",descending,2,visual_projection,2,central,2,visual_centrifugal,2
38144,mixed,mix->LAT,mix,LAT,0,1,3,81,6,1.195,43198,533.309,visual_projection,1,2,2,"[opticL1, opticL2] -> visual_projectionL1 -> [centralL1, visual_centrifugalL1]",optic,1,optic,2,central,1,visual_centrifugal,1
4844,mixed,mix->LAT,mix,LAT,0,1,3,81,6,1.381,7925,97.84,visual_projection,1,2,2,"[opticL1, visual_centrifugalL2] -> visual_projectionL1 -> [centralL1, visual_centrifugalL1]",optic,1,visual_centrifugal,2,central,1,visual_centrifugal,1
3316,mixed,mix->LAT,mix,LAT,0,1,3,81,6,1.163,8676,107.111,visual_projection,1,2,2,"[opticL1, visual_projectionL2] -> visual_projectionL1 -> [centralL1, visual_centrifugalL1]",optic,1,visual_projection,2,central,1,visual_centrifugal,1
2922,mixed,mix->LAT,mix,LAT,0,1,3,81,3,2.431,43306,534.642,visual_projection,1,2,2,"[opticL1, opticL2] -> visual_projectionL1 -> [ascendingL1, centralL1]",optic,1,optic,2,ascending,1,central,1
2204,mixed,mix->LAT,mix,LAT,0,1,3,81,4,1.155,13066,161.309,visual_projection,1,2,2,"[centralL2, opticL1] -> visual_projectionL1 -> [centralL1, visual_centrifugalL1]",central,2,optic,1,central,1,visual_centrifugal,1
1714,mixed,mix->LAT,mix,LAT,0,1,3,81,5,3.328,43198,533.309,visual_projection,1,2,2,"[opticL2, visual_centrifugalL1] -> visual_projectionL1 -> [centralL1, opticL1]",optic,2,visual_centrifugal,1,central,1,optic,1
472,mixed,mix->LAT,mix,LAT,0,1,3,81,4,3.404,7925,97.84,visual_projection,1,2,2,"[visual_centrifugalL1, visual_centrifugalL2] -> visual_projectionL1 -> [centralL1, opticL1]",visual_centrifugal,1,visual_centrifugal,2,central,1,optic,1
437,mixed,mix->LAT,mix,LAT,0,1,3,81,5,1.621,8676,107.111,visual_projection,1,2,2,"[visual_centrifugalL1, visual_projectionL2] -> visual_projectionL1 -> [centralL1, opticL1]",visual_centrifugal,1,visual_projection,2,central,1,optic,1
358,mixed,mix->LAT,mix,LAT,0,1,3,81,3,2.228,8784,108.444,visual_projection,1,2,2,"[opticL1, visual_projectionL2] -> visual_projectionL1 -> [ascendingL1, centralL1]",optic,1,visual_projection,2,ascending,1,central,1
208,mixed,mix->LAT,mix,LAT,0,1,3,81,3,1.977,8033,99.173,visual_projection,1,2,2,"[opticL1, visual_centrifugalL2] -> visual_projectionL1 -> [ascendingL1, centralL1]",optic,1,visual_centrifugal,2,ascending,1,central,1
96,pure_LAT,LAT->LAT,LAT,LAT,0,0,4,81,2,1.704,7767,95.889,visual_projection,1,2,2,"[opticL1, visual_centrifugalL1] -> visual_projectionL1 -> [ascendingL1, centralL1]",optic,1,visual_centrifugal,1,ascending,1,central,1
49525571,mixed,mix->mix,mix,mix,1,1,2,1062,356,9.703,80415,75.72,visual_projection,2,2,2,"[opticL2, opticL3] -> visual_projectionL2 -> [centralL2, centralL3]",optic,2,optic,3,central,2,central,3
22847572,mixed,mix->mix,mix,mix,1,1,2,1062,265,4.605,73695,69.393,visual_projection,2,2,2,"[opticL2, opticL3] -> visual_projectionL2 -> [centralL2, visual_projectionL3]",optic,2,optic,3,central,2,visual_projection,3
22775756,mixed,mix->mix,mix,mix,1,1,2,1062,192,8.054,75274,70.879,visual_projection,2,2,2,"[opticL2, opticL3] -> visual_projectionL2 -> [centralL3, visual_centrifugalL2]",optic,2,optic,3,central,3,visual_centrifugal,2
10843670,mixed,mix->mix,mix,mix,1,2,1,1062,76,2.058,68778,64.763,visual_projection,2,2,2,"[opticL2, opticL3] -> visual_projectionL2 -> [centralL1, visual_projectionL3]",optic,2,optic,3,central,1,visual_projection,3
10459748,mixed,mix->mix,mix,mix,1,2,1,1062,137,5.348,75498,71.09,visual_projection,2,2,2,"[opticL2, opticL3] -> visual_projectionL2 -> [centralL1, centralL3]",optic,2,optic,3,central,1,central,3
10393036,mixed,mix->mix,mix,mix,1,2,1,1062,105,5.165,75008,70.629,visual_projection,2,2,2,"[opticL2, opticL3] -> visual_projectionL2 -> [centralL3, visual_centrifugalL1]",optic,2,optic,3,central,3,visual_centrifugal,1
10274755,mixed,mix->mix,mix,mix,1,2,1,1062,132,5.113,75044,70.663,visual_projection,2,2,2,"[opticL2, opticL3] -> visual_projectionL2 -> [centralL3, visual_projectionL1]",optic,2,optic,3,central,3,visual_projection,1
10124911,mixed,mix->mix,mix,mix,1,1,2,1062,125,10.789,68554,64.552,visual_projection,2,2,2,"[opticL2, opticL3] -> visual_projectionL2 -> [visual_centrifugalL2, visual_projectionL3]",optic,2,optic,3,visual_centrifugal,2,visual_projection,3
7332504,mixed,mix->mix,mix,mix,0,2,2,1062,141,9.749,71515,67.34,visual_projection,2,2,2,"[opticL2, opticL3] -> visual_projectionL2 -> [centralL1, centralL2]",optic,2,optic,3,central,1,central,2
7196871,mixed,mix->mix,mix,mix,1,2,1,1062,115,6.167,68324,64.335,visual_projection,2,2,2,"[opticL2, opticL3] -> visual_projectionL2 -> [visual_projectionL1, visual_projectionL3]",optic,2,optic,3,visual_projection,1,visual_projection,3
862676,mixed,FWD->mix,FWD,mix,3,0,1,1062,53,10.619,72607,68.368,visual_projection,2,2,2,"[opticL1, visual_centrifugalL1] -> visual_projectionL2 -> [opticL2, opticL3]",optic,1,visual_centrifugal,1,optic,2,optic,3
138993,mixed,FWD->mix,FWD,mix,3,0,1,1062,13,1.801,65654,61.821,visual_projection,2,2,2,"[visual_centrifugalL1, visual_projectionL1] -> visual_projectionL2 -> [opticL2, opticL3]",visual_centrifugal,1,visual_projection,1,optic,2,optic,3
120741,mixed,FWD->mix,FWD,mix,3,0,1,1062,11,2.529,72643,68.402,visual_projection,2,2,2,"[opticL1, visual_projectionL1] -> visual_projectionL2 -> [opticL2, opticL3]",optic,1,visual_projection,1,optic,2,optic,3
98325,mixed,FWD->mix,FWD,mix,3,0,1,1062,43,5.882,42475,39.995,visual_projection,2,2,2,"[opticL1, visual_centrifugalL1] -> visual_projectionL2 -> [centralL2, opticL3]",optic,1,visual_centrifugal,1,central,2,optic,3
77294,mixed,FWD->mix,FWD,mix,3,0,1,1062,39,2.479,45378,42.729,visual_projection,2,2,2,"[opticL1, visual_centrifugalL1] -> visual_projectionL2 -> [opticL2, visual_projectionL3]",optic,1,visual_centrifugal,1,optic,2,visual_projection,3
74413,mixed,FWD->mix,FWD,mix,3,0,1,1062,55,7.609,52098,49.056,visual_projection,2,2,2,"[opticL1, visual_centrifugalL1] -> visual_projectionL2 -> [centralL3, opticL2]",optic,1,visual_centrifugal,1,central,3,optic,2
53195,mixed,FWD->mix,FWD,mix,3,0,1,1062,64,9.292,21966,20.684,visual_projection,2,2,2,"[opticL1, visual_centrifugalL1] -> visual_projectionL2 -> [centralL2, centralL3]",optic,1,visual_centrifugal,1,central,2,central,3
34247,mixed,FWD->mix,FWD,mix,3,0,1,1062,38,8.551,37334,35.154,visual_projection,2,2,2,"[opticL1, visual_centrifugalL1] -> visual_projectionL2 -> [opticL3, visual_centrifugalL2]",optic,1,visual_centrifugal,1,optic,3,visual_centrifugal,2
27477,mixed,FWD->mix,FWD,mix,3,0,1,1062,26,3.674,22002,20.718,visual_projection,2,2,2,"[opticL1, visual_projectionL1] -> visual_projectionL2 -> [centralL2, centralL3]",optic,1,visual_projection,1,central,2,central,3
21295,mixed,FWD->mix,FWD,mix,3,0,1,1062,38,4.005,15246,14.356,visual_projection,2,2,2,"[opticL1, visual_centrifugalL1] -> visual_projectionL2 -> [centralL2, visual_projectionL3]",optic,1,visual_centrifugal,1,central,2,visual_projection,3
103432,mixed,FWD->LAT,FWD,LAT,2,0,2,1062,46,10.922,48115,45.306,visual_projection,2,2,2,"[opticL1, visual_centrifugalL1] -> visual_projectionL2 -> [centralL2, opticL2]",optic,1,visual_centrifugal,1,central,2,optic,2
45993,mixed,FWD->LAT,FWD,LAT,2,0,2,1062,39,11.305,42974,40.465,visual_projection,2,2,2,"[opticL1, visual_centrifugalL1] -> visual_projectionL2 -> [opticL2, visual_centrifugalL2]",optic,1,visual_centrifugal,1,optic,2,visual_centrifugal,2
12732,mixed,FWD->LAT,FWD,LAT,2,0,2,1062,16,2.518,36021,33.918,visual_projection,2,2,2,"[visual_centrifugalL1, visual_projectionL1] -> visual_projectionL2 -> [opticL2, visual_centrifugalL2]",visual_centrifugal,1,visual_projection,1,optic,2,visual_centrifugal,2
12547,mixed,FWD->LAT,FWD,LAT,2,0,2,1062,18,2.538,41162,38.759,visual_projection,2,2,2,"[visual_centrifugalL1, visual_projectionL1] -> visual_projectionL2 -> [centralL2, opticL2]",visual_centrifugal,1,visual_projection,1,central,2,optic,2
10130,mixed,FWD->LAT,FWD,LAT,2,0,2,1062,14,2.749,48151,45.34,visual_projection,2,2,2,"[opticL1, visual_projectionL1] -> visual_projectionL2 -> [centralL2, opticL2]",optic,1,visual_projection,1,central,2,optic,2
9446,mixed,FWD->LAT,FWD,LAT,2,0,2,1062,42,14.506,12842,12.092,visual_projection,2,2,2,"[opticL1, visual_centrifugalL1] -> visual_projectionL2 -> [centralL2, visual_centrifugalL2]",optic,1,visual_centrifugal,1,central,2,visual_centrifugal,2
7791,mixed,FWD->LAT,FWD,LAT,2,0,2,1062,10,2.01,43010,40.499,visual_projection,2,2,2,"[opticL1, visual_projectionL1] -> visual_projectionL2 -> [opticL2, visual_centrifugalL2]",optic,1,visual_projection,1,optic,2,visual_centrifugal,2
3940,mixed,FWD->LAT,FWD,LAT,2,0,2,1062,18,4.415,36475,34.346,visual_projection,2,2,2,"[centralL1, visual_centrifugalL1] -> visual_projectionL2 -> [opticL2, visual_centrifugalL2]",central,1,visual_centrifugal,1,optic,2,visual_centrifugal,2
3296,mixed,FWD->LAT,FWD,LAT,2,0,2,1062,17,3.825,12878,12.126,visual_projection,2,2,2,"[opticL1, visual_projectionL1] -> visual_projectionL2 -> [centralL2, visual_centrifugalL2]",optic,1,visual_projection,1,central,2,visual_centrifugal,2
2315,mixed,FWD->LAT,FWD,LAT,2,0,2,1062,18,4.882,6379,6.007,visual_projection,2,2,2,"[centralL1, visual_projectionL1] -> visual_projectionL2 -> [centralL2, visual_centrifugalL2]",central,1,visual_projection,1,central,2,visual_centrifugal,2
59010736,mixed,mix->FWD,mix,FWD,2,1,1,1062,308,7.936,77678,73.143,visual_projection,2,2,2,"[opticL2, opticL3] -> visual_projectionL2 -> [centralL3, visual_projectionL3]",optic,2,optic,3,central,3,visual_projection,3
8168744,mixed,mix->FWD,mix,FWD,3,0,1,1062,79,3.905,75277,70.882,visual_projection,2,2,2,"[opticL1, opticL2] -> visual_projectionL2 -> [opticL3, visual_projectionL3]",optic,1,optic,2,optic,3,visual_projection,3
5350239,mixed,mix->FWD,mix,FWD,2,1,1,1062,157,10.657,77678,73.143,visual_projection,2,2,2,"[opticL2, visual_projectionL3] -> visual_projectionL2 -> [centralL3, opticL3]",optic,2,visual_projection,3,central,3,optic,3
4830395,mixed,mix->FWD,mix,FWD,3,0,1,1062,111,4.439,68288,64.301,visual_projection,2,2,2,"[opticL2, visual_centrifugalL1] -> visual_projectionL2 -> [opticL3, visual_projectionL3]",optic,2,visual_centrifugal,1,optic,3,visual_projection,3
4159579,mixed,mix->FWD,mix,FWD,2,1,1,1062,67,9.805,75044,70.663,visual_projection,2,2,2,"[opticL2, opticL3] -> visual_projectionL2 -> [centralL3, visual_centrifugalL3]",optic,2,optic,3,central,3,visual_centrifugal,3
3948029,mixed,mix->FWD,mix,FWD,2,1,1,1062,39,4.104,68324,64.335,visual_projection,2,2,2,"[opticL2, visual_centrifugalL3] -> visual_projectionL2 -> [opticL3, visual_projectionL3]",optic,2,visual_centrifugal,3,optic,3,visual_projection,3
3510571,mixed,mix->FWD,mix,FWD,3,0,1,1062,116,3.758,54768,51.571,visual_projection,2,2,2,"[opticL1, opticL2] -> visual_projectionL2 -> [centralL3, visual_projectionL3]",optic,1,optic,2,central,3,visual_projection,3
2888836,mixed,mix->FWD,mix,FWD,3,0,1,1062,121,6.421,75008,70.629,visual_projection,2,2,2,"[opticL2, visual_centrifugalL1] -> visual_projectionL2 -> [centralL3, opticL3]",optic,2,visual_centrifugal,1,central,3,optic,3
2817791,mixed,mix->FWD,mix,FWD,3,0,1,1062,109,16.79,81997,77.21,visual_projection,2,2,2,"[opticL1, opticL2] -> visual_projectionL2 -> [centralL3, opticL3]",optic,1,optic,2,central,3,optic,3
2040275,mixed,mix->FWD,mix,FWD,2,1,1,1062,49,5.174,68324,64.335,visual_projection,2,2,2,"[opticL2, opticL3] -> visual_projectionL2 -> [visual_centrifugalL3, visual_projectionL3]",optic,2,optic,3,visual_centrifugal,3,visual_projection,3
1546242,mixed,mix->BWD,mix,BWD,0,3,1,1062,53,7.255,66108,62.249,visual_projection,2,2,2,"[opticL2, opticL3] -> visual_projectionL2 -> [centralL1, visual_centrifugalL1]",optic,2,optic,3,central,1,visual_centrifugal,1
1232178,mixed,mix->BWD,mix,BWD,0,3,1,1062,28,3.577,73097,68.83,visual_projection,2,2,2,"[opticL2, opticL3] -> visual_projectionL2 -> [centralL1, opticL1]",optic,2,optic,3,central,1,optic,1
1191746,mixed,mix->BWD,mix,BWD,0,3,1,1062,47,4.183,66144,62.282,visual_projection,2,2,2,"[opticL2, opticL3] -> visual_projectionL2 -> [centralL1, visual_projectionL1]",optic,2,optic,3,central,1,visual_projection,1
959576,mixed,mix->BWD,mix,BWD,0,3,1,1062,33,5.783,65654,61.821,visual_projection,2,2,2,"[opticL2, opticL3] -> visual_projectionL2 -> [visual_centrifugalL1, visual_projectionL1]",optic,2,optic,3,visual_centrifugal,1,visual_projection,1
629048,mixed,mix->BWD,mix,BWD,0,3,1,1062,31,3.186,72607,68.368,visual_projection,2,2,2,"[opticL2, opticL3] -> visual_projectionL2 -> [opticL1, visual_centrifugalL1]",optic,2,optic,3,optic,1,visual_centrifugal,1
545801,mixed,mix->BWD,mix,BWD,0,3,1,1062,23,6.237,72643,68.402,visual_projection,2,2,2,"[opticL2, opticL3] -> visual_projectionL2 -> [opticL1, visual_projectionL1]",optic,2,optic,3,optic,1,visual_projection,1
287332,mixed,mix->BWD,mix,BWD,0,3,1,1062,3,1.969,66216,62.35,visual_projection,2,2,2,"[opticL2, opticL3] -> visual_projectionL2 -> [ascendingL1, centralL1]",optic,2,optic,3,ascending,1,central,1
210140,mixed,mix->BWD,mix,BWD,0,3,1,1062,2,1.976,72715,68.47,visual_projection,2,2,2,"[opticL2, opticL3] -> visual_projectionL2 -> [ascendingL1, opticL1]",optic,2,optic,3,ascending,1,optic,1
183386,mixed,mix->BWD,mix,BWD,0,3,1,1062,3,1.991,65762,61.923,visual_projection,2,2,2,"[opticL2, opticL3] -> visual_projectionL2 -> [ascendingL1, visual_projectionL1]",optic,2,optic,3,ascending,1,visual_projection,1
153680,mixed,mix->BWD,mix,BWD,0,3,1,1062,3,2.158,65726,61.889,visual_projection,2,2,2,"[opticL2, opticL3] -> visual_projectionL2 -> [ascendingL1, visual_centrifugalL1]",optic,2,optic,3,ascending,1,visual_centrifugal,1
10988832,mixed,mix->LAT,mix,LAT,0,1,3,1062,174,13.169,71291,67.129,visual_projection,2,2,2,"[opticL2, opticL3] -> visual_projectionL2 -> [centralL2, visual_centrifugalL2]",optic,2,optic,3,central,2,visual_centrifugal,2
1722259,mixed,mix->LAT,mix,LAT,0,1,3,1062,124,17.914,44062,41.49,visual_projection,2,2,2,"[opticL2, visual_projectionL3] -> visual_projectionL2 -> [centralL2, visual_centrifugalL2]",optic,2,visual_projection,3,central,2,visual_centrifugal,2
1542263,mixed,mix->LAT,mix,LAT,1,1,2,1062,92,15.714,78014,73.46,visual_projection,2,2,2,"[opticL1, opticL3] -> visual_projectionL2 -> [centralL2, opticL2]",optic,1,optic,3,central,2,optic,2
1484420,mixed,mix->LAT,mix,LAT,0,1,3,1062,145,14.76,71291,67.129,visual_projection,2,2,2,"[opticL3, visual_centrifugalL2] -> visual_projectionL2 -> [centralL2, opticL2]",optic,3,visual_centrifugal,2,central,2,optic,2
1169071,mixed,mix->LAT,mix,LAT,1,1,2,1062,103,11.053,71025,66.879,visual_projection,2,2,2,"[opticL3, visual_centrifugalL1] -> visual_projectionL2 -> [centralL2, opticL2]",optic,3,visual_centrifugal,1,central,2,optic,2
1024130,mixed,mix->LAT,mix,LAT,1,0,3,1062,85,4.47,48381,45.556,visual_projection,2,2,2,"[opticL1, opticL2] -> visual_projectionL2 -> [centralL2, visual_centrifugalL2]",optic,1,optic,2,central,2,visual_centrifugal,2
836720,mixed,mix->LAT,mix,LAT,0,1,3,1062,16,4.599,71535,67.359,visual_projection,2,2,2,"[opticL2, opticL3] -> visual_projectionL2 -> [ascendingL2, centralL2]",optic,2,optic,3,ascending,2,central,2
784303,mixed,mix->LAT,mix,LAT,1,1,2,1062,60,8.594,72873,68.619,visual_projection,2,2,2,"[opticL1, opticL3] -> visual_projectionL2 -> [opticL2, visual_centrifugalL2]",optic,1,optic,3,optic,2,visual_centrifugal,2
566367,mixed,mix->LAT,mix,LAT,1,1,2,1062,69,9.521,65884,62.038,visual_projection,2,2,2,"[opticL3, visual_centrifugalL1] -> visual_projectionL2 -> [opticL2, visual_centrifugalL2]",optic,3,visual_centrifugal,1,optic,2,visual_centrifugal,2
451636,mixed,mix->LAT,mix,LAT,1,1,2,1062,84,8.833,42741,40.246,visual_projection,2,2,2,"[opticL1, opticL3] -> visual_projectionL2 -> [centralL2, visual_centrifugalL2]",optic,1,optic,3,central,2,visual_centrifugal,2
630,mixed,FWD->BWD,FWD,BWD,2,2,0,1062,20,4.496,7695,7.246,visual_projection,2,2,2,"[opticL1, visual_centrifugalL1] -> visual_projectionL2 -> [centralL1, visual_projectionL1]",optic,1,visual_centrifugal,1,central,1,visual_projection,1
387,mixed,FWD->BWD,FWD,BWD,2,2,0,1062,7,1.924,7695,7.246,visual_projection,2,2,2,"[opticL1, visual_projectionL1] -> visual_projectionL2 -> [centralL1, visual_centrifugalL1]",optic,1,visual_projection,1,central,1,visual_centrifugal,1
152,mixed,FWD->BWD,FWD,BWD,2,2,0,1062,2,1.966,7313,6.886,visual_projection,2,2,2,"[ascendingL1, opticL1] -> visual_projectionL2 -> [visual_centrifugalL1, visual_projectionL1]",ascending,1,optic,1,visual_centrifugal,1,visual_projection,1
132,mixed,FWD->BWD,FWD,BWD,2,2,0,1062,1,1.0,7803,7.347,visual_projection,2,2,2,"[ascendingL1, opticL1] -> visual_projectionL2 -> [centralL1, visual_projectionL1]",ascending,1,optic,1,central,1,visual_projection,1
66,mixed,FWD->BWD,FWD,BWD,2,2,0,1062,1,1.0,7767,7.314,visual_projection,2,2,2,"[ascendingL1, opticL1] -> visual_projectionL2 -> [centralL1, visual_centrifugalL1]",ascending,1,optic,1,central,1,visual_centrifugal,1
54,mixed,FWD->BWD,FWD,BWD,2,2,0,1062,1,1.0,7616,7.171,visual_projection,2,2,2,"[opticL1, visual_centrifugalL1] -> visual_projectionL2 -> [centralL1, descendingL1]",optic,1,visual_centrifugal,1,central,1,descending,1
54,mixed,FWD->BWD,FWD,BWD,2,2,0,1062,1,1.0,7652,7.205,visual_projection,2,2,2,"[opticL1, visual_projectionL1] -> visual_projectionL2 -> [centralL1, descendingL1]",optic,1,visual_projection,1,central,1,descending,1
45,mixed,FWD->BWD,FWD,BWD,2,2,0,1062,1,1.0,7162,6.744,visual_projection,2,2,2,"[opticL1, visual_projectionL1] -> visual_projectionL2 -> [descendingL1, visual_centrifugalL1]",optic,1,visual_projection,1,descending,1,visual_centrifugal,1
34,mixed,FWD->BWD,FWD,BWD,2,2,0,1062,3,2.651,7695,7.246,visual_projection,2,2,2,"[visual_centrifugalL1, visual_projectionL1] -> visual_projectionL2 -> [centralL1, opticL1]",visual_centrifugal,1,visual_projection,1,central,1,optic,1
32,mixed,FWD->BWD,FWD,BWD,2,2,0,1062,2,2.0,7767,7.314,visual_projection,2,2,2,"[opticL1, visual_centrifugalL1] -> visual_projectionL2 -> [ascendingL1, centralL1]",optic,1,visual_centrifugal,1,ascending,1,central,1
137840,pure_FWD,FWD->FWD,FWD,FWD,4,0,0,1062,33,2.505,39738,37.418,visual_projection,2,2,2,"[opticL1, visual_centrifugalL1] -> visual_projectionL2 -> [opticL3, visual_projectionL3]",optic,1,visual_centrifugal,1,optic,3,visual_projection,3
87775,pure_FWD,FWD->FWD,FWD,FWD,4,0,0,1062,52,3.949,46458,43.746,visual_projection,2,2,2,"[opticL1, visual_centrifugalL1] -> visual_projectionL2 -> [centralL3, opticL3]",optic,1,visual_centrifugal,1,central,3,optic,3
30235,pure_FWD,FWD->FWD,FWD,FWD,4,0,0,1062,43,5.299,19229,18.106,visual_projection,2,2,2,"[opticL1, visual_centrifugalL1] -> visual_projectionL2 -> [centralL3, visual_projectionL3]",optic,1,visual_centrifugal,1,central,3,visual_projection,3
20125,pure_FWD,FWD->FWD,FWD,FWD,4,0,0,1062,9,1.047,39774,37.452,visual_projection,2,2,2,"[opticL1, visual_projectionL1] -> visual_projectionL2 -> [opticL3, visual_projectionL3]",optic,1,visual_projection,1,optic,3,visual_projection,3
7893,pure_FWD,FWD->FWD,FWD,FWD,4,0,0,1062,11,3.295,37104,34.938,visual_projection,2,2,2,"[opticL1, visual_centrifugalL1] -> visual_projectionL2 -> [opticL3, visual_centrifugalL3]",optic,1,visual_centrifugal,1,optic,3,visual_centrifugal,3
6979,pure_FWD,FWD->FWD,FWD,FWD,4,0,0,1062,20,5.179,19265,18.14,visual_projection,2,2,2,"[opticL1, visual_projectionL1] -> visual_projectionL2 -> [centralL3, visual_projectionL3]",optic,1,visual_projection,1,central,3,visual_projection,3
3973,pure_FWD,FWD->FWD,FWD,FWD,4,0,0,1062,20,3.304,12276,11.559,visual_projection,2,2,2,"[visual_centrifugalL1, visual_projectionL1] -> visual_projectionL2 -> [centralL3, visual_projectionL3]",visual_centrifugal,1,visual_projection,1,central,3,visual_projection,3
3919,pure_FWD,FWD->FWD,FWD,FWD,4,0,0,1062,11,4.683,46494,43.78,visual_projection,2,2,2,"[opticL1, visual_projectionL1] -> visual_projectionL2 -> [centralL3, opticL3]",optic,1,visual_projection,1,central,3,optic,3
3708,pure_FWD,FWD->FWD,FWD,FWD,4,0,0,1062,7,3.952,39505,37.199,visual_projection,2,2,2,"[visual_centrifugalL1, visual_projectionL1] -> visual_projectionL2 -> [centralL3, opticL3]",visual_centrifugal,1,visual_projection,1,central,3,optic,3
3267,pure_FWD,FWD->FWD,FWD,FWD,4,0,0,1062,18,7.499,16595,15.626,visual_projection,2,2,2,"[opticL1, visual_centrifugalL1] -> visual_projectionL2 -> [centralL3, visual_centrifugalL3]",optic,1,visual_centrifugal,1,central,3,visual_centrifugal,3
3282695,mixed,LAT->mix,LAT,mix,1,0,3,1062,156,10.278,71291,67.129,visual_projection,2,2,2,"[opticL2, visual_centrifugalL2] -> visual_projectionL2 -> [centralL2, opticL3]",optic,2,visual_centrifugal,2,central,2,optic,3
1974306,mixed,LAT->mix,LAT,mix,1,0,3,1062,245,12.705,50782,47.817,visual_projection,2,2,2,"[opticL2, visual_centrifugalL2] -> visual_projectionL2 -> [centralL2, centralL3]",optic,2,visual_centrifugal,2,central,2,central,3
1396391,mixed,LAT->mix,LAT,mix,1,1,2,1062,35,5.303,72873,68.619,visual_projection,2,2,2,"[opticL2, visual_centrifugalL2] -> visual_projectionL2 -> [opticL1, opticL3]",optic,2,visual_centrifugal,2,optic,1,optic,3
744395,mixed,LAT->mix,LAT,mix,1,0,3,1062,193,7.766,44062,41.49,visual_projection,2,2,2,"[opticL2, visual_centrifugalL2] -> visual_projectionL2 -> [centralL2, visual_projectionL3]",optic,2,visual_centrifugal,2,central,2,visual_projection,3
577711,mixed,LAT->mix,LAT,mix,1,1,2,1062,78,5.037,65920,62.072,visual_projection,2,2,2,"[opticL2, visual_centrifugalL2] -> visual_projectionL2 -> [opticL3, visual_projectionL1]",optic,2,visual_centrifugal,2,optic,3,visual_projection,1
572888,mixed,LAT->mix,LAT,mix,1,1,2,1062,50,13.602,66374,62.499,visual_projection,2,2,2,"[opticL2, visual_centrifugalL2] -> visual_projectionL2 -> [centralL1, opticL3]",optic,2,visual_centrifugal,2,central,1,optic,3
471380,mixed,LAT->mix,LAT,mix,1,1,2,1062,60,9.1,65884,62.038,visual_projection,2,2,2,"[opticL2, visual_centrifugalL2] -> visual_projectionL2 -> [opticL3, visual_centrifugalL1]",optic,2,visual_centrifugal,2,optic,3,visual_centrifugal,1
429506,mixed,LAT->mix,LAT,mix,1,1,2,1062,94,10.516,45865,43.187,visual_projection,2,2,2,"[opticL2, visual_centrifugalL2] -> visual_projectionL2 -> [centralL1, centralL3]",optic,2,visual_centrifugal,2,central,1,central,3
324203,mixed,LAT->mix,LAT,mix,1,1,2,1062,18,3.902,45644,42.979,visual_projection,2,2,2,"[opticL2, visual_centrifugalL2] -> visual_projectionL2 -> [opticL1, visual_projectionL3]",optic,2,visual_centrifugal,2,optic,1,visual_projection,3
317792,mixed,LAT->mix,LAT,mix,1,1,2,1062,79,10.857,45375,42.726,visual_projection,2,2,2,"[opticL2, visual_centrifugalL2] -> visual_projectionL2 -> [centralL3, visual_centrifugalL1]",optic,2,visual_centrifugal,2,central,3,visual_centrifugal,1
8568816,mixed,LAT->FWD,LAT,FWD,2,0,2,1062,146,4.493,68554,64.552,visual_projection,2,2,2,"[opticL2, visual_centrifugalL2] -> visual_projectionL2 -> [opticL3, visual_projectionL3]",optic,2,visual_centrifugal,2,optic,3,visual_projection,3
3022793,mixed,LAT->FWD,LAT,FWD,2,0,2,1062,159,8.052,75274,70.879,visual_projection,2,2,2,"[opticL2, visual_centrifugalL2] -> visual_projectionL2 -> [centralL3, opticL3]",optic,2,visual_centrifugal,2,central,3,optic,3
1178434,mixed,LAT->FWD,LAT,FWD,2,0,2,1062,179,12.827,48045,45.24,visual_projection,2,2,2,"[opticL2, visual_centrifugalL2] -> visual_projectionL2 -> [centralL3, visual_projectionL3]",optic,2,visual_centrifugal,2,central,3,visual_projection,3
658465,mixed,LAT->FWD,LAT,FWD,2,0,2,1062,36,1.874,65920,62.072,visual_projection,2,2,2,"[opticL2, visual_centrifugalL2] -> visual_projectionL2 -> [opticL3, visual_centrifugalL3]",optic,2,visual_centrifugal,2,optic,3,visual_centrifugal,3
197476,mixed,LAT->FWD,LAT,FWD,2,0,2,1062,103,6.353,53186,50.081,visual_projection,2,2,2,"[centralL2, opticL2] -> visual_projectionL2 -> [centralL3, visual_projectionL3]",central,2,optic,2,central,3,visual_projection,3
188189,mixed,LAT->FWD,LAT,FWD,2,0,2,1062,70,10.478,45411,42.76,visual_projection,2,2,2,"[opticL2, visual_centrifugalL2] -> visual_projectionL2 -> [centralL3, visual_centrifugalL3]",optic,2,visual_centrifugal,2,central,3,visual_centrifugal,3
153572,mixed,LAT->FWD,LAT,FWD,2,0,2,1062,47,6.11,38691,36.432,visual_projection,2,2,2,"[opticL2, visual_centrifugalL2] -> visual_projectionL2 -> [visual_centrifugalL3, visual_projectionL3]",optic,2,visual_centrifugal,2,visual_centrifugal,3,visual_projection,3
79805,mixed,LAT->FWD,LAT,FWD,2,0,2,1062,8,2.012,51763,48.741,visual_projection,2,2,2,"[opticL2, sensoryL2] -> visual_projectionL2 -> [centralL3, visual_projectionL3]",optic,2,sensory,2,central,3,visual_projection,3
51868,mixed,LAT->FWD,LAT,FWD,2,0,2,1062,47,4.623,50552,47.601,visual_projection,2,2,2,"[centralL2, opticL2] -> visual_projectionL2 -> [centralL3, visual_centrifugalL3]",central,2,optic,2,central,3,visual_centrifugal,3
48998,mixed,LAT->FWD,LAT,FWD,2,0,2,1062,66,6.496,80415,75.72,visual_projection,2,2,2,"[centralL2, opticL2] -> visual_projectionL2 -> [centralL3, opticL3]",central,2,optic,2,central,3,optic,3
58199,mixed,LAT->BWD,LAT,BWD,0,2,2,1062,39,8.697,36475,34.346,visual_projection,2,2,2,"[opticL2, visual_centrifugalL2] -> visual_projectionL2 -> [centralL1, visual_centrifugalL1]",optic,2,visual_centrifugal,2,central,1,visual_centrifugal,1
49374,mixed,LAT->BWD,LAT,BWD,0,2,2,1062,22,4.661,43464,40.927,visual_projection,2,2,2,"[opticL2, visual_centrifugalL2] -> visual_projectionL2 -> [centralL1, opticL1]",optic,2,visual_centrifugal,2,central,1,optic,1
36758,mixed,LAT->BWD,LAT,BWD,0,2,2,1062,20,5.24,42974,40.465,visual_projection,2,2,2,"[opticL2, visual_centrifugalL2] -> visual_projectionL2 -> [opticL1, visual_centrifugalL1]",optic,2,visual_centrifugal,2,optic,1,visual_centrifugal,1
30791,mixed,LAT->BWD,LAT,BWD,0,2,2,1062,46,7.001,36511,34.379,visual_projection,2,2,2,"[opticL2, visual_centrifugalL2] -> visual_projectionL2 -> [centralL1, visual_projectionL1]",optic,2,visual_centrifugal,2,central,1,visual_projection,1
29557,mixed,LAT->BWD,LAT,BWD,0,2,2,1062,33,10.136,36021,33.918,visual_projection,2,2,2,"[opticL2, visual_centrifugalL2] -> visual_projectionL2 -> [visual_centrifugalL1, visual_projectionL1]",optic,2,visual_centrifugal,2,visual_centrifugal,1,visual_projection,1
22677,mixed,LAT->BWD,LAT,BWD,0,2,2,1062,19,6.614,43010,40.499,visual_projection,2,2,2,"[opticL2, visual_centrifugalL2] -> visual_projectionL2 -> [opticL1, visual_projectionL1]",optic,2,visual_centrifugal,2,optic,1,visual_projection,1
20004,mixed,LAT->BWD,LAT,BWD,0,2,2,1062,19,4.591,41616,39.186,visual_projection,2,2,2,"[centralL2, opticL2] -> visual_projectionL2 -> [centralL1, visual_centrifugalL1]",central,2,optic,2,central,1,visual_centrifugal,1
12253,mixed,LAT->BWD,LAT,BWD,0,2,2,1062,25,3.04,41652,39.22,visual_projection,2,2,2,"[centralL2, opticL2] -> visual_projectionL2 -> [centralL1, visual_projectionL1]",central,2,optic,2,central,1,visual_projection,1
9636,mixed,LAT->BWD,LAT,BWD,0,2,2,1062,3,1.781,36583,34.447,visual_projection,2,2,2,"[opticL2, visual_centrifugalL2] -> visual_projectionL2 -> [ascendingL1, centralL1]",optic,2,visual_centrifugal,2,ascending,1,central,1
8439,mixed,LAT->BWD,LAT,BWD,0,2,2,1062,2,1.006,47182,44.427,visual_projection,2,2,2,"[opticL2, sensoryL2] -> visual_projectionL2 -> [centralL1, opticL1]",optic,2,sensory,2,central,1,optic,1
61762,pure_LAT,LAT->LAT,LAT,LAT,0,0,4,1062,12,3.242,45376,42.727,visual_projection,2,2,2,"[opticL2, sensoryL2] -> visual_projectionL2 -> [centralL2, visual_centrifugalL2]",optic,2,sensory,2,central,2,visual_centrifugal,2
18316,pure_LAT,LAT->LAT,LAT,LAT,0,0,4,1062,8,2.252,41902,39.456,visual_projection,2,2,2,"[opticL2, visual_centrifugalL2] -> visual_projectionL2 -> [ascendingL2, centralL2]",optic,2,visual_centrifugal,2,ascending,2,central,2
12462,pure_LAT,LAT->LAT,LAT,LAT,0,0,4,1062,11,2.099,45376,42.727,visual_projection,2,2,2,"[sensoryL2, visual_centrifugalL2] -> visual_projectionL2 -> [centralL2, opticL2]",sensory,2,visual_centrifugal,2,central,2,optic,2
8099,pure_LAT,LAT->LAT,LAT,LAT,0,0,4,1062,7,2.77,41902,39.456,visual_projection,2,2,2,"[ascendingL2, opticL2] -> visual_projectionL2 -> [centralL2, visual_centrifugalL2]",ascending,2,optic,2,central,2,visual_centrifugal,2
4445,pure_LAT,LAT->LAT,LAT,LAT,0,0,4,1062,8,5.138,41902,39.456,visual_projection,2,2,2,"[centralL2, opticL2] -> visual_projectionL2 -> [ascendingL2, visual_centrifugalL2]",central,2,optic,2,ascending,2,visual_centrifugal,2
743,pure_LAT,LAT->LAT,LAT,LAT,0,0,4,1062,5,1.394,45376,42.727,visual_projection,2,2,2,"[centralL2, sensoryL2] -> visual_projectionL2 -> [opticL2, visual_centrifugalL2]",central,2,sensory,2,optic,2,visual_centrifugal,2
632,pure_LAT,LAT->LAT,LAT,LAT,0,0,4,1062,5,2.304,41399,38.982,visual_projection,2,2,2,"[opticL2, visual_centrifugalL2] -> visual_projectionL2 -> [centralL2, descendingL2]",optic,2,visual_centrifugal,2,central,2,descending,2
221,pure_LAT,LAT->LAT,LAT,LAT,0,0,4,1062,3,2.033,41399,38.982,visual_projection,2,2,2,"[centralL2, opticL2] -> visual_projectionL2 -> [descendingL2, visual_centrifugalL2]",central,2,optic,2,descending,2,visual_centrifugal,2
156,pure_LAT,LAT->LAT,LAT,LAT,0,0,4,1062,1,1.0,41643,39.212,visual_projection,2,2,2,"[ascendingL2, opticL2] -> visual_projectionL2 -> [centralL2, descendingL2]",ascending,2,optic,2,central,2,descending,2
70,pure_LAT,LAT->LAT,LAT,LAT,0,0,4,1062,1,1.0,41399,38.982,visual_projection,2,2,2,"[descendingL2, visual_centrifugalL2] -> visual_projectionL2 -> [centralL2, opticL2]",descending,2,visual_centrifugal,2,central,2,optic,2
4630316,mixed,BWD->mix,BWD,mix,1,2,1,1062,207,10.226,47546,44.77,visual_projection,2,2,2,"[opticL3, visual_projectionL3] -> visual_projectionL2 -> [centralL2, centralL3]",optic,3,visual_projection,3,central,2,central,3
4358891,mixed,BWD->mix,BWD,mix,1,2,1,1062,110,3.126,42405,39.929,visual_projection,2,2,2,"[opticL3, visual_projectionL3] -> visual_projectionL2 -> [centralL3, visual_centrifugalL2]",optic,3,visual_projection,3,central,3,visual_centrifugal,2
2977917,mixed,BWD->mix,BWD,mix,1,2,1,1062,151,7.359,77678,73.143,visual_projection,2,2,2,"[opticL3, visual_projectionL3] -> visual_projectionL2 -> [centralL3, opticL2]",optic,3,visual_projection,3,central,3,optic,2
1315501,mixed,BWD->mix,BWD,mix,1,2,1,1062,41,1.668,68324,64.335,visual_projection,2,2,2,"[opticL3, visual_centrifugalL3] -> visual_projectionL2 -> [opticL2, visual_projectionL3]",optic,3,visual_centrifugal,3,optic,2,visual_projection,3
944686,mixed,BWD->mix,BWD,mix,1,2,1,1062,37,2.939,33051,31.121,visual_projection,2,2,2,"[opticL3, visual_projectionL3] -> visual_projectionL2 -> [visual_centrifugalL2, visual_centrifugalL3]",optic,3,visual_projection,3,visual_centrifugal,2,visual_centrifugal,3
840778,mixed,BWD->mix,BWD,mix,1,3,0,1062,90,10.31,42629,40.14,visual_projection,2,2,2,"[opticL3, visual_projectionL3] -> visual_projectionL2 -> [centralL1, centralL3]",optic,3,visual_projection,3,central,1,central,3
719704,mixed,BWD->mix,BWD,mix,0,3,1,1062,39,4.136,68778,64.763,visual_projection,2,2,2,"[opticL3, visual_projectionL3] -> visual_projectionL2 -> [centralL1, opticL2]",optic,3,visual_projection,3,central,1,optic,2
579155,mixed,BWD->mix,BWD,mix,0,3,1,1062,60,4.491,68324,64.335,visual_projection,2,2,2,"[opticL3, visual_projectionL3] -> visual_projectionL2 -> [opticL2, visual_projectionL1]",optic,3,visual_projection,3,optic,2,visual_projection,1
566501,mixed,BWD->mix,BWD,mix,0,3,1,1062,87,11.445,38646,36.39,visual_projection,2,2,2,"[opticL3, visual_projectionL3] -> visual_projectionL2 -> [centralL1, centralL2]",optic,3,visual_projection,3,central,1,central,2
481491,mixed,BWD->mix,BWD,mix,0,3,1,1062,41,8.891,68288,64.301,visual_projection,2,2,2,"[opticL3, visual_projectionL3] -> visual_projectionL2 -> [opticL2, visual_centrifugalL1]",optic,3,visual_projection,3,optic,2,visual_centrifugal,1
108780,pure_BWD,BWD->BWD,BWD,BWD,0,4,0,1062,39,3.868,33239,31.298,visual_projection,2,2,2,"[opticL3, visual_projectionL3] -> visual_projectionL2 -> [centralL1, visual_centrifugalL1]",optic,3,visual_projection,3,central,1,visual_centrifugal,1
53308,pure_BWD,BWD->BWD,BWD,BWD,0,4,0,1062,24,2.941,32785,30.871,visual_projection,2,2,2,"[opticL3, visual_projectionL3] -> visual_projectionL2 -> [visual_centrifugalL1, visual_projectionL1]",optic,3,visual_projection,3,visual_centrifugal,1,visual_projection,1
50778,pure_BWD,BWD->BWD,BWD,BWD,0,4,0,1062,32,6.111,33275,31.332,visual_projection,2,2,2,"[opticL3, visual_projectionL3] -> visual_projectionL2 -> [centralL1, visual_projectionL1]",optic,3,visual_projection,3,central,1,visual_projection,1
31499,pure_BWD,BWD->BWD,BWD,BWD,0,4,0,1062,16,3.427,40228,37.879,visual_projection,2,2,2,"[opticL3, visual_projectionL3] -> visual_projectionL2 -> [centralL1, opticL1]",optic,3,visual_projection,3,central,1,optic,1
17736,pure_BWD,BWD->BWD,BWD,BWD,0,4,0,1062,15,3.751,39738,37.418,visual_projection,2,2,2,"[opticL3, visual_projectionL3] -> visual_projectionL2 -> [opticL1, visual_centrifugalL1]",optic,3,visual_projection,3,optic,1,visual_centrifugal,1
14744,pure_BWD,BWD->BWD,BWD,BWD,0,4,0,1062,16,5.878,39774,37.452,visual_projection,2,2,2,"[opticL3, visual_projectionL3] -> visual_projectionL2 -> [opticL1, visual_projectionL1]",optic,3,visual_projection,3,optic,1,visual_projection,1
8503,pure_BWD,BWD->BWD,BWD,BWD,0,4,0,1062,19,2.98,39995,37.66,visual_projection,2,2,2,"[centralL3, opticL3] -> visual_projectionL2 -> [centralL1, visual_projectionL1]",central,3,optic,3,central,1,visual_projection,1
7472,pure_BWD,BWD->BWD,BWD,BWD,0,4,0,1062,3,1.955,33347,31.4,visual_projection,2,2,2,"[opticL3, visual_projectionL3] -> visual_projectionL2 -> [ascendingL1, centralL1]",optic,3,visual_projection,3,ascending,1,central,1
5473,pure_BWD,BWD->BWD,BWD,BWD,0,4,0,1062,11,2.869,39505,37.199,visual_projection,2,2,2,"[centralL3, opticL3] -> visual_projectionL2 -> [visual_centrifugalL1, visual_projectionL1]",central,3,optic,3,visual_centrifugal,1,visual_projection,1
5380,pure_BWD,BWD->BWD,BWD,BWD,0,4,0,1062,2,1.99,39846,37.52,visual_projection,2,2,2,"[opticL3, visual_projectionL3] -> visual_projectionL2 -> [ascendingL1, opticL1]",optic,3,visual_projection,3,ascending,1,optic,1
2204108,mixed,BWD->LAT,BWD,LAT,0,2,2,1062,70,4.212,68554,64.552,visual_projection,2,2,2,"[opticL3, visual_projectionL3] -> visual_projectionL2 -> [opticL2, visual_centrifugalL2]",optic,3,visual_projection,3,optic,2,visual_centrifugal,2
1963906,mixed,BWD->LAT,BWD,LAT,0,2,2,1062,126,14.119,73695,69.393,visual_projection,2,2,2,"[opticL3, visual_projectionL3] -> visual_projectionL2 -> [centralL2, opticL2]",optic,3,visual_projection,3,central,2,optic,2
1292968,mixed,BWD->LAT,BWD,LAT,0,2,2,1062,107,10.102,38422,36.179,visual_projection,2,2,2,"[opticL3, visual_projectionL3] -> visual_projectionL2 -> [centralL2, visual_centrifugalL2]",optic,3,visual_projection,3,central,2,visual_centrifugal,2
197000,mixed,BWD->LAT,BWD,LAT,0,2,2,1062,35,4.385,71061,66.912,visual_projection,2,2,2,"[opticL3, visual_centrifugalL3] -> visual_projectionL2 -> [centralL2, opticL2]",optic,3,visual_centrifugal,3,central,2,optic,2
95402,mixed,BWD->LAT,BWD,LAT,0,2,2,1062,14,5.23,38666,36.409,visual_projection,2,2,2,"[opticL3, visual_projectionL3] -> visual_projectionL2 -> [ascendingL2, centralL2]",optic,3,visual_projection,3,ascending,2,central,2
79835,mixed,BWD->LAT,BWD,LAT,0,2,2,1062,19,4.062,65920,62.072,visual_projection,2,2,2,"[opticL3, visual_centrifugalL3] -> visual_projectionL2 -> [opticL2, visual_centrifugalL2]",optic,3,visual_centrifugal,3,optic,2,visual_centrifugal,2
68818,mixed,BWD->LAT,BWD,LAT,0,2,2,1062,47,8.441,80415,75.72,visual_projection,2,2,2,"[centralL3, opticL3] -> visual_projectionL2 -> [centralL2, opticL2]",central,3,optic,3,central,2,optic,2
67256,mixed,BWD->LAT,BWD,LAT,0,2,2,1062,57,12.165,45142,42.507,visual_projection,2,2,2,"[centralL3, opticL3] -> visual_projectionL2 -> [centralL2, visual_centrifugalL2]",central,3,optic,3,central,2,visual_centrifugal,2
64527,mixed,BWD->LAT,BWD,LAT,0,2,2,1062,8,2.072,68798,64.782,visual_projection,2,2,2,"[opticL3, visual_projectionL3] -> visual_projectionL2 -> [ascendingL2, opticL2]",optic,3,visual_projection,3,ascending,2,optic,2
50963,mixed,BWD->LAT,BWD,LAT,0,2,2,1062,26,6.565,35788,33.699,visual_projection,2,2,2,"[opticL3, visual_centrifugalL3] -> visual_projectionL2 -> [centralL2, visual_centrifugalL2]",optic,3,visual_centrifugal,3,central,2,visual_centrifugal,2
979884,mixed,BWD->FWD,BWD,FWD,2,2,0,1062,41,3.331,42175,39.713,visual_projection,2,2,2,"[opticL3, visual_projectionL3] -> visual_projectionL2 -> [centralL3, visual_centrifugalL3]",optic,3,visual_projection,3,central,3,visual_centrifugal,3
209295,mixed,BWD->FWD,BWD,FWD,2,2,0,1062,24,4.48,42237,39.771,visual_projection,2,2,2,"[opticL3, visual_projectionL3] -> visual_projectionL2 -> [centralL3, descendingL3]",optic,3,visual_projection,3,central,3,descending,3
150095,mixed,BWD->FWD,BWD,FWD,2,2,0,1062,49,5.413,42175,39.713,visual_projection,2,2,2,"[opticL3, visual_centrifugalL3] -> visual_projectionL2 -> [centralL3, visual_projectionL3]",optic,3,visual_centrifugal,3,central,3,visual_projection,3
88097,mixed,BWD->FWD,BWD,FWD,2,2,0,1062,27,4.487,42175,39.713,visual_projection,2,2,2,"[visual_centrifugalL3, visual_projectionL3] -> visual_projectionL2 -> [centralL3, opticL3]",visual_centrifugal,3,visual_projection,3,central,3,optic,3
34076,mixed,BWD->FWD,BWD,FWD,2,2,0,1062,12,2.946,32883,30.963,visual_projection,2,2,2,"[opticL3, visual_projectionL3] -> visual_projectionL2 -> [descendingL3, visual_centrifugalL3]",optic,3,visual_projection,3,descending,3,visual_centrifugal,3
16406,mixed,BWD->FWD,BWD,FWD,2,2,0,1062,5,2.023,42581,40.095,visual_projection,2,2,2,"[opticL3, visual_projectionL3] -> visual_projectionL2 -> [ascendingL3, centralL3]",optic,3,visual_projection,3,ascending,3,central,3
12408,mixed,BWD->FWD,BWD,FWD,2,2,0,1062,7,1.245,42175,39.713,visual_projection,2,2,2,"[centralL3, visual_centrifugalL3] -> visual_projectionL2 -> [opticL3, visual_projectionL3]",central,3,visual_centrifugal,3,optic,3,visual_projection,3
6904,mixed,BWD->FWD,BWD,FWD,2,2,0,1062,20,6.415,42175,39.713,visual_projection,2,2,2,"[centralL3, opticL3] -> visual_projectionL2 -> [visual_centrifugalL3, visual_projectionL3]",central,3,optic,3,visual_centrifugal,3,visual_projection,3
5768,mixed,BWD->FWD,BWD,FWD,2,2,0,1062,4,2.111,12780,12.034,visual_projection,2,2,2,"[ascendingL3, visual_projectionL3] -> visual_projectionL2 -> [centralL3, descendingL3]",ascending,3,visual_projection,3,central,3,descending,3
5312,mixed,BWD->FWD,BWD,FWD,2,2,0,1062,6,2.716,39603,37.291,visual_projection,2,2,2,"[opticL3, visual_centrifugalL3] -> visual_projectionL2 -> [centralL3, descendingL3]",optic,3,visual_centrifugal,3,central,3,descending,3
28330762,mixed,mix->mix,mix,mix,1,1,2,2715,660,6.264,80415,29.619,visual_projection,3,2,2,"[opticL2, opticL3] -> visual_projectionL3 -> [centralL2, centralL3]",optic,2,optic,3,central,2,central,3
9599039,mixed,mix->mix,mix,mix,1,1,2,2715,194,2.744,75274,27.725,visual_projection,3,2,2,"[opticL2, opticL3] -> visual_projectionL3 -> [centralL3, visual_centrifugalL2]",optic,2,optic,3,central,3,visual_centrifugal,2
9149716,mixed,mix->mix,mix,mix,1,1,2,2715,606,6.932,76025,28.002,visual_projection,3,2,2,"[opticL2, opticL3] -> visual_projectionL3 -> [centralL3, visual_projectionL2]",optic,2,optic,3,central,3,visual_projection,2
1762517,mixed,mix->mix,mix,mix,1,1,2,2715,51,1.465,65920,24.28,visual_projection,3,2,2,"[opticL2, opticL3] -> visual_projectionL3 -> [visual_centrifugalL2, visual_centrifugalL3]",optic,2,optic,3,visual_centrifugal,2,visual_centrifugal,3
1130053,mixed,mix->mix,mix,mix,1,1,2,2715,256,8.743,76025,28.002,visual_projection,3,2,2,"[opticL3, visual_projectionL2] -> visual_projectionL3 -> [centralL3, opticL2]",optic,3,visual_projection,2,central,3,optic,2
898816,mixed,mix->mix,mix,mix,1,1,2,2715,269,5.184,45893,16.903,visual_projection,3,2,2,"[opticL3, visual_projectionL2] -> visual_projectionL3 -> [centralL2, centralL3]",optic,3,visual_projection,2,central,2,central,3
683312,mixed,mix->mix,mix,mix,1,1,2,2715,207,5.739,75274,27.725,visual_projection,3,2,2,"[opticL3, visual_centrifugalL2] -> visual_projectionL3 -> [centralL3, opticL2]",optic,3,visual_centrifugal,2,central,3,optic,2
565919,mixed,mix->mix,mix,mix,1,1,2,2715,64,3.342,71061,26.173,visual_projection,3,2,2,"[opticL2, opticL3] -> visual_projectionL3 -> [centralL2, visual_centrifugalL3]",optic,2,optic,3,central,2,visual_centrifugal,3
545125,mixed,mix->mix,mix,mix,1,1,2,2715,97,2.659,40752,15.01,visual_projection,3,2,2,"[opticL3, visual_projectionL2] -> visual_projectionL3 -> [centralL3, visual_centrifugalL2]",optic,3,visual_projection,2,central,3,visual_centrifugal,2
517914,mixed,mix->mix,mix,mix,1,1,2,2715,255,4.189,45142,16.627,visual_projection,3,2,2,"[opticL3, visual_centrifugalL2] -> visual_projectionL3 -> [centralL2, centralL3]",optic,3,visual_centrifugal,2,central,2,central,3
15760287,mixed,mix->BWD,mix,BWD,1,2,1,2715,403,2.287,72042,26.535,visual_projection,3,2,2,"[opticL2, opticL3] -> visual_projectionL3 -> [centralL2, visual_projectionL2]",optic,2,optic,3,central,2,visual_projection,2
2766611,mixed,mix->BWD,mix,BWD,1,2,1,2715,139,4.979,71291,26.258,visual_projection,3,2,2,"[opticL2, opticL3] -> visual_projectionL3 -> [centralL2, visual_centrifugalL2]",optic,2,optic,3,central,2,visual_centrifugal,2
1350533,mixed,mix->BWD,mix,BWD,1,2,1,2715,181,5.293,72042,26.535,visual_projection,3,2,2,"[opticL3, visual_projectionL2] -> visual_projectionL3 -> [centralL2, opticL2]",optic,3,visual_projection,2,central,2,optic,2
1211137,mixed,mix->BWD,mix,BWD,1,2,1,2715,117,6.118,66901,24.641,visual_projection,3,2,2,"[opticL2, opticL3] -> visual_projectionL3 -> [visual_centrifugalL2, visual_projectionL2]",optic,2,optic,3,visual_centrifugal,2,visual_projection,2
963033,mixed,mix->BWD,mix,BWD,1,2,1,2715,217,3.586,66901,24.641,visual_projection,3,2,2,"[opticL3, visual_centrifugalL2] -> visual_projectionL3 -> [opticL2, visual_projectionL2]",optic,3,visual_centrifugal,2,optic,2,visual_projection,2
897724,mixed,mix->BWD,mix,BWD,1,2,1,2715,153,4.813,71291,26.258,visual_projection,3,2,2,"[opticL3, visual_centrifugalL2] -> visual_projectionL3 -> [centralL2, opticL2]",optic,3,visual_centrifugal,2,central,2,optic,2
276171,mixed,mix->BWD,mix,BWD,1,2,1,2715,66,3.672,66901,24.641,visual_projection,3,2,2,"[opticL3, visual_projectionL2] -> visual_projectionL3 -> [opticL2, visual_centrifugalL2]",optic,3,visual_projection,2,optic,2,visual_centrifugal,2
133153,mixed,mix->BWD,mix,BWD,1,2,1,2715,193,4.16,36769,13.543,visual_projection,3,2,2,"[opticL3, visual_centrifugalL2] -> visual_projectionL3 -> [centralL2, visual_projectionL2]",optic,3,visual_centrifugal,2,central,2,visual_projection,2
124532,mixed,mix->BWD,mix,BWD,1,2,1,2715,102,2.449,72042,26.535,visual_projection,3,2,2,"[centralL2, opticL3] -> visual_projectionL3 -> [opticL2, visual_projectionL2]",central,2,optic,3,optic,2,visual_projection,2
109133,mixed,mix->BWD,mix,BWD,1,2,1,2715,89,9.153,36769,13.543,visual_projection,3,2,2,"[opticL3, visual_projectionL2] -> visual_projectionL3 -> [centralL2, visual_centrifugalL2]",optic,3,visual_projection,2,central,2,visual_centrifugal,2
3265581,mixed,mix->LAT,mix,LAT,1,0,3,2715,296,1.683,75044,27.641,visual_projection,3,2,2,"[opticL2, opticL3] -> visual_projectionL3 -> [centralL3, visual_centrifugalL3]",optic,2,optic,3,central,3,visual_centrifugal,3
574773,mixed,mix->LAT,mix,LAT,1,0,3,2715,111,2.743,75044,27.641,visual_projection,3,2,2,"[opticL2, visual_centrifugalL3] -> visual_projectionL3 -> [centralL3, opticL3]",optic,2,visual_centrifugal,3,central,3,optic,3
219684,mixed,mix->LAT,mix,LAT,1,0,3,2715,48,1.986,40522,14.925,visual_projection,3,2,2,"[opticL3, visual_projectionL2] -> visual_projectionL3 -> [centralL3, visual_centrifugalL3]",optic,3,visual_projection,2,central,3,visual_centrifugal,3
173796,mixed,mix->LAT,mix,LAT,1,0,3,2715,38,6.113,75106,27.663,visual_projection,3,2,2,"[opticL2, opticL3] -> visual_projectionL3 -> [centralL3, descendingL3]",optic,2,optic,3,central,3,descending,3
115300,mixed,mix->LAT,mix,LAT,1,0,3,2715,107,2.183,39771,14.649,visual_projection,3,2,2,"[opticL3, visual_centrifugalL2] -> visual_projectionL3 -> [centralL3, visual_centrifugalL3]",optic,3,visual_centrifugal,2,central,3,visual_centrifugal,3
63365,mixed,mix->LAT,mix,LAT,1,0,3,2715,42,5.699,40522,14.925,visual_projection,3,2,2,"[visual_centrifugalL3, visual_projectionL2] -> visual_projectionL3 -> [centralL3, opticL3]",visual_centrifugal,3,visual_projection,2,central,3,optic,3
47827,mixed,mix->LAT,mix,LAT,1,0,3,2715,21,1.657,75450,27.79,visual_projection,3,2,2,"[ascendingL3, opticL2] -> visual_projectionL3 -> [centralL3, opticL3]",ascending,3,optic,2,central,3,optic,3
24643,mixed,mix->LAT,mix,LAT,1,0,3,2715,58,4.621,39771,14.649,visual_projection,3,2,2,"[visual_centrifugalL2, visual_centrifugalL3] -> visual_projectionL3 -> [centralL3, opticL3]",visual_centrifugal,2,visual_centrifugal,3,central,3,optic,3
20962,mixed,mix->LAT,mix,LAT,1,0,3,2715,12,1.551,45318,16.692,visual_projection,3,2,2,"[ascendingL3, centralL2] -> visual_projectionL3 -> [centralL3, opticL3]",ascending,3,central,2,central,3,optic,3
17225,mixed,mix->LAT,mix,LAT,1,0,3,2715,17,1.462,40928,15.075,visual_projection,3,2,2,"[ascendingL3, visual_projectionL2] -> visual_projectionL3 -> [centralL3, opticL3]",ascending,3,visual_projection,2,central,3,optic,3
2621742,mixed,FWD->LAT,FWD,LAT,2,0,2,2715,297,8.424,76025,28.002,visual_projection,3,2,2,"[opticL2, visual_projectionL2] -> visual_projectionL3 -> [centralL3, opticL3]",optic,2,visual_projection,2,central,3,optic,3
1291537,mixed,FWD->LAT,FWD,LAT,2,0,2,2715,280,5.71,75274,27.725,visual_projection,3,2,2,"[opticL2, visual_centrifugalL2] -> visual_projectionL3 -> [centralL3, opticL3]",optic,2,visual_centrifugal,2,central,3,optic,3
200603,mixed,FWD->LAT,FWD,LAT,2,0,2,2715,25,1.48,66671,24.557,visual_projection,3,2,2,"[opticL2, visual_projectionL2] -> visual_projectionL3 -> [opticL3, visual_centrifugalL3]",optic,2,visual_projection,2,optic,3,visual_centrifugal,3
166606,mixed,FWD->LAT,FWD,LAT,2,0,2,2715,130,2.972,80415,29.619,visual_projection,3,2,2,"[centralL2, opticL2] -> visual_projectionL3 -> [centralL3, opticL3]",central,2,optic,2,central,3,optic,3
135144,mixed,FWD->LAT,FWD,LAT,2,0,2,2715,46,2.698,46162,17.003,visual_projection,3,2,2,"[opticL2, visual_projectionL2] -> visual_projectionL3 -> [centralL3, visual_centrifugalL3]",optic,2,visual_projection,2,central,3,visual_centrifugal,3
116762,mixed,FWD->LAT,FWD,LAT,2,0,2,2715,153,8.135,40752,15.01,visual_projection,3,2,2,"[visual_centrifugalL2, visual_projectionL2] -> visual_projectionL3 -> [centralL3, opticL3]",visual_centrifugal,2,visual_projection,2,central,3,optic,3
100268,mixed,FWD->LAT,FWD,LAT,2,0,2,2715,56,1.47,65920,24.28,visual_projection,3,2,2,"[opticL2, visual_centrifugalL2] -> visual_projectionL3 -> [opticL3, visual_centrifugalL3]",optic,2,visual_centrifugal,2,optic,3,visual_centrifugal,3
96475,mixed,FWD->LAT,FWD,LAT,2,0,2,2715,49,3.837,45893,16.903,visual_projection,3,2,2,"[centralL2, visual_projectionL2] -> visual_projectionL3 -> [centralL3, opticL3]",central,2,visual_projection,2,central,3,optic,3
92060,mixed,FWD->LAT,FWD,LAT,2,0,2,2715,23,5.668,66733,24.579,visual_projection,3,2,2,"[opticL2, visual_projectionL2] -> visual_projectionL3 -> [descendingL3, opticL3]",optic,2,visual_projection,2,descending,3,optic,3
69180,mixed,FWD->LAT,FWD,LAT,2,0,2,2715,112,2.785,45411,16.726,visual_projection,3,2,2,"[opticL2, visual_centrifugalL2] -> visual_projectionL3 -> [centralL3, visual_centrifugalL3]",optic,2,visual_centrifugal,2,central,3,visual_centrifugal,3
3841956,mixed,FWD->mix,FWD,mix,2,1,1,2715,205,3.658,72042,26.535,visual_projection,3,2,2,"[opticL2, visual_projectionL2] -> visual_projectionL3 -> [centralL2, opticL3]",optic,2,visual_projection,2,central,2,optic,3
3182937,mixed,FWD->mix,FWD,mix,2,1,1,2715,159,2.486,66901,24.641,visual_projection,3,2,2,"[visual_centrifugalL2, visual_projectionL2] -> visual_projectionL3 -> [opticL2, opticL3]",visual_centrifugal,2,visual_projection,2,optic,2,optic,3
2245670,mixed,FWD->mix,FWD,mix,2,1,1,2715,178,2.665,71291,26.258,visual_projection,3,2,2,"[opticL2, visual_centrifugalL2] -> visual_projectionL3 -> [centralL2, opticL3]",optic,2,visual_centrifugal,2,central,2,optic,3
1784498,mixed,FWD->mix,FWD,mix,2,1,1,2715,269,5.223,66901,24.641,visual_projection,3,2,2,"[opticL2, visual_centrifugalL2] -> visual_projectionL3 -> [opticL3, visual_projectionL2]",optic,2,visual_centrifugal,2,optic,3,visual_projection,2
933512,mixed,FWD->mix,FWD,mix,2,1,1,2715,277,6.31,51533,18.981,visual_projection,3,2,2,"[opticL2, visual_projectionL2] -> visual_projectionL3 -> [centralL2, centralL3]",optic,2,visual_projection,2,central,2,central,3
575092,mixed,FWD->mix,FWD,mix,2,1,1,2715,75,2.545,66901,24.641,visual_projection,3,2,2,"[opticL2, visual_projectionL2] -> visual_projectionL3 -> [opticL3, visual_centrifugalL2]",optic,2,visual_projection,2,optic,3,visual_centrifugal,2
438388,mixed,FWD->mix,FWD,mix,2,1,1,2715,264,3.402,50782,18.704,visual_projection,3,2,2,"[opticL2, visual_centrifugalL2] -> visual_projectionL3 -> [centralL2, centralL3]",optic,2,visual_centrifugal,2,central,2,central,3
309715,mixed,FWD->mix,FWD,mix,2,1,1,2715,102,3.249,46392,17.087,visual_projection,3,2,2,"[opticL2, visual_projectionL2] -> visual_projectionL3 -> [centralL3, visual_centrifugalL2]",optic,2,visual_projection,2,central,3,visual_centrifugal,2
242913,mixed,FWD->mix,FWD,mix,2,1,1,2715,48,3.361,72042,26.535,visual_projection,3,2,2,"[centralL2, visual_projectionL2] -> visual_projectionL3 -> [opticL2, opticL3]",central,2,visual_projection,2,optic,2,optic,3
137208,mixed,FWD->mix,FWD,mix,2,1,1,2715,130,6.33,46392,17.087,visual_projection,3,2,2,"[visual_centrifugalL2, visual_projectionL2] -> visual_projectionL3 -> [centralL3, opticL2]",visual_centrifugal,2,visual_projection,2,central,3,optic,2
164122,mixed,FWD->BWD,FWD,BWD,2,2,0,2715,193,2.88,42409,15.62,visual_projection,3,2,2,"[opticL2, visual_centrifugalL2] -> visual_projectionL3 -> [centralL2, visual_projectionL2]",optic,2,visual_centrifugal,2,central,2,visual_projection,2
100438,mixed,FWD->BWD,FWD,BWD,2,2,0,2715,93,13.918,42409,15.62,visual_projection,3,2,2,"[opticL2, visual_projectionL2] -> visual_projectionL3 -> [centralL2, visual_centrifugalL2]",optic,2,visual_projection,2,central,2,visual_centrifugal,2
86819,mixed,FWD->BWD,FWD,BWD,2,2,0,2715,110,9.29,42409,15.62,visual_projection,3,2,2,"[visual_centrifugalL2, visual_projectionL2] -> visual_projectionL3 -> [centralL2, opticL2]",visual_centrifugal,2,visual_projection,2,central,2,optic,2
27374,mixed,FWD->BWD,FWD,BWD,2,2,0,2715,20,3.202,42409,15.62,visual_projection,3,2,2,"[centralL2, visual_projectionL2] -> visual_projectionL3 -> [opticL2, visual_centrifugalL2]",central,2,visual_projection,2,optic,2,visual_centrifugal,2
18181,mixed,FWD->BWD,FWD,BWD,2,2,0,2715,54,3.203,42409,15.62,visual_projection,3,2,2,"[centralL2, opticL2] -> visual_projectionL3 -> [visual_centrifugalL2, visual_projectionL2]",central,2,optic,2,visual_centrifugal,2,visual_projection,2
11911,mixed,FWD->BWD,FWD,BWD,2,2,0,2715,43,2.68,42409,15.62,visual_projection,3,2,2,"[centralL2, visual_centrifugalL2] -> visual_projectionL3 -> [opticL2, visual_projectionL2]",central,2,visual_centrifugal,2,optic,2,visual_projection,2
11490,mixed,FWD->BWD,FWD,BWD,2,2,0,2715,8,1.806,42150,15.525,visual_projection,3,2,2,"[opticL2, visual_projectionL2] -> visual_projectionL3 -> [centralL2, descendingL2]",optic,2,visual_projection,2,central,2,descending,2
3610,mixed,FWD->BWD,FWD,BWD,2,2,0,2715,1,1.0,42150,15.525,visual_projection,3,2,2,"[centralL2, visual_projectionL2] -> visual_projectionL3 -> [descendingL2, opticL2]",central,2,visual_projection,2,descending,2,optic,2
2920,mixed,FWD->BWD,FWD,BWD,2,2,0,2715,3,2.444,37009,13.631,visual_projection,3,2,2,"[visual_centrifugalL2, visual_projectionL2] -> visual_projectionL3 -> [descendingL2, opticL2]",visual_centrifugal,2,visual_projection,2,descending,2,optic,2
2806,mixed,FWD->BWD,FWD,BWD,2,2,0,2715,9,3.44,42653,15.71,visual_projection,3,2,2,"[ascendingL2, opticL2] -> visual_projectionL3 -> [centralL2, visual_projectionL2]",ascending,2,optic,2,central,2,visual_projection,2
131133,mixed,LAT->BWD,LAT,BWD,0,2,2,2715,42,1.279,71061,26.173,visual_projection,3,2,2,"[opticL3, visual_centrifugalL3] -> visual_projectionL3 -> [centralL2, opticL2]",optic,3,visual_centrifugal,3,central,2,optic,2
122739,mixed,LAT->BWD,LAT,BWD,0,2,2,2715,87,4.941,66671,24.557,visual_projection,3,2,2,"[opticL3, visual_centrifugalL3] -> visual_projectionL3 -> [opticL2, visual_projectionL2]",optic,3,visual_centrifugal,3,optic,2,visual_projection,2
108475,mixed,LAT->BWD,LAT,BWD,0,2,2,2715,90,3.167,76025,28.002,visual_projection,3,2,2,"[centralL3, opticL3] -> visual_projectionL3 -> [opticL2, visual_projectionL2]",central,3,optic,3,optic,2,visual_projection,2
77372,mixed,LAT->BWD,LAT,BWD,0,2,2,2715,20,1.302,65920,24.28,visual_projection,3,2,2,"[opticL3, visual_centrifugalL3] -> visual_projectionL3 -> [opticL2, visual_centrifugalL2]",optic,3,visual_centrifugal,3,optic,2,visual_centrifugal,2
68281,mixed,LAT->BWD,LAT,BWD,0,2,2,2715,14,3.242,75274,27.725,visual_projection,3,2,2,"[centralL3, opticL3] -> visual_projectionL3 -> [opticL2, visual_centrifugalL2]",central,3,optic,3,optic,2,visual_centrifugal,2
68185,mixed,LAT->BWD,LAT,BWD,0,2,2,2715,70,3.49,80415,29.619,visual_projection,3,2,2,"[centralL3, opticL3] -> visual_projectionL3 -> [centralL2, opticL2]",central,3,optic,3,central,2,optic,2
36189,mixed,LAT->BWD,LAT,BWD,0,2,2,2715,16,1.628,67077,24.706,visual_projection,3,2,2,"[ascendingL3, opticL3] -> visual_projectionL3 -> [opticL2, visual_projectionL2]",ascending,3,optic,3,optic,2,visual_projection,2
30109,mixed,LAT->BWD,LAT,BWD,0,2,2,2715,100,6.395,45893,16.903,visual_projection,3,2,2,"[centralL3, opticL3] -> visual_projectionL3 -> [centralL2, visual_projectionL2]",central,3,optic,3,central,2,visual_projection,2
26014,mixed,LAT->BWD,LAT,BWD,0,2,2,2715,39,6.001,45142,16.627,visual_projection,3,2,2,"[centralL3, opticL3] -> visual_projectionL3 -> [centralL2, visual_centrifugalL2]",central,3,optic,3,central,2,visual_centrifugal,2
24474,mixed,LAT->BWD,LAT,BWD,0,2,2,2715,30,3.846,35788,13.182,visual_projection,3,2,2,"[opticL3, visual_centrifugalL3] -> visual_projectionL3 -> [centralL2, visual_centrifugalL2]",optic,3,visual_centrifugal,3,central,2,visual_centrifugal,2
290849,mixed,LAT->mix,LAT,mix,0,1,3,2715,84,2.949,75044,27.641,visual_projection,3,2,2,"[opticL3, visual_centrifugalL3] -> visual_projectionL3 -> [centralL3, opticL2]",optic,3,visual_centrifugal,3,central,3,optic,2
290630,mixed,LAT->mix,LAT,mix,0,1,3,2715,86,2.459,44912,16.542,visual_projection,3,2,2,"[opticL3, visual_centrifugalL3] -> visual_projectionL3 -> [centralL2, centralL3]",optic,3,visual_centrifugal,3,central,2,central,3
194443,mixed,LAT->mix,LAT,mix,0,1,3,2715,38,1.462,39771,14.649,visual_projection,3,2,2,"[opticL3, visual_centrifugalL3] -> visual_projectionL3 -> [centralL3, visual_centrifugalL2]",optic,3,visual_centrifugal,3,central,3,visual_centrifugal,2
55936,mixed,LAT->mix,LAT,mix,0,1,3,2715,83,5.507,40522,14.925,visual_projection,3,2,2,"[opticL3, visual_centrifugalL3] -> visual_projectionL3 -> [centralL3, visual_projectionL2]",optic,3,visual_centrifugal,3,central,3,visual_projection,2
51968,mixed,LAT->mix,LAT,mix,0,1,3,2715,13,1.71,75450,27.79,visual_projection,3,2,2,"[ascendingL3, centralL3] -> visual_projectionL3 -> [opticL2, opticL3]",ascending,3,central,3,optic,2,optic,3
37582,mixed,LAT->mix,LAT,mix,0,1,3,2715,18,1.755,75450,27.79,visual_projection,3,2,2,"[ascendingL3, opticL3] -> visual_projectionL3 -> [centralL3, opticL2]",ascending,3,optic,3,central,3,optic,2
22129,mixed,LAT->mix,LAT,mix,0,1,3,2715,24,2.729,45318,16.692,visual_projection,3,2,2,"[ascendingL3, opticL3] -> visual_projectionL3 -> [centralL2, centralL3]",ascending,3,optic,3,central,2,central,3
15543,mixed,LAT->mix,LAT,mix,0,1,3,2715,22,1.391,40928,15.075,visual_projection,3,2,2,"[ascendingL3, centralL3] -> visual_projectionL3 -> [opticL3, visual_projectionL2]",ascending,3,central,3,optic,3,visual_projection,2
14560,mixed,LAT->mix,LAT,mix,0,1,3,2715,25,4.172,75044,27.641,visual_projection,3,2,2,"[centralL3, visual_centrifugalL3] -> visual_projectionL3 -> [opticL2, opticL3]",central,3,visual_centrifugal,3,optic,2,optic,3
13554,mixed,LAT->mix,LAT,mix,0,1,3,2715,25,1.902,40928,15.075,visual_projection,3,2,2,"[ascendingL3, opticL3] -> visual_projectionL3 -> [centralL3, visual_projectionL2]",ascending,3,optic,3,central,3,visual_projection,2
4480,pure_LAT,LAT->LAT,LAT,LAT,0,0,4,2715,8,2.858,40009,14.736,visual_projection,3,2,2,"[ascendingL3, opticL3] -> visual_projectionL3 -> [centralL3, descendingL3]",ascending,3,optic,3,central,3,descending,3
2425,pure_LAT,LAT->LAT,LAT,LAT,0,0,4,2715,14,4.605,39603,14.587,visual_projection,3,2,2,"[opticL3, visual_centrifugalL3] -> visual_projectionL3 -> [centralL3, descendingL3]",optic,3,visual_centrifugal,3,central,3,descending,3
2160,pure_LAT,LAT->LAT,LAT,LAT,0,0,4,2715,1,1.0,40009,14.736,visual_projection,3,2,2,"[ascendingL3, centralL3] -> visual_projectionL3 -> [descendingL3, opticL3]",ascending,3,central,3,descending,3,optic,3
1088,pure_LAT,LAT->LAT,LAT,LAT,0,0,4,2715,3,1.015,39947,14.713,visual_projection,3,2,2,"[ascendingL3, visual_centrifugalL3] -> visual_projectionL3 -> [centralL3, opticL3]",ascending,3,visual_centrifugal,3,central,3,optic,3
477,pure_LAT,LAT->LAT,LAT,LAT,0,0,4,2715,4,1.12,39947,14.713,visual_projection,3,2,2,"[ascendingL3, opticL3] -> visual_projectionL3 -> [centralL3, visual_centrifugalL3]",ascending,3,optic,3,central,3,visual_centrifugal,3
403,pure_LAT,LAT->LAT,LAT,LAT,0,0,4,2715,1,1.0,39947,14.713,visual_projection,3,2,2,"[opticL3, visual_centrifugalL3] -> visual_projectionL3 -> [ascendingL3, centralL3]",optic,3,visual_centrifugal,3,ascending,3,central,3
366,pure_LAT,LAT->LAT,LAT,LAT,0,0,4,2715,3,1.033,39603,14.587,visual_projection,3,2,2,"[centralL3, visual_centrifugalL3] -> visual_projectionL3 -> [descendingL3, opticL3]",central,3,visual_centrifugal,3,descending,3,optic,3
180,pure_LAT,LAT->LAT,LAT,LAT,0,0,4,2715,1,1.0,30655,11.291,visual_projection,3,2,2,"[ascendingL3, visual_centrifugalL3] -> visual_projectionL3 -> [descendingL3, opticL3]",ascending,3,visual_centrifugal,3,descending,3,optic,3
119,pure_LAT,LAT->LAT,LAT,LAT,0,0,4,2715,1,1.0,39603,14.587,visual_projection,3,2,2,"[descendingL3, opticL3] -> visual_projectionL3 -> [centralL3, visual_centrifugalL3]",descending,3,optic,3,central,3,visual_centrifugal,3
90,pure_LAT,LAT->LAT,LAT,LAT,0,0,4,2715,4,3.559,10146,3.737,visual_projection,3,2,2,"[ascendingL3, visual_centrifugalL3] -> visual_projectionL3 -> [centralL3, descendingL3]",ascending,3,visual_centrifugal,3,central,3,descending,3
