motif_count,hourglass_type,signature,fanin_sig,fanout_sig,n_FF,n_FB,n_lat,n_waist,n_waist_active,n_waist_eff,n_periphery,compression,bottleneck_area,bottleneck_level,k_in,k_out,structure_str,fan_in_0_area,fan_in_0_level,fan_in_1_area,fan_in_1_level,fan_out_0_area,fan_out_0_level,fan_out_1_area,fan_out_1_level
50405358660,mixed,mix->mix,mix,mix,1,1,2,2282,2,1.328,8835,3.872,LO,3,2,2,"[LO.LOPL4, ME.LOPL3] -> LOL3 -> [LO.LOPL3, ME.LOPL4]",LO.LOP,4,ME.LOP,3,LO.LOP,3,ME.LOP,4
49758783924,mixed,mix->mix,mix,mix,1,1,2,2282,2,1.477,8835,3.872,LO,3,2,2,"[ME.LOPL3, ME.LOPL4] -> LOL3 -> [LO.LOPL3, LO.LOPL4]",ME.LOP,3,ME.LOP,4,LO.LOP,3,LO.LOP,4
49518048458,mixed,mix->mix,mix,mix,1,1,2,2282,4,1.234,10293,4.511,LO,3,2,2,"[MEL4, ME.LOPL3] -> LOL3 -> [LO.LOPL3, LO.LOPL4]",ME,4,ME.LOP,3,LO.LOP,3,LO.LOP,4
39344042620,mixed,mix->mix,mix,mix,1,1,2,2282,2,1.041,9856,4.319,LO,3,2,2,"[LO.LOPL4, ME.LOPL3] -> LOL3 -> [LOL4, LO.LOPL3]",LO.LOP,4,ME.LOP,3,LO,4,LO.LOP,3
35329451928,mixed,mix->mix,mix,mix,1,1,2,2282,2,1.104,9856,4.319,LO,3,2,2,"[LOL4, ME.LOPL3] -> LOL3 -> [LO.LOPL3, LO.LOPL4]",LO,4,ME.LOP,3,LO.LOP,3,LO.LOP,4
31086016560,mixed,mix->mix,mix,mix,1,1,2,2282,2,1.285,8835,3.872,LO,3,2,2,"[LO.LOPL3, LO.LOPL4] -> LOL3 -> [ME.LOPL3, ME.LOPL4]",LO.LOP,3,LO.LOP,4,ME.LOP,3,ME.LOP,4
30700093389,mixed,mix->mix,mix,mix,1,1,2,2282,5,1.203,10293,4.511,LO,3,2,2,"[LO.LOPL3, MEL4] -> LOL3 -> [LO.LOPL4, ME.LOPL3]",LO.LOP,3,ME,4,LO.LOP,4,ME.LOP,3
30439648080,mixed,mix->mix,mix,mix,1,1,2,2282,2,1.419,8835,3.872,LO,3,2,2,"[LO.LOPL3, ME.LOPL4] -> LOL3 -> [LO.LOPL4, ME.LOPL3]",LO.LOP,3,ME.LOP,4,LO.LOP,4,ME.LOP,3
24682244520,mixed,mix->mix,mix,mix,1,1,2,2282,2,1.035,9856,4.319,LO,3,2,2,"[LO.LOPL3, LO.LOPL4] -> LOL3 -> [LOL4, ME.LOPL3]",LO.LOP,3,LO.LOP,4,LO,4,ME.LOP,3
22074280560,mixed,mix->mix,mix,mix,1,1,2,2282,2,1.09,9856,4.319,LO,3,2,2,"[LOL4, LO.LOPL3] -> LOL3 -> [LO.LOPL4, ME.LOPL3]",LO,4,LO.LOP,3,LO.LOP,4,ME.LOP,3
20941860320,mixed,mix->mix,mix,mix,1,1,2,2282,2,1.388,15886,6.961,LO,3,2,2,"[LO.LOPL4, MEL3] -> LOL3 -> [LO.LOPL3, ME.LOPL4]",LO.LOP,4,ME,3,LO.LOP,3,ME.LOP,4
20905239304,mixed,mix->mix,mix,mix,1,1,2,2282,2,1.557,15886,6.961,LO,3,2,2,"[MEL3, ME.LOPL4] -> LOL3 -> [LO.LOPL3, LO.LOPL4]",ME,3,ME.LOP,4,LO.LOP,3,LO.LOP,4
20422075163,mixed,mix->mix,mix,mix,1,1,2,2282,8,1.279,17344,7.6,LO,3,2,2,"[MEL3, MEL4] -> LOL3 -> [LO.LOPL3, LO.LOPL4]",ME,3,ME,4,LO.LOP,3,LO.LOP,4
18438609360,mixed,mix->mix,mix,mix,1,1,2,2282,2,1.276,15462,6.776,LO,3,2,2,"[LO.LOPL4, MEL3] -> LOL3 -> [ME.LOPL3, ME.LOPL4]",LO.LOP,4,ME,3,ME.LOP,3,ME.LOP,4
18231525591,mixed,mix->mix,mix,mix,1,1,2,2282,7,1.196,16920,7.415,LO,3,2,2,"[MEL3, MEL4] -> LOL3 -> [LO.LOPL4, ME.LOPL3]",ME,3,ME,4,LO.LOP,4,ME.LOP,3
18021712560,mixed,mix->mix,mix,mix,1,1,2,2282,2,1.405,15462,6.776,LO,3,2,2,"[MEL3, ME.LOPL4] -> LOL3 -> [LO.LOPL4, ME.LOPL3]",ME,3,ME.LOP,4,LO.LOP,4,ME.LOP,3
15954595276,mixed,mix->mix,mix,mix,1,1,2,2282,3,1.049,16907,7.409,LO,3,2,2,"[LO.LOPL4, MEL3] -> LOL3 -> [LOL4, LO.LOPL3]",LO.LOP,4,ME,3,LO,4,LO.LOP,3
14696780120,mixed,mix->mix,mix,mix,1,1,2,2282,2,1.034,16483,7.223,LO,3,2,2,"[LO.LOPL4, MEL3] -> LOL3 -> [LOL4, ME.LOPL3]",LO.LOP,4,ME,3,LO,4,ME.LOP,3
14410418784,mixed,mix->mix,mix,mix,1,1,2,2282,5,1.125,16907,7.409,LO,3,2,2,"[LOL4, MEL3] -> LOL3 -> [LO.LOPL3, LO.LOPL4]",LO,4,ME,3,LO.LOP,3,LO.LOP,4
13131999120,mixed,mix->mix,mix,mix,1,1,2,2282,2,1.087,16483,7.223,LO,3,2,2,"[LOL4, MEL3] -> LOL3 -> [LO.LOPL4, ME.LOPL3]",LO,4,ME,3,LO.LOP,4,ME.LOP,3
5849880450,mixed,mix->mix,mix,mix,1,1,2,109,5,2.69,11602,106.44,PVLP.LO,4,2,2,"[LO.PVLPL3, LO.PVLPL4] -> PVLP.LOL4 -> [LOL4, ME.LOL3]",LO.PVLP,3,LO.PVLP,4,LO,4,ME.LO,3
4900247544,mixed,mix->mix,mix,mix,1,1,2,2282,2,1.508,9476,4.152,LO,3,2,2,"[MEL4, ME.LOPL3] -> LOL3 -> [LO.LOPL3, ME.LOPL4]",ME,4,ME.LOP,3,LO.LOP,3,ME.LOP,4
4771217480,mixed,mix->mix,mix,mix,1,1,2,2282,2,1.086,10293,4.511,LO,3,2,2,"[LO.LOPL4, ME.LOPL3] -> LOL3 -> [LO.LOPL3, MEL4]",LO.LOP,4,ME.LOP,3,LO.LOP,3,ME,4
4292848859,mixed,mix->mix,mix,mix,1,1,2,2282,7,1.057,15499,6.792,LO,3,2,2,"[MEL4, ME.LOL3] -> LOL3 -> [LO.LOPL3, LO.LOPL4]",ME,4,ME.LO,3,LO.LOP,3,LO.LOP,4
4232009220,mixed,mix->mix,mix,mix,1,1,2,2282,2,1.081,14041,6.153,LO,3,2,2,"[LO.LOPL4, ME.LOL3] -> LOL3 -> [LO.LOPL3, ME.LOPL4]",LO.LOP,4,ME.LO,3,LO.LOP,3,ME.LOP,4
3969964956,mixed,mix->mix,mix,mix,1,1,2,2282,2,1.121,14041,6.153,LO,3,2,2,"[ME.LOL3, ME.LOPL4] -> LOL3 -> [LO.LOPL3, LO.LOPL4]",ME.LO,3,ME.LOP,4,LO.LOP,3,LO.LOP,4
3949779022,mixed,mix->mix,mix,mix,1,1,2,2282,8,1.04,15075,6.606,LO,3,2,2,"[MEL4, ME.LOL3] -> LOL3 -> [LO.LOPL4, ME.LOPL3]",ME,4,ME.LO,3,LO.LOP,4,ME.LOP,3
3880475760,mixed,mix->mix,mix,mix,1,1,2,2282,2,1.056,13617,5.967,LO,3,2,2,"[LO.LOPL4, ME.LOL3] -> LOL3 -> [ME.LOPL3, ME.LOPL4]",LO.LOP,4,ME.LO,3,ME.LOP,3,ME.LOP,4
3654000590,mixed,mix->mix,mix,mix,1,1,2,2282,2,1.01,15062,6.6,LO,3,2,2,"[LO.LOPL4, ME.LOL3] -> LOL3 -> [LOL4, LO.LOPL3]",LO.LOP,4,ME.LO,3,LO,4,LO.LOP,3
3619447440,mixed,mix->mix,mix,mix,1,1,2,2282,2,1.085,13617,5.967,LO,3,2,2,"[ME.LOL3, ME.LOPL4] -> LOL3 -> [LO.LOPL4, ME.LOPL3]",ME.LO,3,ME.LOP,4,LO.LOP,4,ME.LOP,3
3554217197,mixed,mix->mix,mix,mix,1,1,2,2282,7,1.066,10497,4.6,LO,3,2,2,"[MEL4, ME.LOPL3] -> LOL3 -> [LOL4, LO.LOPL3]",ME,4,ME.LOP,3,LO,4,LO.LOP,3
3385506920,mixed,mix->mix,mix,mix,1,1,2,2282,2,1.007,14638,6.415,LO,3,2,2,"[LO.LOPL4, ME.LOL3] -> LOL3 -> [LOL4, ME.LOPL3]",LO.LOP,4,ME.LO,3,LO,4,ME.LOP,3
3302502344,mixed,mix->mix,mix,mix,1,1,2,2282,2,1.141,9039,3.961,LO,3,2,2,"[ME.LOPL3, ME.LOPL4] -> LOL3 -> [LOL4, LO.LOPL3]",ME.LOP,3,ME.LOP,4,LO,4,LO.LOP,3
3270236352,mixed,mix->mix,mix,mix,1,1,2,2282,2,1.237,9039,3.961,LO,3,2,2,"[LOL4, ME.LOPL3] -> LOL3 -> [LO.LOPL3, ME.LOPL4]",LO,4,ME.LOP,3,LO.LOP,3,ME.LOP,4
3209204134,mixed,mix->mix,mix,mix,1,1,2,2282,4,1.027,16920,7.415,LO,3,2,2,"[MEL4, ME.LOPL3] -> LOL3 -> [LO.LOPL4, MEL3]",ME,4,ME.LOP,3,LO.LOP,4,ME,3
3206113378,mixed,mix->mix,mix,mix,1,1,2,2282,4,1.025,15062,6.6,LO,3,2,2,"[LOL4, ME.LOL3] -> LOL3 -> [LO.LOPL3, LO.LOPL4]",LO,4,ME.LO,3,LO.LOP,3,LO.LOP,4
3144759636,mixed,mix->mix,mix,mix,1,1,2,2282,2,1.038,15462,6.776,LO,3,2,2,"[LO.LOPL4, ME.LOPL3] -> LOL3 -> [MEL3, ME.LOPL4]",LO.LOP,4,ME.LOP,3,ME,3,ME.LOP,4
2992644720,mixed,mix->mix,mix,mix,1,1,2,2282,2,1.447,9476,4.152,LO,3,2,2,"[LO.LOPL3, MEL4] -> LOL3 -> [ME.LOPL3, ME.LOPL4]",LO.LOP,3,ME,4,ME.LOP,3,ME.LOP,4
2984543880,mixed,mix->mix,mix,mix,1,1,2,2282,2,1.074,10293,4.511,LO,3,2,2,"[LO.LOPL3, LO.LOPL4] -> LOL3 -> [MEL4, ME.LOPL3]",LO.LOP,3,LO.LOP,4,ME,4,ME.LOP,3
2963754480,mixed,mix->mix,mix,mix,1,1,2,2282,2,1.017,14638,6.415,LO,3,2,2,"[LOL4, ME.LOL3] -> LOL3 -> [LO.LOPL4, ME.LOPL3]",LO,4,ME.LO,3,LO.LOP,4,ME.LOP,3
2920508628,mixed,mix->mix,mix,mix,1,1,2,2282,2,1.057,15462,6.776,LO,3,2,2,"[ME.LOPL3, ME.LOPL4] -> LOL3 -> [LO.LOPL4, MEL3]",ME.LOP,3,ME.LOP,4,LO.LOP,4,ME,3
2765092132,mixed,mix->mix,mix,mix,1,1,2,2282,3,1.005,16483,7.223,LO,3,2,2,"[LO.LOPL4, ME.LOPL3] -> LOL3 -> [LOL4, MEL3]",LO.LOP,4,ME.LOP,3,LO,4,ME,3
2692470432,mixed,mix->mix,mix,mix,1,2,1,109,3,2.928,11958,109.706,PVLP.LO,4,2,2,"[AVLPL5, LO.PVLPL3] -> PVLP.LOL4 -> [LO.PVLPL4, ME.LOL3]",AVLP,5,LO.PVLP,3,LO.PVLP,4,ME.LO,3
2597767960,mixed,mix->mix,mix,mix,1,1,2,2282,4,1.039,15075,6.606,LO,3,2,2,"[MEL4, ME.LOPL3] -> LOL3 -> [LO.LOPL4, ME.LOL3]",ME,4,ME.LOP,3,LO.LOP,4,ME.LO,3
2551798842,mixed,mix->mix,mix,mix,1,1,2,2282,2,1.055,13617,5.967,LO,3,2,2,"[LO.LOPL4, ME.LOPL3] -> LOL3 -> [ME.LOL3, ME.LOPL4]",LO.LOP,4,ME.LOP,3,ME.LO,3,ME.LOP,4
2416520496,mixed,mix->mix,mix,mix,1,1,2,2282,2,1.012,16483,7.223,LO,3,2,2,"[LOL4, ME.LOPL3] -> LOL3 -> [LO.LOPL4, MEL3]",LO,4,ME.LOP,3,LO.LOP,4,ME,3
2402480724,mixed,mix->mix,mix,mix,1,1,2,2282,2,1.864,8805,3.858,LO,3,2,2,"[ME.LOPL3, PVLP.LOL4] -> LOL3 -> [LO.LOPL3, LO.LOPL4]",ME.LOP,3,PVLP.LO,4,LO.LOP,3,LO.LOP,4
2379539658,mixed,mix->mix,mix,mix,1,1,2,2282,2,1.083,13617,5.967,LO,3,2,2,"[ME.LOPL3, ME.LOPL4] -> LOL3 -> [LO.LOPL4, ME.LOL3]",ME.LOP,3,ME.LOP,4,LO.LOP,4,ME.LO,3
2227332424,mixed,mix->mix,mix,mix,1,1,2,2282,3,1.007,14638,6.415,LO,3,2,2,"[LO.LOPL4, ME.LOPL3] -> LOL3 -> [LOL4, ME.LOL3]",LO.LOP,4,ME.LOP,3,LO,4,ME.LO,3
2226071533,mixed,mix->mix,mix,mix,1,1,2,2282,6,1.057,10497,4.6,LO,3,2,2,"[LO.LOPL3, MEL4] -> LOL3 -> [LOL4, ME.LOPL3]",LO.LOP,3,ME,4,LO,4,ME.LOP,3
2182589149,mixed,mix->mix,mix,mix,1,1,2,2282,5,1.033,17344,7.6,LO,3,2,2,"[LO.LOPL3, MEL4] -> LOL3 -> [LO.LOPL4, MEL3]",LO.LOP,3,ME,4,LO.LOP,4,ME,3
2141565732,mixed,mix->mix,mix,mix,1,1,2,2282,2,1.047,15886,6.961,LO,3,2,2,"[LO.LOPL3, LO.LOPL4] -> LOL3 -> [MEL3, ME.LOPL4]",LO.LOP,3,LO.LOP,4,ME,3,ME.LOP,4
2063483964,mixed,mix->mix,mix,mix,1,1,2,2282,2,1.591,16527,7.242,LO,3,2,2,"[MEL3, MEL4] -> LOL3 -> [LO.LOPL3, ME.LOPL4]",ME,3,ME,4,LO.LOP,3,ME.LOP,4
2058824400,mixed,mix->mix,mix,mix,1,1,2,2282,2,1.122,9039,3.961,LO,3,2,2,"[LO.LOPL3, ME.LOPL4] -> LOL3 -> [LOL4, ME.LOPL3]",LO.LOP,3,ME.LOP,4,LO,4,ME.LOP,3
2027193120,mixed,mix->mix,mix,mix,1,1,2,2282,2,1.205,9039,3.961,LO,3,2,2,"[LOL4, LO.LOPL3] -> LOL3 -> [ME.LOPL3, ME.LOPL4]",LO,4,LO.LOP,3,ME.LOP,3,ME.LOP,4
1993246884,mixed,mix->mix,mix,mix,1,1,2,2282,2,1.071,15886,6.961,LO,3,2,2,"[LO.LOPL3, ME.LOPL4] -> LOL3 -> [LO.LOPL4, MEL3]",LO.LOP,3,ME.LOP,4,LO.LOP,4,ME,3
1949664336,mixed,mix->mix,mix,mix,1,1,2,2282,2,1.017,14638,6.415,LO,3,2,2,"[LOL4, ME.LOPL3] -> LOL3 -> [LO.LOPL4, ME.LOL3]",LO,4,ME.LOP,3,LO.LOP,4,ME.LO,3
1942904910,mixed,mix->mix,mix,mix,1,1,2,2282,2,1.103,17344,7.6,LO,3,2,2,"[LO.LOPL4, MEL3] -> LOL3 -> [LO.LOPL3, MEL4]",LO.LOP,4,ME,3,LO.LOP,3,ME,4
1875595395,mixed,mix->mix,mix,mix,1,1,2,2282,4,1.006,16907,7.409,LO,3,2,2,"[LO.LOPL3, LO.LOPL4] -> LOL3 -> [LOL4, MEL3]",LO.LOP,3,LO.LOP,4,LO,4,ME,3
1775964280,mixed,mix->mix,mix,mix,1,1,2,2282,2,1.072,16920,7.415,LO,3,2,2,"[LO.LOPL4, MEL3] -> LOL3 -> [MEL4, ME.LOPL3]",LO.LOP,4,ME,3,ME,4,ME.LOP,3
1771098000,mixed,mix->mix,mix,mix,1,1,2,2282,2,1.433,16103,7.057,LO,3,2,2,"[MEL3, MEL4] -> LOL3 -> [ME.LOPL3, ME.LOPL4]",ME,3,ME,4,ME.LOP,3,ME.LOP,4
1769233628,mixed,mix->mix,mix,mix,1,1,2,2282,3,1.048,15499,6.792,LO,3,2,2,"[LO.LOPL3, MEL4] -> LOL3 -> [LO.LOPL4, ME.LOL3]",LO.LOP,3,ME,4,LO.LOP,4,ME.LO,3
1741179654,mixed,mix->mix,mix,mix,1,1,2,2282,2,1.068,14041,6.153,LO,3,2,2,"[LO.LOPL3, LO.LOPL4] -> LOL3 -> [ME.LOL3, ME.LOPL4]",LO.LOP,3,LO.LOP,4,ME.LO,3,ME.LOP,4
1708147428,mixed,mix->mix,mix,mix,1,1,2,109,3,2.917,11197,102.725,PVLP.LO,4,2,2,"[LO.PVLPL3, LO.PVLPL4] -> PVLP.LOL4 -> [ME.LOL3, ME.LOL4]",LO.PVLP,3,LO.PVLP,4,ME.LO,3,ME.LO,4
1658923153,mixed,mix->mix,mix,mix,1,2,1,109,4,2.99,10608,97.321,PVLP.LO,4,2,2,"[LO.PVLPL3, PVLP.AVLPL5] -> PVLP.LOL4 -> [LO.PVLPL4, ME.LOL3]",LO.PVLP,3,PVLP.AVLP,5,LO.PVLP,4,ME.LO,3
1641815280,mixed,mix->mix,mix,mix,1,1,2,35,1,1.0,11602,331.486,PVLP.LO,3,2,2,"[LO.PVLPL3, LO.PVLPL4] -> PVLP.LOL3 -> [LOL4, ME.LOL3]",LO.PVLP,3,LO.PVLP,4,LO,4,ME.LO,3
1640564233,mixed,mix->mix,mix,mix,1,1,2,2282,3,1.015,16907,7.409,LO,3,2,2,"[LOL4, LO.LOPL3] -> LOL3 -> [LO.LOPL4, MEL3]",LO,4,LO.LOP,3,LO.LOP,4,ME,3
1628726094,mixed,mix->mix,mix,mix,1,1,2,2282,2,1.103,14041,6.153,LO,3,2,2,"[LO.LOPL3, ME.LOPL4] -> LOL3 -> [LO.LOPL4, ME.LOL3]",LO.LOP,3,ME.LOP,4,LO.LOP,4,ME.LO,3
1511202020,mixed,mix->mix,mix,mix,1,1,2,2282,3,1.008,15062,6.6,LO,3,2,2,"[LO.LOPL3, LO.LOPL4] -> LOL3 -> [LOL4, ME.LOL3]",LO.LOP,3,LO.LOP,4,LO,4,ME.LO,3
1444705903,mixed,mix->mix,mix,mix,1,1,2,2282,14,1.079,17548,7.69,LO,3,2,2,"[MEL3, MEL4] -> LOL3 -> [LOL4, LO.LOPL3]",ME,3,ME,4,LO,4,LO.LOP,3
1436397480,mixed,mix->mix,mix,mix,1,1,2,2282,2,1.796,8805,3.858,LO,3,2,2,"[LO.LOPL3, PVLP.LOL4] -> LOL3 -> [LO.LOPL4, ME.LOPL3]",LO.LOP,3,PVLP.LO,4,LO.LOP,4,ME.LOP,3
1366211016,mixed,mix->mix,mix,mix,1,1,2,109,3,2.63,11233,103.055,PVLP.LO,4,2,2,"[AVLPL4, LO.PVLPL3] -> PVLP.LOL4 -> [LO.PVLPL4, ME.LOL3]",AVLP,4,LO.PVLP,3,LO.PVLP,4,ME.LO,3
1351376244,mixed,mix->mix,mix,mix,1,1,2,2282,2,1.168,16090,7.051,LO,3,2,2,"[MEL3, ME.LOPL4] -> LOL3 -> [LOL4, LO.LOPL3]",ME,3,ME.LOP,4,LO,4,LO.LOP,3
1348963672,mixed,mix->mix,mix,mix,1,1,2,2282,2,1.282,16090,7.051,LO,3,2,2,"[LOL4, MEL3] -> LOL3 -> [LO.LOPL3, ME.LOPL4]",LO,4,ME,3,LO.LOP,3,ME.LOP,4
1325008588,mixed,mix->mix,mix,mix,1,1,2,2282,16,1.055,17124,7.504,LO,3,2,2,"[MEL3, MEL4] -> LOL3 -> [LOL4, ME.LOPL3]",ME,3,ME,4,LO,4,ME.LOP,3
1324451988,mixed,mix->mix,mix,mix,1,1,2,2282,2,1.021,15062,6.6,LO,3,2,2,"[LOL4, LO.LOPL3] -> LOL3 -> [LO.LOPL4, ME.LOL3]",LO,4,LO.LOP,3,LO.LOP,4,ME.LO,3
1224178480,mixed,mix->mix,mix,mix,1,1,2,2282,2,1.117,15666,6.865,LO,3,2,2,"[MEL3, ME.LOPL4] -> LOL3 -> [LOL4, ME.LOPL3]",ME,3,ME.LOP,4,LO,4,ME.LOP,3
1203828960,mixed,mix->mix,mix,mix,1,1,2,2282,2,1.198,15666,6.865,LO,3,2,2,"[LOL4, MEL3] -> LOL3 -> [ME.LOPL3, ME.LOPL4]",LO,4,ME,3,ME.LOP,3,ME.LOP,4
1098182491,mixed,mix->mix,mix,mix,1,1,2,1160,181,1.001,12773,11.011,LO,4,2,2,"[ME.LOL3, ME.LOL4] -> LOL4 -> [LOL3, LO.PVLPL4]",ME.LO,3,ME.LO,4,LO,3,LO.PVLP,4
1053243558,mixed,mix->mix,mix,mix,1,1,2,2282,5,1.047,22126,9.696,LO,3,2,2,"[MEL3, MEL4] -> LOL3 -> [LO.LOPL4, ME.LOL3]",ME,3,ME,4,LO.LOP,4,ME.LO,3
1041060238,mixed,mix->mix,mix,mix,1,1,2,109,6,2.968,10581,97.073,PVLP.LO,4,2,2,"[LO.PVLPL3, PVLPL4] -> PVLP.LOL4 -> [LO.PVLPL4, ME.LOL3]",LO.PVLP,3,PVLP,4,LO.PVLP,4,ME.LO,3
1040565761,mixed,mix->mix,mix,mix,1,1,2,2282,3,1.934,15856,6.948,LO,3,2,2,"[MEL3, PVLP.LOL4] -> LOL3 -> [LO.LOPL3, LO.LOPL4]",ME,3,PVLP.LO,4,LO.LOP,3,LO.LOP,4
1036193274,mixed,mix->mix,mix,mix,1,1,2,2282,2,1.066,20668,9.057,LO,3,2,2,"[LO.LOPL4, MEL3] -> LOL3 -> [ME.LOL3, ME.LOPL4]",LO.LOP,4,ME,3,ME.LO,3,ME.LOP,4
968729778,mixed,mix->mix,mix,mix,1,1,2,2282,2,1.099,20668,9.057,LO,3,2,2,"[MEL3, ME.LOPL4] -> LOL3 -> [LO.LOPL4, ME.LOL3]",ME,3,ME.LOP,4,LO.LOP,4,ME.LO,3
914688647,mixed,mix->mix,mix,mix,1,2,1,1160,182,1.0,12225,10.539,LO,4,2,2,"[LOL5, ME.LOL3] -> LOL4 -> [LOL3, LO.PVLPL4]",LO,5,ME.LO,3,LO,3,LO.PVLP,4
900244959,mixed,mix->mix,mix,mix,1,1,2,2282,3,1.008,21689,9.504,LO,3,2,2,"[LO.LOPL4, MEL3] -> LOL3 -> [LOL4, ME.LOL3]",LO.LOP,4,ME,3,LO,4,ME.LO,3
869357165,mixed,mix->mix,mix,mix,1,2,1,109,6,2.878,10599,97.239,PVLP.LO,4,2,2,"[LO.PVLPL3, PVLPL5] -> PVLP.LOL4 -> [LO.PVLPL4, ME.LOL3]",LO.PVLP,3,PVLP,5,LO.PVLP,4,ME.LO,3
845871967,mixed,mix->mix,mix,mix,1,1,2,2282,3,1.779,15432,6.762,LO,3,2,2,"[MEL3, PVLP.LOL4] -> LOL3 -> [LO.LOPL4, ME.LOPL3]",ME,3,PVLP.LO,4,LO.LOP,4,ME.LOP,3
842813712,mixed,mix->mix,mix,mix,1,2,1,109,3,2.617,12246,112.349,PVLP.LO,4,2,2,"[AVLPL5, LO.PVLPL3] -> PVLP.LOL4 -> [LOL4, ME.LOL3]",AVLP,5,LO.PVLP,3,LO,4,ME.LO,3
817116078,mixed,mix->mix,mix,mix,0,2,2,109,3,2.583,12412,113.872,PVLP.LO,4,2,2,"[AVLPL5, LO.PVLPL4] -> PVLP.LOL4 -> [LOL4, ME.LOL3]",AVLP,5,LO.PVLP,4,LO,4,ME.LO,3
796436340,mixed,mix->mix,mix,mix,2,1,1,109,3,2.981,10649,97.697,PVLP.LO,4,2,2,"[LO.PVLPL3, LO.PVLPL4] -> PVLP.LOL4 -> [LOL5, ME.LOL3]",LO.PVLP,3,LO.PVLP,4,LO,5,ME.LO,3
788823516,mixed,mix->mix,mix,mix,1,1,2,2282,4,1.02,21689,9.504,LO,3,2,2,"[LOL4, MEL3] -> LOL3 -> [LO.LOPL4, ME.LOL3]",LO,4,ME,3,LO.LOP,4,ME.LO,3
731613824,mixed,mix->mix,mix,mix,1,1,2,1160,29,1.0,12273,10.58,LO,4,2,2,"[LO.PLPL4, ME.LOL3] -> LOL4 -> [LOL3, LO.PVLPL4]",LO.PLP,4,ME.LO,3,LO,3,LO.PVLP,4
693210896,mixed,mix->mix,mix,mix,1,1,2,35,1,1.0,11197,319.914,PVLP.LO,3,2,2,"[LO.PVLPL3, LO.PVLPL4] -> PVLP.LOL3 -> [ME.LOL3, ME.LOL4]",LO.PVLP,3,LO.PVLP,4,ME.LO,3,ME.LO,4
677880580,mixed,mix->mix,mix,mix,1,1,2,109,4,2.684,10581,97.073,PVLP.LO,4,2,2,"[LO.PVLPL3, LO.PVLPL4] -> PVLP.LOL4 -> [ME.LOL3, PVLPL4]",LO.PVLP,3,LO.PVLP,4,ME.LO,3,PVLP,4
578350871,mixed,mix->mix,mix,mix,1,1,2,109,14,2.951,5020,46.055,PVLP.LO,4,2,2,"[LO.PVLPL3, LO.PVLPL4] -> PVLP.LOL4 -> [LOL3, LOL4]",LO.PVLP,3,LO.PVLP,4,LO,3,LO,4
512287686,mixed,mix->mix,mix,mix,1,1,2,1160,5,1.001,12147,10.472,LO,4,2,2,"[LO.SPSL4, ME.LOL3] -> LOL4 -> [LOL3, LO.PVLPL4]",LO.SPS,4,ME.LO,3,LO,3,LO.PVLP,4
505086630,mixed,mix->mix,mix,mix,1,2,1,109,4,2.758,10896,99.963,PVLP.LO,4,2,2,"[LO.PVLPL3, PVLP.AVLPL5] -> PVLP.LOL4 -> [LOL4, ME.LOL3]",LO.PVLP,3,PVLP.AVLP,5,LO,4,ME.LO,3
487910594,mixed,mix->mix,mix,mix,0,2,2,109,4,2.723,11062,101.486,PVLP.LO,4,2,2,"[LO.PVLPL4, PVLP.AVLPL5] -> PVLP.LOL4 -> [LOL4, ME.LOL3]",LO.PVLP,4,PVLP.AVLP,5,LO,4,ME.LO,3
474302192,mixed,mix->mix,mix,mix,1,1,2,35,1,1.0,10551,301.457,PVLP.LO,3,2,2,"[LO.PVLPL3, LO.PVLPL4] -> PVLP.LOL3 -> [ME.LOL3, PVLP.LOL4]",LO.PVLP,3,LO.PVLP,4,ME.LO,3,PVLP.LO,4
439996346,mixed,mix->mix,mix,mix,1,1,2,109,3,2.229,11521,105.697,PVLP.LO,4,2,2,"[AVLPL4, LO.PVLPL3] -> PVLP.LOL4 -> [LOL4, ME.LOL3]",AVLP,4,LO.PVLP,3,LO,4,ME.LO,3
438128100,mixed,mix->mix,mix,mix,1,1,2,2282,1,1.0,8853,3.879,LO,3,2,2,"[LOPL4, ME.LOPL3] -> LOL3 -> [LO.LOPL3, LO.LOPL4]",LOP,4,ME.LOP,3,LO.LOP,3,LO.LOP,4
435859510,mixed,mix->mix,mix,mix,1,1,2,2282,2,1.021,15499,6.792,LO,3,2,2,"[LO.LOPL4, ME.LOL3] -> LOL3 -> [LO.LOPL3, MEL4]",LO.LOP,4,ME.LO,3,LO.LOP,3,ME,4
420442132,mixed,mix->mix,mix,mix,1,1,2,2282,2,1.291,9476,4.152,LO,3,2,2,"[ME.LOPL3, ME.LOPL4] -> LOL3 -> [LO.LOPL3, MEL4]",ME.LOP,3,ME.LOP,4,LO.LOP,3,ME,4
418227056,mixed,mix->mix,mix,mix,1,1,2,35,1,1.0,11233,320.943,PVLP.LO,3,2,2,"[AVLPL4, LO.PVLPL3] -> PVLP.LOL3 -> [LO.PVLPL4, ME.LOL3]",AVLP,4,LO.PVLP,3,LO.PVLP,4,ME.LO,3
405131494,mixed,mix->mix,mix,mix,1,1,2,1160,104,1.01,11197,9.653,LO,4,2,2,"[ME.LOL3, ME.LOL4] -> LOL4 -> [LO.PVLPL3, LO.PVLPL4]",ME.LO,3,ME.LO,4,LO.PVLP,3,LO.PVLP,4
403177480,mixed,mix->mix,mix,mix,1,1,2,2282,2,1.014,15075,6.606,LO,3,2,2,"[LO.LOPL4, ME.LOL3] -> LOL3 -> [MEL4, ME.LOPL3]",LO.LOP,4,ME.LO,3,ME,4,ME.LOP,3
387392644,mixed,mix->mix,mix,mix,2,1,1,109,5,2.883,10608,97.321,PVLP.LO,4,2,2,"[LO.PVLPL3, LO.PVLPL4] -> PVLP.LOL4 -> [ME.LOL3, PVLP.AVLPL5]",LO.PVLP,3,LO.PVLP,4,ME.LO,3,PVLP.AVLP,5
386722356,mixed,mix->mix,mix,mix,1,1,2,2282,2,1.13,14682,6.434,LO,3,2,2,"[MEL4, ME.LOL3] -> LOL3 -> [LO.LOPL3, ME.LOPL4]",ME,4,ME.LO,3,LO.LOP,3,ME.LOP,4
386055744,mixed,mix->mix,mix,mix,1,1,2,35,1,1.0,10581,302.314,PVLP.LO,3,2,2,"[LO.PVLPL3, PVLPL4] -> PVLP.LOL3 -> [LO.PVLPL4, ME.LOL3]",LO.PVLP,3,PVLP,4,LO.PVLP,4,ME.LO,3
369680614,mixed,mix->mix,mix,mix,1,1,2,1160,150,1.0,12773,11.011,LO,4,2,2,"[LOL3, ME.LOL4] -> LOL4 -> [LO.PVLPL4, ME.LOL3]",LO,3,ME.LO,4,LO.PVLP,4,ME.LO,3
352132080,mixed,mix->mix,mix,mix,1,1,2,2282,2,1.091,14258,6.248,LO,3,2,2,"[MEL4, ME.LOL3] -> LOL3 -> [ME.LOPL3, ME.LOPL4]",ME,4,ME.LO,3,ME.LOP,3,ME.LOP,4
336376413,mixed,mix->mix,mix,mix,1,2,1,1160,77,1.003,10649,9.18,LO,4,2,2,"[LOL5, ME.LOL3] -> LOL4 -> [LO.PVLPL3, LO.PVLPL4]",LO,5,ME.LO,3,LO.PVLP,3,LO.PVLP,4
336102528,mixed,mix->mix,mix,mix,1,1,2,109,3,2.278,10512,96.44,PVLP.LO,4,2,2,"[LO.PVLPL3, PVLP.AVLPL4] -> PVLP.LOL4 -> [LO.PVLPL4, ME.LOL3]",LO.PVLP,3,PVLP.AVLP,4,LO.PVLP,4,ME.LO,3
331004610,mixed,mix->mix,mix,mix,1,1,2,109,3,2.704,13447,123.367,PVLP.LO,4,2,2,"[LO.PVLPL3, LO.PVLPL4] -> PVLP.LOL4 -> [LOL4, MEL3]",LO.PVLP,3,LO.PVLP,4,LO,4,ME,3
328895438,mixed,mix->mix,mix,mix,1,1,2,2282,3,1.01,16920,7.415,LO,3,2,2,"[LO.LOPL4, ME.LOPL3] -> LOL3 -> [MEL3, MEL4]",LO.LOP,4,ME.LOP,3,ME,3,ME,4
327062244,mixed,mix->mix,mix,mix,1,1,2,2282,14,1.016,15703,6.881,LO,3,2,2,"[MEL4, ME.LOL3] -> LOL3 -> [LOL4, LO.LOPL3]",ME,4,ME.LO,3,LO,4,LO.LOP,3
320194432,mixed,mix->mix,mix,mix,1,1,2,109,6,2.69,10869,99.716,PVLP.LO,4,2,2,"[LO.PVLPL3, PVLPL4] -> PVLP.LOL4 -> [LOL4, ME.LOL3]",LO.PVLP,3,PVLP,4,LO,4,ME.LO,3
319142032,mixed,mix->mix,mix,mix,1,1,2,2282,4,1.061,10497,4.6,LO,3,2,2,"[LOL4, ME.LOPL3] -> LOL3 -> [LO.LOPL3, MEL4]",LO,4,ME.LOP,3,LO.LOP,3,ME,4
309104250,mixed,mix->mix,mix,mix,2,0,2,1160,16,1.0,10720,9.241,LO,4,2,2,"[ME.LOL3, ME.LOL4] -> LOL4 -> [LO.AOTUL5, LO.PVLPL4]",ME.LO,3,ME.LO,4,LO.AOTU,5,LO.PVLP,4
308078117,mixed,mix->mix,mix,mix,1,2,1,1160,132,1.001,12225,10.539,LO,4,2,2,"[LOL3, LOL5] -> LOL4 -> [LO.PVLPL4, ME.LOL3]",LO,3,LO,5,LO.PVLP,4,ME.LO,3
307966416,mixed,mix->mix,mix,mix,1,1,2,2282,2,1.963,7988,3.5,LO,3,2,2,"[ME.LOPL3, PVLP.LOL4] -> LOL3 -> [LO.LOPL3, ME.LOPL4]",ME.LOP,3,PVLP.LO,4,LO.LOP,3,ME.LOP,4
304295592,mixed,mix->mix,mix,mix,1,1,2,109,3,2.591,10697,98.138,PVLP.LO,4,2,2,"[LO.PVLPL3, LO.PVLPL4] -> PVLP.LOL4 -> [LO.PLPL4, ME.LOL3]",LO.PVLP,3,LO.PVLP,4,LO.PLP,4,ME.LO,3
302742430,mixed,mix->mix,mix,mix,1,1,2,2282,18,1.011,15279,6.695,LO,3,2,2,"[MEL4, ME.LOL3] -> LOL3 -> [LOL4, ME.LOPL3]",ME,4,ME.LO,3,LO,4,ME.LOP,3
299604566,mixed,mix->mix,mix,mix,1,1,2,2282,8,1.006,22126,9.696,LO,3,2,2,"[MEL4, ME.LOL3] -> LOL3 -> [LO.LOPL4, MEL3]",ME,4,ME.LO,3,LO.LOP,4,ME,3
295822396,mixed,mix->mix,mix,mix,1,1,2,2282,2,1.034,14245,6.242,LO,3,2,2,"[ME.LOL3, ME.LOPL4] -> LOL3 -> [LOL4, LO.LOPL3]",ME.LO,3,ME.LOP,4,LO,4,LO.LOP,3
292796062,mixed,mix->mix,mix,mix,1,2,1,1160,4,1.001,12143,10.468,LO,4,2,2,"[LO.SPSL5, ME.LOL3] -> LOL4 -> [LOL3, LO.PVLPL4]",LO.SPS,5,ME.LO,3,LO,3,LO.PVLP,4
292360272,mixed,mix->mix,mix,mix,1,1,2,2282,2,1.009,20668,9.057,LO,3,2,2,"[LO.LOPL4, ME.LOL3] -> LOL3 -> [MEL3, ME.LOPL4]",LO.LOP,4,ME.LO,3,ME,3,ME.LOP,4
283858512,mixed,mix->mix,mix,mix,1,1,2,2282,2,1.062,16103,7.057,LO,3,2,2,"[MEL4, ME.LOPL3] -> LOL3 -> [MEL3, ME.LOPL4]",ME,4,ME.LOP,3,ME,3,ME.LOP,4
283269528,mixed,mix->mix,mix,mix,1,1,2,2282,2,1.057,14245,6.242,LO,3,2,2,"[LOL4, ME.LOL3] -> LOL3 -> [LO.LOPL3, ME.LOPL4]",LO,4,ME.LO,3,LO.LOP,3,ME.LOP,4
279331984,mixed,mix->mix,mix,mix,1,2,1,109,4,2.977,5376,49.321,PVLP.LO,4,2,2,"[AVLPL5, LO.PVLPL3] -> PVLP.LOL4 -> [LOL3, LO.PVLPL4]",AVLP,5,LO.PVLP,3,LO,3,LO.PVLP,4
273102160,mixed,mix->mix,mix,mix,1,1,2,2282,2,1.024,13821,6.057,LO,3,2,2,"[ME.LOL3, ME.LOPL4] -> LOL3 -> [LOL4, ME.LOPL3]",ME.LO,3,ME.LOP,4,LO,4,ME.LOP,3
269589072,mixed,mix->mix,mix,mix,1,1,2,2282,2,1.014,20668,9.057,LO,3,2,2,"[ME.LOL3, ME.LOPL4] -> LOL3 -> [LO.LOPL4, MEL3]",ME.LO,3,ME.LOP,4,LO.LOP,4,ME,3
268755202,mixed,mix->mix,mix,mix,1,1,2,1160,13,1.0,10697,9.222,LO,4,2,2,"[LO.PLPL4, ME.LOL3] -> LOL4 -> [LO.PVLPL3, LO.PVLPL4]",LO.PLP,4,ME.LO,3,LO.PVLP,3,LO.PVLP,4
265232396,mixed,mix->mix,mix,mix,1,1,2,2282,3,1.014,15075,6.606,LO,3,2,2,"[LO.LOPL4, ME.LOPL3] -> LOL3 -> [MEL4, ME.LOL3]",LO.LOP,4,ME.LOP,3,ME,4,ME.LO,3
264416627,mixed,mix->mix,mix,mix,2,0,2,1160,32,1.001,10607,9.144,LO,4,2,2,"[ME.LOL3, ME.LOL4] -> LOL4 -> [LO.PVLPL4, LO.PVLPL5]",ME.LO,3,ME.LO,4,LO.PVLP,4,LO.PVLP,5
260608800,mixed,mix->mix,mix,mix,1,1,2,2282,2,1.04,13821,6.057,LO,3,2,2,"[LOL4, ME.LOL3] -> LOL3 -> [ME.LOPL3, ME.LOPL4]",LO,4,ME.LO,3,ME.LOP,3,ME.LOP,4
260309938,mixed,mix->mix,mix,mix,1,1,2,2282,3,1.001,21689,9.504,LO,3,2,2,"[LO.LOPL4, ME.LOL3] -> LOL3 -> [LOL4, MEL3]",LO.LOP,4,ME.LO,3,LO,4,ME,3
259824720,mixed,mix->mix,mix,mix,1,1,2,2282,2,1.253,9476,4.152,LO,3,2,2,"[LO.LOPL3, ME.LOPL4] -> LOL3 -> [MEL4, ME.LOPL3]",LO.LOP,3,ME.LOP,4,ME,4,ME.LOP,3
257557336,mixed,mix->mix,mix,mix,2,1,1,1160,16,1.0,10172,8.769,LO,4,2,2,"[LOL5, ME.LOL3] -> LOL4 -> [LO.AOTUL5, LO.PVLPL4]",LO,5,ME.LO,3,LO.AOTU,5,LO.PVLP,4
255393488,mixed,mix->mix,mix,mix,1,1,2,35,1,1.0,10697,305.629,PVLP.LO,3,2,2,"[LO.PVLPL3, LO.PVLPL4] -> PVLP.LOL3 -> [LO.PLPL4, ME.LOL3]",LO.PVLP,3,LO.PVLP,4,LO.PLP,4,ME.LO,3
248892259,mixed,mix->mix,mix,mix,1,1,2,35,4,1.0,5020,143.429,PVLP.LO,3,2,2,"[LO.PVLPL3, LO.PVLPL4] -> PVLP.LOL3 -> [LOL3, LOL4]",LO.PVLP,3,LO.PVLP,4,LO,3,LO,4
248479870,mixed,mix->mix,mix,mix,1,2,1,109,6,2.985,10887,99.881,PVLP.LO,4,2,2,"[LO.PVLPL3, PVLPL5] -> PVLP.LOL4 -> [LOL4, ME.LOL3]",LO.PVLP,3,PVLP,5,LO,4,ME.LO,3
247083084,mixed,mix->mix,mix,mix,1,1,2,2282,10,1.007,17124,7.504,LO,3,2,2,"[MEL4, ME.LOPL3] -> LOL3 -> [LOL4, MEL3]",ME,4,ME.LOP,3,LO,4,ME,3
246398976,mixed,mix->mix,mix,mix,1,1,2,1160,22,1.0,12273,10.58,LO,4,2,2,"[LOL3, LO.PLPL4] -> LOL4 -> [LO.PVLPL4, ME.LOL3]",LO,3,LO.PLP,4,LO.PVLP,4,ME.LO,3
243370848,mixed,mix->mix,mix,mix,1,2,1,109,3,2.875,11841,108.633,PVLP.LO,4,2,2,"[AVLPL5, LO.PVLPL3] -> PVLP.LOL4 -> [ME.LOL3, ME.LOL4]",AVLP,5,LO.PVLP,3,ME.LO,3,ME.LO,4
238394532,mixed,mix->mix,mix,mix,0,2,2,109,6,2.962,11053,101.404,PVLP.LO,4,2,2,"[LO.PVLPL4, PVLPL5] -> PVLP.LOL4 -> [LOL4, ME.LOL3]",LO.PVLP,4,PVLP,5,LO,4,ME.LO,3
238161600,mixed,mix->mix,mix,mix,1,1,2,2282,1,1.0,8853,3.879,LO,3,2,2,"[LO.LOPL3, LOPL4] -> LOL3 -> [LO.LOPL4, ME.LOPL3]",LO.LOP,3,LOP,4,LO.LOP,4,ME.LOP,3
235263148,mixed,mix->mix,mix,mix,0,2,2,109,3,2.822,12007,110.156,PVLP.LO,4,2,2,"[AVLPL5, LO.PVLPL4] -> PVLP.LOL4 -> [ME.LOL3, ME.LOL4]",AVLP,5,LO.PVLP,4,ME.LO,3,ME.LO,4
232288995,mixed,mix->mix,mix,mix,2,1,1,1160,42,1.0,12130,10.457,LO,4,2,2,"[ME.LOL3, ME.LOL4] -> LOL4 -> [LOL3, LO.AOTUL5]",ME.LO,3,ME.LO,4,LO,3,LO.AOTU,5
231489696,mixed,mix->mix,mix,mix,1,1,2,2282,2,1.089,14258,6.248,LO,3,2,2,"[MEL4, ME.LOPL3] -> LOL3 -> [ME.LOL3, ME.LOPL4]",ME,4,ME.LOP,3,ME.LO,3,ME.LOP,4
226878364,mixed,mix->mix,mix,mix,1,1,2,2282,3,1.003,21689,9.504,LO,3,2,2,"[LOL4, ME.LOL3] -> LOL3 -> [LO.LOPL4, MEL3]",LO,4,ME.LO,3,LO.LOP,4,ME,3
223230036,mixed,mix->mix,mix,mix,1,1,2,2282,2,1.012,17344,7.6,LO,3,2,2,"[LO.LOPL3, LO.LOPL4] -> LOL3 -> [MEL3, MEL4]",LO.LOP,3,LO.LOP,4,ME,3,ME,4
222458320,mixed,mix->mix,mix,mix,1,1,2,2282,2,1.016,15666,6.865,LO,3,2,2,"[ME.LOPL3, ME.LOPL4] -> LOL3 -> [LOL4, MEL3]",ME.LOP,3,ME.LOP,4,LO,4,ME,3
220232903,mixed,mix->mix,mix,mix,2,1,1,1160,23,1.0,10059,8.672,LO,4,2,2,"[LOL5, ME.LOL3] -> LOL4 -> [LO.PVLPL4, LO.PVLPL5]",LO,5,ME.LO,3,LO.PVLP,4,LO.PVLP,5
218908704,mixed,mix->mix,mix,mix,1,1,2,35,1,1.0,10581,302.314,PVLP.LO,3,2,2,"[LO.PVLPL3, LO.PVLPL4] -> PVLP.LOL3 -> [ME.LOL3, PVLPL4]",LO.PVLP,3,LO.PVLP,4,ME.LO,3,PVLP,4
217918418,mixed,mix->mix,mix,mix,1,1,2,1160,100,1.005,4615,3.978,LO,4,2,2,"[LOL3, ME.LOL4] -> LOL4 -> [LO.PVLPL3, LO.PVLPL4]",LO,3,ME.LO,4,LO.PVLP,3,LO.PVLP,4
212050736,mixed,mix->mix,mix,mix,1,1,2,2282,2,1.0,15904,6.969,LO,3,2,2,"[LOPL4, MEL3] -> LOL3 -> [LO.LOPL3, LO.LOPL4]",LOP,4,ME,3,LO.LOP,3,LO.LOP,4
211818002,mixed,mix->mix,mix,mix,1,1,2,109,5,2.977,10949,100.45,PVLP.LO,4,2,2,"[LO.PVLPL4, PVLPL3] -> PVLP.LOL4 -> [LOL4, ME.LOL3]",LO.PVLP,4,PVLP,3,LO,4,ME.LO,3
211731312,mixed,mix->mix,mix,mix,1,1,2,2282,2,1.027,15666,6.865,LO,3,2,2,"[LOL4, ME.LOPL3] -> LOL3 -> [MEL3, ME.LOPL4]",LO,4,ME.LOP,3,ME,3,ME.LOP,4
211601556,mixed,mix->mix,mix,mix,2,1,1,109,5,2.567,10599,97.239,PVLP.LO,4,2,2,"[LO.PVLPL3, LO.PVLPL4] -> PVLP.LOL4 -> [ME.LOL3, PVLPL5]",LO.PVLP,3,LO.PVLP,4,ME.LO,3,PVLP,5
207894480,mixed,mix->mix,mix,mix,1,1,2,109,3,2.873,10498,96.312,PVLP.LO,4,2,2,"[LO.AVLPL4, LO.PVLPL3] -> PVLP.LOL4 -> [LO.PVLPL4, ME.LOL3]",LO.AVLP,4,LO.PVLP,3,LO.PVLP,4,ME.LO,3
206045340,mixed,mix->mix,mix,mix,2,0,2,1160,4,1.0,10220,8.81,LO,4,2,2,"[LO.PLPL4, ME.LOL3] -> LOL4 -> [LO.AOTUL5, LO.PVLPL4]",LO.PLP,4,ME.LO,3,LO.AOTU,5,LO.PVLP,4
199947120,mixed,mix->mix,mix,mix,1,1,2,2282,2,1.053,10497,4.6,LO,3,2,2,"[LOL4, LO.LOPL3] -> LOL3 -> [MEL4, ME.LOPL3]",LO,4,LO.LOP,3,ME,4,ME.LOP,3
199156999,mixed,mix->mix,mix,mix,1,1,2,2282,9,1.011,15279,6.695,LO,3,2,2,"[MEL4, ME.LOPL3] -> LOL3 -> [LOL4, ME.LOL3]",ME,4,ME.LOP,3,LO,4,ME.LO,3
198648423,mixed,mix->mix,mix,mix,2,1,1,1160,40,1.0,12017,10.359,LO,4,2,2,"[ME.LOL3, ME.LOL4] -> LOL4 -> [LOL3, LO.PVLPL5]",ME.LO,3,ME.LO,4,LO,3,LO.PVLP,5
196565580,mixed,mix->mix,mix,mix,1,1,2,2282,1,1.0,9568,4.193,LO,3,2,2,"[LO.LOPL4, ME.LOPL3] -> LOL3 -> [LO.LOPL3, LO.PVLPL4]",LO.LOP,4,ME.LOP,3,LO.LOP,3,LO.PVLP,4
193828752,mixed,mix->mix,mix,mix,1,1,2,2282,2,1.076,16527,7.242,LO,3,2,2,"[LO.LOPL3, MEL4] -> LOL3 -> [MEL3, ME.LOPL4]",LO.LOP,3,ME,4,ME,3,ME.LOP,4
193572541,mixed,mix->mix,mix,mix,2,2,0,1160,64,1.0,11582,9.984,LO,4,2,2,"[LOL5, ME.LOL3] -> LOL4 -> [LOL3, LO.AOTUL5]",LO,5,ME.LO,3,LO,3,LO.AOTU,5
188437630,mixed,mix->mix,mix,mix,1,1,2,1160,2,1.003,10571,9.113,LO,4,2,2,"[LO.SPSL4, ME.LOL3] -> LOL4 -> [LO.PVLPL3, LO.PVLPL4]",LO.SPS,4,ME.LO,3,LO.PVLP,3,LO.PVLP,4
188250820,mixed,mix->mix,mix,mix,0,2,2,109,3,2.528,12043,110.486,PVLP.LO,4,2,2,"[AVLPL4, AVLPL5] -> PVLP.LOL4 -> [LO.PVLPL4, ME.LOL3]",AVLP,4,AVLP,5,LO.PVLP,4,ME.LO,3
185192092,mixed,mix->mix,mix,mix,1,1,2,1160,95,1.0,12156,10.479,LO,4,2,2,"[ME.LOL3, ME.LOL4] -> LOL4 -> [LOL3, LO.PLPL4]",ME.LO,3,ME.LO,4,LO,3,LO.PLP,4
182904099,mixed,mix->mix,mix,mix,1,2,1,1160,17,1.0,12069,10.404,LO,4,2,2,"[LO.PLPL5, ME.LOL3] -> LOL4 -> [LOL3, LO.PVLPL4]",LO.PLP,5,ME.LO,3,LO,3,LO.PVLP,4
181206638,mixed,mix->mix,mix,mix,1,2,1,1160,77,1.0,4067,3.506,LO,4,2,2,"[LOL3, LOL5] -> LOL4 -> [LO.PVLPL3, LO.PVLPL4]",LO,3,LO,5,LO.PVLP,3,LO.PVLP,4
180113892,mixed,mix->mix,mix,mix,1,1,2,2282,2,1.017,15499,6.792,LO,3,2,2,"[LO.LOPL3, LO.LOPL4] -> LOL3 -> [MEL4, ME.LOL3]",LO.LOP,3,LO.LOP,4,ME,4,ME.LO,3
179646032,mixed,mix->mix,mix,mix,1,1,2,2282,2,1.023,13821,6.057,LO,3,2,2,"[ME.LOPL3, ME.LOPL4] -> LOL3 -> [LOL4, ME.LOL3]",ME.LOP,3,ME.LOP,4,LO,4,ME.LO,3
178749360,mixed,mix->mix,mix,mix,1,1,2,2282,2,1.991,7988,3.5,LO,3,2,2,"[LO.LOPL3, PVLP.LOL4] -> LOL3 -> [ME.LOPL3, ME.LOPL4]",LO.LOP,3,PVLP.LO,4,ME.LOP,3,ME.LOP,4
177813036,mixed,mix->mix,mix,mix,1,1,2,109,3,2.949,4615,42.339,PVLP.LO,4,2,2,"[LO.PVLPL3, LO.PVLPL4] -> PVLP.LOL4 -> [LOL3, ME.LOL4]",LO.PVLP,3,LO.PVLP,4,LO,3,ME.LO,4
177373547,mixed,mix->mix,mix,mix,1,2,1,109,8,2.861,4026,36.936,PVLP.LO,4,2,2,"[LO.PVLPL3, PVLP.AVLPL5] -> PVLP.LOL4 -> [LOL3, LO.PVLPL4]",LO.PVLP,3,PVLP.AVLP,5,LO,3,LO.PVLP,4
176183655,mixed,mix->mix,mix,mix,2,0,2,1160,5,1.0,10107,8.713,LO,4,2,2,"[LO.PLPL4, ME.LOL3] -> LOL4 -> [LO.PVLPL4, LO.PVLPL5]",LO.PLP,4,ME.LO,3,LO.PVLP,4,LO.PVLP,5
174184552,mixed,mix->mix,mix,mix,1,1,2,2282,2,1.346,16527,7.242,LO,3,2,2,"[MEL3, ME.LOPL4] -> LOL3 -> [LO.LOPL3, MEL4]",ME,3,ME.LOP,4,LO.LOP,3,ME,4
172485845,mixed,mix->mix,mix,mix,1,1,2,1160,3,1.0,12147,10.472,LO,4,2,2,"[LOL3, LO.SPSL4] -> LOL4 -> [LO.PVLPL4, ME.LOL3]",LO,3,LO.SPS,4,LO.PVLP,4,ME.LO,3
172158348,mixed,mix->mix,mix,mix,1,1,2,109,3,2.319,10498,96.312,PVLP.LO,4,2,2,"[LO.PVLPL3, LO.PVLPL4] -> PVLP.LOL4 -> [LO.AVLPL4, ME.LOL3]",LO.PVLP,3,LO.PVLP,4,LO.AVLP,4,ME.LO,3
171401640,mixed,mix->mix,mix,mix,1,1,2,2282,2,1.039,13821,6.057,LO,3,2,2,"[LOL4, ME.LOPL3] -> LOL3 -> [ME.LOL3, ME.LOPL4]",LO,4,ME.LOP,3,ME.LO,3,ME.LOP,4
168351386,mixed,mix->mix,mix,mix,1,1,2,1160,155,1.0,12030,10.371,LO,4,2,2,"[ME.LOL3, ME.LOL4] -> LOL4 -> [LOL3, LO.SPSL4]",ME.LO,3,ME.LO,4,LO,3,LO.SPS,4
167656681,mixed,mix->mix,mix,mix,1,1,2,2282,9,1.009,17548,7.69,LO,3,2,2,"[LO.LOPL3, MEL4] -> LOL3 -> [LOL4, MEL3]",LO.LOP,3,ME,4,LO,4,ME,3
166696445,mixed,mix->mix,mix,mix,2,0,2,1160,15,1.0,4138,3.567,LO,4,2,2,"[LOL3, ME.LOL4] -> LOL4 -> [LO.AOTUL5, LO.PVLPL4]",LO,3,ME.LO,4,LO.AOTU,5,LO.PVLP,4
165515655,mixed,mix->mix,mix,mix,2,2,0,1160,35,1.0,11469,9.887,LO,4,2,2,"[LOL5, ME.LOL3] -> LOL4 -> [LOL3, LO.PVLPL5]",LO,5,ME.LO,3,LO,3,LO.PVLP,5
163734663,mixed,mix->mix,mix,mix,1,1,2,2282,3,1.27,14011,6.14,LO,3,2,2,"[ME.LOL3, PVLP.LOL4] -> LOL3 -> [LO.LOPL3, LO.LOPL4]",ME.LO,3,PVLP.LO,4,LO.LOP,3,LO.LOP,4
158557860,mixed,mix->mix,mix,mix,1,1,2,2282,2,1.111,14682,6.434,LO,3,2,2,"[LO.LOPL3, MEL4] -> LOL3 -> [ME.LOL3, ME.LOPL4]",LO.LOP,3,ME,4,ME.LO,3,ME.LOP,4
154850508,mixed,mix->mix,mix,mix,2,1,1,1160,7,1.0,11630,10.026,LO,4,2,2,"[LO.PLPL4, ME.LOL3] -> LOL4 -> [LOL3, LO.AOTUL5]",LO.PLP,4,ME.LO,3,LO,3,LO.AOTU,5
154319560,mixed,mix->mix,mix,mix,1,2,1,1160,119,1.0,11608,10.007,LO,4,2,2,"[LOL5, ME.LOL3] -> LOL4 -> [LOL3, LO.PLPL4]",LO,5,ME.LO,3,LO,3,LO.PLP,4
154186160,mixed,mix->mix,mix,mix,1,1,2,2282,2,1.244,16103,7.057,LO,3,2,2,"[MEL3, ME.LOPL4] -> LOL3 -> [MEL4, ME.LOPL3]",ME,3,ME.LOP,4,ME,4,ME.LOP,3
152382276,mixed,mix->mix,mix,mix,1,2,1,109,3,2.924,13803,126.633,PVLP.LO,4,2,2,"[AVLPL5, LO.PVLPL3] -> PVLP.LOL4 -> [LO.PVLPL4, MEL3]",AVLP,5,LO.PVLP,3,LO.PVLP,4,ME,3
152346755,mixed,mix->mix,mix,mix,1,1,2,1160,82,1.001,10707,9.23,LO,4,2,2,"[ME.LOL3, ME.LOL4] -> LOL4 -> [LO.PLPL3, LO.PVLPL4]",ME.LO,3,ME.LO,4,LO.PLP,3,LO.PVLP,4
152327063,mixed,mix->mix,mix,mix,2,0,2,1160,88,1.0,10616,9.152,LO,4,2,2,"[ME.LOL3, ME.LOL4] -> LOL4 -> [LO.PVLPL4, LO.SPSL5]",ME.LO,3,ME.LO,4,LO.PVLP,4,LO.SPS,5
152034708,mixed,mix->mix,mix,mix,2,1,1,109,2,1.527,11958,109.706,PVLP.LO,4,2,2,"[LO.PVLPL3, LO.PVLPL4] -> PVLP.LOL4 -> [AVLPL5, ME.LOL3]",LO.PVLP,3,LO.PVLP,4,AVLP,5,ME.LO,3
152034708,mixed,mix->mix,mix,mix,2,1,1,109,2,1.527,10446,95.835,PVLP.LO,4,2,2,"[LO.PVLPL3, LO.PVLPL4] -> PVLP.LOL4 -> [ME.LOL3, PVLP.LOL5]",LO.PVLP,3,LO.PVLP,4,ME.LO,3,PVLP.LO,5
151100688,mixed,mix->mix,mix,mix,1,1,2,2282,2,1.02,16090,7.051,LO,3,2,2,"[LO.LOPL3, ME.LOPL4] -> LOL3 -> [LOL4, MEL3]",LO.LOP,3,ME.LOP,4,LO,4,ME,3
149929380,mixed,mix->mix,mix,mix,2,1,1,109,2,1.499,10473,96.083,PVLP.LO,4,2,2,"[LO.PVLPL3, LO.PVLPL4] -> PVLP.LOL4 -> [ME.LOL3, ME.LOL5]",LO.PVLP,3,LO.PVLP,4,ME.LO,3,ME.LO,5
1720096704,mixed,mix->FF,mix,FF,2,1,1,2282,2,1.107,6350,2.783,LO,3,2,2,"[MEL4, ME.LOPL3] -> LOL3 -> [LO.LOPL4, ME.LOPL4]",ME,4,ME.LOP,3,LO.LOP,4,ME.LOP,4
1469112036,mixed,mix->FF,mix,FF,2,1,1,2282,2,1.013,7371,3.23,LO,3,2,2,"[MEL4, ME.LOPL3] -> LOL3 -> [LOL4, LO.LOPL4]",ME,4,ME.LOP,3,LO,4,LO.LOP,4
1435523808,mixed,mix->FF,mix,FF,2,1,1,2282,2,1.018,5913,2.591,LO,3,2,2,"[LO.LOPL4, ME.LOPL3] -> LOL3 -> [LOL4, ME.LOPL4]",LO.LOP,4,ME.LOP,3,LO,4,ME.LOP,4
1326755184,mixed,mix->FF,mix,FF,2,1,1,2282,2,1.028,5913,2.591,LO,3,2,2,"[ME.LOPL3, ME.LOPL4] -> LOL3 -> [LOL4, LO.LOPL4]",ME.LOP,3,ME.LOP,4,LO,4,LO.LOP,4
1267801992,mixed,mix->FF,mix,FF,2,1,1,2282,2,1.047,5913,2.591,LO,3,2,2,"[LOL4, ME.LOPL3] -> LOL3 -> [LO.LOPL4, ME.LOPL4]",LO,4,ME.LOP,3,LO.LOP,4,ME.LOP,4
1180410372,mixed,mix->FF,mix,FF,2,1,1,2282,2,1.132,6774,2.968,LO,3,2,2,"[LO.LOPL3, MEL4] -> LOL3 -> [LO.LOPL4, ME.LOPL4]",LO.LOP,3,ME,4,LO.LOP,4,ME.LOP,4
997509454,mixed,mix->FF,mix,FF,2,1,1,2282,6,1.016,7795,3.416,LO,3,2,2,"[LO.LOPL3, MEL4] -> LOL3 -> [LOL4, LO.LOPL4]",LO.LOP,3,ME,4,LO,4,LO.LOP,4
975330996,mixed,mix->FF,mix,FF,2,1,1,2282,2,1.023,6337,2.777,LO,3,2,2,"[LO.LOPL3, LO.LOPL4] -> LOL3 -> [LOL4, ME.LOPL4]",LO.LOP,3,LO.LOP,4,LO,4,ME.LOP,4
902417052,mixed,mix->FF,mix,FF,2,1,1,2282,2,1.034,6337,2.777,LO,3,2,2,"[LO.LOPL3, ME.LOPL4] -> LOL3 -> [LOL4, LO.LOPL4]",LO.LOP,3,ME.LOP,4,LO,4,LO.LOP,4
864253536,mixed,mix->FF,mix,FF,2,1,1,2282,2,1.058,6337,2.777,LO,3,2,2,"[LOL4, LO.LOPL3] -> LOL3 -> [LO.LOPL4, ME.LOPL4]",LO,4,LO.LOP,3,LO.LOP,4,ME.LOP,4
701757564,mixed,mix->FF,mix,FF,2,1,1,2282,2,1.128,13401,5.872,LO,3,2,2,"[MEL3, MEL4] -> LOL3 -> [LO.LOPL4, ME.LOPL4]",ME,3,ME,4,LO.LOP,4,ME.LOP,4
594151003,mixed,mix->FF,mix,FF,2,1,1,2282,4,1.015,14422,6.32,LO,3,2,2,"[MEL3, MEL4] -> LOL3 -> [LOL4, LO.LOPL4]",ME,3,ME,4,LO,4,LO.LOP,4
580873676,mixed,mix->FF,mix,FF,2,1,1,2282,2,1.022,12964,5.681,LO,3,2,2,"[LO.LOPL4, MEL3] -> LOL3 -> [LOL4, ME.LOPL4]",LO.LOP,4,ME,3,LO,4,ME.LOP,4
537343204,mixed,mix->FF,mix,FF,2,1,1,2282,2,1.033,12964,5.681,LO,3,2,2,"[MEL3, ME.LOPL4] -> LOL3 -> [LOL4, LO.LOPL4]",ME,3,ME.LOP,4,LO,4,LO.LOP,4
514412192,mixed,mix->FF,mix,FF,2,1,1,2282,2,1.056,12964,5.681,LO,3,2,2,"[LOL4, MEL3] -> LOL3 -> [LO.LOPL4, ME.LOPL4]",LO,4,ME,3,LO.LOP,4,ME.LOP,4
172030002,mixed,mix->FF,mix,FF,2,1,1,2282,2,1.039,6350,2.783,LO,3,2,2,"[LO.LOPL4, ME.LOPL3] -> LOL3 -> [MEL4, ME.LOPL4]",LO.LOP,4,ME.LOP,3,ME,4,ME.LOP,4
159785922,mixed,mix->FF,mix,FF,2,1,1,2282,2,1.058,6350,2.783,LO,3,2,2,"[ME.LOPL3, ME.LOPL4] -> LOL3 -> [LO.LOPL4, MEL4]",ME.LOP,3,ME.LOP,4,LO.LOP,4,ME,4
155960316,mixed,mix->FF,mix,FF,2,1,1,2282,2,1.026,11556,5.064,LO,3,2,2,"[MEL4, ME.LOL3] -> LOL3 -> [LO.LOPL4, ME.LOPL4]",ME,4,ME.LO,3,LO.LOP,4,ME.LOP,4
151221504,mixed,mix->FF,mix,FF,2,1,1,2282,3,1.005,7371,3.23,LO,3,2,2,"[LO.LOPL4, ME.LOPL3] -> LOL3 -> [LOL4, MEL4]",LO.LOP,4,ME.LOP,3,LO,4,ME,4
137869923,mixed,mix->FF,mix,FF,2,1,1,2282,3,1.003,12577,5.511,LO,3,2,2,"[MEL4, ME.LOL3] -> LOL3 -> [LOL4, LO.LOPL4]",ME,4,ME.LO,3,LO,4,LO.LOP,4
134443116,mixed,mix->FF,mix,FF,2,1,1,2282,2,1.004,11119,4.872,LO,3,2,2,"[LO.LOPL4, ME.LOL3] -> LOL3 -> [LOL4, ME.LOPL4]",LO.LOP,4,ME.LO,3,LO,4,ME.LOP,4
132165744,mixed,mix->FF,mix,FF,2,1,1,2282,2,1.012,7371,3.23,LO,3,2,2,"[LOL4, ME.LOPL3] -> LOL3 -> [LO.LOPL4, MEL4]",LO,4,ME.LOP,3,LO.LOP,4,ME,4
128814936,mixed,mix->FF,mix,FF,2,1,1,2282,2,1.03,6554,2.872,LO,3,2,2,"[MEL4, ME.LOPL3] -> LOL3 -> [LOL4, ME.LOPL4]",ME,4,ME.LOP,3,LO,4,ME.LOP,4
123824916,mixed,mix->FF,mix,FF,2,1,1,2282,2,1.007,11119,4.872,LO,3,2,2,"[ME.LOL3, ME.LOPL4] -> LOL3 -> [LOL4, LO.LOPL4]",ME.LO,3,ME.LOP,4,LO,4,LO.LOP,4
117476328,mixed,mix->FF,mix,FF,2,1,1,2282,2,1.011,11119,4.872,LO,3,2,2,"[LOL4, ME.LOL3] -> LOL3 -> [LO.LOPL4, ME.LOPL4]",LO,4,ME.LO,3,LO.LOP,4,ME.LOP,4
117159774,mixed,mix->FF,mix,FF,2,1,1,2282,2,1.048,6774,2.968,LO,3,2,2,"[LO.LOPL3, LO.LOPL4] -> LOL3 -> [MEL4, ME.LOPL4]",LO.LOP,3,LO.LOP,4,ME,4,ME.LOP,4
109065126,mixed,mix->FF,mix,FF,2,1,1,2282,2,1.072,6774,2.968,LO,3,2,2,"[LO.LOPL3, ME.LOPL4] -> LOL3 -> [LO.LOPL4, MEL4]",LO.LOP,3,ME.LOP,4,LO.LOP,4,ME,4
102576450,mixed,mix->FF,mix,FF,2,1,1,2282,3,1.006,7795,3.416,LO,3,2,2,"[LO.LOPL3, LO.LOPL4] -> LOL3 -> [LOL4, MEL4]",LO.LOP,3,LO.LOP,4,LO,4,ME,4
89728692,mixed,mix->FF,mix,FF,2,1,1,2282,2,1.015,7795,3.416,LO,3,2,2,"[LOL4, LO.LOPL3] -> LOL3 -> [LO.LOPL4, MEL4]",LO,4,LO.LOP,3,LO.LOP,4,ME,4
87637356,mixed,mix->FF,mix,FF,2,1,1,2282,2,1.037,6978,3.058,LO,3,2,2,"[LO.LOPL3, MEL4] -> LOL3 -> [LOL4, ME.LOPL4]",LO.LOP,3,ME,4,LO,4,ME.LOP,4
70844436,mixed,mix->FF,mix,FF,2,1,1,2282,2,1.484,4862,2.131,LO,3,2,2,"[ME.LOPL3, PVLP.LOL4] -> LOL3 -> [LO.LOPL4, ME.LOPL4]",ME.LOP,3,PVLP.LO,4,LO.LOP,4,ME.LOP,4
69746594,mixed,mix->FF,mix,FF,2,1,1,2282,2,1.046,13401,5.872,LO,3,2,2,"[LO.LOPL4, MEL3] -> LOL3 -> [MEL4, ME.LOPL4]",LO.LOP,4,ME,3,ME,4,ME.LOP,4
64901722,mixed,mix->FF,mix,FF,2,1,1,2282,2,1.07,13401,5.872,LO,3,2,2,"[MEL3, ME.LOPL4] -> LOL3 -> [LO.LOPL4, MEL4]",ME,3,ME.LOP,4,LO.LOP,4,ME,4
61108798,mixed,mix->FF,mix,FF,2,1,1,2282,2,1.006,14422,6.32,LO,3,2,2,"[LO.LOPL4, MEL3] -> LOL3 -> [LOL4, MEL4]",LO.LOP,4,ME,3,LO,4,ME,4
55937460,mixed,mix->FF,mix,FF,3,0,1,1160,3,1.0,9964,8.59,LO,4,2,2,"[ME.LOL3, ME.LOL4] -> LOL4 -> [LO.AOTUL5, LO.PVLPL5]",ME.LO,3,ME.LO,4,LO.AOTU,5,LO.PVLP,5
53446746,mixed,mix->FF,mix,FF,2,1,1,2282,4,1.014,14422,6.32,LO,3,2,2,"[LOL4, MEL3] -> LOL3 -> [LO.LOPL4, MEL4]",LO,4,ME,3,LO.LOP,4,ME,4
52181268,mixed,mix->FF,mix,FF,2,1,1,2282,2,1.036,13605,5.962,LO,3,2,2,"[MEL3, MEL4] -> LOL3 -> [LOL4, ME.LOPL4]",ME,3,ME,4,LO,4,ME.LOP,4
52034095,mixed,mix->FF,mix,FF,3,0,1,56,8,1.988,11418,203.893,LO.AVLP,4,2,2,"[LO.PVLPL4, ME.LOL3] -> LO.AVLPL4 -> [AVLPL5, PVLP.AVLPL5]",LO.PVLP,4,ME.LO,3,AVLP,5,PVLP.AVLP,5
51905604,mixed,mix->FF,mix,FF,2,1,1,2282,2,1.062,5883,2.578,LO,3,2,2,"[ME.LOPL3, PVLP.LOL4] -> LOL3 -> [LOL4, LO.LOPL4]",ME.LOP,3,PVLP.LO,4,LO,4,LO.LOP,4
50410488,mixed,mix->FF,mix,FF,2,1,1,2282,2,1.581,5286,2.316,LO,3,2,2,"[LO.LOPL3, PVLP.LOL4] -> LOL3 -> [LO.LOPL4, ME.LOPL4]",LO.LOP,3,PVLP.LO,4,LO.LOP,4,ME.LOP,4
46612950,mixed,mix->FF,mix,FF,3,1,0,1160,1,1.0,9416,8.117,LO,4,2,2,"[LOL5, ME.LOL3] -> LOL4 -> [LO.AOTUL5, LO.PVLPL5]",LO,5,ME.LO,3,LO.AOTU,5,LO.PVLP,5
42392848,mixed,mix->FF,mix,FF,2,1,1,2282,148,2.675,11651,5.106,LO,3,2,2,"[ME.LOL3, ME.LOL4] -> LOL3 -> [LOL4, LO.PVLPL4]",ME.LO,3,ME.LO,4,LO,4,LO.PVLP,4
41482035,mixed,mix->FF,mix,FF,2,1,1,35,1,1.0,3493,99.8,PVLP.LO,3,2,2,"[LO.PVLPL3, LO.PVLPL4] -> PVLP.LOL3 -> [LOL4, ME.LOL4]",LO.PVLP,3,LO.PVLP,4,LO,4,ME.LO,4
37490888,mixed,mix->FF,mix,FF,3,0,1,56,27,1.737,11706,209.036,LO.AVLP,4,2,2,"[LOL4, ME.LOL3] -> LO.AVLPL4 -> [AVLPL5, PVLP.AVLPL5]",LO,4,ME.LO,3,AVLP,5,PVLP.AVLP,5
37290360,mixed,mix->FF,mix,FF,3,0,1,1160,1,1.0,9464,8.159,LO,4,2,2,"[LO.PLPL4, ME.LOL3] -> LOL4 -> [LO.AOTUL5, LO.PVLPL5]",LO.PLP,4,ME.LO,3,LO.AOTU,5,LO.PVLP,5
36128947,mixed,mix->FF,mix,FF,3,0,1,56,18,2.007,11477,204.946,LO.AVLP,4,2,2,"[LO.PVLPL4, ME.LOL3] -> LO.AVLPL4 -> [AVLPL5, AVLP.ICLL5]",LO.PVLP,4,ME.LO,3,AVLP,5,AVLP.ICL,5
35446242,mixed,mix->FF,mix,FF,2,1,1,2282,2,1.077,6307,2.764,LO,3,2,2,"[LO.LOPL3, PVLP.LOL4] -> LOL3 -> [LOL4, LO.LOPL4]",LO.LOP,3,PVLP.LO,4,LO,4,LO.LOP,4
32239251,mixed,mix->FF,mix,FF,3,0,1,1160,23,1.0,9973,8.597,LO,4,2,2,"[ME.LOL3, ME.LOL4] -> LOL4 -> [LO.AOTUL5, LO.SPSL5]",ME.LO,3,ME.LO,4,LO.AOTU,5,LO.SPS,5
30166942,mixed,mix->FF,mix,FF,3,0,1,1160,3,1.0,3382,2.916,LO,4,2,2,"[LOL3, ME.LOL4] -> LOL4 -> [LO.AOTUL5, LO.PVLPL5]",LO,3,ME.LO,4,LO.AOTU,5,LO.PVLP,5
29779336,mixed,mix->FF,mix,FF,2,1,1,2282,2,1.565,11913,5.22,LO,3,2,2,"[MEL3, PVLP.LOL4] -> LOL3 -> [LO.LOPL4, ME.LOPL4]",ME,3,PVLP.LO,4,LO.LOP,4,ME.LOP,4
28382534,mixed,mix->FF,mix,FF,2,1,1,35,4,1.0,2847,81.343,PVLP.LO,3,2,2,"[LO.PVLPL3, LO.PVLPL4] -> PVLP.LOL3 -> [LOL4, PVLP.LOL4]",LO.PVLP,3,LO.PVLP,4,LO,4,PVLP.LO,4
27566446,mixed,mix->FF,mix,FF,3,0,1,1160,24,1.0,9860,8.5,LO,4,2,2,"[ME.LOL3, ME.LOL4] -> LOL4 -> [LO.PVLPL5, LO.SPSL5]",ME.LO,3,ME.LO,4,LO.PVLP,5,LO.SPS,5
27547000,mixed,mix->FF,mix,FF,3,0,1,56,42,1.69,11765,210.089,LO.AVLP,4,2,2,"[LOL4, ME.LOL3] -> LO.AVLPL4 -> [AVLPL5, AVLP.ICLL5]",LO,4,ME.LO,3,AVLP,5,AVLP.ICL,5
27505774,mixed,mix->FF,mix,FF,3,0,1,1160,41,1.001,10055,8.668,LO,4,2,2,"[ME.LOL3, ME.LOL4] -> LOL4 -> [LOL5, LO.AOTUL5]",ME.LO,3,ME.LO,4,LO,5,LO.AOTU,5
26866874,mixed,mix->FF,mix,FF,3,1,0,1160,33,1.0,9425,8.125,LO,4,2,2,"[LOL5, ME.LOL3] -> LOL4 -> [LO.AOTUL5, LO.SPSL5]",LO,5,ME.LO,3,LO.AOTU,5,LO.SPS,5
26104564,mixed,mix->FF,mix,FF,3,0,1,1160,2,1.0,9338,8.05,LO,4,2,2,"[LO.SPSL4, ME.LOL3] -> LOL4 -> [LO.AOTUL5, LO.PVLPL5]",LO.SPS,4,ME.LO,3,LO.AOTU,5,LO.PVLP,5
25138425,mixed,mix->FF,mix,FF,3,1,0,1160,1,1.0,2834,2.443,LO,4,2,2,"[LOL3, LOL5] -> LOL4 -> [LO.AOTUL5, LO.PVLPL5]",LO,3,LO,5,LO.AOTU,5,LO.PVLP,5
25026887,mixed,mix->FF,mix,FF,2,1,1,35,2,1.0,3529,100.829,PVLP.LO,3,2,2,"[AVLPL4, LO.PVLPL3] -> PVLP.LOL3 -> [LOL4, LO.PVLPL4]",AVLP,4,LO.PVLP,3,LO,4,LO.PVLP,4
24577654,mixed,mix->FF,mix,FF,3,0,1,56,9,1.988,11409,203.732,LO.AVLP,4,2,2,"[LO.PVLPL4, ME.LOL3] -> LO.AVLPL4 -> [AVLPL5, PVLPL5]",LO.PVLP,4,ME.LO,3,AVLP,5,PVLP,5
23518925,mixed,mix->FF,mix,FF,3,0,1,1160,32,1.001,9942,8.571,LO,4,2,2,"[ME.LOL3, ME.LOL4] -> LOL4 -> [LOL5, LO.PVLPL5]",ME.LO,3,ME.LO,4,LO,5,LO.PVLP,5
23253342,mixed,mix->FF,mix,FF,2,1,1,12,2,1.997,1506,125.5,PLP.AVLP,3,2,2,"[LOP.PLPL3, LOP.PLPL4] -> PLP.AVLPL3 -> [AVLPL4, PVLP.AVLPL4]",LOP.PLP,3,LOP.PLP,4,AVLP,4,PVLP.AVLP,4
23101874,mixed,mix->FF,mix,FF,2,1,1,35,5,1.0,2877,82.2,PVLP.LO,3,2,2,"[LO.PVLPL3, PVLPL4] -> PVLP.LOL3 -> [LOL4, LO.PVLPL4]",LO.PVLP,3,PVLP,4,LO,4,LO.PVLP,4
22971709,mixed,mix->FF,mix,FF,3,1,0,1160,26,1.0,9312,8.028,LO,4,2,2,"[LOL5, ME.LOL3] -> LOL4 -> [LO.PVLPL5, LO.SPSL5]",LO,5,ME.LO,3,LO.PVLP,5,LO.SPS,5
21489824,mixed,mix->FF,mix,FF,3,0,1,1160,5,1.0,9473,8.166,LO,4,2,2,"[LO.PLPL4, ME.LOL3] -> LOL4 -> [LO.AOTUL5, LO.SPSL5]",LO.PLP,4,ME.LO,3,LO.AOTU,5,LO.SPS,5
21091294,mixed,mix->FF,mix,FF,2,1,1,2282,2,1.075,12934,5.668,LO,3,2,2,"[MEL3, PVLP.LOL4] -> LOL3 -> [LOL4, LO.LOPL4]",ME,3,PVLP.LO,4,LO,4,LO.LOP,4
20730234,mixed,mix->FF,mix,FF,2,1,1,12,2,2.0,2596,216.333,PLP.AVLP,3,2,2,"[LOP.PLPL3, LOP.PLPL4] -> PLP.AVLPL3 -> [AVLPL4, LOL4]",LOP.PLP,3,LOP.PLP,4,AVLP,4,LO,4
20110740,mixed,mix->FF,mix,FF,3,0,1,1160,1,1.0,2882,2.484,LO,4,2,2,"[LOL3, LO.PLPL4] -> LOL4 -> [LO.AOTUL5, LO.PVLPL5]",LO,3,LO.PLP,4,LO.AOTU,5,LO.PVLP,5
18375692,mixed,mix->FF,mix,FF,3,0,1,1160,6,1.0,9360,8.069,LO,4,2,2,"[LO.PLPL4, ME.LOL3] -> LOL4 -> [LO.PVLPL5, LO.SPSL5]",LO.PLP,4,ME.LO,3,LO.PVLP,5,LO.SPS,5
18351363,mixed,mix->FF,mix,FF,2,1,1,2282,59,2.11,10835,4.748,LO,3,2,2,"[ME.LOL3, ME.LOL4] -> LOL3 -> [LOL4, LO.AVLPL4]",ME.LO,3,ME.LO,4,LO,4,LO.AVLP,4
18329814,mixed,mix->FF,mix,FF,3,0,1,1160,6,1.0,9555,8.237,LO,4,2,2,"[LO.PLPL4, ME.LOL3] -> LOL4 -> [LOL5, LO.AOTUL5]",LO.PLP,4,ME.LO,3,LO,5,LO.AOTU,5
17712836,mixed,mix->FF,mix,FF,3,0,1,56,29,1.747,11697,208.875,LO.AVLP,4,2,2,"[LOL4, ME.LOL3] -> LO.AVLPL4 -> [AVLPL5, PVLPL5]",LO,4,ME.LO,3,AVLP,5,PVLP,5
17387653,mixed,mix->FF,mix,FF,3,0,1,1160,22,1.0,3391,2.923,LO,4,2,2,"[LOL3, ME.LOL4] -> LOL4 -> [LO.AOTUL5, LO.SPSL5]",LO,3,ME.LO,4,LO.AOTU,5,LO.SPS,5
15989604,mixed,mix->FF,mix,FF,2,1,1,2282,2,1.009,11556,5.064,LO,3,2,2,"[LO.LOPL4, ME.LOL3] -> LOL3 -> [MEL4, ME.LOPL4]",LO.LOP,4,ME.LO,3,ME,4,ME.LOP,4
15673158,mixed,mix->FF,mix,FF,3,0,1,1160,7,1.0,9442,8.14,LO,4,2,2,"[LO.PLPL4, ME.LOL3] -> LOL4 -> [LOL5, LO.PVLPL5]",LO.PLP,4,ME.LO,3,LO,5,LO.PVLP,5
15282855,mixed,mix->FF,mix,FF,2,1,1,35,1,1.0,2993,85.514,PVLP.LO,3,2,2,"[LO.PVLPL3, LO.PVLPL4] -> PVLP.LOL3 -> [LOL4, LO.PLPL4]",LO.PVLP,3,LO.PVLP,4,LO,4,LO.PLP,4
15043940,mixed,mix->FF,mix,FF,3,0,1,1160,12,1.0,9347,8.058,LO,4,2,2,"[LO.SPSL4, ME.LOL3] -> LOL4 -> [LO.AOTUL5, LO.SPSL5]",LO.SPS,4,ME.LO,3,LO.AOTU,5,LO.SPS,5
14916448,mixed,mix->FF,mix,FF,3,1,0,1160,2,1.0,9334,8.047,LO,4,2,2,"[LO.SPSL5, ME.LOL3] -> LOL4 -> [LO.AOTUL5, LO.PVLPL5]",LO.SPS,5,ME.LO,3,LO.AOTU,5,LO.PVLP,5
14865931,mixed,mix->FF,mix,FF,3,0,1,1160,24,1.0,3278,2.826,LO,4,2,2,"[LOL3, ME.LOL4] -> LOL4 -> [LO.PVLPL5, LO.SPSL5]",LO,3,ME.LO,4,LO.PVLP,5,LO.SPS,5
14835831,mixed,mix->FF,mix,FF,3,0,1,1160,35,1.001,3473,2.994,LO,4,2,2,"[LOL3, ME.LOL4] -> LOL4 -> [LOL5, LO.AOTUL5]",LO,3,ME.LO,4,LO,5,LO.AOTU,5
14744748,mixed,mix->FF,mix,FF,2,1,1,2282,2,1.014,11556,5.064,LO,3,2,2,"[ME.LOL3, ME.LOPL4] -> LOL3 -> [LO.LOPL4, MEL4]",ME.LO,3,ME.LOP,4,LO.LOP,4,ME,4
14657401,mixed,mix->FF,mix,FF,3,0,1,70,39,4.507,3260,46.571,PVLP.AVLP,4,2,2,"[LO.PVLPL3, LO.PVLPL4] -> PVLP.AVLPL4 -> [AVLPL5, PVLP.AVLPL5]",LO.PVLP,3,LO.PVLP,4,AVLP,5,PVLP.AVLP,5
14498876,mixed,mix->FF,mix,FF,3,0,1,56,3,1.907,11377,203.161,LO.AVLP,4,2,2,"[LO.PVLPL4, ME.LOL3] -> LO.AVLPL4 -> [AVLPL5, LO.SPSL5]",LO.PVLP,4,ME.LO,3,AVLP,5,LO.SPS,5
14490259,mixed,mix->FF,mix,FF,3,1,0,1160,30,1.001,2843,2.451,LO,4,2,2,"[LOL3, LOL5] -> LOL4 -> [LO.AOTUL5, LO.SPSL5]",LO,3,LO,5,LO.AOTU,5,LO.SPS,5
14235818,mixed,mix->FF,mix,FF,2,1,1,2282,2,1.001,12577,5.511,LO,3,2,2,"[LO.LOPL4, ME.LOL3] -> LOL3 -> [LOL4, MEL4]",LO.LOP,4,ME.LO,3,LO,4,ME,4
14078062,mixed,mix->FF,mix,FF,3,0,1,1160,2,1.0,2756,2.376,LO,4,2,2,"[LOL3, LO.SPSL4] -> LOL4 -> [LO.AOTUL5, LO.PVLPL5]",LO,3,LO.SPS,4,LO.AOTU,5,LO.PVLP,5
13573838,mixed,mix->FF,mix,FF,3,0,1,1160,126,1.004,9951,8.578,LO,4,2,2,"[ME.LOL3, ME.LOL4] -> LOL4 -> [LOL5, LO.SPSL5]",ME.LO,3,ME.LO,4,LO,5,LO.SPS,5
13538793,mixed,mix->FF,mix,FF,3,0,1,56,8,1.568,4836,86.357,LO.AVLP,4,2,2,"[LOL3, LO.PVLPL4] -> LO.AVLPL4 -> [AVLPL5, PVLP.AVLPL5]",LO,3,LO.PVLP,4,AVLP,5,PVLP.AVLP,5
13522221,mixed,mix->FF,mix,FF,2,1,1,2282,129,3.453,11034,4.835,LO,3,2,2,"[ME.LOL3, ME.LOL4] -> LOL3 -> [LOL4, LO.PLPL4]",ME.LO,3,ME.LO,4,LO,4,LO.PLP,4
13160910,mixed,mix->FF,mix,FF,2,1,1,12,2,1.913,1575,131.25,PLP.AVLP,3,2,2,"[LOP.PLPL3, LOP.PLPL4] -> PLP.AVLPL3 -> [AVLPL4, PVLPL4]",LOP.PLP,3,LOP.PLP,4,AVLP,4,PVLP,4
13099672,mixed,mix->FF,mix,FF,2,1,1,35,4,1.0,2877,82.2,PVLP.LO,3,2,2,"[LO.PVLPL3, LO.PVLPL4] -> PVLP.LOL3 -> [LOL4, PVLPL4]",LO.PVLP,3,LO.PVLP,4,LO,4,PVLP,4
12985223,mixed,mix->FF,mix,FF,2,1,1,2282,23,1.522,9930,4.351,LO,3,2,2,"[ME.LOL3, ME.LOL4] -> LOL3 -> [LO.AVLPL4, LO.PLPL4]",ME.LO,3,ME.LO,4,LO.AVLP,4,LO.PLP,4
12862472,mixed,mix->FF,mix,FF,3,0,1,1160,1,1.0,9234,7.96,LO,4,2,2,"[LO.SPSL4, ME.LOL3] -> LOL4 -> [LO.PVLPL5, LO.SPSL5]",LO.SPS,4,ME.LO,3,LO.PVLP,5,LO.SPS,5
12834256,mixed,mix->FF,mix,FF,3,0,1,1160,9,1.001,9429,8.128,LO,4,2,2,"[LO.SPSL4, ME.LOL3] -> LOL4 -> [LOL5, LO.AOTUL5]",LO.SPS,4,ME.LO,3,LO,5,LO.AOTU,5
12682379,mixed,mix->FF,mix,FF,3,0,1,1160,32,1.001,3360,2.897,LO,4,2,2,"[LOL3, ME.LOL4] -> LOL4 -> [LOL5, LO.PVLPL5]",LO,3,ME.LO,4,LO,5,LO.PVLP,5
12530303,mixed,mix->FF,mix,FF,2,1,1,2282,52,3.061,10746,4.709,LO,3,2,2,"[ME.LOL3, ME.LOL4] -> LOL3 -> [LO.PLPL4, LO.PVLPL4]",ME.LO,3,ME.LO,4,LO.PLP,4,LO.PVLP,4
12407788,mixed,mix->FF,mix,FF,2,1,1,2282,4,1.003,12577,5.511,LO,3,2,2,"[LOL4, ME.LOL3] -> LOL3 -> [LO.LOPL4, MEL4]",LO,4,ME.LO,3,LO.LOP,4,ME,4
12387976,mixed,mix->FF,mix,FF,3,1,0,1160,27,1.0,2730,2.353,LO,4,2,2,"[LOL3, LOL5] -> LOL4 -> [LO.PVLPL5, LO.SPSL5]",LO,3,LO,5,LO.PVLP,5,LO.SPS,5
12167216,mixed,mix->FF,mix,FF,2,1,1,2282,2,1.016,6554,2.872,LO,3,2,2,"[ME.LOPL3, ME.LOPL4] -> LOL3 -> [LOL4, MEL4]",ME.LOP,3,ME.LOP,4,LO,4,ME,4
12137580,mixed,mix->FF,mix,FF,2,1,1,4,1,1.0,1826,456.5,PVLP.AVLP,3,2,2,"[LO.PVLPL3, LO.PVLPL4] -> PVLP.AVLPL3 -> [PVLPL4, PVLP.LOL4]",LO.PVLP,3,LO.PVLP,4,PVLP,4,PVLP.LO,4
12012780,mixed,mix->FF,mix,FF,2,1,1,2282,2,1.007,11760,5.153,LO,3,2,2,"[MEL4, ME.LOL3] -> LOL3 -> [LOL4, ME.LOPL4]",ME,4,ME.LO,3,LO,4,ME.LOP,4
11983699,mixed,mix->FF,mix,FF,2,1,1,35,1,1.0,2442,69.771,PVLP.LO,3,2,2,"[LO.PVLPL3, LO.PVLPL4] -> PVLP.LOL3 -> [ME.LOL4, PVLP.LOL4]",LO.PVLP,3,LO.PVLP,4,ME.LO,4,PVLP.LO,4
11589434,mixed,mix->FF,mix,FF,3,0,1,1160,5,1.0,2891,2.492,LO,4,2,2,"[LOL3, LO.PLPL4] -> LOL4 -> [LO.AOTUL5, LO.SPSL5]",LO,3,LO.PLP,4,LO.AOTU,5,LO.SPS,5
11581512,mixed,mix->FF,mix,FF,2,1,1,2282,2,1.028,6554,2.872,LO,3,2,2,"[LOL4, ME.LOPL3] -> LOL3 -> [MEL4, ME.LOPL4]",LO,4,ME.LOP,3,ME,4,ME.LOP,4
11540096,mixed,mix->FF,mix,FF,2,1,1,2282,78,4.526,10936,4.792,LO,3,2,2,"[ME.LOL3, ME.LOL4] -> LOL3 -> [LOL4, LO.AOTUL4]",ME.LO,3,ME.LO,4,LO,4,LO.AOTU,4
10972920,mixed,mix->FF,mix,FF,3,0,1,1160,3,1.0,9316,8.031,LO,4,2,2,"[LO.SPSL4, ME.LOL3] -> LOL4 -> [LOL5, LO.PVLPL5]",LO.SPS,4,ME.LO,3,LO,5,LO.PVLP,5
10566907,mixed,mix->FF,mix,FF,2,1,1,35,1,1.0,3124,89.257,PVLP.LO,3,2,2,"[AVLPL4, LO.PVLPL3] -> PVLP.LOL3 -> [LO.PVLPL4, ME.LOL4]",AVLP,4,LO.PVLP,3,LO.PVLP,4,ME.LO,4
10438120,mixed,mix->FF,mix,FF,3,0,1,1160,16,1.002,10121,8.725,LO,4,2,2,"[ME.LOL3, ME.LOL4] -> LOL4 -> [AOTUL5, LO.AOTUL5]",ME.LO,3,ME.LO,4,AOTU,5,LO.AOTU,5
10316943,mixed,mix->FF,mix,FF,2,1,1,4,1,1.0,1787,446.75,PVLP.AVLP,3,2,2,"[LO.PVLPL3, LO.PVLPL4] -> PVLP.AVLPL3 -> [PVLPL4, PVLP.AVLPL4]",LO.PVLP,3,LO.PVLP,4,PVLP,4,PVLP.AVLP,4
10236469,mixed,mix->FF,mix,FF,2,1,1,2282,32,3.348,10648,4.666,LO,3,2,2,"[ME.LOL3, ME.LOL4] -> LOL3 -> [LO.AOTUL4, LO.PVLPL4]",ME.LO,3,ME.LO,4,LO.AOTU,4,LO.PVLP,4
10140355,mixed,mix->FF,mix,FF,3,0,1,56,15,1.949,11280,201.429,LO.AVLP,4,2,2,"[LO.PVLPL4, ME.LOL3] -> LO.AVLPL4 -> [AVLPL5, AVLP.GORL5]",LO.PVLP,4,ME.LO,3,AVLP,5,AVLP.GOR,5
9909870,mixed,mix->FF,mix,FF,3,0,1,1160,6,1.0,2778,2.395,LO,4,2,2,"[LOL3, LO.PLPL4] -> LOL4 -> [LO.PVLPL5, LO.SPSL5]",LO,3,LO.PLP,4,LO.PVLP,5,LO.SPS,5
9885216,mixed,mix->FF,mix,FF,3,0,1,1160,6,1.0,2973,2.563,LO,4,2,2,"[LOL3, LO.PLPL4] -> LOL4 -> [LOL5, LO.AOTUL5]",LO,3,LO.PLP,4,LO,5,LO.AOTU,5
9825660,mixed,mix->FF,mix,FF,2,1,1,4,1,1.0,1757,439.25,PVLP.AVLP,3,2,2,"[LO.PVLPL3, LO.PVLPL4] -> PVLP.AVLPL3 -> [PVLP.AVLPL4, PVLP.LOL4]",LO.PVLP,3,LO.PVLP,4,PVLP.AVLP,4,PVLP.LO,4
9779612,mixed,mix->FF,mix,FF,3,0,1,70,48,5.27,2527,36.1,PVLP.AVLP,4,2,2,"[LO.PVLPL3, PVLPL4] -> PVLP.AVLPL4 -> [AVLPL5, PVLP.AVLPL5]",LO.PVLP,3,PVLP,4,AVLP,5,PVLP.AVLP,5
9754068,mixed,mix->FF,mix,FF,2,1,1,35,1,1.0,2472,70.629,PVLP.LO,3,2,2,"[LO.PVLPL3, PVLPL4] -> PVLP.LOL3 -> [LO.PVLPL4, ME.LOL4]",LO.PVLP,3,PVLP,4,LO.PVLP,4,ME.LO,4
9740800,mixed,mix->FF,mix,FF,3,0,1,56,3,1.875,11665,208.304,LO.AVLP,4,2,2,"[LOL4, ME.LOL3] -> LO.AVLPL4 -> [AVLPL5, LO.SPSL5]",LO,4,ME.LO,3,AVLP,5,LO.SPS,5
9488183,mixed,mix->FF,mix,FF,3,0,1,56,5,1.184,3260,58.214,LO.AVLP,4,2,2,"[LO.PVLPL3, LO.PVLPL4] -> LO.AVLPL4 -> [AVLPL5, PVLP.AVLPL5]",LO.PVLP,3,LO.PVLP,4,AVLP,5,PVLP.AVLP,5
9322590,mixed,mix->FF,mix,FF,3,1,0,1160,1,1.0,9260,7.983,LO,4,2,2,"[LO.PLPL5, ME.LOL3] -> LOL4 -> [LO.AOTUL5, LO.PVLPL5]",LO.PLP,5,ME.LO,3,LO.AOTU,5,LO.PVLP,5
9142183,mixed,mix->FF,mix,FF,3,0,1,56,18,1.721,4895,87.411,LO.AVLP,4,2,2,"[LOL3, LO.PVLPL4] -> LO.AVLPL4 -> [AVLPL5, AVLP.ICLL5]",LO,3,LO.PVLP,4,AVLP,5,AVLP.ICL,5
9083893,mixed,mix->FF,mix,FF,3,0,1,70,31,3.805,3251,46.443,PVLP.AVLP,4,2,2,"[LO.PVLPL3, LO.PVLPL4] -> PVLP.AVLPL4 -> [AVLPL5, PVLPL5]",LO.PVLP,3,LO.PVLP,4,AVLP,5,PVLP,5
9056160,mixed,mix->FF,mix,FF,2,1,1,52,1,1.0,2045,39.327,MB_ML,3,2,2,"[MB_CA.MB_MLL3, MB_CA.MB_MLL4] -> MB_MLL3 -> [PLP.MB_MLL4, PLP.MB_PEDL4]",MB_CA.MB_ML,3,MB_CA.MB_ML,4,PLP.MB_ML,4,PLP.MB_PED,4
9056160,mixed,mix->FF,mix,FF,2,1,1,52,1,1.0,2045,39.327,MB_ML,3,2,2,"[MB_CA.MB_MLL3, PLP.MB_MLL4] -> MB_MLL3 -> [MB_CA.MB_MLL4, PLP.MB_PEDL4]",MB_CA.MB_ML,3,PLP.MB_ML,4,MB_CA.MB_ML,4,PLP.MB_PED,4
9056160,mixed,mix->FF,mix,FF,2,1,1,52,1,1.0,2045,39.327,MB_ML,3,2,2,"[MB_CA.MB_MLL3, PLP.MB_PEDL4] -> MB_MLL3 -> [MB_CA.MB_MLL4, PLP.MB_MLL4]",MB_CA.MB_ML,3,PLP.MB_PED,4,MB_CA.MB_ML,4,PLP.MB_ML,4
9036881,mixed,mix->FF,mix,FF,3,0,1,1160,27,1.001,9451,8.147,LO,4,2,2,"[LO.PLPL4, ME.LOL3] -> LOL4 -> [LOL5, LO.SPSL5]",LO.PLP,4,ME.LO,3,LO,5,LO.SPS,5
8922242,mixed,mix->FF,mix,FF,3,0,1,1160,8,1.001,10008,8.628,LO,4,2,2,"[ME.LOL3, ME.LOL4] -> LOL4 -> [AOTUL5, LO.PVLPL5]",ME.LO,3,ME.LO,4,AOTU,5,LO.PVLP,5
8702091,mixed,mix->FF,mix,FF,3,1,0,1160,29,1.003,9573,8.253,LO,4,2,2,"[LOL5, ME.LOL3] -> LOL4 -> [AOTUL5, LO.AOTUL5]",LO,5,ME.LO,3,AOTU,5,LO.AOTU,5
8661669,mixed,mix->FF,mix,FF,3,0,1,56,2,1.999,11311,201.982,LO.AVLP,4,2,2,"[LO.PVLPL4, ME.LOL3] -> LO.AVLPL4 -> [AVLPL5, ICL.SPSL5]",LO.PVLP,4,ME.LO,3,AVLP,5,ICL.SPS,5
8659358,mixed,mix->FF,mix,FF,2,1,1,2282,55,2.442,10547,4.622,LO,3,2,2,"[ME.LOL3, ME.LOL4] -> LOL3 -> [LO.AVLPL4, LO.PVLPL4]",ME.LO,3,ME.LO,4,LO.AVLP,4,LO.PVLP,4
8452580,mixed,mix->FF,mix,FF,3,0,1,1160,7,1.0,2860,2.466,LO,4,2,2,"[LOL3, LO.PLPL4] -> LOL4 -> [LOL5, LO.PVLPL5]",LO,3,LO.PLP,4,LO,5,LO.PVLP,5
8264604,mixed,mix->FF,mix,FF,2,1,1,2282,2,1.02,6978,3.058,LO,3,2,2,"[LO.LOPL3, ME.LOPL4] -> LOL3 -> [LOL4, MEL4]",LO.LOP,3,ME.LOP,4,LO,4,ME,4
8113586,mixed,mix->FF,mix,FF,3,0,1,1160,12,1.0,2765,2.384,LO,4,2,2,"[LOL3, LO.SPSL4] -> LOL4 -> [LO.AOTUL5, LO.SPSL5]",LO,3,LO.SPS,4,LO.AOTU,5,LO.SPS,5
8044440,mixed,mix->FF,mix,FF,3,1,0,1160,2,1.0,2752,2.372,LO,4,2,2,"[LOL3, LO.SPSL5] -> LOL4 -> [LO.AOTUL5, LO.PVLPL5]",LO,3,LO.SPS,5,LO.AOTU,5,LO.PVLP,5
7889427,mixed,mix->FF,mix,FF,2,1,1,4,1,1.0,2508,627.0,PVLP.AVLP,3,2,2,"[LO.PVLPL3, LO.PVLPL4] -> PVLP.AVLPL3 -> [AVLPL4, PVLPL4]",LO.PVLP,3,LO.PVLP,4,AVLP,4,PVLP,4
7877280,mixed,mix->FF,mix,FF,2,1,1,2282,2,1.034,6978,3.058,LO,3,2,2,"[LOL4, LO.LOPL3] -> LOL3 -> [MEL4, ME.LOPL4]",LO,4,LO.LOP,3,ME,4,ME.LOP,4
7703192,mixed,mix->FF,mix,FF,3,0,1,56,25,1.984,5124,91.5,LO.AVLP,4,2,2,"[LOL3, LOL4] -> LO.AVLPL4 -> [AVLPL5, PVLP.AVLPL5]",LO,3,LO,4,AVLP,5,PVLP.AVLP,5
7584483,mixed,mix->FF,mix,FF,3,0,1,1160,2,1.0,9866,8.505,LO,4,2,2,"[ME.LOL3, ME.LOL4] -> LOL4 -> [LO.AOTUL5, LO.ICLL5]",ME.LO,3,ME.LO,4,LO.AOTU,5,LO.ICL,5
7513740,mixed,mix->FF,mix,FF,2,1,1,4,1,1.0,2478,619.5,PVLP.AVLP,3,2,2,"[LO.PVLPL3, LO.PVLPL4] -> PVLP.AVLPL3 -> [AVLPL4, PVLP.LOL4]",LO.PVLP,3,LO.PVLP,4,AVLP,4,PVLP.LO,4
7502499,mixed,mix->FF,mix,FF,3,0,1,139,45,7.076,3260,23.453,PVLP,4,2,2,"[LO.PVLPL3, LO.PVLPL4] -> PVLPL4 -> [AVLPL5, PVLP.AVLPL5]",LO.PVLP,3,LO.PVLP,4,AVLP,5,PVLP.AVLP,5
7431237,mixed,mix->FF,mix,FF,3,1,0,1160,6,1.0,9460,8.155,LO,4,2,2,"[LOL5, ME.LOL3] -> LOL4 -> [AOTUL5, LO.PVLPL5]",LO,5,ME.LO,3,AOTU,5,LO.PVLP,5
7401916,mixed,mix->FF,mix,FF,3,0,1,70,36,6.763,3319,47.414,PVLP.AVLP,4,2,2,"[LO.PVLPL3, LO.PVLPL4] -> PVLP.AVLPL4 -> [AVLPL5, AVLP.ICLL5]",LO.PVLP,3,LO.PVLP,4,AVLP,5,AVLP.ICL,5
7331749,mixed,mix->FF,mix,FF,3,1,0,1160,3,1.0,9425,8.125,LO,4,2,2,"[LO.SPSL5, ME.LOL3] -> LOL4 -> [LOL5, LO.AOTUL5]",LO.SPS,5,ME.LO,3,LO,5,LO.AOTU,5
7329915,mixed,mix->FF,mix,FF,3,0,1,56,8,1.997,10127,180.839,LO.AVLP,4,2,2,"[LO.PVLPL4, ME.LOL3] -> LO.AVLPL4 -> [AVLP.ICLL5, PVLP.AVLPL5]",LO.PVLP,4,ME.LO,3,AVLP.ICL,5,PVLP.AVLP,5
7320604,mixed,mix->FF,mix,FF,3,0,1,1160,122,1.004,3369,2.904,LO,4,2,2,"[LOL3, ME.LOL4] -> LOL4 -> [LOL5, LO.SPSL5]",LO,3,ME.LO,4,LO,5,LO.SPS,5
7269390,mixed,mix->FF,mix,FF,2,1,1,2282,1,1.0,4910,2.152,LO,3,2,2,"[LOPL4, ME.LOPL3] -> LOL3 -> [LO.LOPL4, ME.LOPL4]",LOP,4,ME.LOP,3,LO.LOP,4,ME.LOP,4
7244928,mixed,mix->FF,mix,FF,2,1,1,52,1,1.0,2959,56.904,MB_ML,3,2,2,"[MB_CA.MB_MLL3, SMPL4] -> MB_MLL3 -> [MB_CA.MB_MLL4, PLP.MB_MLL4]",MB_CA.MB_ML,3,SMP,4,MB_CA.MB_ML,4,PLP.MB_ML,4
7229991,mixed,mix->FF,mix,FF,2,1,1,35,2,1.0,2478,70.8,PVLP.LO,3,2,2,"[AVLPL4, LO.PVLPL3] -> PVLP.LOL3 -> [LO.PVLPL4, PVLP.LOL4]",AVLP,4,LO.PVLP,3,LO.PVLP,4,PVLP.LO,4
7044534,mixed,mix->FF,mix,FF,2,1,1,12,2,1.985,1875,156.25,PLP.AVLP,3,2,2,"[LOP.PLPL3, LOP.PLPL4] -> PLP.AVLPL3 -> [LOL4, PVLP.AVLPL4]",LOP.PLP,3,LOP.PLP,4,LO,4,PVLP.AVLP,4
7013730,mixed,mix->FF,mix,FF,3,0,1,56,22,1.827,11568,206.571,LO.AVLP,4,2,2,"[LOL4, ME.LOL3] -> LO.AVLPL4 -> [AVLPL5, AVLP.GORL5]",LO,4,ME.LO,3,AVLP,5,AVLP.GOR,5
6952504,mixed,mix->FF,mix,FF,3,0,1,1160,2,1.0,9621,8.294,LO,4,2,2,"[LO.PLPL4, ME.LOL3] -> LOL4 -> [AOTUL5, LO.AOTUL5]",LO.PLP,4,ME.LO,3,AOTU,5,LO.AOTU,5
6936748,mixed,mix->FF,mix,FF,3,0,1,1160,1,1.0,2652,2.286,LO,4,2,2,"[LOL3, LO.SPSL4] -> LOL4 -> [LO.PVLPL5, LO.SPSL5]",LO,3,LO.SPS,4,LO.PVLP,5,LO.SPS,5
6922471,mixed,mix->FF,mix,FF,3,0,1,1160,8,1.001,2847,2.454,LO,4,2,2,"[LOL3, LO.SPSL4] -> LOL4 -> [LOL5, LO.AOTUL5]",LO,3,LO.SPS,4,LO,5,LO.AOTU,5
6718766,mixed,mix->FF,mix,FF,3,0,1,1160,3,1.0,11809,10.18,LO,4,2,2,"[MEL3, ME.LOL4] -> LOL4 -> [LO.AOTUL5, LO.PVLPL5]",ME,3,ME.LO,4,LO.AOTU,5,LO.PVLP,5
6699478,mixed,mix->FF,mix,FF,2,1,1,2282,95,2.512,13496,5.914,LO,3,2,2,"[MEL3, ME.LOL4] -> LOL3 -> [LOL4, LO.PVLPL4]",ME,3,ME.LO,4,LO,4,LO.PVLP,4
6674003,mixed,mix->FF,mix,FF,2,1,1,35,4,1.0,1826,52.171,PVLP.LO,3,2,2,"[LO.PVLPL3, PVLPL4] -> PVLP.LOL3 -> [LO.PVLPL4, PVLP.LOL4]",LO.PVLP,3,PVLP,4,LO.PVLP,4,PVLP.LO,4
6485798,mixed,mix->FF,mix,FF,3,0,1,1160,8,1.0,9753,8.408,LO,4,2,2,"[ME.LOL3, ME.LOL4] -> LOL4 -> [LO.ICLL5, LO.PVLPL5]",ME.LO,3,ME.LO,4,LO.ICL,5,LO.PVLP,5
6452761,mixed,mix->FF,mix,FF,2,1,1,35,1,1.0,2588,73.943,PVLP.LO,3,2,2,"[LO.PVLPL3, LO.PVLPL4] -> PVLP.LOL3 -> [LO.PLPL4, ME.LOL4]",LO.PVLP,3,LO.PVLP,4,LO.PLP,4,ME.LO,4
6432832,mixed,mix->FF,mix,FF,3,0,1,56,40,2.701,5183,92.554,LO.AVLP,4,2,2,"[LOL3, LOL4] -> LO.AVLPL4 -> [AVLPL5, AVLP.ICLL5]",LO,3,LO,4,AVLP,5,AVLP.ICL,5
6414254,mixed,mix->FF,mix,FF,3,0,1,56,9,1.57,4827,86.196,LO.AVLP,4,2,2,"[LOL3, LO.PVLPL4] -> LO.AVLPL4 -> [AVLPL5, PVLPL5]",LO,3,LO.PVLP,4,AVLP,5,PVLP,5
6402432,mixed,mix->FF,mix,FF,3,0,1,56,2,1.681,11599,207.125,LO.AVLP,4,2,2,"[LOL4, ME.LOL3] -> LO.AVLPL4 -> [AVLPL5, ICL.SPSL5]",LO,4,ME.LO,3,AVLP,5,ICL.SPS,5
6386679,mixed,mix->FF,mix,FF,2,1,1,4,1,1.0,2439,609.75,PVLP.AVLP,3,2,2,"[LO.PVLPL3, LO.PVLPL4] -> PVLP.AVLPL3 -> [AVLPL4, PVLP.AVLPL4]",LO.PVLP,3,LO.PVLP,4,AVLP,4,PVLP.AVLP,4
6364752,mixed,mix->FF,mix,FF,2,1,1,2282,2,1.131,6320,2.77,LO,3,2,2,"[ME.LOPL3, PVLP.LOL4] -> LOL3 -> [LO.LOPL4, MEL4]",ME.LOP,3,PVLP.LO,4,LO.LOP,4,ME,4
6339312,mixed,mix->FF,mix,FF,2,1,1,52,1,1.0,2154,41.423,MB_ML,3,2,2,"[CREL4, MB_CA.MB_MLL3] -> MB_MLL3 -> [MB_CA.MB_MLL4, PLP.MB_MLL4]",CRE,4,MB_CA.MB_ML,3,MB_CA.MB_ML,4,PLP.MB_ML,4
6332369,mixed,mix->FF,mix,FF,3,0,1,1160,15,1.003,9325,8.039,LO,4,2,2,"[LO.SPSL4, ME.LOL3] -> LOL4 -> [LOL5, LO.SPSL5]",LO.SPS,4,ME.LO,3,LO,5,LO.SPS,5
6320498,mixed,mix->FF,mix,FF,3,1,0,1160,4,1.0,9318,8.033,LO,4,2,2,"[LOL5, ME.LOL3] -> LOL4 -> [LO.AOTUL5, LO.ICLL5]",LO,5,ME.LO,3,LO.AOTU,5,LO.ICL,5
6269712,mixed,mix->FF,mix,FF,3,1,0,1160,2,1.0,9312,8.028,LO,4,2,2,"[LO.SPSL5, ME.LOL3] -> LOL4 -> [LOL5, LO.PVLPL5]",LO.SPS,5,ME.LO,3,LO,5,LO.PVLP,5
6124361,mixed,mix->FF,mix,FF,3,0,1,56,8,1.231,3319,59.268,LO.AVLP,4,2,2,"[LO.PVLPL3, LO.PVLPL4] -> LO.AVLPL4 -> [AVLPL5, AVLP.ICLL5]",LO.PVLP,3,LO.PVLP,4,AVLP,5,AVLP.ICL,5
6119430,mixed,mix->FF,mix,FF,2,1,1,2282,1,1.0,5334,2.337,LO,3,2,2,"[LO.LOPL3, LOPL4] -> LOL3 -> [LO.LOPL4, ME.LOPL4]",LO.LOP,3,LOP,4,LO.LOP,4,ME.LOP,4
6012428,mixed,mix->FF,mix,FF,3,0,1,70,38,4.168,2518,35.971,PVLP.AVLP,4,2,2,"[LO.PVLPL3, PVLPL4] -> PVLP.AVLPL4 -> [AVLPL5, PVLPL5]",LO.PVLP,3,PVLP,4,AVLP,5,PVLP,5
5944863,mixed,mix->FF,mix,FF,3,0,1,1160,2,1.0,9508,8.197,LO,4,2,2,"[LO.PLPL4, ME.LOL3] -> LOL4 -> [AOTUL5, LO.PVLPL5]",LO.PLP,4,ME.LO,3,AOTU,5,LO.PVLP,5
5917456,mixed,mix->FF,mix,FF,3,0,1,1160,3,1.0,2734,2.357,LO,4,2,2,"[LOL3, LO.SPSL4] -> LOL4 -> [LOL5, LO.PVLPL5]",LO,3,LO.SPS,4,LO,5,LO.PVLP,5
5836631,mixed,mix->FF,mix,FF,3,0,1,56,2,1.579,11368,203.0,LO.AVLP,4,2,2,"[LO.PVLPL4, ME.LOL3] -> LO.AVLPL4 -> [AVLPL5, LO.PVLPL5]",LO.PVLP,4,ME.LO,3,AVLP,5,LO.PVLP,5
5783874,mixed,mix->FF,mix,FF,3,0,1,56,14,2.006,11259,201.054,LO.AVLP,4,2,2,"[LO.PVLPL4, ME.LOL3] -> LO.AVLPL4 -> [AVLPL5, AVLP.VESL5]",LO.PVLP,4,ME.LO,3,AVLP,5,AVLP.VES,5
5777202,mixed,mix->FF,mix,FF,3,0,1,56,16,2.001,11254,200.964,LO.AVLP,4,2,2,"[LO.PVLPL4, ME.LOL3] -> LO.AVLPL4 -> [AVLPL5, AVLP.SADL5]",LO.PVLP,4,ME.LO,3,AVLP,5,AVLP.SAD,5
5774446,mixed,mix->FF,mix,FF,3,0,1,56,2,1.999,11261,201.089,LO.AVLP,4,2,2,"[LO.PVLPL4, ME.LOL3] -> LO.AVLPL4 -> [AVLPL5, ICL.GORL5]",LO.PVLP,4,ME.LO,3,AVLP,5,ICL.GOR,5
5742633,mixed,mix->FF,mix,FF,3,0,1,56,18,1.638,11284,201.5,LO.AVLP,4,2,2,"[LO.PVLPL4, ME.LOL3] -> LO.AVLPL4 -> [AVLPL5, AVLP.GNGL5]",LO.PVLP,4,ME.LO,3,AVLP,5,AVLP.GNG,5
5690344,mixed,mix->FF,mix,FF,3,0,1,1160,15,1.001,9899,8.534,LO,4,2,2,"[ME.LOL3, ME.LOL4] -> LOL4 -> [LO.AOTUL5, LO.PLPL5]",ME.LO,3,ME.LO,4,LO.AOTU,5,LO.PLP,5
5638524,mixed,mix->FF,mix,FF,2,1,1,2282,2,1.123,10068,4.412,LO,3,2,2,"[ME.LOL3, PVLP.LOL4] -> LOL3 -> [LO.LOPL4, ME.LOPL4]",ME.LO,3,PVLP.LO,4,LO.LOP,4,ME.LOP,4
5632841,mixed,mix->FF,mix,FF,3,0,1,1160,19,1.003,3539,3.051,LO,4,2,2,"[LOL3, ME.LOL4] -> LOL4 -> [AOTUL5, LO.AOTUL5]",LO,3,ME.LO,4,AOTU,5,LO.AOTU,5
5597625,mixed,mix->FF,mix,FF,3,1,0,1160,1,1.0,11261,9.708,LO,4,2,2,"[LOL5, MEL3] -> LOL4 -> [LO.AOTUL5, LO.PVLPL5]",LO,5,ME,3,LO.AOTU,5,LO.PVLP,5
5593554,mixed,mix->FF,mix,FF,3,0,1,1160,1,1.0,9240,7.966,LO,4,2,2,"[LOP.LOL4, ME.LOL3] -> LOL4 -> [LO.AOTUL5, LO.PVLPL5]",LOP.LO,4,ME.LO,3,LO.AOTU,5,LO.PVLP,5
5530938,mixed,mix->FF,mix,FF,2,1,1,35,1,1.0,2472,70.629,PVLP.LO,3,2,2,"[LO.PVLPL3, LO.PVLPL4] -> PVLP.LOL3 -> [ME.LOL4, PVLPL4]",LO.PVLP,3,LO.PVLP,4,ME.LO,4,PVLP,4
5433696,mixed,mix->FF,mix,FF,2,1,1,52,1,1.0,2066,39.731,MB_ML,3,2,2,"[MB_CA.MB_MLL3, MB_CA.MB_MLL4] -> MB_MLL3 -> [PLP.CREL4, PLP.MB_MLL4]",MB_CA.MB_ML,3,MB_CA.MB_ML,4,PLP.CRE,4,PLP.MB_ML,4
5433696,mixed,mix->FF,mix,FF,2,1,1,52,1,1.0,2066,39.731,MB_ML,3,2,2,"[MB_CA.MB_MLL3, PLP.CREL4] -> MB_MLL3 -> [MB_CA.MB_MLL4, PLP.MB_MLL4]",MB_CA.MB_ML,3,PLP.CRE,4,MB_CA.MB_ML,4,PLP.MB_ML,4
5433696,mixed,mix->FF,mix,FF,2,1,1,52,1,1.0,2066,39.731,MB_ML,3,2,2,"[MB_CA.MB_MLL3, PLP.MB_MLL4] -> MB_MLL3 -> [MB_CA.MB_MLL4, PLP.CREL4]",MB_CA.MB_ML,3,PLP.MB_ML,4,MB_CA.MB_ML,4,PLP.CRE,4
5404862,mixed,mix->FF,mix,FF,3,1,0,1160,8,1.0,9205,7.935,LO,4,2,2,"[LOL5, ME.LOL3] -> LOL4 -> [LO.ICLL5, LO.PVLPL5]",LO,5,ME.LO,3,LO.ICL,5,LO.PVLP,5
5372506,mixed,mix->FF,mix,FF,3,1,0,1160,5,1.0,9269,7.991,LO,4,2,2,"[LO.PLPL5, ME.LOL3] -> LOL4 -> [LO.AOTUL5, LO.SPSL5]",LO.PLP,5,ME.LO,3,LO.AOTU,5,LO.SPS,5
5366433,mixed,mix->FF,mix,FF,3,0,1,56,26,1.703,10415,185.982,LO.AVLP,4,2,2,"[LOL4, ME.LOL3] -> LO.AVLPL4 -> [AVLP.ICLL5, PVLP.AVLPL5]",LO,4,ME.LO,3,AVLP.ICL,5,PVLP.AVLP,5
5346920,mixed,mix->FF,mix,FF,3,0,1,56,28,1.33,11572,206.643,LO.AVLP,4,2,2,"[LOL4, ME.LOL3] -> LO.AVLPL4 -> [AVLPL5, AVLP.GNGL5]",LO,4,ME.LO,3,AVLP,5,AVLP.GNG,5
5143563,mixed,mix->FF,mix,FF,3,0,1,1160,24,1.002,10017,8.635,LO,4,2,2,"[ME.LOL3, ME.LOL4] -> LOL4 -> [AOTUL5, LO.SPSL5]",ME.LO,3,ME.LO,4,AOTU,5,LO.SPS,5
5056320,mixed,mix->FF,mix,FF,3,0,1,1160,1,1.0,9366,8.074,LO,4,2,2,"[LO.PLPL4, ME.LOL3] -> LOL4 -> [LO.AOTUL5, LO.ICLL5]",LO.PLP,4,ME.LO,3,LO.AOTU,5,LO.ICL,5
5051050,mixed,mix->FF,mix,FF,2,1,1,2282,19,1.965,9832,4.309,LO,3,2,2,"[ME.LOL3, ME.LOL4] -> LOL3 -> [LO.AOTUL4, LO.AVLPL4]",ME.LO,3,ME.LO,4,LO.AOTU,4,LO.AVLP,4
5046216,mixed,mix->FF,mix,FF,2,1,1,12,2,1.763,1526,127.167,PLP.AVLP,3,2,2,"[LOP.PLPL3, LOP.PLPL4] -> PLP.AVLPL3 -> [AVLPL4, AVLP.ICLL4]",LOP.PLP,3,LOP.PLP,4,AVLP,4,AVLP.ICL,4
5027685,mixed,mix->FF,mix,FF,3,1,0,1160,1,1.0,2678,2.309,LO,4,2,2,"[LOL3, LO.PLPL5] -> LOL4 -> [LO.AOTUL5, LO.PVLPL5]",LO,3,LO.PLP,5,LO.AOTU,5,LO.PVLP,5
5024240,mixed,mix->FF,mix,FF,3,0,1,56,7,1.961,10059,179.625,LO.AVLP,4,2,2,"[LO.PVLPL4, ME.LOL3] -> LO.AVLPL4 -> [PVLPL5, PVLP.AVLPL5]",LO.PVLP,4,ME.LO,3,PVLP,5,PVLP.AVLP,5
4996520,mixed,mix->FF,mix,FF,3,0,1,139,6,1.008,2902,20.878,PVLP,4,2,2,"[LO.PVLPL4, LOP.PLPL3] -> PVLPL4 -> [AVLPL5, PVLP.AVLPL5]",LO.PVLP,4,LOP.PLP,3,AVLP,5,PVLP.AVLP,5
4934372,mixed,mix->FF,mix,FF,3,0,1,56,19,1.407,11301,201.804,LO.AVLP,4,2,2,"[ME.LOL3, ME.LOL4] -> LO.AVLPL4 -> [AVLPL5, PVLP.AVLPL5]",ME.LO,3,ME.LO,4,AVLP,5,PVLP.AVLP,5
4922340,mixed,mix->FF,mix,FF,2,1,1,2282,2,1.019,13605,5.962,LO,3,2,2,"[MEL3, ME.LOPL4] -> LOL3 -> [LOL4, MEL4]",ME,3,ME.LOP,4,LO,4,ME,4
4875763,mixed,mix->FF,mix,FF,3,0,1,1160,27,1.002,2869,2.473,LO,4,2,2,"[LOL3, LO.PLPL4] -> LOL4 -> [LOL5, LO.SPSL5]",LO,3,LO.PLP,4,LO,5,LO.SPS,5
4871381,mixed,mix->FF,mix,FF,3,0,1,1160,9,1.002,9495,8.185,LO,4,2,2,"[LO.SPSL4, ME.LOL3] -> LOL4 -> [AOTUL5, LO.AOTUL5]",LO.SPS,4,ME.LO,3,AOTU,5,LO.AOTU,5
4865013,mixed,mix->FF,mix,FF,3,0,1,1160,12,1.0,9786,8.436,LO,4,2,2,"[ME.LOL3, ME.LOL4] -> LOL4 -> [LO.PLPL5, LO.PVLPL5]",ME.LO,3,ME.LO,4,LO.PLP,5,LO.PVLP,5
8108780883,mixed,mix->FB,mix,FB,1,2,1,109,4,2.972,12724,116.734,PVLP.LO,4,2,2,"[LO.PVLPL3, LO.PVLPL4] -> PVLP.LOL4 -> [LOL3, ME.LOL3]",LO.PVLP,3,LO.PVLP,4,LO,3,ME.LO,3
4429266732,mixed,mix->FB,mix,FB,1,2,1,109,3,2.909,21151,194.046,PVLP.LO,4,2,2,"[LO.PVLPL3, LO.PVLPL4] -> PVLP.LOL4 -> [MEL3, ME.LOL3]",LO.PVLP,3,LO.PVLP,4,ME,3,ME.LO,3
1938120806,mixed,mix->FB,mix,FB,0,3,1,109,3,2.938,11958,109.706,PVLP.LO,4,2,2,"[AVLPL5, LO.PVLPL4] -> PVLP.LOL4 -> [LO.PVLPL3, ME.LOL3]",AVLP,5,LO.PVLP,4,LO.PVLP,3,ME.LO,3
1197635760,mixed,mix->FB,mix,FB,0,3,1,109,3,2.984,10608,97.321,PVLP.LO,4,2,2,"[LO.PVLPL4, PVLP.AVLPL5] -> PVLP.LOL4 -> [LO.PVLPL3, ME.LOL3]",LO.PVLP,4,PVLP.AVLP,5,LO.PVLP,3,ME.LO,3
1141797984,mixed,mix->FB,mix,FB,1,3,0,109,3,2.987,13368,122.642,PVLP.LO,4,2,2,"[AVLPL5, LO.PVLPL3] -> PVLP.LOL4 -> [LOL3, ME.LOL3]",AVLP,5,LO.PVLP,3,LO,3,ME.LO,3
1089695968,mixed,mix->FB,mix,FB,0,3,1,109,3,2.993,13534,124.165,PVLP.LO,4,2,2,"[AVLPL5, LO.PVLPL4] -> PVLP.LOL4 -> [LOL3, ME.LOL3]",AVLP,5,LO.PVLP,4,LO,3,ME.LO,3
719049363,mixed,mix->FB,mix,FB,1,3,0,109,4,2.922,12018,110.257,PVLP.LO,4,2,2,"[LO.PVLPL3, PVLP.AVLPL5] -> PVLP.LOL4 -> [LOL3, ME.LOL3]",LO.PVLP,3,PVLP.AVLP,5,LO,3,ME.LO,3
682200867,mixed,mix->FB,mix,FB,0,3,1,109,4,2.964,12184,111.78,PVLP.LO,4,2,2,"[LO.PVLPL4, PVLP.AVLPL5] -> PVLP.LOL4 -> [LOL3, ME.LOL3]",LO.PVLP,4,PVLP.AVLP,5,LO,3,ME.LO,3
635678232,mixed,mix->FB,mix,FB,0,3,1,109,3,2.824,10599,97.239,PVLP.LO,4,2,2,"[LO.PVLPL4, PVLPL5] -> PVLP.LOL4 -> [LO.PVLPL3, ME.LOL3]",LO.PVLP,4,PVLP,5,LO.PVLP,3,ME.LO,3
632485152,mixed,mix->FB,mix,FB,1,3,0,109,3,2.852,21795,199.954,PVLP.LO,4,2,2,"[AVLPL5, LO.PVLPL3] -> PVLP.LOL4 -> [MEL3, ME.LOL3]",AVLP,5,LO.PVLP,3,ME,3,ME.LO,3
610142472,mixed,mix->FB,mix,FB,0,3,1,109,3,2.814,21961,201.477,PVLP.LO,4,2,2,"[AVLPL5, LO.PVLPL4] -> PVLP.LOL4 -> [MEL3, ME.LOL3]",AVLP,5,LO.PVLP,4,ME,3,ME.LO,3
576150888,mixed,mix->FB,mix,FB,1,2,1,109,3,2.753,12643,115.991,PVLP.LO,4,2,2,"[AVLPL4, LO.PVLPL3] -> PVLP.LOL4 -> [LOL3, ME.LOL3]",AVLP,4,LO.PVLP,3,LO,3,ME.LO,3
571307074,mixed,mix->FB,mix,FB,1,2,1,109,3,2.783,10495,96.284,PVLP.LO,4,2,2,"[LO.PVLPL4, PVLPL3] -> PVLP.LOL4 -> [LO.PVLPL3, ME.LOL3]",LO.PVLP,4,PVLP,3,LO.PVLP,3,ME.LO,3
457005609,mixed,mix->FB,mix,FB,1,2,1,109,3,2.988,14569,133.661,PVLP.LO,4,2,2,"[LO.PVLPL3, LO.PVLPL4] -> PVLP.LOL4 -> [LOL3, MEL3]",LO.PVLP,3,LO.PVLP,4,LO,3,ME,3
448695750,mixed,mix->FB,mix,FB,1,2,1,109,4,2.937,11991,110.009,PVLP.LO,4,2,2,"[LO.PVLPL3, PVLPL4] -> PVLP.LOL4 -> [LOL3, ME.LOL3]",LO.PVLP,3,PVLP,4,LO,3,ME.LO,3
401200296,mixed,mix->FB,mix,FB,1,2,1,109,3,2.462,10477,96.119,PVLP.LO,4,2,2,"[LO.PVLPL3, LO.PVLPL4] -> PVLP.LOL4 -> [ME.LOL3, PVLP.LOL3]",LO.PVLP,3,LO.PVLP,4,ME.LO,3,PVLP.LO,3
393077901,mixed,mix->FB,mix,FB,1,3,0,109,4,2.583,12009,110.174,PVLP.LO,4,2,2,"[LO.PVLPL3, PVLPL5] -> PVLP.LOL4 -> [LOL3, ME.LOL3]",LO.PVLP,3,PVLP,5,LO,3,ME.LO,3
386188740,mixed,mix->FB,mix,FB,1,3,0,109,3,2.954,20445,187.569,PVLP.LO,4,2,2,"[LO.PVLPL3, PVLP.AVLPL5] -> PVLP.LOL4 -> [MEL3, ME.LOL3]",LO.PVLP,3,PVLP.AVLP,5,ME,3,ME.LO,3
370808280,mixed,mix->FB,mix,FB,0,3,1,109,3,2.929,20611,189.092,PVLP.LO,4,2,2,"[LO.PVLPL4, PVLP.AVLPL5] -> PVLP.LOL4 -> [MEL3, ME.LOL3]",LO.PVLP,4,PVLP.AVLP,5,ME,3,ME.LO,3
369130849,mixed,mix->FB,mix,FB,0,3,1,109,5,2.674,12175,111.697,PVLP.LO,4,2,2,"[LO.PVLPL4, PVLPL5] -> PVLP.LOL4 -> [LOL3, ME.LOL3]",LO.PVLP,4,PVLP,5,LO,3,ME.LO,3
332683622,mixed,mix->FB,mix,FB,1,2,1,109,4,2.618,12071,110.743,PVLP.LO,4,2,2,"[LO.PVLPL4, PVLPL3] -> PVLP.LOL4 -> [LOL3, ME.LOL3]",LO.PVLP,4,PVLP,3,LO,3,ME.LO,3
323219898,mixed,mix->FB,mix,FB,1,2,1,109,3,2.52,21070,193.303,PVLP.LO,4,2,2,"[AVLPL4, LO.PVLPL3] -> PVLP.LOL4 -> [MEL3, ME.LOL3]",AVLP,4,LO.PVLP,3,ME,3,ME.LO,3
303294967,mixed,mix->FB,mix,FB,1,2,1,1160,127,1.002,12607,10.868,LO,4,2,2,"[ME.LOL3, ME.LOL4] -> LOL4 -> [LOL3, LO.PVLPL3]",ME.LO,3,ME.LO,4,LO,3,LO.PVLP,3
302378332,mixed,mix->FB,mix,FB,1,2,1,109,3,2.907,10464,96.0,PVLP.LO,4,2,2,"[GNG.AVLPL3, LO.PVLPL4] -> PVLP.LOL4 -> [LO.PVLPL3, ME.LOL3]",GNG.AVLP,3,LO.PVLP,4,LO.PVLP,3,ME.LO,3
252555209,mixed,mix->FB,mix,FB,1,3,0,1160,100,1.001,12059,10.396,LO,4,2,2,"[LOL5, ME.LOL3] -> LOL4 -> [LOL3, LO.PVLPL3]",LO,5,ME.LO,3,LO,3,LO.PVLP,3
243077112,mixed,mix->FB,mix,FB,1,2,1,109,3,2.914,20418,187.321,PVLP.LO,4,2,2,"[LO.PVLPL3, PVLPL4] -> PVLP.LOL4 -> [MEL3, ME.LOL3]",LO.PVLP,3,PVLP,4,ME,3,ME.LO,3
233115672,mixed,mix->FB,mix,FB,1,2,1,109,3,2.993,10754,98.661,PVLP.LO,4,2,2,"[AVLPL3, LO.PVLPL4] -> PVLP.LOL4 -> [LO.PVLPL3, ME.LOL3]",AVLP,3,LO.PVLP,4,LO.PVLP,3,ME.LO,3
203152268,mixed,mix->FB,mix,FB,0,3,1,109,4,2.934,5376,49.321,PVLP.LO,4,2,2,"[AVLPL5, LO.PVLPL4] -> PVLP.LOL4 -> [LOL3, LO.PVLPL3]",AVLP,5,LO.PVLP,4,LO,3,LO.PVLP,3
201980446,mixed,mix->FB,mix,FB,1,2,1,1160,15,1.0,12107,10.437,LO,4,2,2,"[LO.PLPL4, ME.LOL3] -> LOL4 -> [LOL3, LO.PVLPL3]",LO.PLP,4,ME.LO,3,LO,3,LO.PVLP,3
198488574,mixed,mix->FB,mix,FB,1,3,0,109,3,2.957,20436,187.486,PVLP.LO,4,2,2,"[LO.PVLPL3, PVLPL5] -> PVLP.LOL4 -> [MEL3, ME.LOL3]",LO.PVLP,3,PVLP,5,ME,3,ME.LO,3
189269254,mixed,mix->FB,mix,FB,1,2,1,109,3,2.859,10484,96.183,PVLP.LO,4,2,2,"[LO.AVLPL3, LO.PVLPL4] -> PVLP.LOL4 -> [LO.PVLPL3, ME.LOL3]",LO.AVLP,3,LO.PVLP,4,LO.PVLP,3,ME.LO,3
188954964,mixed,mix->FB,mix,FB,0,3,1,109,3,2.98,20602,189.009,PVLP.LO,4,2,2,"[LO.PVLPL4, PVLPL5] -> PVLP.LOL4 -> [MEL3, ME.LOL3]",LO.PVLP,4,PVLP,5,ME,3,ME.LO,3
169160144,mixed,mix->FB,mix,FB,1,2,1,109,3,2.989,12040,110.459,PVLP.LO,4,2,2,"[GNG.AVLPL3, LO.PVLPL4] -> PVLP.LOL4 -> [LOL3, ME.LOL3]",GNG.AVLP,3,LO.PVLP,4,LO,3,ME.LO,3
168899328,mixed,mix->FB,mix,FB,1,2,1,109,3,2.962,20498,188.055,PVLP.LO,4,2,2,"[LO.PVLPL4, PVLPL3] -> PVLP.LOL4 -> [MEL3, ME.LOL3]",LO.PVLP,4,PVLP,3,ME,3,ME.LO,3
141438938,mixed,mix->FB,mix,FB,1,2,1,1160,4,1.001,11981,10.328,LO,4,2,2,"[LO.SPSL4, ME.LOL3] -> LOL4 -> [LOL3, LO.PVLPL3]",LO.SPS,4,ME.LO,3,LO,3,LO.PVLP,3
136128818,mixed,mix->FB,mix,FB,0,3,1,109,3,2.75,11877,108.963,PVLP.LO,4,2,2,"[AVLPL4, AVLPL5] -> PVLP.LOL4 -> [LO.PVLPL3, ME.LOL3]",AVLP,4,AVLP,5,LO.PVLP,3,ME.LO,3
134553696,mixed,mix->FB,mix,FB,1,2,1,109,3,2.907,12330,113.119,PVLP.LO,4,2,2,"[AVLPL3, LO.PVLPL4] -> PVLP.LOL4 -> [LOL3, ME.LOL3]",AVLP,3,LO.PVLP,4,LO,3,ME.LO,3
131571552,mixed,mix->FB,mix,FB,1,2,1,109,3,2.408,11922,109.376,PVLP.LO,4,2,2,"[LO.PVLPL3, PVLP.AVLPL4] -> PVLP.LOL4 -> [LOL3, ME.LOL3]",LO.PVLP,3,PVLP.AVLP,4,LO,3,ME.LO,3
129271140,mixed,mix->FB,mix,FB,0,3,1,109,3,2.819,4026,36.936,PVLP.LO,4,2,2,"[LO.PVLPL4, PVLP.AVLPL5] -> PVLP.LOL4 -> [LOL3, LO.PVLPL3]",LO.PVLP,4,PVLP.AVLP,5,LO,3,LO.PVLP,3
114488299,mixed,mix->FB,mix,FB,1,2,1,1160,126,1.001,12117,10.446,LO,4,2,2,"[ME.LOL3, ME.LOL4] -> LOL4 -> [LOL3, LO.PLPL3]",ME.LO,3,ME.LO,4,LO,3,LO.PLP,3
110399022,mixed,mix->FB,mix,FB,0,3,1,109,3,2.89,13803,126.633,PVLP.LO,4,2,2,"[AVLPL5, LO.PVLPL4] -> PVLP.LOL4 -> [LO.PVLPL3, MEL3]",AVLP,5,LO.PVLP,4,LO.PVLP,3,ME,3
110242880,mixed,mix->FB,mix,FB,1,2,1,109,3,2.762,12060,110.642,PVLP.LO,4,2,2,"[LO.AVLPL3, LO.PVLPL4] -> PVLP.LOL4 -> [LOL3, ME.LOL3]",LO.AVLP,3,LO.PVLP,4,LO,3,ME.LO,3
105966200,mixed,mix->FB,mix,FB,0,3,1,109,3,2.971,11225,102.982,PVLP.LO,4,2,2,"[AVLPL5, PVLPL4] -> PVLP.LOL4 -> [LO.PVLPL3, ME.LOL3]",AVLP,5,PVLP,4,LO.PVLP,3,ME.LO,3
104748109,mixed,mix->FB,mix,FB,1,2,1,109,4,2.973,10495,96.284,PVLP.LO,4,2,2,"[LO.PVLPL3, LO.PVLPL4] -> PVLP.LOL4 -> [ME.LOL3, PVLPL3]",LO.PVLP,3,LO.PVLP,4,ME.LO,3,PVLP,3
104748108,mixed,mix->FB,mix,FB,1,2,1,109,3,2.973,10597,97.22,PVLP.LO,4,2,2,"[LO.PVLPL3, LO.PVLPL4] -> PVLP.LOL4 -> [LO.MEL3, ME.LOL3]",LO.PVLP,3,LO.PVLP,4,LO.ME,3,ME.LO,3
102278792,mixed,mix->FB,mix,FB,0,3,1,109,2,1.57,10558,96.862,PVLP.LO,4,2,2,"[LO.PVLPL4, LO.PVLPL5] -> PVLP.LOL4 -> [LO.PVLPL3, ME.LOL3]",LO.PVLP,4,LO.PVLP,5,LO.PVLP,3,ME.LO,3
102073339,mixed,mix->FB,mix,FB,1,2,1,1160,98,1.001,12607,10.868,LO,4,2,2,"[LOL3, ME.LOL4] -> LOL4 -> [LO.PVLPL3, ME.LOL3]",LO,3,ME.LO,4,LO.PVLP,3,ME.LO,3
101115362,mixed,mix->FB,mix,FB,1,2,1,109,3,1.0,10484,96.183,PVLP.LO,4,2,2,"[LO.PVLPL3, LO.PVLPL4] -> PVLP.LOL4 -> [LO.AVLPL3, ME.LOL3]",LO.PVLP,3,LO.PVLP,4,LO.AVLP,3,ME.LO,3
95407031,mixed,mix->FB,mix,FB,1,3,0,1160,158,1.001,11569,9.973,LO,4,2,2,"[LOL5, ME.LOL3] -> LOL4 -> [LOL3, LO.PLPL3]",LO,5,ME.LO,3,LO,3,LO.PLP,3
95374764,mixed,mix->FB,mix,FB,1,2,1,109,3,2.786,20467,187.771,PVLP.LO,4,2,2,"[GNG.AVLPL3, LO.PVLPL4] -> PVLP.LOL4 -> [MEL3, ME.LOL3]",GNG.AVLP,3,LO.PVLP,4,ME,3,ME.LO,3
87768240,mixed,mix->FB,mix,FB,1,2,1,109,3,2.96,11908,109.248,PVLP.LO,4,2,2,"[LO.AVLPL4, LO.PVLPL3] -> PVLP.LOL4 -> [LOL3, ME.LOL3]",LO.AVLP,4,LO.PVLP,3,LO,3,ME.LO,3
85049662,mixed,mix->FB,mix,FB,1,3,0,1160,72,1.0,12059,10.396,LO,4,2,2,"[LOL3, LOL5] -> LOL4 -> [LO.PVLPL3, ME.LOL3]",LO,3,LO,5,LO.PVLP,3,ME.LO,3
83160532,mixed,mix->FB,mix,FB,0,3,1,109,3,2.862,10527,96.578,PVLP.LO,4,2,2,"[AVLPL4, PVLP.AVLPL5] -> PVLP.LOL4 -> [LO.PVLPL3, ME.LOL3]",AVLP,4,PVLP.AVLP,5,LO.PVLP,3,ME.LO,3
80999496,mixed,mix->FB,mix,FB,1,2,1,109,3,2.245,20349,186.688,PVLP.LO,4,2,2,"[LO.PVLPL3, PVLP.AVLPL4] -> PVLP.LOL4 -> [MEL3, ME.LOL3]",LO.PVLP,3,PVLP.AVLP,4,ME,3,ME.LO,3
80864589,mixed,mix->FB,mix,FB,1,3,0,1160,4,1.002,11977,10.325,LO,4,2,2,"[LO.SPSL5, ME.LOL3] -> LOL4 -> [LOL3, LO.PVLPL3]",LO.SPS,5,ME.LO,3,LO,3,LO.PVLP,3
79551026,mixed,mix->FB,mix,FB,1,3,0,109,3,2.851,11139,102.193,PVLP.LO,4,2,2,"[AVLPL5, PVLPL3] -> PVLP.LOL4 -> [LO.PVLPL3, ME.LOL3]",AVLP,5,PVLP,3,LO.PVLP,3,ME.LO,3
78101728,mixed,mix->FB,mix,FB,0,3,1,109,3,2.697,13453,123.422,PVLP.LO,4,2,2,"[AVLPL4, AVLPL5] -> PVLP.LOL4 -> [LOL3, ME.LOL3]",AVLP,4,AVLP,5,LO,3,ME.LO,3
76306370,mixed,mix->FB,mix,FB,1,2,1,1160,20,1.0,11617,10.015,LO,4,2,2,"[LO.PLPL4, ME.LOL3] -> LOL4 -> [LOL3, LO.PLPL3]",LO.PLP,4,ME.LO,3,LO,3,LO.PLP,3
73101744,mixed,mix->FB,mix,FB,1,2,1,109,3,2.853,20757,190.431,PVLP.LO,4,2,2,"[AVLPL3, LO.PVLPL4] -> PVLP.LOL4 -> [MEL3, ME.LOL3]",AVLP,3,LO.PVLP,4,ME,3,ME.LO,3
72655497,mixed,mix->FB,mix,FB,0,3,1,109,12,2.435,4017,36.853,PVLP.LO,4,2,2,"[LO.PVLPL4, PVLPL5] -> PVLP.LOL4 -> [LOL3, LO.PVLPL3]",LO.PVLP,4,PVLP,5,LO,3,LO.PVLP,3
70763904,mixed,mix->FB,mix,FB,1,2,1,1160,90,1.002,22610,19.491,LO,4,2,2,"[ME.LOL3, ME.LOL4] -> LOL4 -> [LOL3, MEL3]",ME.LO,3,ME.LO,4,LO,3,ME,3
69750432,mixed,mix->FB,mix,FB,1,3,0,109,2,1.367,11968,109.798,PVLP.LO,4,2,2,"[LO.PVLPL3, LO.PVLPL5] -> PVLP.LOL4 -> [LOL3, ME.LOL3]",LO.PVLP,3,LO.PVLP,5,LO,3,ME.LO,3
68065920,mixed,mix->FB,mix,FB,0,3,1,109,3,2.949,12453,114.248,PVLP.LO,4,2,2,"[LO.PVLPL4, PVLP.AVLPL5] -> PVLP.LOL4 -> [LO.PVLPL3, MEL3]",LO.PVLP,4,PVLP.AVLP,5,LO.PVLP,3,ME,3
68024735,mixed,mix->FB,mix,FB,1,2,1,1160,10,1.0,12107,10.437,LO,4,2,2,"[LOL3, LO.PLPL4] -> LOL4 -> [LO.PVLPL3, ME.LOL3]",LO,3,LO.PLP,4,LO.PVLP,3,ME.LO,3
65789453,mixed,mix->FB,mix,FB,1,2,1,109,12,2.379,3913,35.899,PVLP.LO,4,2,2,"[LO.PVLPL4, PVLPL3] -> PVLP.LOL4 -> [LOL3, LO.PVLPL3]",LO.PVLP,4,PVLP,3,LO,3,LO.PVLP,3
65741232,mixed,mix->FB,mix,FB,0,3,1,109,3,2.996,9875,90.596,PVLP.LO,4,2,2,"[PVLPL4, PVLP.AVLPL5] -> PVLP.LOL4 -> [LO.PVLPL3, ME.LOL3]",PVLP,4,PVLP.AVLP,5,LO.PVLP,3,ME.LO,3
65418440,mixed,mix->FB,mix,FB,0,3,1,109,2,1.878,10474,96.092,PVLP.LO,4,2,2,"[LO.PVLPL4, WEDL5] -> PVLP.LOL4 -> [LO.PVLPL3, ME.LOL3]",LO.PVLP,4,WED,5,LO.PVLP,3,ME.LO,3
64385289,mixed,mix->FB,mix,FB,1,3,0,109,3,3.0,15213,139.569,PVLP.LO,4,2,2,"[AVLPL5, LO.PVLPL3] -> PVLP.LOL4 -> [LOL3, MEL3]",AVLP,5,LO.PVLP,3,LO,3,ME,3
64371158,mixed,mix->FB,mix,FB,1,2,1,109,3,2.971,10443,95.807,PVLP.LO,4,2,2,"[AMMC.AVLPL3, LO.PVLPL4] -> PVLP.LOL4 -> [LO.PVLPL3, ME.LOL3]",AMMC.AVLP,3,LO.PVLP,4,LO.PVLP,3,ME.LO,3
64371158,mixed,mix->FB,mix,FB,0,3,1,109,3,2.971,10450,95.872,PVLP.LO,4,2,2,"[LO.AVLPL5, LO.PVLPL4] -> PVLP.LOL4 -> [LO.PVLPL3, ME.LOL3]",LO.AVLP,5,LO.PVLP,4,LO.PVLP,3,ME.LO,3
64371158,mixed,mix->FB,mix,FB,1,2,1,109,3,2.971,10446,95.835,PVLP.LO,4,2,2,"[LO.PVLPL4, PVLP.AVLPL3] -> PVLP.LOL4 -> [LO.PVLPL3, ME.LOL3]",LO.PVLP,4,PVLP.AVLP,3,LO.PVLP,3,ME.LO,3
63538144,mixed,mix->FB,mix,FB,0,3,1,109,2,1.411,12134,111.321,PVLP.LO,4,2,2,"[LO.PVLPL4, LO.PVLPL5] -> PVLP.LOL4 -> [LOL3, ME.LOL3]",LO.PVLP,4,LO.PVLP,5,LO,3,ME.LO,3
63323876,mixed,mix->FB,mix,FB,1,2,1,109,2,1.899,10454,95.908,PVLP.LO,4,2,2,"[LO.PVLPL4, PLP.AVLPL3] -> PVLP.LOL4 -> [LO.PVLPL3, ME.LOL3]",LO.PVLP,4,PLP.AVLP,3,LO.PVLP,3,ME.LO,3
61881770,mixed,mix->FB,mix,FB,1,2,1,1160,165,1.001,22610,19.491,LO,4,2,2,"[MEL3, ME.LOL4] -> LOL4 -> [LOL3, ME.LOL3]",ME,3,ME.LO,4,LO,3,ME.LO,3
61574220,mixed,mix->FB,mix,FB,0,3,1,109,1,1.0,10667,97.862,PVLP.LO,4,2,2,"[AVLP.ICLL5, LO.PVLPL4] -> PVLP.LOL4 -> [LO.PVLPL3, ME.LOL3]",AVLP.ICL,5,LO.PVLP,4,LO.PVLP,3,ME.LO,3
61565139,mixed,mix->FB,mix,FB,0,3,1,109,3,2.995,15379,141.092,PVLP.LO,4,2,2,"[AVLPL5, LO.PVLPL4] -> PVLP.LOL4 -> [LOL3, MEL3]",AVLP,5,LO.PVLP,4,LO,3,ME,3
61077528,mixed,mix->FB,mix,FB,1,2,1,109,3,2.57,20487,187.954,PVLP.LO,4,2,2,"[LO.AVLPL3, LO.PVLPL4] -> PVLP.LOL4 -> [MEL3, ME.LOL3]",LO.AVLP,3,LO.PVLP,4,ME,3,ME.LO,3
60063136,mixed,mix->FB,mix,FB,0,3,1,109,3,2.98,12801,117.44,PVLP.LO,4,2,2,"[AVLPL5, PVLPL4] -> PVLP.LOL4 -> [LOL3, ME.LOL3]",AVLP,5,PVLP,4,LO,3,ME.LO,3
59479656,mixed,mix->FB,mix,FB,0,3,1,109,2,1.825,10481,96.156,PVLP.LO,4,2,2,"[AVLP.PVLPL5, LO.PVLPL4] -> PVLP.LOL4 -> [LO.PVLPL3, ME.LOL3]",AVLP.PVLP,5,LO.PVLP,4,LO.PVLP,3,ME.LO,3
58966548,mixed,mix->FB,mix,FB,1,3,0,1160,131,1.002,22062,19.019,LO,4,2,2,"[LOL5, ME.LOL3] -> LOL4 -> [LOL3, MEL3]",LO,5,ME.LO,3,LO,3,ME,3
55227504,mixed,mix->FB,mix,FB,1,3,0,109,3,2.576,11121,102.028,PVLP.LO,4,2,2,"[AVLPL5, LO.PVLPL3] -> PVLP.LOL4 -> [ME.LOL3, PVLP.LOL3]",AVLP,5,LO.PVLP,3,ME.LO,3,PVLP.LO,3
53413906,mixed,mix->FB,mix,FB,1,2,1,1160,6,1.0,11491,9.906,LO,4,2,2,"[LO.SPSL4, ME.LOL3] -> LOL4 -> [LOL3, LO.PLPL3]",LO.SPS,4,ME.LO,3,LO,3,LO.PLP,3
51881718,mixed,mix->FB,mix,FB,0,3,1,109,3,2.666,11287,103.55,PVLP.LO,4,2,2,"[AVLPL5, LO.PVLPL4] -> PVLP.LOL4 -> [ME.LOL3, PVLP.LOL3]",AVLP,5,LO.PVLP,4,ME.LO,3,PVLP.LO,3
51578361,mixed,mix->FB,mix,FB,1,3,0,1160,158,1.001,22062,19.019,LO,4,2,2,"[LOL5, MEL3] -> LOL4 -> [LOL3, ME.LOL3]",LO,5,ME,3,LO,3,ME.LO,3
51144256,mixed,mix->FB,mix,FB,1,3,0,109,3,2.691,9789,89.807,PVLP.LO,4,2,2,"[PVLPL3, PVLP.AVLPL5] -> PVLP.LOL4 -> [LO.PVLPL3, ME.LOL3]",PVLP,3,PVLP.AVLP,5,LO.PVLP,3,ME.LO,3
50495374,mixed,mix->FB,mix,FB,1,3,0,1160,11,1.0,11903,10.261,LO,4,2,2,"[LO.PLPL5, ME.LOL3] -> LOL4 -> [LOL3, LO.PVLPL3]",LO.PLP,5,ME.LO,3,LO,3,LO.PVLP,3
48743172,mixed,mix->FB,mix,FB,1,2,1,109,3,2.815,20335,186.56,PVLP.LO,4,2,2,"[LO.AVLPL4, LO.PVLPL3] -> PVLP.LOL4 -> [MEL3, ME.LOL3]",LO.AVLP,4,LO.PVLP,3,ME,3,ME.LO,3
48458463,mixed,mix->FB,mix,FB,1,2,1,109,6,1.993,3895,35.734,PVLP.LO,4,2,2,"[LO.PVLPL3, LO.PVLPL4] -> PVLP.LOL4 -> [LOL3, PVLP.LOL3]",LO.PVLP,3,LO.PVLP,4,LO,3,PVLP.LO,3
48207504,mixed,mix->FB,mix,FB,0,3,1,109,3,2.779,12103,111.037,PVLP.LO,4,2,2,"[AVLPL4, PVLP.AVLPL5] -> PVLP.LOL4 -> [LOL3, ME.LOL3]",AVLP,4,PVLP.AVLP,5,LO,3,ME.LO,3
47619218,mixed,mix->FB,mix,FB,1,2,1,1160,3,1.0,11981,10.328,LO,4,2,2,"[LOL3, LO.SPSL4] -> LOL4 -> [LO.PVLPL3, ME.LOL3]",LO,3,LO.SPS,4,LO.PVLP,3,ME.LO,3
47327760,mixed,mix->FB,mix,FB,1,2,1,109,2,1.993,11877,108.963,PVLP.LO,4,2,2,"[GNG.AVLPL4, LO.PVLPL3] -> PVLP.LOL4 -> [LOL3, ME.LOL3]",GNG.AVLP,4,LO.PVLP,3,LO,3,ME.LO,3
47161545,mixed,mix->FB,mix,FB,1,2,1,1160,18,1.001,22110,19.06,LO,4,2,2,"[LO.PLPL4, ME.LOL3] -> LOL4 -> [LOL3, MEL3]",LO.PLP,4,ME.LO,3,LO,3,ME,3
46020160,mixed,mix->FB,mix,FB,1,3,0,109,3,2.722,12715,116.651,PVLP.LO,4,2,2,"[AVLPL5, PVLPL3] -> PVLP.LOL4 -> [LOL3, ME.LOL3]",AVLP,5,PVLP,3,LO,3,ME.LO,3
44893700,mixed,mix->FB,mix,FB,0,3,1,109,2,1.985,10443,95.807,PVLP.LO,4,2,2,"[AVLP.LOL5, LO.PVLPL4] -> PVLP.LOL4 -> [LO.PVLPL3, ME.LOL3]",AVLP.LO,5,LO.PVLP,4,LO.PVLP,3,ME.LO,3
44828568,mixed,mix->FB,mix,FB,0,3,1,109,3,2.413,21880,200.734,PVLP.LO,4,2,2,"[AVLPL4, AVLPL5] -> PVLP.LOL4 -> [MEL3, ME.LOL3]",AVLP,4,AVLP,5,ME,3,ME.LO,3
43846418,mixed,mix->FB,mix,FB,0,3,1,109,2,1.975,10447,95.844,PVLP.LO,4,2,2,"[GNG.AVLPL5, LO.PVLPL4] -> PVLP.LOL4 -> [LO.PVLPL3, ME.LOL3]",GNG.AVLP,5,LO.PVLP,4,LO.PVLP,3,ME.LO,3
43076072,mixed,mix->FB,mix,FB,1,3,0,109,3,2.866,11108,101.908,PVLP.LO,4,2,2,"[AVLPL5, GNG.AVLPL3] -> PVLP.LOL4 -> [LO.PVLPL3, ME.LOL3]",AVLP,5,GNG.AVLP,3,LO.PVLP,3,ME.LO,3
42444934,mixed,mix->FB,mix,FB,0,3,1,109,3,2.915,10518,96.495,PVLP.LO,4,2,2,"[AVLPL4, PVLPL5] -> PVLP.LOL4 -> [LO.PVLPL3, ME.LOL3]",AVLP,4,PVLP,5,LO.PVLP,3,ME.LO,3
42067624,mixed,mix->FB,mix,FB,1,2,1,1160,47,1.001,10541,9.087,LO,4,2,2,"[ME.LOL3, ME.LOL4] -> LOL4 -> [LO.PLPL3, LO.PVLPL3]",ME.LO,3,ME.LO,4,LO.PLP,3,LO.PVLP,3
41843304,mixed,mix->FB,mix,FB,1,3,0,109,2,1.723,11891,109.092,PVLP.LO,4,2,2,"[AVLP.PVLPL5, LO.PVLPL3] -> PVLP.LOL4 -> [LOL3, ME.LOL3]",AVLP.PVLP,5,LO.PVLP,3,LO,3,ME.LO,3
41234274,mixed,mix->FB,mix,FB,1,2,1,1160,19,1.0,22110,19.06,LO,4,2,2,"[LO.PLPL4, MEL3] -> LOL4 -> [LOL3, ME.LOL3]",LO.PLP,4,ME,3,LO,3,ME.LO,3
40458150,mixed,mix->FB,mix,FB,1,3,0,109,3,2.947,13863,127.183,PVLP.LO,4,2,2,"[LO.PVLPL3, PVLP.AVLPL5] -> PVLP.LOL4 -> [LOL3, MEL3]",LO.PVLP,3,PVLP.AVLP,5,LO,3,ME,3
40002198,mixed,mix->FB,mix,FB,0,3,1,109,2,1.999,10444,95.817,PVLP.LO,4,2,2,"[LO.PVLPL4, SAD.GORL5] -> PVLP.LOL4 -> [LO.PVLPL3, ME.LOL3]",LO.PVLP,4,SAD.GOR,5,LO.PVLP,3,ME.LO,3
38553107,mixed,mix->FB,mix,FB,1,2,1,1160,83,1.0,12117,10.446,LO,4,2,2,"[LOL3, ME.LOL4] -> LOL4 -> [LO.PLPL3, ME.LOL3]",LO,3,ME.LO,4,LO.PLP,3,ME.LO,3
38459610,mixed,mix->FB,mix,FB,0,3,1,109,3,2.979,14029,128.706,PVLP.LO,4,2,2,"[LO.PVLPL4, PVLP.AVLPL5] -> PVLP.LOL4 -> [LOL3, MEL3]",LO.PVLP,4,PVLP.AVLP,5,LO,3,ME,3
38318856,mixed,mix->FB,mix,FB,1,3,0,109,3,2.962,11860,108.807,PVLP.LO,4,2,2,"[LO.AVLPL5, LO.PVLPL3] -> PVLP.LOL4 -> [LOL3, ME.LOL3]",LO.AVLP,5,LO.PVLP,3,LO,3,ME.LO,3
38287920,mixed,mix->FB,mix,FB,0,3,1,109,2,1.764,12057,110.615,PVLP.LO,4,2,2,"[AVLP.PVLPL5, LO.PVLPL4] -> PVLP.LOL4 -> [LOL3, ME.LOL3]",AVLP.PVLP,5,LO.PVLP,4,LO,3,ME.LO,3
37960818,mixed,mix->FB,mix,FB,1,2,1,109,3,2.891,10414,95.541,PVLP.LO,4,2,2,"[AVLPL4, PVLPL3] -> PVLP.LOL4 -> [LO.PVLPL3, ME.LOL3]",AVLP,4,PVLP,3,LO.PVLP,3,ME.LO,3
37756806,mixed,mix->FB,mix,FB,0,3,1,109,4,2.928,11451,105.055,PVLP.LO,4,2,2,"[PVLPL4, PVLP.AVLPL5] -> PVLP.LOL4 -> [LOL3, ME.LOL3]",PVLP,4,PVLP.AVLP,5,LO,3,ME.LO,3
37600059,mixed,mix->FB,mix,FB,1,3,0,109,2,1.0,12077,110.798,PVLP.LO,4,2,2,"[AVLP.ICLL5, LO.PVLPL3] -> PVLP.LOL4 -> [LOL3, ME.LOL3]",AVLP.ICL,5,LO.PVLP,3,LO,3,ME.LO,3
37386592,mixed,mix->FB,mix,FB,1,2,1,109,2,1.725,12030,110.367,PVLP.LO,4,2,2,"[LO.PVLPL4, PLP.AVLPL3] -> PVLP.LOL4 -> [LOL3, ME.LOL3]",LO.PVLP,4,PLP.AVLP,3,LO,3,ME.LO,3
36590599,mixed,mix->FB,mix,FB,1,2,1,1160,113,1.011,14452,12.459,LO,4,2,2,"[MEL3, ME.LOL4] -> LOL4 -> [LOL3, LO.PVLPL3]",ME,3,ME.LO,4,LO,3,LO.PVLP,3
36472616,mixed,mix->FB,mix,FB,1,3,0,109,3,2.324,9771,89.642,PVLP.LO,4,2,2,"[LO.PVLPL3, PVLP.AVLPL5] -> PVLP.LOL4 -> [ME.LOL3, PVLP.LOL3]",LO.PVLP,3,PVLP.AVLP,5,ME.LO,3,PVLP.LO,3
36447184,mixed,mix->FB,mix,FB,1,2,1,109,3,2.989,12019,110.266,PVLP.LO,4,2,2,"[AMMC.AVLPL3, LO.PVLPL4] -> PVLP.LOL4 -> [LOL3, ME.LOL3]",AMMC.AVLP,3,LO.PVLP,4,LO,3,ME.LO,3
36447184,mixed,mix->FB,mix,FB,0,3,1,109,3,2.989,12026,110.33,PVLP.LO,4,2,2,"[LO.AVLPL5, LO.PVLPL4] -> PVLP.LOL4 -> [LOL3, ME.LOL3]",LO.AVLP,5,LO.PVLP,4,LO,3,ME.LO,3
36447184,mixed,mix->FB,mix,FB,1,2,1,109,3,2.989,12022,110.294,PVLP.LO,4,2,2,"[LO.PVLPL4, PVLP.AVLPL3] -> PVLP.LOL4 -> [LOL3, ME.LOL3]",LO.PVLP,4,PVLP.AVLP,3,LO,3,ME.LO,3
36409107,mixed,mix->FB,mix,FB,0,3,1,109,2,1.0,12243,112.321,PVLP.LO,4,2,2,"[AVLP.ICLL5, LO.PVLPL4] -> PVLP.LOL4 -> [LOL3, ME.LOL3]",AVLP.ICL,5,LO.PVLP,4,LO,3,ME.LO,3
36197232,mixed,mix->FB,mix,FB,1,3,0,109,2,1.742,11884,109.028,PVLP.LO,4,2,2,"[LO.PVLPL3, WEDL5] -> PVLP.LOL4 -> [LOL3, ME.LOL3]",LO.PVLP,3,WED,5,LO,3,ME.LO,3
36197232,mixed,mix->FB,mix,FB,1,2,1,109,2,1.742,11882,109.009,PVLP.LO,4,2,2,"[LO.PVLPL3, WED.AVLPL4] -> PVLP.LOL4 -> [LOL3, ME.LOL3]",LO.PVLP,3,WED.AVLP,4,LO,3,ME.LO,3
36080610,mixed,mix->FB,mix,FB,0,3,1,109,4,2.815,12444,114.165,PVLP.LO,4,2,2,"[LO.PVLPL4, PVLPL5] -> PVLP.LOL4 -> [LO.PVLPL3, MEL3]",LO.PVLP,4,PVLP,5,LO.PVLP,3,ME,3
35899002,mixed,mix->FB,mix,FB,0,3,1,109,3,2.142,11156,102.349,PVLP.LO,4,2,2,"[AVLPL5, PVLP.AVLPL4] -> PVLP.LOL4 -> [LO.PVLPL3, ME.LOL3]",AVLP,5,PVLP.AVLP,4,LO.PVLP,3,ME.LO,3
35507776,mixed,mix->FB,mix,FB,0,3,1,109,2,1.762,12050,110.55,PVLP.LO,4,2,2,"[LO.PVLPL4, WEDL5] -> PVLP.LOL4 -> [LOL3, ME.LOL3]",LO.PVLP,4,WED,5,LO,3,ME.LO,3
35085304,mixed,mix->FB,mix,FB,0,3,1,109,4,2.793,9866,90.514,PVLP.LO,4,2,2,"[PVLPL4, PVLPL5] -> PVLP.LOL4 -> [LO.PVLPL3, ME.LOL3]",PVLP,4,PVLP,5,LO.PVLP,3,ME.LO,3
35040053,mixed,mix->FB,mix,FB,1,3,0,1160,42,1.0,9993,8.615,LO,4,2,2,"[LOL5, ME.LOL3] -> LOL4 -> [LO.PLPL3, LO.PVLPL3]",LO,5,ME.LO,3,LO.PLP,3,LO.PVLP,3
34038936,mixed,mix->FB,mix,FB,0,3,1,109,3,2.424,9937,91.165,PVLP.LO,4,2,2,"[LO.PVLPL4, PVLP.AVLPL5] -> PVLP.LOL4 -> [ME.LOL3, PVLP.LOL3]",LO.PVLP,4,PVLP.AVLP,5,ME.LO,3,PVLP.LO,3
33672820,mixed,mix->FB,mix,FB,1,2,1,1160,42,1.001,11928,10.283,LO,4,2,2,"[ME.LOL3, ME.LOL4] -> LOL4 -> [LOL3, LO.SPSL3]",ME.LO,3,ME.LO,4,LO,3,LO.SPS,3
33380352,mixed,mix->FB,mix,FB,0,3,1,109,3,2.827,21228,194.752,PVLP.LO,4,2,2,"[AVLPL5, PVLPL4] -> PVLP.LOL4 -> [MEL3, ME.LOL3]",AVLP,5,PVLP,4,ME,3,ME.LO,3
33073848,mixed,mix->FB,mix,FB,1,2,1,1160,26,1.005,21984,18.952,LO,4,2,2,"[LO.SPSL4, ME.LOL3] -> LOL4 -> [LOL3, MEL3]",LO.SPS,4,ME.LO,3,LO,3,ME,3
32979624,mixed,mix->FB,mix,FB,1,3,0,109,3,2.979,11398,104.569,PVLP.LO,4,2,2,"[AVLPL3, AVLPL5] -> PVLP.LOL4 -> [LO.PVLPL3, ME.LOL3]",AVLP,3,AVLP,5,LO.PVLP,3,ME.LO,3
32417569,mixed,mix->FB,mix,FB,1,2,1,109,4,2.779,12340,113.211,PVLP.LO,4,2,2,"[LO.PVLPL4, PVLPL3] -> PVLP.LOL4 -> [LO.PVLPL3, MEL3]",LO.PVLP,4,PVLP,3,LO.PVLP,3,ME,3
32127631,mixed,mix->FB,mix,FB,1,3,0,1160,86,1.0,11569,9.973,LO,4,2,2,"[LOL3, LOL5] -> LOL4 -> [LO.PLPL3, ME.LOL3]",LO,3,LO,5,LO.PLP,3,ME.LO,3
32110641,mixed,mix->FB,mix,FB,1,2,1,109,3,2.814,14488,132.917,PVLP.LO,4,2,2,"[AVLPL4, LO.PVLPL3] -> PVLP.LOL4 -> [LOL3, MEL3]",AVLP,4,LO.PVLP,3,LO,3,ME,3
31599792,mixed,mix->FB,mix,FB,1,2,1,109,1,1.0,10446,95.835,PVLP.LO,4,2,2,"[LO.PVLPL3, LO.PVLPL4] -> PVLP.LOL4 -> [ME.LOL3, PVLP.AVLPL3]",LO.PVLP,3,LO.PVLP,4,ME.LO,3,PVLP.AVLP,3
31558472,mixed,mix->FB,mix,FB,1,2,1,109,4,2.746,9762,89.56,PVLP.LO,4,2,2,"[PVLPL3, PVLPL4] -> PVLP.LOL4 -> [LO.PVLPL3, ME.LOL3]",PVLP,3,PVLP,4,LO.PVLP,3,ME.LO,3
31488234,mixed,mix->FB,mix,FB,1,2,1,109,3,2.939,3882,35.615,PVLP.LO,4,2,2,"[GNG.AVLPL3, LO.PVLPL4] -> PVLP.LOL4 -> [LOL3, LO.PVLPL3]",GNG.AVLP,3,LO.PVLP,4,LO,3,LO.PVLP,3
30697380,mixed,mix->FB,mix,FB,1,2,1,109,2,1.987,20304,186.275,PVLP.LO,4,2,2,"[GNG.AVLPL4, LO.PVLPL3] -> PVLP.LOL4 -> [MEL3, ME.LOL3]",GNG.AVLP,4,LO.PVLP,3,ME,3,ME.LO,3
30525512,mixed,mix->FB,mix,FB,1,3,0,1160,3,1.0,11487,9.903,LO,4,2,2,"[LO.SPSL5, ME.LOL3] -> LOL4 -> [LOL3, LO.PLPL3]",LO.SPS,5,ME.LO,3,LO,3,LO.PLP,3
30327770,mixed,mix->FB,mix,FB,1,3,0,1160,84,1.001,13904,11.986,LO,4,2,2,"[LOL5, MEL3] -> LOL4 -> [LOL3, LO.PVLPL3]",LO,5,ME,3,LO,3,LO.PVLP,3
30305492,mixed,mix->FB,mix,FB,1,2,1,1160,8,1.001,11883,10.244,LO,4,2,2,"[LOP.LOL4, ME.LOL3] -> LOL4 -> [LOL3, LO.PVLPL3]",LOP.LO,4,ME.LO,3,LO,3,LO.PVLP,3
30073446,mixed,mix->FB,mix,FB,1,3,0,109,4,2.486,11365,104.266,PVLP.LO,4,2,2,"[PVLPL3, PVLP.AVLPL5] -> PVLP.LOL4 -> [LOL3, ME.LOL3]",PVLP,3,PVLP.AVLP,5,LO,3,ME.LO,3
29713475,mixed,mix->FB,mix,FB,1,2,1,207,4,1.06,2838,13.71,LO,5,2,2,"[LO.PLPL5, ME.LOL4] -> LOL5 -> [LOL4, LO.PVLPL4]",LO.PLP,5,ME.LO,4,LO,4,LO.PVLP,4
29314104,mixed,mix->FB,mix,FB,1,3,0,109,4,2.285,9780,89.725,PVLP.LO,4,2,2,"[PVLPL3, PVLPL5] -> PVLP.LOL4 -> [LO.PVLPL3, ME.LOL3]",PVLP,3,PVLP,5,LO.PVLP,3,ME.LO,3
29309952,mixed,mix->FB,mix,FB,1,2,1,109,1,1.0,11859,108.798,PVLP.LO,4,2,2,"[AVLP.PLPL4, LO.PVLPL3] -> PVLP.LOL4 -> [LOL3, ME.LOL3]",AVLP.PLP,4,LO.PVLP,3,LO,3,ME.LO,3
29309952,mixed,mix->FB,mix,FB,1,2,1,109,1,1.0,11857,108.78,PVLP.LO,4,2,2,"[LO.PVLPL3, WED.PVLPL4] -> PVLP.LOL4 -> [LOL3, ME.LOL3]",LO.PVLP,3,WED.PVLP,4,LO,3,ME.LO,3
29037024,mixed,mix->FB,mix,FB,1,3,0,109,2,1.582,20395,187.11,PVLP.LO,4,2,2,"[LO.PVLPL3, LO.PVLPL5] -> PVLP.LOL4 -> [MEL3, ME.LOL3]",LO.PVLP,3,LO.PVLP,5,ME,3,ME.LO,3
28865882,mixed,mix->FB,mix,FB,1,2,1,1160,5,1.0,21984,18.952,LO,4,2,2,"[LO.SPSL4, MEL3] -> LOL4 -> [LOL3, ME.LOL3]",LO.SPS,4,ME,3,LO,3,ME.LO,3
28119467,mixed,mix->FB,mix,FB,0,3,1,1160,134,1.0,12108,10.438,LO,4,2,2,"[LOL5, ME.LOL4] -> LOL4 -> [LOL3, ME.LOL3]",LO,5,ME.LO,4,LO,3,ME.LO,3
28059608,mixed,mix->FB,mix,FB,1,3,0,1160,51,1.001,11380,9.81,LO,4,2,2,"[LOL5, ME.LOL3] -> LOL4 -> [LOL3, LO.SPSL3]",LO,5,ME.LO,3,LO,3,LO.SPS,3
28029889,mixed,mix->FB,mix,FB,1,2,1,1160,7,1.0,10041,8.656,LO,4,2,2,"[LO.PLPL4, ME.LOL3] -> LOL4 -> [LO.PLPL3, LO.PVLPL3]",LO.PLP,4,ME.LO,3,LO.PLP,3,LO.PVLP,3
28021286,mixed,mix->FB,mix,FB,1,2,1,207,8,4.571,2818,13.614,LO,5,2,2,"[ME.LOL4, ME.LOL5] -> LOL5 -> [LOL4, LO.PVLPL4]",ME.LO,4,ME.LO,5,LO,4,LO.PVLP,4
27213144,mixed,mix->FB,mix,FB,1,3,0,1160,4,1.0,11977,10.325,LO,4,2,2,"[LOL3, LO.SPSL5] -> LOL4 -> [LO.PVLPL3, ME.LOL3]",LO,3,LO.SPS,5,LO.PVLP,3,ME.LO,3
27188328,mixed,mix->FB,mix,FB,1,2,1,109,2,1.988,11863,108.835,PVLP.LO,4,2,2,"[GNG.ICLL4, LO.PVLPL3] -> PVLP.LOL4 -> [LOL3, ME.LOL3]",GNG.ICL,4,LO.PVLP,3,LO,3,ME.LO,3
27188328,mixed,mix->FB,mix,FB,1,3,0,109,2,1.988,11854,108.752,PVLP.LO,4,2,2,"[LO.PVLPL3, SAD.GORL5] -> PVLP.LOL4 -> [LOL3, ME.LOL3]",LO.PVLP,3,SAD.GOR,5,LO,3,ME.LO,3
26925422,mixed,mix->FB,mix,FB,1,3,0,109,3,2.808,11128,102.092,PVLP.LO,4,2,2,"[AVLPL5, LO.AVLPL3] -> PVLP.LOL4 -> [LO.PVLPL3, ME.LOL3]",AVLP,5,LO.AVLP,3,LO.PVLP,3,ME.LO,3
26902980,mixed,mix->FB,mix,FB,0,3,1,109,3,2.565,20530,188.349,PVLP.LO,4,2,2,"[AVLPL4, PVLP.AVLPL5] -> PVLP.LOL4 -> [MEL3, ME.LOL3]",AVLP,4,PVLP.AVLP,5,ME,3,ME.LO,3
26806228,mixed,mix->FB,mix,FB,1,2,1,109,3,2.569,10396,95.376,PVLP.LO,4,2,2,"[AVLPL4, LO.PVLPL3] -> PVLP.LOL4 -> [ME.LOL3, PVLP.LOL3]",AVLP,4,LO.PVLP,3,ME.LO,3,PVLP.LO,3
26734464,mixed,mix->FB,mix,FB,0,3,1,109,2,1.642,20561,188.633,PVLP.LO,4,2,2,"[LO.PVLPL4, LO.PVLPL5] -> PVLP.LOL4 -> [MEL3, ME.LOL3]",LO.PVLP,4,LO.PVLP,5,ME,3,ME.LO,3
26360380,mixed,mix->FB,mix,FB,1,3,0,109,3,2.954,9758,89.523,PVLP.LO,4,2,2,"[GNG.AVLPL3, PVLP.AVLPL5] -> PVLP.LOL4 -> [LO.PVLPL3, ME.LOL3]",GNG.AVLP,3,PVLP.AVLP,5,LO.PVLP,3,ME.LO,3
26037922,mixed,mix->FB,mix,FB,1,2,1,1160,47,1.005,21034,18.133,LO,4,2,2,"[ME.LOL3, ME.LOL4] -> LOL4 -> [LO.PVLPL3, MEL3]",ME.LO,3,ME.LO,4,LO.PVLP,3,ME,3
25785504,mixed,mix->FB,mix,FB,1,3,0,109,2,1.963,11857,108.78,PVLP.LO,4,2,2,"[GNG.AVLPL5, LO.PVLPL3] -> PVLP.LOL4 -> [LOL3, ME.LOL3]",GNG.AVLP,5,LO.PVLP,3,LO,3,ME.LO,3
25785504,mixed,mix->FB,mix,FB,1,2,1,109,2,1.963,11862,108.826,PVLP.LO,4,2,2,"[IPS.PLPL4, LO.PVLPL3] -> PVLP.LOL4 -> [LOL3, ME.LOL3]",IPS.PLP,4,LO.PVLP,3,LO,3,ME.LO,3
25785504,mixed,mix->FB,mix,FB,1,2,1,109,2,1.963,11870,108.899,PVLP.LO,4,2,2,"[LO.PVLPL3, PLP.AVLPL4] -> PVLP.LOL4 -> [LOL3, ME.LOL3]",LO.PVLP,3,PLP.AVLP,4,LO,3,ME.LO,3
25698541,mixed,mix->FB,mix,FB,1,2,1,1160,17,1.0,11617,10.015,LO,4,2,2,"[LOL3, LO.PLPL4] -> LOL4 -> [LO.PLPL3, ME.LOL3]",LO,3,LO.PLP,4,LO.PLP,3,ME.LO,3
25222509,mixed,mix->FB,mix,FB,1,2,1,109,3,2.966,13836,126.936,PVLP.LO,4,2,2,"[LO.PVLPL3, PVLPL4] -> PVLP.LOL4 -> [LOL3, MEL3]",LO.PVLP,3,PVLP,4,LO,3,ME,3
25212144,mixed,mix->FB,mix,FB,0,3,1,109,2,1.997,12020,110.275,PVLP.LO,4,2,2,"[LO.PVLPL4, SAD.GORL5] -> PVLP.LOL4 -> [LOL3, ME.LOL3]",LO.PVLP,4,SAD.GOR,5,LO,3,ME.LO,3
25113142,mixed,mix->FB,mix,FB,1,2,1,109,7,2.819,4172,38.275,PVLP.LO,4,2,2,"[AVLPL3, LO.PVLPL4] -> PVLP.LOL4 -> [LOL3, LO.PVLPL3]",AVLP,3,LO.PVLP,4,LO,3,LO.PVLP,3
25066704,mixed,mix->FB,mix,FB,1,2,1,109,1,1.0,11942,109.56,PVLP.LO,4,2,2,"[AVLP.ICLL4, LO.PVLPL3] -> PVLP.LOL4 -> [LOL3, ME.LOL3]",AVLP.ICL,4,LO.PVLP,3,LO,3,ME.LO,3
25006584,mixed,mix->FB,mix,FB,0,3,1,109,3,2.737,12094,110.954,PVLP.LO,4,2,2,"[AVLPL4, PVLPL5] -> PVLP.LOL4 -> [LOL3, ME.LOL3]",AVLP,4,PVLP,5,LO,3,ME.LO,3
24882390,mixed,mix->FB,mix,FB,1,3,0,109,1,1.0,20504,188.11,PVLP.LO,4,2,2,"[AVLP.ICLL5, LO.PVLPL3] -> PVLP.LOL4 -> [MEL3, ME.LOL3]",AVLP.ICL,5,LO.PVLP,3,ME,3,ME.LO,3
24368960,mixed,mix->FB,mix,FB,0,3,1,109,1,1.0,10447,95.844,PVLP.LO,4,2,2,"[LO.PVLPL4, PLP.PVLPL5] -> PVLP.LOL4 -> [LO.PVLPL3, ME.LOL3]",LO.PVLP,4,PLP.PVLP,5,LO.PVLP,3,ME.LO,3
24368960,mixed,mix->FB,mix,FB,1,2,1,109,1,1.0,10469,96.046,PVLP.LO,4,2,2,"[LO.PVLPL4, SAD.WEDL3] -> PVLP.LOL4 -> [LO.PVLPL3, ME.LOL3]",LO.PVLP,4,SAD.WED,3,LO.PVLP,3,ME.LO,3
24368960,mixed,mix->FB,mix,FB,0,3,1,109,1,1.0,10444,95.817,PVLP.LO,4,2,2,"[LO.PVLPL4, WED.SADL5] -> PVLP.LOL4 -> [LO.PVLPL3, ME.LOL3]",LO.PVLP,4,WED.SAD,5,LO.PVLP,3,ME.LO,3
24310816,mixed,mix->FB,mix,FB,0,3,1,109,2,1.989,12023,110.303,PVLP.LO,4,2,2,"[GNG.AVLPL5, LO.PVLPL4] -> PVLP.LOL4 -> [LOL3, ME.LOL3]",GNG.AVLP,5,LO.PVLP,4,LO,3,ME.LO,3
24255390,mixed,mix->FB,mix,FB,1,2,1,1160,13,1.0,13952,12.028,LO,4,2,2,"[LO.PLPL4, MEL3] -> LOL4 -> [LOL3, LO.PVLPL3]",LO.PLP,4,ME,3,LO,3,LO.PVLP,3
24244164,mixed,mix->FB,mix,FB,1,2,1,1160,31,1.413,11961,10.311,LO,4,2,2,"[ME.LOL3, PVLP.LOL4] -> LOL4 -> [LOL3, LO.PVLPL3]",ME.LO,3,PVLP.LO,4,LO,3,LO.PVLP,3
24094260,mixed,mix->FB,mix,FB,0,3,1,109,1,1.0,20670,189.633,PVLP.LO,4,2,2,"[AVLP.ICLL5, LO.PVLPL4] -> PVLP.LOL4 -> [MEL3, ME.LOL3]",AVLP.ICL,5,LO.PVLP,4,ME,3,ME.LO,3
23995744,mixed,mix->FB,mix,FB,1,3,0,109,3,2.961,12684,116.367,PVLP.LO,4,2,2,"[AVLPL5, GNG.AVLPL3] -> PVLP.LOL4 -> [LOL3, ME.LOL3]",AVLP,5,GNG.AVLP,3,LO,3,ME.LO,3
23817040,mixed,mix->FB,mix,FB,1,2,1,1160,60,1.001,22610,19.491,LO,4,2,2,"[LOL3, ME.LOL4] -> LOL4 -> [MEL3, ME.LOL3]",LO,3,ME.LO,4,ME,3,ME.LO,3
23734008,mixed,mix->FB,mix,FB,1,3,0,109,3,2.988,21142,193.963,PVLP.LO,4,2,2,"[AVLPL5, PVLPL3] -> PVLP.LOL4 -> [MEL3, ME.LOL3]",AVLP,5,PVLP,3,ME,3,ME.LO,3
23663880,mixed,mix->FB,mix,FB,1,3,0,109,2,1.993,11853,108.743,PVLP.LO,4,2,2,"[AVLP.LOL5, LO.PVLPL3] -> PVLP.LOL4 -> [LOL3, ME.LOL3]",AVLP.LO,5,LO.PVLP,3,LO,3,ME.LO,3
23663880,mixed,mix->FB,mix,FB,1,2,1,109,2,1.993,11871,108.908,PVLP.LO,4,2,2,"[AVLP.PVLPL4, LO.PVLPL3] -> PVLP.LOL4 -> [LOL3, ME.LOL3]",AVLP.PVLP,4,LO.PVLP,3,LO,3,ME.LO,3
23663880,mixed,mix->FB,mix,FB,1,2,1,109,2,1.993,11877,108.963,PVLP.LO,4,2,2,"[IPS.SPSL4, LO.PVLPL3] -> PVLP.LOL4 -> [LOL3, ME.LOL3]",IPS.SPS,4,LO.PVLP,3,LO,3,ME.LO,3
23663880,mixed,mix->FB,mix,FB,1,2,1,109,2,1.993,12080,110.826,PVLP.LO,4,2,2,"[LO.PVLPL3, PLPL4] -> PVLP.LOL4 -> [LOL3, ME.LOL3]",LO.PVLP,3,PLP,4,LO,3,ME.LO,3
23663880,mixed,mix->FB,mix,FB,1,2,1,109,2,1.993,11863,108.835,PVLP.LO,4,2,2,"[LO.PVLPL3, PLP.PVLPL4] -> PVLP.LOL4 -> [LOL3, ME.LOL3]",LO.PVLP,3,PLP.PVLP,4,LO,3,ME.LO,3
23642820,mixed,mix->FB,mix,FB,1,3,0,109,2,1.72,20311,186.339,PVLP.LO,4,2,2,"[LO.PVLPL3, WEDL5] -> PVLP.LOL4 -> [MEL3, ME.LOL3]",LO.PVLP,3,WED,5,ME,3,ME.LO,3
23642820,mixed,mix->FB,mix,FB,1,2,1,109,2,1.72,20309,186.321,PVLP.LO,4,2,2,"[LO.PVLPL3, WED.AVLPL4] -> PVLP.LOL4 -> [MEL3, ME.LOL3]",LO.PVLP,3,WED.AVLP,4,ME,3,ME.LO,3
23524003,mixed,mix->FB,mix,FB,1,2,1,207,4,1.039,2338,11.295,LO,5,2,2,"[LOL4, LO.PLPL5] -> LOL5 -> [LO.PLPL4, LO.PVLPL4]",LO,4,LO.PLP,5,LO.PLP,4,LO.PVLP,4
23371408,mixed,mix->FB,mix,FB,0,3,1,109,2,1.997,12019,110.266,PVLP.LO,4,2,2,"[AVLP.LOL5, LO.PVLPL4] -> PVLP.LOL4 -> [LOL3, ME.LOL3]",AVLP.LO,5,LO.PVLP,4,LO,3,ME.LO,3
23183640,mixed,mix->FB,mix,FB,0,3,1,109,2,1.741,20477,187.862,PVLP.LO,4,2,2,"[LO.PVLPL4, WEDL5] -> PVLP.LOL4 -> [MEL3, ME.LOL3]",LO.PVLP,4,WED,5,ME,3,ME.LO,3
23023150,mixed,mix->FB,mix,FB,1,2,1,1516,13,1.999,2989,1.972,AVLP,5,2,2,"[AVLPL4, PVLP.AVLPL5] -> AVLPL5 -> [LOL4, LO.PVLPL4]",AVLP,4,PVLP.AVLP,5,LO,4,LO.PVLP,4
22768948,mixed,mix->FB,mix,FB,1,2,1,1160,98,1.004,21034,18.133,LO,4,2,2,"[MEL3, ME.LOL4] -> LOL4 -> [LO.PVLPL3, ME.LOL3]",ME,3,ME.LO,4,LO.PVLP,3,ME.LO,3
22684215,mixed,mix->FB,mix,FB,1,2,1,1160,46,1.001,3959,3.413,LO,4,2,2,"[LOL3, ME.LOL4] -> LOL4 -> [LO.PLPL3, LO.PVLPL3]",LO,3,ME.LO,4,LO.PLP,3,LO.PVLP,3
22540833,mixed,mix->FB,mix,FB,1,2,1,109,3,2.505,12322,113.046,PVLP.LO,4,2,2,"[LO.PVLPL3, LO.PVLPL4] -> PVLP.LOL4 -> [MEL3, PVLP.LOL3]",LO.PVLP,3,LO.PVLP,4,ME,3,PVLP.LO,3
22443379,mixed,mix->FB,mix,FB,1,2,1,1160,11,1.0,11428,9.852,LO,4,2,2,"[LO.PLPL4, ME.LOL3] -> LOL4 -> [LOL3, LO.SPSL3]",LO.PLP,4,ME.LO,3,LO,3,LO.SPS,3
22419988,mixed,mix->FB,mix,FB,1,2,1,109,4,2.385,9744,89.394,PVLP.LO,4,2,2,"[LO.PVLPL3, PVLPL4] -> PVLP.LOL4 -> [ME.LOL3, PVLP.LOL3]",LO.PVLP,3,PVLP,4,ME.LO,3,PVLP.LO,3
22419632,mixed,mix->FB,mix,FB,1,2,1,109,3,2.7,11990,110.0,PVLP.LO,4,2,2,"[AVLPL4, PVLPL3] -> PVLP.LOL4 -> [LOL3, ME.LOL3]",AVLP,4,PVLP,3,LO,3,ME.LO,3
22083723,mixed,mix->FB,mix,FB,1,3,0,109,3,2.623,13854,127.101,PVLP.LO,4,2,2,"[LO.PVLPL3, PVLPL5] -> PVLP.LOL4 -> [LOL3, MEL3]",LO.PVLP,3,PVLP,5,LO,3,ME,3
21773422,mixed,mix->FB,mix,FB,1,3,0,109,4,1.909,9762,89.56,PVLP.LO,4,2,2,"[LO.PVLPL3, PVLPL5] -> PVLP.LOL4 -> [ME.LOL3, PVLP.LOL3]",LO.PVLP,3,PVLP,5,ME.LO,3,PVLP.LO,3
21760308,mixed,mix->FB,mix,FB,0,3,1,109,3,2.712,11142,102.22,PVLP.LO,4,2,2,"[AVLPL5, LO.AVLPL4] -> PVLP.LOL4 -> [LO.PVLPL3, ME.LOL3]",AVLP,5,LO.AVLP,4,LO.PVLP,3,ME.LO,3
21648343,mixed,mix->FB,mix,FB,1,3,0,1160,36,1.001,20486,17.66,LO,4,2,2,"[LOL5, ME.LOL3] -> LOL4 -> [LO.PVLPL3, MEL3]",LO,5,ME.LO,3,LO.PVLP,3,ME,3
460563724,pure_FF,FF->FF,FF,FF,4,0,0,1160,4,1.0,11491,9.906,LO,4,2,2,"[LOL3, ME.LOL3] -> LOL4 -> [LO.AOTUL5, LO.PVLPL5]",LO,3,ME.LO,3,LO.AOTU,5,LO.PVLP,5
265428299,pure_FF,FF->FF,FF,FF,4,0,0,1160,43,1.0,11500,9.914,LO,4,2,2,"[LOL3, ME.LOL3] -> LOL4 -> [LO.AOTUL5, LO.SPSL5]",LO,3,ME.LO,3,LO.AOTU,5,LO.SPS,5
226956403,pure_FF,FF->FF,FF,FF,4,0,0,1160,37,1.0,11387,9.816,LO,4,2,2,"[LOL3, ME.LOL3] -> LOL4 -> [LO.PVLPL5, LO.SPSL5]",LO,3,ME.LO,3,LO.PVLP,5,LO.SPS,5
226465885,pure_FF,FF->FF,FF,FF,4,0,0,1160,71,1.001,11582,9.984,LO,4,2,2,"[LOL3, ME.LOL3] -> LOL4 -> [LOL5, LO.AOTUL5]",LO,3,ME.LO,3,LO,5,LO.AOTU,5
193627700,pure_FF,FF->FF,FF,FF,4,0,0,1160,45,1.001,11469,9.887,LO,4,2,2,"[LOL3, ME.LOL3] -> LOL4 -> [LOL5, LO.PVLPL5]",LO,3,ME.LO,3,LO,5,LO.PVLP,5
111824748,pure_FF,FF->FF,FF,FF,4,0,0,1160,187,1.005,11478,9.895,LO,4,2,2,"[LOL3, ME.LOL3] -> LOL4 -> [LOL5, LO.SPSL5]",LO,3,ME.LO,3,LO,5,LO.SPS,5
102600316,pure_FF,FF->FF,FF,FF,4,0,0,1160,4,1.001,19918,17.171,LO,4,2,2,"[MEL3, ME.LOL3] -> LOL4 -> [LO.AOTUL5, LO.PVLPL5]",ME,3,ME.LO,3,LO.AOTU,5,LO.PVLP,5
85972822,pure_FF,FF->FF,FF,FF,4,0,0,1160,60,1.003,11648,10.041,LO,4,2,2,"[LOL3, ME.LOL3] -> LOL4 -> [AOTUL5, LO.AOTUL5]",LO,3,ME.LO,3,AOTU,5,LO.AOTU,5
73480887,pure_FF,FF->FF,FF,FF,4,0,0,1160,10,1.002,11535,9.944,LO,4,2,2,"[LOL3, ME.LOL3] -> LOL4 -> [AOTUL5, LO.PVLPL5]",LO,3,ME.LO,3,AOTU,5,LO.PVLP,5
62445679,pure_FF,FF->FF,FF,FF,4,0,0,1160,7,1.0,11393,9.822,LO,4,2,2,"[LOL3, ME.LOL3] -> LOL4 -> [LO.AOTUL5, LO.ICLL5]",LO,3,ME.LO,3,LO.AOTU,5,LO.ICL,5
59100589,pure_FF,FF->FF,FF,FF,4,0,0,1160,27,1.0,19927,17.178,LO,4,2,2,"[MEL3, ME.LOL3] -> LOL4 -> [LO.AOTUL5, LO.SPSL5]",ME,3,ME.LO,3,LO.AOTU,5,LO.SPS,5
55326760,pure_FF,FF->FF,FF,FF,4,0,0,1160,4,1.001,13336,11.497,LO,4,2,2,"[LOL3, MEL3] -> LOL4 -> [LO.AOTUL5, LO.PVLPL5]",LO,3,ME,3,LO.AOTU,5,LO.PVLP,5
53397230,pure_FF,FF->FF,FF,FF,4,0,0,1160,10,1.0,11280,9.724,LO,4,2,2,"[LOL3, ME.LOL3] -> LOL4 -> [LO.ICLL5, LO.PVLPL5]",LO,3,ME.LO,3,LO.ICL,5,LO.PVLP,5
50569123,pure_FF,FF->FF,FF,FF,4,0,0,1160,33,1.002,19814,17.081,LO,4,2,2,"[MEL3, ME.LOL3] -> LOL4 -> [LO.PVLPL5, LO.SPSL5]",ME,3,ME.LO,3,LO.PVLP,5,LO.SPS,5
50444414,pure_FF,FF->FF,FF,FF,4,0,0,1160,49,1.002,20009,17.249,LO,4,2,2,"[MEL3, ME.LOL3] -> LOL4 -> [LOL5, LO.AOTUL5]",ME,3,ME.LO,3,LO,5,LO.AOTU,5
46851597,pure_FF,FF->FF,FF,FF,4,0,0,1160,20,1.001,11426,9.85,LO,4,2,2,"[LOL3, ME.LOL3] -> LOL4 -> [LO.AOTUL5, LO.PLPL5]",LO,3,ME.LO,3,LO.AOTU,5,LO.PLP,5
43207530,pure_FF,FF->FF,FF,FF,4,0,0,1160,41,1.005,19896,17.152,LO,4,2,2,"[MEL3, ME.LOL3] -> LOL4 -> [LOL5, LO.PVLPL5]",ME,3,ME.LO,3,LO,5,LO.PVLP,5
42336300,pure_FF,FF->FF,FF,FF,4,0,0,1160,41,1.001,11544,9.952,LO,4,2,2,"[LOL3, ME.LOL3] -> LOL4 -> [AOTUL5, LO.SPSL5]",LO,3,ME.LO,3,AOTU,5,LO.SPS,5
40052512,pure_FF,FF->FF,FF,FF,4,0,0,1160,19,1.0,11313,9.753,LO,4,2,2,"[LOL3, ME.LOL3] -> LOL4 -> [LO.PLPL5, LO.PVLPL5]",LO,3,ME.LO,3,LO.PLP,5,LO.PVLP,5
39036834,pure_FF,FF->FF,FF,FF,4,0,0,1160,2,1.0,11383,9.813,LO,4,2,2,"[LOL3, ME.LOL3] -> LOL4 -> [LO.AOTUL5, LO.AVLPL5]",LO,3,ME.LO,3,LO.AOTU,5,LO.AVLP,5
36174383,pure_FF,FF->FF,FF,FF,4,0,0,1160,72,1.005,11626,10.022,LO,4,2,2,"[LOL3, ME.LOL3] -> LOL4 -> [AOTUL5, LOL5]",LO,3,ME.LO,3,AOTU,5,LO,5
33561324,pure_FF,FF->FF,FF,FF,4,0,0,1160,1,1.0,9331,8.044,LO,4,2,2,"[LOP.LOL3, ME.LOL3] -> LOL4 -> [LO.AOTUL5, LO.PVLPL5]",LOP.LO,3,ME.LO,3,LO.AOTU,5,LO.PVLP,5
33390754,pure_FF,FF->FF,FF,FF,4,0,0,1160,15,1.001,11270,9.716,LO,4,2,2,"[LOL3, ME.LOL3] -> LOL4 -> [LO.AVLPL5, LO.PVLPL5]",LO,3,ME.LO,3,LO.AVLP,5,LO.PVLP,5
32682584,pure_FF,FF->FF,FF,FF,4,0,0,56,32,1.981,12828,229.071,LO.AVLP,4,2,2,"[LOL3, ME.LOL3] -> LO.AVLPL4 -> [AVLPL5, PVLP.AVLPL5]",LO,3,ME.LO,3,AVLP,5,PVLP.AVLP,5
31873093,pure_FF,FF->FF,FF,FF,4,0,0,1160,25,1.0,13345,11.504,LO,4,2,2,"[LOL3, MEL3] -> LOL4 -> [LO.AOTUL5, LO.SPSL5]",LO,3,ME,3,LO.AOTU,5,LO.SPS,5
30778396,pure_FF,FF->FF,FF,FF,4,0,0,1160,24,1.001,11289,9.732,LO,4,2,2,"[LOL3, ME.LOL3] -> LOL4 -> [LO.ICLL5, LO.SPSL5]",LO,3,ME.LO,3,LO.ICL,5,LO.SPS,5
29832896,pure_FF,FF->FF,FF,FF,4,0,0,1160,2,1.0,9425,8.125,LO,4,2,2,"[LO.PLPL3, ME.LOL3] -> LOL4 -> [LO.AOTUL5, LO.PVLPL5]",LO.PLP,3,ME.LO,3,LO.AOTU,5,LO.PVLP,5
27264522,pure_FF,FF->FF,FF,FF,4,0,0,1160,34,1.001,13232,11.407,LO,4,2,2,"[LOL3, MEL3] -> LOL4 -> [LO.PVLPL5, LO.SPSL5]",LO,3,ME,3,LO.PVLP,5,LO.SPS,5
27200682,pure_FF,FF->FF,FF,FF,4,0,0,1160,41,1.001,13427,11.575,LO,4,2,2,"[LOL3, MEL3] -> LOL4 -> [LOL5, LO.AOTUL5]",LO,3,ME,3,LO,5,LO.AOTU,5
26249688,pure_FF,FF->FF,FF,FF,4,0,0,1160,19,1.0,11371,9.803,LO,4,2,2,"[LOL3, ME.LOL3] -> LOL4 -> [LOL5, LO.ICLL5]",LO,3,ME.LO,3,LO,5,LO.ICL,5
24899480,pure_FF,FF->FF,FF,FF,4,0,0,1160,146,1.005,19905,17.159,LO,4,2,2,"[MEL3, ME.LOL3] -> LOL4 -> [LOL5, LO.SPSL5]",ME,3,ME.LO,3,LO,5,LO.SPS,5
23698501,pure_FF,FF->FF,FF,FF,4,0,0,56,47,2.194,12887,230.125,LO.AVLP,4,2,2,"[LOL3, ME.LOL3] -> LO.AVLPL4 -> [AVLPL5, AVLP.ICLL5]",LO,3,ME.LO,3,AVLP,5,AVLP.ICL,5
23285031,pure_FF,FF->FF,FF,FF,4,0,0,1160,40,1.004,13314,11.478,LO,4,2,2,"[LOL3, MEL3] -> LOL4 -> [LOL5, LO.PVLPL5]",LO,3,ME,3,LO,5,LO.PVLP,5
23167511,pure_FF,FF->FF,FF,FF,4,0,0,1160,55,1.008,11322,9.76,LO,4,2,2,"[LOL3, ME.LOL3] -> LOL4 -> [LO.PLPL5, LO.SPSL5]",LO,3,ME.LO,3,LO.PLP,5,LO.SPS,5
19735640,pure_FF,FF->FF,FF,FF,4,0,0,1160,98,1.005,11404,9.831,LO,4,2,2,"[LOL3, ME.LOL3] -> LOL4 -> [LOL5, LO.PLPL5]",LO,3,ME.LO,3,LO,5,LO.PLP,5
19346317,pure_FF,FF->FF,FF,FF,4,0,0,1160,9,1.001,9340,8.052,LO,4,2,2,"[LOP.LOL3, ME.LOL3] -> LOL4 -> [LO.AOTUL5, LO.SPSL5]",LOP.LO,3,ME.LO,3,LO.AOTU,5,LO.SPS,5
19237036,pure_FF,FF->FF,FF,FF,4,0,0,1160,24,1.001,11279,9.723,LO,4,2,2,"[LOL3, ME.LOL3] -> LOL4 -> [LO.AVLPL5, LO.SPSL5]",LO,3,ME.LO,3,LO.AVLP,5,LO.SPS,5
19161822,pure_FF,FF->FF,FF,FF,4,0,0,1160,31,1.004,20075,17.306,LO,4,2,2,"[MEL3, ME.LOL3] -> LOL4 -> [AOTUL5, LO.AOTUL5]",ME,3,ME.LO,3,AOTU,5,LO.AOTU,5
18817725,pure_FF,FF->FF,FF,FF,4,0,0,56,7,1.457,11252,200.929,LO.AVLP,4,2,2,"[LO.PVLPL3, ME.LOL3] -> LO.AVLPL4 -> [AVLPL5, PVLP.AVLPL5]",LO.PVLP,3,ME.LO,3,AVLP,5,PVLP.AVLP,5
18099666,pure_FF,FF->FF,FF,FF,4,0,0,1160,1,1.0,2749,2.37,LO,4,2,2,"[LOL3, LOP.LOL3] -> LOL4 -> [LO.AOTUL5, LO.PVLPL5]",LO,3,LOP.LO,3,LO.AOTU,5,LO.PVLP,5
17192090,pure_FF,FF->FF,FF,FF,4,0,0,1160,11,1.0,9434,8.133,LO,4,2,2,"[LO.PLPL3, ME.LOL3] -> LOL4 -> [LO.AOTUL5, LO.SPSL5]",LO.PLP,3,ME.LO,3,LO.AOTU,5,LO.SPS,5
16780662,pure_FF,FF->FF,FF,FF,4,0,0,1160,1,1.0,10286,8.867,LO,4,2,2,"[LOPL3, ME.LOL3] -> LOL4 -> [LO.AOTUL5, LO.PVLPL5]",LOP,3,ME.LO,3,LO.AOTU,5,LO.PVLP,5
16537700,pure_FF,FF->FF,FF,FF,4,0,0,1160,6,1.0,9227,7.954,LO,4,2,2,"[LOP.LOL3, ME.LOL3] -> LOL4 -> [LO.PVLPL5, LO.SPSL5]",LOP.LO,3,ME.LO,3,LO.PVLP,5,LO.SPS,5
16511544,pure_FF,FF->FF,FF,FF,4,0,0,1160,21,1.002,9422,8.122,LO,4,2,2,"[LOP.LOL3, ME.LOL3] -> LOL4 -> [LOL5, LO.AOTUL5]",LOP.LO,3,ME.LO,3,LO,5,LO.AOTU,5
16467430,pure_FF,FF->FF,FF,FF,4,0,0,1160,9,1.015,19962,17.209,LO,4,2,2,"[MEL3, ME.LOL3] -> LOL4 -> [AOTUL5, LO.PVLPL5]",ME,3,ME.LO,3,AOTU,5,LO.PVLP,5
16418742,pure_FF,FF->FF,FF,FF,4,0,0,1160,24,1.002,11361,9.794,LO,4,2,2,"[LOL3, ME.LOL3] -> LOL4 -> [LOL5, LO.AVLPL5]",LO,3,ME.LO,3,LO,5,LO.AVLP,5
16088880,pure_FF,FF->FF,FF,FF,4,0,0,1160,2,1.0,2843,2.451,LO,4,2,2,"[LOL3, LO.PLPL3] -> LOL4 -> [LO.AOTUL5, LO.PVLPL5]",LO,3,LO.PLP,3,LO.AOTU,5,LO.PVLP,5
15622559,pure_FF,FF->FF,FF,FF,4,0,0,1160,4,1.001,11532,9.941,LO,4,2,2,"[LOL3, ME.LOL3] -> LOL4 -> [LO.AOTUL5, PVLPL5]",LO,3,ME.LO,3,LO.AOTU,5,PVLP,5
15622540,pure_FF,FF->FF,FF,FF,4,0,0,1160,2,1.001,11379,9.809,LO,4,2,2,"[LOL3, ME.LOL3] -> LOL4 -> [LO.AOTUL5, PVLP.LOL5]",LO,3,ME.LO,3,LO.AOTU,5,PVLP.LO,5
15612394,pure_FF,FF->FF,FF,FF,4,0,0,1160,10,1.0,11383,9.813,LO,4,2,2,"[LOL3, ME.LOL3] -> LOL4 -> [LO.AOTUL5, LO.SCLL5]",LO,3,ME.LO,3,LO.AOTU,5,LO.SCL,5
15611412,pure_FF,FF->FF,FF,FF,4,0,0,1160,2,1.0,11378,9.809,LO,4,2,2,"[LOL3, ME.LOL3] -> LOL4 -> [LO.AOTUL5, LO.SLPL5]",LO,3,ME.LO,3,LO.AOTU,5,LO.SLP,5
15532023,pure_FF,FF->FF,FF,FF,4,0,0,56,36,2.005,12819,228.911,LO.AVLP,4,2,2,"[LOL3, ME.LOL3] -> LO.AVLPL4 -> [AVLPL5, PVLPL5]",LO,3,ME.LO,3,AVLP,5,PVLP,5
14701323,pure_FF,FF->FF,FF,FF,4,0,0,1160,5,1.0,9321,8.035,LO,4,2,2,"[LO.PLPL3, ME.LOL3] -> LOL4 -> [LO.PVLPL5, LO.SPSL5]",LO.PLP,3,ME.LO,3,LO.PVLP,5,LO.SPS,5
14664632,pure_FF,FF->FF,FF,FF,4,0,0,1160,12,1.0,9516,8.203,LO,4,2,2,"[LO.PLPL3, ME.LOL3] -> LOL4 -> [LOL5, LO.AOTUL5]",LO.PLP,3,ME.LO,3,LO,5,LO.AOTU,5
14107794,pure_FF,FF->FF,FF,FF,4,0,0,1160,15,1.0,9309,8.025,LO,4,2,2,"[LOP.LOL3, ME.LOL3] -> LOL4 -> [LOL5, LO.PVLPL5]",LOP.LO,3,ME.LO,3,LO,5,LO.PVLP,5
13904880,pure_FF,FF->FF,FF,FF,4,0,0,1160,1,1.0,19820,17.086,LO,4,2,2,"[MEL3, ME.LOL3] -> LOL4 -> [LO.AOTUL5, LO.ICLL5]",ME,3,ME.LO,3,LO.AOTU,5,LO.ICL,5
13417492,pure_FF,FF->FF,FF,FF,4,0,0,1160,141,1.003,13323,11.485,LO,4,2,2,"[LOL3, MEL3] -> LOL4 -> [LOL5, LO.SPSL5]",LO,3,ME,3,LO,5,LO.SPS,5
13371586,pure_FF,FF->FF,FF,FF,4,0,0,1160,3,1.003,11419,9.844,LO,4,2,2,"[LOL3, ME.LOL3] -> LOL4 -> [LO.PVLPL5, PVLPL5]",LO,3,ME.LO,3,LO.PVLP,5,PVLP,5
13371172,pure_FF,FF->FF,FF,FF,4,0,0,1160,2,1.003,11266,9.712,LO,4,2,2,"[LOL3, ME.LOL3] -> LOL4 -> [LO.PVLPL5, PVLP.LOL5]",LO,3,ME.LO,3,LO.PVLP,5,PVLP.LO,5
13350421,pure_FF,FF->FF,FF,FF,4,0,0,1160,10,1.0,11270,9.716,LO,4,2,2,"[LOL3, ME.LOL3] -> LOL4 -> [LO.PVLPL5, LO.SCLL5]",LO,3,ME.LO,3,LO.PVLP,5,LO.SCL,5
13349256,pure_FF,FF->FF,FF,FF,4,0,0,1160,4,1.0,11265,9.711,LO,4,2,2,"[LOL3, ME.LOL3] -> LOL4 -> [LO.PVLPL5, LO.SLPL5]",LO,3,ME.LO,3,LO.PVLP,5,LO.SLP,5
12539823,pure_FF,FF->FF,FF,FF,4,0,0,1160,8,1.0,9403,8.106,LO,4,2,2,"[LO.PLPL3, ME.LOL3] -> LOL4 -> [LOL5, LO.PVLPL5]",LO.PLP,3,ME.LO,3,LO,5,LO.PVLP,5
12538109,pure_FF,FF->FF,FF,FF,4,0,0,56,10,1.58,11311,201.982,LO.AVLP,4,2,2,"[LO.PVLPL3, ME.LOL3] -> LO.AVLPL4 -> [AVLPL5, AVLP.ICLL5]",LO.PVLP,3,ME.LO,3,AVLP,5,AVLP.ICL,5
12458971,pure_FF,FF->FF,FF,FF,4,0,0,872,686,69.803,12828,14.711,LO.PVLP,4,2,2,"[LOL3, ME.LOL3] -> LO.PVLPL4 -> [AVLPL5, PVLP.AVLPL5]",LO,3,ME.LO,3,AVLP,5,PVLP.AVLP,5
11893053,pure_FF,FF->FF,FF,FF,4,0,0,1160,10,1.001,19707,16.989,LO,4,2,2,"[MEL3, ME.LOL3] -> LOL4 -> [LO.ICLL5, LO.PVLPL5]",ME,3,ME.LO,3,LO.ICL,5,LO.PVLP,5
11578150,pure_FF,FF->FF,FF,FF,4,0,0,139,42,8.346,2441,17.561,PVLP,4,2,2,"[LO.PVLPL3, PVLPL3] -> PVLPL4 -> [AVLPL5, PVLP.AVLPL5]",LO.PVLP,3,PVLP,3,AVLP,5,PVLP.AVLP,5
10435136,pure_FF,FF->FF,FF,FF,4,0,0,1160,8,1.001,2758,2.378,LO,4,2,2,"[LOL3, LOP.LOL3] -> LOL4 -> [LO.AOTUL5, LO.SPSL5]",LO,3,LOP.LO,3,LO.AOTU,5,LO.SPS,5
10429581,pure_FF,FF->FF,FF,FF,4,0,0,1160,17,1.0,19853,17.115,LO,4,2,2,"[MEL3, ME.LOL3] -> LOL4 -> [LO.AOTUL5, LO.PLPL5]",ME,3,ME.LO,3,LO.AOTU,5,LO.PLP,5
10329569,pure_FF,FF->FF,FF,FF,4,0,0,1160,34,1.004,13493,11.632,LO,4,2,2,"[LOL3, MEL3] -> LOL4 -> [AOTUL5, LO.AOTUL5]",LO,3,ME,3,AOTU,5,LO.AOTU,5
9955522,pure_FF,FF->FF,FF,FF,4,0,0,1160,6,1.0,11437,9.859,LO,4,2,2,"[LOL3, ME.LOL3] -> LOL4 -> [AOTUL5, LO.ICLL5]",LO,3,ME.LO,3,AOTU,5,LO.ICL,5
9767996,pure_FF,FF->FF,FF,FF,4,0,0,56,2,1.0,10588,189.071,LO.AVLP,4,2,2,"[LO.AVLPL3, ME.LOL3] -> LO.AVLPL4 -> [AVLPL5, PVLP.AVLPL5]",LO.AVLP,3,ME.LO,3,AVLP,5,PVLP.AVLP,5
9670328,pure_FF,FF->FF,FF,FF,4,0,0,1160,7,1.0,10295,8.875,LO,4,2,2,"[LOPL3, ME.LOL3] -> LOL4 -> [LO.AOTUL5, LO.SPSL5]",LOP,3,ME.LO,3,LO.AOTU,5,LO.SPS,5
9430668,pure_FF,FF->FF,FF,FF,4,0,0,1160,29,1.002,19971,17.216,LO,4,2,2,"[MEL3, ME.LOL3] -> LOL4 -> [AOTUL5, LO.SPSL5]",ME,3,ME.LO,3,AOTU,5,LO.SPS,5
9322590,pure_FF,FF->FF,FF,FF,4,0,0,1160,1,1.0,9364,8.072,LO,4,2,2,"[LO.MEL3, ME.LOL3] -> LOL4 -> [LO.AOTUL5, LO.PVLPL5]",LO.ME,3,ME.LO,3,LO.AOTU,5,LO.PVLP,5
9271708,pure_FF,FF->FF,FF,FF,4,0,0,1160,11,1.0,2852,2.459,LO,4,2,2,"[LOL3, LO.PLPL3] -> LOL4 -> [LO.AOTUL5, LO.SPSL5]",LO,3,LO.PLP,3,LO.AOTU,5,LO.SPS,5
9136416,pure_FF,FF->FF,FF,FF,4,0,0,56,3,1.887,12787,228.339,LO.AVLP,4,2,2,"[LOL3, ME.LOL3] -> LO.AVLPL4 -> [AVLPL5, LO.SPSL5]",LO,3,ME.LO,3,AVLP,5,LO.SPS,5
9049833,pure_FF,FF->FF,FF,FF,4,0,0,1160,1,1.0,3704,3.193,LO,4,2,2,"[LOL3, LOPL3] -> LOL4 -> [LO.AOTUL5, LO.PVLPL5]",LO,3,LOP,3,LO.AOTU,5,LO.PVLP,5
8924247,pure_FF,FF->FF,FF,FF,4,0,0,1160,19,1.002,19740,17.017,LO,4,2,2,"[MEL3, ME.LOL3] -> LOL4 -> [LO.PLPL5, LO.PVLPL5]",ME,3,ME.LO,3,LO.PLP,5,LO.PVLP,5
8918806,pure_FF,FF->FF,FF,FF,4,0,0,1160,6,1.0,2645,2.28,LO,4,2,2,"[LOL3, LOP.LOL3] -> LOL4 -> [LO.PVLPL5, LO.SPSL5]",LO,3,LOP.LO,3,LO.PVLP,5,LO.SPS,5
8914688,pure_FF,FF->FF,FF,FF,4,0,0,56,9,1.458,11243,200.768,LO.AVLP,4,2,2,"[LO.PVLPL3, ME.LOL3] -> LO.AVLPL4 -> [AVLPL5, PVLPL5]",LO.PVLP,3,ME.LO,3,AVLP,5,PVLP,5
8909917,pure_FF,FF->FF,FF,FF,4,0,0,1160,17,1.003,2840,2.448,LO,4,2,2,"[LOL3, LOP.LOL3] -> LOL4 -> [LOL5, LO.AOTUL5]",LO,3,LOP.LO,3,LO,5,LO.AOTU,5
8869012,pure_FF,FF->FF,FF,FF,4,0,0,1160,9,1.012,13380,11.534,LO,4,2,2,"[LOL3, MEL3] -> LOL4 -> [AOTUL5, LO.PVLPL5]",LO,3,ME,3,AOTU,5,LO.PVLP,5
8705310,pure_FF,FF->FF,FF,FF,4,0,0,1160,2,1.003,19810,17.078,LO,4,2,2,"[MEL3, ME.LOL3] -> LOL4 -> [LO.AOTUL5, LO.AVLPL5]",ME,3,ME.LO,3,LO.AOTU,5,LO.AVLP,5
8269027,pure_FF,FF->FF,FF,FF,4,0,0,1160,7,1.0,10182,8.778,LO,4,2,2,"[LOPL3, ME.LOL3] -> LOL4 -> [LO.PVLPL5, LO.SPSL5]",LOP,3,ME.LO,3,LO.PVLP,5,LO.SPS,5
8250042,pure_FF,FF->FF,FF,FF,4,0,0,1160,17,1.0,10377,8.946,LO,4,2,2,"[LOPL3, ME.LOL3] -> LOL4 -> [LOL5, LO.AOTUL5]",LOP,3,ME.LO,3,LO,5,LO.AOTU,5
8138309,pure_FF,FF->FF,FF,FF,4,0,0,1160,42,1.002,9318,8.033,LO,4,2,2,"[LOP.LOL3, ME.LOL3] -> LOL4 -> [LOL5, LO.SPSL5]",LOP.LO,3,ME.LO,3,LO,5,LO.SPS,5
8104942,pure_FF,FF->FF,FF,FF,4,0,0,1160,49,1.017,20053,17.287,LO,4,2,2,"[MEL3, ME.LOL3] -> LOL4 -> [AOTUL5, LOL5]",ME,3,ME.LO,3,AOTU,5,LO,5
8026940,pure_FF,FF->FF,FF,FF,4,0,0,70,42,11.542,2441,34.871,PVLP.AVLP,4,2,2,"[LO.PVLPL3, PVLPL3] -> PVLP.AVLPL4 -> [AVLPL5, PVLP.AVLPL5]",LO.PVLP,3,PVLP,3,AVLP,5,PVLP.AVLP,5
7928240,pure_FF,FF->FF,FF,FF,4,0,0,1160,5,1.0,2739,2.361,LO,4,2,2,"[LOL3, LO.PLPL3] -> LOL4 -> [LO.PVLPL5, LO.SPSL5]",LO,3,LO.PLP,3,LO.PVLP,5,LO.SPS,5
7908604,pure_FF,FF->FF,FF,FF,4,0,0,1160,12,1.0,2934,2.529,LO,4,2,2,"[LOL3, LO.PLPL3] -> LOL4 -> [LOL5, LO.AOTUL5]",LO,3,LO.PLP,3,LO,5,LO.AOTU,5
7863682,pure_FF,FF->FF,FF,FF,4,0,0,1160,4,1.015,11418,9.843,LO,4,2,2,"[LOL3, ME.LOL3] -> LOL4 -> [AOTU.LALL5, LO.AOTUL5]",LO,3,ME.LO,3,AOTU.LAL,5,LO.AOTU,5
7806679,pure_FF,FF->FF,FF,FF,4,0,0,1160,8,1.0,11383,9.813,LO,4,2,2,"[LOL3, ME.LOL3] -> LOL4 -> [LO.AOTUL5, LO.LALL5]",LO,3,ME.LO,3,LO.AOTU,5,LO.LAL,5
7806176,pure_FF,FF->FF,FF,FF,4,0,0,1160,14,1.0,11442,9.864,LO,4,2,2,"[LOL3, ME.LOL3] -> LOL4 -> [LO.AOTUL5, PLPL5]",LO,3,ME.LO,3,LO.AOTU,5,PLP,5
7805834,pure_FF,FF->FF,FF,FF,4,0,0,1160,5,1.0,11398,9.826,LO,4,2,2,"[LOL3, ME.LOL3] -> LOL4 -> [LO.AOTUL5, PLP.ICLL5]",LO,3,ME.LO,3,LO.AOTU,5,PLP.ICL,5
7805778,pure_FF,FF->FF,FF,FF,4,0,0,1160,3,1.0,11481,9.897,LO,4,2,2,"[LOL3, ME.LOL3] -> LOL4 -> [ICLL5, LO.AOTUL5]",LO,3,ME.LO,3,ICL,5,LO.AOTU,5
7805733,pure_FF,FF->FF,FF,FF,4,0,0,1160,5,1.0,11383,9.813,LO,4,2,2,"[LOL3, ME.LOL3] -> LOL4 -> [LO.AOTUL5, LO.IBL5]",LO,3,ME.LO,3,LO.AOTU,5,LO.IB,5
7805694,pure_FF,FF->FF,FF,FF,4,0,0,1160,1,1.0,11377,9.808,LO,4,2,2,"[LOL3, ME.LOL3] -> LOL4 -> [LO.AOTUL5, LO.GNGL5]",LO,3,ME.LO,3,LO.AOTU,5,LO.GNG,5
7729099,pure_FF,FF->FF,FF,FF,4,0,0,1160,37,1.01,11279,9.723,LO,4,2,2,"[LOL3, ME.LOL3] -> LOL4 -> [LO.SCLL5, LO.SPSL5]",LO,3,ME.LO,3,LO.SCL,5,LO.SPS,5
7695935,pure_FF,FF->FF,FF,FF,4,0,0,1160,14,1.001,11428,9.852,LO,4,2,2,"[LOL3, ME.LOL3] -> LOL4 -> [LO.SPSL5, PVLPL5]",LO,3,ME.LO,3,LO.SPS,5,PVLP,5
7693698,pure_FF,FF->FF,FF,FF,4,0,0,1160,8,1.0,11274,9.719,LO,4,2,2,"[LOL3, ME.LOL3] -> LOL4 -> [LO.SLPL5, LO.SPSL5]",LO,3,ME.LO,3,LO.SLP,5,LO.SPS,5
7692568,pure_FF,FF->FF,FF,FF,4,0,0,1160,1,1.0,11275,9.72,LO,4,2,2,"[LOL3, ME.LOL3] -> LOL4 -> [LO.SPSL5, PVLP.LOL5]",LO,3,ME.LO,3,LO.SPS,5,PVLP.LO,5
7608622,pure_FF,FF->FF,FF,FF,4,0,0,1160,15,1.0,2727,2.351,LO,4,2,2,"[LOL3, LOP.LOL3] -> LOL4 -> [LOL5, LO.PVLPL5]",LO,3,LOP.LO,3,LO,5,LO.PVLP,5
7498924,pure_FF,FF->FF,FF,FF,4,0,0,1160,2,1.0,13238,11.412,LO,4,2,2,"[LOL3, MEL3] -> LOL4 -> [LO.AOTUL5, LO.ICLL5]",LO,3,ME,3,LO.AOTU,5,LO.ICL,5
7480382,pure_FF,FF->FF,FF,FF,4,0,0,56,9,1.003,10647,190.125,LO.AVLP,4,2,2,"[LO.AVLPL3, ME.LOL3] -> LO.AVLPL4 -> [AVLPL5, AVLP.ICLL5]",LO.AVLP,3,ME.LO,3,AVLP,5,AVLP.ICL,5
7478323,pure_FF,FF->FF,FF,FF,4,0,0,1160,18,1.003,11470,9.888,LO,4,2,2,"[LOL3, ME.LOL3] -> LOL4 -> [AOTUL5, LO.PLPL5]",LO,3,ME.LO,3,AOTU,5,LO.PLP,5
7461412,pure_FF,FF->FF,FF,FF,4,0,0,1160,14,1.008,19697,16.98,LO,4,2,2,"[MEL3, ME.LOL3] -> LOL4 -> [LO.AVLPL5, LO.PVLPL5]",ME,3,ME.LO,3,LO.AVLP,5,LO.PVLP,5
7229157,pure_FF,FF->FF,FF,FF,4,0,0,1160,21,1.001,9412,8.114,LO,4,2,2,"[LO.PLPL3, ME.LOL3] -> LOL4 -> [LOL5, LO.SPSL5]",LO.PLP,3,ME.LO,3,LO,5,LO.SPS,5
7053405,pure_FF,FF->FF,FF,FF,4,0,0,1160,11,1.0,10264,8.848,LO,4,2,2,"[LOPL3, ME.LOL3] -> LOL4 -> [LOL5, LO.PVLPL5]",LOP,3,ME.LO,3,LO,5,LO.PVLP,5
6862051,pure_FF,FF->FF,FF,FF,4,0,0,1160,23,1.003,19716,16.997,LO,4,2,2,"[MEL3, ME.LOL3] -> LOL4 -> [LO.ICLL5, LO.SPSL5]",ME,3,ME.LO,3,LO.ICL,5,LO.SPS,5
6762664,pure_FF,FF->FF,FF,FF,4,0,0,1160,8,1.0,2821,2.432,LO,4,2,2,"[LOL3, LO.PLPL3] -> LOL4 -> [LOL5, LO.PVLPL5]",LO,3,LO.PLP,3,LO,5,LO.PVLP,5
6678219,pure_FF,FF->FF,FF,FF,4,0,0,1160,12,1.001,11270,9.716,LO,4,2,2,"[LOL3, ME.LOL3] -> LOL4 -> [LO.LALL5, LO.PVLPL5]",LO,3,ME.LO,3,LO.LAL,5,LO.PVLP,5
6674443,pure_FF,FF->FF,FF,FF,4,0,0,1160,2,1.0,11264,9.71,LO,4,2,2,"[LOL3, ME.LOL3] -> LOL4 -> [LO.GNGL5, LO.PVLPL5]",LO,3,ME.LO,3,LO.GNG,5,LO.PVLP,5
6674434,pure_FF,FF->FF,FF,FF,4,0,0,1160,1,1.0,11305,9.746,LO,4,2,2,"[LOL3, ME.LOL3] -> LOL4 -> [AOTU.LALL5, LO.PVLPL5]",LO,3,ME.LO,3,AOTU.LAL,5,LO.PVLP,5
6674434,pure_FF,FF->FF,FF,FF,4,0,0,1160,1,1.0,11368,9.8,LO,4,2,2,"[LOL3, ME.LOL3] -> LOL4 -> [ICLL5, LO.PVLPL5]",LO,3,ME.LO,3,ICL,5,LO.PVLP,5
6674434,pure_FF,FF->FF,FF,FF,4,0,0,1160,1,1.0,11270,9.716,LO,4,2,2,"[LOL3, ME.LOL3] -> LOL4 -> [LO.IBL5, LO.PVLPL5]",LO,3,ME.LO,3,LO.IB,5,LO.PVLP,5
6674434,pure_FF,FF->FF,FF,FF,4,0,0,1160,1,1.0,11329,9.766,LO,4,2,2,"[LOL3, ME.LOL3] -> LOL4 -> [LO.PVLPL5, PLPL5]",LO,3,ME.LO,3,LO.PVLP,5,PLP,5
6674434,pure_FF,FF->FF,FF,FF,4,0,0,1160,1,1.0,11285,9.728,LO,4,2,2,"[LOL3, ME.LOL3] -> LOL4 -> [LO.PVLPL5, PLP.ICLL5]",LO,3,ME.LO,3,LO.PVLP,5,PLP.ICL,5
6580861,pure_FF,FF->FF,FF,FF,4,0,0,1160,11,1.006,11510,9.922,LO,4,2,2,"[LOL3, ME.LOL3] -> LOL4 -> [LOL5, PVLPL5]",LO,3,ME.LO,3,LO,5,PVLP,5
6578060,pure_FF,FF->FF,FF,FF,4,0,0,1160,3,1.005,11357,9.791,LO,4,2,2,"[LOL3, ME.LOL3] -> LOL4 -> [LOL5, PVLP.LOL5]",LO,3,ME.LO,3,LO,5,PVLP.LO,5
6569056,pure_FF,FF->FF,FF,FF,4,0,0,1160,35,1.002,11361,9.794,LO,4,2,2,"[LOL3, ME.LOL3] -> LOL4 -> [LOL5, LO.SCLL5]",LO,3,ME.LO,3,LO,5,LO.SCL,5
6562516,pure_FF,FF->FF,FF,FF,4,0,0,1160,9,1.0,11356,9.79,LO,4,2,2,"[LOL3, ME.LOL3] -> LOL4 -> [LOL5, LO.SLPL5]",LO,3,ME.LO,3,LO,5,LO.SLP,5
6412595,pure_FF,FF->FF,FF,FF,4,0,0,1160,10,1.0,13125,11.315,LO,4,2,2,"[LOL3, MEL3] -> LOL4 -> [LO.ICLL5, LO.PVLPL5]",LO,3,ME,3,LO.ICL,5,LO.PVLP,5
6392954,pure_FF,FF->FF,FF,FF,4,0,0,56,20,1.94,12690,226.607,LO.AVLP,4,2,2,"[LOL3, ME.LOL3] -> LO.AVLPL4 -> [AVLPL5, AVLP.GORL5]",LO,3,ME.LO,3,AVLP,5,AVLP.GOR,5
6271680,pure_FF,FF->FF,FF,FF,4,0,0,1160,9,1.005,9488,8.179,LO,4,2,2,"[LOP.LOL3, ME.LOL3] -> LOL4 -> [AOTUL5, LO.AOTUL5]",LOP.LO,3,ME.LO,3,AOTU,5,LO.AOTU,5
6236903,pure_FF,FF->FF,FF,FF,4,0,0,1160,3,1.005,11427,9.851,LO,4,2,2,"[LOL3, ME.LOL3] -> LOL4 -> [AOTUL5, LO.AVLPL5]",LO,3,ME.LO,3,AOTU,5,LO.AVLP,5
6118659,pure_FF,FF->FF,FF,FF,4,0,0,56,19,1.994,21255,379.554,LO.AVLP,4,2,2,"[MEL3, ME.LOL3] -> LO.AVLPL4 -> [AVLPL5, PVLP.AVLPL5]",ME,3,ME.LO,3,AVLP,5,PVLP.AVLP,5
6074344,pure_FF,FF->FF,FF,FF,4,0,0,56,7,1.175,4670,83.393,LO.AVLP,4,2,2,"[LOL3, LO.PVLPL3] -> LO.AVLPL4 -> [AVLPL5, PVLP.AVLPL5]",LO,3,LO.PVLP,3,AVLP,5,PVLP.AVLP,5
5954681,pure_FF,FF->FF,FF,FF,4,0,0,139,40,9.715,2432,17.496,PVLP,4,2,2,"[LO.PVLPL3, PVLPL3] -> PVLPL4 -> [AVLPL5, PVLPL5]",LO.PVLP,3,PVLP,3,AVLP,5,PVLP,5
5851614,pure_FF,FF->FF,FF,FF,4,0,0,1160,16,1.003,19798,17.067,LO,4,2,2,"[MEL3, ME.LOL3] -> LOL4 -> [LOL5, LO.ICLL5]",ME,3,ME.LO,3,LO,5,LO.ICL,5
5647524,pure_FF,FF->FF,FF,FF,4,0,0,56,3,1.349,11211,200.196,LO.AVLP,4,2,2,"[LO.PVLPL3, ME.LOL3] -> LO.AVLPL4 -> [AVLPL5, LO.SPSL5]",LO.PVLP,3,ME.LO,3,AVLP,5,LO.SPS,5
5624673,pure_FF,FF->FF,FF,FF,4,0,0,1160,16,1.0,13271,11.441,LO,4,2,2,"[LOL3, MEL3] -> LOL4 -> [LO.AOTUL5, LO.PLPL5]",LO,3,ME,3,LO.AOTU,5,LO.PLP,5
5562695,pure_FF,FF->FF,FF,FF,4,0,0,1160,7,1.0,9582,8.26,LO,4,2,2,"[LO.PLPL3, ME.LOL3] -> LOL4 -> [AOTUL5, LO.AOTUL5]",LO.PLP,3,ME.LO,3,AOTU,5,LO.AOTU,5
5431392,pure_FF,FF->FF,FF,FF,4,0,0,1160,8,1.0,11215,9.668,LO,4,2,2,"[LOL3, ME.LOL3] -> LOL4 -> [LO.ICLL5, LO.PLPL5]",LO,3,ME.LO,3,LO.ICL,5,LO.PLP,5
5429700,pure_FF,FF->FF,FF,FF,4,0,0,56,2,1.995,12721,227.161,LO.AVLP,4,2,2,"[LOL3, ME.LOL3] -> LO.AVLPL4 -> [AVLPL5, ICL.SPSL5]",LO,3,ME.LO,3,AVLP,5,ICL.SPS,5
5372865,pure_FF,FF->FF,FF,FF,4,0,0,1160,5,1.0,9373,8.08,LO,4,2,2,"[LO.MEL3, ME.LOL3] -> LOL4 -> [LO.AOTUL5, LO.SPSL5]",LO.ME,3,ME.LO,3,LO.AOTU,5,LO.SPS,5
5350384,pure_FF,FF->FF,FF,FF,4,0,0,1160,2,1.0,9375,8.082,LO,4,2,2,"[LOP.LOL3, ME.LOL3] -> LOL4 -> [AOTUL5, LO.PVLPL5]",LOP.LO,3,ME.LO,3,AOTU,5,LO.PVLP,5
5229630,pure_FF,FF->FF,FF,FF,4,0,0,872,601,111.694,11469,13.153,LO.PVLP,4,2,2,"[LOL3, ME.LOL3] -> LO.PVLPL4 -> [PVLPL5, PVLP.AVLPL5]",LO,3,ME.LO,3,PVLP,5,PVLP.AVLP,5
5215280,pure_FF,FF->FF,FF,FF,4,0,0,1160,6,1.0,3713,3.201,LO,4,2,2,"[LOL3, LOPL3] -> LOL4 -> [LO.AOTUL5, LO.SPSL5]",LO,3,LOP,3,LO.AOTU,5,LO.SPS,5
5156378,pure_FF,FF->FF,FF,FF,4,0,0,1160,43,1.007,19749,17.025,LO,4,2,2,"[MEL3, ME.LOL3] -> LOL4 -> [LO.PLPL5, LO.SPSL5]",ME,3,ME.LO,3,LO.PLP,5,LO.SPS,5
5085686,pure_FF,FF->FF,FF,FF,4,0,0,1160,30,1.002,13389,11.542,LO,4,2,2,"[LOL3, MEL3] -> LOL4 -> [AOTUL5, LO.SPSL5]",LO,3,ME,3,AOTU,5,LO.SPS,5
5027685,pure_FF,FF->FF,FF,FF,4,0,0,1160,1,1.0,2782,2.398,LO,4,2,2,"[LOL3, LO.MEL3] -> LOL4 -> [LO.AOTUL5, LO.PVLPL5]",LO,3,LO.ME,3,LO.AOTU,5,LO.PVLP,5
4810399,pure_FF,FF->FF,FF,FF,4,0,0,1160,18,1.001,13158,11.343,LO,4,2,2,"[LOL3, MEL3] -> LOL4 -> [LO.PLPL5, LO.PVLPL5]",LO,3,ME,3,LO.PLP,5,LO.PVLP,5
4758304,pure_FF,FF->FF,FF,FF,4,0,0,1160,2,1.001,9469,8.163,LO,4,2,2,"[LO.PLPL3, ME.LOL3] -> LOL4 -> [AOTUL5, LO.PVLPL5]",LO.PLP,3,ME.LO,3,AOTU,5,LO.PVLP,5
4692945,pure_FF,FF->FF,FF,FF,4,0,0,1160,2,1.003,13228,11.403,LO,4,2,2,"[LOL3, MEL3] -> LOL4 -> [LO.AOTUL5, LO.AVLPL5]",LO,3,ME,3,LO.AOTU,5,LO.AVLP,5
4602183,pure_FF,FF->FF,FF,FF,4,0,0,56,30,1.996,11537,206.018,LO.AVLP,4,2,2,"[LOL3, ME.LOL3] -> LO.AVLPL4 -> [AVLP.ICLL5, PVLP.AVLPL5]",LO,3,ME.LO,3,AVLP.ICL,5,PVLP.AVLP,5
4596880,pure_FF,FF->FF,FF,FF,4,0,0,56,3,1.0,10579,188.911,LO.AVLP,4,2,2,"[LO.AVLPL3, ME.LOL3] -> LO.AVLPL4 -> [AVLPL5, PVLPL5]",LO.AVLP,3,ME.LO,3,AVLP,5,PVLP,5
4594259,pure_FF,FF->FF,FF,FF,4,0,0,1160,7,1.0,9260,7.983,LO,4,2,2,"[LO.MEL3, ME.LOL3] -> LOL4 -> [LO.PVLPL5, LO.SPSL5]",LO.ME,3,ME.LO,3,LO.PVLP,5,LO.SPS,5
4583877,pure_FF,FF->FF,FF,FF,4,0,0,1160,5,1.001,9455,8.151,LO,4,2,2,"[LO.MEL3, ME.LOL3] -> LOL4 -> [LOL5, LO.AOTUL5]",LO.ME,3,ME.LO,3,LO,5,LO.AOTU,5
4550688,pure_FF,FF->FF,FF,FF,4,0,0,1160,1,1.0,9233,7.959,LO,4,2,2,"[LOP.LOL3, ME.LOL3] -> LOL4 -> [LO.AOTUL5, LO.ICLL5]",LOP.LO,3,ME.LO,3,LO.AOTU,5,LO.ICL,5
4525501,pure_FF,FF->FF,FF,FF,4,0,0,1160,4,1.0,11172,9.631,LO,4,2,2,"[LOL3, ME.LOL3] -> LOL4 -> [LO.AVLPL5, LO.ICLL5]",LO,3,ME.LO,3,LO.AVLP,5,LO.ICL,5
4503153,pure_FF,FF->FF,FF,FF,4,0,0,6,2,1.917,2519,419.833,MB_CA.CRE,4,2,2,"[MB_CA.MB_MLL3, MB_CA.MB_VLL3] -> MB_CA.CREL4 -> [CREL5, CRE.SMPL5]",MB_CA.MB_ML,3,MB_CA.MB_VL,3,CRE,5,CRE.SMP,5
4459609,pure_FF,FF->FF,FF,FF,4,0,0,1160,8,1.0,3600,3.103,LO,4,2,2,"[LOL3, LOPL3] -> LOL4 -> [LO.PVLPL5, LO.SPSL5]",LO,3,LOP,3,LO.PVLP,5,LO.SPS,5
4449687,pure_FF,FF->FF,FF,FF,4,0,0,1160,10,1.001,3795,3.272,LO,4,2,2,"[LOL3, LOPL3] -> LOL4 -> [LOL5, LO.AOTUL5]",LO,3,LOP,3,LO,5,LO.AOTU,5
4408465,pure_FF,FF->FF,FF,FF,4,0,0,1160,81,1.012,19831,17.096,LO,4,2,2,"[MEL3, ME.LOL3] -> LOL4 -> [LOL5, LO.PLPL5]",ME,3,ME.LO,3,LO,5,LO.PLP,5
4389820,pure_FF,FF->FF,FF,FF,4,0,0,1160,41,1.003,2736,2.359,LO,4,2,2,"[LOL3, LOP.LOL3] -> LOL4 -> [LOL5, LO.SPSL5]",LO,3,LOP.LO,3,LO,5,LO.SPS,5
4385315,pure_FF,FF->FF,FF,FF,4,0,0,56,30,2.032,21314,380.607,LO.AVLP,4,2,2,"[MEL3, ME.LOL3] -> LO.AVLPL4 -> [AVLPL5, AVLP.ICLL5]",ME,3,ME.LO,3,AVLP,5,AVLP.ICL,5
4373316,pure_FF,FF->FF,FF,FF,4,0,0,56,10,1.496,4729,84.446,LO.AVLP,4,2,2,"[LOL3, LO.PVLPL3] -> LO.AVLPL4 -> [AVLPL5, AVLP.ICLL5]",LO,3,LO.PVLP,3,AVLP,5,AVLP.ICL,5
4363394,pure_FF,FF->FF,FF,FF,4,0,0,1160,47,1.014,13471,11.613,LO,4,2,2,"[LOL3, MEL3] -> LOL4 -> [AOTUL5, LOL5]",LO,3,ME,3,AOTU,5,LO,5
4286801,pure_FF,FF->FF,FF,FF,4,0,0,1160,20,1.002,19706,16.988,LO,4,2,2,"[MEL3, ME.LOL3] -> LOL4 -> [LO.AVLPL5, LO.SPSL5]",ME,3,ME.LO,3,LO.AVLP,5,LO.SPS,5
4249392,pure_FF,FF->FF,FF,FF,4,0,0,6,2,1.674,3679,613.167,MB_CA.CRE,4,2,2,"[MB_CA.MB_MLL3, MB_CA.MB_VLL3] -> MB_CA.CREL4 -> [CREL5, FBL5]",MB_CA.MB_ML,3,MB_CA.MB_VL,3,CRE,5,FB,5
4068941,pure_FF,FF->FF,FF,FF,4,0,0,1160,53,1.002,10273,8.856,LO,4,2,2,"[LOPL3, ME.LOL3] -> LOL4 -> [LOL5, LO.SPSL5]",LOP,3,ME.LO,3,LO,5,LO.SPS,5
4047015,pure_FF,FF->FF,FF,FF,4,0,0,1160,52,1.106,11279,9.723,LO,4,2,2,"[LOL3, ME.LOL3] -> LOL4 -> [LO.LALL5, LO.SPSL5]",LO,3,ME.LO,3,LO.LAL,5,LO.SPS,5
4045056,pure_FF,FF->FF,FF,FF,4,0,0,1160,1,1.0,9327,8.041,LO,4,2,2,"[LO.PLPL3, ME.LOL3] -> LOL4 -> [LO.AOTUL5, LO.ICLL5]",LO.PLP,3,ME.LO,3,LO.AOTU,5,LO.ICL,5
4030290,pure_FF,FF->FF,FF,FF,4,0,0,1160,1,1.0,11176,9.634,LO,4,2,2,"[LOP.LOL3, MEL3] -> LOL4 -> [LO.AOTUL5, LO.PVLPL5]",LOP.LO,3,ME,3,LO.AOTU,5,LO.PVLP,5
4020235,pure_FF,FF->FF,FF,FF,4,0,0,1160,14,1.006,13115,11.306,LO,4,2,2,"[LOL3, MEL3] -> LOL4 -> [LO.AVLPL5, LO.PVLPL5]",LO,3,ME,3,LO.AVLP,5,LO.PVLP,5
3918495,pure_FF,FF->FF,FF,FF,4,0,0,1160,6,1.0,9342,8.053,LO,4,2,2,"[LO.MEL3, ME.LOL3] -> LOL4 -> [LOL5, LO.PVLPL5]",LO.ME,3,ME.LO,3,LO,5,LO.PVLP,5
3914080,pure_FF,FF->FF,FF,FF,4,0,0,1160,8,1.035,11279,9.723,LO,4,2,2,"[LOL3, ME.LOL3] -> LOL4 -> [LO.IBL5, LO.SPSL5]",LO,3,ME.LO,3,LO.IB,5,LO.SPS,5
3908576,pure_FF,FF->FF,FF,FF,4,0,0,56,26,1.988,12694,226.679,LO.AVLP,4,2,2,"[LOL3, ME.LOL3] -> LO.AVLPL4 -> [AVLPL5, AVLP.GNGL5]",LO,3,ME.LO,3,AVLP,5,AVLP.GNG,5
3900579,pure_FF,FF->FF,FF,FF,4,0,0,1160,21,1.002,2830,2.44,LO,4,2,2,"[LOL3, LO.PLPL3] -> LOL4 -> [LOL5, LO.SPSL5]",LO,3,LO.PLP,3,LO,5,LO.SPS,5
3891168,pure_FF,FF->FF,FF,FF,4,0,0,1160,1,1.0,9120,7.862,LO,4,2,2,"[LOP.LOL3, ME.LOL3] -> LOL4 -> [LO.ICLL5, LO.PVLPL5]",LOP.LO,3,ME.LO,3,LO.ICL,5,LO.PVLP,5
3861004,pure_FF,FF->FF,FF,FF,4,0,0,1160,8,1.008,11338,9.774,LO,4,2,2,"[LOL3, ME.LOL3] -> LOL4 -> [LO.SPSL5, PLPL5]",LO,3,ME.LO,3,LO.SPS,5,PLP,5
3859352,pure_FF,FF->FF,FF,FF,4,0,0,1160,3,1.007,11314,9.753,LO,4,2,2,"[LOL3, ME.LOL3] -> LOL4 -> [AOTU.LALL5, LO.SPSL5]",LO,3,ME.LO,3,AOTU.LAL,5,LO.SPS,5
3854081,pure_FF,FF->FF,FF,FF,4,0,0,1160,7,1.004,11294,9.736,LO,4,2,2,"[LOL3, ME.LOL3] -> LOL4 -> [LO.SPSL5, PLP.ICLL5]",LO,3,ME.LO,3,LO.SPS,5,PLP.ICL,5
3849024,pure_FF,FF->FF,FF,FF,4,0,0,1160,14,1.001,11273,9.718,LO,4,2,2,"[LOL3, ME.LOL3] -> LOL4 -> [LO.GNGL5, LO.SPSL5]",LO,3,ME.LO,3,LO.GNG,5,LO.SPS,5
3846284,pure_FF,FF->FF,FF,FF,4,0,0,1160,1,1.0,11377,9.808,LO,4,2,2,"[LOL3, ME.LOL3] -> LOL4 -> [ICLL5, LO.SPSL5]",LO,3,ME.LO,3,ICL,5,LO.SPS,5
3838523,pure_FF,FF->FF,FF,FF,4,0,0,56,8,1.391,11114,198.464,LO.AVLP,4,2,2,"[LO.PVLPL3, ME.LOL3] -> LO.AVLPL4 -> [AVLPL5, AVLP.GORL5]",LO.PVLP,3,ME.LO,3,AVLP,5,AVLP.GOR,5
3804002,pure_FF,FF->FF,FF,FF,4,0,0,1160,11,1.0,3682,3.174,LO,4,2,2,"[LOL3, LOPL3] -> LOL4 -> [LOL5, LO.PVLPL5]",LO,3,LOP,3,LO,5,LO.PVLP,5
3785232,pure_FF,FF->FF,FF,FF,4,0,0,56,22,2.174,12669,226.232,LO.AVLP,4,2,2,"[LOL3, ME.LOL3] -> LO.AVLPL4 -> [AVLPL5, AVLP.VESL5]",LO,3,ME.LO,3,AVLP,5,AVLP.VES,5
3731660,pure_FF,FF->FF,FF,FF,4,0,0,1160,2,1.001,9251,7.975,LO,4,2,2,"[LO.AVLPL3, ME.LOL3] -> LOL4 -> [LO.AOTUL5, LO.PVLPL5]",LO.AVLP,3,ME.LO,3,LO.AOTU,5,LO.PVLP,5
3729340,pure_FF,FF->FF,FF,FF,4,0,0,1160,2,1.0,9451,8.147,LO,4,2,2,"[ME.LOL3, PLPL3] -> LOL4 -> [LO.AOTUL5, LO.PVLPL5]",ME.LO,3,PLP,3,LO.AOTU,5,LO.PVLP,5
3729036,pure_FF,FF->FF,FF,FF,4,0,0,1160,1,1.0,9236,7.962,LO,4,2,2,"[LO.SPSL3, ME.LOL3] -> LOL4 -> [LO.AOTUL5, LO.PVLPL5]",LO.SPS,3,ME.LO,3,LO.AOTU,5,LO.PVLP,5
3706106,pure_FF,FF->FF,FF,FF,4,0,0,56,4,1.555,12778,228.179,LO.AVLP,4,2,2,"[LOL3, ME.LOL3] -> LO.AVLPL4 -> [AVLPL5, LO.PVLPL5]",LO,3,ME.LO,3,AVLP,5,LO.PVLP,5
3697915,pure_FF,FF->FF,FF,FF,4,0,0,1160,23,1.002,13134,11.322,LO,4,2,2,"[LOL3, MEL3] -> LOL4 -> [LO.ICLL5, LO.SPSL5]",LO,3,ME,3,LO.ICL,5,LO.SPS,5
3677052,pure_FF,FF->FF,FF,FF,4,0,0,1160,22,1.013,19788,17.059,LO,4,2,2,"[MEL3, ME.LOL3] -> LOL4 -> [LOL5, LO.AVLPL5]",ME,3,ME.LO,3,LO,5,LO.AVLP,5
3630126,pure_FF,FF->FF,FF,FF,4,0,0,56,24,2.007,12664,226.143,LO.AVLP,4,2,2,"[LOL3, ME.LOL3] -> LO.AVLPL4 -> [AVLPL5, AVLP.SADL5]",LO,3,ME.LO,3,AVLP,5,AVLP.SAD,5
3619800,pure_FF,FF->FF,FF,FF,4,0,0,56,2,1.995,12671,226.268,LO.AVLP,4,2,2,"[LOL3, ME.LOL3] -> LO.AVLPL4 -> [AVLPL5, ICL.GORL5]",LO,3,ME.LO,3,AVLP,5,ICL.GOR,5
3583136,pure_FF,FF->FF,FF,FF,4,0,0,1160,2,1.0,11270,9.716,LO,4,2,2,"[LO.PLPL3, MEL3] -> LOL4 -> [LO.AOTUL5, LO.PVLPL5]",LO.PLP,3,ME,3,LO.AOTU,5,LO.PVLP,5
3513582,pure_FF,FF->FF,FF,FF,4,0,0,70,33,12.874,2432,34.743,PVLP.AVLP,4,2,2,"[LO.PVLPL3, PVLPL3] -> PVLP.AVLPL4 -> [AVLPL5, PVLPL5]",LO.PVLP,3,PVLP,3,AVLP,5,PVLP,5
3495906,pure_FF,FF->FF,FF,FF,4,0,0,1160,3,1.011,19959,17.206,LO,4,2,2,"[MEL3, ME.LOL3] -> LOL4 -> [LO.AOTUL5, PVLPL5]",ME,3,ME.LO,3,LO.AOTU,5,PVLP,5
3495900,pure_FF,FF->FF,FF,FF,4,0,0,1160,2,1.011,19806,17.074,LO,4,2,2,"[MEL3, ME.LOL3] -> LOL4 -> [LO.AOTUL5, PVLP.LOL5]",ME,3,ME.LO,3,LO.AOTU,5,PVLP.LO,5
3476318,pure_FF,FF->FF,FF,FF,4,0,0,1160,7,1.0,19810,17.078,LO,4,2,2,"[MEL3, ME.LOL3] -> LOL4 -> [LO.AOTUL5, LO.SCLL5]",ME,3,ME.LO,3,LO.AOTU,5,LO.SCL,5
3476234,pure_FF,FF->FF,FF,FF,4,0,0,1160,3,1.0,19805,17.073,LO,4,2,2,"[MEL3, ME.LOL3] -> LOL4 -> [LO.AOTUL5, LO.SLPL5]",ME,3,ME.LO,3,LO.AOTU,5,LO.SLP,5
3458839,pure_FF,FF->FF,FF,FF,4,0,0,1160,3,1.0,9214,7.943,LO,4,2,2,"[LO.PLPL3, ME.LOL3] -> LOL4 -> [LO.ICLL5, LO.PVLPL5]",LO.PLP,3,ME.LO,3,LO.ICL,5,LO.PVLP,5
3416283,pure_FF,FF->FF,FF,FF,4,0,0,1160,4,1.002,9266,7.988,LO,4,2,2,"[LOP.LOL3, ME.LOL3] -> LOL4 -> [LO.AOTUL5, LO.PLPL5]",LOP.LO,3,ME.LO,3,LO.AOTU,5,LO.PLP,5
3394798,pure_FF,FF->FF,FF,FF,4,0,0,1160,9,1.001,11205,9.659,LO,4,2,2,"[LOL3, ME.LOL3] -> LOL4 -> [LO.AVLPL5, LO.PLPL5]",LO,3,ME.LO,3,LO.AVLP,5,LO.PLP,5
3389647,pure_FF,FF->FF,FF,FF,4,0,0,1160,7,1.009,2906,2.505,LO,4,2,2,"[LOL3, LOP.LOL3] -> LOL4 -> [AOTUL5, LO.AOTUL5]",LO,3,LOP.LO,3,AOTU,5,LO.AOTU,5
3316487,pure_FF,FF->FF,FF,FF,4,0,0,1160,54,1.022,11361,9.794,LO,4,2,2,"[LOL3, ME.LOL3] -> LOL4 -> [LOL5, LO.LALL5]",LO,3,ME.LO,3,LO,5,LO.LAL,5
3309970,pure_FF,FF->FF,FF,FF,4,0,0,1160,4,1.018,11396,9.824,LO,4,2,2,"[LOL3, ME.LOL3] -> LOL4 -> [AOTU.LALL5, LOL5]",LO,3,ME.LO,3,AOTU.LAL,5,LO,5
3304276,pure_FF,FF->FF,FF,FF,4,0,0,1160,24,1.014,11420,9.845,LO,4,2,2,"[LOL3, ME.LOL3] -> LOL4 -> [LOL5, PLPL5]",LO,3,ME.LO,3,LO,5,PLP,5
3287637,pure_FF,FF->FF,FF,FF,4,0,0,1160,7,1.004,11361,9.794,LO,4,2,2,"[LOL3, ME.LOL3] -> LOL4 -> [LOL5, LO.IBL5]",LO,3,ME.LO,3,LO,5,LO.IB,5
1195027410,mixed,FB->mix,FB,mix,1,2,1,2282,2,1.147,6774,2.968,LO,3,2,2,"[LO.LOPL4, MEL4] -> LOL3 -> [LO.LOPL3, ME.LOPL4]",LO.LOP,4,ME,4,LO.LOP,3,ME.LOP,4
1137683454,mixed,FB->mix,FB,mix,1,2,1,2282,2,1.22,6774,2.968,LO,3,2,2,"[MEL4, ME.LOPL4] -> LOL3 -> [LO.LOPL3, LO.LOPL4]",ME,4,ME.LOP,4,LO.LOP,3,LO.LOP,4
1085669880,mixed,FB->mix,FB,mix,1,2,1,2282,2,1.103,6350,2.783,LO,3,2,2,"[LO.LOPL4, MEL4] -> LOL3 -> [ME.LOPL3, ME.LOPL4]",LO.LOP,4,ME,4,ME.LOP,3,ME.LOP,4
1023521160,mixed,FB->mix,FB,mix,1,2,1,2282,2,1.154,6350,2.783,LO,3,2,2,"[MEL4, ME.LOPL4] -> LOL3 -> [LO.LOPL4, ME.LOPL3]",ME,4,ME.LOP,4,LO.LOP,4,ME.LOP,3
1003702633,mixed,FB->mix,FB,mix,1,2,1,2282,5,1.018,7795,3.416,LO,3,2,2,"[LO.LOPL4, MEL4] -> LOL3 -> [LOL4, LO.LOPL3]",LO.LOP,4,ME,4,LO,4,LO.LOP,3
928821460,mixed,FB->mix,FB,mix,1,2,1,2282,2,1.012,7371,3.23,LO,3,2,2,"[LO.LOPL4, MEL4] -> LOL3 -> [LOL4, ME.LOPL3]",LO.LOP,4,ME,4,LO,4,ME.LOP,3
908934230,mixed,FB->mix,FB,mix,1,2,1,2282,2,1.038,6337,2.777,LO,3,2,2,"[LO.LOPL4, ME.LOPL4] -> LOL3 -> [LOL4, LO.LOPL3]",LO.LOP,4,ME.LOP,4,LO,4,LO.LOP,3
886111386,mixed,FB->mix,FB,mix,1,2,1,2282,4,1.046,7795,3.416,LO,3,2,2,"[LOL4, MEL4] -> LOL3 -> [LO.LOPL3, LO.LOPL4]",LO,4,ME,4,LO.LOP,3,LO.LOP,4
871622420,mixed,FB->mix,FB,mix,1,2,1,2282,2,1.065,6337,2.777,LO,3,2,2,"[LOL4, LO.LOPL4] -> LOL3 -> [LO.LOPL3, ME.LOPL4]",LO,4,LO.LOP,4,LO.LOP,3,ME.LOP,4
838588840,mixed,FB->mix,FB,mix,1,2,1,2282,2,1.027,5913,2.591,LO,3,2,2,"[LO.LOPL4, ME.LOPL4] -> LOL3 -> [LOL4, ME.LOPL3]",LO.LOP,4,ME.LOP,4,LO,4,ME.LOP,3
816628920,mixed,FB->mix,FB,mix,1,2,1,2282,2,1.032,7371,3.23,LO,3,2,2,"[LOL4, MEL4] -> LOL3 -> [LO.LOPL4, ME.LOPL3]",LO,4,ME,4,LO.LOP,4,ME.LOP,3
814645372,mixed,FB->mix,FB,mix,1,2,1,2282,2,1.098,6337,2.777,LO,3,2,2,"[LOL4, ME.LOPL4] -> LOL3 -> [LO.LOPL3, LO.LOPL4]",LO,4,ME.LOP,4,LO.LOP,3,LO.LOP,4
801042960,mixed,FB->mix,FB,mix,1,2,1,2282,2,1.045,5913,2.591,LO,3,2,2,"[LOL4, LO.LOPL4] -> LOL3 -> [ME.LOPL3, ME.LOPL4]",LO,4,LO.LOP,4,ME.LOP,3,ME.LOP,4
745194480,mixed,FB->mix,FB,mix,1,2,1,2282,2,1.068,5913,2.591,LO,3,2,2,"[LOL4, ME.LOPL4] -> LOL3 -> [LO.LOPL4, ME.LOPL3]",LO,4,ME.LOP,4,LO.LOP,4,ME.LOP,3
225504144,mixed,FB->mix,FB,mix,0,3,1,109,3,2.946,11418,104.752,PVLP.LO,4,2,2,"[AVLPL5, PVLP.AVLPL5] -> PVLP.LOL4 -> [LO.PVLPL4, ME.LOL3]",AVLP,5,PVLP.AVLP,5,LO.PVLP,4,ME.LO,3
115509528,mixed,FB->mix,FB,mix,0,3,1,109,3,2.969,11409,104.67,PVLP.LO,4,2,2,"[AVLPL5, PVLPL5] -> PVLP.LOL4 -> [LO.PVLPL4, ME.LOL3]",AVLP,5,PVLP,5,LO.PVLP,4,ME.LO,3
110076420,mixed,FB->mix,FB,mix,1,2,1,2282,2,1.08,6774,2.968,LO,3,2,2,"[LO.LOPL4, ME.LOPL4] -> LOL3 -> [LO.LOPL3, MEL4]",LO.LOP,4,ME.LOP,4,LO.LOP,3,ME,4
100937960,mixed,FB->mix,FB,mix,1,2,1,2282,2,1.056,6350,2.783,LO,3,2,2,"[LO.LOPL4, ME.LOPL4] -> LOL3 -> [MEL4, ME.LOPL3]",LO.LOP,4,ME.LOP,4,ME,4,ME.LOP,3
90279810,mixed,FB->mix,FB,mix,1,2,1,2282,2,1.017,7795,3.416,LO,3,2,2,"[LOL4, LO.LOPL4] -> LOL3 -> [LO.LOPL3, MEL4]",LO,4,LO.LOP,4,LO.LOP,3,ME,4
89303760,mixed,FB->mix,FB,mix,1,2,1,35,1,1.0,11687,333.914,PVLP.LO,3,2,2,"[AVLPL4, LO.PVLPL4] -> PVLP.LOL3 -> [LOL4, ME.LOL3]",AVLP,4,LO.PVLP,4,LO,4,ME.LO,3
83561080,mixed,FB->mix,FB,mix,1,2,1,2282,2,1.012,7371,3.23,LO,3,2,2,"[LOL4, LO.LOPL4] -> LOL3 -> [MEL4, ME.LOPL3]",LO,4,LO.LOP,4,ME,4,ME.LOP,3
82434240,mixed,FB->mix,FB,mix,1,2,1,35,1,1.0,11035,315.286,PVLP.LO,3,2,2,"[LO.PVLPL4, PVLPL4] -> PVLP.LOL3 -> [LOL4, ME.LOL3]",LO.PVLP,4,PVLP,4,LO,4,ME.LO,3
82047374,mixed,FB->mix,FB,mix,1,2,1,2282,2,1.062,6978,3.058,LO,3,2,2,"[MEL4, ME.LOPL4] -> LOL3 -> [LOL4, LO.LOPL3]",ME,4,ME.LOP,4,LO,4,LO.LOP,3
80285736,mixed,FB->mix,FB,mix,1,2,1,2282,2,1.017,13401,5.872,LO,3,2,2,"[LO.LOPL4, MEL4] -> LOL3 -> [MEL3, ME.LOPL4]",LO.LOP,4,ME,4,ME,3,ME.LOP,4
79291692,mixed,FB->mix,FB,mix,1,2,1,2282,2,1.105,6978,3.058,LO,3,2,2,"[LOL4, MEL4] -> LOL3 -> [LO.LOPL3, ME.LOPL4]",LO,4,ME,4,LO.LOP,3,ME.LOP,4
75436520,mixed,FB->mix,FB,mix,1,2,1,2282,2,1.043,6554,2.872,LO,3,2,2,"[MEL4, ME.LOPL4] -> LOL3 -> [LOL4, ME.LOPL3]",ME,4,ME.LOP,4,LO,4,ME.LOP,3
74171688,mixed,FB->mix,FB,mix,1,2,1,2282,2,1.025,13401,5.872,LO,3,2,2,"[MEL4, ME.LOPL4] -> LOL3 -> [LO.LOPL4, MEL3]",ME,4,ME.LOP,4,LO.LOP,4,ME,3
73388503,mixed,FB->mix,FB,mix,0,3,1,109,4,2.853,10059,92.284,PVLP.LO,4,2,2,"[PVLPL5, PVLP.AVLPL5] -> PVLP.LOL4 -> [LO.PVLPL4, ME.LOL3]",PVLP,5,PVLP.AVLP,5,LO.PVLP,4,ME.LO,3
72456720,mixed,FB->mix,FB,mix,1,2,1,2282,2,1.073,6554,2.872,LO,3,2,2,"[LOL4, MEL4] -> LOL3 -> [ME.LOPL3, ME.LOPL4]",LO,4,ME,4,ME.LOP,3,ME.LOP,4
71249312,mixed,FB->mix,FB,mix,1,2,1,2282,2,1.002,14422,6.32,LO,3,2,2,"[LO.LOPL4, MEL4] -> LOL3 -> [LOL4, MEL3]",LO.LOP,4,ME,4,LO,4,ME,3
70223976,mixed,FB->mix,FB,mix,0,3,1,109,3,2.651,11706,107.394,PVLP.LO,4,2,2,"[AVLPL5, PVLP.AVLPL5] -> PVLP.LOL4 -> [LOL4, ME.LOL3]",AVLP,5,PVLP.AVLP,5,LO,4,ME.LO,3
64845042,mixed,FB->mix,FB,mix,1,2,1,2282,2,1.024,11556,5.064,LO,3,2,2,"[LO.LOPL4, MEL4] -> LOL3 -> [ME.LOL3, ME.LOPL4]",LO.LOP,4,ME,4,ME.LO,3,ME.LOP,4
63951848,mixed,FB->mix,FB,mix,1,2,1,2282,2,1.004,12964,5.681,LO,3,2,2,"[LO.LOPL4, ME.LOPL4] -> LOL3 -> [LOL4, MEL3]",LO.LOP,4,ME.LOP,4,LO,4,ME,3
62142876,mixed,FB->mix,FB,mix,1,2,1,2282,3,1.005,14422,6.32,LO,3,2,2,"[LOL4, MEL4] -> LOL3 -> [LO.LOPL4, MEL3]",LO,4,ME,4,LO.LOP,4,ME,3
60624312,mixed,FB->mix,FB,mix,1,2,1,2282,2,1.007,12964,5.681,LO,3,2,2,"[LOL4, LO.LOPL4] -> LOL3 -> [MEL3, ME.LOPL4]",LO,4,LO.LOP,4,ME,3,ME.LOP,4
60017718,mixed,FB->mix,FB,mix,1,2,1,2282,2,1.036,11556,5.064,LO,3,2,2,"[MEL4, ME.LOPL4] -> LOL3 -> [LO.LOPL4, ME.LOL3]",ME,4,ME.LOP,4,LO.LOP,4,ME.LO,3
57359389,mixed,FB->mix,FB,mix,1,2,1,2282,2,1.003,12577,5.511,LO,3,2,2,"[LO.LOPL4, MEL4] -> LOL3 -> [LOL4, ME.LOL3]",LO.LOP,4,ME,4,LO,4,ME.LO,3
55877304,mixed,FB->mix,FB,mix,1,2,1,2282,2,1.011,12964,5.681,LO,3,2,2,"[LOL4, ME.LOPL4] -> LOL3 -> [LO.LOPL4, MEL3]",LO,4,ME.LOP,4,LO.LOP,4,ME,3
54281426,mixed,FB->mix,FB,mix,1,2,1,2282,2,1.834,5286,2.316,LO,3,2,2,"[ME.LOPL4, PVLP.LOL4] -> LOL3 -> [LO.LOPL3, LO.LOPL4]",ME.LOP,4,PVLP.LO,4,LO.LOP,3,LO.LOP,4
52070710,mixed,FB->mix,FB,mix,1,2,1,2282,2,1.633,5286,2.316,LO,3,2,2,"[LO.LOPL4, PVLP.LOL4] -> LOL3 -> [LO.LOPL3, ME.LOPL4]",LO.LOP,4,PVLP.LO,4,LO.LOP,3,ME.LOP,4
51511006,mixed,FB->mix,FB,mix,1,2,1,2282,2,1.006,11119,4.872,LO,3,2,2,"[LO.LOPL4, ME.LOPL4] -> LOL3 -> [LOL4, ME.LOL3]",LO.LOP,4,ME.LOP,4,LO,4,ME.LO,3
50064261,mixed,FB->mix,FB,mix,1,2,1,2282,3,1.008,12577,5.511,LO,3,2,2,"[LOL4, MEL4] -> LOL3 -> [LO.LOPL4, ME.LOL3]",LO,4,ME,4,LO.LOP,4,ME.LO,3
49278879,mixed,FB->mix,FB,mix,1,2,1,2282,2,1.473,6744,2.955,LO,3,2,2,"[MEL4, PVLP.LOL4] -> LOL3 -> [LO.LOPL3, LO.LOPL4]",ME,4,PVLP.LO,4,LO.LOP,3,LO.LOP,4
48863664,mixed,FB->mix,FB,mix,1,2,1,2282,2,1.011,11119,4.872,LO,3,2,2,"[LOL4, LO.LOPL4] -> LOL3 -> [ME.LOL3, ME.LOPL4]",LO,4,LO.LOP,4,ME.LO,3,ME.LOP,4
45074664,mixed,FB->mix,FB,mix,1,2,1,2282,2,1.016,11119,4.872,LO,3,2,2,"[LOL4, ME.LOPL4] -> LOL3 -> [LO.LOPL4, ME.LOL3]",LO,4,ME.LOP,4,LO.LOP,4,ME.LO,3
45012840,mixed,FB->mix,FB,mix,1,2,1,2282,2,1.656,4862,2.131,LO,3,2,2,"[ME.LOPL4, PVLP.LOL4] -> LOL3 -> [LO.LOPL4, ME.LOPL3]",ME.LOP,4,PVLP.LO,4,LO.LOP,4,ME.LOP,3
44451480,mixed,FB->mix,FB,mix,1,2,1,2282,2,1.468,4862,2.131,LO,3,2,2,"[LO.LOPL4, PVLP.LOL4] -> LOL3 -> [ME.LOPL3, ME.LOPL4]",LO.LOP,4,PVLP.LO,4,ME.LOP,3,ME.LOP,4
42931860,mixed,FB->mix,FB,mix,1,2,1,2282,2,1.34,6320,2.77,LO,3,2,2,"[MEL4, PVLP.LOL4] -> LOL3 -> [LO.LOPL4, ME.LOPL3]",ME,4,PVLP.LO,4,LO.LOP,4,ME.LOP,3
41514696,mixed,FB->mix,FB,mix,0,3,1,109,3,2.953,3260,29.908,PVLP.LO,4,2,2,"[AVLPL5, PVLP.AVLPL5] -> PVLP.LOL4 -> [LO.PVLPL3, LO.PVLPL4]",AVLP,5,PVLP.AVLP,5,LO.PVLP,3,LO.PVLP,4
37706032,mixed,FB->mix,FB,mix,1,2,1,35,1,1.0,11282,322.343,PVLP.LO,3,2,2,"[AVLPL4, LO.PVLPL4] -> PVLP.LOL3 -> [ME.LOL3, ME.LOL4]",AVLP,4,LO.PVLP,4,ME.LO,3,ME.LO,4
35784795,mixed,FB->mix,FB,mix,1,2,1,2282,2,1.086,6307,2.764,LO,3,2,2,"[LO.LOPL4, PVLP.LOL4] -> LOL3 -> [LOL4, LO.LOPL3]",LO.LOP,4,PVLP.LO,4,LO,4,LO.LOP,3
34805568,mixed,FB->mix,FB,mix,1,2,1,35,1,1.0,10630,303.714,PVLP.LO,3,2,2,"[LO.PVLPL4, PVLPL4] -> PVLP.LOL3 -> [ME.LOL3, ME.LOL4]",LO.PVLP,4,PVLP,4,ME.LO,3,ME.LO,4
33916284,mixed,FB->mix,FB,mix,0,3,1,109,3,2.921,11697,107.312,PVLP.LO,4,2,2,"[AVLPL5, PVLPL5] -> PVLP.LOL4 -> [LOL4, ME.LOL3]",AVLP,5,PVLP,5,LO,4,ME.LO,3
33173122,mixed,FB->mix,FB,mix,1,2,1,2282,2,1.218,6307,2.764,LO,3,2,2,"[LOL4, PVLP.LOL4] -> LOL3 -> [LO.LOPL3, LO.LOPL4]",LO,4,PVLP.LO,4,LO.LOP,3,LO.LOP,4
32786660,mixed,FB->mix,FB,mix,1,2,1,2282,2,1.06,5883,2.578,LO,3,2,2,"[LO.LOPL4, PVLP.LOL4] -> LOL3 -> [LOL4, ME.LOPL3]",LO.LOP,4,PVLP.LO,4,LO,4,ME.LOP,3
29849880,mixed,FB->mix,FB,mix,1,2,1,2282,2,1.153,5883,2.578,LO,3,2,2,"[LOL4, PVLP.LOL4] -> LOL3 -> [LO.LOPL4, ME.LOPL3]",LO,4,PVLP.LO,4,LO.LOP,4,ME.LOP,3
25798864,mixed,FB->mix,FB,mix,1,2,1,35,1,1.0,10636,303.886,PVLP.LO,3,2,2,"[AVLPL4, LO.PVLPL4] -> PVLP.LOL3 -> [ME.LOL3, PVLP.LOL4]",AVLP,4,LO.PVLP,4,ME.LO,3,PVLP.LO,4
23814336,mixed,FB->mix,FB,mix,1,2,1,35,1,1.0,9984,285.257,PVLP.LO,3,2,2,"[LO.PVLPL4, PVLPL4] -> PVLP.LOL3 -> [ME.LOL3, PVLP.LOL4]",LO.PVLP,4,PVLP,4,ME.LO,3,PVLP.LO,4
23518584,mixed,FB->mix,FB,mix,0,3,1,109,3,2.965,4836,44.367,PVLP.LO,4,2,2,"[AVLPL5, PVLP.AVLPL5] -> PVLP.LOL4 -> [LOL3, LO.PVLPL4]",AVLP,5,PVLP.AVLP,5,LO,3,LO.PVLP,4
22119830,mixed,FB->mix,FB,mix,0,3,1,109,5,2.793,3251,29.826,PVLP.LO,4,2,2,"[AVLPL5, PVLPL5] -> PVLP.LOL4 -> [LO.PVLPL3, LO.PVLPL4]",AVLP,5,PVLP,5,LO.PVLP,3,LO.PVLP,4
20998848,mixed,FB->mix,FB,mix,1,2,1,35,1,1.0,10666,304.743,PVLP.LO,3,2,2,"[AVLPL4, PVLPL4] -> PVLP.LOL3 -> [LO.PVLPL4, ME.LOL3]",AVLP,4,PVLP,4,LO.PVLP,4,ME.LO,3
20853130,mixed,FB->mix,FB,mix,0,3,1,109,4,2.992,10347,94.927,PVLP.LO,4,2,2,"[PVLPL5, PVLP.AVLPL5] -> PVLP.LOL4 -> [LOL4, ME.LOL3]",PVLP,5,PVLP.AVLP,5,LO,4,ME.LO,3
20394000,mixed,FB->mix,FB,mix,0,3,1,109,3,2.886,11301,103.679,PVLP.LO,4,2,2,"[AVLPL5, PVLP.AVLPL5] -> PVLP.LOL4 -> [ME.LOL3, ME.LOL4]",AVLP,5,PVLP.AVLP,5,ME.LO,3,ME.LO,4
17338230,mixed,FB->mix,FB,mix,1,2,1,35,1,1.0,3529,100.829,PVLP.LO,3,2,2,"[AVLPL4, LO.PVLPL4] -> PVLP.LOL3 -> [LOL4, LO.PVLPL3]",AVLP,4,LO.PVLP,4,LO,4,LO.PVLP,3
16654544,mixed,FB->mix,FB,mix,0,3,1,109,2,1.619,11368,104.294,PVLP.LO,4,2,2,"[AVLPL5, LO.PVLPL5] -> PVLP.LOL4 -> [LO.PVLPL4, ME.LOL3]",AVLP,5,LO.PVLP,5,LO.PVLP,4,ME.LO,3
16004756,mixed,FB->mix,FB,mix,1,2,1,35,6,1.0,2877,82.2,PVLP.LO,3,2,2,"[LO.PVLPL4, PVLPL4] -> PVLP.LOL3 -> [LOL4, LO.PVLPL3]",LO.PVLP,4,PVLP,4,LO,4,LO.PVLP,3
15974036,mixed,FB->mix,FB,mix,0,3,1,1160,2,1.0,3486,3.005,LO,4,2,2,"[LOL5, LO.SPSL5] -> LOL4 -> [LOL3, LO.PVLPL4]",LO,5,LO.SPS,5,LO,3,LO.PVLP,4
14411520,mixed,FB->mix,FB,mix,0,3,1,109,1,1.0,11477,105.294,PVLP.LO,4,2,2,"[AVLPL5, AVLP.ICLL5] -> PVLP.LOL4 -> [LO.PVLPL4, ME.LOL3]",AVLP,5,AVLP.ICL,5,LO.PVLP,4,ME.LO,3
14265384,mixed,FB->mix,FB,mix,0,3,1,109,3,2.631,1901,17.44,PVLP.LO,4,2,2,"[PVLPL5, PVLP.AVLPL5] -> PVLP.LOL4 -> [LO.PVLPL3, LO.PVLPL4]",PVLP,5,PVLP.AVLP,5,LO.PVLP,3,LO.PVLP,4
13897088,mixed,FB->mix,FB,mix,0,3,1,109,2,1.745,11284,103.523,PVLP.LO,4,2,2,"[AVLPL5, WEDL5] -> PVLP.LOL4 -> [LO.PVLPL4, ME.LOL3]",AVLP,5,WED,5,LO.PVLP,4,ME.LO,3
13891696,mixed,FB->mix,FB,mix,1,2,1,35,1,1.0,10782,308.057,PVLP.LO,3,2,2,"[AVLPL4, LO.PVLPL4] -> PVLP.LOL3 -> [LO.PLPL4, ME.LOL3]",AVLP,4,LO.PVLP,4,LO.PLP,4,ME.LO,3
13739040,mixed,FB->mix,FB,mix,1,2,1,35,1,1.0,10903,311.514,PVLP.LO,3,2,2,"[AVLP.PLPL4, LO.PVLPL4] -> PVLP.LOL3 -> [LOL4, ME.LOL3]",AVLP.PLP,4,LO.PVLP,4,LO,4,ME.LO,3
13739040,mixed,FB->mix,FB,mix,1,2,1,35,1,1.0,10952,312.914,PVLP.LO,3,2,2,"[LO.AVLPL4, LO.PVLPL4] -> PVLP.LOL3 -> [LOL4, ME.LOL3]",LO.AVLP,4,LO.PVLP,4,LO,4,ME.LO,3
13739040,mixed,FB->mix,FB,mix,1,2,1,35,1,1.0,10966,313.314,PVLP.LO,3,2,2,"[LO.PVLPL4, PVLP.AVLPL4] -> PVLP.LOL3 -> [LOL4, ME.LOL3]",LO.PVLP,4,PVLP.AVLP,4,LO,4,ME.LO,3
13538071,mixed,FB->mix,FB,mix,1,2,1,35,2,1.0,5105,145.857,PVLP.LO,3,2,2,"[AVLPL4, LO.PVLPL4] -> PVLP.LOL3 -> [LOL3, LOL4]",AVLP,4,LO.PVLP,4,LO,3,LO,4
12823104,mixed,FB->mix,FB,mix,1,2,1,35,1,1.0,10130,289.429,PVLP.LO,3,2,2,"[LO.PVLPL4, PVLPL4] -> PVLP.LOL3 -> [LO.PLPL4, ME.LOL3]",LO.PVLP,4,PVLP,4,LO.PLP,4,ME.LO,3
12780083,mixed,FB->mix,FB,mix,0,3,1,109,8,2.666,4827,44.284,PVLP.LO,4,2,2,"[AVLPL5, PVLPL5] -> PVLP.LOL4 -> [LOL3, LO.PVLPL4]",AVLP,5,PVLP,5,LO,3,LO.PVLP,4
12768840,mixed,FB->mix,FB,mix,0,3,1,109,3,2.938,13263,121.679,PVLP.LO,4,2,2,"[AVLPL5, PVLP.AVLPL5] -> PVLP.LOL4 -> [LO.PVLPL4, MEL3]",AVLP,5,PVLP.AVLP,5,LO.PVLP,4,ME,3
12497085,mixed,FB->mix,FB,mix,1,2,1,35,9,1.0,4453,127.229,PVLP.LO,3,2,2,"[LO.PVLPL4, PVLPL4] -> PVLP.LOL3 -> [LOL3, LOL4]",LO.PVLP,4,PVLP,4,LO,3,LO,4
12429180,mixed,FB->mix,FB,mix,0,3,1,109,3,2.82,3548,32.55,PVLP.LO,4,2,2,"[AVLPL5, PVLP.AVLPL5] -> PVLP.LOL4 -> [LOL4, LO.PVLPL3]",AVLP,5,PVLP.AVLP,5,LO,4,LO.PVLP,3
12184532,mixed,FB->mix,FB,mix,0,3,1,109,3,2.909,11260,103.303,PVLP.LO,4,2,2,"[AVLPL5, LO.AVLPL5] -> PVLP.LOL4 -> [LO.PVLPL4, ME.LOL3]",AVLP,5,LO.AVLP,5,LO.PVLP,4,ME.LO,3
11907168,mixed,FB->mix,FB,mix,1,2,1,35,1,1.0,10666,304.743,PVLP.LO,3,2,2,"[AVLPL4, LO.PVLPL4] -> PVLP.LOL3 -> [ME.LOL3, PVLPL4]",AVLP,4,LO.PVLP,4,ME.LO,3,PVLP,4
11649984,mixed,FB->mix,FB,mix,0,3,1,109,2,1.506,10018,91.908,PVLP.LO,4,2,2,"[LO.PVLPL5, PVLP.AVLPL5] -> PVLP.LOL4 -> [LO.PVLPL4, ME.LOL3]",LO.PVLP,5,PVLP.AVLP,5,LO.PVLP,4,ME.LO,3
10986408,mixed,FB->mix,FB,mix,0,3,1,109,2,1.969,11291,103.587,PVLP.LO,4,2,2,"[AVLPL5, AVLP.PVLPL5] -> PVLP.LOL4 -> [LO.PVLPL4, ME.LOL3]",AVLP,5,AVLP.PVLP,5,LO.PVLP,4,ME.LO,3
10391256,mixed,FB->mix,FB,mix,0,3,1,109,3,2.931,11292,103.596,PVLP.LO,4,2,2,"[AVLPL5, PVLPL5] -> PVLP.LOL4 -> [ME.LOL3, ME.LOL4]",AVLP,5,PVLP,5,ME.LO,3,ME.LO,4
9983842,mixed,FB->mix,FB,mix,0,3,1,1160,14,1.0,3412,2.941,LO,4,2,2,"[LOL5, LO.PLPL5] -> LOL4 -> [LOL3, LO.PVLPL4]",LO,5,LO.PLP,5,LO,3,LO.PVLP,4
9975969,mixed,FB->mix,FB,mix,0,3,1,1160,3,1.0,10068,8.679,LO,4,2,2,"[LOL5, LO.SPSL5] -> LOL4 -> [LO.PVLPL4, ME.LOL3]",LO,5,LO.SPS,5,LO.PVLP,4,ME.LO,3
9488650,mixed,FB->mix,FB,mix,1,2,1,2282,1,1.0,5334,2.337,LO,3,2,2,"[LOPL4, ME.LOPL4] -> LOL3 -> [LO.LOPL3, LO.LOPL4]",LOP,4,ME.LOP,4,LO.LOP,3,LO.LOP,4
9435384,mixed,FB->mix,FB,mix,1,3,0,109,3,2.988,10753,98.651,PVLP.LO,4,2,2,"[AVLPL5, PVLP.AVLPL5] -> PVLP.LOL4 -> [LOL5, ME.LOL3]",AVLP,5,PVLP.AVLP,5,LO,5,ME.LO,3
9093248,mixed,FB->mix,FB,mix,0,3,1,109,2,1.994,11253,103.239,PVLP.LO,4,2,2,"[AVLPL5, AVLP.LOL5] -> PVLP.LOL4 -> [LO.PVLPL4, ME.LOL3]",AVLP,5,AVLP.LO,5,LO.PVLP,4,ME.LO,3
9056160,mixed,FB->mix,FB,mix,1,2,1,52,1,1.0,2045,39.327,MB_ML,3,2,2,"[MB_CA.MB_MLL4, PLP.MB_MLL4] -> MB_MLL3 -> [MB_CA.MB_MLL3, PLP.MB_PEDL4]",MB_CA.MB_ML,4,PLP.MB_ML,4,MB_CA.MB_ML,3,PLP.MB_PED,4
9056160,mixed,FB->mix,FB,mix,1,2,1,52,1,1.0,2045,39.327,MB_ML,3,2,2,"[MB_CA.MB_MLL4, PLP.MB_PEDL4] -> MB_MLL3 -> [MB_CA.MB_MLL3, PLP.MB_MLL4]",MB_CA.MB_ML,4,PLP.MB_PED,4,MB_CA.MB_ML,3,PLP.MB_ML,4
9056160,mixed,FB->mix,FB,mix,1,2,1,52,1,1.0,2045,39.327,MB_ML,3,2,2,"[PLP.MB_MLL4, PLP.MB_PEDL4] -> MB_MLL3 -> [MB_CA.MB_MLL3, MB_CA.MB_MLL4]",PLP.MB_ML,4,PLP.MB_PED,4,MB_CA.MB_ML,3,MB_CA.MB_ML,4
8382333,mixed,FB->mix,FB,mix,0,3,1,109,17,2.429,3477,31.899,PVLP.LO,4,2,2,"[PVLPL5, PVLP.AVLPL5] -> PVLP.LOL4 -> [LOL3, LO.PVLPL4]",PVLP,5,PVLP.AVLP,5,LO,3,LO.PVLP,4
8247990,mixed,FB->mix,FB,mix,1,2,1,2282,123,2.31,11651,5.106,LO,3,2,2,"[LOL4, ME.LOL4] -> LOL3 -> [LO.PVLPL4, ME.LOL3]",LO,4,ME.LO,4,LO.PVLP,4,ME.LO,3
8139168,mixed,FB->mix,FB,mix,0,3,1,109,3,2.644,10685,98.028,PVLP.LO,4,2,2,"[AVLPL5, PVLP.AVLPL5] -> PVLP.LOL4 -> [ME.LOL3, PVLPL4]",AVLP,5,PVLP.AVLP,5,ME.LO,3,PVLP,4
8106481,mixed,FB->mix,FB,mix,0,3,1,109,2,1.0,10127,92.908,PVLP.LO,4,2,2,"[AVLP.ICLL5, PVLP.AVLPL5] -> PVLP.LOL4 -> [LO.PVLPL4, ME.LOL3]",AVLP.ICL,5,PVLP.AVLP,5,LO.PVLP,4,ME.LO,3
7895124,mixed,FB->mix,FB,mix,0,3,1,109,2,1.91,11254,103.248,PVLP.LO,4,2,2,"[AVLPL5, SAD.GORL5] -> PVLP.LOL4 -> [LO.PVLPL4, ME.LOL3]",AVLP,5,SAD.GOR,5,LO.PVLP,4,ME.LO,3
7894944,mixed,FB->mix,FB,mix,0,3,1,109,2,1.76,9934,91.138,PVLP.LO,4,2,2,"[PVLP.AVLPL5, WEDL5] -> PVLP.LOL4 -> [LO.PVLPL4, ME.LOL3]",PVLP.AVLP,5,WED,5,LO.PVLP,4,ME.LO,3
7656864,mixed,FB->mix,FB,mix,0,3,1,109,2,1.374,10009,91.826,PVLP.LO,4,2,2,"[LO.PVLPL5, PVLPL5] -> PVLP.LOL4 -> [LO.PVLPL4, ME.LOL3]",LO.PVLP,5,PVLP,5,LO.PVLP,4,ME.LO,3
7605562,mixed,FB->mix,FB,mix,1,2,1,2282,2,1.009,13401,5.872,LO,3,2,2,"[LO.LOPL4, ME.LOPL4] -> LOL3 -> [MEL3, MEL4]",LO.LOP,4,ME.LOP,4,ME,3,ME,4
7482624,mixed,FB->mix,FB,mix,0,3,1,109,3,2.986,9910,90.917,PVLP.LO,4,2,2,"[LO.AVLPL5, PVLP.AVLPL5] -> PVLP.LOL4 -> [LO.PVLPL4, ME.LOL3]",LO.AVLP,5,PVLP.AVLP,5,LO.PVLP,4,ME.LO,3
7380692,mixed,FB->mix,FB,mix,0,3,1,109,2,1.949,11257,103.275,PVLP.LO,4,2,2,"[AVLPL5, GNG.AVLPL5] -> PVLP.LOL4 -> [LO.PVLPL4, ME.LOL3]",AVLP,5,GNG.AVLP,5,LO.PVLP,4,ME.LO,3
7368316,mixed,FB->mix,FB,mix,1,2,1,2282,2,1.057,6978,3.058,LO,3,2,2,"[LOL4, ME.LOPL4] -> LOL3 -> [LO.LOPL3, MEL4]",LO,4,ME.LOP,4,LO.LOP,3,ME,4
7320586,mixed,FB->mix,FB,mix,1,2,1,35,1,1.0,3124,89.257,PVLP.LO,3,2,2,"[AVLPL4, LO.PVLPL4] -> PVLP.LOL3 -> [LO.PVLPL3, ME.LOL4]",AVLP,4,LO.PVLP,4,LO.PVLP,3,ME.LO,4
7281840,mixed,FB->mix,FB,mix,0,3,1,109,2,1.875,9941,91.202,PVLP.LO,4,2,2,"[AVLP.PVLPL5, PVLP.AVLPL5] -> PVLP.LOL4 -> [LO.PVLPL4, ME.LOL3]",AVLP.PVLP,5,PVLP.AVLP,5,LO.PVLP,4,ME.LO,3
7244928,mixed,FB->mix,FB,mix,1,2,1,52,1,1.0,2959,56.904,MB_ML,3,2,2,"[MB_CA.MB_MLL4, SMPL4] -> MB_MLL3 -> [MB_CA.MB_MLL3, PLP.MB_MLL4]",MB_CA.MB_ML,4,SMP,4,MB_CA.MB_ML,3,PLP.MB_ML,4
7244928,mixed,FB->mix,FB,mix,1,2,1,52,1,1.0,2959,56.904,MB_ML,3,2,2,"[PLP.MB_MLL4, SMPL4] -> MB_MLL3 -> [MB_CA.MB_MLL3, MB_CA.MB_MLL4]",PLP.MB_ML,4,SMP,4,MB_CA.MB_ML,3,MB_CA.MB_ML,4
7102960,mixed,FB->mix,FB,mix,0,3,1,1160,2,1.998,3251,2.803,LO,4,2,2,"[AVLPL5, PVLPL5] -> LOL4 -> [LO.PVLPL3, LO.PVLPL4]",AVLP,5,PVLP,5,LO.PVLP,3,LO.PVLP,4
6894072,mixed,FB->mix,FB,mix,0,3,1,109,3,2.925,5124,47.009,PVLP.LO,4,2,2,"[AVLPL5, PVLP.AVLPL5] -> PVLP.LOL4 -> [LOL3, LOL4]",AVLP,5,PVLP.AVLP,5,LO,3,LO,4
6869520,mixed,FB->mix,FB,mix,1,2,1,35,1,1.0,10906,311.6,PVLP.LO,3,2,2,"[IPS.PLPL4, LO.PVLPL4] -> PVLP.LOL3 -> [LOL4, ME.LOL3]",IPS.PLP,4,LO.PVLP,4,LO,4,ME.LO,3
6869520,mixed,FB->mix,FB,mix,1,2,1,35,1,1.0,10899,311.4,PVLP.LO,3,2,2,"[IPS.PVLPL4, LO.PVLPL4] -> PVLP.LOL3 -> [LOL4, ME.LOL3]",IPS.PVLP,4,LO.PVLP,4,LO,4,ME.LO,3
6869520,mixed,FB->mix,FB,mix,1,2,1,35,1,1.0,10913,311.8,PVLP.LO,3,2,2,"[LO.PVLPL4, ME.AVLPL4] -> PVLP.LOL3 -> [LOL4, ME.LOL3]",LO.PVLP,4,ME.AVLP,4,LO,4,ME.LO,3
6869520,mixed,FB->mix,FB,mix,1,2,1,35,1,1.0,10898,311.371,PVLP.LO,3,2,2,"[LO.PVLPL4, ME.PVLPL4] -> PVLP.LOL3 -> [LOL4, ME.LOL3]",LO.PVLP,4,ME.PVLP,4,LO,4,ME.LO,3
6869520,mixed,FB->mix,FB,mix,1,2,1,35,1,1.0,11005,314.429,PVLP.LO,3,2,2,"[LO.PVLPL4, PVLP.LOL4] -> PVLP.LOL3 -> [LOL4, ME.LOL3]",LO.PVLP,4,PVLP.LO,4,LO,4,ME.LO,3
6869520,mixed,FB->mix,FB,mix,1,2,1,35,1,1.0,10926,312.171,PVLP.LO,3,2,2,"[LO.PVLPL4, WED.AVLPL4] -> PVLP.LOL3 -> [LOL4, ME.LOL3]",LO.PVLP,4,WED.AVLP,4,LO,4,ME.LO,3
6848330,mixed,FB->mix,FB,mix,1,2,1,2282,1,1.0,5334,2.337,LO,3,2,2,"[LO.LOPL4, LOPL4] -> LOL3 -> [LO.LOPL3, ME.LOPL4]",LO.LOP,4,LOP,4,LO.LOP,3,ME.LOP,4
6801278,mixed,FB->mix,FB,mix,0,3,1,1160,2,1.962,3260,2.81,LO,4,2,2,"[AVLPL5, PVLP.AVLPL5] -> LOL4 -> [LO.PVLPL3, LO.PVLPL4]",AVLP,5,PVLP.AVLP,5,LO.PVLP,3,LO.PVLP,4
6779120,mixed,FB->mix,FB,mix,1,2,1,2282,2,1.04,6554,2.872,LO,3,2,2,"[LOL4, ME.LOPL4] -> LOL3 -> [MEL4, ME.LOPL3]",LO,4,ME.LOP,4,ME,4,ME.LOP,3
6757464,mixed,FB->mix,FB,mix,1,2,1,35,1,1.0,2472,70.629,PVLP.LO,3,2,2,"[LO.PVLPL4, PVLPL4] -> PVLP.LOL3 -> [LO.PVLPL3, ME.LOL4]",LO.PVLP,4,PVLP,4,LO.PVLP,3,ME.LO,4
6542532,mixed,FB->mix,FB,mix,0,3,1,109,3,2.958,13254,121.596,PVLP.LO,4,2,2,"[AVLPL5, PVLPL5] -> PVLP.LOL4 -> [LO.PVLPL4, MEL3]",AVLP,5,PVLP,5,LO.PVLP,4,ME,3
6540260,mixed,FB->mix,FB,mix,0,3,1,109,3,2.885,9942,91.211,PVLP.LO,4,2,2,"[PVLPL5, PVLP.AVLPL5] -> PVLP.LOL4 -> [ME.LOL3, ME.LOL4]",PVLP,5,PVLP.AVLP,5,ME.LO,3,ME.LO,4
6412378,mixed,FB->mix,FB,mix,1,2,1,2282,3,1.002,14422,6.32,LO,3,2,2,"[LOL4, LO.LOPL4] -> LOL3 -> [MEL3, MEL4]",LO,4,LO.LOP,4,ME,3,ME,4
6339312,mixed,FB->mix,FB,mix,1,2,1,52,1,1.0,2154,41.423,MB_ML,3,2,2,"[CREL4, MB_CA.MB_MLL4] -> MB_MLL3 -> [MB_CA.MB_MLL3, PLP.MB_MLL4]",CRE,4,MB_CA.MB_ML,4,MB_CA.MB_ML,3,PLP.MB_ML,4
6339312,mixed,FB->mix,FB,mix,1,2,1,52,1,1.0,2154,41.423,MB_ML,3,2,2,"[CREL4, PLP.MB_MLL4] -> MB_MLL3 -> [MB_CA.MB_MLL3, MB_CA.MB_MLL4]",CRE,4,PLP.MB_ML,4,MB_CA.MB_ML,3,MB_CA.MB_ML,4
6247316,mixed,FB->mix,FB,mix,0,3,1,109,5,2.916,3539,32.468,PVLP.LO,4,2,2,"[AVLPL5, PVLPL5] -> PVLP.LOL4 -> [LOL4, LO.PVLPL3]",AVLP,5,PVLP,5,LO,4,LO.PVLP,3
6234793,mixed,FB->mix,FB,mix,0,3,1,1160,11,1.0,9994,8.616,LO,4,2,2,"[LOL5, LO.PLPL5] -> LOL4 -> [LO.PVLPL4, ME.LOL3]",LO,5,LO.PLP,5,LO.PVLP,4,ME.LO,3
6132539,mixed,FB->mix,FB,mix,1,2,1,2282,2,1.013,11556,5.064,LO,3,2,2,"[LO.LOPL4, ME.LOPL4] -> LOL3 -> [MEL4, ME.LOL3]",LO.LOP,4,ME.LOP,4,ME,4,ME.LO,3
6127200,mixed,FB->mix,FB,mix,1,2,1,2282,1,1.0,4910,2.152,LO,3,2,2,"[LOPL4, ME.LOPL4] -> LOL3 -> [LO.LOPL4, ME.LOPL3]",LOP,4,ME.LOP,4,LO.LOP,4,ME.LOP,3
5869143,mixed,FB->mix,FB,mix,0,3,1,1160,3,1.0,1910,1.647,LO,4,2,2,"[LOL5, LO.SPSL5] -> LOL4 -> [LO.PVLPL3, LO.PVLPL4]",LO,5,LO.SPS,5,LO.PVLP,3,LO.PVLP,4
5800928,mixed,FB->mix,FB,mix,1,2,1,35,1,1.0,10498,299.943,PVLP.LO,3,2,2,"[AVLP.PLPL4, LO.PVLPL4] -> PVLP.LOL3 -> [ME.LOL3, ME.LOL4]",AVLP.PLP,4,LO.PVLP,4,ME.LO,3,ME.LO,4
5800928,mixed,FB->mix,FB,mix,1,2,1,35,1,1.0,10547,301.343,PVLP.LO,3,2,2,"[LO.AVLPL4, LO.PVLPL4] -> PVLP.LOL3 -> [ME.LOL3, ME.LOL4]",LO.AVLP,4,LO.PVLP,4,ME.LO,3,ME.LO,4
5800928,mixed,FB->mix,FB,mix,1,2,1,35,1,1.0,10561,301.743,PVLP.LO,3,2,2,"[LO.PVLPL4, PVLP.AVLPL4] -> PVLP.LOL3 -> [ME.LOL3, ME.LOL4]",LO.PVLP,4,PVLP.AVLP,4,ME.LO,3,ME.LO,4
5716074,mixed,FB->mix,FB,mix,1,2,1,35,1,1.0,4700,134.286,PVLP.LO,3,2,2,"[AVLPL4, LO.PVLPL4] -> PVLP.LOL3 -> [LOL3, ME.LOL4]",AVLP,4,LO.PVLP,4,LO,3,ME.LO,4
5714760,mixed,FB->mix,FB,mix,1,2,1,2282,3,1.007,13605,5.962,LO,3,2,2,"[MEL4, ME.LOPL4] -> LOL3 -> [LOL4, MEL3]",ME,4,ME.LOP,4,LO,4,ME,3
5524416,mixed,FB->mix,FB,mix,0,3,1,109,1,1.0,11765,107.936,PVLP.LO,4,2,2,"[AVLPL5, AVLP.ICLL5] -> PVLP.LOL4 -> [LOL4, ME.LOL3]",AVLP,5,AVLP.ICL,5,LO,4,ME.LO,3
5433696,mixed,FB->mix,FB,mix,1,2,1,52,1,1.0,2066,39.731,MB_ML,3,2,2,"[MB_CA.MB_MLL4, PLP.CREL4] -> MB_MLL3 -> [MB_CA.MB_MLL3, PLP.MB_MLL4]",MB_CA.MB_ML,4,PLP.CRE,4,MB_CA.MB_ML,3,PLP.MB_ML,4
5433696,mixed,FB->mix,FB,mix,1,2,1,52,1,1.0,2066,39.731,MB_ML,3,2,2,"[MB_CA.MB_MLL4, PLP.MB_MLL4] -> MB_MLL3 -> [MB_CA.MB_MLL3, PLP.CREL4]",MB_CA.MB_ML,4,PLP.MB_ML,4,MB_CA.MB_ML,3,PLP.CRE,4
5433696,mixed,FB->mix,FB,mix,1,2,1,52,1,1.0,2066,39.731,MB_ML,3,2,2,"[PLP.CREL4, PLP.MB_MLL4] -> MB_MLL3 -> [MB_CA.MB_MLL3, MB_CA.MB_MLL4]",PLP.CRE,4,PLP.MB_ML,4,MB_CA.MB_ML,3,MB_CA.MB_ML,4
5421792,mixed,FB->mix,FB,mix,1,2,1,2282,2,1.012,13605,5.962,LO,3,2,2,"[LOL4, MEL4] -> LOL3 -> [MEL3, ME.LOPL4]",LO,4,ME,4,ME,3,ME.LOP,4
5404386,mixed,FB->mix,FB,mix,1,2,1,2282,2,1.867,5927,2.597,LO,3,2,2,"[MEL4, PVLP.LOL4] -> LOL3 -> [LO.LOPL3, ME.LOPL4]",ME,4,PVLP.LO,4,LO.LOP,3,ME.LOP,4
5279040,mixed,FB->mix,FB,mix,1,2,1,35,1,1.0,10954,312.971,PVLP.LO,3,2,2,"[AVLPL4, PVLPL4] -> PVLP.LOL3 -> [LOL4, ME.LOL3]",AVLP,4,PVLP,4,LO,4,ME.LO,3
5276376,mixed,FB->mix,FB,mix,1,2,1,35,1,1.0,4048,115.657,PVLP.LO,3,2,2,"[LO.PVLPL4, PVLPL4] -> PVLP.LOL3 -> [LOL3, ME.LOL4]",LO.PVLP,4,PVLP,4,LO,3,ME.LO,4
5192784,mixed,FB->mix,FB,mix,0,3,1,109,2,1.997,9903,90.853,PVLP.LO,4,2,2,"[AVLP.LOL5, PVLP.AVLPL5] -> PVLP.LOL4 -> [LO.PVLPL4, ME.LOL3]",AVLP.LO,5,PVLP.AVLP,5,LO.PVLP,4,ME.LO,3
5162128,mixed,FB->mix,FB,mix,1,2,1,2282,3,1.003,12577,5.511,LO,3,2,2,"[LOL4, LO.LOPL4] -> LOL3 -> [MEL4, ME.LOL3]",LO,4,LO.LOP,4,ME,4,ME.LO,3
5074345,mixed,FB->mix,FB,mix,1,2,1,2282,93,1.743,3493,1.531,LO,3,2,2,"[LOL4, ME.LOL4] -> LOL3 -> [LO.PVLPL3, LO.PVLPL4]",LO,4,ME.LO,4,LO.PVLP,3,LO.PVLP,4
5051904,mixed,FB->mix,FB,mix,0,3,1,109,2,1.653,11572,106.165,PVLP.LO,4,2,2,"[AVLPL5, WEDL5] -> PVLP.LOL4 -> [LOL4, ME.LOL3]",AVLP,5,WED,5,LO,4,ME.LO,3
5008822,mixed,FB->mix,FB,mix,1,2,1,35,1,1.0,2478,70.8,PVLP.LO,3,2,2,"[AVLPL4, LO.PVLPL4] -> PVLP.LOL3 -> [LO.PVLPL3, PVLP.LOL4]",AVLP,4,LO.PVLP,4,LO.PVLP,3,PVLP.LO,4
4992000,mixed,FB->mix,FB,mix,0,3,1,109,2,1.986,9904,90.862,PVLP.LO,4,2,2,"[PVLP.AVLPL5, SAD.GORL5] -> PVLP.LOL4 -> [LO.PVLPL4, ME.LOL3]",PVLP.AVLP,5,SAD.GOR,5,LO.PVLP,4,ME.LO,3
4983636,mixed,FB->mix,FB,mix,1,3,0,109,3,2.826,10744,98.569,PVLP.LO,4,2,2,"[AVLPL5, PVLPL5] -> PVLP.LOL4 -> [LOL5, ME.LOL3]",AVLP,5,PVLP,5,LO,5,ME.LO,3
4950624,mixed,FB->mix,FB,mix,1,2,1,2282,2,1.0,6792,2.976,LO,3,2,2,"[LOPL4, MEL4] -> LOL3 -> [LO.LOPL3, LO.LOPL4]",LOP,4,ME,4,LO.LOP,3,LO.LOP,4
4803840,mixed,FB->mix,FB,mix,0,3,1,109,1,1.0,11283,103.514,PVLP.LO,4,2,2,"[AVLPL5, ME.LOL5] -> PVLP.LOL4 -> [LO.PVLPL4, ME.LOL3]",AVLP,5,ME.LO,5,LO.PVLP,4,ME.LO,3
4803840,mixed,FB->mix,FB,mix,0,3,1,109,1,1.0,11262,103.321,PVLP.LO,4,2,2,"[AVLPL5, PLP.AVLPL5] -> PVLP.LOL4 -> [LO.PVLPL4, ME.LOL3]",AVLP,5,PLP.AVLP,5,LO.PVLP,4,ME.LO,3
4803840,mixed,FB->mix,FB,mix,0,3,1,109,1,1.0,11270,103.394,PVLP.LO,4,2,2,"[AVLPL5, PVLP.ICLL5] -> PVLP.LOL4 -> [LO.PVLPL4, ME.LOL3]",AVLP,5,PVLP.ICL,5,LO.PVLP,4,ME.LO,3
4787640,mixed,FB->mix,FB,mix,0,3,1,139,1,1.0,2902,20.878,PVLP,4,2,2,"[AVLPL5, PVLP.AVLPL5] -> PVLPL4 -> [LO.PVLPL4, LOP.PLPL3]",AVLP,5,PVLP.AVLP,5,LO.PVLP,4,LOP.PLP,3
4780464,mixed,FB->mix,FB,mix,0,3,1,109,2,1.996,9907,90.89,PVLP.LO,4,2,2,"[GNG.AVLPL5, PVLP.AVLPL5] -> PVLP.LOL4 -> [LO.PVLPL4, ME.LOL3]",GNG.AVLP,5,PVLP.AVLP,5,LO.PVLP,4,ME.LO,3
4623808,mixed,FB->mix,FB,mix,1,2,1,35,4,1.0,1826,52.171,PVLP.LO,3,2,2,"[LO.PVLPL4, PVLPL4] -> PVLP.LOL3 -> [LO.PVLPL3, PVLP.LOL4]",LO.PVLP,4,PVLP,4,LO.PVLP,3,PVLP.LO,4
4607642,mixed,FB->mix,FB,mix,1,2,1,2282,3,1.011,11760,5.153,LO,3,2,2,"[MEL4, ME.LOPL4] -> LOL3 -> [LOL4, ME.LOL3]",ME,4,ME.LOP,4,LO,4,ME.LO,3
4528080,mixed,FB->mix,FB,mix,1,2,1,52,1,1.0,2119,40.75,MB_ML,3,2,2,"[MB_CA.MB_MLL4, SMP.CREL4] -> MB_MLL3 -> [MB_CA.MB_MLL3, PLP.MB_MLL4]",MB_CA.MB_ML,4,SMP.CRE,4,MB_CA.MB_ML,3,PLP.MB_ML,4
4528080,mixed,FB->mix,FB,mix,1,2,1,52,1,1.0,2119,40.75,MB_ML,3,2,2,"[PLP.MB_MLL4, SMP.CREL4] -> MB_MLL3 -> [MB_CA.MB_MLL3, MB_CA.MB_MLL4]",PLP.MB_ML,4,SMP.CRE,4,MB_CA.MB_ML,3,MB_CA.MB_ML,4
4498800,mixed,FB->mix,FB,mix,1,2,1,1160,1,1.0,1433,1.235,LO,4,2,2,"[LOL5, LO.SPSL5] -> LOL4 -> [LO.AOTUL5, LO.PVLPL4]",LO,5,LO.SPS,5,LO.AOTU,5,LO.PVLP,4
4455960,mixed,FB->mix,FB,mix,1,2,1,2282,2,1.693,5503,2.411,LO,3,2,2,"[MEL4, PVLP.LOL4] -> LOL3 -> [ME.LOPL3, ME.LOPL4]",ME,4,PVLP.LO,4,ME.LOP,3,ME.LOP,4
4440155,mixed,FB->mix,FB,mix,1,2,1,2282,2,1.18,6744,2.955,LO,3,2,2,"[LO.LOPL4, PVLP.LOL4] -> LOL3 -> [LO.LOPL3, MEL4]",LO.LOP,4,PVLP.LO,4,LO.LOP,3,ME,4
4422240,mixed,FB->mix,FB,mix,1,2,1,2282,1,1.0,4910,2.152,LO,3,2,2,"[LO.LOPL4, LOPL4] -> LOL3 -> [ME.LOPL3, ME.LOPL4]",LO.LOP,4,LOP,4,ME.LOP,3,ME.LOP,4
4374420,mixed,FB->mix,FB,mix,1,2,1,2282,2,1.017,11760,5.153,LO,3,2,2,"[LOL4, MEL4] -> LOL3 -> [ME.LOL3, ME.LOPL4]",LO,4,ME,4,ME.LO,3,ME.LOP,4
4289408,mixed,FB->mix,FB,mix,0,3,1,109,1,1.0,11257,103.275,PVLP.LO,4,2,2,"[AVLPL5, PLP.PVLPL5] -> PVLP.LOL4 -> [LO.PVLPL4, ME.LOL3]",AVLP,5,PLP.PVLP,5,LO.PVLP,4,ME.LO,3
4289408,mixed,FB->mix,FB,mix,0,3,1,109,1,1.0,11254,103.248,PVLP.LO,4,2,2,"[AVLPL5, WED.SADL5] -> PVLP.LOL4 -> [LO.PVLPL4, ME.LOL3]",AVLP,5,WED.SAD,5,LO.PVLP,4,ME.LO,3
4257070,mixed,FB->mix,FB,mix,1,2,1,2282,1,1.0,6049,2.651,LO,3,2,2,"[LO.LOPL4, ME.LOPL4] -> LOL3 -> [LO.LOPL3, LO.PVLPL4]",LO.LOP,4,ME.LOP,4,LO.LOP,3,LO.PVLP,4
4256662,mixed,FB->mix,FB,mix,0,3,1,109,4,1.592,9932,91.119,PVLP.LO,4,2,2,"[AVLP.PVLPL5, PVLPL5] -> PVLP.LOL4 -> [LO.PVLPL4, ME.LOL3]",AVLP.PVLP,5,PVLP,5,LO.PVLP,4,ME.LO,3
4145040,mixed,FB->mix,FB,mix,0,3,1,109,3,2.865,11904,109.211,PVLP.LO,4,2,2,"[PVLPL5, PVLP.AVLPL5] -> PVLP.LOL4 -> [LO.PVLPL4, MEL3]",PVLP,5,PVLP.AVLP,5,LO.PVLP,4,ME,3
4076904,mixed,FB->mix,FB,mix,1,2,1,35,1,1.0,2508,71.657,PVLP.LO,3,2,2,"[AVLPL4, PVLPL4] -> PVLP.LOL3 -> [LO.PVLPL3, LO.PVLPL4]",AVLP,4,PVLP,4,LO.PVLP,3,LO.PVLP,4
4015540,mixed,FB->mix,FB,mix,1,2,1,2282,2,1.126,6320,2.77,LO,3,2,2,"[LO.LOPL4, PVLP.LOL4] -> LOL3 -> [MEL4, ME.LOPL3]",LO.LOP,4,PVLP.LO,4,ME,4,ME.LOP,3
3993572,mixed,FB->mix,FB,mix,0,3,1,1160,3,1.0,3634,3.133,LO,4,2,2,"[AOTUL5, LOL5] -> LOL4 -> [LOL3, LO.PVLPL4]",AOTU,5,LO,5,LO,3,LO.PVLP,4
3975480,mixed,FB->mix,FB,mix,0,3,1,109,3,2.665,13551,124.321,PVLP.LO,4,2,2,"[AVLPL5, PVLP.AVLPL5] -> PVLP.LOL4 -> [LOL4, MEL3]",AVLP,5,PVLP.AVLP,5,LO,4,ME,3
3969056,mixed,FB->mix,FB,mix,1,2,1,35,1,1.0,10541,301.171,PVLP.LO,3,2,2,"[AVLPL4, LO.PVLPL4] -> PVLP.LOL3 -> [LO.MEL4, ME.LOL3]",AVLP,4,LO.PVLP,4,LO.ME,4,ME.LO,3
3969056,mixed,FB->mix,FB,mix,1,2,1,35,1,1.0,12124,346.4,PVLP.LO,3,2,2,"[AVLPL4, LO.PVLPL4] -> PVLP.LOL3 -> [MEL4, ME.LOL3]",AVLP,4,LO.PVLP,4,ME,4,ME.LO,3
3969056,mixed,FB->mix,FB,mix,1,2,1,35,1,1.0,9852,281.486,PVLP.LO,3,2,2,"[AVLP.PLPL4, LO.PVLPL4] -> PVLP.LOL3 -> [ME.LOL3, PVLP.LOL4]",AVLP.PLP,4,LO.PVLP,4,ME.LO,3,PVLP.LO,4
3969056,mixed,FB->mix,FB,mix,1,2,1,35,1,1.0,9901,282.886,PVLP.LO,3,2,2,"[LO.AVLPL4, LO.PVLPL4] -> PVLP.LOL3 -> [ME.LOL3, PVLP.LOL4]",LO.AVLP,4,LO.PVLP,4,ME.LO,3,PVLP.LO,4
3969056,mixed,FB->mix,FB,mix,1,2,1,35,1,1.0,9915,283.286,PVLP.LO,3,2,2,"[LO.PVLPL4, PVLP.AVLPL4] -> PVLP.LOL3 -> [ME.LOL3, PVLP.LOL4]",LO.PVLP,4,PVLP.AVLP,4,ME.LO,3,PVLP.LO,4
3926832,mixed,FB->mix,FB,mix,0,3,1,109,3,2.915,10676,97.945,PVLP.LO,4,2,2,"[AVLPL5, PVLPL5] -> PVLP.LOL4 -> [ME.LOL3, PVLPL4]",AVLP,5,PVLP,5,ME.LO,3,PVLP,4
3918915,mixed,FB->mix,FB,mix,1,2,1,35,1,1.0,13532,386.629,PVLP.LO,3,2,2,"[AVLPL4, LO.PVLPL4] -> PVLP.LOL3 -> [LOL4, MEL3]",AVLP,4,LO.PVLP,4,LO,4,ME,3
3910999,mixed,FB->mix,FB,mix,1,2,1,35,2,1.0,4054,115.829,PVLP.LO,3,2,2,"[AVLPL4, LO.PVLPL4] -> PVLP.LOL3 -> [LOL3, PVLP.LOL4]",AVLP,4,LO.PVLP,4,LO,3,PVLP.LO,4
3899040,mixed,FB->mix,FB,mix,0,3,1,109,3,2.91,9901,90.835,PVLP.LO,4,2,2,"[LO.AVLPL5, PVLPL5] -> PVLP.LOL4 -> [LO.PVLPL4, ME.LOL3]",LO.AVLP,5,PVLP,5,LO.PVLP,4,ME.LO,3
3898090,mixed,FB->mix,FB,mix,0,3,1,109,3,2.92,2189,20.083,PVLP.LO,4,2,2,"[PVLPL5, PVLP.AVLPL5] -> PVLP.LOL4 -> [LOL4, LO.PVLPL3]",PVLP,5,PVLP.AVLP,5,LO,4,LO.PVLP,3
3856200,mixed,FB->mix,FB,mix,0,3,1,109,2,1.845,11656,106.936,PVLP.LO,4,2,2,"[AVLPL5, LO.PVLPL5] -> PVLP.LOL4 -> [LOL4, ME.LOL3]",AVLP,5,LO.PVLP,5,LO,4,ME.LO,3
3846836,mixed,FB->mix,FB,mix,1,2,1,1160,2,1.0,1320,1.138,LO,4,2,2,"[LOL5, LO.SPSL5] -> LOL4 -> [LO.PVLPL4, LO.PVLPL5]",LO,5,LO.SPS,5,LO.PVLP,4,LO.PVLP,5
3832242,mixed,FB->mix,FB,mix,0,3,1,109,3,2.599,11548,105.945,PVLP.LO,4,2,2,"[AVLPL5, LO.AVLPL5] -> PVLP.LOL4 -> [LOL4, ME.LOL3]",AVLP,5,LO.AVLP,5,LO,4,ME.LO,3
3813120,mixed,FB->mix,FB,mix,1,2,1,52,1,1.0,2959,56.904,MB_ML,3,2,2,"[MB_CA.MB_MLL4, SMPL4] -> MB_MLL3 -> [MB_CA.MB_MLL3, PLP.MB_PEDL4]",MB_CA.MB_ML,4,SMP,4,MB_CA.MB_ML,3,PLP.MB_PED,4
3813120,mixed,FB->mix,FB,mix,1,2,1,52,1,1.0,2959,56.904,MB_ML,3,2,2,"[PLP.MB_PEDL4, SMPL4] -> MB_MLL3 -> [MB_CA.MB_MLL3, MB_CA.MB_MLL4]",PLP.MB_PED,4,SMP,4,MB_CA.MB_ML,3,MB_CA.MB_ML,4
3793320,mixed,FB->mix,FB,mix,0,3,1,109,3,2.816,3143,28.835,PVLP.LO,4,2,2,"[AVLPL5, PVLP.AVLPL5] -> PVLP.LOL4 -> [LO.PVLPL3, ME.LOL4]",AVLP,5,PVLP.AVLP,5,LO.PVLP,3,ME.LO,4
3667510,mixed,FB->mix,FB,mix,0,3,1,1160,6,1.0,1836,1.583,LO,4,2,2,"[LOL5, LO.PLPL5] -> LOL4 -> [LO.PVLPL3, LO.PVLPL4]",LO,5,LO.PLP,5,LO.PVLP,3,LO.PVLP,4
3663744,mixed,FB->mix,FB,mix,1,2,1,35,1,1.0,9889,282.543,PVLP.LO,3,2,2,"[LO.PVLPL4, PVLPL4] -> PVLP.LOL3 -> [LO.MEL4, ME.LOL3]",LO.PVLP,4,PVLP,4,LO.ME,4,ME.LO,3
3663744,mixed,FB->mix,FB,mix,1,2,1,35,1,1.0,11472,327.771,PVLP.LO,3,2,2,"[LO.PVLPL4, PVLPL4] -> PVLP.LOL3 -> [MEL4, ME.LOL3]",LO.PVLP,4,PVLP,4,ME,4,ME.LO,3
3622464,mixed,FB->mix,FB,mix,1,2,1,52,1,1.0,2360,45.385,MB_ML,3,2,2,"[LHL4, MB_CA.MB_MLL4] -> MB_MLL3 -> [MB_CA.MB_MLL3, PLP.MB_MLL4]",LH,4,MB_CA.MB_ML,4,MB_CA.MB_ML,3,PLP.MB_ML,4
3622464,mixed,FB->mix,FB,mix,1,2,1,52,1,1.0,2360,45.385,MB_ML,3,2,2,"[LHL4, PLP.MB_MLL4] -> MB_MLL3 -> [MB_CA.MB_MLL3, MB_CA.MB_MLL4]",LH,4,PLP.MB_ML,4,MB_CA.MB_ML,3,MB_CA.MB_ML,4
3622464,mixed,FB->mix,FB,mix,1,2,1,52,1,1.0,2025,38.942,MB_ML,3,2,2,"[MB_CA.MB_MLL4, MB_CA.MB_VLL4] -> MB_MLL3 -> [MB_CA.MB_MLL3, PLP.MB_MLL4]",MB_CA.MB_ML,4,MB_CA.MB_VL,4,MB_CA.MB_ML,3,PLP.MB_ML,4
3622464,mixed,FB->mix,FB,mix,1,2,1,52,1,1.0,2025,38.942,MB_ML,3,2,2,"[MB_CA.MB_MLL4, PLP.MB_MLL4] -> MB_MLL3 -> [MB_CA.MB_MLL3, MB_CA.MB_VLL4]",MB_CA.MB_ML,4,PLP.MB_ML,4,MB_CA.MB_ML,3,MB_CA.MB_VL,4
3622464,mixed,FB->mix,FB,mix,1,2,1,52,1,1.0,2027,38.981,MB_ML,3,2,2,"[MB_CA.MB_MLL4, PLP.MB_MLL4] -> MB_MLL3 -> [MB_CA.MB_MLL3, SCL.MB_MLL4]",MB_CA.MB_ML,4,PLP.MB_ML,4,MB_CA.MB_ML,3,SCL.MB_ML,4
3622464,mixed,FB->mix,FB,mix,1,2,1,52,1,1.0,2027,38.981,MB_ML,3,2,2,"[MB_CA.MB_MLL4, SCL.MB_MLL4] -> MB_MLL3 -> [MB_CA.MB_MLL3, PLP.MB_MLL4]",MB_CA.MB_ML,4,SCL.MB_ML,4,MB_CA.MB_ML,3,PLP.MB_ML,4
3622464,mixed,FB->mix,FB,mix,1,2,1,52,1,1.0,2025,38.942,MB_ML,3,2,2,"[MB_CA.MB_VLL4, PLP.MB_MLL4] -> MB_MLL3 -> [MB_CA.MB_MLL3, MB_CA.MB_MLL4]",MB_CA.MB_VL,4,PLP.MB_ML,4,MB_CA.MB_ML,3,MB_CA.MB_ML,4
169300872,pure_FB,FB->FB,FB,FB,0,4,0,109,3,2.975,11252,103.229,PVLP.LO,4,2,2,"[AVLPL5, PVLP.AVLPL5] -> PVLP.LOL4 -> [LO.PVLPL3, ME.LOL3]",AVLP,5,PVLP.AVLP,5,LO.PVLP,3,ME.LO,3
95935680,pure_FB,FB->FB,FB,FB,0,4,0,109,3,2.987,12828,117.688,PVLP.LO,4,2,2,"[AVLPL5, PVLP.AVLPL5] -> PVLP.LOL4 -> [LOL3, ME.LOL3]",AVLP,5,PVLP.AVLP,5,LO,3,ME.LO,3
88674348,pure_FB,FB->FB,FB,FB,0,4,0,109,3,2.884,11243,103.147,PVLP.LO,4,2,2,"[AVLPL5, PVLPL5] -> PVLP.LOL4 -> [LO.PVLPL3, ME.LOL3]",AVLP,5,PVLP,5,LO.PVLP,3,ME.LO,3
56792708,pure_FB,FB->FB,FB,FB,0,4,0,109,3,2.74,9893,90.761,PVLP.LO,4,2,2,"[PVLPL5, PVLP.AVLPL5] -> PVLP.LOL4 -> [LO.PVLPL3, ME.LOL3]",PVLP,5,PVLP.AVLP,5,LO.PVLP,3,ME.LO,3
52889760,pure_FB,FB->FB,FB,FB,0,4,0,109,3,2.877,21255,195.0,PVLP.LO,4,2,2,"[AVLPL5, PVLP.AVLPL5] -> PVLP.LOL4 -> [MEL3, ME.LOL3]",AVLP,5,PVLP.AVLP,5,ME,3,ME.LO,3
51160416,pure_FB,FB->FB,FB,FB,0,4,0,109,3,2.772,12819,117.606,PVLP.LO,4,2,2,"[AVLPL5, PVLPL5] -> PVLP.LOL4 -> [LOL3, ME.LOL3]",AVLP,5,PVLP,5,LO,3,ME.LO,3
33298245,pure_FB,FB->FB,FB,FB,0,4,0,109,4,2.546,11469,105.22,PVLP.LO,4,2,2,"[PVLPL5, PVLP.AVLPL5] -> PVLP.LOL4 -> [LOL3, ME.LOL3]",PVLP,5,PVLP.AVLP,5,LO,3,ME.LO,3
26601264,pure_FB,FB->FB,FB,FB,0,4,0,109,3,2.995,21246,194.917,PVLP.LO,4,2,2,"[AVLPL5, PVLPL5] -> PVLP.LOL4 -> [MEL3, ME.LOL3]",AVLP,5,PVLP,5,ME,3,ME.LO,3
18018612,pure_FB,FB->FB,FB,FB,0,4,0,109,3,2.887,4670,42.844,PVLP.LO,4,2,2,"[AVLPL5, PVLP.AVLPL5] -> PVLP.LOL4 -> [LOL3, LO.PVLPL3]",AVLP,5,PVLP.AVLP,5,LO,3,LO.PVLP,3
16726860,pure_FB,FB->FB,FB,FB,0,4,0,109,3,2.941,19896,182.532,PVLP.LO,4,2,2,"[PVLPL5, PVLP.AVLPL5] -> PVLP.LOL4 -> [MEL3, ME.LOL3]",PVLP,5,PVLP.AVLP,5,ME,3,ME.LO,3
13675816,pure_FB,FB->FB,FB,FB,0,4,0,109,2,1.618,11202,102.771,PVLP.LO,4,2,2,"[AVLPL5, LO.PVLPL5] -> PVLP.LOL4 -> [LO.PVLPL3, ME.LOL3]",AVLP,5,LO.PVLP,5,LO.PVLP,3,ME.LO,3
9991458,pure_FB,FB->FB,FB,FB,0,4,0,109,4,2.54,4661,42.761,PVLP.LO,4,2,2,"[AVLPL5, PVLPL5] -> PVLP.LOL4 -> [LOL3, LO.PVLPL3]",AVLP,5,PVLP,5,LO,3,LO.PVLP,3
9651904,pure_FB,FB->FB,FB,FB,0,4,0,109,2,1.862,11118,102.0,PVLP.LO,4,2,2,"[AVLPL5, WEDL5] -> PVLP.LOL4 -> [LO.PVLPL3, ME.LOL3]",AVLP,5,WED,5,LO.PVLP,3,ME.LO,3
9627660,pure_FB,FB->FB,FB,FB,0,4,0,109,3,2.936,13097,120.156,PVLP.LO,4,2,2,"[AVLPL5, PVLP.AVLPL5] -> PVLP.LOL4 -> [LO.PVLPL3, MEL3]",AVLP,5,PVLP.AVLP,5,LO.PVLP,3,ME,3
9567712,pure_FB,FB->FB,FB,FB,0,4,0,109,2,1.505,9852,90.385,PVLP.LO,4,2,2,"[LO.PVLPL5, PVLP.AVLPL5] -> PVLP.LOL4 -> [LO.PVLPL3, ME.LOL3]",LO.PVLP,5,PVLP.AVLP,5,LO.PVLP,3,ME.LO,3
9207360,pure_FB,FB->FB,FB,FB,0,4,0,109,1,1.0,11311,103.771,PVLP.LO,4,2,2,"[AVLPL5, AVLP.ICLL5] -> PVLP.LOL4 -> [LO.PVLPL3, ME.LOL3]",AVLP,5,AVLP.ICL,5,LO.PVLP,3,ME.LO,3
9123322,pure_FB,FB->FB,FB,FB,0,4,0,109,3,2.95,11094,101.78,PVLP.LO,4,2,2,"[AVLPL5, LO.AVLPL5] -> PVLP.LOL4 -> [LO.PVLPL3, ME.LOL3]",AVLP,5,LO.AVLP,5,LO.PVLP,3,ME.LO,3
8442080,pure_FB,FB->FB,FB,FB,0,4,0,109,2,1.45,12778,117.229,PVLP.LO,4,2,2,"[AVLPL5, LO.PVLPL5] -> PVLP.LOL4 -> [LOL3, ME.LOL3]",AVLP,5,LO.PVLP,5,LO,3,ME.LO,3
8150196,pure_FB,FB->FB,FB,FB,0,4,0,109,2,1.885,11125,102.064,PVLP.LO,4,2,2,"[AVLPL5, AVLP.PVLPL5] -> PVLP.LOL4 -> [LO.PVLPL3, ME.LOL3]",AVLP,5,AVLP.PVLP,5,LO.PVLP,3,ME.LO,3
7497036,pure_FB,FB->FB,FB,FB,0,4,0,1160,4,1.0,11478,9.895,LO,4,2,2,"[LOL5, LO.SPSL5] -> LOL4 -> [LOL3, ME.LOL3]",LO,5,LO.SPS,5,LO,3,ME.LO,3
6600468,pure_FB,FB->FB,FB,FB,0,4,0,109,3,2.307,3311,30.376,PVLP.LO,4,2,2,"[PVLPL5, PVLP.AVLPL5] -> PVLP.LOL4 -> [LOL3, LO.PVLPL3]",PVLP,5,PVLP.AVLP,5,LO,3,LO.PVLP,3
6582784,pure_FB,FB->FB,FB,FB,0,4,0,109,2,1.991,11087,101.716,PVLP.LO,4,2,2,"[AVLPL5, AVLP.LOL5] -> PVLP.LOL4 -> [LO.PVLPL3, ME.LOL3]",AVLP,5,AVLP.LO,5,LO.PVLP,3,ME.LO,3
6289360,pure_FB,FB->FB,FB,FB,0,4,0,109,2,1.373,9843,90.303,PVLP.LO,4,2,2,"[LO.PVLPL5, PVLPL5] -> PVLP.LOL4 -> [LO.PVLPL3, ME.LOL3]",LO.PVLP,5,PVLP,5,LO.PVLP,3,ME.LO,3
6054202,pure_FB,FB->FB,FB,FB,0,4,0,109,2,1.95,11091,101.752,PVLP.LO,4,2,2,"[AVLPL5, GNG.AVLPL5] -> PVLP.LOL4 -> [LO.PVLPL3, ME.LOL3]",AVLP,5,GNG.AVLP,5,LO.PVLP,3,ME.LO,3
5994048,pure_FB,FB->FB,FB,FB,0,4,0,109,2,1.36,11428,104.844,PVLP.LO,4,2,2,"[LO.PVLPL5, PVLP.AVLPL5] -> PVLP.LOL4 -> [LOL3, ME.LOL3]",LO.PVLP,5,PVLP.AVLP,5,LO,3,ME.LO,3
5648452,pure_FB,FB->FB,FB,FB,0,4,0,109,3,2.986,9744,89.394,PVLP.LO,4,2,2,"[LO.AVLPL5, PVLP.AVLPL5] -> PVLP.LOL4 -> [LO.PVLPL3, ME.LOL3]",LO.AVLP,5,PVLP.AVLP,5,LO.PVLP,3,ME.LO,3
5609658,pure_FB,FB->FB,FB,FB,0,4,0,109,2,1.982,11088,101.725,PVLP.LO,4,2,2,"[AVLPL5, SAD.GORL5] -> PVLP.LOL4 -> [LO.PVLPL3, ME.LOL3]",AVLP,5,SAD.GOR,5,LO.PVLP,3,ME.LO,3
5492952,pure_FB,FB->FB,FB,FB,0,4,0,109,2,1.876,9768,89.615,PVLP.LO,4,2,2,"[PVLP.AVLPL5, WEDL5] -> PVLP.LOL4 -> [LO.PVLPL3, ME.LOL3]",PVLP.AVLP,5,WED,5,LO.PVLP,3,ME.LO,3
5490140,pure_FB,FB->FB,FB,FB,0,4,0,109,2,1.758,9775,89.679,PVLP.LO,4,2,2,"[AVLP.PVLPL5, PVLP.AVLPL5] -> PVLP.LOL4 -> [LO.PVLPL3, ME.LOL3]",AVLP.PVLP,5,PVLP.AVLP,5,LO.PVLP,3,ME.LO,3
5444352,pure_FB,FB->FB,FB,FB,0,4,0,109,1,1.0,12887,118.229,PVLP.LO,4,2,2,"[AVLPL5, AVLP.ICLL5] -> PVLP.LOL4 -> [LOL3, ME.LOL3]",AVLP,5,AVLP.ICL,5,LO,3,ME.LO,3
5411610,pure_FB,FB->FB,FB,FB,0,4,0,109,3,2.998,14673,134.615,PVLP.LO,4,2,2,"[AVLPL5, PVLP.AVLPL5] -> PVLP.LOL4 -> [LOL3, MEL3]",AVLP,5,PVLP.AVLP,5,LO,3,ME,3
5249504,pure_FB,FB->FB,FB,FB,0,4,0,109,2,1.744,12694,116.459,PVLP.LO,4,2,2,"[AVLPL5, WEDL5] -> PVLP.LOL4 -> [LOL3, ME.LOL3]",AVLP,5,WED,5,LO,3,ME.LO,3
5225856,pure_FB,FB->FB,FB,FB,0,4,0,109,2,1.829,12701,116.523,PVLP.LO,4,2,2,"[AVLPL5, AVLP.PVLPL5] -> PVLP.LOL4 -> [LOL3, ME.LOL3]",AVLP,5,AVLP.PVLP,5,LO,3,ME.LO,3
5179140,pure_FB,FB->FB,FB,FB,0,4,0,109,1,1.0,9961,91.385,PVLP.LO,4,2,2,"[AVLP.ICLL5, PVLP.AVLPL5] -> PVLP.LOL4 -> [LO.PVLPL3, ME.LOL3]",AVLP.ICL,5,PVLP.AVLP,5,LO.PVLP,3,ME.LO,3
5140256,pure_FB,FB->FB,FB,FB,0,4,0,109,3,2.994,12670,116.239,PVLP.LO,4,2,2,"[AVLPL5, LO.AVLPL5] -> PVLP.LOL4 -> [LOL3, ME.LOL3]",AVLP,5,LO.AVLP,5,LO,3,ME.LO,3
5038614,pure_FB,FB->FB,FB,FB,0,4,0,109,3,2.863,13088,120.073,PVLP.LO,4,2,2,"[AVLPL5, PVLPL5] -> PVLP.LOL4 -> [LO.PVLPL3, MEL3]",AVLP,5,PVLP,5,LO.PVLP,3,ME,3
4685825,pure_FB,FB->FB,FB,FB,0,4,0,1160,19,1.0,11404,9.831,LO,4,2,2,"[LOL5, LO.PLPL5] -> LOL4 -> [LOL3, ME.LOL3]",LO,5,LO.PLP,5,LO,3,ME.LO,3
4680072,pure_FB,FB->FB,FB,FB,0,4,0,109,3,2.539,10581,97.073,PVLP.LO,4,2,2,"[AVLPL5, PVLP.AVLPL5] -> PVLP.LOL4 -> [ME.LOL3, PVLP.LOL3]",AVLP,5,PVLP.AVLP,5,ME.LO,3,PVLP.LO,3
4410018,pure_FB,FB->FB,FB,FB,0,4,0,1160,2,1.0,3320,2.862,LO,4,2,2,"[LOL5, LO.SPSL5] -> LOL4 -> [LOL3, LO.PVLPL3]",LO,5,LO.SPS,5,LO,3,LO.PVLP,3
4007712,pure_FB,FB->FB,FB,FB,0,4,0,109,2,1.261,11419,104.761,PVLP.LO,4,2,2,"[LO.PVLPL5, PVLPL5] -> PVLP.LOL4 -> [LOL3, ME.LOL3]",LO.PVLP,5,PVLP,5,LO,3,ME.LO,3
3922072,pure_FB,FB->FB,FB,FB,0,4,0,109,2,1.997,9741,89.367,PVLP.LO,4,2,2,"[GNG.AVLPL5, PVLP.AVLPL5] -> PVLP.LOL4 -> [LO.PVLPL3, ME.LOL3]",GNG.AVLP,5,PVLP.AVLP,5,LO.PVLP,3,ME.LO,3
3766572,pure_FB,FB->FB,FB,FB,0,4,0,109,2,1.986,9737,89.33,PVLP.LO,4,2,2,"[AVLP.LOL5, PVLP.AVLPL5] -> PVLP.LOL4 -> [LO.PVLPL3, ME.LOL3]",AVLP.LO,5,PVLP.AVLP,5,LO.PVLP,3,ME.LO,3
3608260,pure_FB,FB->FB,FB,FB,0,4,0,109,2,1.996,9738,89.339,PVLP.LO,4,2,2,"[PVLP.AVLPL5, SAD.GORL5] -> PVLP.LOL4 -> [LO.PVLPL3, ME.LOL3]",PVLP.AVLP,5,SAD.GOR,5,LO.PVLP,3,ME.LO,3
3602880,pure_FB,FB->FB,FB,FB,0,4,0,109,1,1.0,21314,195.541,PVLP.LO,4,2,2,"[AVLPL5, AVLP.ICLL5] -> PVLP.LOL4 -> [MEL3, ME.LOL3]",AVLP,5,AVLP.ICL,5,ME,3,ME.LO,3
3585024,pure_FB,FB->FB,FB,FB,0,4,0,109,2,1.691,21205,194.541,PVLP.LO,4,2,2,"[AVLPL5, LO.PVLPL5] -> PVLP.LOL4 -> [MEL3, ME.LOL3]",AVLP,5,LO.PVLP,5,ME,3,ME.LO,3
3547536,pure_FB,FB->FB,FB,FB,0,4,0,109,2,1.695,11351,104.138,PVLP.LO,4,2,2,"[AVLP.PVLPL5, PVLP.AVLPL5] -> PVLP.LOL4 -> [LOL3, ME.LOL3]",AVLP.PVLP,5,PVLP.AVLP,5,LO,3,ME.LO,3
3520320,pure_FB,FB->FB,FB,FB,0,4,0,109,2,1.998,12664,116.183,PVLP.LO,4,2,2,"[AVLPL5, SAD.GORL5] -> PVLP.LOL4 -> [LOL3, ME.LOL3]",AVLP,5,SAD.GOR,5,LO,3,ME.LO,3
3513664,pure_FB,FB->FB,FB,FB,0,4,0,109,1,1.0,11091,101.752,PVLP.LO,4,2,2,"[AVLPL5, PLP.PVLPL5] -> PVLP.LOL4 -> [LO.PVLPL3, ME.LOL3]",AVLP,5,PLP.PVLP,5,LO.PVLP,3,ME.LO,3
3513664,pure_FB,FB->FB,FB,FB,0,4,0,109,1,1.0,11088,101.725,PVLP.LO,4,2,2,"[AVLPL5, WED.SADL5] -> PVLP.LOL4 -> [LO.PVLPL3, ME.LOL3]",AVLP,5,WED.SAD,5,LO.PVLP,3,ME.LO,3
3434720,pure_FB,FB->FB,FB,FB,0,4,0,109,2,1.994,12663,116.174,PVLP.LO,4,2,2,"[AVLPL5, AVLP.LOL5] -> PVLP.LOL4 -> [LOL3, ME.LOL3]",AVLP,5,AVLP.LO,5,LO,3,ME.LO,3
3428640,pure_FB,FB->FB,FB,FB,0,4,0,109,2,1.723,21121,193.771,PVLP.LO,4,2,2,"[AVLPL5, WEDL5] -> PVLP.LOL4 -> [MEL3, ME.LOL3]",AVLP,5,WED,5,ME,3,ME.LO,3
3325472,pure_FB,FB->FB,FB,FB,0,4,0,109,2,1.999,12667,116.211,PVLP.LO,4,2,2,"[AVLPL5, GNG.AVLPL5] -> PVLP.LOL4 -> [LOL3, ME.LOL3]",AVLP,5,GNG.AVLP,5,LO,3,ME.LO,3
3306006,pure_FB,FB->FB,FB,FB,0,4,0,109,3,1.479,9766,89.596,PVLP.LO,4,2,2,"[AVLP.PVLPL5, PVLPL5] -> PVLP.LOL4 -> [LO.PVLPL3, ME.LOL3]",AVLP.PVLP,5,PVLP,5,LO.PVLP,3,ME.LO,3
3224784,pure_FB,FB->FB,FB,FB,0,4,0,109,3,2.952,11320,103.853,PVLP.LO,4,2,2,"[LO.AVLPL5, PVLP.AVLPL5] -> PVLP.LOL4 -> [LOL3, ME.LOL3]",LO.AVLP,5,PVLP.AVLP,5,LO,3,ME.LO,3
3216150,pure_FB,FB->FB,FB,FB,0,4,0,109,3,2.749,11738,107.688,PVLP.LO,4,2,2,"[PVLPL5, PVLP.AVLPL5] -> PVLP.LOL4 -> [LO.PVLPL3, MEL3]",PVLP,5,PVLP.AVLP,5,LO.PVLP,3,ME,3
3069120,pure_FB,FB->FB,FB,FB,0,4,0,109,1,1.0,11117,101.991,PVLP.LO,4,2,2,"[AVLPL5, ME.LOL5] -> PVLP.LOL4 -> [LO.PVLPL3, ME.LOL3]",AVLP,5,ME.LO,5,LO.PVLP,3,ME.LO,3
3069120,pure_FB,FB->FB,FB,FB,0,4,0,109,1,1.0,11096,101.798,PVLP.LO,4,2,2,"[AVLPL5, PLP.AVLPL5] -> PVLP.LOL4 -> [LO.PVLPL3, ME.LOL3]",AVLP,5,PLP.AVLP,5,LO.PVLP,3,ME.LO,3
3069120,pure_FB,FB->FB,FB,FB,0,4,0,109,1,1.0,11104,101.872,PVLP.LO,4,2,2,"[AVLPL5, PVLP.ICLL5] -> PVLP.LOL4 -> [LO.PVLPL3, ME.LOL3]",AVLP,5,PVLP.ICL,5,LO.PVLP,3,ME.LO,3
3062451,pure_FB,FB->FB,FB,FB,0,4,0,109,2,1.0,11537,105.844,PVLP.LO,4,2,2,"[AVLP.ICLL5, PVLP.AVLPL5] -> PVLP.LOL4 -> [LOL3, ME.LOL3]",AVLP.ICL,5,PVLP.AVLP,5,LO,3,ME.LO,3
3008782,pure_FB,FB->FB,FB,FB,0,4,0,109,3,2.806,9735,89.312,PVLP.LO,4,2,2,"[LO.AVLPL5, PVLPL5] -> PVLP.LOL4 -> [LO.PVLPL3, ME.LOL3]",LO.AVLP,5,PVLP,5,LO.PVLP,3,ME.LO,3
2982240,pure_FB,FB->FB,FB,FB,0,4,0,109,2,1.76,11344,104.073,PVLP.LO,4,2,2,"[PVLP.AVLPL5, WEDL5] -> PVLP.LOL4 -> [LOL3, ME.LOL3]",PVLP.AVLP,5,WED,5,LO,3,ME.LO,3
2883213,pure_FB,FB->FB,FB,FB,0,4,0,109,3,2.798,14664,134.532,PVLP.LO,4,2,2,"[AVLPL5, PVLPL5] -> PVLP.LOL4 -> [LOL3, MEL3]",AVLP,5,PVLP,5,LO,3,ME,3
2867256,pure_FB,FB->FB,FB,FB,0,4,0,109,3,2.829,21097,193.55,PVLP.LO,4,2,2,"[AVLPL5, LO.AVLPL5] -> PVLP.LOL4 -> [MEL3, ME.LOL3]",AVLP,5,LO.AVLP,5,ME,3,ME.LO,3
2756288,pure_FB,FB->FB,FB,FB,0,4,0,1160,8,1.0,3246,2.798,LO,4,2,2,"[LOL5, LO.PLPL5] -> LOL4 -> [LOL3, LO.PVLPL3]",LO,5,LO.PLP,5,LO,3,LO.PVLP,3
2754207,pure_FB,FB->FB,FB,FB,0,4,0,1160,3,1.0,9902,8.536,LO,4,2,2,"[LOL5, LO.SPSL5] -> LOL4 -> [LO.PVLPL3, ME.LOL3]",LO,5,LO.SPS,5,LO.PVLP,3,ME.LO,3
2730732,pure_FB,FB->FB,FB,FB,0,4,0,109,3,2.1,10572,96.991,PVLP.LO,4,2,2,"[AVLPL5, PVLPL5] -> PVLP.LOL4 -> [ME.LOL3, PVLP.LOL3]",AVLP,5,PVLP,5,ME.LO,3,PVLP.LO,3
2540538,pure_FB,FB->FB,FB,FB,0,4,0,109,1,1.0,11092,101.761,PVLP.LO,4,2,2,"[AVLPL5, WED.AMMCL5] -> PVLP.LOL4 -> [LO.PVLPL3, ME.LOL3]",AVLP,5,WED.AMMC,5,LO.PVLP,3,ME.LO,3
2540538,pure_FB,FB->FB,FB,FB,0,4,0,109,1,1.0,11124,102.055,PVLP.LO,4,2,2,"[AVLPL5, WED.AVLPL5] -> PVLP.LOL4 -> [LO.PVLPL3, ME.LOL3]",AVLP,5,WED.AVLP,5,LO.PVLP,3,ME.LO,3
2491200,pure_FB,FB->FB,FB,FB,0,4,0,109,2,1.573,19855,182.156,PVLP.LO,4,2,2,"[LO.PVLPL5, PVLP.AVLPL5] -> PVLP.LOL4 -> [MEL3, ME.LOL3]",LO.PVLP,5,PVLP.AVLP,5,ME,3,ME.LO,3
2480112,pure_FB,FB->FB,FB,FB,0,4,0,109,2,1.998,21128,193.835,PVLP.LO,4,2,2,"[AVLPL5, AVLP.PVLPL5] -> PVLP.LOL4 -> [MEL3, ME.LOL3]",AVLP,5,AVLP.PVLP,5,ME,3,ME.LO,3
2362836,pure_FB,FB->FB,FB,FB,0,4,0,109,2,1.963,9759,89.532,PVLP.LO,4,2,2,"[PVLPL5, WEDL5] -> PVLP.LOL4 -> [LO.PVLPL3, ME.LOL3]",PVLP,5,WED,5,LO.PVLP,3,ME.LO,3
2337412,pure_FB,FB->FB,FB,FB,0,4,0,109,2,1.968,9732,89.284,PVLP.LO,4,2,2,"[GNG.AVLPL5, PVLPL5] -> PVLP.LOL4 -> [LO.PVLPL3, ME.LOL3]",GNG.AVLP,5,PVLP,5,LO.PVLP,3,ME.LO,3
2284176,pure_FB,FB->FB,FB,FB,0,4,0,109,2,1.978,11314,103.798,PVLP.LO,4,2,2,"[PVLP.AVLPL5, SAD.GORL5] -> PVLP.LOL4 -> [LOL3, ME.LOL3]",PVLP.AVLP,5,SAD.GOR,5,LO,3,ME.LO,3
2227680,pure_FB,FB->FB,FB,FB,0,4,0,109,2,1.988,21090,193.486,PVLP.LO,4,2,2,"[AVLPL5, AVLP.LOL5] -> PVLP.LOL4 -> [MEL3, ME.LOL3]",AVLP,5,AVLP.LO,5,ME,3,ME.LO,3
2203968,pure_FB,FB->FB,FB,FB,0,4,0,109,2,1.958,11317,103.826,PVLP.LO,4,2,2,"[GNG.AVLPL5, PVLP.AVLPL5] -> PVLP.LOL4 -> [LOL3, ME.LOL3]",GNG.AVLP,5,PVLP.AVLP,5,LO,3,ME.LO,3
2165688,pure_FB,FB->FB,FB,FB,0,4,0,109,2,1.427,11342,104.055,PVLP.LO,4,2,2,"[AVLP.PVLPL5, PVLPL5] -> PVLP.LOL4 -> [LOL3, ME.LOL3]",AVLP.PVLP,5,PVLP,5,LO,3,ME.LO,3
2040192,pure_FB,FB->FB,FB,FB,0,4,0,109,1,1.0,9741,89.367,PVLP.LO,4,2,2,"[PLP.PVLPL5, PVLP.AVLPL5] -> PVLP.LOL4 -> [LO.PVLPL3, ME.LOL3]",PLP.PVLP,5,PVLP.AVLP,5,LO.PVLP,3,ME.LO,3
2040192,pure_FB,FB->FB,FB,FB,0,4,0,109,1,1.0,9738,89.339,PVLP.LO,4,2,2,"[PVLP.AVLPL5, WED.SADL5] -> PVLP.LOL4 -> [LO.PVLPL3, ME.LOL3]",PVLP.AVLP,5,WED.SAD,5,LO.PVLP,3,ME.LO,3
2026620,pure_FB,FB->FB,FB,FB,0,4,0,109,1,1.0,19964,183.156,PVLP.LO,4,2,2,"[AVLP.ICLL5, PVLP.AVLPL5] -> PVLP.LOL4 -> [MEL3, ME.LOL3]",AVLP.ICL,5,PVLP.AVLP,5,ME,3,ME.LO,3
2014110,pure_FB,FB->FB,FB,FB,0,4,0,109,1,1.0,9952,91.303,PVLP.LO,4,2,2,"[AVLP.ICLL5, PVLPL5] -> PVLP.LOL4 -> [LO.PVLPL3, ME.LOL3]",AVLP.ICL,5,PVLP,5,LO.PVLP,3,ME.LO,3
1988686,pure_FB,FB->FB,FB,FB,0,4,0,109,2,1.809,9729,89.257,PVLP.LO,4,2,2,"[PVLPL5, SAD.GORL5] -> PVLP.LOL4 -> [LO.PVLPL3, ME.LOL3]",PVLP,5,SAD.GOR,5,LO.PVLP,3,ME.LO,3
1961424,pure_FB,FB->FB,FB,FB,0,4,0,109,2,1.997,11313,103.789,PVLP.LO,4,2,2,"[AVLP.LOL5, PVLP.AVLPL5] -> PVLP.LOL4 -> [LOL3, ME.LOL3]",AVLP.LO,5,PVLP.AVLP,5,LO,3,ME.LO,3
1947240,pure_FB,FB->FB,FB,FB,0,4,0,109,2,1.739,19771,181.385,PVLP.LO,4,2,2,"[PVLP.AVLPL5, WEDL5] -> PVLP.LOL4 -> [MEL3, ME.LOL3]",PVLP.AVLP,5,WED,5,ME,3,ME.LO,3
1881880,pure_FB,FB->FB,FB,FB,0,4,0,109,1,1.0,9742,89.376,PVLP.LO,4,2,2,"[PVLP.AVLPL5, WED.AMMCL5] -> PVLP.LOL4 -> [LO.PVLPL3, ME.LOL3]",PVLP.AVLP,5,WED.AMMC,5,LO.PVLP,3,ME.LO,3
1881880,pure_FB,FB->FB,FB,FB,0,4,0,109,1,1.0,9774,89.67,PVLP.LO,4,2,2,"[PVLP.AVLPL5, WED.AVLPL5] -> PVLP.LOL4 -> [LO.PVLPL3, ME.LOL3]",PVLP.AVLP,5,WED.AVLP,5,LO.PVLP,3,ME.LO,3
1874452,pure_FB,FB->FB,FB,FB,0,4,0,1160,6,1.0,11626,10.022,LO,4,2,2,"[AOTUL5, LOL5] -> LOL4 -> [LOL3, ME.LOL3]",AOTU,5,LO,5,LO,3,ME.LO,3
1870830,pure_FB,FB->FB,FB,FB,0,4,0,109,3,2.587,13314,122.147,PVLP.LO,4,2,2,"[PVLPL5, PVLP.AVLPL5] -> PVLP.LOL4 -> [LOL3, MEL3]",PVLP,5,PVLP.AVLP,5,LO,3,ME,3
1857544,pure_FB,FB->FB,FB,FB,0,4,0,109,3,1.88,9222,84.606,PVLP.LO,4,2,2,"[PVLPL5, PVLP.AVLPL5] -> PVLP.LOL4 -> [ME.LOL3, PVLP.LOL3]",PVLP,5,PVLP.AVLP,5,ME.LO,3,PVLP.LO,3
1840536,pure_FB,FB->FB,FB,FB,0,4,0,109,2,1.83,21091,193.495,PVLP.LO,4,2,2,"[AVLPL5, SAD.GORL5] -> PVLP.LOL4 -> [MEL3, ME.LOL3]",AVLP,5,SAD.GOR,5,ME,3,ME.LO,3
1821578,pure_FB,FB->FB,FB,FB,0,4,0,109,2,1.435,4620,42.385,PVLP.LO,4,2,2,"[AVLPL5, LO.PVLPL5] -> PVLP.LOL4 -> [LOL3, LO.PVLPL3]",AVLP,5,LO.PVLP,5,LO,3,LO.PVLP,3
1814784,pure_FB,FB->FB,FB,FB,0,4,0,109,1,1.0,12693,116.45,PVLP.LO,4,2,2,"[AVLPL5, ME.LOL5] -> PVLP.LOL4 -> [LOL3, ME.LOL3]",AVLP,5,ME.LO,5,LO,3,ME.LO,3
1814784,pure_FB,FB->FB,FB,FB,0,4,0,109,1,1.0,12672,116.257,PVLP.LO,4,2,2,"[AVLPL5, PLP.AVLPL5] -> PVLP.LOL4 -> [LOL3, ME.LOL3]",AVLP,5,PLP.AVLP,5,LO,3,ME.LO,3
1814784,pure_FB,FB->FB,FB,FB,0,4,0,109,1,1.0,12680,116.33,PVLP.LO,4,2,2,"[AVLPL5, PVLP.ICLL5] -> PVLP.LOL4 -> [LOL3, ME.LOL3]",AVLP,5,PVLP.ICL,5,LO,3,ME.LO,3
1751640,pure_FB,FB->FB,FB,FB,0,4,0,109,3,2.643,11311,103.771,PVLP.LO,4,2,2,"[LO.AVLPL5, PVLPL5] -> PVLP.LOL4 -> [LOL3, ME.LOL3]",LO.AVLP,5,PVLP,5,LO,3,ME.LO,3
1745460,pure_FB,FB->FB,FB,FB,0,4,0,109,3,2.94,19747,181.165,PVLP.LO,4,2,2,"[LO.AVLPL5, PVLP.AVLPL5] -> PVLP.LOL4 -> [MEL3, ME.LOL3]",LO.AVLP,5,PVLP.AVLP,5,ME,3,ME.LO,3
1726380,pure_FB,FB->FB,FB,FB,0,4,0,109,1,1.0,9767,89.606,PVLP.LO,4,2,2,"[ME.LOL5, PVLP.AVLPL5] -> PVLP.LOL4 -> [LO.PVLPL3, ME.LOL3]",ME.LO,5,PVLP.AVLP,5,LO.PVLP,3,ME.LO,3
1726380,pure_FB,FB->FB,FB,FB,0,4,0,109,1,1.0,9746,89.413,PVLP.LO,4,2,2,"[PLP.AVLPL5, PVLP.AVLPL5] -> PVLP.LOL4 -> [LO.PVLPL3, ME.LOL3]",PLP.AVLP,5,PVLP.AVLP,5,LO.PVLP,3,ME.LO,3
1726380,pure_FB,FB->FB,FB,FB,0,4,0,109,1,1.0,9754,89.486,PVLP.LO,4,2,2,"[PVLP.AVLPL5, PVLP.ICLL5] -> PVLP.LOL4 -> [LO.PVLPL3, ME.LOL3]",PVLP.AVLP,5,PVLP.ICL,5,LO.PVLP,3,ME.LO,3
1721273,pure_FB,FB->FB,FB,FB,0,4,0,1160,7,1.0,9828,8.472,LO,4,2,2,"[LOL5, LO.PLPL5] -> LOL4 -> [LO.PVLPL3, ME.LOL3]",LO,5,LO.PLP,5,LO.PVLP,3,ME.LO,3
1705536,pure_FB,FB->FB,FB,FB,0,4,0,109,1,1.0,12668,116.22,PVLP.LO,4,2,2,"[AVLPL5, WED.AMMCL5] -> PVLP.LOL4 -> [LOL3, ME.LOL3]",AVLP,5,WED.AMMC,5,LO,3,ME.LO,3
1705536,pure_FB,FB->FB,FB,FB,0,4,0,109,1,1.0,12700,116.514,PVLP.LO,4,2,2,"[AVLPL5, WED.AVLPL5] -> PVLP.LOL4 -> [LOL3, ME.LOL3]",AVLP,5,WED.AVLP,5,LO,3,ME.LO,3
1691466,pure_FB,FB->FB,FB,FB,0,4,0,109,2,1.918,9728,89.248,PVLP.LO,4,2,2,"[AVLP.LOL5, PVLPL5] -> PVLP.LOL4 -> [LO.PVLPL3, ME.LOL3]",AVLP.LO,5,PVLP,5,LO.PVLP,3,ME.LO,3
1666756,pure_FB,FB->FB,FB,FB,0,4,0,1160,2,1.001,2830,2.44,LO,4,2,2,"[LOL5, LO.SPSL5] -> LOL4 -> [LOL3, LO.PLPL3]",LO,5,LO.SPS,5,LO,3,LO.PLP,3
1666296,pure_FB,FB->FB,FB,FB,0,4,0,109,2,1.898,21094,193.523,PVLP.LO,4,2,2,"[AVLPL5, GNG.AVLPL5] -> PVLP.LOL4 -> [MEL3, ME.LOL3]",AVLP,5,GNG.AVLP,5,ME,3,ME.LO,3
1624608,pure_FB,FB->FB,FB,FB,0,4,0,109,2,1.428,19846,182.073,PVLP.LO,4,2,2,"[LO.PVLPL5, PVLPL5] -> PVLP.LOL4 -> [MEL3, ME.LOL3]",LO.PVLP,5,PVLP,5,ME,3,ME.LO,3
1623060,pure_FB,FB->FB,FB,FB,0,4,0,109,2,1.945,19778,181.45,PVLP.LO,4,2,2,"[AVLP.PVLPL5, PVLP.AVLPL5] -> PVLP.LOL4 -> [MEL3, ME.LOL3]",AVLP.PVLP,5,PVLP.AVLP,5,ME,3,ME.LO,3
1619936,pure_FB,FB->FB,FB,FB,0,4,0,109,1,1.0,12667,116.211,PVLP.LO,4,2,2,"[AVLPL5, PLP.PVLPL5] -> PVLP.LOL4 -> [LOL3, ME.LOL3]",AVLP,5,PLP.PVLP,5,LO,3,ME.LO,3
1619936,pure_FB,FB->FB,FB,FB,0,4,0,109,1,1.0,12664,116.183,PVLP.LO,4,2,2,"[AVLPL5, WED.SADL5] -> PVLP.LOL4 -> [LOL3, ME.LOL3]",AVLP,5,WED.SAD,5,LO,3,ME.LO,3
1499400,pure_FB,FB->FB,FB,FB,0,4,0,1160,1,1.0,11322,9.76,LO,4,2,2,"[LO.PLPL5, LO.SPSL5] -> LOL4 -> [LOL3, ME.LOL3]",LO.PLP,5,LO.SPS,5,LO,3,ME.LO,3
1418400,pure_FB,FB->FB,FB,FB,0,4,0,1160,2,1.948,4661,4.018,LO,4,2,2,"[AVLPL5, PVLPL5] -> LOL4 -> [LOL3, LO.PVLPL3]",AVLP,5,PVLP,5,LO,3,LO.PVLP,3
1354656,pure_FB,FB->FB,FB,FB,0,4,0,109,2,1.829,11308,103.743,PVLP.LO,4,2,2,"[GNG.AVLPL5, PVLPL5] -> PVLP.LOL4 -> [LOL3, ME.LOL3]",GNG.AVLP,5,PVLP,5,LO,3,ME.LO,3
1327380,pure_FB,FB->FB,FB,FB,0,4,0,1160,2,2.0,4670,4.026,LO,4,2,2,"[AVLPL5, PVLP.AVLPL5] -> LOL4 -> [LOL3, LO.PVLPL3]",AVLP,5,PVLP.AVLP,5,LO,3,LO.PVLP,3
1317316,pure_FB,FB->FB,FB,FB,0,4,0,109,1,1.0,9733,89.294,PVLP.LO,4,2,2,"[PVLPL5, WED.AMMCL5] -> PVLP.LOL4 -> [LO.PVLPL3, ME.LOL3]",PVLP,5,WED.AMMC,5,LO.PVLP,3,ME.LO,3
1317316,pure_FB,FB->FB,FB,FB,0,4,0,109,1,1.0,9765,89.587,PVLP.LO,4,2,2,"[PVLPL5, WED.AVLPL5] -> PVLP.LOL4 -> [LO.PVLPL3, ME.LOL3]",PVLP,5,WED.AVLP,5,LO.PVLP,3,ME.LO,3
1295052,pure_FB,FB->FB,FB,FB,0,4,0,109,2,1.347,3270,30.0,PVLP.LO,4,2,2,"[LO.PVLPL5, PVLP.AVLPL5] -> PVLP.LOL4 -> [LOL3, LO.PVLPL3]",LO.PVLP,5,PVLP.AVLP,5,LO,3,LO.PVLP,3
1281336,pure_FB,FB->FB,FB,FB,0,4,0,109,2,1.747,11305,103.716,PVLP.LO,4,2,2,"[PVLPL5, SAD.GORL5] -> PVLP.LOL4 -> [LOL3, ME.LOL3]",PVLP,5,SAD.GOR,5,LO,3,ME.LO,3
1271700,pure_FB,FB->FB,FB,FB,0,4,0,109,2,1.992,19740,181.101,PVLP.LO,4,2,2,"[AVLP.LOL5, PVLP.AVLPL5] -> PVLP.LOL4 -> [MEL3, ME.LOL3]",AVLP.LO,5,PVLP.AVLP,5,ME,3,ME.LO,3
1264272,pure_FB,FB->FB,FB,FB,0,4,0,109,2,1.877,11335,103.991,PVLP.LO,4,2,2,"[PVLPL5, WEDL5] -> PVLP.LOL4 -> [LOL3, ME.LOL3]",PVLP,5,WED,5,LO,3,ME.LO,3
1263360,pure_FB,FB->FB,FB,FB,0,4,0,109,1,1.0,11318,103.835,PVLP.LO,4,2,2,"[PVLP.AVLPL5, WED.AMMCL5] -> PVLP.LOL4 -> [LOL3, ME.LOL3]",PVLP.AVLP,5,WED.AMMC,5,LO,3,ME.LO,3
1263360,pure_FB,FB->FB,FB,FB,0,4,0,109,1,1.0,11350,104.128,PVLP.LO,4,2,2,"[PVLP.AVLPL5, WED.AVLPL5] -> PVLP.LOL4 -> [LOL3, ME.LOL3]",PVLP.AVLP,5,WED.AVLP,5,LO,3,ME.LO,3
1246392,pure_FB,FB->FB,FB,FB,0,4,0,109,3,2.955,10701,98.174,PVLP.LO,4,2,2,"[AVLPL5, PVLP.AVLPL5] -> PVLP.LOL4 -> [LO.MEL3, ME.LOL3]",AVLP,5,PVLP.AVLP,5,LO.ME,3,ME.LO,3
1246392,pure_FB,FB->FB,FB,FB,0,4,0,109,3,2.955,10599,97.239,PVLP.LO,4,2,2,"[AVLPL5, PVLP.AVLPL5] -> PVLP.LOL4 -> [ME.LOL3, PVLPL3]",AVLP,5,PVLP.AVLP,5,ME.LO,3,PVLP,3
1232064,pure_FB,FB->FB,FB,FB,0,4,0,109,1,1.0,10588,97.138,PVLP.LO,4,2,2,"[AVLPL5, PVLP.AVLPL5] -> PVLP.LOL4 -> [LO.AVLPL3, ME.LOL3]",AVLP,5,PVLP.AVLP,5,LO.AVLP,3,ME.LO,3
1200960,pure_FB,FB->FB,FB,FB,0,4,0,109,1,1.0,21120,193.761,PVLP.LO,4,2,2,"[AVLPL5, ME.LOL5] -> PVLP.LOL4 -> [MEL3, ME.LOL3]",AVLP,5,ME.LO,5,ME,3,ME.LO,3
1200960,pure_FB,FB->FB,FB,FB,0,4,0,109,1,1.0,21099,193.569,PVLP.LO,4,2,2,"[AVLPL5, PLP.AVLPL5] -> PVLP.LOL4 -> [MEL3, ME.LOL3]",AVLP,5,PLP.AVLP,5,ME,3,ME.LO,3
1200960,pure_FB,FB->FB,FB,FB,0,4,0,109,1,1.0,21107,193.642,PVLP.LO,4,2,2,"[AVLPL5, PVLP.ICLL5] -> PVLP.LOL4 -> [MEL3, ME.LOL3]",AVLP,5,PVLP.ICL,5,ME,3,ME.LO,3
1190973,pure_FB,FB->FB,FB,FB,0,4,0,109,2,1.0,11528,105.761,PVLP.LO,4,2,2,"[AVLP.ICLL5, PVLPL5] -> PVLP.LOL4 -> [LOL3, ME.LOL3]",AVLP.ICL,5,PVLP,5,LO,3,ME.LO,3
1149300,pure_FB,FB->FB,FB,FB,0,4,0,109,2,1.94,19741,181.11,PVLP.LO,4,2,2,"[PVLP.AVLPL5, SAD.GORL5] -> PVLP.LOL4 -> [MEL3, ME.LOL3]",PVLP.AVLP,5,SAD.GOR,5,ME,3,ME.LO,3
1102523,pure_FB,FB->FB,FB,FB,0,4,0,1160,3,1.0,3468,2.99,LO,4,2,2,"[AOTUL5, LOL5] -> LOL4 -> [LOL3, LO.PVLPL3]",AOTU,5,LO,5,LO,3,LO.PVLP,3
1069920,pure_FB,FB->FB,FB,FB,0,4,0,109,2,1.974,19744,181.138,PVLP.LO,4,2,2,"[GNG.AVLPL5, PVLP.AVLPL5] -> PVLP.LOL4 -> [MEL3, ME.LOL3]",GNG.AVLP,5,PVLP.AVLP,5,ME,3,ME.LO,3
1041529,pure_FB,FB->FB,FB,FB,0,4,0,1160,17,1.001,2756,2.376,LO,4,2,2,"[LOL5, LO.PLPL5] -> LOL4 -> [LOL3, LO.PLPL3]",LO,5,LO.PLP,5,LO,3,LO.PLP,3
1040400,pure_FB,FB->FB,FB,FB,0,4,0,1160,1,1.0,9412,8.114,LO,4,2,2,"[LOL5, LO.SPSL5] -> LOL4 -> [LO.PLPL3, ME.LOL3]",LO,5,LO.SPS,5,LO.PLP,3,ME.LO,3
1030556,pure_FB,FB->FB,FB,FB,0,4,0,1160,7,1.003,13323,11.485,LO,4,2,2,"[LOL5, LO.SPSL5] -> LOL4 -> [LOL3, MEL3]",LO,5,LO.SPS,5,LO,3,ME,3
1026720,pure_FB,FB->FB,FB,FB,0,4,0,109,1,1.0,21094,193.523,PVLP.LO,4,2,2,"[AVLPL5, PLP.PVLPL5] -> PVLP.LOL4 -> [MEL3, ME.LOL3]",AVLP,5,PLP.PVLP,5,ME,3,ME.LO,3
1026720,pure_FB,FB->FB,FB,FB,0,4,0,109,1,1.0,21091,193.495,PVLP.LO,4,2,2,"[AVLPL5, WED.SADL5] -> PVLP.LOL4 -> [MEL3, ME.LOL3]",AVLP,5,WED.SAD,5,ME,3,ME.LO,3
1020816,pure_FB,FB->FB,FB,FB,0,4,0,109,1,1.0,11343,104.064,PVLP.LO,4,2,2,"[ME.LOL5, PVLP.AVLPL5] -> PVLP.LOL4 -> [LOL3, ME.LOL3]",ME.LO,5,PVLP.AVLP,5,LO,3,ME.LO,3
1020816,pure_FB,FB->FB,FB,FB,0,4,0,109,1,1.0,11322,103.872,PVLP.LO,4,2,2,"[PLP.AVLPL5, PVLP.AVLPL5] -> PVLP.LOL4 -> [LOL3, ME.LOL3]",PLP.AVLP,5,PVLP.AVLP,5,LO,3,ME.LO,3
1020816,pure_FB,FB->FB,FB,FB,0,4,0,109,1,1.0,11330,103.945,PVLP.LO,4,2,2,"[PVLP.AVLPL5, PVLP.ICLL5] -> PVLP.LOL4 -> [LOL3, ME.LOL3]",PVLP.AVLP,5,PVLP.ICL,5,LO,3,ME.LO,3
1020096,pure_FB,FB->FB,FB,FB,0,4,0,109,1,1.0,9732,89.284,PVLP.LO,4,2,2,"[PLP.PVLPL5, PVLPL5] -> PVLP.LOL4 -> [LO.PVLPL3, ME.LOL3]",PLP.PVLP,5,PVLP,5,LO.PVLP,3,ME.LO,3
1020096,pure_FB,FB->FB,FB,FB,0,4,0,109,1,1.0,9729,89.257,PVLP.LO,4,2,2,"[PVLPL5, WED.SADL5] -> PVLP.LOL4 -> [LO.PVLPL3, ME.LOL3]",PVLP,5,WED.SAD,5,LO.PVLP,3,ME.LO,3
991552,pure_FB,FB->FB,FB,FB,0,4,0,109,2,1.606,4543,41.679,PVLP.LO,4,2,2,"[AVLPL5, AVLP.PVLPL5] -> PVLP.LOL4 -> [LOL3, LO.PVLPL3]",AVLP,5,AVLP.PVLP,5,LO,3,LO.PVLP,3
959850,pure_FB,FB->FB,FB,FB,0,4,0,109,3,2.926,4512,41.394,PVLP.LO,4,2,2,"[AVLPL5, LO.AVLPL5] -> PVLP.LOL4 -> [LOL3, LO.PVLPL3]",AVLP,5,LO.AVLP,5,LO,3,LO.PVLP,3
940608,pure_FB,FB->FB,FB,FB,0,4,0,109,1,1.0,11317,103.826,PVLP.LO,4,2,2,"[PLP.PVLPL5, PVLP.AVLPL5] -> PVLP.LOL4 -> [LOL3, ME.LOL3]",PLP.PVLP,5,PVLP.AVLP,5,LO,3,ME.LO,3
940608,pure_FB,FB->FB,FB,FB,0,4,0,109,1,1.0,11314,103.798,PVLP.LO,4,2,2,"[PVLP.AVLPL5, WED.SADL5] -> PVLP.LOL4 -> [LOL3, ME.LOL3]",PVLP.AVLP,5,WED.SAD,5,LO,3,ME.LO,3
938117,pure_FB,FB->FB,FB,FB,0,4,0,1160,6,1.002,11356,9.79,LO,4,2,2,"[LOL5, SPS.LOL5] -> LOL4 -> [LOL3, ME.LOL3]",LO,5,SPS.LO,5,LO,3,ME.LO,3
937467,pure_FB,FB->FB,FB,FB,0,4,0,1160,3,1.001,11420,9.845,LO,4,2,2,"[LOL5, PLPL5] -> LOL4 -> [LOL3, ME.LOL3]",LO,5,PLP,5,LO,3,ME.LO,3
937254,pure_FB,FB->FB,FB,FB,0,4,0,1160,7,1.0,11356,9.79,LO,4,2,2,"[IB.LOL5, LOL5] -> LOL4 -> [LOL3, ME.LOL3]",IB.LO,5,LO,5,LO,3,ME.LO,3
937125,pure_FB,FB->FB,FB,FB,0,4,0,1160,1,1.0,11356,9.79,LO,4,2,2,"[AOTU.LOL5, LOL5] -> LOL4 -> [LOL3, ME.LOL3]",AOTU.LO,5,LO,5,LO,3,ME.LO,3
937125,pure_FB,FB->FB,FB,FB,0,4,0,1160,1,1.0,11377,9.808,LO,4,2,2,"[GNG.SPSL5, LOL5] -> LOL4 -> [LOL3, ME.LOL3]",GNG.SPS,5,LO,5,LO,3,ME.LO,3
937125,pure_FB,FB->FB,FB,FB,0,4,0,1160,1,1.0,11361,9.794,LO,4,2,2,"[LOL5, LO.SCLL5] -> LOL4 -> [LOL3, ME.LOL3]",LO,5,LO.SCL,5,LO,3,ME.LO,3
937125,pure_FB,FB->FB,FB,FB,0,4,0,1160,1,1.0,11355,9.789,LO,4,2,2,"[LOL5, SMP.PLPL5] -> LOL4 -> [LOL3, ME.LOL3]",LO,5,SMP.PLP,5,LO,3,ME.LO,3
930816,pure_FB,FB->FB,FB,FB,0,4,0,109,3,2.303,2423,22.229,PVLP.LO,4,2,2,"[AVLPL5, PVLP.AVLPL5] -> PVLP.LOL4 -> [LO.PVLPL3, PVLP.LOL3]",AVLP,5,PVLP.AVLP,5,LO.PVLP,3,PVLP.LO,3
925974,pure_FB,FB->FB,FB,FB,0,4,0,109,2,1.685,19769,181.367,PVLP.LO,4,2,2,"[AVLP.PVLPL5, PVLPL5] -> PVLP.LOL4 -> [MEL3, ME.LOL3]",AVLP.PVLP,5,PVLP,5,ME,3,ME.LO,3
892422,pure_FB,FB->FB,FB,FB,0,4,0,109,3,2.973,19738,181.083,PVLP.LO,4,2,2,"[LO.AVLPL5, PVLPL5] -> PVLP.LOL4 -> [MEL3, ME.LOL3]",LO.AVLP,5,PVLP,5,ME,3,ME.LO,3
888480,pure_FB,FB->FB,FB,FB,0,4,0,1160,2,1.617,2414,2.081,LO,4,2,2,"[AVLPL5, PVLPL5] -> LOL4 -> [LO.PVLPL3, PVLP.LOL3]",AVLP,5,PVLP,5,LO.PVLP,3,PVLP.LO,3
884352,pure_FB,FB->FB,FB,FB,0,4,0,109,1,1.0,11309,103.752,PVLP.LO,4,2,2,"[PVLPL5, WED.AMMCL5] -> PVLP.LOL4 -> [LOL3, ME.LOL3]",PVLP,5,WED.AMMC,5,LO,3,ME.LO,3
884352,pure_FB,FB->FB,FB,FB,0,4,0,109,1,1.0,11341,104.046,PVLP.LO,4,2,2,"[PVLPL5, WED.AVLPL5] -> PVLP.LOL4 -> [LOL3, ME.LOL3]",PVLP,5,WED.AVLP,5,LO,3,ME.LO,3
882012,pure_FB,FB->FB,FB,FB,0,4,0,1160,2,1.0,3164,2.728,LO,4,2,2,"[LO.PLPL5, LO.SPSL5] -> LOL4 -> [LOL3, LO.PVLPL3]",LO.PLP,5,LO.SPS,5,LO,3,LO.PVLP,3
867288,pure_FB,FB->FB,FB,FB,0,4,0,109,2,1.986,11304,103.706,PVLP.LO,4,2,2,"[AVLP.LOL5, PVLPL5] -> PVLP.LOL4 -> [LOL3, ME.LOL3]",AVLP.LO,5,PVLP,5,LO,3,ME.LO,3
867174,pure_FB,FB->FB,FB,FB,0,4,0,109,2,1.252,3261,29.917,PVLP.LO,4,2,2,"[LO.PVLPL5, PVLPL5] -> PVLP.LOL4 -> [LOL3, LO.PVLPL3]",LO.PVLP,5,PVLP,5,LO,3,LO.PVLP,3
839434,pure_FB,FB->FB,FB,FB,0,4,0,109,2,1.929,4536,41.615,PVLP.LO,4,2,2,"[AVLPL5, WEDL5] -> PVLP.LOL4 -> [LOL3, LO.PVLPL3]",AVLP,5,WED,5,LO,3,LO.PVLP,3
823500,pure_FB,FB->FB,FB,FB,0,4,0,109,2,1.858,19762,181.303,PVLP.LO,4,2,2,"[PVLPL5, WEDL5] -> PVLP.LOL4 -> [MEL3, ME.LOL3]",PVLP,5,WED,5,ME,3,ME.LO,3
788130,pure_FB,FB->FB,FB,FB,0,4,0,109,1,1.0,19955,183.073,PVLP.LO,4,2,2,"[AVLP.ICLL5, PVLPL5] -> PVLP.LOL4 -> [MEL3, ME.LOL3]",AVLP.ICL,5,PVLP,5,ME,3,ME.LO,3
784884,pure_FB,FB->FB,FB,FB,0,4,0,1160,2,1.786,2423,2.089,LO,4,2,2,"[AVLPL5, PVLP.AVLPL5] -> LOL4 -> [LO.PVLPL3, PVLP.LOL3]",AVLP,5,PVLP.AVLP,5,LO.PVLP,3,PVLP.LO,3
770814,pure_FB,FB->FB,FB,FB,0,4,0,109,2,1.672,13047,119.697,PVLP.LO,4,2,2,"[AVLPL5, LO.PVLPL5] -> PVLP.LOL4 -> [LO.PVLPL3, MEL3]",AVLP,5,LO.PVLP,5,LO.PVLP,3,ME,3
752752,pure_FB,FB->FB,FB,FB,0,4,0,109,1,1.0,9725,89.22,PVLP.LO,4,2,2,"[AVLP.PVLPL5, LO.PVLPL5] -> PVLP.LOL4 -> [LO.PVLPL3, ME.LOL3]",AVLP.PVLP,5,LO.PVLP,5,LO.PVLP,3,ME.LO,3
750720,pure_FB,FB->FB,FB,FB,0,4,0,109,1,1.0,4729,43.385,PVLP.LO,4,2,2,"[AVLPL5, AVLP.ICLL5] -> PVLP.LOL4 -> [LOL3, LO.PVLPL3]",AVLP,5,AVLP.ICL,5,LO,3,LO.PVLP,3
709610,pure_FB,FB->FB,FB,FB,0,4,0,109,2,1.996,4509,41.367,PVLP.LO,4,2,2,"[AVLPL5, GNG.AVLPL5] -> PVLP.LOL4 -> [LOL3, LO.PVLPL3]",AVLP,5,GNG.AVLP,5,LO,3,LO.PVLP,3
689880,pure_FB,FB->FB,FB,FB,0,4,0,109,2,1.481,3193,29.294,PVLP.LO,4,2,2,"[AVLP.PVLPL5, PVLP.AVLPL5] -> PVLP.LOL4 -> [LOL3, LO.PVLPL3]",AVLP.PVLP,5,PVLP.AVLP,5,LO,3,LO.PVLP,3
688521,pure_FB,FB->FB,FB,FB,0,4,0,1160,3,1.0,10050,8.664,LO,4,2,2,"[AOTUL5, LOL5] -> LOL4 -> [LO.PVLPL3, ME.LOL3]",AOTU,5,LO,5,LO.PVLP,3,ME.LO,3
675540,pure_FB,FB->FB,FB,FB,0,4,0,109,1,1.0,19770,181.376,PVLP.LO,4,2,2,"[ME.LOL5, PVLP.AVLPL5] -> PVLP.LOL4 -> [MEL3, ME.LOL3]",ME.LO,5,PVLP.AVLP,5,ME,3,ME.LO,3
675540,pure_FB,FB->FB,FB,FB,0,4,0,109,1,1.0,19749,181.183,PVLP.LO,4,2,2,"[PLP.AVLPL5, PVLP.AVLPL5] -> PVLP.LOL4 -> [MEL3, ME.LOL3]",PLP.AVLP,5,PVLP.AVLP,5,ME,3,ME.LO,3
675540,pure_FB,FB->FB,FB,FB,0,4,0,109,1,1.0,19757,181.257,PVLP.LO,4,2,2,"[PVLP.AVLPL5, PVLP.ICLL5] -> PVLP.LOL4 -> [MEL3, ME.LOL3]",PVLP.AVLP,5,PVLP.ICL,5,ME,3,ME.LO,3
671370,pure_FB,FB->FB,FB,FB,0,4,0,109,1,1.0,9758,89.523,PVLP.LO,4,2,2,"[ME.LOL5, PVLPL5] -> PVLP.LOL4 -> [LO.PVLPL3, ME.LOL3]",ME.LO,5,PVLP,5,LO.PVLP,3,ME.LO,3
671370,pure_FB,FB->FB,FB,FB,0,4,0,109,1,1.0,9737,89.33,PVLP.LO,4,2,2,"[PLP.AVLPL5, PVLPL5] -> PVLP.LOL4 -> [LO.PVLPL3, ME.LOL3]",PLP.AVLP,5,PVLP,5,LO.PVLP,3,ME.LO,3
671370,pure_FB,FB->FB,FB,FB,0,4,0,109,1,1.0,9745,89.404,PVLP.LO,4,2,2,"[PVLPL5, PVLP.ICLL5] -> PVLP.LOL4 -> [LO.PVLPL3, ME.LOL3]",PVLP,5,PVLP.ICL,5,LO.PVLP,3,ME.LO,3
650317,pure_FB,FB->FB,FB,FB,0,4,0,1160,14,1.0,9338,8.05,LO,4,2,2,"[LOL5, LO.PLPL5] -> LOL4 -> [LO.PLPL3, ME.LOL3]",LO,5,LO.PLP,5,LO.PLP,3,ME.LO,3
643269,pure_FB,FB->FB,FB,FB,0,4,0,1160,10,1.0,13249,11.422,LO,4,2,2,"[LOL5, LO.PLPL5] -> LOL4 -> [LOL3, MEL3]",LO,5,LO.PLP,5,LO,3,ME,3
642629,pure_FB,FB->FB,FB,FB,0,4,0,1160,3,1.0,19905,17.159,LO,4,2,2,"[LOL5, LO.SPSL5] -> LOL4 -> [MEL3, ME.LOL3]",LO,5,LO.SPS,5,ME,3,ME.LO,3
640884,pure_FB,FB->FB,FB,FB,0,4,0,109,3,2.956,10692,98.092,PVLP.LO,4,2,2,"[AVLPL5, PVLPL5] -> PVLP.LOL4 -> [LO.MEL3, ME.LOL3]",AVLP,5,PVLP,5,LO.ME,3,ME.LO,3
640884,pure_FB,FB->FB,FB,FB,0,4,0,109,3,2.956,10590,97.156,PVLP.LO,4,2,2,"[AVLPL5, PVLPL5] -> PVLP.LOL4 -> [ME.LOL3, PVLPL3]",AVLP,5,PVLP,5,ME.LO,3,PVLP,3
639576,pure_FB,FB->FB,FB,FB,0,4,0,109,1,1.0,21095,193.532,PVLP.LO,4,2,2,"[AVLPL5, WED.AMMCL5] -> PVLP.LOL4 -> [MEL3, ME.LOL3]",AVLP,5,WED.AMMC,5,ME,3,ME.LO,3
639576,pure_FB,FB->FB,FB,FB,0,4,0,109,1,1.0,21127,193.826,PVLP.LO,4,2,2,"[AVLPL5, WED.AVLPL5] -> PVLP.LOL4 -> [MEL3, ME.LOL3]",AVLP,5,WED.AVLP,5,ME,3,ME.LO,3
629712,pure_FB,FB->FB,FB,FB,0,4,0,109,2,1.994,19735,181.055,PVLP.LO,4,2,2,"[GNG.AVLPL5, PVLPL5] -> PVLP.LOL4 -> [MEL3, ME.LOL3]",GNG.AVLP,5,PVLP,5,ME,3,ME.LO,3
620896,pure_FB,FB->FB,FB,FB,0,4,0,109,2,1.928,4506,41.339,PVLP.LO,4,2,2,"[AVLPL5, SAD.GORL5] -> PVLP.LOL4 -> [LOL3, LO.PVLPL3]",AVLP,5,SAD.GOR,5,LO,3,LO.PVLP,3
616032,pure_FB,FB->FB,FB,FB,0,4,0,109,1,1.0,10579,97.055,PVLP.LO,4,2,2,"[AVLPL5, PVLPL5] -> PVLP.LOL4 -> [LO.AVLPL3, ME.LOL3]",AVLP,5,PVLP,5,LO.AVLP,3,ME.LO,3
612132,pure_FB,FB->FB,FB,FB,0,4,0,109,3,2.798,3162,29.009,PVLP.LO,4,2,2,"[LO.AVLPL5, PVLP.AVLPL5] -> PVLP.LOL4 -> [LOL3, LO.PVLPL3]",LO.AVLP,5,PVLP.AVLP,5,LO,3,LO.PVLP,3
612000,pure_FB,FB->FB,FB,FB,0,4,0,1160,1,1.0,1254,1.081,LO,4,2,2,"[LOL5, LO.SPSL5] -> LOL4 -> [LO.PLPL3, LO.PVLPL3]",LO,5,LO.SPS,5,LO.PLP,3,LO.PVLP,3
599760,pure_FB,FB->FB,FB,FB,0,4,0,1160,1,1.0,11544,9.952,LO,4,2,2,"[AOTUL5, LO.SPSL5] -> LOL4 -> [LOL3, ME.LOL3]",AOTU,5,LO.SPS,5,LO,3,ME.LO,3
596160,pure_FB,FB->FB,FB,FB,0,4,0,109,1,1.0,19744,181.138,PVLP.LO,4,2,2,"[PLP.PVLPL5, PVLP.AVLPL5] -> PVLP.LOL4 -> [MEL3, ME.LOL3]",PLP.PVLP,5,PVLP.AVLP,5,ME,3,ME.LO,3
596160,pure_FB,FB->FB,FB,FB,0,4,0,109,1,1.0,19741,181.11,PVLP.LO,4,2,2,"[PVLP.AVLPL5, WED.SADL5] -> PVLP.LOL4 -> [MEL3, ME.LOL3]",PVLP.AVLP,5,WED.SAD,5,ME,3,ME.LO,3
594342,pure_FB,FB->FB,FB,FB,0,4,0,109,2,1.973,19732,181.028,PVLP.LO,4,2,2,"[PVLPL5, SAD.GORL5] -> PVLP.LOL4 -> [MEL3, ME.LOL3]",PVLP,5,SAD.GOR,5,ME,3,ME.LO,3
589194,pure_FB,FB->FB,FB,FB,0,4,0,109,2,1.956,4505,41.33,PVLP.LO,4,2,2,"[AVLPL5, AVLP.LOL5] -> PVLP.LOL4 -> [LOL3, LO.PVLPL3]",AVLP,5,AVLP.LO,5,LO,3,LO.PVLP,3
575460,pure_FB,FB->FB,FB,FB,0,4,0,109,1,1.0,9827,90.156,PVLP.LO,4,2,2,"[AVLP.ICLL5, WEDL5] -> PVLP.LOL4 -> [LO.PVLPL3, ME.LOL3]",AVLP.ICL,5,WED,5,LO.PVLP,3,ME.LO,3
565896,pure_FB,FB->FB,FB,FB,0,4,0,109,2,1.27,10531,96.615,PVLP.LO,4,2,2,"[AVLPL5, LO.PVLPL5] -> PVLP.LOL4 -> [ME.LOL3, PVLP.LOL3]",AVLP,5,LO.PVLP,5,ME.LO,3,PVLP.LO,3
560790,pure_FB,FB->FB,FB,FB,0,4,0,109,2,1.992,19731,181.018,PVLP.LO,4,2,2,"[AVLP.LOL5, PVLPL5] -> PVLP.LOL4 -> [MEL3, ME.LOL3]",AVLP.LO,5,PVLP,5,ME,3,ME.LO,3
560070,pure_FB,FB->FB,FB,FB,0,4,0,109,3,2.064,3999,36.688,PVLP.LO,4,2,2,"[AVLPL5, PVLP.AVLPL5] -> PVLP.LOL4 -> [LOL3, PVLP.LOL3]",AVLP,5,PVLP.AVLP,5,LO,3,PVLP.LO,3
558810,pure_FB,FB->FB,FB,FB,0,4,0,109,5,1.922,2414,22.147,PVLP.LO,4,2,2,"[AVLPL5, PVLPL5] -> PVLP.LOL4 -> [LO.PVLPL3, PVLP.LOL3]",AVLP,5,PVLP,5,LO.PVLP,3,PVLP.LO,3
551416,pure_FB,FB->FB,FB,FB,0,4,0,1160,4,1.001,3198,2.757,LO,4,2,2,"[LOL5, SPS.LOL5] -> LOL4 -> [LOL3, LO.PVLPL3]",LO,5,SPS.LO,5,LO,3,LO.PVLP,3
551346,pure_FB,FB->FB,FB,FB,0,4,0,1160,2,1.0,3219,2.775,LO,4,2,2,"[GNG.SPSL5, LOL5] -> LOL4 -> [LOL3, LO.PVLPL3]",GNG.SPS,5,LO,5,LO,3,LO.PVLP,3
49403744532,mixed,lat->FF,lat,FF,2,0,2,2282,2,1.296,8835,3.872,LO,3,2,2,"[LO.LOPL3, ME.LOPL3] -> LOL3 -> [LO.LOPL4, ME.LOPL4]",LO.LOP,3,ME.LOP,3,LO.LOP,4,ME.LOP,4
39056965848,mixed,lat->FF,lat,FF,2,0,2,2282,2,1.037,9856,4.319,LO,3,2,2,"[LO.LOPL3, ME.LOPL3] -> LOL3 -> [LOL4, LO.LOPL4]",LO.LOP,3,ME.LOP,3,LO,4,LO.LOP,4
29299234284,mixed,lat->FF,lat,FF,2,0,2,2282,2,1.286,15462,6.776,LO,3,2,2,"[MEL3, ME.LOPL3] -> LOL3 -> [LO.LOPL4, ME.LOPL4]",ME,3,ME.LOP,3,LO.LOP,4,ME.LOP,4
23255507496,mixed,lat->FF,lat,FF,2,0,2,2282,2,1.035,16483,7.223,LO,3,2,2,"[MEL3, ME.LOPL3] -> LOL3 -> [LOL4, LO.LOPL4]",ME,3,ME.LOP,3,LO,4,LO.LOP,4
20475306132,mixed,lat->FF,lat,FF,2,0,2,2282,2,1.351,15886,6.961,LO,3,2,2,"[LO.LOPL3, MEL3] -> LOL3 -> [LO.LOPL4, ME.LOPL4]",LO.LOP,3,ME,3,LO.LOP,4,ME.LOP,4
15831939315,mixed,lat->FF,lat,FF,2,0,2,2282,4,1.044,16907,7.409,LO,3,2,2,"[LO.LOPL3, MEL3] -> LOL3 -> [LOL4, LO.LOPL4]",LO.LOP,3,ME,3,LO,4,LO.LOP,4
6142864896,mixed,lat->FF,lat,FF,2,0,2,2282,2,1.058,13617,5.967,LO,3,2,2,"[ME.LOL3, ME.LOPL3] -> LOL3 -> [LO.LOPL4, ME.LOPL4]",ME.LO,3,ME.LOP,3,LO.LOP,4,ME.LOP,4
5354248584,mixed,lat->FF,lat,FF,2,0,2,2282,2,1.007,14638,6.415,LO,3,2,2,"[ME.LOL3, ME.LOPL3] -> LOL3 -> [LOL4, LO.LOPL4]",ME.LO,3,ME.LOP,3,LO,4,LO.LOP,4
4726164924,mixed,lat->FF,lat,FF,2,0,2,2282,2,1.077,10293,4.511,LO,3,2,2,"[LO.LOPL3, ME.LOPL3] -> LOL3 -> [LO.LOPL4, MEL4]",LO.LOP,3,ME.LOP,3,LO.LOP,4,ME,4
4193058888,mixed,lat->FF,lat,FF,2,0,2,2282,2,1.072,14041,6.153,LO,3,2,2,"[LO.LOPL3, ME.LOL3] -> LOL3 -> [LO.LOPL4, ME.LOPL4]",LO.LOP,3,ME.LO,3,LO.LOP,4,ME.LOP,4
3632928375,mixed,lat->FF,lat,FF,2,0,2,2282,3,1.009,15062,6.6,LO,3,2,2,"[LO.LOPL3, ME.LOL3] -> LOL3 -> [LOL4, LO.LOPL4]",LO.LOP,3,ME.LO,3,LO,4,LO.LOP,4
3475679616,mixed,lat->FF,lat,FF,2,0,2,2282,2,1.084,9039,3.961,LO,3,2,2,"[LO.LOPL3, ME.LOPL3] -> LOL3 -> [LOL4, ME.LOPL4]",LO.LOP,3,ME.LOP,3,LO,4,ME.LOP,4
2812188240,mixed,lat->FF,lat,FF,2,0,2,2282,3,1.074,16920,7.415,LO,3,2,2,"[MEL3, ME.LOPL3] -> LOL3 -> [LO.LOPL4, MEL4]",ME,3,ME.LOP,3,LO.LOP,4,ME,4
2495163585,mixed,lat->FF,lat,FF,2,0,2,2282,3,1.07,20668,9.057,LO,3,2,2,"[MEL3, ME.LOL3] -> LOL3 -> [LO.LOPL4, ME.LOPL4]",ME,3,ME.LO,3,LO.LOP,4,ME.LOP,4
2164169496,mixed,lat->FF,lat,FF,2,0,2,2282,3,1.008,21689,9.504,LO,3,2,2,"[MEL3, ME.LOL3] -> LOL3 -> [LOL4, LO.LOPL4]",ME,3,ME.LO,3,LO,4,LO.LOP,4
2067881088,mixed,lat->FF,lat,FF,2,0,2,2282,2,1.081,15666,6.865,LO,3,2,2,"[MEL3, ME.LOPL3] -> LOL3 -> [LOL4, ME.LOPL4]",ME,3,ME.LOP,3,LO,4,ME.LOP,4
1923032223,mixed,lat->FF,lat,FF,2,0,2,2282,4,1.092,17344,7.6,LO,3,2,2,"[LO.LOPL3, MEL3] -> LOL3 -> [LO.LOPL4, MEL4]",LO.LOP,3,ME,3,LO.LOP,4,ME,4
1415129880,mixed,lat->FF,lat,FF,2,0,2,2282,2,1.101,16090,7.051,LO,3,2,2,"[LO.LOPL3, MEL3] -> LOL3 -> [LOL4, ME.LOPL4]",LO.LOP,3,ME,3,LO,4,ME.LOP,4
637727360,mixed,lat->FF,lat,FF,2,0,2,2282,3,1.015,15075,6.606,LO,3,2,2,"[ME.LOL3, ME.LOPL3] -> LOL3 -> [LO.LOPL4, MEL4]",ME.LO,3,ME.LOP,3,LO.LOP,4,ME,4
467718960,mixed,lat->FF,lat,FF,2,0,2,2282,2,1.016,13821,6.057,LO,3,2,2,"[ME.LOL3, ME.LOPL3] -> LOL3 -> [LOL4, ME.LOPL4]",ME.LO,3,ME.LOP,3,LO,4,ME.LOP,4
433111008,mixed,lat->FF,lat,FF,2,0,2,2282,4,1.018,15499,6.792,LO,3,2,2,"[LO.LOPL3, ME.LOL3] -> LOL3 -> [LO.LOPL4, MEL4]",LO.LOP,3,ME.LO,3,LO.LOP,4,ME,4
430826292,mixed,lat->FF,lat,FF,2,0,2,2282,2,1.176,9476,4.152,LO,3,2,2,"[LO.LOPL3, ME.LOPL3] -> LOL3 -> [MEL4, ME.LOPL4]",LO.LOP,3,ME.LOP,3,ME,4,ME.LOP,4
357527286,mixed,lat->FF,lat,FF,2,0,2,2282,3,1.021,10497,4.6,LO,3,2,2,"[LO.LOPL3, ME.LOPL3] -> LOL3 -> [LOL4, MEL4]",LO.LOP,3,ME.LOP,3,LO,4,ME,4
317701656,mixed,lat->FF,lat,FF,2,0,2,2282,2,1.02,14245,6.242,LO,3,2,2,"[LO.LOPL3, ME.LOL3] -> LOL3 -> [LOL4, ME.LOPL4]",LO.LOP,3,ME.LO,3,LO,4,ME.LOP,4
257965351,mixed,lat->FF,lat,FF,2,0,2,2282,8,1.018,22126,9.696,LO,3,2,2,"[MEL3, ME.LOL3] -> LOL3 -> [LO.LOPL4, MEL4]",ME,3,ME.LO,3,LO.LOP,4,ME,4
255953868,mixed,lat->FF,lat,FF,2,0,2,2282,2,1.17,16103,7.057,LO,3,2,2,"[MEL3, ME.LOPL3] -> LOL3 -> [MEL4, ME.LOPL4]",ME,3,ME.LOP,3,ME,4,ME.LOP,4
212938359,mixed,lat->FF,lat,FF,2,0,2,2282,11,1.021,17124,7.504,LO,3,2,2,"[MEL3, ME.LOPL3] -> LOL3 -> [LOL4, MEL4]",ME,3,ME.LOP,3,LO,4,ME,4
189220588,mixed,lat->FF,lat,FF,2,0,2,2282,3,1.019,20872,9.146,LO,3,2,2,"[MEL3, ME.LOL3] -> LOL3 -> [LOL4, ME.LOPL4]",ME,3,ME.LO,3,LO,4,ME.LOP,4
176830068,mixed,lat->FF,lat,FF,2,0,2,2282,2,1.21,16527,7.242,LO,3,2,2,"[LO.LOPL3, MEL3] -> LOL3 -> [MEL4, ME.LOPL4]",LO.LOP,3,ME,3,ME,4,ME.LOP,4
175644198,mixed,lat->FF,lat,FF,2,0,2,2282,2,1.0,9568,4.193,LO,3,2,2,"[LO.LOPL3, ME.LOPL3] -> LOL3 -> [LO.LOPL4, LO.PVLPL4]",LO.LOP,3,ME.LOP,3,LO.LOP,4,LO.PVLP,4
144714803,mixed,lat->FF,lat,FF,2,0,2,2282,7,1.026,17548,7.69,LO,3,2,2,"[LO.LOPL3, MEL3] -> LOL3 -> [LOL4, MEL4]",LO.LOP,3,ME,3,LO,4,ME,4
115013232,mixed,lat->FF,lat,FF,2,0,2,52,1,1.0,2301,44.25,MB_ML,3,2,2,"[MB_CA.MB_MLL3, MB_CA.MB_PEDL3] -> MB_MLL3 -> [MB_CA.MB_MLL4, PLP.MB_MLL4]",MB_CA.MB_ML,3,MB_CA.MB_PED,3,MB_CA.MB_ML,4,PLP.MB_ML,4
100985868,mixed,lat->FF,lat,FF,2,0,2,2282,3,1.0,16195,7.097,LO,3,2,2,"[MEL3, ME.LOPL3] -> LOL3 -> [LO.LOPL4, LO.PVLPL4]",ME,3,ME.LOP,3,LO.LOP,4,LO.PVLP,4
96900912,mixed,lat->FF,lat,FF,2,0,2,52,1,1.0,2440,46.923,MB_ML,3,2,2,"[MB_CA.MB_MLL3, MB_CA.MB_VLL3] -> MB_MLL3 -> [MB_CA.MB_MLL4, PLP.MB_MLL4]",MB_CA.MB_ML,3,MB_CA.MB_VL,3,MB_CA.MB_ML,4,PLP.MB_ML,4
85010620,mixed,lat->FF,lat,FF,2,0,2,2282,4,1.0,16619,7.283,LO,3,2,2,"[LO.LOPL3, MEL3] -> LOL3 -> [LO.LOPL4, LO.PVLPL4]",LO.LOP,3,ME,3,LO.LOP,4,LO.PVLP,4
60533280,mixed,lat->FF,lat,FF,2,0,2,52,1,1.0,2301,44.25,MB_ML,3,2,2,"[MB_CA.MB_MLL3, MB_CA.MB_PEDL3] -> MB_MLL3 -> [MB_CA.MB_MLL4, PLP.MB_PEDL4]",MB_CA.MB_ML,3,MB_CA.MB_PED,3,MB_CA.MB_ML,4,PLP.MB_PED,4
56305656,mixed,lat->FF,lat,FF,2,0,2,2282,1,1.0,4969,2.177,LO,3,2,2,"[LO.PLPL3, ME.LOPL3] -> LOL3 -> [LO.LOPL4, ME.LOPL4]",LO.PLP,3,ME.LOP,3,LO.LOP,4,ME.LOP,4
56305656,mixed,lat->FF,lat,FF,2,0,2,2282,1,1.0,4875,2.136,LO,3,2,2,"[LOP.LOL3, ME.LOPL3] -> LOL3 -> [LO.LOPL4, ME.LOPL4]",LOP.LO,3,ME.LOP,3,LO.LOP,4,ME.LOP,4
56305656,mixed,lat->FF,lat,FF,2,0,2,2282,1,1.0,4788,2.098,LO,3,2,2,"[ME.LOPL3, PVLP.LOL3] -> LOL3 -> [LO.LOPL4, ME.LOPL4]",ME.LOP,3,PVLP.LO,3,LO.LOP,4,ME.LOP,4
55987584,mixed,lat->FF,lat,FF,2,0,2,2282,2,1.034,14258,6.248,LO,3,2,2,"[ME.LOL3, ME.LOPL3] -> LOL3 -> [MEL4, ME.LOPL4]",ME.LO,3,ME.LOP,3,ME,4,ME.LOP,4
55242576,mixed,lat->FF,lat,FF,2,0,2,52,1,1.0,2150,41.346,MB_ML,3,2,2,"[MB_CA.CREL3, MB_CA.MB_MLL3] -> MB_MLL3 -> [MB_CA.MB_MLL4, PLP.MB_MLL4]",MB_CA.CRE,3,MB_CA.MB_ML,3,MB_CA.MB_ML,4,PLP.MB_ML,4
51000480,mixed,lat->FF,lat,FF,2,0,2,52,1,1.0,2440,46.923,MB_ML,3,2,2,"[MB_CA.MB_MLL3, MB_CA.MB_VLL3] -> MB_MLL3 -> [MB_CA.MB_MLL4, PLP.MB_PEDL4]",MB_CA.MB_ML,3,MB_CA.MB_VL,3,MB_CA.MB_ML,4,PLP.MB_PED,4
50333844,mixed,lat->FF,lat,FF,2,0,2,2282,1,1.0,5990,2.625,LO,3,2,2,"[LO.PLPL3, ME.LOPL3] -> LOL3 -> [LOL4, LO.LOPL4]",LO.PLP,3,ME.LOP,3,LO,4,LO.LOP,4
50333844,mixed,lat->FF,lat,FF,2,0,2,2282,1,1.0,5896,2.584,LO,3,2,2,"[LOP.LOL3, ME.LOPL3] -> LOL3 -> [LOL4, LO.LOPL4]",LOP.LO,3,ME.LOP,3,LO,4,LO.LOP,4
50333844,mixed,lat->FF,lat,FF,2,0,2,2282,1,1.0,5809,2.546,LO,3,2,2,"[ME.LOPL3, PVLP.LOL3] -> LOL3 -> [LOL4, LO.LOPL4]",ME.LOP,3,PVLP.LO,3,LO,4,LO.LOP,4
49319361,mixed,lat->FF,lat,FF,2,0,2,2282,11,1.005,15279,6.695,LO,3,2,2,"[ME.LOL3, ME.LOPL3] -> LOL3 -> [LOL4, MEL4]",ME.LO,3,ME.LOP,3,LO,4,ME,4
47080208,mixed,lat->FF,lat,FF,2,0,2,1,1,1.0,2447,2447.0,MB_ML.MB_CA,3,2,2,"[MB_CA.MB_MLL3, MB_CA.MB_VLL3] -> MB_ML.MB_CAL3 -> [PLP.CREL4, PLP.MB_PEDL4]",MB_CA.MB_ML,3,MB_CA.MB_VL,3,PLP.CRE,4,PLP.MB_PED,4
38171628,mixed,lat->FF,lat,FF,2,0,2,2282,1,1.0,5393,2.363,LO,3,2,2,"[LO.LOPL3, LO.PLPL3] -> LOL3 -> [LO.LOPL4, ME.LOPL4]",LO.LOP,3,LO.PLP,3,LO.LOP,4,ME.LOP,4
38171628,mixed,lat->FF,lat,FF,2,0,2,2282,1,1.0,5299,2.322,LO,3,2,2,"[LO.LOPL3, LOP.LOL3] -> LOL3 -> [LO.LOPL4, ME.LOPL4]",LO.LOP,3,LOP.LO,3,LO.LOP,4,ME.LOP,4
38171628,mixed,lat->FF,lat,FF,2,0,2,2282,1,1.0,5212,2.284,LO,3,2,2,"[LO.LOPL3, PVLP.LOL3] -> LOL3 -> [LO.LOPL4, ME.LOPL4]",LO.LOP,3,PVLP.LO,3,LO.LOP,4,ME.LOP,4
38110536,mixed,lat->FF,lat,FF,2,0,2,2282,2,1.043,14682,6.434,LO,3,2,2,"[LO.LOPL3, ME.LOL3] -> LOL3 -> [MEL4, ME.LOPL4]",LO.LOP,3,ME.LO,3,ME,4,ME.LOP,4
36319968,mixed,lat->FF,lat,FF,2,0,2,52,1,1.0,2322,44.654,MB_ML,3,2,2,"[MB_CA.MB_MLL3, MB_CA.MB_PEDL3] -> MB_MLL3 -> [MB_CA.MB_MLL4, PLP.CREL4]",MB_CA.MB_ML,3,MB_CA.MB_PED,3,MB_CA.MB_ML,4,PLP.CRE,4
35128836,mixed,lat->FF,lat,FF,2,0,2,2282,1,1.0,8751,3.835,LO,3,2,2,"[LO.LOPL3, ME.LOPL3] -> LOL3 -> [LO.PVLPL4, ME.LOPL4]",LO.LOP,3,ME.LOP,3,LO.PVLP,4,ME.LOP,4
34123122,mixed,lat->FF,lat,FF,2,0,2,2282,1,1.0,6414,2.811,LO,3,2,2,"[LO.LOPL3, LO.PLPL3] -> LOL3 -> [LOL4, LO.LOPL4]",LO.LOP,3,LO.PLP,3,LO,4,LO.LOP,4
34123122,mixed,lat->FF,lat,FF,2,0,2,2282,1,1.0,6320,2.77,LO,3,2,2,"[LO.LOPL3, LOP.LOL3] -> LOL3 -> [LOL4, LO.LOPL4]",LO.LOP,3,LOP.LO,3,LO,4,LO.LOP,4
34123122,mixed,lat->FF,lat,FF,2,0,2,2282,1,1.0,6233,2.731,LO,3,2,2,"[LO.LOPL3, PVLP.LOL3] -> LOL3 -> [LOL4, LO.LOPL4]",LO.LOP,3,PVLP.LO,3,LO,4,LO.LOP,4
33446065,mixed,lat->FF,lat,FF,2,0,2,2282,6,1.005,15703,6.881,LO,3,2,2,"[LO.LOPL3, ME.LOL3] -> LOL3 -> [LOL4, MEL4]",LO.LOP,3,ME.LO,3,LO,4,ME,4
32837788,mixed,lat->FF,lat,FF,2,0,2,2282,302,5.006,21605,9.468,LO,3,2,2,"[MEL3, ME.LOL3] -> LOL3 -> [LOL4, LO.PVLPL4]",ME,3,ME.LO,3,LO,4,LO.PVLP,4
31948120,mixed,lat->FF,lat,FF,2,0,2,52,1,1.0,2287,43.981,MB_ML,3,2,2,"[MB_CA.MB_MLL3, MB_CA.MB_PEDL3] -> MB_MLL3 -> [PLP.MB_MLL4, PLP.MB_PEDL4]",MB_CA.MB_ML,3,MB_CA.MB_PED,3,PLP.MB_ML,4,PLP.MB_PED,4
30790944,mixed,lat->FF,lat,FF,2,0,2,52,1,1.0,2069,39.788,MB_ML,3,2,2,"[MB_CA.MB_MLL3, PLP.MB_MLL3] -> MB_MLL3 -> [MB_CA.MB_MLL4, PLP.MB_MLL4]",MB_CA.MB_ML,3,PLP.MB_ML,3,MB_CA.MB_ML,4,PLP.MB_ML,4
30600288,mixed,lat->FF,lat,FF,2,0,2,52,1,1.0,2461,47.327,MB_ML,3,2,2,"[MB_CA.MB_MLL3, MB_CA.MB_VLL3] -> MB_MLL3 -> [MB_CA.MB_MLL4, PLP.CREL4]",MB_CA.MB_ML,3,MB_CA.MB_VL,3,MB_CA.MB_ML,4,PLP.CRE,4
29075040,mixed,lat->FF,lat,FF,2,0,2,52,1,1.0,2150,41.346,MB_ML,3,2,2,"[MB_CA.CREL3, MB_CA.MB_MLL3] -> MB_MLL3 -> [MB_CA.MB_MLL4, PLP.MB_PEDL4]",MB_CA.CRE,3,MB_CA.MB_ML,3,MB_CA.MB_ML,4,PLP.MB_PED,4
26916920,mixed,lat->FF,lat,FF,2,0,2,52,1,1.0,2426,46.654,MB_ML,3,2,2,"[MB_CA.MB_MLL3, MB_CA.MB_VLL3] -> MB_MLL3 -> [PLP.MB_MLL4, PLP.MB_PEDL4]",MB_CA.MB_ML,3,MB_CA.MB_VL,3,PLP.MB_ML,4,PLP.MB_PED,4
26630030,mixed,lat->FF,lat,FF,2,0,2,2282,156,2.002,20890,9.154,LO,3,2,2,"[MEL3, ME.LOL3] -> LOL3 -> [LOL4, LO.AOTUL4]",ME,3,ME.LO,3,LO,4,LO.AOTU,4
24213312,mixed,lat->FF,lat,FF,2,0,2,52,1,1.0,2281,43.865,MB_ML,3,2,2,"[MB_CA.MB_MLL3, MB_CA.MB_PEDL3] -> MB_MLL3 -> [MB_CA.MB_MLL4, MB_CA.MB_VLL4]",MB_CA.MB_ML,3,MB_CA.MB_PED,3,MB_CA.MB_ML,4,MB_CA.MB_VL,4
24213312,mixed,lat->FF,lat,FF,2,0,2,52,1,1.0,2283,43.904,MB_ML,3,2,2,"[MB_CA.MB_MLL3, MB_CA.MB_PEDL3] -> MB_MLL3 -> [MB_CA.MB_MLL4, SCL.MB_MLL4]",MB_CA.MB_ML,3,MB_CA.MB_PED,3,MB_CA.MB_ML,4,SCL.MB_ML,4
23543937,mixed,lat->FF,lat,FF,2,0,2,2282,101,1.394,22330,9.785,LO,3,2,2,"[MEL3, ME.LOL3] -> LOL3 -> [LOL4, MEL4]",ME,3,ME.LO,3,LO,4,ME,4
23164064,mixed,lat->FF,lat,FF,2,0,2,1,1,1.0,2308,2308.0,MB_ML.MB_CA,3,2,2,"[MB_CA.MB_MLL3, MB_CA.MB_PEDL3] -> MB_ML.MB_CAL3 -> [PLP.CREL4, PLP.MB_PEDL4]",MB_CA.MB_ML,3,MB_CA.MB_PED,3,PLP.CRE,4,PLP.MB_PED,4
23101796,mixed,lat->FF,lat,FF,2,0,2,35,5,1.0,2791,79.743,PVLP.LO,3,2,2,"[LO.PVLPL3, PVLPL3] -> PVLP.LOL3 -> [LOL4, LO.PVLPL4]",LO.PVLP,3,PVLP,3,LO,4,LO.PVLP,4
22742676,mixed,lat->FF,lat,FF,2,0,2,2282,1,1.0,12020,5.267,LO,3,2,2,"[LO.PLPL3, MEL3] -> LOL3 -> [LO.LOPL4, ME.LOPL4]",LO.PLP,3,ME,3,LO.LOP,4,ME.LOP,4
22742676,mixed,lat->FF,lat,FF,2,0,2,2282,1,1.0,11926,5.226,LO,3,2,2,"[LOP.LOL3, MEL3] -> LOL3 -> [LO.LOPL4, ME.LOPL4]",LOP.LO,3,ME,3,LO.LOP,4,ME.LOP,4
22742676,mixed,lat->FF,lat,FF,2,0,2,2282,1,1.0,11839,5.188,LO,3,2,2,"[MEL3, PVLP.LOL3] -> LOL3 -> [LO.LOPL4, ME.LOPL4]",ME,3,PVLP.LO,3,LO.LOP,4,ME.LOP,4
22689722,mixed,lat->FF,lat,FF,2,0,2,2282,3,1.041,21309,9.338,LO,3,2,2,"[MEL3, ME.LOL3] -> LOL3 -> [MEL4, ME.LOPL4]",ME,3,ME.LO,3,ME,4,ME.LOP,4
20400192,mixed,lat->FF,lat,FF,2,0,2,52,1,1.0,2420,46.538,MB_ML,3,2,2,"[MB_CA.MB_MLL3, MB_CA.MB_VLL3] -> MB_MLL3 -> [MB_CA.MB_MLL4, MB_CA.MB_VLL4]",MB_CA.MB_ML,3,MB_CA.MB_VL,3,MB_CA.MB_ML,4,MB_CA.MB_VL,4
20400192,mixed,lat->FF,lat,FF,2,0,2,52,1,1.0,2422,46.577,MB_ML,3,2,2,"[MB_CA.MB_MLL3, MB_CA.MB_VLL3] -> MB_MLL3 -> [MB_CA.MB_MLL4, SCL.MB_MLL4]",MB_CA.MB_ML,3,MB_CA.MB_VL,3,MB_CA.MB_ML,4,SCL.MB_ML,4
20330574,mixed,lat->FF,lat,FF,2,0,2,2282,1,1.0,13041,5.715,LO,3,2,2,"[LO.PLPL3, MEL3] -> LOL3 -> [LOL4, LO.LOPL4]",LO.PLP,3,ME,3,LO,4,LO.LOP,4
20330574,mixed,lat->FF,lat,FF,2,0,2,2282,1,1.0,12947,5.674,LO,3,2,2,"[LOP.LOL3, MEL3] -> LOL3 -> [LOL4, LO.LOPL4]",LOP.LO,3,ME,3,LO,4,LO.LOP,4
20330574,mixed,lat->FF,lat,FF,2,0,2,2282,1,1.0,12860,5.635,LO,3,2,2,"[MEL3, PVLP.LOL3] -> LOL3 -> [LOL4, LO.LOPL4]",ME,3,PVLP.LO,3,LO,4,LO.LOP,4
20197116,mixed,lat->FF,lat,FF,2,0,2,2282,1,1.0,15378,6.739,LO,3,2,2,"[MEL3, ME.LOPL3] -> LOL3 -> [LO.PVLPL4, ME.LOPL4]",ME,3,ME.LOP,3,LO.PVLP,4,ME.LOP,4
19168872,mixed,lat->FF,lat,FF,2,0,2,52,1,1.0,2308,44.385,MB_ML,3,2,2,"[MB_CA.MB_MLL3, MB_CA.MB_PEDL3] -> MB_MLL3 -> [PLP.CREL4, PLP.MB_MLL4]",MB_CA.MB_ML,3,MB_CA.MB_PED,3,PLP.CRE,4,PLP.MB_ML,4
18159984,mixed,lat->FF,lat,FF,2,0,2,52,1,1.0,2282,43.885,MB_ML,3,2,2,"[MB_CA.MB_MLL3, MB_CA.MB_PEDL3] -> MB_MLL3 -> [MB_CA.CREL4, MB_CA.MB_MLL4]",MB_CA.MB_ML,3,MB_CA.MB_PED,3,MB_CA.CRE,4,MB_CA.MB_ML,4
18159984,mixed,lat->FF,lat,FF,2,0,2,52,1,1.0,2281,43.865,MB_ML,3,2,2,"[MB_CA.MB_MLL3, MB_CA.MB_PEDL3] -> MB_MLL3 -> [MB_CA.MB_MLL4, MB_CA.MB_PEDL4]",MB_CA.MB_ML,3,MB_CA.MB_PED,3,MB_CA.MB_ML,4,MB_CA.MB_PED,4
18159984,mixed,lat->FF,lat,FF,2,0,2,52,1,1.0,2289,44.019,MB_ML,3,2,2,"[MB_CA.MB_MLL3, MB_CA.MB_PEDL3] -> MB_MLL3 -> [MB_CA.MB_MLL4, MB_MLL4]",MB_CA.MB_ML,3,MB_CA.MB_PED,3,MB_CA.MB_ML,4,MB_ML,4
18159984,mixed,lat->FF,lat,FF,2,0,2,52,1,1.0,2297,44.173,MB_ML,3,2,2,"[MB_CA.MB_MLL3, MB_CA.MB_PEDL3] -> MB_MLL3 -> [MB_CA.MB_MLL4, SMP.MB_MLL4]",MB_CA.MB_ML,3,MB_CA.MB_PED,3,MB_CA.MB_ML,4,SMP.MB_ML,4
18112320,mixed,lat->FF,lat,FF,2,0,2,52,1,1.0,2095,40.288,MB_ML,3,2,2,"[MB_CA.MB_MLL3, PLP.CREL3] -> MB_MLL3 -> [MB_CA.MB_MLL4, PLP.MB_MLL4]",MB_CA.MB_ML,3,PLP.CRE,3,MB_CA.MB_ML,4,PLP.MB_ML,4
18112320,mixed,lat->FF,lat,FF,2,0,2,52,1,1.0,2042,39.269,MB_ML,3,2,2,"[MB_CA.MB_MLL3, SCL.MB_MLL3] -> MB_MLL3 -> [MB_CA.MB_MLL4, PLP.MB_MLL4]",MB_CA.MB_ML,3,SCL.MB_ML,3,MB_CA.MB_ML,4,PLP.MB_ML,4
17445024,mixed,lat->FF,lat,FF,2,0,2,52,1,1.0,2171,41.75,MB_ML,3,2,2,"[MB_CA.CREL3, MB_CA.MB_MLL3] -> MB_MLL3 -> [MB_CA.MB_MLL4, PLP.CREL4]",MB_CA.CRE,3,MB_CA.MB_ML,3,MB_CA.MB_ML,4,PLP.CRE,4
17002092,mixed,lat->FF,lat,FF,2,0,2,2282,1,1.0,15802,6.925,LO,3,2,2,"[LO.LOPL3, MEL3] -> LOL3 -> [LO.PVLPL4, ME.LOPL4]",LO.LOP,3,ME,3,LO.PVLP,4,ME.LOP,4
16814360,mixed,lat->FF,lat,FF,2,0,2,1,1,1.0,2447,2447.0,MB_ML.MB_CA,3,2,2,"[MB_CA.MB_MLL3, MB_CA.MB_VLL3] -> MB_ML.MB_CAL3 -> [PLP.CREL4, PLP.MB_MLL4]",MB_CA.MB_ML,3,MB_CA.MB_VL,3,PLP.CRE,4,PLP.MB_ML,4
16205760,mixed,lat->FF,lat,FF,2,0,2,52,1,1.0,2069,39.788,MB_ML,3,2,2,"[MB_CA.MB_MLL3, PLP.MB_MLL3] -> MB_MLL3 -> [MB_CA.MB_MLL4, PLP.MB_PEDL4]",MB_CA.MB_ML,3,PLP.MB_ML,3,MB_CA.MB_ML,4,PLP.MB_PED,4
16150152,mixed,lat->FF,lat,FF,2,0,2,52,1,1.0,2447,47.058,MB_ML,3,2,2,"[MB_CA.MB_MLL3, MB_CA.MB_VLL3] -> MB_MLL3 -> [PLP.CREL4, PLP.MB_MLL4]",MB_CA.MB_ML,3,MB_CA.MB_VL,3,PLP.CRE,4,PLP.MB_ML,4
15345160,mixed,lat->FF,lat,FF,2,0,2,52,1,1.0,2136,41.077,MB_ML,3,2,2,"[MB_CA.CREL3, MB_CA.MB_MLL3] -> MB_MLL3 -> [PLP.MB_MLL4, PLP.MB_PEDL4]",MB_CA.CRE,3,MB_CA.MB_ML,3,PLP.MB_ML,4,PLP.MB_PED,4
15300144,mixed,lat->FF,lat,FF,2,0,2,52,1,1.0,2421,46.558,MB_ML,3,2,2,"[MB_CA.MB_MLL3, MB_CA.MB_VLL3] -> MB_MLL3 -> [MB_CA.CREL4, MB_CA.MB_MLL4]",MB_CA.MB_ML,3,MB_CA.MB_VL,3,MB_CA.CRE,4,MB_CA.MB_ML,4
15300144,mixed,lat->FF,lat,FF,2,0,2,52,1,1.0,2420,46.538,MB_ML,3,2,2,"[MB_CA.MB_MLL3, MB_CA.MB_VLL3] -> MB_MLL3 -> [MB_CA.MB_MLL4, MB_CA.MB_PEDL4]",MB_CA.MB_ML,3,MB_CA.MB_VL,3,MB_CA.MB_ML,4,MB_CA.MB_PED,4
15300144,mixed,lat->FF,lat,FF,2,0,2,52,1,1.0,2428,46.692,MB_ML,3,2,2,"[MB_CA.MB_MLL3, MB_CA.MB_VLL3] -> MB_MLL3 -> [MB_CA.MB_MLL4, MB_MLL4]",MB_CA.MB_ML,3,MB_CA.MB_VL,3,MB_CA.MB_ML,4,MB_ML,4
15300144,mixed,lat->FF,lat,FF,2,0,2,52,1,1.0,2436,46.846,MB_ML,3,2,2,"[MB_CA.MB_MLL3, MB_CA.MB_VLL3] -> MB_MLL3 -> [MB_CA.MB_MLL4, SMP.MB_MLL4]",MB_CA.MB_ML,3,MB_CA.MB_VL,3,MB_CA.MB_ML,4,SMP.MB_ML,4
14538780,mixed,lat->FF,lat,FF,2,0,2,2282,1,1.0,4908,2.151,LO,3,2,2,"[LO.MEL3, ME.LOPL3] -> LOL3 -> [LO.LOPL4, ME.LOPL4]",LO.ME,3,ME.LOP,3,LO.LOP,4,ME.LOP,4
13847120,mixed,lat->FF,lat,FF,2,0,2,1,1,1.0,2426,2426.0,MB_ML.MB_CA,3,2,2,"[MB_CA.MB_MLL3, MB_CA.MB_VLL3] -> MB_ML.MB_CAL3 -> [PLP.MB_MLL4, PLP.MB_PEDL4]",MB_CA.MB_ML,3,MB_CA.MB_VL,3,PLP.MB_ML,4,PLP.MB_PED,4
13451488,mixed,lat->FF,lat,FF,2,0,2,1,1,1.0,2435,2435.0,MB_ML.MB_CA,3,2,2,"[MB_CA.MB_MLL3, MB_CA.MB_VLL3] -> MB_ML.MB_CAL3 -> [MB_MLL4, PLP.CREL4]",MB_CA.MB_ML,3,MB_CA.MB_VL,3,MB_ML,4,PLP.CRE,4
12779248,mixed,lat->FF,lat,FF,2,0,2,52,1,1.0,2267,43.596,MB_ML,3,2,2,"[MB_CA.MB_MLL3, MB_CA.MB_PEDL3] -> MB_MLL3 -> [MB_CA.MB_VLL4, PLP.MB_MLL4]",MB_CA.MB_ML,3,MB_CA.MB_PED,3,MB_CA.MB_VL,4,PLP.MB_ML,4
12779248,mixed,lat->FF,lat,FF,2,0,2,52,1,1.0,2269,43.635,MB_ML,3,2,2,"[MB_CA.MB_MLL3, MB_CA.MB_PEDL3] -> MB_MLL3 -> [PLP.MB_MLL4, SCL.MB_MLL4]",MB_CA.MB_ML,3,MB_CA.MB_PED,3,PLP.MB_ML,4,SCL.MB_ML,4
12716667,mixed,lat->FF,lat,FF,2,0,2,2282,63,3.024,20602,9.028,LO,3,2,2,"[MEL3, ME.LOL3] -> LOL3 -> [LO.AOTUL4, LO.PVLPL4]",ME,3,ME.LO,3,LO.AOTU,4,LO.PVLP,4
12268077,mixed,lat->FF,lat,FF,2,0,2,56,8,1.991,3714,66.321,LO.AVLP,4,2,2,"[LOL4, LO.PVLPL4] -> LO.AVLPL4 -> [AVLPL5, PVLP.AVLPL5]",LO,4,LO.PVLP,4,AVLP,5,PVLP.AVLP,5
12238860,mixed,lat->FF,lat,FF,2,0,2,2282,1,1.0,5332,2.337,LO,3,2,2,"[LO.LOPL3, LO.MEL3] -> LOL3 -> [LO.LOPL4, ME.LOPL4]",LO.LOP,3,LO.ME,3,LO.LOP,4,ME.LOP,4
12106656,mixed,lat->FF,lat,FF,2,0,2,52,1,1.0,2616,50.308,MB_ML,3,2,2,"[MB_CA.MB_MLL3, MB_CA.MB_PEDL3] -> MB_MLL3 -> [LHL4, MB_CA.MB_MLL4]",MB_CA.MB_ML,3,MB_CA.MB_PED,3,LH,4,MB_CA.MB_ML,4
12106656,mixed,lat->FF,lat,FF,2,0,2,52,1,1.0,2278,43.808,MB_ML,3,2,2,"[MB_CA.MB_MLL3, MB_CA.MB_PEDL3] -> MB_MLL3 -> [MB_CA.MB_MLL4, MB_ML.SLPL4]",MB_CA.MB_ML,3,MB_CA.MB_PED,3,MB_CA.MB_ML,4,MB_ML.SLP,4
12106656,mixed,lat->FF,lat,FF,2,0,2,52,1,1.0,2322,44.654,MB_ML,3,2,2,"[MB_CA.MB_MLL3, MB_CA.MB_PEDL3] -> MB_MLL3 -> [MB_CA.MB_MLL4, PLP.SMPL4]",MB_CA.MB_ML,3,MB_CA.MB_PED,3,MB_CA.MB_ML,4,PLP.SMP,4
12106656,mixed,lat->FF,lat,FF,2,0,2,52,1,1.0,2278,43.808,MB_ML,3,2,2,"[MB_CA.MB_MLL3, MB_CA.MB_PEDL3] -> MB_MLL3 -> [MB_CA.MB_MLL4, SIP.MB_VLL4]",MB_CA.MB_ML,3,MB_CA.MB_PED,3,MB_CA.MB_ML,4,SIP.MB_VL,4
11630016,mixed,lat->FF,lat,FF,2,0,2,52,1,1.0,2130,40.962,MB_ML,3,2,2,"[MB_CA.CREL3, MB_CA.MB_MLL3] -> MB_MLL3 -> [MB_CA.MB_MLL4, MB_CA.MB_VLL4]",MB_CA.CRE,3,MB_CA.MB_ML,3,MB_CA.MB_ML,4,MB_CA.MB_VL,4
11630016,mixed,lat->FF,lat,FF,2,0,2,52,1,1.0,2132,41.0,MB_ML,3,2,2,"[MB_CA.CREL3, MB_CA.MB_MLL3] -> MB_MLL3 -> [MB_CA.MB_MLL4, SCL.MB_MLL4]",MB_CA.CRE,3,MB_CA.MB_ML,3,MB_CA.MB_ML,4,SCL.MB_ML,4
11472076,mixed,lat->FF,lat,FF,2,0,2,1,1,1.0,772,772.0,MB_ML.MB_CA,3,2,2,"[MB_CA.MB_PEDL3, MB_CA.MB_VLL3] -> MB_ML.MB_CAL3 -> [PLP.CREL4, PLP.MB_PEDL4]",MB_CA.MB_PED,3,MB_CA.MB_VL,3,PLP.CRE,4,PLP.MB_PED,4
11191219,mixed,lat->FF,lat,FF,2,0,2,2282,105,2.521,20789,9.11,LO,3,2,2,"[MEL3, ME.LOL3] -> LOL3 -> [LOL4, LO.AVLPL4]",ME,3,ME.LO,3,LO,4,LO.AVLP,4
11077696,mixed,lat->FF,lat,FF,2,0,2,1,1,1.0,2414,2414.0,MB_ML.MB_CA,3,2,2,"[MB_CA.MB_MLL3, MB_CA.MB_VLL3] -> MB_ML.MB_CAL3 -> [MB_MLL4, PLP.MB_PEDL4]",MB_CA.MB_ML,3,MB_CA.MB_VL,3,MB_ML,4,PLP.MB_PED,4
10766768,mixed,lat->FF,lat,FF,2,0,2,52,1,1.0,2406,46.269,MB_ML,3,2,2,"[MB_CA.MB_MLL3, MB_CA.MB_VLL3] -> MB_MLL3 -> [MB_CA.MB_VLL4, PLP.MB_MLL4]",MB_CA.MB_ML,3,MB_CA.MB_VL,3,MB_CA.MB_VL,4,PLP.MB_ML,4
10766768,mixed,lat->FF,lat,FF,2,0,2,52,1,1.0,2408,46.308,MB_ML,3,2,2,"[MB_CA.MB_MLL3, MB_CA.MB_VLL3] -> MB_MLL3 -> [PLP.MB_MLL4, SCL.MB_MLL4]",MB_CA.MB_ML,3,MB_CA.MB_VL,3,PLP.MB_ML,4,SCL.MB_ML,4
10378704,mixed,lat->FF,lat,FF,2,0,2,1,1,1.0,2157,2157.0,MB_ML.MB_CA,3,2,2,"[MB_CA.CREL3, MB_CA.MB_MLL3] -> MB_ML.MB_CAL3 -> [PLP.CREL4, PLP.MB_PEDL4]",MB_CA.CRE,3,MB_CA.MB_ML,3,PLP.CRE,4,PLP.MB_PED,4
10200096,mixed,lat->FF,lat,FF,2,0,2,52,1,1.0,2755,52.981,MB_ML,3,2,2,"[MB_CA.MB_MLL3, MB_CA.MB_VLL3] -> MB_MLL3 -> [LHL4, MB_CA.MB_MLL4]",MB_CA.MB_ML,3,MB_CA.MB_VL,3,LH,4,MB_CA.MB_ML,4
10200096,mixed,lat->FF,lat,FF,2,0,2,52,1,1.0,2417,46.481,MB_ML,3,2,2,"[MB_CA.MB_MLL3, MB_CA.MB_VLL3] -> MB_MLL3 -> [MB_CA.MB_MLL4, MB_ML.SLPL4]",MB_CA.MB_ML,3,MB_CA.MB_VL,3,MB_CA.MB_ML,4,MB_ML.SLP,4
10200096,mixed,lat->FF,lat,FF,2,0,2,52,1,1.0,2461,47.327,MB_ML,3,2,2,"[MB_CA.MB_MLL3, MB_CA.MB_VLL3] -> MB_MLL3 -> [MB_CA.MB_MLL4, PLP.SMPL4]",MB_CA.MB_ML,3,MB_CA.MB_VL,3,MB_CA.MB_ML,4,PLP.SMP,4
10200096,mixed,lat->FF,lat,FF,2,0,2,52,1,1.0,2417,46.481,MB_ML,3,2,2,"[MB_CA.MB_MLL3, MB_CA.MB_VLL3] -> MB_MLL3 -> [MB_CA.MB_MLL4, SIP.MB_VLL4]",MB_CA.MB_ML,3,MB_CA.MB_VL,3,MB_CA.MB_ML,4,SIP.MB_VL,4
10088880,mixed,lat->FF,lat,FF,2,0,2,52,1,1.0,2308,44.385,MB_ML,3,2,2,"[MB_CA.MB_MLL3, MB_CA.MB_PEDL3] -> MB_MLL3 -> [PLP.CREL4, PLP.MB_PEDL4]",MB_CA.MB_ML,3,MB_CA.MB_PED,3,PLP.CRE,4,PLP.MB_PED,4
10088616,mixed,lat->FF,lat,FF,2,0,2,1,1,1.0,2762,2762.0,MB_ML.MB_CA,3,2,2,"[MB_CA.MB_MLL3, MB_CA.MB_VLL3] -> MB_ML.MB_CAL3 -> [LHL4, PLP.CREL4]",MB_CA.MB_ML,3,MB_CA.MB_VL,3,LH,4,PLP.CRE,4
10088616,mixed,lat->FF,lat,FF,2,0,2,1,1,1.0,2428,2428.0,MB_ML.MB_CA,3,2,2,"[MB_CA.MB_MLL3, MB_CA.MB_VLL3] -> MB_ML.MB_CAL3 -> [MB_CA.CREL4, PLP.CREL4]",MB_CA.MB_ML,3,MB_CA.MB_VL,3,MB_CA.CRE,4,PLP.CRE,4
10088616,mixed,lat->FF,lat,FF,2,0,2,1,1,1.0,2461,2461.0,MB_ML.MB_CA,3,2,2,"[MB_CA.MB_MLL3, MB_CA.MB_VLL3] -> MB_ML.MB_CAL3 -> [MB_CA.MB_MLL4, PLP.CREL4]",MB_CA.MB_ML,3,MB_CA.MB_VL,3,MB_CA.MB_ML,4,PLP.CRE,4
10088616,mixed,lat->FF,lat,FF,2,0,2,1,1,1.0,2650,2650.0,MB_ML.MB_CA,3,2,2,"[MB_CA.MB_MLL3, MB_CA.MB_VLL3] -> MB_ML.MB_CAL3 -> [PLPL4, PLP.CREL4]",MB_CA.MB_ML,3,MB_CA.MB_VL,3,PLP,4,PLP.CRE,4
10088616,mixed,lat->FF,lat,FF,2,0,2,1,1,1.0,2443,2443.0,MB_ML.MB_CA,3,2,2,"[MB_CA.MB_MLL3, MB_CA.MB_VLL3] -> MB_ML.MB_CAL3 -> [PLP.CREL4, SMP.MB_MLL4]",MB_CA.MB_ML,3,MB_CA.MB_VL,3,PLP.CRE,4,SMP.MB_ML,4
9961776,mixed,lat->FF,lat,FF,2,0,2,52,1,1.0,2044,39.308,MB_ML,3,2,2,"[MB_CAL3, MB_CA.MB_MLL3] -> MB_MLL3 -> [MB_CA.MB_MLL4, PLP.MB_MLL4]",MB_CA,3,MB_CA.MB_ML,3,MB_CA.MB_ML,4,PLP.MB_ML,4
9961776,mixed,lat->FF,lat,FF,2,0,2,52,1,1.0,2039,39.212,MB_ML,3,2,2,"[MB_CA.MB_MLL3, SLP.MB_MLL3] -> MB_MLL3 -> [MB_CA.MB_MLL4, PLP.MB_MLL4]",MB_CA.MB_ML,3,SLP.MB_ML,3,MB_CA.MB_ML,4,PLP.MB_ML,4
9754068,mixed,lat->FF,lat,FF,2,0,2,35,1,1.0,2386,68.171,PVLP.LO,3,2,2,"[LO.PVLPL3, PVLPL3] -> PVLP.LOL3 -> [LO.PVLPL4, ME.LOL4]",LO.PVLP,3,PVLP,3,LO.PVLP,4,ME.LO,4
9723456,mixed,lat->FF,lat,FF,2,0,2,52,1,1.0,2090,40.192,MB_ML,3,2,2,"[MB_CA.MB_MLL3, PLP.MB_MLL3] -> MB_MLL3 -> [MB_CA.MB_MLL4, PLP.CREL4]",MB_CA.MB_ML,3,PLP.MB_ML,3,MB_CA.MB_ML,4,PLP.CRE,4
9625725,mixed,lat->FF,lat,FF,2,0,2,35,1,1.0,2760,78.857,PVLP.LO,3,2,2,"[GNG.AVLPL3, LO.PVLPL3] -> PVLP.LOL3 -> [LOL4, LO.PVLPL4]",GNG.AVLP,3,LO.PVLP,3,LO,4,LO.PVLP,4
9625725,mixed,lat->FF,lat,FF,2,0,2,35,1,1.0,2780,79.429,PVLP.LO,3,2,2,"[LO.AVLPL3, LO.PVLPL3] -> PVLP.LOL3 -> [LOL4, LO.PVLPL4]",LO.AVLP,3,LO.PVLP,3,LO,4,LO.PVLP,4
9584436,mixed,lat->FF,lat,FF,2,0,2,52,1,1.0,2268,43.615,MB_ML,3,2,2,"[MB_CA.MB_MLL3, MB_CA.MB_PEDL3] -> MB_MLL3 -> [MB_CA.CREL4, PLP.MB_MLL4]",MB_CA.MB_ML,3,MB_CA.MB_PED,3,MB_CA.CRE,4,PLP.MB_ML,4
9584436,mixed,lat->FF,lat,FF,2,0,2,52,1,1.0,2267,43.596,MB_ML,3,2,2,"[MB_CA.MB_MLL3, MB_CA.MB_PEDL3] -> MB_MLL3 -> [MB_CA.MB_PEDL4, PLP.MB_MLL4]",MB_CA.MB_ML,3,MB_CA.MB_PED,3,MB_CA.MB_PED,4,PLP.MB_ML,4
9584436,mixed,lat->FF,lat,FF,2,0,2,52,1,1.0,2275,43.75,MB_ML,3,2,2,"[MB_CA.MB_MLL3, MB_CA.MB_PEDL3] -> MB_MLL3 -> [MB_MLL4, PLP.MB_MLL4]",MB_CA.MB_ML,3,MB_CA.MB_PED,3,MB_ML,4,PLP.MB_ML,4
9584436,mixed,lat->FF,lat,FF,2,0,2,52,1,1.0,2283,43.904,MB_ML,3,2,2,"[MB_CA.MB_MLL3, MB_CA.MB_PEDL3] -> MB_MLL3 -> [PLP.MB_MLL4, SMP.MB_MLL4]",MB_CA.MB_ML,3,MB_CA.MB_PED,3,PLP.MB_ML,4,SMP.MB_ML,4
9536576,mixed,lat->FF,lat,FF,2,0,2,2282,249,4.387,20988,9.197,LO,3,2,2,"[MEL3, ME.LOL3] -> LOL3 -> [LOL4, LO.PLPL4]",ME,3,ME.LO,3,LO,4,LO.PLP,4
9532800,mixed,lat->FF,lat,FF,2,0,2,52,1,1.0,2095,40.288,MB_ML,3,2,2,"[MB_CA.MB_MLL3, PLP.CREL3] -> MB_MLL3 -> [MB_CA.MB_MLL4, PLP.MB_PEDL4]",MB_CA.MB_ML,3,PLP.CRE,3,MB_CA.MB_ML,4,PLP.MB_PED,4
9532800,mixed,lat->FF,lat,FF,2,0,2,52,1,1.0,2042,39.269,MB_ML,3,2,2,"[MB_CA.MB_MLL3, SCL.MB_MLL3] -> MB_MLL3 -> [MB_CA.MB_MLL4, PLP.MB_PEDL4]",MB_CA.MB_ML,3,SCL.MB_ML,3,MB_CA.MB_ML,4,PLP.MB_PED,4
9294876,mixed,lat->FF,lat,FF,2,0,2,52,1,1.0,765,14.712,MB_ML,3,2,2,"[MB_CA.MB_PEDL3, MB_CA.MB_VLL3] -> MB_MLL3 -> [MB_CA.MB_MLL4, PLP.MB_MLL4]",MB_CA.MB_PED,3,MB_CA.MB_VL,3,MB_CA.MB_ML,4,PLP.MB_ML,4
9207096,mixed,lat->FF,lat,FF,2,0,2,52,1,1.0,2157,41.481,MB_ML,3,2,2,"[MB_CA.CREL3, MB_CA.MB_MLL3] -> MB_MLL3 -> [PLP.CREL4, PLP.MB_MLL4]",MB_CA.CRE,3,MB_CA.MB_ML,3,PLP.CRE,4,PLP.MB_ML,4
9056160,mixed,lat->FF,lat,FF,2,0,2,52,1,1.0,2050,39.423,MB_ML,3,2,2,"[MB_CA.MB_MLL3, PLP.MB_PEDL3] -> MB_MLL3 -> [MB_CA.MB_MLL4, PLP.MB_MLL4]",MB_CA.MB_ML,3,PLP.MB_PED,3,MB_CA.MB_ML,4,PLP.MB_ML,4
8722512,mixed,lat->FF,lat,FF,2,0,2,52,1,1.0,2131,40.981,MB_ML,3,2,2,"[MB_CA.CREL3, MB_CA.MB_MLL3] -> MB_MLL3 -> [MB_CA.CREL4, MB_CA.MB_MLL4]",MB_CA.CRE,3,MB_CA.MB_ML,3,MB_CA.CRE,4,MB_CA.MB_ML,4
8722512,mixed,lat->FF,lat,FF,2,0,2,52,1,1.0,2130,40.962,MB_ML,3,2,2,"[MB_CA.CREL3, MB_CA.MB_MLL3] -> MB_MLL3 -> [MB_CA.MB_MLL4, MB_CA.MB_PEDL4]",MB_CA.CRE,3,MB_CA.MB_ML,3,MB_CA.MB_ML,4,MB_CA.MB_PED,4
8722512,mixed,lat->FF,lat,FF,2,0,2,52,1,1.0,2138,41.115,MB_ML,3,2,2,"[MB_CA.CREL3, MB_CA.MB_MLL3] -> MB_MLL3 -> [MB_CA.MB_MLL4, MB_MLL4]",MB_CA.CRE,3,MB_CA.MB_ML,3,MB_CA.MB_ML,4,MB_ML,4
8722512,mixed,lat->FF,lat,FF,2,0,2,52,1,1.0,2146,41.269,MB_ML,3,2,2,"[MB_CA.CREL3, MB_CA.MB_MLL3] -> MB_MLL3 -> [MB_CA.MB_MLL4, SMP.MB_MLL4]",MB_CA.CRE,3,MB_CA.MB_ML,3,MB_CA.MB_ML,4,SMP.MB_ML,4
8567321,mixed,lat->FF,lat,FF,2,0,2,56,18,2.026,3773,67.375,LO.AVLP,4,2,2,"[LOL4, LO.PVLPL4] -> LO.AVLPL4 -> [AVLPL5, AVLP.ICLL5]",LO,4,LO.PVLP,4,AVLP,5,AVLP.ICL,5
8553040,mixed,lat->FF,lat,FF,2,0,2,52,1,1.0,2055,39.519,MB_ML,3,2,2,"[MB_CA.MB_MLL3, PLP.MB_MLL3] -> MB_MLL3 -> [PLP.MB_MLL4, PLP.MB_PEDL4]",MB_CA.MB_ML,3,PLP.MB_ML,3,PLP.MB_ML,4,PLP.MB_PED,4
8500080,mixed,lat->FF,lat,FF,2,0,2,52,1,1.0,2447,47.058,MB_ML,3,2,2,"[MB_CA.MB_MLL3, MB_CA.MB_VLL3] -> MB_MLL3 -> [PLP.CREL4, PLP.MB_PEDL4]",MB_CA.MB_ML,3,MB_CA.MB_VL,3,PLP.CRE,4,PLP.MB_PED,4
8308272,mixed,lat->FF,lat,FF,2,0,2,1,1,1.0,2741,2741.0,MB_ML.MB_CA,3,2,2,"[MB_CA.MB_MLL3, MB_CA.MB_VLL3] -> MB_ML.MB_CAL3 -> [LHL4, PLP.MB_PEDL4]",MB_CA.MB_ML,3,MB_CA.MB_VL,3,LH,4,PLP.MB_PED,4
8308272,mixed,lat->FF,lat,FF,2,0,2,1,1,1.0,2407,2407.0,MB_ML.MB_CA,3,2,2,"[MB_CA.MB_MLL3, MB_CA.MB_VLL3] -> MB_ML.MB_CAL3 -> [MB_CA.CREL4, PLP.MB_PEDL4]",MB_CA.MB_ML,3,MB_CA.MB_VL,3,MB_CA.CRE,4,PLP.MB_PED,4
8308272,mixed,lat->FF,lat,FF,2,0,2,1,1,1.0,2440,2440.0,MB_ML.MB_CA,3,2,2,"[MB_CA.MB_MLL3, MB_CA.MB_VLL3] -> MB_ML.MB_CAL3 -> [MB_CA.MB_MLL4, PLP.MB_PEDL4]",MB_CA.MB_ML,3,MB_CA.MB_VL,3,MB_CA.MB_ML,4,PLP.MB_PED,4
8308272,mixed,lat->FF,lat,FF,2,0,2,1,1,1.0,2629,2629.0,MB_ML.MB_CA,3,2,2,"[MB_CA.MB_MLL3, MB_CA.MB_VLL3] -> MB_ML.MB_CAL3 -> [PLPL4, PLP.MB_PEDL4]",MB_CA.MB_ML,3,MB_CA.MB_VL,3,PLP,4,PLP.MB_PED,4
8308272,mixed,lat->FF,lat,FF,2,0,2,1,1,1.0,2422,2422.0,MB_ML.MB_CA,3,2,2,"[MB_CA.MB_MLL3, MB_CA.MB_VLL3] -> MB_ML.MB_CAL3 -> [PLP.MB_PEDL4, SMP.MB_MLL4]",MB_CA.MB_ML,3,MB_CA.MB_VL,3,PLP.MB_PED,4,SMP.MB_ML,4
8299131,mixed,lat->FF,lat,FF,2,0,2,1077,388,2.885,9542,8.86,LOP,3,2,2,"[LO.LOPL3, ME.LOPL3] -> LOPL3 -> [LOP.MEL4, MEL4]",LO.LOP,3,ME.LOP,3,LOP.ME,4,ME,4
8272880,mixed,lat->FF,lat,FF,2,0,2,1,1,1.0,2308,2308.0,MB_ML.MB_CA,3,2,2,"[MB_CA.MB_MLL3, MB_CA.MB_PEDL3] -> MB_ML.MB_CAL3 -> [PLP.CREL4, PLP.MB_MLL4]",MB_CA.MB_ML,3,MB_CA.MB_PED,3,PLP.CRE,4,PLP.MB_ML,4
8075076,mixed,lat->FF,lat,FF,2,0,2,52,1,1.0,2407,46.288,MB_ML,3,2,2,"[MB_CA.MB_MLL3, MB_CA.MB_VLL3] -> MB_MLL3 -> [MB_CA.CREL4, PLP.MB_MLL4]",MB_CA.MB_ML,3,MB_CA.MB_VL,3,MB_CA.CRE,4,PLP.MB_ML,4
8075076,mixed,lat->FF,lat,FF,2,0,2,52,1,1.0,2406,46.269,MB_ML,3,2,2,"[MB_CA.MB_MLL3, MB_CA.MB_VLL3] -> MB_MLL3 -> [MB_CA.MB_PEDL4, PLP.MB_MLL4]",MB_CA.MB_ML,3,MB_CA.MB_VL,3,MB_CA.MB_PED,4,PLP.MB_ML,4
8075076,mixed,lat->FF,lat,FF,2,0,2,52,1,1.0,2414,46.423,MB_ML,3,2,2,"[MB_CA.MB_MLL3, MB_CA.MB_VLL3] -> MB_MLL3 -> [MB_MLL4, PLP.MB_MLL4]",MB_CA.MB_ML,3,MB_CA.MB_VL,3,MB_ML,4,PLP.MB_ML,4
8075076,mixed,lat->FF,lat,FF,2,0,2,52,1,1.0,2422,46.577,MB_ML,3,2,2,"[MB_CA.MB_MLL3, MB_CA.MB_VLL3] -> MB_MLL3 -> [PLP.MB_MLL4, SMP.MB_MLL4]",MB_CA.MB_ML,3,MB_CA.MB_VL,3,PLP.MB_ML,4,SMP.MB_ML,4
7389046,mixed,lat->FF,lat,FF,2,0,2,1077,194,2.297,8074,7.497,LOP,3,2,2,"[LO.LOPL3, ME.LOPL3] -> LOPL3 -> [LO.SPSL4, LOP.MEL4]",LO.LOP,3,ME.LOP,3,LO.SPS,4,LOP.ME,4
7269390,mixed,lat->FF,lat,FF,2,0,2,2282,1,1.0,4754,2.083,LO,3,2,2,"[FB.LOL3, ME.LOPL3] -> LOL3 -> [LO.LOPL4, ME.LOPL4]",FB.LO,3,ME.LOP,3,LO.LOP,4,ME.LOP,4
7210198,mixed,lat->FF,lat,FF,2,0,2,2282,64,2.501,11018,4.828,LO,3,2,2,"[LOP.LOL3, ME.LOL3] -> LOL3 -> [LOL4, LO.PVLPL4]",LOP.LO,3,ME.LO,3,LO,4,LO.PVLP,4
7180505,mixed,lat->FF,lat,FF,2,0,2,2282,131,1.735,21488,9.416,LO,3,2,2,"[MEL3, ME.LOL3] -> LOL3 -> [LOL4, ME.LOL4]",ME,3,ME.LO,3,LO,4,ME.LO,4
7171845,mixed,lat->FF,lat,FF,2,0,2,2282,119,5.679,20700,9.071,LO,3,2,2,"[MEL3, ME.LOL3] -> LOL3 -> [LO.PLPL4, LO.PVLPL4]",ME,3,ME.LO,3,LO.PLP,4,LO.PVLP,4
7036663,mixed,lat->FF,lat,FF,2,0,2,2282,2,1.0,11959,5.241,LO,3,2,2,"[LO.MEL3, MEL3] -> LOL3 -> [LO.LOPL4, ME.LOPL4]",LO.ME,3,ME,3,LO.LOP,4,ME.LOP,4
7034814,mixed,lat->FF,lat,FF,2,0,2,42,27,1.973,12007,285.881,LO.AVLP,3,2,2,"[LOL3, ME.LOL3] -> LO.AVLPL3 -> [AVLPL4, PVLP.AVLPL4]",LO,3,ME.LO,3,AVLP,4,PVLP.AVLP,4
6812960,mixed,lat->FF,lat,FF,2,0,2,1,1,1.0,2287,2287.0,MB_ML.MB_CA,3,2,2,"[MB_CA.MB_MLL3, MB_CA.MB_PEDL3] -> MB_ML.MB_CAL3 -> [PLP.MB_MLL4, PLP.MB_PEDL4]",MB_CA.MB_ML,3,MB_CA.MB_PED,3,PLP.MB_ML,4,PLP.MB_PED,4
6768720,mixed,lat->FF,lat,FF,2,0,2,1,1,1.0,2102,2102.0,MB_ML.MB_CA,3,2,2,"[MB_CA.MB_MLL3, PLP.CREL3] -> MB_ML.MB_CAL3 -> [PLP.CREL4, PLP.MB_PEDL4]",MB_CA.MB_ML,3,PLP.CRE,3,PLP.CRE,4,PLP.MB_PED,4
6725920,mixed,lat->FF,lat,FF,2,0,2,52,1,1.0,2267,43.596,MB_ML,3,2,2,"[MB_CA.MB_MLL3, MB_CA.MB_PEDL3] -> MB_MLL3 -> [MB_CA.MB_VLL4, PLP.MB_PEDL4]",MB_CA.MB_ML,3,MB_CA.MB_PED,3,MB_CA.MB_VL,4,PLP.MB_PED,4
6725920,mixed,lat->FF,lat,FF,2,0,2,52,1,1.0,2269,43.635,MB_ML,3,2,2,"[MB_CA.MB_MLL3, MB_CA.MB_PEDL3] -> MB_MLL3 -> [PLP.MB_PEDL4, SCL.MB_MLL4]",MB_CA.MB_ML,3,MB_CA.MB_PED,3,PLP.MB_PED,4,SCL.MB_ML,4
6725744,mixed,lat->FF,lat,FF,2,0,2,1,1,1.0,2556,2556.0,MB_ML.MB_CA,3,2,2,"[MB_CA.MB_MLL3, MB_CA.MB_VLL3] -> MB_ML.MB_CAL3 -> [CREL4, PLP.CREL4]",MB_CA.MB_ML,3,MB_CA.MB_VL,3,CRE,4,PLP.CRE,4
6725744,mixed,lat->FF,lat,FF,2,0,2,1,1,1.0,2427,2427.0,MB_ML.MB_CA,3,2,2,"[MB_CA.MB_MLL3, MB_CA.MB_VLL3] -> MB_ML.MB_CAL3 -> [MB_CA.MB_PEDL4, PLP.CREL4]",MB_CA.MB_ML,3,MB_CA.MB_VL,3,MB_CA.MB_PED,4,PLP.CRE,4
6725744,mixed,lat->FF,lat,FF,2,0,2,1,1,1.0,2428,2428.0,MB_ML.MB_CA,3,2,2,"[MB_CA.MB_MLL3, MB_CA.MB_VLL3] -> MB_ML.MB_CAL3 -> [PLP.CREL4, SCL.CREL4]",MB_CA.MB_ML,3,MB_CA.MB_VL,3,PLP.CRE,4,SCL.CRE,4
6725744,mixed,lat->FF,lat,FF,2,0,2,1,1,1.0,2429,2429.0,MB_ML.MB_CA,3,2,2,"[MB_CA.MB_MLL3, MB_CA.MB_VLL3] -> MB_ML.MB_CAL3 -> [PLP.CREL4, SCL.MB_MLL4]",MB_CA.MB_ML,3,MB_CA.MB_VL,3,PLP.CRE,4,SCL.MB_ML,4
6673907,mixed,lat->FF,lat,FF,2,0,2,35,4,1.0,1740,49.714,PVLP.LO,3,2,2,"[LO.PVLPL3, PVLPL3] -> PVLP.LOL3 -> [LO.PVLPL4, PVLP.LOL4]",LO.PVLP,3,PVLP,3,LO.PVLP,4,PVLP.LO,4
6618304,mixed,lat->FF,lat,FF,2,0,2,1,1,1.0,2296,2296.0,MB_ML.MB_CA,3,2,2,"[MB_CA.MB_MLL3, MB_CA.MB_PEDL3] -> MB_ML.MB_CAL3 -> [MB_MLL4, PLP.CREL4]",MB_CA.MB_ML,3,MB_CA.MB_PED,3,MB_ML,4,PLP.CRE,4
6529570,mixed,lat->FF,lat,FF,2,0,2,2282,49,1.812,19884,8.713,LO,3,2,2,"[MEL3, ME.LOL3] -> LOL3 -> [LO.AVLPL4, LO.PLPL4]",ME,3,ME.LO,3,LO.AVLP,4,LO.PLP,4
6482304,mixed,lat->FF,lat,FF,2,0,2,52,1,1.0,2049,39.404,MB_ML,3,2,2,"[MB_CA.MB_MLL3, PLP.MB_MLL3] -> MB_MLL3 -> [MB_CA.MB_MLL4, MB_CA.MB_VLL4]",MB_CA.MB_ML,3,PLP.MB_ML,3,MB_CA.MB_ML,4,MB_CA.MB_VL,4
6482304,mixed,lat->FF,lat,FF,2,0,2,52,1,1.0,2051,39.442,MB_ML,3,2,2,"[MB_CA.MB_MLL3, PLP.MB_MLL3] -> MB_MLL3 -> [MB_CA.MB_MLL4, SCL.MB_MLL4]",MB_CA.MB_ML,3,PLP.MB_ML,3,MB_CA.MB_ML,4,SCL.MB_ML,4
6389624,mixed,lat->FF,lat,FF,2,0,2,52,1,1.0,2602,50.038,MB_ML,3,2,2,"[MB_CA.MB_MLL3, MB_CA.MB_PEDL3] -> MB_MLL3 -> [LHL4, PLP.MB_MLL4]",MB_CA.MB_ML,3,MB_CA.MB_PED,3,LH,4,PLP.MB_ML,4
6389624,mixed,lat->FF,lat,FF,2,0,2,52,1,1.0,2264,43.538,MB_ML,3,2,2,"[MB_CA.MB_MLL3, MB_CA.MB_PEDL3] -> MB_MLL3 -> [MB_ML.SLPL4, PLP.MB_MLL4]",MB_CA.MB_ML,3,MB_CA.MB_PED,3,MB_ML.SLP,4,PLP.MB_ML,4
6389624,mixed,lat->FF,lat,FF,2,0,2,52,1,1.0,2308,44.385,MB_ML,3,2,2,"[MB_CA.MB_MLL3, MB_CA.MB_PEDL3] -> MB_MLL3 -> [PLP.MB_MLL4, PLP.SMPL4]",MB_CA.MB_ML,3,MB_CA.MB_PED,3,PLP.MB_ML,4,PLP.SMP,4
6389624,mixed,lat->FF,lat,FF,2,0,2,52,1,1.0,2264,43.538,MB_ML,3,2,2,"[MB_CA.MB_MLL3, MB_CA.MB_PEDL3] -> MB_MLL3 -> [PLP.MB_MLL4, SIP.MB_VLL4]",MB_CA.MB_ML,3,MB_CA.MB_PED,3,PLP.MB_ML,4,SIP.MB_VL,4
6310785,mixed,lat->FF,lat,FF,2,0,2,2282,42,1.914,20485,8.977,LO,3,2,2,"[MEL3, ME.LOL3] -> LOL3 -> [LO.AOTUL4, ME.LOL4]",ME,3,ME.LO,3,LO.AOTU,4,ME.LO,4
6138064,mixed,lat->FF,lat,FF,2,0,2,52,1,1.0,2116,40.692,MB_ML,3,2,2,"[MB_CA.CREL3, MB_CA.MB_MLL3] -> MB_MLL3 -> [MB_CA.MB_VLL4, PLP.MB_MLL4]",MB_CA.CRE,3,MB_CA.MB_ML,3,MB_CA.MB_VL,4,PLP.MB_ML,4
6138064,mixed,lat->FF,lat,FF,2,0,2,52,1,1.0,2118,40.731,MB_ML,3,2,2,"[MB_CA.CREL3, MB_CA.MB_MLL3] -> MB_MLL3 -> [PLP.MB_MLL4, SCL.MB_MLL4]",MB_CA.CRE,3,MB_CA.MB_ML,3,PLP.MB_ML,4,SCL.MB_ML,4
6119430,mixed,lat->FF,lat,FF,2,0,2,2282,1,1.0,5178,2.269,LO,3,2,2,"[FB.LOL3, LO.LOPL3] -> LOL3 -> [LO.LOPL4, ME.LOPL4]",FB.LO,3,LO.LOP,3,LO.LOP,4,ME.LOP,4
6053328,mixed,lat->FF,lat,FF,2,0,2,52,1,1.0,2470,47.5,MB_ML,3,2,2,"[MB_CA.MB_MLL3, MB_CA.MB_PEDL3] -> MB_MLL3 -> [FBL4, MB_CA.MB_MLL4]",MB_CA.MB_ML,3,MB_CA.MB_PED,3,FB,4,MB_CA.MB_ML,4
6053328,mixed,lat->FF,lat,FF,2,0,2,52,1,1.0,2277,43.788,MB_ML,3,2,2,"[MB_CA.MB_MLL3, MB_CA.MB_PEDL3] -> MB_MLL3 -> [ICL.MB_MLL4, MB_CA.MB_MLL4]",MB_CA.MB_ML,3,MB_CA.MB_PED,3,ICL.MB_ML,4,MB_CA.MB_ML,4
6053328,mixed,lat->FF,lat,FF,2,0,2,52,1,1.0,2277,43.788,MB_ML,3,2,2,"[MB_CA.MB_MLL3, MB_CA.MB_PEDL3] -> MB_MLL3 -> [MB_CA.MB_MLL4, MB_CA.SIPL4]",MB_CA.MB_ML,3,MB_CA.MB_PED,3,MB_CA.MB_ML,4,MB_CA.SIP,4
6053328,mixed,lat->FF,lat,FF,2,0,2,52,1,1.0,2279,43.827,MB_ML,3,2,2,"[MB_CA.MB_MLL3, MB_CA.MB_PEDL3] -> MB_MLL3 -> [MB_CA.MB_MLL4, MB_ML.CREL4]",MB_CA.MB_ML,3,MB_CA.MB_PED,3,MB_CA.MB_ML,4,MB_ML.CRE,4
6053328,mixed,lat->FF,lat,FF,2,0,2,52,1,1.0,2277,43.788,MB_ML,3,2,2,"[MB_CA.MB_MLL3, MB_CA.MB_PEDL3] -> MB_MLL3 -> [MB_CA.MB_MLL4, MB_ML.SMPL4]",MB_CA.MB_ML,3,MB_CA.MB_PED,3,MB_CA.MB_ML,4,MB_ML.SMP,4
6053328,mixed,lat->FF,lat,FF,2,0,2,52,1,1.0,2280,43.846,MB_ML,3,2,2,"[MB_CA.MB_MLL3, MB_CA.MB_PEDL3] -> MB_MLL3 -> [MB_CA.MB_MLL4, MB_VL.LHL4]",MB_CA.MB_ML,3,MB_CA.MB_PED,3,MB_CA.MB_ML,4,MB_VL.LH,4
6053328,mixed,lat->FF,lat,FF,2,0,2,52,1,1.0,2277,43.788,MB_ML,3,2,2,"[MB_CA.MB_MLL3, MB_CA.MB_PEDL3] -> MB_MLL3 -> [MB_CA.MB_MLL4, MB_VL.SIPL4]",MB_CA.MB_ML,3,MB_CA.MB_PED,3,MB_CA.MB_ML,4,MB_VL.SIP,4
6053328,mixed,lat->FF,lat,FF,2,0,2,52,1,1.0,2329,44.788,MB_ML,3,2,2,"[MB_CA.MB_MLL3, MB_CA.MB_PEDL3] -> MB_MLL3 -> [MB_CA.MB_MLL4, PLP.SLPL4]",MB_CA.MB_ML,3,MB_CA.MB_PED,3,MB_CA.MB_ML,4,PLP.SLP,4
6053328,mixed,lat->FF,lat,FF,2,0,2,52,1,1.0,2277,43.788,MB_ML,3,2,2,"[MB_CA.MB_MLL3, MB_CA.MB_PEDL3] -> MB_MLL3 -> [MB_CA.MB_MLL4, SMP.MB_VLL4]",MB_CA.MB_ML,3,MB_CA.MB_PED,3,MB_CA.MB_ML,4,SMP.MB_VL,4
5971812,mixed,lat->FF,lat,FF,2,0,2,2282,1,1.0,6427,2.816,LO,3,2,2,"[LO.PLPL3, ME.LOPL3] -> LOL3 -> [LO.LOPL4, MEL4]",LO.PLP,3,ME.LOP,3,LO.LOP,4,ME,4
5971812,mixed,lat->FF,lat,FF,2,0,2,2282,1,1.0,6333,2.775,LO,3,2,2,"[LOP.LOL3, ME.LOPL3] -> LOL3 -> [LO.LOPL4, MEL4]",LOP.LO,3,ME.LOP,3,LO.LOP,4,ME,4
5971812,mixed,lat->FF,lat,FF,2,0,2,2282,1,1.0,6246,2.737,LO,3,2,2,"[ME.LOPL3, PVLP.LOL3] -> LOL3 -> [LO.LOPL4, MEL4]",ME.LOP,3,PVLP.LO,3,LO.LOP,4,ME,4
918103777554,mixed,lat->mix,lat,mix,1,0,3,2282,4,1.588,19405,8.504,LO,3,2,2,"[MEL3, ME.LOPL3] -> LOL3 -> [LO.LOPL3, LO.LOPL4]",ME,3,ME.LOP,3,LO.LOP,3,LO.LOP,4
558288785643,mixed,lat->mix,lat,mix,1,0,3,2282,5,1.521,19405,8.504,LO,3,2,2,"[LO.LOPL3, MEL3] -> LOL3 -> [LO.LOPL4, ME.LOPL3]",LO.LOP,3,ME,3,LO.LOP,4,ME.LOP,3
172294874606,mixed,lat->mix,lat,mix,1,0,3,2282,4,1.129,17560,7.695,LO,3,2,2,"[ME.LOL3, ME.LOPL3] -> LOL3 -> [LO.LOPL3, LO.LOPL4]",ME.LO,3,ME.LOP,3,LO.LOP,3,LO.LOP,4
107483752239,mixed,lat->mix,lat,mix,1,0,3,2282,5,1.112,17560,7.695,LO,3,2,2,"[LO.LOPL3, ME.LOL3] -> LOL3 -> [LO.LOPL4, ME.LOPL3]",LO.LOP,3,ME.LO,3,LO.LOP,4,ME.LOP,3
105292258584,mixed,lat->mix,lat,mix,1,0,3,2282,2,1.959,18588,8.145,LO,3,2,2,"[MEL3, ME.LOPL3] -> LOL3 -> [LO.LOPL3, ME.LOPL4]",ME,3,ME.LOP,3,LO.LOP,3,ME.LOP,4
86371117420,mixed,lat->mix,lat,mix,1,0,3,2282,3,1.076,19405,8.504,LO,3,2,2,"[LO.LOPL3, ME.LOPL3] -> LOL3 -> [LO.LOPL4, MEL3]",LO.LOP,3,ME.LOP,3,LO.LOP,4,ME,3
70646190160,mixed,lat->mix,lat,mix,1,0,3,2282,3,1.11,17560,7.695,LO,3,2,2,"[LO.LOPL3, ME.LOPL3] -> LOL3 -> [LO.LOPL4, ME.LOL3]",LO.LOP,3,ME.LOP,3,LO.LOP,4,ME.LO,3
70434443688,mixed,lat->mix,lat,mix,1,0,3,2282,11,1.155,24611,10.785,LO,3,2,2,"[MEL3, ME.LOL3] -> LOL3 -> [LO.LOPL3, LO.LOPL4]",ME,3,ME.LO,3,LO.LOP,3,LO.LOP,4
63919665528,mixed,lat->mix,lat,mix,1,0,3,2282,8,1.108,24187,10.599,LO,3,2,2,"[MEL3, ME.LOL3] -> LOL3 -> [LO.LOPL4, ME.LOPL3]",ME,3,ME.LO,3,LO.LOP,4,ME.LOP,3
62385075360,mixed,lat->mix,lat,mix,1,0,3,2282,2,1.912,18588,8.145,LO,3,2,2,"[LO.LOPL3, MEL3] -> LOL3 -> [ME.LOPL3, ME.LOPL4]",LO.LOP,3,ME,3,ME.LOP,3,ME.LOP,4
58731408055,mixed,lat->mix,lat,mix,1,0,3,2282,8,1.179,19609,8.593,LO,3,2,2,"[MEL3, ME.LOPL3] -> LOL3 -> [LOL4, LO.LOPL3]",ME,3,ME.LOP,3,LO,4,LO.LOP,3
42014107656,mixed,lat->mix,lat,mix,1,0,3,2282,4,1.106,24187,10.599,LO,3,2,2,"[MEL3, ME.LOPL3] -> LOL3 -> [LO.LOPL4, ME.LOL3]",ME,3,ME.LOP,3,LO.LOP,4,ME.LO,3
36528959962,mixed,lat->mix,lat,mix,1,0,3,2282,5,1.155,19609,8.593,LO,3,2,2,"[LO.LOPL3, MEL3] -> LOL3 -> [LOL4, ME.LOPL3]",LO.LOP,3,ME,3,LO,4,ME.LOP,3
28830396486,mixed,lat->mix,lat,mix,1,0,3,2282,3,1.131,24611,10.785,LO,3,2,2,"[LO.LOPL3, MEL3] -> LOL3 -> [LO.LOPL4, ME.LOL3]",LO.LOP,3,ME,3,LO.LOP,4,ME.LO,3
16170823536,mixed,lat->mix,lat,mix,1,0,3,2282,2,1.292,16743,7.337,LO,3,2,2,"[ME.LOL3, ME.LOPL3] -> LOL3 -> [LO.LOPL3, ME.LOPL4]",ME.LO,3,ME.LOP,3,LO.LOP,3,ME.LOP,4
12803172293,mixed,lat->mix,lat,mix,1,0,3,2282,9,1.036,17764,7.784,LO,3,2,2,"[ME.LOL3, ME.LOPL3] -> LOL3 -> [LOL4, LO.LOPL3]",ME.LO,3,ME.LOP,3,LO,4,LO.LOP,3
11659953120,mixed,lat->mix,lat,mix,1,0,3,2282,4,1.015,24187,10.599,LO,3,2,2,"[ME.LOL3, ME.LOPL3] -> LOL3 -> [LO.LOPL4, MEL3]",ME.LO,3,ME.LOP,3,LO.LOP,4,ME,3
9992556000,mixed,lat->mix,lat,mix,1,0,3,2282,2,1.254,16743,7.337,LO,3,2,2,"[LO.LOPL3, ME.LOL3] -> LOL3 -> [ME.LOPL3, ME.LOPL4]",LO.LOP,3,ME.LO,3,ME.LOP,3,ME.LOP,4
8034401395,mixed,lat->mix,lat,mix,1,0,3,2282,6,1.031,17764,7.784,LO,3,2,2,"[LO.LOPL3, ME.LOL3] -> LOL3 -> [LOL4, ME.LOPL3]",LO.LOP,3,ME.LO,3,LO,4,ME.LOP,3
7918609918,mixed,lat->mix,lat,mix,1,0,3,2282,5,1.018,24611,10.785,LO,3,2,2,"[LO.LOPL3, ME.LOL3] -> LOL3 -> [LO.LOPL4, MEL3]",LO.LOP,3,ME.LO,3,LO.LOP,4,ME,3
7867929672,mixed,lat->mix,lat,mix,1,0,3,2282,2,1.173,18588,8.145,LO,3,2,2,"[LO.LOPL3, ME.LOPL3] -> LOL3 -> [MEL3, ME.LOPL4]",LO.LOP,3,ME.LOP,3,ME,3,ME.LOP,4
7607725618,mixed,lat->mix,lat,mix,1,0,3,2282,8,1.368,20046,8.784,LO,3,2,2,"[MEL3, ME.LOPL3] -> LOL3 -> [LO.LOPL3, MEL4]",ME,3,ME.LOP,3,LO.LOP,3,ME,4
6700036551,mixed,lat->mix,lat,mix,1,0,3,2282,3,1.347,23794,10.427,LO,3,2,2,"[MEL3, ME.LOL3] -> LOL3 -> [LO.LOPL3, ME.LOPL4]",ME,3,ME.LO,3,LO.LOP,3,ME.LOP,4
6560110980,mixed,lat->mix,lat,mix,1,0,3,2282,2,1.249,16743,7.337,LO,3,2,2,"[LO.LOPL3, ME.LOPL3] -> LOL3 -> [ME.LOL3, ME.LOPL4]",LO.LOP,3,ME.LOP,3,ME.LO,3,ME.LOP,4
6536556673,mixed,lat->mix,lat,mix,1,0,3,2282,8,1.021,19609,8.593,LO,3,2,2,"[LO.LOPL3, ME.LOPL3] -> LOL3 -> [LOL4, MEL3]",LO.LOP,3,ME.LOP,3,LO,4,ME,3
5929727520,mixed,lat->mix,lat,mix,1,0,3,2282,2,1.246,23370,10.241,LO,3,2,2,"[MEL3, ME.LOL3] -> LOL3 -> [ME.LOPL3, ME.LOPL4]",ME,3,ME.LO,3,ME.LOP,3,ME.LOP,4
5284629866,mixed,lat->mix,lat,mix,1,0,3,2282,5,1.031,17764,7.784,LO,3,2,2,"[LO.LOPL3, ME.LOPL3] -> LOL3 -> [LOL4, ME.LOL3]",LO.LOP,3,ME.LOP,3,LO,4,ME.LO,3
5189858762,mixed,lat->mix,lat,mix,1,0,3,2282,21,1.043,24815,10.874,LO,3,2,2,"[MEL3, ME.LOL3] -> LOL3 -> [LOL4, LO.LOPL3]",ME,3,ME.LO,3,LO,4,LO.LOP,3
4784598020,mixed,lat->mix,lat,mix,1,0,3,2282,24,1.03,24391,10.688,LO,3,2,2,"[MEL3, ME.LOL3] -> LOL3 -> [LOL4, ME.LOPL3]",ME,3,ME.LO,3,LO,4,ME.LOP,3
4681619198,mixed,lat->mix,lat,mix,1,0,3,2282,6,1.321,20046,8.784,LO,3,2,2,"[LO.LOPL3, MEL3] -> LOL3 -> [MEL4, ME.LOPL3]",LO.LOP,3,ME,3,ME,4,ME.LOP,3
3893131644,mixed,lat->mix,lat,mix,1,0,3,2282,2,1.241,23370,10.241,LO,3,2,2,"[MEL3, ME.LOPL3] -> LOL3 -> [ME.LOL3, ME.LOPL4]",ME,3,ME.LOP,3,ME.LO,3,ME.LOP,4
3146938677,mixed,lat->mix,lat,mix,1,0,3,2282,16,1.03,24391,10.688,LO,3,2,2,"[MEL3, ME.LOPL3] -> LOL3 -> [LOL4, ME.LOL3]",ME,3,ME.LOP,3,LO,4,ME.LO,3
2708798436,mixed,lat->mix,lat,mix,1,0,3,2282,2,1.297,23794,10.427,LO,3,2,2,"[LO.LOPL3, MEL3] -> LOL3 -> [ME.LOL3, ME.LOPL4]",LO.LOP,3,ME,3,ME.LO,3,ME.LOP,4
2140926914,mixed,lat->mix,lat,mix,1,0,3,2282,13,1.037,24815,10.874,LO,3,2,2,"[LO.LOPL3, MEL3] -> LOL3 -> [LOL4, ME.LOL3]",LO.LOP,3,ME,3,LO,4,ME.LO,3
1548890991,mixed,lat->mix,lat,mix,1,0,3,2282,8,1.076,18201,7.976,LO,3,2,2,"[ME.LOL3, ME.LOPL3] -> LOL3 -> [LO.LOPL3, MEL4]",ME.LO,3,ME.LOP,3,LO.LOP,3,ME,4
1526224580,mixed,lat->mix,lat,mix,1,0,3,2282,2,1.0,8818,3.864,LO,3,2,2,"[LOP.LOL3, ME.LOPL3] -> LOL3 -> [LO.LOPL3, LO.LOPL4]",LOP.LO,3,ME.LOP,3,LO.LOP,3,LO.LOP,4
1526224524,mixed,lat->mix,lat,mix,1,0,3,2282,1,1.0,8912,3.905,LO,3,2,2,"[LO.PLPL3, ME.LOPL3] -> LOL3 -> [LO.LOPL3, LO.LOPL4]",LO.PLP,3,ME.LOP,3,LO.LOP,3,LO.LOP,4
1526224524,mixed,lat->mix,lat,mix,1,0,3,2282,1,1.0,8731,3.826,LO,3,2,2,"[ME.LOPL3, PVLP.LOL3] -> LOL3 -> [LO.LOPL3, LO.LOPL4]",ME.LOP,3,PVLP.LO,3,LO.LOP,3,LO.LOP,4
1217343944,mixed,lat->mix,lat,mix,1,0,3,2282,11,1.0,19321,8.467,LO,3,2,2,"[MEL3, ME.LOPL3] -> LOL3 -> [LO.LOPL3, LO.PVLPL4]",ME,3,ME.LOP,3,LO.LOP,3,LO.PVLP,4
1023503520,mixed,lat->mix,lat,mix,1,0,3,2282,2,1.034,23370,10.241,LO,3,2,2,"[ME.LOL3, ME.LOPL3] -> LOL3 -> [MEL3, ME.LOPL4]",ME.LO,3,ME.LOP,3,ME,3,ME.LOP,4
969469102,mixed,lat->mix,lat,mix,1,0,3,2282,6,1.066,18201,7.976,LO,3,2,2,"[LO.LOPL3, ME.LOL3] -> LOL3 -> [MEL4, ME.LOPL3]",LO.LOP,3,ME.LO,3,ME,4,ME.LOP,3
960074292,mixed,lat->mix,lat,mix,1,0,3,2282,2,1.0,8818,3.864,LO,3,2,2,"[LO.LOPL3, LOP.LOL3] -> LOL3 -> [LO.LOPL4, ME.LOPL3]",LO.LOP,3,LOP.LO,3,LO.LOP,4,ME.LOP,3
960074280,mixed,lat->mix,lat,mix,1,0,3,2282,1,1.0,8912,3.905,LO,3,2,2,"[LO.LOPL3, LO.PLPL3] -> LOL3 -> [LO.LOPL4, ME.LOPL3]",LO.LOP,3,LO.PLP,3,LO.LOP,4,ME.LOP,3
960074280,mixed,lat->mix,lat,mix,1,0,3,2282,1,1.0,8731,3.826,LO,3,2,2,"[LO.LOPL3, PVLP.LOL3] -> LOL3 -> [LO.LOPL4, ME.LOPL3]",LO.LOP,3,PVLP.LO,3,LO.LOP,4,ME.LOP,3
901674832,mixed,lat->mix,lat,mix,1,0,3,2282,21,1.004,24391,10.688,LO,3,2,2,"[ME.LOL3, ME.LOPL3] -> LOL3 -> [LOL4, MEL3]",ME.LO,3,ME.LOP,3,LO,4,ME,3
876256200,mixed,lat->mix,lat,mix,1,0,3,2282,1,1.0,8851,3.879,LO,3,2,2,"[LO.MEL3, ME.LOPL3] -> LOL3 -> [LO.LOPL3, LO.LOPL4]",LO.ME,3,ME.LOP,3,LO.LOP,3,LO.LOP,4
784502994,mixed,lat->mix,lat,mix,1,0,3,2282,3,1.045,20046,8.784,LO,3,2,2,"[LO.LOPL3, ME.LOPL3] -> LOL3 -> [MEL3, MEL4]",LO.LOP,3,ME.LOP,3,ME,3,ME,4
696651552,mixed,lat->mix,lat,mix,1,0,3,2282,2,1.042,23794,10.427,LO,3,2,2,"[LO.LOPL3, ME.LOL3] -> LOL3 -> [MEL3, ME.LOPL4]",LO.LOP,3,ME.LO,3,ME,3,ME.LOP,4
661708015,mixed,lat->mix,lat,mix,1,0,3,2282,7,1.0,19321,8.467,LO,3,2,2,"[LO.LOPL3, MEL3] -> LOL3 -> [LO.PVLPL4, ME.LOPL3]",LO.LOP,3,ME,3,LO.PVLP,4,ME.LOP,3
650074392,mixed,lat->mix,lat,mix,1,0,3,2282,1,1.0,9044,3.963,LO,3,2,2,"[LO.LOPL3, ME.LOPL3] -> LOL3 -> [LO.LOPL4, LOP.PLPL3]",LO.LOP,3,ME.LOP,3,LO.LOP,4,LOP.PLP,3
647706096,mixed,lat->mix,lat,mix,1,0,3,52,1,1.0,2696,51.846,MB_ML,3,2,2,"[MB_CA.MB_MLL3, MB_CA.MB_PEDL3] -> MB_MLL3 -> [MB_CA.MB_MLL4, MB_CA.MB_VLL3]",MB_CA.MB_ML,3,MB_CA.MB_PED,3,MB_CA.MB_ML,4,MB_CA.MB_VL,3
647706096,mixed,lat->mix,lat,mix,1,0,3,52,1,1.0,2696,51.846,MB_ML,3,2,2,"[MB_CA.MB_MLL3, MB_CA.MB_VLL3] -> MB_MLL3 -> [MB_CA.MB_MLL4, MB_CA.MB_PEDL3]",MB_CA.MB_ML,3,MB_CA.MB_VL,3,MB_CA.MB_ML,4,MB_CA.MB_PED,3
647706096,mixed,lat->mix,lat,mix,1,0,3,52,1,1.0,2696,51.846,MB_ML,3,2,2,"[MB_CA.MB_PEDL3, MB_CA.MB_VLL3] -> MB_MLL3 -> [MB_CA.MB_MLL3, MB_CA.MB_MLL4]",MB_CA.MB_PED,3,MB_CA.MB_VL,3,MB_CA.MB_ML,3,MB_CA.MB_ML,4
637465896,mixed,lat->mix,lat,mix,1,0,3,2282,3,1.065,18201,7.976,LO,3,2,2,"[LO.LOPL3, ME.LOPL3] -> LOL3 -> [MEL4, ME.LOL3]",LO.LOP,3,ME.LOP,3,ME,4,ME.LO,3
630248727,mixed,lat->mix,lat,mix,1,0,3,2282,18,1.091,25252,11.066,LO,3,2,2,"[MEL3, ME.LOL3] -> LOL3 -> [LO.LOPL3, MEL4]",ME,3,ME.LO,3,LO.LOP,3,ME,4
616464774,mixed,lat->mix,lat,mix,1,0,3,2282,2,1.0,15869,6.954,LO,3,2,2,"[LOP.LOL3, MEL3] -> LOL3 -> [LO.LOPL3, LO.LOPL4]",LOP.LO,3,ME,3,LO.LOP,3,LO.LOP,4
616464361,mixed,lat->mix,lat,mix,1,0,3,2282,2,1.0,15782,6.916,LO,3,2,2,"[MEL3, PVLP.LOL3] -> LOL3 -> [LO.LOPL3, LO.LOPL4]",ME,3,PVLP.LO,3,LO.LOP,3,LO.LOP,4
616464354,mixed,lat->mix,lat,mix,1,0,3,2282,1,1.0,15963,6.995,LO,3,2,2,"[LO.PLPL3, MEL3] -> LOL3 -> [LO.LOPL3, LO.LOPL4]",LO.PLP,3,ME,3,LO.LOP,3,LO.LOP,4
611544800,mixed,lat->mix,lat,mix,1,0,3,2282,15,1.005,24815,10.874,LO,3,2,2,"[LO.LOPL3, ME.LOL3] -> LOL3 -> [LOL4, MEL3]",LO.LOP,3,ME.LO,3,LO,4,ME,3
577034873,mixed,lat->mix,lat,mix,1,0,3,2282,20,1.064,24828,10.88,LO,3,2,2,"[MEL3, ME.LOL3] -> LOL3 -> [MEL4, ME.LOPL3]",ME,3,ME.LO,3,ME,4,ME.LOP,3
572012940,mixed,lat->mix,lat,mix,1,0,3,2282,2,1.0,15445,6.768,LO,3,2,2,"[LOP.LOL3, MEL3] -> LOL3 -> [LO.LOPL4, ME.LOPL3]",LOP.LO,3,ME,3,LO.LOP,4,ME.LOP,3
572012767,mixed,lat->mix,lat,mix,1,0,3,2282,2,1.0,15358,6.73,LO,3,2,2,"[MEL3, PVLP.LOL3] -> LOL3 -> [LO.LOPL4, ME.LOPL3]",ME,3,PVLP.LO,3,LO.LOP,4,ME.LOP,3
572012760,mixed,lat->mix,lat,mix,1,0,3,2282,1,1.0,15539,6.809,LO,3,2,2,"[LO.PLPL3, MEL3] -> LOL3 -> [LO.LOPL4, ME.LOPL3]",LO.PLP,3,ME,3,LO.LOP,4,ME.LOP,3
517882288,mixed,lat->mix,lat,mix,1,0,3,1,1,1.0,2703,2703.0,MB_ML.MB_CA,3,2,2,"[MB_CA.MB_MLL3, MB_CA.MB_PEDL3] -> MB_ML.MB_CAL3 -> [MB_CA.MB_VLL3, PLP.CREL4]",MB_CA.MB_ML,3,MB_CA.MB_PED,3,MB_CA.MB_VL,3,PLP.CRE,4
517882288,mixed,lat->mix,lat,mix,1,0,3,1,1,1.0,2703,2703.0,MB_ML.MB_CA,3,2,2,"[MB_CA.MB_PEDL3, MB_CA.MB_VLL3] -> MB_ML.MB_CAL3 -> [MB_CA.MB_MLL3, PLP.CREL4]",MB_CA.MB_PED,3,MB_CA.MB_VL,3,MB_CA.MB_ML,3,PLP.CRE,4
514519416,mixed,lat->mix,lat,mix,1,0,3,1,1,1.0,2703,2703.0,MB_ML.MB_CA,3,2,2,"[MB_CA.MB_MLL3, MB_CA.MB_VLL3] -> MB_ML.MB_CAL3 -> [MB_CA.MB_PEDL3, PLP.CREL4]",MB_CA.MB_ML,3,MB_CA.MB_VL,3,MB_CA.MB_PED,3,PLP.CRE,4
476323200,mixed,lat->mix,lat,mix,1,0,3,2282,1,1.0,8851,3.879,LO,3,2,2,"[LO.LOPL3, LO.MEL3] -> LOL3 -> [LO.LOPL4, ME.LOPL3]",LO.LOP,3,LO.ME,3,LO.LOP,4,ME.LOP,3
438128100,mixed,lat->mix,lat,mix,1,0,3,2282,1,1.0,8697,3.811,LO,3,2,2,"[FB.LOL3, ME.LOPL3] -> LOL3 -> [LO.LOPL3, LO.LOPL4]",FB.LO,3,ME.LOP,3,LO.LOP,3,LO.LOP,4
426491296,mixed,lat->mix,lat,mix,1,0,3,1,1,1.0,2682,2682.0,MB_ML.MB_CA,3,2,2,"[MB_CA.MB_MLL3, MB_CA.MB_PEDL3] -> MB_ML.MB_CAL3 -> [MB_CA.MB_VLL3, PLP.MB_PEDL4]",MB_CA.MB_ML,3,MB_CA.MB_PED,3,MB_CA.MB_VL,3,PLP.MB_PED,4
426491296,mixed,lat->mix,lat,mix,1,0,3,1,1,1.0,2682,2682.0,MB_ML.MB_CA,3,2,2,"[MB_CA.MB_PEDL3, MB_CA.MB_VLL3] -> MB_ML.MB_CAL3 -> [MB_CA.MB_MLL3, PLP.MB_PEDL4]",MB_CA.MB_PED,3,MB_CA.MB_VL,3,MB_CA.MB_ML,3,PLP.MB_PED,4
425023854,mixed,lat->mix,lat,mix,0,1,3,109,3,2.213,11687,107.22,PVLP.LO,4,2,2,"[AVLPL4, LO.PVLPL4] -> PVLP.LOL4 -> [LOL4, ME.LOL3]",AVLP,4,LO.PVLP,4,LO,4,ME.LO,3
424101419,mixed,lat->mix,lat,mix,1,0,3,2282,3,1.0,15902,6.968,LO,3,2,2,"[LO.MEL3, MEL3] -> LOL3 -> [LO.LOPL3, LO.LOPL4]",LO.ME,3,ME,3,LO.LOP,3,LO.LOP,4
423721872,mixed,lat->mix,lat,mix,1,0,3,1,1,1.0,2682,2682.0,MB_ML.MB_CA,3,2,2,"[MB_CA.MB_MLL3, MB_CA.MB_VLL3] -> MB_ML.MB_CAL3 -> [MB_CA.MB_PEDL3, PLP.MB_PEDL4]",MB_CA.MB_ML,3,MB_CA.MB_VL,3,MB_CA.MB_PED,3,PLP.MB_PED,4
387314664,mixed,lat->mix,lat,mix,1,0,3,2282,1,1.0,15671,6.867,LO,3,2,2,"[MEL3, ME.LOPL3] -> LOL3 -> [LO.LOPL4, LOP.PLPL3]",ME,3,ME.LOP,3,LO.LOP,4,LOP.PLP,3
386055744,mixed,lat->mix,lat,mix,1,0,3,35,1,1.0,10495,299.857,PVLP.LO,3,2,2,"[LO.PVLPL3, PVLPL3] -> PVLP.LOL3 -> [LO.PVLPL4, ME.LOL3]",LO.PVLP,3,PVLP,3,LO.PVLP,4,ME.LO,3
379389832,mixed,lat->mix,lat,mix,1,0,3,2282,12,1.062,24828,10.88,LO,3,2,2,"[MEL3, ME.LOPL3] -> LOL3 -> [MEL4, ME.LOL3]",ME,3,ME.LOP,3,ME,4,ME.LO,3
369253008,mixed,lat->mix,lat,mix,1,0,3,52,1,1.0,2406,46.269,MB_ML,3,2,2,"[MB_CA.CREL3, MB_CA.MB_MLL3] -> MB_MLL3 -> [MB_CA.MB_MLL4, MB_CA.MB_PEDL3]",MB_CA.CRE,3,MB_CA.MB_ML,3,MB_CA.MB_ML,4,MB_CA.MB_PED,3
369253008,mixed,lat->mix,lat,mix,1,0,3,52,1,1.0,2406,46.269,MB_ML,3,2,2,"[MB_CA.CREL3, MB_CA.MB_PEDL3] -> MB_MLL3 -> [MB_CA.MB_MLL3, MB_CA.MB_MLL4]",MB_CA.CRE,3,MB_CA.MB_PED,3,MB_CA.MB_ML,3,MB_CA.MB_ML,4
369253008,mixed,lat->mix,lat,mix,1,0,3,52,1,1.0,2406,46.269,MB_ML,3,2,2,"[MB_CA.MB_MLL3, MB_CA.MB_PEDL3] -> MB_MLL3 -> [MB_CA.CREL3, MB_CA.MB_MLL4]",MB_CA.MB_ML,3,MB_CA.MB_PED,3,MB_CA.CRE,3,MB_CA.MB_ML,4
341844884,mixed,lat->mix,lat,mix,1,0,3,52,1,1.0,2682,51.577,MB_ML,3,2,2,"[MB_CA.MB_MLL3, MB_CA.MB_PEDL3] -> MB_MLL3 -> [MB_CA.MB_VLL3, PLP.MB_MLL4]",MB_CA.MB_ML,3,MB_CA.MB_PED,3,MB_CA.MB_VL,3,PLP.MB_ML,4
341844884,mixed,lat->mix,lat,mix,1,0,3,52,1,1.0,2682,51.577,MB_ML,3,2,2,"[MB_CA.MB_MLL3, MB_CA.MB_VLL3] -> MB_MLL3 -> [MB_CA.MB_PEDL3, PLP.MB_MLL4]",MB_CA.MB_ML,3,MB_CA.MB_VL,3,MB_CA.MB_PED,3,PLP.MB_ML,4
341844884,mixed,lat->mix,lat,mix,1,0,3,52,1,1.0,2682,51.577,MB_ML,3,2,2,"[MB_CA.MB_PEDL3, MB_CA.MB_VLL3] -> MB_MLL3 -> [MB_CA.MB_MLL3, PLP.MB_MLL4]",MB_CA.MB_PED,3,MB_CA.MB_VL,3,MB_CA.MB_ML,3,PLP.MB_ML,4
311102928,mixed,lat->mix,lat,mix,1,0,3,52,1,1.0,2545,48.942,MB_ML,3,2,2,"[MB_CA.CREL3, MB_CA.MB_MLL3] -> MB_MLL3 -> [MB_CA.MB_MLL4, MB_CA.MB_VLL3]",MB_CA.CRE,3,MB_CA.MB_ML,3,MB_CA.MB_ML,4,MB_CA.MB_VL,3
311102928,mixed,lat->mix,lat,mix,1,0,3,52,1,1.0,2545,48.942,MB_ML,3,2,2,"[MB_CA.CREL3, MB_CA.MB_VLL3] -> MB_MLL3 -> [MB_CA.MB_MLL3, MB_CA.MB_MLL4]",MB_CA.CRE,3,MB_CA.MB_VL,3,MB_CA.MB_ML,3,MB_CA.MB_ML,4
311102928,mixed,lat->mix,lat,mix,1,0,3,52,1,1.0,2545,48.942,MB_ML,3,2,2,"[MB_CA.MB_MLL3, MB_CA.MB_VLL3] -> MB_MLL3 -> [MB_CA.CREL3, MB_CA.MB_MLL4]",MB_CA.MB_ML,3,MB_CA.MB_VL,3,MB_CA.CRE,3,MB_CA.MB_ML,4
309423094,mixed,lat->mix,lat,mix,0,1,3,109,6,2.658,11035,101.239,PVLP.LO,4,2,2,"[LO.PVLPL4, PVLPL4] -> PVLP.LOL4 -> [LOL4, ME.LOL3]",LO.PVLP,4,PVLP,4,LO,4,ME.LO,3
273859200,mixed,lat->mix,lat,mix,1,0,3,2282,1,1.0,15478,6.783,LO,3,2,2,"[LO.MEL3, MEL3] -> LOL3 -> [LO.LOPL4, ME.LOPL3]",LO.ME,3,ME,3,LO.LOP,4,ME.LOP,3
262574534,mixed,lat->mix,lat,mix,1,0,3,2282,2,1.0,16095,7.053,LO,3,2,2,"[LO.LOPL3, MEL3] -> LOL3 -> [LO.LOPL4, LOP.PLPL3]",LO.LOP,3,ME,3,LO.LOP,4,LOP.PLP,3
259078891,mixed,lat->mix,lat,mix,1,0,3,2282,6,1.077,25252,11.066,LO,3,2,2,"[LO.LOPL3, MEL3] -> LOL3 -> [MEL4, ME.LOL3]",LO.LOP,3,ME,3,ME,4,ME.LO,3
238161600,mixed,lat->mix,lat,mix,1,0,3,2282,1,1.0,8697,3.811,LO,3,2,2,"[FB.LOL3, LO.LOPL3] -> LOL3 -> [LO.LOPL4, ME.LOPL3]",FB.LO,3,LO.LOP,3,LO.LOP,4,ME.LOP,3
232038168,mixed,lat->mix,lat,mix,1,0,3,1,1,1.0,2552,2552.0,MB_ML.MB_CA,3,2,2,"[MB_CA.CREL3, MB_CA.MB_MLL3] -> MB_ML.MB_CAL3 -> [MB_CA.MB_VLL3, PLP.CREL4]",MB_CA.CRE,3,MB_CA.MB_ML,3,MB_CA.MB_VL,3,PLP.CRE,4
232038168,mixed,lat->mix,lat,mix,1,0,3,1,1,1.0,2552,2552.0,MB_ML.MB_CA,3,2,2,"[MB_CA.CREL3, MB_CA.MB_VLL3] -> MB_ML.MB_CAL3 -> [MB_CA.MB_MLL3, PLP.CREL4]",MB_CA.CRE,3,MB_CA.MB_VL,3,MB_CA.MB_ML,3,PLP.CRE,4
232038168,mixed,lat->mix,lat,mix,1,0,3,1,1,1.0,2552,2552.0,MB_ML.MB_CA,3,2,2,"[MB_CA.MB_MLL3, MB_CA.MB_VLL3] -> MB_ML.MB_CAL3 -> [MB_CA.CREL3, PLP.CREL4]",MB_CA.MB_ML,3,MB_CA.MB_VL,3,MB_CA.CRE,3,PLP.CRE,4
212050700,mixed,lat->mix,lat,mix,1,0,3,2282,1,1.0,15748,6.901,LO,3,2,2,"[FB.LOL3, MEL3] -> LOL3 -> [LO.LOPL3, LO.LOPL4]",FB.LO,3,ME,3,LO.LOP,3,LO.LOP,4
205813152,mixed,lat->mix,lat,mix,1,0,3,52,1,1.0,2325,44.712,MB_ML,3,2,2,"[MB_CA.MB_MLL3, MB_CA.MB_PEDL3] -> MB_MLL3 -> [MB_CA.MB_MLL4, PLP.MB_MLL3]",MB_CA.MB_ML,3,MB_CA.MB_PED,3,MB_CA.MB_ML,4,PLP.MB_ML,3
205813152,mixed,lat->mix,lat,mix,1,0,3,52,1,1.0,2325,44.712,MB_ML,3,2,2,"[MB_CA.MB_MLL3, PLP.MB_MLL3] -> MB_MLL3 -> [MB_CA.MB_MLL4, MB_CA.MB_PEDL3]",MB_CA.MB_ML,3,PLP.MB_ML,3,MB_CA.MB_ML,4,MB_CA.MB_PED,3
205813152,mixed,lat->mix,lat,mix,1,0,3,52,1,1.0,2325,44.712,MB_ML,3,2,2,"[MB_CA.MB_PEDL3, PLP.MB_MLL3] -> MB_MLL3 -> [MB_CA.MB_MLL3, MB_CA.MB_MLL4]",MB_CA.MB_PED,3,PLP.MB_ML,3,MB_CA.MB_ML,3,MB_CA.MB_ML,4
194883532,mixed,lat->mix,lat,mix,1,0,3,52,1,1.0,2392,46.0,MB_ML,3,2,2,"[MB_CA.CREL3, MB_CA.MB_MLL3] -> MB_MLL3 -> [MB_CA.MB_PEDL3, PLP.MB_MLL4]",MB_CA.CRE,3,MB_CA.MB_ML,3,MB_CA.MB_PED,3,PLP.MB_ML,4
194883532,mixed,lat->mix,lat,mix,1,0,3,52,1,1.0,2392,46.0,MB_ML,3,2,2,"[MB_CA.CREL3, MB_CA.MB_PEDL3] -> MB_MLL3 -> [MB_CA.MB_MLL3, PLP.MB_MLL4]",MB_CA.CRE,3,MB_CA.MB_PED,3,MB_CA.MB_ML,3,PLP.MB_ML,4
194883532,mixed,lat->mix,lat,mix,1,0,3,52,1,1.0,2392,46.0,MB_ML,3,2,2,"[MB_CA.MB_MLL3, MB_CA.MB_PEDL3] -> MB_MLL3 -> [MB_CA.CREL3, PLP.MB_MLL4]",MB_CA.MB_ML,3,MB_CA.MB_PED,3,MB_CA.CRE,3,PLP.MB_ML,4
191090256,mixed,lat->mix,lat,mix,1,0,3,1,1,1.0,2531,2531.0,MB_ML.MB_CA,3,2,2,"[MB_CA.CREL3, MB_CA.MB_MLL3] -> MB_ML.MB_CAL3 -> [MB_CA.MB_VLL3, PLP.MB_PEDL4]",MB_CA.CRE,3,MB_CA.MB_ML,3,MB_CA.MB_VL,3,PLP.MB_PED,4
191090256,mixed,lat->mix,lat,mix,1,0,3,1,1,1.0,2531,2531.0,MB_ML.MB_CA,3,2,2,"[MB_CA.CREL3, MB_CA.MB_VLL3] -> MB_ML.MB_CAL3 -> [MB_CA.MB_MLL3, PLP.MB_PEDL4]",MB_CA.CRE,3,MB_CA.MB_VL,3,MB_CA.MB_ML,3,PLP.MB_PED,4
191090256,mixed,lat->mix,lat,mix,1,0,3,1,1,1.0,2531,2531.0,MB_ML.MB_CA,3,2,2,"[MB_CA.MB_MLL3, MB_CA.MB_VLL3] -> MB_ML.MB_CAL3 -> [MB_CA.CREL3, PLP.MB_PEDL4]",MB_CA.MB_ML,3,MB_CA.MB_VL,3,MB_CA.CRE,3,PLP.MB_PED,4
179918360,mixed,lat->mix,lat,mix,1,0,3,52,1,1.0,2682,51.577,MB_ML,3,2,2,"[MB_CA.MB_MLL3, MB_CA.MB_PEDL3] -> MB_MLL3 -> [MB_CA.MB_VLL3, PLP.MB_PEDL4]",MB_CA.MB_ML,3,MB_CA.MB_PED,3,MB_CA.MB_VL,3,PLP.MB_PED,4
179918360,mixed,lat->mix,lat,mix,1,0,3,52,1,1.0,2682,51.577,MB_ML,3,2,2,"[MB_CA.MB_MLL3, MB_CA.MB_VLL3] -> MB_MLL3 -> [MB_CA.MB_PEDL3, PLP.MB_PEDL4]",MB_CA.MB_ML,3,MB_CA.MB_VL,3,MB_CA.MB_PED,3,PLP.MB_PED,4
179918360,mixed,lat->mix,lat,mix,1,0,3,52,1,1.0,2682,51.577,MB_ML,3,2,2,"[MB_CA.MB_PEDL3, MB_CA.MB_VLL3] -> MB_MLL3 -> [MB_CA.MB_MLL3, PLP.MB_PEDL4]",MB_CA.MB_PED,3,MB_CA.MB_VL,3,MB_CA.MB_ML,3,PLP.MB_PED,4
175644182,mixed,lat->mix,lat,mix,1,0,3,2282,2,1.0,9773,4.283,LO,3,2,2,"[LO.LOPL3, ME.LOPL3] -> LOL3 -> [LO.LOPL4, LOPL3]",LO.LOP,3,ME.LOP,3,LO.LOP,4,LOP,3
175644180,mixed,lat->mix,lat,mix,1,0,3,2282,1,1.0,8697,3.811,LO,3,2,2,"[LO.LOPL3, ME.LOPL3] -> LOL3 -> [FB.LOL3, LO.LOPL4]",LO.LOP,3,ME.LOP,3,FB.LO,3,LO.LOP,4
175251240,mixed,lat->mix,lat,mix,1,0,3,2282,1,1.0,8034,3.521,LO,3,2,2,"[LO.MEL3, ME.LOPL3] -> LOL3 -> [LO.LOPL3, ME.LOPL4]",LO.ME,3,ME.LOP,3,LO.LOP,3,ME.LOP,4
173401632,mixed,lat->mix,lat,mix,1,0,3,52,1,1.0,2464,47.385,MB_ML,3,2,2,"[MB_CA.MB_MLL3, MB_CA.MB_VLL3] -> MB_MLL3 -> [MB_CA.MB_MLL4, PLP.MB_MLL3]",MB_CA.MB_ML,3,MB_CA.MB_VL,3,MB_CA.MB_ML,4,PLP.MB_ML,3
173401632,mixed,lat->mix,lat,mix,1,0,3,52,1,1.0,2464,47.385,MB_ML,3,2,2,"[MB_CA.MB_MLL3, PLP.MB_MLL3] -> MB_MLL3 -> [MB_CA.MB_MLL4, MB_CA.MB_VLL3]",MB_CA.MB_ML,3,PLP.MB_ML,3,MB_CA.MB_ML,4,MB_CA.MB_VL,3
173401632,mixed,lat->mix,lat,mix,1,0,3,52,1,1.0,2464,47.385,MB_ML,3,2,2,"[MB_CA.MB_VLL3, PLP.MB_MLL3] -> MB_MLL3 -> [MB_CA.MB_MLL3, MB_CA.MB_MLL4]",MB_CA.MB_VL,3,PLP.MB_ML,3,MB_CA.MB_ML,3,MB_CA.MB_ML,4
164193212,mixed,lat->mix,lat,mix,1,0,3,52,1,1.0,2531,48.673,MB_ML,3,2,2,"[MB_CA.CREL3, MB_CA.MB_MLL3] -> MB_MLL3 -> [MB_CA.MB_VLL3, PLP.MB_MLL4]",MB_CA.CRE,3,MB_CA.MB_ML,3,MB_CA.MB_VL,3,PLP.MB_ML,4
164193212,mixed,lat->mix,lat,mix,1,0,3,52,1,1.0,2531,48.673,MB_ML,3,2,2,"[MB_CA.CREL3, MB_CA.MB_VLL3] -> MB_MLL3 -> [MB_CA.MB_MLL3, PLP.MB_MLL4]",MB_CA.CRE,3,MB_CA.MB_VL,3,MB_CA.MB_ML,3,PLP.MB_ML,4
164193212,mixed,lat->mix,lat,mix,1,0,3,52,1,1.0,2531,48.673,MB_ML,3,2,2,"[MB_CA.MB_MLL3, MB_CA.MB_VLL3] -> MB_MLL3 -> [MB_CA.CREL3, PLP.MB_MLL4]",MB_CA.MB_ML,3,MB_CA.MB_VL,3,MB_CA.CRE,3,PLP.MB_ML,4
160856560,mixed,lat->mix,lat,mix,1,0,3,35,1,1.0,10464,298.971,PVLP.LO,3,2,2,"[GNG.AVLPL3, LO.PVLPL3] -> PVLP.LOL3 -> [LO.PVLPL4, ME.LOL3]",GNG.AVLP,3,LO.PVLP,3,LO.PVLP,4,ME.LO,3
160856560,mixed,lat->mix,lat,mix,1,0,3,35,1,1.0,10484,299.543,PVLP.LO,3,2,2,"[LO.AVLPL3, LO.PVLPL3] -> PVLP.LOL3 -> [LO.PVLPL4, ME.LOL3]",LO.AVLP,3,LO.PVLP,3,LO.PVLP,4,ME.LO,3
152318320,mixed,lat->mix,lat,mix,1,0,3,1,1,1.0,2682,2682.0,MB_ML.MB_CA,3,2,2,"[MB_CA.MB_MLL3, MB_CA.MB_PEDL3] -> MB_ML.MB_CAL3 -> [MB_CA.MB_VLL3, PLP.MB_MLL4]",MB_CA.MB_ML,3,MB_CA.MB_PED,3,MB_CA.MB_VL,3,PLP.MB_ML,4
152318320,mixed,lat->mix,lat,mix,1,0,3,1,1,1.0,2682,2682.0,MB_ML.MB_CA,3,2,2,"[MB_CA.MB_PEDL3, MB_CA.MB_VLL3] -> MB_ML.MB_CAL3 -> [MB_CA.MB_MLL3, PLP.MB_MLL4]",MB_CA.MB_PED,3,MB_CA.MB_VL,3,MB_CA.MB_ML,3,PLP.MB_ML,4
151329240,mixed,lat->mix,lat,mix,1,0,3,1,1,1.0,2682,2682.0,MB_ML.MB_CA,3,2,2,"[MB_CA.MB_MLL3, MB_CA.MB_VLL3] -> MB_ML.MB_CAL3 -> [MB_CA.MB_PEDL3, PLP.MB_MLL4]",MB_CA.MB_ML,3,MB_CA.MB_VL,3,MB_CA.MB_PED,3,PLP.MB_ML,4
151329240,mixed,lat->mix,lat,mix,1,0,3,1,1,1.0,2497,2497.0,MB_ML.MB_CA,3,2,2,"[MB_CA.MB_MLL3, PLP.CREL3] -> MB_ML.MB_CAL3 -> [MB_CA.MB_VLL3, PLP.CREL4]",MB_CA.MB_ML,3,PLP.CRE,3,MB_CA.MB_VL,3,PLP.CRE,4
151329240,mixed,lat->mix,lat,mix,1,0,3,1,1,1.0,2497,2497.0,MB_ML.MB_CA,3,2,2,"[MB_CA.MB_VLL3, PLP.CREL3] -> MB_ML.MB_CAL3 -> [MB_CA.MB_MLL3, PLP.CREL4]",MB_CA.MB_VL,3,PLP.CRE,3,MB_CA.MB_ML,3,PLP.CRE,4
143933466,mixed,lat->mix,lat,mix,1,0,3,2282,2,1.0,14024,6.145,LO,3,2,2,"[LOP.LOL3, ME.LOL3] -> LOL3 -> [LO.LOPL3, LO.LOPL4]",LOP.LO,3,ME.LO,3,LO.LOP,3,LO.LOP,4
143932263,mixed,lat->mix,lat,mix,1,0,3,2282,2,1.0,13937,6.107,LO,3,2,2,"[ME.LOL3, PVLP.LOL3] -> LOL3 -> [LO.LOPL3, LO.LOPL4]",ME.LO,3,PVLP.LO,3,LO.LOP,3,LO.LOP,4
143932206,mixed,lat->mix,lat,mix,1,0,3,2282,1,1.0,14118,6.187,LO,3,2,2,"[LO.PLPL3, ME.LOL3] -> LOL3 -> [LO.LOPL3, LO.LOPL4]",LO.PLP,3,ME.LO,3,LO.LOP,3,LO.LOP,4
141240624,mixed,lat->mix,lat,mix,1,0,3,1,1,1.0,2497,2497.0,MB_ML.MB_CA,3,2,2,"[MB_CA.MB_MLL3, MB_CA.MB_VLL3] -> MB_ML.MB_CAL3 -> [PLP.CREL3, PLP.CREL4]",MB_CA.MB_ML,3,MB_CA.MB_VL,3,PLP.CRE,3,PLP.CRE,4
136929600,mixed,lat->mix,lat,mix,1,0,3,2282,1,1.0,15324,6.715,LO,3,2,2,"[FB.LOL3, MEL3] -> LOL3 -> [LO.LOPL4, ME.LOPL3]",FB.LO,3,ME,3,LO.LOP,4,ME.LOP,3
133554180,mixed,lat->mix,lat,mix,1,0,3,2282,2,1.0,13600,5.96,LO,3,2,2,"[LOP.LOL3, ME.LOL3] -> LOL3 -> [LO.LOPL4, ME.LOPL3]",LOP.LO,3,ME.LO,3,LO.LOP,4,ME.LOP,3
133553697,mixed,lat->mix,lat,mix,1,0,3,2282,2,1.0,13513,5.922,LO,3,2,2,"[ME.LOL3, PVLP.LOL3] -> LOL3 -> [LO.LOPL4, ME.LOPL3]",ME.LO,3,PVLP.LO,3,LO.LOP,4,ME.LOP,3
133553640,mixed,lat->mix,lat,mix,1,0,3,2282,1,1.0,13694,6.001,LO,3,2,2,"[LO.PLPL3, ME.LOL3] -> LOL3 -> [LO.LOPL4, ME.LOPL3]",LO.PLP,3,ME.LO,3,LO.LOP,4,ME.LOP,3
132715176,mixed,lat->mix,lat,mix,1,0,3,2282,1,1.0,8095,3.547,LO,3,2,2,"[LO.PLPL3, ME.LOPL3] -> LOL3 -> [LO.LOPL3, ME.LOPL4]",LO.PLP,3,ME.LOP,3,LO.LOP,3,ME.LOP,4
132715176,mixed,lat->mix,lat,mix,1,0,3,2282,1,1.0,8001,3.506,LO,3,2,2,"[LOP.LOL3, ME.LOPL3] -> LOL3 -> [LO.LOPL3, ME.LOPL4]",LOP.LO,3,ME.LOP,3,LO.LOP,3,ME.LOP,4
132715176,mixed,lat->mix,lat,mix,1,0,3,2282,1,1.0,7914,3.468,LO,3,2,2,"[ME.LOPL3, PVLP.LOL3] -> LOL3 -> [LO.LOPL3, ME.LOPL4]",ME.LOP,3,PVLP.LO,3,LO.LOP,3,ME.LOP,4
124624080,mixed,lat->mix,lat,mix,1,0,3,1,1,1.0,2476,2476.0,MB_ML.MB_CA,3,2,2,"[MB_CA.MB_MLL3, PLP.CREL3] -> MB_ML.MB_CAL3 -> [MB_CA.MB_VLL3, PLP.MB_PEDL4]",MB_CA.MB_ML,3,PLP.CRE,3,MB_CA.MB_VL,3,PLP.MB_PED,4
124624080,mixed,lat->mix,lat,mix,1,0,3,1,1,1.0,2476,2476.0,MB_ML.MB_CA,3,2,2,"[MB_CA.MB_VLL3, PLP.CREL3] -> MB_ML.MB_CAL3 -> [MB_CA.MB_MLL3, PLP.MB_PEDL4]",MB_CA.MB_VL,3,PLP.CRE,3,MB_CA.MB_ML,3,PLP.MB_PED,4
121854656,mixed,lat->mix,lat,mix,1,0,3,1,1,1.0,2670,2670.0,MB_ML.MB_CA,3,2,2,"[MB_CA.MB_MLL3, MB_CA.MB_PEDL3] -> MB_ML.MB_CAL3 -> [MB_CA.MB_VLL3, MB_MLL4]",MB_CA.MB_ML,3,MB_CA.MB_PED,3,MB_CA.MB_VL,3,MB_ML,4
121854656,mixed,lat->mix,lat,mix,1,0,3,1,1,1.0,2670,2670.0,MB_ML.MB_CA,3,2,2,"[MB_CA.MB_PEDL3, MB_CA.MB_VLL3] -> MB_ML.MB_CAL3 -> [MB_CA.MB_MLL3, MB_MLL4]",MB_CA.MB_PED,3,MB_CA.MB_VL,3,MB_CA.MB_ML,3,MB_ML,4
121066560,mixed,lat->mix,lat,mix,1,0,3,52,1,1.0,2351,45.212,MB_ML,3,2,2,"[MB_CA.MB_MLL3, MB_CA.MB_PEDL3] -> MB_MLL3 -> [MB_CA.MB_MLL4, PLP.CREL3]",MB_CA.MB_ML,3,MB_CA.MB_PED,3,MB_CA.MB_ML,4,PLP.CRE,3
121066560,mixed,lat->mix,lat,mix,1,0,3,52,1,1.0,2298,44.192,MB_ML,3,2,2,"[MB_CA.MB_MLL3, MB_CA.MB_PEDL3] -> MB_MLL3 -> [MB_CA.MB_MLL4, SCL.MB_MLL3]",MB_CA.MB_ML,3,MB_CA.MB_PED,3,MB_CA.MB_ML,4,SCL.MB_ML,3
121066560,mixed,lat->mix,lat,mix,1,0,3,52,1,1.0,2351,45.212,MB_ML,3,2,2,"[MB_CA.MB_MLL3, PLP.CREL3] -> MB_MLL3 -> [MB_CA.MB_MLL4, MB_CA.MB_PEDL3]",MB_CA.MB_ML,3,PLP.CRE,3,MB_CA.MB_ML,4,MB_CA.MB_PED,3
121066560,mixed,lat->mix,lat,mix,1,0,3,52,1,1.0,2298,44.192,MB_ML,3,2,2,"[MB_CA.MB_MLL3, SCL.MB_MLL3] -> MB_MLL3 -> [MB_CA.MB_MLL4, MB_CA.MB_PEDL3]",MB_CA.MB_ML,3,SCL.MB_ML,3,MB_CA.MB_ML,4,MB_CA.MB_PED,3
121066560,mixed,lat->mix,lat,mix,1,0,3,52,1,1.0,2351,45.212,MB_ML,3,2,2,"[MB_CA.MB_PEDL3, PLP.CREL3] -> MB_MLL3 -> [MB_CA.MB_MLL3, MB_CA.MB_MLL4]",MB_CA.MB_PED,3,PLP.CRE,3,MB_CA.MB_ML,3,MB_CA.MB_ML,4
121066560,mixed,lat->mix,lat,mix,1,0,3,52,1,1.0,2298,44.192,MB_ML,3,2,2,"[MB_CA.MB_PEDL3, SCL.MB_MLL3] -> MB_MLL3 -> [MB_CA.MB_MLL3, MB_CA.MB_MLL4]",MB_CA.MB_PED,3,SCL.MB_ML,3,MB_CA.MB_ML,3,MB_CA.MB_ML,4
121063392,mixed,lat->mix,lat,mix,1,0,3,1,1,1.0,2670,2670.0,MB_ML.MB_CA,3,2,2,"[MB_CA.MB_MLL3, MB_CA.MB_VLL3] -> MB_ML.MB_CAL3 -> [MB_CA.MB_PEDL3, MB_MLL4]",MB_CA.MB_ML,3,MB_CA.MB_VL,3,MB_CA.MB_PED,3,MB_ML,4
118640314,mixed,lat->mix,lat,mix,1,0,3,2282,6,1.0,9022,3.954,LO,3,2,2,"[LOP.LOL3, ME.LOPL3] -> LOL3 -> [LOL4, LO.LOPL3]",LOP.LO,3,ME.LOP,3,LO,4,LO.LOP,3
118639496,mixed,lat->mix,lat,mix,1,0,3,2282,3,1.0,8935,3.915,LO,3,2,2,"[ME.LOPL3, PVLP.LOL3] -> LOL3 -> [LOL4, LO.LOPL3]",ME.LOP,3,PVLP.LO,3,LO,4,LO.LOP,3
118639324,mixed,lat->mix,lat,mix,1,0,3,2282,1,1.0,9116,3.995,LO,3,2,2,"[LO.PLPL3, ME.LOPL3] -> LOL3 -> [LOL4, LO.LOPL3]",LO.PLP,3,ME.LOP,3,LO,4,LO.LOP,3
116315808,mixed,lat->mix,lat,mix,1,0,3,1,1,1.0,2476,2476.0,MB_ML.MB_CA,3,2,2,"[MB_CA.MB_MLL3, MB_CA.MB_VLL3] -> MB_ML.MB_CAL3 -> [PLP.CREL3, PLP.MB_PEDL4]",MB_CA.MB_ML,3,MB_CA.MB_VL,3,PLP.CRE,3,PLP.MB_PED,4
115822232,mixed,lat->mix,lat,mix,0,1,3,109,3,2.69,11282,103.505,PVLP.LO,4,2,2,"[AVLPL4, LO.PVLPL4] -> PVLP.LOL4 -> [ME.LOL3, ME.LOL4]",AVLP,4,LO.PVLP,4,ME.LO,3,ME.LO,4
114165744,mixed,lat->mix,lat,mix,1,0,3,1,1,1.0,2413,2413.0,MB_ML.MB_CA,3,2,2,"[MB_CA.CREL3, MB_CA.MB_PEDL3] -> MB_ML.MB_CAL3 -> [MB_CA.MB_MLL3, PLP.CREL4]",MB_CA.CRE,3,MB_CA.MB_PED,3,MB_CA.MB_ML,3,PLP.CRE,4
114165744,mixed,lat->mix,lat,mix,1,0,3,1,1,1.0,2413,2413.0,MB_ML.MB_CA,3,2,2,"[MB_CA.MB_MLL3, MB_CA.MB_PEDL3] -> MB_ML.MB_CAL3 -> [MB_CA.CREL3, PLP.CREL4]",MB_CA.MB_ML,3,MB_CA.MB_PED,3,MB_CA.CRE,3,PLP.CRE,4
113424408,mixed,lat->mix,lat,mix,1,0,3,1,1,1.0,2413,2413.0,MB_ML.MB_CA,3,2,2,"[MB_CA.CREL3, MB_CA.MB_MLL3] -> MB_ML.MB_CAL3 -> [MB_CA.MB_PEDL3, PLP.CREL4]",MB_CA.CRE,3,MB_CA.MB_ML,3,MB_CA.MB_PED,3,PLP.CRE,4
110992986,mixed,lat->mix,lat,mix,0,1,3,109,3,2.163,10966,100.606,PVLP.LO,4,2,2,"[LO.PVLPL4, PVLP.AVLPL4] -> PVLP.LOL4 -> [LOL4, ME.LOL3]",LO.PVLP,4,PVLP.AVLP,4,LO,4,ME.LO,3
109198864,mixed,lat->mix,lat,mix,1,0,3,2282,2,1.0,15445,6.768,LO,3,2,2,"[LOP.LOL3, ME.LOPL3] -> LOL3 -> [LO.LOPL4, MEL3]",LOP.LO,3,ME.LOP,3,LO.LOP,4,ME,3
109198848,mixed,lat->mix,lat,mix,1,0,3,2282,1,1.0,15539,6.809,LO,3,2,2,"[LO.PLPL3, ME.LOPL3] -> LOL3 -> [LO.LOPL4, MEL3]",LO.PLP,3,ME.LOP,3,LO.LOP,4,ME,3
109198848,mixed,lat->mix,lat,mix,1,0,3,2282,1,1.0,15358,6.73,LO,3,2,2,"[ME.LOPL3, PVLP.LOL3] -> LOL3 -> [LO.LOPL4, MEL3]",ME.LOP,3,PVLP.LO,3,LO.LOP,4,ME,3
108623608,mixed,lat->mix,lat,mix,1,0,3,52,1,1.0,2311,44.442,MB_ML,3,2,2,"[MB_CA.MB_MLL3, MB_CA.MB_PEDL3] -> MB_MLL3 -> [PLP.MB_MLL3, PLP.MB_MLL4]",MB_CA.MB_ML,3,MB_CA.MB_PED,3,PLP.MB_ML,3,PLP.MB_ML,4
108623608,mixed,lat->mix,lat,mix,1,0,3,52,1,1.0,2311,44.442,MB_ML,3,2,2,"[MB_CA.MB_MLL3, PLP.MB_MLL3] -> MB_MLL3 -> [MB_CA.MB_PEDL3, PLP.MB_MLL4]",MB_CA.MB_ML,3,PLP.MB_ML,3,MB_CA.MB_PED,3,PLP.MB_ML,4
108623608,mixed,lat->mix,lat,mix,1,0,3,52,1,1.0,2311,44.442,MB_ML,3,2,2,"[MB_CA.MB_PEDL3, PLP.MB_MLL3] -> MB_MLL3 -> [MB_CA.MB_MLL3, PLP.MB_MLL4]",MB_CA.MB_PED,3,PLP.MB_ML,3,MB_CA.MB_ML,3,PLP.MB_ML,4
107951016,mixed,lat->mix,lat,mix,1,0,3,52,1,1.0,2703,51.981,MB_ML,3,2,2,"[MB_CA.MB_MLL3, MB_CA.MB_PEDL3] -> MB_MLL3 -> [MB_CA.MB_VLL3, PLP.CREL4]",MB_CA.MB_ML,3,MB_CA.MB_PED,3,MB_CA.MB_VL,3,PLP.CRE,4
107951016,mixed,lat->mix,lat,mix,1,0,3,52,1,1.0,2703,51.981,MB_ML,3,2,2,"[MB_CA.MB_MLL3, MB_CA.MB_VLL3] -> MB_MLL3 -> [MB_CA.MB_PEDL3, PLP.CREL4]",MB_CA.MB_ML,3,MB_CA.MB_VL,3,MB_CA.MB_PED,3,PLP.CRE,4
107951016,mixed,lat->mix,lat,mix,1,0,3,52,1,1.0,2703,51.981,MB_ML,3,2,2,"[MB_CA.MB_PEDL3, MB_CA.MB_VLL3] -> MB_MLL3 -> [MB_CA.MB_MLL3, PLP.CREL4]",MB_CA.MB_PED,3,MB_CA.MB_VL,3,MB_CA.MB_ML,3,PLP.CRE,4
107223152,mixed,lat->mix,lat,mix,1,0,3,2282,12,1.009,24828,10.88,LO,3,2,2,"[ME.LOL3, ME.LOPL3] -> LOL3 -> [MEL3, MEL4]",ME.LO,3,ME.LOP,3,ME,3,ME,4
102570280,mixed,lat->mix,lat,mix,1,0,3,52,1,1.0,2392,46.0,MB_ML,3,2,2,"[MB_CA.CREL3, MB_CA.MB_MLL3] -> MB_MLL3 -> [MB_CA.MB_PEDL3, PLP.MB_PEDL4]",MB_CA.CRE,3,MB_CA.MB_ML,3,MB_CA.MB_PED,3,PLP.MB_PED,4
102570280,mixed,lat->mix,lat,mix,1,0,3,52,1,1.0,2392,46.0,MB_ML,3,2,2,"[MB_CA.CREL3, MB_CA.MB_PEDL3] -> MB_MLL3 -> [MB_CA.MB_MLL3, PLP.MB_PEDL4]",MB_CA.CRE,3,MB_CA.MB_PED,3,MB_CA.MB_ML,3,PLP.MB_PED,4
102570280,mixed,lat->mix,lat,mix,1,0,3,52,1,1.0,2392,46.0,MB_ML,3,2,2,"[MB_CA.MB_MLL3, MB_CA.MB_PEDL3] -> MB_MLL3 -> [MB_CA.CREL3, PLP.MB_PEDL4]",MB_CA.MB_ML,3,MB_CA.MB_PED,3,MB_CA.CRE,3,PLP.MB_PED,4
102000960,mixed,lat->mix,lat,mix,1,0,3,52,1,1.0,2490,47.885,MB_ML,3,2,2,"[MB_CA.MB_MLL3, MB_CA.MB_VLL3] -> MB_MLL3 -> [MB_CA.MB_MLL4, PLP.CREL3]",MB_CA.MB_ML,3,MB_CA.MB_VL,3,MB_CA.MB_ML,4,PLP.CRE,3
102000960,mixed,lat->mix,lat,mix,1,0,3,52,1,1.0,2437,46.865,MB_ML,3,2,2,"[MB_CA.MB_MLL3, MB_CA.MB_VLL3] -> MB_MLL3 -> [MB_CA.MB_MLL4, SCL.MB_MLL3]",MB_CA.MB_ML,3,MB_CA.MB_VL,3,MB_CA.MB_ML,4,SCL.MB_ML,3
102000960,mixed,lat->mix,lat,mix,1,0,3,52,1,1.0,2490,47.885,MB_ML,3,2,2,"[MB_CA.MB_MLL3, PLP.CREL3] -> MB_MLL3 -> [MB_CA.MB_MLL4, MB_CA.MB_VLL3]",MB_CA.MB_ML,3,PLP.CRE,3,MB_CA.MB_ML,4,MB_CA.MB_VL,3
102000960,mixed,lat->mix,lat,mix,1,0,3,52,1,1.0,2437,46.865,MB_ML,3,2,2,"[MB_CA.MB_MLL3, SCL.MB_MLL3] -> MB_MLL3 -> [MB_CA.MB_MLL4, MB_CA.MB_VLL3]",MB_CA.MB_ML,3,SCL.MB_ML,3,MB_CA.MB_ML,4,MB_CA.MB_VL,3
102000960,mixed,lat->mix,lat,mix,1,0,3,52,1,1.0,2490,47.885,MB_ML,3,2,2,"[MB_CA.MB_VLL3, PLP.CREL3] -> MB_MLL3 -> [MB_CA.MB_MLL3, MB_CA.MB_MLL4]",MB_CA.MB_VL,3,PLP.CRE,3,MB_CA.MB_ML,3,MB_CA.MB_ML,4
102000960,mixed,lat->mix,lat,mix,1,0,3,52,1,1.0,2437,46.865,MB_ML,3,2,2,"[MB_CA.MB_VLL3, SCL.MB_MLL3] -> MB_MLL3 -> [MB_CA.MB_MLL3, MB_CA.MB_MLL4]",MB_CA.MB_VL,3,SCL.MB_ML,3,MB_CA.MB_ML,3,MB_CA.MB_ML,4
100985610,mixed,lat->mix,lat,mix,1,0,3,2282,2,1.0,16400,7.187,LO,3,2,2,"[MEL3, ME.LOPL3] -> LOL3 -> [LO.LOPL4, LOPL3]",ME,3,ME.LOP,3,LO.LOP,4,LOP,3
100985580,mixed,lat->mix,lat,mix,1,0,3,2282,1,1.0,15324,6.715,LO,3,2,2,"[MEL3, ME.LOPL3] -> LOL3 -> [FB.LOL3, LO.LOPL4]",ME,3,ME.LOP,3,FB.LO,3,LO.LOP,4
98855136,mixed,lat->mix,lat,mix,1,0,3,52,1,1.0,2174,41.808,MB_ML,3,2,2,"[MB_CA.CREL3, MB_CA.MB_MLL3] -> MB_MLL3 -> [MB_CA.MB_MLL4, PLP.MB_MLL3]",MB_CA.CRE,3,MB_CA.MB_ML,3,MB_CA.MB_ML,4,PLP.MB_ML,3
98855136,mixed,lat->mix,lat,mix,1,0,3,52,1,1.0,2174,41.808,MB_ML,3,2,2,"[MB_CA.CREL3, PLP.MB_MLL3] -> MB_MLL3 -> [MB_CA.MB_MLL3, MB_CA.MB_MLL4]",MB_CA.CRE,3,PLP.MB_ML,3,MB_CA.MB_ML,3,MB_CA.MB_ML,4
98855136,mixed,lat->mix,lat,mix,1,0,3,52,1,1.0,2174,41.808,MB_ML,3,2,2,"[MB_CA.MB_MLL3, PLP.MB_MLL3] -> MB_MLL3 -> [MB_CA.CREL3, MB_CA.MB_MLL4]",MB_CA.MB_ML,3,PLP.MB_ML,3,MB_CA.CRE,3,MB_CA.MB_ML,4
97053120,mixed,lat->mix,lat,mix,1,0,3,35,1,1.0,10783,308.086,PVLP.LO,3,2,2,"[LO.PVLPL3, PVLPL3] -> PVLP.LOL3 -> [LOL4, ME.LOL3]",LO.PVLP,3,PVLP,3,LO,4,ME.LO,3
95264640,mixed,lat->mix,lat,mix,1,0,3,2282,1,1.0,8034,3.521,LO,3,2,2,"[LO.LOPL3, LO.MEL3] -> LOL3 -> [ME.LOPL3, ME.LOPL4]",LO.LOP,3,LO.ME,3,ME.LOP,3,ME.LOP,4
94018848,mixed,lat->mix,lat,mix,1,0,3,1,1,1.0,2392,2392.0,MB_ML.MB_CA,3,2,2,"[MB_CA.CREL3, MB_CA.MB_PEDL3] -> MB_ML.MB_CAL3 -> [MB_CA.MB_MLL3, PLP.MB_PEDL4]",MB_CA.CRE,3,MB_CA.MB_PED,3,MB_CA.MB_ML,3,PLP.MB_PED,4
94018848,mixed,lat->mix,lat,mix,1,0,3,1,1,1.0,2392,2392.0,MB_ML.MB_CA,3,2,2,"[MB_CA.MB_MLL3, MB_CA.MB_PEDL3] -> MB_ML.MB_CAL3 -> [MB_CA.CREL3, PLP.MB_PEDL4]",MB_CA.MB_ML,3,MB_CA.MB_PED,3,MB_CA.CRE,3,PLP.MB_PED,4
93408336,mixed,lat->mix,lat,mix,1,0,3,1,1,1.0,2392,2392.0,MB_ML.MB_CA,3,2,2,"[MB_CA.CREL3, MB_CA.MB_MLL3] -> MB_ML.MB_CAL3 -> [MB_CA.MB_PEDL3, PLP.MB_PEDL4]",MB_CA.CRE,3,MB_CA.MB_ML,3,MB_CA.MB_PED,3,PLP.MB_PED,4
91517528,mixed,lat->mix,lat,mix,1,0,3,52,1,1.0,2450,47.115,MB_ML,3,2,2,"[MB_CA.MB_MLL3, MB_CA.MB_VLL3] -> MB_MLL3 -> [PLP.MB_MLL3, PLP.MB_MLL4]",MB_CA.MB_ML,3,MB_CA.MB_VL,3,PLP.MB_ML,3,PLP.MB_ML,4
91517528,mixed,lat->mix,lat,mix,1,0,3,52,1,1.0,2450,47.115,MB_ML,3,2,2,"[MB_CA.MB_MLL3, PLP.MB_MLL3] -> MB_MLL3 -> [MB_CA.MB_VLL3, PLP.MB_MLL4]",MB_CA.MB_ML,3,PLP.MB_ML,3,MB_CA.MB_VL,3,PLP.MB_ML,4
91517528,mixed,lat->mix,lat,mix,1,0,3,52,1,1.0,2450,47.115,MB_ML,3,2,2,"[MB_CA.MB_VLL3, PLP.MB_MLL3] -> MB_MLL3 -> [MB_CA.MB_MLL3, PLP.MB_MLL4]",MB_CA.MB_VL,3,PLP.MB_ML,3,MB_CA.MB_ML,3,PLP.MB_ML,4
91390992,mixed,lat->mix,lat,mix,1,0,3,1,1,1.0,2997,2997.0,MB_ML.MB_CA,3,2,2,"[MB_CA.MB_MLL3, MB_CA.MB_PEDL3] -> MB_ML.MB_CAL3 -> [LHL4, MB_CA.MB_VLL3]",MB_CA.MB_ML,3,MB_CA.MB_PED,3,LH,4,MB_CA.MB_VL,3
91390992,mixed,lat->mix,lat,mix,1,0,3,1,1,1.0,2663,2663.0,MB_ML.MB_CA,3,2,2,"[MB_CA.MB_MLL3, MB_CA.MB_PEDL3] -> MB_ML.MB_CAL3 -> [MB_CA.CREL4, MB_CA.MB_VLL3]",MB_CA.MB_ML,3,MB_CA.MB_PED,3,MB_CA.CRE,4,MB_CA.MB_VL,3
91390992,mixed,lat->mix,lat,mix,1,0,3,1,1,1.0,2696,2696.0,MB_ML.MB_CA,3,2,2,"[MB_CA.MB_MLL3, MB_CA.MB_PEDL3] -> MB_ML.MB_CAL3 -> [MB_CA.MB_MLL4, MB_CA.MB_VLL3]",MB_CA.MB_ML,3,MB_CA.MB_PED,3,MB_CA.MB_ML,4,MB_CA.MB_VL,3
91390992,mixed,lat->mix,lat,mix,1,0,3,1,1,1.0,2885,2885.0,MB_ML.MB_CA,3,2,2,"[MB_CA.MB_MLL3, MB_CA.MB_PEDL3] -> MB_ML.MB_CAL3 -> [MB_CA.MB_VLL3, PLPL4]",MB_CA.MB_ML,3,MB_CA.MB_PED,3,MB_CA.MB_VL,3,PLP,4
91390992,mixed,lat->mix,lat,mix,1,0,3,1,1,1.0,2678,2678.0,MB_ML.MB_CA,3,2,2,"[MB_CA.MB_MLL3, MB_CA.MB_PEDL3] -> MB_ML.MB_CAL3 -> [MB_CA.MB_VLL3, SMP.MB_MLL4]",MB_CA.MB_ML,3,MB_CA.MB_PED,3,MB_CA.MB_VL,3,SMP.MB_ML,4
91390992,mixed,lat->mix,lat,mix,1,0,3,1,1,1.0,2997,2997.0,MB_ML.MB_CA,3,2,2,"[MB_CA.MB_PEDL3, MB_CA.MB_VLL3] -> MB_ML.MB_CAL3 -> [LHL4, MB_CA.MB_MLL3]",MB_CA.MB_PED,3,MB_CA.MB_VL,3,LH,4,MB_CA.MB_ML,3
91390992,mixed,lat->mix,lat,mix,1,0,3,1,1,1.0,2663,2663.0,MB_ML.MB_CA,3,2,2,"[MB_CA.MB_PEDL3, MB_CA.MB_VLL3] -> MB_ML.MB_CAL3 -> [MB_CA.CREL4, MB_CA.MB_MLL3]",MB_CA.MB_PED,3,MB_CA.MB_VL,3,MB_CA.CRE,4,MB_CA.MB_ML,3
91390992,mixed,lat->mix,lat,mix,1,0,3,1,1,1.0,2696,2696.0,MB_ML.MB_CA,3,2,2,"[MB_CA.MB_PEDL3, MB_CA.MB_VLL3] -> MB_ML.MB_CAL3 -> [MB_CA.MB_MLL3, MB_CA.MB_MLL4]",MB_CA.MB_PED,3,MB_CA.MB_VL,3,MB_CA.MB_ML,3,MB_CA.MB_ML,4
91390992,mixed,lat->mix,lat,mix,1,0,3,1,1,1.0,2885,2885.0,MB_ML.MB_CA,3,2,2,"[MB_CA.MB_PEDL3, MB_CA.MB_VLL3] -> MB_ML.MB_CAL3 -> [MB_CA.MB_MLL3, PLPL4]",MB_CA.MB_PED,3,MB_CA.MB_VL,3,MB_CA.MB_ML,3,PLP,4
91390992,mixed,lat->mix,lat,mix,1,0,3,1,1,1.0,2678,2678.0,MB_ML.MB_CA,3,2,2,"[MB_CA.MB_PEDL3, MB_CA.MB_VLL3] -> MB_ML.MB_CAL3 -> [MB_CA.MB_MLL3, SMP.MB_MLL4]",MB_CA.MB_PED,3,MB_CA.MB_VL,3,MB_CA.MB_ML,3,SMP.MB_ML,4
90797544,mixed,lat->mix,lat,mix,1,0,3,1,1,1.0,2997,2997.0,MB_ML.MB_CA,3,2,2,"[MB_CA.MB_MLL3, MB_CA.MB_VLL3] -> MB_ML.MB_CAL3 -> [LHL4, MB_CA.MB_PEDL3]",MB_CA.MB_ML,3,MB_CA.MB_VL,3,LH,4,MB_CA.MB_PED,3
90797544,mixed,lat->mix,lat,mix,1,0,3,1,1,1.0,2663,2663.0,MB_ML.MB_CA,3,2,2,"[MB_CA.MB_MLL3, MB_CA.MB_VLL3] -> MB_ML.MB_CAL3 -> [MB_CA.CREL4, MB_CA.MB_PEDL3]",MB_CA.MB_ML,3,MB_CA.MB_VL,3,MB_CA.CRE,4,MB_CA.MB_PED,3
90797544,mixed,lat->mix,lat,mix,1,0,3,1,1,1.0,2696,2696.0,MB_ML.MB_CA,3,2,2,"[MB_CA.MB_MLL3, MB_CA.MB_VLL3] -> MB_ML.MB_CAL3 -> [MB_CA.MB_MLL4, MB_CA.MB_PEDL3]",MB_CA.MB_ML,3,MB_CA.MB_VL,3,MB_CA.MB_ML,4,MB_CA.MB_PED,3
90797544,mixed,lat->mix,lat,mix,1,0,3,1,1,1.0,2885,2885.0,MB_ML.MB_CA,3,2,2,"[MB_CA.MB_MLL3, MB_CA.MB_VLL3] -> MB_ML.MB_CAL3 -> [MB_CA.MB_PEDL3, PLPL4]",MB_CA.MB_ML,3,MB_CA.MB_VL,3,MB_CA.MB_PED,3,PLP,4
90797544,mixed,lat->mix,lat,mix,1,0,3,1,1,1.0,2678,2678.0,MB_ML.MB_CA,3,2,2,"[MB_CA.MB_MLL3, MB_CA.MB_VLL3] -> MB_ML.MB_CAL3 -> [MB_CA.MB_PEDL3, SMP.MB_MLL4]",MB_CA.MB_ML,3,MB_CA.MB_VL,3,MB_CA.MB_PED,3,SMP.MB_ML,4
182529377214,pure_lateral,lat->lat,lat,lat,0,0,4,2282,24,1.515,27313,11.969,LO,3,2,2,"[MEL3, ME.LOL3] -> LOL3 -> [LO.LOPL3, ME.LOPL3]",ME,3,ME.LO,3,LO.LOP,3,ME.LOP,3
119593728754,pure_lateral,lat->lat,lat,lat,0,0,4,2282,11,1.506,27313,11.969,LO,3,2,2,"[MEL3, ME.LOPL3] -> LOL3 -> [LO.LOPL3, ME.LOL3]",ME,3,ME.LOP,3,LO.LOP,3,ME.LO,3
73045954916,pure_lateral,lat->lat,lat,lat,0,0,4,2282,5,1.445,27313,11.969,LO,3,2,2,"[LO.LOPL3, MEL3] -> LOL3 -> [ME.LOL3, ME.LOPL3]",LO.LOP,3,ME,3,ME.LO,3,ME.LOP,3
28306170696,pure_lateral,lat->lat,lat,lat,0,0,4,2282,12,1.075,27313,11.969,LO,3,2,2,"[ME.LOL3, ME.LOPL3] -> LOL3 -> [LO.LOPL3, MEL3]",ME.LO,3,ME.LOP,3,LO.LOP,3,ME,3
17718585824,pure_lateral,lat->lat,lat,lat,0,0,4,2282,9,1.065,27313,11.969,LO,3,2,2,"[LO.LOPL3, ME.LOL3] -> LOL3 -> [MEL3, ME.LOPL3]",LO.LOP,3,ME.LO,3,ME,3,ME.LOP,3
11650822034,pure_lateral,lat->lat,lat,lat,0,0,4,2282,5,1.064,27313,11.969,LO,3,2,2,"[LO.LOPL3, ME.LOPL3] -> LOL3 -> [MEL3, ME.LOL3]",LO.LOP,3,ME.LOP,3,ME,3,ME.LO,3
3301114661,pure_lateral,lat->lat,lat,lat,0,0,4,2282,8,1.0,18604,8.152,LO,3,2,2,"[LO.MEL3, MEL3] -> LOL3 -> [LO.LOPL3, ME.LOPL3]",LO.ME,3,ME,3,LO.LOP,3,ME.LOP,3
2101992816,pure_lateral,lat->lat,lat,lat,0,0,4,1,1,1.0,2787,2787.0,MB_ML.MB_CA,3,2,2,"[MB_CA.CREL3, MB_CA.MB_PEDL3] -> MB_ML.MB_CAL3 -> [MB_CA.MB_MLL3, MB_CA.MB_VLL3]",MB_CA.CRE,3,MB_CA.MB_PED,3,MB_CA.MB_ML,3,MB_CA.MB_VL,3
2101992816,pure_lateral,lat->lat,lat,lat,0,0,4,1,1,1.0,2787,2787.0,MB_ML.MB_CA,3,2,2,"[MB_CA.MB_MLL3, MB_CA.MB_PEDL3] -> MB_ML.MB_CAL3 -> [MB_CA.CREL3, MB_CA.MB_VLL3]",MB_CA.MB_ML,3,MB_CA.MB_PED,3,MB_CA.CRE,3,MB_CA.MB_VL,3
2101992816,pure_lateral,lat->lat,lat,lat,0,0,4,1,1,1.0,2787,2787.0,MB_ML.MB_CA,3,2,2,"[MB_CA.MB_PEDL3, MB_CA.MB_VLL3] -> MB_ML.MB_CAL3 -> [MB_CA.CREL3, MB_CA.MB_MLL3]",MB_CA.MB_PED,3,MB_CA.MB_VL,3,MB_CA.CRE,3,MB_CA.MB_ML,3
2088343512,pure_lateral,lat->lat,lat,lat,0,0,4,1,1,1.0,2787,2787.0,MB_ML.MB_CA,3,2,2,"[MB_CA.CREL3, MB_CA.MB_MLL3] -> MB_ML.MB_CAL3 -> [MB_CA.MB_PEDL3, MB_CA.MB_VLL3]",MB_CA.CRE,3,MB_CA.MB_ML,3,MB_CA.MB_PED,3,MB_CA.MB_VL,3
2088343512,pure_lateral,lat->lat,lat,lat,0,0,4,1,1,1.0,2787,2787.0,MB_ML.MB_CA,3,2,2,"[MB_CA.CREL3, MB_CA.MB_VLL3] -> MB_ML.MB_CAL3 -> [MB_CA.MB_MLL3, MB_CA.MB_PEDL3]",MB_CA.CRE,3,MB_CA.MB_VL,3,MB_CA.MB_ML,3,MB_CA.MB_PED,3
2088343512,pure_lateral,lat->lat,lat,lat,0,0,4,1,1,1.0,2787,2787.0,MB_ML.MB_CA,3,2,2,"[MB_CA.MB_MLL3, MB_CA.MB_VLL3] -> MB_ML.MB_CAL3 -> [MB_CA.CREL3, MB_CA.MB_PEDL3]",MB_CA.MB_ML,3,MB_CA.MB_VL,3,MB_CA.CRE,3,MB_CA.MB_PED,3
1650556800,pure_lateral,lat->lat,lat,lat,0,0,4,2282,1,1.0,18450,8.085,LO,3,2,2,"[FB.LOL3, MEL3] -> LOL3 -> [LO.LOPL3, ME.LOPL3]",FB.LO,3,ME,3,LO.LOP,3,ME.LOP,3
1370864880,pure_lateral,lat->lat,lat,lat,0,0,4,1,1,1.0,2732,2732.0,MB_ML.MB_CA,3,2,2,"[MB_CA.MB_PEDL3, PLP.CREL3] -> MB_ML.MB_CAL3 -> [MB_CA.MB_MLL3, MB_CA.MB_VLL3]",MB_CA.MB_PED,3,PLP.CRE,3,MB_CA.MB_ML,3,MB_CA.MB_VL,3
1361963160,pure_lateral,lat->lat,lat,lat,0,0,4,1,1,1.0,2732,2732.0,MB_ML.MB_CA,3,2,2,"[MB_CA.MB_MLL3, PLP.CREL3] -> MB_ML.MB_CAL3 -> [MB_CA.MB_PEDL3, MB_CA.MB_VLL3]",MB_CA.MB_ML,3,PLP.CRE,3,MB_CA.MB_PED,3,MB_CA.MB_VL,3
1361963160,pure_lateral,lat->lat,lat,lat,0,0,4,1,1,1.0,2732,2732.0,MB_ML.MB_CA,3,2,2,"[MB_CA.MB_VLL3, PLP.CREL3] -> MB_ML.MB_CAL3 -> [MB_CA.MB_MLL3, MB_CA.MB_PEDL3]",MB_CA.MB_VL,3,PLP.CRE,3,MB_CA.MB_ML,3,MB_CA.MB_PED,3
1348266843,pure_lateral,lat->lat,lat,lat,0,0,4,2282,8,1.0,18571,8.138,LO,3,2,2,"[LOP.LOL3, MEL3] -> LOL3 -> [LO.LOPL3, ME.LOPL3]",LOP.LO,3,ME,3,LO.LOP,3,ME.LOP,3
1348263303,pure_lateral,lat->lat,lat,lat,0,0,4,2282,5,1.0,18484,8.1,LO,3,2,2,"[MEL3, PVLP.LOL3] -> LOL3 -> [LO.LOPL3, ME.LOPL3]",ME,3,PVLP.LO,3,LO.LOP,3,ME.LOP,3
1348261960,pure_lateral,lat->lat,lat,lat,0,0,4,2282,1,1.0,18665,8.179,LO,3,2,2,"[LO.PLPL3, MEL3] -> LOL3 -> [LO.LOPL3, ME.LOPL3]",LO.PLP,3,ME,3,LO.LOP,3,ME.LOP,3
1279473888,pure_lateral,lat->lat,lat,lat,0,0,4,1,1,1.0,2732,2732.0,MB_ML.MB_CA,3,2,2,"[MB_CA.MB_MLL3, MB_CA.MB_PEDL3] -> MB_ML.MB_CAL3 -> [MB_CA.MB_VLL3, PLP.CREL3]",MB_CA.MB_ML,3,MB_CA.MB_PED,3,MB_CA.MB_VL,3,PLP.CRE,3
1279473888,pure_lateral,lat->lat,lat,lat,0,0,4,1,1,1.0,2732,2732.0,MB_ML.MB_CA,3,2,2,"[MB_CA.MB_PEDL3, MB_CA.MB_VLL3] -> MB_ML.MB_CAL3 -> [MB_CA.MB_MLL3, PLP.CREL3]",MB_CA.MB_PED,3,MB_CA.MB_VL,3,MB_CA.MB_ML,3,PLP.CRE,3
1271165616,pure_lateral,lat->lat,lat,lat,0,0,4,1,1,1.0,2732,2732.0,MB_ML.MB_CA,3,2,2,"[MB_CA.MB_MLL3, MB_CA.MB_VLL3] -> MB_ML.MB_CAL3 -> [MB_CA.MB_PEDL3, PLP.CREL3]",MB_CA.MB_ML,3,MB_CA.MB_VL,3,MB_CA.MB_PED,3,PLP.CRE,3
1217285970,pure_lateral,lat->lat,lat,lat,0,0,4,2282,4,1.0,19526,8.557,LO,3,2,2,"[MEL3, ME.LOPL3] -> LOL3 -> [LO.LOPL3, LOPL3]",ME,3,ME.LOP,3,LO.LOP,3,LOP,3
1217285640,pure_lateral,lat->lat,lat,lat,0,0,4,2282,1,1.0,18450,8.085,LO,3,2,2,"[MEL3, ME.LOPL3] -> LOL3 -> [FB.LOL3, LO.LOPL3]",ME,3,ME.LOP,3,FB.LO,3,LO.LOP,3
1097501996,pure_lateral,lat->lat,lat,lat,0,0,4,52,1,1.0,2787,53.596,MB_ML,3,2,2,"[MB_CA.CREL3, MB_CA.MB_MLL3] -> MB_MLL3 -> [MB_CA.MB_PEDL3, MB_CA.MB_VLL3]",MB_CA.CRE,3,MB_CA.MB_ML,3,MB_CA.MB_PED,3,MB_CA.MB_VL,3
1097501996,pure_lateral,lat->lat,lat,lat,0,0,4,52,1,1.0,2787,53.596,MB_ML,3,2,2,"[MB_CA.CREL3, MB_CA.MB_PEDL3] -> MB_MLL3 -> [MB_CA.MB_MLL3, MB_CA.MB_VLL3]",MB_CA.CRE,3,MB_CA.MB_PED,3,MB_CA.MB_ML,3,MB_CA.MB_VL,3
1097501996,pure_lateral,lat->lat,lat,lat,0,0,4,52,1,1.0,2787,53.596,MB_ML,3,2,2,"[MB_CA.CREL3, MB_CA.MB_VLL3] -> MB_MLL3 -> [MB_CA.MB_MLL3, MB_CA.MB_PEDL3]",MB_CA.CRE,3,MB_CA.MB_VL,3,MB_CA.MB_ML,3,MB_CA.MB_PED,3
1097501996,pure_lateral,lat->lat,lat,lat,0,0,4,52,1,1.0,2787,53.596,MB_ML,3,2,2,"[MB_CA.MB_MLL3, MB_CA.MB_PEDL3] -> MB_MLL3 -> [MB_CA.CREL3, MB_CA.MB_VLL3]",MB_CA.MB_ML,3,MB_CA.MB_PED,3,MB_CA.CRE,3,MB_CA.MB_VL,3
1097501996,pure_lateral,lat->lat,lat,lat,0,0,4,52,1,1.0,2787,53.596,MB_ML,3,2,2,"[MB_CA.MB_MLL3, MB_CA.MB_VLL3] -> MB_MLL3 -> [MB_CA.CREL3, MB_CA.MB_PEDL3]",MB_CA.MB_ML,3,MB_CA.MB_VL,3,MB_CA.CRE,3,MB_CA.MB_PED,3
1097501996,pure_lateral,lat->lat,lat,lat,0,0,4,52,1,1.0,2787,53.596,MB_ML,3,2,2,"[MB_CA.MB_PEDL3, MB_CA.MB_VLL3] -> MB_MLL3 -> [MB_CA.CREL3, MB_CA.MB_MLL3]",MB_CA.MB_PED,3,MB_CA.MB_VL,3,MB_CA.CRE,3,MB_CA.MB_ML,3
912919593,pure_lateral,lat->lat,lat,lat,0,0,4,2282,2,1.0,18797,8.237,LO,3,2,2,"[MEL3, ME.LOPL3] -> LOL3 -> [LO.LOPL3, LOP.PLPL3]",ME,3,ME.LOP,3,LO.LOP,3,LOP.PLP,3
661703173,pure_lateral,lat->lat,lat,lat,0,0,4,2282,5,1.0,19526,8.557,LO,3,2,2,"[LO.LOPL3, MEL3] -> LOL3 -> [LOPL3, ME.LOPL3]",LO.LOP,3,ME,3,LOP,3,ME.LOP,3
661703040,pure_lateral,lat->lat,lat,lat,0,0,4,2282,1,1.0,18450,8.085,LO,3,2,2,"[LO.LOPL3, MEL3] -> LOL3 -> [FB.LOL3, ME.LOPL3]",LO.LOP,3,ME,3,FB.LO,3,ME.LOP,3
614218680,pure_lateral,lat->lat,lat,lat,0,0,4,1,1,1.0,2581,2581.0,MB_ML.MB_CA,3,2,2,"[MB_CA.CREL3, PLP.CREL3] -> MB_ML.MB_CAL3 -> [MB_CA.MB_MLL3, MB_CA.MB_VLL3]",MB_CA.CRE,3,PLP.CRE,3,MB_CA.MB_ML,3,MB_CA.MB_VL,3
614218680,pure_lateral,lat->lat,lat,lat,0,0,4,1,1,1.0,2581,2581.0,MB_ML.MB_CA,3,2,2,"[MB_CA.MB_MLL3, PLP.CREL3] -> MB_ML.MB_CAL3 -> [MB_CA.CREL3, MB_CA.MB_VLL3]",MB_CA.MB_ML,3,PLP.CRE,3,MB_CA.CRE,3,MB_CA.MB_VL,3
614218680,pure_lateral,lat->lat,lat,lat,0,0,4,1,1,1.0,2581,2581.0,MB_ML.MB_CA,3,2,2,"[MB_CA.MB_VLL3, PLP.CREL3] -> MB_ML.MB_CAL3 -> [MB_CA.CREL3, MB_CA.MB_MLL3]",MB_CA.MB_VL,3,PLP.CRE,3,MB_CA.CRE,3,MB_CA.MB_ML,3
611722424,pure_lateral,lat->lat,lat,lat,0,0,4,52,1,1.0,2706,52.038,MB_ML,3,2,2,"[MB_CA.MB_MLL3, MB_CA.MB_PEDL3] -> MB_MLL3 -> [MB_CA.MB_VLL3, PLP.MB_MLL3]",MB_CA.MB_ML,3,MB_CA.MB_PED,3,MB_CA.MB_VL,3,PLP.MB_ML,3
611722424,pure_lateral,lat->lat,lat,lat,0,0,4,52,1,1.0,2706,52.038,MB_ML,3,2,2,"[MB_CA.MB_MLL3, MB_CA.MB_VLL3] -> MB_MLL3 -> [MB_CA.MB_PEDL3, PLP.MB_MLL3]",MB_CA.MB_ML,3,MB_CA.MB_VL,3,MB_CA.MB_PED,3,PLP.MB_ML,3
611722424,pure_lateral,lat->lat,lat,lat,0,0,4,52,1,1.0,2706,52.038,MB_ML,3,2,2,"[MB_CA.MB_MLL3, PLP.MB_MLL3] -> MB_MLL3 -> [MB_CA.MB_PEDL3, MB_CA.MB_VLL3]",MB_CA.MB_ML,3,PLP.MB_ML,3,MB_CA.MB_PED,3,MB_CA.MB_VL,3
611722424,pure_lateral,lat->lat,lat,lat,0,0,4,52,1,1.0,2706,52.038,MB_ML,3,2,2,"[MB_CA.MB_PEDL3, MB_CA.MB_VLL3] -> MB_MLL3 -> [MB_CA.MB_MLL3, PLP.MB_MLL3]",MB_CA.MB_PED,3,MB_CA.MB_VL,3,MB_CA.MB_ML,3,PLP.MB_ML,3
611722424,pure_lateral,lat->lat,lat,lat,0,0,4,52,1,1.0,2706,52.038,MB_ML,3,2,2,"[MB_CA.MB_PEDL3, PLP.MB_MLL3] -> MB_MLL3 -> [MB_CA.MB_MLL3, MB_CA.MB_VLL3]",MB_CA.MB_PED,3,PLP.MB_ML,3,MB_CA.MB_ML,3,MB_CA.MB_VL,3
611722424,pure_lateral,lat->lat,lat,lat,0,0,4,52,1,1.0,2706,52.038,MB_ML,3,2,2,"[MB_CA.MB_VLL3, PLP.MB_MLL3] -> MB_MLL3 -> [MB_CA.MB_MLL3, MB_CA.MB_PEDL3]",MB_CA.MB_VL,3,PLP.MB_ML,3,MB_CA.MB_ML,3,MB_CA.MB_PED,3
609273280,pure_lateral,lat->lat,lat,lat,0,0,4,1,1,1.0,2687,2687.0,MB_ML.MB_CA,3,2,2,"[MB_CA.MB_PEDL3, PLP.MB_PEDL3] -> MB_ML.MB_CAL3 -> [MB_CA.MB_MLL3, MB_CA.MB_VLL3]",MB_CA.MB_PED,3,PLP.MB_PED,3,MB_CA.MB_ML,3,MB_CA.MB_VL,3
605316960,pure_lateral,lat->lat,lat,lat,0,0,4,1,1,1.0,2687,2687.0,MB_ML.MB_CA,3,2,2,"[MB_CA.MB_MLL3, PLP.MB_PEDL3] -> MB_ML.MB_CAL3 -> [MB_CA.MB_PEDL3, MB_CA.MB_VLL3]",MB_CA.MB_ML,3,PLP.MB_PED,3,MB_CA.MB_PED,3,MB_CA.MB_VL,3
605316960,pure_lateral,lat->lat,lat,lat,0,0,4,1,1,1.0,2687,2687.0,MB_ML.MB_CA,3,2,2,"[MB_CA.MB_VLL3, PLP.MB_PEDL3] -> MB_ML.MB_CAL3 -> [MB_CA.MB_MLL3, MB_CA.MB_PEDL3]",MB_CA.MB_VL,3,PLP.MB_PED,3,MB_CA.MB_ML,3,MB_CA.MB_PED,3
578809616,pure_lateral,lat->lat,lat,lat,0,0,4,1,1,1.0,2687,2687.0,MB_ML.MB_CA,3,2,2,"[MB_CA.MB_MLL3, MB_CA.MB_PEDL3] -> MB_ML.MB_CAL3 -> [MB_CA.MB_VLL3, PLP.MB_PEDL3]",MB_CA.MB_ML,3,MB_CA.MB_PED,3,MB_CA.MB_VL,3,PLP.MB_PED,3
578809616,pure_lateral,lat->lat,lat,lat,0,0,4,1,1,1.0,2687,2687.0,MB_ML.MB_CA,3,2,2,"[MB_CA.MB_PEDL3, MB_CA.MB_VLL3] -> MB_ML.MB_CAL3 -> [MB_CA.MB_MLL3, PLP.MB_PEDL3]",MB_CA.MB_PED,3,MB_CA.MB_VL,3,MB_CA.MB_ML,3,PLP.MB_PED,3
575051112,pure_lateral,lat->lat,lat,lat,0,0,4,1,1,1.0,2687,2687.0,MB_ML.MB_CA,3,2,2,"[MB_CA.MB_MLL3, MB_CA.MB_VLL3] -> MB_ML.MB_CAL3 -> [MB_CA.MB_PEDL3, PLP.MB_PEDL3]",MB_CA.MB_ML,3,MB_CA.MB_VL,3,MB_CA.MB_PED,3,PLP.MB_PED,3
574273692,pure_lateral,lat->lat,lat,lat,0,0,4,2282,2,1.0,18797,8.237,LO,3,2,2,"[LO.LOPL3, MEL3] -> LOL3 -> [LOP.PLPL3, ME.LOPL3]",LO.LOP,3,ME,3,LOP.PLP,3,ME.LOP,3
573270768,pure_lateral,lat->lat,lat,lat,0,0,4,1,1,1.0,2581,2581.0,MB_ML.MB_CA,3,2,2,"[MB_CA.CREL3, MB_CA.MB_MLL3] -> MB_ML.MB_CAL3 -> [MB_CA.MB_VLL3, PLP.CREL3]",MB_CA.CRE,3,MB_CA.MB_ML,3,MB_CA.MB_VL,3,PLP.CRE,3
573270768,pure_lateral,lat->lat,lat,lat,0,0,4,1,1,1.0,2581,2581.0,MB_ML.MB_CA,3,2,2,"[MB_CA.CREL3, MB_CA.MB_VLL3] -> MB_ML.MB_CAL3 -> [MB_CA.MB_MLL3, PLP.CREL3]",MB_CA.CRE,3,MB_CA.MB_VL,3,MB_CA.MB_ML,3,PLP.CRE,3
573270768,pure_lateral,lat->lat,lat,lat,0,0,4,1,1,1.0,2581,2581.0,MB_ML.MB_CA,3,2,2,"[MB_CA.MB_MLL3, MB_CA.MB_VLL3] -> MB_ML.MB_CAL3 -> [MB_CA.CREL3, PLP.CREL3]",MB_CA.MB_ML,3,MB_CA.MB_VL,3,MB_CA.CRE,3,PLP.CRE,3
456954960,pure_lateral,lat->lat,lat,lat,0,0,4,1,1,1.0,2706,2706.0,MB_ML.MB_CA,3,2,2,"[MB_CA.MB_MLL3, MB_CA.MB_PEDL3] -> MB_ML.MB_CAL3 -> [MB_CA.MB_VLL3, PLP.MB_MLL3]",MB_CA.MB_ML,3,MB_CA.MB_PED,3,MB_CA.MB_VL,3,PLP.MB_ML,3
456954960,pure_lateral,lat->lat,lat,lat,0,0,4,1,1,1.0,2706,2706.0,MB_ML.MB_CA,3,2,2,"[MB_CA.MB_PEDL3, MB_CA.MB_VLL3] -> MB_ML.MB_CAL3 -> [MB_CA.MB_MLL3, PLP.MB_MLL3]",MB_CA.MB_PED,3,MB_CA.MB_VL,3,MB_CA.MB_ML,3,PLP.MB_ML,3
456954960,pure_lateral,lat->lat,lat,lat,0,0,4,1,1,1.0,2709,2709.0,MB_ML.MB_CA,3,2,2,"[MB_CA.MB_PEDL3, MB_MLL3] -> MB_ML.MB_CAL3 -> [MB_CA.MB_MLL3, MB_CA.MB_VLL3]",MB_CA.MB_PED,3,MB_ML,3,MB_CA.MB_ML,3,MB_CA.MB_VL,3
456954960,pure_lateral,lat->lat,lat,lat,0,0,4,1,1,1.0,2706,2706.0,MB_ML.MB_CA,3,2,2,"[MB_CA.MB_PEDL3, PLP.MB_MLL3] -> MB_ML.MB_CAL3 -> [MB_CA.MB_MLL3, MB_CA.MB_VLL3]",MB_CA.MB_PED,3,PLP.MB_ML,3,MB_CA.MB_ML,3,MB_CA.MB_VL,3
453987720,pure_lateral,lat->lat,lat,lat,0,0,4,1,1,1.0,2706,2706.0,MB_ML.MB_CA,3,2,2,"[MB_CA.MB_MLL3, MB_CA.MB_VLL3] -> MB_ML.MB_CAL3 -> [MB_CA.MB_PEDL3, PLP.MB_MLL3]",MB_CA.MB_ML,3,MB_CA.MB_VL,3,MB_CA.MB_PED,3,PLP.MB_ML,3
453987720,pure_lateral,lat->lat,lat,lat,0,0,4,1,1,1.0,2709,2709.0,MB_ML.MB_CA,3,2,2,"[MB_CA.MB_MLL3, MB_MLL3] -> MB_ML.MB_CAL3 -> [MB_CA.MB_PEDL3, MB_CA.MB_VLL3]",MB_CA.MB_ML,3,MB_ML,3,MB_CA.MB_PED,3,MB_CA.MB_VL,3
453987720,pure_lateral,lat->lat,lat,lat,0,0,4,1,1,1.0,2706,2706.0,MB_ML.MB_CA,3,2,2,"[MB_CA.MB_MLL3, PLP.MB_MLL3] -> MB_ML.MB_CAL3 -> [MB_CA.MB_PEDL3, MB_CA.MB_VLL3]",MB_CA.MB_ML,3,PLP.MB_ML,3,MB_CA.MB_PED,3,MB_CA.MB_VL,3
453987720,pure_lateral,lat->lat,lat,lat,0,0,4,1,1,1.0,2709,2709.0,MB_ML.MB_CA,3,2,2,"[MB_CA.MB_VLL3, MB_MLL3] -> MB_ML.MB_CAL3 -> [MB_CA.MB_MLL3, MB_CA.MB_PEDL3]",MB_CA.MB_VL,3,MB_ML,3,MB_CA.MB_ML,3,MB_CA.MB_PED,3
453987720,pure_lateral,lat->lat,lat,lat,0,0,4,1,1,1.0,2706,2706.0,MB_ML.MB_CA,3,2,2,"[MB_CA.MB_VLL3, PLP.MB_MLL3] -> MB_ML.MB_CAL3 -> [MB_CA.MB_MLL3, MB_CA.MB_PEDL3]",MB_CA.MB_VL,3,PLP.MB_ML,3,MB_CA.MB_ML,3,MB_CA.MB_PED,3
365563968,pure_lateral,lat->lat,lat,lat,0,0,4,1,1,1.0,2709,2709.0,MB_ML.MB_CA,3,2,2,"[MB_CA.MB_MLL3, MB_CA.MB_PEDL3] -> MB_ML.MB_CAL3 -> [MB_CA.MB_VLL3, MB_MLL3]",MB_CA.MB_ML,3,MB_CA.MB_PED,3,MB_CA.MB_VL,3,MB_ML,3
365563968,pure_lateral,lat->lat,lat,lat,0,0,4,1,1,1.0,2709,2709.0,MB_ML.MB_CA,3,2,2,"[MB_CA.MB_PEDL3, MB_CA.MB_VLL3] -> MB_ML.MB_CAL3 -> [MB_CA.MB_MLL3, MB_MLL3]",MB_CA.MB_PED,3,MB_CA.MB_VL,3,MB_CA.MB_ML,3,MB_ML,3
363190176,pure_lateral,lat->lat,lat,lat,0,0,4,1,1,1.0,2709,2709.0,MB_ML.MB_CA,3,2,2,"[MB_CA.MB_MLL3, MB_CA.MB_VLL3] -> MB_ML.MB_CAL3 -> [MB_CA.MB_PEDL3, MB_MLL3]",MB_CA.MB_ML,3,MB_CA.MB_VL,3,MB_CA.MB_PED,3,MB_ML,3
359836720,pure_lateral,lat->lat,lat,lat,0,0,4,52,1,1.0,2732,52.538,MB_ML,3,2,2,"[MB_CA.MB_MLL3, MB_CA.MB_PEDL3] -> MB_MLL3 -> [MB_CA.MB_VLL3, PLP.CREL3]",MB_CA.MB_ML,3,MB_CA.MB_PED,3,MB_CA.MB_VL,3,PLP.CRE,3
359836720,pure_lateral,lat->lat,lat,lat,0,0,4,52,1,1.0,2679,51.519,MB_ML,3,2,2,"[MB_CA.MB_MLL3, MB_CA.MB_PEDL3] -> MB_MLL3 -> [MB_CA.MB_VLL3, SCL.MB_MLL3]",MB_CA.MB_ML,3,MB_CA.MB_PED,3,MB_CA.MB_VL,3,SCL.MB_ML,3
359836720,pure_lateral,lat->lat,lat,lat,0,0,4,52,1,1.0,2732,52.538,MB_ML,3,2,2,"[MB_CA.MB_MLL3, MB_CA.MB_VLL3] -> MB_MLL3 -> [MB_CA.MB_PEDL3, PLP.CREL3]",MB_CA.MB_ML,3,MB_CA.MB_VL,3,MB_CA.MB_PED,3,PLP.CRE,3
359836720,pure_lateral,lat->lat,lat,lat,0,0,4,52,1,1.0,2679,51.519,MB_ML,3,2,2,"[MB_CA.MB_MLL3, MB_CA.MB_VLL3] -> MB_MLL3 -> [MB_CA.MB_PEDL3, SCL.MB_MLL3]",MB_CA.MB_ML,3,MB_CA.MB_VL,3,MB_CA.MB_PED,3,SCL.MB_ML,3
359836720,pure_lateral,lat->lat,lat,lat,0,0,4,52,1,1.0,2732,52.538,MB_ML,3,2,2,"[MB_CA.MB_MLL3, PLP.CREL3] -> MB_MLL3 -> [MB_CA.MB_PEDL3, MB_CA.MB_VLL3]",MB_CA.MB_ML,3,PLP.CRE,3,MB_CA.MB_PED,3,MB_CA.MB_VL,3
359836720,pure_lateral,lat->lat,lat,lat,0,0,4,52,1,1.0,2679,51.519,MB_ML,3,2,2,"[MB_CA.MB_MLL3, SCL.MB_MLL3] -> MB_MLL3 -> [MB_CA.MB_PEDL3, MB_CA.MB_VLL3]",MB_CA.MB_ML,3,SCL.MB_ML,3,MB_CA.MB_PED,3,MB_CA.MB_VL,3
359836720,pure_lateral,lat->lat,lat,lat,0,0,4,52,1,1.0,2732,52.538,MB_ML,3,2,2,"[MB_CA.MB_PEDL3, MB_CA.MB_VLL3] -> MB_MLL3 -> [MB_CA.MB_MLL3, PLP.CREL3]",MB_CA.MB_PED,3,MB_CA.MB_VL,3,MB_CA.MB_ML,3,PLP.CRE,3
359836720,pure_lateral,lat->lat,lat,lat,0,0,4,52,1,1.0,2679,51.519,MB_ML,3,2,2,"[MB_CA.MB_PEDL3, MB_CA.MB_VLL3] -> MB_MLL3 -> [MB_CA.MB_MLL3, SCL.MB_MLL3]",MB_CA.MB_PED,3,MB_CA.MB_VL,3,MB_CA.MB_ML,3,SCL.MB_ML,3
359836720,pure_lateral,lat->lat,lat,lat,0,0,4,52,1,1.0,2732,52.538,MB_ML,3,2,2,"[MB_CA.MB_PEDL3, PLP.CREL3] -> MB_MLL3 -> [MB_CA.MB_MLL3, MB_CA.MB_VLL3]",MB_CA.MB_PED,3,PLP.CRE,3,MB_CA.MB_ML,3,MB_CA.MB_VL,3
359836720,pure_lateral,lat->lat,lat,lat,0,0,4,52,1,1.0,2679,51.519,MB_ML,3,2,2,"[MB_CA.MB_PEDL3, SCL.MB_MLL3] -> MB_MLL3 -> [MB_CA.MB_MLL3, MB_CA.MB_VLL3]",MB_CA.MB_PED,3,SCL.MB_ML,3,MB_CA.MB_ML,3,MB_CA.MB_VL,3
359836720,pure_lateral,lat->lat,lat,lat,0,0,4,52,1,1.0,2732,52.538,MB_ML,3,2,2,"[MB_CA.MB_VLL3, PLP.CREL3] -> MB_MLL3 -> [MB_CA.MB_MLL3, MB_CA.MB_PEDL3]",MB_CA.MB_VL,3,PLP.CRE,3,MB_CA.MB_ML,3,MB_CA.MB_PED,3
359836720,pure_lateral,lat->lat,lat,lat,0,0,4,52,1,1.0,2679,51.519,MB_ML,3,2,2,"[MB_CA.MB_VLL3, SCL.MB_MLL3] -> MB_MLL3 -> [MB_CA.MB_MLL3, MB_CA.MB_PEDL3]",MB_CA.MB_VL,3,SCL.MB_ML,3,MB_CA.MB_ML,3,MB_CA.MB_PED,3
348738952,pure_lateral,lat->lat,lat,lat,0,0,4,52,1,1.0,2416,46.462,MB_ML,3,2,2,"[MB_CA.CREL3, MB_CA.MB_MLL3] -> MB_MLL3 -> [MB_CA.MB_PEDL3, PLP.MB_MLL3]",MB_CA.CRE,3,MB_CA.MB_ML,3,MB_CA.MB_PED,3,PLP.MB_ML,3
348738952,pure_lateral,lat->lat,lat,lat,0,0,4,52,1,1.0,2416,46.462,MB_ML,3,2,2,"[MB_CA.CREL3, MB_CA.MB_PEDL3] -> MB_MLL3 -> [MB_CA.MB_MLL3, PLP.MB_MLL3]",MB_CA.CRE,3,MB_CA.MB_PED,3,MB_CA.MB_ML,3,PLP.MB_ML,3
348738952,pure_lateral,lat->lat,lat,lat,0,0,4,52,1,1.0,2416,46.462,MB_ML,3,2,2,"[MB_CA.CREL3, PLP.MB_MLL3] -> MB_MLL3 -> [MB_CA.MB_MLL3, MB_CA.MB_PEDL3]",MB_CA.CRE,3,PLP.MB_ML,3,MB_CA.MB_ML,3,MB_CA.MB_PED,3
348738952,pure_lateral,lat->lat,lat,lat,0,0,4,52,1,1.0,2416,46.462,MB_ML,3,2,2,"[MB_CA.MB_MLL3, MB_CA.MB_PEDL3] -> MB_MLL3 -> [MB_CA.CREL3, PLP.MB_MLL3]",MB_CA.MB_ML,3,MB_CA.MB_PED,3,MB_CA.CRE,3,PLP.MB_ML,3
348738952,pure_lateral,lat->lat,lat,lat,0,0,4,52,1,1.0,2416,46.462,MB_ML,3,2,2,"[MB_CA.MB_MLL3, PLP.MB_MLL3] -> MB_MLL3 -> [MB_CA.CREL3, MB_CA.MB_PEDL3]",MB_CA.MB_ML,3,PLP.MB_ML,3,MB_CA.CRE,3,MB_CA.MB_PED,3
348738952,pure_lateral,lat->lat,lat,lat,0,0,4,52,1,1.0,2416,46.462,MB_ML,3,2,2,"[MB_CA.MB_PEDL3, PLP.MB_MLL3] -> MB_MLL3 -> [MB_CA.CREL3, MB_CA.MB_MLL3]",MB_CA.MB_PED,3,PLP.MB_ML,3,MB_CA.CRE,3,MB_CA.MB_ML,3
314815974,pure_lateral,lat->lat,lat,lat,0,0,4,2282,8,1.0,16726,7.33,LO,3,2,2,"[LOP.LOL3, ME.LOL3] -> LOL3 -> [LO.LOPL3, ME.LOPL3]",LOP.LO,3,ME.LO,3,LO.LOP,3,ME.LOP,3
314799707,pure_lateral,lat->lat,lat,lat,0,0,4,2282,5,1.0,16639,7.291,LO,3,2,2,"[ME.LOL3, PVLP.LOL3] -> LOL3 -> [LO.LOPL3, ME.LOPL3]",ME.LO,3,PVLP.LO,3,LO.LOP,3,ME.LOP,3
314792440,pure_lateral,lat->lat,lat,lat,0,0,4,2282,1,1.0,16820,7.371,LO,3,2,2,"[LO.PLPL3, ME.LOL3] -> LOL3 -> [LO.LOPL3, ME.LOPL3]",LO.PLP,3,ME.LO,3,LO.LOP,3,ME.LOP,3
302203440,pure_lateral,lat->lat,lat,lat,0,0,4,1,1,1.0,2442,2442.0,MB_ML.MB_CA,3,2,2,"[MB_CA.MB_PEDL3, PLP.CREL3] -> MB_ML.MB_CAL3 -> [MB_CA.CREL3, MB_CA.MB_MLL3]",MB_CA.MB_PED,3,PLP.CRE,3,MB_CA.CRE,3,MB_CA.MB_ML,3
300241080,pure_lateral,lat->lat,lat,lat,0,0,4,1,1,1.0,2442,2442.0,MB_ML.MB_CA,3,2,2,"[MB_CA.CREL3, PLP.CREL3] -> MB_ML.MB_CAL3 -> [MB_CA.MB_MLL3, MB_CA.MB_PEDL3]",MB_CA.CRE,3,PLP.CRE,3,MB_CA.MB_ML,3,MB_CA.MB_PED,3
300241080,pure_lateral,lat->lat,lat,lat,0,0,4,1,1,1.0,2442,2442.0,MB_ML.MB_CA,3,2,2,"[MB_CA.MB_MLL3, PLP.CREL3] -> MB_ML.MB_CAL3 -> [MB_CA.CREL3, MB_CA.MB_PEDL3]",MB_CA.MB_ML,3,PLP.CRE,3,MB_CA.CRE,3,MB_CA.MB_PED,3
293819432,pure_lateral,lat->lat,lat,lat,0,0,4,52,1,1.0,2555,49.135,MB_ML,3,2,2,"[MB_CA.CREL3, MB_CA.MB_MLL3] -> MB_MLL3 -> [MB_CA.MB_VLL3, PLP.MB_MLL3]",MB_CA.CRE,3,MB_CA.MB_ML,3,MB_CA.MB_VL,3,PLP.MB_ML,3
293819432,pure_lateral,lat->lat,lat,lat,0,0,4,52,1,1.0,2555,49.135,MB_ML,3,2,2,"[MB_CA.CREL3, MB_CA.MB_VLL3] -> MB_MLL3 -> [MB_CA.MB_MLL3, PLP.MB_MLL3]",MB_CA.CRE,3,MB_CA.MB_VL,3,MB_CA.MB_ML,3,PLP.MB_ML,3
293819432,pure_lateral,lat->lat,lat,lat,0,0,4,52,1,1.0,2555,49.135,MB_ML,3,2,2,"[MB_CA.CREL3, PLP.MB_MLL3] -> MB_MLL3 -> [MB_CA.MB_MLL3, MB_CA.MB_VLL3]",MB_CA.CRE,3,PLP.MB_ML,3,MB_CA.MB_ML,3,MB_CA.MB_VL,3
293819432,pure_lateral,lat->lat,lat,lat,0,0,4,52,1,1.0,2555,49.135,MB_ML,3,2,2,"[MB_CA.MB_MLL3, MB_CA.MB_VLL3] -> MB_MLL3 -> [MB_CA.CREL3, PLP.MB_MLL3]",MB_CA.MB_ML,3,MB_CA.MB_VL,3,MB_CA.CRE,3,PLP.MB_ML,3
293819432,pure_lateral,lat->lat,lat,lat,0,0,4,52,1,1.0,2555,49.135,MB_ML,3,2,2,"[MB_CA.MB_MLL3, PLP.MB_MLL3] -> MB_MLL3 -> [MB_CA.CREL3, MB_CA.MB_VLL3]",MB_CA.MB_ML,3,PLP.MB_ML,3,MB_CA.CRE,3,MB_CA.MB_VL,3
293819432,pure_lateral,lat->lat,lat,lat,0,0,4,52,1,1.0,2555,49.135,MB_ML,3,2,2,"[MB_CA.MB_VLL3, PLP.MB_MLL3] -> MB_MLL3 -> [MB_CA.CREL3, MB_CA.MB_MLL3]",MB_CA.MB_VL,3,PLP.MB_ML,3,MB_CA.CRE,3,MB_CA.MB_ML,3
282056544,pure_lateral,lat->lat,lat,lat,0,0,4,1,1,1.0,2442,2442.0,MB_ML.MB_CA,3,2,2,"[MB_CA.CREL3, MB_CA.MB_PEDL3] -> MB_ML.MB_CAL3 -> [MB_CA.MB_MLL3, PLP.CREL3]",MB_CA.CRE,3,MB_CA.MB_PED,3,MB_CA.MB_ML,3,PLP.CRE,3
282056544,pure_lateral,lat->lat,lat,lat,0,0,4,1,1,1.0,2442,2442.0,MB_ML.MB_CA,3,2,2,"[MB_CA.MB_MLL3, MB_CA.MB_PEDL3] -> MB_ML.MB_CAL3 -> [MB_CA.CREL3, PLP.CREL3]",MB_CA.MB_ML,3,MB_CA.MB_PED,3,MB_CA.CRE,3,PLP.CRE,3
280225008,pure_lateral,lat->lat,lat,lat,0,0,4,1,1,1.0,2442,2442.0,MB_ML.MB_CA,3,2,2,"[MB_CA.CREL3, MB_CA.MB_MLL3] -> MB_ML.MB_CAL3 -> [MB_CA.MB_PEDL3, PLP.CREL3]",MB_CA.CRE,3,MB_CA.MB_ML,3,MB_CA.MB_PED,3,PLP.CRE,3
274172976,pure_lateral,lat->lat,lat,lat,0,0,4,1,1,1.0,2681,2681.0,MB_ML.MB_CA,3,2,2,"[MB_CAL3, MB_CA.MB_PEDL3] -> MB_ML.MB_CAL3 -> [MB_CA.MB_MLL3, MB_CA.MB_VLL3]",MB_CA,3,MB_CA.MB_PED,3,MB_CA.MB_ML,3,MB_CA.MB_VL,3
274172976,pure_lateral,lat->lat,lat,lat,0,0,4,1,1,1.0,2681,2681.0,MB_ML.MB_CA,3,2,2,"[MB_CA.MB_MLL3, MB_CA.MB_PEDL3] -> MB_ML.MB_CAL3 -> [MB_CAL3, MB_CA.MB_VLL3]",MB_CA.MB_ML,3,MB_CA.MB_PED,3,MB_CA,3,MB_CA.MB_VL,3
274172976,pure_lateral,lat->lat,lat,lat,0,0,4,1,1,1.0,2681,2681.0,MB_ML.MB_CA,3,2,2,"[MB_CA.MB_PEDL3, MB_CA.MB_VLL3] -> MB_ML.MB_CAL3 -> [MB_CAL3, MB_CA.MB_MLL3]",MB_CA.MB_PED,3,MB_CA.MB_VL,3,MB_CA,3,MB_CA.MB_ML,3
272986080,pure_lateral,lat->lat,lat,lat,0,0,4,1,1,1.0,2536,2536.0,MB_ML.MB_CA,3,2,2,"[MB_CA.CREL3, PLP.MB_PEDL3] -> MB_ML.MB_CAL3 -> [MB_CA.MB_MLL3, MB_CA.MB_VLL3]",MB_CA.CRE,3,PLP.MB_PED,3,MB_CA.MB_ML,3,MB_CA.MB_VL,3
272986080,pure_lateral,lat->lat,lat,lat,0,0,4,1,1,1.0,2536,2536.0,MB_ML.MB_CA,3,2,2,"[MB_CA.MB_MLL3, PLP.MB_PEDL3] -> MB_ML.MB_CAL3 -> [MB_CA.CREL3, MB_CA.MB_VLL3]",MB_CA.MB_ML,3,PLP.MB_PED,3,MB_CA.CRE,3,MB_CA.MB_VL,3
272986080,pure_lateral,lat->lat,lat,lat,0,0,4,1,1,1.0,2536,2536.0,MB_ML.MB_CA,3,2,2,"[MB_CA.MB_VLL3, PLP.MB_PEDL3] -> MB_ML.MB_CAL3 -> [MB_CA.CREL3, MB_CA.MB_MLL3]",MB_CA.MB_VL,3,PLP.MB_PED,3,MB_CA.CRE,3,MB_CA.MB_ML,3
272392632,pure_lateral,lat->lat,lat,lat,0,0,4,1,1,1.0,2681,2681.0,MB_ML.MB_CA,3,2,2,"[MB_CAL3, MB_CA.MB_MLL3] -> MB_ML.MB_CAL3 -> [MB_CA.MB_PEDL3, MB_CA.MB_VLL3]",MB_CA,3,MB_CA.MB_ML,3,MB_CA.MB_PED,3,MB_CA.MB_VL,3
272392632,pure_lateral,lat->lat,lat,lat,0,0,4,1,1,1.0,2681,2681.0,MB_ML.MB_CA,3,2,2,"[MB_CAL3, MB_CA.MB_VLL3] -> MB_ML.MB_CAL3 -> [MB_CA.MB_MLL3, MB_CA.MB_PEDL3]",MB_CA,3,MB_CA.MB_VL,3,MB_CA.MB_ML,3,MB_CA.MB_PED,3
272392632,pure_lateral,lat->lat,lat,lat,0,0,4,1,1,1.0,2681,2681.0,MB_ML.MB_CA,3,2,2,"[MB_CA.MB_MLL3, MB_CA.MB_VLL3] -> MB_ML.MB_CAL3 -> [MB_CAL3, MB_CA.MB_PEDL3]",MB_CA.MB_ML,3,MB_CA.MB_VL,3,MB_CA,3,MB_CA.MB_PED,3
259336776,pure_lateral,lat->lat,lat,lat,0,0,4,1,1,1.0,2536,2536.0,MB_ML.MB_CA,3,2,2,"[MB_CA.CREL3, MB_CA.MB_MLL3] -> MB_ML.MB_CAL3 -> [MB_CA.MB_VLL3, PLP.MB_PEDL3]",MB_CA.CRE,3,MB_CA.MB_ML,3,MB_CA.MB_VL,3,PLP.MB_PED,3
259336776,pure_lateral,lat->lat,lat,lat,0,0,4,1,1,1.0,2536,2536.0,MB_ML.MB_CA,3,2,2,"[MB_CA.CREL3, MB_CA.MB_VLL3] -> MB_ML.MB_CAL3 -> [MB_CA.MB_MLL3, PLP.MB_PEDL3]",MB_CA.CRE,3,MB_CA.MB_VL,3,MB_CA.MB_ML,3,PLP.MB_PED,3
259336776,pure_lateral,lat->lat,lat,lat,0,0,4,1,1,1.0,2536,2536.0,MB_ML.MB_CA,3,2,2,"[MB_CA.MB_MLL3, MB_CA.MB_VLL3] -> MB_ML.MB_CAL3 -> [MB_CA.CREL3, PLP.MB_PEDL3]",MB_CA.MB_ML,3,MB_CA.MB_VL,3,MB_CA.CRE,3,PLP.MB_PED,3
257388459,pure_lateral,lat->lat,lat,lat,0,0,4,2282,8,1.0,18571,8.138,LO,3,2,2,"[LOP.LOL3, ME.LOPL3] -> LOL3 -> [LO.LOPL3, MEL3]",LOP.LO,3,ME.LOP,3,LO.LOP,3,ME,3
257387335,pure_lateral,lat->lat,lat,lat,0,0,4,2282,3,1.0,18484,8.1,LO,3,2,2,"[ME.LOPL3, PVLP.LOL3] -> LOL3 -> [LO.LOPL3, MEL3]",ME.LOP,3,PVLP.LO,3,LO.LOP,3,ME,3
257387008,pure_lateral,lat->lat,lat,lat,0,0,4,2282,1,1.0,18665,8.179,LO,3,2,2,"[LO.PLPL3, ME.LOPL3] -> LOL3 -> [LO.LOPL3, MEL3]",LO.PLP,3,ME.LOP,3,LO.LOP,3,ME,3
245867904,pure_lateral,lat->lat,lat,lat,0,0,4,35,1,1.0,11905,340.143,PVLP.LO,3,2,2,"[LO.PVLPL3, PVLPL3] -> PVLP.LOL3 -> [LOL3, ME.LOL3]",LO.PVLP,3,PVLP,3,LO,3,ME.LO,3
213148821,pure_lateral,lat->lat,lat,lat,0,0,4,2282,3,1.0,16952,7.429,LO,3,2,2,"[ME.LOL3, ME.LOPL3] -> LOL3 -> [LO.LOPL3, LOP.PLPL3]",ME.LO,3,ME.LOP,3,LO.LOP,3,LOP.PLP,3
207117890,pure_lateral,lat->lat,lat,lat,0,0,4,2282,8,1.0,16726,7.33,LO,3,2,2,"[LOP.LOL3, ME.LOPL3] -> LOL3 -> [LO.LOPL3, ME.LOL3]",LOP.LO,3,ME.LOP,3,LO.LOP,3,ME.LO,3
207116480,pure_lateral,lat->lat,lat,lat,0,0,4,2282,3,1.0,16639,7.291,LO,3,2,2,"[ME.LOPL3, PVLP.LOL3] -> LOL3 -> [LO.LOPL3, ME.LOL3]",ME.LOP,3,PVLP.LO,3,LO.LOP,3,ME.LO,3
207116108,pure_lateral,lat->lat,lat,lat,0,0,4,2282,1,1.0,16820,7.371,LO,3,2,2,"[LO.PLPL3, ME.LOPL3] -> LOL3 -> [LO.LOPL3, ME.LOL3]",LO.PLP,3,ME.LOP,3,LO.LOP,3,ME.LO,3
205140560,pure_lateral,lat->lat,lat,lat,0,0,4,52,1,1.0,2442,46.962,MB_ML,3,2,2,"[MB_CA.CREL3, MB_CA.MB_MLL3] -> MB_MLL3 -> [MB_CA.MB_PEDL3, PLP.CREL3]",MB_CA.CRE,3,MB_CA.MB_ML,3,MB_CA.MB_PED,3,PLP.CRE,3
205140560,pure_lateral,lat->lat,lat,lat,0,0,4,52,1,1.0,2389,45.942,MB_ML,3,2,2,"[MB_CA.CREL3, MB_CA.MB_MLL3] -> MB_MLL3 -> [MB_CA.MB_PEDL3, SCL.MB_MLL3]",MB_CA.CRE,3,MB_CA.MB_ML,3,MB_CA.MB_PED,3,SCL.MB_ML,3
205140560,pure_lateral,lat->lat,lat,lat,0,0,4,52,1,1.0,2442,46.962,MB_ML,3,2,2,"[MB_CA.CREL3, MB_CA.MB_PEDL3] -> MB_MLL3 -> [MB_CA.MB_MLL3, PLP.CREL3]",MB_CA.CRE,3,MB_CA.MB_PED,3,MB_CA.MB_ML,3,PLP.CRE,3
205140560,pure_lateral,lat->lat,lat,lat,0,0,4,52,1,1.0,2389,45.942,MB_ML,3,2,2,"[MB_CA.CREL3, MB_CA.MB_PEDL3] -> MB_MLL3 -> [MB_CA.MB_MLL3, SCL.MB_MLL3]",MB_CA.CRE,3,MB_CA.MB_PED,3,MB_CA.MB_ML,3,SCL.MB_ML,3
205140560,pure_lateral,lat->lat,lat,lat,0,0,4,52,1,1.0,2442,46.962,MB_ML,3,2,2,"[MB_CA.CREL3, PLP.CREL3] -> MB_MLL3 -> [MB_CA.MB_MLL3, MB_CA.MB_PEDL3]",MB_CA.CRE,3,PLP.CRE,3,MB_CA.MB_ML,3,MB_CA.MB_PED,3
205140560,pure_lateral,lat->lat,lat,lat,0,0,4,52,1,1.0,2389,45.942,MB_ML,3,2,2,"[MB_CA.CREL3, SCL.MB_MLL3] -> MB_MLL3 -> [MB_CA.MB_MLL3, MB_CA.MB_PEDL3]",MB_CA.CRE,3,SCL.MB_ML,3,MB_CA.MB_ML,3,MB_CA.MB_PED,3
205140560,pure_lateral,lat->lat,lat,lat,0,0,4,52,1,1.0,2442,46.962,MB_ML,3,2,2,"[MB_CA.MB_MLL3, MB_CA.MB_PEDL3] -> MB_MLL3 -> [MB_CA.CREL3, PLP.CREL3]",MB_CA.MB_ML,3,MB_CA.MB_PED,3,MB_CA.CRE,3,PLP.CRE,3
205140560,pure_lateral,lat->lat,lat,lat,0,0,4,52,1,1.0,2389,45.942,MB_ML,3,2,2,"[MB_CA.MB_MLL3, MB_CA.MB_PEDL3] -> MB_MLL3 -> [MB_CA.CREL3, SCL.MB_MLL3]",MB_CA.MB_ML,3,MB_CA.MB_PED,3,MB_CA.CRE,3,SCL.MB_ML,3
205140560,pure_lateral,lat->lat,lat,lat,0,0,4,52,1,1.0,2442,46.962,MB_ML,3,2,2,"[MB_CA.MB_MLL3, PLP.CREL3] -> MB_MLL3 -> [MB_CA.CREL3, MB_CA.MB_PEDL3]",MB_CA.MB_ML,3,PLP.CRE,3,MB_CA.CRE,3,MB_CA.MB_PED,3
205140560,pure_lateral,lat->lat,lat,lat,0,0,4,52,1,1.0,2389,45.942,MB_ML,3,2,2,"[MB_CA.MB_MLL3, SCL.MB_MLL3] -> MB_MLL3 -> [MB_CA.CREL3, MB_CA.MB_PEDL3]",MB_CA.MB_ML,3,SCL.MB_ML,3,MB_CA.CRE,3,MB_CA.MB_PED,3
205140560,pure_lateral,lat->lat,lat,lat,0,0,4,52,1,1.0,2442,46.962,MB_ML,3,2,2,"[MB_CA.MB_PEDL3, PLP.CREL3] -> MB_MLL3 -> [MB_CA.CREL3, MB_CA.MB_MLL3]",MB_CA.MB_PED,3,PLP.CRE,3,MB_CA.CRE,3,MB_CA.MB_ML,3
205140560,pure_lateral,lat->lat,lat,lat,0,0,4,52,1,1.0,2389,45.942,MB_ML,3,2,2,"[MB_CA.MB_PEDL3, SCL.MB_MLL3] -> MB_MLL3 -> [MB_CA.CREL3, MB_CA.MB_MLL3]",MB_CA.MB_PED,3,SCL.MB_ML,3,MB_CA.CRE,3,MB_CA.MB_ML,3
204739560,pure_lateral,lat->lat,lat,lat,0,0,4,1,1,1.0,2555,2555.0,MB_ML.MB_CA,3,2,2,"[MB_CA.CREL3, MB_CA.MB_MLL3] -> MB_ML.MB_CAL3 -> [MB_CA.MB_VLL3, PLP.MB_MLL3]",MB_CA.CRE,3,MB_CA.MB_ML,3,MB_CA.MB_VL,3,PLP.MB_ML,3
204739560,pure_lateral,lat->lat,lat,lat,0,0,4,1,1,1.0,2555,2555.0,MB_ML.MB_CA,3,2,2,"[MB_CA.CREL3, MB_CA.MB_VLL3] -> MB_ML.MB_CAL3 -> [MB_CA.MB_MLL3, PLP.MB_MLL3]",MB_CA.CRE,3,MB_CA.MB_VL,3,MB_CA.MB_ML,3,PLP.MB_ML,3
204739560,pure_lateral,lat->lat,lat,lat,0,0,4,1,1,1.0,2558,2558.0,MB_ML.MB_CA,3,2,2,"[MB_CA.CREL3, MB_MLL3] -> MB_ML.MB_CAL3 -> [MB_CA.MB_MLL3, MB_CA.MB_VLL3]",MB_CA.CRE,3,MB_ML,3,MB_CA.MB_ML,3,MB_CA.MB_VL,3
204739560,pure_lateral,lat->lat,lat,lat,0,0,4,1,1,1.0,2555,2555.0,MB_ML.MB_CA,3,2,2,"[MB_CA.CREL3, PLP.MB_MLL3] -> MB_ML.MB_CAL3 -> [MB_CA.MB_MLL3, MB_CA.MB_VLL3]",MB_CA.CRE,3,PLP.MB_ML,3,MB_CA.MB_ML,3,MB_CA.MB_VL,3
204739560,pure_lateral,lat->lat,lat,lat,0,0,4,1,1,1.0,2555,2555.0,MB_ML.MB_CA,3,2,2,"[MB_CA.MB_MLL3, MB_CA.MB_VLL3] -> MB_ML.MB_CAL3 -> [MB_CA.CREL3, PLP.MB_MLL3]",MB_CA.MB_ML,3,MB_CA.MB_VL,3,MB_CA.CRE,3,PLP.MB_ML,3
204739560,pure_lateral,lat->lat,lat,lat,0,0,4,1,1,1.0,2558,2558.0,MB_ML.MB_CA,3,2,2,"[MB_CA.MB_MLL3, MB_MLL3] -> MB_ML.MB_CAL3 -> [MB_CA.CREL3, MB_CA.MB_VLL3]",MB_CA.MB_ML,3,MB_ML,3,MB_CA.CRE,3,MB_CA.MB_VL,3
204739560,pure_lateral,lat->lat,lat,lat,0,0,4,1,1,1.0,2555,2555.0,MB_ML.MB_CA,3,2,2,"[MB_CA.MB_MLL3, PLP.MB_MLL3] -> MB_ML.MB_CAL3 -> [MB_CA.CREL3, MB_CA.MB_VLL3]",MB_CA.MB_ML,3,PLP.MB_ML,3,MB_CA.CRE,3,MB_CA.MB_VL,3
204739560,pure_lateral,lat->lat,lat,lat,0,0,4,1,1,1.0,2558,2558.0,MB_ML.MB_CA,3,2,2,"[MB_CA.MB_VLL3, MB_MLL3] -> MB_ML.MB_CAL3 -> [MB_CA.CREL3, MB_CA.MB_MLL3]",MB_CA.MB_VL,3,MB_ML,3,MB_CA.CRE,3,MB_CA.MB_ML,3
204739560,pure_lateral,lat->lat,lat,lat,0,0,4,1,1,1.0,2555,2555.0,MB_ML.MB_CA,3,2,2,"[MB_CA.MB_VLL3, PLP.MB_MLL3] -> MB_ML.MB_CAL3 -> [MB_CA.CREL3, MB_CA.MB_MLL3]",MB_CA.MB_VL,3,PLP.MB_ML,3,MB_CA.CRE,3,MB_CA.MB_ML,3
197910196,pure_lateral,lat->lat,lat,lat,0,0,4,52,1,1.0,2681,51.558,MB_ML,3,2,2,"[MB_CAL3, MB_CA.MB_MLL3] -> MB_MLL3 -> [MB_CA.MB_PEDL3, MB_CA.MB_VLL3]",MB_CA,3,MB_CA.MB_ML,3,MB_CA.MB_PED,3,MB_CA.MB_VL,3
197910196,pure_lateral,lat->lat,lat,lat,0,0,4,52,1,1.0,2681,51.558,MB_ML,3,2,2,"[MB_CAL3, MB_CA.MB_PEDL3] -> MB_MLL3 -> [MB_CA.MB_MLL3, MB_CA.MB_VLL3]",MB_CA,3,MB_CA.MB_PED,3,MB_CA.MB_ML,3,MB_CA.MB_VL,3
197910196,pure_lateral,lat->lat,lat,lat,0,0,4,52,1,1.0,2681,51.558,MB_ML,3,2,2,"[MB_CAL3, MB_CA.MB_VLL3] -> MB_MLL3 -> [MB_CA.MB_MLL3, MB_CA.MB_PEDL3]",MB_CA,3,MB_CA.MB_VL,3,MB_CA.MB_ML,3,MB_CA.MB_PED,3
197910196,pure_lateral,lat->lat,lat,lat,0,0,4,52,1,1.0,2681,51.558,MB_ML,3,2,2,"[MB_CA.MB_MLL3, MB_CA.MB_PEDL3] -> MB_MLL3 -> [MB_CAL3, MB_CA.MB_VLL3]",MB_CA.MB_ML,3,MB_CA.MB_PED,3,MB_CA,3,MB_CA.MB_VL,3
197910196,pure_lateral,lat->lat,lat,lat,0,0,4,52,1,1.0,2676,51.462,MB_ML,3,2,2,"[MB_CA.MB_MLL3, MB_CA.MB_PEDL3] -> MB_MLL3 -> [MB_CA.MB_VLL3, SLP.MB_MLL3]",MB_CA.MB_ML,3,MB_CA.MB_PED,3,MB_CA.MB_VL,3,SLP.MB_ML,3
197910196,pure_lateral,lat->lat,lat,lat,0,0,4,52,1,1.0,2681,51.558,MB_ML,3,2,2,"[MB_CA.MB_MLL3, MB_CA.MB_VLL3] -> MB_MLL3 -> [MB_CAL3, MB_CA.MB_PEDL3]",MB_CA.MB_ML,3,MB_CA.MB_VL,3,MB_CA,3,MB_CA.MB_PED,3
197910196,pure_lateral,lat->lat,lat,lat,0,0,4,52,1,1.0,2676,51.462,MB_ML,3,2,2,"[MB_CA.MB_MLL3, MB_CA.MB_VLL3] -> MB_MLL3 -> [MB_CA.MB_PEDL3, SLP.MB_MLL3]",MB_CA.MB_ML,3,MB_CA.MB_VL,3,MB_CA.MB_PED,3,SLP.MB_ML,3
197910196,pure_lateral,lat->lat,lat,lat,0,0,4,52,1,1.0,2676,51.462,MB_ML,3,2,2,"[MB_CA.MB_MLL3, SLP.MB_MLL3] -> MB_MLL3 -> [MB_CA.MB_PEDL3, MB_CA.MB_VLL3]",MB_CA.MB_ML,3,SLP.MB_ML,3,MB_CA.MB_PED,3,MB_CA.MB_VL,3
197910196,pure_lateral,lat->lat,lat,lat,0,0,4,52,1,1.0,2681,51.558,MB_ML,3,2,2,"[MB_CA.MB_PEDL3, MB_CA.MB_VLL3] -> MB_MLL3 -> [MB_CAL3, MB_CA.MB_MLL3]",MB_CA.MB_PED,3,MB_CA.MB_VL,3,MB_CA,3,MB_CA.MB_ML,3
197910196,pure_lateral,lat->lat,lat,lat,0,0,4,52,1,1.0,2676,51.462,MB_ML,3,2,2,"[MB_CA.MB_PEDL3, MB_CA.MB_VLL3] -> MB_MLL3 -> [MB_CA.MB_MLL3, SLP.MB_MLL3]",MB_CA.MB_PED,3,MB_CA.MB_VL,3,MB_CA.MB_ML,3,SLP.MB_ML,3
197910196,pure_lateral,lat->lat,lat,lat,0,0,4,52,1,1.0,2676,51.462,MB_ML,3,2,2,"[MB_CA.MB_PEDL3, SLP.MB_MLL3] -> MB_MLL3 -> [MB_CA.MB_MLL3, MB_CA.MB_VLL3]",MB_CA.MB_PED,3,SLP.MB_ML,3,MB_CA.MB_ML,3,MB_CA.MB_VL,3
197910196,pure_lateral,lat->lat,lat,lat,0,0,4,52,1,1.0,2676,51.462,MB_ML,3,2,2,"[MB_CA.MB_VLL3, SLP.MB_MLL3] -> MB_MLL3 -> [MB_CA.MB_MLL3, MB_CA.MB_PEDL3]",MB_CA.MB_VL,3,SLP.MB_ML,3,MB_CA.MB_ML,3,MB_CA.MB_PED,3
182781984,pure_lateral,lat->lat,lat,lat,0,0,4,1,1,1.0,2676,2676.0,MB_ML.MB_CA,3,2,2,"[MB_CA.MB_MLL3, MB_CA.MB_PEDL3] -> MB_ML.MB_CAL3 -> [MB_CA.MB_VLL3, SLP.MB_MLL3]",MB_CA.MB_ML,3,MB_CA.MB_PED,3,MB_CA.MB_VL,3,SLP.MB_ML,3
182781984,pure_lateral,lat->lat,lat,lat,0,0,4,1,1,1.0,2676,2676.0,MB_ML.MB_CA,3,2,2,"[MB_CA.MB_PEDL3, MB_CA.MB_VLL3] -> MB_ML.MB_CAL3 -> [MB_CA.MB_MLL3, SLP.MB_MLL3]",MB_CA.MB_PED,3,MB_CA.MB_VL,3,MB_CA.MB_ML,3,SLP.MB_ML,3
182781984,pure_lateral,lat->lat,lat,lat,0,0,4,1,1,1.0,2664,2664.0,MB_ML.MB_CA,3,2,2,"[MB_CA.MB_PEDL3, MB_PEDL3] -> MB_ML.MB_CAL3 -> [MB_CA.MB_MLL3, MB_CA.MB_VLL3]",MB_CA.MB_PED,3,MB_PED,3,MB_CA.MB_ML,3,MB_CA.MB_VL,3
182781984,pure_lateral,lat->lat,lat,lat,0,0,4,1,1,1.0,2670,2670.0,MB_ML.MB_CA,3,2,2,"[MB_CA.MB_PEDL3, MB_PED.MB_MLL3] -> MB_ML.MB_CAL3 -> [MB_CA.MB_MLL3, MB_CA.MB_VLL3]",MB_CA.MB_PED,3,MB_PED.MB_ML,3,MB_CA.MB_ML,3,MB_CA.MB_VL,3
182781984,pure_lateral,lat->lat,lat,lat,0,0,4,1,1,1.0,2676,2676.0,MB_ML.MB_CA,3,2,2,"[MB_CA.MB_PEDL3, SLP.MB_MLL3] -> MB_ML.MB_CAL3 -> [MB_CA.MB_MLL3, MB_CA.MB_VLL3]",MB_CA.MB_PED,3,SLP.MB_ML,3,MB_CA.MB_ML,3,MB_CA.MB_VL,3
181595088,pure_lateral,lat->lat,lat,lat,0,0,4,1,1,1.0,2676,2676.0,MB_ML.MB_CA,3,2,2,"[MB_CA.MB_MLL3, MB_CA.MB_VLL3] -> MB_ML.MB_CAL3 -> [MB_CA.MB_PEDL3, SLP.MB_MLL3]",MB_CA.MB_ML,3,MB_CA.MB_VL,3,MB_CA.MB_PED,3,SLP.MB_ML,3
181595088,pure_lateral,lat->lat,lat,lat,0,0,4,1,1,1.0,2664,2664.0,MB_ML.MB_CA,3,2,2,"[MB_CA.MB_MLL3, MB_PEDL3] -> MB_ML.MB_CAL3 -> [MB_CA.MB_PEDL3, MB_CA.MB_VLL3]",MB_CA.MB_ML,3,MB_PED,3,MB_CA.MB_PED,3,MB_CA.MB_VL,3
181595088,pure_lateral,lat->lat,lat,lat,0,0,4,1,1,1.0,2670,2670.0,MB_ML.MB_CA,3,2,2,"[MB_CA.MB_MLL3, MB_PED.MB_MLL3] -> MB_ML.MB_CAL3 -> [MB_CA.MB_PEDL3, MB_CA.MB_VLL3]",MB_CA.MB_ML,3,MB_PED.MB_ML,3,MB_CA.MB_PED,3,MB_CA.MB_VL,3
181595088,pure_lateral,lat->lat,lat,lat,0,0,4,1,1,1.0,2676,2676.0,MB_ML.MB_CA,3,2,2,"[MB_CA.MB_MLL3, SLP.MB_MLL3] -> MB_ML.MB_CAL3 -> [MB_CA.MB_PEDL3, MB_CA.MB_VLL3]",MB_CA.MB_ML,3,SLP.MB_ML,3,MB_CA.MB_PED,3,MB_CA.MB_VL,3
181595088,pure_lateral,lat->lat,lat,lat,0,0,4,1,1,1.0,2664,2664.0,MB_ML.MB_CA,3,2,2,"[MB_CA.MB_VLL3, MB_PEDL3] -> MB_ML.MB_CAL3 -> [MB_CA.MB_MLL3, MB_CA.MB_PEDL3]",MB_CA.MB_VL,3,MB_PED,3,MB_CA.MB_ML,3,MB_CA.MB_PED,3
181595088,pure_lateral,lat->lat,lat,lat,0,0,4,1,1,1.0,2670,2670.0,MB_ML.MB_CA,3,2,2,"[MB_CA.MB_VLL3, MB_PED.MB_MLL3] -> MB_ML.MB_CAL3 -> [MB_CA.MB_MLL3, MB_CA.MB_PEDL3]",MB_CA.MB_VL,3,MB_PED.MB_ML,3,MB_CA.MB_ML,3,MB_CA.MB_PED,3
181595088,pure_lateral,lat->lat,lat,lat,0,0,4,1,1,1.0,2676,2676.0,MB_ML.MB_CA,3,2,2,"[MB_CA.MB_VLL3, SLP.MB_MLL3] -> MB_ML.MB_CAL3 -> [MB_CA.MB_MLL3, MB_CA.MB_PEDL3]",MB_CA.MB_VL,3,SLP.MB_ML,3,MB_CA.MB_ML,3,MB_CA.MB_PED,3
179918360,pure_lateral,lat->lat,lat,lat,0,0,4,52,1,1.0,2687,51.673,MB_ML,3,2,2,"[MB_CA.MB_MLL3, MB_CA.MB_PEDL3] -> MB_MLL3 -> [MB_CA.MB_VLL3, PLP.MB_PEDL3]",MB_CA.MB_ML,3,MB_CA.MB_PED,3,MB_CA.MB_VL,3,PLP.MB_PED,3
179918360,pure_lateral,lat->lat,lat,lat,0,0,4,52,1,1.0,2687,51.673,MB_ML,3,2,2,"[MB_CA.MB_MLL3, MB_CA.MB_VLL3] -> MB_MLL3 -> [MB_CA.MB_PEDL3, PLP.MB_PEDL3]",MB_CA.MB_ML,3,MB_CA.MB_VL,3,MB_CA.MB_PED,3,PLP.MB_PED,3
179918360,pure_lateral,lat->lat,lat,lat,0,0,4,52,1,1.0,2687,51.673,MB_ML,3,2,2,"[MB_CA.MB_MLL3, PLP.MB_PEDL3] -> MB_MLL3 -> [MB_CA.MB_PEDL3, MB_CA.MB_VLL3]",MB_CA.MB_ML,3,PLP.MB_PED,3,MB_CA.MB_PED,3,MB_CA.MB_VL,3
179918360,pure_lateral,lat->lat,lat,lat,0,0,4,52,1,1.0,2687,51.673,MB_ML,3,2,2,"[MB_CA.MB_PEDL3, MB_CA.MB_VLL3] -> MB_MLL3 -> [MB_CA.MB_MLL3, PLP.MB_PEDL3]",MB_CA.MB_PED,3,MB_CA.MB_VL,3,MB_CA.MB_ML,3,PLP.MB_PED,3
179918360,pure_lateral,lat->lat,lat,lat,0,0,4,52,1,1.0,2687,51.673,MB_ML,3,2,2,"[MB_CA.MB_PEDL3, PLP.MB_PEDL3] -> MB_MLL3 -> [MB_CA.MB_MLL3, MB_CA.MB_VLL3]",MB_CA.MB_PED,3,PLP.MB_PED,3,MB_CA.MB_ML,3,MB_CA.MB_VL,3
179918360,pure_lateral,lat->lat,lat,lat,0,0,4,52,1,1.0,2687,51.673,MB_ML,3,2,2,"[MB_CA.MB_VLL3, PLP.MB_PEDL3] -> MB_MLL3 -> [MB_CA.MB_MLL3, MB_CA.MB_PEDL3]",MB_CA.MB_VL,3,PLP.MB_PED,3,MB_CA.MB_ML,3,MB_CA.MB_PED,3
178034400,pure_lateral,lat->lat,lat,lat,0,0,4,1,1,1.0,2481,2481.0,MB_ML.MB_CA,3,2,2,"[PLP.CREL3, PLP.MB_PEDL3] -> MB_ML.MB_CAL3 -> [MB_CA.MB_MLL3, MB_CA.MB_VLL3]",PLP.CRE,3,PLP.MB_PED,3,MB_CA.MB_ML,3,MB_CA.MB_VL,3
172834960,pure_lateral,lat->lat,lat,lat,0,0,4,52,1,1.0,2581,49.635,MB_ML,3,2,2,"[MB_CA.CREL3, MB_CA.MB_MLL3] -> MB_MLL3 -> [MB_CA.MB_VLL3, PLP.CREL3]",MB_CA.CRE,3,MB_CA.MB_ML,3,MB_CA.MB_VL,3,PLP.CRE,3
172834960,pure_lateral,lat->lat,lat,lat,0,0,4,52,1,1.0,2528,48.615,MB_ML,3,2,2,"[MB_CA.CREL3, MB_CA.MB_MLL3] -> MB_MLL3 -> [MB_CA.MB_VLL3, SCL.MB_MLL3]",MB_CA.CRE,3,MB_CA.MB_ML,3,MB_CA.MB_VL,3,SCL.MB_ML,3
172834960,pure_lateral,lat->lat,lat,lat,0,0,4,52,1,1.0,2581,49.635,MB_ML,3,2,2,"[MB_CA.CREL3, MB_CA.MB_VLL3] -> MB_MLL3 -> [MB_CA.MB_MLL3, PLP.CREL3]",MB_CA.CRE,3,MB_CA.MB_VL,3,MB_CA.MB_ML,3,PLP.CRE,3
172834960,pure_lateral,lat->lat,lat,lat,0,0,4,52,1,1.0,2528,48.615,MB_ML,3,2,2,"[MB_CA.CREL3, MB_CA.MB_VLL3] -> MB_MLL3 -> [MB_CA.MB_MLL3, SCL.MB_MLL3]",MB_CA.CRE,3,MB_CA.MB_VL,3,MB_CA.MB_ML,3,SCL.MB_ML,3
172834960,pure_lateral,lat->lat,lat,lat,0,0,4,52,1,1.0,2581,49.635,MB_ML,3,2,2,"[MB_CA.CREL3, PLP.CREL3] -> MB_MLL3 -> [MB_CA.MB_MLL3, MB_CA.MB_VLL3]",MB_CA.CRE,3,PLP.CRE,3,MB_CA.MB_ML,3,MB_CA.MB_VL,3
172834960,pure_lateral,lat->lat,lat,lat,0,0,4,52,1,1.0,2528,48.615,MB_ML,3,2,2,"[MB_CA.CREL3, SCL.MB_MLL3] -> MB_MLL3 -> [MB_CA.MB_MLL3, MB_CA.MB_VLL3]",MB_CA.CRE,3,SCL.MB_ML,3,MB_CA.MB_ML,3,MB_CA.MB_VL,3
172834960,pure_lateral,lat->lat,lat,lat,0,0,4,52,1,1.0,2581,49.635,MB_ML,3,2,2,"[MB_CA.MB_MLL3, MB_CA.MB_VLL3] -> MB_MLL3 -> [MB_CA.CREL3, PLP.CREL3]",MB_CA.MB_ML,3,MB_CA.MB_VL,3,MB_CA.CRE,3,PLP.CRE,3
172834960,pure_lateral,lat->lat,lat,lat,0,0,4,52,1,1.0,2528,48.615,MB_ML,3,2,2,"[MB_CA.MB_MLL3, MB_CA.MB_VLL3] -> MB_MLL3 -> [MB_CA.CREL3, SCL.MB_MLL3]",MB_CA.MB_ML,3,MB_CA.MB_VL,3,MB_CA.CRE,3,SCL.MB_ML,3
172834960,pure_lateral,lat->lat,lat,lat,0,0,4,52,1,1.0,2581,49.635,MB_ML,3,2,2,"[MB_CA.MB_MLL3, PLP.CREL3] -> MB_MLL3 -> [MB_CA.CREL3, MB_CA.MB_VLL3]",MB_CA.MB_ML,3,PLP.CRE,3,MB_CA.CRE,3,MB_CA.MB_VL,3
172834960,pure_lateral,lat->lat,lat,lat,0,0,4,52,1,1.0,2528,48.615,MB_ML,3,2,2,"[MB_CA.MB_MLL3, SCL.MB_MLL3] -> MB_MLL3 -> [MB_CA.CREL3, MB_CA.MB_VLL3]",MB_CA.MB_ML,3,SCL.MB_ML,3,MB_CA.CRE,3,MB_CA.MB_VL,3
172834960,pure_lateral,lat->lat,lat,lat,0,0,4,52,1,1.0,2581,49.635,MB_ML,3,2,2,"[MB_CA.MB_VLL3, PLP.CREL3] -> MB_MLL3 -> [MB_CA.CREL3, MB_CA.MB_MLL3]",MB_CA.MB_VL,3,PLP.CRE,3,MB_CA.CRE,3,MB_CA.MB_ML,3
172834960,pure_lateral,lat->lat,lat,lat,0,0,4,52,1,1.0,2528,48.615,MB_ML,3,2,2,"[MB_CA.MB_VLL3, SCL.MB_MLL3] -> MB_MLL3 -> [MB_CA.CREL3, MB_CA.MB_MLL3]",MB_CA.MB_VL,3,SCL.MB_ML,3,MB_CA.CRE,3,MB_CA.MB_ML,3
169132680,pure_lateral,lat->lat,lat,lat,0,0,4,1,1,1.0,2481,2481.0,MB_ML.MB_CA,3,2,2,"[MB_CA.MB_MLL3, PLP.CREL3] -> MB_ML.MB_CAL3 -> [MB_CA.MB_VLL3, PLP.MB_PEDL3]",MB_CA.MB_ML,3,PLP.CRE,3,MB_CA.MB_VL,3,PLP.MB_PED,3
169132680,pure_lateral,lat->lat,lat,lat,0,0,4,1,1,1.0,2481,2481.0,MB_ML.MB_CA,3,2,2,"[MB_CA.MB_VLL3, PLP.CREL3] -> MB_ML.MB_CAL3 -> [MB_CA.MB_MLL3, PLP.MB_PEDL3]",MB_CA.MB_VL,3,PLP.CRE,3,MB_CA.MB_ML,3,PLP.MB_PED,3
166165440,pure_lateral,lat->lat,lat,lat,0,0,4,1,1,1.0,2481,2481.0,MB_ML.MB_CA,3,2,2,"[MB_CA.MB_MLL3, PLP.MB_PEDL3] -> MB_ML.MB_CAL3 -> [MB_CA.MB_VLL3, PLP.CREL3]",MB_CA.MB_ML,3,PLP.MB_PED,3,MB_CA.MB_VL,3,PLP.CRE,3
166165440,pure_lateral,lat->lat,lat,lat,0,0,4,1,1,1.0,2481,2481.0,MB_ML.MB_CA,3,2,2,"[MB_CA.MB_VLL3, PLP.MB_PEDL3] -> MB_ML.MB_CAL3 -> [MB_CA.MB_MLL3, PLP.CREL3]",MB_CA.MB_VL,3,PLP.MB_PED,3,MB_CA.MB_ML,3,PLP.CRE,3
163791648,pure_lateral,lat->lat,lat,lat,0,0,4,1,1,1.0,2558,2558.0,MB_ML.MB_CA,3,2,2,"[MB_CA.CREL3, MB_CA.MB_MLL3] -> MB_ML.MB_CAL3 -> [MB_CA.MB_VLL3, MB_MLL3]",MB_CA.CRE,3,MB_CA.MB_ML,3,MB_CA.MB_VL,3,MB_ML,3
163791648,pure_lateral,lat->lat,lat,lat,0,0,4,1,1,1.0,2558,2558.0,MB_ML.MB_CA,3,2,2,"[MB_CA.CREL3, MB_CA.MB_VLL3] -> MB_ML.MB_CAL3 -> [MB_CA.MB_MLL3, MB_MLL3]",MB_CA.CRE,3,MB_CA.MB_VL,3,MB_CA.MB_ML,3,MB_ML,3
163791648,pure_lateral,lat->lat,lat,lat,0,0,4,1,1,1.0,2558,2558.0,MB_ML.MB_CA,3,2,2,"[MB_CA.MB_MLL3, MB_CA.MB_VLL3] -> MB_ML.MB_CAL3 -> [MB_CA.CREL3, MB_MLL3]",MB_CA.MB_ML,3,MB_CA.MB_VL,3,MB_CA.CRE,3,MB_ML,3
161910176,pure_lateral,lat->lat,lat,lat,0,0,4,2282,4,1.0,18571,8.138,LO,3,2,2,"[LO.LOPL3, LOP.LOL3] -> LOL3 -> [MEL3, ME.LOPL3]",LO.LOP,3,LOP.LO,3,ME,3,ME.LOP,3
161909760,pure_lateral,lat->lat,lat,lat,0,0,4,2282,1,1.0,18665,8.179,LO,3,2,2,"[LO.LOPL3, LO.PLPL3] -> LOL3 -> [MEL3, ME.LOPL3]",LO.LOP,3,LO.PLP,3,ME,3,ME.LOP,3
161909760,pure_lateral,lat->lat,lat,lat,0,0,4,2282,1,1.0,18484,8.1,LO,3,2,2,"[LO.LOPL3, PVLP.LOL3] -> LOL3 -> [MEL3, ME.LOPL3]",LO.LOP,3,PVLP.LO,3,ME,3,ME.LOP,3
157857168,pure_lateral,lat->lat,lat,lat,0,0,4,1,1,1.0,2481,2481.0,MB_ML.MB_CA,3,2,2,"[MB_CA.MB_MLL3, MB_CA.MB_VLL3] -> MB_ML.MB_CAL3 -> [PLP.CREL3, PLP.MB_PEDL3]",MB_CA.MB_ML,3,MB_CA.MB_VL,3,PLP.CRE,3,PLP.MB_PED,3
154140967,pure_lateral,lat->lat,lat,lat,0,0,4,2282,8,1.0,16759,7.344,LO,3,2,2,"[LO.MEL3, ME.LOL3] -> LOL3 -> [LO.LOPL3, ME.LOPL3]",LO.ME,3,ME.LO,3,LO.LOP,3,ME.LOP,3
152318320,pure_lateral,lat->lat,lat,lat,0,0,4,1,1,1.0,2664,2664.0,MB_ML.MB_CA,3,2,2,"[MB_CA.MB_MLL3, MB_CA.MB_PEDL3] -> MB_ML.MB_CAL3 -> [MB_CA.MB_VLL3, MB_PEDL3]",MB_CA.MB_ML,3,MB_CA.MB_PED,3,MB_CA.MB_VL,3,MB_PED,3
152318320,pure_lateral,lat->lat,lat,lat,0,0,4,1,1,1.0,2664,2664.0,MB_ML.MB_CA,3,2,2,"[MB_CA.MB_PEDL3, MB_CA.MB_VLL3] -> MB_ML.MB_CAL3 -> [MB_CA.MB_MLL3, MB_PEDL3]",MB_CA.MB_PED,3,MB_CA.MB_VL,3,MB_CA.MB_ML,3,MB_PED,3
151329240,pure_lateral,lat->lat,lat,lat,0,0,4,1,1,1.0,2664,2664.0,MB_ML.MB_CA,3,2,2,"[MB_CA.MB_MLL3, MB_CA.MB_VLL3] -> MB_ML.MB_CAL3 -> [MB_CA.MB_PEDL3, MB_PEDL3]",MB_CA.MB_ML,3,MB_CA.MB_VL,3,MB_CA.MB_PED,3,MB_PED,3
149667210,pure_lateral,lat->lat,lat,lat,0,0,4,1,1,1.0,906,906.0,MB_ML.MB_CA,3,2,2,"[MB_CA.MB_PEDL3, PLP.CREL3] -> MB_ML.MB_CAL3 -> [MB_CA.CREL3, MB_CA.MB_VLL3]",MB_CA.MB_PED,3,PLP.CRE,3,MB_CA.CRE,3,MB_CA.MB_VL,3
148695345,pure_lateral,lat->lat,lat,lat,0,0,4,1,1,1.0,906,906.0,MB_ML.MB_CA,3,2,2,"[MB_CA.CREL3, PLP.CREL3] -> MB_ML.MB_CAL3 -> [MB_CA.MB_PEDL3, MB_CA.MB_VLL3]",MB_CA.CRE,3,PLP.CRE,3,MB_CA.MB_PED,3,MB_CA.MB_VL,3
148695345,pure_lateral,lat->lat,lat,lat,0,0,4,1,1,1.0,906,906.0,MB_ML.MB_CA,3,2,2,"[MB_CA.MB_VLL3, PLP.CREL3] -> MB_ML.MB_CAL3 -> [MB_CA.CREL3, MB_CA.MB_PEDL3]",MB_CA.MB_VL,3,PLP.CRE,3,MB_CA.CRE,3,MB_CA.MB_PED,3
575181351400,mixed,mix->lat,mix,lat,0,1,3,2282,2,1.57,19405,8.504,LO,3,2,2,"[LO.LOPL4, MEL3] -> LOL3 -> [LO.LOPL3, ME.LOPL3]",LO.LOP,4,ME,3,LO.LOP,3,ME.LOP,3
108704253400,mixed,mix->lat,mix,lat,0,1,3,2282,2,1.125,17560,7.695,LO,3,2,2,"[LO.LOPL4, ME.LOL3] -> LOL3 -> [LO.LOPL3, ME.LOPL3]",LO.LOP,4,ME.LO,3,LO.LOP,3,ME.LOP,3
87188958040,mixed,mix->lat,mix,lat,0,1,3,2282,2,1.084,19405,8.504,LO,3,2,2,"[LO.LOPL4, ME.LOPL3] -> LOL3 -> [LO.LOPL3, MEL3]",LO.LOP,4,ME.LOP,3,LO.LOP,3,ME,3
73017617360,mixed,mix->lat,mix,lat,0,1,3,2282,2,1.997,18588,8.145,LO,3,2,2,"[MEL3, ME.LOPL4] -> LOL3 -> [LO.LOPL3, ME.LOPL3]",ME,3,ME.LOP,4,LO.LOP,3,ME.LOP,3
71440612280,mixed,mix->lat,mix,lat,0,1,3,2282,2,1.122,17560,7.695,LO,3,2,2,"[LO.LOPL4, ME.LOPL3] -> LOL3 -> [LO.LOPL3, ME.LOL3]",LO.LOP,4,ME.LOP,3,LO.LOP,3,ME.LO,3
58906281818,mixed,mix->lat,mix,lat,0,1,3,2282,17,1.806,20046,8.784,LO,3,2,2,"[MEL3, MEL4] -> LOL3 -> [LO.LOPL3, ME.LOPL3]",ME,3,ME,4,LO.LOP,3,ME.LOP,3
54543987840,mixed,mix->lat,mix,lat,0,1,3,2282,2,1.073,19405,8.504,LO,3,2,2,"[LO.LOPL3, LO.LOPL4] -> LOL3 -> [MEL3, ME.LOPL3]",LO.LOP,3,LO.LOP,4,ME,3,ME.LOP,3
44587065480,mixed,mix->lat,mix,lat,0,1,3,2282,2,1.106,17560,7.695,LO,3,2,2,"[LO.LOPL3, LO.LOPL4] -> LOL3 -> [ME.LOL3, ME.LOPL3]",LO.LOP,3,LO.LOP,4,ME.LO,3,ME.LOP,3
36263994052,mixed,mix->lat,mix,lat,0,1,3,2282,7,1.424,19609,8.593,LO,3,2,2,"[LOL4, MEL3] -> LOL3 -> [LO.LOPL3, ME.LOPL3]",LO,4,ME,3,LO.LOP,3,ME.LOP,3
29186457310,mixed,mix->lat,mix,lat,0,1,3,2282,2,1.146,24611,10.785,LO,3,2,2,"[LO.LOPL4, MEL3] -> LOL3 -> [LO.LOPL3, ME.LOL3]",LO.LOP,4,ME,3,LO.LOP,3,ME.LO,3
26518197880,mixed,mix->lat,mix,lat,0,1,3,2282,2,1.102,24187,10.599,LO,3,2,2,"[LO.LOPL4, MEL3] -> LOL3 -> [ME.LOL3, ME.LOPL3]",LO.LOP,4,ME,3,ME.LO,3,ME.LOP,3
10053820600,mixed,mix->lat,mix,lat,0,1,3,2282,18,1.201,18201,7.976,LO,3,2,2,"[MEL4, ME.LOL3] -> LOL3 -> [LO.LOPL3, ME.LOPL3]",ME,4,ME.LO,3,LO.LOP,3,ME.LOP,3
9957185840,mixed,mix->lat,mix,lat,0,1,3,2282,2,1.414,16743,7.337,LO,3,2,2,"[ME.LOL3, ME.LOPL4] -> LOL3 -> [LO.LOPL3, ME.LOPL3]",ME.LO,3,ME.LOP,4,LO.LOP,3,ME.LOP,3
7975768000,mixed,mix->lat,mix,lat,0,1,3,2282,9,1.136,20046,8.784,LO,3,2,2,"[MEL4, ME.LOPL3] -> LOL3 -> [LO.LOPL3, MEL3]",ME,4,ME.LOP,3,LO.LOP,3,ME,3
7968733280,mixed,mix->lat,mix,lat,0,1,3,2282,2,1.02,24611,10.785,LO,3,2,2,"[LO.LOPL4, ME.LOL3] -> LOL3 -> [LO.LOPL3, MEL3]",LO.LOP,4,ME.LO,3,LO.LOP,3,ME,3
7672521848,mixed,mix->lat,mix,lat,0,1,3,2282,2,1.287,18588,8.145,LO,3,2,2,"[ME.LOPL3, ME.LOPL4] -> LOL3 -> [LO.LOPL3, MEL3]",ME.LOP,3,ME.LOP,4,LO.LOP,3,ME,3
7371568640,mixed,mix->lat,mix,lat,0,1,3,2282,2,1.014,24187,10.599,LO,3,2,2,"[LO.LOPL4, ME.LOL3] -> LOL3 -> [MEL3, ME.LOPL3]",LO.LOP,4,ME.LO,3,ME,3,ME.LOP,3
7233722220,mixed,mix->lat,mix,lat,0,1,3,2282,7,1.089,17764,7.784,LO,3,2,2,"[LOL4, ME.LOL3] -> LOL3 -> [LO.LOPL3, ME.LOPL3]",LO,4,ME.LO,3,LO.LOP,3,ME.LOP,3
6603169348,mixed,mix->lat,mix,lat,0,1,3,2282,8,1.197,18201,7.976,LO,3,2,2,"[MEL4, ME.LOPL3] -> LOL3 -> [LO.LOPL3, ME.LOL3]",ME,4,ME.LOP,3,LO.LOP,3,ME.LO,3
6528888388,mixed,mix->lat,mix,lat,0,1,3,2282,2,1.406,16743,7.337,LO,3,2,2,"[ME.LOPL3, ME.LOPL4] -> LOL3 -> [LO.LOPL3, ME.LOL3]",ME.LOP,3,ME.LOP,4,LO.LOP,3,ME.LO,3
5833029944,mixed,mix->lat,mix,lat,0,1,3,2282,5,1.06,19609,8.593,LO,3,2,2,"[LOL4, ME.LOPL3] -> LOL3 -> [LO.LOPL3, MEL3]",LO,4,ME.LOP,3,LO.LOP,3,ME,3
4973453012,mixed,mix->lat,mix,lat,0,1,3,2282,8,1.118,20046,8.784,LO,3,2,2,"[LO.LOPL3, MEL4] -> LOL3 -> [MEL3, ME.LOPL3]",LO.LOP,3,ME,4,ME,3,ME.LOP,3
4849434422,mixed,mix->lat,mix,lat,0,1,3,2282,4,1.014,24187,10.599,LO,3,2,2,"[LO.LOPL4, ME.LOPL3] -> LOL3 -> [MEL3, ME.LOL3]",LO.LOP,4,ME.LOP,3,ME,3,ME.LO,3
4755489496,mixed,mix->lat,mix,lat,0,1,3,2282,5,1.087,17764,7.784,LO,3,2,2,"[LOL4, ME.LOPL3] -> LOL3 -> [LO.LOPL3, ME.LOL3]",LO,4,ME.LOP,3,LO.LOP,3,ME.LO,3
4742620800,mixed,mix->lat,mix,lat,0,1,3,2282,2,1.249,18588,8.145,LO,3,2,2,"[LO.LOPL3, ME.LOPL4] -> LOL3 -> [MEL3, ME.LOPL3]",LO.LOP,3,ME.LOP,4,ME,3,ME.LOP,3
4649379532,mixed,mix->lat,mix,lat,0,1,3,2282,12,1.7,18558,8.132,LO,3,2,2,"[MEL3, PVLP.LOL4] -> LOL3 -> [LO.LOPL3, ME.LOPL3]",ME,3,PVLP.LO,4,LO.LOP,3,ME.LOP,3
4159265376,mixed,mix->lat,mix,lat,0,1,3,35,1,1.0,12724,363.543,PVLP.LO,3,2,2,"[LO.PVLPL3, LO.PVLPL4] -> PVLP.LOL3 -> [LOL3, ME.LOL3]",LO.PVLP,3,LO.PVLP,4,LO,3,ME.LO,3
4102730923,mixed,mix->lat,mix,lat,0,1,3,2282,5,1.17,18201,7.976,LO,3,2,2,"[LO.LOPL3, MEL4] -> LOL3 -> [ME.LOL3, ME.LOPL3]",LO.LOP,3,ME,4,ME.LO,3,ME.LOP,3
4009250640,mixed,mix->lat,mix,lat,0,1,3,2282,2,1.355,16743,7.337,LO,3,2,2,"[LO.LOPL3, ME.LOPL4] -> LOL3 -> [ME.LOL3, ME.LOPL3]",LO.LOP,3,ME.LOP,4,ME.LO,3,ME.LOP,3
3654704640,mixed,mix->lat,mix,lat,0,1,3,2282,2,1.052,19609,8.593,LO,3,2,2,"[LOL4, LO.LOPL3] -> LOL3 -> [MEL3, ME.LOPL3]",LO,4,LO.LOP,3,ME,3,ME.LOP,3
3293065958,mixed,mix->lat,mix,lat,0,1,3,2282,3,1.017,24611,10.785,LO,3,2,2,"[LO.LOPL3, LO.LOPL4] -> LOL3 -> [MEL3, ME.LOL3]",LO.LOP,3,LO.LOP,4,ME,3,ME.LO,3
2974446960,mixed,mix->lat,mix,lat,0,1,3,2282,2,1.075,17764,7.784,LO,3,2,2,"[LOL4, LO.LOPL3] -> LOL3 -> [ME.LOL3, ME.LOPL3]",LO,4,LO.LOP,3,ME.LO,3,ME.LOP,3
2728711928,mixed,mix->lat,mix,lat,0,1,3,2282,2,1.478,23794,10.427,LO,3,2,2,"[MEL3, ME.LOPL4] -> LOL3 -> [LO.LOPL3, ME.LOL3]",ME,3,ME.LOP,4,LO.LOP,3,ME.LO,3
2714912684,mixed,mix->lat,mix,lat,0,1,3,2282,14,1.235,25252,11.066,LO,3,2,2,"[MEL3, MEL4] -> LOL3 -> [LO.LOPL3, ME.LOL3]",ME,3,ME,4,LO.LOP,3,ME.LO,3
2437649654,mixed,mix->lat,mix,lat,0,1,3,2282,17,1.165,24828,10.88,LO,3,2,2,"[MEL3, MEL4] -> LOL3 -> [ME.LOL3, ME.LOPL3]",ME,3,ME,4,ME.LO,3,ME.LOP,3
2375745200,mixed,mix->lat,mix,lat,0,1,3,2282,2,1.343,23370,10.241,LO,3,2,2,"[MEL3, ME.LOPL4] -> LOL3 -> [ME.LOL3, ME.LOPL3]",ME,3,ME.LOP,4,ME.LO,3,ME.LOP,3
1936751264,mixed,mix->lat,mix,lat,0,1,3,2282,9,1.104,24815,10.874,LO,3,2,2,"[LOL4, MEL3] -> LOL3 -> [LO.LOPL3, ME.LOL3]",LO,4,ME,3,LO.LOP,3,ME.LO,3
1769929246,mixed,mix->lat,mix,lat,0,1,3,2282,10,1.073,24391,10.688,LO,3,2,2,"[LOL4, MEL3] -> LOL3 -> [ME.LOL3, ME.LOPL3]",LO,4,ME,3,ME.LO,3,ME.LOP,3
1650557202,mixed,mix->lat,mix,lat,0,1,3,2282,3,1.0,18606,8.153,LO,3,2,2,"[LOPL4, MEL3] -> LOL3 -> [LO.LOPL3, ME.LOPL3]",LOP,4,ME,3,LO.LOP,3,ME.LOP,3
1203997872,mixed,mix->lat,mix,lat,0,1,3,35,1,1.0,21151,604.314,PVLP.LO,3,2,2,"[LO.PVLPL3, LO.PVLPL4] -> PVLP.LOL3 -> [MEL3, ME.LOL3]",LO.PVLP,3,LO.PVLP,4,ME,3,ME.LO,3
965165500,mixed,mix->lat,mix,lat,0,1,3,2282,1,1.0,8912,3.905,LO,3,2,2,"[LO.LOPL4, LO.PLPL3] -> LOL3 -> [LO.LOPL3, ME.LOPL3]",LO.LOP,4,LO.PLP,3,LO.LOP,3,ME.LOP,3
965165500,mixed,mix->lat,mix,lat,0,1,3,2282,1,1.0,8818,3.864,LO,3,2,2,"[LO.LOPL4, LOP.LOL3] -> LOL3 -> [LO.LOPL3, ME.LOPL3]",LO.LOP,4,LOP.LO,3,LO.LOP,3,ME.LOP,3
965165500,mixed,mix->lat,mix,lat,0,1,3,2282,1,1.0,8731,3.826,LO,3,2,2,"[LO.LOPL4, PVLP.LOL3] -> LOL3 -> [LO.LOPL3, ME.LOPL3]",LO.LOP,4,PVLP.LO,3,LO.LOP,3,ME.LOP,3
715530041,mixed,mix->lat,mix,lat,0,1,3,2282,17,1.033,25252,11.066,LO,3,2,2,"[MEL4, ME.LOL3] -> LOL3 -> [LO.LOPL3, MEL3]",ME,4,ME.LO,3,LO.LOP,3,ME,3
660660196,mixed,mix->lat,mix,lat,0,1,3,2282,22,1.023,24828,10.88,LO,3,2,2,"[MEL4, ME.LOL3] -> LOL3 -> [MEL3, ME.LOPL3]",ME,4,ME.LO,3,ME,3,ME.LOP,3
653521700,mixed,mix->lat,mix,lat,0,1,3,2282,1,1.0,9044,3.963,LO,3,2,2,"[LO.LOPL4, ME.LOPL3] -> LOL3 -> [LO.LOPL3, LOP.PLPL3]",LO.LOP,4,ME.LOP,3,LO.LOP,3,LOP.PLP,3
653259232,mixed,mix->lat,mix,lat,0,1,3,2282,2,1.07,23794,10.427,LO,3,2,2,"[ME.LOL3, ME.LOPL4] -> LOL3 -> [LO.LOPL3, MEL3]",ME.LO,3,ME.LOP,4,LO.LOP,3,ME,3
647706096,mixed,mix->lat,mix,lat,0,1,3,52,1,1.0,2696,51.846,MB_ML,3,2,2,"[MB_CA.MB_MLL3, MB_CA.MB_MLL4] -> MB_MLL3 -> [MB_CA.MB_PEDL3, MB_CA.MB_VLL3]",MB_CA.MB_ML,3,MB_CA.MB_ML,4,MB_CA.MB_PED,3,MB_CA.MB_VL,3
647706096,mixed,mix->lat,mix,lat,0,1,3,52,1,1.0,2696,51.846,MB_ML,3,2,2,"[MB_CA.MB_MLL4, MB_CA.MB_PEDL3] -> MB_MLL3 -> [MB_CA.MB_MLL3, MB_CA.MB_VLL3]",MB_CA.MB_ML,4,MB_CA.MB_PED,3,MB_CA.MB_ML,3,MB_CA.MB_VL,3
647706096,mixed,mix->lat,mix,lat,0,1,3,52,1,1.0,2696,51.846,MB_ML,3,2,2,"[MB_CA.MB_MLL4, MB_CA.MB_VLL3] -> MB_MLL3 -> [MB_CA.MB_MLL3, MB_CA.MB_PEDL3]",MB_CA.MB_ML,4,MB_CA.MB_VL,3,MB_CA.MB_ML,3,MB_CA.MB_PED,3
599902720,mixed,mix->lat,mix,lat,0,1,3,2282,2,1.049,23370,10.241,LO,3,2,2,"[ME.LOL3, ME.LOPL4] -> LOL3 -> [MEL3, ME.LOPL3]",ME.LO,3,ME.LOP,4,ME,3,ME.LOP,3
537883640,mixed,mix->lat,mix,lat,0,1,3,2282,9,1.015,24815,10.874,LO,3,2,2,"[LOL4, ME.LOL3] -> LOL3 -> [LO.LOPL3, MEL3]",LO,4,ME.LO,3,LO.LOP,3,ME,3
533059200,mixed,mix->lat,mix,lat,0,1,3,2282,1,1.0,8851,3.879,LO,3,2,2,"[LO.LOPL4, LO.MEL3] -> LOL3 -> [LO.LOPL3, ME.LOPL3]",LO.LOP,4,LO.ME,3,LO.LOP,3,ME.LOP,3
517882288,mixed,mix->lat,mix,lat,0,1,3,1,1,1.0,2703,2703.0,MB_ML.MB_CA,3,2,2,"[MB_CA.MB_PEDL3, PLP.CREL4] -> MB_ML.MB_CAL3 -> [MB_CA.MB_MLL3, MB_CA.MB_VLL3]",MB_CA.MB_PED,3,PLP.CRE,4,MB_CA.MB_ML,3,MB_CA.MB_VL,3
514519416,mixed,mix->lat,mix,lat,0,1,3,1,1,1.0,2703,2703.0,MB_ML.MB_CA,3,2,2,"[MB_CA.MB_MLL3, PLP.CREL4] -> MB_ML.MB_CAL3 -> [MB_CA.MB_PEDL3, MB_CA.MB_VLL3]",MB_CA.MB_ML,3,PLP.CRE,4,MB_CA.MB_PED,3,MB_CA.MB_VL,3
514519416,mixed,mix->lat,mix,lat,0,1,3,1,1,1.0,2703,2703.0,MB_ML.MB_CA,3,2,2,"[MB_CA.MB_VLL3, PLP.CREL4] -> MB_ML.MB_CAL3 -> [MB_CA.MB_MLL3, MB_CA.MB_PEDL3]",MB_CA.MB_VL,3,PLP.CRE,4,MB_CA.MB_ML,3,MB_CA.MB_PED,3
498012577,mixed,mix->lat,mix,lat,0,1,3,2282,9,1.01,24391,10.688,LO,3,2,2,"[LOL4, ME.LOL3] -> LOL3 -> [MEL3, ME.LOPL3]",LO,4,ME.LO,3,ME,3,ME.LOP,3
468949433,mixed,mix->lat,mix,lat,0,1,3,2282,12,1.79,16713,7.324,LO,3,2,2,"[ME.LOL3, PVLP.LOL4] -> LOL3 -> [LO.LOPL3, ME.LOPL3]",ME.LO,3,PVLP.LO,4,LO.LOP,3,ME.LOP,3
456954960,mixed,mix->lat,mix,lat,0,1,3,1,1,1.0,2682,2682.0,MB_ML.MB_CA,3,2,2,"[MB_CA.MB_PEDL3, PLP.MB_PEDL4] -> MB_ML.MB_CAL3 -> [MB_CA.MB_MLL3, MB_CA.MB_VLL3]",MB_CA.MB_PED,3,PLP.MB_PED,4,MB_CA.MB_ML,3,MB_CA.MB_VL,3
453987720,mixed,mix->lat,mix,lat,0,1,3,1,1,1.0,2682,2682.0,MB_ML.MB_CA,3,2,2,"[MB_CA.MB_MLL3, PLP.MB_PEDL4] -> MB_ML.MB_CAL3 -> [MB_CA.MB_PEDL3, MB_CA.MB_VLL3]",MB_CA.MB_ML,3,PLP.MB_PED,4,MB_CA.MB_PED,3,MB_CA.MB_VL,3
453987720,mixed,mix->lat,mix,lat,0,1,3,1,1,1.0,2682,2682.0,MB_ML.MB_CA,3,2,2,"[MB_CA.MB_VLL3, PLP.MB_PEDL4] -> MB_ML.MB_CAL3 -> [MB_CA.MB_MLL3, MB_CA.MB_PEDL3]",MB_CA.MB_VL,3,PLP.MB_PED,4,MB_CA.MB_ML,3,MB_CA.MB_PED,3
434563967,mixed,mix->lat,mix,lat,0,1,3,2282,11,1.022,24828,10.88,LO,3,2,2,"[MEL4, ME.LOPL3] -> LOL3 -> [MEL3, ME.LOL3]",ME,4,ME.LOP,3,ME,3,ME.LO,3
411099000,mixed,mix->lat,mix,lat,0,1,3,2282,1,1.0,9044,3.963,LO,3,2,2,"[LO.LOPL3, LO.LOPL4] -> LOL3 -> [LOP.PLPL3, ME.LOPL3]",LO.LOP,3,LO.LOP,4,LOP.PLP,3,ME.LOP,3
394522244,mixed,mix->lat,mix,lat,0,1,3,2282,2,1.048,23370,10.241,LO,3,2,2,"[ME.LOPL3, ME.LOPL4] -> LOL3 -> [MEL3, ME.LOL3]",ME.LOP,3,ME.LOP,4,ME,3,ME.LO,3
369253008,mixed,mix->lat,mix,lat,0,1,3,52,1,1.0,2406,46.269,MB_ML,3,2,2,"[MB_CA.CREL3, MB_CA.MB_MLL4] -> MB_MLL3 -> [MB_CA.MB_MLL3, MB_CA.MB_PEDL3]",MB_CA.CRE,3,MB_CA.MB_ML,4,MB_CA.MB_ML,3,MB_CA.MB_PED,3
369253008,mixed,mix->lat,mix,lat,0,1,3,52,1,1.0,2406,46.269,MB_ML,3,2,2,"[MB_CA.MB_MLL3, MB_CA.MB_MLL4] -> MB_MLL3 -> [MB_CA.CREL3, MB_CA.MB_PEDL3]",MB_CA.MB_ML,3,MB_CA.MB_ML,4,MB_CA.CRE,3,MB_CA.MB_PED,3
369253008,mixed,mix->lat,mix,lat,0,1,3,52,1,1.0,2406,46.269,MB_ML,3,2,2,"[MB_CA.MB_MLL4, MB_CA.MB_PEDL3] -> MB_MLL3 -> [MB_CA.CREL3, MB_CA.MB_MLL3]",MB_CA.MB_ML,4,MB_CA.MB_PED,3,MB_CA.CRE,3,MB_CA.MB_ML,3
342645458,mixed,mix->lat,mix,lat,0,1,3,2282,9,1.597,18558,8.132,LO,3,2,2,"[ME.LOPL3, PVLP.LOL4] -> LOL3 -> [LO.LOPL3, MEL3]",ME.LOP,3,PVLP.LO,4,LO.LOP,3,ME,3
341844884,mixed,mix->lat,mix,lat,0,1,3,52,1,1.0,2682,51.577,MB_ML,3,2,2,"[MB_CA.MB_MLL3, PLP.MB_MLL4] -> MB_MLL3 -> [MB_CA.MB_PEDL3, MB_CA.MB_VLL3]",MB_CA.MB_ML,3,PLP.MB_ML,4,MB_CA.MB_PED,3,MB_CA.MB_VL,3
341844884,mixed,mix->lat,mix,lat,0,1,3,52,1,1.0,2682,51.577,MB_ML,3,2,2,"[MB_CA.MB_PEDL3, PLP.MB_MLL4] -> MB_MLL3 -> [MB_CA.MB_MLL3, MB_CA.MB_VLL3]",MB_CA.MB_PED,3,PLP.MB_ML,4,MB_CA.MB_ML,3,MB_CA.MB_VL,3
341844884,mixed,mix->lat,mix,lat,0,1,3,52,1,1.0,2682,51.577,MB_ML,3,2,2,"[MB_CA.MB_VLL3, PLP.MB_MLL4] -> MB_MLL3 -> [MB_CA.MB_MLL3, MB_CA.MB_PEDL3]",MB_CA.MB_VL,3,PLP.MB_ML,4,MB_CA.MB_ML,3,MB_CA.MB_PED,3
327622011,mixed,mix->lat,mix,lat,0,1,3,2282,13,1.01,24391,10.688,LO,3,2,2,"[LOL4, ME.LOPL3] -> LOL3 -> [MEL3, ME.LOL3]",LO,4,ME.LOP,3,ME,3,ME.LO,3
311102928,mixed,mix->lat,mix,lat,0,1,3,52,1,1.0,2545,48.942,MB_ML,3,2,2,"[MB_CA.CREL3, MB_CA.MB_MLL4] -> MB_MLL3 -> [MB_CA.MB_MLL3, MB_CA.MB_VLL3]",MB_CA.CRE,3,MB_CA.MB_ML,4,MB_CA.MB_ML,3,MB_CA.MB_VL,3
311102928,mixed,mix->lat,mix,lat,0,1,3,52,1,1.0,2545,48.942,MB_ML,3,2,2,"[MB_CA.MB_MLL3, MB_CA.MB_MLL4] -> MB_MLL3 -> [MB_CA.CREL3, MB_CA.MB_VLL3]",MB_CA.MB_ML,3,MB_CA.MB_ML,4,MB_CA.CRE,3,MB_CA.MB_VL,3
311102928,mixed,mix->lat,mix,lat,0,1,3,52,1,1.0,2545,48.942,MB_ML,3,2,2,"[MB_CA.MB_MLL4, MB_CA.MB_VLL3] -> MB_MLL3 -> [MB_CA.CREL3, MB_CA.MB_MLL3]",MB_CA.MB_ML,4,MB_CA.MB_VL,3,MB_CA.CRE,3,MB_CA.MB_ML,3
306584450,mixed,mix->lat,mix,lat,0,1,3,2282,9,1.781,16713,7.324,LO,3,2,2,"[ME.LOPL3, PVLP.LOL4] -> LOL3 -> [LO.LOPL3, ME.LOL3]",ME.LOP,3,PVLP.LO,4,LO.LOP,3,ME.LO,3
295395497,mixed,mix->lat,mix,lat,0,1,3,2282,7,1.028,25252,11.066,LO,3,2,2,"[LO.LOPL3, MEL4] -> LOL3 -> [MEL3, ME.LOL3]",LO.LOP,3,ME,4,ME,3,ME.LO,3
268973844,mixed,mix->lat,mix,lat,0,1,3,2282,2,1.059,23794,10.427,LO,3,2,2,"[LO.LOPL3, ME.LOPL4] -> LOL3 -> [MEL3, ME.LOL3]",LO.LOP,3,ME.LOP,4,ME,3,ME.LO,3
267453312,mixed,mix->lat,mix,lat,0,1,3,35,1,1.0,10495,299.857,PVLP.LO,3,2,2,"[LO.PVLPL4, PVLPL3] -> PVLP.LOL3 -> [LO.PVLPL3, ME.LOL3]",LO.PVLP,4,PVLP,3,LO.PVLP,3,ME.LO,3
266529600,mixed,mix->lat,mix,lat,0,1,3,2282,1,1.0,8697,3.811,LO,3,2,2,"[FB.LOL3, LO.LOPL4] -> LOL3 -> [LO.LOPL3, ME.LOPL3]",FB.LO,3,LO.LOP,4,LO.LOP,3,ME.LOP,3
266356896,mixed,mix->lat,mix,lat,0,1,3,35,1,1.0,12643,361.229,PVLP.LO,3,2,2,"[AVLPL4, LO.PVLPL3] -> PVLP.LOL3 -> [LOL3, ME.LOL3]",AVLP,4,LO.PVLP,3,LO,3,ME.LO,3
263966950,mixed,mix->lat,mix,lat,0,1,3,2282,1,1.0,16095,7.053,LO,3,2,2,"[LO.LOPL4, MEL3] -> LOL3 -> [LO.LOPL3, LOP.PLPL3]",LO.LOP,4,ME,3,LO.LOP,3,LOP.PLP,3
246535713,mixed,mix->lat,mix,lat,1,0,3,1160,53,1.001,10746,9.264,LO,4,2,2,"[ME.LOL3, ME.LOL4] -> LOL4 -> [LO.PLPL4, LO.PVLPL4]",ME.LO,3,ME.LO,4,LO.PLP,4,LO.PVLP,4
245867904,mixed,mix->lat,mix,lat,0,1,3,35,1,1.0,11991,342.6,PVLP.LO,3,2,2,"[LO.PVLPL3, PVLPL4] -> PVLP.LOL3 -> [LOL3, ME.LOL3]",LO.PVLP,3,PVLP,4,LO,3,ME.LO,3
244933000,mixed,mix->lat,mix,lat,0,1,3,2282,1,1.0,15671,6.867,LO,3,2,2,"[LO.LOPL4, MEL3] -> LOL3 -> [LOP.PLPL3, ME.LOPL3]",LO.LOP,4,ME,3,LOP.PLP,3,ME.LOP,3
243709312,mixed,mix->lat,mix,lat,0,1,3,1,1,1.0,2791,2791.0,MB_ML.MB_CA,3,2,2,"[CREL4, MB_CA.MB_PEDL3] -> MB_ML.MB_CAL3 -> [MB_CA.MB_MLL3, MB_CA.MB_VLL3]",CRE,4,MB_CA.MB_PED,3,MB_CA.MB_ML,3,MB_CA.MB_VL,3
243709312,mixed,mix->lat,mix,lat,0,1,3,1,1,1.0,3596,3596.0,MB_ML.MB_CA,3,2,2,"[MB_CA.MB_PEDL3, SMPL4] -> MB_ML.MB_CAL3 -> [MB_CA.MB_MLL3, MB_CA.MB_VLL3]",MB_CA.MB_PED,3,SMP,4,MB_CA.MB_ML,3,MB_CA.MB_VL,3
242126784,mixed,mix->lat,mix,lat,0,1,3,1,1,1.0,2791,2791.0,MB_ML.MB_CA,3,2,2,"[CREL4, MB_CA.MB_MLL3] -> MB_ML.MB_CAL3 -> [MB_CA.MB_PEDL3, MB_CA.MB_VLL3]",CRE,4,MB_CA.MB_ML,3,MB_CA.MB_PED,3,MB_CA.MB_VL,3
242126784,mixed,mix->lat,mix,lat,0,1,3,1,1,1.0,2791,2791.0,MB_ML.MB_CA,3,2,2,"[CREL4, MB_CA.MB_VLL3] -> MB_ML.MB_CAL3 -> [MB_CA.MB_MLL3, MB_CA.MB_PEDL3]",CRE,4,MB_CA.MB_VL,3,MB_CA.MB_ML,3,MB_CA.MB_PED,3
242126784,mixed,mix->lat,mix,lat,0,1,3,1,1,1.0,3596,3596.0,MB_ML.MB_CA,3,2,2,"[MB_CA.MB_MLL3, SMPL4] -> MB_ML.MB_CAL3 -> [MB_CA.MB_PEDL3, MB_CA.MB_VLL3]",MB_CA.MB_ML,3,SMP,4,MB_CA.MB_PED,3,MB_CA.MB_VL,3
242126784,mixed,mix->lat,mix,lat,0,1,3,1,1,1.0,3596,3596.0,MB_ML.MB_CA,3,2,2,"[MB_CA.MB_VLL3, SMPL4] -> MB_ML.MB_CAL3 -> [MB_CA.MB_MLL3, MB_CA.MB_PEDL3]",MB_CA.MB_VL,3,SMP,4,MB_CA.MB_ML,3,MB_CA.MB_PED,3
232038168,mixed,mix->lat,mix,lat,0,1,3,1,1,1.0,2552,2552.0,MB_ML.MB_CA,3,2,2,"[MB_CA.CREL3, PLP.CREL4] -> MB_ML.MB_CAL3 -> [MB_CA.MB_MLL3, MB_CA.MB_VLL3]",MB_CA.CRE,3,PLP.CRE,4,MB_CA.MB_ML,3,MB_CA.MB_VL,3
232038168,mixed,mix->lat,mix,lat,0,1,3,1,1,1.0,2552,2552.0,MB_ML.MB_CA,3,2,2,"[MB_CA.MB_MLL3, PLP.CREL4] -> MB_ML.MB_CAL3 -> [MB_CA.CREL3, MB_CA.MB_VLL3]",MB_CA.MB_ML,3,PLP.CRE,4,MB_CA.CRE,3,MB_CA.MB_VL,3
232038168,mixed,mix->lat,mix,lat,0,1,3,1,1,1.0,2552,2552.0,MB_ML.MB_CA,3,2,2,"[MB_CA.MB_VLL3, PLP.CREL4] -> MB_ML.MB_CAL3 -> [MB_CA.CREL3, MB_CA.MB_MLL3]",MB_CA.MB_VL,3,PLP.CRE,4,MB_CA.CRE,3,MB_CA.MB_ML,3
224029964,mixed,mix->lat,mix,lat,1,0,3,1160,92,1.001,10620,9.155,LO,4,2,2,"[ME.LOL3, ME.LOL4] -> LOL4 -> [LO.PVLPL4, LO.SPSL4]",ME.LO,3,ME.LO,4,LO.PVLP,4,LO.SPS,4
222368686,mixed,mix->lat,mix,lat,0,1,3,2282,8,1.012,24815,10.874,LO,3,2,2,"[LOL4, LO.LOPL3] -> LOL3 -> [MEL3, ME.LOL3]",LO,4,LO.LOP,3,ME,3,ME.LO,3
208833408,mixed,mix->lat,mix,lat,0,1,3,35,1,1.0,12071,344.886,PVLP.LO,3,2,2,"[LO.PVLPL4, PVLPL3] -> PVLP.LOL3 -> [LOL3, ME.LOL3]",LO.PVLP,4,PVLP,3,LO,3,ME.LO,3
208254916,mixed,mix->lat,mix,lat,0,1,3,2282,4,1.529,18558,8.132,LO,3,2,2,"[LO.LOPL3, PVLP.LOL4] -> LOL3 -> [MEL3, ME.LOPL3]",LO.LOP,3,PVLP.LO,4,ME,3,ME.LOP,3
205813152,mixed,mix->lat,mix,lat,0,1,3,52,1,1.0,2325,44.712,MB_ML,3,2,2,"[MB_CA.MB_MLL3, MB_CA.MB_MLL4] -> MB_MLL3 -> [MB_CA.MB_PEDL3, PLP.MB_MLL3]",MB_CA.MB_ML,3,MB_CA.MB_ML,4,MB_CA.MB_PED,3,PLP.MB_ML,3
205813152,mixed,mix->lat,mix,lat,0,1,3,52,1,1.0,2325,44.712,MB_ML,3,2,2,"[MB_CA.MB_MLL4, MB_CA.MB_PEDL3] -> MB_MLL3 -> [MB_CA.MB_MLL3, PLP.MB_MLL3]",MB_CA.MB_ML,4,MB_CA.MB_PED,3,MB_CA.MB_ML,3,PLP.MB_ML,3
205813152,mixed,mix->lat,mix,lat,0,1,3,52,1,1.0,2325,44.712,MB_ML,3,2,2,"[MB_CA.MB_MLL4, PLP.MB_MLL3] -> MB_MLL3 -> [MB_CA.MB_MLL3, MB_CA.MB_PEDL3]",MB_CA.MB_ML,4,PLP.MB_ML,3,MB_CA.MB_ML,3,MB_CA.MB_PED,3
205307596,mixed,mix->lat,mix,lat,1,1,2,1160,46,1.0,10198,8.791,LO,4,2,2,"[LOL5, ME.LOL3] -> LOL4 -> [LO.PLPL4, LO.PVLPL4]",LO,5,ME.LO,3,LO.PLP,4,LO.PVLP,4
204739560,mixed,mix->lat,mix,lat,0,1,3,1,1,1.0,2531,2531.0,MB_ML.MB_CA,3,2,2,"[MB_CA.CREL3, PLP.MB_PEDL4] -> MB_ML.MB_CAL3 -> [MB_CA.MB_MLL3, MB_CA.MB_VLL3]",MB_CA.CRE,3,PLP.MB_PED,4,MB_CA.MB_ML,3,MB_CA.MB_VL,3
204739560,mixed,mix->lat,mix,lat,0,1,3,1,1,1.0,2531,2531.0,MB_ML.MB_CA,3,2,2,"[MB_CA.MB_MLL3, PLP.MB_PEDL4] -> MB_ML.MB_CAL3 -> [MB_CA.CREL3, MB_CA.MB_VLL3]",MB_CA.MB_ML,3,PLP.MB_PED,4,MB_CA.CRE,3,MB_CA.MB_VL,3
204739560,mixed,mix->lat,mix,lat,0,1,3,1,1,1.0,2531,2531.0,MB_ML.MB_CA,3,2,2,"[MB_CA.MB_VLL3, PLP.MB_PEDL4] -> MB_ML.MB_CAL3 -> [MB_CA.CREL3, MB_CA.MB_MLL3]",MB_CA.MB_VL,3,PLP.MB_PED,4,MB_CA.CRE,3,MB_CA.MB_ML,3
200463862,mixed,mix->lat,mix,lat,1,1,2,109,5,2.73,4254,39.028,PVLP.LO,4,2,2,"[AVLPL5, LO.PVLPL3] -> PVLP.LOL4 -> [LOL4, LO.PVLPL4]",AVLP,5,LO.PVLP,3,LO,4,LO.PVLP,4
196565580,mixed,mix->lat,mix,lat,0,1,3,2282,1,1.0,8697,3.811,LO,3,2,2,"[LO.LOPL4, ME.LOPL3] -> LOL3 -> [FB.LOL3, LO.LOPL3]",LO.LOP,4,ME.LOP,3,FB.LO,3,LO.LOP,3
196565580,mixed,mix->lat,mix,lat,0,1,3,2282,1,1.0,9773,4.283,LO,3,2,2,"[LO.LOPL4, ME.LOPL3] -> LOL3 -> [LO.LOPL3, LOPL3]",LO.LOP,4,ME.LOP,3,LO.LOP,3,LOP,3
194883532,mixed,mix->lat,mix,lat,0,1,3,52,1,1.0,2392,46.0,MB_ML,3,2,2,"[MB_CA.CREL3, PLP.MB_MLL4] -> MB_MLL3 -> [MB_CA.MB_MLL3, MB_CA.MB_PEDL3]",MB_CA.CRE,3,PLP.MB_ML,4,MB_CA.MB_ML,3,MB_CA.MB_PED,3
194883532,mixed,mix->lat,mix,lat,0,1,3,52,1,1.0,2392,46.0,MB_ML,3,2,2,"[MB_CA.MB_MLL3, PLP.MB_MLL4] -> MB_MLL3 -> [MB_CA.CREL3, MB_CA.MB_PEDL3]",MB_CA.MB_ML,3,PLP.MB_ML,4,MB_CA.CRE,3,MB_CA.MB_PED,3
194883532,mixed,mix->lat,mix,lat,0,1,3,52,1,1.0,2392,46.0,MB_ML,3,2,2,"[MB_CA.MB_PEDL3, PLP.MB_MLL4] -> MB_MLL3 -> [MB_CA.CREL3, MB_CA.MB_MLL3]",MB_CA.MB_PED,3,PLP.MB_ML,4,MB_CA.CRE,3,MB_CA.MB_ML,3
186663858,mixed,mix->lat,mix,lat,1,1,2,1160,89,1.0,10072,8.683,LO,4,2,2,"[LOL5, ME.LOL3] -> LOL4 -> [LO.PVLPL4, LO.SPSL4]",LO,5,ME.LO,3,LO.PVLP,4,LO.SPS,4
184356117,mixed,mix->lat,mix,lat,0,1,3,2282,4,1.708,16713,7.324,LO,3,2,2,"[LO.LOPL3, PVLP.LOL4] -> LOL3 -> [ME.LOL3, ME.LOPL3]",LO.LOP,3,PVLP.LO,4,ME.LO,3,ME.LOP,3
182781984,mixed,mix->lat,mix,lat,0,1,3,1,1,1.0,2682,2682.0,MB_ML.MB_CA,3,2,2,"[MB_CA.MB_PEDL3, PLP.MB_MLL4] -> MB_ML.MB_CAL3 -> [MB_CA.MB_MLL3, MB_CA.MB_VLL3]",MB_CA.MB_PED,3,PLP.MB_ML,4,MB_CA.MB_ML,3,MB_CA.MB_VL,3
182520954,mixed,mix->lat,mix,lat,0,1,3,35,1,1.0,14569,416.257,PVLP.LO,3,2,2,"[LO.PVLPL3, LO.PVLPL4] -> PVLP.LOL3 -> [LOL3, MEL3]",LO.PVLP,3,LO.PVLP,4,LO,3,ME,3
181595088,mixed,mix->lat,mix,lat,0,1,3,1,1,1.0,2682,2682.0,MB_ML.MB_CA,3,2,2,"[MB_CA.MB_MLL3, PLP.MB_MLL4] -> MB_ML.MB_CAL3 -> [MB_CA.MB_PEDL3, MB_CA.MB_VLL3]",MB_CA.MB_ML,3,PLP.MB_ML,4,MB_CA.MB_PED,3,MB_CA.MB_VL,3
181595088,mixed,mix->lat,mix,lat,0,1,3,1,1,1.0,2682,2682.0,MB_ML.MB_CA,3,2,2,"[MB_CA.MB_VLL3, PLP.MB_MLL4] -> MB_ML.MB_CAL3 -> [MB_CA.MB_MLL3, MB_CA.MB_PEDL3]",MB_CA.MB_VL,3,PLP.MB_ML,4,MB_CA.MB_ML,3,MB_CA.MB_PED,3
179918360,mixed,mix->lat,mix,lat,0,1,3,52,1,1.0,2682,51.577,MB_ML,3,2,2,"[MB_CA.MB_MLL3, PLP.MB_PEDL4] -> MB_MLL3 -> [MB_CA.MB_PEDL3, MB_CA.MB_VLL3]",MB_CA.MB_ML,3,PLP.MB_PED,4,MB_CA.MB_PED,3,MB_CA.MB_VL,3
179918360,mixed,mix->lat,mix,lat,0,1,3,52,1,1.0,2682,51.577,MB_ML,3,2,2,"[MB_CA.MB_PEDL3, PLP.MB_PEDL4] -> MB_MLL3 -> [MB_CA.MB_MLL3, MB_CA.MB_VLL3]",MB_CA.MB_PED,3,PLP.MB_PED,4,MB_CA.MB_ML,3,MB_CA.MB_VL,3
179918360,mixed,mix->lat,mix,lat,0,1,3,52,1,1.0,2682,51.577,MB_ML,3,2,2,"[MB_CA.MB_VLL3, PLP.MB_PEDL4] -> MB_MLL3 -> [MB_CA.MB_MLL3, MB_CA.MB_PEDL3]",MB_CA.MB_VL,3,PLP.MB_PED,4,MB_CA.MB_ML,3,MB_CA.MB_PED,3
173401632,mixed,mix->lat,mix,lat,0,1,3,52,1,1.0,2464,47.385,MB_ML,3,2,2,"[MB_CA.MB_MLL3, MB_CA.MB_MLL4] -> MB_MLL3 -> [MB_CA.MB_VLL3, PLP.MB_MLL3]",MB_CA.MB_ML,3,MB_CA.MB_ML,4,MB_CA.MB_VL,3,PLP.MB_ML,3
173401632,mixed,mix->lat,mix,lat,0,1,3,52,1,1.0,2464,47.385,MB_ML,3,2,2,"[MB_CA.MB_MLL4, MB_CA.MB_VLL3] -> MB_MLL3 -> [MB_CA.MB_MLL3, PLP.MB_MLL3]",MB_CA.MB_ML,4,MB_CA.MB_VL,3,MB_CA.MB_ML,3,PLP.MB_ML,3
173401632,mixed,mix->lat,mix,lat,0,1,3,52,1,1.0,2464,47.385,MB_ML,3,2,2,"[MB_CA.MB_MLL4, PLP.MB_MLL3] -> MB_MLL3 -> [MB_CA.MB_MLL3, MB_CA.MB_VLL3]",MB_CA.MB_ML,4,PLP.MB_ML,3,MB_CA.MB_ML,3,MB_CA.MB_VL,3
164193212,mixed,mix->lat,mix,lat,0,1,3,52,1,1.0,2531,48.673,MB_ML,3,2,2,"[MB_CA.CREL3, PLP.MB_MLL4] -> MB_MLL3 -> [MB_CA.MB_MLL3, MB_CA.MB_VLL3]",MB_CA.CRE,3,PLP.MB_ML,4,MB_CA.MB_ML,3,MB_CA.MB_VL,3
164193212,mixed,mix->lat,mix,lat,0,1,3,52,1,1.0,2531,48.673,MB_ML,3,2,2,"[MB_CA.MB_MLL3, PLP.MB_MLL4] -> MB_MLL3 -> [MB_CA.CREL3, MB_CA.MB_VLL3]",MB_CA.MB_ML,3,PLP.MB_ML,4,MB_CA.CRE,3,MB_CA.MB_VL,3
164193212,mixed,mix->lat,mix,lat,0,1,3,52,1,1.0,2531,48.673,MB_ML,3,2,2,"[MB_CA.MB_VLL3, PLP.MB_MLL4] -> MB_MLL3 -> [MB_CA.CREL3, MB_CA.MB_MLL3]",MB_CA.MB_VL,3,PLP.MB_ML,4,MB_CA.CRE,3,MB_CA.MB_ML,3
153133509,mixed,mix->lat,mix,lat,1,0,3,1160,12,1.011,10600,9.138,LO,4,2,2,"[ME.LOL3, ME.LOL4] -> LOL4 -> [LO.PVLPL4, PVLP.LOL4]",ME.LO,3,ME.LO,4,LO.PVLP,4,PVLP.LO,4
152318320,mixed,mix->lat,mix,lat,0,1,3,1,1,1.0,2997,2997.0,MB_ML.MB_CA,3,2,2,"[LHL4, MB_CA.MB_PEDL3] -> MB_ML.MB_CAL3 -> [MB_CA.MB_MLL3, MB_CA.MB_VLL3]",LH,4,MB_CA.MB_PED,3,MB_CA.MB_ML,3,MB_CA.MB_VL,3
152318320,mixed,mix->lat,mix,lat,0,1,3,1,1,1.0,2885,2885.0,MB_ML.MB_CA,3,2,2,"[MB_CA.MB_PEDL3, PLPL4] -> MB_ML.MB_CAL3 -> [MB_CA.MB_MLL3, MB_CA.MB_VLL3]",MB_CA.MB_PED,3,PLP,4,MB_CA.MB_ML,3,MB_CA.MB_VL,3
151329240,mixed,mix->lat,mix,lat,0,1,3,1,1,1.0,2997,2997.0,MB_ML.MB_CA,3,2,2,"[LHL4, MB_CA.MB_MLL3] -> MB_ML.MB_CAL3 -> [MB_CA.MB_PEDL3, MB_CA.MB_VLL3]",LH,4,MB_CA.MB_ML,3,MB_CA.MB_PED,3,MB_CA.MB_VL,3
151329240,mixed,mix->lat,mix,lat,0,1,3,1,1,1.0,2997,2997.0,MB_ML.MB_CA,3,2,2,"[LHL4, MB_CA.MB_VLL3] -> MB_ML.MB_CAL3 -> [MB_CA.MB_MLL3, MB_CA.MB_PEDL3]",LH,4,MB_CA.MB_VL,3,MB_CA.MB_ML,3,MB_CA.MB_PED,3
151329240,mixed,mix->lat,mix,lat,0,1,3,1,1,1.0,2885,2885.0,MB_ML.MB_CA,3,2,2,"[MB_CA.MB_MLL3, PLPL4] -> MB_ML.MB_CAL3 -> [MB_CA.MB_PEDL3, MB_CA.MB_VLL3]",MB_CA.MB_ML,3,PLP,4,MB_CA.MB_PED,3,MB_CA.MB_VL,3
151329240,mixed,mix->lat,mix,lat,0,1,3,1,1,1.0,2885,2885.0,MB_ML.MB_CA,3,2,2,"[MB_CA.MB_VLL3, PLPL4] -> MB_ML.MB_CAL3 -> [MB_CA.MB_MLL3, MB_CA.MB_PEDL3]",MB_CA.MB_VL,3,PLP,4,MB_CA.MB_ML,3,MB_CA.MB_PED,3
151329240,mixed,mix->lat,mix,lat,0,1,3,1,1,1.0,2497,2497.0,MB_ML.MB_CA,3,2,2,"[PLP.CREL3, PLP.CREL4] -> MB_ML.MB_CAL3 -> [MB_CA.MB_MLL3, MB_CA.MB_VLL3]",PLP.CRE,3,PLP.CRE,4,MB_CA.MB_ML,3,MB_CA.MB_VL,3
149308602,mixed,mix->lat,mix,lat,1,0,3,1160,16,1.0,10120,8.724,LO,4,2,2,"[LO.PLPL4, ME.LOL3] -> LOL4 -> [LO.PVLPL4, LO.SPSL4]",LO.PLP,4,ME.LO,3,LO.PVLP,4,LO.SPS,4
147715200,mixed,mix->lat,mix,lat,0,1,3,2282,1,1.0,8034,3.521,LO,3,2,2,"[LO.MEL3, ME.LOPL4] -> LOL3 -> [LO.LOPL3, ME.LOPL3]",LO.ME,3,ME.LOP,4,LO.LOP,3,ME.LOP,3
143934688,mixed,mix->lat,mix,lat,0,1,3,52,1,1.0,3596,69.154,MB_ML,3,2,2,"[MB_CA.MB_MLL3, SMPL4] -> MB_MLL3 -> [MB_CA.MB_PEDL3, MB_CA.MB_VLL3]",MB_CA.MB_ML,3,SMP,4,MB_CA.MB_PED,3,MB_CA.MB_VL,3
143934688,mixed,mix->lat,mix,lat,0,1,3,52,1,1.0,3596,69.154,MB_ML,3,2,2,"[MB_CA.MB_PEDL3, SMPL4] -> MB_MLL3 -> [MB_CA.MB_MLL3, MB_CA.MB_VLL3]",MB_CA.MB_PED,3,SMP,4,MB_CA.MB_ML,3,MB_CA.MB_VL,3
143934688,mixed,mix->lat,mix,lat,0,1,3,52,1,1.0,3596,69.154,MB_ML,3,2,2,"[MB_CA.MB_VLL3, SMPL4] -> MB_MLL3 -> [MB_CA.MB_MLL3, MB_CA.MB_PEDL3]",MB_CA.MB_VL,3,SMP,4,MB_CA.MB_ML,3,MB_CA.MB_PED,3
141240624,mixed,mix->lat,mix,lat,0,1,3,1,1,1.0,2497,2497.0,MB_ML.MB_CA,3,2,2,"[MB_CA.MB_MLL3, PLP.CREL4] -> MB_ML.MB_CAL3 -> [MB_CA.MB_VLL3, PLP.CREL3]",MB_CA.MB_ML,3,PLP.CRE,4,MB_CA.MB_VL,3,PLP.CRE,3
141240624,mixed,mix->lat,mix,lat,0,1,3,1,1,1.0,2497,2497.0,MB_ML.MB_CA,3,2,2,"[MB_CA.MB_VLL3, PLP.CREL4] -> MB_ML.MB_CAL3 -> [MB_CA.MB_MLL3, PLP.CREL3]",MB_CA.MB_VL,3,PLP.CRE,4,MB_CA.MB_ML,3,PLP.CRE,3
133525800,mixed,mix->lat,mix,lat,0,1,3,1,1,1.0,2476,2476.0,MB_ML.MB_CA,3,2,2,"[PLP.CREL3, PLP.MB_PEDL4] -> MB_ML.MB_CAL3 -> [MB_CA.MB_MLL3, MB_CA.MB_VLL3]",PLP.CRE,3,PLP.MB_PED,4,MB_CA.MB_ML,3,MB_CA.MB_VL,3
132889399,mixed,mix->lat,mix,lat,1,0,3,1160,51,1.0,4164,3.59,LO,4,2,2,"[LOL3, ME.LOL4] -> LOL4 -> [LO.PLPL4, LO.PVLPL4]",LO,3,ME.LO,4,LO.PLP,4,LO.PVLP,4
131808418,mixed,mix->lat,mix,lat,0,1,3,2282,15,1.865,23764,10.414,LO,3,2,2,"[MEL3, PVLP.LOL4] -> LOL3 -> [LO.LOPL3, ME.LOL3]",ME,3,PVLP.LO,4,LO.LOP,3,ME.LO,3
127435050,mixed,mix->lat,mix,lat,1,0,3,109,3,2.72,3493,32.046,PVLP.LO,4,2,2,"[LO.PVLPL3, LO.PVLPL4] -> PVLP.LOL4 -> [LOL4, ME.LOL4]",LO.PVLP,3,LO.PVLP,4,LO,4,ME.LO,4
126918517,mixed,mix->lat,mix,lat,1,1,2,1160,12,1.0,10052,8.666,LO,4,2,2,"[LOL5, ME.LOL3] -> LOL4 -> [LO.PVLPL4, PVLP.LOL4]",LO,5,ME.LO,3,LO.PVLP,4,PVLP.LO,4
125942852,mixed,mix->lat,mix,lat,0,1,3,52,1,1.0,2791,53.673,MB_ML,3,2,2,"[CREL4, MB_CA.MB_MLL3] -> MB_MLL3 -> [MB_CA.MB_PEDL3, MB_CA.MB_VLL3]",CRE,4,MB_CA.MB_ML,3,MB_CA.MB_PED,3,MB_CA.MB_VL,3
125942852,mixed,mix->lat,mix,lat,0,1,3,52,1,1.0,2791,53.673,MB_ML,3,2,2,"[CREL4, MB_CA.MB_PEDL3] -> MB_MLL3 -> [MB_CA.MB_MLL3, MB_CA.MB_VLL3]",CRE,4,MB_CA.MB_PED,3,MB_CA.MB_ML,3,MB_CA.MB_VL,3
125942852,mixed,mix->lat,mix,lat,0,1,3,52,1,1.0,2791,53.673,MB_ML,3,2,2,"[CREL4, MB_CA.MB_VLL3] -> MB_MLL3 -> [MB_CA.MB_MLL3, MB_CA.MB_PEDL3]",CRE,4,MB_CA.MB_VL,3,MB_CA.MB_ML,3,MB_CA.MB_PED,3
124624080,mixed,mix->lat,mix,lat,0,1,3,1,1,1.0,2476,2476.0,MB_ML.MB_CA,3,2,2,"[MB_CA.MB_MLL3, PLP.MB_PEDL4] -> MB_ML.MB_CAL3 -> [MB_CA.MB_VLL3, PLP.CREL3]",MB_CA.MB_ML,3,PLP.MB_PED,4,MB_CA.MB_VL,3,PLP.CRE,3
124624080,mixed,mix->lat,mix,lat,0,1,3,1,1,1.0,2476,2476.0,MB_ML.MB_CA,3,2,2,"[MB_CA.MB_VLL3, PLP.MB_PEDL4] -> MB_ML.MB_CAL3 -> [MB_CA.MB_MLL3, PLP.CREL3]",MB_CA.MB_VL,3,PLP.MB_PED,4,MB_CA.MB_ML,3,PLP.CRE,3
121854656,mixed,mix->lat,mix,lat,0,1,3,1,1,1.0,2678,2678.0,MB_ML.MB_CA,3,2,2,"[MB_CA.MB_PEDL3, SMP.MB_MLL4] -> MB_ML.MB_CAL3 -> [MB_CA.MB_MLL3, MB_CA.MB_VLL3]",MB_CA.MB_PED,3,SMP.MB_ML,4,MB_CA.MB_ML,3,MB_CA.MB_VL,3
121066560,mixed,mix->lat,mix,lat,0,1,3,52,1,1.0,2351,45.212,MB_ML,3,2,2,"[MB_CA.MB_MLL3, MB_CA.MB_MLL4] -> MB_MLL3 -> [MB_CA.MB_PEDL3, PLP.CREL3]",MB_CA.MB_ML,3,MB_CA.MB_ML,4,MB_CA.MB_PED,3,PLP.CRE,3
121066560,mixed,mix->lat,mix,lat,0,1,3,52,1,1.0,2298,44.192,MB_ML,3,2,2,"[MB_CA.MB_MLL3, MB_CA.MB_MLL4] -> MB_MLL3 -> [MB_CA.MB_PEDL3, SCL.MB_MLL3]",MB_CA.MB_ML,3,MB_CA.MB_ML,4,MB_CA.MB_PED,3,SCL.MB_ML,3
121066560,mixed,mix->lat,mix,lat,0,1,3,52,1,1.0,2351,45.212,MB_ML,3,2,2,"[MB_CA.MB_MLL4, MB_CA.MB_PEDL3] -> MB_MLL3 -> [MB_CA.MB_MLL3, PLP.CREL3]",MB_CA.MB_ML,4,MB_CA.MB_PED,3,MB_CA.MB_ML,3,PLP.CRE,3
121066560,mixed,mix->lat,mix,lat,0,1,3,52,1,1.0,2298,44.192,MB_ML,3,2,2,"[MB_CA.MB_MLL4, MB_CA.MB_PEDL3] -> MB_MLL3 -> [MB_CA.MB_MLL3, SCL.MB_MLL3]",MB_CA.MB_ML,4,MB_CA.MB_PED,3,MB_CA.MB_ML,3,SCL.MB_ML,3
121066560,mixed,mix->lat,mix,lat,0,1,3,52,1,1.0,2351,45.212,MB_ML,3,2,2,"[MB_CA.MB_MLL4, PLP.CREL3] -> MB_MLL3 -> [MB_CA.MB_MLL3, MB_CA.MB_PEDL3]",MB_CA.MB_ML,4,PLP.CRE,3,MB_CA.MB_ML,3,MB_CA.MB_PED,3
121066560,mixed,mix->lat,mix,lat,0,1,3,52,1,1.0,2298,44.192,MB_ML,3,2,2,"[MB_CA.MB_MLL4, SCL.MB_MLL3] -> MB_MLL3 -> [MB_CA.MB_MLL3, MB_CA.MB_PEDL3]",MB_CA.MB_ML,4,SCL.MB_ML,3,MB_CA.MB_ML,3,MB_CA.MB_PED,3
121063392,mixed,mix->lat,mix,lat,0,1,3,1,1,1.0,2678,2678.0,MB_ML.MB_CA,3,2,2,"[MB_CA.MB_MLL3, SMP.MB_MLL4] -> MB_ML.MB_CAL3 -> [MB_CA.MB_PEDL3, MB_CA.MB_VLL3]",MB_CA.MB_ML,3,SMP.MB_ML,4,MB_CA.MB_PED,3,MB_CA.MB_VL,3
121063392,mixed,mix->lat,mix,lat,0,1,3,1,1,1.0,2678,2678.0,MB_ML.MB_CA,3,2,2,"[MB_CA.MB_VLL3, SMP.MB_MLL4] -> MB_ML.MB_CAL3 -> [MB_CA.MB_MLL3, MB_CA.MB_PEDL3]",MB_CA.MB_VL,3,SMP.MB_ML,4,MB_CA.MB_ML,3,MB_CA.MB_PED,3
120911944,mixed,mix->lat,mix,lat,1,1,2,109,8,2.861,2904,26.642,PVLP.LO,4,2,2,"[LO.PVLPL3, PVLP.AVLPL5] -> PVLP.LOL4 -> [LOL4, LO.PVLPL4]",LO.PVLP,3,PVLP.AVLP,5,LO,4,LO.PVLP,4
120793379,mixed,mix->lat,mix,lat,1,0,3,1160,90,1.0,4038,3.481,LO,4,2,2,"[LOL3, ME.LOL4] -> LOL4 -> [LO.PVLPL4, LO.SPSL4]",LO,3,ME.LO,4,LO.PVLP,4,LO.SPS,4
114979798,mixed,mix->lat,mix,lat,1,0,3,1160,3,1.0,10120,8.724,LO,4,2,2,"[LO.SPSL4, ME.LOL3] -> LOL4 -> [LO.PLPL4, LO.PVLPL4]",LO.SPS,4,ME.LO,3,LO.PLP,4,LO.PVLP,4
114165744,mixed,mix->lat,mix,lat,0,1,3,1,1,1.0,2413,2413.0,MB_ML.MB_CA,3,2,2,"[MB_CA.MB_PEDL3, PLP.CREL4] -> MB_ML.MB_CAL3 -> [MB_CA.CREL3, MB_CA.MB_MLL3]",MB_CA.MB_PED,3,PLP.CRE,4,MB_CA.CRE,3,MB_CA.MB_ML,3
113424408,mixed,mix->lat,mix,lat,0,1,3,1,1,1.0,2413,2413.0,MB_ML.MB_CA,3,2,2,"[MB_CA.CREL3, PLP.CREL4] -> MB_ML.MB_CAL3 -> [MB_CA.MB_MLL3, MB_CA.MB_PEDL3]",MB_CA.CRE,3,PLP.CRE,4,MB_CA.MB_ML,3,MB_CA.MB_PED,3
113424408,mixed,mix->lat,mix,lat,0,1,3,1,1,1.0,2413,2413.0,MB_ML.MB_CA,3,2,2,"[MB_CA.MB_MLL3, PLP.CREL4] -> MB_ML.MB_CAL3 -> [MB_CA.CREL3, MB_CA.MB_PEDL3]",MB_CA.MB_ML,3,PLP.CRE,4,MB_CA.CRE,3,MB_CA.MB_PED,3
111438880,mixed,mix->lat,mix,lat,0,1,3,35,1,1.0,10464,298.971,PVLP.LO,3,2,2,"[GNG.AVLPL3, LO.PVLPL4] -> PVLP.LOL3 -> [LO.PVLPL3, ME.LOL3]",GNG.AVLP,3,LO.PVLP,4,LO.PVLP,3,ME.LO,3
111438880,mixed,mix->lat,mix,lat,0,1,3,35,1,1.0,10484,299.543,PVLP.LO,3,2,2,"[LO.AVLPL3, LO.PVLPL4] -> PVLP.LOL3 -> [LO.PVLPL3, ME.LOL3]",LO.AVLP,3,LO.PVLP,4,LO.PVLP,3,ME.LO,3
110721608,mixed,mix->lat,mix,lat,1,1,2,1160,43,1.0,3616,3.117,LO,4,2,2,"[LOL3, LOL5] -> LOL4 -> [LO.PLPL4, LO.PVLPL4]",LO,3,LO,5,LO.PLP,4,LO.PVLP,4
109194432,mixed,mix->lat,mix,lat,0,1,3,1,1,1.0,2640,2640.0,MB_ML.MB_CA,3,2,2,"[CREL4, MB_CA.CREL3] -> MB_ML.MB_CAL3 -> [MB_CA.MB_MLL3, MB_CA.MB_VLL3]",CRE,4,MB_CA.CRE,3,MB_CA.MB_ML,3,MB_CA.MB_VL,3
109194432,mixed,mix->lat,mix,lat,0,1,3,1,1,1.0,2640,2640.0,MB_ML.MB_CA,3,2,2,"[CREL4, MB_CA.MB_MLL3] -> MB_ML.MB_CAL3 -> [MB_CA.CREL3, MB_CA.MB_VLL3]",CRE,4,MB_CA.MB_ML,3,MB_CA.CRE,3,MB_CA.MB_VL,3
109194432,mixed,mix->lat,mix,lat,0,1,3,1,1,1.0,2640,2640.0,MB_ML.MB_CA,3,2,2,"[CREL4, MB_CA.MB_VLL3] -> MB_ML.MB_CAL3 -> [MB_CA.CREL3, MB_CA.MB_MLL3]",CRE,4,MB_CA.MB_VL,3,MB_CA.CRE,3,MB_CA.MB_ML,3
109194432,mixed,mix->lat,mix,lat,0,1,3,1,1,1.0,3445,3445.0,MB_ML.MB_CA,3,2,2,"[MB_CA.CREL3, SMPL4] -> MB_ML.MB_CAL3 -> [MB_CA.MB_MLL3, MB_CA.MB_VLL3]",MB_CA.CRE,3,SMP,4,MB_CA.MB_ML,3,MB_CA.MB_VL,3
109194432,mixed,mix->lat,mix,lat,0,1,3,1,1,1.0,3445,3445.0,MB_ML.MB_CA,3,2,2,"[MB_CA.MB_MLL3, SMPL4] -> MB_ML.MB_CAL3 -> [MB_CA.CREL3, MB_CA.MB_VLL3]",MB_CA.MB_ML,3,SMP,4,MB_CA.CRE,3,MB_CA.MB_VL,3
109194432,mixed,mix->lat,mix,lat,0,1,3,1,1,1.0,3445,3445.0,MB_ML.MB_CA,3,2,2,"[MB_CA.MB_VLL3, SMPL4] -> MB_ML.MB_CAL3 -> [MB_CA.CREL3, MB_CA.MB_MLL3]",MB_CA.MB_VL,3,SMP,4,MB_CA.CRE,3,MB_CA.MB_ML,3
108720748,mixed,mix->lat,mix,lat,0,1,3,2282,15,1.691,23340,10.228,LO,3,2,2,"[MEL3, PVLP.LOL4] -> LOL3 -> [ME.LOL3, ME.LOPL3]",ME,3,PVLP.LO,4,ME.LO,3,ME.LOP,3
108623608,mixed,mix->lat,mix,lat,0,1,3,52,1,1.0,2311,44.442,MB_ML,3,2,2,"[MB_CA.MB_MLL3, PLP.MB_MLL4] -> MB_MLL3 -> [MB_CA.MB_PEDL3, PLP.MB_MLL3]",MB_CA.MB_ML,3,PLP.MB_ML,4,MB_CA.MB_PED,3,PLP.MB_ML,3
108623608,mixed,mix->lat,mix,lat,0,1,3,52,1,1.0,2311,44.442,MB_ML,3,2,2,"[MB_CA.MB_PEDL3, PLP.MB_MLL4] -> MB_MLL3 -> [MB_CA.MB_MLL3, PLP.MB_MLL3]",MB_CA.MB_PED,3,PLP.MB_ML,4,MB_CA.MB_ML,3,PLP.MB_ML,3
108623608,mixed,mix->lat,mix,lat,0,1,3,52,1,1.0,2311,44.442,MB_ML,3,2,2,"[PLP.MB_MLL3, PLP.MB_MLL4] -> MB_MLL3 -> [MB_CA.MB_MLL3, MB_CA.MB_PEDL3]",PLP.MB_ML,3,PLP.MB_ML,4,MB_CA.MB_ML,3,MB_CA.MB_PED,3
107951016,mixed,mix->lat,mix,lat,0,1,3,52,1,1.0,2703,51.981,MB_ML,3,2,2,"[MB_CA.MB_MLL3, PLP.CREL4] -> MB_MLL3 -> [MB_CA.MB_PEDL3, MB_CA.MB_VLL3]",MB_CA.MB_ML,3,PLP.CRE,4,MB_CA.MB_PED,3,MB_CA.MB_VL,3
107951016,mixed,mix->lat,mix,lat,0,1,3,52,1,1.0,2703,51.981,MB_ML,3,2,2,"[MB_CA.MB_PEDL3, PLP.CREL4] -> MB_MLL3 -> [MB_CA.MB_MLL3, MB_CA.MB_VLL3]",MB_CA.MB_PED,3,PLP.CRE,4,MB_CA.MB_ML,3,MB_CA.MB_VL,3
107951016,mixed,mix->lat,mix,lat,0,1,3,52,1,1.0,2703,51.981,MB_ML,3,2,2,"[MB_CA.MB_VLL3, PLP.CREL4] -> MB_MLL3 -> [MB_CA.MB_MLL3, MB_CA.MB_PEDL3]",MB_CA.MB_VL,3,PLP.CRE,4,MB_CA.MB_ML,3,MB_CA.MB_PED,3
106850880,mixed,mix->lat,mix,lat,0,1,3,2282,1,1.0,8697,3.811,LO,3,2,2,"[LO.LOPL3, LO.LOPL4] -> LOL3 -> [FB.LOL3, ME.LOPL3]",LO.LOP,3,LO.LOP,4,FB.LO,3,ME.LOP,3
106850880,mixed,mix->lat,mix,lat,0,1,3,2282,1,1.0,9773,4.283,LO,3,2,2,"[LO.LOPL3, LO.LOPL4] -> LOL3 -> [LOPL3, ME.LOPL3]",LO.LOP,3,LO.LOP,4,LOP,3,ME.LOP,3
102570280,mixed,mix->lat,mix,lat,0,1,3,52,1,1.0,2392,46.0,MB_ML,3,2,2,"[MB_CA.CREL3, PLP.MB_PEDL4] -> MB_MLL3 -> [MB_CA.MB_MLL3, MB_CA.MB_PEDL3]",MB_CA.CRE,3,PLP.MB_PED,4,MB_CA.MB_ML,3,MB_CA.MB_PED,3
102570280,mixed,mix->lat,mix,lat,0,1,3,52,1,1.0,2392,46.0,MB_ML,3,2,2,"[MB_CA.MB_MLL3, PLP.MB_PEDL4] -> MB_MLL3 -> [MB_CA.CREL3, MB_CA.MB_PEDL3]",MB_CA.MB_ML,3,PLP.MB_PED,4,MB_CA.CRE,3,MB_CA.MB_PED,3
102570280,mixed,mix->lat,mix,lat,0,1,3,52,1,1.0,2392,46.0,MB_ML,3,2,2,"[MB_CA.MB_PEDL3, PLP.MB_PEDL4] -> MB_MLL3 -> [MB_CA.CREL3, MB_CA.MB_MLL3]",MB_CA.MB_PED,3,PLP.MB_PED,4,MB_CA.CRE,3,MB_CA.MB_ML,3
102437700,mixed,mix->lat,mix,lat,1,0,3,109,3,2.408,3529,32.376,PVLP.LO,4,2,2,"[AVLPL4, LO.PVLPL3] -> PVLP.LOL4 -> [LOL4, LO.PVLPL4]",AVLP,4,LO.PVLP,3,LO,4,LO.PVLP,4
102000960,mixed,mix->lat,mix,lat,0,1,3,52,1,1.0,2490,47.885,MB_ML,3,2,2,"[MB_CA.MB_MLL3, MB_CA.MB_MLL4] -> MB_MLL3 -> [MB_CA.MB_VLL3, PLP.CREL3]",MB_CA.MB_ML,3,MB_CA.MB_ML,4,MB_CA.MB_VL,3,PLP.CRE,3
102000960,mixed,mix->lat,mix,lat,0,1,3,52,1,1.0,2437,46.865,MB_ML,3,2,2,"[MB_CA.MB_MLL3, MB_CA.MB_MLL4] -> MB_MLL3 -> [MB_CA.MB_VLL3, SCL.MB_MLL3]",MB_CA.MB_ML,3,MB_CA.MB_ML,4,MB_CA.MB_VL,3,SCL.MB_ML,3
102000960,mixed,mix->lat,mix,lat,0,1,3,52,1,1.0,2490,47.885,MB_ML,3,2,2,"[MB_CA.MB_MLL4, MB_CA.MB_VLL3] -> MB_MLL3 -> [MB_CA.MB_MLL3, PLP.CREL3]",MB_CA.MB_ML,4,MB_CA.MB_VL,3,MB_CA.MB_ML,3,PLP.CRE,3
102000960,mixed,mix->lat,mix,lat,0,1,3,52,1,1.0,2437,46.865,MB_ML,3,2,2,"[MB_CA.MB_MLL4, MB_CA.MB_VLL3] -> MB_MLL3 -> [MB_CA.MB_MLL3, SCL.MB_MLL3]",MB_CA.MB_ML,4,MB_CA.MB_VL,3,MB_CA.MB_ML,3,SCL.MB_ML,3
102000960,mixed,mix->lat,mix,lat,0,1,3,52,1,1.0,2490,47.885,MB_ML,3,2,2,"[MB_CA.MB_MLL4, PLP.CREL3] -> MB_MLL3 -> [MB_CA.MB_MLL3, MB_CA.MB_VLL3]",MB_CA.MB_ML,4,PLP.CRE,3,MB_CA.MB_ML,3,MB_CA.MB_VL,3
102000960,mixed,mix->lat,mix,lat,0,1,3,52,1,1.0,2437,46.865,MB_ML,3,2,2,"[MB_CA.MB_MLL4, SCL.MB_MLL3] -> MB_MLL3 -> [MB_CA.MB_MLL3, MB_CA.MB_VLL3]",MB_CA.MB_ML,4,SCL.MB_ML,3,MB_CA.MB_ML,3,MB_CA.MB_VL,3
101529479,mixed,mix->lat,mix,lat,1,0,3,1160,2,1.0,10100,8.707,LO,4,2,2,"[LO.PLPL4, ME.LOL3] -> LOL4 -> [LO.PVLPL4, PVLP.LOL4]",LO.PLP,4,ME.LO,3,LO.PVLP,4,PVLP.LO,4
100734480,mixed,mix->lat,mix,lat,0,1,3,1,1,1.0,2392,2392.0,MB_ML.MB_CA,3,2,2,"[MB_CA.MB_PEDL3, PLP.MB_PEDL4] -> MB_ML.MB_CAL3 -> [MB_CA.CREL3, MB_CA.MB_MLL3]",MB_CA.MB_PED,3,PLP.MB_PED,4,MB_CA.CRE,3,MB_CA.MB_ML,3
100660505,mixed,mix->lat,mix,lat,1,1,2,1160,88,1.0,3490,3.009,LO,4,2,2,"[LOL3, LOL5] -> LOL4 -> [LO.PVLPL4, LO.SPSL4]",LO,3,LO,5,LO.PVLP,4,LO.SPS,4
100080360,mixed,mix->lat,mix,lat,0,1,3,1,1,1.0,2392,2392.0,MB_ML.MB_CA,3,2,2,"[MB_CA.CREL3, PLP.MB_PEDL4] -> MB_ML.MB_CAL3 -> [MB_CA.MB_MLL3, MB_CA.MB_PEDL3]",MB_CA.CRE,3,PLP.MB_PED,4,MB_CA.MB_ML,3,MB_CA.MB_PED,3
100080360,mixed,mix->lat,mix,lat,0,1,3,1,1,1.0,2392,2392.0,MB_ML.MB_CA,3,2,2,"[MB_CA.MB_MLL3, PLP.MB_PEDL4] -> MB_ML.MB_CAL3 -> [MB_CA.CREL3, MB_CA.MB_PEDL3]",MB_CA.MB_ML,3,PLP.MB_PED,4,MB_CA.CRE,3,MB_CA.MB_PED,3
98855136,mixed,mix->lat,mix,lat,0,1,3,52,1,1.0,2174,41.808,MB_ML,3,2,2,"[MB_CA.CREL3, MB_CA.MB_MLL4] -> MB_MLL3 -> [MB_CA.MB_MLL3, PLP.MB_MLL3]",MB_CA.CRE,3,MB_CA.MB_ML,4,MB_CA.MB_ML,3,PLP.MB_ML,3
3332222276,mixed,FF->mix,FF,mix,2,1,1,1160,134,1.008,12724,10.969,LO,4,2,2,"[LOL3, ME.LOL3] -> LOL4 -> [LO.PVLPL3, LO.PVLPL4]",LO,3,ME.LO,3,LO.PVLP,3,LO.PVLP,4
2545173336,mixed,FF->mix,FF,mix,3,0,1,1160,18,1.0,12247,10.558,LO,4,2,2,"[LOL3, ME.LOL3] -> LOL4 -> [LO.AOTUL5, LO.PVLPL4]",LO,3,ME.LO,3,LO.AOTU,5,LO.PVLP,4
2177471799,mixed,FF->mix,FF,mix,3,0,1,1160,46,1.001,12134,10.46,LO,4,2,2,"[LOL3, ME.LOL3] -> LOL4 -> [LO.PVLPL4, LO.PVLPL5]",LO,3,ME.LO,3,LO.PVLP,4,LO.PVLP,5
2024085933,mixed,FF->mix,FF,mix,2,1,1,1160,212,1.012,22727,19.592,LO,4,2,2,"[MEL3, ME.LOL3] -> LOL4 -> [LOL3, LO.PVLPL4]",ME,3,ME.LO,3,LO,3,LO.PVLP,4
1254350361,mixed,FF->mix,FF,mix,2,1,1,1160,111,1.001,12234,10.547,LO,4,2,2,"[LOL3, ME.LOL3] -> LOL4 -> [LO.PLPL3, LO.PVLPL4]",LO,3,ME.LO,3,LO.PLP,3,LO.PVLP,4
1254170640,mixed,FF->mix,FF,mix,3,0,1,1160,110,1.0,12143,10.468,LO,4,2,2,"[LOL3, ME.LOL3] -> LOL4 -> [LO.PVLPL4, LO.SPSL5]",LO,3,ME.LO,3,LO.PVLP,4,LO.SPS,5
1070512461,mixed,FF->mix,FF,mix,3,0,1,1160,173,1.002,12225,10.539,LO,4,2,2,"[LOL3, ME.LOL3] -> LOL4 -> [LOL5, LO.PVLPL4]",LO,3,ME.LO,3,LO,5,LO.PVLP,4
780146076,mixed,FF->mix,FF,mix,2,1,1,109,6,2.838,10495,96.284,PVLP.LO,4,2,2,"[LO.PVLPL3, PVLPL3] -> PVLP.LOL4 -> [LO.PVLPL4, ME.LOL3]",LO.PVLP,3,PVLP,3,LO.PVLP,4,ME.LO,3
775896002,mixed,FF->mix,FF,mix,2,1,1,1160,90,1.004,22727,19.592,LO,4,2,2,"[LOL3, ME.LOL3] -> LOL4 -> [LO.PVLPL4, MEL3]",LO,3,ME.LO,3,LO.PVLP,4,ME,3
763574340,mixed,FF->mix,FF,mix,2,1,1,1160,123,1.067,21151,18.234,LO,4,2,2,"[MEL3, ME.LOL3] -> LOL4 -> [LO.PVLPL3, LO.PVLPL4]",ME,3,ME.LO,3,LO.PVLP,3,LO.PVLP,4
702698854,mixed,FF->mix,FF,mix,3,1,0,1160,19,1.001,12081,10.415,LO,4,2,2,"[LOL3, ME.LOL3] -> LOL4 -> [LO.AOTUL5, LO.PVLPL3]",LO,3,ME.LO,3,LO.AOTU,5,LO.PVLP,3
678757237,mixed,FF->mix,FF,mix,2,1,1,1160,173,1.003,22727,19.592,LO,4,2,2,"[LOL3, MEL3] -> LOL4 -> [LO.PVLPL4, ME.LOL3]",LO,3,ME,3,LO.PVLP,4,ME.LO,3
658474720,mixed,FF->mix,FF,mix,2,1,1,1160,58,1.0,12140,10.466,LO,4,2,2,"[LOP.LOL3, ME.LOL3] -> LOL4 -> [LOL3, LO.PVLPL4]",LOP.LO,3,ME.LO,3,LO,3,LO.PVLP,4
601347675,mixed,FF->mix,FF,mix,3,1,0,1160,32,1.002,11968,10.317,LO,4,2,2,"[LOL3, ME.LOL3] -> LOL4 -> [LO.PVLPL3, LO.PVLPL5]",LO,3,ME.LO,3,LO.PVLP,3,LO.PVLP,5
585597218,mixed,FF->mix,FF,mix,2,1,1,1160,27,1.001,12234,10.547,LO,4,2,2,"[LO.PLPL3, ME.LOL3] -> LOL4 -> [LOL3, LO.PVLPL4]",LO.PLP,3,ME.LO,3,LO,3,LO.PVLP,4
567575458,mixed,FF->mix,FF,mix,3,0,1,1160,15,1.003,20674,17.822,LO,4,2,2,"[MEL3, ME.LOL3] -> LOL4 -> [LO.AOTUL5, LO.PVLPL4]",ME,3,ME.LO,3,LO.AOTU,5,LO.PVLP,4
560238130,mixed,FF->mix,FF,mix,2,1,1,1160,46,1.001,12107,10.437,LO,4,2,2,"[LOL3, ME.LOL3] -> LOL4 -> [LO.PLPL4, LO.PVLPL3]",LO,3,ME.LO,3,LO.PLP,4,LO.PVLP,3
509134793,mixed,FF->mix,FF,mix,2,1,1,1160,71,1.0,11981,10.328,LO,4,2,2,"[LOL3, ME.LOL3] -> LOL4 -> [LO.PVLPL3, LO.SPSL4]",LO,3,ME.LO,3,LO.PVLP,3,LO.SPS,4
487679856,mixed,FF->mix,FF,mix,3,0,1,1160,41,1.013,20561,17.725,LO,4,2,2,"[MEL3, ME.LOL3] -> LOL4 -> [LO.PVLPL4, LO.PVLPL5]",ME,3,ME.LO,3,LO.PVLP,4,LO.PVLP,5
429340694,mixed,FF->mix,FF,mix,3,0,1,1160,32,1.0,11630,10.026,LO,4,2,2,"[LOL3, ME.LOL3] -> LOL4 -> [LO.AOTUL5, LO.PLPL4]",LO,3,ME.LO,3,LO.AOTU,5,LO.PLP,4
426020135,mixed,FF->mix,FF,mix,3,1,0,1160,51,1.001,22084,19.038,LO,4,2,2,"[MEL3, ME.LOL3] -> LOL4 -> [LOL3, LO.AOTUL5]",ME,3,ME.LO,3,LO,3,LO.AOTU,5
419493096,mixed,FF->mix,FF,mix,2,1,1,109,3,2.908,10464,96.0,PVLP.LO,4,2,2,"[GNG.AVLPL3, LO.PVLPL3] -> PVLP.LOL4 -> [LO.PVLPL4, ME.LOL3]",GNG.AVLP,3,LO.PVLP,3,LO.PVLP,4,ME.LO,3
408904400,mixed,FF->mix,FF,mix,2,1,1,1160,120,1.052,14569,12.559,LO,4,2,2,"[LOL3, MEL3] -> LOL4 -> [LO.PVLPL3, LO.PVLPL4]",LO,3,ME,3,LO.PVLP,3,LO.PVLP,4
406779710,mixed,FF->mix,FF,mix,3,0,1,1160,34,1.005,12291,10.596,LO,4,2,2,"[LOL3, ME.LOL3] -> LOL4 -> [AOTUL5, LO.PVLPL4]",LO,3,ME.LO,3,AOTU,5,LO.PVLP,4
390442921,mixed,FF->mix,FF,mix,3,0,1,1160,62,1.001,11504,9.917,LO,4,2,2,"[LOL3, ME.LOL3] -> LOL4 -> [LO.AOTUL5, LO.SPSL4]",LO,3,ME.LO,3,LO.AOTU,5,LO.SPS,4
369000315,mixed,FF->mix,FF,mix,2,1,1,1160,28,1.001,12045,10.384,LO,4,2,2,"[LOL3, ME.LOL3] -> LOL4 -> [LO.PVLPL4, LO.SPSL3]",LO,3,ME.LO,3,LO.PVLP,4,LO.SPS,3
367140250,mixed,FF->mix,FF,mix,3,0,1,1160,24,1.0,11517,9.928,LO,4,2,2,"[LOL3, ME.LOL3] -> LOL4 -> [LO.PLPL4, LO.PVLPL5]",LO,3,ME.LO,3,LO.PLP,4,LO.PVLP,5
364808296,mixed,FF->mix,FF,mix,3,1,0,1160,60,1.004,21971,18.941,LO,4,2,2,"[MEL3, ME.LOL3] -> LOL4 -> [LOL3, LO.PVLPL5]",ME,3,ME.LO,3,LO,3,LO.PVLP,5
350258515,mixed,FF->mix,FF,mix,2,1,1,1160,14,1.024,11961,10.311,LO,4,2,2,"[LOL3, ME.LOL3] -> LOL4 -> [LO.PVLPL3, PVLP.LOL4]",LO,3,ME.LO,3,LO.PVLP,3,PVLP.LO,4
346262534,mixed,FF->mix,FF,mix,3,1,0,1160,67,1.001,11977,10.325,LO,4,2,2,"[LOL3, ME.LOL3] -> LOL4 -> [LO.PVLPL3, LO.SPSL5]",LO,3,ME.LO,3,LO.PVLP,3,LO.SPS,5
339817859,mixed,FF->mix,FF,mix,2,1,1,1160,110,1.002,22110,19.06,LO,4,2,2,"[MEL3, ME.LOL3] -> LOL4 -> [LOL3, LO.PLPL4]",ME,3,ME.LO,3,LO,3,LO.PLP,4
333736081,mixed,FF->mix,FF,mix,3,0,1,1160,38,1.0,11391,9.82,LO,4,2,2,"[LOL3, ME.LOL3] -> LOL4 -> [LO.PVLPL5, LO.SPSL4]",LO,3,ME.LO,3,LO.PVLP,5,LO.SPS,4
329294107,mixed,FF->mix,FF,mix,2,1,1,1160,73,1.0,13095,11.289,LO,4,2,2,"[LOPL3, ME.LOL3] -> LOL4 -> [LOL3, LO.PVLPL4]",LOP,3,ME.LO,3,LO,3,LO.PVLP,4
327371816,mixed,FF->mix,FF,mix,2,1,1,109,5,2.919,10754,98.661,PVLP.LO,4,2,2,"[AVLPL3, LO.PVLPL3] -> PVLP.LOL4 -> [LO.PVLPL4, ME.LOL3]",AVLP,3,LO.PVLP,3,LO.PVLP,4,ME.LO,3
308746579,mixed,FF->mix,FF,mix,2,1,1,1160,176,1.001,21984,18.952,LO,4,2,2,"[MEL3, ME.LOL3] -> LOL4 -> [LOL3, LO.SPSL4]",ME,3,ME.LO,3,LO,3,LO.SPS,4
305987982,mixed,FF->mix,FF,mix,3,0,1,1160,13,1.003,14092,12.148,LO,4,2,2,"[LOL3, MEL3] -> LOL4 -> [LO.AOTUL5, LO.PVLPL4]",LO,3,ME,3,LO.AOTU,5,LO.PVLP,4
295620778,mixed,FF->mix,FF,mix,3,1,0,1160,118,1.002,12059,10.396,LO,4,2,2,"[LOL3, ME.LOL3] -> LOL4 -> [LOL5, LO.PVLPL3]",LO,3,ME.LO,3,LO,5,LO.PVLP,3
295035050,mixed,FF->mix,FF,mix,3,0,1,1160,12,1.0,12036,10.376,LO,4,2,2,"[LOL3, ME.LOL3] -> LOL4 -> [LO.ICLL5, LO.PVLPL4]",LO,3,ME.LO,3,LO.ICL,5,LO.PVLP,4
280056598,mixed,FF->mix,FF,mix,2,1,1,1160,87,1.006,20661,17.811,LO,4,2,2,"[MEL3, ME.LOL3] -> LOL4 -> [LO.PLPL3, LO.PVLPL4]",ME,3,ME.LO,3,LO.PLP,3,LO.PVLP,4
279546913,mixed,FF->mix,FF,mix,3,0,1,1160,93,1.002,20570,17.733,LO,4,2,2,"[MEL3, ME.LOL3] -> LOL4 -> [LO.PVLPL4, LO.SPSL5]",ME,3,ME.LO,3,LO.PVLP,4,LO.SPS,5
271337280,mixed,FF->mix,FF,mix,2,1,1,109,3,2.684,10484,96.183,PVLP.LO,4,2,2,"[LO.AVLPL3, LO.PVLPL3] -> PVLP.LOL4 -> [LO.PVLPL4, ME.LOL3]",LO.AVLP,3,LO.PVLP,3,LO.PVLP,4,ME.LO,3
267411380,mixed,FF->mix,FF,mix,2,1,1,207,10,1.57,2903,14.024,LO,5,2,2,"[LOL4, ME.LOL4] -> LOL5 -> [LO.PVLPL4, LO.PVLPL5]",LO,4,ME.LO,4,LO.PVLP,4,LO.PVLP,5
265596548,mixed,FF->mix,FF,mix,3,0,1,1160,3,1.002,11484,9.9,LO,4,2,2,"[LOL3, ME.LOL3] -> LOL4 -> [LO.AOTUL5, PVLP.LOL4]",LO,3,ME.LO,3,LO.AOTU,5,PVLP.LO,4
265405365,mixed,FF->mix,FF,mix,3,1,0,1160,42,1.0,11591,9.992,LO,4,2,2,"[LOL3, ME.LOL3] -> LOL4 -> [LO.AOTUL5, LO.PLPL3]",LO,3,ME.LO,3,LO.AOTU,5,LO.PLP,3
262701704,mixed,FF->mix,FF,mix,3,0,1,1160,41,1.011,13979,12.051,LO,4,2,2,"[LOL3, MEL3] -> LOL4 -> [LO.PVLPL4, LO.PVLPL5]",LO,3,ME,3,LO.PVLP,4,LO.PVLP,5
241888734,mixed,FF->mix,FF,mix,2,1,1,1160,28,1.0,10564,9.107,LO,4,2,2,"[LOP.LOL3, ME.LOL3] -> LOL4 -> [LO.PVLPL3, LO.PVLPL4]",LOP.LO,3,ME.LO,3,LO.PVLP,3,LO.PVLP,4
239978454,mixed,FF->mix,FF,mix,3,0,1,1160,144,1.015,20652,17.803,LO,4,2,2,"[MEL3, ME.LOL3] -> LOL4 -> [LOL5, LO.PVLPL4]",ME,3,ME.LO,3,LO,5,LO.PVLP,4
227519540,mixed,FF->mix,FF,mix,3,0,1,1160,9,1.005,11371,9.803,LO,4,2,2,"[LOL3, ME.LOL3] -> LOL4 -> [LO.PVLPL5, PVLP.LOL4]",LO,3,ME.LO,3,LO.PVLP,5,PVLP.LO,4
226962057,mixed,FF->mix,FF,mix,3,1,0,1160,36,1.0,11478,9.895,LO,4,2,2,"[LOL3, ME.LOL3] -> LOL4 -> [LO.PLPL3, LO.PVLPL5]",LO,3,ME.LO,3,LO.PLP,3,LO.PVLP,5
221764529,mixed,FF->mix,FF,mix,2,1,1,1160,52,1.0,12140,10.466,LO,4,2,2,"[LOL3, LOP.LOL3] -> LOL4 -> [LO.PVLPL4, ME.LOL3]",LO,3,LOP.LO,3,LO.PVLP,4,ME.LO,3
221385815,mixed,FF->mix,FF,mix,2,1,1,1160,12,1.001,12173,10.494,LO,4,2,2,"[LOL3, ME.LOL3] -> LOL4 -> [LO.MEL3, LO.PVLPL4]",LO,3,ME.LO,3,LO.ME,3,LO.PVLP,4
221316961,mixed,FF->mix,FF,mix,2,1,1,1160,62,1.0,12060,10.397,LO,4,2,2,"[LOL3, ME.LOL3] -> LOL4 -> [LO.AVLPL3, LO.PVLPL4]",LO,3,ME.LO,3,LO.AVLP,3,LO.PVLP,4
221312773,mixed,FF->mix,FF,mix,3,0,1,1160,58,1.0,12069,10.404,LO,4,2,2,"[LOL3, ME.LOL3] -> LOL4 -> [LO.PLPL5, LO.PVLPL4]",LO,3,ME.LO,3,LO.PLP,5,LO.PVLP,4
221013130,mixed,FF->mix,FF,mix,2,1,1,109,6,2.995,10783,98.927,PVLP.LO,4,2,2,"[LO.PVLPL3, PVLPL3] -> PVLP.LOL4 -> [LOL4, ME.LOL3]",LO.PVLP,3,PVLP,3,LO,4,ME.LO,3
219241381,mixed,FF->mix,FF,mix,2,1,1,207,9,1.161,3016,14.57,LO,5,2,2,"[LOL4, ME.LOL4] -> LOL5 -> [LO.AOTUL5, LO.PVLPL4]",LO,4,ME.LO,4,LO.AOTU,5,LO.PVLP,4
215664085,mixed,FF->mix,FF,mix,2,1,1,1160,12,1.006,10658,9.188,LO,4,2,2,"[LO.PLPL3, ME.LOL3] -> LOL4 -> [LO.PVLPL3, LO.PVLPL4]",LO.PLP,3,ME.LO,3,LO.PVLP,3,LO.PVLP,4
213893153,mixed,FF->mix,FF,mix,2,1,1,1160,16,1.039,21964,18.934,LO,4,2,2,"[MEL3, ME.LOL3] -> LOL4 -> [LOL3, PVLP.LOL4]",ME,3,ME.LO,3,LO,3,PVLP.LO,4
211806361,mixed,FF->mix,FF,mix,3,0,1,1160,75,1.002,11526,9.936,LO,4,2,2,"[LOL3, ME.LOL3] -> LOL4 -> [LO.PLPL4, LO.SPSL5]",LO,3,ME.LO,3,LO.PLP,4,LO.SPS,5
211627367,mixed,FF->mix,FF,mix,2,1,1,1160,84,1.001,11617,10.015,LO,4,2,2,"[LOL3, ME.LOL3] -> LOL4 -> [LO.PLPL3, LO.PLPL4]",LO,3,ME.LO,3,LO.PLP,3,LO.PLP,4
210030647,mixed,FF->mix,FF,mix,3,1,0,1160,150,1.002,21980,18.948,LO,4,2,2,"[MEL3, ME.LOL3] -> LOL4 -> [LOL3, LO.SPSL5]",ME,3,ME.LO,3,LO,3,LO.SPS,5
197132830,mixed,FF->mix,FF,mix,2,1,1,1160,19,1.0,12234,10.547,LO,4,2,2,"[LOL3, LO.PLPL3] -> LOL4 -> [LO.PVLPL4, ME.LOL3]",LO,3,LO.PLP,3,LO.PVLP,4,ME.LO,3
193446685,mixed,FF->mix,FF,mix,2,1,1,1160,6,1.0,11901,10.259,LO,4,2,2,"[LOL3, ME.LOL3] -> LOL4 -> [LO.PVLPL3, LOP.PVLPL4]",LO,3,ME.LO,3,LO.PVLP,3,LOP.PVLP,4
193155138,mixed,FF->mix,FF,mix,3,0,1,1160,166,1.009,11400,9.828,LO,4,2,2,"[LOL3, ME.LOL3] -> LOL4 -> [LO.SPSL4, LO.SPSL5]",LO,3,ME.LO,3,LO.SPS,4,LO.SPS,5
192392671,mixed,FF->mix,FF,mix,2,1,1,1160,126,1.001,11491,9.906,LO,4,2,2,"[LOL3, ME.LOL3] -> LOL4 -> [LO.PLPL3, LO.SPSL4]",LO,3,ME.LO,3,LO.PLP,3,LO.SPS,4
185441369,mixed,FF->mix,FF,mix,3,0,1,1160,6,1.0,10087,8.696,LO,4,2,2,"[LOP.LOL3, ME.LOL3] -> LOL4 -> [LO.AOTUL5, LO.PVLPL4]",LOP.LO,3,ME.LO,3,LO.AOTU,5,LO.PVLP,4
184737135,mixed,FF->mix,FF,mix,3,0,1,1160,34,1.004,12026,10.367,LO,4,2,2,"[LOL3, ME.LOL3] -> LOL4 -> [LO.AVLPL5, LO.PVLPL4]",LO,3,ME.LO,3,LO.AVLP,5,LO.PVLP,4
184398327,mixed,FF->mix,FF,mix,2,1,1,1160,5,1.0,12260,10.569,LO,4,2,2,"[LOL3, ME.LOL3] -> LOL4 -> [LO.PVLPL4, PLPL3]",LO,3,ME.LO,3,LO.PVLP,4,PLP,3
184395989,mixed,FF->mix,FF,mix,2,1,1,1160,2,1.0,12029,10.37,LO,4,2,2,"[LOL3, ME.LOL3] -> LOL4 -> [LO.PVLPL4, LOP.PVLPL3]",LO,3,ME.LO,3,LO.PVLP,4,LOP.PVLP,3
182921502,mixed,FF->mix,FF,mix,2,1,1,1160,26,1.0,12173,10.494,LO,4,2,2,"[LO.MEL3, ME.LOL3] -> LOL4 -> [LOL3, LO.PVLPL4]",LO.ME,3,ME.LO,3,LO,3,LO.PVLP,4
180570470,mixed,FF->mix,FF,mix,3,0,1,1160,137,1.001,11608,10.007,LO,4,2,2,"[LOL3, ME.LOL3] -> LOL4 -> [LOL5, LO.PLPL4]",LO,3,ME.LO,3,LO,5,LO.PLP,4
179446641,mixed,FF->mix,FF,mix,3,1,0,1160,255,1.005,22062,19.019,LO,4,2,2,"[MEL3, ME.LOL3] -> LOL4 -> [LOL3, LOL5]",ME,3,ME.LO,3,LO,3,LO,5
173559093,mixed,FF->mix,FF,mix,2,1,1,1160,12,1.006,12009,10.353,LO,4,2,2,"[LOL3, ME.LOL3] -> LOL4 -> [LO.AOTUL4, LO.PVLPL3]",LO,3,ME.LO,3,LO.AOTU,4,LO.PVLP,3
164846503,mixed,FF->mix,FF,mix,3,0,1,1160,8,1.0,10181,8.777,LO,4,2,2,"[LO.PLPL3, ME.LOL3] -> LOL4 -> [LO.AOTUL5, LO.PVLPL4]",LO.PLP,3,ME.LO,3,LO.AOTU,5,LO.PVLP,4
164262654,mixed,FF->mix,FF,mix,3,0,1,1160,196,1.003,11482,9.898,LO,4,2,2,"[LOL3, ME.LOL3] -> LOL4 -> [LOL5, LO.SPSL4]",LO,3,ME.LO,3,LO,5,LO.SPS,4
163938925,mixed,FF->mix,FF,mix,3,1,0,1160,15,1.0,22084,19.038,LO,4,2,2,"[LOL3, ME.LOL3] -> LOL4 -> [LO.AOTUL5, MEL3]",LO,3,ME.LO,3,LO.AOTU,5,ME,3
158566023,mixed,FF->mix,FF,mix,3,0,1,1160,12,1.0,9974,8.598,LO,4,2,2,"[LOP.LOL3, ME.LOL3] -> LOL4 -> [LO.PVLPL4, LO.PVLPL5]",LOP.LO,3,ME.LO,3,LO.PVLP,4,LO.PVLP,5
156776692,mixed,FF->mix,FF,mix,3,1,0,1160,17,1.004,20508,17.679,LO,4,2,2,"[MEL3, ME.LOL3] -> LOL4 -> [LO.AOTUL5, LO.PVLPL3]",ME,3,ME.LO,3,LO.AOTU,5,LO.PVLP,3
150956236,mixed,FF->mix,FF,mix,2,1,1,1160,84,1.005,14079,12.137,LO,4,2,2,"[LOL3, MEL3] -> LOL4 -> [LO.PLPL3, LO.PVLPL4]",LO,3,ME,3,LO.PLP,3,LO.PVLP,4
150748024,mixed,FF->mix,FF,mix,3,0,1,1160,91,1.002,13988,12.059,LO,4,2,2,"[LOL3, MEL3] -> LOL4 -> [LO.PVLPL4, LO.SPSL5]",LO,3,ME,3,LO.PVLP,4,LO.SPS,5
150509445,mixed,FF->mix,FF,mix,2,1,1,207,8,1.181,2838,13.71,LO,5,2,2,"[LOL4, ME.LOL4] -> LOL5 -> [LO.PLPL5, LO.PVLPL4]",LO,4,ME.LO,4,LO.PLP,5,LO.PVLP,4
148308186,mixed,FF->mix,FF,mix,3,0,1,1160,1,1.0,11424,9.848,LO,4,2,2,"[LOL3, ME.LOL3] -> LOL4 -> [LO.AOTUL5, LOP.PVLPL4]",LO,3,ME.LO,3,LO.AOTU,5,LOP.PVLP,4
143427838,mixed,FF->mix,FF,mix,3,1,0,1160,20,1.0,22084,19.038,LO,4,2,2,"[LOL3, MEL3] -> LOL4 -> [LO.AOTUL5, ME.LOL3]",LO,3,ME,3,LO.AOTU,5,ME.LO,3
141028675,mixed,FF->mix,FF,mix,3,0,1,1160,6,1.001,10068,8.679,LO,4,2,2,"[LO.PLPL3, ME.LOL3] -> LOL4 -> [LO.PVLPL4, LO.PVLPL5]",LO.PLP,3,ME.LO,3,LO.PVLP,4,LO.PVLP,5
140232487,mixed,FF->mix,FF,mix,3,1,0,1160,22,1.001,21971,18.941,LO,4,2,2,"[LOL3, ME.LOL3] -> LOL4 -> [LO.PVLPL5, MEL3]",LO,3,ME.LO,3,LO.PVLP,5,ME,3
139374217,mixed,FF->mix,FF,mix,3,1,0,1160,17,1.0,11497,9.911,LO,4,2,2,"[LOP.LOL3, ME.LOL3] -> LOL4 -> [LOL3, LO.AOTUL5]",LOP.LO,3,ME.LO,3,LO,3,LO.AOTU,5
135066143,mixed,FF->mix,FF,mix,3,1,0,1160,31,1.02,20395,17.582,LO,4,2,2,"[MEL3, ME.LOL3] -> LOL4 -> [LO.PVLPL3, LO.PVLPL5]",ME,3,ME.LO,3,LO.PVLP,3,LO.PVLP,5
132787438,mixed,FF->mix,FF,mix,3,0,1,1160,60,1.001,11532,9.941,LO,4,2,2,"[LOL3, ME.LOL3] -> LOL4 -> [LO.AOTUL4, LO.AOTUL5]",LO,3,ME.LO,3,LO.AOTU,4,LO.AOTU,5
131990570,mixed,FF->mix,FF,mix,2,1,1,109,3,2.596,10752,98.642,PVLP.LO,4,2,2,"[GNG.AVLPL3, LO.PVLPL3] -> PVLP.LOL4 -> [LOL4, ME.LOL3]",GNG.AVLP,3,LO.PVLP,3,LO,4,ME.LO,3
130942980,mixed,FF->mix,FF,mix,3,1,0,1160,102,1.003,11487,9.903,LO,4,2,2,"[LOL3, ME.LOL3] -> LOL4 -> [LO.PLPL3, LO.SPSL5]",LO,3,ME.LO,3,LO.PLP,3,LO.SPS,5
130908964,mixed,FF->mix,FF,mix,2,1,1,1160,9,1.002,11471,9.889,LO,4,2,2,"[LOL3, ME.LOL3] -> LOL4 -> [LO.PLPL3, PVLP.LOL4]",LO,3,ME.LO,3,LO.PLP,3,PVLP.LO,4
130807244,mixed,FF->mix,FF,mix,3,0,1,1160,10,1.001,11380,9.81,LO,4,2,2,"[LOL3, ME.LOL3] -> LOL4 -> [LO.SPSL5, PVLP.LOL4]",LO,3,ME.LO,3,LO.SPS,5,PVLP.LO,4
130711420,mixed,FF->mix,FF,mix,2,1,1,1160,43,1.001,22110,19.06,LO,4,2,2,"[LOL3, ME.LOL3] -> LOL4 -> [LO.PLPL4, MEL3]",LO,3,ME.LO,3,LO.PLP,4,ME,3
130447031,mixed,FF->mix,FF,mix,2,1,1,1160,27,1.0,3982,3.433,LO,4,2,2,"[LOL3, LOP.LOL3] -> LOL4 -> [LO.PVLPL3, LO.PVLPL4]",LO,3,LOP.LO,3,LO.PVLP,3,LO.PVLP,4
129127703,mixed,FF->mix,FF,mix,3,0,1,1160,138,1.011,14070,12.129,LO,4,2,2,"[LOL3, MEL3] -> LOL4 -> [LOL5, LO.PVLPL4]",LO,3,ME,3,LO,5,LO.PVLP,4
128835429,mixed,FF->mix,FF,mix,2,1,1,207,13,1.115,2912,14.068,LO,5,2,2,"[LOL4, ME.LOL4] -> LOL5 -> [LO.PVLPL4, LO.SPSL5]",LO,4,ME.LO,4,LO.PVLP,4,LO.SPS,5
126814246,mixed,FF->mix,FF,mix,3,0,1,1160,1,1.0,11311,9.751,LO,4,2,2,"[LOL3, ME.LOL3] -> LOL4 -> [LO.PVLPL5, LOP.PVLPL4]",LO,3,ME.LO,3,LO.PVLP,5,LOP.PVLP,4
125252772,mixed,FF->mix,FF,mix,2,1,1,1160,43,1.009,20534,17.702,LO,4,2,2,"[MEL3, ME.LOL3] -> LOL4 -> [LO.PLPL4, LO.PVLPL3]",ME,3,ME.LO,3,LO.PLP,4,LO.PVLP,3
123884074,mixed,FF->mix,FF,mix,3,1,0,1160,14,1.0,11591,9.992,LO,4,2,2,"[LO.PLPL3, ME.LOL3] -> LOL4 -> [LOL3, LO.AOTUL5]",LO.PLP,3,ME.LO,3,LO,3,LO.AOTU,5
122670163,mixed,FF->mix,FF,mix,3,1,0,1160,44,1.001,21971,18.941,LO,4,2,2,"[LOL3, MEL3] -> LOL4 -> [LO.PVLPL5, ME.LOL3]",LO,3,ME,3,LO.PVLP,5,ME.LO,3
120961802,mixed,FF->mix,FF,mix,2,1,1,1160,25,1.0,11519,9.93,LO,4,2,2,"[LOPL3, ME.LOL3] -> LOL4 -> [LO.PVLPL3, LO.PVLPL4]",LOP,3,ME.LO,3,LO.PVLP,3,LO.PVLP,4
119169134,mixed,FF->mix,FF,mix,3,1,0,1160,13,1.0,11384,9.814,LO,4,2,2,"[LOP.LOL3, ME.LOL3] -> LOL4 -> [LOL3, LO.PVLPL5]",LOP.LO,3,ME.LO,3,LO,3,LO.PVLP,5
118847671,mixed,FF->mix,FF,mix,2,1,1,1160,74,1.001,21984,18.952,LO,4,2,2,"[LOL3, ME.LOL3] -> LOL4 -> [LO.SPSL4, MEL3]",LO,3,ME.LO,3,LO.SPS,4,ME,3
117264011,mixed,FF->mix,FF,mix,2,1,1,1160,7,1.0,21904,18.883,LO,4,2,2,"[MEL3, ME.LOL3] -> LOL4 -> [LOL3, LOP.PVLPL4]",ME,3,ME.LO,3,LO,3,LOP.PVLP,4
116259187,mixed,FF->mix,FF,mix,2,1,1,1160,12,1.005,4076,3.514,LO,4,2,2,"[LOL3, LO.PLPL3] -> LOL4 -> [LO.PVLPL3, LO.PVLPL4]",LO,3,LO.PLP,3,LO.PVLP,3,LO.PVLP,4
114352643,mixed,FF->mix,FF,mix,2,1,1,1160,70,1.001,22110,19.06,LO,4,2,2,"[LOL3, MEL3] -> LOL4 -> [LO.PLPL4, ME.LOL3]",LO,3,ME,3,LO.PLP,4,ME.LO,3
113527066,mixed,FF->mix,FF,mix,3,0,1,1160,7,1.001,11419,9.844,LO,4,2,2,"[LOL3, ME.LOL3] -> LOL4 -> [LO.AOTUL4, LO.PVLPL5]",LO,3,ME.LO,3,LO.AOTU,4,LO.PVLP,5
113451114,mixed,FF->mix,FF,mix,2,1,1,1160,66,1.002,20408,17.593,LO,4,2,2,"[MEL3, ME.LOL3] -> LOL4 -> [LO.PVLPL3, LO.SPSL4]",ME,3,ME.LO,3,LO.PVLP,3,LO.SPS,4
112419101,mixed,FF->mix,FF,mix,3,1,0,1160,29,1.008,12125,10.453,LO,4,2,2,"[LOL3, ME.LOL3] -> LOL4 -> [AOTUL5, LO.PVLPL3]",LO,3,ME.LO,3,AOTU,5,LO.PVLP,3
111867329,mixed,FF->mix,FF,mix,3,0,1,1160,12,1.006,11462,9.881,LO,4,2,2,"[LOL3, ME.LOL3] -> LOL4 -> [LOL5, PVLP.LOL4]",LO,3,ME.LO,3,LO,5,PVLP.LO,4
111631473,mixed,FF->mix,FF,mix,3,1,0,1160,169,1.002,11569,9.973,LO,4,2,2,"[LOL3, ME.LOL3] -> LOL4 -> [LOL5, LO.PLPL3]",LO,3,ME.LO,3,LO,5,LO.PLP,3
111101960,mixed,FF->mix,FF,mix,2,1,1,1160,47,1.0,11523,9.934,LO,4,2,2,"[LOP.LOL3, ME.LOL3] -> LOL4 -> [LOL3, LO.PLPL4]",LOP.LO,3,ME.LO,3,LO,3,LO.PLP,4
110894690,mixed,FF->mix,FF,mix,2,1,1,1160,51,1.0,13095,11.289,LO,4,2,2,"[LOL3, LOPL3] -> LOL4 -> [LO.PVLPL4, ME.LOL3]",LO,3,LOP,3,LO.PVLP,4,ME.LO,3
105946827,mixed,FF->mix,FF,mix,3,1,0,1160,10,1.0,11478,9.895,LO,4,2,2,"[LO.PLPL3, ME.LOL3] -> LOL4 -> [LOL3, LO.PVLPL5]",LO.PLP,3,ME.LO,3,LO,3,LO.PVLP,5
105422690,mixed,FF->mix,FF,mix,2,1,1,1160,41,1.01,22012,18.976,LO,4,2,2,"[MEL3, ME.LOL3] -> LOL4 -> [LOL3, LO.AOTUL4]",ME,3,ME.LO,3,LO,3,LO.AOTU,4
104003234,mixed,FF->mix,FF,mix,2,1,1,1160,109,1.002,21984,18.952,LO,4,2,2,"[LOL3, MEL3] -> LOL4 -> [LO.SPSL4, ME.LOL3]",LO,3,ME,3,LO.SPS,4,ME.LO,3
101004079,mixed,FF->mix,FF,mix,2,1,1,1160,57,1.0,11397,9.825,LO,4,2,2,"[LOP.LOL3, ME.LOL3] -> LOL4 -> [LOL3, LO.SPSL4]",LOP.LO,3,ME.LO,3,LO,3,LO.SPS,4
100460751,mixed,FF->mix,FF,mix,2,1,1,109,5,2.628,11042,101.303,PVLP.LO,4,2,2,"[AVLPL3, LO.PVLPL3] -> PVLP.LOL4 -> [LOL4, ME.LOL3]",AVLP,3,LO.PVLP,3,LO,4,ME.LO,3
100008776,mixed,FF->mix,FF,mix,3,0,1,1160,5,1.0,3505,3.022,LO,4,2,2,"[LOL3, LOP.LOL3] -> LOL4 -> [LO.AOTUL5, LO.PVLPL4]",LO,3,LOP.LO,3,LO.AOTU,5,LO.PVLP,4
98759934,mixed,FF->mix,FF,mix,2,1,1,1160,18,1.0,11617,10.015,LO,4,2,2,"[LO.PLPL3, ME.LOL3] -> LOL4 -> [LOL3, LO.PLPL4]",LO.PLP,3,ME.LO,3,LO,3,LO.PLP,4
95614867,mixed,FF->mix,FF,mix,3,0,1,1160,28,1.0,20057,17.291,LO,4,2,2,"[MEL3, ME.LOL3] -> LOL4 -> [LO.AOTUL5, LO.PLPL4]",ME,3,ME.LO,3,LO.AOTU,5,LO.PLP,4
92720363,mixed,FF->mix,FF,mix,3,0,1,1160,5,1.0,11042,9.519,LO,4,2,2,"[LOPL3, ME.LOL3] -> LOL4 -> [LO.AOTUL5, LO.PVLPL4]",LOP,3,ME.LO,3,LO.AOTU,5,LO.PVLP,4
92463274,mixed,FF->mix,FF,mix,3,0,1,1160,27,1.047,20718,17.86,LO,4,2,2,"[MEL3, ME.LOL3] -> LOL4 -> [AOTUL5, LO.PVLPL4]",ME,3,ME.LO,3,AOTU,5,LO.PVLP,4
91379229,mixed,FF->mix,FF,mix,3,0,1,1160,30,1.0,9983,8.606,LO,4,2,2,"[LOP.LOL3, ME.LOL3] -> LOL4 -> [LO.PVLPL4, LO.SPSL5]",LOP.LO,3,ME.LO,3,LO.PVLP,4,LO.SPS,5
91378995,mixed,FF->mix,FF,mix,2,1,1,1160,35,1.0,10074,8.684,LO,4,2,2,"[LOP.LOL3, ME.LOL3] -> LOL4 -> [LO.PLPL3, LO.PVLPL4]",LOP.LO,3,ME.LO,3,LO.PLP,3,LO.PVLP,4
89771714,mixed,FF->mix,FF,mix,2,1,1,1160,27,1.0,11491,9.906,LO,4,2,2,"[LO.PLPL3, ME.LOL3] -> LOL4 -> [LOL3, LO.SPSL4]",LO.PLP,3,ME.LO,3,LO,3,LO.SPS,4
89354625,mixed,FF->mix,FF,mix,2,1,1,109,17,2.406,3913,35.899,PVLP.LO,4,2,2,"[LO.PVLPL3, PVLPL3] -> PVLP.LOL4 -> [LOL3, LO.PVLPL4]",LO.PVLP,3,PVLP,3,LO,3,LO.PVLP,4
89211050,mixed,FF->mix,FF,mix,2,1,1,109,4,2.975,10446,95.835,PVLP.LO,4,2,2,"[LO.PVLPL3, PVLP.AVLPL3] -> PVLP.LOL4 -> [LO.PVLPL4, ME.LOL3]",LO.PVLP,3,PVLP.AVLP,3,LO.PVLP,4,ME.LO,3
89211048,mixed,FF->mix,FF,mix,2,1,1,109,3,2.975,10443,95.807,PVLP.LO,4,2,2,"[AMMC.AVLPL3, LO.PVLPL3] -> PVLP.LOL4 -> [LO.PVLPL4, ME.LOL3]",AMMC.AVLP,3,LO.PVLP,3,LO.PVLP,4,ME.LO,3
88901237,mixed,FF->mix,FF,mix,3,0,1,1160,8,1.0,3599,3.103,LO,4,2,2,"[LOL3, LO.PLPL3] -> LOL4 -> [LO.AOTUL5, LO.PVLPL4]",LO,3,LO.PLP,3,LO.AOTU,5,LO.PVLP,4
86914512,mixed,FF->mix,FF,mix,3,0,1,1160,38,1.0,19931,17.182,LO,4,2,2,"[MEL3, ME.LOL3] -> LOL4 -> [LO.AOTUL5, LO.SPSL4]",ME,3,ME.LO,3,LO.AOTU,5,LO.SPS,4
85711704,mixed,FF->mix,FF,mix,2,1,1,109,3,2.297,10772,98.826,PVLP.LO,4,2,2,"[LO.AVLPL3, LO.PVLPL3] -> PVLP.LOL4 -> [LOL4, ME.LOL3]",LO.AVLP,3,LO.PVLP,3,LO,4,ME.LO,3
85514832,mixed,FF->mix,FF,mix,3,0,1,1160,12,1.0,3392,2.924,LO,4,2,2,"[LOL3, LOP.LOL3] -> LOL4 -> [LO.PVLPL4, LO.PVLPL5]",LO,3,LOP.LO,3,LO.PVLP,4,LO.PVLP,5
85287752,mixed,FF->mix,FF,mix,2,1,1,1160,13,1.217,20388,17.576,LO,4,2,2,"[MEL3, ME.LOL3] -> LOL4 -> [LO.PVLPL3, PVLP.LOL4]",ME,3,ME.LO,3,LO.PVLP,3,PVLP.LO,4
84512563,mixed,FF->mix,FF,mix,3,1,0,1160,17,1.004,13926,12.005,LO,4,2,2,"[LOL3, MEL3] -> LOL4 -> [LO.AOTUL5, LO.PVLPL3]",LO,3,ME,3,LO.AOTU,5,LO.PVLP,3
82596672,mixed,FF->mix,FF,mix,2,1,1,109,2,1.848,10454,95.908,PVLP.LO,4,2,2,"[LO.PVLPL3, PLP.AVLPL3] -> PVLP.LOL4 -> [LO.PVLPL4, ME.LOL3]",LO.PVLP,3,PLP.AVLP,3,LO.PVLP,4,ME.LO,3
82520234,mixed,FF->mix,FF,mix,2,1,1,1160,24,1.01,20472,17.648,LO,4,2,2,"[MEL3, ME.LOL3] -> LOL4 -> [LO.PVLPL4, LO.SPSL3]",ME,3,ME.LO,3,LO.PVLP,4,LO.SPS,3
81948576,mixed,FF->mix,FF,mix,2,1,1,1160,38,1.012,11908,10.266,LO,4,2,2,"[LOL3, ME.LOL3] -> LOL4 -> [LO.AVLPL4, LO.PVLPL3]",LO,3,ME.LO,3,LO.AVLP,4,LO.PVLP,3
81829775,mixed,FF->mix,FF,mix,3,0,1,1160,23,1.002,19944,17.193,LO,4,2,2,"[MEL3, ME.LOL3] -> LOL4 -> [LO.PLPL4, LO.PVLPL5]",ME,3,ME.LO,3,LO.PLP,4,LO.PVLP,5
81452176,mixed,FF->mix,FF,mix,3,1,0,1160,11,1.0,11870,10.233,LO,4,2,2,"[LOL3, ME.LOL3] -> LOL4 -> [LO.ICLL5, LO.PVLPL3]",LO,3,ME.LO,3,LO.ICL,5,LO.PVLP,3
81234782,mixed,FF->mix,FF,mix,3,0,1,1160,20,1.0,10077,8.687,LO,4,2,2,"[LO.PLPL3, ME.LOL3] -> LOL4 -> [LO.PVLPL4, LO.SPSL5]",LO.PLP,3,ME.LO,3,LO.PVLP,4,LO.SPS,5
81141389,mixed,FF->mix,FF,mix,2,1,1,1160,12,1.009,21964,18.934,LO,4,2,2,"[LOL3, ME.LOL3] -> LOL4 -> [MEL3, PVLP.LOL4]",LO,3,ME.LO,3,ME,3,PVLP.LO,4
80805810,mixed,FF->mix,FF,mix,3,1,0,1160,55,1.001,21980,18.948,LO,4,2,2,"[LOL3, ME.LOL3] -> LOL4 -> [LO.SPSL5, MEL3]",LO,3,ME.LO,3,LO.SPS,5,ME,3
79282960,mixed,FF->mix,FF,mix,3,0,1,1160,10,1.0,10929,9.422,LO,4,2,2,"[LOPL3, ME.LOL3] -> LOL4 -> [LO.PVLPL4, LO.PVLPL5]",LOP,3,ME.LO,3,LO.PVLP,4,LO.PVLP,5
79074203,mixed,FF->mix,FF,mix,2,1,1,1160,47,1.0,13985,12.056,LO,4,2,2,"[LOP.LOL3, MEL3] -> LOL4 -> [LOL3, LO.PVLPL4]",LOP.LO,3,ME,3,LO,3,LO.PVLP,4
78065937,mixed,FF->mix,FF,mix,3,1,0,1160,13,1.0,11402,9.829,LO,4,2,2,"[LOL3, ME.LOL3] -> LOL4 -> [LO.AOTUL5, LO.SPSL3]",LO,3,ME.LO,3,LO.AOTU,5,LO.SPS,3
77952540,mixed,FF->mix,FF,mix,3,0,1,1160,63,1.0,10065,8.677,LO,4,2,2,"[LOP.LOL3, ME.LOL3] -> LOL4 -> [LOL5, LO.PVLPL4]",LOP.LO,3,ME.LO,3,LO,5,LO.PVLP,4
77216806,mixed,FF->mix,FF,mix,3,1,0,1160,61,1.004,20404,17.59,LO,4,2,2,"[MEL3, ME.LOL3] -> LOL4 -> [LO.PVLPL3, LO.SPSL5]",ME,3,ME.LO,3,LO.PVLP,3,LO.SPS,5
76999827,mixed,FF->mix,FF,mix,2,1,1,1160,8,1.089,12053,10.391,LO,4,2,2,"[LOL3, ME.LOL3] -> LOL4 -> [LO.PVLPL4, PVLP.LOL3]",LO,3,ME.LO,3,LO.PVLP,4,PVLP.LO,3
76051166,mixed,FF->mix,FF,mix,3,0,1,1160,6,1.001,3486,3.005,LO,4,2,2,"[LOL3, LO.PLPL3] -> LOL4 -> [LO.PVLPL4, LO.PVLPL5]",LO,3,LO.PLP,3,LO.PVLP,4,LO.PVLP,5
74330752,mixed,FF->mix,FF,mix,3,0,1,1160,35,1.001,19818,17.084,LO,4,2,2,"[MEL3, ME.LOL3] -> LOL4 -> [LO.PVLPL5, LO.SPSL4]",ME,3,ME.LO,3,LO.PVLP,5,LO.SPS,4
74191227,mixed,FF->mix,FF,mix,3,0,1,1160,25,1.012,12175,10.496,LO,4,2,2,"[LOL3, ME.LOL3] -> LOL4 -> [LO.PVLPL4, PVLPL5]",LO,3,ME.LO,3,LO.PVLP,4,PVLP,5
74179284,mixed,FF->mix,FF,mix,3,0,1,1160,3,1.011,12022,10.364,LO,4,2,2,"[LOL3, ME.LOL3] -> LOL4 -> [LO.PVLPL4, PVLP.LOL5]",LO,3,ME.LO,3,LO.PVLP,4,PVLP.LO,5
73764664,mixed,FF->mix,FF,mix,2,1,1,1160,15,1.0,12021,10.363,LO,4,2,2,"[LOL3, ME.LOL3] -> LOL4 -> [LO.PVLPL4, LO.VESL3]",LO,3,ME.LO,3,LO.PVLP,4,LO.VES,3
73762490,mixed,FF->mix,FF,mix,2,1,1,1160,17,1.0,12030,10.371,LO,4,2,2,"[LOL3, ME.LOL3] -> LOL4 -> [LO.ICLL3, LO.PVLPL4]",LO,3,ME.LO,3,LO.ICL,3,LO.PVLP,4
73759504,mixed,FF->mix,FF,mix,3,0,1,1160,13,1.0,12026,10.367,LO,4,2,2,"[LOL3, ME.LOL3] -> LOL4 -> [LO.PVLPL4, LO.SCLL5]",LO,3,ME.LO,3,LO.PVLP,4,LO.SCL,5
73759298,mixed,FF->mix,FF,mix,3,0,1,1160,4,1.0,12021,10.363,LO,4,2,2,"[LOL3, ME.LOL3] -> LOL4 -> [LO.PVLPL4, LO.SLPL5]",LO,3,ME.LO,3,LO.PVLP,4,LO.SLP,5
73759072,mixed,FF->mix,FF,mix,2,1,1,1160,2,1.0,12023,10.365,LO,4,2,2,"[LOL3, ME.LOL3] -> LOL4 -> [LO.PVLPL4, PLP.MEL3]",LO,3,ME.LO,3,LO.PVLP,4,PLP.ME,3
73758812,mixed,FF->mix,FF,mix,2,1,1,1160,2,1.0,12022,10.364,LO,4,2,2,"[LOL3, ME.LOL3] -> LOL4 -> [LO.PVLPL4, LO.SCLL3]",LO,3,ME.LO,3,LO.PVLP,4,LO.SCL,3
73501990,mixed,FF->mix,FF,mix,2,1,1,1160,28,1.009,12060,10.397,LO,4,2,2,"[LO.AVLPL3, ME.LOL3] -> LOL4 -> [LOL3, LO.PVLPL4]",LO.AVLP,3,ME.LO,3,LO,3,LO.PVLP,4
73312679,mixed,FF->mix,FF,mix,2,1,1,1160,4,1.004,12260,10.569,LO,4,2,2,"[ME.LOL3, PLPL3] -> LOL4 -> [LOL3, LO.PVLPL4]",ME.LO,3,PLP,3,LO,3,LO.PVLP,4
73163281,mixed,FF->mix,FF,mix,2,1,1,1160,9,1.0,12045,10.384,LO,4,2,2,"[LO.SPSL3, ME.LOL3] -> LOL4 -> [LOL3, LO.PVLPL4]",LO.SPS,3,ME.LO,3,LO,3,LO.PVLP,4
73082333,mixed,FF->mix,FF,mix,3,0,1,1160,5,1.0,11320,9.759,LO,4,2,2,"[LOL3, ME.LOL3] -> LOL4 -> [LO.SPSL5, LOP.PVLPL4]",LO,3,ME.LO,3,LO.SPS,5,LOP.PVLP,4
73079396,mixed,FF->mix,FF,mix,2,1,1,1160,1,1.0,11411,9.837,LO,4,2,2,"[LOL3, ME.LOL3] -> LOL4 -> [LO.PLPL3, LOP.PVLPL4]",LO,3,ME.LO,3,LO.PLP,3,LOP.PVLP,4
72720769,mixed,FF->mix,FF,mix,3,1,0,1160,31,1.016,13813,11.908,LO,4,2,2,"[LOL3, MEL3] -> LOL4 -> [LO.PVLPL3, LO.PVLPL5]",LO,3,ME,3,LO.PVLP,3,LO.PVLP,5
71270818,mixed,FF->mix,FF,mix,2,1,1,1160,6,1.0,11862,10.226,LO,4,2,2,"[LOL3, ME.LOL3] -> LOL4 -> [LO.PVLPL3, LO.SLPL4]",LO,3,ME.LO,3,LO.PVLP,3,LO.SLP,4
70865660,mixed,FF->mix,FF,mix,2,1,1,1160,17,1.006,21964,18.934,LO,4,2,2,"[LOL3, MEL3] -> LOL4 -> [ME.LOL3, PVLP.LOL4]",LO,3,ME,3,ME.LO,3,PVLP.LO,4
70789407,mixed,FF->mix,FF,mix,3,1,0,1160,94,1.003,21980,18.948,LO,4,2,2,"[LOL3, MEL3] -> LOL4 -> [LO.SPSL5, ME.LOL3]",LO,3,ME,3,LO.SPS,5,ME.LO,3
70613149,mixed,FF->mix,FF,mix,2,1,1,1160,22,1.009,14079,12.137,LO,4,2,2,"[LO.PLPL3, MEL3] -> LOL4 -> [LOL3, LO.PVLPL4]",LO.PLP,3,ME,3,LO,3,LO.PVLP,4
69686117,mixed,FF->mix,FF,mix,3,1,0,1160,17,1.0,12452,10.734,LO,4,2,2,"[LOPL3, ME.LOL3] -> LOL4 -> [LOL3, LO.AOTUL5]",LOP,3,ME.LO,3,LO,3,LO.AOTU,5
69454532,mixed,FF->mix,FF,mix,2,1,1,109,3,2.878,10378,95.211,PVLP.LO,4,2,2,"[LO.PVLPL3, PVLPL3] -> PVLP.LOL4 -> [ME.LOL3, ME.LOL4]",LO.PVLP,3,PVLP,3,ME.LO,3,ME.LO,4
69300540,mixed,FF->mix,FF,mix,3,0,1,1160,23,1.001,10159,8.758,LO,4,2,2,"[LO.PLPL3, ME.LOL3] -> LOL4 -> [LOL5, LO.PVLPL4]",LO.PLP,3,ME.LO,3,LO,5,LO.PVLP,4
68995806,mixed,FF->mix,FF,mix,3,1,0,1160,104,1.003,22062,19.019,LO,4,2,2,"[LOL3, ME.LOL3] -> LOL4 -> [LOL5, MEL3]",LO,3,ME.LO,3,LO,5,ME,3
68680513,mixed,FF->mix,FF,mix,3,1,0,1160,41,1.0,11393,9.822,LO,4,2,2,"[LOP.LOL3, ME.LOL3] -> LOL4 -> [LOL3, LO.SPSL5]",LOP.LO,3,ME.LO,3,LO,3,LO.SPS,5
68672694,mixed,FF->mix,FF,mix,2,1,1,1160,2,1.0,11377,9.808,LO,4,2,2,"[LOP.LOL3, ME.LOL3] -> LOL4 -> [LOL3, PVLP.LOL4]",LOP.LO,3,ME.LO,3,LO,3,PVLP.LO,4
68475139,mixed,FF->mix,FF,mix,3,0,1,1160,34,1.001,11674,10.064,LO,4,2,2,"[LOL3, ME.LOL3] -> LOL4 -> [AOTUL5, LO.PLPL4]",LO,3,ME.LO,3,AOTU,5,LO.PLP,4
68306010,mixed,FF->mix,FF,mix,3,1,0,1160,51,1.012,22128,19.076,LO,4,2,2,"[MEL3, ME.LOL3] -> LOL4 -> [AOTUL5, LOL3]",ME,3,ME.LO,3,AOTU,5,LO,3
68086292,mixed,FF->mix,FF,mix,2,1,1,207,12,2.279,2286,11.043,LO,5,2,2,"[LOL4, ME.LOL4] -> LOL5 -> [LO.PLPL4, LO.PVLPL5]",LO,4,ME.LO,4,LO.PLP,4,LO.PVLP,5
67489036,mixed,FF->mix,FF,mix,2,1,1,1160,41,1.007,13952,12.028,LO,4,2,2,"[LOL3, MEL3] -> LOL4 -> [LO.PLPL4, LO.PVLPL3]",LO,3,ME,3,LO.PLP,4,LO.PVLP,3
67221860,mixed,FF->mix,FF,mix,2,1,1,1160,12,1.001,10597,9.135,LO,4,2,2,"[LO.MEL3, ME.LOL3] -> LOL4 -> [LO.PVLPL3, LO.PVLPL4]",LO.ME,3,ME.LO,3,LO.PVLP,3,LO.PVLP,4
66756698,mixed,FF->mix,FF,mix,3,1,0,1160,8,1.0,11289,9.732,LO,4,2,2,"[LOL3, ME.LOL3] -> LOL4 -> [LO.PVLPL5, LO.SPSL3]",LO,3,ME.LO,3,LO.PVLP,5,LO.SPS,3
66365323,mixed,FF->mix,FF,mix,3,1,0,1160,103,1.019,20486,17.66,LO,4,2,2,"[MEL3, ME.LOL3] -> LOL4 -> [LOL5, LO.PVLPL3]",ME,3,ME.LO,3,LO,5,LO.PVLP,3
65700597,mixed,FF->mix,FF,mix,3,0,1,1160,12,1.0,20463,17.641,LO,4,2,2,"[MEL3, ME.LOL3] -> LOL4 -> [LO.ICLL5, LO.PVLPL4]",ME,3,ME.LO,3,LO.ICL,5,LO.PVLP,4
65427642,mixed,FF->mix,FF,mix,3,0,1,1160,47,1.001,11428,9.852,LO,4,2,2,"[LOL3, ME.LOL3] -> LOL4 -> [LO.AOTUL4, LO.SPSL5]",LO,3,ME.LO,3,LO.AOTU,4,LO.SPS,5
65412211,mixed,FF->mix,FF,mix,2,1,1,1160,33,1.001,11519,9.93,LO,4,2,2,"[LOL3, ME.LOL3] -> LOL4 -> [LO.AOTUL4, LO.PLPL3]",LO,3,ME.LO,3,LO.AOTU,4,LO.PLP,3
65225702,mixed,FF->mix,FF,mix,2,1,1,1160,24,1.0,4937,4.256,LO,4,2,2,"[LOL3, LOPL3] -> LOL4 -> [LO.PVLPL3, LO.PVLPL4]",LO,3,LOP,3,LO.PVLP,3,LO.PVLP,4
63309112,mixed,FF->mix,FF,mix,2,1,1,207,10,1.232,3060,14.783,LO,5,2,2,"[LOL4, ME.LOL4] -> LOL5 -> [AOTUL5, LO.PVLPL4]",LO,4,ME.LO,4,AOTU,5,LO.PVLP,4
62475928,mixed,FF->mix,FF,mix,3,0,1,1160,5,1.001,11431,9.854,LO,4,2,2,"[LOL3, ME.LOL3] -> LOL4 -> [LO.AOTUL5, LO.AVLPL4]",LO,3,ME.LO,3,LO.AOTU,5,LO.AVLP,4
62332762,mixed,FF->mix,FF,mix,3,0,1,1160,4,1.0,11402,9.829,LO,4,2,2,"[LOL3, ME.LOL3] -> LOL4 -> [LOL5, LOP.PVLPL4]",LO,3,ME.LO,3,LO,5,LOP.PVLP,4
62318918,mixed,FF->mix,FF,mix,3,0,1,1160,61,1.003,11548,9.955,LO,4,2,2,"[LOL3, ME.LOL3] -> LOL4 -> [AOTUL5, LO.SPSL4]",LO,3,ME.LO,3,AOTU,5,LO.SPS,4
62251358,mixed,FF->mix,FF,mix,2,1,1,1160,34,1.001,11428,9.852,LO,4,2,2,"[LOL3, ME.LOL3] -> LOL4 -> [LO.PLPL4, LO.SPSL3]",LO,3,ME.LO,3,LO.PLP,4,LO.SPS,3
61637963,mixed,FF->mix,FF,mix,2,1,1,1160,22,1.001,12173,10.494,LO,4,2,2,"[LOL3, LO.MEL3] -> LOL4 -> [LO.PVLPL4, ME.LOL3]",LO,3,LO.ME,3,LO.PVLP,4,ME.LO,3
61168010,mixed,FF->mix,FF,mix,2,1,1,1160,64,1.001,13826,11.919,LO,4,2,2,"[LOL3, MEL3] -> LOL4 -> [LO.PVLPL3, LO.SPSL4]",LO,3,ME,3,LO.PVLP,3,LO.SPS,4
61142560,mixed,FF->mix,FF,mix,2,1,1,1160,2,1.003,11471,9.889,LO,4,2,2,"[LO.PLPL3, ME.LOL3] -> LOL4 -> [LOL3, PVLP.LOL4]",LO.PLP,3,ME.LO,3,LO,3,PVLP.LO,4
61100358,mixed,FF->mix,FF,mix,3,1,0,1160,30,1.0,11903,10.261,LO,4,2,2,"[LOL3, ME.LOL3] -> LOL4 -> [LO.PLPL5, LO.PVLPL3]",LO,3,ME.LO,3,LO.PLP,5,LO.PVLP,3
61090324,mixed,FF->mix,FF,mix,2,1,1,1160,12,1.0,11866,10.229,LO,4,2,2,"[LOL3, ME.LOL3] -> LOL4 -> [LO.ICLL4, LO.PVLPL3]",LO,3,ME.LO,3,LO.ICL,4,LO.PVLP,3
61050589,mixed,FF->mix,FF,mix,3,1,0,1160,26,1.0,11487,9.903,LO,4,2,2,"[LO.PLPL3, ME.LOL3] -> LOL4 -> [LOL3, LO.SPSL5]",LO.PLP,3,ME.LO,3,LO,3,LO.SPS,5
60340748,mixed,FF->mix,FF,mix,3,1,0,1160,168,1.002,22062,19.019,LO,4,2,2,"[LOL3, MEL3] -> LOL4 -> [LOL5, ME.LOL3]",LO,3,ME,3,LO,5,ME.LO,3
59584360,mixed,FF->mix,FF,mix,3,1,0,1160,14,1.0,12339,10.637,LO,4,2,2,"[LOPL3, ME.LOL3] -> LOL4 -> [LOL3, LO.PVLPL5]",LOP,3,ME.LO,3,LO,3,LO.PVLP,5
59469332,mixed,FF->mix,FF,mix,3,0,1,1160,3,1.013,19911,17.165,LO,4,2,2,"[MEL3, ME.LOL3] -> LOL4 -> [LO.AOTUL5, PVLP.LOL4]",ME,3,ME.LO,3,LO.AOTU,5,PVLP.LO,4
59107297,mixed,FF->mix,FF,mix,3,1,0,1160,29,1.0,20018,17.257,LO,4,2,2,"[MEL3, ME.LOL3] -> LOL4 -> [LO.AOTUL5, LO.PLPL3]",ME,3,ME.LO,3,LO.AOTU,5,LO.PLP,3
2029029147,mixed,FF->lat,FF,lat,2,0,2,1160,63,1.001,12273,10.58,LO,4,2,2,"[LOL3, ME.LOL3] -> LOL4 -> [LO.PLPL4, LO.PVLPL4]",LO,3,ME.LO,3,LO.PLP,4,LO.PVLP,4
1844266254,mixed,FF->lat,FF,lat,2,0,2,1160,116,1.0,12147,10.472,LO,4,2,2,"[LOL3, ME.LOL3] -> LOL4 -> [LO.PVLPL4, LO.SPSL4]",LO,3,ME.LO,3,LO.PVLP,4,LO.SPS,4
1264450635,mixed,FF->lat,FF,lat,2,0,2,1160,21,1.017,12127,10.454,LO,4,2,2,"[LOL3, ME.LOL3] -> LOL4 -> [LO.PVLPL4, PVLP.LOL4]",LO,3,ME.LO,3,LO.PVLP,4,PVLP.LO,4
700713754,mixed,FF->lat,FF,lat,2,0,2,1160,8,1.0,12067,10.403,LO,4,2,2,"[LOL3, ME.LOL3] -> LOL4 -> [LO.PVLPL4, LOP.PVLPL4]",LO,3,ME.LO,3,LO.PVLP,4,LOP.PVLP,4
627968486,mixed,FF->lat,FF,lat,2,0,2,1160,21,1.003,12175,10.496,LO,4,2,2,"[LOL3, ME.LOL3] -> LOL4 -> [LO.AOTUL4, LO.PVLPL4]",LO,3,ME.LO,3,LO.AOTU,4,LO.PVLP,4
453292611,mixed,FF->lat,FF,lat,2,0,2,1160,55,1.007,20700,17.845,LO,4,2,2,"[MEL3, ME.LOL3] -> LOL4 -> [LO.PLPL4, LO.PVLPL4]",ME,3,ME.LO,3,LO.PLP,4,LO.PVLP,4
411181863,mixed,FF->lat,FF,lat,2,0,2,1160,99,1.003,20574,17.736,LO,4,2,2,"[MEL3, ME.LOL3] -> LOL4 -> [LO.PVLPL4, LO.SPSL4]",ME,3,ME.LO,3,LO.PVLP,4,LO.SPS,4
311214386,mixed,FF->lat,FF,lat,2,0,2,1160,94,1.001,11530,9.94,LO,4,2,2,"[LOL3, ME.LOL3] -> LOL4 -> [LO.PLPL4, LO.SPSL4]",LO,3,ME.LO,3,LO.PLP,4,LO.SPS,4
299854892,mixed,FF->lat,FF,lat,2,0,2,1160,17,1.15,20554,17.719,LO,4,2,2,"[MEL3, ME.LOL3] -> LOL4 -> [LO.PVLPL4, PVLP.LOL4]",ME,3,ME.LO,3,LO.PVLP,4,PVLP.LO,4
296426867,mixed,FF->lat,FF,lat,2,0,2,1160,75,1.009,12074,10.409,LO,4,2,2,"[LOL3, ME.LOL3] -> LOL4 -> [LO.AVLPL4, LO.PVLPL4]",LO,3,ME.LO,3,LO.AVLP,4,LO.PVLP,4
258155359,mixed,FF->lat,FF,lat,2,0,2,1160,8,1.0,12028,10.369,LO,4,2,2,"[LOL3, ME.LOL3] -> LOL4 -> [LO.PVLPL4, LO.SLPL4]",LO,3,ME.LO,3,LO.PVLP,4,LO.SLP,4
244142608,mixed,FF->lat,FF,lat,2,0,2,1160,52,1.005,14118,12.171,LO,4,2,2,"[LOL3, MEL3] -> LOL4 -> [LO.PLPL4, LO.PVLPL4]",LO,3,ME,3,LO.PLP,4,LO.PVLP,4
221572991,mixed,FF->lat,FF,lat,2,0,2,1160,97,1.001,13992,12.062,LO,4,2,2,"[LOL3, MEL3] -> LOL4 -> [LO.PVLPL4, LO.SPSL4]",LO,3,ME,3,LO.PVLP,4,LO.SPS,4
221279585,mixed,FF->lat,FF,lat,2,0,2,1160,24,1.0,12032,10.372,LO,4,2,2,"[LOL3, ME.LOL3] -> LOL4 -> [LO.ICLL4, LO.PVLPL4]",LO,3,ME.LO,3,LO.ICL,4,LO.PVLP,4
211754647,mixed,FF->lat,FF,lat,2,0,2,1160,5,1.002,11510,9.922,LO,4,2,2,"[LOL3, ME.LOL3] -> LOL4 -> [LO.PLPL4, PVLP.LOL4]",LO,3,ME.LO,3,LO.PLP,4,PVLP.LO,4
192359912,mixed,FF->lat,FF,lat,2,0,2,1160,10,1.0,11384,9.814,LO,4,2,2,"[LOL3, ME.LOL3] -> LOL4 -> [LO.SPSL4, PVLP.LOL4]",LO,3,ME.LO,3,LO.SPS,4,PVLP.LO,4
159673081,mixed,FF->lat,FF,lat,2,0,2,1160,18,1.122,13972,12.045,LO,4,2,2,"[LOL3, MEL3] -> LOL4 -> [LO.PVLPL4, PVLP.LOL4]",LO,3,ME,3,LO.PVLP,4,PVLP.LO,4
156055456,mixed,FF->lat,FF,lat,2,0,2,1160,7,1.0,20494,17.667,LO,4,2,2,"[MEL3, ME.LOL3] -> LOL4 -> [LO.PVLPL4, LOP.PVLPL4]",ME,3,ME.LO,3,LO.PVLP,4,LOP.PVLP,4
149892126,mixed,FF->lat,FF,lat,2,0,2,1160,40,1.032,12157,10.48,LO,4,2,2,"[LOL3, ME.LOL3] -> LOL4 -> [LO.PVLPL4, PVLPL4]",LO,3,ME.LO,3,LO.PVLP,4,PVLP,4
147839512,mixed,FF->lat,FF,lat,2,0,2,1160,29,1.0,10113,8.718,LO,4,2,2,"[LOP.LOL3, ME.LOL3] -> LOL4 -> [LO.PLPL4, LO.PVLPL4]",LOP.LO,3,ME.LO,3,LO.PLP,4,LO.PVLP,4
141869269,mixed,FF->lat,FF,lat,2,0,2,1160,15,1.033,20602,17.76,LO,4,2,2,"[MEL3, ME.LOL3] -> LOL4 -> [LO.AOTUL4, LO.PVLPL4]",ME,3,ME.LO,3,LO.AOTU,4,LO.PVLP,4
134396579,mixed,FF->lat,FF,lat,2,0,2,1160,29,1.0,9987,8.609,LO,4,2,2,"[LOP.LOL3, ME.LOL3] -> LOL4 -> [LO.PVLPL4, LO.SPSL4]",LOP.LO,3,ME.LO,3,LO.PVLP,4,LO.SPS,4
131431841,mixed,FF->lat,FF,lat,2,0,2,1160,9,1.001,10207,8.799,LO,4,2,2,"[LO.PLPL3, ME.LOL3] -> LOL4 -> [LO.PLPL4, LO.PVLPL4]",LO.PLP,3,ME.LO,3,LO.PLP,4,LO.PVLP,4
119446912,mixed,FF->lat,FF,lat,2,0,2,1160,15,1.0,10081,8.691,LO,4,2,2,"[LO.PLPL3, ME.LOL3] -> LOL4 -> [LO.PVLPL4, LO.SPSL4]",LO.PLP,3,ME.LO,3,LO.PVLP,4,LO.SPS,4
118217816,mixed,FF->lat,FF,lat,2,0,2,1160,3,1.0,11450,9.871,LO,4,2,2,"[LOL3, ME.LOL3] -> LOL4 -> [LO.PLPL4, LOP.PVLPL4]",LO,3,ME.LO,3,LO.PLP,4,LOP.PVLP,4
110640117,mixed,FF->lat,FF,lat,2,0,2,1160,7,1.0,12027,10.368,LO,4,2,2,"[LOL3, ME.LOL3] -> LOL4 -> [LO.LHL4, LO.PVLPL4]",LO,3,ME.LO,3,LO.LH,4,LO.PVLP,4
107471132,mixed,FF->lat,FF,lat,2,0,2,1160,5,1.0,11324,9.762,LO,4,2,2,"[LOL3, ME.LOL3] -> LOL4 -> [LO.SPSL4, LOP.PVLPL4]",LO,3,ME.LO,3,LO.SPS,4,LOP.PVLP,4
105815534,mixed,FF->lat,FF,lat,2,0,2,1160,30,1.001,11558,9.964,LO,4,2,2,"[LOL3, ME.LOL3] -> LOL4 -> [LO.AOTUL4, LO.PLPL4]",LO,3,ME.LO,3,LO.AOTU,4,LO.PLP,4
96239987,mixed,FF->lat,FF,lat,2,0,2,1160,56,1.002,11432,9.855,LO,4,2,2,"[LOL3, ME.LOL3] -> LOL4 -> [LO.AOTUL4, LO.SPSL4]",LO,3,ME.LO,3,LO.AOTU,4,LO.SPS,4
91376612,mixed,FF->lat,FF,lat,2,0,2,1160,2,1.0,9967,8.592,LO,4,2,2,"[LOP.LOL3, ME.LOL3] -> LOL4 -> [LO.PVLPL4, PVLP.LOL4]",LOP.LO,3,ME.LO,3,LO.PVLP,4,PVLP.LO,4
84161434,mixed,FF->lat,FF,lat,2,0,2,1160,7,1.0,13912,11.993,LO,4,2,2,"[LOL3, MEL3] -> LOL4 -> [LO.PVLPL4, LOP.PVLPL4]",LO,3,ME,3,LO.PVLP,4,LOP.PVLP,4
81668304,mixed,FF->lat,FF,lat,2,0,2,1160,2,1.011,10061,8.673,LO,4,2,2,"[LO.PLPL3, ME.LOL3] -> LOL4 -> [LO.PVLPL4, PVLP.LOL4]",LO.PLP,3,ME.LO,3,LO.PVLP,4,PVLP.LO,4
79718540,mixed,FF->lat,FF,lat,2,0,2,1160,27,1.0,3531,3.044,LO,4,2,2,"[LOL3, LOP.LOL3] -> LOL4 -> [LO.PLPL4, LO.PVLPL4]",LO,3,LOP.LO,3,LO.PLP,4,LO.PVLP,4
76350638,mixed,FF->lat,FF,lat,2,0,2,1160,13,1.028,14020,12.086,LO,4,2,2,"[LOL3, MEL3] -> LOL4 -> [LO.AOTUL4, LO.PVLPL4]",LO,3,ME,3,LO.AOTU,4,LO.PVLP,4
73944231,mixed,FF->lat,FF,lat,2,0,2,1160,20,1.001,11068,9.541,LO,4,2,2,"[LOPL3, ME.LOL3] -> LOL4 -> [LO.PLPL4, LO.PVLPL4]",LOP,3,ME.LO,3,LO.PLP,4,LO.PVLP,4
73919111,mixed,FF->lat,FF,lat,2,0,2,1160,17,1.004,13615,11.737,LO,4,2,2,"[LOL3, ME.LOL3] -> LOL4 -> [LO.PVLPL4, MEL4]",LO,3,ME.LO,3,LO.PVLP,4,ME,4
73805975,mixed,FF->lat,FF,lat,2,0,2,1160,40,1.001,12773,11.011,LO,4,2,2,"[LOL3, ME.LOL3] -> LOL4 -> [LO.PVLPL4, ME.LOL4]",LO,3,ME.LO,3,LO.PVLP,4,ME.LO,4
73762409,mixed,FF->lat,FF,lat,2,0,2,1160,6,1.0,12029,10.37,LO,4,2,2,"[LOL3, ME.LOL3] -> LOL4 -> [LO.IBL4, LO.PVLPL4]",LO,3,ME.LO,3,LO.IB,4,LO.PVLP,4
73758901,mixed,FF->lat,FF,lat,2,0,2,1160,5,1.0,12246,10.557,LO,4,2,2,"[LOL3, ME.LOL3] -> LOL4 -> [LO.PVLPL4, PLPL4]",LO,3,ME.LO,3,LO.PVLP,4,PLP,4
73079396,mixed,FF->lat,FF,lat,2,0,2,1160,1,1.0,11304,9.745,LO,4,2,2,"[LOL3, ME.LOL3] -> LOL4 -> [LOP.PVLPL4, PVLP.LOL4]",LO,3,ME.LO,3,LOP.PVLP,4,PVLP.LO,4
72472082,mixed,FF->lat,FF,lat,2,0,2,1160,27,1.0,3405,2.935,LO,4,2,2,"[LOL3, LOP.LOL3] -> LOL4 -> [LO.PVLPL4, LO.SPSL4]",LO,3,LOP.LO,3,LO.PVLP,4,LO.SPS,4
70878692,mixed,FF->lat,FF,lat,2,0,2,1160,9,1.001,3625,3.125,LO,4,2,2,"[LOL3, LO.PLPL3] -> LOL4 -> [LO.PLPL4, LO.PVLPL4]",LO,3,LO.PLP,3,LO.PLP,4,LO.PVLP,4
69318462,mixed,FF->lat,FF,lat,2,0,2,1160,76,1.001,19957,17.204,LO,4,2,2,"[MEL3, ME.LOL3] -> LOL4 -> [LO.PLPL4, LO.SPSL4]",ME,3,ME.LO,3,LO.PLP,4,LO.SPS,4
68223154,mixed,FF->lat,FF,lat,2,0,2,1160,54,1.077,20501,17.673,LO,4,2,2,"[MEL3, ME.LOL3] -> LOL4 -> [LO.AVLPL4, LO.PVLPL4]",ME,3,ME.LO,3,LO.AVLP,4,LO.PVLP,4
67219114,mixed,FF->lat,FF,lat,2,0,2,1160,36,1.001,10942,9.433,LO,4,2,2,"[LOPL3, ME.LOL3] -> LOL4 -> [LO.PVLPL4, LO.SPSL4]",LOP,3,ME.LO,3,LO.PVLP,4,LO.SPS,4
65731135,mixed,FF->lat,FF,lat,2,0,2,1160,4,1.011,11412,9.838,LO,4,2,2,"[LOL3, ME.LOL3] -> LOL4 -> [LO.AOTUL4, PVLP.LOL4]",LO,3,ME.LO,3,LO.AOTU,4,PVLP.LO,4
64417820,mixed,FF->lat,FF,lat,2,0,2,1160,15,1.0,3499,3.016,LO,4,2,2,"[LOL3, LO.PLPL3] -> LOL4 -> [LO.PVLPL4, LO.SPSL4]",LO,3,LO.PLP,3,LO.PVLP,4,LO.SPS,4
57484235,mixed,FF->lat,FF,lat,2,0,2,1160,8,1.0,20455,17.634,LO,4,2,2,"[MEL3, ME.LOL3] -> LOL4 -> [LO.PVLPL4, LO.SLPL4]",ME,3,ME.LO,3,LO.PVLP,4,LO.SLP,4
54057762,mixed,FF->lat,FF,lat,2,0,2,109,23,2.988,2791,25.606,PVLP.LO,4,2,2,"[LO.PVLPL3, PVLPL3] -> PVLP.LOL4 -> [LOL4, LO.PVLPL4]",LO.PVLP,3,PVLP,3,LO,4,LO.PVLP,4
51063336,mixed,FF->lat,FF,lat,2,0,2,1160,1,1.0,9907,8.541,LO,4,2,2,"[LOP.LOL3, ME.LOL3] -> LOL4 -> [LO.PVLPL4, LOP.PVLPL4]",LOP.LO,3,ME.LO,3,LO.PVLP,4,LOP.PVLP,4
49806957,mixed,FF->lat,FF,lat,2,0,2,1160,18,1.001,11457,9.877,LO,4,2,2,"[LOL3, ME.LOL3] -> LOL4 -> [LO.AVLPL4, LO.PLPL4]",LO,3,ME.LO,3,LO.AVLP,4,LO.PLP,4
49279512,mixed,FF->lat,FF,lat,2,0,2,1160,2,1.0,3385,2.918,LO,4,2,2,"[LOL3, LOP.LOL3] -> LOL4 -> [LO.PVLPL4, PVLP.LOL4]",LO,3,LOP.LO,3,LO.PVLP,4,PVLP.LO,4
49277833,mixed,FF->lat,FF,lat,2,0,2,1160,24,1.0,20459,17.637,LO,4,2,2,"[MEL3, ME.LOL3] -> LOL4 -> [LO.ICLL4, LO.PVLPL4]",ME,3,ME.LO,3,LO.ICL,4,LO.PVLP,4
47541223,mixed,FF->lat,FF,lat,2,0,2,1160,5,1.019,19937,17.187,LO,4,2,2,"[MEL3, ME.LOL3] -> LOL4 -> [LO.PLPL4, PVLP.LOL4]",ME,3,ME.LO,3,LO.PLP,4,PVLP.LO,4
45688452,mixed,FF->lat,FF,lat,2,0,2,1160,2,1.0,10922,9.416,LO,4,2,2,"[LOPL3, ME.LOL3] -> LOL4 -> [LO.PVLPL4, PVLP.LOL4]",LOP,3,ME.LO,3,LO.PVLP,4,PVLP.LO,4
45688304,mixed,FF->lat,FF,lat,2,0,2,1160,4,1.0,10015,8.634,LO,4,2,2,"[LOP.LOL3, ME.LOL3] -> LOL4 -> [LO.AOTUL4, LO.PVLPL4]",LOP.LO,3,ME.LO,3,LO.AOTU,4,LO.PVLP,4
45389632,mixed,FF->lat,FF,lat,2,0,2,1160,1,1.0,10001,8.622,LO,4,2,2,"[LO.PLPL3, ME.LOL3] -> LOL4 -> [LO.PVLPL4, LOP.PVLPL4]",LO.PLP,3,ME.LO,3,LO.PVLP,4,LOP.PVLP,4
45268256,mixed,FF->lat,FF,lat,2,0,2,1160,54,1.001,11331,9.768,LO,4,2,2,"[LOL3, ME.LOL3] -> LOL4 -> [LO.AVLPL4, LO.SPSL4]",LO,3,ME.LO,3,LO.AVLP,4,LO.SPS,4
44014640,mixed,FF->lat,FF,lat,2,0,2,1160,2,1.01,3479,2.999,LO,4,2,2,"[LOL3, LO.PLPL3] -> LOL4 -> [LO.PVLPL4, PVLP.LOL4]",LO,3,LO.PLP,3,LO.PVLP,4,PVLP.LO,4
43554165,mixed,FF->lat,FF,lat,2,0,2,1160,8,1.0,11411,9.837,LO,4,2,2,"[LOL3, ME.LOL3] -> LOL4 -> [LO.PLPL4, LO.SLPL4]",LO,3,ME.LO,3,LO.PLP,4,LO.SLP,4
42902868,mixed,FF->lat,FF,lat,2,0,2,1160,9,1.004,19811,17.078,LO,4,2,2,"[MEL3, ME.LOL3] -> LOL4 -> [LO.SPSL4, PVLP.LOL4]",ME,3,ME.LO,3,LO.SPS,4,PVLP.LO,4
41078003,mixed,FF->lat,FF,lat,2,0,2,1160,13,1.001,10146,8.747,LO,4,2,2,"[LO.MEL3, ME.LOL3] -> LOL4 -> [LO.PLPL4, LO.PVLPL4]",LO.ME,3,ME.LO,3,LO.PLP,4,LO.PVLP,4
40713001,mixed,FF->lat,FF,lat,2,0,2,1160,4,1.005,10109,8.715,LO,4,2,2,"[LO.PLPL3, ME.LOL3] -> LOL4 -> [LO.AOTUL4, LO.PVLPL4]",LO.PLP,3,ME.LO,3,LO.AOTU,4,LO.PVLP,4
39859270,mixed,FF->lat,FF,lat,2,0,2,1160,18,1.0,4486,3.867,LO,4,2,2,"[LOL3, LOPL3] -> LOL4 -> [LO.PLPL4, LO.PVLPL4]",LO,3,LOP,3,LO.PLP,4,LO.PVLP,4
39609049,mixed,FF->lat,FF,lat,2,0,2,1160,16,1.001,11285,9.728,LO,4,2,2,"[LOL3, ME.LOL3] -> LOL4 -> [LO.SLPL4, LO.SPSL4]",LO,3,ME.LO,3,LO.SLP,4,LO.SPS,4
38020645,mixed,FF->lat,FF,lat,2,0,2,207,8,1.616,2260,10.918,LO,5,2,2,"[LOL4, ME.LOL4] -> LOL5 -> [LO.AOTUL5, LO.PVLPL5]",LO,4,ME.LO,4,LO.AOTU,5,LO.PVLP,5
37595883,mixed,FF->lat,FF,lat,2,0,2,1160,21,1.296,20584,17.745,LO,4,2,2,"[MEL3, ME.LOL3] -> LOL4 -> [LO.PVLPL4, PVLPL4]",ME,3,ME.LO,3,LO.PVLP,4,PVLP,4
37369940,mixed,FF->lat,FF,lat,2,0,2,1160,68,1.001,13375,11.53,LO,4,2,2,"[LOL3, MEL3] -> LOL4 -> [LO.PLPL4, LO.SPSL4]",LO,3,ME,3,LO.PLP,4,LO.SPS,4
37336755,mixed,FF->lat,FF,lat,2,0,2,1160,25,1.0,11415,9.841,LO,4,2,2,"[LOL3, ME.LOL3] -> LOL4 -> [LO.ICLL4, LO.PLPL4]",LO,3,ME.LO,3,LO.ICL,4,LO.PLP,4
37336399,mixed,FF->lat,FF,lat,2,0,2,1160,15,1.001,10020,8.638,LO,4,2,2,"[LO.MEL3, ME.LOL3] -> LOL4 -> [LO.PVLPL4, LO.SPSL4]",LO.ME,3,ME.LO,3,LO.PVLP,4,LO.SPS,4
36885954,mixed,FF->lat,FF,lat,2,0,2,1160,5,1.0,12049,10.387,LO,4,2,2,"[LOL3, ME.LOL3] -> LOL4 -> [LO.PVLPL4, LOP.LOL4]",LO,3,ME.LO,3,LO.PVLP,4,LOP.LO,4
36884270,mixed,FF->lat,FF,lat,2,0,2,1160,15,1.0,12033,10.373,LO,4,2,2,"[LOL3, ME.LOL3] -> LOL4 -> [LO.PVLPL4, LO.SCLL4]",LO,3,ME.LO,3,LO.PVLP,4,LO.SCL,4
36879630,mixed,FF->lat,FF,lat,2,0,2,1160,3,1.0,12021,10.363,LO,4,2,2,"[LOL3, ME.LOL3] -> LOL4 -> [LO.PVLPL4, SMP.LOL4]",LO,3,ME.LO,3,LO.PVLP,4,SMP.LO,4
36879486,mixed,FF->lat,FF,lat,2,0,2,1160,5,1.0,12021,10.363,LO,4,2,2,"[LOL3, ME.LOL3] -> LOL4 -> [LO.LALL4, LO.PVLPL4]",LO,3,ME.LO,3,LO.LAL,4,LO.PVLP,4
36879244,mixed,FF->lat,FF,lat,2,0,2,1160,2,1.0,12064,10.4,LO,4,2,2,"[LOL3, ME.LOL3] -> LOL4 -> [LO.PVLPL4, PLP.SMPL4]",LO,3,ME.LO,3,LO.PVLP,4,PLP.SMP,4
36879076,mixed,FF->lat,FF,lat,2,0,2,1160,1,1.0,12019,10.361,LO,4,2,2,"[LOL3, ME.LOL3] -> LOL4 -> [ICL.LOL4, LO.PVLPL4]",LO,3,ME.LO,3,ICL.LO,4,LO.PVLP,4
36879076,mixed,FF->lat,FF,lat,2,0,2,1160,1,1.0,12020,10.362,LO,4,2,2,"[LOL3, ME.LOL3] -> LOL4 -> [ICL.PVLPL4, LO.PVLPL4]",LO,3,ME.LO,3,ICL.PVLP,4,LO.PVLP,4
36879076,mixed,FF->lat,FF,lat,2,0,2,1160,1,1.0,12028,10.369,LO,4,2,2,"[LOL3, ME.LOL3] -> LOL4 -> [LO.PVLPL4, SPS.LOL4]",LO,3,ME.LO,3,LO.PVLP,4,SPS.LO,4
36539730,mixed,FF->lat,FF,lat,2,0,2,1160,2,1.0,11352,9.786,LO,4,2,2,"[LOL3, ME.LOL3] -> LOL4 -> [LO.AOTUL4, LOP.PVLPL4]",LO,3,ME.LO,3,LO.AOTU,4,LOP.PVLP,4
36512823,mixed,FF->lat,FF,lat,2,0,2,1160,53,1.062,13919,11.999,LO,4,2,2,"[LOL3, MEL3] -> LOL4 -> [LO.AVLPL4, LO.PVLPL4]",LO,3,ME,3,LO.AVLP,4,LO.PVLP,4
36238957,mixed,FF->lat,FF,lat,2,0,2,1160,34,1.0,4360,3.759,LO,4,2,2,"[LOL3, LOPL3] -> LOL4 -> [LO.PVLPL4, LO.SPSL4]",LO,3,LOP,3,LO.PVLP,4,LO.SPS,4
34956029,mixed,FF->lat,FF,lat,2,0,2,1516,89,5.199,2054,1.355,AVLP,5,2,2,"[AVLPL4, LO.PVLPL4] -> AVLPL5 -> [AVLP.ICLL5, PVLP.AVLPL5]",AVLP,4,LO.PVLP,4,AVLP.ICL,5,PVLP.AVLP,5
33944478,mixed,FF->lat,FF,lat,2,0,2,1160,30,1.0,11289,9.732,LO,4,2,2,"[LOL3, ME.LOL3] -> LOL4 -> [LO.ICLL4, LO.SPSL4]",LO,3,ME.LO,3,LO.ICL,4,LO.SPS,4
31388820,mixed,FF->lat,FF,lat,2,0,2,109,3,2.702,2760,25.321,PVLP.LO,4,2,2,"[GNG.AVLPL3, LO.PVLPL3] -> PVLP.LOL4 -> [LOL4, LO.PVLPL4]",GNG.AVLP,3,LO.PVLP,3,LO,4,LO.PVLP,4
31293842,mixed,FF->lat,FF,lat,2,0,2,1160,12,1.034,11311,9.751,LO,4,2,2,"[LOL3, ME.LOL3] -> LOL4 -> [LO.AVLPL4, PVLP.LOL4]",LO,3,ME.LO,3,LO.AVLP,4,PVLP.LO,4
31001391,mixed,FF->lat,FF,lat,2,0,2,1160,8,1.0,13873,11.959,LO,4,2,2,"[LOL3, MEL3] -> LOL4 -> [LO.PVLPL4, LO.SLPL4]",LO,3,ME,3,LO.PVLP,4,LO.SLP,4
28502116,mixed,FF->lat,FF,lat,2,0,2,166,95,5.315,2752,16.578,PVLP.AVLP,5,2,2,"[LO.PVLPL4, PVLPL4] -> PVLP.AVLPL5 -> [AVLPL5, AVLP.ICLL5]",LO.PVLP,4,PVLP,4,AVLP,5,AVLP.ICL,5
27538524,mixed,FF->lat,FF,lat,2,0,2,1160,1,1.0,3325,2.866,LO,4,2,2,"[LOL3, LOP.LOL3] -> LOL4 -> [LO.PVLPL4, LOP.PVLPL4]",LO,3,LOP.LO,3,LO.PVLP,4,LOP.PVLP,4
26924040,mixed,FF->lat,FF,lat,2,0,2,1160,2,1.0,11265,9.711,LO,4,2,2,"[LOL3, ME.LOL3] -> LOL4 -> [LO.SLPL4, PVLP.LOL4]",LO,3,ME.LO,3,LO.SLP,4,PVLP.LO,4
26886300,mixed,FF->lat,FF,lat,2,0,2,139,1,1.0,3086,22.201,PVLP,4,2,2,"[LO.PVLPL3, LOP.PLPL3] -> PVLPL4 -> [LOL4, LO.PVLPL4]",LO.PVLP,3,LOP.PLP,3,LO,4,LO.PVLP,4
26573421,mixed,FF->lat,FF,lat,2,0,2,1160,24,1.0,13877,11.963,LO,4,2,2,"[LOL3, MEL3] -> LOL4 -> [LO.ICLL4, LO.PVLPL4]",LO,3,ME,3,LO.ICL,4,LO.PVLP,4
26324888,mixed,FF->lat,FF,lat,2,0,2,1160,3,1.0,19877,17.135,LO,4,2,2,"[MEL3, ME.LOL3] -> LOL4 -> [LO.PLPL4, LOP.PVLPL4]",ME,3,ME.LO,3,LO.PLP,4,LOP.PVLP,4
25857732,mixed,FF->lat,FF,lat,2,0,2,207,9,1.602,2082,10.058,LO,5,2,2,"[LOL4, ME.LOL4] -> LOL5 -> [LO.PLPL5, LO.PVLPL5]",LO,4,ME.LO,4,LO.PLP,5,LO.PVLP,5
25597923,mixed,FF->lat,FF,lat,2,0,2,1160,5,1.015,13355,11.513,LO,4,2,2,"[LOL3, MEL3] -> LOL4 -> [LO.PLPL4, PVLP.LOL4]",LO,3,ME,3,LO.PLP,4,PVLP.LO,4
25532130,mixed,FF->lat,FF,lat,2,0,2,1160,2,1.0,10862,9.364,LO,4,2,2,"[LOPL3, ME.LOL3] -> LOL4 -> [LO.PVLPL4, LOP.PVLPL4]",LOP,3,ME.LO,3,LO.PVLP,4,LOP.PVLP,4
25382600,mixed,FF->lat,FF,lat,2,0,2,1160,3,1.0,10000,8.621,LO,4,2,2,"[LO.MEL3, ME.LOL3] -> LOL4 -> [LO.PVLPL4, PVLP.LOL4]",LO.ME,3,ME.LO,3,LO.PVLP,4,PVLP.LO,4
24938667,mixed,FF->lat,FF,lat,2,0,2,1160,5,1.004,11540,9.948,LO,4,2,2,"[LOL3, ME.LOL3] -> LOL4 -> [LO.PLPL4, PVLPL4]",LO,3,ME.LO,3,LO.PLP,4,PVLP,4
24639876,mixed,FF->lat,FF,lat,2,0,2,1160,2,1.0,4340,3.741,LO,4,2,2,"[LOL3, LOPL3] -> LOL4 -> [LO.PVLPL4, PVLP.LOL4]",LO,3,LOP,3,LO.PVLP,4,PVLP.LO,4
24639743,mixed,FF->lat,FF,lat,2,0,2,1160,3,1.0,3433,2.959,LO,4,2,2,"[LOL3, LOP.LOL3] -> LOL4 -> [LO.AOTUL4, LO.PVLPL4]",LO,3,LOP.LO,3,LO.AOTU,4,LO.PVLP,4
24636027,mixed,FF->lat,FF,lat,2,0,2,1160,4,1.0,20454,17.633,LO,4,2,2,"[MEL3, ME.LOL3] -> LOL4 -> [LO.LHL4, LO.PVLPL4]",ME,3,ME.LO,3,LO.LH,4,LO.PVLP,4
24522899,mixed,FF->lat,FF,lat,2,0,2,39,8,1.021,3345,85.769,AVLP.PVLP,5,2,2,"[AVLPL4, LO.PVLPL4] -> AVLP.PVLPL5 -> [AVLPL5, PVLP.AVLPL5]",AVLP,4,LO.PVLP,4,AVLP,5,PVLP.AVLP,5
24478688,mixed,FF->lat,FF,lat,2,0,2,1160,1,1.0,3419,2.947,LO,4,2,2,"[LOL3, LO.PLPL3] -> LOL4 -> [LO.PVLPL4, LOP.PVLPL4]",LO,3,LO.PLP,3,LO.PVLP,4,LOP.PVLP,4
23934008,mixed,FF->lat,FF,lat,2,0,2,1160,5,1.0,19751,17.027,LO,4,2,2,"[MEL3, ME.LOL3] -> LOL4 -> [LO.SPSL4, LOP.PVLPL4]",ME,3,ME.LO,3,LO.SPS,4,LOP.PVLP,4
23838803,mixed,FF->lat,FF,lat,2,0,2,109,13,2.78,3050,27.982,PVLP.LO,4,2,2,"[AVLPL3, LO.PVLPL3] -> PVLP.LOL4 -> [LOL4, LO.PVLPL4]",AVLP,3,LO.PVLP,3,LO,4,LO.PVLP,4
23619906,mixed,FF->lat,FF,lat,2,0,2,1160,25,1.006,19985,17.228,LO,4,2,2,"[MEL3, ME.LOL3] -> LOL4 -> [LO.AOTUL4, LO.PLPL4]",ME,3,ME.LO,3,LO.AOTU,4,LO.PLP,4
23126668,mixed,FF->lat,FF,lat,2,0,2,1160,9,1.003,13229,11.404,LO,4,2,2,"[LOL3, MEL3] -> LOL4 -> [LO.SPSL4, PVLP.LOL4]",LO,3,ME,3,LO.SPS,4,PVLP.LO,4
23078199,mixed,FF->lat,FF,lat,2,0,2,1160,4,1.0,11269,9.715,LO,4,2,2,"[LOL3, ME.LOL3] -> LOL4 -> [LO.ICLL4, PVLP.LOL4]",LO,3,ME.LO,3,LO.ICL,4,PVLP.LO,4
22844842,mixed,FF->lat,FF,lat,2,0,2,1160,6,1.0,10970,9.457,LO,4,2,2,"[LOPL3, ME.LOL3] -> LOL4 -> [LO.AOTUL4, LO.PVLPL4]",LOP,3,ME.LO,3,LO.AOTU,4,LO.PVLP,4
22677827,mixed,FF->lat,FF,lat,2,0,2,1160,33,1.001,9370,8.078,LO,4,2,2,"[LOP.LOL3, ME.LOL3] -> LOL4 -> [LO.PLPL4, LO.SPSL4]",LOP.LO,3,ME.LO,3,LO.PLP,4,LO.SPS,4
22641125,mixed,FF->lat,FF,lat,2,0,2,1160,22,1.001,11414,9.84,LO,4,2,2,"[LOL3, ME.LOL3] -> LOL4 -> [LO.SPSL4, PVLPL4]",LO,3,ME.LO,3,LO.SPS,4,PVLP,4
22199752,mixed,FF->lat,FF,lat,2,0,2,1516,77,4.161,1986,1.31,AVLP,5,2,2,"[AVLPL4, LO.PVLPL4] -> AVLPL5 -> [PVLPL5, PVLP.AVLPL5]",AVLP,4,LO.PVLP,4,PVLP,5,PVLP.AVLP,5
22145497,mixed,FF->lat,FF,lat,2,0,2,1160,13,1.0,3564,3.072,LO,4,2,2,"[LOL3, LO.MEL3] -> LOL4 -> [LO.PLPL4, LO.PVLPL4]",LO,3,LO.ME,3,LO.PLP,4,LO.PVLP,4
21949904,mixed,FF->lat,FF,lat,2,0,2,1160,4,1.004,3527,3.041,LO,4,2,2,"[LOL3, LO.PLPL3] -> LOL4 -> [LO.AOTUL4, LO.PVLPL4]",LO,3,LO.PLP,3,LO.AOTU,4,LO.PVLP,4
21501076,mixed,FF->lat,FF,lat,2,0,2,1160,10,1.0,9914,8.547,LO,4,2,2,"[LOP.LOL3, ME.LOL3] -> LOL4 -> [LO.AVLPL4, LO.PVLPL4]",LOP.LO,3,ME.LO,3,LO.AVLP,4,LO.PVLP,4
21419982,mixed,FF->lat,FF,lat,2,0,2,1160,38,1.001,19859,17.12,LO,4,2,2,"[MEL3, ME.LOL3] -> LOL4 -> [LO.AOTUL4, LO.SPSL4]",ME,3,ME.LO,3,LO.AOTU,4,LO.SPS,4
21260052,mixed,FF->lat,FF,lat,2,0,2,207,14,1.435,2156,10.415,LO,5,2,2,"[LOL4, ME.LOL4] -> LOL5 -> [LO.PVLPL5, LO.SPSL5]",LO,4,ME.LO,4,LO.PVLP,5,LO.SPS,5
21093476,mixed,FF->lat,FF,lat,2,0,2,207,7,1.194,2195,10.604,LO,5,2,2,"[LOL4, ME.LOL4] -> LOL5 -> [LO.AOTUL5, LO.PLPL5]",LO,4,ME.LO,4,LO.AOTU,5,LO.PLP,5
20154343,mixed,FF->lat,FF,lat,2,0,2,1160,11,1.0,9464,8.159,LO,4,2,2,"[LO.PLPL3, ME.LOL3] -> LOL4 -> [LO.PLPL4, LO.SPSL4]",LO.PLP,3,ME.LO,3,LO.PLP,4,LO.SPS,4
20134783,mixed,FF->lat,FF,lat,2,0,2,1160,15,1.0,3438,2.964,LO,4,2,2,"[LOL3, LO.MEL3] -> LOL4 -> [LO.PVLPL4, LO.SPSL4]",LO,3,LO.ME,3,LO.PVLP,4,LO.SPS,4
20023200,mixed,FF->lat,FF,lat,2,0,2,109,3,2.481,2780,25.505,PVLP.LO,4,2,2,"[LO.AVLPL3, LO.PVLPL3] -> PVLP.LOL4 -> [LOL4, LO.PVLPL4]",LO.AVLP,3,LO.PVLP,3,LO,4,LO.PVLP,4
19839885,mixed,FF->lat,FF,lat,2,0,2,1160,21,1.245,14002,12.071,LO,4,2,2,"[LOL3, MEL3] -> LOL4 -> [LO.PVLPL4, PVLPL4]",LO,3,ME,3,LO.PVLP,4,PVLP,4
19156533,mixed,FF->lat,FF,lat,2,0,2,166,90,8.412,2684,16.169,PVLP.AVLP,5,2,2,"[LO.PVLPL4, PVLPL4] -> PVLP.AVLPL5 -> [AVLPL5, PVLPL5]",LO.PVLP,4,PVLP,4,AVLP,5,PVLP,5
19142881,mixed,FF->lat,FF,lat,2,0,2,1160,6,1.003,10008,8.628,LO,4,2,2,"[LO.PLPL3, ME.LOL3] -> LOL4 -> [LO.AVLPL4, LO.PVLPL4]",LO.PLP,3,ME.LO,3,LO.AVLP,4,LO.PVLP,4
18812808,mixed,FF->lat,FF,lat,2,0,2,1160,1,1.0,9868,8.507,LO,4,2,2,"[LOP.LOL3, ME.LOL3] -> LOL4 -> [LO.PVLPL4, LO.SLPL4]",LOP.LO,3,ME.LO,3,LO.PVLP,4,LO.SLP,4
18683700,mixed,FF->lat,FF,lat,2,0,2,139,1,1.0,1975,14.209,PVLP,4,2,2,"[LO.PVLPL3, LOP.PLPL3] -> PVLPL4 -> [LO.PVLPL4, LOP.PVLPL4]",LO.PVLP,3,LOP.PLP,3,LO.PVLP,4,LOP.PVLP,4
18667637,mixed,FF->lat,FF,lat,2,0,2,1160,4,1.0,11410,9.836,LO,4,2,2,"[LOL3, ME.LOL3] -> LOL4 -> [LO.LHL4, LO.PLPL4]",LO,3,ME.LO,3,LO.LH,4,LO.PLP,4
17932451,mixed,FF->lat,FF,lat,2,0,2,207,12,1.114,2269,10.961,LO,5,2,2,"[LOL4, ME.LOL4] -> LOL5 -> [LO.AOTUL5, LO.SPSL5]",LO,4,ME.LO,4,LO.AOTU,5,LO.SPS,5
17851638,mixed,FF->lat,FF,lat,2,0,2,1516,76,5.075,2045,1.349,AVLP,5,2,2,"[AVLPL4, LO.PVLPL4] -> AVLPL5 -> [AVLP.ICLL5, PVLPL5]",AVLP,4,LO.PVLP,4,AVLP.ICL,5,PVLP,5
17753359,mixed,FF->lat,FF,lat,2,0,2,1160,24,1.0,11958,10.309,LO,4,2,2,"[LOP.LOL3, MEL3] -> LOL4 -> [LO.PLPL4, LO.PVLPL4]",LOP.LO,3,ME,3,LO.PLP,4,LO.PVLP,4
17334216,mixed,FF->lat,FF,lat,2,0,2,109,3,2.786,2386,21.89,PVLP.LO,4,2,2,"[LO.PVLPL3, PVLPL3] -> PVLP.LOL4 -> [LO.PVLPL4, ME.LOL4]",LO.PVLP,3,PVLP,3,LO.PVLP,4,ME.LO,4
17196035,mixed,FF->lat,FF,lat,2,0,2,1160,18,1.095,22042,19.002,LO,4,2,2,"[MEL3, ME.LOL3] -> LOL4 -> [LO.PVLPL4, MEL4]",ME,3,ME.LO,3,LO.PVLP,4,ME,4
17195508,mixed,FF->lat,FF,lat,2,0,2,1160,5,1.0,11251,9.699,LO,4,2,2,"[LOL3, ME.LOL3] -> LOL4 -> [LO.AVLPL4, LOP.PVLPL4]",LO,3,ME.LO,3,LO.AVLP,4,LOP.PVLP,4
16969578,mixed,FF->lat,FF,lat,2,0,2,1160,3,1.0,11284,9.728,LO,4,2,2,"[LOL3, ME.LOL3] -> LOL4 -> [LO.LHL4, LO.SPSL4]",LO,3,ME.LO,3,LO.LH,4,LO.SPS,4
16856326,mixed,FF->lat,FF,lat,2,0,2,166,43,5.032,2630,15.843,PVLP.AVLP,5,2,2,"[LO.PVLPL4, ME.AVLPL4] -> PVLP.AVLPL5 -> [AVLPL5, AVLP.ICLL5]",LO.PVLP,4,ME.AVLP,4,AVLP,5,AVLP.ICL,5
16722641,mixed,FF->lat,FF,lat,2,0,2,1160,5,1.0,9962,8.588,LO,4,2,2,"[LO.PLPL3, ME.LOL3] -> LOL4 -> [LO.PVLPL4, LO.SLPL4]",LO.PLP,3,ME.LO,3,LO.PVLP,4,LO.SLP,4
16476822,mixed,FF->lat,FF,lat,2,0,2,1160,40,1.006,21200,18.276,LO,4,2,2,"[MEL3, ME.LOL3] -> LOL4 -> [LO.PVLPL4, ME.LOL4]",ME,3,ME.LO,3,LO.PVLP,4,ME.LO,4
16449796,mixed,FF->lat,FF,lat,2,0,2,1160,13,1.003,10033,8.649,LO,4,2,2,"[LO.AVLPL3, ME.LOL3] -> LOL4 -> [LO.PLPL4, LO.PVLPL4]",LO.AVLP,3,ME.LO,3,LO.PLP,4,LO.PVLP,4
16444608,mixed,FF->lat,FF,lat,2,0,2,1160,3,1.003,10233,8.822,LO,4,2,2,"[ME.LOL3, PLPL3] -> LOL4 -> [LO.PLPL4, LO.PVLPL4]",ME.LO,3,PLP,3,LO.PLP,4,LO.PVLP,4
16424321,mixed,FF->lat,FF,lat,2,0,2,1160,4,1.0,20673,17.822,LO,4,2,2,"[MEL3, ME.LOL3] -> LOL4 -> [LO.PVLPL4, PLPL4]",ME,3,ME.LO,3,LO.PVLP,4,PLP,4
16424111,mixed,FF->lat,FF,lat,2,0,2,1160,5,1.0,20456,17.634,LO,4,2,2,"[MEL3, ME.LOL3] -> LOL4 -> [LO.IBL4, LO.PVLPL4]",ME,3,ME.LO,3,LO.IB,4,LO.PVLP,4
16424010,mixed,FF->lat,FF,lat,2,0,2,1160,3,1.0,10018,8.636,LO,4,2,2,"[LO.SPSL3, ME.LOL3] -> LOL4 -> [LO.PLPL4, LO.PVLPL4]",LO.SPS,3,ME.LO,3,LO.PLP,4,LO.PVLP,4
16272740,mixed,FF->lat,FF,lat,2,0,2,1160,1,1.0,19731,17.009,LO,4,2,2,"[MEL3, ME.LOL3] -> LOL4 -> [LOP.PVLPL4, PVLP.LOL4]",ME,3,ME.LO,3,LOP.PVLP,4,PVLP.LO,4
16252515,mixed,FF->lat,FF,lat,2,0,2,1160,6,1.114,11394,9.822,LO,4,2,2,"[LOL3, ME.LOL3] -> LOL4 -> [PVLPL4, PVLP.LOL4]",LO,3,ME.LO,3,PVLP,4,PVLP.LO,4
16140104,mixed,FF->lat,FF,lat,2,0,2,1160,23,1.0,11832,10.2,LO,4,2,2,"[LOP.LOL3, MEL3] -> LOL4 -> [LO.PVLPL4, LO.SPSL4]",LOP.LO,3,ME,3,LO.PVLP,4,LO.SPS,4
16125458,mixed,FF->lat,FF,lat,2,0,2,1160,7,1.0,9872,8.51,LO,4,2,2,"[LOP.LOL3, ME.LOL3] -> LOL4 -> [LO.ICLL4, LO.PVLPL4]",LOP.LO,3,ME.LO,3,LO.ICL,4,LO.PVLP,4
15822068,mixed,FF->lat,FF,lat,2,0,2,1160,9,1.006,12052,10.39,LO,4,2,2,"[LO.PLPL3, MEL3] -> LOL4 -> [LO.PLPL4, LO.PVLPL4]",LO.PLP,3,ME,3,LO.PLP,4,LO.PVLP,4
15416280,mixed,FF->lat,FF,lat,2,0,2,1160,1,1.0,9350,8.06,LO,4,2,2,"[LOP.LOL3, ME.LOL3] -> LOL4 -> [LO.PLPL4, PVLP.LOL4]",LOP.LO,3,ME.LO,3,LO.PLP,4,PVLP.LO,4
15412904,mixed,FF->lat,FF,lat,2,0,2,1160,6,1.004,11359,9.792,LO,4,2,2,"[LOL3, ME.LOL3] -> LOL4 -> [LO.AOTUL4, LO.AVLPL4]",LO,3,ME.LO,3,LO.AOTU,4,LO.AVLP,4
15321600,mixed,FF->lat,FF,lat,2,0,2,1160,3,1.105,19839,17.103,LO,4,2,2,"[MEL3, ME.LOL3] -> LOL4 -> [LO.AOTUL4, PVLP.LOL4]",ME,3,ME.LO,3,LO.AOTU,4,PVLP.LO,4
15183726,mixed,FF->lat,FF,lat,2,0,2,166,84,7.844,3404,20.506,PVLP.AVLP,5,2,2,"[AVLPL4, LO.PVLPL4] -> PVLP.AVLPL5 -> [AVLPL5, AVLP.ICLL5]",AVLP,4,LO.PVLP,4,AVLP,5,AVLP.ICL,5
15045758,mixed,FF->lat,FF,lat,2,0,2,1160,1,1.0,11205,9.659,LO,4,2,2,"[LOL3, ME.LOL3] -> LOL4 -> [LO.SLPL4, LOP.PVLPL4]",LO,3,ME.LO,3,LO.SLP,4,LOP.PVLP,4
15038100,mixed,FF->lat,FF,lat,2,0,2,139,1,1.0,2223,15.993,PVLP,4,2,2,"[LO.PVLPL3, LOP.PLPL3] -> PVLPL4 -> [LO.PVLPL4, LOP.PLPL4]",LO.PVLP,3,LOP.PLP,3,LO.PVLP,4,LOP.PLP,4
14953109,mixed,FF->lat,FF,lat,2,0,2,1160,17,1.003,9907,8.541,LO,4,2,2,"[LO.AVLPL3, ME.LOL3] -> LOL4 -> [LO.PVLPL4, LO.SPSL4]",LO.AVLP,3,ME.LO,3,LO.PVLP,4,LO.SPS,4
14931607,mixed,FF->lat,FF,lat,2,0,2,1160,3,1.0,10107,8.713,LO,4,2,2,"[ME.LOL3, PLPL3] -> LOL4 -> [LO.PVLPL4, LO.SPSL4]",ME.LO,3,PLP,3,LO.PVLP,4,LO.SPS,4
14931515,mixed,FF->lat,FF,lat,2,0,2,1160,9,1.0,9892,8.528,LO,4,2,2,"[LO.SPSL3, ME.LOL3] -> LOL4 -> [LO.PVLPL4, LO.SPSL4]",LO.SPS,3,ME.LO,3,LO.PVLP,4,LO.SPS,4
14344133,mixed,FF->lat,FF,lat,2,0,2,1160,14,1.0,11926,10.281,LO,4,2,2,"[LO.PLPL3, MEL3] -> LOL4 -> [LO.PVLPL4, LO.SPSL4]",LO.PLP,3,ME,3,LO.PVLP,4,LO.SPS,4
14333700,mixed,FF->lat,FF,lat,2,0,2,1160,4,1.0,9966,8.591,LO,4,2,2,"[LO.PLPL3, ME.LOL3] -> LOL4 -> [LO.ICLL4, LO.PVLPL4]",LO.PLP,3,ME.LO,3,LO.ICL,4,LO.PVLP,4
14197291,mixed,FF->lat,FF,lat,2,0,2,1160,3,1.0,13295,11.461,LO,4,2,2,"[LOL3, MEL3] -> LOL4 -> [LO.PLPL4, LOP.PVLPL4]",LO,3,ME,3,LO.PLP,4,LOP.PVLP,4
14185106,mixed,FF->lat,FF,lat,2,0,2,1160,3,1.0,9940,8.569,LO,4,2,2,"[LO.MEL3, ME.LOL3] -> LOL4 -> [LO.PVLPL4, LOP.PVLPL4]",LO.ME,3,ME.LO,3,LO.PVLP,4,LOP.PVLP,4
14014800,mixed,FF->lat,FF,lat,2,0,2,1160,1,1.0,9224,7.952,LO,4,2,2,"[LOP.LOL3, ME.LOL3] -> LOL4 -> [LO.SPSL4, PVLP.LOL4]",LOP.LO,3,ME.LO,3,LO.SPS,4,PVLP.LO,4
13769856,mixed,FF->lat,FF,lat,2,0,2,1160,2,1.0,4280,3.69,LO,4,2,2,"[LOL3, LOPL3] -> LOL4 -> [LO.PVLPL4, LOP.PVLPL4]",LO,3,LOP,3,LO.PVLP,4,LOP.PVLP,4
13716736,mixed,FF->lat,FF,lat,2,0,2,1160,2,1.002,9444,8.141,LO,4,2,2,"[LO.PLPL3, ME.LOL3] -> LOL4 -> [LO.PLPL4, PVLP.LOL4]",LO.PLP,3,ME.LO,3,LO.PLP,4,PVLP.LO,4
13688856,mixed,FF->lat,FF,lat,2,0,2,1160,3,1.0,3418,2.947,LO,4,2,2,"[LOL3, LO.MEL3] -> LOL4 -> [LO.PVLPL4, PVLP.LOL4]",LO,3,LO.ME,3,LO.PVLP,4,PVLP.LO,4
13462090,mixed,FF->lat,FF,lat,2,0,2,1160,5,1.0,11313,9.753,LO,4,2,2,"[LOL3, ME.LOL3] -> LOL4 -> [LO.AOTUL4, LO.SLPL4]",LO,3,ME.LO,3,LO.AOTU,4,LO.SLP,4
13286214,mixed,FF->lat,FF,lat,2,0,2,1160,4,1.0,13872,11.959,LO,4,2,2,"[LOL3, MEL3] -> LOL4 -> [LO.LHL4, LO.PVLPL4]",LO,3,ME,3,LO.LH,4,LO.PVLP,4
12907874,mixed,FF->lat,FF,lat,2,0,2,1160,5,1.0,13169,11.353,LO,4,2,2,"[LOL3, MEL3] -> LOL4 -> [LO.SPSL4, LOP.PVLPL4]",LO,3,ME,3,LO.SPS,4,LOP.PVLP,4
12896364,mixed,FF->lat,FF,lat,2,0,2,1160,1,1.0,11209,9.663,LO,4,2,2,"[LOL3, ME.LOL3] -> LOL4 -> [LO.ICLL4, LOP.PVLPL4]",LO,3,ME.LO,3,LO.ICL,4,LOP.PVLP,4
12799266,mixed,FF->lat,FF,lat,2,0,2,273,14,3.497,512,1.875,AOTU,5,2,2,"[AOTUL4, LO.AOTUL4] -> AOTUL5 -> [AOTU.LALL5, LO.AOTUL5]",AOTU,4,LO.AOTU,4,AOTU.LAL,5,LO.AOTU,5
12733415,mixed,FF->lat,FF,lat,2,0,2,1160,20,1.005,13403,11.554,LO,4,2,2,"[LOL3, MEL3] -> LOL4 -> [LO.AOTUL4, LO.PLPL4]",LO,3,ME,3,LO.AOTU,4,LO.PLP,4
12691760,mixed,FF->lat,FF,lat,2,0,2,1160,3,1.0,10048,8.662,LO,4,2,2,"[LO.MEL3, ME.LOL3] -> LOL4 -> [LO.AOTUL4, LO.PVLPL4]",LO.ME,3,ME.LO,3,LO.AOTU,4,LO.PVLP,4
12499313,mixed,FF->lat,FF,lat,2,0,2,1160,18,1.009,11629,10.025,LO,4,2,2,"[LOL3, ME.LOL3] -> LOL4 -> [LO.PLPL4, PLPL4]",LO,3,ME.LO,3,LO.PLP,4,PLP,4
12458517,mixed,FF->lat,FF,lat,2,0,2,1160,9,1.002,11412,9.838,LO,4,2,2,"[LOL3, ME.LOL3] -> LOL4 -> [LO.IBL4, LO.PLPL4]",LO,3,ME.LO,3,LO.IB,4,LO.PLP,4
12457600,mixed,FF->lat,FF,lat,2,0,2,1160,1,1.0,9318,8.033,LO,4,2,2,"[LO.PLPL3, ME.LOL3] -> LOL4 -> [LO.SPSL4, PVLP.LOL4]",LO.PLP,3,ME.LO,3,LO.SPS,4,PVLP.LO,4
12448984,mixed,FF->lat,FF,lat,2,0,2,1160,20,1.001,12156,10.479,LO,4,2,2,"[LOL3, ME.LOL3] -> LOL4 -> [LO.PLPL4, ME.LOL4]",LO,3,ME.LO,3,LO.PLP,4,ME.LO,4
12448277,mixed,FF->lat,FF,lat,2,0,2,1160,9,1.001,12998,11.205,LO,4,2,2,"[LOL3, ME.LOL3] -> LOL4 -> [LO.PLPL4, MEL4]",LO,3,ME.LO,3,LO.PLP,4,ME,4
12319997,mixed,FF->lat,FF,lat,2,0,2,1160,5,1.0,4388,3.783,LO,4,2,2,"[LOL3, LOPL3] -> LOL4 -> [LO.AOTUL4, LO.PVLPL4]",LO,3,LOP,3,LO.AOTU,4,LO.PVLP,4
12268089,mixed,FF->lat,FF,lat,2,0,2,207,18,1.127,2091,10.101,LO,5,2,2,"[LOL4, ME.LOL4] -> LOL5 -> [LO.PLPL5, LO.SPSL5]",LO,4,ME.LO,4,LO.PLP,5,LO.SPS,5
12230743,mixed,FF->lat,FF,lat,2,0,2,1160,31,1.001,2788,2.403,LO,4,2,2,"[LOL3, LOP.LOL3] -> LOL4 -> [LO.PLPL4, LO.SPSL4]",LO,3,LOP.LO,3,LO.PLP,4,LO.SPS,4
12127725,mixed,FF->lat,FF,lat,2,0,2,157,71,2.237,2693,17.153,PVLP,5,2,2,"[LO.PVLPL4, PVLPL4] -> PVLPL5 -> [AVLPL5, PVLP.AVLPL5]",LO.PVLP,4,PVLP,4,AVLP,5,PVLP.AVLP,5
12035928,mixed,FF->lat,FF,lat,2,0,2,56,15,1.99,13097,233.875,LO.AVLP,4,2,2,"[LOL3, ME.LOL3] -> LO.AVLPL4 -> [AVLPL4, LOL4]",LO,3,ME.LO,3,AVLP,4,LO,4
11829978,mixed,FF->lat,FF,lat,2,0,2,139,2,1.0,2433,17.504,PVLP,4,2,2,"[LOP.PLPL3, PVLPL3] -> PVLPL4 -> [LOL4, LO.PVLPL4]",LOP.PLP,3,PVLP,3,LO,4,LO.PVLP,4
11829972,mixed,FF->lat,FF,lat,2,0,2,139,1,1.0,2391,17.201,PVLP,4,2,2,"[LOP.PLPL3, LOP.PVLPL3] -> PVLPL4 -> [LOL4, LO.PVLPL4]",LOP.PLP,3,LOP.PVLP,3,LO,4,LO.PVLP,4
11668598,mixed,FF->lat,FF,lat,2,0,2,207,8,1.889,2304,11.13,LO,5,2,2,"[LOL4, ME.LOL4] -> LOL5 -> [AOTUL5, LO.PVLPL5]",LO,4,ME.LO,4,AOTU,5,LO.PVLP,5
11595499,mixed,FF->lat,FF,lat,2,0,2,1160,10,1.0,3332,2.872,LO,4,2,2,"[LOL3, LOP.LOL3] -> LOL4 -> [LO.AVLPL4, LO.PVLPL4]",LO,3,LOP.LO,3,LO.AVLP,4,LO.PVLP,4
11551547,mixed,FF->lat,FF,lat,2,0,2,1160,31,1.001,13277,11.446,LO,4,2,2,"[LOL3, MEL3] -> LOL4 -> [LO.AOTUL4, LO.SPSL4]",LO,3,ME,3,LO.AOTU,4,LO.SPS,4
11538912,mixed,FF->lat,FF,lat,2,0,2,1160,3,1.0,11317,9.756,LO,4,2,2,"[LOL3, ME.LOL3] -> LOL4 -> [LO.AOTUL4, LO.ICLL4]",LO,3,ME.LO,3,LO.AOTU,4,LO.ICL,4
11538852,mixed,FF->lat,FF,lat,2,0,2,1160,1,1.0,11264,9.71,LO,4,2,2,"[LOL3, ME.LOL3] -> LOL4 -> [LO.LHL4, PVLP.LOL4]",LO,3,ME.LO,3,LO.LH,4,PVLP.LO,4
11367970,mixed,FF->lat,FF,lat,2,0,2,1160,19,1.01,11286,9.729,LO,4,2,2,"[LOL3, ME.LOL3] -> LOL4 -> [LO.IBL4, LO.SPSL4]",LO,3,ME.LO,3,LO.IB,4,LO.SPS,4
11348525,mixed,FF->lat,FF,lat,2,0,2,1160,14,1.006,11503,9.916,LO,4,2,2,"[LOL3, ME.LOL3] -> LOL4 -> [LO.SPSL4, PLPL4]",LO,3,ME.LO,3,LO.SPS,4,PLP,4
11341044,mixed,FF->lat,FF,lat,2,0,2,1160,28,1.001,10325,8.901,LO,4,2,2,"[LOPL3, ME.LOL3] -> LOL4 -> [LO.PLPL4, LO.SPSL4]",LOP,3,ME.LO,3,LO.PLP,4,LO.SPS,4
11330431,mixed,FF->lat,FF,lat,2,0,2,1160,14,1.003,12872,11.097,LO,4,2,2,"[LOL3, ME.LOL3] -> LOL4 -> [LO.SPSL4, MEL4]",LO,3,ME.LO,3,LO.SPS,4,ME,4
11317960,mixed,FF->lat,FF,lat,2,0,2,1160,22,1.001,12030,10.371,LO,4,2,2,"[LOL3, ME.LOL3] -> LOL4 -> [LO.SPSL4, ME.LOL4]",LO,3,ME.LO,3,LO.SPS,4,ME.LO,4
11128099,mixed,FF->lat,FF,lat,2,0,2,1160,15,1.008,19884,17.141,LO,4,2,2,"[MEL3, ME.LOL3] -> LOL4 -> [LO.AVLPL4, LO.PLPL4]",ME,3,ME.LO,3,LO.AVLP,4,LO.PLP,4
11059740,mixed,FF->lat,FF,lat,2,0,2,1516,152,5.943,1321,0.871,AVLP,5,2,2,"[AVLPL4, PVLPL4] -> AVLPL5 -> [AVLP.ICLL5, PVLP.AVLPL5]",AVLP,4,PVLP,4,AVLP.ICL,5,PVLP.AVLP,5
10973176,mixed,FF->lat,FF,lat,2,0,2,1160,2,1.0,11812,10.183,LO,4,2,2,"[LOP.LOL3, MEL3] -> LOL4 -> [LO.PVLPL4, PVLP.LOL4]",LOP.LO,3,ME,3,LO.PVLP,4,PVLP.LO,4
10920850,mixed,FF->lat,FF,lat,2,0,2,1160,4,1.15,9887,8.523,LO,4,2,2,"[LO.AVLPL3, ME.LOL3] -> LOL4 -> [LO.PVLPL4, PVLP.LOL4]",LO.AVLP,3,ME.LO,3,LO.PVLP,4,PVLP.LO,4
10870639,mixed,FF->lat,FF,lat,2,0,2,1160,11,1.0,2882,2.484,LO,4,2,2,"[LOL3, LO.PLPL3] -> LOL4 -> [LO.PLPL4, LO.SPSL4]",LO,3,LO.PLP,3,LO.PLP,4,LO.SPS,4
10755962,mixed,FF->lat,FF,lat,2,0,2,1160,36,1.001,10869,9.37,LO,4,2,2,"[LOPL3, ME.LOL3] -> LOL4 -> [LO.AVLPL4, LO.PVLPL4]",LOP,3,ME.LO,3,LO.AVLP,4,LO.PVLP,4
10754520,mixed,FF->lat,FF,lat,2,0,2,139,1,1.0,3457,24.871,PVLP,4,2,2,"[LOPL3, LOP.PLPL3] -> PVLPL4 -> [LOL4, LO.PVLPL4]",LOP,3,LOP.PLP,3,LO,4,LO.PVLP,4
10750208,mixed,FF->lat,FF,lat,2,0,2,1160,2,1.0,9997,8.618,LO,4,2,2,"[LOP.LOL3, ME.LOL3] -> LOL4 -> [LO.PVLPL4, PVLPL4]",LOP.LO,3,ME.LO,3,LO.PVLP,4,PVLP,4
560358512,mixed,FF->FB,FF,FB,2,2,0,1160,154,1.018,22561,19.449,LO,4,2,2,"[MEL3, ME.LOL3] -> LOL4 -> [LOL3, LO.PVLPL3]",ME,3,ME.LO,3,LO,3,LO.PVLP,3
354759030,mixed,FF->FB,FF,FB,2,2,0,109,4,2.523,11905,109.22,PVLP.LO,4,2,2,"[LO.PVLPL3, PVLPL3] -> PVLP.LOL4 -> [LOL3, ME.LOL3]",LO.PVLP,3,PVLP,3,LO,3,ME.LO,3
346360976,mixed,FF->FB,FF,FB,2,2,0,1160,67,1.001,12068,10.403,LO,4,2,2,"[LOL3, ME.LOL3] -> LOL4 -> [LO.PLPL3, LO.PVLPL3]",LO,3,ME.LO,3,LO.PLP,3,LO.PVLP,3
338413335,mixed,FF->FB,FF,FB,2,2,0,207,11,1.389,3042,14.696,LO,5,2,2,"[LOL4, ME.LOL4] -> LOL5 -> [LO.PLPL4, LO.PVLPL4]",LO,4,ME.LO,4,LO.PLP,4,LO.PVLP,4
224479591,mixed,FF->FB,FF,FB,2,2,0,207,7,1.046,2944,14.222,LO,5,2,2,"[LOL4, ME.LOL4] -> LOL5 -> [LO.AOTUL4, LO.PVLPL4]",LO,4,ME.LO,4,LO.AOTU,4,LO.PVLP,4
214261701,mixed,FF->FB,FF,FB,2,2,0,1160,64,1.004,22561,19.449,LO,4,2,2,"[LOL3, ME.LOL3] -> LOL4 -> [LO.PVLPL3, MEL3]",LO,3,ME.LO,3,LO.PVLP,3,ME,3
210082084,mixed,FF->FB,FF,FB,2,2,0,1160,141,1.002,22071,19.027,LO,4,2,2,"[MEL3, ME.LOL3] -> LOL4 -> [LOL3, LO.PLPL3]",ME,3,ME.LO,3,LO,3,LO.PLP,3
187420661,mixed,FF->FB,FF,FB,2,2,0,1160,123,1.004,22561,19.449,LO,4,2,2,"[LOL3, MEL3] -> LOL4 -> [LO.PVLPL3, ME.LOL3]",LO,3,ME,3,LO.PVLP,3,ME.LO,3
181786453,mixed,FF->FB,FF,FB,2,2,0,1160,34,1.0,11974,10.322,LO,4,2,2,"[LOP.LOL3, ME.LOL3] -> LOL4 -> [LOL3, LO.PVLPL3]",LOP.LO,3,ME.LO,3,LO,3,LO.PVLP,3
177644268,mixed,FF->FB,FF,FB,2,2,0,109,3,2.931,20332,186.532,PVLP.LO,4,2,2,"[LO.PVLPL3, PVLPL3] -> PVLP.LOL4 -> [MEL3, ME.LOL3]",LO.PVLP,3,PVLP,3,ME,3,ME.LO,3
176939304,mixed,FF->FB,FF,FB,2,2,0,109,3,2.993,11874,108.936,PVLP.LO,4,2,2,"[GNG.AVLPL3, LO.PVLPL3] -> PVLP.LOL4 -> [LOL3, ME.LOL3]",GNG.AVLP,3,LO.PVLP,3,LO,3,ME.LO,3
161733117,mixed,FF->FB,FF,FB,2,2,0,1160,15,1.002,12068,10.403,LO,4,2,2,"[LO.PLPL3, ME.LOL3] -> LOL4 -> [LOL3, LO.PVLPL3]",LO.PLP,3,ME.LO,3,LO,3,LO.PVLP,3
142144896,mixed,FF->FB,FF,FB,2,2,0,109,3,2.86,12164,111.596,PVLP.LO,4,2,2,"[AVLPL3, LO.PVLPL3] -> PVLP.LOL4 -> [LOL3, ME.LOL3]",AVLP,3,LO.PVLP,3,LO,3,ME.LO,3
135114223,mixed,FF->FB,FF,FB,2,2,0,207,9,1.079,2916,14.087,LO,5,2,2,"[LOL4, ME.LOL4] -> LOL5 -> [LO.PVLPL4, LO.SPSL4]",LO,4,ME.LO,4,LO.PVLP,4,LO.SPS,4
116359392,mixed,FF->FB,FF,FB,2,2,0,109,3,2.74,11894,109.119,PVLP.LO,4,2,2,"[LO.AVLPL3, LO.PVLPL3] -> PVLP.LOL4 -> [LOL3, ME.LOL3]",LO.AVLP,3,LO.PVLP,3,LO,3,ME.LO,3
106674621,mixed,FF->FB,FF,FB,2,2,0,207,5,1.019,2896,13.99,LO,5,2,2,"[LOL4, ME.LOL4] -> LOL5 -> [LO.PVLPL4, PVLP.LOL4]",LO,4,ME.LO,4,LO.PVLP,4,PVLP.LO,4
101896359,mixed,FF->FB,FF,FB,2,2,0,1160,27,1.002,11879,10.241,LO,4,2,2,"[LOL3, ME.LOL3] -> LOL4 -> [LO.PVLPL3, LO.SPSL3]",LO,3,ME.LO,3,LO.PVLP,3,LO.SPS,3
98725914,mixed,FF->FB,FF,FB,2,2,0,109,3,2.827,20301,186.248,PVLP.LO,4,2,2,"[GNG.AVLPL3, LO.PVLPL3] -> PVLP.LOL4 -> [MEL3, ME.LOL3]",GNG.AVLP,3,LO.PVLP,3,ME,3,ME.LO,3
91360546,mixed,FF->FB,FF,FB,2,2,0,207,2,1.0,3042,14.696,LO,5,2,2,"[LO.PLPL4, ME.LOL4] -> LOL5 -> [LOL4, LO.PVLPL4]",LO.PLP,4,ME.LO,4,LO,4,LO.PVLP,4
90896879,mixed,FF->FB,FF,FB,2,2,0,1160,36,1.0,12929,11.146,LO,4,2,2,"[LOPL3, ME.LOL3] -> LOL4 -> [LOL3, LO.PVLPL3]",LOP,3,ME.LO,3,LO,3,LO.PVLP,3
80805618,mixed,FF->FB,FF,FB,2,2,0,1160,59,1.001,22071,19.027,LO,4,2,2,"[LOL3, ME.LOL3] -> LOL4 -> [LO.PLPL3, MEL3]",LO,3,ME.LO,3,LO.PLP,3,ME,3
77461214,mixed,FF->FB,FF,FB,2,2,0,1160,61,1.01,20495,17.668,LO,4,2,2,"[MEL3, ME.LOL3] -> LOL4 -> [LO.PLPL3, LO.PVLPL3]",ME,3,ME.LO,3,LO.PLP,3,LO.PVLP,3
76322664,mixed,FF->FB,FF,FB,2,2,0,109,3,2.867,20591,188.908,PVLP.LO,4,2,2,"[AVLPL3, LO.PVLPL3] -> PVLP.LOL4 -> [MEL3, ME.LOL3]",AVLP,3,LO.PVLP,3,ME,3,ME.LO,3
70688218,mixed,FF->FB,FF,FB,2,2,0,1160,95,1.001,22071,19.027,LO,4,2,2,"[LOL3, MEL3] -> LOL4 -> [LO.PLPL3, ME.LOL3]",LO,3,ME,3,LO.PLP,3,ME.LO,3
68681269,mixed,FF->FB,FF,FB,2,2,0,1160,50,1.0,11484,9.9,LO,4,2,2,"[LOP.LOL3, ME.LOL3] -> LOL4 -> [LOL3, LO.PLPL3]",LOP.LO,3,ME.LO,3,LO,3,LO.PLP,3
66311568,mixed,FF->FB,FF,FB,2,2,0,21,5,1.572,3513,167.286,LOP,5,2,2,"[LO.LOPL4, ME.LOL4] -> LOPL5 -> [LOP.MEL4, MEL4]",LO.LOP,4,ME.LO,4,LOP.ME,4,ME,4
63772488,mixed,FF->FB,FF,FB,2,2,0,109,3,2.588,20321,186.431,PVLP.LO,4,2,2,"[LO.AVLPL3, LO.PVLPL3] -> PVLP.LOL4 -> [MEL3, ME.LOL3]",LO.AVLP,3,LO.PVLP,3,ME,3,ME.LO,3
61803356,mixed,FF->FB,FF,FB,2,2,0,1160,54,1.003,21882,18.864,LO,4,2,2,"[MEL3, ME.LOL3] -> LOL4 -> [LOL3, LO.SPSL3]",ME,3,ME.LO,3,LO,3,LO.SPS,3
61223880,mixed,FF->FB,FF,FB,2,2,0,1160,25,1.0,11974,10.322,LO,4,2,2,"[LOL3, LOP.LOL3] -> LOL4 -> [LO.PVLPL3, ME.LOL3]",LO,3,LOP.LO,3,LO.PVLP,3,ME.LO,3
61140007,mixed,FF->FB,FF,FB,2,2,0,1160,12,1.002,12007,10.351,LO,4,2,2,"[LOL3, ME.LOL3] -> LOL4 -> [LO.MEL3, LO.PVLPL3]",LO,3,ME.LO,3,LO.ME,3,LO.PVLP,3
61106959,mixed,FF->FB,FF,FB,2,2,0,1160,34,1.001,11894,10.253,LO,4,2,2,"[LOL3, ME.LOL3] -> LOL4 -> [LO.AVLPL3, LO.PVLPL3]",LO,3,ME.LO,3,LO.AVLP,3,LO.PVLP,3
56963522,mixed,FF->FB,FF,FB,2,2,0,21,5,2.305,2897,137.952,LOP,5,2,2,"[LO.LOPL4, ME.LOPL4] -> LOPL5 -> [LOP.MEL4, MEL4]",LO.LOP,4,ME.LOP,4,LOP.ME,4,ME,4
56355102,mixed,FF->FB,FF,FB,2,2,0,207,1,1.0,2444,11.807,LO,5,2,2,"[LOL4, LO.PLPL4] -> LOL5 -> [LO.AOTUL4, LO.PVLPL4]",LO,4,LO.PLP,4,LO.AOTU,4,LO.PVLP,4
54426371,mixed,FF->FB,FF,FB,2,2,0,1160,12,1.0,12068,10.403,LO,4,2,2,"[LOL3, LO.PLPL3] -> LOL4 -> [LO.PVLPL3, ME.LOL3]",LO,3,LO.PLP,3,LO.PVLP,3,ME.LO,3
50907794,mixed,FF->FB,FF,FB,2,2,0,1160,5,1.0,12094,10.426,LO,4,2,2,"[LOL3, ME.LOL3] -> LOL4 -> [LO.PVLPL3, PLPL3]",LO,3,ME.LO,3,LO.PVLP,3,PLP,3
50906784,mixed,FF->FB,FF,FB,2,2,0,1160,3,1.0,11863,10.227,LO,4,2,2,"[LOL3, ME.LOL3] -> LOL4 -> [LO.PVLPL3, LOP.PVLPL3]",LO,3,ME.LO,3,LO.PVLP,3,LOP.PVLP,3
50499357,mixed,FF->FB,FF,FB,2,2,0,1160,14,1.0,12007,10.351,LO,4,2,2,"[LO.MEL3, ME.LOL3] -> LOL4 -> [LOL3, LO.PVLPL3]",LO.ME,3,ME.LO,3,LO,3,LO.PVLP,3
44073878,mixed,FF->FB,FF,FB,2,2,0,207,9,1.06,2327,11.242,LO,5,2,2,"[LOL4, ME.LOL4] -> LOL5 -> [LO.AOTUL4, LO.PLPL4]",LO,4,ME.LO,4,LO.AOTU,4,LO.PLP,4
42429850,mixed,FF->FB,FF,FB,2,2,0,1160,33,1.001,21977,18.946,LO,4,2,2,"[LOP.LOL3, ME.LOL3] -> LOL4 -> [LOL3, MEL3]",LOP.LO,3,ME.LO,3,LO,3,ME,3
41740729,mixed,FF->FB,FF,FB,2,2,0,1160,59,1.008,13913,11.994,LO,4,2,2,"[LOL3, MEL3] -> LOL4 -> [LO.PLPL3, LO.PVLPL3]",LO,3,ME,3,LO.PLP,3,LO.PVLP,3
40440480,mixed,FF->FB,FF,FB,2,2,0,109,2,1.664,11864,108.844,PVLP.LO,4,2,2,"[LO.PVLPL3, PLP.AVLPL3] -> PVLP.LOL4 -> [LOL3, ME.LOL3]",LO.PVLP,3,PLP.AVLP,3,LO,3,ME.LO,3
38482058,mixed,FF->FB,FF,FB,2,2,0,1160,33,1.001,11389,9.818,LO,4,2,2,"[LOL3, ME.LOL3] -> LOL4 -> [LO.PLPL3, LO.SPSL3]",LO,3,ME.LO,3,LO.PLP,3,LO.SPS,3
38318856,mixed,FF->FB,FF,FB,2,2,0,109,3,2.962,11853,108.743,PVLP.LO,4,2,2,"[AMMC.AVLPL3, LO.PVLPL3] -> PVLP.LOL4 -> [LOL3, ME.LOL3]",AMMC.AVLP,3,LO.PVLP,3,LO,3,ME.LO,3
38318856,mixed,FF->FB,FF,FB,2,2,0,109,3,2.962,11856,108.771,PVLP.LO,4,2,2,"[LO.PVLPL3, PVLP.AVLPL3] -> PVLP.LOL4 -> [LOL3, ME.LOL3]",LO.PVLP,3,PVLP.AVLP,3,LO,3,ME.LO,3
37716865,mixed,FF->FB,FF,FB,2,2,0,1160,11,1.001,22071,19.027,LO,4,2,2,"[LO.PLPL3, ME.LOL3] -> LOL4 -> [LOL3, MEL3]",LO.PLP,3,ME.LO,3,LO,3,ME,3
37539394,mixed,FF->FB,FF,FB,2,2,0,207,7,3.091,2818,13.614,LO,5,2,2,"[LOP.LOL4, ME.LOL4] -> LOL5 -> [LOL4, LO.PVLPL4]",LOP.LO,4,ME.LO,4,LO,4,LO.PVLP,4
37115202,mixed,FF->FB,FF,FB,2,2,0,1160,51,1.0,21977,18.946,LO,4,2,2,"[LOP.LOL3, MEL3] -> LOL4 -> [LOL3, ME.LOL3]",LOP.LO,3,ME,3,LO,3,ME.LO,3
37091407,mixed,FF->FB,FF,FB,2,2,0,1160,99,1.003,21897,18.877,LO,4,2,2,"[MEL3, ME.LOL3] -> LOL4 -> [LOL3, LO.AVLPL3]",ME,3,ME.LO,3,LO,3,LO.AVLP,3
37083931,mixed,FF->FB,FF,FB,2,2,0,1160,19,1.003,22010,18.974,LO,4,2,2,"[MEL3, ME.LOL3] -> LOL4 -> [LOL3, LO.MEL3]",ME,3,ME.LO,3,LO,3,LO.ME,3
34353703,mixed,FF->FB,FF,FB,2,2,0,1160,73,1.001,12439,10.723,LO,4,2,2,"[LOPL3, ME.LOL3] -> LOL4 -> [LOL3, LO.PLPL3]",LOP,3,ME.LO,3,LO,3,LO.PLP,3
33659122,mixed,FF->FB,FF,FB,2,2,0,207,1,1.0,2916,14.087,LO,5,2,2,"[LO.SPSL4, ME.LOL4] -> LOL5 -> [LOL4, LO.PVLPL4]",LO.SPS,4,ME.LO,4,LO,4,LO.PVLP,4
33396134,mixed,FF->FB,FF,FB,2,2,0,21,3,1.217,4180,199.048,LOP,5,2,2,"[LO.LOPL4, ME.LOL4] -> LOPL5 -> [LO.PVLPL4, MEL4]",LO.LOP,4,ME.LO,4,LO.PVLP,4,ME,4
33395658,mixed,FF->FB,FF,FB,2,2,0,207,3,1.0,2416,11.671,LO,5,2,2,"[LOL4, LO.PLPL4] -> LOL5 -> [LO.PVLPL4, LO.SPSL4]",LO,4,LO.PLP,4,LO.PVLP,4,LO.SPS,4
32994777,mixed,FF->FB,FF,FB,2,2,0,1160,20,1.0,22071,19.027,LO,4,2,2,"[LO.PLPL3, MEL3] -> LOL4 -> [LOL3, ME.LOL3]",LO.PLP,3,ME,3,LO,3,ME.LO,3
31259432,mixed,FF->FB,FF,FB,2,2,0,21,3,1.592,2788,132.762,LOP,5,2,2,"[LO.LOPL4, ME.LOL4] -> LOPL5 -> [LO.PVLPL4, LOP.MEL4]",LO.LOP,4,ME.LO,4,LO.PVLP,4,LOP.ME,4
30866985,mixed,FF->FB,FF,FB,2,2,0,1160,11,1.001,22097,19.049,LO,4,2,2,"[MEL3, ME.LOL3] -> LOL4 -> [LOL3, PLPL3]",ME,3,ME.LO,3,LO,3,PLP,3
30858282,mixed,FF->FB,FF,FB,2,2,0,1160,3,1.0,21866,18.85,LO,4,2,2,"[MEL3, ME.LOL3] -> LOL4 -> [LOL3, LOP.PVLPL3]",ME,3,ME.LO,3,LO,3,LOP.PVLP,3
30613336,mixed,FF->FB,FF,FB,2,2,0,1160,25,1.0,12929,11.146,LO,4,2,2,"[LOL3, LOPL3] -> LOL4 -> [LO.PVLPL3, ME.LOL3]",LO,3,LOP,3,LO.PVLP,3,ME.LO,3
30032124,mixed,FF->FB,FF,FB,2,2,0,21,5,1.236,3605,171.667,LOP,5,2,2,"[LO.LOPL4, ME.LOL4] -> LOPL5 -> [LOP.PLPL4, MEL4]",LO.LOP,4,ME.LO,4,LOP.PLP,4,ME,4
29397498,mixed,FF->FB,FF,FB,2,2,0,21,4,1.899,2460,117.143,LOP,5,2,2,"[LO.LOPL4, ME.LOPL4] -> LOPL5 -> [LOL4, LOP.MEL4]",LO.LOP,4,ME.LOP,4,LO,4,LOP.ME,4
29119412,mixed,FF->FB,FF,FB,2,2,0,21,6,1.728,2915,138.81,LOP,5,2,2,"[LO.LOPL4, LOPL4] -> LOPL5 -> [LOP.MEL4, MEL4]",LO.LOP,4,LOP,4,LOP.ME,4,ME,4
28909644,mixed,FF->FB,FF,FB,2,2,0,21,5,2.028,3076,146.476,LOP,5,2,2,"[LO.LOPL4, ME.LOL4] -> LOPL5 -> [LOL4, LOP.MEL4]",LO.LOP,4,ME.LO,4,LO,4,LOP.ME,4
27845868,mixed,FF->FB,FF,FB,2,2,0,207,29,1.201,2299,11.106,LO,5,2,2,"[LOL4, ME.LOL4] -> LOL5 -> [LO.PLPL4, LO.SPSL4]",LO,4,ME.LO,4,LO.PLP,4,LO.SPS,4
27560408,mixed,FF->FB,FF,FB,2,2,0,21,5,1.626,2213,105.381,LOP,5,2,2,"[LO.LOPL4, ME.LOL4] -> LOPL5 -> [LOP.MEL4, LOP.PLPL4]",LO.LOP,4,ME.LO,4,LOP.ME,4,LOP.PLP,4
27256716,mixed,FF->FB,FF,FB,2,2,0,207,1,1.0,2039,9.85,LO,5,2,2,"[LO.PLPL4, ME.LOL4] -> LOL5 -> [LO.AOTUL4, LO.PVLPL4]",LO.PLP,4,ME.LO,4,LO.AOTU,4,LO.PVLP,4
27133938,mixed,FF->FB,FF,FB,2,2,0,207,1,1.0,2396,11.575,LO,5,2,2,"[LOL4, LO.PLPL4] -> LOL5 -> [LO.PVLPL4, PVLP.LOL4]",LO,4,LO.PLP,4,LO.PVLP,4,PVLP.LO,4
26920968,mixed,FF->FB,FF,FB,2,2,0,207,5,1.214,2843,13.734,LO,5,2,2,"[LOL4, ME.LOL4] -> LOL5 -> [LO.AVLPL4, LO.PVLPL4]",LO,4,ME.LO,4,LO.AVLP,4,LO.PVLP,4
26914230,mixed,FF->FB,FF,FB,2,2,0,207,1,1.0,2416,11.671,LO,5,2,2,"[LOL4, LO.SPSL4] -> LOL5 -> [LO.PLPL4, LO.PVLPL4]",LO,4,LO.SPS,4,LO.PLP,4,LO.PVLP,4
26590256,mixed,FF->FB,FF,FB,2,2,0,21,3,2.008,2172,103.429,LOP,5,2,2,"[LO.LOPL4, ME.LOPL4] -> LOPL5 -> [LO.PVLPL4, LOP.MEL4]",LO.LOP,4,ME.LOP,4,LO.PVLP,4,LOP.ME,4
26199372,mixed,FF->FB,FF,FB,2,2,0,207,5,1.152,2802,13.536,LO,5,2,2,"[LOL4, ME.LOL4] -> LOL5 -> [LO.PVLPL4, LO.SCLL4]",LO,4,ME.LO,4,LO.PVLP,4,LO.SCL,4
25593984,mixed,FF->FB,FF,FB,2,2,0,21,5,1.546,4468,212.762,LOP,5,2,2,"[LO.LOPL4, ME.LOL4] -> LOPL5 -> [LOL4, MEL4]",LO.LOP,4,ME.LO,4,LO,4,ME,4
25227522,mixed,FF->FB,FF,FB,2,2,0,1160,22,1.0,9908,8.541,LO,4,2,2,"[LOP.LOL3, ME.LOL3] -> LOL4 -> [LO.PLPL3, LO.PVLPL3]",LOP.LO,3,ME.LO,3,LO.PLP,3,LO.PVLP,3
24844061,mixed,FF->FB,FF,FB,2,2,0,207,4,1.038,2796,13.507,LO,5,2,2,"[LOL4, ME.LOL4] -> LOL5 -> [LO.LHL4, LO.PVLPL4]",LO,4,ME.LO,4,LO.LH,4,LO.PVLP,4
24215864,mixed,FF->FB,FF,FB,2,2,0,21,3,1.471,3564,169.714,LOP,5,2,2,"[LO.LOPL4, ME.LOPL4] -> LOPL5 -> [LO.PVLPL4, MEL4]",LO.LOP,4,ME.LOP,4,LO.PVLP,4,ME,4
23769867,mixed,FF->FB,FF,FB,2,2,0,1160,23,1.001,21882,18.864,LO,4,2,2,"[LOL3, ME.LOL3] -> LOL4 -> [LO.SPSL3, MEL3]",LO,3,ME.LO,3,LO.SPS,3,ME,3
23642375,mixed,FF->FB,FF,FB,2,2,0,207,5,1.33,2801,13.531,LO,5,2,2,"[LOL4, ME.LOL4] -> LOL5 -> [LO.ICLL4, LO.PVLPL4]",LO,4,ME.LO,4,LO.ICL,4,LO.PVLP,4
23321334,mixed,FF->FB,FF,FB,2,2,0,21,5,2.362,1597,76.048,LOP,5,2,2,"[LO.LOPL4, ME.LOPL4] -> LOPL5 -> [LOP.MEL4, LOP.PLPL4]",LO.LOP,4,ME.LOP,4,LOP.ME,4,LOP.PLP,4
23132028,mixed,FF->FB,FF,FB,2,2,0,1160,37,1.0,11484,9.9,LO,4,2,2,"[LOL3, LOP.LOL3] -> LOL4 -> [LO.PLPL3, ME.LOL3]",LO,3,LOP.LO,3,LO.PLP,3,ME.LO,3
23082621,mixed,FF->FB,FF,FB,2,2,0,1160,25,1.0,11404,9.831,LO,4,2,2,"[LOL3, ME.LOL3] -> LOL4 -> [LO.AVLPL3, LO.PLPL3]",LO,3,ME.LO,3,LO.AVLP,3,LO.PLP,3
23080762,mixed,FF->FB,FF,FB,2,2,0,1160,13,1.0,11517,9.928,LO,4,2,2,"[LOL3, ME.LOL3] -> LOL4 -> [LO.MEL3, LO.PLPL3]",LO,3,ME.LO,3,LO.ME,3,LO.PLP,3
23031746,mixed,FF->FB,FF,FB,2,2,0,21,6,1.122,3918,186.571,LOP,5,2,2,"[LOL4, LO.LOPL4] -> LOPL5 -> [LOP.MEL4, MEL4]",LO,4,LO.LOP,4,LOP.ME,4,ME,4
22834853,mixed,FF->FB,FF,FB,2,2,0,1160,26,1.014,20306,17.505,LO,4,2,2,"[MEL3, ME.LOL3] -> LOL4 -> [LO.PVLPL3, LO.SPSL3]",ME,3,ME.LO,3,LO.PVLP,3,LO.SPS,3
22601901,mixed,FF->FB,FF,FB,2,2,0,157,55,1.1,17681,112.618,LOP,4,2,2,"[LO.LOPL3, ME.LOPL3] -> LOPL4 -> [LOPL3, ME.LOL3]",LO.LOP,3,ME.LOP,3,LOP,3,ME.LO,3
21840649,mixed,FF->FB,FF,FB,2,2,0,21,5,1.54,2989,142.333,LOP,5,2,2,"[LO.LOPL4, ME.LOPL4] -> LOPL5 -> [LOP.PLPL4, MEL4]",LO.LOP,4,ME.LOP,4,LOP.PLP,4,ME,4
21830402,mixed,FF->FB,FF,FB,2,2,0,1160,28,1.0,13819,11.913,LO,4,2,2,"[LOP.LOL3, MEL3] -> LOL4 -> [LOL3, LO.PVLPL3]",LOP.LO,3,ME,3,LO,3,LO.PVLP,3
21766080,mixed,FF->FB,FF,FB,2,2,0,1160,8,1.139,11887,10.247,LO,4,2,2,"[LOL3, ME.LOL3] -> LOL4 -> [LO.PVLPL3, PVLP.LOL3]",LO,3,ME.LO,3,LO.PVLP,3,PVLP.LO,3
21247458,mixed,FF->FB,FF,FB,2,2,0,1160,75,1.004,22932,19.769,LO,4,2,2,"[LOPL3, ME.LOL3] -> LOL4 -> [LOL3, MEL3]",LOP,3,ME.LO,3,LO,3,ME,3
21070779,mixed,FF->FB,FF,FB,2,2,0,21,4,1.942,3852,183.429,LOP,5,2,2,"[LO.LOPL4, ME.LOPL4] -> LOPL5 -> [LOL4, MEL4]",LO.LOP,4,ME.LOP,4,LO,4,ME,4
20872260,mixed,FF->FB,FF,FB,2,2,0,207,1,1.0,3042,14.696,LO,5,2,2,"[LOL4, LO.PLPL4] -> LOL5 -> [LO.PVLPL4, ME.LOL4]",LO,4,LO.PLP,4,LO.PVLP,4,ME.LO,4
20844306,mixed,FF->FB,FF,FB,2,2,0,109,3,2.921,20280,186.055,PVLP.LO,4,2,2,"[AMMC.AVLPL3, LO.PVLPL3] -> PVLP.LOL4 -> [MEL3, ME.LOL3]",AMMC.AVLP,3,LO.PVLP,3,ME,3,ME.LO,3
20844306,mixed,FF->FB,FF,FB,2,2,0,109,3,2.921,20283,186.083,PVLP.LO,4,2,2,"[LO.PVLPL3, PVLP.AVLPL3] -> PVLP.LOL4 -> [MEL3, ME.LOL3]",LO.PVLP,3,PVLP.AVLP,3,ME,3,ME.LO,3
20794393,mixed,FF->FB,FF,FB,2,2,0,1160,28,1.001,21882,18.864,LO,4,2,2,"[LOL3, MEL3] -> LOL4 -> [LO.SPSL3, ME.LOL3]",LO,3,ME,3,LO.SPS,3,ME.LO,3
20785332,mixed,FF->FB,FF,FB,2,2,0,207,5,1.017,2279,11.01,LO,5,2,2,"[LOL4, ME.LOL4] -> LOL5 -> [LO.PLPL4, PVLP.LOL4]",LO,4,ME.LO,4,LO.PLP,4,PVLP.LO,4
20762406,mixed,FF->FB,FF,FB,2,2,0,207,1,1.0,2318,11.198,LO,5,2,2,"[LOL4, LO.SPSL4] -> LOL5 -> [LO.AOTUL4, LO.PVLPL4]",LO,4,LO.SPS,4,LO.AOTU,4,LO.PVLP,4
20527622,mixed,FF->FB,FF,FB,2,2,0,207,3,1.02,2870,13.865,LO,5,2,2,"[LOL4, ME.LOL4] -> LOL5 -> [AOTUL4, LO.PVLPL4]",LO,4,ME.LO,4,AOTU,4,LO.PVLP,4
20365023,mixed,FF->FB,FF,FB,2,2,0,1160,12,1.0,11855,10.22,LO,4,2,2,"[LOL3, ME.LOL3] -> LOL4 -> [LO.PVLPL3, LO.VESL3]",LO,3,ME.LO,3,LO.PVLP,3,LO.VES,3
20364167,mixed,FF->FB,FF,FB,2,2,0,1160,9,1.0,11864,10.228,LO,4,2,2,"[LOL3, ME.LOL3] -> LOL4 -> [LO.ICLL3, LO.PVLPL3]",LO,3,ME.LO,3,LO.ICL,3,LO.PVLP,3
20363120,mixed,FF->FB,FF,FB,2,2,0,1160,2,1.0,11856,10.221,LO,4,2,2,"[LOL3, ME.LOL3] -> LOL4 -> [LO.PVLPL3, LO.SCLL3]",LO,3,ME.LO,3,LO.PVLP,3,LO.SCL,3
20362940,mixed,FF->FB,FF,FB,2,2,0,1160,3,1.0,11857,10.222,LO,4,2,2,"[LOL3, ME.LOL3] -> LOL4 -> [LO.PVLPL3, PLP.MEL3]",LO,3,ME.LO,3,LO.PVLP,3,PLP.ME,3
20323139,mixed,FF->FB,FF,FB,2,2,0,207,3,1.0,4384,21.179,LO,5,2,2,"[LOL4, ME.LOL4] -> LOL5 -> [LO.PVLPL4, MEL4]",LO,4,ME.LO,4,LO.PVLP,4,ME,4
20306470,mixed,FF->FB,FF,FB,2,2,0,1160,16,1.011,11894,10.253,LO,4,2,2,"[LO.AVLPL3, ME.LOL3] -> LOL4 -> [LOL3, LO.PVLPL3]",LO.AVLP,3,ME.LO,3,LO,3,LO.PVLP,3
20270760,mixed,FF->FB,FF,FB,2,2,0,1160,2,1.007,12094,10.426,LO,4,2,2,"[ME.LOL3, PLPL3] -> LOL4 -> [LOL3, LO.PVLPL3]",ME.LO,3,PLP,3,LO,3,LO.PVLP,3
20199104,mixed,FF->FB,FF,FB,2,2,0,1160,14,1.0,11295,9.737,LO,4,2,2,"[LOP.LOL3, ME.LOL3] -> LOL4 -> [LOL3, LO.SPSL3]",LOP.LO,3,ME.LO,3,LO,3,LO.SPS,3
20198564,mixed,FF->FB,FF,FB,2,2,0,1160,5,1.0,11879,10.241,LO,4,2,2,"[LO.SPSL3, ME.LOL3] -> LOL4 -> [LOL3, LO.PVLPL3]",LO.SPS,3,ME.LO,3,LO,3,LO.PVLP,3
19925136,mixed,FF->FB,FF,FB,2,2,0,109,3,2.566,13750,126.147,PVLP.LO,4,2,2,"[LO.PVLPL3, PVLPL3] -> PVLP.LOL4 -> [LOL3, MEL3]",LO.PVLP,3,PVLP,3,LO,3,ME,3
19865898,mixed,FF->FB,FF,FB,2,2,0,109,4,1.861,9658,88.606,PVLP.LO,4,2,2,"[LO.PVLPL3, PVLPL3] -> PVLP.LOL4 -> [ME.LOL3, PVLP.LOL3]",LO.PVLP,3,PVLP,3,ME.LO,3,PVLP.LO,3
19766120,mixed,FF->FB,FF,FB,2,2,0,207,10,1.021,2201,10.633,LO,5,2,2,"[LOL4, ME.LOL4] -> LOL5 -> [LO.AOTUL4, LO.SPSL4]",LO,4,ME.LO,4,LO.AOTU,4,LO.SPS,4
19561706,mixed,FF->FB,FF,FB,2,2,0,1160,14,1.016,13913,11.994,LO,4,2,2,"[LO.PLPL3, MEL3] -> LOL4 -> [LOL3, LO.PVLPL3]",LO.PLP,3,ME,3,LO,3,LO.PVLP,3
19451682,mixed,FF->FB,FF,FB,2,2,0,21,4,1.137,3465,165.0,LOP,5,2,2,"[LO.LOPL4, ME.LOL4] -> LOPL5 -> [LOPL4, MEL4]",LO.LOP,4,ME.LO,4,LOP,4,ME,4
19302950,mixed,FF->FB,FF,FB,2,2,0,207,6,2.404,4384,21.179,LO,5,2,2,"[MEL4, ME.LOL4] -> LOL5 -> [LOL4, LO.PVLPL4]",ME,4,ME.LO,4,LO,4,LO.PVLP,4
19251696,mixed,FF->FB,FF,FB,2,2,0,1160,17,1.002,11604,10.003,LO,4,2,2,"[LOL3, ME.LOL3] -> LOL4 -> [LO.PLPL3, PLPL3]",LO,3,ME.LO,3,LO.PLP,3,PLP,3
19231462,mixed,FF->FB,FF,FB,2,2,0,1160,2,1.0,11373,9.804,LO,4,2,2,"[LOL3, ME.LOL3] -> LOL4 -> [LO.PLPL3, LOP.PVLPL3]",LO,3,ME.LO,3,LO.PLP,3,LOP.PVLP,3
19077075,mixed,FF->FB,FF,FB,2,2,0,1160,19,1.0,11517,9.928,LO,4,2,2,"[LO.MEL3, ME.LOL3] -> LOL4 -> [LOL3, LO.PLPL3]",LO.ME,3,ME.LO,3,LO,3,LO.PLP,3
18564333,mixed,FF->FB,FF,FB,2,2,0,1160,66,1.001,22932,19.769,LO,4,2,2,"[LOPL3, MEL3] -> LOL4 -> [LOL3, ME.LOL3]",LOP,3,ME,3,LO,3,ME.LO,3
18276520,mixed,FF->FB,FF,FB,2,2,0,157,36,1.011,18886,120.293,LOP,4,2,2,"[LO.LOPL3, ME.LOPL3] -> LOPL4 -> [LOL3, ME.LOL3]",LO.LOP,3,ME.LOP,3,LO,3,ME.LO,3
18045792,mixed,FF->FB,FF,FB,2,2,0,109,2,1.909,20291,186.156,PVLP.LO,4,2,2,"[LO.PVLPL3, PLP.AVLPL3] -> PVLP.LOL4 -> [MEL3, ME.LOL3]",LO.PVLP,3,PLP.AVLP,3,ME,3,ME.LO,3
17956085,mixed,FF->FB,FF,FB,2,2,0,1160,5,1.0,11389,9.818,LO,4,2,2,"[LO.PLPL3, ME.LOL3] -> LOL4 -> [LOL3, LO.SPSL3]",LO.PLP,3,ME.LO,3,LO,3,LO.SPS,3
17028380,mixed,FF->FB,FF,FB,2,2,0,21,4,1.385,2073,98.714,LOP,5,2,2,"[LO.LOPL4, ME.LOL4] -> LOPL5 -> [LOPL4, LOP.MEL4]",LO.LOP,4,ME.LO,4,LOP,4,LOP.ME,4
17015322,mixed,FF->FB,FF,FB,2,2,0,1160,11,1.001,12007,10.351,LO,4,2,2,"[LOL3, LO.MEL3] -> LOL4 -> [LO.PVLPL3, ME.LOL3]",LO,3,LO.ME,3,LO.PVLP,3,ME.LO,3
16959356,mixed,FF->FB,FF,FB,2,2,0,207,7,1.211,2318,11.198,LO,5,2,2,"[LOL4, LOP.LOL4] -> LOL5 -> [LO.PLPL4, LO.PVLPL4]",LO,4,LOP.LO,4,LO.PLP,4,LO.PVLP,4
16152134,mixed,FF->FB,FF,FB,2,2,0,207,2,1.0,2011,9.715,LO,5,2,2,"[LO.PLPL4, ME.LOL4] -> LOL5 -> [LO.PVLPL4, LO.SPSL4]",LO.PLP,4,ME.LO,4,LO.PVLP,4,LO.SPS,4
16011462,mixed,FF->FB,FF,FB,2,2,0,207,5,1.015,2181,10.536,LO,5,2,2,"[LOL4, ME.LOL4] -> LOL5 -> [LO.AOTUL4, PVLP.LOL4]",LO,4,ME.LO,4,LO.AOTU,4,PVLP.LO,4
15583769,mixed,FF->FB,FF,FB,2,2,0,1160,12,1.0,20401,17.587,LO,4,2,2,"[LOP.LOL3, ME.LOL3] -> LOL4 -> [LO.PVLPL3, MEL3]",LOP.LO,3,ME.LO,3,LO.PVLP,3,ME,3
15270620,mixed,FF->FB,FF,FB,2,2,0,21,5,1.949,2478,118.0,LOP,5,2,2,"[LO.LOPL4, LOPL4] -> LOPL5 -> [LOL4, LOP.MEL4]",LO.LOP,4,LOP,4,LO,4,LOP.ME,4
14742592,mixed,FF->FB,FF,FB,2,2,0,21,3,1.864,2190,104.286,LOP,5,2,2,"[LO.LOPL4, LOPL4] -> LOPL5 -> [LO.PVLPL4, LOP.MEL4]",LO.LOP,4,LOP,4,LO.PVLP,4,LOP.ME,4
14659578,mixed,FF->FB,FF,FB,2,2,0,207,2,1.032,2797,13.512,LO,5,2,2,"[ME.LOL4, SPS.LOL4] -> LOL5 -> [LOL4, LO.PVLPL4]",ME.LO,4,SPS.LO,4,LO,4,LO.PVLP,4
14654982,mixed,FF->FB,FF,FB,2,2,0,109,2,1.0,11855,108.761,PVLP.LO,4,2,2,"[AVLP.PVLPL3, LO.PVLPL3] -> PVLP.LOL4 -> [LOL3, ME.LOL3]",AVLP.PVLP,3,LO.PVLP,3,LO,3,ME.LO,3
14654976,mixed,FF->FB,FF,FB,2,2,0,109,1,1.0,12094,110.954,PVLP.LO,4,2,2,"[LO.PVLPL3, PLPL3] -> PVLP.LOL4 -> [LOL3, ME.LOL3]",LO.PVLP,3,PLP,3,LO,3,ME.LO,3
14654976,mixed,FF->FB,FF,FB,2,2,0,109,1,1.0,11887,109.055,PVLP.LO,4,2,2,"[LO.PVLPL3, PVLP.LOL3] -> PVLP.LOL4 -> [LOL3, ME.LOL3]",LO.PVLP,3,PVLP.LO,3,LO,3,ME.LO,3
14318192,mixed,FF->FB,FF,FB,2,2,0,1160,69,1.009,21897,18.877,LO,4,2,2,"[LOL3, ME.LOL3] -> LOL4 -> [LO.AVLPL3, MEL3]",LO,3,ME.LO,3,LO.AVLP,3,ME,3
14314693,mixed,FF->FB,FF,FB,2,2,0,21,3,1.366,3582,170.571,LOP,5,2,2,"[LO.LOPL4, LOPL4] -> LOPL5 -> [LO.PVLPL4, MEL4]",LO.LOP,4,LOP,4,LO.PVLP,4,ME,4
14288803,mixed,FF->FB,FF,FB,2,2,0,1160,22,1.001,21977,18.946,LO,4,2,2,"[LOL3, LOP.LOL3] -> LOL4 -> [MEL3, ME.LOL3]",LO,3,LOP.LO,3,ME,3,ME.LO,3
14262477,mixed,FF->FB,FF,FB,2,2,0,1160,16,1.001,22010,18.974,LO,4,2,2,"[LOL3, ME.LOL3] -> LOL4 -> [LO.MEL3, MEL3]",LO,3,ME.LO,3,LO.ME,3,ME,3
14129552,mixed,FF->FB,FF,FB,2,2,0,21,5,1.422,2849,135.667,LOP,5,2,2,"[LO.LOPL4, ME.LOPL4] -> LOPL5 -> [LOPL4, MEL4]",LO.LOP,4,ME.LOP,4,LOP,4,ME,4
14093028,mixed,FF->FB,FF,FB,2,2,0,21,5,2.036,1457,69.381,LOP,5,2,2,"[LO.LOPL4, ME.LOPL4] -> LOPL5 -> [LOPL4, LOP.MEL4]",LO.LOP,4,ME.LOP,4,LOP,4,LOP.ME,4
13876112,mixed,FF->FB,FF,FB,2,2,0,1160,7,1.004,20495,17.668,LO,4,2,2,"[LO.PLPL3, ME.LOL3] -> LOL4 -> [LO.PVLPL3, MEL3]",LO.PLP,3,ME.LO,3,LO.PVLP,3,ME,3
13785343,mixed,FF->FB,FF,FB,2,2,0,1160,8,1.236,21890,18.871,LO,4,2,2,"[MEL3, ME.LOL3] -> LOL4 -> [LOL3, PVLP.LOL3]",ME,3,ME.LO,3,LO,3,PVLP.LO,3
13742596,mixed,FF->FB,FF,FB,2,2,0,207,3,1.0,2327,11.242,LO,5,2,2,"[LO.PLPL4, ME.LOL4] -> LOL5 -> [LOL4, LO.AOTUL4]",LO.PLP,4,ME.LO,4,LO,4,LO.AOTU,4
13706108,mixed,FF->FB,FF,FB,2,2,0,1160,12,1.015,20434,17.616,LO,4,2,2,"[MEL3, ME.LOL3] -> LOL4 -> [LO.MEL3, LO.PVLPL3]",ME,3,ME.LO,3,LO.ME,3,LO.PVLP,3
13633164,mixed,FF->FB,FF,FB,2,2,0,1160,23,1.0,20401,17.587,LO,4,2,2,"[LOP.LOL3, MEL3] -> LOL4 -> [LO.PVLPL3, ME.LOL3]",LOP.LO,3,ME,3,LO.PVLP,3,ME.LO,3
13620324,mixed,FF->FB,FF,FB,2,2,0,1160,33,1.003,20321,17.518,LO,4,2,2,"[MEL3, ME.LOL3] -> LOL4 -> [LO.AVLPL3, LO.PVLPL3]",ME,3,ME.LO,3,LO.AVLP,3,LO.PVLP,3
13605190,mixed,FF->FB,FF,FB,2,2,0,1160,20,1.0,3326,2.867,LO,4,2,2,"[LOL3, LOP.LOL3] -> LOL4 -> [LO.PLPL3, LO.PVLPL3]",LO,3,LOP.LO,3,LO.PLP,3,LO.PVLP,3
13562122,mixed,FF->FB,FF,FB,2,2,0,21,3,1.199,2880,137.143,LOP,5,2,2,"[LO.LOPL4, ME.LOL4] -> LOPL5 -> [LO.PVLPL4, LOP.PLPL4]",LO.LOP,4,ME.LO,4,LO.PVLP,4,LOP.PLP,4
13285716,mixed,FF->FB,FF,FB,2,2,0,207,5,2.26,3884,18.763,LO,5,2,2,"[LOL4, MEL4] -> LOL5 -> [LO.PLPL4, LO.PVLPL4]",LO,4,ME,4,LO.PLP,4,LO.PVLP,4
13243882,mixed,FF->FB,FF,FB,2,2,0,21,3,1.092,3563,169.667,LOP,5,2,2,"[LO.LOPL4, ME.LOL4] -> LOPL5 -> [LO.PLPL4, MEL4]",LO.LOP,4,ME.LO,4,LO.PLP,4,ME,4
13227817,mixed,FF->FB,FF,FB,2,2,0,1516,12,1.764,2962,1.954,AVLP,5,2,2,"[AVLPL4, PVLPL4] -> AVLPL5 -> [LOL4, LO.PVLPL4]",AVLP,4,PVLP,4,LO,4,LO.PVLP,4
13123604,mixed,FF->FB,FF,FB,2,2,0,207,1,1.0,1991,9.618,LO,5,2,2,"[LO.PLPL4, ME.LOL4] -> LOL5 -> [LO.PVLPL4, PVLP.LOL4]",LO.PLP,4,ME.LO,4,LO.PVLP,4,PVLP.LO,4
13017340,mixed,FF->FB,FF,FB,2,2,0,207,1,1.0,2011,9.715,LO,5,2,2,"[LO.SPSL4, ME.LOL4] -> LOL5 -> [LO.PLPL4, LO.PVLPL4]",LO.SPS,4,ME.LO,4,LO.PLP,4,LO.PVLP,4
12910576,mixed,FF->FB,FF,FB,2,2,0,21,2,1.032,4585,218.333,LOP,5,2,2,"[LOL4, LO.LOPL4] -> LOPL5 -> [LO.PVLPL4, MEL4]",LO,4,LO.LOP,4,LO.PVLP,4,ME,4
12700190,mixed,FF->FB,FF,FB,2,2,0,21,3,1.691,3743,178.238,LOP,5,2,2,"[LO.LOPL4, ME.LOL4] -> LOPL5 -> [LOL4, LO.PVLPL4]",LO.LOP,4,ME.LO,4,LO,4,LO.PVLP,4
12698677,mixed,FF->FB,FF,FB,2,2,0,1160,12,1.0,22071,19.027,LO,4,2,2,"[LOL3, LO.PLPL3] -> LOL4 -> [MEL3, ME.LOL3]",LO,3,LO.PLP,3,ME,3,ME.LO,3
12672397,mixed,FF->FB,FF,FB,2,2,0,1597,52,3.235,22010,13.782,ME,4,2,2,"[LO.MEL3, MEL3] -> MEL4 -> [LOL3, ME.LOL3]",LO.ME,3,ME,3,LO,3,ME.LO,3
12614565,mixed,FF->FB,FF,FB,2,2,0,1160,22,1.0,10863,9.365,LO,4,2,2,"[LOPL3, ME.LOL3] -> LOL4 -> [LO.PLPL3, LO.PVLPL3]",LOP,3,ME.LO,3,LO.PLP,3,LO.PVLP,3
12533352,mixed,FF->FB,FF,FB,2,2,0,109,1,1.0,11863,108.835,PVLP.LO,4,2,2,"[LO.PVLPL3, SPS.PLPL3] -> PVLP.LOL4 -> [LOL3, ME.LOL3]",LO.PVLP,3,SPS.PLP,3,LO,3,ME.LO,3
12484744,mixed,FF->FB,FF,FB,2,2,0,1160,41,1.002,21897,18.877,LO,4,2,2,"[LOL3, MEL3] -> LOL4 -> [LO.AVLPL3, ME.LOL3]",LO,3,ME,3,LO.AVLP,3,ME.LO,3
12484167,mixed,FF->FB,FF,FB,2,2,0,1160,16,1.002,22010,18.974,LO,4,2,2,"[LOL3, MEL3] -> LOL4 -> [LO.MEL3, ME.LOL3]",LO,3,ME,3,LO.ME,3,ME.LO,3
12416871,mixed,FF->FB,FF,FB,2,2,0,207,3,1.037,2926,14.135,LO,5,2,2,"[LOL4, ME.LOL4] -> LOL5 -> [LO.PVLPL4, PVLPL4]",LO,4,ME.LO,4,LO.PVLP,4,PVLP,4
12352014,mixed,FF->FB,FF,FB,2,2,0,1160,21,1.001,21858,18.843,LO,4,2,2,"[MEL3, ME.LOL3] -> LOL4 -> [LOL3, LO.VESL3]",ME,3,ME.LO,3,LO,3,LO.VES,3
12348769,mixed,FF->FB,FF,FB,2,2,0,1160,28,1.001,21867,18.851,LO,4,2,2,"[MEL3, ME.LOL3] -> LOL4 -> [LOL3, LO.ICLL3]",ME,3,ME.LO,3,LO,3,LO.ICL,3
12344040,mixed,FF->FB,FF,FB,2,2,0,1160,3,1.0,21860,18.845,LO,4,2,2,"[MEL3, ME.LOL3] -> LOL4 -> [LOL3, PLP.MEL3]",ME,3,ME.LO,3,LO,3,PLP.ME,3
12343650,mixed,FF->FB,FF,FB,2,2,0,1160,2,1.0,21859,18.844,LO,4,2,2,"[MEL3, ME.LOL3] -> LOL4 -> [LOL3, LO.SCLL3]",ME,3,ME.LO,3,LO,3,LO.SCL,3
12303948,mixed,FF->FB,FF,FB,2,2,0,109,3,2.869,9645,88.486,PVLP.LO,4,2,2,"[GNG.AVLPL3, PVLPL3] -> PVLP.LOL4 -> [LO.PVLPL3, ME.LOL3]",GNG.AVLP,3,PVLP,3,LO.PVLP,3,ME.LO,3
12300428,mixed,FF->FB,FF,FB,2,2,0,1160,25,1.012,13724,11.831,LO,4,2,2,"[LOL3, MEL3] -> LOL4 -> [LO.PVLPL3, LO.SPSL3]",LO,3,ME,3,LO.PVLP,3,LO.SPS,3
12263672,mixed,FF->FB,FF,FB,2,2,0,207,8,1.567,2790,13.478,LO,5,2,2,"[ME.LOL4, SMP.LOL4] -> LOL5 -> [LOL4, LO.PVLPL4]",ME.LO,4,SMP.LO,4,LO,4,LO.PVLP,4
12193794,mixed,FF->FB,FF,FB,2,2,0,207,1,1.0,2836,13.7,LO,5,2,2,"[LOL4, ME.LOL4] -> LOL5 -> [LO.PVLPL4, LOP.PVLPL4]",LO,4,ME.LO,4,LO.PVLP,4,LOP.PVLP,4
12145703,mixed,FF->FB,FF,FB,2,2,0,21,6,1.253,3007,143.19,LOP,5,2,2,"[LO.LOPL4, LOPL4] -> LOPL5 -> [LOP.PLPL4, MEL4]",LO.LOP,4,LOP,4,LOP.PLP,4,ME,4
12133458,mixed,FF->FB,FF,FB,2,2,0,1160,12,1.003,20495,17.668,LO,4,2,2,"[LO.PLPL3, MEL3] -> LOL4 -> [LO.PVLPL3, ME.LOL3]",LO.PLP,3,ME,3,LO.PVLP,3,ME.LO,3
12119749,mixed,FF->FB,FF,FB,2,2,0,1160,9,1.0,11310,9.75,LO,4,2,2,"[LOP.LOL3, ME.LOL3] -> LOL4 -> [LOL3, LO.AVLPL3]",LOP.LO,3,ME.LO,3,LO,3,LO.AVLP,3
12118916,mixed,FF->FB,FF,FB,2,2,0,1160,7,1.0,11423,9.847,LO,4,2,2,"[LOP.LOL3, ME.LOL3] -> LOL4 -> [LOL3, LO.MEL3]",LOP.LO,3,ME.LO,3,LO,3,LO.ME,3
12107412,mixed,FF->FB,FF,FB,2,2,0,207,6,1.041,2220,10.725,LO,5,2,2,"[LOL4, LOP.LOL4] -> LOL5 -> [LO.AOTUL4, LO.PVLPL4]",LO,4,LOP.LO,4,LO.AOTU,4,LO.PVLP,4
11879021,mixed,FF->FB,FF,FB,2,2,0,1160,3,1.0,22097,19.049,LO,4,2,2,"[LOL3, ME.LOL3] -> LOL4 -> [MEL3, PLPL3]",LO,3,ME.LO,3,ME,3,PLP,3
11878314,mixed,FF->FB,FF,FB,2,2,0,1160,2,1.0,21866,18.85,LO,4,2,2,"[LOL3, ME.LOL3] -> LOL4 -> [LOP.PVLPL3, MEL3]",LO,3,ME.LO,3,LOP.PVLP,3,ME,3
11810841,mixed,FF->FB,FF,FB,2,2,0,21,5,1.794,3870,184.286,LOP,5,2,2,"[LO.LOPL4, LOPL4] -> LOPL5 -> [LOL4, MEL4]",LO.LOP,4,LOP,4,LO,4,ME,4
11788653,mixed,FF->FB,FF,FB,2,2,0,1160,21,1.001,22010,18.974,LO,4,2,2,"[LO.MEL3, ME.LOL3] -> LOL4 -> [LOL3, MEL3]",LO.ME,3,ME.LO,3,LO,3,ME,3
11783550,mixed,FF->FB,FF,FB,2,2,0,207,2,1.043,2297,11.097,LO,5,2,2,"[LOL4, SPS.LOL4] -> LOL5 -> [LO.PLPL4, LO.PVLPL4]",LO,4,SPS.LO,4,LO.PLP,4,LO.PVLP,4
11731612,mixed,FF->FB,FF,FB,2,2,0,21,6,1.71,1615,76.905,LOP,5,2,2,"[LO.LOPL4, LOPL4] -> LOPL5 -> [LOP.MEL4, LOP.PLPL4]",LO.LOP,4,LOP,4,LOP.ME,4,LOP.PLP,4
11675673,mixed,FF->FB,FF,FB,2,2,0,21,6,1.055,4010,190.952,LOP,5,2,2,"[LOL4, LO.LOPL4] -> LOPL5 -> [LOP.PLPL4, MEL4]",LO,4,LO.LOP,4,LOP.PLP,4,ME,4
11597120,mixed,FF->FB,FF,FB,2,2,0,207,7,2.218,1913,9.242,LO,5,2,2,"[LOP.LOL4, ME.LOL4] -> LOL5 -> [LO.PLPL4, LO.PVLPL4]",LOP.LO,4,ME.LO,4,LO.PLP,4,LO.PVLP,4
11566175,mixed,FF->FB,FF,FB,2,2,0,1160,48,1.0,12439,10.723,LO,4,2,2,"[LOL3, LOPL3] -> LOL4 -> [LO.PLPL3, ME.LOL3]",LO,3,LOP,3,LO.PLP,3,ME.LO,3
11337879,mixed,FF->FB,FF,FB,2,2,0,1160,3,1.0,20521,17.691,LO,4,2,2,"[MEL3, ME.LOL3] -> LOL4 -> [LO.PVLPL3, PLPL3]",ME,3,ME.LO,3,LO.PVLP,3,PLP,3
11335682,mixed,FF->FB,FF,FB,2,2,0,1160,3,1.0,20290,17.491,LO,4,2,2,"[MEL3, ME.LOL3] -> LOL4 -> [LO.PVLPL3, LOP.PVLPL3]",ME,3,ME.LO,3,LO.PVLP,3,LOP.PVLP,3
11166596,mixed,FF->FB,FF,FB,2,2,0,207,5,1.331,2791,13.483,LO,5,2,2,"[ME.LOL4, PLP.LOL4] -> LOL5 -> [LOL4, LO.PVLPL4]",ME.LO,4,PLP.LO,4,LO,4,LO.PVLP,4
11130528,mixed,FF->FB,FF,FB,2,2,0,109,1,1.0,11879,108.982,PVLP.LO,4,2,2,"[LO.PVLPL3, SAD.WEDL3] -> PVLP.LOL4 -> [LOL3, ME.LOL3]",LO.PVLP,3,SAD.WED,3,LO,3,ME.LO,3
11083320,mixed,FF->FB,FF,FB,2,2,0,21,3,2.0,3127,148.905,LOP,5,2,2,"[LO.LOPL4, ME.LOPL4] -> LOPL5 -> [LOL4, LO.PVLPL4]",LO.LOP,4,ME.LOP,4,LO,4,LO.PVLP,4
11066396,mixed,FF->FB,FF,FB,2,2,0,21,3,1.234,2171,103.381,LOP,5,2,2,"[LO.LOPL4, ME.LOL4] -> LOPL5 -> [LO.PLPL4, LOP.MEL4]",LO.LOP,4,ME.LO,4,LO.PLP,4,LOP.ME,4
11012375,mixed,FF->FB,FF,FB,2,2,0,21,4,2.045,2696,128.381,LOP,5,2,2,"[ME.LOL4, ME.LOPL4] -> LOPL5 -> [LOP.MEL4, MEL4]",ME.LO,4,ME.LOP,4,LOP.ME,4,ME,4
10994636,mixed,FF->FB,FF,FB,2,2,0,157,33,1.006,16305,103.854,LOP,4,2,2,"[LO.LOPL3, LOPL3] -> LOPL4 -> [LOL3, ME.LOL3]",LO.LOP,3,LOP,3,LO,3,ME.LO,3
10948192,mixed,FF->FB,FF,FB,2,2,0,207,5,1.283,2801,13.531,LO,5,2,2,"[LO.MEL4, ME.LOL4] -> LOL5 -> [LOL4, LO.PVLPL4]",LO.ME,4,ME.LO,4,LO,4,LO.PVLP,4
10915745,mixed,FF->FB,FF,FB,2,2,0,1160,31,1.0,14774,12.736,LO,4,2,2,"[LOPL3, MEL3] -> LOL4 -> [LOL3, LO.PVLPL3]",LOP,3,ME,3,LO,3,LO.PVLP,3
10796201,mixed,FF->FB,FF,FB,2,2,0,1160,10,1.0,11484,9.9,LO,4,2,2,"[LO.PLPL3, LOP.LOL3] -> LOL4 -> [LOL3, ME.LOL3]",LO.PLP,3,LOP.LO,3,LO,3,ME.LO,3
10774528,mixed,FF->FB,FF,FB,2,2,0,1160,3,1.0,11517,9.928,LO,4,2,2,"[LO.PLPL3, ME.LOL3] -> LOL4 -> [LOL3, LO.MEL3]",LO.PLP,3,ME.LO,3,LO,3,LO.ME,3
10772551,mixed,FF->FB,FF,FB,2,2,0,1160,6,1.0,11404,9.831,LO,4,2,2,"[LO.PLPL3, ME.LOL3] -> LOL4 -> [LOL3, LO.AVLPL3]",LO.PLP,3,ME.LO,3,LO,3,LO.AVLP,3
10632072,mixed,FF->FB,FF,FB,2,2,0,157,1,1.0,2468,15.72,PVLP,5,2,2,"[LOP.PLPL4, PVLPL4] -> PVLPL5 -> [LOL4, LO.PVLPL4]",LOP.PLP,4,PVLP,4,LO,4,LO.PVLP,4
10428112,mixed,FF->FB,FF,FB,2,2,0,21,2,1.096,3193,152.048,LOP,5,2,2,"[LOL4, LO.LOPL4] -> LOPL5 -> [LO.PVLPL4, LOP.MEL4]",LO,4,LO.LOP,4,LO.PVLP,4,LOP.ME,4
10394289,mixed,FF->FB,FF,FB,2,2,0,1160,2,1.0,21866,18.85,LO,4,2,2,"[LOL3, MEL3] -> LOL4 -> [LOP.PVLPL3, ME.LOL3]",LO,3,ME,3,LOP.PVLP,3,ME.LO,3
10392807,mixed,FF->FB,FF,FB,2,2,0,1160,4,1.0,22097,19.049,LO,4,2,2,"[LOL3, MEL3] -> LOL4 -> [ME.LOL3, PLPL3]",LO,3,ME,3,ME.LO,3,PLP,3
10321911,mixed,FF->FB,FF,FB,2,2,0,21,5,1.518,3168,150.857,LOP,5,2,2,"[LO.LOPL4, ME.LOL4] -> LOPL5 -> [LOL4, LOP.PLPL4]",LO.LOP,4,ME.LO,4,LO,4,LOP.PLP,4
10317039,mixed,FF->FB,FF,FB,2,2,0,1160,20,1.002,22010,18.974,LO,4,2,2,"[LO.MEL3, MEL3] -> LOL4 -> [LOL3, ME.LOL3]",LO.ME,3,ME,3,LO,3,ME.LO,3
10226412,mixed,FF->FB,FF,FB,2,2,0,1160,3,1.009,11905,10.263,LO,4,2,2,"[LOL3, ME.LOL3] -> LOL4 -> [LO.PVLPL3, PVLPL3]",LO,3,ME.LO,3,LO.PVLP,3,PVLP,3
10225853,mixed,FF->FB,FF,FB,2,2,0,1160,6,1.009,11865,10.228,LO,4,2,2,"[LOL3, ME.LOL3] -> LOL4 -> [LO.AOTUL3, LO.PVLPL3]",LO,3,ME.LO,3,LO.AOTU,3,LO.PVLP,3
952285054,mixed,lat->FB,lat,FB,0,2,2,109,3,2.819,11233,103.055,PVLP.LO,4,2,2,"[AVLPL4, LO.PVLPL4] -> PVLP.LOL4 -> [LO.PVLPL3, ME.LOL3]",AVLP,4,LO.PVLP,4,LO.PVLP,3,ME.LO,3
748084936,mixed,lat->FB,lat,FB,0,2,2,109,3,2.99,10581,97.073,PVLP.LO,4,2,2,"[LO.PVLPL4, PVLPL4] -> PVLP.LOL4 -> [LO.PVLPL3, ME.LOL3]",LO.PVLP,4,PVLP,4,LO.PVLP,3,ME.LO,3
548434256,mixed,lat->FB,lat,FB,0,2,2,109,3,2.756,12809,117.514,PVLP.LO,4,2,2,"[AVLPL4, LO.PVLPL4] -> PVLP.LOL4 -> [LOL3, ME.LOL3]",AVLP,4,LO.PVLP,4,LO,3,ME.LO,3
426131186,mixed,lat->FB,lat,FB,0,2,2,109,5,2.972,12157,111.532,PVLP.LO,4,2,2,"[LO.PVLPL4, PVLPL4] -> PVLP.LOL4 -> [LOL3, ME.LOL3]",LO.PVLP,4,PVLP,4,LO,3,ME.LO,3
310733028,mixed,lat->FB,lat,FB,0,2,2,109,3,2.499,21236,194.826,PVLP.LO,4,2,2,"[AVLPL4, LO.PVLPL4] -> PVLP.LOL4 -> [MEL3, ME.LOL3]",AVLP,4,LO.PVLP,4,ME,3,ME.LO,3
247790178,mixed,lat->FB,lat,FB,0,2,2,109,3,2.155,10512,96.44,PVLP.LO,4,2,2,"[LO.PVLPL4, PVLP.AVLPL4] -> PVLP.LOL4 -> [LO.PVLPL3, ME.LOL3]",LO.PVLP,4,PVLP.AVLP,4,LO.PVLP,3,ME.LO,3
233546832,mixed,lat->FB,lat,FB,0,2,2,109,3,2.888,20584,188.844,PVLP.LO,4,2,2,"[LO.PVLPL4, PVLPL4] -> PVLP.LOL4 -> [MEL3, ME.LOL3]",LO.PVLP,4,PVLP,4,ME,3,ME.LO,3
153111276,mixed,lat->FB,lat,FB,0,2,2,109,3,2.743,10498,96.312,PVLP.LO,4,2,2,"[LO.AVLPL4, LO.PVLPL4] -> PVLP.LOL4 -> [LO.PVLPL3, ME.LOL3]",LO.AVLP,4,LO.PVLP,4,LO.PVLP,3,ME.LO,3
129031488,mixed,lat->FB,lat,FB,0,2,2,109,3,2.354,12088,110.899,PVLP.LO,4,2,2,"[LO.PVLPL4, PVLP.AVLPL4] -> PVLP.LOL4 -> [LOL3, ME.LOL3]",LO.PVLP,4,PVLP.AVLP,4,LO,3,ME.LO,3
97944038,mixed,lat->FB,lat,FB,0,2,2,109,3,2.935,4651,42.67,PVLP.LO,4,2,2,"[AVLPL4, LO.PVLPL4] -> PVLP.LOL4 -> [LOL3, LO.PVLPL3]",AVLP,4,LO.PVLP,4,LO,3,LO.PVLP,3
89787400,mixed,lat->FB,lat,FB,0,2,2,109,2,1.985,10467,96.028,PVLP.LO,4,2,2,"[GNG.AVLPL4, LO.PVLPL4] -> PVLP.LOL4 -> [LO.PVLPL3, ME.LOL3]",GNG.AVLP,4,LO.PVLP,4,LO.PVLP,3,ME.LO,3
84129408,mixed,lat->FB,lat,FB,0,2,2,109,3,2.938,12074,110.771,PVLP.LO,4,2,2,"[LO.AVLPL4, LO.PVLPL4] -> PVLP.LOL4 -> [LOL3, ME.LOL3]",LO.AVLP,4,LO.PVLP,4,LO,3,ME.LO,3
80041151,mixed,lat->FB,lat,FB,0,2,2,109,9,2.867,3999,36.688,PVLP.LO,4,2,2,"[LO.PVLPL4, PVLPL4] -> PVLP.LOL4 -> [LOL3, LO.PVLPL3]",LO.PVLP,4,PVLP,4,LO,3,LO.PVLP,3
79753896,mixed,lat->FB,lat,FB,0,2,2,109,3,2.207,20515,188.211,PVLP.LO,4,2,2,"[LO.PVLPL4, PVLP.AVLPL4] -> PVLP.LOL4 -> [MEL3, ME.LOL3]",LO.PVLP,4,PVLP.AVLP,4,ME,3,ME.LO,3
65418440,mixed,lat->FB,lat,FB,0,2,2,109,2,1.878,10472,96.073,PVLP.LO,4,2,2,"[LO.PVLPL4, WED.AVLPL4] -> PVLP.LOL4 -> [LO.PVLPL3, ME.LOL3]",LO.PVLP,4,WED.AVLP,4,LO.PVLP,3,ME.LO,3
53499168,mixed,lat->FB,lat,FB,0,2,2,109,3,2.858,13078,119.982,PVLP.LO,4,2,2,"[AVLPL4, LO.PVLPL4] -> PVLP.LOL4 -> [LO.PVLPL3, MEL3]",AVLP,4,LO.PVLP,4,LO.PVLP,3,ME,3
52562608,mixed,lat->FB,lat,FB,0,2,2,109,3,2.797,10500,96.33,PVLP.LO,4,2,2,"[AVLPL4, PVLPL4] -> PVLP.LOL4 -> [LO.PVLPL3, ME.LOL3]",AVLP,4,PVLP,4,LO.PVLP,3,ME.LO,3
47232072,mixed,lat->FB,lat,FB,0,2,2,109,3,2.752,20501,188.083,PVLP.LO,4,2,2,"[LO.AVLPL4, LO.PVLPL4] -> PVLP.LOL4 -> [MEL3, ME.LOL3]",LO.AVLP,4,LO.PVLP,4,ME,3,ME.LO,3
46742816,mixed,lat->FB,lat,FB,0,2,2,109,2,1.997,12043,110.486,PVLP.LO,4,2,2,"[GNG.AVLPL4, LO.PVLPL4] -> PVLP.LOL4 -> [LOL3, ME.LOL3]",GNG.AVLP,4,LO.PVLP,4,LO,3,ME.LO,3
44893700,mixed,lat->FB,lat,FB,0,2,2,109,2,1.985,10461,95.972,PVLP.LO,4,2,2,"[AVLP.PVLPL4, LO.PVLPL4] -> PVLP.LOL4 -> [LO.PVLPL3, ME.LOL3]",AVLP.PVLP,4,LO.PVLP,4,LO.PVLP,3,ME.LO,3
44893700,mixed,lat->FB,lat,FB,0,2,2,109,2,1.985,10467,96.028,PVLP.LO,4,2,2,"[IPS.SPSL4, LO.PVLPL4] -> PVLP.LOL4 -> [LO.PVLPL3, ME.LOL3]",IPS.SPS,4,LO.PVLP,4,LO.PVLP,3,ME.LO,3
44893700,mixed,lat->FB,lat,FB,0,2,2,109,2,1.985,10670,97.89,PVLP.LO,4,2,2,"[LO.PVLPL4, PLPL4] -> PVLP.LOL4 -> [LO.PVLPL3, ME.LOL3]",LO.PVLP,4,PLP,4,LO.PVLP,3,ME.LO,3
44893700,mixed,lat->FB,lat,FB,0,2,2,109,2,1.985,10453,95.899,PVLP.LO,4,2,2,"[LO.PVLPL4, PLP.PVLPL4] -> PVLP.LOL4 -> [LO.PVLPL3, ME.LOL3]",LO.PVLP,4,PLP.PVLP,4,LO.PVLP,3,ME.LO,3
43846418,mixed,lat->FB,lat,FB,0,2,2,109,2,1.975,10452,95.89,PVLP.LO,4,2,2,"[IPS.PLPL4, LO.PVLPL4] -> PVLP.LOL4 -> [LO.PVLPL3, ME.LOL3]",IPS.PLP,4,LO.PVLP,4,LO.PVLP,3,ME.LO,3
43846418,mixed,lat->FB,lat,FB,0,2,2,109,2,1.975,10460,95.963,PVLP.LO,4,2,2,"[LO.PVLPL4, PLP.AVLPL4] -> PVLP.LOL4 -> [LO.PVLPL3, ME.LOL3]",LO.PVLP,4,PLP.AVLP,4,LO.PVLP,3,ME.LO,3
42466482,mixed,lat->FB,lat,FB,0,2,2,109,3,2.962,12426,114.0,PVLP.LO,4,2,2,"[LO.PVLPL4, PVLPL4] -> PVLP.LOL4 -> [LO.PVLPL3, MEL3]",LO.PVLP,4,PVLP,4,LO.PVLP,3,ME,3
41049480,mixed,lat->FB,lat,FB,0,2,2,109,1,1.0,10532,96.624,PVLP.LO,4,2,2,"[AVLP.ICLL4, LO.PVLPL4] -> PVLP.LOL4 -> [LO.PVLPL3, ME.LOL3]",AVLP.ICL,4,LO.PVLP,4,LO.PVLP,3,ME.LO,3
40002198,mixed,lat->FB,lat,FB,0,2,2,109,2,1.999,10453,95.899,PVLP.LO,4,2,2,"[GNG.ICLL4, LO.PVLPL4] -> PVLP.LOL4 -> [LO.PVLPL3, ME.LOL3]",GNG.ICL,4,LO.PVLP,4,LO.PVLP,3,ME.LO,3
38954916,mixed,lat->FB,lat,FB,0,2,2,109,1,1.0,10449,95.862,PVLP.LO,4,2,2,"[AVLP.PLPL4, LO.PVLPL4] -> PVLP.LOL4 -> [LO.PVLPL3, ME.LOL3]",AVLP.PLP,4,LO.PVLP,4,LO.PVLP,3,ME.LO,3
38954916,mixed,lat->FB,lat,FB,0,2,2,109,1,1.0,10447,95.844,PVLP.LO,4,2,2,"[LO.PVLPL4, WED.PVLPL4] -> PVLP.LOL4 -> [LO.PVLPL3, ME.LOL3]",LO.PVLP,4,WED.PVLP,4,LO.PVLP,3,ME.LO,3
35507776,mixed,lat->FB,lat,FB,0,2,2,109,2,1.762,12048,110.532,PVLP.LO,4,2,2,"[LO.PVLPL4, WED.AVLPL4] -> PVLP.LOL4 -> [LOL3, ME.LOL3]",LO.PVLP,4,WED.AVLP,4,LO,3,ME.LO,3
30607911,mixed,lat->FB,lat,FB,0,2,2,109,3,2.816,14654,134.44,PVLP.LO,4,2,2,"[AVLPL4, LO.PVLPL4] -> PVLP.LOL4 -> [LOL3, MEL3]",AVLP,4,LO.PVLP,4,LO,3,ME,3
30468608,mixed,lat->FB,lat,FB,0,2,2,109,3,2.72,12076,110.789,PVLP.LO,4,2,2,"[AVLPL4, PVLPL4] -> PVLP.LOL4 -> [LOL3, ME.LOL3]",AVLP,4,PVLP,4,LO,3,ME.LO,3
30304440,mixed,lat->FB,lat,FB,0,2,2,109,2,1.993,20470,187.798,PVLP.LO,4,2,2,"[GNG.AVLPL4, LO.PVLPL4] -> PVLP.LOL4 -> [MEL3, ME.LOL3]",GNG.AVLP,4,LO.PVLP,4,ME,3,ME.LO,3
26151552,mixed,lat->FB,lat,FB,0,2,2,109,1,1.0,12025,110.321,PVLP.LO,4,2,2,"[AVLP.PLPL4, LO.PVLPL4] -> PVLP.LOL4 -> [LOL3, ME.LOL3]",AVLP.PLP,4,LO.PVLP,4,LO,3,ME.LO,3
26151552,mixed,lat->FB,lat,FB,0,2,2,109,1,1.0,12023,110.303,PVLP.LO,4,2,2,"[LO.PVLPL4, WED.PVLPL4] -> PVLP.LOL4 -> [LOL3, ME.LOL3]",LO.PVLP,4,WED.PVLP,4,LO,3,ME.LO,3
25212144,mixed,lat->FB,lat,FB,0,2,2,109,2,1.997,12029,110.358,PVLP.LO,4,2,2,"[GNG.ICLL4, LO.PVLPL4] -> PVLP.LOL4 -> [LOL3, ME.LOL3]",GNG.ICL,4,LO.PVLP,4,LO,3,ME.LO,3
25112658,mixed,lat->FB,lat,FB,0,2,2,109,3,2.66,10562,96.899,PVLP.LO,4,2,2,"[AVLPL4, LO.PVLPL4] -> PVLP.LOL4 -> [ME.LOL3, PVLP.LOL3]",AVLP,4,LO.PVLP,4,ME.LO,3,PVLP.LO,3
24310816,mixed,lat->FB,lat,FB,0,2,2,109,2,1.989,12028,110.349,PVLP.LO,4,2,2,"[IPS.PLPL4, LO.PVLPL4] -> PVLP.LOL4 -> [LOL3, ME.LOL3]",IPS.PLP,4,LO.PVLP,4,LO,3,ME.LO,3
24310816,mixed,lat->FB,lat,FB,0,2,2,109,2,1.989,12036,110.422,PVLP.LO,4,2,2,"[LO.PVLPL4, PLP.AVLPL4] -> PVLP.LOL4 -> [LOL3, ME.LOL3]",LO.PVLP,4,PLP.AVLP,4,LO,3,ME.LO,3
24272736,mixed,lat->FB,lat,FB,0,2,2,109,1,1.0,12108,111.083,PVLP.LO,4,2,2,"[AVLP.ICLL4, LO.PVLPL4] -> PVLP.LOL4 -> [LOL3, ME.LOL3]",AVLP.ICL,4,LO.PVLP,4,LO,3,ME.LO,3
23998981,mixed,lat->FB,lat,FB,0,2,2,109,6,2.991,14002,128.459,PVLP.LO,4,2,2,"[LO.PVLPL4, PVLPL4] -> PVLP.LOL4 -> [LOL3, MEL3]",LO.PVLP,4,PVLP,4,LO,3,ME,3
23640482,mixed,lat->FB,lat,FB,0,2,2,109,4,2.219,3930,36.055,PVLP.LO,4,2,2,"[LO.PVLPL4, PVLP.AVLPL4] -> PVLP.LOL4 -> [LOL3, LO.PVLPL3]",LO.PVLP,4,PVLP.AVLP,4,LO,3,LO.PVLP,3
23371408,mixed,lat->FB,lat,FB,0,2,2,109,2,1.997,12037,110.431,PVLP.LO,4,2,2,"[AVLP.PVLPL4, LO.PVLPL4] -> PVLP.LOL4 -> [LOL3, ME.LOL3]",AVLP.PVLP,4,LO.PVLP,4,LO,3,ME.LO,3
23371408,mixed,lat->FB,lat,FB,0,2,2,109,2,1.997,12043,110.486,PVLP.LO,4,2,2,"[IPS.SPSL4, LO.PVLPL4] -> PVLP.LOL4 -> [LOL3, ME.LOL3]",IPS.SPS,4,LO.PVLP,4,LO,3,ME.LO,3
23371408,mixed,lat->FB,lat,FB,0,2,2,109,2,1.997,12246,112.349,PVLP.LO,4,2,2,"[LO.PVLPL4, PLPL4] -> PVLP.LOL4 -> [LOL3, ME.LOL3]",LO.PVLP,4,PLP,4,LO,3,ME.LO,3
23371408,mixed,lat->FB,lat,FB,0,2,2,109,2,1.997,12029,110.358,PVLP.LO,4,2,2,"[LO.PVLPL4, PLP.PVLPL4] -> PVLP.LOL4 -> [LOL3, ME.LOL3]",LO.PVLP,4,PLP.PVLP,4,LO,3,ME.LO,3
23183640,mixed,lat->FB,lat,FB,0,2,2,109,2,1.741,20475,187.844,PVLP.LO,4,2,2,"[LO.PVLPL4, WED.AVLPL4] -> PVLP.LOL4 -> [MEL3, ME.LOL3]",LO.PVLP,4,WED.AVLP,4,ME,3,ME.LO,3
22491978,mixed,lat->FB,lat,FB,0,2,2,1160,24,1.0,12156,10.479,LO,4,2,2,"[LO.PLPL4, ME.LOL4] -> LOL4 -> [LOL3, ME.LOL3]",LO.PLP,4,ME.LO,4,LO,3,ME.LO,3
20946648,mixed,lat->FB,lat,FB,0,2,2,109,3,2.486,9910,90.917,PVLP.LO,4,2,2,"[LO.PVLPL4, PVLPL4] -> PVLP.LOL4 -> [ME.LOL3, PVLP.LOL3]",LO.PVLP,4,PVLP,4,ME.LO,3,PVLP.LO,3
20524740,mixed,lat->FB,lat,FB,0,2,2,109,1,1.0,10496,96.294,PVLP.LO,4,2,2,"[LH.AVLPL4, LO.PVLPL4] -> PVLP.LOL4 -> [LO.PVLPL3, ME.LOL3]",LH.AVLP,4,LO.PVLP,4,LO.PVLP,3,ME.LO,3
20524740,mixed,lat->FB,lat,FB,0,2,2,109,1,1.0,11602,106.44,PVLP.LO,4,2,2,"[LOL4, LO.PVLPL4] -> PVLP.LOL4 -> [LO.PVLPL3, ME.LOL3]",LO,4,LO.PVLP,4,LO.PVLP,3,ME.LO,3
19477458,mixed,lat->FB,lat,FB,0,2,2,109,1,1.0,10459,95.954,PVLP.LO,4,2,2,"[LO.PVLPL4, ME.AVLPL4] -> PVLP.LOL4 -> [LO.PVLPL3, ME.LOL3]",LO.PVLP,4,ME.AVLP,4,LO.PVLP,3,ME.LO,3
19477458,mixed,lat->FB,lat,FB,0,2,2,109,1,1.0,10444,95.817,PVLP.LO,4,2,2,"[LO.PVLPL4, ME.PVLPL4] -> PVLP.LOL4 -> [LO.PVLPL3, ME.LOL3]",LO.PVLP,4,ME.PVLP,4,LO.PVLP,3,ME.LO,3
19477458,mixed,lat->FB,lat,FB,0,2,2,109,1,1.0,10488,96.22,PVLP.LO,4,2,2,"[LO.PVLPL4, WEDL4] -> PVLP.LOL4 -> [LO.PVLPL3, ME.LOL3]",LO.PVLP,4,WED,4,LO.PVLP,3,ME.LO,3
17160408,mixed,lat->FB,lat,FB,0,2,2,109,3,2.471,20503,188.101,PVLP.LO,4,2,2,"[AVLPL4, PVLPL4] -> PVLP.LOL4 -> [MEL3, ME.LOL3]",AVLP,4,PVLP,4,ME,3,ME.LO,3
16760366,mixed,lat->FB,lat,FB,0,2,2,109,3,2.296,10431,95.697,PVLP.LO,4,2,2,"[AVLPL4, PVLP.AVLPL4] -> PVLP.LOL4 -> [LO.PVLPL3, ME.LOL3]",AVLP,4,PVLP.AVLP,4,LO.PVLP,3,ME.LO,3
16082785,mixed,lat->FB,lat,FB,0,2,2,109,5,2.774,3916,35.927,PVLP.LO,4,2,2,"[LO.AVLPL4, LO.PVLPL4] -> PVLP.LOL4 -> [LOL3, LO.PVLPL3]",LO.AVLP,4,LO.PVLP,4,LO,3,LO.PVLP,3
16062840,mixed,lat->FB,lat,FB,0,2,2,109,1,1.0,20535,188.394,PVLP.LO,4,2,2,"[AVLP.ICLL4, LO.PVLPL4] -> PVLP.LOL4 -> [MEL3, ME.LOL3]",AVLP.ICL,4,LO.PVLP,4,ME,3,ME.LO,3
15743816,mixed,lat->FB,lat,FB,0,2,2,1160,5,1.0,12030,10.371,LO,4,2,2,"[LO.SPSL4, ME.LOL4] -> LOL4 -> [LOL3, ME.LOL3]",LO.SPS,4,ME.LO,4,LO,3,ME.LO,3
15152220,mixed,lat->FB,lat,FB,0,2,2,109,2,1.993,20464,187.743,PVLP.LO,4,2,2,"[AVLP.PVLPL4, LO.PVLPL4] -> PVLP.LOL4 -> [MEL3, ME.LOL3]",AVLP.PVLP,4,LO.PVLP,4,ME,3,ME.LO,3
15152220,mixed,lat->FB,lat,FB,0,2,2,109,2,1.993,20470,187.798,PVLP.LO,4,2,2,"[IPS.SPSL4, LO.PVLPL4] -> PVLP.LOL4 -> [MEL3, ME.LOL3]",IPS.SPS,4,LO.PVLP,4,ME,3,ME.LO,3
15152220,mixed,lat->FB,lat,FB,0,2,2,109,2,1.993,20673,189.661,PVLP.LO,4,2,2,"[LO.PVLPL4, PLPL4] -> PVLP.LOL4 -> [MEL3, ME.LOL3]",LO.PVLP,4,PLP,4,ME,3,ME.LO,3
15152220,mixed,lat->FB,lat,FB,0,2,2,109,2,1.993,20456,187.67,PVLP.LO,4,2,2,"[LO.PVLPL4, PLP.PVLPL4] -> PVLP.LOL4 -> [MEL3, ME.LOL3]",LO.PVLP,4,PLP.PVLP,4,ME,3,ME.LO,3
14435136,mixed,lat->FB,lat,FB,0,2,2,109,3,2.07,12357,113.367,PVLP.LO,4,2,2,"[LO.PVLPL4, PVLP.AVLPL4] -> PVLP.LOL4 -> [LO.PVLPL3, MEL3]",LO.PVLP,4,PVLP.AVLP,4,LO.PVLP,3,ME,3
13230262,mixed,lat->FB,lat,FB,0,2,2,1160,10,1.0,3998,3.447,LO,4,2,2,"[LO.PLPL4, ME.LOL4] -> LOL4 -> [LOL3, LO.PVLPL3]",LO.PLP,4,ME.LO,4,LO,3,LO.PVLP,3
13213512,mixed,lat->FB,lat,FB,0,2,2,109,3,2.226,9779,89.716,PVLP.LO,4,2,2,"[PVLPL4, PVLP.AVLPL4] -> PVLP.LOL4 -> [LO.PVLPL3, ME.LOL3]",PVLP,4,PVLP.AVLP,4,LO.PVLP,3,ME.LO,3
13075776,mixed,lat->FB,lat,FB,0,2,2,109,1,1.0,12035,110.413,PVLP.LO,4,2,2,"[LO.PVLPL4, ME.AVLPL4] -> PVLP.LOL4 -> [LOL3, ME.LOL3]",LO.PVLP,4,ME.AVLP,4,LO,3,ME.LO,3
13075776,mixed,lat->FB,lat,FB,0,2,2,109,1,1.0,12020,110.275,PVLP.LO,4,2,2,"[LO.PVLPL4, ME.PVLPL4] -> PVLP.LOL4 -> [LOL3, ME.LOL3]",LO.PVLP,4,ME.PVLP,4,LO,3,ME.LO,3
13075776,mixed,lat->FB,lat,FB,0,2,2,109,1,1.0,12064,110.679,PVLP.LO,4,2,2,"[LO.PVLPL4, WEDL4] -> PVLP.LOL4 -> [LOL3, ME.LOL3]",LO.PVLP,4,WED,4,LO,3,ME.LO,3
12934836,mixed,lat->FB,lat,FB,0,2,2,109,2,1.89,20456,187.67,PVLP.LO,4,2,2,"[GNG.ICLL4, LO.PVLPL4] -> PVLP.LOL4 -> [MEL3, ME.LOL3]",GNG.ICL,4,LO.PVLP,4,ME,3,ME.LO,3
12839580,mixed,lat->FB,lat,FB,0,2,2,139,1,1.0,3086,22.201,PVLP,4,2,2,"[LOL4, LO.PVLPL4] -> PVLPL4 -> [LO.PVLPL3, LOP.PLPL3]",LO,4,LO.PVLP,4,LO.PVLP,3,LOP.PLP,3
12136382,mixed,lat->FB,lat,FB,0,2,2,109,3,1.0,13178,120.899,PVLP.LO,4,2,2,"[LOL4, LO.PVLPL4] -> PVLP.LOL4 -> [LOL3, ME.LOL3]",LO,4,LO.PVLP,4,LO,3,ME.LO,3
12136368,mixed,lat->FB,lat,FB,0,2,2,109,1,1.0,12072,110.752,PVLP.LO,4,2,2,"[LH.AVLPL4, LO.PVLPL4] -> PVLP.LOL4 -> [LOL3, ME.LOL3]",LH.AVLP,4,LO.PVLP,4,LO,3,ME.LO,3
12024216,mixed,lat->FB,lat,FB,0,2,2,109,2,1.934,20455,187.661,PVLP.LO,4,2,2,"[IPS.PLPL4, LO.PVLPL4] -> PVLP.LOL4 -> [MEL3, ME.LOL3]",IPS.PLP,4,LO.PVLP,4,ME,3,ME.LO,3
12024216,mixed,lat->FB,lat,FB,0,2,2,109,2,1.934,20463,187.734,PVLP.LO,4,2,2,"[LO.PVLPL4, PLP.AVLPL4] -> PVLP.LOL4 -> [MEL3, ME.LOL3]",LO.PVLP,4,PLP.AVLP,4,ME,3,ME.LO,3
10495808,mixed,lat->FB,lat,FB,0,2,2,1160,2,1.0,11530,9.94,LO,4,2,2,"[LO.PLPL4, LO.SPSL4] -> LOL4 -> [LOL3, ME.LOL3]",LO.PLP,4,LO.SPS,4,LO,3,ME.LO,3
10215016,mixed,lat->FB,lat,FB,0,2,2,109,3,2.882,10417,95.569,PVLP.LO,4,2,2,"[AVLPL4, LO.AVLPL4] -> PVLP.LOL4 -> [LO.PVLPL3, ME.LOL3]",AVLP,4,LO.AVLP,4,LO.PVLP,3,ME.LO,3
10010520,mixed,lat->FB,lat,FB,0,2,2,139,1,1.0,2223,15.993,PVLP,4,2,2,"[LO.PVLPL4, LOP.PLPL4] -> PVLPL4 -> [LO.PVLPL3, LOP.PLPL3]",LO.PVLP,4,LOP.PLP,4,LO.PVLP,3,LOP.PLP,3
9806832,mixed,lat->FB,lat,FB,0,2,2,109,1,1.0,20452,187.633,PVLP.LO,4,2,2,"[AVLP.PLPL4, LO.PVLPL4] -> PVLP.LOL4 -> [MEL3, ME.LOL3]",AVLP.PLP,4,LO.PVLP,4,ME,3,ME.LO,3
9806832,mixed,lat->FB,lat,FB,0,2,2,109,1,1.0,20450,187.615,PVLP.LO,4,2,2,"[LO.PVLPL4, WED.PVLPL4] -> PVLP.LOL4 -> [MEL3, ME.LOL3]",LO.PVLP,4,WED.PVLP,4,ME,3,ME.LO,3
9415692,mixed,lat->FB,lat,FB,0,2,2,139,1,1.0,2391,17.201,PVLP,4,2,2,"[LOL4, LO.PVLPL4] -> PVLPL4 -> [LOP.PLPL3, LOP.PVLPL3]",LO,4,LO.PVLP,4,LOP.PLP,3,LOP.PVLP,3
9262312,mixed,lat->FB,lat,FB,0,2,2,1160,3,1.0,3872,3.338,LO,4,2,2,"[LO.SPSL4, ME.LOL4] -> LOL4 -> [LOL3, LO.PVLPL3]",LO.SPS,4,ME.LO,4,LO,3,LO.PVLP,3
9078999,mixed,lat->FB,lat,FB,0,2,2,1516,18,3.167,1986,1.31,AVLP,5,2,2,"[PVLPL5, PVLP.AVLPL5] -> AVLPL5 -> [AVLPL4, LO.PVLPL4]",PVLP,5,PVLP.AVLP,5,AVLP,4,LO.PVLP,4
9033888,mixed,lat->FB,lat,FB,0,2,2,109,3,2.314,12007,110.156,PVLP.LO,4,2,2,"[AVLPL4, PVLP.AVLPL4] -> PVLP.LOL4 -> [LOL3, ME.LOL3]",AVLP,4,PVLP.AVLP,4,LO,3,ME.LO,3
8922420,mixed,lat->FB,lat,FB,0,2,2,139,1,1.0,1975,14.209,PVLP,4,2,2,"[LO.PVLPL4, LOP.PVLPL4] -> PVLPL4 -> [LO.PVLPL3, LOP.PLPL3]",LO.PVLP,4,LOP.PVLP,4,LO.PVLP,3,LOP.PLP,3
8816022,mixed,lat->FB,lat,FB,0,2,2,109,3,2.641,12343,113.239,PVLP.LO,4,2,2,"[LO.AVLPL4, LO.PVLPL4] -> PVLP.LOL4 -> [LO.PVLPL3, MEL3]",LO.AVLP,4,LO.PVLP,4,LO.PVLP,3,ME,3
8300448,mixed,lat->FB,lat,FB,0,2,2,109,3,2.825,9765,89.587,PVLP.LO,4,2,2,"[LO.AVLPL4, PVLPL4] -> PVLP.LOL4 -> [LO.PVLPL3, ME.LOL3]",LO.AVLP,4,PVLP,4,LO.PVLP,3,ME.LO,3
8262211,mixed,lat->FB,lat,FB,0,2,2,1160,8,1.0,10580,9.121,LO,4,2,2,"[LO.PLPL4, ME.LOL4] -> LOL4 -> [LO.PVLPL3, ME.LOL3]",LO.PLP,4,ME.LO,4,LO.PVLP,3,ME.LO,3
8207889,mixed,lat->FB,lat,FB,0,2,2,21,10,1.153,2611,124.333,SLP.LH,4,2,2,"[LH.SLPL4, SLPL4] -> SLP.LHL4 -> [LHL3, LH.SLPL3]",LH.SLP,4,SLP,4,LH,3,LH.SLP,3
8048580,mixed,lat->FB,lat,FB,0,2,2,109,2,1.945,3885,35.642,PVLP.LO,4,2,2,"[GNG.AVLPL4, LO.PVLPL4] -> PVLP.LOL4 -> [LOL3, LO.PVLPL3]",GNG.AVLP,4,LO.PVLP,4,LO,3,LO.PVLP,3
8031420,mixed,lat->FB,lat,FB,0,2,2,109,1,1.0,20499,188.064,PVLP.LO,4,2,2,"[LH.AVLPL4, LO.PVLPL4] -> PVLP.LOL4 -> [MEL3, ME.LOL3]",LH.AVLP,4,LO.PVLP,4,ME,3,ME.LO,3
8031420,mixed,lat->FB,lat,FB,0,2,2,109,1,1.0,21605,198.211,PVLP.LO,4,2,2,"[LOL4, LO.PVLPL4] -> PVLP.LOL4 -> [MEL3, ME.LOL3]",LO,4,LO.PVLP,4,ME,3,ME.LO,3
7456302,mixed,lat->FB,lat,FB,0,2,2,109,3,2.282,13933,127.826,PVLP.LO,4,2,2,"[LO.PVLPL4, PVLP.AVLPL4] -> PVLP.LOL4 -> [LOL3, MEL3]",LO.PVLP,4,PVLP.AVLP,4,LO,3,ME,3
7341048,mixed,lat->FB,lat,FB,0,2,2,139,1,1.0,1528,10.993,PVLP,4,2,2,"[LO.PVLPL4, LOP.PLPL4] -> PVLPL4 -> [LOP.PLPL3, LOP.PVLPL3]",LO.PVLP,4,LOP.PLP,4,LOP.PLP,3,LOP.PVLP,3
7259314,mixed,lat->FB,lat,FB,0,2,2,109,3,2.607,10682,98.0,PVLP.LO,4,2,2,"[AVLPL4, LO.PVLPL4] -> PVLP.LOL4 -> [LO.MEL3, ME.LOL3]",AVLP,4,LO.PVLP,4,LO.ME,3,ME.LO,3
7259314,mixed,lat->FB,lat,FB,0,2,2,109,3,2.607,10580,97.064,PVLP.LO,4,2,2,"[AVLPL4, LO.PVLPL4] -> PVLP.LOL4 -> [ME.LOL3, PVLPL3]",AVLP,4,LO.PVLP,4,ME.LO,3,PVLP,3
6929088,mixed,lat->FB,lat,FB,0,2,2,109,3,2.415,11355,104.174,PVLP.LO,4,2,2,"[PVLPL4, PVLP.AVLPL4] -> PVLP.LOL4 -> [LOL3, ME.LOL3]",PVLP,4,PVLP.AVLP,4,LO,3,ME.LO,3
6847776,mixed,lat->FB,lat,FB,0,2,2,139,1,1.0,3457,24.871,PVLP,4,2,2,"[LOL4, LO.PVLPL4] -> PVLPL4 -> [LOPL3, LOP.PLPL3]",LO,4,LO.PVLP,4,LOP,3,LOP.PLP,3
6543108,mixed,lat->FB,lat,FB,0,2,2,139,1,1.0,1280,9.209,PVLP,4,2,2,"[LO.PVLPL4, LOP.PVLPL4] -> PVLPL4 -> [LOP.PLPL3, LOP.PVLPL3]",LO.PVLP,4,LOP.PVLP,4,LOP.PLP,3,LOP.PVLP,3
6521788,mixed,lat->FB,lat,FB,0,2,2,109,2,1.895,10386,95.284,PVLP.LO,4,2,2,"[AVLPL4, GNG.AVLPL4] -> PVLP.LOL4 -> [LO.PVLPL3, ME.LOL3]",AVLP,4,GNG.AVLP,4,LO.PVLP,3,ME.LO,3
6174045,mixed,lat->FB,lat,FB,0,2,2,1160,2,1.0,3372,2.907,LO,4,2,2,"[LO.PLPL4, LO.SPSL4] -> LOL4 -> [LOL3, LO.PVLPL3]",LO.PLP,4,LO.SPS,4,LO,3,LO.PVLP,3
5783553,mixed,lat->FB,lat,FB,0,2,2,1160,3,1.0,10454,9.012,LO,4,2,2,"[LO.SPSL4, ME.LOL4] -> LOL4 -> [LO.PVLPL3, ME.LOL3]",LO.SPS,4,ME.LO,4,LO.PVLP,3,ME.LO,3
5748720,mixed,lat->FB,lat,FB,0,2,2,109,3,2.913,11993,110.028,PVLP.LO,4,2,2,"[AVLPL4, LO.AVLPL4] -> PVLP.LOL4 -> [LOL3, ME.LOL3]",AVLP,4,LO.AVLP,4,LO,3,ME.LO,3
5697770,mixed,lat->FB,lat,FB,0,2,2,109,2,1.941,3890,35.688,PVLP.LO,4,2,2,"[LO.PVLPL4, WED.AVLPL4] -> PVLP.LOL4 -> [LOL3, LO.PVLPL3]",LO.PVLP,4,WED.AVLP,4,LO,3,LO.PVLP,3
5683392,mixed,lat->FB,lat,FB,0,2,2,109,1,1.0,3867,35.477,PVLP.LO,4,2,2,"[AVLP.PLPL4, LO.PVLPL4] -> PVLP.LOL4 -> [LOL3, LO.PVLPL3]",AVLP.PLP,4,LO.PVLP,4,LO,3,LO.PVLP,3
5683392,mixed,lat->FB,lat,FB,0,2,2,109,1,1.0,3865,35.459,PVLP.LO,4,2,2,"[LO.PVLPL4, WED.PVLPL4] -> PVLP.LOL4 -> [LOL3, LO.PVLPL3]",LO.PVLP,4,WED.PVLP,4,LO,3,LO.PVLP,3
5646384,mixed,lat->FB,lat,FB,0,2,2,109,3,2.152,20434,187.468,PVLP.LO,4,2,2,"[AVLPL4, PVLP.AVLPL4] -> PVLP.LOL4 -> [MEL3, ME.LOL3]",AVLP,4,PVLP.AVLP,4,ME,3,ME.LO,3
5638034,mixed,lat->FB,lat,FB,0,2,2,21,8,1.078,1939,92.333,SLP.LH,4,2,2,"[LHL4, LH.SLPL4] -> SLP.LHL4 -> [LHL3, LH.SLPL3]",LH,4,LH.SLP,4,LH,3,LH.SLP,3
5517376,mixed,lat->FB,lat,FB,0,2,2,1516,9,4.499,2054,1.355,AVLP,5,2,2,"[AVLP.ICLL5, PVLP.AVLPL5] -> AVLPL5 -> [AVLPL4, LO.PVLPL4]",AVLP.ICL,5,PVLP.AVLP,5,AVLP,4,LO.PVLP,4
5516836,mixed,lat->FB,lat,FB,0,2,2,109,5,2.958,9928,91.083,PVLP.LO,4,2,2,"[LO.PVLPL4, PVLPL4] -> PVLP.LOL4 -> [ME.LOL3, PVLPL3]",LO.PVLP,4,PVLP,4,ME.LO,3,PVLP,3
5516824,mixed,lat->FB,lat,FB,0,2,2,109,3,2.958,10030,92.018,PVLP.LO,4,2,2,"[LO.PVLPL4, PVLPL4] -> PVLP.LOL4 -> [LO.MEL3, ME.LOL3]",LO.PVLP,4,PVLP,4,LO.ME,3,ME.LO,3
5435222,mixed,lat->FB,lat,FB,0,2,2,109,3,2.891,3918,35.945,PVLP.LO,4,2,2,"[AVLPL4, PVLPL4] -> PVLP.LOL4 -> [LOL3, LO.PVLPL3]",AVLP,4,PVLP,4,LO,3,LO.PVLP,3
5338944,mixed,lat->FB,lat,FB,0,2,2,139,1,1.0,2594,18.662,PVLP,4,2,2,"[LO.PVLPL4, LOP.PLPL4] -> PVLPL4 -> [LOPL3, LOP.PLPL3]",LO.PVLP,4,LOP.PLP,4,LOP,3,LOP.PLP,3
5275004,mixed,lat->FB,lat,FB,0,2,2,109,2,1.565,10391,95.33,PVLP.LO,4,2,2,"[AVLPL4, WED.AVLPL4] -> PVLP.LOL4 -> [LO.PVLPL3, ME.LOL3]",AVLP,4,WED.AVLP,4,LO.PVLP,3,ME.LO,3
5229570,mixed,lat->FB,lat,FB,0,2,2,109,3,2.473,9841,90.284,PVLP.LO,4,2,2,"[LO.PVLPL4, PVLP.AVLPL4] -> PVLP.LOL4 -> [ME.LOL3, PVLP.LOL3]",LO.PVLP,4,PVLP.AVLP,4,ME.LO,3,PVLP.LO,3
5221934,mixed,lat->FB,lat,FB,0,2,2,109,4,1.0,9917,90.982,PVLP.LO,4,2,2,"[LO.PVLPL4, PVLPL4] -> PVLP.LOL4 -> [LO.AVLPL3, ME.LOL3]",LO.PVLP,4,PVLP,4,LO.AVLP,3,ME.LO,3
5221920,mixed,lat->FB,lat,FB,0,2,2,109,1,1.0,10569,96.963,PVLP.LO,4,2,2,"[AVLPL4, LO.PVLPL4] -> PVLP.LOL4 -> [LO.AVLPL3, ME.LOL3]",AVLP,4,LO.PVLP,4,LO.AVLP,3,ME.LO,3
5194800,mixed,lat->FB,lat,FB,0,2,2,109,2,1.958,12312,112.954,PVLP.LO,4,2,2,"[GNG.AVLPL4, LO.PVLPL4] -> PVLP.LOL4 -> [LO.PVLPL3, MEL3]",GNG.AVLP,4,LO.PVLP,4,LO.PVLP,3,ME,3
5192506,mixed,lat->FB,lat,FB,0,2,2,109,2,1.982,3870,35.505,PVLP.LO,4,2,2,"[IPS.PLPL4, LO.PVLPL4] -> PVLP.LOL4 -> [LOL3, LO.PVLPL3]",IPS.PLP,4,LO.PVLP,4,LO,3,LO.PVLP,3
5192506,mixed,lat->FB,lat,FB,0,2,2,109,2,1.982,3878,35.578,PVLP.LO,4,2,2,"[LO.PVLPL4, PLP.AVLPL4] -> PVLP.LOL4 -> [LOL3, LO.PVLPL3]",LO.PVLP,4,PLP.AVLP,4,LO,3,LO.PVLP,3
4998175,mixed,lat->FB,lat,FB,0,2,2,1160,12,1.0,3508,3.024,LO,4,2,2,"[LO.PLPL4, ME.LOL4] -> LOL4 -> [LOL3, LO.PLPL3]",LO.PLP,4,ME.LO,4,LO,3,LO.PLP,3
4903416,mixed,lat->FB,lat,FB,0,2,2,109,1,1.0,20462,187.725,PVLP.LO,4,2,2,"[LO.PVLPL4, ME.AVLPL4] -> PVLP.LOL4 -> [MEL3, ME.LOL3]",LO.PVLP,4,ME.AVLP,4,ME,3,ME.LO,3
4903416,mixed,lat->FB,lat,FB,0,2,2,109,1,1.0,20447,187.587,PVLP.LO,4,2,2,"[LO.PVLPL4, ME.PVLPL4] -> PVLP.LOL4 -> [MEL3, ME.LOL3]",LO.PVLP,4,ME.PVLP,4,ME,3,ME.LO,3
4903416,mixed,lat->FB,lat,FB,0,2,2,109,1,1.0,20491,187.991,PVLP.LO,4,2,2,"[LO.PVLPL4, WEDL4] -> PVLP.LOL4 -> [MEL3, ME.LOL3]",LO.PVLP,4,WED,4,ME,3,ME.LO,3
4819941,mixed,lat->FB,lat,FB,0,2,2,109,3,2.441,2404,22.055,PVLP.LO,4,2,2,"[AVLPL4, LO.PVLPL4] -> PVLP.LOL4 -> [LO.PVLPL3, PVLP.LOL3]",AVLP,4,LO.PVLP,4,LO.PVLP,3,PVLP.LO,3
4801241,mixed,lat->FB,lat,FB,0,2,2,109,4,2.878,13919,127.697,PVLP.LO,4,2,2,"[LO.AVLPL4, LO.PVLPL4] -> PVLP.LOL4 -> [LOL3, MEL3]",LO.AVLP,4,LO.PVLP,4,LO,3,ME,3
4795408,mixed,lat->FB,lat,FB,0,2,2,109,2,1.997,9734,89.303,PVLP.LO,4,2,2,"[GNG.AVLPL4, PVLPL4] -> PVLP.LOL4 -> [LO.PVLPL3, ME.LOL3]",GNG.AVLP,4,PVLP,4,LO.PVLP,3,ME.LO,3
4758624,mixed,lat->FB,lat,FB,0,2,2,139,1,1.0,2346,16.878,PVLP,4,2,2,"[LO.PVLPL4, LOP.PVLPL4] -> PVLPL4 -> [LOPL3, LOP.PLPL3]",LO.PVLP,4,LOP.PVLP,4,LOP,3,LOP.PLP,3
4601568,mixed,lat->FB,lat,FB,0,2,2,109,3,2.972,11341,104.046,PVLP.LO,4,2,2,"[LO.AVLPL4, PVLPL4] -> PVLP.LOL4 -> [LOL3, ME.LOL3]",LO.AVLP,4,PVLP,4,LO,3,ME.LO,3
4515176,mixed,lat->FB,lat,FB,0,2,2,109,2,1.875,3871,35.514,PVLP.LO,4,2,2,"[GNG.ICLL4, LO.PVLPL4] -> PVLP.LOL4 -> [LOL3, LO.PVLPL3]",GNG.ICL,4,LO.PVLP,4,LO,3,LO.PVLP,3
4448955,mixed,lat->FB,lat,FB,0,2,2,39,4,1.0,3345,85.769,AVLP.PVLP,5,2,2,"[AVLPL5, PVLP.AVLPL5] -> AVLP.PVLPL5 -> [AVLPL4, LO.PVLPL4]",AVLP,5,PVLP.AVLP,5,AVLP,4,LO.PVLP,4
4347142,mixed,lat->FB,lat,FB,0,2,2,1516,10,2.057,2355,1.553,AVLP,5,2,2,"[PVLPL5, PVLP.AVLPL5] -> AVLPL5 -> [LOL4, LO.PVLPL4]",PVLP,5,PVLP.AVLP,5,LO,4,LO.PVLP,4
4279860,mixed,lat->FB,lat,FB,0,2,2,139,1,1.0,4662,33.54,PVLP,4,2,2,"[LOL4, LO.PVLPL4] -> PVLPL4 -> [LOL3, LOP.PLPL3]",LO,4,LO.PVLP,4,LO,3,LOP.PLP,3
4271616,mixed,lat->FB,lat,FB,0,2,2,109,3,2.252,19782,181.486,PVLP.LO,4,2,2,"[PVLPL4, PVLP.AVLPL4] -> PVLP.LOL4 -> [MEL3, ME.LOL3]",PVLP,4,PVLP.AVLP,4,ME,3,ME.LO,3
4169841,mixed,lat->FB,lat,FB,0,2,2,109,8,2.251,1752,16.073,PVLP.LO,4,2,2,"[LO.PVLPL4, PVLPL4] -> PVLP.LOL4 -> [LO.PVLPL3, PVLP.LOL3]",LO.PVLP,4,PVLP,4,LO.PVLP,3,PVLP.LO,3
4044948,mixed,lat->FB,lat,FB,0,2,2,109,3,2.65,9827,90.156,PVLP.LO,4,2,2,"[LO.AVLPL4, LO.PVLPL4] -> PVLP.LOL4 -> [ME.LOL3, PVLP.LOL3]",LO.AVLP,4,LO.PVLP,4,ME.LO,3,PVLP.LO,3
4028220,mixed,lat->FB,lat,FB,0,2,2,109,1,1.0,10451,95.881,PVLP.LO,4,2,2,"[AVLPL4, AVLP.ICLL4] -> PVLP.LOL4 -> [LO.PVLPL3, ME.LOL3]",AVLP,4,AVLP.ICL,4,LO.PVLP,3,ME.LO,3
4024309,mixed,lat->FB,lat,FB,0,2,2,109,8,1.945,3879,35.587,PVLP.LO,4,2,2,"[AVLP.PVLPL4, LO.PVLPL4] -> PVLP.LOL4 -> [LOL3, LO.PVLPL3]",AVLP.PVLP,4,LO.PVLP,4,LO,3,LO.PVLP,3
4024290,mixed,lat->FB,lat,FB,0,2,2,109,2,1.945,3885,35.642,PVLP.LO,4,2,2,"[IPS.SPSL4, LO.PVLPL4] -> PVLP.LOL4 -> [LOL3, LO.PVLPL3]",IPS.SPS,4,LO.PVLP,4,LO,3,LO.PVLP,3
4024290,mixed,lat->FB,lat,FB,0,2,2,109,2,1.945,4088,37.505,PVLP.LO,4,2,2,"[LO.PVLPL4, PLPL4] -> PVLP.LOL4 -> [LOL3, LO.PVLPL3]",LO.PVLP,4,PLP,4,LO,3,LO.PVLP,3
4024290,mixed,lat->FB,lat,FB,0,2,2,109,2,1.945,3871,35.514,PVLP.LO,4,2,2,"[LO.PVLPL4, PLP.PVLPL4] -> PVLP.LOL4 -> [LOL3, LO.PVLPL3]",LO.PVLP,4,PLP.PVLP,4,LO,3,LO.PVLP,3
3855600,mixed,lat->FB,lat,FB,0,2,2,1160,1,1.0,9954,8.581,LO,4,2,2,"[LO.PLPL4, LO.SPSL4] -> LOL4 -> [LO.PVLPL3, ME.LOL3]",LO.PLP,4,LO.SPS,4,LO.PVLP,3,ME.LO,3
3704850,mixed,lat->FB,lat,FB,0,2,2,109,2,1.926,12317,113.0,PVLP.LO,4,2,2,"[LO.PVLPL4, WED.AVLPL4] -> PVLP.LOL4 -> [LO.PVLPL3, MEL3]",LO.PVLP,4,WED.AVLP,4,LO.PVLP,3,ME,3
3680568,mixed,lat->FB,lat,FB,0,2,2,21,8,1.164,2589,123.286,SLP.LH,4,2,2,"[LHL4, SLPL4] -> SLP.LHL4 -> [LHL3, LH.SLPL3]",LH,4,SLP,4,LH,3,LH.SLP,3
3548624,mixed,lat->FB,lat,FB,0,2,2,109,2,1.838,9739,89.349,PVLP.LO,4,2,2,"[PVLPL4, WED.AVLPL4] -> PVLP.LOL4 -> [LO.PVLPL3, ME.LOL3]",PVLP,4,WED.AVLP,4,LO.PVLP,3,ME.LO,3
3531536,mixed,lat->FB,lat,FB,0,2,2,109,2,1.783,11962,109.743,PVLP.LO,4,2,2,"[AVLPL4, GNG.AVLPL4] -> PVLP.LOL4 -> [LOL3, ME.LOL3]",AVLP,4,GNG.AVLP,4,LO,3,ME.LO,3
3498650,mixed,lat->FB,lat,FB,0,2,2,1160,3,1.0,3382,2.916,LO,4,2,2,"[LO.SPSL4, ME.LOL4] -> LOL4 -> [LOL3, LO.PLPL3]",LO.SPS,4,ME.LO,4,LO,3,LO.PLP,3
3374234,mixed,lat->FB,lat,FB,0,2,2,1160,12,1.0,11932,10.286,LO,4,2,2,"[LOP.LOL4, ME.LOL4] -> LOL4 -> [LOL3, ME.LOL3]",LOP.LO,4,ME.LO,4,LO,3,ME.LO,3
3346960,mixed,lat->FB,lat,FB,0,2,2,109,1,1.0,3950,36.239,PVLP.LO,4,2,2,"[AVLP.ICLL4, LO.PVLPL4] -> PVLP.LOL4 -> [LOL3, LO.PVLPL3]",AVLP.ICL,4,LO.PVLP,4,LO,3,LO.PVLP,3
3336840,mixed,lat->FB,lat,FB,0,2,2,139,1,1.0,3799,27.331,PVLP,4,2,2,"[LO.PVLPL4, LOP.PLPL4] -> PVLPL4 -> [LOL3, LOP.PLPL3]",LO.PVLP,4,LOP.PLP,4,LO,3,LOP.PLP,3
3285108,mixed,lat->FB,lat,FB,0,2,2,109,3,2.659,20420,187.339,PVLP.LO,4,2,2,"[AVLPL4, LO.AVLPL4] -> PVLP.LOL4 -> [MEL3, ME.LOL3]",AVLP,4,LO.AVLP,4,ME,3,ME.LO,3
3260894,mixed,lat->FB,lat,FB,0,2,2,109,2,1.895,10380,95.229,PVLP.LO,4,2,2,"[AVLPL4, AVLP.PVLPL4] -> PVLP.LOL4 -> [LO.PVLPL3, ME.LOL3]",AVLP,4,AVLP.PVLP,4,LO.PVLP,3,ME.LO,3
3260894,mixed,lat->FB,lat,FB,0,2,2,109,2,1.895,10386,95.284,PVLP.LO,4,2,2,"[AVLPL4, IPS.SPSL4] -> PVLP.LOL4 -> [LO.PVLPL3, ME.LOL3]",AVLP,4,IPS.SPS,4,LO.PVLP,3,ME.LO,3
3260894,mixed,lat->FB,lat,FB,0,2,2,109,2,1.895,10589,97.147,PVLP.LO,4,2,2,"[AVLPL4, PLPL4] -> PVLP.LOL4 -> [LO.PVLPL3, ME.LOL3]",AVLP,4,PLP,4,LO.PVLP,3,ME.LO,3
3260894,mixed,lat->FB,lat,FB,0,2,2,109,2,1.895,10372,95.156,PVLP.LO,4,2,2,"[AVLPL4, PLP.PVLPL4] -> PVLP.LOL4 -> [LO.PVLPL3, ME.LOL3]",AVLP,4,PLP.PVLP,4,LO.PVLP,3,ME.LO,3
3237332,mixed,lat->FB,lat,FB,0,2,2,109,2,1.887,10372,95.156,PVLP.LO,4,2,2,"[AVLPL4, GNG.ICLL4] -> PVLP.LOL4 -> [LO.PVLPL3, ME.LOL3]",AVLP,4,GNG.ICL,4,LO.PVLP,3,ME.LO,3
3175380,mixed,lat->FB,lat,FB,0,2,2,139,1,1.0,2511,18.065,PVLP,4,2,2,"[LOL4, LOP.PLPL4] -> PVLPL4 -> [LO.PVLPL3, LOP.PLPL3]",LO,4,LOP.PLP,4,LO.PVLP,3,LOP.PLP,3
3121303,mixed,lat->FB,lat,FB,0,2,2,1160,12,1.0,10090,8.698,LO,4,2,2,"[LO.PLPL4, ME.LOL4] -> LOL4 -> [LO.PLPL3, ME.LOL3]",LO.PLP,4,ME.LO,4,LO.PLP,3,ME.LO,3
3091464,mixed,lat->FB,lat,FB,0,2,2,1516,10,4.407,1867,1.232,AVLP,5,2,2,"[PVLP.AVLPL5, WED.AVLPL5] -> AVLPL5 -> [AVLPL4, LO.PVLPL4]",PVLP.AVLP,5,WED.AVLP,5,AVLP,4,LO.PVLP,4
3087174,mixed,lat->FB,lat,FB,0,2,2,1160,7,1.0,14001,12.07,LO,4,2,2,"[LO.PLPL4, ME.LOL4] -> LOL4 -> [LOL3, MEL3]",LO.PLP,4,ME.LO,4,LO,3,ME,3
2995660,mixed,lat->FB,lat,FB,0,2,2,109,3,1.875,9696,88.954,PVLP.LO,4,2,2,"[LO.AVLPL4, PVLP.AVLPL4] -> PVLP.LOL4 -> [LO.PVLPL3, ME.LOL3]",LO.AVLP,4,PVLP.AVLP,4,LO.PVLP,3,ME.LO,3
2974140,mixed,lat->FB,lat,FB,0,2,2,139,1,1.0,3551,25.547,PVLP,4,2,2,"[LO.PVLPL4, LOP.PVLPL4] -> PVLPL4 -> [LOL3, LOP.PLPL3]",LO.PVLP,4,LOP.PVLP,4,LO,3,LOP.PLP,3
2956720,mixed,lat->FB,lat,FB,0,2,2,109,2,1.456,11967,109.789,PVLP.LO,4,2,2,"[AVLPL4, WED.AVLPL4] -> PVLP.LOL4 -> [LOL3, ME.LOL3]",AVLP,4,WED.AVLP,4,LO,3,ME.LO,3
2945718,mixed,lat->FB,lat,FB,0,2,2,109,3,2.846,12345,113.257,PVLP.LO,4,2,2,"[AVLPL4, PVLPL4] -> PVLP.LOL4 -> [LO.PVLPL3, MEL3]",AVLP,4,PVLP,4,LO.PVLP,3,ME,3
2923281,mixed,lat->FB,lat,FB,0,2,2,109,3,2.193,3980,36.514,PVLP.LO,4,2,2,"[AVLPL4, LO.PVLPL4] -> PVLP.LOL4 -> [LOL3, PVLP.LOL3]",AVLP,4,LO.PVLP,4,LO,3,PVLP.LO,3
2848320,mixed,lat->FB,lat,FB,0,2,2,109,1,1.0,9848,90.349,PVLP.LO,4,2,2,"[LO.PVLPL4, PVLP.AVLPL4] -> PVLP.LOL4 -> [LO.AVLPL3, ME.LOL3]",LO.PVLP,4,PVLP.AVLP,4,LO.AVLP,3,ME.LO,3
2841696,mixed,lat->FB,lat,FB,0,2,2,109,1,1.0,3877,35.569,PVLP.LO,4,2,2,"[LO.PVLPL4, ME.AVLPL4] -> PVLP.LOL4 -> [LOL3, LO.PVLPL3]",LO.PVLP,4,ME.AVLP,4,LO,3,LO.PVLP,3
2841696,mixed,lat->FB,lat,FB,0,2,2,109,1,1.0,3862,35.431,PVLP.LO,4,2,2,"[LO.PVLPL4, ME.PVLPL4] -> PVLP.LOL4 -> [LOL3, LO.PVLPL3]",LO.PVLP,4,ME.PVLP,4,LO,3,LO.PVLP,3
2841696,mixed,lat->FB,lat,FB,0,2,2,109,1,1.0,3906,35.835,PVLP.LO,4,2,2,"[LO.PVLPL4, WEDL4] -> PVLP.LOL4 -> [LOL3, LO.PVLPL3]",LO.PVLP,4,WED,4,LO,3,LO.PVLP,3
2830230,mixed,lat->FB,lat,FB,0,2,2,139,1,1.0,2263,16.281,PVLP,4,2,2,"[LOL4, LOP.PVLPL4] -> PVLPL4 -> [LO.PVLPL3, LOP.PLPL3]",LO,4,LOP.PVLP,4,LO.PVLP,3,LOP.PLP,3
2829060,mixed,lat->FB,lat,FB,0,2,2,139,1,1.0,1955,14.065,PVLP,4,2,2,"[LO.PVLPL4, LOP.SPSL4] -> PVLPL4 -> [LO.PVLPL3, LOP.PLPL3]",LO.PVLP,4,LOP.SPS,4,LO.PVLP,3,LOP.PLP,3
2808680,mixed,lat->FB,lat,FB,0,2,2,1516,9,4.104,2045,1.349,AVLP,5,2,2,"[AVLP.ICLL5, PVLPL5] -> AVLPL5 -> [AVLPL4, LO.PVLPL4]",AVLP.ICL,5,PVLP,5,AVLP,4,LO.PVLP,4
2726826,mixed,lat->FB,lat,FB,0,2,2,1516,12,2.384,1334,0.88,AVLP,5,2,2,"[PVLPL5, PVLP.AVLPL5] -> AVLPL5 -> [LO.PVLPL4, PVLPL4]",PVLP,5,PVLP.AVLP,5,LO.PVLP,4,PVLP,4
2683530,mixed,lat->FB,lat,FB,0,2,2,109,2,1.999,13888,127.413,PVLP.LO,4,2,2,"[GNG.AVLPL4, LO.PVLPL4] -> PVLP.LOL4 -> [LOL3, MEL3]",GNG.AVLP,4,LO.PVLP,4,LO,3,ME,3
2597400,mixed,lat->FB,lat,FB,0,2,2,109,2,1.958,12306,112.899,PVLP.LO,4,2,2,"[AVLP.PVLPL4, LO.PVLPL4] -> PVLP.LOL4 -> [LO.PVLPL3, MEL3]",AVLP.PVLP,4,LO.PVLP,4,LO.PVLP,3,ME,3
2597400,mixed,lat->FB,lat,FB,0,2,2,109,2,1.958,12312,112.954,PVLP.LO,4,2,2,"[IPS.SPSL4, LO.PVLPL4] -> PVLP.LOL4 -> [LO.PVLPL3, MEL3]",IPS.SPS,4,LO.PVLP,4,LO.PVLP,3,ME,3
2597400,mixed,lat->FB,lat,FB,0,2,2,109,2,1.958,12515,114.817,PVLP.LO,4,2,2,"[LO.PVLPL4, PLPL4] -> PVLP.LOL4 -> [LO.PVLPL3, MEL3]",LO.PVLP,4,PLP,4,LO.PVLP,3,ME,3
2597400,mixed,lat->FB,lat,FB,0,2,2,109,2,1.958,12298,112.826,PVLP.LO,4,2,2,"[LO.PVLPL4, PLP.PVLPL4] -> PVLP.LOL4 -> [LO.PVLPL3, MEL3]",LO.PVLP,4,PLP.PVLP,4,LO.PVLP,3,ME,3
2562192,mixed,lat->FB,lat,FB,0,2,2,109,3,2.819,19768,181.358,PVLP.LO,4,2,2,"[LO.AVLPL4, PVLPL4] -> PVLP.LOL4 -> [MEL3, ME.LOL3]",LO.AVLP,4,PVLP,4,ME,3,ME.LO,3
2555586,mixed,lat->FB,lat,FB,0,2,2,109,2,1.946,12297,112.817,PVLP.LO,4,2,2,"[IPS.PLPL4, LO.PVLPL4] -> PVLP.LOL4 -> [LO.PVLPL3, MEL3]",IPS.PLP,4,LO.PVLP,4,LO.PVLP,3,ME,3
2555586,mixed,lat->FB,lat,FB,0,2,2,109,2,1.946,12305,112.89,PVLP.LO,4,2,2,"[LO.PVLPL4, PLP.AVLPL4] -> PVLP.LOL4 -> [LO.PVLPL3, MEL3]",LO.PVLP,4,PLP.AVLP,4,LO.PVLP,3,ME,3
2522486,mixed,lat->FB,lat,FB,0,2,2,109,15,2.012,3328,30.532,PVLP.LO,4,2,2,"[LO.PVLPL4, PVLPL4] -> PVLP.LOL4 -> [LOL3, PVLP.LOL3]",LO.PVLP,4,PVLP,4,LO,3,PVLP.LO,3
2510720,mixed,lat->FB,lat,FB,0,2,2,109,2,1.986,11310,103.761,PVLP.LO,4,2,2,"[GNG.AVLPL4, PVLPL4] -> PVLP.LOL4 -> [LOL3, ME.LOL3]",GNG.AVLP,4,PVLP,4,LO,3,ME.LO,3
2491926,mixed,lat->FB,lat,FB,0,2,2,21,2,1.123,1640,78.095,SLP.LH,4,2,2,"[LH.SIPL4, LH.SLPL4] -> SLP.LHL4 -> [LHL3, LH.SLPL3]",LH.SIP,4,LH.SLP,4,LH,3,LH.SLP,3
2470006,mixed,lat->FB,lat,FB,0,2,2,109,2,2.0,10371,95.147,PVLP.LO,4,2,2,"[AVLPL4, IPS.PLPL4] -> PVLP.LOL4 -> [LO.PVLPL3, ME.LOL3]",AVLP,4,IPS.PLP,4,LO.PVLP,3,ME.LO,3
2470006,mixed,lat->FB,lat,FB,0,2,2,109,2,2.0,10379,95.22,PVLP.LO,4,2,2,"[AVLPL4, PLP.AVLPL4] -> PVLP.LOL4 -> [LO.PVLPL3, ME.LOL3]",AVLP,4,PLP.AVLP,4,LO.PVLP,3,ME.LO,3
2446444,mixed,lat->FB,lat,FB,0,2,2,109,1,1.0,10368,95.119,PVLP.LO,4,2,2,"[AVLPL4, AVLP.PLPL4] -> PVLP.LOL4 -> [LO.PVLPL3, ME.LOL3]",AVLP,4,AVLP.PLP,4,LO.PVLP,3,ME.LO,3
2446444,mixed,lat->FB,lat,FB,0,2,2,109,1,1.0,10366,95.101,PVLP.LO,4,2,2,"[AVLPL4, WED.PVLPL4] -> PVLP.LOL4 -> [LO.PVLPL3, ME.LOL3]",AVLP,4,WED.PVLP,4,LO.PVLP,3,ME.LO,3
2397712,mixed,lat->FB,lat,FB,0,2,2,109,3,1.997,9728,89.248,PVLP.LO,4,2,2,"[AVLP.PVLPL4, PVLPL4] -> PVLP.LOL4 -> [LO.PVLPL3, ME.LOL3]",AVLP.PVLP,4,PVLP,4,LO.PVLP,3,ME.LO,3
2397704,mixed,lat->FB,lat,FB,0,2,2,109,2,1.997,9734,89.303,PVLP.LO,4,2,2,"[IPS.SPSL4, PVLPL4] -> PVLP.LOL4 -> [LO.PVLPL3, ME.LOL3]",IPS.SPS,4,PVLP,4,LO.PVLP,3,ME.LO,3
2397704,mixed,lat->FB,lat,FB,0,2,2,109,2,1.997,9937,91.165,PVLP.LO,4,2,2,"[PLPL4, PVLPL4] -> PVLP.LOL4 -> [LO.PVLPL3, ME.LOL3]",PLP,4,PVLP,4,LO.PVLP,3,ME.LO,3
2397704,mixed,lat->FB,lat,FB,0,2,2,109,2,1.997,9720,89.174,PVLP.LO,4,2,2,"[PLP.PVLPL4, PVLPL4] -> PVLP.LOL4 -> [LO.PVLPL3, ME.LOL3]",PLP.PVLP,4,PVLP,4,LO.PVLP,3,ME.LO,3
2395250,mixed,lat->FB,lat,FB,0,2,2,39,4,1.0,2693,69.051,AVLP.PVLP,5,2,2,"[AVLPL5, PVLP.AVLPL5] -> AVLP.PVLPL5 -> [LO.PVLPL4, PVLPL4]",AVLP,5,PVLP.AVLP,5,LO.PVLP,4,PVLP,4
2387952,mixed,lat->FB,lat,FB,0,2,2,157,1,1.0,2851,18.159,PVLP,5,2,2,"[AVLPL5, PVLP.AVLPL5] -> PVLPL5 -> [LO.PVLPL4, LOP.PLPL4]",AVLP,5,PVLP.AVLP,5,LO.PVLP,4,LOP.PLP,4
2381904,mixed,lat->FB,lat,FB,0,2,2,109,1,1.0,12027,110.339,PVLP.LO,4,2,2,"[AVLPL4, AVLP.ICLL4] -> PVLP.LOL4 -> [LOL3, ME.LOL3]",AVLP,4,AVLP.ICL,4,LO,3,ME.LO,3
2375912,mixed,lat->FB,lat,FB,0,2,2,109,2,1.995,9719,89.165,PVLP.LO,4,2,2,"[IPS.PLPL4, PVLPL4] -> PVLP.LOL4 -> [LO.PVLPL3, ME.LOL3]",IPS.PLP,4,PVLP,4,LO.PVLP,3,ME.LO,3
2375912,mixed,lat->FB,lat,FB,0,2,2,109,2,1.995,9727,89.239,PVLP.LO,4,2,2,"[PLP.AVLPL4, PVLPL4] -> PVLP.LOL4 -> [LO.PVLPL3, ME.LOL3]",PLP.AVLP,4,PVLP,4,LO.PVLP,3,ME.LO,3
2332448,mixed,lat->FB,lat,FB,0,2,2,1160,2,1.0,2882,2.484,LO,4,2,2,"[LO.PLPL4, LO.SPSL4] -> LOL4 -> [LOL3, LO.PLPL3]",LO.PLP,4,LO.SPS,4,LO,3,LO.PLP,3
2328612,mixed,lat->FB,lat,FB,0,2,2,139,1,1.0,1816,13.065,PVLP,4,2,2,"[LOL4, LOP.PLPL4] -> PVLPL4 -> [LOP.PLPL3, LOP.PVLPL3]",LO,4,LOP.PLP,4,LOP.PLP,3,LOP.PVLP,3
36848358,mixed,FB->FF,FB,FF,2,2,0,2282,2,1.008,3852,1.688,LO,3,2,2,"[LO.LOPL4, MEL4] -> LOL3 -> [LOL4, ME.LOPL4]",LO.LOP,4,ME,4,LO,4,ME.LOP,4
33969114,mixed,FB->FF,FB,FF,2,2,0,2282,2,1.012,3852,1.688,LO,3,2,2,"[MEL4, ME.LOPL4] -> LOL3 -> [LOL4, LO.LOPL4]",ME,4,ME.LOP,4,LO,4,LO.LOP,4
32288532,mixed,FB->FF,FB,FF,2,2,0,2282,2,1.021,3852,1.688,LO,3,2,2,"[LOL4, MEL4] -> LOL3 -> [LO.LOPL4, ME.LOPL4]",LO,4,ME,4,LO.LOP,4,ME.LOP,4
3497486,mixed,FB->FF,FB,FF,2,2,0,2282,2,1.004,3852,1.688,LO,3,2,2,"[LO.LOPL4, ME.LOPL4] -> LOL3 -> [LOL4, MEL4]",LO.LOP,4,ME.LOP,4,LO,4,ME,4
3315584,mixed,FB->FF,FB,FF,2,2,0,2282,2,1.007,3852,1.688,LO,3,2,2,"[LOL4, LO.LOPL4] -> LOL3 -> [MEL4, ME.LOPL4]",LO,4,LO.LOP,4,ME,4,ME.LOP,4
3056056,mixed,FB->FF,FB,FF,2,2,0,2282,2,1.011,3852,1.688,LO,3,2,2,"[LOL4, ME.LOPL4] -> LOL3 -> [LO.LOPL4, MEL4]",LO,4,ME.LOP,4,LO.LOP,4,ME,4
2256345,mixed,FB->FF,FB,FF,2,2,0,35,1,1.0,3578,102.229,PVLP.LO,3,2,2,"[AVLPL4, LO.PVLPL4] -> PVLP.LOL3 -> [LOL4, ME.LOL4]",AVLP,4,LO.PVLP,4,LO,4,ME.LO,4
2082780,mixed,FB->FF,FB,FF,2,2,0,35,1,1.0,2926,83.6,PVLP.LO,3,2,2,"[LO.PVLPL4, PVLPL4] -> PVLP.LOL3 -> [LOL4, ME.LOL4]",LO.PVLP,4,PVLP,4,LO,4,ME.LO,4
1874250,mixed,FB->FF,FB,FF,2,2,0,12,1,1.0,1187,98.917,PLP.AVLP,3,2,2,"[LOP.PLPL4, LOP.SPSL4] -> PLP.AVLPL3 -> [AVLPL4, PVLP.AVLPL4]",LOP.PLP,4,LOP.SPS,4,AVLP,4,PVLP.AVLP,4
1617006,mixed,FB->FF,FB,FF,2,2,0,2282,2,1.223,2801,1.227,LO,3,2,2,"[MEL4, PVLP.LOL4] -> LOL3 -> [LO.LOPL4, ME.LOPL4]",ME,4,PVLP.LO,4,LO.LOP,4,ME.LOP,4
1606500,mixed,FB->FF,FB,FF,2,2,0,12,1,1.0,2277,189.75,PLP.AVLP,3,2,2,"[LOP.PLPL4, LOP.SPSL4] -> PLP.AVLPL3 -> [AVLPL4, LOL4]",LOP.PLP,4,LOP.SPS,4,AVLP,4,LO,4
1543816,mixed,FB->FF,FB,FF,2,2,0,35,2,1.0,2932,83.771,PVLP.LO,3,2,2,"[AVLPL4, LO.PVLPL4] -> PVLP.LOL3 -> [LOL4, PVLP.LOL4]",AVLP,4,LO.PVLP,4,LO,4,PVLP.LO,4
1425689,mixed,FB->FF,FB,FF,2,2,0,35,10,1.001,2280,65.143,PVLP.LO,3,2,2,"[LO.PVLPL4, PVLPL4] -> PVLP.LOL3 -> [LOL4, PVLP.LOL4]",LO.PVLP,4,PVLP,4,LO,4,PVLP.LO,4
1321580,mixed,FB->FF,FB,FF,2,2,0,4,1,1.0,1190,297.5,PVLP.AVLP,3,2,2,"[LO.PVLPL4, PVLPL4] -> PVLP.AVLPL3 -> [PVLP.AVLPL4, PVLP.LOL4]",LO.PVLP,4,PVLP,4,PVLP.AVLP,4,PVLP.LO,4
1316409,mixed,FB->FF,FB,FF,2,2,0,2282,2,1.027,3822,1.675,LO,3,2,2,"[MEL4, PVLP.LOL4] -> LOL3 -> [LOL4, LO.LOPL4]",ME,4,PVLP.LO,4,LO,4,LO.LOP,4
1290118,mixed,FB->FF,FB,FF,2,2,0,2282,2,1.039,2364,1.036,LO,3,2,2,"[LO.LOPL4, PVLP.LOL4] -> LOL3 -> [LOL4, ME.LOPL4]",LO.LOP,4,PVLP.LO,4,LO,4,ME.LOP,4
1256582,mixed,FB->FF,FB,FF,2,2,0,35,2,1.0,2962,84.629,PVLP.LO,3,2,2,"[AVLPL4, PVLPL4] -> PVLP.LOL3 -> [LOL4, LO.PVLPL4]",AVLP,4,PVLP,4,LO,4,LO.PVLP,4
1198346,mixed,FB->FF,FB,FF,2,2,0,2282,2,1.058,2364,1.036,LO,3,2,2,"[ME.LOPL4, PVLP.LOL4] -> LOL3 -> [LOL4, LO.LOPL4]",ME.LOP,4,PVLP.LO,4,LO,4,LO.LOP,4
1156828,mixed,FB->FF,FB,FF,2,2,0,2282,2,1.099,2364,1.036,LO,3,2,2,"[LOL4, PVLP.LOL4] -> LOL3 -> [LO.LOPL4, ME.LOPL4]",LO,4,PVLP.LO,4,LO.LOP,4,ME.LOP,4
1153656,mixed,FB->FF,FB,FF,2,2,0,12,2,1.908,1386,115.5,PLP.AVLP,3,2,2,"[LOP.PLPL4, PLPL4] -> PLP.AVLPL3 -> [AVLPL4, PVLP.AVLPL4]",LOP.PLP,4,PLP,4,AVLP,4,PVLP.AVLP,4
1150422,mixed,FB->FF,FB,FF,2,2,0,12,2,1.985,1175,97.917,PLP.AVLP,3,2,2,"[LOP.PLPL4, ME.AVLPL4] -> PLP.AVLPL3 -> [AVLPL4, PVLP.AVLPL4]",LOP.PLP,4,ME.AVLP,4,AVLP,4,PVLP.AVLP,4
1064700,mixed,FB->FF,FB,FF,2,2,0,4,1,1.0,1911,477.75,PVLP.AVLP,3,2,2,"[AVLPL4, LO.PVLPL4] -> PVLP.AVLPL3 -> [PVLPL4, PVLP.LOL4]",AVLP,4,LO.PVLP,4,PVLP,4,PVLP.LO,4
1039122,mixed,FB->FF,FB,FF,2,2,0,12,2,1.875,2476,206.333,PLP.AVLP,3,2,2,"[LOP.PLPL4, PLPL4] -> PLP.AVLPL3 -> [AVLPL4, LOL4]",LOP.PLP,4,PLP,4,AVLP,4,LO,4
1030764,mixed,FB->FF,FB,FF,2,2,0,12,2,1.968,2265,188.75,PLP.AVLP,3,2,2,"[LOP.PLPL4, ME.AVLPL4] -> PLP.AVLPL3 -> [AVLPL4, LOL4]",LOP.PLP,4,ME.AVLP,4,AVLP,4,LO,4
1010620,mixed,FB->FF,FB,FF,2,2,0,4,1,1.0,1911,477.75,PVLP.AVLP,3,2,2,"[LO.PVLPL4, PVLPL4] -> PVLP.AVLPL3 -> [AVLPL4, PVLP.LOL4]",LO.PVLP,4,PVLP,4,AVLP,4,PVLP.LO,4
955308,mixed,FB->FF,FB,FF,2,2,0,2282,43,1.804,3042,1.333,LO,3,2,2,"[LOL4, ME.LOL4] -> LOL3 -> [LO.PLPL4, LO.PVLPL4]",LO,4,ME.LO,4,LO.PLP,4,LO.PVLP,4
938448,mixed,FB->FF,FB,FF,2,2,0,12,1,1.0,1413,117.75,PLP.AVLP,3,2,2,"[LO.PLPL4, LOP.PLPL4] -> PLP.AVLPL3 -> [AVLPL4, PVLP.AVLPL4]",LO.PLP,4,LOP.PLP,4,AVLP,4,PVLP.AVLP,4
904995,mixed,FB->FF,FB,FF,2,2,0,4,1,1.0,1872,468.0,PVLP.AVLP,3,2,2,"[AVLPL4, LO.PVLPL4] -> PVLP.AVLPL3 -> [PVLPL4, PVLP.AVLPL4]",AVLP,4,LO.PVLP,4,PVLP,4,PVLP.AVLP,4
871416,mixed,FB->FF,FB,FF,2,2,0,12,1,1.0,2503,208.583,PLP.AVLP,3,2,2,"[LO.PLPL4, LOP.PLPL4] -> PLP.AVLPL3 -> [AVLPL4, LOL4]",LO.PLP,4,LOP.PLP,4,AVLP,4,LO,4
861900,mixed,FB->FF,FB,FF,2,2,0,4,1,1.0,1842,460.5,PVLP.AVLP,3,2,2,"[AVLPL4, LO.PVLPL4] -> PVLP.AVLPL3 -> [PVLP.AVLPL4, PVLP.LOL4]",AVLP,4,LO.PVLP,4,PVLP.AVLP,4,PVLP.LO,4
859027,mixed,FB->FF,FB,FF,2,2,0,4,1,1.0,1872,468.0,PVLP.AVLP,3,2,2,"[LO.PVLPL4, PVLPL4] -> PVLP.AVLPL3 -> [AVLPL4, PVLP.AVLPL4]",LO.PVLP,4,PVLP,4,AVLP,4,PVLP.AVLP,4
831285,mixed,FB->FF,FB,FF,2,2,0,35,1,1.0,3078,87.943,PVLP.LO,3,2,2,"[AVLPL4, LO.PVLPL4] -> PVLP.LOL3 -> [LOL4, LO.PLPL4]",AVLP,4,LO.PVLP,4,LO,4,LO.PLP,4
814200,mixed,FB->FF,FB,FF,2,2,0,1160,1,1.0,677,0.584,LO,4,2,2,"[LOL5, LO.SPSL5] -> LOL4 -> [LO.AOTUL5, LO.PVLPL5]",LO,5,LO.SPS,5,LO.AOTU,5,LO.PVLP,5
803250,mixed,FB->FF,FB,FF,2,2,0,12,1,1.0,1256,104.667,PLP.AVLP,3,2,2,"[LOP.PLPL4, LOP.SPSL4] -> PLP.AVLPL3 -> [AVLPL4, PVLPL4]",LOP.PLP,4,LOP.SPS,4,AVLP,4,PVLP,4
802250,mixed,FB->FF,FB,FF,2,2,0,2282,27,2.301,2944,1.29,LO,3,2,2,"[LOL4, ME.LOL4] -> LOL3 -> [LO.AOTUL4, LO.PVLPL4]",LO,4,ME.LO,4,LO.AOTU,4,LO.PVLP,4
767340,mixed,FB->FF,FB,FF,2,2,0,35,1,1.0,2426,69.314,PVLP.LO,3,2,2,"[LO.PVLPL4, PVLPL4] -> PVLP.LOL3 -> [LOL4, LO.PLPL4]",LO.PVLP,4,PVLP,4,LO,4,LO.PLP,4
712532,mixed,FB->FF,FB,FF,2,2,0,35,2,1.0,2962,84.629,PVLP.LO,3,2,2,"[AVLPL4, LO.PVLPL4] -> PVLP.LOL3 -> [LOL4, PVLPL4]",AVLP,4,LO.PVLP,4,LO,4,PVLP,4
695520,mixed,FB->FF,FB,FF,2,2,0,12,2,1.669,1455,121.25,PLP.AVLP,3,2,2,"[LOP.PLPL4, PLPL4] -> PLP.AVLPL3 -> [AVLPL4, PVLPL4]",LOP.PLP,4,PLP,4,AVLP,4,PVLP,4
687666,mixed,FB->FF,FB,FF,2,2,0,12,2,1.984,1297,108.083,PLP.AVLP,3,2,2,"[LOP.PLPL4, PVLPL4] -> PLP.AVLPL3 -> [AVLPL4, PVLP.AVLPL4]",LOP.PLP,4,PVLP,4,AVLP,4,PVLP.AVLP,4
683028,mixed,FB->FF,FB,FF,2,2,0,11,3,1.474,2167,197.0,GNG.ICL,4,2,2,"[AVLP.GNGL5, GNGL5] -> GNG.ICLL4 -> [AVLP.ICLL5, ICL.GNGL5]",AVLP.GNG,5,GNG,5,AVLP.ICL,5,ICL.GNG,5
671790,mixed,FB->FF,FB,FF,2,2,0,12,2,1.803,1244,103.667,PLP.AVLP,3,2,2,"[LOP.PLPL4, ME.AVLPL4] -> PLP.AVLPL3 -> [AVLPL4, PVLPL4]",LOP.PLP,4,ME.AVLP,4,AVLP,4,PVLP,4
670320,mixed,FB->FF,FB,FF,2,2,0,12,1,1.0,1482,123.5,PLP.AVLP,3,2,2,"[LO.PLPL4, LOP.PLPL4] -> PLP.AVLPL3 -> [AVLPL4, PVLPL4]",LO.PLP,4,LOP.PLP,4,AVLP,4,PVLP,4
662688,mixed,FB->FF,FB,FF,2,2,0,11,3,1.817,3661,332.818,GNG.ICL,4,2,2,"[AVLP.GNGL5, GNGL5] -> GNG.ICLL4 -> [AVLPL5, AVLP.ICLL5]",AVLP.GNG,5,GNG,5,AVLP,5,AVLP.ICL,5
651833,mixed,FB->FF,FB,FF,2,2,0,35,1,1.0,2527,72.2,PVLP.LO,3,2,2,"[AVLPL4, LO.PVLPL4] -> PVLP.LOL3 -> [ME.LOL4, PVLP.LOL4]",AVLP,4,LO.PVLP,4,ME.LO,4,PVLP.LO,4
614370,mixed,FB->FF,FB,FF,2,2,0,11,3,1.521,2192,199.273,GNG.ICL,4,2,2,"[AVLP.GNGL5, GNGL5] -> GNG.ICLL4 -> [AVLP.ICLL5, SLP.ICLL5]",AVLP.GNG,5,GNG,5,AVLP.ICL,5,SLP.ICL,5
611772,mixed,FB->FF,FB,FF,2,2,0,12,2,1.995,2387,198.917,PLP.AVLP,3,2,2,"[LOP.PLPL4, PVLPL4] -> PLP.AVLPL3 -> [AVLPL4, LOL4]",LOP.PLP,4,PVLP,4,AVLP,4,LO,4
601692,mixed,FB->FF,FB,FF,2,2,0,35,1,1.0,1875,53.571,PVLP.LO,3,2,2,"[LO.PVLPL4, PVLPL4] -> PVLP.LOL3 -> [ME.LOL4, PVLP.LOL4]",LO.PVLP,4,PVLP,4,ME.LO,4,PVLP.LO,4
560367,mixed,FB->FF,FB,FF,2,2,0,2282,7,2.284,2818,1.235,LO,3,2,2,"[LOP.LOL4, ME.LOL4] -> LOL3 -> [LOL4, LO.PVLPL4]",LOP.LO,4,ME.LO,4,LO,4,LO.PVLP,4
560324,mixed,FB->FF,FB,FF,2,2,0,11,3,1.467,2251,204.636,GNG.ICL,4,2,2,"[AVLP.GNGL5, GNGL5] -> GNG.ICLL4 -> [AVLP.ICLL5, ICLL5]",AVLP.GNG,5,GNG,5,AVLP.ICL,5,ICL,5
535500,mixed,FB->FF,FB,FF,2,2,0,12,1,1.0,1207,100.583,PLP.AVLP,3,2,2,"[LOP.PLPL4, LOP.SPSL4] -> PLP.AVLPL3 -> [AVLPL4, AVLP.ICLL4]",LOP.PLP,4,LOP.SPS,4,AVLP,4,AVLP.ICL,4
530556,mixed,FB->FF,FB,FF,2,2,0,35,1,1.0,2557,73.057,PVLP.LO,3,2,2,"[AVLPL4, PVLPL4] -> PVLP.LOL3 -> [LO.PVLPL4, ME.LOL4]",AVLP,4,PVLP,4,LO.PVLP,4,ME.LO,4
508875,mixed,FB->FF,FB,FF,2,2,0,1160,1,1.0,603,0.52,LO,4,2,2,"[LOL5, LO.PLPL5] -> LOL4 -> [LO.AOTUL5, LO.PVLPL5]",LO,5,LO.PLP,5,LO.AOTU,5,LO.PVLP,5
503349,mixed,FB->FF,FB,FF,2,2,0,11,3,1.515,3651,331.909,GNG.ICL,4,2,2,"[AVLPL5, GNGL5] -> GNG.ICLL4 -> [AVLP.ICLL5, ICL.GNGL5]",AVLP,5,GNG,5,AVLP.ICL,5,ICL.GNG,5
499800,mixed,FB->FF,FB,FF,2,2,0,12,1,1.0,1556,129.667,PLP.AVLP,3,2,2,"[LOP.PLPL4, LOP.SPSL4] -> PLP.AVLPL3 -> [LOL4, PVLP.AVLPL4]",LOP.PLP,4,LOP.SPS,4,LO,4,PVLP.AVLP,4
459522,mixed,FB->FF,FB,FF,2,2,0,12,2,1.999,1321,110.083,PLP.AVLP,3,2,2,"[IPSL4, LOP.PLPL4] -> PLP.AVLPL3 -> [AVLPL4, PVLP.AVLPL4]",IPS,4,LOP.PLP,4,AVLP,4,PVLP.AVLP,4
454026,mixed,FB->FF,FB,FF,2,2,0,2282,22,1.588,2226,0.975,LO,3,2,2,"[LOL4, ME.LOL4] -> LOL3 -> [LO.AVLPL4, LO.PLPL4]",LO,4,ME.LO,4,LO.AVLP,4,LO.PLP,4
452043,mixed,FB->FF,FB,FF,2,2,0,11,3,1.556,3676,334.182,GNG.ICL,4,2,2,"[AVLPL5, GNGL5] -> GNG.ICLL4 -> [AVLP.ICLL5, SLP.ICLL5]",AVLP,5,GNG,5,AVLP.ICL,5,SLP.ICL,5
438116,mixed,FB->FF,FB,FF,2,2,0,11,3,1.746,2462,223.818,GNG.ICL,4,2,2,"[AVLP.GNGL5, GNGL5] -> GNG.ICLL4 -> [AVLP.ICLL5, SPSL5]",AVLP.GNG,5,GNG,5,AVLP.ICL,5,SPS,5
436865,mixed,FB->FF,FB,FF,2,2,0,4,2,1.398,1203,300.75,SMP.AOTU,3,2,2,"[SMPL4, SMP.IBL4] -> SMP.AOTUL3 -> [AOTUL4, LO.AOTUL4]",SMP,4,SMP.IB,4,AOTU,4,LO.AOTU,4
425155,mixed,FB->FF,FB,FF,2,2,0,791,56,3.125,1953,2.469,AVLP,4,2,2,"[AVLPL5, PVLP.AVLPL5] -> AVLPL4 -> [AVLP.ICLL5, AVLP.SLPL5]",AVLP,5,PVLP.AVLP,5,AVLP.ICL,5,AVLP.SLP,5
412486,mixed,FB->FF,FB,FF,2,2,0,11,3,1.506,3735,339.545,GNG.ICL,4,2,2,"[AVLPL5, GNGL5] -> GNG.ICLL4 -> [AVLP.ICLL5, ICLL5]",AVLP,5,GNG,5,AVLP.ICL,5,ICL,5
410634,mixed,FB->FF,FB,FF,2,2,0,12,2,1.993,2411,200.917,PLP.AVLP,3,2,2,"[IPSL4, LOP.PLPL4] -> PLP.AVLPL3 -> [AVLPL4, LOL4]",IPS,4,LOP.PLP,4,AVLP,4,LO,4
391853,mixed,FB->FF,FB,FF,2,2,0,4,2,1.165,1375,343.75,SMP.AOTU,3,2,2,"[SLP.SMPL4, SMPL4] -> SMP.AOTUL3 -> [AOTUL4, LO.AOTUL4]",SLP.SMP,4,SMP,4,AOTU,4,LO.AOTU,4
379644,mixed,FB->FF,FB,FF,2,2,0,11,2,1.325,3946,358.727,GNG.ICL,4,2,2,"[AVLP.ICLL5, GNGL5] -> GNG.ICLL4 -> [AVLPL5, SPSL5]",AVLP.ICL,5,GNG,5,AVLP,5,SPS,5
377238,mixed,FB->FF,FB,FF,2,2,0,70,26,4.049,2064,29.486,PVLP.AVLP,4,2,2,"[PVLPL5, PVLP.AVLPL5] -> PVLP.AVLPL4 -> [AVLPL5, AVLP.ICLL5]",PVLP,5,PVLP.AVLP,5,AVLP,5,AVLP.ICL,5
376849,mixed,FB->FF,FB,FF,2,2,0,4,2,1.083,1192,298.0,SMP.AOTU,3,2,2,"[SMPL4, SPS.SMPL4] -> SMP.AOTUL3 -> [AOTUL4, LO.AOTUL4]",SMP,4,SPS.SMP,4,AOTU,4,LO.AOTU,4
374172,mixed,FB->FF,FB,FF,2,2,0,11,2,1.897,3651,331.909,GNG.ICL,4,2,2,"[AVLP.ICLL5, GNGL5] -> GNG.ICLL4 -> [AVLPL5, ICL.GNGL5]",AVLP.ICL,5,GNG,5,AVLP,5,ICL.GNG,5
373780,mixed,FB->FF,FB,FF,2,2,0,11,2,1.637,3651,331.909,GNG.ICL,4,2,2,"[GNGL5, ICL.GNGL5] -> GNG.ICLL4 -> [AVLPL5, AVLP.ICLL5]",GNG,5,ICL.GNG,5,AVLP,5,AVLP.ICL,5
366356,mixed,FB->FF,FB,FF,2,2,0,11,3,1.074,2448,222.545,GNG.ICL,4,2,2,"[AVLP.GNGL5, GNGL5] -> GNG.ICLL4 -> [AVLP.ICLL5, SMPL5]",AVLP.GNG,5,GNG,5,AVLP.ICL,5,SMP,5
363014,mixed,FB->FF,FB,FF,2,2,0,35,2,1.0,1911,54.6,PVLP.LO,3,2,2,"[AVLPL4, PVLPL4] -> PVLP.LOL3 -> [LO.PVLPL4, PVLP.LOL4]",AVLP,4,PVLP,4,LO.PVLP,4,PVLP.LO,4
362774,mixed,FB->FF,FB,FF,2,2,0,2282,50,3.251,2843,1.246,LO,3,2,2,"[LOL4, ME.LOL4] -> LOL3 -> [LO.AVLPL4, LO.PVLPL4]",LO,4,ME.LO,4,LO.AVLP,4,LO.PVLP,4
361998,mixed,FB->FF,FB,FF,2,2,0,4,1,1.0,1190,297.5,PVLP.AVLP,3,2,2,"[LO.PVLPL4, PVLP.LOL4] -> PVLP.AVLPL3 -> [PVLPL4, PVLP.AVLPL4]",LO.PVLP,4,PVLP.LO,4,PVLP,4,PVLP.AVLP,4
360738,mixed,FB->FF,FB,FF,2,2,0,12,2,1.798,1755,146.25,PLP.AVLP,3,2,2,"[LOP.PLPL4, PLPL4] -> PLP.AVLPL3 -> [LOL4, PVLP.AVLPL4]",LOP.PLP,4,PLP,4,LO,4,PVLP.AVLP,4
357455,mixed,FB->FF,FB,FF,2,2,0,11,2,1.409,2182,198.364,GNG.ICL,4,2,2,"[GNGL5, ICL.GNGL5] -> GNG.ICLL4 -> [AVLP.ICLL5, SLP.ICLL5]",GNG,5,ICL.GNG,5,AVLP.ICL,5,SLP.ICL,5
357279,mixed,FB->FF,FB,FF,2,2,0,791,89,7.067,1939,2.451,AVLP,4,2,2,"[AVLPL5, PVLP.AVLPL5] -> AVLPL4 -> [AVLP.GNGL5, AVLP.ICLL5]",AVLP,5,PVLP.AVLP,5,AVLP.GNG,5,AVLP.ICL,5
354900,mixed,FB->FF,FB,FF,2,2,0,4,1,1.0,1190,297.5,PVLP.AVLP,3,2,2,"[LO.PVLPL4, PVLP.AVLPL4] -> PVLP.AVLPL3 -> [PVLPL4, PVLP.LOL4]",LO.PVLP,4,PVLP.AVLP,4,PVLP,4,PVLP.LO,4
354173,mixed,FB->FF,FB,FF,2,2,0,791,49,4.794,2064,2.609,AVLP,4,2,2,"[PVLPL5, PVLP.AVLPL5] -> AVLPL4 -> [AVLPL5, AVLP.ICLL5]",PVLP,5,PVLP.AVLP,5,AVLP,5,AVLP.ICL,5
353976,mixed,FB->FF,FB,FF,2,2,0,12,2,1.916,1544,128.667,PLP.AVLP,3,2,2,"[LOP.PLPL4, ME.AVLPL4] -> PLP.AVLPL3 -> [LOL4, PVLP.AVLPL4]",LOP.PLP,4,ME.AVLP,4,LO,4,PVLP.AVLP,4
350987,mixed,FB->FF,FB,FF,2,2,0,35,1,1.0,2673,76.371,PVLP.LO,3,2,2,"[AVLPL4, LO.PVLPL4] -> PVLP.LOL3 -> [LO.PLPL4, ME.LOL4]",AVLP,4,LO.PVLP,4,LO.PLP,4,ME.LO,4
347130,mixed,FB->FF,FB,FF,2,2,0,35,1,1.0,2794,79.829,PVLP.LO,3,2,2,"[AVLP.PLPL4, LO.PVLPL4] -> PVLP.LOL3 -> [LOL4, ME.LOL4]",AVLP.PLP,4,LO.PVLP,4,LO,4,ME.LO,4
347130,mixed,FB->FF,FB,FF,2,2,0,35,1,1.0,2843,81.229,PVLP.LO,3,2,2,"[LO.AVLPL4, LO.PVLPL4] -> PVLP.LOL3 -> [LOL4, ME.LOL4]",LO.AVLP,4,LO.PVLP,4,LO,4,ME.LO,4
347130,mixed,FB->FF,FB,FF,2,2,0,35,1,1.0,2857,81.629,PVLP.LO,3,2,2,"[LO.PVLPL4, PVLP.AVLPL4] -> PVLP.LOL3 -> [LOL4, ME.LOL4]",LO.PVLP,4,PVLP.AVLP,4,LO,4,ME.LO,4
346940,mixed,FB->FF,FB,FF,2,2,0,11,2,1.623,2173,197.545,GNG.ICL,4,2,2,"[AVLP.GNGL5, GNGL5] -> GNG.ICLL4 -> [AVLP.GORL5, AVLP.ICLL5]",AVLP.GNG,5,GNG,5,AVLP.GOR,5,AVLP.ICL,5
341325,mixed,FB->FF,FB,FF,2,2,0,791,51,4.789,2064,2.609,AVLP,4,2,2,"[AVLPL5, PVLP.AVLPL5] -> AVLPL4 -> [AVLP.ICLL5, PVLPL5]",AVLP,5,PVLP.AVLP,5,AVLP.ICL,5,PVLP,5
339316,mixed,FB->FF,FB,FF,2,2,0,11,3,1.683,3946,358.727,GNG.ICL,4,2,2,"[AVLPL5, GNGL5] -> GNG.ICLL4 -> [AVLP.ICLL5, SPSL5]",AVLP,5,GNG,5,AVLP.ICL,5,SPS,5
338445,mixed,FB->FF,FB,FF,2,2,0,11,2,1.65,2182,198.364,GNG.ICL,4,2,2,"[AVLP.ICLL5, GNGL5] -> GNG.ICLL4 -> [ICL.GNGL5, SLP.ICLL5]",AVLP.ICL,5,GNG,5,ICL.GNG,5,SLP.ICL,5
337470,mixed,FB->FF,FB,FF,2,2,0,11,2,1.919,3676,334.182,GNG.ICL,4,2,2,"[AVLP.ICLL5, GNGL5] -> GNG.ICLL4 -> [AVLPL5, SLP.ICLL5]",AVLP.ICL,5,GNG,5,AVLP,5,SLP.ICL,5
328830,mixed,FB->FF,FB,FF,2,2,0,11,2,1.378,2241,203.727,GNG.ICL,4,2,2,"[GNGL5, ICL.GNGL5] -> GNG.ICLL4 -> [AVLP.ICLL5, ICLL5]",GNG,5,ICL.GNG,5,AVLP.ICL,5,ICL,5
327482,mixed,FB->FF,FB,FF,2,2,0,53,8,3.042,1872,35.321,PVLP,3,2,2,"[LO.PVLPL4, PVLPL4] -> PVLPL3 -> [AVLPL4, PVLP.AVLPL4]",LO.PVLP,4,PVLP,4,AVLP,4,PVLP.AVLP,4
327395,mixed,FB->FF,FB,FF,2,2,0,791,51,2.57,1945,2.459,AVLP,4,2,2,"[PVLP.AVLPL5, WED.AVLPL5] -> AVLPL4 -> [AVLPL5, AVLP.ICLL5]",PVLP.AVLP,5,WED.AVLP,5,AVLP,5,AVLP.ICL,5
325874,mixed,FB->FF,FB,FF,2,2,0,11,3,1.697,3661,332.818,GNG.ICL,4,2,2,"[AVLPL5, GNGL5] -> GNG.ICLL4 -> [AVLP.GNGL5, AVLP.ICLL5]",AVLP,5,GNG,5,AVLP.GNG,5,AVLP.ICL,5
323988,mixed,FB->FF,FB,FF,2,2,0,35,1,1.0,2021,57.743,PVLP.LO,3,2,2,"[LO.PVLPL4, PVLPL4] -> PVLP.LOL3 -> [LO.PLPL4, ME.LOL4]",LO.PVLP,4,PVLP,4,LO.PLP,4,ME.LO,4
321048,mixed,FB->FF,FB,FF,2,2,0,12,1,1.0,1782,148.5,PLP.AVLP,3,2,2,"[LO.PLPL4, LOP.PLPL4] -> PLP.AVLPL3 -> [LOL4, PVLP.AVLPL4]",LO.PLP,4,LOP.PLP,4,LO,4,PVLP.AVLP,4
319842,mixed,FB->FF,FB,FF,2,2,0,11,3,1.797,3458,314.364,GNG.ICL,4,2,2,"[AVLP.GNGL5, GNGL5] -> GNG.ICLL4 -> [AVLPL5, ICL.GNGL5]",AVLP.GNG,5,GNG,5,AVLP,5,ICL.GNG,5
310185,mixed,FB->FF,FB,FF,2,2,0,11,2,1.516,2241,203.727,GNG.ICL,4,2,2,"[GNGL5, ICLL5] -> GNG.ICLL4 -> [AVLP.ICLL5, ICL.GNGL5]",GNG,5,ICL,5,AVLP.ICL,5,ICL.GNG,5
308922,mixed,FB->FF,FB,FF,2,2,0,11,2,1.609,2241,203.727,GNG.ICL,4,2,2,"[AVLP.ICLL5, GNGL5] -> GNG.ICLL4 -> [ICLL5, ICL.GNGL5]",AVLP.ICL,5,GNG,5,ICL,5,ICL.GNG,5
304764,mixed,FB->FF,FB,FF,2,2,0,11,2,1.886,3735,339.545,GNG.ICL,4,2,2,"[AVLP.ICLL5, GNGL5] -> GNG.ICLL4 -> [AVLPL5, ICLL5]",AVLP.ICL,5,GNG,5,AVLP,5,ICL,5
304533,mixed,FB->FF,FB,FF,2,2,0,791,70,6.952,1946,2.46,AVLP,4,2,2,"[AVLPL5, PVLP.AVLPL5] -> AVLPL4 -> [AVLP.ICLL5, AVLP.PVLPL5]",AVLP,5,PVLP.AVLP,5,AVLP.ICL,5,AVLP.PVLP,5
304480,mixed,FB->FF,FB,FF,2,2,0,4,2,1.103,1190,297.5,SMP.AOTU,3,2,2,"[LO.IBL4, SMPL4] -> SMP.AOTUL3 -> [AOTUL4, LO.AOTUL4]",LO.IB,4,SMP,4,AOTU,4,LO.AOTU,4
300960,mixed,FB->FF,FB,FF,2,2,0,11,3,1.991,3483,316.636,GNG.ICL,4,2,2,"[AVLP.GNGL5, GNGL5] -> GNG.ICLL4 -> [AVLPL5, SLP.ICLL5]",AVLP.GNG,5,GNG,5,AVLP,5,SLP.ICL,5
300846,mixed,FB->FF,FB,FF,2,2,0,35,1,1.0,2557,73.057,PVLP.LO,3,2,2,"[AVLPL4, LO.PVLPL4] -> PVLP.LOL3 -> [ME.LOL4, PVLPL4]",AVLP,4,LO.PVLP,4,ME.LO,4,PVLP,4
298810,mixed,FB->FF,FB,FF,2,2,0,11,2,1.795,3735,339.545,GNG.ICL,4,2,2,"[GNGL5, ICLL5] -> GNG.ICLL4 -> [AVLPL5, AVLP.ICLL5]",GNG,5,ICL,5,AVLP,5,AVLP.ICL,5
297450,mixed,FB->FF,FB,FF,2,2,0,11,3,1.512,1989,180.818,GNG.ICL,4,2,2,"[AVLP.GNGL5, GNGL5] -> GNG.ICLL4 -> [ICL.GNGL5, SLP.ICLL5]",AVLP.GNG,5,GNG,5,ICL.GNG,5,SLP.ICL,5
293559,mixed,FB->FF,FB,FF,2,2,0,12,3,1.955,3716,309.667,AVLP.GNG,4,2,2,"[AVLPL5, AVLP.ICLL5] -> AVLP.GNGL4 -> [GNGL5, VESL5]",AVLP,5,AVLP.ICL,5,GNG,5,VES,5
293262,mixed,FB->FF,FB,FF,2,2,0,1160,4,1.0,612,0.528,LO,4,2,2,"[LOL5, LO.PLPL5] -> LOL4 -> [LO.AOTUL5, LO.SPSL5]",LO,5,LO.PLP,5,LO.AOTU,5,LO.SPS,5
287840,mixed,FB->FF,FB,FF,2,2,0,11,2,1.519,2166,196.909,GNG.ICL,4,2,2,"[AVLP.GNGL5, GNGL5] -> GNG.ICLL4 -> [AVLP.ICLL5, ICL.SMPL5]",AVLP.GNG,5,GNG,5,AVLP.ICL,5,ICL.SMP,5
287742,mixed,FB->FF,FB,FF,2,2,0,11,2,1.546,2452,222.909,GNG.ICL,4,2,2,"[AVLP.ICLL5, GNGL5] -> GNG.ICLL4 -> [ICL.GNGL5, SPSL5]",AVLP.ICL,5,GNG,5,ICL.GNG,5,SPS,5
279644,mixed,FB->FF,FB,FF,2,2,0,11,3,1.57,3753,341.182,GNG.ICL,4,2,2,"[AVLP.GNGL5, GNGL5] -> GNG.ICLL4 -> [AVLPL5, SPSL5]",AVLP.GNG,5,GNG,5,AVLP,5,SPS,5
277130,mixed,FB->FF,FB,FF,2,2,0,11,2,1.541,2266,206.0,GNG.ICL,4,2,2,"[GNGL5, ICLL5] -> GNG.ICLL4 -> [AVLP.ICLL5, SLP.ICLL5]",GNG,5,ICL,5,AVLP.ICL,5,SLP.ICL,5
276822,mixed,FB->FF,FB,FF,2,2,0,4,1,1.0,1911,477.75,PVLP.AVLP,3,2,2,"[LO.PVLPL4, PVLP.LOL4] -> PVLP.AVLPL3 -> [AVLPL4, PVLPL4]",LO.PVLP,4,PVLP.LO,4,AVLP,4,PVLP,4
276570,mixed,FB->FF,FB,FF,2,2,0,11,2,1.636,2266,206.0,GNG.ICL,4,2,2,"[AVLP.ICLL5, GNGL5] -> GNG.ICLL4 -> [ICLL5, SLP.ICLL5]",AVLP.ICL,5,GNG,5,ICL,5,SLP.ICL,5
271668,mixed,FB->FF,FB,FF,2,2,0,11,3,1.463,2048,186.182,GNG.ICL,4,2,2,"[AVLP.GNGL5, GNGL5] -> GNG.ICLL4 -> [ICLL5, ICL.GNGL5]",AVLP.GNG,5,GNG,5,ICL,5,ICL.GNG,5
268953,mixed,FB->FF,FB,FF,2,2,0,2282,43,2.503,2327,1.02,LO,3,2,2,"[LOL4, ME.LOL4] -> LOL3 -> [LO.AOTUL4, LO.PLPL4]",LO,4,ME.LO,4,LO.AOTU,4,LO.PLP,4
267750,mixed,FB->FF,FB,FF,2,2,0,12,1,1.0,1136,94.667,PLP.AVLP,3,2,2,"[LOP.PLPL4, LOP.SPSL4] -> PLP.AVLPL3 -> [AVLPL4, AVLP.PVLPL4]",LOP.PLP,4,LOP.SPS,4,AVLP,4,AVLP.PVLP,4
267750,mixed,FB->FF,FB,FF,2,2,0,12,1,1.0,1122,93.5,PLP.AVLP,3,2,2,"[LOP.PLPL4, LOP.SPSL4] -> PLP.AVLPL3 -> [AVLPL4, AVLP.SADL4]",LOP.PLP,4,LOP.SPS,4,AVLP,4,AVLP.SAD,4
267750,mixed,FB->FF,FB,FF,2,2,0,12,1,1.0,1182,98.5,PLP.AVLP,3,2,2,"[LOP.PLPL4, LOP.SPSL4] -> PLP.AVLPL3 -> [AVLPL4, AVLP.SLPL4]",LOP.PLP,4,LOP.SPS,4,AVLP,4,AVLP.SLP,4
267750,mixed,FB->FF,FB,FF,2,2,0,12,1,1.0,1135,94.583,PLP.AVLP,3,2,2,"[LOP.PLPL4, LOP.SPSL4] -> PLP.AVLPL3 -> [AVLPL4, PLP.AVLPL4]",LOP.PLP,4,LOP.SPS,4,AVLP,4,PLP.AVLP,4
265200,mixed,FB->FF,FB,FF,2,2,0,11,2,1.521,2477,225.182,GNG.ICL,4,2,2,"[AVLP.ICLL5, GNGL5] -> GNG.ICLL4 -> [SLP.ICLL5, SPSL5]",AVLP.ICL,5,GNG,5,SLP.ICL,5,SPS,5
264415,mixed,FB->FF,FB,FF,2,2,0,11,3,1.072,3932,357.455,GNG.ICL,4,2,2,"[AVLPL5, GNGL5] -> GNG.ICLL4 -> [AVLP.ICLL5, SMPL5]",AVLP,5,GNG,5,AVLP.ICL,5,SMP,5
264032,mixed,FB->FF,FB,FF,2,2,0,11,3,1.821,3542,322.0,GNG.ICL,4,2,2,"[AVLP.GNGL5, GNGL5] -> GNG.ICLL4 -> [AVLPL5, ICLL5]",AVLP.GNG,5,GNG,5,AVLP,5,ICL,5
263970,mixed,FB->FF,FB,FF,2,2,0,12,2,1.864,1390,115.833,PLP.AVLP,3,2,2,"[IPSL4, LOP.PLPL4] -> PLP.AVLPL3 -> [AVLPL4, PVLPL4]",IPS,4,LOP.PLP,4,AVLP,4,PVLP,4
262119,mixed,FB->FF,FB,FF,2,2,0,4,2,1.398,1239,309.75,SMP.AOTU,3,2,2,"[SCL.SMPL4, SMPL4] -> SMP.AOTUL3 -> [AOTUL4, LO.AOTUL4]",SCL.SMP,4,SMP,4,AOTU,4,LO.AOTU,4
262119,mixed,FB->FF,FB,FF,2,2,0,4,2,1.398,1193,298.25,SMP.AOTU,3,2,2,"[SMPL4, SPS.IBL4] -> SMP.AOTUL3 -> [AOTUL4, LO.AOTUL4]",SMP,4,SPS.IB,4,AOTU,4,LO.AOTU,4
260852,mixed,FB->FF,FB,FF,2,2,0,11,3,1.912,2206,200.545,GNG.ICL,4,2,2,"[AVLP.GNGL5, GNGL5] -> GNG.ICLL4 -> [AVLP.ICLL5, SPS.GNGL5]",AVLP.GNG,5,GNG,5,AVLP.ICL,5,SPS.GNG,5
260070,mixed,FB->FF,FB,FF,2,2,0,11,2,1.996,3661,332.818,GNG.ICL,4,2,2,"[AVLP.ICLL5, GNGL5] -> GNG.ICLL4 -> [AVLPL5, AVLP.GNGL5]",AVLP.ICL,5,GNG,5,AVLP,5,AVLP.GNG,5
257560,mixed,FB->FF,FB,FF,2,2,0,11,2,1.674,3657,332.455,GNG.ICL,4,2,2,"[AVLPL5, GNGL5] -> GNG.ICLL4 -> [AVLP.GORL5, AVLP.ICLL5]",AVLP,5,GNG,5,AVLP.GOR,5,AVLP.ICL,5
254785,mixed,FB->FF,FB,FF,2,2,0,11,2,1.547,2167,197.0,GNG.ICL,4,2,2,"[GNGL5, ICL.GNGL5] -> GNG.ICLL4 -> [AVLP.GNGL5, AVLP.ICLL5]",GNG,5,ICL.GNG,5,AVLP.GNG,5,AVLP.ICL,5
250751,mixed,FB->FF,FB,FF,2,2,0,1160,2,1.0,499,0.43,LO,4,2,2,"[LOL5, LO.PLPL5] -> LOL4 -> [LO.PVLPL5, LO.SPSL5]",LO,5,LO.PLP,5,LO.PVLP,5,LO.SPS,5
249900,mixed,FB->FF,FB,FF,2,2,0,12,1,1.0,535,44.583,PLP.AVLP,3,2,2,"[LOP.PLPL4, LOP.SPSL4] -> PLP.AVLPL3 -> [PVLPL4, PVLP.AVLPL4]",LOP.PLP,4,LOP.SPS,4,PVLP,4,PVLP.AVLP,4
249555,mixed,FB->FF,FB,FF,2,2,0,11,2,1.814,2167,197.0,GNG.ICL,4,2,2,"[AVLP.ICLL5, GNGL5] -> GNG.ICLL4 -> [AVLP.GNGL5, ICL.GNGL5]",AVLP.ICL,5,GNG,5,AVLP.GNG,5,ICL.GNG,5
247115,mixed,FB->FF,FB,FF,2,2,0,4,2,1.271,1225,306.25,SMP.AOTU,3,2,2,"[PLP.SMPL4, SMPL4] -> SMP.AOTUL3 -> [AOTUL4, LO.AOTUL4]",PLP.SMP,4,SMP,4,AOTU,4,LO.AOTU,4
247115,mixed,FB->FF,FB,FF,2,2,0,4,2,1.271,1320,330.0,SMP.AOTU,3,2,2,"[SMPL4, SPSL4] -> SMP.AOTUL3 -> [AOTUL4, LO.AOTUL4]",SMP,4,SPS,4,AOTU,4,LO.AOTU,4
247115,mixed,FB->FF,FB,FF,2,2,0,4,2,1.271,1192,298.0,SMP.AOTU,3,2,2,"[SMPL4, VES.SPSL4] -> SMP.AOTUL3 -> [AOTUL4, LO.AOTUL4]",SMP,4,VES.SPS,4,AOTU,4,LO.AOTU,4
246960,mixed,FB->FF,FB,FF,2,2,0,12,1,1.0,761,63.417,PLP.AVLP,3,2,2,"[LO.PLPL4, LOP.PLPL4] -> PLP.AVLPL3 -> [PVLPL4, PVLP.AVLPL4]",LO.PLP,4,LOP.PLP,4,PVLP,4,PVLP.AVLP,4
246757,mixed,FB->FF,FB,FF,2,2,0,791,41,6.344,1923,2.431,AVLP,4,2,2,"[AVLPL5, PVLP.AVLPL5] -> AVLPL4 -> [AVLP.ICLL5, AVLP.SMPL5]",AVLP,5,PVLP.AVLP,5,AVLP.ICL,5,AVLP.SMP,5
245196,mixed,FB->FF,FB,FF,2,2,0,12,2,1.586,734,61.167,PLP.AVLP,3,2,2,"[LOP.PLPL4, PLPL4] -> PLP.AVLPL3 -> [PVLPL4, PVLP.AVLPL4]",LOP.PLP,4,PLP,4,PVLP,4,PVLP.AVLP,4
244780,mixed,FB->FF,FB,FF,2,2,0,11,3,1.515,2073,188.455,GNG.ICL,4,2,2,"[AVLP.GNGL5, GNGL5] -> GNG.ICLL4 -> [ICLL5, SLP.ICLL5]",AVLP.GNG,5,GNG,5,ICL,5,SLP.ICL,5
240369,mixed,FB->FF,FB,FF,2,2,0,11,3,1.26,2196,199.636,GNG.ICL,4,2,2,"[GNGL5, SPS.GNGL5] -> GNG.ICLL4 -> [AVLP.ICLL5, ICL.GNGL5]",GNG,5,SPS.GNG,5,AVLP.ICL,5,ICL.GNG,5
240149,mixed,FB->FF,FB,FF,2,2,0,35,1,1.0,2027,57.914,PVLP.LO,3,2,2,"[AVLPL4, LO.PVLPL4] -> PVLP.LOL3 -> [LO.PLPL4, PVLP.LOL4]",AVLP,4,LO.PVLP,4,LO.PLP,4,PVLP.LO,4
239316,mixed,FB->FF,FB,FF,2,2,0,12,2,1.88,1195,99.583,PLP.AVLP,3,2,2,"[LOP.PLPL4, ME.AVLPL4] -> PLP.AVLPL3 -> [AVLPL4, AVLP.ICLL4]",LOP.PLP,4,ME.AVLP,4,AVLP,4,AVLP.ICL,4
237558,mixed,FB->FF,FB,FF,2,2,0,35,2,1.0,2211,63.171,PVLP.LO,3,2,2,"[LO.PVLPL4, PVLP.AVLPL4] -> PVLP.LOL3 -> [LOL4, PVLP.LOL4]",LO.PVLP,4,PVLP.AVLP,4,LO,4,PVLP.LO,4
237553,mixed,FB->FF,FB,FF,2,2,0,35,3,1.0,2197,62.771,PVLP.LO,3,2,2,"[LO.AVLPL4, LO.PVLPL4] -> PVLP.LOL3 -> [LOL4, PVLP.LOL4]",LO.AVLP,4,LO.PVLP,4,LO,4,PVLP.LO,4
237510,mixed,FB->FF,FB,FF,2,2,0,35,1,1.0,2837,81.057,PVLP.LO,3,2,2,"[AVLPL4, LO.PVLPL4] -> PVLP.LOL3 -> [LOL4, LO.MEL4]",AVLP,4,LO.PVLP,4,LO,4,LO.ME,4
237510,mixed,FB->FF,FB,FF,2,2,0,35,1,1.0,4420,126.286,PVLP.LO,3,2,2,"[AVLPL4, LO.PVLPL4] -> PVLP.LOL3 -> [LOL4, MEL4]",AVLP,4,LO.PVLP,4,LO,4,ME,4
237510,mixed,FB->FF,FB,FF,2,2,0,35,1,1.0,2148,61.371,PVLP.LO,3,2,2,"[AVLP.PLPL4, LO.PVLPL4] -> PVLP.LOL3 -> [LOL4, PVLP.LOL4]",AVLP.PLP,4,LO.PVLP,4,LO,4,PVLP.LO,4
234612,mixed,FB->FF,FB,FF,2,2,0,12,2,1.72,523,43.583,PLP.AVLP,3,2,2,"[LOP.PLPL4, ME.AVLPL4] -> PLP.AVLPL3 -> [PVLPL4, PVLP.AVLPL4]",LOP.PLP,4,ME.AVLP,4,PVLP,4,PVLP.AVLP,4
232111,mixed,FB->FF,FB,FF,2,2,0,4,2,1.138,1229,307.25,SMP.AOTU,3,2,2,"[ICL.IBL4, SMPL4] -> SMP.AOTUL3 -> [AOTUL4, LO.AOTUL4]",ICL.IB,4,SMP,4,AOTU,4,LO.AOTU,4
231744,mixed,FB->FF,FB,FF,2,2,0,11,2,1.559,2536,230.545,GNG.ICL,4,2,2,"[AVLP.ICLL5, GNGL5] -> GNG.ICLL4 -> [ICLL5, SPSL5]",AVLP.ICL,5,GNG,5,ICL,5,SPS,5
231378,mixed,FB->FF,FB,FF,2,2,0,12,2,1.78,1183,98.583,PLP.AVLP,3,2,2,"[IPS.SPSL4, LOP.PLPL4] -> PLP.AVLPL3 -> [AVLPL4, PVLP.AVLPL4]",IPS.SPS,4,LOP.PLP,4,AVLP,4,PVLP.AVLP,4
231378,mixed,FB->FF,FB,FF,2,2,0,12,2,1.78,1287,107.25,PLP.AVLP,3,2,2,"[LO.SPSL4, LOP.PLPL4] -> PLP.AVLPL3 -> [AVLPL4, PVLP.AVLPL4]",LO.SPS,4,LOP.PLP,4,AVLP,4,PVLP.AVLP,4
231370,mixed,FB->FF,FB,FF,2,2,0,11,2,1.813,2452,222.909,GNG.ICL,4,2,2,"[GNGL5, ICL.GNGL5] -> GNG.ICLL4 -> [AVLP.ICLL5, SPSL5]",GNG,5,ICL.GNG,5,AVLP.ICL,5,SPS,5
231030,mixed,FB->FF,FB,FF,2,2,0,11,2,1.387,2462,223.818,GNG.ICL,4,2,2,"[AVLP.ICLL5, GNGL5] -> GNG.ICLL4 -> [AVLP.GNGL5, SPSL5]",AVLP.ICL,5,GNG,5,AVLP.GNG,5,SPS,5
230685,mixed,FB->FF,FB,FF,2,2,0,4,1,1.0,1872,468.0,PVLP.AVLP,3,2,2,"[LO.PVLPL4, PVLP.AVLPL4] -> PVLP.AVLPL3 -> [AVLPL4, PVLPL4]",LO.PVLP,4,PVLP.AVLP,4,AVLP,4,PVLP,4
229320,mixed,FB->FF,FB,FF,2,2,0,12,1,1.0,1851,154.25,PLP.AVLP,3,2,2,"[LO.PLPL4, LOP.PLPL4] -> PLP.AVLPL3 -> [LOL4, PVLPL4]",LO.PLP,4,LOP.PLP,4,LO,4,PVLP,4
229068,mixed,FB->FF,FB,FF,2,2,0,12,2,1.971,1406,117.167,PLP.AVLP,3,2,2,"[LOP.PLPL4, PLPL4] -> PLP.AVLPL3 -> [AVLPL4, AVLP.ICLL4]",LOP.PLP,4,PLP,4,AVLP,4,AVLP.ICL,4
228144,mixed,FB->FF,FB,FF,2,2,0,12,2,1.82,2030,169.167,PLP.AVLP,3,2,2,"[LO.PVLPL4, LOP.PLPL4] -> PLP.AVLPL3 -> [AVLPL4, PVLP.AVLPL4]",LO.PVLP,4,LOP.PLP,4,AVLP,4,PVLP.AVLP,4
226642,mixed,FB->FF,FB,FF,2,2,0,70,20,3.748,1878,26.829,PVLP.AVLP,4,2,2,"[PVLPL5, PVLP.AVLPL5] -> PVLP.AVLPL4 -> [AVLPL5, AVLP.PVLPL5]",PVLP,5,PVLP.AVLP,5,AVLP,5,AVLP.PVLP,5
224520,mixed,FB->FF,FB,FF,2,2,0,11,2,1.84,2192,199.273,GNG.ICL,4,2,2,"[AVLP.ICLL5, GNGL5] -> GNG.ICLL4 -> [AVLP.GNGL5, SLP.ICLL5]",AVLP.ICL,5,GNG,5,AVLP.GNG,5,SLP.ICL,5
224236,mixed,FB->FF,FB,FF,2,2,0,11,3,1.689,2212,201.091,GNG.ICL,4,2,2,"[AVLP.GNGL5, GNGL5] -> GNG.ICLL4 -> [AVLP.ICLL5, PLPL5]",AVLP.GNG,5,GNG,5,AVLP.ICL,5,PLP,5
224094,mixed,FB->FF,FB,FF,2,2,0,4,1,1.0,1842,460.5,PVLP.AVLP,3,2,2,"[LO.PVLPL4, PVLP.LOL4] -> PVLP.AVLPL3 -> [AVLPL4, PVLP.AVLPL4]",LO.PVLP,4,PVLP.LO,4,AVLP,4,PVLP.AVLP,4
224040,mixed,FB->FF,FB,FF,2,2,0,2282,37,2.372,4384,1.921,LO,3,2,2,"[MEL4, ME.LOL4] -> LOL3 -> [LOL4, LO.PVLPL4]",ME,4,ME.LO,4,LO,4,LO.PVLP,4
223398,mixed,FB->FF,FB,FF,2,2,0,12,2,1.549,1824,152.0,PLP.AVLP,3,2,2,"[LOP.PLPL4, PLPL4] -> PLP.AVLPL3 -> [LOL4, PVLPL4]",LOP.PLP,4,PLP,4,LO,4,PVLP,4
222030,mixed,FB->FF,FB,FF,2,2,0,11,3,1.53,3690,335.455,GNG.ICL,4,2,2,"[GNGL5, SPS.GNGL5] -> GNG.ICLL4 -> [AVLPL5, AVLP.ICLL5]",GNG,5,SPS.GNG,5,AVLP,5,AVLP.ICL,5
221676,mixed,FB->FF,FB,FF,2,2,0,35,1,1.0,1375,39.286,PVLP.LO,3,2,2,"[LO.PVLPL4, PVLPL4] -> PVLP.LOL3 -> [LO.PLPL4, PVLP.LOL4]",LO.PVLP,4,PVLP,4,LO.PLP,4,PVLP.LO,4
220480,mixed,FB->FF,FB,FF,2,2,0,11,2,1.042,2438,221.636,GNG.ICL,4,2,2,"[GNGL5, ICL.GNGL5] -> GNG.ICLL4 -> [AVLP.ICLL5, SMPL5]",GNG,5,ICL.GNG,5,AVLP.ICL,5,SMP,5
219700,mixed,FB->FF,FB,FF,2,2,0,4,1,1.0,1842,460.5,PVLP.AVLP,3,2,2,"[LO.PVLPL4, PVLP.AVLPL4] -> PVLP.AVLPL3 -> [AVLPL4, PVLP.LOL4]",LO.PVLP,4,PVLP.AVLP,4,AVLP,4,PVLP.LO,4
219240,mixed,FB->FF,FB,FF,2,2,0,35,1,1.0,2185,62.429,PVLP.LO,3,2,2,"[LO.PVLPL4, PVLPL4] -> PVLP.LOL3 -> [LOL4, LO.MEL4]",LO.PVLP,4,PVLP,4,LO,4,LO.ME,4
219240,mixed,FB->FF,FB,FF,2,2,0,35,1,1.0,3768,107.657,PVLP.LO,3,2,2,"[LO.PVLPL4, PVLPL4] -> PVLP.LOL3 -> [LOL4, MEL4]",LO.PVLP,4,PVLP,4,LO,4,ME,4
219015,mixed,FB->FF,FB,FF,2,2,0,11,3,1.549,3473,315.727,GNG.ICL,4,2,2,"[AVLPL5, GNGL5] -> GNG.ICLL4 -> [ICL.GNGL5, SLP.ICLL5]",AVLP,5,GNG,5,ICL.GNG,5,SLP.ICL,5
215877,mixed,FB->FF,FB,FF,2,2,0,11,3,1.303,2221,201.909,GNG.ICL,4,2,2,"[GNGL5, SPS.GNGL5] -> GNG.ICLL4 -> [AVLP.ICLL5, SLP.ICLL5]",GNG,5,SPS.GNG,5,AVLP.ICL,5,SLP.ICL,5
215839,mixed,FB->FF,FB,FF,2,2,0,90,23,3.792,2013,22.367,AVLP.ICL,4,2,2,"[AVLPL5, PVLP.AVLPL5] -> AVLP.ICLL4 -> [AVLP.ICLL5, ICLL5]",AVLP,5,PVLP.AVLP,5,AVLP.ICL,5,ICL,5
215082,mixed,FB->FF,FB,FF,2,2,0,12,2,1.721,1335,111.25,PLP.AVLP,3,2,2,"[LOP.PLPL4, PLPL4] -> PLP.AVLPL3 -> [AVLPL4, AVLP.PVLPL4]",LOP.PLP,4,PLP,4,AVLP,4,AVLP.PVLP,4
215082,mixed,FB->FF,FB,FF,2,2,0,12,2,1.721,1381,115.083,PLP.AVLP,3,2,2,"[LOP.PLPL4, PLPL4] -> PLP.AVLPL3 -> [AVLPL4, AVLP.SLPL4]",LOP.PLP,4,PLP,4,AVLP,4,AVLP.SLP,4
214200,mixed,FB->FF,FB,FF,2,2,0,12,1,1.0,1625,135.417,PLP.AVLP,3,2,2,"[LOP.PLPL4, LOP.SPSL4] -> PLP.AVLPL3 -> [LOL4, PVLPL4]",LOP.PLP,4,LOP.SPS,4,LO,4,PVLP,4
212940,mixed,FB->FF,FB,FF,2,2,0,4,1,1.0,1125,281.25,PVLP.AVLP,3,2,2,"[LO.PVLPL4, WED.PVLPL4] -> PVLP.AVLPL3 -> [PVLPL4, PVLP.LOL4]",LO.PVLP,4,WED.PVLP,4,PVLP,4,PVLP.LO,4
212856,mixed,FB->FF,FB,FF,2,2,0,12,2,1.68,1613,134.417,PLP.AVLP,3,2,2,"[LOP.PLPL4, ME.AVLPL4] -> PLP.AVLPL3 -> [LOL4, PVLPL4]",LOP.PLP,4,ME.AVLP,4,LO,4,PVLP,4
212779,mixed,FB->FF,FB,FF,2,2,0,11,2,1.566,3650,331.818,GNG.ICL,4,2,2,"[AVLPL5, GNGL5] -> GNG.ICLL4 -> [AVLP.ICLL5, ICL.SMPL5]",AVLP,5,GNG,5,AVLP.ICL,5,ICL.SMP,5
212072,mixed,FB->FF,FB,FF,2,2,0,11,3,1.2,2156,196.0,GNG.ICL,4,2,2,"[AVLP.GNGL5, GNGL5] -> GNG.ICLL4 -> [AVLP.ICLL5, SMP.GNGL5]",AVLP.GNG,5,GNG,5,AVLP.ICL,5,SMP.GNG,5
211800,mixed,FB->FF,FB,FF,2,2,0,11,3,1.741,2259,205.364,GNG.ICL,4,2,2,"[AVLP.GNGL5, GNGL5] -> GNG.ICLL4 -> [ICL.GNGL5, SPSL5]",AVLP.GNG,5,GNG,5,ICL.GNG,5,SPS,5
211388,mixed,FB->FF,FB,FF,2,2,0,791,44,9.899,2013,2.545,AVLP,4,2,2,"[AVLPL5, PVLP.AVLPL5] -> AVLPL4 -> [AVLP.ICLL5, ICLL5]",AVLP,5,PVLP.AVLP,5,AVLP.ICL,5,ICL,5
209950,mixed,FB->FF,FB,FF,2,2,0,11,2,1.656,2536,230.545,GNG.ICL,4,2,2,"[GNGL5, ICLL5] -> GNG.ICLL4 -> [AVLP.ICLL5, SPSL5]",GNG,5,ICL,5,AVLP.ICL,5,SPS,5
209496,mixed,FB->FF,FB,FF,2,2,0,12,2,1.74,2273,189.417,PLP.AVLP,3,2,2,"[IPS.SPSL4, LOP.PLPL4] -> PLP.AVLPL3 -> [AVLPL4, LOL4]",IPS.SPS,4,LOP.PLP,4,AVLP,4,LO,4
209496,mixed,FB->FF,FB,FF,2,2,0,12,2,1.74,2377,198.083,PLP.AVLP,3,2,2,"[LO.SPSL4, LOP.PLPL4] -> PLP.AVLPL3 -> [AVLPL4, LOL4]",LO.SPS,4,LOP.PLP,4,AVLP,4,LO,4
209430,mixed,FB->FF,FB,FF,2,2,0,35,1,1.0,2830,80.857,PVLP.LO,3,2,2,"[AVLPL4, AVLP.PLPL4] -> PVLP.LOL3 -> [LOL4, LO.PVLPL4]",AVLP,4,AVLP.PLP,4,LO,4,LO.PVLP,4
209430,mixed,FB->FF,FB,FF,2,2,0,35,1,1.0,2879,82.257,PVLP.LO,3,2,2,"[AVLPL4, LO.AVLPL4] -> PVLP.LOL3 -> [LOL4, LO.PVLPL4]",AVLP,4,LO.AVLP,4,LO,4,LO.PVLP,4
209430,mixed,FB->FF,FB,FF,2,2,0,35,1,1.0,2893,82.657,PVLP.LO,3,2,2,"[AVLPL4, PVLP.AVLPL4] -> PVLP.LOL3 -> [LOL4, LO.PVLPL4]",AVLP,4,PVLP.AVLP,4,LO,4,LO.PVLP,4
209034,mixed,FB->FF,FB,FF,2,2,0,12,2,1.852,1124,93.667,PLP.AVLP,3,2,2,"[LOP.PLPL4, ME.AVLPL4] -> PLP.AVLPL3 -> [AVLPL4, AVLP.PVLPL4]",LOP.PLP,4,ME.AVLP,4,AVLP,4,AVLP.PVLP,4
209034,mixed,FB->FF,FB,FF,2,2,0,12,2,1.852,1170,97.5,PLP.AVLP,3,2,2,"[LOP.PLPL4, ME.AVLPL4] -> PLP.AVLPL3 -> [AVLPL4, AVLP.SLPL4]",LOP.PLP,4,ME.AVLP,4,AVLP,4,AVLP.SLP,4
206976,mixed,FB->FF,FB,FF,2,2,0,12,2,1.998,1666,138.833,PLP.AVLP,3,2,2,"[LOP.PLPL4, PVLPL4] -> PLP.AVLPL3 -> [LOL4, PVLP.AVLPL4]",LOP.PLP,4,PVLP,4,LO,4,PVLP.AVLP,4
205844,mixed,FB->FF,FB,FF,2,2,0,35,2,1.0,1911,54.6,PVLP.LO,3,2,2,"[AVLPL4, LO.PVLPL4] -> PVLP.LOL3 -> [PVLPL4, PVLP.LOL4]",AVLP,4,LO.PVLP,4,PVLP,4,PVLP.LO,4
205665,mixed,FB->FF,FB,FF,2,2,0,11,2,1.631,2182,198.364,GNG.ICL,4,2,2,"[GNGL5, SLP.ICLL5] -> GNG.ICLL4 -> [AVLP.ICLL5, ICL.GNGL5]",GNG,5,SLP.ICL,5,AVLP.ICL,5,ICL.GNG,5
204816,mixed,FB->FF,FB,FF,2,2,0,11,2,1.23,2458,223.455,GNG.ICL,4,2,2,"[AVLP.GORL5, GNGL5] -> GNG.ICLL4 -> [AVLP.ICLL5, SPSL5]",AVLP.GOR,5,GNG,5,AVLP.ICL,5,SPS,5
204228,mixed,FB->FF,FB,FF,2,2,0,11,2,1.992,3657,332.455,GNG.ICL,4,2,2,"[AVLP.ICLL5, GNGL5] -> GNG.ICLL4 -> [AVLPL5, AVLP.GORL5]",AVLP.ICL,5,GNG,5,AVLP,5,AVLP.GOR,5
204062,mixed,FB->FF,FB,FF,2,2,0,11,2,1.904,3676,334.182,GNG.ICL,4,2,2,"[GNGL5, SLP.ICLL5] -> GNG.ICLL4 -> [AVLPL5, AVLP.ICLL5]",GNG,5,SLP.ICL,5,AVLP,5,AVLP.ICL,5
203550,mixed,FB->FF,FB,FF,2,2,0,1160,1,1.0,825,0.711,LO,4,2,2,"[AOTUL5, LOL5] -> LOL4 -> [LO.AOTUL5, LO.PVLPL5]",AOTU,5,LO,5,LO.AOTU,5,LO.PVLP,5
203520,mixed,FB->FF,FB,FF,2,2,0,11,2,1.8,2251,204.636,GNG.ICL,4,2,2,"[AVLP.ICLL5, GNGL5] -> GNG.ICLL4 -> [AVLP.GNGL5, ICLL5]",AVLP.ICL,5,GNG,5,AVLP.GNG,5,ICL,5
202030,mixed,FB->FF,FB,FF,2,2,0,11,2,1.529,2163,196.636,GNG.ICL,4,2,2,"[GNGL5, ICL.GNGL5] -> GNG.ICLL4 -> [AVLP.GORL5, AVLP.ICLL5]",GNG,5,ICL.GNG,5,AVLP.GOR,5,AVLP.ICL,5
201235,mixed,FB->FF,FB,FF,2,2,0,11,2,1.701,2251,204.636,GNG.ICL,4,2,2,"[GNGL5, ICLL5] -> GNG.ICLL4 -> [AVLP.GNGL5, AVLP.ICLL5]",GNG,5,ICL,5,AVLP.GNG,5,AVLP.ICL,5
201138,mixed,FB->FF,FB,FF,2,2,0,12,2,1.857,3120,260.0,PLP.AVLP,3,2,2,"[LO.PVLPL4, LOP.PLPL4] -> PLP.AVLPL3 -> [AVLPL4, LOL4]",LO.PVLP,4,LOP.PLP,4,AVLP,4,LO,4
201138,mixed,FB->FF,FB,FF,2,2,0,12,2,1.857,2318,193.167,PLP.AVLP,3,2,2,"[LOP.PLPL4, PVLP.AVLPL4] -> PLP.AVLPL3 -> [AVLPL4, LOL4]",LOP.PLP,4,PVLP.AVLP,4,AVLP,4,LO,4
31224483800,mixed,FB->lat,FB,lat,0,2,2,2282,2,1.461,8835,3.872,LO,3,2,2,"[LO.LOPL4, ME.LOPL4] -> LOL3 -> [LO.LOPL3, ME.LOPL3]",LO.LOP,4,ME.LOP,4,LO.LOP,3,ME.LOP,3
31188154700,mixed,FB->lat,FB,lat,0,2,2,2282,2,1.226,10293,4.511,LO,3,2,2,"[LO.LOPL4, MEL4] -> LOL3 -> [LO.LOPL3, ME.LOPL3]",LO.LOP,4,ME,4,LO.LOP,3,ME.LOP,3
22299759400,mixed,FB->lat,FB,lat,0,2,2,2282,2,1.1,9856,4.319,LO,3,2,2,"[LOL4, LO.LOPL4] -> LOL3 -> [LO.LOPL3, ME.LOPL3]",LO,4,LO.LOP,4,LO.LOP,3,ME.LOP,3
3125475160,mixed,FB->lat,FB,lat,0,2,2,2282,2,1.684,9476,4.152,LO,3,2,2,"[MEL4, ME.LOPL4] -> LOL3 -> [LO.LOPL3, ME.LOPL3]",ME,4,ME.LOP,4,LO.LOP,3,ME.LOP,3
2198229040,mixed,FB->lat,FB,lat,0,2,2,2282,2,1.037,17344,7.6,LO,3,2,2,"[LO.LOPL4, MEL4] -> LOL3 -> [LO.LOPL3, MEL3]",LO.LOP,4,ME,4,LO.LOP,3,ME,3
2048831800,mixed,FB->lat,FB,lat,0,2,2,2282,4,1.162,10497,4.6,LO,3,2,2,"[LOL4, MEL4] -> LOL3 -> [LO.LOPL3, ME.LOPL3]",LO,4,ME,4,LO.LOP,3,ME.LOP,3
2028440320,mixed,FB->lat,FB,lat,0,2,2,2282,2,1.026,16920,7.415,LO,3,2,2,"[LO.LOPL4, MEL4] -> LOL3 -> [MEL3, ME.LOPL3]",LO.LOP,4,ME,4,ME,3,ME.LOP,3
2011609660,mixed,FB->lat,FB,lat,0,2,2,2282,2,1.079,15886,6.961,LO,3,2,2,"[LO.LOPL4, ME.LOPL4] -> LOL3 -> [LO.LOPL3, MEL3]",LO.LOP,4,ME.LOP,4,LO.LOP,3,ME,3
1994121680,mixed,FB->lat,FB,lat,0,2,2,2282,2,1.338,9039,3.961,LO,3,2,2,"[LOL4, ME.LOPL4] -> LOL3 -> [LO.LOPL3, ME.LOPL3]",LO,4,ME.LOP,4,LO.LOP,3,ME.LOP,3
1844937280,mixed,FB->lat,FB,lat,0,2,2,2282,2,1.055,15462,6.776,LO,3,2,2,"[LO.LOPL4, ME.LOPL4] -> LOL3 -> [MEL3, ME.LOPL3]",LO.LOP,4,ME.LOP,4,ME,3,ME.LOP,3
1783359155,mixed,FB->lat,FB,lat,0,2,2,2282,2,1.054,15499,6.792,LO,3,2,2,"[LO.LOPL4, MEL4] -> LOL3 -> [LO.LOPL3, ME.LOL3]",LO.LOP,4,ME,4,LO.LOP,3,ME.LO,3
1650619350,mixed,FB->lat,FB,lat,0,2,2,2282,3,1.016,16907,7.409,LO,3,2,2,"[LOL4, LO.LOPL4] -> LOL3 -> [LO.LOPL3, MEL3]",LO,4,LO.LOP,4,LO.LOP,3,ME,3
1646454620,mixed,FB->lat,FB,lat,0,2,2,2282,2,1.114,14041,6.153,LO,3,2,2,"[LO.LOPL4, ME.LOPL4] -> LOL3 -> [LO.LOPL3, ME.LOL3]",LO.LOP,4,ME.LOP,4,LO.LOP,3,ME.LO,3
1641605540,mixed,FB->lat,FB,lat,0,2,2,2282,2,1.037,15075,6.606,LO,3,2,2,"[LO.LOPL4, MEL4] -> LOL3 -> [ME.LOL3, ME.LOPL3]",LO.LOP,4,ME,4,ME.LO,3,ME.LOP,3
1527837440,mixed,FB->lat,FB,lat,0,2,2,2282,2,1.011,16483,7.223,LO,3,2,2,"[LOL4, LO.LOPL4] -> LOL3 -> [MEL3, ME.LOPL3]",LO,4,LO.LOP,4,ME,3,ME.LOP,3
1502509160,mixed,FB->lat,FB,lat,0,2,2,2282,2,1.08,13617,5.967,LO,3,2,2,"[LO.LOPL4, ME.LOPL4] -> LOL3 -> [ME.LOL3, ME.LOPL3]",LO.LOP,4,ME.LOP,4,ME.LO,3,ME.LOP,3
1498224700,mixed,FB->lat,FB,lat,0,2,2,2282,2,1.846,8805,3.858,LO,3,2,2,"[LO.LOPL4, PVLP.LOL4] -> LOL3 -> [LO.LOPL3, ME.LOPL3]",LO.LOP,4,PVLP.LO,4,LO.LOP,3,ME.LOP,3
1333056610,mixed,FB->lat,FB,lat,0,2,2,2282,2,1.024,15062,6.6,LO,3,2,2,"[LOL4, LO.LOPL4] -> LOL3 -> [LO.LOPL3, ME.LOL3]",LO,4,LO.LOP,4,LO.LOP,3,ME.LO,3
1232546680,mixed,FB->lat,FB,lat,0,2,2,2282,2,1.016,14638,6.415,LO,3,2,2,"[LOL4, LO.LOPL4] -> LOL3 -> [ME.LOL3, ME.LOPL3]",LO,4,LO.LOP,4,ME.LO,3,ME.LOP,3
289741088,mixed,FB->lat,FB,lat,0,2,2,35,1,1.0,11233,320.943,PVLP.LO,3,2,2,"[AVLPL4, LO.PVLPL4] -> PVLP.LOL3 -> [LO.PVLPL3, ME.LOL3]",AVLP,4,LO.PVLP,4,LO.PVLP,3,ME.LO,3
267453312,mixed,FB->lat,FB,lat,0,2,2,35,1,1.0,10581,302.314,PVLP.LO,3,2,2,"[LO.PVLPL4, PVLPL4] -> PVLP.LOL3 -> [LO.PVLPL3, ME.LOL3]",LO.PVLP,4,PVLP,4,LO.PVLP,3,ME.LO,3
266529600,mixed,FB->lat,FB,lat,0,2,2,2282,1,1.0,8853,3.879,LO,3,2,2,"[LO.LOPL4, LOPL4] -> LOL3 -> [LO.LOPL3, ME.LOPL3]",LO.LOP,4,LOP,4,LO.LOP,3,ME.LOP,3
226236192,mixed,FB->lat,FB,lat,0,2,2,35,1,1.0,12809,365.971,PVLP.LO,3,2,2,"[AVLPL4, LO.PVLPL4] -> PVLP.LOL3 -> [LOL3, ME.LOL3]",AVLP,4,LO.PVLP,4,LO,3,ME.LO,3
224928440,mixed,FB->lat,FB,lat,0,2,2,2282,2,1.821,7988,3.5,LO,3,2,2,"[ME.LOPL4, PVLP.LOL4] -> LOL3 -> [LO.LOPL3, ME.LOPL3]",ME.LOP,4,PVLP.LO,4,LO.LOP,3,ME.LOP,3
208833408,mixed,FB->lat,FB,lat,0,2,2,35,1,1.0,12157,347.343,PVLP.LO,3,2,2,"[LO.PVLPL4, PVLPL4] -> PVLP.LOL3 -> [LOL3, ME.LOL3]",LO.PVLP,4,PVLP,4,LO,3,ME.LO,3
183738608,mixed,FB->lat,FB,lat,0,2,2,2282,2,1.128,16527,7.242,LO,3,2,2,"[MEL4, ME.LOPL4] -> LOL3 -> [LO.LOPL3, MEL3]",ME,4,ME.LOP,4,LO.LOP,3,ME,3
167363840,mixed,FB->lat,FB,lat,0,2,2,2282,2,1.089,16103,7.057,LO,3,2,2,"[MEL4, ME.LOPL4] -> LOL3 -> [MEL3, ME.LOPL3]",ME,4,ME.LOP,4,ME,3,ME.LOP,3
163191447,mixed,FB->lat,FB,lat,0,2,2,2282,9,1.994,9446,4.139,LO,3,2,2,"[MEL4, PVLP.LOL4] -> LOL3 -> [LO.LOPL3, ME.LOPL3]",ME,4,PVLP.LO,4,LO.LOP,3,ME.LOP,3
151862398,mixed,FB->lat,FB,lat,0,2,2,2282,2,1.184,14682,6.434,LO,3,2,2,"[MEL4, ME.LOPL4] -> LOL3 -> [LO.LOPL3, ME.LOL3]",ME,4,ME.LOP,4,LO.LOP,3,ME.LO,3
148023744,mixed,FB->lat,FB,lat,0,2,2,2282,4,1.026,17548,7.69,LO,3,2,2,"[LOL4, MEL4] -> LOL3 -> [LO.LOPL3, MEL3]",LO,4,ME,4,LO.LOP,3,ME,3
137265160,mixed,FB->lat,FB,lat,0,2,2,2282,2,1.129,14258,6.248,LO,3,2,2,"[MEL4, ME.LOPL4] -> LOL3 -> [ME.LOL3, ME.LOPL3]",ME,4,ME.LOP,4,ME.LO,3,ME.LOP,3
136806590,mixed,FB->lat,FB,lat,0,2,2,2282,4,1.018,17124,7.504,LO,3,2,2,"[LOL4, MEL4] -> LOL3 -> [MEL3, ME.LOPL3]",LO,4,ME,4,ME,3,ME.LOP,3
134676304,mixed,FB->lat,FB,lat,0,2,2,2282,2,1.056,16090,7.051,LO,3,2,2,"[LOL4, ME.LOPL4] -> LOL3 -> [LO.LOPL3, MEL3]",LO,4,ME.LOP,4,LO.LOP,3,ME,3
124635688,mixed,FB->lat,FB,lat,0,2,2,2282,2,1.006,22126,9.696,LO,3,2,2,"[LO.LOPL4, MEL4] -> LOL3 -> [MEL3, ME.LOL3]",LO.LOP,4,ME,4,ME,3,ME.LO,3
123923200,mixed,FB->lat,FB,lat,0,2,2,2282,2,1.039,15666,6.865,LO,3,2,2,"[LOL4, ME.LOPL4] -> LOL3 -> [MEL3, ME.LOPL3]",LO,4,ME.LOP,4,ME,3,ME.LOP,3
119810290,mixed,FB->lat,FB,lat,0,2,2,2282,4,1.038,15703,6.881,LO,3,2,2,"[LOL4, MEL4] -> LOL3 -> [LO.LOPL3, ME.LOL3]",LO,4,ME,4,LO.LOP,3,ME.LO,3
115013232,mixed,FB->lat,FB,lat,0,2,2,52,1,1.0,2301,44.25,MB_ML,3,2,2,"[MB_CA.MB_MLL4, PLP.MB_MLL4] -> MB_MLL3 -> [MB_CA.MB_MLL3, MB_CA.MB_PEDL3]",MB_CA.MB_ML,4,PLP.MB_ML,4,MB_CA.MB_ML,3,MB_CA.MB_PED,3
112126402,mixed,FB->lat,FB,lat,0,2,2,2282,2,1.013,20668,9.057,LO,3,2,2,"[LO.LOPL4, ME.LOPL4] -> LOL3 -> [MEL3, ME.LOL3]",LO.LOP,4,ME.LOP,4,ME,3,ME.LO,3
110536938,mixed,FB->lat,FB,lat,0,2,2,2282,4,1.027,15279,6.695,LO,3,2,2,"[LOL4, MEL4] -> LOL3 -> [ME.LOL3, ME.LOPL3]",LO,4,ME,4,ME.LO,3,ME.LOP,3
109709084,mixed,FB->lat,FB,lat,0,2,2,2282,2,1.082,14245,6.242,LO,3,2,2,"[LOL4, ME.LOPL4] -> LOL3 -> [LO.LOPL3, ME.LOL3]",LO,4,ME.LOP,4,LO.LOP,3,ME.LO,3
100582640,mixed,FB->lat,FB,lat,0,2,2,2282,2,1.057,13821,6.057,LO,3,2,2,"[LOL4, ME.LOPL4] -> LOL3 -> [ME.LOL3, ME.LOPL3]",LO,4,ME.LOP,4,ME.LO,3,ME.LOP,3
96900912,mixed,FB->lat,FB,lat,0,2,2,52,1,1.0,2440,46.923,MB_ML,3,2,2,"[MB_CA.MB_MLL4, PLP.MB_MLL4] -> MB_MLL3 -> [MB_CA.MB_MLL3, MB_CA.MB_VLL3]",MB_CA.MB_ML,4,PLP.MB_ML,4,MB_CA.MB_ML,3,MB_CA.MB_VL,3
94391104,mixed,FB->lat,FB,lat,0,2,2,2282,4,1.003,21689,9.504,LO,3,2,2,"[LOL4, LO.LOPL4] -> LOL3 -> [MEL3, ME.LOL3]",LO,4,LO.LOP,4,ME,3,ME.LO,3
91024128,mixed,FB->lat,FB,lat,0,2,2,2282,5,1.681,9009,3.948,LO,3,2,2,"[LOL4, PVLP.LOL4] -> LOL3 -> [LO.LOPL3, ME.LOPL3]",LO,4,PVLP.LO,4,LO.LOP,3,ME.LOP,3
81085640,mixed,FB->lat,FB,lat,0,2,2,2282,2,1.178,15856,6.948,LO,3,2,2,"[LO.LOPL4, PVLP.LOL4] -> LOL3 -> [LO.LOPL3, MEL3]",LO.LOP,4,PVLP.LO,4,LO.LOP,3,ME,3
73857600,mixed,FB->lat,FB,lat,0,2,2,2282,1,1.0,8036,3.521,LO,3,2,2,"[LOPL4, ME.LOPL4] -> LOL3 -> [LO.LOPL3, ME.LOPL3]",LOP,4,ME.LOP,4,LO.LOP,3,ME.LOP,3
73358720,mixed,FB->lat,FB,lat,0,2,2,2282,2,1.124,15432,6.762,LO,3,2,2,"[LO.LOPL4, PVLP.LOL4] -> LOL3 -> [MEL3, ME.LOPL3]",LO.LOP,4,PVLP.LO,4,ME,3,ME.LOP,3
67660555,mixed,FB->lat,FB,lat,0,2,2,2282,2,1.255,14011,6.14,LO,3,2,2,"[LO.LOPL4, PVLP.LOL4] -> LOL3 -> [LO.LOPL3, ME.LOL3]",LO.LOP,4,PVLP.LO,4,LO.LOP,3,ME.LO,3
65489424,mixed,FB->lat,FB,lat,0,2,2,35,1,1.0,21236,606.743,PVLP.LO,3,2,2,"[AVLPL4, LO.PVLPL4] -> PVLP.LOL3 -> [MEL3, ME.LOL3]",AVLP,4,LO.PVLP,4,ME,3,ME.LO,3
60588340,mixed,FB->lat,FB,lat,0,2,2,2282,2,1.179,13587,5.954,LO,3,2,2,"[LO.LOPL4, PVLP.LOL4] -> LOL3 -> [ME.LOL3, ME.LOPL3]",LO.LOP,4,PVLP.LO,4,ME.LO,3,ME.LOP,3
60533280,mixed,FB->lat,FB,lat,0,2,2,52,1,1.0,2301,44.25,MB_ML,3,2,2,"[MB_CA.MB_MLL4, PLP.MB_PEDL4] -> MB_MLL3 -> [MB_CA.MB_MLL3, MB_CA.MB_PEDL3]",MB_CA.MB_ML,4,PLP.MB_PED,4,MB_CA.MB_ML,3,MB_CA.MB_PED,3
60451776,mixed,FB->lat,FB,lat,0,2,2,35,1,1.0,20584,588.114,PVLP.LO,3,2,2,"[LO.PVLPL4, PVLPL4] -> PVLP.LOL3 -> [MEL3, ME.LOL3]",LO.PVLP,4,PVLP,4,ME,3,ME.LO,3
55242576,mixed,FB->lat,FB,lat,0,2,2,52,1,1.0,2150,41.346,MB_ML,3,2,2,"[MB_CA.MB_MLL4, PLP.MB_MLL4] -> MB_MLL3 -> [MB_CA.CREL3, MB_CA.MB_MLL3]",MB_CA.MB_ML,4,PLP.MB_ML,4,MB_CA.CRE,3,MB_CA.MB_ML,3
51000480,mixed,FB->lat,FB,lat,0,2,2,52,1,1.0,2440,46.923,MB_ML,3,2,2,"[MB_CA.MB_MLL4, PLP.MB_PEDL4] -> MB_MLL3 -> [MB_CA.MB_MLL3, MB_CA.MB_VLL3]",MB_CA.MB_ML,4,PLP.MB_PED,4,MB_CA.MB_ML,3,MB_CA.MB_VL,3
50443080,mixed,FB->lat,FB,lat,0,2,2,1,1,1.0,2447,2447.0,MB_ML.MB_CA,3,2,2,"[PLP.CREL4, PLP.MB_PEDL4] -> MB_ML.MB_CAL3 -> [MB_CA.MB_MLL3, MB_CA.MB_VLL3]",PLP.CRE,4,PLP.MB_PED,4,MB_CA.MB_ML,3,MB_CA.MB_VL,3
48426624,mixed,FB->lat,FB,lat,0,2,2,52,1,1.0,3215,61.827,MB_ML,3,2,2,"[MB_CA.MB_MLL4, SMPL4] -> MB_MLL3 -> [MB_CA.MB_MLL3, MB_CA.MB_PEDL3]",MB_CA.MB_ML,4,SMP,4,MB_CA.MB_ML,3,MB_CA.MB_PED,3
44575552,mixed,FB->lat,FB,lat,0,2,2,35,1,1.0,10449,298.543,PVLP.LO,3,2,2,"[AVLP.PLPL4, LO.PVLPL4] -> PVLP.LOL3 -> [LO.PVLPL3, ME.LOL3]",AVLP.PLP,4,LO.PVLP,4,LO.PVLP,3,ME.LO,3
44575552,mixed,FB->lat,FB,lat,0,2,2,35,1,1.0,10498,299.943,PVLP.LO,3,2,2,"[LO.AVLPL4, LO.PVLPL4] -> PVLP.LOL3 -> [LO.PVLPL3, ME.LOL3]",LO.AVLP,4,LO.PVLP,4,LO.PVLP,3,ME.LO,3
44575552,mixed,FB->lat,FB,lat,0,2,2,35,1,1.0,10512,300.343,PVLP.LO,3,2,2,"[LO.PVLPL4, PVLP.AVLPL4] -> PVLP.LOL3 -> [LO.PVLPL3, ME.LOL3]",LO.PVLP,4,PVLP.AVLP,4,LO.PVLP,3,ME.LO,3
43923516,mixed,FB->lat,FB,lat,0,2,2,35,1,1.0,4651,132.886,PVLP.LO,3,2,2,"[AVLPL4, LO.PVLPL4] -> PVLP.LOL3 -> [LOL3, LO.PVLPL3]",AVLP,4,LO.PVLP,4,LO,3,LO.PVLP,3
42373296,mixed,FB->lat,FB,lat,0,2,2,52,1,1.0,2410,46.346,MB_ML,3,2,2,"[CREL4, MB_CA.MB_MLL4] -> MB_MLL3 -> [MB_CA.MB_MLL3, MB_CA.MB_PEDL3]",CRE,4,MB_CA.MB_ML,4,MB_CA.MB_ML,3,MB_CA.MB_PED,3
40800384,mixed,FB->lat,FB,lat,0,2,2,52,1,1.0,3354,64.5,MB_ML,3,2,2,"[MB_CA.MB_MLL4, SMPL4] -> MB_MLL3 -> [MB_CA.MB_MLL3, MB_CA.MB_VLL3]",MB_CA.MB_ML,4,SMP,4,MB_CA.MB_ML,3,MB_CA.MB_VL,3
40544940,mixed,FB->lat,FB,lat,0,2,2,35,5,1.0,3999,114.257,PVLP.LO,3,2,2,"[LO.PVLPL4, PVLPL4] -> PVLP.LOL3 -> [LOL3, LO.PVLPL3]",LO.PVLP,4,PVLP,4,LO,3,LO.PVLP,3
38534604,mixed,FB->lat,FB,lat,0,2,2,2282,3,1.0,9494,4.16,LO,3,2,2,"[LOPL4, MEL4] -> LOL3 -> [LO.LOPL3, ME.LOPL3]",LOP,4,ME,4,LO.LOP,3,ME.LOP,3
36319968,mixed,FB->lat,FB,lat,0,2,2,52,1,1.0,2322,44.654,MB_ML,3,2,2,"[MB_CA.MB_MLL4, PLP.CREL4] -> MB_MLL3 -> [MB_CA.MB_MLL3, MB_CA.MB_PEDL3]",MB_CA.MB_ML,4,PLP.CRE,4,MB_CA.MB_ML,3,MB_CA.MB_PED,3
35700336,mixed,FB->lat,FB,lat,0,2,2,52,1,1.0,2549,49.019,MB_ML,3,2,2,"[CREL4, MB_CA.MB_MLL4] -> MB_MLL3 -> [MB_CA.MB_MLL3, MB_CA.MB_VLL3]",CRE,4,MB_CA.MB_ML,4,MB_CA.MB_ML,3,MB_CA.MB_VL,3
34805568,mixed,FB->lat,FB,lat,0,2,2,35,1,1.0,12025,343.571,PVLP.LO,3,2,2,"[AVLP.PLPL4, LO.PVLPL4] -> PVLP.LOL3 -> [LOL3, ME.LOL3]",AVLP.PLP,4,LO.PVLP,4,LO,3,ME.LO,3
34805568,mixed,FB->lat,FB,lat,0,2,2,35,1,1.0,12074,344.971,PVLP.LO,3,2,2,"[LO.AVLPL4, LO.PVLPL4] -> PVLP.LOL3 -> [LOL3, ME.LOL3]",LO.AVLP,4,LO.PVLP,4,LO,3,ME.LO,3
34805568,mixed,FB->lat,FB,lat,0,2,2,35,1,1.0,12088,345.371,PVLP.LO,3,2,2,"[LO.PVLPL4, PVLP.AVLPL4] -> PVLP.LOL3 -> [LOL3, ME.LOL3]",LO.PVLP,4,PVLP.AVLP,4,LO,3,ME.LO,3
31948120,mixed,FB->lat,FB,lat,0,2,2,52,1,1.0,2287,43.981,MB_ML,3,2,2,"[PLP.MB_MLL4, PLP.MB_PEDL4] -> MB_MLL3 -> [MB_CA.MB_MLL3, MB_CA.MB_PEDL3]",PLP.MB_ML,4,PLP.MB_PED,4,MB_CA.MB_ML,3,MB_CA.MB_PED,3
30790944,mixed,FB->lat,FB,lat,0,2,2,52,1,1.0,2069,39.788,MB_ML,3,2,2,"[MB_CA.MB_MLL4, PLP.MB_MLL4] -> MB_MLL3 -> [MB_CA.MB_MLL3, PLP.MB_MLL3]",MB_CA.MB_ML,4,PLP.MB_ML,4,MB_CA.MB_ML,3,PLP.MB_ML,3
30600288,mixed,FB->lat,FB,lat,0,2,2,52,1,1.0,2461,47.327,MB_ML,3,2,2,"[MB_CA.MB_MLL4, PLP.CREL4] -> MB_MLL3 -> [MB_CA.MB_MLL3, MB_CA.MB_VLL3]",MB_CA.MB_ML,4,PLP.CRE,4,MB_CA.MB_ML,3,MB_CA.MB_VL,3
30266640,mixed,FB->lat,FB,lat,0,2,2,52,1,1.0,2375,45.673,MB_ML,3,2,2,"[MB_CA.MB_MLL4, SMP.CREL4] -> MB_MLL3 -> [MB_CA.MB_MLL3, MB_CA.MB_PEDL3]",MB_CA.MB_ML,4,SMP.CRE,4,MB_CA.MB_ML,3,MB_CA.MB_PED,3
29075040,mixed,FB->lat,FB,lat,0,2,2,52,1,1.0,2150,41.346,MB_ML,3,2,2,"[MB_CA.MB_MLL4, PLP.MB_PEDL4] -> MB_MLL3 -> [MB_CA.CREL3, MB_CA.MB_MLL3]",MB_CA.MB_ML,4,PLP.MB_PED,4,MB_CA.CRE,3,MB_CA.MB_ML,3
26916920,mixed,FB->lat,FB,lat,0,2,2,52,1,1.0,2426,46.654,MB_ML,3,2,2,"[PLP.MB_MLL4, PLP.MB_PEDL4] -> MB_MLL3 -> [MB_CA.MB_MLL3, MB_CA.MB_VLL3]",PLP.MB_ML,4,PLP.MB_PED,4,MB_CA.MB_ML,3,MB_CA.MB_VL,3
26902976,mixed,FB->lat,FB,lat,0,2,2,1,1,1.0,2556,2556.0,MB_ML.MB_CA,3,2,2,"[CREL4, PLP.CREL4] -> MB_ML.MB_CAL3 -> [MB_CA.MB_MLL3, MB_CA.MB_VLL3]",CRE,4,PLP.CRE,4,MB_CA.MB_ML,3,MB_CA.MB_VL,3
26902976,mixed,FB->lat,FB,lat,0,2,2,1,1,1.0,3361,3361.0,MB_ML.MB_CA,3,2,2,"[PLP.CREL4, SMPL4] -> MB_ML.MB_CAL3 -> [MB_CA.MB_MLL3, MB_CA.MB_VLL3]",PLP.CRE,4,SMP,4,MB_CA.MB_ML,3,MB_CA.MB_VL,3
25558496,mixed,FB->lat,FB,lat,0,2,2,52,1,1.0,3201,61.558,MB_ML,3,2,2,"[PLP.MB_MLL4, SMPL4] -> MB_MLL3 -> [MB_CA.MB_MLL3, MB_CA.MB_PEDL3]",PLP.MB_ML,4,SMP,4,MB_CA.MB_ML,3,MB_CA.MB_PED,3
25500240,mixed,FB->lat,FB,lat,0,2,2,52,1,1.0,2514,48.346,MB_ML,3,2,2,"[MB_CA.MB_MLL4, SMP.CREL4] -> MB_MLL3 -> [MB_CA.MB_MLL3, MB_CA.MB_VLL3]",MB_CA.MB_ML,4,SMP.CRE,4,MB_CA.MB_ML,3,MB_CA.MB_VL,3
24657480,mixed,FB->lat,FB,lat,0,2,2,1,1,1.0,2308,2308.0,MB_ML.MB_CA,3,2,2,"[PLP.CREL4, PLP.MB_PEDL4] -> MB_ML.MB_CAL3 -> [MB_CA.MB_MLL3, MB_CA.MB_PEDL3]",PLP.CRE,4,PLP.MB_PED,4,MB_CA.MB_ML,3,MB_CA.MB_PED,3
24213312,mixed,FB->lat,FB,lat,0,2,2,52,1,1.0,2616,50.308,MB_ML,3,2,2,"[LHL4, MB_CA.MB_MLL4] -> MB_MLL3 -> [MB_CA.MB_MLL3, MB_CA.MB_PEDL3]",LH,4,MB_CA.MB_ML,4,MB_CA.MB_ML,3,MB_CA.MB_PED,3
24213312,mixed,FB->lat,FB,lat,0,2,2,52,1,1.0,2281,43.865,MB_ML,3,2,2,"[MB_CA.MB_MLL4, MB_CA.MB_VLL4] -> MB_MLL3 -> [MB_CA.MB_MLL3, MB_CA.MB_PEDL3]",MB_CA.MB_ML,4,MB_CA.MB_VL,4,MB_CA.MB_ML,3,MB_CA.MB_PED,3
24213312,mixed,FB->lat,FB,lat,0,2,2,52,1,1.0,2283,43.904,MB_ML,3,2,2,"[MB_CA.MB_MLL4, SCL.MB_MLL4] -> MB_MLL3 -> [MB_CA.MB_MLL3, MB_CA.MB_PEDL3]",MB_CA.MB_ML,4,SCL.MB_ML,4,MB_CA.MB_ML,3,MB_CA.MB_PED,3
23737920,mixed,FB->lat,FB,lat,0,2,2,1,1,1.0,2535,2535.0,MB_ML.MB_CA,3,2,2,"[CREL4, PLP.MB_PEDL4] -> MB_ML.MB_CAL3 -> [MB_CA.MB_MLL3, MB_CA.MB_VLL3]",CRE,4,PLP.MB_PED,4,MB_CA.MB_ML,3,MB_CA.MB_VL,3
23737920,mixed,FB->lat,FB,lat,0,2,2,1,1,1.0,3340,3340.0,MB_ML.MB_CA,3,2,2,"[PLP.MB_PEDL4, SMPL4] -> MB_ML.MB_CAL3 -> [MB_CA.MB_MLL3, MB_CA.MB_VLL3]",PLP.MB_PED,4,SMP,4,MB_CA.MB_ML,3,MB_CA.MB_VL,3
23260032,mixed,FB->lat,FB,lat,0,2,2,52,1,1.0,3064,58.923,MB_ML,3,2,2,"[MB_CA.MB_MLL4, SMPL4] -> MB_MLL3 -> [MB_CA.CREL3, MB_CA.MB_MLL3]",MB_CA.MB_ML,4,SMP,4,MB_CA.CRE,3,MB_CA.MB_ML,3
22363684,mixed,FB->lat,FB,lat,0,2,2,52,1,1.0,2396,46.077,MB_ML,3,2,2,"[CREL4, PLP.MB_MLL4] -> MB_MLL3 -> [MB_CA.MB_MLL3, MB_CA.MB_PEDL3]",CRE,4,PLP.MB_ML,4,MB_CA.MB_ML,3,MB_CA.MB_PED,3
22287776,mixed,FB->lat,FB,lat,0,2,2,35,1,1.0,10452,298.629,PVLP.LO,3,2,2,"[IPS.PLPL4, LO.PVLPL4] -> PVLP.LOL3 -> [LO.PVLPL3, ME.LOL3]",IPS.PLP,4,LO.PVLP,4,LO.PVLP,3,ME.LO,3
22287776,mixed,FB->lat,FB,lat,0,2,2,35,1,1.0,10445,298.429,PVLP.LO,3,2,2,"[IPS.PVLPL4, LO.PVLPL4] -> PVLP.LOL3 -> [LO.PVLPL3, ME.LOL3]",IPS.PVLP,4,LO.PVLP,4,LO.PVLP,3,ME.LO,3
22287776,mixed,FB->lat,FB,lat,0,2,2,35,1,1.0,11602,331.486,PVLP.LO,3,2,2,"[LOL4, LO.PVLPL4] -> PVLP.LOL3 -> [LO.PVLPL3, ME.LOL3]",LO,4,LO.PVLP,4,LO.PVLP,3,ME.LO,3
22287776,mixed,FB->lat,FB,lat,0,2,2,35,1,1.0,10459,298.829,PVLP.LO,3,2,2,"[LO.PVLPL4, ME.AVLPL4] -> PVLP.LOL3 -> [LO.PVLPL3, ME.LOL3]",LO.PVLP,4,ME.AVLP,4,LO.PVLP,3,ME.LO,3
22287776,mixed,FB->lat,FB,lat,0,2,2,35,1,1.0,10444,298.4,PVLP.LO,3,2,2,"[LO.PVLPL4, ME.PVLPL4] -> PVLP.LOL3 -> [LO.PVLPL3, ME.LOL3]",LO.PVLP,4,ME.PVLP,4,LO.PVLP,3,ME.LO,3
22287776,mixed,FB->lat,FB,lat,0,2,2,35,1,1.0,10551,301.457,PVLP.LO,3,2,2,"[LO.PVLPL4, PVLP.LOL4] -> PVLP.LOL3 -> [LO.PVLPL3, ME.LOL3]",LO.PVLP,4,PVLP.LO,4,LO.PVLP,3,ME.LO,3
22287776,mixed,FB->lat,FB,lat,0,2,2,35,1,1.0,10472,299.2,PVLP.LO,3,2,2,"[LO.PVLPL4, WED.AVLPL4] -> PVLP.LOL3 -> [LO.PVLPL3, ME.LOL3]",LO.PVLP,4,WED.AVLP,4,LO.PVLP,3,ME.LO,3
21533536,mixed,FB->lat,FB,lat,0,2,2,52,1,1.0,3340,64.231,MB_ML,3,2,2,"[PLP.MB_MLL4, SMPL4] -> MB_MLL3 -> [MB_CA.MB_MLL3, MB_CA.MB_VLL3]",PLP.MB_ML,4,SMP,4,MB_CA.MB_ML,3,MB_CA.MB_VL,3
20400192,mixed,FB->lat,FB,lat,0,2,2,52,1,1.0,2755,52.981,MB_ML,3,2,2,"[LHL4, MB_CA.MB_MLL4] -> MB_MLL3 -> [MB_CA.MB_MLL3, MB_CA.MB_VLL3]",LH,4,MB_CA.MB_ML,4,MB_CA.MB_ML,3,MB_CA.MB_VL,3
20400192,mixed,FB->lat,FB,lat,0,2,2,52,1,1.0,2420,46.538,MB_ML,3,2,2,"[MB_CA.MB_MLL4, MB_CA.MB_VLL4] -> MB_MLL3 -> [MB_CA.MB_MLL3, MB_CA.MB_VLL3]",MB_CA.MB_ML,4,MB_CA.MB_VL,4,MB_CA.MB_ML,3,MB_CA.MB_VL,3
20400192,mixed,FB->lat,FB,lat,0,2,2,52,1,1.0,2422,46.577,MB_ML,3,2,2,"[MB_CA.MB_MLL4, SCL.MB_MLL4] -> MB_MLL3 -> [MB_CA.MB_MLL3, MB_CA.MB_VLL3]",MB_CA.MB_ML,4,SCL.MB_ML,4,MB_CA.MB_ML,3,MB_CA.MB_VL,3
20352528,mixed,FB->lat,FB,lat,0,2,2,52,1,1.0,2259,43.442,MB_ML,3,2,2,"[CREL4, MB_CA.MB_MLL4] -> MB_MLL3 -> [MB_CA.CREL3, MB_CA.MB_MLL3]",CRE,4,MB_CA.MB_ML,4,MB_CA.CRE,3,MB_CA.MB_ML,3
20177232,mixed,FB->lat,FB,lat,0,2,2,1,1,1.0,2447,2447.0,MB_ML.MB_CA,3,2,2,"[PLP.CREL4, PLP.MB_MLL4] -> MB_ML.MB_CAL3 -> [MB_CA.MB_MLL3, MB_CA.MB_VLL3]",PLP.CRE,4,PLP.MB_ML,4,MB_CA.MB_ML,3,MB_CA.MB_VL,3
19168872,mixed,FB->lat,FB,lat,0,2,2,52,1,1.0,2308,44.385,MB_ML,3,2,2,"[PLP.CREL4, PLP.MB_MLL4] -> MB_MLL3 -> [MB_CA.MB_MLL3, MB_CA.MB_PEDL3]",PLP.CRE,4,PLP.MB_ML,4,MB_CA.MB_ML,3,MB_CA.MB_PED,3
18841844,mixed,FB->lat,FB,lat,0,2,2,52,1,1.0,2535,48.75,MB_ML,3,2,2,"[CREL4, PLP.MB_MLL4] -> MB_MLL3 -> [MB_CA.MB_MLL3, MB_CA.MB_VLL3]",CRE,4,PLP.MB_ML,4,MB_CA.MB_ML,3,MB_CA.MB_VL,3
18159984,mixed,FB->lat,FB,lat,0,2,2,52,1,1.0,2282,43.885,MB_ML,3,2,2,"[MB_CA.CREL4, MB_CA.MB_MLL4] -> MB_MLL3 -> [MB_CA.MB_MLL3, MB_CA.MB_PEDL3]",MB_CA.CRE,4,MB_CA.MB_ML,4,MB_CA.MB_ML,3,MB_CA.MB_PED,3
18159984,mixed,FB->lat,FB,lat,0,2,2,52,1,1.0,2281,43.865,MB_ML,3,2,2,"[MB_CA.MB_MLL4, MB_CA.MB_PEDL4] -> MB_MLL3 -> [MB_CA.MB_MLL3, MB_CA.MB_PEDL3]",MB_CA.MB_ML,4,MB_CA.MB_PED,4,MB_CA.MB_ML,3,MB_CA.MB_PED,3
18112320,mixed,FB->lat,FB,lat,0,2,2,52,1,1.0,2095,40.288,MB_ML,3,2,2,"[MB_CA.MB_MLL4, PLP.MB_MLL4] -> MB_MLL3 -> [MB_CA.MB_MLL3, PLP.CREL3]",MB_CA.MB_ML,4,PLP.MB_ML,4,MB_CA.MB_ML,3,PLP.CRE,3
18112320,mixed,FB->lat,FB,lat,0,2,2,52,1,1.0,2042,39.269,MB_ML,3,2,2,"[MB_CA.MB_MLL4, PLP.MB_MLL4] -> MB_MLL3 -> [MB_CA.MB_MLL3, SCL.MB_MLL3]",MB_CA.MB_ML,4,PLP.MB_ML,4,MB_CA.MB_ML,3,SCL.MB_ML,3
17803440,mixed,FB->lat,FB,lat,0,2,2,1,1,1.0,2426,2426.0,MB_ML.MB_CA,3,2,2,"[PLP.MB_MLL4, PLP.MB_PEDL4] -> MB_ML.MB_CAL3 -> [MB_CA.MB_MLL3, MB_CA.MB_VLL3]",PLP.MB_ML,4,PLP.MB_PED,4,MB_CA.MB_ML,3,MB_CA.MB_VL,3
17445024,mixed,FB->lat,FB,lat,0,2,2,52,1,1.0,2171,41.75,MB_ML,3,2,2,"[MB_CA.MB_MLL4, PLP.CREL4] -> MB_MLL3 -> [MB_CA.CREL3, MB_CA.MB_MLL3]",MB_CA.MB_ML,4,PLP.CRE,4,MB_CA.CRE,3,MB_CA.MB_ML,3
17402784,mixed,FB->lat,FB,lat,0,2,2,35,1,1.0,12028,343.657,PVLP.LO,3,2,2,"[IPS.PLPL4, LO.PVLPL4] -> PVLP.LOL3 -> [LOL3, ME.LOL3]",IPS.PLP,4,LO.PVLP,4,LO,3,ME.LO,3
17402784,mixed,FB->lat,FB,lat,0,2,2,35,1,1.0,12021,343.457,PVLP.LO,3,2,2,"[IPS.PVLPL4, LO.PVLPL4] -> PVLP.LOL3 -> [LOL3, ME.LOL3]",IPS.PVLP,4,LO.PVLP,4,LO,3,ME.LO,3
17402784,mixed,FB->lat,FB,lat,0,2,2,35,1,1.0,13178,376.514,PVLP.LO,3,2,2,"[LOL4, LO.PVLPL4] -> PVLP.LOL3 -> [LOL3, ME.LOL3]",LO,4,LO.PVLP,4,LO,3,ME.LO,3
17402784,mixed,FB->lat,FB,lat,0,2,2,35,1,1.0,12035,343.857,PVLP.LO,3,2,2,"[LO.PVLPL4, ME.AVLPL4] -> PVLP.LOL3 -> [LOL3, ME.LOL3]",LO.PVLP,4,ME.AVLP,4,LO,3,ME.LO,3
17402784,mixed,FB->lat,FB,lat,0,2,2,35,1,1.0,12020,343.429,PVLP.LO,3,2,2,"[LO.PVLPL4, ME.PVLPL4] -> PVLP.LOL3 -> [LOL3, ME.LOL3]",LO.PVLP,4,ME.PVLP,4,LO,3,ME.LO,3
17402784,mixed,FB->lat,FB,lat,0,2,2,35,1,1.0,12127,346.486,PVLP.LO,3,2,2,"[LO.PVLPL4, PVLP.LOL4] -> PVLP.LOL3 -> [LOL3, ME.LOL3]",LO.PVLP,4,PVLP.LO,4,LO,3,ME.LO,3
17402784,mixed,FB->lat,FB,lat,0,2,2,35,1,1.0,12048,344.229,PVLP.LO,3,2,2,"[LO.PVLPL4, WED.AVLPL4] -> PVLP.LOL3 -> [LOL3, ME.LOL3]",LO.PVLP,4,WED.AVLP,4,LO,3,ME.LO,3
17127552,mixed,FB->lat,FB,lat,0,2,2,35,1,1.0,10500,300.0,PVLP.LO,3,2,2,"[AVLPL4, PVLPL4] -> PVLP.LOL3 -> [LO.PVLPL3, ME.LOL3]",AVLP,4,PVLP,4,LO.PVLP,3,ME.LO,3
16861325,mixed,FB->lat,FB,lat,0,2,2,2282,1,1.0,6983,3.06,LO,3,2,2,"[LO.LOPL4, MEL4] -> LOL3 -> [LO.LOPL3, LOP.PLPL3]",LO.LOP,4,ME,4,LO.LOP,3,LOP.PLP,3
16814360,mixed,FB->lat,FB,lat,0,2,2,1,1,1.0,2762,2762.0,MB_ML.MB_CA,3,2,2,"[LHL4, PLP.CREL4] -> MB_ML.MB_CAL3 -> [MB_CA.MB_MLL3, MB_CA.MB_VLL3]",LH,4,PLP.CRE,4,MB_CA.MB_ML,3,MB_CA.MB_VL,3
16814360,mixed,FB->lat,FB,lat,0,2,2,1,1,1.0,2650,2650.0,MB_ML.MB_CA,3,2,2,"[PLPL4, PLP.CREL4] -> MB_ML.MB_CAL3 -> [MB_CA.MB_MLL3, MB_CA.MB_VLL3]",PLP,4,PLP.CRE,4,MB_CA.MB_ML,3,MB_CA.MB_VL,3
16736760,mixed,FB->lat,FB,lat,0,2,2,109,3,2.757,3714,34.073,PVLP.LO,4,2,2,"[AVLPL5, PVLP.AVLPL5] -> PVLP.LOL4 -> [LOL4, LO.PVLPL4]",AVLP,5,PVLP.AVLP,5,LO,4,LO.PVLP,4
16205760,mixed,FB->lat,FB,lat,0,2,2,52,1,1.0,2069,39.788,MB_ML,3,2,2,"[MB_CA.MB_MLL4, PLP.MB_PEDL4] -> MB_MLL3 -> [MB_CA.MB_MLL3, PLP.MB_MLL3]",MB_CA.MB_ML,4,PLP.MB_PED,4,MB_CA.MB_ML,3,PLP.MB_ML,3
16150152,mixed,FB->lat,FB,lat,0,2,2,52,1,1.0,2447,47.058,MB_ML,3,2,2,"[PLP.CREL4, PLP.MB_MLL4] -> MB_MLL3 -> [MB_CA.MB_MLL3, MB_CA.MB_VLL3]",PLP.CRE,4,PLP.MB_ML,4,MB_CA.MB_ML,3,MB_CA.MB_VL,3
15974060,mixed,FB->lat,FB,lat,0,2,2,52,1,1.0,2361,45.404,MB_ML,3,2,2,"[PLP.MB_MLL4, SMP.CREL4] -> MB_MLL3 -> [MB_CA.MB_MLL3, MB_CA.MB_PEDL3]",PLP.MB_ML,4,SMP.CRE,4,MB_CA.MB_ML,3,MB_CA.MB_PED,3
15645500,mixed,FB->lat,FB,lat,0,2,2,2282,1,1.0,6559,2.874,LO,3,2,2,"[LO.LOPL4, MEL4] -> LOL3 -> [LOP.PLPL3, ME.LOPL3]",LO.LOP,4,ME,4,LOP.PLP,3,ME.LOP,3
15345160,mixed,FB->lat,FB,lat,0,2,2,52,1,1.0,2136,41.077,MB_ML,3,2,2,"[PLP.MB_MLL4, PLP.MB_PEDL4] -> MB_MLL3 -> [MB_CA.CREL3, MB_CA.MB_MLL3]",PLP.MB_ML,4,PLP.MB_PED,4,MB_CA.CRE,3,MB_CA.MB_ML,3
15300144,mixed,FB->lat,FB,lat,0,2,2,52,1,1.0,2421,46.558,MB_ML,3,2,2,"[MB_CA.CREL4, MB_CA.MB_MLL4] -> MB_MLL3 -> [MB_CA.MB_MLL3, MB_CA.MB_VLL3]",MB_CA.CRE,4,MB_CA.MB_ML,4,MB_CA.MB_ML,3,MB_CA.MB_VL,3
15300144,mixed,FB->lat,FB,lat,0,2,2,52,1,1.0,2420,46.538,MB_ML,3,2,2,"[MB_CA.MB_MLL4, MB_CA.MB_PEDL4] -> MB_MLL3 -> [MB_CA.MB_MLL3, MB_CA.MB_VLL3]",MB_CA.MB_ML,4,MB_CA.MB_PED,4,MB_CA.MB_ML,3,MB_CA.MB_VL,3
15117050,mixed,FB->lat,FB,lat,0,2,2,2282,1,1.0,5525,2.421,LO,3,2,2,"[LO.LOPL4, ME.LOPL4] -> LOL3 -> [LO.LOPL3, LOP.PLPL3]",LO.LOP,4,ME.LOP,4,LO.LOP,3,LOP.PLP,3
14836200,mixed,FB->lat,FB,lat,0,2,2,1,1,1.0,2741,2741.0,MB_ML.MB_CA,3,2,2,"[LHL4, PLP.MB_PEDL4] -> MB_ML.MB_CAL3 -> [MB_CA.MB_MLL3, MB_CA.MB_VLL3]",LH,4,PLP.MB_PED,4,MB_CA.MB_ML,3,MB_CA.MB_VL,3
14836200,mixed,FB->lat,FB,lat,0,2,2,1,1,1.0,2629,2629.0,MB_ML.MB_CA,3,2,2,"[PLPL4, PLP.MB_PEDL4] -> MB_ML.MB_CAL3 -> [MB_CA.MB_MLL3, MB_CA.MB_VLL3]",PLP,4,PLP.MB_PED,4,MB_CA.MB_ML,3,MB_CA.MB_VL,3
14537520,mixed,FB->lat,FB,lat,0,2,2,52,1,1.0,2224,42.769,MB_ML,3,2,2,"[MB_CA.MB_MLL4, SMP.CREL4] -> MB_MLL3 -> [MB_CA.CREL3, MB_CA.MB_MLL3]",MB_CA.MB_ML,4,SMP.CRE,4,MB_CA.CRE,3,MB_CA.MB_ML,3
14027000,mixed,FB->lat,FB,lat,0,2,2,2282,1,1.0,5101,2.235,LO,3,2,2,"[LO.LOPL4, ME.LOPL4] -> LOL3 -> [LOP.PLPL3, ME.LOPL3]",LO.LOP,4,ME.LOP,4,LOP.PLP,3,ME.LOP,3
13458460,mixed,FB->lat,FB,lat,0,2,2,52,1,1.0,2500,48.077,MB_ML,3,2,2,"[PLP.MB_MLL4, SMP.CREL4] -> MB_MLL3 -> [MB_CA.MB_MLL3, MB_CA.MB_VLL3]",PLP.MB_ML,4,SMP.CRE,4,MB_CA.MB_ML,3,MB_CA.MB_VL,3
13451840,mixed,FB->lat,FB,lat,0,2,2,52,1,1.0,3201,61.558,MB_ML,3,2,2,"[PLP.MB_PEDL4, SMPL4] -> MB_MLL3 -> [MB_CA.MB_MLL3, MB_CA.MB_PEDL3]",PLP.MB_PED,4,SMP,4,MB_CA.MB_ML,3,MB_CA.MB_PED,3
13451488,mixed,FB->lat,FB,lat,0,2,2,1,1,1.0,2443,2443.0,MB_ML.MB_CA,3,2,2,"[PLP.CREL4, SMP.MB_MLL4] -> MB_ML.MB_CAL3 -> [MB_CA.MB_MLL3, MB_CA.MB_VLL3]",PLP.CRE,4,SMP.MB_ML,4,MB_CA.MB_ML,3,MB_CA.MB_VL,3
13373568,mixed,FB->lat,FB,lat,0,2,2,35,1,1.0,12076,345.029,PVLP.LO,3,2,2,"[AVLPL4, PVLPL4] -> PVLP.LOL3 -> [LOL3, ME.LOL3]",AVLP,4,PVLP,4,LO,3,ME.LO,3
13150656,mixed,FB->lat,FB,lat,0,2,2,1,1,1.0,2417,2417.0,MB_ML.MB_CA,3,2,2,"[CREL4, PLP.CREL4] -> MB_ML.MB_CAL3 -> [MB_CA.MB_MLL3, MB_CA.MB_PEDL3]",CRE,4,PLP.CRE,4,MB_CA.MB_ML,3,MB_CA.MB_PED,3
13150656,mixed,FB->lat,FB,lat,0,2,2,1,1,1.0,3222,3222.0,MB_ML.MB_CA,3,2,2,"[PLP.CREL4, SMPL4] -> MB_ML.MB_CAL3 -> [MB_CA.MB_MLL3, MB_CA.MB_PEDL3]",PLP.CRE,4,SMP,4,MB_CA.MB_ML,3,MB_CA.MB_PED,3
12964608,mixed,FB->lat,FB,lat,0,2,2,52,1,1.0,2983,57.365,MB_ML,3,2,2,"[MB_CA.MB_MLL4, SMPL4] -> MB_MLL3 -> [MB_CA.MB_MLL3, PLP.MB_MLL3]",MB_CA.MB_ML,4,SMP,4,MB_CA.MB_ML,3,PLP.MB_ML,3
12844800,mixed,FB->lat,FB,lat,0,2,2,2282,1,1.0,9057,3.969,LO,3,2,2,"[LOL4, LOPL4] -> LOL3 -> [LO.LOPL3, ME.LOPL3]",LO,4,LOP,4,LO.LOP,3,ME.LOP,3
12791350,mixed,FB->lat,FB,lat,0,2,2,2282,1,1.0,6546,2.869,LO,3,2,2,"[LOL4, LO.LOPL4] -> LOL3 -> [LO.LOPL3, LOP.PLPL3]",LO,4,LO.LOP,4,LO.LOP,3,LOP.PLP,3
12779248,mixed,FB->lat,FB,lat,0,2,2,52,1,1.0,2602,50.038,MB_ML,3,2,2,"[LHL4, PLP.MB_MLL4] -> MB_MLL3 -> [MB_CA.MB_MLL3, MB_CA.MB_PEDL3]",LH,4,PLP.MB_ML,4,MB_CA.MB_ML,3,MB_CA.MB_PED,3
12779248,mixed,FB->lat,FB,lat,0,2,2,52,1,1.0,2267,43.596,MB_ML,3,2,2,"[MB_CA.MB_VLL4, PLP.MB_MLL4] -> MB_MLL3 -> [MB_CA.MB_MLL3, MB_CA.MB_PEDL3]",MB_CA.MB_VL,4,PLP.MB_ML,4,MB_CA.MB_ML,3,MB_CA.MB_PED,3
12779248,mixed,FB->lat,FB,lat,0,2,2,52,1,1.0,2269,43.635,MB_ML,3,2,2,"[PLP.MB_MLL4, SCL.MB_MLL4] -> MB_MLL3 -> [MB_CA.MB_MLL3, MB_CA.MB_PEDL3]",PLP.MB_ML,4,SCL.MB_ML,4,MB_CA.MB_ML,3,MB_CA.MB_PED,3
12714702,mixed,FB->lat,FB,lat,0,2,2,35,1,1.0,13078,373.657,PVLP.LO,3,2,2,"[AVLPL4, LO.PVLPL4] -> PVLP.LOL3 -> [LO.PVLPL3, MEL3]",AVLP,4,LO.PVLP,4,LO.PVLP,3,ME,3
12660224,mixed,FB->lat,FB,lat,0,2,2,1,1,1.0,3449,3449.0,MB_ML.MB_CA,3,2,2,"[CREL4, SMPL4] -> MB_ML.MB_CAL3 -> [MB_CA.MB_MLL3, MB_CA.MB_VLL3]",CRE,4,SMP,4,MB_CA.MB_ML,3,MB_CA.MB_VL,3
12276128,mixed,FB->lat,FB,lat,0,2,2,52,1,1.0,3050,58.654,MB_ML,3,2,2,"[PLP.MB_MLL4, SMPL4] -> MB_MLL3 -> [MB_CA.CREL3, MB_CA.MB_MLL3]",PLP.MB_ML,4,SMP,4,MB_CA.CRE,3,MB_CA.MB_ML,3
12211695,mixed,FB->lat,FB,lat,0,2,2,1,1,1.0,772,772.0,MB_ML.MB_CA,3,2,2,"[PLP.CREL4, PLP.MB_PEDL4] -> MB_ML.MB_CAL3 -> [MB_CA.MB_PEDL3, MB_CA.MB_VLL3]",PLP.CRE,4,PLP.MB_PED,4,MB_CA.MB_PED,3,MB_CA.MB_VL,3
12106656,mixed,FB->lat,FB,lat,0,2,2,52,1,1.0,2295,44.135,MB_ML,3,2,2,"[CRE.LALL4, MB_CA.MB_MLL4] -> MB_MLL3 -> [MB_CA.MB_MLL3, MB_CA.MB_PEDL3]",CRE.LAL,4,MB_CA.MB_ML,4,MB_CA.MB_ML,3,MB_CA.MB_PED,3
12106656,mixed,FB->lat,FB,lat,0,2,2,52,1,1.0,2289,44.019,MB_ML,3,2,2,"[MB_CA.MB_MLL4, MB_MLL4] -> MB_MLL3 -> [MB_CA.MB_MLL3, MB_CA.MB_PEDL3]",MB_CA.MB_ML,4,MB_ML,4,MB_CA.MB_ML,3,MB_CA.MB_PED,3
12106656,mixed,FB->lat,FB,lat,0,2,2,52,1,1.0,2278,43.808,MB_ML,3,2,2,"[MB_CA.MB_MLL4, MB_ML.SLPL4] -> MB_MLL3 -> [MB_CA.MB_MLL3, MB_CA.MB_PEDL3]",MB_CA.MB_ML,4,MB_ML.SLP,4,MB_CA.MB_ML,3,MB_CA.MB_PED,3
12106656,mixed,FB->lat,FB,lat,0,2,2,52,1,1.0,2322,44.654,MB_ML,3,2,2,"[MB_CA.MB_MLL4, PLP.SMPL4] -> MB_MLL3 -> [MB_CA.MB_MLL3, MB_CA.MB_PEDL3]",MB_CA.MB_ML,4,PLP.SMP,4,MB_CA.MB_ML,3,MB_CA.MB_PED,3
12106656,mixed,FB->lat,FB,lat,0,2,2,52,1,1.0,2278,43.808,MB_ML,3,2,2,"[MB_CA.MB_MLL4, SIP.MB_VLL4] -> MB_MLL3 -> [MB_CA.MB_MLL3, MB_CA.MB_PEDL3]",MB_CA.MB_ML,4,SIP.MB_VL,4,MB_CA.MB_ML,3,MB_CA.MB_PED,3
12106656,mixed,FB->lat,FB,lat,0,2,2,52,1,1.0,2297,44.173,MB_ML,3,2,2,"[MB_CA.MB_MLL4, SMP.MB_MLL4] -> MB_MLL3 -> [MB_CA.MB_MLL3, MB_CA.MB_PEDL3]",MB_CA.MB_ML,4,SMP.MB_ML,4,MB_CA.MB_ML,3,MB_CA.MB_PED,3
12067957,mixed,FB->lat,FB,lat,0,2,2,2282,89,1.99,11485,5.033,LO,3,2,2,"[LOL4, ME.LOL4] -> LOL3 -> [LO.PVLPL3, ME.LOL3]",LO,4,ME.LO,4,LO.PVLP,3,ME.LO,3
11869000,mixed,FB->lat,FB,lat,0,2,2,2282,1,1.0,6122,2.683,LO,3,2,2,"[LOL4, LO.LOPL4] -> LOL3 -> [LOP.PLPL3, ME.LOPL3]",LO,4,LO.LOP,4,LOP.PLP,3,ME.LOP,3
11868960,mixed,FB->lat,FB,lat,0,2,2,1,1,1.0,2422,2422.0,MB_ML.MB_CA,3,2,2,"[PLP.MB_PEDL4, SMP.MB_MLL4] -> MB_ML.MB_CAL3 -> [MB_CA.MB_MLL3, MB_CA.MB_VLL3]",PLP.MB_PED,4,SMP.MB_ML,4,MB_CA.MB_ML,3,MB_CA.MB_VL,3
11770360,mixed,FB->lat,FB,lat,0,2,2,52,1,1.0,2396,46.077,MB_ML,3,2,2,"[CREL4, PLP.MB_PEDL4] -> MB_MLL3 -> [MB_CA.MB_MLL3, MB_CA.MB_PEDL3]",CRE,4,PLP.MB_PED,4,MB_CA.MB_ML,3,MB_CA.MB_PED,3
11736648,mixed,FB->lat,FB,lat,0,2,2,35,1,1.0,12426,355.029,PVLP.LO,3,2,2,"[LO.PVLPL4, PVLPL4] -> PVLP.LOL3 -> [LO.PVLPL3, MEL3]",LO.PVLP,4,PVLP,4,LO.PVLP,3,ME,3
11630016,mixed,FB->lat,FB,lat,0,2,2,52,1,1.0,2465,47.404,MB_ML,3,2,2,"[LHL4, MB_CA.MB_MLL4] -> MB_MLL3 -> [MB_CA.CREL3, MB_CA.MB_MLL3]",LH,4,MB_CA.MB_ML,4,MB_CA.CRE,3,MB_CA.MB_ML,3
11630016,mixed,FB->lat,FB,lat,0,2,2,52,1,1.0,2130,40.962,MB_ML,3,2,2,"[MB_CA.MB_MLL4, MB_CA.MB_VLL4] -> MB_MLL3 -> [MB_CA.CREL3, MB_CA.MB_MLL3]",MB_CA.MB_ML,4,MB_CA.MB_VL,4,MB_CA.CRE,3,MB_CA.MB_ML,3
11630016,mixed,FB->lat,FB,lat,0,2,2,52,1,1.0,2132,41.0,MB_ML,3,2,2,"[MB_CA.MB_MLL4, SCL.MB_MLL4] -> MB_MLL3 -> [MB_CA.CREL3, MB_CA.MB_MLL3]",MB_CA.MB_ML,4,SCL.MB_ML,4,MB_CA.CRE,3,MB_CA.MB_ML,3
11603520,mixed,FB->lat,FB,lat,0,2,2,1,1,1.0,2396,2396.0,MB_ML.MB_CA,3,2,2,"[CREL4, PLP.MB_PEDL4] -> MB_ML.MB_CAL3 -> [MB_CA.MB_MLL3, MB_CA.MB_PEDL3]",CRE,4,PLP.MB_PED,4,MB_CA.MB_ML,3,MB_CA.MB_PED,3
11603520,mixed,FB->lat,FB,lat,0,2,2,1,1,1.0,3201,3201.0,MB_ML.MB_CA,3,2,2,"[PLP.MB_PEDL4, SMPL4] -> MB_ML.MB_CAL3 -> [MB_CA.MB_MLL3, MB_CA.MB_PEDL3]",PLP.MB_PED,4,SMP,4,MB_CA.MB_ML,3,MB_CA.MB_PED,3
11344032,mixed,FB->lat,FB,lat,0,2,2,52,1,1.0,2178,41.885,MB_ML,3,2,2,"[CREL4, MB_CA.MB_MLL4] -> MB_MLL3 -> [MB_CA.MB_MLL3, PLP.MB_MLL3]",CRE,4,MB_CA.MB_ML,4,MB_CA.MB_ML,3,PLP.MB_ML,3
11333440,mixed,FB->lat,FB,lat,0,2,2,52,1,1.0,3340,64.231,MB_ML,3,2,2,"[PLP.MB_PEDL4, SMPL4] -> MB_MLL3 -> [MB_CA.MB_MLL3, MB_CA.MB_VLL3]",PLP.MB_PED,4,SMP,4,MB_CA.MB_ML,3,MB_CA.MB_VL,3
11120040,mixed,FB->lat,FB,lat,0,2,2,1,1,1.0,2157,2157.0,MB_ML.MB_CA,3,2,2,"[PLP.CREL4, PLP.MB_PEDL4] -> MB_ML.MB_CAL3 -> [MB_CA.CREL3, MB_CA.MB_MLL3]",PLP.CRE,4,PLP.MB_PED,4,MB_CA.CRE,3,MB_CA.MB_ML,3
10766768,mixed,FB->lat,FB,lat,0,2,2,52,1,1.0,2741,52.712,MB_ML,3,2,2,"[LHL4, PLP.MB_MLL4] -> MB_MLL3 -> [MB_CA.MB_MLL3, MB_CA.MB_VLL3]",LH,4,PLP.MB_ML,4,MB_CA.MB_ML,3,MB_CA.MB_VL,3
10766768,mixed,FB->lat,FB,lat,0,2,2,52,1,1.0,2406,46.269,MB_ML,3,2,2,"[MB_CA.MB_VLL4, PLP.MB_MLL4] -> MB_MLL3 -> [MB_CA.MB_MLL3, MB_CA.MB_VLL3]",MB_CA.MB_VL,4,PLP.MB_ML,4,MB_CA.MB_ML,3,MB_CA.MB_VL,3
10766768,mixed,FB->lat,FB,lat,0,2,2,52,1,1.0,2408,46.308,MB_ML,3,2,2,"[PLP.MB_MLL4, SCL.MB_MLL4] -> MB_MLL3 -> [MB_CA.MB_MLL3, MB_CA.MB_VLL3]",PLP.MB_ML,4,SCL.MB_ML,4,MB_CA.MB_ML,3,MB_CA.MB_VL,3
10741612,mixed,FB->lat,FB,lat,0,2,2,52,1,1.0,2245,43.173,MB_ML,3,2,2,"[CREL4, PLP.MB_MLL4] -> MB_MLL3 -> [MB_CA.CREL3, MB_CA.MB_MLL3]",CRE,4,PLP.MB_ML,4,MB_CA.CRE,3,MB_CA.MB_ML,3
10200096,mixed,FB->lat,FB,lat,0,2,2,52,1,1.0,2434,46.808,MB_ML,3,2,2,"[CRE.LALL4, MB_CA.MB_MLL4] -> MB_MLL3 -> [MB_CA.MB_MLL3, MB_CA.MB_VLL3]",CRE.LAL,4,MB_CA.MB_ML,4,MB_CA.MB_ML,3,MB_CA.MB_VL,3
10200096,mixed,FB->lat,FB,lat,0,2,2,52,1,1.0,2428,46.692,MB_ML,3,2,2,"[MB_CA.MB_MLL4, MB_MLL4] -> MB_MLL3 -> [MB_CA.MB_MLL3, MB_CA.MB_VLL3]",MB_CA.MB_ML,4,MB_ML,4,MB_CA.MB_ML,3,MB_CA.MB_VL,3
10200096,mixed,FB->lat,FB,lat,0,2,2,52,1,1.0,2417,46.481,MB_ML,3,2,2,"[MB_CA.MB_MLL4, MB_ML.SLPL4] -> MB_MLL3 -> [MB_CA.MB_MLL3, MB_CA.MB_VLL3]",MB_CA.MB_ML,4,MB_ML.SLP,4,MB_CA.MB_ML,3,MB_CA.MB_VL,3
10200096,mixed,FB->lat,FB,lat,0,2,2,52,1,1.0,2461,47.327,MB_ML,3,2,2,"[MB_CA.MB_MLL4, PLP.SMPL4] -> MB_MLL3 -> [MB_CA.MB_MLL3, MB_CA.MB_VLL3]",MB_CA.MB_ML,4,PLP.SMP,4,MB_CA.MB_ML,3,MB_CA.MB_VL,3
10200096,mixed,FB->lat,FB,lat,0,2,2,52,1,1.0,2417,46.481,MB_ML,3,2,2,"[MB_CA.MB_MLL4, SIP.MB_VLL4] -> MB_MLL3 -> [MB_CA.MB_MLL3, MB_CA.MB_VLL3]",MB_CA.MB_ML,4,SIP.MB_VL,4,MB_CA.MB_ML,3,MB_CA.MB_VL,3
10200096,mixed,FB->lat,FB,lat,0,2,2,52,1,1.0,2436,46.846,MB_ML,3,2,2,"[MB_CA.MB_MLL4, SMP.MB_MLL4] -> MB_MLL3 -> [MB_CA.MB_MLL3, MB_CA.MB_VLL3]",MB_CA.MB_ML,4,SMP.MB_ML,4,MB_CA.MB_ML,3,MB_CA.MB_VL,3
10088880,mixed,FB->lat,FB,lat,0,2,2,52,1,1.0,2308,44.385,MB_ML,3,2,2,"[PLP.CREL4, PLP.MB_PEDL4] -> MB_MLL3 -> [MB_CA.MB_MLL3, MB_CA.MB_PEDL3]",PLP.CRE,4,PLP.MB_PED,4,MB_CA.MB_ML,3,MB_CA.MB_PED,3
10088616,mixed,FB->lat,FB,lat,0,2,2,1,1,1.0,2428,2428.0,MB_ML.MB_CA,3,2,2,"[MB_CA.CREL4, PLP.CREL4] -> MB_ML.MB_CAL3 -> [MB_CA.MB_MLL3, MB_CA.MB_VLL3]",MB_CA.CRE,4,PLP.CRE,4,MB_CA.MB_ML,3,MB_CA.MB_VL,3
10088616,mixed,FB->lat,FB,lat,0,2,2,1,1,1.0,2461,2461.0,MB_ML.MB_CA,3,2,2,"[MB_CA.MB_MLL4, PLP.CREL4] -> MB_ML.MB_CAL3 -> [MB_CA.MB_MLL3, MB_CA.MB_VLL3]",MB_CA.MB_ML,4,PLP.CRE,4,MB_CA.MB_ML,3,MB_CA.MB_VL,3
10088616,mixed,FB->lat,FB,lat,0,2,2,1,1,1.0,2435,2435.0,MB_ML.MB_CA,3,2,2,"[MB_MLL4, PLP.CREL4] -> MB_ML.MB_CAL3 -> [MB_CA.MB_MLL3, MB_CA.MB_VLL3]",MB_ML,4,PLP.CRE,4,MB_CA.MB_ML,3,MB_CA.MB_VL,3
10088616,mixed,FB->lat,FB,lat,0,2,2,1,1,1.0,2429,2429.0,MB_ML.MB_CA,3,2,2,"[PLP.CREL4, SCL.MB_MLL4] -> MB_ML.MB_CAL3 -> [MB_CA.MB_MLL3, MB_CA.MB_VLL3]",PLP.CRE,4,SCL.MB_ML,4,MB_CA.MB_ML,3,MB_CA.MB_VL,3
10075296,mixed,FB->lat,FB,lat,0,2,2,35,1,1.0,20452,584.343,PVLP.LO,3,2,2,"[AVLP.PLPL4, LO.PVLPL4] -> PVLP.LOL3 -> [MEL3, ME.LOL3]",AVLP.PLP,4,LO.PVLP,4,ME,3,ME.LO,3
10075296,mixed,FB->lat,FB,lat,0,2,2,35,1,1.0,20501,585.743,PVLP.LO,3,2,2,"[LO.AVLPL4, LO.PVLPL4] -> PVLP.LOL3 -> [MEL3, ME.LOL3]",LO.AVLP,4,LO.PVLP,4,ME,3,ME.LO,3
10075296,mixed,FB->lat,FB,lat,0,2,2,35,1,1.0,20515,586.143,PVLP.LO,3,2,2,"[LO.PVLPL4, PVLP.AVLPL4] -> PVLP.LOL3 -> [MEL3, ME.LOL3]",LO.PVLP,4,PVLP.AVLP,4,ME,3,ME.LO,3
10047104,mixed,FB->lat,FB,lat,0,2,2,2282,3,1.021,21309,9.338,LO,3,2,2,"[MEL4, ME.LOPL4] -> LOL3 -> [MEL3, ME.LOL3]",ME,4,ME.LOP,4,ME,3,ME.LO,3
9961776,mixed,FB->lat,FB,lat,0,2,2,52,1,1.0,2044,39.308,MB_ML,3,2,2,"[MB_CA.MB_MLL4, PLP.MB_MLL4] -> MB_MLL3 -> [MB_CAL3, MB_CA.MB_MLL3]",MB_CA.MB_ML,4,PLP.MB_ML,4,MB_CA,3,MB_CA.MB_ML,3
9961776,mixed,FB->lat,FB,lat,0,2,2,52,1,1.0,2039,39.212,MB_ML,3,2,2,"[MB_CA.MB_MLL4, PLP.MB_MLL4] -> MB_MLL3 -> [MB_CA.MB_MLL3, SLP.MB_MLL3]",MB_CA.MB_ML,4,PLP.MB_ML,4,MB_CA.MB_ML,3,SLP.MB_ML,3
9927918,mixed,FB->lat,FB,lat,0,2,2,35,1,1.0,14654,418.686,PVLP.LO,3,2,2,"[AVLPL4, LO.PVLPL4] -> PVLP.LOL3 -> [LOL3, MEL3]",AVLP,4,LO.PVLP,4,LO,3,ME,3
9916760,mixed,FB->lat,FB,lat,0,2,2,52,1,1.0,2535,48.75,MB_ML,3,2,2,"[CREL4, PLP.MB_PEDL4] -> MB_MLL3 -> [MB_CA.MB_MLL3, MB_CA.MB_VLL3]",CRE,4,PLP.MB_PED,4,MB_CA.MB_ML,3,MB_CA.MB_VL,3
9862992,mixed,FB->lat,FB,lat,0,2,2,1,1,1.0,2308,2308.0,MB_ML.MB_CA,3,2,2,"[PLP.CREL4, PLP.MB_MLL4] -> MB_ML.MB_CAL3 -> [MB_CA.MB_MLL3, MB_CA.MB_PEDL3]",PLP.CRE,4,PLP.MB_ML,4,MB_CA.MB_ML,3,MB_CA.MB_PED,3
9723456,mixed,FB->lat,FB,lat,0,2,2,52,1,1.0,2090,40.192,MB_ML,3,2,2,"[MB_CA.MB_MLL4, PLP.CREL4] -> MB_MLL3 -> [MB_CA.MB_MLL3, PLP.MB_MLL3]",MB_CA.MB_ML,4,PLP.CRE,4,MB_CA.MB_ML,3,PLP.MB_ML,3
9584436,mixed,FB->lat,FB,lat,0,2,2,52,1,1.0,2268,43.615,MB_ML,3,2,2,"[MB_CA.CREL4, PLP.MB_MLL4] -> MB_MLL3 -> [MB_CA.MB_MLL3, MB_CA.MB_PEDL3]",MB_CA.CRE,4,PLP.MB_ML,4,MB_CA.MB_ML,3,MB_CA.MB_PED,3
9584436,mixed,FB->lat,FB,lat,0,2,2,52,1,1.0,2267,43.596,MB_ML,3,2,2,"[MB_CA.MB_PEDL4, PLP.MB_MLL4] -> MB_MLL3 -> [MB_CA.MB_MLL3, MB_CA.MB_PEDL3]",MB_CA.MB_PED,4,PLP.MB_ML,4,MB_CA.MB_ML,3,MB_CA.MB_PED,3
9532800,mixed,FB->lat,FB,lat,0,2,2,52,1,1.0,2095,40.288,MB_ML,3,2,2,"[MB_CA.MB_MLL4, PLP.MB_PEDL4] -> MB_MLL3 -> [MB_CA.MB_MLL3, PLP.CREL3]",MB_CA.MB_ML,4,PLP.MB_PED,4,MB_CA.MB_ML,3,PLP.CRE,3
9532800,mixed,FB->lat,FB,lat,0,2,2,52,1,1.0,2042,39.269,MB_ML,3,2,2,"[MB_CA.MB_MLL4, PLP.MB_PEDL4] -> MB_MLL3 -> [MB_CA.MB_MLL3, SCL.MB_MLL3]",MB_CA.MB_ML,4,PLP.MB_PED,4,MB_CA.MB_ML,3,SCL.MB_ML,3
9495168,mixed,FB->lat,FB,lat,0,2,2,1,1,1.0,2535,2535.0,MB_ML.MB_CA,3,2,2,"[CREL4, PLP.MB_MLL4] -> MB_ML.MB_CAL3 -> [MB_CA.MB_MLL3, MB_CA.MB_VLL3]",CRE,4,PLP.MB_ML,4,MB_CA.MB_ML,3,MB_CA.MB_VL,3
9495168,mixed,FB->lat,FB,lat,0,2,2,1,1,1.0,3340,3340.0,MB_ML.MB_CA,3,2,2,"[PLP.MB_MLL4, SMPL4] -> MB_ML.MB_CAL3 -> [MB_CA.MB_MLL3, MB_CA.MB_VLL3]",PLP.MB_ML,4,SMP,4,MB_CA.MB_ML,3,MB_CA.MB_VL,3
9416288,mixed,FB->lat,FB,lat,0,2,2,52,1,1.0,3310,63.654,MB_ML,3,2,2,"[CREL4, SMPL4] -> MB_MLL3 -> [MB_CA.MB_MLL3, MB_CA.MB_PEDL3]",CRE,4,SMP,4,MB_CA.MB_ML,3,MB_CA.MB_PED,3
9294876,mixed,FB->lat,FB,lat,0,2,2,52,1,1.0,765,14.712,MB_ML,3,2,2,"[MB_CA.MB_MLL4, PLP.MB_MLL4] -> MB_MLL3 -> [MB_CA.MB_PEDL3, MB_CA.MB_VLL3]",MB_CA.MB_ML,4,PLP.MB_ML,4,MB_CA.MB_PED,3,MB_CA.MB_VL,3
