motif_count,hourglass_type,signature,fanin_sig,fanout_sig,n_FF,n_FB,n_lat,n_waist,n_waist_active,n_waist_eff,n_periphery,compression,bottleneck_area,bottleneck_level,k_in,k_out,structure_str,fan_in_0_area,fan_in_0_level,fan_in_1_area,fan_in_1_level,fan_out_0_area,fan_out_0_level,fan_out_1_area,fan_out_1_level
918103777554,mixed,lat->mix,lat,mix,1,0,3,2282,4,1.588,19405,8.504,LO,3,2,2,"[MEL3, ME.LOPL3] -> LOL3 -> [LO.LOPL3, LO.LOPL4]",ME,3,ME.LOP,3,LO.LOP,3,LO.LOP,4
575181351400,mixed,mix->lat,mix,lat,0,1,3,2282,2,1.57,19405,8.504,LO,3,2,2,"[LO.LOPL4, MEL3] -> LOL3 -> [LO.LOPL3, ME.LOPL3]",LO.LOP,4,ME,3,LO.LOP,3,ME.LOP,3
558288785643,mixed,lat->mix,lat,mix,1,0,3,2282,5,1.521,19405,8.504,LO,3,2,2,"[LO.LOPL3, MEL3] -> LOL3 -> [LO.LOPL4, ME.LOPL3]",LO.LOP,3,ME,3,LO.LOP,4,ME.LOP,3
182529377214,pure_lateral,lat->lat,lat,lat,0,0,4,2282,24,1.515,27313,11.969,LO,3,2,2,"[MEL3, ME.LOL3] -> LOL3 -> [LO.LOPL3, ME.LOPL3]",ME,3,ME.LO,3,LO.LOP,3,ME.LOP,3
172294874606,mixed,lat->mix,lat,mix,1,0,3,2282,4,1.129,17560,7.695,LO,3,2,2,"[ME.LOL3, ME.LOPL3] -> LOL3 -> [LO.LOPL3, LO.LOPL4]",ME.LO,3,ME.LOP,3,LO.LOP,3,LO.LOP,4
119593728754,pure_lateral,lat->lat,lat,lat,0,0,4,2282,11,1.506,27313,11.969,LO,3,2,2,"[MEL3, ME.LOPL3] -> LOL3 -> [LO.LOPL3, ME.LOL3]",ME,3,ME.LOP,3,LO.LOP,3,ME.LO,3
108704253400,mixed,mix->lat,mix,lat,0,1,3,2282,2,1.125,17560,7.695,LO,3,2,2,"[LO.LOPL4, ME.LOL3] -> LOL3 -> [LO.LOPL3, ME.LOPL3]",LO.LOP,4,ME.LO,3,LO.LOP,3,ME.LOP,3
107483752239,mixed,lat->mix,lat,mix,1,0,3,2282,5,1.112,17560,7.695,LO,3,2,2,"[LO.LOPL3, ME.LOL3] -> LOL3 -> [LO.LOPL4, ME.LOPL3]",LO.LOP,3,ME.LO,3,LO.LOP,4,ME.LOP,3
105292258584,mixed,lat->mix,lat,mix,1,0,3,2282,2,1.959,18588,8.145,LO,3,2,2,"[MEL3, ME.LOPL3] -> LOL3 -> [LO.LOPL3, ME.LOPL4]",ME,3,ME.LOP,3,LO.LOP,3,ME.LOP,4
87188958040,mixed,mix->lat,mix,lat,0,1,3,2282,2,1.084,19405,8.504,LO,3,2,2,"[LO.LOPL4, ME.LOPL3] -> LOL3 -> [LO.LOPL3, MEL3]",LO.LOP,4,ME.LOP,3,LO.LOP,3,ME,3
86371117420,mixed,lat->mix,lat,mix,1,0,3,2282,3,1.076,19405,8.504,LO,3,2,2,"[LO.LOPL3, ME.LOPL3] -> LOL3 -> [LO.LOPL4, MEL3]",LO.LOP,3,ME.LOP,3,LO.LOP,4,ME,3
73045954916,pure_lateral,lat->lat,lat,lat,0,0,4,2282,5,1.445,27313,11.969,LO,3,2,2,"[LO.LOPL3, MEL3] -> LOL3 -> [ME.LOL3, ME.LOPL3]",LO.LOP,3,ME,3,ME.LO,3,ME.LOP,3
73017617360,mixed,mix->lat,mix,lat,0,1,3,2282,2,1.997,18588,8.145,LO,3,2,2,"[MEL3, ME.LOPL4] -> LOL3 -> [LO.LOPL3, ME.LOPL3]",ME,3,ME.LOP,4,LO.LOP,3,ME.LOP,3
71440612280,mixed,mix->lat,mix,lat,0,1,3,2282,2,1.122,17560,7.695,LO,3,2,2,"[LO.LOPL4, ME.LOPL3] -> LOL3 -> [LO.LOPL3, ME.LOL3]",LO.LOP,4,ME.LOP,3,LO.LOP,3,ME.LO,3
70646190160,mixed,lat->mix,lat,mix,1,0,3,2282,3,1.11,17560,7.695,LO,3,2,2,"[LO.LOPL3, ME.LOPL3] -> LOL3 -> [LO.LOPL4, ME.LOL3]",LO.LOP,3,ME.LOP,3,LO.LOP,4,ME.LO,3
70434443688,mixed,lat->mix,lat,mix,1,0,3,2282,11,1.155,24611,10.785,LO,3,2,2,"[MEL3, ME.LOL3] -> LOL3 -> [LO.LOPL3, LO.LOPL4]",ME,3,ME.LO,3,LO.LOP,3,LO.LOP,4
63919665528,mixed,lat->mix,lat,mix,1,0,3,2282,8,1.108,24187,10.599,LO,3,2,2,"[MEL3, ME.LOL3] -> LOL3 -> [LO.LOPL4, ME.LOPL3]",ME,3,ME.LO,3,LO.LOP,4,ME.LOP,3
62385075360,mixed,lat->mix,lat,mix,1,0,3,2282,2,1.912,18588,8.145,LO,3,2,2,"[LO.LOPL3, MEL3] -> LOL3 -> [ME.LOPL3, ME.LOPL4]",LO.LOP,3,ME,3,ME.LOP,3,ME.LOP,4
58906281818,mixed,mix->lat,mix,lat,0,1,3,2282,17,1.806,20046,8.784,LO,3,2,2,"[MEL3, MEL4] -> LOL3 -> [LO.LOPL3, ME.LOPL3]",ME,3,ME,4,LO.LOP,3,ME.LOP,3
58731408055,mixed,lat->mix,lat,mix,1,0,3,2282,8,1.179,19609,8.593,LO,3,2,2,"[MEL3, ME.LOPL3] -> LOL3 -> [LOL4, LO.LOPL3]",ME,3,ME.LOP,3,LO,4,LO.LOP,3
54543987840,mixed,mix->lat,mix,lat,0,1,3,2282,2,1.073,19405,8.504,LO,3,2,2,"[LO.LOPL3, LO.LOPL4] -> LOL3 -> [MEL3, ME.LOPL3]",LO.LOP,3,LO.LOP,4,ME,3,ME.LOP,3
50405358660,mixed,mix->mix,mix,mix,1,1,2,2282,2,1.328,8835,3.872,LO,3,2,2,"[LO.LOPL4, ME.LOPL3] -> LOL3 -> [LO.LOPL3, ME.LOPL4]",LO.LOP,4,ME.LOP,3,LO.LOP,3,ME.LOP,4
49758783924,mixed,mix->mix,mix,mix,1,1,2,2282,2,1.477,8835,3.872,LO,3,2,2,"[ME.LOPL3, ME.LOPL4] -> LOL3 -> [LO.LOPL3, LO.LOPL4]",ME.LOP,3,ME.LOP,4,LO.LOP,3,LO.LOP,4
49518048458,mixed,mix->mix,mix,mix,1,1,2,2282,4,1.234,10293,4.511,LO,3,2,2,"[MEL4, ME.LOPL3] -> LOL3 -> [LO.LOPL3, LO.LOPL4]",ME,4,ME.LOP,3,LO.LOP,3,LO.LOP,4
49403744532,mixed,lat->FF,lat,FF,2,0,2,2282,2,1.296,8835,3.872,LO,3,2,2,"[LO.LOPL3, ME.LOPL3] -> LOL3 -> [LO.LOPL4, ME.LOPL4]",LO.LOP,3,ME.LOP,3,LO.LOP,4,ME.LOP,4
44587065480,mixed,mix->lat,mix,lat,0,1,3,2282,2,1.106,17560,7.695,LO,3,2,2,"[LO.LOPL3, LO.LOPL4] -> LOL3 -> [ME.LOL3, ME.LOPL3]",LO.LOP,3,LO.LOP,4,ME.LO,3,ME.LOP,3
42014107656,mixed,lat->mix,lat,mix,1,0,3,2282,4,1.106,24187,10.599,LO,3,2,2,"[MEL3, ME.LOPL3] -> LOL3 -> [LO.LOPL4, ME.LOL3]",ME,3,ME.LOP,3,LO.LOP,4,ME.LO,3
39344042620,mixed,mix->mix,mix,mix,1,1,2,2282,2,1.041,9856,4.319,LO,3,2,2,"[LO.LOPL4, ME.LOPL3] -> LOL3 -> [LOL4, LO.LOPL3]",LO.LOP,4,ME.LOP,3,LO,4,LO.LOP,3
39056965848,mixed,lat->FF,lat,FF,2,0,2,2282,2,1.037,9856,4.319,LO,3,2,2,"[LO.LOPL3, ME.LOPL3] -> LOL3 -> [LOL4, LO.LOPL4]",LO.LOP,3,ME.LOP,3,LO,4,LO.LOP,4
36528959962,mixed,lat->mix,lat,mix,1,0,3,2282,5,1.155,19609,8.593,LO,3,2,2,"[LO.LOPL3, MEL3] -> LOL3 -> [LOL4, ME.LOPL3]",LO.LOP,3,ME,3,LO,4,ME.LOP,3
36263994052,mixed,mix->lat,mix,lat,0,1,3,2282,7,1.424,19609,8.593,LO,3,2,2,"[LOL4, MEL3] -> LOL3 -> [LO.LOPL3, ME.LOPL3]",LO,4,ME,3,LO.LOP,3,ME.LOP,3
35329451928,mixed,mix->mix,mix,mix,1,1,2,2282,2,1.104,9856,4.319,LO,3,2,2,"[LOL4, ME.LOPL3] -> LOL3 -> [LO.LOPL3, LO.LOPL4]",LO,4,ME.LOP,3,LO.LOP,3,LO.LOP,4
31224483800,mixed,FB->lat,FB,lat,0,2,2,2282,2,1.461,8835,3.872,LO,3,2,2,"[LO.LOPL4, ME.LOPL4] -> LOL3 -> [LO.LOPL3, ME.LOPL3]",LO.LOP,4,ME.LOP,4,LO.LOP,3,ME.LOP,3
31188154700,mixed,FB->lat,FB,lat,0,2,2,2282,2,1.226,10293,4.511,LO,3,2,2,"[LO.LOPL4, MEL4] -> LOL3 -> [LO.LOPL3, ME.LOPL3]",LO.LOP,4,ME,4,LO.LOP,3,ME.LOP,3
31086016560,mixed,mix->mix,mix,mix,1,1,2,2282,2,1.285,8835,3.872,LO,3,2,2,"[LO.LOPL3, LO.LOPL4] -> LOL3 -> [ME.LOPL3, ME.LOPL4]",LO.LOP,3,LO.LOP,4,ME.LOP,3,ME.LOP,4
30700093389,mixed,mix->mix,mix,mix,1,1,2,2282,5,1.203,10293,4.511,LO,3,2,2,"[LO.LOPL3, MEL4] -> LOL3 -> [LO.LOPL4, ME.LOPL3]",LO.LOP,3,ME,4,LO.LOP,4,ME.LOP,3
30439648080,mixed,mix->mix,mix,mix,1,1,2,2282,2,1.419,8835,3.872,LO,3,2,2,"[LO.LOPL3, ME.LOPL4] -> LOL3 -> [LO.LOPL4, ME.LOPL3]",LO.LOP,3,ME.LOP,4,LO.LOP,4,ME.LOP,3
29299234284,mixed,lat->FF,lat,FF,2,0,2,2282,2,1.286,15462,6.776,LO,3,2,2,"[MEL3, ME.LOPL3] -> LOL3 -> [LO.LOPL4, ME.LOPL4]",ME,3,ME.LOP,3,LO.LOP,4,ME.LOP,4
29186457310,mixed,mix->lat,mix,lat,0,1,3,2282,2,1.146,24611,10.785,LO,3,2,2,"[LO.LOPL4, MEL3] -> LOL3 -> [LO.LOPL3, ME.LOL3]",LO.LOP,4,ME,3,LO.LOP,3,ME.LO,3
28830396486,mixed,lat->mix,lat,mix,1,0,3,2282,3,1.131,24611,10.785,LO,3,2,2,"[LO.LOPL3, MEL3] -> LOL3 -> [LO.LOPL4, ME.LOL3]",LO.LOP,3,ME,3,LO.LOP,4,ME.LO,3
28306170696,pure_lateral,lat->lat,lat,lat,0,0,4,2282,12,1.075,27313,11.969,LO,3,2,2,"[ME.LOL3, ME.LOPL3] -> LOL3 -> [LO.LOPL3, MEL3]",ME.LO,3,ME.LOP,3,LO.LOP,3,ME,3
26518197880,mixed,mix->lat,mix,lat,0,1,3,2282,2,1.102,24187,10.599,LO,3,2,2,"[LO.LOPL4, MEL3] -> LOL3 -> [ME.LOL3, ME.LOPL3]",LO.LOP,4,ME,3,ME.LO,3,ME.LOP,3
24682244520,mixed,mix->mix,mix,mix,1,1,2,2282,2,1.035,9856,4.319,LO,3,2,2,"[LO.LOPL3, LO.LOPL4] -> LOL3 -> [LOL4, ME.LOPL3]",LO.LOP,3,LO.LOP,4,LO,4,ME.LOP,3
23255507496,mixed,lat->FF,lat,FF,2,0,2,2282,2,1.035,16483,7.223,LO,3,2,2,"[MEL3, ME.LOPL3] -> LOL3 -> [LOL4, LO.LOPL4]",ME,3,ME.LOP,3,LO,4,LO.LOP,4
22299759400,mixed,FB->lat,FB,lat,0,2,2,2282,2,1.1,9856,4.319,LO,3,2,2,"[LOL4, LO.LOPL4] -> LOL3 -> [LO.LOPL3, ME.LOPL3]",LO,4,LO.LOP,4,LO.LOP,3,ME.LOP,3
22074280560,mixed,mix->mix,mix,mix,1,1,2,2282,2,1.09,9856,4.319,LO,3,2,2,"[LOL4, LO.LOPL3] -> LOL3 -> [LO.LOPL4, ME.LOPL3]",LO,4,LO.LOP,3,LO.LOP,4,ME.LOP,3
20941860320,mixed,mix->mix,mix,mix,1,1,2,2282,2,1.388,15886,6.961,LO,3,2,2,"[LO.LOPL4, MEL3] -> LOL3 -> [LO.LOPL3, ME.LOPL4]",LO.LOP,4,ME,3,LO.LOP,3,ME.LOP,4
20905239304,mixed,mix->mix,mix,mix,1,1,2,2282,2,1.557,15886,6.961,LO,3,2,2,"[MEL3, ME.LOPL4] -> LOL3 -> [LO.LOPL3, LO.LOPL4]",ME,3,ME.LOP,4,LO.LOP,3,LO.LOP,4
20475306132,mixed,lat->FF,lat,FF,2,0,2,2282,2,1.351,15886,6.961,LO,3,2,2,"[LO.LOPL3, MEL3] -> LOL3 -> [LO.LOPL4, ME.LOPL4]",LO.LOP,3,ME,3,LO.LOP,4,ME.LOP,4
20422075163,mixed,mix->mix,mix,mix,1,1,2,2282,8,1.279,17344,7.6,LO,3,2,2,"[MEL3, MEL4] -> LOL3 -> [LO.LOPL3, LO.LOPL4]",ME,3,ME,4,LO.LOP,3,LO.LOP,4
18438609360,mixed,mix->mix,mix,mix,1,1,2,2282,2,1.276,15462,6.776,LO,3,2,2,"[LO.LOPL4, MEL3] -> LOL3 -> [ME.LOPL3, ME.LOPL4]",LO.LOP,4,ME,3,ME.LOP,3,ME.LOP,4
18231525591,mixed,mix->mix,mix,mix,1,1,2,2282,7,1.196,16920,7.415,LO,3,2,2,"[MEL3, MEL4] -> LOL3 -> [LO.LOPL4, ME.LOPL3]",ME,3,ME,4,LO.LOP,4,ME.LOP,3
18021712560,mixed,mix->mix,mix,mix,1,1,2,2282,2,1.405,15462,6.776,LO,3,2,2,"[MEL3, ME.LOPL4] -> LOL3 -> [LO.LOPL4, ME.LOPL3]",ME,3,ME.LOP,4,LO.LOP,4,ME.LOP,3
17718585824,pure_lateral,lat->lat,lat,lat,0,0,4,2282,9,1.065,27313,11.969,LO,3,2,2,"[LO.LOPL3, ME.LOL3] -> LOL3 -> [MEL3, ME.LOPL3]",LO.LOP,3,ME.LO,3,ME,3,ME.LOP,3
16170823536,mixed,lat->mix,lat,mix,1,0,3,2282,2,1.292,16743,7.337,LO,3,2,2,"[ME.LOL3, ME.LOPL3] -> LOL3 -> [LO.LOPL3, ME.LOPL4]",ME.LO,3,ME.LOP,3,LO.LOP,3,ME.LOP,4
15954595276,mixed,mix->mix,mix,mix,1,1,2,2282,3,1.049,16907,7.409,LO,3,2,2,"[LO.LOPL4, MEL3] -> LOL3 -> [LOL4, LO.LOPL3]",LO.LOP,4,ME,3,LO,4,LO.LOP,3
15831939315,mixed,lat->FF,lat,FF,2,0,2,2282,4,1.044,16907,7.409,LO,3,2,2,"[LO.LOPL3, MEL3] -> LOL3 -> [LOL4, LO.LOPL4]",LO.LOP,3,ME,3,LO,4,LO.LOP,4
14696780120,mixed,mix->mix,mix,mix,1,1,2,2282,2,1.034,16483,7.223,LO,3,2,2,"[LO.LOPL4, MEL3] -> LOL3 -> [LOL4, ME.LOPL3]",LO.LOP,4,ME,3,LO,4,ME.LOP,3
14410418784,mixed,mix->mix,mix,mix,1,1,2,2282,5,1.125,16907,7.409,LO,3,2,2,"[LOL4, MEL3] -> LOL3 -> [LO.LOPL3, LO.LOPL4]",LO,4,ME,3,LO.LOP,3,LO.LOP,4
13131999120,mixed,mix->mix,mix,mix,1,1,2,2282,2,1.087,16483,7.223,LO,3,2,2,"[LOL4, MEL3] -> LOL3 -> [LO.LOPL4, ME.LOPL3]",LO,4,ME,3,LO.LOP,4,ME.LOP,3
12803172293,mixed,lat->mix,lat,mix,1,0,3,2282,9,1.036,17764,7.784,LO,3,2,2,"[ME.LOL3, ME.LOPL3] -> LOL3 -> [LOL4, LO.LOPL3]",ME.LO,3,ME.LOP,3,LO,4,LO.LOP,3
11659953120,mixed,lat->mix,lat,mix,1,0,3,2282,4,1.015,24187,10.599,LO,3,2,2,"[ME.LOL3, ME.LOPL3] -> LOL3 -> [LO.LOPL4, MEL3]",ME.LO,3,ME.LOP,3,LO.LOP,4,ME,3
11650822034,pure_lateral,lat->lat,lat,lat,0,0,4,2282,5,1.064,27313,11.969,LO,3,2,2,"[LO.LOPL3, ME.LOPL3] -> LOL3 -> [MEL3, ME.LOL3]",LO.LOP,3,ME.LOP,3,ME,3,ME.LO,3
10053820600,mixed,mix->lat,mix,lat,0,1,3,2282,18,1.201,18201,7.976,LO,3,2,2,"[MEL4, ME.LOL3] -> LOL3 -> [LO.LOPL3, ME.LOPL3]",ME,4,ME.LO,3,LO.LOP,3,ME.LOP,3
9992556000,mixed,lat->mix,lat,mix,1,0,3,2282,2,1.254,16743,7.337,LO,3,2,2,"[LO.LOPL3, ME.LOL3] -> LOL3 -> [ME.LOPL3, ME.LOPL4]",LO.LOP,3,ME.LO,3,ME.LOP,3,ME.LOP,4
9957185840,mixed,mix->lat,mix,lat,0,1,3,2282,2,1.414,16743,7.337,LO,3,2,2,"[ME.LOL3, ME.LOPL4] -> LOL3 -> [LO.LOPL3, ME.LOPL3]",ME.LO,3,ME.LOP,4,LO.LOP,3,ME.LOP,3
8108780883,mixed,mix->FB,mix,FB,1,2,1,109,4,2.972,12724,116.734,PVLP.LO,4,2,2,"[LO.PVLPL3, LO.PVLPL4] -> PVLP.LOL4 -> [LOL3, ME.LOL3]",LO.PVLP,3,LO.PVLP,4,LO,3,ME.LO,3
8034401395,mixed,lat->mix,lat,mix,1,0,3,2282,6,1.031,17764,7.784,LO,3,2,2,"[LO.LOPL3, ME.LOL3] -> LOL3 -> [LOL4, ME.LOPL3]",LO.LOP,3,ME.LO,3,LO,4,ME.LOP,3
7975768000,mixed,mix->lat,mix,lat,0,1,3,2282,9,1.136,20046,8.784,LO,3,2,2,"[MEL4, ME.LOPL3] -> LOL3 -> [LO.LOPL3, MEL3]",ME,4,ME.LOP,3,LO.LOP,3,ME,3
7968733280,mixed,mix->lat,mix,lat,0,1,3,2282,2,1.02,24611,10.785,LO,3,2,2,"[LO.LOPL4, ME.LOL3] -> LOL3 -> [LO.LOPL3, MEL3]",LO.LOP,4,ME.LO,3,LO.LOP,3,ME,3
7918609918,mixed,lat->mix,lat,mix,1,0,3,2282,5,1.018,24611,10.785,LO,3,2,2,"[LO.LOPL3, ME.LOL3] -> LOL3 -> [LO.LOPL4, MEL3]",LO.LOP,3,ME.LO,3,LO.LOP,4,ME,3
7867929672,mixed,lat->mix,lat,mix,1,0,3,2282,2,1.173,18588,8.145,LO,3,2,2,"[LO.LOPL3, ME.LOPL3] -> LOL3 -> [MEL3, ME.LOPL4]",LO.LOP,3,ME.LOP,3,ME,3,ME.LOP,4
7672521848,mixed,mix->lat,mix,lat,0,1,3,2282,2,1.287,18588,8.145,LO,3,2,2,"[ME.LOPL3, ME.LOPL4] -> LOL3 -> [LO.LOPL3, MEL3]",ME.LOP,3,ME.LOP,4,LO.LOP,3,ME,3
7607725618,mixed,lat->mix,lat,mix,1,0,3,2282,8,1.368,20046,8.784,LO,3,2,2,"[MEL3, ME.LOPL3] -> LOL3 -> [LO.LOPL3, MEL4]",ME,3,ME.LOP,3,LO.LOP,3,ME,4
7371568640,mixed,mix->lat,mix,lat,0,1,3,2282,2,1.014,24187,10.599,LO,3,2,2,"[LO.LOPL4, ME.LOL3] -> LOL3 -> [MEL3, ME.LOPL3]",LO.LOP,4,ME.LO,3,ME,3,ME.LOP,3
7233722220,mixed,mix->lat,mix,lat,0,1,3,2282,7,1.089,17764,7.784,LO,3,2,2,"[LOL4, ME.LOL3] -> LOL3 -> [LO.LOPL3, ME.LOPL3]",LO,4,ME.LO,3,LO.LOP,3,ME.LOP,3
6700036551,mixed,lat->mix,lat,mix,1,0,3,2282,3,1.347,23794,10.427,LO,3,2,2,"[MEL3, ME.LOL3] -> LOL3 -> [LO.LOPL3, ME.LOPL4]",ME,3,ME.LO,3,LO.LOP,3,ME.LOP,4
6603169348,mixed,mix->lat,mix,lat,0,1,3,2282,8,1.197,18201,7.976,LO,3,2,2,"[MEL4, ME.LOPL3] -> LOL3 -> [LO.LOPL3, ME.LOL3]",ME,4,ME.LOP,3,LO.LOP,3,ME.LO,3
6560110980,mixed,lat->mix,lat,mix,1,0,3,2282,2,1.249,16743,7.337,LO,3,2,2,"[LO.LOPL3, ME.LOPL3] -> LOL3 -> [ME.LOL3, ME.LOPL4]",LO.LOP,3,ME.LOP,3,ME.LO,3,ME.LOP,4
6536556673,mixed,lat->mix,lat,mix,1,0,3,2282,8,1.021,19609,8.593,LO,3,2,2,"[LO.LOPL3, ME.LOPL3] -> LOL3 -> [LOL4, MEL3]",LO.LOP,3,ME.LOP,3,LO,4,ME,3
6528888388,mixed,mix->lat,mix,lat,0,1,3,2282,2,1.406,16743,7.337,LO,3,2,2,"[ME.LOPL3, ME.LOPL4] -> LOL3 -> [LO.LOPL3, ME.LOL3]",ME.LOP,3,ME.LOP,4,LO.LOP,3,ME.LO,3
6142864896,mixed,lat->FF,lat,FF,2,0,2,2282,2,1.058,13617,5.967,LO,3,2,2,"[ME.LOL3, ME.LOPL3] -> LOL3 -> [LO.LOPL4, ME.LOPL4]",ME.LO,3,ME.LOP,3,LO.LOP,4,ME.LOP,4
5929727520,mixed,lat->mix,lat,mix,1,0,3,2282,2,1.246,23370,10.241,LO,3,2,2,"[MEL3, ME.LOL3] -> LOL3 -> [ME.LOPL3, ME.LOPL4]",ME,3,ME.LO,3,ME.LOP,3,ME.LOP,4
5849880450,mixed,mix->mix,mix,mix,1,1,2,109,5,2.69,11602,106.44,PVLP.LO,4,2,2,"[LO.PVLPL3, LO.PVLPL4] -> PVLP.LOL4 -> [LOL4, ME.LOL3]",LO.PVLP,3,LO.PVLP,4,LO,4,ME.LO,3
5833029944,mixed,mix->lat,mix,lat,0,1,3,2282,5,1.06,19609,8.593,LO,3,2,2,"[LOL4, ME.LOPL3] -> LOL3 -> [LO.LOPL3, MEL3]",LO,4,ME.LOP,3,LO.LOP,3,ME,3
5354248584,mixed,lat->FF,lat,FF,2,0,2,2282,2,1.007,14638,6.415,LO,3,2,2,"[ME.LOL3, ME.LOPL3] -> LOL3 -> [LOL4, LO.LOPL4]",ME.LO,3,ME.LOP,3,LO,4,LO.LOP,4
5284629866,mixed,lat->mix,lat,mix,1,0,3,2282,5,1.031,17764,7.784,LO,3,2,2,"[LO.LOPL3, ME.LOPL3] -> LOL3 -> [LOL4, ME.LOL3]",LO.LOP,3,ME.LOP,3,LO,4,ME.LO,3
5189858762,mixed,lat->mix,lat,mix,1,0,3,2282,21,1.043,24815,10.874,LO,3,2,2,"[MEL3, ME.LOL3] -> LOL3 -> [LOL4, LO.LOPL3]",ME,3,ME.LO,3,LO,4,LO.LOP,3
4973453012,mixed,mix->lat,mix,lat,0,1,3,2282,8,1.118,20046,8.784,LO,3,2,2,"[LO.LOPL3, MEL4] -> LOL3 -> [MEL3, ME.LOPL3]",LO.LOP,3,ME,4,ME,3,ME.LOP,3
4900247544,mixed,mix->mix,mix,mix,1,1,2,2282,2,1.508,9476,4.152,LO,3,2,2,"[MEL4, ME.LOPL3] -> LOL3 -> [LO.LOPL3, ME.LOPL4]",ME,4,ME.LOP,3,LO.LOP,3,ME.LOP,4
4849434422,mixed,mix->lat,mix,lat,0,1,3,2282,4,1.014,24187,10.599,LO,3,2,2,"[LO.LOPL4, ME.LOPL3] -> LOL3 -> [MEL3, ME.LOL3]",LO.LOP,4,ME.LOP,3,ME,3,ME.LO,3
4784598020,mixed,lat->mix,lat,mix,1,0,3,2282,24,1.03,24391,10.688,LO,3,2,2,"[MEL3, ME.LOL3] -> LOL3 -> [LOL4, ME.LOPL3]",ME,3,ME.LO,3,LO,4,ME.LOP,3
4771217480,mixed,mix->mix,mix,mix,1,1,2,2282,2,1.086,10293,4.511,LO,3,2,2,"[LO.LOPL4, ME.LOPL3] -> LOL3 -> [LO.LOPL3, MEL4]",LO.LOP,4,ME.LOP,3,LO.LOP,3,ME,4
4755489496,mixed,mix->lat,mix,lat,0,1,3,2282,5,1.087,17764,7.784,LO,3,2,2,"[LOL4, ME.LOPL3] -> LOL3 -> [LO.LOPL3, ME.LOL3]",LO,4,ME.LOP,3,LO.LOP,3,ME.LO,3
4742620800,mixed,mix->lat,mix,lat,0,1,3,2282,2,1.249,18588,8.145,LO,3,2,2,"[LO.LOPL3, ME.LOPL4] -> LOL3 -> [MEL3, ME.LOPL3]",LO.LOP,3,ME.LOP,4,ME,3,ME.LOP,3
4726164924,mixed,lat->FF,lat,FF,2,0,2,2282,2,1.077,10293,4.511,LO,3,2,2,"[LO.LOPL3, ME.LOPL3] -> LOL3 -> [LO.LOPL4, MEL4]",LO.LOP,3,ME.LOP,3,LO.LOP,4,ME,4
4681619198,mixed,lat->mix,lat,mix,1,0,3,2282,6,1.321,20046,8.784,LO,3,2,2,"[LO.LOPL3, MEL3] -> LOL3 -> [MEL4, ME.LOPL3]",LO.LOP,3,ME,3,ME,4,ME.LOP,3
4649379532,mixed,mix->lat,mix,lat,0,1,3,2282,12,1.7,18558,8.132,LO,3,2,2,"[MEL3, PVLP.LOL4] -> LOL3 -> [LO.LOPL3, ME.LOPL3]",ME,3,PVLP.LO,4,LO.LOP,3,ME.LOP,3
4429266732,mixed,mix->FB,mix,FB,1,2,1,109,3,2.909,21151,194.046,PVLP.LO,4,2,2,"[LO.PVLPL3, LO.PVLPL4] -> PVLP.LOL4 -> [MEL3, ME.LOL3]",LO.PVLP,3,LO.PVLP,4,ME,3,ME.LO,3
4292848859,mixed,mix->mix,mix,mix,1,1,2,2282,7,1.057,15499,6.792,LO,3,2,2,"[MEL4, ME.LOL3] -> LOL3 -> [LO.LOPL3, LO.LOPL4]",ME,4,ME.LO,3,LO.LOP,3,LO.LOP,4
4232009220,mixed,mix->mix,mix,mix,1,1,2,2282,2,1.081,14041,6.153,LO,3,2,2,"[LO.LOPL4, ME.LOL3] -> LOL3 -> [LO.LOPL3, ME.LOPL4]",LO.LOP,4,ME.LO,3,LO.LOP,3,ME.LOP,4
4193058888,mixed,lat->FF,lat,FF,2,0,2,2282,2,1.072,14041,6.153,LO,3,2,2,"[LO.LOPL3, ME.LOL3] -> LOL3 -> [LO.LOPL4, ME.LOPL4]",LO.LOP,3,ME.LO,3,LO.LOP,4,ME.LOP,4
4159265376,mixed,mix->lat,mix,lat,0,1,3,35,1,1.0,12724,363.543,PVLP.LO,3,2,2,"[LO.PVLPL3, LO.PVLPL4] -> PVLP.LOL3 -> [LOL3, ME.LOL3]",LO.PVLP,3,LO.PVLP,4,LO,3,ME.LO,3
4102730923,mixed,mix->lat,mix,lat,0,1,3,2282,5,1.17,18201,7.976,LO,3,2,2,"[LO.LOPL3, MEL4] -> LOL3 -> [ME.LOL3, ME.LOPL3]",LO.LOP,3,ME,4,ME.LO,3,ME.LOP,3
4009250640,mixed,mix->lat,mix,lat,0,1,3,2282,2,1.355,16743,7.337,LO,3,2,2,"[LO.LOPL3, ME.LOPL4] -> LOL3 -> [ME.LOL3, ME.LOPL3]",LO.LOP,3,ME.LOP,4,ME.LO,3,ME.LOP,3
3969964956,mixed,mix->mix,mix,mix,1,1,2,2282,2,1.121,14041,6.153,LO,3,2,2,"[ME.LOL3, ME.LOPL4] -> LOL3 -> [LO.LOPL3, LO.LOPL4]",ME.LO,3,ME.LOP,4,LO.LOP,3,LO.LOP,4
3949779022,mixed,mix->mix,mix,mix,1,1,2,2282,8,1.04,15075,6.606,LO,3,2,2,"[MEL4, ME.LOL3] -> LOL3 -> [LO.LOPL4, ME.LOPL3]",ME,4,ME.LO,3,LO.LOP,4,ME.LOP,3
3893131644,mixed,lat->mix,lat,mix,1,0,3,2282,2,1.241,23370,10.241,LO,3,2,2,"[MEL3, ME.LOPL3] -> LOL3 -> [ME.LOL3, ME.LOPL4]",ME,3,ME.LOP,3,ME.LO,3,ME.LOP,4
3880475760,mixed,mix->mix,mix,mix,1,1,2,2282,2,1.056,13617,5.967,LO,3,2,2,"[LO.LOPL4, ME.LOL3] -> LOL3 -> [ME.LOPL3, ME.LOPL4]",LO.LOP,4,ME.LO,3,ME.LOP,3,ME.LOP,4
3654704640,mixed,mix->lat,mix,lat,0,1,3,2282,2,1.052,19609,8.593,LO,3,2,2,"[LOL4, LO.LOPL3] -> LOL3 -> [MEL3, ME.LOPL3]",LO,4,LO.LOP,3,ME,3,ME.LOP,3
3654000590,mixed,mix->mix,mix,mix,1,1,2,2282,2,1.01,15062,6.6,LO,3,2,2,"[LO.LOPL4, ME.LOL3] -> LOL3 -> [LOL4, LO.LOPL3]",LO.LOP,4,ME.LO,3,LO,4,LO.LOP,3
3632928375,mixed,lat->FF,lat,FF,2,0,2,2282,3,1.009,15062,6.6,LO,3,2,2,"[LO.LOPL3, ME.LOL3] -> LOL3 -> [LOL4, LO.LOPL4]",LO.LOP,3,ME.LO,3,LO,4,LO.LOP,4
3619447440,mixed,mix->mix,mix,mix,1,1,2,2282,2,1.085,13617,5.967,LO,3,2,2,"[ME.LOL3, ME.LOPL4] -> LOL3 -> [LO.LOPL4, ME.LOPL3]",ME.LO,3,ME.LOP,4,LO.LOP,4,ME.LOP,3
3554217197,mixed,mix->mix,mix,mix,1,1,2,2282,7,1.066,10497,4.6,LO,3,2,2,"[MEL4, ME.LOPL3] -> LOL3 -> [LOL4, LO.LOPL3]",ME,4,ME.LOP,3,LO,4,LO.LOP,3
3475679616,mixed,lat->FF,lat,FF,2,0,2,2282,2,1.084,9039,3.961,LO,3,2,2,"[LO.LOPL3, ME.LOPL3] -> LOL3 -> [LOL4, ME.LOPL4]",LO.LOP,3,ME.LOP,3,LO,4,ME.LOP,4
3385506920,mixed,mix->mix,mix,mix,1,1,2,2282,2,1.007,14638,6.415,LO,3,2,2,"[LO.LOPL4, ME.LOL3] -> LOL3 -> [LOL4, ME.LOPL3]",LO.LOP,4,ME.LO,3,LO,4,ME.LOP,3
3332222276,mixed,FF->mix,FF,mix,2,1,1,1160,134,1.008,12724,10.969,LO,4,2,2,"[LOL3, ME.LOL3] -> LOL4 -> [LO.PVLPL3, LO.PVLPL4]",LO,3,ME.LO,3,LO.PVLP,3,LO.PVLP,4
3302502344,mixed,mix->mix,mix,mix,1,1,2,2282,2,1.141,9039,3.961,LO,3,2,2,"[ME.LOPL3, ME.LOPL4] -> LOL3 -> [LOL4, LO.LOPL3]",ME.LOP,3,ME.LOP,4,LO,4,LO.LOP,3
3301114661,pure_lateral,lat->lat,lat,lat,0,0,4,2282,8,1.0,18604,8.152,LO,3,2,2,"[LO.MEL3, MEL3] -> LOL3 -> [LO.LOPL3, ME.LOPL3]",LO.ME,3,ME,3,LO.LOP,3,ME.LOP,3
3293065958,mixed,mix->lat,mix,lat,0,1,3,2282,3,1.017,24611,10.785,LO,3,2,2,"[LO.LOPL3, LO.LOPL4] -> LOL3 -> [MEL3, ME.LOL3]",LO.LOP,3,LO.LOP,4,ME,3,ME.LO,3
3270236352,mixed,mix->mix,mix,mix,1,1,2,2282,2,1.237,9039,3.961,LO,3,2,2,"[LOL4, ME.LOPL3] -> LOL3 -> [LO.LOPL3, ME.LOPL4]",LO,4,ME.LOP,3,LO.LOP,3,ME.LOP,4
3209204134,mixed,mix->mix,mix,mix,1,1,2,2282,4,1.027,16920,7.415,LO,3,2,2,"[MEL4, ME.LOPL3] -> LOL3 -> [LO.LOPL4, MEL3]",ME,4,ME.LOP,3,LO.LOP,4,ME,3
3206113378,mixed,mix->mix,mix,mix,1,1,2,2282,4,1.025,15062,6.6,LO,3,2,2,"[LOL4, ME.LOL3] -> LOL3 -> [LO.LOPL3, LO.LOPL4]",LO,4,ME.LO,3,LO.LOP,3,LO.LOP,4
3146938677,mixed,lat->mix,lat,mix,1,0,3,2282,16,1.03,24391,10.688,LO,3,2,2,"[MEL3, ME.LOPL3] -> LOL3 -> [LOL4, ME.LOL3]",ME,3,ME.LOP,3,LO,4,ME.LO,3
3144759636,mixed,mix->mix,mix,mix,1,1,2,2282,2,1.038,15462,6.776,LO,3,2,2,"[LO.LOPL4, ME.LOPL3] -> LOL3 -> [MEL3, ME.LOPL4]",LO.LOP,4,ME.LOP,3,ME,3,ME.LOP,4
3125475160,mixed,FB->lat,FB,lat,0,2,2,2282,2,1.684,9476,4.152,LO,3,2,2,"[MEL4, ME.LOPL4] -> LOL3 -> [LO.LOPL3, ME.LOPL3]",ME,4,ME.LOP,4,LO.LOP,3,ME.LOP,3
2992644720,mixed,mix->mix,mix,mix,1,1,2,2282,2,1.447,9476,4.152,LO,3,2,2,"[LO.LOPL3, MEL4] -> LOL3 -> [ME.LOPL3, ME.LOPL4]",LO.LOP,3,ME,4,ME.LOP,3,ME.LOP,4
2984543880,mixed,mix->mix,mix,mix,1,1,2,2282,2,1.074,10293,4.511,LO,3,2,2,"[LO.LOPL3, LO.LOPL4] -> LOL3 -> [MEL4, ME.LOPL3]",LO.LOP,3,LO.LOP,4,ME,4,ME.LOP,3
2974446960,mixed,mix->lat,mix,lat,0,1,3,2282,2,1.075,17764,7.784,LO,3,2,2,"[LOL4, LO.LOPL3] -> LOL3 -> [ME.LOL3, ME.LOPL3]",LO,4,LO.LOP,3,ME.LO,3,ME.LOP,3
2963754480,mixed,mix->mix,mix,mix,1,1,2,2282,2,1.017,14638,6.415,LO,3,2,2,"[LOL4, ME.LOL3] -> LOL3 -> [LO.LOPL4, ME.LOPL3]",LO,4,ME.LO,3,LO.LOP,4,ME.LOP,3
2920508628,mixed,mix->mix,mix,mix,1,1,2,2282,2,1.057,15462,6.776,LO,3,2,2,"[ME.LOPL3, ME.LOPL4] -> LOL3 -> [LO.LOPL4, MEL3]",ME.LOP,3,ME.LOP,4,LO.LOP,4,ME,3
2812188240,mixed,lat->FF,lat,FF,2,0,2,2282,3,1.074,16920,7.415,LO,3,2,2,"[MEL3, ME.LOPL3] -> LOL3 -> [LO.LOPL4, MEL4]",ME,3,ME.LOP,3,LO.LOP,4,ME,4
2765092132,mixed,mix->mix,mix,mix,1,1,2,2282,3,1.005,16483,7.223,LO,3,2,2,"[LO.LOPL4, ME.LOPL3] -> LOL3 -> [LOL4, MEL3]",LO.LOP,4,ME.LOP,3,LO,4,ME,3
2728711928,mixed,mix->lat,mix,lat,0,1,3,2282,2,1.478,23794,10.427,LO,3,2,2,"[MEL3, ME.LOPL4] -> LOL3 -> [LO.LOPL3, ME.LOL3]",ME,3,ME.LOP,4,LO.LOP,3,ME.LO,3
2714912684,mixed,mix->lat,mix,lat,0,1,3,2282,14,1.235,25252,11.066,LO,3,2,2,"[MEL3, MEL4] -> LOL3 -> [LO.LOPL3, ME.LOL3]",ME,3,ME,4,LO.LOP,3,ME.LO,3
2708798436,mixed,lat->mix,lat,mix,1,0,3,2282,2,1.297,23794,10.427,LO,3,2,2,"[LO.LOPL3, MEL3] -> LOL3 -> [ME.LOL3, ME.LOPL4]",LO.LOP,3,ME,3,ME.LO,3,ME.LOP,4
2692470432,mixed,mix->mix,mix,mix,1,2,1,109,3,2.928,11958,109.706,PVLP.LO,4,2,2,"[AVLPL5, LO.PVLPL3] -> PVLP.LOL4 -> [LO.PVLPL4, ME.LOL3]",AVLP,5,LO.PVLP,3,LO.PVLP,4,ME.LO,3
2597767960,mixed,mix->mix,mix,mix,1,1,2,2282,4,1.039,15075,6.606,LO,3,2,2,"[MEL4, ME.LOPL3] -> LOL3 -> [LO.LOPL4, ME.LOL3]",ME,4,ME.LOP,3,LO.LOP,4,ME.LO,3
2551798842,mixed,mix->mix,mix,mix,1,1,2,2282,2,1.055,13617,5.967,LO,3,2,2,"[LO.LOPL4, ME.LOPL3] -> LOL3 -> [ME.LOL3, ME.LOPL4]",LO.LOP,4,ME.LOP,3,ME.LO,3,ME.LOP,4
2545173336,mixed,FF->mix,FF,mix,3,0,1,1160,18,1.0,12247,10.558,LO,4,2,2,"[LOL3, ME.LOL3] -> LOL4 -> [LO.AOTUL5, LO.PVLPL4]",LO,3,ME.LO,3,LO.AOTU,5,LO.PVLP,4
2495163585,mixed,lat->FF,lat,FF,2,0,2,2282,3,1.07,20668,9.057,LO,3,2,2,"[MEL3, ME.LOL3] -> LOL3 -> [LO.LOPL4, ME.LOPL4]",ME,3,ME.LO,3,LO.LOP,4,ME.LOP,4
2437649654,mixed,mix->lat,mix,lat,0,1,3,2282,17,1.165,24828,10.88,LO,3,2,2,"[MEL3, MEL4] -> LOL3 -> [ME.LOL3, ME.LOPL3]",ME,3,ME,4,ME.LO,3,ME.LOP,3
2416520496,mixed,mix->mix,mix,mix,1,1,2,2282,2,1.012,16483,7.223,LO,3,2,2,"[LOL4, ME.LOPL3] -> LOL3 -> [LO.LOPL4, MEL3]",LO,4,ME.LOP,3,LO.LOP,4,ME,3
2402480724,mixed,mix->mix,mix,mix,1,1,2,2282,2,1.864,8805,3.858,LO,3,2,2,"[ME.LOPL3, PVLP.LOL4] -> LOL3 -> [LO.LOPL3, LO.LOPL4]",ME.LOP,3,PVLP.LO,4,LO.LOP,3,LO.LOP,4
2379539658,mixed,mix->mix,mix,mix,1,1,2,2282,2,1.083,13617,5.967,LO,3,2,2,"[ME.LOPL3, ME.LOPL4] -> LOL3 -> [LO.LOPL4, ME.LOL3]",ME.LOP,3,ME.LOP,4,LO.LOP,4,ME.LO,3
2375745200,mixed,mix->lat,mix,lat,0,1,3,2282,2,1.343,23370,10.241,LO,3,2,2,"[MEL3, ME.LOPL4] -> LOL3 -> [ME.LOL3, ME.LOPL3]",ME,3,ME.LOP,4,ME.LO,3,ME.LOP,3
2227332424,mixed,mix->mix,mix,mix,1,1,2,2282,3,1.007,14638,6.415,LO,3,2,2,"[LO.LOPL4, ME.LOPL3] -> LOL3 -> [LOL4, ME.LOL3]",LO.LOP,4,ME.LOP,3,LO,4,ME.LO,3
2226071533,mixed,mix->mix,mix,mix,1,1,2,2282,6,1.057,10497,4.6,LO,3,2,2,"[LO.LOPL3, MEL4] -> LOL3 -> [LOL4, ME.LOPL3]",LO.LOP,3,ME,4,LO,4,ME.LOP,3
2198229040,mixed,FB->lat,FB,lat,0,2,2,2282,2,1.037,17344,7.6,LO,3,2,2,"[LO.LOPL4, MEL4] -> LOL3 -> [LO.LOPL3, MEL3]",LO.LOP,4,ME,4,LO.LOP,3,ME,3
2182589149,mixed,mix->mix,mix,mix,1,1,2,2282,5,1.033,17344,7.6,LO,3,2,2,"[LO.LOPL3, MEL4] -> LOL3 -> [LO.LOPL4, MEL3]",LO.LOP,3,ME,4,LO.LOP,4,ME,3
2177471799,mixed,FF->mix,FF,mix,3,0,1,1160,46,1.001,12134,10.46,LO,4,2,2,"[LOL3, ME.LOL3] -> LOL4 -> [LO.PVLPL4, LO.PVLPL5]",LO,3,ME.LO,3,LO.PVLP,4,LO.PVLP,5
2164169496,mixed,lat->FF,lat,FF,2,0,2,2282,3,1.008,21689,9.504,LO,3,2,2,"[MEL3, ME.LOL3] -> LOL3 -> [LOL4, LO.LOPL4]",ME,3,ME.LO,3,LO,4,LO.LOP,4
2141565732,mixed,mix->mix,mix,mix,1,1,2,2282,2,1.047,15886,6.961,LO,3,2,2,"[LO.LOPL3, LO.LOPL4] -> LOL3 -> [MEL3, ME.LOPL4]",LO.LOP,3,LO.LOP,4,ME,3,ME.LOP,4
2140926914,mixed,lat->mix,lat,mix,1,0,3,2282,13,1.037,24815,10.874,LO,3,2,2,"[LO.LOPL3, MEL3] -> LOL3 -> [LOL4, ME.LOL3]",LO.LOP,3,ME,3,LO,4,ME.LO,3
2101992816,pure_lateral,lat->lat,lat,lat,0,0,4,1,1,1.0,2787,2787.0,MB_ML.MB_CA,3,2,2,"[MB_CA.CREL3, MB_CA.MB_PEDL3] -> MB_ML.MB_CAL3 -> [MB_CA.MB_MLL3, MB_CA.MB_VLL3]",MB_CA.CRE,3,MB_CA.MB_PED,3,MB_CA.MB_ML,3,MB_CA.MB_VL,3
2101992816,pure_lateral,lat->lat,lat,lat,0,0,4,1,1,1.0,2787,2787.0,MB_ML.MB_CA,3,2,2,"[MB_CA.MB_MLL3, MB_CA.MB_PEDL3] -> MB_ML.MB_CAL3 -> [MB_CA.CREL3, MB_CA.MB_VLL3]",MB_CA.MB_ML,3,MB_CA.MB_PED,3,MB_CA.CRE,3,MB_CA.MB_VL,3
2101992816,pure_lateral,lat->lat,lat,lat,0,0,4,1,1,1.0,2787,2787.0,MB_ML.MB_CA,3,2,2,"[MB_CA.MB_PEDL3, MB_CA.MB_VLL3] -> MB_ML.MB_CAL3 -> [MB_CA.CREL3, MB_CA.MB_MLL3]",MB_CA.MB_PED,3,MB_CA.MB_VL,3,MB_CA.CRE,3,MB_CA.MB_ML,3
2088343512,pure_lateral,lat->lat,lat,lat,0,0,4,1,1,1.0,2787,2787.0,MB_ML.MB_CA,3,2,2,"[MB_CA.CREL3, MB_CA.MB_MLL3] -> MB_ML.MB_CAL3 -> [MB_CA.MB_PEDL3, MB_CA.MB_VLL3]",MB_CA.CRE,3,MB_CA.MB_ML,3,MB_CA.MB_PED,3,MB_CA.MB_VL,3
2088343512,pure_lateral,lat->lat,lat,lat,0,0,4,1,1,1.0,2787,2787.0,MB_ML.MB_CA,3,2,2,"[MB_CA.CREL3, MB_CA.MB_VLL3] -> MB_ML.MB_CAL3 -> [MB_CA.MB_MLL3, MB_CA.MB_PEDL3]",MB_CA.CRE,3,MB_CA.MB_VL,3,MB_CA.MB_ML,3,MB_CA.MB_PED,3
2088343512,pure_lateral,lat->lat,lat,lat,0,0,4,1,1,1.0,2787,2787.0,MB_ML.MB_CA,3,2,2,"[MB_CA.MB_MLL3, MB_CA.MB_VLL3] -> MB_ML.MB_CAL3 -> [MB_CA.CREL3, MB_CA.MB_PEDL3]",MB_CA.MB_ML,3,MB_CA.MB_VL,3,MB_CA.CRE,3,MB_CA.MB_PED,3
2067881088,mixed,lat->FF,lat,FF,2,0,2,2282,2,1.081,15666,6.865,LO,3,2,2,"[MEL3, ME.LOPL3] -> LOL3 -> [LOL4, ME.LOPL4]",ME,3,ME.LOP,3,LO,4,ME.LOP,4
2063483964,mixed,mix->mix,mix,mix,1,1,2,2282,2,1.591,16527,7.242,LO,3,2,2,"[MEL3, MEL4] -> LOL3 -> [LO.LOPL3, ME.LOPL4]",ME,3,ME,4,LO.LOP,3,ME.LOP,4
2058824400,mixed,mix->mix,mix,mix,1,1,2,2282,2,1.122,9039,3.961,LO,3,2,2,"[LO.LOPL3, ME.LOPL4] -> LOL3 -> [LOL4, ME.LOPL3]",LO.LOP,3,ME.LOP,4,LO,4,ME.LOP,3
2048831800,mixed,FB->lat,FB,lat,0,2,2,2282,4,1.162,10497,4.6,LO,3,2,2,"[LOL4, MEL4] -> LOL3 -> [LO.LOPL3, ME.LOPL3]",LO,4,ME,4,LO.LOP,3,ME.LOP,3
2029029147,mixed,FF->lat,FF,lat,2,0,2,1160,63,1.001,12273,10.58,LO,4,2,2,"[LOL3, ME.LOL3] -> LOL4 -> [LO.PLPL4, LO.PVLPL4]",LO,3,ME.LO,3,LO.PLP,4,LO.PVLP,4
2028440320,mixed,FB->lat,FB,lat,0,2,2,2282,2,1.026,16920,7.415,LO,3,2,2,"[LO.LOPL4, MEL4] -> LOL3 -> [MEL3, ME.LOPL3]",LO.LOP,4,ME,4,ME,3,ME.LOP,3
2027193120,mixed,mix->mix,mix,mix,1,1,2,2282,2,1.205,9039,3.961,LO,3,2,2,"[LOL4, LO.LOPL3] -> LOL3 -> [ME.LOPL3, ME.LOPL4]",LO,4,LO.LOP,3,ME.LOP,3,ME.LOP,4
2024085933,mixed,FF->mix,FF,mix,2,1,1,1160,212,1.012,22727,19.592,LO,4,2,2,"[MEL3, ME.LOL3] -> LOL4 -> [LOL3, LO.PVLPL4]",ME,3,ME.LO,3,LO,3,LO.PVLP,4
2011609660,mixed,FB->lat,FB,lat,0,2,2,2282,2,1.079,15886,6.961,LO,3,2,2,"[LO.LOPL4, ME.LOPL4] -> LOL3 -> [LO.LOPL3, MEL3]",LO.LOP,4,ME.LOP,4,LO.LOP,3,ME,3
1994121680,mixed,FB->lat,FB,lat,0,2,2,2282,2,1.338,9039,3.961,LO,3,2,2,"[LOL4, ME.LOPL4] -> LOL3 -> [LO.LOPL3, ME.LOPL3]",LO,4,ME.LOP,4,LO.LOP,3,ME.LOP,3
1993246884,mixed,mix->mix,mix,mix,1,1,2,2282,2,1.071,15886,6.961,LO,3,2,2,"[LO.LOPL3, ME.LOPL4] -> LOL3 -> [LO.LOPL4, MEL3]",LO.LOP,3,ME.LOP,4,LO.LOP,4,ME,3
1949664336,mixed,mix->mix,mix,mix,1,1,2,2282,2,1.017,14638,6.415,LO,3,2,2,"[LOL4, ME.LOPL3] -> LOL3 -> [LO.LOPL4, ME.LOL3]",LO,4,ME.LOP,3,LO.LOP,4,ME.LO,3
1942904910,mixed,mix->mix,mix,mix,1,1,2,2282,2,1.103,17344,7.6,LO,3,2,2,"[LO.LOPL4, MEL3] -> LOL3 -> [LO.LOPL3, MEL4]",LO.LOP,4,ME,3,LO.LOP,3,ME,4
1938120806,mixed,mix->FB,mix,FB,0,3,1,109,3,2.938,11958,109.706,PVLP.LO,4,2,2,"[AVLPL5, LO.PVLPL4] -> PVLP.LOL4 -> [LO.PVLPL3, ME.LOL3]",AVLP,5,LO.PVLP,4,LO.PVLP,3,ME.LO,3
1936751264,mixed,mix->lat,mix,lat,0,1,3,2282,9,1.104,24815,10.874,LO,3,2,2,"[LOL4, MEL3] -> LOL3 -> [LO.LOPL3, ME.LOL3]",LO,4,ME,3,LO.LOP,3,ME.LO,3
1923032223,mixed,lat->FF,lat,FF,2,0,2,2282,4,1.092,17344,7.6,LO,3,2,2,"[LO.LOPL3, MEL3] -> LOL3 -> [LO.LOPL4, MEL4]",LO.LOP,3,ME,3,LO.LOP,4,ME,4
1875595395,mixed,mix->mix,mix,mix,1,1,2,2282,4,1.006,16907,7.409,LO,3,2,2,"[LO.LOPL3, LO.LOPL4] -> LOL3 -> [LOL4, MEL3]",LO.LOP,3,LO.LOP,4,LO,4,ME,3
1844937280,mixed,FB->lat,FB,lat,0,2,2,2282,2,1.055,15462,6.776,LO,3,2,2,"[LO.LOPL4, ME.LOPL4] -> LOL3 -> [MEL3, ME.LOPL3]",LO.LOP,4,ME.LOP,4,ME,3,ME.LOP,3
1844266254,mixed,FF->lat,FF,lat,2,0,2,1160,116,1.0,12147,10.472,LO,4,2,2,"[LOL3, ME.LOL3] -> LOL4 -> [LO.PVLPL4, LO.SPSL4]",LO,3,ME.LO,3,LO.PVLP,4,LO.SPS,4
1783359155,mixed,FB->lat,FB,lat,0,2,2,2282,2,1.054,15499,6.792,LO,3,2,2,"[LO.LOPL4, MEL4] -> LOL3 -> [LO.LOPL3, ME.LOL3]",LO.LOP,4,ME,4,LO.LOP,3,ME.LO,3
1775964280,mixed,mix->mix,mix,mix,1,1,2,2282,2,1.072,16920,7.415,LO,3,2,2,"[LO.LOPL4, MEL3] -> LOL3 -> [MEL4, ME.LOPL3]",LO.LOP,4,ME,3,ME,4,ME.LOP,3
1771098000,mixed,mix->mix,mix,mix,1,1,2,2282,2,1.433,16103,7.057,LO,3,2,2,"[MEL3, MEL4] -> LOL3 -> [ME.LOPL3, ME.LOPL4]",ME,3,ME,4,ME.LOP,3,ME.LOP,4
1769929246,mixed,mix->lat,mix,lat,0,1,3,2282,10,1.073,24391,10.688,LO,3,2,2,"[LOL4, MEL3] -> LOL3 -> [ME.LOL3, ME.LOPL3]",LO,4,ME,3,ME.LO,3,ME.LOP,3
1769233628,mixed,mix->mix,mix,mix,1,1,2,2282,3,1.048,15499,6.792,LO,3,2,2,"[LO.LOPL3, MEL4] -> LOL3 -> [LO.LOPL4, ME.LOL3]",LO.LOP,3,ME,4,LO.LOP,4,ME.LO,3
1741179654,mixed,mix->mix,mix,mix,1,1,2,2282,2,1.068,14041,6.153,LO,3,2,2,"[LO.LOPL3, LO.LOPL4] -> LOL3 -> [ME.LOL3, ME.LOPL4]",LO.LOP,3,LO.LOP,4,ME.LO,3,ME.LOP,4
1720096704,mixed,mix->FF,mix,FF,2,1,1,2282,2,1.107,6350,2.783,LO,3,2,2,"[MEL4, ME.LOPL3] -> LOL3 -> [LO.LOPL4, ME.LOPL4]",ME,4,ME.LOP,3,LO.LOP,4,ME.LOP,4
1708147428,mixed,mix->mix,mix,mix,1,1,2,109,3,2.917,11197,102.725,PVLP.LO,4,2,2,"[LO.PVLPL3, LO.PVLPL4] -> PVLP.LOL4 -> [ME.LOL3, ME.LOL4]",LO.PVLP,3,LO.PVLP,4,ME.LO,3,ME.LO,4
1658923153,mixed,mix->mix,mix,mix,1,2,1,109,4,2.99,10608,97.321,PVLP.LO,4,2,2,"[LO.PVLPL3, PVLP.AVLPL5] -> PVLP.LOL4 -> [LO.PVLPL4, ME.LOL3]",LO.PVLP,3,PVLP.AVLP,5,LO.PVLP,4,ME.LO,3
1650619350,mixed,FB->lat,FB,lat,0,2,2,2282,3,1.016,16907,7.409,LO,3,2,2,"[LOL4, LO.LOPL4] -> LOL3 -> [LO.LOPL3, MEL3]",LO,4,LO.LOP,4,LO.LOP,3,ME,3
1650557202,mixed,mix->lat,mix,lat,0,1,3,2282,3,1.0,18606,8.153,LO,3,2,2,"[LOPL4, MEL3] -> LOL3 -> [LO.LOPL3, ME.LOPL3]",LOP,4,ME,3,LO.LOP,3,ME.LOP,3
1650556800,pure_lateral,lat->lat,lat,lat,0,0,4,2282,1,1.0,18450,8.085,LO,3,2,2,"[FB.LOL3, MEL3] -> LOL3 -> [LO.LOPL3, ME.LOPL3]",FB.LO,3,ME,3,LO.LOP,3,ME.LOP,3
1646454620,mixed,FB->lat,FB,lat,0,2,2,2282,2,1.114,14041,6.153,LO,3,2,2,"[LO.LOPL4, ME.LOPL4] -> LOL3 -> [LO.LOPL3, ME.LOL3]",LO.LOP,4,ME.LOP,4,LO.LOP,3,ME.LO,3
1641815280,mixed,mix->mix,mix,mix,1,1,2,35,1,1.0,11602,331.486,PVLP.LO,3,2,2,"[LO.PVLPL3, LO.PVLPL4] -> PVLP.LOL3 -> [LOL4, ME.LOL3]",LO.PVLP,3,LO.PVLP,4,LO,4,ME.LO,3
1641605540,mixed,FB->lat,FB,lat,0,2,2,2282,2,1.037,15075,6.606,LO,3,2,2,"[LO.LOPL4, MEL4] -> LOL3 -> [ME.LOL3, ME.LOPL3]",LO.LOP,4,ME,4,ME.LO,3,ME.LOP,3
1640564233,mixed,mix->mix,mix,mix,1,1,2,2282,3,1.015,16907,7.409,LO,3,2,2,"[LOL4, LO.LOPL3] -> LOL3 -> [LO.LOPL4, MEL3]",LO,4,LO.LOP,3,LO.LOP,4,ME,3
1628726094,mixed,mix->mix,mix,mix,1,1,2,2282,2,1.103,14041,6.153,LO,3,2,2,"[LO.LOPL3, ME.LOPL4] -> LOL3 -> [LO.LOPL4, ME.LOL3]",LO.LOP,3,ME.LOP,4,LO.LOP,4,ME.LO,3
1548890991,mixed,lat->mix,lat,mix,1,0,3,2282,8,1.076,18201,7.976,LO,3,2,2,"[ME.LOL3, ME.LOPL3] -> LOL3 -> [LO.LOPL3, MEL4]",ME.LO,3,ME.LOP,3,LO.LOP,3,ME,4
1527837440,mixed,FB->lat,FB,lat,0,2,2,2282,2,1.011,16483,7.223,LO,3,2,2,"[LOL4, LO.LOPL4] -> LOL3 -> [MEL3, ME.LOPL3]",LO,4,LO.LOP,4,ME,3,ME.LOP,3
1526224580,mixed,lat->mix,lat,mix,1,0,3,2282,2,1.0,8818,3.864,LO,3,2,2,"[LOP.LOL3, ME.LOPL3] -> LOL3 -> [LO.LOPL3, LO.LOPL4]",LOP.LO,3,ME.LOP,3,LO.LOP,3,LO.LOP,4
1526224524,mixed,lat->mix,lat,mix,1,0,3,2282,1,1.0,8912,3.905,LO,3,2,2,"[LO.PLPL3, ME.LOPL3] -> LOL3 -> [LO.LOPL3, LO.LOPL4]",LO.PLP,3,ME.LOP,3,LO.LOP,3,LO.LOP,4
1526224524,mixed,lat->mix,lat,mix,1,0,3,2282,1,1.0,8731,3.826,LO,3,2,2,"[ME.LOPL3, PVLP.LOL3] -> LOL3 -> [LO.LOPL3, LO.LOPL4]",ME.LOP,3,PVLP.LO,3,LO.LOP,3,LO.LOP,4
1511202020,mixed,mix->mix,mix,mix,1,1,2,2282,3,1.008,15062,6.6,LO,3,2,2,"[LO.LOPL3, LO.LOPL4] -> LOL3 -> [LOL4, ME.LOL3]",LO.LOP,3,LO.LOP,4,LO,4,ME.LO,3
1502509160,mixed,FB->lat,FB,lat,0,2,2,2282,2,1.08,13617,5.967,LO,3,2,2,"[LO.LOPL4, ME.LOPL4] -> LOL3 -> [ME.LOL3, ME.LOPL3]",LO.LOP,4,ME.LOP,4,ME.LO,3,ME.LOP,3
1498224700,mixed,FB->lat,FB,lat,0,2,2,2282,2,1.846,8805,3.858,LO,3,2,2,"[LO.LOPL4, PVLP.LOL4] -> LOL3 -> [LO.LOPL3, ME.LOPL3]",LO.LOP,4,PVLP.LO,4,LO.LOP,3,ME.LOP,3
1469112036,mixed,mix->FF,mix,FF,2,1,1,2282,2,1.013,7371,3.23,LO,3,2,2,"[MEL4, ME.LOPL3] -> LOL3 -> [LOL4, LO.LOPL4]",ME,4,ME.LOP,3,LO,4,LO.LOP,4
1444705903,mixed,mix->mix,mix,mix,1,1,2,2282,14,1.079,17548,7.69,LO,3,2,2,"[MEL3, MEL4] -> LOL3 -> [LOL4, LO.LOPL3]",ME,3,ME,4,LO,4,LO.LOP,3
1436397480,mixed,mix->mix,mix,mix,1,1,2,2282,2,1.796,8805,3.858,LO,3,2,2,"[LO.LOPL3, PVLP.LOL4] -> LOL3 -> [LO.LOPL4, ME.LOPL3]",LO.LOP,3,PVLP.LO,4,LO.LOP,4,ME.LOP,3
1435523808,mixed,mix->FF,mix,FF,2,1,1,2282,2,1.018,5913,2.591,LO,3,2,2,"[LO.LOPL4, ME.LOPL3] -> LOL3 -> [LOL4, ME.LOPL4]",LO.LOP,4,ME.LOP,3,LO,4,ME.LOP,4
1415129880,mixed,lat->FF,lat,FF,2,0,2,2282,2,1.101,16090,7.051,LO,3,2,2,"[LO.LOPL3, MEL3] -> LOL3 -> [LOL4, ME.LOPL4]",LO.LOP,3,ME,3,LO,4,ME.LOP,4
1370864880,pure_lateral,lat->lat,lat,lat,0,0,4,1,1,1.0,2732,2732.0,MB_ML.MB_CA,3,2,2,"[MB_CA.MB_PEDL3, PLP.CREL3] -> MB_ML.MB_CAL3 -> [MB_CA.MB_MLL3, MB_CA.MB_VLL3]",MB_CA.MB_PED,3,PLP.CRE,3,MB_CA.MB_ML,3,MB_CA.MB_VL,3
1366211016,mixed,mix->mix,mix,mix,1,1,2,109,3,2.63,11233,103.055,PVLP.LO,4,2,2,"[AVLPL4, LO.PVLPL3] -> PVLP.LOL4 -> [LO.PVLPL4, ME.LOL3]",AVLP,4,LO.PVLP,3,LO.PVLP,4,ME.LO,3
1361963160,pure_lateral,lat->lat,lat,lat,0,0,4,1,1,1.0,2732,2732.0,MB_ML.MB_CA,3,2,2,"[MB_CA.MB_MLL3, PLP.CREL3] -> MB_ML.MB_CAL3 -> [MB_CA.MB_PEDL3, MB_CA.MB_VLL3]",MB_CA.MB_ML,3,PLP.CRE,3,MB_CA.MB_PED,3,MB_CA.MB_VL,3
1361963160,pure_lateral,lat->lat,lat,lat,0,0,4,1,1,1.0,2732,2732.0,MB_ML.MB_CA,3,2,2,"[MB_CA.MB_VLL3, PLP.CREL3] -> MB_ML.MB_CAL3 -> [MB_CA.MB_MLL3, MB_CA.MB_PEDL3]",MB_CA.MB_VL,3,PLP.CRE,3,MB_CA.MB_ML,3,MB_CA.MB_PED,3
1351376244,mixed,mix->mix,mix,mix,1,1,2,2282,2,1.168,16090,7.051,LO,3,2,2,"[MEL3, ME.LOPL4] -> LOL3 -> [LOL4, LO.LOPL3]",ME,3,ME.LOP,4,LO,4,LO.LOP,3
1348963672,mixed,mix->mix,mix,mix,1,1,2,2282,2,1.282,16090,7.051,LO,3,2,2,"[LOL4, MEL3] -> LOL3 -> [LO.LOPL3, ME.LOPL4]",LO,4,ME,3,LO.LOP,3,ME.LOP,4
1348266843,pure_lateral,lat->lat,lat,lat,0,0,4,2282,8,1.0,18571,8.138,LO,3,2,2,"[LOP.LOL3, MEL3] -> LOL3 -> [LO.LOPL3, ME.LOPL3]",LOP.LO,3,ME,3,LO.LOP,3,ME.LOP,3
1348263303,pure_lateral,lat->lat,lat,lat,0,0,4,2282,5,1.0,18484,8.1,LO,3,2,2,"[MEL3, PVLP.LOL3] -> LOL3 -> [LO.LOPL3, ME.LOPL3]",ME,3,PVLP.LO,3,LO.LOP,3,ME.LOP,3
1348261960,pure_lateral,lat->lat,lat,lat,0,0,4,2282,1,1.0,18665,8.179,LO,3,2,2,"[LO.PLPL3, MEL3] -> LOL3 -> [LO.LOPL3, ME.LOPL3]",LO.PLP,3,ME,3,LO.LOP,3,ME.LOP,3
1333056610,mixed,FB->lat,FB,lat,0,2,2,2282,2,1.024,15062,6.6,LO,3,2,2,"[LOL4, LO.LOPL4] -> LOL3 -> [LO.LOPL3, ME.LOL3]",LO,4,LO.LOP,4,LO.LOP,3,ME.LO,3
1326755184,mixed,mix->FF,mix,FF,2,1,1,2282,2,1.028,5913,2.591,LO,3,2,2,"[ME.LOPL3, ME.LOPL4] -> LOL3 -> [LOL4, LO.LOPL4]",ME.LOP,3,ME.LOP,4,LO,4,LO.LOP,4
1325008588,mixed,mix->mix,mix,mix,1,1,2,2282,16,1.055,17124,7.504,LO,3,2,2,"[MEL3, MEL4] -> LOL3 -> [LOL4, ME.LOPL3]",ME,3,ME,4,LO,4,ME.LOP,3
1324451988,mixed,mix->mix,mix,mix,1,1,2,2282,2,1.021,15062,6.6,LO,3,2,2,"[LOL4, LO.LOPL3] -> LOL3 -> [LO.LOPL4, ME.LOL3]",LO,4,LO.LOP,3,LO.LOP,4,ME.LO,3
1279473888,pure_lateral,lat->lat,lat,lat,0,0,4,1,1,1.0,2732,2732.0,MB_ML.MB_CA,3,2,2,"[MB_CA.MB_MLL3, MB_CA.MB_PEDL3] -> MB_ML.MB_CAL3 -> [MB_CA.MB_VLL3, PLP.CREL3]",MB_CA.MB_ML,3,MB_CA.MB_PED,3,MB_CA.MB_VL,3,PLP.CRE,3
1279473888,pure_lateral,lat->lat,lat,lat,0,0,4,1,1,1.0,2732,2732.0,MB_ML.MB_CA,3,2,2,"[MB_CA.MB_PEDL3, MB_CA.MB_VLL3] -> MB_ML.MB_CAL3 -> [MB_CA.MB_MLL3, PLP.CREL3]",MB_CA.MB_PED,3,MB_CA.MB_VL,3,MB_CA.MB_ML,3,PLP.CRE,3
1271165616,pure_lateral,lat->lat,lat,lat,0,0,4,1,1,1.0,2732,2732.0,MB_ML.MB_CA,3,2,2,"[MB_CA.MB_MLL3, MB_CA.MB_VLL3] -> MB_ML.MB_CAL3 -> [MB_CA.MB_PEDL3, PLP.CREL3]",MB_CA.MB_ML,3,MB_CA.MB_VL,3,MB_CA.MB_PED,3,PLP.CRE,3
1267801992,mixed,mix->FF,mix,FF,2,1,1,2282,2,1.047,5913,2.591,LO,3,2,2,"[LOL4, ME.LOPL3] -> LOL3 -> [LO.LOPL4, ME.LOPL4]",LO,4,ME.LOP,3,LO.LOP,4,ME.LOP,4
1264450635,mixed,FF->lat,FF,lat,2,0,2,1160,21,1.017,12127,10.454,LO,4,2,2,"[LOL3, ME.LOL3] -> LOL4 -> [LO.PVLPL4, PVLP.LOL4]",LO,3,ME.LO,3,LO.PVLP,4,PVLP.LO,4
1254350361,mixed,FF->mix,FF,mix,2,1,1,1160,111,1.001,12234,10.547,LO,4,2,2,"[LOL3, ME.LOL3] -> LOL4 -> [LO.PLPL3, LO.PVLPL4]",LO,3,ME.LO,3,LO.PLP,3,LO.PVLP,4
1254170640,mixed,FF->mix,FF,mix,3,0,1,1160,110,1.0,12143,10.468,LO,4,2,2,"[LOL3, ME.LOL3] -> LOL4 -> [LO.PVLPL4, LO.SPSL5]",LO,3,ME.LO,3,LO.PVLP,4,LO.SPS,5
1232546680,mixed,FB->lat,FB,lat,0,2,2,2282,2,1.016,14638,6.415,LO,3,2,2,"[LOL4, LO.LOPL4] -> LOL3 -> [ME.LOL3, ME.LOPL3]",LO,4,LO.LOP,4,ME.LO,3,ME.LOP,3
1224178480,mixed,mix->mix,mix,mix,1,1,2,2282,2,1.117,15666,6.865,LO,3,2,2,"[MEL3, ME.LOPL4] -> LOL3 -> [LOL4, ME.LOPL3]",ME,3,ME.LOP,4,LO,4,ME.LOP,3
1217343944,mixed,lat->mix,lat,mix,1,0,3,2282,11,1.0,19321,8.467,LO,3,2,2,"[MEL3, ME.LOPL3] -> LOL3 -> [LO.LOPL3, LO.PVLPL4]",ME,3,ME.LOP,3,LO.LOP,3,LO.PVLP,4
1217285970,pure_lateral,lat->lat,lat,lat,0,0,4,2282,4,1.0,19526,8.557,LO,3,2,2,"[MEL3, ME.LOPL3] -> LOL3 -> [LO.LOPL3, LOPL3]",ME,3,ME.LOP,3,LO.LOP,3,LOP,3
1217285640,pure_lateral,lat->lat,lat,lat,0,0,4,2282,1,1.0,18450,8.085,LO,3,2,2,"[MEL3, ME.LOPL3] -> LOL3 -> [FB.LOL3, LO.LOPL3]",ME,3,ME.LOP,3,FB.LO,3,LO.LOP,3
1203997872,mixed,mix->lat,mix,lat,0,1,3,35,1,1.0,21151,604.314,PVLP.LO,3,2,2,"[LO.PVLPL3, LO.PVLPL4] -> PVLP.LOL3 -> [MEL3, ME.LOL3]",LO.PVLP,3,LO.PVLP,4,ME,3,ME.LO,3
1203828960,mixed,mix->mix,mix,mix,1,1,2,2282,2,1.198,15666,6.865,LO,3,2,2,"[LOL4, MEL3] -> LOL3 -> [ME.LOPL3, ME.LOPL4]",LO,4,ME,3,ME.LOP,3,ME.LOP,4
1197635760,mixed,mix->FB,mix,FB,0,3,1,109,3,2.984,10608,97.321,PVLP.LO,4,2,2,"[LO.PVLPL4, PVLP.AVLPL5] -> PVLP.LOL4 -> [LO.PVLPL3, ME.LOL3]",LO.PVLP,4,PVLP.AVLP,5,LO.PVLP,3,ME.LO,3
1195027410,mixed,FB->mix,FB,mix,1,2,1,2282,2,1.147,6774,2.968,LO,3,2,2,"[LO.LOPL4, MEL4] -> LOL3 -> [LO.LOPL3, ME.LOPL4]",LO.LOP,4,ME,4,LO.LOP,3,ME.LOP,4
1180410372,mixed,mix->FF,mix,FF,2,1,1,2282,2,1.132,6774,2.968,LO,3,2,2,"[LO.LOPL3, MEL4] -> LOL3 -> [LO.LOPL4, ME.LOPL4]",LO.LOP,3,ME,4,LO.LOP,4,ME.LOP,4
1141797984,mixed,mix->FB,mix,FB,1,3,0,109,3,2.987,13368,122.642,PVLP.LO,4,2,2,"[AVLPL5, LO.PVLPL3] -> PVLP.LOL4 -> [LOL3, ME.LOL3]",AVLP,5,LO.PVLP,3,LO,3,ME.LO,3
1137683454,mixed,FB->mix,FB,mix,1,2,1,2282,2,1.22,6774,2.968,LO,3,2,2,"[MEL4, ME.LOPL4] -> LOL3 -> [LO.LOPL3, LO.LOPL4]",ME,4,ME.LOP,4,LO.LOP,3,LO.LOP,4
1098182491,mixed,mix->mix,mix,mix,1,1,2,1160,181,1.001,12773,11.011,LO,4,2,2,"[ME.LOL3, ME.LOL4] -> LOL4 -> [LOL3, LO.PVLPL4]",ME.LO,3,ME.LO,4,LO,3,LO.PVLP,4
1097501996,pure_lateral,lat->lat,lat,lat,0,0,4,52,1,1.0,2787,53.596,MB_ML,3,2,2,"[MB_CA.CREL3, MB_CA.MB_MLL3] -> MB_MLL3 -> [MB_CA.MB_PEDL3, MB_CA.MB_VLL3]",MB_CA.CRE,3,MB_CA.MB_ML,3,MB_CA.MB_PED,3,MB_CA.MB_VL,3
1097501996,pure_lateral,lat->lat,lat,lat,0,0,4,52,1,1.0,2787,53.596,MB_ML,3,2,2,"[MB_CA.CREL3, MB_CA.MB_PEDL3] -> MB_MLL3 -> [MB_CA.MB_MLL3, MB_CA.MB_VLL3]",MB_CA.CRE,3,MB_CA.MB_PED,3,MB_CA.MB_ML,3,MB_CA.MB_VL,3
1097501996,pure_lateral,lat->lat,lat,lat,0,0,4,52,1,1.0,2787,53.596,MB_ML,3,2,2,"[MB_CA.CREL3, MB_CA.MB_VLL3] -> MB_MLL3 -> [MB_CA.MB_MLL3, MB_CA.MB_PEDL3]",MB_CA.CRE,3,MB_CA.MB_VL,3,MB_CA.MB_ML,3,MB_CA.MB_PED,3
1097501996,pure_lateral,lat->lat,lat,lat,0,0,4,52,1,1.0,2787,53.596,MB_ML,3,2,2,"[MB_CA.MB_MLL3, MB_CA.MB_PEDL3] -> MB_MLL3 -> [MB_CA.CREL3, MB_CA.MB_VLL3]",MB_CA.MB_ML,3,MB_CA.MB_PED,3,MB_CA.CRE,3,MB_CA.MB_VL,3
1097501996,pure_lateral,lat->lat,lat,lat,0,0,4,52,1,1.0,2787,53.596,MB_ML,3,2,2,"[MB_CA.MB_MLL3, MB_CA.MB_VLL3] -> MB_MLL3 -> [MB_CA.CREL3, MB_CA.MB_PEDL3]",MB_CA.MB_ML,3,MB_CA.MB_VL,3,MB_CA.CRE,3,MB_CA.MB_PED,3
1097501996,pure_lateral,lat->lat,lat,lat,0,0,4,52,1,1.0,2787,53.596,MB_ML,3,2,2,"[MB_CA.MB_PEDL3, MB_CA.MB_VLL3] -> MB_MLL3 -> [MB_CA.CREL3, MB_CA.MB_MLL3]",MB_CA.MB_PED,3,MB_CA.MB_VL,3,MB_CA.CRE,3,MB_CA.MB_ML,3
1089695968,mixed,mix->FB,mix,FB,0,3,1,109,3,2.993,13534,124.165,PVLP.LO,4,2,2,"[AVLPL5, LO.PVLPL4] -> PVLP.LOL4 -> [LOL3, ME.LOL3]",AVLP,5,LO.PVLP,4,LO,3,ME.LO,3
1085669880,mixed,FB->mix,FB,mix,1,2,1,2282,2,1.103,6350,2.783,LO,3,2,2,"[LO.LOPL4, MEL4] -> LOL3 -> [ME.LOPL3, ME.LOPL4]",LO.LOP,4,ME,4,ME.LOP,3,ME.LOP,4
1070512461,mixed,FF->mix,FF,mix,3,0,1,1160,173,1.002,12225,10.539,LO,4,2,2,"[LOL3, ME.LOL3] -> LOL4 -> [LOL5, LO.PVLPL4]",LO,3,ME.LO,3,LO,5,LO.PVLP,4
1053243558,mixed,mix->mix,mix,mix,1,1,2,2282,5,1.047,22126,9.696,LO,3,2,2,"[MEL3, MEL4] -> LOL3 -> [LO.LOPL4, ME.LOL3]",ME,3,ME,4,LO.LOP,4,ME.LO,3
1041060238,mixed,mix->mix,mix,mix,1,1,2,109,6,2.968,10581,97.073,PVLP.LO,4,2,2,"[LO.PVLPL3, PVLPL4] -> PVLP.LOL4 -> [LO.PVLPL4, ME.LOL3]",LO.PVLP,3,PVLP,4,LO.PVLP,4,ME.LO,3
1040565761,mixed,mix->mix,mix,mix,1,1,2,2282,3,1.934,15856,6.948,LO,3,2,2,"[MEL3, PVLP.LOL4] -> LOL3 -> [LO.LOPL3, LO.LOPL4]",ME,3,PVLP.LO,4,LO.LOP,3,LO.LOP,4
1036193274,mixed,mix->mix,mix,mix,1,1,2,2282,2,1.066,20668,9.057,LO,3,2,2,"[LO.LOPL4, MEL3] -> LOL3 -> [ME.LOL3, ME.LOPL4]",LO.LOP,4,ME,3,ME.LO,3,ME.LOP,4
1023521160,mixed,FB->mix,FB,mix,1,2,1,2282,2,1.154,6350,2.783,LO,3,2,2,"[MEL4, ME.LOPL4] -> LOL3 -> [LO.LOPL4, ME.LOPL3]",ME,4,ME.LOP,4,LO.LOP,4,ME.LOP,3
1023503520,mixed,lat->mix,lat,mix,1,0,3,2282,2,1.034,23370,10.241,LO,3,2,2,"[ME.LOL3, ME.LOPL3] -> LOL3 -> [MEL3, ME.LOPL4]",ME.LO,3,ME.LOP,3,ME,3,ME.LOP,4
1003702633,mixed,FB->mix,FB,mix,1,2,1,2282,5,1.018,7795,3.416,LO,3,2,2,"[LO.LOPL4, MEL4] -> LOL3 -> [LOL4, LO.LOPL3]",LO.LOP,4,ME,4,LO,4,LO.LOP,3
997509454,mixed,mix->FF,mix,FF,2,1,1,2282,6,1.016,7795,3.416,LO,3,2,2,"[LO.LOPL3, MEL4] -> LOL3 -> [LOL4, LO.LOPL4]",LO.LOP,3,ME,4,LO,4,LO.LOP,4
975330996,mixed,mix->FF,mix,FF,2,1,1,2282,2,1.023,6337,2.777,LO,3,2,2,"[LO.LOPL3, LO.LOPL4] -> LOL3 -> [LOL4, ME.LOPL4]",LO.LOP,3,LO.LOP,4,LO,4,ME.LOP,4
969469102,mixed,lat->mix,lat,mix,1,0,3,2282,6,1.066,18201,7.976,LO,3,2,2,"[LO.LOPL3, ME.LOL3] -> LOL3 -> [MEL4, ME.LOPL3]",LO.LOP,3,ME.LO,3,ME,4,ME.LOP,3
968729778,mixed,mix->mix,mix,mix,1,1,2,2282,2,1.099,20668,9.057,LO,3,2,2,"[MEL3, ME.LOPL4] -> LOL3 -> [LO.LOPL4, ME.LOL3]",ME,3,ME.LOP,4,LO.LOP,4,ME.LO,3
965165500,mixed,mix->lat,mix,lat,0,1,3,2282,1,1.0,8912,3.905,LO,3,2,2,"[LO.LOPL4, LO.PLPL3] -> LOL3 -> [LO.LOPL3, ME.LOPL3]",LO.LOP,4,LO.PLP,3,LO.LOP,3,ME.LOP,3
965165500,mixed,mix->lat,mix,lat,0,1,3,2282,1,1.0,8818,3.864,LO,3,2,2,"[LO.LOPL4, LOP.LOL3] -> LOL3 -> [LO.LOPL3, ME.LOPL3]",LO.LOP,4,LOP.LO,3,LO.LOP,3,ME.LOP,3
965165500,mixed,mix->lat,mix,lat,0,1,3,2282,1,1.0,8731,3.826,LO,3,2,2,"[LO.LOPL4, PVLP.LOL3] -> LOL3 -> [LO.LOPL3, ME.LOPL3]",LO.LOP,4,PVLP.LO,3,LO.LOP,3,ME.LOP,3
960074292,mixed,lat->mix,lat,mix,1,0,3,2282,2,1.0,8818,3.864,LO,3,2,2,"[LO.LOPL3, LOP.LOL3] -> LOL3 -> [LO.LOPL4, ME.LOPL3]",LO.LOP,3,LOP.LO,3,LO.LOP,4,ME.LOP,3
960074280,mixed,lat->mix,lat,mix,1,0,3,2282,1,1.0,8912,3.905,LO,3,2,2,"[LO.LOPL3, LO.PLPL3] -> LOL3 -> [LO.LOPL4, ME.LOPL3]",LO.LOP,3,LO.PLP,3,LO.LOP,4,ME.LOP,3
960074280,mixed,lat->mix,lat,mix,1,0,3,2282,1,1.0,8731,3.826,LO,3,2,2,"[LO.LOPL3, PVLP.LOL3] -> LOL3 -> [LO.LOPL4, ME.LOPL3]",LO.LOP,3,PVLP.LO,3,LO.LOP,4,ME.LOP,3
952285054,mixed,lat->FB,lat,FB,0,2,2,109,3,2.819,11233,103.055,PVLP.LO,4,2,2,"[AVLPL4, LO.PVLPL4] -> PVLP.LOL4 -> [LO.PVLPL3, ME.LOL3]",AVLP,4,LO.PVLP,4,LO.PVLP,3,ME.LO,3
928821460,mixed,FB->mix,FB,mix,1,2,1,2282,2,1.012,7371,3.23,LO,3,2,2,"[LO.LOPL4, MEL4] -> LOL3 -> [LOL4, ME.LOPL3]",LO.LOP,4,ME,4,LO,4,ME.LOP,3
914688647,mixed,mix->mix,mix,mix,1,2,1,1160,182,1.0,12225,10.539,LO,4,2,2,"[LOL5, ME.LOL3] -> LOL4 -> [LOL3, LO.PVLPL4]",LO,5,ME.LO,3,LO,3,LO.PVLP,4
912919593,pure_lateral,lat->lat,lat,lat,0,0,4,2282,2,1.0,18797,8.237,LO,3,2,2,"[MEL3, ME.LOPL3] -> LOL3 -> [LO.LOPL3, LOP.PLPL3]",ME,3,ME.LOP,3,LO.LOP,3,LOP.PLP,3
908934230,mixed,FB->mix,FB,mix,1,2,1,2282,2,1.038,6337,2.777,LO,3,2,2,"[LO.LOPL4, ME.LOPL4] -> LOL3 -> [LOL4, LO.LOPL3]",LO.LOP,4,ME.LOP,4,LO,4,LO.LOP,3
902417052,mixed,mix->FF,mix,FF,2,1,1,2282,2,1.034,6337,2.777,LO,3,2,2,"[LO.LOPL3, ME.LOPL4] -> LOL3 -> [LOL4, LO.LOPL4]",LO.LOP,3,ME.LOP,4,LO,4,LO.LOP,4
901674832,mixed,lat->mix,lat,mix,1,0,3,2282,21,1.004,24391,10.688,LO,3,2,2,"[ME.LOL3, ME.LOPL3] -> LOL3 -> [LOL4, MEL3]",ME.LO,3,ME.LOP,3,LO,4,ME,3
900244959,mixed,mix->mix,mix,mix,1,1,2,2282,3,1.008,21689,9.504,LO,3,2,2,"[LO.LOPL4, MEL3] -> LOL3 -> [LOL4, ME.LOL3]",LO.LOP,4,ME,3,LO,4,ME.LO,3
886111386,mixed,FB->mix,FB,mix,1,2,1,2282,4,1.046,7795,3.416,LO,3,2,2,"[LOL4, MEL4] -> LOL3 -> [LO.LOPL3, LO.LOPL4]",LO,4,ME,4,LO.LOP,3,LO.LOP,4
876256200,mixed,lat->mix,lat,mix,1,0,3,2282,1,1.0,8851,3.879,LO,3,2,2,"[LO.MEL3, ME.LOPL3] -> LOL3 -> [LO.LOPL3, LO.LOPL4]",LO.ME,3,ME.LOP,3,LO.LOP,3,LO.LOP,4
871622420,mixed,FB->mix,FB,mix,1,2,1,2282,2,1.065,6337,2.777,LO,3,2,2,"[LOL4, LO.LOPL4] -> LOL3 -> [LO.LOPL3, ME.LOPL4]",LO,4,LO.LOP,4,LO.LOP,3,ME.LOP,4
869357165,mixed,mix->mix,mix,mix,1,2,1,109,6,2.878,10599,97.239,PVLP.LO,4,2,2,"[LO.PVLPL3, PVLPL5] -> PVLP.LOL4 -> [LO.PVLPL4, ME.LOL3]",LO.PVLP,3,PVLP,5,LO.PVLP,4,ME.LO,3
864253536,mixed,mix->FF,mix,FF,2,1,1,2282,2,1.058,6337,2.777,LO,3,2,2,"[LOL4, LO.LOPL3] -> LOL3 -> [LO.LOPL4, ME.LOPL4]",LO,4,LO.LOP,3,LO.LOP,4,ME.LOP,4
845871967,mixed,mix->mix,mix,mix,1,1,2,2282,3,1.779,15432,6.762,LO,3,2,2,"[MEL3, PVLP.LOL4] -> LOL3 -> [LO.LOPL4, ME.LOPL3]",ME,3,PVLP.LO,4,LO.LOP,4,ME.LOP,3
842813712,mixed,mix->mix,mix,mix,1,2,1,109,3,2.617,12246,112.349,PVLP.LO,4,2,2,"[AVLPL5, LO.PVLPL3] -> PVLP.LOL4 -> [LOL4, ME.LOL3]",AVLP,5,LO.PVLP,3,LO,4,ME.LO,3
838588840,mixed,FB->mix,FB,mix,1,2,1,2282,2,1.027,5913,2.591,LO,3,2,2,"[LO.LOPL4, ME.LOPL4] -> LOL3 -> [LOL4, ME.LOPL3]",LO.LOP,4,ME.LOP,4,LO,4,ME.LOP,3
817116078,mixed,mix->mix,mix,mix,0,2,2,109,3,2.583,12412,113.872,PVLP.LO,4,2,2,"[AVLPL5, LO.PVLPL4] -> PVLP.LOL4 -> [LOL4, ME.LOL3]",AVLP,5,LO.PVLP,4,LO,4,ME.LO,3
816628920,mixed,FB->mix,FB,mix,1,2,1,2282,2,1.032,7371,3.23,LO,3,2,2,"[LOL4, MEL4] -> LOL3 -> [LO.LOPL4, ME.LOPL3]",LO,4,ME,4,LO.LOP,4,ME.LOP,3
814645372,mixed,FB->mix,FB,mix,1,2,1,2282,2,1.098,6337,2.777,LO,3,2,2,"[LOL4, ME.LOPL4] -> LOL3 -> [LO.LOPL3, LO.LOPL4]",LO,4,ME.LOP,4,LO.LOP,3,LO.LOP,4
801042960,mixed,FB->mix,FB,mix,1,2,1,2282,2,1.045,5913,2.591,LO,3,2,2,"[LOL4, LO.LOPL4] -> LOL3 -> [ME.LOPL3, ME.LOPL4]",LO,4,LO.LOP,4,ME.LOP,3,ME.LOP,4
796436340,mixed,mix->mix,mix,mix,2,1,1,109,3,2.981,10649,97.697,PVLP.LO,4,2,2,"[LO.PVLPL3, LO.PVLPL4] -> PVLP.LOL4 -> [LOL5, ME.LOL3]",LO.PVLP,3,LO.PVLP,4,LO,5,ME.LO,3
788823516,mixed,mix->mix,mix,mix,1,1,2,2282,4,1.02,21689,9.504,LO,3,2,2,"[LOL4, MEL3] -> LOL3 -> [LO.LOPL4, ME.LOL3]",LO,4,ME,3,LO.LOP,4,ME.LO,3
784502994,mixed,lat->mix,lat,mix,1,0,3,2282,3,1.045,20046,8.784,LO,3,2,2,"[LO.LOPL3, ME.LOPL3] -> LOL3 -> [MEL3, MEL4]",LO.LOP,3,ME.LOP,3,ME,3,ME,4
780146076,mixed,FF->mix,FF,mix,2,1,1,109,6,2.838,10495,96.284,PVLP.LO,4,2,2,"[LO.PVLPL3, PVLPL3] -> PVLP.LOL4 -> [LO.PVLPL4, ME.LOL3]",LO.PVLP,3,PVLP,3,LO.PVLP,4,ME.LO,3
775896002,mixed,FF->mix,FF,mix,2,1,1,1160,90,1.004,22727,19.592,LO,4,2,2,"[LOL3, ME.LOL3] -> LOL4 -> [LO.PVLPL4, MEL3]",LO,3,ME.LO,3,LO.PVLP,4,ME,3
763574340,mixed,FF->mix,FF,mix,2,1,1,1160,123,1.067,21151,18.234,LO,4,2,2,"[MEL3, ME.LOL3] -> LOL4 -> [LO.PVLPL3, LO.PVLPL4]",ME,3,ME.LO,3,LO.PVLP,3,LO.PVLP,4
748084936,mixed,lat->FB,lat,FB,0,2,2,109,3,2.99,10581,97.073,PVLP.LO,4,2,2,"[LO.PVLPL4, PVLPL4] -> PVLP.LOL4 -> [LO.PVLPL3, ME.LOL3]",LO.PVLP,4,PVLP,4,LO.PVLP,3,ME.LO,3
745194480,mixed,FB->mix,FB,mix,1,2,1,2282,2,1.068,5913,2.591,LO,3,2,2,"[LOL4, ME.LOPL4] -> LOL3 -> [LO.LOPL4, ME.LOPL3]",LO,4,ME.LOP,4,LO.LOP,4,ME.LOP,3
731613824,mixed,mix->mix,mix,mix,1,1,2,1160,29,1.0,12273,10.58,LO,4,2,2,"[LO.PLPL4, ME.LOL3] -> LOL4 -> [LOL3, LO.PVLPL4]",LO.PLP,4,ME.LO,3,LO,3,LO.PVLP,4
719049363,mixed,mix->FB,mix,FB,1,3,0,109,4,2.922,12018,110.257,PVLP.LO,4,2,2,"[LO.PVLPL3, PVLP.AVLPL5] -> PVLP.LOL4 -> [LOL3, ME.LOL3]",LO.PVLP,3,PVLP.AVLP,5,LO,3,ME.LO,3
715530041,mixed,mix->lat,mix,lat,0,1,3,2282,17,1.033,25252,11.066,LO,3,2,2,"[MEL4, ME.LOL3] -> LOL3 -> [LO.LOPL3, MEL3]",ME,4,ME.LO,3,LO.LOP,3,ME,3
702698854,mixed,FF->mix,FF,mix,3,1,0,1160,19,1.001,12081,10.415,LO,4,2,2,"[LOL3, ME.LOL3] -> LOL4 -> [LO.AOTUL5, LO.PVLPL3]",LO,3,ME.LO,3,LO.AOTU,5,LO.PVLP,3
701757564,mixed,mix->FF,mix,FF,2,1,1,2282,2,1.128,13401,5.872,LO,3,2,2,"[MEL3, MEL4] -> LOL3 -> [LO.LOPL4, ME.LOPL4]",ME,3,ME,4,LO.LOP,4,ME.LOP,4
700713754,mixed,FF->lat,FF,lat,2,0,2,1160,8,1.0,12067,10.403,LO,4,2,2,"[LOL3, ME.LOL3] -> LOL4 -> [LO.PVLPL4, LOP.PVLPL4]",LO,3,ME.LO,3,LO.PVLP,4,LOP.PVLP,4
696651552,mixed,lat->mix,lat,mix,1,0,3,2282,2,1.042,23794,10.427,LO,3,2,2,"[LO.LOPL3, ME.LOL3] -> LOL3 -> [MEL3, ME.LOPL4]",LO.LOP,3,ME.LO,3,ME,3,ME.LOP,4
693210896,mixed,mix->mix,mix,mix,1,1,2,35,1,1.0,11197,319.914,PVLP.LO,3,2,2,"[LO.PVLPL3, LO.PVLPL4] -> PVLP.LOL3 -> [ME.LOL3, ME.LOL4]",LO.PVLP,3,LO.PVLP,4,ME.LO,3,ME.LO,4
682200867,mixed,mix->FB,mix,FB,0,3,1,109,4,2.964,12184,111.78,PVLP.LO,4,2,2,"[LO.PVLPL4, PVLP.AVLPL5] -> PVLP.LOL4 -> [LOL3, ME.LOL3]",LO.PVLP,4,PVLP.AVLP,5,LO,3,ME.LO,3
678757237,mixed,FF->mix,FF,mix,2,1,1,1160,173,1.003,22727,19.592,LO,4,2,2,"[LOL3, MEL3] -> LOL4 -> [LO.PVLPL4, ME.LOL3]",LO,3,ME,3,LO.PVLP,4,ME.LO,3
677880580,mixed,mix->mix,mix,mix,1,1,2,109,4,2.684,10581,97.073,PVLP.LO,4,2,2,"[LO.PVLPL3, LO.PVLPL4] -> PVLP.LOL4 -> [ME.LOL3, PVLPL4]",LO.PVLP,3,LO.PVLP,4,ME.LO,3,PVLP,4
661708015,mixed,lat->mix,lat,mix,1,0,3,2282,7,1.0,19321,8.467,LO,3,2,2,"[LO.LOPL3, MEL3] -> LOL3 -> [LO.PVLPL4, ME.LOPL3]",LO.LOP,3,ME,3,LO.PVLP,4,ME.LOP,3
661703173,pure_lateral,lat->lat,lat,lat,0,0,4,2282,5,1.0,19526,8.557,LO,3,2,2,"[LO.LOPL3, MEL3] -> LOL3 -> [LOPL3, ME.LOPL3]",LO.LOP,3,ME,3,LOP,3,ME.LOP,3
661703040,pure_lateral,lat->lat,lat,lat,0,0,4,2282,1,1.0,18450,8.085,LO,3,2,2,"[LO.LOPL3, MEL3] -> LOL3 -> [FB.LOL3, ME.LOPL3]",LO.LOP,3,ME,3,FB.LO,3,ME.LOP,3
660660196,mixed,mix->lat,mix,lat,0,1,3,2282,22,1.023,24828,10.88,LO,3,2,2,"[MEL4, ME.LOL3] -> LOL3 -> [MEL3, ME.LOPL3]",ME,4,ME.LO,3,ME,3,ME.LOP,3
658474720,mixed,FF->mix,FF,mix,2,1,1,1160,58,1.0,12140,10.466,LO,4,2,2,"[LOP.LOL3, ME.LOL3] -> LOL4 -> [LOL3, LO.PVLPL4]",LOP.LO,3,ME.LO,3,LO,3,LO.PVLP,4
653521700,mixed,mix->lat,mix,lat,0,1,3,2282,1,1.0,9044,3.963,LO,3,2,2,"[LO.LOPL4, ME.LOPL3] -> LOL3 -> [LO.LOPL3, LOP.PLPL3]",LO.LOP,4,ME.LOP,3,LO.LOP,3,LOP.PLP,3
653259232,mixed,mix->lat,mix,lat,0,1,3,2282,2,1.07,23794,10.427,LO,3,2,2,"[ME.LOL3, ME.LOPL4] -> LOL3 -> [LO.LOPL3, MEL3]",ME.LO,3,ME.LOP,4,LO.LOP,3,ME,3
650074392,mixed,lat->mix,lat,mix,1,0,3,2282,1,1.0,9044,3.963,LO,3,2,2,"[LO.LOPL3, ME.LOPL3] -> LOL3 -> [LO.LOPL4, LOP.PLPL3]",LO.LOP,3,ME.LOP,3,LO.LOP,4,LOP.PLP,3
647706096,mixed,mix->lat,mix,lat,0,1,3,52,1,1.0,2696,51.846,MB_ML,3,2,2,"[MB_CA.MB_MLL3, MB_CA.MB_MLL4] -> MB_MLL3 -> [MB_CA.MB_PEDL3, MB_CA.MB_VLL3]",MB_CA.MB_ML,3,MB_CA.MB_ML,4,MB_CA.MB_PED,3,MB_CA.MB_VL,3
647706096,mixed,lat->mix,lat,mix,1,0,3,52,1,1.0,2696,51.846,MB_ML,3,2,2,"[MB_CA.MB_MLL3, MB_CA.MB_PEDL3] -> MB_MLL3 -> [MB_CA.MB_MLL4, MB_CA.MB_VLL3]",MB_CA.MB_ML,3,MB_CA.MB_PED,3,MB_CA.MB_ML,4,MB_CA.MB_VL,3
647706096,mixed,lat->mix,lat,mix,1,0,3,52,1,1.0,2696,51.846,MB_ML,3,2,2,"[MB_CA.MB_MLL3, MB_CA.MB_VLL3] -> MB_MLL3 -> [MB_CA.MB_MLL4, MB_CA.MB_PEDL3]",MB_CA.MB_ML,3,MB_CA.MB_VL,3,MB_CA.MB_ML,4,MB_CA.MB_PED,3
647706096,mixed,mix->lat,mix,lat,0,1,3,52,1,1.0,2696,51.846,MB_ML,3,2,2,"[MB_CA.MB_MLL4, MB_CA.MB_PEDL3] -> MB_MLL3 -> [MB_CA.MB_MLL3, MB_CA.MB_VLL3]",MB_CA.MB_ML,4,MB_CA.MB_PED,3,MB_CA.MB_ML,3,MB_CA.MB_VL,3
647706096,mixed,mix->lat,mix,lat,0,1,3,52,1,1.0,2696,51.846,MB_ML,3,2,2,"[MB_CA.MB_MLL4, MB_CA.MB_VLL3] -> MB_MLL3 -> [MB_CA.MB_MLL3, MB_CA.MB_PEDL3]",MB_CA.MB_ML,4,MB_CA.MB_VL,3,MB_CA.MB_ML,3,MB_CA.MB_PED,3
647706096,mixed,lat->mix,lat,mix,1,0,3,52,1,1.0,2696,51.846,MB_ML,3,2,2,"[MB_CA.MB_PEDL3, MB_CA.MB_VLL3] -> MB_MLL3 -> [MB_CA.MB_MLL3, MB_CA.MB_MLL4]",MB_CA.MB_PED,3,MB_CA.MB_VL,3,MB_CA.MB_ML,3,MB_CA.MB_ML,4
637727360,mixed,lat->FF,lat,FF,2,0,2,2282,3,1.015,15075,6.606,LO,3,2,2,"[ME.LOL3, ME.LOPL3] -> LOL3 -> [LO.LOPL4, MEL4]",ME.LO,3,ME.LOP,3,LO.LOP,4,ME,4
637465896,mixed,lat->mix,lat,mix,1,0,3,2282,3,1.065,18201,7.976,LO,3,2,2,"[LO.LOPL3, ME.LOPL3] -> LOL3 -> [MEL4, ME.LOL3]",LO.LOP,3,ME.LOP,3,ME,4,ME.LO,3
635678232,mixed,mix->FB,mix,FB,0,3,1,109,3,2.824,10599,97.239,PVLP.LO,4,2,2,"[LO.PVLPL4, PVLPL5] -> PVLP.LOL4 -> [LO.PVLPL3, ME.LOL3]",LO.PVLP,4,PVLP,5,LO.PVLP,3,ME.LO,3
632485152,mixed,mix->FB,mix,FB,1,3,0,109,3,2.852,21795,199.954,PVLP.LO,4,2,2,"[AVLPL5, LO.PVLPL3] -> PVLP.LOL4 -> [MEL3, ME.LOL3]",AVLP,5,LO.PVLP,3,ME,3,ME.LO,3
630248727,mixed,lat->mix,lat,mix,1,0,3,2282,18,1.091,25252,11.066,LO,3,2,2,"[MEL3, ME.LOL3] -> LOL3 -> [LO.LOPL3, MEL4]",ME,3,ME.LO,3,LO.LOP,3,ME,4
627968486,mixed,FF->lat,FF,lat,2,0,2,1160,21,1.003,12175,10.496,LO,4,2,2,"[LOL3, ME.LOL3] -> LOL4 -> [LO.AOTUL4, LO.PVLPL4]",LO,3,ME.LO,3,LO.AOTU,4,LO.PVLP,4
616464774,mixed,lat->mix,lat,mix,1,0,3,2282,2,1.0,15869,6.954,LO,3,2,2,"[LOP.LOL3, MEL3] -> LOL3 -> [LO.LOPL3, LO.LOPL4]",LOP.LO,3,ME,3,LO.LOP,3,LO.LOP,4
616464361,mixed,lat->mix,lat,mix,1,0,3,2282,2,1.0,15782,6.916,LO,3,2,2,"[MEL3, PVLP.LOL3] -> LOL3 -> [LO.LOPL3, LO.LOPL4]",ME,3,PVLP.LO,3,LO.LOP,3,LO.LOP,4
616464354,mixed,lat->mix,lat,mix,1,0,3,2282,1,1.0,15963,6.995,LO,3,2,2,"[LO.PLPL3, MEL3] -> LOL3 -> [LO.LOPL3, LO.LOPL4]",LO.PLP,3,ME,3,LO.LOP,3,LO.LOP,4
614218680,pure_lateral,lat->lat,lat,lat,0,0,4,1,1,1.0,2581,2581.0,MB_ML.MB_CA,3,2,2,"[MB_CA.CREL3, PLP.CREL3] -> MB_ML.MB_CAL3 -> [MB_CA.MB_MLL3, MB_CA.MB_VLL3]",MB_CA.CRE,3,PLP.CRE,3,MB_CA.MB_ML,3,MB_CA.MB_VL,3
614218680,pure_lateral,lat->lat,lat,lat,0,0,4,1,1,1.0,2581,2581.0,MB_ML.MB_CA,3,2,2,"[MB_CA.MB_MLL3, PLP.CREL3] -> MB_ML.MB_CAL3 -> [MB_CA.CREL3, MB_CA.MB_VLL3]",MB_CA.MB_ML,3,PLP.CRE,3,MB_CA.CRE,3,MB_CA.MB_VL,3
614218680,pure_lateral,lat->lat,lat,lat,0,0,4,1,1,1.0,2581,2581.0,MB_ML.MB_CA,3,2,2,"[MB_CA.MB_VLL3, PLP.CREL3] -> MB_ML.MB_CAL3 -> [MB_CA.CREL3, MB_CA.MB_MLL3]",MB_CA.MB_VL,3,PLP.CRE,3,MB_CA.CRE,3,MB_CA.MB_ML,3
611722424,pure_lateral,lat->lat,lat,lat,0,0,4,52,1,1.0,2706,52.038,MB_ML,3,2,2,"[MB_CA.MB_MLL3, MB_CA.MB_PEDL3] -> MB_MLL3 -> [MB_CA.MB_VLL3, PLP.MB_MLL3]",MB_CA.MB_ML,3,MB_CA.MB_PED,3,MB_CA.MB_VL,3,PLP.MB_ML,3
611722424,pure_lateral,lat->lat,lat,lat,0,0,4,52,1,1.0,2706,52.038,MB_ML,3,2,2,"[MB_CA.MB_MLL3, MB_CA.MB_VLL3] -> MB_MLL3 -> [MB_CA.MB_PEDL3, PLP.MB_MLL3]",MB_CA.MB_ML,3,MB_CA.MB_VL,3,MB_CA.MB_PED,3,PLP.MB_ML,3
611722424,pure_lateral,lat->lat,lat,lat,0,0,4,52,1,1.0,2706,52.038,MB_ML,3,2,2,"[MB_CA.MB_MLL3, PLP.MB_MLL3] -> MB_MLL3 -> [MB_CA.MB_PEDL3, MB_CA.MB_VLL3]",MB_CA.MB_ML,3,PLP.MB_ML,3,MB_CA.MB_PED,3,MB_CA.MB_VL,3
611722424,pure_lateral,lat->lat,lat,lat,0,0,4,52,1,1.0,2706,52.038,MB_ML,3,2,2,"[MB_CA.MB_PEDL3, MB_CA.MB_VLL3] -> MB_MLL3 -> [MB_CA.MB_MLL3, PLP.MB_MLL3]",MB_CA.MB_PED,3,MB_CA.MB_VL,3,MB_CA.MB_ML,3,PLP.MB_ML,3
611722424,pure_lateral,lat->lat,lat,lat,0,0,4,52,1,1.0,2706,52.038,MB_ML,3,2,2,"[MB_CA.MB_PEDL3, PLP.MB_MLL3] -> MB_MLL3 -> [MB_CA.MB_MLL3, MB_CA.MB_VLL3]",MB_CA.MB_PED,3,PLP.MB_ML,3,MB_CA.MB_ML,3,MB_CA.MB_VL,3
611722424,pure_lateral,lat->lat,lat,lat,0,0,4,52,1,1.0,2706,52.038,MB_ML,3,2,2,"[MB_CA.MB_VLL3, PLP.MB_MLL3] -> MB_MLL3 -> [MB_CA.MB_MLL3, MB_CA.MB_PEDL3]",MB_CA.MB_VL,3,PLP.MB_ML,3,MB_CA.MB_ML,3,MB_CA.MB_PED,3
611544800,mixed,lat->mix,lat,mix,1,0,3,2282,15,1.005,24815,10.874,LO,3,2,2,"[LO.LOPL3, ME.LOL3] -> LOL3 -> [LOL4, MEL3]",LO.LOP,3,ME.LO,3,LO,4,ME,3
610142472,mixed,mix->FB,mix,FB,0,3,1,109,3,2.814,21961,201.477,PVLP.LO,4,2,2,"[AVLPL5, LO.PVLPL4] -> PVLP.LOL4 -> [MEL3, ME.LOL3]",AVLP,5,LO.PVLP,4,ME,3,ME.LO,3
609273280,pure_lateral,lat->lat,lat,lat,0,0,4,1,1,1.0,2687,2687.0,MB_ML.MB_CA,3,2,2,"[MB_CA.MB_PEDL3, PLP.MB_PEDL3] -> MB_ML.MB_CAL3 -> [MB_CA.MB_MLL3, MB_CA.MB_VLL3]",MB_CA.MB_PED,3,PLP.MB_PED,3,MB_CA.MB_ML,3,MB_CA.MB_VL,3
605316960,pure_lateral,lat->lat,lat,lat,0,0,4,1,1,1.0,2687,2687.0,MB_ML.MB_CA,3,2,2,"[MB_CA.MB_MLL3, PLP.MB_PEDL3] -> MB_ML.MB_CAL3 -> [MB_CA.MB_PEDL3, MB_CA.MB_VLL3]",MB_CA.MB_ML,3,PLP.MB_PED,3,MB_CA.MB_PED,3,MB_CA.MB_VL,3
605316960,pure_lateral,lat->lat,lat,lat,0,0,4,1,1,1.0,2687,2687.0,MB_ML.MB_CA,3,2,2,"[MB_CA.MB_VLL3, PLP.MB_PEDL3] -> MB_ML.MB_CAL3 -> [MB_CA.MB_MLL3, MB_CA.MB_PEDL3]",MB_CA.MB_VL,3,PLP.MB_PED,3,MB_CA.MB_ML,3,MB_CA.MB_PED,3
601347675,mixed,FF->mix,FF,mix,3,1,0,1160,32,1.002,11968,10.317,LO,4,2,2,"[LOL3, ME.LOL3] -> LOL4 -> [LO.PVLPL3, LO.PVLPL5]",LO,3,ME.LO,3,LO.PVLP,3,LO.PVLP,5
599902720,mixed,mix->lat,mix,lat,0,1,3,2282,2,1.049,23370,10.241,LO,3,2,2,"[ME.LOL3, ME.LOPL4] -> LOL3 -> [MEL3, ME.LOPL3]",ME.LO,3,ME.LOP,4,ME,3,ME.LOP,3
594151003,mixed,mix->FF,mix,FF,2,1,1,2282,4,1.015,14422,6.32,LO,3,2,2,"[MEL3, MEL4] -> LOL3 -> [LOL4, LO.LOPL4]",ME,3,ME,4,LO,4,LO.LOP,4
585597218,mixed,FF->mix,FF,mix,2,1,1,1160,27,1.001,12234,10.547,LO,4,2,2,"[LO.PLPL3, ME.LOL3] -> LOL4 -> [LOL3, LO.PVLPL4]",LO.PLP,3,ME.LO,3,LO,3,LO.PVLP,4
580873676,mixed,mix->FF,mix,FF,2,1,1,2282,2,1.022,12964,5.681,LO,3,2,2,"[LO.LOPL4, MEL3] -> LOL3 -> [LOL4, ME.LOPL4]",LO.LOP,4,ME,3,LO,4,ME.LOP,4
578809616,pure_lateral,lat->lat,lat,lat,0,0,4,1,1,1.0,2687,2687.0,MB_ML.MB_CA,3,2,2,"[MB_CA.MB_MLL3, MB_CA.MB_PEDL3] -> MB_ML.MB_CAL3 -> [MB_CA.MB_VLL3, PLP.MB_PEDL3]",MB_CA.MB_ML,3,MB_CA.MB_PED,3,MB_CA.MB_VL,3,PLP.MB_PED,3
578809616,pure_lateral,lat->lat,lat,lat,0,0,4,1,1,1.0,2687,2687.0,MB_ML.MB_CA,3,2,2,"[MB_CA.MB_PEDL3, MB_CA.MB_VLL3] -> MB_ML.MB_CAL3 -> [MB_CA.MB_MLL3, PLP.MB_PEDL3]",MB_CA.MB_PED,3,MB_CA.MB_VL,3,MB_CA.MB_ML,3,PLP.MB_PED,3
578350871,mixed,mix->mix,mix,mix,1,1,2,109,14,2.951,5020,46.055,PVLP.LO,4,2,2,"[LO.PVLPL3, LO.PVLPL4] -> PVLP.LOL4 -> [LOL3, LOL4]",LO.PVLP,3,LO.PVLP,4,LO,3,LO,4
577034873,mixed,lat->mix,lat,mix,1,0,3,2282,20,1.064,24828,10.88,LO,3,2,2,"[MEL3, ME.LOL3] -> LOL3 -> [MEL4, ME.LOPL3]",ME,3,ME.LO,3,ME,4,ME.LOP,3
576150888,mixed,mix->FB,mix,FB,1,2,1,109,3,2.753,12643,115.991,PVLP.LO,4,2,2,"[AVLPL4, LO.PVLPL3] -> PVLP.LOL4 -> [LOL3, ME.LOL3]",AVLP,4,LO.PVLP,3,LO,3,ME.LO,3
575051112,pure_lateral,lat->lat,lat,lat,0,0,4,1,1,1.0,2687,2687.0,MB_ML.MB_CA,3,2,2,"[MB_CA.MB_MLL3, MB_CA.MB_VLL3] -> MB_ML.MB_CAL3 -> [MB_CA.MB_PEDL3, PLP.MB_PEDL3]",MB_CA.MB_ML,3,MB_CA.MB_VL,3,MB_CA.MB_PED,3,PLP.MB_PED,3
574273692,pure_lateral,lat->lat,lat,lat,0,0,4,2282,2,1.0,18797,8.237,LO,3,2,2,"[LO.LOPL3, MEL3] -> LOL3 -> [LOP.PLPL3, ME.LOPL3]",LO.LOP,3,ME,3,LOP.PLP,3,ME.LOP,3
573270768,pure_lateral,lat->lat,lat,lat,0,0,4,1,1,1.0,2581,2581.0,MB_ML.MB_CA,3,2,2,"[MB_CA.CREL3, MB_CA.MB_MLL3] -> MB_ML.MB_CAL3 -> [MB_CA.MB_VLL3, PLP.CREL3]",MB_CA.CRE,3,MB_CA.MB_ML,3,MB_CA.MB_VL,3,PLP.CRE,3
573270768,pure_lateral,lat->lat,lat,lat,0,0,4,1,1,1.0,2581,2581.0,MB_ML.MB_CA,3,2,2,"[MB_CA.CREL3, MB_CA.MB_VLL3] -> MB_ML.MB_CAL3 -> [MB_CA.MB_MLL3, PLP.CREL3]",MB_CA.CRE,3,MB_CA.MB_VL,3,MB_CA.MB_ML,3,PLP.CRE,3
573270768,pure_lateral,lat->lat,lat,lat,0,0,4,1,1,1.0,2581,2581.0,MB_ML.MB_CA,3,2,2,"[MB_CA.MB_MLL3, MB_CA.MB_VLL3] -> MB_ML.MB_CAL3 -> [MB_CA.CREL3, PLP.CREL3]",MB_CA.MB_ML,3,MB_CA.MB_VL,3,MB_CA.CRE,3,PLP.CRE,3
572012940,mixed,lat->mix,lat,mix,1,0,3,2282,2,1.0,15445,6.768,LO,3,2,2,"[LOP.LOL3, MEL3] -> LOL3 -> [LO.LOPL4, ME.LOPL3]",LOP.LO,3,ME,3,LO.LOP,4,ME.LOP,3
572012767,mixed,lat->mix,lat,mix,1,0,3,2282,2,1.0,15358,6.73,LO,3,2,2,"[MEL3, PVLP.LOL3] -> LOL3 -> [LO.LOPL4, ME.LOPL3]",ME,3,PVLP.LO,3,LO.LOP,4,ME.LOP,3
572012760,mixed,lat->mix,lat,mix,1,0,3,2282,1,1.0,15539,6.809,LO,3,2,2,"[LO.PLPL3, MEL3] -> LOL3 -> [LO.LOPL4, ME.LOPL3]",LO.PLP,3,ME,3,LO.LOP,4,ME.LOP,3
571307074,mixed,mix->FB,mix,FB,1,2,1,109,3,2.783,10495,96.284,PVLP.LO,4,2,2,"[LO.PVLPL4, PVLPL3] -> PVLP.LOL4 -> [LO.PVLPL3, ME.LOL3]",LO.PVLP,4,PVLP,3,LO.PVLP,3,ME.LO,3
567575458,mixed,FF->mix,FF,mix,3,0,1,1160,15,1.003,20674,17.822,LO,4,2,2,"[MEL3, ME.LOL3] -> LOL4 -> [LO.AOTUL5, LO.PVLPL4]",ME,3,ME.LO,3,LO.AOTU,5,LO.PVLP,4
560358512,mixed,FF->FB,FF,FB,2,2,0,1160,154,1.018,22561,19.449,LO,4,2,2,"[MEL3, ME.LOL3] -> LOL4 -> [LOL3, LO.PVLPL3]",ME,3,ME.LO,3,LO,3,LO.PVLP,3
560238130,mixed,FF->mix,FF,mix,2,1,1,1160,46,1.001,12107,10.437,LO,4,2,2,"[LOL3, ME.LOL3] -> LOL4 -> [LO.PLPL4, LO.PVLPL3]",LO,3,ME.LO,3,LO.PLP,4,LO.PVLP,3
548434256,mixed,lat->FB,lat,FB,0,2,2,109,3,2.756,12809,117.514,PVLP.LO,4,2,2,"[AVLPL4, LO.PVLPL4] -> PVLP.LOL4 -> [LOL3, ME.LOL3]",AVLP,4,LO.PVLP,4,LO,3,ME.LO,3
537883640,mixed,mix->lat,mix,lat,0,1,3,2282,9,1.015,24815,10.874,LO,3,2,2,"[LOL4, ME.LOL3] -> LOL3 -> [LO.LOPL3, MEL3]",LO,4,ME.LO,3,LO.LOP,3,ME,3
537343204,mixed,mix->FF,mix,FF,2,1,1,2282,2,1.033,12964,5.681,LO,3,2,2,"[MEL3, ME.LOPL4] -> LOL3 -> [LOL4, LO.LOPL4]",ME,3,ME.LOP,4,LO,4,LO.LOP,4
533059200,mixed,mix->lat,mix,lat,0,1,3,2282,1,1.0,8851,3.879,LO,3,2,2,"[LO.LOPL4, LO.MEL3] -> LOL3 -> [LO.LOPL3, ME.LOPL3]",LO.LOP,4,LO.ME,3,LO.LOP,3,ME.LOP,3
517882288,mixed,lat->mix,lat,mix,1,0,3,1,1,1.0,2703,2703.0,MB_ML.MB_CA,3,2,2,"[MB_CA.MB_MLL3, MB_CA.MB_PEDL3] -> MB_ML.MB_CAL3 -> [MB_CA.MB_VLL3, PLP.CREL4]",MB_CA.MB_ML,3,MB_CA.MB_PED,3,MB_CA.MB_VL,3,PLP.CRE,4
517882288,mixed,lat->mix,lat,mix,1,0,3,1,1,1.0,2703,2703.0,MB_ML.MB_CA,3,2,2,"[MB_CA.MB_PEDL3, MB_CA.MB_VLL3] -> MB_ML.MB_CAL3 -> [MB_CA.MB_MLL3, PLP.CREL4]",MB_CA.MB_PED,3,MB_CA.MB_VL,3,MB_CA.MB_ML,3,PLP.CRE,4
517882288,mixed,mix->lat,mix,lat,0,1,3,1,1,1.0,2703,2703.0,MB_ML.MB_CA,3,2,2,"[MB_CA.MB_PEDL3, PLP.CREL4] -> MB_ML.MB_CAL3 -> [MB_CA.MB_MLL3, MB_CA.MB_VLL3]",MB_CA.MB_PED,3,PLP.CRE,4,MB_CA.MB_ML,3,MB_CA.MB_VL,3
514519416,mixed,lat->mix,lat,mix,1,0,3,1,1,1.0,2703,2703.0,MB_ML.MB_CA,3,2,2,"[MB_CA.MB_MLL3, MB_CA.MB_VLL3] -> MB_ML.MB_CAL3 -> [MB_CA.MB_PEDL3, PLP.CREL4]",MB_CA.MB_ML,3,MB_CA.MB_VL,3,MB_CA.MB_PED,3,PLP.CRE,4
514519416,mixed,mix->lat,mix,lat,0,1,3,1,1,1.0,2703,2703.0,MB_ML.MB_CA,3,2,2,"[MB_CA.MB_MLL3, PLP.CREL4] -> MB_ML.MB_CAL3 -> [MB_CA.MB_PEDL3, MB_CA.MB_VLL3]",MB_CA.MB_ML,3,PLP.CRE,4,MB_CA.MB_PED,3,MB_CA.MB_VL,3
514519416,mixed,mix->lat,mix,lat,0,1,3,1,1,1.0,2703,2703.0,MB_ML.MB_CA,3,2,2,"[MB_CA.MB_VLL3, PLP.CREL4] -> MB_ML.MB_CAL3 -> [MB_CA.MB_MLL3, MB_CA.MB_PEDL3]",MB_CA.MB_VL,3,PLP.CRE,4,MB_CA.MB_ML,3,MB_CA.MB_PED,3
514412192,mixed,mix->FF,mix,FF,2,1,1,2282,2,1.056,12964,5.681,LO,3,2,2,"[LOL4, MEL3] -> LOL3 -> [LO.LOPL4, ME.LOPL4]",LO,4,ME,3,LO.LOP,4,ME.LOP,4
512287686,mixed,mix->mix,mix,mix,1,1,2,1160,5,1.001,12147,10.472,LO,4,2,2,"[LO.SPSL4, ME.LOL3] -> LOL4 -> [LOL3, LO.PVLPL4]",LO.SPS,4,ME.LO,3,LO,3,LO.PVLP,4
509134793,mixed,FF->mix,FF,mix,2,1,1,1160,71,1.0,11981,10.328,LO,4,2,2,"[LOL3, ME.LOL3] -> LOL4 -> [LO.PVLPL3, LO.SPSL4]",LO,3,ME.LO,3,LO.PVLP,3,LO.SPS,4
505086630,mixed,mix->mix,mix,mix,1,2,1,109,4,2.758,10896,99.963,PVLP.LO,4,2,2,"[LO.PVLPL3, PVLP.AVLPL5] -> PVLP.LOL4 -> [LOL4, ME.LOL3]",LO.PVLP,3,PVLP.AVLP,5,LO,4,ME.LO,3
498012577,mixed,mix->lat,mix,lat,0,1,3,2282,9,1.01,24391,10.688,LO,3,2,2,"[LOL4, ME.LOL3] -> LOL3 -> [MEL3, ME.LOPL3]",LO,4,ME.LO,3,ME,3,ME.LOP,3
487910594,mixed,mix->mix,mix,mix,0,2,2,109,4,2.723,11062,101.486,PVLP.LO,4,2,2,"[LO.PVLPL4, PVLP.AVLPL5] -> PVLP.LOL4 -> [LOL4, ME.LOL3]",LO.PVLP,4,PVLP.AVLP,5,LO,4,ME.LO,3
487679856,mixed,FF->mix,FF,mix,3,0,1,1160,41,1.013,20561,17.725,LO,4,2,2,"[MEL3, ME.LOL3] -> LOL4 -> [LO.PVLPL4, LO.PVLPL5]",ME,3,ME.LO,3,LO.PVLP,4,LO.PVLP,5
476323200,mixed,lat->mix,lat,mix,1,0,3,2282,1,1.0,8851,3.879,LO,3,2,2,"[LO.LOPL3, LO.MEL3] -> LOL3 -> [LO.LOPL4, ME.LOPL3]",LO.LOP,3,LO.ME,3,LO.LOP,4,ME.LOP,3
474302192,mixed,mix->mix,mix,mix,1,1,2,35,1,1.0,10551,301.457,PVLP.LO,3,2,2,"[LO.PVLPL3, LO.PVLPL4] -> PVLP.LOL3 -> [ME.LOL3, PVLP.LOL4]",LO.PVLP,3,LO.PVLP,4,ME.LO,3,PVLP.LO,4
468949433,mixed,mix->lat,mix,lat,0,1,3,2282,12,1.79,16713,7.324,LO,3,2,2,"[ME.LOL3, PVLP.LOL4] -> LOL3 -> [LO.LOPL3, ME.LOPL3]",ME.LO,3,PVLP.LO,4,LO.LOP,3,ME.LOP,3
467718960,mixed,lat->FF,lat,FF,2,0,2,2282,2,1.016,13821,6.057,LO,3,2,2,"[ME.LOL3, ME.LOPL3] -> LOL3 -> [LOL4, ME.LOPL4]",ME.LO,3,ME.LOP,3,LO,4,ME.LOP,4
460563724,pure_FF,FF->FF,FF,FF,4,0,0,1160,4,1.0,11491,9.906,LO,4,2,2,"[LOL3, ME.LOL3] -> LOL4 -> [LO.AOTUL5, LO.PVLPL5]",LO,3,ME.LO,3,LO.AOTU,5,LO.PVLP,5
457005609,mixed,mix->FB,mix,FB,1,2,1,109,3,2.988,14569,133.661,PVLP.LO,4,2,2,"[LO.PVLPL3, LO.PVLPL4] -> PVLP.LOL4 -> [LOL3, MEL3]",LO.PVLP,3,LO.PVLP,4,LO,3,ME,3
456954960,pure_lateral,lat->lat,lat,lat,0,0,4,1,1,1.0,2706,2706.0,MB_ML.MB_CA,3,2,2,"[MB_CA.MB_MLL3, MB_CA.MB_PEDL3] -> MB_ML.MB_CAL3 -> [MB_CA.MB_VLL3, PLP.MB_MLL3]",MB_CA.MB_ML,3,MB_CA.MB_PED,3,MB_CA.MB_VL,3,PLP.MB_ML,3
456954960,pure_lateral,lat->lat,lat,lat,0,0,4,1,1,1.0,2706,2706.0,MB_ML.MB_CA,3,2,2,"[MB_CA.MB_PEDL3, MB_CA.MB_VLL3] -> MB_ML.MB_CAL3 -> [MB_CA.MB_MLL3, PLP.MB_MLL3]",MB_CA.MB_PED,3,MB_CA.MB_VL,3,MB_CA.MB_ML,3,PLP.MB_ML,3
456954960,pure_lateral,lat->lat,lat,lat,0,0,4,1,1,1.0,2709,2709.0,MB_ML.MB_CA,3,2,2,"[MB_CA.MB_PEDL3, MB_MLL3] -> MB_ML.MB_CAL3 -> [MB_CA.MB_MLL3, MB_CA.MB_VLL3]",MB_CA.MB_PED,3,MB_ML,3,MB_CA.MB_ML,3,MB_CA.MB_VL,3
456954960,pure_lateral,lat->lat,lat,lat,0,0,4,1,1,1.0,2706,2706.0,MB_ML.MB_CA,3,2,2,"[MB_CA.MB_PEDL3, PLP.MB_MLL3] -> MB_ML.MB_CAL3 -> [MB_CA.MB_MLL3, MB_CA.MB_VLL3]",MB_CA.MB_PED,3,PLP.MB_ML,3,MB_CA.MB_ML,3,MB_CA.MB_VL,3
456954960,mixed,mix->lat,mix,lat,0,1,3,1,1,1.0,2682,2682.0,MB_ML.MB_CA,3,2,2,"[MB_CA.MB_PEDL3, PLP.MB_PEDL4] -> MB_ML.MB_CAL3 -> [MB_CA.MB_MLL3, MB_CA.MB_VLL3]",MB_CA.MB_PED,3,PLP.MB_PED,4,MB_CA.MB_ML,3,MB_CA.MB_VL,3
453987720,pure_lateral,lat->lat,lat,lat,0,0,4,1,1,1.0,2706,2706.0,MB_ML.MB_CA,3,2,2,"[MB_CA.MB_MLL3, MB_CA.MB_VLL3] -> MB_ML.MB_CAL3 -> [MB_CA.MB_PEDL3, PLP.MB_MLL3]",MB_CA.MB_ML,3,MB_CA.MB_VL,3,MB_CA.MB_PED,3,PLP.MB_ML,3
453987720,pure_lateral,lat->lat,lat,lat,0,0,4,1,1,1.0,2709,2709.0,MB_ML.MB_CA,3,2,2,"[MB_CA.MB_MLL3, MB_MLL3] -> MB_ML.MB_CAL3 -> [MB_CA.MB_PEDL3, MB_CA.MB_VLL3]",MB_CA.MB_ML,3,MB_ML,3,MB_CA.MB_PED,3,MB_CA.MB_VL,3
453987720,pure_lateral,lat->lat,lat,lat,0,0,4,1,1,1.0,2706,2706.0,MB_ML.MB_CA,3,2,2,"[MB_CA.MB_MLL3, PLP.MB_MLL3] -> MB_ML.MB_CAL3 -> [MB_CA.MB_PEDL3, MB_CA.MB_VLL3]",MB_CA.MB_ML,3,PLP.MB_ML,3,MB_CA.MB_PED,3,MB_CA.MB_VL,3
453987720,mixed,mix->lat,mix,lat,0,1,3,1,1,1.0,2682,2682.0,MB_ML.MB_CA,3,2,2,"[MB_CA.MB_MLL3, PLP.MB_PEDL4] -> MB_ML.MB_CAL3 -> [MB_CA.MB_PEDL3, MB_CA.MB_VLL3]",MB_CA.MB_ML,3,PLP.MB_PED,4,MB_CA.MB_PED,3,MB_CA.MB_VL,3
453987720,pure_lateral,lat->lat,lat,lat,0,0,4,1,1,1.0,2709,2709.0,MB_ML.MB_CA,3,2,2,"[MB_CA.MB_VLL3, MB_MLL3] -> MB_ML.MB_CAL3 -> [MB_CA.MB_MLL3, MB_CA.MB_PEDL3]",MB_CA.MB_VL,3,MB_ML,3,MB_CA.MB_ML,3,MB_CA.MB_PED,3
453987720,pure_lateral,lat->lat,lat,lat,0,0,4,1,1,1.0,2706,2706.0,MB_ML.MB_CA,3,2,2,"[MB_CA.MB_VLL3, PLP.MB_MLL3] -> MB_ML.MB_CAL3 -> [MB_CA.MB_MLL3, MB_CA.MB_PEDL3]",MB_CA.MB_VL,3,PLP.MB_ML,3,MB_CA.MB_ML,3,MB_CA.MB_PED,3
453987720,mixed,mix->lat,mix,lat,0,1,3,1,1,1.0,2682,2682.0,MB_ML.MB_CA,3,2,2,"[MB_CA.MB_VLL3, PLP.MB_PEDL4] -> MB_ML.MB_CAL3 -> [MB_CA.MB_MLL3, MB_CA.MB_PEDL3]",MB_CA.MB_VL,3,PLP.MB_PED,4,MB_CA.MB_ML,3,MB_CA.MB_PED,3
453292611,mixed,FF->lat,FF,lat,2,0,2,1160,55,1.007,20700,17.845,LO,4,2,2,"[MEL3, ME.LOL3] -> LOL4 -> [LO.PLPL4, LO.PVLPL4]",ME,3,ME.LO,3,LO.PLP,4,LO.PVLP,4
448695750,mixed,mix->FB,mix,FB,1,2,1,109,4,2.937,11991,110.009,PVLP.LO,4,2,2,"[LO.PVLPL3, PVLPL4] -> PVLP.LOL4 -> [LOL3, ME.LOL3]",LO.PVLP,3,PVLP,4,LO,3,ME.LO,3
439996346,mixed,mix->mix,mix,mix,1,1,2,109,3,2.229,11521,105.697,PVLP.LO,4,2,2,"[AVLPL4, LO.PVLPL3] -> PVLP.LOL4 -> [LOL4, ME.LOL3]",AVLP,4,LO.PVLP,3,LO,4,ME.LO,3
438128100,mixed,lat->mix,lat,mix,1,0,3,2282,1,1.0,8697,3.811,LO,3,2,2,"[FB.LOL3, ME.LOPL3] -> LOL3 -> [LO.LOPL3, LO.LOPL4]",FB.LO,3,ME.LOP,3,LO.LOP,3,LO.LOP,4
438128100,mixed,mix->mix,mix,mix,1,1,2,2282,1,1.0,8853,3.879,LO,3,2,2,"[LOPL4, ME.LOPL3] -> LOL3 -> [LO.LOPL3, LO.LOPL4]",LOP,4,ME.LOP,3,LO.LOP,3,LO.LOP,4
435859510,mixed,mix->mix,mix,mix,1,1,2,2282,2,1.021,15499,6.792,LO,3,2,2,"[LO.LOPL4, ME.LOL3] -> LOL3 -> [LO.LOPL3, MEL4]",LO.LOP,4,ME.LO,3,LO.LOP,3,ME,4
434563967,mixed,mix->lat,mix,lat,0,1,3,2282,11,1.022,24828,10.88,LO,3,2,2,"[MEL4, ME.LOPL3] -> LOL3 -> [MEL3, ME.LOL3]",ME,4,ME.LOP,3,ME,3,ME.LO,3
433111008,mixed,lat->FF,lat,FF,2,0,2,2282,4,1.018,15499,6.792,LO,3,2,2,"[LO.LOPL3, ME.LOL3] -> LOL3 -> [LO.LOPL4, MEL4]",LO.LOP,3,ME.LO,3,LO.LOP,4,ME,4
430826292,mixed,lat->FF,lat,FF,2,0,2,2282,2,1.176,9476,4.152,LO,3,2,2,"[LO.LOPL3, ME.LOPL3] -> LOL3 -> [MEL4, ME.LOPL4]",LO.LOP,3,ME.LOP,3,ME,4,ME.LOP,4
429340694,mixed,FF->mix,FF,mix,3,0,1,1160,32,1.0,11630,10.026,LO,4,2,2,"[LOL3, ME.LOL3] -> LOL4 -> [LO.AOTUL5, LO.PLPL4]",LO,3,ME.LO,3,LO.AOTU,5,LO.PLP,4
426491296,mixed,lat->mix,lat,mix,1,0,3,1,1,1.0,2682,2682.0,MB_ML.MB_CA,3,2,2,"[MB_CA.MB_MLL3, MB_CA.MB_PEDL3] -> MB_ML.MB_CAL3 -> [MB_CA.MB_VLL3, PLP.MB_PEDL4]",MB_CA.MB_ML,3,MB_CA.MB_PED,3,MB_CA.MB_VL,3,PLP.MB_PED,4
426491296,mixed,lat->mix,lat,mix,1,0,3,1,1,1.0,2682,2682.0,MB_ML.MB_CA,3,2,2,"[MB_CA.MB_PEDL3, MB_CA.MB_VLL3] -> MB_ML.MB_CAL3 -> [MB_CA.MB_MLL3, PLP.MB_PEDL4]",MB_CA.MB_PED,3,MB_CA.MB_VL,3,MB_CA.MB_ML,3,PLP.MB_PED,4
426131186,mixed,lat->FB,lat,FB,0,2,2,109,5,2.972,12157,111.532,PVLP.LO,4,2,2,"[LO.PVLPL4, PVLPL4] -> PVLP.LOL4 -> [LOL3, ME.LOL3]",LO.PVLP,4,PVLP,4,LO,3,ME.LO,3
426020135,mixed,FF->mix,FF,mix,3,1,0,1160,51,1.001,22084,19.038,LO,4,2,2,"[MEL3, ME.LOL3] -> LOL4 -> [LOL3, LO.AOTUL5]",ME,3,ME.LO,3,LO,3,LO.AOTU,5
425023854,mixed,lat->mix,lat,mix,0,1,3,109,3,2.213,11687,107.22,PVLP.LO,4,2,2,"[AVLPL4, LO.PVLPL4] -> PVLP.LOL4 -> [LOL4, ME.LOL3]",AVLP,4,LO.PVLP,4,LO,4,ME.LO,3
424101419,mixed,lat->mix,lat,mix,1,0,3,2282,3,1.0,15902,6.968,LO,3,2,2,"[LO.MEL3, MEL3] -> LOL3 -> [LO.LOPL3, LO.LOPL4]",LO.ME,3,ME,3,LO.LOP,3,LO.LOP,4
423721872,mixed,lat->mix,lat,mix,1,0,3,1,1,1.0,2682,2682.0,MB_ML.MB_CA,3,2,2,"[MB_CA.MB_MLL3, MB_CA.MB_VLL3] -> MB_ML.MB_CAL3 -> [MB_CA.MB_PEDL3, PLP.MB_PEDL4]",MB_CA.MB_ML,3,MB_CA.MB_VL,3,MB_CA.MB_PED,3,PLP.MB_PED,4
420442132,mixed,mix->mix,mix,mix,1,1,2,2282,2,1.291,9476,4.152,LO,3,2,2,"[ME.LOPL3, ME.LOPL4] -> LOL3 -> [LO.LOPL3, MEL4]",ME.LOP,3,ME.LOP,4,LO.LOP,3,ME,4
419493096,mixed,FF->mix,FF,mix,2,1,1,109,3,2.908,10464,96.0,PVLP.LO,4,2,2,"[GNG.AVLPL3, LO.PVLPL3] -> PVLP.LOL4 -> [LO.PVLPL4, ME.LOL3]",GNG.AVLP,3,LO.PVLP,3,LO.PVLP,4,ME.LO,3
418227056,mixed,mix->mix,mix,mix,1,1,2,35,1,1.0,11233,320.943,PVLP.LO,3,2,2,"[AVLPL4, LO.PVLPL3] -> PVLP.LOL3 -> [LO.PVLPL4, ME.LOL3]",AVLP,4,LO.PVLP,3,LO.PVLP,4,ME.LO,3
411181863,mixed,FF->lat,FF,lat,2,0,2,1160,99,1.003,20574,17.736,LO,4,2,2,"[MEL3, ME.LOL3] -> LOL4 -> [LO.PVLPL4, LO.SPSL4]",ME,3,ME.LO,3,LO.PVLP,4,LO.SPS,4
411099000,mixed,mix->lat,mix,lat,0,1,3,2282,1,1.0,9044,3.963,LO,3,2,2,"[LO.LOPL3, LO.LOPL4] -> LOL3 -> [LOP.PLPL3, ME.LOPL3]",LO.LOP,3,LO.LOP,4,LOP.PLP,3,ME.LOP,3
408904400,mixed,FF->mix,FF,mix,2,1,1,1160,120,1.052,14569,12.559,LO,4,2,2,"[LOL3, MEL3] -> LOL4 -> [LO.PVLPL3, LO.PVLPL4]",LO,3,ME,3,LO.PVLP,3,LO.PVLP,4
406779710,mixed,FF->mix,FF,mix,3,0,1,1160,34,1.005,12291,10.596,LO,4,2,2,"[LOL3, ME.LOL3] -> LOL4 -> [AOTUL5, LO.PVLPL4]",LO,3,ME.LO,3,AOTU,5,LO.PVLP,4
405131494,mixed,mix->mix,mix,mix,1,1,2,1160,104,1.01,11197,9.653,LO,4,2,2,"[ME.LOL3, ME.LOL4] -> LOL4 -> [LO.PVLPL3, LO.PVLPL4]",ME.LO,3,ME.LO,4,LO.PVLP,3,LO.PVLP,4
403177480,mixed,mix->mix,mix,mix,1,1,2,2282,2,1.014,15075,6.606,LO,3,2,2,"[LO.LOPL4, ME.LOL3] -> LOL3 -> [MEL4, ME.LOPL3]",LO.LOP,4,ME.LO,3,ME,4,ME.LOP,3
401200296,mixed,mix->FB,mix,FB,1,2,1,109,3,2.462,10477,96.119,PVLP.LO,4,2,2,"[LO.PVLPL3, LO.PVLPL4] -> PVLP.LOL4 -> [ME.LOL3, PVLP.LOL3]",LO.PVLP,3,LO.PVLP,4,ME.LO,3,PVLP.LO,3
394522244,mixed,mix->lat,mix,lat,0,1,3,2282,2,1.048,23370,10.241,LO,3,2,2,"[ME.LOPL3, ME.LOPL4] -> LOL3 -> [MEL3, ME.LOL3]",ME.LOP,3,ME.LOP,4,ME,3,ME.LO,3
393077901,mixed,mix->FB,mix,FB,1,3,0,109,4,2.583,12009,110.174,PVLP.LO,4,2,2,"[LO.PVLPL3, PVLPL5] -> PVLP.LOL4 -> [LOL3, ME.LOL3]",LO.PVLP,3,PVLP,5,LO,3,ME.LO,3
390442921,mixed,FF->mix,FF,mix,3,0,1,1160,62,1.001,11504,9.917,LO,4,2,2,"[LOL3, ME.LOL3] -> LOL4 -> [LO.AOTUL5, LO.SPSL4]",LO,3,ME.LO,3,LO.AOTU,5,LO.SPS,4
387392644,mixed,mix->mix,mix,mix,2,1,1,109,5,2.883,10608,97.321,PVLP.LO,4,2,2,"[LO.PVLPL3, LO.PVLPL4] -> PVLP.LOL4 -> [ME.LOL3, PVLP.AVLPL5]",LO.PVLP,3,LO.PVLP,4,ME.LO,3,PVLP.AVLP,5
387314664,mixed,lat->mix,lat,mix,1,0,3,2282,1,1.0,15671,6.867,LO,3,2,2,"[MEL3, ME.LOPL3] -> LOL3 -> [LO.LOPL4, LOP.PLPL3]",ME,3,ME.LOP,3,LO.LOP,4,LOP.PLP,3
386722356,mixed,mix->mix,mix,mix,1,1,2,2282,2,1.13,14682,6.434,LO,3,2,2,"[MEL4, ME.LOL3] -> LOL3 -> [LO.LOPL3, ME.LOPL4]",ME,4,ME.LO,3,LO.LOP,3,ME.LOP,4
386188740,mixed,mix->FB,mix,FB,1,3,0,109,3,2.954,20445,187.569,PVLP.LO,4,2,2,"[LO.PVLPL3, PVLP.AVLPL5] -> PVLP.LOL4 -> [MEL3, ME.LOL3]",LO.PVLP,3,PVLP.AVLP,5,ME,3,ME.LO,3
386055744,mixed,lat->mix,lat,mix,1,0,3,35,1,1.0,10495,299.857,PVLP.LO,3,2,2,"[LO.PVLPL3, PVLPL3] -> PVLP.LOL3 -> [LO.PVLPL4, ME.LOL3]",LO.PVLP,3,PVLP,3,LO.PVLP,4,ME.LO,3
386055744,mixed,mix->mix,mix,mix,1,1,2,35,1,1.0,10581,302.314,PVLP.LO,3,2,2,"[LO.PVLPL3, PVLPL4] -> PVLP.LOL3 -> [LO.PVLPL4, ME.LOL3]",LO.PVLP,3,PVLP,4,LO.PVLP,4,ME.LO,3
379389832,mixed,lat->mix,lat,mix,1,0,3,2282,12,1.062,24828,10.88,LO,3,2,2,"[MEL3, ME.LOPL3] -> LOL3 -> [MEL4, ME.LOL3]",ME,3,ME.LOP,3,ME,4,ME.LO,3
370808280,mixed,mix->FB,mix,FB,0,3,1,109,3,2.929,20611,189.092,PVLP.LO,4,2,2,"[LO.PVLPL4, PVLP.AVLPL5] -> PVLP.LOL4 -> [MEL3, ME.LOL3]",LO.PVLP,4,PVLP.AVLP,5,ME,3,ME.LO,3
369680614,mixed,mix->mix,mix,mix,1,1,2,1160,150,1.0,12773,11.011,LO,4,2,2,"[LOL3, ME.LOL4] -> LOL4 -> [LO.PVLPL4, ME.LOL3]",LO,3,ME.LO,4,LO.PVLP,4,ME.LO,3
369253008,mixed,lat->mix,lat,mix,1,0,3,52,1,1.0,2406,46.269,MB_ML,3,2,2,"[MB_CA.CREL3, MB_CA.MB_MLL3] -> MB_MLL3 -> [MB_CA.MB_MLL4, MB_CA.MB_PEDL3]",MB_CA.CRE,3,MB_CA.MB_ML,3,MB_CA.MB_ML,4,MB_CA.MB_PED,3
369253008,mixed,mix->lat,mix,lat,0,1,3,52,1,1.0,2406,46.269,MB_ML,3,2,2,"[MB_CA.CREL3, MB_CA.MB_MLL4] -> MB_MLL3 -> [MB_CA.MB_MLL3, MB_CA.MB_PEDL3]",MB_CA.CRE,3,MB_CA.MB_ML,4,MB_CA.MB_ML,3,MB_CA.MB_PED,3
369253008,mixed,lat->mix,lat,mix,1,0,3,52,1,1.0,2406,46.269,MB_ML,3,2,2,"[MB_CA.CREL3, MB_CA.MB_PEDL3] -> MB_MLL3 -> [MB_CA.MB_MLL3, MB_CA.MB_MLL4]",MB_CA.CRE,3,MB_CA.MB_PED,3,MB_CA.MB_ML,3,MB_CA.MB_ML,4
369253008,mixed,mix->lat,mix,lat,0,1,3,52,1,1.0,2406,46.269,MB_ML,3,2,2,"[MB_CA.MB_MLL3, MB_CA.MB_MLL4] -> MB_MLL3 -> [MB_CA.CREL3, MB_CA.MB_PEDL3]",MB_CA.MB_ML,3,MB_CA.MB_ML,4,MB_CA.CRE,3,MB_CA.MB_PED,3
369253008,mixed,lat->mix,lat,mix,1,0,3,52,1,1.0,2406,46.269,MB_ML,3,2,2,"[MB_CA.MB_MLL3, MB_CA.MB_PEDL3] -> MB_MLL3 -> [MB_CA.CREL3, MB_CA.MB_MLL4]",MB_CA.MB_ML,3,MB_CA.MB_PED,3,MB_CA.CRE,3,MB_CA.MB_ML,4
369253008,mixed,mix->lat,mix,lat,0,1,3,52,1,1.0,2406,46.269,MB_ML,3,2,2,"[MB_CA.MB_MLL4, MB_CA.MB_PEDL3] -> MB_MLL3 -> [MB_CA.CREL3, MB_CA.MB_MLL3]",MB_CA.MB_ML,4,MB_CA.MB_PED,3,MB_CA.CRE,3,MB_CA.MB_ML,3
369130849,mixed,mix->FB,mix,FB,0,3,1,109,5,2.674,12175,111.697,PVLP.LO,4,2,2,"[LO.PVLPL4, PVLPL5] -> PVLP.LOL4 -> [LOL3, ME.LOL3]",LO.PVLP,4,PVLP,5,LO,3,ME.LO,3
369000315,mixed,FF->mix,FF,mix,2,1,1,1160,28,1.001,12045,10.384,LO,4,2,2,"[LOL3, ME.LOL3] -> LOL4 -> [LO.PVLPL4, LO.SPSL3]",LO,3,ME.LO,3,LO.PVLP,4,LO.SPS,3
367140250,mixed,FF->mix,FF,mix,3,0,1,1160,24,1.0,11517,9.928,LO,4,2,2,"[LOL3, ME.LOL3] -> LOL4 -> [LO.PLPL4, LO.PVLPL5]",LO,3,ME.LO,3,LO.PLP,4,LO.PVLP,5
365563968,pure_lateral,lat->lat,lat,lat,0,0,4,1,1,1.0,2709,2709.0,MB_ML.MB_CA,3,2,2,"[MB_CA.MB_MLL3, MB_CA.MB_PEDL3] -> MB_ML.MB_CAL3 -> [MB_CA.MB_VLL3, MB_MLL3]",MB_CA.MB_ML,3,MB_CA.MB_PED,3,MB_CA.MB_VL,3,MB_ML,3
365563968,pure_lateral,lat->lat,lat,lat,0,0,4,1,1,1.0,2709,2709.0,MB_ML.MB_CA,3,2,2,"[MB_CA.MB_PEDL3, MB_CA.MB_VLL3] -> MB_ML.MB_CAL3 -> [MB_CA.MB_MLL3, MB_MLL3]",MB_CA.MB_PED,3,MB_CA.MB_VL,3,MB_CA.MB_ML,3,MB_ML,3
364808296,mixed,FF->mix,FF,mix,3,1,0,1160,60,1.004,21971,18.941,LO,4,2,2,"[MEL3, ME.LOL3] -> LOL4 -> [LOL3, LO.PVLPL5]",ME,3,ME.LO,3,LO,3,LO.PVLP,5
363190176,pure_lateral,lat->lat,lat,lat,0,0,4,1,1,1.0,2709,2709.0,MB_ML.MB_CA,3,2,2,"[MB_CA.MB_MLL3, MB_CA.MB_VLL3] -> MB_ML.MB_CAL3 -> [MB_CA.MB_PEDL3, MB_MLL3]",MB_CA.MB_ML,3,MB_CA.MB_VL,3,MB_CA.MB_PED,3,MB_ML,3
359836720,pure_lateral,lat->lat,lat,lat,0,0,4,52,1,1.0,2732,52.538,MB_ML,3,2,2,"[MB_CA.MB_MLL3, MB_CA.MB_PEDL3] -> MB_MLL3 -> [MB_CA.MB_VLL3, PLP.CREL3]",MB_CA.MB_ML,3,MB_CA.MB_PED,3,MB_CA.MB_VL,3,PLP.CRE,3
359836720,pure_lateral,lat->lat,lat,lat,0,0,4,52,1,1.0,2679,51.519,MB_ML,3,2,2,"[MB_CA.MB_MLL3, MB_CA.MB_PEDL3] -> MB_MLL3 -> [MB_CA.MB_VLL3, SCL.MB_MLL3]",MB_CA.MB_ML,3,MB_CA.MB_PED,3,MB_CA.MB_VL,3,SCL.MB_ML,3
359836720,pure_lateral,lat->lat,lat,lat,0,0,4,52,1,1.0,2732,52.538,MB_ML,3,2,2,"[MB_CA.MB_MLL3, MB_CA.MB_VLL3] -> MB_MLL3 -> [MB_CA.MB_PEDL3, PLP.CREL3]",MB_CA.MB_ML,3,MB_CA.MB_VL,3,MB_CA.MB_PED,3,PLP.CRE,3
359836720,pure_lateral,lat->lat,lat,lat,0,0,4,52,1,1.0,2679,51.519,MB_ML,3,2,2,"[MB_CA.MB_MLL3, MB_CA.MB_VLL3] -> MB_MLL3 -> [MB_CA.MB_PEDL3, SCL.MB_MLL3]",MB_CA.MB_ML,3,MB_CA.MB_VL,3,MB_CA.MB_PED,3,SCL.MB_ML,3
359836720,pure_lateral,lat->lat,lat,lat,0,0,4,52,1,1.0,2732,52.538,MB_ML,3,2,2,"[MB_CA.MB_MLL3, PLP.CREL3] -> MB_MLL3 -> [MB_CA.MB_PEDL3, MB_CA.MB_VLL3]",MB_CA.MB_ML,3,PLP.CRE,3,MB_CA.MB_PED,3,MB_CA.MB_VL,3
359836720,pure_lateral,lat->lat,lat,lat,0,0,4,52,1,1.0,2679,51.519,MB_ML,3,2,2,"[MB_CA.MB_MLL3, SCL.MB_MLL3] -> MB_MLL3 -> [MB_CA.MB_PEDL3, MB_CA.MB_VLL3]",MB_CA.MB_ML,3,SCL.MB_ML,3,MB_CA.MB_PED,3,MB_CA.MB_VL,3
359836720,pure_lateral,lat->lat,lat,lat,0,0,4,52,1,1.0,2732,52.538,MB_ML,3,2,2,"[MB_CA.MB_PEDL3, MB_CA.MB_VLL3] -> MB_MLL3 -> [MB_CA.MB_MLL3, PLP.CREL3]",MB_CA.MB_PED,3,MB_CA.MB_VL,3,MB_CA.MB_ML,3,PLP.CRE,3
359836720,pure_lateral,lat->lat,lat,lat,0,0,4,52,1,1.0,2679,51.519,MB_ML,3,2,2,"[MB_CA.MB_PEDL3, MB_CA.MB_VLL3] -> MB_MLL3 -> [MB_CA.MB_MLL3, SCL.MB_MLL3]",MB_CA.MB_PED,3,MB_CA.MB_VL,3,MB_CA.MB_ML,3,SCL.MB_ML,3
359836720,pure_lateral,lat->lat,lat,lat,0,0,4,52,1,1.0,2732,52.538,MB_ML,3,2,2,"[MB_CA.MB_PEDL3, PLP.CREL3] -> MB_MLL3 -> [MB_CA.MB_MLL3, MB_CA.MB_VLL3]",MB_CA.MB_PED,3,PLP.CRE,3,MB_CA.MB_ML,3,MB_CA.MB_VL,3
359836720,pure_lateral,lat->lat,lat,lat,0,0,4,52,1,1.0,2679,51.519,MB_ML,3,2,2,"[MB_CA.MB_PEDL3, SCL.MB_MLL3] -> MB_MLL3 -> [MB_CA.MB_MLL3, MB_CA.MB_VLL3]",MB_CA.MB_PED,3,SCL.MB_ML,3,MB_CA.MB_ML,3,MB_CA.MB_VL,3
359836720,pure_lateral,lat->lat,lat,lat,0,0,4,52,1,1.0,2732,52.538,MB_ML,3,2,2,"[MB_CA.MB_VLL3, PLP.CREL3] -> MB_MLL3 -> [MB_CA.MB_MLL3, MB_CA.MB_PEDL3]",MB_CA.MB_VL,3,PLP.CRE,3,MB_CA.MB_ML,3,MB_CA.MB_PED,3
359836720,pure_lateral,lat->lat,lat,lat,0,0,4,52,1,1.0,2679,51.519,MB_ML,3,2,2,"[MB_CA.MB_VLL3, SCL.MB_MLL3] -> MB_MLL3 -> [MB_CA.MB_MLL3, MB_CA.MB_PEDL3]",MB_CA.MB_VL,3,SCL.MB_ML,3,MB_CA.MB_ML,3,MB_CA.MB_PED,3
357527286,mixed,lat->FF,lat,FF,2,0,2,2282,3,1.021,10497,4.6,LO,3,2,2,"[LO.LOPL3, ME.LOPL3] -> LOL3 -> [LOL4, MEL4]",LO.LOP,3,ME.LOP,3,LO,4,ME,4
354759030,mixed,FF->FB,FF,FB,2,2,0,109,4,2.523,11905,109.22,PVLP.LO,4,2,2,"[LO.PVLPL3, PVLPL3] -> PVLP.LOL4 -> [LOL3, ME.LOL3]",LO.PVLP,3,PVLP,3,LO,3,ME.LO,3
352132080,mixed,mix->mix,mix,mix,1,1,2,2282,2,1.091,14258,6.248,LO,3,2,2,"[MEL4, ME.LOL3] -> LOL3 -> [ME.LOPL3, ME.LOPL4]",ME,4,ME.LO,3,ME.LOP,3,ME.LOP,4
350258515,mixed,FF->mix,FF,mix,2,1,1,1160,14,1.024,11961,10.311,LO,4,2,2,"[LOL3, ME.LOL3] -> LOL4 -> [LO.PVLPL3, PVLP.LOL4]",LO,3,ME.LO,3,LO.PVLP,3,PVLP.LO,4
348738952,pure_lateral,lat->lat,lat,lat,0,0,4,52,1,1.0,2416,46.462,MB_ML,3,2,2,"[MB_CA.CREL3, MB_CA.MB_MLL3] -> MB_MLL3 -> [MB_CA.MB_PEDL3, PLP.MB_MLL3]",MB_CA.CRE,3,MB_CA.MB_ML,3,MB_CA.MB_PED,3,PLP.MB_ML,3
348738952,pure_lateral,lat->lat,lat,lat,0,0,4,52,1,1.0,2416,46.462,MB_ML,3,2,2,"[MB_CA.CREL3, MB_CA.MB_PEDL3] -> MB_MLL3 -> [MB_CA.MB_MLL3, PLP.MB_MLL3]",MB_CA.CRE,3,MB_CA.MB_PED,3,MB_CA.MB_ML,3,PLP.MB_ML,3
348738952,pure_lateral,lat->lat,lat,lat,0,0,4,52,1,1.0,2416,46.462,MB_ML,3,2,2,"[MB_CA.CREL3, PLP.MB_MLL3] -> MB_MLL3 -> [MB_CA.MB_MLL3, MB_CA.MB_PEDL3]",MB_CA.CRE,3,PLP.MB_ML,3,MB_CA.MB_ML,3,MB_CA.MB_PED,3
348738952,pure_lateral,lat->lat,lat,lat,0,0,4,52,1,1.0,2416,46.462,MB_ML,3,2,2,"[MB_CA.MB_MLL3, MB_CA.MB_PEDL3] -> MB_MLL3 -> [MB_CA.CREL3, PLP.MB_MLL3]",MB_CA.MB_ML,3,MB_CA.MB_PED,3,MB_CA.CRE,3,PLP.MB_ML,3
348738952,pure_lateral,lat->lat,lat,lat,0,0,4,52,1,1.0,2416,46.462,MB_ML,3,2,2,"[MB_CA.MB_MLL3, PLP.MB_MLL3] -> MB_MLL3 -> [MB_CA.CREL3, MB_CA.MB_PEDL3]",MB_CA.MB_ML,3,PLP.MB_ML,3,MB_CA.CRE,3,MB_CA.MB_PED,3
348738952,pure_lateral,lat->lat,lat,lat,0,0,4,52,1,1.0,2416,46.462,MB_ML,3,2,2,"[MB_CA.MB_PEDL3, PLP.MB_MLL3] -> MB_MLL3 -> [MB_CA.CREL3, MB_CA.MB_MLL3]",MB_CA.MB_PED,3,PLP.MB_ML,3,MB_CA.CRE,3,MB_CA.MB_ML,3
346360976,mixed,FF->FB,FF,FB,2,2,0,1160,67,1.001,12068,10.403,LO,4,2,2,"[LOL3, ME.LOL3] -> LOL4 -> [LO.PLPL3, LO.PVLPL3]",LO,3,ME.LO,3,LO.PLP,3,LO.PVLP,3
346262534,mixed,FF->mix,FF,mix,3,1,0,1160,67,1.001,11977,10.325,LO,4,2,2,"[LOL3, ME.LOL3] -> LOL4 -> [LO.PVLPL3, LO.SPSL5]",LO,3,ME.LO,3,LO.PVLP,3,LO.SPS,5
342645458,mixed,mix->lat,mix,lat,0,1,3,2282,9,1.597,18558,8.132,LO,3,2,2,"[ME.LOPL3, PVLP.LOL4] -> LOL3 -> [LO.LOPL3, MEL3]",ME.LOP,3,PVLP.LO,4,LO.LOP,3,ME,3
341844884,mixed,lat->mix,lat,mix,1,0,3,52,1,1.0,2682,51.577,MB_ML,3,2,2,"[MB_CA.MB_MLL3, MB_CA.MB_PEDL3] -> MB_MLL3 -> [MB_CA.MB_VLL3, PLP.MB_MLL4]",MB_CA.MB_ML,3,MB_CA.MB_PED,3,MB_CA.MB_VL,3,PLP.MB_ML,4
341844884,mixed,lat->mix,lat,mix,1,0,3,52,1,1.0,2682,51.577,MB_ML,3,2,2,"[MB_CA.MB_MLL3, MB_CA.MB_VLL3] -> MB_MLL3 -> [MB_CA.MB_PEDL3, PLP.MB_MLL4]",MB_CA.MB_ML,3,MB_CA.MB_VL,3,MB_CA.MB_PED,3,PLP.MB_ML,4
341844884,mixed,mix->lat,mix,lat,0,1,3,52,1,1.0,2682,51.577,MB_ML,3,2,2,"[MB_CA.MB_MLL3, PLP.MB_MLL4] -> MB_MLL3 -> [MB_CA.MB_PEDL3, MB_CA.MB_VLL3]",MB_CA.MB_ML,3,PLP.MB_ML,4,MB_CA.MB_PED,3,MB_CA.MB_VL,3
341844884,mixed,lat->mix,lat,mix,1,0,3,52,1,1.0,2682,51.577,MB_ML,3,2,2,"[MB_CA.MB_PEDL3, MB_CA.MB_VLL3] -> MB_MLL3 -> [MB_CA.MB_MLL3, PLP.MB_MLL4]",MB_CA.MB_PED,3,MB_CA.MB_VL,3,MB_CA.MB_ML,3,PLP.MB_ML,4
341844884,mixed,mix->lat,mix,lat,0,1,3,52,1,1.0,2682,51.577,MB_ML,3,2,2,"[MB_CA.MB_PEDL3, PLP.MB_MLL4] -> MB_MLL3 -> [MB_CA.MB_MLL3, MB_CA.MB_VLL3]",MB_CA.MB_PED,3,PLP.MB_ML,4,MB_CA.MB_ML,3,MB_CA.MB_VL,3
341844884,mixed,mix->lat,mix,lat,0,1,3,52,1,1.0,2682,51.577,MB_ML,3,2,2,"[MB_CA.MB_VLL3, PLP.MB_MLL4] -> MB_MLL3 -> [MB_CA.MB_MLL3, MB_CA.MB_PEDL3]",MB_CA.MB_VL,3,PLP.MB_ML,4,MB_CA.MB_ML,3,MB_CA.MB_PED,3
339817859,mixed,FF->mix,FF,mix,2,1,1,1160,110,1.002,22110,19.06,LO,4,2,2,"[MEL3, ME.LOL3] -> LOL4 -> [LOL3, LO.PLPL4]",ME,3,ME.LO,3,LO,3,LO.PLP,4
338413335,mixed,FF->FB,FF,FB,2,2,0,207,11,1.389,3042,14.696,LO,5,2,2,"[LOL4, ME.LOL4] -> LOL5 -> [LO.PLPL4, LO.PVLPL4]",LO,4,ME.LO,4,LO.PLP,4,LO.PVLP,4
336376413,mixed,mix->mix,mix,mix,1,2,1,1160,77,1.003,10649,9.18,LO,4,2,2,"[LOL5, ME.LOL3] -> LOL4 -> [LO.PVLPL3, LO.PVLPL4]",LO,5,ME.LO,3,LO.PVLP,3,LO.PVLP,4
336102528,mixed,mix->mix,mix,mix,1,1,2,109,3,2.278,10512,96.44,PVLP.LO,4,2,2,"[LO.PVLPL3, PVLP.AVLPL4] -> PVLP.LOL4 -> [LO.PVLPL4, ME.LOL3]",LO.PVLP,3,PVLP.AVLP,4,LO.PVLP,4,ME.LO,3
333736081,mixed,FF->mix,FF,mix,3,0,1,1160,38,1.0,11391,9.82,LO,4,2,2,"[LOL3, ME.LOL3] -> LOL4 -> [LO.PVLPL5, LO.SPSL4]",LO,3,ME.LO,3,LO.PVLP,5,LO.SPS,4
332683622,mixed,mix->FB,mix,FB,1,2,1,109,4,2.618,12071,110.743,PVLP.LO,4,2,2,"[LO.PVLPL4, PVLPL3] -> PVLP.LOL4 -> [LOL3, ME.LOL3]",LO.PVLP,4,PVLP,3,LO,3,ME.LO,3
331004610,mixed,mix->mix,mix,mix,1,1,2,109,3,2.704,13447,123.367,PVLP.LO,4,2,2,"[LO.PVLPL3, LO.PVLPL4] -> PVLP.LOL4 -> [LOL4, MEL3]",LO.PVLP,3,LO.PVLP,4,LO,4,ME,3
329294107,mixed,FF->mix,FF,mix,2,1,1,1160,73,1.0,13095,11.289,LO,4,2,2,"[LOPL3, ME.LOL3] -> LOL4 -> [LOL3, LO.PVLPL4]",LOP,3,ME.LO,3,LO,3,LO.PVLP,4
328895438,mixed,mix->mix,mix,mix,1,1,2,2282,3,1.01,16920,7.415,LO,3,2,2,"[LO.LOPL4, ME.LOPL3] -> LOL3 -> [MEL3, MEL4]",LO.LOP,4,ME.LOP,3,ME,3,ME,4
327622011,mixed,mix->lat,mix,lat,0,1,3,2282,13,1.01,24391,10.688,LO,3,2,2,"[LOL4, ME.LOPL3] -> LOL3 -> [MEL3, ME.LOL3]",LO,4,ME.LOP,3,ME,3,ME.LO,3
327371816,mixed,FF->mix,FF,mix,2,1,1,109,5,2.919,10754,98.661,PVLP.LO,4,2,2,"[AVLPL3, LO.PVLPL3] -> PVLP.LOL4 -> [LO.PVLPL4, ME.LOL3]",AVLP,3,LO.PVLP,3,LO.PVLP,4,ME.LO,3
327062244,mixed,mix->mix,mix,mix,1,1,2,2282,14,1.016,15703,6.881,LO,3,2,2,"[MEL4, ME.LOL3] -> LOL3 -> [LOL4, LO.LOPL3]",ME,4,ME.LO,3,LO,4,LO.LOP,3
323219898,mixed,mix->FB,mix,FB,1,2,1,109,3,2.52,21070,193.303,PVLP.LO,4,2,2,"[AVLPL4, LO.PVLPL3] -> PVLP.LOL4 -> [MEL3, ME.LOL3]",AVLP,4,LO.PVLP,3,ME,3,ME.LO,3
320194432,mixed,mix->mix,mix,mix,1,1,2,109,6,2.69,10869,99.716,PVLP.LO,4,2,2,"[LO.PVLPL3, PVLPL4] -> PVLP.LOL4 -> [LOL4, ME.LOL3]",LO.PVLP,3,PVLP,4,LO,4,ME.LO,3
319142032,mixed,mix->mix,mix,mix,1,1,2,2282,4,1.061,10497,4.6,LO,3,2,2,"[LOL4, ME.LOPL3] -> LOL3 -> [LO.LOPL3, MEL4]",LO,4,ME.LOP,3,LO.LOP,3,ME,4
317701656,mixed,lat->FF,lat,FF,2,0,2,2282,2,1.02,14245,6.242,LO,3,2,2,"[LO.LOPL3, ME.LOL3] -> LOL3 -> [LOL4, ME.LOPL4]",LO.LOP,3,ME.LO,3,LO,4,ME.LOP,4
314815974,pure_lateral,lat->lat,lat,lat,0,0,4,2282,8,1.0,16726,7.33,LO,3,2,2,"[LOP.LOL3, ME.LOL3] -> LOL3 -> [LO.LOPL3, ME.LOPL3]",LOP.LO,3,ME.LO,3,LO.LOP,3,ME.LOP,3
314799707,pure_lateral,lat->lat,lat,lat,0,0,4,2282,5,1.0,16639,7.291,LO,3,2,2,"[ME.LOL3, PVLP.LOL3] -> LOL3 -> [LO.LOPL3, ME.LOPL3]",ME.LO,3,PVLP.LO,3,LO.LOP,3,ME.LOP,3
314792440,pure_lateral,lat->lat,lat,lat,0,0,4,2282,1,1.0,16820,7.371,LO,3,2,2,"[LO.PLPL3, ME.LOL3] -> LOL3 -> [LO.LOPL3, ME.LOPL3]",LO.PLP,3,ME.LO,3,LO.LOP,3,ME.LOP,3
311214386,mixed,FF->lat,FF,lat,2,0,2,1160,94,1.001,11530,9.94,LO,4,2,2,"[LOL3, ME.LOL3] -> LOL4 -> [LO.PLPL4, LO.SPSL4]",LO,3,ME.LO,3,LO.PLP,4,LO.SPS,4
311102928,mixed,lat->mix,lat,mix,1,0,3,52,1,1.0,2545,48.942,MB_ML,3,2,2,"[MB_CA.CREL3, MB_CA.MB_MLL3] -> MB_MLL3 -> [MB_CA.MB_MLL4, MB_CA.MB_VLL3]",MB_CA.CRE,3,MB_CA.MB_ML,3,MB_CA.MB_ML,4,MB_CA.MB_VL,3
311102928,mixed,mix->lat,mix,lat,0,1,3,52,1,1.0,2545,48.942,MB_ML,3,2,2,"[MB_CA.CREL3, MB_CA.MB_MLL4] -> MB_MLL3 -> [MB_CA.MB_MLL3, MB_CA.MB_VLL3]",MB_CA.CRE,3,MB_CA.MB_ML,4,MB_CA.MB_ML,3,MB_CA.MB_VL,3
311102928,mixed,lat->mix,lat,mix,1,0,3,52,1,1.0,2545,48.942,MB_ML,3,2,2,"[MB_CA.CREL3, MB_CA.MB_VLL3] -> MB_MLL3 -> [MB_CA.MB_MLL3, MB_CA.MB_MLL4]",MB_CA.CRE,3,MB_CA.MB_VL,3,MB_CA.MB_ML,3,MB_CA.MB_ML,4
311102928,mixed,mix->lat,mix,lat,0,1,3,52,1,1.0,2545,48.942,MB_ML,3,2,2,"[MB_CA.MB_MLL3, MB_CA.MB_MLL4] -> MB_MLL3 -> [MB_CA.CREL3, MB_CA.MB_VLL3]",MB_CA.MB_ML,3,MB_CA.MB_ML,4,MB_CA.CRE,3,MB_CA.MB_VL,3
311102928,mixed,lat->mix,lat,mix,1,0,3,52,1,1.0,2545,48.942,MB_ML,3,2,2,"[MB_CA.MB_MLL3, MB_CA.MB_VLL3] -> MB_MLL3 -> [MB_CA.CREL3, MB_CA.MB_MLL4]",MB_CA.MB_ML,3,MB_CA.MB_VL,3,MB_CA.CRE,3,MB_CA.MB_ML,4
311102928,mixed,mix->lat,mix,lat,0,1,3,52,1,1.0,2545,48.942,MB_ML,3,2,2,"[MB_CA.MB_MLL4, MB_CA.MB_VLL3] -> MB_MLL3 -> [MB_CA.CREL3, MB_CA.MB_MLL3]",MB_CA.MB_ML,4,MB_CA.MB_VL,3,MB_CA.CRE,3,MB_CA.MB_ML,3
310733028,mixed,lat->FB,lat,FB,0,2,2,109,3,2.499,21236,194.826,PVLP.LO,4,2,2,"[AVLPL4, LO.PVLPL4] -> PVLP.LOL4 -> [MEL3, ME.LOL3]",AVLP,4,LO.PVLP,4,ME,3,ME.LO,3
309423094,mixed,lat->mix,lat,mix,0,1,3,109,6,2.658,11035,101.239,PVLP.LO,4,2,2,"[LO.PVLPL4, PVLPL4] -> PVLP.LOL4 -> [LOL4, ME.LOL3]",LO.PVLP,4,PVLP,4,LO,4,ME.LO,3
309104250,mixed,mix->mix,mix,mix,2,0,2,1160,16,1.0,10720,9.241,LO,4,2,2,"[ME.LOL3, ME.LOL4] -> LOL4 -> [LO.AOTUL5, LO.PVLPL4]",ME.LO,3,ME.LO,4,LO.AOTU,5,LO.PVLP,4
308746579,mixed,FF->mix,FF,mix,2,1,1,1160,176,1.001,21984,18.952,LO,4,2,2,"[MEL3, ME.LOL3] -> LOL4 -> [LOL3, LO.SPSL4]",ME,3,ME.LO,3,LO,3,LO.SPS,4
308078117,mixed,mix->mix,mix,mix,1,2,1,1160,132,1.001,12225,10.539,LO,4,2,2,"[LOL3, LOL5] -> LOL4 -> [LO.PVLPL4, ME.LOL3]",LO,3,LO,5,LO.PVLP,4,ME.LO,3
307966416,mixed,mix->mix,mix,mix,1,1,2,2282,2,1.963,7988,3.5,LO,3,2,2,"[ME.LOPL3, PVLP.LOL4] -> LOL3 -> [LO.LOPL3, ME.LOPL4]",ME.LOP,3,PVLP.LO,4,LO.LOP,3,ME.LOP,4
306584450,mixed,mix->lat,mix,lat,0,1,3,2282,9,1.781,16713,7.324,LO,3,2,2,"[ME.LOPL3, PVLP.LOL4] -> LOL3 -> [LO.LOPL3, ME.LOL3]",ME.LOP,3,PVLP.LO,4,LO.LOP,3,ME.LO,3
305987982,mixed,FF->mix,FF,mix,3,0,1,1160,13,1.003,14092,12.148,LO,4,2,2,"[LOL3, MEL3] -> LOL4 -> [LO.AOTUL5, LO.PVLPL4]",LO,3,ME,3,LO.AOTU,5,LO.PVLP,4
304295592,mixed,mix->mix,mix,mix,1,1,2,109,3,2.591,10697,98.138,PVLP.LO,4,2,2,"[LO.PVLPL3, LO.PVLPL4] -> PVLP.LOL4 -> [LO.PLPL4, ME.LOL3]",LO.PVLP,3,LO.PVLP,4,LO.PLP,4,ME.LO,3
303294967,mixed,mix->FB,mix,FB,1,2,1,1160,127,1.002,12607,10.868,LO,4,2,2,"[ME.LOL3, ME.LOL4] -> LOL4 -> [LOL3, LO.PVLPL3]",ME.LO,3,ME.LO,4,LO,3,LO.PVLP,3
302742430,mixed,mix->mix,mix,mix,1,1,2,2282,18,1.011,15279,6.695,LO,3,2,2,"[MEL4, ME.LOL3] -> LOL3 -> [LOL4, ME.LOPL3]",ME,4,ME.LO,3,LO,4,ME.LOP,3
302378332,mixed,mix->FB,mix,FB,1,2,1,109,3,2.907,10464,96.0,PVLP.LO,4,2,2,"[GNG.AVLPL3, LO.PVLPL4] -> PVLP.LOL4 -> [LO.PVLPL3, ME.LOL3]",GNG.AVLP,3,LO.PVLP,4,LO.PVLP,3,ME.LO,3
302203440,pure_lateral,lat->lat,lat,lat,0,0,4,1,1,1.0,2442,2442.0,MB_ML.MB_CA,3,2,2,"[MB_CA.MB_PEDL3, PLP.CREL3] -> MB_ML.MB_CAL3 -> [MB_CA.CREL3, MB_CA.MB_MLL3]",MB_CA.MB_PED,3,PLP.CRE,3,MB_CA.CRE,3,MB_CA.MB_ML,3
300241080,pure_lateral,lat->lat,lat,lat,0,0,4,1,1,1.0,2442,2442.0,MB_ML.MB_CA,3,2,2,"[MB_CA.CREL3, PLP.CREL3] -> MB_ML.MB_CAL3 -> [MB_CA.MB_MLL3, MB_CA.MB_PEDL3]",MB_CA.CRE,3,PLP.CRE,3,MB_CA.MB_ML,3,MB_CA.MB_PED,3
300241080,pure_lateral,lat->lat,lat,lat,0,0,4,1,1,1.0,2442,2442.0,MB_ML.MB_CA,3,2,2,"[MB_CA.MB_MLL3, PLP.CREL3] -> MB_ML.MB_CAL3 -> [MB_CA.CREL3, MB_CA.MB_PEDL3]",MB_CA.MB_ML,3,PLP.CRE,3,MB_CA.CRE,3,MB_CA.MB_PED,3
299854892,mixed,FF->lat,FF,lat,2,0,2,1160,17,1.15,20554,17.719,LO,4,2,2,"[MEL3, ME.LOL3] -> LOL4 -> [LO.PVLPL4, PVLP.LOL4]",ME,3,ME.LO,3,LO.PVLP,4,PVLP.LO,4
299604566,mixed,mix->mix,mix,mix,1,1,2,2282,8,1.006,22126,9.696,LO,3,2,2,"[MEL4, ME.LOL3] -> LOL3 -> [LO.LOPL4, MEL3]",ME,4,ME.LO,3,LO.LOP,4,ME,3
296426867,mixed,FF->lat,FF,lat,2,0,2,1160,75,1.009,12074,10.409,LO,4,2,2,"[LOL3, ME.LOL3] -> LOL4 -> [LO.AVLPL4, LO.PVLPL4]",LO,3,ME.LO,3,LO.AVLP,4,LO.PVLP,4
295822396,mixed,mix->mix,mix,mix,1,1,2,2282,2,1.034,14245,6.242,LO,3,2,2,"[ME.LOL3, ME.LOPL4] -> LOL3 -> [LOL4, LO.LOPL3]",ME.LO,3,ME.LOP,4,LO,4,LO.LOP,3
295620778,mixed,FF->mix,FF,mix,3,1,0,1160,118,1.002,12059,10.396,LO,4,2,2,"[LOL3, ME.LOL3] -> LOL4 -> [LOL5, LO.PVLPL3]",LO,3,ME.LO,3,LO,5,LO.PVLP,3
295395497,mixed,mix->lat,mix,lat,0,1,3,2282,7,1.028,25252,11.066,LO,3,2,2,"[LO.LOPL3, MEL4] -> LOL3 -> [MEL3, ME.LOL3]",LO.LOP,3,ME,4,ME,3,ME.LO,3
295035050,mixed,FF->mix,FF,mix,3,0,1,1160,12,1.0,12036,10.376,LO,4,2,2,"[LOL3, ME.LOL3] -> LOL4 -> [LO.ICLL5, LO.PVLPL4]",LO,3,ME.LO,3,LO.ICL,5,LO.PVLP,4
293819432,pure_lateral,lat->lat,lat,lat,0,0,4,52,1,1.0,2555,49.135,MB_ML,3,2,2,"[MB_CA.CREL3, MB_CA.MB_MLL3] -> MB_MLL3 -> [MB_CA.MB_VLL3, PLP.MB_MLL3]",MB_CA.CRE,3,MB_CA.MB_ML,3,MB_CA.MB_VL,3,PLP.MB_ML,3
293819432,pure_lateral,lat->lat,lat,lat,0,0,4,52,1,1.0,2555,49.135,MB_ML,3,2,2,"[MB_CA.CREL3, MB_CA.MB_VLL3] -> MB_MLL3 -> [MB_CA.MB_MLL3, PLP.MB_MLL3]",MB_CA.CRE,3,MB_CA.MB_VL,3,MB_CA.MB_ML,3,PLP.MB_ML,3
293819432,pure_lateral,lat->lat,lat,lat,0,0,4,52,1,1.0,2555,49.135,MB_ML,3,2,2,"[MB_CA.CREL3, PLP.MB_MLL3] -> MB_MLL3 -> [MB_CA.MB_MLL3, MB_CA.MB_VLL3]",MB_CA.CRE,3,PLP.MB_ML,3,MB_CA.MB_ML,3,MB_CA.MB_VL,3
293819432,pure_lateral,lat->lat,lat,lat,0,0,4,52,1,1.0,2555,49.135,MB_ML,3,2,2,"[MB_CA.MB_MLL3, MB_CA.MB_VLL3] -> MB_MLL3 -> [MB_CA.CREL3, PLP.MB_MLL3]",MB_CA.MB_ML,3,MB_CA.MB_VL,3,MB_CA.CRE,3,PLP.MB_ML,3
293819432,pure_lateral,lat->lat,lat,lat,0,0,4,52,1,1.0,2555,49.135,MB_ML,3,2,2,"[MB_CA.MB_MLL3, PLP.MB_MLL3] -> MB_MLL3 -> [MB_CA.CREL3, MB_CA.MB_VLL3]",MB_CA.MB_ML,3,PLP.MB_ML,3,MB_CA.CRE,3,MB_CA.MB_VL,3
293819432,pure_lateral,lat->lat,lat,lat,0,0,4,52,1,1.0,2555,49.135,MB_ML,3,2,2,"[MB_CA.MB_VLL3, PLP.MB_MLL3] -> MB_MLL3 -> [MB_CA.CREL3, MB_CA.MB_MLL3]",MB_CA.MB_VL,3,PLP.MB_ML,3,MB_CA.CRE,3,MB_CA.MB_ML,3
292796062,mixed,mix->mix,mix,mix,1,2,1,1160,4,1.001,12143,10.468,LO,4,2,2,"[LO.SPSL5, ME.LOL3] -> LOL4 -> [LOL3, LO.PVLPL4]",LO.SPS,5,ME.LO,3,LO,3,LO.PVLP,4
292360272,mixed,mix->mix,mix,mix,1,1,2,2282,2,1.009,20668,9.057,LO,3,2,2,"[LO.LOPL4, ME.LOL3] -> LOL3 -> [MEL3, ME.LOPL4]",LO.LOP,4,ME.LO,3,ME,3,ME.LOP,4
289741088,mixed,FB->lat,FB,lat,0,2,2,35,1,1.0,11233,320.943,PVLP.LO,3,2,2,"[AVLPL4, LO.PVLPL4] -> PVLP.LOL3 -> [LO.PVLPL3, ME.LOL3]",AVLP,4,LO.PVLP,4,LO.PVLP,3,ME.LO,3
283858512,mixed,mix->mix,mix,mix,1,1,2,2282,2,1.062,16103,7.057,LO,3,2,2,"[MEL4, ME.LOPL3] -> LOL3 -> [MEL3, ME.LOPL4]",ME,4,ME.LOP,3,ME,3,ME.LOP,4
283269528,mixed,mix->mix,mix,mix,1,1,2,2282,2,1.057,14245,6.242,LO,3,2,2,"[LOL4, ME.LOL3] -> LOL3 -> [LO.LOPL3, ME.LOPL4]",LO,4,ME.LO,3,LO.LOP,3,ME.LOP,4
282056544,pure_lateral,lat->lat,lat,lat,0,0,4,1,1,1.0,2442,2442.0,MB_ML.MB_CA,3,2,2,"[MB_CA.CREL3, MB_CA.MB_PEDL3] -> MB_ML.MB_CAL3 -> [MB_CA.MB_MLL3, PLP.CREL3]",MB_CA.CRE,3,MB_CA.MB_PED,3,MB_CA.MB_ML,3,PLP.CRE,3
282056544,pure_lateral,lat->lat,lat,lat,0,0,4,1,1,1.0,2442,2442.0,MB_ML.MB_CA,3,2,2,"[MB_CA.MB_MLL3, MB_CA.MB_PEDL3] -> MB_ML.MB_CAL3 -> [MB_CA.CREL3, PLP.CREL3]",MB_CA.MB_ML,3,MB_CA.MB_PED,3,MB_CA.CRE,3,PLP.CRE,3
280225008,pure_lateral,lat->lat,lat,lat,0,0,4,1,1,1.0,2442,2442.0,MB_ML.MB_CA,3,2,2,"[MB_CA.CREL3, MB_CA.MB_MLL3] -> MB_ML.MB_CAL3 -> [MB_CA.MB_PEDL3, PLP.CREL3]",MB_CA.CRE,3,MB_CA.MB_ML,3,MB_CA.MB_PED,3,PLP.CRE,3
280056598,mixed,FF->mix,FF,mix,2,1,1,1160,87,1.006,20661,17.811,LO,4,2,2,"[MEL3, ME.LOL3] -> LOL4 -> [LO.PLPL3, LO.PVLPL4]",ME,3,ME.LO,3,LO.PLP,3,LO.PVLP,4
279546913,mixed,FF->mix,FF,mix,3,0,1,1160,93,1.002,20570,17.733,LO,4,2,2,"[MEL3, ME.LOL3] -> LOL4 -> [LO.PVLPL4, LO.SPSL5]",ME,3,ME.LO,3,LO.PVLP,4,LO.SPS,5
279331984,mixed,mix->mix,mix,mix,1,2,1,109,4,2.977,5376,49.321,PVLP.LO,4,2,2,"[AVLPL5, LO.PVLPL3] -> PVLP.LOL4 -> [LOL3, LO.PVLPL4]",AVLP,5,LO.PVLP,3,LO,3,LO.PVLP,4
274172976,pure_lateral,lat->lat,lat,lat,0,0,4,1,1,1.0,2681,2681.0,MB_ML.MB_CA,3,2,2,"[MB_CAL3, MB_CA.MB_PEDL3] -> MB_ML.MB_CAL3 -> [MB_CA.MB_MLL3, MB_CA.MB_VLL3]",MB_CA,3,MB_CA.MB_PED,3,MB_CA.MB_ML,3,MB_CA.MB_VL,3
274172976,pure_lateral,lat->lat,lat,lat,0,0,4,1,1,1.0,2681,2681.0,MB_ML.MB_CA,3,2,2,"[MB_CA.MB_MLL3, MB_CA.MB_PEDL3] -> MB_ML.MB_CAL3 -> [MB_CAL3, MB_CA.MB_VLL3]",MB_CA.MB_ML,3,MB_CA.MB_PED,3,MB_CA,3,MB_CA.MB_VL,3
274172976,pure_lateral,lat->lat,lat,lat,0,0,4,1,1,1.0,2681,2681.0,MB_ML.MB_CA,3,2,2,"[MB_CA.MB_PEDL3, MB_CA.MB_VLL3] -> MB_ML.MB_CAL3 -> [MB_CAL3, MB_CA.MB_MLL3]",MB_CA.MB_PED,3,MB_CA.MB_VL,3,MB_CA,3,MB_CA.MB_ML,3
273859200,mixed,lat->mix,lat,mix,1,0,3,2282,1,1.0,15478,6.783,LO,3,2,2,"[LO.MEL3, MEL3] -> LOL3 -> [LO.LOPL4, ME.LOPL3]",LO.ME,3,ME,3,LO.LOP,4,ME.LOP,3
273102160,mixed,mix->mix,mix,mix,1,1,2,2282,2,1.024,13821,6.057,LO,3,2,2,"[ME.LOL3, ME.LOPL4] -> LOL3 -> [LOL4, ME.LOPL3]",ME.LO,3,ME.LOP,4,LO,4,ME.LOP,3
272986080,pure_lateral,lat->lat,lat,lat,0,0,4,1,1,1.0,2536,2536.0,MB_ML.MB_CA,3,2,2,"[MB_CA.CREL3, PLP.MB_PEDL3] -> MB_ML.MB_CAL3 -> [MB_CA.MB_MLL3, MB_CA.MB_VLL3]",MB_CA.CRE,3,PLP.MB_PED,3,MB_CA.MB_ML,3,MB_CA.MB_VL,3
272986080,pure_lateral,lat->lat,lat,lat,0,0,4,1,1,1.0,2536,2536.0,MB_ML.MB_CA,3,2,2,"[MB_CA.MB_MLL3, PLP.MB_PEDL3] -> MB_ML.MB_CAL3 -> [MB_CA.CREL3, MB_CA.MB_VLL3]",MB_CA.MB_ML,3,PLP.MB_PED,3,MB_CA.CRE,3,MB_CA.MB_VL,3
272986080,pure_lateral,lat->lat,lat,lat,0,0,4,1,1,1.0,2536,2536.0,MB_ML.MB_CA,3,2,2,"[MB_CA.MB_VLL3, PLP.MB_PEDL3] -> MB_ML.MB_CAL3 -> [MB_CA.CREL3, MB_CA.MB_MLL3]",MB_CA.MB_VL,3,PLP.MB_PED,3,MB_CA.CRE,3,MB_CA.MB_ML,3
272392632,pure_lateral,lat->lat,lat,lat,0,0,4,1,1,1.0,2681,2681.0,MB_ML.MB_CA,3,2,2,"[MB_CAL3, MB_CA.MB_MLL3] -> MB_ML.MB_CAL3 -> [MB_CA.MB_PEDL3, MB_CA.MB_VLL3]",MB_CA,3,MB_CA.MB_ML,3,MB_CA.MB_PED,3,MB_CA.MB_VL,3
272392632,pure_lateral,lat->lat,lat,lat,0,0,4,1,1,1.0,2681,2681.0,MB_ML.MB_CA,3,2,2,"[MB_CAL3, MB_CA.MB_VLL3] -> MB_ML.MB_CAL3 -> [MB_CA.MB_MLL3, MB_CA.MB_PEDL3]",MB_CA,3,MB_CA.MB_VL,3,MB_CA.MB_ML,3,MB_CA.MB_PED,3
272392632,pure_lateral,lat->lat,lat,lat,0,0,4,1,1,1.0,2681,2681.0,MB_ML.MB_CA,3,2,2,"[MB_CA.MB_MLL3, MB_CA.MB_VLL3] -> MB_ML.MB_CAL3 -> [MB_CAL3, MB_CA.MB_PEDL3]",MB_CA.MB_ML,3,MB_CA.MB_VL,3,MB_CA,3,MB_CA.MB_PED,3
271337280,mixed,FF->mix,FF,mix,2,1,1,109,3,2.684,10484,96.183,PVLP.LO,4,2,2,"[LO.AVLPL3, LO.PVLPL3] -> PVLP.LOL4 -> [LO.PVLPL4, ME.LOL3]",LO.AVLP,3,LO.PVLP,3,LO.PVLP,4,ME.LO,3
269589072,mixed,mix->mix,mix,mix,1,1,2,2282,2,1.014,20668,9.057,LO,3,2,2,"[ME.LOL3, ME.LOPL4] -> LOL3 -> [LO.LOPL4, MEL3]",ME.LO,3,ME.LOP,4,LO.LOP,4,ME,3
268973844,mixed,mix->lat,mix,lat,0,1,3,2282,2,1.059,23794,10.427,LO,3,2,2,"[LO.LOPL3, ME.LOPL4] -> LOL3 -> [MEL3, ME.LOL3]",LO.LOP,3,ME.LOP,4,ME,3,ME.LO,3
268755202,mixed,mix->mix,mix,mix,1,1,2,1160,13,1.0,10697,9.222,LO,4,2,2,"[LO.PLPL4, ME.LOL3] -> LOL4 -> [LO.PVLPL3, LO.PVLPL4]",LO.PLP,4,ME.LO,3,LO.PVLP,3,LO.PVLP,4
267453312,mixed,mix->lat,mix,lat,0,1,3,35,1,1.0,10495,299.857,PVLP.LO,3,2,2,"[LO.PVLPL4, PVLPL3] -> PVLP.LOL3 -> [LO.PVLPL3, ME.LOL3]",LO.PVLP,4,PVLP,3,LO.PVLP,3,ME.LO,3
267453312,mixed,FB->lat,FB,lat,0,2,2,35,1,1.0,10581,302.314,PVLP.LO,3,2,2,"[LO.PVLPL4, PVLPL4] -> PVLP.LOL3 -> [LO.PVLPL3, ME.LOL3]",LO.PVLP,4,PVLP,4,LO.PVLP,3,ME.LO,3
267411380,mixed,FF->mix,FF,mix,2,1,1,207,10,1.57,2903,14.024,LO,5,2,2,"[LOL4, ME.LOL4] -> LOL5 -> [LO.PVLPL4, LO.PVLPL5]",LO,4,ME.LO,4,LO.PVLP,4,LO.PVLP,5
266529600,mixed,mix->lat,mix,lat,0,1,3,2282,1,1.0,8697,3.811,LO,3,2,2,"[FB.LOL3, LO.LOPL4] -> LOL3 -> [LO.LOPL3, ME.LOPL3]",FB.LO,3,LO.LOP,4,LO.LOP,3,ME.LOP,3
266529600,mixed,FB->lat,FB,lat,0,2,2,2282,1,1.0,8853,3.879,LO,3,2,2,"[LO.LOPL4, LOPL4] -> LOL3 -> [LO.LOPL3, ME.LOPL3]",LO.LOP,4,LOP,4,LO.LOP,3,ME.LOP,3
266356896,mixed,mix->lat,mix,lat,0,1,3,35,1,1.0,12643,361.229,PVLP.LO,3,2,2,"[AVLPL4, LO.PVLPL3] -> PVLP.LOL3 -> [LOL3, ME.LOL3]",AVLP,4,LO.PVLP,3,LO,3,ME.LO,3
265596548,mixed,FF->mix,FF,mix,3,0,1,1160,3,1.002,11484,9.9,LO,4,2,2,"[LOL3, ME.LOL3] -> LOL4 -> [LO.AOTUL5, PVLP.LOL4]",LO,3,ME.LO,3,LO.AOTU,5,PVLP.LO,4
265428299,pure_FF,FF->FF,FF,FF,4,0,0,1160,43,1.0,11500,9.914,LO,4,2,2,"[LOL3, ME.LOL3] -> LOL4 -> [LO.AOTUL5, LO.SPSL5]",LO,3,ME.LO,3,LO.AOTU,5,LO.SPS,5
265405365,mixed,FF->mix,FF,mix,3,1,0,1160,42,1.0,11591,9.992,LO,4,2,2,"[LOL3, ME.LOL3] -> LOL4 -> [LO.AOTUL5, LO.PLPL3]",LO,3,ME.LO,3,LO.AOTU,5,LO.PLP,3
265232396,mixed,mix->mix,mix,mix,1,1,2,2282,3,1.014,15075,6.606,LO,3,2,2,"[LO.LOPL4, ME.LOPL3] -> LOL3 -> [MEL4, ME.LOL3]",LO.LOP,4,ME.LOP,3,ME,4,ME.LO,3
264416627,mixed,mix->mix,mix,mix,2,0,2,1160,32,1.001,10607,9.144,LO,4,2,2,"[ME.LOL3, ME.LOL4] -> LOL4 -> [LO.PVLPL4, LO.PVLPL5]",ME.LO,3,ME.LO,4,LO.PVLP,4,LO.PVLP,5
263966950,mixed,mix->lat,mix,lat,0,1,3,2282,1,1.0,16095,7.053,LO,3,2,2,"[LO.LOPL4, MEL3] -> LOL3 -> [LO.LOPL3, LOP.PLPL3]",LO.LOP,4,ME,3,LO.LOP,3,LOP.PLP,3
262701704,mixed,FF->mix,FF,mix,3,0,1,1160,41,1.011,13979,12.051,LO,4,2,2,"[LOL3, MEL3] -> LOL4 -> [LO.PVLPL4, LO.PVLPL5]",LO,3,ME,3,LO.PVLP,4,LO.PVLP,5
262574534,mixed,lat->mix,lat,mix,1,0,3,2282,2,1.0,16095,7.053,LO,3,2,2,"[LO.LOPL3, MEL3] -> LOL3 -> [LO.LOPL4, LOP.PLPL3]",LO.LOP,3,ME,3,LO.LOP,4,LOP.PLP,3
260608800,mixed,mix->mix,mix,mix,1,1,2,2282,2,1.04,13821,6.057,LO,3,2,2,"[LOL4, ME.LOL3] -> LOL3 -> [ME.LOPL3, ME.LOPL4]",LO,4,ME.LO,3,ME.LOP,3,ME.LOP,4
260309938,mixed,mix->mix,mix,mix,1,1,2,2282,3,1.001,21689,9.504,LO,3,2,2,"[LO.LOPL4, ME.LOL3] -> LOL3 -> [LOL4, MEL3]",LO.LOP,4,ME.LO,3,LO,4,ME,3
259824720,mixed,mix->mix,mix,mix,1,1,2,2282,2,1.253,9476,4.152,LO,3,2,2,"[LO.LOPL3, ME.LOPL4] -> LOL3 -> [MEL4, ME.LOPL3]",LO.LOP,3,ME.LOP,4,ME,4,ME.LOP,3
259336776,pure_lateral,lat->lat,lat,lat,0,0,4,1,1,1.0,2536,2536.0,MB_ML.MB_CA,3,2,2,"[MB_CA.CREL3, MB_CA.MB_MLL3] -> MB_ML.MB_CAL3 -> [MB_CA.MB_VLL3, PLP.MB_PEDL3]",MB_CA.CRE,3,MB_CA.MB_ML,3,MB_CA.MB_VL,3,PLP.MB_PED,3
259336776,pure_lateral,lat->lat,lat,lat,0,0,4,1,1,1.0,2536,2536.0,MB_ML.MB_CA,3,2,2,"[MB_CA.CREL3, MB_CA.MB_VLL3] -> MB_ML.MB_CAL3 -> [MB_CA.MB_MLL3, PLP.MB_PEDL3]",MB_CA.CRE,3,MB_CA.MB_VL,3,MB_CA.MB_ML,3,PLP.MB_PED,3
259336776,pure_lateral,lat->lat,lat,lat,0,0,4,1,1,1.0,2536,2536.0,MB_ML.MB_CA,3,2,2,"[MB_CA.MB_MLL3, MB_CA.MB_VLL3] -> MB_ML.MB_CAL3 -> [MB_CA.CREL3, PLP.MB_PEDL3]",MB_CA.MB_ML,3,MB_CA.MB_VL,3,MB_CA.CRE,3,PLP.MB_PED,3
259078891,mixed,lat->mix,lat,mix,1,0,3,2282,6,1.077,25252,11.066,LO,3,2,2,"[LO.LOPL3, MEL3] -> LOL3 -> [MEL4, ME.LOL3]",LO.LOP,3,ME,3,ME,4,ME.LO,3
258155359,mixed,FF->lat,FF,lat,2,0,2,1160,8,1.0,12028,10.369,LO,4,2,2,"[LOL3, ME.LOL3] -> LOL4 -> [LO.PVLPL4, LO.SLPL4]",LO,3,ME.LO,3,LO.PVLP,4,LO.SLP,4
257965351,mixed,lat->FF,lat,FF,2,0,2,2282,8,1.018,22126,9.696,LO,3,2,2,"[MEL3, ME.LOL3] -> LOL3 -> [LO.LOPL4, MEL4]",ME,3,ME.LO,3,LO.LOP,4,ME,4
257557336,mixed,mix->mix,mix,mix,2,1,1,1160,16,1.0,10172,8.769,LO,4,2,2,"[LOL5, ME.LOL3] -> LOL4 -> [LO.AOTUL5, LO.PVLPL4]",LO,5,ME.LO,3,LO.AOTU,5,LO.PVLP,4
257388459,pure_lateral,lat->lat,lat,lat,0,0,4,2282,8,1.0,18571,8.138,LO,3,2,2,"[LOP.LOL3, ME.LOPL3] -> LOL3 -> [LO.LOPL3, MEL3]",LOP.LO,3,ME.LOP,3,LO.LOP,3,ME,3
257387335,pure_lateral,lat->lat,lat,lat,0,0,4,2282,3,1.0,18484,8.1,LO,3,2,2,"[ME.LOPL3, PVLP.LOL3] -> LOL3 -> [LO.LOPL3, MEL3]",ME.LOP,3,PVLP.LO,3,LO.LOP,3,ME,3
257387008,pure_lateral,lat->lat,lat,lat,0,0,4,2282,1,1.0,18665,8.179,LO,3,2,2,"[LO.PLPL3, ME.LOPL3] -> LOL3 -> [LO.LOPL3, MEL3]",LO.PLP,3,ME.LOP,3,LO.LOP,3,ME,3
255953868,mixed,lat->FF,lat,FF,2,0,2,2282,2,1.17,16103,7.057,LO,3,2,2,"[MEL3, ME.LOPL3] -> LOL3 -> [MEL4, ME.LOPL4]",ME,3,ME.LOP,3,ME,4,ME.LOP,4
255393488,mixed,mix->mix,mix,mix,1,1,2,35,1,1.0,10697,305.629,PVLP.LO,3,2,2,"[LO.PVLPL3, LO.PVLPL4] -> PVLP.LOL3 -> [LO.PLPL4, ME.LOL3]",LO.PVLP,3,LO.PVLP,4,LO.PLP,4,ME.LO,3
252555209,mixed,mix->FB,mix,FB,1,3,0,1160,100,1.001,12059,10.396,LO,4,2,2,"[LOL5, ME.LOL3] -> LOL4 -> [LOL3, LO.PVLPL3]",LO,5,ME.LO,3,LO,3,LO.PVLP,3
248892259,mixed,mix->mix,mix,mix,1,1,2,35,4,1.0,5020,143.429,PVLP.LO,3,2,2,"[LO.PVLPL3, LO.PVLPL4] -> PVLP.LOL3 -> [LOL3, LOL4]",LO.PVLP,3,LO.PVLP,4,LO,3,LO,4
248479870,mixed,mix->mix,mix,mix,1,2,1,109,6,2.985,10887,99.881,PVLP.LO,4,2,2,"[LO.PVLPL3, PVLPL5] -> PVLP.LOL4 -> [LOL4, ME.LOL3]",LO.PVLP,3,PVLP,5,LO,4,ME.LO,3
247790178,mixed,lat->FB,lat,FB,0,2,2,109,3,2.155,10512,96.44,PVLP.LO,4,2,2,"[LO.PVLPL4, PVLP.AVLPL4] -> PVLP.LOL4 -> [LO.PVLPL3, ME.LOL3]",LO.PVLP,4,PVLP.AVLP,4,LO.PVLP,3,ME.LO,3
247083084,mixed,mix->mix,mix,mix,1,1,2,2282,10,1.007,17124,7.504,LO,3,2,2,"[MEL4, ME.LOPL3] -> LOL3 -> [LOL4, MEL3]",ME,4,ME.LOP,3,LO,4,ME,3
246535713,mixed,mix->lat,mix,lat,1,0,3,1160,53,1.001,10746,9.264,LO,4,2,2,"[ME.LOL3, ME.LOL4] -> LOL4 -> [LO.PLPL4, LO.PVLPL4]",ME.LO,3,ME.LO,4,LO.PLP,4,LO.PVLP,4
246398976,mixed,mix->mix,mix,mix,1,1,2,1160,22,1.0,12273,10.58,LO,4,2,2,"[LOL3, LO.PLPL4] -> LOL4 -> [LO.PVLPL4, ME.LOL3]",LO,3,LO.PLP,4,LO.PVLP,4,ME.LO,3
245867904,pure_lateral,lat->lat,lat,lat,0,0,4,35,1,1.0,11905,340.143,PVLP.LO,3,2,2,"[LO.PVLPL3, PVLPL3] -> PVLP.LOL3 -> [LOL3, ME.LOL3]",LO.PVLP,3,PVLP,3,LO,3,ME.LO,3
245867904,mixed,mix->lat,mix,lat,0,1,3,35,1,1.0,11991,342.6,PVLP.LO,3,2,2,"[LO.PVLPL3, PVLPL4] -> PVLP.LOL3 -> [LOL3, ME.LOL3]",LO.PVLP,3,PVLP,4,LO,3,ME.LO,3
244933000,mixed,mix->lat,mix,lat,0,1,3,2282,1,1.0,15671,6.867,LO,3,2,2,"[LO.LOPL4, MEL3] -> LOL3 -> [LOP.PLPL3, ME.LOPL3]",LO.LOP,4,ME,3,LOP.PLP,3,ME.LOP,3
244142608,mixed,FF->lat,FF,lat,2,0,2,1160,52,1.005,14118,12.171,LO,4,2,2,"[LOL3, MEL3] -> LOL4 -> [LO.PLPL4, LO.PVLPL4]",LO,3,ME,3,LO.PLP,4,LO.PVLP,4
243709312,mixed,mix->lat,mix,lat,0,1,3,1,1,1.0,2791,2791.0,MB_ML.MB_CA,3,2,2,"[CREL4, MB_CA.MB_PEDL3] -> MB_ML.MB_CAL3 -> [MB_CA.MB_MLL3, MB_CA.MB_VLL3]",CRE,4,MB_CA.MB_PED,3,MB_CA.MB_ML,3,MB_CA.MB_VL,3
243709312,mixed,mix->lat,mix,lat,0,1,3,1,1,1.0,3596,3596.0,MB_ML.MB_CA,3,2,2,"[MB_CA.MB_PEDL3, SMPL4] -> MB_ML.MB_CAL3 -> [MB_CA.MB_MLL3, MB_CA.MB_VLL3]",MB_CA.MB_PED,3,SMP,4,MB_CA.MB_ML,3,MB_CA.MB_VL,3
243370848,mixed,mix->mix,mix,mix,1,2,1,109,3,2.875,11841,108.633,PVLP.LO,4,2,2,"[AVLPL5, LO.PVLPL3] -> PVLP.LOL4 -> [ME.LOL3, ME.LOL4]",AVLP,5,LO.PVLP,3,ME.LO,3,ME.LO,4
243077112,mixed,mix->FB,mix,FB,1,2,1,109,3,2.914,20418,187.321,PVLP.LO,4,2,2,"[LO.PVLPL3, PVLPL4] -> PVLP.LOL4 -> [MEL3, ME.LOL3]",LO.PVLP,3,PVLP,4,ME,3,ME.LO,3
242126784,mixed,mix->lat,mix,lat,0,1,3,1,1,1.0,2791,2791.0,MB_ML.MB_CA,3,2,2,"[CREL4, MB_CA.MB_MLL3] -> MB_ML.MB_CAL3 -> [MB_CA.MB_PEDL3, MB_CA.MB_VLL3]",CRE,4,MB_CA.MB_ML,3,MB_CA.MB_PED,3,MB_CA.MB_VL,3
242126784,mixed,mix->lat,mix,lat,0,1,3,1,1,1.0,2791,2791.0,MB_ML.MB_CA,3,2,2,"[CREL4, MB_CA.MB_VLL3] -> MB_ML.MB_CAL3 -> [MB_CA.MB_MLL3, MB_CA.MB_PEDL3]",CRE,4,MB_CA.MB_VL,3,MB_CA.MB_ML,3,MB_CA.MB_PED,3
242126784,mixed,mix->lat,mix,lat,0,1,3,1,1,1.0,3596,3596.0,MB_ML.MB_CA,3,2,2,"[MB_CA.MB_MLL3, SMPL4] -> MB_ML.MB_CAL3 -> [MB_CA.MB_PEDL3, MB_CA.MB_VLL3]",MB_CA.MB_ML,3,SMP,4,MB_CA.MB_PED,3,MB_CA.MB_VL,3
242126784,mixed,mix->lat,mix,lat,0,1,3,1,1,1.0,3596,3596.0,MB_ML.MB_CA,3,2,2,"[MB_CA.MB_VLL3, SMPL4] -> MB_ML.MB_CAL3 -> [MB_CA.MB_MLL3, MB_CA.MB_PEDL3]",MB_CA.MB_VL,3,SMP,4,MB_CA.MB_ML,3,MB_CA.MB_PED,3
241888734,mixed,FF->mix,FF,mix,2,1,1,1160,28,1.0,10564,9.107,LO,4,2,2,"[LOP.LOL3, ME.LOL3] -> LOL4 -> [LO.PVLPL3, LO.PVLPL4]",LOP.LO,3,ME.LO,3,LO.PVLP,3,LO.PVLP,4
239978454,mixed,FF->mix,FF,mix,3,0,1,1160,144,1.015,20652,17.803,LO,4,2,2,"[MEL3, ME.LOL3] -> LOL4 -> [LOL5, LO.PVLPL4]",ME,3,ME.LO,3,LO,5,LO.PVLP,4
238394532,mixed,mix->mix,mix,mix,0,2,2,109,6,2.962,11053,101.404,PVLP.LO,4,2,2,"[LO.PVLPL4, PVLPL5] -> PVLP.LOL4 -> [LOL4, ME.LOL3]",LO.PVLP,4,PVLP,5,LO,4,ME.LO,3
238161600,mixed,lat->mix,lat,mix,1,0,3,2282,1,1.0,8697,3.811,LO,3,2,2,"[FB.LOL3, LO.LOPL3] -> LOL3 -> [LO.LOPL4, ME.LOPL3]",FB.LO,3,LO.LOP,3,LO.LOP,4,ME.LOP,3
238161600,mixed,mix->mix,mix,mix,1,1,2,2282,1,1.0,8853,3.879,LO,3,2,2,"[LO.LOPL3, LOPL4] -> LOL3 -> [LO.LOPL4, ME.LOPL3]",LO.LOP,3,LOP,4,LO.LOP,4,ME.LOP,3
235263148,mixed,mix->mix,mix,mix,0,2,2,109,3,2.822,12007,110.156,PVLP.LO,4,2,2,"[AVLPL5, LO.PVLPL4] -> PVLP.LOL4 -> [ME.LOL3, ME.LOL4]",AVLP,5,LO.PVLP,4,ME.LO,3,ME.LO,4
233546832,mixed,lat->FB,lat,FB,0,2,2,109,3,2.888,20584,188.844,PVLP.LO,4,2,2,"[LO.PVLPL4, PVLPL4] -> PVLP.LOL4 -> [MEL3, ME.LOL3]",LO.PVLP,4,PVLP,4,ME,3,ME.LO,3
233115672,mixed,mix->FB,mix,FB,1,2,1,109,3,2.993,10754,98.661,PVLP.LO,4,2,2,"[AVLPL3, LO.PVLPL4] -> PVLP.LOL4 -> [LO.PVLPL3, ME.LOL3]",AVLP,3,LO.PVLP,4,LO.PVLP,3,ME.LO,3
232288995,mixed,mix->mix,mix,mix,2,1,1,1160,42,1.0,12130,10.457,LO,4,2,2,"[ME.LOL3, ME.LOL4] -> LOL4 -> [LOL3, LO.AOTUL5]",ME.LO,3,ME.LO,4,LO,3,LO.AOTU,5
232038168,mixed,lat->mix,lat,mix,1,0,3,1,1,1.0,2552,2552.0,MB_ML.MB_CA,3,2,2,"[MB_CA.CREL3, MB_CA.MB_MLL3] -> MB_ML.MB_CAL3 -> [MB_CA.MB_VLL3, PLP.CREL4]",MB_CA.CRE,3,MB_CA.MB_ML,3,MB_CA.MB_VL,3,PLP.CRE,4
232038168,mixed,lat->mix,lat,mix,1,0,3,1,1,1.0,2552,2552.0,MB_ML.MB_CA,3,2,2,"[MB_CA.CREL3, MB_CA.MB_VLL3] -> MB_ML.MB_CAL3 -> [MB_CA.MB_MLL3, PLP.CREL4]",MB_CA.CRE,3,MB_CA.MB_VL,3,MB_CA.MB_ML,3,PLP.CRE,4
232038168,mixed,mix->lat,mix,lat,0,1,3,1,1,1.0,2552,2552.0,MB_ML.MB_CA,3,2,2,"[MB_CA.CREL3, PLP.CREL4] -> MB_ML.MB_CAL3 -> [MB_CA.MB_MLL3, MB_CA.MB_VLL3]",MB_CA.CRE,3,PLP.CRE,4,MB_CA.MB_ML,3,MB_CA.MB_VL,3
232038168,mixed,lat->mix,lat,mix,1,0,3,1,1,1.0,2552,2552.0,MB_ML.MB_CA,3,2,2,"[MB_CA.MB_MLL3, MB_CA.MB_VLL3] -> MB_ML.MB_CAL3 -> [MB_CA.CREL3, PLP.CREL4]",MB_CA.MB_ML,3,MB_CA.MB_VL,3,MB_CA.CRE,3,PLP.CRE,4
232038168,mixed,mix->lat,mix,lat,0,1,3,1,1,1.0,2552,2552.0,MB_ML.MB_CA,3,2,2,"[MB_CA.MB_MLL3, PLP.CREL4] -> MB_ML.MB_CAL3 -> [MB_CA.CREL3, MB_CA.MB_VLL3]",MB_CA.MB_ML,3,PLP.CRE,4,MB_CA.CRE,3,MB_CA.MB_VL,3
232038168,mixed,mix->lat,mix,lat,0,1,3,1,1,1.0,2552,2552.0,MB_ML.MB_CA,3,2,2,"[MB_CA.MB_VLL3, PLP.CREL4] -> MB_ML.MB_CAL3 -> [MB_CA.CREL3, MB_CA.MB_MLL3]",MB_CA.MB_VL,3,PLP.CRE,4,MB_CA.CRE,3,MB_CA.MB_ML,3
231489696,mixed,mix->mix,mix,mix,1,1,2,2282,2,1.089,14258,6.248,LO,3,2,2,"[MEL4, ME.LOPL3] -> LOL3 -> [ME.LOL3, ME.LOPL4]",ME,4,ME.LOP,3,ME.LO,3,ME.LOP,4
227519540,mixed,FF->mix,FF,mix,3,0,1,1160,9,1.005,11371,9.803,LO,4,2,2,"[LOL3, ME.LOL3] -> LOL4 -> [LO.PVLPL5, PVLP.LOL4]",LO,3,ME.LO,3,LO.PVLP,5,PVLP.LO,4
226962057,mixed,FF->mix,FF,mix,3,1,0,1160,36,1.0,11478,9.895,LO,4,2,2,"[LOL3, ME.LOL3] -> LOL4 -> [LO.PLPL3, LO.PVLPL5]",LO,3,ME.LO,3,LO.PLP,3,LO.PVLP,5
226956403,pure_FF,FF->FF,FF,FF,4,0,0,1160,37,1.0,11387,9.816,LO,4,2,2,"[LOL3, ME.LOL3] -> LOL4 -> [LO.PVLPL5, LO.SPSL5]",LO,3,ME.LO,3,LO.PVLP,5,LO.SPS,5
226878364,mixed,mix->mix,mix,mix,1,1,2,2282,3,1.003,21689,9.504,LO,3,2,2,"[LOL4, ME.LOL3] -> LOL3 -> [LO.LOPL4, MEL3]",LO,4,ME.LO,3,LO.LOP,4,ME,3
226465885,pure_FF,FF->FF,FF,FF,4,0,0,1160,71,1.001,11582,9.984,LO,4,2,2,"[LOL3, ME.LOL3] -> LOL4 -> [LOL5, LO.AOTUL5]",LO,3,ME.LO,3,LO,5,LO.AOTU,5
226236192,mixed,FB->lat,FB,lat,0,2,2,35,1,1.0,12809,365.971,PVLP.LO,3,2,2,"[AVLPL4, LO.PVLPL4] -> PVLP.LOL3 -> [LOL3, ME.LOL3]",AVLP,4,LO.PVLP,4,LO,3,ME.LO,3
225504144,mixed,FB->mix,FB,mix,0,3,1,109,3,2.946,11418,104.752,PVLP.LO,4,2,2,"[AVLPL5, PVLP.AVLPL5] -> PVLP.LOL4 -> [LO.PVLPL4, ME.LOL3]",AVLP,5,PVLP.AVLP,5,LO.PVLP,4,ME.LO,3
224928440,mixed,FB->lat,FB,lat,0,2,2,2282,2,1.821,7988,3.5,LO,3,2,2,"[ME.LOPL4, PVLP.LOL4] -> LOL3 -> [LO.LOPL3, ME.LOPL3]",ME.LOP,4,PVLP.LO,4,LO.LOP,3,ME.LOP,3
224479591,mixed,FF->FB,FF,FB,2,2,0,207,7,1.046,2944,14.222,LO,5,2,2,"[LOL4, ME.LOL4] -> LOL5 -> [LO.AOTUL4, LO.PVLPL4]",LO,4,ME.LO,4,LO.AOTU,4,LO.PVLP,4
224029964,mixed,mix->lat,mix,lat,1,0,3,1160,92,1.001,10620,9.155,LO,4,2,2,"[ME.LOL3, ME.LOL4] -> LOL4 -> [LO.PVLPL4, LO.SPSL4]",ME.LO,3,ME.LO,4,LO.PVLP,4,LO.SPS,4
223230036,mixed,mix->mix,mix,mix,1,1,2,2282,2,1.012,17344,7.6,LO,3,2,2,"[LO.LOPL3, LO.LOPL4] -> LOL3 -> [MEL3, MEL4]",LO.LOP,3,LO.LOP,4,ME,3,ME,4
222458320,mixed,mix->mix,mix,mix,1,1,2,2282,2,1.016,15666,6.865,LO,3,2,2,"[ME.LOPL3, ME.LOPL4] -> LOL3 -> [LOL4, MEL3]",ME.LOP,3,ME.LOP,4,LO,4,ME,3
222368686,mixed,mix->lat,mix,lat,0,1,3,2282,8,1.012,24815,10.874,LO,3,2,2,"[LOL4, LO.LOPL3] -> LOL3 -> [MEL3, ME.LOL3]",LO,4,LO.LOP,3,ME,3,ME.LO,3
221764529,mixed,FF->mix,FF,mix,2,1,1,1160,52,1.0,12140,10.466,LO,4,2,2,"[LOL3, LOP.LOL3] -> LOL4 -> [LO.PVLPL4, ME.LOL3]",LO,3,LOP.LO,3,LO.PVLP,4,ME.LO,3
221572991,mixed,FF->lat,FF,lat,2,0,2,1160,97,1.001,13992,12.062,LO,4,2,2,"[LOL3, MEL3] -> LOL4 -> [LO.PVLPL4, LO.SPSL4]",LO,3,ME,3,LO.PVLP,4,LO.SPS,4
221385815,mixed,FF->mix,FF,mix,2,1,1,1160,12,1.001,12173,10.494,LO,4,2,2,"[LOL3, ME.LOL3] -> LOL4 -> [LO.MEL3, LO.PVLPL4]",LO,3,ME.LO,3,LO.ME,3,LO.PVLP,4
221316961,mixed,FF->mix,FF,mix,2,1,1,1160,62,1.0,12060,10.397,LO,4,2,2,"[LOL3, ME.LOL3] -> LOL4 -> [LO.AVLPL3, LO.PVLPL4]",LO,3,ME.LO,3,LO.AVLP,3,LO.PVLP,4
221312773,mixed,FF->mix,FF,mix,3,0,1,1160,58,1.0,12069,10.404,LO,4,2,2,"[LOL3, ME.LOL3] -> LOL4 -> [LO.PLPL5, LO.PVLPL4]",LO,3,ME.LO,3,LO.PLP,5,LO.PVLP,4
221279585,mixed,FF->lat,FF,lat,2,0,2,1160,24,1.0,12032,10.372,LO,4,2,2,"[LOL3, ME.LOL3] -> LOL4 -> [LO.ICLL4, LO.PVLPL4]",LO,3,ME.LO,3,LO.ICL,4,LO.PVLP,4
221013130,mixed,FF->mix,FF,mix,2,1,1,109,6,2.995,10783,98.927,PVLP.LO,4,2,2,"[LO.PVLPL3, PVLPL3] -> PVLP.LOL4 -> [LOL4, ME.LOL3]",LO.PVLP,3,PVLP,3,LO,4,ME.LO,3
220232903,mixed,mix->mix,mix,mix,2,1,1,1160,23,1.0,10059,8.672,LO,4,2,2,"[LOL5, ME.LOL3] -> LOL4 -> [LO.PVLPL4, LO.PVLPL5]",LO,5,ME.LO,3,LO.PVLP,4,LO.PVLP,5
219241381,mixed,FF->mix,FF,mix,2,1,1,207,9,1.161,3016,14.57,LO,5,2,2,"[LOL4, ME.LOL4] -> LOL5 -> [LO.AOTUL5, LO.PVLPL4]",LO,4,ME.LO,4,LO.AOTU,5,LO.PVLP,4
218908704,mixed,mix->mix,mix,mix,1,1,2,35,1,1.0,10581,302.314,PVLP.LO,3,2,2,"[LO.PVLPL3, LO.PVLPL4] -> PVLP.LOL3 -> [ME.LOL3, PVLPL4]",LO.PVLP,3,LO.PVLP,4,ME.LO,3,PVLP,4
217918418,mixed,mix->mix,mix,mix,1,1,2,1160,100,1.005,4615,3.978,LO,4,2,2,"[LOL3, ME.LOL4] -> LOL4 -> [LO.PVLPL3, LO.PVLPL4]",LO,3,ME.LO,4,LO.PVLP,3,LO.PVLP,4
215664085,mixed,FF->mix,FF,mix,2,1,1,1160,12,1.006,10658,9.188,LO,4,2,2,"[LO.PLPL3, ME.LOL3] -> LOL4 -> [LO.PVLPL3, LO.PVLPL4]",LO.PLP,3,ME.LO,3,LO.PVLP,3,LO.PVLP,4
214261701,mixed,FF->FB,FF,FB,2,2,0,1160,64,1.004,22561,19.449,LO,4,2,2,"[LOL3, ME.LOL3] -> LOL4 -> [LO.PVLPL3, MEL3]",LO,3,ME.LO,3,LO.PVLP,3,ME,3
213893153,mixed,FF->mix,FF,mix,2,1,1,1160,16,1.039,21964,18.934,LO,4,2,2,"[MEL3, ME.LOL3] -> LOL4 -> [LOL3, PVLP.LOL4]",ME,3,ME.LO,3,LO,3,PVLP.LO,4
213148821,pure_lateral,lat->lat,lat,lat,0,0,4,2282,3,1.0,16952,7.429,LO,3,2,2,"[ME.LOL3, ME.LOPL3] -> LOL3 -> [LO.LOPL3, LOP.PLPL3]",ME.LO,3,ME.LOP,3,LO.LOP,3,LOP.PLP,3
212938359,mixed,lat->FF,lat,FF,2,0,2,2282,11,1.021,17124,7.504,LO,3,2,2,"[MEL3, ME.LOPL3] -> LOL3 -> [LOL4, MEL4]",ME,3,ME.LOP,3,LO,4,ME,4
212050736,mixed,mix->mix,mix,mix,1,1,2,2282,2,1.0,15904,6.969,LO,3,2,2,"[LOPL4, MEL3] -> LOL3 -> [LO.LOPL3, LO.LOPL4]",LOP,4,ME,3,LO.LOP,3,LO.LOP,4
212050700,mixed,lat->mix,lat,mix,1,0,3,2282,1,1.0,15748,6.901,LO,3,2,2,"[FB.LOL3, MEL3] -> LOL3 -> [LO.LOPL3, LO.LOPL4]",FB.LO,3,ME,3,LO.LOP,3,LO.LOP,4
211818002,mixed,mix->mix,mix,mix,1,1,2,109,5,2.977,10949,100.45,PVLP.LO,4,2,2,"[LO.PVLPL4, PVLPL3] -> PVLP.LOL4 -> [LOL4, ME.LOL3]",LO.PVLP,4,PVLP,3,LO,4,ME.LO,3
211806361,mixed,FF->mix,FF,mix,3,0,1,1160,75,1.002,11526,9.936,LO,4,2,2,"[LOL3, ME.LOL3] -> LOL4 -> [LO.PLPL4, LO.SPSL5]",LO,3,ME.LO,3,LO.PLP,4,LO.SPS,5
211754647,mixed,FF->lat,FF,lat,2,0,2,1160,5,1.002,11510,9.922,LO,4,2,2,"[LOL3, ME.LOL3] -> LOL4 -> [LO.PLPL4, PVLP.LOL4]",LO,3,ME.LO,3,LO.PLP,4,PVLP.LO,4
211731312,mixed,mix->mix,mix,mix,1,1,2,2282,2,1.027,15666,6.865,LO,3,2,2,"[LOL4, ME.LOPL3] -> LOL3 -> [MEL3, ME.LOPL4]",LO,4,ME.LOP,3,ME,3,ME.LOP,4
211627367,mixed,FF->mix,FF,mix,2,1,1,1160,84,1.001,11617,10.015,LO,4,2,2,"[LOL3, ME.LOL3] -> LOL4 -> [LO.PLPL3, LO.PLPL4]",LO,3,ME.LO,3,LO.PLP,3,LO.PLP,4
211601556,mixed,mix->mix,mix,mix,2,1,1,109,5,2.567,10599,97.239,PVLP.LO,4,2,2,"[LO.PVLPL3, LO.PVLPL4] -> PVLP.LOL4 -> [ME.LOL3, PVLPL5]",LO.PVLP,3,LO.PVLP,4,ME.LO,3,PVLP,5
210082084,mixed,FF->FB,FF,FB,2,2,0,1160,141,1.002,22071,19.027,LO,4,2,2,"[MEL3, ME.LOL3] -> LOL4 -> [LOL3, LO.PLPL3]",ME,3,ME.LO,3,LO,3,LO.PLP,3
210030647,mixed,FF->mix,FF,mix,3,1,0,1160,150,1.002,21980,18.948,LO,4,2,2,"[MEL3, ME.LOL3] -> LOL4 -> [LOL3, LO.SPSL5]",ME,3,ME.LO,3,LO,3,LO.SPS,5
208833408,mixed,mix->lat,mix,lat,0,1,3,35,1,1.0,12071,344.886,PVLP.LO,3,2,2,"[LO.PVLPL4, PVLPL3] -> PVLP.LOL3 -> [LOL3, ME.LOL3]",LO.PVLP,4,PVLP,3,LO,3,ME.LO,3
208833408,mixed,FB->lat,FB,lat,0,2,2,35,1,1.0,12157,347.343,PVLP.LO,3,2,2,"[LO.PVLPL4, PVLPL4] -> PVLP.LOL3 -> [LOL3, ME.LOL3]",LO.PVLP,4,PVLP,4,LO,3,ME.LO,3
208254916,mixed,mix->lat,mix,lat,0,1,3,2282,4,1.529,18558,8.132,LO,3,2,2,"[LO.LOPL3, PVLP.LOL4] -> LOL3 -> [MEL3, ME.LOPL3]",LO.LOP,3,PVLP.LO,4,ME,3,ME.LOP,3
207894480,mixed,mix->mix,mix,mix,1,1,2,109,3,2.873,10498,96.312,PVLP.LO,4,2,2,"[LO.AVLPL4, LO.PVLPL3] -> PVLP.LOL4 -> [LO.PVLPL4, ME.LOL3]",LO.AVLP,4,LO.PVLP,3,LO.PVLP,4,ME.LO,3
207117890,pure_lateral,lat->lat,lat,lat,0,0,4,2282,8,1.0,16726,7.33,LO,3,2,2,"[LOP.LOL3, ME.LOPL3] -> LOL3 -> [LO.LOPL3, ME.LOL3]",LOP.LO,3,ME.LOP,3,LO.LOP,3,ME.LO,3
207116480,pure_lateral,lat->lat,lat,lat,0,0,4,2282,3,1.0,16639,7.291,LO,3,2,2,"[ME.LOPL3, PVLP.LOL3] -> LOL3 -> [LO.LOPL3, ME.LOL3]",ME.LOP,3,PVLP.LO,3,LO.LOP,3,ME.LO,3
207116108,pure_lateral,lat->lat,lat,lat,0,0,4,2282,1,1.0,16820,7.371,LO,3,2,2,"[LO.PLPL3, ME.LOPL3] -> LOL3 -> [LO.LOPL3, ME.LOL3]",LO.PLP,3,ME.LOP,3,LO.LOP,3,ME.LO,3
206045340,mixed,mix->mix,mix,mix,2,0,2,1160,4,1.0,10220,8.81,LO,4,2,2,"[LO.PLPL4, ME.LOL3] -> LOL4 -> [LO.AOTUL5, LO.PVLPL4]",LO.PLP,4,ME.LO,3,LO.AOTU,5,LO.PVLP,4
205813152,mixed,mix->lat,mix,lat,0,1,3,52,1,1.0,2325,44.712,MB_ML,3,2,2,"[MB_CA.MB_MLL3, MB_CA.MB_MLL4] -> MB_MLL3 -> [MB_CA.MB_PEDL3, PLP.MB_MLL3]",MB_CA.MB_ML,3,MB_CA.MB_ML,4,MB_CA.MB_PED,3,PLP.MB_ML,3
205813152,mixed,lat->mix,lat,mix,1,0,3,52,1,1.0,2325,44.712,MB_ML,3,2,2,"[MB_CA.MB_MLL3, MB_CA.MB_PEDL3] -> MB_MLL3 -> [MB_CA.MB_MLL4, PLP.MB_MLL3]",MB_CA.MB_ML,3,MB_CA.MB_PED,3,MB_CA.MB_ML,4,PLP.MB_ML,3
205813152,mixed,lat->mix,lat,mix,1,0,3,52,1,1.0,2325,44.712,MB_ML,3,2,2,"[MB_CA.MB_MLL3, PLP.MB_MLL3] -> MB_MLL3 -> [MB_CA.MB_MLL4, MB_CA.MB_PEDL3]",MB_CA.MB_ML,3,PLP.MB_ML,3,MB_CA.MB_ML,4,MB_CA.MB_PED,3
205813152,mixed,mix->lat,mix,lat,0,1,3,52,1,1.0,2325,44.712,MB_ML,3,2,2,"[MB_CA.MB_MLL4, MB_CA.MB_PEDL3] -> MB_MLL3 -> [MB_CA.MB_MLL3, PLP.MB_MLL3]",MB_CA.MB_ML,4,MB_CA.MB_PED,3,MB_CA.MB_ML,3,PLP.MB_ML,3
205813152,mixed,mix->lat,mix,lat,0,1,3,52,1,1.0,2325,44.712,MB_ML,3,2,2,"[MB_CA.MB_MLL4, PLP.MB_MLL3] -> MB_MLL3 -> [MB_CA.MB_MLL3, MB_CA.MB_PEDL3]",MB_CA.MB_ML,4,PLP.MB_ML,3,MB_CA.MB_ML,3,MB_CA.MB_PED,3
205813152,mixed,lat->mix,lat,mix,1,0,3,52,1,1.0,2325,44.712,MB_ML,3,2,2,"[MB_CA.MB_PEDL3, PLP.MB_MLL3] -> MB_MLL3 -> [MB_CA.MB_MLL3, MB_CA.MB_MLL4]",MB_CA.MB_PED,3,PLP.MB_ML,3,MB_CA.MB_ML,3,MB_CA.MB_ML,4
205307596,mixed,mix->lat,mix,lat,1,1,2,1160,46,1.0,10198,8.791,LO,4,2,2,"[LOL5, ME.LOL3] -> LOL4 -> [LO.PLPL4, LO.PVLPL4]",LO,5,ME.LO,3,LO.PLP,4,LO.PVLP,4
205140560,pure_lateral,lat->lat,lat,lat,0,0,4,52,1,1.0,2442,46.962,MB_ML,3,2,2,"[MB_CA.CREL3, MB_CA.MB_MLL3] -> MB_MLL3 -> [MB_CA.MB_PEDL3, PLP.CREL3]",MB_CA.CRE,3,MB_CA.MB_ML,3,MB_CA.MB_PED,3,PLP.CRE,3
205140560,pure_lateral,lat->lat,lat,lat,0,0,4,52,1,1.0,2389,45.942,MB_ML,3,2,2,"[MB_CA.CREL3, MB_CA.MB_MLL3] -> MB_MLL3 -> [MB_CA.MB_PEDL3, SCL.MB_MLL3]",MB_CA.CRE,3,MB_CA.MB_ML,3,MB_CA.MB_PED,3,SCL.MB_ML,3
205140560,pure_lateral,lat->lat,lat,lat,0,0,4,52,1,1.0,2442,46.962,MB_ML,3,2,2,"[MB_CA.CREL3, MB_CA.MB_PEDL3] -> MB_MLL3 -> [MB_CA.MB_MLL3, PLP.CREL3]",MB_CA.CRE,3,MB_CA.MB_PED,3,MB_CA.MB_ML,3,PLP.CRE,3
205140560,pure_lateral,lat->lat,lat,lat,0,0,4,52,1,1.0,2389,45.942,MB_ML,3,2,2,"[MB_CA.CREL3, MB_CA.MB_PEDL3] -> MB_MLL3 -> [MB_CA.MB_MLL3, SCL.MB_MLL3]",MB_CA.CRE,3,MB_CA.MB_PED,3,MB_CA.MB_ML,3,SCL.MB_ML,3
205140560,pure_lateral,lat->lat,lat,lat,0,0,4,52,1,1.0,2442,46.962,MB_ML,3,2,2,"[MB_CA.CREL3, PLP.CREL3] -> MB_MLL3 -> [MB_CA.MB_MLL3, MB_CA.MB_PEDL3]",MB_CA.CRE,3,PLP.CRE,3,MB_CA.MB_ML,3,MB_CA.MB_PED,3
205140560,pure_lateral,lat->lat,lat,lat,0,0,4,52,1,1.0,2389,45.942,MB_ML,3,2,2,"[MB_CA.CREL3, SCL.MB_MLL3] -> MB_MLL3 -> [MB_CA.MB_MLL3, MB_CA.MB_PEDL3]",MB_CA.CRE,3,SCL.MB_ML,3,MB_CA.MB_ML,3,MB_CA.MB_PED,3
205140560,pure_lateral,lat->lat,lat,lat,0,0,4,52,1,1.0,2442,46.962,MB_ML,3,2,2,"[MB_CA.MB_MLL3, MB_CA.MB_PEDL3] -> MB_MLL3 -> [MB_CA.CREL3, PLP.CREL3]",MB_CA.MB_ML,3,MB_CA.MB_PED,3,MB_CA.CRE,3,PLP.CRE,3
205140560,pure_lateral,lat->lat,lat,lat,0,0,4,52,1,1.0,2389,45.942,MB_ML,3,2,2,"[MB_CA.MB_MLL3, MB_CA.MB_PEDL3] -> MB_MLL3 -> [MB_CA.CREL3, SCL.MB_MLL3]",MB_CA.MB_ML,3,MB_CA.MB_PED,3,MB_CA.CRE,3,SCL.MB_ML,3
205140560,pure_lateral,lat->lat,lat,lat,0,0,4,52,1,1.0,2442,46.962,MB_ML,3,2,2,"[MB_CA.MB_MLL3, PLP.CREL3] -> MB_MLL3 -> [MB_CA.CREL3, MB_CA.MB_PEDL3]",MB_CA.MB_ML,3,PLP.CRE,3,MB_CA.CRE,3,MB_CA.MB_PED,3
205140560,pure_lateral,lat->lat,lat,lat,0,0,4,52,1,1.0,2389,45.942,MB_ML,3,2,2,"[MB_CA.MB_MLL3, SCL.MB_MLL3] -> MB_MLL3 -> [MB_CA.CREL3, MB_CA.MB_PEDL3]",MB_CA.MB_ML,3,SCL.MB_ML,3,MB_CA.CRE,3,MB_CA.MB_PED,3
205140560,pure_lateral,lat->lat,lat,lat,0,0,4,52,1,1.0,2442,46.962,MB_ML,3,2,2,"[MB_CA.MB_PEDL3, PLP.CREL3] -> MB_MLL3 -> [MB_CA.CREL3, MB_CA.MB_MLL3]",MB_CA.MB_PED,3,PLP.CRE,3,MB_CA.CRE,3,MB_CA.MB_ML,3
205140560,pure_lateral,lat->lat,lat,lat,0,0,4,52,1,1.0,2389,45.942,MB_ML,3,2,2,"[MB_CA.MB_PEDL3, SCL.MB_MLL3] -> MB_MLL3 -> [MB_CA.CREL3, MB_CA.MB_MLL3]",MB_CA.MB_PED,3,SCL.MB_ML,3,MB_CA.CRE,3,MB_CA.MB_ML,3
204739560,pure_lateral,lat->lat,lat,lat,0,0,4,1,1,1.0,2555,2555.0,MB_ML.MB_CA,3,2,2,"[MB_CA.CREL3, MB_CA.MB_MLL3] -> MB_ML.MB_CAL3 -> [MB_CA.MB_VLL3, PLP.MB_MLL3]",MB_CA.CRE,3,MB_CA.MB_ML,3,MB_CA.MB_VL,3,PLP.MB_ML,3
204739560,pure_lateral,lat->lat,lat,lat,0,0,4,1,1,1.0,2555,2555.0,MB_ML.MB_CA,3,2,2,"[MB_CA.CREL3, MB_CA.MB_VLL3] -> MB_ML.MB_CAL3 -> [MB_CA.MB_MLL3, PLP.MB_MLL3]",MB_CA.CRE,3,MB_CA.MB_VL,3,MB_CA.MB_ML,3,PLP.MB_ML,3
204739560,pure_lateral,lat->lat,lat,lat,0,0,4,1,1,1.0,2558,2558.0,MB_ML.MB_CA,3,2,2,"[MB_CA.CREL3, MB_MLL3] -> MB_ML.MB_CAL3 -> [MB_CA.MB_MLL3, MB_CA.MB_VLL3]",MB_CA.CRE,3,MB_ML,3,MB_CA.MB_ML,3,MB_CA.MB_VL,3
204739560,pure_lateral,lat->lat,lat,lat,0,0,4,1,1,1.0,2555,2555.0,MB_ML.MB_CA,3,2,2,"[MB_CA.CREL3, PLP.MB_MLL3] -> MB_ML.MB_CAL3 -> [MB_CA.MB_MLL3, MB_CA.MB_VLL3]",MB_CA.CRE,3,PLP.MB_ML,3,MB_CA.MB_ML,3,MB_CA.MB_VL,3
204739560,mixed,mix->lat,mix,lat,0,1,3,1,1,1.0,2531,2531.0,MB_ML.MB_CA,3,2,2,"[MB_CA.CREL3, PLP.MB_PEDL4] -> MB_ML.MB_CAL3 -> [MB_CA.MB_MLL3, MB_CA.MB_VLL3]",MB_CA.CRE,3,PLP.MB_PED,4,MB_CA.MB_ML,3,MB_CA.MB_VL,3
204739560,pure_lateral,lat->lat,lat,lat,0,0,4,1,1,1.0,2555,2555.0,MB_ML.MB_CA,3,2,2,"[MB_CA.MB_MLL3, MB_CA.MB_VLL3] -> MB_ML.MB_CAL3 -> [MB_CA.CREL3, PLP.MB_MLL3]",MB_CA.MB_ML,3,MB_CA.MB_VL,3,MB_CA.CRE,3,PLP.MB_ML,3
204739560,pure_lateral,lat->lat,lat,lat,0,0,4,1,1,1.0,2558,2558.0,MB_ML.MB_CA,3,2,2,"[MB_CA.MB_MLL3, MB_MLL3] -> MB_ML.MB_CAL3 -> [MB_CA.CREL3, MB_CA.MB_VLL3]",MB_CA.MB_ML,3,MB_ML,3,MB_CA.CRE,3,MB_CA.MB_VL,3
204739560,pure_lateral,lat->lat,lat,lat,0,0,4,1,1,1.0,2555,2555.0,MB_ML.MB_CA,3,2,2,"[MB_CA.MB_MLL3, PLP.MB_MLL3] -> MB_ML.MB_CAL3 -> [MB_CA.CREL3, MB_CA.MB_VLL3]",MB_CA.MB_ML,3,PLP.MB_ML,3,MB_CA.CRE,3,MB_CA.MB_VL,3
204739560,mixed,mix->lat,mix,lat,0,1,3,1,1,1.0,2531,2531.0,MB_ML.MB_CA,3,2,2,"[MB_CA.MB_MLL3, PLP.MB_PEDL4] -> MB_ML.MB_CAL3 -> [MB_CA.CREL3, MB_CA.MB_VLL3]",MB_CA.MB_ML,3,PLP.MB_PED,4,MB_CA.CRE,3,MB_CA.MB_VL,3
204739560,pure_lateral,lat->lat,lat,lat,0,0,4,1,1,1.0,2558,2558.0,MB_ML.MB_CA,3,2,2,"[MB_CA.MB_VLL3, MB_MLL3] -> MB_ML.MB_CAL3 -> [MB_CA.CREL3, MB_CA.MB_MLL3]",MB_CA.MB_VL,3,MB_ML,3,MB_CA.CRE,3,MB_CA.MB_ML,3
204739560,pure_lateral,lat->lat,lat,lat,0,0,4,1,1,1.0,2555,2555.0,MB_ML.MB_CA,3,2,2,"[MB_CA.MB_VLL3, PLP.MB_MLL3] -> MB_ML.MB_CAL3 -> [MB_CA.CREL3, MB_CA.MB_MLL3]",MB_CA.MB_VL,3,PLP.MB_ML,3,MB_CA.CRE,3,MB_CA.MB_ML,3
204739560,mixed,mix->lat,mix,lat,0,1,3,1,1,1.0,2531,2531.0,MB_ML.MB_CA,3,2,2,"[MB_CA.MB_VLL3, PLP.MB_PEDL4] -> MB_ML.MB_CAL3 -> [MB_CA.CREL3, MB_CA.MB_MLL3]",MB_CA.MB_VL,3,PLP.MB_PED,4,MB_CA.CRE,3,MB_CA.MB_ML,3
203152268,mixed,mix->FB,mix,FB,0,3,1,109,4,2.934,5376,49.321,PVLP.LO,4,2,2,"[AVLPL5, LO.PVLPL4] -> PVLP.LOL4 -> [LOL3, LO.PVLPL3]",AVLP,5,LO.PVLP,4,LO,3,LO.PVLP,3
201980446,mixed,mix->FB,mix,FB,1,2,1,1160,15,1.0,12107,10.437,LO,4,2,2,"[LO.PLPL4, ME.LOL3] -> LOL4 -> [LOL3, LO.PVLPL3]",LO.PLP,4,ME.LO,3,LO,3,LO.PVLP,3
200463862,mixed,mix->lat,mix,lat,1,1,2,109,5,2.73,4254,39.028,PVLP.LO,4,2,2,"[AVLPL5, LO.PVLPL3] -> PVLP.LOL4 -> [LOL4, LO.PVLPL4]",AVLP,5,LO.PVLP,3,LO,4,LO.PVLP,4
199947120,mixed,mix->mix,mix,mix,1,1,2,2282,2,1.053,10497,4.6,LO,3,2,2,"[LOL4, LO.LOPL3] -> LOL3 -> [MEL4, ME.LOPL3]",LO,4,LO.LOP,3,ME,4,ME.LOP,3
199156999,mixed,mix->mix,mix,mix,1,1,2,2282,9,1.011,15279,6.695,LO,3,2,2,"[MEL4, ME.LOPL3] -> LOL3 -> [LOL4, ME.LOL3]",ME,4,ME.LOP,3,LO,4,ME.LO,3
198648423,mixed,mix->mix,mix,mix,2,1,1,1160,40,1.0,12017,10.359,LO,4,2,2,"[ME.LOL3, ME.LOL4] -> LOL4 -> [LOL3, LO.PVLPL5]",ME.LO,3,ME.LO,4,LO,3,LO.PVLP,5
198488574,mixed,mix->FB,mix,FB,1,3,0,109,3,2.957,20436,187.486,PVLP.LO,4,2,2,"[LO.PVLPL3, PVLPL5] -> PVLP.LOL4 -> [MEL3, ME.LOL3]",LO.PVLP,3,PVLP,5,ME,3,ME.LO,3
197910196,pure_lateral,lat->lat,lat,lat,0,0,4,52,1,1.0,2681,51.558,MB_ML,3,2,2,"[MB_CAL3, MB_CA.MB_MLL3] -> MB_MLL3 -> [MB_CA.MB_PEDL3, MB_CA.MB_VLL3]",MB_CA,3,MB_CA.MB_ML,3,MB_CA.MB_PED,3,MB_CA.MB_VL,3
197910196,pure_lateral,lat->lat,lat,lat,0,0,4,52,1,1.0,2681,51.558,MB_ML,3,2,2,"[MB_CAL3, MB_CA.MB_PEDL3] -> MB_MLL3 -> [MB_CA.MB_MLL3, MB_CA.MB_VLL3]",MB_CA,3,MB_CA.MB_PED,3,MB_CA.MB_ML,3,MB_CA.MB_VL,3
197910196,pure_lateral,lat->lat,lat,lat,0,0,4,52,1,1.0,2681,51.558,MB_ML,3,2,2,"[MB_CAL3, MB_CA.MB_VLL3] -> MB_MLL3 -> [MB_CA.MB_MLL3, MB_CA.MB_PEDL3]",MB_CA,3,MB_CA.MB_VL,3,MB_CA.MB_ML,3,MB_CA.MB_PED,3
197910196,pure_lateral,lat->lat,lat,lat,0,0,4,52,1,1.0,2681,51.558,MB_ML,3,2,2,"[MB_CA.MB_MLL3, MB_CA.MB_PEDL3] -> MB_MLL3 -> [MB_CAL3, MB_CA.MB_VLL3]",MB_CA.MB_ML,3,MB_CA.MB_PED,3,MB_CA,3,MB_CA.MB_VL,3
197910196,pure_lateral,lat->lat,lat,lat,0,0,4,52,1,1.0,2676,51.462,MB_ML,3,2,2,"[MB_CA.MB_MLL3, MB_CA.MB_PEDL3] -> MB_MLL3 -> [MB_CA.MB_VLL3, SLP.MB_MLL3]",MB_CA.MB_ML,3,MB_CA.MB_PED,3,MB_CA.MB_VL,3,SLP.MB_ML,3
197910196,pure_lateral,lat->lat,lat,lat,0,0,4,52,1,1.0,2681,51.558,MB_ML,3,2,2,"[MB_CA.MB_MLL3, MB_CA.MB_VLL3] -> MB_MLL3 -> [MB_CAL3, MB_CA.MB_PEDL3]",MB_CA.MB_ML,3,MB_CA.MB_VL,3,MB_CA,3,MB_CA.MB_PED,3
197910196,pure_lateral,lat->lat,lat,lat,0,0,4,52,1,1.0,2676,51.462,MB_ML,3,2,2,"[MB_CA.MB_MLL3, MB_CA.MB_VLL3] -> MB_MLL3 -> [MB_CA.MB_PEDL3, SLP.MB_MLL3]",MB_CA.MB_ML,3,MB_CA.MB_VL,3,MB_CA.MB_PED,3,SLP.MB_ML,3
197910196,pure_lateral,lat->lat,lat,lat,0,0,4,52,1,1.0,2676,51.462,MB_ML,3,2,2,"[MB_CA.MB_MLL3, SLP.MB_MLL3] -> MB_MLL3 -> [MB_CA.MB_PEDL3, MB_CA.MB_VLL3]",MB_CA.MB_ML,3,SLP.MB_ML,3,MB_CA.MB_PED,3,MB_CA.MB_VL,3
197910196,pure_lateral,lat->lat,lat,lat,0,0,4,52,1,1.0,2681,51.558,MB_ML,3,2,2,"[MB_CA.MB_PEDL3, MB_CA.MB_VLL3] -> MB_MLL3 -> [MB_CAL3, MB_CA.MB_MLL3]",MB_CA.MB_PED,3,MB_CA.MB_VL,3,MB_CA,3,MB_CA.MB_ML,3
197910196,pure_lateral,lat->lat,lat,lat,0,0,4,52,1,1.0,2676,51.462,MB_ML,3,2,2,"[MB_CA.MB_PEDL3, MB_CA.MB_VLL3] -> MB_MLL3 -> [MB_CA.MB_MLL3, SLP.MB_MLL3]",MB_CA.MB_PED,3,MB_CA.MB_VL,3,MB_CA.MB_ML,3,SLP.MB_ML,3
197910196,pure_lateral,lat->lat,lat,lat,0,0,4,52,1,1.0,2676,51.462,MB_ML,3,2,2,"[MB_CA.MB_PEDL3, SLP.MB_MLL3] -> MB_MLL3 -> [MB_CA.MB_MLL3, MB_CA.MB_VLL3]",MB_CA.MB_PED,3,SLP.MB_ML,3,MB_CA.MB_ML,3,MB_CA.MB_VL,3
197910196,pure_lateral,lat->lat,lat,lat,0,0,4,52,1,1.0,2676,51.462,MB_ML,3,2,2,"[MB_CA.MB_VLL3, SLP.MB_MLL3] -> MB_MLL3 -> [MB_CA.MB_MLL3, MB_CA.MB_PEDL3]",MB_CA.MB_VL,3,SLP.MB_ML,3,MB_CA.MB_ML,3,MB_CA.MB_PED,3
197132830,mixed,FF->mix,FF,mix,2,1,1,1160,19,1.0,12234,10.547,LO,4,2,2,"[LOL3, LO.PLPL3] -> LOL4 -> [LO.PVLPL4, ME.LOL3]",LO,3,LO.PLP,3,LO.PVLP,4,ME.LO,3
196565580,mixed,mix->lat,mix,lat,0,1,3,2282,1,1.0,8697,3.811,LO,3,2,2,"[LO.LOPL4, ME.LOPL3] -> LOL3 -> [FB.LOL3, LO.LOPL3]",LO.LOP,4,ME.LOP,3,FB.LO,3,LO.LOP,3
196565580,mixed,mix->mix,mix,mix,1,1,2,2282,1,1.0,9568,4.193,LO,3,2,2,"[LO.LOPL4, ME.LOPL3] -> LOL3 -> [LO.LOPL3, LO.PVLPL4]",LO.LOP,4,ME.LOP,3,LO.LOP,3,LO.PVLP,4
196565580,mixed,mix->lat,mix,lat,0,1,3,2282,1,1.0,9773,4.283,LO,3,2,2,"[LO.LOPL4, ME.LOPL3] -> LOL3 -> [LO.LOPL3, LOPL3]",LO.LOP,4,ME.LOP,3,LO.LOP,3,LOP,3
194883532,mixed,lat->mix,lat,mix,1,0,3,52,1,1.0,2392,46.0,MB_ML,3,2,2,"[MB_CA.CREL3, MB_CA.MB_MLL3] -> MB_MLL3 -> [MB_CA.MB_PEDL3, PLP.MB_MLL4]",MB_CA.CRE,3,MB_CA.MB_ML,3,MB_CA.MB_PED,3,PLP.MB_ML,4
194883532,mixed,lat->mix,lat,mix,1,0,3,52,1,1.0,2392,46.0,MB_ML,3,2,2,"[MB_CA.CREL3, MB_CA.MB_PEDL3] -> MB_MLL3 -> [MB_CA.MB_MLL3, PLP.MB_MLL4]",MB_CA.CRE,3,MB_CA.MB_PED,3,MB_CA.MB_ML,3,PLP.MB_ML,4
194883532,mixed,mix->lat,mix,lat,0,1,3,52,1,1.0,2392,46.0,MB_ML,3,2,2,"[MB_CA.CREL3, PLP.MB_MLL4] -> MB_MLL3 -> [MB_CA.MB_MLL3, MB_CA.MB_PEDL3]",MB_CA.CRE,3,PLP.MB_ML,4,MB_CA.MB_ML,3,MB_CA.MB_PED,3
194883532,mixed,lat->mix,lat,mix,1,0,3,52,1,1.0,2392,46.0,MB_ML,3,2,2,"[MB_CA.MB_MLL3, MB_CA.MB_PEDL3] -> MB_MLL3 -> [MB_CA.CREL3, PLP.MB_MLL4]",MB_CA.MB_ML,3,MB_CA.MB_PED,3,MB_CA.CRE,3,PLP.MB_ML,4
194883532,mixed,mix->lat,mix,lat,0,1,3,52,1,1.0,2392,46.0,MB_ML,3,2,2,"[MB_CA.MB_MLL3, PLP.MB_MLL4] -> MB_MLL3 -> [MB_CA.CREL3, MB_CA.MB_PEDL3]",MB_CA.MB_ML,3,PLP.MB_ML,4,MB_CA.CRE,3,MB_CA.MB_PED,3
194883532,mixed,mix->lat,mix,lat,0,1,3,52,1,1.0,2392,46.0,MB_ML,3,2,2,"[MB_CA.MB_PEDL3, PLP.MB_MLL4] -> MB_MLL3 -> [MB_CA.CREL3, MB_CA.MB_MLL3]",MB_CA.MB_PED,3,PLP.MB_ML,4,MB_CA.CRE,3,MB_CA.MB_ML,3
193828752,mixed,mix->mix,mix,mix,1,1,2,2282,2,1.076,16527,7.242,LO,3,2,2,"[LO.LOPL3, MEL4] -> LOL3 -> [MEL3, ME.LOPL4]",LO.LOP,3,ME,4,ME,3,ME.LOP,4
193627700,pure_FF,FF->FF,FF,FF,4,0,0,1160,45,1.001,11469,9.887,LO,4,2,2,"[LOL3, ME.LOL3] -> LOL4 -> [LOL5, LO.PVLPL5]",LO,3,ME.LO,3,LO,5,LO.PVLP,5
193572541,mixed,mix->mix,mix,mix,2,2,0,1160,64,1.0,11582,9.984,LO,4,2,2,"[LOL5, ME.LOL3] -> LOL4 -> [LOL3, LO.AOTUL5]",LO,5,ME.LO,3,LO,3,LO.AOTU,5
193446685,mixed,FF->mix,FF,mix,2,1,1,1160,6,1.0,11901,10.259,LO,4,2,2,"[LOL3, ME.LOL3] -> LOL4 -> [LO.PVLPL3, LOP.PVLPL4]",LO,3,ME.LO,3,LO.PVLP,3,LOP.PVLP,4
193155138,mixed,FF->mix,FF,mix,3,0,1,1160,166,1.009,11400,9.828,LO,4,2,2,"[LOL3, ME.LOL3] -> LOL4 -> [LO.SPSL4, LO.SPSL5]",LO,3,ME.LO,3,LO.SPS,4,LO.SPS,5
192392671,mixed,FF->mix,FF,mix,2,1,1,1160,126,1.001,11491,9.906,LO,4,2,2,"[LOL3, ME.LOL3] -> LOL4 -> [LO.PLPL3, LO.SPSL4]",LO,3,ME.LO,3,LO.PLP,3,LO.SPS,4
192359912,mixed,FF->lat,FF,lat,2,0,2,1160,10,1.0,11384,9.814,LO,4,2,2,"[LOL3, ME.LOL3] -> LOL4 -> [LO.SPSL4, PVLP.LOL4]",LO,3,ME.LO,3,LO.SPS,4,PVLP.LO,4
191090256,mixed,lat->mix,lat,mix,1,0,3,1,1,1.0,2531,2531.0,MB_ML.MB_CA,3,2,2,"[MB_CA.CREL3, MB_CA.MB_MLL3] -> MB_ML.MB_CAL3 -> [MB_CA.MB_VLL3, PLP.MB_PEDL4]",MB_CA.CRE,3,MB_CA.MB_ML,3,MB_CA.MB_VL,3,PLP.MB_PED,4
191090256,mixed,lat->mix,lat,mix,1,0,3,1,1,1.0,2531,2531.0,MB_ML.MB_CA,3,2,2,"[MB_CA.CREL3, MB_CA.MB_VLL3] -> MB_ML.MB_CAL3 -> [MB_CA.MB_MLL3, PLP.MB_PEDL4]",MB_CA.CRE,3,MB_CA.MB_VL,3,MB_CA.MB_ML,3,PLP.MB_PED,4
191090256,mixed,lat->mix,lat,mix,1,0,3,1,1,1.0,2531,2531.0,MB_ML.MB_CA,3,2,2,"[MB_CA.MB_MLL3, MB_CA.MB_VLL3] -> MB_ML.MB_CAL3 -> [MB_CA.CREL3, PLP.MB_PEDL4]",MB_CA.MB_ML,3,MB_CA.MB_VL,3,MB_CA.CRE,3,PLP.MB_PED,4
189269254,mixed,mix->FB,mix,FB,1,2,1,109,3,2.859,10484,96.183,PVLP.LO,4,2,2,"[LO.AVLPL3, LO.PVLPL4] -> PVLP.LOL4 -> [LO.PVLPL3, ME.LOL3]",LO.AVLP,3,LO.PVLP,4,LO.PVLP,3,ME.LO,3
189220588,mixed,lat->FF,lat,FF,2,0,2,2282,3,1.019,20872,9.146,LO,3,2,2,"[MEL3, ME.LOL3] -> LOL3 -> [LOL4, ME.LOPL4]",ME,3,ME.LO,3,LO,4,ME.LOP,4
188954964,mixed,mix->FB,mix,FB,0,3,1,109,3,2.98,20602,189.009,PVLP.LO,4,2,2,"[LO.PVLPL4, PVLPL5] -> PVLP.LOL4 -> [MEL3, ME.LOL3]",LO.PVLP,4,PVLP,5,ME,3,ME.LO,3
188437630,mixed,mix->mix,mix,mix,1,1,2,1160,2,1.003,10571,9.113,LO,4,2,2,"[LO.SPSL4, ME.LOL3] -> LOL4 -> [LO.PVLPL3, LO.PVLPL4]",LO.SPS,4,ME.LO,3,LO.PVLP,3,LO.PVLP,4
188250820,mixed,mix->mix,mix,mix,0,2,2,109,3,2.528,12043,110.486,PVLP.LO,4,2,2,"[AVLPL4, AVLPL5] -> PVLP.LOL4 -> [LO.PVLPL4, ME.LOL3]",AVLP,4,AVLP,5,LO.PVLP,4,ME.LO,3
187420661,mixed,FF->FB,FF,FB,2,2,0,1160,123,1.004,22561,19.449,LO,4,2,2,"[LOL3, MEL3] -> LOL4 -> [LO.PVLPL3, ME.LOL3]",LO,3,ME,3,LO.PVLP,3,ME.LO,3
186663858,mixed,mix->lat,mix,lat,1,1,2,1160,89,1.0,10072,8.683,LO,4,2,2,"[LOL5, ME.LOL3] -> LOL4 -> [LO.PVLPL4, LO.SPSL4]",LO,5,ME.LO,3,LO.PVLP,4,LO.SPS,4
185441369,mixed,FF->mix,FF,mix,3,0,1,1160,6,1.0,10087,8.696,LO,4,2,2,"[LOP.LOL3, ME.LOL3] -> LOL4 -> [LO.AOTUL5, LO.PVLPL4]",LOP.LO,3,ME.LO,3,LO.AOTU,5,LO.PVLP,4
185192092,mixed,mix->mix,mix,mix,1,1,2,1160,95,1.0,12156,10.479,LO,4,2,2,"[ME.LOL3, ME.LOL4] -> LOL4 -> [LOL3, LO.PLPL4]",ME.LO,3,ME.LO,4,LO,3,LO.PLP,4
184737135,mixed,FF->mix,FF,mix,3,0,1,1160,34,1.004,12026,10.367,LO,4,2,2,"[LOL3, ME.LOL3] -> LOL4 -> [LO.AVLPL5, LO.PVLPL4]",LO,3,ME.LO,3,LO.AVLP,5,LO.PVLP,4
184398327,mixed,FF->mix,FF,mix,2,1,1,1160,5,1.0,12260,10.569,LO,4,2,2,"[LOL3, ME.LOL3] -> LOL4 -> [LO.PVLPL4, PLPL3]",LO,3,ME.LO,3,LO.PVLP,4,PLP,3
184395989,mixed,FF->mix,FF,mix,2,1,1,1160,2,1.0,12029,10.37,LO,4,2,2,"[LOL3, ME.LOL3] -> LOL4 -> [LO.PVLPL4, LOP.PVLPL3]",LO,3,ME.LO,3,LO.PVLP,4,LOP.PVLP,3
184356117,mixed,mix->lat,mix,lat,0,1,3,2282,4,1.708,16713,7.324,LO,3,2,2,"[LO.LOPL3, PVLP.LOL4] -> LOL3 -> [ME.LOL3, ME.LOPL3]",LO.LOP,3,PVLP.LO,4,ME.LO,3,ME.LOP,3
183738608,mixed,FB->lat,FB,lat,0,2,2,2282,2,1.128,16527,7.242,LO,3,2,2,"[MEL4, ME.LOPL4] -> LOL3 -> [LO.LOPL3, MEL3]",ME,4,ME.LOP,4,LO.LOP,3,ME,3
182921502,mixed,FF->mix,FF,mix,2,1,1,1160,26,1.0,12173,10.494,LO,4,2,2,"[LO.MEL3, ME.LOL3] -> LOL4 -> [LOL3, LO.PVLPL4]",LO.ME,3,ME.LO,3,LO,3,LO.PVLP,4
182904099,mixed,mix->mix,mix,mix,1,2,1,1160,17,1.0,12069,10.404,LO,4,2,2,"[LO.PLPL5, ME.LOL3] -> LOL4 -> [LOL3, LO.PVLPL4]",LO.PLP,5,ME.LO,3,LO,3,LO.PVLP,4
182781984,pure_lateral,lat->lat,lat,lat,0,0,4,1,1,1.0,2676,2676.0,MB_ML.MB_CA,3,2,2,"[MB_CA.MB_MLL3, MB_CA.MB_PEDL3] -> MB_ML.MB_CAL3 -> [MB_CA.MB_VLL3, SLP.MB_MLL3]",MB_CA.MB_ML,3,MB_CA.MB_PED,3,MB_CA.MB_VL,3,SLP.MB_ML,3
182781984,pure_lateral,lat->lat,lat,lat,0,0,4,1,1,1.0,2676,2676.0,MB_ML.MB_CA,3,2,2,"[MB_CA.MB_PEDL3, MB_CA.MB_VLL3] -> MB_ML.MB_CAL3 -> [MB_CA.MB_MLL3, SLP.MB_MLL3]",MB_CA.MB_PED,3,MB_CA.MB_VL,3,MB_CA.MB_ML,3,SLP.MB_ML,3
182781984,pure_lateral,lat->lat,lat,lat,0,0,4,1,1,1.0,2664,2664.0,MB_ML.MB_CA,3,2,2,"[MB_CA.MB_PEDL3, MB_PEDL3] -> MB_ML.MB_CAL3 -> [MB_CA.MB_MLL3, MB_CA.MB_VLL3]",MB_CA.MB_PED,3,MB_PED,3,MB_CA.MB_ML,3,MB_CA.MB_VL,3
182781984,pure_lateral,lat->lat,lat,lat,0,0,4,1,1,1.0,2670,2670.0,MB_ML.MB_CA,3,2,2,"[MB_CA.MB_PEDL3, MB_PED.MB_MLL3] -> MB_ML.MB_CAL3 -> [MB_CA.MB_MLL3, MB_CA.MB_VLL3]",MB_CA.MB_PED,3,MB_PED.MB_ML,3,MB_CA.MB_ML,3,MB_CA.MB_VL,3
182781984,mixed,mix->lat,mix,lat,0,1,3,1,1,1.0,2682,2682.0,MB_ML.MB_CA,3,2,2,"[MB_CA.MB_PEDL3, PLP.MB_MLL4] -> MB_ML.MB_CAL3 -> [MB_CA.MB_MLL3, MB_CA.MB_VLL3]",MB_CA.MB_PED,3,PLP.MB_ML,4,MB_CA.MB_ML,3,MB_CA.MB_VL,3
182781984,pure_lateral,lat->lat,lat,lat,0,0,4,1,1,1.0,2676,2676.0,MB_ML.MB_CA,3,2,2,"[MB_CA.MB_PEDL3, SLP.MB_MLL3] -> MB_ML.MB_CAL3 -> [MB_CA.MB_MLL3, MB_CA.MB_VLL3]",MB_CA.MB_PED,3,SLP.MB_ML,3,MB_CA.MB_ML,3,MB_CA.MB_VL,3
182520954,mixed,mix->lat,mix,lat,0,1,3,35,1,1.0,14569,416.257,PVLP.LO,3,2,2,"[LO.PVLPL3, LO.PVLPL4] -> PVLP.LOL3 -> [LOL3, MEL3]",LO.PVLP,3,LO.PVLP,4,LO,3,ME,3
181786453,mixed,FF->FB,FF,FB,2,2,0,1160,34,1.0,11974,10.322,LO,4,2,2,"[LOP.LOL3, ME.LOL3] -> LOL4 -> [LOL3, LO.PVLPL3]",LOP.LO,3,ME.LO,3,LO,3,LO.PVLP,3
181595088,pure_lateral,lat->lat,lat,lat,0,0,4,1,1,1.0,2676,2676.0,MB_ML.MB_CA,3,2,2,"[MB_CA.MB_MLL3, MB_CA.MB_VLL3] -> MB_ML.MB_CAL3 -> [MB_CA.MB_PEDL3, SLP.MB_MLL3]",MB_CA.MB_ML,3,MB_CA.MB_VL,3,MB_CA.MB_PED,3,SLP.MB_ML,3
181595088,pure_lateral,lat->lat,lat,lat,0,0,4,1,1,1.0,2664,2664.0,MB_ML.MB_CA,3,2,2,"[MB_CA.MB_MLL3, MB_PEDL3] -> MB_ML.MB_CAL3 -> [MB_CA.MB_PEDL3, MB_CA.MB_VLL3]",MB_CA.MB_ML,3,MB_PED,3,MB_CA.MB_PED,3,MB_CA.MB_VL,3
181595088,pure_lateral,lat->lat,lat,lat,0,0,4,1,1,1.0,2670,2670.0,MB_ML.MB_CA,3,2,2,"[MB_CA.MB_MLL3, MB_PED.MB_MLL3] -> MB_ML.MB_CAL3 -> [MB_CA.MB_PEDL3, MB_CA.MB_VLL3]",MB_CA.MB_ML,3,MB_PED.MB_ML,3,MB_CA.MB_PED,3,MB_CA.MB_VL,3
181595088,mixed,mix->lat,mix,lat,0,1,3,1,1,1.0,2682,2682.0,MB_ML.MB_CA,3,2,2,"[MB_CA.MB_MLL3, PLP.MB_MLL4] -> MB_ML.MB_CAL3 -> [MB_CA.MB_PEDL3, MB_CA.MB_VLL3]",MB_CA.MB_ML,3,PLP.MB_ML,4,MB_CA.MB_PED,3,MB_CA.MB_VL,3
181595088,pure_lateral,lat->lat,lat,lat,0,0,4,1,1,1.0,2676,2676.0,MB_ML.MB_CA,3,2,2,"[MB_CA.MB_MLL3, SLP.MB_MLL3] -> MB_ML.MB_CAL3 -> [MB_CA.MB_PEDL3, MB_CA.MB_VLL3]",MB_CA.MB_ML,3,SLP.MB_ML,3,MB_CA.MB_PED,3,MB_CA.MB_VL,3
181595088,pure_lateral,lat->lat,lat,lat,0,0,4,1,1,1.0,2664,2664.0,MB_ML.MB_CA,3,2,2,"[MB_CA.MB_VLL3, MB_PEDL3] -> MB_ML.MB_CAL3 -> [MB_CA.MB_MLL3, MB_CA.MB_PEDL3]",MB_CA.MB_VL,3,MB_PED,3,MB_CA.MB_ML,3,MB_CA.MB_PED,3
181595088,pure_lateral,lat->lat,lat,lat,0,0,4,1,1,1.0,2670,2670.0,MB_ML.MB_CA,3,2,2,"[MB_CA.MB_VLL3, MB_PED.MB_MLL3] -> MB_ML.MB_CAL3 -> [MB_CA.MB_MLL3, MB_CA.MB_PEDL3]",MB_CA.MB_VL,3,MB_PED.MB_ML,3,MB_CA.MB_ML,3,MB_CA.MB_PED,3
181595088,mixed,mix->lat,mix,lat,0,1,3,1,1,1.0,2682,2682.0,MB_ML.MB_CA,3,2,2,"[MB_CA.MB_VLL3, PLP.MB_MLL4] -> MB_ML.MB_CAL3 -> [MB_CA.MB_MLL3, MB_CA.MB_PEDL3]",MB_CA.MB_VL,3,PLP.MB_ML,4,MB_CA.MB_ML,3,MB_CA.MB_PED,3
181595088,pure_lateral,lat->lat,lat,lat,0,0,4,1,1,1.0,2676,2676.0,MB_ML.MB_CA,3,2,2,"[MB_CA.MB_VLL3, SLP.MB_MLL3] -> MB_ML.MB_CAL3 -> [MB_CA.MB_MLL3, MB_CA.MB_PEDL3]",MB_CA.MB_VL,3,SLP.MB_ML,3,MB_CA.MB_ML,3,MB_CA.MB_PED,3
181206638,mixed,mix->mix,mix,mix,1,2,1,1160,77,1.0,4067,3.506,LO,4,2,2,"[LOL3, LOL5] -> LOL4 -> [LO.PVLPL3, LO.PVLPL4]",LO,3,LO,5,LO.PVLP,3,LO.PVLP,4
180570470,mixed,FF->mix,FF,mix,3,0,1,1160,137,1.001,11608,10.007,LO,4,2,2,"[LOL3, ME.LOL3] -> LOL4 -> [LOL5, LO.PLPL4]",LO,3,ME.LO,3,LO,5,LO.PLP,4
180113892,mixed,mix->mix,mix,mix,1,1,2,2282,2,1.017,15499,6.792,LO,3,2,2,"[LO.LOPL3, LO.LOPL4] -> LOL3 -> [MEL4, ME.LOL3]",LO.LOP,3,LO.LOP,4,ME,4,ME.LO,3
179918360,pure_lateral,lat->lat,lat,lat,0,0,4,52,1,1.0,2687,51.673,MB_ML,3,2,2,"[MB_CA.MB_MLL3, MB_CA.MB_PEDL3] -> MB_MLL3 -> [MB_CA.MB_VLL3, PLP.MB_PEDL3]",MB_CA.MB_ML,3,MB_CA.MB_PED,3,MB_CA.MB_VL,3,PLP.MB_PED,3
179918360,mixed,lat->mix,lat,mix,1,0,3,52,1,1.0,2682,51.577,MB_ML,3,2,2,"[MB_CA.MB_MLL3, MB_CA.MB_PEDL3] -> MB_MLL3 -> [MB_CA.MB_VLL3, PLP.MB_PEDL4]",MB_CA.MB_ML,3,MB_CA.MB_PED,3,MB_CA.MB_VL,3,PLP.MB_PED,4
179918360,pure_lateral,lat->lat,lat,lat,0,0,4,52,1,1.0,2687,51.673,MB_ML,3,2,2,"[MB_CA.MB_MLL3, MB_CA.MB_VLL3] -> MB_MLL3 -> [MB_CA.MB_PEDL3, PLP.MB_PEDL3]",MB_CA.MB_ML,3,MB_CA.MB_VL,3,MB_CA.MB_PED,3,PLP.MB_PED,3
179918360,mixed,lat->mix,lat,mix,1,0,3,52,1,1.0,2682,51.577,MB_ML,3,2,2,"[MB_CA.MB_MLL3, MB_CA.MB_VLL3] -> MB_MLL3 -> [MB_CA.MB_PEDL3, PLP.MB_PEDL4]",MB_CA.MB_ML,3,MB_CA.MB_VL,3,MB_CA.MB_PED,3,PLP.MB_PED,4
179918360,pure_lateral,lat->lat,lat,lat,0,0,4,52,1,1.0,2687,51.673,MB_ML,3,2,2,"[MB_CA.MB_MLL3, PLP.MB_PEDL3] -> MB_MLL3 -> [MB_CA.MB_PEDL3, MB_CA.MB_VLL3]",MB_CA.MB_ML,3,PLP.MB_PED,3,MB_CA.MB_PED,3,MB_CA.MB_VL,3
179918360,mixed,mix->lat,mix,lat,0,1,3,52,1,1.0,2682,51.577,MB_ML,3,2,2,"[MB_CA.MB_MLL3, PLP.MB_PEDL4] -> MB_MLL3 -> [MB_CA.MB_PEDL3, MB_CA.MB_VLL3]",MB_CA.MB_ML,3,PLP.MB_PED,4,MB_CA.MB_PED,3,MB_CA.MB_VL,3
179918360,pure_lateral,lat->lat,lat,lat,0,0,4,52,1,1.0,2687,51.673,MB_ML,3,2,2,"[MB_CA.MB_PEDL3, MB_CA.MB_VLL3] -> MB_MLL3 -> [MB_CA.MB_MLL3, PLP.MB_PEDL3]",MB_CA.MB_PED,3,MB_CA.MB_VL,3,MB_CA.MB_ML,3,PLP.MB_PED,3
179918360,mixed,lat->mix,lat,mix,1,0,3,52,1,1.0,2682,51.577,MB_ML,3,2,2,"[MB_CA.MB_PEDL3, MB_CA.MB_VLL3] -> MB_MLL3 -> [MB_CA.MB_MLL3, PLP.MB_PEDL4]",MB_CA.MB_PED,3,MB_CA.MB_VL,3,MB_CA.MB_ML,3,PLP.MB_PED,4
179918360,pure_lateral,lat->lat,lat,lat,0,0,4,52,1,1.0,2687,51.673,MB_ML,3,2,2,"[MB_CA.MB_PEDL3, PLP.MB_PEDL3] -> MB_MLL3 -> [MB_CA.MB_MLL3, MB_CA.MB_VLL3]",MB_CA.MB_PED,3,PLP.MB_PED,3,MB_CA.MB_ML,3,MB_CA.MB_VL,3
179918360,mixed,mix->lat,mix,lat,0,1,3,52,1,1.0,2682,51.577,MB_ML,3,2,2,"[MB_CA.MB_PEDL3, PLP.MB_PEDL4] -> MB_MLL3 -> [MB_CA.MB_MLL3, MB_CA.MB_VLL3]",MB_CA.MB_PED,3,PLP.MB_PED,4,MB_CA.MB_ML,3,MB_CA.MB_VL,3
179918360,pure_lateral,lat->lat,lat,lat,0,0,4,52,1,1.0,2687,51.673,MB_ML,3,2,2,"[MB_CA.MB_VLL3, PLP.MB_PEDL3] -> MB_MLL3 -> [MB_CA.MB_MLL3, MB_CA.MB_PEDL3]",MB_CA.MB_VL,3,PLP.MB_PED,3,MB_CA.MB_ML,3,MB_CA.MB_PED,3
179918360,mixed,mix->lat,mix,lat,0,1,3,52,1,1.0,2682,51.577,MB_ML,3,2,2,"[MB_CA.MB_VLL3, PLP.MB_PEDL4] -> MB_MLL3 -> [MB_CA.MB_MLL3, MB_CA.MB_PEDL3]",MB_CA.MB_VL,3,PLP.MB_PED,4,MB_CA.MB_ML,3,MB_CA.MB_PED,3
179646032,mixed,mix->mix,mix,mix,1,1,2,2282,2,1.023,13821,6.057,LO,3,2,2,"[ME.LOPL3, ME.LOPL4] -> LOL3 -> [LOL4, ME.LOL3]",ME.LOP,3,ME.LOP,4,LO,4,ME.LO,3
179446641,mixed,FF->mix,FF,mix,3,1,0,1160,255,1.005,22062,19.019,LO,4,2,2,"[MEL3, ME.LOL3] -> LOL4 -> [LOL3, LOL5]",ME,3,ME.LO,3,LO,3,LO,5
178749360,mixed,mix->mix,mix,mix,1,1,2,2282,2,1.991,7988,3.5,LO,3,2,2,"[LO.LOPL3, PVLP.LOL4] -> LOL3 -> [ME.LOPL3, ME.LOPL4]",LO.LOP,3,PVLP.LO,4,ME.LOP,3,ME.LOP,4
178034400,pure_lateral,lat->lat,lat,lat,0,0,4,1,1,1.0,2481,2481.0,MB_ML.MB_CA,3,2,2,"[PLP.CREL3, PLP.MB_PEDL3] -> MB_ML.MB_CAL3 -> [MB_CA.MB_MLL3, MB_CA.MB_VLL3]",PLP.CRE,3,PLP.MB_PED,3,MB_CA.MB_ML,3,MB_CA.MB_VL,3
177813036,mixed,mix->mix,mix,mix,1,1,2,109,3,2.949,4615,42.339,PVLP.LO,4,2,2,"[LO.PVLPL3, LO.PVLPL4] -> PVLP.LOL4 -> [LOL3, ME.LOL4]",LO.PVLP,3,LO.PVLP,4,LO,3,ME.LO,4
177644268,mixed,FF->FB,FF,FB,2,2,0,109,3,2.931,20332,186.532,PVLP.LO,4,2,2,"[LO.PVLPL3, PVLPL3] -> PVLP.LOL4 -> [MEL3, ME.LOL3]",LO.PVLP,3,PVLP,3,ME,3,ME.LO,3
177373547,mixed,mix->mix,mix,mix,1,2,1,109,8,2.861,4026,36.936,PVLP.LO,4,2,2,"[LO.PVLPL3, PVLP.AVLPL5] -> PVLP.LOL4 -> [LOL3, LO.PVLPL4]",LO.PVLP,3,PVLP.AVLP,5,LO,3,LO.PVLP,4
176939304,mixed,FF->FB,FF,FB,2,2,0,109,3,2.993,11874,108.936,PVLP.LO,4,2,2,"[GNG.AVLPL3, LO.PVLPL3] -> PVLP.LOL4 -> [LOL3, ME.LOL3]",GNG.AVLP,3,LO.PVLP,3,LO,3,ME.LO,3
176830068,mixed,lat->FF,lat,FF,2,0,2,2282,2,1.21,16527,7.242,LO,3,2,2,"[LO.LOPL3, MEL3] -> LOL3 -> [MEL4, ME.LOPL4]",LO.LOP,3,ME,3,ME,4,ME.LOP,4
176183655,mixed,mix->mix,mix,mix,2,0,2,1160,5,1.0,10107,8.713,LO,4,2,2,"[LO.PLPL4, ME.LOL3] -> LOL4 -> [LO.PVLPL4, LO.PVLPL5]",LO.PLP,4,ME.LO,3,LO.PVLP,4,LO.PVLP,5
175644198,mixed,lat->FF,lat,FF,2,0,2,2282,2,1.0,9568,4.193,LO,3,2,2,"[LO.LOPL3, ME.LOPL3] -> LOL3 -> [LO.LOPL4, LO.PVLPL4]",LO.LOP,3,ME.LOP,3,LO.LOP,4,LO.PVLP,4
175644182,mixed,lat->mix,lat,mix,1,0,3,2282,2,1.0,9773,4.283,LO,3,2,2,"[LO.LOPL3, ME.LOPL3] -> LOL3 -> [LO.LOPL4, LOPL3]",LO.LOP,3,ME.LOP,3,LO.LOP,4,LOP,3
175644180,mixed,lat->mix,lat,mix,1,0,3,2282,1,1.0,8697,3.811,LO,3,2,2,"[LO.LOPL3, ME.LOPL3] -> LOL3 -> [FB.LOL3, LO.LOPL4]",LO.LOP,3,ME.LOP,3,FB.LO,3,LO.LOP,4
175251240,mixed,lat->mix,lat,mix,1,0,3,2282,1,1.0,8034,3.521,LO,3,2,2,"[LO.MEL3, ME.LOPL3] -> LOL3 -> [LO.LOPL3, ME.LOPL4]",LO.ME,3,ME.LOP,3,LO.LOP,3,ME.LOP,4
174184552,mixed,mix->mix,mix,mix,1,1,2,2282,2,1.346,16527,7.242,LO,3,2,2,"[MEL3, ME.LOPL4] -> LOL3 -> [LO.LOPL3, MEL4]",ME,3,ME.LOP,4,LO.LOP,3,ME,4
173559093,mixed,FF->mix,FF,mix,2,1,1,1160,12,1.006,12009,10.353,LO,4,2,2,"[LOL3, ME.LOL3] -> LOL4 -> [LO.AOTUL4, LO.PVLPL3]",LO,3,ME.LO,3,LO.AOTU,4,LO.PVLP,3
173401632,mixed,mix->lat,mix,lat,0,1,3,52,1,1.0,2464,47.385,MB_ML,3,2,2,"[MB_CA.MB_MLL3, MB_CA.MB_MLL4] -> MB_MLL3 -> [MB_CA.MB_VLL3, PLP.MB_MLL3]",MB_CA.MB_ML,3,MB_CA.MB_ML,4,MB_CA.MB_VL,3,PLP.MB_ML,3
173401632,mixed,lat->mix,lat,mix,1,0,3,52,1,1.0,2464,47.385,MB_ML,3,2,2,"[MB_CA.MB_MLL3, MB_CA.MB_VLL3] -> MB_MLL3 -> [MB_CA.MB_MLL4, PLP.MB_MLL3]",MB_CA.MB_ML,3,MB_CA.MB_VL,3,MB_CA.MB_ML,4,PLP.MB_ML,3
173401632,mixed,lat->mix,lat,mix,1,0,3,52,1,1.0,2464,47.385,MB_ML,3,2,2,"[MB_CA.MB_MLL3, PLP.MB_MLL3] -> MB_MLL3 -> [MB_CA.MB_MLL4, MB_CA.MB_VLL3]",MB_CA.MB_ML,3,PLP.MB_ML,3,MB_CA.MB_ML,4,MB_CA.MB_VL,3
173401632,mixed,mix->lat,mix,lat,0,1,3,52,1,1.0,2464,47.385,MB_ML,3,2,2,"[MB_CA.MB_MLL4, MB_CA.MB_VLL3] -> MB_MLL3 -> [MB_CA.MB_MLL3, PLP.MB_MLL3]",MB_CA.MB_ML,4,MB_CA.MB_VL,3,MB_CA.MB_ML,3,PLP.MB_ML,3
173401632,mixed,mix->lat,mix,lat,0,1,3,52,1,1.0,2464,47.385,MB_ML,3,2,2,"[MB_CA.MB_MLL4, PLP.MB_MLL3] -> MB_MLL3 -> [MB_CA.MB_MLL3, MB_CA.MB_VLL3]",MB_CA.MB_ML,4,PLP.MB_ML,3,MB_CA.MB_ML,3,MB_CA.MB_VL,3
173401632,mixed,lat->mix,lat,mix,1,0,3,52,1,1.0,2464,47.385,MB_ML,3,2,2,"[MB_CA.MB_VLL3, PLP.MB_MLL3] -> MB_MLL3 -> [MB_CA.MB_MLL3, MB_CA.MB_MLL4]",MB_CA.MB_VL,3,PLP.MB_ML,3,MB_CA.MB_ML,3,MB_CA.MB_ML,4
172834960,pure_lateral,lat->lat,lat,lat,0,0,4,52,1,1.0,2581,49.635,MB_ML,3,2,2,"[MB_CA.CREL3, MB_CA.MB_MLL3] -> MB_MLL3 -> [MB_CA.MB_VLL3, PLP.CREL3]",MB_CA.CRE,3,MB_CA.MB_ML,3,MB_CA.MB_VL,3,PLP.CRE,3
172834960,pure_lateral,lat->lat,lat,lat,0,0,4,52,1,1.0,2528,48.615,MB_ML,3,2,2,"[MB_CA.CREL3, MB_CA.MB_MLL3] -> MB_MLL3 -> [MB_CA.MB_VLL3, SCL.MB_MLL3]",MB_CA.CRE,3,MB_CA.MB_ML,3,MB_CA.MB_VL,3,SCL.MB_ML,3
172834960,pure_lateral,lat->lat,lat,lat,0,0,4,52,1,1.0,2581,49.635,MB_ML,3,2,2,"[MB_CA.CREL3, MB_CA.MB_VLL3] -> MB_MLL3 -> [MB_CA.MB_MLL3, PLP.CREL3]",MB_CA.CRE,3,MB_CA.MB_VL,3,MB_CA.MB_ML,3,PLP.CRE,3
172834960,pure_lateral,lat->lat,lat,lat,0,0,4,52,1,1.0,2528,48.615,MB_ML,3,2,2,"[MB_CA.CREL3, MB_CA.MB_VLL3] -> MB_MLL3 -> [MB_CA.MB_MLL3, SCL.MB_MLL3]",MB_CA.CRE,3,MB_CA.MB_VL,3,MB_CA.MB_ML,3,SCL.MB_ML,3
172834960,pure_lateral,lat->lat,lat,lat,0,0,4,52,1,1.0,2581,49.635,MB_ML,3,2,2,"[MB_CA.CREL3, PLP.CREL3] -> MB_MLL3 -> [MB_CA.MB_MLL3, MB_CA.MB_VLL3]",MB_CA.CRE,3,PLP.CRE,3,MB_CA.MB_ML,3,MB_CA.MB_VL,3
172834960,pure_lateral,lat->lat,lat,lat,0,0,4,52,1,1.0,2528,48.615,MB_ML,3,2,2,"[MB_CA.CREL3, SCL.MB_MLL3] -> MB_MLL3 -> [MB_CA.MB_MLL3, MB_CA.MB_VLL3]",MB_CA.CRE,3,SCL.MB_ML,3,MB_CA.MB_ML,3,MB_CA.MB_VL,3
172834960,pure_lateral,lat->lat,lat,lat,0,0,4,52,1,1.0,2581,49.635,MB_ML,3,2,2,"[MB_CA.MB_MLL3, MB_CA.MB_VLL3] -> MB_MLL3 -> [MB_CA.CREL3, PLP.CREL3]",MB_CA.MB_ML,3,MB_CA.MB_VL,3,MB_CA.CRE,3,PLP.CRE,3
172834960,pure_lateral,lat->lat,lat,lat,0,0,4,52,1,1.0,2528,48.615,MB_ML,3,2,2,"[MB_CA.MB_MLL3, MB_CA.MB_VLL3] -> MB_MLL3 -> [MB_CA.CREL3, SCL.MB_MLL3]",MB_CA.MB_ML,3,MB_CA.MB_VL,3,MB_CA.CRE,3,SCL.MB_ML,3
172834960,pure_lateral,lat->lat,lat,lat,0,0,4,52,1,1.0,2581,49.635,MB_ML,3,2,2,"[MB_CA.MB_MLL3, PLP.CREL3] -> MB_MLL3 -> [MB_CA.CREL3, MB_CA.MB_VLL3]",MB_CA.MB_ML,3,PLP.CRE,3,MB_CA.CRE,3,MB_CA.MB_VL,3
172834960,pure_lateral,lat->lat,lat,lat,0,0,4,52,1,1.0,2528,48.615,MB_ML,3,2,2,"[MB_CA.MB_MLL3, SCL.MB_MLL3] -> MB_MLL3 -> [MB_CA.CREL3, MB_CA.MB_VLL3]",MB_CA.MB_ML,3,SCL.MB_ML,3,MB_CA.CRE,3,MB_CA.MB_VL,3
172834960,pure_lateral,lat->lat,lat,lat,0,0,4,52,1,1.0,2581,49.635,MB_ML,3,2,2,"[MB_CA.MB_VLL3, PLP.CREL3] -> MB_MLL3 -> [MB_CA.CREL3, MB_CA.MB_MLL3]",MB_CA.MB_VL,3,PLP.CRE,3,MB_CA.CRE,3,MB_CA.MB_ML,3
172834960,pure_lateral,lat->lat,lat,lat,0,0,4,52,1,1.0,2528,48.615,MB_ML,3,2,2,"[MB_CA.MB_VLL3, SCL.MB_MLL3] -> MB_MLL3 -> [MB_CA.CREL3, MB_CA.MB_MLL3]",MB_CA.MB_VL,3,SCL.MB_ML,3,MB_CA.CRE,3,MB_CA.MB_ML,3
172485845,mixed,mix->mix,mix,mix,1,1,2,1160,3,1.0,12147,10.472,LO,4,2,2,"[LOL3, LO.SPSL4] -> LOL4 -> [LO.PVLPL4, ME.LOL3]",LO,3,LO.SPS,4,LO.PVLP,4,ME.LO,3
172158348,mixed,mix->mix,mix,mix,1,1,2,109,3,2.319,10498,96.312,PVLP.LO,4,2,2,"[LO.PVLPL3, LO.PVLPL4] -> PVLP.LOL4 -> [LO.AVLPL4, ME.LOL3]",LO.PVLP,3,LO.PVLP,4,LO.AVLP,4,ME.LO,3
172030002,mixed,mix->FF,mix,FF,2,1,1,2282,2,1.039,6350,2.783,LO,3,2,2,"[LO.LOPL4, ME.LOPL3] -> LOL3 -> [MEL4, ME.LOPL4]",LO.LOP,4,ME.LOP,3,ME,4,ME.LOP,4
171401640,mixed,mix->mix,mix,mix,1,1,2,2282,2,1.039,13821,6.057,LO,3,2,2,"[LOL4, ME.LOPL3] -> LOL3 -> [ME.LOL3, ME.LOPL4]",LO,4,ME.LOP,3,ME.LO,3,ME.LOP,4
169300872,pure_FB,FB->FB,FB,FB,0,4,0,109,3,2.975,11252,103.229,PVLP.LO,4,2,2,"[AVLPL5, PVLP.AVLPL5] -> PVLP.LOL4 -> [LO.PVLPL3, ME.LOL3]",AVLP,5,PVLP.AVLP,5,LO.PVLP,3,ME.LO,3
169160144,mixed,mix->FB,mix,FB,1,2,1,109,3,2.989,12040,110.459,PVLP.LO,4,2,2,"[GNG.AVLPL3, LO.PVLPL4] -> PVLP.LOL4 -> [LOL3, ME.LOL3]",GNG.AVLP,3,LO.PVLP,4,LO,3,ME.LO,3
169132680,pure_lateral,lat->lat,lat,lat,0,0,4,1,1,1.0,2481,2481.0,MB_ML.MB_CA,3,2,2,"[MB_CA.MB_MLL3, PLP.CREL3] -> MB_ML.MB_CAL3 -> [MB_CA.MB_VLL3, PLP.MB_PEDL3]",MB_CA.MB_ML,3,PLP.CRE,3,MB_CA.MB_VL,3,PLP.MB_PED,3
169132680,pure_lateral,lat->lat,lat,lat,0,0,4,1,1,1.0,2481,2481.0,MB_ML.MB_CA,3,2,2,"[MB_CA.MB_VLL3, PLP.CREL3] -> MB_ML.MB_CAL3 -> [MB_CA.MB_MLL3, PLP.MB_PEDL3]",MB_CA.MB_VL,3,PLP.CRE,3,MB_CA.MB_ML,3,PLP.MB_PED,3
168899328,mixed,mix->FB,mix,FB,1,2,1,109,3,2.962,20498,188.055,PVLP.LO,4,2,2,"[LO.PVLPL4, PVLPL3] -> PVLP.LOL4 -> [MEL3, ME.LOL3]",LO.PVLP,4,PVLP,3,ME,3,ME.LO,3
168351386,mixed,mix->mix,mix,mix,1,1,2,1160,155,1.0,12030,10.371,LO,4,2,2,"[ME.LOL3, ME.LOL4] -> LOL4 -> [LOL3, LO.SPSL4]",ME.LO,3,ME.LO,4,LO,3,LO.SPS,4
167656681,mixed,mix->mix,mix,mix,1,1,2,2282,9,1.009,17548,7.69,LO,3,2,2,"[LO.LOPL3, MEL4] -> LOL3 -> [LOL4, MEL3]",LO.LOP,3,ME,4,LO,4,ME,3
167363840,mixed,FB->lat,FB,lat,0,2,2,2282,2,1.089,16103,7.057,LO,3,2,2,"[MEL4, ME.LOPL4] -> LOL3 -> [MEL3, ME.LOPL3]",ME,4,ME.LOP,4,ME,3,ME.LOP,3
166696445,mixed,mix->mix,mix,mix,2,0,2,1160,15,1.0,4138,3.567,LO,4,2,2,"[LOL3, ME.LOL4] -> LOL4 -> [LO.AOTUL5, LO.PVLPL4]",LO,3,ME.LO,4,LO.AOTU,5,LO.PVLP,4
166165440,pure_lateral,lat->lat,lat,lat,0,0,4,1,1,1.0,2481,2481.0,MB_ML.MB_CA,3,2,2,"[MB_CA.MB_MLL3, PLP.MB_PEDL3] -> MB_ML.MB_CAL3 -> [MB_CA.MB_VLL3, PLP.CREL3]",MB_CA.MB_ML,3,PLP.MB_PED,3,MB_CA.MB_VL,3,PLP.CRE,3
166165440,pure_lateral,lat->lat,lat,lat,0,0,4,1,1,1.0,2481,2481.0,MB_ML.MB_CA,3,2,2,"[MB_CA.MB_VLL3, PLP.MB_PEDL3] -> MB_ML.MB_CAL3 -> [MB_CA.MB_MLL3, PLP.CREL3]",MB_CA.MB_VL,3,PLP.MB_PED,3,MB_CA.MB_ML,3,PLP.CRE,3
165515655,mixed,mix->mix,mix,mix,2,2,0,1160,35,1.0,11469,9.887,LO,4,2,2,"[LOL5, ME.LOL3] -> LOL4 -> [LOL3, LO.PVLPL5]",LO,5,ME.LO,3,LO,3,LO.PVLP,5
164846503,mixed,FF->mix,FF,mix,3,0,1,1160,8,1.0,10181,8.777,LO,4,2,2,"[LO.PLPL3, ME.LOL3] -> LOL4 -> [LO.AOTUL5, LO.PVLPL4]",LO.PLP,3,ME.LO,3,LO.AOTU,5,LO.PVLP,4
164262654,mixed,FF->mix,FF,mix,3,0,1,1160,196,1.003,11482,9.898,LO,4,2,2,"[LOL3, ME.LOL3] -> LOL4 -> [LOL5, LO.SPSL4]",LO,3,ME.LO,3,LO,5,LO.SPS,4
164193212,mixed,lat->mix,lat,mix,1,0,3,52,1,1.0,2531,48.673,MB_ML,3,2,2,"[MB_CA.CREL3, MB_CA.MB_MLL3] -> MB_MLL3 -> [MB_CA.MB_VLL3, PLP.MB_MLL4]",MB_CA.CRE,3,MB_CA.MB_ML,3,MB_CA.MB_VL,3,PLP.MB_ML,4
164193212,mixed,lat->mix,lat,mix,1,0,3,52,1,1.0,2531,48.673,MB_ML,3,2,2,"[MB_CA.CREL3, MB_CA.MB_VLL3] -> MB_MLL3 -> [MB_CA.MB_MLL3, PLP.MB_MLL4]",MB_CA.CRE,3,MB_CA.MB_VL,3,MB_CA.MB_ML,3,PLP.MB_ML,4
164193212,mixed,mix->lat,mix,lat,0,1,3,52,1,1.0,2531,48.673,MB_ML,3,2,2,"[MB_CA.CREL3, PLP.MB_MLL4] -> MB_MLL3 -> [MB_CA.MB_MLL3, MB_CA.MB_VLL3]",MB_CA.CRE,3,PLP.MB_ML,4,MB_CA.MB_ML,3,MB_CA.MB_VL,3
164193212,mixed,lat->mix,lat,mix,1,0,3,52,1,1.0,2531,48.673,MB_ML,3,2,2,"[MB_CA.MB_MLL3, MB_CA.MB_VLL3] -> MB_MLL3 -> [MB_CA.CREL3, PLP.MB_MLL4]",MB_CA.MB_ML,3,MB_CA.MB_VL,3,MB_CA.CRE,3,PLP.MB_ML,4
164193212,mixed,mix->lat,mix,lat,0,1,3,52,1,1.0,2531,48.673,MB_ML,3,2,2,"[MB_CA.MB_MLL3, PLP.MB_MLL4] -> MB_MLL3 -> [MB_CA.CREL3, MB_CA.MB_VLL3]",MB_CA.MB_ML,3,PLP.MB_ML,4,MB_CA.CRE,3,MB_CA.MB_VL,3
164193212,mixed,mix->lat,mix,lat,0,1,3,52,1,1.0,2531,48.673,MB_ML,3,2,2,"[MB_CA.MB_VLL3, PLP.MB_MLL4] -> MB_MLL3 -> [MB_CA.CREL3, MB_CA.MB_MLL3]",MB_CA.MB_VL,3,PLP.MB_ML,4,MB_CA.CRE,3,MB_CA.MB_ML,3
163938925,mixed,FF->mix,FF,mix,3,1,0,1160,15,1.0,22084,19.038,LO,4,2,2,"[LOL3, ME.LOL3] -> LOL4 -> [LO.AOTUL5, MEL3]",LO,3,ME.LO,3,LO.AOTU,5,ME,3
163791648,pure_lateral,lat->lat,lat,lat,0,0,4,1,1,1.0,2558,2558.0,MB_ML.MB_CA,3,2,2,"[MB_CA.CREL3, MB_CA.MB_MLL3] -> MB_ML.MB_CAL3 -> [MB_CA.MB_VLL3, MB_MLL3]",MB_CA.CRE,3,MB_CA.MB_ML,3,MB_CA.MB_VL,3,MB_ML,3
163791648,pure_lateral,lat->lat,lat,lat,0,0,4,1,1,1.0,2558,2558.0,MB_ML.MB_CA,3,2,2,"[MB_CA.CREL3, MB_CA.MB_VLL3] -> MB_ML.MB_CAL3 -> [MB_CA.MB_MLL3, MB_MLL3]",MB_CA.CRE,3,MB_CA.MB_VL,3,MB_CA.MB_ML,3,MB_ML,3
163791648,pure_lateral,lat->lat,lat,lat,0,0,4,1,1,1.0,2558,2558.0,MB_ML.MB_CA,3,2,2,"[MB_CA.MB_MLL3, MB_CA.MB_VLL3] -> MB_ML.MB_CAL3 -> [MB_CA.CREL3, MB_MLL3]",MB_CA.MB_ML,3,MB_CA.MB_VL,3,MB_CA.CRE,3,MB_ML,3
163734663,mixed,mix->mix,mix,mix,1,1,2,2282,3,1.27,14011,6.14,LO,3,2,2,"[ME.LOL3, PVLP.LOL4] -> LOL3 -> [LO.LOPL3, LO.LOPL4]",ME.LO,3,PVLP.LO,4,LO.LOP,3,LO.LOP,4
163191447,mixed,FB->lat,FB,lat,0,2,2,2282,9,1.994,9446,4.139,LO,3,2,2,"[MEL4, PVLP.LOL4] -> LOL3 -> [LO.LOPL3, ME.LOPL3]",ME,4,PVLP.LO,4,LO.LOP,3,ME.LOP,3
161910176,pure_lateral,lat->lat,lat,lat,0,0,4,2282,4,1.0,18571,8.138,LO,3,2,2,"[LO.LOPL3, LOP.LOL3] -> LOL3 -> [MEL3, ME.LOPL3]",LO.LOP,3,LOP.LO,3,ME,3,ME.LOP,3
161909760,pure_lateral,lat->lat,lat,lat,0,0,4,2282,1,1.0,18665,8.179,LO,3,2,2,"[LO.LOPL3, LO.PLPL3] -> LOL3 -> [MEL3, ME.LOPL3]",LO.LOP,3,LO.PLP,3,ME,3,ME.LOP,3
161909760,pure_lateral,lat->lat,lat,lat,0,0,4,2282,1,1.0,18484,8.1,LO,3,2,2,"[LO.LOPL3, PVLP.LOL3] -> LOL3 -> [MEL3, ME.LOPL3]",LO.LOP,3,PVLP.LO,3,ME,3,ME.LOP,3
161733117,mixed,FF->FB,FF,FB,2,2,0,1160,15,1.002,12068,10.403,LO,4,2,2,"[LO.PLPL3, ME.LOL3] -> LOL4 -> [LOL3, LO.PVLPL3]",LO.PLP,3,ME.LO,3,LO,3,LO.PVLP,3
160856560,mixed,lat->mix,lat,mix,1,0,3,35,1,1.0,10464,298.971,PVLP.LO,3,2,2,"[GNG.AVLPL3, LO.PVLPL3] -> PVLP.LOL3 -> [LO.PVLPL4, ME.LOL3]",GNG.AVLP,3,LO.PVLP,3,LO.PVLP,4,ME.LO,3
160856560,mixed,lat->mix,lat,mix,1,0,3,35,1,1.0,10484,299.543,PVLP.LO,3,2,2,"[LO.AVLPL3, LO.PVLPL3] -> PVLP.LOL3 -> [LO.PVLPL4, ME.LOL3]",LO.AVLP,3,LO.PVLP,3,LO.PVLP,4,ME.LO,3
159785922,mixed,mix->FF,mix,FF,2,1,1,2282,2,1.058,6350,2.783,LO,3,2,2,"[ME.LOPL3, ME.LOPL4] -> LOL3 -> [LO.LOPL4, MEL4]",ME.LOP,3,ME.LOP,4,LO.LOP,4,ME,4
159673081,mixed,FF->lat,FF,lat,2,0,2,1160,18,1.122,13972,12.045,LO,4,2,2,"[LOL3, MEL3] -> LOL4 -> [LO.PVLPL4, PVLP.LOL4]",LO,3,ME,3,LO.PVLP,4,PVLP.LO,4
158566023,mixed,FF->mix,FF,mix,3,0,1,1160,12,1.0,9974,8.598,LO,4,2,2,"[LOP.LOL3, ME.LOL3] -> LOL4 -> [LO.PVLPL4, LO.PVLPL5]",LOP.LO,3,ME.LO,3,LO.PVLP,4,LO.PVLP,5
158557860,mixed,mix->mix,mix,mix,1,1,2,2282,2,1.111,14682,6.434,LO,3,2,2,"[LO.LOPL3, MEL4] -> LOL3 -> [ME.LOL3, ME.LOPL4]",LO.LOP,3,ME,4,ME.LO,3,ME.LOP,4
157857168,pure_lateral,lat->lat,lat,lat,0,0,4,1,1,1.0,2481,2481.0,MB_ML.MB_CA,3,2,2,"[MB_CA.MB_MLL3, MB_CA.MB_VLL3] -> MB_ML.MB_CAL3 -> [PLP.CREL3, PLP.MB_PEDL3]",MB_CA.MB_ML,3,MB_CA.MB_VL,3,PLP.CRE,3,PLP.MB_PED,3
156776692,mixed,FF->mix,FF,mix,3,1,0,1160,17,1.004,20508,17.679,LO,4,2,2,"[MEL3, ME.LOL3] -> LOL4 -> [LO.AOTUL5, LO.PVLPL3]",ME,3,ME.LO,3,LO.AOTU,5,LO.PVLP,3
156055456,mixed,FF->lat,FF,lat,2,0,2,1160,7,1.0,20494,17.667,LO,4,2,2,"[MEL3, ME.LOL3] -> LOL4 -> [LO.PVLPL4, LOP.PVLPL4]",ME,3,ME.LO,3,LO.PVLP,4,LOP.PVLP,4
155960316,mixed,mix->FF,mix,FF,2,1,1,2282,2,1.026,11556,5.064,LO,3,2,2,"[MEL4, ME.LOL3] -> LOL3 -> [LO.LOPL4, ME.LOPL4]",ME,4,ME.LO,3,LO.LOP,4,ME.LOP,4
154850508,mixed,mix->mix,mix,mix,2,1,1,1160,7,1.0,11630,10.026,LO,4,2,2,"[LO.PLPL4, ME.LOL3] -> LOL4 -> [LOL3, LO.AOTUL5]",LO.PLP,4,ME.LO,3,LO,3,LO.AOTU,5
154319560,mixed,mix->mix,mix,mix,1,2,1,1160,119,1.0,11608,10.007,LO,4,2,2,"[LOL5, ME.LOL3] -> LOL4 -> [LOL3, LO.PLPL4]",LO,5,ME.LO,3,LO,3,LO.PLP,4
154186160,mixed,mix->mix,mix,mix,1,1,2,2282,2,1.244,16103,7.057,LO,3,2,2,"[MEL3, ME.LOPL4] -> LOL3 -> [MEL4, ME.LOPL3]",ME,3,ME.LOP,4,ME,4,ME.LOP,3
154140967,pure_lateral,lat->lat,lat,lat,0,0,4,2282,8,1.0,16759,7.344,LO,3,2,2,"[LO.MEL3, ME.LOL3] -> LOL3 -> [LO.LOPL3, ME.LOPL3]",LO.ME,3,ME.LO,3,LO.LOP,3,ME.LOP,3
153133509,mixed,mix->lat,mix,lat,1,0,3,1160,12,1.011,10600,9.138,LO,4,2,2,"[ME.LOL3, ME.LOL4] -> LOL4 -> [LO.PVLPL4, PVLP.LOL4]",ME.LO,3,ME.LO,4,LO.PVLP,4,PVLP.LO,4
153111276,mixed,lat->FB,lat,FB,0,2,2,109,3,2.743,10498,96.312,PVLP.LO,4,2,2,"[LO.AVLPL4, LO.PVLPL4] -> PVLP.LOL4 -> [LO.PVLPL3, ME.LOL3]",LO.AVLP,4,LO.PVLP,4,LO.PVLP,3,ME.LO,3
152382276,mixed,mix->mix,mix,mix,1,2,1,109,3,2.924,13803,126.633,PVLP.LO,4,2,2,"[AVLPL5, LO.PVLPL3] -> PVLP.LOL4 -> [LO.PVLPL4, MEL3]",AVLP,5,LO.PVLP,3,LO.PVLP,4,ME,3
152346755,mixed,mix->mix,mix,mix,1,1,2,1160,82,1.001,10707,9.23,LO,4,2,2,"[ME.LOL3, ME.LOL4] -> LOL4 -> [LO.PLPL3, LO.PVLPL4]",ME.LO,3,ME.LO,4,LO.PLP,3,LO.PVLP,4
152327063,mixed,mix->mix,mix,mix,2,0,2,1160,88,1.0,10616,9.152,LO,4,2,2,"[ME.LOL3, ME.LOL4] -> LOL4 -> [LO.PVLPL4, LO.SPSL5]",ME.LO,3,ME.LO,4,LO.PVLP,4,LO.SPS,5
152318320,mixed,mix->lat,mix,lat,0,1,3,1,1,1.0,2997,2997.0,MB_ML.MB_CA,3,2,2,"[LHL4, MB_CA.MB_PEDL3] -> MB_ML.MB_CAL3 -> [MB_CA.MB_MLL3, MB_CA.MB_VLL3]",LH,4,MB_CA.MB_PED,3,MB_CA.MB_ML,3,MB_CA.MB_VL,3
152318320,pure_lateral,lat->lat,lat,lat,0,0,4,1,1,1.0,2664,2664.0,MB_ML.MB_CA,3,2,2,"[MB_CA.MB_MLL3, MB_CA.MB_PEDL3] -> MB_ML.MB_CAL3 -> [MB_CA.MB_VLL3, MB_PEDL3]",MB_CA.MB_ML,3,MB_CA.MB_PED,3,MB_CA.MB_VL,3,MB_PED,3
152318320,mixed,lat->mix,lat,mix,1,0,3,1,1,1.0,2682,2682.0,MB_ML.MB_CA,3,2,2,"[MB_CA.MB_MLL3, MB_CA.MB_PEDL3] -> MB_ML.MB_CAL3 -> [MB_CA.MB_VLL3, PLP.MB_MLL4]",MB_CA.MB_ML,3,MB_CA.MB_PED,3,MB_CA.MB_VL,3,PLP.MB_ML,4
152318320,pure_lateral,lat->lat,lat,lat,0,0,4,1,1,1.0,2664,2664.0,MB_ML.MB_CA,3,2,2,"[MB_CA.MB_PEDL3, MB_CA.MB_VLL3] -> MB_ML.MB_CAL3 -> [MB_CA.MB_MLL3, MB_PEDL3]",MB_CA.MB_PED,3,MB_CA.MB_VL,3,MB_CA.MB_ML,3,MB_PED,3
152318320,mixed,lat->mix,lat,mix,1,0,3,1,1,1.0,2682,2682.0,MB_ML.MB_CA,3,2,2,"[MB_CA.MB_PEDL3, MB_CA.MB_VLL3] -> MB_ML.MB_CAL3 -> [MB_CA.MB_MLL3, PLP.MB_MLL4]",MB_CA.MB_PED,3,MB_CA.MB_VL,3,MB_CA.MB_ML,3,PLP.MB_ML,4
152318320,mixed,mix->lat,mix,lat,0,1,3,1,1,1.0,2885,2885.0,MB_ML.MB_CA,3,2,2,"[MB_CA.MB_PEDL3, PLPL4] -> MB_ML.MB_CAL3 -> [MB_CA.MB_MLL3, MB_CA.MB_VLL3]",MB_CA.MB_PED,3,PLP,4,MB_CA.MB_ML,3,MB_CA.MB_VL,3
152034708,mixed,mix->mix,mix,mix,2,1,1,109,2,1.527,11958,109.706,PVLP.LO,4,2,2,"[LO.PVLPL3, LO.PVLPL4] -> PVLP.LOL4 -> [AVLPL5, ME.LOL3]",LO.PVLP,3,LO.PVLP,4,AVLP,5,ME.LO,3
152034708,mixed,mix->mix,mix,mix,2,1,1,109,2,1.527,10446,95.835,PVLP.LO,4,2,2,"[LO.PVLPL3, LO.PVLPL4] -> PVLP.LOL4 -> [ME.LOL3, PVLP.LOL5]",LO.PVLP,3,LO.PVLP,4,ME.LO,3,PVLP.LO,5
151862398,mixed,FB->lat,FB,lat,0,2,2,2282,2,1.184,14682,6.434,LO,3,2,2,"[MEL4, ME.LOPL4] -> LOL3 -> [LO.LOPL3, ME.LOL3]",ME,4,ME.LOP,4,LO.LOP,3,ME.LO,3
151329240,mixed,mix->lat,mix,lat,0,1,3,1,1,1.0,2997,2997.0,MB_ML.MB_CA,3,2,2,"[LHL4, MB_CA.MB_MLL3] -> MB_ML.MB_CAL3 -> [MB_CA.MB_PEDL3, MB_CA.MB_VLL3]",LH,4,MB_CA.MB_ML,3,MB_CA.MB_PED,3,MB_CA.MB_VL,3
151329240,mixed,mix->lat,mix,lat,0,1,3,1,1,1.0,2997,2997.0,MB_ML.MB_CA,3,2,2,"[LHL4, MB_CA.MB_VLL3] -> MB_ML.MB_CAL3 -> [MB_CA.MB_MLL3, MB_CA.MB_PEDL3]",LH,4,MB_CA.MB_VL,3,MB_CA.MB_ML,3,MB_CA.MB_PED,3
151329240,pure_lateral,lat->lat,lat,lat,0,0,4,1,1,1.0,2664,2664.0,MB_ML.MB_CA,3,2,2,"[MB_CA.MB_MLL3, MB_CA.MB_VLL3] -> MB_ML.MB_CAL3 -> [MB_CA.MB_PEDL3, MB_PEDL3]",MB_CA.MB_ML,3,MB_CA.MB_VL,3,MB_CA.MB_PED,3,MB_PED,3
151329240,mixed,lat->mix,lat,mix,1,0,3,1,1,1.0,2682,2682.0,MB_ML.MB_CA,3,2,2,"[MB_CA.MB_MLL3, MB_CA.MB_VLL3] -> MB_ML.MB_CAL3 -> [MB_CA.MB_PEDL3, PLP.MB_MLL4]",MB_CA.MB_ML,3,MB_CA.MB_VL,3,MB_CA.MB_PED,3,PLP.MB_ML,4
151329240,mixed,mix->lat,mix,lat,0,1,3,1,1,1.0,2885,2885.0,MB_ML.MB_CA,3,2,2,"[MB_CA.MB_MLL3, PLPL4] -> MB_ML.MB_CAL3 -> [MB_CA.MB_PEDL3, MB_CA.MB_VLL3]",MB_CA.MB_ML,3,PLP,4,MB_CA.MB_PED,3,MB_CA.MB_VL,3
151329240,mixed,lat->mix,lat,mix,1,0,3,1,1,1.0,2497,2497.0,MB_ML.MB_CA,3,2,2,"[MB_CA.MB_MLL3, PLP.CREL3] -> MB_ML.MB_CAL3 -> [MB_CA.MB_VLL3, PLP.CREL4]",MB_CA.MB_ML,3,PLP.CRE,3,MB_CA.MB_VL,3,PLP.CRE,4
151329240,mixed,mix->lat,mix,lat,0,1,3,1,1,1.0,2885,2885.0,MB_ML.MB_CA,3,2,2,"[MB_CA.MB_VLL3, PLPL4] -> MB_ML.MB_CAL3 -> [MB_CA.MB_MLL3, MB_CA.MB_PEDL3]",MB_CA.MB_VL,3,PLP,4,MB_CA.MB_ML,3,MB_CA.MB_PED,3
151329240,mixed,lat->mix,lat,mix,1,0,3,1,1,1.0,2497,2497.0,MB_ML.MB_CA,3,2,2,"[MB_CA.MB_VLL3, PLP.CREL3] -> MB_ML.MB_CAL3 -> [MB_CA.MB_MLL3, PLP.CREL4]",MB_CA.MB_VL,3,PLP.CRE,3,MB_CA.MB_ML,3,PLP.CRE,4
151329240,mixed,mix->lat,mix,lat,0,1,3,1,1,1.0,2497,2497.0,MB_ML.MB_CA,3,2,2,"[PLP.CREL3, PLP.CREL4] -> MB_ML.MB_CAL3 -> [MB_CA.MB_MLL3, MB_CA.MB_VLL3]",PLP.CRE,3,PLP.CRE,4,MB_CA.MB_ML,3,MB_CA.MB_VL,3
151221504,mixed,mix->FF,mix,FF,2,1,1,2282,3,1.005,7371,3.23,LO,3,2,2,"[LO.LOPL4, ME.LOPL3] -> LOL3 -> [LOL4, MEL4]",LO.LOP,4,ME.LOP,3,LO,4,ME,4
151100688,mixed,mix->mix,mix,mix,1,1,2,2282,2,1.02,16090,7.051,LO,3,2,2,"[LO.LOPL3, ME.LOPL4] -> LOL3 -> [LOL4, MEL3]",LO.LOP,3,ME.LOP,4,LO,4,ME,3
150956236,mixed,FF->mix,FF,mix,2,1,1,1160,84,1.005,14079,12.137,LO,4,2,2,"[LOL3, MEL3] -> LOL4 -> [LO.PLPL3, LO.PVLPL4]",LO,3,ME,3,LO.PLP,3,LO.PVLP,4
150748024,mixed,FF->mix,FF,mix,3,0,1,1160,91,1.002,13988,12.059,LO,4,2,2,"[LOL3, MEL3] -> LOL4 -> [LO.PVLPL4, LO.SPSL5]",LO,3,ME,3,LO.PVLP,4,LO.SPS,5
150509445,mixed,FF->mix,FF,mix,2,1,1,207,8,1.181,2838,13.71,LO,5,2,2,"[LOL4, ME.LOL4] -> LOL5 -> [LO.PLPL5, LO.PVLPL4]",LO,4,ME.LO,4,LO.PLP,5,LO.PVLP,4
149929380,mixed,mix->mix,mix,mix,2,1,1,109,2,1.499,10473,96.083,PVLP.LO,4,2,2,"[LO.PVLPL3, LO.PVLPL4] -> PVLP.LOL4 -> [ME.LOL3, ME.LOL5]",LO.PVLP,3,LO.PVLP,4,ME.LO,3,ME.LO,5
149892126,mixed,FF->lat,FF,lat,2,0,2,1160,40,1.032,12157,10.48,LO,4,2,2,"[LOL3, ME.LOL3] -> LOL4 -> [LO.PVLPL4, PVLPL4]",LO,3,ME.LO,3,LO.PVLP,4,PVLP,4
149667210,pure_lateral,lat->lat,lat,lat,0,0,4,1,1,1.0,906,906.0,MB_ML.MB_CA,3,2,2,"[MB_CA.MB_PEDL3, PLP.CREL3] -> MB_ML.MB_CAL3 -> [MB_CA.CREL3, MB_CA.MB_VLL3]",MB_CA.MB_PED,3,PLP.CRE,3,MB_CA.CRE,3,MB_CA.MB_VL,3
149308602,mixed,mix->lat,mix,lat,1,0,3,1160,16,1.0,10120,8.724,LO,4,2,2,"[LO.PLPL4, ME.LOL3] -> LOL4 -> [LO.PVLPL4, LO.SPSL4]",LO.PLP,4,ME.LO,3,LO.PVLP,4,LO.SPS,4
148944940,mixed,mix->mix,mix,mix,1,2,1,109,3,2.962,10491,96.248,PVLP.LO,4,2,2,"[LO.PVLPL3, PVLP.AVLPL5] -> PVLP.LOL4 -> [ME.LOL3, ME.LOL4]",LO.PVLP,3,PVLP.AVLP,5,ME.LO,3,ME.LO,4
148695345,pure_lateral,lat->lat,lat,lat,0,0,4,1,1,1.0,906,906.0,MB_ML.MB_CA,3,2,2,"[MB_CA.CREL3, PLP.CREL3] -> MB_ML.MB_CAL3 -> [MB_CA.MB_PEDL3, MB_CA.MB_VLL3]",MB_CA.CRE,3,PLP.CRE,3,MB_CA.MB_PED,3,MB_CA.MB_VL,3
148695345,pure_lateral,lat->lat,lat,lat,0,0,4,1,1,1.0,906,906.0,MB_ML.MB_CA,3,2,2,"[MB_CA.MB_VLL3, PLP.CREL3] -> MB_ML.MB_CAL3 -> [MB_CA.CREL3, MB_CA.MB_PEDL3]",MB_CA.MB_VL,3,PLP.CRE,3,MB_CA.CRE,3,MB_CA.MB_PED,3
148308186,mixed,FF->mix,FF,mix,3,0,1,1160,1,1.0,11424,9.848,LO,4,2,2,"[LOL3, ME.LOL3] -> LOL4 -> [LO.AOTUL5, LOP.PVLPL4]",LO,3,ME.LO,3,LO.AOTU,5,LOP.PVLP,4
148023744,mixed,FB->lat,FB,lat,0,2,2,2282,4,1.026,17548,7.69,LO,3,2,2,"[LOL4, MEL4] -> LOL3 -> [LO.LOPL3, MEL3]",LO,4,ME,4,LO.LOP,3,ME,3
147839512,mixed,FF->lat,FF,lat,2,0,2,1160,29,1.0,10113,8.718,LO,4,2,2,"[LOP.LOL3, ME.LOL3] -> LOL4 -> [LO.PLPL4, LO.PVLPL4]",LOP.LO,3,ME.LO,3,LO.PLP,4,LO.PVLP,4
147715200,mixed,mix->lat,mix,lat,0,1,3,2282,1,1.0,8034,3.521,LO,3,2,2,"[LO.MEL3, ME.LOPL4] -> LOL3 -> [LO.LOPL3, ME.LOPL3]",LO.ME,3,ME.LOP,4,LO.LOP,3,ME.LOP,3
146340897,mixed,mix->mix,mix,mix,1,1,2,2282,3,1.19,13587,5.954,LO,3,2,2,"[ME.LOL3, PVLP.LOL4] -> LOL3 -> [LO.LOPL4, ME.LOPL3]",ME.LO,3,PVLP.LO,4,LO.LOP,4,ME.LOP,3
144939998,mixed,mix->mix,mix,mix,1,1,2,1160,13,1.0,4115,3.547,LO,4,2,2,"[LOL3, LO.PLPL4] -> LOL4 -> [LO.PVLPL3, LO.PVLPL4]",LO,3,LO.PLP,4,LO.PVLP,3,LO.PVLP,4
144714803,mixed,lat->FF,lat,FF,2,0,2,2282,7,1.026,17548,7.69,LO,3,2,2,"[LO.LOPL3, MEL3] -> LOL3 -> [LOL4, MEL4]",LO.LOP,3,ME,3,LO,4,ME,4
144256360,mixed,mix->mix,mix,mix,2,0,2,1160,3,1.0,10094,8.702,LO,4,2,2,"[LO.SPSL4, ME.LOL3] -> LOL4 -> [LO.AOTUL5, LO.PVLPL4]",LO.SPS,4,ME.LO,3,LO.AOTU,5,LO.PVLP,4
144191304,mixed,mix->mix,mix,mix,1,1,2,109,3,2.488,10456,95.927,PVLP.LO,4,2,2,"[LO.PVLPL3, LO.PVLPL4] -> PVLP.LOL4 -> [LO.MEL4, ME.LOL3]",LO.PVLP,3,LO.PVLP,4,LO.ME,4,ME.LO,3
144003888,mixed,mix->mix,mix,mix,1,1,2,2282,2,1.034,16090,7.051,LO,3,2,2,"[LOL4, LO.LOPL3] -> LOL3 -> [MEL3, ME.LOPL4]",LO,4,LO.LOP,3,ME,3,ME.LOP,4
143934688,mixed,mix->lat,mix,lat,0,1,3,52,1,1.0,3596,69.154,MB_ML,3,2,2,"[MB_CA.MB_MLL3, SMPL4] -> MB_MLL3 -> [MB_CA.MB_PEDL3, MB_CA.MB_VLL3]",MB_CA.MB_ML,3,SMP,4,MB_CA.MB_PED,3,MB_CA.MB_VL,3
143934688,mixed,mix->lat,mix,lat,0,1,3,52,1,1.0,3596,69.154,MB_ML,3,2,2,"[MB_CA.MB_PEDL3, SMPL4] -> MB_MLL3 -> [MB_CA.MB_MLL3, MB_CA.MB_VLL3]",MB_CA.MB_PED,3,SMP,4,MB_CA.MB_ML,3,MB_CA.MB_VL,3
143934688,mixed,mix->lat,mix,lat,0,1,3,52,1,1.0,3596,69.154,MB_ML,3,2,2,"[MB_CA.MB_VLL3, SMPL4] -> MB_MLL3 -> [MB_CA.MB_MLL3, MB_CA.MB_PEDL3]",MB_CA.MB_VL,3,SMP,4,MB_CA.MB_ML,3,MB_CA.MB_PED,3
143933466,mixed,lat->mix,lat,mix,1,0,3,2282,2,1.0,14024,6.145,LO,3,2,2,"[LOP.LOL3, ME.LOL3] -> LOL3 -> [LO.LOPL3, LO.LOPL4]",LOP.LO,3,ME.LO,3,LO.LOP,3,LO.LOP,4
143932263,mixed,lat->mix,lat,mix,1,0,3,2282,2,1.0,13937,6.107,LO,3,2,2,"[ME.LOL3, PVLP.LOL3] -> LOL3 -> [LO.LOPL3, LO.LOPL4]",ME.LO,3,PVLP.LO,3,LO.LOP,3,LO.LOP,4
143932206,mixed,lat->mix,lat,mix,1,0,3,2282,1,1.0,14118,6.187,LO,3,2,2,"[LO.PLPL3, ME.LOL3] -> LOL3 -> [LO.LOPL3, LO.LOPL4]",LO.PLP,3,ME.LO,3,LO.LOP,3,LO.LOP,4
143896441,mixed,mix->mix,mix,mix,0,2,2,109,5,2.751,4254,39.028,PVLP.LO,4,2,2,"[AVLPL5, LO.PVLPL4] -> PVLP.LOL4 -> [LOL4, LO.PVLPL3]",AVLP,5,LO.PVLP,4,LO,4,LO.PVLP,3
143427838,mixed,FF->mix,FF,mix,3,1,0,1160,20,1.0,22084,19.038,LO,4,2,2,"[LOL3, MEL3] -> LOL4 -> [LO.AOTUL5, ME.LOL3]",LO,3,ME,3,LO.AOTU,5,ME.LO,3
143292600,mixed,mix->mix,mix,mix,0,2,2,109,3,2.924,10657,97.771,PVLP.LO,4,2,2,"[LO.PVLPL4, PVLP.AVLPL5] -> PVLP.LOL4 -> [ME.LOL3, ME.LOL4]",LO.PVLP,4,PVLP.AVLP,5,ME.LO,3,ME.LO,4
142584730,mixed,mix->mix,mix,mix,2,0,2,1160,32,1.001,4025,3.47,LO,4,2,2,"[LOL3, ME.LOL4] -> LOL4 -> [LO.PVLPL4, LO.PVLPL5]",LO,3,ME.LO,4,LO.PVLP,4,LO.PVLP,5
142144896,mixed,FF->FB,FF,FB,2,2,0,109,3,2.86,12164,111.596,PVLP.LO,4,2,2,"[AVLPL3, LO.PVLPL3] -> PVLP.LOL4 -> [LOL3, ME.LOL3]",AVLP,3,LO.PVLP,3,LO,3,ME.LO,3
141924976,mixed,mix->mix,mix,mix,0,2,2,109,3,2.909,11391,104.505,PVLP.LO,4,2,2,"[AVLPL5, PVLPL4] -> PVLP.LOL4 -> [LO.PVLPL4, ME.LOL3]",AVLP,5,PVLP,4,LO.PVLP,4,ME.LO,3
141869269,mixed,FF->lat,FF,lat,2,0,2,1160,15,1.033,20602,17.76,LO,4,2,2,"[MEL3, ME.LOL3] -> LOL4 -> [LO.AOTUL4, LO.PVLPL4]",ME,3,ME.LO,3,LO.AOTU,4,LO.PVLP,4
141438938,mixed,mix->FB,mix,FB,1,2,1,1160,4,1.001,11981,10.328,LO,4,2,2,"[LO.SPSL4, ME.LOL3] -> LOL4 -> [LOL3, LO.PVLPL3]",LO.SPS,4,ME.LO,3,LO,3,LO.PVLP,3
141240624,mixed,lat->mix,lat,mix,1,0,3,1,1,1.0,2497,2497.0,MB_ML.MB_CA,3,2,2,"[MB_CA.MB_MLL3, MB_CA.MB_VLL3] -> MB_ML.MB_CAL3 -> [PLP.CREL3, PLP.CREL4]",MB_CA.MB_ML,3,MB_CA.MB_VL,3,PLP.CRE,3,PLP.CRE,4
141240624,mixed,mix->lat,mix,lat,0,1,3,1,1,1.0,2497,2497.0,MB_ML.MB_CA,3,2,2,"[MB_CA.MB_MLL3, PLP.CREL4] -> MB_ML.MB_CAL3 -> [MB_CA.MB_VLL3, PLP.CREL3]",MB_CA.MB_ML,3,PLP.CRE,4,MB_CA.MB_VL,3,PLP.CRE,3
141240624,mixed,mix->lat,mix,lat,0,1,3,1,1,1.0,2497,2497.0,MB_ML.MB_CA,3,2,2,"[MB_CA.MB_VLL3, PLP.CREL4] -> MB_ML.MB_CAL3 -> [MB_CA.MB_MLL3, PLP.CREL3]",MB_CA.MB_VL,3,PLP.CRE,4,MB_CA.MB_ML,3,PLP.CRE,3
141028675,mixed,FF->mix,FF,mix,3,0,1,1160,6,1.001,10068,8.679,LO,4,2,2,"[LO.PLPL3, ME.LOL3] -> LOL4 -> [LO.PVLPL4, LO.PVLPL5]",LO.PLP,3,ME.LO,3,LO.PVLP,4,LO.PVLP,5
140299333,mixed,mix->mix,mix,mix,1,2,1,1160,180,1.001,11482,9.898,LO,4,2,2,"[LOL5, ME.LOL3] -> LOL4 -> [LOL3, LO.SPSL4]",LO,5,ME.LO,3,LO,3,LO.SPS,4
140232487,mixed,FF->mix,FF,mix,3,1,0,1160,22,1.001,21971,18.941,LO,4,2,2,"[LOL3, ME.LOL3] -> LOL4 -> [LO.PVLPL5, MEL3]",LO,3,ME.LO,3,LO.PVLP,5,ME,3
139689396,pure_lateral,lat->lat,lat,lat,0,0,4,1,1,1.0,906,906.0,MB_ML.MB_CA,3,2,2,"[MB_CA.CREL3, MB_CA.MB_PEDL3] -> MB_ML.MB_CAL3 -> [MB_CA.MB_VLL3, PLP.CREL3]",MB_CA.CRE,3,MB_CA.MB_PED,3,MB_CA.MB_VL,3,PLP.CRE,3
139689396,pure_lateral,lat->lat,lat,lat,0,0,4,1,1,1.0,906,906.0,MB_ML.MB_CA,3,2,2,"[MB_CA.MB_PEDL3, MB_CA.MB_VLL3] -> MB_ML.MB_CAL3 -> [MB_CA.CREL3, PLP.CREL3]",MB_CA.MB_PED,3,MB_CA.MB_VL,3,MB_CA.CRE,3,PLP.CRE,3
139374217,mixed,FF->mix,FF,mix,3,1,0,1160,17,1.0,11497,9.911,LO,4,2,2,"[LOP.LOL3, ME.LOL3] -> LOL4 -> [LOL3, LO.AOTUL5]",LOP.LO,3,ME.LO,3,LO,3,LO.AOTU,5
138900851,mixed,mix->mix,mix,mix,2,1,1,1160,14,1.0,3590,3.095,LO,4,2,2,"[LOL3, LOL5] -> LOL4 -> [LO.AOTUL5, LO.PVLPL4]",LO,3,LO,5,LO.AOTU,5,LO.PVLP,4
138782322,pure_lateral,lat->lat,lat,lat,0,0,4,1,1,1.0,906,906.0,MB_ML.MB_CA,3,2,2,"[MB_CA.CREL3, MB_CA.MB_VLL3] -> MB_ML.MB_CAL3 -> [MB_CA.MB_PEDL3, PLP.CREL3]",MB_CA.CRE,3,MB_CA.MB_VL,3,MB_CA.MB_PED,3,PLP.CRE,3
138459468,mixed,mix->mix,mix,mix,1,1,2,109,3,2.843,4651,42.67,PVLP.LO,4,2,2,"[AVLPL4, LO.PVLPL3] -> PVLP.LOL4 -> [LOL3, LO.PVLPL4]",AVLP,4,LO.PVLP,3,LO,3,LO.PVLP,4
138425876,mixed,mix->mix,mix,mix,1,1,2,2282,2,1.903,15039,6.59,LO,3,2,2,"[MEL3, PVLP.LOL4] -> LOL3 -> [LO.LOPL3, ME.LOPL4]",ME,3,PVLP.LO,4,LO.LOP,3,ME.LOP,4
137869923,mixed,mix->FF,mix,FF,2,1,1,2282,3,1.003,12577,5.511,LO,3,2,2,"[MEL4, ME.LOL3] -> LOL3 -> [LOL4, LO.LOPL4]",ME,4,ME.LO,3,LO,4,LO.LOP,4
137586456,mixed,mix->mix,mix,mix,1,1,2,2282,8,1.311,9009,3.948,LO,3,2,2,"[ME.LOPL3, PVLP.LOL4] -> LOL3 -> [LOL4, LO.LOPL3]",ME.LOP,3,PVLP.LO,4,LO,4,LO.LOP,3
137265160,mixed,FB->lat,FB,lat,0,2,2,2282,2,1.129,14258,6.248,LO,3,2,2,"[MEL4, ME.LOPL4] -> LOL3 -> [ME.LOL3, ME.LOPL3]",ME,4,ME.LOP,4,ME.LO,3,ME.LOP,3
136929684,mixed,mix->mix,mix,mix,1,1,2,2282,2,1.0,15480,6.784,LO,3,2,2,"[LOPL4, MEL3] -> LOL3 -> [LO.LOPL4, ME.LOPL3]",LOP,4,ME,3,LO.LOP,4,ME.LOP,3
136929600,mixed,lat->mix,lat,mix,1,0,3,2282,1,1.0,15324,6.715,LO,3,2,2,"[FB.LOL3, MEL3] -> LOL3 -> [LO.LOPL4, ME.LOPL3]",FB.LO,3,ME,3,LO.LOP,4,ME.LOP,3
136806590,mixed,FB->lat,FB,lat,0,2,2,2282,4,1.018,17124,7.504,LO,3,2,2,"[LOL4, MEL4] -> LOL3 -> [MEL3, ME.LOPL3]",LO,4,ME,4,ME,3,ME.LOP,3
136128818,mixed,mix->FB,mix,FB,0,3,1,109,3,2.75,11877,108.963,PVLP.LO,4,2,2,"[AVLPL4, AVLPL5] -> PVLP.LOL4 -> [LO.PVLPL3, ME.LOL3]",AVLP,4,AVLP,5,LO.PVLP,3,ME.LO,3
135720960,mixed,mix->mix,mix,mix,1,2,1,109,2,1.515,10558,96.862,PVLP.LO,4,2,2,"[LO.PVLPL3, LO.PVLPL5] -> PVLP.LOL4 -> [LO.PVLPL4, ME.LOL3]",LO.PVLP,3,LO.PVLP,5,LO.PVLP,4,ME.LO,3
135190847,mixed,mix->mix,mix,mix,1,1,2,2282,8,1.013,15703,6.881,LO,3,2,2,"[LO.LOPL3, MEL4] -> LOL3 -> [LOL4, ME.LOL3]",LO.LOP,3,ME,4,LO,4,ME.LO,3
135114223,mixed,FF->FB,FF,FB,2,2,0,207,9,1.079,2916,14.087,LO,5,2,2,"[LOL4, ME.LOL4] -> LOL5 -> [LO.PVLPL4, LO.SPSL4]",LO,4,ME.LO,4,LO.PVLP,4,LO.SPS,4
135066143,mixed,FF->mix,FF,mix,3,1,0,1160,31,1.02,20395,17.582,LO,4,2,2,"[MEL3, ME.LOL3] -> LOL4 -> [LO.PVLPL3, LO.PVLPL5]",ME,3,ME.LO,3,LO.PVLP,3,LO.PVLP,5
134676304,mixed,FB->lat,FB,lat,0,2,2,2282,2,1.056,16090,7.051,LO,3,2,2,"[LOL4, ME.LOPL4] -> LOL3 -> [LO.LOPL3, MEL3]",LO,4,ME.LOP,4,LO.LOP,3,ME,3
134553696,mixed,mix->FB,mix,FB,1,2,1,109,3,2.907,12330,113.119,PVLP.LO,4,2,2,"[AVLPL3, LO.PVLPL4] -> PVLP.LOL4 -> [LOL3, ME.LOL3]",AVLP,3,LO.PVLP,4,LO,3,ME.LO,3
134443116,mixed,mix->FF,mix,FF,2,1,1,2282,2,1.004,11119,4.872,LO,3,2,2,"[LO.LOPL4, ME.LOL3] -> LOL3 -> [LOL4, ME.LOPL4]",LO.LOP,4,ME.LO,3,LO,4,ME.LOP,4
134396579,mixed,FF->lat,FF,lat,2,0,2,1160,29,1.0,9987,8.609,LO,4,2,2,"[LOP.LOL3, ME.LOL3] -> LOL4 -> [LO.PVLPL4, LO.SPSL4]",LOP.LO,3,ME.LO,3,LO.PVLP,4,LO.SPS,4
134312640,pure_lateral,lat->lat,lat,lat,0,0,4,1,1,1.0,2397,2397.0,MB_ML.MB_CA,3,2,2,"[MB_CA.MB_PEDL3, PLP.MB_PEDL3] -> MB_ML.MB_CAL3 -> [MB_CA.CREL3, MB_CA.MB_MLL3]",MB_CA.MB_PED,3,PLP.MB_PED,3,MB_CA.CRE,3,MB_CA.MB_ML,3
134081562,pure_lateral,lat->lat,lat,lat,0,0,4,2282,3,1.0,16952,7.429,LO,3,2,2,"[LO.LOPL3, ME.LOL3] -> LOL3 -> [LOP.PLPL3, ME.LOPL3]",LO.LOP,3,ME.LO,3,LOP.PLP,3,ME.LOP,3
133554180,mixed,lat->mix,lat,mix,1,0,3,2282,2,1.0,13600,5.96,LO,3,2,2,"[LOP.LOL3, ME.LOL3] -> LOL3 -> [LO.LOPL4, ME.LOPL3]",LOP.LO,3,ME.LO,3,LO.LOP,4,ME.LOP,3
133553697,mixed,lat->mix,lat,mix,1,0,3,2282,2,1.0,13513,5.922,LO,3,2,2,"[ME.LOL3, PVLP.LOL3] -> LOL3 -> [LO.LOPL4, ME.LOPL3]",ME.LO,3,PVLP.LO,3,LO.LOP,4,ME.LOP,3
133553640,mixed,lat->mix,lat,mix,1,0,3,2282,1,1.0,13694,6.001,LO,3,2,2,"[LO.PLPL3, ME.LOL3] -> LOL3 -> [LO.LOPL4, ME.LOPL3]",LO.PLP,3,ME.LO,3,LO.LOP,4,ME.LOP,3
133525800,pure_lateral,lat->lat,lat,lat,0,0,4,1,1,1.0,2500,2500.0,MB_ML.MB_CA,3,2,2,"[MB_CA.MB_MLL3, PLP.CREL3] -> MB_ML.MB_CAL3 -> [MB_CA.MB_VLL3, PLP.MB_MLL3]",MB_CA.MB_ML,3,PLP.CRE,3,MB_CA.MB_VL,3,PLP.MB_ML,3
133525800,pure_lateral,lat->lat,lat,lat,0,0,4,1,1,1.0,2500,2500.0,MB_ML.MB_CA,3,2,2,"[MB_CA.MB_VLL3, PLP.CREL3] -> MB_ML.MB_CAL3 -> [MB_CA.MB_MLL3, PLP.MB_MLL3]",MB_CA.MB_VL,3,PLP.CRE,3,MB_CA.MB_ML,3,PLP.MB_ML,3
133525800,pure_lateral,lat->lat,lat,lat,0,0,4,1,1,1.0,2503,2503.0,MB_ML.MB_CA,3,2,2,"[MB_MLL3, PLP.CREL3] -> MB_ML.MB_CAL3 -> [MB_CA.MB_MLL3, MB_CA.MB_VLL3]",MB_ML,3,PLP.CRE,3,MB_CA.MB_ML,3,MB_CA.MB_VL,3
133525800,pure_lateral,lat->lat,lat,lat,0,0,4,1,1,1.0,2500,2500.0,MB_ML.MB_CA,3,2,2,"[PLP.CREL3, PLP.MB_MLL3] -> MB_ML.MB_CAL3 -> [MB_CA.MB_MLL3, MB_CA.MB_VLL3]",PLP.CRE,3,PLP.MB_ML,3,MB_CA.MB_ML,3,MB_CA.MB_VL,3
133525800,mixed,mix->lat,mix,lat,0,1,3,1,1,1.0,2476,2476.0,MB_ML.MB_CA,3,2,2,"[PLP.CREL3, PLP.MB_PEDL4] -> MB_ML.MB_CAL3 -> [MB_CA.MB_MLL3, MB_CA.MB_VLL3]",PLP.CRE,3,PLP.MB_PED,4,MB_CA.MB_ML,3,MB_CA.MB_VL,3
133440480,pure_lateral,lat->lat,lat,lat,0,0,4,1,1,1.0,2397,2397.0,MB_ML.MB_CA,3,2,2,"[MB_CA.CREL3, PLP.MB_PEDL3] -> MB_ML.MB_CAL3 -> [MB_CA.MB_MLL3, MB_CA.MB_PEDL3]",MB_CA.CRE,3,PLP.MB_PED,3,MB_CA.MB_ML,3,MB_CA.MB_PED,3
133440480,pure_lateral,lat->lat,lat,lat,0,0,4,1,1,1.0,2397,2397.0,MB_ML.MB_CA,3,2,2,"[MB_CA.MB_MLL3, PLP.MB_PEDL3] -> MB_ML.MB_CAL3 -> [MB_CA.CREL3, MB_CA.MB_PEDL3]",MB_CA.MB_ML,3,PLP.MB_PED,3,MB_CA.CRE,3,MB_CA.MB_PED,3
132889399,mixed,mix->lat,mix,lat,1,0,3,1160,51,1.0,4164,3.59,LO,4,2,2,"[LOL3, ME.LOL4] -> LOL4 -> [LO.PLPL4, LO.PVLPL4]",LO,3,ME.LO,4,LO.PLP,4,LO.PVLP,4
132787438,mixed,FF->mix,FF,mix,3,0,1,1160,60,1.001,11532,9.941,LO,4,2,2,"[LOL3, ME.LOL3] -> LOL4 -> [LO.AOTUL4, LO.AOTUL5]",LO,3,ME.LO,3,LO.AOTU,4,LO.AOTU,5
132715176,mixed,lat->mix,lat,mix,1,0,3,2282,1,1.0,8095,3.547,LO,3,2,2,"[LO.PLPL3, ME.LOPL3] -> LOL3 -> [LO.LOPL3, ME.LOPL4]",LO.PLP,3,ME.LOP,3,LO.LOP,3,ME.LOP,4
132715176,mixed,lat->mix,lat,mix,1,0,3,2282,1,1.0,8001,3.506,LO,3,2,2,"[LOP.LOL3, ME.LOPL3] -> LOL3 -> [LO.LOPL3, ME.LOPL4]",LOP.LO,3,ME.LOP,3,LO.LOP,3,ME.LOP,4
132715176,mixed,lat->mix,lat,mix,1,0,3,2282,1,1.0,7914,3.468,LO,3,2,2,"[ME.LOPL3, PVLP.LOL3] -> LOL3 -> [LO.LOPL3, ME.LOPL4]",ME.LOP,3,PVLP.LO,3,LO.LOP,3,ME.LOP,4
132410166,mixed,mix->mix,mix,mix,2,1,1,1160,7,1.0,11517,9.928,LO,4,2,2,"[LO.PLPL4, ME.LOL3] -> LOL4 -> [LOL3, LO.PVLPL5]",LO.PLP,4,ME.LO,3,LO,3,LO.PVLP,5
132260569,mixed,mix->mix,mix,mix,1,1,2,1160,154,1.007,14618,12.602,LO,4,2,2,"[MEL3, ME.LOL4] -> LOL4 -> [LOL3, LO.PVLPL4]",ME,3,ME.LO,4,LO,3,LO.PVLP,4
132165744,mixed,mix->FF,mix,FF,2,1,1,2282,2,1.012,7371,3.23,LO,3,2,2,"[LOL4, ME.LOPL3] -> LOL3 -> [LO.LOPL4, MEL4]",LO,4,ME.LOP,3,LO.LOP,4,ME,4
131990570,mixed,FF->mix,FF,mix,2,1,1,109,3,2.596,10752,98.642,PVLP.LO,4,2,2,"[GNG.AVLPL3, LO.PVLPL3] -> PVLP.LOL4 -> [LOL4, ME.LOL3]",GNG.AVLP,3,LO.PVLP,3,LO,4,ME.LO,3
131808418,mixed,mix->lat,mix,lat,0,1,3,2282,15,1.865,23764,10.414,LO,3,2,2,"[MEL3, PVLP.LOL4] -> LOL3 -> [LO.LOPL3, ME.LOL3]",ME,3,PVLP.LO,4,LO.LOP,3,ME.LO,3
131571552,mixed,mix->FB,mix,FB,1,2,1,109,3,2.408,11922,109.376,PVLP.LO,4,2,2,"[LO.PVLPL3, PVLP.AVLPL4] -> PVLP.LOL4 -> [LOL3, ME.LOL3]",LO.PVLP,3,PVLP.AVLP,4,LO,3,ME.LO,3
131431841,mixed,FF->lat,FF,lat,2,0,2,1160,9,1.001,10207,8.799,LO,4,2,2,"[LO.PLPL3, ME.LOL3] -> LOL4 -> [LO.PLPL4, LO.PVLPL4]",LO.PLP,3,ME.LO,3,LO.PLP,4,LO.PVLP,4
130942980,mixed,FF->mix,FF,mix,3,1,0,1160,102,1.003,11487,9.903,LO,4,2,2,"[LOL3, ME.LOL3] -> LOL4 -> [LO.PLPL3, LO.SPSL5]",LO,3,ME.LO,3,LO.PLP,3,LO.SPS,5
130908964,mixed,FF->mix,FF,mix,2,1,1,1160,9,1.002,11471,9.889,LO,4,2,2,"[LOL3, ME.LOL3] -> LOL4 -> [LO.PLPL3, PVLP.LOL4]",LO,3,ME.LO,3,LO.PLP,3,PVLP.LO,4
130807244,mixed,FF->mix,FF,mix,3,0,1,1160,10,1.001,11380,9.81,LO,4,2,2,"[LOL3, ME.LOL3] -> LOL4 -> [LO.SPSL5, PVLP.LOL4]",LO,3,ME.LO,3,LO.SPS,5,PVLP.LO,4
130711420,mixed,FF->mix,FF,mix,2,1,1,1160,43,1.001,22110,19.06,LO,4,2,2,"[LOL3, ME.LOL3] -> LOL4 -> [LO.PLPL4, MEL3]",LO,3,ME.LO,3,LO.PLP,4,ME,3
130447031,mixed,FF->mix,FF,mix,2,1,1,1160,27,1.0,3982,3.433,LO,4,2,2,"[LOL3, LOP.LOL3] -> LOL4 -> [LO.PVLPL3, LO.PVLPL4]",LO,3,LOP.LO,3,LO.PVLP,3,LO.PVLP,4
130287258,pure_lateral,lat->lat,lat,lat,0,0,4,2282,4,1.0,16726,7.33,LO,3,2,2,"[LO.LOPL3, LOP.LOL3] -> LOL3 -> [ME.LOL3, ME.LOPL3]",LO.LOP,3,LOP.LO,3,ME.LO,3,ME.LOP,3
130286760,pure_lateral,lat->lat,lat,lat,0,0,4,2282,1,1.0,16820,7.371,LO,3,2,2,"[LO.LOPL3, LO.PLPL3] -> LOL3 -> [ME.LOL3, ME.LOPL3]",LO.LOP,3,LO.PLP,3,ME.LO,3,ME.LOP,3
130286760,pure_lateral,lat->lat,lat,lat,0,0,4,2282,1,1.0,16639,7.291,LO,3,2,2,"[LO.LOPL3, PVLP.LOL3] -> LOL3 -> [ME.LOL3, ME.LOPL3]",LO.LOP,3,PVLP.LO,3,ME.LO,3,ME.LOP,3
130021387,mixed,mix->mix,mix,mix,2,0,2,1160,141,1.002,10698,9.222,LO,4,2,2,"[ME.LOL3, ME.LOL4] -> LOL4 -> [LOL5, LO.PVLPL4]",ME.LO,3,ME.LO,4,LO,5,LO.PVLP,4
129666055,mixed,mix->mix,mix,mix,1,1,2,2282,6,1.073,17548,7.69,LO,3,2,2,"[LOL4, MEL3] -> LOL3 -> [LO.LOPL3, MEL4]",LO,4,ME,3,LO.LOP,3,ME,4
129271140,mixed,mix->FB,mix,FB,0,3,1,109,3,2.819,4026,36.936,PVLP.LO,4,2,2,"[LO.PVLPL4, PVLP.AVLPL5] -> PVLP.LOL4 -> [LOL3, LO.PVLPL3]",LO.PVLP,4,PVLP.AVLP,5,LO,3,LO.PVLP,3
129127703,mixed,FF->mix,FF,mix,3,0,1,1160,138,1.011,14070,12.129,LO,4,2,2,"[LOL3, MEL3] -> LOL4 -> [LOL5, LO.PVLPL4]",LO,3,ME,3,LO,5,LO.PVLP,4
129031488,mixed,lat->FB,lat,FB,0,2,2,109,3,2.354,12088,110.899,PVLP.LO,4,2,2,"[LO.PVLPL4, PVLP.AVLPL4] -> PVLP.LOL4 -> [LOL3, ME.LOL3]",LO.PVLP,4,PVLP.AVLP,4,LO,3,ME.LO,3
128835429,mixed,FF->mix,FF,mix,2,1,1,207,13,1.115,2912,14.068,LO,5,2,2,"[LOL4, ME.LOL4] -> LOL5 -> [LO.PVLPL4, LO.SPSL5]",LO,4,ME.LO,4,LO.PVLP,4,LO.SPS,5
