motif_count,hourglass_type,signature,fanin_sig,fanout_sig,n_FWD,n_BWD,n_LAT,n_waist,n_waist_active,n_waist_eff,n_periphery,compression,bottleneck_area,bottleneck_level,k_in,k_out,structure_str,fan_in_0_area,fan_in_0_level,fan_in_1_area,fan_in_1_level,fan_out_0_area,fan_out_0_level,fan_out_1_area,fan_out_1_level
1515876724,mixed,mix->mix,mix,mix,2,0,2,145,144,14.855,7385,50.931,AL.MB,2,2,2,"[ALL1, ALL2] -> AL.MBL2 -> [MBL2, MBL3]",AL,1,AL,2,MB,2,MB,3
516549638,mixed,mix->mix,mix,mix,2,0,2,214,87,11.83,7385,34.509,AL.LH,2,2,2,"[ALL1, ALL2] -> AL.LHL2 -> [MBL2, MBL3]",AL,1,AL,2,MB,2,MB,3
366080715,mixed,mix->mix,mix,mix,1,1,2,2764,3,1.997,2321,0.84,MB,3,2,2,"[AL.MBL2, MB.VLNPL3] -> MBL3 -> [INP.MBL3, MBL2]",AL.MB,2,MB.VLNP,3,INP.MB,3,MB,2
365579120,mixed,mix->mix,mix,mix,1,1,2,2764,2,1.997,2321,0.84,MB,3,2,2,"[AL.MBL2, INP.MBL3] -> MBL3 -> [MBL2, MB.VLNPL3]",AL.MB,2,INP.MB,3,MB,2,MB.VLNP,3
358229864,mixed,mix->mix,mix,mix,1,1,2,2764,2,1.998,2321,0.84,MB,3,2,2,"[MBL2, MB.VLNPL3] -> MBL3 -> [AL.MBL2, INP.MBL3]",MB,2,MB.VLNP,3,AL.MB,2,INP.MB,3
357737320,mixed,mix->mix,mix,mix,1,1,2,2764,2,1.997,2321,0.84,MB,3,2,2,"[INP.MBL3, MBL2] -> MBL3 -> [AL.MBL2, MB.VLNPL3]",INP.MB,3,MB,2,AL.MB,2,MB.VLNP,3
342432117,mixed,mix->mix,mix,mix,2,0,2,145,142,14.94,5342,36.841,AL.MB,2,2,2,"[ALL1, ALL2] -> AL.MBL2 -> [LH.SNPL3, MBL2]",AL,1,AL,2,LH.SNP,3,MB,2
339861350,mixed,mix->mix,mix,mix,1,1,2,187,54,3.906,50539,270.262,OL.VMNP,2,2,2,"[VMNPL1, VMNPL2] -> OL.VMNPL2 -> [OLL1, OLL2]",VMNP,1,VMNP,2,OL,1,OL,2
306447090,mixed,mix->mix,mix,mix,1,1,2,2764,2,1.68,2424,0.877,MB,3,2,2,"[AL.MBL2, INP.VLNPL3] -> MBL3 -> [INP.MBL3, MBL2]",AL.MB,2,INP.VLNP,3,INP.MB,3,MB,2
301360920,mixed,mix->mix,mix,mix,1,1,2,2764,2,1.726,2424,0.877,MB,3,2,2,"[AL.MBL2, INP.MBL3] -> MBL3 -> [INP.VLNPL3, MBL2]",AL.MB,2,INP.MB,3,INP.VLNP,3,MB,2
300352280,mixed,mix->mix,mix,mix,1,1,2,2764,2,1.677,2424,0.877,MB,3,2,2,"[INP.VLNPL3, MBL2] -> MBL3 -> [AL.MBL2, INP.MBL3]",INP.VLNP,3,MB,2,AL.MB,2,INP.MB,3
295825914,mixed,mix->mix,mix,mix,2,0,2,145,142,16.612,5205,35.897,AL.MB,2,2,2,"[ALL1, ALL2] -> AL.MBL2 -> [LHL3, MBL2]",AL,1,AL,2,LH,3,MB,2
295329510,mixed,mix->mix,mix,mix,1,1,2,2764,2,1.723,2424,0.877,MB,3,2,2,"[INP.MBL3, MBL2] -> MBL3 -> [AL.MBL2, INP.VLNPL3]",INP.MB,3,MB,2,AL.MB,2,INP.VLNP,3
287111897,mixed,mix->mix,mix,mix,2,1,1,145,86,9.08,7061,48.697,AL.MB,2,2,2,"[ALL1, LHL3] -> AL.MBL2 -> [MBL2, MBL3]",AL,1,LH,3,MB,2,MB,3
238643602,mixed,mix->mix,mix,mix,1,1,2,2764,3,1.291,2362,0.855,MB,3,2,2,"[INP.VLNPL3, MBL2] -> MBL3 -> [INP.MBL2, INP.MBL3]",INP.VLNP,3,MB,2,INP.MB,2,INP.MB,3
238379704,mixed,mix->mix,mix,mix,1,1,2,2764,3,1.29,2362,0.855,MB,3,2,2,"[INP.MBL2, INP.VLNPL3] -> MBL3 -> [INP.MBL3, MBL2]",INP.MB,2,INP.VLNP,3,INP.MB,3,MB,2
234107120,mixed,mix->mix,mix,mix,1,1,2,2764,2,1.7,2259,0.817,MB,3,2,2,"[MBL2, MB.VLNPL3] -> MBL3 -> [INP.MBL2, INP.MBL3]",MB,2,MB.VLNP,3,INP.MB,2,INP.MB,3
233772240,mixed,mix->mix,mix,mix,1,1,2,2764,2,1.699,2259,0.817,MB,3,2,2,"[INP.MBL2, MB.VLNPL3] -> MBL3 -> [INP.MBL3, MBL2]",INP.MB,2,MB.VLNP,3,INP.MB,3,MB,2
233714079,mixed,mix->mix,mix,mix,0,2,2,187,52,3.412,50799,271.652,OL.VMNP,2,2,2,"[VMNPL2, VMNPL3] -> OL.VMNPL2 -> [OLL1, OLL2]",VMNP,2,VMNP,3,OL,1,OL,2
233633520,mixed,mix->mix,mix,mix,1,1,2,2764,2,1.701,2259,0.817,MB,3,2,2,"[INP.MBL3, MBL2] -> MBL3 -> [INP.MBL2, MB.VLNPL3]",INP.MB,3,MB,2,INP.MB,2,MB.VLNP,3
233438705,mixed,mix->mix,mix,mix,1,1,2,187,31,3.792,50456,269.818,OL.VMNP,2,2,2,"[GNG.VMNPL1, VMNPL2] -> OL.VMNPL2 -> [OLL1, OLL2]",GNG.VMNP,1,VMNP,2,OL,1,OL,2
233299040,mixed,mix->mix,mix,mix,1,1,2,2764,2,1.7,2259,0.817,MB,3,2,2,"[INP.MBL2, INP.MBL3] -> MBL3 -> [MBL2, MB.VLNPL3]",INP.MB,2,INP.MB,3,MB,2,MB.VLNP,3
231306180,mixed,mix->mix,mix,mix,1,1,2,2764,2,1.317,2362,0.855,MB,3,2,2,"[INP.MBL3, MBL2] -> MBL3 -> [INP.MBL2, INP.VLNPL3]",INP.MB,3,MB,2,INP.MB,2,INP.VLNP,3
231045360,mixed,mix->mix,mix,mix,1,1,2,2764,2,1.317,2362,0.855,MB,3,2,2,"[INP.MBL2, INP.MBL3] -> MBL3 -> [INP.VLNPL3, MBL2]",INP.MB,2,INP.MB,3,INP.VLNP,3,MB,2
215558484,mixed,mix->mix,mix,mix,1,1,2,2764,2,2.0,2327,0.842,MB,3,2,2,"[AL.MBL2, MB.SNPL3] -> MBL3 -> [INP.MBL3, MBL2]",AL.MB,2,MB.SNP,3,INP.MB,3,MB,2
210961438,mixed,mix->mix,mix,mix,1,1,2,2764,2,2.0,2327,0.842,MB,3,2,2,"[MBL2, MB.SNPL3] -> MBL3 -> [AL.MBL2, INP.MBL3]",MB,2,MB.SNP,3,AL.MB,2,INP.MB,3
207588160,mixed,mix->mix,mix,mix,1,1,2,2764,2,1.987,2327,0.842,MB,3,2,2,"[AL.MBL2, INP.MBL3] -> MBL3 -> [MBL2, MB.SNPL3]",AL.MB,2,INP.MB,3,MB,2,MB.SNP,3
203106540,mixed,mix->mix,mix,mix,1,1,2,2764,2,1.988,2327,0.842,MB,3,2,2,"[INP.MBL3, MBL2] -> MBL3 -> [AL.MBL2, MB.SNPL3]",INP.MB,3,MB,2,AL.MB,2,MB.SNP,3
202816920,mixed,mix->mix,mix,mix,1,1,2,2764,2,1.218,2493,0.902,MB,3,2,2,"[AL.LHL2, INP.VLNPL3] -> MBL3 -> [INP.MBL3, MBL2]",AL.LH,2,INP.VLNP,3,INP.MB,3,MB,2
201964394,mixed,mix->mix,mix,mix,1,1,2,145,86,10.822,6167,42.531,AL.MB,2,2,2,"[ALL2, LHL3] -> AL.MBL2 -> [MBL2, MBL3]",AL,2,LH,3,MB,2,MB,3
196014840,mixed,mix->mix,mix,mix,1,1,2,2764,2,1.238,2493,0.902,MB,3,2,2,"[AL.LHL2, INP.MBL3] -> MBL3 -> [INP.VLNPL3, MBL2]",AL.LH,2,INP.MB,3,INP.VLNP,3,MB,2
190413697,mixed,mix->mix,mix,mix,1,1,2,2764,3,1.555,2390,0.865,MB,3,2,2,"[AL.LHL2, MB.VLNPL3] -> MBL3 -> [INP.MBL3, MBL2]",AL.LH,2,MB.VLNP,3,INP.MB,3,MB,2
189997280,mixed,mix->mix,mix,mix,1,1,2,2764,2,1.556,2390,0.865,MB,3,2,2,"[AL.LHL2, INP.MBL3] -> MBL3 -> [MBL2, MB.VLNPL3]",AL.LH,2,INP.MB,3,MB,2,MB.VLNP,3
187403071,mixed,mix->mix,mix,mix,2,0,2,214,90,14.613,5205,24.322,AL.LH,2,2,2,"[ALL1, ALL2] -> AL.LHL2 -> [LHL3, MBL2]",AL,1,AL,2,LH,3,MB,2
168591062,mixed,mix->mix,mix,mix,1,1,2,26,8,1.9,50539,1943.808,OL.VMNP,1,2,2,"[VMNPL1, VMNPL2] -> OL.VMNPL1 -> [OLL1, OLL2]",VMNP,1,VMNP,2,OL,1,OL,2
162435386,mixed,mix->mix,mix,mix,2,0,2,214,88,13.251,5342,24.963,AL.LH,2,2,2,"[ALL1, ALL2] -> AL.LHL2 -> [LH.SNPL3, MBL2]",AL,1,AL,2,LH.SNP,3,MB,2
155537760,mixed,mix->mix,mix,mix,1,1,2,2764,2,1.2,2493,0.902,MB,3,2,2,"[INP.VLNPL3, MBL2] -> MBL3 -> [AL.LHL2, INP.MBL3]",INP.VLNP,3,MB,2,AL.LH,2,INP.MB,3
150211320,mixed,mix->mix,mix,mix,1,1,2,2764,2,1.218,2493,0.902,MB,3,2,2,"[INP.MBL3, MBL2] -> MBL3 -> [AL.LHL2, INP.VLNPL3]",INP.MB,3,MB,2,AL.LH,2,INP.VLNP,3
148221998,mixed,mix->mix,mix,mix,2,1,1,145,115,10.874,6513,44.917,AL.MB,2,2,2,"[ALL1, ALL3] -> AL.MBL2 -> [MBL2, MBL3]",AL,1,AL,3,MB,2,MB,3
145166194,mixed,mix->mix,mix,mix,1,1,2,187,29,3.933,50197,268.433,OL.VMNP,2,2,2,"[VLNP.VMNPL2, VMNPL1] -> OL.VMNPL2 -> [OLL1, OLL2]",VLNP.VMNP,2,VMNP,1,OL,1,OL,2
144365088,mixed,mix->mix,mix,mix,1,1,2,2764,2,1.515,2390,0.865,MB,3,2,2,"[MBL2, MB.VLNPL3] -> MBL3 -> [AL.LHL2, INP.MBL3]",MB,2,MB.VLNP,3,AL.LH,2,INP.MB,3
144043040,mixed,mix->mix,mix,mix,1,1,2,2764,2,1.516,2390,0.865,MB,3,2,2,"[INP.MBL3, MBL2] -> MBL3 -> [AL.LHL2, MB.VLNPL3]",INP.MB,3,MB,2,AL.LH,2,MB.VLNP,3
143461965,mixed,mix->mix,mix,mix,1,1,2,2764,2,1.751,2333,0.844,MB,3,2,2,"[AL.MBL2, INP.VLNPL3] -> MBL3 -> [MBL2, MB.VLNPL3]",AL.MB,2,INP.VLNP,3,MB,2,MB.VLNP,3
141747480,mixed,mix->mix,mix,mix,1,1,2,2764,2,1.795,2333,0.844,MB,3,2,2,"[AL.MBL2, MB.VLNPL3] -> MBL3 -> [INP.VLNPL3, MBL2]",AL.MB,2,MB.VLNP,3,INP.VLNP,3,MB,2
140580640,mixed,mix->mix,mix,mix,1,1,2,2764,2,1.748,2333,0.844,MB,3,2,2,"[INP.VLNPL3, MBL2] -> MBL3 -> [AL.MBL2, MB.VLNPL3]",INP.VLNP,3,MB,2,AL.MB,2,MB.VLNP,3
140153012,mixed,mix->mix,mix,mix,1,1,2,2764,9,1.664,2265,0.819,MB,3,2,2,"[MBL2, MB.SNPL3] -> MBL3 -> [INP.MBL2, INP.MBL3]",MB,2,MB.SNP,3,INP.MB,2,INP.MB,3
139955790,mixed,mix->mix,mix,mix,1,1,2,2764,7,1.663,2265,0.819,MB,3,2,2,"[INP.MBL2, MB.SNPL3] -> MBL3 -> [INP.MBL3, MBL2]",INP.MB,2,MB.SNP,3,INP.MB,3,MB,2
138882408,mixed,mix->mix,mix,mix,1,1,2,2764,2,1.792,2333,0.844,MB,3,2,2,"[MBL2, MB.VLNPL3] -> MBL3 -> [AL.MBL2, INP.VLNPL3]",MB,2,MB.VLNP,3,AL.MB,2,INP.VLNP,3
137327671,mixed,mix->mix,mix,mix,1,2,1,187,40,3.632,50440,269.733,OL.VMNP,2,2,2,"[VMNPL1, VMNPL3] -> OL.VMNPL2 -> [OLL1, OLL2]",VMNP,1,VMNP,3,OL,1,OL,2
135642370,mixed,mix->mix,mix,mix,0,2,2,187,17,3.517,51176,273.668,OL.VMNP,2,2,2,"[VLNPL3, VMNPL2] -> OL.VMNPL2 -> [OLL1, OLL2]",VLNP,3,VMNP,2,OL,1,OL,2
130114500,mixed,mix->mix,mix,mix,1,1,2,2764,8,1.744,2265,0.819,MB,3,2,2,"[INP.MBL3, MBL2] -> MBL3 -> [INP.MBL2, MB.SNPL3]",INP.MB,3,MB,2,INP.MB,2,MB.SNP,3
129901475,mixed,mix->mix,mix,mix,1,1,2,2764,11,1.743,2265,0.819,MB,3,2,2,"[INP.MBL2, INP.MBL3] -> MBL3 -> [MBL2, MB.SNPL3]",INP.MB,2,INP.MB,3,MB,2,MB.SNP,3
114464233,mixed,mix->mix,mix,mix,1,1,2,2764,3,1.522,2396,0.867,MB,3,2,2,"[AL.LHL2, MB.SNPL3] -> MBL3 -> [INP.MBL3, MBL2]",AL.LH,2,MB.SNP,3,INP.MB,3,MB,2
111546159,mixed,mix->mix,mix,mix,1,1,2,145,115,13.199,5619,38.752,AL.MB,2,2,2,"[ALL2, ALL3] -> AL.MBL2 -> [MBL2, MBL3]",AL,2,AL,3,MB,2,MB,3
110721177,mixed,mix->mix,mix,mix,0,2,2,187,9,2.774,51292,274.289,OL.VMNP,2,2,2,"[GNGL3, VMNPL2] -> OL.VMNPL2 -> [OLL1, OLL2]",GNG,3,VMNP,2,OL,1,OL,2
110660767,mixed,mix->mix,mix,mix,2,1,1,145,86,15.363,6058,41.779,AL.MB,2,2,2,"[ALL1, LHL3] -> AL.MBL2 -> [ALL2, MBL3]",AL,1,LH,3,AL,2,MB,3
109210240,mixed,mix->mix,mix,mix,1,1,2,2764,2,1.333,2271,0.822,MB,3,2,2,"[INP.VLNPL3, MBL2] -> MBL3 -> [INP.MBL2, MB.VLNPL3]",INP.VLNP,3,MB,2,INP.MB,2,MB.VLNP,3
109085730,mixed,mix->mix,mix,mix,1,1,2,2764,2,1.332,2271,0.822,MB,3,2,2,"[INP.MBL2, INP.VLNPL3] -> MBL3 -> [MBL2, MB.VLNPL3]",INP.MB,2,INP.VLNP,3,MB,2,MB.VLNP,3
108577829,mixed,mix->mix,mix,mix,1,1,2,187,29,3.196,50140,268.128,OL.VMNP,2,2,2,"[LX.VMNPL2, VMNPL1] -> OL.VMNPL2 -> [OLL1, OLL2]",LX.VMNP,2,VMNP,1,OL,1,OL,2
106279152,mixed,mix->mix,mix,mix,1,1,2,2764,2,1.362,2271,0.822,MB,3,2,2,"[MBL2, MB.VLNPL3] -> MBL3 -> [INP.MBL2, INP.VLNPL3]",MB,2,MB.VLNP,3,INP.MB,2,INP.VLNP,3
106155504,mixed,mix->mix,mix,mix,1,1,2,2764,2,1.361,2271,0.822,MB,3,2,2,"[INP.MBL2, MB.VLNPL3] -> MBL3 -> [INP.VLNPL3, MBL2]",INP.MB,2,MB.VLNP,3,INP.VLNP,3,MB,2
105267760,mixed,mix->mix,mix,mix,1,1,2,2764,2,1.596,2396,0.867,MB,3,2,2,"[AL.LHL2, INP.MBL3] -> MBL3 -> [MBL2, MB.SNPL3]",AL.LH,2,INP.MB,3,MB,2,MB.SNP,3
104167030,mixed,mix->mix,mix,mix,1,1,2,2764,2,1.989,2236,0.809,MB,3,2,2,"[AL.MBL2, MB.SNPL3] -> MBL3 -> [MBL2, MB.VLNPL3]",AL.MB,2,MB.SNP,3,MB,2,MB.VLNP,3
102972967,mixed,mix->mix,mix,mix,0,2,2,187,33,3.884,82004,438.524,OL.VMNP,2,2,2,"[OLL3, VMNPL2] -> OL.VMNPL2 -> [OLL1, OLL2]",OL,3,VMNP,2,OL,1,OL,2
101921160,mixed,mix->mix,mix,mix,1,1,2,2764,2,1.99,2236,0.809,MB,3,2,2,"[MBL2, MB.SNPL3] -> MBL3 -> [AL.MBL2, MB.VLNPL3]",MB,2,MB.SNP,3,AL.MB,2,MB.VLNP,3
101203779,mixed,mix->mix,mix,mix,1,1,2,7,4,1.988,50875,7267.857,GNG.OL,1,2,2,"[GNGL2, VMNPL1] -> GNG.OLL1 -> [OLL1, OLL2]",GNG,2,VMNP,1,OL,1,OL,2
101010560,mixed,mix->mix,mix,mix,1,1,2,2764,15,1.956,2236,0.809,MB,3,2,2,"[AL.MBL2, MB.VLNPL3] -> MBL3 -> [MBL2, MB.SNPL3]",AL.MB,2,MB.VLNP,3,MB,2,MB.SNP,3
98806864,mixed,mix->mix,mix,mix,1,1,2,2764,2,1.957,2236,0.809,MB,3,2,2,"[MBL2, MB.VLNPL3] -> MBL3 -> [AL.MBL2, MB.SNPL3]",MB,2,MB.VLNP,3,AL.MB,2,MB.SNP,3
98775837,mixed,mix->mix,mix,mix,1,1,2,187,17,3.879,50114,267.989,OL.VMNP,2,2,2,"[GNG.VMNPL1, VLNP.VMNPL2] -> OL.VMNPL2 -> [OLL1, OLL2]",GNG.VMNP,1,VLNP.VMNP,2,OL,1,OL,2
96735874,mixed,mix->mix,mix,mix,0,2,2,187,29,3.51,50457,269.824,OL.VMNP,2,2,2,"[VLNP.VMNPL2, VMNPL3] -> OL.VMNPL2 -> [OLL1, OLL2]",VLNP.VMNP,2,VMNP,3,OL,1,OL,2
96160350,mixed,mix->mix,mix,mix,1,2,1,187,26,3.41,50357,269.289,OL.VMNP,2,2,2,"[GNG.VMNPL1, VMNPL3] -> OL.VMNPL2 -> [OLL1, OLL2]",GNG.VMNP,1,VMNP,3,OL,1,OL,2
94079641,mixed,mix->mix,mix,mix,1,1,2,2764,3,1.993,2223,0.804,MB,3,2,2,"[MB.SNPL2, MB.VLNPL3] -> MBL3 -> [INP.MBL3, MBL2]",MB.SNP,2,MB.VLNP,3,INP.MB,3,MB,2
93937680,mixed,mix->mix,mix,mix,1,1,2,2764,2,1.993,2223,0.804,MB,3,2,2,"[INP.MBL3, MB.SNPL2] -> MBL3 -> [MBL2, MB.VLNPL3]",INP.MB,3,MB.SNP,2,MB,2,MB.VLNP,3
93066704,mixed,mix->mix,mix,mix,1,1,2,2764,2,1.912,2223,0.804,MB,3,2,2,"[MBL2, MB.VLNPL3] -> MBL3 -> [INP.MBL3, MB.SNPL2]",MB,2,MB.VLNP,3,INP.MB,3,MB.SNP,2
92905680,mixed,mix->mix,mix,mix,1,1,2,2764,2,1.913,2223,0.804,MB,3,2,2,"[INP.MBL3, MBL2] -> MBL3 -> [MB.SNPL2, MB.VLNPL3]",INP.MB,3,MB,2,MB.SNP,2,MB.VLNP,3
92690368,mixed,mix->mix,mix,mix,2,1,1,214,69,5.648,7061,32.995,AL.LH,2,2,2,"[ALL1, LHL3] -> AL.LHL2 -> [MBL2, MBL3]",AL,1,LH,3,MB,2,MB,3
92394060,mixed,mix->mix,mix,mix,1,1,2,2764,2,1.25,2402,0.869,MB,3,2,2,"[AL.LHL2, INP.VLNPL3] -> MBL3 -> [MBL2, MB.VLNPL3]",AL.LH,2,INP.VLNP,3,MB,2,MB.VLNP,3
89635392,mixed,mix->mix,mix,mix,1,1,2,2764,2,1.273,2402,0.869,MB,3,2,2,"[AL.LHL2, MB.VLNPL3] -> MBL3 -> [INP.VLNPL3, MBL2]",AL.LH,2,MB.VLNP,3,INP.VLNP,3,MB,2
87775795,mixed,mix->mix,mix,mix,2,0,2,145,39,6.295,6691,46.145,AL.MB,2,2,2,"[ALL1, AL.LHL2] -> AL.MBL2 -> [MBL2, MBL3]",AL,1,AL.LH,2,MB,2,MB,3
87261680,mixed,mix->mix,mix,mix,1,1,2,2764,2,1.446,2326,0.842,MB,3,2,2,"[INP.VLNPL3, MBL2] -> MBL3 -> [INP.MBL3, MB.SNPL2]",INP.VLNP,3,MB,2,INP.MB,3,MB.SNP,2
86878296,mixed,mix->mix,mix,mix,1,1,2,2764,2,1.483,2396,0.867,MB,3,2,2,"[MBL2, MB.SNPL3] -> MBL3 -> [AL.LHL2, INP.MBL3]",MB,2,MB.SNP,3,AL.LH,2,INP.MB,3
85073100,mixed,mix->mix,mix,mix,1,1,2,2764,2,1.484,2326,0.842,MB,3,2,2,"[INP.MBL3, MBL2] -> MBL3 -> [INP.VLNPL3, MB.SNPL2]",INP.MB,3,MB,2,INP.VLNP,3,MB.SNP,2
85055674,mixed,mix->mix,mix,mix,1,1,2,187,9,3.715,50426,269.658,OL.VMNP,2,2,2,"[VLNPL2, VMNPL1] -> OL.VMNPL2 -> [OLL1, OLL2]",VLNP,2,VMNP,1,OL,1,OL,2
84608076,mixed,mix->mix,mix,mix,1,1,2,2764,2,1.76,2339,0.846,MB,3,2,2,"[AL.MBL2, MB.SNPL3] -> MBL3 -> [INP.VLNPL3, MBL2]",AL.MB,2,MB.SNP,3,INP.VLNP,3,MB,2
83764045,mixed,mix->mix,mix,mix,2,0,2,145,119,23.152,5688,39.228,AL.MB,2,2,2,"[ALL1, ALL2] -> AL.MBL2 -> [AL.LHL2, MBL3]",AL,1,AL,2,AL.LH,2,MB,3
83150706,mixed,mix->mix,mix,mix,1,2,1,187,12,3.621,50817,271.749,OL.VMNP,2,2,2,"[VLNPL3, VMNPL1] -> OL.VMNPL2 -> [OLL1, OLL2]",VLNP,3,VMNP,1,OL,1,OL,2
82906782,mixed,mix->mix,mix,mix,1,1,2,2764,2,1.756,2339,0.846,MB,3,2,2,"[MBL2, MB.SNPL3] -> MBL3 -> [AL.MBL2, INP.VLNPL3]",MB,2,MB.SNP,3,AL.MB,2,INP.VLNP,3
82399350,mixed,mix->mix,mix,mix,1,1,2,2764,2,1.585,2326,0.842,MB,3,2,2,"[INP.VLNPL3, MB.SNPL2] -> MBL3 -> [INP.MBL3, MBL2]",INP.VLNP,3,MB.SNP,2,INP.MB,3,MB,2
80743320,mixed,mix->mix,mix,mix,1,1,2,2764,2,1.629,2326,0.842,MB,3,2,2,"[INP.MBL3, MB.SNPL2] -> MBL3 -> [INP.VLNPL3, MBL2]",INP.MB,3,MB.SNP,2,INP.VLNP,3,MB,2
80027805,mixed,mix->mix,mix,mix,1,1,2,2764,2,1.793,2339,0.846,MB,3,2,2,"[AL.MBL2, INP.VLNPL3] -> MBL3 -> [MBL2, MB.SNPL3]",AL.MB,2,INP.VLNP,3,MB,2,MB.SNP,3
79700080,mixed,mix->mix,mix,mix,1,1,2,2764,2,1.554,2396,0.867,MB,3,2,2,"[INP.MBL3, MBL2] -> MBL3 -> [AL.LHL2, MB.SNPL3]",INP.MB,3,MB,2,AL.LH,2,MB.SNP,3
78410800,mixed,mix->mix,mix,mix,1,1,2,2764,2,1.79,2339,0.846,MB,3,2,2,"[INP.VLNPL3, MBL2] -> MBL3 -> [AL.MBL2, MB.SNPL3]",INP.VLNP,3,MB,2,AL.MB,2,MB.SNP,3
77251540,mixed,mix->mix,mix,mix,2,0,2,145,140,15.011,4657,32.117,AL.MB,2,2,2,"[ALL1, ALL2] -> AL.MBL2 -> [ALL3, MBL2]",AL,1,AL,2,AL,3,MB,2
72405483,mixed,mix->mix,mix,mix,0,2,2,187,19,2.509,50513,270.123,OL.VMNP,2,2,2,"[GNG.VMNPL3, VMNPL2] -> OL.VMNPL2 -> [OLL1, OLL2]",GNG.VMNP,3,VMNP,2,OL,1,OL,2
71393380,mixed,mix->mix,mix,mix,0,2,2,187,25,3.364,51992,278.032,OL.VMNP,2,2,2,"[OL.VLNPL3, VMNPL2] -> OL.VMNPL2 -> [OLL1, OLL2]",OL.VLNP,3,VMNP,2,OL,1,OL,2
70934204,mixed,mix->mix,mix,mix,1,1,2,187,21,3.316,50057,267.684,OL.VMNP,2,2,2,"[GNG.VMNPL1, LX.VMNPL2] -> OL.VMNPL2 -> [OLL1, OLL2]",GNG.VMNP,1,LX.VMNP,2,OL,1,OL,2
70774080,mixed,mix->mix,mix,mix,1,1,2,2764,2,1.229,2402,0.869,MB,3,2,2,"[INP.VLNPL3, MBL2] -> MBL3 -> [AL.LHL2, MB.VLNPL3]",INP.VLNP,3,MB,2,AL.LH,2,MB.VLNP,3
70411796,mixed,mix->mix,mix,mix,1,1,2,26,8,1.84,50456,1940.615,OL.VMNP,1,2,2,"[GNG.VMNPL1, VMNPL2] -> OL.VMNPL1 -> [OLL1, OLL2]",GNG.VMNP,1,VMNP,2,OL,1,OL,2
68994838,mixed,mix->mix,mix,mix,2,1,1,145,85,8.837,5018,34.607,AL.MB,2,2,2,"[ALL1, LHL3] -> AL.MBL2 -> [LH.SNPL3, MBL2]",AL,1,LH,3,LH.SNP,3,MB,2
68627824,mixed,mix->mix,mix,mix,0,2,2,187,17,3.881,50567,270.412,OL.VMNP,2,2,2,"[VLNP.VMNPL3, VMNPL2] -> OL.VMNPL2 -> [OLL1, OLL2]",VLNP.VMNP,3,VMNP,2,OL,1,OL,2
68606496,mixed,mix->mix,mix,mix,1,1,2,2764,2,1.25,2402,0.869,MB,3,2,2,"[MBL2, MB.VLNPL3] -> MBL3 -> [AL.LHL2, INP.VLNPL3]",MB,2,MB.VLNP,3,AL.LH,2,INP.VLNP,3
68417108,mixed,mix->mix,mix,mix,1,1,2,187,4,3.857,50430,269.679,OL.VMNP,2,2,2,"[GNG.VLNPL1, VMNPL2] -> OL.VMNPL2 -> [OLL1, OLL2]",GNG.VLNP,1,VMNP,2,OL,1,OL,2
66640234,mixed,mix->mix,mix,mix,2,1,1,145,115,19.945,5510,38.0,AL.MB,2,2,2,"[ALL1, ALL3] -> AL.MBL2 -> [ALL2, MBL3]",AL,1,AL,3,AL,2,MB,3
66472965,mixed,mix->mix,mix,mix,1,1,2,187,15,3.018,50557,270.358,OL.VMNP,2,2,2,"[OL.VLNPL2, VMNPL1] -> OL.VMNPL2 -> [OLL1, OLL2]",OL.VLNP,2,VMNP,1,OL,1,OL,2
65546800,mixed,mix->mix,mix,mix,1,1,2,2764,2,1.735,2174,0.787,MB,3,2,2,"[MBL2, MB.SNPL3] -> MBL3 -> [INP.MBL2, MB.VLNPL3]",MB,2,MB.SNP,3,INP.MB,2,MB.VLNP,3
65451100,mixed,mix->mix,mix,mix,1,1,2,2764,2,1.734,2174,0.787,MB,3,2,2,"[INP.MBL2, MB.SNPL3] -> MBL3 -> [MBL2, MB.VLNPL3]",INP.MB,2,MB.SNP,3,MB,2,MB.VLNP,3
64761103,mixed,mix->mix,mix,mix,1,1,2,187,24,2.851,50441,269.738,OL.VMNP,2,2,2,"[LX.VMNPL1, VMNPL2] -> OL.VMNPL2 -> [OLL1, OLL2]",LX.VMNP,1,VMNP,2,OL,1,OL,2
64228500,mixed,mix->mix,mix,mix,1,1,2,2764,2,1.338,2277,0.824,MB,3,2,2,"[MBL2, MB.SNPL3] -> MBL3 -> [INP.MBL2, INP.VLNPL3]",MB,2,MB.SNP,3,INP.MB,2,INP.VLNP,3
64155000,mixed,mix->mix,mix,mix,1,1,2,2764,2,1.337,2277,0.824,MB,3,2,2,"[INP.MBL2, MB.SNPL3] -> MBL3 -> [INP.VLNPL3, MBL2]",INP.MB,2,MB.SNP,3,INP.VLNP,3,MB,2
62891173,mixed,mix->mix,mix,mix,1,2,1,187,9,3.0,50933,272.369,OL.VMNP,2,2,2,"[GNGL3, VMNPL1] -> OL.VMNPL2 -> [OLL1, OLL2]",GNG,3,VMNP,1,OL,1,OL,2
62708708,mixed,mix->mix,mix,mix,1,2,1,187,20,3.937,81645,436.604,OL.VMNP,2,2,2,"[OLL3, VMNPL1] -> OL.VMNPL2 -> [OLL1, OLL2]",OL,3,VMNP,1,OL,1,OL,2
61818898,mixed,mix->mix,mix,mix,0,2,2,187,27,3.76,50400,269.519,OL.VMNP,2,2,2,"[LX.VMNPL2, VMNPL3] -> OL.VMNPL2 -> [OLL1, OLL2]",LX.VMNP,2,VMNP,3,OL,1,OL,2
61260731,mixed,mix->mix,mix,mix,1,1,2,2764,7,1.812,2174,0.787,MB,3,2,2,"[MBL2, MB.VLNPL3] -> MBL3 -> [INP.MBL2, MB.SNPL3]",MB,2,MB.VLNP,3,INP.MB,2,MB.SNP,3
61160592,mixed,mix->mix,mix,mix,1,1,2,2764,3,1.811,2174,0.787,MB,3,2,2,"[INP.MBL2, MB.VLNPL3] -> MBL3 -> [MBL2, MB.SNPL3]",INP.MB,2,MB.VLNP,3,MB,2,MB.SNP,3
60620261,mixed,mix->mix,mix,mix,2,0,2,145,94,15.824,5567,38.393,AL.MB,2,2,2,"[ALL1, ALL2] -> AL.MBL2 -> [LHL2, MBL3]",AL,1,AL,2,LH,2,MB,3
60055438,mixed,mix->mix,mix,mix,1,1,2,2764,3,1.36,2277,0.824,MB,3,2,2,"[INP.VLNPL3, MBL2] -> MBL3 -> [INP.MBL2, MB.SNPL3]",INP.VLNP,3,MB,2,INP.MB,2,MB.SNP,3
59983235,mixed,mix->mix,mix,mix,1,1,2,2764,4,1.36,2277,0.824,MB,3,2,2,"[INP.MBL2, INP.VLNPL3] -> MBL3 -> [MBL2, MB.SNPL3]",INP.MB,2,INP.VLNP,3,MB,2,MB.SNP,3
59951846,mixed,mix->mix,mix,mix,0,2,2,187,14,3.494,50834,271.84,OL.VMNP,2,2,2,"[VLNPL3, VLNP.VMNPL2] -> OL.VMNPL2 -> [OLL1, OLL2]",VLNP,3,VLNP.VMNP,2,OL,1,OL,2
59734054,mixed,mix->mix,mix,mix,0,2,2,187,14,3.067,50686,271.048,OL.VMNP,2,2,2,"[VLNPL2, VMNPL3] -> OL.VMNPL2 -> [OLL1, OLL2]",VLNP,2,VMNP,3,OL,1,OL,2
58992175,mixed,mix->mix,mix,mix,1,1,2,26,5,1.899,50875,1956.731,OL.VMNP,1,2,2,"[GNGL2, VMNPL1] -> OL.VMNPL1 -> [OLL1, OLL2]",GNG,2,VMNP,1,OL,1,OL,2
58989670,mixed,mix->mix,mix,mix,1,1,2,187,7,3.56,50343,269.214,OL.VMNP,2,2,2,"[GNG.VMNPL1, VLNPL2] -> OL.VMNPL2 -> [OLL1, OLL2]",GNG.VMNP,1,VLNP,2,OL,1,OL,2
58752529,mixed,mix->mix,mix,mix,1,1,2,214,69,7.714,6167,28.818,AL.LH,2,2,2,"[ALL2, LHL3] -> AL.LHL2 -> [MBL2, MBL3]",AL,2,LH,3,MB,2,MB,3
57860066,mixed,mix->mix,mix,mix,2,0,2,145,61,8.088,6570,45.31,AL.MB,2,2,2,"[ALL1, LHL2] -> AL.MBL2 -> [MBL2, MBL3]",AL,1,LH,2,MB,2,MB,3
57085346,mixed,mix->mix,mix,mix,1,1,2,26,7,1.987,50171,1929.654,OL.VMNP,1,2,2,"[GNG.VMNPL2, VMNPL1] -> OL.VMNPL1 -> [OLL1, OLL2]",GNG.VMNP,2,VMNP,1,OL,1,OL,2
56857360,mixed,mix->mix,mix,mix,1,2,1,187,11,3.499,50734,271.305,OL.VMNP,2,2,2,"[GNG.VMNPL1, VLNPL3] -> OL.VMNPL2 -> [OLL1, OLL2]",GNG.VMNP,1,VLNP,3,OL,1,OL,2
55593980,mixed,mix->mix,mix,mix,1,1,2,2764,8,1.982,2229,0.806,MB,3,2,2,"[MB.SNPL2, MB.SNPL3] -> MBL3 -> [INP.MBL3, MBL2]",MB.SNP,2,MB.SNP,3,INP.MB,3,MB,2
55306075,mixed,mix->mix,mix,mix,1,1,2,2764,7,1.883,2229,0.806,MB,3,2,2,"[MBL2, MB.SNPL3] -> MBL3 -> [INP.MBL3, MB.SNPL2]",MB,2,MB.SNP,3,INP.MB,3,MB.SNP,2
54307848,mixed,mix->mix,mix,mix,1,1,2,2764,2,1.254,2408,0.871,MB,3,2,2,"[AL.LHL2, MB.SNPL3] -> MBL3 -> [INP.VLNPL3, MBL2]",AL.LH,2,MB.SNP,3,INP.VLNP,3,MB,2
54094506,mixed,mix->mix,mix,mix,1,1,2,187,17,3.224,50875,272.059,OL.VMNP,2,2,2,"[GNGL2, VMNPL1] -> OL.VMNPL2 -> [OLL1, OLL2]",GNG,2,VMNP,1,OL,1,OL,2
53132300,mixed,mix->mix,mix,mix,1,1,2,187,27,2.885,50171,268.294,OL.VMNP,2,2,2,"[GNG.VMNPL2, VMNPL1] -> OL.VMNPL2 -> [OLL1, OLL2]",GNG.VMNP,2,VMNP,1,OL,1,OL,2
53122500,mixed,mix->mix,mix,mix,1,1,2,2764,12,2.0,2229,0.806,MB,3,2,2,"[INP.MBL3, MB.SNPL2] -> MBL3 -> [MBL2, MB.SNPL3]",INP.MB,3,MB.SNP,2,MB,2,MB.SNP,3
53095240,mixed,mix->mix,mix,mix,1,1,2,2764,2,1.588,2305,0.834,MB,3,2,2,"[AL.LHL2, MB.SNPL3] -> MBL3 -> [MBL2, MB.VLNPL3]",AL.LH,2,MB.SNP,3,MB,2,MB.VLNP,3
52235264,mixed,mix->mix,mix,mix,1,1,2,2764,9,1.946,2229,0.806,MB,3,2,2,"[INP.MBL3, MBL2] -> MBL3 -> [MB.SNPL2, MB.SNPL3]",INP.MB,3,MB,2,MB.SNP,2,MB.SNP,3
51831020,mixed,mix->mix,mix,mix,2,1,1,214,70,9.91,6513,30.435,AL.LH,2,2,2,"[ALL1, ALL3] -> AL.LHL2 -> [MBL2, MBL3]",AL,1,AL,3,MB,2,MB,3
50657100,mixed,mix->mix,mix,mix,1,1,2,2764,2,1.271,2408,0.871,MB,3,2,2,"[AL.LHL2, INP.VLNPL3] -> MBL3 -> [MBL2, MB.SNPL3]",AL.LH,2,INP.VLNP,3,MB,2,MB.SNP,3
50232317,mixed,mix->mix,mix,mix,1,1,2,7,4,2.0,50854,7264.857,GNG.OL,1,2,2,"[GNGL1, GNGL2] -> GNG.OLL1 -> [OLL1, OLL2]",GNG,1,GNG,2,OL,1,OL,2
50053427,mixed,mix->mix,mix,mix,2,0,2,145,74,16.946,5554,38.303,AL.MB,2,2,2,"[ALL1, ALL2] -> AL.MBL2 -> [LH.SNPL2, MBL3]",AL,1,AL,2,LH.SNP,2,MB,3
49139449,mixed,mix->mix,mix,mix,1,1,2,2764,14,1.664,2305,0.834,MB,3,2,2,"[AL.LHL2, MB.VLNPL3] -> MBL3 -> [MBL2, MB.SNPL3]",AL.LH,2,MB.VLNP,3,MB,2,MB.SNP,3
48411023,mixed,mix->mix,mix,mix,1,2,1,187,16,2.425,50154,268.203,OL.VMNP,2,2,2,"[GNG.VMNPL3, VMNPL1] -> OL.VMNPL2 -> [OLL1, OLL2]",GNG.VMNP,3,VMNP,1,OL,1,OL,2
47266623,mixed,mix->mix,mix,mix,2,0,2,145,122,14.939,4799,33.097,AL.MB,2,2,2,"[ALL1, ALL2] -> AL.MBL2 -> [INP.MBL3, MBL2]",AL,1,AL,2,INP.MB,3,MB,2
47036630,mixed,mix->mix,mix,mix,1,1,2,145,85,10.446,4124,28.441,AL.MB,2,2,2,"[ALL2, LHL3] -> AL.MBL2 -> [LH.SNPL3, MBL2]",AL,2,LH,3,LH.SNP,3,MB,2
46116062,mixed,mix->mix,mix,mix,1,2,1,38835,554,2.581,44450,1.145,OL,2,2,2,"[OLL3, OL.VMNPL2] -> OLL2 -> [OLL1, OL.VLNPL3]",OL,3,OL.VMNP,2,OL,1,OL.VLNP,3
46077288,mixed,mix->mix,mix,mix,2,0,2,214,78,10.874,4657,21.762,AL.LH,2,2,2,"[ALL1, ALL2] -> AL.LHL2 -> [ALL3, MBL2]",AL,1,AL,2,AL,3,MB,2
45845878,mixed,mix->mix,mix,mix,1,1,2,187,7,2.533,50473,269.909,OL.VMNP,2,2,2,"[OL.VLNPL1, VMNPL2] -> OL.VMNPL2 -> [OLL1, OLL2]",OL.VLNP,1,VMNP,2,OL,1,OL,2
45100313,mixed,mix->mix,mix,mix,2,1,1,214,72,10.435,6058,28.308,AL.LH,2,2,2,"[ALL1, LHL3] -> AL.LHL2 -> [ALL2, MBL3]",AL,1,LH,3,AL,2,MB,3
45004165,mixed,mix->mix,mix,mix,1,2,1,187,5,2.787,50850,271.925,OL.VMNP,2,2,2,"[GNGL3, GNG.VMNPL1] -> OL.VMNPL2 -> [OLL1, OLL2]",GNG,3,GNG.VMNP,1,OL,1,OL,2
44631215,mixed,mix->mix,mix,mix,0,2,2,187,6,2.878,50950,272.46,OL.VMNP,2,2,2,"[GNGL3, VLNP.VMNPL2] -> OL.VMNPL2 -> [OLL1, OLL2]",GNG,3,VLNP.VMNP,2,OL,1,OL,2
43778081,mixed,mix->mix,mix,mix,0,2,2,187,18,3.929,81662,436.695,OL.VMNP,2,2,2,"[OLL3, VLNP.VMNPL2] -> OL.VMNPL2 -> [OLL1, OLL2]",OL,3,VLNP.VMNP,2,OL,1,OL,2
43000343,mixed,mix->mix,mix,mix,1,1,2,187,13,3.139,50474,269.914,OL.VMNP,2,2,2,"[GNG.VMNPL1, OL.VLNPL2] -> OL.VMNPL2 -> [OLL1, OLL2]",GNG.VMNP,1,OL.VLNP,2,OL,1,OL,2
42819533,mixed,mix->mix,mix,mix,1,2,1,187,12,3.858,81562,436.16,OL.VMNP,2,2,2,"[GNG.VMNPL1, OLL3] -> OL.VMNPL2 -> [OLL1, OLL2]",GNG.VMNP,1,OL,3,OL,1,OL,2
42705541,mixed,mix->mix,mix,mix,1,2,1,187,19,3.496,51633,276.112,OL.VMNP,2,2,2,"[OL.VLNPL3, VMNPL1] -> OL.VMNPL2 -> [OLL1, OLL2]",OL.VLNP,3,VMNP,1,OL,1,OL,2
42259568,mixed,mix->mix,mix,mix,0,2,2,187,11,3.133,50777,271.535,OL.VMNP,2,2,2,"[LX.VMNPL2, VLNPL3] -> OL.VMNPL2 -> [OLL1, OLL2]",LX.VMNP,2,VLNP,3,OL,1,OL,2
42033069,mixed,mix->mix,mix,mix,1,1,2,93,8,3.808,6813,73.258,MB.SNP,3,2,2,"[MBL2, MBL3] -> MB.SNPL3 -> [SNPL2, SNPL3]",MB,2,MB,3,SNP,2,SNP,3
41973050,mixed,mix->mix,mix,mix,0,2,2,187,33,2.421,50431,269.684,OL.VMNP,2,2,2,"[GNG.VMNPL2, VMNPL3] -> OL.VMNPL2 -> [OLL1, OLL2]",GNG.VMNP,2,VMNP,3,OL,1,OL,2
41777464,mixed,mix->mix,mix,mix,1,2,1,187,10,3.931,50208,268.492,OL.VMNP,2,2,2,"[VLNP.VMNPL3, VMNPL1] -> OL.VMNPL2 -> [OLL1, OLL2]",VLNP.VMNP,3,VMNP,1,OL,1,OL,2
41593944,mixed,mix->mix,mix,mix,1,1,2,2764,2,1.233,2408,0.871,MB,3,2,2,"[MBL2, MB.SNPL3] -> MBL3 -> [AL.LHL2, INP.VLNPL3]",MB,2,MB.SNP,3,AL.LH,2,INP.VLNP,3
41282033,mixed,mix->mix,mix,mix,2,0,2,187,74,4.634,71001,379.684,OL.VMNP,2,2,2,"[VMNPL1, VMNPL2] -> OL.VMNPL2 -> [OLL2, OLL3]",VMNP,1,VMNP,2,OL,2,OL,3
41005904,mixed,mix->mix,mix,mix,0,2,2,187,16,2.54,51135,273.449,OL.VMNP,2,2,2,"[GNGL2, VMNPL3] -> OL.VMNPL2 -> [OLL1, OLL2]",GNG,2,VMNP,3,OL,1,OL,2
40300960,mixed,mix->mix,mix,mix,1,1,2,2764,2,1.505,2235,0.809,MB,3,2,2,"[INP.VLNPL3, MBL2] -> MBL3 -> [MB.SNPL2, MB.VLNPL3]",INP.VLNP,3,MB,2,MB.SNP,2,MB.VLNP,3
40262600,mixed,mix->mix,mix,mix,1,1,2,2764,2,1.598,2391,0.865,MB,3,2,2,"[AL.MBL2, INP.MBL3] -> MBL3 -> [INPL3, MBL2]",AL.MB,2,INP.MB,3,INP,3,MB,2
40210720,mixed,mix->mix,mix,mix,1,1,2,2764,2,1.546,2305,0.834,MB,3,2,2,"[MBL2, MB.SNPL3] -> MBL3 -> [AL.LHL2, MB.VLNPL3]",MB,2,MB.SNP,3,AL.LH,2,MB.VLNP,3
39829372,mixed,mix->mix,mix,mix,2,0,2,145,71,11.507,5557,38.324,AL.MB,2,2,2,"[ALL1, ALL2] -> AL.MBL2 -> [INP.MBL2, MBL3]",AL,1,AL,2,INP.MB,2,MB,3
39462864,mixed,mix->mix,mix,mix,1,1,2,2764,2,1.545,2235,0.809,MB,3,2,2,"[MBL2, MB.VLNPL3] -> MBL3 -> [INP.VLNPL3, MB.SNPL2]",MB,2,MB.VLNP,3,INP.VLNP,3,MB.SNP,2
39337890,mixed,mix->mix,mix,mix,1,1,2,2764,2,1.601,2391,0.865,MB,3,2,2,"[INP.MBL3, MBL2] -> MBL3 -> [AL.MBL2, INPL3]",INP.MB,3,MB,2,AL.MB,2,INP,3
38774400,mixed,mix->mix,mix,mix,1,1,2,2764,2,1.249,2408,0.871,MB,3,2,2,"[INP.VLNPL3, MBL2] -> MBL3 -> [AL.LHL2, MB.SNPL3]",INP.VLNP,3,MB,2,AL.LH,2,MB.SNP,3
38740917,mixed,mix->mix,mix,mix,1,1,2,187,63,6.891,71261,381.075,OL.VMNP,2,2,2,"[VMNPL2, VMNPL3] -> OL.VMNPL2 -> [OLL2, OLL3]",VMNP,2,VMNP,3,OL,2,OL,3
38435704,mixed,mix->mix,mix,mix,1,1,2,187,11,3.019,50792,271.615,OL.VMNP,2,2,2,"[GNGL2, GNG.VMNPL1] -> OL.VMNPL2 -> [OLL1, OLL2]",GNG,2,GNG.VMNP,1,OL,1,OL,2
38360535,mixed,mix->mix,mix,mix,1,1,2,2764,2,1.654,2235,0.809,MB,3,2,2,"[INP.VLNPL3, MB.SNPL2] -> MBL3 -> [MBL2, MB.VLNPL3]",INP.VLNP,3,MB.SNP,2,MB,2,MB.VLNP,3
38221672,mixed,mix->mix,mix,mix,1,1,2,2764,2,1.996,2194,0.794,MB,3,2,2,"[MBL2, MB.VLNPL3] -> MBL3 -> [INP.MBL3, MB.VLNPL2]",MB,2,MB.VLNP,3,INP.MB,3,MB.VLNP,2
38201583,mixed,mix->mix,mix,mix,1,1,2,187,19,2.736,50088,267.85,OL.VMNP,2,2,2,"[GNG.VMNPL1, GNG.VMNPL2] -> OL.VMNPL2 -> [OLL1, OLL2]",GNG.VMNP,1,GNG.VMNP,2,OL,1,OL,2
38164840,mixed,mix->mix,mix,mix,1,1,2,2764,2,1.996,2194,0.794,MB,3,2,2,"[INP.MBL3, MBL2] -> MBL3 -> [MB.VLNPL2, MB.VLNPL3]",INP.MB,3,MB,2,MB.VLNP,2,MB.VLNP,3
38152464,mixed,mix->mix,mix,mix,1,1,2,2764,2,1.996,2194,0.794,MB,3,2,2,"[MB.VLNPL2, MB.VLNPL3] -> MBL3 -> [INP.MBL3, MBL2]",MB.VLNP,2,MB.VLNP,3,INP.MB,3,MB,2
38118239,mixed,mix->mix,mix,mix,2,0,2,145,39,6.232,5688,39.228,AL.MB,2,2,2,"[ALL1, AL.LHL2] -> AL.MBL2 -> [ALL2, MBL3]",AL,1,AL.LH,2,AL,2,MB,3
38095680,mixed,mix->mix,mix,mix,1,1,2,2764,2,1.996,2194,0.794,MB,3,2,2,"[INP.MBL3, MB.VLNPL2] -> MBL3 -> [MBL2, MB.VLNPL3]",INP.MB,3,MB.VLNP,2,MB,2,MB.VLNP,3
37763208,mixed,mix->mix,mix,mix,1,1,2,2764,2,1.699,2235,0.809,MB,3,2,2,"[MB.SNPL2, MB.VLNPL3] -> MBL3 -> [INP.VLNPL3, MBL2]",MB.SNP,2,MB.VLNP,3,INP.VLNP,3,MB,2
37117248,mixed,mix->mix,mix,mix,1,1,2,2764,2,1.621,2305,0.834,MB,3,2,2,"[MBL2, MB.VLNPL3] -> MBL3 -> [AL.LHL2, MB.SNPL3]",MB,2,MB.VLNP,3,AL.LH,2,MB.SNP,3
36739164,mixed,mix->mix,mix,mix,0,2,2,187,18,3.596,50817,271.749,OL.VMNP,2,2,2,"[OL.VLNPL2, VMNPL3] -> OL.VMNPL2 -> [OLL1, OLL2]",OL.VLNP,2,VMNP,3,OL,1,OL,2
36498988,mixed,mix->mix,mix,mix,1,1,2,214,70,12.124,5619,26.257,AL.LH,2,2,2,"[ALL2, ALL3] -> AL.LHL2 -> [MBL2, MBL3]",AL,2,AL,3,MB,2,MB,3
35693964,mixed,mix->mix,mix,mix,1,1,2,2764,3,1.661,2391,0.865,MB,3,2,2,"[AL.MBL2, INPL3] -> MBL3 -> [INP.MBL3, MBL2]",AL.MB,2,INP,3,INP.MB,3,MB,2
35667261,mixed,mix->mix,mix,mix,0,2,2,187,15,2.353,50171,268.294,OL.VMNP,2,2,2,"[GNG.VMNPL3, VLNP.VMNPL2] -> OL.VMNPL2 -> [OLL1, OLL2]",GNG.VMNP,3,VLNP.VMNP,2,OL,1,OL,2
34879332,mixed,mix->mix,mix,mix,1,1,2,2764,3,1.664,2391,0.865,MB,3,2,2,"[INPL3, MBL2] -> MBL3 -> [AL.MBL2, INP.MBL3]",INP,3,MB,2,AL.MB,2,INP.MB,3
34747715,mixed,mix->mix,mix,mix,0,2,2,187,9,3.182,51063,273.064,OL.VMNP,2,2,2,"[VLNPL2, VLNPL3] -> OL.VMNPL2 -> [OLL1, OLL2]",VLNP,2,VLNP,3,OL,1,OL,2
34601831,mixed,mix->mix,mix,mix,2,0,2,908,92,14.553,2197,2.42,AL,2,2,2,"[ALL1, AL.LHL2] -> ALL2 -> [ALL3, AL.MBL2]",AL,1,AL.LH,2,AL,3,AL.MB,2
34402652,mixed,mix->mix,mix,mix,1,1,2,491,23,2.039,71525,145.672,OL.VLNP,2,2,2,"[VLNPL2, VLNPL3] -> OL.VLNPL2 -> [OLL2, OLL3]",VLNP,2,VLNP,3,OL,2,OL,3
34401840,mixed,mix->mix,mix,mix,1,1,2,2764,2,1.071,3187,1.153,MB,3,2,2,"[ALL2, INP.VLNPL3] -> MBL3 -> [INP.MBL3, MBL2]",AL,2,INP.VLNP,3,INP.MB,3,MB,2
34211786,mixed,mix->mix,mix,mix,1,1,2,187,5,3.858,50438,269.722,OL.VMNP,2,2,2,"[VLNP.VMNPL1, VMNPL2] -> OL.VMNPL2 -> [OLL1, OLL2]",VLNP.VMNP,1,VMNP,2,OL,1,OL,2
33970235,mixed,mix->mix,mix,mix,2,1,1,145,114,10.869,4470,30.828,AL.MB,2,2,2,"[ALL1, ALL3] -> AL.MBL2 -> [LH.SNPL3, MBL2]",AL,1,AL,3,LH.SNP,3,MB,2
33273535,mixed,mix->mix,mix,mix,1,2,1,38835,235,4.057,44754,1.152,OL,2,2,2,"[OLL3, OL.VLNPL2] -> OLL2 -> [OLL1, OL.VLNPL3]",OL,3,OL.VLNP,2,OL,1,OL.VLNP,3
33241240,mixed,mix->mix,mix,mix,1,1,2,2764,2,1.6,2297,0.831,MB,3,2,2,"[INP.VLNPL3, MBL2] -> MBL3 -> [INP.MBL3, MB.VLNPL2]",INP.VLNP,3,MB,2,INP.MB,3,MB.VLNP,2
33196380,mixed,mix->mix,mix,mix,1,1,2,2764,2,1.599,2297,0.831,MB,3,2,2,"[INP.VLNPL3, MB.VLNPL2] -> MBL3 -> [INP.MBL3, MBL2]",INP.VLNP,3,MB.VLNP,2,INP.MB,3,MB,2
33041400,mixed,mix->mix,mix,mix,1,1,2,2764,2,1.078,3187,1.153,MB,3,2,2,"[ALL2, INP.MBL3] -> MBL3 -> [INP.VLNPL3, MBL2]",AL,2,INP.MB,3,INP.VLNP,3,MB,2
32706807,mixed,mix->mix,mix,mix,1,1,2,7,4,1.807,50539,7219.857,GNG.OL,1,2,2,"[VMNPL1, VMNPL2] -> GNG.OLL1 -> [OLL1, OLL2]",VMNP,1,VMNP,2,OL,1,OL,2
32590950,mixed,mix->mix,mix,mix,1,1,2,2764,2,1.645,2297,0.831,MB,3,2,2,"[INP.MBL3, MBL2] -> MBL3 -> [INP.VLNPL3, MB.VLNPL2]",INP.MB,3,MB,2,INP.VLNP,3,MB.VLNP,2
32545800,mixed,mix->mix,mix,mix,1,1,2,2764,2,1.644,2297,0.831,MB,3,2,2,"[INP.MBL3, MB.VLNPL2] -> MBL3 -> [INP.VLNPL3, MBL2]",INP.MB,3,MB.VLNP,2,INP.VLNP,3,MB,2
32350315,mixed,mix->mix,mix,mix,1,1,2,1567,22,1.002,71656,45.728,OL.VLNP,3,2,2,"[OL.VLNPL2, VLNPL3] -> OL.VLNPL3 -> [OLL2, OLL3]",OL.VLNP,2,VLNP,3,OL,2,OL,3
31661993,mixed,mix->mix,mix,mix,0,2,2,187,11,2.123,50114,267.989,OL.VMNP,2,2,2,"[GNG.VMNPL3, LX.VMNPL2] -> OL.VMNPL2 -> [OLL1, OLL2]",GNG.VMNP,3,LX.VMNP,2,OL,1,OL,2
31644965,mixed,mix->mix,mix,mix,0,2,2,187,13,3.356,81605,436.39,OL.VMNP,2,2,2,"[LX.VMNPL2, OLL3] -> OL.VMNPL2 -> [OLL1, OLL2]",LX.VMNP,2,OL,3,OL,1,OL,2
31590136,mixed,mix->mix,mix,mix,2,1,1,214,70,5.772,5018,23.449,AL.LH,2,2,2,"[ALL1, LHL3] -> AL.LHL2 -> [LH.SNPL3, MBL2]",AL,1,LH,3,LH.SNP,3,MB,2
31329613,mixed,mix->mix,mix,mix,2,0,2,145,50,7.568,6387,44.048,AL.MB,2,2,2,"[ALL1, ALL2] -> AL.MBL2 -> [MBL2, SNPL3]",AL,1,AL,2,MB,2,SNP,3
30958548,mixed,mix->mix,mix,mix,2,1,1,214,75,13.838,5510,25.748,AL.LH,2,2,2,"[ALL1, ALL3] -> AL.LHL2 -> [ALL2, MBL3]",AL,1,AL,3,AL,2,MB,3
651214224,mixed,mix->FWD,mix,FWD,3,0,1,145,142,17.988,6195,42.724,AL.MB,2,2,2,"[ALL1, ALL2] -> AL.MBL2 -> [LH.SNPL3, MBL3]",AL,1,AL,2,LH.SNP,3,MB,3
575441639,mixed,mix->FWD,mix,FWD,3,0,1,145,142,21.908,6058,41.779,AL.MB,2,2,2,"[ALL1, ALL2] -> AL.MBL2 -> [LHL3, MBL3]",AL,1,AL,2,LH,3,MB,3
271060681,mixed,mix->FWD,mix,FWD,3,0,1,214,97,16.835,6058,28.308,AL.LH,2,2,2,"[ALL1, ALL2] -> AL.LHL2 -> [LHL3, MBL3]",AL,1,AL,2,LH,3,MB,3
223856690,mixed,mix->FWD,mix,FWD,3,0,1,214,93,14.702,6195,28.949,AL.LH,2,2,2,"[ALL1, ALL2] -> AL.LHL2 -> [LH.SNPL3, MBL3]",AL,1,AL,2,LH.SNP,3,MB,3
144697710,mixed,mix->FWD,mix,FWD,3,0,1,145,140,21.58,5510,38.0,AL.MB,2,2,2,"[ALL1, ALL2] -> AL.MBL2 -> [ALL3, MBL3]",AL,1,AL,2,AL,3,MB,3
130512994,mixed,mix->FWD,mix,FWD,3,0,1,145,140,22.171,4015,27.69,AL.MB,2,2,2,"[ALL1, ALL2] -> AL.MBL2 -> [LHL3, LH.SNPL3]",AL,1,AL,2,LH,3,LH.SNP,3
114658022,mixed,mix->FWD,mix,FWD,3,1,0,145,85,11.813,5871,40.49,AL.MB,2,2,2,"[ALL1, LHL3] -> AL.MBL2 -> [LH.SNPL3, MBL3]",AL,1,LH,3,LH.SNP,3,MB,3
97468447,mixed,mix->FWD,mix,FWD,3,0,1,145,122,18.473,5652,38.979,AL.MB,2,2,2,"[ALL1, ALL2] -> AL.MBL2 -> [INP.MBL3, MBL3]",AL,1,AL,2,INP.MB,3,MB,3
88606012,mixed,mix->FWD,mix,FWD,3,0,1,214,158,20.914,4015,18.762,AL.LH,2,2,2,"[ALL1, ALL2] -> AL.LHL2 -> [LHL3, LH.SNPL3]",AL,1,AL,2,LH,3,LH.SNP,3
81792744,mixed,mix->FWD,mix,FWD,2,1,1,145,85,14.259,4977,34.324,AL.MB,2,2,2,"[ALL2, LHL3] -> AL.MBL2 -> [LH.SNPL3, MBL3]",AL,2,LH,3,LH.SNP,3,MB,3
63150765,mixed,mix->FWD,mix,FWD,3,0,1,214,80,13.505,5510,25.748,AL.LH,2,2,2,"[ALL1, ALL2] -> AL.LHL2 -> [ALL3, MBL3]",AL,1,AL,2,AL,3,MB,3
61139294,mixed,mix->FWD,mix,FWD,3,1,0,145,114,13.826,5323,36.71,AL.MB,2,2,2,"[ALL1, ALL3] -> AL.MBL2 -> [LH.SNPL3, MBL3]",AL,1,AL,3,LH.SNP,3,MB,3
52832809,mixed,mix->FWD,mix,FWD,3,1,0,145,114,16.455,5186,35.766,AL.MB,2,2,2,"[ALL1, ALL3] -> AL.MBL2 -> [LHL3, MBL3]",AL,1,AL,3,LH,3,MB,3
51521601,mixed,mix->FWD,mix,FWD,3,0,1,145,50,11.755,7240,49.931,AL.MB,2,2,2,"[ALL1, ALL2] -> AL.MBL2 -> [MBL3, SNPL3]",AL,1,AL,2,MB,3,SNP,3
46499187,mixed,mix->FWD,mix,FWD,2,1,1,145,114,16.346,4429,30.545,AL.MB,2,2,2,"[ALL2, ALL3] -> AL.MBL2 -> [LH.SNPL3, MBL3]",AL,2,AL,3,LH.SNP,3,MB,3
41909686,mixed,mix->FWD,mix,FWD,3,1,0,214,72,5.482,5871,27.435,AL.LH,2,2,2,"[ALL1, LHL3] -> AL.LHL2 -> [LH.SNPL3, MBL3]",AL,1,LH,3,LH.SNP,3,MB,3
41457100,mixed,mix->FWD,mix,FWD,2,1,1,145,114,19.339,4292,29.6,AL.MB,2,2,2,"[ALL2, ALL3] -> AL.MBL2 -> [LHL3, MBL3]",AL,2,AL,3,LH,3,MB,3
32835810,mixed,mix->FWD,mix,FWD,3,0,1,214,70,14.846,5652,26.411,AL.LH,2,2,2,"[ALL1, ALL2] -> AL.LHL2 -> [INP.MBL3, MBL3]",AL,1,AL,2,INP.MB,3,MB,3
30098904,mixed,mix->FWD,mix,FWD,3,0,1,145,139,26.299,3467,23.91,AL.MB,2,2,2,"[ALL1, ALL2] -> AL.MBL2 -> [ALL3, LH.SNPL3]",AL,1,AL,2,AL,3,LH.SNP,3
27747077,mixed,mix->FWD,mix,FWD,2,1,1,214,72,8.668,4977,23.257,AL.LH,2,2,2,"[ALL2, LHL3] -> AL.LHL2 -> [LH.SNPL3, MBL3]",AL,2,LH,3,LH.SNP,3,MB,3
27589157,mixed,mix->FWD,mix,FWD,3,0,1,145,139,30.41,3330,22.966,AL.MB,2,2,2,"[ALL1, ALL2] -> AL.MBL2 -> [ALL3, LHL3]",AL,1,AL,2,AL,3,LH,3
27141675,mixed,mix->FWD,mix,FWD,3,0,1,145,39,6.732,5501,37.938,AL.MB,2,2,2,"[ALL1, AL.LHL2] -> AL.MBL2 -> [LH.SNPL3, MBL3]",AL,1,AL.LH,2,LH.SNP,3,MB,3
26069654,mixed,mix->FWD,mix,FWD,3,0,1,214,92,17.27,3330,15.561,AL.LH,2,2,2,"[ALL1, ALL2] -> AL.LHL2 -> [ALL3, LHL3]",AL,1,AL,2,AL,3,LH,3
25320226,mixed,mix->FWD,mix,FWD,3,1,0,214,77,14.292,5186,24.234,AL.LH,2,2,2,"[ALL1, ALL3] -> AL.LHL2 -> [LHL3, MBL3]",AL,1,AL,3,LH,3,MB,3
24823302,mixed,mix->FWD,mix,FWD,3,0,1,214,55,8.427,5516,25.776,AL.LH,2,2,2,"[ALL1, ALL2] -> AL.LHL2 -> [LH.VLNPL3, MBL3]",AL,1,AL,2,LH.VLNP,3,MB,3
24534284,mixed,mix->FWD,mix,FWD,3,0,1,145,93,22.054,5548,38.262,AL.MB,2,2,2,"[ALL1, ALL2] -> AL.MBL2 -> [AL.LHL3, MBL3]",AL,1,AL,2,AL.LH,3,MB,3
24066596,mixed,mix->FWD,mix,FWD,3,0,1,145,59,6.815,5380,37.103,AL.MB,2,2,2,"[ALL1, LHL2] -> AL.MBL2 -> [LH.SNPL3, MBL3]",AL,1,LH,2,LH.SNP,3,MB,3
23782833,mixed,mix->FWD,mix,FWD,2,1,1,491,96,5.786,72732,148.13,OL.VLNP,2,2,2,"[OLL2, OLL3] -> OL.VLNPL2 -> [OL.VLNPL3, VLNPL3]",OL,2,OL,3,OL.VLNP,3,VLNP,3
23121350,mixed,mix->FWD,mix,FWD,3,0,1,145,39,7.521,5364,36.993,AL.MB,2,2,2,"[ALL1, AL.LHL2] -> AL.MBL2 -> [LHL3, MBL3]",AL,1,AL.LH,2,LH,3,MB,3
22514905,mixed,mix->FWD,mix,FWD,3,0,1,145,59,12.168,5516,38.041,AL.MB,2,2,2,"[ALL1, ALL2] -> AL.MBL2 -> [LH.VLNPL3, MBL3]",AL,1,AL,2,LH.VLNP,3,MB,3
21260618,mixed,mix->FWD,mix,FWD,3,1,0,214,74,10.988,5323,24.874,AL.LH,2,2,2,"[ALL1, ALL3] -> AL.LHL2 -> [LH.SNPL3, MBL3]",AL,1,AL,3,LH.SNP,3,MB,3
20389403,mixed,mix->FWD,mix,FWD,3,0,1,145,59,8.723,5243,36.159,AL.MB,2,2,2,"[ALL1, LHL2] -> AL.MBL2 -> [LHL3, MBL3]",AL,1,LH,2,LH,3,MB,3
20336494,mixed,mix->FWD,mix,FWD,3,0,1,214,55,14.41,7240,33.832,AL.LH,2,2,2,"[ALL1, ALL2] -> AL.LHL2 -> [MBL3, SNPL3]",AL,1,AL,2,MB,3,SNP,3
20218548,mixed,mix->FWD,mix,FWD,3,0,1,145,121,20.107,3609,24.89,AL.MB,2,2,2,"[ALL1, ALL2] -> AL.MBL2 -> [INP.MBL3, LH.SNPL3]",AL,1,AL,2,INP.MB,3,LH.SNP,3
19676505,mixed,mix->FWD,mix,FWD,3,0,1,214,88,20.077,3467,16.201,AL.LH,2,2,2,"[ALL1, ALL2] -> AL.LHL2 -> [ALL3, LH.SNPL3]",AL,1,AL,2,AL,3,LH.SNP,3
19371202,mixed,mix->FWD,mix,FWD,2,1,1,214,77,18.555,4292,20.056,AL.LH,2,2,2,"[ALL2, ALL3] -> AL.LHL2 -> [LHL3, MBL3]",AL,2,AL,3,LH,3,MB,3
19183347,mixed,mix->FWD,mix,FWD,3,1,0,145,86,15.65,5186,35.766,AL.MB,2,2,2,"[ALL1, LHL3] -> AL.MBL2 -> [ALL3, MBL3]",AL,1,LH,3,AL,3,MB,3
19075331,mixed,mix->FWD,mix,FWD,3,0,1,145,121,22.79,3472,23.945,AL.MB,2,2,2,"[ALL1, ALL2] -> AL.MBL2 -> [INP.MBL3, LHL3]",AL,1,AL,2,INP.MB,3,LH,3
15724554,mixed,mix->FWD,mix,FWD,2,1,1,214,74,17.132,4429,20.696,AL.LH,2,2,2,"[ALL2, ALL3] -> AL.LHL2 -> [LH.SNPL3, MBL3]",AL,2,AL,3,LH.SNP,3,MB,3
15648017,mixed,mix->FWD,mix,FWD,2,1,1,145,86,17.362,4292,29.6,AL.MB,2,2,2,"[ALL2, LHL3] -> AL.MBL2 -> [ALL3, MBL3]",AL,2,LH,3,AL,3,MB,3
14357419,mixed,mix->FWD,mix,FWD,3,1,0,145,77,13.571,5328,36.745,AL.MB,2,2,2,"[ALL1, LHL3] -> AL.MBL2 -> [INP.MBL3, MBL3]",AL,1,LH,3,INP.MB,3,MB,3
13549865,mixed,mix->FWD,mix,FWD,2,1,1,38835,180,2.328,33441,0.861,OL,2,2,2,"[OLL3, OL.VMNPL2] -> OLL2 -> [OL.VLNPL3, OL.VMNPL3]",OL,3,OL.VMNP,2,OL.VLNP,3,OL.VMNP,3
13432720,mixed,mix->FWD,mix,FWD,3,0,1,214,71,16.082,3472,16.224,AL.LH,2,2,2,"[ALL1, ALL2] -> AL.LHL2 -> [INP.MBL3, LHL3]",AL,1,AL,2,INP.MB,3,LH,3
12251343,mixed,mix->FWD,mix,FWD,3,0,1,145,50,11.581,5197,35.841,AL.MB,2,2,2,"[ALL1, ALL2] -> AL.MBL2 -> [LH.SNPL3, SNPL3]",AL,1,AL,2,LH.SNP,3,SNP,3
11894627,mixed,mix->FWD,mix,FWD,3,1,0,145,113,17.634,3143,21.676,AL.MB,2,2,2,"[ALL1, ALL3] -> AL.MBL2 -> [LHL3, LH.SNPL3]",AL,1,AL,3,LH,3,LH.SNP,3
11799658,mixed,mix->FWD,mix,FWD,2,1,1,145,77,15.389,4434,30.579,AL.MB,2,2,2,"[ALL2, LHL3] -> AL.MBL2 -> [INP.MBL3, MBL3]",AL,2,LH,3,INP.MB,3,MB,3
11656115,mixed,mix->FWD,mix,FWD,3,0,1,145,18,7.187,5484,37.821,AL.MB,2,2,2,"[ALL1, ALL2] -> AL.MBL2 -> [AL.SNPL3, MBL3]",AL,1,AL,2,AL.SNP,3,MB,3
11175141,mixed,mix->FWD,mix,FWD,3,0,1,214,49,12.268,5548,25.925,AL.LH,2,2,2,"[ALL1, ALL2] -> AL.LHL2 -> [AL.LHL3, MBL3]",AL,1,AL,2,AL.LH,3,MB,3
10637203,mixed,mix->FWD,mix,FWD,3,0,1,214,70,13.997,3609,16.864,AL.LH,2,2,2,"[ALL1, ALL2] -> AL.LHL2 -> [INP.MBL3, LH.SNPL3]",AL,1,AL,2,INP.MB,3,LH.SNP,3
10474743,mixed,mix->FWD,mix,FWD,3,0,1,145,49,12.688,5060,34.897,AL.MB,2,2,2,"[ALL1, ALL2] -> AL.MBL2 -> [LHL3, SNPL3]",AL,1,AL,2,LH,3,SNP,3
10333240,mixed,mix->FWD,mix,FWD,2,1,1,38835,138,4.096,33745,0.869,OL,2,2,2,"[OLL3, OL.VLNPL2] -> OLL2 -> [OL.VLNPL3, OL.VMNPL3]",OL,3,OL.VLNP,2,OL.VLNP,3,OL.VMNP,3
10289629,mixed,mix->FWD,mix,FWD,3,1,0,145,38,8.002,6916,47.697,AL.MB,2,2,2,"[ALL1, LHL3] -> AL.MBL2 -> [MBL3, SNPL3]",AL,1,LH,3,MB,3,SNP,3
10061840,mixed,mix->FWD,mix,FWD,2,1,1,47,10,4.156,7162,152.383,MB.SNP,2,2,2,"[MBL2, MBL3] -> MB.SNPL2 -> [LH.SNPL3, SNPL3]",MB,2,MB,3,LH.SNP,3,SNP,3
9987268,mixed,mix->FWD,mix,FWD,3,0,1,214,82,11.843,3336,15.589,AL.LH,2,2,2,"[ALL1, ALL2] -> AL.LHL2 -> [LHL3, LH.VLNPL3]",AL,1,AL,2,LH,3,LH.VLNP,3
9412044,mixed,mix->FWD,mix,FWD,2,1,1,83,5,1.313,6534,78.723,INP.MB,2,2,2,"[MBL2, MBL3] -> INP.MBL2 -> [MB.SNPL3, SNPL3]",MB,2,MB,3,MB.SNP,3,SNP,3
9271727,mixed,mix->FWD,mix,FWD,3,0,1,38835,742,2.734,44450,1.145,OL,2,2,2,"[OLL1, OL.VMNPL2] -> OLL2 -> [OLL3, OL.VLNPL3]",OL,1,OL.VMNP,2,OL,3,OL.VLNP,3
9018864,mixed,mix->FWD,mix,FWD,2,1,1,145,113,22.203,2249,15.51,AL.MB,2,2,2,"[ALL2, ALL3] -> AL.MBL2 -> [LHL3, LH.SNPL3]",AL,2,AL,3,LH,3,LH.SNP,3
8567031,mixed,mix->FWD,mix,FWD,3,0,1,214,93,16.798,5060,23.645,AL.LH,2,2,2,"[ALL1, ALL2] -> AL.LHL2 -> [LHL3, SNPL3]",AL,1,AL,2,LH,3,SNP,3
8237307,mixed,mix->FWD,mix,FWD,3,1,0,214,66,9.263,5186,24.234,AL.LH,2,2,2,"[ALL1, LHL3] -> AL.LHL2 -> [ALL3, MBL3]",AL,1,LH,3,AL,3,MB,3
8202605,mixed,mix->FWD,mix,FWD,3,1,0,145,99,17.387,4780,32.966,AL.MB,2,2,2,"[ALL1, ALL3] -> AL.MBL2 -> [INP.MBL3, MBL3]",AL,1,AL,3,INP.MB,3,MB,3
8107699,mixed,mix->FWD,mix,FWD,3,1,0,214,106,15.834,3143,14.687,AL.LH,2,2,2,"[ALL1, ALL3] -> AL.LHL2 -> [LHL3, LH.SNPL3]",AL,1,AL,3,LH,3,LH.SNP,3
8028371,mixed,mix->FWD,mix,FWD,3,0,1,214,93,17.211,5197,24.285,AL.LH,2,2,2,"[ALL1, ALL2] -> AL.LHL2 -> [LH.SNPL3, SNPL3]",AL,1,AL,2,LH.SNP,3,SNP,3
7922900,mixed,mix->FWD,mix,FWD,2,1,1,47,10,2.857,7025,149.468,MB.SNP,2,2,2,"[MBL2, MBL3] -> MB.SNPL2 -> [LHL3, SNPL3]",MB,2,MB,3,LH,3,SNP,3
7699221,mixed,mix->FWD,mix,FWD,3,0,1,145,19,6.967,4396,30.317,AL.MB,2,2,2,"[ALL2, AL.INPL1] -> AL.MBL2 -> [LH.SNPL3, MBL3]",AL,2,AL.INP,1,LH.SNP,3,MB,3
7644216,mixed,mix->FWD,mix,FWD,2,1,1,145,99,13.569,3886,26.8,AL.MB,2,2,2,"[ALL2, ALL3] -> AL.MBL2 -> [INP.MBL3, MBL3]",AL,2,AL,3,INP.MB,3,MB,3
7594485,mixed,mix->FWD,mix,FWD,3,1,0,38835,297,3.93,44371,1.143,OL,2,2,2,"[OLL1, OLL3] -> OLL2 -> [OL.VLNPL3, OL.VMNPL3]",OL,1,OL,3,OL.VLNP,3,OL.VMNP,3
7160112,mixed,mix->FWD,mix,FWD,3,0,1,145,38,5.551,4816,33.214,AL.MB,2,2,2,"[ALL1, AL.LHL2] -> AL.MBL2 -> [ALL3, MBL3]",AL,1,AL.LH,2,AL,3,MB,3
7018816,mixed,mix->FWD,mix,FWD,3,0,1,38835,306,4.26,44754,1.152,OL,2,2,2,"[OLL1, OL.VLNPL2] -> OLL2 -> [OLL3, OL.VLNPL3]",OL,1,OL.VLNP,2,OL,3,OL.VLNP,3
6972114,mixed,mix->FWD,mix,FWD,2,1,1,145,38,9.902,6022,41.531,AL.MB,2,2,2,"[ALL2, LHL3] -> AL.MBL2 -> [MBL3, SNPL3]",AL,2,LH,3,MB,3,SNP,3
6784531,mixed,mix->FWD,mix,FWD,3,0,1,214,82,13.001,3473,16.229,AL.LH,2,2,2,"[ALL1, ALL2] -> AL.LHL2 -> [LH.SNPL3, LH.VLNPL3]",AL,1,AL,2,LH.SNP,3,LH.VLNP,3
6775064,mixed,mix->FWD,mix,FWD,3,0,1,145,16,4.386,5567,38.393,AL.MB,2,2,2,"[ALL1, ALL2] -> AL.MBL2 -> [MBL3, MB.SNPL3]",AL,1,AL,2,MB,3,MB.SNP,3
6670399,mixed,mix->FWD,mix,FWD,2,1,1,214,106,23.71,2249,10.509,AL.LH,2,2,2,"[ALL2, ALL3] -> AL.LHL2 -> [LHL3, LH.SNPL3]",AL,2,AL,3,LH,3,LH.SNP,3
6633576,mixed,mix->FWD,mix,FWD,3,0,1,145,15,6.163,5292,36.497,AL.MB,2,2,2,"[ALL1, LH.MBL2] -> AL.MBL2 -> [LH.SNPL3, MBL3]",AL,1,LH.MB,2,LH.SNP,3,MB,3
6364748,mixed,mix->FWD,mix,FWD,3,1,0,145,14,6.493,5871,40.49,AL.MB,2,2,2,"[ALL1, LH.SNPL3] -> AL.MBL2 -> [LHL3, MBL3]",AL,1,LH.SNP,3,LH,3,MB,3
6184660,mixed,mix->FWD,mix,FWD,2,1,1,47,6,2.863,6534,139.021,MB.SNP,2,2,2,"[MBL2, MBL3] -> MB.SNPL2 -> [MB.SNPL3, SNPL3]",MB,2,MB,3,MB.SNP,3,SNP,3
6028750,mixed,mix->FWD,mix,FWD,3,1,0,214,59,8.617,5328,24.897,AL.LH,2,2,2,"[ALL1, LHL3] -> AL.LHL2 -> [INP.MBL3, MBL3]",AL,1,LH,3,INP.MB,3,MB,3
6011721,mixed,mix->FWD,mix,FWD,3,0,1,145,19,7.459,4259,29.372,AL.MB,2,2,2,"[ALL2, AL.INPL1] -> AL.MBL2 -> [LHL3, MBL3]",AL,2,AL.INP,1,LH,3,MB,3
5871454,mixed,mix->FWD,mix,FWD,2,1,1,491,68,3.189,71355,145.326,OL.VLNP,2,2,2,"[OLL2, OLL3] -> OL.VLNPL2 -> [INP.VLNPL3, VLNPL3]",OL,2,OL,3,INP.VLNP,3,VLNP,3
5850479,mixed,mix->FWD,mix,FWD,2,1,1,214,66,12.91,4292,20.056,AL.LH,2,2,2,"[ALL2, LHL3] -> AL.LHL2 -> [ALL3, MBL3]",AL,2,LH,3,AL,3,MB,3
5763648,mixed,mix->FWD,mix,FWD,2,1,1,1802,12,2.774,1271,0.705,AL,1,2,2,"[ALL2, AL.GNGL1] -> ALL1 -> [AL.LHL2, AL.MBL2]",AL,2,AL.GNG,1,AL.LH,2,AL.MB,2
5637870,mixed,mix->FWD,mix,FWD,3,0,1,145,93,22.732,3505,24.172,AL.MB,2,2,2,"[ALL1, ALL2] -> AL.MBL2 -> [AL.LHL3, LH.SNPL3]",AL,1,AL,2,AL.LH,3,LH.SNP,3
5458555,mixed,mix->FWD,mix,FWD,3,0,1,145,92,23.551,3368,23.228,AL.MB,2,2,2,"[ALL1, ALL2] -> AL.MBL2 -> [AL.LHL3, LHL3]",AL,1,AL,2,AL.LH,3,LH,3
5425499,mixed,mix->FWD,mix,FWD,3,0,1,145,121,13.232,2924,20.166,AL.MB,2,2,2,"[ALL1, ALL2] -> AL.MBL2 -> [ALL3, INP.MBL3]",AL,1,AL,2,AL,3,INP.MB,3
5375791,mixed,mix->FWD,mix,FWD,3,0,1,145,16,7.182,5155,35.552,AL.MB,2,2,2,"[ALL1, LH.MBL2] -> AL.MBL2 -> [LHL3, MBL3]",AL,1,LH.MB,2,LH,3,MB,3
5291428,mixed,mix->FWD,mix,FWD,2,1,1,38835,98,1.437,33441,0.861,OL,2,2,2,"[OL.VMNPL2, OL.VMNPL3] -> OLL2 -> [OLL3, OL.VLNPL3]",OL.VMNP,2,OL.VMNP,3,OL,3,OL.VLNP,3
5033577,mixed,mix->FWD,mix,FWD,3,0,1,214,33,10.658,5243,24.5,AL.LH,2,2,2,"[ALL1, LHL2] -> AL.LHL2 -> [LHL3, MBL3]",AL,1,LH,2,LH,3,MB,3
5025552,mixed,mix->FWD,mix,FWD,3,1,0,145,45,10.049,6368,43.917,AL.MB,2,2,2,"[ALL1, ALL3] -> AL.MBL2 -> [MBL3, SNPL3]",AL,1,AL,3,MB,3,SNP,3
4787045,mixed,mix->FWD,mix,FWD,3,0,1,145,59,17.729,3336,23.007,AL.MB,2,2,2,"[ALL1, ALL2] -> AL.MBL2 -> [LHL3, LH.VLNPL3]",AL,1,AL,2,LH,3,LH.VLNP,3
4770472,mixed,mix->FWD,mix,FWD,2,1,1,83,5,3.087,6617,79.723,INP.MB,2,2,2,"[MBL2, MBL3] -> INP.MBL2 -> [INP.SNPL3, SNPL3]",MB,2,MB,3,INP.SNP,3,SNP,3
4674064,mixed,mix->FWD,mix,FWD,3,0,1,145,57,11.236,4695,32.379,AL.MB,2,2,2,"[ALL1, LHL2] -> AL.MBL2 -> [ALL3, MBL3]",AL,1,LH,2,AL,3,MB,3
4655911,mixed,mix->FWD,mix,FWD,2,1,1,83,5,1.919,4944,59.566,INP.MB,2,2,2,"[MBL2, MBL3] -> INP.MBL2 -> [INP.SNPL3, MB.SNPL3]",MB,2,MB,3,INP.SNP,3,MB.SNP,3
4630856,mixed,mix->FWD,mix,FWD,3,0,1,145,39,7.887,3321,22.903,AL.MB,2,2,2,"[ALL1, AL.LHL2] -> AL.MBL2 -> [LHL3, LH.SNPL3]",AL,1,AL.LH,2,LH,3,LH.SNP,3
4604026,mixed,mix->FWD,mix,FWD,3,0,1,145,8,5.27,6225,42.931,AL.MB,2,2,2,"[ALL1, ALL2] -> AL.MBL2 -> [MBL3, VLNPL3]",AL,1,AL,2,MB,3,VLNP,3
4602204,mixed,mix->FWD,mix,FWD,3,0,1,145,4,1.82,5491,37.869,AL.MB,2,2,2,"[ALL1, ALL2] -> AL.MBL2 -> [INP.LHL3, MBL3]",AL,1,AL,2,INP.LH,3,MB,3
4590874,mixed,mix->FWD,mix,FWD,2,1,1,1802,60,3.578,1271,0.705,AL,1,2,2,"[ALL2, AL.PENPL1] -> ALL1 -> [AL.LHL2, AL.MBL2]",AL,2,AL.PENP,1,AL.LH,2,AL.MB,2
4531119,mixed,mix->FWD,mix,FWD,3,0,1,145,34,4.706,4958,34.193,AL.MB,2,2,2,"[ALL1, AL.LHL2] -> AL.MBL2 -> [INP.MBL3, MBL3]",AL,1,AL.LH,2,INP.MB,3,MB,3
4472975,mixed,mix->FWD,mix,FWD,3,0,1,145,59,16.164,3473,23.952,AL.MB,2,2,2,"[ALL1, ALL2] -> AL.MBL2 -> [LH.SNPL3, LH.VLNPL3]",AL,1,AL,2,LH.SNP,3,LH.VLNP,3
4431781,mixed,mix->FWD,mix,FWD,3,1,0,145,85,14.867,3143,21.676,AL.MB,2,2,2,"[ALL1, LHL3] -> AL.MBL2 -> [ALL3, LH.SNPL3]",AL,1,LH,3,AL,3,LH.SNP,3
4416910,mixed,mix->FWD,mix,FWD,3,0,1,145,13,5.497,5479,37.786,AL.MB,2,2,2,"[ALL1, ALL2] -> AL.MBL2 -> [LH.MBL3, MBL3]",AL,1,AL,2,LH.MB,3,MB,3
4393941,mixed,mix->FWD,mix,FWD,2,1,1,145,14,7.445,4977,34.324,AL.MB,2,2,2,"[ALL2, LH.SNPL3] -> AL.MBL2 -> [LHL3, MBL3]",AL,2,LH.SNP,3,LH,3,MB,3
4387086,mixed,mix->FWD,mix,FWD,2,1,1,491,29,1.491,72732,148.13,OL.VLNP,2,2,2,"[OLL2, VLNPL3] -> OL.VLNPL2 -> [OLL3, OL.VLNPL3]",OL,2,VLNP,3,OL,3,OL.VLNP,3
4344181,mixed,mix->FWD,mix,FWD,3,0,1,214,67,14.612,3368,15.738,AL.LH,2,2,2,"[ALL1, ALL2] -> AL.LHL2 -> [AL.LHL3, LHL3]",AL,1,AL,2,AL.LH,3,LH,3
4333001,mixed,mix->FWD,mix,FWD,3,0,1,145,57,8.264,3200,22.069,AL.MB,2,2,2,"[ALL1, LHL2] -> AL.MBL2 -> [LHL3, LH.SNPL3]",AL,1,LH,2,LH,3,LH.SNP,3
4256429,mixed,mix->FWD,mix,FWD,3,0,1,214,11,4.594,6225,29.089,AL.LH,2,2,2,"[ALL1, ALL2] -> AL.LHL2 -> [MBL3, VLNPL3]",AL,1,AL,2,MB,3,VLNP,3
4191989,mixed,mix->FWD,mix,FWD,3,1,0,145,120,16.948,5871,40.49,AL.MB,2,2,2,"[ALL1, MBL3] -> AL.MBL2 -> [LHL3, LH.SNPL3]",AL,1,MB,3,LH,3,LH.SNP,3
4178734,mixed,mix->FWD,mix,FWD,2,1,1,214,59,11.386,4434,20.72,AL.LH,2,2,2,"[ALL2, LHL3] -> AL.LHL2 -> [INP.MBL3, MBL3]",AL,2,LH,3,INP.MB,3,MB,3
4089356,mixed,mix->FWD,mix,FWD,2,1,1,47,7,2.602,6617,140.787,MB.SNP,2,2,2,"[MBL2, MBL3] -> MB.SNPL2 -> [INP.SNPL3, SNPL3]",MB,2,MB,3,INP.SNP,3,SNP,3
4077893,mixed,mix->FWD,mix,FWD,3,0,1,214,66,14.879,3505,16.379,AL.LH,2,2,2,"[ALL1, ALL2] -> AL.LHL2 -> [AL.LHL3, LH.SNPL3]",AL,1,AL,2,AL.LH,3,LH.SNP,3
3953652,mixed,mix->FWD,mix,FWD,3,0,1,145,5,3.624,5315,36.655,AL.MB,2,2,2,"[ALL1, AL.SNPL2] -> AL.MBL2 -> [LH.SNPL3, MBL3]",AL,1,AL.SNP,2,LH.SNP,3,MB,3
3829574,mixed,mix->FWD,mix,FWD,2,1,1,145,28,5.979,4283,29.538,AL.MB,2,2,2,"[AL.LHL2, LHL3] -> AL.MBL2 -> [LH.SNPL3, MBL3]",AL.LH,2,LH,3,LH.SNP,3,MB,3
3793209,mixed,mix->FWD,mix,FWD,3,0,1,38835,150,3.357,33663,0.867,OL,2,2,2,"[OL.VLNPL2, OL.VMNPL1] -> OLL2 -> [OLL3, OL.VLNPL3]",OL.VLNP,2,OL.VMNP,1,OL,3,OL.VLNP,3
3787610,mixed,mix->FWD,mix,FWD,3,0,1,214,31,9.912,5380,25.14,AL.LH,2,2,2,"[ALL1, LHL2] -> AL.LHL2 -> [LH.SNPL3, MBL3]",AL,1,LH,2,LH.SNP,3,MB,3
3668055,mixed,mix->FWD,mix,FWD,3,0,1,38835,228,3.323,33359,0.859,OL,2,2,2,"[OL.VMNPL1, OL.VMNPL2] -> OLL2 -> [OLL3, OL.VLNPL3]",OL.VMNP,1,OL.VMNP,2,OL,3,OL.VLNP,3
3576795,mixed,mix->FWD,mix,FWD,2,1,1,145,45,12.419,5474,37.752,AL.MB,2,2,2,"[ALL2, ALL3] -> AL.MBL2 -> [MBL3, SNPL3]",AL,2,AL,3,MB,3,SNP,3
3565609,mixed,mix->FWD,mix,FWD,3,0,1,214,22,5.041,5491,25.659,AL.LH,2,2,2,"[ALL1, ALL2] -> AL.LHL2 -> [INP.LHL3, MBL3]",AL,1,AL,2,INP.LH,3,MB,3
3439290,mixed,mix->FWD,mix,FWD,2,1,1,145,120,20.892,4977,34.324,AL.MB,2,2,2,"[ALL2, MBL3] -> AL.MBL2 -> [LHL3, LH.SNPL3]",AL,2,MB,3,LH,3,LH.SNP,3
3399828,mixed,mix->FWD,mix,FWD,3,1,0,214,14,3.125,5871,27.435,AL.LH,2,2,2,"[ALL1, LH.SNPL3] -> AL.LHL2 -> [LHL3, MBL3]",AL,1,LH.SNP,3,LH,3,MB,3
3398006,mixed,mix->FWD,mix,FWD,2,1,1,145,85,19.38,2249,15.51,AL.MB,2,2,2,"[ALL2, LHL3] -> AL.MBL2 -> [ALL3, LH.SNPL3]",AL,2,LH,3,AL,3,LH.SNP,3
3296043,mixed,mix->FWD,mix,FWD,3,1,0,145,76,12.404,3285,22.655,AL.MB,2,2,2,"[ALL1, LHL3] -> AL.MBL2 -> [INP.MBL3, LH.SNPL3]",AL,1,LH,3,INP.MB,3,LH.SNP,3
3258980,mixed,mix->FWD,mix,FWD,2,1,1,47,10,2.38,5980,127.234,MB.SNP,2,2,2,"[MBL2, MBL3] -> MB.SNPL2 -> [LHL3, LH.SNPL3]",MB,2,MB,3,LH,3,LH.SNP,3
3217969,mixed,mix->FWD,mix,FWD,3,0,1,145,5,3.797,5178,35.71,AL.MB,2,2,2,"[ALL1, AL.SNPL2] -> AL.MBL2 -> [LHL3, MBL3]",AL,1,AL.SNP,2,LH,3,MB,3
3190884,mixed,mix->FWD,mix,FWD,2,1,1,145,48,6.435,4162,28.703,AL.MB,2,2,2,"[LHL2, LHL3] -> AL.MBL2 -> [LH.SNPL3, MBL3]",LH,2,LH,3,LH.SNP,3,MB,3
3162150,mixed,mix->FWD,mix,FWD,3,1,0,214,58,10.609,4780,22.336,AL.LH,2,2,2,"[ALL1, ALL3] -> AL.LHL2 -> [INP.MBL3, MBL3]",AL,1,AL,3,INP.MB,3,MB,3
3161851,mixed,mix->FWD,mix,FWD,3,1,0,214,45,8.534,6916,32.318,AL.LH,2,2,2,"[ALL1, LHL3] -> AL.LHL2 -> [MBL3, SNPL3]",AL,1,LH,3,MB,3,SNP,3
3146042,mixed,mix->FWD,mix,FWD,2,1,1,47,6,3.551,6598,140.383,MB.SNP,2,2,2,"[MBL2, MBL3] -> MB.SNPL2 -> [INPL3, SNPL3]",MB,2,MB,3,INP,3,SNP,3
3133996,mixed,mix->FWD,mix,FWD,3,0,1,214,64,13.678,2924,13.664,AL.LH,2,2,2,"[ALL1, ALL2] -> AL.LHL2 -> [ALL3, INP.MBL3]",AL,1,AL,2,AL,3,INP.MB,3
3124149,mixed,mix->FWD,mix,FWD,3,1,0,38835,99,4.15,33280,0.857,OL,2,2,2,"[OLL3, OL.VMNPL1] -> OLL2 -> [OL.VLNPL3, OL.VMNPL3]",OL,3,OL.VMNP,1,OL.VLNP,3,OL.VMNP,3
2879085,mixed,mix->FWD,mix,FWD,3,0,1,145,55,10.877,4837,33.359,AL.MB,2,2,2,"[ALL1, LHL2] -> AL.MBL2 -> [INP.MBL3, MBL3]",AL,1,LH,2,INP.MB,3,MB,3
2860780,mixed,mix->FWD,mix,FWD,2,1,1,491,16,1.482,34257,69.77,OL.VLNP,2,2,2,"[VLNPL2, VLNPL3] -> OL.VLNPL2 -> [OLL3, OL.VLNPL3]",VLNP,2,VLNP,3,OL,3,OL.VLNP,3
2793978,mixed,mix->FWD,mix,FWD,3,0,1,145,14,6.094,4396,30.317,AL.MB,2,2,2,"[ALL2, AL.SNPL1] -> AL.MBL2 -> [LH.SNPL3, MBL3]",AL,2,AL.SNP,1,LH.SNP,3,MB,3
2725598,mixed,mix->FWD,mix,FWD,3,1,0,214,69,9.399,3143,14.687,AL.LH,2,2,2,"[ALL1, LHL3] -> AL.LHL2 -> [ALL3, LH.SNPL3]",AL,1,LH,3,AL,3,LH.SNP,3
2721671,mixed,mix->FWD,mix,FWD,3,1,0,145,55,12.395,5224,36.028,AL.MB,2,2,2,"[ALL1, LHL3] -> AL.MBL2 -> [AL.LHL3, MBL3]",AL,1,LH,3,AL.LH,3,MB,3
2715206,mixed,mix->FWD,mix,FWD,3,0,1,145,5,1.936,5329,36.752,AL.MB,2,2,2,"[ALL1, AL.VLNPL2] -> AL.MBL2 -> [LH.SNPL3, MBL3]",AL,1,AL.VLNP,2,LH.SNP,3,MB,3
2697087,mixed,mix->FWD,mix,FWD,3,0,1,145,17,7.518,3441,23.731,AL.MB,2,2,2,"[ALL1, ALL2] -> AL.MBL2 -> [AL.SNPL3, LH.SNPL3]",AL,1,AL,2,AL.SNP,3,LH.SNP,3
2676919,mixed,mix->FWD,mix,FWD,3,1,0,214,46,7.048,5192,24.262,AL.LH,2,2,2,"[ALL1, LHL3] -> AL.LHL2 -> [LH.VLNPL3, MBL3]",AL,1,LH,3,LH.VLNP,3,MB,3
2650422,mixed,mix->FWD,mix,FWD,3,0,1,145,20,5.731,6546,45.145,AL.MB,2,2,2,"[ALL1, AL.LHL2] -> AL.MBL2 -> [MBL3, SNPL3]",AL,1,AL.LH,2,MB,3,SNP,3
2610407,mixed,mix->FWD,mix,FWD,2,1,1,145,76,14.988,2391,16.49,AL.MB,2,2,2,"[ALL2, LHL3] -> AL.MBL2 -> [INP.MBL3, LH.SNPL3]",AL,2,LH,3,INP.MB,3,LH.SNP,3
2608180,mixed,mix->FWD,mix,FWD,2,1,1,491,36,3.732,72171,146.988,OL.VLNP,2,2,2,"[OLL2, OLL3] -> OL.VLNPL2 -> [INP.VLNPL3, OL.VLNPL3]",OL,2,OL,3,INP.VLNP,3,OL.VLNP,3
2595569,mixed,mix->FWD,mix,FWD,3,0,1,214,27,7.831,4260,19.907,AL.LH,2,2,2,"[ALL2, AL.PENPL1] -> AL.LHL2 -> [LHL3, MBL3]",AL,2,AL.PENP,1,LH,3,MB,3
2547428,mixed,mix->FWD,mix,FWD,3,1,0,145,38,7.925,4873,33.607,AL.MB,2,2,2,"[ALL1, LHL3] -> AL.MBL2 -> [LH.SNPL3, SNPL3]",AL,1,LH,3,LH.SNP,3,SNP,3
2535193,mixed,mix->FWD,mix,FWD,2,1,1,83,4,2.354,5008,60.337,INP.MB,2,2,2,"[MBL2, MBL3] -> INP.MBL2 -> [INPL3, INP.SNPL3]",MB,2,MB,3,INP,3,INP.SNP,3
2526325,mixed,mix->FWD,mix,FWD,3,0,1,214,58,8.057,2788,13.028,AL.LH,2,2,2,"[ALL1, ALL2] -> AL.LHL2 -> [ALL3, LH.VLNPL3]",AL,1,AL,2,AL,3,LH.VLNP,3
2512952,mixed,mix->FWD,mix,FWD,2,1,1,214,58,14.161,3886,18.159,AL.LH,2,2,2,"[ALL2, ALL3] -> AL.LHL2 -> [INP.MBL3, MBL3]",AL,2,AL,3,INP.MB,3,MB,3
2493256,mixed,mix->FWD,mix,FWD,2,1,1,26,4,1.851,39913,1535.115,OL.VMNP,1,2,2,"[VMNPL1, VMNPL2] -> OL.VMNPL1 -> [OLL2, OL.VLNPL2]",VMNP,1,VMNP,2,OL,2,OL.VLNP,2
2463342,mixed,mix->FWD,mix,FWD,3,0,1,145,5,2.023,5192,35.807,AL.MB,2,2,2,"[ALL1, AL.VLNPL2] -> AL.MBL2 -> [LHL3, MBL3]",AL,1,AL.VLNP,2,LH,3,MB,3
2423627,mixed,mix->FWD,mix,FWD,3,0,1,145,14,2.853,5293,36.503,AL.MB,2,2,2,"[ALL1, AL.VMNPL2] -> AL.MBL2 -> [LH.SNPL3, MBL3]",AL,1,AL.VMNP,2,LH.SNP,3,MB,3
2420158,mixed,mix->FWD,mix,FWD,3,1,0,145,18,5.548,5160,35.586,AL.MB,2,2,2,"[ALL1, LHL3] -> AL.MBL2 -> [AL.SNPL3, MBL3]",AL,1,LH,3,AL.SNP,3,MB,3
2406659,mixed,mix->FWD,mix,FWD,3,0,1,491,52,2.507,52270,106.456,OL.VLNP,2,2,2,"[OLL1, OLL2] -> OL.VLNPL2 -> [OL.VLNPL3, VLNPL3]",OL,1,OL,2,OL.VLNP,3,VLNP,3
2392990,mixed,mix->FWD,mix,FWD,3,1,0,145,47,9.892,5192,35.807,AL.MB,2,2,2,"[ALL1, LHL3] -> AL.MBL2 -> [LH.VLNPL3, MBL3]",AL,1,LH,3,LH.VLNP,3,MB,3
2388501,mixed,mix->FWD,mix,FWD,2,1,1,145,47,10.547,4298,29.641,AL.MB,2,2,2,"[ALL2, LHL3] -> AL.MBL2 -> [LH.VLNPL3, MBL3]",AL,2,LH,3,LH.VLNP,3,MB,3
2339771,mixed,mix->FWD,mix,FWD,3,0,1,145,49,15.598,4512,31.117,AL.MB,2,2,2,"[ALL1, ALL2] -> AL.MBL2 -> [ALL3, SNPL3]",AL,1,AL,2,AL,3,SNP,3
2317934,mixed,mix->FWD,mix,FWD,3,0,1,145,15,7.384,4259,29.372,AL.MB,2,2,2,"[ALL2, AL.SNPL1] -> AL.MBL2 -> [LHL3, MBL3]",AL,2,AL.SNP,1,LH,3,MB,3
2313198,mixed,mix->FWD,mix,FWD,3,1,0,38835,71,1.873,44371,1.143,OL,2,2,2,"[OLL1, OL.VMNPL3] -> OLL2 -> [OLL3, OL.VLNPL3]",OL,1,OL.VMNP,3,OL,3,OL.VLNP,3
2296532,mixed,mix->FWD,mix,FWD,2,1,1,38835,42,2.761,34388,0.885,OL,2,2,2,"[OLL3, OL.VLNPL2] -> OLL2 -> [OL.VLNPL3, VLNPL3]",OL,3,OL.VLNP,2,OL.VLNP,3,VLNP,3
2289538,mixed,mix->FWD,mix,FWD,2,1,1,491,62,5.06,71313,145.24,OL.VLNP,2,2,2,"[OLL2, OLL3] -> OL.VLNPL2 -> [SNP.VLNPL3, VLNPL3]",OL,2,OL,3,SNP.VLNP,3,VLNP,3
2265069,mixed,mix->FWD,mix,FWD,2,1,1,214,45,12.216,6022,28.14,AL.LH,2,2,2,"[ALL2, LHL3] -> AL.LHL2 -> [MBL3, SNPL3]",AL,2,LH,3,MB,3,SNP,3
2244486,mixed,mix->FWD,mix,FWD,2,1,1,145,38,6.088,3735,25.759,AL.MB,2,2,2,"[ALL3, AL.LHL2] -> AL.MBL2 -> [LH.SNPL3, MBL3]",AL,3,AL.LH,2,LH.SNP,3,MB,3
2220240,mixed,mix->FWD,mix,FWD,3,0,1,145,14,3.651,5156,35.559,AL.MB,2,2,2,"[ALL1, AL.VMNPL2] -> AL.MBL2 -> [LHL3, MBL3]",AL,1,AL.VMNP,2,LH,3,MB,3
2211266,mixed,mix->FWD,mix,FWD,2,1,1,491,48,6.669,71307,145.228,OL.VLNP,2,2,2,"[OLL2, OLL3] -> OL.VLNPL2 -> [VLNPL3, VLNP.VMNPL3]",OL,2,OL,3,VLNP,3,VLNP.VMNP,3
2165310,mixed,mix->FWD,mix,FWD,3,1,0,145,9,3.369,5292,36.497,AL.MB,2,2,2,"[ALL1, LH.MBL3] -> AL.MBL2 -> [LH.SNPL3, MBL3]",AL,1,LH.MB,3,LH.SNP,3,MB,3
2164889,mixed,mix->FWD,mix,FWD,3,0,1,145,32,5.182,6425,44.31,AL.MB,2,2,2,"[ALL1, LHL2] -> AL.MBL2 -> [MBL3, SNPL3]",AL,1,LH,2,MB,3,SNP,3
2120149,mixed,mix->FWD,mix,FWD,3,0,1,145,18,7.969,3304,22.786,AL.MB,2,2,2,"[ALL1, ALL2] -> AL.MBL2 -> [AL.SNPL3, LHL3]",AL,1,AL,2,AL.SNP,3,LH,3
2104906,mixed,mix->FWD,mix,FWD,2,1,1,83,4,1.605,4946,59.59,INP.MB,2,2,2,"[MBL2, MBL3] -> INP.MBL2 -> [INP.MBL3, MB.SNPL3]",MB,2,MB,3,INP.MB,3,MB.SNP,3
2100106,mixed,mix->FWD,mix,FWD,3,1,0,214,47,8.137,4644,21.701,AL.LH,2,2,2,"[ALL1, ALL3] -> AL.LHL2 -> [LH.VLNPL3, MBL3]",AL,1,AL,3,LH.VLNP,3,MB,3
2094988,mixed,mix->FWD,mix,FWD,2,1,1,83,4,2.569,6598,79.494,INP.MB,2,2,2,"[MBL2, MBL3] -> INP.MBL2 -> [INPL3, SNPL3]",MB,2,MB,3,INP,3,SNP,3
2075041,mixed,mix->FWD,mix,FWD,3,0,1,214,10,2.256,5484,25.626,AL.LH,2,2,2,"[ALL1, ALL2] -> AL.LHL2 -> [AL.SNPL3, MBL3]",AL,1,AL,2,AL.SNP,3,MB,3
2072196,mixed,mix->FWD,mix,FWD,2,1,1,1802,17,5.002,1270,0.705,AL,1,2,2,"[ALL2, AL.SNPL1] -> ALL1 -> [AL.LHL2, AL.MBL2]",AL,2,AL.SNP,1,AL.LH,2,AL.MB,2
2064333,mixed,mix->FWD,mix,FWD,3,0,1,214,55,13.298,4512,21.084,AL.LH,2,2,2,"[ALL1, ALL2] -> AL.LHL2 -> [ALL3, SNPL3]",AL,1,AL,2,AL,3,SNP,3
2059435,mixed,mix->FWD,mix,FWD,2,1,1,214,46,7.702,4298,20.084,AL.LH,2,2,2,"[ALL2, LHL3] -> AL.LHL2 -> [LH.VLNPL3, MBL3]",AL,2,LH,3,LH.VLNP,3,MB,3
2053187,mixed,mix->FWD,mix,FWD,3,1,0,145,76,15.083,4676,32.248,AL.MB,2,2,2,"[ALL1, ALL3] -> AL.MBL2 -> [AL.LHL3, MBL3]",AL,1,AL,3,AL.LH,3,MB,3
2052209,mixed,mix->FWD,mix,FWD,2,1,1,214,69,14.194,2249,10.509,AL.LH,2,2,2,"[ALL2, LHL3] -> AL.LHL2 -> [ALL3, LH.SNPL3]",AL,2,LH,3,AL,3,LH.SNP,3
2044396,mixed,mix->FWD,mix,FWD,2,1,1,1802,31,4.89,1270,0.705,AL,1,2,2,"[ALL2, AL.INPL1] -> ALL1 -> [AL.LHL2, AL.MBL2]",AL,2,AL.INP,1,AL.LH,2,AL.MB,2
2036430,mixed,mix->FWD,mix,FWD,2,1,1,145,55,14.057,4330,29.862,AL.MB,2,2,2,"[ALL2, LHL3] -> AL.MBL2 -> [AL.LHL3, MBL3]",AL,2,LH,3,AL.LH,3,MB,3
2007629,mixed,mix->FWD,mix,FWD,3,1,0,145,9,3.792,5155,35.552,AL.MB,2,2,2,"[ALL1, LH.MBL3] -> AL.MBL2 -> [LHL3, MBL3]",AL,1,LH.MB,3,LH,3,MB,3
2005357,mixed,mix->FWD,mix,FWD,3,1,0,214,48,10.584,6368,29.757,AL.LH,2,2,2,"[ALL1, ALL3] -> AL.LHL2 -> [MBL3, SNPL3]",AL,1,AL,3,MB,3,SNP,3
1966352,mixed,mix->FWD,mix,FWD,2,1,1,47,6,3.496,5489,116.787,MB.SNP,2,2,2,"[MBL2, MBL3] -> MB.SNPL2 -> [LH.SNPL3, MB.SNPL3]",MB,2,MB,3,LH.SNP,3,MB.SNP,3
1961184,mixed,mix->FWD,mix,FWD,3,1,0,214,59,8.589,3285,15.35,AL.LH,2,2,2,"[ALL1, LHL3] -> AL.LHL2 -> [INP.MBL3, LH.SNPL3]",AL,1,LH,3,INP.MB,3,LH.SNP,3
1933632,mixed,mix->FWD,mix,FWD,2,1,1,1802,10,4.385,1270,0.705,AL,1,2,2,"[ALL2, AL.LHL1] -> ALL1 -> [AL.LHL2, AL.MBL2]",AL,2,AL.LH,1,AL.LH,2,AL.MB,2
1918617,mixed,mix->FWD,mix,FWD,2,1,1,214,14,3.862,4977,23.257,AL.LH,2,2,2,"[ALL2, LH.SNPL3] -> AL.LHL2 -> [LHL3, MBL3]",AL,2,LH.SNP,3,LH,3,MB,3
1916915,mixed,mix->FWD,mix,FWD,2,1,1,145,38,6.754,3598,24.814,AL.MB,2,2,2,"[ALL3, AL.LHL2] -> AL.MBL2 -> [LHL3, MBL3]",AL,3,AL.LH,2,LH,3,MB,3
1904346,mixed,mix->FWD,mix,FWD,3,1,0,214,45,15.277,5871,27.435,AL.LH,2,2,2,"[ALL1, MBL3] -> AL.LHL2 -> [LHL3, LH.SNPL3]",AL,1,MB,3,LH,3,LH.SNP,3
1870864,mixed,mix->FWD,mix,FWD,3,0,1,214,32,6.462,4045,18.902,AL.LH,2,2,2,"[ALL1, ALL2] -> AL.LHL2 -> [LHL3, VLNPL3]",AL,1,AL,2,LH,3,VLNP,3
1859732,mixed,mix->FWD,mix,FWD,2,1,1,145,50,9.919,3750,25.862,AL.MB,2,2,2,"[ALL2, ALL3] -> AL.MBL2 -> [LH.VLNPL3, MBL3]",AL,2,AL,3,LH.VLNP,3,MB,3
1858505,mixed,mix->FWD,mix,FWD,2,1,1,491,28,2.548,72123,146.89,OL.VLNP,2,2,2,"[OLL2, OLL3] -> OL.VLNPL2 -> [OL.VLNPL3, VLNP.VMNPL3]",OL,2,OL,3,OL.VLNP,3,VLNP.VMNP,3
1818141,mixed,mix->FWD,mix,FWD,3,1,0,214,41,6.595,5224,24.411,AL.LH,2,2,2,"[ALL1, LHL3] -> AL.LHL2 -> [AL.LHL3, MBL3]",AL,1,LH,3,AL.LH,3,MB,3
1792974,mixed,mix->FWD,mix,FWD,2,1,1,214,47,9.465,3750,17.523,AL.LH,2,2,2,"[ALL2, ALL3] -> AL.LHL2 -> [LH.VLNPL3, MBL3]",AL,2,AL,3,LH.VLNP,3,MB,3
1756806,mixed,mix->FWD,mix,FWD,2,1,1,145,51,7.536,3614,24.924,AL.MB,2,2,2,"[ALL3, LHL2] -> AL.MBL2 -> [LH.SNPL3, MBL3]",AL,3,LH,2,LH.SNP,3,MB,3
1752921,mixed,mix->FWD,mix,FWD,3,0,1,214,36,7.738,3311,15.472,AL.LH,2,2,2,"[ALL1, ALL2] -> AL.LHL2 -> [INP.LHL3, LHL3]",AL,1,AL,2,INP.LH,3,LH,3
1742414,mixed,mix->FWD,mix,FWD,3,1,0,145,98,17.545,2737,18.876,AL.MB,2,2,2,"[ALL1, ALL3] -> AL.MBL2 -> [INP.MBL3, LH.SNPL3]",AL,1,AL,3,INP.MB,3,LH.SNP,3
1715034,mixed,mix->FWD,mix,FWD,3,1,0,145,50,11.883,4644,32.028,AL.MB,2,2,2,"[ALL1, ALL3] -> AL.MBL2 -> [LH.VLNPL3, MBL3]",AL,1,AL,3,LH.VLNP,3,MB,3
1708492,mixed,mix->FWD,mix,FWD,3,0,1,145,5,2.293,5561,38.352,AL.MB,2,2,2,"[ALL1, ALL2] -> AL.MBL2 -> [MBL3, MB.VLNPL3]",AL,1,AL,2,MB,3,MB.VLNP,3
1689528,mixed,mix->FWD,mix,FWD,2,1,1,145,38,9.831,3979,27.441,AL.MB,2,2,2,"[ALL2, LHL3] -> AL.MBL2 -> [LH.SNPL3, SNPL3]",AL,2,LH,3,LH.SNP,3,SNP,3
1684012,mixed,mix->FWD,mix,FWD,2,1,1,491,23,3.429,71539,145.701,OL.VLNP,2,2,2,"[OLL2, OLL3] -> OL.VLNPL2 -> [VLNPL3, VMNPL3]",OL,2,OL,3,VLNP,3,VMNP,3
1656690,mixed,mix->FWD,mix,FWD,2,1,1,491,3,1.124,72032,146.705,OL.VLNP,2,2,2,"[OLL2, OLL3] -> OL.VLNPL2 -> [GNGL3, VLNPL3]",OL,2,OL,3,GNG,3,VLNP,3
1652366,mixed,mix->FWD,mix,FWD,3,0,1,214,44,12.472,3200,14.953,AL.LH,2,2,2,"[ALL1, LHL2] -> AL.LHL2 -> [LHL3, LH.SNPL3]",AL,1,LH,2,LH,3,LH.SNP,3
1637856,mixed,mix->FWD,mix,FWD,2,1,1,83,1,1.0,5489,66.133,INP.MB,2,2,2,"[MBL2, MBL3] -> INP.MBL2 -> [LH.SNPL3, MB.SNPL3]",MB,2,MB,3,LH.SNP,3,MB.SNP,3
1607241,mixed,mix->FWD,mix,FWD,2,1,1,214,48,14.366,5474,25.579,AL.LH,2,2,2,"[ALL2, ALL3] -> AL.LHL2 -> [MBL3, SNPL3]",AL,2,AL,3,MB,3,SNP,3
1606867,mixed,mix->FWD,mix,FWD,3,1,0,145,98,19.754,2600,17.931,AL.MB,2,2,2,"[ALL1, ALL3] -> AL.MBL2 -> [INP.MBL3, LHL3]",AL,1,AL,3,INP.MB,3,LH,3
1601236,mixed,mix->FWD,mix,FWD,2,1,1,145,76,15.448,3782,26.083,AL.MB,2,2,2,"[ALL2, ALL3] -> AL.MBL2 -> [AL.LHL3, MBL3]",AL,2,AL,3,AL.LH,3,MB,3
1589250,mixed,mix->FWD,mix,FWD,3,0,1,145,15,6.968,4260,29.379,AL.MB,2,2,2,"[ALL2, AL.PENPL1] -> AL.MBL2 -> [LHL3, MBL3]",AL,2,AL.PENP,1,LH,3,MB,3
197664800,mixed,mix->LAT,mix,LAT,1,0,3,2764,2,1.636,2366,0.856,MB,3,2,2,"[INP.VLNPL3, MBL2] -> MBL3 -> [INP.MBL3, MB.VLNPL3]",INP.VLNP,3,MB,2,INP.MB,3,MB.VLNP,3
194457144,mixed,mix->LAT,mix,LAT,1,0,3,2764,2,1.68,2366,0.856,MB,3,2,2,"[MBL2, MB.VLNPL3] -> MBL3 -> [INP.MBL3, INP.VLNPL3]",MB,2,MB.VLNP,3,INP.MB,3,INP.VLNP,3
194059320,mixed,mix->LAT,mix,LAT,1,0,3,2764,2,1.682,2366,0.856,MB,3,2,2,"[INP.MBL3, MBL2] -> MBL3 -> [INP.VLNPL3, MB.VLNPL3]",INP.MB,3,MB,2,INP.VLNP,3,MB.VLNP,3
136374040,mixed,mix->LAT,mix,LAT,1,0,3,2764,2,1.996,2269,0.821,MB,3,2,2,"[MBL2, MB.SNPL3] -> MBL3 -> [INP.MBL3, MB.VLNPL3]",MB,2,MB.SNP,3,INP.MB,3,MB.VLNP,3
131042294,mixed,mix->LAT,mix,LAT,1,0,3,2764,4,1.997,2269,0.821,MB,3,2,2,"[MBL2, MB.VLNPL3] -> MBL3 -> [INP.MBL3, MB.SNPL3]",MB,2,MB.VLNP,3,INP.MB,3,MB.SNP,3
130862320,mixed,mix->LAT,mix,LAT,1,0,3,2764,2,1.997,2269,0.821,MB,3,2,2,"[INP.MBL3, MBL2] -> MBL3 -> [MB.SNPL3, MB.VLNPL3]",INP.MB,3,MB,2,MB.SNP,3,MB.VLNP,3
116481498,mixed,mix->LAT,mix,LAT,1,0,3,2764,2,1.644,2372,0.858,MB,3,2,2,"[MBL2, MB.SNPL3] -> MBL3 -> [INP.MBL3, INP.VLNPL3]",MB,2,MB.SNP,3,INP.MB,3,INP.VLNP,3
109812560,mixed,mix->LAT,mix,LAT,1,0,3,2764,2,1.678,2372,0.858,MB,3,2,2,"[INP.VLNPL3, MBL2] -> MBL3 -> [INP.MBL3, MB.SNPL3]",INP.VLNP,3,MB,2,INP.MB,3,MB.SNP,3
107980740,mixed,mix->LAT,mix,LAT,1,0,3,2764,2,1.724,2372,0.858,MB,3,2,2,"[INP.MBL3, MBL2] -> MBL3 -> [INP.VLNPL3, MB.SNPL3]",INP.MB,3,MB,2,INP.VLNP,3,MB.SNP,3
66728206,mixed,mix->LAT,mix,LAT,1,1,2,145,86,10.432,5205,35.897,AL.MB,2,2,2,"[ALL1, LHL3] -> AL.MBL2 -> [ALL2, MBL2]",AL,1,LH,3,AL,2,MB,2
60415531,mixed,mix->LAT,mix,LAT,1,0,3,93,8,5.224,7162,77.011,MB.SNP,3,2,2,"[MBL2, MBL3] -> MB.SNPL3 -> [LH.SNPL3, SNPL3]",MB,2,MB,3,LH.SNP,3,SNP,3
54414360,mixed,mix->LAT,mix,LAT,1,0,3,2764,2,1.715,2281,0.825,MB,3,2,2,"[MBL2, MB.SNPL3] -> MBL3 -> [INP.VLNPL3, MB.VLNPL3]",MB,2,MB.SNP,3,INP.VLNP,3,MB.VLNP,3
51401440,mixed,mix->LAT,mix,LAT,1,0,3,2764,2,1.749,2281,0.825,MB,3,2,2,"[INP.VLNPL3, MBL2] -> MBL3 -> [MB.SNPL3, MB.VLNPL3]",INP.VLNP,3,MB,2,MB.SNP,3,MB.VLNP,3
50782704,mixed,mix->LAT,mix,LAT,1,0,3,2764,2,1.793,2281,0.825,MB,3,2,2,"[MBL2, MB.VLNPL3] -> MBL3 -> [INP.VLNPL3, MB.SNPL3]",MB,2,MB.VLNP,3,INP.VLNP,3,MB.SNP,3
44531853,mixed,mix->LAT,mix,LAT,1,0,3,145,119,15.725,4835,33.345,AL.MB,2,2,2,"[ALL1, ALL2] -> AL.MBL2 -> [AL.LHL2, MBL2]",AL,1,AL,2,AL.LH,2,MB,2
36817514,mixed,mix->LAT,mix,LAT,1,1,2,145,115,14.085,4657,32.117,AL.MB,2,2,2,"[ALL1, ALL3] -> AL.MBL2 -> [ALL2, MBL2]",AL,1,AL,3,AL,2,MB,2
33807174,mixed,mix->LAT,mix,LAT,1,1,2,908,129,11.678,2197,2.42,AL,2,2,2,"[ALL1, ALL3] -> ALL2 -> [AL.LHL2, AL.MBL2]",AL,1,AL,3,AL.LH,2,AL.MB,2
31998989,mixed,mix->LAT,mix,LAT,1,1,2,214,69,9.663,5205,24.322,AL.LH,2,2,2,"[ALL1, LHL3] -> AL.LHL2 -> [ALL2, MBL2]",AL,1,LH,3,AL,2,MB,2
28495683,mixed,mix->LAT,mix,LAT,1,0,3,145,94,14.119,4714,32.51,AL.MB,2,2,2,"[ALL1, ALL2] -> AL.MBL2 -> [LHL2, MBL2]",AL,1,AL,2,LH,2,MB,2
28220993,mixed,mix->LAT,mix,LAT,1,0,3,145,71,7.419,4704,32.441,AL.MB,2,2,2,"[ALL1, ALL2] -> AL.MBL2 -> [INP.MBL2, MBL2]",AL,1,AL,2,INP.MB,2,MB,2
28063237,mixed,mix->LAT,mix,LAT,1,0,3,145,74,12.014,4701,32.421,AL.MB,2,2,2,"[ALL1, ALL2] -> AL.MBL2 -> [LH.SNPL2, MBL2]",AL,1,AL,2,LH.SNP,2,MB,2
24922984,mixed,mix->LAT,mix,LAT,1,0,3,2764,2,1.643,2333,0.844,MB,3,2,2,"[MBL2, MB.VLNPL3] -> MBL3 -> [INPL3, INP.MBL3]",MB,2,MB.VLNP,3,INP,3,INP.MB,3
24904040,mixed,mix->LAT,mix,LAT,1,0,3,2764,2,1.641,2333,0.844,MB,3,2,2,"[INP.MBL3, MBL2] -> MBL3 -> [INPL3, MB.VLNPL3]",INP.MB,3,MB,2,INP,3,MB.VLNP,3
24517800,mixed,mix->LAT,mix,LAT,1,0,3,145,39,5.665,4835,33.345,AL.MB,2,2,2,"[ALL1, AL.LHL2] -> AL.MBL2 -> [ALL2, MBL2]",AL,1,AL.LH,2,AL,2,MB,2
22600605,mixed,mix->LAT,mix,LAT,1,1,2,214,70,11.719,4657,21.762,AL.LH,2,2,2,"[ALL1, ALL3] -> AL.LHL2 -> [ALL2, MBL2]",AL,1,AL,3,AL,2,MB,2
22222563,mixed,mix->LAT,mix,LAT,1,0,3,214,66,6.91,4714,22.028,AL.LH,2,2,2,"[ALL1, ALL2] -> AL.LHL2 -> [LHL2, MBL2]",AL,1,AL,2,LH,2,MB,2
22127760,mixed,mix->LAT,mix,LAT,1,0,3,2764,2,1.705,2333,0.844,MB,3,2,2,"[INPL3, MBL2] -> MBL3 -> [INP.MBL3, MB.VLNPL3]",INP,3,MB,2,INP.MB,3,MB.VLNP,3
18150320,mixed,mix->LAT,mix,LAT,1,0,3,2764,2,1.694,3942,1.426,MB,3,2,2,"[MBL2, SNPL3] -> MBL3 -> [INP.MBL3, MB.VLNPL3]",MB,2,SNP,3,INP.MB,3,MB.VLNP,3
18006996,mixed,mix->LAT,mix,LAT,1,0,3,2764,2,1.313,4045,1.463,MB,3,2,2,"[MBL2, SNPL3] -> MBL3 -> [INP.MBL3, INP.VLNPL3]",MB,2,SNP,3,INP.MB,3,INP.VLNP,3
17915259,mixed,mix->LAT,mix,LAT,1,0,3,214,46,10.072,4704,21.981,AL.LH,2,2,2,"[ALL1, ALL2] -> AL.LHL2 -> [INP.MBL2, MBL2]",AL,1,AL,2,INP.MB,2,MB,2
16677990,mixed,mix->LAT,mix,LAT,1,0,3,2764,2,1.996,2436,0.881,MB,3,2,2,"[INP.MBL3, MBL2] -> MBL3 -> [INPL3, INP.VLNPL3]",INP.MB,3,MB,2,INP,3,INP.VLNP,3
16617880,mixed,mix->LAT,mix,LAT,1,0,3,2764,2,2.0,2436,0.881,MB,3,2,2,"[INP.VLNPL3, MBL2] -> MBL3 -> [INPL3, INP.MBL3]",INP.VLNP,3,MB,2,INP,3,INP.MB,3
15838771,mixed,mix->LAT,mix,LAT,1,0,3,908,45,5.345,2203,2.426,AL,2,2,2,"[ALL1, AL.VLNPL2] -> ALL2 -> [AL.LHL2, AL.MBL2]",AL,1,AL.VLNP,2,AL.LH,2,AL.MB,2
15233148,mixed,mix->LAT,mix,LAT,1,0,3,2764,2,1.999,2436,0.881,MB,3,2,2,"[INPL3, MBL2] -> MBL3 -> [INP.MBL3, INP.VLNPL3]",INP,3,MB,2,INP.MB,3,INP.VLNP,3
14918000,mixed,mix->LAT,mix,LAT,1,0,3,2764,2,1.835,2760,0.999,MB,3,2,2,"[LHL3, MBL2] -> MBL3 -> [INP.MBL3, MB.VLNPL3]",LH,3,MB,2,INP.MB,3,MB.VLNP,3
14588365,mixed,mix->LAT,mix,LAT,1,0,3,145,58,10.169,4714,32.51,AL.MB,2,2,2,"[ALL1, LHL2] -> AL.MBL2 -> [ALL2, MBL2]",AL,1,LH,2,AL,2,MB,2
14446858,mixed,mix->LAT,mix,LAT,1,0,3,2764,4,1.679,2339,0.846,MB,3,2,2,"[MBL2, MB.SNPL3] -> MBL3 -> [INPL3, INP.MBL3]",MB,2,MB.SNP,3,INP,3,INP.MB,3
14398269,mixed,mix->LAT,mix,LAT,1,0,3,2764,5,1.6,2339,0.846,MB,3,2,2,"[INP.MBL3, MBL2] -> MBL3 -> [INPL3, MB.SNPL3]",INP.MB,3,MB,2,INP,3,MB.SNP,3
14128212,mixed,mix->LAT,mix,LAT,1,0,3,2764,2,1.41,2863,1.036,MB,3,2,2,"[LHL3, MBL2] -> MBL3 -> [INP.MBL3, INP.VLNPL3]",LH,3,MB,2,INP.MB,3,INP.VLNP,3
12882282,mixed,mix->LAT,mix,LAT,1,0,3,2764,2,1.212,2421,0.876,MB,3,2,2,"[MBL2, VLNP.VMNPL3] -> MBL3 -> [INP.MBL3, INP.VLNPL3]",MB,2,VLNP.VMNP,3,INP.MB,3,INP.VLNP,3
12765266,mixed,mix->LAT,mix,LAT,1,0,3,2764,5,1.663,2339,0.846,MB,3,2,2,"[INPL3, MBL2] -> MBL3 -> [INP.MBL3, MB.SNPL3]",INP,3,MB,2,INP.MB,3,MB.SNP,3
12307480,mixed,mix->LAT,mix,LAT,1,0,3,2764,2,1.502,2318,0.839,MB,3,2,2,"[MBL2, VLNP.VMNPL3] -> MBL3 -> [INP.MBL3, MB.VLNPL3]",MB,2,VLNP.VMNP,3,INP.MB,3,MB.VLNP,3
11984028,mixed,mix->LAT,mix,LAT,1,0,3,2764,2,1.996,600,0.217,MB,3,2,2,"[AL.MBL2, MB.VLNPL3] -> MBL3 -> [INP.MBL3, INP.VLNPL3]",AL.MB,2,MB.VLNP,3,INP.MB,3,INP.VLNP,3
11971450,mixed,mix->LAT,mix,LAT,1,0,3,2764,2,1.985,600,0.217,MB,3,2,2,"[AL.MBL2, INP.VLNPL3] -> MBL3 -> [INP.MBL3, MB.VLNPL3]",AL.MB,2,INP.VLNP,3,INP.MB,3,MB.VLNP,3
11966220,mixed,mix->LAT,mix,LAT,1,0,3,2764,2,1.997,600,0.217,MB,3,2,2,"[AL.MBL2, INP.MBL3] -> MBL3 -> [INP.VLNPL3, MB.VLNPL3]",AL.MB,2,INP.MB,3,INP.VLNP,3,MB.VLNP,3
11289138,mixed,mix->LAT,mix,LAT,1,0,3,214,45,7.788,4701,21.967,AL.LH,2,2,2,"[ALL1, ALL2] -> AL.LHL2 -> [LH.SNPL2, MBL2]",AL,1,AL,2,LH.SNP,2,MB,2
11210843,mixed,mix->LAT,mix,LAT,1,1,2,145,122,16.584,7385,50.931,AL.MB,2,2,2,"[ALL1, MBL3] -> AL.MBL2 -> [ALL2, MBL2]",AL,1,MB,3,AL,2,MB,2
10699050,mixed,mix->LAT,mix,LAT,1,0,3,178,3,2.722,6617,37.174,INP.MB,3,2,2,"[MBL2, MBL3] -> INP.MBL3 -> [INP.SNPL3, SNPL3]",MB,2,MB,3,INP.SNP,3,SNP,3
10442080,mixed,mix->LAT,mix,LAT,1,0,3,2764,1,1.0,2324,0.841,MB,3,2,2,"[INP.MBL3, MBL2] -> MBL3 -> [MB.VLNPL3, SNP.VLNPL3]",INP.MB,3,MB,2,MB.VLNP,3,SNP.VLNP,3
10442080,mixed,mix->LAT,mix,LAT,1,0,3,2764,1,1.0,2324,0.841,MB,3,2,2,"[MBL2, MB.VLNPL3] -> MBL3 -> [INP.MBL3, SNP.VLNPL3]",MB,2,MB.VLNP,3,INP.MB,3,SNP.VLNP,3
10442080,mixed,mix->LAT,mix,LAT,1,0,3,2764,1,1.0,2324,0.841,MB,3,2,2,"[MBL2, SNP.VLNPL3] -> MBL3 -> [INP.MBL3, MB.VLNPL3]",MB,2,SNP.VLNP,3,INP.MB,3,MB.VLNP,3
10115284,mixed,mix->LAT,mix,LAT,1,0,3,214,53,14.305,4663,21.79,AL.LH,2,2,2,"[ALL1, ALL2] -> AL.LHL2 -> [AL.VLNPL2, MBL2]",AL,1,AL,2,AL.VLNP,2,MB,2
10104934,mixed,mix->LAT,mix,LAT,1,0,3,2764,7,1.737,3948,1.428,MB,3,2,2,"[MBL2, SNPL3] -> MBL3 -> [INP.MBL3, MB.SNPL3]",MB,2,SNP,3,INP.MB,3,MB.SNP,3
10008680,mixed,mix->LAT,mix,LAT,1,0,3,2764,2,1.766,503,0.182,MB,3,2,2,"[AL.MBL2, MB.SNPL3] -> MBL3 -> [INP.MBL3, MB.VLNPL3]",AL.MB,2,MB.SNP,3,INP.MB,3,MB.VLNP,3
9926184,mixed,mix->LAT,mix,LAT,1,0,3,2764,4,1.688,503,0.182,MB,3,2,2,"[AL.MBL2, MB.VLNPL3] -> MBL3 -> [INP.MBL3, MB.SNPL3]",AL.MB,2,MB.VLNP,3,INP.MB,3,MB.SNP,3
9918120,mixed,mix->LAT,mix,LAT,1,0,3,2764,2,1.686,503,0.182,MB,3,2,2,"[AL.MBL2, INP.MBL3] -> MBL3 -> [MB.SNPL3, MB.VLNPL3]",AL.MB,2,INP.MB,3,MB.SNP,3,MB.VLNP,3
9516784,mixed,mix->LAT,mix,LAT,1,0,3,93,4,2.022,7025,75.538,MB.SNP,3,2,2,"[MBL2, MBL3] -> MB.SNPL3 -> [LHL3, SNPL3]",MB,2,MB,3,LH,3,SNP,3
9075160,mixed,mix->LAT,mix,LAT,1,0,3,2764,2,1.694,2927,1.059,MB,3,2,2,"[MBL2, VLNPL3] -> MBL3 -> [INP.MBL3, MB.VLNPL3]",MB,2,VLNP,3,INP.MB,3,MB.VLNP,3
9003498,mixed,mix->LAT,mix,LAT,1,0,3,2764,2,1.313,3030,1.096,MB,3,2,2,"[MBL2, VLNPL3] -> MBL3 -> [INP.MBL3, INP.VLNPL3]",MB,2,VLNP,3,INP.MB,3,INP.VLNP,3
8545712,mixed,mix->LAT,mix,LAT,1,0,3,2764,2,1.906,2897,1.048,MB,3,2,2,"[MBL2, MB.VLNPL3] -> MBL3 -> [INP.MBL3, LH.SNPL3]",MB,2,MB.VLNP,3,INP.MB,3,LH.SNP,3
8536240,mixed,mix->LAT,mix,LAT,1,0,3,2764,2,1.905,2897,1.048,MB,3,2,2,"[INP.MBL3, MBL2] -> MBL3 -> [LH.SNPL3, MB.VLNPL3]",INP.MB,3,MB,2,LH.SNP,3,MB.VLNP,3
8388908,mixed,mix->LAT,mix,LAT,1,0,3,908,67,11.595,2203,2.426,AL,2,2,2,"[ALL1, AL.LHL2] -> ALL2 -> [AL.MBL2, AL.VLNPL2]",AL,1,AL.LH,2,AL.MB,2,AL.VLNP,2
8349224,mixed,mix->LAT,mix,LAT,1,0,3,2764,2,1.872,2766,1.001,MB,3,2,2,"[LHL3, MBL2] -> MBL3 -> [INP.MBL3, MB.SNPL3]",LH,3,MB,2,INP.MB,3,MB.SNP,3
8285211,mixed,mix->LAT,mix,LAT,1,0,3,145,45,9.037,4663,32.159,AL.MB,2,2,2,"[ALL1, ALL2] -> AL.MBL2 -> [AL.VLNPL2, MBL2]",AL,1,AL,2,AL.VLNP,2,MB,2
8251824,mixed,mix->LAT,mix,LAT,1,0,3,2764,2,1.358,3954,1.431,MB,3,2,2,"[MBL2, SNPL3] -> MBL3 -> [INP.VLNPL3, MB.VLNPL3]",MB,2,SNP,3,INP.VLNP,3,MB.VLNP,3
8220060,mixed,mix->LAT,mix,LAT,1,0,3,178,3,2.235,6598,37.067,INP.MB,3,2,2,"[MBL2, MBL3] -> INP.MBL3 -> [INPL3, SNPL3]",MB,2,MB,3,INP,3,SNP,3
8095080,mixed,mix->LAT,mix,LAT,1,0,3,2764,2,1.974,2345,0.848,MB,3,2,2,"[MBL2, MB.VLNPL3] -> MBL3 -> [INPL3, INP.VLNPL3]",MB,2,MB.VLNP,3,INP,3,INP.VLNP,3
8087300,mixed,mix->LAT,mix,LAT,1,0,3,2764,2,1.576,538,0.195,MB,3,2,2,"[INP.MBL2, INP.VLNPL3] -> MBL3 -> [INP.MBL3, MB.VLNPL3]",INP.MB,2,INP.VLNP,3,INP.MB,3,MB.VLNP,3
8047358,mixed,mix->LAT,mix,LAT,1,1,2,145,78,8.292,4511,31.11,AL.MB,2,2,2,"[ALL1, LHL3] -> AL.MBL2 -> [AL.LHL2, MBL2]",AL,1,LH,3,AL.LH,2,MB,2
8029280,mixed,mix->LAT,mix,LAT,1,0,3,2764,2,1.99,2345,0.848,MB,3,2,2,"[INP.VLNPL3, MBL2] -> MBL3 -> [INPL3, MB.VLNPL3]",INP.VLNP,3,MB,2,INP,3,MB.VLNP,3
7938840,mixed,mix->LAT,mix,LAT,1,0,3,2764,2,1.618,538,0.195,MB,3,2,2,"[INP.MBL2, MB.VLNPL3] -> MBL3 -> [INP.MBL3, INP.VLNPL3]",INP.MB,2,MB.VLNP,3,INP.MB,3,INP.VLNP,3
7922040,mixed,mix->LAT,mix,LAT,1,0,3,2764,2,1.62,538,0.195,MB,3,2,2,"[INP.MBL2, INP.MBL3] -> MBL3 -> [INP.VLNPL3, MB.VLNPL3]",INP.MB,2,INP.MB,3,INP.VLNP,3,MB.VLNP,3
7498937,mixed,mix->LAT,mix,LAT,1,0,3,908,65,10.574,2203,2.426,AL,2,2,2,"[ALL1, AL.MBL2] -> ALL2 -> [AL.LHL2, AL.VLNPL2]",AL,1,AL.MB,2,AL.LH,2,AL.VLNP,2
7350672,mixed,mix->LAT,mix,LAT,1,0,3,2764,2,1.994,2345,0.848,MB,3,2,2,"[INPL3, MBL2] -> MBL3 -> [INP.VLNPL3, MB.VLNPL3]",INP,3,MB,2,INP.VLNP,3,MB.VLNP,3
7209296,mixed,mix->LAT,mix,LAT,1,0,3,2764,2,1.535,2248,0.813,MB,3,2,2,"[MBL2, MB.VLNPL3] -> MBL3 -> [INPL3, MB.SNPL3]",MB,2,MB.VLNP,3,INP,3,MB.SNP,3
7197960,mixed,mix->LAT,mix,LAT,1,0,3,2764,2,1.608,2248,0.813,MB,3,2,2,"[MBL2, MB.SNPL3] -> MBL3 -> [INPL3, MB.VLNPL3]",MB,2,MB.SNP,3,INP,3,MB.VLNP,3
7169028,mixed,mix->LAT,mix,LAT,1,0,3,145,23,6.236,4649,32.062,AL.MB,2,2,2,"[ALL1, ALL2] -> AL.MBL2 -> [AL.SNPL2, MBL2]",AL,1,AL,2,AL.SNP,2,MB,2
7077441,mixed,mix->LAT,mix,LAT,1,0,3,2764,2,1.987,606,0.219,MB,3,2,2,"[AL.MBL2, MB.SNPL3] -> MBL3 -> [INP.MBL3, INP.VLNPL3]",AL.MB,2,MB.SNP,3,INP.MB,3,INP.VLNP,3
6806644,mixed,mix->LAT,mix,LAT,1,0,3,2764,2,1.54,2324,0.841,MB,3,2,2,"[MBL2, VLNP.VMNPL3] -> MBL3 -> [INP.MBL3, MB.SNPL3]",MB,2,VLNP.VMNP,3,INP.MB,3,MB.SNP,3
6771450,mixed,mix->LAT,mix,LAT,1,0,3,2764,2,2.0,606,0.219,MB,3,2,2,"[AL.MBL2, INP.MBL3] -> MBL3 -> [INP.VLNPL3, MB.SNPL3]",AL.MB,2,INP.MB,3,INP.VLNP,3,MB.SNP,3
6761170,mixed,mix->LAT,mix,LAT,1,0,3,2764,2,1.996,606,0.219,MB,3,2,2,"[AL.MBL2, INP.VLNPL3] -> MBL3 -> [INP.MBL3, MB.SNPL3]",AL.MB,2,INP.VLNP,3,INP.MB,3,MB.SNP,3
6677000,mixed,mix->LAT,mix,LAT,1,0,3,2764,2,1.446,669,0.242,MB,3,2,2,"[AL.LHL2, INP.VLNPL3] -> MBL3 -> [INP.MBL3, MB.VLNPL3]",AL.LH,2,INP.VLNP,3,INP.MB,3,MB.VLNP,3
6529040,mixed,mix->LAT,mix,LAT,1,0,3,2764,2,1.861,3000,1.085,MB,3,2,2,"[INP.VLNPL3, MBL2] -> MBL3 -> [INP.MBL3, LH.SNPL3]",INP.VLNP,3,MB,2,INP.MB,3,LH.SNP,3
6524364,mixed,mix->LAT,mix,LAT,1,0,3,2764,2,1.483,669,0.242,MB,3,2,2,"[AL.LHL2, MB.VLNPL3] -> MBL3 -> [INP.MBL3, INP.VLNPL3]",AL.LH,2,MB.VLNP,3,INP.MB,3,INP.VLNP,3
6511344,mixed,mix->LAT,mix,LAT,1,0,3,2764,2,1.466,2772,1.003,MB,3,2,2,"[LHL3, MBL2] -> MBL3 -> [INP.VLNPL3, MB.VLNPL3]",LH,3,MB,2,INP.VLNP,3,MB.VLNP,3
6509580,mixed,mix->LAT,mix,LAT,1,0,3,2764,2,1.484,669,0.242,MB,3,2,2,"[AL.LHL2, INP.MBL3] -> MBL3 -> [INP.VLNPL3, MB.VLNPL3]",AL.LH,2,INP.MB,3,INP.VLNP,3,MB.VLNP,3
6470100,mixed,mix->LAT,mix,LAT,1,0,3,2764,2,1.9,3000,1.085,MB,3,2,2,"[INP.MBL3, MBL2] -> MBL3 -> [INP.VLNPL3, LH.SNPL3]",INP.MB,3,MB,2,INP.VLNP,3,LH.SNP,3
6365792,mixed,mix->LAT,mix,LAT,1,0,3,2764,2,1.593,2248,0.813,MB,3,2,2,"[INPL3, MBL2] -> MBL3 -> [MB.SNPL3, MB.VLNPL3]",INP,3,MB,2,MB.SNP,3,MB.VLNP,3
6170320,mixed,mix->LAT,mix,LAT,1,0,3,2764,1,1.0,2330,0.843,MB,3,2,2,"[INP.MBL3, MBL2] -> MBL3 -> [MB.SNPL3, SNP.VLNPL3]",INP.MB,3,MB,2,MB.SNP,3,SNP.VLNP,3
6170320,mixed,mix->LAT,mix,LAT,1,0,3,2764,1,1.0,2330,0.843,MB,3,2,2,"[MBL2, SNP.VLNPL3] -> MBL3 -> [INP.MBL3, MB.SNPL3]",MB,2,SNP.VLNP,3,INP.MB,3,MB.SNP,3
5935192,mixed,mix->LAT,mix,LAT,1,0,3,2764,2,1.971,2181,0.789,MB,3,2,2,"[MBL2, MB.VLNPL3] -> MBL3 -> [INP.MBL3, LH.MBL3]",MB,2,MB.VLNP,3,INP.MB,3,LH.MB,3
5935192,mixed,mix->LAT,mix,LAT,1,0,3,2764,2,1.971,3942,1.426,MB,3,2,2,"[MBL2, MB.VLNPL3] -> MBL3 -> [INP.MBL3, SNPL3]",MB,2,MB.VLNP,3,INP.MB,3,SNP,3
5933000,mixed,mix->LAT,mix,LAT,1,0,3,2764,1,1.0,2330,0.843,MB,3,2,2,"[MBL2, MB.SNPL3] -> MBL3 -> [INP.MBL3, SNP.VLNPL3]",MB,2,MB.SNP,3,INP.MB,3,SNP.VLNP,3
5925720,mixed,mix->LAT,mix,LAT,1,0,3,2764,2,1.972,2181,0.789,MB,3,2,2,"[INP.MBL3, MBL2] -> MBL3 -> [LH.MBL3, MB.VLNPL3]",INP.MB,3,MB,2,LH.MB,3,MB.VLNP,3
5925720,mixed,mix->LAT,mix,LAT,1,0,3,2764,2,1.972,3942,1.426,MB,3,2,2,"[INP.MBL3, MBL2] -> MBL3 -> [MB.VLNPL3, SNPL3]",INP.MB,3,MB,2,MB.VLNP,3,SNP,3
5866392,mixed,mix->LAT,mix,LAT,1,0,3,2764,2,1.243,2330,0.843,MB,3,2,2,"[MBL2, VLNP.VMNPL3] -> MBL3 -> [INP.VLNPL3, MB.VLNPL3]",MB,2,VLNP.VMNP,3,INP.VLNP,3,MB.VLNP,3
5842840,mixed,mix->LAT,mix,LAT,1,0,3,2764,2,1.978,2181,0.789,MB,3,2,2,"[LH.MBL3, MBL2] -> MBL3 -> [INP.MBL3, MB.VLNPL3]",LH.MB,3,MB,2,INP.MB,3,MB.VLNP,3
5784199,mixed,mix->LAT,mix,LAT,1,1,2,145,54,6.344,4377,30.186,AL.MB,2,2,2,"[ALL1, LHL3] -> AL.MBL2 -> [LH.SNPL2, MBL2]",AL,1,LH,3,LH.SNP,2,MB,2
5626511,mixed,mix->LAT,mix,LAT,0,1,3,145,78,10.679,3617,24.945,AL.MB,2,2,2,"[ALL2, LHL3] -> AL.MBL2 -> [AL.LHL2, MBL2]",AL,2,LH,3,AL.LH,2,MB,2
5434000,mixed,mix->LAT,mix,LAT,1,0,3,2764,2,1.978,441,0.16,MB,3,2,2,"[INP.MBL2, MB.SNPL3] -> MBL3 -> [INP.MBL3, MB.VLNPL3]",INP.MB,2,MB.SNP,3,INP.MB,3,MB.VLNP,3
5392970,mixed,mix->LAT,mix,LAT,1,0,3,93,4,1.969,5980,64.301,MB.SNP,3,2,2,"[MBL2, MBL3] -> MB.SNPL3 -> [LHL3, LH.SNPL3]",MB,2,MB,3,LH,3,LH.SNP,3
5342440,mixed,mix->LAT,mix,LAT,1,0,3,2764,2,1.528,2284,0.826,MB,3,2,2,"[INP.VLNPL3, MBL2] -> MBL3 -> [INP.MBL3, LH.MBL3]",INP.VLNP,3,MB,2,INP.MB,3,LH.MB,3
5342440,mixed,mix->LAT,mix,LAT,1,0,3,2764,2,1.528,4045,1.463,MB,3,2,2,"[INP.VLNPL3, MBL2] -> MBL3 -> [INP.MBL3, SNPL3]",INP.VLNP,3,MB,2,INP.MB,3,SNP,3
5224170,mixed,mix->LAT,mix,LAT,1,0,3,2764,2,1.57,2284,0.826,MB,3,2,2,"[INP.MBL3, MBL2] -> MBL3 -> [INP.VLNPL3, LH.MBL3]",INP.MB,3,MB,2,INP.VLNP,3,LH.MB,3
5224170,mixed,mix->LAT,mix,LAT,1,0,3,2764,2,1.57,4045,1.463,MB,3,2,2,"[INP.MBL3, MBL2] -> MBL3 -> [INP.VLNPL3, SNPL3]",INP.MB,3,MB,2,INP.VLNP,3,SNP,3
5195840,mixed,mix->LAT,mix,LAT,1,0,3,2764,2,1.999,441,0.16,MB,3,2,2,"[INP.MBL2, MB.VLNPL3] -> MBL3 -> [INP.MBL3, MB.SNPL3]",INP.MB,2,MB.VLNP,3,INP.MB,3,MB.SNP,3
5188240,mixed,mix->LAT,mix,LAT,1,0,3,2764,2,1.999,441,0.16,MB,3,2,2,"[INP.MBL2, INP.MBL3] -> MBL3 -> [MB.SNPL3, MB.VLNPL3]",INP.MB,2,INP.MB,3,MB.SNP,3,MB.VLNP,3
5124714,mixed,mix->LAT,mix,LAT,1,0,3,2764,2,1.582,2284,0.826,MB,3,2,2,"[LH.MBL3, MBL2] -> MBL3 -> [INP.MBL3, INP.VLNPL3]",LH.MB,3,MB,2,INP.MB,3,INP.VLNP,3
5051956,mixed,mix->LAT,mix,LAT,1,0,3,2764,2,1.737,2933,1.061,MB,3,2,2,"[MBL2, VLNPL3] -> MBL3 -> [INP.MBL3, MB.SNPL3]",MB,2,VLNP,3,INP.MB,3,MB.SNP,3
4998244,mixed,mix->LAT,mix,LAT,1,0,3,2764,2,1.932,2903,1.05,MB,3,2,2,"[MBL2, MB.SNPL3] -> MBL3 -> [INP.MBL3, LH.SNPL3]",MB,2,MB.SNP,3,INP.MB,3,LH.SNP,3
4983720,mixed,mix->LAT,mix,LAT,1,0,3,2764,1,1.0,2427,0.878,MB,3,2,2,"[INP.MBL3, MBL2] -> MBL3 -> [INP.VLNPL3, SNP.VLNPL3]",INP.MB,3,MB,2,INP.VLNP,3,SNP.VLNP,3
4983720,mixed,mix->LAT,mix,LAT,1,0,3,2764,1,1.0,2427,0.878,MB,3,2,2,"[MBL2, SNP.VLNPL3] -> MBL3 -> [INP.MBL3, INP.VLNPL3]",MB,2,SNP.VLNP,3,INP.MB,3,INP.VLNP,3
4884840,mixed,mix->LAT,mix,LAT,1,0,3,2764,2,1.87,2903,1.05,MB,3,2,2,"[INP.MBL3, MBL2] -> MBL3 -> [LH.SNPL3, MB.SNPL3]",INP.MB,3,MB,2,LH.SNP,3,MB.SNP,3
4871212,mixed,mix->LAT,mix,LAT,1,1,2,214,45,12.3,7385,34.509,AL.LH,2,2,2,"[ALL1, MBL3] -> AL.LHL2 -> [ALL2, MBL2]",AL,1,MB,3,AL,2,MB,2
4833686,mixed,mix->LAT,mix,LAT,1,0,3,214,28,9.531,4714,22.028,AL.LH,2,2,2,"[ALL1, LHL2] -> AL.LHL2 -> [ALL2, MBL2]",AL,1,LH,2,AL,2,MB,2
4763850,mixed,mix->LAT,mix,LAT,1,0,3,2764,2,1.583,544,0.197,MB,3,2,2,"[INP.MBL2, MB.SNPL3] -> MBL3 -> [INP.MBL3, INP.VLNPL3]",INP.MB,2,MB.SNP,3,INP.MB,3,INP.VLNP,3
4753182,mixed,mix->LAT,mix,LAT,1,0,3,2764,2,1.987,2351,0.851,MB,3,2,2,"[MBL2, MB.SNPL3] -> MBL3 -> [INPL3, INP.VLNPL3]",MB,2,MB.SNP,3,INP,3,INP.VLNP,3
4746464,mixed,mix->LAT,mix,LAT,1,0,3,2764,2,1.807,3857,1.395,MB,3,2,2,"[MBL2, SNPL3] -> MBL3 -> [MB.SNPL3, MB.VLNPL3]",MB,2,SNP,3,MB.SNP,3,MB.VLNP,3
4746400,mixed,mix->LAT,mix,LAT,1,0,3,2764,1,1.0,2427,0.878,MB,3,2,2,"[INP.VLNPL3, MBL2] -> MBL3 -> [INP.MBL3, SNP.VLNPL3]",INP.VLNP,3,MB,2,INP.MB,3,SNP.VLNP,3
4734163,mixed,mix->LAT,mix,LAT,1,1,2,145,66,10.316,4390,30.276,AL.MB,2,2,2,"[ALL1, LHL3] -> AL.MBL2 -> [LHL2, MBL2]",AL,1,LH,3,LH,2,MB,2
4621560,mixed,mix->LAT,mix,LAT,1,0,3,178,2,1.44,6534,36.708,INP.MB,3,2,2,"[MBL2, MBL3] -> INP.MBL3 -> [MB.SNPL3, SNPL3]",MB,2,MB,3,MB.SNP,3,SNP,3
4565360,mixed,mix->LAT,mix,LAT,1,0,3,2764,2,1.975,2351,0.851,MB,3,2,2,"[INP.VLNPL3, MBL2] -> MBL3 -> [INPL3, MB.SNPL3]",INP.VLNP,3,MB,2,INP,3,MB.SNP,3
4547828,mixed,mix->LAT,mix,LAT,1,0,3,178,3,2.466,5008,28.135,INP.MB,3,2,2,"[MBL2, MBL3] -> INP.MBL3 -> [INPL3, INP.SNPL3]",MB,2,MB,3,INP,3,INP.SNP,3
4541544,mixed,mix->LAT,mix,LAT,1,0,3,2764,2,1.388,3960,1.433,MB,3,2,2,"[MBL2, SNPL3] -> MBL3 -> [INP.VLNPL3, MB.SNPL3]",MB,2,SNP,3,INP.VLNP,3,MB.SNP,3
4531752,mixed,mix->LAT,mix,LAT,1,1,2,145,49,6.855,4380,30.207,AL.MB,2,2,2,"[ALL1, LHL3] -> AL.MBL2 -> [INP.MBL2, MBL2]",AL,1,LH,3,INP.MB,2,MB,2
4483700,mixed,mix->LAT,mix,LAT,1,0,3,2764,2,1.616,544,0.197,MB,3,2,2,"[INP.MBL2, INP.VLNPL3] -> MBL3 -> [INP.MBL3, MB.SNPL3]",INP.MB,2,INP.VLNP,3,INP.MB,3,MB.SNP,3
4398660,mixed,mix->LAT,mix,LAT,1,0,3,2764,2,1.662,544,0.197,MB,3,2,2,"[INP.MBL2, INP.MBL3] -> MBL3 -> [INP.VLNPL3, MB.SNPL3]",INP.MB,2,INP.MB,3,INP.VLNP,3,MB.SNP,3
4256346,mixed,mix->LAT,mix,LAT,1,1,2,145,101,11.085,3963,27.331,AL.MB,2,2,2,"[ALL1, ALL3] -> AL.MBL2 -> [AL.LHL2, MBL2]",AL,1,AL,3,AL.LH,2,MB,2
4232140,mixed,mix->LAT,mix,LAT,1,0,3,2764,2,1.883,572,0.207,MB,3,2,2,"[AL.LHL2, MB.SNPL3] -> MBL3 -> [INP.MBL3, MB.VLNPL3]",AL.LH,2,MB.SNP,3,INP.MB,3,MB.VLNP,3
4176312,mixed,mix->LAT,mix,LAT,1,0,3,2764,2,1.982,2351,0.851,MB,3,2,2,"[INPL3, MBL2] -> MBL3 -> [INP.VLNPL3, MB.SNPL3]",INP,3,MB,2,INP.VLNP,3,MB.SNP,3
4155840,mixed,mix->LAT,mix,LAT,1,0,3,2764,1,1.0,2863,1.036,MB,3,2,2,"[INP.VLNPL3, MBL2] -> MBL3 -> [INP.MBL3, LHL3]",INP.VLNP,3,MB,2,INP.MB,3,LH,3
4155840,mixed,mix->LAT,mix,LAT,1,0,3,2764,1,1.0,2421,0.876,MB,3,2,2,"[INP.VLNPL3, MBL2] -> MBL3 -> [INP.MBL3, VLNP.VMNPL3]",INP.VLNP,3,MB,2,INP.MB,3,VLNP.VMNP,3
4155840,mixed,mix->LAT,mix,LAT,1,0,3,2764,1,1.0,2653,0.96,MB,3,2,2,"[INP.VLNPL3, MBL2] -> MBL3 -> [INP.MBL3, VMNPL3]",INP.VLNP,3,MB,2,INP.MB,3,VMNP,3
4125912,mixed,mix->LAT,mix,LAT,1,0,3,2764,2,1.358,2939,1.063,MB,3,2,2,"[MBL2, VLNPL3] -> MBL3 -> [INP.VLNPL3, MB.VLNPL3]",MB,2,VLNP,3,INP.VLNP,3,MB.VLNP,3
4000576,mixed,mix->LAT,mix,LAT,1,0,3,2764,4,1.942,572,0.207,MB,3,2,2,"[AL.LHL2, MB.VLNPL3] -> MBL3 -> [INP.MBL3, MB.SNPL3]",AL.LH,2,MB.VLNP,3,INP.MB,3,MB.SNP,3
3993880,mixed,mix->LAT,mix,LAT,1,0,3,2764,2,1.942,572,0.207,MB,3,2,2,"[AL.LHL2, INP.MBL3] -> MBL3 -> [MB.SNPL3, MB.VLNPL3]",AL.LH,2,INP.MB,3,MB.SNP,3,MB.VLNP,3
3978240,mixed,mix->LAT,mix,LAT,1,0,3,2764,1,1.0,2863,1.036,MB,3,2,2,"[INP.MBL3, MBL2] -> MBL3 -> [INP.VLNPL3, LHL3]",INP.MB,3,MB,2,INP.VLNP,3,LH,3
3978240,mixed,mix->LAT,mix,LAT,1,0,3,2764,1,1.0,2421,0.876,MB,3,2,2,"[INP.MBL3, MBL2] -> MBL3 -> [INP.VLNPL3, VLNP.VMNPL3]",INP.MB,3,MB,2,INP.VLNP,3,VLNP.VMNP,3
3978240,mixed,mix->LAT,mix,LAT,1,0,3,2764,1,1.0,2653,0.96,MB,3,2,2,"[INP.MBL3, MBL2] -> MBL3 -> [INP.VLNPL3, VMNPL3]",INP.MB,3,MB,2,INP.VLNP,3,VMNP,3
3959104,mixed,mix->LAT,mix,LAT,1,0,3,2764,2,1.928,2675,0.968,MB,3,2,2,"[LHL3, MBL2] -> MBL3 -> [MB.SNPL3, MB.VLNPL3]",LH,3,MB,2,MB.SNP,3,MB.VLNP,3
3947019,mixed,mix->LAT,mix,LAT,1,1,2,145,14,4.265,5342,36.841,AL.MB,2,2,2,"[ALL1, LH.SNPL3] -> AL.MBL2 -> [ALL2, MBL2]",AL,1,LH.SNP,3,AL,2,MB,2
3929793,mixed,mix->LAT,mix,LAT,1,0,3,2764,2,1.453,675,0.244,MB,3,2,2,"[AL.LHL2, MB.SNPL3] -> MBL3 -> [INP.MBL3, INP.VLNPL3]",AL.LH,2,MB.SNP,3,INP.MB,3,INP.VLNP,3
3909158,mixed,mix->LAT,mix,LAT,0,1,3,145,54,8.426,3483,24.021,AL.MB,2,2,2,"[ALL2, LHL3] -> AL.MBL2 -> [LH.SNPL2, MBL2]",AL,2,LH,3,LH.SNP,2,MB,2
3900432,mixed,mix->LAT,mix,LAT,1,0,3,145,5,3.57,4649,32.062,AL.MB,2,2,2,"[ALL1, AL.SNPL2] -> AL.MBL2 -> [ALL2, MBL2]",AL,1,AL.SNP,2,AL,2,MB,2
3878784,mixed,mix->LAT,mix,LAT,1,0,3,2764,1,1.0,2280,0.825,MB,3,2,2,"[AL.MBL3, MBL2] -> MBL3 -> [INP.MBL3, INP.VLNPL3]",AL.MB,3,MB,2,INP.MB,3,INP.VLNP,3
3870570,mixed,mix->LAT,mix,LAT,1,0,3,145,5,2.74,4663,32.159,AL.MB,2,2,2,"[ALL1, AL.VLNPL2] -> AL.MBL2 -> [ALL2, MBL2]",AL,1,AL.VLNP,2,AL,2,MB,2
3750915,mixed,mix->LAT,mix,LAT,1,0,3,145,16,6.469,4626,31.903,AL.MB,2,2,2,"[ALL1, LH.MBL2] -> AL.MBL2 -> [ALL2, MBL2]",AL,1,LH.MB,2,AL,2,MB,2
3685760,mixed,mix->LAT,mix,LAT,1,0,3,2764,2,1.481,675,0.244,MB,3,2,2,"[AL.LHL2, INP.VLNPL3] -> MBL3 -> [INP.MBL3, MB.SNPL3]",AL.LH,2,INP.VLNP,3,INP.MB,3,MB.SNP,3
3650072,mixed,mix->LAT,mix,LAT,0,1,3,145,49,7.27,3486,24.041,AL.MB,2,2,2,"[ALL2, LHL3] -> AL.MBL2 -> [INP.MBL2, MBL2]",AL,2,LH,3,INP.MB,2,MB,2
3597930,mixed,mix->LAT,mix,LAT,1,0,3,2764,2,1.521,675,0.244,MB,3,2,2,"[AL.LHL2, INP.MBL3] -> MBL3 -> [INP.VLNPL3, MB.SNPL3]",AL.LH,2,INP.MB,3,INP.VLNP,3,MB.SNP,3
3596712,mixed,mix->LAT,mix,LAT,1,0,3,2764,2,1.502,2778,1.005,MB,3,2,2,"[LHL3, MBL2] -> MBL3 -> [INP.VLNPL3, MB.SNPL3]",LH,3,MB,2,INP.VLNP,3,MB.SNP,3
3583121,mixed,mix->LAT,mix,LAT,0,1,3,145,66,11.726,3496,24.11,AL.MB,2,2,2,"[ALL2, LHL3] -> AL.MBL2 -> [LHL2, MBL2]",AL,2,LH,3,LH,2,MB,2
3566496,mixed,mix->LAT,mix,LAT,1,0,3,93,2,1.999,6478,69.656,MB.SNP,3,2,2,"[MBL2, MBL3] -> MB.SNPL3 -> [GNG.SNPL3, SNPL3]",MB,2,MB,3,GNG.SNP,3,SNP,3
3514994,mixed,mix->LAT,mix,LAT,1,0,3,2764,2,1.952,2187,0.791,MB,3,2,2,"[MBL2, MB.SNPL3] -> MBL3 -> [INP.MBL3, LH.MBL3]",MB,2,MB.SNP,3,INP.MB,3,LH.MB,3
3514994,mixed,mix->LAT,mix,LAT,1,0,3,2764,2,1.952,3948,1.428,MB,3,2,2,"[MBL2, MB.SNPL3] -> MBL3 -> [INP.MBL3, SNPL3]",MB,2,MB.SNP,3,INP.MB,3,SNP,3
3476779,mixed,mix->LAT,mix,LAT,1,0,3,145,15,5.262,4626,31.903,AL.MB,2,2,2,"[ALL1, ALL2] -> AL.MBL2 -> [LH.MBL2, MBL2]",AL,1,AL,2,LH.MB,2,MB,2
3475831,mixed,mix->LAT,mix,LAT,1,1,2,214,41,7.605,4380,20.467,AL.LH,2,2,2,"[ALL1, LHL3] -> AL.LHL2 -> [INP.MBL2, MBL2]",AL,1,LH,3,INP.MB,2,MB,2
3424240,mixed,mix->LAT,mix,LAT,0,1,3,83,3,1.393,4725,56.928,INP.MB,2,2,2,"[MBL2, MBL3] -> INP.MBL2 -> [INP.PENPL2, MB.SNPL2]",MB,2,MB,3,INP.PENP,2,MB.SNP,2
3400320,mixed,mix->LAT,mix,LAT,1,0,3,2764,2,2.0,515,0.186,MB,3,2,2,"[AL.MBL2, MB.SNPL3] -> MBL3 -> [INP.VLNPL3, MB.VLNPL3]",AL.MB,2,MB.SNP,3,INP.VLNP,3,MB.VLNP,3
3375786,mixed,mix->LAT,mix,LAT,1,0,3,2764,4,2.028,3948,1.428,MB,3,2,2,"[INP.MBL3, MBL2] -> MBL3 -> [MB.SNPL3, SNPL3]",INP.MB,3,MB,2,MB.SNP,3,SNP,3
3352998,mixed,mix->LAT,mix,LAT,1,0,3,2764,3,2.001,2187,0.791,MB,3,2,2,"[INP.MBL3, MBL2] -> MBL3 -> [LH.MBL3, MB.SNPL3]",INP.MB,3,MB,2,LH.MB,3,MB.SNP,3
3324672,mixed,mix->LAT,mix,LAT,1,0,3,2764,1,1.0,2760,0.999,MB,3,2,2,"[MBL2, MB.VLNPL3] -> MBL3 -> [INP.MBL3, LHL3]",MB,2,MB.VLNP,3,INP.MB,3,LH,3
3324672,mixed,mix->LAT,mix,LAT,1,0,3,2764,1,1.0,2318,0.839,MB,3,2,2,"[MBL2, MB.VLNPL3] -> MBL3 -> [INP.MBL3, VLNP.VMNPL3]",MB,2,MB.VLNP,3,INP.MB,3,VLNP.VMNP,3
3324672,mixed,mix->LAT,mix,LAT,1,0,3,2764,1,1.0,2550,0.923,MB,3,2,2,"[MBL2, MB.VLNPL3] -> MBL3 -> [INP.MBL3, VMNPL3]",MB,2,MB.VLNP,3,INP.MB,3,VMNP,3
3315200,mixed,mix->LAT,mix,LAT,1,0,3,2764,1,1.0,2760,0.999,MB,3,2,2,"[INP.MBL3, MBL2] -> MBL3 -> [LHL3, MB.VLNPL3]",INP.MB,3,MB,2,LH,3,MB.VLNP,3
3315200,mixed,mix->LAT,mix,LAT,1,0,3,2764,1,1.0,2318,0.839,MB,3,2,2,"[INP.MBL3, MBL2] -> MBL3 -> [MB.VLNPL3, VLNP.VMNPL3]",INP.MB,3,MB,2,MB.VLNP,3,VLNP.VMNP,3
3315200,mixed,mix->LAT,mix,LAT,1,0,3,2764,1,1.0,2550,0.923,MB,3,2,2,"[INP.MBL3, MBL2] -> MBL3 -> [MB.VLNPL3, VMNPL3]",INP.MB,3,MB,2,MB.VLNP,3,VMNP,3
3310584,mixed,mix->LAT,mix,LAT,0,1,3,145,101,14.582,3069,21.166,AL.MB,2,2,2,"[ALL2, ALL3] -> AL.MBL2 -> [AL.LHL2, MBL2]",AL,2,AL,3,AL.LH,2,MB,2
3297269,mixed,mix->LAT,mix,LAT,1,0,3,2764,3,1.992,2187,0.791,MB,3,2,2,"[LH.MBL3, MBL2] -> MBL3 -> [INP.MBL3, MB.SNPL3]",LH.MB,3,MB,2,INP.MB,3,MB.SNP,3
3276336,mixed,mix->LAT,mix,LAT,1,0,3,2764,2,1.99,515,0.186,MB,3,2,2,"[AL.MBL2, MB.VLNPL3] -> MBL3 -> [INP.VLNPL3, MB.SNPL3]",AL.MB,2,MB.VLNP,3,INP.VLNP,3,MB.SNP,3
3256265,mixed,mix->LAT,mix,LAT,1,0,3,2764,2,1.999,515,0.186,MB,3,2,2,"[AL.MBL2, INP.VLNPL3] -> MBL3 -> [MB.SNPL3, MB.VLNPL3]",AL.MB,2,INP.VLNP,3,MB.SNP,3,MB.VLNP,3
3232320,mixed,mix->LAT,mix,LAT,1,0,3,2764,1,1.0,2177,0.788,MB,3,2,2,"[AL.MBL3, MBL2] -> MBL3 -> [INP.MBL3, MB.VLNPL3]",AL.MB,3,MB,2,INP.MB,3,MB.VLNP,3
3218026,mixed,mix->LAT,mix,LAT,1,0,3,908,21,4.531,2167,2.387,AL,2,2,2,"[ALL1, AL.LHL2] -> ALL2 -> [AL.MBL2, AL.VMNPL2]",AL,1,AL.LH,2,AL.MB,2,AL.VMNP,2
3215604,mixed,mix->LAT,mix,LAT,1,0,3,2764,2,1.264,2336,0.845,MB,3,2,2,"[MBL2, VLNP.VMNPL3] -> MBL3 -> [INP.VLNPL3, MB.SNPL3]",MB,2,VLNP.VMNP,3,INP.VLNP,3,MB.SNP,3
3200286,mixed,mix->LAT,mix,LAT,0,1,3,145,28,5.975,3617,24.945,AL.MB,2,2,2,"[AL.LHL2, LHL3] -> AL.MBL2 -> [ALL2, MBL2]",AL.LH,2,LH,3,AL,2,MB,2
3194048,mixed,mix->LAT,mix,LAT,1,0,3,2764,1,1.0,2239,0.81,MB,3,2,2,"[MBL2, MB.VLNPL3] -> MBL3 -> [MB.SNPL3, SNP.VLNPL3]",MB,2,MB.VLNP,3,MB.SNP,3,SNP.VLNP,3
3194048,mixed,mix->LAT,mix,LAT,1,0,3,2764,1,1.0,2239,0.81,MB,3,2,2,"[MBL2, SNP.VLNPL3] -> MBL3 -> [MB.SNPL3, MB.VLNPL3]",MB,2,SNP.VLNP,3,MB.SNP,3,MB.VLNP,3
3160592,mixed,mix->LAT,mix,LAT,1,0,3,2764,2,1.607,2233,0.808,MB,3,2,2,"[MBL2, VLNP.VMNPL3] -> MBL3 -> [MB.SNPL3, MB.VLNPL3]",MB,2,VLNP.VMNP,3,MB.SNP,3,MB.VLNP,3
3114350,mixed,mix->LAT,mix,LAT,1,0,3,2764,2,1.935,502,0.182,MB,3,2,2,"[INP.VLNPL3, MB.SNPL2] -> MBL3 -> [INP.MBL3, MB.VLNPL3]",INP.VLNP,3,MB.SNP,2,INP.MB,3,MB.VLNP,3
3104220,mixed,mix->LAT,mix,LAT,1,0,3,2764,2,1.962,502,0.182,MB,3,2,2,"[MB.SNPL2, MB.VLNPL3] -> MBL3 -> [INP.MBL3, INP.VLNPL3]",MB.SNP,2,MB.VLNP,3,INP.MB,3,INP.VLNP,3
3099180,mixed,mix->LAT,mix,LAT,1,0,3,2764,2,1.962,502,0.182,MB,3,2,2,"[INP.MBL3, MB.SNPL2] -> MBL3 -> [INP.VLNPL3, MB.VLNPL3]",INP.MB,3,MB.SNP,2,INP.VLNP,3,MB.VLNP,3
3093280,mixed,mix->LAT,mix,LAT,1,0,3,2764,2,1.919,2909,1.052,MB,3,2,2,"[INP.VLNPL3, MBL2] -> MBL3 -> [LH.SNPL3, MB.VLNPL3]",INP.VLNP,3,MB,2,LH.SNP,3,MB.VLNP,3
3082949,mixed,mix->LAT,mix,LAT,1,1,2,145,78,16.793,3508,24.193,AL.MB,2,2,2,"[ALL1, LHL3] -> AL.MBL2 -> [ALL2, AL.LHL2]",AL,1,LH,3,AL,2,AL.LH,2
3080112,mixed,mix->LAT,mix,LAT,1,0,3,2764,2,1.949,2909,1.052,MB,3,2,2,"[MBL2, MB.VLNPL3] -> MBL3 -> [INP.VLNPL3, LH.SNPL3]",MB,2,MB.VLNP,3,INP.VLNP,3,LH.SNP,3
3071200,mixed,mix->LAT,mix,LAT,1,0,3,2764,1,1.0,2239,0.81,MB,3,2,2,"[MBL2, MB.SNPL3] -> MBL3 -> [MB.VLNPL3, SNP.VLNPL3]",MB,2,MB.SNP,3,MB.VLNP,3,SNP.VLNP,3
2860629,mixed,mix->LAT,mix,LAT,1,1,2,145,62,7.713,3829,26.407,AL.MB,2,2,2,"[ALL1, ALL3] -> AL.MBL2 -> [LH.SNPL2, MBL2]",AL,1,AL,3,LH.SNP,2,MB,2
2855782,mixed,mix->LAT,mix,LAT,1,0,3,908,6,2.054,2189,2.411,AL,2,2,2,"[ALL1, AL.SNPL2] -> ALL2 -> [AL.LHL2, AL.MBL2]",AL,1,AL.SNP,2,AL.LH,2,AL.MB,2
2825251,mixed,mix->LAT,mix,LAT,1,0,3,145,12,4.993,4993,34.434,AL.MB,2,2,2,"[ALL1, ALL2] -> AL.MBL2 -> [MBL2, SNPL2]",AL,1,AL,2,MB,2,SNP,2
2822718,mixed,mix->LAT,mix,LAT,0,1,3,491,39,2.77,70961,144.523,OL.VLNP,2,2,2,"[OLL2, OLL3] -> OL.VLNPL2 -> [OL.VMNPL2, VLNPL2]",OL,2,OL,3,OL.VMNP,2,VLNP,2
2766211,mixed,mix->LAT,mix,LAT,1,1,2,145,9,4.156,4626,31.903,AL.MB,2,2,2,"[ALL1, LH.MBL3] -> AL.MBL2 -> [ALL2, MBL2]",AL,1,LH.MB,3,AL,2,MB,2
2707727,mixed,mix->LAT,mix,LAT,1,0,3,214,24,5.515,4766,22.271,AL.LH,2,2,2,"[ALL1, ALL2] -> AL.LHL2 -> [AL.MBL2, MBL2]",AL,1,AL,2,AL.MB,2,MB,2
2634716,mixed,mix->LAT,mix,LAT,1,1,2,38835,133,4.518,43374,1.117,OL,2,2,2,"[OLL1, OLL3] -> OLL2 -> [OL.VLNPL2, OL.VMNPL2]",OL,1,OL,3,OL.VLNP,2,OL.VMNP,2
2610520,mixed,mix->LAT,mix,LAT,1,0,3,2764,1,1.0,2284,0.826,MB,3,2,2,"[INP.MBL3, MBL2] -> MBL3 -> [LX.VLNPL3, MB.VLNPL3]",INP.MB,3,MB,2,LX.VLNP,3,MB.VLNP,3
2610520,mixed,mix->LAT,mix,LAT,1,0,3,2764,1,1.0,2352,0.851,MB,3,2,2,"[INP.SNPL3, MBL2] -> MBL3 -> [INP.MBL3, MB.VLNPL3]",INP.SNP,3,MB,2,INP.MB,3,MB.VLNP,3
2610520,mixed,mix->LAT,mix,LAT,1,0,3,2764,1,1.0,2897,1.048,MB,3,2,2,"[LH.SNPL3, MBL2] -> MBL3 -> [INP.MBL3, MB.VLNPL3]",LH.SNP,3,MB,2,INP.MB,3,MB.VLNP,3
2610520,mixed,mix->LAT,mix,LAT,1,0,3,2764,1,1.0,2251,0.814,MB,3,2,2,"[LXL3, MBL2] -> MBL3 -> [INP.MBL3, MB.VLNPL3]",LX,3,MB,2,INP.MB,3,MB.VLNP,3
2610520,mixed,mix->LAT,mix,LAT,1,0,3,2764,1,1.0,2284,0.826,MB,3,2,2,"[MBL2, MB.VLNPL3] -> MBL3 -> [INP.MBL3, LX.VLNPL3]",MB,2,MB.VLNP,3,INP.MB,3,LX.VLNP,3
2604617,mixed,mix->LAT,mix,LAT,1,1,2,908,73,6.603,2025,2.23,AL,2,2,2,"[ALL1, ALL3] -> ALL2 -> [AL.MBL2, AL.VLNPL2]",AL,1,AL,3,AL.MB,2,AL.VLNP,2
2589168,mixed,mix->LAT,mix,LAT,1,1,2,908,10,3.227,2235,2.461,AL,2,2,2,"[ALL1, AL.LHL3] -> ALL2 -> [AL.LHL2, AL.MBL2]",AL,1,AL.LH,3,AL.LH,2,AL.MB,2
2579808,mixed,mix->LAT,mix,LAT,1,0,3,2764,1,1.0,2336,0.845,MB,3,2,2,"[MBL2, MB.VLNPL3] -> MBL3 -> [INP.VLNPL3, SNP.VLNPL3]",MB,2,MB.VLNP,3,INP.VLNP,3,SNP.VLNP,3
4802974,mixed,BWD->LAT,BWD,LAT,0,2,2,145,76,9.943,3439,23.717,AL.MB,2,2,2,"[ALL3, LHL3] -> AL.MBL2 -> [ALL2, MBL2]",AL,3,LH,3,AL,2,MB,2
3147472,mixed,BWD->LAT,BWD,LAT,0,2,2,38835,61,3.784,33824,0.871,OL,2,2,2,"[OLL3, OL.VLNPL3] -> OLL2 -> [OL.VLNPL2, OL.VMNPL2]",OL,3,OL.VLNP,3,OL.VLNP,2,OL.VMNP,2
2147252,mixed,BWD->LAT,BWD,LAT,0,2,2,214,58,10.399,3439,16.07,AL.LH,2,2,2,"[ALL3, LHL3] -> AL.LHL2 -> [ALL2, MBL2]",AL,3,LH,3,AL,2,MB,2
1624668,mixed,BWD->LAT,BWD,LAT,0,2,2,38835,27,1.742,33997,0.875,OL,2,2,2,"[OLL3, OL.VLNPL3] -> OLL2 -> [OL.VLNPL2, VLNPL2]",OL,3,OL.VLNP,3,OL.VLNP,2,VLNP,2
1391395,mixed,BWD->LAT,BWD,LAT,0,2,2,145,81,10.845,6167,42.531,AL.MB,2,2,2,"[LHL3, MBL3] -> AL.MBL2 -> [ALL2, MBL2]",LH,3,MB,3,AL,2,MB,2
1151769,mixed,BWD->LAT,BWD,LAT,0,2,2,38835,41,2.791,32365,0.833,OL,2,2,2,"[OLL3, OL.VMNPL3] -> OLL2 -> [OL.VLNPL2, OL.VMNPL2]",OL,3,OL.VMNP,3,OL.VLNP,2,OL.VMNP,2
930495,mixed,BWD->LAT,BWD,LAT,0,2,2,38835,17,1.634,33650,0.866,OL,2,2,2,"[OLL3, OL.VLNPL3] -> OLL2 -> [INP.OLL2, OL.VLNPL2]",OL,3,OL.VLNP,3,INP.OL,2,OL.VLNP,2
867004,mixed,BWD->LAT,BWD,LAT,0,2,2,145,106,11.529,5619,38.752,AL.MB,2,2,2,"[ALL3, MBL3] -> AL.MBL2 -> [ALL2, MBL2]",AL,3,MB,3,AL,2,MB,2
637962,mixed,BWD->LAT,BWD,LAT,0,2,2,145,13,3.94,4124,28.441,AL.MB,2,2,2,"[LHL3, LH.SNPL3] -> AL.MBL2 -> [ALL2, MBL2]",LH,3,LH.SNP,3,AL,2,MB,2
609304,mixed,BWD->LAT,BWD,LAT,0,2,2,83,6,1.249,4900,59.036,INP.MB,2,2,2,"[INP.MBL3, MBL3] -> INP.MBL2 -> [MBL2, MB.SNPL2]",INP.MB,3,MB,3,MB,2,MB.SNP,2
584437,mixed,BWD->LAT,BWD,LAT,0,2,2,145,70,8.029,2745,18.931,AL.MB,2,2,2,"[ALL3, LHL3] -> AL.MBL2 -> [AL.LHL2, MBL2]",AL,3,LH,3,AL.LH,2,MB,2
580768,mixed,BWD->LAT,BWD,LAT,0,2,2,491,22,1.722,72168,146.982,OL.VLNP,2,2,2,"[OLL3, OL.VLNPL3] -> OL.VLNPL2 -> [OLL2, OL.VMNPL2]",OL,3,OL.VLNP,3,OL,2,OL.VMNP,2
500912,mixed,BWD->LAT,BWD,LAT,0,2,2,214,39,11.772,6167,28.818,AL.LH,2,2,2,"[LHL3, MBL3] -> AL.LHL2 -> [ALL2, MBL2]",LH,3,MB,3,AL,2,MB,2
487014,mixed,BWD->LAT,BWD,LAT,0,2,2,38835,12,2.628,33646,0.866,OL,2,2,2,"[OLL3, OL.VLNPL3] -> OLL2 -> [OL.SNPL2, OL.VLNPL2]",OL,3,OL.VLNP,3,OL.SNP,2,OL.VLNP,2
418387,mixed,BWD->LAT,BWD,LAT,0,2,2,145,47,5.965,2611,18.007,AL.MB,2,2,2,"[ALL3, LHL3] -> AL.MBL2 -> [LH.SNPL2, MBL2]",AL,3,LH,3,LH.SNP,2,MB,2
406360,mixed,BWD->LAT,BWD,LAT,0,2,2,145,7,3.57,3408,23.503,AL.MB,2,2,2,"[LHL3, LH.MBL3] -> AL.MBL2 -> [ALL2, MBL2]",LH,3,LH.MB,3,AL,2,MB,2
354330,mixed,BWD->LAT,BWD,LAT,0,2,2,214,44,12.254,5619,26.257,AL.LH,2,2,2,"[ALL3, MBL3] -> AL.LHL2 -> [ALL2, MBL2]",AL,3,MB,3,AL,2,MB,2
343889,mixed,BWD->LAT,BWD,LAT,0,2,2,214,14,3.447,4124,19.271,AL.LH,2,2,2,"[LHL3, LH.SNPL3] -> AL.LHL2 -> [ALL2, MBL2]",LH,3,LH.SNP,3,AL,2,MB,2
343031,mixed,BWD->LAT,BWD,LAT,0,2,2,145,45,6.668,2614,18.028,AL.MB,2,2,2,"[ALL3, LHL3] -> AL.MBL2 -> [INP.MBL2, MBL2]",AL,3,LH,3,INP.MB,2,MB,2
329709,mixed,BWD->LAT,BWD,LAT,0,2,2,145,57,10.338,2624,18.097,AL.MB,2,2,2,"[ALL3, LHL3] -> AL.MBL2 -> [LHL2, MBL2]",AL,3,LH,3,LH,2,MB,2
313882,mixed,BWD->LAT,BWD,LAT,0,2,2,187,21,5.842,71279,381.171,OL.VMNP,2,2,2,"[OLL3, VMNPL3] -> OL.VMNPL2 -> [OLL2, OL.VLNPL2]",OL,3,VMNP,3,OL,2,OL.VLNP,2
283241,mixed,BWD->LAT,BWD,LAT,0,2,2,187,16,4.437,40451,216.316,OL.VMNP,2,2,2,"[VLNPL3, VMNPL3] -> OL.VMNPL2 -> [OLL2, OL.VLNPL2]",VLNP,3,VMNP,3,OL,2,OL.VLNP,2
275419,mixed,BWD->LAT,BWD,LAT,0,2,2,145,11,4.476,3576,24.662,AL.MB,2,2,2,"[ALL3, LH.SNPL3] -> AL.MBL2 -> [ALL2, MBL2]",AL,3,LH.SNP,3,AL,2,MB,2
266847,mixed,BWD->LAT,BWD,LAT,0,2,2,187,13,3.589,39842,213.059,OL.VMNP,2,2,2,"[VLNP.VMNPL3, VMNPL3] -> OL.VMNPL2 -> [OLL2, OL.VLNPL2]",VLNP.VMNP,3,VMNP,3,OL,2,OL.VLNP,2
257220,mixed,BWD->LAT,BWD,LAT,0,2,2,83,3,1.372,2992,36.048,INP.MB,2,2,2,"[INP.MBL3, MBL3] -> INP.MBL2 -> [INP.PENPL2, MB.SNPL2]",INP.MB,3,MB,3,INP.PENP,2,MB.SNP,2
253256,mixed,BWD->LAT,BWD,LAT,0,2,2,491,50,4.106,72341,147.334,OL.VLNP,2,2,2,"[OLL3, OL.VLNPL3] -> OL.VLNPL2 -> [OLL2, VLNPL2]",OL,3,OL.VLNP,3,OL,2,VLNP,2
243949,mixed,BWD->LAT,BWD,LAT,0,2,2,187,8,1.677,39808,212.877,OL.VMNP,2,2,2,"[OL.VMNPL3, VMNPL3] -> OL.VMNPL2 -> [OLL2, OL.VLNPL2]",OL.VMNP,3,VMNP,3,OL,2,OL.VLNP,2
235684,mixed,BWD->LAT,BWD,LAT,0,2,2,38835,13,1.402,32538,0.838,OL,2,2,2,"[OLL3, OL.VMNPL3] -> OLL2 -> [OL.VLNPL2, VLNPL2]",OL,3,OL.VMNP,3,OL.VLNP,2,VLNP,2
226861,mixed,BWD->LAT,BWD,LAT,0,2,2,93,3,1.961,2846,30.602,LH,2,2,2,"[LH.SNPL3, SNPL3] -> LHL2 -> [AL.LHL2, AL.MBL2]",LH.SNP,3,SNP,3,AL.LH,2,AL.MB,2
222472,mixed,BWD->LAT,BWD,LAT,0,2,2,145,70,16.428,1742,12.014,AL.MB,2,2,2,"[ALL3, LHL3] -> AL.MBL2 -> [ALL2, AL.LHL2]",AL,3,LH,3,AL,2,AL.LH,2
219994,mixed,BWD->LAT,BWD,LAT,0,2,2,214,38,7.867,2614,12.215,AL.LH,2,2,2,"[ALL3, LHL3] -> AL.LHL2 -> [INP.MBL2, MBL2]",AL,3,LH,3,INP.MB,2,MB,2
219420,mixed,BWD->LAT,BWD,LAT,0,2,2,83,3,1.81,4856,58.506,INP.MB,2,2,2,"[INP.MBL3, MBL3] -> INP.MBL2 -> [INP.PENPL2, MBL2]",INP.MB,3,MB,3,INP.PENP,2,MB,2
210885,mixed,BWD->LAT,BWD,LAT,0,2,2,83,3,1.12,4809,57.94,INP.MB,2,2,2,"[MBL3, MB.VLNPL3] -> INP.MBL2 -> [MBL2, MB.SNPL2]",MB,3,MB.VLNP,3,MB,2,MB.SNP,2
205992,mixed,BWD->LAT,BWD,LAT,0,2,2,145,8,4.129,2860,19.724,AL.MB,2,2,2,"[ALL3, LH.MBL3] -> AL.MBL2 -> [ALL2, MBL2]",AL,3,LH.MB,3,AL,2,MB,2
205522,mixed,BWD->LAT,BWD,LAT,0,2,2,26,6,1.574,50473,1941.269,OL.VMNP,1,2,2,"[OLL2, VMNPL2] -> OL.VMNPL1 -> [OLL1, OL.VLNPL1]",OL,2,VMNP,2,OL,1,OL.VLNP,1
190283,mixed,BWD->LAT,BWD,LAT,0,2,2,93,6,1.95,1664,17.892,LH,2,2,2,"[LHL3, LH.SNPL3] -> LHL2 -> [AL.LHL2, AL.MBL2]",LH,3,LH.SNP,3,AL.LH,2,AL.MB,2
183385,mixed,BWD->LAT,BWD,LAT,0,2,2,187,14,3.142,39788,212.77,OL.VMNP,2,2,2,"[GNG.VMNPL3, VMNPL3] -> OL.VMNPL2 -> [OLL2, OL.VLNPL2]",GNG.VMNP,3,VMNP,3,OL,2,OL.VLNP,2
182055,mixed,BWD->LAT,BWD,LAT,0,2,2,83,3,1.237,4912,59.181,INP.MB,2,2,2,"[INP.VLNPL3, MBL3] -> INP.MBL2 -> [MBL2, MB.SNPL2]",INP.VLNP,3,MB,3,MB,2,MB.SNP,2
170964,mixed,BWD->LAT,BWD,LAT,0,2,2,187,15,4.954,71656,383.187,OL.VMNP,2,2,2,"[OLL3, VLNPL3] -> OL.VMNPL2 -> [OLL2, OL.VLNPL2]",OL,3,VLNP,3,OL,2,OL.VLNP,2
165861,mixed,BWD->LAT,BWD,LAT,0,2,2,145,73,9.184,5473,37.745,AL.MB,2,2,2,"[LHL3, MBL3] -> AL.MBL2 -> [AL.LHL2, MBL2]",LH,3,MB,3,AL.LH,2,MB,2
156258,mixed,BWD->LAT,BWD,LAT,0,2,2,214,11,3.279,3576,16.71,AL.LH,2,2,2,"[ALL3, LH.SNPL3] -> AL.LHL2 -> [ALL2, MBL2]",AL,3,LH.SNP,3,AL,2,MB,2
156014,mixed,BWD->LAT,BWD,LAT,0,2,2,214,44,5.385,2624,12.262,AL.LH,2,2,2,"[ALL3, LHL3] -> AL.LHL2 -> [LHL2, MBL2]",AL,3,LH,3,LH,2,MB,2
152783,mixed,BWD->LAT,BWD,LAT,0,2,2,93,3,1.957,2709,29.129,LH,2,2,2,"[LHL3, SNPL3] -> LHL2 -> [AL.LHL2, AL.MBL2]",LH,3,SNP,3,AL.LH,2,AL.MB,2
152127,mixed,BWD->LAT,BWD,LAT,0,2,2,26,6,1.883,11743,451.654,OL.VMNP,1,2,2,"[GNG.VMNPL2, VMNPL2] -> OL.VMNPL1 -> [OLL1, OL.VLNPL1]",GNG.VMNP,2,VMNP,2,OL,1,OL.VLNP,1
151705,mixed,BWD->LAT,BWD,LAT,0,2,2,187,14,5.007,71047,379.93,OL.VMNP,2,2,2,"[OLL3, VLNP.VMNPL3] -> OL.VMNPL2 -> [OLL2, OL.VLNPL2]",OL,3,VLNP.VMNP,3,OL,2,OL.VLNP,2
151142,mixed,BWD->LAT,BWD,LAT,0,2,2,187,6,4.891,40567,216.936,OL.VMNP,2,2,2,"[GNGL3, VMNPL3] -> OL.VMNPL2 -> [OLL2, OL.VLNPL2]",GNG,3,VMNP,3,OL,2,OL.VLNP,2
148367,mixed,BWD->LAT,BWD,LAT,0,2,2,26,6,1.977,12447,478.731,OL.VMNP,1,2,2,"[GNGL2, VMNPL2] -> OL.VMNPL1 -> [OLL1, OL.VLNPL1]",GNG,2,VMNP,2,OL,1,OL.VLNP,1
145008,mixed,BWD->LAT,BWD,LAT,0,2,2,145,57,15.338,1621,11.179,AL.MB,2,2,2,"[ALL3, LHL3] -> AL.MBL2 -> [ALL2, LHL2]",AL,3,LH,3,AL,2,LH,2
141271,mixed,BWD->LAT,BWD,LAT,0,2,2,491,22,6.03,71352,145.32,OL.VLNP,2,2,2,"[OLL3, VLNPL3] -> OL.VLNPL2 -> [OLL2, OL.VMNPL2]",OL,3,VLNP,3,OL,2,OL.VMNP,2
140872,mixed,BWD->LAT,BWD,LAT,0,2,2,145,47,12.828,1608,11.09,AL.MB,2,2,2,"[ALL3, LHL3] -> AL.MBL2 -> [ALL2, LH.SNPL2]",AL,3,LH,3,AL,2,LH.SNP,2
140462,mixed,BWD->LAT,BWD,LAT,0,2,2,38835,12,1.396,32191,0.829,OL,2,2,2,"[OLL3, OL.VMNPL3] -> OLL2 -> [INP.OLL2, OL.VLNPL2]",OL,3,OL.VMNP,3,INP.OL,2,OL.VLNP,2
140440,mixed,BWD->LAT,BWD,LAT,0,2,2,187,2,1.112,39876,213.241,OL.VMNP,2,2,2,"[INP.SNPL3, VMNPL3] -> OL.VMNPL2 -> [OLL2, OL.VLNPL2]",INP.SNP,3,VMNP,3,OL,2,OL.VLNP,2
139923,mixed,BWD->LAT,BWD,LAT,0,2,2,187,6,1.678,39759,212.615,OL.VMNP,2,2,2,"[INP.VMNPL3, VMNPL3] -> OL.VMNPL2 -> [OLL2, OL.VLNPL2]",INP.VMNP,3,VMNP,3,OL,2,OL.VLNP,2
138911,mixed,BWD->LAT,BWD,LAT,0,2,2,38835,16,2.125,33693,0.868,OL,2,2,2,"[OLL3, OL.VLNPL3] -> OLL2 -> [OL.VMNPL2, VLNPL2]",OL,3,OL.VLNP,3,OL.VMNP,2,VLNP,2
136797,mixed,BWD->LAT,BWD,LAT,0,2,2,187,3,1.057,41466,221.743,OL.VMNP,2,2,2,"[SNPL3, VMNPL3] -> OL.VMNPL2 -> [OLL2, OL.VLNPL2]",SNP,3,VMNP,3,OL,2,OL.VLNP,2
133293,mixed,BWD->LAT,BWD,LAT,0,2,2,145,6,1.606,3477,23.979,AL.MB,2,2,2,"[AL.LHL3, LHL3] -> AL.MBL2 -> [ALL2, MBL2]",AL.LH,3,LH,3,AL,2,MB,2
131885,mixed,BWD->LAT,BWD,LAT,0,2,2,491,5,1.86,33426,68.077,OL.VLNP,2,2,2,"[OLL3, OL.VLNPL3] -> OL.VLNPL2 -> [LX.VLNPL2, OL.VMNPL2]",OL,3,OL.VLNP,3,LX.VLNP,2,OL.VMNP,2
127037,mixed,BWD->LAT,BWD,LAT,0,2,2,214,54,11.67,1621,7.575,AL.LH,2,2,2,"[ALL3, LHL3] -> AL.LHL2 -> [ALL2, LHL2]",AL,3,LH,3,AL,2,LH,2
124468,mixed,BWD->LAT,BWD,LAT,0,2,2,145,16,4.042,2559,17.648,AL.MB,2,2,2,"[ALL3, LHL3] -> AL.MBL2 -> [AL.SNPL2, MBL2]",AL,3,LH,3,AL.SNP,2,MB,2
123660,mixed,BWD->LAT,BWD,LAT,0,2,2,26,3,1.862,50432,1939.692,OL.VMNP,1,2,2,"[OLL2, VMNPL2] -> OL.VMNPL1 -> [GNG.OLL1, OLL1]",OL,2,VMNP,2,GNG.OL,1,OL,1
121654,mixed,BWD->LAT,BWD,LAT,0,2,2,187,9,1.033,39790,212.781,OL.VMNP,2,2,2,"[OL.VMNPL3, VMNPL3] -> OL.VMNPL2 -> [OLL2, VMNPL2]",OL.VMNP,3,VMNP,3,OL,2,VMNP,2
120358,mixed,BWD->LAT,BWD,LAT,0,2,2,187,7,2.942,40165,214.786,OL.VMNP,2,2,2,"[GNG.VMNPL3, VLNPL3] -> OL.VMNPL2 -> [OLL2, OL.VLNPL2]",GNG.VMNP,3,VLNP,3,OL,2,OL.VLNP,2
120116,mixed,BWD->LAT,BWD,LAT,0,2,2,145,45,10.385,1611,11.11,AL.MB,2,2,2,"[ALL3, LHL3] -> AL.MBL2 -> [ALL2, INP.MBL2]",AL,3,LH,3,AL,2,INP.MB,2
114771,mixed,BWD->LAT,BWD,LAT,0,2,2,187,9,3.591,40219,215.075,OL.VMNP,2,2,2,"[VLNPL3, VLNP.VMNPL3] -> OL.VMNPL2 -> [OLL2, OL.VLNPL2]",VLNP,3,VLNP.VMNP,3,OL,2,OL.VLNP,2
114585,mixed,BWD->LAT,BWD,LAT,0,2,2,145,6,1.593,2929,20.2,AL.MB,2,2,2,"[ALL3, AL.LHL3] -> AL.MBL2 -> [ALL2, MBL2]",AL,3,AL.LH,3,AL,2,MB,2
113929,mixed,BWD->LAT,BWD,LAT,0,2,2,214,38,12.02,1611,7.528,AL.LH,2,2,2,"[ALL3, LHL3] -> AL.LHL2 -> [ALL2, INP.MBL2]",AL,3,LH,3,AL,2,INP.MB,2
111545,mixed,BWD->LAT,BWD,LAT,0,2,2,491,41,7.481,71525,145.672,OL.VLNP,2,2,2,"[OLL3, VLNPL3] -> OL.VLNPL2 -> [OLL2, VLNPL2]",OL,3,VLNP,3,OL,2,VLNP,2
110697,mixed,BWD->LAT,BWD,LAT,0,2,2,83,6,1.466,4815,58.012,INP.MB,2,2,2,"[MBL3, MB.SNPL3] -> INP.MBL2 -> [MBL2, MB.SNPL2]",MB,3,MB.SNP,3,MB,2,MB.SNP,2
109497,mixed,BWD->LAT,BWD,LAT,0,2,2,145,52,9.173,5339,36.821,AL.MB,2,2,2,"[LHL3, MBL3] -> AL.MBL2 -> [LH.SNPL2, MBL2]",LH,3,MB,3,LH.SNP,2,MB,2
109344,mixed,BWD->LAT,BWD,LAT,0,2,2,83,4,1.014,3361,40.494,INP.MB,2,2,2,"[INP.MBL3, MBL3] -> INP.MBL2 -> [MB.SNPL2, SNPL2]",INP.MB,3,MB,3,MB.SNP,2,SNP,2
109336,mixed,BWD->LAT,BWD,LAT,0,2,2,83,3,1.014,2994,36.072,INP.MB,2,2,2,"[INP.MBL3, MBL3] -> INP.MBL2 -> [LH.MBL2, MB.SNPL2]",INP.MB,3,MB,3,LH.MB,2,MB.SNP,2
106092,mixed,BWD->LAT,BWD,LAT,0,2,2,145,61,9.265,5352,36.91,AL.MB,2,2,2,"[LHL3, MBL3] -> AL.MBL2 -> [LHL2, MBL2]",LH,3,MB,3,LH,2,MB,2
105180,mixed,BWD->LAT,BWD,LAT,0,2,2,26,3,1.93,12406,477.154,OL.VMNP,1,2,2,"[GNGL2, VMNPL2] -> OL.VMNPL1 -> [GNG.OLL1, OLL1]",GNG,2,VMNP,2,GNG.OL,1,OL,1
104297,mixed,BWD->LAT,BWD,LAT,0,2,2,187,7,1.251,39576,211.636,OL.VMNP,2,2,2,"[OL.VMNPL3, VLNP.VMNPL3] -> OL.VMNPL2 -> [OLL2, OL.VLNPL2]",OL.VMNP,3,VLNP.VMNP,3,OL,2,OL.VLNP,2
102360,mixed,BWD->LAT,BWD,LAT,0,2,2,26,3,1.999,11702,450.077,OL.VMNP,1,2,2,"[GNG.VMNPL2, VMNPL2] -> OL.VMNPL1 -> [GNG.OLL1, OLL1]",GNG.VMNP,2,VMNP,2,GNG.OL,1,OL,1
101560,mixed,BWD->LAT,BWD,LAT,0,2,2,187,2,1.995,71081,380.112,OL.VMNP,2,2,2,"[INP.SNPL3, OLL3] -> OL.VMNPL2 -> [OLL2, OL.VLNPL2]",INP.SNP,3,OL,3,OL,2,OL.VLNP,2
100839,mixed,BWD->LAT,BWD,LAT,0,2,2,214,5,1.588,3408,15.925,AL.LH,2,2,2,"[LHL3, LH.MBL3] -> AL.LHL2 -> [ALL2, MBL2]",LH,3,LH.MB,3,AL,2,MB,2
100247,mixed,BWD->LAT,BWD,LAT,0,2,2,145,93,9.734,4925,33.966,AL.MB,2,2,2,"[ALL3, MBL3] -> AL.MBL2 -> [AL.LHL2, MBL2]",AL,3,MB,3,AL.LH,2,MB,2
100176,mixed,BWD->LAT,BWD,LAT,0,2,2,187,8,4.631,71772,383.807,OL.VMNP,2,2,2,"[GNGL3, OLL3] -> OL.VMNPL2 -> [OLL2, OL.VLNPL2]",GNG,3,OL,3,OL,2,OL.VLNP,2
99940,mixed,BWD->LAT,BWD,LAT,0,2,2,187,20,2.062,71261,381.075,OL.VMNP,2,2,2,"[OLL3, VMNPL3] -> OL.VMNPL2 -> [OLL2, VMNPL2]",OL,3,VMNP,3,OL,2,VMNP,2
98601,mixed,BWD->LAT,BWD,LAT,0,2,2,214,41,9.425,2573,12.023,AL.LH,2,2,2,"[ALL3, LHL3] -> AL.LHL2 -> [AL.VLNPL2, MBL2]",AL,3,LH,3,AL.VLNP,2,MB,2
97092,mixed,BWD->LAT,BWD,LAT,0,2,2,7,3,1.016,50787,7255.286,GNG.OL,1,2,2,"[GNGL2, OLL2] -> GNG.OLL1 -> [OLL1, OL.VMNPL1]",GNG,2,OL,2,OL,1,OL.VMNP,1
96820,mixed,BWD->LAT,BWD,LAT,0,2,2,187,2,1.08,39610,211.818,OL.VMNP,2,2,2,"[INP.SNPL3, OL.VMNPL3] -> OL.VMNPL2 -> [OLL2, OL.VLNPL2]",INP.SNP,3,OL.VMNP,3,OL,2,OL.VLNP,2
94960,mixed,BWD->LAT,BWD,LAT,0,2,2,187,2,1.04,41200,220.321,OL.VMNP,2,2,2,"[OL.VMNPL3, SNPL3] -> OL.VMNPL2 -> [OLL2, OL.VLNPL2]",OL.VMNP,3,SNP,3,OL,2,OL.VLNP,2
93552,mixed,BWD->LAT,BWD,LAT,0,2,2,187,10,1.533,71013,379.749,OL.VMNP,2,2,2,"[OLL3, OL.VMNPL3] -> OL.VMNPL2 -> [OLL2, OL.VLNPL2]",OL,3,OL.VMNP,3,OL,2,OL.VLNP,2
92393,mixed,BWD->LAT,BWD,LAT,0,2,2,145,48,6.871,5342,36.841,AL.MB,2,2,2,"[LHL3, MBL3] -> AL.MBL2 -> [INP.MBL2, MBL2]",LH,3,MB,3,INP.MB,2,MB,2
91395,mixed,BWD->LAT,BWD,LAT,0,2,2,187,10,2.631,39780,212.727,OL.VMNP,2,2,2,"[PENP.VMNPL3, VMNPL3] -> OL.VMNPL2 -> [OLL2, OL.VLNPL2]",PENP.VMNP,3,VMNP,3,OL,2,OL.VLNP,2
89291,mixed,BWD->LAT,BWD,LAT,0,2,2,187,6,1.09,39824,212.963,OL.VMNP,2,2,2,"[VLNP.VMNPL3, VMNPL3] -> OL.VMNPL2 -> [OLL2, VMNPL2]",VLNP.VMNP,3,VMNP,3,OL,2,VMNP,2
89068,mixed,BWD->LAT,BWD,LAT,0,2,2,187,9,3.108,70993,379.642,OL.VMNP,2,2,2,"[GNG.VMNPL3, OLL3] -> OL.VMNPL2 -> [OLL2, OL.VLNPL2]",GNG.VMNP,3,OL,3,OL,2,OL.VLNP,2
87716,mixed,BWD->LAT,BWD,LAT,0,2,2,145,13,5.006,6304,43.476,AL.MB,2,2,2,"[LH.SNPL3, MBL3] -> AL.MBL2 -> [ALL2, MBL2]",LH.SNP,3,MB,3,AL,2,MB,2
86988,mixed,BWD->LAT,BWD,LAT,0,2,2,187,2,1.035,39858,213.144,OL.VMNP,2,2,2,"[INP.SNPL3, VMNPL3] -> OL.VMNPL2 -> [OLL2, VMNPL2]",INP.SNP,3,VMNP,3,OL,2,VMNP,2
86858,mixed,BWD->LAT,BWD,LAT,0,2,2,83,3,1.184,2901,34.952,INP.MB,2,2,2,"[MBL3, MB.VLNPL3] -> INP.MBL2 -> [INP.PENPL2, MB.SNPL2]",MB,3,MB.VLNP,3,INP.PENP,2,MB.SNP,2
86321,mixed,BWD->LAT,BWD,LAT,0,2,2,187,3,1.019,41448,221.647,OL.VMNP,2,2,2,"[SNPL3, VMNPL3] -> OL.VMNPL2 -> [OLL2, VMNPL2]",SNP,3,VMNP,3,OL,2,VMNP,2
84748,mixed,BWD->LAT,BWD,LAT,0,2,2,187,18,5.271,41267,220.679,OL.VMNP,2,2,2,"[OL.VLNPL3, VMNPL3] -> OL.VMNPL2 -> [OLL2, OL.VLNPL2]",OL.VLNP,3,VMNP,3,OL,2,OL.VLNP,2
84014,mixed,BWD->LAT,BWD,LAT,0,2,2,187,4,1.265,39493,211.193,OL.VMNP,2,2,2,"[INP.VMNPL3, OL.VMNPL3] -> OL.VMNPL2 -> [OLL2, OL.VLNPL2]",INP.VMNP,3,OL.VMNP,3,OL,2,OL.VLNP,2
83657,mixed,BWD->LAT,BWD,LAT,0,2,2,187,6,1.256,40185,214.893,OL.VMNP,2,2,2,"[OL.VMNPL3, VLNPL3] -> OL.VMNPL2 -> [OLL2, OL.VLNPL2]",OL.VMNP,3,VLNP,3,OL,2,OL.VLNP,2
83092,mixed,BWD->LAT,BWD,LAT,0,2,2,38835,11,2.267,33346,0.859,OL,2,2,2,"[OLL3, OL.VLNPL3] -> OLL2 -> [INP.OLL2, OL.VMNPL2]",OL,3,OL.VLNP,3,INP.OL,2,OL.VMNP,2
82288,mixed,BWD->LAT,BWD,LAT,0,2,2,187,5,2.161,70964,379.487,OL.VMNP,2,2,2,"[INP.VMNPL3, OLL3] -> OL.VMNPL2 -> [OLL2, OL.VLNPL2]",INP.VMNP,3,OL,3,OL,2,OL.VLNP,2
81584,mixed,BWD->LAT,BWD,LAT,0,2,2,83,4,1.965,4856,58.506,INP.MB,2,2,2,"[INP.MBL3, MBL3] -> INP.MBL2 -> [INP.LHL2, MBL2]",INP.MB,3,MB,3,INP.LH,2,MB,2
81331,mixed,BWD->LAT,BWD,LAT,0,2,2,187,14,2.571,70995,379.652,OL.VMNP,2,2,2,"[OLL3, OL.VMNPL3] -> OL.VMNPL2 -> [OLL2, VMNPL2]",OL,3,OL.VMNP,3,OL,2,VMNP,2
80465,mixed,BWD->LAT,BWD,LAT,0,2,2,491,15,2.426,41340,84.196,OL.VLNP,2,2,2,"[OL.VLNPL3, VLNPL3] -> OL.VLNPL2 -> [OLL2, OL.VMNPL2]",OL.VLNP,3,VLNP,3,OL,2,OL.VMNP,2
79800,mixed,BWD->LAT,BWD,LAT,0,2,2,187,1,1.0,39725,212.433,OL.VMNP,2,2,2,"[GNG.INPL3, VMNPL3] -> OL.VMNPL2 -> [OLL2, OL.VLNPL2]",GNG.INP,3,VMNP,3,OL,2,OL.VLNP,2
79625,mixed,BWD->LAT,BWD,LAT,0,2,2,26,7,1.526,50105,1927.115,OL.VMNP,1,2,2,"[GNG.VMNPL2, OLL2] -> OL.VMNPL1 -> [OLL1, OL.VLNPL1]",GNG.VMNP,2,OL,2,OL,1,OL.VLNP,1
79445,mixed,BWD->LAT,BWD,LAT,0,2,2,145,12,3.027,3430,23.655,AL.MB,2,2,2,"[LHL3, LH.SNPL3] -> AL.MBL2 -> [AL.LHL2, MBL2]",LH,3,LH.SNP,3,AL.LH,2,MB,2
78209,mixed,BWD->LAT,BWD,LAT,0,2,2,187,5,2.69,39556,211.529,OL.VMNP,2,2,2,"[GNG.VMNPL3, VLNP.VMNPL3] -> OL.VMNPL2 -> [OLL2, OL.VLNPL2]",GNG.VMNP,3,VLNP.VMNP,3,OL,2,OL.VLNP,2
78022,mixed,BWD->LAT,BWD,LAT,0,2,2,83,4,1.012,5225,62.952,INP.MB,2,2,2,"[INP.MBL3, MBL3] -> INP.MBL2 -> [MBL2, SNPL2]",INP.MB,3,MB,3,MB,2,SNP,2
78014,mixed,BWD->LAT,BWD,LAT,0,2,2,83,3,1.012,4858,58.53,INP.MB,2,2,2,"[INP.MBL3, MBL3] -> INP.MBL2 -> [LH.MBL2, MBL2]",INP.MB,3,MB,3,LH.MB,2,MB,2
77756,mixed,BWD->LAT,BWD,LAT,0,2,2,214,32,7.852,2611,12.201,AL.LH,2,2,2,"[ALL3, LHL3] -> AL.LHL2 -> [LH.SNPL2, MBL2]",AL,3,LH,3,LH.SNP,2,MB,2
77391,mixed,BWD->LAT,BWD,LAT,0,2,2,187,3,1.754,72671,388.615,OL.VMNP,2,2,2,"[OLL3, SNPL3] -> OL.VMNPL2 -> [OLL2, OL.VLNPL2]",OL,3,SNP,3,OL,2,OL.VLNP,2
77382,mixed,BWD->LAT,BWD,LAT,0,2,2,83,3,1.374,3004,36.193,INP.MB,2,2,2,"[INP.VLNPL3, MBL3] -> INP.MBL2 -> [INP.PENPL2, MB.SNPL2]",INP.VLNP,3,MB,3,INP.PENP,2,MB.SNP,2
77376,mixed,BWD->LAT,BWD,LAT,0,2,2,145,73,15.163,4470,30.828,AL.MB,2,2,2,"[LHL3, MBL3] -> AL.MBL2 -> [ALL2, AL.LHL2]",LH,3,MB,3,AL,2,AL.LH,2
77126,mixed,BWD->LAT,BWD,LAT,0,2,2,214,3,2.094,2929,13.687,AL.LH,2,2,2,"[ALL3, AL.LHL3] -> AL.LHL2 -> [ALL2, MBL2]",AL,3,AL.LH,3,AL,2,MB,2
75451,mixed,BWD->LAT,BWD,LAT,0,2,2,93,3,1.904,3004,32.301,LH,2,2,2,"[LH.SNPL3, SNPL3] -> LHL2 -> [AL.MBL2, SNPL2]",LH.SNP,3,SNP,3,AL.MB,2,SNP,2
74940,mixed,BWD->LAT,BWD,LAT,0,2,2,93,2,1.626,4543,48.849,LH,2,2,2,"[LH.SNPL3, SNPL3] -> LHL2 -> [AL.MBL2, MBL2]",LH.SNP,3,SNP,3,AL.MB,2,MB,2
74225,mixed,BWD->LAT,BWD,LAT,0,2,2,214,52,15.34,1570,7.336,AL.LH,2,2,2,"[ALL3, LHL3] -> AL.LHL2 -> [ALL2, AL.VLNPL2]",AL,3,LH,3,AL,2,AL.VLNP,2
73940,mixed,BWD->LAT,BWD,LAT,0,2,2,187,2,1.221,41268,220.684,OL.VMNP,2,2,2,"[INP.SNPL3, SNPL3] -> OL.VMNPL2 -> [OLL2, OL.VLNPL2]",INP.SNP,3,SNP,3,OL,2,OL.VLNP,2
73940,mixed,BWD->LAT,BWD,LAT,0,2,2,187,2,1.221,39644,212.0,OL.VMNP,2,2,2,"[INP.SNPL3, VLNP.VMNPL3] -> OL.VMNPL2 -> [OLL2, OL.VLNPL2]",INP.SNP,3,VLNP.VMNP,3,OL,2,OL.VLNP,2
73787,mixed,BWD->LAT,BWD,LAT,0,2,2,187,7,1.16,40433,216.219,OL.VMNP,2,2,2,"[VLNPL3, VMNPL3] -> OL.VMNPL2 -> [OLL2, VMNPL2]",VLNP,3,VMNP,3,OL,2,VMNP,2
73035,mixed,BWD->LAT,BWD,LAT,0,2,2,562,16,1.222,1676,2.982,PENP,2,2,2,"[GNG.PENPL3, PENPL3] -> PENPL2 -> [GNGL2, GNG.PENPL2]",GNG.PENP,3,PENP,3,GNG,2,GNG.PENP,2
72420,mixed,BWD->LAT,BWD,LAT,0,2,2,26,6,1.595,50809,1954.192,OL.VMNP,1,2,2,"[GNGL2, OLL2] -> OL.VMNPL1 -> [OLL1, OL.VLNPL1]",GNG,2,OL,2,OL,1,OL.VLNP,1
72011,mixed,BWD->LAT,BWD,LAT,0,2,2,491,17,2.678,33693,68.621,OL.VLNP,2,2,2,"[OLL3, OL.VLNPL3] -> OL.VLNPL2 -> [OL.VMNPL2, VLNPL2]",OL,3,OL.VLNP,3,OL.VMNP,2,VLNP,2
71840,mixed,BWD->LAT,BWD,LAT,0,2,2,491,7,2.359,72454,147.564,OL.VLNP,2,2,2,"[OLL3, OL.VLNPL3] -> OL.VLNPL2 -> [OLL2, VMNPL2]",OL,3,OL.VLNP,3,OL,2,VMNP,2
70920,mixed,BWD->LAT,BWD,LAT,0,2,2,491,12,2.285,72112,146.868,OL.VLNP,2,2,2,"[OLL3, OL.VLNPL3] -> OL.VLNPL2 -> [OLL2, VLNP.VMNPL2]",OL,3,OL.VLNP,3,OL,2,VLNP.VMNP,2
70220,mixed,BWD->LAT,BWD,LAT,0,2,2,187,2,1.112,41234,220.503,OL.VMNP,2,2,2,"[SNPL3, VLNP.VMNPL3] -> OL.VMNPL2 -> [OLL2, OL.VLNPL2]",SNP,3,VLNP.VMNP,3,OL,2,OL.VLNP,2
70108,mixed,BWD->LAT,BWD,LAT,0,2,2,187,4,1.05,39741,212.519,OL.VMNP,2,2,2,"[INP.VMNPL3, VMNPL3] -> OL.VMNPL2 -> [OLL2, VMNPL2]",INP.VMNP,3,VMNP,3,OL,2,VMNP,2
69411,mixed,BWD->LAT,BWD,LAT,0,2,2,214,42,10.996,1608,7.514,AL.LH,2,2,2,"[ALL3, LHL3] -> AL.LHL2 -> [ALL2, LH.SNPL2]",AL,3,LH,3,AL,2,LH.SNP,2
68710,mixed,BWD->LAT,BWD,LAT,0,2,2,83,3,1.425,4765,57.41,INP.MB,2,2,2,"[MBL3, MB.VLNPL3] -> INP.MBL2 -> [INP.PENPL2, MBL2]",MB,3,MB.VLNP,3,INP.PENP,2,MB,2
68277,mixed,BWD->LAT,BWD,LAT,0,2,2,187,6,1.611,39527,211.374,OL.VMNP,2,2,2,"[INP.VMNPL3, VLNP.VMNPL3] -> OL.VMNPL2 -> [OLL2, OL.VLNPL2]",INP.VMNP,3,VLNP.VMNP,3,OL,2,OL.VLNP,2
68080,mixed,BWD->LAT,BWD,LAT,0,2,2,187,2,1.519,40253,215.257,OL.VMNP,2,2,2,"[INP.SNPL3, VLNPL3] -> OL.VMNPL2 -> [OLL2, OL.VLNPL2]",INP.SNP,3,VLNP,3,OL,2,OL.VLNP,2
66917,mixed,BWD->LAT,BWD,LAT,0,2,2,145,32,8.866,2573,17.745,AL.MB,2,2,2,"[ALL3, LHL3] -> AL.MBL2 -> [AL.VLNPL2, MBL2]",AL,3,LH,3,AL.VLNP,2,MB,2
66744,mixed,BWD->LAT,BWD,LAT,0,2,2,93,2,1.535,4612,49.591,LH,2,2,2,"[LH.SNPL3, SNPL3] -> LHL2 -> [AL.LHL2, MBL2]",LH.SNP,3,SNP,3,AL.LH,2,MB,2
66721,mixed,BWD->LAT,BWD,LAT,0,2,2,93,3,1.944,2712,29.161,LH,2,2,2,"[LH.SNPL3, SNPL3] -> LHL2 -> [AL.MBL2, LH.SNPL2]",LH.SNP,3,SNP,3,AL.MB,2,LH.SNP,2
65730,mixed,BWD->LAT,BWD,LAT,0,2,2,83,3,1.78,4868,58.651,INP.MB,2,2,2,"[INP.VLNPL3, MBL3] -> INP.MBL2 -> [INP.PENPL2, MBL2]",INP.VLNP,3,MB,3,INP.PENP,2,MB,2
65621,mixed,BWD->LAT,BWD,LAT,0,2,2,93,3,1.82,3073,33.043,LH,2,2,2,"[LH.SNPL3, SNPL3] -> LHL2 -> [AL.LHL2, SNPL2]",LH.SNP,3,SNP,3,AL.LH,2,SNP,2
65088,mixed,BWD->LAT,BWD,LAT,0,2,2,145,1,1.0,5169,35.648,AL.MB,2,2,2,"[LHL3, SNPL3] -> AL.MBL2 -> [ALL2, MBL2]",LH,3,SNP,3,AL,2,MB,2
64410,mixed,BWD->LAT,BWD,LAT,0,2,2,83,3,1.633,4946,59.59,INP.MB,2,2,2,"[INP.MBL3, MBL3] -> INP.MBL2 -> [LHL2, MBL2]",INP.MB,3,MB,3,LH,2,MB,2
64407,mixed,BWD->LAT,BWD,LAT,0,2,2,187,16,4.597,72472,387.551,OL.VMNP,2,2,2,"[OLL3, OL.VLNPL3] -> OL.VMNPL2 -> [OLL2, OL.VLNPL2]",OL,3,OL.VLNP,3,OL,2,OL.VLNP,2
64360,mixed,BWD->LAT,BWD,LAT,0,2,2,187,2,1.402,39561,211.556,OL.VMNP,2,2,2,"[INP.SNPL3, INP.VMNPL3] -> OL.VMNPL2 -> [OLL2, OL.VLNPL2]",INP.SNP,3,INP.VMNP,3,OL,2,OL.VLNP,2
64320,mixed,BWD->LAT,BWD,LAT,0,2,2,83,2,1.629,4881,58.807,INP.MB,2,2,2,"[INP.MBL3, MBL3] -> INP.MBL2 -> [INP.SNPL2, MBL2]",INP.MB,3,MB,3,INP.SNP,2,MB,2
63480,mixed,BWD->LAT,BWD,LAT,0,2,2,93,2,1.589,3361,36.14,LH,2,2,2,"[LHL3, LH.SNPL3] -> LHL2 -> [AL.MBL2, MBL2]",LH,3,LH.SNP,3,AL.MB,2,MB,2
63423,mixed,BWD->LAT,BWD,LAT,0,2,2,93,4,1.88,1822,19.591,LH,2,2,2,"[LHL3, LH.SNPL3] -> LHL2 -> [AL.MBL2, SNPL2]",LH,3,LH.SNP,3,AL.MB,2,SNP,2
63311,mixed,BWD->LAT,BWD,LAT,0,2,2,145,11,4.029,2536,17.49,AL.MB,2,2,2,"[ALL3, LHL3] -> AL.MBL2 -> [LH.MBL2, MBL2]",AL,3,LH,3,LH.MB,2,MB,2
62638,mixed,BWD->LAT,BWD,LAT,0,2,2,38835,10,3.999,33342,0.859,OL,2,2,2,"[OLL3, OL.VLNPL3] -> OLL2 -> [OL.SNPL2, OL.VMNPL2]",OL,3,OL.VLNP,3,OL.SNP,2,OL.VMNP,2
62470,mixed,BWD->LAT,BWD,LAT,0,2,2,908,9,3.923,469,0.517,AL,2,2,2,"[ALL3, AL.LHL3] -> ALL2 -> [AL.LHL2, AL.MBL2]",AL,3,AL.LH,3,AL.LH,2,AL.MB,2
62460,mixed,BWD->LAT,BWD,LAT,0,2,2,187,4,3.145,40944,218.952,OL.VMNP,2,2,2,"[GNGL3, VLNPL3] -> OL.VMNPL2 -> [OLL2, OL.VLNPL2]",GNG,3,VLNP,3,OL,2,OL.VLNP,2
62405,mixed,BWD->LAT,BWD,LAT,0,2,2,145,73,8.809,4804,33.131,AL.MB,2,2,2,"[ALL3, MBL3] -> AL.MBL2 -> [LHL2, MBL2]",AL,3,MB,3,LH,2,MB,2
61617,mixed,BWD->LAT,BWD,LAT,0,2,2,38835,8,1.489,33519,0.863,OL,2,2,2,"[OLL3, OL.VLNPL3] -> OLL2 -> [INP.OLL2, VLNPL2]",OL,3,OL.VLNP,3,INP.OL,2,VLNP,2
61549,mixed,BWD->LAT,BWD,LAT,0,2,2,145,58,9.643,4791,33.041,AL.MB,2,2,2,"[ALL3, MBL3] -> AL.MBL2 -> [LH.SNPL2, MBL2]",AL,3,MB,3,LH.SNP,2,MB,2
61422,mixed,BWD->LAT,BWD,LAT,0,2,2,38835,5,1.017,33464,0.862,OL,2,2,2,"[OLL3, OL.VLNPL3] -> OLL2 -> [OL.VMNPL2, VLNP.VMNPL2]",OL,3,OL.VLNP,3,OL.VMNP,2,VLNP.VMNP,2
61359,mixed,BWD->LAT,BWD,LAT,0,2,2,187,5,1.051,39558,211.54,OL.VMNP,2,2,2,"[OL.VMNPL3, VLNP.VMNPL3] -> OL.VMNPL2 -> [OLL2, VMNPL2]",OL.VMNP,3,VLNP.VMNP,3,OL,2,VMNP,2
61224,mixed,BWD->LAT,BWD,LAT,0,2,2,908,7,3.942,979,1.078,AL,2,2,2,"[ALL3, LHL3] -> ALL2 -> [AL.LHL2, AL.MBL2]",AL,3,LH,3,AL.LH,2,AL.MB,2
60662,mixed,BWD->LAT,BWD,LAT,0,2,2,187,3,1.275,41843,223.759,OL.VMNP,2,2,2,"[SNPL3, VLNPL3] -> OL.VMNPL2 -> [OLL2, OL.VLNPL2]",SNP,3,VLNP,3,OL,2,OL.VLNP,2
60594,mixed,BWD->LAT,BWD,LAT,0,2,2,187,2,1.025,39592,211.722,OL.VMNP,2,2,2,"[INP.SNPL3, OL.VMNPL3] -> OL.VMNPL2 -> [OLL2, VMNPL2]",INP.SNP,3,OL.VMNP,3,OL,2,VMNP,2
60222,mixed,BWD->LAT,BWD,LAT,0,2,2,187,2,1.012,41182,220.225,OL.VMNP,2,2,2,"[OL.VMNPL3, SNPL3] -> OL.VMNPL2 -> [OLL2, VMNPL2]",OL.VMNP,3,SNP,3,OL,2,VMNP,2
60060,mixed,BWD->LAT,BWD,LAT,0,2,2,360,1,1.0,33730,93.694,VLNP,2,2,2,"[OLL3, OL.VLNPL3] -> VLNPL2 -> [LX.VLNPL2, OL.VLNPL2]",OL,3,OL.VLNP,3,LX.VLNP,2,OL.VLNP,2
58780,mixed,BWD->LAT,BWD,LAT,0,2,2,187,2,1.207,41151,220.059,OL.VMNP,2,2,2,"[INP.VMNPL3, SNPL3] -> OL.VMNPL2 -> [OLL2, OL.VLNPL2]",INP.VMNP,3,SNP,3,OL,2,OL.VLNP,2
57539,mixed,BWD->LAT,BWD,LAT,0,2,2,38835,8,1.772,32187,0.829,OL,2,2,2,"[OLL3, OL.VMNPL3] -> OLL2 -> [OL.SNPL2, OL.VLNPL2]",OL,3,OL.VMNP,3,OL.SNP,2,OL.VLNP,2
57263,mixed,BWD->LAT,BWD,LAT,0,2,2,187,4,1.688,40136,214.631,OL.VMNP,2,2,2,"[INP.VMNPL3, VLNPL3] -> OL.VMNPL2 -> [OLL2, OL.VLNPL2]",INP.VMNP,3,VLNP,3,OL,2,OL.VLNP,2
57226,mixed,BWD->LAT,BWD,LAT,0,2,2,187,4,1.049,39522,211.348,OL.VMNP,2,2,2,"[GNG.VMNPL3, OL.VMNPL3] -> OL.VMNPL2 -> [OLL2, OL.VLNPL2]",GNG.VMNP,3,OL.VMNP,3,OL,2,OL.VLNP,2
56876,mixed,BWD->LAT,BWD,LAT,0,2,2,93,4,1.67,1154,12.409,LH,2,2,2,"[AL.LHL3, LH.SNPL3] -> LHL2 -> [AL.LHL2, AL.MBL2]",AL.LH,3,LH.SNP,3,AL.LH,2,AL.MB,2
56688,mixed,BWD->LAT,BWD,LAT,0,2,2,93,2,1.501,3430,36.882,LH,2,2,2,"[LHL3, LH.SNPL3] -> LHL2 -> [AL.LHL2, MBL2]",LH,3,LH.SNP,3,AL.LH,2,MB,2
56460,mixed,BWD->LAT,BWD,LAT,0,2,2,93,2,1.825,2679,28.806,LH,2,2,2,"[LH.SNPL3, SNPL3] -> LHL2 -> [AL.MBL2, MB.SNPL2]",LH.SNP,3,SNP,3,AL.MB,2,MB.SNP,2
56106,mixed,BWD->LAT,BWD,LAT,0,2,2,38835,13,2.519,32347,0.833,OL,2,2,2,"[OLL3, OL.VMNPL3] -> OLL2 -> [OL.VMNPL2, VMNPL2]",OL,3,OL.VMNP,3,OL.VMNP,2,VMNP,2
56013,mixed,BWD->LAT,BWD,LAT,0,2,2,145,93,16.521,3922,27.048,AL.MB,2,2,2,"[ALL3, MBL3] -> AL.MBL2 -> [ALL2, AL.LHL2]",AL,3,MB,3,AL,2,AL.LH,2
55873,mixed,BWD->LAT,BWD,LAT,0,2,2,93,3,1.989,2781,29.903,LH,2,2,2,"[LH.SNPL3, SNPL3] -> LHL2 -> [AL.LHL2, LH.SNPL2]",LH.SNP,3,SNP,3,AL.LH,2,LH.SNP,2
55860,mixed,BWD->LAT,BWD,LAT,0,2,2,187,1,1.0,39459,211.011,OL.VMNP,2,2,2,"[GNG.INPL3, OL.VMNPL3] -> OL.VMNPL2 -> [OLL2, OL.VLNPL2]",GNG.INP,3,OL.VMNP,3,OL,2,OL.VLNP,2
55603,mixed,BWD->LAT,BWD,LAT,0,2,2,93,4,1.807,1891,20.333,LH,2,2,2,"[LHL3, LH.SNPL3] -> LHL2 -> [AL.LHL2, SNPL2]",LH,3,LH.SNP,3,AL.LH,2,SNP,2
55465,mixed,BWD->LAT,BWD,LAT,0,2,2,145,60,7.169,4794,33.062,AL.MB,2,2,2,"[ALL3, MBL3] -> AL.MBL2 -> [INP.MBL2, MBL2]",AL,3,MB,3,INP.MB,2,MB,2
55213,mixed,BWD->LAT,BWD,LAT,0,2,2,93,6,1.971,1530,16.452,LH,2,2,2,"[LHL3, LH.SNPL3] -> LHL2 -> [AL.MBL2, LH.SNPL2]",LH,3,LH.SNP,3,AL.MB,2,LH.SNP,2
54948,mixed,BWD->LAT,BWD,LAT,0,2,2,145,61,14.546,4349,29.993,AL.MB,2,2,2,"[LHL3, MBL3] -> AL.MBL2 -> [ALL2, LHL2]",LH,3,MB,3,AL,2,LH,2
54339,mixed,BWD->LAT,BWD,LAT,0,2,2,145,7,3.143,2714,18.717,AL.MB,2,2,2,"[LHL3, LH.MBL3] -> AL.MBL2 -> [AL.LHL2, MBL2]",LH,3,LH.MB,3,AL.LH,2,MB,2
53945,mixed,BWD->LAT,BWD,LAT,0,2,2,145,11,3.582,3296,22.731,AL.MB,2,2,2,"[LHL3, LH.SNPL3] -> AL.MBL2 -> [LH.SNPL2, MBL2]",LH,3,LH.SNP,3,LH.SNP,2,MB,2
53664,mixed,BWD->LAT,BWD,LAT,0,2,2,7,3,1.024,50809,7258.429,GNG.OL,1,2,2,"[GNGL2, OLL2] -> GNG.OLL1 -> [OLL1, OL.VLNPL1]",GNG,2,OL,2,OL,1,OL.VLNP,1
53331,mixed,BWD->LAT,BWD,LAT,0,2,2,26,6,1.889,12079,464.577,OL.VMNP,1,2,2,"[GNGL2, GNG.VMNPL2] -> OL.VMNPL1 -> [OLL1, OL.VLNPL1]",GNG,2,GNG.VMNP,2,OL,1,OL.VLNP,1
53237,mixed,BWD->LAT,BWD,LAT,0,2,2,187,13,4.871,41644,222.695,OL.VMNP,2,2,2,"[OL.VLNPL3, VLNPL3] -> OL.VMNPL2 -> [OLL2, OL.VLNPL2]",OL.VLNP,3,VLNP,3,OL,2,OL.VLNP,2
53200,mixed,BWD->LAT,BWD,LAT,0,2,2,187,1,1.0,39813,212.904,OL.VMNP,2,2,2,"[GNG.PENPL3, VMNPL3] -> OL.VMNPL2 -> [OLL2, OL.VLNPL2]",GNG.PENP,3,VMNP,3,OL,2,OL.VLNP,2
53010,mixed,BWD->LAT,BWD,LAT,0,2,2,187,8,4.594,40335,215.695,OL.VMNP,2,2,2,"[GNGL3, VLNP.VMNPL3] -> OL.VMNPL2 -> [OLL2, OL.VLNPL2]",GNG,3,VLNP.VMNP,3,OL,2,OL.VLNP,2
51570,mixed,BWD->LAT,BWD,LAT,0,2,2,491,3,2.724,70950,144.501,OL.VLNP,2,2,2,"[INP.SNPL3, OLL3] -> OL.VLNPL2 -> [OLL2, VLNPL2]",INP.SNP,3,OL,3,OL,2,VLNP,2
51494,mixed,BWD->LAT,BWD,LAT,0,2,2,187,3,1.008,39770,212.674,OL.VMNP,2,2,2,"[GNG.VMNPL3, VMNPL3] -> OL.VMNPL2 -> [OLL2, VMNPL2]",GNG.VMNP,3,VMNP,3,OL,2,VMNP,2
51300,mixed,BWD->LAT,BWD,LAT,0,2,2,187,1,1.0,39707,212.337,OL.VMNP,2,2,2,"[GNG.INPL3, VMNPL3] -> OL.VMNPL2 -> [OLL2, VMNPL2]",GNG.INP,3,VMNP,3,OL,2,VMNP,2
51258,mixed,BWD->LAT,BWD,LAT,0,2,2,145,2,1.013,3405,23.483,AL.MB,2,2,2,"[AL.VMNPL3, LHL3] -> AL.MBL2 -> [ALL2, MBL2]",AL.VMNP,3,LH,3,AL,2,MB,2
50922,mixed,BWD->LAT,BWD,LAT,0,2,2,145,1,1.0,3413,23.538,AL.MB,2,2,2,"[AL.SNPL3, LHL3] -> AL.MBL2 -> [ALL2, MBL2]",AL.SNP,3,LH,3,AL,2,MB,2
50853,mixed,BWD->LAT,BWD,LAT,0,2,2,93,3,1.897,2867,30.828,LH,2,2,2,"[LHL3, SNPL3] -> LHL2 -> [AL.MBL2, SNPL2]",LH,3,SNP,3,AL.MB,2,SNP,2
50620,mixed,BWD->LAT,BWD,LAT,0,2,2,93,2,1.617,4406,47.376,LH,2,2,2,"[LHL3, SNPL3] -> LHL2 -> [AL.MBL2, MBL2]",LH,3,SNP,3,AL.MB,2,MB,2
49496,mixed,BWD->LAT,BWD,LAT,0,2,2,93,2,1.731,2748,29.548,LH,2,2,2,"[LH.SNPL3, SNPL3] -> LHL2 -> [AL.LHL2, MB.SNPL2]",LH.SNP,3,SNP,3,AL.LH,2,MB.SNP,2
49271,mixed,BWD->LAT,BWD,LAT,0,2,2,491,13,2.982,71296,145.206,OL.VLNP,2,2,2,"[OLL3, VLNPL3] -> OL.VLNPL2 -> [OLL2, VLNP.VMNPL2]",OL,3,VLNP,3,OL,2,VLNP.VMNP,2
49246,mixed,BWD->LAT,BWD,LAT,0,2,2,83,4,1.885,2992,36.048,INP.MB,2,2,2,"[INP.MBL3, MBL3] -> INP.MBL2 -> [INP.LHL2, MB.SNPL2]",INP.MB,3,MB,3,INP.LH,2,MB.SNP,2
49078,mixed,BWD->LAT,BWD,LAT,0,2,2,214,28,7.659,5342,24.963,AL.LH,2,2,2,"[LHL3, MBL3] -> AL.LHL2 -> [INP.MBL2, MBL2]",LH,3,MB,3,INP.MB,2,MB,2
49002,mixed,BWD->LAT,BWD,LAT,0,2,2,187,4,1.047,40167,214.797,OL.VMNP,2,2,2,"[OL.VMNPL3, VLNPL3] -> OL.VMNPL2 -> [OLL2, VMNPL2]",OL.VMNP,3,VLNP,3,OL,2,VMNP,2
48570,mixed,BWD->LAT,BWD,LAT,0,2,2,83,3,1.835,3038,36.602,INP.MB,2,2,2,"[INP.MBL3, MBL3] -> INP.MBL2 -> [INP.LHL2, LHL2]",INP.MB,3,MB,3,INP.LH,2,LH,2
48480,mixed,BWD->LAT,BWD,LAT,0,2,2,83,2,1.828,2948,35.518,INP.MB,2,2,2,"[INP.MBL3, MBL3] -> INP.MBL2 -> [INP.LHL2, INP.PENPL2]",INP.MB,3,MB,3,INP.LH,2,INP.PENP,2
48480,mixed,BWD->LAT,BWD,LAT,0,2,2,83,2,1.828,2973,35.819,INP.MB,2,2,2,"[INP.MBL3, MBL3] -> INP.MBL2 -> [INP.LHL2, INP.SNPL2]",INP.MB,3,MB,3,INP.LH,2,INP.SNP,2
48438,mixed,BWD->LAT,BWD,LAT,0,2,2,187,2,1.023,39475,211.096,OL.VMNP,2,2,2,"[INP.VMNPL3, OL.VMNPL3] -> OL.VMNPL2 -> [OLL2, VMNPL2]",INP.VMNP,3,OL.VMNP,3,OL,2,VMNP,2
47520,mixed,BWD->LAT,BWD,LAT,0,2,2,93,2,1.789,1497,16.097,LH,2,2,2,"[LHL3, LH.SNPL3] -> LHL2 -> [AL.MBL2, MB.SNPL2]",LH,3,LH.SNP,3,AL.MB,2,MB.SNP,2
47075,mixed,BWD->LAT,BWD,LAT,0,2,2,145,52,15.976,4336,29.903,AL.MB,2,2,2,"[LHL3, MBL3] -> AL.MBL2 -> [ALL2, LH.SNPL2]",LH,3,MB,3,AL,2,LH.SNP,2
46910,mixed,BWD->LAT,BWD,LAT,0,2,2,187,2,1.54,71053,379.963,OL.VMNP,2,2,2,"[OLL3, SNP.VLNPL3] -> OL.VMNPL2 -> [OLL2, OL.VLNPL2]",OL,3,SNP.VLNP,3,OL,2,OL.VLNP,2
46556,mixed,BWD->LAT,BWD,LAT,0,2,2,93,7,2.016,1599,17.194,LH,2,2,2,"[LHL3, LH.SNPL3] -> LHL2 -> [AL.LHL2, LH.SNPL2]",LH,3,LH.SNP,3,AL.LH,2,LH.SNP,2
46279,mixed,BWD->LAT,BWD,LAT,0,2,2,214,4,2.475,2860,13.364,AL.LH,2,2,2,"[ALL3, LH.MBL3] -> AL.LHL2 -> [ALL2, MBL2]",AL,3,LH.MB,3,AL,2,MB,2
46172,mixed,BWD->LAT,BWD,LAT,0,2,2,26,4,1.52,12129,466.5,OL.VMNP,1,2,2,"[OL.VLNPL2, VMNPL2] -> OL.VMNPL1 -> [OLL1, OL.VLNPL1]",OL.VLNP,2,VMNP,2,OL,1,OL.VLNP,1
46051,mixed,BWD->LAT,BWD,LAT,0,2,2,26,6,2.314,11769,452.654,OL.VMNP,1,2,2,"[VLNP.VMNPL2, VMNPL2] -> OL.VMNPL1 -> [OLL1, OL.VLNPL1]",VLNP.VMNP,2,VMNP,2,OL,1,OL.VLNP,1
64374279,mixed,BWD->mix,BWD,mix,1,2,1,26,9,1.886,51234,1970.538,OL.VMNP,1,2,2,"[GNGL2, VMNPL2] -> OL.VMNPL1 -> [OLL1, OLL2]",GNG,2,VMNP,2,OL,1,OL,2
62161436,mixed,BWD->mix,BWD,mix,1,2,1,26,11,1.992,50530,1943.462,OL.VMNP,1,2,2,"[GNG.VMNPL2, VMNPL2] -> OL.VMNPL1 -> [OLL1, OLL2]",GNG.VMNP,2,VMNP,2,OL,1,OL,2
56809370,mixed,BWD->mix,BWD,mix,0,3,1,187,16,2.988,51077,273.139,OL.VMNP,2,2,2,"[VLNPL3, VMNPL3] -> OL.VMNPL2 -> [OLL1, OLL2]",VLNP,3,VMNP,3,OL,1,OL,2
49481627,mixed,BWD->mix,BWD,mix,0,3,1,187,7,2.378,51193,273.759,OL.VMNP,2,2,2,"[GNGL3, VMNPL3] -> OL.VMNPL2 -> [OLL1, OLL2]",GNG,3,VMNP,3,OL,1,OL,2
44569923,mixed,BWD->mix,BWD,mix,1,2,1,7,4,1.805,51234,7319.143,GNG.OL,1,2,2,"[GNGL2, VMNPL2] -> GNG.OLL1 -> [OLL1, OLL2]",GNG,2,VMNP,2,OL,1,OL,2
42244592,mixed,BWD->mix,BWD,mix,0,3,1,187,27,3.512,81905,437.995,OL.VMNP,2,2,2,"[OLL3, VMNPL3] -> OL.VMNPL2 -> [OLL1, OLL2]",OL,3,VMNP,3,OL,1,OL,2
41773605,mixed,BWD->mix,BWD,mix,1,2,1,7,4,1.932,50866,7266.571,GNG.OL,1,2,2,"[GNGL2, GNG.VMNPL2] -> GNG.OLL1 -> [OLL1, OLL2]",GNG,2,GNG.VMNP,2,OL,1,OL,2
29531170,mixed,BWD->mix,BWD,mix,0,3,1,187,23,3.159,51893,277.503,OL.VMNP,2,2,2,"[OL.VLNPL3, VMNPL3] -> OL.VMNPL2 -> [OLL1, OLL2]",OL.VLNP,3,VMNP,3,OL,1,OL,2
28228124,mixed,BWD->mix,BWD,mix,0,3,1,187,14,3.528,50468,269.882,OL.VMNP,2,2,2,"[VLNP.VMNPL3, VMNPL3] -> OL.VMNPL2 -> [OLL1, OLL2]",VLNP.VMNP,3,VMNP,3,OL,1,OL,2
27597915,mixed,BWD->mix,BWD,mix,1,2,1,7,2,1.988,50948,7278.286,GNG.OL,1,2,2,"[GNGL2, OL.VMNPL2] -> GNG.OLL1 -> [OLL1, OLL2]",GNG,2,OL.VMNP,2,OL,1,OL,2
26868690,mixed,BWD->mix,BWD,mix,1,2,1,7,2,1.872,50837,7262.429,GNG.OL,1,2,2,"[GNGL2, PENP.VLNPL2] -> GNG.OLL1 -> [OLL1, OLL2]",GNG,2,PENP.VLNP,2,OL,1,OL,2
26277596,mixed,BWD->mix,BWD,mix,0,3,1,187,19,2.744,50414,269.594,OL.VMNP,2,2,2,"[GNG.VMNPL3, VMNPL3] -> OL.VMNPL2 -> [OLL1, OLL2]",GNG.VMNP,3,VMNP,3,OL,1,OL,2
26106798,mixed,BWD->mix,BWD,mix,0,3,1,187,4,2.38,51570,275.775,OL.VMNP,2,2,2,"[GNGL3, VLNPL3] -> OL.VMNPL2 -> [OLL1, OLL2]",GNG,3,VLNP,3,OL,1,OL,2
25277800,mixed,BWD->mix,BWD,mix,0,3,1,187,13,3.554,82282,440.011,OL.VMNP,2,2,2,"[OLL3, VLNPL3] -> OL.VMNPL2 -> [OLL1, OLL2]",OL,3,VLNP,3,OL,1,OL,2
22072777,mixed,BWD->mix,BWD,mix,0,3,1,187,7,2.376,50791,271.61,OL.VMNP,2,2,2,"[GNG.VMNPL3, VLNPL3] -> OL.VMNPL2 -> [OLL1, OLL2]",GNG.VMNP,3,VLNP,3,OL,1,OL,2
21760058,mixed,BWD->mix,BWD,mix,1,2,1,26,8,1.993,50866,1956.385,OL.VMNP,1,2,2,"[GNGL2, GNG.VMNPL2] -> OL.VMNPL1 -> [OLL1, OLL2]",GNG,2,GNG.VMNP,2,OL,1,OL,2
20967388,mixed,BWD->mix,BWD,mix,1,2,1,145,76,8.5,5295,36.517,AL.MB,2,2,2,"[ALL3, LHL3] -> AL.MBL2 -> [MBL2, MBL3]",AL,3,LH,3,MB,2,MB,3
19708389,mixed,BWD->mix,BWD,mix,0,3,1,187,8,2.875,82398,440.631,OL.VMNP,2,2,2,"[GNGL3, OLL3] -> OL.VMNPL2 -> [OLL1, OLL2]",GNG,3,OL,3,OL,1,OL,2
19169220,mixed,BWD->mix,BWD,mix,1,2,1,26,11,2.047,50556,1944.462,OL.VMNP,1,2,2,"[VLNP.VMNPL2, VMNPL2] -> OL.VMNPL1 -> [OLL1, OLL2]",VLNP.VMNP,2,VMNP,2,OL,1,OL,2
19138923,mixed,BWD->mix,BWD,mix,1,2,1,7,4,1.528,51252,7321.714,GNG.OL,1,2,2,"[GNGL2, OL.VLNPL2] -> GNG.OLL1 -> [OLL1, OLL2]",GNG,2,OL.VLNP,2,OL,1,OL,2
18398610,mixed,BWD->mix,BWD,mix,1,2,1,7,2,1.988,50854,7264.857,GNG.OL,1,2,2,"[GNGL2, GNG.PENPL2] -> GNG.OLL1 -> [OLL1, OLL2]",GNG,2,GNG.PENP,2,OL,1,OL,2
16867259,mixed,BWD->mix,BWD,mix,0,3,1,187,10,3.561,50845,271.898,OL.VMNP,2,2,2,"[VLNPL3, VLNP.VMNPL3] -> OL.VMNPL2 -> [OLL1, OLL2]",VLNP,3,VLNP.VMNP,3,OL,1,OL,2
16218662,mixed,BWD->mix,BWD,mix,1,2,1,26,7,1.906,50916,1958.308,OL.VMNP,1,2,2,"[OL.VLNPL2, VMNPL2] -> OL.VMNPL1 -> [OLL1, OLL2]",OL.VLNP,2,VMNP,2,OL,1,OL,2
16133315,mixed,BWD->mix,BWD,mix,1,2,1,491,30,1.409,72732,148.13,OL.VLNP,2,2,2,"[OL.VLNPL3, VLNPL3] -> OL.VLNPL2 -> [OLL2, OLL3]",OL.VLNP,3,VLNP,3,OL,2,OL,3
15783618,mixed,BWD->mix,BWD,mix,0,3,1,187,12,3.443,52270,279.519,OL.VMNP,2,2,2,"[OL.VLNPL3, VLNPL3] -> OL.VMNPL2 -> [OLL1, OLL2]",OL.VLNP,3,VLNP,3,OL,1,OL,2
14297452,mixed,BWD->mix,BWD,mix,0,3,1,187,4,2.603,52386,280.139,OL.VMNP,2,2,2,"[GNGL3, OL.VLNPL3] -> OL.VMNPL2 -> [OLL1, OLL2]",GNG,3,OL.VLNP,3,OL,1,OL,2
14236674,mixed,BWD->mix,BWD,mix,0,3,1,187,10,2.455,81619,436.465,OL.VMNP,2,2,2,"[GNG.VMNPL3, OLL3] -> OL.VMNPL2 -> [OLL1, OLL2]",GNG.VMNP,3,OL,3,OL,1,OL,2
14163570,mixed,BWD->mix,BWD,mix,1,2,1,7,2,1.722,50782,7254.571,GNG.OL,1,2,2,"[GNGL2, GNG.VLNPL2] -> GNG.OLL1 -> [OLL1, OLL2]",GNG,2,GNG.VLNP,2,OL,1,OL,2
13118298,mixed,BWD->mix,BWD,mix,0,3,1,187,7,2.866,50961,272.519,OL.VMNP,2,2,2,"[GNGL3, VLNP.VMNPL3] -> OL.VMNPL2 -> [OLL1, OLL2]",GNG,3,VLNP.VMNP,3,OL,1,OL,2
12919053,mixed,BWD->mix,BWD,mix,1,2,1,7,4,1.915,50530,7218.571,GNG.OL,1,2,2,"[GNG.VMNPL2, VMNPL2] -> GNG.OLL1 -> [OLL1, OLL2]",GNG.VMNP,2,VMNP,2,OL,1,OL,2
12870978,mixed,BWD->mix,BWD,mix,0,3,1,187,16,3.495,83098,444.374,OL.VMNP,2,2,2,"[OLL3, OL.VLNPL3] -> OL.VMNPL2 -> [OLL1, OLL2]",OL,3,OL.VLNP,3,OL,1,OL,2
12736668,mixed,BWD->mix,BWD,mix,1,3,0,38835,58,2.072,44371,1.143,OL,2,2,2,"[OLL3, OL.VMNPL3] -> OLL2 -> [OLL1, OL.VLNPL3]",OL,3,OL.VMNP,3,OL,1,OL.VLNP,3
12656105,mixed,BWD->mix,BWD,mix,0,3,1,187,14,3.964,81673,436.754,OL.VMNP,2,2,2,"[OLL3, VLNP.VMNPL3] -> OL.VMNPL2 -> [OLL1, OLL2]",OL,3,VLNP.VMNP,3,OL,1,OL,2
10293993,mixed,BWD->mix,BWD,mix,1,2,1,38835,34,1.334,33441,0.861,OL,2,2,2,"[OLL3, OL.VMNPL3] -> OLL2 -> [OL.VLNPL3, OL.VMNPL2]",OL,3,OL.VMNP,3,OL.VLNP,3,OL.VMNP,2
9930954,mixed,BWD->mix,BWD,mix,1,2,1,7,3,1.0,50835,7262.143,GNG.OL,1,2,2,"[GNGL2, LX.VMNPL2] -> GNG.OLL1 -> [OLL1, OLL2]",GNG,2,LX.VMNP,2,OL,1,OL,2
9891114,mixed,BWD->mix,BWD,mix,1,2,1,7,2,1.473,50501,7214.429,GNG.OL,1,2,2,"[PENP.VLNPL2, VMNPL2] -> GNG.OLL1 -> [OLL1, OLL2]",PENP.VLNP,2,VMNP,2,OL,1,OL,2
9724777,mixed,BWD->mix,BWD,mix,0,3,1,187,4,2.56,50907,272.23,OL.VMNP,2,2,2,"[GNGL3, GNG.VMNPL3] -> OL.VMNPL2 -> [OLL1, OLL2]",GNG,3,GNG.VMNP,3,OL,1,OL,2
9505093,mixed,BWD->mix,BWD,mix,0,3,1,187,5,2.462,50182,268.353,OL.VMNP,2,2,2,"[GNG.VMNPL3, VLNP.VMNPL3] -> OL.VMNPL2 -> [OLL1, OLL2]",GNG.VMNP,3,VLNP.VMNP,3,OL,1,OL,2
9291108,mixed,BWD->mix,BWD,mix,1,2,1,26,7,1.925,50446,1940.231,OL.VMNP,1,2,2,"[GNG.VLNPL2, VMNPL2] -> OL.VMNPL1 -> [OLL1, OLL2]",GNG.VLNP,2,VMNP,2,OL,1,OL,2
9241180,mixed,BWD->mix,BWD,mix,1,2,1,26,4,1.905,50785,1953.269,OL.VMNP,1,2,2,"[VLNPL2, VMNPL2] -> OL.VMNPL1 -> [OLL1, OLL2]",VLNP,2,VMNP,2,OL,1,OL,2
9222821,mixed,BWD->mix,BWD,mix,0,3,1,187,4,1.901,50401,269.524,OL.VMNP,2,2,2,"[LXL3, VMNPL3] -> OL.VMNPL2 -> [OLL1, OLL2]",LX,3,VMNP,3,OL,1,OL,2
9209019,mixed,BWD->mix,BWD,mix,1,2,1,26,4,1.892,50502,1942.385,OL.VMNP,1,2,2,"[PENP.VMNPL2, VMNPL2] -> OL.VMNPL1 -> [OLL1, OLL2]",PENP.VMNP,2,VMNP,2,OL,1,OL,2
9209001,mixed,BWD->mix,BWD,mix,1,2,1,7,4,1.992,50892,7270.286,GNG.OL,1,2,2,"[GNGL2, VLNP.VMNPL2] -> GNG.OLL1 -> [OLL1, OLL2]",GNG,2,VLNP.VMNP,2,OL,1,OL,2
9176420,mixed,BWD->mix,BWD,mix,1,2,1,26,3,1.878,50499,1942.269,OL.VMNP,1,2,2,"[LX.VMNPL2, VMNPL2] -> OL.VMNPL1 -> [OLL1, OLL2]",LX.VMNP,2,VMNP,2,OL,1,OL,2
9174740,mixed,BWD->mix,BWD,mix,1,2,1,26,3,1.878,50428,1939.538,OL.VMNP,1,2,2,"[GNG.LXL2, VMNPL2] -> OL.VMNPL1 -> [OLL1, OLL2]",GNG.LX,2,VMNP,2,OL,1,OL,2
9173060,mixed,BWD->mix,BWD,mix,1,2,1,26,2,1.877,50501,1942.346,OL.VMNP,1,2,2,"[PENP.VLNPL2, VMNPL2] -> OL.VMNPL1 -> [OLL1, OLL2]",PENP.VLNP,2,VMNP,2,OL,1,OL,2
8907615,mixed,BWD->mix,BWD,mix,1,2,1,7,2,1.802,50612,7230.286,GNG.OL,1,2,2,"[OL.VMNPL2, VMNPL2] -> GNG.OLL1 -> [OLL1, OLL2]",OL.VMNP,2,VMNP,2,OL,1,OL,2
8601977,mixed,BWD->mix,BWD,mix,1,2,1,187,17,5.066,71539,382.561,OL.VMNP,2,2,2,"[VLNPL3, VMNPL3] -> OL.VMNPL2 -> [OLL2, OLL3]",VLNP,3,VMNP,3,OL,2,OL,3
8576627,mixed,BWD->mix,BWD,mix,0,3,1,187,7,3.492,51661,276.262,OL.VMNP,2,2,2,"[OL.VLNPL3, VLNP.VMNPL3] -> OL.VMNPL2 -> [OLL1, OLL2]",OL.VLNP,3,VLNP.VMNP,3,OL,1,OL,2
8352297,mixed,BWD->mix,BWD,mix,1,2,1,7,2,1.931,50244,7177.714,GNG.OL,1,2,2,"[GNG.VMNPL2, OL.VMNPL2] -> GNG.OLL1 -> [OLL1, OLL2]",GNG.VMNP,2,OL.VMNP,2,OL,1,OL,2
8338619,mixed,BWD->mix,BWD,mix,0,3,1,187,5,2.863,50434,269.701,OL.VMNP,2,2,2,"[LX.VLNPL3, VMNPL3] -> OL.VMNPL2 -> [OLL1, OLL2]",LX.VLNP,3,VMNP,3,OL,1,OL,2
7974602,mixed,BWD->mix,BWD,mix,1,2,1,145,76,14.441,4292,29.6,AL.MB,2,2,2,"[ALL3, LHL3] -> AL.MBL2 -> [ALL2, MBL3]",AL,3,LH,3,AL,2,MB,3
7826886,mixed,BWD->mix,BWD,mix,1,2,1,7,2,1.953,50133,7161.857,GNG.OL,1,2,2,"[GNG.VMNPL2, PENP.VLNPL2] -> GNG.OLL1 -> [OLL1, OLL2]",GNG.VMNP,2,PENP.VLNP,2,OL,1,OL,2
7731404,mixed,BWD->mix,BWD,mix,1,2,1,491,2,1.295,71240,145.092,OL.VLNP,2,2,2,"[PENP.VLNPL3, VLNPL3] -> OL.VLNPL2 -> [OLL2, OLL3]",PENP.VLNP,3,VLNP,3,OL,2,OL,3
7548558,mixed,BWD->mix,BWD,mix,0,3,1,187,4,1.666,50516,270.139,OL.VMNP,2,2,2,"[INP.VLNPL3, VMNPL3] -> OL.VMNPL2 -> [OLL1, OLL2]",INP.VLNP,3,VMNP,3,OL,1,OL,2
7079297,mixed,BWD->mix,BWD,mix,0,3,1,38835,127,4.543,44754,1.152,OL,2,2,2,"[OLL3, OL.VLNPL3] -> OLL2 -> [OLL1, OL.VLNPL2]",OL,3,OL.VLNP,3,OL,1,OL.VLNP,2
7014147,mixed,BWD->mix,BWD,mix,0,3,1,187,15,2.665,51607,275.973,OL.VMNP,2,2,2,"[GNG.VMNPL3, OL.VLNPL3] -> OL.VMNPL2 -> [OLL1, OLL2]",GNG.VMNP,3,OL.VLNP,3,OL,1,OL,2
6800667,mixed,BWD->mix,BWD,mix,1,2,1,26,8,2.1,50892,1957.385,OL.VMNP,1,2,2,"[GNGL2, VLNP.VMNPL2] -> OL.VMNPL1 -> [OLL1, OLL2]",GNG,2,VLNP.VMNP,2,OL,1,OL,2
6655264,mixed,BWD->mix,BWD,mix,1,2,1,26,10,2.275,50188,1930.308,OL.VMNP,1,2,2,"[GNG.VMNPL2, VLNP.VMNPL2] -> OL.VMNPL1 -> [OLL1, OLL2]",GNG.VMNP,2,VLNP.VMNP,2,OL,1,OL,2
6438594,mixed,BWD->mix,BWD,mix,0,3,1,187,4,1.771,50893,272.155,OL.VMNP,2,2,2,"[INP.VLNPL3, VLNPL3] -> OL.VMNPL2 -> [OLL1, OLL2]",INP.VLNP,3,VLNP,3,OL,1,OL,2
6405706,mixed,BWD->mix,BWD,mix,1,2,1,187,14,5.772,70930,379.305,OL.VMNP,2,2,2,"[VLNP.VMNPL3, VMNPL3] -> OL.VMNPL2 -> [OLL2, OLL3]",VLNP.VMNP,3,VMNP,3,OL,2,OL,3
6112689,mixed,BWD->mix,BWD,mix,1,2,1,7,4,1.442,50548,7221.143,GNG.OL,1,2,2,"[GNG.VMNPL2, OL.VLNPL2] -> GNG.OLL1 -> [OLL1, OLL2]",GNG.VMNP,2,OL.VLNP,2,OL,1,OL,2
6110573,mixed,BWD->mix,BWD,mix,1,2,1,26,7,1.887,50548,1944.154,OL.VMNP,1,2,2,"[GNG.VMNPL2, OL.VLNPL2] -> OL.VMNPL1 -> [OLL1, OLL2]",GNG.VMNP,2,OL.VLNP,2,OL,1,OL,2
5977728,mixed,BWD->mix,BWD,mix,1,2,1,214,58,6.119,5295,24.743,AL.LH,2,2,2,"[ALL3, LHL3] -> AL.LHL2 -> [MBL2, MBL3]",AL,3,LH,3,MB,2,MB,3
5938410,mixed,BWD->mix,BWD,mix,1,2,1,7,2,1.802,50518,7216.857,GNG.OL,1,2,2,"[GNG.PENPL2, VMNPL2] -> GNG.OLL1 -> [OLL1, OLL2]",GNG.PENP,2,VMNP,2,OL,1,OL,2
5819812,mixed,BWD->mix,BWD,mix,1,2,1,187,7,3.191,71655,383.182,OL.VMNP,2,2,2,"[GNGL3, VMNPL3] -> OL.VMNPL2 -> [OLL2, OLL3]",GNG,3,VMNP,3,OL,2,OL,3
5781664,mixed,BWD->mix,BWD,mix,1,2,1,26,4,1.007,50612,1946.615,OL.VMNP,1,2,2,"[OL.VMNPL2, VMNPL2] -> OL.VMNPL1 -> [OLL1, OLL2]",OL.VMNP,2,VMNP,2,OL,1,OL,2
5751839,mixed,BWD->mix,BWD,mix,0,3,1,187,3,1.961,50230,268.61,OL.VMNP,2,2,2,"[GNG.VMNPL3, INP.VLNPL3] -> OL.VMNPL2 -> [OLL1, OLL2]",GNG.VMNP,3,INP.VLNP,3,OL,1,OL,2
5729734,mixed,BWD->mix,BWD,mix,1,2,1,38835,66,3.879,33745,0.869,OL,2,2,2,"[OLL3, OL.VMNPL3] -> OLL2 -> [OL.VLNPL2, OL.VLNPL3]",OL,3,OL.VMNP,3,OL.VLNP,2,OL.VLNP,3
5666977,mixed,BWD->mix,BWD,mix,1,2,1,26,4,1.9,51252,1971.231,OL.VMNP,1,2,2,"[GNGL2, OL.VLNPL2] -> OL.VMNPL1 -> [OLL1, OLL2]",GNG,2,OL.VLNP,2,OL,1,OL,2
5568198,mixed,BWD->mix,BWD,mix,1,2,1,7,2,1.931,50150,7164.286,GNG.OL,1,2,2,"[GNG.PENPL2, GNG.VMNPL2] -> GNG.OLL1 -> [OLL1, OLL2]",GNG.PENP,2,GNG.VMNP,2,OL,1,OL,2
5373738,mixed,BWD->mix,BWD,mix,1,2,1,7,2,1.872,50215,7173.571,GNG.OL,1,2,2,"[OL.VMNPL2, PENP.VLNPL2] -> GNG.OLL1 -> [OLL1, OLL2]",OL.VMNP,2,PENP.VLNP,2,OL,1,OL,2
5258095,mixed,BWD->mix,BWD,mix,0,3,1,187,5,2.752,50811,271.717,OL.VMNP,2,2,2,"[LX.VLNPL3, VLNPL3] -> OL.VMNPL2 -> [OLL1, OLL2]",LX.VLNP,3,VLNP,3,OL,1,OL,2
5185952,mixed,BWD->mix,BWD,mix,0,3,1,187,4,1.916,50894,272.16,OL.VMNP,2,2,2,"[GNGL3, LXL3] -> OL.VMNPL2 -> [OLL1, OLL2]",GNG,3,LX,3,OL,1,OL,2
5002071,mixed,BWD->mix,BWD,mix,1,2,1,7,4,1.958,50916,7273.714,GNG.OL,1,2,2,"[OL.VLNPL2, VMNPL2] -> GNG.OLL1 -> [OLL1, OLL2]",OL.VLNP,2,VMNP,2,OL,1,OL,2
4969113,mixed,BWD->mix,BWD,mix,1,2,1,7,3,1.002,51121,7303.0,GNG.OL,1,2,2,"[GNGL2, VLNPL2] -> GNG.OLL1 -> [OLL1, OLL2]",GNG,2,VLNP,2,OL,1,OL,2
4966689,mixed,BWD->mix,BWD,mix,1,2,1,7,3,1.001,50854,7264.857,GNG.OL,1,2,2,"[GNGL2, LXL2] -> GNG.OLL1 -> [OLL1, OLL2]",GNG,2,LX,2,OL,1,OL,2
4964265,mixed,BWD->mix,BWD,mix,1,2,1,7,1,1.0,51323,7331.857,GNG.OL,1,2,2,"[GNGL2, PENPL2] -> GNG.OLL1 -> [OLL1, OLL2]",GNG,2,PENP,2,OL,1,OL,2
4898002,mixed,BWD->mix,BWD,mix,1,2,1,145,75,8.438,3252,22.428,AL.MB,2,2,2,"[ALL3, LHL3] -> AL.MBL2 -> [LH.SNPL3, MBL2]",AL,3,LH,3,LH.SNP,3,MB,2
4842788,mixed,BWD->mix,BWD,mix,1,2,1,491,5,1.942,71207,145.024,OL.VLNP,2,2,2,"[GNG.VLNPL3, VLNPL3] -> OL.VLNPL2 -> [OLL2, OLL3]",GNG.VLNP,3,VLNP,3,OL,2,OL,3
4608807,mixed,BWD->mix,BWD,mix,1,2,1,187,19,3.789,70876,379.016,OL.VMNP,2,2,2,"[GNG.VMNPL3, VMNPL3] -> OL.VMNPL2 -> [OLL2, OLL3]",GNG.VMNP,3,VMNP,3,OL,2,OL,3
4518237,mixed,BWD->mix,BWD,mix,0,3,1,187,2,1.658,81721,437.011,OL.VMNP,2,2,2,"[INP.VLNPL3, OLL3] -> OL.VMNPL2 -> [OLL1, OLL2]",INP.VLNP,3,OL,3,OL,1,OL,2
4438854,mixed,BWD->mix,BWD,mix,1,2,1,7,2,1.611,50078,7154.0,GNG.OL,1,2,2,"[GNG.VLNPL2, GNG.VMNPL2] -> GNG.OLL1 -> [OLL1, OLL2]",GNG.VLNP,2,GNG.VMNP,2,OL,1,OL,2
4406734,mixed,BWD->mix,BWD,mix,1,2,1,491,6,2.731,72032,146.705,OL.VLNP,2,2,2,"[GNGL3, VLNPL3] -> OL.VLNPL2 -> [OLL2, OLL3]",GNG,3,VLNP,3,OL,2,OL,3
4395163,mixed,BWD->mix,BWD,mix,0,3,1,187,5,2.959,81639,436.572,OL.VMNP,2,2,2,"[LX.VLNPL3, OLL3] -> OL.VMNPL2 -> [OLL1, OLL2]",LX.VLNP,3,OL,3,OL,1,OL,2
4350991,mixed,BWD->mix,BWD,mix,1,2,1,187,20,2.202,70896,379.123,OL.VMNP,2,2,2,"[OL.VMNPL3, VMNPL3] -> OL.VMNPL2 -> [OLL2, OLL3]",OL.VMNP,3,VMNP,3,OL,2,OL,3
4235040,mixed,BWD->mix,BWD,mix,1,2,1,7,1,1.0,50766,7252.286,GNG.OL,1,2,2,"[GNGL2, GNG.OLL2] -> GNG.OLL1 -> [OLL1, OLL2]",GNG,2,GNG.OL,2,OL,1,OL,2
4233231,mixed,BWD->mix,BWD,mix,0,3,1,38835,54,3.112,44450,1.145,OL,2,2,2,"[OLL3, OL.VLNPL3] -> OLL2 -> [OLL1, OL.VMNPL2]",OL,3,OL.VLNP,3,OL,1,OL.VMNP,2
4191778,mixed,BWD->mix,BWD,mix,1,2,1,491,7,1.534,71539,145.701,OL.VLNP,2,2,2,"[VLNPL3, VMNPL3] -> OL.VLNPL2 -> [OLL2, OLL3]",VLNP,3,VMNP,3,OL,2,OL,3
4164098,mixed,BWD->mix,BWD,mix,0,3,1,187,3,1.583,50778,271.54,OL.VMNP,2,2,2,"[LXL3, VLNPL3] -> OL.VMNPL2 -> [OLL1, OLL2]",LX,3,VLNP,3,OL,1,OL,2
4108333,mixed,BWD->mix,BWD,mix,0,3,1,187,3,1.923,50148,268.171,OL.VMNP,2,2,2,"[GNG.VMNPL3, LX.VLNPL3] -> OL.VMNPL2 -> [OLL1, OLL2]",GNG.VMNP,3,LX.VLNP,3,OL,1,OL,2
4064124,mixed,BWD->mix,BWD,mix,1,2,1,38835,63,3.0,33745,0.869,OL,2,2,2,"[OLL3, OL.VLNPL3] -> OLL2 -> [OL.VLNPL2, OL.VMNPL3]",OL,3,OL.VLNP,3,OL.VLNP,2,OL.VMNP,3
3962058,mixed,BWD->mix,BWD,mix,1,2,1,7,2,2.0,50446,7206.571,GNG.OL,1,2,2,"[GNG.VLNPL2, VMNPL2] -> GNG.OLL1 -> [OLL1, OLL2]",GNG.VLNP,2,VMNP,2,OL,1,OL,2
3825567,mixed,BWD->mix,BWD,mix,1,2,1,7,2,1.526,50630,7232.857,GNG.OL,1,2,2,"[OL.VLNPL2, OL.VMNPL2] -> GNG.OLL1 -> [OLL1, OLL2]",OL.VLNP,2,OL.VMNP,2,OL,1,OL,2
3679722,mixed,BWD->mix,BWD,mix,1,2,1,7,2,1.988,50232,7176.0,GNG.OL,1,2,2,"[GNG.PENPL2, OL.VMNPL2] -> GNG.OLL1 -> [OLL1, OLL2]",GNG.PENP,2,OL.VMNP,2,OL,1,OL,2
3582492,mixed,BWD->mix,BWD,mix,1,2,1,7,2,1.872,50121,7160.143,GNG.OL,1,2,2,"[GNG.PENPL2, PENP.VLNPL2] -> GNG.OLL1 -> [OLL1, OLL2]",GNG.PENP,2,PENP.VLNP,2,OL,1,OL,2
3545766,mixed,BWD->mix,BWD,mix,0,3,1,187,1,1.0,50365,269.332,OL.VMNP,2,2,2,"[LX.VMNPL3, VMNPL3] -> OL.VMNPL2 -> [OLL1, OLL2]",LX.VMNP,3,VMNP,3,OL,1,OL,2
3521128,mixed,BWD->mix,BWD,mix,1,2,1,187,26,4.064,72355,386.925,OL.VMNP,2,2,2,"[OL.VLNPL3, VMNPL3] -> OL.VMNPL2 -> [OLL2, OLL3]",OL.VLNP,3,VMNP,3,OL,2,OL,3
3426425,mixed,BWD->mix,BWD,mix,0,3,1,187,5,1.995,81606,436.396,OL.VMNP,2,2,2,"[LXL3, OLL3] -> OL.VMNPL2 -> [OLL1, OLL2]",LX,3,OL,3,OL,1,OL,2
3395567,mixed,BWD->mix,BWD,mix,0,3,1,187,3,2.269,50927,272.337,OL.VMNP,2,2,2,"[GNGL3, LX.VLNPL3] -> OL.VMNPL2 -> [OLL1, OLL2]",GNG,3,LX.VLNP,3,OL,1,OL,2
3358782,mixed,BWD->mix,BWD,mix,1,2,1,491,1,1.0,71176,144.961,OL.VLNP,2,2,2,"[GNG.LHL3, VLNPL3] -> OL.VLNPL2 -> [OLL2, OLL3]",GNG.LH,3,VLNP,3,OL,2,OL,3
3354790,mixed,BWD->mix,BWD,mix,1,3,0,187,16,3.624,43821,234.337,OL.VMNP,2,2,2,"[VLNPL3, VMNPL3] -> OL.VMNPL2 -> [OLL1, OLL3]",VLNP,3,VMNP,3,OL,1,OL,3
3313410,mixed,BWD->mix,BWD,mix,1,2,1,7,3,1.002,50131,7161.571,GNG.OL,1,2,2,"[GNG.VMNPL2, LX.VMNPL2] -> GNG.OLL1 -> [OLL1, OLL2]",GNG.VMNP,2,LX.VMNP,2,OL,1,OL,2
3274438,mixed,BWD->mix,BWD,mix,1,2,1,187,7,2.808,71253,381.032,OL.VMNP,2,2,2,"[GNG.VMNPL3, VLNPL3] -> OL.VMNPL2 -> [OLL2, OLL3]",GNG.VMNP,3,VLNP,3,OL,2,OL,3
3257362,mixed,BWD->mix,BWD,mix,1,2,1,26,7,1.932,50782,1953.154,OL.VMNP,1,2,2,"[GNGL2, GNG.VLNPL2] -> OL.VMNPL1 -> [OLL1, OLL2]",GNG,2,GNG.VLNP,2,OL,1,OL,2
3231011,mixed,BWD->mix,BWD,mix,1,2,1,26,4,1.901,51121,1966.192,OL.VMNP,1,2,2,"[GNGL2, VLNPL2] -> OL.VMNPL1 -> [OLL1, OLL2]",GNG,2,VLNP,2,OL,1,OL,2
3221424,mixed,BWD->mix,BWD,mix,1,2,1,26,4,1.89,50838,1955.308,OL.VMNP,1,2,2,"[GNGL2, PENP.VMNPL2] -> OL.VMNPL1 -> [OLL1, OLL2]",GNG,2,PENP.VMNP,2,OL,1,OL,2
3219460,mixed,BWD->mix,BWD,mix,1,2,1,26,5,2.134,50417,1939.115,OL.VMNP,1,2,2,"[GNG.VMNPL2, VLNPL2] -> OL.VMNPL1 -> [OLL1, OLL2]",GNG.VMNP,2,VLNP,2,OL,1,OL,2
3212103,mixed,BWD->mix,BWD,mix,1,2,1,145,13,3.783,5980,41.241,AL.MB,2,2,2,"[LHL3, LH.SNPL3] -> AL.MBL2 -> [MBL2, MBL3]",LH,3,LH.SNP,3,MB,2,MB,3
3210571,mixed,BWD->mix,BWD,mix,1,2,1,26,2,1.877,50764,1952.462,OL.VMNP,1,2,2,"[GNGL2, GNG.LXL2] -> OL.VMNPL1 -> [OLL1, OLL2]",GNG,2,GNG.LX,2,OL,1,OL,2
3210571,mixed,BWD->mix,BWD,mix,1,2,1,26,2,1.877,50835,1955.192,OL.VMNP,1,2,2,"[GNGL2, LX.VMNPL2] -> OL.VMNPL1 -> [OLL1, OLL2]",GNG,2,LX.VMNP,2,OL,1,OL,2
3210571,mixed,BWD->mix,BWD,mix,1,2,1,26,2,1.877,50837,1955.269,OL.VMNP,1,2,2,"[GNGL2, PENP.VLNPL2] -> OL.VMNPL1 -> [OLL1, OLL2]",GNG,2,PENP.VLNP,2,OL,1,OL,2
3195107,mixed,BWD->mix,BWD,mix,1,2,1,26,8,2.104,50078,1926.077,OL.VMNP,1,2,2,"[GNG.VLNPL2, GNG.VMNPL2] -> OL.VMNPL1 -> [OLL1, OLL2]",GNG.VLNP,2,GNG.VMNP,2,OL,1,OL,2
3134463,mixed,BWD->mix,BWD,mix,1,2,1,26,5,2.026,50134,1928.231,OL.VMNP,1,2,2,"[GNG.VMNPL2, PENP.VMNPL2] -> OL.VMNPL1 -> [OLL1, OLL2]",GNG.VMNP,2,PENP.VMNP,2,OL,1,OL,2
3115050,mixed,BWD->mix,BWD,mix,1,2,1,7,2,1.859,50519,7217.0,GNG.OL,1,2,2,"[OL.VLNPL2, PENP.VLNPL2] -> GNG.OLL1 -> [OLL1, OLL2]",OL.VLNP,2,PENP.VLNP,2,OL,1,OL,2
3094941,mixed,BWD->mix,BWD,mix,1,2,1,187,10,5.493,71307,381.321,OL.VMNP,2,2,2,"[VLNPL3, VLNP.VMNPL3] -> OL.VMNPL2 -> [OLL2, OLL3]",VLNP,3,VLNP.VMNP,3,OL,2,OL,3
3094776,mixed,BWD->mix,BWD,mix,1,2,1,26,3,1.975,50131,1928.115,OL.VMNP,1,2,2,"[GNG.VMNPL2, LX.VMNPL2] -> OL.VMNPL1 -> [OLL1, OLL2]",GNG.VMNP,2,LX.VMNP,2,OL,1,OL,2
3093936,mixed,BWD->mix,BWD,mix,1,2,1,26,3,1.974,50060,1925.385,OL.VMNP,1,2,2,"[GNG.LXL2, GNG.VMNPL2] -> OL.VMNPL1 -> [OLL1, OLL2]",GNG.LX,2,GNG.VMNP,2,OL,1,OL,2
3093096,mixed,BWD->mix,BWD,mix,1,2,1,26,2,1.973,50133,1928.192,OL.VMNP,1,2,2,"[GNG.VMNPL2, PENP.VLNPL2] -> OL.VMNPL1 -> [OLL1, OLL2]",GNG.VMNP,2,PENP.VLNP,2,OL,1,OL,2
3047836,mixed,BWD->mix,BWD,mix,1,2,1,214,61,11.837,4292,20.056,AL.LH,2,2,2,"[ALL3, LHL3] -> AL.LHL2 -> [ALL2, MBL3]",AL,3,LH,3,AL,2,MB,3
3026028,mixed,BWD->mix,BWD,mix,0,3,1,38835,25,1.539,42991,1.107,OL,2,2,2,"[OLL3, OL.VMNPL3] -> OLL2 -> [OLL1, OL.VMNPL2]",OL,3,OL.VMNP,3,OL,1,OL.VMNP,2
3025781,mixed,BWD->mix,BWD,mix,0,3,1,187,4,2.49,51627,276.08,OL.VMNP,2,2,2,"[LX.VLNPL3, OL.VLNPL3] -> OL.VMNPL2 -> [OLL1, OLL2]",LX.VLNP,3,OL.VLNP,3,OL,1,OL,2
3017943,mixed,BWD->mix,BWD,mix,0,3,1,187,4,1.664,50284,268.898,OL.VMNP,2,2,2,"[INP.VLNPL3, VLNP.VMNPL3] -> OL.VMNPL2 -> [OLL1, OLL2]",INP.VLNP,3,VLNP.VMNP,3,OL,1,OL,2
3008709,mixed,BWD->mix,BWD,mix,1,2,1,7,4,1.85,50556,7222.286,GNG.OL,1,2,2,"[VLNP.VMNPL2, VMNPL2] -> GNG.OLL1 -> [OLL1, OLL2]",VLNP.VMNP,2,VMNP,2,OL,1,OL,2
2930083,mixed,BWD->mix,BWD,mix,0,3,1,187,4,2.959,50202,268.46,OL.VMNP,2,2,2,"[LX.VLNPL3, VLNP.VMNPL3] -> OL.VMNPL2 -> [OLL1, OLL2]",LX.VLNP,3,VLNP.VMNP,3,OL,1,OL,2
2922964,mixed,BWD->mix,BWD,mix,1,3,0,145,73,7.183,5186,35.766,AL.MB,2,2,2,"[ALL3, LHL3] -> AL.MBL2 -> [ALL1, MBL3]",AL,3,LH,3,AL,1,MB,3
2832714,mixed,BWD->mix,BWD,mix,1,2,1,7,2,1.722,50160,7165.714,GNG.OL,1,2,2,"[GNG.VLNPL2, OL.VMNPL2] -> GNG.OLL1 -> [OLL1, OLL2]",GNG.VLNP,2,OL.VMNP,2,OL,1,OL,2
2799699,mixed,BWD->mix,BWD,mix,1,2,1,7,4,1.953,50188,7169.714,GNG.OL,1,2,2,"[GNG.VMNPL2, VLNP.VMNPL2] -> GNG.OLL1 -> [OLL1, OLL2]",GNG.VMNP,2,VLNP.VMNP,2,OL,1,OL,2
2794208,mixed,BWD->mix,BWD,mix,1,2,1,187,4,2.661,72032,385.198,OL.VMNP,2,2,2,"[GNGL3, VLNPL3] -> OL.VMNPL2 -> [OLL2, OLL3]",GNG,3,VLNP,3,OL,2,OL,3
2788001,mixed,BWD->mix,BWD,mix,1,2,1,491,3,2.015,71175,144.959,OL.VLNP,2,2,2,"[LX.SNPL3, VLNPL3] -> OL.VLNPL2 -> [OLL2, OLL3]",LX.SNP,3,VLNP,3,OL,2,OL,3
2780014,mixed,BWD->mix,BWD,mix,0,3,1,187,2,1.983,51594,275.904,OL.VMNP,2,2,2,"[LXL3, OL.VLNPL3] -> OL.VMNPL2 -> [OLL1, OLL2]",LX,3,OL.VLNP,3,OL,1,OL,2
2778036,mixed,BWD->mix,BWD,mix,1,3,0,187,7,2.662,43937,234.957,OL.VMNP,2,2,2,"[GNGL3, VMNPL3] -> OL.VMNPL2 -> [OLL1, OLL3]",GNG,3,VMNP,3,OL,1,OL,3
2602092,mixed,BWD->mix,BWD,mix,0,3,1,187,3,1.363,51709,276.519,OL.VMNP,2,2,2,"[INP.VLNPL3, OL.VLNPL3] -> OL.VMNPL2 -> [OLL1, OLL2]",INP.VLNP,3,OL.VLNP,3,OL,1,OL,2
2569489,mixed,BWD->mix,BWD,mix,1,2,1,187,7,2.176,70847,378.861,OL.VMNP,2,2,2,"[INP.VMNPL3, VMNPL3] -> OL.VMNPL2 -> [OLL2, OLL3]",INP.VMNP,3,VMNP,3,OL,2,OL,3
2550378,mixed,BWD->mix,BWD,mix,1,2,1,7,2,1.526,50536,7219.429,GNG.OL,1,2,2,"[GNG.PENPL2, OL.VLNPL2] -> GNG.OLL1 -> [OLL1, OLL2]",GNG.PENP,2,OL.VLNP,2,OL,1,OL,2
2490130,mixed,BWD->mix,BWD,mix,1,2,1,491,3,2.737,71341,145.297,OL.VLNP,2,2,2,"[INP.SNPL3, VLNPL3] -> OL.VLNPL2 -> [OLL2, OLL3]",INP.SNP,3,VLNP,3,OL,2,OL,3
2463274,mixed,BWD->mix,BWD,mix,1,2,1,491,2,1.108,72056,146.754,OL.VLNP,2,2,2,"[OL.VLNPL3, PENP.VLNPL3] -> OL.VLNPL2 -> [OLL2, OLL3]",OL.VLNP,3,PENP.VLNP,3,OL,2,OL,3
2453148,mixed,BWD->mix,BWD,mix,1,2,1,7,2,1.988,50049,7149.857,GNG.OL,1,2,2,"[GNG.VLNPL2, PENP.VLNPL2] -> GNG.OLL1 -> [OLL1, OLL2]",GNG.VLNP,2,PENP.VLNP,2,OL,1,OL,2
2446004,mixed,BWD->mix,BWD,mix,1,3,0,38835,65,5.828,44371,1.143,OL,2,2,2,"[OLL3, OL.VLNPL3] -> OLL2 -> [OLL1, OL.VMNPL3]",OL,3,OL.VLNP,3,OL,1,OL.VMNP,3
2348225,mixed,BWD->mix,BWD,mix,1,2,1,491,9,3.905,71307,145.228,OL.VLNP,2,2,2,"[VLNPL3, VLNP.VMNPL3] -> OL.VLNPL2 -> [OLL2, OLL3]",VLNP,3,VLNP.VMNP,3,OL,2,OL,3
2309768,mixed,BWD->mix,BWD,mix,1,2,1,187,2,1.267,70964,379.487,OL.VMNP,2,2,2,"[INP.SNPL3, VMNPL3] -> OL.VMNPL2 -> [OLL2, OLL3]",INP.SNP,3,VMNP,3,OL,2,OL,3
2278587,mixed,BWD->mix,BWD,mix,0,3,1,187,5,1.985,50169,268.283,OL.VMNP,2,2,2,"[LXL3, VLNP.VMNPL3] -> OL.VMNPL2 -> [OLL1, OLL2]",LX,3,VLNP.VMNP,3,OL,1,OL,2
2268042,mixed,BWD->mix,BWD,mix,1,2,1,7,2,1.279,50464,7209.143,GNG.OL,1,2,2,"[GNG.VLNPL2, OL.VLNPL2] -> GNG.OLL1 -> [OLL1, OLL2]",GNG.VLNP,2,OL.VLNP,2,OL,1,OL,2
2249691,mixed,BWD->mix,BWD,mix,1,2,1,491,4,1.22,71190,144.99,OL.VLNP,2,2,2,"[GNG.INPL3, VLNPL3] -> OL.VLNPL2 -> [OLL2, OLL3]",GNG.INP,3,VLNP,3,OL,2,OL,3
2174387,mixed,BWD->mix,BWD,mix,1,2,1,187,3,1.139,72554,387.989,OL.VMNP,2,2,2,"[SNPL3, VMNPL3] -> OL.VMNPL2 -> [OLL2, OLL3]",SNP,3,VMNP,3,OL,2,OL,3
2050325,mixed,BWD->mix,BWD,mix,1,2,1,187,14,4.693,72732,388.941,OL.VMNP,2,2,2,"[OL.VLNPL3, VLNPL3] -> OL.VMNPL2 -> [OLL2, OLL3]",OL.VLNP,3,VLNP,3,OL,2,OL,3
2026152,mixed,BWD->mix,BWD,mix,0,3,1,187,1,1.0,50858,271.968,OL.VMNP,2,2,2,"[GNGL3, LX.VMNPL3] -> OL.VMNPL2 -> [OLL1, OLL2]",GNG,3,LX.VMNP,3,OL,1,OL,2
2017904,mixed,BWD->mix,BWD,mix,1,2,1,26,2,1.001,50948,1959.538,OL.VMNP,1,2,2,"[GNGL2, OL.VMNPL2] -> OL.VMNPL1 -> [OLL1, OLL2]",GNG,2,OL.VMNP,2,OL,1,OL,2
1995582,mixed,BWD->mix,BWD,mix,1,2,1,7,3,1.01,50499,7214.143,GNG.OL,1,2,2,"[LX.VMNPL2, VMNPL2] -> GNG.OLL1 -> [OLL1, OLL2]",LX.VMNP,2,VMNP,2,OL,1,OL,2
1993052,mixed,BWD->mix,BWD,mix,1,2,1,214,58,6.233,3252,15.196,AL.LH,2,2,2,"[ALL3, LHL3] -> AL.LHL2 -> [LH.SNPL3, MBL2]",AL,3,LH,3,LH.SNP,3,MB,2
1989522,mixed,BWD->mix,BWD,mix,1,2,1,7,3,1.004,50517,7216.714,GNG.OL,1,2,2,"[LX.VMNPL2, OL.VLNPL2] -> GNG.OLL1 -> [OLL1, OLL2]",LX.VMNP,2,OL.VLNP,2,OL,1,OL,2
1985706,mixed,BWD->mix,BWD,mix,1,2,1,7,1,1.0,50213,7173.286,GNG.OL,1,2,2,"[LX.VMNPL2, OL.VMNPL2] -> GNG.OLL1 -> [OLL1, OLL2]",LX.VMNP,2,OL.VMNP,2,OL,1,OL,2
1981455,mixed,BWD->mix,BWD,mix,0,3,1,38835,131,1.851,33685,0.867,OL,2,2,2,"[OLL3, OL.VLNPL3] -> OLL2 -> [OL.VLNPL1, OL.VLNPL2]",OL,3,OL.VLNP,3,OL.VLNP,1,OL.VLNP,2
1976352,mixed,BWD->mix,BWD,mix,1,2,1,7,1,1.0,50430,7204.286,GNG.OL,1,2,2,"[GNG.OLL2, VMNPL2] -> GNG.OLL1 -> [OLL1, OLL2]",GNG.OL,2,VMNP,2,OL,1,OL,2
1953355,mixed,BWD->mix,BWD,mix,0,3,1,145,73,6.331,4333,29.883,AL.MB,2,2,2,"[ALL3, LHL3] -> AL.MBL2 -> [ALL1, MBL2]",AL,3,LH,3,AL,1,MB,2
1916996,mixed,BWD->mix,BWD,mix,0,3,1,187,2,1.96,51009,272.775,OL.VMNP,2,2,2,"[GNGL3, INP.VLNPL3] -> OL.VMNPL2 -> [OLL1, OLL2]",GNG,3,INP.VLNP,3,OL,1,OL,2
1888476,mixed,BWD->mix,BWD,mix,1,2,1,7,2,1.722,50066,7152.286,GNG.OL,1,2,2,"[GNG.PENPL2, GNG.VLNPL2] -> GNG.OLL1 -> [OLL1, OLL2]",GNG.PENP,2,GNG.VLNP,2,OL,1,OL,2
1846970,mixed,BWD->mix,BWD,mix,1,3,0,187,14,4.892,43212,231.08,OL.VMNP,2,2,2,"[VLNP.VMNPL3, VMNPL3] -> OL.VMNPL2 -> [OLL1, OLL3]",VLNP.VMNP,3,VMNP,3,OL,1,OL,3
1839861,mixed,BWD->mix,BWD,mix,1,2,1,7,2,1.988,50270,7181.429,GNG.OL,1,2,2,"[OL.VMNPL2, VLNP.VMNPL2] -> GNG.OLL1 -> [OLL1, OLL2]",OL.VMNP,2,VLNP.VMNP,2,OL,1,OL,2
1807837,mixed,BWD->mix,BWD,mix,1,2,1,187,5,3.281,70644,377.775,OL.VMNP,2,2,2,"[GNG.VMNPL3, VLNP.VMNPL3] -> OL.VMNPL2 -> [OLL2, OLL3]",GNG.VMNP,3,VLNP.VMNP,3,OL,2,OL,3
1805976,mixed,BWD->mix,BWD,mix,1,2,1,26,7,2.316,50574,1945.154,OL.VMNP,1,2,2,"[OL.VLNPL2, VLNP.VMNPL2] -> OL.VMNPL1 -> [OLL1, OLL2]",OL.VLNP,2,VLNP.VMNP,2,OL,1,OL,2
1791246,mixed,BWD->mix,BWD,mix,1,2,1,7,2,1.872,50159,7165.571,GNG.OL,1,2,2,"[PENP.VLNPL2, VLNP.VMNPL2] -> GNG.OLL1 -> [OLL1, OLL2]",PENP.VLNP,2,VLNP.VMNP,2,OL,1,OL,2
1763505,mixed,BWD->mix,BWD,mix,1,2,1,145,75,15.258,2249,15.51,AL.MB,2,2,2,"[ALL3, LHL3] -> AL.MBL2 -> [ALL2, LH.SNPL3]",AL,3,LH,3,AL,2,LH.SNP,3
1753637,mixed,BWD->mix,BWD,mix,1,2,1,187,8,1.498,70664,377.882,OL.VMNP,2,2,2,"[OL.VMNPL3, VLNP.VMNPL3] -> OL.VMNPL2 -> [OLL2, OLL3]",OL.VMNP,3,VLNP.VMNP,3,OL,2,OL,3
1739248,mixed,BWD->mix,BWD,mix,1,2,1,26,3,1.013,50244,1932.462,OL.VMNP,1,2,2,"[GNG.VMNPL2, OL.VMNPL2] -> OL.VMNPL1 -> [OLL1, OLL2]",GNG.VMNP,2,OL.VMNP,2,OL,1,OL,2
1707546,mixed,BWD->mix,BWD,mix,1,2,1,187,8,4.222,71423,381.941,OL.VMNP,2,2,2,"[GNGL3, VLNP.VMNPL3] -> OL.VMNPL2 -> [OLL2, OLL3]",GNG,3,VLNP.VMNP,3,OL,2,OL,3
1701549,mixed,BWD->mix,BWD,mix,1,3,0,187,22,3.412,44637,238.701,OL.VMNP,2,2,2,"[OL.VLNPL3, VMNPL3] -> OL.VMNPL2 -> [OLL1, OLL3]",OL.VLNP,3,VMNP,3,OL,1,OL,3
1698896,mixed,BWD->mix,BWD,mix,0,3,1,38835,35,2.393,33663,0.867,OL,2,2,2,"[OLL3, OL.VLNPL3] -> OLL2 -> [OL.VLNPL2, OL.VMNPL1]",OL,3,OL.VLNP,3,OL.VLNP,2,OL.VMNP,1
1662555,mixed,BWD->mix,BWD,mix,1,2,1,7,3,1.009,50417,7202.429,GNG.OL,1,2,2,"[GNG.VMNPL2, VLNPL2] -> GNG.OLL1 -> [OLL1, OLL2]",GNG.VMNP,2,VLNP,2,OL,1,OL,2
1658655,mixed,BWD->mix,BWD,mix,1,2,1,7,3,1.005,50150,7164.286,GNG.OL,1,2,2,"[GNG.VMNPL2, LXL2] -> GNG.OLL1 -> [OLL1, OLL2]",GNG.VMNP,2,LX,2,OL,1,OL,2
1654755,mixed,BWD->mix,BWD,mix,1,2,1,7,1,1.0,50619,7231.286,GNG.OL,1,2,2,"[GNG.VMNPL2, PENPL2] -> GNG.OLL1 -> [OLL1, OLL2]",GNG.VMNP,2,PENP,2,OL,1,OL,2
1636347,mixed,BWD->mix,BWD,mix,0,3,1,38835,38,4.049,43295,1.115,OL,2,2,2,"[OLL3, OL.VMNPL3] -> OLL2 -> [OLL1, OL.VLNPL2]",OL,3,OL.VMNP,3,OL,1,OL.VLNP,2
1634189,mixed,BWD->mix,BWD,mix,1,3,0,187,19,2.912,43158,230.791,OL.VMNP,2,2,2,"[GNG.VMNPL3, VMNPL3] -> OL.VMNPL2 -> [OLL1, OLL3]",GNG.VMNP,3,VMNP,3,OL,1,OL,3
1561484,mixed,BWD->mix,BWD,mix,1,2,1,187,2,1.193,70698,378.064,OL.VMNP,2,2,2,"[INP.SNPL3, OL.VMNPL3] -> OL.VMNPL2 -> [OLL2, OLL3]",INP.SNP,3,OL.VMNP,3,OL,2,OL,3
1525415,mixed,BWD->mix,BWD,mix,1,2,1,145,7,2.891,5264,36.303,AL.MB,2,2,2,"[LHL3, LH.MBL3] -> AL.MBL2 -> [MBL2, MBL3]",LH,3,LH.MB,3,MB,2,MB,3
1521468,mixed,BWD->mix,BWD,mix,1,2,1,187,19,2.706,70868,378.973,OL.VMNP,2,2,2,"[PENP.VMNPL3, VMNPL3] -> OL.VMNPL2 -> [OLL2, OLL3]",PENP.VMNP,3,VMNP,3,OL,2,OL,3
1519614,mixed,BWD->mix,BWD,mix,0,3,1,187,1,1.0,81570,436.203,OL.VMNP,2,2,2,"[LX.VMNPL3, OLL3] -> OL.VMNPL2 -> [OLL1, OLL2]",LX.VMNP,3,OL,3,OL,1,OL,2
1519614,mixed,BWD->mix,BWD,mix,0,3,1,187,1,1.0,51558,275.711,OL.VMNP,2,2,2,"[LX.VMNPL3, OL.VLNPL3] -> OL.VMNPL2 -> [OLL1, OLL2]",LX.VMNP,3,OL.VLNP,3,OL,1,OL,2
1511972,mixed,BWD->mix,BWD,mix,1,2,1,187,4,2.724,72848,389.561,OL.VMNP,2,2,2,"[GNGL3, OL.VLNPL3] -> OL.VMNPL2 -> [OLL2, OLL3]",GNG,3,OL.VLNP,3,OL,2,OL,3
1506079,mixed,BWD->mix,BWD,mix,0,3,1,187,2,1.658,50250,268.717,OL.VMNP,2,2,2,"[INP.VLNPL3, LX.VLNPL3] -> OL.VMNPL2 -> [OLL1, OLL2]",INP.VLNP,3,LX.VLNP,3,OL,1,OL,2
1492292,mixed,BWD->mix,BWD,mix,1,2,1,187,2,1.097,72288,386.567,OL.VMNP,2,2,2,"[OL.VMNPL3, SNPL3] -> OL.VMNPL2 -> [OLL2, OLL3]",OL.VMNP,3,SNP,3,OL,2,OL,3
1448383,mixed,BWD->mix,BWD,mix,1,2,1,491,9,1.512,72355,147.363,OL.VLNP,2,2,2,"[OL.VLNPL3, VMNPL3] -> OL.VLNPL2 -> [OLL2, OLL3]",OL.VLNP,3,VMNP,3,OL,2,OL,3
1434316,mixed,BWD->mix,BWD,mix,1,2,1,187,4,1.549,70581,377.439,OL.VMNP,2,2,2,"[INP.VMNPL3, OL.VMNPL3] -> OL.VMNPL2 -> [OLL2, OLL3]",INP.VMNP,3,OL.VMNP,3,OL,2,OL,3
1430307,mixed,BWD->mix,BWD,mix,1,2,1,145,11,4.159,5432,37.462,AL.MB,2,2,2,"[ALL3, LH.SNPL3] -> AL.MBL2 -> [MBL2, MBL3]",AL,3,LH.SNP,3,MB,2,MB,3
1430176,mixed,BWD->mix,BWD,mix,1,3,0,187,4,2.593,44314,236.973,OL.VMNP,2,2,2,"[GNGL3, VLNPL3] -> OL.VMNPL2 -> [OLL1, OLL3]",GNG,3,VLNP,3,OL,1,OL,3
1419580,mixed,BWD->mix,BWD,mix,1,2,1,187,7,1.524,71273,381.139,OL.VMNP,2,2,2,"[OL.VMNPL3, VLNPL3] -> OL.VMNPL2 -> [OLL2, OLL3]",OL.VMNP,3,VLNP,3,OL,2,OL,3
1411315,mixed,BWD->mix,BWD,mix,1,2,1,145,80,8.436,5980,41.241,AL.MB,2,2,2,"[LHL3, MBL3] -> AL.MBL2 -> [LH.SNPL3, MBL2]",LH,3,MB,3,LH.SNP,3,MB,2
1366736,mixed,BWD->mix,BWD,mix,1,2,1,187,2,1.93,71341,381.503,OL.VMNP,2,2,2,"[INP.SNPL3, VLNPL3] -> OL.VMNPL2 -> [OLL2, OLL3]",INP.SNP,3,VLNP,3,OL,2,OL,3
1350089,mixed,BWD->mix,BWD,mix,1,3,0,187,7,2.349,43535,232.807,OL.VMNP,2,2,2,"[GNG.VMNPL3, VLNPL3] -> OL.VMNPL2 -> [OLL1, OLL3]",GNG.VMNP,3,VLNP,3,OL,1,OL,3
1328886,mixed,BWD->mix,BWD,mix,1,3,0,38835,24,2.063,33280,0.857,OL,2,2,2,"[OLL3, OL.VMNPL3] -> OLL2 -> [OL.VLNPL3, OL.VMNPL1]",OL,3,OL.VMNP,3,OL.VLNP,3,OL.VMNP,1
1323804,mixed,BWD->mix,BWD,mix,1,2,1,7,1,1.0,50119,7159.857,GNG.OL,1,2,2,"[GNG.PENPL2, LX.VMNPL2] -> GNG.OLL1 -> [OLL1, OLL2]",GNG.PENP,2,LX.VMNP,2,OL,1,OL,2
1323804,mixed,BWD->mix,BWD,mix,1,2,1,7,1,1.0,50047,7149.571,GNG.OL,1,2,2,"[GNG.VLNPL2, LX.VMNPL2] -> GNG.OLL1 -> [OLL1, OLL2]",GNG.VLNP,2,LX.VMNP,2,OL,1,OL,2
1323804,mixed,BWD->mix,BWD,mix,1,2,1,7,1,1.0,50102,7157.429,GNG.OL,1,2,2,"[LX.VMNPL2, PENP.VLNPL2] -> GNG.OLL1 -> [OLL1, OLL2]",LX.VMNP,2,PENP.VLNP,2,OL,1,OL,2
1293268,mixed,BWD->mix,BWD,mix,1,2,1,187,2,1.507,72356,386.93,OL.VMNP,2,2,2,"[INP.SNPL3, SNPL3] -> OL.VMNPL2 -> [OLL2, OLL3]",INP.SNP,3,SNP,3,OL,2,OL,3
1293268,mixed,BWD->mix,BWD,mix,1,2,1,187,2,1.507,70732,378.246,OL.VMNP,2,2,2,"[INP.SNPL3, VLNP.VMNPL3] -> OL.VMNPL2 -> [OLL2, OLL3]",INP.SNP,3,VLNP.VMNP,3,OL,2,OL,3
1290453,mixed,BWD->mix,BWD,mix,1,2,1,7,4,1.563,50574,7224.857,GNG.OL,1,2,2,"[OL.VLNPL2, VLNP.VMNPL2] -> GNG.OLL1 -> [OLL1, OLL2]",OL.VLNP,2,VLNP.VMNP,2,OL,1,OL,2
1252935,mixed,BWD->mix,BWD,mix,1,2,1,187,6,2.129,70615,377.62,OL.VMNP,2,2,2,"[INP.VMNPL3, VLNP.VMNPL3] -> OL.VMNPL2 -> [OLL2, OLL3]",INP.VMNP,3,VLNP.VMNP,3,OL,2,OL,3
1228352,mixed,BWD->mix,BWD,mix,1,2,1,187,2,1.81,70649,377.802,OL.VMNP,2,2,2,"[INP.SNPL3, INP.VMNPL3] -> OL.VMNPL2 -> [OLL2, OLL3]",INP.SNP,3,INP.VMNP,3,OL,2,OL,3
1226574,mixed,BWD->mix,BWD,mix,1,2,1,7,2,1.988,50176,7168.0,GNG.OL,1,2,2,"[GNG.PENPL2, VLNP.VMNPL2] -> GNG.OLL1 -> [OLL1, OLL2]",GNG.PENP,2,VLNP.VMNP,2,OL,1,OL,2
1219800,mixed,BWD->mix,BWD,mix,1,2,1,187,1,1.0,70813,378.679,OL.VMNP,2,2,2,"[GNG.INPL3, VMNPL3] -> OL.VMNPL2 -> [OLL2, OLL3]",GNG.INP,3,VMNP,3,OL,2,OL,3
8086858,mixed,BWD->FWD,BWD,FWD,2,2,0,145,75,11.348,4105,28.31,AL.MB,2,2,2,"[ALL3, LHL3] -> AL.MBL2 -> [LH.SNPL3, MBL3]",AL,3,LH,3,LH.SNP,3,MB,3
2868608,mixed,BWD->FWD,BWD,FWD,2,2,0,1802,34,4.356,1309,0.726,AL,1,2,2,"[ALL2, AL.VLNPL2] -> ALL1 -> [AL.LHL2, AL.MBL2]",AL,2,AL.VLNP,2,AL.LH,2,AL.MB,2
2827241,mixed,BWD->FWD,BWD,FWD,2,2,0,1802,55,6.139,1309,0.726,AL,1,2,2,"[ALL2, AL.LHL2] -> ALL1 -> [AL.MBL2, AL.VLNPL2]",AL,2,AL.LH,2,AL.MB,2,AL.VLNP,2
2667240,mixed,BWD->FWD,BWD,FWD,2,2,0,1802,39,4.028,1309,0.726,AL,1,2,2,"[ALL2, AL.MBL2] -> ALL1 -> [AL.LHL2, AL.VLNPL2]",AL,2,AL.MB,2,AL.LH,2,AL.VLNP,2
2638762,mixed,BWD->FWD,BWD,FWD,2,2,0,214,60,6.168,4105,19.182,AL.LH,2,2,2,"[ALL3, LHL3] -> AL.LHL2 -> [LH.SNPL3, MBL3]",AL,3,LH,3,LH.SNP,3,MB,3
2086715,mixed,BWD->FWD,BWD,FWD,2,2,0,1802,28,4.532,1309,0.726,AL,1,2,2,"[AL.LHL2, AL.VLNPL2] -> ALL1 -> [ALL2, AL.MBL2]",AL.LH,2,AL.VLNP,2,AL,2,AL.MB,2
1749134,mixed,BWD->FWD,BWD,FWD,2,2,0,1802,7,2.257,2076,1.152,AL,1,2,2,"[ALL2, GNGL2] -> ALL1 -> [AL.LHL2, AL.MBL2]",AL,2,GNG,2,AL.LH,2,AL.MB,2
1295540,mixed,BWD->FWD,BWD,FWD,2,2,0,1802,9,2.78,1360,0.755,AL,1,2,2,"[ALL2, LHL2] -> ALL1 -> [AL.LHL2, AL.MBL2]",AL,2,LH,2,AL.LH,2,AL.MB,2
1191910,mixed,BWD->FWD,BWD,FWD,2,2,0,1802,22,4.383,1309,0.726,AL,1,2,2,"[AL.MBL2, AL.VLNPL2] -> ALL1 -> [ALL2, AL.LHL2]",AL.MB,2,AL.VLNP,2,AL,2,AL.LH,2
1184757,mixed,BWD->FWD,BWD,FWD,2,2,0,1802,35,7.561,1309,0.726,AL,1,2,2,"[AL.LHL2, AL.MBL2] -> ALL1 -> [ALL2, AL.VLNPL2]",AL.LH,2,AL.MB,2,AL,2,AL.VLNP,2
1077812,mixed,BWD->FWD,BWD,FWD,2,2,0,26,8,2.705,39904,1534.769,OL.VMNP,1,2,2,"[GNG.VMNPL2, VMNPL2] -> OL.VMNPL1 -> [OLL2, OL.VLNPL2]",GNG.VMNP,2,VMNP,2,OL,2,OL.VLNP,2
1046573,mixed,BWD->FWD,BWD,FWD,2,2,0,145,67,13.627,3562,24.566,AL.MB,2,2,2,"[ALL3, LHL3] -> AL.MBL2 -> [INP.MBL3, MBL3]",AL,3,LH,3,INP.MB,3,MB,3
1042509,mixed,BWD->FWD,BWD,FWD,2,2,0,26,7,2.181,40608,1561.846,OL.VMNP,1,2,2,"[GNGL2, VMNPL2] -> OL.VMNPL1 -> [OLL2, OL.VLNPL2]",GNG,2,VMNP,2,OL,2,OL.VLNP,2
965353,mixed,BWD->FWD,BWD,FWD,2,2,0,1802,6,2.327,1273,0.706,AL,1,2,2,"[ALL2, AL.MBL2] -> ALL1 -> [AL.GNGL2, AL.LHL2]",AL,2,AL.MB,2,AL.GNG,2,AL.LH,2
938766,mixed,BWD->FWD,BWD,FWD,2,2,0,1802,10,3.95,1295,0.719,AL,1,2,2,"[ALL2, AL.SNPL2] -> ALL1 -> [AL.LHL2, AL.MBL2]",AL,2,AL.SNP,2,AL.LH,2,AL.MB,2
836475,mixed,BWD->FWD,BWD,FWD,2,2,0,1802,15,4.474,1273,0.706,AL,1,2,2,"[ALL2, AL.LHL2] -> ALL1 -> [AL.MBL2, AL.VMNPL2]",AL,2,AL.LH,2,AL.MB,2,AL.VMNP,2
826588,mixed,BWD->FWD,BWD,FWD,2,2,0,1802,10,4.373,1295,0.719,AL,1,2,2,"[AL.LHL2, AL.SNPL2] -> ALL1 -> [ALL2, AL.MBL2]",AL.LH,2,AL.SNP,2,AL,2,AL.MB,2
776630,mixed,BWD->FWD,BWD,FWD,2,2,0,1802,9,2.624,1273,0.706,AL,1,2,2,"[ALL2, AL.LHL2] -> ALL1 -> [AL.GNGL2, AL.MBL2]",AL,2,AL.LH,2,AL.GNG,2,AL.MB,2
756056,mixed,BWD->FWD,BWD,FWD,2,2,0,491,2,1.138,33972,69.189,OL.VLNP,2,2,2,"[PENP.VLNPL3, VLNPL3] -> OL.VLNPL2 -> [OLL3, OL.VLNPL3]",PENP.VLNP,3,VLNP,3,OL,3,OL.VLNP,3
737444,mixed,BWD->FWD,BWD,FWD,2,2,0,26,9,5.568,39930,1535.769,OL.VMNP,1,2,2,"[VLNP.VMNPL2, VMNPL2] -> OL.VMNPL1 -> [OLL2, OL.VLNPL2]",VLNP.VMNP,2,VMNP,2,OL,2,OL.VLNP,2
714550,mixed,BWD->FWD,BWD,FWD,2,2,0,1802,15,3.186,1273,0.706,AL,1,2,2,"[ALL2, AL.MBL2] -> ALL1 -> [AL.LHL2, AL.VMNPL2]",AL,2,AL.MB,2,AL.LH,2,AL.VMNP,2
700858,mixed,BWD->FWD,BWD,FWD,2,2,0,145,35,8.414,5150,35.517,AL.MB,2,2,2,"[ALL3, LHL3] -> AL.MBL2 -> [MBL3, SNPL3]",AL,3,LH,3,MB,3,SNP,3
674184,mixed,BWD->FWD,BWD,FWD,2,2,0,83,5,1.177,4801,57.843,INP.MB,2,2,2,"[INP.MBL3, MBL3] -> INP.MBL2 -> [MB.SNPL3, SNPL3]",INP.MB,3,MB,3,MB.SNP,3,SNP,3
617129,mixed,BWD->FWD,BWD,FWD,2,2,0,7,4,2.341,40608,5801.143,GNG.OL,1,2,2,"[GNGL2, VMNPL2] -> GNG.OLL1 -> [OLL2, OL.VLNPL2]",GNG,2,VMNP,2,OL,2,OL.VLNP,2
614131,mixed,BWD->FWD,BWD,FWD,2,2,0,1802,9,5.117,1360,0.755,AL,1,2,2,"[AL.LHL2, LHL2] -> ALL1 -> [ALL2, AL.MBL2]",AL.LH,2,LH,2,AL,2,AL.MB,2
595985,mixed,BWD->FWD,BWD,FWD,2,2,0,7,4,1.924,40240,5748.571,GNG.OL,1,2,2,"[GNGL2, GNG.VMNPL2] -> GNG.OLL1 -> [OLL2, OL.VLNPL2]",GNG,2,GNG.VMNP,2,OL,2,OL.VLNP,2
543248,mixed,BWD->FWD,BWD,FWD,2,2,0,1802,10,3.625,1295,0.719,AL,1,2,2,"[AL.MBL2, AL.SNPL2] -> ALL1 -> [ALL2, AL.LHL2]",AL.MB,2,AL.SNP,2,AL,2,AL.LH,2
464303,mixed,BWD->FWD,BWD,FWD,2,2,0,1802,7,1.058,1273,0.706,AL,1,2,2,"[ALL2, AL.VMNPL2] -> ALL1 -> [AL.LHL2, AL.MBL2]",AL,2,AL.VMNP,2,AL.LH,2,AL.MB,2
450005,mixed,BWD->FWD,BWD,FWD,2,2,0,145,11,6.325,4105,28.31,AL.MB,2,2,2,"[ALL3, LH.SNPL3] -> AL.MBL2 -> [LHL3, MBL3]",AL,3,LH.SNP,3,LH,3,MB,3
449702,mixed,BWD->FWD,BWD,FWD,2,2,0,26,7,2.084,39600,1523.077,OL.VMNP,1,2,2,"[GNG.VMNPL2, VMNPL2] -> OL.VMNPL1 -> [OLL2, OL.VMNPL2]",GNG.VMNP,2,VMNP,2,OL,2,OL.VMNP,2
436840,mixed,BWD->FWD,BWD,FWD,2,2,0,187,12,2.969,33628,179.829,OL.VMNP,2,2,2,"[OL.VMNPL3, VMNPL3] -> OL.VMNPL2 -> [OLL3, OL.VLNPL3]",OL.VMNP,3,VMNP,3,OL,3,OL.VLNP,3
428583,mixed,BWD->FWD,BWD,FWD,2,2,0,187,9,3.76,33662,180.011,OL.VMNP,2,2,2,"[VLNP.VMNPL3, VMNPL3] -> OL.VMNPL2 -> [OLL3, OL.VLNPL3]",VLNP.VMNP,3,VMNP,3,OL,3,OL.VLNP,3
428576,mixed,BWD->FWD,BWD,FWD,2,2,0,26,8,2.078,40304,1550.154,OL.VMNP,1,2,2,"[GNGL2, VMNPL2] -> OL.VMNPL1 -> [OLL2, OL.VMNPL2]",GNG,2,VMNP,2,OL,2,OL.VMNP,2
427644,mixed,BWD->FWD,BWD,FWD,2,2,0,1802,6,1.195,1360,0.755,AL,1,2,2,"[ALL2, AL.MBL2] -> ALL1 -> [AL.LHL2, LHL2]",AL,2,AL.MB,2,AL.LH,2,LH,2
409140,mixed,BWD->FWD,BWD,FWD,2,2,0,11117,4,1.979,39522,3.555,OL,1,2,2,"[OLL2, OL.SNPL2] -> OLL1 -> [OL.VLNPL2, OL.VMNPL2]",OL,2,OL.SNP,2,OL.VLNP,2,OL.VMNP,2
396929,mixed,BWD->FWD,BWD,FWD,2,2,0,1802,17,1.033,1295,0.719,AL,1,2,2,"[ALL2, AL.MBL2] -> ALL1 -> [AL.LHL2, AL.SNPL2]",AL,2,AL.MB,2,AL.LH,2,AL.SNP,2
395758,mixed,BWD->FWD,BWD,FWD,2,2,0,214,49,8.864,3562,16.645,AL.LH,2,2,2,"[ALL3, LHL3] -> AL.LHL2 -> [INP.MBL3, MBL3]",AL,3,LH,3,INP.MB,3,MB,3
382463,mixed,BWD->FWD,BWD,FWD,2,2,0,491,7,1.168,34271,69.798,OL.VLNP,2,2,2,"[VLNPL3, VMNPL3] -> OL.VLNPL2 -> [OLL3, OL.VLNPL3]",VLNP,3,VMNP,3,OL,3,OL.VLNP,3
375520,mixed,BWD->FWD,BWD,FWD,2,2,0,26,7,2.687,40240,1547.692,OL.VMNP,1,2,2,"[GNGL2, GNG.VMNPL2] -> OL.VMNPL1 -> [OLL2, OL.VLNPL2]",GNG,2,GNG.VMNP,2,OL,2,OL.VLNP,2
372105,mixed,BWD->FWD,BWD,FWD,2,2,0,7,2,1.885,40322,5760.286,GNG.OL,1,2,2,"[GNGL2, OL.VMNPL2] -> GNG.OLL1 -> [OLL2, OL.VLNPL2]",GNG,2,OL.VMNP,2,OL,2,OL.VLNP,2
353556,mixed,BWD->FWD,BWD,FWD,2,2,0,491,1,1.0,33908,69.059,OL.VLNP,2,2,2,"[GNG.LHL3, VLNPL3] -> OL.VLNPL2 -> [OLL3, OL.VLNPL3]",GNG.LH,3,VLNP,3,OL,3,OL.VLNP,3
351189,mixed,BWD->FWD,BWD,FWD,2,2,0,38835,16,2.067,34005,0.876,OL,2,2,2,"[OLL3, OL.VMNPL3] -> OLL2 -> [OL.VLNPL3, VLNPL3]",OL,3,OL.VMNP,3,OL.VLNP,3,VLNP,3
341490,mixed,BWD->FWD,BWD,FWD,2,2,0,7,2,1.982,40211,5744.429,GNG.OL,1,2,2,"[GNGL2, PENP.VLNPL2] -> GNG.OLL1 -> [OLL2, OL.VLNPL2]",GNG,2,PENP.VLNP,2,OL,2,OL.VLNP,2
339120,mixed,BWD->FWD,BWD,FWD,2,2,0,145,7,2.989,4074,28.097,AL.MB,2,2,2,"[LHL3, LH.MBL3] -> AL.MBL2 -> [LH.SNPL3, MBL3]",LH,3,LH.MB,3,LH.SNP,3,MB,3
332920,mixed,BWD->FWD,BWD,FWD,2,2,0,187,6,2.976,33579,179.567,OL.VMNP,2,2,2,"[INP.VMNPL3, VMNPL3] -> OL.VMNPL2 -> [OLL3, OL.VLNPL3]",INP.VMNP,3,VMNP,3,OL,3,OL.VLNP,3
330213,mixed,BWD->FWD,BWD,FWD,2,2,0,1802,9,5.166,1360,0.755,AL,1,2,2,"[AL.MBL2, LHL2] -> ALL1 -> [ALL2, AL.LHL2]",AL.MB,2,LH,2,AL,2,AL.LH,2
329032,mixed,BWD->FWD,BWD,FWD,2,2,0,83,5,2.755,4884,58.843,INP.MB,2,2,2,"[INP.MBL3, MBL3] -> INP.MBL2 -> [INP.SNPL3, SNPL3]",INP.MB,3,MB,3,INP.SNP,3,SNP,3
328742,mixed,BWD->FWD,BWD,FWD,2,2,0,26,9,6.53,39562,1521.615,OL.VMNP,1,2,2,"[GNG.VMNPL2, VLNP.VMNPL2] -> OL.VMNPL1 -> [OLL2, OL.VLNPL2]",GNG.VMNP,2,VLNP.VMNP,2,OL,2,OL.VLNP,2
328172,mixed,BWD->FWD,BWD,FWD,2,2,0,491,4,2.039,33939,69.122,OL.VLNP,2,2,2,"[GNG.VLNPL3, VLNPL3] -> OL.VLNPL2 -> [OLL3, OL.VLNPL3]",GNG.VLNP,3,VLNP,3,OL,3,OL.VLNP,3
319161,mixed,BWD->FWD,BWD,FWD,2,2,0,145,104,12.038,4105,28.31,AL.MB,2,2,2,"[ALL3, MBL3] -> AL.MBL2 -> [LHL3, LH.SNPL3]",AL,3,MB,3,LH,3,LH.SNP,3
309102,mixed,BWD->FWD,BWD,FWD,2,2,0,83,5,1.51,3211,38.687,INP.MB,2,2,2,"[INP.MBL3, MBL3] -> INP.MBL2 -> [INP.SNPL3, MB.SNPL3]",INP.MB,3,MB,3,INP.SNP,3,MB.SNP,3
298254,mixed,BWD->FWD,BWD,FWD,2,2,0,93,3,2.001,5835,62.742,LH,2,2,2,"[LH.SNPL3, SNPL3] -> LHL2 -> [LHL3, MBL3]",LH.SNP,3,SNP,3,LH,3,MB,3
289141,mixed,BWD->FWD,BWD,FWD,2,2,0,1802,7,2.916,2076,1.152,AL,1,2,2,"[AL.LHL2, GNGL2] -> ALL1 -> [ALL2, AL.MBL2]",AL.LH,2,GNG,2,AL,2,AL.MB,2
285163,mixed,BWD->FWD,BWD,FWD,2,2,0,491,4,1.989,34764,70.802,OL.VLNP,2,2,2,"[GNGL3, VLNPL3] -> OL.VLNPL2 -> [OLL3, OL.VLNPL3]",GNG,3,VLNP,3,OL,3,OL.VLNP,3
284329,mixed,BWD->FWD,BWD,FWD,2,2,0,1802,4,2.841,2076,1.152,AL,1,2,2,"[ALL2, AL.LHL2] -> ALL1 -> [AL.MBL2, GNGL2]",AL,2,AL.LH,2,AL.MB,2,GNG,2
282606,mixed,BWD->FWD,BWD,FWD,2,2,0,1802,5,1.461,1273,0.706,AL,1,2,2,"[AL.LHL2, AL.MBL2] -> ALL1 -> [ALL2, AL.GNGL2]",AL.LH,2,AL.MB,2,AL,2,AL.GNG,2
281876,mixed,BWD->FWD,BWD,FWD,2,2,0,26,6,2.448,39422,1516.231,OL.VMNP,1,2,2,"[GNG.VMNPL2, VMNPL2] -> OL.VMNPL1 -> [OLL2, OL.SNPL2]",GNG.VMNP,2,VMNP,2,OL,2,OL.SNP,2
281051,mixed,BWD->FWD,BWD,FWD,2,2,0,26,7,5.308,40266,1548.692,OL.VMNP,1,2,2,"[GNGL2, VLNP.VMNPL2] -> OL.VMNPL1 -> [OLL2, OL.VLNPL2]",GNG,2,VLNP.VMNP,2,OL,2,OL.VLNP,2
277272,mixed,BWD->FWD,BWD,FWD,2,2,0,26,6,1.986,40126,1543.308,OL.VMNP,1,2,2,"[GNGL2, VMNPL2] -> OL.VMNPL1 -> [OLL2, OL.SNPL2]",GNG,2,VMNP,2,OL,2,OL.SNP,2
268098,mixed,BWD->FWD,BWD,FWD,2,2,0,1802,7,1.3,1360,0.755,AL,1,2,2,"[ALL2, AL.LHL2] -> ALL1 -> [AL.MBL2, LHL2]",AL,2,AL.LH,2,AL.MB,2,LH,2
263680,mixed,BWD->FWD,BWD,FWD,2,2,0,1802,6,1.309,1360,0.755,AL,1,2,2,"[AL.LHL2, AL.MBL2] -> ALL1 -> [ALL2, LHL2]",AL.LH,2,AL.MB,2,AL,2,LH,2
259577,mixed,BWD->FWD,BWD,FWD,2,2,0,7,4,3.719,39904,5700.571,GNG.OL,1,2,2,"[GNG.VMNPL2, VMNPL2] -> GNG.OLL1 -> [OLL2, OL.VLNPL2]",GNG.VMNP,2,VMNP,2,OL,2,OL.VLNP,2
251193,mixed,BWD->FWD,BWD,FWD,2,2,0,1802,11,3.557,1273,0.706,AL,1,2,2,"[AL.LHL2, AL.MBL2] -> ALL1 -> [ALL2, AL.VMNPL2]",AL.LH,2,AL.MB,2,AL,2,AL.VMNP,2
250162,mixed,BWD->FWD,BWD,FWD,2,2,0,93,3,1.933,5835,62.742,LH,2,2,2,"[LHL3, SNPL3] -> LHL2 -> [LH.SNPL3, MBL3]",LH,3,SNP,3,LH.SNP,3,MB,3
248070,mixed,BWD->FWD,BWD,FWD,2,2,0,7,2,1.885,40228,5746.857,GNG.OL,1,2,2,"[GNGL2, GNG.PENPL2] -> GNG.OLL1 -> [OLL2, OL.VLNPL2]",GNG,2,GNG.PENP,2,OL,2,OL.VLNP,2
246999,mixed,BWD->FWD,BWD,FWD,2,2,0,187,11,2.857,34271,183.267,OL.VMNP,2,2,2,"[VLNPL3, VMNPL3] -> OL.VMNPL2 -> [OLL3, OL.VLNPL3]",VLNP,3,VMNP,3,OL,3,OL.VLNP,3
245636,mixed,BWD->FWD,BWD,FWD,2,2,0,47,7,1.938,5344,113.702,MB.SNP,2,2,2,"[MBL3, MB.SNPL3] -> MB.SNPL2 -> [LH.SNPL3, SNPL3]",MB,3,MB.SNP,3,LH.SNP,3,SNP,3
238193,mixed,BWD->FWD,BWD,FWD,2,2,0,1802,12,1.037,1295,0.719,AL,1,2,2,"[ALL2, AL.LHL2] -> ALL1 -> [AL.MBL2, AL.SNPL2]",AL,2,AL.LH,2,AL.MB,2,AL.SNP,2
237320,mixed,BWD->FWD,BWD,FWD,2,2,0,83,3,1.087,4710,56.747,INP.MB,2,2,2,"[MBL3, MB.VLNPL3] -> INP.MBL2 -> [MB.SNPL3, SNPL3]",MB,3,MB.VLNP,3,MB.SNP,3,SNP,3
235258,mixed,BWD->FWD,BWD,FWD,2,2,0,38835,7,2.513,34005,0.876,OL,2,2,2,"[OLL3, OL.VLNPL3] -> OLL2 -> [OL.VMNPL3, VLNPL3]",OL,3,OL.VLNP,3,OL.VMNP,3,VLNP,3
233432,mixed,BWD->FWD,BWD,FWD,2,2,0,1802,8,1.037,1295,0.719,AL,1,2,2,"[AL.LHL2, AL.MBL2] -> ALL1 -> [ALL2, AL.SNPL2]",AL.LH,2,AL.MB,2,AL,2,AL.SNP,2
231280,mixed,BWD->FWD,BWD,FWD,2,2,0,145,66,13.41,1519,10.476,AL.MB,2,2,2,"[ALL3, LHL3] -> AL.MBL2 -> [INP.MBL3, LH.SNPL3]",AL,3,LH,3,INP.MB,3,LH.SNP,3
228062,mixed,BWD->FWD,BWD,FWD,2,2,0,491,3,1.546,33907,69.057,OL.VLNP,2,2,2,"[LX.SNPL3, VLNPL3] -> OL.VLNPL2 -> [OLL3, OL.VLNPL3]",LX.SNP,3,VLNP,3,OL,3,OL.VLNP,3
224343,mixed,BWD->FWD,BWD,FWD,2,2,0,214,11,3.171,4105,19.182,AL.LH,2,2,2,"[ALL3, LH.SNPL3] -> AL.LHL2 -> [LHL3, MBL3]",AL,3,LH.SNP,3,LH,3,MB,3
212378,mixed,BWD->FWD,BWD,FWD,2,2,0,214,5,1.315,4074,19.037,AL.LH,2,2,2,"[LHL3, LH.MBL3] -> AL.LHL2 -> [LH.SNPL3, MBL3]",LH,3,LH.MB,3,LH.SNP,3,MB,3
212184,mixed,BWD->FWD,BWD,FWD,2,2,0,26,7,3.933,39820,1531.538,OL.VMNP,1,2,2,"[GNG.VLNPL2, VMNPL2] -> OL.VMNPL1 -> [OLL2, OL.VLNPL2]",GNG.VLNP,2,VMNP,2,OL,2,OL.VLNP,2
210866,mixed,BWD->FWD,BWD,FWD,2,2,0,214,40,9.097,5150,24.065,AL.LH,2,2,2,"[ALL3, LHL3] -> AL.LHL2 -> [MBL3, SNPL3]",AL,3,LH,3,MB,3,SNP,3
210396,mixed,BWD->FWD,BWD,FWD,2,2,0,491,20,2.834,34039,69.326,OL.VLNP,2,2,2,"[OLL3, OL.VLNPL3] -> OL.VLNPL2 -> [VLNPL3, VLNP.VMNPL3]",OL,3,OL.VLNP,3,VLNP,3,VLNP.VMNP,3
206203,mixed,BWD->FWD,BWD,FWD,2,2,0,93,3,2.0,5835,62.742,LH,2,2,2,"[LHL3, LH.SNPL3] -> LHL2 -> [MBL3, SNPL3]",LH,3,LH.SNP,3,MB,3,SNP,3
201360,mixed,BWD->FWD,BWD,FWD,2,2,0,7,2,1.554,40156,5736.571,GNG.OL,1,2,2,"[GNGL2, GNG.VLNPL2] -> GNG.OLL1 -> [OLL2, OL.VLNPL2]",GNG,2,GNG.VLNP,2,OL,2,OL.VLNP,2
199080,mixed,BWD->FWD,BWD,FWD,2,2,0,83,3,1.141,4813,57.988,INP.MB,2,2,2,"[INP.VLNPL3, MBL3] -> INP.MBL2 -> [MB.SNPL3, SNPL3]",INP.VLNP,3,MB,3,MB.SNP,3,SNP,3
196416,mixed,BWD->FWD,BWD,FWD,2,2,0,145,1,1.0,5835,40.241,AL.MB,2,2,2,"[LHL3, SNPL3] -> AL.MBL2 -> [LH.SNPL3, MBL3]",LH,3,SNP,3,LH.SNP,3,MB,3
194308,mixed,BWD->FWD,BWD,FWD,2,2,0,145,50,10.737,3458,23.848,AL.MB,2,2,2,"[ALL3, LHL3] -> AL.MBL2 -> [AL.LHL3, MBL3]",AL,3,LH,3,AL.LH,3,MB,3
186180,mixed,BWD->FWD,BWD,FWD,2,2,0,26,4,3.004,40159,1544.577,OL.VMNP,1,2,2,"[VLNPL2, VMNPL2] -> OL.VMNPL1 -> [OLL2, OL.VLNPL2]",VLNP,2,VMNP,2,OL,2,OL.VLNP,2
183954,mixed,BWD->FWD,BWD,FWD,2,2,0,1802,7,2.132,1904,1.057,AL,1,2,2,"[ALL2, GNGL2] -> ALL1 -> [AL.MBL2, AL.VLNPL2]",AL,2,GNG,2,AL.MB,2,AL.VLNP,2
183835,mixed,BWD->FWD,BWD,FWD,2,2,0,145,39,9.799,3426,23.628,AL.MB,2,2,2,"[ALL3, LHL3] -> AL.MBL2 -> [LH.VLNPL3, MBL3]",AL,3,LH,3,LH.VLNP,3,MB,3
183110,mixed,BWD->FWD,BWD,FWD,2,2,0,1802,5,3.041,2076,1.152,AL,1,2,2,"[AL.MBL2, GNGL2] -> ALL1 -> [ALL2, AL.LHL2]",AL.MB,2,GNG,2,AL,2,AL.LH,2
178027,mixed,BWD->FWD,BWD,FWD,2,2,0,1802,7,2.163,1973,1.095,AL,1,2,2,"[ALL2, GNGL2] -> ALL1 -> [AL.LHL2, AL.VLNPL2]",AL,2,GNG,2,AL.LH,2,AL.VLNP,2
173739,mixed,BWD->FWD,BWD,FWD,2,2,0,26,4,2.77,39876,1533.692,OL.VMNP,1,2,2,"[PENP.VMNPL2, VMNPL2] -> OL.VMNPL1 -> [OLL2, OL.VLNPL2]",PENP.VMNP,2,VMNP,2,OL,2,OL.VLNP,2
172660,mixed,BWD->FWD,BWD,FWD,2,2,0,187,6,2.282,33396,178.588,OL.VMNP,2,2,2,"[OL.VMNPL3, VLNP.VMNPL3] -> OL.VMNPL2 -> [OLL3, OL.VLNPL3]",OL.VMNP,3,VLNP.VMNP,3,OL,3,OL.VLNP,3
169421,mixed,BWD->FWD,BWD,FWD,2,2,0,145,13,6.613,4105,28.31,AL.MB,2,2,2,"[LHL3, LH.SNPL3] -> AL.MBL2 -> [ALL3, MBL3]",LH,3,LH.SNP,3,AL,3,MB,3
168791,mixed,BWD->FWD,BWD,FWD,2,2,0,145,35,7.984,3107,21.428,AL.MB,2,2,2,"[ALL3, LHL3] -> AL.MBL2 -> [LH.SNPL3, SNPL3]",AL,3,LH,3,LH.SNP,3,SNP,3
168373,mixed,BWD->FWD,BWD,FWD,2,2,0,1802,7,1.006,1627,0.903,AL,1,2,2,"[ALL2, VLNPL2] -> ALL1 -> [AL.LHL2, AL.MBL2]",AL,2,VLNP,2,AL.LH,2,AL.MB,2
168270,mixed,BWD->FWD,BWD,FWD,2,2,0,145,17,4.801,3394,23.407,AL.MB,2,2,2,"[ALL3, LHL3] -> AL.MBL2 -> [AL.SNPL3, MBL3]",AL,3,LH,3,AL.SNP,3,MB,3
166579,mixed,BWD->FWD,BWD,FWD,2,2,0,26,7,3.505,39626,1524.077,OL.VMNP,1,2,2,"[VLNP.VMNPL2, VMNPL2] -> OL.VMNPL1 -> [OLL2, OL.VMNPL2]",VLNP.VMNP,2,VMNP,2,OL,2,OL.VMNP,2
163246,mixed,BWD->FWD,BWD,FWD,2,2,0,26,6,4.862,39448,1517.231,OL.VMNP,1,2,2,"[VLNP.VMNPL2, VMNPL2] -> OL.VMNPL1 -> [OLL2, OL.SNPL2]",VLNP.VMNP,2,VMNP,2,OL,2,OL.SNP,2
162260,mixed,BWD->FWD,BWD,FWD,2,2,0,214,39,9.435,3426,16.009,AL.LH,2,2,2,"[ALL3, LHL3] -> AL.LHL2 -> [LH.VLNPL3, MBL3]",AL,3,LH,3,LH.VLNP,3,MB,3
160866,mixed,BWD->FWD,BWD,FWD,2,2,0,93,2,1.729,3145,33.817,LH,2,2,2,"[AL.LHL3, SNPL3] -> LHL2 -> [LHL3, LH.SNPL3]",AL.LH,3,SNP,3,LH,3,LH.SNP,3
159154,mixed,BWD->FWD,BWD,FWD,2,2,0,7,3,1.059,40209,5744.143,GNG.OL,1,2,2,"[GNGL2, LX.VMNPL2] -> GNG.OLL1 -> [OLL2, OL.VLNPL2]",GNG,2,LX.VMNP,2,OL,2,OL.VLNP,2
158804,mixed,BWD->FWD,BWD,FWD,2,2,0,187,7,1.739,32203,172.209,OL.VMNP,2,2,2,"[VLNP.VMNPL3, VMNPL3] -> OL.VMNPL2 -> [OLL3, OL.VMNPL3]",VLNP.VMNP,3,VMNP,3,OL,3,OL.VMNP,3
156816,mixed,BWD->FWD,BWD,FWD,2,2,0,145,8,3.539,3526,24.317,AL.MB,2,2,2,"[ALL3, LH.MBL3] -> AL.MBL2 -> [LH.SNPL3, MBL3]",AL,3,LH.MB,3,LH.SNP,3,MB,3
156158,mixed,BWD->FWD,BWD,FWD,2,2,0,26,7,2.052,39936,1536.0,OL.VMNP,1,2,2,"[GNGL2, GNG.VMNPL2] -> OL.VMNPL1 -> [OLL2, OL.VMNPL2]",GNG,2,GNG.VMNP,2,OL,2,OL.VMNP,2
155752,mixed,BWD->FWD,BWD,FWD,2,2,0,187,2,1.079,33696,180.193,OL.VMNP,2,2,2,"[INP.SNPL3, VMNPL3] -> OL.VMNPL2 -> [OLL3, OL.VLNPL3]",INP.SNP,3,VMNP,3,OL,3,OL.VLNP,3
154687,mixed,BWD->FWD,BWD,FWD,2,2,0,187,3,1.066,35286,188.695,OL.VMNP,2,2,2,"[SNPL3, VMNPL3] -> OL.VMNPL2 -> [OLL3, OL.VLNPL3]",SNP,3,VMNP,3,OL,3,OL.VLNP,3
153990,mixed,BWD->FWD,BWD,FWD,2,2,0,145,12,5.289,4247,29.29,AL.MB,2,2,2,"[LHL3, LH.SNPL3] -> AL.MBL2 -> [INP.MBL3, MBL3]",LH,3,LH.SNP,3,INP.MB,3,MB,3
150706,mixed,BWD->FWD,BWD,FWD,2,2,0,83,4,1.828,3275,39.458,INP.MB,2,2,2,"[INP.MBL3, MBL3] -> INP.MBL2 -> [INPL3, INP.SNPL3]",INP.MB,3,MB,3,INP,3,INP.SNP,3
150224,mixed,BWD->FWD,BWD,FWD,2,2,0,187,4,2.479,33313,178.144,OL.VMNP,2,2,2,"[INP.VMNPL3, OL.VMNPL3] -> OL.VMNPL2 -> [OLL3, OL.VLNPL3]",INP.VMNP,3,OL.VMNP,3,OL,3,OL.VLNP,3
146494,mixed,BWD->FWD,BWD,FWD,2,2,0,93,4,1.584,3145,33.817,LH,2,2,2,"[AL.LHL3, LH.SNPL3] -> LHL2 -> [LHL3, SNPL3]",AL.LH,3,LH.SNP,3,LH,3,SNP,3
144855,mixed,BWD->FWD,BWD,FWD,2,2,0,145,8,4.0,3389,23.372,AL.MB,2,2,2,"[ALL3, LH.MBL3] -> AL.MBL2 -> [LHL3, MBL3]",AL,3,LH.MB,3,LH,3,MB,3
143220,mixed,BWD->FWD,BWD,FWD,2,2,0,26,4,1.852,39986,1537.923,OL.VMNP,1,2,2,"[OL.VLNPL2, VMNPL2] -> OL.VMNPL1 -> [OLL2, OL.VMNPL2]",OL.VLNP,2,VMNP,2,OL,2,OL.VMNP,2
142051,mixed,BWD->FWD,BWD,FWD,2,2,0,7,4,2.421,40266,5752.286,GNG.OL,1,2,2,"[GNGL2, VLNP.VMNPL2] -> GNG.OLL1 -> [OLL2, OL.VLNPL2]",GNG,2,VLNP.VMNP,2,OL,2,OL.VLNP,2
141956,mixed,BWD->FWD,BWD,FWD,2,2,0,47,7,2.614,5207,110.787,MB.SNP,2,2,2,"[MBL3, MB.SNPL3] -> MB.SNPL2 -> [LHL3, SNPL3]",MB,3,MB.SNP,3,LH,3,SNP,3
140943,mixed,BWD->FWD,BWD,FWD,2,2,0,1802,2,1.0,1269,0.704,AL,1,2,2,"[ALL2, GNG.LHL2] -> ALL1 -> [AL.LHL2, AL.MBL2]",AL,2,GNG.LH,2,AL.LH,2,AL.MB,2
137328,mixed,BWD->FWD,BWD,FWD,2,2,0,1802,4,2.74,2076,1.152,AL,1,2,2,"[ALL2, AL.MBL2] -> ALL1 -> [AL.LHL2, GNGL2]",AL,2,AL.MB,2,AL.LH,2,GNG,2
135060,mixed,BWD->FWD,BWD,FWD,2,2,0,26,2,1.8,39802,1530.846,OL.VMNP,1,2,2,"[GNG.LXL2, VMNPL2] -> OL.VMNPL1 -> [OLL2, OL.VLNPL2]",GNG.LX,2,VMNP,2,OL,2,OL.VLNP,2
135060,mixed,BWD->FWD,BWD,FWD,2,2,0,26,2,1.8,39873,1533.577,OL.VMNP,1,2,2,"[LX.VMNPL2, VMNPL2] -> OL.VMNPL1 -> [OLL2, OL.VLNPL2]",LX.VMNP,2,VMNP,2,OL,2,OL.VLNP,2
135060,mixed,BWD->FWD,BWD,FWD,2,2,0,26,2,1.8,39875,1533.654,OL.VMNP,1,2,2,"[PENP.VLNPL2, VMNPL2] -> OL.VMNPL1 -> [OLL2, OL.VLNPL2]",PENP.VLNP,2,VMNP,2,OL,2,OL.VLNP,2
133300,mixed,BWD->FWD,BWD,FWD,2,2,0,26,7,5.346,39478,1518.385,OL.VMNP,1,2,2,"[GNG.VLNPL2, VLNP.VMNPL2] -> OL.VMNPL1 -> [OLL2, OL.VLNPL2]",GNG.VLNP,2,VLNP.VMNP,2,OL,2,OL.VLNP,2
131762,mixed,BWD->FWD,BWD,FWD,2,2,0,214,44,18.906,4105,19.182,AL.LH,2,2,2,"[ALL3, MBL3] -> AL.LHL2 -> [LHL3, LH.SNPL3]",AL,3,MB,3,LH,3,LH.SNP,3
131585,mixed,BWD->FWD,BWD,FWD,2,2,0,214,38,5.865,3458,16.159,AL.LH,2,2,2,"[ALL3, LHL3] -> AL.LHL2 -> [AL.LHL3, MBL3]",AL,3,LH,3,AL.LH,3,MB,3
130627,mixed,BWD->FWD,BWD,FWD,2,2,0,187,6,2.907,33347,178.326,OL.VMNP,2,2,2,"[INP.VMNPL3, VLNP.VMNPL3] -> OL.VMNPL2 -> [OLL3, OL.VLNPL3]",INP.VMNP,3,VLNP.VMNP,3,OL,3,OL.VLNP,3
129548,mixed,BWD->FWD,BWD,FWD,2,2,0,187,5,2.031,34005,181.845,OL.VMNP,2,2,2,"[OL.VMNPL3, VLNPL3] -> OL.VMNPL2 -> [OLL3, OL.VLNPL3]",OL.VMNP,3,VLNP,3,OL,3,OL.VLNP,3
128188,mixed,BWD->FWD,BWD,FWD,2,2,0,38835,2,1.202,33255,0.856,OL,2,2,2,"[OLL3, OL.PENPL3] -> OLL2 -> [OL.VLNPL3, OL.VMNPL3]",OL,3,OL.PENP,3,OL.VLNP,3,OL.VMNP,3
127573,mixed,BWD->FWD,BWD,FWD,2,2,0,214,49,8.609,1519,7.098,AL.LH,2,2,2,"[ALL3, LHL3] -> AL.LHL2 -> [INP.MBL3, LH.SNPL3]",AL,3,LH,3,INP.MB,3,LH.SNP,3
126672,mixed,BWD->FWD,BWD,FWD,2,2,0,1802,1,1.0,1269,0.704,AL,1,2,2,"[ALL2, AL.LHL2] -> ALL1 -> [AL.MBL2, GNG.LHL2]",AL,2,AL.LH,2,AL.MB,2,GNG.LH,2
126672,mixed,BWD->FWD,BWD,FWD,2,2,0,1802,1,1.0,1272,0.706,AL,1,2,2,"[ALL2, AL.LHL2] -> ALL1 -> [AL.MBL2, INP.LXL2]",AL,2,AL.LH,2,AL.MB,2,INP.LX,2
125872,mixed,BWD->FWD,BWD,FWD,2,2,0,83,4,1.986,4865,58.614,INP.MB,2,2,2,"[INP.MBL3, MBL3] -> INP.MBL2 -> [INPL3, SNPL3]",INP.MB,3,MB,3,INP,3,SNP,3
125156,mixed,BWD->FWD,BWD,FWD,2,2,0,131,6,1.003,34271,261.611,VLNP.VMNP,2,2,2,"[OLL3, OL.VLNPL3] -> VLNP.VMNPL2 -> [VLNPL3, VMNPL3]",OL,3,OL.VLNP,3,VLNP,3,VMNP,3
125016,mixed,BWD->FWD,BWD,FWD,2,2,0,131,5,1.001,33662,256.962,VLNP.VMNP,2,2,2,"[OLL3, OL.VLNPL3] -> VLNP.VMNPL2 -> [VLNP.VMNPL3, VMNPL3]",OL,3,OL.VLNP,3,VLNP.VMNP,3,VMNP,3
124975,mixed,BWD->FWD,BWD,FWD,2,2,0,187,5,1.659,32120,171.765,OL.VMNP,2,2,2,"[INP.VMNPL3, VMNPL3] -> OL.VMNPL2 -> [OLL3, OL.VMNPL3]",INP.VMNP,3,VMNP,3,OL,3,OL.VMNP,3
124950,mixed,BWD->FWD,BWD,FWD,2,2,0,131,1,1.0,33628,256.702,VLNP.VMNP,2,2,2,"[OLL3, OL.VLNPL3] -> VLNP.VMNPL2 -> [LX.VLNPL3, VMNPL3]",OL,3,OL.VLNP,3,LX.VLNP,3,VMNP,3
124390,mixed,BWD->FWD,BWD,FWD,2,2,0,1802,7,2.046,1269,0.704,AL,1,2,2,"[AL.LHL2, AL.PENPL2] -> ALL1 -> [ALL2, AL.MBL2]",AL.LH,2,AL.PENP,2,AL,2,AL.MB,2
124259,mixed,BWD->FWD,BWD,FWD,2,2,0,187,15,1.765,33608,179.722,OL.VMNP,2,2,2,"[GNG.VMNPL3, VMNPL3] -> OL.VMNPL2 -> [OLL3, OL.VLNPL3]",GNG.VMNP,3,VMNP,3,OL,3,OL.VLNP,3
124080,mixed,BWD->FWD,BWD,FWD,2,2,0,83,1,1.0,3756,45.253,INP.MB,2,2,2,"[INP.MBL3, MBL3] -> INP.MBL2 -> [LH.SNPL3, MB.SNPL3]",INP.MB,3,MB,3,LH.SNP,3,MB.SNP,3
123652,mixed,BWD->FWD,BWD,FWD,2,2,0,187,2,1.101,32237,172.39,OL.VMNP,2,2,2,"[INP.SNPL3, VMNPL3] -> OL.VMNPL2 -> [OLL3, OL.VMNPL3]",INP.SNP,3,VMNP,3,OL,3,OL.VMNP,3
122216,mixed,BWD->FWD,BWD,FWD,2,2,0,145,11,4.496,5835,40.241,AL.MB,2,2,2,"[LHL3, LH.SNPL3] -> AL.MBL2 -> [MBL3, SNPL3]",LH,3,LH.SNP,3,MB,3,SNP,3
121222,mixed,BWD->FWD,BWD,FWD,2,2,0,187,3,1.06,33827,180.893,OL.VMNP,2,2,2,"[SNPL3, VMNPL3] -> OL.VMNPL2 -> [OLL3, OL.VMNPL3]",SNP,3,VMNP,3,OL,3,OL.VMNP,3
118122,mixed,BWD->FWD,BWD,FWD,2,2,0,7,2,1.63,39875,5696.429,GNG.OL,1,2,2,"[PENP.VLNPL2, VMNPL2] -> GNG.OLL1 -> [OLL2, OL.VLNPL2]",PENP.VLNP,2,VMNP,2,OL,2,OL.VLNP,2
116881,mixed,BWD->FWD,BWD,FWD,2,2,0,491,7,1.749,33396,68.016,OL.VLNP,2,2,2,"[OLL3, OL.VLNPL3] -> OL.VLNPL2 -> [OL.VMNPL3, VLNP.VMNPL3]",OL,3,OL.VLNP,3,OL.VMNP,3,VLNP.VMNP,3
116785,mixed,BWD->FWD,BWD,FWD,2,2,0,1802,6,2.787,1123,0.623,AL,1,2,2,"[AL.SNPL2, AL.VLNPL2] -> ALL1 -> [ALL2, AL.MBL2]",AL.SNP,2,AL.VLNP,2,AL,2,AL.MB,2
114846,mixed,BWD->FWD,BWD,FWD,2,2,0,187,9,1.472,32812,175.465,OL.VMNP,2,2,2,"[VLNPL3, VMNPL3] -> OL.VMNPL2 -> [OLL3, OL.VMNPL3]",VLNP,3,VMNP,3,OL,3,OL.VMNP,3
114693,mixed,BWD->FWD,BWD,FWD,2,2,0,7,2,1.784,39618,5659.714,GNG.OL,1,2,2,"[GNG.VMNPL2, OL.VMNPL2] -> GNG.OLL1 -> [OLL2, OL.VLNPL2]",GNG.VMNP,2,OL.VMNP,2,OL,2,OL.VLNP,2
113311,mixed,BWD->FWD,BWD,FWD,2,2,0,7,4,3.55,39930,5704.286,GNG.OL,1,2,2,"[VLNP.VMNPL2, VMNPL2] -> GNG.OLL1 -> [OLL2, OL.VLNPL2]",VLNP.VMNP,2,VMNP,2,OL,2,OL.VLNP,2
111860,mixed,BWD->FWD,BWD,FWD,2,2,0,93,9,1.818,3145,33.817,LH,2,2,2,"[AL.LHL3, LHL3] -> LHL2 -> [LH.SNPL3, SNPL3]",AL.LH,3,LH,3,LH.SNP,3,SNP,3
111789,mixed,BWD->FWD,BWD,FWD,2,2,0,7,2,1.944,39986,5712.286,GNG.OL,1,2,2,"[OL.VMNPL2, VMNPL2] -> GNG.OLL1 -> [OLL2, OL.VLNPL2]",OL.VMNP,2,VMNP,2,OL,2,OL.VLNP,2
111600,mixed,BWD->FWD,BWD,FWD,2,2,0,11117,2,1.807,39344,3.539,OL,1,2,2,"[OLL2, OL.SNPL2] -> OLL1 -> [LH.OLL2, OL.VLNPL2]",OL,2,OL.SNP,2,LH.OL,2,OL.VLNP,2
111109,mixed,BWD->FWD,BWD,FWD,2,2,0,1802,7,2.224,1269,0.704,AL,1,2,2,"[ALL2, AL.PENPL2] -> ALL1 -> [AL.LHL2, AL.MBL2]",AL,2,AL.PENP,2,AL.LH,2,AL.MB,2
110784,mixed,BWD->FWD,BWD,FWD,2,2,0,187,14,2.778,33600,179.679,OL.VMNP,2,2,2,"[PENP.VMNPL3, VMNPL3] -> OL.VMNPL2 -> [OLL3, OL.VLNPL3]",PENP.VMNP,3,VMNP,3,OL,3,OL.VLNP,3
109910,mixed,BWD->FWD,BWD,FWD,2,2,0,1802,6,2.11,1192,0.661,AL,1,2,2,"[AL.SNPL2, AL.VLNPL2] -> ALL1 -> [ALL2, AL.LHL2]",AL.SNP,2,AL.VLNP,2,AL,2,AL.LH,2
109089,mixed,BWD->FWD,BWD,FWD,2,2,0,145,80,13.059,4105,28.31,AL.MB,2,2,2,"[LHL3, MBL3] -> AL.MBL2 -> [ALL3, LH.SNPL3]",LH,3,MB,3,AL,3,LH.SNP,3
107836,mixed,BWD->FWD,BWD,FWD,2,2,0,187,2,1.057,33430,178.77,OL.VMNP,2,2,2,"[INP.SNPL3, OL.VMNPL3] -> OL.VMNPL2 -> [OLL3, OL.VLNPL3]",INP.SNP,3,OL.VMNP,3,OL,3,OL.VLNP,3
107568,mixed,BWD->FWD,BWD,FWD,2,2,0,491,3,1.199,33922,69.088,OL.VLNP,2,2,2,"[GNG.INPL3, VLNPL3] -> OL.VLNPL2 -> [OLL3, OL.VLNPL3]",GNG.INP,3,VLNP,3,OL,3,OL.VLNP,3
107504,mixed,BWD->FWD,BWD,FWD,2,2,0,491,11,1.511,33478,68.183,OL.VLNP,2,2,2,"[OLL3, OL.VLNPL3] -> OL.VLNPL2 -> [INP.VLNPL3, VLNP.VMNPL3]",OL,3,OL.VLNP,3,INP.VLNP,3,VLNP.VMNP,3
107292,mixed,BWD->FWD,BWD,FWD,2,2,0,1802,3,1.998,1269,0.704,AL,1,2,2,"[ALL2, AL.LHL2] -> ALL1 -> [AL.MBL2, AL.PENPL2]",AL,2,AL.LH,2,AL.MB,2,AL.PENP,2
106348,mixed,BWD->FWD,BWD,FWD,2,2,0,187,2,1.028,35020,187.273,OL.VMNP,2,2,2,"[OL.VMNPL3, SNPL3] -> OL.VMNPL2 -> [OLL3, OL.VLNPL3]",OL.VMNP,3,SNP,3,OL,3,OL.VLNP,3
105679,mixed,BWD->FWD,BWD,FWD,2,2,0,47,7,1.478,4162,88.553,MB.SNP,2,2,2,"[MBL3, MB.SNPL3] -> MB.SNPL2 -> [LHL3, LH.SNPL3]",MB,3,MB.SNP,3,LH,3,LH.SNP,3
105506,mixed,BWD->FWD,BWD,FWD,2,2,0,1802,4,1.012,1627,0.903,AL,1,2,2,"[AL.LHL2, VLNPL2] -> ALL1 -> [ALL2, AL.MBL2]",AL.LH,2,VLNP,2,AL,2,AL.MB,2
102792,mixed,BWD->FWD,BWD,FWD,2,2,0,83,3,1.264,3120,37.59,INP.MB,2,2,2,"[MBL3, MB.VLNPL3] -> INP.MBL2 -> [INP.SNPL3, MB.SNPL3]",MB,3,MB.VLNP,3,INP.SNP,3,MB.SNP,3
102380,mixed,BWD->FWD,BWD,FWD,2,2,0,26,4,3.85,39808,1531.077,OL.VMNP,1,2,2,"[OL.VLNPL2, VMNPL2] -> OL.VMNPL1 -> [OLL2, OL.SNPL2]",OL.VLNP,2,VMNP,2,OL,2,OL.SNP,2
101805,mixed,BWD->FWD,BWD,FWD,2,2,0,187,5,2.368,34039,182.027,OL.VMNP,2,2,2,"[VLNPL3, VLNP.VMNPL3] -> OL.VMNPL2 -> [OLL3, OL.VLNPL3]",VLNP,3,VLNP.VMNP,3,OL,3,OL.VLNP,3
101792,mixed,BWD->FWD,BWD,FWD,2,2,0,1802,5,1.738,1188,0.659,AL,1,2,2,"[ALL2, LHL2] -> ALL1 -> [AL.MBL2, AL.VLNPL2]",AL,2,LH,2,AL.MB,2,AL.VLNP,2
101374,mixed,BWD->FWD,BWD,FWD,2,2,0,7,2,1.999,39507,5643.857,GNG.OL,1,2,2,"[GNG.VMNPL2, PENP.VLNPL2] -> GNG.OLL1 -> [OLL2, OL.VLNPL2]",GNG.VMNP,2,PENP.VLNP,2,OL,2,OL.VLNP,2
100310,mixed,BWD->FWD,BWD,FWD,2,2,0,1802,2,1.001,1269,0.704,AL,1,2,2,"[AL.LHL2, GNG.LHL2] -> ALL1 -> [ALL2, AL.MBL2]",AL.LH,2,GNG.LH,2,AL,2,AL.MB,2
99467,mixed,BWD->FWD,BWD,FWD,2,2,0,26,8,5.489,39452,1517.385,OL.VMNP,1,2,2,"[GNG.VLNPL2, GNG.VMNPL2] -> OL.VMNPL1 -> [OLL2, OL.VLNPL2]",GNG.VLNP,2,GNG.VMNP,2,OL,2,OL.VLNP,2
99158,mixed,BWD->FWD,BWD,FWD,2,2,0,1802,5,1.442,1257,0.698,AL,1,2,2,"[ALL2, LHL2] -> ALL1 -> [AL.LHL2, AL.VLNPL2]",AL,2,LH,2,AL.LH,2,AL.VLNP,2
98741,mixed,BWD->FWD,BWD,FWD,2,2,0,1802,4,2.092,1269,0.704,AL,1,2,2,"[AL.MBL2, AL.PENPL2] -> ALL1 -> [ALL2, AL.LHL2]",AL.MB,2,AL.PENP,2,AL,2,AL.LH,2
98204,mixed,BWD->FWD,BWD,FWD,2,2,0,1802,4,2.001,1269,0.704,AL,1,2,2,"[AL.LHL2, AL.MBL2] -> ALL1 -> [ALL2, AL.PENPL2]",AL.LH,2,AL.MB,2,AL,2,AL.PENP,2
97652,mixed,BWD->FWD,BWD,FWD,2,2,0,26,6,2.408,39758,1529.154,OL.VMNP,1,2,2,"[GNGL2, GNG.VMNPL2] -> OL.VMNPL1 -> [OLL2, OL.SNPL2]",GNG,2,GNG.VMNP,2,OL,2,OL.SNP,2
97632,mixed,BWD->FWD,BWD,FWD,2,2,0,93,2,1.394,3247,34.914,LH,2,2,2,"[LH.SNPL3, SNPL3] -> LHL2 -> [INP.SNPL3, LHL3]",LH.SNP,3,SNP,3,INP.SNP,3,LH,3
94242,mixed,BWD->FWD,BWD,FWD,2,2,0,1802,3,2.143,2076,1.152,AL,1,2,2,"[AL.LHL2, AL.MBL2] -> ALL1 -> [ALL2, GNGL2]",AL.LH,2,AL.MB,2,AL,2,GNG,2
93778,mixed,BWD->FWD,BWD,FWD,2,2,0,26,5,4.336,39791,1530.423,OL.VMNP,1,2,2,"[GNG.VMNPL2, VLNPL2] -> OL.VMNPL1 -> [OLL2, OL.VLNPL2]",GNG.VMNP,2,VLNP,2,OL,2,OL.VLNP,2
93612,mixed,BWD->FWD,BWD,FWD,2,2,0,145,6,3.926,4143,28.572,AL.MB,2,2,2,"[AL.LHL3, LHL3] -> AL.MBL2 -> [LH.SNPL3, MBL3]",AL.LH,3,LH,3,LH.SNP,3,MB,3
93325,mixed,BWD->FWD,BWD,FWD,2,2,0,145,9,4.139,3477,23.979,AL.MB,2,2,2,"[ALL3, LHL3] -> AL.MBL2 -> [MBL3, MB.SNPL3]",AL,3,LH,3,MB,3,MB.SNP,3
93116,mixed,BWD->FWD,BWD,FWD,2,2,0,187,3,1.35,34387,183.888,OL.VMNP,2,2,2,"[GNGL3, VMNPL3] -> OL.VMNPL2 -> [OLL3, OL.VLNPL3]",GNG,3,VMNP,3,OL,3,OL.VLNP,3
92826,mixed,BWD->FWD,BWD,FWD,2,2,0,93,2,1.826,3247,34.914,LH,2,2,2,"[INP.SNPL3, SNPL3] -> LHL2 -> [LHL3, LH.SNPL3]",INP.SNP,3,SNP,3,LH,3,LH.SNP,3
92407,mixed,BWD->FWD,BWD,FWD,2,2,0,187,4,2.729,33956,181.583,OL.VMNP,2,2,2,"[INP.VMNPL3, VLNPL3] -> OL.VMNPL2 -> [OLL3, OL.VLNPL3]",INP.VMNP,3,VLNP,3,OL,3,OL.VLNP,3
92288,mixed,BWD->FWD,BWD,FWD,2,2,0,26,2,1.05,39986,1537.923,OL.VMNP,1,2,2,"[OL.VMNPL2, VMNPL2] -> OL.VMNPL1 -> [OLL2, OL.VLNPL2]",OL.VMNP,2,VMNP,2,OL,2,OL.VLNP,2
92286,mixed,BWD->FWD,BWD,FWD,2,2,0,93,2,1.273,3247,34.914,LH,2,2,2,"[LHL3, SNPL3] -> LHL2 -> [INP.SNPL3, LH.SNPL3]",LH,3,SNP,3,INP.SNP,3,LH.SNP,3
92270,mixed,BWD->FWD,BWD,FWD,2,2,0,83,3,2.167,4793,57.747,INP.MB,2,2,2,"[MBL3, MB.VLNPL3] -> INP.MBL2 -> [INP.SNPL3, SNPL3]",MB,3,MB.VLNP,3,INP.SNP,3,SNP,3
90450,mixed,BWD->FWD,BWD,FWD,2,2,0,83,3,2.609,4896,58.988,INP.MB,2,2,2,"[INP.VLNPL3, MBL3] -> INP.MBL2 -> [INP.SNPL3, SNPL3]",INP.VLNP,3,MB,3,INP.SNP,3,SNP,3
89970,mixed,BWD->FWD,BWD,FWD,2,2,0,131,2,1.016,34005,259.58,VLNP.VMNP,2,2,2,"[OLL3, OL.VLNPL3] -> VLNP.VMNPL2 -> [LX.VLNPL3, VLNPL3]",OL,3,OL.VLNP,3,LX.VLNP,3,VLNP,3
89880,mixed,BWD->FWD,BWD,FWD,2,2,0,187,1,1.0,33545,179.385,OL.VMNP,2,2,2,"[GNG.INPL3, VMNPL3] -> OL.VMNPL2 -> [OLL3, OL.VLNPL3]",GNG.INP,3,VMNP,3,OL,3,OL.VLNP,3
89356,mixed,BWD->FWD,BWD,FWD,2,2,0,131,5,1.002,34039,259.84,VLNP.VMNP,2,2,2,"[OLL3, OL.VLNPL3] -> VLNP.VMNPL2 -> [VLNPL3, VLNP.VMNPL3]",OL,3,OL.VLNP,3,VLNP,3,VLNP.VMNP,3
89250,mixed,BWD->FWD,BWD,FWD,2,2,0,131,1,1.0,33396,254.931,VLNP.VMNP,2,2,2,"[OLL3, OL.VLNPL3] -> VLNP.VMNPL2 -> [LX.VLNPL3, VLNP.VMNPL3]",OL,3,OL.VLNP,3,LX.VLNP,3,VLNP.VMNP,3
89088,mixed,BWD->FWD,BWD,FWD,2,2,0,83,3,1.405,3223,38.831,INP.MB,2,2,2,"[INP.VLNPL3, MBL3] -> INP.MBL2 -> [INP.SNPL3, MB.SNPL3]",INP.VLNP,3,MB,3,INP.SNP,3,MB.SNP,3
88307,mixed,BWD->FWD,BWD,FWD,2,2,0,214,14,2.765,4105,19.182,AL.LH,2,2,2,"[LHL3, LH.SNPL3] -> AL.LHL2 -> [ALL3, MBL3]",LH,3,LH.SNP,3,AL,3,MB,3
87603,mixed,BWD->FWD,BWD,FWD,2,2,0,214,50,10.782,3107,14.519,AL.LH,2,2,2,"[ALL3, LHL3] -> AL.LHL2 -> [LH.SNPL3, SNPL3]",AL,3,LH,3,LH.SNP,3,SNP,3
87120,mixed,BWD->FWD,BWD,FWD,2,2,0,491,2,1.018,33363,67.949,OL.VLNP,2,2,2,"[OLL3, OL.VLNPL3] -> OL.VLNPL2 -> [PENP.VLNPL3, VLNP.VMNPL3]",OL,3,OL.VLNP,3,PENP.VLNP,3,VLNP.VMNP,3
86333,mixed,BWD->FWD,BWD,FWD,2,2,0,7,3,1.238,40495,5785.0,GNG.OL,1,2,2,"[GNGL2, VLNPL2] -> GNG.OLL1 -> [OLL2, OL.VLNPL2]",GNG,2,VLNP,2,OL,2,OL.VLNP,2
85144,mixed,BWD->FWD,BWD,FWD,2,2,0,1802,2,1.013,1627,0.903,AL,1,2,2,"[AL.MBL2, VLNPL2] -> ALL1 -> [ALL2, AL.LHL2]",AL.MB,2,VLNP,2,AL,2,AL.LH,2
84545,mixed,BWD->FWD,BWD,FWD,2,2,0,214,4,2.071,3526,16.477,AL.LH,2,2,2,"[ALL3, LH.MBL3] -> AL.LHL2 -> [LH.SNPL3, MBL3]",AL,3,LH.MB,3,LH.SNP,3,MB,3
83921,mixed,BWD->FWD,BWD,FWD,2,2,0,1802,5,2.001,1269,0.704,AL,1,2,2,"[ALL2, AL.MBL2] -> ALL1 -> [AL.LHL2, AL.PENPL2]",AL,2,AL.MB,2,AL.LH,2,AL.PENP,2
83840,mixed,BWD->FWD,BWD,FWD,2,2,0,1802,6,2.167,1101,0.611,AL,1,2,2,"[ALL2, AL.MBL2] -> ALL1 -> [AL.GNGL2, AL.VLNPL2]",AL,2,AL.MB,2,AL.GNG,2,AL.VLNP,2
82599,mixed,BWD->FWD,BWD,FWD,2,2,0,145,72,13.947,4247,29.29,AL.MB,2,2,2,"[LHL3, MBL3] -> AL.MBL2 -> [INP.MBL3, LH.SNPL3]",LH,3,MB,3,INP.MB,3,LH.SNP,3
82156,mixed,BWD->FWD,BWD,FWD,2,2,0,1802,1,1.0,1347,0.748,AL,1,2,2,"[ALL2, AL.LHL2] -> ALL1 -> [AL.MBL2, LH.SNPL2]",AL,2,AL.LH,2,AL.MB,2,LH.SNP,2
82139,mixed,BWD->FWD,BWD,FWD,2,2,0,491,6,2.548,34039,69.326,OL.VLNP,2,2,2,"[VLNPL3, VLNP.VMNPL3] -> OL.VLNPL2 -> [OLL3, OL.VLNPL3]",VLNP,3,VLNP.VMNP,3,OL,3,OL.VLNP,3
81840,mixed,BWD->FWD,BWD,FWD,2,2,0,145,1,1.0,5287,36.462,AL.MB,2,2,2,"[ALL3, SNPL3] -> AL.MBL2 -> [LH.SNPL3, MBL3]",AL,3,SNP,3,LH.SNP,3,MB,3
81829,mixed,BWD->FWD,BWD,FWD,2,2,0,7,3,1.118,40228,5746.857,GNG.OL,1,2,2,"[GNGL2, LXL2] -> GNG.OLL1 -> [OLL2, OL.VLNPL2]",GNG,2,LX,2,OL,2,OL.VLNP,2
81463,mixed,BWD->FWD,BWD,FWD,2,2,0,145,6,4.192,3458,23.848,AL.MB,2,2,2,"[ALL3, AL.LHL3] -> AL.MBL2 -> [LHL3, MBL3]",AL,3,AL.LH,3,LH,3,MB,3
81279,mixed,BWD->FWD,BWD,FWD,2,2,0,38835,13,1.991,33265,0.857,OL,2,2,2,"[OLL3, OL.VMNPL3] -> OLL2 -> [OL.SNPL3, OL.VLNPL3]",OL,3,OL.VMNP,3,OL.SNP,3,OL.VLNP,3
24864789,mixed,LAT->FWD,LAT,FWD,2,0,2,145,39,6.394,4607,31.772,AL.MB,2,2,2,"[ALL2, AL.LHL2] -> AL.MBL2 -> [LH.SNPL3, MBL3]",AL,2,AL.LH,2,LH.SNP,3,MB,3
21898550,mixed,LAT->FWD,LAT,FWD,2,0,2,145,39,6.631,4470,30.828,AL.MB,2,2,2,"[ALL2, AL.LHL2] -> AL.MBL2 -> [LHL3, MBL3]",AL,2,AL.LH,2,LH,3,MB,3
18650581,mixed,LAT->FWD,LAT,FWD,2,0,2,145,59,8.967,4486,30.938,AL.MB,2,2,2,"[ALL2, LHL2] -> AL.MBL2 -> [LH.SNPL3, MBL3]",AL,2,LH,2,LH.SNP,3,MB,3
16277013,mixed,LAT->FWD,LAT,FWD,2,0,2,145,59,11.167,4349,29.993,AL.MB,2,2,2,"[ALL2, LHL2] -> AL.MBL2 -> [LHL3, MBL3]",AL,2,LH,2,LH,3,MB,3
9848438,mixed,LAT->FWD,LAT,FWD,2,0,2,145,38,3.257,3922,27.048,AL.MB,2,2,2,"[ALL2, AL.LHL2] -> AL.MBL2 -> [ALL3, MBL3]",AL,2,AL.LH,2,AL,3,MB,3
9373339,mixed,LAT->FWD,LAT,FWD,2,0,2,38835,253,4.01,33824,0.871,OL,2,2,2,"[OL.VLNPL2, OL.VMNPL2] -> OLL2 -> [OLL3, OL.VLNPL3]",OL.VLNP,2,OL.VMNP,2,OL,3,OL.VLNP,3
6132659,mixed,LAT->FWD,LAT,FWD,2,0,2,145,34,2.723,4064,28.028,AL.MB,2,2,2,"[ALL2, AL.LHL2] -> AL.MBL2 -> [INP.MBL3, MBL3]",AL,2,AL.LH,2,INP.MB,3,MB,3
4947666,mixed,LAT->FWD,LAT,FWD,2,0,2,145,57,7.06,3801,26.214,AL.MB,2,2,2,"[ALL2, LHL2] -> AL.MBL2 -> [ALL3, MBL3]",AL,2,LH,2,AL,3,MB,3
4476334,mixed,LAT->FWD,LAT,FWD,2,0,2,214,33,12.136,4349,20.322,AL.LH,2,2,2,"[ALL2, LHL2] -> AL.LHL2 -> [LHL3, MBL3]",AL,2,LH,2,LH,3,MB,3
4332359,mixed,LAT->FWD,LAT,FWD,2,0,2,145,15,7.102,4398,30.331,AL.MB,2,2,2,"[ALL2, LH.MBL2] -> AL.MBL2 -> [LH.SNPL3, MBL3]",AL,2,LH.MB,2,LH.SNP,3,MB,3
3966249,mixed,LAT->FWD,LAT,FWD,2,0,2,145,39,8.486,2427,16.738,AL.MB,2,2,2,"[ALL2, AL.LHL2] -> AL.MBL2 -> [LHL3, LH.SNPL3]",AL,2,AL.LH,2,LH,3,LH.SNP,3
3662723,mixed,LAT->FWD,LAT,FWD,2,0,2,145,16,8.4,4261,29.386,AL.MB,2,2,2,"[ALL2, LH.MBL2] -> AL.MBL2 -> [LHL3, MBL3]",AL,2,LH.MB,2,LH,3,MB,3
3421019,mixed,LAT->FWD,LAT,FWD,2,0,2,214,31,10.81,4486,20.963,AL.LH,2,2,2,"[ALL2, LHL2] -> AL.LHL2 -> [LH.SNPL3, MBL3]",AL,2,LH,2,LH.SNP,3,MB,3
3364686,mixed,LAT->FWD,LAT,FWD,2,0,2,38835,25,2.712,33646,0.866,OL,2,2,2,"[OL.SNPL2, OL.VLNPL2] -> OLL2 -> [OLL3, OL.VLNPL3]",OL.SNP,2,OL.VLNP,2,OL,3,OL.VLNP,3
3262776,mixed,LAT->FWD,LAT,FWD,2,0,2,145,57,11.138,2306,15.903,AL.MB,2,2,2,"[ALL2, LHL2] -> AL.MBL2 -> [LHL3, LH.SNPL3]",AL,2,LH,2,LH,3,LH.SNP,3
3145570,mixed,LAT->FWD,LAT,FWD,2,0,2,145,55,6.381,3943,27.193,AL.MB,2,2,2,"[ALL2, LHL2] -> AL.MBL2 -> [INP.MBL3, MBL3]",AL,2,LH,2,INP.MB,3,MB,3
2924090,mixed,LAT->FWD,LAT,FWD,2,0,2,145,5,3.25,4435,30.586,AL.MB,2,2,2,"[ALL2, AL.VLNPL2] -> AL.MBL2 -> [LH.SNPL3, MBL3]",AL,2,AL.VLNP,2,LH.SNP,3,MB,3
2716816,mixed,LAT->FWD,LAT,FWD,2,0,2,145,5,3.43,4298,29.641,AL.MB,2,2,2,"[ALL2, AL.VLNPL2] -> AL.MBL2 -> [LHL3, MBL3]",AL,2,AL.VLNP,2,LH,3,MB,3
2660164,mixed,LAT->FWD,LAT,FWD,2,0,2,491,19,1.699,72341,147.334,OL.VLNP,2,2,2,"[OLL2, VLNPL2] -> OL.VLNPL2 -> [OLL3, OL.VLNPL3]",OL,2,VLNP,2,OL,3,OL.VLNP,3
2592926,mixed,LAT->FWD,LAT,FWD,2,0,2,145,5,4.03,4421,30.49,AL.MB,2,2,2,"[ALL2, AL.SNPL2] -> AL.MBL2 -> [LH.SNPL3, MBL3]",AL,2,AL.SNP,2,LH.SNP,3,MB,3
2261248,mixed,LAT->FWD,LAT,FWD,2,0,2,145,20,5.822,5652,38.979,AL.MB,2,2,2,"[ALL2, AL.LHL2] -> AL.MBL2 -> [MBL3, SNPL3]",AL,2,AL.LH,2,MB,3,SNP,3
2208980,mixed,LAT->FWD,LAT,FWD,2,0,2,38835,16,1.504,33997,0.875,OL,2,2,2,"[OL.VLNPL2, VLNPL2] -> OLL2 -> [OLL3, OL.VLNPL3]",OL.VLNP,2,VLNP,2,OL,3,OL.VLNP,3
2143967,mixed,LAT->FWD,LAT,FWD,2,0,2,145,5,4.242,4284,29.545,AL.MB,2,2,2,"[ALL2, AL.SNPL2] -> AL.MBL2 -> [LHL3, MBL3]",AL,2,AL.SNP,2,LH,3,MB,3
2014435,mixed,LAT->FWD,LAT,FWD,2,0,2,145,14,3.828,4399,30.338,AL.MB,2,2,2,"[ALL2, AL.VMNPL2] -> AL.MBL2 -> [LH.SNPL3, MBL3]",AL,2,AL.VMNP,2,LH.SNP,3,MB,3
1931313,mixed,LAT->FWD,LAT,FWD,2,0,2,145,14,5.03,4262,29.393,AL.MB,2,2,2,"[ALL2, AL.VMNPL2] -> AL.MBL2 -> [LHL3, MBL3]",AL,2,AL.VMNP,2,LH,3,MB,3
1730762,mixed,LAT->FWD,LAT,FWD,2,0,2,145,19,2.42,3928,27.09,AL.MB,2,2,2,"[ALL2, AL.LHL2] -> AL.MBL2 -> [LH.VLNPL3, MBL3]",AL,2,AL.LH,2,LH.VLNP,3,MB,3
1585289,mixed,LAT->FWD,LAT,FWD,2,0,2,145,32,6.833,5531,38.145,AL.MB,2,2,2,"[ALL2, LHL2] -> AL.MBL2 -> [MBL3, SNPL3]",AL,2,LH,2,MB,3,SNP,3
1528158,mixed,LAT->FWD,LAT,FWD,2,0,2,214,44,15.495,2306,10.776,AL.LH,2,2,2,"[ALL2, LHL2] -> AL.LHL2 -> [LHL3, LH.SNPL3]",AL,2,LH,2,LH,3,LH.SNP,3
1523133,mixed,LAT->FWD,LAT,FWD,2,0,2,214,68,5.76,2358,11.019,AL.LH,2,2,2,"[ALL2, AL.MBL2] -> AL.LHL2 -> [LHL3, LH.SNPL3]",AL,2,AL.MB,2,LH,3,LH.SNP,3
1522692,mixed,LAT->FWD,LAT,FWD,2,0,2,145,38,4.164,1879,12.959,AL.MB,2,2,2,"[ALL2, AL.LHL2] -> AL.MBL2 -> [ALL3, LH.SNPL3]",AL,2,AL.LH,2,AL,3,LH.SNP,3
1514342,mixed,LAT->FWD,LAT,FWD,2,0,2,38835,27,2.737,33342,0.859,OL,2,2,2,"[OL.SNPL2, OL.VMNPL2] -> OLL2 -> [OLL3, OL.VLNPL3]",OL.SNP,2,OL.VMNP,2,OL,3,OL.VLNP,3
1459034,mixed,LAT->FWD,LAT,FWD,2,0,2,145,4,2.999,3750,25.862,AL.MB,2,2,2,"[ALL2, AL.VLNPL2] -> AL.MBL2 -> [ALL3, MBL3]",AL,2,AL.VLNP,2,AL,3,MB,3
1425452,mixed,LAT->FWD,LAT,FWD,2,0,2,38835,7,2.0,33650,0.866,OL,2,2,2,"[INP.OLL2, OL.VLNPL2] -> OLL2 -> [OLL3, OL.VLNPL3]",INP.OL,2,OL.VLNP,2,OL,3,OL.VLNP,3
1386229,mixed,LAT->FWD,LAT,FWD,2,0,2,145,38,4.188,1742,12.014,AL.MB,2,2,2,"[ALL2, AL.LHL2] -> AL.MBL2 -> [ALL3, LHL3]",AL,2,AL.LH,2,AL,3,LH,3
1331579,mixed,LAT->FWD,LAT,FWD,2,0,2,38835,119,2.601,32365,0.833,OL,2,2,2,"[OL.VLNPL2, OL.VMNPL2] -> OLL2 -> [OLL3, OL.VMNPL3]",OL.VLNP,2,OL.VMNP,2,OL,3,OL.VMNP,3
1203571,mixed,LAT->FWD,LAT,FWD,2,0,2,214,12,6.274,4298,20.084,AL.LH,2,2,2,"[ALL2, AL.VLNPL2] -> AL.LHL2 -> [LHL3, MBL3]",AL,2,AL.VLNP,2,LH,3,MB,3
1183791,mixed,LAT->FWD,LAT,FWD,2,0,2,214,30,10.774,3801,17.762,AL.LH,2,2,2,"[ALL2, LHL2] -> AL.LHL2 -> [ALL3, MBL3]",AL,2,LH,2,AL,3,MB,3
1161634,mixed,LAT->FWD,LAT,FWD,2,0,2,214,12,6.152,4435,20.724,AL.LH,2,2,2,"[ALL2, AL.VLNPL2] -> AL.LHL2 -> [LH.SNPL3, MBL3]",AL,2,AL.VLNP,2,LH.SNP,3,MB,3
1115974,mixed,LAT->FWD,LAT,FWD,2,0,2,145,22,5.243,3792,26.152,AL.MB,2,2,2,"[AL.LHL2, LHL2] -> AL.MBL2 -> [LH.SNPL3, MBL3]",AL.LH,2,LH,2,LH.SNP,3,MB,3
1081907,mixed,LAT->FWD,LAT,FWD,2,0,2,214,33,10.829,4401,20.565,AL.LH,2,2,2,"[ALL2, AL.MBL2] -> AL.LHL2 -> [LHL3, MBL3]",AL,2,AL.MB,2,LH,3,MB,3
1046340,mixed,LAT->FWD,LAT,FWD,2,0,2,145,5,3.47,3892,26.841,AL.MB,2,2,2,"[ALL2, AL.VLNPL2] -> AL.MBL2 -> [INP.MBL3, MBL3]",AL,2,AL.VLNP,2,INP.MB,3,MB,3
1042434,mixed,LAT->FWD,LAT,FWD,2,0,2,214,30,10.002,4538,21.206,AL.LH,2,2,2,"[ALL2, AL.MBL2] -> AL.LHL2 -> [LH.SNPL3, MBL3]",AL,2,AL.MB,2,LH.SNP,3,MB,3
1042045,mixed,LAT->FWD,LAT,FWD,2,0,2,87,23,2.283,1756,20.184,PENP.SNP,2,2,2,"[PENPL2, SNPL2] -> PENP.SNPL2 -> [PENPL3, PENP.SNPL3]",PENP,2,SNP,2,PENP,3,PENP.SNP,3
1007847,mixed,LAT->FWD,LAT,FWD,2,0,2,145,4,1.803,3903,26.917,AL.MB,2,2,2,"[ALL2, AL.LHL2] -> AL.MBL2 -> [INP.LHL3, MBL3]",AL,2,AL.LH,2,INP.LH,3,MB,3
968060,mixed,LAT->FWD,LAT,FWD,2,0,2,26,3,1.837,39471,1518.115,OL.VMNP,1,2,2,"[GNG.VMNPL1, VMNPL1] -> OL.VMNPL1 -> [OLL2, OL.VLNPL2]",GNG.VMNP,1,VMNP,1,OL,2,OL.VLNP,2
952106,mixed,LAT->FWD,LAT,FWD,2,0,2,145,34,3.496,2021,13.938,AL.MB,2,2,2,"[ALL2, AL.LHL2] -> AL.MBL2 -> [INP.MBL3, LH.SNPL3]",AL,2,AL.LH,2,INP.MB,3,LH.SNP,3
933759,mixed,LAT->FWD,LAT,FWD,2,0,2,145,22,5.581,3655,25.207,AL.MB,2,2,2,"[AL.LHL2, LHL2] -> AL.MBL2 -> [LHL3, MBL3]",AL.LH,2,LH,2,LH,3,MB,3
924570,mixed,LAT->FWD,LAT,FWD,2,0,2,491,2,1.005,72790,148.248,OL.VLNP,2,2,2,"[GNGL2, OLL2] -> OL.VLNPL2 -> [OLL3, OL.VLNPL3]",GNG,2,OL,2,OL,3,OL.VLNP,3
881707,mixed,LAT->FWD,LAT,FWD,2,0,2,214,9,4.158,5065,23.668,AL.LH,2,2,2,"[ALL2, GNGL2] -> AL.LHL2 -> [LHL3, MBL3]",AL,2,GNG,2,LH,3,MB,3
877071,mixed,LAT->FWD,LAT,FWD,2,0,2,145,34,3.632,1884,12.993,AL.MB,2,2,2,"[ALL2, AL.LHL2] -> AL.MBL2 -> [INP.MBL3, LHL3]",AL,2,AL.LH,2,INP.MB,3,LH,3
862037,mixed,LAT->FWD,LAT,FWD,2,0,2,145,56,9.833,1758,12.124,AL.MB,2,2,2,"[ALL2, LHL2] -> AL.MBL2 -> [ALL3, LH.SNPL3]",AL,2,LH,2,AL,3,LH.SNP,3
844116,mixed,LAT->FWD,LAT,FWD,2,0,2,145,15,8.659,2218,15.297,AL.MB,2,2,2,"[ALL2, LH.MBL2] -> AL.MBL2 -> [LHL3, LH.SNPL3]",AL,2,LH.MB,2,LH,3,LH.SNP,3
837473,mixed,LAT->FWD,LAT,FWD,2,0,2,145,34,4.889,3807,26.255,AL.MB,2,2,2,"[ALL2, LHL2] -> AL.MBL2 -> [LH.VLNPL3, MBL3]",AL,2,LH,2,LH.VLNP,3,MB,3
819128,mixed,LAT->FWD,LAT,FWD,2,0,2,214,4,2.676,4398,20.551,AL.LH,2,2,2,"[ALL2, LH.MBL2] -> AL.LHL2 -> [LH.SNPL3, MBL3]",AL,2,LH.MB,2,LH.SNP,3,MB,3
802826,mixed,LAT->FWD,LAT,FWD,2,0,2,38835,14,1.685,33693,0.868,OL,2,2,2,"[OL.VMNPL2, VLNPL2] -> OLL2 -> [OLL3, OL.VLNPL3]",OL.VMNP,2,VLNP,2,OL,3,OL.VLNP,3
797741,mixed,LAT->FWD,LAT,FWD,2,0,2,145,56,10.785,1621,11.179,AL.MB,2,2,2,"[ALL2, LHL2] -> AL.MBL2 -> [ALL3, LHL3]",AL,2,LH,2,AL,3,LH,3
744202,mixed,LAT->FWD,LAT,FWD,2,0,2,214,28,8.451,3943,18.425,AL.LH,2,2,2,"[ALL2, LHL2] -> AL.LHL2 -> [INP.MBL3, MBL3]",AL,2,LH,2,INP.MB,3,MB,3
716566,mixed,LAT->FWD,LAT,FWD,2,0,2,145,16,9.467,3713,25.607,AL.MB,2,2,2,"[ALL2, LH.MBL2] -> AL.MBL2 -> [ALL3, MBL3]",AL,2,LH.MB,2,AL,3,MB,3
701232,mixed,LAT->FWD,LAT,FWD,2,0,2,87,24,3.034,2861,32.885,PENP.SNP,2,2,2,"[PENPL2, SNPL2] -> PENP.SNPL2 -> [PENP.SNPL3, SNPL3]",PENP,2,SNP,2,PENP.SNP,3,SNP,3
676844,mixed,LAT->FWD,LAT,FWD,2,0,2,214,4,2.997,4261,19.911,AL.LH,2,2,2,"[ALL2, LH.MBL2] -> AL.LHL2 -> [LHL3, MBL3]",AL,2,LH.MB,2,LH,3,MB,3
666951,mixed,LAT->FWD,LAT,FWD,2,0,2,214,23,10.289,2255,10.537,AL.LH,2,2,2,"[ALL2, AL.VLNPL2] -> AL.LHL2 -> [LHL3, LH.SNPL3]",AL,2,AL.VLNP,2,LH,3,LH.SNP,3
657900,mixed,LAT->FWD,LAT,FWD,2,0,2,214,2,1.982,4284,20.019,AL.LH,2,2,2,"[ALL2, AL.SNPL2] -> AL.LHL2 -> [LHL3, MBL3]",AL,2,AL.SNP,2,LH,3,MB,3
629810,mixed,LAT->FWD,LAT,FWD,2,0,2,145,3,1.967,4258,29.366,AL.MB,2,2,2,"[ALL2, AL.PENPL2] -> AL.MBL2 -> [LHL3, MBL3]",AL,2,AL.PENP,2,LH,3,MB,3
621364,mixed,LAT->FWD,LAT,FWD,2,0,2,145,6,2.475,4637,31.979,AL.MB,2,2,2,"[ALL2, AL.LHL2] -> AL.MBL2 -> [MBL3, VLNPL3]",AL,2,AL.LH,2,MB,3,VLNP,3
617191,mixed,LAT->FWD,LAT,FWD,2,0,2,38835,9,1.9,33346,0.859,OL,2,2,2,"[INP.OLL2, OL.VMNPL2] -> OLL2 -> [OLL3, OL.VLNPL3]",INP.OL,2,OL.VMNP,2,OL,3,OL.VLNP,3
607186,mixed,LAT->FWD,LAT,FWD,2,0,2,491,3,1.026,34315,69.888,OL.VLNP,2,2,2,"[GNGL2, VLNPL2] -> OL.VLNPL2 -> [OLL3, OL.VLNPL3]",GNG,2,VLNP,2,OL,3,OL.VLNP,3
596804,mixed,LAT->FWD,LAT,FWD,2,0,2,145,7,2.293,3891,26.834,AL.MB,2,2,2,"[ALL2, AL.LHL2] -> AL.MBL2 -> [LH.MBL3, MBL3]",AL,2,AL.LH,2,LH.MB,3,MB,3
590857,mixed,LAT->FWD,LAT,FWD,2,0,2,145,5,4.2,3736,25.766,AL.MB,2,2,2,"[ALL2, AL.SNPL2] -> AL.MBL2 -> [ALL3, MBL3]",AL,2,AL.SNP,2,AL,3,MB,3
586856,mixed,LAT->FWD,LAT,FWD,2,0,2,7,4,1.988,50557,7222.429,GNG.OL,1,2,2,"[OLL1, VMNPL1] -> GNG.OLL1 -> [OLL2, OL.VLNPL2]",OL,1,VMNP,1,OL,2,OL.VLNP,2
568878,mixed,LAT->FWD,LAT,FWD,2,0,2,908,27,10.304,469,0.517,AL,2,2,2,"[AL.LHL2, AL.MBL2] -> ALL2 -> [ALL3, AL.LHL3]",AL.LH,2,AL.MB,2,AL,3,AL.LH,3
568597,mixed,LAT->FWD,LAT,FWD,2,0,2,38835,19,2.07,32187,0.829,OL,2,2,2,"[OL.SNPL2, OL.VLNPL2] -> OLL2 -> [OLL3, OL.VMNPL3]",OL.SNP,2,OL.VLNP,2,OL,3,OL.VMNP,3
561439,mixed,LAT->FWD,LAT,FWD,2,0,2,93,25,2.023,1664,17.892,LH,2,2,2,"[AL.LHL2, AL.MBL2] -> LHL2 -> [LHL3, LH.SNPL3]",AL.LH,2,AL.MB,2,LH,3,LH.SNP,3
556342,mixed,LAT->FWD,LAT,FWD,2,0,2,47,7,2.225,3936,83.745,MB.SNP,2,2,2,"[INP.MBL2, MBL2] -> MB.SNPL2 -> [INP.SNPL3, SNPL3]",INP.MB,2,MB,2,INP.SNP,3,SNP,3
555719,mixed,LAT->FWD,LAT,FWD,2,0,2,491,8,1.409,72112,146.868,OL.VLNP,2,2,2,"[OLL2, VLNP.VMNPL2] -> OL.VLNPL2 -> [OLL3, OL.VLNPL3]",OL,2,VLNP.VMNP,2,OL,3,OL.VLNP,3
546218,mixed,LAT->FWD,LAT,FWD,2,0,2,47,9,2.46,4481,95.34,MB.SNP,2,2,2,"[INP.MBL2, MBL2] -> MB.SNPL2 -> [LH.SNPL3, SNPL3]",INP.MB,2,MB,2,LH.SNP,3,SNP,3
543832,mixed,LAT->FWD,LAT,FWD,2,0,2,214,35,12.763,1621,7.575,AL.LH,2,2,2,"[ALL2, LHL2] -> AL.LHL2 -> [ALL3, LHL3]",AL,2,LH,2,AL,3,LH,3
543262,mixed,LAT->FWD,LAT,FWD,2,0,2,145,3,2.343,4395,30.31,AL.MB,2,2,2,"[ALL2, AL.PENPL2] -> AL.MBL2 -> [LH.SNPL3, MBL3]",AL,2,AL.PENP,2,LH.SNP,3,MB,3
536729,mixed,LAT->FWD,LAT,FWD,2,0,2,145,54,8.827,1900,13.103,AL.MB,2,2,2,"[ALL2, LHL2] -> AL.MBL2 -> [INP.MBL3, LH.SNPL3]",AL,2,LH,2,INP.MB,3,LH.SNP,3
534547,mixed,LAT->FWD,LAT,FWD,2,0,2,187,29,2.868,72454,387.455,OL.VMNP,2,2,2,"[OLL2, VMNPL2] -> OL.VMNPL2 -> [OLL3, OL.VLNPL3]",OL,2,VMNP,2,OL,3,OL.VLNP,3
521948,mixed,LAT->FWD,LAT,FWD,2,0,2,145,14,8.358,3855,26.586,AL.MB,2,2,2,"[ALL2, LH.MBL2] -> AL.MBL2 -> [INP.MBL3, MBL3]",AL,2,LH.MB,2,INP.MB,3,MB,3
514813,mixed,LAT->FWD,LAT,FWD,2,0,2,145,54,9.737,1763,12.159,AL.MB,2,2,2,"[ALL2, LHL2] -> AL.MBL2 -> [INP.MBL3, LHL3]",AL,2,LH,2,INP.MB,3,LH,3
514124,mixed,LAT->FWD,LAT,FWD,2,0,2,214,2,2.0,4421,20.659,AL.LH,2,2,2,"[ALL2, AL.SNPL2] -> AL.LHL2 -> [LH.SNPL3, MBL3]",AL,2,AL.SNP,2,LH.SNP,3,MB,3
504284,mixed,LAT->FWD,LAT,FWD,2,0,2,908,35,19.258,405,0.446,AL,2,2,2,"[AL.LHL2, AL.MBL2] -> ALL2 -> [ALL3, AL.SNPL3]",AL.LH,2,AL.MB,2,AL,3,AL.SNP,3
492297,mixed,LAT->FWD,LAT,FWD,2,0,2,7,3,1.976,39533,5647.571,GNG.OL,1,2,2,"[GNGL1, VMNPL1] -> GNG.OLL1 -> [OLL2, OL.VLNPL2]",GNG,1,VMNP,1,OL,2,OL.VLNP,2
487262,mixed,LAT->FWD,LAT,FWD,2,0,2,145,33,2.132,1336,9.214,AL.MB,2,2,2,"[ALL2, AL.LHL2] -> AL.MBL2 -> [ALL3, INP.MBL3]",AL,2,AL.LH,2,AL,3,INP.MB,3
477290,mixed,LAT->FWD,LAT,FWD,2,0,2,145,5,3.028,2255,15.552,AL.MB,2,2,2,"[ALL2, AL.VLNPL2] -> AL.MBL2 -> [LHL3, LH.SNPL3]",AL,2,AL.VLNP,2,LH,3,LH.SNP,3
475064,mixed,LAT->FWD,LAT,FWD,2,0,2,145,5,4.331,2241,15.455,AL.MB,2,2,2,"[ALL2, AL.SNPL2] -> AL.MBL2 -> [LHL3, LH.SNPL3]",AL,2,AL.SNP,2,LH,3,LH.SNP,3
471042,mixed,LAT->FWD,LAT,FWD,2,0,2,145,37,12.177,3839,26.476,AL.MB,2,2,2,"[ALL2, LHL2] -> AL.MBL2 -> [AL.LHL3, MBL3]",AL,2,LH,2,AL.LH,3,MB,3
468858,mixed,LAT->FWD,LAT,FWD,2,0,2,214,24,7.69,5531,25.846,AL.LH,2,2,2,"[ALL2, LHL2] -> AL.LHL2 -> [MBL3, SNPL3]",AL,2,LH,2,MB,3,SNP,3
467732,mixed,LAT->FWD,LAT,FWD,2,0,2,47,9,4.447,4344,92.426,MB.SNP,2,2,2,"[INP.MBL2, MBL2] -> MB.SNPL2 -> [LHL3, SNPL3]",INP.MB,2,MB,2,LH,3,SNP,3
466508,mixed,LAT->FWD,LAT,FWD,2,0,2,491,2,1.816,72057,146.756,OL.VLNP,2,2,2,"[OLL2, PENP.VLNPL2] -> OL.VLNPL2 -> [OLL3, OL.VLNPL3]",OL,2,PENP.VLNP,2,OL,3,OL.VLNP,3
459883,mixed,LAT->FWD,LAT,FWD,2,0,2,214,23,8.312,3807,17.79,AL.LH,2,2,2,"[ALL2, LHL2] -> AL.LHL2 -> [LH.VLNPL3, MBL3]",AL,2,LH,2,LH.VLNP,3,MB,3
447248,mixed,LAT->FWD,LAT,FWD,2,0,2,93,14,1.971,2846,30.602,LH,2,2,2,"[AL.LHL2, AL.MBL2] -> LHL2 -> [LH.SNPL3, SNPL3]",AL.LH,2,AL.MB,2,LH.SNP,3,SNP,3
439895,mixed,LAT->FWD,LAT,FWD,2,0,2,145,9,3.848,3896,26.869,AL.MB,2,2,2,"[ALL2, AL.LHL2] -> AL.MBL2 -> [AL.SNPL3, MBL3]",AL,2,AL.LH,2,AL.SNP,3,MB,3
439048,mixed,LAT->FWD,LAT,FWD,2,0,2,47,6,3.238,3917,83.34,MB.SNP,2,2,2,"[INP.MBL2, MBL2] -> MB.SNPL2 -> [INPL3, SNPL3]",INP.MB,2,MB,2,INP,3,SNP,3
438138,mixed,LAT->FWD,LAT,FWD,2,0,2,145,20,6.452,3609,24.89,AL.MB,2,2,2,"[ALL2, AL.LHL2] -> AL.MBL2 -> [LH.SNPL3, SNPL3]",AL,2,AL.LH,2,LH.SNP,3,SNP,3
436608,mixed,LAT->FWD,LAT,FWD,2,0,2,38835,11,1.498,33768,0.87,OL,2,2,2,"[OL.VLNPL2, VLNP.VMNPL2] -> OLL2 -> [OLL3, OL.VLNPL3]",OL.VLNP,2,VLNP.VMNP,2,OL,3,OL.VLNP,3
431526,mixed,LAT->FWD,LAT,FWD,2,0,2,87,29,2.584,3361,38.632,PENP.SNP,2,2,2,"[PENPL2, SNPL2] -> PENP.SNPL2 -> [PENPL3, SNPL3]",PENP,2,SNP,2,PENP,3,SNP,3
420672,mixed,LAT->FWD,LAT,FWD,2,0,2,38835,2,1.474,33515,0.863,OL,2,2,2,"[OL.SNPL2, VLNPL2] -> OLL2 -> [OLL3, OL.VLNPL3]",OL.SNP,2,VLNP,2,OL,3,OL.VLNP,3
419783,mixed,LAT->FWD,LAT,FWD,2,0,2,145,14,5.039,3714,25.614,AL.MB,2,2,2,"[ALL2, AL.VMNPL2] -> AL.MBL2 -> [ALL3, MBL3]",AL,2,AL.VMNP,2,AL,3,MB,3
413221,mixed,LAT->FWD,LAT,FWD,2,0,2,26,3,2.014,39167,1506.423,OL.VMNP,1,2,2,"[GNG.VMNPL1, VMNPL1] -> OL.VMNPL1 -> [OLL2, OL.VMNPL2]",GNG.VMNP,1,VMNP,1,OL,2,OL.VMNP,2
410234,mixed,LAT->FWD,LAT,FWD,2,0,2,26,8,4.592,39362,1513.923,OL.VMNP,1,2,2,"[GNG.VLNPL1, GNG.VMNPL1] -> OL.VMNPL1 -> [OLL2, OL.VLNPL2]",GNG.VLNP,1,GNG.VMNP,1,OL,2,OL.VLNP,2
389479,mixed,LAT->FWD,LAT,FWD,2,0,2,145,21,3.341,3107,21.428,AL.MB,2,2,2,"[AL.LHL2, LHL2] -> AL.MBL2 -> [ALL3, MBL3]",AL.LH,2,LH,2,AL,3,MB,3
388061,mixed,LAT->FWD,LAT,FWD,2,0,2,93,15,1.788,2709,29.129,LH,2,2,2,"[AL.LHL2, AL.MBL2] -> LHL2 -> [LHL3, SNPL3]",AL.LH,2,AL.MB,2,LH,3,SNP,3
386974,mixed,LAT->FWD,LAT,FWD,2,0,2,491,2,1.485,72002,146.644,OL.VLNP,2,2,2,"[GNG.VLNPL2, OLL2] -> OL.VLNPL2 -> [OLL3, OL.VLNPL3]",GNG.VLNP,2,OL,2,OL,3,OL.VLNP,3
386913,mixed,LAT->FWD,LAT,FWD,2,0,2,38835,11,1.479,32538,0.838,OL,2,2,2,"[OL.VLNPL2, VLNPL2] -> OLL2 -> [OLL3, OL.VMNPL3]",OL.VLNP,2,VLNP,2,OL,3,OL.VMNP,3
385736,mixed,LAT->FWD,LAT,FWD,2,0,2,145,16,4.515,3775,26.034,AL.MB,2,2,2,"[ALL2, LHL2] -> AL.MBL2 -> [AL.SNPL3, MBL3]",AL,2,LH,2,AL.SNP,3,MB,3
376718,mixed,LAT->FWD,LAT,FWD,2,0,2,145,26,7.593,3960,27.31,AL.MB,2,2,2,"[ALL2, AL.LHL2] -> AL.MBL2 -> [AL.LHL3, MBL3]",AL,2,AL.LH,2,AL.LH,3,MB,3
376599,mixed,LAT->FWD,LAT,FWD,2,0,2,38835,44,2.058,33008,0.85,OL,2,2,2,"[OL.VLNPL2, OL.VMNPL2] -> OLL2 -> [OLL3, VLNPL3]",OL.VLNP,2,OL.VMNP,2,OL,3,VLNP,3
369338,mixed,LAT->FWD,LAT,FWD,2,0,2,145,20,6.474,3472,23.945,AL.MB,2,2,2,"[ALL2, AL.LHL2] -> AL.MBL2 -> [LHL3, SNPL3]",AL,2,AL.LH,2,LH,3,SNP,3
369199,mixed,LAT->FWD,LAT,FWD,2,0,2,187,33,3.1,33724,180.342,OL.VMNP,2,2,2,"[GNG.VMNPL2, VMNPL2] -> OL.VMNPL2 -> [OLL3, OL.VLNPL3]",GNG.VMNP,2,VMNP,2,OL,3,OL.VLNP,3
368010,mixed,LAT->FWD,LAT,FWD,2,0,2,491,6,1.447,33637,68.507,OL.VLNP,2,2,2,"[VLNPL2, VLNP.VMNPL2] -> OL.VLNPL2 -> [OLL3, OL.VLNPL3]",VLNP,2,VLNP.VMNP,2,OL,3,OL.VLNP,3
366389,mixed,LAT->FWD,LAT,FWD,2,0,2,145,9,5.214,5443,37.538,AL.MB,2,2,2,"[ALL2, LH.MBL2] -> AL.MBL2 -> [MBL3, SNPL3]",AL,2,LH.MB,2,MB,3,SNP,3
365495,mixed,LAT->FWD,LAT,FWD,2,0,2,145,14,5.578,2219,15.303,AL.MB,2,2,2,"[ALL2, AL.VMNPL2] -> AL.MBL2 -> [LHL3, LH.SNPL3]",AL,2,AL.VMNP,2,LH,3,LH.SNP,3
361202,mixed,LAT->FWD,LAT,FWD,2,0,2,83,4,1.969,2208,26.602,INP.MB,2,2,2,"[MBL2, MB.SNPL2] -> INP.MBL2 -> [INPL3, MB.SNPL3]",MB,2,MB.SNP,2,INP,3,MB.SNP,3
358821,mixed,LAT->FWD,LAT,FWD,2,0,2,214,7,3.028,5202,24.308,AL.LH,2,2,2,"[ALL2, GNGL2] -> AL.LHL2 -> [LH.SNPL3, MBL3]",AL,2,GNG,2,LH.SNP,3,MB,3
348467,mixed,LAT->FWD,LAT,FWD,2,0,2,491,12,1.264,72074,146.79,OL.VLNP,2,2,2,"[LX.VLNPL2, OLL2] -> OL.VLNPL2 -> [OLL3, OL.VLNPL3]",LX.VLNP,2,OL,2,OL,3,OL.VLNP,3
348187,mixed,LAT->FWD,LAT,FWD,2,0,2,214,32,12.634,1758,8.215,AL.LH,2,2,2,"[ALL2, LHL2] -> AL.LHL2 -> [ALL3, LH.SNPL3]",AL,2,LH,2,AL,3,LH.SNP,3
344362,mixed,LAT->FWD,LAT,FWD,2,0,2,214,9,4.744,3750,17.523,AL.LH,2,2,2,"[ALL2, AL.VLNPL2] -> AL.LHL2 -> [ALL3, MBL3]",AL,2,AL.VLNP,2,AL,3,MB,3
341448,mixed,LAT->FWD,LAT,FWD,2,0,2,145,32,6.397,3488,24.055,AL.MB,2,2,2,"[ALL2, LHL2] -> AL.MBL2 -> [LH.SNPL3, SNPL3]",AL,2,LH,2,LH.SNP,3,SNP,3
338366,mixed,LAT->FWD,LAT,FWD,2,0,2,145,5,2.683,5480,37.793,AL.MB,2,2,2,"[ALL2, AL.VLNPL2] -> AL.MBL2 -> [MBL3, SNPL3]",AL,2,AL.VLNP,2,MB,3,SNP,3
337586,mixed,LAT->FWD,LAT,FWD,2,0,2,83,5,2.383,3817,45.988,INP.MB,2,2,2,"[MBL2, MB.SNPL2] -> INP.MBL2 -> [MB.SNPL3, SNPL3]",MB,2,MB.SNP,2,MB.SNP,3,SNP,3
336889,mixed,LAT->FWD,LAT,FWD,2,0,2,214,28,10.322,1763,8.238,AL.LH,2,2,2,"[ALL2, LHL2] -> AL.LHL2 -> [INP.MBL3, LHL3]",AL,2,LH,2,INP.MB,3,LH,3
332852,mixed,LAT->FWD,LAT,FWD,2,0,2,145,4,2.561,3756,25.903,AL.MB,2,2,2,"[ALL2, AL.VLNPL2] -> AL.MBL2 -> [LH.VLNPL3, MBL3]",AL,2,AL.VLNP,2,LH.VLNP,3,MB,3
330610,mixed,LAT->FWD,LAT,FWD,2,0,2,145,3,1.786,3782,26.083,AL.MB,2,2,2,"[ALL2, LHL2] -> AL.MBL2 -> [INP.LHL3, MBL3]",AL,2,LH,2,INP.LH,3,MB,3
323292,mixed,LAT->FWD,LAT,FWD,2,0,2,187,7,1.749,72790,389.251,OL.VMNP,2,2,2,"[GNGL2, OLL2] -> OL.VMNPL2 -> [OLL3, OL.VLNPL3]",GNG,2,OL,2,OL,3,OL.VLNP,3
322196,mixed,LAT->FWD,LAT,FWD,2,0,2,491,2,1.891,33582,68.395,OL.VLNP,2,2,2,"[PENP.VLNPL2, VLNPL2] -> OL.VLNPL2 -> [OLL3, OL.VLNPL3]",PENP.VLNP,2,VLNP,2,OL,3,OL.VLNP,3
317795,mixed,LAT->FWD,LAT,FWD,2,0,2,145,5,4.099,3878,26.745,AL.MB,2,2,2,"[ALL2, AL.SNPL2] -> AL.MBL2 -> [INP.MBL3, MBL3]",AL,2,AL.SNP,2,INP.MB,3,MB,3
313397,mixed,LAT->FWD,LAT,FWD,2,0,2,187,16,1.726,70995,379.652,OL.VMNP,2,2,2,"[OLL2, VMNPL2] -> OL.VMNPL2 -> [OLL3, OL.VMNPL3]",OL,2,VMNP,2,OL,3,OL.VMNP,3
307465,mixed,LAT->FWD,LAT,FWD,2,0,2,491,2,1.0,72543,147.745,OL.VLNP,2,2,2,"[OLL2, PENPL2] -> OL.VLNPL2 -> [OLL3, OL.VLNPL3]",OL,2,PENP,2,OL,3,OL.VLNP,3
305507,mixed,LAT->FWD,LAT,FWD,2,0,2,145,5,3.258,4516,31.145,AL.MB,2,2,2,"[ALL2, LHL2] -> AL.MBL2 -> [MBL3, VLNPL3]",AL,2,LH,2,MB,3,VLNP,3
304876,mixed,LAT->FWD,LAT,FWD,2,0,2,145,5,2.955,3741,25.8,AL.MB,2,2,2,"[AL.LHL2, AL.VLNPL2] -> AL.MBL2 -> [LH.SNPL3, MBL3]",AL.LH,2,AL.VLNP,2,LH.SNP,3,MB,3
304216,mixed,LAT->FWD,LAT,FWD,2,0,2,83,5,1.809,2227,26.831,INP.MB,2,2,2,"[MBL2, MB.SNPL2] -> INP.MBL2 -> [INP.SNPL3, MB.SNPL3]",MB,2,MB.SNP,2,INP.SNP,3,MB.SNP,3
303744,mixed,LAT->FWD,LAT,FWD,2,0,2,38835,2,1.974,33168,0.854,OL,2,2,2,"[INP.OLL2, OL.SNPL2] -> OLL2 -> [OLL3, OL.VLNPL3]",INP.OL,2,OL.SNP,2,OL,3,OL.VLNP,3
302162,mixed,LAT->FWD,LAT,FWD,2,0,2,26,3,1.493,39445,1517.115,OL.VMNP,1,2,2,"[GNG.VLNPL1, VMNPL1] -> OL.VMNPL1 -> [OLL2, OL.VLNPL2]",GNG.VLNP,1,VMNP,1,OL,2,OL.VLNP,2
299226,mixed,LAT->FWD,LAT,FWD,2,0,2,87,9,1.984,1962,22.552,PENP.SNP,2,2,2,"[PENPL2, SNPL2] -> PENP.SNPL2 -> [GNGL3, PENP.SNPL3]",PENP,2,SNP,2,GNG,3,PENP.SNP,3
294108,mixed,LAT->FWD,LAT,FWD,2,0,2,145,13,6.325,3856,26.593,AL.MB,2,2,2,"[ALL2, AL.VMNPL2] -> AL.MBL2 -> [INP.MBL3, MBL3]",AL,2,AL.VMNP,2,INP.MB,3,MB,3
288842,mixed,LAT->FWD,LAT,FWD,2,0,2,83,5,2.349,4815,58.012,INP.MB,2,2,2,"[MBL2, MB.SNPL2] -> INP.MBL2 -> [MBL3, MB.SNPL3]",MB,2,MB.SNP,2,MB,3,MB.SNP,3
288378,mixed,LAT->FWD,LAT,FWD,2,0,2,214,8,3.594,4517,21.107,AL.LH,2,2,2,"[ALL2, GNGL2] -> AL.LHL2 -> [ALL3, MBL3]",AL,2,GNG,2,AL,3,MB,3
287132,mixed,LAT->FWD,LAT,FWD,2,0,2,145,31,7.934,3351,23.11,AL.MB,2,2,2,"[ALL2, LHL2] -> AL.MBL2 -> [LHL3, SNPL3]",AL,2,LH,2,LH,3,SNP,3
286250,mixed,LAT->FWD,LAT,FWD,2,0,2,7,3,1.997,50536,7219.429,GNG.OL,1,2,2,"[GNGL1, OLL1] -> GNG.OLL1 -> [OLL2, OL.VLNPL2]",GNG,1,OL,1,OL,2,OL.VLNP,2
280518,mixed,LAT->FWD,LAT,FWD,2,0,2,38835,6,2.016,32191,0.829,OL,2,2,2,"[INP.OLL2, OL.VLNPL2] -> OLL2 -> [OLL3, OL.VMNPL3]",INP.OL,2,OL.VLNP,2,OL,3,OL.VMNP,3
277154,mixed,LAT->FWD,LAT,FWD,2,0,2,145,5,3.011,3604,24.855,AL.MB,2,2,2,"[AL.LHL2, AL.VLNPL2] -> AL.MBL2 -> [LHL3, MBL3]",AL.LH,2,AL.VLNP,2,LH,3,MB,3
276186,mixed,LAT->FWD,LAT,FWD,2,0,2,214,4,1.287,4516,21.103,AL.LH,2,2,2,"[ALL2, LHL2] -> AL.LHL2 -> [MBL3, VLNPL3]",AL,2,LH,2,MB,3,VLNP,3
270970,mixed,LAT->FWD,LAT,FWD,2,0,2,145,4,2.254,4465,30.793,AL.MB,2,2,2,"[ALL2, AL.VLNPL2] -> AL.MBL2 -> [MBL3, VLNPL3]",AL,2,AL.VLNP,2,MB,3,VLNP,3
268673,mixed,LAT->FWD,LAT,FWD,2,0,2,145,5,3.205,5466,37.697,AL.MB,2,2,2,"[ALL2, AL.SNPL2] -> AL.MBL2 -> [MBL3, SNPL3]",AL,2,AL.SNP,2,MB,3,SNP,3
267894,mixed,LAT->FWD,LAT,FWD,2,0,2,145,1,1.0,6167,42.531,AL.MB,2,2,2,"[ALL2, MBL2] -> AL.MBL2 -> [LHL3, MBL3]",AL,2,MB,2,LH,3,MB,3
267390,mixed,LAT->FWD,LAT,FWD,2,0,2,491,32,2.754,72168,146.982,OL.VLNP,2,2,2,"[OLL2, OL.VMNPL2] -> OL.VLNPL2 -> [OLL3, OL.VLNPL3]",OL,2,OL.VMNP,2,OL,3,OL.VLNP,3
266863,mixed,LAT->FWD,LAT,FWD,2,0,2,26,3,1.783,38989,1499.577,OL.VMNP,1,2,2,"[GNG.VMNPL1, VMNPL1] -> OL.VMNPL1 -> [OLL2, OL.SNPL2]",GNG.VMNP,1,VMNP,1,OL,2,OL.SNP,2
265053,mixed,LAT->FWD,LAT,FWD,2,0,2,214,24,10.259,3853,18.005,AL.LH,2,2,2,"[ALL2, AL.MBL2] -> AL.LHL2 -> [ALL3, MBL3]",AL,2,AL.MB,2,AL,3,MB,3
264250,mixed,LAT->FWD,LAT,FWD,2,0,2,38835,11,2.524,33464,0.862,OL,2,2,2,"[OL.VMNPL2, VLNP.VMNPL2] -> OLL2 -> [OLL3, OL.VLNPL3]",OL.VMNP,2,VLNP.VMNP,2,OL,3,OL.VLNP,3
261016,mixed,LAT->FWD,LAT,FWD,2,0,2,491,2,1.56,33527,68.283,OL.VLNP,2,2,2,"[GNG.VLNPL2, VLNPL2] -> OL.VLNPL2 -> [OLL3, OL.VLNPL3]",GNG.VLNP,2,VLNP,2,OL,3,OL.VLNP,3
256595,mixed,LAT->FWD,LAT,FWD,2,0,2,214,10,2.323,3892,18.187,AL.LH,2,2,2,"[ALL2, AL.VLNPL2] -> AL.LHL2 -> [INP.MBL3, MBL3]",AL,2,AL.VLNP,2,INP.MB,3,MB,3
256384,mixed,LAT->FWD,LAT,FWD,2,0,2,187,25,1.653,33750,180.481,OL.VMNP,2,2,2,"[VLNP.VMNPL2, VMNPL2] -> OL.VMNPL2 -> [OLL3, OL.VLNPL3]",VLNP.VMNP,2,VMNP,2,OL,3,OL.VLNP,3
256238,mixed,LAT->FWD,LAT,FWD,2,0,2,145,11,4.002,3704,25.545,AL.MB,2,2,2,"[AL.LHL2, LH.MBL2] -> AL.MBL2 -> [LH.SNPL3, MBL3]",AL.LH,2,LH.MB,2,LH.SNP,3,MB,3
255875,mixed,LAT->FWD,LAT,FWD,2,0,2,145,8,2.634,3858,26.607,AL.MB,2,2,2,"[ALL2, LHL2] -> AL.MBL2 -> [MBL3, MB.SNPL3]",AL,2,LH,2,MB,3,MB.SNP,3
253178,mixed,LAT->FWD,LAT,FWD,2,0,2,214,17,4.776,3839,17.939,AL.LH,2,2,2,"[ALL2, LHL2] -> AL.LHL2 -> [AL.LHL3, MBL3]",AL,2,LH,2,AL.LH,3,MB,3
251928,mixed,LAT->FWD,LAT,FWD,2,0,2,145,19,2.769,1885,13.0,AL.MB,2,2,2,"[ALL2, AL.LHL2] -> AL.MBL2 -> [LH.SNPL3, LH.VLNPL3]",AL,2,AL.LH,2,LH.SNP,3,LH.VLNP,3
250599,mixed,LAT->FWD,LAT,FWD,2,0,2,38835,17,1.878,31883,0.821,OL,2,2,2,"[OL.SNPL2, OL.VMNPL2] -> OLL2 -> [OLL3, OL.VMNPL3]",OL.SNP,2,OL.VMNP,2,OL,3,OL.VMNP,3
247612,mixed,LAT->FWD,LAT,FWD,2,0,2,26,2,1.826,39442,1517.0,OL.VMNP,1,2,2,"[GNG.LXL1, VMNPL1] -> OL.VMNPL1 -> [OLL2, OL.VLNPL2]",GNG.LX,1,VMNP,1,OL,2,OL.VLNP,2
247612,mixed,LAT->FWD,LAT,FWD,2,0,2,26,2,1.826,39456,1517.538,OL.VMNP,1,2,2,"[LX.VMNPL1, VMNPL1] -> OL.VMNPL1 -> [OLL2, OL.VLNPL2]",LX.VMNP,1,VMNP,1,OL,2,OL.VLNP,2
245316,mixed,LAT->FWD,LAT,FWD,2,0,2,214,28,7.167,1900,8.879,AL.LH,2,2,2,"[ALL2, LHL2] -> AL.LHL2 -> [INP.MBL3, LH.SNPL3]",AL,2,LH,2,INP.MB,3,LH.SNP,3
243146,mixed,LAT->FWD,LAT,FWD,2,0,2,145,5,3.523,3727,25.703,AL.MB,2,2,2,"[AL.LHL2, AL.SNPL2] -> AL.MBL2 -> [LH.SNPL3, MBL3]",AL.LH,2,AL.SNP,2,LH.SNP,3,MB,3
242539,mixed,LAT->FWD,LAT,FWD,2,0,2,145,19,2.997,1748,12.055,AL.MB,2,2,2,"[ALL2, AL.LHL2] -> AL.MBL2 -> [LHL3, LH.VLNPL3]",AL,2,AL.LH,2,LH,3,LH.VLNP,3
242295,mixed,LAT->FWD,LAT,FWD,2,0,2,214,5,1.501,4465,20.864,AL.LH,2,2,2,"[ALL2, AL.VLNPL2] -> AL.LHL2 -> [MBL3, VLNPL3]",AL,2,AL.VLNP,2,MB,3,VLNP,3
241927,mixed,LAT->FWD,LAT,FWD,2,0,2,187,13,2.963,34428,184.107,OL.VMNP,2,2,2,"[GNGL2, VMNPL2] -> OL.VMNPL2 -> [OLL3, OL.VLNPL3]",GNG,2,VMNP,2,OL,3,OL.VLNP,3
240974,mixed,LAT->FWD,LAT,FWD,2,0,2,145,4,1.134,3973,27.4,AL.MB,2,2,2,"[ALL2, AL.LHL2] -> AL.MBL2 -> [MBL3, MB.VLNPL3]",AL,2,AL.LH,2,MB,3,MB.VLNP,3
235192,mixed,LAT->FWD,LAT,FWD,2,0,2,145,21,2.617,3249,22.407,AL.MB,2,2,2,"[AL.LHL2, LHL2] -> AL.MBL2 -> [INP.MBL3, MBL3]",AL.LH,2,LH,2,INP.MB,3,MB,3
234900,mixed,LAT->FWD,LAT,FWD,2,0,2,93,2,1.998,3844,41.333,LH,2,2,2,"[AL.LHL2, AL.MBL2] -> LHL2 -> [LH.SNPL3, MBL3]",AL.LH,2,AL.MB,2,LH.SNP,3,MB,3
232677,mixed,LAT->FWD,LAT,FWD,2,0,2,145,2,1.059,4399,30.338,AL.MB,2,2,2,"[ALL2, AL.GNGL2] -> AL.MBL2 -> [LH.SNPL3, MBL3]",AL,2,AL.GNG,2,LH.SNP,3,MB,3
230427,mixed,LAT->FWD,LAT,FWD,2,0,2,491,3,1.299,33599,68.43,OL.VLNP,2,2,2,"[LX.VLNPL2, VLNPL2] -> OL.VLNPL2 -> [OLL3, OL.VLNPL3]",LX.VLNP,2,VLNP,2,OL,3,OL.VLNP,3
230015,mixed,LAT->FWD,LAT,FWD,2,0,2,187,16,1.935,72086,385.487,OL.VMNP,2,2,2,"[GNG.VMNPL2, OLL2] -> OL.VMNPL2 -> [OLL3, OL.VLNPL3]",GNG.VMNP,2,OL,2,OL,3,OL.VLNP,3
228744,mixed,LAT->FWD,LAT,FWD,2,0,2,214,32,12.02,1627,7.603,AL.LH,2,2,2,"[ALL2, LHL2] -> AL.LHL2 -> [LHL3, LH.VLNPL3]",AL,2,LH,2,LH,3,LH.VLNP,3
227665,mixed,LAT->FWD,LAT,FWD,2,0,2,214,17,2.196,2388,11.159,AL.LH,2,2,2,"[ALL2, AL.MBL2] -> AL.LHL2 -> [LHL3, VLNPL3]",AL,2,AL.MB,2,LH,3,VLNP,3
226702,mixed,LAT->FWD,LAT,FWD,2,0,2,214,4,2.96,2218,10.364,AL.LH,2,2,2,"[ALL2, LH.MBL2] -> AL.LHL2 -> [LHL3, LH.SNPL3]",AL,2,LH.MB,2,LH,3,LH.SNP,3
226265,mixed,LAT->FWD,LAT,FWD,2,0,2,214,29,2.926,1711,7.995,AL.LH,2,2,2,"[ALL2, AL.MBL2] -> AL.LHL2 -> [AL.LHL3, LHL3]",AL,2,AL.MB,2,AL.LH,3,LH,3
226050,mixed,LAT->FWD,LAT,FWD,2,0,2,145,1,1.0,4402,30.359,AL.MB,2,2,2,"[ALL2, LH.VLNPL2] -> AL.MBL2 -> [LH.SNPL3, MBL3]",AL,2,LH.VLNP,2,LH.SNP,3,MB,3
224234,mixed,LAT->FWD,LAT,FWD,2,0,2,145,2,1.125,4262,29.393,AL.MB,2,2,2,"[ALL2, AL.GNGL2] -> AL.MBL2 -> [LHL3, MBL3]",AL,2,AL.GNG,2,LH,3,MB,3
222077,mixed,LAT->FWD,LAT,FWD,2,0,2,145,4,3.444,1707,11.772,AL.MB,2,2,2,"[ALL2, AL.VLNPL2] -> AL.MBL2 -> [ALL3, LH.SNPL3]",AL,2,AL.VLNP,2,AL,3,LH.SNP,3
220510,mixed,LAT->FWD,LAT,FWD,2,0,2,145,6,2.983,3770,26.0,AL.MB,2,2,2,"[ALL2, LHL2] -> AL.MBL2 -> [LH.MBL3, MBL3]",AL,2,LH,2,LH.MB,3,MB,3
217760,mixed,LAT->FWD,LAT,FWD,2,0,2,83,4,1.626,2291,27.602,INP.MB,2,2,2,"[MBL2, MB.SNPL2] -> INP.MBL2 -> [INPL3, INP.SNPL3]",MB,2,MB.SNP,2,INP,3,INP.SNP,3
217308,mixed,LAT->FWD,LAT,FWD,2,0,2,214,41,5.609,3403,15.902,AL.LH,2,2,2,"[ALL2, AL.MBL2] -> AL.LHL2 -> [LHL3, SNPL3]",AL,2,AL.MB,2,LH,3,SNP,3
217035,mixed,LAT->FWD,LAT,FWD,2,0,2,145,54,4.027,1215,8.379,AL.MB,2,2,2,"[ALL2, LHL2] -> AL.MBL2 -> [ALL3, INP.MBL3]",AL,2,LH,2,AL,3,INP.MB,3
213090,mixed,LAT->FWD,LAT,FWD,2,0,2,214,36,12.26,3351,15.659,AL.LH,2,2,2,"[ALL2, LHL2] -> AL.LHL2 -> [LHL3, SNPL3]",AL,2,LH,2,LH,3,SNP,3
212338,mixed,LAT->FWD,LAT,FWD,2,0,2,145,4,3.56,1570,10.828,AL.MB,2,2,2,"[ALL2, AL.VLNPL2] -> AL.MBL2 -> [ALL3, LHL3]",AL,2,AL.VLNP,2,AL,3,LH,3
212329,mixed,LAT->FWD,LAT,FWD,2,0,2,145,6,2.911,3979,27.441,AL.MB,2,2,2,"[ALL2, AL.LHL2] -> AL.MBL2 -> [MBL3, MB.SNPL3]",AL,2,AL.LH,2,MB,3,MB.SNP,3
211530,mixed,LAT->FWD,LAT,FWD,2,0,2,145,11,4.344,3567,24.6,AL.MB,2,2,2,"[AL.LHL2, LH.MBL2] -> AL.MBL2 -> [LHL3, MBL3]",AL.LH,2,LH.MB,2,LH,3,MB,3
211134,mixed,LAT->FWD,LAT,FWD,2,0,2,83,4,1.845,2229,26.855,INP.MB,2,2,2,"[MBL2, MB.SNPL2] -> INP.MBL2 -> [INP.MBL3, MB.SNPL3]",MB,2,MB.SNP,2,INP.MB,3,MB.SNP,3
210980,mixed,LAT->FWD,LAT,FWD,2,0,2,145,1,1.0,4265,29.414,AL.MB,2,2,2,"[ALL2, LH.VLNPL2] -> AL.MBL2 -> [LHL3, MBL3]",AL,2,LH.VLNP,2,LH,3,MB,3
210336,mixed,LAT->FWD,LAT,FWD,2,0,2,38835,2,1.474,33519,0.863,OL,2,2,2,"[INP.OLL2, VLNPL2] -> OLL2 -> [OLL3, OL.VLNPL3]",INP.OL,2,VLNP,2,OL,3,OL.VLNP,3
208904,mixed,LAT->FWD,LAT,FWD,2,0,2,26,3,1.553,39447,1517.192,OL.VMNP,1,2,2,"[GNG.OLL1, VMNPL1] -> OL.VMNPL1 -> [OLL2, OL.VLNPL2]",GNG.OL,1,VMNP,1,OL,2,OL.VLNP,2
208601,mixed,LAT->FWD,LAT,FWD,2,0,2,214,36,11.507,3488,16.299,AL.LH,2,2,2,"[ALL2, LHL2] -> AL.LHL2 -> [LH.SNPL3, SNPL3]",AL,2,LH,2,LH.SNP,3,SNP,3
202537,mixed,LAT->FWD,LAT,FWD,2,0,2,145,2,1.068,3714,25.614,AL.MB,2,2,2,"[ALL2, AL.GNGL2] -> AL.MBL2 -> [ALL3, MBL3]",AL,2,AL.GNG,2,AL,3,MB,3
201286,mixed,LAT->FWD,LAT,FWD,2,0,2,87,14,1.964,2462,28.299,PENP.SNP,2,2,2,"[PENPL2, SNPL2] -> PENP.SNPL2 -> [GNGL3, PENPL3]",PENP,2,SNP,2,GNG,3,PENP,3
200805,mixed,LAT->FWD,LAT,FWD,2,0,2,214,5,1.417,4616,21.57,AL.LH,2,2,2,"[ALL2, VLNPL2] -> AL.LHL2 -> [LHL3, MBL3]",AL,2,VLNP,2,LH,3,MB,3
199838,mixed,LAT->FWD,LAT,FWD,2,0,2,491,2,1.0,34068,69.385,OL.VLNP,2,2,2,"[PENPL2, VLNPL2] -> OL.VLNPL2 -> [OLL3, OL.VLNPL3]",PENP,2,VLNP,2,OL,3,OL.VLNP,3
198413,mixed,LAT->FWD,LAT,FWD,2,0,2,145,5,3.667,3590,24.759,AL.MB,2,2,2,"[AL.LHL2, AL.SNPL2] -> AL.MBL2 -> [LHL3, MBL3]",AL.LH,2,AL.SNP,2,LH,3,MB,3
197246,mixed,LAT->FWD,LAT,FWD,2,0,2,83,4,2.274,3881,46.759,INP.MB,2,2,2,"[MBL2, MB.SNPL2] -> INP.MBL2 -> [INPL3, SNPL3]",MB,2,MB.SNP,2,INP,3,SNP,3
196020,mixed,LAT->FWD,LAT,FWD,2,0,2,145,1,1.0,6304,43.476,AL.MB,2,2,2,"[ALL2, MBL2] -> AL.MBL2 -> [LH.SNPL3, MBL3]",AL,2,MB,2,LH.SNP,3,MB,3
195949,mixed,LAT->FWD,LAT,FWD,2,0,2,42,13,3.911,1981,47.167,AL.VLNP,2,2,2,"[ALL2, AL.LHL2] -> AL.VLNPL2 -> [LX.VLNPL3, VLNPL3]",AL,2,AL.LH,2,LX.VLNP,3,VLNP,3
236701670,mixed,LAT->mix,LAT,mix,0,1,3,187,35,3.903,50556,270.353,OL.VMNP,2,2,2,"[VLNP.VMNPL2, VMNPL2] -> OL.VMNPL2 -> [OLL1, OLL2]",VLNP.VMNP,2,VMNP,2,OL,1,OL,2
201544680,mixed,LAT->mix,LAT,mix,0,1,3,2764,2,1.621,2366,0.856,MB,3,2,2,"[INP.VLNPL3, MB.VLNPL3] -> MBL3 -> [INP.MBL3, MBL2]",INP.VLNP,3,MB.VLNP,3,INP.MB,3,MB,2
201118800,mixed,LAT->mix,LAT,mix,0,1,3,2764,2,1.623,2366,0.856,MB,3,2,2,"[INP.MBL3, INP.VLNPL3] -> MBL3 -> [MBL2, MB.VLNPL3]",INP.MB,3,INP.VLNP,3,MB,2,MB.VLNP,3
197759520,mixed,LAT->mix,LAT,mix,0,1,3,2764,2,1.667,2366,0.856,MB,3,2,2,"[INP.MBL3, MB.VLNPL3] -> MBL3 -> [INP.VLNPL3, MBL2]",INP.MB,3,MB.VLNP,3,INP.VLNP,3,MB,2
166771399,mixed,LAT->mix,LAT,mix,0,1,3,187,32,3.49,50499,270.048,OL.VMNP,2,2,2,"[LX.VMNPL2, VMNPL2] -> OL.VMNPL2 -> [OLL1, OLL2]",LX.VMNP,2,VMNP,2,OL,1,OL,2
141487479,mixed,LAT->mix,LAT,mix,0,1,3,187,15,3.561,50785,271.578,OL.VMNP,2,2,2,"[VLNPL2, VMNPL2] -> OL.VMNPL2 -> [OLL1, OLL2]",VLNP,2,VMNP,2,OL,1,OL,2
138157016,mixed,LAT->mix,LAT,mix,0,1,3,2764,4,1.993,2269,0.821,MB,3,2,2,"[MB.SNPL3, MB.VLNPL3] -> MBL3 -> [INP.MBL3, MBL2]",MB.SNP,3,MB.VLNP,3,INP.MB,3,MB,2
137948800,mixed,LAT->mix,LAT,mix,0,1,3,2764,2,1.994,2269,0.821,MB,3,2,2,"[INP.MBL3, MB.SNPL3] -> MBL3 -> [MBL2, MB.VLNPL3]",INP.MB,3,MB.SNP,3,MB,2,MB.VLNP,3
132414278,mixed,LAT->mix,LAT,mix,0,1,3,2764,7,1.999,2269,0.821,MB,3,2,2,"[INP.MBL3, MB.VLNPL3] -> MBL3 -> [MBL2, MB.SNPL3]",INP.MB,3,MB.VLNP,3,MB,2,MB.SNP,3
120931266,mixed,LAT->mix,LAT,mix,0,1,3,2764,4,1.586,2372,0.858,MB,3,2,2,"[INP.VLNPL3, MB.SNPL3] -> MBL3 -> [INP.MBL3, MBL2]",INP.VLNP,3,MB.SNP,3,INP.MB,3,MB,2
118506360,mixed,LAT->mix,LAT,mix,0,1,3,2764,2,1.631,2372,0.858,MB,3,2,2,"[INP.MBL3, MB.SNPL3] -> MBL3 -> [INP.VLNPL3, MBL2]",INP.MB,3,MB.SNP,3,INP.VLNP,3,MB,2
111680950,mixed,LAT->mix,LAT,mix,0,1,3,2764,5,1.664,2372,0.858,MB,3,2,2,"[INP.MBL3, INP.VLNPL3] -> MBL3 -> [MBL2, MB.SNPL3]",INP.MB,3,INP.VLNP,3,MB,2,MB.SNP,3
100856226,mixed,LAT->mix,LAT,mix,0,1,3,187,24,3.299,50916,272.278,OL.VMNP,2,2,2,"[OL.VLNPL2, VMNPL2] -> OL.VMNPL2 -> [OLL1, OLL2]",OL.VLNP,2,VMNP,2,OL,1,OL,2
94100533,mixed,LAT->mix,LAT,mix,0,1,3,187,35,2.706,50530,270.214,OL.VMNP,2,2,2,"[GNG.VMNPL2, VMNPL2] -> OL.VMNPL2 -> [OLL1, OLL2]",GNG.VMNP,2,VMNP,2,OL,1,OL,2
92996940,mixed,LAT->mix,LAT,mix,0,1,3,187,19,2.99,51234,273.979,OL.VMNP,2,2,2,"[GNGL2, VMNPL2] -> OL.VMNPL2 -> [OLL1, OLL2]",GNG,2,VMNP,2,OL,1,OL,2
82475771,mixed,LAT->mix,LAT,mix,1,0,3,145,39,5.581,5797,39.979,AL.MB,2,2,2,"[ALL2, AL.LHL2] -> AL.MBL2 -> [MBL2, MBL3]",AL,2,AL.LH,2,MB,2,MB,3
74658769,mixed,LAT->mix,LAT,mix,0,1,3,187,22,3.288,50157,268.219,OL.VMNP,2,2,2,"[LX.VMNPL2, VLNP.VMNPL2] -> OL.VMNPL2 -> [OLL1, OLL2]",LX.VMNP,2,VLNP.VMNP,2,OL,1,OL,2
64187953,mixed,LAT->mix,LAT,mix,1,0,3,26,4,1.843,50097,1926.808,OL.VMNP,1,2,2,"[GNG.VMNPL1, VMNPL1] -> OL.VMNPL1 -> [OLL1, OLL2]",GNG.VMNP,1,VMNP,1,OL,1,OL,2
59432588,mixed,LAT->mix,LAT,mix,0,1,3,187,12,3.654,50443,269.749,OL.VMNP,2,2,2,"[VLNPL2, VLNP.VMNPL2] -> OL.VMNPL2 -> [OLL1, OLL2]",VLNP,2,VLNP.VMNP,2,OL,1,OL,2
56302950,mixed,LAT->mix,LAT,mix,0,1,3,2764,2,1.656,2281,0.825,MB,3,2,2,"[INP.VLNPL3, MB.SNPL3] -> MBL3 -> [MBL2, MB.VLNPL3]",INP.VLNP,3,MB.SNP,3,MB,2,MB.VLNP,3
55428912,mixed,LAT->mix,LAT,mix,0,1,3,2764,2,1.7,2281,0.825,MB,3,2,2,"[MB.SNPL3, MB.VLNPL3] -> MBL3 -> [INP.VLNPL3, MBL2]",MB.SNP,3,MB.VLNP,3,INP.VLNP,3,MB,2
52337388,mixed,LAT->mix,LAT,mix,0,1,3,2764,3,1.734,2281,0.825,MB,3,2,2,"[INP.VLNPL3, MB.VLNPL3] -> MBL3 -> [MBL2, MB.SNPL3]",INP.VLNP,3,MB.VLNP,3,MB,2,MB.SNP,3
46816941,mixed,LAT->mix,LAT,mix,1,0,3,145,61,9.077,5676,39.145,AL.MB,2,2,2,"[ALL2, LHL2] -> AL.MBL2 -> [MBL2, MBL3]",AL,2,LH,2,MB,2,MB,3
46095450,mixed,LAT->mix,LAT,mix,0,1,3,187,17,3.062,50574,270.449,OL.VMNP,2,2,2,"[OL.VLNPL2, VLNP.VMNPL2] -> OL.VMNPL2 -> [OLL1, OLL2]",OL.VLNP,2,VLNP.VMNP,2,OL,1,OL,2
43329284,mixed,LAT->mix,LAT,mix,0,1,3,187,8,3.396,50518,270.15,OL.VMNP,2,2,2,"[LX.VLNPL2, VMNPL2] -> OL.VMNPL2 -> [OLL1, OLL2]",LX.VLNP,2,VMNP,2,OL,1,OL,2
41602834,mixed,LAT->mix,LAT,mix,0,1,3,187,13,2.456,50517,270.144,OL.VMNP,2,2,2,"[LX.VMNPL2, OL.VLNPL2] -> OL.VMNPL2 -> [OLL1, OLL2]",LX.VMNP,2,OL.VLNP,2,OL,1,OL,2
40558841,mixed,LAT->mix,LAT,mix,0,1,3,187,9,3.379,50386,269.444,OL.VMNP,2,2,2,"[LX.VMNPL2, VLNPL2] -> OL.VMNPL2 -> [OLL1, OLL2]",LX.VMNP,2,VLNP,2,OL,1,OL,2
37747090,mixed,LAT->mix,LAT,mix,0,1,3,187,12,3.07,50892,272.15,OL.VMNP,2,2,2,"[GNGL2, VLNP.VMNPL2] -> OL.VMNPL2 -> [OLL1, OLL2]",GNG,2,VLNP.VMNP,2,OL,1,OL,2
37000746,mixed,LAT->mix,LAT,mix,0,1,3,187,25,2.825,50188,268.385,OL.VMNP,2,2,2,"[GNG.VMNPL2, VLNP.VMNPL2] -> OL.VMNPL2 -> [OLL1, OLL2]",GNG.VMNP,2,VLNP.VMNP,2,OL,1,OL,2
36837873,mixed,LAT->mix,LAT,mix,1,0,3,7,3,2.0,50159,7165.571,GNG.OL,1,2,2,"[GNGL1, VMNPL1] -> GNG.OLL1 -> [OLL1, OLL2]",GNG,1,VMNP,1,OL,1,OL,2
34227408,mixed,LAT->mix,LAT,mix,0,1,3,187,6,3.862,50446,269.765,OL.VMNP,2,2,2,"[GNG.VLNPL2, VMNPL2] -> OL.VMNPL2 -> [OLL1, OLL2]",GNG.VLNP,2,VMNP,2,OL,1,OL,2
30168368,mixed,LAT->mix,LAT,mix,1,0,3,187,49,4.893,71018,379.775,OL.VMNP,2,2,2,"[VLNP.VMNPL2, VMNPL2] -> OL.VMNPL2 -> [OLL2, OLL3]",VLNP.VMNP,2,VMNP,2,OL,2,OL,3
25810739,mixed,LAT->mix,LAT,mix,1,1,2,908,95,14.453,2197,2.42,AL,2,2,2,"[AL.LHL2, AL.MBL2] -> ALL2 -> [ALL1, ALL3]",AL.LH,2,AL.MB,2,AL,1,AL,3
25035360,mixed,LAT->mix,LAT,mix,0,1,3,2764,2,1.656,2333,0.844,MB,3,2,2,"[INP.MBL3, MB.VLNPL3] -> MBL3 -> [INPL3, MBL2]",INP.MB,3,MB.VLNP,3,INP,3,MB,2
24319334,mixed,LAT->mix,LAT,mix,0,1,3,187,10,3.209,50803,271.674,OL.VMNP,2,2,2,"[OL.VLNPL2, VLNPL2] -> OL.VMNPL2 -> [OLL1, OLL2]",OL.VLNP,2,VLNP,2,OL,1,OL,2
24319081,mixed,LAT->mix,LAT,mix,0,1,3,187,8,2.731,51121,273.374,OL.VMNP,2,2,2,"[GNGL2, VLNPL2] -> OL.VMNPL2 -> [OLL1, OLL2]",GNG,2,VLNP,2,OL,1,OL,2
24163065,mixed,LAT->mix,LAT,mix,0,1,3,187,13,2.529,50417,269.61,OL.VMNP,2,2,2,"[GNG.VMNPL2, VLNPL2] -> OL.VMNPL2 -> [OLL1, OLL2]",GNG.VMNP,2,VLNP,2,OL,1,OL,2
22758728,mixed,LAT->mix,LAT,mix,0,1,3,187,10,3.514,50835,271.845,OL.VMNP,2,2,2,"[GNGL2, LX.VMNPL2] -> OL.VMNPL2 -> [OLL1, OLL2]",GNG,2,LX.VMNP,2,OL,1,OL,2
22261968,mixed,LAT->mix,LAT,mix,0,1,3,2764,2,1.72,2333,0.844,MB,3,2,2,"[INPL3, MB.VLNPL3] -> MBL3 -> [INP.MBL3, MBL2]",INP,3,MB.VLNP,3,INP.MB,3,MB,2
22243040,mixed,LAT->mix,LAT,mix,0,1,3,2764,2,1.719,2333,0.844,MB,3,2,2,"[INPL3, INP.MBL3] -> MBL3 -> [MBL2, MB.VLNPL3]",INP,3,INP.MB,3,MB,2,MB.VLNP,3
20405757,mixed,LAT->mix,LAT,mix,0,1,3,187,21,3.512,50131,268.08,OL.VMNP,2,2,2,"[GNG.VMNPL2, LX.VMNPL2] -> OL.VMNPL2 -> [OLL1, OLL2]",GNG.VMNP,2,LX.VMNP,2,OL,1,OL,2
20004176,mixed,LAT->mix,LAT,mix,1,0,3,187,33,3.553,70961,379.471,OL.VMNP,2,2,2,"[LX.VMNPL2, VMNPL2] -> OL.VMNPL2 -> [OLL2, OLL3]",LX.VMNP,2,VMNP,2,OL,2,OL,3
19831084,mixed,LAT->mix,LAT,mix,0,1,3,187,2,1.987,50428,269.668,OL.VMNP,2,2,2,"[GNG.LXL2, VMNPL2] -> OL.VMNPL2 -> [OLL1, OLL2]",GNG.LX,2,VMNP,2,OL,1,OL,2
19402938,mixed,LAT->mix,LAT,mix,0,1,3,1567,6,1.001,71207,45.442,OL.VLNP,3,2,2,"[GNG.VLNPL3, VLNPL3] -> OL.VLNPL3 -> [OLL2, OLL3]",GNG.VLNP,3,VLNP,3,OL,2,OL,3
18975720,mixed,LAT->mix,LAT,mix,0,1,3,2764,2,1.279,4045,1.463,MB,3,2,2,"[INP.VLNPL3, SNPL3] -> MBL3 -> [INP.MBL3, MBL2]",INP.VLNP,3,SNP,3,INP.MB,3,MB,2
18810247,mixed,LAT->mix,LAT,mix,1,0,3,26,3,1.401,50071,1925.808,OL.VMNP,1,2,2,"[GNG.VLNPL1, VMNPL1] -> OL.VMNPL1 -> [OLL1, OLL2]",GNG.VLNP,1,VMNP,1,OL,1,OL,2
18493536,mixed,LAT->mix,LAT,mix,0,1,3,2764,2,1.679,3942,1.426,MB,3,2,2,"[MB.VLNPL3, SNPL3] -> MBL3 -> [INP.MBL3, MBL2]",MB.VLNP,3,SNP,3,INP.MB,3,MB,2
18455680,mixed,LAT->mix,LAT,mix,0,1,3,2764,2,1.681,3942,1.426,MB,3,2,2,"[INP.MBL3, SNPL3] -> MBL3 -> [MBL2, MB.VLNPL3]",INP.MB,3,SNP,3,MB,2,MB.VLNP,3
18384240,mixed,LAT->mix,LAT,mix,0,1,3,2764,2,1.305,4045,1.463,MB,3,2,2,"[INP.MBL3, SNPL3] -> MBL3 -> [INP.VLNPL3, MBL2]",INP.MB,3,SNP,3,INP.VLNP,3,MB,2
17720912,mixed,LAT->mix,LAT,mix,0,1,3,187,17,2.243,50866,272.011,OL.VMNP,2,2,2,"[GNGL2, GNG.VMNPL2] -> OL.VMNPL2 -> [OLL1, OLL2]",GNG,2,GNG.VMNP,2,OL,1,OL,2
17610798,mixed,LAT->mix,LAT,mix,0,1,3,187,7,3.786,50176,268.321,OL.VMNP,2,2,2,"[LX.VLNPL2, VLNP.VMNPL2] -> OL.VMNPL2 -> [OLL1, OLL2]",LX.VLNP,2,VLNP.VMNP,2,OL,1,OL,2
17218138,mixed,LAT->mix,LAT,mix,1,1,2,187,34,3.728,82004,438.524,OL.VMNP,2,2,2,"[OLL2, VMNPL2] -> OL.VMNPL2 -> [OLL1, OLL3]",OL,2,VMNP,2,OL,1,OL,3
16990595,mixed,LAT->mix,LAT,mix,1,0,3,187,16,4.475,71247,381.0,OL.VMNP,2,2,2,"[VLNPL2, VMNPL2] -> OL.VMNPL2 -> [OLL2, OLL3]",VLNP,2,VMNP,2,OL,2,OL,3
16854092,mixed,LAT->mix,LAT,mix,1,0,3,26,4,1.899,50082,1926.231,OL.VMNP,1,2,2,"[LX.VMNPL1, VMNPL1] -> OL.VMNPL1 -> [OLL1, OLL2]",LX.VMNP,1,VMNP,1,OL,1,OL,2
16852686,mixed,LAT->mix,LAT,mix,1,0,3,26,2,1.899,50068,1925.692,OL.VMNP,1,2,2,"[GNG.LXL1, VMNPL1] -> OL.VMNPL1 -> [OLL1, OLL2]",GNG.LX,1,VMNP,1,OL,1,OL,2
16800000,mixed,LAT->mix,LAT,mix,0,1,3,2764,2,2.0,2436,0.881,MB,3,2,2,"[INP.MBL3, INP.VLNPL3] -> MBL3 -> [INPL3, MBL2]",INP.MB,3,INP.VLNP,3,INP,3,MB,2
16393451,mixed,LAT->mix,LAT,mix,1,1,2,145,37,4.286,5688,39.228,AL.MB,2,2,2,"[ALL2, AL.LHL2] -> AL.MBL2 -> [ALL1, MBL3]",AL,2,AL.LH,2,AL,1,MB,3
15403920,mixed,LAT->mix,LAT,mix,0,1,3,2764,2,1.998,2436,0.881,MB,3,2,2,"[INPL3, INP.MBL3] -> MBL3 -> [INP.VLNPL3, MBL2]",INP,3,INP.MB,3,INP.VLNP,3,MB,2
15403860,mixed,LAT->mix,LAT,mix,0,1,3,2764,2,1.988,2436,0.881,MB,3,2,2,"[INPL3, INP.VLNPL3] -> MBL3 -> [INP.MBL3, MBL2]",INP,3,INP.VLNP,3,INP.MB,3,MB,2
15171672,mixed,LAT->mix,LAT,mix,0,1,3,2764,2,1.821,2760,0.999,MB,3,2,2,"[LHL3, MB.VLNPL3] -> MBL3 -> [INP.MBL3, MBL2]",LH,3,MB.VLNP,3,INP.MB,3,MB,2
15143280,mixed,LAT->mix,LAT,mix,0,1,3,2764,2,1.822,2760,0.999,MB,3,2,2,"[INP.MBL3, LHL3] -> MBL3 -> [MBL2, MB.VLNPL3]",INP.MB,3,LH,3,MB,2,MB.VLNP,3
14918870,mixed,LAT->mix,LAT,mix,1,0,3,145,39,6.752,3754,25.89,AL.MB,2,2,2,"[ALL2, AL.LHL2] -> AL.MBL2 -> [LH.SNPL3, MBL2]",AL,2,AL.LH,2,LH.SNP,3,MB,2
14823390,mixed,LAT->mix,LAT,mix,0,1,3,2764,2,1.367,2863,1.036,MB,3,2,2,"[INP.VLNPL3, LHL3] -> MBL3 -> [INP.MBL3, MBL2]",INP.VLNP,3,LH,3,INP.MB,3,MB,2
14581379,mixed,LAT->mix,LAT,mix,0,1,3,187,6,3.923,50104,267.936,OL.VMNP,2,2,2,"[GNG.VLNPL2, VLNP.VMNPL2] -> OL.VMNPL2 -> [OLL1, OLL2]",GNG.VLNP,2,VLNP.VMNP,2,OL,1,OL,2
14575971,mixed,LAT->mix,LAT,mix,1,0,3,187,46,4.97,70992,379.636,OL.VMNP,2,2,2,"[GNG.VMNPL2, VMNPL2] -> OL.VMNPL2 -> [OLL2, OLL3]",GNG.VMNP,2,VMNP,2,OL,2,OL,3
14517582,mixed,LAT->mix,LAT,mix,0,1,3,2764,5,1.693,2339,0.846,MB,3,2,2,"[INP.MBL3, MB.SNPL3] -> MBL3 -> [INPL3, MBL2]",INP.MB,3,MB.SNP,3,INP,3,MB,2
14495757,mixed,LAT->mix,LAT,mix,0,1,3,187,6,1.992,50518,270.15,OL.VMNP,2,2,2,"[GNG.PENPL2, VMNPL2] -> OL.VMNPL2 -> [OLL1, OLL2]",GNG.PENP,2,VMNP,2,OL,1,OL,2
14409360,mixed,LAT->mix,LAT,mix,0,1,3,2764,2,1.399,2863,1.036,MB,3,2,2,"[INP.MBL3, LHL3] -> MBL3 -> [INP.VLNPL3, MBL2]",INP.MB,3,LH,3,INP.VLNP,3,MB,2
13698979,mixed,LAT->mix,LAT,mix,1,1,2,187,35,4.101,43300,231.551,OL.VMNP,2,2,2,"[VLNP.VMNPL2, VMNPL2] -> OL.VMNPL2 -> [OLL1, OLL3]",VLNP.VMNP,2,VMNP,2,OL,1,OL,3
13640190,mixed,LAT->mix,LAT,mix,0,1,3,2764,2,1.188,2421,0.876,MB,3,2,2,"[INP.VLNPL3, VLNP.VMNPL3] -> MBL3 -> [INP.MBL3, MBL2]",INP.VLNP,3,VLNP.VMNP,3,INP.MB,3,MB,2
13614901,mixed,LAT->mix,LAT,mix,1,0,3,26,4,1.57,50073,1925.885,OL.VMNP,1,2,2,"[GNG.OLL1, VMNPL1] -> OL.VMNPL1 -> [OLL1, OLL2]",GNG.OL,1,VMNP,1,OL,1,OL,2
13167000,mixed,LAT->mix,LAT,mix,0,1,3,2764,2,1.206,2421,0.876,MB,3,2,2,"[INP.MBL3, VLNP.VMNPL3] -> MBL3 -> [INP.VLNPL3, MBL2]",INP.MB,3,VLNP.VMNP,3,INP.VLNP,3,MB,2
13090920,mixed,LAT->mix,LAT,mix,0,1,3,187,10,3.441,51252,274.075,OL.VMNP,2,2,2,"[GNGL2, OL.VLNPL2] -> OL.VMNPL2 -> [OLL1, OLL2]",GNG,2,OL.VLNP,2,OL,1,OL,2
13041011,mixed,LAT->mix,LAT,mix,1,0,3,145,39,6.761,3617,24.945,AL.MB,2,2,2,"[ALL2, AL.LHL2] -> AL.MBL2 -> [LHL3, MBL2]",AL,2,AL.LH,2,LH,3,MB,2
12962493,mixed,LAT->mix,LAT,mix,1,0,3,7,4,1.679,50097,7156.714,GNG.OL,1,2,2,"[GNG.VMNPL1, VMNPL1] -> GNG.OLL1 -> [OLL1, OLL2]",GNG.VMNP,1,VMNP,1,OL,1,OL,2
12934227,mixed,LAT->mix,LAT,mix,0,1,3,2764,5,1.757,2339,0.846,MB,3,2,2,"[INPL3, MB.SNPL3] -> MBL3 -> [INP.MBL3, MBL2]",INP,3,MB.SNP,3,INP.MB,3,MB,2
12825869,mixed,LAT->mix,LAT,mix,0,1,3,2764,6,1.677,2339,0.846,MB,3,2,2,"[INPL3, INP.MBL3] -> MBL3 -> [MBL2, MB.SNPL3]",INP,3,INP.MB,3,MB,2,MB.SNP,3
12796480,mixed,LAT->mix,LAT,mix,1,0,3,145,5,2.845,5625,38.793,AL.MB,2,2,2,"[ALL2, AL.VLNPL2] -> AL.MBL2 -> [MBL2, MBL3]",AL,2,AL.VLNP,2,MB,2,MB,3
12572267,mixed,LAT->mix,LAT,mix,0,1,3,187,8,3.476,50119,268.016,OL.VMNP,2,2,2,"[LX.VLNPL2, LX.VMNPL2] -> OL.VMNPL2 -> [OLL1, OLL2]",LX.VLNP,2,LX.VMNP,2,OL,1,OL,2
12568632,mixed,LAT->mix,LAT,mix,0,1,3,2764,2,1.489,2318,0.839,MB,3,2,2,"[MB.VLNPL3, VLNP.VMNPL3] -> MBL3 -> [INP.MBL3, MBL2]",MB.VLNP,3,VLNP.VMNP,3,INP.MB,3,MB,2
12546932,mixed,LAT->mix,LAT,mix,1,0,3,187,38,3.462,71378,381.701,OL.VMNP,2,2,2,"[OL.VLNPL2, VMNPL2] -> OL.VMNPL2 -> [OLL2, OLL3]",OL.VLNP,2,VMNP,2,OL,2,OL,3
12540240,mixed,LAT->mix,LAT,mix,0,1,3,2764,2,1.49,2318,0.839,MB,3,2,2,"[INP.MBL3, VLNP.VMNPL3] -> MBL3 -> [MBL2, MB.VLNPL3]",INP.MB,3,VLNP.VMNP,3,MB,2,MB.VLNP,3
11940554,mixed,LAT->mix,LAT,mix,1,0,3,187,19,4.482,71696,383.401,OL.VMNP,2,2,2,"[GNGL2, VMNPL2] -> OL.VMNPL2 -> [OLL2, OLL3]",GNG,2,VMNP,2,OL,2,OL,3
11881520,mixed,LAT->mix,LAT,mix,0,1,3,2764,2,1.978,600,0.217,MB,3,2,2,"[INP.VLNPL3, MB.VLNPL3] -> MBL3 -> [AL.MBL2, INP.MBL3]",INP.VLNP,3,MB.VLNP,3,AL.MB,2,INP.MB,3
11866260,mixed,LAT->mix,LAT,mix,0,1,3,2764,2,1.993,600,0.217,MB,3,2,2,"[INP.MBL3, MB.VLNPL3] -> MBL3 -> [AL.MBL2, INP.VLNPL3]",INP.MB,3,MB.VLNP,3,AL.MB,2,INP.VLNP,3
11862800,mixed,LAT->mix,LAT,mix,0,1,3,2764,2,1.978,600,0.217,MB,3,2,2,"[INP.MBL3, INP.VLNPL3] -> MBL3 -> [AL.MBL2, MB.VLNPL3]",INP.MB,3,INP.VLNP,3,AL.MB,2,MB.VLNP,3
11370004,mixed,LAT->mix,LAT,mix,0,1,3,187,18,3.748,50548,270.31,OL.VMNP,2,2,2,"[GNG.VMNPL2, OL.VLNPL2] -> OL.VMNPL2 -> [OLL1, OLL2]",GNG.VMNP,2,OL.VLNP,2,OL,1,OL,2
11117674,mixed,LAT->mix,LAT,mix,1,0,3,145,16,6.263,5588,38.538,AL.MB,2,2,2,"[ALL2, LH.MBL2] -> AL.MBL2 -> [MBL2, MBL3]",AL,2,LH.MB,2,MB,2,MB,3
11078631,mixed,LAT->mix,LAT,mix,0,1,3,2764,7,1.643,3948,1.428,MB,3,2,2,"[MB.SNPL3, SNPL3] -> MBL3 -> [INP.MBL3, MBL2]",MB.SNP,3,SNP,3,INP.MB,3,MB,2
10636066,mixed,LAT->mix,LAT,mix,1,0,3,145,5,4.346,5611,38.697,AL.MB,2,2,2,"[ALL2, AL.SNPL2] -> AL.MBL2 -> [MBL2, MBL3]",AL,2,AL.SNP,2,MB,2,MB,3
10626445,mixed,LAT->mix,LAT,mix,0,1,3,187,6,3.457,50405,269.545,OL.VMNP,2,2,2,"[LX.VLNPL2, VLNPL2] -> OL.VMNPL2 -> [OLL1, OLL2]",LX.VLNP,2,VLNP,2,OL,1,OL,2
10543641,mixed,LAT->mix,LAT,mix,0,1,3,187,5,3.353,50047,267.631,OL.VMNP,2,2,2,"[GNG.VLNPL2, LX.VMNPL2] -> OL.VMNPL2 -> [OLL1, OLL2]",GNG.VLNP,2,LX.VMNP,2,OL,1,OL,2
10412160,mixed,LAT->mix,LAT,mix,0,1,3,2764,1,1.0,2324,0.841,MB,3,2,2,"[INP.MBL3, MB.VLNPL3] -> MBL3 -> [MBL2, SNP.VLNPL3]",INP.MB,3,MB.VLNP,3,MB,2,SNP.VLNP,3
10412160,mixed,LAT->mix,LAT,mix,0,1,3,2764,1,1.0,2324,0.841,MB,3,2,2,"[INP.MBL3, SNP.VLNPL3] -> MBL3 -> [MBL2, MB.VLNPL3]",INP.MB,3,SNP.VLNP,3,MB,2,MB.VLNP,3
10412160,mixed,LAT->mix,LAT,mix,0,1,3,2764,1,1.0,2324,0.841,MB,3,2,2,"[MB.VLNPL3, SNP.VLNPL3] -> MBL3 -> [INP.MBL3, MBL2]",MB.VLNP,3,SNP.VLNP,3,INP.MB,3,MB,2
10269978,mixed,LAT->mix,LAT,mix,0,1,3,2764,13,1.723,3948,1.428,MB,3,2,2,"[INP.MBL3, SNPL3] -> MBL3 -> [MBL2, MB.SNPL3]",INP.MB,3,SNP,3,MB,2,MB.SNP,3
10268654,mixed,LAT->mix,LAT,mix,0,1,3,145,37,3.99,4835,33.345,AL.MB,2,2,2,"[ALL2, AL.LHL2] -> AL.MBL2 -> [ALL1, MBL2]",AL,2,AL.LH,2,AL,1,MB,2
9850852,mixed,LAT->mix,LAT,mix,0,1,3,2764,2,1.784,503,0.182,MB,3,2,2,"[MB.SNPL3, MB.VLNPL3] -> MBL3 -> [AL.MBL2, INP.MBL3]",MB.SNP,3,MB.VLNP,3,AL.MB,2,INP.MB,3
9841700,mixed,LAT->mix,LAT,mix,0,1,3,2764,2,1.783,503,0.182,MB,3,2,2,"[INP.MBL3, MB.SNPL3] -> MBL3 -> [AL.MBL2, MB.VLNPL3]",INP.MB,3,MB.SNP,3,AL.MB,2,MB.VLNP,3
9774758,mixed,LAT->mix,LAT,mix,1,1,2,187,33,3.477,43243,231.246,OL.VMNP,2,2,2,"[LX.VMNPL2, VMNPL2] -> OL.VMNPL2 -> [OLL1, OLL3]",LX.VMNP,2,VMNP,2,OL,1,OL,3
9749480,mixed,LAT->mix,LAT,mix,0,1,3,2764,2,1.705,503,0.182,MB,3,2,2,"[INP.MBL3, MB.VLNPL3] -> MBL3 -> [AL.MBL2, MB.SNPL3]",INP.MB,3,MB.VLNP,3,AL.MB,2,MB.SNP,3
9487860,mixed,LAT->mix,LAT,mix,0,1,3,2764,2,1.279,3030,1.096,MB,3,2,2,"[INP.VLNPL3, VLNPL3] -> MBL3 -> [INP.MBL3, MBL2]",INP.VLNP,3,VLNP,3,INP.MB,3,MB,2
9257788,mixed,LAT->mix,LAT,mix,1,0,3,145,59,9.867,3633,25.055,AL.MB,2,2,2,"[ALL2, LHL2] -> AL.MBL2 -> [LH.SNPL3, MBL2]",AL,2,LH,2,LH.SNP,3,MB,2
9246768,mixed,LAT->mix,LAT,mix,0,1,3,2764,2,1.679,2927,1.059,MB,3,2,2,"[MB.VLNPL3, VLNPL3] -> MBL3 -> [INP.MBL3, MBL2]",MB.VLNP,3,VLNP,3,INP.MB,3,MB,2
9227840,mixed,LAT->mix,LAT,mix,0,1,3,2764,2,1.681,2927,1.059,MB,3,2,2,"[INP.MBL3, VLNPL3] -> MBL3 -> [MBL2, MB.VLNPL3]",INP.MB,3,VLNP,3,MB,2,MB.VLNP,3
9192120,mixed,LAT->mix,LAT,mix,0,1,3,2764,2,1.305,3030,1.096,MB,3,2,2,"[INP.MBL3, VLNPL3] -> MBL3 -> [INP.VLNPL3, MBL2]",INP.MB,3,VLNP,3,INP.VLNP,3,MB,2
9048084,mixed,LAT->mix,LAT,mix,0,1,3,2764,2,1.786,2766,1.001,MB,3,2,2,"[LHL3, MB.SNPL3] -> MBL3 -> [INP.MBL3, MBL2]",LH,3,MB.SNP,3,INP.MB,3,MB,2
8980471,mixed,LAT->mix,LAT,mix,1,0,3,187,22,3.223,70619,377.642,OL.VMNP,2,2,2,"[LX.VMNPL2, VLNP.VMNPL2] -> OL.VMNPL2 -> [OLL2, OLL3]",LX.VMNP,2,VLNP.VMNP,2,OL,2,OL,3
8692097,mixed,LAT->mix,LAT,mix,1,0,3,26,8,1.532,49988,1922.615,OL.VMNP,1,2,2,"[GNG.VLNPL1, GNG.VMNPL1] -> OL.VMNPL1 -> [OLL1, OLL2]",GNG.VLNP,1,GNG.VMNP,1,OL,1,OL,2
8677860,mixed,LAT->mix,LAT,mix,0,1,3,2764,2,1.32,3954,1.431,MB,3,2,2,"[INP.VLNPL3, SNPL3] -> MBL3 -> [MBL2, MB.VLNPL3]",INP.VLNP,3,SNP,3,MB,2,MB.VLNP,3
8613120,mixed,LAT->mix,LAT,mix,0,1,3,2764,2,1.916,2897,1.048,MB,3,2,2,"[INP.MBL3, MB.VLNPL3] -> MBL3 -> [LH.SNPL3, MBL2]",INP.MB,3,MB.VLNP,3,LH.SNP,3,MB,2
8603691,mixed,LAT->mix,LAT,mix,0,1,3,187,6,3.637,50333,269.16,OL.VMNP,2,2,2,"[GNG.VLNPL2, VLNPL2] -> OL.VMNPL2 -> [OLL1, OLL2]",GNG.VLNP,2,VLNP,2,OL,1,OL,2
8470812,mixed,LAT->mix,LAT,mix,0,1,3,2764,3,1.861,2766,1.001,MB,3,2,2,"[INP.MBL3, LHL3] -> MBL3 -> [MBL2, MB.SNPL3]",INP.MB,3,LH,3,MB,2,MB.SNP,3
8440992,mixed,LAT->mix,LAT,mix,0,1,3,2764,2,1.348,3954,1.431,MB,3,2,2,"[MB.VLNPL3, SNPL3] -> MBL3 -> [INP.VLNPL3, MBL2]",MB.VLNP,3,SNP,3,INP.VLNP,3,MB,2
8433721,mixed,LAT->mix,LAT,mix,1,0,3,26,5,1.902,50078,1926.077,OL.VMNP,1,2,2,"[LXL1, VMNPL1] -> OL.VMNPL1 -> [OLL1, OLL2]",LX,1,VMNP,1,OL,1,OL,2
8262800,mixed,LAT->mix,LAT,mix,0,1,3,2764,2,1.562,538,0.195,MB,3,2,2,"[INP.VLNPL3, MB.VLNPL3] -> MBL3 -> [INP.MBL2, INP.MBL3]",INP.VLNP,3,MB.VLNP,3,INP.MB,2,INP.MB,3
8244800,mixed,LAT->mix,LAT,mix,0,1,3,2764,2,1.564,538,0.195,MB,3,2,2,"[INP.MBL3, INP.VLNPL3] -> MBL3 -> [INP.MBL2, MB.VLNPL3]",INP.MB,3,INP.VLNP,3,INP.MB,2,MB.VLNP,3
8135128,mixed,LAT->mix,LAT,mix,1,1,2,145,58,7.403,5567,38.393,AL.MB,2,2,2,"[ALL2, LHL2] -> AL.MBL2 -> [ALL1, MBL3]",AL,2,LH,2,AL,1,MB,3
8120280,mixed,LAT->mix,LAT,mix,0,1,3,2764,2,1.994,2345,0.848,MB,3,2,2,"[INP.VLNPL3, MB.VLNPL3] -> MBL3 -> [INPL3, MBL2]",INP.VLNP,3,MB.VLNP,3,INP,3,MB,2
8090040,mixed,LAT->mix,LAT,mix,0,1,3,2764,2,1.606,538,0.195,MB,3,2,2,"[INP.MBL3, MB.VLNPL3] -> MBL3 -> [INP.MBL2, INP.VLNPL3]",INP.MB,3,MB.VLNP,3,INP.MB,2,INP.VLNP,3
8041710,mixed,LAT->mix,LAT,mix,1,1,2,187,13,3.789,43529,232.775,OL.VMNP,2,2,2,"[VLNPL2, VMNPL2] -> OL.VMNPL2 -> [OLL1, OLL3]",VLNP,2,VMNP,2,OL,1,OL,3
7991998,mixed,LAT->mix,LAT,mix,1,0,3,145,59,11.635,3496,24.11,AL.MB,2,2,2,"[ALL2, LHL2] -> AL.MBL2 -> [LHL3, MBL2]",AL,2,LH,2,LH,3,MB,2
7569084,mixed,LAT->mix,LAT,mix,0,1,3,2764,2,1.459,2324,0.841,MB,3,2,2,"[MB.SNPL3, VLNP.VMNPL3] -> MBL3 -> [INP.MBL3, MBL2]",MB.SNP,3,VLNP.VMNP,3,INP.MB,3,MB,2
7531981,mixed,LAT->mix,LAT,mix,0,1,3,187,7,2.441,50150,268.182,OL.VMNP,2,2,2,"[GNG.VMNPL2, LX.VLNPL2] -> OL.VMNPL2 -> [OLL1, OLL2]",GNG.VMNP,2,LX.VLNP,2,OL,1,OL,2
7450628,mixed,LAT->mix,LAT,mix,0,1,3,187,2,1.934,50086,267.84,OL.VMNP,2,2,2,"[GNG.LXL2, VLNP.VMNPL2] -> OL.VMNPL2 -> [OLL1, OLL2]",GNG.LX,2,VLNP.VMNP,2,OL,1,OL,2
7449733,mixed,LAT->mix,LAT,mix,0,1,3,187,6,3.422,50536,270.246,OL.VMNP,2,2,2,"[LX.VLNPL2, OL.VLNPL2] -> OL.VMNPL2 -> [OLL1, OLL2]",LX.VLNP,2,OL.VLNP,2,OL,1,OL,2
7436016,mixed,LAT->mix,LAT,mix,0,1,3,2764,2,1.997,2345,0.848,MB,3,2,2,"[INPL3, MB.VLNPL3] -> MBL3 -> [INP.VLNPL3, MBL2]",INP,3,MB.VLNP,3,INP.VLNP,3,MB,2
7401330,mixed,LAT->mix,LAT,mix,0,1,3,2764,2,2.0,2345,0.848,MB,3,2,2,"[INPL3, INP.VLNPL3] -> MBL3 -> [MBL2, MB.VLNPL3]",INP,3,INP.VLNP,3,MB,2,MB.VLNP,3
7388364,mixed,LAT->mix,LAT,mix,1,0,3,214,28,9.316,5676,26.523,AL.LH,2,2,2,"[ALL2, LHL2] -> AL.LHL2 -> [MBL2, MBL3]",AL,2,LH,2,MB,2,MB,3
7260640,mixed,LAT->mix,LAT,mix,1,1,2,187,20,3.793,81662,436.695,OL.VMNP,2,2,2,"[OLL2, VLNP.VMNPL2] -> OL.VMNPL2 -> [OLL1, OLL3]",OL,2,VLNP.VMNP,2,OL,1,OL,3
7257067,mixed,LAT->mix,LAT,mix,0,1,3,187,2,1.918,50119,268.016,OL.VMNP,2,2,2,"[GNG.PENPL2, LX.VMNPL2] -> OL.VMNPL2 -> [OLL1, OLL2]",GNG.PENP,2,LX.VMNP,2,OL,1,OL,2
7238112,mixed,LAT->mix,LAT,mix,1,0,3,187,13,4.534,70905,379.171,OL.VMNP,2,2,2,"[VLNPL2, VLNP.VMNPL2] -> OL.VMNPL2 -> [OLL2, OLL3]",VLNP,2,VLNP.VMNP,2,OL,2,OL,3
7233072,mixed,LAT->mix,LAT,mix,0,1,3,2764,2,1.623,2248,0.813,MB,3,2,2,"[MB.SNPL3, MB.VLNPL3] -> MBL3 -> [INPL3, MBL2]",MB.SNP,3,MB.VLNP,3,INP,3,MB,2
7123865,mixed,LAT->mix,LAT,mix,0,1,3,187,4,1.99,50176,268.321,OL.VMNP,2,2,2,"[GNG.PENPL2, VLNP.VMNPL2] -> OL.VMNPL2 -> [OLL1, OLL2]",GNG.PENP,2,VLNP.VMNP,2,OL,1,OL,2
7066398,mixed,LAT->mix,LAT,mix,0,1,3,187,6,2.944,50854,271.947,OL.VMNP,2,2,2,"[GNGL2, LX.VLNPL2] -> OL.VMNPL2 -> [OLL1, OLL2]",GNG,2,LX.VLNP,2,OL,1,OL,2
7032940,mixed,LAT->mix,LAT,mix,0,1,3,2764,2,1.961,606,0.219,MB,3,2,2,"[INP.VLNPL3, MB.SNPL3] -> MBL3 -> [AL.MBL2, INP.MBL3]",INP.VLNP,3,MB.SNP,3,AL.MB,2,INP.MB,3
7012215,mixed,LAT->mix,LAT,mix,0,1,3,2764,2,1.982,606,0.219,MB,3,2,2,"[INP.MBL3, MB.SNPL3] -> MBL3 -> [AL.MBL2, INP.VLNPL3]",INP.MB,3,MB.SNP,3,AL.MB,2,INP.VLNP,3
6997550,mixed,LAT->mix,LAT,mix,1,0,3,26,3,1.817,49999,1923.038,OL.VMNP,1,2,2,"[GNG.VMNPL1, LX.VMNPL1] -> OL.VMNPL1 -> [OLL1, OLL2]",GNG.VMNP,1,LX.VMNP,1,OL,1,OL,2
6997270,mixed,LAT->mix,LAT,mix,1,0,3,26,2,1.817,49985,1922.5,OL.VMNP,1,2,2,"[GNG.LXL1, GNG.VMNPL1] -> OL.VMNPL1 -> [OLL1, OLL2]",GNG.LX,1,GNG.VMNP,1,OL,1,OL,2
6932822,mixed,LAT->mix,LAT,mix,0,1,3,2764,3,1.527,2324,0.841,MB,3,2,2,"[INP.MBL3, VLNP.VMNPL3] -> MBL3 -> [MBL2, MB.SNPL3]",INP.MB,3,VLNP.VMNP,3,MB,2,MB.SNP,3
6814635,mixed,LAT->mix,LAT,mix,0,1,3,2764,2,1.418,2772,1.003,MB,3,2,2,"[INP.VLNPL3, LHL3] -> MBL3 -> [MBL2, MB.VLNPL3]",INP.VLNP,3,LH,3,MB,2,MB.VLNP,3
6749709,mixed,LAT->mix,LAT,mix,1,0,3,7,4,1.99,50078,7154.0,GNG.OL,1,2,2,"[LXL1, VMNPL1] -> GNG.OLL1 -> [OLL1, OLL2]",LX,1,VMNP,1,OL,1,OL,2
6748317,mixed,LAT->mix,LAT,mix,1,0,3,7,3,1.989,50092,7156.0,GNG.OL,1,2,2,"[OL.VMNPL1, VMNPL1] -> GNG.OLL1 -> [OLL1, OLL2]",OL.VMNP,1,VMNP,1,OL,1,OL,2
6746157,mixed,LAT->mix,LAT,mix,1,0,3,7,2,1.988,50077,7153.857,GNG.OL,1,2,2,"[GNG.PENPL1, VMNPL1] -> GNG.OLL1 -> [OLL1, OLL2]",GNG.PENP,1,VMNP,1,OL,1,OL,2
6737499,mixed,LAT->mix,LAT,mix,1,0,3,7,3,1.589,50076,7153.714,GNG.OL,1,2,2,"[GNGL1, GNG.VMNPL1] -> GNG.OLL1 -> [OLL1, OLL2]",GNG,1,GNG.VMNP,1,OL,1,OL,2
6702670,mixed,LAT->mix,LAT,mix,1,0,3,491,7,1.375,71583,145.79,OL.VLNP,2,2,2,"[GNGL2, VLNPL2] -> OL.VLNPL2 -> [OLL2, OLL3]",GNG,2,VLNP,2,OL,2,OL,3
6695000,mixed,LAT->mix,LAT,mix,0,1,3,2764,2,1.992,606,0.219,MB,3,2,2,"[INP.MBL3, INP.VLNPL3] -> MBL3 -> [AL.MBL2, MB.SNPL3]",INP.MB,3,INP.VLNP,3,AL.MB,2,MB.SNP,3
6652296,mixed,LAT->mix,LAT,mix,0,1,3,2764,2,1.453,2772,1.003,MB,3,2,2,"[LHL3, MB.VLNPL3] -> MBL3 -> [INP.VLNPL3, MBL2]",LH,3,MB.VLNP,3,INP.VLNP,3,MB,2
6625200,mixed,LAT->mix,LAT,mix,0,1,3,2764,2,1.849,3000,1.085,MB,3,2,2,"[INP.MBL3, INP.VLNPL3] -> MBL3 -> [LH.SNPL3, MBL2]",INP.MB,3,INP.VLNP,3,LH.SNP,3,MB,2
6463782,mixed,LAT->mix,LAT,mix,0,1,3,1567,2,1.0,71307,45.505,OL.VLNP,3,2,2,"[VLNPL3, VLNP.VMNPL3] -> OL.VLNPL3 -> [OLL2, OLL3]",VLNP,3,VLNP.VMNP,3,OL,2,OL,3
6435832,mixed,LAT->mix,LAT,mix,0,1,3,187,5,3.152,50464,269.861,OL.VMNP,2,2,2,"[GNG.VLNPL2, OL.VLNPL2] -> OL.VMNPL2 -> [OLL1, OLL2]",GNG.VLNP,2,OL.VLNP,2,OL,1,OL,2
6415420,mixed,LAT->mix,LAT,mix,0,1,3,2764,2,1.685,2248,0.813,MB,3,2,2,"[INPL3, MB.SNPL3] -> MBL3 -> [MBL2, MB.VLNPL3]",INP,3,MB.SNP,3,MB,2,MB.VLNP,3
6395800,mixed,LAT->mix,LAT,mix,0,1,3,2764,3,1.608,2248,0.813,MB,3,2,2,"[INPL3, MB.VLNPL3] -> MBL3 -> [MBL2, MB.SNPL3]",INP,3,MB.VLNP,3,MB,2,MB.SNP,3
6202155,mixed,LAT->mix,LAT,mix,0,1,3,2764,2,1.217,2330,0.843,MB,3,2,2,"[INP.VLNPL3, VLNP.VMNPL3] -> MBL3 -> [MBL2, MB.VLNPL3]",INP.VLNP,3,VLNP.VMNP,3,MB,2,MB.VLNP,3
6152648,mixed,LAT->mix,LAT,mix,0,1,3,2764,3,1.0,2330,0.843,MB,3,2,2,"[INP.MBL3, SNP.VLNPL3] -> MBL3 -> [MBL2, MB.SNPL3]",INP.MB,3,SNP.VLNP,3,MB,2,MB.SNP,3
6010704,mixed,LAT->mix,LAT,mix,0,1,3,2764,3,1.965,3942,1.426,MB,3,2,2,"[INP.MBL3, MB.VLNPL3] -> MBL3 -> [MBL2, SNPL3]",INP.MB,3,MB.VLNP,3,MB,2,SNP,3
6010288,mixed,LAT->mix,LAT,mix,0,1,3,2764,3,1.965,2181,0.789,MB,3,2,2,"[INP.MBL3, MB.VLNPL3] -> MBL3 -> [LH.MBL3, MBL2]",INP.MB,3,MB.VLNP,3,LH.MB,3,MB,2
6009192,mixed,LAT->mix,LAT,mix,0,1,3,2764,2,1.236,2330,0.843,MB,3,2,2,"[MB.VLNPL3, VLNP.VMNPL3] -> MBL3 -> [INP.VLNPL3, MBL2]",MB.VLNP,3,VLNP.VMNP,3,INP.VLNP,3,MB,2
5971799,mixed,LAT->mix,LAT,mix,1,1,2,187,22,3.302,43660,233.476,OL.VMNP,2,2,2,"[OL.VLNPL2, VMNPL2] -> OL.VMNPL2 -> [OLL1, OLL3]",OL.VLNP,2,VMNP,2,OL,1,OL,3
5965465,mixed,LAT->mix,LAT,mix,1,0,3,26,7,1.569,49990,1922.692,OL.VMNP,1,2,2,"[GNG.OLL1, GNG.VMNPL1] -> OL.VMNPL1 -> [OLL1, OLL2]",GNG.OL,1,GNG.VMNP,1,OL,1,OL,2
5924905,mixed,LAT->mix,LAT,mix,0,1,3,2764,3,1.971,2181,0.789,MB,3,2,2,"[LH.MBL3, MB.VLNPL3] -> MBL3 -> [INP.MBL3, MBL2]",LH.MB,3,MB.VLNP,3,INP.MB,3,MB,2
5916002,mixed,LAT->mix,LAT,mix,0,1,3,2764,2,1.0,2330,0.843,MB,3,2,2,"[MB.SNPL3, SNP.VLNPL3] -> MBL3 -> [INP.MBL3, MBL2]",MB.SNP,3,SNP.VLNP,3,INP.MB,3,MB,2
5916000,mixed,LAT->mix,LAT,mix,0,1,3,2764,1,1.0,2330,0.843,MB,3,2,2,"[INP.MBL3, MB.SNPL3] -> MBL3 -> [MBL2, SNP.VLNPL3]",INP.MB,3,MB.SNP,3,MB,2,SNP.VLNP,3
5915440,mixed,LAT->mix,LAT,mix,0,1,3,2764,2,1.972,2181,0.789,MB,3,2,2,"[INP.MBL3, LH.MBL3] -> MBL3 -> [MBL2, MB.VLNPL3]",INP.MB,3,LH.MB,3,MB,2,MB.VLNP,3
5754501,mixed,LAT->mix,LAT,mix,1,0,3,187,26,3.111,71036,379.872,OL.VMNP,2,2,2,"[OL.VLNPL2, VLNP.VMNPL2] -> OL.VMNPL2 -> [OLL2, OLL3]",OL.VLNP,2,VLNP.VMNP,2,OL,2,OL,3
5752506,mixed,LAT->mix,LAT,mix,1,0,3,145,38,3.077,3069,21.166,AL.MB,2,2,2,"[ALL2, AL.LHL2] -> AL.MBL2 -> [ALL3, MBL2]",AL,2,AL.LH,2,AL,3,MB,2
5612176,mixed,LAT->mix,LAT,mix,1,1,2,187,35,3.193,43274,231.412,OL.VMNP,2,2,2,"[GNG.VMNPL2, VMNPL2] -> OL.VMNPL2 -> [OLL1, OLL3]",GNG.VMNP,2,VMNP,2,OL,1,OL,3
5597924,mixed,LAT->mix,LAT,mix,1,0,3,187,29,4.33,70650,377.807,OL.VMNP,2,2,2,"[GNG.VMNPL2, VLNP.VMNPL2] -> OL.VMNPL2 -> [OLL2, OLL3]",GNG.VMNP,2,VLNP.VMNP,2,OL,2,OL,3
5549913,mixed,LAT->mix,LAT,mix,0,1,3,187,5,3.07,50782,271.561,OL.VMNP,2,2,2,"[GNGL2, GNG.VLNPL2] -> OL.VMNPL2 -> [OLL1, OLL2]",GNG,2,GNG.VLNP,2,OL,1,OL,2
5539056,mixed,LAT->mix,LAT,mix,0,1,3,2764,2,1.643,2933,1.061,MB,3,2,2,"[MB.SNPL3, VLNPL3] -> MBL3 -> [INP.MBL3, MBL2]",MB.SNP,3,VLNP,3,INP.MB,3,MB,2
5519800,mixed,LAT->mix,LAT,mix,0,1,3,2764,2,1.972,441,0.16,MB,3,2,2,"[MB.SNPL3, MB.VLNPL3] -> MBL3 -> [INP.MBL2, INP.MBL3]",MB.SNP,3,MB.VLNP,3,INP.MB,2,INP.MB,3
5515732,mixed,LAT->mix,LAT,mix,0,1,3,187,6,2.784,50078,267.797,OL.VMNP,2,2,2,"[GNG.VLNPL2, GNG.VMNPL2] -> OL.VMNPL2 -> [OLL1, OLL2]",GNG.VLNP,2,GNG.VMNP,2,OL,1,OL,2
5511000,mixed,LAT->mix,LAT,mix,0,1,3,2764,2,1.973,441,0.16,MB,3,2,2,"[INP.MBL3, MB.SNPL3] -> MBL3 -> [INP.MBL2, MB.VLNPL3]",INP.MB,3,MB.SNP,3,INP.MB,2,MB.VLNP,3
5442234,mixed,LAT->mix,LAT,mix,0,1,3,2764,3,1.516,4045,1.463,MB,3,2,2,"[INP.MBL3, INP.VLNPL3] -> MBL3 -> [MBL2, SNPL3]",INP.MB,3,INP.VLNP,3,MB,2,SNP,3
5442078,mixed,LAT->mix,LAT,mix,0,1,3,2764,3,1.516,2284,0.826,MB,3,2,2,"[INP.MBL3, INP.VLNPL3] -> MBL3 -> [LH.MBL3, MBL2]",INP.MB,3,INP.VLNP,3,LH.MB,3,MB,2
5335530,mixed,LAT->mix,LAT,mix,0,1,3,2764,2,1.527,2284,0.826,MB,3,2,2,"[INP.VLNPL3, LH.MBL3] -> MBL3 -> [INP.MBL3, MBL2]",INP.VLNP,3,LH.MB,3,INP.MB,3,MB,2
5320131,mixed,LAT->mix,LAT,mix,0,1,3,908,38,10.53,2203,2.426,AL,2,2,2,"[AL.LHL2, AL.VLNPL2] -> ALL2 -> [ALL1, AL.MBL2]",AL.LH,2,AL.VLNP,2,AL,1,AL.MB,2
5317842,mixed,LAT->mix,LAT,mix,1,1,2,187,19,3.341,43978,235.176,OL.VMNP,2,2,2,"[GNGL2, VMNPL2] -> OL.VMNPL2 -> [OLL1, OLL3]",GNG,2,VMNP,2,OL,1,OL,3
5267152,mixed,LAT->mix,LAT,mix,0,1,3,2764,3,1.999,441,0.16,MB,3,2,2,"[INP.MBL3, MB.VLNPL3] -> MBL3 -> [INP.MBL2, MB.SNPL3]",INP.MB,3,MB.VLNP,3,INP.MB,2,MB.SNP,3
5217240,mixed,LAT->mix,LAT,mix,0,1,3,2764,2,1.569,2284,0.826,MB,3,2,2,"[INP.MBL3, LH.MBL3] -> MBL3 -> [INP.VLNPL3, MBL2]",INP.MB,3,LH.MB,3,INP.VLNP,3,MB,2
5213334,mixed,LAT->mix,LAT,mix,1,0,3,187,13,2.587,70979,379.567,OL.VMNP,2,2,2,"[LX.VMNPL2, OL.VLNPL2] -> OL.VMNPL2 -> [OLL2, OLL3]",LX.VMNP,2,OL.VLNP,2,OL,2,OL,3
5193840,mixed,LAT->mix,LAT,mix,0,1,3,2764,2,1.4,669,0.242,MB,3,2,2,"[INP.VLNPL3, MB.VLNPL3] -> MBL3 -> [AL.LHL2, INP.MBL3]",INP.VLNP,3,MB.VLNP,3,AL.LH,2,INP.MB,3
5186552,mixed,LAT->mix,LAT,mix,1,0,3,26,2,1.001,50159,1929.192,OL.VMNP,1,2,2,"[GNGL1, VMNPL1] -> OL.VMNPL1 -> [OLL1, OLL2]",GNG,1,VMNP,1,OL,1,OL,2
5181600,mixed,LAT->mix,LAT,mix,0,1,3,2764,2,1.401,669,0.242,MB,3,2,2,"[INP.MBL3, INP.VLNPL3] -> MBL3 -> [AL.LHL2, MB.VLNPL3]",INP.MB,3,INP.VLNP,3,AL.LH,2,MB.VLNP,3
5177152,mixed,LAT->mix,LAT,mix,0,1,3,187,2,1.91,50315,269.064,OL.VMNP,2,2,2,"[GNG.LXL2, VLNPL2] -> OL.VMNPL2 -> [OLL1, OLL2]",GNG.LX,2,VLNP,2,OL,1,OL,2
5174840,mixed,LAT->mix,LAT,mix,0,1,3,2764,2,1.714,3857,1.395,MB,3,2,2,"[MB.SNPL3, SNPL3] -> MBL3 -> [MBL2, MB.VLNPL3]",MB.SNP,3,SNP,3,MB,2,MB.VLNP,3
5134480,mixed,LAT->mix,LAT,mix,0,1,3,2764,2,1.723,2933,1.061,MB,3,2,2,"[INP.MBL3, VLNPL3] -> MBL3 -> [MBL2, MB.SNPL3]",INP.MB,3,VLNP,3,MB,2,MB.SNP,3
5103168,mixed,LAT->mix,LAT,mix,0,1,3,2764,2,1.325,3960,1.433,MB,3,2,2,"[MB.SNPL3, SNPL3] -> MBL3 -> [INP.VLNPL3, MBL2]",MB.SNP,3,SNP,3,INP.VLNP,3,MB,2
5055120,mixed,LAT->mix,LAT,mix,0,1,3,2764,2,1.435,669,0.242,MB,3,2,2,"[INP.MBL3, MB.VLNPL3] -> MBL3 -> [AL.LHL2, INP.VLNPL3]",INP.MB,3,MB.VLNP,3,AL.LH,2,INP.VLNP,3
5040080,mixed,LAT->mix,LAT,mix,0,1,3,2764,2,1.941,2903,1.05,MB,3,2,2,"[INP.MBL3, MB.SNPL3] -> MBL3 -> [LH.SNPL3, MBL2]",INP.MB,3,MB.SNP,3,LH.SNP,3,MB,2
5017292,mixed,LAT->mix,LAT,mix,0,1,3,908,36,8.397,2203,2.426,AL,2,2,2,"[AL.MBL2, AL.VLNPL2] -> ALL2 -> [ALL1, AL.LHL2]",AL.MB,2,AL.VLNP,2,AL,1,AL.LH,2
4969440,mixed,LAT->mix,LAT,mix,0,1,3,2764,1,1.0,2427,0.878,MB,3,2,2,"[INP.MBL3, SNP.VLNPL3] -> MBL3 -> [INP.VLNPL3, MBL2]",INP.MB,3,SNP.VLNP,3,INP.VLNP,3,MB,2
4966002,mixed,LAT->mix,LAT,mix,0,1,3,2764,3,1.529,544,0.197,MB,3,2,2,"[INP.VLNPL3, MB.SNPL3] -> MBL3 -> [INP.MBL2, INP.MBL3]",INP.VLNP,3,MB.SNP,3,INP.MB,2,INP.MB,3
4903745,mixed,LAT->mix,LAT,mix,1,0,3,187,8,3.635,70980,379.572,OL.VMNP,2,2,2,"[LX.VLNPL2, VMNPL2] -> OL.VMNPL2 -> [OLL2, OLL3]",LX.VLNP,2,VMNP,2,OL,2,OL,3
4856250,mixed,LAT->mix,LAT,mix,0,1,3,2764,2,1.572,544,0.197,MB,3,2,2,"[INP.MBL3, MB.SNPL3] -> MBL3 -> [INP.MBL2, INP.VLNPL3]",INP.MB,3,MB.SNP,3,INP.MB,2,INP.VLNP,3
4829168,mixed,LAT->mix,LAT,mix,0,1,3,2764,10,1.792,3857,1.395,MB,3,2,2,"[MB.VLNPL3, SNPL3] -> MBL3 -> [MBL2, MB.SNPL3]",MB.VLNP,3,SNP,3,MB,2,MB.SNP,3
4792730,mixed,LAT->mix,LAT,mix,0,1,3,187,3,1.96,50536,270.246,OL.VMNP,2,2,2,"[GNG.PENPL2, OL.VLNPL2] -> OL.VMNPL2 -> [OLL1, OLL2]",GNG.PENP,2,OL.VLNP,2,OL,1,OL,2
4778340,mixed,LAT->mix,LAT,mix,0,1,3,2764,2,1.999,2351,0.851,MB,3,2,2,"[INP.VLNPL3, MB.SNPL3] -> MBL3 -> [INPL3, MBL2]",INP.VLNP,3,MB.SNP,3,INP,3,MB,2
4769702,mixed,LAT->mix,LAT,mix,0,1,3,2764,3,1.347,3960,1.433,MB,3,2,2,"[INP.VLNPL3, SNPL3] -> MBL3 -> [MBL2, MB.SNPL3]",INP.VLNP,3,SNP,3,MB,2,MB.SNP,3
4732802,mixed,LAT->mix,LAT,mix,0,1,3,2764,2,1.0,2427,0.878,MB,3,2,2,"[INP.VLNPL3, SNP.VLNPL3] -> MBL3 -> [INP.MBL3, MBL2]",INP.VLNP,3,SNP.VLNP,3,INP.MB,3,MB,2
363081681,mixed,mix->BWD,mix,BWD,1,2,1,2764,3,1.746,2317,0.838,MB,3,2,2,"[AL.MBL2, INP.MBL3] -> MBL3 -> [INP.MBL2, MBL2]",AL.MB,2,INP.MB,3,INP.MB,2,MB,2
355795180,mixed,mix->BWD,mix,BWD,1,2,1,2764,2,1.743,2317,0.838,MB,3,2,2,"[INP.MBL3, MBL2] -> MBL3 -> [AL.MBL2, INP.MBL2]",INP.MB,3,MB,2,AL.MB,2,INP.MB,2
355273360,mixed,mix->BWD,mix,BWD,1,2,1,2764,2,1.742,2317,0.838,MB,3,2,2,"[INP.MBL2, INP.MBL3] -> MBL3 -> [AL.MBL2, MBL2]",INP.MB,2,INP.MB,3,AL.MB,2,MB,2
287942440,mixed,mix->BWD,mix,BWD,1,2,1,2764,2,1.595,2448,0.886,MB,3,2,2,"[AL.LHL2, INP.MBL3] -> MBL3 -> [AL.MBL2, MBL2]",AL.LH,2,INP.MB,3,AL.MB,2,MB,2
234356723,mixed,mix->BWD,mix,BWD,1,2,1,2764,3,1.247,2386,0.863,MB,3,2,2,"[AL.LHL2, INP.MBL3] -> MBL3 -> [INP.MBL2, MBL2]",AL.LH,2,INP.MB,3,INP.MB,2,MB,2
222365440,mixed,mix->BWD,mix,BWD,1,2,1,2764,2,1.556,2448,0.886,MB,3,2,2,"[AL.MBL2, INP.MBL3] -> MBL3 -> [AL.LHL2, MBL2]",AL.MB,2,INP.MB,3,AL.LH,2,MB,2
218014120,mixed,mix->BWD,mix,BWD,1,2,1,2764,2,1.553,2448,0.886,MB,3,2,2,"[INP.MBL3, MBL2] -> MBL3 -> [AL.LHL2, AL.MBL2]",INP.MB,3,MB,2,AL.LH,2,AL.MB,2
179534960,mixed,mix->BWD,mix,BWD,1,2,1,2764,2,1.227,2386,0.863,MB,3,2,2,"[INP.MBL3, MBL2] -> MBL3 -> [AL.LHL2, INP.MBL2]",INP.MB,3,MB,2,AL.LH,2,INP.MB,2
179345920,mixed,mix->BWD,mix,BWD,1,2,1,2764,2,1.226,2386,0.863,MB,3,2,2,"[INP.MBL2, INP.MBL3] -> MBL3 -> [AL.LHL2, MBL2]",INP.MB,2,INP.MB,3,AL.LH,2,MB,2
170982575,mixed,mix->BWD,mix,BWD,1,2,1,2764,10,1.814,2226,0.805,MB,3,2,2,"[AL.MBL2, MB.VLNPL3] -> MBL3 -> [INP.MBL2, MBL2]",AL.MB,2,MB.VLNP,3,INP.MB,2,MB,2
167516752,mixed,mix->BWD,mix,BWD,1,2,1,2764,2,1.811,2226,0.805,MB,3,2,2,"[MBL2, MB.VLNPL3] -> MBL3 -> [AL.MBL2, INP.MBL2]",MB,2,MB.VLNP,3,AL.MB,2,INP.MB,2
167492910,mixed,mix->BWD,mix,BWD,1,2,1,2764,2,1.362,2329,0.843,MB,3,2,2,"[AL.MBL2, INP.VLNPL3] -> MBL3 -> [INP.MBL2, MBL2]",AL.MB,2,INP.VLNP,3,INP.MB,2,MB,2
167260704,mixed,mix->BWD,mix,BWD,1,2,1,2764,2,1.81,2226,0.805,MB,3,2,2,"[INP.MBL2, MB.VLNPL3] -> MBL3 -> [AL.MBL2, MBL2]",INP.MB,2,MB.VLNP,3,AL.MB,2,MB,2
164298160,mixed,mix->BWD,mix,BWD,1,2,1,2764,2,1.36,2329,0.843,MB,3,2,2,"[INP.VLNPL3, MBL2] -> MBL3 -> [AL.MBL2, INP.MBL2]",INP.VLNP,3,MB,2,AL.MB,2,INP.MB,2
164107320,mixed,mix->BWD,mix,BWD,1,2,1,2764,2,1.359,2329,0.843,MB,3,2,2,"[INP.MBL2, INP.VLNPL3] -> MBL3 -> [AL.MBL2, MBL2]",INP.MB,2,INP.VLNP,3,AL.MB,2,MB,2
145732160,mixed,mix->BWD,mix,BWD,1,2,1,2764,2,1.944,2281,0.825,MB,3,2,2,"[AL.MBL2, INP.MBL3] -> MBL3 -> [MBL2, MB.SNPL2]",AL.MB,2,INP.MB,3,MB,2,MB.SNP,2
145225320,mixed,mix->BWD,mix,BWD,1,2,1,2764,2,1.999,2281,0.825,MB,3,2,2,"[INP.MBL3, MB.SNPL2] -> MBL3 -> [AL.MBL2, MBL2]",INP.MB,3,MB.SNP,2,AL.MB,2,MB,2
142706500,mixed,mix->BWD,mix,BWD,1,2,1,2764,2,1.942,2281,0.825,MB,3,2,2,"[INP.MBL3, MBL2] -> MBL3 -> [AL.MBL2, MB.SNPL2]",INP.MB,3,MB,2,AL.MB,2,MB.SNP,2
138603120,mixed,mix->BWD,mix,BWD,1,2,1,2764,2,1.271,2460,0.89,MB,3,2,2,"[AL.LHL2, INP.VLNPL3] -> MBL3 -> [AL.MBL2, MBL2]",AL.LH,2,INP.VLNP,3,AL.MB,2,MB,2
134404512,mixed,mix->BWD,mix,BWD,1,2,1,2764,2,1.663,2357,0.853,MB,3,2,2,"[AL.LHL2, MB.VLNPL3] -> MBL3 -> [AL.MBL2, MBL2]",AL.LH,2,MB.VLNP,3,AL.MB,2,MB,2
123269640,mixed,mix->BWD,mix,BWD,1,2,1,2764,2,1.105,2398,0.868,MB,3,2,2,"[AL.LHL2, INP.VLNPL3] -> MBL3 -> [INP.MBL2, MBL2]",AL.LH,2,INP.VLNP,3,INP.MB,2,MB,2
108123390,mixed,mix->BWD,mix,BWD,1,2,1,2764,2,1.25,2460,0.89,MB,3,2,2,"[AL.MBL2, INP.VLNPL3] -> MBL3 -> [AL.LHL2, MBL2]",AL.MB,2,INP.VLNP,3,AL.LH,2,MB,2
107229423,mixed,mix->BWD,mix,BWD,1,2,1,2764,10,1.283,2295,0.83,MB,3,2,2,"[AL.LHL2, MB.VLNPL3] -> MBL3 -> [INP.MBL2, MBL2]",AL.LH,2,MB.VLNP,3,INP.MB,2,MB,2
106092960,mixed,mix->BWD,mix,BWD,1,2,1,2764,2,1.249,2460,0.89,MB,3,2,2,"[INP.VLNPL3, MBL2] -> MBL3 -> [AL.LHL2, AL.MBL2]",INP.VLNP,3,MB,2,AL.LH,2,AL.MB,2
103570200,mixed,mix->BWD,mix,BWD,1,2,1,2764,2,1.623,2357,0.853,MB,3,2,2,"[AL.MBL2, MB.VLNPL3] -> MBL3 -> [AL.LHL2, MBL2]",AL.MB,2,MB.VLNP,3,AL.LH,2,MB,2
102120943,mixed,mix->BWD,mix,BWD,1,2,1,2764,8,1.501,2219,0.803,MB,3,2,2,"[INP.MBL3, MBL2] -> MBL3 -> [INP.MBL2, MB.SNPL2]",INP.MB,3,MB,2,INP.MB,2,MB.SNP,2
101994100,mixed,mix->BWD,mix,BWD,1,2,1,2764,2,1.779,2232,0.808,MB,3,2,2,"[AL.MBL2, MB.SNPL3] -> MBL3 -> [INP.MBL2, MBL2]",AL.MB,2,MB.SNP,3,INP.MB,2,MB,2
101978946,mixed,mix->BWD,mix,BWD,1,2,1,2764,8,1.5,2219,0.803,MB,3,2,2,"[INP.MBL2, INP.MBL3] -> MBL3 -> [MBL2, MB.SNPL2]",INP.MB,2,INP.MB,3,MB,2,MB.SNP,2
101525856,mixed,mix->BWD,mix,BWD,1,2,1,2764,2,1.62,2357,0.853,MB,3,2,2,"[MBL2, MB.VLNPL3] -> MBL3 -> [AL.LHL2, AL.MBL2]",MB,2,MB.VLNP,3,AL.LH,2,AL.MB,2
99937500,mixed,mix->BWD,mix,BWD,1,2,1,2764,2,1.776,2232,0.808,MB,3,2,2,"[MBL2, MB.SNPL3] -> MBL3 -> [AL.MBL2, INP.MBL2]",MB,2,MB.SNP,3,AL.MB,2,INP.MB,2
99788000,mixed,mix->BWD,mix,BWD,1,2,1,2764,2,1.775,2232,0.808,MB,3,2,2,"[INP.MBL2, MB.SNPL3] -> MBL3 -> [AL.MBL2, MBL2]",INP.MB,2,MB.SNP,3,AL.MB,2,MB,2
97129175,mixed,mix->BWD,mix,BWD,1,2,1,2764,9,1.649,2219,0.803,MB,3,2,2,"[INP.MBL3, MB.SNPL2] -> MBL3 -> [INP.MBL2, MBL2]",INP.MB,3,MB.SNP,2,INP.MB,2,MB,2
94931520,mixed,mix->BWD,mix,BWD,1,2,1,2764,2,1.096,2398,0.868,MB,3,2,2,"[INP.VLNPL3, MBL2] -> MBL3 -> [AL.LHL2, INP.MBL2]",INP.VLNP,3,MB,2,AL.LH,2,INP.MB,2
94842540,mixed,mix->BWD,mix,BWD,1,2,1,2764,2,1.096,2398,0.868,MB,3,2,2,"[INP.MBL2, INP.VLNPL3] -> MBL3 -> [AL.LHL2, MBL2]",INP.MB,2,INP.VLNP,3,AL.LH,2,MB,2
84870800,mixed,mix->BWD,mix,BWD,1,2,1,2764,2,1.383,2350,0.85,MB,3,2,2,"[AL.LHL2, INP.MBL3] -> MBL3 -> [MBL2, MB.SNPL2]",AL.LH,2,INP.MB,3,MB,2,MB.SNP,2
82042944,mixed,mix->BWD,mix,BWD,1,2,1,2764,2,1.26,2295,0.83,MB,3,2,2,"[MBL2, MB.VLNPL3] -> MBL3 -> [AL.LHL2, INP.MBL2]",MB,2,MB.VLNP,3,AL.LH,2,INP.MB,2
81954288,mixed,mix->BWD,mix,BWD,1,2,1,2764,2,1.259,2295,0.83,MB,3,2,2,"[INP.MBL2, MB.VLNPL3] -> MBL3 -> [AL.LHL2, MBL2]",INP.MB,2,MB.VLNP,3,AL.LH,2,MB,2
80549288,mixed,mix->BWD,mix,BWD,1,2,1,2764,2,1.627,2363,0.855,MB,3,2,2,"[AL.LHL2, MB.SNPL3] -> MBL3 -> [AL.MBL2, MBL2]",AL.LH,2,MB.SNP,3,AL.MB,2,MB,2
70181808,mixed,mix->BWD,mix,BWD,1,2,1,2764,2,1.994,2190,0.792,MB,3,2,2,"[MB.SNPL2, MB.VLNPL3] -> MBL3 -> [AL.MBL2, MBL2]",MB.SNP,2,MB.VLNP,3,AL.MB,2,MB,2
69669538,mixed,mix->BWD,mix,BWD,1,2,1,2764,11,1.98,2190,0.792,MB,3,2,2,"[AL.MBL2, MB.VLNPL3] -> MBL3 -> [MBL2, MB.SNPL2]",AL.MB,2,MB.VLNP,3,MB,2,MB.SNP,2
68207344,mixed,mix->BWD,mix,BWD,1,2,1,2764,2,1.978,2190,0.792,MB,3,2,2,"[MBL2, MB.VLNPL3] -> MBL3 -> [AL.MBL2, MB.SNPL2]",MB,2,MB.VLNP,3,AL.MB,2,MB.SNP,2
64948001,mixed,mix->BWD,mix,BWD,1,2,1,2764,3,1.264,2301,0.832,MB,3,2,2,"[AL.LHL2, MB.SNPL3] -> MBL3 -> [INP.MBL2, MBL2]",AL.LH,2,MB.SNP,3,INP.MB,2,MB,2
64715600,mixed,mix->BWD,mix,BWD,1,2,1,2764,2,1.352,2350,0.85,MB,3,2,2,"[INP.MBL3, MBL2] -> MBL3 -> [AL.LHL2, MB.SNPL2]",INP.MB,3,MB,2,AL.LH,2,MB.SNP,2
62190975,mixed,mix->BWD,mix,BWD,1,2,1,2764,2,1.545,2293,0.83,MB,3,2,2,"[AL.MBL2, INP.VLNPL3] -> MBL3 -> [MBL2, MB.SNPL2]",AL.MB,2,INP.VLNP,3,MB,2,MB.SNP,2
62141252,mixed,mix->BWD,mix,BWD,1,2,1,2764,2,1.588,2363,0.855,MB,3,2,2,"[AL.MBL2, MB.SNPL3] -> MBL3 -> [AL.LHL2, MBL2]",AL.MB,2,MB.SNP,3,AL.LH,2,MB,2
60975760,mixed,mix->BWD,mix,BWD,1,2,1,2764,2,1.542,2293,0.83,MB,3,2,2,"[INP.VLNPL3, MBL2] -> MBL3 -> [AL.MBL2, MB.SNPL2]",INP.VLNP,3,MB,2,AL.MB,2,MB.SNP,2
60920264,mixed,mix->BWD,mix,BWD,1,2,1,2764,2,1.585,2363,0.855,MB,3,2,2,"[MBL2, MB.SNPL3] -> MBL3 -> [AL.LHL2, AL.MBL2]",MB,2,MB.SNP,3,AL.LH,2,AL.MB,2
60335040,mixed,mix->BWD,mix,BWD,1,2,1,2764,2,1.471,2350,0.85,MB,3,2,2,"[INP.MBL3, MB.SNPL2] -> MBL3 -> [AL.LHL2, MBL2]",INP.MB,3,MB.SNP,2,AL.LH,2,MB,2
60326280,mixed,mix->BWD,mix,BWD,1,2,1,2764,2,2.0,2252,0.815,MB,3,2,2,"[AL.MBL2, INP.MBL3] -> MBL3 -> [MBL2, MB.VLNPL2]",AL.MB,2,INP.MB,3,MB,2,MB.VLNP,2
59039650,mixed,mix->BWD,mix,BWD,1,2,1,2764,2,2.0,2252,0.815,MB,3,2,2,"[INP.MBL3, MBL2] -> MBL3 -> [AL.MBL2, MB.VLNPL2]",INP.MB,3,MB,2,AL.MB,2,MB.VLNP,2
58930200,mixed,mix->BWD,mix,BWD,1,2,1,2764,2,2.0,2252,0.815,MB,3,2,2,"[INP.MBL3, MB.VLNPL2] -> MBL3 -> [AL.MBL2, MBL2]",INP.MB,3,MB.VLNP,2,AL.MB,2,MB,2
58324740,mixed,mix->BWD,mix,BWD,1,2,1,2764,2,1.695,2293,0.83,MB,3,2,2,"[INP.VLNPL3, MB.SNPL2] -> MBL3 -> [AL.MBL2, MBL2]",INP.VLNP,3,MB.SNP,2,AL.MB,2,MB,2
50370856,mixed,mix->BWD,mix,BWD,1,2,1,2764,3,1.222,2231,0.807,MB,3,2,2,"[INP.VLNPL3, MBL2] -> MBL3 -> [INP.MBL2, MB.SNPL2]",INP.VLNP,3,MB,2,INP.MB,2,MB.SNP,2
50316666,mixed,mix->BWD,mix,BWD,1,2,1,2764,3,1.221,2231,0.807,MB,3,2,2,"[INP.MBL2, INP.VLNPL3] -> MBL3 -> [MBL2, MB.SNPL2]",INP.MB,2,INP.VLNP,3,MB,2,MB.SNP,2
49726000,mixed,mix->BWD,mix,BWD,1,2,1,2764,2,1.242,2301,0.832,MB,3,2,2,"[MBL2, MB.SNPL3] -> MBL3 -> [AL.LHL2, INP.MBL2]",MB,2,MB.SNP,3,AL.LH,2,INP.MB,2
49673000,mixed,mix->BWD,mix,BWD,1,2,1,2764,2,1.242,2301,0.832,MB,3,2,2,"[INP.MBL2, MB.SNPL3] -> MBL3 -> [AL.LHL2, MBL2]",INP.MB,2,MB.SNP,3,AL.LH,2,MB,2
47413348,mixed,mix->BWD,mix,BWD,1,2,1,2764,6,1.564,2128,0.77,MB,3,2,2,"[MBL2, MB.VLNPL3] -> MBL3 -> [INP.MBL2, MB.SNPL2]",MB,2,MB.VLNP,3,INP.MB,2,MB.SNP,2
47347032,mixed,mix->BWD,mix,BWD,1,2,1,2764,3,1.563,2128,0.77,MB,3,2,2,"[INP.MBL2, MB.VLNPL3] -> MBL3 -> [MBL2, MB.SNPL2]",INP.MB,2,MB.VLNP,3,MB,2,MB.SNP,2
46078902,mixed,mix->BWD,mix,BWD,1,2,1,2764,3,1.301,2231,0.807,MB,3,2,2,"[INP.VLNPL3, MB.SNPL2] -> MBL3 -> [INP.MBL2, MBL2]",INP.VLNP,3,MB.SNP,2,INP.MB,2,MB,2
45476840,mixed,mix->BWD,mix,BWD,1,2,1,2764,3,1.719,2128,0.77,MB,3,2,2,"[MB.SNPL2, MB.VLNPL3] -> MBL3 -> [INP.MBL2, MBL2]",MB.SNP,2,MB.VLNP,3,INP.MB,2,MB,2
43570600,mixed,mix->BWD,mix,BWD,1,2,1,2764,2,1.211,3142,1.137,MB,3,2,2,"[ALL2, INP.MBL3] -> MBL3 -> [AL.MBL2, MBL2]",AL,2,INP.MB,3,AL.MB,2,MB,2
43132740,mixed,mix->BWD,mix,BWD,1,2,1,2764,2,1.165,2362,0.855,MB,3,2,2,"[AL.LHL2, INP.VLNPL3] -> MBL3 -> [MBL2, MB.SNPL2]",AL.LH,2,INP.VLNP,3,MB,2,MB.SNP,2
41302080,mixed,mix->BWD,mix,BWD,1,2,1,2764,2,1.999,2196,0.795,MB,3,2,2,"[MB.SNPL2, MB.SNPL3] -> MBL3 -> [AL.MBL2, MBL2]",MB.SNP,2,MB.SNP,3,AL.MB,2,MB,2
41232227,mixed,mix->BWD,mix,BWD,1,2,1,2764,3,1.963,2196,0.795,MB,3,2,2,"[AL.MBL2, MB.SNPL3] -> MBL3 -> [MBL2, MB.SNPL2]",AL.MB,2,MB.SNP,3,MB,2,MB.SNP,2
40371732,mixed,mix->BWD,mix,BWD,1,2,1,2764,2,1.961,2196,0.795,MB,3,2,2,"[MBL2, MB.SNPL3] -> MBL3 -> [AL.MBL2, MB.SNPL2]",MB,2,MB.SNP,3,AL.MB,2,MB.SNP,2
39430120,mixed,mix->BWD,mix,BWD,1,2,1,2764,2,1.242,2274,0.823,MB,3,2,2,"[AL.MBL2, INP.MBL3] -> MBL3 -> [INP.VLNPL2, MBL2]",AL.MB,2,INP.MB,3,INP.VLNP,2,MB,2
39394160,mixed,mix->BWD,mix,BWD,1,2,1,2764,2,1.081,3080,1.114,MB,3,2,2,"[ALL2, INP.MBL3] -> MBL3 -> [INP.MBL2, MBL2]",AL,2,INP.MB,3,INP.MB,2,MB,2
39214060,mixed,mix->BWD,mix,BWD,1,2,1,2764,2,1.664,2190,0.792,MB,3,2,2,"[INP.MBL3, MBL2] -> MBL3 -> [INP.MBL2, MB.VLNPL2]",INP.MB,3,MB,2,INP.MB,2,MB.VLNP,2
39159224,mixed,mix->BWD,mix,BWD,1,2,1,2764,3,1.663,2190,0.792,MB,3,2,2,"[INP.MBL3, MB.VLNPL2] -> MBL3 -> [INP.MBL2, MBL2]",INP.MB,3,MB.VLNP,2,INP.MB,2,MB,2
39159120,mixed,mix->BWD,mix,BWD,1,2,1,2764,2,1.663,2190,0.792,MB,3,2,2,"[INP.MBL2, INP.MBL3] -> MBL3 -> [MBL2, MB.VLNPL2]",INP.MB,2,INP.MB,3,MB,2,MB.VLNP,2
39144357,mixed,mix->BWD,mix,BWD,1,2,1,2764,11,1.435,2259,0.817,MB,3,2,2,"[AL.LHL2, MB.VLNPL3] -> MBL3 -> [MBL2, MB.SNPL2]",AL.LH,2,MB.VLNP,3,MB,2,MB.SNP,2
38690510,mixed,mix->BWD,mix,BWD,1,2,1,2764,2,1.241,2274,0.823,MB,3,2,2,"[INP.MBL3, MBL2] -> MBL3 -> [AL.MBL2, INP.VLNPL2]",INP.MB,3,MB,2,AL.MB,2,INP.VLNP,2
38649320,mixed,mix->BWD,mix,BWD,1,2,1,2764,2,1.24,2274,0.823,MB,3,2,2,"[INP.MBL3, INP.VLNPL2] -> MBL3 -> [AL.MBL2, MBL2]",INP.MB,3,INP.VLNP,2,AL.MB,2,MB,2
34697648,mixed,mix->BWD,mix,BWD,1,2,1,2764,3,1.093,2212,0.8,MB,3,2,2,"[INP.MBL3, MBL2] -> MBL3 -> [INP.MBL2, INP.VLNPL2]",INP.MB,3,MB,2,INP.MB,2,INP.VLNP,2
34662238,mixed,mix->BWD,mix,BWD,1,2,1,2764,3,1.093,2212,0.8,MB,3,2,2,"[INP.MBL2, INP.MBL3] -> MBL3 -> [INP.VLNPL2, MBL2]",INP.MB,2,INP.MB,3,INP.VLNP,2,MB,2
34662212,mixed,mix->BWD,mix,BWD,1,2,1,2764,3,1.093,2212,0.8,MB,3,2,2,"[INP.MBL3, INP.VLNPL2] -> MBL3 -> [INP.MBL2, MBL2]",INP.MB,3,INP.VLNP,2,INP.MB,2,MB,2
34414200,mixed,mix->BWD,mix,BWD,1,2,1,2764,2,1.281,3142,1.137,MB,3,2,2,"[AL.MBL2, INP.MBL3] -> MBL3 -> [ALL2, MBL2]",AL.MB,2,INP.MB,3,AL,2,MB,2
33765070,mixed,mix->BWD,mix,BWD,1,2,1,2764,2,1.279,3142,1.137,MB,3,2,2,"[INP.MBL3, MBL2] -> MBL3 -> [ALL2, AL.MBL2]",INP.MB,3,MB,2,AL,2,AL.MB,2
33141120,mixed,mix->BWD,mix,BWD,1,2,1,2764,2,1.151,2362,0.855,MB,3,2,2,"[INP.VLNPL3, MBL2] -> MBL3 -> [AL.LHL2, MB.SNPL2]",INP.VLNP,3,MB,2,AL.LH,2,MB.SNP,2
32025000,mixed,mix->BWD,mix,BWD,1,2,1,2764,2,1.522,2321,0.84,MB,3,2,2,"[AL.LHL2, INP.MBL3] -> MBL3 -> [MBL2, MB.VLNPL2]",AL.LH,2,INP.MB,3,MB,2,MB.VLNP,2
30154840,mixed,mix->BWD,mix,BWD,1,2,1,2764,2,1.069,2343,0.848,MB,3,2,2,"[AL.LHL2, INP.MBL3] -> MBL3 -> [INP.VLNPL2, MBL2]",AL.LH,2,INP.MB,3,INP.VLNP,2,MB,2
29989530,mixed,mix->BWD,mix,BWD,1,2,1,2764,2,1.207,2362,0.855,MB,3,2,2,"[INP.VLNPL3, MB.SNPL2] -> MBL3 -> [AL.LHL2, MBL2]",INP.VLNP,3,MB.SNP,2,AL.LH,2,MB,2
29958580,mixed,mix->BWD,mix,BWD,1,2,1,2764,2,1.108,3080,1.114,MB,3,2,2,"[INP.MBL3, MBL2] -> MBL3 -> [ALL2, INP.MBL2]",INP.MB,3,MB,2,AL,2,INP.MB,2
29930160,mixed,mix->BWD,mix,BWD,1,2,1,2764,2,1.108,3080,1.114,MB,3,2,2,"[INP.MBL2, INP.MBL3] -> MBL3 -> [ALL2, MBL2]",INP.MB,2,INP.MB,3,AL,2,MB,2
29796288,mixed,mix->BWD,mix,BWD,1,2,1,2764,2,1.401,2259,0.817,MB,3,2,2,"[MBL2, MB.VLNPL3] -> MBL3 -> [AL.LHL2, MB.SNPL2]",MB,2,MB.VLNP,3,AL.LH,2,MB.SNP,2
29191848,mixed,mix->BWD,mix,BWD,1,2,1,2764,2,1.99,2161,0.782,MB,3,2,2,"[AL.MBL2, MB.VLNPL3] -> MBL3 -> [MBL2, MB.VLNPL2]",AL.MB,2,MB.VLNP,3,MB,2,MB.VLNP,2
28562552,mixed,mix->BWD,mix,BWD,1,2,1,2764,2,1.991,2161,0.782,MB,3,2,2,"[MBL2, MB.VLNPL3] -> MBL3 -> [AL.MBL2, MB.VLNPL2]",MB,2,MB.VLNP,3,AL.MB,2,MB.VLNP,2
28507584,mixed,mix->BWD,mix,BWD,1,2,1,2764,2,1.991,2161,0.782,MB,3,2,2,"[MB.VLNPL2, MB.VLNPL3] -> MBL3 -> [AL.MBL2, MBL2]",MB.VLNP,2,MB.VLNP,3,AL.MB,2,MB,2
28496228,mixed,mix->BWD,mix,BWD,1,2,1,2764,7,1.531,2134,0.772,MB,3,2,2,"[MBL2, MB.SNPL3] -> MBL3 -> [INP.MBL2, MB.SNPL2]",MB,2,MB.SNP,3,INP.MB,2,MB.SNP,2
28456243,mixed,mix->BWD,mix,BWD,1,2,1,2764,7,1.529,2134,0.772,MB,3,2,2,"[INP.MBL2, MB.SNPL3] -> MBL3 -> [MBL2, MB.SNPL2]",INP.MB,2,MB.SNP,3,MB,2,MB.SNP,2
27967176,mixed,mix->BWD,mix,BWD,1,2,1,2764,2,1.531,2259,0.817,MB,3,2,2,"[MB.SNPL2, MB.VLNPL3] -> MBL3 -> [AL.LHL2, MBL2]",MB.SNP,2,MB.VLNP,3,AL.LH,2,MB,2
27210840,mixed,mix->BWD,mix,BWD,1,2,1,2764,8,1.682,2134,0.772,MB,3,2,2,"[MB.SNPL2, MB.SNPL3] -> MBL3 -> [INP.MBL2, MBL2]",MB.SNP,2,MB.SNP,3,INP.MB,2,MB,2
26452000,mixed,mix->BWD,mix,BWD,1,2,1,2764,2,1.055,3211,1.162,MB,3,2,2,"[ALL2, INP.MBL3] -> MBL3 -> [AL.LHL2, MBL2]",AL,2,INP.MB,3,AL.LH,2,MB,2
25990680,mixed,mix->BWD,mix,BWD,1,2,1,2764,2,1.08,3211,1.162,MB,3,2,2,"[AL.LHL2, INP.MBL3] -> MBL3 -> [ALL2, MBL2]",AL.LH,2,INP.MB,3,AL,2,MB,2
24306600,mixed,mix->BWD,mix,BWD,1,2,1,2764,2,1.484,2321,0.84,MB,3,2,2,"[INP.MBL3, MBL2] -> MBL3 -> [AL.LHL2, MB.VLNPL2]",INP.MB,3,MB,2,AL.LH,2,MB.VLNP,2
24276000,mixed,mix->BWD,mix,BWD,1,2,1,2764,2,1.483,2321,0.84,MB,3,2,2,"[INP.MBL3, MB.VLNPL2] -> MBL3 -> [AL.LHL2, MBL2]",INP.MB,3,MB.VLNP,2,AL.LH,2,MB,2
24041850,mixed,mix->BWD,mix,BWD,1,2,1,2764,2,1.714,2264,0.819,MB,3,2,2,"[AL.MBL2, INP.VLNPL3] -> MBL3 -> [MBL2, MB.VLNPL2]",AL.MB,2,INP.VLNP,3,MB,2,MB.VLNP,2
23608650,mixed,mix->BWD,mix,BWD,1,2,1,2764,3,1.407,2265,0.819,MB,3,2,2,"[AL.LHL2, MB.SNPL3] -> MBL3 -> [MBL2, MB.SNPL2]",AL.LH,2,MB.SNP,3,MB,2,MB.SNP,2
23561480,mixed,mix->BWD,mix,BWD,1,2,1,2764,2,1.711,2264,0.819,MB,3,2,2,"[INP.VLNPL3, MBL2] -> MBL3 -> [AL.MBL2, MB.VLNPL2]",INP.VLNP,3,MB,2,AL.MB,2,MB.VLNP,2
23527560,mixed,mix->BWD,mix,BWD,1,2,1,2764,2,1.71,2264,0.819,MB,3,2,2,"[INP.VLNPL3, MB.VLNPL2] -> MBL3 -> [AL.MBL2, MBL2]",INP.VLNP,3,MB.VLNP,2,AL.MB,2,MB,2
23255320,mixed,mix->BWD,mix,BWD,1,2,1,2764,2,1.063,2343,0.848,MB,3,2,2,"[INP.MBL3, MBL2] -> MBL3 -> [AL.LHL2, INP.VLNPL2]",INP.MB,3,MB,2,AL.LH,2,INP.VLNP,2
23234240,mixed,mix->BWD,mix,BWD,1,2,1,2764,2,1.063,2343,0.848,MB,3,2,2,"[INP.MBL3, INP.VLNPL2] -> MBL3 -> [AL.LHL2, MBL2]",INP.MB,3,INP.VLNP,2,AL.LH,2,MB,2
23164560,mixed,mix->BWD,mix,BWD,1,2,1,2764,2,1.86,2314,0.837,MB,3,2,2,"[INP.MBL3, LH.SNPL2] -> MBL3 -> [AL.MBL2, MBL2]",INP.MB,3,LH.SNP,2,AL.MB,2,MB,2
23134080,mixed,mix->BWD,mix,BWD,1,2,1,2764,2,1.089,3154,1.141,MB,3,2,2,"[ALL2, INP.VLNPL3] -> MBL3 -> [AL.MBL2, MBL2]",AL,2,INP.VLNP,3,AL.MB,2,MB,2
21655920,mixed,mix->BWD,mix,BWD,1,2,1,2764,2,1.034,3092,1.119,MB,3,2,2,"[ALL2, INP.VLNPL3] -> MBL3 -> [INP.MBL2, MBL2]",AL,2,INP.VLNP,3,INP.MB,2,MB,2
20766345,mixed,mix->BWD,mix,BWD,1,2,1,2764,2,1.103,2286,0.827,MB,3,2,2,"[AL.MBL2, INP.VLNPL3] -> MBL3 -> [INP.VLNPL2, MBL2]",AL.MB,2,INP.VLNP,3,INP.VLNP,2,MB,2
20385080,mixed,mix->BWD,mix,BWD,1,2,1,2764,2,1.102,2286,0.827,MB,3,2,2,"[INP.VLNPL3, MBL2] -> MBL3 -> [AL.MBL2, INP.VLNPL2]",INP.VLNP,3,MB,2,AL.MB,2,INP.VLNP,2
20365860,mixed,mix->BWD,mix,BWD,1,2,1,2764,2,1.102,2286,0.827,MB,3,2,2,"[INP.VLNPL2, INP.VLNPL3] -> MBL3 -> [AL.MBL2, MBL2]",INP.VLNP,2,INP.VLNP,3,AL.MB,2,MB,2
20034840,mixed,mix->BWD,mix,BWD,1,2,1,2764,2,1.074,3211,1.162,MB,3,2,2,"[INP.MBL3, MBL2] -> MBL3 -> [ALL2, AL.LHL2]",INP.MB,3,MB,2,AL,2,AL.LH,2
19890912,mixed,mix->BWD,mix,BWD,1,2,1,2764,2,1.242,3051,1.104,MB,3,2,2,"[ALL2, MB.VLNPL3] -> MBL3 -> [AL.MBL2, MBL2]",AL,2,MB.VLNP,3,AL.MB,2,MB,2
19011314,mixed,mix->BWD,mix,BWD,1,2,1,2764,3,1.039,2224,0.805,MB,3,2,2,"[INP.VLNPL3, MBL2] -> MBL3 -> [INP.MBL2, INP.VLNPL2]",INP.VLNP,3,MB,2,INP.MB,2,INP.VLNP,2
18994179,mixed,mix->BWD,mix,BWD,1,2,1,2764,3,1.039,2224,0.805,MB,3,2,2,"[INP.MBL2, INP.VLNPL3] -> MBL3 -> [INP.VLNPL2, MBL2]",INP.MB,2,INP.VLNP,3,INP.VLNP,2,MB,2
18994176,mixed,mix->BWD,mix,BWD,1,2,1,2764,3,1.039,2224,0.805,MB,3,2,2,"[INP.VLNPL2, INP.VLNPL3] -> MBL3 -> [INP.MBL2, MBL2]",INP.VLNP,2,INP.VLNP,3,INP.MB,2,MB,2
18524720,mixed,mix->BWD,mix,BWD,1,2,1,2764,2,1.31,2202,0.797,MB,3,2,2,"[INP.VLNPL3, MBL2] -> MBL3 -> [INP.MBL2, MB.VLNPL2]",INP.VLNP,3,MB,2,INP.MB,2,MB.VLNP,2
18503952,mixed,mix->BWD,mix,BWD,1,2,1,2764,3,1.309,2202,0.797,MB,3,2,2,"[INP.VLNPL3, MB.VLNPL2] -> MBL3 -> [INP.MBL2, MBL2]",INP.VLNP,3,MB.VLNP,2,INP.MB,2,MB,2
18503940,mixed,mix->BWD,mix,BWD,1,2,1,2764,2,1.309,2202,0.797,MB,3,2,2,"[INP.MBL2, INP.VLNPL3] -> MBL3 -> [MBL2, MB.VLNPL2]",INP.MB,2,INP.VLNP,3,MB,2,MB.VLNP,2
18376784,mixed,mix->BWD,mix,BWD,1,2,1,2764,2,1.734,2099,0.759,MB,3,2,2,"[MBL2, MB.VLNPL3] -> MBL3 -> [INP.MBL2, MB.VLNPL2]",MB,2,MB.VLNP,3,INP.MB,2,MB.VLNP,2
18350000,mixed,mix->BWD,mix,BWD,1,2,1,2764,3,1.733,2099,0.759,MB,3,2,2,"[MB.VLNPL2, MB.VLNPL3] -> MBL3 -> [INP.MBL2, MBL2]",MB.VLNP,2,MB.VLNP,3,INP.MB,2,MB,2
18349968,mixed,mix->BWD,mix,BWD,1,2,1,2764,2,1.733,2099,0.759,MB,3,2,2,"[INP.MBL2, MB.VLNPL3] -> MBL3 -> [MBL2, MB.VLNPL2]",INP.MB,2,MB.VLNP,3,MB,2,MB.VLNP,2
18243280,mixed,mix->BWD,mix,BWD,1,2,1,2764,2,1.988,2327,0.842,MB,3,2,2,"[INP.MBL3, LHL2] -> MBL3 -> [AL.MBL2, MBL2]",INP.MB,3,LH,2,AL.MB,2,MB,2
18035700,mixed,mix->BWD,mix,BWD,1,2,1,2764,2,1.277,2183,0.79,MB,3,2,2,"[AL.MBL2, MB.VLNPL3] -> MBL3 -> [INP.VLNPL2, MBL2]",AL.MB,2,MB.VLNP,3,INP.VLNP,2,MB,2
17987344,mixed,mix->BWD,mix,BWD,1,2,1,2764,2,1.375,2265,0.819,MB,3,2,2,"[MBL2, MB.SNPL3] -> MBL3 -> [AL.LHL2, MB.SNPL2]",MB,2,MB.SNP,3,AL.LH,2,MB.SNP,2
17944890,mixed,mix->BWD,mix,BWD,1,2,1,2764,2,1.12,3154,1.141,MB,3,2,2,"[AL.MBL2, INP.VLNPL3] -> MBL3 -> [ALL2, MBL2]",AL.MB,2,INP.VLNP,3,AL,2,MB,2
17831424,mixed,mix->BWD,mix,BWD,1,2,1,2764,2,1.093,2989,1.081,MB,3,2,2,"[ALL2, MB.VLNPL3] -> MBL3 -> [INP.MBL2, MBL2]",AL,2,MB.VLNP,3,INP.MB,2,MB,2
17695688,mixed,mix->BWD,mix,BWD,1,2,1,2764,2,1.276,2183,0.79,MB,3,2,2,"[MBL2, MB.VLNPL3] -> MBL3 -> [AL.MBL2, INP.VLNPL2]",MB,2,MB.VLNP,3,AL.MB,2,INP.VLNP,2
17676336,mixed,mix->BWD,mix,BWD,1,2,1,2764,2,1.275,2183,0.79,MB,3,2,2,"[INP.VLNPL2, MB.VLNPL3] -> MBL3 -> [AL.MBL2, MBL2]",INP.VLNP,2,MB.VLNP,3,AL.MB,2,MB,2
17614520,mixed,mix->BWD,mix,BWD,1,2,1,2764,2,1.119,3154,1.141,MB,3,2,2,"[INP.VLNPL3, MBL2] -> MBL3 -> [ALL2, AL.MBL2]",INP.VLNP,3,MB,2,AL,2,AL.MB,2
17272320,mixed,mix->BWD,mix,BWD,1,2,1,2764,2,1.414,2252,0.815,MB,3,2,2,"[INP.MBL3, LH.SNPL2] -> MBL3 -> [INP.MBL2, MBL2]",INP.MB,3,LH.SNP,2,INP.MB,2,MB,2
17167668,mixed,mix->BWD,mix,BWD,1,2,1,2764,2,1.997,2167,0.784,MB,3,2,2,"[AL.MBL2, MB.SNPL3] -> MBL3 -> [MBL2, MB.VLNPL2]",AL.MB,2,MB.SNP,3,MB,2,MB.VLNP,2
16822860,mixed,mix->BWD,mix,BWD,1,2,1,2764,2,1.499,2265,0.819,MB,3,2,2,"[MB.SNPL2, MB.SNPL3] -> MBL3 -> [AL.LHL2, MBL2]",MB.SNP,2,MB.SNP,3,AL.LH,2,MB,2
16799626,mixed,mix->BWD,mix,BWD,1,2,1,2764,2,1.998,2167,0.784,MB,3,2,2,"[MBL2, MB.SNPL3] -> MBL3 -> [AL.MBL2, MB.VLNPL2]",MB,2,MB.SNP,3,AL.MB,2,MB.VLNP,2
16767912,mixed,mix->BWD,mix,BWD,1,2,1,2764,2,1.998,2167,0.784,MB,3,2,2,"[MB.SNPL3, MB.VLNPL2] -> MBL3 -> [AL.MBL2, MBL2]",MB.SNP,3,MB.VLNP,2,AL.MB,2,MB,2
16633020,mixed,mix->BWD,mix,BWD,1,2,1,2764,2,1.029,2355,0.852,MB,3,2,2,"[AL.LHL2, INP.VLNPL3] -> MBL3 -> [INP.VLNPL2, MBL2]",AL.LH,2,INP.VLNP,3,INP.VLNP,2,MB,2
16346960,mixed,mix->BWD,mix,BWD,1,2,1,2764,2,1.045,3092,1.119,MB,3,2,2,"[INP.VLNPL3, MBL2] -> MBL3 -> [ALL2, INP.MBL2]",INP.VLNP,3,MB,2,AL,2,INP.MB,2
16332420,mixed,mix->BWD,mix,BWD,1,2,1,2764,2,1.045,3092,1.119,MB,3,2,2,"[INP.MBL2, INP.VLNPL3] -> MBL3 -> [ALL2, MBL2]",INP.MB,2,INP.VLNP,3,AL,2,MB,2
15778536,mixed,mix->BWD,mix,BWD,1,2,1,2764,2,1.321,3051,1.104,MB,3,2,2,"[AL.MBL2, MB.VLNPL3] -> MBL3 -> [ALL2, MBL2]",AL.MB,2,MB.VLNP,3,AL,2,MB,2
15717856,mixed,mix->BWD,mix,BWD,1,2,1,2764,3,1.107,2121,0.767,MB,3,2,2,"[MBL2, MB.VLNPL3] -> MBL3 -> [INP.MBL2, INP.VLNPL2]",MB,2,MB.VLNP,3,INP.MB,2,INP.VLNP,2
15710520,mixed,mix->BWD,mix,BWD,1,2,1,2764,2,1.233,2333,0.844,MB,3,2,2,"[AL.LHL2, INP.VLNPL3] -> MBL3 -> [MBL2, MB.VLNPL2]",AL.LH,2,INP.VLNP,3,MB,2,MB.VLNP,2
15702048,mixed,mix->BWD,mix,BWD,1,2,1,2764,3,1.107,2121,0.767,MB,3,2,2,"[INP.MBL2, MB.VLNPL3] -> MBL3 -> [INP.VLNPL2, MBL2]",INP.MB,2,MB.VLNP,3,INP.VLNP,2,MB,2
15702040,mixed,mix->BWD,mix,BWD,1,2,1,2764,3,1.107,2121,0.767,MB,3,2,2,"[INP.VLNPL2, MB.VLNPL3] -> MBL3 -> [INP.MBL2, MBL2]",INP.VLNP,2,MB.VLNP,3,INP.MB,2,MB,2
15557640,mixed,mix->BWD,mix,BWD,1,2,1,2764,2,1.982,2154,0.779,MB,3,2,2,"[INP.MBL3, MB.SNPL2] -> MBL3 -> [MBL2, MB.VLNPL2]",INP.MB,3,MB.SNP,2,MB,2,MB.VLNP,2
15479240,mixed,mix->BWD,mix,BWD,1,2,1,2764,2,1.319,3051,1.104,MB,3,2,2,"[MBL2, MB.VLNPL3] -> MBL3 -> [ALL2, AL.MBL2]",MB,2,MB.VLNP,3,AL,2,AL.MB,2
15475780,mixed,mix->BWD,mix,BWD,1,2,1,2764,2,1.884,2154,0.779,MB,3,2,2,"[INP.MBL3, MBL2] -> MBL3 -> [MB.SNPL2, MB.VLNPL2]",INP.MB,3,MB,2,MB.SNP,2,MB.VLNP,2
15451168,mixed,mix->BWD,mix,BWD,1,2,1,2764,3,1.883,2154,0.779,MB,3,2,2,"[INP.MBL3, MB.VLNPL2] -> MBL3 -> [MBL2, MB.SNPL2]",INP.MB,3,MB.VLNP,2,MB,2,MB.SNP,2
15181816,mixed,mix->BWD,mix,BWD,1,2,1,2764,2,1.403,3905,1.413,MB,3,2,2,"[AL.MBL2, SNPL3] -> MBL3 -> [INP.MBL2, MBL2]",AL.MB,2,SNP,3,INP.MB,2,MB,2
14890616,mixed,mix->BWD,mix,BWD,1,2,1,2764,2,1.401,3905,1.413,MB,3,2,2,"[MBL2, SNPL3] -> MBL3 -> [AL.MBL2, INP.MBL2]",MB,2,SNP,3,AL.MB,2,INP.MB,2
14887488,mixed,mix->BWD,mix,BWD,1,2,1,2764,2,1.587,2230,0.807,MB,3,2,2,"[AL.LHL2, MB.VLNPL3] -> MBL3 -> [MBL2, MB.VLNPL2]",AL.LH,2,MB.VLNP,3,MB,2,MB.VLNP,2
14872832,mixed,mix->BWD,mix,BWD,1,2,1,2764,2,1.4,3905,1.413,MB,3,2,2,"[INP.MBL2, SNPL3] -> MBL3 -> [AL.MBL2, MBL2]",INP.MB,2,SNP,3,AL.MB,2,MB,2
14646960,mixed,mix->BWD,mix,BWD,1,2,1,2764,2,1.023,3223,1.166,MB,3,2,2,"[ALL2, INP.VLNPL3] -> MBL3 -> [AL.LHL2, MBL2]",AL,2,INP.VLNP,3,AL.LH,2,MB,2
14350520,mixed,mix->BWD,mix,BWD,1,2,1,2764,2,1.726,2239,0.81,MB,3,2,2,"[AL.MBL2, INP.MBL3] -> MBL3 -> [LH.MBL2, MBL2]",AL.MB,2,INP.MB,3,LH.MB,2,MB,2
14290680,mixed,mix->BWD,mix,BWD,1,2,1,2764,2,1.034,3223,1.166,MB,3,2,2,"[AL.LHL2, INP.VLNPL3] -> MBL3 -> [ALL2, MBL2]",AL.LH,2,INP.VLNP,3,AL,2,MB,2
14195948,mixed,mix->BWD,mix,BWD,1,2,1,2764,2,1.973,2296,0.831,MB,3,2,2,"[AL.MBL2, INPL3] -> MBL3 -> [INP.MBL2, MBL2]",AL.MB,2,INP,3,INP.MB,2,MB,2
14063310,mixed,mix->BWD,mix,BWD,1,2,1,2764,2,1.723,2239,0.81,MB,3,2,2,"[INP.MBL3, MBL2] -> MBL3 -> [AL.MBL2, LH.MBL2]",INP.MB,3,MB,2,AL.MB,2,LH.MB,2
13887848,mixed,mix->BWD,mix,BWD,1,2,1,2764,2,1.975,2296,0.831,MB,3,2,2,"[INPL3, MBL2] -> MBL3 -> [AL.MBL2, INP.MBL2]",INP,3,MB,2,AL.MB,2,INP.MB,2
13860496,mixed,mix->BWD,mix,BWD,1,2,1,2764,2,1.975,2296,0.831,MB,3,2,2,"[INPL3, INP.MBL2] -> MBL3 -> [AL.MBL2, MBL2]",INP,3,INP.MB,2,AL.MB,2,MB,2
13699280,mixed,mix->BWD,mix,BWD,1,2,1,2764,2,1.128,3044,1.101,MB,3,2,2,"[ALL2, INP.MBL3] -> MBL3 -> [MBL2, MB.SNPL2]",AL,2,INP.MB,3,MB,2,MB.SNP,2
13653280,mixed,mix->BWD,mix,BWD,1,2,1,2764,2,1.869,2314,0.837,MB,3,2,2,"[AL.MBL2, INP.MBL3] -> MBL3 -> [LH.SNPL2, MBL2]",AL.MB,2,INP.MB,3,LH.SNP,2,MB,2
13637712,mixed,mix->BWD,mix,BWD,1,2,1,2764,2,1.079,2252,0.815,MB,3,2,2,"[AL.LHL2, MB.VLNPL3] -> MBL3 -> [INP.VLNPL2, MBL2]",AL.LH,2,MB.VLNP,3,INP.VLNP,2,MB,2
13585712,mixed,mix->BWD,mix,BWD,1,2,1,2764,2,1.124,2989,1.081,MB,3,2,2,"[MBL2, MB.VLNPL3] -> MBL3 -> [ALL2, INP.MBL2]",MB,2,MB.VLNP,3,AL,2,INP.MB,2
13572624,mixed,mix->BWD,mix,BWD,1,2,1,2764,2,1.124,2989,1.081,MB,3,2,2,"[INP.MBL2, MB.VLNPL3] -> MBL3 -> [ALL2, MBL2]",INP.MB,2,MB.VLNP,3,AL,2,MB,2
13350300,mixed,mix->BWD,mix,BWD,1,2,1,2764,2,1.871,2314,0.837,MB,3,2,2,"[INP.MBL3, MBL2] -> MBL3 -> [AL.MBL2, LH.SNPL2]",INP.MB,3,MB,2,AL.MB,2,LH.SNP,2
13322000,mixed,mix->BWD,mix,BWD,1,2,1,2764,2,1.872,2594,0.938,MB,3,2,2,"[INP.MBL3, VLNPL2] -> MBL3 -> [AL.MBL2, MBL2]",INP.MB,3,VLNP,2,AL.MB,2,MB,2
12848160,mixed,mix->BWD,mix,BWD,1,2,1,2764,2,1.026,2355,0.852,MB,3,2,2,"[INP.VLNPL3, MBL2] -> MBL3 -> [AL.LHL2, INP.VLNPL2]",INP.VLNP,3,MB,2,AL.LH,2,INP.VLNP,2
12836970,mixed,mix->BWD,mix,BWD,1,2,1,2764,2,1.026,2355,0.852,MB,3,2,2,"[INP.VLNPL2, INP.VLNPL3] -> MBL3 -> [AL.LHL2, MBL2]",INP.VLNP,2,INP.VLNP,3,AL.LH,2,MB,2
12540320,mixed,mix->BWD,mix,BWD,1,2,1,2764,2,1.588,2265,0.819,MB,3,2,2,"[INP.MBL3, LHL2] -> MBL3 -> [INP.MBL2, MBL2]",INP.MB,3,LH,2,INP.MB,2,MB,2
12509336,mixed,mix->BWD,mix,BWD,1,2,1,2764,4,1.304,4036,1.46,MB,3,2,2,"[AL.LHL2, SNPL3] -> MBL3 -> [AL.MBL2, MBL2]",AL.LH,2,SNP,3,AL.MB,2,MB,2
12108436,mixed,mix->BWD,mix,BWD,1,2,1,2764,3,1.148,2176,0.787,MB,3,2,2,"[INP.MBL3, MBL2] -> MBL3 -> [INP.VLNPL2, MB.SNPL2]",INP.MB,3,MB,2,INP.VLNP,2,MB.SNP,2
12090504,mixed,mix->BWD,mix,BWD,1,2,1,2764,3,1.146,2176,0.787,MB,3,2,2,"[INP.MBL3, INP.VLNPL2] -> MBL3 -> [MBL2, MB.SNPL2]",INP.MB,3,INP.VLNP,2,MB,2,MB.SNP,2
12062216,mixed,mix->BWD,mix,BWD,1,2,1,2764,2,1.225,3057,1.106,MB,3,2,2,"[ALL2, MB.SNPL3] -> MBL3 -> [AL.MBL2, MBL2]",AL,2,MB.SNP,3,AL.MB,2,MB,2
12046869,mixed,mix->BWD,mix,BWD,1,2,1,2764,3,1.521,2723,0.985,MB,3,2,2,"[AL.MBL2, LHL3] -> MBL3 -> [INP.MBL2, MBL2]",AL.MB,2,LH,3,INP.MB,2,MB,2
12041760,mixed,mix->BWD,mix,BWD,1,2,1,2764,2,1.213,2333,0.844,MB,3,2,2,"[INP.VLNPL3, MBL2] -> MBL3 -> [AL.LHL2, MB.VLNPL2]",INP.VLNP,3,MB,2,AL.LH,2,MB.VLNP,2
12029220,mixed,mix->BWD,mix,BWD,1,2,1,2764,2,1.213,2333,0.844,MB,3,2,2,"[INP.VLNPL3, MB.VLNPL2] -> MBL3 -> [AL.LHL2, MBL2]",INP.VLNP,3,MB.VLNP,2,AL.LH,2,MB,2
11951424,mixed,mix->BWD,mix,BWD,1,2,1,2764,2,1.063,3120,1.129,MB,3,2,2,"[ALL2, MB.VLNPL3] -> MBL3 -> [AL.LHL2, MBL2]",AL,2,MB.VLNP,3,AL.LH,2,MB,2
11819470,mixed,mix->BWD,mix,BWD,1,2,1,2764,2,1.537,620,0.224,MB,3,2,2,"[AL.LHL2, INP.MBL3] -> MBL3 -> [AL.MBL2, INP.MBL2]",AL.LH,2,INP.MB,3,AL.MB,2,INP.MB,2
11812216,mixed,mix->BWD,mix,BWD,1,2,1,2764,2,1.518,2723,0.985,MB,3,2,2,"[LHL3, MBL2] -> MBL3 -> [AL.MBL2, INP.MBL2]",LH,3,MB,2,AL.MB,2,INP.MB,2
11797032,mixed,mix->BWD,mix,BWD,1,2,1,2764,2,1.517,2723,0.985,MB,3,2,2,"[INP.MBL2, LHL3] -> MBL3 -> [AL.MBL2, MBL2]",INP.MB,2,LH,3,AL.MB,2,MB,2
11763840,mixed,mix->BWD,mix,BWD,1,2,1,2764,2,1.092,3120,1.129,MB,3,2,2,"[AL.LHL2, MB.VLNPL3] -> MBL3 -> [ALL2, MBL2]",AL.LH,2,MB.VLNP,3,AL,2,MB,2
11275104,mixed,mix->BWD,mix,BWD,1,2,1,2764,2,1.545,2230,0.807,MB,3,2,2,"[MBL2, MB.VLNPL3] -> MBL3 -> [AL.LHL2, MB.VLNPL2]",MB,2,MB.VLNP,3,AL.LH,2,MB.VLNP,2
11260368,mixed,mix->BWD,mix,BWD,1,2,1,2764,2,1.544,2230,0.807,MB,3,2,2,"[MB.VLNPL2, MB.VLNPL3] -> MBL3 -> [AL.LHL2, MBL2]",MB.VLNP,2,MB.VLNP,3,AL.LH,2,MB,2
11073120,mixed,mix->BWD,mix,BWD,1,2,1,2764,2,1.288,2383,0.862,MB,3,2,2,"[INP.MBL3, LH.SNPL2] -> MBL3 -> [AL.LHL2, MBL2]",INP.MB,3,LH.SNP,2,AL.LH,2,MB,2
11036640,mixed,mix->BWD,mix,BWD,1,2,1,2764,2,1.031,3223,1.166,MB,3,2,2,"[INP.VLNPL3, MBL2] -> MBL3 -> [ALL2, AL.LHL2]",INP.VLNP,3,MB,2,AL,2,AL.LH,2
11025664,mixed,mix->BWD,mix,BWD,1,2,1,2764,2,1.118,3974,1.438,MB,3,2,2,"[AL.LHL2, SNPL3] -> MBL3 -> [INP.MBL2, MBL2]",AL.LH,2,SNP,3,INP.MB,2,MB,2
11014580,mixed,mix->BWD,mix,BWD,1,2,1,2764,2,1.317,2177,0.788,MB,3,2,2,"[INP.MBL3, MBL2] -> MBL3 -> [INP.MBL2, LH.MBL2]",INP.MB,3,MB,2,INP.MB,2,LH.MB,2
11002160,mixed,mix->BWD,mix,BWD,1,2,1,2764,2,1.317,2177,0.788,MB,3,2,2,"[INP.MBL2, INP.MBL3] -> MBL3 -> [LH.MBL2, MBL2]",INP.MB,2,INP.MB,3,LH.MB,2,MB,2
10992336,mixed,mix->BWD,mix,BWD,1,2,1,2764,2,1.916,2223,0.804,MB,3,2,2,"[LH.SNPL2, MB.VLNPL3] -> MBL3 -> [AL.MBL2, MBL2]",LH.SNP,2,MB.VLNP,3,AL.MB,2,MB,2
10990300,mixed,mix->BWD,mix,BWD,1,2,1,2764,2,1.698,2105,0.762,MB,3,2,2,"[MBL2, MB.SNPL3] -> MBL3 -> [INP.MBL2, MB.VLNPL2]",MB,2,MB.SNP,3,INP.MB,2,MB.VLNP,2
10974624,mixed,mix->BWD,mix,BWD,1,2,1,2764,3,1.697,2105,0.762,MB,3,2,2,"[MB.SNPL3, MB.VLNPL2] -> MBL3 -> [INP.MBL2, MBL2]",MB.SNP,3,MB.VLNP,2,INP.MB,2,MB,2
10974600,mixed,mix->BWD,mix,BWD,1,2,1,2764,2,1.697,2105,0.762,MB,3,2,2,"[INP.MBL2, MB.SNPL3] -> MBL3 -> [MBL2, MB.VLNPL2]",INP.MB,2,MB.SNP,3,MB,2,MB.VLNP,2
10942972,mixed,mix->BWD,mix,BWD,1,2,1,2764,3,1.2,2176,0.787,MB,3,2,2,"[INP.MBL3, MB.SNPL2] -> MBL3 -> [INP.VLNPL2, MBL2]",INP.MB,3,MB.SNP,2,INP.VLNP,2,MB,2
10925846,mixed,mix->BWD,mix,BWD,1,2,1,2764,2,1.259,2189,0.792,MB,3,2,2,"[AL.MBL2, MB.SNPL3] -> MBL3 -> [INP.VLNPL2, MBL2]",AL.MB,2,MB.SNP,3,INP.VLNP,2,MB,2
10862800,mixed,mix->BWD,mix,BWD,1,2,1,2764,2,1.087,2995,1.084,MB,3,2,2,"[ALL2, MB.SNPL3] -> MBL3 -> [INP.MBL2, MBL2]",AL,2,MB.SNP,3,INP.MB,2,MB,2
10725858,mixed,mix->BWD,mix,BWD,1,2,1,2764,2,1.275,2281,0.825,MB,3,2,2,"[AL.MBL2, VLNP.VMNPL3] -> MBL3 -> [INP.MBL2, MBL2]",AL.MB,2,VLNP.VMNP,3,INP.MB,2,MB,2
10720422,mixed,mix->BWD,mix,BWD,1,2,1,2764,2,1.257,2189,0.792,MB,3,2,2,"[MBL2, MB.SNPL3] -> MBL3 -> [AL.MBL2, INP.VLNPL2]",MB,2,MB.SNP,3,AL.MB,2,INP.VLNP,2
10708864,mixed,mix->BWD,mix,BWD,1,2,1,2764,2,1.256,2189,0.792,MB,3,2,2,"[INP.VLNPL2, MB.SNPL3] -> MBL3 -> [AL.MBL2, MBL2]",INP.VLNP,2,MB.SNP,3,AL.MB,2,MB,2
10523708,mixed,mix->BWD,mix,BWD,1,2,1,2764,2,1.274,2281,0.825,MB,3,2,2,"[MBL2, VLNP.VMNPL3] -> MBL3 -> [AL.MBL2, INP.MBL2]",MB,2,VLNP.VMNP,3,AL.MB,2,INP.MB,2
10513056,mixed,mix->BWD,mix,BWD,1,2,1,2764,2,1.073,2252,0.815,MB,3,2,2,"[MBL2, MB.VLNPL3] -> MBL3 -> [AL.LHL2, INP.VLNPL2]",MB,2,MB.VLNP,3,AL.LH,2,INP.VLNP,2
10512216,mixed,mix->BWD,mix,BWD,1,2,1,2764,2,1.273,2281,0.825,MB,3,2,2,"[INP.MBL2, VLNP.VMNPL3] -> MBL3 -> [AL.MBL2, MBL2]",INP.MB,2,VLNP.VMNP,3,AL.MB,2,MB,2
10503432,mixed,mix->BWD,mix,BWD,1,2,1,2764,2,1.072,2252,0.815,MB,3,2,2,"[INP.VLNPL2, MB.VLNPL3] -> MBL3 -> [AL.LHL2, MBL2]",INP.VLNP,2,MB.VLNP,3,AL.LH,2,MB,2
10492060,mixed,mix->BWD,mix,BWD,1,2,1,2764,2,1.171,3044,1.101,MB,3,2,2,"[INP.MBL3, MBL2] -> MBL3 -> [ALL2, MB.SNPL2]",INP.MB,3,MB,2,AL,2,MB.SNP,2
10455160,mixed,mix->BWD,mix,BWD,1,2,1,2764,3,1.998,2427,0.878,MB,3,2,2,"[AL.LHL2, INPL3] -> MBL3 -> [AL.MBL2, MBL2]",AL.LH,2,INP,3,AL.MB,2,MB,2
357341153,mixed,FWD->mix,FWD,mix,2,1,1,2764,5,1.759,2317,0.838,MB,3,2,2,"[AL.MBL2, MBL2] -> MBL3 -> [INP.MBL2, INP.MBL3]",AL.MB,2,MB,2,INP.MB,2,INP.MB,3
356811780,mixed,FWD->mix,FWD,mix,2,1,1,2764,2,1.758,2317,0.838,MB,3,2,2,"[AL.MBL2, INP.MBL2] -> MBL3 -> [INP.MBL3, MBL2]",AL.MB,2,INP.MB,2,INP.MB,3,MB,2
349638380,mixed,FWD->mix,FWD,mix,2,1,1,2764,2,1.755,2317,0.838,MB,3,2,2,"[INP.MBL2, MBL2] -> MBL3 -> [AL.MBL2, INP.MBL3]",INP.MB,2,MB,2,AL.MB,2,INP.MB,3
288624538,mixed,FWD->mix,FWD,mix,2,1,1,2764,17,1.611,2448,0.886,MB,3,2,2,"[AL.LHL2, AL.MBL2] -> MBL3 -> [INP.MBL3, MBL2]",AL.LH,2,AL.MB,2,INP.MB,3,MB,2
282915854,mixed,FWD->mix,FWD,mix,2,1,1,2764,4,1.608,2448,0.886,MB,3,2,2,"[AL.LHL2, MBL2] -> MBL3 -> [AL.MBL2, INP.MBL3]",AL.LH,2,MB,2,AL.MB,2,INP.MB,3
229398268,mixed,FWD->mix,FWD,mix,2,1,1,2764,5,1.254,2386,0.863,MB,3,2,2,"[AL.LHL2, MBL2] -> MBL3 -> [INP.MBL2, INP.MBL3]",AL.LH,2,MB,2,INP.MB,2,INP.MB,3
229151520,mixed,FWD->mix,FWD,mix,2,1,1,2764,2,1.253,2386,0.863,MB,3,2,2,"[AL.LHL2, INP.MBL2] -> MBL3 -> [INP.MBL3, MBL2]",AL.LH,2,INP.MB,2,INP.MB,3,MB,2
218392332,mixed,FWD->mix,FWD,mix,2,1,1,2764,4,1.569,2448,0.886,MB,3,2,2,"[AL.MBL2, MBL2] -> MBL3 -> [AL.LHL2, INP.MBL3]",AL.MB,2,MB,2,AL.LH,2,INP.MB,3
175509360,mixed,FWD->mix,FWD,mix,2,1,1,2764,2,1.233,2386,0.863,MB,3,2,2,"[INP.MBL2, MBL2] -> MBL3 -> [AL.LHL2, INP.MBL3]",INP.MB,2,MB,2,AL.LH,2,INP.MB,3
168107376,mixed,FWD->mix,FWD,mix,2,1,1,2764,2,1.828,2226,0.805,MB,3,2,2,"[AL.MBL2, MBL2] -> MBL3 -> [INP.MBL2, MB.VLNPL3]",AL.MB,2,MB,2,INP.MB,2,MB.VLNP,3
167847602,mixed,FWD->mix,FWD,mix,2,1,1,2764,2,1.827,2226,0.805,MB,3,2,2,"[AL.MBL2, INP.MBL2] -> MBL3 -> [MBL2, MB.VLNPL3]",AL.MB,2,INP.MB,2,MB,2,MB.VLNP,3
164438352,mixed,FWD->mix,FWD,mix,2,1,1,2764,2,1.824,2226,0.805,MB,3,2,2,"[INP.MBL2, MBL2] -> MBL3 -> [AL.MBL2, MB.VLNPL3]",INP.MB,2,MB,2,AL.MB,2,MB.VLNP,3
159600084,mixed,FWD->mix,FWD,mix,2,1,1,2764,2,1.404,2329,0.843,MB,3,2,2,"[AL.MBL2, MBL2] -> MBL3 -> [INP.MBL2, INP.VLNPL3]",AL.MB,2,MB,2,INP.MB,2,INP.VLNP,3
159409068,mixed,FWD->mix,FWD,mix,2,1,1,2764,2,1.403,2329,0.843,MB,3,2,2,"[AL.MBL2, INP.MBL2] -> MBL3 -> [INP.VLNPL3, MBL2]",AL.MB,2,INP.MB,2,INP.VLNP,3,MB,2
156351468,mixed,FWD->mix,FWD,mix,2,1,1,2764,2,1.401,2329,0.843,MB,3,2,2,"[INP.MBL2, MBL2] -> MBL3 -> [AL.MBL2, INP.VLNPL3]",INP.MB,2,MB,2,AL.MB,2,INP.VLNP,3
146775390,mixed,FWD->mix,FWD,mix,2,1,1,2764,2,2.0,2281,0.825,MB,3,2,2,"[AL.MBL2, MB.SNPL2] -> MBL3 -> [INP.MBL3, MBL2]",AL.MB,2,MB.SNP,2,INP.MB,3,MB,2
143844435,mixed,FWD->mix,FWD,mix,2,1,1,2764,6,1.952,2281,0.825,MB,3,2,2,"[AL.MBL2, MBL2] -> MBL3 -> [INP.MBL3, MB.SNPL2]",AL.MB,2,MB,2,INP.MB,3,MB.SNP,2
143645870,mixed,FWD->mix,FWD,mix,2,1,1,2764,2,2.0,2281,0.825,MB,3,2,2,"[MBL2, MB.SNPL2] -> MBL3 -> [AL.MBL2, INP.MBL3]",MB,2,MB.SNP,2,AL.MB,2,INP.MB,3
142011818,mixed,FWD->mix,FWD,mix,2,1,1,187,28,3.864,50097,267.898,OL.VMNP,2,2,2,"[GNG.VMNPL1, VMNPL1] -> OL.VMNPL2 -> [OLL1, OLL2]",GNG.VMNP,1,VMNP,1,OL,1,OL,2
134560844,mixed,FWD->mix,FWD,mix,2,1,1,2764,2,1.682,2357,0.853,MB,3,2,2,"[AL.LHL2, AL.MBL2] -> MBL3 -> [MBL2, MB.VLNPL3]",AL.LH,2,AL.MB,2,MB,2,MB.VLNP,3
134006208,mixed,FWD->mix,FWD,mix,2,1,1,2764,2,1.306,2460,0.89,MB,3,2,2,"[AL.LHL2, AL.MBL2] -> MBL3 -> [INP.VLNPL3, MBL2]",AL.LH,2,AL.MB,2,INP.VLNP,3,MB,2
131884104,mixed,FWD->mix,FWD,mix,2,1,1,2764,2,1.678,2357,0.853,MB,3,2,2,"[AL.LHL2, MBL2] -> MBL3 -> [AL.MBL2, MB.VLNPL3]",AL.LH,2,MB,2,AL.MB,2,MB.VLNP,3
131469870,mixed,FWD->mix,FWD,mix,2,1,1,2764,2,1.304,2460,0.89,MB,3,2,2,"[AL.LHL2, MBL2] -> MBL3 -> [AL.MBL2, INP.VLNPL3]",AL.LH,2,MB,2,AL.MB,2,INP.VLNP,3
115880436,mixed,FWD->mix,FWD,mix,2,1,1,2764,2,1.118,2398,0.868,MB,3,2,2,"[AL.LHL2, MBL2] -> MBL3 -> [INP.MBL2, INP.VLNPL3]",AL.LH,2,MB,2,INP.MB,2,INP.VLNP,3
115769472,mixed,FWD->mix,FWD,mix,2,1,1,2764,2,1.118,2398,0.868,MB,3,2,2,"[AL.LHL2, INP.MBL2] -> MBL3 -> [INP.VLNPL3, MBL2]",AL.LH,2,INP.MB,2,INP.VLNP,3,MB,2
104742704,mixed,FWD->mix,FWD,mix,2,1,1,2764,2,1.291,2295,0.83,MB,3,2,2,"[AL.LHL2, MBL2] -> MBL3 -> [INP.MBL2, MB.VLNPL3]",AL.LH,2,MB,2,INP.MB,2,MB.VLNP,3
104626808,mixed,FWD->mix,FWD,mix,2,1,1,2764,2,1.291,2295,0.83,MB,3,2,2,"[AL.LHL2, INP.MBL2] -> MBL3 -> [MBL2, MB.VLNPL3]",AL.LH,2,INP.MB,2,MB,2,MB.VLNP,3
102450264,mixed,FWD->mix,FWD,mix,2,1,1,2764,2,1.281,2460,0.89,MB,3,2,2,"[AL.MBL2, MBL2] -> MBL3 -> [AL.LHL2, INP.VLNPL3]",AL.MB,2,MB,2,AL.LH,2,INP.VLNP,3
101578592,mixed,FWD->mix,FWD,mix,2,1,1,2764,2,1.638,2357,0.853,MB,3,2,2,"[AL.MBL2, MBL2] -> MBL3 -> [AL.LHL2, MB.VLNPL3]",AL.MB,2,MB,2,AL.LH,2,MB.VLNP,3
100095609,mixed,FWD->mix,FWD,mix,2,1,1,2764,7,1.512,2219,0.803,MB,3,2,2,"[INP.MBL2, MBL2] -> MBL3 -> [INP.MBL3, MB.SNPL2]",INP.MB,2,MB,2,INP.MB,3,MB.SNP,2
95488294,mixed,FWD->mix,FWD,mix,2,1,1,2764,8,1.662,2219,0.803,MB,3,2,2,"[MBL2, MB.SNPL2] -> MBL3 -> [INP.MBL2, INP.MBL3]",MB,2,MB.SNP,2,INP.MB,2,INP.MB,3
95354405,mixed,FWD->mix,FWD,mix,2,1,1,2764,6,1.661,2219,0.803,MB,3,2,2,"[INP.MBL2, MB.SNPL2] -> MBL3 -> [INP.MBL3, MBL2]",INP.MB,2,MB.SNP,2,INP.MB,3,MB,2
94059899,mixed,FWD->mix,FWD,mix,2,1,1,2764,48,1.866,2232,0.808,MB,3,2,2,"[AL.MBL2, MBL2] -> MBL3 -> [INP.MBL2, MB.SNPL3]",AL.MB,2,MB,2,INP.MB,2,MB.SNP,3
93910258,mixed,FWD->mix,FWD,mix,2,1,1,2764,2,1.865,2232,0.808,MB,3,2,2,"[AL.MBL2, INP.MBL2] -> MBL3 -> [MBL2, MB.SNPL3]",AL.MB,2,INP.MB,2,MB,2,MB.SNP,3
91990808,mixed,FWD->mix,FWD,mix,2,1,1,2764,2,1.863,2232,0.808,MB,3,2,2,"[INP.MBL2, MBL2] -> MBL3 -> [AL.MBL2, MB.SNPL3]",INP.MB,2,MB,2,AL.MB,2,MB.SNP,3
89110896,mixed,FWD->mix,FWD,mix,2,1,1,2764,2,1.108,2398,0.868,MB,3,2,2,"[INP.MBL2, MBL2] -> MBL3 -> [AL.LHL2, INP.VLNPL3]",INP.MB,2,MB,2,AL.LH,2,INP.VLNP,3
83199844,mixed,FWD->mix,FWD,mix,2,1,1,2764,5,1.392,2350,0.85,MB,3,2,2,"[AL.LHL2, MBL2] -> MBL3 -> [INP.MBL3, MB.SNPL2]",AL.LH,2,MB,2,INP.MB,3,MB.SNP,2
80030144,mixed,FWD->mix,FWD,mix,2,1,1,2764,2,1.267,2295,0.83,MB,3,2,2,"[INP.MBL2, MBL2] -> MBL3 -> [AL.LHL2, MB.VLNPL3]",INP.MB,2,MB,2,AL.LH,2,MB.VLNP,3
77998081,mixed,FWD->mix,FWD,mix,2,1,1,2764,3,1.52,2350,0.85,MB,3,2,2,"[AL.LHL2, MB.SNPL2] -> MBL3 -> [INP.MBL3, MBL2]",AL.LH,2,MB.SNP,2,INP.MB,3,MB,2
74875897,mixed,FWD->mix,FWD,mix,2,1,1,2764,125,1.724,2363,0.855,MB,3,2,2,"[AL.LHL2, AL.MBL2] -> MBL3 -> [MBL2, MB.SNPL3]",AL.LH,2,AL.MB,2,MB,2,MB.SNP,3
73375484,mixed,FWD->mix,FWD,mix,2,1,1,2764,2,1.721,2363,0.855,MB,3,2,2,"[AL.LHL2, MBL2] -> MBL3 -> [AL.MBL2, MB.SNPL3]",AL.LH,2,MB,2,AL.MB,2,MB.SNP,3
70921359,mixed,FWD->mix,FWD,mix,2,1,1,2764,2,1.99,2190,0.792,MB,3,2,2,"[AL.MBL2, MB.SNPL2] -> MBL3 -> [MBL2, MB.VLNPL3]",AL.MB,2,MB.SNP,2,MB,2,MB.VLNP,3
69392584,mixed,FWD->mix,FWD,mix,2,1,1,2764,2,1.991,2190,0.792,MB,3,2,2,"[MBL2, MB.SNPL2] -> MBL3 -> [AL.MBL2, MB.VLNPL3]",MB,2,MB.SNP,2,AL.MB,2,MB.VLNP,3
68725104,mixed,FWD->mix,FWD,mix,2,1,1,2764,2,1.985,2190,0.792,MB,3,2,2,"[AL.MBL2, MBL2] -> MBL3 -> [MB.SNPL2, MB.VLNPL3]",AL.MB,2,MB,2,MB.SNP,2,MB.VLNP,3
59785404,mixed,FWD->mix,FWD,mix,2,1,1,2764,2,1.601,2293,0.83,MB,3,2,2,"[AL.MBL2, MBL2] -> MBL3 -> [INP.VLNPL3, MB.SNPL2]",AL.MB,2,MB,2,INP.VLNP,3,MB.SNP,2
59685566,mixed,FWD->mix,FWD,mix,2,1,1,2764,2,1.999,2252,0.815,MB,3,2,2,"[AL.MBL2, MBL2] -> MBL3 -> [INP.MBL3, MB.VLNPL2]",AL.MB,2,MB,2,INP.MB,3,MB.VLNP,2
59573892,mixed,FWD->mix,FWD,mix,2,1,1,2764,2,2.0,2252,0.815,MB,3,2,2,"[AL.MBL2, MB.VLNPL2] -> MBL3 -> [INP.MBL3, MBL2]",AL.MB,2,MB.VLNP,2,INP.MB,3,MB,2
59202840,mixed,FWD->mix,FWD,mix,2,1,1,2764,2,1.482,2350,0.85,MB,3,2,2,"[MBL2, MB.SNPL2] -> MBL3 -> [AL.LHL2, INP.MBL3]",MB,2,MB.SNP,2,AL.LH,2,INP.MB,3
58300834,mixed,FWD->mix,FWD,mix,2,1,1,2764,2,2.0,2252,0.815,MB,3,2,2,"[MBL2, MB.VLNPL2] -> MBL3 -> [AL.MBL2, INP.MBL3]",MB,2,MB.VLNP,2,AL.MB,2,INP.MB,3
57638826,mixed,FWD->mix,FWD,mix,2,1,1,2764,2,1.758,2293,0.83,MB,3,2,2,"[AL.MBL2, MB.SNPL2] -> MBL3 -> [INP.VLNPL3, MBL2]",AL.MB,2,MB.SNP,2,INP.VLNP,3,MB,2
57512895,mixed,FWD->mix,FWD,mix,2,1,1,2764,38,1.316,2301,0.832,MB,3,2,2,"[AL.LHL2, MBL2] -> MBL3 -> [INP.MBL2, MB.SNPL3]",AL.LH,2,MB,2,INP.MB,2,MB.SNP,3
57447832,mixed,FWD->mix,FWD,mix,2,1,1,2764,2,1.315,2301,0.832,MB,3,2,2,"[AL.LHL2, INP.MBL2] -> MBL3 -> [MBL2, MB.SNPL3]",AL.LH,2,INP.MB,2,MB,2,MB.SNP,3
56480046,mixed,FWD->mix,FWD,mix,2,1,1,2764,2,1.755,2293,0.83,MB,3,2,2,"[MBL2, MB.SNPL2] -> MBL3 -> [AL.MBL2, INP.VLNPL3]",MB,2,MB.SNP,2,AL.MB,2,INP.VLNP,3
56435440,mixed,FWD->mix,FWD,mix,2,1,1,2764,2,1.68,2363,0.855,MB,3,2,2,"[AL.MBL2, MBL2] -> MBL3 -> [AL.LHL2, MB.SNPL3]",AL.MB,2,MB,2,AL.LH,2,MB.SNP,3
47604312,mixed,FWD->mix,FWD,mix,2,1,1,2764,2,1.248,2231,0.807,MB,3,2,2,"[INP.MBL2, MBL2] -> MBL3 -> [INP.VLNPL3, MB.SNPL2]",INP.MB,2,MB,2,INP.VLNP,3,MB.SNP,2
46403168,mixed,FWD->mix,FWD,mix,2,1,1,2764,2,1.577,2128,0.77,MB,3,2,2,"[INP.MBL2, MBL2] -> MBL3 -> [MB.SNPL2, MB.VLNPL3]",INP.MB,2,MB,2,MB.SNP,2,MB.VLNP,3
44654704,mixed,FWD->mix,FWD,mix,2,1,1,2764,2,1.734,2128,0.77,MB,3,2,2,"[MBL2, MB.SNPL2] -> MBL3 -> [INP.MBL2, MB.VLNPL3]",MB,2,MB.SNP,2,INP.MB,2,MB.VLNP,3
44589558,mixed,FWD->mix,FWD,mix,2,1,1,2764,2,1.733,2128,0.77,MB,3,2,2,"[INP.MBL2, MB.SNPL2] -> MBL3 -> [MBL2, MB.VLNPL3]",INP.MB,2,MB.SNP,2,MB,2,MB.VLNP,3
43905376,mixed,FWD->mix,FWD,mix,2,1,1,2764,2,1.29,2301,0.832,MB,3,2,2,"[INP.MBL2, MBL2] -> MBL3 -> [AL.LHL2, MB.SNPL3]",INP.MB,2,MB,2,AL.LH,2,MB.SNP,3
43774836,mixed,FWD->mix,FWD,mix,2,1,1,2764,2,1.337,2231,0.807,MB,3,2,2,"[MBL2, MB.SNPL2] -> MBL3 -> [INP.MBL2, INP.VLNPL3]",MB,2,MB.SNP,2,INP.MB,2,INP.VLNP,3
43724772,mixed,FWD->mix,FWD,mix,2,1,1,2764,2,1.337,2231,0.807,MB,3,2,2,"[INP.MBL2, MB.SNPL2] -> MBL3 -> [INP.VLNPL3, MBL2]",INP.MB,2,MB.SNP,2,INP.VLNP,3,MB,2
43442856,mixed,FWD->mix,FWD,mix,2,1,1,2764,2,1.218,3142,1.137,MB,3,2,2,"[ALL2, AL.MBL2] -> MBL3 -> [INP.MBL3, MBL2]",AL,2,AL.MB,2,INP.MB,3,MB,2
42630862,mixed,FWD->mix,FWD,mix,2,1,1,2764,2,1.217,3142,1.137,MB,3,2,2,"[ALL2, MBL2] -> MBL3 -> [AL.MBL2, INP.MBL3]",AL,2,MB,2,AL.MB,2,INP.MB,3
41739482,mixed,FWD->mix,FWD,mix,2,1,1,187,4,3.924,50071,267.759,OL.VMNP,2,2,2,"[GNG.VLNPL1, VMNPL1] -> OL.VMNPL2 -> [OLL1, OLL2]",GNG.VLNP,1,VMNP,1,OL,1,OL,2
40685148,mixed,FWD->mix,FWD,mix,2,1,1,2764,2,1.186,2362,0.855,MB,3,2,2,"[AL.LHL2, MBL2] -> MBL3 -> [INP.VLNPL3, MB.SNPL2]",AL.LH,2,MB,2,INP.VLNP,3,MB.SNP,2
40326367,mixed,FWD->mix,FWD,mix,2,1,1,2764,3,1.974,2196,0.795,MB,3,2,2,"[AL.MBL2, MB.SNPL2] -> MBL3 -> [MBL2, MB.SNPL3]",AL.MB,2,MB.SNP,2,MB,2,MB.SNP,3
39451516,mixed,FWD->mix,FWD,mix,2,1,1,2764,2,1.976,2196,0.795,MB,3,2,2,"[MBL2, MB.SNPL2] -> MBL3 -> [AL.MBL2, MB.SNPL3]",MB,2,MB.SNP,2,AL.MB,2,MB.SNP,3
38818247,mixed,FWD->mix,FWD,mix,2,1,1,2764,139,1.996,2196,0.795,MB,3,2,2,"[AL.MBL2, MBL2] -> MBL3 -> [MB.SNPL2, MB.SNPL3]",AL.MB,2,MB,2,MB.SNP,2,MB.SNP,3
38593682,mixed,FWD->mix,FWD,mix,2,1,1,2764,2,1.249,2274,0.823,MB,3,2,2,"[AL.MBL2, MBL2] -> MBL3 -> [INP.MBL3, INP.VLNPL2]",AL.MB,2,MB,2,INP.MB,3,INP.VLNP,2
38552334,mixed,FWD->mix,FWD,mix,2,1,1,2764,2,1.248,2274,0.823,MB,3,2,2,"[AL.MBL2, INP.VLNPL2] -> MBL3 -> [INP.MBL3, MBL2]",AL.MB,2,INP.VLNP,2,INP.MB,3,MB,2
38503660,mixed,FWD->mix,FWD,mix,2,1,1,2764,2,1.677,2190,0.792,MB,3,2,2,"[INP.MBL2, MBL2] -> MBL3 -> [INP.MBL3, MB.VLNPL2]",INP.MB,2,MB,2,INP.MB,3,MB.VLNP,2
38503660,mixed,FWD->mix,FWD,mix,2,1,1,2764,2,1.677,2190,0.792,MB,3,2,2,"[MBL2, MB.VLNPL2] -> MBL3 -> [INP.MBL2, INP.MBL3]",MB,2,MB.VLNP,2,INP.MB,2,INP.MB,3
38483383,mixed,FWD->mix,FWD,mix,2,1,1,2764,3,1.083,3080,1.114,MB,3,2,2,"[ALL2, MBL2] -> MBL3 -> [INP.MBL2, INP.MBL3]",AL,2,MB,2,INP.MB,2,INP.MB,3
38449320,mixed,FWD->mix,FWD,mix,2,1,1,2764,2,1.676,2190,0.792,MB,3,2,2,"[INP.MBL2, MB.VLNPL2] -> MBL3 -> [INP.MBL3, MBL2]",INP.MB,2,MB.VLNP,2,INP.MB,3,MB,2
38447760,mixed,FWD->mix,FWD,mix,2,1,1,2764,2,1.083,3080,1.114,MB,3,2,2,"[ALL2, INP.MBL2] -> MBL3 -> [INP.MBL3, MBL2]",AL,2,INP.MB,2,INP.MB,3,MB,2
38306576,mixed,FWD->mix,FWD,mix,2,1,1,2764,2,1.447,2259,0.817,MB,3,2,2,"[AL.LHL2, MBL2] -> MBL3 -> [MB.SNPL2, MB.VLNPL3]",AL.LH,2,MB,2,MB.SNP,2,MB.VLNP,3
37828558,mixed,FWD->mix,FWD,mix,2,1,1,2764,2,1.247,2274,0.823,MB,3,2,2,"[INP.VLNPL2, MBL2] -> MBL3 -> [AL.MBL2, INP.MBL3]",INP.VLNP,2,MB,2,AL.MB,2,INP.MB,3
37286336,mixed,FWD->mix,FWD,mix,2,1,1,187,21,3.122,50082,267.818,OL.VMNP,2,2,2,"[LX.VMNPL1, VMNPL1] -> OL.VMNPL2 -> [OLL1, OLL2]",LX.VMNP,1,VMNP,1,OL,1,OL,2
37016784,mixed,FWD->mix,FWD,mix,2,1,1,2764,2,1.253,2362,0.855,MB,3,2,2,"[AL.LHL2, MB.SNPL2] -> MBL3 -> [INP.VLNPL3, MBL2]",AL.LH,2,MB.SNP,2,INP.VLNP,3,MB,2
36177636,mixed,FWD->mix,FWD,mix,2,1,1,2764,2,1.586,2259,0.817,MB,3,2,2,"[AL.LHL2, MB.SNPL2] -> MBL3 -> [MBL2, MB.VLNPL3]",AL.LH,2,MB.SNP,2,MB,2,MB.VLNP,3
33865780,mixed,FWD->mix,FWD,mix,2,1,1,2764,2,1.095,2212,0.8,MB,3,2,2,"[INP.MBL2, MBL2] -> MBL3 -> [INP.MBL3, INP.VLNPL2]",INP.MB,2,MB,2,INP.MB,3,INP.VLNP,2
33865780,mixed,FWD->mix,FWD,mix,2,1,1,2764,2,1.095,2212,0.8,MB,3,2,2,"[INP.VLNPL2, MBL2] -> MBL3 -> [INP.MBL2, INP.MBL3]",INP.VLNP,2,MB,2,INP.MB,2,INP.MB,3
33834060,mixed,FWD->mix,FWD,mix,2,1,1,2764,2,1.095,2212,0.8,MB,3,2,2,"[INP.MBL2, INP.VLNPL2] -> MBL3 -> [INP.MBL3, MBL2]",INP.MB,2,INP.VLNP,2,INP.MB,3,MB,2
33699500,mixed,FWD->mix,FWD,mix,2,1,1,2764,4,1.289,3142,1.137,MB,3,2,2,"[AL.MBL2, MBL2] -> MBL3 -> [ALL2, INP.MBL3]",AL.MB,2,MB,2,AL,2,INP.MB,3
33486168,mixed,FWD->mix,FWD,mix,2,1,1,2764,2,1.062,3211,1.162,MB,3,2,2,"[ALL2, AL.LHL2] -> MBL3 -> [INP.MBL3, MBL2]",AL,2,AL.LH,2,INP.MB,3,MB,2
31441198,mixed,FWD->mix,FWD,mix,2,1,1,2764,2,1.534,2321,0.84,MB,3,2,2,"[AL.LHL2, MBL2] -> MBL3 -> [INP.MBL3, MB.VLNPL2]",AL.LH,2,MB,2,INP.MB,3,MB.VLNP,2
31400376,mixed,FWD->mix,FWD,mix,2,1,1,2764,2,1.533,2321,0.84,MB,3,2,2,"[AL.LHL2, MB.VLNPL2] -> MBL3 -> [INP.MBL3, MBL2]",AL.LH,2,MB.VLNP,2,INP.MB,3,MB,2
29453026,mixed,FWD->mix,FWD,mix,2,1,1,2764,2,1.071,2343,0.848,MB,3,2,2,"[AL.LHL2, MBL2] -> MBL3 -> [INP.MBL3, INP.VLNPL2]",AL.LH,2,MB,2,INP.MB,3,INP.VLNP,2
29426112,mixed,FWD->mix,FWD,mix,2,1,1,2764,2,1.071,2343,0.848,MB,3,2,2,"[AL.LHL2, INP.VLNPL2] -> MBL3 -> [INP.MBL3, MBL2]",AL.LH,2,INP.VLNP,2,INP.MB,3,MB,2
29248180,mixed,FWD->mix,FWD,mix,2,1,1,2764,2,1.111,3080,1.114,MB,3,2,2,"[INP.MBL2, MBL2] -> MBL3 -> [ALL2, INP.MBL3]",INP.MB,2,MB,2,AL,2,INP.MB,3
28871752,mixed,FWD->mix,FWD,mix,2,1,1,2764,2,1.985,2161,0.782,MB,3,2,2,"[AL.MBL2, MBL2] -> MBL3 -> [MB.VLNPL2, MB.VLNPL3]",AL.MB,2,MB,2,MB.VLNP,2,MB.VLNP,3
28815654,mixed,FWD->mix,FWD,mix,2,1,1,2764,2,1.985,2161,0.782,MB,3,2,2,"[AL.MBL2, MB.VLNPL2] -> MBL3 -> [MBL2, MB.VLNPL3]",AL.MB,2,MB.VLNP,2,MB,2,MB.VLNP,3
28511470,mixed,FWD->mix,FWD,mix,2,1,1,187,4,3.849,49988,267.316,OL.VMNP,2,2,2,"[GNG.VLNPL1, GNG.VMNPL1] -> OL.VMNPL2 -> [OLL1, OLL2]",GNG.VLNP,1,GNG.VMNP,1,OL,1,OL,2
28351512,mixed,FWD->mix,FWD,mix,2,1,1,2764,2,1.233,2362,0.855,MB,3,2,2,"[MBL2, MB.SNPL2] -> MBL3 -> [AL.LHL2, INP.VLNPL3]",MB,2,MB.SNP,2,AL.LH,2,INP.VLNP,3
28193144,mixed,FWD->mix,FWD,mix,2,1,1,2764,2,1.986,2161,0.782,MB,3,2,2,"[MBL2, MB.VLNPL2] -> MBL3 -> [AL.MBL2, MB.VLNPL3]",MB,2,MB.VLNP,2,AL.MB,2,MB.VLNP,3
27399648,mixed,FWD->mix,FWD,mix,2,1,1,2764,2,1.545,2259,0.817,MB,3,2,2,"[MBL2, MB.SNPL2] -> MBL3 -> [AL.LHL2, MB.VLNPL3]",MB,2,MB.SNP,2,AL.LH,2,MB.VLNP,3
26937022,mixed,FWD->mix,FWD,mix,3,0,1,145,19,6.134,6480,44.69,AL.MB,2,2,2,"[ALL1, AL.INPL1] -> AL.MBL2 -> [MBL2, MBL3]",AL,1,AL.INP,1,MB,2,MB,3
26625989,mixed,FWD->mix,FWD,mix,2,1,1,187,14,2.879,49999,267.374,OL.VMNP,2,2,2,"[GNG.VMNPL1, LX.VMNPL1] -> OL.VMNPL2 -> [OLL1, OLL2]",GNG.VMNP,1,LX.VMNP,1,OL,1,OL,2
25831704,mixed,FWD->mix,FWD,mix,2,1,1,2764,2,1.057,3211,1.162,MB,3,2,2,"[ALL2, MBL2] -> MBL3 -> [AL.LHL2, INP.MBL3]",AL,2,MB,2,AL.LH,2,INP.MB,3
25733162,mixed,FWD->mix,FWD,mix,2,1,1,2764,6,1.618,2134,0.772,MB,3,2,2,"[INP.MBL2, MBL2] -> MBL3 -> [MB.SNPL2, MB.SNPL3]",INP.MB,2,MB,2,MB.SNP,2,MB.SNP,3
25588039,mixed,FWD->mix,FWD,mix,2,1,1,187,7,2.638,50114,267.989,OL.VMNP,2,2,2,"[OL.VLNPL1, VMNPL1] -> OL.VMNPL2 -> [OLL1, OLL2]",OL.VLNP,1,VMNP,1,OL,1,OL,2
25389814,mixed,FWD->mix,FWD,mix,2,1,1,2764,4,1.083,3211,1.162,MB,3,2,2,"[AL.LHL2, MBL2] -> MBL3 -> [ALL2, INP.MBL3]",AL.LH,2,MB,2,AL,2,INP.MB,3
24896073,mixed,FWD->mix,FWD,mix,2,1,1,2764,9,1.776,2134,0.772,MB,3,2,2,"[MBL2, MB.SNPL2] -> MBL3 -> [INP.MBL2, MB.SNPL3]",MB,2,MB.SNP,2,INP.MB,2,MB.SNP,3
24856703,mixed,FWD->mix,FWD,mix,2,1,1,2764,8,1.775,2134,0.772,MB,3,2,2,"[INP.MBL2, MB.SNPL2] -> MBL3 -> [MBL2, MB.SNPL3]",INP.MB,2,MB.SNP,2,MB,2,MB.SNP,3
23823528,mixed,FWD->mix,FWD,mix,2,1,1,2764,2,1.494,2321,0.84,MB,3,2,2,"[MBL2, MB.VLNPL2] -> MBL3 -> [AL.LHL2, INP.MBL3]",MB,2,MB.VLNP,2,AL.LH,2,INP.MB,3
23308926,mixed,FWD->mix,FWD,mix,2,1,1,2764,2,1.874,2314,0.837,MB,3,2,2,"[AL.MBL2, LH.SNPL2] -> MBL3 -> [INP.MBL3, MBL2]",AL.MB,2,LH.SNP,2,INP.MB,3,MB,2
23303742,mixed,FWD->mix,FWD,mix,2,1,1,2764,2,1.774,2264,0.819,MB,3,2,2,"[AL.MBL2, MBL2] -> MBL3 -> [INP.VLNPL3, MB.VLNPL2]",AL.MB,2,MB,2,INP.VLNP,3,MB.VLNP,2
23268924,mixed,FWD->mix,FWD,mix,2,1,1,2764,2,1.773,2264,0.819,MB,3,2,2,"[AL.MBL2, MB.VLNPL2] -> MBL3 -> [INP.VLNPL3, MBL2]",AL.MB,2,MB.VLNP,2,INP.VLNP,3,MB,2
22831772,mixed,FWD->mix,FWD,mix,2,1,1,2764,2,1.872,2314,0.837,MB,3,2,2,"[LH.SNPL2, MBL2] -> MBL3 -> [AL.MBL2, INP.MBL3]",LH.SNP,2,MB,2,AL.MB,2,INP.MB,3
22800162,mixed,FWD->mix,FWD,mix,2,1,1,2764,2,1.769,2264,0.819,MB,3,2,2,"[MBL2, MB.VLNPL2] -> MBL3 -> [AL.MBL2, INP.VLNPL3]",MB,2,MB.VLNP,2,AL.MB,2,INP.VLNP,3
22691736,mixed,FWD->mix,FWD,mix,2,1,1,2764,2,1.065,2343,0.848,MB,3,2,2,"[INP.VLNPL2, MBL2] -> MBL3 -> [AL.LHL2, INP.MBL3]",INP.VLNP,2,MB,2,AL.LH,2,INP.MB,3
22133832,mixed,FWD->mix,FWD,mix,2,1,1,2764,2,1.101,3154,1.141,MB,3,2,2,"[ALL2, AL.MBL2] -> MBL3 -> [INP.VLNPL3, MBL2]",AL,2,AL.MB,2,INP.VLNP,3,MB,2
21727566,mixed,FWD->mix,FWD,mix,2,1,1,2764,2,1.1,3154,1.141,MB,3,2,2,"[ALL2, MBL2] -> MBL3 -> [AL.MBL2, INP.VLNPL3]",AL,2,MB,2,AL.MB,2,INP.VLNP,3
21147228,mixed,FWD->mix,FWD,mix,2,1,1,2764,110,1.482,2265,0.819,MB,3,2,2,"[AL.LHL2, MBL2] -> MBL3 -> [MB.SNPL2, MB.SNPL3]",AL.LH,2,MB,2,MB.SNP,2,MB.SNP,3
20869741,mixed,FWD->mix,FWD,mix,2,1,1,187,4,3.924,50079,267.802,OL.VMNP,2,2,2,"[VLNP.VMNPL1, VMNPL1] -> OL.VMNPL2 -> [OLL1, OLL2]",VLNP.VMNP,1,VMNP,1,OL,1,OL,2
20272308,mixed,FWD->mix,FWD,mix,2,1,1,2764,2,1.038,3092,1.119,MB,3,2,2,"[ALL2, MBL2] -> MBL3 -> [INP.MBL2, INP.VLNPL3]",AL,2,MB,2,INP.MB,2,INP.VLNP,3
20254416,mixed,FWD->mix,FWD,mix,2,1,1,2764,2,1.038,3092,1.119,MB,3,2,2,"[ALL2, INP.MBL2] -> MBL3 -> [INP.VLNPL3, MBL2]",AL,2,INP.MB,2,INP.VLNP,3,MB,2
20064564,mixed,FWD->mix,FWD,mix,2,1,1,2764,2,1.627,2265,0.819,MB,3,2,2,"[AL.LHL2, MB.SNPL2] -> MBL3 -> [MBL2, MB.SNPL3]",AL.LH,2,MB.SNP,2,MB,2,MB.SNP,3
19791272,mixed,FWD->mix,FWD,mix,2,1,1,2764,2,1.251,3051,1.104,MB,3,2,2,"[ALL2, AL.MBL2] -> MBL3 -> [MBL2, MB.VLNPL3]",AL,2,AL.MB,2,MB,2,MB.VLNP,3
19519122,mixed,FWD->mix,FWD,mix,2,1,1,2764,2,1.116,2286,0.827,MB,3,2,2,"[AL.MBL2, MBL2] -> MBL3 -> [INP.VLNPL2, INP.VLNPL3]",AL.MB,2,MB,2,INP.VLNP,2,INP.VLNP,3
19500474,mixed,FWD->mix,FWD,mix,2,1,1,2764,2,1.115,2286,0.827,MB,3,2,2,"[AL.MBL2, INP.VLNPL2] -> MBL3 -> [INP.VLNPL3, MBL2]",AL.MB,2,INP.VLNP,2,INP.VLNP,3,MB,2
19419592,mixed,FWD->mix,FWD,mix,2,1,1,2764,2,1.249,3051,1.104,MB,3,2,2,"[ALL2, MBL2] -> MBL3 -> [AL.MBL2, MB.VLNPL3]",AL,2,MB,2,AL.MB,2,MB.VLNP,3
19141710,mixed,FWD->mix,FWD,mix,2,1,1,2764,2,1.115,2286,0.827,MB,3,2,2,"[INP.VLNPL2, MBL2] -> MBL3 -> [AL.MBL2, INP.VLNPL3]",INP.VLNP,2,MB,2,AL.MB,2,INP.VLNP,3
18423756,mixed,FWD->mix,FWD,mix,2,1,1,2764,4,1.993,2327,0.842,MB,3,2,2,"[AL.MBL2, LHL2] -> MBL3 -> [INP.MBL3, MBL2]",AL.MB,2,LH,2,INP.MB,3,MB,2
18390138,mixed,FWD->mix,FWD,mix,2,1,1,187,5,2.52,50031,267.545,OL.VMNP,2,2,2,"[GNG.VMNPL1, OL.VLNPL1] -> OL.VMNPL2 -> [OLL1, OLL2]",GNG.VMNP,1,OL.VLNP,1,OL,1,OL,2
18030152,mixed,FWD->mix,FWD,mix,2,1,1,2764,4,1.992,2327,0.842,MB,3,2,2,"[LHL2, MBL2] -> MBL3 -> [AL.MBL2, INP.MBL3]",LH,2,MB,2,AL.MB,2,INP.MB,3
18021584,mixed,FWD->mix,FWD,mix,2,1,1,2764,2,1.748,2099,0.759,MB,3,2,2,"[INP.MBL2, MBL2] -> MBL3 -> [MB.VLNPL2, MB.VLNPL3]",INP.MB,2,MB,2,MB.VLNP,2,MB.VLNP,3
18021584,mixed,FWD->mix,FWD,mix,2,1,1,2764,2,1.748,2099,0.759,MB,3,2,2,"[MBL2, MB.VLNPL2] -> MBL3 -> [INP.MBL2, MB.VLNPL3]",MB,2,MB.VLNP,2,INP.MB,2,MB.VLNP,3
17995068,mixed,FWD->mix,FWD,mix,2,1,1,2764,2,1.747,2099,0.759,MB,3,2,2,"[INP.MBL2, MB.VLNPL2] -> MBL3 -> [MBL2, MB.VLNPL3]",INP.MB,2,MB.VLNP,2,MB,2,MB.VLNP,3
17785908,mixed,FWD->mix,FWD,mix,2,1,1,2764,2,1.044,2224,0.805,MB,3,2,2,"[INP.MBL2, MBL2] -> MBL3 -> [INP.VLNPL2, INP.VLNPL3]",INP.MB,2,MB,2,INP.VLNP,2,INP.VLNP,3
17785908,mixed,FWD->mix,FWD,mix,2,1,1,2764,2,1.044,2224,0.805,MB,3,2,2,"[INP.VLNPL2, MBL2] -> MBL3 -> [INP.MBL2, INP.VLNPL3]",INP.VLNP,2,MB,2,INP.MB,2,INP.VLNP,3
17770116,mixed,FWD->mix,FWD,mix,2,1,1,2764,2,1.044,2224,0.805,MB,3,2,2,"[INP.MBL2, INP.VLNPL2] -> MBL3 -> [INP.VLNPL3, MBL2]",INP.MB,2,INP.VLNP,2,INP.VLNP,3,MB,2
17737944,mixed,FWD->mix,FWD,mix,2,1,1,2764,2,1.028,3223,1.166,MB,3,2,2,"[ALL2, AL.LHL2] -> MBL3 -> [INP.VLNPL3, MBL2]",AL,2,AL.LH,2,INP.VLNP,3,MB,2
17616216,mixed,FWD->mix,FWD,mix,2,1,1,2764,2,1.286,2183,0.79,MB,3,2,2,"[AL.MBL2, MBL2] -> MBL3 -> [INP.VLNPL2, MB.VLNPL3]",AL.MB,2,MB,2,INP.VLNP,2,MB.VLNP,3
17596807,mixed,FWD->mix,FWD,mix,2,1,1,2764,2,1.285,2183,0.79,MB,3,2,2,"[AL.MBL2, INP.VLNPL2] -> MBL3 -> [MBL2, MB.VLNPL3]",AL.MB,2,INP.VLNP,2,MB,2,MB.VLNP,3
17586156,mixed,FWD->mix,FWD,mix,2,1,1,2764,2,1.347,2202,0.797,MB,3,2,2,"[INP.MBL2, MBL2] -> MBL3 -> [INP.VLNPL3, MB.VLNPL2]",INP.MB,2,MB,2,INP.VLNP,3,MB.VLNP,2
17586156,mixed,FWD->mix,FWD,mix,2,1,1,2764,2,1.347,2202,0.797,MB,3,2,2,"[MBL2, MB.VLNPL2] -> MBL3 -> [INP.MBL2, INP.VLNPL3]",MB,2,MB.VLNP,2,INP.MB,2,INP.VLNP,3
17565912,mixed,FWD->mix,FWD,mix,2,1,1,2764,2,1.346,2202,0.797,MB,3,2,2,"[INP.MBL2, MB.VLNPL2] -> MBL3 -> [INP.VLNPL3, MBL2]",INP.MB,2,MB.VLNP,2,INP.VLNP,3,MB,2
17374512,mixed,FWD->mix,FWD,mix,2,1,1,2764,2,1.096,2989,1.081,MB,3,2,2,"[ALL2, MBL2] -> MBL3 -> [INP.MBL2, MB.VLNPL3]",AL,2,MB,2,INP.MB,2,MB.VLNP,3
17358224,mixed,FWD->mix,FWD,mix,2,1,1,2764,2,1.096,2989,1.081,MB,3,2,2,"[ALL2, INP.MBL2] -> MBL3 -> [MBL2, MB.VLNPL3]",AL,2,INP.MB,2,MB,2,MB.VLNP,3
17264712,mixed,FWD->mix,FWD,mix,2,1,1,2764,2,1.283,2183,0.79,MB,3,2,2,"[INP.VLNPL2, MBL2] -> MBL3 -> [AL.MBL2, MB.VLNPL3]",INP.VLNP,2,MB,2,AL.MB,2,MB.VLNP,3
16937960,mixed,FWD->mix,FWD,mix,2,1,1,2764,2,1.424,2252,0.815,MB,3,2,2,"[LH.SNPL2, MBL2] -> MBL3 -> [INP.MBL2, INP.MBL3]",LH.SNP,2,MB,2,INP.MB,2,INP.MB,3
16917420,mixed,FWD->mix,FWD,mix,2,1,1,2764,2,1.424,2252,0.815,MB,3,2,2,"[INP.MBL2, LH.SNPL2] -> MBL3 -> [INP.MBL3, MBL2]",INP.MB,2,LH.SNP,2,INP.MB,3,MB,2
16883538,mixed,FWD->mix,FWD,mix,2,1,1,2764,2,1.135,3154,1.141,MB,3,2,2,"[AL.MBL2, MBL2] -> MBL3 -> [ALL2, INP.VLNPL3]",AL.MB,2,MB,2,AL,2,INP.VLNP,3
16822252,mixed,FWD->mix,FWD,mix,3,0,1,187,30,4.349,70559,377.321,OL.VMNP,2,2,2,"[GNG.VMNPL1, VMNPL1] -> OL.VMNPL2 -> [OLL2, OLL3]",GNG.VMNP,1,VMNP,1,OL,2,OL,3
16427356,mixed,FWD->mix,FWD,mix,2,1,1,2764,2,1.967,2167,0.784,MB,3,2,2,"[AL.MBL2, MBL2] -> MBL3 -> [MB.SNPL3, MB.VLNPL2]",AL.MB,2,MB,2,MB.SNP,3,MB.VLNP,2
16394742,mixed,FWD->mix,FWD,mix,2,1,1,2764,2,1.968,2167,0.784,MB,3,2,2,"[AL.MBL2, MB.VLNPL2] -> MBL3 -> [MBL2, MB.SNPL3]",AL.MB,2,MB.VLNP,2,MB,2,MB.SNP,3
16038308,mixed,FWD->mix,FWD,mix,2,1,1,2764,2,1.969,2167,0.784,MB,3,2,2,"[MBL2, MB.VLNPL2] -> MBL3 -> [AL.MBL2, MB.SNPL3]",MB,2,MB.VLNP,2,AL.MB,2,MB.SNP,3
15565410,mixed,FWD->mix,FWD,mix,2,1,1,2764,2,1.033,2355,0.852,MB,3,2,2,"[AL.LHL2, MBL2] -> MBL3 -> [INP.VLNPL2, INP.VLNPL3]",AL.LH,2,MB,2,INP.VLNP,2,INP.VLNP,3
15551760,mixed,FWD->mix,FWD,mix,2,1,1,2764,2,1.032,2355,0.852,MB,3,2,2,"[AL.LHL2, INP.VLNPL2] -> MBL3 -> [INP.VLNPL3, MBL2]",AL.LH,2,INP.VLNP,2,INP.VLNP,3,MB,2
15548828,mixed,FWD->mix,FWD,mix,2,1,1,2764,2,1.928,2296,0.831,MB,3,2,2,"[AL.MBL2, MBL2] -> MBL3 -> [INPL3, INP.MBL2]",AL.MB,2,MB,2,INP,3,INP.MB,2
15516956,mixed,FWD->mix,FWD,mix,2,1,1,2764,2,1.929,2296,0.831,MB,3,2,2,"[AL.MBL2, INP.MBL2] -> MBL3 -> [INPL3, MBL2]",AL.MB,2,INP.MB,2,INP,3,MB,2
15419896,mixed,FWD->mix,FWD,mix,2,1,1,2764,2,1.331,3051,1.104,MB,3,2,2,"[AL.MBL2, MBL2] -> MBL3 -> [ALL2, MB.VLNPL3]",AL.MB,2,MB,2,AL,2,MB.VLNP,3
15371950,mixed,FWD->mix,FWD,mix,2,1,1,2764,2,1.987,2154,0.779,MB,3,2,2,"[MBL2, MB.SNPL2] -> MBL3 -> [INP.MBL3, MB.VLNPL2]",MB,2,MB.SNP,2,INP.MB,3,MB.VLNP,2
15344700,mixed,FWD->mix,FWD,mix,2,1,1,2764,2,1.987,2154,0.779,MB,3,2,2,"[MB.SNPL2, MB.VLNPL2] -> MBL3 -> [INP.MBL3, MBL2]",MB.SNP,2,MB.VLNP,2,INP.MB,3,MB,2
15302512,mixed,FWD->mix,FWD,mix,2,1,1,2764,2,1.11,2121,0.767,MB,3,2,2,"[INP.MBL2, MBL2] -> MBL3 -> [INP.VLNPL2, MB.VLNPL3]",INP.MB,2,MB,2,INP.VLNP,2,MB.VLNP,3
15302512,mixed,FWD->mix,FWD,mix,2,1,1,2764,2,1.11,2121,0.767,MB,3,2,2,"[INP.VLNPL2, MBL2] -> MBL3 -> [INP.MBL2, MB.VLNPL3]",INP.VLNP,2,MB,2,INP.MB,2,MB.VLNP,3
15299508,mixed,FWD->mix,FWD,mix,2,1,1,2764,2,1.051,3092,1.119,MB,3,2,2,"[INP.MBL2, MBL2] -> MBL3 -> [ALL2, INP.VLNPL3]",INP.MB,2,MB,2,AL,2,INP.VLNP,3
15287974,mixed,FWD->mix,FWD,mix,2,1,1,2764,2,1.11,2121,0.767,MB,3,2,2,"[INP.MBL2, INP.VLNPL2] -> MBL3 -> [MBL2, MB.VLNPL3]",INP.MB,2,INP.VLNP,2,MB,2,MB.VLNP,3
15234244,mixed,FWD->mix,FWD,mix,2,1,1,2764,2,1.894,2154,0.779,MB,3,2,2,"[MBL2, MB.VLNPL2] -> MBL3 -> [INP.MBL3, MB.SNPL2]",MB,2,MB.VLNP,2,INP.MB,3,MB.SNP,2
15208881,mixed,FWD->mix,FWD,mix,2,1,1,187,6,2.934,50159,268.23,OL.VMNP,2,2,2,"[GNGL1, VMNPL1] -> OL.VMNPL2 -> [OLL1, OLL2]",GNG,1,VMNP,1,OL,1,OL,2
15176356,mixed,FWD->mix,FWD,mix,2,1,1,2764,2,1.931,2296,0.831,MB,3,2,2,"[INP.MBL2, MBL2] -> MBL3 -> [AL.MBL2, INPL3]",INP.MB,2,MB,2,AL.MB,2,INP,3
15175152,mixed,FWD->mix,FWD,mix,2,1,1,2764,2,1.585,2265,0.819,MB,3,2,2,"[MBL2, MB.SNPL2] -> MBL3 -> [AL.LHL2, MB.SNPL3]",MB,2,MB.SNP,2,AL.LH,2,MB.SNP,3
15095168,mixed,FWD->mix,FWD,mix,2,1,1,2764,2,1.071,3120,1.129,MB,3,2,2,"[ALL2, AL.LHL2] -> MBL3 -> [MBL2, MB.VLNPL3]",AL,2,AL.LH,2,MB,2,MB.VLNP,3
14872494,mixed,FWD->mix,FWD,mix,2,1,1,2764,2,1.261,2333,0.844,MB,3,2,2,"[AL.LHL2, MBL2] -> MBL3 -> [INP.VLNPL3, MB.VLNPL2]",AL.LH,2,MB,2,INP.VLNP,3,MB.VLNP,2
14856408,mixed,FWD->mix,FWD,mix,2,1,1,2764,2,1.261,2333,0.844,MB,3,2,2,"[AL.LHL2, MB.VLNPL2] -> MBL3 -> [INP.VLNPL3, MBL2]",AL.LH,2,MB.VLNP,2,INP.VLNP,3,MB,2
14594888,mixed,FWD->mix,FWD,mix,2,1,1,2764,2,1.601,2230,0.807,MB,3,2,2,"[AL.LHL2, MBL2] -> MBL3 -> [MB.VLNPL2, MB.VLNPL3]",AL.LH,2,MB,2,MB.VLNP,2,MB.VLNP,3
14575176,mixed,FWD->mix,FWD,mix,2,1,1,2764,2,1.6,2230,0.807,MB,3,2,2,"[AL.LHL2, MB.VLNPL2] -> MBL3 -> [MBL2, MB.VLNPL3]",AL.LH,2,MB.VLNP,2,MB,2,MB.VLNP,3
14257351,mixed,FWD->mix,FWD,mix,2,1,1,187,5,3.85,49996,267.358,OL.VMNP,2,2,2,"[GNG.VMNPL1, VLNP.VMNPL1] -> OL.VMNPL2 -> [OLL1, OLL2]",GNG.VMNP,1,VLNP.VMNP,1,OL,1,OL,2
14191608,mixed,FWD->mix,FWD,mix,2,1,1,2764,2,1.322,2383,0.862,MB,3,2,2,"[AL.LHL2, LH.SNPL2] -> MBL3 -> [INP.MBL3, MBL2]",AL.LH,2,LH.SNP,2,INP.MB,3,MB,2
14120708,mixed,FWD->mix,FWD,mix,2,1,1,2764,3,1.74,2239,0.81,MB,3,2,2,"[AL.MBL2, MBL2] -> MBL3 -> [INP.MBL3, LH.MBL2]",AL.MB,2,MB,2,INP.MB,3,LH.MB,2
13701912,mixed,FWD->mix,FWD,mix,2,1,1,2764,2,1.026,3223,1.166,MB,3,2,2,"[ALL2, MBL2] -> MBL3 -> [AL.LHL2, INP.VLNPL3]",AL,2,MB,2,AL.LH,2,INP.VLNP,3
13556836,mixed,FWD->mix,FWD,mix,2,1,1,2764,2,1.857,2314,0.837,MB,3,2,2,"[AL.MBL2, MBL2] -> MBL3 -> [INP.MBL3, LH.SNPL2]",AL.MB,2,MB,2,INP.MB,3,LH.SNP,2
13527882,mixed,FWD->mix,FWD,mix,2,1,1,2764,2,1.858,2594,0.938,MB,3,2,2,"[AL.MBL2, VLNPL2] -> MBL3 -> [INP.MBL3, MBL2]",AL.MB,2,VLNP,2,INP.MB,3,MB,2
13390492,mixed,FWD->mix,FWD,mix,2,1,1,2764,2,1.132,3044,1.101,MB,3,2,2,"[ALL2, MBL2] -> MBL3 -> [INP.MBL3, MB.SNPL2]",AL,2,MB,2,INP.MB,3,MB.SNP,2
13377378,mixed,FWD->mix,FWD,mix,2,1,1,2764,2,1.038,3223,1.166,MB,3,2,2,"[AL.LHL2, MBL2] -> MBL3 -> [ALL2, INP.VLNPL3]",AL.LH,2,MB,2,AL,2,INP.VLNP,3
13285624,mixed,FWD->mix,FWD,mix,2,1,1,2764,2,1.082,2252,0.815,MB,3,2,2,"[AL.LHL2, MBL2] -> MBL3 -> [INP.VLNPL2, MB.VLNPL3]",AL.LH,2,MB,2,INP.VLNP,2,MB.VLNP,3
13273348,mixed,FWD->mix,FWD,mix,2,1,1,2764,2,1.082,2252,0.815,MB,3,2,2,"[AL.LHL2, INP.VLNPL2] -> MBL3 -> [MBL2, MB.VLNPL3]",AL.LH,2,INP.VLNP,2,MB,2,MB.VLNP,3
13230512,mixed,FWD->mix,FWD,mix,2,1,1,2764,2,1.128,2989,1.081,MB,3,2,2,"[INP.MBL2, MBL2] -> MBL3 -> [ALL2, MB.VLNPL3]",INP.MB,2,MB,2,AL,2,MB.VLNP,3
13227164,mixed,FWD->mix,FWD,mix,2,1,1,2764,2,1.86,2594,0.938,MB,3,2,2,"[MBL2, VLNPL2] -> MBL3 -> [AL.MBL2, INP.MBL3]",MB,2,VLNP,2,AL.MB,2,INP.MB,3
12320360,mixed,FWD->mix,FWD,mix,2,1,1,2764,2,1.601,2265,0.819,MB,3,2,2,"[LHL2, MBL2] -> MBL3 -> [INP.MBL2, INP.MBL3]",LH,2,MB,2,INP.MB,2,INP.MB,3
12303720,mixed,FWD->mix,FWD,mix,2,1,1,2764,2,1.6,2265,0.819,MB,3,2,2,"[INP.MBL2, LHL2] -> MBL3 -> [INP.MBL3, MBL2]",INP.MB,2,LH,2,INP.MB,3,MB,2
12078600,mixed,FWD->mix,FWD,mix,2,1,1,2764,2,1.18,3044,1.101,MB,3,2,2,"[ALL2, MB.SNPL2] -> MBL3 -> [INP.MBL3, MBL2]",AL,2,MB.SNP,2,INP.MB,3,MB,2
12011160,mixed,FWD->mix,FWD,mix,2,1,1,2764,2,1.03,2355,0.852,MB,3,2,2,"[INP.VLNPL2, MBL2] -> MBL3 -> [AL.LHL2, INP.VLNPL3]",INP.VLNP,2,MB,2,AL.LH,2,INP.VLNP,3
11841203,mixed,FWD->mix,FWD,mix,2,1,1,2764,441,1.554,620,0.224,MB,3,2,2,"[AL.LHL2, AL.MBL2] -> MBL3 -> [INP.MBL2, INP.MBL3]",AL.LH,2,AL.MB,2,INP.MB,2,INP.MB,3
11820508,mixed,FWD->mix,FWD,mix,2,1,1,2764,2,1.15,2176,0.787,MB,3,2,2,"[INP.VLNPL2, MBL2] -> MBL3 -> [INP.MBL3, MB.SNPL2]",INP.VLNP,2,MB,2,INP.MB,3,MB.SNP,2
11640224,mixed,FWD->mix,FWD,mix,2,1,1,2764,2,1.065,3120,1.129,MB,3,2,2,"[ALL2, MBL2] -> MBL3 -> [AL.LHL2, MB.VLNPL3]",AL,2,MB,2,AL.LH,2,MB.VLNP,3
11590670,mixed,FWD->mix,FWD,mix,2,1,1,2764,2,1.549,620,0.224,MB,3,2,2,"[AL.LHL2, INP.MBL2] -> MBL3 -> [AL.MBL2, INP.MBL3]",AL.LH,2,INP.MB,2,AL.MB,2,INP.MB,3
11563664,mixed,FWD->mix,FWD,mix,2,1,1,2764,2,1.996,2427,0.878,MB,3,2,2,"[AL.LHL2, AL.MBL2] -> MBL3 -> [INPL3, MBL2]",AL.LH,2,AL.MB,2,INP,3,MB,2
11462264,mixed,FWD->mix,FWD,mix,2,1,1,2764,2,1.095,3120,1.129,MB,3,2,2,"[AL.LHL2, MBL2] -> MBL3 -> [ALL2, MB.VLNPL3]",AL.LH,2,MB,2,AL,2,MB.VLNP,3
11375784,mixed,FWD->mix,FWD,mix,2,1,1,2764,2,1.239,2333,0.844,MB,3,2,2,"[MBL2, MB.VLNPL2] -> MBL3 -> [AL.LHL2, INP.VLNPL3]",MB,2,MB.VLNP,2,AL.LH,2,INP.VLNP,3
11315386,mixed,FWD->mix,FWD,mix,2,1,1,2764,2,1.996,2427,0.878,MB,3,2,2,"[AL.LHL2, MBL2] -> MBL3 -> [AL.MBL2, INPL3]",AL.LH,2,MB,2,AL.MB,2,INP,3
11054499,mixed,FWD->mix,FWD,mix,2,1,1,2764,2,1.93,2223,0.804,MB,3,2,2,"[AL.MBL2, LH.SNPL2] -> MBL3 -> [MBL2, MB.VLNPL3]",AL.MB,2,LH.SNP,2,MB,2,MB.VLNP,3
11033568,mixed,FWD->mix,FWD,mix,2,1,1,2764,2,1.558,2230,0.807,MB,3,2,2,"[MBL2, MB.VLNPL2] -> MBL3 -> [AL.LHL2, MB.VLNPL3]",MB,2,MB.VLNP,2,AL.LH,2,MB.VLNP,3
10851280,mixed,FWD->mix,FWD,mix,2,1,1,2764,6,1.272,3057,1.106,MB,3,2,2,"[ALL2, AL.MBL2] -> MBL3 -> [MBL2, MB.SNPL3]",AL,2,AL.MB,2,MB,2,MB.SNP,3
10843824,mixed,FWD->mix,FWD,mix,2,1,1,2764,2,1.296,2383,0.862,MB,3,2,2,"[LH.SNPL2, MBL2] -> MBL3 -> [AL.LHL2, INP.MBL3]",LH.SNP,2,MB,2,AL.LH,2,INP.MB,3
10825744,mixed,FWD->mix,FWD,mix,2,1,1,2764,2,1.927,2223,0.804,MB,3,2,2,"[LH.SNPL2, MBL2] -> MBL3 -> [AL.MBL2, MB.VLNPL3]",LH.SNP,2,MB,2,AL.MB,2,MB.VLNP,3
10777780,mixed,FWD->mix,FWD,mix,2,1,1,2764,2,1.325,2177,0.788,MB,3,2,2,"[INP.MBL2, MBL2] -> MBL3 -> [INP.MBL3, LH.MBL2]",INP.MB,2,MB,2,INP.MB,3,LH.MB,2
10737702,mixed,FWD->mix,FWD,mix,2,1,1,187,4,1.994,50078,267.797,OL.VMNP,2,2,2,"[LXL1, VMNPL1] -> OL.VMNPL2 -> [OLL1, OLL2]",LX,1,VMNP,1,OL,1,OL,2
10705570,mixed,FWD->mix,FWD,mix,2,1,1,2764,2,1.206,2176,0.787,MB,3,2,2,"[MBL2, MB.SNPL2] -> MBL3 -> [INP.MBL3, INP.VLNPL2]",MB,2,MB.SNP,2,INP.MB,3,INP.VLNP,2
11788415,pure_FWD,FWD->FWD,FWD,FWD,4,0,0,145,19,6.643,5290,36.483,AL.MB,2,2,2,"[ALL1, AL.INPL1] -> AL.MBL2 -> [LH.SNPL3, MBL3]",AL,1,AL.INP,1,LH.SNP,3,MB,3
9075131,pure_FWD,FWD->FWD,FWD,FWD,4,0,0,145,19,7.132,5153,35.538,AL.MB,2,2,2,"[ALL1, AL.INPL1] -> AL.MBL2 -> [LHL3, MBL3]",AL,1,AL.INP,1,LH,3,MB,3
4409173,pure_FWD,FWD->FWD,FWD,FWD,4,0,0,145,14,5.537,5290,36.483,AL.MB,2,2,2,"[ALL1, AL.SNPL1] -> AL.MBL2 -> [LH.SNPL3, MBL3]",AL,1,AL.SNP,1,LH.SNP,3,MB,3
3590635,pure_FWD,FWD->FWD,FWD,FWD,4,0,0,145,15,6.633,5153,35.538,AL.MB,2,2,2,"[ALL1, AL.SNPL1] -> AL.MBL2 -> [LHL3, MBL3]",AL,1,AL.SNP,1,LH,3,MB,3
3240519,pure_FWD,FWD->FWD,FWD,FWD,4,0,0,214,27,7.179,5154,24.084,AL.LH,2,2,2,"[ALL1, AL.PENPL1] -> AL.LHL2 -> [LHL3, MBL3]",AL,1,AL.PENP,1,LH,3,MB,3
2281787,pure_FWD,FWD->FWD,FWD,FWD,4,0,0,38835,264,4.452,44289,1.14,OL,2,2,2,"[OLL1, OL.VMNPL1] -> OLL2 -> [OLL3, OL.VLNPL3]",OL,1,OL.VMNP,1,OL,3,OL.VLNP,3
2074813,pure_FWD,FWD->FWD,FWD,FWD,4,0,0,145,19,8.004,3110,21.448,AL.MB,2,2,2,"[ALL1, AL.INPL1] -> AL.MBL2 -> [LHL3, LH.SNPL3]",AL,1,AL.INP,1,LH,3,LH.SNP,3
1956820,pure_FWD,FWD->FWD,FWD,FWD,4,0,0,214,26,7.207,5291,24.724,AL.LH,2,2,2,"[ALL1, AL.PENPL1] -> AL.LHL2 -> [LH.SNPL3, MBL3]",AL,1,AL.PENP,1,LH.SNP,3,MB,3
1728560,pure_FWD,FWD->FWD,FWD,FWD,4,0,0,145,19,7.898,4605,31.759,AL.MB,2,2,2,"[ALL1, AL.INPL1] -> AL.MBL2 -> [ALL3, MBL3]",AL,1,AL.INP,1,AL,3,MB,3
1283526,pure_FWD,FWD->FWD,FWD,FWD,4,0,0,214,12,4.87,5153,24.079,AL.LH,2,2,2,"[ALL1, AL.SNPL1] -> AL.LHL2 -> [LHL3, MBL3]",AL,1,AL.SNP,1,LH,3,MB,3
1260468,pure_FWD,FWD->FWD,FWD,FWD,4,0,0,145,15,6.46,5154,35.545,AL.MB,2,2,2,"[ALL1, AL.PENPL1] -> AL.MBL2 -> [LHL3, MBL3]",AL,1,AL.PENP,1,LH,3,MB,3
1249655,pure_FWD,FWD->FWD,FWD,FWD,4,0,0,145,24,3.608,5154,35.545,AL.MB,2,2,2,"[ALL1, AL.GNGL1] -> AL.MBL2 -> [LHL3, MBL3]",AL,1,AL.GNG,1,LH,3,MB,3
1238721,pure_FWD,FWD->FWD,FWD,FWD,4,0,0,145,15,5.553,5291,36.49,AL.MB,2,2,2,"[ALL1, AL.PENPL1] -> AL.MBL2 -> [LH.SNPL3, MBL3]",AL,1,AL.PENP,1,LH.SNP,3,MB,3
1227184,pure_FWD,FWD->FWD,FWD,FWD,4,0,0,214,8,2.989,5290,24.72,AL.LH,2,2,2,"[ALL1, AL.INPL1] -> AL.LHL2 -> [LH.SNPL3, MBL3]",AL,1,AL.INP,1,LH.SNP,3,MB,3
1184737,pure_FWD,FWD->FWD,FWD,FWD,4,0,0,214,12,5.165,5290,24.72,AL.LH,2,2,2,"[ALL1, AL.SNPL1] -> AL.LHL2 -> [LH.SNPL3, MBL3]",AL,1,AL.SNP,1,LH.SNP,3,MB,3
1180336,pure_FWD,FWD->FWD,FWD,FWD,4,0,0,214,9,2.885,5153,24.079,AL.LH,2,2,2,"[ALL1, AL.INPL1] -> AL.LHL2 -> [LHL3, MBL3]",AL,1,AL.INP,1,LH,3,MB,3
1167268,pure_FWD,FWD->FWD,FWD,FWD,4,0,0,214,23,3.217,5154,24.084,AL.LH,2,2,2,"[ALL1, AL.GNGL1] -> AL.LHL2 -> [LHL3, MBL3]",AL,1,AL.GNG,1,LH,3,MB,3
1145293,pure_FWD,FWD->FWD,FWD,FWD,4,0,0,145,24,3.072,5291,36.49,AL.MB,2,2,2,"[ALL1, AL.GNGL1] -> AL.MBL2 -> [LH.SNPL3, MBL3]",AL,1,AL.GNG,1,LH.SNP,3,MB,3
1066946,pure_FWD,FWD->FWD,FWD,FWD,4,0,0,145,19,7.477,4747,32.738,AL.MB,2,2,2,"[ALL1, AL.INPL1] -> AL.MBL2 -> [INP.MBL3, MBL3]",AL,1,AL.INP,1,INP.MB,3,MB,3
1039261,pure_FWD,FWD->FWD,FWD,FWD,4,0,0,145,15,5.854,6335,43.69,AL.MB,2,2,2,"[ALL1, AL.INPL1] -> AL.MBL2 -> [MBL3, SNPL3]",AL,1,AL.INP,1,MB,3,SNP,3
985272,pure_FWD,FWD->FWD,FWD,FWD,4,0,0,214,5,2.167,5153,24.079,AL.LH,2,2,2,"[ALL1, AL.LHL1] -> AL.LHL2 -> [LHL3, MBL3]",AL,1,AL.LH,1,LH,3,MB,3
932093,pure_FWD,FWD->FWD,FWD,FWD,4,0,0,145,14,7.012,3110,21.448,AL.MB,2,2,2,"[ALL1, AL.SNPL1] -> AL.MBL2 -> [LHL3, LH.SNPL3]",AL,1,AL.SNP,1,LH,3,LH.SNP,3
885102,pure_FWD,FWD->FWD,FWD,FWD,4,0,0,214,23,3.212,5291,24.724,AL.LH,2,2,2,"[ALL1, AL.GNGL1] -> AL.LHL2 -> [LH.SNPL3, MBL3]",AL,1,AL.GNG,1,LH.SNP,3,MB,3
813341,pure_FWD,FWD->FWD,FWD,FWD,4,0,0,214,42,8.868,3111,14.537,AL.LH,2,2,2,"[ALL1, AL.PENPL1] -> AL.LHL2 -> [LHL3, LH.SNPL3]",AL,1,AL.PENP,1,LH,3,LH.SNP,3
792790,pure_FWD,FWD->FWD,FWD,FWD,4,0,0,214,23,4.531,4606,21.523,AL.LH,2,2,2,"[ALL1, AL.PENPL1] -> AL.LHL2 -> [ALL3, MBL3]",AL,1,AL.PENP,1,AL,3,MB,3
711371,pure_FWD,FWD->FWD,FWD,FWD,4,0,0,145,15,8.487,4605,31.759,AL.MB,2,2,2,"[ALL1, AL.SNPL1] -> AL.MBL2 -> [ALL3, MBL3]",AL,1,AL.SNP,1,AL,3,MB,3
689226,pure_FWD,FWD->FWD,FWD,FWD,4,0,0,214,5,2.207,5290,24.72,AL.LH,2,2,2,"[ALL1, AL.LHL1] -> AL.LHL2 -> [LH.SNPL3, MBL3]",AL,1,AL.LH,1,LH.SNP,3,MB,3
530922,pure_FWD,FWD->FWD,FWD,FWD,4,0,0,145,2,1.516,5290,36.483,AL.MB,2,2,2,"[ALL1, AL.LHL1] -> AL.MBL2 -> [LH.SNPL3, MBL3]",AL,1,AL.LH,1,LH.SNP,3,MB,3
483974,pure_FWD,FWD->FWD,FWD,FWD,4,0,0,145,15,5.307,4606,31.766,AL.MB,2,2,2,"[ALL1, AL.PENPL1] -> AL.MBL2 -> [ALL3, MBL3]",AL,1,AL.PENP,1,AL,3,MB,3
483658,pure_FWD,FWD->FWD,FWD,FWD,4,0,0,145,2,1.53,5153,35.538,AL.MB,2,2,2,"[ALL1, AL.LHL1] -> AL.MBL2 -> [LHL3, MBL3]",AL,1,AL.LH,1,LH,3,MB,3
477747,pure_FWD,FWD->FWD,FWD,FWD,4,0,0,38835,119,3.683,44311,1.141,OL,2,2,2,"[OLL1, OL.VLNPL1] -> OLL2 -> [OLL3, OL.VLNPL3]",OL,1,OL.VLNP,1,OL,3,OL.VLNP,3
467567,pure_FWD,FWD->FWD,FWD,FWD,4,0,0,214,20,5.197,4612,21.551,AL.LH,2,2,2,"[ALL1, AL.PENPL1] -> AL.LHL2 -> [LH.VLNPL3, MBL3]",AL,1,AL.PENP,1,LH.VLNP,3,MB,3
439658,pure_FWD,FWD->FWD,FWD,FWD,4,0,0,214,12,5.124,3110,14.533,AL.LH,2,2,2,"[ALL1, AL.SNPL1] -> AL.LHL2 -> [LHL3, LH.SNPL3]",AL,1,AL.SNP,1,LH,3,LH.SNP,3
436568,pure_FWD,FWD->FWD,FWD,FWD,4,0,0,145,1,1.0,5152,35.531,AL.MB,2,2,2,"[ALL1, AL.MBL1] -> AL.MBL2 -> [LHL3, MBL3]",AL,1,AL.MB,1,LH,3,MB,3
421835,pure_FWD,FWD->FWD,FWD,FWD,4,0,0,145,9,3.928,6335,43.69,AL.MB,2,2,2,"[ALL1, AL.SNPL1] -> AL.MBL2 -> [MBL3, SNPL3]",AL,1,AL.SNP,1,MB,3,SNP,3
412181,pure_FWD,FWD->FWD,FWD,FWD,4,0,0,38835,127,4.919,44270,1.14,OL,2,2,2,"[GNG.OLL1, OLL1] -> OLL2 -> [OLL3, OL.VLNPL3]",GNG.OL,1,OL,1,OL,3,OL.VLNP,3
405301,pure_FWD,FWD->FWD,FWD,FWD,4,0,0,214,10,4.774,4605,21.519,AL.LH,2,2,2,"[ALL1, AL.SNPL1] -> AL.LHL2 -> [ALL3, MBL3]",AL,1,AL.SNP,1,AL,3,MB,3
396106,pure_FWD,FWD->FWD,FWD,FWD,4,0,0,145,19,9.28,2562,17.669,AL.MB,2,2,2,"[ALL1, AL.INPL1] -> AL.MBL2 -> [ALL3, LH.SNPL3]",AL,1,AL.INP,1,AL,3,LH.SNP,3
383789,pure_FWD,FWD->FWD,FWD,FWD,4,0,0,214,31,3.409,3111,14.537,AL.LH,2,2,2,"[ALL1, AL.GNGL1] -> AL.LHL2 -> [LHL3, LH.SNPL3]",AL,1,AL.GNG,1,LH,3,LH.SNP,3
377048,pure_FWD,FWD->FWD,FWD,FWD,4,0,0,145,2,1.639,4605,31.759,AL.MB,2,2,2,"[ALL1, AL.LHL1] -> AL.MBL2 -> [ALL3, MBL3]",AL,1,AL.LH,1,AL,3,MB,3
353794,pure_FWD,FWD->FWD,FWD,FWD,4,0,0,214,9,3.567,3110,14.533,AL.LH,2,2,2,"[ALL1, AL.INPL1] -> AL.LHL2 -> [LHL3, LH.SNPL3]",AL,1,AL.INP,1,LH,3,LH.SNP,3
335353,pure_FWD,FWD->FWD,FWD,FWD,4,0,0,214,8,2.869,4605,21.519,AL.LH,2,2,2,"[ALL1, AL.INPL1] -> AL.LHL2 -> [ALL3, MBL3]",AL,1,AL.INP,1,AL,3,MB,3
334634,pure_FWD,FWD->FWD,FWD,FWD,4,0,0,145,24,3.198,3111,21.455,AL.MB,2,2,2,"[ALL1, AL.GNGL1] -> AL.MBL2 -> [LHL3, LH.SNPL3]",AL,1,AL.GNG,1,LH,3,LH.SNP,3
326342,pure_FWD,FWD->FWD,FWD,FWD,4,0,0,145,10,4.884,4579,31.579,AL.MB,2,2,2,"[ALL1, AL.INPL1] -> AL.MBL2 -> [AL.SNPL3, MBL3]",AL,1,AL.INP,1,AL.SNP,3,MB,3
322597,pure_FWD,FWD->FWD,FWD,FWD,4,0,0,214,25,5.853,2426,11.336,AL.LH,2,2,2,"[ALL1, AL.PENPL1] -> AL.LHL2 -> [ALL3, LHL3]",AL,1,AL.PENP,1,AL,3,LH,3
319440,pure_FWD,FWD->FWD,FWD,FWD,4,0,0,145,1,1.0,5289,36.476,AL.MB,2,2,2,"[ALL1, AL.MBL1] -> AL.MBL2 -> [LH.SNPL3, MBL3]",AL,1,AL.MB,1,LH.SNP,3,MB,3
319331,pure_FWD,FWD->FWD,FWD,FWD,4,0,0,145,14,7.185,4747,32.738,AL.MB,2,2,2,"[ALL1, AL.SNPL1] -> AL.MBL2 -> [INP.MBL3, MBL3]",AL,1,AL.SNP,1,INP.MB,3,MB,3
312276,pure_FWD,FWD->FWD,FWD,FWD,4,0,0,145,19,10.141,2425,16.724,AL.MB,2,2,2,"[ALL1, AL.INPL1] -> AL.MBL2 -> [ALL3, LHL3]",AL,1,AL.INP,1,AL,3,LH,3
309765,pure_FWD,FWD->FWD,FWD,FWD,4,0,0,145,14,5.384,4748,32.745,AL.MB,2,2,2,"[ALL1, AL.PENPL1] -> AL.MBL2 -> [INP.MBL3, MBL3]",AL,1,AL.PENP,1,INP.MB,3,MB,3
309402,pure_FWD,FWD->FWD,FWD,FWD,4,0,0,145,12,8.029,4643,32.021,AL.MB,2,2,2,"[ALL1, AL.INPL1] -> AL.MBL2 -> [AL.LHL3, MBL3]",AL,1,AL.INP,1,AL.LH,3,MB,3
301035,pure_FWD,FWD->FWD,FWD,FWD,4,0,0,214,18,6.79,4748,22.187,AL.LH,2,2,2,"[ALL1, AL.PENPL1] -> AL.LHL2 -> [INP.MBL3, MBL3]",AL,1,AL.PENP,1,INP.MB,3,MB,3
284428,pure_FWD,FWD->FWD,FWD,FWD,4,0,0,38835,42,3.338,33179,0.854,OL,2,2,2,"[GNG.OLL1, OL.VMNPL1] -> OLL2 -> [OLL3, OL.VLNPL3]",GNG.OL,1,OL.VMNP,1,OL,3,OL.VLNP,3
267371,pure_FWD,FWD->FWD,FWD,FWD,4,0,0,145,15,6.642,3111,21.455,AL.MB,2,2,2,"[ALL1, AL.PENPL1] -> AL.MBL2 -> [LHL3, LH.SNPL3]",AL,1,AL.PENP,1,LH,3,LH.SNP,3
248402,pure_FWD,FWD->FWD,FWD,FWD,4,0,0,145,2,1.278,4747,32.738,AL.MB,2,2,2,"[ALL1, AL.LHL1] -> AL.MBL2 -> [INP.MBL3, MBL3]",AL,1,AL.LH,1,INP.MB,3,MB,3
246369,pure_FWD,FWD->FWD,FWD,FWD,4,0,0,145,15,6.023,4292,29.6,AL.MB,2,2,2,"[ALL1, AL.INPL1] -> AL.MBL2 -> [LH.SNPL3, SNPL3]",AL,1,AL.INP,1,LH.SNP,3,SNP,3
242257,pure_FWD,FWD->FWD,FWD,FWD,4,0,0,145,19,7.955,2704,18.648,AL.MB,2,2,2,"[ALL1, AL.INPL1] -> AL.MBL2 -> [INP.MBL3, LH.SNPL3]",AL,1,AL.INP,1,INP.MB,3,LH.SNP,3
241521,pure_FWD,FWD->FWD,FWD,FWD,4,0,0,145,21,4.217,4748,32.745,AL.MB,2,2,2,"[ALL1, AL.GNGL1] -> AL.MBL2 -> [INP.MBL3, MBL3]",AL,1,AL.GNG,1,INP.MB,3,MB,3
231911,pure_FWD,FWD->FWD,FWD,FWD,4,0,0,145,24,4.719,4606,31.766,AL.MB,2,2,2,"[ALL1, AL.GNGL1] -> AL.MBL2 -> [ALL3, MBL3]",AL,1,AL.GNG,1,AL,3,MB,3
231889,pure_FWD,FWD->FWD,FWD,FWD,4,0,0,214,21,3.167,4606,21.523,AL.LH,2,2,2,"[ALL1, AL.GNGL1] -> AL.LHL2 -> [ALL3, MBL3]",AL,1,AL.GNG,1,AL,3,MB,3
227443,pure_FWD,FWD->FWD,FWD,FWD,4,0,0,38835,104,4.7,42830,1.103,OL,2,2,2,"[OLL1, OL.VMNPL1] -> OLL2 -> [OLL3, OL.VMNPL3]",OL,1,OL.VMNP,1,OL,3,OL.VMNP,3
225107,pure_FWD,FWD->FWD,FWD,FWD,4,0,0,38835,33,2.366,33220,0.855,OL,2,2,2,"[OL.VLNPL1, OL.VMNPL1] -> OLL2 -> [OLL3, OL.VLNPL3]",OL.VLNP,1,OL.VMNP,1,OL,3,OL.VLNP,3
217104,pure_FWD,FWD->FWD,FWD,FWD,4,0,0,145,12,7.872,4643,32.021,AL.MB,2,2,2,"[ALL1, AL.SNPL1] -> AL.MBL2 -> [AL.LHL3, MBL3]",AL,1,AL.SNP,1,AL.LH,3,MB,3
199306,pure_FWD,FWD->FWD,FWD,FWD,4,0,0,145,6,3.112,4662,32.152,AL.MB,2,2,2,"[ALL1, AL.INPL1] -> AL.MBL2 -> [MBL3, MB.SNPL3]",AL,1,AL.INP,1,MB,3,MB.SNP,3
194937,pure_FWD,FWD->FWD,FWD,FWD,4,0,0,145,19,8.629,2567,17.703,AL.MB,2,2,2,"[ALL1, AL.INPL1] -> AL.MBL2 -> [INP.MBL3, LHL3]",AL,1,AL.INP,1,INP.MB,3,LH,3
190122,pure_FWD,FWD->FWD,FWD,FWD,4,0,0,145,15,6.546,4155,28.655,AL.MB,2,2,2,"[ALL1, AL.INPL1] -> AL.MBL2 -> [LHL3, SNPL3]",AL,1,AL.INP,1,LH,3,SNP,3
185470,pure_FWD,FWD->FWD,FWD,FWD,4,0,0,214,4,2.138,4611,21.547,AL.LH,2,2,2,"[ALL1, AL.LHL1] -> AL.LHL2 -> [LH.VLNPL3, MBL3]",AL,1,AL.LH,1,LH.VLNP,3,MB,3
183438,pure_FWD,FWD->FWD,FWD,FWD,4,0,0,145,14,8.133,2562,17.669,AL.MB,2,2,2,"[ALL1, AL.SNPL1] -> AL.MBL2 -> [ALL3, LH.SNPL3]",AL,1,AL.SNP,1,AL,3,LH.SNP,3
182732,pure_FWD,FWD->FWD,FWD,FWD,4,0,0,214,25,6.375,2563,11.977,AL.LH,2,2,2,"[ALL1, AL.PENPL1] -> AL.LHL2 -> [ALL3, LH.SNPL3]",AL,1,AL.PENP,1,AL,3,LH.SNP,3
179418,pure_FWD,FWD->FWD,FWD,FWD,4,0,0,214,8,2.529,3110,14.533,AL.LH,2,2,2,"[ALL1, AL.LHL1] -> AL.LHL2 -> [LHL3, LH.SNPL3]",AL,1,AL.LH,1,LH,3,LH.SNP,3
175178,pure_FWD,FWD->FWD,FWD,FWD,4,0,0,214,16,2.517,4748,22.187,AL.LH,2,2,2,"[ALL1, AL.GNGL1] -> AL.LHL2 -> [INP.MBL3, MBL3]",AL,1,AL.GNG,1,INP.MB,3,MB,3
172049,pure_FWD,FWD->FWD,FWD,FWD,4,0,0,214,27,6.263,2432,11.364,AL.LH,2,2,2,"[ALL1, AL.PENPL1] -> AL.LHL2 -> [LHL3, LH.VLNPL3]",AL,1,AL.PENP,1,LH,3,LH.VLNP,3
154071,pure_FWD,FWD->FWD,FWD,FWD,4,0,0,214,11,4.766,6336,29.607,AL.LH,2,2,2,"[ALL1, AL.PENPL1] -> AL.LHL2 -> [MBL3, SNPL3]",AL,1,AL.PENP,1,MB,3,SNP,3
153694,pure_FWD,FWD->FWD,FWD,FWD,4,0,0,145,15,8.926,2425,16.724,AL.MB,2,2,2,"[ALL1, AL.SNPL1] -> AL.MBL2 -> [ALL3, LHL3]",AL,1,AL.SNP,1,AL,3,LH,3
147906,pure_FWD,FWD->FWD,FWD,FWD,4,0,0,214,14,2.041,4612,21.551,AL.LH,2,2,2,"[ALL1, AL.GNGL1] -> AL.LHL2 -> [LH.VLNPL3, MBL3]",AL,1,AL.GNG,1,LH.VLNP,3,MB,3
142200,pure_FWD,FWD->FWD,FWD,FWD,4,0,0,214,12,4.669,4747,22.182,AL.LH,2,2,2,"[ALL1, AL.SNPL1] -> AL.LHL2 -> [INP.MBL3, MBL3]",AL,1,AL.SNP,1,INP.MB,3,MB,3
138298,pure_FWD,FWD->FWD,FWD,FWD,4,0,0,214,10,5.127,2425,11.332,AL.LH,2,2,2,"[ALL1, AL.SNPL1] -> AL.LHL2 -> [ALL3, LHL3]",AL,1,AL.SNP,1,AL,3,LH,3
134041,pure_FWD,FWD->FWD,FWD,FWD,4,0,0,145,8,4.725,4579,31.579,AL.MB,2,2,2,"[ALL1, AL.SNPL1] -> AL.MBL2 -> [AL.SNPL3, MBL3]",AL,1,AL.SNP,1,AL.SNP,3,MB,3
133409,pure_FWD,FWD->FWD,FWD,FWD,4,0,0,214,8,3.539,4643,21.696,AL.LH,2,2,2,"[ALL1, AL.INPL1] -> AL.LHL2 -> [AL.LHL3, MBL3]",AL,1,AL.INP,1,AL.LH,3,MB,3
133286,pure_FWD,FWD->FWD,FWD,FWD,4,0,0,214,5,2.177,4605,21.519,AL.LH,2,2,2,"[ALL1, AL.LHL1] -> AL.LHL2 -> [ALL3, MBL3]",AL,1,AL.LH,1,AL,3,MB,3
130804,pure_FWD,FWD->FWD,FWD,FWD,4,0,0,214,6,2.743,4747,22.182,AL.LH,2,2,2,"[ALL1, AL.INPL1] -> AL.LHL2 -> [INP.MBL3, MBL3]",AL,1,AL.INP,1,INP.MB,3,MB,3
130073,pure_FWD,FWD->FWD,FWD,FWD,4,0,0,214,6,1.715,6335,29.603,AL.LH,2,2,2,"[ALL1, AL.INPL1] -> AL.LHL2 -> [MBL3, SNPL3]",AL,1,AL.INP,1,MB,3,SNP,3
128694,pure_FWD,FWD->FWD,FWD,FWD,4,0,0,145,13,5.191,4612,31.807,AL.MB,2,2,2,"[ALL1, AL.PENPL1] -> AL.MBL2 -> [LH.VLNPL3, MBL3]",AL,1,AL.PENP,1,LH.VLNP,3,MB,3
126490,pure_FWD,FWD->FWD,FWD,FWD,4,0,0,38835,16,4.164,33201,0.855,OL,2,2,2,"[GNG.OLL1, OL.VLNPL1] -> OLL2 -> [OLL3, OL.VLNPL3]",GNG.OL,1,OL.VLNP,1,OL,3,OL.VLNP,3
124637,pure_FWD,FWD->FWD,FWD,FWD,4,0,0,38835,4,2.155,33286,0.857,OL,2,2,2,"[OL.VMNPL1, VMNPL1] -> OLL2 -> [OLL3, OL.VLNPL3]",OL.VMNP,1,VMNP,1,OL,3,OL.VLNP,3
121707,pure_FWD,FWD->FWD,FWD,FWD,4,0,0,214,11,4.028,6335,29.603,AL.LH,2,2,2,"[ALL1, AL.SNPL1] -> AL.LHL2 -> [MBL3, SNPL3]",AL,1,AL.SNP,1,MB,3,SNP,3
119773,pure_FWD,FWD->FWD,FWD,FWD,4,0,0,214,18,7.905,2568,12.0,AL.LH,2,2,2,"[ALL1, AL.PENPL1] -> AL.LHL2 -> [INP.MBL3, LHL3]",AL,1,AL.PENP,1,INP.MB,3,LH,3
118219,pure_FWD,FWD->FWD,FWD,FWD,4,0,0,214,10,6.564,2562,11.972,AL.LH,2,2,2,"[ALL1, AL.SNPL1] -> AL.LHL2 -> [ALL3, LH.SNPL3]",AL,1,AL.SNP,1,AL,3,LH.SNP,3
116407,pure_FWD,FWD->FWD,FWD,FWD,4,0,0,38835,3,2.37,44377,1.143,OL,2,2,2,"[OLL1, VMNPL1] -> OLL2 -> [OLL3, OL.VLNPL3]",OL,1,VMNP,1,OL,3,OL.VLNP,3
115500,pure_FWD,FWD->FWD,FWD,FWD,4,0,0,145,1,1.0,5288,36.469,AL.MB,2,2,2,"[ALL1, LHL1] -> AL.MBL2 -> [LH.SNPL3, MBL3]",AL,1,LH,1,LH.SNP,3,MB,3
112993,pure_FWD,FWD->FWD,FWD,FWD,4,0,0,214,7,4.779,4643,21.696,AL.LH,2,2,2,"[ALL1, AL.SNPL1] -> AL.LHL2 -> [AL.LHL3, MBL3]",AL,1,AL.SNP,1,AL.LH,3,MB,3
112553,pure_FWD,FWD->FWD,FWD,FWD,4,0,0,145,9,4.259,4292,29.6,AL.MB,2,2,2,"[ALL1, AL.SNPL1] -> AL.MBL2 -> [LH.SNPL3, SNPL3]",AL,1,AL.SNP,1,LH.SNP,3,SNP,3
112280,pure_FWD,FWD->FWD,FWD,FWD,4,0,0,145,5,2.183,6336,43.697,AL.MB,2,2,2,"[ALL1, AL.GNGL1] -> AL.MBL2 -> [MBL3, SNPL3]",AL,1,AL.GNG,1,MB,3,SNP,3
108240,pure_FWD,FWD->FWD,FWD,FWD,4,0,0,145,1,1.0,3109,21.441,AL.MB,2,2,2,"[ALL1, AL.MBL1] -> AL.MBL2 -> [LHL3, LH.SNPL3]",AL,1,AL.MB,1,LH,3,LH.SNP,3
107800,pure_FWD,FWD->FWD,FWD,FWD,4,0,0,145,1,1.0,5151,35.524,AL.MB,2,2,2,"[ALL1, LHL1] -> AL.MBL2 -> [LHL3, MBL3]",AL,1,LH,1,LH,3,MB,3
106010,pure_FWD,FWD->FWD,FWD,FWD,4,0,0,145,12,3.404,4644,32.028,AL.MB,2,2,2,"[ALL1, AL.PENPL1] -> AL.MBL2 -> [AL.LHL3, MBL3]",AL,1,AL.PENP,1,AL.LH,3,MB,3
105196,pure_FWD,FWD->FWD,FWD,FWD,4,0,0,214,28,6.281,2569,12.005,AL.LH,2,2,2,"[ALL1, AL.PENPL1] -> AL.LHL2 -> [LH.SNPL3, LH.VLNPL3]",AL,1,AL.PENP,1,LH.SNP,3,LH.VLNP,3
102806,pure_FWD,FWD->FWD,FWD,FWD,4,0,0,145,7,3.397,4611,31.8,AL.MB,2,2,2,"[ALL1, AL.INPL1] -> AL.MBL2 -> [LH.VLNPL3, MBL3]",AL,1,AL.INP,1,LH.VLNP,3,MB,3
101762,pure_FWD,FWD->FWD,FWD,FWD,4,0,0,214,4,2.003,4747,22.182,AL.LH,2,2,2,"[ALL1, AL.LHL1] -> AL.LHL2 -> [INP.MBL3, MBL3]",AL,1,AL.LH,1,INP.MB,3,MB,3
101080,pure_FWD,FWD->FWD,FWD,FWD,4,0,0,38835,2,1.864,33265,0.857,OL,2,2,2,"[GNG.VLNPL1, VMNPL1] -> OLL2 -> [OLL3, OL.VLNPL3]",GNG.VLNP,1,VMNP,1,OL,3,OL.VLNP,3
100100,pure_FWD,FWD->FWD,FWD,FWD,4,0,0,145,1,1.0,4603,31.745,AL.MB,2,2,2,"[ALL1, LHL1] -> AL.MBL2 -> [ALL3, MBL3]",AL,1,LH,1,AL,3,MB,3
99079,pure_FWD,FWD->FWD,FWD,FWD,4,0,0,214,7,3.84,2562,11.972,AL.LH,2,2,2,"[ALL1, AL.INPL1] -> AL.LHL2 -> [ALL3, LH.SNPL3]",AL,1,AL.INP,1,AL,3,LH.SNP,3
98155,pure_FWD,FWD->FWD,FWD,FWD,4,0,0,214,25,3.554,2426,11.336,AL.LH,2,2,2,"[ALL1, AL.GNGL1] -> AL.LHL2 -> [ALL3, LHL3]",AL,1,AL.GNG,1,AL,3,LH,3
96747,pure_FWD,FWD->FWD,FWD,FWD,4,0,0,214,8,3.647,2425,11.332,AL.LH,2,2,2,"[ALL1, AL.INPL1] -> AL.LHL2 -> [ALL3, LHL3]",AL,1,AL.INP,1,AL,3,LH,3
90737,pure_FWD,FWD->FWD,FWD,FWD,4,0,0,145,15,7.444,2426,16.731,AL.MB,2,2,2,"[ALL1, AL.PENPL1] -> AL.MBL2 -> [ALL3, LHL3]",AL,1,AL.PENP,1,AL,3,LH,3
87995,pure_FWD,FWD->FWD,FWD,FWD,4,0,0,145,15,6.277,2563,17.676,AL.MB,2,2,2,"[ALL1, AL.PENPL1] -> AL.MBL2 -> [ALL3, LH.SNPL3]",AL,1,AL.PENP,1,AL,3,LH.SNP,3
87750,pure_FWD,FWD->FWD,FWD,FWD,4,0,0,145,9,4.681,4155,28.655,AL.MB,2,2,2,"[ALL1, AL.SNPL1] -> AL.MBL2 -> [LHL3, SNPL3]",AL,1,AL.SNP,1,LH,3,SNP,3
86374,pure_FWD,FWD->FWD,FWD,FWD,4,0,0,214,12,2.117,6336,29.607,AL.LH,2,2,2,"[ALL1, AL.GNGL1] -> AL.LHL2 -> [MBL3, SNPL3]",AL,1,AL.GNG,1,MB,3,SNP,3
84705,pure_FWD,FWD->FWD,FWD,FWD,4,0,0,214,6,2.673,4611,21.547,AL.LH,2,2,2,"[ALL1, AL.SNPL1] -> AL.LHL2 -> [LH.VLNPL3, MBL3]",AL,1,AL.SNP,1,LH.VLNP,3,MB,3
81269,pure_FWD,FWD->FWD,FWD,FWD,4,0,0,38835,54,2.835,42852,1.103,OL,2,2,2,"[OLL1, OL.VLNPL1] -> OLL2 -> [OLL3, OL.VMNPL3]",OL,1,OL.VLNP,1,OL,3,OL.VMNP,3
78207,pure_FWD,FWD->FWD,FWD,FWD,4,0,0,214,16,2.45,2568,12.0,AL.LH,2,2,2,"[ALL1, AL.GNGL1] -> AL.LHL2 -> [INP.MBL3, LHL3]",AL,1,AL.GNG,1,INP.MB,3,LH,3
78201,pure_FWD,FWD->FWD,FWD,FWD,4,0,0,145,13,5.715,2704,18.648,AL.MB,2,2,2,"[ALL1, AL.SNPL1] -> AL.MBL2 -> [INP.MBL3, LH.SNPL3]",AL,1,AL.SNP,1,INP.MB,3,LH.SNP,3
77212,pure_FWD,FWD->FWD,FWD,FWD,4,0,0,214,25,3.113,2563,11.977,AL.LH,2,2,2,"[ALL1, AL.GNGL1] -> AL.LHL2 -> [ALL3, LH.SNPL3]",AL,1,AL.GNG,1,AL,3,LH.SNP,3
74536,pure_FWD,FWD->FWD,FWD,FWD,4,0,0,145,1,1.0,4604,31.752,AL.MB,2,2,2,"[ALL1, AL.MBL1] -> AL.MBL2 -> [ALL3, MBL3]",AL,1,AL.MB,1,AL,3,MB,3
74494,pure_FWD,FWD->FWD,FWD,FWD,4,0,0,145,10,5.67,2536,17.49,AL.MB,2,2,2,"[ALL1, AL.INPL1] -> AL.MBL2 -> [AL.SNPL3, LH.SNPL3]",AL,1,AL.INP,1,AL.SNP,3,LH.SNP,3
73768,pure_FWD,FWD->FWD,FWD,FWD,4,0,0,145,12,8.518,2600,17.931,AL.MB,2,2,2,"[ALL1, AL.INPL1] -> AL.MBL2 -> [AL.LHL3, LH.SNPL3]",AL,1,AL.INP,1,AL.LH,3,LH.SNP,3
73147,pure_FWD,FWD->FWD,FWD,FWD,4,0,0,214,7,2.964,5321,24.864,AL.LH,2,2,2,"[ALL1, AL.PENPL1] -> AL.LHL2 -> [MBL3, VLNPL3]",AL,1,AL.PENP,1,MB,3,VLNP,3
72758,pure_FWD,FWD->FWD,FWD,FWD,4,0,0,145,14,5.927,2567,17.703,AL.MB,2,2,2,"[ALL1, AL.SNPL1] -> AL.MBL2 -> [INP.MBL3, LHL3]",AL,1,AL.SNP,1,INP.MB,3,LH,3
72272,pure_FWD,FWD->FWD,FWD,FWD,4,0,0,214,18,6.967,2705,12.64,AL.LH,2,2,2,"[ALL1, AL.PENPL1] -> AL.LHL2 -> [INP.MBL3, LH.SNPL3]",AL,1,AL.PENP,1,INP.MB,3,LH.SNP,3
70364,pure_FWD,FWD->FWD,FWD,FWD,4,0,0,145,2,1.969,4611,31.8,AL.MB,2,2,2,"[ALL1, AL.LHL1] -> AL.MBL2 -> [LH.VLNPL3, MBL3]",AL,1,AL.LH,1,LH.VLNP,3,MB,3
70146,pure_FWD,FWD->FWD,FWD,FWD,4,0,0,145,21,4.193,2568,17.71,AL.MB,2,2,2,"[ALL1, AL.GNGL1] -> AL.MBL2 -> [INP.MBL3, LHL3]",AL,1,AL.GNG,1,INP.MB,3,LH,3
70103,pure_FWD,FWD->FWD,FWD,FWD,4,0,0,145,10,3.747,3491,24.076,AL.MB,2,2,2,"[AL.INPL1, AL.SNPL1] -> AL.MBL2 -> [LH.SNPL3, MBL3]",AL.INP,1,AL.SNP,1,LH.SNP,3,MB,3
68690,pure_FWD,FWD->FWD,FWD,FWD,4,0,0,145,7,3.391,6336,43.697,AL.MB,2,2,2,"[ALL1, AL.PENPL1] -> AL.MBL2 -> [MBL3, SNPL3]",AL,1,AL.PENP,1,MB,3,SNP,3
67944,pure_FWD,FWD->FWD,FWD,FWD,4,0,0,145,24,4.375,2426,16.731,AL.MB,2,2,2,"[ALL1, AL.GNGL1] -> AL.MBL2 -> [ALL3, LHL3]",AL,1,AL.GNG,1,AL,3,LH,3
67834,pure_FWD,FWD->FWD,FWD,FWD,4,0,0,214,23,6.025,4156,19.421,AL.LH,2,2,2,"[ALL1, AL.PENPL1] -> AL.LHL2 -> [LHL3, SNPL3]",AL,1,AL.PENP,1,LH,3,SNP,3
67661,pure_FWD,FWD->FWD,FWD,FWD,4,0,0,214,13,4.928,4644,21.701,AL.LH,2,2,2,"[ALL1, AL.PENPL1] -> AL.LHL2 -> [AL.LHL3, MBL3]",AL,1,AL.PENP,1,AL.LH,3,MB,3
65646,pure_FWD,FWD->FWD,FWD,FWD,4,0,0,145,19,4.591,4612,31.807,AL.MB,2,2,2,"[ALL1, AL.GNGL1] -> AL.MBL2 -> [LH.VLNPL3, MBL3]",AL,1,AL.GNG,1,LH.VLNP,3,MB,3
65370,pure_FWD,FWD->FWD,FWD,FWD,4,0,0,214,6,2.679,4587,21.435,AL.LH,2,2,2,"[ALL1, AL.PENPL1] -> AL.LHL2 -> [INP.LHL3, MBL3]",AL,1,AL.PENP,1,INP.LH,3,MB,3
64996,pure_FWD,FWD->FWD,FWD,FWD,4,0,0,145,3,1.665,4662,32.152,AL.MB,2,2,2,"[ALL1, AL.SNPL1] -> AL.MBL2 -> [MBL3, MB.SNPL3]",AL,1,AL.SNP,1,MB,3,MB.SNP,3
64974,pure_FWD,FWD->FWD,FWD,FWD,4,0,0,145,2,1.539,3110,21.448,AL.MB,2,2,2,"[ALL1, AL.LHL1] -> AL.MBL2 -> [LHL3, LH.SNPL3]",AL,1,AL.LH,1,LH,3,LH.SNP,3
64853,pure_FWD,FWD->FWD,FWD,FWD,4,0,0,145,21,3.613,2705,18.655,AL.MB,2,2,2,"[ALL1, AL.GNGL1] -> AL.MBL2 -> [INP.MBL3, LH.SNPL3]",AL,1,AL.GNG,1,INP.MB,3,LH.SNP,3
64731,pure_FWD,FWD->FWD,FWD,FWD,4,0,0,214,16,2.216,2705,12.64,AL.LH,2,2,2,"[ALL1, AL.GNGL1] -> AL.LHL2 -> [INP.MBL3, LH.SNPL3]",AL,1,AL.GNG,1,INP.MB,3,LH.SNP,3
63888,pure_FWD,FWD->FWD,FWD,FWD,4,0,0,145,1,1.0,4746,32.731,AL.MB,2,2,2,"[ALL1, AL.MBL1] -> AL.MBL2 -> [INP.MBL3, MBL3]",AL,1,AL.MB,1,INP.MB,3,MB,3
63888,pure_FWD,FWD->FWD,FWD,FWD,4,0,0,145,1,1.0,6334,43.683,AL.MB,2,2,2,"[ALL1, AL.MBL1] -> AL.MBL2 -> [MBL3, SNPL3]",AL,1,AL.MB,1,MB,3,SNP,3
62521,pure_FWD,FWD->FWD,FWD,FWD,4,0,0,38835,19,4.433,43473,1.119,OL,2,2,2,"[OLL1, OL.VMNPL1] -> OLL2 -> [OLL3, VLNPL3]",OL,1,OL.VMNP,1,OL,3,VLNP,3
62274,pure_FWD,FWD->FWD,FWD,FWD,4,0,0,145,12,8.611,2463,16.986,AL.MB,2,2,2,"[ALL1, AL.INPL1] -> AL.MBL2 -> [AL.LHL3, LHL3]",AL,1,AL.INP,1,AL.LH,3,LH,3
59379,pure_FWD,FWD->FWD,FWD,FWD,4,0,0,145,24,3.996,2563,17.676,AL.MB,2,2,2,"[ALL1, AL.GNGL1] -> AL.MBL2 -> [ALL3, LH.SNPL3]",AL,1,AL.GNG,1,AL,3,LH.SNP,3
58462,pure_FWD,FWD->FWD,FWD,FWD,4,0,0,145,14,7.929,2568,17.71,AL.MB,2,2,2,"[ALL1, AL.PENPL1] -> AL.MBL2 -> [INP.MBL3, LHL3]",AL,1,AL.PENP,1,INP.MB,3,LH,3
57150,pure_FWD,FWD->FWD,FWD,FWD,4,0,0,145,14,6.851,2705,18.655,AL.MB,2,2,2,"[ALL1, AL.PENPL1] -> AL.MBL2 -> [INP.MBL3, LH.SNPL3]",AL,1,AL.PENP,1,INP.MB,3,LH.SNP,3
56965,pure_FWD,FWD->FWD,FWD,FWD,4,0,0,145,10,5.987,2399,16.545,AL.MB,2,2,2,"[ALL1, AL.INPL1] -> AL.MBL2 -> [AL.SNPL3, LHL3]",AL,1,AL.INP,1,AL.SNP,3,LH,3
55397,pure_FWD,FWD->FWD,FWD,FWD,4,0,0,145,12,7.907,2600,17.931,AL.MB,2,2,2,"[ALL1, AL.SNPL1] -> AL.MBL2 -> [AL.LHL3, LH.SNPL3]",AL,1,AL.SNP,1,AL.LH,3,LH.SNP,3
54549,pure_FWD,FWD->FWD,FWD,FWD,4,0,0,145,10,4.316,3354,23.131,AL.MB,2,2,2,"[AL.INPL1, AL.SNPL1] -> AL.MBL2 -> [LHL3, MBL3]",AL.INP,1,AL.SNP,1,LH,3,MB,3
54290,pure_FWD,FWD->FWD,FWD,FWD,4,0,0,214,12,4.689,2567,11.995,AL.LH,2,2,2,"[ALL1, AL.SNPL1] -> AL.LHL2 -> [INP.MBL3, LHL3]",AL,1,AL.SNP,1,INP.MB,3,LH,3
54192,pure_FWD,FWD->FWD,FWD,FWD,4,0,0,38835,19,2.697,42811,1.102,OL,2,2,2,"[GNG.OLL1, OLL1] -> OLL2 -> [OLL3, OL.VMNPL3]",GNG.OL,1,OL,1,OL,3,OL.VMNP,3
53811,pure_FWD,FWD->FWD,FWD,FWD,4,0,0,214,16,2.762,2432,11.364,AL.LH,2,2,2,"[ALL1, AL.GNGL1] -> AL.LHL2 -> [LHL3, LH.VLNPL3]",AL,1,AL.GNG,1,LH,3,LH.VLNP,3
52674,pure_FWD,FWD->FWD,FWD,FWD,4,0,0,145,5,2.879,4611,31.8,AL.MB,2,2,2,"[ALL1, AL.SNPL1] -> AL.MBL2 -> [LH.VLNPL3, MBL3]",AL,1,AL.SNP,1,LH.VLNP,3,MB,3
51369,pure_FWD,FWD->FWD,FWD,FWD,4,0,0,214,12,5.031,2704,12.636,AL.LH,2,2,2,"[ALL1, AL.SNPL1] -> AL.LHL2 -> [INP.MBL3, LH.SNPL3]",AL,1,AL.SNP,1,INP.MB,3,LH.SNP,3
50694,pure_FWD,FWD->FWD,FWD,FWD,4,0,0,145,2,1.649,2562,17.669,AL.MB,2,2,2,"[ALL1, AL.LHL1] -> AL.MBL2 -> [ALL3, LH.SNPL3]",AL,1,AL.LH,1,AL,3,LH.SNP,3
50540,pure_FWD,FWD->FWD,FWD,FWD,4,0,0,38835,2,1.864,33267,0.857,OL,2,2,2,"[GNG.OLL1, VMNPL1] -> OLL2 -> [OLL3, OL.VLNPL3]",GNG.OL,1,VMNP,1,OL,3,OL.VLNP,3
50540,pure_FWD,FWD->FWD,FWD,FWD,4,0,0,38835,2,1.864,33291,0.857,OL,2,2,2,"[GNG.VMNPL1, VMNPL1] -> OLL2 -> [OLL3, OL.VLNPL3]",GNG.VMNP,1,VMNP,1,OL,3,OL.VLNP,3
50540,pure_FWD,FWD->FWD,FWD,FWD,4,0,0,38835,2,1.864,33271,0.857,OL,2,2,2,"[LX.VLNPL1, VMNPL1] -> OLL2 -> [OLL3, OL.VLNPL3]",LX.VLNP,1,VMNP,1,OL,3,OL.VLNP,3
49060,pure_FWD,FWD->FWD,FWD,FWD,4,0,0,38835,2,1.968,33177,0.854,OL,2,2,2,"[GNG.VLNPL1, OL.VMNPL1] -> OLL2 -> [OLL3, OL.VLNPL3]",GNG.VLNP,1,OL.VMNP,1,OL,3,OL.VLNP,3
48134,pure_FWD,FWD->FWD,FWD,FWD,4,0,0,145,12,8.071,2463,16.986,AL.MB,2,2,2,"[ALL1, AL.SNPL1] -> AL.MBL2 -> [AL.LHL3, LHL3]",AL,1,AL.SNP,1,AL.LH,3,LH,3
47264,pure_FWD,FWD->FWD,FWD,FWD,4,0,0,145,2,1.375,6335,43.69,AL.MB,2,2,2,"[ALL1, AL.LHL1] -> AL.MBL2 -> [MBL3, SNPL3]",AL,1,AL.LH,1,MB,3,SNP,3
46256,pure_FWD,FWD->FWD,FWD,FWD,4,0,0,145,2,1.664,2425,16.724,AL.MB,2,2,2,"[ALL1, AL.LHL1] -> AL.MBL2 -> [ALL3, LHL3]",AL,1,AL.LH,1,AL,3,LH,3
45972,pure_FWD,FWD->FWD,FWD,FWD,4,0,0,214,5,2.277,2431,11.36,AL.LH,2,2,2,"[ALL1, AL.LHL1] -> AL.LHL2 -> [LHL3, LH.VLNPL3]",AL,1,AL.LH,1,LH,3,LH.VLNP,3
45794,pure_FWD,FWD->FWD,FWD,FWD,4,0,0,214,22,4.156,1884,8.804,AL.LH,2,2,2,"[ALL1, AL.PENPL1] -> AL.LHL2 -> [ALL3, LH.VLNPL3]",AL,1,AL.PENP,1,AL,3,LH.VLNP,3
45609,pure_FWD,FWD->FWD,FWD,FWD,4,0,0,214,12,4.213,4292,20.056,AL.LH,2,2,2,"[ALL1, AL.SNPL1] -> AL.LHL2 -> [LH.SNPL3, SNPL3]",AL,1,AL.SNP,1,LH.SNP,3,SNP,3
44579,pure_FWD,FWD->FWD,FWD,FWD,4,0,0,214,22,6.32,4293,20.061,AL.LH,2,2,2,"[ALL1, AL.PENPL1] -> AL.LHL2 -> [LH.SNPL3, SNPL3]",AL,1,AL.PENP,1,LH.SNP,3,SNP,3
42882,pure_FWD,FWD->FWD,FWD,FWD,4,0,0,145,2,1.988,4586,31.628,AL.MB,2,2,2,"[ALL1, AL.LHL1] -> AL.MBL2 -> [INP.LHL3, MBL3]",AL,1,AL.LH,1,INP.LH,3,MB,3
42614,pure_FWD,FWD->FWD,FWD,FWD,4,0,0,145,6,2.885,2619,18.062,AL.MB,2,2,2,"[ALL1, AL.INPL1] -> AL.MBL2 -> [LH.SNPL3, MB.SNPL3]",AL,1,AL.INP,1,LH.SNP,3,MB.SNP,3
42469,pure_FWD,FWD->FWD,FWD,FWD,4,0,0,214,11,4.405,4155,19.416,AL.LH,2,2,2,"[ALL1, AL.SNPL1] -> AL.LHL2 -> [LHL3, SNPL3]",AL,1,AL.SNP,1,LH,3,SNP,3
42249,pure_FWD,FWD->FWD,FWD,FWD,4,0,0,187,10,1.369,33291,178.027,OL.VMNP,2,2,2,"[GNG.VMNPL1, VMNPL1] -> OL.VMNPL2 -> [OLL3, OL.VLNPL3]",GNG.VMNP,1,VMNP,1,OL,3,OL.VLNP,3
42108,pure_FWD,FWD->FWD,FWD,FWD,4,0,0,214,7,4.691,2600,12.15,AL.LH,2,2,2,"[ALL1, AL.INPL1] -> AL.LHL2 -> [AL.LHL3, LH.SNPL3]",AL,1,AL.INP,1,AL.LH,3,LH.SNP,3
40248,pure_FWD,FWD->FWD,FWD,FWD,4,0,0,214,18,2.267,4156,19.421,AL.LH,2,2,2,"[ALL1, AL.GNGL1] -> AL.LHL2 -> [LHL3, SNPL3]",AL,1,AL.GNG,1,LH,3,SNP,3
40204,pure_FWD,FWD->FWD,FWD,FWD,4,0,0,214,9,4.325,2463,11.509,AL.LH,2,2,2,"[ALL1, AL.INPL1] -> AL.LHL2 -> [AL.LHL3, LHL3]",AL,1,AL.INP,1,AL.LH,3,LH,3
40104,pure_FWD,FWD->FWD,FWD,FWD,4,0,0,214,6,2.772,2567,11.995,AL.LH,2,2,2,"[ALL1, AL.INPL1] -> AL.LHL2 -> [INP.MBL3, LHL3]",AL,1,AL.INP,1,INP.MB,3,LH,3
39956,pure_FWD,FWD->FWD,FWD,FWD,4,0,0,38835,41,1.816,31761,0.818,OL,2,2,2,"[OL.VLNPL1, OL.VMNPL1] -> OLL2 -> [OLL3, OL.VMNPL3]",OL.VLNP,1,OL.VMNP,1,OL,3,OL.VMNP,3
39840,pure_FWD,FWD->FWD,FWD,FWD,4,0,0,38835,2,1.989,44268,1.14,OL,2,2,2,"[GNG.VLNPL1, OLL1] -> OLL2 -> [OLL3, OL.VLNPL3]",GNG.VLNP,1,OL,1,OL,3,OL.VLNP,3
39536,pure_FWD,FWD->FWD,FWD,FWD,4,0,0,214,6,3.143,2704,12.636,AL.LH,2,2,2,"[ALL1, AL.INPL1] -> AL.LHL2 -> [INP.MBL3, LH.SNPL3]",AL,1,AL.INP,1,INP.MB,3,LH.SNP,3
39459,pure_FWD,FWD->FWD,FWD,FWD,4,0,0,214,16,2.715,2569,12.005,AL.LH,2,2,2,"[ALL1, AL.GNGL1] -> AL.LHL2 -> [LH.SNPL3, LH.VLNPL3]",AL,1,AL.GNG,1,LH.SNP,3,LH.VLNP,3
38493,pure_FWD,FWD->FWD,FWD,FWD,4,0,0,214,6,2.873,2425,11.332,AL.LH,2,2,2,"[ALL1, AL.LHL1] -> AL.LHL2 -> [ALL3, LHL3]",AL,1,AL.LH,1,AL,3,LH,3
38418,pure_FWD,FWD->FWD,FWD,FWD,4,0,0,38835,25,1.997,31720,0.817,OL,2,2,2,"[GNG.OLL1, OL.VMNPL1] -> OLL2 -> [OLL3, OL.VMNPL3]",GNG.OL,1,OL.VMNP,1,OL,3,OL.VMNP,3
37972,pure_FWD,FWD->FWD,FWD,FWD,4,0,0,145,19,9.268,2019,13.924,AL.MB,2,2,2,"[ALL1, AL.INPL1] -> AL.MBL2 -> [ALL3, INP.MBL3]",AL,1,AL.INP,1,AL,3,INP.MB,3
36880,pure_FWD,FWD->FWD,FWD,FWD,4,0,0,38835,1,1.0,33308,0.858,OL,2,2,2,"[OL.VLNPL1, VMNPL1] -> OLL2 -> [OLL3, OL.VLNPL3]",OL.VLNP,1,VMNP,1,OL,3,OL.VLNP,3
36564,pure_FWD,FWD->FWD,FWD,FWD,4,0,0,214,3,2.075,4657,21.762,AL.LH,2,2,2,"[ALL1, AL.PENPL1] -> AL.LHL2 -> [MBL3, MB.VLNPL3]",AL,1,AL.PENP,1,MB,3,MB.VLNP,3
36406,pure_FWD,FWD->FWD,FWD,FWD,4,0,0,491,6,1.385,33231,67.68,OL.VLNP,2,2,2,"[GNG.OLL1, VLNPL1] -> OL.VLNPL2 -> [OLL3, OL.VLNPL3]",GNG.OL,1,VLNP,1,OL,3,OL.VLNP,3
36079,pure_FWD,FWD->FWD,FWD,FWD,4,0,0,145,15,8.012,3607,24.876,AL.MB,2,2,2,"[ALL1, AL.INPL1] -> AL.MBL2 -> [ALL3, SNPL3]",AL,1,AL.INP,1,AL,3,SNP,3
35862,pure_FWD,FWD->FWD,FWD,FWD,4,0,0,214,2,1.998,4727,22.089,AL.LH,2,2,2,"[ALL1, AL.PENPL1] -> AL.LHL2 -> [INPL3, MBL3]",AL,1,AL.PENP,1,INP,3,MB,3
35728,pure_FWD,FWD->FWD,FWD,FWD,4,0,0,214,7,4.909,2600,12.15,AL.LH,2,2,2,"[ALL1, AL.SNPL1] -> AL.LHL2 -> [AL.LHL3, LH.SNPL3]",AL,1,AL.SNP,1,AL.LH,3,LH.SNP,3
35693,pure_FWD,FWD->FWD,FWD,FWD,4,0,0,491,8,1.332,44341,90.308,OL.VLNP,2,2,2,"[OLL1, VLNPL1] -> OL.VLNPL2 -> [OLL3, OL.VLNPL3]",OL,1,VLNP,1,OL,3,OL.VLNP,3
35014,pure_FWD,FWD->FWD,FWD,FWD,4,0,0,214,6,3.254,2431,11.36,AL.LH,2,2,2,"[ALL1, AL.SNPL1] -> AL.LHL2 -> [LHL3, LH.VLNPL3]",AL,1,AL.SNP,1,LH,3,LH.VLNP,3
34938,pure_FWD,FWD->FWD,FWD,FWD,4,0,0,214,18,2.17,4293,20.061,AL.LH,2,2,2,"[ALL1, AL.GNGL1] -> AL.LHL2 -> [LH.SNPL3, SNPL3]",AL,1,AL.GNG,1,LH.SNP,3,SNP,3
34828,pure_FWD,FWD->FWD,FWD,FWD,4,0,0,214,16,4.786,3141,14.678,AL.LH,2,2,2,"[ALL1, AL.PENPL1] -> AL.LHL2 -> [LHL3, VLNPL3]",AL,1,AL.PENP,1,LH,3,VLNP,3
34785,pure_FWD,FWD->FWD,FWD,FWD,4,0,0,214,7,4.405,2463,11.509,AL.LH,2,2,2,"[ALL1, AL.SNPL1] -> AL.LHL2 -> [AL.LHL3, LHL3]",AL,1,AL.SNP,1,AL.LH,3,LH,3
34718,pure_FWD,FWD->FWD,FWD,FWD,4,0,0,214,7,2.255,4292,20.056,AL.LH,2,2,2,"[ALL1, AL.INPL1] -> AL.LHL2 -> [LH.SNPL3, SNPL3]",AL,1,AL.INP,1,LH.SNP,3,SNP,3
34378,pure_FWD,FWD->FWD,FWD,FWD,4,0,0,145,5,2.007,4156,28.662,AL.MB,2,2,2,"[ALL1, AL.GNGL1] -> AL.MBL2 -> [LHL3, SNPL3]",AL,1,AL.GNG,1,LH,3,SNP,3
34258,pure_FWD,FWD->FWD,FWD,FWD,4,0,0,187,2,1.963,33353,178.358,OL.VMNP,2,2,2,"[GNGL1, VMNPL1] -> OL.VMNPL2 -> [OLL3, OL.VLNPL3]",GNG,1,VMNP,1,OL,3,OL.VLNP,3
33834,pure_FWD,FWD->FWD,FWD,FWD,4,0,0,491,6,1.199,33250,67.719,OL.VLNP,2,2,2,"[OL.VMNPL1, VLNPL1] -> OL.VLNPL2 -> [OLL3, OL.VLNPL3]",OL.VMNP,1,VLNP,1,OL,3,OL.VLNP,3
33803,pure_FWD,FWD->FWD,FWD,FWD,4,0,0,491,2,1.197,33231,67.68,OL.VLNP,2,2,2,"[SNP.VLNPL1, VLNPL1] -> OL.VLNPL2 -> [OLL3, OL.VLNPL3]",SNP.VLNP,1,VLNP,1,OL,3,OL.VLNP,3
33669,pure_FWD,FWD->FWD,FWD,FWD,4,0,0,145,7,4.669,2536,17.49,AL.MB,2,2,2,"[ALL1, AL.SNPL1] -> AL.MBL2 -> [AL.SNPL3, LH.SNPL3]",AL,1,AL.SNP,1,AL.SNP,3,LH.SNP,3
33306,pure_FWD,FWD->FWD,FWD,FWD,4,0,0,145,2,1.283,2704,18.648,AL.MB,2,2,2,"[ALL1, AL.LHL1] -> AL.MBL2 -> [INP.MBL3, LH.SNPL3]",AL,1,AL.LH,1,INP.MB,3,LH.SNP,3
33093,pure_FWD,FWD->FWD,FWD,FWD,4,0,0,145,6,3.271,2482,17.117,AL.MB,2,2,2,"[ALL1, AL.INPL1] -> AL.MBL2 -> [LHL3, MB.SNPL3]",AL,1,AL.INP,1,LH,3,MB.SNP,3
32991,pure_FWD,FWD->FWD,FWD,FWD,4,0,0,145,2,1.724,4587,31.634,AL.MB,2,2,2,"[ALL1, AL.PENPL1] -> AL.MBL2 -> [INP.LHL3, MBL3]",AL,1,AL.PENP,1,INP.LH,3,MB,3
32568,pure_FWD,FWD->FWD,FWD,FWD,4,0,0,214,5,2.375,2568,12.0,AL.LH,2,2,2,"[ALL1, AL.LHL1] -> AL.LHL2 -> [LH.SNPL3, LH.VLNPL3]",AL,1,AL.LH,1,LH.SNP,3,LH.VLNP,3
32492,pure_FWD,FWD->FWD,FWD,FWD,4,0,0,214,18,6.688,2464,11.514,AL.LH,2,2,2,"[ALL1, AL.PENPL1] -> AL.LHL2 -> [AL.LHL3, LHL3]",AL,1,AL.PENP,1,AL.LH,3,LH,3
32100,pure_FWD,FWD->FWD,FWD,FWD,4,0,0,38835,1,1.0,33263,0.857,OL,2,2,2,"[SNP.VMNPL1, VMNPL1] -> OLL2 -> [OLL3, OL.VLNPL3]",SNP.VMNP,1,VMNP,1,OL,3,OL.VLNP,3
31211,pure_FWD,FWD->FWD,FWD,FWD,4,0,0,145,20,9.602,4644,32.028,AL.MB,2,2,2,"[ALL1, AL.GNGL1] -> AL.MBL2 -> [AL.LHL3, MBL3]",AL,1,AL.GNG,1,AL.LH,3,MB,3
30800,pure_FWD,FWD->FWD,FWD,FWD,4,0,0,145,1,1.0,4745,32.724,AL.MB,2,2,2,"[ALL1, LHL1] -> AL.MBL2 -> [INP.MBL3, MBL3]",AL,1,LH,1,INP.MB,3,MB,3
30800,pure_FWD,FWD->FWD,FWD,FWD,4,0,0,145,1,1.0,4609,31.786,AL.MB,2,2,2,"[ALL1, LHL1] -> AL.MBL2 -> [LH.VLNPL3, MBL3]",AL,1,LH,1,LH.VLNP,3,MB,3
30744,pure_FWD,FWD->FWD,FWD,FWD,4,0,0,491,1,1.0,33255,67.729,OL.VLNP,2,2,2,"[GNG.VMNPL1, VLNPL1] -> OL.VLNPL2 -> [OLL3, OL.VLNPL3]",GNG.VMNP,1,VLNP,1,OL,3,OL.VLNP,3
361880920,mixed,FWD->LAT,FWD,LAT,2,0,2,2764,2,1.994,2321,0.84,MB,3,2,2,"[AL.MBL2, MBL2] -> MBL3 -> [INP.MBL3, MB.VLNPL3]",AL.MB,2,MB,2,INP.MB,3,MB.VLNP,3
296528442,mixed,FWD->LAT,FWD,LAT,2,0,2,2764,2,1.74,2424,0.877,MB,3,2,2,"[AL.MBL2, MBL2] -> MBL3 -> [INP.MBL3, INP.VLNPL3]",AL.MB,2,MB,2,INP.MB,3,INP.VLNP,3
229489520,mixed,FWD->LAT,FWD,LAT,2,0,2,2764,2,1.714,2259,0.817,MB,3,2,2,"[INP.MBL2, MBL2] -> MBL3 -> [INP.MBL3, MB.VLNPL3]",INP.MB,2,MB,2,INP.MB,3,MB.VLNP,3
226333380,mixed,FWD->LAT,FWD,LAT,2,0,2,2764,2,1.325,2362,0.855,MB,3,2,2,"[INP.MBL2, MBL2] -> MBL3 -> [INP.MBL3, INP.VLNPL3]",INP.MB,2,MB,2,INP.MB,3,INP.VLNP,3
205606832,mixed,FWD->LAT,FWD,LAT,2,0,2,2764,7,1.982,2327,0.842,MB,3,2,2,"[AL.MBL2, MBL2] -> MBL3 -> [INP.MBL3, MB.SNPL3]",AL.MB,2,MB,2,INP.MB,3,MB.SNP,3
191847306,mixed,FWD->LAT,FWD,LAT,2,0,2,2764,2,1.244,2493,0.902,MB,3,2,2,"[AL.LHL2, MBL2] -> MBL3 -> [INP.MBL3, INP.VLNPL3]",AL.LH,2,MB,2,INP.MB,3,INP.VLNP,3
186600920,mixed,FWD->LAT,FWD,LAT,2,0,2,2764,2,1.569,2390,0.865,MB,3,2,2,"[AL.LHL2, MBL2] -> MBL3 -> [INP.MBL3, MB.VLNPL3]",AL.LH,2,MB,2,INP.MB,3,MB.VLNP,3
139326936,mixed,FWD->LAT,FWD,LAT,2,0,2,2764,2,1.81,2333,0.844,MB,3,2,2,"[AL.MBL2, MBL2] -> MBL3 -> [INP.VLNPL3, MB.VLNPL3]",AL.MB,2,MB,2,INP.VLNP,3,MB.VLNP,3
127842419,mixed,FWD->LAT,FWD,LAT,2,0,2,2764,6,1.756,2265,0.819,MB,3,2,2,"[INP.MBL2, MBL2] -> MBL3 -> [INP.MBL3, MB.SNPL3]",INP.MB,2,MB,2,INP.MB,3,MB.SNP,3
103792752,mixed,FWD->LAT,FWD,LAT,2,0,2,2764,2,1.372,2271,0.822,MB,3,2,2,"[INP.MBL2, MBL2] -> MBL3 -> [INP.VLNPL3, MB.VLNPL3]",INP.MB,2,MB,2,INP.VLNP,3,MB.VLNP,3
103430152,mixed,FWD->LAT,FWD,LAT,2,0,2,2764,7,1.609,2396,0.867,MB,3,2,2,"[AL.LHL2, MBL2] -> MBL3 -> [INP.MBL3, MB.SNPL3]",AL.LH,2,MB,2,INP.MB,3,MB.SNP,3
100021456,mixed,FWD->LAT,FWD,LAT,2,0,2,2764,2,1.947,2236,0.809,MB,3,2,2,"[AL.MBL2, MBL2] -> MBL3 -> [MB.SNPL3, MB.VLNPL3]",AL.MB,2,MB,2,MB.SNP,3,MB.VLNP,3
92863640,mixed,FWD->LAT,FWD,LAT,2,0,2,2764,2,1.996,2223,0.804,MB,3,2,2,"[MBL2, MB.SNPL2] -> MBL3 -> [INP.MBL3, MB.VLNPL3]",MB,2,MB.SNP,2,INP.MB,3,MB.VLNP,3
87545304,mixed,FWD->LAT,FWD,LAT,2,0,2,2764,2,1.281,2402,0.869,MB,3,2,2,"[AL.LHL2, MBL2] -> MBL3 -> [INP.VLNPL3, MB.VLNPL3]",AL.LH,2,MB,2,INP.VLNP,3,MB.VLNP,3
79362570,mixed,FWD->LAT,FWD,LAT,2,0,2,2764,2,1.643,2326,0.842,MB,3,2,2,"[MBL2, MB.SNPL2] -> MBL3 -> [INP.MBL3, INP.VLNPL3]",MB,2,MB.SNP,2,INP.MB,3,INP.VLNP,3
77896980,mixed,FWD->LAT,FWD,LAT,2,0,2,2764,2,1.849,2339,0.846,MB,3,2,2,"[AL.MBL2, MBL2] -> MBL3 -> [INP.VLNPL3, MB.SNPL3]",AL.MB,2,MB,2,INP.VLNP,3,MB.SNP,3
60129312,mixed,FWD->LAT,FWD,LAT,2,0,2,2764,2,1.825,2174,0.787,MB,3,2,2,"[INP.MBL2, MBL2] -> MBL3 -> [MB.SNPL3, MB.VLNPL3]",INP.MB,2,MB,2,MB.SNP,3,MB.VLNP,3
57150408,mixed,FWD->LAT,FWD,LAT,2,0,2,2764,2,1.402,2277,0.824,MB,3,2,2,"[INP.MBL2, MBL2] -> MBL3 -> [INP.VLNPL3, MB.SNPL3]",INP.MB,2,MB,2,INP.VLNP,3,MB.SNP,3
52545523,mixed,FWD->LAT,FWD,LAT,2,0,2,2764,8,2.0,2229,0.806,MB,3,2,2,"[MBL2, MB.SNPL2] -> MBL3 -> [INP.MBL3, MB.SNPL3]",MB,2,MB.SNP,2,INP.MB,3,MB.SNP,3
48218544,mixed,FWD->LAT,FWD,LAT,2,0,2,2764,2,1.679,2305,0.834,MB,3,2,2,"[AL.LHL2, MBL2] -> MBL3 -> [MB.SNPL3, MB.VLNPL3]",AL.LH,2,MB,2,MB.SNP,3,MB.VLNP,3
48051444,mixed,FWD->LAT,FWD,LAT,2,0,2,2764,2,1.304,2408,0.871,MB,3,2,2,"[AL.LHL2, MBL2] -> MBL3 -> [INP.VLNPL3, MB.SNPL3]",AL.LH,2,MB,2,INP.VLNP,3,MB.SNP,3
40106942,mixed,FWD->LAT,FWD,LAT,2,0,2,2764,2,1.585,2391,0.865,MB,3,2,2,"[AL.MBL2, MBL2] -> MBL3 -> [INPL3, INP.MBL3]",AL.MB,2,MB,2,INP,3,INP.MB,3
37667560,mixed,FWD->LAT,FWD,LAT,2,0,2,2764,2,1.998,2194,0.794,MB,3,2,2,"[MBL2, MB.VLNPL2] -> MBL3 -> [INP.MBL3, MB.VLNPL3]",MB,2,MB.VLNP,2,INP.MB,3,MB.VLNP,3
37071384,mixed,FWD->LAT,FWD,LAT,2,0,2,2764,2,1.714,2235,0.809,MB,3,2,2,"[MBL2, MB.SNPL2] -> MBL3 -> [INP.VLNPL3, MB.VLNPL3]",MB,2,MB.SNP,2,INP.VLNP,3,MB.VLNP,3
32276202,mixed,FWD->LAT,FWD,LAT,2,0,2,2764,2,1.08,3187,1.153,MB,3,2,2,"[ALL2, MBL2] -> MBL3 -> [INP.MBL3, INP.VLNPL3]",AL,2,MB,2,INP.MB,3,INP.VLNP,3
31994214,mixed,FWD->LAT,FWD,LAT,2,0,2,2764,2,1.657,2297,0.831,MB,3,2,2,"[MBL2, MB.VLNPL2] -> MBL3 -> [INP.MBL3, INP.VLNPL3]",MB,2,MB.VLNP,2,INP.MB,3,INP.VLNP,3
28469080,mixed,FWD->LAT,FWD,LAT,2,0,2,2764,2,1.2,3084,1.116,MB,3,2,2,"[ALL2, MBL2] -> MBL3 -> [INP.MBL3, MB.VLNPL3]",AL,2,MB,2,INP.MB,3,MB.VLNP,3
28397418,mixed,FWD->LAT,FWD,LAT,2,0,2,2764,2,1.092,2319,0.839,MB,3,2,2,"[INP.VLNPL2, MBL2] -> MBL3 -> [INP.MBL3, INP.VLNPL3]",INP.VLNP,2,MB,2,INP.MB,3,INP.VLNP,3
25385104,mixed,FWD->LAT,FWD,LAT,2,0,2,2764,2,1.99,2138,0.774,MB,3,2,2,"[MBL2, MB.SNPL2] -> MBL3 -> [MB.SNPL3, MB.VLNPL3]",MB,2,MB.SNP,2,MB.SNP,3,MB.VLNP,3
25236760,mixed,FWD->LAT,FWD,LAT,2,0,2,2764,2,1.228,2216,0.802,MB,3,2,2,"[INP.VLNPL2, MBL2] -> MBL3 -> [INP.MBL3, MB.VLNPL3]",INP.VLNP,2,MB,2,INP.MB,3,MB.VLNP,3
21326188,mixed,FWD->LAT,FWD,LAT,2,0,2,2764,2,2.0,2200,0.796,MB,3,2,2,"[MBL2, MB.VLNPL2] -> MBL3 -> [INP.MBL3, MB.SNPL3]",MB,2,MB.VLNP,2,INP.MB,3,MB.SNP,3
20651316,mixed,FWD->LAT,FWD,LAT,2,0,2,2764,2,1.756,2241,0.811,MB,3,2,2,"[MBL2, MB.SNPL2] -> MBL3 -> [INP.VLNPL3, MB.SNPL3]",MB,2,MB.SNP,2,INP.VLNP,3,MB.SNP,3
20086472,mixed,FWD->LAT,FWD,LAT,2,0,2,2764,2,1.519,2300,0.832,MB,3,2,2,"[AL.MBL2, MBL2] -> MBL3 -> [INPL3, MB.VLNPL3]",AL.MB,2,MB,2,INP,3,MB.VLNP,3
20033356,mixed,FWD->LAT,FWD,LAT,2,0,2,2764,3,1.988,2329,0.843,MB,3,2,2,"[INP.MBL2, MBL2] -> MBL3 -> [INPL3, INP.MBL3]",INP.MB,2,MB,2,INP,3,INP.MB,3
17324360,mixed,FWD->LAT,FWD,LAT,2,0,2,2764,1,1.0,2382,0.862,MB,3,2,2,"[AL.MBL2, MBL2] -> MBL3 -> [INP.MBL3, SNP.VLNPL3]",AL.MB,2,MB,2,INP.MB,3,SNP.VLNP,3
15580084,mixed,FWD->LAT,FWD,LAT,2,0,2,2764,2,1.217,3090,1.118,MB,3,2,2,"[ALL2, MBL2] -> MBL3 -> [INP.MBL3, MB.SNPL3]",AL,2,MB,2,INP.MB,3,MB.SNP,3
15187246,mixed,FWD->LAT,FWD,LAT,2,0,2,2764,2,1.99,2460,0.89,MB,3,2,2,"[AL.LHL2, MBL2] -> MBL3 -> [INPL3, INP.MBL3]",AL.LH,2,MB,2,INP,3,INP.MB,3
14957544,mixed,FWD->LAT,FWD,LAT,2,0,2,2764,2,1.728,2206,0.798,MB,3,2,2,"[MBL2, MB.VLNPL2] -> MBL3 -> [INP.VLNPL3, MB.VLNPL3]",MB,2,MB.VLNP,2,INP.VLNP,3,MB.VLNP,3
14918000,mixed,FWD->LAT,FWD,LAT,2,0,2,2764,2,1.835,2256,0.816,MB,3,2,2,"[LH.SNPL2, MBL2] -> MBL3 -> [INP.MBL3, MB.VLNPL3]",LH.SNP,2,MB,2,INP.MB,3,MB.VLNP,3
14568792,mixed,FWD->LAT,FWD,LAT,2,0,2,2764,2,1.092,3096,1.12,MB,3,2,2,"[ALL2, MBL2] -> MBL3 -> [INP.VLNPL3, MB.VLNPL3]",AL,2,MB,2,INP.VLNP,3,MB.VLNP,3
14333020,mixed,FWD->LAT,FWD,LAT,2,0,2,2764,2,2.0,493,0.178,MB,3,2,2,"[AL.MBL2, INP.MBL2] -> MBL3 -> [INP.MBL3, MB.VLNPL3]",AL.MB,2,INP.MB,2,INP.MB,3,MB.VLNP,3
14128212,mixed,FWD->LAT,FWD,LAT,2,0,2,2764,2,1.41,2359,0.853,MB,3,2,2,"[LH.SNPL2, MBL2] -> MBL3 -> [INP.MBL3, INP.VLNPL3]",LH.SNP,2,MB,2,INP.MB,3,INP.VLNP,3
13825396,mixed,FWD->LAT,FWD,LAT,2,0,2,2764,2,1.247,2222,0.804,MB,3,2,2,"[INP.VLNPL2, MBL2] -> MBL3 -> [INP.MBL3, MB.SNPL3]",INP.VLNP,2,MB,2,INP.MB,3,MB.SNP,3
13557004,mixed,FWD->LAT,FWD,LAT,2,0,2,2764,3,1.857,2955,1.069,MB,3,2,2,"[AL.MBL2, MBL2] -> MBL3 -> [INP.MBL3, LH.SNPL3]",AL.MB,2,MB,2,INP.MB,3,LH.SNP,3
12828312,mixed,FWD->LAT,FWD,LAT,2,0,2,2764,2,1.106,2228,0.806,MB,3,2,2,"[INP.VLNPL2, MBL2] -> MBL3 -> [INP.VLNPL3, MB.VLNPL3]",INP.VLNP,2,MB,2,INP.VLNP,3,MB.VLNP,3
12761406,mixed,FWD->LAT,FWD,LAT,2,0,2,2764,2,1.941,2403,0.869,MB,3,2,2,"[AL.MBL2, MBL2] -> MBL3 -> [INPL3, INP.VLNPL3]",AL.MB,2,MB,2,INP,3,INP.VLNP,3
12069330,mixed,FWD->LAT,FWD,LAT,2,0,2,2764,2,1.677,596,0.216,MB,3,2,2,"[AL.MBL2, INP.MBL2] -> MBL3 -> [INP.MBL3, INP.VLNPL3]",AL.MB,2,INP.MB,2,INP.MB,3,INP.VLNP,3
11685680,mixed,FWD->LAT,FWD,LAT,2,0,2,2764,2,1.978,2269,0.821,MB,3,2,2,"[LHL2, MBL2] -> MBL3 -> [INP.MBL3, MB.VLNPL3]",LH,2,MB,2,INP.MB,3,MB.VLNP,3
11658204,mixed,FWD->LAT,FWD,LAT,2,0,2,2764,2,1.482,2306,0.834,MB,3,2,2,"[AL.MBL2, MBL2] -> MBL3 -> [INPL3, MB.SNPL3]",AL.MB,2,MB,2,INP,3,MB.SNP,3
11007710,mixed,FWD->LAT,FWD,LAT,2,0,2,2764,5,1.952,624,0.226,MB,3,2,2,"[AL.LHL2, AL.MBL2] -> MBL3 -> [INP.MBL3, MB.VLNPL3]",AL.LH,2,AL.MB,2,INP.MB,3,MB.VLNP,3
10313744,mixed,FWD->LAT,FWD,LAT,2,0,2,2764,2,1.986,2109,0.763,MB,3,2,2,"[MBL2, MB.VLNPL2] -> MBL3 -> [MB.SNPL3, MB.VLNPL3]",MB,2,MB.VLNP,2,MB.SNP,3,MB.VLNP,3
10249428,mixed,FWD->LAT,FWD,LAT,2,0,2,2764,2,1.582,2372,0.858,MB,3,2,2,"[LHL2, MBL2] -> MBL3 -> [INP.MBL3, INP.VLNPL3]",LH,2,MB,2,INP.MB,3,INP.VLNP,3
9854817,mixed,FWD->LAT,FWD,LAT,2,0,2,2764,2,1.535,727,0.263,MB,3,2,2,"[AL.LHL2, AL.MBL2] -> MBL3 -> [INP.MBL3, INP.VLNPL3]",AL.LH,2,AL.MB,2,INP.MB,3,INP.VLNP,3
9830988,mixed,FWD->LAT,FWD,LAT,2,0,2,2764,4,1.68,2293,0.83,MB,3,2,2,"[MBL2, MB.SNPL2] -> MBL3 -> [INPL3, INP.MBL3]",MB,2,MB.SNP,2,INP,3,INP.MB,3
9733584,mixed,FWD->LAT,FWD,LAT,2,0,2,2764,2,1.957,2238,0.81,MB,3,2,2,"[INP.MBL2, MBL2] -> MBL3 -> [INPL3, MB.VLNPL3]",INP.MB,2,MB,2,INP,3,MB.VLNP,3
9225914,mixed,FWD->LAT,FWD,LAT,2,0,2,2764,3,1.993,2239,0.81,MB,3,2,2,"[AL.MBL2, MBL2] -> MBL3 -> [INP.MBL3, LH.MBL3]",AL.MB,2,MB,2,INP.MB,3,LH.MB,3
9225746,mixed,FWD->LAT,FWD,LAT,2,0,2,2764,2,1.993,4000,1.447,MB,3,2,2,"[AL.MBL2, MBL2] -> MBL3 -> [INP.MBL3, SNPL3]",AL.MB,2,MB,2,INP.MB,3,SNP,3
8967904,mixed,FWD->LAT,FWD,LAT,2,0,2,2764,1,1.0,2291,0.829,MB,3,2,2,"[AL.MBL2, MBL2] -> MBL3 -> [MB.VLNPL3, SNP.VLNPL3]",AL.MB,2,MB,2,MB.VLNP,3,SNP.VLNP,3
8453360,mixed,FWD->LAT,FWD,LAT,2,0,2,2764,2,1.895,2536,0.918,MB,3,2,2,"[MBL2, VLNPL2] -> MBL3 -> [INP.MBL3, MB.VLNPL3]",MB,2,VLNP,2,INP.MB,3,MB.VLNP,3
8349224,mixed,FWD->LAT,FWD,LAT,2,0,2,2764,2,1.872,2262,0.818,MB,3,2,2,"[LH.SNPL2, MBL2] -> MBL3 -> [INP.MBL3, MB.SNPL3]",LH.SNP,2,MB,2,INP.MB,3,MB.SNP,3
8336748,mixed,FWD->LAT,FWD,LAT,2,0,2,2764,2,1.771,2212,0.8,MB,3,2,2,"[MBL2, MB.VLNPL2] -> MBL3 -> [INP.VLNPL3, MB.SNPL3]",MB,2,MB.VLNP,2,INP.VLNP,3,MB.SNP,3
8121880,mixed,FWD->LAT,FWD,LAT,2,0,2,2764,2,1.998,499,0.181,MB,3,2,2,"[AL.MBL2, INP.MBL2] -> MBL3 -> [INP.MBL3, MB.SNPL3]",AL.MB,2,INP.MB,2,INP.MB,3,MB.SNP,3
7996170,mixed,FWD->LAT,FWD,LAT,2,0,2,2764,2,1.216,665,0.241,MB,3,2,2,"[AL.LHL2, INP.MBL2] -> MBL3 -> [INP.MBL3, INP.VLNPL3]",AL.LH,2,INP.MB,2,INP.MB,3,INP.VLNP,3
7939764,mixed,FWD->LAT,FWD,LAT,2,0,2,2764,2,1.101,3102,1.122,MB,3,2,2,"[ALL2, MBL2] -> MBL3 -> [INP.VLNPL3, MB.SNPL3]",AL,2,MB,2,INP.VLNP,3,MB.SNP,3
7702760,mixed,FWD->LAT,FWD,LAT,2,0,2,2764,2,1.924,2893,1.047,MB,3,2,2,"[INP.MBL2, MBL2] -> MBL3 -> [INP.MBL3, LH.SNPL3]",INP.MB,2,MB,2,INP.MB,3,LH.SNP,3
7659080,mixed,FWD->LAT,FWD,LAT,2,0,2,2764,2,1.512,562,0.203,MB,3,2,2,"[AL.LHL2, INP.MBL2] -> MBL3 -> [INP.MBL3, MB.VLNPL3]",AL.LH,2,INP.MB,2,INP.MB,3,MB.VLNP,3
7640556,mixed,FWD->LAT,FWD,LAT,2,0,2,2764,2,1.833,2341,0.847,MB,3,2,2,"[INP.MBL2, MBL2] -> MBL3 -> [INPL3, INP.VLNPL3]",INP.MB,2,MB,2,INP,3,INP.VLNP,3
7301448,mixed,FWD->LAT,FWD,LAT,2,0,2,2764,2,2.0,2369,0.857,MB,3,2,2,"[AL.LHL2, MBL2] -> MBL3 -> [INPL3, MB.VLNPL3]",AL.LH,2,MB,2,INP,3,MB.VLNP,3
7097392,mixed,FWD->LAT,FWD,LAT,2,0,2,2764,2,1.25,2999,1.085,MB,3,2,2,"[ALL2, MBL2] -> MBL3 -> [MB.SNPL3, MB.VLNPL3]",AL,2,MB,2,MB.SNP,3,MB.VLNP,3
6994932,mixed,FWD->LAT,FWD,LAT,2,0,2,2764,2,1.115,2234,0.808,MB,3,2,2,"[INP.VLNPL2, MBL2] -> MBL3 -> [INP.VLNPL3, MB.SNPL3]",INP.VLNP,2,MB,2,INP.VLNP,3,MB.SNP,3
6811690,mixed,FWD->LAT,FWD,LAT,2,0,2,2764,2,1.767,457,0.165,MB,3,2,2,"[AL.MBL2, MB.SNPL2] -> MBL3 -> [INP.MBL3, MB.VLNPL3]",AL.MB,2,MB.SNP,2,INP.MB,3,MB.VLNP,3
6680272,mixed,FWD->LAT,FWD,LAT,2,0,2,2764,2,1.79,2864,1.036,MB,3,2,2,"[AL.MBL2, MBL2] -> MBL3 -> [LH.SNPL3, MB.VLNPL3]",AL.MB,2,MB,2,LH.SNP,3,MB.VLNP,3
6594536,mixed,FWD->LAT,FWD,LAT,2,0,2,2764,2,1.992,2275,0.823,MB,3,2,2,"[LHL2, MBL2] -> MBL3 -> [INP.MBL3, MB.SNPL3]",LH,2,MB,2,INP.MB,3,MB.SNP,3
6511344,mixed,FWD->LAT,FWD,LAT,2,0,2,2764,2,1.466,2268,0.821,MB,3,2,2,"[LH.SNPL2, MBL2] -> MBL3 -> [INP.VLNPL3, MB.VLNPL3]",LH.SNP,2,MB,2,INP.VLNP,3,MB.VLNP,3
6370644,mixed,FWD->LAT,FWD,LAT,2,0,2,2764,2,1.909,2639,0.955,MB,3,2,2,"[MBL2, VLNPL2] -> MBL3 -> [INP.MBL3, INP.VLNPL3]",MB,2,VLNP,2,INP.MB,3,INP.VLNP,3
6310032,mixed,FWD->LAT,FWD,LAT,2,0,2,2764,2,1.284,2131,0.771,MB,3,2,2,"[INP.VLNPL2, MBL2] -> MBL3 -> [MB.SNPL3, MB.VLNPL3]",INP.VLNP,2,MB,2,MB.SNP,3,MB.VLNP,3
6199705,mixed,FWD->LAT,FWD,LAT,2,0,2,2764,133,1.975,630,0.228,MB,3,2,2,"[AL.LHL2, AL.MBL2] -> MBL3 -> [INP.MBL3, MB.SNPL3]",AL.LH,2,AL.MB,2,INP.MB,3,MB.SNP,3
6170320,mixed,FWD->LAT,FWD,LAT,2,0,2,2764,1,1.0,2320,0.839,MB,3,2,2,"[INP.MBL2, MBL2] -> MBL3 -> [INP.MBL3, SNP.VLNPL3]",INP.MB,2,MB,2,INP.MB,3,SNP.VLNP,3
6160180,mixed,FWD->LAT,FWD,LAT,2,0,2,2764,2,1.601,2177,0.788,MB,3,2,2,"[INP.MBL2, MBL2] -> MBL3 -> [INP.MBL3, LH.MBL3]",INP.MB,2,MB,2,INP.MB,3,LH.MB,3
6160180,mixed,FWD->LAT,FWD,LAT,2,0,2,2764,2,1.601,3938,1.425,MB,3,2,2,"[INP.MBL2, MBL2] -> MBL3 -> [INP.MBL3, SNPL3]",INP.MB,2,MB,2,INP.MB,3,SNP,3
6120366,mixed,FWD->LAT,FWD,LAT,2,0,2,2764,2,1.688,2472,0.894,MB,3,2,2,"[AL.LHL2, MBL2] -> MBL3 -> [INPL3, INP.VLNPL3]",AL.LH,2,MB,2,INP,3,INP.VLNP,3
6080840,mixed,FWD->LAT,FWD,LAT,2,0,2,2764,3,1.797,3024,1.094,MB,3,2,2,"[AL.LHL2, MBL2] -> MBL3 -> [INP.MBL3, LH.SNPL3]",AL.LH,2,MB,2,INP.MB,3,LH.SNP,3
5842840,mixed,FWD->LAT,FWD,LAT,2,0,2,2764,2,1.978,2181,0.789,MB,3,2,2,"[LH.MBL2, MBL2] -> MBL3 -> [INP.MBL3, MB.VLNPL3]",LH.MB,2,MB,2,INP.MB,3,MB.VLNP,3
5842840,mixed,FWD->LAT,FWD,LAT,2,0,2,2764,2,1.978,2307,0.835,MB,3,2,2,"[MBL2, VLNP.VMNPL2] -> MBL3 -> [INP.MBL3, MB.VLNPL3]",MB,2,VLNP.VMNP,2,INP.MB,3,MB.VLNP,3
5649252,mixed,FWD->LAT,FWD,LAT,2,0,2,2764,2,1.749,505,0.183,MB,3,2,2,"[AL.MBL2, INP.MBL2] -> MBL3 -> [INP.VLNPL3, MB.VLNPL3]",AL.MB,2,INP.MB,2,INP.VLNP,3,MB.VLNP,3
5552760,mixed,FWD->LAT,FWD,LAT,2,0,2,2764,3,1.931,2244,0.812,MB,3,2,2,"[INP.MBL2, MBL2] -> MBL3 -> [INPL3, MB.SNPL3]",INP.MB,2,MB,2,INP,3,MB.SNP,3
5380110,mixed,FWD->LAT,FWD,LAT,2,0,2,145,19,7.634,4624,31.89,AL.MB,2,2,2,"[ALL1, AL.INPL1] -> AL.MBL2 -> [ALL2, MBL2]",AL,1,AL.INP,1,AL,2,MB,2
5299216,mixed,FWD->LAT,FWD,LAT,2,0,2,2764,1,1.0,2297,0.831,MB,3,2,2,"[AL.MBL2, MBL2] -> MBL3 -> [MB.SNPL3, SNP.VLNPL3]",AL.MB,2,MB,2,MB.SNP,3,SNP.VLNP,3
5124714,mixed,FWD->LAT,FWD,LAT,2,0,2,2764,2,1.582,2284,0.826,MB,3,2,2,"[LH.MBL2, MBL2] -> MBL3 -> [INP.MBL3, INP.VLNPL3]",LH.MB,2,MB,2,INP.MB,3,INP.VLNP,3
5124714,mixed,FWD->LAT,FWD,LAT,2,0,2,2764,2,1.582,2410,0.872,MB,3,2,2,"[MBL2, VLNP.VMNPL2] -> MBL3 -> [INP.MBL3, INP.VLNPL3]",MB,2,VLNP.VMNP,2,INP.MB,3,INP.VLNP,3
5072230,mixed,FWD->LAT,FWD,LAT,2,0,2,2764,3,1.468,2308,0.835,MB,3,2,2,"[AL.LHL2, MBL2] -> MBL3 -> [INP.MBL3, LH.MBL3]",AL.LH,2,MB,2,INP.MB,3,LH.MB,3
5072098,mixed,FWD->LAT,FWD,LAT,2,0,2,2764,2,1.468,4069,1.472,MB,3,2,2,"[AL.LHL2, MBL2] -> MBL3 -> [INP.MBL3, SNPL3]",AL.LH,2,MB,2,INP.MB,3,SNP,3
4897928,mixed,FWD->LAT,FWD,LAT,2,0,2,2764,2,1.61,2202,0.797,MB,3,2,2,"[MBL2, MB.SNPL2] -> MBL3 -> [INPL3, MB.VLNPL3]",MB,2,MB.SNP,2,INP,3,MB.VLNP,3
4894656,mixed,FWD->LAT,FWD,LAT,2,0,2,2764,1,1.0,2818,1.02,MB,3,2,2,"[AL.MBL2, MBL2] -> MBL3 -> [INP.MBL3, LHL3]",AL.MB,2,MB,2,INP.MB,3,LH,3
4894656,mixed,FWD->LAT,FWD,LAT,2,0,2,2764,1,1.0,2376,0.86,MB,3,2,2,"[AL.MBL2, MBL2] -> MBL3 -> [INP.MBL3, VLNP.VMNPL3]",AL.MB,2,MB,2,INP.MB,3,VLNP.VMNP,3
4894656,mixed,FWD->LAT,FWD,LAT,2,0,2,2764,1,1.0,2608,0.944,MB,3,2,2,"[AL.MBL2, MBL2] -> MBL3 -> [INP.MBL3, VMNPL3]",AL.MB,2,MB,2,INP.MB,3,VMNP,3
4841131,mixed,FWD->LAT,FWD,LAT,2,0,2,908,76,9.789,2165,2.384,AL,2,2,2,"[ALL1, AL.PENPL1] -> ALL2 -> [AL.LHL2, AL.MBL2]",AL,1,AL.PENP,1,AL.LH,2,AL.MB,2
4839848,mixed,FWD->LAT,FWD,LAT,2,0,2,2764,2,1.859,2542,0.92,MB,3,2,2,"[MBL2, VLNPL2] -> MBL3 -> [INP.MBL3, MB.SNPL3]",MB,2,VLNP,2,INP.MB,3,MB.SNP,3
4819605,mixed,FWD->LAT,FWD,LAT,2,0,2,2764,2,1.987,560,0.203,MB,3,2,2,"[AL.MBL2, MB.SNPL2] -> MBL3 -> [INP.MBL3, INP.VLNPL3]",AL.MB,2,MB.SNP,2,INP.MB,3,INP.VLNP,3
4775652,mixed,FWD->LAT,FWD,LAT,2,0,2,2764,2,1.979,2967,1.073,MB,3,2,2,"[AL.MBL2, MBL2] -> MBL3 -> [INP.VLNPL3, LH.SNPL3]",AL.MB,2,MB,2,INP.VLNP,3,LH.SNP,3
4770864,mixed,FWD->LAT,FWD,LAT,2,0,2,2764,2,1.652,2281,0.825,MB,3,2,2,"[LHL2, MBL2] -> MBL3 -> [INP.VLNPL3, MB.VLNPL3]",LH,2,MB,2,INP.VLNP,3,MB.VLNP,3
4617600,mixed,FWD->LAT,FWD,LAT,2,0,2,2764,1,1.0,2756,0.997,MB,3,2,2,"[INP.MBL2, MBL2] -> MBL3 -> [INP.MBL3, LHL3]",INP.MB,2,MB,2,INP.MB,3,LH,3
4617600,mixed,FWD->LAT,FWD,LAT,2,0,2,2764,1,1.0,2314,0.837,MB,3,2,2,"[INP.MBL2, MBL2] -> MBL3 -> [INP.MBL3, VLNP.VMNPL3]",INP.MB,2,MB,2,INP.MB,3,VLNP.VMNP,3
4617600,mixed,FWD->LAT,FWD,LAT,2,0,2,2764,1,1.0,2546,0.921,MB,3,2,2,"[INP.MBL2, MBL2] -> MBL3 -> [INP.MBL3, VMNPL3]",INP.MB,2,MB,2,INP.MB,3,VMNP,3
4574724,mixed,FWD->LAT,FWD,LAT,2,0,2,2764,2,1.602,636,0.23,MB,3,2,2,"[AL.LHL2, AL.MBL2] -> MBL3 -> [INP.VLNPL3, MB.VLNPL3]",AL.LH,2,AL.MB,2,INP.VLNP,3,MB.VLNP,3
4438296,mixed,FWD->LAT,FWD,LAT,2,0,2,2764,2,2.0,2148,0.777,MB,3,2,2,"[AL.MBL2, MBL2] -> MBL3 -> [LH.MBL3, MB.VLNPL3]",AL.MB,2,MB,2,LH.MB,3,MB.VLNP,3
4438296,mixed,FWD->LAT,FWD,LAT,2,0,2,2764,2,2.0,3909,1.414,MB,3,2,2,"[AL.MBL2, MBL2] -> MBL3 -> [MB.VLNPL3, SNPL3]",AL.MB,2,MB,2,MB.VLNP,3,SNP,3
4350933,mixed,FWD->LAT,FWD,LAT,2,0,2,908,56,11.779,2164,2.383,AL,2,2,2,"[ALL1, AL.SNPL1] -> ALL2 -> [AL.LHL2, AL.MBL2]",AL,1,AL.SNP,1,AL.LH,2,AL.MB,2
4331090,mixed,FWD->LAT,FWD,LAT,2,0,2,2764,1,1.0,2342,0.847,MB,3,2,2,"[AL.MBL2, MBL2] -> MBL3 -> [INP.MBL3, LX.VLNPL3]",AL.MB,2,MB,2,INP.MB,3,LX.VLNP,3
4280136,mixed,FWD->LAT,FWD,LAT,2,0,2,2764,1,1.0,2394,0.866,MB,3,2,2,"[AL.MBL2, MBL2] -> MBL3 -> [INP.VLNPL3, SNP.VLNPL3]",AL.MB,2,MB,2,INP.VLNP,3,SNP.VLNP,3
4237220,mixed,FWD->LAT,FWD,LAT,2,0,2,2764,2,1.55,568,0.205,MB,3,2,2,"[AL.LHL2, INP.MBL2] -> MBL3 -> [INP.MBL3, MB.SNPL3]",AL.LH,2,INP.MB,2,INP.MB,3,MB.SNP,3
4139262,mixed,FWD->LAT,FWD,LAT,2,0,2,2764,3,1.996,2375,0.859,MB,3,2,2,"[AL.LHL2, MBL2] -> MBL3 -> [INPL3, MB.SNPL3]",AL.LH,2,MB,2,INP,3,MB.SNP,3
4063488,mixed,FWD->LAT,FWD,LAT,2,0,2,2764,1,1.0,2887,1.045,MB,3,2,2,"[AL.LHL2, MBL2] -> MBL3 -> [INP.MBL3, LHL3]",AL.LH,2,MB,2,INP.MB,3,LH,3
4063488,mixed,FWD->LAT,FWD,LAT,2,0,2,2764,1,1.0,2445,0.885,MB,3,2,2,"[AL.LHL2, MBL2] -> MBL3 -> [INP.MBL3, VLNP.VMNPL3]",AL.LH,2,MB,2,INP.MB,3,VLNP.VMNP,3
4063488,mixed,FWD->LAT,FWD,LAT,2,0,2,2764,1,1.0,2677,0.969,MB,3,2,2,"[AL.LHL2, MBL2] -> MBL3 -> [INP.MBL3, VMNPL3]",AL.LH,2,MB,2,INP.MB,3,VMNP,3
4034440,mixed,FWD->LAT,FWD,LAT,2,0,2,2764,1,1.0,2451,0.887,MB,3,2,2,"[AL.LHL2, MBL2] -> MBL3 -> [INP.MBL3, SNP.VLNPL3]",AL.LH,2,MB,2,INP.MB,3,SNP.VLNP,3
4034440,mixed,FWD->LAT,FWD,LAT,2,0,2,2764,1,1.0,2284,0.826,MB,3,2,2,"[MBL2, MB.SNPL2] -> MBL3 -> [INP.MBL3, SNP.VLNPL3]",MB,2,MB.SNP,2,INP.MB,3,SNP.VLNP,3
4015394,mixed,FWD->LAT,FWD,LAT,2,0,2,2764,2,1.666,2264,0.819,MB,3,2,2,"[MBL2, MB.VLNPL2] -> MBL3 -> [INPL3, INP.MBL3]",MB,2,MB.VLNP,2,INP,3,INP.MB,3
4006945,mixed,FWD->LAT,FWD,LAT,2,0,2,908,69,11.905,2164,2.383,AL,2,2,2,"[ALL1, AL.INPL1] -> ALL2 -> [AL.LHL2, AL.MBL2]",AL,1,AL.INP,1,AL.LH,2,AL.MB,2
3959104,mixed,FWD->LAT,FWD,LAT,2,0,2,2764,2,1.928,2171,0.785,MB,3,2,2,"[LH.SNPL2, MBL2] -> MBL3 -> [MB.SNPL3, MB.VLNPL3]",LH.SNP,2,MB,2,MB.SNP,3,MB.VLNP,3
3933562,mixed,FWD->LAT,FWD,LAT,2,0,2,2764,2,1.979,408,0.148,MB,3,2,2,"[AL.MBL2, INP.MBL2] -> MBL3 -> [MB.SNPL3, MB.VLNPL3]",AL.MB,2,INP.MB,2,MB.SNP,3,MB.VLNP,3
3920818,mixed,FWD->LAT,FWD,LAT,2,0,2,2764,4,1.725,463,0.168,MB,3,2,2,"[AL.MBL2, MB.SNPL2] -> MBL3 -> [INP.MBL3, MB.SNPL3]",AL.MB,2,MB.SNP,2,INP.MB,3,MB.SNP,3
3878784,mixed,FWD->LAT,FWD,LAT,2,0,2,2764,1,1.0,2284,0.826,MB,3,2,2,"[INP.LXL2, MBL2] -> MBL3 -> [INP.MBL3, INP.VLNPL3]",INP.LX,2,MB,2,INP.MB,3,INP.VLNP,3
3878784,mixed,FWD->LAT,FWD,LAT,2,0,2,2764,1,1.0,2307,0.835,MB,3,2,2,"[INP.SNPL2, MBL2] -> MBL3 -> [INP.MBL3, INP.VLNPL3]",INP.SNP,2,MB,2,INP.MB,3,INP.VLNP,3
3878784,mixed,FWD->LAT,FWD,LAT,2,0,2,2764,1,1.0,2372,0.858,MB,3,2,2,"[LXL2, MBL2] -> MBL3 -> [INP.MBL3, INP.VLNPL3]",LX,2,MB,2,INP.MB,3,INP.VLNP,3
3878784,mixed,FWD->LAT,FWD,LAT,2,0,2,2764,1,1.0,2651,0.959,MB,3,2,2,"[MBL2, SNPL2] -> MBL3 -> [INP.MBL3, INP.VLNPL3]",MB,2,SNP,2,INP.MB,3,INP.VLNP,3
3841896,mixed,FWD->LAT,FWD,LAT,2,0,2,2764,2,1.748,2870,1.038,MB,3,2,2,"[AL.MBL2, MBL2] -> MBL3 -> [LH.SNPL3, MB.SNPL3]",AL.MB,2,MB,2,LH.SNP,3,MB.SNP,3
3705618,mixed,FWD->LAT,FWD,LAT,2,0,2,2764,2,1.697,2251,0.814,MB,3,2,2,"[AL.MBL2, MBL2] -> MBL3 -> [INP.VLNPL3, LH.MBL3]",AL.MB,2,MB,2,INP.VLNP,3,LH.MB,3
3705618,mixed,FWD->LAT,FWD,LAT,2,0,2,2764,2,1.697,4012,1.452,MB,3,2,2,"[AL.MBL2, MBL2] -> MBL3 -> [INP.VLNPL3, SNPL3]",AL.MB,2,MB,2,INP.VLNP,3,SNP,3
3700580,mixed,FWD->LAT,FWD,LAT,2,0,2,2764,2,1.978,395,0.143,MB,3,2,2,"[INP.MBL2, MB.SNPL2] -> MBL3 -> [INP.MBL3, MB.VLNPL3]",INP.MB,2,MB.SNP,2,INP.MB,3,MB.VLNP,3
3669024,mixed,FWD->LAT,FWD,LAT,2,0,2,2764,2,1.967,2802,1.014,MB,3,2,2,"[INP.MBL2, MBL2] -> MBL3 -> [LH.SNPL3, MB.VLNPL3]",INP.MB,2,MB,2,LH.SNP,3,MB.VLNP,3
3642408,mixed,FWD->LAT,FWD,LAT,2,0,2,2764,2,1.249,574,0.208,MB,3,2,2,"[AL.LHL2, INP.MBL2] -> MBL3 -> [INP.VLNPL3, MB.VLNPL3]",AL.LH,2,INP.MB,2,INP.VLNP,3,MB.VLNP,3
3596712,mixed,FWD->LAT,FWD,LAT,2,0,2,2764,2,1.502,2274,0.823,MB,3,2,2,"[LH.SNPL2, MBL2] -> MBL3 -> [INP.VLNPL3, MB.SNPL3]",LH.SNP,2,MB,2,INP.VLNP,3,MB.SNP,3
3402500,mixed,FWD->LAT,FWD,LAT,2,0,2,2764,2,1.933,2857,1.034,MB,3,2,2,"[MBL2, MB.SNPL2] -> MBL3 -> [INP.MBL3, LH.SNPL3]",MB,2,MB.SNP,2,INP.MB,3,LH.SNP,3
3297268,mixed,FWD->LAT,FWD,LAT,2,0,2,2764,2,1.992,2187,0.791,MB,3,2,2,"[LH.MBL2, MBL2] -> MBL3 -> [INP.MBL3, MB.SNPL3]",LH.MB,2,MB,2,INP.MB,3,MB.SNP,3
3297268,mixed,FWD->LAT,FWD,LAT,2,0,2,2764,2,1.992,2313,0.837,MB,3,2,2,"[MBL2, VLNP.VMNPL2] -> MBL3 -> [INP.MBL3, MB.SNPL3]",MB,2,VLNP.VMNP,2,INP.MB,3,MB.SNP,3
3248616,mixed,FWD->LAT,FWD,LAT,2,0,2,2764,2,1.56,2905,1.051,MB,3,2,2,"[INP.MBL2, MBL2] -> MBL3 -> [INP.VLNPL3, LH.SNPL3]",INP.MB,2,MB,2,INP.VLNP,3,LH.SNP,3
3245970,mixed,FWD->LAT,FWD,LAT,2,0,2,2764,2,1.582,498,0.18,MB,3,2,2,"[INP.MBL2, MB.SNPL2] -> MBL3 -> [INP.MBL3, INP.VLNPL3]",INP.MB,2,MB.SNP,2,INP.MB,3,INP.VLNP,3
3236142,mixed,FWD->LAT,FWD,LAT,2,0,2,2764,2,1.988,2305,0.834,MB,3,2,2,"[MBL2, MB.SNPL2] -> MBL3 -> [INPL3, INP.VLNPL3]",MB,2,MB.SNP,2,INP,3,INP.VLNP,3
3232320,mixed,FWD->LAT,FWD,LAT,2,0,2,2764,1,1.0,2181,0.789,MB,3,2,2,"[INP.LXL2, MBL2] -> MBL3 -> [INP.MBL3, MB.VLNPL3]",INP.LX,2,MB,2,INP.MB,3,MB.VLNP,3
3232320,mixed,FWD->LAT,FWD,LAT,2,0,2,2764,1,1.0,2204,0.797,MB,3,2,2,"[INP.SNPL2, MBL2] -> MBL3 -> [INP.MBL3, MB.VLNPL3]",INP.SNP,2,MB,2,INP.MB,3,MB.VLNP,3
3232320,mixed,FWD->LAT,FWD,LAT,2,0,2,2764,1,1.0,2269,0.821,MB,3,2,2,"[LXL2, MBL2] -> MBL3 -> [INP.MBL3, MB.VLNPL3]",LX,2,MB,2,INP.MB,3,MB.VLNP,3
3232320,mixed,FWD->LAT,FWD,LAT,2,0,2,2764,1,1.0,2548,0.922,MB,3,2,2,"[MBL2, SNPL2] -> MBL3 -> [INP.MBL3, MB.VLNPL3]",MB,2,SNP,2,INP.MB,3,MB.VLNP,3
3194048,mixed,FWD->LAT,FWD,LAT,2,0,2,2764,1,1.0,2229,0.806,MB,3,2,2,"[INP.MBL2, MBL2] -> MBL3 -> [MB.VLNPL3, SNP.VLNPL3]",INP.MB,2,MB,2,MB.VLNP,3,SNP.VLNP,3
3171744,mixed,FWD->LAT,FWD,LAT,2,0,2,2764,2,2.0,2184,0.79,MB,3,2,2,"[LHL2, MBL2] -> MBL3 -> [MB.SNPL3, MB.VLNPL3]",LH,2,MB,2,MB.SNP,3,MB.VLNP,3
3151008,mixed,FWD->LAT,FWD,LAT,2,0,2,2764,2,1.79,511,0.185,MB,3,2,2,"[AL.MBL2, INP.MBL2] -> MBL3 -> [INP.VLNPL3, MB.SNPL3]",AL.MB,2,INP.MB,2,INP.VLNP,3,MB.SNP,3
3030384,mixed,FWD->LAT,FWD,LAT,2,0,2,2764,2,1.957,2548,0.922,MB,3,2,2,"[MBL2, VLNPL2] -> MBL3 -> [INP.VLNPL3, MB.VLNPL3]",MB,2,VLNP,2,INP.VLNP,3,MB.VLNP,3
2970488,mixed,FWD->LAT,FWD,LAT,2,0,2,2764,3,1.996,539,0.195,MB,3,2,2,"[AL.LHL2, AL.MBL2] -> MBL3 -> [MB.SNPL3, MB.VLNPL3]",AL.LH,2,AL.MB,2,MB.SNP,3,MB.VLNP,3
2901125,mixed,FWD->LAT,FWD,LAT,2,0,2,214,24,3.982,4625,21.612,AL.LH,2,2,2,"[ALL1, AL.PENPL1] -> AL.LHL2 -> [ALL2, MBL2]",AL,1,AL.PENP,1,AL,2,MB,2
2882660,mixed,FWD->LAT,FWD,LAT,2,0,2,2764,2,1.882,526,0.19,MB,3,2,2,"[AL.LHL2, MB.SNPL2] -> MBL3 -> [INP.MBL3, MB.VLNPL3]",AL.LH,2,MB.SNP,2,INP.MB,3,MB.VLNP,3
2870512,mixed,FWD->LAT,FWD,LAT,2,0,2,2764,2,1.671,2086,0.755,MB,3,2,2,"[INP.MBL2, MBL2] -> MBL3 -> [LH.MBL3, MB.VLNPL3]",INP.MB,2,MB,2,LH.MB,3,MB.VLNP,3
2870512,mixed,FWD->LAT,FWD,LAT,2,0,2,2764,2,1.671,3847,1.392,MB,3,2,2,"[INP.MBL2, MBL2] -> MBL3 -> [MB.VLNPL3, SNPL3]",INP.MB,2,MB,2,MB.VLNP,3,SNP,3
2867568,mixed,FWD->LAT,FWD,LAT,2,0,2,2764,2,1.862,2933,1.061,MB,3,2,2,"[AL.LHL2, MBL2] -> MBL3 -> [LH.SNPL3, MB.VLNPL3]",AL.LH,2,MB,2,LH.SNP,3,MB.VLNP,3
2867508,mixed,FWD->LAT,FWD,LAT,2,0,2,2764,2,1.3,2189,0.792,MB,3,2,2,"[INP.MBL2, MBL2] -> MBL3 -> [INP.VLNPL3, LH.MBL3]",INP.MB,2,MB,2,INP.VLNP,3,LH.MB,3
2867508,mixed,FWD->LAT,FWD,LAT,2,0,2,2764,2,1.3,3950,1.429,MB,3,2,2,"[INP.MBL2, MBL2] -> MBL3 -> [INP.VLNPL3, SNPL3]",INP.MB,2,MB,2,INP.VLNP,3,SNP,3
2834856,mixed,FWD->LAT,FWD,LAT,2,0,2,2764,4,1.57,2208,0.799,MB,3,2,2,"[MBL2, MB.SNPL2] -> MBL3 -> [INPL3, MB.SNPL3]",MB,2,MB.SNP,2,INP,3,MB.SNP,3
2779280,mixed,FWD->LAT,FWD,LAT,2,0,2,2764,2,1.753,428,0.155,MB,3,2,2,"[AL.MBL2, MB.VLNPL2] -> MBL3 -> [INP.MBL3, MB.VLNPL3]",AL.MB,2,MB.VLNP,2,INP.MB,3,MB.VLNP,3
2686404,mixed,FWD->LAT,FWD,LAT,2,0,2,2764,2,1.433,3036,1.098,MB,3,2,2,"[AL.LHL2, MBL2] -> MBL3 -> [INP.VLNPL3, LH.SNPL3]",AL.LH,2,MB,2,INP.VLNP,3,LH.SNP,3
2681352,mixed,FWD->LAT,FWD,LAT,2,0,2,145,15,5.836,4624,31.89,AL.MB,2,2,2,"[ALL1, AL.SNPL1] -> AL.MBL2 -> [ALL2, MBL2]",AL,1,AL.SNP,1,AL,2,MB,2
2678025,mixed,FWD->LAT,FWD,LAT,2,0,2,2764,2,1.451,629,0.228,MB,3,2,2,"[AL.LHL2, MB.SNPL2] -> MBL3 -> [INP.MBL3, INP.VLNPL3]",AL.LH,2,MB.SNP,2,INP.MB,3,INP.VLNP,3
2651880,mixed,FWD->LAT,FWD,LAT,2,0,2,2764,2,1.694,2287,0.827,MB,3,2,2,"[LHL2, MBL2] -> MBL3 -> [INP.VLNPL3, MB.SNPL3]",LH,2,MB,2,INP.VLNP,3,MB.SNP,3
2635584,mixed,FWD->LAT,FWD,LAT,2,0,2,2764,1,1.0,2830,1.024,MB,3,2,2,"[AL.MBL2, MBL2] -> MBL3 -> [INP.VLNPL3, LHL3]",AL.MB,2,MB,2,INP.VLNP,3,LH,3
2635584,mixed,FWD->LAT,FWD,LAT,2,0,2,2764,1,1.0,2388,0.864,MB,3,2,2,"[AL.MBL2, MBL2] -> MBL3 -> [INP.VLNPL3, VLNP.VMNPL3]",AL.MB,2,MB,2,INP.VLNP,3,VLNP.VMNP,3
2635584,mixed,FWD->LAT,FWD,LAT,2,0,2,2764,1,1.0,2620,0.948,MB,3,2,2,"[AL.MBL2, MBL2] -> MBL3 -> [INP.VLNPL3, VMNPL3]",AL.MB,2,MB,2,INP.VLNP,3,VMNP,3
2610520,mixed,FWD->LAT,FWD,LAT,2,0,2,2764,1,1.0,2177,0.788,MB,3,2,2,"[AL.LXL2, MBL2] -> MBL3 -> [INP.MBL3, MB.VLNPL3]",AL.LX,2,MB,2,INP.MB,3,MB.VLNP,3
2610520,mixed,FWD->LAT,FWD,LAT,2,0,2,2764,1,1.0,2179,0.788,MB,3,2,2,"[INP.LHL2, MBL2] -> MBL3 -> [INP.MBL3, MB.VLNPL3]",INP.LH,2,MB,2,INP.MB,3,MB.VLNP,3
2538522,mixed,FWD->LAT,FWD,LAT,2,0,2,2764,2,1.643,642,0.232,MB,3,2,2,"[AL.LHL2, AL.MBL2] -> MBL3 -> [INP.VLNPL3, MB.SNPL3]",AL.LH,2,AL.MB,2,INP.VLNP,3,MB.SNP,3
2517092,mixed,FWD->LAT,FWD,LAT,2,0,2,2764,2,1.994,2154,0.779,MB,3,2,2,"[AL.MBL2, MBL2] -> MBL3 -> [LH.MBL3, MB.SNPL3]",AL.MB,2,MB,2,LH.MB,3,MB.SNP,3
2517092,mixed,FWD->LAT,FWD,LAT,2,0,2,2764,2,1.994,3915,1.416,MB,3,2,2,"[AL.MBL2, MBL2] -> MBL3 -> [MB.SNPL3, SNPL3]",AL.MB,2,MB,2,MB.SNP,3,SNP,3
2486400,mixed,FWD->LAT,FWD,LAT,2,0,2,2764,1,1.0,2768,1.001,MB,3,2,2,"[INP.MBL2, MBL2] -> MBL3 -> [INP.VLNPL3, LHL3]",INP.MB,2,MB,2,INP.VLNP,3,LH,3
2486400,mixed,FWD->LAT,FWD,LAT,2,0,2,2764,1,1.0,2326,0.842,MB,3,2,2,"[INP.MBL2, MBL2] -> MBL3 -> [INP.VLNPL3, VLNP.VMNPL3]",INP.MB,2,MB,2,INP.VLNP,3,VLNP.VMNP,3
2486400,mixed,FWD->LAT,FWD,LAT,2,0,2,2764,1,1.0,2558,0.925,MB,3,2,2,"[INP.MBL2, MBL2] -> MBL3 -> [INP.VLNPL3, VMNPL3]",INP.MB,2,MB,2,INP.VLNP,3,VMNP,3
2437218,mixed,FWD->LAT,FWD,LAT,2,0,2,2764,2,1.225,2320,0.839,MB,3,2,2,"[AL.LHL2, MBL2] -> MBL3 -> [INP.VLNPL3, LH.MBL3]",AL.LH,2,MB,2,INP.VLNP,3,LH.MB,3
2437218,mixed,FWD->LAT,FWD,LAT,2,0,2,2764,2,1.225,4081,1.476,MB,3,2,2,"[AL.LHL2, MBL2] -> MBL3 -> [INP.VLNPL3, SNPL3]",AL.LH,2,MB,2,INP.VLNP,3,SNP,3
2407260,mixed,FWD->LAT,FWD,LAT,2,0,2,908,7,4.146,2164,2.383,AL,2,2,2,"[ALL1, AL.LHL1] -> ALL2 -> [AL.LHL2, AL.MBL2]",AL,1,AL.LH,1,AL.LH,2,AL.MB,2
2393890,mixed,FWD->LAT,FWD,LAT,2,0,2,2764,2,1.952,2141,0.775,MB,3,2,2,"[MBL2, MB.SNPL2] -> MBL3 -> [INP.MBL3, LH.MBL3]",MB,2,MB.SNP,2,INP.MB,3,LH.MB,3
2393890,mixed,FWD->LAT,FWD,LAT,2,0,2,2764,2,1.952,3902,1.412,MB,3,2,2,"[MBL2, MB.SNPL2] -> MBL3 -> [INP.MBL3, SNPL3]",MB,2,MB.SNP,2,INP.MB,3,SNP,3
2385432,mixed,FWD->LAT,FWD,LAT,2,0,2,2764,2,1.652,2193,0.793,MB,3,2,2,"[LH.MBL2, MBL2] -> MBL3 -> [INP.VLNPL3, MB.VLNPL3]",LH.MB,2,MB,2,INP.VLNP,3,MB.VLNP,3
2385432,mixed,FWD->LAT,FWD,LAT,2,0,2,2764,2,1.652,2319,0.839,MB,3,2,2,"[MBL2, VLNP.VMNPL2] -> MBL3 -> [INP.VLNPL3, MB.VLNPL3]",MB,2,VLNP.VMNP,2,INP.VLNP,3,MB.VLNP,3
2384384,mixed,FWD->LAT,FWD,LAT,2,0,2,2764,2,1.793,2451,0.887,MB,3,2,2,"[MBL2, VLNPL2] -> MBL3 -> [MB.SNPL3, MB.VLNPL3]",MB,2,VLNP,2,MB.SNP,3,MB.VLNP,3
2345464,mixed,FWD->LAT,FWD,LAT,2,0,2,2764,2,1.529,2217,0.802,MB,3,2,2,"[AL.LHL2, MBL2] -> MBL3 -> [LH.MBL3, MB.VLNPL3]",AL.LH,2,MB,2,LH.MB,3,MB.VLNP,3
2345464,mixed,FWD->LAT,FWD,LAT,2,0,2,2764,2,1.529,3978,1.439,MB,3,2,2,"[AL.LHL2, MBL2] -> MBL3 -> [MB.VLNPL3, SNPL3]",AL.LH,2,MB,2,MB.VLNP,3,SNP,3
2315334,mixed,FWD->LAT,FWD,LAT,2,0,2,2764,2,2.0,469,0.17,MB,3,2,2,"[AL.MBL2, MB.SNPL2] -> MBL3 -> [INP.VLNPL3, MB.VLNPL3]",AL.MB,2,MB.SNP,2,INP.VLNP,3,MB.VLNP,3
2241976,mixed,FWD->LAT,FWD,LAT,2,0,2,2764,1,1.0,2251,0.814,MB,3,2,2,"[AL.MBL2, MBL2] -> MBL3 -> [LX.VLNPL3, MB.VLNPL3]",AL.MB,2,MB,2,LX.VLNP,3,MB.VLNP,3
2196320,mixed,FWD->LAT,FWD,LAT,2,0,2,2764,1,1.0,2727,0.987,MB,3,2,2,"[AL.MBL2, MBL2] -> MBL3 -> [LHL3, MB.VLNPL3]",AL.MB,2,MB,2,LH,3,MB.VLNP,3
2196320,mixed,FWD->LAT,FWD,LAT,2,0,2,2764,1,1.0,2285,0.827,MB,3,2,2,"[AL.MBL2, MBL2] -> MBL3 -> [MB.VLNPL3, VLNP.VMNPL3]",AL.MB,2,MB,2,MB.VLNP,3,VLNP.VMNP,3
2196320,mixed,FWD->LAT,FWD,LAT,2,0,2,2764,1,1.0,2517,0.911,MB,3,2,2,"[AL.MBL2, MBL2] -> MBL3 -> [MB.VLNPL3, VMNPL3]",AL.MB,2,MB,2,MB.VLNP,3,VMNP,3
2188032,mixed,FWD->LAT,FWD,LAT,2,0,2,2764,1,1.0,2899,1.049,MB,3,2,2,"[AL.LHL2, MBL2] -> MBL3 -> [INP.VLNPL3, LHL3]",AL.LH,2,MB,2,INP.VLNP,3,LH,3
2188032,mixed,FWD->LAT,FWD,LAT,2,0,2,2764,1,1.0,2457,0.889,MB,3,2,2,"[AL.LHL2, MBL2] -> MBL3 -> [INP.VLNPL3, VLNP.VMNPL3]",AL.LH,2,MB,2,INP.VLNP,3,VLNP.VMNP,3
2188032,mixed,FWD->LAT,FWD,LAT,2,0,2,2764,1,1.0,2689,0.973,MB,3,2,2,"[AL.LHL2, MBL2] -> MBL3 -> [INP.VLNPL3, VMNPL3]",AL.LH,2,MB,2,INP.VLNP,3,VMNP,3
2088534,mixed,FWD->LAT,FWD,LAT,2,0,2,2764,6,1.992,401,0.145,MB,3,2,2,"[INP.MBL2, MB.SNPL2] -> MBL3 -> [INP.MBL3, MB.SNPL3]",INP.MB,2,MB.SNP,2,INP.MB,3,MB.SNP,3
2088416,mixed,FWD->LAT,FWD,LAT,2,0,2,2764,1,1.0,2360,0.854,MB,3,2,2,"[AL.LHL2, MBL2] -> MBL3 -> [MB.VLNPL3, SNP.VLNPL3]",AL.LH,2,MB,2,MB.VLNP,3,SNP.VLNP,3
2088416,mixed,FWD->LAT,FWD,LAT,2,0,2,2764,1,1.0,2193,0.793,MB,3,2,2,"[MBL2, MB.SNPL2] -> MBL3 -> [MB.VLNPL3, SNP.VLNPL3]",MB,2,MB.SNP,2,MB.VLNP,3,SNP.VLNP,3
2072000,mixed,FWD->LAT,FWD,LAT,2,0,2,2764,1,1.0,2665,0.964,MB,3,2,2,"[INP.MBL2, MBL2] -> MBL3 -> [LHL3, MB.VLNPL3]",INP.MB,2,MB,2,LH,3,MB.VLNP,3
2072000,mixed,FWD->LAT,FWD,LAT,2,0,2,2764,1,1.0,2223,0.804,MB,3,2,2,"[INP.MBL2, MBL2] -> MBL3 -> [MB.VLNPL3, VLNP.VMNPL3]",INP.MB,2,MB,2,MB.VLNP,3,VLNP.VMNP,3
2072000,mixed,FWD->LAT,FWD,LAT,2,0,2,2764,1,1.0,2455,0.888,MB,3,2,2,"[INP.MBL2, MBL2] -> MBL3 -> [MB.VLNPL3, VMNPL3]",INP.MB,2,MB,2,MB.VLNP,3,VMNP,3
2068496,mixed,FWD->LAT,FWD,LAT,2,0,2,2764,2,1.985,2808,1.016,MB,3,2,2,"[INP.MBL2, MBL2] -> MBL3 -> [LH.SNPL3, MB.SNPL3]",INP.MB,2,MB,2,LH.SNP,3,MB.SNP,3
2002168,mixed,FWD->LAT,FWD,LAT,2,0,2,2764,2,1.596,2173,0.786,MB,3,2,2,"[MBL2, MB.VLNPL2] -> MBL3 -> [INPL3, MB.VLNPL3]",MB,2,MB.VLNP,2,INP,3,MB.VLNP,3
1996932,mixed,FWD->LAT,FWD,LAT,2,0,2,2764,2,1.27,580,0.21,MB,3,2,2,"[AL.LHL2, INP.MBL2] -> MBL3 -> [INP.VLNPL3, MB.SNPL3]",AL.LH,2,INP.MB,2,INP.VLNP,3,MB.SNP,3
1968648,mixed,FWD->LAT,FWD,LAT,2,0,2,2764,2,1.617,477,0.173,MB,3,2,2,"[AL.LHL2, INP.MBL2] -> MBL3 -> [MB.SNPL3, MB.VLNPL3]",AL.LH,2,INP.MB,2,MB.SNP,3,MB.VLNP,3
160395277,mixed,FWD->BWD,FWD,BWD,2,2,0,2764,49,1.317,2353,0.851,MB,3,2,2,"[AL.LHL2, AL.MBL2] -> MBL3 -> [INP.MBL2, MBL2]",AL.LH,2,AL.MB,2,INP.MB,2,MB,2
157354236,mixed,FWD->BWD,FWD,BWD,2,2,0,2764,2,1.315,2353,0.851,MB,3,2,2,"[AL.LHL2, MBL2] -> MBL3 -> [AL.MBL2, INP.MBL2]",AL.LH,2,MB,2,AL.MB,2,INP.MB,2
157177072,mixed,FWD->BWD,FWD,BWD,2,2,0,2764,2,1.315,2353,0.851,MB,3,2,2,"[AL.LHL2, INP.MBL2] -> MBL3 -> [AL.MBL2, MBL2]",AL.LH,2,INP.MB,2,AL.MB,2,MB,2
122576048,mixed,FWD->BWD,FWD,BWD,2,2,0,2764,2,1.292,2353,0.851,MB,3,2,2,"[AL.MBL2, MBL2] -> MBL3 -> [AL.LHL2, INP.MBL2]",AL.MB,2,MB,2,AL.LH,2,INP.MB,2
122440396,mixed,FWD->BWD,FWD,BWD,2,2,0,2764,2,1.291,2353,0.851,MB,3,2,2,"[AL.MBL2, INP.MBL2] -> MBL3 -> [AL.LHL2, MBL2]",AL.MB,2,INP.MB,2,AL.LH,2,MB,2
120127696,mixed,FWD->BWD,FWD,BWD,2,2,0,2764,2,1.289,2353,0.851,MB,3,2,2,"[INP.MBL2, MBL2] -> MBL3 -> [AL.LHL2, AL.MBL2]",INP.MB,2,MB,2,AL.LH,2,AL.MB,2
71886714,mixed,FWD->BWD,FWD,BWD,2,2,0,2764,45,1.62,2186,0.791,MB,3,2,2,"[AL.MBL2, MBL2] -> MBL3 -> [INP.MBL2, MB.SNPL2]",AL.MB,2,MB,2,INP.MB,2,MB.SNP,2
71788262,mixed,FWD->BWD,FWD,BWD,2,2,0,2764,2,1.619,2186,0.791,MB,3,2,2,"[AL.MBL2, INP.MBL2] -> MBL3 -> [MBL2, MB.SNPL2]",AL.MB,2,INP.MB,2,MB,2,MB.SNP,2
70371912,mixed,FWD->BWD,FWD,BWD,2,2,0,2764,2,1.616,2186,0.791,MB,3,2,2,"[INP.MBL2, MBL2] -> MBL3 -> [AL.MBL2, MB.SNPL2]",INP.MB,2,MB,2,AL.MB,2,MB.SNP,2
69481386,mixed,FWD->BWD,FWD,BWD,2,2,0,2764,2,1.778,2186,0.791,MB,3,2,2,"[AL.MBL2, MB.SNPL2] -> MBL3 -> [INP.MBL2, MBL2]",AL.MB,2,MB.SNP,2,INP.MB,2,MB,2
68080636,mixed,FWD->BWD,FWD,BWD,2,2,0,2764,2,1.774,2186,0.791,MB,3,2,2,"[MBL2, MB.SNPL2] -> MBL3 -> [AL.MBL2, INP.MBL2]",MB,2,MB.SNP,2,AL.MB,2,INP.MB,2
67978872,mixed,FWD->BWD,FWD,BWD,2,2,0,2764,2,1.773,2186,0.791,MB,3,2,2,"[INP.MBL2, MB.SNPL2] -> MBL3 -> [AL.MBL2, MBL2]",INP.MB,2,MB.SNP,2,AL.MB,2,MB,2
58992117,mixed,FWD->BWD,FWD,BWD,2,2,0,2764,110,1.484,2317,0.838,MB,3,2,2,"[AL.LHL2, AL.MBL2] -> MBL3 -> [MBL2, MB.SNPL2]",AL.LH,2,AL.MB,2,MB,2,MB.SNP,2
57847668,mixed,FWD->BWD,FWD,BWD,2,2,0,2764,2,1.481,2317,0.838,MB,3,2,2,"[AL.LHL2, MBL2] -> MBL3 -> [AL.MBL2, MB.SNPL2]",AL.LH,2,MB,2,AL.MB,2,MB.SNP,2
54881784,mixed,FWD->BWD,FWD,BWD,2,2,0,2764,2,1.626,2317,0.838,MB,3,2,2,"[AL.LHL2, MB.SNPL2] -> MBL3 -> [AL.MBL2, MBL2]",AL.LH,2,MB.SNP,2,AL.MB,2,MB,2
48600937,mixed,FWD->BWD,FWD,BWD,2,2,0,2764,36,1.193,2255,0.816,MB,3,2,2,"[AL.LHL2, MBL2] -> MBL3 -> [INP.MBL2, MB.SNPL2]",AL.LH,2,MB,2,INP.MB,2,MB.SNP,2
48551048,mixed,FWD->BWD,FWD,BWD,2,2,0,2764,2,1.193,2255,0.816,MB,3,2,2,"[AL.LHL2, INP.MBL2] -> MBL3 -> [MBL2, MB.SNPL2]",AL.LH,2,INP.MB,2,MB,2,MB.SNP,2
44830928,mixed,FWD->BWD,FWD,BWD,2,2,0,2764,2,1.447,2317,0.838,MB,3,2,2,"[AL.MBL2, MBL2] -> MBL3 -> [AL.LHL2, MB.SNPL2]",AL.MB,2,MB,2,AL.LH,2,MB.SNP,2
44268744,mixed,FWD->BWD,FWD,BWD,2,2,0,2764,2,1.263,2255,0.816,MB,3,2,2,"[AL.LHL2, MB.SNPL2] -> MBL3 -> [INP.MBL2, MBL2]",AL.LH,2,MB.SNP,2,INP.MB,2,MB,2
42341322,mixed,FWD->BWD,FWD,BWD,2,2,0,2764,2,1.587,2317,0.838,MB,3,2,2,"[AL.MBL2, MB.SNPL2] -> MBL3 -> [AL.LHL2, MBL2]",AL.MB,2,MB.SNP,2,AL.LH,2,MB,2
41509512,mixed,FWD->BWD,FWD,BWD,2,2,0,2764,2,1.583,2317,0.838,MB,3,2,2,"[MBL2, MB.SNPL2] -> MBL3 -> [AL.LHL2, AL.MBL2]",MB,2,MB.SNP,2,AL.LH,2,AL.MB,2
37266464,mixed,FWD->BWD,FWD,BWD,2,2,0,2764,2,1.177,2255,0.816,MB,3,2,2,"[INP.MBL2, MBL2] -> MBL3 -> [AL.LHL2, MB.SNPL2]",INP.MB,2,MB,2,AL.LH,2,MB.SNP,2
33894192,mixed,FWD->BWD,FWD,BWD,2,2,0,2764,2,1.242,2255,0.816,MB,3,2,2,"[MBL2, MB.SNPL2] -> MBL3 -> [AL.LHL2, INP.MBL2]",MB,2,MB.SNP,2,AL.LH,2,INP.MB,2
33858084,mixed,FWD->BWD,FWD,BWD,2,2,0,2764,2,1.241,2255,0.816,MB,3,2,2,"[INP.MBL2, MB.SNPL2] -> MBL3 -> [AL.LHL2, MBL2]",INP.MB,2,MB.SNP,2,AL.LH,2,MB,2
28099228,mixed,FWD->BWD,FWD,BWD,2,2,0,2764,2,1.793,2157,0.78,MB,3,2,2,"[AL.MBL2, MBL2] -> MBL3 -> [INP.MBL2, MB.VLNPL2]",AL.MB,2,MB,2,INP.MB,2,MB.VLNP,2
28056756,mixed,FWD->BWD,FWD,BWD,2,2,0,2764,2,1.792,2157,0.78,MB,3,2,2,"[AL.MBL2, INP.MBL2] -> MBL3 -> [MBL2, MB.VLNPL2]",AL.MB,2,INP.MB,2,MB,2,MB.VLNP,2
28056756,mixed,FWD->BWD,FWD,BWD,2,2,0,2764,2,1.792,2157,0.78,MB,3,2,2,"[AL.MBL2, MB.VLNPL2] -> MBL3 -> [INP.MBL2, MBL2]",AL.MB,2,MB.VLNP,2,INP.MB,2,MB,2
27489956,mixed,FWD->BWD,FWD,BWD,2,2,0,2764,2,1.789,2157,0.78,MB,3,2,2,"[INP.MBL2, MBL2] -> MBL3 -> [AL.MBL2, MB.VLNPL2]",INP.MB,2,MB,2,AL.MB,2,MB.VLNP,2
27489956,mixed,FWD->BWD,FWD,BWD,2,2,0,2764,2,1.789,2157,0.78,MB,3,2,2,"[MBL2, MB.VLNPL2] -> MBL3 -> [AL.MBL2, INP.MBL2]",MB,2,MB.VLNP,2,AL.MB,2,INP.MB,2
27448512,mixed,FWD->BWD,FWD,BWD,2,2,0,2764,2,1.788,2157,0.78,MB,3,2,2,"[INP.MBL2, MB.VLNPL2] -> MBL3 -> [AL.MBL2, MBL2]",INP.MB,2,MB.VLNP,2,AL.MB,2,MB,2
26400612,mixed,FWD->BWD,FWD,BWD,2,2,0,2764,3,1.105,3047,1.102,MB,3,2,2,"[ALL2, AL.MBL2] -> MBL3 -> [INP.MBL2, MBL2]",AL,2,AL.MB,2,INP.MB,2,MB,2
25915708,mixed,FWD->BWD,FWD,BWD,2,2,0,2764,2,1.104,3047,1.102,MB,3,2,2,"[ALL2, MBL2] -> MBL3 -> [AL.MBL2, INP.MBL2]",AL,2,MB,2,AL.MB,2,INP.MB,2
25891216,mixed,FWD->BWD,FWD,BWD,2,2,0,2764,2,1.104,3047,1.102,MB,3,2,2,"[ALL2, INP.MBL2] -> MBL3 -> [AL.MBL2, MBL2]",AL,2,INP.MB,2,AL.MB,2,MB,2
23288004,mixed,FWD->BWD,FWD,BWD,2,2,0,2764,2,1.12,2179,0.788,MB,3,2,2,"[AL.MBL2, MBL2] -> MBL3 -> [INP.MBL2, INP.VLNPL2]",AL.MB,2,MB,2,INP.MB,2,INP.VLNP,2
23265658,mixed,FWD->BWD,FWD,BWD,2,2,0,2764,2,1.12,2179,0.788,MB,3,2,2,"[AL.MBL2, INP.MBL2] -> MBL3 -> [INP.VLNPL2, MBL2]",AL.MB,2,INP.MB,2,INP.VLNP,2,MB,2
23265658,mixed,FWD->BWD,FWD,BWD,2,2,0,2764,2,1.12,2179,0.788,MB,3,2,2,"[AL.MBL2, INP.VLNPL2] -> MBL3 -> [INP.MBL2, MBL2]",AL.MB,2,INP.VLNP,2,INP.MB,2,MB,2
22837308,mixed,FWD->BWD,FWD,BWD,2,2,0,2764,2,1.119,2179,0.788,MB,3,2,2,"[INP.MBL2, MBL2] -> MBL3 -> [AL.MBL2, INP.VLNPL2]",INP.MB,2,MB,2,AL.MB,2,INP.VLNP,2
22837308,mixed,FWD->BWD,FWD,BWD,2,2,0,2764,2,1.119,2179,0.788,MB,3,2,2,"[INP.VLNPL2, MBL2] -> MBL3 -> [AL.MBL2, INP.MBL2]",INP.VLNP,2,MB,2,AL.MB,2,INP.MB,2
22815416,mixed,FWD->BWD,FWD,BWD,2,2,0,2764,2,1.119,2179,0.788,MB,3,2,2,"[INP.MBL2, INP.VLNPL2] -> MBL3 -> [AL.MBL2, MBL2]",INP.MB,2,INP.VLNP,2,AL.MB,2,MB,2
22598688,mixed,FWD->BWD,FWD,BWD,2,2,0,2764,2,1.645,2288,0.828,MB,3,2,2,"[AL.LHL2, AL.MBL2] -> MBL3 -> [MBL2, MB.VLNPL2]",AL.LH,2,AL.MB,2,MB,2,MB.VLNP,2
22493704,mixed,FWD->BWD,FWD,BWD,2,2,0,2764,2,1.077,3178,1.15,MB,3,2,2,"[ALL2, AL.LHL2] -> MBL3 -> [AL.MBL2, MBL2]",AL,2,AL.LH,2,AL.MB,2,MB,2
22151354,mixed,FWD->BWD,FWD,BWD,2,2,0,2764,2,1.641,2288,0.828,MB,3,2,2,"[AL.LHL2, MBL2] -> MBL3 -> [AL.MBL2, MB.VLNPL2]",AL.LH,2,MB,2,AL.MB,2,MB.VLNP,2
22120728,mixed,FWD->BWD,FWD,BWD,2,2,0,2764,2,1.64,2288,0.828,MB,3,2,2,"[AL.LHL2, MB.VLNPL2] -> MBL3 -> [AL.MBL2, MBL2]",AL.LH,2,MB.VLNP,2,AL.MB,2,MB,2
21128436,mixed,FWD->BWD,FWD,BWD,2,2,0,2764,3,1.03,3116,1.127,MB,3,2,2,"[ALL2, AL.LHL2] -> MBL3 -> [INP.MBL2, MBL2]",AL,2,AL.LH,2,INP.MB,2,MB,2
20175028,mixed,FWD->BWD,FWD,BWD,2,2,0,2764,2,1.089,2310,0.836,MB,3,2,2,"[AL.LHL2, AL.MBL2] -> MBL3 -> [INP.VLNPL2, MBL2]",AL.LH,2,AL.MB,2,INP.VLNP,2,MB,2
20150404,mixed,FWD->BWD,FWD,BWD,2,2,0,2764,2,1.14,3047,1.102,MB,3,2,2,"[AL.MBL2, MBL2] -> MBL3 -> [ALL2, INP.MBL2]",AL.MB,2,MB,2,AL,2,INP.MB,2
20130708,mixed,FWD->BWD,FWD,BWD,2,2,0,2764,2,1.14,3047,1.102,MB,3,2,2,"[AL.MBL2, INP.MBL2] -> MBL3 -> [ALL2, MBL2]",AL.MB,2,INP.MB,2,AL,2,MB,2
19805430,mixed,FWD->BWD,FWD,BWD,2,2,0,2764,2,1.089,2310,0.836,MB,3,2,2,"[AL.LHL2, MBL2] -> MBL3 -> [AL.MBL2, INP.VLNPL2]",AL.LH,2,MB,2,AL.MB,2,INP.VLNP,2
19787000,mixed,FWD->BWD,FWD,BWD,2,2,0,2764,2,1.089,2310,0.836,MB,3,2,2,"[AL.LHL2, INP.VLNPL2] -> MBL3 -> [AL.MBL2, MBL2]",AL.LH,2,INP.VLNP,2,AL.MB,2,MB,2
19758908,mixed,FWD->BWD,FWD,BWD,2,2,0,2764,2,1.139,3047,1.102,MB,3,2,2,"[INP.MBL2, MBL2] -> MBL3 -> [ALL2, AL.MBL2]",INP.MB,2,MB,2,AL,2,AL.MB,2
18542116,mixed,FWD->BWD,FWD,BWD,2,2,0,2764,2,1.034,2248,0.813,MB,3,2,2,"[AL.LHL2, MBL2] -> MBL3 -> [INP.MBL2, INP.VLNPL2]",AL.LH,2,MB,2,INP.MB,2,INP.VLNP,2
18525832,mixed,FWD->BWD,FWD,BWD,2,2,0,2764,2,1.034,2248,0.813,MB,3,2,2,"[AL.LHL2, INP.MBL2] -> MBL3 -> [INP.VLNPL2, MBL2]",AL.LH,2,INP.MB,2,INP.VLNP,2,MB,2
18525832,mixed,FWD->BWD,FWD,BWD,2,2,0,2764,2,1.034,2248,0.813,MB,3,2,2,"[AL.LHL2, INP.VLNPL2] -> MBL3 -> [INP.MBL2, MBL2]",AL.LH,2,INP.VLNP,2,INP.MB,2,MB,2
17788412,mixed,FWD->BWD,FWD,BWD,2,2,0,2764,2,1.271,2226,0.805,MB,3,2,2,"[AL.LHL2, MBL2] -> MBL3 -> [INP.MBL2, MB.VLNPL2]",AL.LH,2,MB,2,INP.MB,2,MB.VLNP,2
17769024,mixed,FWD->BWD,FWD,BWD,2,2,0,2764,2,1.271,2226,0.805,MB,3,2,2,"[AL.LHL2, INP.MBL2] -> MBL3 -> [MBL2, MB.VLNPL2]",AL.LH,2,INP.MB,2,MB,2,MB.VLNP,2
17769024,mixed,FWD->BWD,FWD,BWD,2,2,0,2764,2,1.271,2226,0.805,MB,3,2,2,"[AL.LHL2, MB.VLNPL2] -> MBL3 -> [INP.MBL2, MBL2]",AL.LH,2,MB.VLNP,2,INP.MB,2,MB,2
17663824,mixed,FWD->BWD,FWD,BWD,2,2,0,2764,2,1.071,3178,1.15,MB,3,2,2,"[ALL2, AL.MBL2] -> MBL3 -> [AL.LHL2, MBL2]",AL,2,AL.MB,2,AL.LH,2,MB,2
17419444,mixed,FWD->BWD,FWD,BWD,2,2,0,2764,4,1.104,3178,1.15,MB,3,2,2,"[AL.LHL2, AL.MBL2] -> MBL3 -> [ALL2, MBL2]",AL.LH,2,AL.MB,2,AL,2,MB,2
17341192,mixed,FWD->BWD,FWD,BWD,2,2,0,2764,2,1.071,3178,1.15,MB,3,2,2,"[ALL2, MBL2] -> MBL3 -> [AL.LHL2, AL.MBL2]",AL,2,MB,2,AL.LH,2,AL.MB,2
17096878,mixed,FWD->BWD,FWD,BWD,2,2,0,2764,4,1.103,3178,1.15,MB,3,2,2,"[AL.LHL2, MBL2] -> MBL3 -> [ALL2, AL.MBL2]",AL.LH,2,MB,2,AL,2,AL.MB,2
17081544,mixed,FWD->BWD,FWD,BWD,2,2,0,2764,2,1.601,2288,0.828,MB,3,2,2,"[AL.MBL2, MBL2] -> MBL3 -> [AL.LHL2, MB.VLNPL2]",AL.MB,2,MB,2,AL.LH,2,MB.VLNP,2
17058468,mixed,FWD->BWD,FWD,BWD,2,2,0,2764,2,1.6,2288,0.828,MB,3,2,2,"[AL.MBL2, MB.VLNPL2] -> MBL3 -> [AL.LHL2, MBL2]",AL.MB,2,MB.VLNP,2,AL.LH,2,MB,2
16722744,mixed,FWD->BWD,FWD,BWD,2,2,0,2764,2,1.597,2288,0.828,MB,3,2,2,"[MBL2, MB.VLNPL2] -> MBL3 -> [AL.LHL2, AL.MBL2]",MB,2,MB.VLNP,2,AL.LH,2,AL.MB,2
16320176,mixed,FWD->BWD,FWD,BWD,2,2,0,2764,2,1.027,3116,1.127,MB,3,2,2,"[ALL2, MBL2] -> MBL3 -> [AL.LHL2, INP.MBL2]",AL,2,MB,2,AL.LH,2,INP.MB,2
16305952,mixed,FWD->BWD,FWD,BWD,2,2,0,2764,2,1.027,3116,1.127,MB,3,2,2,"[ALL2, INP.MBL2] -> MBL3 -> [AL.LHL2, MBL2]",AL,2,INP.MB,2,AL.LH,2,MB,2
15937316,mixed,FWD->BWD,FWD,BWD,2,2,0,2764,2,1.039,3116,1.127,MB,3,2,2,"[AL.LHL2, MBL2] -> MBL3 -> [ALL2, INP.MBL2]",AL.LH,2,MB,2,AL,2,INP.MB,2
15923232,mixed,FWD->BWD,FWD,BWD,2,2,0,2764,2,1.039,3116,1.127,MB,3,2,2,"[AL.LHL2, INP.MBL2] -> MBL3 -> [ALL2, MBL2]",AL.LH,2,INP.MB,2,AL,2,MB,2
15546424,mixed,FWD->BWD,FWD,BWD,2,2,0,2764,2,1.082,2310,0.836,MB,3,2,2,"[AL.MBL2, MBL2] -> MBL3 -> [AL.LHL2, INP.VLNPL2]",AL.MB,2,MB,2,AL.LH,2,INP.VLNP,2
15532058,mixed,FWD->BWD,FWD,BWD,2,2,0,2764,2,1.082,2310,0.836,MB,3,2,2,"[AL.MBL2, INP.VLNPL2] -> MBL3 -> [AL.LHL2, MBL2]",AL.MB,2,INP.VLNP,2,AL.LH,2,MB,2
15247880,mixed,FWD->BWD,FWD,BWD,2,2,0,2764,2,1.081,2310,0.836,MB,3,2,2,"[INP.VLNPL2, MBL2] -> MBL3 -> [AL.LHL2, AL.MBL2]",INP.VLNP,2,MB,2,AL.LH,2,AL.MB,2
14307376,mixed,FWD->BWD,FWD,BWD,2,2,0,2764,2,1.031,2248,0.813,MB,3,2,2,"[INP.MBL2, MBL2] -> MBL3 -> [AL.LHL2, INP.VLNPL2]",INP.MB,2,MB,2,AL.LH,2,INP.VLNP,2
14307376,mixed,FWD->BWD,FWD,BWD,2,2,0,2764,2,1.031,2248,0.813,MB,3,2,2,"[INP.VLNPL2, MBL2] -> MBL3 -> [AL.LHL2, INP.MBL2]",INP.VLNP,2,MB,2,AL.LH,2,INP.MB,2
14294852,mixed,FWD->BWD,FWD,BWD,2,2,0,2764,2,1.031,2248,0.813,MB,3,2,2,"[INP.MBL2, INP.VLNPL2] -> MBL3 -> [AL.LHL2, MBL2]",INP.MB,2,INP.VLNP,2,AL.LH,2,MB,2
13601232,mixed,FWD->BWD,FWD,BWD,2,2,0,2764,2,1.248,2226,0.805,MB,3,2,2,"[INP.MBL2, MBL2] -> MBL3 -> [AL.LHL2, MB.VLNPL2]",INP.MB,2,MB,2,AL.LH,2,MB.VLNP,2
13601232,mixed,FWD->BWD,FWD,BWD,2,2,0,2764,2,1.248,2226,0.805,MB,3,2,2,"[MBL2, MB.VLNPL2] -> MBL3 -> [AL.LHL2, INP.MBL2]",MB,2,MB.VLNP,2,AL.LH,2,INP.MB,2
13586664,mixed,FWD->BWD,FWD,BWD,2,2,0,2764,2,1.248,2226,0.805,MB,3,2,2,"[INP.MBL2, MB.VLNPL2] -> MBL3 -> [AL.LHL2, MBL2]",INP.MB,2,MB.VLNP,2,AL.LH,2,MB,2
13412980,mixed,FWD->BWD,FWD,BWD,2,2,0,2764,4,1.095,3178,1.15,MB,3,2,2,"[AL.MBL2, MBL2] -> MBL3 -> [ALL2, AL.LHL2]",AL.MB,2,MB,2,AL,2,AL.LH,2
12294576,mixed,FWD->BWD,FWD,BWD,2,2,0,2764,2,1.036,3116,1.127,MB,3,2,2,"[INP.MBL2, MBL2] -> MBL3 -> [ALL2, AL.LHL2]",INP.MB,2,MB,2,AL,2,AL.LH,2
12046866,mixed,FWD->BWD,FWD,BWD,2,2,0,2764,2,1.521,2219,0.803,MB,3,2,2,"[AL.MBL2, LH.SNPL2] -> MBL3 -> [INP.MBL2, MBL2]",AL.MB,2,LH.SNP,2,INP.MB,2,MB,2
11812216,mixed,FWD->BWD,FWD,BWD,2,2,0,2764,2,1.518,2219,0.803,MB,3,2,2,"[LH.SNPL2, MBL2] -> MBL3 -> [AL.MBL2, INP.MBL2]",LH.SNP,2,MB,2,AL.MB,2,INP.MB,2
11797032,mixed,FWD->BWD,FWD,BWD,2,2,0,2764,2,1.517,2219,0.803,MB,3,2,2,"[INP.MBL2, LH.SNPL2] -> MBL3 -> [AL.MBL2, MBL2]",INP.MB,2,LH.SNP,2,AL.MB,2,MB,2
11689062,mixed,FWD->BWD,FWD,BWD,2,2,0,2764,2,1.998,2121,0.767,MB,3,2,2,"[AL.MBL2, MB.SNPL2] -> MBL3 -> [MBL2, MB.VLNPL2]",AL.MB,2,MB.SNP,2,MB,2,MB.VLNP,2
11438522,mixed,FWD->BWD,FWD,BWD,2,2,0,2764,2,1.998,2121,0.767,MB,3,2,2,"[MBL2, MB.SNPL2] -> MBL3 -> [AL.MBL2, MB.VLNPL2]",MB,2,MB.SNP,2,AL.MB,2,MB.VLNP,2
11416944,mixed,FWD->BWD,FWD,BWD,2,2,0,2764,2,1.998,2121,0.767,MB,3,2,2,"[MB.SNPL2, MB.VLNPL2] -> MBL3 -> [AL.MBL2, MBL2]",MB.SNP,2,MB.VLNP,2,AL.MB,2,MB,2
11394196,mixed,FWD->BWD,FWD,BWD,2,2,0,2764,2,1.97,2121,0.767,MB,3,2,2,"[AL.MBL2, MBL2] -> MBL3 -> [MB.SNPL2, MB.VLNPL2]",AL.MB,2,MB,2,MB.SNP,2,MB.VLNP,2
11374482,mixed,FWD->BWD,FWD,BWD,2,2,0,2764,2,1.969,2121,0.767,MB,3,2,2,"[AL.MBL2, MB.VLNPL2] -> MBL3 -> [MBL2, MB.SNPL2]",AL.MB,2,MB.VLNP,2,MB,2,MB.SNP,2
11136620,mixed,FWD->BWD,FWD,BWD,2,2,0,2764,2,1.968,2121,0.767,MB,3,2,2,"[MBL2, MB.VLNPL2] -> MBL3 -> [AL.MBL2, MB.SNPL2]",MB,2,MB.VLNP,2,AL.MB,2,MB.SNP,2
9800256,mixed,FWD->BWD,FWD,BWD,2,2,0,2764,2,1.397,2350,0.85,MB,3,2,2,"[AL.LHL2, LH.SNPL2] -> MBL3 -> [AL.MBL2, MBL2]",AL.LH,2,LH.SNP,2,AL.MB,2,MB,2
9238391,mixed,FWD->BWD,FWD,BWD,2,2,0,2764,7,1.166,3011,1.089,MB,3,2,2,"[ALL2, AL.MBL2] -> MBL3 -> [MBL2, MB.SNPL2]",AL,2,AL.MB,2,MB,2,MB.SNP,2
9067060,mixed,FWD->BWD,FWD,BWD,2,2,0,2764,2,1.165,3011,1.089,MB,3,2,2,"[ALL2, MBL2] -> MBL3 -> [AL.MBL2, MB.SNPL2]",AL,2,MB,2,AL.MB,2,MB.SNP,2
8911916,mixed,FWD->BWD,FWD,BWD,2,2,0,2764,2,1.716,2232,0.808,MB,3,2,2,"[AL.MBL2, LHL2] -> MBL3 -> [INP.MBL2, MBL2]",AL.MB,2,LH,2,INP.MB,2,MB,2
8733816,mixed,FWD->BWD,FWD,BWD,2,2,0,2764,2,1.712,2232,0.808,MB,3,2,2,"[LHL2, MBL2] -> MBL3 -> [AL.MBL2, INP.MBL2]",LH,2,MB,2,AL.MB,2,INP.MB,2
8721232,mixed,FWD->BWD,FWD,BWD,2,2,0,2764,2,1.711,2232,0.808,MB,3,2,2,"[INP.MBL2, LHL2] -> MBL3 -> [AL.MBL2, MBL2]",INP.MB,2,LH,2,AL.MB,2,MB,2
8423064,mixed,FWD->BWD,FWD,BWD,2,2,0,2764,2,1.157,2288,0.828,MB,3,2,2,"[AL.LHL2, LH.SNPL2] -> MBL3 -> [INP.MBL2, MBL2]",AL.LH,2,LH.SNP,2,INP.MB,2,MB,2
8305273,mixed,FWD->BWD,FWD,BWD,2,2,0,2764,3,1.063,2949,1.067,MB,3,2,2,"[ALL2, MBL2] -> MBL3 -> [INP.MBL2, MB.SNPL2]",AL,2,MB,2,INP.MB,2,MB.SNP,2
8297744,mixed,FWD->BWD,FWD,BWD,2,2,0,2764,2,1.063,2949,1.067,MB,3,2,2,"[ALL2, INP.MBL2] -> MBL3 -> [MBL2, MB.SNPL2]",AL,2,INP.MB,2,MB,2,MB.SNP,2
8221992,mixed,FWD->BWD,FWD,BWD,2,2,0,2764,2,1.225,3011,1.089,MB,3,2,2,"[ALL2, MB.SNPL2] -> MBL3 -> [AL.MBL2, MBL2]",AL,2,MB.SNP,2,AL.MB,2,MB,2
8180844,mixed,FWD->BWD,FWD,BWD,2,2,0,2764,2,1.189,2143,0.775,MB,3,2,2,"[AL.MBL2, MBL2] -> MBL3 -> [INP.VLNPL2, MB.SNPL2]",AL.MB,2,MB,2,INP.VLNP,2,MB.SNP,2
8172493,mixed,FWD->BWD,FWD,BWD,2,2,0,2764,2,1.189,2143,0.775,MB,3,2,2,"[AL.MBL2, INP.VLNPL2] -> MBL3 -> [MBL2, MB.SNPL2]",AL.MB,2,INP.VLNP,2,MB,2,MB.SNP,2
8020404,mixed,FWD->BWD,FWD,BWD,2,2,0,2764,2,1.188,2143,0.775,MB,3,2,2,"[INP.VLNPL2, MBL2] -> MBL3 -> [AL.MBL2, MB.SNPL2]",INP.VLNP,2,MB,2,AL.MB,2,MB.SNP,2
7817848,mixed,FWD->BWD,FWD,BWD,2,2,0,2764,3,1.542,2059,0.745,MB,3,2,2,"[MBL2, MB.VLNPL2] -> MBL3 -> [INP.MBL2, MB.SNPL2]",MB,2,MB.VLNP,2,INP.MB,2,MB.SNP,2
7816904,mixed,FWD->BWD,FWD,BWD,2,2,0,2764,2,1.542,2059,0.745,MB,3,2,2,"[INP.MBL2, MBL2] -> MBL3 -> [MB.SNPL2, MB.VLNPL2]",INP.MB,2,MB,2,MB.SNP,2,MB.VLNP,2
7806732,mixed,FWD->BWD,FWD,BWD,2,2,0,2764,3,1.541,2059,0.745,MB,3,2,2,"[INP.MBL2, MB.VLNPL2] -> MBL3 -> [MBL2, MB.SNPL2]",INP.MB,2,MB.VLNP,2,MB,2,MB.SNP,2
7614690,mixed,FWD->BWD,FWD,BWD,2,2,0,2764,2,1.368,2350,0.85,MB,3,2,2,"[AL.MBL2, LH.SNPL2] -> MBL3 -> [AL.LHL2, MBL2]",AL.MB,2,LH.SNP,2,AL.LH,2,MB,2
7600007,mixed,FWD->BWD,FWD,BWD,2,2,0,2764,3,1.404,2144,0.776,MB,3,2,2,"[AL.MBL2, MBL2] -> MBL3 -> [INP.MBL2, LH.MBL2]",AL.MB,2,MB,2,INP.MB,2,LH.MB,2
7590908,mixed,FWD->BWD,FWD,BWD,2,2,0,2764,2,1.403,2144,0.776,MB,3,2,2,"[AL.MBL2, INP.MBL2] -> MBL3 -> [LH.MBL2, MBL2]",AL.MB,2,INP.MB,2,LH.MB,2,MB,2
7487612,mixed,FWD->BWD,FWD,BWD,2,2,0,2764,2,1.696,2059,0.745,MB,3,2,2,"[MBL2, MB.SNPL2] -> MBL3 -> [INP.MBL2, MB.VLNPL2]",MB,2,MB.SNP,2,INP.MB,2,MB.VLNP,2
7476932,mixed,FWD->BWD,FWD,BWD,2,2,0,2764,3,1.695,2059,0.745,MB,3,2,2,"[MB.SNPL2, MB.VLNPL2] -> MBL3 -> [INP.MBL2, MBL2]",MB.SNP,2,MB.VLNP,2,INP.MB,2,MB,2
7476924,mixed,FWD->BWD,FWD,BWD,2,2,0,2764,2,1.695,2059,0.745,MB,3,2,2,"[INP.MBL2, MB.SNPL2] -> MBL3 -> [MBL2, MB.VLNPL2]",INP.MB,2,MB.SNP,2,MB,2,MB.VLNP,2
7469328,mixed,FWD->BWD,FWD,BWD,2,2,0,2764,2,1.366,2350,0.85,MB,3,2,2,"[LH.SNPL2, MBL2] -> MBL3 -> [AL.LHL2, AL.MBL2]",LH.SNP,2,MB,2,AL.LH,2,AL.MB,2
7447131,mixed,FWD->BWD,FWD,BWD,2,2,0,2764,2,1.258,2143,0.775,MB,3,2,2,"[AL.MBL2, MB.SNPL2] -> MBL3 -> [INP.VLNPL2, MBL2]",AL.MB,2,MB.SNP,2,INP.VLNP,2,MB,2
7445308,mixed,FWD->BWD,FWD,BWD,2,2,0,2764,2,1.401,2144,0.776,MB,3,2,2,"[INP.MBL2, MBL2] -> MBL3 -> [AL.MBL2, LH.MBL2]",INP.MB,2,MB,2,AL.MB,2,LH.MB,2
7405632,mixed,FWD->BWD,FWD,BWD,2,2,0,2764,2,1.087,2949,1.067,MB,3,2,2,"[ALL2, MB.SNPL2] -> MBL3 -> [INP.MBL2, MBL2]",AL,2,MB.SNP,2,INP.MB,2,MB,2
7307126,mixed,FWD->BWD,FWD,BWD,2,2,0,2764,2,1.256,2143,0.775,MB,3,2,2,"[MBL2, MB.SNPL2] -> MBL3 -> [AL.MBL2, INP.VLNPL2]",MB,2,MB.SNP,2,AL.MB,2,INP.VLNP,2
7299580,mixed,FWD->BWD,FWD,BWD,2,2,0,2764,3,1.072,2081,0.753,MB,3,2,2,"[INP.MBL2, MBL2] -> MBL3 -> [INP.VLNPL2, MB.SNPL2]",INP.MB,2,MB,2,INP.VLNP,2,MB.SNP,2
7299344,mixed,FWD->BWD,FWD,BWD,2,2,0,2764,3,1.072,2081,0.753,MB,3,2,2,"[INP.VLNPL2, MBL2] -> MBL3 -> [INP.MBL2, MB.SNPL2]",INP.VLNP,2,MB,2,INP.MB,2,MB.SNP,2
7299252,mixed,FWD->BWD,FWD,BWD,2,2,0,2764,2,1.256,2143,0.775,MB,3,2,2,"[INP.VLNPL2, MB.SNPL2] -> MBL3 -> [AL.MBL2, MBL2]",INP.VLNP,2,MB.SNP,2,AL.MB,2,MB,2
7292206,mixed,FWD->BWD,FWD,BWD,2,2,0,2764,3,1.072,2081,0.753,MB,3,2,2,"[INP.MBL2, INP.VLNPL2] -> MBL3 -> [MBL2, MB.SNPL2]",INP.MB,2,INP.VLNP,2,MB,2,MB.SNP,2
7244731,mixed,FWD->BWD,FWD,BWD,2,2,0,2764,6,1.047,3080,1.114,MB,3,2,2,"[ALL2, AL.LHL2] -> MBL3 -> [MBL2, MB.SNPL2]",AL,2,AL.LH,2,MB,2,MB.SNP,2
7114060,mixed,FWD->BWD,FWD,BWD,2,2,0,2764,2,1.22,3011,1.089,MB,3,2,2,"[AL.MBL2, MBL2] -> MBL3 -> [ALL2, MB.SNPL2]",AL.MB,2,MB,2,AL,2,MB.SNP,2
7098304,mixed,FWD->BWD,FWD,BWD,2,2,0,2764,4,1.568,2363,0.855,MB,3,2,2,"[AL.LHL2, LHL2] -> MBL3 -> [AL.MBL2, MBL2]",AL.LH,2,LH,2,AL.MB,2,MB,2
6524752,mixed,FWD->BWD,FWD,BWD,2,2,0,2764,3,1.099,2081,0.753,MB,3,2,2,"[MBL2, MB.SNPL2] -> MBL3 -> [INP.MBL2, INP.VLNPL2]",MB,2,MB.SNP,2,INP.MB,2,INP.VLNP,2
6518388,mixed,FWD->BWD,FWD,BWD,2,2,0,2764,3,1.099,2081,0.753,MB,3,2,2,"[INP.MBL2, MB.SNPL2] -> MBL3 -> [INP.VLNPL2, MBL2]",INP.MB,2,MB.SNP,2,INP.VLNP,2,MB,2
6518386,mixed,FWD->BWD,FWD,BWD,2,2,0,2764,3,1.099,2081,0.753,MB,3,2,2,"[INP.VLNPL2, MB.SNPL2] -> MBL3 -> [INP.MBL2, MBL2]",INP.VLNP,2,MB.SNP,2,INP.MB,2,MB,2
6506646,mixed,FWD->BWD,FWD,BWD,2,2,0,2764,2,1.299,3011,1.089,MB,3,2,2,"[AL.MBL2, MB.SNPL2] -> MBL3 -> [ALL2, MBL2]",AL.MB,2,MB.SNP,2,AL,2,MB,2
6476660,mixed,FWD->BWD,FWD,BWD,2,2,0,2764,2,1.418,2190,0.792,MB,3,2,2,"[AL.LHL2, MBL2] -> MBL3 -> [MB.SNPL2, MB.VLNPL2]",AL.LH,2,MB,2,MB.SNP,2,MB.VLNP,2
6473952,mixed,FWD->BWD,FWD,BWD,2,2,0,2764,2,1.144,2288,0.828,MB,3,2,2,"[LH.SNPL2, MBL2] -> MBL3 -> [AL.LHL2, INP.MBL2]",LH.SNP,2,MB,2,AL.LH,2,INP.MB,2
6468840,mixed,FWD->BWD,FWD,BWD,2,2,0,2764,2,1.417,2190,0.792,MB,3,2,2,"[AL.LHL2, MB.VLNPL2] -> MBL3 -> [MBL2, MB.SNPL2]",AL.LH,2,MB.VLNP,2,MB,2,MB.SNP,2
6467604,mixed,FWD->BWD,FWD,BWD,2,2,0,2764,2,1.143,2288,0.828,MB,3,2,2,"[INP.MBL2, LH.SNPL2] -> MBL3 -> [AL.LHL2, MBL2]",INP.MB,2,LH.SNP,2,AL.LH,2,MB,2
6383606,mixed,FWD->BWD,FWD,BWD,2,2,0,2764,2,1.297,3011,1.089,MB,3,2,2,"[MBL2, MB.SNPL2] -> MBL3 -> [ALL2, AL.MBL2]",MB,2,MB.SNP,2,AL,2,AL.MB,2
6382880,mixed,FWD->BWD,FWD,BWD,2,2,0,2764,3,1.306,2275,0.823,MB,3,2,2,"[AL.LHL2, AL.MBL2] -> MBL3 -> [LH.MBL2, MBL2]",AL.LH,2,AL.MB,2,LH.MB,2,MB,2
6365548,mixed,FWD->BWD,FWD,BWD,2,2,0,2764,2,1.054,2212,0.8,MB,3,2,2,"[AL.LHL2, MBL2] -> MBL3 -> [INP.VLNPL2, MB.SNPL2]",AL.LH,2,MB,2,INP.VLNP,2,MB.SNP,2
6359836,mixed,FWD->BWD,FWD,BWD,2,2,0,2764,2,1.053,2212,0.8,MB,3,2,2,"[AL.LHL2, INP.VLNPL2] -> MBL3 -> [MBL2, MB.SNPL2]",AL.LH,2,INP.VLNP,2,MB,2,MB.SNP,2
6292472,mixed,FWD->BWD,FWD,BWD,2,2,0,2764,2,1.084,2949,1.067,MB,3,2,2,"[INP.MBL2, MBL2] -> MBL3 -> [ALL2, MB.SNPL2]",INP.MB,2,MB,2,AL,2,MB.SNP,2
6260646,mixed,FWD->BWD,FWD,BWD,2,2,0,2764,3,1.304,2275,0.823,MB,3,2,2,"[AL.LHL2, MBL2] -> MBL3 -> [AL.MBL2, LH.MBL2]",AL.LH,2,MB,2,AL.MB,2,LH.MB,2
6092688,mixed,FWD->BWD,FWD,BWD,2,2,0,2764,2,1.551,2190,0.792,MB,3,2,2,"[AL.LHL2, MB.SNPL2] -> MBL3 -> [MBL2, MB.VLNPL2]",AL.LH,2,MB.SNP,2,MB,2,MB.VLNP,2
5820464,mixed,FWD->BWD,FWD,BWD,2,2,0,2764,2,1.233,2301,0.832,MB,3,2,2,"[AL.LHL2, LHL2] -> MBL3 -> [INP.MBL2, MBL2]",AL.LH,2,LH,2,INP.MB,2,MB,2
5787218,mixed,FWD->BWD,FWD,BWD,2,2,0,2764,4,1.986,2219,0.803,MB,3,2,2,"[AL.MBL2, MBL2] -> MBL3 -> [INP.MBL2, LH.SNPL2]",AL.MB,2,MB,2,INP.MB,2,LH.SNP,2
5776966,mixed,FWD->BWD,FWD,BWD,2,2,0,2764,2,1.986,2219,0.803,MB,3,2,2,"[AL.MBL2, INP.MBL2] -> MBL3 -> [LH.SNPL2, MBL2]",AL.MB,2,INP.MB,2,LH.SNP,2,MB,2
5776966,mixed,FWD->BWD,FWD,BWD,2,2,0,2764,2,1.986,2499,0.904,MB,3,2,2,"[AL.MBL2, VLNPL2] -> MBL3 -> [INP.MBL2, MBL2]",AL.MB,2,VLNP,2,INP.MB,2,MB,2
5666604,mixed,FWD->BWD,FWD,BWD,2,2,0,2764,2,1.074,2212,0.8,MB,3,2,2,"[AL.LHL2, MB.SNPL2] -> MBL3 -> [INP.VLNPL2, MBL2]",AL.LH,2,MB.SNP,2,INP.VLNP,2,MB,2
5655416,mixed,FWD->BWD,FWD,BWD,2,2,0,2764,2,1.984,2219,0.803,MB,3,2,2,"[INP.MBL2, MBL2] -> MBL3 -> [AL.MBL2, LH.SNPL2]",INP.MB,2,MB,2,AL.MB,2,LH.SNP,2
5655416,mixed,FWD->BWD,FWD,BWD,2,2,0,2764,2,1.984,2499,0.904,MB,3,2,2,"[MBL2, VLNPL2] -> MBL3 -> [AL.MBL2, INP.MBL2]",MB,2,VLNP,2,AL.MB,2,INP.MB,2
5645432,mixed,FWD->BWD,FWD,BWD,2,2,0,2764,2,1.984,2499,0.904,MB,3,2,2,"[INP.MBL2, VLNPL2] -> MBL3 -> [AL.MBL2, MBL2]",INP.MB,2,VLNP,2,AL.MB,2,MB,2
5636516,mixed,FWD->BWD,FWD,BWD,2,2,0,2764,2,1.115,2949,1.067,MB,3,2,2,"[MBL2, MB.SNPL2] -> MBL3 -> [ALL2, INP.MBL2]",MB,2,MB.SNP,2,AL,2,INP.MB,2
5631132,mixed,FWD->BWD,FWD,BWD,2,2,0,2764,2,1.115,2949,1.067,MB,3,2,2,"[INP.MBL2, MB.SNPL2] -> MBL3 -> [ALL2, MBL2]",INP.MB,2,MB.SNP,2,AL,2,MB,2
5592080,mixed,FWD->BWD,FWD,BWD,2,2,0,2764,2,1.043,3080,1.114,MB,3,2,2,"[ALL2, MBL2] -> MBL3 -> [AL.LHL2, MB.SNPL2]",AL,2,MB,2,AL.LH,2,MB.SNP,2
5518117,mixed,FWD->BWD,FWD,BWD,2,2,0,2764,3,1.118,2213,0.801,MB,3,2,2,"[AL.LHL2, MBL2] -> MBL3 -> [INP.MBL2, LH.MBL2]",AL.LH,2,MB,2,INP.MB,2,LH.MB,2
5512832,mixed,FWD->BWD,FWD,BWD,2,2,0,2764,2,1.118,2213,0.801,MB,3,2,2,"[AL.LHL2, INP.MBL2] -> MBL3 -> [LH.MBL2, MBL2]",AL.LH,2,INP.MB,2,LH.MB,2,MB,2
5484300,mixed,FWD->BWD,FWD,BWD,2,2,0,2764,4,1.53,2363,0.855,MB,3,2,2,"[AL.MBL2, LHL2] -> MBL3 -> [AL.LHL2, MBL2]",AL.MB,2,LH,2,AL.LH,2,MB,2
5479916,mixed,FWD->BWD,FWD,BWD,2,2,0,2764,2,1.062,3080,1.114,MB,3,2,2,"[AL.LHL2, MBL2] -> MBL3 -> [ALL2, MB.SNPL2]",AL.LH,2,MB,2,AL,2,MB.SNP,2
5376200,mixed,FWD->BWD,FWD,BWD,2,2,0,2764,4,1.526,2363,0.855,MB,3,2,2,"[LHL2, MBL2] -> MBL3 -> [AL.LHL2, AL.MBL2]",LH,2,MB,2,AL.LH,2,AL.MB,2
4968624,mixed,FWD->BWD,FWD,BWD,2,2,0,2764,2,1.059,3080,1.114,MB,3,2,2,"[ALL2, MB.SNPL2] -> MBL3 -> [AL.LHL2, MBL2]",AL,2,MB.SNP,2,AL.LH,2,MB,2
4926960,mixed,FWD->BWD,FWD,BWD,2,2,0,2764,2,1.384,2190,0.792,MB,3,2,2,"[MBL2, MB.VLNPL2] -> MBL3 -> [AL.LHL2, MB.SNPL2]",MB,2,MB.VLNP,2,AL.LH,2,MB.SNP,2
4907728,mixed,FWD->BWD,FWD,BWD,2,2,0,2764,2,1.049,2212,0.8,MB,3,2,2,"[INP.VLNPL2, MBL2] -> MBL3 -> [AL.LHL2, MB.SNPL2]",INP.VLNP,2,MB,2,AL.LH,2,MB.SNP,2
4885824,mixed,FWD->BWD,FWD,BWD,2,2,0,2764,2,1.086,3080,1.114,MB,3,2,2,"[AL.LHL2, MB.SNPL2] -> MBL3 -> [ALL2, MBL2]",AL.LH,2,MB.SNP,2,AL,2,MB,2
4878652,mixed,FWD->BWD,FWD,BWD,2,2,0,2764,3,1.281,2275,0.823,MB,3,2,2,"[AL.MBL2, MBL2] -> MBL3 -> [AL.LHL2, LH.MBL2]",AL.MB,2,MB,2,AL.LH,2,LH.MB,2
4620277,mixed,FWD->BWD,FWD,BWD,2,2,0,2764,3,1.743,2183,0.79,MB,3,2,2,"[AL.MBL2, LH.SNPL2] -> MBL3 -> [MBL2, MB.SNPL2]",AL.MB,2,LH.SNP,2,MB,2,MB.SNP,2
4619784,mixed,FWD->BWD,FWD,BWD,2,2,0,2764,2,1.512,2190,0.792,MB,3,2,2,"[MBL2, MB.SNPL2] -> MBL3 -> [AL.LHL2, MB.VLNPL2]",MB,2,MB.SNP,2,AL.LH,2,MB.VLNP,2
4613868,mixed,FWD->BWD,FWD,BWD,2,2,0,2764,2,1.511,2190,0.792,MB,3,2,2,"[MB.SNPL2, MB.VLNPL2] -> MBL3 -> [AL.LHL2, MBL2]",MB.SNP,2,MB.VLNP,2,AL.LH,2,MB,2
4527592,mixed,FWD->BWD,FWD,BWD,2,2,0,2764,2,1.739,2183,0.79,MB,3,2,2,"[LH.SNPL2, MBL2] -> MBL3 -> [AL.MBL2, MB.SNPL2]",LH.SNP,2,MB,2,AL.MB,2,MB.SNP,2
4486228,mixed,FWD->BWD,FWD,BWD,2,2,0,2764,2,1.9,2350,0.85,MB,3,2,2,"[AL.LHL2, AL.MBL2] -> MBL3 -> [LH.SNPL2, MBL2]",AL.LH,2,AL.MB,2,LH.SNP,2,MB,2
4461152,mixed,FWD->BWD,FWD,BWD,2,2,0,2764,2,1.214,2301,0.832,MB,3,2,2,"[LHL2, MBL2] -> MBL3 -> [AL.LHL2, INP.MBL2]",LH,2,MB,2,AL.LH,2,INP.MB,2
4456504,mixed,FWD->BWD,FWD,BWD,2,2,0,2764,2,1.213,2301,0.832,MB,3,2,2,"[INP.MBL2, LHL2] -> MBL3 -> [AL.LHL2, MBL2]",INP.MB,2,LH,2,AL.LH,2,MB,2
4455958,mixed,FWD->BWD,FWD,BWD,2,2,0,2764,2,1.716,2144,0.776,MB,3,2,2,"[AL.MBL2, LH.MBL2] -> MBL3 -> [INP.MBL2, MBL2]",AL.MB,2,LH.MB,2,INP.MB,2,MB,2
4455958,mixed,FWD->BWD,FWD,BWD,2,2,0,2764,2,1.716,2270,0.821,MB,3,2,2,"[AL.MBL2, VLNP.VMNPL2] -> MBL3 -> [INP.MBL2, MBL2]",AL.MB,2,VLNP.VMNP,2,INP.MB,2,MB,2
4448364,mixed,FWD->BWD,FWD,BWD,2,2,0,2764,2,1.887,2183,0.79,MB,3,2,2,"[LH.SNPL2, MB.SNPL2] -> MBL3 -> [AL.MBL2, MBL2]",LH.SNP,2,MB.SNP,2,AL.MB,2,MB,2
4393964,mixed,FWD->BWD,FWD,BWD,2,2,0,2764,2,1.897,2350,0.85,MB,3,2,2,"[AL.LHL2, MBL2] -> MBL3 -> [AL.MBL2, LH.SNPL2]",AL.LH,2,MB,2,AL.MB,2,LH.SNP,2
4386848,mixed,FWD->BWD,FWD,BWD,2,2,0,2764,2,1.896,2630,0.952,MB,3,2,2,"[AL.LHL2, VLNPL2] -> MBL3 -> [AL.MBL2, MBL2]",AL.LH,2,VLNP,2,AL.MB,2,MB,2
4369272,mixed,FWD->BWD,FWD,BWD,2,2,0,2764,2,1.067,2212,0.8,MB,3,2,2,"[MBL2, MB.SNPL2] -> MBL3 -> [AL.LHL2, INP.VLNPL2]",MB,2,MB.SNP,2,AL.LH,2,INP.VLNP,2
4366908,mixed,FWD->BWD,FWD,BWD,2,2,0,2764,2,1.712,2144,0.776,MB,3,2,2,"[LH.MBL2, MBL2] -> MBL3 -> [AL.MBL2, INP.MBL2]",LH.MB,2,MB,2,AL.MB,2,INP.MB,2
4366908,mixed,FWD->BWD,FWD,BWD,2,2,0,2764,2,1.712,2270,0.821,MB,3,2,2,"[MBL2, VLNP.VMNPL2] -> MBL3 -> [AL.MBL2, INP.MBL2]",MB,2,VLNP.VMNP,2,AL.MB,2,INP.MB,2
4365294,mixed,FWD->BWD,FWD,BWD,2,2,0,2764,2,1.067,2212,0.8,MB,3,2,2,"[INP.VLNPL2, MB.SNPL2] -> MBL3 -> [AL.LHL2, MBL2]",INP.VLNP,2,MB.SNP,2,AL.LH,2,MB,2
4360616,mixed,FWD->BWD,FWD,BWD,2,2,0,2764,2,1.711,2144,0.776,MB,3,2,2,"[INP.MBL2, LH.MBL2] -> MBL3 -> [AL.MBL2, MBL2]",INP.MB,2,LH.MB,2,AL.MB,2,MB,2
4360616,mixed,FWD->BWD,FWD,BWD,2,2,0,2764,2,1.711,2270,0.821,MB,3,2,2,"[INP.MBL2, VLNP.VMNPL2] -> MBL3 -> [AL.MBL2, MBL2]",INP.MB,2,VLNP.VMNP,2,AL.MB,2,MB,2
4243376,mixed,FWD->BWD,FWD,BWD,2,2,0,2764,2,1.108,2213,0.801,MB,3,2,2,"[INP.MBL2, MBL2] -> MBL3 -> [AL.LHL2, LH.MBL2]",INP.MB,2,MB,2,AL.LH,2,LH.MB,2
3765432,mixed,FWD->BWD,FWD,BWD,2,2,0,2764,2,1.078,3080,1.114,MB,3,2,2,"[MBL2, MB.SNPL2] -> MBL3 -> [ALL2, AL.LHL2]",MB,2,MB.SNP,2,AL,2,AL.LH,2
3561952,mixed,FWD->BWD,FWD,BWD,2,2,0,2764,2,1.029,3004,1.087,MB,3,2,2,"[ALL2, AL.MBL2] -> MBL3 -> [INP.VLNPL2, MBL2]",AL,2,AL.MB,2,INP.VLNP,2,MB,2
3554405,mixed,FWD->BWD,FWD,BWD,2,2,0,2764,6,1.923,2196,0.795,MB,3,2,2,"[AL.MBL2, LHL2] -> MBL3 -> [MBL2, MB.SNPL2]",AL.MB,2,LH,2,MB,2,MB.SNP,2
3546776,mixed,FWD->BWD,FWD,BWD,2,2,0,2764,2,1.566,2275,0.823,MB,3,2,2,"[AL.LHL2, LH.MBL2] -> MBL3 -> [AL.MBL2, MBL2]",AL.LH,2,LH.MB,2,AL.MB,2,MB,2
3546776,mixed,FWD->BWD,FWD,BWD,2,2,0,2764,2,1.566,2401,0.869,MB,3,2,2,"[AL.LHL2, VLNP.VMNPL2] -> MBL3 -> [AL.MBL2, MBL2]",AL.LH,2,VLNP.VMNP,2,AL.MB,2,MB,2
3527344,mixed,FWD->BWD,FWD,BWD,2,2,0,2764,2,1.327,2121,0.767,MB,3,2,2,"[LH.SNPL2, MBL2] -> MBL3 -> [INP.MBL2, MB.SNPL2]",LH.SNP,2,MB,2,INP.MB,2,MB.SNP,2
3525624,mixed,FWD->BWD,FWD,BWD,2,2,0,2764,2,1.996,2196,0.795,MB,3,2,2,"[LHL2, MB.SNPL2] -> MBL3 -> [AL.MBL2, MBL2]",LH,2,MB.SNP,2,AL.MB,2,MB,2
3523338,mixed,FWD->BWD,FWD,BWD,2,2,0,2764,2,1.327,2121,0.767,MB,3,2,2,"[INP.MBL2, LH.SNPL2] -> MBL3 -> [MBL2, MB.SNPL2]",INP.MB,2,LH.SNP,2,MB,2,MB.SNP,2
3497366,mixed,FWD->BWD,FWD,BWD,2,2,0,2764,2,1.029,3004,1.087,MB,3,2,2,"[ALL2, MBL2] -> MBL3 -> [AL.MBL2, INP.VLNPL2]",AL,2,MB,2,AL.MB,2,INP.VLNP,2
3494312,mixed,FWD->BWD,FWD,BWD,2,2,0,2764,2,1.029,3004,1.087,MB,3,2,2,"[ALL2, INP.VLNPL2] -> MBL3 -> [AL.MBL2, MBL2]",AL,2,INP.VLNP,2,AL.MB,2,MB,2
3480936,mixed,FWD->BWD,FWD,BWD,2,2,0,2764,2,1.921,2196,0.795,MB,3,2,2,"[LHL2, MBL2] -> MBL3 -> [AL.MBL2, MB.SNPL2]",LH,2,MB,2,AL.MB,2,MB.SNP,2
3365208,mixed,FWD->BWD,FWD,BWD,2,2,0,2764,2,1.233,2982,1.079,MB,3,2,2,"[ALL2, AL.MBL2] -> MBL3 -> [MBL2, MB.VLNPL2]",AL,2,AL.MB,2,MB,2,MB.VLNP,2
3356464,mixed,FWD->BWD,FWD,BWD,2,2,0,2764,2,1.863,2350,0.85,MB,3,2,2,"[AL.MBL2, MBL2] -> MBL3 -> [AL.LHL2, LH.SNPL2]",AL.MB,2,MB,2,AL.LH,2,LH.SNP,2
3351158,mixed,FWD->BWD,FWD,BWD,2,2,0,2764,2,1.862,2630,0.952,MB,3,2,2,"[AL.MBL2, VLNPL2] -> MBL3 -> [AL.LHL2, MBL2]",AL.MB,2,VLNP,2,AL.LH,2,MB,2
3333348,mixed,FWD->BWD,FWD,BWD,2,2,0,2764,2,1.011,2942,1.064,MB,3,2,2,"[ALL2, MBL2] -> MBL3 -> [INP.MBL2, INP.VLNPL2]",AL,2,MB,2,INP.MB,2,INP.VLNP,2
3330496,mixed,FWD->BWD,FWD,BWD,2,2,0,2764,2,1.011,2942,1.064,MB,3,2,2,"[ALL2, INP.MBL2] -> MBL3 -> [INP.VLNPL2, MBL2]",AL,2,INP.MB,2,INP.VLNP,2,MB,2
3330496,mixed,FWD->BWD,FWD,BWD,2,2,0,2764,2,1.011,2942,1.064,MB,3,2,2,"[ALL2, INP.VLNPL2] -> MBL3 -> [INP.MBL2, MBL2]",AL,2,INP.VLNP,2,INP.MB,2,MB,2
3302170,mixed,FWD->BWD,FWD,BWD,2,2,0,2764,2,1.232,2982,1.079,MB,3,2,2,"[ALL2, MBL2] -> MBL3 -> [AL.MBL2, MB.VLNPL2]",AL,2,MB,2,AL.MB,2,MB.VLNP,2
3298680,mixed,FWD->BWD,FWD,BWD,2,2,0,2764,2,1.231,2982,1.079,MB,3,2,2,"[ALL2, MB.VLNPL2] -> MBL3 -> [AL.MBL2, MBL2]",AL,2,MB.VLNP,2,AL.MB,2,MB,2
3282704,mixed,FWD->BWD,FWD,BWD,2,2,0,2764,2,1.859,2630,0.952,MB,3,2,2,"[MBL2, VLNPL2] -> MBL3 -> [AL.LHL2, AL.MBL2]",MB,2,VLNP,2,AL.LH,2,AL.MB,2
3277014,mixed,FWD->BWD,FWD,BWD,2,2,0,2764,2,1.439,2121,0.767,MB,3,2,2,"[LH.SNPL2, MB.SNPL2] -> MBL3 -> [INP.MBL2, MBL2]",LH.SNP,2,MB.SNP,2,INP.MB,2,MB,2
3221832,mixed,FWD->BWD,FWD,BWD,2,2,0,2764,2,1.449,2288,0.828,MB,3,2,2,"[AL.LHL2, MBL2] -> MBL3 -> [INP.MBL2, LH.SNPL2]",AL.LH,2,MB,2,INP.MB,2,LH.SNP,2
3217864,mixed,FWD->BWD,FWD,BWD,2,2,0,2764,2,1.448,2288,0.828,MB,3,2,2,"[AL.LHL2, INP.MBL2] -> MBL3 -> [LH.SNPL2, MBL2]",AL.LH,2,INP.MB,2,LH.SNP,2,MB,2
3217864,mixed,FWD->BWD,FWD,BWD,2,2,0,2764,2,1.448,2568,0.929,MB,3,2,2,"[AL.LHL2, VLNPL2] -> MBL3 -> [INP.MBL2, MBL2]",AL.LH,2,VLNP,2,INP.MB,2,MB,2
1147118,pure_BWD,BWD->BWD,BWD,BWD,0,4,0,38835,35,3.323,44289,1.14,OL,2,2,2,"[OLL3, OL.VLNPL3] -> OLL2 -> [OLL1, OL.VMNPL1]",OL,3,OL.VLNP,3,OL,1,OL.VMNP,1
432169,pure_BWD,BWD->BWD,BWD,BWD,0,4,0,38835,70,3.051,44311,1.141,OL,2,2,2,"[OLL3, OL.VLNPL3] -> OLL2 -> [OLL1, OL.VLNPL1]",OL,3,OL.VLNP,3,OL,1,OL.VLNP,1
418765,pure_BWD,BWD->BWD,BWD,BWD,0,4,0,38835,17,2.447,42830,1.103,OL,2,2,2,"[OLL3, OL.VMNPL3] -> OLL2 -> [OLL1, OL.VMNPL1]",OL,3,OL.VMNP,3,OL,1,OL.VMNP,1
208860,pure_BWD,BWD->BWD,BWD,BWD,0,4,0,38835,2,1.057,44377,1.143,OL,2,2,2,"[OLL3, OL.VLNPL3] -> OLL2 -> [OLL1, VMNPL1]",OL,3,OL.VLNP,3,OL,1,VMNP,1
205297,pure_BWD,BWD->BWD,BWD,BWD,0,4,0,38835,5,1.022,44341,1.142,OL,2,2,2,"[OLL3, OL.VLNPL3] -> OLL2 -> [OLL1, VLNPL1]",OL,3,OL.VLNP,3,OL,1,VLNP,1
109131,pure_BWD,BWD->BWD,BWD,BWD,0,4,0,38835,18,1.679,33220,0.855,OL,2,2,2,"[OLL3, OL.VLNPL3] -> OLL2 -> [OL.VLNPL1, OL.VMNPL1]",OL,3,OL.VLNP,3,OL.VLNP,1,OL.VMNP,1
65445,pure_BWD,BWD->BWD,BWD,BWD,0,4,0,38835,5,1.37,42918,1.105,OL,2,2,2,"[OLL3, OL.VMNPL3] -> OLL2 -> [OLL1, VMNPL1]",OL,3,OL.VMNP,3,OL,1,VMNP,1
60260,pure_BWD,BWD->BWD,BWD,BWD,0,4,0,38835,4,1.178,42882,1.104,OL,2,2,2,"[OLL3, OL.VMNPL3] -> OLL2 -> [OLL1, VLNPL1]",OL,3,OL.VMNP,3,OL,1,VLNP,1
57371,pure_BWD,BWD->BWD,BWD,BWD,0,4,0,187,7,2.754,12290,65.722,OL.VMNP,2,2,2,"[VLNPL3, VMNPL3] -> OL.VMNPL2 -> [OLL1, OL.VLNPL1]",VLNP,3,VMNP,3,OL,1,OL.VLNP,1
49263,pure_BWD,BWD->BWD,BWD,BWD,0,4,0,187,3,2.524,12406,66.342,OL.VMNP,2,2,2,"[GNGL3, VMNPL3] -> OL.VMNPL2 -> [OLL1, OL.VLNPL1]",GNG,3,VMNP,3,OL,1,OL.VLNP,1
47190,pure_BWD,BWD->BWD,BWD,BWD,0,4,0,38835,23,1.386,42852,1.103,OL,2,2,2,"[OLL3, OL.VMNPL3] -> OLL2 -> [OLL1, OL.VLNPL1]",OL,3,OL.VMNP,3,OL,1,OL.VLNP,1
44620,pure_BWD,BWD->BWD,BWD,BWD,0,4,0,491,2,1.38,33203,67.623,OL.VLNP,2,2,2,"[OLL3, OL.VLNPL3] -> OL.VLNPL2 -> [GNG.VMNPL1, OL.VMNPL1]",OL,3,OL.VLNP,3,GNG.VMNP,1,OL.VMNP,1
40742,pure_BWD,BWD->BWD,BWD,BWD,0,4,0,187,11,3.115,43118,230.578,OL.VMNP,2,2,2,"[OLL3, VMNPL3] -> OL.VMNPL2 -> [OLL1, OL.VLNPL1]",OL,3,VMNP,3,OL,1,OL.VLNP,1
37500,pure_BWD,BWD->BWD,BWD,BWD,0,4,0,38835,2,1.031,42723,1.1,OL,2,2,2,"[OLL3, OL.PENPL3] -> OLL2 -> [OLL1, OL.VMNPL1]",OL,3,OL.PENP,3,OL,1,OL.VMNP,1
32640,pure_BWD,BWD->BWD,BWD,BWD,0,4,0,83,2,1.998,2952,35.566,INP.MB,2,2,2,"[INP.MBL3, MBL3] -> INP.MBL2 -> [AL.INPL1, SNP.VLNPL1]",INP.MB,3,MB,3,AL.INP,1,SNP.VLNP,1
32640,pure_BWD,BWD->BWD,BWD,BWD,0,4,0,83,2,1.998,2948,35.518,INP.MB,2,2,2,"[INP.MBL3, MBL3] -> INP.MBL2 -> [AL.INPL1, AL.SNPL1]",INP.MB,3,MB,3,AL.INP,1,AL.SNP,1
32640,pure_BWD,BWD->BWD,BWD,BWD,0,4,0,83,2,1.998,4747,57.193,INP.MB,2,2,2,"[INP.MBL3, MBL3] -> INP.MBL2 -> [ALL1, AL.INPL1]",INP.MB,3,MB,3,AL,1,AL.INP,1
32466,pure_BWD,BWD->BWD,BWD,BWD,0,4,0,187,8,1.5,11627,62.176,OL.VMNP,2,2,2,"[GNG.VMNPL3, VMNPL3] -> OL.VMNPL2 -> [OLL1, OL.VLNPL1]",GNG.VMNP,3,VMNP,3,OL,1,OL.VLNP,1
30320,pure_BWD,BWD->BWD,BWD,BWD,0,4,0,38835,4,1.145,44270,1.14,OL,2,2,2,"[OLL3, OL.VLNPL3] -> OLL2 -> [GNG.OLL1, OLL1]",OL,3,OL.VLNP,3,GNG.OL,1,OL,1
29398,pure_BWD,BWD->BWD,BWD,BWD,0,4,0,187,8,3.603,11681,62.465,OL.VMNP,2,2,2,"[VLNP.VMNPL3, VMNPL3] -> OL.VMNPL2 -> [OLL1, OL.VLNPL1]",VLNP.VMNP,3,VMNP,3,OL,1,OL.VLNP,1
29333,pure_BWD,BWD->BWD,BWD,BWD,0,4,0,187,5,1.259,12004,64.193,OL.VMNP,2,2,2,"[GNG.VMNPL3, VLNPL3] -> OL.VMNPL2 -> [OLL1, OL.VLNPL1]",GNG.VMNP,3,VLNP,3,OL,1,OL.VLNP,1
27243,pure_BWD,BWD->BWD,BWD,BWD,0,4,0,187,3,2.479,12783,68.358,OL.VMNP,2,2,2,"[GNGL3, VLNPL3] -> OL.VMNPL2 -> [OLL1, OL.VLNPL1]",GNG,3,VLNP,3,OL,1,OL.VLNP,1
26198,pure_BWD,BWD->BWD,BWD,BWD,0,4,0,187,6,2.767,13106,70.086,OL.VMNP,2,2,2,"[OL.VLNPL3, VMNPL3] -> OL.VMNPL2 -> [OLL1, OL.VLNPL1]",OL.VLNP,3,VMNP,3,OL,1,OL.VLNP,1
25211,pure_BWD,BWD->BWD,BWD,BWD,0,4,0,187,5,2.509,43495,232.594,OL.VMNP,2,2,2,"[OLL3, VLNPL3] -> OL.VMNPL2 -> [OLL1, OL.VLNPL1]",OL,3,VLNP,3,OL,1,OL.VLNP,1
23218,pure_BWD,BWD->BWD,BWD,BWD,0,4,0,38835,3,1.281,33286,0.857,OL,2,2,2,"[OLL3, OL.VLNPL3] -> OLL2 -> [OL.VMNPL1, VMNPL1]",OL,3,OL.VLNP,3,OL.VMNP,1,VMNP,1
20448,pure_BWD,BWD->BWD,BWD,BWD,0,4,0,187,4,2.958,43611,233.214,OL.VMNP,2,2,2,"[GNGL3, OLL3] -> OL.VMNPL2 -> [OLL1, OL.VLNPL1]",GNG,3,OL,3,OL,1,OL.VLNP,1
20339,pure_BWD,BWD->BWD,BWD,BWD,0,4,0,38835,2,1.003,33250,0.856,OL,2,2,2,"[OLL3, OL.VLNPL3] -> OLL2 -> [OL.VMNPL1, VLNPL1]",OL,3,OL.VLNP,3,OL.VMNP,1,VLNP,1
19620,pure_BWD,BWD->BWD,BWD,BWD,0,4,0,38835,2,1.125,42811,1.102,OL,2,2,2,"[OLL3, OL.PENPL3] -> OLL2 -> [OLL1, VMNPL1]",OL,3,OL.PENP,3,OL,1,VMNP,1
18460,pure_BWD,BWD->BWD,BWD,BWD,0,4,0,38835,1,1.0,42775,1.101,OL,2,2,2,"[OLL3, OL.PENPL3] -> OLL2 -> [OLL1, VLNPL1]",OL,3,OL.PENP,3,OL,1,VLNP,1
17665,pure_BWD,BWD->BWD,BWD,BWD,0,4,0,187,6,1.268,42832,229.048,OL.VMNP,2,2,2,"[GNG.VMNPL3, OLL3] -> OL.VMNPL2 -> [OLL1, OL.VLNPL1]",GNG.VMNP,3,OL,3,OL,1,OL.VLNP,1
17500,pure_BWD,BWD->BWD,BWD,BWD,0,4,0,187,6,2.711,12058,64.481,OL.VMNP,2,2,2,"[VLNPL3, VLNP.VMNPL3] -> OL.VMNPL2 -> [OLL1, OL.VLNPL1]",VLNP,3,VLNP.VMNP,3,OL,1,OL.VLNP,1
16675,pure_BWD,BWD->BWD,BWD,BWD,0,4,0,491,2,1.973,33255,67.729,OL.VLNP,2,2,2,"[OLL3, OL.VLNPL3] -> OL.VLNPL2 -> [GNG.VMNPL1, VLNPL1]",OL,3,OL.VLNP,3,GNG.VMNP,1,VLNP,1
16320,pure_BWD,BWD->BWD,BWD,BWD,0,4,0,83,2,1.998,4747,57.193,INP.MB,2,2,2,"[INP.MBL3, MBL3] -> INP.MBL2 -> [ALL1, AL.SNPL1]",INP.MB,3,MB,3,AL,1,AL.SNP,1
16320,pure_BWD,BWD->BWD,BWD,BWD,0,4,0,83,2,1.998,4751,57.241,INP.MB,2,2,2,"[INP.MBL3, MBL3] -> INP.MBL2 -> [ALL1, SNP.VLNPL1]",INP.MB,3,MB,3,AL,1,SNP.VLNP,1
16320,pure_BWD,BWD->BWD,BWD,BWD,0,4,0,83,2,1.998,2952,35.566,INP.MB,2,2,2,"[INP.MBL3, MBL3] -> INP.MBL2 -> [AL.SNPL1, SNP.VLNPL1]",INP.MB,3,MB,3,AL.SNP,1,SNP.VLNP,1
16187,pure_BWD,BWD->BWD,BWD,BWD,0,4,0,38835,11,1.433,31761,0.818,OL,2,2,2,"[OLL3, OL.VMNPL3] -> OLL2 -> [OL.VLNPL1, OL.VMNPL1]",OL,3,OL.VMNP,3,OL.VLNP,1,OL.VMNP,1
14130,pure_BWD,BWD->BWD,BWD,BWD,0,4,0,38835,1,1.0,33179,0.854,OL,2,2,2,"[OLL3, OL.VLNPL3] -> OLL2 -> [GNG.OLL1, OL.VMNPL1]",OL,3,OL.VLNP,3,GNG.OL,1,OL.VMNP,1
13794,pure_BWD,BWD->BWD,BWD,BWD,0,4,0,187,3,2.507,13599,72.722,OL.VMNP,2,2,2,"[GNGL3, OL.VLNPL3] -> OL.VMNPL2 -> [OLL1, OL.VLNPL1]",GNG,3,OL.VLNP,3,OL,1,OL.VLNP,1
13467,pure_BWD,BWD->BWD,BWD,BWD,0,4,0,187,4,2.889,12174,65.102,OL.VMNP,2,2,2,"[GNGL3, VLNP.VMNPL3] -> OL.VMNPL2 -> [OLL1, OL.VLNPL1]",GNG,3,VLNP.VMNP,3,OL,1,OL.VLNP,1
13390,pure_BWD,BWD->BWD,BWD,BWD,0,4,0,187,5,2.902,13483,72.102,OL.VMNP,2,2,2,"[OL.VLNPL3, VLNPL3] -> OL.VMNPL2 -> [OLL1, OL.VLNPL1]",OL.VLNP,3,VLNP,3,OL,1,OL.VLNP,1
13267,pure_BWD,BWD->BWD,BWD,BWD,0,4,0,187,2,1.514,12120,64.813,OL.VMNP,2,2,2,"[GNGL3, GNG.VMNPL3] -> OL.VMNPL2 -> [OLL1, OL.VLNPL1]",GNG,3,GNG.VMNP,3,OL,1,OL.VLNP,1
12461,pure_BWD,BWD->BWD,BWD,BWD,0,4,0,187,7,3.158,42886,229.337,OL.VMNP,2,2,2,"[OLL3, VLNP.VMNPL3] -> OL.VMNPL2 -> [OLL1, OL.VLNPL1]",OL,3,VLNP.VMNP,3,OL,1,OL.VLNP,1
12085,pure_BWD,BWD->BWD,BWD,BWD,0,4,0,187,4,1.334,11395,60.936,OL.VMNP,2,2,2,"[GNG.VMNPL3, VLNP.VMNPL3] -> OL.VMNPL2 -> [OLL1, OL.VLNPL1]",GNG.VMNP,3,VLNP.VMNP,3,OL,1,OL.VLNP,1
10798,pure_BWD,BWD->BWD,BWD,BWD,0,4,0,187,5,2.839,44311,236.957,OL.VMNP,2,2,2,"[OLL3, OL.VLNPL3] -> OL.VMNPL2 -> [OLL1, OL.VLNPL1]",OL,3,OL.VLNP,3,OL,1,OL.VLNP,1
10464,pure_BWD,BWD->BWD,BWD,BWD,0,4,0,491,3,1.705,33250,67.719,OL.VLNP,2,2,2,"[OLL3, OL.VLNPL3] -> OL.VLNPL2 -> [OL.VMNPL1, VLNPL1]",OL,3,OL.VLNP,3,OL.VMNP,1,VLNP,1
10153,pure_BWD,BWD->BWD,BWD,BWD,0,4,0,38835,1,1.0,33338,0.858,OL,2,2,2,"[OLL3, OL.VLNPL3] -> OLL2 -> [VLNPL1, VMNPL1]",OL,3,OL.VLNP,3,VLNP,1,VMNP,1
9420,pure_BWD,BWD->BWD,BWD,BWD,0,4,0,38835,1,1.0,33201,0.855,OL,2,2,2,"[OLL3, OL.VLNPL3] -> OLL2 -> [GNG.OLL1, OL.VLNPL1]",OL,3,OL.VLNP,3,GNG.OL,1,OL.VLNP,1
9281,pure_BWD,BWD->BWD,BWD,BWD,0,4,0,38835,4,2.171,31827,0.82,OL,2,2,2,"[OLL3, OL.VMNPL3] -> OLL2 -> [OL.VMNPL1, VMNPL1]",OL,3,OL.VMNP,3,OL.VMNP,1,VMNP,1
8857,pure_BWD,BWD->BWD,BWD,BWD,0,4,0,187,2,1.945,11614,62.107,OL.VMNP,2,2,2,"[LXL3, VMNPL3] -> OL.VMNPL2 -> [OLL1, OL.VLNPL1]",LX,3,VMNP,3,OL,1,OL.VLNP,1
8640,pure_BWD,BWD->BWD,BWD,BWD,0,4,0,83,2,1.906,4759,57.337,INP.MB,2,2,2,"[INP.VLNPL3, MBL3] -> INP.MBL2 -> [ALL1, AL.INPL1]",INP.VLNP,3,MB,3,AL,1,AL.INP,1
8640,pure_BWD,BWD->BWD,BWD,BWD,0,4,0,83,2,1.906,2964,35.711,INP.MB,2,2,2,"[INP.VLNPL3, MBL3] -> INP.MBL2 -> [AL.INPL1, SNP.VLNPL1]",INP.VLNP,3,MB,3,AL.INP,1,SNP.VLNP,1
8640,pure_BWD,BWD->BWD,BWD,BWD,0,4,0,83,2,1.906,2960,35.663,INP.MB,2,2,2,"[INP.VLNPL3, MBL3] -> INP.MBL2 -> [AL.INPL1, AL.SNPL1]",INP.VLNP,3,MB,3,AL.INP,1,AL.SNP,1
8040,pure_BWD,BWD->BWD,BWD,BWD,0,4,0,187,3,2.001,11647,62.283,OL.VMNP,2,2,2,"[LX.VLNPL3, VMNPL3] -> OL.VMNPL2 -> [OLL1, OL.VLNPL1]",LX.VLNP,3,VMNP,3,OL,1,OL.VLNP,1
7698,pure_BWD,BWD->BWD,BWD,BWD,0,4,0,38835,3,2.626,42811,1.102,OL,2,2,2,"[OLL3, OL.VMNPL3] -> OLL2 -> [GNG.OLL1, OLL1]",OL,3,OL.VMNP,3,GNG.OL,1,OL,1
7402,pure_BWD,BWD->BWD,BWD,BWD,0,4,0,38835,3,1.664,31791,0.819,OL,2,2,2,"[OLL3, OL.VMNPL3] -> OLL2 -> [OL.VMNPL1, VLNPL1]",OL,3,OL.VMNP,3,OL.VMNP,1,VLNP,1
7326,pure_BWD,BWD->BWD,BWD,BWD,0,4,0,187,4,2.938,12874,68.845,OL.VMNP,2,2,2,"[OL.VLNPL3, VLNP.VMNPL3] -> OL.VMNPL2 -> [OLL1, OL.VLNPL1]",OL.VLNP,3,VLNP.VMNP,3,OL,1,OL.VLNP,1
7236,pure_BWD,BWD->BWD,BWD,BWD,0,4,0,38835,5,1.099,43495,1.12,OL,2,2,2,"[OLL3, VLNPL3] -> OLL2 -> [OLL1, OL.VLNPL1]",OL,3,VLNP,3,OL,1,OL.VLNP,1
6560,pure_BWD,BWD->BWD,BWD,BWD,0,4,0,83,2,1.927,2861,34.47,INP.MB,2,2,2,"[MBL3, MB.VLNPL3] -> INP.MBL2 -> [AL.INPL1, SNP.VLNPL1]",MB,3,MB.VLNP,3,AL.INP,1,SNP.VLNP,1
6560,pure_BWD,BWD->BWD,BWD,BWD,0,4,0,83,2,1.927,2857,34.422,INP.MB,2,2,2,"[MBL3, MB.VLNPL3] -> INP.MBL2 -> [AL.INPL1, AL.SNPL1]",MB,3,MB.VLNP,3,AL.INP,1,AL.SNP,1
6560,pure_BWD,BWD->BWD,BWD,BWD,0,4,0,83,2,1.927,4656,56.096,INP.MB,2,2,2,"[MBL3, MB.VLNPL3] -> INP.MBL2 -> [ALL1, AL.INPL1]",MB,3,MB.VLNP,3,AL,1,AL.INP,1
6410,pure_BWD,BWD->BWD,BWD,BWD,0,4,0,187,5,1.451,12820,68.556,OL.VMNP,2,2,2,"[GNG.VMNPL3, OL.VLNPL3] -> OL.VMNPL2 -> [OLL1, OL.VLNPL1]",GNG.VMNP,3,OL.VLNP,3,OL,1,OL.VLNP,1
6191,pure_BWD,BWD->BWD,BWD,BWD,0,4,0,491,12,1.682,32456,66.102,OL.VLNP,2,2,2,"[OLL3, VLNPL3] -> OL.VLNPL2 -> [OL.VLNPL1, VLNPL1]",OL,3,VLNP,3,OL.VLNP,1,VLNP,1
6086,pure_BWD,BWD->BWD,BWD,BWD,0,4,0,38835,4,1.649,43473,1.119,OL,2,2,2,"[OLL3, VLNPL3] -> OLL2 -> [OLL1, OL.VMNPL1]",OL,3,VLNP,3,OL,1,OL.VMNP,1
5390,pure_BWD,BWD->BWD,BWD,BWD,0,4,0,187,3,1.463,12024,64.299,OL.VMNP,2,2,2,"[LX.VLNPL3, VLNPL3] -> OL.VMNPL2 -> [OLL1, OL.VLNPL1]",LX.VLNP,3,VLNP,3,OL,1,OL.VLNP,1
5242,pure_BWD,BWD->BWD,BWD,BWD,0,4,0,187,2,1.018,11443,61.193,OL.VMNP,2,2,2,"[GNG.VMNPL3, INP.VLNPL3] -> OL.VMNPL2 -> [OLL1, OL.VLNPL1]",GNG.VMNP,3,INP.VLNP,3,OL,1,OL.VLNP,1
5204,pure_BWD,BWD->BWD,BWD,BWD,0,4,0,187,2,1.003,11361,60.754,OL.VMNP,2,2,2,"[GNG.VMNPL3, LX.VLNPL3] -> OL.VMNPL2 -> [OLL1, OL.VLNPL1]",GNG.VMNP,3,LX.VLNP,3,OL,1,OL.VLNP,1
5057,pure_BWD,BWD->BWD,BWD,BWD,0,4,0,38835,3,2.445,31879,0.821,OL,2,2,2,"[OLL3, OL.VMNPL3] -> OLL2 -> [VLNPL1, VMNPL1]",OL,3,OL.VMNP,3,VLNP,1,VMNP,1
5024,pure_BWD,BWD->BWD,BWD,BWD,0,4,0,187,3,1.988,12107,64.743,OL.VMNP,2,2,2,"[GNGL3, LXL3] -> OL.VMNPL2 -> [OLL1, OL.VLNPL1]",GNG,3,LX,3,OL,1,OL.VLNP,1
4872,pure_BWD,BWD->BWD,BWD,BWD,0,4,0,38835,2,1.628,42835,1.103,OL,2,2,2,"[OLL3, OL.VMNPL3] -> OLL2 -> [GNG.VMNPL1, OLL1]",OL,3,OL.VMNP,3,GNG.VMNP,1,OL,1
4872,pure_BWD,BWD->BWD,BWD,BWD,0,4,0,38835,2,1.628,42820,1.103,OL,2,2,2,"[OLL3, OL.VMNPL3] -> OLL2 -> [LX.VMNPL1, OLL1]",OL,3,OL.VMNP,3,LX.VMNP,1,OL,1
4848,pure_BWD,BWD->BWD,BWD,BWD,0,4,0,187,3,1.242,11729,62.722,OL.VMNP,2,2,2,"[INP.VLNPL3, VMNPL3] -> OL.VMNPL2 -> [OLL1, OL.VLNPL1]",INP.VLNP,3,VMNP,3,OL,1,OL.VLNP,1
4796,pure_BWD,BWD->BWD,BWD,BWD,0,4,0,491,1,1.0,44377,90.381,OL.VLNP,2,2,2,"[OLL3, OL.VLNPL3] -> OL.VLNPL2 -> [OLL1, VMNPL1]",OL,3,OL.VLNP,3,OL,1,VMNP,1
4650,pure_BWD,BWD->BWD,BWD,BWD,0,4,0,38835,1,1.0,43096,1.11,OL,2,2,2,"[OLL3, VMNPL3] -> OLL2 -> [OLL1, OL.VMNPL1]",OL,3,VMNP,3,OL,1,OL.VMNP,1
4476,pure_BWD,BWD->BWD,BWD,BWD,0,4,0,187,3,1.067,12106,64.738,OL.VMNP,2,2,2,"[INP.VLNPL3, VLNPL3] -> OL.VMNPL2 -> [OLL1, OL.VLNPL1]",INP.VLNP,3,VLNP,3,OL,1,OL.VLNP,1
4320,pure_BWD,BWD->BWD,BWD,BWD,0,4,0,83,2,1.906,4759,57.337,INP.MB,2,2,2,"[INP.VLNPL3, MBL3] -> INP.MBL2 -> [ALL1, AL.SNPL1]",INP.VLNP,3,MB,3,AL,1,AL.SNP,1
4320,pure_BWD,BWD->BWD,BWD,BWD,0,4,0,83,2,1.906,4763,57.386,INP.MB,2,2,2,"[INP.VLNPL3, MBL3] -> INP.MBL2 -> [ALL1, SNP.VLNPL1]",INP.VLNP,3,MB,3,AL,1,SNP.VLNP,1
4320,pure_BWD,BWD->BWD,BWD,BWD,0,4,0,83,2,1.906,2964,35.711,INP.MB,2,2,2,"[INP.VLNPL3, MBL3] -> INP.MBL2 -> [AL.SNPL1, SNP.VLNPL1]",INP.VLNP,3,MB,3,AL.SNP,1,SNP.VLNP,1
4180,pure_BWD,BWD->BWD,BWD,BWD,0,4,0,187,3,1.891,42852,229.155,OL.VMNP,2,2,2,"[LX.VLNPL3, OLL3] -> OL.VMNPL2 -> [OLL1, OL.VLNPL1]",LX.VLNP,3,OL,3,OL,1,OL.VLNP,1
3927,pure_BWD,BWD->BWD,BWD,BWD,0,4,0,187,2,1.645,11991,64.123,OL.VMNP,2,2,2,"[LXL3, VLNPL3] -> OL.VMNPL2 -> [OLL1, OL.VLNPL1]",LX,3,VLNP,3,OL,1,OL.VLNP,1
3902,pure_BWD,BWD->BWD,BWD,BWD,0,4,0,214,8,4.167,2423,11.322,AL.LH,2,2,2,"[ALL3, LHL3] -> AL.LHL2 -> [ALL1, LH.VMNPL1]",AL,3,LH,3,AL,1,LH.VMNP,1
3873,pure_BWD,BWD->BWD,BWD,BWD,0,4,0,187,4,2.339,11647,62.283,OL.VMNP,2,2,2,"[OL.VMNPL3, VMNPL3] -> OL.VMNPL2 -> [OLL1, OL.VLNPL1]",OL.VMNP,3,VMNP,3,OL,1,OL.VLNP,1
3836,pure_BWD,BWD->BWD,BWD,BWD,0,4,0,187,2,1.981,12140,64.92,OL.VMNP,2,2,2,"[GNGL3, LX.VLNPL3] -> OL.VMNPL2 -> [OLL1, OL.VLNPL1]",GNG,3,LX.VLNP,3,OL,1,OL.VLNP,1
3824,pure_BWD,BWD->BWD,BWD,BWD,0,4,0,83,2,1.943,4662,56.169,INP.MB,2,2,2,"[MBL3, MB.SNPL3] -> INP.MBL2 -> [ALL1, AL.INPL1]",MB,3,MB.SNP,3,AL,1,AL.INP,1
3824,pure_BWD,BWD->BWD,BWD,BWD,0,4,0,83,2,1.943,2867,34.542,INP.MB,2,2,2,"[MBL3, MB.SNPL3] -> INP.MBL2 -> [AL.INPL1, SNP.VLNPL1]",MB,3,MB.SNP,3,AL.INP,1,SNP.VLNP,1
3824,pure_BWD,BWD->BWD,BWD,BWD,0,4,0,83,2,1.943,2863,34.494,INP.MB,2,2,2,"[MBL3, MB.SNPL3] -> INP.MBL2 -> [AL.INPL1, AL.SNPL1]",MB,3,MB.SNP,3,AL.INP,1,AL.SNP,1
3780,pure_BWD,BWD->BWD,BWD,BWD,0,4,0,491,3,2.011,33308,67.837,OL.VLNP,2,2,2,"[OLL3, OL.VLNPL3] -> OL.VLNPL2 -> [OL.VLNPL1, VMNPL1]",OL,3,OL.VLNP,3,OL.VLNP,1,VMNP,1
3682,pure_BWD,BWD->BWD,BWD,BWD,0,4,0,187,1,1.0,11578,61.914,OL.VMNP,2,2,2,"[LX.VMNPL3, VMNPL3] -> OL.VMNPL2 -> [OLL1, OL.VLNPL1]",LX.VMNP,3,VMNP,3,OL,1,OL.VLNP,1
3570,pure_BWD,BWD->BWD,BWD,BWD,0,4,0,491,2,1.85,33263,67.745,OL.VLNP,2,2,2,"[OLL3, OL.VLNPL3] -> OL.VLNPL2 -> [SNP.VMNPL1, VMNPL1]",OL,3,OL.VLNP,3,SNP.VMNP,1,VMNP,1
3536,pure_BWD,BWD->BWD,BWD,BWD,0,4,0,42,1,1.0,2665,63.452,AL.VLNP,2,2,2,"[LX.VLNPL3, VLNPL3] -> AL.VLNPL2 -> [ALL1, AL.PENPL1]",LX.VLNP,3,VLNP,3,AL,1,AL.PENP,1
3536,pure_BWD,BWD->BWD,BWD,BWD,0,4,0,42,1,1.0,2739,65.214,AL.VLNP,2,2,2,"[LX.VLNPL3, VLNPL3] -> AL.VLNPL2 -> [ALL1, VLNPL1]",LX.VLNP,3,VLNP,3,AL,1,VLNP,1
3408,pure_BWD,BWD->BWD,BWD,BWD,0,4,0,187,3,2.121,42819,228.979,OL.VMNP,2,2,2,"[LXL3, OLL3] -> OL.VMNPL2 -> [OLL1, OL.VLNPL1]",LX,3,OL,3,OL,1,OL.VLNP,1
3369,pure_BWD,BWD->BWD,BWD,BWD,0,4,0,38835,4,1.994,43454,1.119,OL,2,2,2,"[OLL3, VLNPL3] -> OLL2 -> [GNG.OLL1, OLL1]",OL,3,VLNP,3,GNG.OL,1,OL,1
3280,pure_BWD,BWD->BWD,BWD,BWD,0,4,0,83,2,1.927,2861,34.47,INP.MB,2,2,2,"[MBL3, MB.VLNPL3] -> INP.MBL2 -> [AL.SNPL1, SNP.VLNPL1]",MB,3,MB.VLNP,3,AL.SNP,1,SNP.VLNP,1
3280,pure_BWD,BWD->BWD,BWD,BWD,0,4,0,83,2,1.927,4660,56.145,INP.MB,2,2,2,"[MBL3, MB.VLNPL3] -> INP.MBL2 -> [ALL1, SNP.VLNPL1]",MB,3,MB.VLNP,3,AL,1,SNP.VLNP,1
3280,pure_BWD,BWD->BWD,BWD,BWD,0,4,0,83,2,1.927,4656,56.096,INP.MB,2,2,2,"[MBL3, MB.VLNPL3] -> INP.MBL2 -> [ALL1, AL.SNPL1]",MB,3,MB.VLNP,3,AL,1,AL.SNP,1
3277,pure_BWD,BWD->BWD,BWD,BWD,0,4,0,38835,3,2.527,31720,0.817,OL,2,2,2,"[OLL3, OL.VMNPL3] -> OLL2 -> [GNG.OLL1, OL.VMNPL1]",OL,3,OL.VMNP,3,GNG.OL,1,OL.VMNP,1
3235,pure_BWD,BWD->BWD,BWD,BWD,0,4,0,38835,3,1.828,43525,1.121,OL,2,2,2,"[OLL3, VLNPL3] -> OLL2 -> [OLL1, VLNPL1]",OL,3,VLNP,3,OL,1,VLNP,1
3003,pure_BWD,BWD->BWD,BWD,BWD,0,4,0,360,1,1.0,33161,92.114,VLNP,2,2,2,"[OLL3, OL.VLNPL3] -> VLNPL2 -> [INP.VLNPL1, LX.VLNPL1]",OL,3,OL.VLNP,3,INP.VLNP,1,LX.VLNP,1
2900,pure_BWD,BWD->BWD,BWD,BWD,0,4,0,38835,1,1.0,44279,1.14,OL,2,2,2,"[OLL3, OL.VLNPL3] -> OLL2 -> [LX.VMNPL1, OLL1]",OL,3,OL.VLNP,3,LX.VMNP,1,OL,1
2900,pure_BWD,BWD->BWD,BWD,BWD,0,4,0,38835,1,1.0,33276,0.857,OL,2,2,2,"[OLL3, OL.VLNPL3] -> OLL2 -> [LX.VMNPL1, VMNPL1]",OL,3,OL.VLNP,3,LX.VMNP,1,VMNP,1
2868,pure_BWD,BWD->BWD,BWD,BWD,0,4,0,491,3,1.45,32434,66.057,OL.VLNP,2,2,2,"[OLL3, VLNPL3] -> OL.VLNPL2 -> [OL.VMNPL1, VLNPL1]",OL,3,VLNP,3,OL.VMNP,1,VLNP,1
2784,pure_BWD,BWD->BWD,BWD,BWD,0,4,0,187,2,1.887,11415,61.043,OL.VMNP,2,2,2,"[LX.VLNPL3, VLNP.VMNPL3] -> OL.VMNPL2 -> [OLL1, OL.VLNPL1]",LX.VLNP,3,VLNP.VMNP,3,OL,1,OL.VLNP,1
2754,pure_BWD,BWD->BWD,BWD,BWD,0,4,0,187,5,2.632,11598,62.021,OL.VMNP,2,2,2,"[INP.VMNPL3, VMNPL3] -> OL.VMNPL2 -> [OLL1, OL.VLNPL1]",INP.VMNP,3,VMNP,3,OL,1,OL.VLNP,1
2728,pure_BWD,BWD->BWD,BWD,BWD,0,4,0,187,2,1.952,12807,68.487,OL.VMNP,2,2,2,"[LXL3, OL.VLNPL3] -> OL.VMNPL2 -> [OLL1, OL.VLNPL1]",LX,3,OL.VLNP,3,OL,1,OL.VLNP,1
2662,pure_BWD,BWD->BWD,BWD,BWD,0,4,0,491,4,1.271,32404,65.996,OL.VLNP,2,2,2,"[OLL3, VLNPL3] -> OL.VLNPL2 -> [OL.VLNPL1, OL.VMNPL1]",OL,3,VLNP,3,OL.VLNP,1,OL.VMNP,1
2652,pure_BWD,BWD->BWD,BWD,BWD,0,4,0,42,1,1.0,2632,62.667,AL.VLNP,2,2,2,"[PENP.VLNPL3, VLNPL3] -> AL.VLNPL2 -> [ALL1, AL.PENPL1]",PENP.VLNP,3,VLNP,3,AL,1,AL.PENP,1
2652,pure_BWD,BWD->BWD,BWD,BWD,0,4,0,42,1,1.0,2706,64.429,AL.VLNP,2,2,2,"[PENP.VLNPL3, VLNPL3] -> AL.VLNPL2 -> [ALL1, VLNPL1]",PENP.VLNP,3,VLNP,3,AL,1,VLNP,1
2598,pure_BWD,BWD->BWD,BWD,BWD,0,4,0,187,1,1.0,42934,229.594,OL.VMNP,2,2,2,"[INP.VLNPL3, OLL3] -> OL.VMNPL2 -> [OLL1, OL.VLNPL1]",INP.VLNP,3,OL,3,OL,1,OL.VLNP,1
2566,pure_BWD,BWD->BWD,BWD,BWD,0,4,0,38835,3,2.97,42764,1.101,OL,2,2,2,"[GNG.VLNPL3, OLL3] -> OLL2 -> [OLL1, OL.VMNPL1]",GNG.VLNP,3,OL,3,OL,1,OL.VMNP,1
2452,pure_BWD,BWD->BWD,BWD,BWD,0,4,0,187,3,1.856,12840,68.663,OL.VMNP,2,2,2,"[LX.VLNPL3, OL.VLNPL3] -> OL.VMNPL2 -> [OLL1, OL.VLNPL1]",LX.VLNP,3,OL.VLNP,3,OL,1,OL.VLNP,1
2426,pure_BWD,BWD->BWD,BWD,BWD,0,4,0,38835,2,1.572,31720,0.817,OL,2,2,2,"[OLL3, OL.PENPL3] -> OLL2 -> [OL.VMNPL1, VMNPL1]",OL,3,OL.PENP,3,OL.VMNP,1,VMNP,1
2294,pure_BWD,BWD->BWD,BWD,BWD,0,4,0,491,1,1.0,33197,67.611,OL.VLNP,2,2,2,"[OLL3, OL.VLNPL3] -> OL.VLNPL2 -> [OL.VLNPL1, SNP.VMNPL1]",OL,3,OL.VLNP,3,OL.VLNP,1,SNP.VMNP,1
2294,pure_BWD,BWD->BWD,BWD,BWD,0,4,0,491,1,1.0,33207,67.631,OL.VLNP,2,2,2,"[OLL3, OL.VLNPL3] -> OL.VLNPL2 -> [OL.VLNPL1, VLNP.VMNPL1]",OL,3,OL.VLNP,3,OL.VLNP,1,VLNP.VMNP,1
2294,pure_BWD,BWD->BWD,BWD,BWD,0,4,0,491,1,1.0,33162,67.54,OL.VLNP,2,2,2,"[OLL3, OL.VLNPL3] -> OL.VLNPL2 -> [SNP.VMNPL1, VLNP.VMNPL1]",OL,3,OL.VLNP,3,SNP.VMNP,1,VLNP.VMNP,1
2294,pure_BWD,BWD->BWD,BWD,BWD,0,4,0,491,1,1.0,33273,67.766,OL.VLNP,2,2,2,"[OLL3, OL.VLNPL3] -> OL.VLNPL2 -> [VLNP.VMNPL1, VMNPL1]",OL,3,OL.VLNP,3,VLNP.VMNP,1,VMNP,1
2288,pure_BWD,BWD->BWD,BWD,BWD,0,4,0,38835,2,1.875,31808,0.819,OL,2,2,2,"[OLL3, OL.VMNPL3] -> OLL2 -> [GNG.OLL1, VMNPL1]",OL,3,OL.VMNP,3,GNG.OL,1,VMNP,1
2288,pure_BWD,BWD->BWD,BWD,BWD,0,4,0,38835,2,1.875,31832,0.82,OL,2,2,2,"[OLL3, OL.VMNPL3] -> OLL2 -> [GNG.VMNPL1, VMNPL1]",OL,3,OL.VMNP,3,GNG.VMNP,1,VMNP,1
2288,pure_BWD,BWD->BWD,BWD,BWD,0,4,0,38835,2,1.875,31817,0.819,OL,2,2,2,"[OLL3, OL.VMNPL3] -> OLL2 -> [LX.VMNPL1, VMNPL1]",OL,3,OL.VMNP,3,LX.VMNP,1,VMNP,1
2217,pure_BWD,BWD->BWD,BWD,BWD,0,4,0,187,3,2.023,11382,60.866,OL.VMNP,2,2,2,"[LXL3, VLNP.VMNPL3] -> OL.VMNPL2 -> [OLL1, OL.VLNPL1]",LX,3,VLNP.VMNP,3,OL,1,OL.VLNP,1
2210,pure_BWD,BWD->BWD,BWD,BWD,0,4,0,42,1,1.0,3218,76.619,AL.VLNP,2,2,2,"[PENPL3, VLNPL3] -> AL.VLNPL2 -> [ALL1, AL.PENPL1]",PENP,3,VLNP,3,AL,1,AL.PENP,1
2210,pure_BWD,BWD->BWD,BWD,BWD,0,4,0,42,1,1.0,3292,78.381,AL.VLNP,2,2,2,"[PENPL3, VLNPL3] -> AL.VLNPL2 -> [ALL1, VLNPL1]",PENP,3,VLNP,3,AL,1,VLNP,1
2210,pure_BWD,BWD->BWD,BWD,BWD,0,4,0,42,1,1.0,2699,64.262,AL.VLNP,2,2,2,"[VLNPL3, VLNP.VMNPL3] -> AL.VLNPL2 -> [ALL1, AL.PENPL1]",VLNP,3,VLNP.VMNP,3,AL,1,AL.PENP,1
2210,pure_BWD,BWD->BWD,BWD,BWD,0,4,0,42,1,1.0,2773,66.024,AL.VLNP,2,2,2,"[VLNPL3, VLNP.VMNPL3] -> AL.VLNPL2 -> [ALL1, VLNPL1]",VLNP,3,VLNP.VMNP,3,AL,1,VLNP,1
2182,pure_BWD,BWD->BWD,BWD,BWD,0,4,0,491,2,1.024,32385,65.957,OL.VLNP,2,2,2,"[OLL3, VLNPL3] -> OL.VLNPL2 -> [GNG.OLL1, OL.VLNPL1]",OL,3,VLNP,3,GNG.OL,1,OL.VLNP,1
2176,pure_BWD,BWD->BWD,BWD,BWD,0,4,0,83,2,1.998,2931,35.313,INP.MB,2,2,2,"[INPL3, MBL3] -> INP.MBL2 -> [AL.INPL1, SNP.VLNPL1]",INP,3,MB,3,AL.INP,1,SNP.VLNP,1
2176,pure_BWD,BWD->BWD,BWD,BWD,0,4,0,83,2,1.998,4726,56.94,INP.MB,2,2,2,"[INPL3, MBL3] -> INP.MBL2 -> [ALL1, AL.INPL1]",INP,3,MB,3,AL,1,AL.INP,1
2176,pure_BWD,BWD->BWD,BWD,BWD,0,4,0,83,2,1.998,2927,35.265,INP.MB,2,2,2,"[INPL3, MBL3] -> INP.MBL2 -> [AL.INPL1, AL.SNPL1]",INP,3,MB,3,AL.INP,1,AL.SNP,1
2104,pure_BWD,BWD->BWD,BWD,BWD,0,4,0,187,1,1.0,12071,64.551,OL.VMNP,2,2,2,"[GNGL3, LX.VMNPL3] -> OL.VMNPL2 -> [OLL1, OL.VLNPL1]",GNG,3,LX.VMNP,3,OL,1,OL.VLNP,1
2055,pure_BWD,BWD->BWD,BWD,BWD,0,4,0,38835,9,2.226,12818,0.33,OL,2,2,2,"[OL.VLNPL3, OL.VMNPL3] -> OLL2 -> [OLL1, OL.VMNPL1]",OL.VLNP,3,OL.VMNP,3,OL,1,OL.VMNP,1
1975,pure_BWD,BWD->BWD,BWD,BWD,0,4,0,491,9,4.526,43495,88.585,OL.VLNP,2,2,2,"[OLL3, VLNPL3] -> OL.VLNPL2 -> [OLL1, OL.VLNPL1]",OL,3,VLNP,3,OL,1,OL.VLNP,1
1912,pure_BWD,BWD->BWD,BWD,BWD,0,4,0,83,2,1.943,4662,56.169,INP.MB,2,2,2,"[MBL3, MB.SNPL3] -> INP.MBL2 -> [ALL1, AL.SNPL1]",MB,3,MB.SNP,3,AL,1,AL.SNP,1
1912,pure_BWD,BWD->BWD,BWD,BWD,0,4,0,83,2,1.943,4666,56.217,INP.MB,2,2,2,"[MBL3, MB.SNPL3] -> INP.MBL2 -> [ALL1, SNP.VLNPL1]",MB,3,MB.SNP,3,AL,1,SNP.VLNP,1
1912,pure_BWD,BWD->BWD,BWD,BWD,0,4,0,83,2,1.943,2867,34.542,INP.MB,2,2,2,"[MBL3, MB.SNPL3] -> INP.MBL2 -> [AL.SNPL1, SNP.VLNPL1]",MB,3,MB.SNP,3,AL.SNP,1,SNP.VLNP,1
1902,pure_BWD,BWD->BWD,BWD,BWD,0,4,0,187,3,1.198,11497,61.481,OL.VMNP,2,2,2,"[INP.VLNPL3, VLNP.VMNPL3] -> OL.VMNPL2 -> [OLL1, OL.VLNPL1]",INP.VLNP,3,VLNP.VMNP,3,OL,1,OL.VLNP,1
1872,pure_BWD,BWD->BWD,BWD,BWD,0,4,0,360,1,1.0,2427,6.742,VLNP,2,2,2,"[OL.VLNPL3, VLNPL3] -> VLNPL2 -> [GNG.VMNPL1, VLNPL1]",OL.VLNP,3,VLNP,3,GNG.VMNP,1,VLNP,1
1872,pure_BWD,BWD->BWD,BWD,BWD,0,4,0,360,1,1.0,2403,6.675,VLNP,2,2,2,"[OL.VLNPL3, VLNPL3] -> VLNPL2 -> [SNP.VLNPL1, VLNPL1]",OL.VLNP,3,VLNP,3,SNP.VLNP,1,VLNP,1
1864,pure_BWD,BWD->BWD,BWD,BWD,0,4,0,38835,2,1.542,31744,0.817,OL,2,2,2,"[OLL3, OL.VMNPL3] -> OLL2 -> [GNG.VMNPL1, OL.VMNPL1]",OL,3,OL.VMNP,3,GNG.VMNP,1,OL.VMNP,1
1864,pure_BWD,BWD->BWD,BWD,BWD,0,4,0,38835,2,1.542,31729,0.817,OL,2,2,2,"[OLL3, OL.VMNPL3] -> OLL2 -> [LX.VMNPL1, OL.VMNPL1]",OL,3,OL.VMNP,3,LX.VMNP,1,OL.VMNP,1
1846,pure_BWD,BWD->BWD,BWD,BWD,0,4,0,38835,1,1.0,31684,0.816,OL,2,2,2,"[OLL3, OL.PENPL3] -> OLL2 -> [OL.VMNPL1, VLNPL1]",OL,3,OL.PENP,3,OL.VMNP,1,VLNP,1
1843,pure_BWD,BWD->BWD,BWD,BWD,0,4,0,491,5,1.504,33272,67.764,OL.VLNP,2,2,2,"[OLL3, OL.VLNPL3] -> OL.VLNPL2 -> [OL.VLNPL1, VLNPL1]",OL,3,OL.VLNP,3,OL.VLNP,1,VLNP,1
1791,pure_BWD,BWD->BWD,BWD,BWD,0,4,0,214,11,7.128,2427,11.341,AL.LH,2,2,2,"[ALL3, LHL3] -> AL.LHL2 -> [ALL1, AL.VLNPL1]",AL,3,LH,3,AL,1,AL.VLNP,1
1768,pure_BWD,BWD->BWD,BWD,BWD,0,4,0,42,1,1.0,2775,66.071,AL.VLNP,2,2,2,"[LX.VLNPL3, VLNPL3] -> AL.VLNPL2 -> [ALL1, VMNPL1]",LX.VLNP,3,VLNP,3,AL,1,VMNP,1
1732,pure_BWD,BWD->BWD,BWD,BWD,0,4,0,187,1,1.0,12222,65.358,OL.VMNP,2,2,2,"[GNGL3, INP.VLNPL3] -> OL.VMNPL2 -> [OLL1, OL.VLNPL1]",GNG,3,INP.VLNP,3,OL,1,OL.VLNP,1
1716,pure_BWD,BWD->BWD,BWD,BWD,0,4,0,491,2,1.118,32387,65.961,OL.VLNP,2,2,2,"[OLL3, VLNPL3] -> OL.VLNPL2 -> [GNG.VMNPL1, OL.VMNPL1]",OL,3,VLNP,3,GNG.VMNP,1,OL.VMNP,1
1632,pure_BWD,BWD->BWD,BWD,BWD,0,4,0,42,1,1.0,1989,47.357,AL.VLNP,2,2,2,"[LX.VLNPL3, PENP.VLNPL3] -> AL.VLNPL2 -> [ALL1, AL.PENPL1]",LX.VLNP,3,PENP.VLNP,3,AL,1,AL.PENP,1
1632,pure_BWD,BWD->BWD,BWD,BWD,0,4,0,42,1,1.0,2063,49.119,AL.VLNP,2,2,2,"[LX.VLNPL3, PENP.VLNPL3] -> AL.VLNPL2 -> [ALL1, VLNPL1]",LX.VLNP,3,PENP.VLNP,3,AL,1,VLNP,1
1620,pure_BWD,BWD->BWD,BWD,BWD,0,4,0,491,1,1.0,31644,64.448,OL.VLNP,2,2,2,"[LX.OLL3, OLL3] -> OL.VLNPL2 -> [GNG.VMNPL1, OL.VMNPL1]",LX.OL,3,OL,3,GNG.VMNP,1,OL.VMNP,1
1620,pure_BWD,BWD->BWD,BWD,BWD,0,4,0,491,1,1.0,31744,64.652,OL.VLNP,2,2,2,"[OLL3, OL.VMNPL3] -> OL.VLNPL2 -> [GNG.VMNPL1, OL.VMNPL1]",OL,3,OL.VMNP,3,GNG.VMNP,1,OL.VMNP,1
1593,pure_BWD,BWD->BWD,BWD,BWD,0,4,0,187,3,2.103,11415,61.043,OL.VMNP,2,2,2,"[OL.VMNPL3, VLNP.VMNPL3] -> OL.VMNPL2 -> [OLL1, OL.VLNPL1]",OL.VMNP,3,VLNP.VMNP,3,OL,1,OL.VLNP,1
1580,pure_BWD,BWD->BWD,BWD,BWD,0,4,0,214,9,4.55,2500,11.682,AL.LH,2,2,2,"[ALL3, LHL3] -> AL.LHL2 -> [ALL1, VLNPL1]",AL,3,LH,3,AL,1,VLNP,1
1578,pure_BWD,BWD->BWD,BWD,BWD,0,4,0,187,1,1.0,42783,228.786,OL.VMNP,2,2,2,"[LX.VMNPL3, OLL3] -> OL.VMNPL2 -> [OLL1, OL.VLNPL1]",LX.VMNP,3,OL,3,OL,1,OL.VLNP,1
1578,pure_BWD,BWD->BWD,BWD,BWD,0,4,0,187,1,1.0,12771,68.294,OL.VMNP,2,2,2,"[LX.VMNPL3, OL.VLNPL3] -> OL.VMNPL2 -> [OLL1, OL.VLNPL1]",LX.VMNP,3,OL.VLNP,3,OL,1,OL.VLNP,1
1558,pure_BWD,BWD->BWD,BWD,BWD,0,4,0,38835,2,1.083,42898,1.105,OL,2,2,2,"[INP.SNPL3, OLL3] -> OLL2 -> [OLL1, OL.VMNPL1]",INP.SNP,3,OL,3,OL,1,OL.VMNP,1
1552,pure_BWD,BWD->BWD,BWD,BWD,0,4,0,908,3,1.991,2710,2.985,AL,2,2,2,"[ALL3, GNGL3] -> ALL2 -> [ALL1, AL.VLNPL1]",AL,3,GNG,3,AL,1,AL.VLNP,1
1496,pure_BWD,BWD->BWD,BWD,BWD,0,4,0,38835,1,1.0,43589,1.122,OL,2,2,2,"[GNGL3, OLL3] -> OLL2 -> [OLL1, OL.VMNPL1]",GNG,3,OL,3,OL,1,OL.VMNP,1
1450,pure_BWD,BWD->BWD,BWD,BWD,0,4,0,38835,1,1.0,33188,0.855,OL,2,2,2,"[OLL3, OL.VLNPL3] -> OLL2 -> [LX.VMNPL1, OL.VMNPL1]",OL,3,OL.VLNP,3,LX.VMNP,1,OL.VMNP,1
1438,pure_BWD,BWD->BWD,BWD,BWD,0,4,0,562,4,1.164,847,1.507,PENP,2,2,2,"[GNG.PENPL3, PENPL3] -> PENPL2 -> [GNG.PENPL1, PENPL1]",GNG.PENP,3,PENP,3,GNG.PENP,1,PENP,1
1404,pure_BWD,BWD->BWD,BWD,BWD,0,4,0,187,3,2.226,11332,60.599,OL.VMNP,2,2,2,"[INP.VMNPL3, OL.VMNPL3] -> OL.VMNPL2 -> [OLL1, OL.VLNPL1]",INP.VMNP,3,OL.VMNP,3,OL,1,OL.VLNP,1
1378,pure_BWD,BWD->BWD,BWD,BWD,0,4,0,187,2,1.041,13305,71.15,OL.VMNP,2,2,2,"[SNPL3, VMNPL3] -> OL.VMNPL2 -> [OLL1, OL.VLNPL1]",SNP,3,VMNP,3,OL,1,OL.VLNP,1
1375,pure_BWD,BWD->BWD,BWD,BWD,0,4,0,908,5,3.469,2427,2.673,AL,2,2,2,"[ALL3, LHL3] -> ALL2 -> [ALL1, AL.VLNPL1]",AL,3,LH,3,AL,1,AL.VLNP,1
1360,pure_BWD,BWD->BWD,BWD,BWD,0,4,0,42,1,1.0,2575,61.31,AL.VLNP,2,2,2,"[LX.VLNPL3, PENPL3] -> AL.VLNPL2 -> [ALL1, AL.PENPL1]",LX.VLNP,3,PENP,3,AL,1,AL.PENP,1
1360,pure_BWD,BWD->BWD,BWD,BWD,0,4,0,42,1,1.0,2649,63.071,AL.VLNP,2,2,2,"[LX.VLNPL3, PENPL3] -> AL.VLNPL2 -> [ALL1, VLNPL1]",LX.VLNP,3,PENP,3,AL,1,VLNP,1
1360,pure_BWD,BWD->BWD,BWD,BWD,0,4,0,42,1,1.0,2056,48.952,AL.VLNP,2,2,2,"[LX.VLNPL3, VLNP.VMNPL3] -> AL.VLNPL2 -> [ALL1, AL.PENPL1]",LX.VLNP,3,VLNP.VMNP,3,AL,1,AL.PENP,1
1360,pure_BWD,BWD->BWD,BWD,BWD,0,4,0,42,1,1.0,2130,50.714,AL.VLNP,2,2,2,"[LX.VLNPL3, VLNP.VMNPL3] -> AL.VLNPL2 -> [ALL1, VLNPL1]",LX.VLNP,3,VLNP.VMNP,3,AL,1,VLNP,1
1350,pure_BWD,BWD->BWD,BWD,BWD,0,4,0,491,1,1.0,33206,67.629,OL.VLNP,2,2,2,"[OLL3, OL.VLNPL3] -> OL.VLNPL2 -> [LXL1, OL.VLNPL1]",OL,3,OL.VLNP,3,LX,1,OL.VLNP,1
1350,pure_BWD,BWD->BWD,BWD,BWD,0,4,0,491,1,1.0,33272,67.764,OL.VLNP,2,2,2,"[OLL3, OL.VLNPL3] -> OL.VLNPL2 -> [LXL1, VMNPL1]",OL,3,OL.VLNP,3,LX,1,VMNP,1
1350,pure_BWD,BWD->BWD,BWD,BWD,0,4,0,187,1,1.0,11715,62.647,OL.VMNP,2,2,2,"[INP.SNPL3, VMNPL3] -> OL.VMNPL2 -> [OLL1, OL.VLNPL1]",INP.SNP,3,VMNP,3,OL,1,OL.VLNP,1
1332,pure_BWD,BWD->BWD,BWD,BWD,0,4,0,187,3,2.023,12024,64.299,OL.VMNP,2,2,2,"[OL.VMNPL3, VLNPL3] -> OL.VMNPL2 -> [OLL1, OL.VLNPL1]",OL.VMNP,3,VLNP,3,OL,1,OL.VLNP,1
1326,pure_BWD,BWD->BWD,BWD,BWD,0,4,0,42,1,1.0,2742,65.286,AL.VLNP,2,2,2,"[PENP.VLNPL3, VLNPL3] -> AL.VLNPL2 -> [ALL1, VMNPL1]",PENP.VLNP,3,VLNP,3,AL,1,VMNP,1
1326,pure_BWD,BWD->BWD,BWD,BWD,0,4,0,42,1,1.0,2637,62.786,AL.VLNP,2,2,2,"[PENP.VMNPL3, VLNPL3] -> AL.VLNPL2 -> [ALL1, AL.PENPL1]",PENP.VMNP,3,VLNP,3,AL,1,AL.PENP,1
1326,pure_BWD,BWD->BWD,BWD,BWD,0,4,0,42,1,1.0,2711,64.548,AL.VLNP,2,2,2,"[PENP.VMNPL3, VLNPL3] -> AL.VLNPL2 -> [ALL1, VLNPL1]",PENP.VMNP,3,VLNP,3,AL,1,VLNP,1
1326,pure_BWD,BWD->BWD,BWD,BWD,0,4,0,42,1,1.0,2931,69.786,AL.VLNP,2,2,2,"[VLNPL3, VMNPL3] -> AL.VLNPL2 -> [ALL1, AL.PENPL1]",VLNP,3,VMNP,3,AL,1,AL.PENP,1
1326,pure_BWD,BWD->BWD,BWD,BWD,0,4,0,42,1,1.0,3005,71.548,AL.VLNP,2,2,2,"[VLNPL3, VMNPL3] -> AL.VLNPL2 -> [ALL1, VLNPL1]",VLNP,3,VMNP,3,AL,1,VLNP,1
1279,pure_BWD,BWD->BWD,BWD,BWD,0,4,0,473,8,2.703,602,1.273,VMNP,2,2,2,"[GNG.VMNPL3, VMNPL3] -> VMNPL2 -> [OL.VMNPL1, VMNPL1]",GNG.VMNP,3,VMNP,3,OL.VMNP,1,VMNP,1
1278,pure_BWD,BWD->BWD,BWD,BWD,0,4,0,908,4,2.437,1844,2.031,AL,2,2,2,"[ALL3, AL.VMNPL3] -> ALL2 -> [ALL1, AL.GNGL1]",AL,3,AL.VMNP,3,AL,1,AL.GNG,1
1246,pure_BWD,BWD->BWD,BWD,BWD,0,4,0,38835,2,1.547,42816,1.103,OL,2,2,2,"[GNG.VLNPL3, OLL3] -> OLL2 -> [OLL1, VLNPL1]",GNG.VLNP,3,OL,3,OL,1,VLNP,1
1232,pure_BWD,BWD->BWD,BWD,BWD,0,4,0,2,1,1.0,2575,1287.5,AL.PENP,2,2,2,"[LX.VLNPL3, PENPL3] -> AL.PENPL2 -> [ALL1, AL.PENPL1]",LX.VLNP,3,PENP,3,AL,1,AL.PENP,1
1232,pure_BWD,BWD->BWD,BWD,BWD,0,4,0,2,1,1.0,1994,997.0,AL.PENP,2,2,2,"[LX.VLNPL3, PENP.VMNPL3] -> AL.PENPL2 -> [ALL1, AL.PENPL1]",LX.VLNP,3,PENP.VMNP,3,AL,1,AL.PENP,1
1220,pure_BWD,BWD->BWD,BWD,BWD,0,4,0,908,3,2.236,1916,2.11,AL,2,2,2,"[ALL3, AL.LHL3] -> ALL2 -> [ALL1, AL.GNGL1]",AL,3,AL.LH,3,AL,1,AL.GNG,1
1218,pure_BWD,BWD->BWD,BWD,BWD,0,4,0,562,3,1.923,1053,1.874,PENP,2,2,2,"[GNGL3, GNG.PENPL3] -> PENPL2 -> [GNG.PENPL1, PENPL1]",GNG,3,GNG.PENP,3,GNG.PENP,1,PENP,1
1183,pure_BWD,BWD->BWD,BWD,BWD,0,4,0,473,12,3.249,607,1.283,VMNP,2,2,2,"[GNG.VMNPL3, VMNPL3] -> VMNPL2 -> [GNG.VMNPL1, VMNPL1]",GNG.VMNP,3,VMNP,3,GNG.VMNP,1,VMNP,1
1144,pure_BWD,BWD->BWD,BWD,BWD,0,4,0,38835,2,1.875,31725,0.817,OL,2,2,2,"[OLL3, OL.VMNPL3] -> OLL2 -> [GNG.OLL1, GNG.VMNPL1]",OL,3,OL.VMNP,3,GNG.OL,1,GNG.VMNP,1
1144,pure_BWD,BWD->BWD,BWD,BWD,0,4,0,38835,2,1.875,31710,0.817,OL,2,2,2,"[OLL3, OL.VMNPL3] -> OLL2 -> [GNG.OLL1, LX.VMNPL1]",OL,3,OL.VMNP,3,GNG.OL,1,LX.VMNP,1
1144,pure_BWD,BWD->BWD,BWD,BWD,0,4,0,38835,2,1.875,31772,0.818,OL,2,2,2,"[OLL3, OL.VMNPL3] -> OLL2 -> [GNG.OLL1, VLNPL1]",OL,3,OL.VMNP,3,GNG.OL,1,VLNP,1
1144,pure_BWD,BWD->BWD,BWD,BWD,0,4,0,38835,2,1.875,31734,0.817,OL,2,2,2,"[OLL3, OL.VMNPL3] -> OLL2 -> [GNG.VMNPL1, LX.VMNPL1]",OL,3,OL.VMNP,3,GNG.VMNP,1,LX.VMNP,1
1144,pure_BWD,BWD->BWD,BWD,BWD,0,4,0,38835,2,1.875,31796,0.819,OL,2,2,2,"[OLL3, OL.VMNPL3] -> OLL2 -> [GNG.VMNPL1, VLNPL1]",OL,3,OL.VMNP,3,GNG.VMNP,1,VLNP,1
1144,pure_BWD,BWD->BWD,BWD,BWD,0,4,0,38835,2,1.875,31781,0.818,OL,2,2,2,"[OLL3, OL.VMNPL3] -> OLL2 -> [LX.VMNPL1, VLNPL1]",OL,3,OL.VMNP,3,LX.VMNP,1,VLNP,1
1124,pure_BWD,BWD->BWD,BWD,BWD,0,4,0,145,12,6.973,2427,16.738,AL.MB,2,2,2,"[ALL3, LHL3] -> AL.MBL2 -> [ALL1, AL.VLNPL1]",AL,3,LH,3,AL,1,AL.VLNP,1
1105,pure_BWD,BWD->BWD,BWD,BWD,0,4,0,42,1,1.0,3328,79.238,AL.VLNP,2,2,2,"[PENPL3, VLNPL3] -> AL.VLNPL2 -> [ALL1, VMNPL1]",PENP,3,VLNP,3,AL,1,VMNP,1
1105,pure_BWD,BWD->BWD,BWD,BWD,0,4,0,42,1,1.0,2809,66.881,AL.VLNP,2,2,2,"[VLNPL3, VLNP.VMNPL3] -> AL.VLNPL2 -> [ALL1, VMNPL1]",VLNP,3,VLNP.VMNP,3,AL,1,VMNP,1
1088,pure_BWD,BWD->BWD,BWD,BWD,0,4,0,83,2,1.998,2950,35.542,INP.MB,2,2,2,"[INP.SNPL3, MBL3] -> INP.MBL2 -> [AL.INPL1, SNP.VLNPL1]",INP.SNP,3,MB,3,AL.INP,1,SNP.VLNP,1
1088,pure_BWD,BWD->BWD,BWD,BWD,0,4,0,83,2,1.998,4745,57.169,INP.MB,2,2,2,"[INP.SNPL3, MBL3] -> INP.MBL2 -> [ALL1, AL.INPL1]",INP.SNP,3,MB,3,AL,1,AL.INP,1
1088,pure_BWD,BWD->BWD,BWD,BWD,0,4,0,83,2,1.998,2931,35.313,INP.MB,2,2,2,"[INPL3, MBL3] -> INP.MBL2 -> [AL.SNPL1, SNP.VLNPL1]",INP,3,MB,3,AL.SNP,1,SNP.VLNP,1
1088,pure_BWD,BWD->BWD,BWD,BWD,0,4,0,83,2,1.998,2946,35.494,INP.MB,2,2,2,"[INP.SNPL3, MBL3] -> INP.MBL2 -> [AL.INPL1, AL.SNPL1]",INP.SNP,3,MB,3,AL.INP,1,AL.SNP,1
1088,pure_BWD,BWD->BWD,BWD,BWD,0,4,0,83,2,1.998,4726,56.94,INP.MB,2,2,2,"[INPL3, MBL3] -> INP.MBL2 -> [ALL1, AL.SNPL1]",INP,3,MB,3,AL,1,AL.SNP,1
1088,pure_BWD,BWD->BWD,BWD,BWD,0,4,0,83,2,1.998,4730,56.988,INP.MB,2,2,2,"[INPL3, MBL3] -> INP.MBL2 -> [ALL1, SNP.VLNPL1]",INP,3,MB,3,AL,1,SNP.VLNP,1
1088,pure_BWD,BWD->BWD,BWD,BWD,0,4,0,187,5,2.469,11366,60.781,OL.VMNP,2,2,2,"[INP.VMNPL3, VLNP.VMNPL3] -> OL.VMNPL2 -> [OLL1, OL.VLNPL1]",INP.VMNP,3,VLNP.VMNP,3,OL,1,OL.VLNP,1
1078,pure_BWD,BWD->BWD,BWD,BWD,0,4,0,2,1,1.0,2547,1273.5,AL.PENP,2,2,2,"[PENPL3, PENP.VMNPL3] -> AL.PENPL2 -> [ALL1, AL.PENPL1]",PENP,3,PENP.VMNP,3,AL,1,AL.PENP,1
1056,pure_BWD,BWD->BWD,BWD,BWD,0,4,0,214,4,1.412,2435,11.379,AL.LH,2,2,2,"[ALL3, LHL3] -> AL.LHL2 -> [ALL1, VLNP.VMNPL1]",AL,3,LH,3,AL,1,VLNP.VMNP,1
1056,pure_BWD,BWD->BWD,BWD,BWD,0,4,0,2,1,1.0,2665,1332.5,AL.PENP,2,2,2,"[LX.VLNPL3, VLNPL3] -> AL.PENPL2 -> [ALL1, AL.PENPL1]",LX.VLNP,3,VLNP,3,AL,1,AL.PENP,1
361981920,mixed,LAT->BWD,LAT,BWD,0,2,2,2764,2,1.999,2321,0.84,MB,3,2,2,"[INP.MBL3, MB.VLNPL3] -> MBL3 -> [AL.MBL2, MBL2]",INP.MB,3,MB.VLNP,3,AL.MB,2,MB,2
305464800,mixed,LAT->BWD,LAT,BWD,0,2,2,2764,2,1.663,2424,0.877,MB,3,2,2,"[INP.MBL3, INP.VLNPL3] -> MBL3 -> [AL.MBL2, MBL2]",INP.MB,3,INP.VLNP,3,AL.MB,2,MB,2
243703356,mixed,LAT->BWD,LAT,BWD,0,2,2,2764,3,1.283,2362,0.855,MB,3,2,2,"[INP.MBL3, INP.VLNPL3] -> MBL3 -> [INP.MBL2, MBL2]",INP.MB,3,INP.VLNP,3,INP.MB,2,MB,2
238031456,mixed,LAT->BWD,LAT,BWD,0,2,2,2764,3,1.686,2259,0.817,MB,3,2,2,"[INP.MBL3, MB.VLNPL3] -> MBL3 -> [INP.MBL2, MBL2]",INP.MB,3,MB.VLNP,3,INP.MB,2,MB,2
213277160,mixed,LAT->BWD,LAT,BWD,0,2,2,2764,2,2.0,2327,0.842,MB,3,2,2,"[INP.MBL3, MB.SNPL3] -> MBL3 -> [AL.MBL2, MBL2]",INP.MB,3,MB.SNP,3,AL.MB,2,MB,2
158997600,mixed,LAT->BWD,LAT,BWD,0,2,2,2764,2,1.194,2493,0.902,MB,3,2,2,"[INP.MBL3, INP.VLNPL3] -> MBL3 -> [AL.LHL2, MBL2]",INP.MB,3,INP.VLNP,3,AL.LH,2,MB,2
147075840,mixed,LAT->BWD,LAT,BWD,0,2,2,2764,2,1.503,2390,0.865,MB,3,2,2,"[INP.MBL3, MB.VLNPL3] -> MBL3 -> [AL.LHL2, MBL2]",INP.MB,3,MB.VLNP,3,AL.LH,2,MB,2
143142000,mixed,LAT->BWD,LAT,BWD,0,2,2,2764,2,1.733,2333,0.844,MB,3,2,2,"[INP.VLNPL3, MB.VLNPL3] -> MBL3 -> [AL.MBL2, MBL2]",INP.VLNP,3,MB.VLNP,3,AL.MB,2,MB,2
142559261,mixed,LAT->BWD,LAT,BWD,0,2,2,2764,9,1.65,2265,0.819,MB,3,2,2,"[INP.MBL3, MB.SNPL3] -> MBL3 -> [INP.MBL2, MBL2]",INP.MB,3,MB.SNP,3,INP.MB,2,MB,2
111747528,mixed,LAT->BWD,LAT,BWD,0,2,2,2764,3,1.323,2271,0.822,MB,3,2,2,"[INP.VLNPL3, MB.VLNPL3] -> MBL3 -> [INP.MBL2, MBL2]",INP.VLNP,3,MB.VLNP,3,INP.MB,2,MB,2
103078272,mixed,LAT->BWD,LAT,BWD,0,2,2,2764,2,1.994,2236,0.809,MB,3,2,2,"[MB.SNPL3, MB.VLNPL3] -> MBL3 -> [AL.MBL2, MBL2]",MB.SNP,3,MB.VLNP,3,AL.MB,2,MB,2
94363072,mixed,LAT->BWD,LAT,BWD,0,2,2,2764,3,1.902,2223,0.804,MB,3,2,2,"[INP.MBL3, MB.VLNPL3] -> MBL3 -> [MBL2, MB.SNPL2]",INP.MB,3,MB.VLNP,3,MB,2,MB.SNP,2
88964712,mixed,LAT->BWD,LAT,BWD,0,2,2,2764,3,1.435,2326,0.842,MB,3,2,2,"[INP.MBL3, INP.VLNPL3] -> MBL3 -> [MBL2, MB.SNPL2]",INP.MB,3,INP.VLNP,3,MB,2,MB.SNP,2
88538720,mixed,LAT->BWD,LAT,BWD,0,2,2,2764,2,1.472,2396,0.867,MB,3,2,2,"[INP.MBL3, MB.SNPL3] -> MBL3 -> [AL.LHL2, MBL2]",INP.MB,3,MB.SNP,3,AL.LH,2,MB,2
85608840,mixed,LAT->BWD,LAT,BWD,0,2,2,2764,2,1.697,2339,0.846,MB,3,2,2,"[INP.VLNPL3, MB.SNPL3] -> MBL3 -> [AL.MBL2, MBL2]",INP.VLNP,3,MB.SNP,3,AL.MB,2,MB,2
72509400,mixed,LAT->BWD,LAT,BWD,0,2,2,2764,2,1.223,2402,0.869,MB,3,2,2,"[INP.VLNPL3, MB.VLNPL3] -> MBL3 -> [AL.LHL2, MBL2]",INP.VLNP,3,MB.VLNP,3,AL.LH,2,MB,2
67606538,mixed,LAT->BWD,LAT,BWD,0,2,2,2764,4,1.302,2277,0.824,MB,3,2,2,"[INP.VLNPL3, MB.SNPL3] -> MBL3 -> [INP.MBL2, MBL2]",INP.VLNP,3,MB.SNP,3,INP.MB,2,MB,2
66752498,mixed,LAT->BWD,LAT,BWD,0,2,2,2764,4,1.72,2174,0.787,MB,3,2,2,"[MB.SNPL3, MB.VLNPL3] -> MBL3 -> [INP.MBL2, MBL2]",MB.SNP,3,MB.VLNP,3,INP.MB,2,MB,2
56102984,mixed,LAT->BWD,LAT,BWD,0,2,2,2764,10,1.872,2229,0.806,MB,3,2,2,"[INP.MBL3, MB.SNPL3] -> MBL3 -> [MBL2, MB.SNPL2]",INP.MB,3,MB.SNP,3,MB,2,MB.SNP,2
43995780,mixed,LAT->BWD,LAT,BWD,0,2,2,2764,2,1.207,2408,0.871,MB,3,2,2,"[INP.VLNPL3, MB.SNPL3] -> MBL3 -> [AL.LHL2, MBL2]",INP.VLNP,3,MB.SNP,3,AL.LH,2,MB,2
41154636,mixed,LAT->BWD,LAT,BWD,0,2,2,2764,3,1.492,2235,0.809,MB,3,2,2,"[INP.VLNPL3, MB.VLNPL3] -> MBL3 -> [MBL2, MB.SNPL2]",INP.VLNP,3,MB.VLNP,3,MB,2,MB.SNP,2
41043024,mixed,LAT->BWD,LAT,BWD,0,2,2,2764,2,1.533,2305,0.834,MB,3,2,2,"[MB.SNPL3, MB.VLNPL3] -> MBL3 -> [AL.LHL2, MBL2]",MB.SNP,3,MB.VLNP,3,AL.LH,2,MB,2
38663520,mixed,LAT->BWD,LAT,BWD,0,2,2,2764,2,1.993,2194,0.794,MB,3,2,2,"[INP.MBL3, MB.VLNPL3] -> MBL3 -> [MBL2, MB.VLNPL2]",INP.MB,3,MB.VLNP,3,MB,2,MB.VLNP,2
35044720,mixed,LAT->BWD,LAT,BWD,0,2,2,2764,2,1.678,2391,0.865,MB,3,2,2,"[INPL3, INP.MBL3] -> MBL3 -> [AL.MBL2, MBL2]",INP,3,INP.MB,3,AL.MB,2,MB,2
33835200,mixed,LAT->BWD,LAT,BWD,0,2,2,2764,2,1.587,2297,0.831,MB,3,2,2,"[INP.MBL3, INP.VLNPL3] -> MBL3 -> [MBL2, MB.VLNPL2]",INP.MB,3,INP.VLNP,3,MB,2,MB.VLNP,2
30994878,mixed,LAT->BWD,LAT,BWD,0,2,2,2764,3,1.079,2319,0.839,MB,3,2,2,"[INP.MBL3, INP.VLNPL3] -> MBL3 -> [INP.VLNPL2, MBL2]",INP.MB,3,INP.VLNP,3,INP.VLNP,2,MB,2
28085840,mixed,LAT->BWD,LAT,BWD,0,2,2,2764,2,1.722,4000,1.447,MB,3,2,2,"[INP.MBL3, SNPL3] -> MBL3 -> [AL.MBL2, MBL2]",INP.MB,3,SNP,3,AL.MB,2,MB,2
26736000,mixed,LAT->BWD,LAT,BWD,0,2,2,2764,2,1.092,3187,1.153,MB,3,2,2,"[INP.MBL3, INP.VLNPL3] -> MBL3 -> [ALL2, MBL2]",INP.MB,3,INP.VLNP,3,AL,2,MB,2
26646509,mixed,LAT->BWD,LAT,BWD,0,2,2,2764,5,1.926,2138,0.774,MB,3,2,2,"[MB.SNPL3, MB.VLNPL3] -> MBL3 -> [MBL2, MB.SNPL2]",MB.SNP,3,MB.VLNP,3,MB,2,MB.SNP,2
26452528,mixed,LAT->BWD,LAT,BWD,0,2,2,2764,3,1.216,2216,0.802,MB,3,2,2,"[INP.MBL3, MB.VLNPL3] -> MBL3 -> [INP.VLNPL2, MBL2]",INP.MB,3,MB.VLNP,3,INP.VLNP,2,MB,2
24781962,mixed,LAT->BWD,LAT,BWD,0,2,2,2764,3,1.462,2241,0.811,MB,3,2,2,"[INP.VLNPL3, MB.SNPL3] -> MBL3 -> [MBL2, MB.SNPL2]",INP.VLNP,3,MB.SNP,3,MB,2,MB.SNP,2
23164560,mixed,LAT->BWD,LAT,BWD,0,2,2,2764,2,1.86,2818,1.02,MB,3,2,2,"[INP.MBL3, LHL3] -> MBL3 -> [AL.MBL2, MBL2]",INP.MB,3,LH,3,AL.MB,2,MB,2
23045280,mixed,LAT->BWD,LAT,BWD,0,2,2,2764,2,1.251,3084,1.116,MB,3,2,2,"[INP.MBL3, MB.VLNPL3] -> MBL3 -> [ALL2, MBL2]",INP.MB,3,MB.VLNP,3,AL,2,MB,2
22845480,mixed,LAT->BWD,LAT,BWD,0,2,2,2764,2,1.983,2200,0.796,MB,3,2,2,"[INP.MBL3, MB.SNPL3] -> MBL3 -> [MBL2, MB.VLNPL2]",INP.MB,3,MB.SNP,3,MB,2,MB.VLNP,2
22004562,mixed,LAT->BWD,LAT,BWD,0,2,2,2764,6,1.317,3938,1.425,MB,3,2,2,"[INP.MBL3, SNPL3] -> MBL3 -> [INP.MBL2, MBL2]",INP.MB,3,SNP,3,INP.MB,2,MB,2
18964200,mixed,LAT->BWD,LAT,BWD,0,2,2,2764,2,1.526,2376,0.86,MB,3,2,2,"[INP.MBL3, VLNP.VMNPL3] -> MBL3 -> [AL.MBL2, MBL2]",INP.MB,3,VLNP.VMNP,3,AL.MB,2,MB,2
18693125,mixed,LAT->BWD,LAT,BWD,0,2,2,2764,6,2.0,2329,0.843,MB,3,2,2,"[INPL3, INP.MBL3] -> MBL3 -> [INP.MBL2, MBL2]",INP,3,INP.MB,3,INP.MB,2,MB,2
17474976,mixed,LAT->BWD,LAT,BWD,0,2,2,2764,2,1.609,2300,0.832,MB,3,2,2,"[INPL3, MB.VLNPL3] -> MBL3 -> [AL.MBL2, MBL2]",INP,3,MB.VLNP,3,AL.MB,2,MB,2
17272320,mixed,LAT->BWD,LAT,BWD,0,2,2,2764,2,1.414,2756,0.997,MB,3,2,2,"[INP.MBL3, LHL3] -> MBL3 -> [INP.MBL2, MBL2]",INP.MB,3,LH,3,INP.MB,2,MB,2
16801440,mixed,LAT->BWD,LAT,BWD,0,2,2,2764,1,1.0,2382,0.862,MB,3,2,2,"[INP.MBL3, SNP.VLNPL3] -> MBL3 -> [AL.MBL2, MBL2]",INP.MB,3,SNP.VLNP,3,AL.MB,2,MB,2
16053716,mixed,LAT->BWD,LAT,BWD,0,2,2,2764,3,1.201,2222,0.804,MB,3,2,2,"[INP.MBL3, MB.SNPL3] -> MBL3 -> [INP.VLNPL2, MBL2]",INP.MB,3,MB.SNP,3,INP.VLNP,2,MB,2
15786120,mixed,LAT->BWD,LAT,BWD,0,2,2,2764,2,1.655,2206,0.798,MB,3,2,2,"[INP.VLNPL3, MB.VLNPL3] -> MBL3 -> [MBL2, MB.VLNPL2]",INP.VLNP,3,MB.VLNP,3,MB,2,MB.VLNP,2
15734212,mixed,LAT->BWD,LAT,BWD,0,2,2,2764,3,1.214,2314,0.837,MB,3,2,2,"[INP.MBL3, VLNP.VMNPL3] -> MBL3 -> [INP.MBL2, MBL2]",INP.MB,3,VLNP.VMNP,3,INP.MB,2,MB,2
14392040,mixed,LAT->BWD,LAT,BWD,0,2,2,2764,2,1.997,493,0.178,MB,3,2,2,"[INP.MBL3, MB.VLNPL3] -> MBL3 -> [AL.MBL2, INP.MBL2]",INP.MB,3,MB.VLNP,3,AL.MB,2,INP.MB,2
14290880,mixed,LAT->BWD,LAT,BWD,0,2,2,2764,2,1.218,4069,1.472,MB,3,2,2,"[INP.MBL3, SNPL3] -> MBL3 -> [AL.LHL2, MBL2]",INP.MB,3,SNP,3,AL.LH,2,MB,2
14042920,mixed,LAT->BWD,LAT,BWD,0,2,2,2764,2,1.722,2985,1.08,MB,3,2,2,"[INP.MBL3, VLNPL3] -> MBL3 -> [AL.MBL2, MBL2]",INP.MB,3,VLNP,3,AL.MB,2,MB,2
14027724,mixed,LAT->BWD,LAT,BWD,0,2,2,2764,3,1.091,2228,0.806,MB,3,2,2,"[INP.VLNPL3, MB.VLNPL3] -> MBL3 -> [INP.VLNPL2, MBL2]",INP.VLNP,3,MB.VLNP,3,INP.VLNP,2,MB,2
13971480,mixed,LAT->BWD,LAT,BWD,0,2,2,2764,2,1.234,3090,1.118,MB,3,2,2,"[INP.MBL3, MB.SNPL3] -> MBL3 -> [ALL2, MBL2]",INP.MB,3,MB.SNP,3,AL,2,MB,2
13206912,mixed,LAT->BWD,LAT,BWD,0,2,2,2764,2,1.791,3909,1.414,MB,3,2,2,"[MB.VLNPL3, SNPL3] -> MBL3 -> [AL.MBL2, MBL2]",MB.VLNP,3,SNP,3,AL.MB,2,MB,2
13049520,mixed,LAT->BWD,LAT,BWD,0,2,2,2764,2,1.346,4012,1.452,MB,3,2,2,"[INP.VLNPL3, SNPL3] -> MBL3 -> [AL.MBL2, MBL2]",INP.VLNP,3,SNP,3,AL.MB,2,MB,2
12498200,mixed,LAT->BWD,LAT,BWD,0,2,2,2764,2,1.603,596,0.216,MB,3,2,2,"[INP.MBL3, INP.VLNPL3] -> MBL3 -> [AL.MBL2, INP.MBL2]",INP.MB,3,INP.VLNP,3,AL.MB,2,INP.MB,2
12111240,mixed,LAT->BWD,LAT,BWD,0,2,2,2764,2,1.106,3096,1.12,MB,3,2,2,"[INP.VLNPL3, MB.VLNPL3] -> MBL3 -> [ALL2, MBL2]",INP.VLNP,3,MB.VLNP,3,AL,2,MB,2
11466360,mixed,LAT->BWD,LAT,BWD,0,2,2,2764,2,1.998,2403,0.869,MB,3,2,2,"[INPL3, INP.VLNPL3] -> MBL3 -> [AL.MBL2, MBL2]",INP,3,INP.VLNP,3,AL.MB,2,MB,2
11370840,mixed,LAT->BWD,LAT,BWD,0,2,2,2764,2,1.135,3950,1.429,MB,3,2,2,"[INP.VLNPL3, SNPL3] -> MBL3 -> [INP.MBL2, MBL2]",INP.VLNP,3,SNP,3,INP.MB,2,MB,2
11073120,mixed,LAT->BWD,LAT,BWD,0,2,2,2764,2,1.288,2887,1.045,MB,3,2,2,"[INP.MBL3, LHL3] -> MBL3 -> [AL.LHL2, MBL2]",INP.MB,3,LH,3,AL.LH,2,MB,2
11002160,mixed,LAT->BWD,LAT,BWD,0,2,2,2764,2,1.317,2923,1.058,MB,3,2,2,"[INP.MBL3, VLNPL3] -> MBL3 -> [INP.MBL2, MBL2]",INP.MB,3,VLNP,3,INP.MB,2,MB,2
10992336,mixed,LAT->BWD,LAT,BWD,0,2,2,2764,2,1.916,2727,0.987,MB,3,2,2,"[LHL3, MB.VLNPL3] -> MBL3 -> [AL.MBL2, MBL2]",LH,3,MB.VLNP,3,AL.MB,2,MB,2
10980816,mixed,LAT->BWD,LAT,BWD,0,2,2,2764,2,1.999,2109,0.763,MB,3,2,2,"[MB.SNPL3, MB.VLNPL3] -> MBL3 -> [MBL2, MB.VLNPL2]",MB.SNP,3,MB.VLNP,3,MB,2,MB.VLNP,2
10695040,mixed,LAT->BWD,LAT,BWD,0,2,2,2764,2,1.92,2460,0.89,MB,3,2,2,"[INPL3, INP.MBL3] -> MBL3 -> [AL.LHL2, MBL2]",INP,3,INP.MB,3,AL.LH,2,MB,2
10363200,mixed,LAT->BWD,LAT,BWD,0,2,2,2764,2,1.146,2445,0.885,MB,3,2,2,"[INP.MBL3, VLNP.VMNPL3] -> MBL3 -> [AL.LHL2, MBL2]",INP.MB,3,VLNP.VMNP,3,AL.LH,2,MB,2
10281300,mixed,LAT->BWD,LAT,BWD,0,2,2,2764,2,1.451,2830,1.024,MB,3,2,2,"[INP.VLNPL3, LHL3] -> MBL3 -> [AL.MBL2, MBL2]",INP.VLNP,3,LH,3,AL.MB,2,MB,2
10119104,mixed,LAT->BWD,LAT,BWD,0,2,2,2764,2,1.644,2306,0.834,MB,3,2,2,"[INPL3, MB.SNPL3] -> MBL3 -> [AL.MBL2, MBL2]",INP,3,MB.SNP,3,AL.MB,2,MB,2
10110050,mixed,LAT->BWD,LAT,BWD,0,2,2,2764,3,1.361,3847,1.392,MB,3,2,2,"[MB.VLNPL3, SNPL3] -> MBL3 -> [INP.MBL2, MBL2]",MB.VLNP,3,SNP,3,INP.MB,2,MB,2
9700800,mixed,LAT->BWD,LAT,BWD,0,2,2,2764,2,1.273,2284,0.826,MB,3,2,2,"[INP.MBL3, INP.VLNPL3] -> MBL3 -> [LH.MBL2, MBL2]",INP.MB,3,INP.VLNP,3,LH.MB,2,MB,2
9463020,mixed,LAT->BWD,LAT,BWD,0,2,2,2764,2,1.619,2212,0.8,MB,3,2,2,"[INP.VLNPL3, MB.SNPL3] -> MBL3 -> [MBL2, MB.VLNPL2]",INP.VLNP,3,MB.SNP,3,MB,2,MB.VLNP,2
9417120,mixed,LAT->BWD,LAT,BWD,0,2,2,2764,2,1.667,2181,0.789,MB,3,2,2,"[INP.MBL3, MB.VLNPL3] -> MBL3 -> [LH.MBL2, MBL2]",INP.MB,3,MB.VLNP,3,LH.MB,2,MB,2
9292980,mixed,LAT->BWD,LAT,BWD,0,2,2,2764,2,1.235,2388,0.864,MB,3,2,2,"[INP.VLNPL3, VLNP.VMNPL3] -> MBL3 -> [AL.MBL2, MBL2]",INP.VLNP,3,VLNP.VMNP,3,AL.MB,2,MB,2
9121640,mixed,LAT->BWD,LAT,BWD,0,2,2,2764,2,1.988,2239,0.81,MB,3,2,2,"[INP.MBL3, LH.MBL3] -> MBL3 -> [AL.MBL2, MBL2]",INP.MB,3,LH.MB,3,AL.MB,2,MB,2
9036176,mixed,LAT->BWD,LAT,BWD,0,2,2,2764,3,1.993,2238,0.81,MB,3,2,2,"[INPL3, MB.VLNPL3] -> MBL3 -> [INP.MBL2, MBL2]",INP,3,MB.VLNP,3,INP.MB,2,MB,2
8818032,mixed,LAT->BWD,LAT,BWD,0,2,2,2764,2,1.591,2285,0.827,MB,3,2,2,"[MB.VLNPL3, VLNP.VMNPL3] -> MBL3 -> [AL.MBL2, MBL2]",MB.VLNP,3,VLNP.VMNP,3,AL.MB,2,MB,2
8709090,mixed,LAT->BWD,LAT,BWD,0,2,2,2764,2,1.18,2768,1.001,MB,3,2,2,"[INP.VLNPL3, LHL3] -> MBL3 -> [INP.MBL2, MBL2]",INP.VLNP,3,LH,3,INP.MB,2,MB,2
8697216,mixed,LAT->BWD,LAT,BWD,0,2,2,2764,1,1.0,2291,0.829,MB,3,2,2,"[MB.VLNPL3, SNP.VLNPL3] -> MBL3 -> [AL.MBL2, MBL2]",MB.VLNP,3,SNP.VLNP,3,AL.MB,2,MB,2
8613120,mixed,LAT->BWD,LAT,BWD,0,2,2,2764,2,1.916,2256,0.816,MB,3,2,2,"[INP.MBL3, MB.VLNPL3] -> MBL3 -> [LH.SNPL2, MBL2]",INP.MB,3,MB.VLNP,3,LH.SNP,2,MB,2
8546208,mixed,LAT->BWD,LAT,BWD,0,2,2,2764,3,1.085,2234,0.808,MB,3,2,2,"[INP.VLNPL3, MB.SNPL3] -> MBL3 -> [INP.VLNPL2, MBL2]",INP.VLNP,3,MB.SNP,3,INP.VLNP,2,MB,2
8498750,mixed,LAT->BWD,LAT,BWD,0,2,2,2764,2,1.988,499,0.181,MB,3,2,2,"[INP.MBL3, MB.SNPL3] -> MBL3 -> [AL.MBL2, INP.MBL2]",INP.MB,3,MB.SNP,3,AL.MB,2,INP.MB,2
8347176,mixed,LAT->BWD,LAT,BWD,0,2,2,2764,3,1.09,2326,0.842,MB,3,2,2,"[INP.VLNPL3, VLNP.VMNPL3] -> MBL3 -> [INP.MBL2, MBL2]",INP.VLNP,3,VLNP.VMNP,3,INP.MB,2,MB,2
8278320,mixed,LAT->BWD,LAT,BWD,0,2,2,2764,2,1.899,624,0.226,MB,3,2,2,"[INP.MBL3, MB.VLNPL3] -> MBL3 -> [AL.LHL2, AL.MBL2]",INP.MB,3,MB.VLNP,3,AL.LH,2,AL.MB,2
8187450,mixed,LAT->BWD,LAT,BWD,0,2,2,2764,5,1.913,2293,0.83,MB,3,2,2,"[INPL3, INP.MBL3] -> MBL3 -> [MBL2, MB.SNPL2]",INP,3,INP.MB,3,MB,2,MB.SNP,2
8092309,mixed,LAT->BWD,LAT,BWD,0,2,2,2764,8,1.483,3902,1.412,MB,3,2,2,"[INP.MBL3, SNPL3] -> MBL3 -> [MBL2, MB.SNPL2]",INP.MB,3,SNP,3,MB,2,MB.SNP,2
7980648,mixed,LAT->BWD,LAT,BWD,0,2,2,2764,2,1.469,2665,0.964,MB,3,2,2,"[LHL3, MB.VLNPL3] -> MBL3 -> [INP.MBL2, MBL2]",LH,3,MB.VLNP,3,INP.MB,2,MB,2
7884208,mixed,LAT->BWD,LAT,BWD,0,2,2,2764,2,1.755,3915,1.416,MB,3,2,2,"[MB.SNPL3, SNPL3] -> MBL3 -> [AL.MBL2, MBL2]",MB.SNP,3,SNP,3,AL.MB,2,MB,2
7813200,mixed,LAT->BWD,LAT,BWD,0,2,2,2764,2,1.433,727,0.263,MB,3,2,2,"[INP.MBL3, INP.VLNPL3] -> MBL3 -> [AL.LHL2, AL.MBL2]",INP.MB,3,INP.VLNP,3,AL.LH,2,AL.MB,2
7574040,mixed,LAT->BWD,LAT,BWD,0,2,2,2764,2,1.092,4081,1.476,MB,3,2,2,"[INP.VLNPL3, SNPL3] -> MBL3 -> [AL.LHL2, MBL2]",INP.VLNP,3,SNP,3,AL.LH,2,MB,2
7495032,mixed,LAT->BWD,LAT,BWD,0,2,2,2764,3,1.699,2341,0.847,MB,3,2,2,"[INPL3, INP.VLNPL3] -> MBL3 -> [INP.MBL2, MBL2]",INP,3,INP.VLNP,3,INP.MB,2,MB,2
7375020,mixed,LAT->BWD,LAT,BWD,0,2,2,2764,2,1.099,3102,1.122,MB,3,2,2,"[INP.VLNPL3, MB.SNPL3] -> MBL3 -> [ALL2, MBL2]",INP.VLNP,3,MB.SNP,3,AL,2,MB,2
7324200,mixed,LAT->BWD,LAT,BWD,0,2,2,2764,3,1.23,2131,0.771,MB,3,2,2,"[MB.SNPL3, MB.VLNPL3] -> MBL3 -> [INP.VLNPL2, MBL2]",MB.SNP,3,MB.VLNP,3,INP.VLNP,2,MB,2
7184440,mixed,LAT->BWD,LAT,BWD,0,2,2,2764,3,1.245,2223,0.804,MB,3,2,2,"[MB.VLNPL3, VLNP.VMNPL3] -> MBL3 -> [INP.MBL2, MBL2]",MB.VLNP,3,VLNP.VMNP,3,INP.MB,2,MB,2
7145440,mixed,LAT->BWD,LAT,BWD,0,2,2,2764,2,1.218,3054,1.105,MB,3,2,2,"[INP.MBL3, VLNPL3] -> MBL3 -> [AL.LHL2, MBL2]",INP.MB,3,VLNP,3,AL.LH,2,MB,2
6650400,mixed,LAT->BWD,LAT,BWD,0,2,2,2764,2,1.172,665,0.241,MB,3,2,2,"[INP.MBL3, INP.VLNPL3] -> MBL3 -> [AL.LHL2, INP.MBL2]",INP.MB,3,INP.VLNP,3,AL.LH,2,INP.MB,2
6625200,mixed,LAT->BWD,LAT,BWD,0,2,2,2764,2,1.849,2359,0.853,MB,3,2,2,"[INP.MBL3, INP.VLNPL3] -> MBL3 -> [LH.SNPL2, MBL2]",INP.MB,3,INP.VLNP,3,LH.SNP,2,MB,2
6603456,mixed,LAT->BWD,LAT,BWD,0,2,2,2764,2,1.791,2894,1.047,MB,3,2,2,"[MB.VLNPL3, VLNPL3] -> MBL3 -> [AL.MBL2, MBL2]",MB.VLNP,3,VLNP,3,AL.MB,2,MB,2
6530856,mixed,LAT->BWD,LAT,BWD,0,2,2,2764,2,1.888,2733,0.989,MB,3,2,2,"[LHL3, MB.SNPL3] -> MBL3 -> [AL.MBL2, MBL2]",LH,3,MB.SNP,3,AL.MB,2,MB,2
6526944,mixed,LAT->BWD,LAT,BWD,0,2,2,2764,2,1.25,3978,1.439,MB,3,2,2,"[MB.VLNPL3, SNPL3] -> MBL3 -> [AL.LHL2, MBL2]",MB.VLNP,3,SNP,3,AL.LH,2,MB,2
6524760,mixed,LAT->BWD,LAT,BWD,0,2,2,2764,2,1.346,2997,1.084,MB,3,2,2,"[INP.VLNPL3, VLNPL3] -> MBL3 -> [AL.MBL2, MBL2]",INP.VLNP,3,VLNP,3,AL.MB,2,MB,2
6483120,mixed,LAT->BWD,LAT,BWD,0,2,2,2764,2,1.614,2720,0.984,MB,3,2,2,"[INP.MBL3, LHL3] -> MBL3 -> [MBL2, MB.SNPL2]",INP.MB,3,LH,3,MB,2,MB.SNP,2
6387216,mixed,LAT->BWD,LAT,BWD,0,2,2,2764,2,1.267,2999,1.085,MB,3,2,2,"[MB.SNPL3, MB.VLNPL3] -> MBL3 -> [ALL2, MBL2]",MB.SNP,3,MB.VLNP,3,AL,2,MB,2
6270161,mixed,LAT->BWD,LAT,BWD,0,2,2,2764,3,1.588,2177,0.788,MB,3,2,2,"[INP.MBL3, LH.MBL3] -> MBL3 -> [INP.MBL2, MBL2]",INP.MB,3,LH.MB,3,INP.MB,2,MB,2
6263480,mixed,LAT->BWD,LAT,BWD,0,2,2,2764,2,1.932,457,0.165,MB,3,2,2,"[INP.MBL3, MB.VLNPL3] -> MBL3 -> [AL.MBL2, MB.SNPL2]",INP.MB,3,MB.VLNP,3,AL.MB,2,MB.SNP,2
6152640,mixed,LAT->BWD,LAT,BWD,0,2,2,2764,1,1.0,2320,0.839,MB,3,2,2,"[INP.MBL3, SNP.VLNPL3] -> MBL3 -> [INP.MBL2, MBL2]",INP.MB,3,SNP.VLNP,3,INP.MB,2,MB,2
6110340,mixed,LAT->BWD,LAT,BWD,0,2,2,2764,7,1.338,3853,1.394,MB,3,2,2,"[MB.SNPL3, SNPL3] -> MBL3 -> [INP.MBL2, MBL2]",MB.SNP,3,SNP,3,INP.MB,2,MB,2
6062880,mixed,LAT->BWD,LAT,BWD,0,2,2,2764,2,1.451,562,0.203,MB,3,2,2,"[INP.MBL3, MB.VLNPL3] -> MBL3 -> [AL.LHL2, INP.MBL2]",INP.MB,3,MB.VLNP,3,AL.LH,2,INP.MB,2
5836480,mixed,LAT->BWD,LAT,BWD,0,2,2,2764,2,1.671,505,0.183,MB,3,2,2,"[INP.VLNPL3, MB.VLNPL3] -> MBL3 -> [AL.MBL2, INP.MBL2]",INP.VLNP,3,MB.VLNP,3,AL.MB,2,INP.MB,2
5764050,mixed,LAT->BWD,LAT,BWD,0,2,2,2764,2,1.123,2899,1.049,MB,3,2,2,"[INP.VLNPL3, LHL3] -> MBL3 -> [AL.LHL2, MBL2]",INP.VLNP,3,LH,3,AL.LH,2,MB,2
5685420,mixed,LAT->BWD,LAT,BWD,0,2,2,2764,2,1.135,2935,1.062,MB,3,2,2,"[INP.VLNPL3, VLNPL3] -> MBL3 -> [INP.MBL2, MBL2]",INP.VLNP,3,VLNP,3,INP.MB,2,MB,2
5654984,mixed,LAT->BWD,LAT,BWD,0,2,2,2764,3,1.333,2278,0.824,MB,3,2,2,"[INP.MBL3, VLNP.VMNPL3] -> MBL3 -> [MBL2, MB.SNPL2]",INP.MB,3,VLNP.VMNP,3,MB,2,MB.SNP,2
5643160,mixed,LAT->BWD,LAT,BWD,0,2,2,2764,2,1.631,2187,0.791,MB,3,2,2,"[INP.MBL3, MB.SNPL3] -> MBL3 -> [LH.MBL2, MBL2]",INP.MB,3,MB.SNP,3,LH.MB,2,MB,2
5597010,mixed,LAT->BWD,LAT,BWD,0,2,2,2764,2,1.061,2457,0.889,MB,3,2,2,"[INP.VLNPL3, VLNP.VMNPL3] -> MBL3 -> [AL.LHL2, MBL2]",INP.VLNP,3,VLNP.VMNP,3,AL.LH,2,MB,2
5317125,mixed,LAT->BWD,LAT,BWD,0,2,2,2764,6,1.999,2244,0.812,MB,3,2,2,"[INPL3, MB.SNPL3] -> MBL3 -> [INP.MBL2, MBL2]",INP,3,MB.SNP,3,INP.MB,2,MB,2
5295456,mixed,LAT->BWD,LAT,BWD,0,2,2,2764,2,1.557,2291,0.829,MB,3,2,2,"[MB.SNPL3, VLNP.VMNPL3] -> MBL3 -> [AL.MBL2, MBL2]",MB.SNP,3,VLNP.VMNP,3,AL.MB,2,MB,2
5100912,mixed,LAT->BWD,LAT,BWD,0,2,2,2764,2,1.964,2369,0.857,MB,3,2,2,"[INPL3, MB.VLNPL3] -> MBL3 -> [AL.LHL2, MBL2]",INP,3,MB.VLNP,3,AL.LH,2,MB,2
5078952,mixed,LAT->BWD,LAT,BWD,0,2,2,2764,2,1.329,2796,1.012,MB,3,2,2,"[LHL3, MB.VLNPL3] -> MBL3 -> [AL.LHL2, MBL2]",LH,3,MB.VLNP,3,AL.LH,2,MB,2
5055024,mixed,LAT->BWD,LAT,BWD,0,2,2,2764,2,1.361,2832,1.025,MB,3,2,2,"[MB.VLNPL3, VLNPL3] -> MBL3 -> [INP.MBL2, MBL2]",MB.VLNP,3,VLNP,3,INP.MB,2,MB,2
5040080,mixed,LAT->BWD,LAT,BWD,0,2,2,2764,2,1.941,2262,0.818,MB,3,2,2,"[INP.MBL3, MB.SNPL3] -> MBL3 -> [LH.SNPL2, MBL2]",INP.MB,3,MB.SNP,3,LH.SNP,2,MB,2
4941600,mixed,LAT->BWD,LAT,BWD,0,2,2,2764,1,1.0,2297,0.831,MB,3,2,2,"[MB.SNPL3, SNP.VLNPL3] -> MBL3 -> [AL.MBL2, MBL2]",MB.SNP,3,SNP.VLNP,3,AL.MB,2,MB,2
4922180,mixed,LAT->BWD,LAT,BWD,0,2,2,2764,2,1.869,630,0.228,MB,3,2,2,"[INP.MBL3, MB.SNPL3] -> MBL3 -> [AL.LHL2, AL.MBL2]",INP.MB,3,MB.SNP,3,AL.LH,2,AL.MB,2
4921280,mixed,LAT->BWD,LAT,BWD,0,2,2,2764,1,1.0,2235,0.809,MB,3,2,2,"[AL.MBL3, INP.MBL3] -> MBL3 -> [AL.MBL2, MBL2]",AL.MB,3,INP.MB,3,AL.MB,2,MB,2
4872200,mixed,LAT->BWD,LAT,BWD,0,2,2,2764,2,1.828,560,0.203,MB,3,2,2,"[INP.MBL3, INP.VLNPL3] -> MBL3 -> [AL.MBL2, MB.SNPL2]",INP.MB,3,INP.VLNP,3,AL.MB,2,MB.SNP,2
4808700,mixed,LAT->BWD,LAT,BWD,0,2,2,2764,2,1.44,2671,0.966,MB,3,2,2,"[LHL3, MB.SNPL3] -> MBL3 -> [INP.MBL2, MBL2]",LH,3,MB.SNP,3,INP.MB,2,MB,2
4732000,mixed,LAT->BWD,LAT,BWD,0,2,2,2764,1,1.0,2173,0.786,MB,3,2,2,"[AL.MBL3, INP.MBL3] -> MBL3 -> [INP.MBL2, MBL2]",AL.MB,3,INP.MB,3,INP.MB,2,MB,2
4711464,mixed,LAT->BWD,LAT,BWD,0,2,2,2764,2,1.168,2354,0.852,MB,3,2,2,"[MB.VLNPL3, VLNP.VMNPL3] -> MBL3 -> [AL.LHL2, MBL2]",MB.VLNP,3,VLNP.VMNP,3,AL.LH,2,MB,2
4622220,mixed,LAT->BWD,LAT,BWD,0,2,2,2764,2,1.514,2472,0.894,MB,3,2,2,"[INPL3, INP.VLNPL3] -> MBL3 -> [AL.LHL2, MBL2]",INP,3,INP.VLNP,3,AL.LH,2,MB,2
4445400,mixed,LAT->BWD,LAT,BWD,0,2,2,2764,2,1.312,2193,0.793,MB,3,2,2,"[INP.VLNPL3, MB.VLNPL3] -> MBL3 -> [LH.MBL2, MBL2]",INP.VLNP,3,MB.VLNP,3,LH.MB,2,MB,2
4388880,mixed,LAT->BWD,LAT,BWD,0,2,2,2764,2,2.0,2148,0.777,MB,3,2,2,"[LH.MBL3, MB.VLNPL3] -> MBL3 -> [AL.MBL2, MBL2]",LH.MB,3,MB.VLNP,3,AL.MB,2,MB,2
4356312,mixed,LAT->BWD,LAT,BWD,0,2,2,2764,3,1.229,2229,0.806,MB,3,2,2,"[MB.SNPL3, VLNP.VMNPL3] -> MBL3 -> [INP.MBL2, MBL2]",MB.SNP,3,VLNP.VMNP,3,INP.MB,2,MB,2
4258800,mixed,LAT->BWD,LAT,BWD,0,2,2,2764,1,1.0,2284,0.826,MB,3,2,2,"[INP.MBL3, INP.VLNPL3] -> MBL3 -> [INP.LXL2, MBL2]",INP.MB,3,INP.VLNP,3,INP.LX,2,MB,2
4258800,mixed,LAT->BWD,LAT,BWD,0,2,2,2764,1,1.0,2372,0.858,MB,3,2,2,"[INP.MBL3, INP.VLNPL3] -> MBL3 -> [LHL2, MBL2]",INP.MB,3,INP.VLNP,3,LH,2,MB,2
4200360,mixed,LAT->BWD,LAT,BWD,0,2,2,2764,1,1.0,2410,0.872,MB,3,2,2,"[INP.MBL3, INP.SNPL3] -> MBL3 -> [AL.MBL2, MBL2]",INP.MB,3,INP.SNP,3,AL.MB,2,MB,2
4200360,mixed,LAT->BWD,LAT,BWD,0,2,2,2764,1,1.0,2955,1.069,MB,3,2,2,"[INP.MBL3, LH.SNPL3] -> MBL3 -> [AL.MBL2, MBL2]",INP.MB,3,LH.SNP,3,AL.MB,2,MB,2
4200360,mixed,LAT->BWD,LAT,BWD,0,2,2,2764,1,1.0,2309,0.835,MB,3,2,2,"[INP.MBL3, LXL3] -> MBL3 -> [AL.MBL2, MBL2]",INP.MB,3,LX,3,AL.MB,2,MB,2
4089800,mixed,LAT->BWD,LAT,BWD,0,2,2,2764,2,2.0,408,0.148,MB,3,2,2,"[MB.SNPL3, MB.VLNPL3] -> MBL3 -> [AL.MBL2, INP.MBL2]",MB.SNP,3,MB.VLNP,3,AL.MB,2,INP.MB,2
4046000,mixed,LAT->BWD,LAT,BWD,0,2,2,2764,2,1.483,2887,1.045,MB,3,2,2,"[INP.MBL3, VLNPL3] -> MBL3 -> [MBL2, MB.SNPL2]",INP.MB,3,VLNP,3,MB,2,MB.SNP,2
4020472,mixed,LAT->BWD,LAT,BWD,0,2,2,2764,3,1.855,2202,0.797,MB,3,2,2,"[INPL3, MB.VLNPL3] -> MBL3 -> [MBL2, MB.SNPL2]",INP,3,MB.VLNP,3,MB,2,MB.SNP,2
4009740,mixed,LAT->BWD,LAT,BWD,0,2,2,2764,2,1.213,3914,1.416,MB,3,2,2,"[INP.VLNPL3, SNPL3] -> MBL3 -> [MBL2, MB.SNPL2]",INP.VLNP,3,SNP,3,MB,2,MB.SNP,2
3957136,mixed,LAT->BWD,LAT,BWD,0,2,2,2764,2,1.233,3984,1.441,MB,3,2,2,"[MB.SNPL3, SNPL3] -> MBL3 -> [AL.LHL2, MBL2]",MB.SNP,3,SNP,3,AL.LH,2,MB,2
3953280,mixed,LAT->BWD,LAT,BWD,0,2,2,2764,1,1.0,2394,0.866,MB,3,2,2,"[INP.VLNPL3, SNP.VLNPL3] -> MBL3 -> [AL.MBL2, MBL2]",INP.VLNP,3,SNP.VLNP,3,AL.MB,2,MB,2
3942104,mixed,LAT->BWD,LAT,BWD,0,2,2,2764,2,1.755,2900,1.049,MB,3,2,2,"[MB.SNPL3, VLNPL3] -> MBL3 -> [AL.MBL2, MBL2]",MB.SNP,3,VLNP,3,AL.MB,2,MB,2
3927680,mixed,LAT->BWD,LAT,BWD,0,2,2,2764,2,1.421,2308,0.835,MB,3,2,2,"[INP.MBL3, LH.MBL3] -> MBL3 -> [AL.LHL2, MBL2]",INP.MB,3,LH.MB,3,AL.LH,2,MB,2
3811024,mixed,LAT->BWD,LAT,BWD,0,2,2,2764,3,1.851,395,0.143,MB,3,2,2,"[INP.MBL3, MB.VLNPL3] -> MBL3 -> [INP.MBL2, MB.SNPL2]",INP.MB,3,MB.VLNP,3,INP.MB,2,MB.SNP,2
3787020,mixed,LAT->BWD,LAT,BWD,0,2,2,2764,2,1.092,3066,1.109,MB,3,2,2,"[INP.VLNPL3, VLNPL3] -> MBL3 -> [AL.LHL2, MBL2]",INP.VLNP,3,VLNP,3,AL.LH,2,MB,2
3756540,mixed,LAT->BWD,LAT,BWD,0,2,2,2764,2,1.633,2251,0.814,MB,3,2,2,"[INP.VLNPL3, LH.MBL3] -> MBL3 -> [AL.MBL2, MBL2]",INP.VLNP,3,LH.MB,3,AL.MB,2,MB,2
3753458,mixed,LAT->BWD,LAT,BWD,0,2,2,2764,3,1.544,3811,1.379,MB,3,2,2,"[MB.VLNPL3, SNPL3] -> MBL3 -> [MBL2, MB.SNPL2]",MB.VLNP,3,SNP,3,MB,2,MB.SNP,2
3679424,mixed,LAT->BWD,LAT,BWD,0,2,2,2764,3,1.389,498,0.18,MB,3,2,2,"[INP.MBL3, INP.VLNPL3] -> MBL3 -> [INP.MBL2, MB.SNPL2]",INP.MB,3,INP.VLNP,3,INP.MB,2,MB.SNP,2
3668090,mixed,LAT->BWD,LAT,BWD,0,2,2,2764,2,1.955,463,0.168,MB,3,2,2,"[INP.MBL3, MB.SNPL3] -> MBL3 -> [AL.MBL2, MB.SNPL2]",INP.MB,3,MB.SNP,3,AL.MB,2,MB.SNP,2
3655000,mixed,LAT->BWD,LAT,BWD,0,2,2,2764,2,1.422,568,0.205,MB,3,2,2,"[INP.MBL3, MB.SNPL3] -> MBL3 -> [AL.LHL2, INP.MBL2]",INP.MB,3,MB.SNP,3,AL.LH,2,INP.MB,2
3620400,mixed,LAT->BWD,LAT,BWD,0,2,2,2764,2,1.756,2264,0.819,MB,3,2,2,"[INPL3, INP.MBL3] -> MBL3 -> [MBL2, MB.VLNPL2]",INP,3,INP.MB,3,MB,2,MB.VLNP,2
3613920,mixed,LAT->BWD,LAT,BWD,0,2,2,2764,2,1.49,636,0.23,MB,3,2,2,"[INP.VLNPL3, MB.VLNPL3] -> MBL3 -> [AL.LHL2, AL.MBL2]",INP.VLNP,3,MB.VLNP,3,AL.LH,2,AL.MB,2
3497000,mixed,LAT->BWD,LAT,BWD,0,2,2,2764,2,1.635,511,0.185,MB,3,2,2,"[INP.VLNPL3, MB.SNPL3] -> MBL3 -> [AL.MBL2, INP.MBL2]",INP.VLNP,3,MB.SNP,3,AL.MB,2,INP.MB,2
3407040,mixed,LAT->BWD,LAT,BWD,0,2,2,2764,1,1.0,2181,0.789,MB,3,2,2,"[INP.MBL3, MB.VLNPL3] -> MBL3 -> [INP.LXL2, MBL2]",INP.MB,3,MB.VLNP,3,INP.LX,2,MB,2
3407040,mixed,LAT->BWD,LAT,BWD,0,2,2,2764,1,1.0,2269,0.821,MB,3,2,2,"[INP.MBL3, MB.VLNPL3] -> MBL3 -> [LHL2, MBL2]",INP.MB,3,MB.VLNP,3,LH,2,MB,2
3312960,mixed,LAT->BWD,LAT,BWD,0,2,2,2764,1,1.0,2284,0.826,MB,3,2,2,"[INP.MBL3, SNP.VLNPL3] -> MBL3 -> [MBL2, MB.SNPL2]",INP.MB,3,SNP.VLNP,3,MB,2,MB.SNP,2
3263472,mixed,LAT->BWD,LAT,BWD,0,2,2,2764,2,1.25,2963,1.072,MB,3,2,2,"[MB.VLNPL3, VLNPL3] -> MBL3 -> [AL.LHL2, MBL2]",MB.VLNP,3,VLNP,3,AL.LH,2,MB,2
3217760,mixed,LAT->BWD,LAT,BWD,0,2,2,2764,1,1.0,2304,0.834,MB,3,2,2,"[AL.MBL3, INP.MBL3] -> MBL3 -> [AL.LHL2, MBL2]",AL.MB,3,INP.MB,3,AL.LH,2,MB,2
3184896,mixed,LAT->BWD,LAT,BWD,0,2,2,2764,1,1.0,2229,0.806,MB,3,2,2,"[MB.VLNPL3, SNP.VLNPL3] -> MBL3 -> [INP.MBL2, MBL2]",MB.VLNP,3,SNP.VLNP,3,INP.MB,2,MB,2
3141420,mixed,LAT->BWD,LAT,BWD,0,2,2,2764,2,1.908,2268,0.821,MB,3,2,2,"[INP.VLNPL3, MB.VLNPL3] -> MBL3 -> [LH.SNPL2, MBL2]",INP.VLNP,3,MB.VLNP,3,LH.SNP,2,MB,2
3104745,mixed,LAT->BWD,LAT,BWD,0,2,2,2764,2,1.281,2732,0.988,MB,3,2,2,"[INP.VLNPL3, LHL3] -> MBL3 -> [MBL2, MB.SNPL2]",INP.VLNP,3,LH,3,MB,2,MB.SNP,2
3099600,mixed,LAT->BWD,LAT,BWD,0,2,2,2764,2,1.644,3873,1.401,MB,3,2,2,"[INP.MBL3, SNPL3] -> MBL3 -> [MBL2, MB.VLNPL2]",INP.MB,3,SNP,3,MB,2,MB.VLNP,2
3072252,mixed,LAT->BWD,LAT,BWD,0,2,2,2764,2,1.307,2802,1.014,MB,3,2,2,"[LHL3, MB.SNPL3] -> MBL3 -> [AL.LHL2, MBL2]",LH,3,MB.SNP,3,AL.LH,2,MB,2
3055000,mixed,LAT->BWD,LAT,BWD,0,2,2,2764,2,1.337,2838,1.027,MB,3,2,2,"[MB.SNPL3, VLNPL3] -> MBL3 -> [INP.MBL2, MBL2]",MB.SNP,3,VLNP,3,INP.MB,2,MB,2
3029460,mixed,LAT->BWD,LAT,BWD,0,2,2,2764,2,1.683,2629,0.951,MB,3,2,2,"[LHL3, MB.VLNPL3] -> MBL3 -> [MBL2, MB.SNPL2]",LH,3,MB.VLNP,3,MB,2,MB.SNP,2
3028560,mixed,LAT->BWD,LAT,BWD,0,2,2,2764,2,1.197,574,0.208,MB,3,2,2,"[INP.VLNPL3, MB.VLNPL3] -> MBL3 -> [AL.LHL2, INP.MBL2]",INP.VLNP,3,MB.VLNP,3,AL.LH,2,INP.MB,2
3023670,mixed,LAT->BWD,LAT,BWD,0,2,2,2764,2,1.267,2189,0.792,MB,3,2,2,"[INP.VLNPL3, LH.MBL3] -> MBL3 -> [INP.MBL2, MBL2]",INP.VLNP,3,LH.MB,3,INP.MB,2,MB,2
3022568,mixed,LAT->BWD,LAT,BWD,0,2,2,2764,2,1.943,2375,0.859,MB,3,2,2,"[INPL3, MB.SNPL3] -> MBL3 -> [AL.LHL2, MBL2]",INP,3,MB.SNP,3,AL.LH,2,MB,2
2979294,mixed,LAT->BWD,LAT,BWD,0,2,2,2764,3,1.912,2305,0.834,MB,3,2,2,"[INPL3, INP.VLNPL3] -> MBL3 -> [MBL2, MB.SNPL2]",INP,3,INP.VLNP,3,MB,2,MB.SNP,2
2925624,mixed,LAT->BWD,LAT,BWD,0,2,2,2764,2,1.656,2086,0.755,MB,3,2,2,"[LH.MBL3, MB.VLNPL3] -> MBL3 -> [INP.MBL2, MBL2]",LH.MB,3,MB.VLNP,3,INP.MB,2,MB,2
2909877,mixed,LAT->BWD,LAT,BWD,0,2,2,2764,3,1.143,2290,0.829,MB,3,2,2,"[INP.VLNPL3, VLNP.VMNPL3] -> MBL3 -> [MBL2, MB.SNPL2]",INP.VLNP,3,VLNP.VMNP,3,MB,2,MB.SNP,2
2863452,mixed,LAT->BWD,LAT,BWD,0,2,2,2764,2,1.156,2360,0.854,MB,3,2,2,"[MB.SNPL3, VLNP.VMNPL3] -> MBL3 -> [AL.LHL2, MBL2]",MB.SNP,3,VLNP.VMNP,3,AL.LH,2,MB,2
2839680,mixed,LAT->BWD,LAT,BWD,0,2,2,2764,1,1.0,2451,0.887,MB,3,2,2,"[INP.MBL3, SNP.VLNPL3] -> MBL3 -> [AL.LHL2, MBL2]",INP.MB,3,SNP.VLNP,3,AL.LH,2,MB,2
2768240,mixed,LAT->BWD,LAT,BWD,0,2,2,2764,2,1.089,3895,1.409,MB,3,2,2,"[INP.MBL3, SNPL3] -> MBL3 -> [INP.VLNPL2, MBL2]",INP.MB,3,SNP,3,INP.VLNP,2,MB,2
2768220,mixed,LAT->BWD,LAT,BWD,0,2,2,2764,1,1.0,2247,0.813,MB,3,2,2,"[AL.MBL3, INP.VLNPL3] -> MBL3 -> [AL.MBL2, MBL2]",AL.MB,3,INP.VLNP,3,AL.MB,2,MB,2
2757340,mixed,LAT->BWD,LAT,BWD,0,2,2,2764,2,1.784,428,0.155,MB,3,2,2,"[INP.MBL3, MB.VLNPL3] -> MBL3 -> [AL.MBL2, MB.VLNPL2]",INP.MB,3,MB.VLNP,3,AL.MB,2,MB.VLNP,2
2690340,mixed,LAT->BWD,LAT,BWD,0,2,2,2764,2,1.291,2199,0.796,MB,3,2,2,"[INP.VLNPL3, MB.SNPL3] -> MBL3 -> [LH.MBL2, MBL2]",INP.VLNP,3,MB.SNP,3,LH.MB,2,MB,2
2661750,mixed,LAT->BWD,LAT,BWD,0,2,2,2764,1,1.0,2185,0.791,MB,3,2,2,"[AL.MBL3, INP.VLNPL3] -> MBL3 -> [INP.MBL2, MBL2]",AL.MB,3,INP.VLNP,3,INP.MB,2,MB,2
2639472,mixed,LAT->BWD,LAT,BWD,0,2,2,2764,2,1.7,2096,0.758,MB,3,2,2,"[MB.SNPL3, MB.VLNPL3] -> MBL3 -> [LH.MBL2, MBL2]",MB.SNP,3,MB.VLNP,3,LH.MB,2,MB,2
2603040,mixed,LAT->BWD,LAT,BWD,0,2,2,2764,1,1.0,2179,0.788,MB,3,2,2,"[INP.MBL3, MB.VLNPL3] -> MBL3 -> [INP.LHL2, MBL2]",INP.MB,3,MB.VLNP,3,INP.LH,2,MB,2
2600756,mixed,LAT->BWD,LAT,BWD,0,2,2,2764,3,1.38,2187,0.791,MB,3,2,2,"[MB.VLNPL3, VLNP.VMNPL3] -> MBL3 -> [MBL2, MB.SNPL2]",MB.VLNP,3,VLNP.VMNP,3,MB,2,MB.SNP,2
2588752,mixed,LAT->BWD,LAT,BWD,0,2,2,2764,2,1.996,2154,0.779,MB,3,2,2,"[LH.MBL3, MB.SNPL3] -> MBL3 -> [AL.MBL2, MBL2]",LH.MB,3,MB.SNP,3,AL.MB,2,MB,2
2531760,mixed,LAT->BWD,LAT,BWD,0,2,2,2764,2,1.786,2691,0.974,MB,3,2,2,"[INP.MBL3, LHL3] -> MBL3 -> [MBL2, MB.VLNPL2]",INP.MB,3,LH,3,MB,2,MB.VLNP,2
2468136,mixed,LAT->BWD,LAT,BWD,0,2,2,2764,2,1.89,2171,0.785,MB,3,2,2,"[MB.SNPL3, MB.VLNPL3] -> MBL3 -> [LH.SNPL2, MBL2]",MB.SNP,3,MB.VLNP,3,LH.SNP,2,MB,2
2437124,mixed,LAT->BWD,LAT,BWD,0,2,2,2764,4,1.814,2141,0.775,MB,3,2,2,"[INP.MBL3, LH.MBL3] -> MBL3 -> [MBL2, MB.SNPL2]",INP.MB,3,LH.MB,3,MB,2,MB.SNP,2
2389680,mixed,LAT->BWD,LAT,BWD,0,2,2,2764,2,1.104,4763,1.723,MB,3,2,2,"[INP.MBL3, SNPL3] -> MBL3 -> [ALL2, MBL2]",INP.MB,3,SNP,3,AL,2,MB,2
2366400,mixed,LAT->BWD,LAT,BWD,0,2,2,2764,2,1.269,629,0.228,MB,3,2,2,"[INP.MBL3, INP.VLNPL3] -> MBL3 -> [AL.LHL2, MB.SNPL2]",INP.MB,3,INP.VLNP,3,AL.LH,2,MB.SNP,2
2346602,mixed,LAT->BWD,LAT,BWD,0,2,2,2764,5,1.886,2208,0.799,MB,3,2,2,"[INPL3, MB.SNPL3] -> MBL3 -> [MBL2, MB.SNPL2]",INP,3,MB.SNP,3,MB,2,MB.SNP,2
2337456,mixed,LAT->BWD,LAT,BWD,0,2,2,2764,2,1.924,539,0.195,MB,3,2,2,"[MB.SNPL3, MB.VLNPL3] -> MBL3 -> [AL.LHL2, AL.MBL2]",MB.SNP,3,MB.VLNP,3,AL.LH,2,AL.MB,2
2306800,mixed,LAT->BWD,LAT,BWD,0,2,2,2764,2,1.89,469,0.17,MB,3,2,2,"[INP.VLNPL3, MB.VLNPL3] -> MBL3 -> [AL.MBL2, MB.SNPL2]",INP.VLNP,3,MB.VLNP,3,AL.MB,2,MB.SNP,2
2292960,mixed,LAT->BWD,LAT,BWD,0,2,2,2764,2,1.661,526,0.19,MB,3,2,2,"[INP.MBL3, MB.VLNPL3] -> MBL3 -> [AL.LHL2, MB.SNPL2]",INP.MB,3,MB.VLNP,3,AL.LH,2,MB.SNP,2
2271116,mixed,LAT->BWD,LAT,BWD,0,2,2,2764,7,1.819,401,0.145,MB,3,2,2,"[INP.MBL3, MB.SNPL3] -> MBL3 -> [INP.MBL2, MB.SNPL2]",INP.MB,3,MB.SNP,3,INP.MB,2,MB.SNP,2
2257354,mixed,LAT->BWD,LAT,BWD,0,2,2,2764,11,1.512,3817,1.381,MB,3,2,2,"[MB.SNPL3, SNPL3] -> MBL3 -> [MBL2, MB.SNPL2]",MB.SNP,3,SNP,3,MB,2,MB.SNP,2
2214576,mixed,LAT->BWD,LAT,BWD,0,2,2,2764,1,1.0,2144,0.776,MB,3,2,2,"[AL.MBL3, MB.VLNPL3] -> MBL3 -> [AL.MBL2, MBL2]",AL.MB,3,MB.VLNP,3,AL.MB,2,MB,2
2176320,mixed,LAT->BWD,LAT,BWD,0,2,2,2764,2,1.46,642,0.232,MB,3,2,2,"[INP.VLNPL3, MB.SNPL3] -> MBL3 -> [AL.LHL2, AL.MBL2]",INP.VLNP,3,MB.SNP,3,AL.LH,2,AL.MB,2
2174304,mixed,LAT->BWD,LAT,BWD,0,2,2,2764,1,1.0,2319,0.839,MB,3,2,2,"[INP.SNPL3, MB.VLNPL3] -> MBL3 -> [AL.MBL2, MBL2]",INP.SNP,3,MB.VLNP,3,AL.MB,2,MB,2
2174304,mixed,LAT->BWD,LAT,BWD,0,2,2,2764,1,1.0,2864,1.036,MB,3,2,2,"[LH.SNPL3, MB.VLNPL3] -> MBL3 -> [AL.MBL2, MBL2]",LH.SNP,3,MB.VLNP,3,AL.MB,2,MB,2
2174304,mixed,LAT->BWD,LAT,BWD,0,2,2,2764,1,1.0,2218,0.802,MB,3,2,2,"[LXL3, MB.VLNPL3] -> MBL3 -> [AL.MBL2, MBL2]",LX,3,MB.VLNP,3,AL.MB,2,MB,2
2129400,mixed,LAT->BWD,LAT,BWD,0,2,2,2764,1,1.0,2082,0.753,MB,3,2,2,"[AL.MBL3, MB.VLNPL3] -> MBL3 -> [INP.MBL2, MBL2]",AL.MB,3,MB.VLNP,3,INP.MB,2,MB,2
2117640,mixed,LAT->BWD,LAT,BWD,0,2,2,2764,2,1.459,2249,0.814,MB,3,2,2,"[INP.MBL3, VLNP.VMNPL3] -> MBL3 -> [MBL2, MB.VLNPL2]",INP.MB,3,VLNP.VMNP,3,MB,2,MB.VLNP,2
2105760,mixed,LAT->BWD,LAT,BWD,0,2,2,2764,2,1.119,2713,0.982,MB,3,2,2,"[INP.MBL3, LHL3] -> MBL3 -> [INP.VLNPL2, MBL2]",INP.MB,3,LH,3,INP.VLNP,2,MB,2
2082080,mixed,LAT->BWD,LAT,BWD,0,2,2,2764,1,1.0,2187,0.791,MB,3,2,2,"[INP.MBL3, MB.SNPL3] -> MBL3 -> [INP.LXL2, MBL2]",INP.MB,3,MB.SNP,3,INP.LX,2,MB,2
2082080,mixed,LAT->BWD,LAT,BWD,0,2,2,2764,1,1.0,2275,0.823,MB,3,2,2,"[INP.MBL3, MB.SNPL3] -> MBL3 -> [LHL2, MBL2]",INP.MB,3,MB.SNP,3,LH,2,MB,2
2046626,mixed,LAT->BWD,LAT,BWD,0,2,2,2764,3,1.06,2271,0.822,MB,3,2,2,"[INP.MBL3, VLNP.VMNPL3] -> MBL3 -> [INP.VLNPL2, MBL2]",INP.MB,3,VLNP.VMNP,3,INP.VLNP,2,MB,2
2004870,mixed,LAT->BWD,LAT,BWD,0,2,2,2764,2,1.213,2899,1.049,MB,3,2,2,"[INP.VLNPL3, VLNPL3] -> MBL3 -> [MBL2, MB.SNPL2]",INP.VLNP,3,VLNP,3,MB,2,MB.SNP,2
1978568,mixed,LAT->BWD,LAT,BWD,0,2,2,2764,2,1.233,2969,1.074,MB,3,2,2,"[MB.SNPL3, VLNPL3] -> MBL3 -> [AL.LHL2, MBL2]",MB.SNP,3,VLNP,3,AL.LH,2,MB,2
4572700,pure_LAT,LAT->LAT,LAT,LAT,0,0,4,2764,2,1.936,548,0.198,MB,3,2,2,"[INP.VLNPL3, MB.SNPL3] -> MBL3 -> [INP.MBL3, MB.VLNPL3]",INP.VLNP,3,MB.SNP,3,INP.MB,3,MB.VLNP,3
4558092,pure_LAT,LAT->LAT,LAT,LAT,0,0,4,2764,2,1.962,548,0.198,MB,3,2,2,"[MB.SNPL3, MB.VLNPL3] -> MBL3 -> [INP.MBL3, INP.VLNPL3]",MB.SNP,3,MB.VLNP,3,INP.MB,3,INP.VLNP,3
4550700,pure_LAT,LAT->LAT,LAT,LAT,0,0,4,2764,2,1.963,548,0.198,MB,3,2,2,"[INP.MBL3, MB.SNPL3] -> MBL3 -> [INP.VLNPL3, MB.VLNPL3]",INP.MB,3,MB.SNP,3,INP.VLNP,3,MB.VLNP,3
4345640,pure_LAT,LAT->LAT,LAT,LAT,0,0,4,2764,2,1.978,548,0.198,MB,3,2,2,"[INP.VLNPL3, MB.VLNPL3] -> MBL3 -> [INP.MBL3, MB.SNPL3]",INP.VLNP,3,MB.VLNP,3,INP.MB,3,MB.SNP,3
4340280,pure_LAT,LAT->LAT,LAT,LAT,0,0,4,2764,2,1.993,548,0.198,MB,3,2,2,"[INP.MBL3, MB.VLNPL3] -> MBL3 -> [INP.VLNPL3, MB.SNPL3]",INP.MB,3,MB.VLNP,3,INP.VLNP,3,MB.SNP,3
4338800,pure_LAT,LAT->LAT,LAT,LAT,0,0,4,2764,2,1.979,548,0.198,MB,3,2,2,"[INP.MBL3, INP.VLNPL3] -> MBL3 -> [MB.SNPL3, MB.VLNPL3]",INP.MB,3,INP.VLNP,3,MB.SNP,3,MB.VLNP,3
2754131,pure_LAT,LAT->LAT,LAT,LAT,0,0,4,145,28,2.147,3116,21.49,AL.MB,2,2,2,"[ALL2, AL.LHL2] -> AL.MBL2 -> [INP.MBL2, MBL2]",AL,2,AL.LH,2,INP.MB,2,MB,2
1782277,pure_LAT,LAT->LAT,LAT,LAT,0,0,4,145,32,3.273,3126,21.559,AL.MB,2,2,2,"[ALL2, AL.LHL2] -> AL.MBL2 -> [LHL2, MBL2]",AL,2,AL.LH,2,LH,2,MB,2
1393769,pure_LAT,LAT->LAT,LAT,LAT,0,0,4,145,24,5.26,3113,21.469,AL.MB,2,2,2,"[ALL2, AL.LHL2] -> AL.MBL2 -> [LH.SNPL2, MBL2]",AL,2,AL.LH,2,LH.SNP,2,MB,2
1329314,pure_LAT,LAT->LAT,LAT,LAT,0,0,4,145,53,9.469,3126,21.559,AL.MB,2,2,2,"[ALL2, LHL2] -> AL.MBL2 -> [AL.LHL2, MBL2]",AL,2,LH,2,AL.LH,2,MB,2
1160950,pure_LAT,LAT->LAT,LAT,LAT,0,0,4,145,37,3.315,2995,20.655,AL.MB,2,2,2,"[ALL2, LHL2] -> AL.MBL2 -> [INP.MBL2, MBL2]",AL,2,LH,2,INP.MB,2,MB,2
1138819,pure_LAT,LAT->LAT,LAT,LAT,0,0,4,145,22,3.41,3126,21.559,AL.MB,2,2,2,"[AL.LHL2, LHL2] -> AL.MBL2 -> [ALL2, MBL2]",AL.LH,2,LH,2,AL,2,MB,2
979355,pure_LAT,LAT->LAT,LAT,LAT,0,0,4,178,3,1.501,4896,27.506,INP.MB,3,2,2,"[INP.VLNPL3, MBL3] -> INP.MBL3 -> [INP.SNPL3, SNPL3]",INP.VLNP,3,MB,3,INP.SNP,3,SNP,3
890450,pure_LAT,LAT->LAT,LAT,LAT,0,0,4,178,3,1.275,4877,27.399,INP.MB,3,2,2,"[INP.VLNPL3, MBL3] -> INP.MBL3 -> [INPL3, SNPL3]",INP.VLNP,3,MB,3,INP,3,SNP,3
886915,pure_LAT,LAT->LAT,LAT,LAT,0,0,4,187,22,4.942,39930,213.529,OL.VMNP,2,2,2,"[VLNP.VMNPL2, VMNPL2] -> OL.VMNPL2 -> [OLL2, OL.VLNPL2]",VLNP.VMNP,2,VMNP,2,OL,2,OL.VLNP,2
803028,pure_LAT,LAT->LAT,LAT,LAT,0,0,4,145,41,9.46,2992,20.634,AL.MB,2,2,2,"[ALL2, LHL2] -> AL.MBL2 -> [LH.SNPL2, MBL2]",AL,2,LH,2,LH.SNP,2,MB,2
791700,pure_LAT,LAT->LAT,LAT,LAT,0,0,4,2764,2,1.737,612,0.221,MB,3,2,2,"[INP.MBL3, MB.VLNPL3] -> MBL3 -> [INPL3, INP.VLNPL3]",INP.MB,3,MB.VLNP,3,INP,3,INP.VLNP,3
790120,pure_LAT,LAT->LAT,LAT,LAT,0,0,4,2764,2,1.313,515,0.186,MB,3,2,2,"[INP.MBL3, MB.VLNPL3] -> MBL3 -> [INPL3, MB.SNPL3]",INP.MB,3,MB.VLNP,3,INP,3,MB.SNP,3
778052,pure_LAT,LAT->LAT,LAT,LAT,0,0,4,2764,2,1.365,515,0.186,MB,3,2,2,"[MB.SNPL3, MB.VLNPL3] -> MBL3 -> [INPL3, INP.MBL3]",MB.SNP,3,MB.VLNP,3,INP,3,INP.MB,3
777700,pure_LAT,LAT->LAT,LAT,LAT,0,0,4,2764,2,1.364,515,0.186,MB,3,2,2,"[INP.MBL3, MB.SNPL3] -> MBL3 -> [INPL3, MB.VLNPL3]",INP.MB,3,MB.SNP,3,INP,3,MB.VLNP,3
776320,pure_LAT,LAT->LAT,LAT,LAT,0,0,4,2764,2,1.783,612,0.221,MB,3,2,2,"[INP.VLNPL3, MB.VLNPL3] -> MBL3 -> [INPL3, INP.MBL3]",INP.VLNP,3,MB.VLNP,3,INP,3,INP.MB,3
775600,pure_LAT,LAT->LAT,LAT,LAT,0,0,4,2764,2,1.782,612,0.221,MB,3,2,2,"[INP.MBL3, INP.VLNPL3] -> MBL3 -> [INPL3, MB.VLNPL3]",INP.MB,3,INP.VLNP,3,INP,3,MB.VLNP,3
707112,pure_LAT,LAT->LAT,LAT,LAT,0,0,4,2764,2,1.801,612,0.221,MB,3,2,2,"[INPL3, MB.VLNPL3] -> MBL3 -> [INP.MBL3, INP.VLNPL3]",INP,3,MB.VLNP,3,INP.MB,3,INP.VLNP,3
706440,pure_LAT,LAT->LAT,LAT,LAT,0,0,4,2764,2,1.799,612,0.221,MB,3,2,2,"[INPL3, INP.MBL3] -> MBL3 -> [INP.VLNPL3, MB.VLNPL3]",INP,3,INP.MB,3,INP.VLNP,3,MB.VLNP,3
694500,pure_LAT,LAT->LAT,LAT,LAT,0,0,4,2764,2,1.842,612,0.221,MB,3,2,2,"[INPL3, INP.VLNPL3] -> MBL3 -> [INP.MBL3, MB.VLNPL3]",INP,3,INP.VLNP,3,INP.MB,3,MB.VLNP,3
693152,pure_LAT,LAT->LAT,LAT,LAT,0,0,4,145,19,1.995,3075,21.207,AL.MB,2,2,2,"[ALL2, AL.LHL2] -> AL.MBL2 -> [AL.VLNPL2, MBL2]",AL,2,AL.LH,2,AL.VLNP,2,MB,2
690144,pure_LAT,LAT->LAT,LAT,LAT,0,0,4,2764,2,1.354,515,0.186,MB,3,2,2,"[INPL3, MB.VLNPL3] -> MBL3 -> [INP.MBL3, MB.SNPL3]",INP,3,MB.VLNP,3,INP.MB,3,MB.SNP,3
689840,pure_LAT,LAT->LAT,LAT,LAT,0,0,4,2764,2,1.353,515,0.186,MB,3,2,2,"[INPL3, INP.MBL3] -> MBL3 -> [MB.SNPL3, MB.VLNPL3]",INP,3,INP.MB,3,MB.SNP,3,MB.VLNP,3
681120,pure_LAT,LAT->LAT,LAT,LAT,0,0,4,2764,2,1.409,515,0.186,MB,3,2,2,"[INPL3, MB.SNPL3] -> MBL3 -> [INP.MBL3, MB.VLNPL3]",INP,3,MB.SNP,3,INP.MB,3,MB.VLNP,3
654173,pure_LAT,LAT->LAT,LAT,LAT,0,0,4,178,3,2.737,4793,26.927,INP.MB,3,2,2,"[MBL3, MB.VLNPL3] -> INP.MBL3 -> [INP.SNPL3, SNPL3]",MB,3,MB.VLNP,3,INP.SNP,3,SNP,3
641000,pure_LAT,LAT->LAT,LAT,LAT,0,0,4,2764,2,1.557,2221,0.804,MB,3,2,2,"[INP.VLNPL3, SNPL3] -> MBL3 -> [INP.MBL3, MB.VLNPL3]",INP.VLNP,3,SNP,3,INP.MB,3,MB.VLNP,3
628824,pure_LAT,LAT->LAT,LAT,LAT,0,0,4,2764,2,1.599,2221,0.804,MB,3,2,2,"[MB.VLNPL3, SNPL3] -> MBL3 -> [INP.MBL3, INP.VLNPL3]",MB.VLNP,3,SNP,3,INP.MB,3,INP.VLNP,3
627480,pure_LAT,LAT->LAT,LAT,LAT,0,0,4,2764,2,1.601,2221,0.804,MB,3,2,2,"[INP.MBL3, SNPL3] -> MBL3 -> [INP.VLNPL3, MB.VLNPL3]",INP.MB,3,SNP,3,INP.VLNP,3,MB.VLNP,3
624480,pure_LAT,LAT->LAT,LAT,LAT,0,0,4,178,2,1.122,4813,27.039,INP.MB,3,2,2,"[INP.VLNPL3, MBL3] -> INP.MBL3 -> [MB.SNPL3, SNPL3]",INP.VLNP,3,MB,3,MB.SNP,3,SNP,3
582400,pure_LAT,LAT->LAT,LAT,LAT,0,0,4,145,5,2.23,2944,20.303,AL.MB,2,2,2,"[ALL2, AL.VLNPL2] -> AL.MBL2 -> [INP.MBL2, MBL2]",AL,2,AL.VLNP,2,INP.MB,2,MB,2
561575,pure_LAT,LAT->LAT,LAT,LAT,0,0,4,187,14,2.892,39873,213.225,OL.VMNP,2,2,2,"[LX.VMNPL2, VMNPL2] -> OL.VMNPL2 -> [OLL2, OL.VLNPL2]",LX.VMNP,2,VMNP,2,OL,2,OL.VLNP,2
539264,pure_LAT,LAT->LAT,LAT,LAT,0,0,4,145,5,2.235,3075,21.207,AL.MB,2,2,2,"[AL.LHL2, AL.VLNPL2] -> AL.MBL2 -> [ALL2, MBL2]",AL.LH,2,AL.VLNP,2,AL,2,MB,2
532076,pure_LAT,LAT->LAT,LAT,LAT,0,0,4,145,5,3.693,3075,21.207,AL.MB,2,2,2,"[ALL2, AL.VLNPL2] -> AL.MBL2 -> [AL.LHL2, MBL2]",AL,2,AL.VLNP,2,AL.LH,2,MB,2
518150,pure_LAT,LAT->LAT,LAT,LAT,0,0,4,2764,2,1.697,1039,0.376,MB,3,2,2,"[INP.VLNPL3, LHL3] -> MBL3 -> [INP.MBL3, MB.VLNPL3]",INP.VLNP,3,LH,3,INP.MB,3,MB.VLNP,3
510888,pure_LAT,LAT->LAT,LAT,LAT,0,0,4,2764,2,1.742,1039,0.376,MB,3,2,2,"[LHL3, MB.VLNPL3] -> MBL3 -> [INP.MBL3, INP.VLNPL3]",LH,3,MB.VLNP,3,INP.MB,3,INP.VLNP,3
509880,pure_LAT,LAT->LAT,LAT,LAT,0,0,4,2764,2,1.743,1039,0.376,MB,3,2,2,"[INP.MBL3, LHL3] -> MBL3 -> [INP.VLNPL3, MB.VLNPL3]",INP.MB,3,LH,3,INP.VLNP,3,MB.VLNP,3
490106,pure_LAT,LAT->LAT,LAT,LAT,0,0,4,187,25,5.192,39904,213.39,OL.VMNP,2,2,2,"[GNG.VMNPL2, VMNPL2] -> OL.VMNPL2 -> [OLL2, OL.VLNPL2]",GNG.VMNP,2,VMNP,2,OL,2,OL.VLNP,2
475118,pure_LAT,LAT->LAT,LAT,LAT,0,0,4,178,3,2.486,4774,26.82,INP.MB,3,2,2,"[MBL3, MB.VLNPL3] -> INP.MBL3 -> [INPL3, SNPL3]",MB,3,MB.VLNP,3,INP,3,SNP,3
461846,pure_LAT,LAT->LAT,LAT,LAT,0,0,4,93,5,4.682,5429,58.376,MB.SNP,3,2,2,"[INP.MBL3, MBL3] -> MB.SNPL3 -> [LH.SNPL3, SNPL3]",INP.MB,3,MB,3,LH.SNP,3,SNP,3
460606,pure_LAT,LAT->LAT,LAT,LAT,0,0,4,178,3,1.355,3287,18.466,INP.MB,3,2,2,"[INP.VLNPL3, MBL3] -> INP.MBL3 -> [INPL3, INP.SNPL3]",INP.VLNP,3,MB,3,INP,3,INP.SNP,3
460215,pure_LAT,LAT->LAT,LAT,LAT,0,0,4,2764,2,1.773,618,0.224,MB,3,2,2,"[INP.MBL3, MB.SNPL3] -> MBL3 -> [INPL3, INP.VLNPL3]",INP.MB,3,MB.SNP,3,INP,3,INP.VLNP,3
459985,pure_LAT,LAT->LAT,LAT,LAT,0,0,4,187,15,5.248,40159,214.754,OL.VMNP,2,2,2,"[VLNPL2, VMNPL2] -> OL.VMNPL2 -> [OLL2, OL.VLNPL2]",VLNP,2,VMNP,2,OL,2,OL.VLNP,2
451940,pure_LAT,LAT->LAT,LAT,LAT,0,0,4,2764,2,1.818,618,0.224,MB,3,2,2,"[INP.VLNPL3, MB.SNPL3] -> MBL3 -> [INPL3, INP.MBL3]",INP.VLNP,3,MB.SNP,3,INP,3,INP.MB,3
446200,pure_LAT,LAT->LAT,LAT,LAT,0,0,4,2764,2,1.74,618,0.224,MB,3,2,2,"[INP.MBL3, INP.VLNPL3] -> MBL3 -> [INPL3, MB.SNPL3]",INP.MB,3,INP.VLNP,3,INP,3,MB.SNP,3
443350,pure_LAT,LAT->LAT,LAT,LAT,0,0,4,2764,2,1.39,597,0.216,MB,3,2,2,"[INP.VLNPL3, VLNP.VMNPL3] -> MBL3 -> [INP.MBL3, MB.VLNPL3]",INP.VLNP,3,VLNP.VMNP,3,INP.MB,3,MB.VLNP,3
432348,pure_LAT,LAT->LAT,LAT,LAT,0,0,4,2764,2,1.423,597,0.216,MB,3,2,2,"[MB.VLNPL3, VLNP.VMNPL3] -> MBL3 -> [INP.MBL3, INP.VLNPL3]",MB.VLNP,3,VLNP.VMNP,3,INP.MB,3,INP.VLNP,3
431340,pure_LAT,LAT->LAT,LAT,LAT,0,0,4,2764,2,1.424,597,0.216,MB,3,2,2,"[INP.MBL3, VLNP.VMNPL3] -> MBL3 -> [INP.VLNPL3, MB.VLNPL3]",INP.MB,3,VLNP.VMNP,3,INP.VLNP,3,MB.VLNP,3
427240,pure_LAT,LAT->LAT,LAT,LAT,0,0,4,2764,2,1.969,2124,0.768,MB,3,2,2,"[MB.SNPL3, SNPL3] -> MBL3 -> [INP.MBL3, MB.VLNPL3]",MB.SNP,3,SNP,3,INP.MB,3,MB.VLNP,3
411894,pure_LAT,LAT->LAT,LAT,LAT,0,0,4,2764,2,1.835,618,0.224,MB,3,2,2,"[INPL3, MB.SNPL3] -> MBL3 -> [INP.MBL3, INP.VLNPL3]",INP,3,MB.SNP,3,INP.MB,3,INP.VLNP,3
407888,pure_LAT,LAT->LAT,LAT,LAT,0,0,4,2764,2,1.996,2124,0.768,MB,3,2,2,"[MB.VLNPL3, SNPL3] -> MBL3 -> [INP.MBL3, MB.SNPL3]",MB.VLNP,3,SNP,3,INP.MB,3,MB.SNP,3
407280,pure_LAT,LAT->LAT,LAT,LAT,0,0,4,2764,2,1.996,2124,0.768,MB,3,2,2,"[INP.MBL3, SNPL3] -> MBL3 -> [MB.SNPL3, MB.VLNPL3]",INP.MB,3,SNP,3,MB.SNP,3,MB.VLNP,3
406140,pure_LAT,LAT->LAT,LAT,LAT,0,0,4,2764,2,1.758,618,0.224,MB,3,2,2,"[INPL3, INP.MBL3] -> MBL3 -> [INP.VLNPL3, MB.SNPL3]",INP,3,INP.MB,3,INP.VLNP,3,MB.SNP,3
398580,pure_LAT,LAT->LAT,LAT,LAT,0,0,4,2764,2,1.803,618,0.224,MB,3,2,2,"[INPL3, INP.VLNPL3] -> MBL3 -> [INP.MBL3, MB.SNPL3]",INP,3,INP.VLNP,3,INP.MB,3,MB.SNP,3
388960,pure_LAT,LAT->LAT,LAT,LAT,0,0,4,2764,1,1.0,506,0.183,MB,3,2,2,"[INP.MBL3, MB.VLNPL3] -> MBL3 -> [MB.SNPL3, SNP.VLNPL3]",INP.MB,3,MB.VLNP,3,MB.SNP,3,SNP.VLNP,3
388960,pure_LAT,LAT->LAT,LAT,LAT,0,0,4,2764,1,1.0,506,0.183,MB,3,2,2,"[INP.MBL3, SNP.VLNPL3] -> MBL3 -> [MB.SNPL3, MB.VLNPL3]",INP.MB,3,SNP.VLNP,3,MB.SNP,3,MB.VLNP,3
388960,pure_LAT,LAT->LAT,LAT,LAT,0,0,4,2764,1,1.0,506,0.183,MB,3,2,2,"[MB.VLNPL3, SNP.VLNPL3] -> MBL3 -> [INP.MBL3, MB.SNPL3]",MB.VLNP,3,SNP.VLNP,3,INP.MB,3,MB.SNP,3
381542,pure_LAT,LAT->LAT,LAT,LAT,0,0,4,145,11,4.529,3061,21.11,AL.MB,2,2,2,"[ALL2, AL.LHL2] -> AL.MBL2 -> [AL.SNPL2, MBL2]",AL,2,AL.LH,2,AL.SNP,2,MB,2
377538,pure_LAT,LAT->LAT,LAT,LAT,0,0,4,2764,2,1.565,2227,0.806,MB,3,2,2,"[MB.SNPL3, SNPL3] -> MBL3 -> [INP.MBL3, INP.VLNPL3]",MB.SNP,3,SNP,3,INP.MB,3,INP.VLNP,3
377448,pure_LAT,LAT->LAT,LAT,LAT,0,0,4,145,5,2.978,2954,20.372,AL.MB,2,2,2,"[ALL2, AL.VLNPL2] -> AL.MBL2 -> [LHL2, MBL2]",AL,2,AL.VLNP,2,LH,2,MB,2
374000,pure_LAT,LAT->LAT,LAT,LAT,0,0,4,2764,1,1.0,506,0.183,MB,3,2,2,"[INP.MBL3, MB.SNPL3] -> MBL3 -> [MB.VLNPL3, SNP.VLNPL3]",INP.MB,3,MB.SNP,3,MB.VLNP,3,SNP.VLNP,3
374000,pure_LAT,LAT->LAT,LAT,LAT,0,0,4,2764,1,1.0,506,0.183,MB,3,2,2,"[MB.SNPL3, MB.VLNPL3] -> MBL3 -> [INP.MBL3, SNP.VLNPL3]",MB.SNP,3,MB.VLNP,3,INP.MB,3,SNP.VLNP,3
374000,pure_LAT,LAT->LAT,LAT,LAT,0,0,4,2764,1,1.0,506,0.183,MB,3,2,2,"[MB.SNPL3, SNP.VLNPL3] -> MBL3 -> [INP.MBL3, MB.VLNPL3]",MB.SNP,3,SNP.VLNP,3,INP.MB,3,MB.VLNP,3
367180,pure_LAT,LAT->LAT,LAT,LAT,0,0,4,2764,2,1.999,942,0.341,MB,3,2,2,"[LHL3, MB.SNPL3] -> MBL3 -> [INP.MBL3, MB.VLNPL3]",LH,3,MB.SNP,3,INP.MB,3,MB.VLNP,3
355160,pure_LAT,LAT->LAT,LAT,LAT,0,0,4,2764,2,1.597,2227,0.806,MB,3,2,2,"[INP.VLNPL3, SNPL3] -> MBL3 -> [INP.MBL3, MB.SNPL3]",INP.VLNP,3,SNP,3,INP.MB,3,MB.SNP,3
354813,pure_LAT,LAT->LAT,LAT,LAT,0,0,4,187,15,6.619,40608,217.155,OL.VMNP,2,2,2,"[GNGL2, VMNPL2] -> OL.VMNPL2 -> [OLL2, OL.VLNPL2]",GNG,2,VMNP,2,OL,2,OL.VLNP,2
354536,pure_LAT,LAT->LAT,LAT,LAT,0,0,4,2764,2,1.981,942,0.341,MB,3,2,2,"[LHL3, MB.VLNPL3] -> MBL3 -> [INP.MBL3, MB.SNPL3]",LH,3,MB.VLNP,3,INP.MB,3,MB.SNP,3
354080,pure_LAT,LAT->LAT,LAT,LAT,0,0,4,2764,2,1.981,942,0.341,MB,3,2,2,"[INP.MBL3, LHL3] -> MBL3 -> [MB.SNPL3, MB.VLNPL3]",INP.MB,3,LH,3,MB.SNP,3,MB.VLNP,3
348180,pure_LAT,LAT->LAT,LAT,LAT,0,0,4,2764,2,1.642,2227,0.806,MB,3,2,2,"[INP.MBL3, SNPL3] -> MBL3 -> [INP.VLNPL3, MB.SNPL3]",INP.MB,3,SNP,3,INP.VLNP,3,MB.SNP,3
343139,pure_LAT,LAT->LAT,LAT,LAT,0,0,4,145,5,4.23,3061,21.11,AL.MB,2,2,2,"[ALL2, AL.SNPL2] -> AL.MBL2 -> [AL.LHL2, MBL2]",AL,2,AL.SNP,2,AL.LH,2,MB,2
332336,pure_LAT,LAT->LAT,LAT,LAT,0,0,4,145,29,3.864,2954,20.372,AL.MB,2,2,2,"[ALL2, LHL2] -> AL.MBL2 -> [AL.VLNPL2, MBL2]",AL,2,LH,2,AL.VLNP,2,MB,2
320500,pure_LAT,LAT->LAT,LAT,LAT,0,0,4,2764,2,1.557,1206,0.436,MB,3,2,2,"[INP.VLNPL3, VLNPL3] -> MBL3 -> [INP.MBL3, MB.VLNPL3]",INP.VLNP,3,VLNP,3,INP.MB,3,MB.VLNP,3
318410,pure_LAT,LAT->LAT,LAT,LAT,0,0,4,214,20,7.999,2995,13.995,AL.LH,2,2,2,"[ALL2, LHL2] -> AL.LHL2 -> [INP.MBL2, MBL2]",AL,2,LH,2,INP.MB,2,MB,2
318240,pure_LAT,LAT->LAT,LAT,LAT,0,0,4,178,2,1.162,3223,18.107,INP.MB,3,2,2,"[INP.VLNPL3, MBL3] -> INP.MBL3 -> [INP.SNPL3, MB.SNPL3]",INP.VLNP,3,MB,3,INP.SNP,3,MB.SNP,3
314412,pure_LAT,LAT->LAT,LAT,LAT,0,0,4,2764,2,1.599,1206,0.436,MB,3,2,2,"[MB.VLNPL3, VLNPL3] -> MBL3 -> [INP.MBL3, INP.VLNPL3]",MB.VLNP,3,VLNP,3,INP.MB,3,INP.VLNP,3
314160,pure_LAT,LAT->LAT,LAT,LAT,0,0,4,2764,1,1.0,603,0.218,MB,3,2,2,"[INP.MBL3, MB.VLNPL3] -> MBL3 -> [INP.VLNPL3, SNP.VLNPL3]",INP.MB,3,MB.VLNP,3,INP.VLNP,3,SNP.VLNP,3
314160,pure_LAT,LAT->LAT,LAT,LAT,0,0,4,2764,1,1.0,603,0.218,MB,3,2,2,"[INP.MBL3, SNP.VLNPL3] -> MBL3 -> [INP.VLNPL3, MB.VLNPL3]",INP.MB,3,SNP.VLNP,3,INP.VLNP,3,MB.VLNP,3
314160,pure_LAT,LAT->LAT,LAT,LAT,0,0,4,2764,1,1.0,603,0.218,MB,3,2,2,"[MB.VLNPL3, SNP.VLNPL3] -> MBL3 -> [INP.MBL3, INP.VLNPL3]",MB.VLNP,3,SNP.VLNP,3,INP.MB,3,INP.VLNP,3
313740,pure_LAT,LAT->LAT,LAT,LAT,0,0,4,2764,2,1.601,1206,0.436,MB,3,2,2,"[INP.MBL3, VLNPL3] -> MBL3 -> [INP.VLNPL3, MB.VLNPL3]",INP.MB,3,VLNP,3,INP.VLNP,3,MB.VLNP,3
306240,pure_LAT,LAT->LAT,LAT,LAT,0,0,4,178,2,1.081,3204,18.0,INP.MB,3,2,2,"[INP.VLNPL3, MBL3] -> INP.MBL3 -> [INPL3, MB.SNPL3]",INP.VLNP,3,MB,3,INP,3,MB.SNP,3
305466,pure_LAT,LAT->LAT,LAT,LAT,0,0,4,2764,2,1.705,1045,0.378,MB,3,2,2,"[LHL3, MB.SNPL3] -> MBL3 -> [INP.MBL3, INP.VLNPL3]",LH,3,MB.SNP,3,INP.MB,3,INP.VLNP,3
299200,pure_LAT,LAT->LAT,LAT,LAT,0,0,4,2764,1,1.0,603,0.218,MB,3,2,2,"[INP.MBL3, INP.VLNPL3] -> MBL3 -> [MB.VLNPL3, SNP.VLNPL3]",INP.MB,3,INP.VLNP,3,MB.VLNP,3,SNP.VLNP,3
299200,pure_LAT,LAT->LAT,LAT,LAT,0,0,4,2764,1,1.0,603,0.218,MB,3,2,2,"[INP.VLNPL3, MB.VLNPL3] -> MBL3 -> [INP.MBL3, SNP.VLNPL3]",INP.VLNP,3,MB.VLNP,3,INP.MB,3,SNP.VLNP,3
299200,pure_LAT,LAT->LAT,LAT,LAT,0,0,4,2764,1,1.0,603,0.218,MB,3,2,2,"[INP.VLNPL3, SNP.VLNPL3] -> MBL3 -> [INP.MBL3, MB.VLNPL3]",INP.VLNP,3,SNP.VLNP,3,INP.MB,3,MB.VLNP,3
292317,pure_LAT,LAT->LAT,LAT,LAT,0,0,4,145,14,5.84,3038,20.952,AL.MB,2,2,2,"[ALL2, LH.MBL2] -> AL.MBL2 -> [AL.LHL2, MBL2]",AL,2,LH.MB,2,AL.LH,2,MB,2
288470,pure_LAT,LAT->LAT,LAT,LAT,0,0,4,2764,2,1.739,1045,0.378,MB,3,2,2,"[INP.VLNPL3, LHL3] -> MBL3 -> [INP.MBL3, MB.SNPL3]",INP.VLNP,3,LH,3,INP.MB,3,MB.SNP,3
284340,pure_LAT,LAT->LAT,LAT,LAT,0,0,4,2764,2,1.785,1045,0.378,MB,3,2,2,"[INP.MBL3, LHL3] -> MBL3 -> [INP.VLNPL3, MB.SNPL3]",INP.MB,3,LH,3,INP.VLNP,3,MB.SNP,3
283654,pure_LAT,LAT->LAT,LAT,LAT,0,0,4,145,5,3.588,3061,21.11,AL.MB,2,2,2,"[AL.LHL2, AL.SNPL2] -> AL.MBL2 -> [ALL2, MBL2]",AL.LH,2,AL.SNP,2,AL,2,MB,2
278040,pure_LAT,LAT->LAT,LAT,LAT,0,0,4,2764,2,1.967,1176,0.425,MB,3,2,2,"[INP.MBL3, MB.VLNPL3] -> MBL3 -> [INP.VLNPL3, LH.SNPL3]",INP.MB,3,MB.VLNP,3,INP.VLNP,3,LH.SNP,3
276724,pure_LAT,LAT->LAT,LAT,LAT,0,0,4,145,5,3.253,2930,20.207,AL.MB,2,2,2,"[ALL2, AL.SNPL2] -> AL.MBL2 -> [INP.MBL2, MBL2]",AL,2,AL.SNP,2,INP.MB,2,MB,2
275960,pure_LAT,LAT->LAT,LAT,LAT,0,0,4,2764,2,1.986,1176,0.425,MB,3,2,2,"[INP.VLNPL3, MB.VLNPL3] -> MBL3 -> [INP.MBL3, LH.SNPL3]",INP.VLNP,3,MB.VLNP,3,INP.MB,3,LH.SNP,3
275600,pure_LAT,LAT->LAT,LAT,LAT,0,0,4,2764,2,1.985,1176,0.425,MB,3,2,2,"[INP.MBL3, INP.VLNPL3] -> MBL3 -> [LH.SNPL3, MB.VLNPL3]",INP.MB,3,INP.VLNP,3,LH.SNP,3,MB.VLNP,3
273680,pure_LAT,LAT->LAT,LAT,LAT,0,0,4,2764,2,1.818,500,0.181,MB,3,2,2,"[MB.SNPL3, VLNP.VMNPL3] -> MBL3 -> [INP.MBL3, MB.VLNPL3]",MB.SNP,3,VLNP.VMNP,3,INP.MB,3,MB.VLNP,3
268770,pure_LAT,LAT->LAT,LAT,LAT,0,0,4,178,3,2.661,3184,17.888,INP.MB,3,2,2,"[MBL3, MB.VLNPL3] -> INP.MBL3 -> [INPL3, INP.SNPL3]",MB,3,MB.VLNP,3,INP,3,INP.SNP,3
263062,pure_LAT,LAT->LAT,LAT,LAT,0,0,4,187,12,2.68,39531,211.396,OL.VMNP,2,2,2,"[LX.VMNPL2, VLNP.VMNPL2] -> OL.VMNPL2 -> [OLL2, OL.VLNPL2]",LX.VMNP,2,VLNP.VMNP,2,OL,2,OL.VLNP,2
261222,pure_LAT,LAT->LAT,LAT,LAT,0,0,4,214,11,3.815,2954,13.804,AL.LH,2,2,2,"[ALL2, AL.VLNPL2] -> AL.LHL2 -> [LHL2, MBL2]",AL,2,AL.VLNP,2,LH,2,MB,2
260841,pure_LAT,LAT->LAT,LAT,LAT,0,0,4,2764,2,1.396,603,0.218,MB,3,2,2,"[MB.SNPL3, VLNP.VMNPL3] -> MBL3 -> [INP.MBL3, INP.VLNPL3]",MB.SNP,3,VLNP.VMNP,3,INP.MB,3,INP.VLNP,3
260256,pure_LAT,LAT->LAT,LAT,LAT,0,0,4,178,2,1.638,4710,26.461,INP.MB,3,2,2,"[MBL3, MB.VLNPL3] -> INP.MBL3 -> [MB.SNPL3, SNPL3]",MB,3,MB.VLNP,3,MB.SNP,3,SNP,3
257296,pure_LAT,LAT->LAT,LAT,LAT,0,0,4,2764,2,1.887,500,0.181,MB,3,2,2,"[MB.VLNPL3, VLNP.VMNPL3] -> MBL3 -> [INP.MBL3, MB.SNPL3]",MB.VLNP,3,VLNP.VMNP,3,INP.MB,3,MB.SNP,3
256840,pure_LAT,LAT->LAT,LAT,LAT,0,0,4,2764,2,1.889,500,0.181,MB,3,2,2,"[INP.MBL3, VLNP.VMNPL3] -> MBL3 -> [MB.SNPL3, MB.VLNPL3]",INP.MB,3,VLNP.VMNP,3,MB.SNP,3,MB.VLNP,3
249200,pure_LAT,LAT->LAT,LAT,LAT,0,0,4,2764,2,1.521,1079,0.39,MB,3,2,2,"[INP.MBL3, MB.VLNPL3] -> MBL3 -> [LH.SNPL3, MB.SNPL3]",INP.MB,3,MB.VLNP,3,LH.SNP,3,MB.SNP,3
248776,pure_LAT,LAT->LAT,LAT,LAT,0,0,4,2764,2,1.596,1079,0.39,MB,3,2,2,"[MB.SNPL3, MB.VLNPL3] -> MBL3 -> [INP.MBL3, LH.SNPL3]",MB.SNP,3,MB.VLNP,3,INP.MB,3,LH.SNP,3
248600,pure_LAT,LAT->LAT,LAT,LAT,0,0,4,2764,2,1.594,1079,0.39,MB,3,2,2,"[INP.MBL3, MB.SNPL3] -> MBL3 -> [LH.SNPL3, MB.VLNPL3]",INP.MB,3,MB.SNP,3,LH.SNP,3,MB.VLNP,3
244270,pure_LAT,LAT->LAT,LAT,LAT,0,0,4,2764,2,1.421,603,0.218,MB,3,2,2,"[INP.VLNPL3, VLNP.VMNPL3] -> MBL3 -> [INP.MBL3, MB.SNPL3]",INP.VLNP,3,VLNP.VMNP,3,INP.MB,3,MB.SNP,3
237930,pure_LAT,LAT->LAT,LAT,LAT,0,0,4,2764,2,1.458,603,0.218,MB,3,2,2,"[INP.MBL3, VLNP.VMNPL3] -> MBL3 -> [INP.VLNPL3, MB.SNPL3]",INP.MB,3,VLNP.VMNP,3,INP.VLNP,3,MB.SNP,3
236699,pure_LAT,LAT->LAT,LAT,LAT,0,0,4,214,21,5.963,2992,13.981,AL.LH,2,2,2,"[ALL2, LHL2] -> AL.LHL2 -> [LH.SNPL2, MBL2]",AL,2,LH,2,LH.SNP,2,MB,2
234304,pure_LAT,LAT->LAT,LAT,LAT,0,0,4,145,4,3.016,2941,20.283,AL.MB,2,2,2,"[ALL2, AL.VLNPL2] -> AL.MBL2 -> [LH.SNPL2, MBL2]",AL,2,AL.VLNP,2,LH.SNP,2,MB,2
230913,pure_LAT,LAT->LAT,LAT,LAT,0,0,4,214,26,8.097,2954,13.804,AL.LH,2,2,2,"[ALL2, LHL2] -> AL.LHL2 -> [AL.VLNPL2, MBL2]",AL,2,LH,2,AL.VLNP,2,MB,2
228664,pure_LAT,LAT->LAT,LAT,LAT,0,0,4,145,5,2.925,2927,20.186,AL.MB,2,2,2,"[ALL2, AL.SNPL2] -> AL.MBL2 -> [LH.SNPL2, MBL2]",AL,2,AL.SNP,2,LH.SNP,2,MB,2
228228,pure_LAT,LAT->LAT,LAT,LAT,0,0,4,2764,2,1.704,527,0.191,MB,3,2,2,"[MB.SNPL3, MB.VLNPL3] -> MBL3 -> [INPL3, INP.VLNPL3]",MB.SNP,3,MB.VLNP,3,INP,3,INP.VLNP,3
223300,pure_LAT,LAT->LAT,LAT,LAT,0,0,4,2764,2,1.748,527,0.191,MB,3,2,2,"[INP.VLNPL3, MB.SNPL3] -> MBL3 -> [INPL3, MB.VLNPL3]",INP.VLNP,3,MB.SNP,3,INP,3,MB.VLNP,3
221720,pure_LAT,LAT->LAT,LAT,LAT,0,0,4,2764,2,1.67,527,0.191,MB,3,2,2,"[INP.VLNPL3, MB.VLNPL3] -> MBL3 -> [INPL3, MB.SNPL3]",INP.VLNP,3,MB.VLNP,3,INP,3,MB.SNP,3
213620,pure_LAT,LAT->LAT,LAT,LAT,0,0,4,2764,2,1.969,1109,0.401,MB,3,2,2,"[MB.SNPL3, VLNPL3] -> MBL3 -> [INP.MBL3, MB.VLNPL3]",MB.SNP,3,VLNP,3,INP.MB,3,MB.VLNP,3
212180,pure_LAT,LAT->LAT,LAT,LAT,0,0,4,108,6,1.116,33662,311.685,OL.VMNP,3,2,2,"[OLL3, OL.VLNPL3] -> OL.VMNPL3 -> [VLNP.VMNPL3, VMNPL3]",OL,3,OL.VLNP,3,VLNP.VMNP,3,VMNP,3
204970,pure_LAT,LAT->LAT,LAT,LAT,0,0,4,145,14,7.021,2940,20.276,AL.MB,2,2,2,"[ALL2, LHL2] -> AL.MBL2 -> [AL.SNPL2, MBL2]",AL,2,LH,2,AL.SNP,2,MB,2
203944,pure_LAT,LAT->LAT,LAT,LAT,0,0,4,2764,2,1.996,1109,0.401,MB,3,2,2,"[MB.VLNPL3, VLNPL3] -> MBL3 -> [INP.MBL3, MB.SNPL3]",MB.VLNP,3,VLNP,3,INP.MB,3,MB.SNP,3
203640,pure_LAT,LAT->LAT,LAT,LAT,0,0,4,2764,2,1.996,1109,0.401,MB,3,2,2,"[INP.MBL3, VLNPL3] -> MBL3 -> [MB.SNPL3, MB.VLNPL3]",INP.MB,3,VLNP,3,MB.SNP,3,MB.VLNP,3
203280,pure_LAT,LAT->LAT,LAT,LAT,0,0,4,2764,2,1.766,527,0.191,MB,3,2,2,"[INPL3, MB.SNPL3] -> MBL3 -> [INP.VLNPL3, MB.VLNPL3]",INP,3,MB.SNP,3,INP.VLNP,3,MB.VLNP,3
202378,pure_LAT,LAT->LAT,LAT,LAT,0,0,4,145,5,2.678,2954,20.372,AL.MB,2,2,2,"[AL.VLNPL2, LHL2] -> AL.MBL2 -> [ALL2, MBL2]",AL.VLNP,2,LH,2,AL,2,MB,2
201600,pure_LAT,LAT->LAT,LAT,LAT,0,0,4,2764,2,1.688,527,0.191,MB,3,2,2,"[INPL3, MB.VLNPL3] -> MBL3 -> [INP.VLNPL3, MB.SNPL3]",INP,3,MB.VLNP,3,INP.VLNP,3,MB.SNP,3
201160,pure_LAT,LAT->LAT,LAT,LAT,0,0,4,2764,2,1.877,460,0.166,MB,3,2,2,"[INP.VLNPL3, MB.VLNPL3] -> MBL3 -> [INP.MBL3, LH.MBL3]",INP.VLNP,3,MB.VLNP,3,INP.MB,3,LH.MB,3
201160,pure_LAT,LAT->LAT,LAT,LAT,0,0,4,2764,2,1.877,2221,0.804,MB,3,2,2,"[INP.VLNPL3, MB.VLNPL3] -> MBL3 -> [INP.MBL3, SNPL3]",INP.VLNP,3,MB.VLNP,3,INP.MB,3,SNP,3
201085,pure_LAT,LAT->LAT,LAT,LAT,0,0,4,187,12,4.735,39817,212.925,OL.VMNP,2,2,2,"[VLNPL2, VLNP.VMNPL2] -> OL.VMNPL2 -> [OLL2, OL.VLNPL2]",VLNP,2,VLNP.VMNP,2,OL,2,OL.VLNP,2
200800,pure_LAT,LAT->LAT,LAT,LAT,0,0,4,2764,2,1.878,460,0.166,MB,3,2,2,"[INP.MBL3, INP.VLNPL3] -> MBL3 -> [LH.MBL3, MB.VLNPL3]",INP.MB,3,INP.VLNP,3,LH.MB,3,MB.VLNP,3
200800,pure_LAT,LAT->LAT,LAT,LAT,0,0,4,2764,2,1.878,2221,0.804,MB,3,2,2,"[INP.MBL3, INP.VLNPL3] -> MBL3 -> [MB.VLNPL3, SNPL3]",INP.MB,3,INP.VLNP,3,MB.VLNP,3,SNP,3
199500,pure_LAT,LAT->LAT,LAT,LAT,0,0,4,2764,2,1.913,460,0.166,MB,3,2,2,"[INP.MBL3, MB.VLNPL3] -> MBL3 -> [INP.VLNPL3, LH.MBL3]",INP.MB,3,MB.VLNP,3,INP.VLNP,3,LH.MB,3
199500,pure_LAT,LAT->LAT,LAT,LAT,0,0,4,2764,2,1.913,2221,0.804,MB,3,2,2,"[INP.MBL3, MB.VLNPL3] -> MBL3 -> [INP.VLNPL3, SNPL3]",INP.MB,3,MB.VLNP,3,INP.VLNP,3,SNP,3
197650,pure_LAT,LAT->LAT,LAT,LAT,0,0,4,2764,2,1.888,460,0.166,MB,3,2,2,"[INP.VLNPL3, LH.MBL3] -> MBL3 -> [INP.MBL3, MB.VLNPL3]",INP.VLNP,3,LH.MB,3,INP.MB,3,MB.VLNP,3
197130,pure_LAT,LAT->LAT,LAT,LAT,0,0,4,2764,2,1.733,527,0.191,MB,3,2,2,"[INPL3, INP.VLNPL3] -> MBL3 -> [MB.SNPL3, MB.VLNPL3]",INP,3,INP.VLNP,3,MB.SNP,3,MB.VLNP,3
196476,pure_LAT,LAT->LAT,LAT,LAT,0,0,4,2764,2,1.923,460,0.166,MB,3,2,2,"[LH.MBL3, MB.VLNPL3] -> MBL3 -> [INP.MBL3, INP.VLNPL3]",LH.MB,3,MB.VLNP,3,INP.MB,3,INP.VLNP,3
196160,pure_LAT,LAT->LAT,LAT,LAT,0,0,4,178,1,1.0,4732,26.584,INP.MB,3,2,2,"[INP.VLNPL3, MBL3] -> INP.MBL3 -> [INP.LXL3, SNPL3]",INP.VLNP,3,MB,3,INP.LX,3,SNP,3
196160,pure_LAT,LAT->LAT,LAT,LAT,0,0,4,178,1,1.0,4725,26.545,INP.MB,3,2,2,"[INP.VLNPL3, MBL3] -> INP.MBL3 -> [LH.MBL3, SNPL3]",INP.VLNP,3,MB,3,LH.MB,3,SNP,3
196160,pure_LAT,LAT->LAT,LAT,LAT,0,0,4,178,1,1.0,4807,27.006,INP.MB,3,2,2,"[INP.VLNPL3, MBL3] -> INP.MBL3 -> [MB.VLNPL3, SNPL3]",INP.VLNP,3,MB,3,MB.VLNP,3,SNP,3
196140,pure_LAT,LAT->LAT,LAT,LAT,0,0,4,2764,2,1.924,460,0.166,MB,3,2,2,"[INP.MBL3, LH.MBL3] -> MBL3 -> [INP.VLNPL3, MB.VLNPL3]",INP.MB,3,LH.MB,3,INP.VLNP,3,MB.VLNP,3
192244,pure_LAT,LAT->LAT,LAT,LAT,0,0,4,93,3,2.0,5835,62.742,MB.SNP,3,2,2,"[LHL3, MBL3] -> MB.SNPL3 -> [LH.SNPL3, SNPL3]",LH,3,MB,3,LH.SNP,3,SNP,3
190995,pure_LAT,LAT->LAT,LAT,LAT,0,0,4,145,11,5.17,2904,20.028,AL.MB,2,2,2,"[ALL2, LH.MBL2] -> AL.MBL2 -> [LH.SNPL2, MBL2]",AL,2,LH.MB,2,LH.SNP,2,MB,2
188769,pure_LAT,LAT->LAT,LAT,LAT,0,0,4,2764,2,1.565,1212,0.438,MB,3,2,2,"[MB.SNPL3, VLNPL3] -> MBL3 -> [INP.MBL3, INP.VLNPL3]",MB.SNP,3,VLNP,3,INP.MB,3,INP.VLNP,3
186369,pure_LAT,LAT->LAT,LAT,LAT,0,0,4,187,18,3.129,39562,211.561,OL.VMNP,2,2,2,"[GNG.VMNPL2, VLNP.VMNPL2] -> OL.VMNPL2 -> [OLL2, OL.VLNPL2]",GNG.VMNP,2,VLNP.VMNP,2,OL,2,OL.VLNP,2
185640,pure_LAT,LAT->LAT,LAT,LAT,0,0,4,2764,1,1.0,609,0.22,MB,3,2,2,"[INP.MBL3, SNP.VLNPL3] -> MBL3 -> [INP.VLNPL3, MB.SNPL3]",INP.MB,3,SNP.VLNP,3,INP.VLNP,3,MB.SNP,3
178500,pure_LAT,LAT->LAT,LAT,LAT,0,0,4,2764,1,1.0,609,0.22,MB,3,2,2,"[INP.MBL3, MB.SNPL3] -> MBL3 -> [INP.VLNPL3, SNP.VLNPL3]",INP.MB,3,MB.SNP,3,INP.VLNP,3,SNP.VLNP,3
178500,pure_LAT,LAT->LAT,LAT,LAT,0,0,4,2764,1,1.0,609,0.22,MB,3,2,2,"[MB.SNPL3, SNP.VLNPL3] -> MBL3 -> [INP.MBL3, INP.VLNPL3]",MB.SNP,3,SNP.VLNP,3,INP.MB,3,INP.VLNP,3
177580,pure_LAT,LAT->LAT,LAT,LAT,0,0,4,2764,2,1.597,1212,0.438,MB,3,2,2,"[INP.VLNPL3, VLNPL3] -> MBL3 -> [INP.MBL3, MB.SNPL3]",INP.VLNP,3,VLNP,3,INP.MB,3,MB.SNP,3
176801,pure_LAT,LAT->LAT,LAT,LAT,0,0,4,2764,2,1.0,609,0.22,MB,3,2,2,"[INP.VLNPL3, SNP.VLNPL3] -> MBL3 -> [INP.MBL3, MB.SNPL3]",INP.VLNP,3,SNP.VLNP,3,INP.MB,3,MB.SNP,3
176800,pure_LAT,LAT->LAT,LAT,LAT,0,0,4,2764,1,1.0,609,0.22,MB,3,2,2,"[INP.MBL3, INP.VLNPL3] -> MBL3 -> [MB.SNPL3, SNP.VLNPL3]",INP.MB,3,INP.VLNP,3,MB.SNP,3,SNP.VLNP,3
175560,pure_LAT,LAT->LAT,LAT,LAT,0,0,4,2764,2,1.633,2136,0.773,MB,3,2,2,"[MB.SNPL3, SNPL3] -> MBL3 -> [INP.VLNPL3, MB.VLNPL3]",MB.SNP,3,SNP,3,INP.VLNP,3,MB.VLNP,3
174808,pure_LAT,LAT->LAT,LAT,LAT,0,0,4,187,6,3.488,39876,213.241,OL.VMNP,2,2,2,"[PENP.VMNPL2, VMNPL2] -> OL.VMNPL2 -> [OLL2, OL.VLNPL2]",PENP.VMNP,2,VMNP,2,OL,2,OL.VLNP,2
174090,pure_LAT,LAT->LAT,LAT,LAT,0,0,4,2764,2,1.642,1212,0.438,MB,3,2,2,"[INP.MBL3, VLNPL3] -> MBL3 -> [INP.VLNPL3, MB.SNPL3]",INP.MB,3,VLNP,3,INP.VLNP,3,MB.SNP,3
170000,pure_LAT,LAT->LAT,LAT,LAT,0,0,4,2764,1,1.0,609,0.22,MB,3,2,2,"[INP.VLNPL3, MB.SNPL3] -> MBL3 -> [INP.MBL3, SNP.VLNPL3]",INP.VLNP,3,MB.SNP,3,INP.MB,3,SNP.VLNP,3
165460,pure_LAT,LAT->LAT,LAT,LAT,0,0,4,2764,2,1.667,2136,0.773,MB,3,2,2,"[INP.VLNPL3, SNPL3] -> MBL3 -> [MB.SNPL3, MB.VLNPL3]",INP.VLNP,3,SNP,3,MB.SNP,3,MB.VLNP,3
163170,pure_LAT,LAT->LAT,LAT,LAT,0,0,4,2764,2,1.983,1182,0.428,MB,3,2,2,"[INP.MBL3, MB.SNPL3] -> MBL3 -> [INP.VLNPL3, LH.SNPL3]",INP.MB,3,MB.SNP,3,INP.VLNP,3,LH.SNP,3
162960,pure_LAT,LAT->LAT,LAT,LAT,0,0,4,2764,2,1.712,2136,0.773,MB,3,2,2,"[MB.VLNPL3, SNPL3] -> MBL3 -> [INP.VLNPL3, MB.SNPL3]",MB.VLNP,3,SNP,3,INP.VLNP,3,MB.SNP,3
162220,pure_LAT,LAT->LAT,LAT,LAT,0,0,4,2764,2,1.995,1182,0.428,MB,3,2,2,"[INP.VLNPL3, MB.SNPL3] -> MBL3 -> [INP.MBL3, LH.SNPL3]",INP.VLNP,3,MB.SNP,3,INP.MB,3,LH.SNP,3
160664,pure_LAT,LAT->LAT,LAT,LAT,0,0,4,145,11,4.236,3038,20.952,AL.MB,2,2,2,"[AL.LHL2, LH.MBL2] -> AL.MBL2 -> [ALL2, MBL2]",AL.LH,2,LH.MB,2,AL,2,MB,2
159003,pure_LAT,LAT->LAT,LAT,LAT,0,0,4,87,1,1.0,5471,62.885,MB.VLNP,3,2,2,"[INP.VLNPL3, VLNPL3] -> MB.VLNPL3 -> [MBL3, SNPL3]",INP.VLNP,3,VLNP,3,MB,3,SNP,3
158585,pure_LAT,LAT->LAT,LAT,LAT,0,0,4,145,7,3.842,3038,20.952,AL.MB,2,2,2,"[ALL2, AL.LHL2] -> AL.MBL2 -> [LH.MBL2, MBL2]",AL,2,AL.LH,2,LH.MB,2,MB,2
156800,pure_LAT,LAT->LAT,LAT,LAT,0,0,4,2764,2,1.968,1182,0.428,MB,3,2,2,"[INP.MBL3, INP.VLNPL3] -> MBL3 -> [LH.SNPL3, MB.SNPL3]",INP.MB,3,INP.VLNP,3,LH.SNP,3,MB.SNP,3
156328,pure_LAT,LAT->LAT,LAT,LAT,0,0,4,2764,3,1.96,2124,0.768,MB,3,2,2,"[INP.MBL3, MB.VLNPL3] -> MBL3 -> [MB.SNPL3, SNPL3]",INP.MB,3,MB.VLNP,3,MB.SNP,3,SNP,3
155276,pure_LAT,LAT->LAT,LAT,LAT,0,0,4,2764,2,1.92,363,0.131,MB,3,2,2,"[MB.SNPL3, MB.VLNPL3] -> MBL3 -> [INP.MBL3, LH.MBL3]",MB.SNP,3,MB.VLNP,3,INP.MB,3,LH.MB,3
155276,pure_LAT,LAT->LAT,LAT,LAT,0,0,4,2764,2,1.92,2124,0.768,MB,3,2,2,"[MB.SNPL3, MB.VLNPL3] -> MBL3 -> [INP.MBL3, SNPL3]",MB.SNP,3,MB.VLNP,3,INP.MB,3,SNP,3
155100,pure_LAT,LAT->LAT,LAT,LAT,0,0,4,2764,2,1.919,363,0.131,MB,3,2,2,"[INP.MBL3, MB.SNPL3] -> MBL3 -> [LH.MBL3, MB.VLNPL3]",INP.MB,3,MB.SNP,3,LH.MB,3,MB.VLNP,3
155100,pure_LAT,LAT->LAT,LAT,LAT,0,0,4,2764,2,1.919,2124,0.768,MB,3,2,2,"[INP.MBL3, MB.SNPL3] -> MBL3 -> [MB.VLNPL3, SNPL3]",INP.MB,3,MB.SNP,3,MB.VLNP,3,SNP,3
153560,pure_LAT,LAT->LAT,LAT,LAT,0,0,4,2764,2,1.909,363,0.131,MB,3,2,2,"[LH.MBL3, MB.SNPL3] -> MBL3 -> [INP.MBL3, MB.VLNPL3]",LH.MB,3,MB.SNP,3,INP.MB,3,MB.VLNP,3
153416,pure_LAT,LAT->LAT,LAT,LAT,0,0,4,2764,3,1.89,363,0.131,MB,3,2,2,"[INP.MBL3, MB.VLNPL3] -> MBL3 -> [LH.MBL3, MB.SNPL3]",INP.MB,3,MB.VLNP,3,LH.MB,3,MB.SNP,3
153036,pure_LAT,LAT->LAT,LAT,LAT,0,0,4,145,4,3.489,2940,20.276,AL.MB,2,2,2,"[ALL2, AL.SNPL2] -> AL.MBL2 -> [LHL2, MBL2]",AL,2,AL.SNP,2,LH,2,MB,2
150592,pure_LAT,LAT->LAT,LAT,LAT,0,0,4,2764,2,1.843,363,0.131,MB,3,2,2,"[LH.MBL3, MB.VLNPL3] -> MBL3 -> [INP.MBL3, MB.SNPL3]",LH.MB,3,MB.VLNP,3,INP.MB,3,MB.SNP,3
150440,pure_LAT,LAT->LAT,LAT,LAT,0,0,4,2764,2,1.842,363,0.131,MB,3,2,2,"[INP.MBL3, LH.MBL3] -> MBL3 -> [MB.SNPL3, MB.VLNPL3]",INP.MB,3,LH.MB,3,MB.SNP,3,MB.VLNP,3
148654,pure_LAT,LAT->LAT,LAT,LAT,0,0,4,214,9,4.123,2944,13.757,AL.LH,2,2,2,"[ALL2, AL.VLNPL2] -> AL.LHL2 -> [INP.MBL2, MBL2]",AL,2,AL.VLNP,2,INP.MB,2,MB,2
147766,pure_LAT,LAT->LAT,LAT,LAT,0,0,4,145,11,5.701,2917,20.117,AL.MB,2,2,2,"[ALL2, LH.MBL2] -> AL.MBL2 -> [LHL2, MBL2]",AL,2,LH.MB,2,LH,2,MB,2
145260,pure_LAT,LAT->LAT,LAT,LAT,0,0,4,26,3,1.98,11310,435.0,OL.VMNP,1,2,2,"[GNG.VMNPL1, VMNPL1] -> OL.VMNPL1 -> [OLL1, OL.VLNPL1]",GNG.VMNP,1,VMNP,1,OL,1,OL.VLNP,1
143361,pure_LAT,LAT->LAT,LAT,LAT,0,0,4,214,7,2.932,3721,17.388,AL.LH,2,2,2,"[ALL2, GNGL2] -> AL.LHL2 -> [LHL2, MBL2]",AL,2,GNG,2,LH,2,MB,2
143220,pure_LAT,LAT->LAT,LAT,LAT,0,0,4,2764,2,1.776,954,0.345,MB,3,2,2,"[LHL3, MB.SNPL3] -> MBL3 -> [INP.VLNPL3, MB.VLNPL3]",LH,3,MB.SNP,3,INP.VLNP,3,MB.VLNP,3
141628,pure_LAT,LAT->LAT,LAT,LAT,0,0,4,178,2,1.781,3120,17.528,INP.MB,3,2,2,"[MBL3, MB.VLNPL3] -> INP.MBL3 -> [INP.SNPL3, MB.SNPL3]",MB,3,MB.VLNP,3,INP.SNP,3,MB.SNP,3
135535,pure_LAT,LAT->LAT,LAT,LAT,0,0,4,2764,2,1.809,954,0.345,MB,3,2,2,"[INP.VLNPL3, LHL3] -> MBL3 -> [MB.SNPL3, MB.VLNPL3]",INP.VLNP,3,LH,3,MB.SNP,3,MB.VLNP,3
134542,pure_LAT,LAT->LAT,LAT,LAT,0,0,4,87,2,1.0,3883,44.632,MB.VLNP,3,2,2,"[INP.VLNPL3, VLNPL3] -> MB.VLNPL3 -> [INP.MBL3, MBL3]",INP.VLNP,3,VLNP,3,INP.MB,3,MB,3
134232,pure_LAT,LAT->LAT,LAT,LAT,0,0,4,2764,2,1.851,954,0.345,MB,3,2,2,"[LHL3, MB.VLNPL3] -> MBL3 -> [INP.VLNPL3, MB.SNPL3]",LH,3,MB.VLNP,3,INP.VLNP,3,MB.SNP,3
133667,pure_LAT,LAT->LAT,LAT,LAT,0,0,4,187,8,2.776,39760,212.62,OL.VMNP,2,2,2,"[LX.VMNPL2, VLNPL2] -> OL.VMNPL2 -> [OLL2, OL.VLNPL2]",LX.VMNP,2,VLNP,2,OL,2,OL.VLNP,2
132107,pure_LAT,LAT->LAT,LAT,LAT,0,0,4,145,9,4.57,2907,20.048,AL.MB,2,2,2,"[ALL2, LH.MBL2] -> AL.MBL2 -> [INP.MBL2, MBL2]",AL,2,LH.MB,2,INP.MB,2,MB,2
129325,pure_LAT,LAT->LAT,LAT,LAT,0,0,4,178,3,1.632,4799,26.961,INP.MB,3,2,2,"[MBL3, MB.SNPL3] -> INP.MBL3 -> [INP.SNPL3, SNPL3]",MB,3,MB.SNP,3,INP.SNP,3,SNP,3
128895,pure_LAT,LAT->LAT,LAT,LAT,0,0,4,187,10,4.947,40266,215.326,OL.VMNP,2,2,2,"[GNGL2, VLNP.VMNPL2] -> OL.VMNPL2 -> [OLL2, OL.VLNPL2]",GNG,2,VLNP.VMNP,2,OL,2,OL.VLNP,2
126578,pure_LAT,LAT->LAT,LAT,LAT,0,0,4,214,16,4.176,3047,14.238,AL.LH,2,2,2,"[ALL2, AL.MBL2] -> AL.LHL2 -> [INP.MBL2, MBL2]",AL,2,AL.MB,2,INP.MB,2,MB,2
126360,pure_LAT,LAT->LAT,LAT,LAT,0,0,4,2764,1,1.0,1039,0.376,MB,3,2,2,"[INP.VLNPL3, MB.VLNPL3] -> MBL3 -> [INP.MBL3, LHL3]",INP.VLNP,3,MB.VLNP,3,INP.MB,3,LH,3
126360,pure_LAT,LAT->LAT,LAT,LAT,0,0,4,2764,1,1.0,597,0.216,MB,3,2,2,"[INP.VLNPL3, MB.VLNPL3] -> MBL3 -> [INP.MBL3, VLNP.VMNPL3]",INP.VLNP,3,MB.VLNP,3,INP.MB,3,VLNP.VMNP,3
126360,pure_LAT,LAT->LAT,LAT,LAT,0,0,4,2764,1,1.0,829,0.3,MB,3,2,2,"[INP.VLNPL3, MB.VLNPL3] -> MBL3 -> [INP.MBL3, VMNPL3]",INP.VLNP,3,MB.VLNP,3,INP.MB,3,VMNP,3
126000,pure_LAT,LAT->LAT,LAT,LAT,0,0,4,2764,1,1.0,1039,0.376,MB,3,2,2,"[INP.MBL3, INP.VLNPL3] -> MBL3 -> [LHL3, MB.VLNPL3]",INP.MB,3,INP.VLNP,3,LH,3,MB.VLNP,3
126000,pure_LAT,LAT->LAT,LAT,LAT,0,0,4,2764,1,1.0,597,0.216,MB,3,2,2,"[INP.MBL3, INP.VLNPL3] -> MBL3 -> [MB.VLNPL3, VLNP.VMNPL3]",INP.MB,3,INP.VLNP,3,MB.VLNP,3,VLNP.VMNP,3
126000,pure_LAT,LAT->LAT,LAT,LAT,0,0,4,2764,1,1.0,829,0.3,MB,3,2,2,"[INP.MBL3, INP.VLNPL3] -> MBL3 -> [MB.VLNPL3, VMNPL3]",INP.MB,3,INP.VLNP,3,MB.VLNP,3,VMNP,3
125255,pure_LAT,LAT->LAT,LAT,LAT,0,0,4,187,7,4.753,39820,212.941,OL.VMNP,2,2,2,"[GNG.VLNPL2, VMNPL2] -> OL.VMNPL2 -> [OLL2, OL.VLNPL2]",GNG.VLNP,2,VMNP,2,OL,2,OL.VLNP,2
122850,pure_LAT,LAT->LAT,LAT,LAT,0,0,4,2764,1,1.0,456,0.165,MB,3,2,2,"[AL.MBL3, INP.VLNPL3] -> MBL3 -> [INP.MBL3, MB.VLNPL3]",AL.MB,3,INP.VLNP,3,INP.MB,3,MB.VLNP,3
122752,pure_LAT,LAT->LAT,LAT,LAT,0,0,4,145,1,1.0,2908,20.055,AL.MB,2,2,2,"[ALL2, AL.GNGL2] -> AL.MBL2 -> [INP.MBL2, MBL2]",AL,2,AL.GNG,2,INP.MB,2,MB,2
122752,pure_LAT,LAT->LAT,LAT,LAT,0,0,4,145,1,1.0,2911,20.076,AL.MB,2,2,2,"[ALL2, LH.VLNPL2] -> AL.MBL2 -> [INP.MBL2, MBL2]",AL,2,LH.VLNP,2,INP.MB,2,MB,2
120960,pure_LAT,LAT->LAT,LAT,LAT,0,0,4,2764,1,1.0,1039,0.376,MB,3,2,2,"[INP.MBL3, MB.VLNPL3] -> MBL3 -> [INP.VLNPL3, LHL3]",INP.MB,3,MB.VLNP,3,INP.VLNP,3,LH,3
120960,pure_LAT,LAT->LAT,LAT,LAT,0,0,4,2764,1,1.0,597,0.216,MB,3,2,2,"[INP.MBL3, MB.VLNPL3] -> MBL3 -> [INP.VLNPL3, VLNP.VMNPL3]",INP.MB,3,MB.VLNP,3,INP.VLNP,3,VLNP.VMNP,3
120960,pure_LAT,LAT->LAT,LAT,LAT,0,0,4,2764,1,1.0,829,0.3,MB,3,2,2,"[INP.MBL3, MB.VLNPL3] -> MBL3 -> [INP.VLNPL3, VMNPL3]",INP.MB,3,MB.VLNP,3,INP.VLNP,3,VMNP,3
120120,pure_LAT,LAT->LAT,LAT,LAT,0,0,4,2764,2,1.451,512,0.185,MB,3,2,2,"[MB.SNPL3, VLNP.VMNPL3] -> MBL3 -> [INP.VLNPL3, MB.VLNPL3]",MB.SNP,3,VLNP.VMNP,3,INP.VLNP,3,MB.VLNP,3
119720,pure_LAT,LAT->LAT,LAT,LAT,0,0,4,2764,2,1.845,466,0.169,MB,3,2,2,"[INP.VLNPL3, MB.SNPL3] -> MBL3 -> [INP.MBL3, LH.MBL3]",INP.VLNP,3,MB.SNP,3,INP.MB,3,LH.MB,3
119720,pure_LAT,LAT->LAT,LAT,LAT,0,0,4,2764,2,1.845,2227,0.806,MB,3,2,2,"[INP.VLNPL3, MB.SNPL3] -> MBL3 -> [INP.MBL3, SNPL3]",INP.VLNP,3,MB.SNP,3,INP.MB,3,SNP,3
