motif_count,hourglass_type,signature,fanin_sig,fanout_sig,n_FWD,n_BWD,n_LAT,n_waist,n_waist_active,n_waist_eff,n_periphery,compression,bottleneck_area,bottleneck_level,k_in,k_out,structure_str,fan_in_0_area,fan_in_0_level,fan_in_1_area,fan_in_1_level,fan_out_0_area,fan_out_0_level,fan_out_1_area,fan_out_1_level
5763648,mixed,mix->FWD,mix,FWD,2,1,1,1802,12,2.774,1271,0.705,AL,1,2,2,"[ALL2, AL.GNGL1] -> ALL1 -> [AL.LHL2, AL.MBL2]",AL,2,AL.GNG,1,AL.LH,2,AL.MB,2
4590874,mixed,mix->FWD,mix,FWD,2,1,1,1802,60,3.578,1271,0.705,AL,1,2,2,"[ALL2, AL.PENPL1] -> ALL1 -> [AL.LHL2, AL.MBL2]",AL,2,AL.PENP,1,AL.LH,2,AL.MB,2
2868608,mixed,BWD->FWD,BWD,FWD,2,2,0,1802,34,4.356,1309,0.726,AL,1,2,2,"[ALL2, AL.VLNPL2] -> ALL1 -> [AL.LHL2, AL.MBL2]",AL,2,AL.VLNP,2,AL.LH,2,AL.MB,2
2827241,mixed,BWD->FWD,BWD,FWD,2,2,0,1802,55,6.139,1309,0.726,AL,1,2,2,"[ALL2, AL.LHL2] -> ALL1 -> [AL.MBL2, AL.VLNPL2]",AL,2,AL.LH,2,AL.MB,2,AL.VLNP,2
2667240,mixed,BWD->FWD,BWD,FWD,2,2,0,1802,39,4.028,1309,0.726,AL,1,2,2,"[ALL2, AL.MBL2] -> ALL1 -> [AL.LHL2, AL.VLNPL2]",AL,2,AL.MB,2,AL.LH,2,AL.VLNP,2
2086715,mixed,BWD->FWD,BWD,FWD,2,2,0,1802,28,4.532,1309,0.726,AL,1,2,2,"[AL.LHL2, AL.VLNPL2] -> ALL1 -> [ALL2, AL.MBL2]",AL.LH,2,AL.VLNP,2,AL,2,AL.MB,2
2072196,mixed,mix->FWD,mix,FWD,2,1,1,1802,17,5.002,1270,0.705,AL,1,2,2,"[ALL2, AL.SNPL1] -> ALL1 -> [AL.LHL2, AL.MBL2]",AL,2,AL.SNP,1,AL.LH,2,AL.MB,2
2044396,mixed,mix->FWD,mix,FWD,2,1,1,1802,31,4.89,1270,0.705,AL,1,2,2,"[ALL2, AL.INPL1] -> ALL1 -> [AL.LHL2, AL.MBL2]",AL,2,AL.INP,1,AL.LH,2,AL.MB,2
1933632,mixed,mix->FWD,mix,FWD,2,1,1,1802,10,4.385,1270,0.705,AL,1,2,2,"[ALL2, AL.LHL1] -> ALL1 -> [AL.LHL2, AL.MBL2]",AL,2,AL.LH,1,AL.LH,2,AL.MB,2
1749134,mixed,BWD->FWD,BWD,FWD,2,2,0,1802,7,2.257,2076,1.152,AL,1,2,2,"[ALL2, GNGL2] -> ALL1 -> [AL.LHL2, AL.MBL2]",AL,2,GNG,2,AL.LH,2,AL.MB,2
1557101,mixed,mix->FWD,mix,FWD,2,1,1,1802,34,7.94,1271,0.705,AL,1,2,2,"[AL.LHL2, AL.PENPL1] -> ALL1 -> [ALL2, AL.MBL2]",AL.LH,2,AL.PENP,1,AL,2,AL.MB,2
1295540,mixed,BWD->FWD,BWD,FWD,2,2,0,1802,9,2.78,1360,0.755,AL,1,2,2,"[ALL2, LHL2] -> ALL1 -> [AL.LHL2, AL.MBL2]",AL,2,LH,2,AL.LH,2,AL.MB,2
1222735,mixed,mix->FWD,mix,FWD,2,1,1,1802,11,6.304,1271,0.705,AL,1,2,2,"[AL.GNGL1, AL.LHL2] -> ALL1 -> [ALL2, AL.MBL2]",AL.GNG,1,AL.LH,2,AL,2,AL.MB,2
1191910,mixed,BWD->FWD,BWD,FWD,2,2,0,1802,22,4.383,1309,0.726,AL,1,2,2,"[AL.MBL2, AL.VLNPL2] -> ALL1 -> [ALL2, AL.LHL2]",AL.MB,2,AL.VLNP,2,AL,2,AL.LH,2
1184757,mixed,BWD->FWD,BWD,FWD,2,2,0,1802,35,7.561,1309,0.726,AL,1,2,2,"[AL.LHL2, AL.MBL2] -> ALL1 -> [ALL2, AL.VLNPL2]",AL.LH,2,AL.MB,2,AL,2,AL.VLNP,2
1139916,mixed,mix->FWD,mix,FWD,2,1,1,1802,31,7.639,1271,0.705,AL,1,2,2,"[AL.MBL2, AL.PENPL1] -> ALL1 -> [ALL2, AL.LHL2]",AL.MB,2,AL.PENP,1,AL,2,AL.LH,2
1079289,mixed,mix->FWD,mix,FWD,2,1,1,1802,9,3.729,1271,0.705,AL,1,2,2,"[AL.GNGL1, AL.MBL2] -> ALL1 -> [ALL2, AL.LHL2]",AL.GNG,1,AL.MB,2,AL,2,AL.LH,2
965353,mixed,BWD->FWD,BWD,FWD,2,2,0,1802,6,2.327,1273,0.706,AL,1,2,2,"[ALL2, AL.MBL2] -> ALL1 -> [AL.GNGL2, AL.LHL2]",AL,2,AL.MB,2,AL.GNG,2,AL.LH,2
938766,mixed,BWD->FWD,BWD,FWD,2,2,0,1802,10,3.95,1295,0.719,AL,1,2,2,"[ALL2, AL.SNPL2] -> ALL1 -> [AL.LHL2, AL.MBL2]",AL,2,AL.SNP,2,AL.LH,2,AL.MB,2
900254,mixed,mix->FWD,mix,FWD,2,1,1,1802,17,8.306,1270,0.705,AL,1,2,2,"[AL.LHL2, AL.SNPL1] -> ALL1 -> [ALL2, AL.MBL2]",AL.LH,2,AL.SNP,1,AL,2,AL.MB,2
34601831,mixed,mix->mix,mix,mix,2,0,2,908,92,14.553,2197,2.42,AL,2,2,2,"[ALL1, AL.LHL2] -> ALL2 -> [ALL3, AL.MBL2]",AL,1,AL.LH,2,AL,3,AL.MB,2
33807174,mixed,mix->LAT,mix,LAT,1,1,2,908,129,11.678,2197,2.42,AL,2,2,2,"[ALL1, ALL3] -> ALL2 -> [AL.LHL2, AL.MBL2]",AL,1,AL,3,AL.LH,2,AL.MB,2
28866748,mixed,mix->mix,mix,mix,2,0,2,908,92,25.432,2197,2.42,AL,2,2,2,"[ALL1, AL.MBL2] -> ALL2 -> [ALL3, AL.LHL2]",AL,1,AL.MB,2,AL,3,AL.LH,2
25810739,mixed,LAT->mix,LAT,mix,1,1,2,908,95,14.453,2197,2.42,AL,2,2,2,"[AL.LHL2, AL.MBL2] -> ALL2 -> [ALL1, ALL3]",AL.LH,2,AL.MB,2,AL,1,AL,3
17012396,mixed,mix->mix,mix,mix,0,2,2,908,102,21.969,2197,2.42,AL,2,2,2,"[ALL3, AL.MBL2] -> ALL2 -> [ALL1, AL.LHL2]",AL,3,AL.MB,2,AL,1,AL.LH,2
16752204,mixed,mix->mix,mix,mix,0,2,2,908,101,23.676,2197,2.42,AL,2,2,2,"[ALL3, AL.LHL2] -> ALL2 -> [ALL1, AL.MBL2]",AL,3,AL.LH,2,AL,1,AL.MB,2
15838771,mixed,mix->LAT,mix,LAT,1,0,3,908,45,5.345,2203,2.426,AL,2,2,2,"[ALL1, AL.VLNPL2] -> ALL2 -> [AL.LHL2, AL.MBL2]",AL,1,AL.VLNP,2,AL.LH,2,AL.MB,2
8388908,mixed,mix->LAT,mix,LAT,1,0,3,908,67,11.595,2203,2.426,AL,2,2,2,"[ALL1, AL.LHL2] -> ALL2 -> [AL.MBL2, AL.VLNPL2]",AL,1,AL.LH,2,AL.MB,2,AL.VLNP,2
7498937,mixed,mix->LAT,mix,LAT,1,0,3,908,65,10.574,2203,2.426,AL,2,2,2,"[ALL1, AL.MBL2] -> ALL2 -> [AL.LHL2, AL.VLNPL2]",AL,1,AL.MB,2,AL.LH,2,AL.VLNP,2
6051266,mixed,mix->mix,mix,mix,2,0,2,908,37,4.807,2025,2.23,AL,2,2,2,"[ALL1, AL.VLNPL2] -> ALL2 -> [ALL3, AL.MBL2]",AL,1,AL.VLNP,2,AL,3,AL.MB,2
5320131,mixed,LAT->mix,LAT,mix,0,1,3,908,38,10.53,2203,2.426,AL,2,2,2,"[AL.LHL2, AL.VLNPL2] -> ALL2 -> [ALL1, AL.MBL2]",AL.LH,2,AL.VLNP,2,AL,1,AL.MB,2
5017292,mixed,LAT->mix,LAT,mix,0,1,3,908,36,8.397,2203,2.426,AL,2,2,2,"[AL.MBL2, AL.VLNPL2] -> ALL2 -> [ALL1, AL.LHL2]",AL.MB,2,AL.VLNP,2,AL,1,AL.LH,2
4841131,mixed,FWD->LAT,FWD,LAT,2,0,2,908,76,9.789,2165,2.384,AL,2,2,2,"[ALL1, AL.PENPL1] -> ALL2 -> [AL.LHL2, AL.MBL2]",AL,1,AL.PENP,1,AL.LH,2,AL.MB,2
4401685,mixed,LAT->mix,LAT,mix,0,1,3,908,71,16.5,2203,2.426,AL,2,2,2,"[AL.LHL2, AL.MBL2] -> ALL2 -> [ALL1, AL.VLNPL2]",AL.LH,2,AL.MB,2,AL,1,AL.VLNP,2
4350933,mixed,FWD->LAT,FWD,LAT,2,0,2,908,56,11.779,2164,2.383,AL,2,2,2,"[ALL1, AL.SNPL1] -> ALL2 -> [AL.LHL2, AL.MBL2]",AL,1,AL.SNP,1,AL.LH,2,AL.MB,2
4173164,mixed,mix->mix,mix,mix,2,0,2,908,30,2.65,2235,2.461,AL,2,2,2,"[ALL1, AL.MBL2] -> ALL2 -> [AL.LHL2, AL.LHL3]",AL,1,AL.MB,2,AL.LH,2,AL.LH,3
4006945,mixed,FWD->LAT,FWD,LAT,2,0,2,908,69,11.905,2164,2.383,AL,2,2,2,"[ALL1, AL.INPL1] -> ALL2 -> [AL.LHL2, AL.MBL2]",AL,1,AL.INP,1,AL.LH,2,AL.MB,2
3697572,mixed,mix->mix,mix,mix,2,0,2,908,44,5.175,2094,2.306,AL,2,2,2,"[ALL1, AL.VLNPL2] -> ALL2 -> [ALL3, AL.LHL2]",AL,1,AL.VLNP,2,AL,3,AL.LH,2
3218026,mixed,mix->LAT,mix,LAT,1,0,3,908,21,4.531,2167,2.387,AL,2,2,2,"[ALL1, AL.LHL2] -> ALL2 -> [AL.MBL2, AL.VMNPL2]",AL,1,AL.LH,2,AL.MB,2,AL.VMNP,2
3087916,mixed,mix->mix,mix,mix,2,0,2,908,35,2.853,2235,2.461,AL,2,2,2,"[ALL1, AL.LHL2] -> ALL2 -> [AL.LHL3, AL.MBL2]",AL,1,AL.LH,2,AL.LH,3,AL.MB,2
682342,mixed,FWD->BWD,FWD,BWD,2,2,0,36,18,2.956,1309,36.361,AL,3,2,2,"[AL.LHL2, AL.MBL2] -> ALL3 -> [ALL2, AL.VLNPL2]",AL.LH,2,AL.MB,2,AL,2,AL.VLNP,2
668208,mixed,FWD->BWD,FWD,BWD,2,2,0,36,18,2.611,1309,36.361,AL,3,2,2,"[ALL2, AL.MBL2] -> ALL3 -> [AL.LHL2, AL.VLNPL2]",AL,2,AL.MB,2,AL.LH,2,AL.VLNP,2
389545,mixed,FWD->BWD,FWD,BWD,2,2,0,36,18,2.809,1309,36.361,AL,3,2,2,"[ALL2, AL.LHL2] -> ALL3 -> [AL.MBL2, AL.VLNPL2]",AL,2,AL.LH,2,AL.MB,2,AL.VLNP,2
313539,mixed,FWD->mix,FWD,mix,2,1,1,36,15,7.06,1341,37.25,AL,3,2,2,"[AL.LHL2, AL.MBL2] -> ALL3 -> [ALL2, AL.LHL3]",AL.LH,2,AL.MB,2,AL,2,AL.LH,3
295760,mixed,FWD->mix,FWD,mix,2,1,1,36,15,6.944,1341,37.25,AL,3,2,2,"[ALL2, AL.MBL2] -> ALL3 -> [AL.LHL2, AL.LHL3]",AL,2,AL.MB,2,AL.LH,2,AL.LH,3
238836,mixed,FWD->mix,FWD,mix,2,1,1,36,13,7.509,1277,35.472,AL,3,2,2,"[AL.LHL2, AL.MBL2] -> ALL3 -> [ALL2, AL.SNPL3]",AL.LH,2,AL.MB,2,AL,2,AL.SNP,3
203315,mixed,FWD->mix,FWD,mix,2,1,1,36,13,8.451,1277,35.472,AL,3,2,2,"[ALL2, AL.MBL2] -> ALL3 -> [AL.LHL2, AL.SNPL3]",AL,2,AL.MB,2,AL.LH,2,AL.SNP,3
186556,mixed,FWD->mix,FWD,mix,2,1,1,36,15,6.297,1341,37.25,AL,3,2,2,"[ALL2, AL.LHL2] -> ALL3 -> [AL.LHL3, AL.MBL2]",AL,2,AL.LH,2,AL.LH,3,AL.MB,2
151980,mixed,FWD->BWD,FWD,BWD,2,2,0,36,7,2.975,1360,37.778,AL,3,2,2,"[ALL2, AL.MBL2] -> ALL3 -> [AL.LHL2, LHL2]",AL,2,AL.MB,2,AL.LH,2,LH,2
151002,mixed,FWD->mix,FWD,mix,2,1,1,36,13,6.116,1277,35.472,AL,3,2,2,"[ALL2, AL.LHL2] -> ALL3 -> [AL.MBL2, AL.SNPL3]",AL,2,AL.LH,2,AL.MB,2,AL.SNP,3
146583,mixed,FWD->BWD,FWD,BWD,2,2,0,36,7,3.038,1360,37.778,AL,3,2,2,"[AL.LHL2, AL.MBL2] -> ALL3 -> [ALL2, LHL2]",AL.LH,2,AL.MB,2,AL,2,LH,2
140241,mixed,FWD->BWD,FWD,BWD,2,2,0,36,3,1.358,1309,36.361,AL,3,2,2,"[AL.MBL2, AL.VLNPL2] -> ALL3 -> [ALL2, AL.LHL2]",AL.MB,2,AL.VLNP,2,AL,2,AL.LH,2
139801,mixed,FWD->BWD,FWD,BWD,2,2,0,36,3,1.35,1295,35.972,AL,3,2,2,"[AL.MBL2, AL.SNPL2] -> ALL3 -> [ALL2, AL.LHL2]",AL.MB,2,AL.SNP,2,AL,2,AL.LH,2
116123,mixed,FWD->BWD,FWD,BWD,2,2,0,36,4,2.058,1273,35.361,AL,3,2,2,"[AL.LHL2, AL.MBL2] -> ALL3 -> [ALL2, AL.VMNPL2]",AL.LH,2,AL.MB,2,AL,2,AL.VMNP,2
113072,mixed,FWD->BWD,FWD,BWD,2,2,0,36,4,1.836,1273,35.361,AL,3,2,2,"[ALL2, AL.MBL2] -> ALL3 -> [AL.LHL2, AL.VMNPL2]",AL,2,AL.MB,2,AL.LH,2,AL.VMNP,2
87424,mixed,FWD->BWD,FWD,BWD,2,2,0,36,5,2.028,1360,37.778,AL,3,2,2,"[AL.MBL2, LHL2] -> ALL3 -> [ALL2, AL.LHL2]",AL.MB,2,LH,2,AL,2,AL.LH,2
84600,mixed,FWD->BWD,FWD,BWD,2,2,0,36,7,2.956,1360,37.778,AL,3,2,2,"[ALL2, AL.LHL2] -> ALL3 -> [AL.MBL2, LHL2]",AL,2,AL.LH,2,AL.MB,2,LH,2
81216,mixed,FWD->mix,FWD,mix,2,1,1,36,1,1.0,1269,35.25,AL,3,2,2,"[ALL2, AL.MBL2] -> ALL3 -> [AL.LHL2, AL.VMNPL3]",AL,2,AL.MB,2,AL.LH,2,AL.VMNP,3
77315,mixed,FWD->mix,FWD,mix,2,1,1,36,1,1.0,1269,35.25,AL,3,2,2,"[AL.LHL2, AL.MBL2] -> ALL3 -> [ALL2, AL.VMNPL3]",AL.LH,2,AL.MB,2,AL,2,AL.VMNP,3
76830,mixed,FWD->BWD,FWD,BWD,2,2,0,36,4,1.226,1309,36.361,AL,3,2,2,"[ALL2, AL.VLNPL2] -> ALL3 -> [AL.LHL2, AL.MBL2]",AL,2,AL.VLNP,2,AL.LH,2,AL.MB,2
2989,mixed,BWD->FWD,BWD,FWD,2,2,0,4,3,1.825,1174,293.5,AL.GNG,1,2,2,"[AL.VMNPL2, GNGL2] -> AL.GNGL1 -> [AL.LHL2, AL.MBL2]",AL.VMNP,2,GNG,2,AL.LH,2,AL.MB,2
2986,mixed,BWD->FWD,BWD,FWD,2,2,0,4,2,1.822,1261,315.25,AL.GNG,1,2,2,"[GNGL2, GNG.PENPL2] -> AL.GNGL1 -> [AL.LHL2, AL.MBL2]",GNG,2,GNG.PENP,2,AL.LH,2,AL.MB,2
2012,mixed,BWD->FWD,BWD,FWD,2,2,0,4,3,2.011,2076,519.0,AL.GNG,1,2,2,"[ALL2, GNGL2] -> AL.GNGL1 -> [AL.LHL2, AL.MBL2]",AL,2,GNG,2,AL.LH,2,AL.MB,2
1658,mixed,BWD->mix,BWD,mix,1,2,1,4,4,2.047,2831,707.75,AL.GNG,1,2,2,"[AL.VMNPL2, GNGL2] -> AL.GNGL1 -> [ALL1, AL.LHL2]",AL.VMNP,2,GNG,2,AL,1,AL.LH,2
1638,mixed,BWD->mix,BWD,mix,1,2,1,4,2,1.999,2918,729.5,AL.GNG,1,2,2,"[GNGL2, GNG.PENPL2] -> AL.GNGL1 -> [ALL1, AL.LHL2]",GNG,2,GNG.PENP,2,AL,1,AL.LH,2
1497,mixed,mix->FWD,mix,FWD,2,1,1,4,3,1.832,2970,742.5,AL.GNG,1,2,2,"[ALL1, GNGL2] -> AL.GNGL1 -> [AL.LHL2, AL.MBL2]",AL,1,GNG,2,AL.LH,2,AL.MB,2
1468,mixed,BWD->FWD,BWD,FWD,2,2,0,4,2,1.991,458,114.5,AL.GNG,1,2,2,"[AL.VMNPL2, GNG.PENPL2] -> AL.GNGL1 -> [AL.LHL2, AL.MBL2]",AL.VMNP,2,GNG.PENP,2,AL.LH,2,AL.MB,2
1330,mixed,BWD->mix,BWD,mix,1,2,1,4,4,2.153,3733,933.25,AL.GNG,1,2,2,"[ALL2, GNGL2] -> AL.GNGL1 -> [ALL1, AL.LHL2]",AL,2,GNG,2,AL,1,AL.LH,2
1230,mixed,BWD->mix,BWD,mix,1,2,1,4,3,1.783,2762,690.5,AL.GNG,1,2,2,"[AL.VMNPL2, GNGL2] -> AL.GNGL1 -> [ALL1, AL.MBL2]",AL.VMNP,2,GNG,2,AL,1,AL.MB,2
1218,mixed,BWD->mix,BWD,mix,1,2,1,4,2,1.748,2849,712.25,AL.GNG,1,2,2,"[GNGL2, GNG.PENPL2] -> AL.GNGL1 -> [ALL1, AL.MBL2]",GNG,2,GNG.PENP,2,AL,1,AL.MB,2
1094,mixed,BWD->FWD,BWD,FWD,2,2,0,4,3,1.925,1273,318.25,AL.GNG,1,2,2,"[ALL2, AL.VMNPL2] -> AL.GNGL1 -> [AL.LHL2, AL.MBL2]",AL,2,AL.VMNP,2,AL.LH,2,AL.MB,2
1076,mixed,BWD->FWD,BWD,FWD,2,2,0,4,2,1.863,1360,340.0,AL.GNG,1,2,2,"[ALL2, GNG.PENPL2] -> AL.GNGL1 -> [AL.LHL2, AL.MBL2]",AL,2,GNG.PENP,2,AL.LH,2,AL.MB,2
1041,mixed,BWD->mix,BWD,mix,1,2,1,4,3,1.462,2970,742.5,AL.GNG,1,2,2,"[AL.LHL2, GNGL2] -> AL.GNGL1 -> [ALL1, AL.MBL2]",AL.LH,2,GNG,2,AL,1,AL.MB,2
868,mixed,BWD->mix,BWD,mix,1,2,1,4,2,1.903,2115,528.75,AL.GNG,1,2,2,"[AL.VMNPL2, GNG.PENPL2] -> AL.GNGL1 -> [ALL1, AL.LHL2]",AL.VMNP,2,GNG.PENP,2,AL,1,AL.LH,2
856,mixed,BWD->mix,BWD,mix,1,2,1,4,3,1.038,2970,742.5,AL.GNG,1,2,2,"[AL.MBL2, GNGL2] -> AL.GNGL1 -> [ALL1, AL.LHL2]",AL.MB,2,GNG,2,AL,1,AL.LH,2
822,mixed,BWD->mix,BWD,mix,1,2,1,4,3,2.112,3664,916.0,AL.GNG,1,2,2,"[ALL2, GNGL2] -> AL.GNGL1 -> [ALL1, AL.MBL2]",AL,2,GNG,2,AL,1,AL.MB,2
816,mixed,BWD->mix,BWD,mix,1,2,1,4,4,2.091,2930,732.5,AL.GNG,1,2,2,"[ALL2, AL.VMNPL2] -> AL.GNGL1 -> [ALL1, AL.LHL2]",AL,2,AL.VMNP,2,AL,1,AL.LH,2
746,mixed,mix->FWD,mix,FWD,2,1,1,4,3,2.055,2167,541.75,AL.GNG,1,2,2,"[ALL1, AL.VMNPL2] -> AL.GNGL1 -> [AL.LHL2, AL.MBL2]",AL,1,AL.VMNP,2,AL.LH,2,AL.MB,2
734,mixed,mix->FWD,mix,FWD,2,1,1,4,2,1.991,2254,563.5,AL.GNG,1,2,2,"[ALL1, GNG.PENPL2] -> AL.GNGL1 -> [AL.LHL2, AL.MBL2]",AL,1,GNG.PENP,2,AL.LH,2,AL.MB,2
700,mixed,BWD->mix,BWD,mix,1,2,1,4,2,1.574,3017,754.25,AL.GNG,1,2,2,"[ALL2, GNG.PENPL2] -> AL.GNGL1 -> [ALL1, AL.LHL2]",AL,2,GNG.PENP,2,AL,1,AL.LH,2
4704,mixed,mix->mix,mix,mix,2,0,2,6,1,1.0,4139,689.833,AL.GNG,2,2,2,"[ALL1, ALL2] -> AL.GNGL2 -> [GNGL3, PENPL2]",AL,1,AL,2,GNG,3,PENP,2
3136,mixed,mix->mix,mix,mix,2,0,2,6,1,1.0,4386,731.0,AL.GNG,2,2,2,"[ALL1, ALL2] -> AL.GNGL2 -> [GNGL2, GNGL3]",AL,1,AL,2,GNG,2,GNG,3
2940,mixed,mix->mix,mix,mix,2,0,2,6,1,1.0,4040,673.333,AL.GNG,2,2,2,"[ALL1, GNGL2] -> AL.GNGL2 -> [GNGL3, PENPL2]",AL,1,GNG,2,GNG,3,PENP,2
2688,mixed,mix->LAT,mix,LAT,1,0,3,6,1,1.0,4081,680.167,AL.GNG,2,2,2,"[ALL1, ALL2] -> AL.GNGL2 -> [GNGL2, PENPL2]",AL,1,AL,2,GNG,2,PENP,2
2352,mixed,mix->FWD,mix,FWD,3,0,1,6,1,1.0,4238,706.333,AL.GNG,2,2,2,"[ALL1, ALL2] -> AL.GNGL2 -> [GNGL3, PENPL3]",AL,1,AL,2,GNG,3,PENP,3
2352,mixed,mix->mix,mix,mix,2,0,2,6,1,1.0,3445,574.167,AL.GNG,2,2,2,"[ALL1, AL.LHL2] -> AL.GNGL2 -> [GNGL3, PENPL2]",AL,1,AL.LH,2,GNG,3,PENP,2
2196,mixed,mix->mix,mix,mix,2,0,2,6,3,1.18,3933,655.5,AL.GNG,2,2,2,"[ALL1, ALL2] -> AL.GNGL2 -> [PENPL2, PENPL3]",AL,1,AL,2,PENP,2,PENP,3
1680,mixed,LAT->mix,LAT,mix,1,0,3,6,1,1.0,3146,524.333,AL.GNG,2,2,2,"[ALL2, GNGL2] -> AL.GNGL2 -> [GNGL3, PENPL2]",AL,2,GNG,2,GNG,3,PENP,2
1568,mixed,mix->FWD,mix,FWD,3,0,1,6,1,1.0,3690,615.0,AL.GNG,2,2,2,"[ALL1, ALL2] -> AL.GNGL2 -> [GNGL3, GNG.PENPL3]",AL,1,AL,2,GNG,3,GNG.PENP,3
1568,mixed,mix->mix,mix,mix,2,1,1,6,1,1.0,3639,606.5,AL.GNG,2,2,2,"[ALL1, ALL2] -> AL.GNGL2 -> [GNGL3, PENPL1]",AL,1,AL,2,GNG,3,PENP,1
1568,mixed,mix->mix,mix,mix,2,0,2,6,1,1.0,3692,615.333,AL.GNG,2,2,2,"[ALL1, AL.LHL2] -> AL.GNGL2 -> [GNGL2, GNGL3]",AL,1,AL.LH,2,GNG,2,GNG,3
1470,mixed,mix->FWD,mix,FWD,3,0,1,6,1,1.0,4139,689.833,AL.GNG,2,2,2,"[ALL1, GNGL2] -> AL.GNGL2 -> [GNGL3, PENPL3]",AL,1,GNG,2,GNG,3,PENP,3
1344,mixed,mix->mix,mix,mix,2,0,2,6,1,1.0,4180,696.667,AL.GNG,2,2,2,"[ALL1, ALL2] -> AL.GNGL2 -> [GNGL2, PENPL3]",AL,1,AL,2,GNG,2,PENP,3
1344,mixed,mix->mix,mix,mix,2,0,2,6,1,1.0,3385,564.167,AL.GNG,2,2,2,"[ALL1, ALL2] -> AL.GNGL2 -> [GNG.PENPL3, PENPL2]",AL,1,AL,2,GNG.PENP,3,PENP,2
1344,mixed,mix->mix,mix,mix,1,1,2,6,1,1.0,3334,555.667,AL.GNG,2,2,2,"[ALL1, ALL2] -> AL.GNGL2 -> [PENPL1, PENPL2]",AL,1,AL,2,PENP,1,PENP,2
1344,mixed,mix->LAT,mix,LAT,1,0,3,6,1,1.0,3387,564.5,AL.GNG,2,2,2,"[ALL1, AL.LHL2] -> AL.GNGL2 -> [GNGL2, PENPL2]",AL,1,AL.LH,2,GNG,2,PENP,2
1344,mixed,LAT->mix,LAT,mix,1,0,3,6,1,1.0,2551,425.167,AL.GNG,2,2,2,"[ALL2, AL.LHL2] -> AL.GNGL2 -> [GNGL3, PENPL2]",AL,2,AL.LH,2,GNG,3,PENP,2
1260,mixed,mix->mix,mix,mix,2,0,2,6,1,1.0,3834,639.0,AL.GNG,2,2,2,"[ALL1, GNGL2] -> AL.GNGL2 -> [PENPL2, PENPL3]",AL,1,GNG,2,PENP,2,PENP,3
1176,mixed,mix->mix,mix,mix,2,1,1,6,1,1.0,3267,544.5,AL.GNG,2,2,2,"[ALL1, ALL3] -> AL.GNGL2 -> [GNGL3, PENPL2]",AL,1,AL,3,GNG,3,PENP,2
1176,mixed,mix->FWD,mix,FWD,3,0,1,6,1,1.0,3544,590.667,AL.GNG,2,2,2,"[ALL1, AL.LHL2] -> AL.GNGL2 -> [GNGL3, PENPL3]",AL,1,AL.LH,2,GNG,3,PENP,3
24960,mixed,mix->FWD,mix,FWD,2,1,1,3,1,1.0,3069,1023.0,AL.INP,1,2,2,"[ALL1, AL.LHL2] -> AL.INPL1 -> [ALL2, AL.MBL2]",AL,1,AL.LH,2,AL,2,AL.MB,2
20736,mixed,BWD->mix,BWD,mix,1,2,1,3,1,1.0,3007,1002.333,AL.INP,1,2,2,"[AL.LHL2, INP.MBL2] -> AL.INPL1 -> [ALL1, ALL2]",AL.LH,2,INP.MB,2,AL,1,AL,2
14976,mixed,BWD->FWD,BWD,FWD,2,2,0,3,1,1.0,1350,450.0,AL.INP,1,2,2,"[AL.LHL2, INP.MBL2] -> AL.INPL1 -> [ALL2, AL.MBL2]",AL.LH,2,INP.MB,2,AL,2,AL.MB,2
13824,mixed,BWD->mix,BWD,mix,1,2,1,3,1,1.0,3004,1001.333,AL.INP,1,2,2,"[AL.LHL2, LH.SNPL2] -> AL.INPL1 -> [ALL1, ALL2]",AL.LH,2,LH.SNP,2,AL,1,AL,2
13824,mixed,BWD->mix,BWD,mix,1,2,1,3,1,1.0,3296,1098.667,AL.INP,1,2,2,"[AL.LHL2, SNPL2] -> AL.INPL1 -> [ALL1, ALL2]",AL.LH,2,SNP,2,AL,1,AL,2
13376,mixed,mix->FWD,mix,FWD,2,1,1,3,2,1.143,2938,979.333,AL.INP,1,2,2,"[ALL1, INP.MBL2] -> AL.INPL1 -> [ALL2, AL.MBL2]",AL,1,INP.MB,2,AL,2,AL.MB,2
9984,mixed,BWD->FWD,BWD,FWD,2,2,0,3,1,1.0,1347,449.0,AL.INP,1,2,2,"[AL.LHL2, LH.SNPL2] -> AL.INPL1 -> [ALL2, AL.MBL2]",AL.LH,2,LH.SNP,2,AL,2,AL.MB,2
9984,mixed,BWD->FWD,BWD,FWD,2,2,0,3,1,1.0,1639,546.333,AL.INP,1,2,2,"[AL.LHL2, SNPL2] -> AL.INPL1 -> [ALL2, AL.MBL2]",AL.LH,2,SNP,2,AL,2,AL.MB,2
8320,mixed,mix->FWD,mix,FWD,2,1,1,3,1,1.0,2935,978.333,AL.INP,1,2,2,"[ALL1, LH.SNPL2] -> AL.INPL1 -> [ALL2, AL.MBL2]",AL,1,LH.SNP,2,AL,2,AL.MB,2
8320,mixed,mix->FWD,mix,FWD,2,1,1,3,1,1.0,3227,1075.667,AL.INP,1,2,2,"[ALL1, SNPL2] -> AL.INPL1 -> [ALL2, AL.MBL2]",AL,1,SNP,2,AL,2,AL.MB,2
7392,mixed,mix->FWD,mix,FWD,2,1,1,3,2,1.198,3007,1002.333,AL.INP,1,2,2,"[ALL1, INP.MBL2] -> AL.INPL1 -> [ALL2, AL.LHL2]",AL,1,INP.MB,2,AL,2,AL.LH,2
6912,mixed,BWD->mix,BWD,mix,1,2,1,3,1,1.0,2930,976.667,AL.INP,1,2,2,"[AL.LHL2, AL.VMNPL2] -> AL.INPL1 -> [ALL1, ALL2]",AL.LH,2,AL.VMNP,2,AL,1,AL,2
6912,mixed,BWD->mix,BWD,mix,1,2,1,3,1,1.0,3017,1005.667,AL.INP,1,2,2,"[AL.LHL2, LHL2] -> AL.INPL1 -> [ALL1, ALL2]",AL.LH,2,LH,2,AL,1,AL,2
6912,mixed,BWD->mix,BWD,mix,1,2,1,3,1,1.0,2933,977.667,AL.INP,1,2,2,"[AL.LHL2, LH.OLL2] -> AL.INPL1 -> [ALL1, ALL2]",AL.LH,2,LH.OL,2,AL,1,AL,2
6912,mixed,BWD->mix,BWD,mix,1,2,1,3,1,1.0,2971,990.333,AL.INP,1,2,2,"[AL.LHL2, MB.SNPL2] -> AL.INPL1 -> [ALL1, ALL2]",AL.LH,2,MB.SNP,2,AL,1,AL,2
6912,mixed,BWD->mix,BWD,mix,1,2,1,3,1,1.0,2995,998.333,AL.INP,1,2,2,"[AL.LHL2, SNP.VLNPL2] -> AL.INPL1 -> [ALL1, ALL2]",AL.LH,2,SNP.VLNP,2,AL,1,AL,2
6912,mixed,BWD->mix,BWD,mix,1,2,1,3,1,1.0,3055,1018.333,AL.INP,1,2,2,"[AL.LHL2, VLNP.VMNPL2] -> AL.INPL1 -> [ALL1, ALL2]",AL.LH,2,VLNP.VMNP,2,AL,1,AL,2
6912,mixed,BWD->mix,BWD,mix,1,2,1,3,1,1.0,2873,957.667,AL.INP,1,2,2,"[INP.MBL2, LH.SNPL2] -> AL.INPL1 -> [ALL1, ALL2]",INP.MB,2,LH.SNP,2,AL,1,AL,2
6912,mixed,BWD->mix,BWD,mix,1,2,1,3,1,1.0,3165,1055.0,AL.INP,1,2,2,"[INP.MBL2, SNPL2] -> AL.INPL1 -> [ALL1, ALL2]",INP.MB,2,SNP,2,AL,1,AL,2
5616,mixed,BWD->mix,BWD,mix,1,2,1,3,1,1.0,3069,1023.0,AL.INP,1,2,2,"[ALL2, AL.LHL2] -> AL.INPL1 -> [ALL1, AL.MBL2]",AL,2,AL.LH,2,AL,1,AL.MB,2
462,mixed,BWD->mix,BWD,mix,1,2,1,3,1,1.0,2151,717.0,AL.LH,1,2,2,"[AL.LHL2, LHL2] -> AL.LHL1 -> [ALL1, AL.VLNPL2]",AL.LH,2,LH,2,AL,1,AL.VLNP,2
462,mixed,BWD->mix,BWD,mix,1,2,1,3,1,1.0,2138,712.667,AL.LH,1,2,2,"[AL.LHL2, LH.SNPL2] -> AL.LHL1 -> [ALL1, AL.VLNPL2]",AL.LH,2,LH.SNP,2,AL,1,AL.VLNP,2
462,mixed,BWD->mix,BWD,mix,1,2,1,3,1,1.0,2418,806.0,AL.LH,1,2,2,"[AL.LHL2, VLNPL2] -> AL.LHL1 -> [ALL1, AL.VLNPL2]",AL.LH,2,VLNP,2,AL,1,AL.VLNP,2
396,mixed,BWD->FWD,BWD,FWD,2,2,0,3,1,1.0,1257,419.0,AL.LH,1,2,2,"[AL.LHL2, LHL2] -> AL.LHL1 -> [ALL2, AL.VLNPL2]",AL.LH,2,LH,2,AL,2,AL.VLNP,2
396,mixed,BWD->FWD,BWD,FWD,2,2,0,3,1,1.0,1244,414.667,AL.LH,1,2,2,"[AL.LHL2, LH.SNPL2] -> AL.LHL1 -> [ALL2, AL.VLNPL2]",AL.LH,2,LH.SNP,2,AL,2,AL.VLNP,2
396,mixed,BWD->FWD,BWD,FWD,2,2,0,3,1,1.0,1524,508.0,AL.LH,1,2,2,"[AL.LHL2, VLNPL2] -> AL.LHL1 -> [ALL2, AL.VLNPL2]",AL.LH,2,VLNP,2,AL,2,AL.VLNP,2
378,mixed,BWD->mix,BWD,mix,1,2,1,3,1,1.0,2966,988.667,AL.LH,1,2,2,"[AL.LHL2, AL.VLNPL2] -> AL.LHL1 -> [ALL1, ALL2]",AL.LH,2,AL.VLNP,2,AL,1,AL,2
308,mixed,BWD->mix,BWD,mix,1,2,1,3,1,1.0,2017,672.333,AL.LH,1,2,2,"[LHL2, LH.SNPL2] -> AL.LHL1 -> [ALL1, AL.VLNPL2]",LH,2,LH.SNP,2,AL,1,AL.VLNP,2
308,mixed,BWD->mix,BWD,mix,1,2,1,3,1,1.0,2297,765.667,AL.LH,1,2,2,"[LHL2, VLNPL2] -> AL.LHL1 -> [ALL1, AL.VLNPL2]",LH,2,VLNP,2,AL,1,AL.VLNP,2
308,mixed,BWD->mix,BWD,mix,1,2,1,3,1,1.0,2284,761.333,AL.LH,1,2,2,"[LH.SNPL2, VLNPL2] -> AL.LHL1 -> [ALL1, AL.VLNPL2]",LH.SNP,2,VLNP,2,AL,1,AL.VLNP,2
264,mixed,BWD->FWD,BWD,FWD,2,2,0,3,1,1.0,1123,374.333,AL.LH,1,2,2,"[LHL2, LH.SNPL2] -> AL.LHL1 -> [ALL2, AL.VLNPL2]",LH,2,LH.SNP,2,AL,2,AL.VLNP,2
264,mixed,BWD->FWD,BWD,FWD,2,2,0,3,1,1.0,1403,467.667,AL.LH,1,2,2,"[LHL2, VLNPL2] -> AL.LHL1 -> [ALL2, AL.VLNPL2]",LH,2,VLNP,2,AL,2,AL.VLNP,2
264,mixed,BWD->FWD,BWD,FWD,2,2,0,3,1,1.0,1390,463.333,AL.LH,1,2,2,"[LH.SNPL2, VLNPL2] -> AL.LHL1 -> [ALL2, AL.VLNPL2]",LH.SNP,2,VLNP,2,AL,2,AL.VLNP,2
252,mixed,BWD->mix,BWD,mix,1,2,1,3,1,1.0,3017,1005.667,AL.LH,1,2,2,"[AL.LHL2, LHL2] -> AL.LHL1 -> [ALL1, ALL2]",AL.LH,2,LH,2,AL,1,AL,2
252,mixed,BWD->mix,BWD,mix,1,2,1,3,1,1.0,3004,1001.333,AL.LH,1,2,2,"[AL.LHL2, LH.SNPL2] -> AL.LHL1 -> [ALL1, ALL2]",AL.LH,2,LH.SNP,2,AL,1,AL,2
252,mixed,BWD->mix,BWD,mix,1,2,1,3,1,1.0,3284,1094.667,AL.LH,1,2,2,"[AL.LHL2, VLNPL2] -> AL.LHL1 -> [ALL1, ALL2]",AL.LH,2,VLNP,2,AL,1,AL,2
252,mixed,BWD->mix,BWD,mix,1,2,1,3,1,1.0,2845,948.333,AL.LH,1,2,2,"[AL.VLNPL2, LHL2] -> AL.LHL1 -> [ALL1, ALL2]",AL.VLNP,2,LH,2,AL,1,AL,2
252,mixed,BWD->mix,BWD,mix,1,2,1,3,1,1.0,2832,944.0,AL.LH,1,2,2,"[AL.VLNPL2, LH.SNPL2] -> AL.LHL1 -> [ALL1, ALL2]",AL.VLNP,2,LH.SNP,2,AL,1,AL,2
252,mixed,BWD->mix,BWD,mix,1,2,1,3,1,1.0,3112,1037.333,AL.LH,1,2,2,"[AL.VLNPL2, VLNPL2] -> AL.LHL1 -> [ALL1, ALL2]",AL.VLNP,2,VLNP,2,AL,1,AL,2
231,mixed,BWD->mix,BWD,mix,1,2,1,3,1,1.0,2203,734.333,AL.LH,1,2,2,"[AL.LHL2, AL.MBL2] -> AL.LHL1 -> [ALL1, AL.VLNPL2]",AL.LH,2,AL.MB,2,AL,1,AL.VLNP,2
516549638,mixed,mix->mix,mix,mix,2,0,2,214,87,11.83,7385,34.509,AL.LH,2,2,2,"[ALL1, ALL2] -> AL.LHL2 -> [MBL2, MBL3]",AL,1,AL,2,MB,2,MB,3
271060681,mixed,mix->FWD,mix,FWD,3,0,1,214,97,16.835,6058,28.308,AL.LH,2,2,2,"[ALL1, ALL2] -> AL.LHL2 -> [LHL3, MBL3]",AL,1,AL,2,LH,3,MB,3
223856690,mixed,mix->FWD,mix,FWD,3,0,1,214,93,14.702,6195,28.949,AL.LH,2,2,2,"[ALL1, ALL2] -> AL.LHL2 -> [LH.SNPL3, MBL3]",AL,1,AL,2,LH.SNP,3,MB,3
187403071,mixed,mix->mix,mix,mix,2,0,2,214,90,14.613,5205,24.322,AL.LH,2,2,2,"[ALL1, ALL2] -> AL.LHL2 -> [LHL3, MBL2]",AL,1,AL,2,LH,3,MB,2
162435386,mixed,mix->mix,mix,mix,2,0,2,214,88,13.251,5342,24.963,AL.LH,2,2,2,"[ALL1, ALL2] -> AL.LHL2 -> [LH.SNPL3, MBL2]",AL,1,AL,2,LH.SNP,3,MB,2
92690368,mixed,mix->mix,mix,mix,2,1,1,214,69,5.648,7061,32.995,AL.LH,2,2,2,"[ALL1, LHL3] -> AL.LHL2 -> [MBL2, MBL3]",AL,1,LH,3,MB,2,MB,3
88606012,mixed,mix->FWD,mix,FWD,3,0,1,214,158,20.914,4015,18.762,AL.LH,2,2,2,"[ALL1, ALL2] -> AL.LHL2 -> [LHL3, LH.SNPL3]",AL,1,AL,2,LH,3,LH.SNP,3
63150765,mixed,mix->FWD,mix,FWD,3,0,1,214,80,13.505,5510,25.748,AL.LH,2,2,2,"[ALL1, ALL2] -> AL.LHL2 -> [ALL3, MBL3]",AL,1,AL,2,AL,3,MB,3
58752529,mixed,mix->mix,mix,mix,1,1,2,214,69,7.714,6167,28.818,AL.LH,2,2,2,"[ALL2, LHL3] -> AL.LHL2 -> [MBL2, MBL3]",AL,2,LH,3,MB,2,MB,3
51831020,mixed,mix->mix,mix,mix,2,1,1,214,70,9.91,6513,30.435,AL.LH,2,2,2,"[ALL1, ALL3] -> AL.LHL2 -> [MBL2, MBL3]",AL,1,AL,3,MB,2,MB,3
46077288,mixed,mix->mix,mix,mix,2,0,2,214,78,10.874,4657,21.762,AL.LH,2,2,2,"[ALL1, ALL2] -> AL.LHL2 -> [ALL3, MBL2]",AL,1,AL,2,AL,3,MB,2
45100313,mixed,mix->mix,mix,mix,2,1,1,214,72,10.435,6058,28.308,AL.LH,2,2,2,"[ALL1, LHL3] -> AL.LHL2 -> [ALL2, MBL3]",AL,1,LH,3,AL,2,MB,3
41909686,mixed,mix->FWD,mix,FWD,3,1,0,214,72,5.482,5871,27.435,AL.LH,2,2,2,"[ALL1, LHL3] -> AL.LHL2 -> [LH.SNPL3, MBL3]",AL,1,LH,3,LH.SNP,3,MB,3
36498988,mixed,mix->mix,mix,mix,1,1,2,214,70,12.124,5619,26.257,AL.LH,2,2,2,"[ALL2, ALL3] -> AL.LHL2 -> [MBL2, MBL3]",AL,2,AL,3,MB,2,MB,3
32835810,mixed,mix->FWD,mix,FWD,3,0,1,214,70,14.846,5652,26.411,AL.LH,2,2,2,"[ALL1, ALL2] -> AL.LHL2 -> [INP.MBL3, MBL3]",AL,1,AL,2,INP.MB,3,MB,3
31998989,mixed,mix->LAT,mix,LAT,1,1,2,214,69,9.663,5205,24.322,AL.LH,2,2,2,"[ALL1, LHL3] -> AL.LHL2 -> [ALL2, MBL2]",AL,1,LH,3,AL,2,MB,2
31590136,mixed,mix->mix,mix,mix,2,1,1,214,70,5.772,5018,23.449,AL.LH,2,2,2,"[ALL1, LHL3] -> AL.LHL2 -> [LH.SNPL3, MBL2]",AL,1,LH,3,LH.SNP,3,MB,2
30958548,mixed,mix->mix,mix,mix,2,1,1,214,75,13.838,5510,25.748,AL.LH,2,2,2,"[ALL1, ALL3] -> AL.LHL2 -> [ALL2, MBL3]",AL,1,AL,3,AL,2,MB,3
30408874,mixed,mix->mix,mix,mix,2,0,2,214,69,8.108,5567,26.014,AL.LH,2,2,2,"[ALL1, ALL2] -> AL.LHL2 -> [LHL2, MBL3]",AL,1,AL,2,LH,2,MB,3
27747077,mixed,mix->FWD,mix,FWD,2,1,1,214,72,8.668,4977,23.257,AL.LH,2,2,2,"[ALL2, LHL3] -> AL.LHL2 -> [LH.SNPL3, MBL3]",AL,2,LH,3,LH.SNP,3,MB,3
16887,mixed,FWD->LAT,FWD,LAT,2,0,2,74,17,1.557,2427,32.797,AL.LH,3,2,2,"[ALL2, AL.LHL2] -> AL.LHL3 -> [LHL3, LH.SNPL3]",AL,2,AL.LH,2,LH,3,LH.SNP,3
16814,mixed,FWD->LAT,FWD,LAT,2,0,2,74,3,1.002,2306,31.162,AL.LH,3,2,2,"[ALL2, LHL2] -> AL.LHL3 -> [LHL3, LH.SNPL3]",AL,2,LH,2,LH,3,LH.SNP,3
4809,mixed,FWD->LAT,FWD,LAT,2,0,2,74,4,1.004,1612,21.784,AL.LH,3,2,2,"[AL.LHL2, LHL2] -> AL.LHL3 -> [LHL3, LH.SNPL3]",AL.LH,2,LH,2,LH,3,LH.SNP,3
4446,mixed,FWD->LAT,FWD,LAT,2,0,2,74,6,2.494,3609,48.77,AL.LH,3,2,2,"[ALL2, AL.LHL2] -> AL.LHL3 -> [LH.SNPL3, SNPL3]",AL,2,AL.LH,2,LH.SNP,3,SNP,3
4200,mixed,FWD->LAT,FWD,LAT,2,0,2,74,1,1.0,1764,23.838,AL.LH,3,2,2,"[ALL2, LHL2] -> AL.LHL3 -> [LH.SNPL3, LH.VLNPL3]",AL,2,LH,2,LH.SNP,3,LH.VLNP,3
3920,mixed,mix->LAT,mix,LAT,1,0,3,74,3,1.996,3979,53.77,AL.LH,3,2,2,"[ALL2, LHL3] -> AL.LHL3 -> [LH.SNPL3, SNPL3]",AL,2,LH,3,LH.SNP,3,SNP,3
3559,mixed,FWD->mix,FWD,mix,2,1,1,74,8,1.121,1936,26.162,AL.LH,3,2,2,"[ALL2, AL.LHL2] -> AL.LHL3 -> [LHL2, LH.SNPL3]",AL,2,AL.LH,2,LH,2,LH.SNP,3
3363,mixed,FWD->LAT,FWD,LAT,2,0,2,74,2,1.002,1885,25.473,AL.LH,3,2,2,"[ALL2, AL.LHL2] -> AL.LHL3 -> [LH.SNPL3, LH.VLNPL3]",AL,2,AL.LH,2,LH.SNP,3,LH.VLNP,3
3360,mixed,FWD->LAT,FWD,LAT,2,0,2,74,1,1.0,2219,29.986,AL.LH,3,2,2,"[ALL2, AL.GNGL2] -> AL.LHL3 -> [LHL3, LH.SNPL3]",AL,2,AL.GNG,2,LH,3,LH.SNP,3
3360,mixed,FWD->LAT,FWD,LAT,2,0,2,74,1,1.0,3022,40.838,AL.LH,3,2,2,"[ALL2, GNGL2] -> AL.LHL3 -> [LHL3, LH.SNPL3]",AL,2,GNG,2,LH,3,LH.SNP,3
3360,mixed,FWD->LAT,FWD,LAT,2,0,2,74,1,1.0,2234,30.189,AL.LH,3,2,2,"[ALL2, GNG.VLNPL2] -> AL.LHL3 -> [LHL3, LH.SNPL3]",AL,2,GNG.VLNP,2,LH,3,LH.SNP,3
3360,mixed,FWD->LAT,FWD,LAT,2,0,2,74,1,1.0,2573,34.77,AL.LH,3,2,2,"[ALL2, VLNPL2] -> AL.LHL3 -> [LHL3, LH.SNPL3]",AL,2,VLNP,2,LH,3,LH.SNP,3
3152,mixed,mix->mix,mix,mix,1,1,2,74,2,1.991,2427,32.797,AL.LH,3,2,2,"[ALL2, LHL3] -> AL.LHL3 -> [AL.LHL2, LH.SNPL3]",AL,2,LH,3,AL.LH,2,LH.SNP,3
2945,mixed,FWD->LAT,FWD,LAT,2,0,2,74,17,4.825,2358,31.865,AL.LH,3,2,2,"[ALL2, AL.MBL2] -> AL.LHL3 -> [LHL3, LH.SNPL3]",AL,2,AL.MB,2,LH,3,LH.SNP,3
2826,mixed,FWD->LAT,FWD,LAT,2,0,2,74,27,8.408,1664,22.486,AL.LH,3,2,2,"[AL.LHL2, AL.MBL2] -> AL.LHL3 -> [LHL3, LH.SNPL3]",AL.LH,2,AL.MB,2,LH,3,LH.SNP,3
2804,mixed,FWD->mix,FWD,mix,2,1,1,74,2,1.003,1936,26.162,AL.LH,3,2,2,"[ALL2, LHL2] -> AL.LHL3 -> [AL.LHL2, LH.SNPL3]",AL,2,LH,2,AL.LH,2,LH.SNP,3
2800,mixed,FWD->LAT,FWD,LAT,2,0,2,74,1,1.0,3488,47.135,AL.LH,3,2,2,"[ALL2, LHL2] -> AL.LHL3 -> [LH.SNPL3, SNPL3]",AL,2,LH,2,LH.SNP,3,SNP,3
2532,mixed,mix->mix,mix,mix,1,1,2,74,2,1.01,2306,31.162,AL.LH,3,2,2,"[ALL2, LHL3] -> AL.LHL3 -> [LHL2, LH.SNPL3]",AL,2,LH,3,LH,2,LH.SNP,3
2520,mixed,FWD->LAT,FWD,LAT,2,0,2,74,1,1.0,1627,21.986,AL.LH,3,2,2,"[ALL2, LHL2] -> AL.LHL3 -> [LHL3, LH.VLNPL3]",AL,2,LH,2,LH,3,LH.VLNP,3
2520,mixed,mix->LAT,mix,LAT,1,0,3,74,1,1.0,2255,30.473,AL.LH,3,2,2,"[ALL2, LHL3] -> AL.LHL3 -> [LH.SNPL3, LH.VLNPL3]",AL,2,LH,3,LH.SNP,3,LH.VLNP,3
11880,mixed,LAT->mix,LAT,mix,1,1,2,1,1,1.0,2182,2182.0,AL.LX,2,2,2,"[INP.MBL2, MBL2] -> AL.LXL2 -> [INP.SNPL3, LXL1]",INP.MB,2,MB,2,INP.SNP,3,LX,1
10560,mixed,LAT->mix,LAT,mix,1,1,2,1,1,1.0,2139,2139.0,AL.LX,2,2,2,"[INPL2, MBL2] -> AL.LXL2 -> [INP.SNPL3, LXL1]",INP,2,MB,2,INP.SNP,3,LX,1
10560,mixed,mix->mix,mix,mix,1,2,1,1,1,1.0,3865,3865.0,AL.LX,2,2,2,"[MBL2, SNPL3] -> AL.LXL2 -> [INP.SNPL3, LXL1]",MB,2,SNP,3,INP.SNP,3,LX,1
9240,mixed,mix->mix,mix,mix,1,2,1,1,1,1.0,2256,2256.0,AL.LX,2,2,2,"[INPL3, MBL2] -> AL.LXL2 -> [INP.SNPL3, LXL1]",INP,3,MB,2,INP.SNP,3,LX,1
7920,mixed,LAT->FWD,LAT,FWD,2,0,2,1,1,1.0,2187,2187.0,AL.LX,2,2,2,"[INP.MBL2, MBL2] -> AL.LXL2 -> [INP.LHL3, INP.SNPL3]",INP.MB,2,MB,2,INP.LH,3,INP.SNP,3
7920,mixed,LAT->mix,LAT,mix,1,0,3,1,1,1.0,2175,2175.0,AL.LX,2,2,2,"[INP.MBL2, MBL2] -> AL.LXL2 -> [INP.LXL2, INP.SNPL3]",INP.MB,2,MB,2,INP.LX,2,INP.SNP,3
7920,mixed,LAT->mix,LAT,mix,1,0,3,1,1,1.0,2263,2263.0,AL.LX,2,2,2,"[INP.MBL2, MBL2] -> AL.LXL2 -> [INP.SNPL3, LXL2]",INP.MB,2,MB,2,INP.SNP,3,LX,2
7920,mixed,LAT->FWD,LAT,FWD,2,0,2,1,1,1.0,2209,2209.0,AL.LX,2,2,2,"[INP.MBL2, MBL2] -> AL.LXL2 -> [INP.SNPL3, LX.VMNPL3]",INP.MB,2,MB,2,INP.SNP,3,LX.VMNP,3
7920,mixed,mix->mix,mix,mix,1,2,1,1,1,1.0,2192,2192.0,AL.LX,2,2,2,"[MBL2, MB.SNPL3] -> AL.LXL2 -> [INP.SNPL3, LXL1]",MB,2,MB.SNP,3,INP.SNP,3,LX,1
7040,mixed,LAT->FWD,LAT,FWD,2,0,2,1,1,1.0,2144,2144.0,AL.LX,2,2,2,"[INPL2, MBL2] -> AL.LXL2 -> [INP.LHL3, INP.SNPL3]",INP,2,MB,2,INP.LH,3,INP.SNP,3
7040,mixed,LAT->mix,LAT,mix,1,0,3,1,1,1.0,2132,2132.0,AL.LX,2,2,2,"[INPL2, MBL2] -> AL.LXL2 -> [INP.LXL2, INP.SNPL3]",INP,2,MB,2,INP.LX,2,INP.SNP,3
7040,mixed,LAT->mix,LAT,mix,1,0,3,1,1,1.0,2220,2220.0,AL.LX,2,2,2,"[INPL2, MBL2] -> AL.LXL2 -> [INP.SNPL3, LXL2]",INP,2,MB,2,INP.SNP,3,LX,2
7040,mixed,LAT->FWD,LAT,FWD,2,0,2,1,1,1.0,2166,2166.0,AL.LX,2,2,2,"[INPL2, MBL2] -> AL.LXL2 -> [INP.SNPL3, LX.VMNPL3]",INP,2,MB,2,INP.SNP,3,LX.VMNP,3
7040,mixed,mix->FWD,mix,FWD,2,1,1,1,1,1.0,3870,3870.0,AL.LX,2,2,2,"[MBL2, SNPL3] -> AL.LXL2 -> [INP.LHL3, INP.SNPL3]",MB,2,SNP,3,INP.LH,3,INP.SNP,3
7040,mixed,mix->mix,mix,mix,1,1,2,1,1,1.0,3858,3858.0,AL.LX,2,2,2,"[MBL2, SNPL3] -> AL.LXL2 -> [INP.LXL2, INP.SNPL3]",MB,2,SNP,3,INP.LX,2,INP.SNP,3
7040,mixed,mix->mix,mix,mix,1,1,2,1,1,1.0,3946,3946.0,AL.LX,2,2,2,"[MBL2, SNPL3] -> AL.LXL2 -> [INP.SNPL3, LXL2]",MB,2,SNP,3,INP.SNP,3,LX,2
7040,mixed,mix->FWD,mix,FWD,2,1,1,1,1,1.0,3892,3892.0,AL.LX,2,2,2,"[MBL2, SNPL3] -> AL.LXL2 -> [INP.SNPL3, LX.VMNPL3]",MB,2,SNP,3,INP.SNP,3,LX.VMNP,3
6160,mixed,mix->FWD,mix,FWD,2,1,1,1,1,1.0,2261,2261.0,AL.LX,2,2,2,"[INPL3, MBL2] -> AL.LXL2 -> [INP.LHL3, INP.SNPL3]",INP,3,MB,2,INP.LH,3,INP.SNP,3
6160,mixed,mix->mix,mix,mix,1,1,2,1,1,1.0,2249,2249.0,AL.LX,2,2,2,"[INPL3, MBL2] -> AL.LXL2 -> [INP.LXL2, INP.SNPL3]",INP,3,MB,2,INP.LX,2,INP.SNP,3
6160,mixed,mix->mix,mix,mix,1,1,2,1,1,1.0,2337,2337.0,AL.LX,2,2,2,"[INPL3, MBL2] -> AL.LXL2 -> [INP.SNPL3, LXL2]",INP,3,MB,2,INP.SNP,3,LX,2
1150,mixed,mix->FWD,mix,FWD,2,1,1,2,2,1.957,4639,2319.5,AL.MB,1,2,2,"[ALL1, ALL2] -> AL.MBL1 -> [MBL2, MB.VLNPL2]",AL,1,AL,2,MB,2,MB.VLNP,2
490,mixed,mix->mix,mix,mix,1,1,2,2,1,1.0,4624,2312.0,AL.MB,1,2,2,"[ALL1, ALL2] -> AL.MBL1 -> [AL.LHL1, MBL2]",AL,1,AL,2,AL.LH,1,MB,2
490,mixed,mix->FWD,mix,FWD,2,1,1,2,1,1.0,4835,2417.5,AL.MB,1,2,2,"[ALL1, ALL2] -> AL.MBL1 -> [AL.LHL2, MBL2]",AL,1,AL,2,AL.LH,2,MB,2
490,mixed,mix->FWD,mix,FWD,2,1,1,2,1,1.0,4766,2383.0,AL.MB,1,2,2,"[ALL1, ALL2] -> AL.MBL1 -> [AL.MBL2, MBL2]",AL,1,AL,2,AL.MB,2,MB,2
490,mixed,mix->FWD,mix,FWD,2,1,1,2,1,1.0,4714,2357.0,AL.MB,1,2,2,"[ALL1, ALL2] -> AL.MBL1 -> [LHL2, MBL2]",AL,1,AL,2,LH,2,MB,2
490,mixed,mix->FWD,mix,FWD,2,1,1,2,1,1.0,4701,2350.5,AL.MB,1,2,2,"[ALL1, ALL2] -> AL.MBL1 -> [LH.SNPL2, MBL2]",AL,1,AL,2,LH.SNP,2,MB,2
330,mixed,mix->FWD,mix,FWD,2,1,1,2,1,1.0,4663,2331.5,AL.MB,1,2,2,"[ALL1, ALL2] -> AL.MBL1 -> [AL.VLNPL2, MBL2]",AL,1,AL,2,AL.VLNP,2,MB,2
330,mixed,mix->FWD,mix,FWD,2,1,1,2,1,1.0,4704,2352.0,AL.MB,1,2,2,"[ALL1, ALL2] -> AL.MBL1 -> [INP.MBL2, MBL2]",AL,1,AL,2,INP.MB,2,MB,2
330,mixed,mix->FWD,mix,FWD,2,1,1,2,1,1.0,4981,2490.5,AL.MB,1,2,2,"[ALL1, ALL2] -> AL.MBL1 -> [MBL2, VLNPL2]",AL,1,AL,2,MB,2,VLNP,2
264,mixed,BWD->FWD,BWD,FWD,2,2,0,2,1,1.0,2879,1439.5,AL.MB,1,2,2,"[ALL2, AL.VLNPL2] -> AL.MBL1 -> [MBL2, MB.VLNPL2]",AL,2,AL.VLNP,2,MB,2,MB.VLNP,2
220,mixed,mix->FWD,mix,FWD,2,1,1,2,1,1.0,3773,1886.5,AL.MB,1,2,2,"[ALL1, AL.VLNPL2] -> AL.MBL1 -> [MBL2, MB.VLNPL2]",AL,1,AL.VLNP,2,MB,2,MB.VLNP,2
208,mixed,mix->FWD,mix,FWD,2,1,1,2,2,1.993,3945,1972.5,AL.MB,1,2,2,"[ALL1, AL.LHL2] -> AL.MBL1 -> [MBL2, MB.VLNPL2]",AL,1,AL.LH,2,MB,2,MB.VLNP,2
208,mixed,mix->FWD,mix,FWD,2,1,1,2,2,1.993,3876,1938.0,AL.MB,1,2,2,"[ALL1, AL.MBL2] -> AL.MBL1 -> [MBL2, MB.VLNPL2]",AL,1,AL.MB,2,MB,2,MB.VLNP,2
202,mixed,BWD->FWD,BWD,FWD,2,2,0,2,2,1.828,3051,1525.5,AL.MB,1,2,2,"[ALL2, AL.LHL2] -> AL.MBL1 -> [MBL2, MB.VLNPL2]",AL,2,AL.LH,2,MB,2,MB.VLNP,2
202,mixed,BWD->FWD,BWD,FWD,2,2,0,2,2,1.828,2982,1491.0,AL.MB,1,2,2,"[ALL2, AL.MBL2] -> AL.MBL1 -> [MBL2, MB.VLNPL2]",AL,2,AL.MB,2,MB,2,MB.VLNP,2
132,mixed,BWD->FWD,BWD,FWD,2,2,0,2,1,1.0,2944,1472.0,AL.MB,1,2,2,"[ALL2, AL.VLNPL2] -> AL.MBL1 -> [INP.MBL2, MBL2]",AL,2,AL.VLNP,2,INP.MB,2,MB,2
132,mixed,BWD->FWD,BWD,FWD,2,2,0,2,1,1.0,3221,1610.5,AL.MB,1,2,2,"[ALL2, AL.VLNPL2] -> AL.MBL1 -> [MBL2, VLNPL2]",AL,2,AL.VLNP,2,MB,2,VLNP,2
110,mixed,mix->FWD,mix,FWD,2,1,1,2,1,1.0,4663,2331.5,AL.MB,1,2,2,"[ALL1, AL.VLNPL2] -> AL.MBL1 -> [ALL2, MBL2]",AL,1,AL.VLNP,2,AL,2,MB,2
110,mixed,mix->FWD,mix,FWD,2,1,1,2,1,1.0,3838,1919.0,AL.MB,1,2,2,"[ALL1, AL.VLNPL2] -> AL.MBL1 -> [INP.MBL2, MBL2]",AL,1,AL.VLNP,2,INP.MB,2,MB,2
110,mixed,mix->FWD,mix,FWD,2,1,1,2,1,1.0,4115,2057.5,AL.MB,1,2,2,"[ALL1, AL.VLNPL2] -> AL.MBL1 -> [MBL2, VLNPL2]",AL,1,AL.VLNP,2,MB,2,VLNP,2
1515876724,mixed,mix->mix,mix,mix,2,0,2,145,144,14.855,7385,50.931,AL.MB,2,2,2,"[ALL1, ALL2] -> AL.MBL2 -> [MBL2, MBL3]",AL,1,AL,2,MB,2,MB,3
651214224,mixed,mix->FWD,mix,FWD,3,0,1,145,142,17.988,6195,42.724,AL.MB,2,2,2,"[ALL1, ALL2] -> AL.MBL2 -> [LH.SNPL3, MBL3]",AL,1,AL,2,LH.SNP,3,MB,3
575441639,mixed,mix->FWD,mix,FWD,3,0,1,145,142,21.908,6058,41.779,AL.MB,2,2,2,"[ALL1, ALL2] -> AL.MBL2 -> [LHL3, MBL3]",AL,1,AL,2,LH,3,MB,3
342432117,mixed,mix->mix,mix,mix,2,0,2,145,142,14.94,5342,36.841,AL.MB,2,2,2,"[ALL1, ALL2] -> AL.MBL2 -> [LH.SNPL3, MBL2]",AL,1,AL,2,LH.SNP,3,MB,2
295825914,mixed,mix->mix,mix,mix,2,0,2,145,142,16.612,5205,35.897,AL.MB,2,2,2,"[ALL1, ALL2] -> AL.MBL2 -> [LHL3, MBL2]",AL,1,AL,2,LH,3,MB,2
287111897,mixed,mix->mix,mix,mix,2,1,1,145,86,9.08,7061,48.697,AL.MB,2,2,2,"[ALL1, LHL3] -> AL.MBL2 -> [MBL2, MBL3]",AL,1,LH,3,MB,2,MB,3
201964394,mixed,mix->mix,mix,mix,1,1,2,145,86,10.822,6167,42.531,AL.MB,2,2,2,"[ALL2, LHL3] -> AL.MBL2 -> [MBL2, MBL3]",AL,2,LH,3,MB,2,MB,3
148221998,mixed,mix->mix,mix,mix,2,1,1,145,115,10.874,6513,44.917,AL.MB,2,2,2,"[ALL1, ALL3] -> AL.MBL2 -> [MBL2, MBL3]",AL,1,AL,3,MB,2,MB,3
144697710,mixed,mix->FWD,mix,FWD,3,0,1,145,140,21.58,5510,38.0,AL.MB,2,2,2,"[ALL1, ALL2] -> AL.MBL2 -> [ALL3, MBL3]",AL,1,AL,2,AL,3,MB,3
130512994,mixed,mix->FWD,mix,FWD,3,0,1,145,140,22.171,4015,27.69,AL.MB,2,2,2,"[ALL1, ALL2] -> AL.MBL2 -> [LHL3, LH.SNPL3]",AL,1,AL,2,LH,3,LH.SNP,3
114658022,mixed,mix->FWD,mix,FWD,3,1,0,145,85,11.813,5871,40.49,AL.MB,2,2,2,"[ALL1, LHL3] -> AL.MBL2 -> [LH.SNPL3, MBL3]",AL,1,LH,3,LH.SNP,3,MB,3
111546159,mixed,mix->mix,mix,mix,1,1,2,145,115,13.199,5619,38.752,AL.MB,2,2,2,"[ALL2, ALL3] -> AL.MBL2 -> [MBL2, MBL3]",AL,2,AL,3,MB,2,MB,3
110660767,mixed,mix->mix,mix,mix,2,1,1,145,86,15.363,6058,41.779,AL.MB,2,2,2,"[ALL1, LHL3] -> AL.MBL2 -> [ALL2, MBL3]",AL,1,LH,3,AL,2,MB,3
97468447,mixed,mix->FWD,mix,FWD,3,0,1,145,122,18.473,5652,38.979,AL.MB,2,2,2,"[ALL1, ALL2] -> AL.MBL2 -> [INP.MBL3, MBL3]",AL,1,AL,2,INP.MB,3,MB,3
87775795,mixed,mix->mix,mix,mix,2,0,2,145,39,6.295,6691,46.145,AL.MB,2,2,2,"[ALL1, AL.LHL2] -> AL.MBL2 -> [MBL2, MBL3]",AL,1,AL.LH,2,MB,2,MB,3
83764045,mixed,mix->mix,mix,mix,2,0,2,145,119,23.152,5688,39.228,AL.MB,2,2,2,"[ALL1, ALL2] -> AL.MBL2 -> [AL.LHL2, MBL3]",AL,1,AL,2,AL.LH,2,MB,3
82475771,mixed,LAT->mix,LAT,mix,1,0,3,145,39,5.581,5797,39.979,AL.MB,2,2,2,"[ALL2, AL.LHL2] -> AL.MBL2 -> [MBL2, MBL3]",AL,2,AL.LH,2,MB,2,MB,3
81792744,mixed,mix->FWD,mix,FWD,2,1,1,145,85,14.259,4977,34.324,AL.MB,2,2,2,"[ALL2, LHL3] -> AL.MBL2 -> [LH.SNPL3, MBL3]",AL,2,LH,3,LH.SNP,3,MB,3
77251540,mixed,mix->mix,mix,mix,2,0,2,145,140,15.011,4657,32.117,AL.MB,2,2,2,"[ALL1, ALL2] -> AL.MBL2 -> [ALL3, MBL2]",AL,1,AL,2,AL,3,MB,2
68994838,mixed,mix->mix,mix,mix,2,1,1,145,85,8.837,5018,34.607,AL.MB,2,2,2,"[ALL1, LHL3] -> AL.MBL2 -> [LH.SNPL3, MBL2]",AL,1,LH,3,LH.SNP,3,MB,2
112,mixed,FWD->mix,FWD,mix,2,1,1,1,1,1.0,5676,5676.0,AL.MB,3,2,2,"[ALL2, LHL2] -> AL.MBL3 -> [MBL2, MBL3]",AL,2,LH,2,MB,2,MB,3
56,mixed,FWD->mix,FWD,mix,2,1,1,1,1,1.0,3807,3807.0,AL.MB,3,2,2,"[ALL2, LHL2] -> AL.MBL3 -> [AL.VLNPL2, MBL3]",AL,2,LH,2,AL.VLNP,2,MB,3
56,mixed,FWD->mix,FWD,mix,2,1,1,1,1,1.0,3848,3848.0,AL.MB,3,2,2,"[ALL2, LHL2] -> AL.MBL3 -> [INP.MBL2, MBL3]",AL,2,LH,2,INP.MB,2,MB,3
56,mixed,FWD->LAT,FWD,LAT,2,0,2,1,1,1.0,3943,3943.0,AL.MB,3,2,2,"[ALL2, LHL2] -> AL.MBL3 -> [INP.MBL3, MBL3]",AL,2,LH,2,INP.MB,3,MB,3
56,mixed,FWD->LAT,FWD,LAT,2,0,2,1,1,1.0,4349,4349.0,AL.MB,3,2,2,"[ALL2, LHL2] -> AL.MBL3 -> [LHL3, MBL3]",AL,2,LH,2,LH,3,MB,3
56,mixed,FWD->LAT,FWD,LAT,2,0,2,1,1,1.0,4486,4486.0,AL.MB,3,2,2,"[ALL2, LHL2] -> AL.MBL3 -> [LH.SNPL3, MBL3]",AL,2,LH,2,LH.SNP,3,MB,3
17476,mixed,BWD->mix,BWD,mix,1,2,1,4,4,2.782,3314,828.5,AL.PENP,1,2,2,"[AL.VLNPL2, PENPL2] -> AL.PENPL1 -> [ALL1, ALL2]",AL.VLNP,2,PENP,2,AL,1,AL,2
15444,mixed,mix->mix,mix,mix,1,1,2,4,2,1.914,3276,819.0,AL.PENP,1,2,2,"[AL.GNGL1, PENPL2] -> AL.PENPL1 -> [ALL1, ALL2]",AL.GNG,1,PENP,2,AL,1,AL,2
10388,mixed,BWD->mix,BWD,mix,1,2,1,4,3,2.82,3365,841.25,AL.PENP,1,2,2,"[GNG.PENPL2, PENPL2] -> AL.PENPL1 -> [ALL1, ALL2]",GNG.PENP,2,PENP,2,AL,1,AL,2
7740,mixed,mix->mix,mix,mix,1,1,2,4,2,1.75,3365,841.25,AL.PENP,1,2,2,"[GNGL1, PENPL2] -> AL.PENPL1 -> [ALL1, ALL2]",GNG,1,PENP,2,AL,1,AL,2
7722,mixed,BWD->mix,BWD,mix,1,2,1,4,2,1.914,3293,823.25,AL.PENP,1,2,2,"[GNG.VLNPL2, PENPL2] -> AL.PENPL1 -> [ALL1, ALL2]",GNG.VLNP,2,PENP,2,AL,1,AL,2
7722,mixed,BWD->mix,BWD,mix,1,2,1,4,2,1.914,3763,940.75,AL.PENP,1,2,2,"[OL.VLNPL2, PENPL2] -> AL.PENPL1 -> [ALL1, ALL2]",OL.VLNP,2,PENP,2,AL,1,AL,2
7346,mixed,BWD->mix,BWD,mix,1,2,1,4,2,1.86,3348,837.0,AL.PENP,1,2,2,"[PENPL2, PENP.VLNPL2] -> AL.PENPL1 -> [ALL1, ALL2]",PENP,2,PENP.VLNP,2,AL,1,AL,2
6900,mixed,BWD->FWD,BWD,FWD,2,2,0,4,4,3.233,1726,431.5,AL.PENP,1,2,2,"[AL.VLNPL2, PENPL2] -> AL.PENPL1 -> [ALL2, AL.LHL2]",AL.VLNP,2,PENP,2,AL,2,AL.LH,2
6364,mixed,mix->mix,mix,mix,1,1,2,4,2,1.718,2671,667.75,AL.PENP,1,2,2,"[GNGL1, PENPL2] -> AL.PENPL1 -> [ALL1, AL.LHL2]",GNG,1,PENP,2,AL,1,AL.LH,2
6036,mixed,BWD->mix,BWD,mix,1,2,1,4,4,3.351,2620,655.0,AL.PENP,1,2,2,"[AL.VLNPL2, PENPL2] -> AL.PENPL1 -> [ALL1, AL.LHL2]",AL.VLNP,2,PENP,2,AL,1,AL.LH,2
5332,mixed,mix->mix,mix,mix,1,1,2,4,1,1.0,3276,819.0,AL.PENP,1,2,2,"[GNGL1, VMNPL2] -> AL.PENPL1 -> [ALL1, ALL2]",GNG,1,VMNP,2,AL,1,AL,2
5332,mixed,BWD->mix,BWD,mix,1,2,1,4,1,1.0,3745,936.25,AL.PENP,1,2,2,"[PENPL2, VMNPL2] -> AL.PENPL1 -> [ALL1, ALL2]",PENP,2,VMNP,2,AL,1,AL,2
5074,mixed,BWD->mix,BWD,mix,1,2,1,4,2,1.995,3274,818.5,AL.PENP,1,2,2,"[AL.PENPL2, PENPL2] -> AL.PENPL1 -> [ALL1, ALL2]",AL.PENP,2,PENP,2,AL,1,AL,2
4992,mixed,mix->FWD,mix,FWD,2,1,1,4,2,1.882,1688,422.0,AL.PENP,1,2,2,"[AL.GNGL1, PENPL2] -> AL.PENPL1 -> [ALL2, AL.LHL2]",AL.GNG,1,PENP,2,AL,2,AL.LH,2
4680,mixed,BWD->mix,BWD,mix,1,2,1,4,1,1.0,3377,844.25,AL.PENP,1,2,2,"[GNG.VMNPL2, PENPL2] -> AL.PENPL1 -> [ALL1, ALL2]",GNG.VMNP,2,PENP,2,AL,1,AL,2
4680,mixed,BWD->mix,BWD,mix,1,2,1,4,1,1.0,3632,908.0,AL.PENP,1,2,2,"[PENPL2, VLNPL2] -> AL.PENPL1 -> [ALL1, ALL2]",PENP,2,VLNP,2,AL,1,AL,2
4472,mixed,mix->mix,mix,mix,1,1,2,4,1,1.0,2582,645.5,AL.PENP,1,2,2,"[GNGL1, VMNPL2] -> AL.PENPL1 -> [ALL1, AL.LHL2]",GNG,1,VMNP,2,AL,1,AL.LH,2
4472,mixed,BWD->mix,BWD,mix,1,2,1,4,1,1.0,3051,762.75,AL.PENP,1,2,2,"[PENPL2, VMNPL2] -> AL.PENPL1 -> [ALL1, AL.LHL2]",PENP,2,VMNP,2,AL,1,AL.LH,2
4456,mixed,mix->FWD,mix,FWD,2,1,1,4,2,1.667,1777,444.25,AL.PENP,1,2,2,"[GNGL1, PENPL2] -> AL.PENPL1 -> [ALL2, AL.LHL2]",GNG,1,PENP,2,AL,2,AL.LH,2
4128,mixed,BWD->mix,BWD,mix,1,2,1,4,2,1.986,2580,645.0,AL.PENP,1,2,2,"[AL.PENPL2, PENPL2] -> AL.PENPL1 -> [ALL1, AL.LHL2]",AL.PENP,2,PENP,2,AL,1,AL.LH,2
48620,mixed,LAT->mix,LAT,mix,1,1,2,2,1,1.0,3933,1966.5,AL.PENP,2,2,2,"[ALL2, PENPL2] -> AL.PENPL2 -> [ALL1, PENPL3]",AL,2,PENP,2,AL,1,PENP,3
31790,mixed,mix->mix,mix,mix,2,0,2,2,1,1.0,3933,1966.5,AL.PENP,2,2,2,"[ALL1, PENPL2] -> AL.PENPL2 -> [ALL2, PENPL3]",AL,1,PENP,2,AL,2,PENP,3
26496,mixed,mix->mix,mix,mix,2,0,2,2,2,1.059,3933,1966.5,AL.PENP,2,2,2,"[ALL1, ALL2] -> AL.PENPL2 -> [PENPL2, PENPL3]",AL,1,AL,2,PENP,2,PENP,3
25432,mixed,mix->mix,mix,mix,0,2,2,2,1,1.0,3380,1690.0,AL.PENP,2,2,2,"[LX.VLNPL3, PENPL2] -> AL.PENPL2 -> [ALL1, ALL2]",LX.VLNP,3,PENP,2,AL,1,AL,2
24310,mixed,LAT->mix,LAT,mix,1,1,2,2,1,1.0,4023,2011.5,AL.PENP,2,2,2,"[ALL2, PENPL2] -> AL.PENPL2 -> [ALL1, VLNPL3]",AL,2,PENP,2,AL,1,VLNP,3
23120,mixed,mix->mix,mix,mix,1,1,2,2,1,1.0,2239,1119.5,AL.PENP,2,2,2,"[LX.VLNPL3, PENPL2] -> AL.PENPL2 -> [ALL2, PENPL3]",LX.VLNP,3,PENP,2,AL,2,PENP,3
22880,mixed,mix->mix,mix,mix,1,2,1,2,1,1.0,3479,1739.5,AL.PENP,2,2,2,"[ALL2, LX.VLNPL3] -> AL.PENPL2 -> [ALL1, PENPL3]",AL,2,LX.VLNP,3,AL,1,PENP,3
22253,mixed,mix->mix,mix,mix,0,2,2,2,1,1.0,3933,1966.5,AL.PENP,2,2,2,"[PENPL2, PENPL3] -> AL.PENPL2 -> [ALL1, ALL2]",PENP,2,PENP,3,AL,1,AL,2
22253,mixed,mix->mix,mix,mix,0,2,2,2,1,1.0,3352,1676.0,AL.PENP,2,2,2,"[PENPL2, PENP.VMNPL3] -> AL.PENPL2 -> [ALL1, ALL2]",PENP,2,PENP.VMNP,3,AL,1,AL,2
22253,mixed,LAT->mix,LAT,mix,0,1,3,2,1,1.0,3403,1701.5,AL.PENP,2,2,2,"[PENPL2, VLNP.VMNPL2] -> AL.PENPL2 -> [ALL1, ALL2]",PENP,2,VLNP.VMNP,2,AL,1,AL,2
22100,mixed,LAT->FWD,LAT,FWD,2,0,2,2,1,1.0,2882,1441.0,AL.PENP,2,2,2,"[ALL2, PENPL2] -> AL.PENPL2 -> [PENPL3, VLNPL3]",AL,2,PENP,2,PENP,3,VLNP,3
20592,mixed,mix->mix,mix,mix,0,2,2,2,1,1.0,3380,1690.0,AL.PENP,2,2,2,"[ALL2, LX.VLNPL3] -> AL.PENPL2 -> [ALL1, PENPL2]",AL,2,LX.VLNP,3,AL,1,PENP,2
20230,mixed,mix->mix,mix,mix,1,1,2,2,1,1.0,2211,1105.5,AL.PENP,2,2,2,"[PENPL2, PENP.VMNPL3] -> AL.PENPL2 -> [ALL2, PENPL3]",PENP,2,PENP.VMNP,3,AL,2,PENP,3
20230,mixed,LAT->mix,LAT,mix,1,0,3,2,1,1.0,2262,1131.0,AL.PENP,2,2,2,"[PENPL2, VLNP.VMNPL2] -> AL.PENPL2 -> [ALL2, PENPL3]",PENP,2,VLNP.VMNP,2,AL,2,PENP,3
20020,mixed,mix->mix,mix,mix,1,2,1,2,1,1.0,3451,1725.5,AL.PENP,2,2,2,"[ALL2, PENP.VMNPL3] -> AL.PENPL2 -> [ALL1, PENPL3]",AL,2,PENP.VMNP,3,AL,1,PENP,3
20020,mixed,LAT->mix,LAT,mix,1,1,2,2,1,1.0,3502,1751.0,AL.PENP,2,2,2,"[ALL2, VLNP.VMNPL2] -> AL.PENPL2 -> [ALL1, PENPL3]",AL,2,VLNP.VMNP,2,AL,1,PENP,3
19448,mixed,LAT->mix,LAT,mix,0,1,3,2,1,1.0,3486,1743.0,AL.PENP,2,2,2,"[ALL2, PENPL2] -> AL.PENPL2 -> [ALL1, AL.LHL2]",AL,2,PENP,2,AL,1,AL.LH,2
19448,mixed,LAT->mix,LAT,mix,0,1,3,2,1,1.0,3349,1674.5,AL.PENP,2,2,2,"[ALL2, PENPL2] -> AL.PENPL2 -> [ALL1, PENP.VMNPL2]",AL,2,PENP,2,AL,1,PENP.VMNP,2
19448,mixed,LAT->mix,LAT,mix,1,1,2,2,1,1.0,3352,1676.0,AL.PENP,2,2,2,"[ALL2, PENPL2] -> AL.PENPL2 -> [ALL1, PENP.VMNPL3]",AL,2,PENP,2,AL,1,PENP.VMNP,3
19448,mixed,LAT->mix,LAT,mix,1,1,2,2,1,1.0,3414,1707.0,AL.PENP,2,2,2,"[ALL2, PENPL2] -> AL.PENPL2 -> [ALL1, VLNP.VMNPL3]",AL,2,PENP,2,AL,1,VLNP.VMNP,3
12768,mixed,BWD->mix,BWD,mix,1,2,1,3,1,1.0,2840,946.667,AL.SNP,1,2,2,"[INP.MBL2, MB.SNPL2] -> AL.SNPL1 -> [ALL1, ALL2]",INP.MB,2,MB.SNP,2,AL,1,AL,2
10080,mixed,BWD->FWD,BWD,FWD,2,2,0,3,1,1.0,1183,394.333,AL.SNP,1,2,2,"[INP.MBL2, MB.SNPL2] -> AL.SNPL1 -> [ALL2, AL.MBL2]",INP.MB,2,MB.SNP,2,AL,2,AL.MB,2
8512,mixed,BWD->mix,BWD,mix,1,2,1,3,1,1.0,2971,990.333,AL.SNP,1,2,2,"[AL.LHL2, MB.SNPL2] -> AL.SNPL1 -> [ALL1, ALL2]",AL.LH,2,MB.SNP,2,AL,1,AL,2
6720,mixed,mix->FWD,mix,FWD,2,1,1,3,1,1.0,2902,967.333,AL.SNP,1,2,2,"[ALL1, MB.SNPL2] -> AL.SNPL1 -> [ALL2, AL.MBL2]",AL,1,MB.SNP,2,AL,2,AL.MB,2
6720,mixed,BWD->FWD,BWD,FWD,2,2,0,3,1,1.0,1314,438.0,AL.SNP,1,2,2,"[AL.LHL2, MB.SNPL2] -> AL.SNPL1 -> [ALL2, AL.MBL2]",AL.LH,2,MB.SNP,2,AL,2,AL.MB,2
6384,mixed,BWD->mix,BWD,mix,1,2,1,3,1,1.0,3007,1002.333,AL.SNP,1,2,2,"[AL.LHL2, INP.MBL2] -> AL.SNPL1 -> [ALL1, ALL2]",AL.LH,2,INP.MB,2,AL,1,AL,2
6048,mixed,BWD->FWD,BWD,FWD,2,2,0,3,1,1.0,1252,417.333,AL.SNP,1,2,2,"[INP.MBL2, MB.SNPL2] -> AL.SNPL1 -> [ALL2, AL.LHL2]",INP.MB,2,MB.SNP,2,AL,2,AL.LH,2
5040,mixed,mix->FWD,mix,FWD,2,1,1,3,1,1.0,2938,979.333,AL.SNP,1,2,2,"[ALL1, INP.MBL2] -> AL.SNPL1 -> [ALL2, AL.MBL2]",AL,1,INP.MB,2,AL,2,AL.MB,2
5040,mixed,BWD->FWD,BWD,FWD,2,2,0,3,1,1.0,1350,450.0,AL.SNP,1,2,2,"[AL.LHL2, INP.MBL2] -> AL.SNPL1 -> [ALL2, AL.MBL2]",AL.LH,2,INP.MB,2,AL,2,AL.MB,2
4560,mixed,BWD->mix,BWD,mix,1,2,1,3,1,1.0,2902,967.333,AL.SNP,1,2,2,"[ALL2, MB.SNPL2] -> AL.SNPL1 -> [ALL1, AL.MBL2]",AL,2,MB.SNP,2,AL,1,AL.MB,2
4256,mixed,mix->mix,mix,mix,1,1,2,3,1,1.0,2758,919.333,AL.SNP,1,2,2,"[LHL1, MB.SNPL2] -> AL.SNPL1 -> [ALL1, ALL2]",LH,1,MB.SNP,2,AL,1,AL,2
4256,mixed,BWD->mix,BWD,mix,1,2,1,3,1,1.0,2850,950.0,AL.SNP,1,2,2,"[LHL2, MB.SNPL2] -> AL.SNPL1 -> [ALL1, ALL2]",LH,2,MB.SNP,2,AL,1,AL,2
4256,mixed,BWD->mix,BWD,mix,1,2,1,3,1,1.0,3129,1043.0,AL.SNP,1,2,2,"[MB.SNPL2, SNPL2] -> AL.SNPL1 -> [ALL1, ALL2]",MB.SNP,2,SNP,2,AL,1,AL,2
4256,mixed,BWD->mix,BWD,mix,1,2,1,3,1,1.0,2828,942.667,AL.SNP,1,2,2,"[MB.SNPL2, SNP.VLNPL2] -> AL.SNPL1 -> [ALL1, ALL2]",MB.SNP,2,SNP.VLNP,2,AL,1,AL,2
4256,mixed,mix->mix,mix,mix,1,1,2,3,1,1.0,2835,945.0,AL.SNP,1,2,2,"[MB.SNPL2, VLNPL1] -> AL.SNPL1 -> [ALL1, ALL2]",MB.SNP,2,VLNP,1,AL,1,AL,2
4032,mixed,mix->FWD,mix,FWD,2,1,1,3,1,1.0,2971,990.333,AL.SNP,1,2,2,"[ALL1, MB.SNPL2] -> AL.SNPL1 -> [ALL2, AL.LHL2]",AL,1,MB.SNP,2,AL,2,AL.LH,2
3420,mixed,BWD->mix,BWD,mix,1,2,1,3,1,1.0,2938,979.333,AL.SNP,1,2,2,"[ALL2, INP.MBL2] -> AL.SNPL1 -> [ALL1, AL.MBL2]",AL,2,INP.MB,2,AL,1,AL.MB,2
3420,mixed,BWD->mix,BWD,mix,1,2,1,3,1,1.0,2077,692.333,AL.SNP,1,2,2,"[INP.MBL2, MB.SNPL2] -> AL.SNPL1 -> [ALL1, AL.MBL2]",INP.MB,2,MB.SNP,2,AL,1,AL.MB,2
3360,mixed,mix->FWD,mix,FWD,2,1,1,3,1,1.0,3069,1023.0,AL.SNP,1,2,2,"[ALL1, AL.LHL2] -> AL.SNPL1 -> [ALL2, AL.MBL2]",AL,1,AL.LH,2,AL,2,AL.MB,2
3360,mixed,mix->FWD,mix,FWD,2,1,1,3,1,1.0,1101,367.0,AL.SNP,1,2,2,"[LHL1, MB.SNPL2] -> AL.SNPL1 -> [ALL2, AL.MBL2]",LH,1,MB.SNP,2,AL,2,AL.MB,2
11098,mixed,mix->mix,mix,mix,2,0,2,28,10,2.343,4085,145.893,AL.SNP,2,2,2,"[ALL1, AL.MBL2] -> AL.SNPL2 -> [SNPL2, SNPL3]",AL,1,AL.MB,2,SNP,2,SNP,3
10604,mixed,mix->mix,mix,mix,2,0,2,28,12,4.728,4848,173.143,AL.SNP,2,2,2,"[ALL1, ALL2] -> AL.SNPL2 -> [SNPL2, SNPL3]",AL,1,AL,2,SNP,2,SNP,3
7212,mixed,mix->FWD,mix,FWD,3,0,1,28,5,3.996,5060,180.714,AL.SNP,2,2,2,"[ALL1, ALL2] -> AL.SNPL2 -> [LHL3, SNPL3]",AL,1,AL,2,LH,3,SNP,3
6663,mixed,mix->FWD,mix,FWD,3,0,1,28,6,2.449,4297,153.464,AL.SNP,2,2,2,"[ALL1, AL.MBL2] -> AL.SNPL2 -> [LHL3, SNPL3]",AL,1,AL.MB,2,LH,3,SNP,3
4872,mixed,LAT->mix,LAT,mix,1,0,3,28,8,3.489,3191,113.964,AL.SNP,2,2,2,"[ALL2, AL.MBL2] -> AL.SNPL2 -> [SNPL2, SNPL3]",AL,2,AL.MB,2,SNP,2,SNP,3
3815,mixed,mix->mix,mix,mix,2,0,2,28,9,4.243,4154,148.357,AL.SNP,2,2,2,"[ALL1, AL.LHL2] -> AL.SNPL2 -> [SNPL2, SNPL3]",AL,1,AL.LH,2,SNP,2,SNP,3
3516,mixed,mix->mix,mix,mix,2,0,2,28,5,3.592,3666,130.929,AL.SNP,2,2,2,"[ALL1, ALL2] -> AL.SNPL2 -> [LHL3, SNPL2]",AL,1,AL,2,LH,3,SNP,2
3048,mixed,mix->FWD,mix,FWD,3,0,1,28,2,1.225,4652,166.143,AL.SNP,2,2,2,"[ALL1, ALL2] -> AL.SNPL2 -> [INP.SNPL3, SNPL3]",AL,1,AL,2,INP.SNP,3,SNP,3
2996,mixed,mix->FWD,mix,FWD,3,0,1,28,4,3.311,5197,185.607,AL.SNP,2,2,2,"[ALL1, ALL2] -> AL.SNPL2 -> [LH.SNPL3, SNPL3]",AL,1,AL,2,LH.SNP,3,SNP,3
2978,mixed,mix->mix,mix,mix,2,0,2,28,6,2.173,3806,135.929,AL.SNP,2,2,2,"[ALL1, AL.MBL2] -> AL.SNPL2 -> [LHL2, SNPL3]",AL,1,AL.MB,2,LH,2,SNP,3
2956,mixed,LAT->FWD,LAT,FWD,2,0,2,28,5,3.11,3403,121.536,AL.SNP,2,2,2,"[ALL2, AL.MBL2] -> AL.SNPL2 -> [LHL3, SNPL3]",AL,2,AL.MB,2,LH,3,SNP,3
2888,mixed,mix->mix,mix,mix,2,0,2,28,6,2.439,2903,103.679,AL.SNP,2,2,2,"[ALL1, AL.MBL2] -> AL.SNPL2 -> [LHL3, SNPL2]",AL,1,AL.MB,2,LH,3,SNP,2
2832,mixed,mix->FWD,mix,FWD,3,0,1,28,2,1.07,3470,123.929,AL.SNP,2,2,2,"[ALL1, ALL2] -> AL.SNPL2 -> [INP.SNPL3, LHL3]",AL,1,AL,2,INP.SNP,3,LH,3
2817,mixed,mix->mix,mix,mix,2,0,2,28,6,4.693,4569,163.179,AL.SNP,2,2,2,"[ALL1, ALL2] -> AL.SNPL2 -> [LHL2, SNPL3]",AL,1,AL,2,LH,2,SNP,3
2760,mixed,mix->FWD,mix,FWD,3,0,1,28,2,1.018,3637,129.893,AL.SNP,2,2,2,"[ALL1, ALL2] -> AL.SNPL2 -> [INP.SNPL3, VLNPL3]",AL,1,AL,2,INP.SNP,3,VLNP,3
2708,mixed,mix->FWD,mix,FWD,3,0,1,28,4,3.446,4434,158.357,AL.SNP,2,2,2,"[ALL1, AL.MBL2] -> AL.SNPL2 -> [LH.SNPL3, SNPL3]",AL,1,AL.MB,2,LH.SNP,3,SNP,3
2646,mixed,mix->FWD,mix,FWD,3,0,1,28,4,1.596,5227,186.679,AL.SNP,2,2,2,"[ALL1, ALL2] -> AL.SNPL2 -> [SNPL3, VLNPL3]",AL,1,AL,2,SNP,3,VLNP,3
2500,mixed,mix->FWD,mix,FWD,3,0,1,28,6,4.066,4366,155.929,AL.SNP,2,2,2,"[ALL1, AL.LHL2] -> AL.SNPL2 -> [LHL3, SNPL3]",AL,1,AL.LH,2,LH,3,SNP,3
2448,mixed,FWD->mix,FWD,mix,3,0,1,28,4,3.197,3943,140.821,AL.SNP,2,2,2,"[ALL1, AL.INPL1] -> AL.SNPL2 -> [SNPL2, SNPL3]",AL,1,AL.INP,1,SNP,2,SNP,3
2431,mixed,LAT->mix,LAT,mix,1,0,3,28,9,4.058,3260,116.429,AL.SNP,2,2,2,"[ALL2, AL.LHL2] -> AL.SNPL2 -> [SNPL2, SNPL3]",AL,2,AL.LH,2,SNP,2,SNP,3
1320,mixed,mix->mix,mix,mix,1,1,2,10,1,1.0,2573,257.3,AL.SNP,3,2,2,"[AL.LHL2, LHL3] -> AL.SNPL3 -> [ALL2, GNGL3]",AL.LH,2,LH,3,AL,2,GNG,3
990,mixed,mix->BWD,mix,BWD,1,2,1,10,1,1.0,2515,251.5,AL.SNP,3,2,2,"[AL.LHL2, LHL3] -> AL.SNPL3 -> [ALL2, GNGL2]",AL.LH,2,LH,3,AL,2,GNG,2
720,mixed,mix->mix,mix,mix,1,1,2,10,1,1.0,2474,247.4,AL.SNP,3,2,2,"[AL.LHL2, LHL3] -> AL.SNPL3 -> [GNGL2, GNGL3]",AL.LH,2,LH,3,GNG,2,GNG,3
600,mixed,mix->mix,mix,mix,1,1,2,10,2,1.22,3082,308.2,AL.SNP,3,2,2,"[ALL2, ALL3] -> AL.SNPL3 -> [SNPL2, SNPL3]",AL,2,AL,3,SNP,2,SNP,3
440,mixed,FWD->mix,FWD,mix,2,1,1,10,1,1.0,2134,213.4,AL.SNP,3,2,2,"[AL.LHL2, AL.MBL2] -> AL.SNPL3 -> [ALL2, GNGL3]",AL.LH,2,AL.MB,2,AL,2,GNG,3
440,mixed,mix->mix,mix,mix,1,1,2,10,1,1.0,2014,201.4,AL.SNP,3,2,2,"[AL.LHL2, GNG.INPL3] -> AL.SNPL3 -> [ALL2, GNGL3]",AL.LH,2,GNG.INP,3,AL,2,GNG,3
440,mixed,FWD->mix,FWD,mix,2,1,1,10,1,1.0,2013,201.3,AL.SNP,3,2,2,"[AL.LHL2, GNG.SNPL2] -> AL.SNPL3 -> [ALL2, GNGL3]",AL.LH,2,GNG.SNP,2,AL,2,GNG,3
440,mixed,mix->mix,mix,mix,1,1,2,10,1,1.0,2650,265.0,AL.SNP,3,2,2,"[AL.LHL2, PENPL3] -> AL.SNPL3 -> [ALL2, GNGL3]",AL.LH,2,PENP,3,AL,2,GNG,3
440,mixed,FWD->mix,FWD,mix,2,1,1,10,1,1.0,2361,236.1,AL.SNP,3,2,2,"[AL.LHL2, SNPL2] -> AL.SNPL3 -> [ALL2, GNGL3]",AL.LH,2,SNP,2,AL,2,GNG,3
440,mixed,mix->mix,mix,mix,1,1,2,10,1,1.0,3755,375.5,AL.SNP,3,2,2,"[AL.LHL2, SNPL3] -> AL.SNPL3 -> [ALL2, GNGL3]",AL.LH,2,SNP,3,AL,2,GNG,3
330,mixed,FWD->BWD,FWD,BWD,2,2,0,10,1,1.0,2076,207.6,AL.SNP,3,2,2,"[AL.LHL2, AL.MBL2] -> AL.SNPL3 -> [ALL2, GNGL2]",AL.LH,2,AL.MB,2,AL,2,GNG,2
330,mixed,mix->BWD,mix,BWD,1,2,1,10,1,1.0,1956,195.6,AL.SNP,3,2,2,"[AL.LHL2, GNG.INPL3] -> AL.SNPL3 -> [ALL2, GNGL2]",AL.LH,2,GNG.INP,3,AL,2,GNG,2
330,mixed,FWD->BWD,FWD,BWD,2,2,0,10,1,1.0,1955,195.5,AL.SNP,3,2,2,"[AL.LHL2, GNG.SNPL2] -> AL.SNPL3 -> [ALL2, GNGL2]",AL.LH,2,GNG.SNP,2,AL,2,GNG,2
330,mixed,mix->mix,mix,mix,1,1,2,10,1,1.0,1743,174.3,AL.SNP,3,2,2,"[AL.LHL2, LHL3] -> AL.SNPL3 -> [ALL2, GNG.SNPL3]",AL.LH,2,LH,3,AL,2,GNG.SNP,3
330,mixed,mix->mix,mix,mix,1,1,2,10,1,1.0,1748,174.8,AL.SNP,3,2,2,"[AL.LHL2, LHL3] -> AL.SNPL3 -> [ALL2, GNG.VLNPL3]",AL.LH,2,LH,3,AL,2,GNG.VLNP,3
330,mixed,mix->mix,mix,mix,1,1,2,10,1,1.0,2367,236.7,AL.SNP,3,2,2,"[AL.LHL2, LHL3] -> AL.SNPL3 -> [ALL2, PENPL3]",AL.LH,2,LH,3,AL,2,PENP,3
330,mixed,mix->BWD,mix,BWD,1,2,1,10,1,1.0,2592,259.2,AL.SNP,3,2,2,"[AL.LHL2, PENPL3] -> AL.SNPL3 -> [ALL2, GNGL2]",AL.LH,2,PENP,3,AL,2,GNG,2
330,mixed,FWD->BWD,FWD,BWD,2,2,0,10,1,1.0,2303,230.3,AL.SNP,3,2,2,"[AL.LHL2, SNPL2] -> AL.SNPL3 -> [ALL2, GNGL2]",AL.LH,2,SNP,2,AL,2,GNG,2
330,mixed,mix->BWD,mix,BWD,1,2,1,10,1,1.0,3697,369.7,AL.SNP,3,2,2,"[AL.LHL2, SNPL3] -> AL.SNPL3 -> [ALL2, GNGL2]",AL.LH,2,SNP,3,AL,2,GNG,2
310,mixed,mix->BWD,mix,BWD,1,2,1,10,2,1.949,1363,136.3,AL.SNP,3,2,2,"[ALL2, ALL3] -> AL.SNPL3 -> [MB.SNPL2, SNPL2]",AL,2,AL,3,MB.SNP,2,SNP,2
49296,mixed,mix->FWD,mix,FWD,2,1,1,5,1,1.0,3227,645.4,AL.VLNP,1,2,2,"[ALL1, AL.MBL2] -> AL.VLNPL1 -> [ALL2, SNPL2]",AL,1,AL.MB,2,AL,2,SNP,2
43134,mixed,mix->FWD,mix,FWD,2,1,1,5,1,1.0,3296,659.2,AL.VLNP,1,2,2,"[ALL1, AL.LHL2] -> AL.VLNPL1 -> [ALL2, SNPL2]",AL,1,AL.LH,2,AL,2,SNP,2
32864,mixed,mix->FWD,mix,FWD,2,1,1,5,1,1.0,3069,613.8,AL.VLNP,1,2,2,"[ALL1, AL.MBL2] -> AL.VLNPL1 -> [ALL2, AL.LHL2]",AL,1,AL.MB,2,AL,2,AL.LH,2
32864,mixed,mix->mix,mix,mix,1,1,2,5,1,1.0,2903,580.6,AL.VLNP,1,2,2,"[ALL1, AL.MBL2] -> AL.VLNPL1 -> [ALL2, OL.VLNPL1]",AL,1,AL.MB,2,AL,2,OL.VLNP,1
32864,mixed,mix->FWD,mix,FWD,2,1,1,5,1,1.0,3215,643.0,AL.VLNP,1,2,2,"[ALL1, AL.MBL2] -> AL.VLNPL1 -> [ALL2, VLNPL2]",AL,1,AL.MB,2,AL,2,VLNP,2
28756,mixed,mix->mix,mix,mix,1,1,2,5,1,1.0,2972,594.4,AL.VLNP,1,2,2,"[ALL1, AL.LHL2] -> AL.VLNPL1 -> [ALL2, OL.VLNPL1]",AL,1,AL.LH,2,AL,2,OL.VLNP,1
28756,mixed,mix->FWD,mix,FWD,2,1,1,5,1,1.0,3284,656.8,AL.VLNP,1,2,2,"[ALL1, AL.LHL2] -> AL.VLNPL1 -> [ALL2, VLNPL2]",AL,1,AL.LH,2,AL,2,VLNP,2
26070,mixed,mix->FWD,mix,FWD,2,1,1,5,1,1.0,3296,659.2,AL.VLNP,1,2,2,"[ALL1, ALL2] -> AL.VLNPL1 -> [AL.LHL2, SNPL2]",AL,1,AL,2,AL.LH,2,SNP,2
26070,mixed,mix->mix,mix,mix,1,1,2,5,1,1.0,3130,626.0,AL.VLNP,1,2,2,"[ALL1, ALL2] -> AL.VLNPL1 -> [OL.VLNPL1, SNPL2]",AL,1,AL,2,OL.VLNP,1,SNP,2
26070,mixed,mix->FWD,mix,FWD,2,1,1,5,1,1.0,3442,688.4,AL.VLNP,1,2,2,"[ALL1, ALL2] -> AL.VLNPL1 -> [SNPL2, VLNPL2]",AL,1,AL,2,SNP,2,VLNP,2
17380,mixed,mix->mix,mix,mix,1,1,2,5,1,1.0,2972,594.4,AL.VLNP,1,2,2,"[ALL1, ALL2] -> AL.VLNPL1 -> [AL.LHL2, OL.VLNPL1]",AL,1,AL,2,AL.LH,2,OL.VLNP,1
17380,mixed,mix->FWD,mix,FWD,2,1,1,5,1,1.0,3284,656.8,AL.VLNP,1,2,2,"[ALL1, ALL2] -> AL.VLNPL1 -> [AL.LHL2, VLNPL2]",AL,1,AL,2,AL.LH,2,VLNP,2
17380,mixed,mix->mix,mix,mix,1,1,2,5,1,1.0,3118,623.6,AL.VLNP,1,2,2,"[ALL1, ALL2] -> AL.VLNPL1 -> [OL.VLNPL1, VLNPL2]",AL,1,AL,2,OL.VLNP,1,VLNP,2
16432,mixed,mix->FWD,mix,FWD,2,1,1,5,1,1.0,2883,576.6,AL.VLNP,1,2,2,"[ALL1, AL.MBL2] -> AL.VLNPL1 -> [ALL2, AL.SNPL2]",AL,1,AL.MB,2,AL,2,AL.SNP,2
16432,mixed,mix->FWD,mix,FWD,2,1,1,5,1,1.0,2897,579.4,AL.VLNP,1,2,2,"[ALL1, AL.MBL2] -> AL.VLNPL1 -> [ALL2, AL.VLNPL2]",AL,1,AL.MB,2,AL,2,AL.VLNP,2
16432,mixed,mix->FWD,mix,FWD,2,1,1,5,1,1.0,2860,572.0,AL.VLNP,1,2,2,"[ALL1, AL.MBL2] -> AL.VLNPL1 -> [ALL2, GNG.INPL2]",AL,1,AL.MB,2,AL,2,GNG.INP,2
16432,mixed,mix->FWD,mix,FWD,2,1,1,5,1,1.0,2857,571.4,AL.VLNP,1,2,2,"[ALL1, AL.MBL2] -> AL.VLNPL1 -> [ALL2, GNG.LHL2]",AL,1,AL.MB,2,AL,2,GNG.LH,2
16432,mixed,mix->FWD,mix,FWD,2,1,1,5,1,1.0,2960,592.0,AL.VLNP,1,2,2,"[ALL1, AL.MBL2] -> AL.VLNPL1 -> [ALL2, GNG.VMNPL2]",AL,1,AL.MB,2,AL,2,GNG.VMNP,2
16432,mixed,mix->mix,mix,mix,1,1,2,5,1,1.0,2858,571.6,AL.VLNP,1,2,2,"[ALL1, AL.MBL2] -> AL.VLNPL1 -> [ALL2, INP.LHL1]",AL,1,AL.MB,2,AL,2,INP.LH,1
16432,mixed,mix->FWD,mix,FWD,2,1,1,5,1,1.0,2895,579.0,AL.VLNP,1,2,2,"[ALL1, AL.MBL2] -> AL.VLNPL1 -> [ALL2, INP.VLNPL2]",AL,1,AL.MB,2,AL,2,INP.VLNP,2
269298,mixed,mix->FWD,mix,FWD,3,0,1,42,18,6.115,3569,84.976,AL.VLNP,2,2,2,"[ALL1, ALL2] -> AL.VLNPL2 -> [LX.VLNPL3, VLNPL3]",AL,1,AL,2,LX.VLNP,3,VLNP,3
228903,mixed,mix->mix,mix,mix,2,0,2,42,30,9.836,3821,90.976,AL.VLNP,2,2,2,"[ALL1, ALL2] -> AL.VLNPL2 -> [VLNPL2, VLNPL3]",AL,1,AL,2,VLNP,2,VLNP,3
210229,mixed,mix->FWD,mix,FWD,3,0,1,42,21,6.725,4045,96.31,AL.VLNP,2,2,2,"[ALL1, ALL2] -> AL.VLNPL2 -> [LHL3, VLNPL3]",AL,1,AL,2,LH,3,VLNP,3
195949,mixed,LAT->FWD,LAT,FWD,2,0,2,42,13,3.911,1981,47.167,AL.VLNP,2,2,2,"[ALL2, AL.LHL2] -> AL.VLNPL2 -> [LX.VLNPL3, VLNPL3]",AL,2,AL.LH,2,LX.VLNP,3,VLNP,3
146442,mixed,mix->mix,mix,mix,2,0,2,42,21,8.32,3675,87.5,AL.VLNP,2,2,2,"[ALL1, ALL2] -> AL.VLNPL2 -> [AL.LHL2, VLNPL3]",AL,1,AL,2,AL.LH,2,VLNP,3
141165,mixed,mix->FWD,mix,FWD,3,0,1,42,18,4.985,3503,83.405,AL.VLNP,2,2,2,"[ALL1, ALL2] -> AL.VLNPL2 -> [LH.VLNPL3, VLNPL3]",AL,1,AL,2,LH.VLNP,3,VLNP,3
132335,mixed,mix->FWD,mix,FWD,3,0,1,42,13,7.889,4182,99.571,AL.VLNP,2,2,2,"[ALL1, ALL2] -> AL.VLNPL2 -> [LH.SNPL3, VLNPL3]",AL,1,AL,2,LH.SNP,3,VLNP,3
125724,mixed,mix->FWD,mix,FWD,3,0,1,42,14,4.198,2875,68.452,AL.VLNP,2,2,2,"[ALL1, AL.LHL2] -> AL.VLNPL2 -> [LX.VLNPL3, VLNPL3]",AL,1,AL.LH,2,LX.VLNP,3,VLNP,3
123524,mixed,LAT->mix,LAT,mix,1,0,3,42,22,4.079,2233,53.167,AL.VLNP,2,2,2,"[ALL2, AL.LHL2] -> AL.VLNPL2 -> [VLNPL2, VLNPL3]",AL,2,AL.LH,2,VLNP,2,VLNP,3
118245,mixed,LAT->FWD,LAT,FWD,2,0,2,42,14,3.844,2457,58.5,AL.VLNP,2,2,2,"[ALL2, AL.LHL2] -> AL.VLNPL2 -> [LHL3, VLNPL3]",AL,2,AL.LH,2,LH,3,VLNP,3
113589,mixed,mix->mix,mix,mix,2,0,2,42,15,5.427,3675,87.5,AL.VLNP,2,2,2,"[ALL1, AL.LHL2] -> AL.VLNPL2 -> [ALL2, VLNPL3]",AL,1,AL.LH,2,AL,2,VLNP,3
112432,mixed,mix->FWD,mix,FWD,3,0,1,42,15,4.938,3402,81.0,AL.VLNP,2,2,2,"[ALL1, ALL2] -> AL.VLNPL2 -> [LHL3, LX.VLNPL3]",AL,1,AL,2,LH,3,LX.VLNP,3
109768,mixed,LAT->mix,LAT,mix,1,1,2,42,10,3.651,3675,87.5,AL.VLNP,2,2,2,"[ALL2, AL.LHL2] -> AL.VLNPL2 -> [ALL1, VLNPL3]",AL,2,AL.LH,2,AL,1,VLNP,3
106687,mixed,mix->LAT,mix,LAT,1,0,3,42,15,2.356,3284,78.19,AL.VLNP,2,2,2,"[ALL1, AL.LHL2] -> AL.VLNPL2 -> [ALL2, VLNPL2]",AL,1,AL.LH,2,AL,2,VLNP,2
105600,mixed,mix->mix,mix,mix,2,0,2,42,18,4.893,3178,75.667,AL.VLNP,2,2,2,"[ALL1, ALL2] -> AL.VLNPL2 -> [LX.VLNPL3, VLNPL2]",AL,1,AL,2,LX.VLNP,3,VLNP,2
103951,mixed,mix->mix,mix,mix,2,0,2,42,22,12.286,3592,85.524,AL.VLNP,2,2,2,"[ALL1, ALL2] -> AL.VLNPL2 -> [VLNPL3, VLNP.VMNPL2]",AL,1,AL,2,VLNP,3,VLNP.VMNP,2
94449,mixed,mix->mix,mix,mix,2,0,2,42,21,6.365,3654,87.0,AL.VLNP,2,2,2,"[ALL1, ALL2] -> AL.VLNPL2 -> [LHL3, VLNPL2]",AL,1,AL,2,LH,3,VLNP,2
89963,mixed,LAT->FWD,LAT,FWD,2,0,2,42,11,3.531,1814,43.19,AL.VLNP,2,2,2,"[ALL2, AL.LHL2] -> AL.VLNPL2 -> [LHL3, LX.VLNPL3]",AL,2,AL.LH,2,LH,3,LX.VLNP,3
84995,mixed,mix->mix,mix,mix,2,0,2,42,23,5.169,3127,74.452,AL.VLNP,2,2,2,"[ALL1, AL.LHL2] -> AL.VLNPL2 -> [VLNPL2, VLNPL3]",AL,1,AL.LH,2,VLNP,2,VLNP,3
80724,mixed,LAT->mix,LAT,mix,1,0,3,42,13,3.144,1590,37.857,AL.VLNP,2,2,2,"[ALL2, AL.LHL2] -> AL.VLNPL2 -> [LX.VLNPL3, VLNPL2]",AL,2,AL.LH,2,LX.VLNP,3,VLNP,2
13478,mixed,mix->mix,mix,mix,2,0,2,6,4,2.029,3592,598.667,AL.VMNP,2,2,2,"[ALL1, ALL2] -> AL.VMNPL2 -> [VLNPL3, VLNP.VMNPL2]",AL,1,AL,2,VLNP,3,VLNP.VMNP,2
12268,mixed,mix->mix,mix,mix,2,0,2,6,3,2.101,3821,636.833,AL.VMNP,2,2,2,"[ALL1, ALL2] -> AL.VMNPL2 -> [VLNPL2, VLNPL3]",AL,1,AL,2,VLNP,2,VLNP,3
11224,mixed,mix->FWD,mix,FWD,3,0,1,6,4,1.59,3603,600.5,AL.VMNP,2,2,2,"[ALL1, ALL2] -> AL.VMNPL2 -> [VLNPL3, VLNP.VMNPL3]",AL,1,AL,2,VLNP,3,VLNP.VMNP,3
10092,mixed,mix->FWD,mix,FWD,3,0,1,6,3,2.123,4045,674.167,AL.VMNP,2,2,2,"[ALL1, ALL2] -> AL.VMNPL2 -> [LHL3, VLNPL3]",AL,1,AL,2,LH,3,VLNP,3
7074,mixed,mix->mix,mix,mix,2,0,2,6,3,1.17,3934,655.667,AL.VMNP,2,2,2,"[ALL1, ALL2] -> AL.VMNPL2 -> [VLNPL3, VMNPL2]",AL,1,AL,2,VLNP,3,VMNP,2
7028,mixed,mix->mix,mix,mix,2,0,2,6,4,1.653,3503,583.833,AL.VMNP,2,2,2,"[ALL1, ALL2] -> AL.VMNPL2 -> [AL.VLNPL2, VLNPL3]",AL,1,AL,2,AL.VLNP,2,VLNP,3
6690,mixed,mix->FWD,mix,FWD,3,0,1,6,3,1.994,3569,594.833,AL.VMNP,2,2,2,"[ALL1, ALL2] -> AL.VMNPL2 -> [LX.VLNPL3, VLNPL3]",AL,1,AL,2,LX.VLNP,3,VLNP,3
6636,mixed,mix->mix,mix,mix,2,1,1,6,2,2.0,3088,514.667,AL.VMNP,2,2,2,"[ALL1, ALL2] -> AL.VMNPL2 -> [AL.GNGL1, VMNPL3]",AL,1,AL,2,AL.GNG,1,VMNP,3
6362,mixed,mix->FWD,mix,FWD,3,0,1,6,5,3.882,3835,639.167,AL.VMNP,2,2,2,"[ALL1, ALL2] -> AL.VMNPL2 -> [VLNPL3, VMNPL3]",AL,1,AL,2,VLNP,3,VMNP,3
6252,mixed,LAT->BWD,LAT,BWD,0,2,2,6,3,2.879,2859,476.5,AL.VMNP,2,2,2,"[ALL2, AL.MBL2] -> AL.VMNPL2 -> [ALL1, AL.GNGL1]",AL,2,AL.MB,2,AL,1,AL.GNG,1
6138,mixed,LAT->mix,LAT,mix,1,1,2,6,2,1.839,1431,238.5,AL.VMNP,2,2,2,"[ALL2, AL.MBL2] -> AL.VMNPL2 -> [AL.GNGL1, VMNPL3]",AL,2,AL.MB,2,AL.GNG,1,VMNP,3
5964,mixed,mix->LAT,mix,LAT,1,0,3,6,3,1.376,2897,482.833,AL.VMNP,2,2,2,"[ALL1, ALL2] -> AL.VMNPL2 -> [AL.MBL2, AL.VLNPL2]",AL,1,AL,2,AL.MB,2,AL.VLNP,2
5880,mixed,mix->mix,mix,mix,1,1,2,6,2,1.324,2859,476.5,AL.VMNP,2,2,2,"[ALL1, ALL2] -> AL.VMNPL2 -> [AL.GNGL1, AL.MBL2]",AL,1,AL,2,AL.GNG,1,AL.MB,2
5710,mixed,mix->mix,mix,mix,2,0,2,6,3,1.633,2983,497.167,AL.VMNP,2,2,2,"[ALL1, ALL2] -> AL.VMNPL2 -> [VLNP.VMNPL2, VLNP.VMNPL3]",AL,1,AL,2,VLNP.VMNP,2,VLNP.VMNP,3
5518,mixed,mix->LAT,mix,LAT,1,0,3,6,3,2.291,3201,533.5,AL.VMNP,2,2,2,"[ALL1, ALL2] -> AL.VMNPL2 -> [VLNPL2, VLNP.VMNPL2]",AL,1,AL,2,VLNP,2,VLNP.VMNP,2
5040,mixed,mix->LAT,mix,LAT,1,0,3,6,1,1.0,2861,476.833,AL.VMNP,2,2,2,"[ALL1, ALL2] -> AL.VMNPL2 -> [AL.GNGL2, AL.MBL2]",AL,1,AL,2,AL.GNG,2,AL.MB,2
5040,mixed,mix->mix,mix,mix,1,1,2,6,1,1.0,2858,476.333,AL.VMNP,2,2,2,"[ALL1, ALL2] -> AL.VMNPL2 -> [AL.INPL1, AL.MBL2]",AL,1,AL,2,AL.INP,1,AL.MB,2
5040,mixed,mix->LAT,mix,LAT,1,0,3,6,1,1.0,2879,479.833,AL.VMNP,2,2,2,"[ALL1, ALL2] -> AL.VMNPL2 -> [AL.MBL2, GNG.SNPL2]",AL,1,AL,2,AL.MB,2,GNG.SNP,2
4812,mixed,LAT->mix,LAT,mix,1,1,2,6,2,1.979,3229,538.167,AL.VMNP,2,2,2,"[ALL2, AL.MBL2] -> AL.VMNPL2 -> [ALL1, VMNPL3]",AL,2,AL.MB,2,AL,1,VMNP,3
4512,mixed,LAT->mix,LAT,mix,1,1,2,6,2,1.944,1500,250.0,AL.VMNP,2,2,2,"[ALL2, AL.LHL2] -> AL.VMNPL2 -> [AL.GNGL1, VMNPL3]",AL,2,AL.LH,2,AL.GNG,1,VMNP,3
600,mixed,mix->mix,mix,mix,1,1,2,2,1,1.0,1809,904.5,AL.VMNP,3,2,2,"[ALL2, VLNPL3] -> AL.VMNPL3 -> [AL.VLNPL2, LX.VLNPL3]",AL,2,VLNP,3,AL.VLNP,2,LX.VLNP,3
480,mixed,FWD->mix,FWD,mix,2,1,1,2,1,1.0,1707,853.5,AL.VMNP,3,2,2,"[ALL2, AL.VMNPL2] -> AL.VMNPL3 -> [AL.VLNPL2, VLNPL3]",AL,2,AL.VMNP,2,AL.VLNP,2,VLNP,3
480,mixed,FWD->LAT,FWD,LAT,2,0,2,2,1,1.0,1773,886.5,AL.VMNP,3,2,2,"[ALL2, AL.VMNPL2] -> AL.VMNPL3 -> [LX.VLNPL3, VLNPL3]",AL,2,AL.VMNP,2,LX.VLNP,3,VLNP,3
360,mixed,mix->BWD,mix,BWD,1,2,1,2,1,1.0,1832,916.0,AL.VMNP,3,2,2,"[ALL2, VLNPL3] -> AL.VMNPL3 -> [AL.VLNPL2, VLNP.VMNPL2]",AL,2,VLNP,3,AL.VLNP,2,VLNP.VMNP,2
360,mixed,mix->mix,mix,mix,1,1,2,2,1,1.0,1898,949.0,AL.VMNP,3,2,2,"[ALL2, VLNPL3] -> AL.VMNPL3 -> [LX.VLNPL3, VLNP.VMNPL2]",AL,2,VLNP,3,LX.VLNP,3,VLNP.VMNP,2
300,mixed,FWD->mix,FWD,mix,2,1,1,2,1,1.0,1064,532.0,AL.VMNP,3,2,2,"[ALL2, AL.VMNPL2] -> AL.VMNPL3 -> [AL.VLNPL2, LX.VLNPL3]",AL,2,AL.VMNP,2,AL.VLNP,2,LX.VLNP,3
288,mixed,FWD->mix,FWD,mix,2,1,1,2,1,1.0,1796,898.0,AL.VMNP,3,2,2,"[ALL2, AL.VMNPL2] -> AL.VMNPL3 -> [VLNPL3, VLNP.VMNPL2]",AL,2,AL.VMNP,2,VLNP,3,VLNP.VMNP,2
240,mixed,FWD->LAT,FWD,LAT,2,0,2,2,1,1.0,1809,904.5,AL.VMNP,3,2,2,"[ALL2, AL.VLNPL2] -> AL.VMNPL3 -> [LX.VLNPL3, VLNPL3]",AL,2,AL.VLNP,2,LX.VLNP,3,VLNP,3
240,mixed,mix->mix,mix,mix,1,1,2,2,1,1.0,2285,1142.5,AL.VMNP,3,2,2,"[ALL2, LHL3] -> AL.VMNPL3 -> [AL.VLNPL2, VLNPL3]",AL,2,LH,3,AL.VLNP,2,VLNP,3
240,mixed,mix->LAT,mix,LAT,1,0,3,2,1,1.0,2351,1175.5,AL.VMNP,3,2,2,"[ALL2, LHL3] -> AL.VMNPL3 -> [LX.VLNPL3, VLNPL3]",AL,2,LH,3,LX.VLNP,3,VLNP,3
240,mixed,FWD->mix,FWD,mix,2,1,1,2,1,1.0,2061,1030.5,AL.VMNP,3,2,2,"[ALL2, VLNPL2] -> AL.VMNPL3 -> [AL.VLNPL2, VLNPL3]",AL,2,VLNP,2,AL.VLNP,2,VLNP,3
240,mixed,FWD->LAT,FWD,LAT,2,0,2,2,1,1.0,2127,1063.5,AL.VMNP,3,2,2,"[ALL2, VLNPL2] -> AL.VMNPL3 -> [LX.VLNPL3, VLNPL3]",AL,2,VLNP,2,LX.VLNP,3,VLNP,3
240,mixed,mix->BWD,mix,BWD,1,2,1,2,1,1.0,2061,1030.5,AL.VMNP,3,2,2,"[ALL2, VLNPL3] -> AL.VMNPL3 -> [AL.VLNPL2, VLNPL2]",AL,2,VLNP,3,AL.VLNP,2,VLNP,2
240,mixed,mix->mix,mix,mix,1,1,2,2,1,1.0,1843,921.5,AL.VMNP,3,2,2,"[ALL2, VLNPL3] -> AL.VMNPL3 -> [AL.VLNPL2, VLNP.VMNPL3]",AL,2,VLNP,3,AL.VLNP,2,VLNP.VMNP,3
240,mixed,mix->mix,mix,mix,1,1,2,2,1,1.0,2127,1063.5,AL.VMNP,3,2,2,"[ALL2, VLNPL3] -> AL.VMNPL3 -> [LX.VLNPL3, VLNPL2]",AL,2,VLNP,3,LX.VLNP,3,VLNP,2
240,mixed,mix->LAT,mix,LAT,1,0,3,2,1,1.0,1909,954.5,AL.VMNP,3,2,2,"[ALL2, VLNPL3] -> AL.VMNPL3 -> [LX.VLNPL3, VLNP.VMNPL3]",AL,2,VLNP,3,LX.VLNP,3,VLNP.VMNP,3
240,mixed,mix->mix,mix,mix,1,1,2,2,1,1.0,2075,1037.5,AL.VMNP,3,2,2,"[ALL2, VMNPL3] -> AL.VMNPL3 -> [AL.VLNPL2, VLNPL3]",AL,2,VMNP,3,AL.VLNP,2,VLNP,3
240,mixed,mix->LAT,mix,LAT,1,0,3,2,1,1.0,2141,1070.5,AL.VMNP,3,2,2,"[ALL2, VMNPL3] -> AL.VMNPL3 -> [LX.VLNPL3, VLNPL3]",AL,2,VMNP,3,LX.VLNP,3,VLNP,3
200,mixed,mix->mix,mix,mix,1,1,2,2,1,1.0,907,453.5,AL.VMNP,3,2,2,"[AL.VMNPL2, VLNPL3] -> AL.VMNPL3 -> [AL.VLNPL2, LX.VLNPL3]",AL.VMNP,2,VLNP,3,AL.VLNP,2,LX.VLNP,3
192,mixed,FWD->mix,FWD,mix,2,1,1,2,1,1.0,2025,1012.5,AL.VMNP,3,2,2,"[ALL2, AL.VMNPL2] -> AL.VMNPL3 -> [VLNPL2, VLNPL3]",AL,2,AL.VMNP,2,VLNP,2,VLNP,3
76160,mixed,mix->FWD,mix,FWD,2,1,1,19,1,1.0,70539,3712.579,CX,2,2,2,"[OLL2, OLL3] -> CXL2 -> [CX.VLNPL3, LX.VLNPL3]",OL,2,OL,3,CX.VLNP,3,LX.VLNP,3
57120,mixed,LAT->FWD,LAT,FWD,2,0,2,19,1,1.0,39451,2076.368,CX,2,2,2,"[OLL2, OL.VLNPL2] -> CXL2 -> [CX.VLNPL3, LX.VLNPL3]",OL,2,OL.VLNP,2,CX.VLNP,3,LX.VLNP,3
53760,mixed,mix->mix,mix,mix,1,1,2,19,1,1.0,70615,3716.579,CX,2,2,2,"[OLL2, OLL3] -> CXL2 -> [LX.VLNPL2, LX.VLNPL3]",OL,2,OL,3,LX.VLNP,2,LX.VLNP,3
49280,mixed,mix->mix,mix,mix,1,1,2,19,1,1.0,70533,3712.263,CX,2,2,2,"[OLL2, OLL3] -> CXL2 -> [CX.VLNPL2, LX.VLNPL3]",OL,2,OL,3,CX.VLNP,2,LX.VLNP,3
40320,mixed,LAT->mix,LAT,mix,1,0,3,19,1,1.0,39527,2080.368,CX,2,2,2,"[OLL2, OL.VLNPL2] -> CXL2 -> [LX.VLNPL2, LX.VLNPL3]",OL,2,OL.VLNP,2,LX.VLNP,2,LX.VLNP,3
38080,mixed,LAT->FWD,LAT,FWD,2,0,2,19,1,1.0,38971,2051.105,CX,2,2,2,"[CX.VLNPL2, OLL2] -> CXL2 -> [CX.VLNPL3, LX.VLNPL3]",CX.VLNP,2,OL,2,CX.VLNP,3,LX.VLNP,3
38080,mixed,LAT->FWD,LAT,FWD,2,0,2,19,1,1.0,39147,2060.368,CX,2,2,2,"[OLL2, OL.VMNPL2] -> CXL2 -> [CX.VLNPL3, LX.VLNPL3]",OL,2,OL.VMNP,2,CX.VLNP,3,LX.VLNP,3
38080,mixed,LAT->FWD,LAT,FWD,2,0,2,19,1,1.0,39433,2075.421,CX,2,2,2,"[OLL2, VMNPL2] -> CXL2 -> [CX.VLNPL3, LX.VLNPL3]",OL,2,VMNP,2,CX.VLNP,3,LX.VLNP,3
36960,mixed,LAT->mix,LAT,mix,1,0,3,19,1,1.0,39445,2076.053,CX,2,2,2,"[OLL2, OL.VLNPL2] -> CXL2 -> [CX.VLNPL2, LX.VLNPL3]",OL,2,OL.VLNP,2,CX.VLNP,2,LX.VLNP,3
32640,mixed,mix->mix,mix,mix,1,1,2,19,1,1.0,70524,3711.789,CX,2,2,2,"[OLL2, OLL3] -> CXL2 -> [CX.VLNPL3, LX.VLNPL2]",OL,2,OL,3,CX.VLNP,3,LX.VLNP,2
29920,mixed,mix->mix,mix,mix,1,1,2,19,1,1.0,70442,3707.474,CX,2,2,2,"[OLL2, OLL3] -> CXL2 -> [CX.VLNPL2, CX.VLNPL3]",OL,2,OL,3,CX.VLNP,2,CX.VLNP,3
26880,mixed,LAT->mix,LAT,mix,1,0,3,19,1,1.0,39047,2055.105,CX,2,2,2,"[CX.VLNPL2, OLL2] -> CXL2 -> [LX.VLNPL2, LX.VLNPL3]",CX.VLNP,2,OL,2,LX.VLNP,2,LX.VLNP,3
26880,mixed,LAT->mix,LAT,mix,1,0,3,19,1,1.0,39223,2064.368,CX,2,2,2,"[OLL2, OL.VMNPL2] -> CXL2 -> [LX.VLNPL2, LX.VLNPL3]",OL,2,OL.VMNP,2,LX.VLNP,2,LX.VLNP,3
26880,mixed,LAT->mix,LAT,mix,1,0,3,19,1,1.0,39509,2079.421,CX,2,2,2,"[OLL2, VMNPL2] -> CXL2 -> [LX.VLNPL2, LX.VLNPL3]",OL,2,VMNP,2,LX.VLNP,2,LX.VLNP,3
24640,mixed,LAT->mix,LAT,mix,1,0,3,19,1,1.0,39141,2060.053,CX,2,2,2,"[OLL2, OL.VMNPL2] -> CXL2 -> [CX.VLNPL2, LX.VLNPL3]",OL,2,OL.VMNP,2,CX.VLNP,2,LX.VLNP,3
24640,mixed,LAT->mix,LAT,mix,1,0,3,19,1,1.0,39427,2075.105,CX,2,2,2,"[OLL2, VMNPL2] -> CXL2 -> [CX.VLNPL2, LX.VLNPL3]",OL,2,VMNP,2,CX.VLNP,2,LX.VLNP,3
24480,mixed,LAT->mix,LAT,mix,1,0,3,19,1,1.0,39436,2075.579,CX,2,2,2,"[OLL2, OL.VLNPL2] -> CXL2 -> [CX.VLNPL3, LX.VLNPL2]",OL,2,OL.VLNP,2,CX.VLNP,3,LX.VLNP,2
22848,mixed,mix->FWD,mix,FWD,2,1,1,19,1,1.0,32195,1694.474,CX,2,2,2,"[OLL3, OL.VLNPL2] -> CXL2 -> [CX.VLNPL3, LX.VLNPL3]",OL,3,OL.VLNP,2,CX.VLNP,3,LX.VLNP,3
22440,mixed,LAT->mix,LAT,mix,1,0,3,19,1,1.0,39354,2071.263,CX,2,2,2,"[OLL2, OL.VLNPL2] -> CXL2 -> [CX.VLNPL2, CX.VLNPL3]",OL,2,OL.VLNP,2,CX.VLNP,2,CX.VLNP,3
21120,mixed,mix->LAT,mix,LAT,0,1,3,19,1,1.0,70518,3711.474,CX,2,2,2,"[OLL2, OLL3] -> CXL2 -> [CX.VLNPL2, LX.VLNPL2]",OL,2,OL,3,CX.VLNP,2,LX.VLNP,2
402,mixed,FWD->BWD,FWD,BWD,2,2,0,67,2,1.948,572,8.537,CX,3,2,2,"[LX.VMNPL2, VMNPL2] -> CXL3 -> [CXL2, CX.LXL2]",LX.VMNP,2,VMNP,2,CX,2,CX.LX,2
402,mixed,mix->BWD,mix,BWD,1,2,1,67,2,1.948,138,2.06,CX,3,2,2,"[LX.VMNPL2, LX.VMNPL3] -> CXL3 -> [CXL2, CX.LXL2]",LX.VMNP,2,LX.VMNP,3,CX,2,CX.LX,2
341,mixed,mix->BWD,mix,BWD,1,2,1,67,2,1.821,537,8.015,CX,3,2,2,"[LX.VMNPL3, VMNPL2] -> CXL3 -> [CXL2, CX.LXL2]",LX.VMNP,3,VMNP,2,CX,2,CX.LX,2
318,mixed,mix->BWD,mix,BWD,1,2,1,67,2,1.636,174,2.597,CX,3,2,2,"[LXL3, LX.VMNPL2] -> CXL3 -> [CXL2, CX.LXL2]",LX,3,LX.VMNP,2,CX,2,CX.LX,2
282,mixed,mix->BWD,mix,BWD,1,2,1,67,2,1.978,473,7.06,CX,3,2,2,"[LX.VMNPL2, VMNPL3] -> CXL3 -> [CXL2, CX.LXL2]",LX.VMNP,2,VMNP,3,CX,2,CX.LX,2
246,mixed,LAT->BWD,LAT,BWD,0,2,2,67,2,1.764,438,6.537,CX,3,2,2,"[LX.VMNPL3, VMNPL3] -> CXL3 -> [CXL2, CX.LXL2]",LX.VMNP,3,VMNP,3,CX,2,CX.LX,2
246,mixed,mix->BWD,mix,BWD,1,2,1,67,2,1.764,872,13.015,CX,3,2,2,"[VMNPL2, VMNPL3] -> CXL3 -> [CXL2, CX.LXL2]",VMNP,2,VMNP,3,CX,2,CX.LX,2
240,mixed,FWD->BWD,FWD,BWD,2,2,0,67,2,1.835,192,2.866,CX,3,2,2,"[LXL2, LX.VMNPL2] -> CXL3 -> [CXL2, CX.LXL2]",LX,2,LX.VMNP,2,CX,2,CX.LX,2
229,mixed,mix->BWD,mix,BWD,1,2,1,67,2,1.999,573,8.552,CX,3,2,2,"[LXL3, VMNPL2] -> CXL3 -> [CXL2, CX.LXL2]",LX,3,VMNP,2,CX,2,CX.LX,2
229,mixed,LAT->BWD,LAT,BWD,0,2,2,67,2,1.999,139,2.075,CX,3,2,2,"[LXL3, LX.VMNPL3] -> CXL3 -> [CXL2, CX.LXL2]",LX,3,LX.VMNP,3,CX,2,CX.LX,2
190,mixed,mix->BWD,mix,BWD,1,2,1,67,2,1.938,157,2.343,CX,3,2,2,"[LXL2, LX.VMNPL3] -> CXL3 -> [CXL2, CX.LXL2]",LX,2,LX.VMNP,3,CX,2,CX.LX,2
190,mixed,FWD->BWD,FWD,BWD,2,2,0,67,2,1.938,591,8.821,CX,3,2,2,"[LXL2, VMNPL2] -> CXL3 -> [CXL2, CX.LXL2]",LX,2,VMNP,2,CX,2,CX.LX,2
162,mixed,LAT->BWD,LAT,BWD,0,2,2,67,2,1.997,474,7.075,CX,3,2,2,"[LXL3, VMNPL3] -> CXL3 -> [CXL2, CX.LXL2]",LX,3,VMNP,3,CX,2,CX.LX,2
136,mixed,mix->BWD,mix,BWD,1,2,1,67,2,1.895,492,7.343,CX,3,2,2,"[LXL2, VMNPL3] -> CXL3 -> [CXL2, CX.LXL2]",LX,2,VMNP,3,CX,2,CX.LX,2
134,mixed,mix->BWD,mix,BWD,1,2,1,67,2,1.948,193,2.881,CX,3,2,2,"[LXL2, LXL3] -> CXL3 -> [CXL2, CX.LXL2]",LX,2,LX,3,CX,2,CX.LX,2
14,mixed,FWD->mix,FWD,mix,2,1,1,67,1,1.0,178,2.657,CX,3,2,2,"[LXL2, LX.VMNPL2] -> CXL3 -> [CX.VMNPL2, CX.VMNPL3]",LX,2,LX.VMNP,2,CX.VMNP,2,CX.VMNP,3
12,mixed,mix->mix,mix,mix,1,1,2,67,2,1.8,36,0.537,CX,3,2,2,"[CXL2, CX.VMNPL3] -> CXL3 -> [CX.LXL2, CX.LXL3]",CX,2,CX.VMNP,3,CX.LX,2,CX.LX,3
10,mixed,mix->mix,mix,mix,1,1,2,67,2,1.471,36,0.537,CX,3,2,2,"[CX.LXL2, CX.VMNPL3] -> CXL3 -> [CXL2, CX.LXL3]",CX.LX,2,CX.VMNP,3,CX,2,CX.LX,3
35,mixed,BWD->FWD,BWD,FWD,2,2,0,8,1,1.0,211,26.375,CX.LX,1,2,2,"[CXL2, CX.LXL2] -> CX.LXL1 -> [LXL2, LX.VLNPL2]",CX,2,CX.LX,2,LX,2,LX.VLNP,2
1440,mixed,LAT->mix,LAT,mix,1,0,3,6,1,1.0,633,105.5,CX.LX,2,2,2,"[LX.VMNPL2, VMNPL2] -> CX.LXL2 -> [CXL2, CXL3]",LX.VMNP,2,VMNP,2,CX,2,CX,3
960,mixed,mix->mix,mix,mix,1,1,2,6,1,1.0,598,99.667,CX.LX,2,2,2,"[LX.VMNPL3, VMNPL2] -> CX.LXL2 -> [CXL2, CXL3]",LX.VMNP,3,VMNP,2,CX,2,CX,3
864,mixed,mix->mix,mix,mix,1,1,2,6,1,1.0,199,33.167,CX.LX,2,2,2,"[LX.VMNPL2, LX.VMNPL3] -> CX.LXL2 -> [CXL2, CXL3]",LX.VMNP,2,LX.VMNP,3,CX,2,CX,3
720,mixed,LAT->mix,LAT,mix,1,1,2,6,1,1.0,616,102.667,CX.LX,2,2,2,"[LX.VMNPL2, VMNPL2] -> CX.LXL2 -> [CXL1, CXL3]",LX.VMNP,2,VMNP,2,CX,1,CX,3
640,mixed,LAT->mix,LAT,mix,1,0,3,6,1,1.0,652,108.667,CX.LX,2,2,2,"[LXL2, VMNPL2] -> CX.LXL2 -> [CXL2, CXL3]",LX,2,VMNP,2,CX,2,CX,3
576,mixed,LAT->mix,LAT,mix,1,0,3,6,1,1.0,253,42.167,CX.LX,2,2,2,"[LXL2, LX.VMNPL2] -> CX.LXL2 -> [CXL2, CXL3]",LX,2,LX.VMNP,2,CX,2,CX,3
480,mixed,mix->mix,mix,mix,2,0,2,6,1,1.0,571,95.167,CX.LX,2,2,2,"[LXL1, VMNPL2] -> CX.LXL2 -> [CXL2, CXL3]",LX,1,VMNP,2,CX,2,CX,3
480,mixed,mix->mix,mix,mix,1,1,2,6,1,1.0,634,105.667,CX.LX,2,2,2,"[LXL3, VMNPL2] -> CX.LXL2 -> [CXL2, CXL3]",LX,3,VMNP,2,CX,2,CX,3
480,mixed,mix->mix,mix,mix,1,1,2,6,1,1.0,667,111.167,CX.LX,2,2,2,"[LX.VLNPL3, VMNPL2] -> CX.LXL2 -> [CXL2, CXL3]",LX.VLNP,3,VMNP,2,CX,2,CX,3
480,mixed,mix->mix,mix,mix,1,2,1,6,1,1.0,581,96.833,CX.LX,2,2,2,"[LX.VMNPL3, VMNPL2] -> CX.LXL2 -> [CXL1, CXL3]",LX.VMNP,3,VMNP,2,CX,1,CX,3
480,mixed,LAT->mix,LAT,mix,1,0,3,6,1,1.0,690,115.0,CX.LX,2,2,2,"[VLNP.VMNPL2, VMNPL2] -> CX.LXL2 -> [CXL2, CXL3]",VLNP.VMNP,2,VMNP,2,CX,2,CX,3
432,mixed,mix->mix,mix,mix,2,0,2,6,1,1.0,172,28.667,CX.LX,2,2,2,"[LXL1, LX.VMNPL2] -> CX.LXL2 -> [CXL2, CXL3]",LX,1,LX.VMNP,2,CX,2,CX,3
432,mixed,mix->mix,mix,mix,1,1,2,6,1,1.0,235,39.167,CX.LX,2,2,2,"[LXL3, LX.VMNPL2] -> CX.LXL2 -> [CXL2, CXL3]",LX,3,LX.VMNP,2,CX,2,CX,3
432,mixed,mix->mix,mix,mix,1,1,2,6,1,1.0,268,44.667,CX.LX,2,2,2,"[LX.VLNPL3, LX.VMNPL2] -> CX.LXL2 -> [CXL2, CXL3]",LX.VLNP,3,LX.VMNP,2,CX,2,CX,3
432,mixed,mix->mix,mix,mix,1,2,1,6,1,1.0,182,30.333,CX.LX,2,2,2,"[LX.VMNPL2, LX.VMNPL3] -> CX.LXL2 -> [CXL1, CXL3]",LX.VMNP,2,LX.VMNP,3,CX,1,CX,3
432,mixed,LAT->mix,LAT,mix,1,0,3,6,1,1.0,291,48.5,CX.LX,2,2,2,"[LX.VMNPL2, VLNP.VMNPL2] -> CX.LXL2 -> [CXL2, CXL3]",LX.VMNP,2,VLNP.VMNP,2,CX,2,CX,3
385,mixed,mix->LAT,mix,LAT,0,1,3,6,1,1.0,272,45.333,CX.LX,2,2,2,"[CXL2, CXL3] -> CX.LXL2 -> [LXL2, LX.VLNPL2]",CX,2,CX,3,LX,2,LX.VLNP,2
384,mixed,mix->mix,mix,mix,1,1,2,6,1,1.0,218,36.333,CX.LX,2,2,2,"[LXL2, LX.VMNPL3] -> CX.LXL2 -> [CXL2, CXL3]",LX,2,LX.VMNP,3,CX,2,CX,3
320,mixed,LAT->mix,LAT,mix,1,1,2,6,1,1.0,635,105.833,CX.LX,2,2,2,"[LXL2, VMNPL2] -> CX.LXL2 -> [CXL1, CXL3]",LX,2,VMNP,2,CX,1,CX,3
320,mixed,LAT->mix,LAT,mix,1,0,3,6,1,1.0,652,108.667,CX.LX,2,2,2,"[LX.VLNPL2, VMNPL2] -> CX.LXL2 -> [CXL2, CXL3]",LX.VLNP,2,VMNP,2,CX,2,CX,3
78,mixed,mix->mix,mix,mix,1,1,2,16,2,1.899,2948,184.25,CX.SNP,3,2,2,"[SNPL2, SNPL3] -> CX.SNPL3 -> [CX.OLL3, GNGL2]",SNP,2,SNP,3,CX.OL,3,GNG,2
60,mixed,FWD->mix,FWD,mix,2,1,1,16,2,1.923,1744,109.0,CX.SNP,3,2,2,"[PENPL2, SNPL2] -> CX.SNPL3 -> [CX.OLL3, GNGL2]",PENP,2,SNP,2,CX.OL,3,GNG,2
48,mixed,mix->BWD,mix,BWD,1,2,1,16,1,1.0,3509,219.312,CX.SNP,3,2,2,"[SNPL2, SNPL3] -> CX.SNPL3 -> [GNGL2, PENPL2]",SNP,2,SNP,3,GNG,2,PENP,2
44,mixed,mix->mix,mix,mix,1,1,2,16,2,1.984,3138,196.125,CX.SNP,3,2,2,"[PENPL2, SNPL3] -> CX.SNPL3 -> [CX.OLL3, GNGL2]",PENP,2,SNP,3,CX.OL,3,GNG,2
36,mixed,mix->mix,mix,mix,1,1,2,16,2,1.8,1343,83.938,CX.SNP,3,2,2,"[PENP.SNPL3, SNPL2] -> CX.SNPL3 -> [CX.OLL3, GNGL2]",PENP.SNP,3,SNP,2,CX.OL,3,GNG,2
26,mixed,LAT->mix,LAT,mix,0,1,3,16,2,1.899,2737,171.062,CX.SNP,3,2,2,"[PENP.SNPL3, SNPL3] -> CX.SNPL3 -> [CX.OLL3, GNGL2]",PENP.SNP,3,SNP,3,CX.OL,3,GNG,2
24,mixed,mix->BWD,mix,BWD,1,2,1,16,1,1.0,1904,119.0,CX.SNP,3,2,2,"[PENP.SNPL3, SNPL2] -> CX.SNPL3 -> [GNGL2, PENPL2]",PENP.SNP,3,SNP,2,GNG,2,PENP,2
24,mixed,mix->mix,mix,mix,1,1,2,16,1,1.0,2701,168.812,CX.SNP,3,2,2,"[SNPL2, SNPL3] -> CX.SNPL3 -> [CX.OLL3, PENPL2]",SNP,2,SNP,3,CX.OL,3,PENP,2
20,mixed,mix->mix,mix,mix,1,1,2,16,2,1.923,1533,95.812,CX.SNP,3,2,2,"[PENPL2, PENP.SNPL3] -> CX.SNPL3 -> [CX.OLL3, GNGL2]",PENP,2,PENP.SNP,3,CX.OL,3,GNG,2
18,mixed,mix->mix,mix,mix,1,1,2,16,2,1.8,2049,128.062,CX.SNP,3,2,2,"[GNGL3, SNPL2] -> CX.SNPL3 -> [CX.OLL3, GNGL2]",GNG,3,SNP,2,CX.OL,3,GNG,2
16,mixed,LAT->BWD,LAT,BWD,0,2,2,16,1,1.0,3298,206.125,CX.SNP,3,2,2,"[PENP.SNPL3, SNPL3] -> CX.SNPL3 -> [GNGL2, PENPL2]",PENP.SNP,3,SNP,3,GNG,2,PENP,2
13,mixed,LAT->mix,LAT,mix,0,1,3,16,2,1.899,3443,215.188,CX.SNP,3,2,2,"[GNGL3, SNPL3] -> CX.SNPL3 -> [CX.OLL3, GNGL2]",GNG,3,SNP,3,CX.OL,3,GNG,2
12,mixed,mix->BWD,mix,BWD,1,2,1,16,1,1.0,1919,119.938,CX.SNP,3,2,2,"[INP.SNPL3, SNPL2] -> CX.SNPL3 -> [GNGL2, PENPL2]",INP.SNP,3,SNP,2,GNG,2,PENP,2
12,mixed,mix->BWD,mix,BWD,1,2,1,16,1,1.0,1744,109.0,CX.SNP,3,2,2,"[CX.OLL3, SNPL2] -> CX.SNPL3 -> [GNGL2, PENPL2]",CX.OL,3,SNP,2,GNG,2,PENP,2
12,mixed,mix->BWD,mix,BWD,1,2,1,16,1,1.0,2610,163.125,CX.SNP,3,2,2,"[GNGL3, SNPL2] -> CX.SNPL3 -> [GNGL2, PENPL2]",GNG,3,SNP,2,GNG,2,PENP,2
12,mixed,mix->mix,mix,mix,1,1,2,16,1,1.0,1358,84.875,CX.SNP,3,2,2,"[INP.SNPL3, SNPL2] -> CX.SNPL3 -> [CX.OLL3, GNGL2]",INP.SNP,3,SNP,2,CX.OL,3,GNG,2
12,mixed,mix->mix,mix,mix,1,1,2,16,1,1.0,1096,68.5,CX.SNP,3,2,2,"[PENP.SNPL3, SNPL2] -> CX.SNPL3 -> [CX.OLL3, PENPL2]",PENP.SNP,3,SNP,2,CX.OL,3,PENP,2
10,mixed,mix->mix,mix,mix,1,1,2,16,2,1.923,2239,139.938,CX.SNP,3,2,2,"[GNGL3, PENPL2] -> CX.SNPL3 -> [CX.OLL3, GNGL2]",GNG,3,PENP,2,CX.OL,3,GNG,2
317814,mixed,mix->FWD,mix,FWD,2,1,1,11,3,2.593,70539,6412.636,CX.VLNP,2,2,2,"[OLL2, OLL3] -> CX.VLNPL2 -> [CX.VLNPL3, LX.VLNPL3]",OL,2,OL,3,CX.VLNP,3,LX.VLNP,3
250740,mixed,mix->mix,mix,mix,1,1,2,11,3,2.695,70615,6419.545,CX.VLNP,2,2,2,"[OLL2, OLL3] -> CX.VLNPL2 -> [LX.VLNPL2, LX.VLNPL3]",OL,2,OL,3,LX.VLNP,2,LX.VLNP,3
126540,mixed,mix->mix,mix,mix,1,1,2,11,3,2.655,70524,6411.273,CX.VLNP,2,2,2,"[OLL2, OLL3] -> CX.VLNPL2 -> [CX.VLNPL3, LX.VLNPL2]",OL,2,OL,3,CX.VLNP,3,LX.VLNP,2
113268,mixed,LAT->FWD,LAT,FWD,2,0,2,11,3,1.6,39451,3586.455,CX.VLNP,2,2,2,"[OLL2, OL.VLNPL2] -> CX.VLNPL2 -> [CX.VLNPL3, LX.VLNPL3]",OL,2,OL.VLNP,2,CX.VLNP,3,LX.VLNP,3
112980,mixed,mix->FWD,mix,FWD,2,1,1,11,3,2.634,71273,6479.364,CX.VLNP,2,2,2,"[OLL2, OLL3] -> CX.VLNPL2 -> [LX.VLNPL3, VLNPL3]",OL,2,OL,3,LX.VLNP,3,VLNP,3
98788,mixed,LAT->FWD,LAT,FWD,2,0,2,11,3,2.47,39147,3558.818,CX.VLNP,2,2,2,"[OLL2, OL.VMNPL2] -> CX.VLNPL2 -> [CX.VLNPL3, LX.VLNPL3]",OL,2,OL.VMNP,2,CX.VLNP,3,LX.VLNP,3
94038,mixed,mix->FWD,mix,FWD,2,1,1,11,3,2.745,70712,6428.364,CX.VLNP,2,2,2,"[OLL2, OLL3] -> CX.VLNPL2 -> [INP.VLNPL3, LX.VLNPL3]",OL,2,OL,3,INP.VLNP,3,LX.VLNP,3
81000,mixed,LAT->mix,LAT,mix,1,0,3,11,3,1.783,39527,3593.364,CX.VLNP,2,2,2,"[OLL2, OL.VLNPL2] -> CX.VLNPL2 -> [LX.VLNPL2, LX.VLNPL3]",OL,2,OL.VLNP,2,LX.VLNP,2,LX.VLNP,3
79224,mixed,LAT->mix,LAT,mix,1,0,3,11,3,2.441,39223,3565.727,CX.VLNP,2,2,2,"[OLL2, OL.VMNPL2] -> CX.VLNPL2 -> [LX.VLNPL2, LX.VLNPL3]",OL,2,OL.VMNP,2,LX.VLNP,2,LX.VLNP,3
69258,mixed,mix->mix,mix,mix,1,2,1,11,3,2.293,70526,6411.455,CX.VLNP,2,2,2,"[OLL2, OLL3] -> CX.VLNPL2 -> [INP.VLNPL1, LX.VLNPL3]",OL,2,OL,3,INP.VLNP,1,LX.VLNP,3
61645,mixed,LAT->FWD,LAT,FWD,2,0,2,11,3,2.516,39320,3574.545,CX.VLNP,2,2,2,"[OLL2, VLNPL2] -> CX.VLNPL2 -> [CX.VLNPL3, LX.VLNPL3]",OL,2,VLNP,2,CX.VLNP,3,LX.VLNP,3
61054,mixed,mix->FWD,mix,FWD,2,1,1,11,3,1.694,32195,2926.818,CX.VLNP,2,2,2,"[OLL3, OL.VLNPL2] -> CX.VLNPL2 -> [CX.VLNPL3, LX.VLNPL3]",OL,3,OL.VLNP,2,CX.VLNP,3,LX.VLNP,3
59446,mixed,LAT->FWD,LAT,FWD,2,0,2,11,3,2.73,39433,3584.818,CX.VLNP,2,2,2,"[OLL2, VMNPL2] -> CX.VLNPL2 -> [CX.VLNPL3, LX.VLNPL3]",OL,2,VMNP,2,CX.VLNP,3,LX.VLNP,3
59052,mixed,mix->mix,mix,mix,1,2,1,11,3,2.559,70533,6412.091,CX.VLNP,2,2,2,"[OLL2, OLL3] -> CX.VLNPL2 -> [LX.VLNPL1, LX.VLNPL3]",OL,2,OL,3,LX.VLNP,1,LX.VLNP,3
59026,mixed,mix->FWD,mix,FWD,2,1,1,11,3,2.557,40527,3684.273,CX.VLNP,2,2,2,"[OLL2, OL.VLNPL3] -> CX.VLNPL2 -> [CX.VLNPL3, LX.VLNPL3]",OL,2,OL.VLNP,3,CX.VLNP,3,LX.VLNP,3
57450,mixed,mix->FWD,mix,FWD,2,1,1,11,3,2.553,71182,6471.091,CX.VLNP,2,2,2,"[OLL2, OLL3] -> CX.VLNPL2 -> [CX.VLNPL3, VLNPL3]",OL,2,OL,3,CX.VLNP,3,VLNP,3
53648,mixed,mix->FWD,mix,FWD,2,1,1,11,3,2.552,31891,2899.182,CX.VLNP,2,2,2,"[OLL3, OL.VMNPL2] -> CX.VLNPL2 -> [CX.VLNPL3, LX.VLNPL3]",OL,3,OL.VMNP,2,CX.VLNP,3,LX.VLNP,3
50274,mixed,mix->mix,mix,mix,1,1,2,11,3,2.263,70882,6443.818,CX.VLNP,2,2,2,"[OLL2, OLL3] -> CX.VLNPL2 -> [LX.VLNPL3, VLNPL2]",OL,2,OL,3,LX.VLNP,3,VLNP,2
48516,mixed,LAT->mix,LAT,mix,1,0,3,11,3,2.637,39509,3591.727,CX.VLNP,2,2,2,"[OLL2, VMNPL2] -> CX.VLNPL2 -> [LX.VLNPL2, LX.VLNPL3]",OL,2,VMNP,2,LX.VLNP,2,LX.VLNP,3
47742,mixed,LAT->mix,LAT,mix,1,0,3,11,3,2.735,39396,3581.455,CX.VLNP,2,2,2,"[OLL2, VLNPL2] -> CX.VLNPL2 -> [LX.VLNPL2, LX.VLNPL3]",OL,2,VLNP,2,LX.VLNP,2,LX.VLNP,3
372,mixed,mix->mix,mix,mix,1,1,2,5,2,1.967,933,186.6,CX.VMNP,2,2,2,"[VMNPL2, VMNPL3] -> CX.VMNPL2 -> [CXL2, CXL3]",VMNP,2,VMNP,3,CX,2,CX,3
318,mixed,mix->mix,mix,mix,2,0,2,5,2,1.813,673,134.6,CX.VMNP,2,2,2,"[VMNPL1, VMNPL2] -> CX.VMNPL2 -> [CXL2, CXL3]",VMNP,1,VMNP,2,CX,2,CX,3
264,mixed,LAT->mix,LAT,mix,1,0,3,5,2,1.482,633,126.6,CX.VMNP,2,2,2,"[LX.VMNPL2, VMNPL2] -> CX.VMNPL2 -> [CXL2, CXL3]",LX.VMNP,2,VMNP,2,CX,2,CX,3
248,mixed,mix->mix,mix,mix,2,1,1,5,2,1.967,574,114.8,CX.VMNP,2,2,2,"[VMNPL1, VMNPL3] -> CX.VMNPL2 -> [CXL2, CXL3]",VMNP,1,VMNP,3,CX,2,CX,3
194,mixed,mix->mix,mix,mix,1,1,2,5,2,1.672,534,106.8,CX.VMNP,2,2,2,"[LX.VMNPL2, VMNPL3] -> CX.VMNPL2 -> [CXL2, CXL3]",LX.VMNP,2,VMNP,3,CX,2,CX,3
176,mixed,mix->mix,mix,mix,2,0,2,5,2,1.482,274,54.8,CX.VMNP,2,2,2,"[LX.VMNPL2, VMNPL1] -> CX.VMNPL2 -> [CXL2, CXL3]",LX.VMNP,2,VMNP,1,CX,2,CX,3
132,mixed,BWD->mix,BWD,mix,0,3,1,5,2,1.862,595,119.0,CX.VMNP,2,2,2,"[CXL3, LX.VMNPL3] -> CX.VMNPL2 -> [LX.VMNPL1, VMNPL2]",CX,3,LX.VMNP,3,LX.VMNP,1,VMNP,2
116,mixed,BWD->mix,BWD,mix,1,2,1,5,2,1.665,953,190.6,CX.VMNP,2,2,2,"[CXL3, LX.VMNPL3] -> CX.VMNPL2 -> [VMNPL2, VMNPL3]",CX,3,LX.VMNP,3,VMNP,2,VMNP,3
105,mixed,mix->mix,mix,mix,1,1,2,5,1,1.0,701,140.2,CX.VMNP,2,2,2,"[VLNP.VMNPL3, VMNPL2] -> CX.VMNPL2 -> [CXL2, CXL3]",VLNP.VMNP,3,VMNP,2,CX,2,CX,3
88,mixed,BWD->LAT,BWD,LAT,0,2,2,5,2,1.862,653,130.6,CX.VMNP,2,2,2,"[CXL3, LX.VMNPL3] -> CX.VMNPL2 -> [LX.VMNPL2, VMNPL2]",CX,3,LX.VMNP,3,LX.VMNP,2,VMNP,2
72,mixed,mix->mix,mix,mix,0,2,2,5,2,1.946,630,126.0,CX.VMNP,2,2,2,"[CXL3, LX.VMNPL2] -> CX.VMNPL2 -> [LX.VMNPL1, VMNPL2]",CX,3,LX.VMNP,2,LX.VMNP,1,VMNP,2
72,mixed,mix->mix,mix,mix,1,1,2,5,2,1.946,988,197.6,CX.VMNP,2,2,2,"[CXL3, LX.VMNPL2] -> CX.VMNPL2 -> [VMNPL2, VMNPL3]",CX,3,LX.VMNP,2,VMNP,2,VMNP,3
70,mixed,mix->mix,mix,mix,1,1,2,5,1,1.0,302,60.4,CX.VMNP,2,2,2,"[LX.VMNPL2, VLNP.VMNPL3] -> CX.VMNPL2 -> [CXL2, CXL3]",LX.VMNP,2,VLNP.VMNP,3,CX,2,CX,3
70,mixed,mix->mix,mix,mix,2,1,1,5,1,1.0,342,68.4,CX.VMNP,2,2,2,"[VLNP.VMNPL3, VMNPL1] -> CX.VMNPL2 -> [CXL2, CXL3]",VLNP.VMNP,3,VMNP,1,CX,2,CX,3
70,mixed,BWD->mix,BWD,mix,1,2,1,5,1,1.0,602,120.4,CX.VMNP,2,2,2,"[VLNP.VMNPL3, VMNPL3] -> CX.VMNPL2 -> [CXL2, CXL3]",VLNP.VMNP,3,VMNP,3,CX,2,CX,3
66,mixed,mix->mix,mix,mix,0,2,2,5,2,1.862,649,129.8,CX.VMNP,2,2,2,"[CXL3, LXL2] -> CX.VMNPL2 -> [LX.VMNPL1, VMNPL2]",CX,3,LX,2,LX.VMNP,1,VMNP,2
66,mixed,mix->mix,mix,mix,0,2,2,5,2,1.862,621,124.2,CX.VMNP,2,2,2,"[LXL2, LX.VMNPL3] -> CX.VMNPL2 -> [LX.VMNPL1, VMNPL2]",LX,2,LX.VMNP,3,LX.VMNP,1,VMNP,2
60,mixed,BWD->mix,BWD,mix,1,3,0,5,2,1.923,496,99.2,CX.VMNP,2,2,2,"[CXL3, LX.VMNPL3] -> CX.VMNPL2 -> [LX.VMNPL1, VMNPL3]",CX,3,LX.VMNP,3,LX.VMNP,1,VMNP,3
58,mixed,mix->mix,mix,mix,1,1,2,5,2,1.665,1007,201.4,CX.VMNP,2,2,2,"[CXL3, LXL2] -> CX.VMNPL2 -> [VMNPL2, VMNPL3]",CX,3,LX,2,VMNP,2,VMNP,3
58,mixed,mix->mix,mix,mix,1,1,2,5,2,1.665,979,195.8,CX.VMNP,2,2,2,"[LXL2, LX.VMNPL3] -> CX.VMNPL2 -> [VMNPL2, VMNPL3]",LX,2,LX.VMNP,3,VMNP,2,VMNP,3
384,mixed,mix->mix,mix,mix,1,1,2,6,3,1.38,933,155.5,CX.VMNP,3,2,2,"[VMNPL2, VMNPL3] -> CX.VMNPL3 -> [CXL2, CXL3]",VMNP,2,VMNP,3,CX,2,CX,3
333,mixed,FWD->mix,FWD,mix,2,1,1,6,2,1.056,633,105.5,CX.VMNP,3,2,2,"[LX.VMNPL2, VMNPL2] -> CX.VMNPL3 -> [CXL2, CXL3]",LX.VMNP,2,VMNP,2,CX,2,CX,3
255,mixed,mix->mix,mix,mix,1,1,2,6,2,1.099,534,89.0,CX.VMNP,3,2,2,"[LX.VMNPL2, VMNPL3] -> CX.VMNPL3 -> [CXL2, CXL3]",LX.VMNP,2,VMNP,3,CX,2,CX,3
117,mixed,FWD->mix,FWD,mix,2,1,1,6,2,1.166,690,115.0,CX.VMNP,3,2,2,"[VLNP.VMNPL2, VMNPL2] -> CX.VMNPL3 -> [CXL2, CXL3]",VLNP.VMNP,2,VMNP,2,CX,2,CX,3
108,mixed,mix->mix,mix,mix,1,1,2,6,1,1.0,701,116.833,CX.VMNP,3,2,2,"[VLNP.VMNPL3, VMNPL2] -> CX.VMNPL3 -> [CXL2, CXL3]",VLNP.VMNP,3,VMNP,2,CX,2,CX,3
93,mixed,mix->mix,mix,mix,1,1,2,6,2,1.29,591,98.5,CX.VMNP,3,2,2,"[VLNP.VMNPL2, VMNPL3] -> CX.VMNPL3 -> [CXL2, CXL3]",VLNP.VMNP,2,VMNP,3,CX,2,CX,3
84,mixed,FWD->mix,FWD,mix,2,1,1,6,2,1.074,291,48.5,CX.VMNP,3,2,2,"[LX.VMNPL2, VLNP.VMNPL2] -> CX.VMNPL3 -> [CXL2, CXL3]",LX.VMNP,2,VLNP.VMNP,2,CX,2,CX,3
81,mixed,mix->mix,mix,mix,1,1,2,6,1,1.0,302,50.333,CX.VMNP,3,2,2,"[LX.VMNPL2, VLNP.VMNPL3] -> CX.VMNPL3 -> [CXL2, CXL3]",LX.VMNP,2,VLNP.VMNP,3,CX,2,CX,3
81,mixed,LAT->mix,LAT,mix,0,1,3,6,1,1.0,602,100.333,CX.VMNP,3,2,2,"[VLNP.VMNPL3, VMNPL3] -> CX.VMNPL3 -> [CXL2, CXL3]",VLNP.VMNP,3,VMNP,3,CX,2,CX,3
30,mixed,mix->BWD,mix,BWD,1,2,1,6,1,1.0,1423,237.167,CX.VMNP,3,2,2,"[CXL3, LX.VMNPL2] -> CX.VMNPL3 -> [GNGL2, VMNPL2]",CX,3,LX.VMNP,2,GNG,2,VMNP,2
30,mixed,FWD->BWD,FWD,BWD,2,2,0,6,1,1.0,1361,226.833,CX.VMNP,3,2,2,"[CX.VMNPL2, LX.VMNPL2] -> CX.VMNPL3 -> [GNGL2, VMNPL2]",CX.VMNP,2,LX.VMNP,2,GNG,2,VMNP,2
27,mixed,mix->mix,mix,mix,1,1,2,6,1,1.0,359,59.833,CX.VMNP,3,2,2,"[VLNP.VMNPL2, VLNP.VMNPL3] -> CX.VMNPL3 -> [CXL2, CXL3]",VLNP.VMNP,2,VLNP.VMNP,3,CX,2,CX,3
20,mixed,mix->BWD,mix,BWD,1,2,1,6,1,1.0,619,103.167,CX.VMNP,3,2,2,"[CXL3, CX.VMNPL2] -> CX.VMNPL3 -> [LX.VMNPL2, VMNPL2]",CX,3,CX.VMNP,2,LX.VMNP,2,VMNP,2
15,mixed,mix->BWD,mix,BWD,1,2,1,6,1,1.0,619,103.167,CX.VMNP,3,2,2,"[CXL3, LX.VMNPL2] -> CX.VMNPL3 -> [CX.VMNPL2, VMNPL2]",CX,3,LX.VMNP,2,CX.VMNP,2,VMNP,2
15,mixed,mix->mix,mix,mix,1,1,2,6,1,1.0,1481,246.833,CX.VMNP,3,2,2,"[CXL3, LX.VMNPL2] -> CX.VMNPL3 -> [GNGL3, VMNPL2]",CX,3,LX.VMNP,2,GNG,3,VMNP,2
15,mixed,mix->BWD,mix,BWD,1,2,1,6,1,1.0,707,117.833,CX.VMNP,3,2,2,"[CXL3, LX.VMNPL2] -> CX.VMNPL3 -> [LXL2, VMNPL2]",CX,3,LX.VMNP,2,LX,2,VMNP,2
15,mixed,mix->mix,mix,mix,1,1,2,6,1,1.0,988,164.667,CX.VMNP,3,2,2,"[CXL3, LX.VMNPL2] -> CX.VMNPL3 -> [VMNPL2, VMNPL3]",CX,3,LX.VMNP,2,VMNP,2,VMNP,3
15,mixed,FWD->mix,FWD,mix,2,1,1,6,1,1.0,1419,236.5,CX.VMNP,3,2,2,"[CX.VMNPL2, LX.VMNPL2] -> CX.VMNPL3 -> [GNGL3, VMNPL2]",CX.VMNP,2,LX.VMNP,2,GNG,3,VMNP,2
15,mixed,FWD->BWD,FWD,BWD,2,2,0,6,1,1.0,645,107.5,CX.VMNP,3,2,2,"[CX.VMNPL2, LX.VMNPL2] -> CX.VMNPL3 -> [LXL2, VMNPL2]",CX.VMNP,2,LX.VMNP,2,LX,2,VMNP,2
15,mixed,FWD->mix,FWD,mix,2,1,1,6,1,1.0,926,154.333,CX.VMNP,3,2,2,"[CX.VMNPL2, LX.VMNPL2] -> CX.VMNPL3 -> [VMNPL2, VMNPL3]",CX.VMNP,2,LX.VMNP,2,VMNP,2,VMNP,3
912,mixed,BWD->FWD,BWD,FWD,2,2,0,93,2,1.362,1949,20.957,GNG,1,2,2,"[GNGL2, PENPL2] -> GNGL1 -> [GNG.VMNPL2, VMNPL2]",GNG,2,PENP,2,GNG.VMNP,2,VMNP,2
480,mixed,BWD->FWD,BWD,FWD,2,2,0,93,2,1.471,1217,13.086,GNG,1,2,2,"[PENPL2, PENP.VMNPL2] -> GNGL1 -> [GNG.VMNPL2, VMNPL2]",PENP,2,PENP.VMNP,2,GNG.VMNP,2,VMNP,2
269,mixed,BWD->FWD,BWD,FWD,2,2,0,93,3,1.72,1464,15.742,GNG,1,2,2,"[GNGL2, PENP.VMNPL2] -> GNGL1 -> [GNG.VMNPL2, VMNPL2]",GNG,2,PENP.VMNP,2,GNG.VMNP,2,VMNP,2
256,mixed,BWD->mix,BWD,mix,1,2,1,93,1,1.0,1171,12.591,GNG,1,2,2,"[PENPL2, VMNPL2] -> GNGL1 -> [GNG.VMNPL1, GNG.VMNPL2]",PENP,2,VMNP,2,GNG.VMNP,1,GNG.VMNP,2
240,mixed,mix->FWD,mix,FWD,2,1,1,93,2,1.471,1171,12.591,GNG,1,2,2,"[GNG.VMNPL1, PENPL2] -> GNGL1 -> [GNG.VMNPL2, VMNPL2]",GNG.VMNP,1,PENP,2,GNG.VMNP,2,VMNP,2
240,mixed,mix->FWD,mix,FWD,2,1,1,93,2,1.471,1153,12.398,GNG,1,2,2,"[PENPL2, VLNP.VMNPL1] -> GNGL1 -> [GNG.VMNPL2, VMNPL2]",PENP,2,VLNP.VMNP,1,GNG.VMNP,2,VMNP,2
192,mixed,BWD->mix,BWD,mix,1,2,1,93,1,1.0,1875,20.161,GNG,1,2,2,"[GNGL2, PENPL2] -> GNGL1 -> [GNG.VMNPL1, VMNPL2]",GNG,2,PENP,2,GNG.VMNP,1,VMNP,2
192,mixed,mix->FWD,mix,FWD,2,1,1,93,1,1.0,1151,12.376,GNG,1,2,2,"[GNG.PENPL1, PENPL2] -> GNGL1 -> [GNG.VMNPL2, VMNPL2]",GNG.PENP,1,PENP,2,GNG.VMNP,2,VMNP,2
192,mixed,mix->FWD,mix,FWD,2,1,1,93,1,1.0,1142,12.28,GNG,1,2,2,"[PENPL2, PENP.VLNPL1] -> GNGL1 -> [GNG.VMNPL2, VMNPL2]",PENP,2,PENP.VLNP,1,GNG.VMNP,2,VMNP,2
192,mixed,BWD->FWD,BWD,FWD,2,2,0,93,1,1.0,1216,13.075,GNG,1,2,2,"[PENPL2, PENP.VLNPL2] -> GNGL1 -> [GNG.VMNPL2, VMNPL2]",PENP,2,PENP.VLNP,2,GNG.VMNP,2,VMNP,2
144,mixed,BWD->mix,BWD,mix,1,2,1,93,1,1.0,1171,12.591,GNG,1,2,2,"[GNG.VMNPL2, PENPL2] -> GNGL1 -> [GNG.VMNPL1, VMNPL2]",GNG.VMNP,2,PENP,2,GNG.VMNP,1,VMNP,2
132,mixed,mix->FWD,mix,FWD,2,1,1,93,2,1.658,1418,15.247,GNG,1,2,2,"[GNGL2, GNG.VMNPL1] -> GNGL1 -> [GNG.VMNPL2, VMNPL2]",GNG,2,GNG.VMNP,1,GNG.VMNP,2,VMNP,2
132,mixed,mix->FWD,mix,FWD,2,1,1,93,2,1.658,1400,15.054,GNG,1,2,2,"[GNGL2, VLNP.VMNPL1] -> GNGL1 -> [GNG.VMNPL2, VMNPL2]",GNG,2,VLNP.VMNP,1,GNG.VMNP,2,VMNP,2
128,mixed,BWD->mix,BWD,mix,1,2,1,93,1,1.0,1507,16.204,GNG,1,2,2,"[GNGL2, PENPL2] -> GNGL1 -> [GNG.VMNPL1, GNG.VMNPL2]",GNG,2,PENP,2,GNG.VMNP,1,GNG.VMNP,2
128,mixed,BWD->mix,BWD,mix,1,2,1,93,1,1.0,1418,15.247,GNG,1,2,2,"[GNGL2, VMNPL2] -> GNGL1 -> [GNG.VMNPL1, GNG.VMNPL2]",GNG,2,VMNP,2,GNG.VMNP,1,GNG.VMNP,2
96,mixed,mix->FWD,mix,FWD,2,1,1,93,1,1.0,1398,15.032,GNG,1,2,2,"[GNGL2, GNG.PENPL1] -> GNGL1 -> [GNG.VMNPL2, VMNPL2]",GNG,2,GNG.PENP,1,GNG.VMNP,2,VMNP,2
96,mixed,mix->FWD,mix,FWD,2,1,1,93,1,1.0,1389,14.935,GNG,1,2,2,"[GNGL2, PENP.VLNPL1] -> GNGL1 -> [GNG.VMNPL2, VMNPL2]",GNG,2,PENP.VLNP,1,GNG.VMNP,2,VMNP,2
96,mixed,BWD->FWD,BWD,FWD,2,2,0,93,1,1.0,1463,15.731,GNG,1,2,2,"[GNGL2, PENP.VLNPL2] -> GNGL1 -> [GNG.VMNPL2, VMNPL2]",GNG,2,PENP.VLNP,2,GNG.VMNP,2,VMNP,2
96,mixed,BWD->mix,BWD,mix,1,2,1,93,1,1.0,1143,12.29,GNG,1,2,2,"[PENPL2, PENP.VMNPL2] -> GNGL1 -> [GNG.VMNPL1, VMNPL2]",PENP,2,PENP.VMNP,2,GNG.VMNP,1,VMNP,2
96,mixed,mix->FWD,mix,FWD,2,1,1,93,1,1.0,1254,13.484,GNG,1,2,2,"[PENPL2, VMNPL1] -> GNGL1 -> [GNG.VMNPL2, VMNPL2]",PENP,2,VMNP,1,GNG.VMNP,2,VMNP,2
13980,mixed,LAT->FWD,LAT,FWD,2,0,2,809,28,8.468,1635,2.021,GNG,2,2,2,"[GNG.PENPL2, PENPL2] -> GNGL2 -> [GNGL3, GNG.PENPL3]",GNG.PENP,2,PENP,2,GNG,3,GNG.PENP,3
11782,mixed,mix->FWD,mix,FWD,3,1,0,809,38,6.88,1734,2.143,GNG,2,2,2,"[GNGL1, GNGL3] -> GNGL2 -> [GNG.PENPL3, PENPL3]",GNG,1,GNG,3,GNG.PENP,3,PENP,3
8596,mixed,mix->mix,mix,mix,2,0,2,809,18,2.835,1615,1.996,GNG,2,2,2,"[GNGL1, PENPL2] -> GNGL2 -> [GNGL3, GNG.PENPL2]",GNG,1,PENP,2,GNG,3,GNG.PENP,2
8114,mixed,mix->FWD,mix,FWD,3,0,1,809,31,8.559,1635,2.021,GNG,2,2,2,"[GNGL1, PENPL2] -> GNGL2 -> [GNGL3, GNG.PENPL3]",GNG,1,PENP,2,GNG,3,GNG.PENP,3
7722,mixed,mix->FWD,mix,FWD,3,1,0,809,26,5.603,1734,2.143,GNG,2,2,2,"[GNGL1, PENPL3] -> GNGL2 -> [GNGL3, GNG.PENPL3]",GNG,1,PENP,3,GNG,3,GNG.PENP,3
7335,mixed,mix->mix,mix,mix,2,1,1,809,30,6.537,1635,2.021,GNG,2,2,2,"[GNGL1, GNGL3] -> GNGL2 -> [GNG.PENPL3, PENPL2]",GNG,1,GNG,3,GNG.PENP,3,PENP,2
6934,mixed,mix->FWD,mix,FWD,3,0,1,809,29,5.935,1166,1.441,GNG,2,2,2,"[GNGL1, GNG.PENPL2] -> GNGL2 -> [GNGL3, GNG.PENPL3]",GNG,1,GNG.PENP,2,GNG,3,GNG.PENP,3
6265,mixed,mix->mix,mix,mix,1,1,2,809,29,3.666,1635,2.021,GNG,2,2,2,"[GNG.PENPL3, PENPL2] -> GNGL2 -> [GNGL3, GNG.PENPL2]",GNG.PENP,3,PENP,2,GNG,3,GNG.PENP,2
5947,mixed,mix->FWD,mix,FWD,3,0,1,809,17,3.8,1559,1.927,GNG,2,2,2,"[GNGL1, PENPL2] -> GNGL2 -> [GNGL3, GNG.SNPL3]",GNG,1,PENP,2,GNG,3,GNG.SNP,3
5784,mixed,mix->mix,mix,mix,2,1,1,809,31,10.482,1166,1.441,GNG,2,2,2,"[GNGL1, GNGL3] -> GNGL2 -> [GNG.PENPL2, GNG.PENPL3]",GNG,1,GNG,3,GNG.PENP,2,GNG.PENP,3
5606,mixed,mix->mix,mix,mix,2,1,1,809,26,9.718,2183,2.698,GNG,2,2,2,"[GNGL1, GNGL3] -> GNGL2 -> [PENPL2, PENPL3]",GNG,1,GNG,3,PENP,2,PENP,3
5405,mixed,mix->FWD,mix,FWD,3,1,0,809,29,6.635,1734,2.143,GNG,2,2,2,"[GNGL1, GNG.PENPL3] -> GNGL2 -> [GNGL3, PENPL3]",GNG,1,GNG.PENP,3,GNG,3,PENP,3
5302,mixed,mix->FWD,mix,FWD,3,0,1,809,24,8.404,2183,2.698,GNG,2,2,2,"[GNGL1, PENPL2] -> GNGL2 -> [GNGL3, PENPL3]",GNG,1,PENP,2,GNG,3,PENP,3
5024,mixed,LAT->FWD,LAT,FWD,2,0,2,809,25,12.125,2183,2.698,GNG,2,2,2,"[GNG.PENPL2, PENPL2] -> GNGL2 -> [GNGL3, PENPL3]",GNG.PENP,2,PENP,2,GNG,3,PENP,3
4842,mixed,mix->FWD,mix,FWD,2,1,1,809,28,12.707,2203,2.723,GNG,2,2,2,"[GNGL3, PENPL2] -> GNGL2 -> [GNG.PENPL3, PENPL3]",GNG,3,PENP,2,GNG.PENP,3,PENP,3
4758,mixed,mix->mix,mix,mix,2,1,1,809,25,5.619,1166,1.441,GNG,2,2,2,"[GNGL1, GNG.PENPL3] -> GNGL2 -> [GNGL3, GNG.PENPL2]",GNG,1,GNG.PENP,3,GNG,3,GNG.PENP,2
4756,mixed,mix->mix,mix,mix,1,1,2,809,29,8.126,1635,2.021,GNG,2,2,2,"[GNGL3, PENPL2] -> GNGL2 -> [GNG.PENPL2, GNG.PENPL3]",GNG,3,PENP,2,GNG.PENP,2,GNG.PENP,3
4690,mixed,mix->FWD,mix,FWD,2,1,1,809,7,3.324,1703,2.105,GNG,2,2,2,"[PENPL2, PENP.SNPL3] -> GNGL2 -> [GNGL3, GNG.PENPL3]",PENP,2,PENP.SNP,3,GNG,3,GNG.PENP,3
4284,mixed,LAT->FWD,LAT,FWD,2,0,2,809,23,6.312,1429,1.766,GNG,2,2,2,"[GNG.PENPL2, PENPL2] -> GNGL2 -> [GNG.PENPL3, PENPL3]",GNG.PENP,2,PENP,2,GNG.PENP,3,PENP,3
4107,mixed,mix->mix,mix,mix,1,1,2,809,19,2.366,1559,1.927,GNG,2,2,2,"[GNGL3, PENPL2] -> GNGL2 -> [GNG.PENPL2, GNG.SNPL3]",GNG,3,PENP,2,GNG.PENP,2,GNG.SNP,3
270543,mixed,FWD->mix,FWD,mix,2,1,1,867,35,2.258,1577,1.819,GNG,3,2,2,"[GNG.PENPL2, PENPL2] -> GNGL3 -> [GNGL2, GNG.PENPL3]",GNG.PENP,2,PENP,2,GNG,2,GNG.PENP,3
222089,mixed,FWD->mix,FWD,mix,2,1,1,867,24,2.409,1577,1.819,GNG,3,2,2,"[GNGL2, PENPL2] -> GNGL3 -> [GNG.PENPL2, GNG.PENPL3]",GNG,2,PENP,2,GNG.PENP,2,GNG.PENP,3
218532,mixed,FWD->mix,FWD,mix,2,1,1,867,22,2.119,1501,1.731,GNG,3,2,2,"[GNG.PENPL2, PENPL2] -> GNGL3 -> [GNGL2, GNG.SNPL3]",GNG.PENP,2,PENP,2,GNG,2,GNG.SNP,3
200612,mixed,FWD->LAT,FWD,LAT,2,0,2,867,24,2.228,1521,1.754,GNG,3,2,2,"[GNGL2, PENPL2] -> GNGL3 -> [GNG.PENPL3, GNG.SNPL3]",GNG,2,PENP,2,GNG.PENP,3,GNG.SNP,3
196289,mixed,FWD->mix,FWD,mix,2,1,1,867,33,2.264,1577,1.819,GNG,3,2,2,"[GNGL2, GNG.PENPL2] -> GNGL3 -> [GNG.PENPL3, PENPL2]",GNG,2,GNG.PENP,2,GNG.PENP,3,PENP,2
179074,mixed,FWD->mix,FWD,mix,2,1,1,867,19,2.271,1501,1.731,GNG,3,2,2,"[GNGL2, PENPL2] -> GNGL3 -> [GNG.PENPL2, GNG.SNPL3]",GNG,2,PENP,2,GNG.PENP,2,GNG.SNP,3
162081,mixed,FWD->mix,FWD,mix,2,1,1,867,23,2.244,1501,1.731,GNG,3,2,2,"[GNGL2, GNG.PENPL2] -> GNGL3 -> [GNG.SNPL3, PENPL2]",GNG,2,GNG.PENP,2,GNG.SNP,3,PENP,2
147852,mixed,FWD->mix,FWD,mix,2,1,1,867,27,2.111,2125,2.451,GNG,3,2,2,"[GNG.PENPL2, PENPL2] -> GNGL3 -> [GNGL2, PENPL3]",GNG.PENP,2,PENP,2,GNG,2,PENP,3
145866,mixed,FWD->LAT,FWD,LAT,2,0,2,867,32,2.584,2145,2.474,GNG,3,2,2,"[GNGL2, PENPL2] -> GNGL3 -> [GNG.PENPL3, PENPL3]",GNG,2,PENP,2,GNG.PENP,3,PENP,3
126245,mixed,FWD->LAT,FWD,LAT,2,0,2,867,27,2.206,1052,1.213,GNG,3,2,2,"[GNGL2, GNG.PENPL2] -> GNGL3 -> [GNG.PENPL3, GNG.SNPL3]",GNG,2,GNG.PENP,2,GNG.PENP,3,GNG.SNP,3
118358,mixed,FWD->mix,FWD,mix,2,1,1,867,23,2.183,2125,2.451,GNG,3,2,2,"[GNGL2, PENPL2] -> GNGL3 -> [GNG.PENPL2, PENPL3]",GNG,2,PENP,2,GNG.PENP,2,PENP,3
109535,mixed,FWD->LAT,FWD,LAT,2,0,2,867,19,1.971,2069,2.386,GNG,3,2,2,"[GNGL2, PENPL2] -> GNGL3 -> [GNG.SNPL3, PENPL3]",GNG,2,PENP,2,GNG.SNP,3,PENP,3
109023,mixed,FWD->mix,FWD,mix,2,1,1,867,28,2.269,2125,2.451,GNG,3,2,2,"[GNGL2, GNG.PENPL2] -> GNGL3 -> [PENPL2, PENPL3]",GNG,2,GNG.PENP,2,PENP,2,PENP,3
88200,mixed,FWD->LAT,FWD,LAT,2,0,2,867,31,2.313,1676,1.933,GNG,3,2,2,"[GNGL2, GNG.PENPL2] -> GNGL3 -> [GNG.PENPL3, PENPL3]",GNG,2,GNG.PENP,2,GNG.PENP,3,PENP,3
75835,mixed,FWD->mix,FWD,mix,2,1,1,867,13,2.048,3230,3.725,GNG,3,2,2,"[GNG.PENPL2, PENPL2] -> GNGL3 -> [GNGL2, SNPL3]",GNG.PENP,2,PENP,2,GNG,2,SNP,3
71859,mixed,FWD->LAT,FWD,LAT,2,0,2,867,20,2.046,1600,1.845,GNG,3,2,2,"[GNGL2, GNG.PENPL2] -> GNGL3 -> [GNG.SNPL3, PENPL3]",GNG,2,GNG.PENP,2,GNG.SNP,3,PENP,3
68104,mixed,FWD->LAT,FWD,LAT,2,0,2,867,11,2.002,3250,3.749,GNG,3,2,2,"[GNGL2, PENPL2] -> GNGL3 -> [GNG.PENPL3, SNPL3]",GNG,2,PENP,2,GNG.PENP,3,SNP,3
61082,mixed,FWD->mix,FWD,mix,2,1,1,867,10,2.081,3230,3.725,GNG,3,2,2,"[GNGL2, PENPL2] -> GNGL3 -> [GNG.PENPL2, SNPL3]",GNG,2,PENP,2,GNG.PENP,2,SNP,3
56212,mixed,FWD->mix,FWD,mix,2,1,1,867,12,2.05,3230,3.725,GNG,3,2,2,"[GNGL2, GNG.PENPL2] -> GNGL3 -> [PENPL2, SNPL3]",GNG,2,GNG.PENP,2,PENP,2,SNP,3
55862,mixed,FWD->LAT,FWD,LAT,2,0,2,867,11,2.123,3174,3.661,GNG,3,2,2,"[GNGL2, PENPL2] -> GNGL3 -> [GNG.SNPL3, SNPL3]",GNG,2,PENP,2,GNG.SNP,3,SNP,3
12,mixed,BWD->FWD,BWD,FWD,2,2,0,3,1,1.0,1127,375.667,GNG.INP,1,2,2,"[AL.LHL2, GNGL2] -> GNG.INPL1 -> [GNG.SNPL2, LH.SNPL2]",AL.LH,2,GNG,2,GNG.SNP,2,LH.SNP,2
12,mixed,BWD->FWD,BWD,FWD,2,2,0,3,1,1.0,1475,491.667,GNG.INP,1,2,2,"[AL.LHL2, GNGL2] -> GNG.INPL1 -> [LH.SNPL2, SNPL2]",AL.LH,2,GNG,2,LH.SNP,2,SNP,2
12,mixed,BWD->FWD,BWD,FWD,2,2,0,3,1,1.0,1174,391.333,GNG.INP,1,2,2,"[AL.LHL2, GNGL2] -> GNG.INPL1 -> [LH.SNPL2, SNP.VLNPL2]",AL.LH,2,GNG,2,LH.SNP,2,SNP.VLNP,2
12,mixed,BWD->FWD,BWD,FWD,2,2,0,3,1,1.0,915,305.0,GNG.INP,1,2,2,"[GNGL2, GNG.LHL2] -> GNG.INPL1 -> [GNG.SNPL2, LH.SNPL2]",GNG,2,GNG.LH,2,GNG.SNP,2,LH.SNP,2
12,mixed,BWD->FWD,BWD,FWD,2,2,0,3,1,1.0,1263,421.0,GNG.INP,1,2,2,"[GNGL2, GNG.LHL2] -> GNG.INPL1 -> [LH.SNPL2, SNPL2]",GNG,2,GNG.LH,2,LH.SNP,2,SNP,2
12,mixed,BWD->FWD,BWD,FWD,2,2,0,3,1,1.0,962,320.667,GNG.INP,1,2,2,"[GNGL2, GNG.LHL2] -> GNG.INPL1 -> [LH.SNPL2, SNP.VLNPL2]",GNG,2,GNG.LH,2,LH.SNP,2,SNP.VLNP,2
12,mixed,BWD->FWD,BWD,FWD,2,2,0,3,1,1.0,934,311.333,GNG.INP,1,2,2,"[GNGL2, GNG.VLNPL2] -> GNG.INPL1 -> [GNG.SNPL2, LH.SNPL2]",GNG,2,GNG.VLNP,2,GNG.SNP,2,LH.SNP,2
12,mixed,BWD->FWD,BWD,FWD,2,2,0,3,1,1.0,1282,427.333,GNG.INP,1,2,2,"[GNGL2, GNG.VLNPL2] -> GNG.INPL1 -> [LH.SNPL2, SNPL2]",GNG,2,GNG.VLNP,2,LH.SNP,2,SNP,2
12,mixed,BWD->FWD,BWD,FWD,2,2,0,3,1,1.0,981,327.0,GNG.INP,1,2,2,"[GNGL2, GNG.VLNPL2] -> GNG.INPL1 -> [LH.SNPL2, SNP.VLNPL2]",GNG,2,GNG.VLNP,2,LH.SNP,2,SNP.VLNP,2
12,mixed,BWD->FWD,BWD,FWD,2,2,0,3,1,1.0,926,308.667,GNG.INP,1,2,2,"[GNGL2, INP.OLL2] -> GNG.INPL1 -> [GNG.SNPL2, LH.SNPL2]",GNG,2,INP.OL,2,GNG.SNP,2,LH.SNP,2
12,mixed,BWD->FWD,BWD,FWD,2,2,0,3,1,1.0,1274,424.667,GNG.INP,1,2,2,"[GNGL2, INP.OLL2] -> GNG.INPL1 -> [LH.SNPL2, SNPL2]",GNG,2,INP.OL,2,LH.SNP,2,SNP,2
12,mixed,BWD->FWD,BWD,FWD,2,2,0,3,1,1.0,973,324.333,GNG.INP,1,2,2,"[GNGL2, INP.OLL2] -> GNG.INPL1 -> [LH.SNPL2, SNP.VLNPL2]",GNG,2,INP.OL,2,LH.SNP,2,SNP.VLNP,2
12,mixed,BWD->FWD,BWD,FWD,2,2,0,3,1,1.0,916,305.333,GNG.INP,1,2,2,"[GNGL2, SNP.VMNPL2] -> GNG.INPL1 -> [GNG.SNPL2, LH.SNPL2]",GNG,2,SNP.VMNP,2,GNG.SNP,2,LH.SNP,2
12,mixed,BWD->FWD,BWD,FWD,2,2,0,3,1,1.0,1264,421.333,GNG.INP,1,2,2,"[GNGL2, SNP.VMNPL2] -> GNG.INPL1 -> [LH.SNPL2, SNPL2]",GNG,2,SNP.VMNP,2,LH.SNP,2,SNP,2
12,mixed,BWD->FWD,BWD,FWD,2,2,0,3,1,1.0,963,321.0,GNG.INP,1,2,2,"[GNGL2, SNP.VMNPL2] -> GNG.INPL1 -> [LH.SNPL2, SNP.VLNPL2]",GNG,2,SNP.VMNP,2,LH.SNP,2,SNP.VLNP,2
12,mixed,BWD->FWD,BWD,FWD,2,2,0,3,1,1.0,1044,348.0,GNG.INP,1,2,2,"[GNGL2, VLNP.VMNPL2] -> GNG.INPL1 -> [GNG.SNPL2, LH.SNPL2]",GNG,2,VLNP.VMNP,2,GNG.SNP,2,LH.SNP,2
12,mixed,BWD->FWD,BWD,FWD,2,2,0,3,1,1.0,1392,464.0,GNG.INP,1,2,2,"[GNGL2, VLNP.VMNPL2] -> GNG.INPL1 -> [LH.SNPL2, SNPL2]",GNG,2,VLNP.VMNP,2,LH.SNP,2,SNP,2
12,mixed,BWD->FWD,BWD,FWD,2,2,0,3,1,1.0,1091,363.667,GNG.INP,1,2,2,"[GNGL2, VLNP.VMNPL2] -> GNG.INPL1 -> [LH.SNPL2, SNP.VLNPL2]",GNG,2,VLNP.VMNP,2,LH.SNP,2,SNP.VLNP,2
240,mixed,mix->LAT,mix,LAT,0,1,3,5,1,1.0,41002,8200.4,GNG.INP,2,2,2,"[GNGL2, GNGL3] -> GNG.INPL2 -> [OLL2, OL.VLNPL2]",GNG,2,GNG,3,OL,2,OL.VLNP,2
240,mixed,mix->LAT,mix,LAT,0,1,3,5,1,1.0,2354,470.8,GNG.INP,2,2,2,"[GNGL2, GNGL3] -> GNG.INPL2 -> [OL.VLNPL2, OL.VMNPL2]",GNG,2,GNG,3,OL.VLNP,2,OL.VMNP,2
240,mixed,mix->mix,mix,mix,1,1,2,5,1,1.0,2541,508.2,GNG.INP,2,2,2,"[GNGL2, GNGL3] -> GNG.INPL2 -> [OL.VLNPL2, VMNPL3]",GNG,2,GNG,3,OL.VLNP,2,VMNP,3
180,mixed,mix->LAT,mix,LAT,0,1,3,5,1,1.0,40698,8139.6,GNG.INP,2,2,2,"[GNGL2, GNGL3] -> GNG.INPL2 -> [OLL2, OL.VMNPL2]",GNG,2,GNG,3,OL,2,OL.VMNP,2
180,mixed,mix->mix,mix,mix,1,1,2,5,1,1.0,40885,8177.0,GNG.INP,2,2,2,"[GNGL2, GNGL3] -> GNG.INPL2 -> [OLL2, VMNPL3]",GNG,2,GNG,3,OL,2,VMNP,3
180,mixed,mix->mix,mix,mix,1,1,2,5,1,1.0,2237,447.4,GNG.INP,2,2,2,"[GNGL2, GNGL3] -> GNG.INPL2 -> [OL.VMNPL2, VMNPL3]",GNG,2,GNG,3,OL.VMNP,2,VMNP,3
160,mixed,mix->LAT,mix,LAT,0,1,3,5,1,1.0,3075,615.0,GNG.INP,2,2,2,"[GNGL2, GNGL3] -> GNG.INPL2 -> [ALL2, OL.VLNPL2]",GNG,2,GNG,3,AL,2,OL.VLNP,2
160,mixed,mix->mix,mix,mix,0,2,2,5,1,1.0,2198,439.6,GNG.INP,2,2,2,"[GNGL2, GNGL3] -> GNG.INPL2 -> [GNG.VMNPL1, OL.VLNPL2]",GNG,2,GNG,3,GNG.VMNP,1,OL.VLNP,2
160,mixed,mix->mix,mix,mix,1,1,2,5,1,1.0,2357,471.4,GNG.INP,2,2,2,"[GNGL2, GNGL3] -> GNG.INPL2 -> [INP.VLNPL3, OL.VLNPL2]",GNG,2,GNG,3,INP.VLNP,3,OL.VLNP,2
160,mixed,mix->LAT,mix,LAT,0,1,3,5,1,1.0,2260,452.0,GNG.INP,2,2,2,"[GNGL2, GNGL3] -> GNG.INPL2 -> [LXL2, OL.VLNPL2]",GNG,2,GNG,3,LX,2,OL.VLNP,2
160,mixed,mix->mix,mix,mix,1,1,2,5,1,1.0,2177,435.4,GNG.INP,2,2,2,"[GNGL2, GNGL3] -> GNG.INPL2 -> [LX.SNPL3, OL.VLNPL2]",GNG,2,GNG,3,LX.SNP,3,OL.VLNP,2
160,mixed,mix->mix,mix,mix,0,2,2,5,1,1.0,13284,2656.8,GNG.INP,2,2,2,"[GNGL2, GNGL3] -> GNG.INPL2 -> [OLL1, OL.VLNPL2]",GNG,2,GNG,3,OL,1,OL.VLNP,2
160,mixed,mix->LAT,mix,LAT,0,1,3,5,1,1.0,2176,435.2,GNG.INP,2,2,2,"[GNGL2, GNGL3] -> GNG.INPL2 -> [OL.SNPL2, OL.VLNPL2]",GNG,2,GNG,3,OL.SNP,2,OL.VLNP,2
160,mixed,mix->mix,mix,mix,0,2,2,5,1,1.0,2193,438.6,GNG.INP,2,2,2,"[GNGL2, GNGL3] -> GNG.INPL2 -> [OL.VLNPL2, OL.VMNPL1]",GNG,2,GNG,3,OL.VLNP,2,OL.VMNP,1
160,mixed,mix->mix,mix,mix,0,2,2,5,1,1.0,2175,435.0,GNG.INP,2,2,2,"[GNGL2, GNGL3] -> GNG.INPL2 -> [OL.VLNPL2, PENP.VMNPL1]",GNG,2,GNG,3,OL.VLNP,2,PENP.VMNP,1
120,mixed,mix->LAT,mix,LAT,0,1,3,5,1,1.0,41419,8283.8,GNG.INP,2,2,2,"[GNGL2, GNGL3] -> GNG.INPL2 -> [ALL2, OLL2]",GNG,2,GNG,3,AL,2,OL,2
120,mixed,mix->LAT,mix,LAT,0,1,3,5,1,1.0,2771,554.2,GNG.INP,2,2,2,"[GNGL2, GNGL3] -> GNG.INPL2 -> [ALL2, OL.VMNPL2]",GNG,2,GNG,3,AL,2,OL.VMNP,2
120,mixed,mix->mix,mix,mix,1,1,2,5,1,1.0,2958,591.6,GNG.INP,2,2,2,"[GNGL2, GNGL3] -> GNG.INPL2 -> [ALL2, VMNPL3]",GNG,2,GNG,3,AL,2,VMNP,3
120,mixed,mix->mix,mix,mix,0,2,2,5,1,1.0,40542,8108.4,GNG.INP,2,2,2,"[GNGL2, GNGL3] -> GNG.INPL2 -> [GNG.VMNPL1, OLL2]",GNG,2,GNG,3,GNG.VMNP,1,OL,2
120,mixed,mix->mix,mix,mix,0,2,2,5,1,1.0,1894,378.8,GNG.INP,2,2,2,"[GNGL2, GNGL3] -> GNG.INPL2 -> [GNG.VMNPL1, OL.VMNPL2]",GNG,2,GNG,3,GNG.VMNP,1,OL.VMNP,2
2332,mixed,mix->mix,mix,mix,1,1,2,25,4,1.433,2787,111.48,GNG.INP,3,2,2,"[GNGL2, GNGL3] -> GNG.INPL3 -> [VLNPL2, VLNPL3]",GNG,2,GNG,3,VLNP,2,VLNP,3
1924,mixed,mix->mix,mix,mix,1,1,2,25,6,3.241,3814,152.56,GNG.INP,3,2,2,"[GNGL2, GNGL3] -> GNG.INPL3 -> [SNPL2, SNPL3]",GNG,2,GNG,3,SNP,2,SNP,3
1920,mixed,mix->mix,mix,mix,1,1,2,25,1,1.0,2451,98.04,GNG.INP,3,2,2,"[GNGL3, VMNPL2] -> GNG.INPL3 -> [VLNPL2, VLNPL3]",GNG,3,VMNP,2,VLNP,2,VLNP,3
1670,mixed,mix->LAT,mix,LAT,1,0,3,25,6,3.262,4193,167.72,GNG.INP,3,2,2,"[GNGL2, GNGL3] -> GNG.INPL3 -> [SNPL3, VLNPL3]",GNG,2,GNG,3,SNP,3,VLNP,3
1304,mixed,mix->mix,mix,mix,1,1,2,25,6,2.218,3802,152.08,GNG.INP,3,2,2,"[GNGL2, GNGL3] -> GNG.INPL3 -> [SNPL3, VLNPL2]",GNG,2,GNG,3,SNP,3,VLNP,2
1150,mixed,mix->BWD,mix,BWD,1,2,1,25,3,2.554,2088,83.52,GNG.INP,3,2,2,"[GNGL2, GNGL3] -> GNG.INPL3 -> [INPL2, SNPL2]",GNG,2,GNG,3,INP,2,SNP,2
1124,mixed,mix->mix,mix,mix,1,1,2,25,4,3.3,3482,139.28,GNG.INP,3,2,2,"[GNGL2, GNGL3] -> GNG.INPL3 -> [INPL2, SNPL3]",GNG,2,GNG,3,INP,2,SNP,3
1022,mixed,mix->mix,mix,mix,1,1,2,25,3,1.131,1999,79.96,GNG.INP,3,2,2,"[GNGL3, GNG.VLNPL2] -> GNG.INPL3 -> [VLNPL2, VLNPL3]",GNG,3,GNG.VLNP,2,VLNP,2,VLNP,3
1012,mixed,LAT->mix,LAT,mix,0,1,3,25,3,1.11,2020,80.8,GNG.INP,3,2,2,"[GNGL3, GNG.VLNPL3] -> GNG.INPL3 -> [VLNPL2, VLNPL3]",GNG,3,GNG.VLNP,3,VLNP,2,VLNP,3
960,mixed,LAT->mix,LAT,mix,0,1,3,25,1,1.0,2091,83.64,GNG.INP,3,2,2,"[GNGL3, GNG.PENPL3] -> GNG.INPL3 -> [VLNPL2, VLNPL3]",GNG,3,GNG.PENP,3,VLNP,2,VLNP,3
960,mixed,mix->mix,mix,mix,1,1,2,25,1,1.0,2083,83.32,GNG.INP,3,2,2,"[GNGL3, GNG.VMNPL2] -> GNG.INPL3 -> [VLNPL2, VLNPL3]",GNG,3,GNG.VMNP,2,VLNP,2,VLNP,3
960,mixed,mix->mix,mix,mix,1,1,2,25,1,1.0,2006,80.24,GNG.INP,3,2,2,"[GNGL3, INP.SNPL2] -> GNG.INPL3 -> [VLNPL2, VLNPL3]",GNG,3,INP.SNP,2,VLNP,2,VLNP,3
960,mixed,mix->mix,mix,mix,1,1,2,25,1,1.0,2018,80.72,GNG.INP,3,2,2,"[GNGL3, INP.VLNPL2] -> GNG.INPL3 -> [VLNPL2, VLNPL3]",GNG,3,INP.VLNP,2,VLNP,2,VLNP,3
960,mixed,mix->mix,mix,mix,1,1,2,25,1,1.0,2055,82.2,GNG.INP,3,2,2,"[GNGL3, PENP.VMNPL2] -> GNG.INPL3 -> [VLNPL2, VLNPL3]",GNG,3,PENP.VMNP,2,VLNP,2,VLNP,3
926,mixed,mix->mix,mix,mix,1,1,2,25,5,3.65,2799,111.96,GNG.INP,3,2,2,"[GNGL2, GNGL3] -> GNG.INPL3 -> [SNPL2, VLNPL3]",GNG,2,GNG,3,SNP,2,VLNP,3
874,mixed,mix->mix,mix,mix,1,1,2,25,4,3.354,2467,98.68,GNG.INP,3,2,2,"[GNGL2, GNGL3] -> GNG.INPL3 -> [INPL2, VLNPL3]",GNG,2,GNG,3,INP,2,VLNP,3
759,mixed,mix->mix,mix,mix,1,1,2,25,2,1.734,2107,84.28,GNG.INP,3,2,2,"[GNGL2, GNGL3] -> GNG.INPL3 -> [INP.VMNPL3, SNPL2]",GNG,2,GNG,3,INP.VMNP,3,SNP,2
736,mixed,mix->LAT,mix,LAT,1,0,3,25,2,1.516,2584,103.36,GNG.INP,3,2,2,"[GNGL2, GNGL3] -> GNG.INPL3 -> [INPL3, VLNPL3]",GNG,2,GNG,3,INP,3,VLNP,3
644,mixed,mix->mix,mix,mix,1,1,2,25,3,1.62,2193,87.72,GNG.INP,3,2,2,"[GNGL2, GNGL3] -> GNG.INPL3 -> [INPL3, VLNPL2]",GNG,2,GNG,3,INP,3,VLNP,2
637,mixed,mix->LAT,mix,LAT,1,0,3,25,3,2.201,2486,99.44,GNG.INP,3,2,2,"[GNGL2, GNGL3] -> GNG.INPL3 -> [INP.VMNPL3, VLNPL3]",GNG,2,GNG,3,INP.VMNP,3,VLNP,3
34960,mixed,mix->FWD,mix,FWD,3,0,1,2,1,1.0,7141,3570.5,GNG.LH,2,2,2,"[ALL1, GNGL2] -> GNG.LHL2 -> [MBL3, SNPL3]",AL,1,GNG,2,MB,3,SNP,3
31464,mixed,mix->mix,mix,mix,2,0,2,2,1,1.0,7286,3643.0,GNG.LH,2,2,2,"[ALL1, GNGL2] -> GNG.LHL2 -> [MBL2, MBL3]",AL,1,GNG,2,MB,2,MB,3
20976,mixed,mix->FWD,mix,FWD,3,0,1,2,1,1.0,6096,3048.0,GNG.LH,2,2,2,"[ALL1, GNGL2] -> GNG.LHL2 -> [LH.SNPL3, MBL3]",AL,1,GNG,2,LH.SNP,3,MB,3
17480,mixed,LAT->FWD,LAT,FWD,2,0,2,2,1,1.0,5901,2950.5,GNG.LH,2,2,2,"[GNGL2, PENPL2] -> GNG.LHL2 -> [MBL3, SNPL3]",GNG,2,PENP,2,MB,3,SNP,3
15732,mixed,LAT->mix,LAT,mix,1,0,3,2,1,1.0,6046,3023.0,GNG.LH,2,2,2,"[GNGL2, PENPL2] -> GNG.LHL2 -> [MBL2, MBL3]",GNG,2,PENP,2,MB,2,MB,3
13984,mixed,mix->mix,mix,mix,2,0,2,2,1,1.0,5589,2794.5,GNG.LH,2,2,2,"[ALL1, GNGL2] -> GNG.LHL2 -> [AL.LHL2, MBL3]",AL,1,GNG,2,AL.LH,2,MB,3
13984,mixed,mix->FWD,mix,FWD,3,0,1,2,1,1.0,5551,2775.5,GNG.LH,2,2,2,"[ALL1, GNGL2] -> GNG.LHL2 -> [INP.SNPL3, MBL3]",AL,1,GNG,2,INP.SNP,3,MB,3
13984,mixed,mix->mix,mix,mix,2,0,2,2,1,1.0,5468,2734.0,GNG.LH,2,2,2,"[ALL1, GNGL2] -> GNG.LHL2 -> [LHL2, MBL3]",AL,1,GNG,2,LH,2,MB,3
13984,mixed,mix->FWD,mix,FWD,3,0,1,2,1,1.0,5959,2979.5,GNG.LH,2,2,2,"[ALL1, GNGL2] -> GNG.LHL2 -> [LHL3, MBL3]",AL,1,GNG,2,LH,3,MB,3
13680,mixed,mix->mix,mix,mix,2,0,2,2,1,1.0,6288,3144.0,GNG.LH,2,2,2,"[ALL1, GNGL2] -> GNG.LHL2 -> [MBL2, SNPL3]",AL,1,GNG,2,MB,2,SNP,3
13110,mixed,LAT->FWD,LAT,FWD,2,0,2,2,1,1.0,5432,2716.0,GNG.LH,2,2,2,"[GNGL2, GNG.PENPL2] -> GNG.LHL2 -> [MBL3, SNPL3]",GNG,2,GNG.PENP,2,MB,3,SNP,3
11799,mixed,LAT->mix,LAT,mix,1,0,3,2,1,1.0,5577,2788.5,GNG.LH,2,2,2,"[GNGL2, GNG.PENPL2] -> GNG.LHL2 -> [MBL2, MBL3]",GNG,2,GNG.PENP,2,MB,2,MB,3
10488,mixed,mix->FWD,mix,FWD,3,0,1,2,1,1.0,5553,2776.5,GNG.LH,2,2,2,"[ALL1, GNGL2] -> GNG.LHL2 -> [INP.MBL3, MBL3]",AL,1,GNG,2,INP.MB,3,MB,3
10488,mixed,mix->mix,mix,mix,2,0,2,2,1,1.0,5747,2873.5,GNG.LH,2,2,2,"[ALL1, GNGL2] -> GNG.LHL2 -> [MBL3, SNPL2]",AL,1,GNG,2,MB,3,SNP,2
10488,mixed,LAT->FWD,LAT,FWD,2,0,2,2,1,1.0,4856,2428.0,GNG.LH,2,2,2,"[GNGL2, PENPL2] -> GNG.LHL2 -> [LH.SNPL3, MBL3]",GNG,2,PENP,2,LH.SNP,3,MB,3
9136,mixed,mix->FWD,mix,FWD,3,0,1,2,2,1.004,5098,2549.0,GNG.LH,2,2,2,"[ALL1, GNGL2] -> GNG.LHL2 -> [LH.SNPL3, SNPL3]",AL,1,GNG,2,LH.SNP,3,SNP,3
8740,mixed,mix->FWD,mix,FWD,2,1,1,2,1,1.0,5375,2687.5,GNG.LH,2,2,2,"[ALL3, GNGL2] -> GNG.LHL2 -> [MBL3, SNPL3]",AL,3,GNG,2,MB,3,SNP,3
8740,mixed,mix->FWD,mix,FWD,2,1,1,2,1,1.0,6206,3103.0,GNG.LH,2,2,2,"[GNGL2, GNGL3] -> GNG.LHL2 -> [MBL3, SNPL3]",GNG,2,GNG,3,MB,3,SNP,3
8208,mixed,mix->mix,mix,mix,2,0,2,2,1,1.0,5243,2621.5,GNG.LH,2,2,2,"[ALL1, GNGL2] -> GNG.LHL2 -> [LH.SNPL3, MBL2]",AL,1,GNG,2,LH.SNP,3,MB,2
7866,mixed,mix->mix,mix,mix,1,1,2,2,1,1.0,5520,2760.0,GNG.LH,2,2,2,"[ALL3, GNGL2] -> GNG.LHL2 -> [MBL2, MBL3]",AL,3,GNG,2,MB,2,MB,3
2304,mixed,mix->mix,mix,mix,1,1,2,11,2,1.969,1674,152.182,GNG.LH,3,2,2,"[AL.LHL2, GNGL3] -> GNG.LHL3 -> [LHL3, LH.OLL2]",AL.LH,2,GNG,3,LH,3,LH.OL,2
2052,mixed,mix->LAT,mix,LAT,1,0,3,11,2,1.87,1707,155.182,GNG.LH,3,2,2,"[AL.LHL2, GNGL3] -> GNG.LHL3 -> [LHL3, LH.VLNPL3]",AL.LH,2,GNG,3,LH,3,LH.VLNP,3
1536,mixed,LAT->mix,LAT,mix,0,1,3,11,2,1.969,2211,201.0,GNG.LH,3,2,2,"[GNGL3, VLNPL3] -> GNG.LHL3 -> [LHL3, LH.OLL2]",GNG,3,VLNP,3,LH,3,LH.OL,2
1404,mixed,mix->LAT,mix,LAT,1,0,3,11,2,1.988,3232,293.818,GNG.LH,3,2,2,"[AL.LHL2, GNGL3] -> GNG.LHL3 -> [LHL3, OL.VLNPL3]",AL.LH,2,GNG,3,LH,3,OL.VLNP,3
1368,mixed,LAT->mix,LAT,mix,0,1,3,11,2,1.87,2416,219.636,GNG.LH,3,2,2,"[GNGL3, VLNPL3] -> GNG.LHL3 -> [AL.LHL2, LHL3]",GNG,3,VLNP,3,AL.LH,2,LH,3
1368,pure_LAT,LAT->LAT,LAT,LAT,0,0,4,11,2,1.87,2244,204.0,GNG.LH,3,2,2,"[GNGL3, VLNPL3] -> GNG.LHL3 -> [LHL3, LH.VLNPL3]",GNG,3,VLNP,3,LH,3,LH.VLNP,3
1152,mixed,mix->mix,mix,mix,1,1,2,11,2,1.969,1758,159.818,GNG.LH,3,2,2,"[AL.LHL2, GNGL3] -> GNG.LHL3 -> [LHL2, LHL3]",AL.LH,2,GNG,3,LH,2,LH,3
1152,mixed,mix->mix,mix,mix,1,1,2,11,2,1.969,1796,163.273,GNG.LH,3,2,2,"[AL.LHL2, GNGL3] -> GNG.LHL3 -> [LHL3, VLNP.VMNPL2]",AL.LH,2,GNG,3,LH,3,VLNP.VMNP,2
1104,mixed,mix->mix,mix,mix,1,1,2,11,2,1.91,1536,139.636,GNG.LH,3,2,2,"[GNGL3, PENP.VLNPL2] -> GNG.LHL3 -> [LHL3, LH.OLL2]",GNG,3,PENP.VLNP,2,LH,3,LH.OL,2
1104,mixed,LAT->mix,LAT,mix,0,1,3,11,2,1.91,1540,140.0,GNG.LH,3,2,2,"[GNGL3, PENP.VMNPL3] -> GNG.LHL3 -> [LHL3, LH.OLL2]",GNG,3,PENP.VMNP,3,LH,3,LH.OL,2
1080,mixed,mix->LAT,mix,LAT,1,0,3,11,2,1.724,2416,219.636,GNG.LH,3,2,2,"[AL.LHL2, GNGL3] -> GNG.LHL3 -> [LHL3, VLNPL3]",AL.LH,2,GNG,3,LH,3,VLNP,3
936,mixed,mix->mix,mix,mix,1,1,2,11,2,1.988,1741,158.273,GNG.LH,3,2,2,"[GNGL3, PENP.VLNPL2] -> GNG.LHL3 -> [AL.LHL2, LHL3]",GNG,3,PENP.VLNP,2,AL.LH,2,LH,3
936,mixed,mix->LAT,mix,LAT,1,0,3,11,2,1.988,1569,142.636,GNG.LH,3,2,2,"[GNGL3, PENP.VLNPL2] -> GNG.LHL3 -> [LHL3, LH.VLNPL3]",GNG,3,PENP.VLNP,2,LH,3,LH.VLNP,3
936,mixed,LAT->mix,LAT,mix,0,1,3,11,2,1.988,1745,158.636,GNG.LH,3,2,2,"[GNGL3, PENP.VMNPL3] -> GNG.LHL3 -> [AL.LHL2, LHL3]",GNG,3,PENP.VMNP,3,AL.LH,2,LH,3
936,pure_LAT,LAT->LAT,LAT,LAT,0,0,4,11,2,1.988,1573,143.0,GNG.LH,3,2,2,"[GNGL3, PENP.VMNPL3] -> GNG.LHL3 -> [LHL3, LH.VLNPL3]",GNG,3,PENP.VMNP,3,LH,3,LH.VLNP,3
936,pure_LAT,LAT->LAT,LAT,LAT,0,0,4,11,2,1.988,3769,342.636,GNG.LH,3,2,2,"[GNGL3, VLNPL3] -> GNG.LHL3 -> [LHL3, OL.VLNPL3]",GNG,3,VLNP,3,LH,3,OL.VLNP,3
828,mixed,mix->mix,mix,mix,1,1,2,11,2,1.91,1674,152.182,GNG.LH,3,2,2,"[AL.LHL2, GNGL3] -> GNG.LHL3 -> [LHL3, LH.VLNPL2]",AL.LH,2,GNG,3,LH,3,LH.VLNP,2
828,mixed,mix->mix,mix,mix,1,1,2,11,2,1.91,2156,196.0,GNG.LH,3,2,2,"[AL.LHL2, GNGL3] -> GNG.LHL3 -> [LHL3, OL.VLNPL2]",AL.LH,2,GNG,3,LH,3,OL.VLNP,2
768,mixed,mix->mix,mix,mix,1,1,2,11,2,1.969,1466,133.273,GNG.LH,3,2,2,"[AL.GNGL2, GNGL3] -> GNG.LHL3 -> [LHL3, LH.OLL2]",AL.GNG,2,GNG,3,LH,3,LH.OL,2
768,mixed,mix->mix,mix,mix,1,1,2,11,2,1.969,1466,133.273,GNG.LH,3,2,2,"[AL.VMNPL2, GNGL3] -> GNG.LHL3 -> [LHL3, LH.OLL2]",AL.VMNP,2,GNG,3,LH,3,LH.OL,2
726,mixed,mix->FWD,mix,FWD,2,1,1,2,2,1.16,1470,735.0,GNG.LX,1,2,2,"[GNGL2, VMNPL1] -> GNG.LXL1 -> [LX.VMNPL2, VMNPL2]",GNG,2,VMNP,1,LX.VMNP,2,VMNP,2
684,mixed,BWD->FWD,BWD,FWD,2,2,0,2,2,1.362,1570,785.0,GNG.LX,1,2,2,"[GNGL2, VMNPL2] -> GNG.LXL1 -> [AL.LHL2, LX.VMNPL2]",GNG,2,VMNP,2,AL.LH,2,LX.VMNP,2
540,mixed,mix->FWD,mix,FWD,2,1,1,2,2,1.142,1610,805.0,GNG.LX,1,2,2,"[GNGL2, VMNPL1] -> GNG.LXL1 -> [AL.LHL2, VMNPL2]",GNG,2,VMNP,1,AL.LH,2,VMNP,2
502,mixed,mix->FWD,mix,FWD,2,1,1,2,2,1.238,1372,686.0,GNG.LX,1,2,2,"[GNGL2, LX.VMNPL1] -> GNG.LXL1 -> [LX.VMNPL2, VMNPL2]",GNG,2,LX.VMNP,1,LX.VMNP,2,VMNP,2
492,mixed,BWD->mix,BWD,mix,1,2,1,2,2,1.521,1363,681.5,GNG.LX,1,2,2,"[GNGL2, VMNPL2] -> GNG.LXL1 -> [GNG.OLL1, LX.VMNPL2]",GNG,2,VMNP,2,GNG.OL,1,LX.VMNP,2
492,mixed,BWD->mix,BWD,mix,1,2,1,2,2,1.521,1382,691.0,GNG.LX,1,2,2,"[GNGL2, VMNPL2] -> GNG.LXL1 -> [LX.VMNPL2, OL.VMNPL1]",GNG,2,VMNP,2,LX.VMNP,2,OL.VMNP,1
438,mixed,BWD->mix,BWD,mix,1,2,1,2,2,1.276,1368,684.0,GNG.LX,1,2,2,"[GNGL2, VMNPL2] -> GNG.LXL1 -> [LXL1, LX.VMNPL2]",GNG,2,VMNP,2,LX,1,LX.VMNP,2
372,mixed,mix->FWD,mix,FWD,2,1,1,2,2,1.212,1512,756.0,GNG.LX,1,2,2,"[GNGL2, LX.VMNPL1] -> GNG.LXL1 -> [AL.LHL2, VMNPL2]",GNG,2,LX.VMNP,1,AL.LH,2,VMNP,2
372,mixed,mix->mix,mix,mix,1,1,2,2,2,1.212,1403,701.5,GNG.LX,1,2,2,"[GNGL2, VMNPL1] -> GNG.LXL1 -> [GNG.OLL1, VMNPL2]",GNG,2,VMNP,1,GNG.OL,1,VMNP,2
372,mixed,mix->mix,mix,mix,1,1,2,2,2,1.212,1422,711.0,GNG.LX,1,2,2,"[GNGL2, VMNPL1] -> GNG.LXL1 -> [OL.VMNPL1, VMNPL2]",GNG,2,VMNP,1,OL.VMNP,1,VMNP,2
360,mixed,BWD->mix,BWD,mix,1,2,1,2,2,1.471,1503,751.5,GNG.LX,1,2,2,"[GNGL2, VMNPL2] -> GNG.LXL1 -> [AL.LHL2, GNG.OLL1]",GNG,2,VMNP,2,AL.LH,2,GNG.OL,1
360,mixed,BWD->mix,BWD,mix,1,2,1,2,2,1.471,1522,761.0,GNG.LX,1,2,2,"[GNGL2, VMNPL2] -> GNG.LXL1 -> [AL.LHL2, OL.VMNPL1]",GNG,2,VMNP,2,AL.LH,2,OL.VMNP,1
354,mixed,mix->mix,mix,mix,1,1,2,2,2,1.107,1408,704.0,GNG.LX,1,2,2,"[GNGL2, VMNPL1] -> GNG.LXL1 -> [LXL1, VMNPL2]",GNG,2,VMNP,1,LX,1,VMNP,2
332,mixed,BWD->FWD,BWD,FWD,2,2,0,2,2,1.782,1362,681.0,GNG.LX,1,2,2,"[AL.GNGL2, GNGL2] -> GNG.LXL1 -> [LX.VMNPL2, VMNPL2]",AL.GNG,2,GNG,2,LX.VMNP,2,VMNP,2
324,mixed,mix->FWD,mix,FWD,2,1,1,2,2,1.246,1211,605.5,GNG.LX,1,2,2,"[GNGL2, VMNPL1] -> GNG.LXL1 -> [AL.LHL2, LX.VMNPL2]",GNG,2,VMNP,1,AL.LH,2,LX.VMNP,2
324,mixed,BWD->mix,BWD,mix,1,2,1,2,2,1.246,1508,754.0,GNG.LX,1,2,2,"[GNGL2, VMNPL2] -> GNG.LXL1 -> [AL.LHL2, LXL1]",GNG,2,VMNP,2,AL.LH,2,LX,1
300,mixed,BWD->FWD,BWD,FWD,2,2,0,2,2,1.855,1375,687.5,GNG.LX,1,2,2,"[GNGL2, VMNPL2] -> GNG.LXL1 -> [CXL2, LX.VMNPL2]",GNG,2,VMNP,2,CX,2,LX.VMNP,2
278,mixed,BWD->FWD,BWD,FWD,2,2,0,2,2,1.456,1362,681.0,GNG.LX,1,2,2,"[AL.VMNPL2, GNGL2] -> GNG.LXL1 -> [LX.VMNPL2, VMNPL2]",AL.VMNP,2,GNG,2,LX.VMNP,2,VMNP,2
278,mixed,BWD->FWD,BWD,FWD,2,2,0,2,2,1.456,1543,771.5,GNG.LX,1,2,2,"[GNGL2, OL.VMNPL2] -> GNG.LXL1 -> [LX.VMNPL2, VMNPL2]",GNG,2,OL.VMNP,2,LX.VMNP,2,VMNP,2
278,mixed,BWD->FWD,BWD,FWD,2,2,0,2,2,1.456,1359,679.5,GNG.LX,1,2,2,"[GNGL2, SNP.VMNPL2] -> GNG.LXL1 -> [LX.VMNPL2, VMNPL2]",GNG,2,SNP.VMNP,2,LX.VMNP,2,VMNP,2
3528,mixed,mix->LAT,mix,LAT,0,1,3,3,1,1.0,2223,741.0,GNG.LX,2,2,2,"[GNGL2, GNGL3] -> GNG.LXL2 -> [LX.VMNPL2, VMNPL2]",GNG,2,GNG,3,LX.VMNP,2,VMNP,2
2016,mixed,mix->LAT,mix,LAT,1,0,3,3,1,1.0,1470,490.0,GNG.LX,2,2,2,"[GNGL2, VMNPL1] -> GNG.LXL2 -> [LX.VMNPL2, VMNPL2]",GNG,2,VMNP,1,LX.VMNP,2,VMNP,2
1568,mixed,mix->LAT,mix,LAT,1,1,2,3,1,1.0,1528,509.333,GNG.LX,2,2,2,"[GNGL3, VMNPL1] -> GNG.LXL2 -> [LX.VMNPL2, VMNPL2]",GNG,3,VMNP,1,LX.VMNP,2,VMNP,2
1512,mixed,mix->LAT,mix,LAT,0,1,3,3,1,1.0,2254,751.333,GNG.LX,2,2,2,"[GNGL2, GNGL3] -> GNG.LXL2 -> [GNG.VMNPL2, VMNPL2]",GNG,2,GNG,3,GNG.VMNP,2,VMNP,2
1512,mixed,mix->LAT,mix,LAT,0,1,3,3,1,1.0,2242,747.333,GNG.LX,2,2,2,"[GNGL2, GNGL3] -> GNG.LXL2 -> [LXL2, VMNPL2]",GNG,2,GNG,3,LX,2,VMNP,2
1512,mixed,mix->mix,mix,mix,0,2,2,3,1,1.0,2165,721.667,GNG.LX,2,2,2,"[GNGL2, GNGL3] -> GNG.LXL2 -> [LX.VMNPL1, VMNPL2]",GNG,2,GNG,3,LX.VMNP,1,VMNP,2
1512,mixed,mix->mix,mix,mix,0,2,2,3,1,1.0,2175,725.0,GNG.LX,2,2,2,"[GNGL2, GNGL3] -> GNG.LXL2 -> [OL.VMNPL1, VMNPL2]",GNG,2,GNG,3,OL.VMNP,1,VMNP,2
1512,mixed,mix->LAT,mix,LAT,1,0,3,3,1,1.0,1372,457.333,GNG.LX,2,2,2,"[GNGL2, LX.VMNPL1] -> GNG.LXL2 -> [LX.VMNPL2, VMNPL2]",GNG,2,LX.VMNP,1,LX.VMNP,2,VMNP,2
1323,mixed,mix->LAT,mix,LAT,0,1,3,3,1,1.0,1855,618.333,GNG.LX,2,2,2,"[GNGL2, GNGL3] -> GNG.LXL2 -> [GNG.VMNPL2, LX.VMNPL2]",GNG,2,GNG,3,GNG.VMNP,2,LX.VMNP,2
1323,mixed,mix->LAT,mix,LAT,0,1,3,3,1,1.0,1843,614.333,GNG.LX,2,2,2,"[GNGL2, GNGL3] -> GNG.LXL2 -> [LXL2, LX.VMNPL2]",GNG,2,GNG,3,LX,2,LX.VMNP,2
1323,mixed,mix->mix,mix,mix,0,2,2,3,1,1.0,1766,588.667,GNG.LX,2,2,2,"[GNGL2, GNGL3] -> GNG.LXL2 -> [LX.VMNPL1, LX.VMNPL2]",GNG,2,GNG,3,LX.VMNP,1,LX.VMNP,2
1323,mixed,mix->mix,mix,mix,0,2,2,3,1,1.0,1776,592.0,GNG.LX,2,2,2,"[GNGL2, GNGL3] -> GNG.LXL2 -> [LX.VMNPL2, OL.VMNPL1]",GNG,2,GNG,3,LX.VMNP,2,OL.VMNP,1
1176,mixed,mix->LAT,mix,LAT,1,1,2,3,1,1.0,1430,476.667,GNG.LX,2,2,2,"[GNGL3, LX.VMNPL1] -> GNG.LXL2 -> [LX.VMNPL2, VMNPL2]",GNG,3,LX.VMNP,1,LX.VMNP,2,VMNP,2
1008,mixed,mix->LAT,mix,LAT,0,1,3,3,1,1.0,2336,778.667,GNG.LX,2,2,2,"[GNGL2, GNGL3] -> GNG.LXL2 -> [OL.VMNPL2, VMNPL2]",GNG,2,GNG,3,OL.VMNP,2,VMNP,2
1008,mixed,mix->mix,mix,mix,1,1,2,3,1,1.0,2900,966.667,GNG.LX,2,2,2,"[GNGL2, GNGL3] -> GNG.LXL2 -> [VLNPL3, VMNPL2]",GNG,2,GNG,3,VLNP,3,VMNP,2
882,mixed,mix->LAT,mix,LAT,0,1,3,3,1,1.0,1937,645.667,GNG.LX,2,2,2,"[GNGL2, GNGL3] -> GNG.LXL2 -> [LX.VMNPL2, OL.VMNPL2]",GNG,2,GNG,3,LX.VMNP,2,OL.VMNP,2
882,mixed,mix->mix,mix,mix,1,1,2,3,1,1.0,2501,833.667,GNG.LX,2,2,2,"[GNGL2, GNGL3] -> GNG.LXL2 -> [LX.VMNPL2, VLNPL3]",GNG,2,GNG,3,LX.VMNP,2,VLNP,3
864,pure_LAT,LAT->LAT,LAT,LAT,0,0,4,3,1,1.0,1461,487.0,GNG.LX,2,2,2,"[GNGL2, LX.VMNPL2] -> GNG.LXL2 -> [GNG.VMNPL2, VMNPL2]",GNG,2,LX.VMNP,2,GNG.VMNP,2,VMNP,2
864,pure_LAT,LAT->LAT,LAT,LAT,0,0,4,3,1,1.0,1449,483.0,GNG.LX,2,2,2,"[GNGL2, LX.VMNPL2] -> GNG.LXL2 -> [LXL2, VMNPL2]",GNG,2,LX.VMNP,2,LX,2,VMNP,2
864,mixed,LAT->mix,LAT,mix,0,1,3,3,1,1.0,1372,457.333,GNG.LX,2,2,2,"[GNGL2, LX.VMNPL2] -> GNG.LXL2 -> [LX.VMNPL1, VMNPL2]",GNG,2,LX.VMNP,2,LX.VMNP,1,VMNP,2
432,mixed,mix->mix,mix,mix,1,1,2,2,1,1.0,2074,1037.0,GNG.LX,3,2,2,"[GNG.SNPL2, VMNPL3] -> GNG.LXL3 -> [GNGL2, GNGL3]",GNG.SNP,2,VMNP,3,GNG,2,GNG,3
432,mixed,mix->mix,mix,mix,1,1,2,2,1,1.0,2155,1077.5,GNG.LX,3,2,2,"[GNG.VMNPL2, VMNPL3] -> GNG.LXL3 -> [GNGL2, GNGL3]",GNG.VMNP,2,VMNP,3,GNG,2,GNG,3
432,mixed,LAT->mix,LAT,mix,0,1,3,2,1,1.0,2125,1062.5,GNG.LX,3,2,2,"[LXL3, VMNPL3] -> GNG.LXL3 -> [GNGL2, GNGL3]",LX,3,VMNP,3,GNG,2,GNG,3
328,mixed,mix->mix,mix,mix,1,1,2,2,2,1.025,1856,928.0,GNG.LX,3,2,2,"[GNG.VMNPL2, LXL3] -> GNG.LXL3 -> [GNGL2, GNGL3]",GNG.VMNP,2,LX,3,GNG,2,GNG,3
324,mixed,FWD->mix,FWD,mix,2,1,1,2,1,1.0,1805,902.5,GNG.LX,3,2,2,"[GNG.SNPL2, GNG.VMNPL2] -> GNG.LXL3 -> [GNGL2, GNGL3]",GNG.SNP,2,GNG.VMNP,2,GNG,2,GNG,3
324,mixed,mix->mix,mix,mix,1,1,2,2,1,1.0,1775,887.5,GNG.LX,3,2,2,"[GNG.SNPL2, LXL3] -> GNG.LXL3 -> [GNGL2, GNGL3]",GNG.SNP,2,LX,3,GNG,2,GNG,3
288,mixed,LAT->mix,LAT,mix,0,1,3,2,1,1.0,2163,1081.5,GNG.LX,3,2,2,"[GNG.PENPL3, VMNPL3] -> GNG.LXL3 -> [GNGL2, GNGL3]",GNG.PENP,3,VMNP,3,GNG,2,GNG,3
288,mixed,mix->mix,mix,mix,1,1,2,2,1,1.0,2973,1486.5,GNG.LX,3,2,2,"[GNG.SNPL2, VMNPL3] -> GNG.LXL3 -> [GNGL2, SNPL3]",GNG.SNP,2,VMNP,3,GNG,2,SNP,3
288,mixed,mix->LAT,mix,LAT,1,0,3,2,1,1.0,3031,1515.5,GNG.LX,3,2,2,"[GNG.SNPL2, VMNPL3] -> GNG.LXL3 -> [GNGL3, SNPL3]",GNG.SNP,2,VMNP,3,GNG,3,SNP,3
288,mixed,mix->mix,mix,mix,1,1,2,2,1,1.0,3054,1527.0,GNG.LX,3,2,2,"[GNG.VMNPL2, VMNPL3] -> GNG.LXL3 -> [GNGL2, SNPL3]",GNG.VMNP,2,VMNP,3,GNG,2,SNP,3
288,mixed,mix->LAT,mix,LAT,1,0,3,2,1,1.0,3112,1556.0,GNG.LX,3,2,2,"[GNG.VMNPL2, VMNPL3] -> GNG.LXL3 -> [GNGL3, SNPL3]",GNG.VMNP,2,VMNP,3,GNG,3,SNP,3
288,mixed,LAT->mix,LAT,mix,0,1,3,2,1,1.0,3024,1512.0,GNG.LX,3,2,2,"[LXL3, VMNPL3] -> GNG.LXL3 -> [GNGL2, SNPL3]",LX,3,VMNP,3,GNG,2,SNP,3
288,pure_LAT,LAT->LAT,LAT,LAT,0,0,4,2,1,1.0,3082,1541.0,GNG.LX,3,2,2,"[LXL3, VMNPL3] -> GNG.LXL3 -> [GNGL3, SNPL3]",LX,3,VMNP,3,GNG,3,SNP,3
288,mixed,mix->mix,mix,mix,1,1,2,2,1,1.0,2523,1261.5,GNG.LX,3,2,2,"[VMNPL2, VMNPL3] -> GNG.LXL3 -> [GNGL2, GNGL3]",VMNP,2,VMNP,3,GNG,2,GNG,3
240,mixed,mix->BWD,mix,BWD,1,2,1,2,1,1.0,1874,937.0,GNG.LX,3,2,2,"[GNGL2, GNGL3] -> GNG.LXL3 -> [GNG.VMNPL2, LXL2]",GNG,2,GNG,3,GNG.VMNP,2,LX,2
220,mixed,LAT->mix,LAT,mix,0,1,3,2,2,1.037,1864,932.0,GNG.LX,3,2,2,"[GNG.PENPL3, LXL3] -> GNG.LXL3 -> [GNGL2, GNGL3]",GNG.PENP,3,LX,3,GNG,2,GNG,3
218,mixed,mix->mix,mix,mix,1,1,2,2,2,1.019,1894,947.0,GNG.LX,3,2,2,"[GNG.PENPL3, GNG.VMNPL2] -> GNG.LXL3 -> [GNGL2, GNGL3]",GNG.PENP,3,GNG.VMNP,2,GNG,2,GNG,3
216,mixed,mix->mix,mix,mix,1,1,2,2,1,1.0,1813,906.5,GNG.LX,3,2,2,"[GNG.PENPL3, GNG.SNPL2] -> GNG.LXL3 -> [GNGL2, GNGL3]",GNG.PENP,3,GNG.SNP,2,GNG,2,GNG,3
216,mixed,FWD->mix,FWD,mix,2,1,1,2,1,1.0,2704,1352.0,GNG.LX,3,2,2,"[GNG.SNPL2, GNG.VMNPL2] -> GNG.LXL3 -> [GNGL2, SNPL3]",GNG.SNP,2,GNG.VMNP,2,GNG,2,SNP,3
216,mixed,FWD->LAT,FWD,LAT,2,0,2,2,1,1.0,2762,1381.0,GNG.LX,3,2,2,"[GNG.SNPL2, GNG.VMNPL2] -> GNG.LXL3 -> [GNGL3, SNPL3]",GNG.SNP,2,GNG.VMNP,2,GNG,3,SNP,3
101203779,mixed,mix->mix,mix,mix,1,1,2,7,4,1.988,50875,7267.857,GNG.OL,1,2,2,"[GNGL2, VMNPL1] -> GNG.OLL1 -> [OLL1, OLL2]",GNG,2,VMNP,1,OL,1,OL,2
50232317,mixed,mix->mix,mix,mix,1,1,2,7,4,2.0,50854,7264.857,GNG.OL,1,2,2,"[GNGL1, GNGL2] -> GNG.OLL1 -> [OLL1, OLL2]",GNG,1,GNG,2,OL,1,OL,2
44569923,mixed,BWD->mix,BWD,mix,1,2,1,7,4,1.805,51234,7319.143,GNG.OL,1,2,2,"[GNGL2, VMNPL2] -> GNG.OLL1 -> [OLL1, OLL2]",GNG,2,VMNP,2,OL,1,OL,2
41773605,mixed,BWD->mix,BWD,mix,1,2,1,7,4,1.932,50866,7266.571,GNG.OL,1,2,2,"[GNGL2, GNG.VMNPL2] -> GNG.OLL1 -> [OLL1, OLL2]",GNG,2,GNG.VMNP,2,OL,1,OL,2
36837873,mixed,LAT->mix,LAT,mix,1,0,3,7,3,2.0,50159,7165.571,GNG.OL,1,2,2,"[GNGL1, VMNPL1] -> GNG.OLL1 -> [OLL1, OLL2]",GNG,1,VMNP,1,OL,1,OL,2
32706807,mixed,mix->mix,mix,mix,1,1,2,7,4,1.807,50539,7219.857,GNG.OL,1,2,2,"[VMNPL1, VMNPL2] -> GNG.OLL1 -> [OLL1, OLL2]",VMNP,1,VMNP,2,OL,1,OL,2
30642849,mixed,mix->mix,mix,mix,1,1,2,7,4,1.933,50171,7167.286,GNG.OL,1,2,2,"[GNG.VMNPL2, VMNPL1] -> GNG.OLL1 -> [OLL1, OLL2]",GNG.VMNP,2,VMNP,1,OL,1,OL,2
27597915,mixed,BWD->mix,BWD,mix,1,2,1,7,2,1.988,50948,7278.286,GNG.OL,1,2,2,"[GNGL2, OL.VMNPL2] -> GNG.OLL1 -> [OLL1, OLL2]",GNG,2,OL.VMNP,2,OL,1,OL,2
26868690,mixed,BWD->mix,BWD,mix,1,2,1,7,2,1.872,50837,7262.429,GNG.OL,1,2,2,"[GNGL2, PENP.VLNPL2] -> GNG.OLL1 -> [OLL1, OLL2]",GNG,2,PENP.VLNP,2,OL,1,OL,2
20238471,mixed,mix->mix,mix,mix,1,1,2,7,2,1.988,50253,7179.0,GNG.OL,1,2,2,"[OL.VMNPL2, VMNPL1] -> GNG.OLL1 -> [OLL1, OLL2]",OL.VMNP,2,VMNP,1,OL,1,OL,2
19703706,mixed,mix->mix,mix,mix,1,1,2,7,2,1.872,50142,7163.143,GNG.OL,1,2,2,"[PENP.VLNPL2, VMNPL1] -> GNG.OLL1 -> [OLL1, OLL2]",PENP.VLNP,2,VMNP,1,OL,1,OL,2
19138923,mixed,BWD->mix,BWD,mix,1,2,1,7,4,1.528,51252,7321.714,GNG.OL,1,2,2,"[GNGL2, OL.VLNPL2] -> GNG.OLL1 -> [OLL1, OLL2]",GNG,2,OL.VLNP,2,OL,1,OL,2
18398610,mixed,BWD->mix,BWD,mix,1,2,1,7,2,1.988,50854,7264.857,GNG.OL,1,2,2,"[GNGL2, GNG.PENPL2] -> GNG.OLL1 -> [OLL1, OLL2]",GNG,2,GNG.PENP,2,OL,1,OL,2
17672505,mixed,mix->mix,mix,mix,1,1,2,7,4,1.679,50792,7256.0,GNG.OL,1,2,2,"[GNGL2, GNG.VMNPL1] -> GNG.OLL1 -> [OLL1, OLL2]",GNG,2,GNG.VMNP,1,OL,1,OL,2
16826205,mixed,mix->mix,mix,mix,1,1,2,7,3,1.713,50518,7216.857,GNG.OL,1,2,2,"[GNGL1, VMNPL2] -> GNG.OLL1 -> [OLL1, OLL2]",GNG,1,VMNP,2,OL,1,OL,2
15051579,mixed,mix->mix,mix,mix,1,1,2,7,3,1.981,50150,7164.286,GNG.OL,1,2,2,"[GNGL1, GNG.VMNPL2] -> GNG.OLL1 -> [OLL1, OLL2]",GNG,1,GNG.VMNP,2,OL,1,OL,2
14163570,mixed,BWD->mix,BWD,mix,1,2,1,7,2,1.722,50782,7254.571,GNG.OL,1,2,2,"[GNGL2, GNG.VLNPL2] -> GNG.OLL1 -> [OLL1, OLL2]",GNG,2,GNG.VLNP,2,OL,1,OL,2
14044071,mixed,mix->mix,mix,mix,1,1,2,7,4,1.53,50557,7222.429,GNG.OL,1,2,2,"[OL.VLNPL2, VMNPL1] -> GNG.OLL1 -> [OLL1, OLL2]",OL.VLNP,2,VMNP,1,OL,1,OL,2
13492314,mixed,mix->mix,mix,mix,1,1,2,7,2,1.988,50159,7165.571,GNG.OL,1,2,2,"[GNG.PENPL2, VMNPL1] -> GNG.OLL1 -> [OLL1, OLL2]",GNG.PENP,2,VMNP,1,OL,1,OL,2
12962493,mixed,LAT->mix,LAT,mix,1,0,3,7,4,1.679,50097,7156.714,GNG.OL,1,2,2,"[GNG.VMNPL1, VMNPL1] -> GNG.OLL1 -> [OLL1, OLL2]",GNG.VMNP,1,VMNP,1,OL,1,OL,2
4472,mixed,mix->mix,mix,mix,1,1,2,5,2,1.088,72090,14418.0,GNG.OL,2,2,2,"[GNGL2, GNGL3] -> GNG.OLL2 -> [OLL2, OLL3]",GNG,2,GNG,3,OL,2,OL,3
4284,mixed,mix->mix,mix,mix,1,1,2,5,1,1.0,42078,8415.6,GNG.OL,2,2,2,"[GNGL2, GNGL3] -> GNG.OLL2 -> [OLL2, OL.VLNPL3]",GNG,2,GNG,3,OL,2,OL.VLNP,3
3024,mixed,mix->FWD,mix,FWD,2,1,1,5,1,1.0,34822,6964.4,GNG.OL,2,2,2,"[GNGL2, GNGL3] -> GNG.OLL2 -> [OLL3, OL.VLNPL3]",GNG,2,GNG,3,OL,3,OL.VLNP,3
3024,mixed,mix->FWD,mix,FWD,2,1,1,5,1,1.0,72848,14569.6,GNG.OL,2,2,2,"[GNGL3, OLL2] -> GNG.OLL2 -> [OLL3, OL.VLNPL3]",GNG,3,OL,2,OL,3,OL.VLNP,3
2856,mixed,mix->mix,mix,mix,2,1,1,5,1,1.0,71374,14274.8,GNG.OL,2,2,2,"[GNGL1, GNGL3] -> GNG.OLL2 -> [OLL2, OLL3]",GNG,1,GNG,3,OL,2,OL,3
2856,mixed,mix->mix,mix,mix,2,1,1,5,1,1.0,41362,8272.4,GNG.OL,2,2,2,"[GNGL1, GNGL3] -> GNG.OLL2 -> [OLL2, OL.VLNPL3]",GNG,1,GNG,3,OL,2,OL.VLNP,3
2016,mixed,mix->FWD,mix,FWD,3,1,0,5,1,1.0,34106,6821.2,GNG.OL,2,2,2,"[GNGL1, GNGL3] -> GNG.OLL2 -> [OLL3, OL.VLNPL3]",GNG,1,GNG,3,OL,3,OL.VLNP,3
1522,mixed,mix->mix,mix,mix,1,1,2,5,2,1.131,71386,14277.2,GNG.OL,2,2,2,"[GNGL3, GNG.VMNPL2] -> GNG.OLL2 -> [OLL2, OLL3]",GNG,3,GNG.VMNP,2,OL,2,OL,3
1504,mixed,mix->mix,mix,mix,1,2,1,5,1,1.0,43613,8722.6,GNG.OL,2,2,2,"[GNGL2, OL.VMNPL3] -> GNG.OLL2 -> [OLL1, OLL3]",GNG,2,OL.VMNP,3,OL,1,OL,3
1428,mixed,BWD->mix,BWD,mix,1,2,1,5,1,1.0,71394,14278.8,GNG.OL,2,2,2,"[GNGL3, GNG.PENPL3] -> GNG.OLL2 -> [OLL2, OLL3]",GNG,3,GNG.PENP,3,OL,2,OL,3
1428,mixed,BWD->mix,BWD,mix,1,2,1,5,1,1.0,41382,8276.4,GNG.OL,2,2,2,"[GNGL3, GNG.PENPL3] -> GNG.OLL2 -> [OLL2, OL.VLNPL3]",GNG,3,GNG.PENP,3,OL,2,OL.VLNP,3
1428,mixed,mix->mix,mix,mix,1,1,2,5,1,1.0,41374,8274.8,GNG.OL,2,2,2,"[GNGL3, GNG.VMNPL2] -> GNG.OLL2 -> [OLL2, OL.VLNPL3]",GNG,3,GNG.VMNP,2,OL,2,OL.VLNP,3
1428,mixed,BWD->mix,BWD,mix,1,2,1,5,1,1.0,71369,14273.8,GNG.OL,2,2,2,"[GNGL3, GNG.VMNPL3] -> GNG.OLL2 -> [OLL2, OLL3]",GNG,3,GNG.VMNP,3,OL,2,OL,3
1428,mixed,BWD->mix,BWD,mix,1,2,1,5,1,1.0,41357,8271.4,GNG.OL,2,2,2,"[GNGL3, GNG.VMNPL3] -> GNG.OLL2 -> [OLL2, OL.VLNPL3]",GNG,3,GNG.VMNP,3,OL,2,OL.VLNP,3
1428,mixed,BWD->mix,BWD,mix,1,2,1,5,1,1.0,72848,14569.6,GNG.OL,2,2,2,"[GNGL3, OL.VLNPL3] -> GNG.OLL2 -> [OLL2, OLL3]",GNG,3,OL.VLNP,3,OL,2,OL,3
1296,mixed,LAT->FWD,LAT,FWD,2,0,2,5,1,1.0,72790,14558.0,GNG.OL,2,2,2,"[GNGL2, OLL2] -> GNG.OLL2 -> [OLL3, OL.VLNPL3]",GNG,2,OL,2,OL,3,OL.VLNP,3
1256,mixed,mix->mix,mix,mix,1,2,1,5,2,1.925,44372,8874.4,GNG.OL,2,2,2,"[GNGL2, GNGL3] -> GNG.OLL2 -> [OLL1, OLL3]",GNG,2,GNG,3,OL,1,OL,3
1224,mixed,mix->mix,mix,mix,2,0,2,5,1,1.0,71316,14263.2,GNG.OL,2,2,2,"[GNGL1, GNGL2] -> GNG.OLL2 -> [OLL2, OLL3]",GNG,1,GNG,2,OL,2,OL,3
1224,mixed,mix->mix,mix,mix,2,0,2,5,1,1.0,41304,8260.8,GNG.OL,2,2,2,"[GNGL1, GNGL2] -> GNG.OLL2 -> [OLL2, OL.VLNPL3]",GNG,1,GNG,2,OL,2,OL.VLNP,3
1008,mixed,BWD->FWD,BWD,FWD,2,2,0,5,1,1.0,34126,6825.2,GNG.OL,2,2,2,"[GNGL3, GNG.PENPL3] -> GNG.OLL2 -> [OLL3, OL.VLNPL3]",GNG,3,GNG.PENP,3,OL,3,OL.VLNP,3
4860,mixed,BWD->FWD,BWD,FWD,2,2,0,11,2,1.976,1920,174.545,GNG.PENP,1,2,2,"[GNGL2, VMNPL2] -> GNG.PENPL1 -> [PENPL2, PENP.VLNPL2]",GNG,2,VMNP,2,PENP,2,PENP.VLNP,2
3456,mixed,mix->FWD,mix,FWD,2,1,1,11,2,1.882,1540,140.0,GNG.PENP,1,2,2,"[GNGL1, GNGL2] -> GNG.PENPL1 -> [PENPL2, PENP.VLNPL2]",GNG,1,GNG,2,PENP,2,PENP.VLNP,2
2916,mixed,BWD->FWD,BWD,FWD,2,2,0,11,2,1.976,1524,138.545,GNG.PENP,1,2,2,"[GNGL2, PENP.VMNPL2] -> GNG.PENPL1 -> [PENPL2, PENP.VLNPL2]",GNG,2,PENP.VMNP,2,PENP,2,PENP.VLNP,2
2916,mixed,mix->FWD,mix,FWD,2,1,1,11,2,1.976,1561,141.909,GNG.PENP,1,2,2,"[GNGL2, VMNPL1] -> GNG.PENPL1 -> [PENPL2, PENP.VLNPL2]",GNG,2,VMNP,1,PENP,2,PENP.VLNP,2
2880,mixed,mix->FWD,mix,FWD,2,1,1,11,2,1.882,1204,109.455,GNG.PENP,1,2,2,"[GNGL1, VMNPL2] -> GNG.PENPL1 -> [PENPL2, PENP.VLNPL2]",GNG,1,VMNP,2,PENP,2,PENP.VLNP,2
2430,mixed,BWD->FWD,BWD,FWD,2,2,0,11,2,1.976,1188,108.0,GNG.PENP,1,2,2,"[PENP.VMNPL2, VMNPL2] -> GNG.PENPL1 -> [PENPL2, PENP.VLNPL2]",PENP.VMNP,2,VMNP,2,PENP,2,PENP.VLNP,2
2430,mixed,mix->FWD,mix,FWD,2,1,1,11,2,1.976,1225,111.364,GNG.PENP,1,2,2,"[VMNPL1, VMNPL2] -> GNG.PENPL1 -> [PENPL2, PENP.VLNPL2]",VMNP,1,VMNP,2,PENP,2,PENP.VLNP,2
1952,mixed,mix->FWD,mix,FWD,2,1,1,11,3,1.992,1509,137.182,GNG.PENP,1,2,2,"[GNGL2, PENPL1] -> GNG.PENPL1 -> [PENPL2, PENP.VLNPL2]",GNG,2,PENP,1,PENP,2,PENP.VLNP,2
1728,mixed,mix->FWD,mix,FWD,2,1,1,11,2,1.882,808,73.455,GNG.PENP,1,2,2,"[GNGL1, PENP.VMNPL2] -> GNG.PENPL1 -> [PENPL2, PENP.VLNPL2]",GNG,1,PENP.VMNP,2,PENP,2,PENP.VLNP,2
1728,mixed,LAT->FWD,LAT,FWD,2,0,2,11,2,1.882,845,76.818,GNG.PENP,1,2,2,"[GNGL1, VMNPL1] -> GNG.PENPL1 -> [PENPL2, PENP.VLNPL2]",GNG,1,VMNP,1,PENP,2,PENP.VLNP,2
1620,mixed,mix->FWD,mix,FWD,2,1,1,11,2,1.976,1173,106.636,GNG.PENP,1,2,2,"[PENPL1, VMNPL2] -> GNG.PENPL1 -> [PENPL2, PENP.VLNPL2]",PENP,1,VMNP,2,PENP,2,PENP.VLNP,2
1458,mixed,mix->FWD,mix,FWD,2,1,1,11,2,1.976,829,75.364,GNG.PENP,1,2,2,"[PENP.VMNPL2, VMNPL1] -> GNG.PENPL1 -> [PENPL2, PENP.VLNPL2]",PENP.VMNP,2,VMNP,1,PENP,2,PENP.VLNP,2
1152,mixed,LAT->FWD,LAT,FWD,2,0,2,11,2,1.882,793,72.091,GNG.PENP,1,2,2,"[GNGL1, PENPL1] -> GNG.PENPL1 -> [PENPL2, PENP.VLNPL2]",GNG,1,PENP,1,PENP,2,PENP.VLNP,2
976,mixed,BWD->FWD,BWD,FWD,2,2,0,11,3,1.992,1540,140.0,GNG.PENP,1,2,2,"[GNGL2, GNG.PENPL2] -> GNG.PENPL1 -> [PENPL2, PENP.VLNPL2]",GNG,2,GNG.PENP,2,PENP,2,PENP.VLNP,2
976,mixed,mix->FWD,mix,FWD,2,1,1,11,3,1.992,1478,134.364,GNG.PENP,1,2,2,"[GNGL2, GNG.VMNPL1] -> GNG.PENPL1 -> [PENPL2, PENP.VLNPL2]",GNG,2,GNG.VMNP,1,PENP,2,PENP.VLNP,2
972,mixed,BWD->FWD,BWD,FWD,2,2,0,11,2,1.976,1552,141.091,GNG.PENP,1,2,2,"[GNGL2, GNG.VMNPL2] -> GNG.PENPL1 -> [PENPL2, PENP.VLNPL2]",GNG,2,GNG.VMNP,2,PENP,2,PENP.VLNP,2
972,mixed,mix->FWD,mix,FWD,2,1,1,11,2,1.976,777,70.636,GNG.PENP,1,2,2,"[PENPL1, PENP.VMNPL2] -> GNG.PENPL1 -> [PENPL2, PENP.VLNPL2]",PENP,1,PENP.VMNP,2,PENP,2,PENP.VLNP,2
972,mixed,LAT->FWD,LAT,FWD,2,0,2,11,2,1.976,814,74.0,GNG.PENP,1,2,2,"[PENPL1, VMNPL1] -> GNG.PENPL1 -> [PENPL2, PENP.VLNPL2]",PENP,1,VMNP,1,PENP,2,PENP.VLNP,2
918,mixed,BWD->mix,BWD,mix,1,2,1,11,1,1.0,1473,133.909,GNG.PENP,1,2,2,"[GNGL2, PENPL2] -> GNG.PENPL1 -> [OL.VMNPL1, PENP.VLNPL2]",GNG,2,PENP,2,OL.VMNP,1,PENP.VLNP,2
810,mixed,BWD->FWD,BWD,FWD,2,2,0,11,2,1.976,1204,109.455,GNG.PENP,1,2,2,"[GNG.PENPL2, VMNPL2] -> GNG.PENPL1 -> [PENPL2, PENP.VLNPL2]",GNG.PENP,2,VMNP,2,PENP,2,PENP.VLNP,2
200113,mixed,mix->mix,mix,mix,2,0,2,93,15,1.055,2300,24.731,GNG.PENP,2,2,2,"[PENPL1, PENPL2] -> GNG.PENPL2 -> [GNGL2, GNGL3]",PENP,1,PENP,2,GNG,2,GNG,3
151041,mixed,LAT->FWD,LAT,FWD,2,0,2,93,23,2.101,2899,31.172,GNG.PENP,2,2,2,"[GNGL2, PENPL2] -> GNG.PENPL2 -> [GNGL3, PENPL3]",GNG,2,PENP,2,GNG,3,PENP,3
147408,mixed,LAT->mix,LAT,mix,1,1,2,93,9,1.589,2300,24.731,GNG.PENP,2,2,2,"[GNGL2, PENPL2] -> GNG.PENPL2 -> [GNGL3, PENPL1]",GNG,2,PENP,2,GNG,3,PENP,1
118353,mixed,LAT->FWD,LAT,FWD,2,0,2,93,22,2.547,2351,25.28,GNG.PENP,2,2,2,"[GNGL2, PENPL2] -> GNG.PENPL2 -> [GNGL3, GNG.PENPL3]",GNG,2,PENP,2,GNG,3,GNG.PENP,3
89780,mixed,mix->mix,mix,mix,1,1,2,93,14,2.589,2899,31.172,GNG.PENP,2,2,2,"[PENPL2, PENPL3] -> GNG.PENPL2 -> [GNGL2, GNGL3]",PENP,2,PENP,3,GNG,2,GNG,3
84636,mixed,LAT->FWD,LAT,FWD,2,0,2,93,3,1.012,4004,43.054,GNG.PENP,2,2,2,"[GNGL2, PENPL2] -> GNG.PENPL2 -> [GNGL3, SNPL3]",GNG,2,PENP,2,GNG,3,SNP,3
80286,mixed,mix->mix,mix,mix,0,2,2,93,9,1.254,2300,24.731,GNG.PENP,2,2,2,"[GNGL3, PENPL2] -> GNG.PENPL2 -> [GNGL2, PENPL1]",GNG,3,PENP,2,GNG,2,PENP,1
80162,mixed,mix->mix,mix,mix,1,1,2,93,17,1.604,2899,31.172,GNG.PENP,2,2,2,"[GNGL3, PENPL2] -> GNG.PENPL2 -> [GNGL2, PENPL3]",GNG,3,PENP,2,GNG,2,PENP,3
75894,mixed,mix->mix,mix,mix,1,1,2,93,14,2.211,2351,25.28,GNG.PENP,2,2,2,"[GNG.PENPL3, PENPL2] -> GNG.PENPL2 -> [GNGL2, GNGL3]",GNG.PENP,3,PENP,2,GNG,2,GNG,3
72952,mixed,mix->mix,mix,mix,2,0,2,93,18,1.131,2300,24.731,GNG.PENP,2,2,2,"[GNGL2, PENPL1] -> GNG.PENPL2 -> [GNGL3, PENPL2]",GNG,2,PENP,1,GNG,3,PENP,2
53700,mixed,mix->mix,mix,mix,1,1,2,93,2,1.009,4004,43.054,GNG.PENP,2,2,2,"[GNGL3, PENPL2] -> GNG.PENPL2 -> [GNGL2, SNPL3]",GNG,3,PENP,2,GNG,2,SNP,3
49522,mixed,mix->mix,mix,mix,1,1,2,93,13,2.604,2351,25.28,GNG.PENP,2,2,2,"[GNGL3, PENPL2] -> GNG.PENPL2 -> [GNGL2, GNG.PENPL3]",GNG,3,PENP,2,GNG,2,GNG.PENP,3
48708,mixed,mix->mix,mix,mix,1,1,2,93,1,1.0,2280,24.516,GNG.PENP,2,2,2,"[GNG.VLNPL3, PENPL2] -> GNG.PENPL2 -> [GNGL2, GNGL3]",GNG.VLNP,3,PENP,2,GNG,2,GNG,3
47097,mixed,mix->FWD,mix,FWD,3,0,1,93,17,1.163,2399,25.796,GNG.PENP,2,2,2,"[GNGL2, PENPL1] -> GNG.PENPL2 -> [GNGL3, PENPL3]",GNG,2,PENP,1,GNG,3,PENP,3
44836,mixed,mix->LAT,mix,LAT,1,1,2,93,15,1.059,2300,24.731,GNG.PENP,2,2,2,"[GNGL3, PENPL1] -> GNG.PENPL2 -> [GNGL2, PENPL2]",GNG,3,PENP,1,GNG,2,PENP,2
44655,mixed,mix->FWD,mix,FWD,3,0,1,93,17,1.165,2152,23.14,GNG.PENP,2,2,2,"[PENPL1, PENPL2] -> GNG.PENPL2 -> [GNGL3, PENPL3]",PENP,1,PENP,2,GNG,3,PENP,3
38630,mixed,LAT->FWD,LAT,FWD,2,0,2,93,20,2.804,2145,23.065,GNG.PENP,2,2,2,"[GNGL2, PENPL2] -> GNG.PENPL2 -> [GNG.PENPL3, PENPL3]",GNG,2,PENP,2,GNG.PENP,3,PENP,3
38559,mixed,mix->mix,mix,mix,2,0,2,93,10,2.177,2331,25.065,GNG.PENP,2,2,2,"[GNGL1, PENPL2] -> GNG.PENPL2 -> [GNGL2, GNGL3]",GNG,1,PENP,2,GNG,2,GNG,3
37767,mixed,mix->FWD,mix,FWD,3,0,1,93,2,1.02,3504,37.677,GNG.PENP,2,2,2,"[GNGL2, PENPL1] -> GNG.PENPL2 -> [GNGL3, SNPL3]",GNG,2,PENP,1,GNG,3,SNP,3
36969,mixed,mix->mix,mix,mix,1,1,2,93,18,2.646,2899,31.172,GNG.PENP,2,2,2,"[GNGL2, PENPL3] -> GNG.PENPL2 -> [GNGL3, PENPL2]",GNG,2,PENP,3,GNG,3,PENP,2
223885,mixed,mix->mix,mix,mix,1,1,2,113,20,1.54,2899,25.655,GNG.PENP,3,2,2,"[PENPL2, PENPL3] -> GNG.PENPL3 -> [GNGL2, GNGL3]",PENP,2,PENP,3,GNG,2,GNG,3
179470,mixed,FWD->mix,FWD,mix,2,1,1,113,20,1.21,2331,20.628,GNG.PENP,3,2,2,"[GNG.PENPL2, PENPL2] -> GNG.PENPL3 -> [GNGL2, GNGL3]",GNG.PENP,2,PENP,2,GNG,2,GNG,3
171773,mixed,FWD->mix,FWD,mix,2,1,1,113,5,1.108,2325,20.575,GNG.PENP,3,2,2,"[PENPL2, PENP.SNPL2] -> GNG.PENPL3 -> [GNGL2, GNGL3]",PENP,2,PENP.SNP,2,GNG,2,GNG,3
151818,mixed,mix->BWD,mix,BWD,1,2,1,113,11,1.07,2331,20.628,GNG.PENP,3,2,2,"[GNGL3, PENPL2] -> GNG.PENPL3 -> [GNGL2, GNG.PENPL2]",GNG,3,PENP,2,GNG,2,GNG.PENP,2
151224,mixed,mix->mix,mix,mix,1,1,2,113,17,1.338,2899,25.655,GNG.PENP,3,2,2,"[GNGL3, PENPL2] -> GNG.PENPL3 -> [GNGL2, PENPL3]",GNG,3,PENP,2,GNG,2,PENP,3
107091,mixed,FWD->LAT,FWD,LAT,2,0,2,113,30,2.629,2899,25.655,GNG.PENP,3,2,2,"[GNGL2, PENPL2] -> GNG.PENPL3 -> [GNGL3, PENPL3]",GNG,2,PENP,2,GNG,3,PENP,3
104031,mixed,LAT->BWD,LAT,BWD,0,2,2,113,14,1.34,2899,25.655,GNG.PENP,3,2,2,"[GNGL3, PENPL3] -> GNG.PENPL3 -> [GNGL2, PENPL2]",GNG,3,PENP,3,GNG,2,PENP,2
89574,mixed,mix->BWD,mix,BWD,1,2,1,113,11,1.111,2125,18.805,GNG.PENP,3,2,2,"[PENPL2, PENPL3] -> GNG.PENPL3 -> [GNGL2, GNG.PENPL2]",PENP,2,PENP,3,GNG,2,GNG.PENP,2
87896,mixed,mix->BWD,mix,BWD,1,2,1,113,15,1.162,2331,20.628,GNG.PENP,3,2,2,"[GNGL3, GNG.PENPL2] -> GNG.PENPL3 -> [GNGL2, PENPL2]",GNG,3,GNG.PENP,2,GNG,2,PENP,2
85279,mixed,FWD->mix,FWD,mix,2,1,1,113,22,1.424,2331,20.628,GNG.PENP,3,2,2,"[GNGL2, PENPL2] -> GNG.PENPL3 -> [GNGL3, GNG.PENPL2]",GNG,2,PENP,2,GNG,3,GNG.PENP,2
83499,mixed,mix->BWD,mix,BWD,1,2,1,113,5,1.049,2325,20.575,GNG.PENP,3,2,2,"[GNGL3, PENP.SNPL2] -> GNG.PENPL3 -> [GNGL2, PENPL2]",GNG,3,PENP.SNP,2,GNG,2,PENP,2
77960,mixed,FWD->BWD,FWD,BWD,2,2,0,113,3,1.019,1551,13.726,GNG.PENP,3,2,2,"[PENPL2, PENP.SNPL2] -> GNG.PENPL3 -> [GNGL2, GNG.PENPL2]",PENP,2,PENP.SNP,2,GNG,2,GNG.PENP,2
77688,mixed,mix->mix,mix,mix,1,1,2,113,19,1.264,2430,21.504,GNG.PENP,3,2,2,"[GNG.PENPL2, PENPL3] -> GNG.PENPL3 -> [GNGL2, GNGL3]",GNG.PENP,2,PENP,3,GNG,2,GNG,3
76831,mixed,FWD->mix,FWD,mix,2,1,1,113,15,1.248,2125,18.805,GNG.PENP,3,2,2,"[GNG.PENPL2, PENPL2] -> GNG.PENPL3 -> [GNGL2, PENPL3]",GNG.PENP,2,PENP,2,GNG,2,PENP,3
76286,mixed,mix->mix,mix,mix,1,1,2,113,26,2.728,2899,25.655,GNG.PENP,3,2,2,"[GNGL2, PENPL3] -> GNG.PENPL3 -> [GNGL3, PENPL2]",GNG,2,PENP,3,GNG,3,PENP,2
72418,mixed,mix->mix,mix,mix,1,1,2,113,6,1.101,2424,21.451,GNG.PENP,3,2,2,"[PENPL3, PENP.SNPL2] -> GNG.PENPL3 -> [GNGL2, GNGL3]",PENP,3,PENP.SNP,2,GNG,2,GNG,3
70426,mixed,FWD->mix,FWD,mix,2,1,1,113,4,1.052,2119,18.752,GNG.PENP,3,2,2,"[PENPL2, PENP.SNPL2] -> GNG.PENPL3 -> [GNGL2, PENPL3]",PENP,2,PENP.SNP,2,GNG,2,PENP,3
64655,mixed,LAT->BWD,LAT,BWD,0,2,2,113,9,1.084,2430,21.504,GNG.PENP,3,2,2,"[GNGL3, PENPL3] -> GNG.PENPL3 -> [GNGL2, GNG.PENPL2]",GNG,3,PENP,3,GNG,2,GNG.PENP,2
63936,mixed,FWD->mix,FWD,mix,2,1,1,113,6,1.04,1856,16.425,GNG.PENP,3,2,2,"[GNG.PENPL2, PENP.SNPL2] -> GNG.PENPL3 -> [GNGL2, GNGL3]",GNG.PENP,2,PENP.SNP,2,GNG,2,GNG,3
57054,mixed,mix->mix,mix,mix,1,1,2,113,17,1.344,2183,19.319,GNG.PENP,3,2,2,"[PENPL2, PENPL3] -> GNG.PENPL3 -> [GNGL3, GNG.PENPL2]",PENP,2,PENP,3,GNG,3,GNG.PENP,2
82973,mixed,mix->mix,mix,mix,1,1,2,24,13,2.125,3814,158.917,GNG.SNP,2,2,2,"[GNGL2, GNGL3] -> GNG.SNPL2 -> [SNPL2, SNPL3]",GNG,2,GNG,3,SNP,2,SNP,3
35846,mixed,mix->FWD,mix,FWD,2,1,1,24,4,2.182,4103,170.958,GNG.SNP,2,2,2,"[GNGL2, GNGL3] -> GNG.SNPL2 -> [PENPL3, SNPL3]",GNG,2,GNG,3,PENP,3,SNP,3
25909,mixed,mix->FWD,mix,FWD,2,1,1,24,7,2.818,3603,150.125,GNG.SNP,2,2,2,"[GNGL2, GNGL3] -> GNG.SNPL2 -> [PENP.SNPL3, SNPL3]",GNG,2,GNG,3,PENP.SNP,3,SNP,3
21572,mixed,mix->mix,mix,mix,1,1,2,24,3,1.55,4004,166.833,GNG.SNP,2,2,2,"[GNGL2, GNGL3] -> GNG.SNPL2 -> [PENPL2, SNPL3]",GNG,2,GNG,3,PENP,2,SNP,3
19763,mixed,mix->FWD,mix,FWD,2,1,1,24,8,2.767,3618,150.75,GNG.SNP,2,2,2,"[GNGL2, GNGL3] -> GNG.SNPL2 -> [INP.SNPL3, SNPL3]",GNG,2,GNG,3,INP.SNP,3,SNP,3
19511,mixed,mix->FWD,mix,FWD,2,1,1,24,5,1.197,4163,173.458,GNG.SNP,2,2,2,"[GNGL2, GNGL3] -> GNG.SNPL2 -> [LH.SNPL3, SNPL3]",GNG,2,GNG,3,LH.SNP,3,SNP,3
18967,mixed,mix->FWD,mix,FWD,2,1,1,24,7,3.419,3590,149.583,GNG.SNP,2,2,2,"[GNGL2, GNGL3] -> GNG.SNPL2 -> [SNPL3, SNP.VLNPL3]",GNG,2,GNG,3,SNP,3,SNP.VLNP,3
18268,mixed,BWD->mix,BWD,mix,1,2,1,24,5,2.08,3666,152.75,GNG.SNP,2,2,2,"[GNGL3, PENPL3] -> GNG.SNPL2 -> [SNPL2, SNPL3]",GNG,3,PENP,3,SNP,2,SNP,3
17447,mixed,BWD->mix,BWD,mix,1,2,1,24,4,1.655,3603,150.125,GNG.SNP,2,2,2,"[PENP.SNPL3, SNPL3] -> GNG.SNPL2 -> [GNGL2, GNGL3]",PENP.SNP,3,SNP,3,GNG,2,GNG,3
16452,mixed,mix->mix,mix,mix,1,1,2,24,2,1.703,3110,129.583,GNG.SNP,2,2,2,"[GNGL3, GNG.VMNPL2] -> GNG.SNPL2 -> [SNPL2, SNPL3]",GNG,3,GNG.VMNP,2,SNP,2,SNP,3
16306,mixed,mix->mix,mix,mix,1,1,2,24,4,2.148,2709,112.875,GNG.SNP,2,2,2,"[GNGL2, GNGL3] -> GNG.SNPL2 -> [PENPL3, SNPL2]",GNG,2,GNG,3,PENP,3,SNP,2
14650,mixed,BWD->mix,BWD,mix,1,2,1,24,3,1.276,4163,173.458,GNG.SNP,2,2,2,"[LH.SNPL3, SNPL3] -> GNG.SNPL2 -> [GNGL2, GNGL3]",LH.SNP,3,SNP,3,GNG,2,GNG,3
11990,mixed,mix->FWD,mix,FWD,2,1,1,24,4,1.739,3535,147.292,GNG.SNP,2,2,2,"[GNGL2, GNGL3] -> GNG.SNPL2 -> [MB.SNPL3, SNPL3]",GNG,2,GNG,3,MB.SNP,3,SNP,3
11430,mixed,mix->FWD,mix,FWD,2,1,1,24,3,1.587,3501,145.875,GNG.SNP,2,2,2,"[GNGL2, GNGL3] -> GNG.SNPL2 -> [INP.VMNPL3, SNPL3]",GNG,2,GNG,3,INP.VMNP,3,SNP,3
10654,mixed,mix->mix,mix,mix,1,1,2,24,5,2.653,3567,148.625,GNG.SNP,2,2,2,"[GNGL3, PENPL2] -> GNG.SNPL2 -> [SNPL2, SNPL3]",GNG,3,PENP,2,SNP,2,SNP,3
10058,mixed,mix->LAT,mix,LAT,0,1,3,24,3,1.514,2610,108.75,GNG.SNP,2,2,2,"[GNGL2, GNGL3] -> GNG.SNPL2 -> [PENPL2, SNPL2]",GNG,2,GNG,3,PENP,2,SNP,2
9928,mixed,mix->mix,mix,mix,1,1,2,24,7,2.156,2209,92.042,GNG.SNP,2,2,2,"[GNGL2, GNGL3] -> GNG.SNPL2 -> [PENP.SNPL3, SNPL2]",GNG,2,GNG,3,PENP.SNP,3,SNP,2
9792,mixed,mix->mix,mix,mix,1,1,2,24,6,2.192,3608,150.333,GNG.SNP,2,2,2,"[GNGL2, PENPL3] -> GNG.SNPL2 -> [SNPL2, SNPL3]",GNG,2,PENP,3,SNP,2,SNP,3
9738,mixed,mix->mix,mix,mix,1,1,2,24,3,1.954,3814,158.917,GNG.SNP,2,2,2,"[SNPL2, SNPL3] -> GNG.SNPL2 -> [GNGL2, GNGL3]",SNP,2,SNP,3,GNG,2,GNG,3
9476,mixed,BWD->mix,BWD,mix,1,2,1,24,5,2.206,3118,129.917,GNG.SNP,2,2,2,"[GNGL3, GNG.PENPL3] -> GNG.SNPL2 -> [SNPL2, SNPL3]",GNG,3,GNG.PENP,3,SNP,2,SNP,3
7494,mixed,mix->LAT,mix,LAT,1,0,3,37,2,1.064,3555,96.081,GNG.SNP,3,2,2,"[GNGL2, GNGL3] -> GNG.SNPL3 -> [GNG.PENPL3, SNPL3]",GNG,2,GNG,3,GNG.PENP,3,SNP,3
4235,mixed,mix->LAT,mix,LAT,1,0,3,37,1,1.0,3590,97.027,GNG.SNP,3,2,2,"[GNGL2, SNP.VLNPL3] -> GNG.SNPL3 -> [GNGL3, SNPL3]",GNG,2,SNP.VLNP,3,GNG,3,SNP,3
3981,mixed,mix->mix,mix,mix,1,1,2,37,14,4.6,3814,103.081,GNG.SNP,3,2,2,"[GNGL2, GNGL3] -> GNG.SNPL3 -> [SNPL2, SNPL3]",GNG,2,GNG,3,SNP,2,SNP,3
3717,mixed,mix->LAT,mix,LAT,1,0,3,37,8,3.443,4163,112.514,GNG.SNP,3,2,2,"[GNGL2, GNGL3] -> GNG.SNPL3 -> [LH.SNPL3, SNPL3]",GNG,2,GNG,3,LH.SNP,3,SNP,3
3598,mixed,FWD->LAT,FWD,LAT,2,0,2,37,7,2.253,3858,104.27,GNG.SNP,3,2,2,"[GNGL2, PENPL2] -> GNG.SNPL3 -> [LH.SNPL3, SNPL3]",GNG,2,PENP,2,LH.SNP,3,SNP,3
3396,mixed,FWD->LAT,FWD,LAT,2,0,2,37,8,2.942,4004,108.216,GNG.SNP,3,2,2,"[GNGL2, PENPL2] -> GNG.SNPL3 -> [GNGL3, SNPL3]",GNG,2,PENP,2,GNG,3,SNP,3
3388,mixed,mix->LAT,mix,LAT,1,0,3,37,1,1.0,3603,97.378,GNG.SNP,3,2,2,"[GNGL2, PENP.SNPL3] -> GNG.SNPL3 -> [GNGL3, SNPL3]",GNG,2,PENP.SNP,3,GNG,3,SNP,3
3300,pure_LAT,LAT->LAT,LAT,LAT,0,0,4,37,1,1.0,2894,78.216,GNG.SNP,3,2,2,"[GNGL3, SNP.VLNPL3] -> GNG.SNPL3 -> [GNG.PENPL3, SNPL3]",GNG,3,SNP.VLNP,3,GNG.PENP,3,SNP,3
3025,mixed,mix->LAT,mix,LAT,1,0,3,37,1,1.0,2836,76.649,GNG.SNP,3,2,2,"[GNGL2, SNP.VLNPL3] -> GNG.SNPL3 -> [GNG.PENPL3, SNPL3]",GNG,2,SNP.VLNP,3,GNG.PENP,3,SNP,3
3000,mixed,FWD->LAT,FWD,LAT,2,0,2,37,1,1.0,3383,91.432,GNG.SNP,3,2,2,"[GNGL2, PENP.SNPL2] -> GNG.SNPL3 -> [LH.SNPL3, SNPL3]",GNG,2,PENP.SNP,2,LH.SNP,3,SNP,3
2817,mixed,mix->LAT,mix,LAT,1,0,3,37,3,2.027,3599,97.27,GNG.SNP,3,2,2,"[GNGL2, GNGL3] -> GNG.SNPL3 -> [INPL3, SNPL3]",GNG,2,GNG,3,INP,3,SNP,3
2748,mixed,mix->LAT,mix,LAT,1,0,3,37,5,2.61,3618,97.784,GNG.SNP,3,2,2,"[GNGL2, GNGL3] -> GNG.SNPL3 -> [INP.SNPL3, SNPL3]",GNG,2,GNG,3,INP.SNP,3,SNP,3
2640,pure_LAT,LAT->LAT,LAT,LAT,0,0,4,37,1,1.0,2907,78.568,GNG.SNP,3,2,2,"[GNGL3, PENP.SNPL3] -> GNG.SNPL3 -> [GNG.PENPL3, SNPL3]",GNG,3,PENP.SNP,3,GNG.PENP,3,SNP,3
2541,mixed,mix->LAT,mix,LAT,1,0,3,37,1,1.0,3618,97.784,GNG.SNP,3,2,2,"[GNGL2, INP.SNPL3] -> GNG.SNPL3 -> [GNGL3, SNPL3]",GNG,2,INP.SNP,3,GNG,3,SNP,3
2420,mixed,mix->LAT,mix,LAT,1,0,3,37,1,1.0,2849,77.0,GNG.SNP,3,2,2,"[GNGL2, PENP.SNPL3] -> GNG.SNPL3 -> [GNG.PENPL3, SNPL3]",GNG,2,PENP.SNP,3,GNG.PENP,3,SNP,3
2184,mixed,mix->LAT,mix,LAT,1,0,3,37,4,1.604,4163,112.514,GNG.SNP,3,2,2,"[GNGL2, LH.SNPL3] -> GNG.SNPL3 -> [GNGL3, SNPL3]",GNG,2,LH.SNP,3,GNG,3,SNP,3
1980,pure_LAT,LAT->LAT,LAT,LAT,0,0,4,37,1,1.0,2922,78.973,GNG.SNP,3,2,2,"[GNGL3, INP.SNPL3] -> GNG.SNPL3 -> [GNG.PENPL3, SNPL3]",GNG,3,INP.SNP,3,GNG.PENP,3,SNP,3
1925,mixed,mix->LAT,mix,LAT,1,0,3,37,1,1.0,1937,52.351,GNG.SNP,3,2,2,"[GNGL2, SNP.VLNPL3] -> GNG.SNPL3 -> [GNGL3, GNG.PENPL3]",GNG,2,SNP.VLNP,3,GNG,3,GNG.PENP,3
1902,mixed,mix->LAT,mix,LAT,1,0,3,37,2,1.242,4103,110.892,GNG.SNP,3,2,2,"[GNGL2, PENPL3] -> GNG.SNPL3 -> [GNGL3, SNPL3]",GNG,2,PENP,3,GNG,3,SNP,3
1815,mixed,mix->LAT,mix,LAT,1,0,3,37,1,1.0,2864,77.405,GNG.SNP,3,2,2,"[GNGL2, INP.SNPL3] -> GNG.SNPL3 -> [GNG.PENPL3, SNPL3]",GNG,2,INP.SNP,3,GNG.PENP,3,SNP,3
722,mixed,BWD->mix,BWD,mix,1,2,1,5,4,2.762,39775,7955.0,GNG.VLNP,1,2,2,"[GNGL2, GNG.VMNPL2] -> GNG.VLNPL1 -> [OLL2, OL.VMNPL1]",GNG,2,GNG.VMNP,2,OL,2,OL.VMNP,1
514,mixed,BWD->mix,BWD,mix,1,2,1,5,4,2.661,1300,260.0,GNG.VLNP,1,2,2,"[GNGL2, GNG.VMNPL2] -> GNG.VLNPL1 -> [OL.VMNPL1, VLNPL2]",GNG,2,GNG.VMNP,2,OL.VMNP,1,VLNP,2
499,mixed,BWD->mix,BWD,mix,1,2,1,5,4,1.676,1071,214.2,GNG.VLNP,1,2,2,"[GNGL2, GNG.VMNPL2] -> GNG.VLNPL1 -> [OL.VMNPL1, VLNP.VMNPL2]",GNG,2,GNG.VMNP,2,OL.VMNP,1,VLNP.VMNP,2
495,mixed,BWD->mix,BWD,mix,1,2,1,5,4,2.867,1127,225.4,GNG.VLNP,1,2,2,"[GNGL2, GNG.VMNPL2] -> GNG.VLNPL1 -> [OL.VMNPL1, OL.VMNPL2]",GNG,2,GNG.VMNP,2,OL.VMNP,1,OL.VMNP,2
433,mixed,BWD->mix,BWD,mix,1,2,1,5,4,2.345,1413,282.6,GNG.VLNP,1,2,2,"[GNGL2, GNG.VMNPL2] -> GNG.VLNPL1 -> [OL.VMNPL1, VMNPL2]",GNG,2,GNG.VMNP,2,OL.VMNP,1,VMNP,2
394,mixed,BWD->LAT,BWD,LAT,0,2,2,5,4,2.203,988,197.6,GNG.VLNP,1,2,2,"[GNGL2, GNG.VMNPL2] -> GNG.VLNPL1 -> [OL.VLNPL1, OL.VMNPL1]",GNG,2,GNG.VMNP,2,OL.VLNP,1,OL.VMNP,1
390,mixed,BWD->mix,BWD,mix,1,2,1,5,3,2.749,40161,8032.2,GNG.VLNP,1,2,2,"[GNGL2, OL.VLNPL2] -> GNG.VLNPL1 -> [OLL2, OL.VMNPL1]",GNG,2,OL.VLNP,2,OL,2,OL.VMNP,1
390,mixed,BWD->mix,BWD,mix,1,2,1,5,3,2.749,39801,7960.2,GNG.VLNP,1,2,2,"[GNGL2, VLNP.VMNPL2] -> GNG.VLNPL1 -> [OLL2, OL.VMNPL1]",GNG,2,VLNP.VMNP,2,OL,2,OL.VMNP,1
374,mixed,mix->mix,mix,mix,1,1,2,5,3,2.77,39718,7943.6,GNG.VLNP,1,2,2,"[GNGL2, OL.VLNPL1] -> GNG.VLNPL1 -> [OLL2, OL.VMNPL1]",GNG,2,OL.VLNP,1,OL,2,OL.VMNP,1
373,mixed,BWD->mix,BWD,mix,1,2,1,5,4,2.012,1431,286.2,GNG.VLNP,1,2,2,"[GNGL2, GNG.VMNPL2] -> GNG.VLNPL1 -> [OL.VLNPL2, OL.VMNPL1]",GNG,2,GNG.VMNP,2,OL.VLNP,2,OL.VMNP,1
372,mixed,mix->mix,mix,mix,1,1,2,5,2,1.776,39701,7940.2,GNG.VLNP,1,2,2,"[GNGL2, GNG.VMNPL1] -> GNG.VLNPL1 -> [OLL2, OL.VMNPL1]",GNG,2,GNG.VMNP,1,OL,2,OL.VMNP,1
340,mixed,BWD->mix,BWD,mix,1,2,1,5,4,3.543,39691,7938.2,GNG.VLNP,1,2,2,"[GNGL2, GNG.VLNPL2] -> GNG.VLNPL1 -> [OLL2, OL.VMNPL1]",GNG,2,GNG.VLNP,2,OL,2,OL.VMNP,1
340,mixed,mix->mix,mix,mix,1,1,2,5,4,3.543,39678,7935.6,GNG.VLNP,1,2,2,"[GNGL2, PENP.VMNPL1] -> GNG.VLNPL1 -> [OLL2, OL.VMNPL1]",GNG,2,PENP.VMNP,1,OL,2,OL.VMNP,1
312,mixed,mix->mix,mix,mix,1,1,2,5,2,1.451,997,199.4,GNG.VLNP,1,2,2,"[GNGL2, GNG.VMNPL1] -> GNG.VLNPL1 -> [OL.VMNPL1, VLNP.VMNPL2]",GNG,2,GNG.VMNP,1,OL.VMNP,1,VLNP.VMNP,2
306,mixed,BWD->mix,BWD,mix,1,2,1,5,3,2.272,1686,337.2,GNG.VLNP,1,2,2,"[GNGL2, OL.VLNPL2] -> GNG.VLNPL1 -> [OL.VMNPL1, VLNPL2]",GNG,2,OL.VLNP,2,OL.VMNP,1,VLNP,2
306,mixed,BWD->mix,BWD,mix,1,2,1,5,3,2.272,1326,265.2,GNG.VLNP,1,2,2,"[GNGL2, VLNP.VMNPL2] -> GNG.VLNPL1 -> [OL.VMNPL1, VLNPL2]",GNG,2,VLNP.VMNP,2,OL.VMNP,1,VLNP,2
300,mixed,BWD->mix,BWD,mix,1,2,1,5,3,2.9,40042,8008.4,GNG.VLNP,1,2,2,"[GNGL2, SNPL2] -> GNG.VLNPL1 -> [OLL2, OL.VMNPL1]",GNG,2,SNP,2,OL,2,OL.VMNP,1
292,mixed,mix->mix,mix,mix,1,1,2,5,2,1.31,39763,7952.6,GNG.VLNP,1,2,2,"[GNGL1, GNGL2] -> GNG.VLNPL1 -> [OLL2, OL.VMNPL1]",GNG,1,GNG,2,OL,2,OL.VMNP,1
272,mixed,mix->mix,mix,mix,1,1,2,5,2,1.158,1059,211.8,GNG.VLNP,1,2,2,"[GNGL1, GNGL2] -> GNG.VLNPL1 -> [OL.VMNPL1, VLNP.VMNPL2]",GNG,1,GNG,2,OL.VMNP,1,VLNP.VMNP,2
270,mixed,mix->mix,mix,mix,1,1,2,5,3,2.748,1070,214.0,GNG.VLNP,1,2,2,"[GNGL2, OL.VLNPL1] -> GNG.VLNPL1 -> [OL.VMNPL1, OL.VMNPL2]",GNG,2,OL.VLNP,1,OL.VMNP,1,OL.VMNP,2
4832,mixed,mix->mix,mix,mix,1,1,2,21,9,3.852,2787,132.714,GNG.VLNP,2,2,2,"[GNGL2, GNGL3] -> GNG.VLNPL2 -> [VLNPL2, VLNPL3]",GNG,2,GNG,3,VLNP,2,VLNP,3
3990,mixed,LAT->FWD,LAT,FWD,2,0,2,21,2,1.994,2503,119.19,GNG.VLNP,2,2,2,"[GNGL2, PENP.VLNPL2] -> GNG.VLNPL2 -> [GNGL3, VLNPL3]",GNG,2,PENP.VLNP,2,GNG,3,VLNP,3
3486,mixed,mix->mix,mix,mix,1,1,2,21,3,1.695,2532,120.571,GNG.VLNP,2,2,2,"[GNGL2, GNGL3] -> GNG.VLNPL2 -> [GNG.VMNPL2, VLNPL3]",GNG,2,GNG,3,GNG.VMNP,2,VLNP,3
3390,mixed,LAT->mix,LAT,mix,1,0,3,21,2,1.974,1996,95.048,GNG.VLNP,2,2,2,"[GNGL2, PENP.VLNPL2] -> GNG.VLNPL2 -> [VLNPL2, VLNPL3]",GNG,2,PENP.VLNP,2,VLNP,2,VLNP,3
3370,mixed,LAT->mix,LAT,mix,1,0,3,21,2,1.997,2112,100.571,GNG.VLNP,2,2,2,"[GNGL2, PENP.VLNPL2] -> GNG.VLNPL2 -> [GNGL3, VLNPL2]",GNG,2,PENP.VLNP,2,GNG,3,VLNP,2
3168,mixed,mix->mix,mix,mix,1,1,2,21,2,1.686,2054,97.81,GNG.VLNP,2,2,2,"[GNGL3, PENP.VLNPL2] -> GNG.VLNPL2 -> [VLNPL2, VLNPL3]",GNG,3,PENP.VLNP,2,VLNP,2,VLNP,3
3144,mixed,mix->mix,mix,mix,1,2,1,21,3,2.26,2505,119.286,GNG.VLNP,2,2,2,"[GNGL2, GNGL3] -> GNG.VLNPL2 -> [VLNPL1, VLNPL3]",GNG,2,GNG,3,VLNP,1,VLNP,3
3024,mixed,mix->mix,mix,mix,1,1,2,21,4,2.151,2918,138.952,GNG.VLNP,2,2,2,"[GNGL2, GNGL3] -> GNG.VLNPL2 -> [OL.VLNPL2, VLNPL3]",GNG,2,GNG,3,OL.VLNP,2,VLNP,3
2772,mixed,mix->mix,mix,mix,1,1,2,21,2,1.984,2503,119.19,GNG.VLNP,2,2,2,"[GNGL3, PENP.VLNPL2] -> GNG.VLNPL2 -> [GNGL2, VLNPL3]",GNG,3,PENP.VLNP,2,GNG,2,VLNP,3
2724,mixed,mix->mix,mix,mix,1,2,1,21,2,1.767,2431,115.762,GNG.VLNP,2,2,2,"[GNGL2, GNGL3] -> GNG.VLNPL2 -> [AL.PENPL1, VLNPL3]",GNG,2,GNG,3,AL.PENP,1,VLNP,3
2346,mixed,mix->LAT,mix,LAT,0,1,3,21,2,1.978,2112,100.571,GNG.VLNP,2,2,2,"[GNGL3, PENP.VLNPL2] -> GNG.VLNPL2 -> [GNGL2, VLNPL2]",GNG,3,PENP.VLNP,2,GNG,2,VLNP,2
1974,mixed,mix->FWD,mix,FWD,3,0,1,21,2,1.957,1787,85.095,GNG.VLNP,2,2,2,"[GNGL1, PENP.VLNPL2] -> GNG.VLNPL2 -> [GNGL3, VLNPL3]",GNG,1,PENP.VLNP,2,GNG,3,VLNP,3
1974,mixed,mix->FWD,mix,FWD,2,1,1,21,2,1.957,1769,84.238,GNG.VLNP,2,2,2,"[PENP.VLNPL2, PENP.VLNPL3] -> GNG.VLNPL2 -> [GNGL3, VLNPL3]",PENP.VLNP,2,PENP.VLNP,3,GNG,3,VLNP,3
1902,mixed,mix->mix,mix,mix,1,1,2,21,2,1.541,2503,119.19,GNG.VLNP,2,2,2,"[PENP.VLNPL2, VLNPL3] -> GNG.VLNPL2 -> [GNGL2, GNGL3]",PENP.VLNP,2,VLNP,3,GNG,2,GNG,3
1890,mixed,LAT->FWD,LAT,FWD,2,0,2,21,1,1.0,1799,85.667,GNG.VLNP,2,2,2,"[GNG.VMNPL2, PENP.VLNPL2] -> GNG.VLNPL2 -> [GNGL3, VLNPL3]",GNG.VMNP,2,PENP.VLNP,2,GNG,3,VLNP,3
1890,mixed,LAT->mix,LAT,mix,1,0,3,21,1,1.0,1292,61.524,GNG.VLNP,2,2,2,"[GNG.VMNPL2, PENP.VLNPL2] -> GNG.VLNPL2 -> [VLNPL2, VLNPL3]",GNG.VMNP,2,PENP.VLNP,2,VLNP,2,VLNP,3
1734,mixed,mix->mix,mix,mix,2,0,2,21,2,1.827,1280,60.952,GNG.VLNP,2,2,2,"[GNGL1, PENP.VLNPL2] -> GNG.VLNPL2 -> [VLNPL2, VLNPL3]",GNG,1,PENP.VLNP,2,VLNP,2,VLNP,3
1734,mixed,mix->mix,mix,mix,1,1,2,21,2,1.827,1262,60.095,GNG.VLNP,2,2,2,"[PENP.VLNPL2, PENP.VLNPL3] -> GNG.VLNPL2 -> [VLNPL2, VLNPL3]",PENP.VLNP,2,PENP.VLNP,3,VLNP,2,VLNP,3
1698,mixed,mix->mix,mix,mix,1,1,2,21,2,1.894,2054,97.81,GNG.VLNP,2,2,2,"[PENP.VLNPL2, VLNPL3] -> GNG.VLNPL2 -> [GNGL3, VLNPL2]",PENP.VLNP,2,VLNP,3,GNG,3,VLNP,2
1672,mixed,mix->mix,mix,mix,2,0,2,21,2,1.948,1396,66.476,GNG.VLNP,2,2,2,"[GNGL1, PENP.VLNPL2] -> GNG.VLNPL2 -> [GNGL3, VLNPL2]",GNG,1,PENP.VLNP,2,GNG,3,VLNP,2
3310,mixed,mix->mix,mix,mix,1,1,2,42,12,3.052,2787,66.357,GNG.VLNP,3,2,2,"[GNGL2, GNGL3] -> GNG.VLNPL3 -> [VLNPL2, VLNPL3]",GNG,2,GNG,3,VLNP,2,VLNP,3
1612,mixed,LAT->mix,LAT,mix,0,1,3,42,2,1.035,2352,56.0,GNG.VLNP,3,2,2,"[GNGL3, VLNPL3] -> GNG.VLNPL3 -> [VLNPL2, VMNPL3]",GNG,3,VLNP,3,VLNP,2,VMNP,3
1291,mixed,FWD->mix,FWD,mix,2,1,1,42,2,1.394,2025,48.214,GNG.VLNP,3,2,2,"[GNGL2, GNG.VMNPL2] -> GNG.VLNPL3 -> [VLNPL2, VLNPL3]",GNG,2,GNG.VMNP,2,VLNP,2,VLNP,3
1237,mixed,mix->mix,mix,mix,1,1,2,42,2,1.697,2083,49.595,GNG.VLNP,3,2,2,"[GNGL3, GNG.VMNPL2] -> GNG.VLNPL3 -> [VLNPL2, VLNPL3]",GNG,3,GNG.VMNP,2,VLNP,2,VLNP,3
1179,mixed,mix->LAT,mix,LAT,1,0,3,42,3,1.443,2801,66.69,GNG.VLNP,3,2,2,"[GNGL2, GNGL3] -> GNG.VLNPL3 -> [VLNPL3, VMNPL3]",GNG,2,GNG,3,VLNP,3,VMNP,3
1140,mixed,mix->mix,mix,mix,1,1,2,42,2,1.158,2410,57.381,GNG.VLNP,3,2,2,"[GNGL2, GNGL3] -> GNG.VLNPL3 -> [VLNPL2, VMNPL3]",GNG,2,GNG,3,VLNP,2,VMNP,3
1132,mixed,mix->mix,mix,mix,1,1,2,42,6,2.003,41262,982.429,GNG.VLNP,3,2,2,"[GNGL2, GNGL3] -> GNG.VLNPL3 -> [OLL2, VLNPL3]",GNG,2,GNG,3,OL,2,VLNP,3
1102,mixed,mix->mix,mix,mix,1,1,2,42,7,1.533,1999,47.595,GNG.VLNP,3,2,2,"[GNGL3, GNG.VLNPL2] -> GNG.VLNPL3 -> [VLNPL2, VLNPL3]",GNG,3,GNG.VLNP,2,VLNP,2,VLNP,3
958,mixed,FWD->mix,FWD,mix,2,1,1,42,2,1.087,1852,44.095,GNG.VLNP,3,2,2,"[GNGL2, GNG.VMNPL2] -> GNG.VLNPL3 -> [OL.VMNPL2, VLNPL3]",GNG,2,GNG.VMNP,2,OL.VMNP,2,VLNP,3
958,mixed,FWD->mix,FWD,mix,2,1,1,42,2,1.087,2138,50.905,GNG.VLNP,3,2,2,"[GNGL2, GNG.VMNPL2] -> GNG.VLNPL3 -> [VLNPL3, VMNPL2]",GNG,2,GNG.VMNP,2,VLNP,3,VMNP,2
954,mixed,mix->LAT,mix,LAT,1,0,3,42,7,3.965,2569,61.167,GNG.VLNP,3,2,2,"[GNGL2, GNGL3] -> GNG.VLNPL3 -> [VLNPL3, VLNP.VMNPL3]",GNG,2,GNG,3,VLNP,3,VLNP.VMNP,3
950,mixed,LAT->mix,LAT,mix,0,1,3,42,3,1.159,2091,49.786,GNG.VLNP,3,2,2,"[GNGL3, GNG.PENPL3] -> GNG.VLNPL3 -> [VLNPL2, VLNPL3]",GNG,3,GNG.PENP,3,VLNP,2,VLNP,3
924,mixed,mix->mix,mix,mix,1,1,2,42,2,1.836,1674,39.857,GNG.VLNP,3,2,2,"[AL.LHL2, GNGL3] -> GNG.VLNPL3 -> [LHL3, LH.OLL2]",AL.LH,2,GNG,3,LH,3,LH.OL,2
912,mixed,mix->mix,mix,mix,1,1,2,42,2,1.073,2018,48.048,GNG.VLNP,3,2,2,"[GNGL3, INP.VLNPL2] -> GNG.VLNPL3 -> [VLNPL2, VLNPL3]",GNG,3,INP.VLNP,2,VLNP,2,VLNP,3
905,mixed,mix->LAT,mix,LAT,1,0,3,42,6,1.555,34822,829.095,GNG.VLNP,3,2,2,"[GNGL2, GNGL3] -> GNG.VLNPL3 -> [OLL3, OL.VLNPL3]",GNG,2,GNG,3,OL,3,OL.VLNP,3
902,mixed,mix->LAT,mix,LAT,1,0,3,42,13,9.024,3994,95.095,GNG.VLNP,3,2,2,"[GNGL2, GNGL3] -> GNG.VLNPL3 -> [OL.VLNPL3, VLNPL3]",GNG,2,GNG,3,OL.VLNP,3,VLNP,3
882,mixed,mix->mix,mix,mix,1,1,2,42,4,1.101,2787,66.357,GNG.VLNP,3,2,2,"[VLNPL2, VLNPL3] -> GNG.VLNPL3 -> [GNGL2, GNGL3]",VLNP,2,VLNP,3,GNG,2,GNG,3
880,mixed,mix->mix,mix,mix,1,1,2,42,1,1.0,2006,47.762,GNG.VLNP,3,2,2,"[GNGL3, INP.SNPL2] -> GNG.VLNPL3 -> [VLNPL2, VLNPL3]",GNG,3,INP.SNP,2,VLNP,2,VLNP,3
880,mixed,mix->mix,mix,mix,1,1,2,42,1,1.0,2055,48.929,GNG.VLNP,3,2,2,"[GNGL3, PENP.VMNPL2] -> GNG.VLNPL3 -> [VLNPL2, VLNPL3]",GNG,3,PENP.VMNP,2,VLNP,2,VLNP,3
842,mixed,LAT->mix,LAT,mix,0,1,3,42,4,1.958,2120,50.476,GNG.VLNP,3,2,2,"[GNGL3, VLNPL3] -> GNG.VLNPL3 -> [VLNPL2, VLNP.VMNPL3]",GNG,3,VLNP,3,VLNP,2,VLNP.VMNP,3
12554,mixed,mix->mix,mix,mix,1,1,2,31,7,2.748,800,25.806,GNG.VMNP,1,2,2,"[VMNPL1, VMNPL2] -> GNG.VMNPL1 -> [OL.VMNPL1, OL.VMNPL2]",VMNP,1,VMNP,2,OL.VMNP,1,OL.VMNP,2
6368,mixed,BWD->FWD,BWD,FWD,2,2,0,31,11,3.551,1574,50.774,GNG.VMNP,1,2,2,"[GNGL2, GNG.VMNPL2] -> GNG.VMNPL1 -> [OL.VMNPL2, VMNPL2]",GNG,2,GNG.VMNP,2,OL.VMNP,2,VMNP,2
5100,mixed,BWD->FWD,BWD,FWD,2,2,0,31,5,1.962,896,28.903,GNG.VMNP,1,2,2,"[GNG.VMNPL2, VMNPL2] -> GNG.VMNPL1 -> [OL.VMNPL2, VLNP.VMNPL2]",GNG.VMNP,2,VMNP,2,OL.VMNP,2,VLNP.VMNP,2
4882,mixed,BWD->mix,BWD,mix,1,2,1,31,8,2.082,879,28.355,GNG.VMNP,1,2,2,"[GNG.VMNPL2, VMNPL2] -> GNG.VMNPL1 -> [OL.VMNPL2, VMNPL1]",GNG.VMNP,2,VMNP,2,OL.VMNP,2,VMNP,1
4452,mixed,mix->mix,mix,mix,1,1,2,31,4,2.442,744,24.0,GNG.VMNP,1,2,2,"[VMNPL1, VMNPL2] -> GNG.VMNPL1 -> [OL.VMNPL1, VLNP.VMNPL2]",VMNP,1,VMNP,2,OL.VMNP,1,VLNP.VMNP,2
4422,mixed,mix->FWD,mix,FWD,2,1,1,31,6,2.346,39609,1277.71,GNG.VMNP,1,2,2,"[VMNPL1, VMNPL2] -> GNG.VMNPL1 -> [OLL2, OL.VMNPL2]",VMNP,1,VMNP,2,OL,2,OL.VMNP,2
4238,mixed,BWD->mix,BWD,mix,1,2,1,31,2,1.038,1439,46.419,GNG.VMNP,1,2,2,"[GNGL2, VMNPL2] -> GNG.VMNPL1 -> [OL.VMNPL1, VLNP.VMNPL2]",GNG,2,VMNP,2,OL.VMNP,1,VLNP.VMNP,2
4136,mixed,mix->mix,mix,mix,1,1,2,31,6,2.213,39448,1272.516,GNG.VMNP,1,2,2,"[VMNPL1, VMNPL2] -> GNG.VMNPL1 -> [OLL2, OL.VMNPL1]",VMNP,1,VMNP,2,OL,2,OL.VMNP,1
4100,mixed,BWD->FWD,BWD,FWD,2,2,0,31,6,2.241,1600,51.613,GNG.VMNP,1,2,2,"[GNGL2, VMNPL2] -> GNG.VMNPL1 -> [OL.VMNPL2, VLNP.VMNPL2]",GNG,2,VMNP,2,OL.VMNP,2,VLNP.VMNP,2
3996,mixed,mix->FWD,mix,FWD,2,1,1,31,6,3.335,905,29.194,GNG.VMNP,1,2,2,"[VMNPL1, VMNPL2] -> GNG.VMNPL1 -> [OL.VMNPL2, VLNP.VMNPL2]",VMNP,1,VMNP,2,OL.VMNP,2,VLNP.VMNP,2
3894,mixed,BWD->mix,BWD,mix,1,2,1,31,5,1.846,1495,48.226,GNG.VMNP,1,2,2,"[GNGL2, VMNPL2] -> GNG.VMNPL1 -> [OL.VMNPL1, OL.VMNPL2]",GNG,2,VMNP,2,OL.VMNP,1,OL.VMNP,2
3818,mixed,BWD->mix,BWD,mix,1,2,1,31,8,3.251,1583,51.065,GNG.VMNP,1,2,2,"[GNGL2, VMNPL2] -> GNG.VMNPL1 -> [OL.VMNPL2, VMNPL1]",GNG,2,VMNP,2,OL.VMNP,2,VMNP,1
3777,mixed,BWD->FWD,BWD,FWD,2,2,0,31,4,1.397,1256,40.516,GNG.VMNP,1,2,2,"[GNG.VMNPL2, VMNPL2] -> GNG.VMNPL1 -> [OL.VLNPL2, OL.VMNPL2]",GNG.VMNP,2,VMNP,2,OL.VLNP,2,OL.VMNP,2
3699,mixed,BWD->mix,BWD,mix,1,2,1,31,6,2.401,1413,45.581,GNG.VMNP,1,2,2,"[GNGL2, GNG.VMNPL2] -> GNG.VMNPL1 -> [OL.VMNPL1, VMNPL2]",GNG,2,GNG.VMNP,2,OL.VMNP,1,VMNP,2
3647,mixed,mix->FWD,mix,FWD,2,1,1,31,4,1.5,858,27.677,GNG.VMNP,1,2,2,"[GNGL1, GNG.VMNPL2] -> GNG.VMNPL1 -> [OL.VMNPL2, VMNPL2]",GNG,1,GNG.VMNP,2,OL.VMNP,2,VMNP,2
3609,mixed,mix->FWD,mix,FWD,2,1,1,31,9,5.808,1583,51.065,GNG.VMNP,1,2,2,"[GNGL2, VMNPL1] -> GNG.VMNPL1 -> [OL.VMNPL2, VMNPL2]",GNG,2,VMNP,1,OL.VMNP,2,VMNP,2
3524,mixed,mix->mix,mix,mix,1,1,2,31,5,3.077,973,31.387,GNG.VMNP,1,2,2,"[VMNPL1, VMNPL2] -> GNG.VMNPL1 -> [OL.VMNPL1, VLNPL2]",VMNP,1,VMNP,2,OL.VMNP,1,VLNP,2
3468,mixed,mix->FWD,mix,FWD,2,1,1,31,6,3.068,1134,36.581,GNG.VMNP,1,2,2,"[VMNPL1, VMNPL2] -> GNG.VMNPL1 -> [OL.VMNPL2, VLNPL2]",VMNP,1,VMNP,2,OL.VMNP,2,VLNP,2
3300,mixed,BWD->mix,BWD,mix,1,2,1,31,3,1.041,735,23.71,GNG.VMNP,1,2,2,"[GNG.VMNPL2, VMNPL2] -> GNG.VMNPL1 -> [OL.VMNPL1, VLNP.VMNPL2]",GNG.VMNP,2,VMNP,2,OL.VMNP,1,VLNP.VMNP,2
3272,mixed,mix->mix,mix,mix,1,1,2,31,5,3.189,818,26.387,GNG.VMNP,1,2,2,"[OL.VLNPL2, VMNPL1] -> GNG.VMNPL1 -> [OL.VMNPL1, OL.VMNPL2]",OL.VLNP,2,VMNP,1,OL.VMNP,1,OL.VMNP,2
94665,mixed,mix->mix,mix,mix,1,1,2,105,20,3.498,2523,24.029,GNG.VMNP,2,2,2,"[GNGL2, GNGL3] -> GNG.VMNPL2 -> [VMNPL2, VMNPL3]",GNG,2,GNG,3,VMNP,2,VMNP,3
61191,mixed,mix->mix,mix,mix,1,1,2,105,9,2.715,2900,27.619,GNG.VMNP,2,2,2,"[GNGL2, GNGL3] -> GNG.VMNPL2 -> [VLNPL3, VMNPL2]",GNG,2,GNG,3,VLNP,3,VMNP,2
52242,mixed,mix->FWD,mix,FWD,2,1,1,105,8,2.661,2801,26.676,GNG.VMNP,2,2,2,"[GNGL2, GNGL3] -> GNG.VMNPL2 -> [VLNPL3, VMNPL3]",GNG,2,GNG,3,VLNP,3,VMNP,3
50235,mixed,mix->mix,mix,mix,1,1,2,105,10,1.669,2810,26.762,GNG.VMNP,2,2,2,"[GNGL2, GNGL3] -> GNG.VMNPL2 -> [PENPL3, VMNPL2]",GNG,2,GNG,3,PENP,3,VMNP,2
44685,mixed,mix->FWD,mix,FWD,2,1,1,105,10,1.608,2711,25.819,GNG.VMNP,2,2,2,"[GNGL2, GNGL3] -> GNG.VMNPL2 -> [PENPL3, VMNPL3]",GNG,2,GNG,3,PENP,3,VMNP,3
42699,mixed,mix->LAT,mix,LAT,0,1,3,105,9,2.919,2226,21.2,GNG.VMNP,2,2,2,"[GNGL2, GNGL3] -> GNG.VMNPL2 -> [PENP.VMNPL2, VMNPL2]",GNG,2,GNG,3,PENP.VMNP,2,VMNP,2
39255,mixed,mix->LAT,mix,LAT,0,1,3,105,12,3.266,2280,21.714,GNG.VMNP,2,2,2,"[GNGL2, GNGL3] -> GNG.VMNPL2 -> [VLNP.VMNPL2, VMNPL2]",GNG,2,GNG,3,VLNP.VMNP,2,VMNP,2
36980,mixed,mix->mix,mix,mix,1,1,2,105,9,2.853,2127,20.257,GNG.VMNP,2,2,2,"[GNGL2, GNGL3] -> GNG.VMNPL2 -> [PENP.VMNPL2, VMNPL3]",GNG,2,GNG,3,PENP.VMNP,2,VMNP,3
35377,mixed,mix->LAT,mix,LAT,0,1,3,105,12,2.801,2336,22.248,GNG.VMNP,2,2,2,"[GNGL2, GNGL3] -> GNG.VMNPL2 -> [OL.VMNPL2, VMNPL2]",GNG,2,GNG,3,OL.VMNP,2,VMNP,2
34838,mixed,mix->mix,mix,mix,1,1,2,105,6,2.949,2262,21.543,GNG.VMNP,2,2,2,"[GNGL2, GNGL3] -> GNG.VMNPL2 -> [GNG.PENPL3, VMNPL2]",GNG,2,GNG,3,GNG.PENP,3,VMNP,2
33706,mixed,mix->FWD,mix,FWD,2,1,1,105,6,1.437,3088,29.41,GNG.VMNP,2,2,2,"[GNGL2, GNGL3] -> GNG.VMNPL2 -> [PENPL3, VLNPL3]",GNG,2,GNG,3,PENP,3,VLNP,3
32753,mixed,mix->mix,mix,mix,1,1,2,105,12,3.3,2181,20.771,GNG.VMNP,2,2,2,"[GNGL2, GNGL3] -> GNG.VMNPL2 -> [VLNP.VMNPL2, VMNPL3]",GNG,2,GNG,3,VLNP.VMNP,2,VMNP,3
30002,mixed,mix->mix,mix,mix,1,1,2,105,4,3.977,2407,22.924,GNG.VMNP,2,2,2,"[GNGL2, VLNPL3] -> GNG.VMNPL2 -> [VMNPL2, VMNPL3]",GNG,2,VLNP,3,VMNP,2,VMNP,3
29877,mixed,mix->mix,mix,mix,1,1,2,105,11,2.655,2237,21.305,GNG.VMNP,2,2,2,"[GNGL2, GNGL3] -> GNG.VMNPL2 -> [OL.VMNPL2, VMNPL3]",GNG,2,GNG,3,OL.VMNP,2,VMNP,3
29842,mixed,mix->mix,mix,mix,0,2,2,105,13,2.368,2263,21.552,GNG.VMNP,2,2,2,"[GNGL2, GNGL3] -> GNG.VMNPL2 -> [VMNPL1, VMNPL2]",GNG,2,GNG,3,VMNP,1,VMNP,2
29838,mixed,mix->FWD,mix,FWD,2,1,1,105,6,2.936,2163,20.6,GNG.VMNP,2,2,2,"[GNGL2, GNGL3] -> GNG.VMNPL2 -> [GNG.PENPL3, VMNPL3]",GNG,2,GNG,3,GNG.PENP,3,VMNP,3
29413,mixed,mix->mix,mix,mix,1,1,2,105,8,2.013,2229,21.229,GNG.VMNP,2,2,2,"[GNGL2, GNGL3] -> GNG.VMNPL2 -> [PENP.VMNPL3, VMNPL2]",GNG,2,GNG,3,PENP.VMNP,3,VMNP,2
28073,mixed,mix->mix,mix,mix,1,1,2,105,8,1.324,2414,22.99,GNG.VMNP,2,2,2,"[GNGL2, GNGL3] -> GNG.VMNPL2 -> [PENPL3, PENP.VMNPL2]",GNG,2,GNG,3,PENP,3,PENP.VMNP,2
26508,mixed,mix->mix,mix,mix,1,1,2,105,5,2.344,2504,23.848,GNG.VMNP,2,2,2,"[GNGL2, GNGL3] -> GNG.VMNPL2 -> [PENP.VMNPL2, VLNPL3]",GNG,2,GNG,3,PENP.VMNP,2,VLNP,3
25786,mixed,mix->mix,mix,mix,1,1,2,105,12,3.211,2291,21.819,GNG.VMNP,2,2,2,"[GNGL2, GNGL3] -> GNG.VMNPL2 -> [VLNP.VMNPL3, VMNPL2]",GNG,2,GNG,3,VLNP.VMNP,3,VMNP,2
4254,mixed,mix->mix,mix,mix,1,1,2,88,15,3.175,2523,28.67,GNG.VMNP,3,2,2,"[GNGL2, GNGL3] -> GNG.VMNPL3 -> [VMNPL2, VMNPL3]",GNG,2,GNG,3,VMNP,2,VMNP,3
4032,mixed,LAT->mix,LAT,mix,0,1,3,88,1,1.0,1372,15.591,GNG.VMNP,3,2,2,"[VLNPL3, VLNP.VMNPL3] -> GNG.VMNPL3 -> [GNG.VMNPL2, VMNPL3]",VLNP,3,VLNP.VMNP,3,GNG.VMNP,2,VMNP,3
2304,mixed,FWD->BWD,FWD,BWD,2,2,0,88,1,1.0,1920,21.818,GNG.VMNP,3,2,2,"[PENP.VLNPL2, VMNPL2] -> GNG.VMNPL3 -> [GNGL2, PENPL2]",PENP.VLNP,2,VMNP,2,GNG,2,PENP,2
2304,mixed,FWD->mix,FWD,mix,2,1,1,88,1,1.0,1978,22.477,GNG.VMNP,3,2,2,"[PENP.VLNPL2, VMNPL2] -> GNG.VMNPL3 -> [GNGL3, PENPL2]",PENP.VLNP,2,VMNP,2,GNG,3,PENP,2
2304,mixed,FWD->mix,FWD,mix,2,1,1,88,1,1.0,1772,20.136,GNG.VMNP,3,2,2,"[PENP.VLNPL2, VMNPL2] -> GNG.VMNPL3 -> [PENPL2, PENPL3]",PENP.VLNP,2,VMNP,2,PENP,2,PENP,3
1734,mixed,FWD->mix,FWD,mix,2,1,1,88,2,1.007,2225,25.284,GNG.VMNP,3,2,2,"[PENP.VLNPL2, VMNPL2] -> GNG.VMNPL3 -> [GNGL2, GNGL3]",PENP.VLNP,2,VMNP,2,GNG,2,GNG,3
1728,mixed,FWD->mix,FWD,mix,2,1,1,88,1,1.0,2019,22.943,GNG.VMNP,3,2,2,"[PENP.VLNPL2, VMNPL2] -> GNG.VMNPL3 -> [GNGL2, PENPL3]",PENP.VLNP,2,VMNP,2,GNG,2,PENP,3
1728,mixed,FWD->LAT,FWD,LAT,2,0,2,88,1,1.0,2077,23.602,GNG.VMNP,3,2,2,"[PENP.VLNPL2, VMNPL2] -> GNG.VMNPL3 -> [GNGL3, PENPL3]",PENP.VLNP,2,VMNP,2,GNG,3,PENP,3
1728,mixed,LAT->BWD,LAT,BWD,0,2,2,88,1,1.0,1471,16.716,GNG.VMNP,3,2,2,"[VLNPL3, VLNP.VMNPL3] -> GNG.VMNPL3 -> [GNG.VMNPL2, VMNPL2]",VLNP,3,VLNP.VMNP,3,GNG.VMNP,2,VMNP,2
1636,mixed,mix->mix,mix,mix,1,1,2,88,2,1.13,2276,25.864,GNG.VMNP,3,2,2,"[VMNPL2, VMNPL3] -> GNG.VMNPL3 -> [GNGL3, PENPL2]",VMNP,2,VMNP,3,GNG,3,PENP,2
1560,mixed,mix->mix,mix,mix,1,1,2,88,4,1.064,1703,19.352,GNG.VMNP,3,2,2,"[VLNPL3, VMNPL2] -> GNG.VMNPL3 -> [GNG.VMNPL2, VMNPL3]",VLNP,3,VMNP,2,GNG.VMNP,2,VMNP,3
1556,mixed,mix->BWD,mix,BWD,1,2,1,88,2,1.026,2218,25.205,GNG.VMNP,3,2,2,"[VMNPL2, VMNPL3] -> GNG.VMNPL3 -> [GNGL2, PENPL2]",VMNP,2,VMNP,3,GNG,2,PENP,2
1556,mixed,mix->mix,mix,mix,1,1,2,88,2,1.026,2070,23.523,GNG.VMNP,3,2,2,"[VMNPL2, VMNPL3] -> GNG.VMNPL3 -> [PENPL2, PENPL3]",VMNP,2,VMNP,3,PENP,2,PENP,3
1536,mixed,FWD->BWD,FWD,BWD,2,2,0,88,1,1.0,2335,26.534,GNG.VMNP,3,2,2,"[OL.VLNPL2, VMNPL2] -> GNG.VMNPL3 -> [GNGL2, PENPL2]",OL.VLNP,2,VMNP,2,GNG,2,PENP,2
1536,mixed,FWD->mix,FWD,mix,2,1,1,88,1,1.0,2393,27.193,GNG.VMNP,3,2,2,"[OL.VLNPL2, VMNPL2] -> GNG.VMNPL3 -> [GNGL3, PENPL2]",OL.VLNP,2,VMNP,2,GNG,3,PENP,2
1536,mixed,FWD->mix,FWD,mix,2,1,1,88,1,1.0,2187,24.852,GNG.VMNP,3,2,2,"[OL.VLNPL2, VMNPL2] -> GNG.VMNPL3 -> [PENPL2, PENPL3]",OL.VLNP,2,VMNP,2,PENP,2,PENP,3
1521,mixed,mix->mix,mix,mix,1,1,2,88,3,1.012,1094,12.432,GNG.VMNP,3,2,2,"[VLNP.VMNPL3, VMNPL2] -> GNG.VMNPL3 -> [GNG.VMNPL2, VMNPL3]",VLNP.VMNP,3,VMNP,2,GNG.VMNP,2,VMNP,3
1468,mixed,FWD->mix,FWD,mix,2,1,1,88,2,1.996,2711,30.807,GNG.VMNP,3,2,2,"[GNGL2, VMNPL2] -> GNG.VMNPL3 -> [GNGL3, PENPL2]",GNG,2,VMNP,2,GNG,3,PENP,2
1464,mixed,mix->mix,mix,mix,1,1,2,88,5,1.545,2523,28.67,GNG.VMNP,3,2,2,"[VMNPL2, VMNPL3] -> GNG.VMNPL3 -> [GNGL2, GNGL3]",VMNP,2,VMNP,3,GNG,2,GNG,3
1404,mixed,mix->mix,mix,mix,1,1,2,88,5,3.477,1819,20.67,GNG.VMNP,3,2,2,"[GNGL3, GNG.VMNPL2] -> GNG.VMNPL3 -> [VMNPL2, VMNPL3]",GNG,3,GNG.VMNP,2,VMNP,2,VMNP,3
1268,mixed,mix->FWD,mix,FWD,2,1,1,40,2,1.929,2471,61.775,INP,2,2,2,"[SNPL2, SNPL3] -> INPL2 -> [INPL3, INP.SNPL3]",SNP,2,SNP,3,INP,3,INP.SNP,3
604,mixed,BWD->mix,BWD,mix,1,2,1,40,2,1.947,2127,53.175,INP,2,2,2,"[INPL3, SNPL3] -> INPL2 -> [INP.SNPL2, INP.SNPL3]",INP,3,SNP,3,INP.SNP,2,INP.SNP,3
604,mixed,BWD->mix,BWD,mix,1,2,1,40,2,1.947,2471,61.775,INP,2,2,2,"[INPL3, SNPL3] -> INPL2 -> [INP.SNPL3, SNPL2]",INP,3,SNP,3,INP.SNP,3,SNP,2
504,mixed,BWD->mix,BWD,mix,1,2,1,40,1,1.0,2192,54.8,INP,2,2,2,"[INPL3, SNPL3] -> INPL2 -> [INP.SNPL3, LHL2]",INP,3,SNP,3,INP.SNP,3,LH,2
504,mixed,BWD->FWD,BWD,FWD,2,2,0,40,1,1.0,2111,52.775,INP,2,2,2,"[INP.LXL3, SNPL3] -> INPL2 -> [INPL3, INP.SNPL3]",INP.LX,3,SNP,3,INP,3,INP.SNP,3
460,mixed,mix->mix,mix,mix,1,1,2,40,2,1.561,733,18.325,INP,2,2,2,"[INPL3, SNPL2] -> INPL2 -> [INP.SNPL2, INP.SNPL3]",INP,3,SNP,2,INP.SNP,2,INP.SNP,3
428,mixed,BWD->mix,BWD,mix,1,2,1,40,2,1.939,2104,52.6,INP,2,2,2,"[INPL3, SNPL3] -> INPL2 -> [INP.LXL2, INP.SNPL3]",INP,3,SNP,3,INP.LX,2,INP.SNP,3
420,mixed,BWD->mix,BWD,mix,1,2,1,40,1,1.0,2192,54.8,INP,2,2,2,"[INP.SNPL3, SNPL3] -> INPL2 -> [INPL3, LHL2]",INP.SNP,3,SNP,3,INP,3,LH,2
402,mixed,BWD->mix,BWD,mix,1,2,1,40,2,1.996,2127,53.175,INP,2,2,2,"[INP.SNPL3, SNPL3] -> INPL2 -> [INPL3, INP.SNPL2]",INP.SNP,3,SNP,3,INP,3,INP.SNP,2
402,mixed,BWD->mix,BWD,mix,1,2,1,40,2,1.996,2471,61.775,INP,2,2,2,"[INP.SNPL3, SNPL3] -> INPL2 -> [INPL3, SNPL2]",INP.SNP,3,SNP,3,INP,3,SNP,2
392,mixed,mix->mix,mix,mix,1,1,2,40,3,1.885,2323,58.075,INP,2,2,2,"[SNPL2, SNPL3] -> INPL2 -> [INPL3, INP.SNPL2]",SNP,2,SNP,3,INP,3,INP.SNP,2
384,mixed,LAT->FWD,LAT,FWD,2,0,2,40,1,1.0,752,18.8,INP,2,2,2,"[MB.SNPL2, SNPL2] -> INPL2 -> [INPL3, INP.SNPL3]",MB.SNP,2,SNP,2,INP,3,INP.SNP,3
384,mixed,mix->FWD,mix,FWD,2,1,1,40,1,1.0,2146,53.65,INP,2,2,2,"[MB.SNPL2, SNPL3] -> INPL2 -> [INPL3, INP.SNPL3]",MB.SNP,2,SNP,3,INP,3,INP.SNP,3
352,mixed,mix->FWD,mix,FWD,2,1,1,40,1,1.0,2471,61.775,INP,2,2,2,"[INPL3, SNPL2] -> INPL2 -> [INP.SNPL3, SNPL3]",INP,3,SNP,2,INP.SNP,3,SNP,3
306,mixed,BWD->mix,BWD,mix,1,2,1,40,2,1.756,2104,52.6,INP,2,2,2,"[INP.SNPL3, SNPL3] -> INPL2 -> [INPL3, INP.LXL2]",INP.SNP,3,SNP,3,INP,3,INP.LX,2
284,mixed,mix->mix,mix,mix,1,1,2,40,2,1.892,710,17.75,INP,2,2,2,"[INPL3, SNPL2] -> INPL2 -> [INP.LXL2, INP.SNPL3]",INP,3,SNP,2,INP.LX,2,INP.SNP,3
282,mixed,mix->mix,mix,mix,1,1,2,40,2,1.769,733,18.325,INP,2,2,2,"[INP.SNPL3, SNPL2] -> INPL2 -> [INPL3, INP.SNPL2]",INP.SNP,3,SNP,2,INP,3,INP.SNP,2
266,mixed,mix->mix,mix,mix,1,1,2,40,2,1.015,752,18.8,INP,2,2,2,"[INPL3, MB.SNPL2] -> INPL2 -> [INP.SNPL3, SNPL2]",INP,3,MB.SNP,2,INP.SNP,3,SNP,2
264,mixed,mix->mix,mix,mix,1,1,2,40,1,1.0,408,10.2,INP,2,2,2,"[INPL3, MB.SNPL2] -> INPL2 -> [INP.SNPL2, INP.SNPL3]",INP,3,MB.SNP,2,INP.SNP,2,INP.SNP,3
264,mixed,mix->FWD,mix,FWD,2,1,1,40,1,1.0,2146,53.65,INP,2,2,2,"[INPL3, MB.SNPL2] -> INPL2 -> [INP.SNPL3, SNPL3]",INP,3,MB.SNP,2,INP.SNP,3,SNP,3
10656,pure_LAT,LAT->LAT,LAT,LAT,0,0,4,157,4,3.399,2855,18.185,INP,3,2,2,"[INP.VLNPL3, VLNPL3] -> INPL3 -> [SNPL3, SNP.VLNPL3]",INP.VLNP,3,VLNP,3,SNP,3,SNP.VLNP,3
8040,pure_LAT,LAT->LAT,LAT,LAT,0,0,4,157,4,3.696,2855,18.185,INP,3,2,2,"[INP.VLNPL3, SNP.VLNPL3] -> INPL3 -> [SNPL3, VLNPL3]",INP.VLNP,3,SNP.VLNP,3,SNP,3,VLNP,3
4824,mixed,mix->LAT,mix,LAT,1,0,3,157,4,3.696,2747,17.497,INP,3,2,2,"[INP.VLNPL2, INP.VLNPL3] -> INPL3 -> [SNPL3, VLNPL3]",INP.VLNP,2,INP.VLNP,3,SNP,3,VLNP,3
4786,mixed,LAT->mix,LAT,mix,0,1,3,157,4,2.998,2747,17.497,INP,3,2,2,"[INP.VLNPL3, VLNPL3] -> INPL3 -> [INP.VLNPL2, SNPL3]",INP.VLNP,3,VLNP,3,INP.VLNP,2,SNP,3
4371,mixed,mix->LAT,mix,LAT,1,0,3,157,4,3.902,1129,7.191,INP,3,2,2,"[INP.VLNPL2, INP.VLNPL3] -> INPL3 -> [SNP.VLNPL3, VLNPL3]",INP.VLNP,2,INP.VLNP,3,SNP.VLNP,3,VLNP,3
4126,mixed,LAT->mix,LAT,mix,0,1,3,157,4,3.472,1129,7.191,INP,3,2,2,"[INP.VLNPL3, VLNPL3] -> INPL3 -> [INP.VLNPL2, SNP.VLNPL3]",INP.VLNP,3,VLNP,3,INP.VLNP,2,SNP.VLNP,3
3783,mixed,mix->LAT,mix,LAT,1,0,3,157,5,3.656,2144,13.656,INP,3,2,2,"[INP.VLNPL2, INP.VLNPL3] -> INPL3 -> [SNPL3, SNP.VLNPL3]",INP.VLNP,2,INP.VLNP,3,SNP,3,SNP.VLNP,3
3755,mixed,mix->LAT,mix,LAT,1,0,3,157,4,3.317,2778,17.694,INP,3,2,2,"[INP.VLNPL3, SNP.VLNPL2] -> INPL3 -> [SNPL3, VLNPL3]",INP.VLNP,3,SNP.VLNP,2,SNP,3,VLNP,3
3531,mixed,mix->LAT,mix,LAT,1,0,3,157,4,3.785,41542,264.599,INP,3,2,2,"[INP.VLNPL3, OLL2] -> INPL3 -> [SNPL3, VLNPL3]",INP.VLNP,3,OL,2,SNP,3,VLNP,3
3406,pure_LAT,LAT->LAT,LAT,LAT,0,0,4,157,5,3.467,2855,18.185,INP,3,2,2,"[SNP.VLNPL3, VLNPL3] -> INPL3 -> [INP.VLNPL3, SNPL3]",SNP.VLNP,3,VLNP,3,INP.VLNP,3,SNP,3
3376,mixed,mix->LAT,mix,LAT,1,0,3,157,4,3.514,1160,7.389,INP,3,2,2,"[INP.VLNPL3, SNP.VLNPL2] -> INPL3 -> [SNP.VLNPL3, VLNPL3]",INP.VLNP,3,SNP.VLNP,2,SNP.VLNP,3,VLNP,3
3229,mixed,mix->LAT,mix,LAT,1,0,3,157,4,3.902,39924,254.293,INP,3,2,2,"[INP.VLNPL3, OLL2] -> INPL3 -> [SNP.VLNPL3, VLNPL3]",INP.VLNP,3,OL,2,SNP.VLNP,3,VLNP,3
3110,mixed,LAT->mix,LAT,mix,0,1,3,157,4,3.826,1129,7.191,INP,3,2,2,"[INP.VLNPL3, SNP.VLNPL3] -> INPL3 -> [INP.VLNPL2, VLNPL3]",INP.VLNP,3,SNP.VLNP,3,INP.VLNP,2,VLNP,3
3096,mixed,mix->LAT,mix,LAT,1,0,3,157,5,3.444,2705,17.229,INP,3,2,2,"[INP.VLNPL2, VLNPL3] -> INPL3 -> [SNPL3, SNP.VLNPL3]",INP.VLNP,2,VLNP,3,SNP,3,SNP.VLNP,3
2976,mixed,mix->LAT,mix,LAT,1,0,3,157,4,3.155,2175,13.854,INP,3,2,2,"[INP.VLNPL3, SNP.VLNPL2] -> INPL3 -> [SNPL3, SNP.VLNPL3]",INP.VLNP,3,SNP.VLNP,2,SNP,3,SNP.VLNP,3
2868,pure_LAT,LAT->LAT,LAT,LAT,0,0,4,157,4,2.533,2749,17.51,INP,3,2,2,"[INP.VLNPL3, VLNPL3] -> INPL3 -> [LH.VLNPL3, SNPL3]",INP.VLNP,3,VLNP,3,LH.VLNP,3,SNP,3
2739,mixed,mix->LAT,mix,LAT,1,0,3,157,4,3.764,40939,260.758,INP,3,2,2,"[INP.VLNPL3, OLL2] -> INPL3 -> [SNPL3, SNP.VLNPL3]",INP.VLNP,3,OL,2,SNP,3,SNP.VLNP,3
2710,mixed,LAT->mix,LAT,mix,0,1,3,157,4,3.511,2144,13.656,INP,3,2,2,"[INP.VLNPL3, SNP.VLNPL3] -> INPL3 -> [INP.VLNPL2, SNPL3]",INP.VLNP,3,SNP.VLNP,3,INP.VLNP,2,SNP,3
2508,pure_LAT,LAT->LAT,LAT,LAT,0,0,4,157,3,2.779,1131,7.204,INP,3,2,2,"[INP.VLNPL3, VLNPL3] -> INPL3 -> [LH.VLNPL3, SNP.VLNPL3]",INP.VLNP,3,VLNP,3,LH.VLNP,3,SNP.VLNP,3
2413,pure_LAT,LAT->LAT,LAT,LAT,0,0,4,157,4,3.39,34286,218.382,INP,3,2,2,"[INP.VLNPL3, OLL3] -> INPL3 -> [SNPL3, VLNPL3]",INP.VLNP,3,OL,3,SNP,3,VLNP,3
48,mixed,BWD->FWD,BWD,FWD,2,2,0,3,1,1.0,699,233.0,INP.LH,1,2,2,"[AL.LHL2, VLNPL2] -> INP.LHL1 -> [AL.VLNPL2, INP.MBL2]",AL.LH,2,VLNP,2,AL.VLNP,2,INP.MB,2
48,mixed,BWD->FWD,BWD,FWD,2,2,0,3,1,1.0,619,206.333,INP.LH,1,2,2,"[AL.LHL2, VLNPL2] -> INP.LHL1 -> [AL.VLNPL2, SNP.VMNPL2]",AL.LH,2,VLNP,2,AL.VLNP,2,SNP.VMNP,2
36,mixed,BWD->FWD,BWD,FWD,2,2,0,3,1,1.0,1393,464.333,INP.LH,1,2,2,"[ALL2, VLNPL2] -> INP.LHL1 -> [AL.VLNPL2, INP.MBL2]",AL,2,VLNP,2,AL.VLNP,2,INP.MB,2
36,mixed,BWD->FWD,BWD,FWD,2,2,0,3,1,1.0,1313,437.667,INP.LH,1,2,2,"[ALL2, VLNPL2] -> INP.LHL1 -> [AL.VLNPL2, SNP.VMNPL2]",AL,2,VLNP,2,AL.VLNP,2,SNP.VMNP,2
36,mixed,BWD->FWD,BWD,FWD,2,2,0,3,1,1.0,565,188.333,INP.LH,1,2,2,"[LH.SNPL2, VLNPL2] -> INP.LHL1 -> [AL.VLNPL2, INP.MBL2]",LH.SNP,2,VLNP,2,AL.VLNP,2,INP.MB,2
36,mixed,BWD->FWD,BWD,FWD,2,2,0,3,1,1.0,485,161.667,INP.LH,1,2,2,"[LH.SNPL2, VLNPL2] -> INP.LHL1 -> [AL.VLNPL2, SNP.VMNPL2]",LH.SNP,2,VLNP,2,AL.VLNP,2,SNP.VMNP,2
24,mixed,BWD->FWD,BWD,FWD,2,2,0,3,1,1.0,1247,415.667,INP.LH,1,2,2,"[ALL2, AL.LHL2] -> INP.LHL1 -> [AL.VLNPL2, INP.MBL2]",AL,2,AL.LH,2,AL.VLNP,2,INP.MB,2
24,mixed,BWD->FWD,BWD,FWD,2,2,0,3,1,1.0,1167,389.0,INP.LH,1,2,2,"[ALL2, AL.LHL2] -> INP.LHL1 -> [AL.VLNPL2, SNP.VMNPL2]",AL,2,AL.LH,2,AL.VLNP,2,SNP.VMNP,2
24,mixed,BWD->FWD,BWD,FWD,2,2,0,3,1,1.0,419,139.667,INP.LH,1,2,2,"[AL.LHL2, LH.SNPL2] -> INP.LHL1 -> [AL.VLNPL2, INP.MBL2]",AL.LH,2,LH.SNP,2,AL.VLNP,2,INP.MB,2
24,mixed,BWD->FWD,BWD,FWD,2,2,0,3,1,1.0,339,113.0,INP.LH,1,2,2,"[AL.LHL2, LH.SNPL2] -> INP.LHL1 -> [AL.VLNPL2, SNP.VMNPL2]",AL.LH,2,LH.SNP,2,AL.VLNP,2,SNP.VMNP,2
24,mixed,BWD->FWD,BWD,FWD,2,2,0,3,1,1.0,660,220.0,INP.LH,1,2,2,"[AL.LHL2, VLNPL2] -> INP.LHL1 -> [INP.MBL2, SNP.VMNPL2]",AL.LH,2,VLNP,2,INP.MB,2,SNP.VMNP,2
24,mixed,BWD->FWD,BWD,FWD,2,2,0,3,1,1.0,488,162.667,INP.LH,1,2,2,"[AL.VLNPL2, VLNPL2] -> INP.LHL1 -> [INP.MBL2, SNP.VMNPL2]",AL.VLNP,2,VLNP,2,INP.MB,2,SNP.VMNP,2
18,mixed,BWD->FWD,BWD,FWD,2,2,0,3,1,1.0,1113,371.0,INP.LH,1,2,2,"[ALL2, LH.SNPL2] -> INP.LHL1 -> [AL.VLNPL2, INP.MBL2]",AL,2,LH.SNP,2,AL.VLNP,2,INP.MB,2
18,mixed,BWD->FWD,BWD,FWD,2,2,0,3,1,1.0,1033,344.333,INP.LH,1,2,2,"[ALL2, LH.SNPL2] -> INP.LHL1 -> [AL.VLNPL2, SNP.VMNPL2]",AL,2,LH.SNP,2,AL.VLNP,2,SNP.VMNP,2
18,mixed,BWD->FWD,BWD,FWD,2,2,0,3,1,1.0,1354,451.333,INP.LH,1,2,2,"[ALL2, VLNPL2] -> INP.LHL1 -> [INP.MBL2, SNP.VMNPL2]",AL,2,VLNP,2,INP.MB,2,SNP.VMNP,2
18,mixed,BWD->FWD,BWD,FWD,2,2,0,3,1,1.0,526,175.333,INP.LH,1,2,2,"[LH.SNPL2, VLNPL2] -> INP.LHL1 -> [INP.MBL2, SNP.VMNPL2]",LH.SNP,2,VLNP,2,INP.MB,2,SNP.VMNP,2
16,mixed,BWD->FWD,BWD,FWD,2,2,0,3,1,1.0,342,114.0,INP.LH,1,2,2,"[AL.LHL2, AL.VLNPL2] -> INP.LHL1 -> [INP.MBL2, SNP.VMNPL2]",AL.LH,2,AL.VLNP,2,INP.MB,2,SNP.VMNP,2
12,mixed,BWD->FWD,BWD,FWD,2,2,0,3,1,1.0,1208,402.667,INP.LH,1,2,2,"[ALL2, AL.LHL2] -> INP.LHL1 -> [INP.MBL2, SNP.VMNPL2]",AL,2,AL.LH,2,INP.MB,2,SNP.VMNP,2
12,mixed,BWD->FWD,BWD,FWD,2,2,0,3,1,1.0,1036,345.333,INP.LH,1,2,2,"[ALL2, AL.VLNPL2] -> INP.LHL1 -> [INP.MBL2, SNP.VMNPL2]",AL,2,AL.VLNP,2,INP.MB,2,SNP.VMNP,2
12,mixed,BWD->FWD,BWD,FWD,2,2,0,3,1,1.0,380,126.667,INP.LH,1,2,2,"[AL.LHL2, LH.SNPL2] -> INP.LHL1 -> [INP.MBL2, SNP.VMNPL2]",AL.LH,2,LH.SNP,2,INP.MB,2,SNP.VMNP,2
5400,mixed,BWD->FWD,BWD,FWD,2,2,0,3,1,1.0,5835,1945.0,INP.LH,2,2,2,"[LH.SNPL3, SNPL3] -> INP.LHL2 -> [LHL3, MBL3]",LH.SNP,3,SNP,3,LH,3,MB,3
4812,mixed,mix->FWD,mix,FWD,2,1,1,3,2,1.005,3154,1051.333,INP.LH,2,2,2,"[INP.MBL2, SNPL3] -> INP.LHL2 -> [LHL3, LH.SNPL3]",INP.MB,2,SNP,3,LH,3,LH.SNP,3
3666,mixed,mix->FWD,mix,FWD,2,1,1,3,2,1.037,3285,1095.0,INP.LH,2,2,2,"[AL.LHL2, SNPL3] -> INP.LHL2 -> [LHL3, LH.SNPL3]",AL.LH,2,SNP,3,LH,3,LH.SNP,3
3600,mixed,BWD->FWD,BWD,FWD,2,2,0,3,1,1.0,3228,1076.0,INP.LH,2,2,2,"[INPL3, SNPL3] -> INP.LHL2 -> [LHL3, LH.SNPL3]",INP,3,SNP,3,LH,3,LH.SNP,3
3600,mixed,mix->FWD,mix,FWD,2,1,1,3,1,1.0,5197,1732.333,INP.LH,2,2,2,"[INP.MBL2, SNPL3] -> INP.LHL2 -> [LHL3, MBL3]",INP.MB,2,SNP,3,LH,3,MB,3
3600,mixed,BWD->FWD,BWD,FWD,2,2,0,3,1,1.0,3113,1037.667,INP.LH,2,2,2,"[LH.SNPL3, SNPL3] -> INP.LHL2 -> [LHL3, LH.VLNPL3]",LH.SNP,3,SNP,3,LH,3,LH.VLNP,3
3600,mixed,BWD->FWD,BWD,FWD,2,2,0,3,1,1.0,5835,1945.0,INP.LH,2,2,2,"[MBL3, SNPL3] -> INP.LHL2 -> [LHL3, LH.SNPL3]",MB,3,SNP,3,LH,3,LH.SNP,3
2880,mixed,mix->FWD,mix,FWD,2,1,1,3,1,1.0,5334,1778.0,INP.LH,2,2,2,"[INP.MBL2, SNPL3] -> INP.LHL2 -> [LH.SNPL3, MBL3]",INP.MB,2,SNP,3,LH.SNP,3,MB,3
2880,mixed,BWD->FWD,BWD,FWD,2,2,0,3,1,1.0,5835,1945.0,INP.LH,2,2,2,"[LHL3, SNPL3] -> INP.LHL2 -> [LH.SNPL3, MBL3]",LH,3,SNP,3,LH.SNP,3,MB,3
2700,mixed,mix->FWD,mix,FWD,2,1,1,3,1,1.0,5328,1776.0,INP.LH,2,2,2,"[AL.LHL2, SNPL3] -> INP.LHL2 -> [LHL3, MBL3]",AL.LH,2,SNP,3,LH,3,MB,3
2700,mixed,BWD->FWD,BWD,FWD,2,2,0,3,1,1.0,5271,1757.0,INP.LH,2,2,2,"[INPL3, SNPL3] -> INP.LHL2 -> [LHL3, MBL3]",INP,3,SNP,3,LH,3,MB,3
2700,mixed,BWD->mix,BWD,mix,1,2,1,3,1,1.0,3164,1054.667,INP.LH,2,2,2,"[LH.SNPL3, SNPL3] -> INP.LHL2 -> [LHL2, LHL3]",LH.SNP,3,SNP,3,LH,2,LH,3
2400,mixed,mix->FWD,mix,FWD,2,1,1,3,1,1.0,2475,825.0,INP.LH,2,2,2,"[INP.MBL2, SNPL3] -> INP.LHL2 -> [LHL3, LH.VLNPL3]",INP.MB,2,SNP,3,LH,3,LH.VLNP,3
2400,mixed,mix->FWD,mix,FWD,2,1,1,3,1,1.0,3158,1052.667,INP.LH,2,2,2,"[PENP.SNPL2, SNPL3] -> INP.LHL2 -> [LHL3, LH.SNPL3]",PENP.SNP,2,SNP,3,LH,3,LH.SNP,3
2160,mixed,mix->FWD,mix,FWD,2,1,1,3,1,1.0,5465,1821.667,INP.LH,2,2,2,"[AL.LHL2, SNPL3] -> INP.LHL2 -> [LH.SNPL3, MBL3]",AL.LH,2,SNP,3,LH.SNP,3,MB,3
2160,mixed,BWD->FWD,BWD,FWD,2,2,0,3,1,1.0,5408,1802.667,INP.LH,2,2,2,"[INPL3, SNPL3] -> INP.LHL2 -> [LH.SNPL3, MBL3]",INP,3,SNP,3,LH.SNP,3,MB,3
2160,mixed,BWD->FWD,BWD,FWD,2,2,0,3,1,1.0,5293,1764.333,INP.LH,2,2,2,"[LH.SNPL3, SNPL3] -> INP.LHL2 -> [LH.VLNPL3, MBL3]",LH.SNP,3,SNP,3,LH.VLNP,3,MB,3
1920,mixed,mix->FWD,mix,FWD,2,1,1,3,1,1.0,2612,870.667,INP.LH,2,2,2,"[INP.MBL2, SNPL3] -> INP.LHL2 -> [LH.SNPL3, LH.VLNPL3]",INP.MB,2,SNP,3,LH.SNP,3,LH.VLNP,3
1920,mixed,BWD->FWD,BWD,FWD,2,2,0,3,1,1.0,3113,1037.667,INP.LH,2,2,2,"[LHL3, SNPL3] -> INP.LHL2 -> [LH.SNPL3, LH.VLNPL3]",LH,3,SNP,3,LH.SNP,3,LH.VLNP,3
1800,mixed,mix->FWD,mix,FWD,2,1,1,3,1,1.0,2606,868.667,INP.LH,2,2,2,"[AL.LHL2, SNPL3] -> INP.LHL2 -> [LHL3, LH.VLNPL3]",AL.LH,2,SNP,3,LH,3,LH.VLNP,3
66,mixed,mix->LAT,mix,LAT,1,0,3,17,3,2.799,2907,171.0,INP.LH,3,2,2,"[AL.LHL2, VLNPL3] -> INP.LHL3 -> [INP.SNPL3, SNPL3]",AL.LH,2,VLNP,3,INP.SNP,3,SNP,3
60,mixed,FWD->LAT,FWD,LAT,2,0,2,17,3,2.571,2198,129.294,INP.LH,3,2,2,"[AL.LHL2, AL.VLNPL2] -> INP.LHL3 -> [INP.SNPL3, SNPL3]",AL.LH,2,AL.VLNP,2,INP.SNP,3,SNP,3
60,mixed,mix->LAT,mix,LAT,1,0,3,17,3,2.571,2877,169.235,INP.LH,3,2,2,"[AL.LHL2, LH.SNPL3] -> INP.LHL3 -> [INP.SNPL3, SNPL3]",AL.LH,2,LH.SNP,3,INP.SNP,3,SNP,3
58,mixed,mix->LAT,mix,LAT,1,0,3,17,3,2.466,2806,165.059,INP.LH,3,2,2,"[AL.LHL2, VLNPL3] -> INP.LHL3 -> [LXL3, SNPL3]",AL.LH,2,VLNP,3,LX,3,SNP,3
54,mixed,mix->LAT,mix,LAT,1,0,3,17,2,1.976,2888,169.882,INP.LH,3,2,2,"[AL.LHL2, VLNPL3] -> INP.LHL3 -> [INPL3, SNPL3]",AL.LH,2,VLNP,3,INP,3,SNP,3
53,mixed,FWD->LAT,FWD,LAT,2,0,2,17,3,2.146,2179,128.176,INP.LH,3,2,2,"[AL.LHL2, AL.VLNPL2] -> INP.LHL3 -> [INPL3, SNPL3]",AL.LH,2,AL.VLNP,2,INP,3,SNP,3
53,mixed,FWD->LAT,FWD,LAT,2,0,2,17,4,3.56,2249,132.294,INP.LH,3,2,2,"[AL.LHL2, LHL2] -> INP.LHL3 -> [INP.SNPL3, SNPL3]",AL.LH,2,LH,2,INP.SNP,3,SNP,3
51,mixed,FWD->LAT,FWD,LAT,2,0,2,17,4,3.588,2230,131.176,INP.LH,3,2,2,"[AL.LHL2, LHL2] -> INP.LHL3 -> [INPL3, SNPL3]",AL.LH,2,LH,2,INP,3,SNP,3
51,mixed,FWD->LAT,FWD,LAT,2,0,2,17,3,1.555,2794,164.353,INP.LH,3,2,2,"[AL.LHL2, LHL2] -> INP.LHL3 -> [LH.SNPL3, SNPL3]",AL.LH,2,LH,2,LH.SNP,3,SNP,3
50,mixed,mix->LAT,mix,LAT,1,0,3,17,2,1.923,2858,168.118,INP.LH,3,2,2,"[AL.LHL2, LH.SNPL3] -> INP.LHL3 -> [INPL3, SNPL3]",AL.LH,2,LH.SNP,3,INP,3,SNP,3
50,mixed,mix->mix,mix,mix,1,1,2,17,2,1.923,2732,160.706,INP.LH,3,2,2,"[AL.LHL2, VLNPL3] -> INP.LHL3 -> [AL.LXL2, SNPL3]",AL.LH,2,VLNP,3,AL.LX,2,SNP,3
50,mixed,mix->mix,mix,mix,1,1,2,17,2,1.923,2736,160.941,INP.LH,3,2,2,"[AL.LHL2, VLNPL3] -> INP.LHL3 -> [INP.LXL2, SNPL3]",AL.LH,2,VLNP,3,INP.LX,2,SNP,3
50,mixed,mix->LAT,mix,LAT,1,0,3,17,2,1.923,2743,161.353,INP.LH,3,2,2,"[AL.LHL2, VLNPL3] -> INP.LHL3 -> [INP.LXL3, SNPL3]",AL.LH,2,VLNP,3,INP.LX,3,SNP,3
50,mixed,mix->mix,mix,mix,1,1,2,17,2,1.923,2741,161.235,INP.LH,3,2,2,"[AL.LHL2, VLNPL3] -> INP.LHL3 -> [LX.OLL2, SNPL3]",AL.LH,2,VLNP,3,LX.OL,2,SNP,3
50,mixed,mix->LAT,mix,LAT,1,0,3,17,2,1.923,2873,169.0,INP.LH,3,2,2,"[AL.LHL2, VLNPL3] -> INP.LHL3 -> [SNPL3, VLNP.VMNPL3]",AL.LH,2,VLNP,3,SNP,3,VLNP.VMNP,3
46,mixed,FWD->LAT,FWD,LAT,2,0,2,17,2,1.293,1779,104.647,INP.LH,3,2,2,"[AL.LHL2, LHL2] -> INP.LHL3 -> [LH.SNPL3, VLNPL3]",AL.LH,2,LH,2,LH.SNP,3,VLNP,3
46,mixed,FWD->LAT,FWD,LAT,2,0,2,17,2,1.293,2824,166.118,INP.LH,3,2,2,"[AL.LHL2, LHL2] -> INP.LHL3 -> [SNPL3, VLNPL3]",AL.LH,2,LH,2,SNP,3,VLNP,3
46,mixed,FWD->LAT,FWD,LAT,2,0,2,17,2,1.516,2628,154.588,INP.LH,3,2,2,"[AL.LHL2, OL.VLNPL2] -> INP.LHL3 -> [INPL3, SNPL3]",AL.LH,2,OL.VLNP,2,INP,3,SNP,3
44,mixed,FWD->LAT,FWD,LAT,2,0,2,17,2,1.984,2497,146.882,INP.LH,3,2,2,"[AL.LHL2, VLNPL2] -> INP.LHL3 -> [INPL3, SNPL3]",AL.LH,2,VLNP,2,INP,3,SNP,3
43,mixed,mix->LAT,mix,LAT,1,0,3,17,3,2.684,1216,71.529,INP.LH,3,2,2,"[AL.LHL2, VLNPL3] -> INP.LHL3 -> [INP.SNPL3, LXL3]",AL.LH,2,VLNP,3,INP.SNP,3,LX,3
15240,mixed,mix->mix,mix,mix,1,1,2,5,1,1.0,2284,456.8,INP.LX,2,2,2,"[INPL3, MBL2] -> INP.LXL2 -> [INPL2, INP.SNPL3]",INP,3,MB,2,INP,2,INP.SNP,3
15240,mixed,mix->mix,mix,mix,0,2,2,5,1,1.0,2120,424.0,INP.LX,2,2,2,"[INPL3, MBL2] -> INP.LXL2 -> [INPL2, LXL1]",INP,3,MB,2,INP,2,LX,1
15240,mixed,mix->LAT,mix,LAT,0,1,3,5,1,1.0,2201,440.2,INP.LX,2,2,2,"[INPL3, MBL2] -> INP.LXL2 -> [INPL2, LXL2]",INP,3,MB,2,INP,2,LX,2
15240,mixed,mix->mix,mix,mix,1,1,2,5,1,1.0,3874,774.8,INP.LX,2,2,2,"[INPL3, MBL2] -> INP.LXL2 -> [INPL2, SNPL3]",INP,3,MB,2,INP,2,SNP,3
15240,mixed,LAT->mix,LAT,mix,1,0,3,5,1,1.0,2210,442.0,INP.LX,2,2,2,"[INP.MBL2, MBL2] -> INP.LXL2 -> [INPL2, INP.SNPL3]",INP.MB,2,MB,2,INP,2,INP.SNP,3
15240,mixed,LAT->mix,LAT,mix,0,1,3,5,1,1.0,2046,409.2,INP.LX,2,2,2,"[INP.MBL2, MBL2] -> INP.LXL2 -> [INPL2, LXL1]",INP.MB,2,MB,2,INP,2,LX,1
15240,pure_LAT,LAT->LAT,LAT,LAT,0,0,4,5,1,1.0,2127,425.4,INP.LX,2,2,2,"[INP.MBL2, MBL2] -> INP.LXL2 -> [INPL2, LXL2]",INP.MB,2,MB,2,INP,2,LX,2
15240,mixed,LAT->mix,LAT,mix,1,0,3,5,1,1.0,3800,760.0,INP.LX,2,2,2,"[INP.MBL2, MBL2] -> INP.LXL2 -> [INPL2, SNPL3]",INP.MB,2,MB,2,INP,2,SNP,3
11430,mixed,mix->mix,mix,mix,1,2,1,5,1,1.0,2256,451.2,INP.LX,2,2,2,"[INPL3, MBL2] -> INP.LXL2 -> [INP.SNPL3, LXL1]",INP,3,MB,2,INP.SNP,3,LX,1
11430,mixed,mix->mix,mix,mix,1,1,2,5,1,1.0,2337,467.4,INP.LX,2,2,2,"[INPL3, MBL2] -> INP.LXL2 -> [INP.SNPL3, LXL2]",INP,3,MB,2,INP.SNP,3,LX,2
11430,mixed,mix->FWD,mix,FWD,2,1,1,5,1,1.0,4010,802.0,INP.LX,2,2,2,"[INPL3, MBL2] -> INP.LXL2 -> [INP.SNPL3, SNPL3]",INP,3,MB,2,INP.SNP,3,SNP,3
11430,mixed,mix->mix,mix,mix,0,2,2,5,1,1.0,2173,434.6,INP.LX,2,2,2,"[INPL3, MBL2] -> INP.LXL2 -> [LXL1, LXL2]",INP,3,MB,2,LX,1,LX,2
11430,mixed,mix->mix,mix,mix,1,2,1,5,1,1.0,3846,769.2,INP.LX,2,2,2,"[INPL3, MBL2] -> INP.LXL2 -> [LXL1, SNPL3]",INP,3,MB,2,LX,1,SNP,3
11430,mixed,mix->mix,mix,mix,1,1,2,5,1,1.0,3927,785.4,INP.LX,2,2,2,"[INPL3, MBL2] -> INP.LXL2 -> [LXL2, SNPL3]",INP,3,MB,2,LX,2,SNP,3
11430,mixed,LAT->mix,LAT,mix,1,1,2,5,1,1.0,2182,436.4,INP.LX,2,2,2,"[INP.MBL2, MBL2] -> INP.LXL2 -> [INP.SNPL3, LXL1]",INP.MB,2,MB,2,INP.SNP,3,LX,1
11430,mixed,LAT->mix,LAT,mix,1,0,3,5,1,1.0,2263,452.6,INP.LX,2,2,2,"[INP.MBL2, MBL2] -> INP.LXL2 -> [INP.SNPL3, LXL2]",INP.MB,2,MB,2,INP.SNP,3,LX,2
11430,mixed,LAT->FWD,LAT,FWD,2,0,2,5,1,1.0,3936,787.2,INP.LX,2,2,2,"[INP.MBL2, MBL2] -> INP.LXL2 -> [INP.SNPL3, SNPL3]",INP.MB,2,MB,2,INP.SNP,3,SNP,3
11430,mixed,LAT->mix,LAT,mix,0,1,3,5,1,1.0,2099,419.8,INP.LX,2,2,2,"[INP.MBL2, MBL2] -> INP.LXL2 -> [LXL1, LXL2]",INP.MB,2,MB,2,LX,1,LX,2
11430,mixed,LAT->mix,LAT,mix,1,1,2,5,1,1.0,3772,754.4,INP.LX,2,2,2,"[INP.MBL2, MBL2] -> INP.LXL2 -> [LXL1, SNPL3]",INP.MB,2,MB,2,LX,1,SNP,3
11430,mixed,LAT->mix,LAT,mix,1,0,3,5,1,1.0,3853,770.6,INP.LX,2,2,2,"[INP.MBL2, MBL2] -> INP.LXL2 -> [LXL2, SNPL3]",INP.MB,2,MB,2,LX,2,SNP,3
7680,mixed,FWD->LAT,FWD,LAT,2,0,2,12,1,1.0,1083,90.25,INP.LX,3,2,2,"[LX.VLNPL2, VLNP.VMNPL2] -> INP.LXL3 -> [LX.VLNPL3, VLNPL3]",LX.VLNP,2,VLNP.VMNP,2,LX.VLNP,3,VLNP,3
6912,mixed,FWD->LAT,FWD,LAT,2,0,2,12,1,1.0,1064,88.667,INP.LX,3,2,2,"[LX.VMNPL2, VLNP.VMNPL2] -> INP.LXL3 -> [LX.VLNPL3, VLNPL3]",LX.VMNP,2,VLNP.VMNP,2,LX.VLNP,3,VLNP,3
5760,mixed,FWD->LAT,FWD,LAT,2,0,2,12,1,1.0,1026,85.5,INP.LX,3,2,2,"[LX.VLNPL2, LX.VMNPL2] -> INP.LXL3 -> [LX.VLNPL3, VLNPL3]",LX.VLNP,2,LX.VMNP,2,LX.VLNP,3,VLNP,3
5376,mixed,FWD->LAT,FWD,LAT,2,0,2,12,1,1.0,1463,121.917,INP.LX,3,2,2,"[VLNP.VMNPL2, VMNPL2] -> INP.LXL3 -> [LX.VLNPL3, VLNPL3]",VLNP.VMNP,2,VMNP,2,LX.VLNP,3,VLNP,3
4800,mixed,FWD->mix,FWD,mix,2,1,1,12,1,1.0,692,57.667,INP.LX,3,2,2,"[LX.VLNPL2, VLNP.VMNPL2] -> INP.LXL3 -> [LX.VLNPL3, VLNPL2]",LX.VLNP,2,VLNP.VMNP,2,LX.VLNP,3,VLNP,2
4800,mixed,FWD->mix,FWD,mix,2,1,1,12,1,1.0,1335,111.25,INP.LX,3,2,2,"[LX.VLNPL2, VLNP.VMNPL2] -> INP.LXL3 -> [VLNPL2, VLNPL3]",LX.VLNP,2,VLNP.VMNP,2,VLNP,2,VLNP,3
4608,mixed,FWD->LAT,FWD,LAT,2,0,2,12,1,1.0,1083,90.25,INP.LX,3,2,2,"[LXL2, VLNP.VMNPL2] -> INP.LXL3 -> [LX.VLNPL3, VLNPL3]",LX,2,VLNP.VMNP,2,LX.VLNP,3,VLNP,3
4608,mixed,FWD->LAT,FWD,LAT,2,0,2,12,1,1.0,1350,112.5,INP.LX,3,2,2,"[VLNPL2, VLNP.VMNPL2] -> INP.LXL3 -> [LX.VLNPL3, VLNPL3]",VLNP,2,VLNP.VMNP,2,LX.VLNP,3,VLNP,3
4480,mixed,FWD->LAT,FWD,LAT,2,0,2,12,1,1.0,1425,118.75,INP.LX,3,2,2,"[LX.VLNPL2, VMNPL2] -> INP.LXL3 -> [LX.VLNPL3, VLNPL3]",LX.VLNP,2,VMNP,2,LX.VLNP,3,VLNP,3
4320,mixed,FWD->mix,FWD,mix,2,1,1,12,1,1.0,673,56.083,INP.LX,3,2,2,"[LX.VMNPL2, VLNP.VMNPL2] -> INP.LXL3 -> [LX.VLNPL3, VLNPL2]",LX.VMNP,2,VLNP.VMNP,2,LX.VLNP,3,VLNP,2
4320,mixed,FWD->mix,FWD,mix,2,1,1,12,1,1.0,1316,109.667,INP.LX,3,2,2,"[LX.VMNPL2, VLNP.VMNPL2] -> INP.LXL3 -> [VLNPL2, VLNPL3]",LX.VMNP,2,VLNP.VMNP,2,VLNP,2,VLNP,3
4032,mixed,FWD->LAT,FWD,LAT,2,0,2,12,1,1.0,1406,117.167,INP.LX,3,2,2,"[LX.VMNPL2, VMNPL2] -> INP.LXL3 -> [LX.VLNPL3, VLNPL3]",LX.VMNP,2,VMNP,2,LX.VLNP,3,VLNP,3
3840,mixed,FWD->LAT,FWD,LAT,2,0,2,12,1,1.0,1045,87.083,INP.LX,3,2,2,"[LXL2, LX.VLNPL2] -> INP.LXL3 -> [LX.VLNPL3, VLNPL3]",LX,2,LX.VLNP,2,LX.VLNP,3,VLNP,3
3840,mixed,mix->LAT,mix,LAT,1,0,3,12,1,1.0,1065,88.75,INP.LX,3,2,2,"[LXL3, VLNP.VMNPL2] -> INP.LXL3 -> [LX.VLNPL3, VLNPL3]",LX,3,VLNP.VMNP,2,LX.VLNP,3,VLNP,3
3840,mixed,FWD->LAT,FWD,LAT,2,0,2,12,1,1.0,1312,109.333,INP.LX,3,2,2,"[LX.VLNPL2, VLNPL2] -> INP.LXL3 -> [LX.VLNPL3, VLNPL3]",LX.VLNP,2,VLNP,2,LX.VLNP,3,VLNP,3
3600,mixed,FWD->mix,FWD,mix,2,1,1,12,1,1.0,635,52.917,INP.LX,3,2,2,"[LX.VLNPL2, LX.VMNPL2] -> INP.LXL3 -> [LX.VLNPL3, VLNPL2]",LX.VLNP,2,LX.VMNP,2,LX.VLNP,3,VLNP,2
3600,mixed,FWD->mix,FWD,mix,2,1,1,12,1,1.0,1278,106.5,INP.LX,3,2,2,"[LX.VLNPL2, LX.VMNPL2] -> INP.LXL3 -> [VLNPL2, VLNPL3]",LX.VLNP,2,LX.VMNP,2,VLNP,2,VLNP,3
3456,mixed,FWD->LAT,FWD,LAT,2,0,2,12,1,1.0,1026,85.5,INP.LX,3,2,2,"[LXL2, LX.VMNPL2] -> INP.LXL3 -> [LX.VLNPL3, VLNPL3]",LX,2,LX.VMNP,2,LX.VLNP,3,VLNP,3
3456,mixed,FWD->LAT,FWD,LAT,2,0,2,12,1,1.0,1293,107.75,INP.LX,3,2,2,"[LX.VMNPL2, VLNPL2] -> INP.LXL3 -> [LX.VLNPL3, VLNPL3]",LX.VMNP,2,VLNP,2,LX.VLNP,3,VLNP,3
3360,mixed,FWD->mix,FWD,mix,2,1,1,12,1,1.0,1072,89.333,INP.LX,3,2,2,"[VLNP.VMNPL2, VMNPL2] -> INP.LXL3 -> [LX.VLNPL3, VLNPL2]",VLNP.VMNP,2,VMNP,2,LX.VLNP,3,VLNP,2
12440188,mixed,mix->mix,mix,mix,1,1,2,83,5,1.175,4815,58.012,INP.MB,2,2,2,"[MBL2, MBL3] -> INP.MBL2 -> [MB.SNPL2, MB.SNPL3]",MB,2,MB,3,MB.SNP,2,MB.SNP,3
9412044,mixed,mix->FWD,mix,FWD,2,1,1,83,5,1.313,6534,78.723,INP.MB,2,2,2,"[MBL2, MBL3] -> INP.MBL2 -> [MB.SNPL3, SNPL3]",MB,2,MB,3,MB.SNP,3,SNP,3
8536738,mixed,mix->mix,mix,mix,1,1,2,83,5,1.402,6488,78.169,INP.MB,2,2,2,"[MBL2, MBL3] -> INP.MBL2 -> [MB.SNPL2, SNPL3]",MB,2,MB,3,MB.SNP,2,SNP,3
4770472,mixed,mix->FWD,mix,FWD,2,1,1,83,5,3.087,6617,79.723,INP.MB,2,2,2,"[MBL2, MBL3] -> INP.MBL2 -> [INP.SNPL3, SNPL3]",MB,2,MB,3,INP.SNP,3,SNP,3
4655911,mixed,mix->FWD,mix,FWD,2,1,1,83,5,1.919,4944,59.566,INP.MB,2,2,2,"[MBL2, MBL3] -> INP.MBL2 -> [INP.SNPL3, MB.SNPL3]",MB,2,MB,3,INP.SNP,3,MB.SNP,3
4306496,mixed,mix->mix,mix,mix,1,1,2,83,5,2.076,4898,59.012,INP.MB,2,2,2,"[MBL2, MBL3] -> INP.MBL2 -> [INP.SNPL3, MB.SNPL2]",MB,2,MB,3,INP.SNP,3,MB.SNP,2
3616168,mixed,mix->mix,mix,mix,1,1,2,83,3,1.212,4771,57.482,INP.MB,2,2,2,"[MBL2, MBL3] -> INP.MBL2 -> [INP.PENPL2, MB.SNPL3]",MB,2,MB,3,INP.PENP,2,MB.SNP,3
3424240,mixed,mix->LAT,mix,LAT,0,1,3,83,3,1.393,4725,56.928,INP.MB,2,2,2,"[MBL2, MBL3] -> INP.MBL2 -> [INP.PENPL2, MB.SNPL2]",MB,2,MB,3,INP.PENP,2,MB.SNP,2
3068688,mixed,mix->mix,mix,mix,1,1,2,83,3,1.981,6444,77.639,INP.MB,2,2,2,"[MBL2, MBL3] -> INP.MBL2 -> [INP.PENPL2, SNPL3]",MB,2,MB,3,INP.PENP,2,SNP,3
2535193,mixed,mix->FWD,mix,FWD,2,1,1,83,4,2.354,5008,60.337,INP.MB,2,2,2,"[MBL2, MBL3] -> INP.MBL2 -> [INPL3, INP.SNPL3]",MB,2,MB,3,INP,3,INP.SNP,3
2104906,mixed,mix->FWD,mix,FWD,2,1,1,83,4,1.605,4946,59.59,INP.MB,2,2,2,"[MBL2, MBL3] -> INP.MBL2 -> [INP.MBL3, MB.SNPL3]",MB,2,MB,3,INP.MB,3,MB.SNP,3
2094988,mixed,mix->FWD,mix,FWD,2,1,1,83,4,2.569,6598,79.494,INP.MB,2,2,2,"[MBL2, MBL3] -> INP.MBL2 -> [INPL3, SNPL3]",MB,2,MB,3,INP,3,SNP,3
1963216,mixed,mix->mix,mix,mix,1,1,2,83,3,2.88,4854,58.482,INP.MB,2,2,2,"[MBL2, MBL3] -> INP.MBL2 -> [INP.PENPL2, INP.SNPL3]",MB,2,MB,3,INP.PENP,2,INP.SNP,3
1801164,mixed,mix->mix,mix,mix,1,1,2,83,4,1.539,4900,59.036,INP.MB,2,2,2,"[MBL2, MBL3] -> INP.MBL2 -> [INP.MBL3, MB.SNPL2]",MB,2,MB,3,INP.MB,3,MB.SNP,2
1756401,mixed,mix->mix,mix,mix,1,1,2,83,3,1.147,4773,57.506,INP.MB,2,2,2,"[MBL2, MBL3] -> INP.MBL2 -> [LH.MBL2, MB.SNPL3]",MB,2,MB,3,LH.MB,2,MB.SNP,3
1756401,mixed,mix->mix,mix,mix,1,1,2,83,3,1.147,5140,61.928,INP.MB,2,2,2,"[MBL2, MBL3] -> INP.MBL2 -> [MB.SNPL3, SNPL2]",MB,2,MB,3,MB.SNP,3,SNP,2
1699923,mixed,mix->mix,mix,mix,1,1,2,83,4,2.071,4854,58.482,INP.MB,2,2,2,"[MBL2, MBL3] -> INP.MBL2 -> [INP.LHL2, INP.SNPL3]",MB,2,MB,3,INP.LH,2,INP.SNP,3
1686543,mixed,mix->mix,mix,mix,1,2,1,83,3,2.038,4854,58.482,INP.MB,2,2,2,"[MBL2, MBL3] -> INP.MBL2 -> [AL.INPL1, INP.SNPL3]",MB,2,MB,3,AL.INP,1,INP.SNP,3
1637856,mixed,mix->FWD,mix,FWD,2,1,1,83,1,1.0,5489,66.133,INP.MB,2,2,2,"[MBL2, MBL3] -> INP.MBL2 -> [LH.SNPL3, MB.SNPL3]",MB,2,MB,3,LH.SNP,3,MB.SNP,3
1637856,mixed,mix->mix,mix,mix,1,2,1,83,1,1.0,4769,57.458,INP.MB,2,2,2,"[MBL2, MBL3] -> INP.MBL2 -> [MB.SNPL1, MB.SNPL3]",MB,2,MB,3,MB.SNP,1,MB.SNP,3
10699050,mixed,mix->LAT,mix,LAT,1,0,3,178,3,2.722,6617,37.174,INP.MB,3,2,2,"[MBL2, MBL3] -> INP.MBL3 -> [INP.SNPL3, SNPL3]",MB,2,MB,3,INP.SNP,3,SNP,3
8220060,mixed,mix->LAT,mix,LAT,1,0,3,178,3,2.235,6598,37.067,INP.MB,3,2,2,"[MBL2, MBL3] -> INP.MBL3 -> [INPL3, SNPL3]",MB,2,MB,3,INP,3,SNP,3
6969540,mixed,mix->mix,mix,mix,1,1,2,178,3,2.519,6488,36.449,INP.MB,3,2,2,"[MBL2, MBL3] -> INP.MBL3 -> [MB.SNPL2, SNPL3]",MB,2,MB,3,MB.SNP,2,SNP,3
6611070,mixed,mix->mix,mix,mix,1,1,2,178,3,1.66,6524,36.652,INP.MB,3,2,2,"[MBL2, MBL3] -> INP.MBL3 -> [INP.MBL2, SNPL3]",MB,2,MB,3,INP.MB,2,SNP,3
5872080,mixed,mix->mix,mix,mix,1,1,2,178,2,1.338,6813,38.275,INP.MB,3,2,2,"[MBL2, MBL3] -> INP.MBL3 -> [SNPL2, SNPL3]",MB,2,MB,3,SNP,2,SNP,3
4621560,mixed,mix->LAT,mix,LAT,1,0,3,178,2,1.44,6534,36.708,INP.MB,3,2,2,"[MBL2, MBL3] -> INP.MBL3 -> [MB.SNPL3, SNPL3]",MB,2,MB,3,MB.SNP,3,SNP,3
4547828,mixed,mix->LAT,mix,LAT,1,0,3,178,3,2.466,5008,28.135,INP.MB,3,2,2,"[MBL2, MBL3] -> INP.MBL3 -> [INPL3, INP.SNPL3]",MB,2,MB,3,INP,3,INP.SNP,3
3956970,mixed,mix->mix,mix,mix,1,1,2,178,2,1.971,6534,36.708,INP.MB,3,2,2,"[MBL2, MBL3] -> INP.MBL3 -> [LHL2, SNPL3]",MB,2,MB,3,LH,2,SNP,3
3922568,mixed,mix->mix,mix,mix,1,1,2,178,3,2.723,4898,27.517,INP.MB,3,2,2,"[MBL2, MBL3] -> INP.MBL3 -> [INP.SNPL3, MB.SNPL2]",MB,2,MB,3,INP.SNP,3,MB.SNP,2
3598500,mixed,mix->mix,mix,mix,1,1,2,178,3,2.874,6481,36.41,INP.MB,3,2,2,"[MBL2, MBL3] -> INP.MBL3 -> [INPL2, SNPL3]",MB,2,MB,3,INP,2,SNP,3
3524434,mixed,mix->mix,mix,mix,1,1,2,178,3,1.83,4934,27.719,INP.MB,3,2,2,"[MBL2, MBL3] -> INP.MBL3 -> [INP.MBL2, INP.SNPL3]",MB,2,MB,3,INP.MB,2,INP.SNP,3
3086636,mixed,mix->mix,mix,mix,1,1,2,178,3,1.482,4915,27.612,INP.MB,3,2,2,"[MBL2, MBL3] -> INP.MBL3 -> [INPL3, INP.MBL2]",MB,2,MB,3,INP,3,INP.MB,2
3081040,mixed,mix->mix,mix,mix,1,1,2,178,2,1.44,5223,29.343,INP.MB,3,2,2,"[MBL2, MBL3] -> INP.MBL3 -> [INP.SNPL3, SNPL2]",MB,2,MB,3,INP.SNP,3,SNP,2
3046972,mixed,mix->mix,mix,mix,1,1,2,178,3,2.208,4879,27.41,INP.MB,3,2,2,"[MBL2, MBL3] -> INP.MBL3 -> [INPL3, MB.SNPL2]",MB,2,MB,3,INP,3,MB.SNP,2
2859510,mixed,mix->mix,mix,mix,1,1,2,178,3,2.852,6521,36.635,INP.MB,3,2,2,"[MBL2, MBL3] -> INP.MBL3 -> [LH.SNPL2, SNPL3]",MB,2,MB,3,LH.SNP,2,SNP,3
2791040,mixed,mix->mix,mix,mix,1,1,2,178,2,1.229,5204,29.236,INP.MB,3,2,2,"[MBL2, MBL3] -> INP.MBL3 -> [INPL3, SNPL2]",MB,2,MB,3,INP,3,SNP,2
2646040,mixed,mix->BWD,mix,BWD,1,2,1,178,2,1.116,5130,28.82,INP.MB,3,2,2,"[MBL2, MBL3] -> INP.MBL3 -> [INP.MBL2, SNPL2]",MB,2,MB,3,INP.MB,2,SNP,2
2490182,mixed,mix->mix,mix,mix,1,1,2,178,2,1.991,4944,27.775,INP.MB,3,2,2,"[MBL2, MBL3] -> INP.MBL3 -> [INP.SNPL3, LHL2]",MB,2,MB,3,INP.SNP,3,LH,2
2461392,mixed,mix->BWD,mix,BWD,1,2,1,178,4,1.642,4805,26.994,INP.MB,3,2,2,"[MBL2, MBL3] -> INP.MBL3 -> [INP.MBL2, MB.SNPL2]",MB,2,MB,3,INP.MB,2,MB.SNP,2
2455780,mixed,mix->LAT,mix,LAT,1,0,3,178,2,1.564,4944,27.775,INP.MB,3,2,2,"[MBL2, MBL3] -> INP.MBL3 -> [INP.SNPL3, MB.SNPL3]",MB,2,MB,3,INP.SNP,3,MB.SNP,3
90,mixed,BWD->FWD,BWD,FWD,2,2,0,3,1,1.0,39600,13200.0,INP.OL,1,2,2,"[OLL2, OL.VMNPL2] -> INP.OLL1 -> [GNG.VMNPL2, VMNPL2]",OL,2,OL.VMNP,2,GNG.VMNP,2,VMNP,2
90,mixed,BWD->mix,BWD,mix,1,2,1,3,1,1.0,39609,13203.0,INP.OL,1,2,2,"[OLL2, OL.VMNPL2] -> INP.OLL1 -> [VMNPL1, VMNPL2]",OL,2,OL.VMNP,2,VMNP,1,VMNP,2
45,mixed,BWD->mix,BWD,mix,1,2,1,3,1,1.0,39241,13080.333,INP.OL,1,2,2,"[OLL2, OL.VMNPL2] -> INP.OLL1 -> [GNG.VMNPL2, VMNPL1]",OL,2,OL.VMNP,2,GNG.VMNP,2,VMNP,1
302226,mixed,mix->FWD,mix,FWD,2,1,1,13,3,1.043,71355,5488.846,INP.OL,2,2,2,"[OLL2, OLL3] -> INP.OLL2 -> [INP.VLNPL3, VLNPL3]",OL,2,OL,3,INP.VLNP,3,VLNP,3
295950,mixed,mix->FWD,mix,FWD,2,1,1,13,2,1.0,70691,5437.769,INP.OL,2,2,2,"[OLL2, OLL3] -> INP.OLL2 -> [INP.VLNPL3, MB.VLNPL3]",OL,2,OL,3,INP.VLNP,3,MB.VLNP,3
263869,mixed,mix->FWD,mix,FWD,2,1,1,13,3,1.006,72370,5566.923,INP.OL,2,2,2,"[OLL2, OLL3] -> INP.OLL2 -> [INP.VLNPL3, SNPL3]",OL,2,OL,3,INP.VLNP,3,SNP,3
242174,mixed,mix->FWD,mix,FWD,2,1,1,13,2,1.001,71252,5480.923,INP.OL,2,2,2,"[OLL2, OLL3] -> INP.OLL2 -> [MB.VLNPL3, VLNPL3]",OL,2,OL,3,MB.VLNP,3,VLNP,3
215403,mixed,mix->FWD,mix,FWD,2,1,1,13,2,1.002,72931,5610.077,INP.OL,2,2,2,"[OLL2, OLL3] -> INP.OLL2 -> [SNPL3, VLNPL3]",OL,2,OL,3,SNP,3,VLNP,3
215247,mixed,mix->FWD,mix,FWD,2,1,1,13,2,1.0,72267,5559.0,INP.OL,2,2,2,"[OLL2, OLL3] -> INP.OLL2 -> [MB.VLNPL3, SNPL3]",OL,2,OL,3,MB.VLNP,3,SNP,3
155781,mixed,mix->FWD,mix,FWD,2,1,1,13,3,2.552,72732,5594.769,INP.OL,2,2,2,"[OLL2, OLL3] -> INP.OLL2 -> [OL.VLNPL3, VLNPL3]",OL,2,OL,3,OL.VLNP,3,VLNP,3
98715,mixed,mix->FWD,mix,FWD,2,1,1,13,2,1.002,70752,5442.462,INP.OL,2,2,2,"[OLL2, OLL3] -> INP.OLL2 -> [INP.VLNPL3, SNP.VLNPL3]",OL,2,OL,3,INP.VLNP,3,SNP.VLNP,3
84532,mixed,mix->FWD,mix,FWD,2,1,1,13,3,1.865,71322,5486.308,INP.OL,2,2,2,"[OLL2, OLL3] -> INP.OLL2 -> [INPL3, VLNPL3]",OL,2,OL,3,INP,3,VLNP,3
80833,mixed,mix->FWD,mix,FWD,2,1,1,13,2,1.003,71313,5485.615,INP.OL,2,2,2,"[OLL2, OLL3] -> INP.OLL2 -> [SNP.VLNPL3, VLNPL3]",OL,2,OL,3,SNP.VLNP,3,VLNP,3
80729,mixed,mix->FWD,mix,FWD,2,1,1,13,2,1.001,70649,5434.538,INP.OL,2,2,2,"[OLL2, OLL3] -> INP.OLL2 -> [MB.VLNPL3, SNP.VLNPL3]",OL,2,OL,3,MB.VLNP,3,SNP.VLNP,3
73486,mixed,mix->FWD,mix,FWD,2,1,1,13,3,1.232,70761,5443.154,INP.OL,2,2,2,"[OLL2, OLL3] -> INP.OLL2 -> [INPL3, INP.VLNPL3]",OL,2,OL,3,INP,3,INP.VLNP,3
71814,mixed,mix->FWD,mix,FWD,2,1,1,13,2,1.002,72328,5563.692,INP.OL,2,2,2,"[OLL2, OLL3] -> INP.OLL2 -> [SNPL3, SNP.VLNPL3]",OL,2,OL,3,SNP,3,SNP.VLNP,3
67178,mixed,mix->FWD,mix,FWD,2,1,1,13,2,1.194,72138,5549.077,INP.OL,2,2,2,"[OLL2, OLL3] -> INP.OLL2 -> [INPL3, OL.VLNPL3]",OL,2,OL,3,INP,3,OL.VLNP,3
66118,mixed,mix->FWD,mix,FWD,2,1,1,13,2,1.011,71325,5486.538,INP.OL,2,2,2,"[OLL2, OLL3] -> INP.OLL2 -> [INP.VLNPL3, LH.SNPL3]",OL,2,OL,3,INP.VLNP,3,LH.SNP,3
65758,mixed,mix->mix,mix,mix,1,2,1,13,1,1.0,70652,5434.769,INP.OL,2,2,2,"[OLL2, OLL3] -> INP.OLL2 -> [INP.VLNPL3, OL.VLNPL1]",OL,2,OL,3,INP.VLNP,3,OL.VLNP,1
55381,mixed,mix->mix,mix,mix,1,1,2,13,4,2.643,71656,5512.0,INP.OL,2,2,2,"[OLL2, OLL3] -> INP.OLL2 -> [OL.VLNPL2, VLNPL3]",OL,2,OL,3,OL.VLNP,2,VLNP,3
53828,mixed,mix->FWD,mix,FWD,2,1,1,13,2,1.001,70658,5435.231,INP.OL,2,2,2,"[OLL2, OLL3] -> INP.OLL2 -> [INPL3, MB.VLNPL3]",OL,2,OL,3,INP,3,MB.VLNP,3
53802,mixed,mix->FWD,mix,FWD,2,1,1,13,1,1.0,71222,5478.615,INP.OL,2,2,2,"[OLL2, OLL3] -> INP.OLL2 -> [LH.SNPL3, MB.VLNPL3]",OL,2,OL,3,LH.SNP,3,MB.VLNP,3
53802,mixed,mix->FWD,mix,FWD,2,1,1,13,1,1.0,71886,5529.692,INP.OL,2,2,2,"[OLL2, OLL3] -> INP.OLL2 -> [LH.SNPL3, VLNPL3]",OL,2,OL,3,LH.SNP,3,VLNP,3
4704,mixed,mix->mix,mix,mix,1,1,2,24,1,1.0,71062,2960.917,INP.OL,3,2,2,"[OLL2, OLL3] -> INP.OLL3 -> [INPL3, OL.VLNPL2]",OL,2,OL,3,INP,3,OL.VLNP,2
4704,mixed,mix->mix,mix,mix,1,1,2,24,1,1.0,71095,2962.292,INP.OL,3,2,2,"[OLL2, OLL3] -> INP.OLL3 -> [INP.VLNPL3, OL.VLNPL2]",OL,2,OL,3,INP.VLNP,3,OL.VLNP,2
4704,mixed,mix->mix,mix,mix,1,1,2,24,1,1.0,72671,3027.958,INP.OL,3,2,2,"[OLL2, OLL3] -> INP.OLL3 -> [OL.VLNPL2, SNPL3]",OL,2,OL,3,OL.VLNP,2,SNP,3
3732,mixed,mix->LAT,mix,LAT,1,0,3,24,3,1.117,72337,3014.042,INP.OL,3,2,2,"[OLL2, OLL3] -> INP.OLL3 -> [INPL3, SNPL3]",OL,2,OL,3,INP,3,SNP,3
3528,mixed,mix->LAT,mix,LAT,1,0,3,24,1,1.0,70761,2948.375,INP.OL,3,2,2,"[OLL2, OLL3] -> INP.OLL3 -> [INPL3, INP.VLNPL3]",OL,2,OL,3,INP,3,INP.VLNP,3
3528,mixed,mix->LAT,mix,LAT,1,0,3,24,1,1.0,72370,3015.417,INP.OL,3,2,2,"[OLL2, OLL3] -> INP.OLL3 -> [INP.VLNPL3, SNPL3]",OL,2,OL,3,INP.VLNP,3,SNP,3
2484,mixed,mix->LAT,mix,LAT,1,0,3,24,4,3.119,71322,2971.75,INP.OL,3,2,2,"[OLL2, OLL3] -> INP.OLL3 -> [INPL3, VLNPL3]",OL,2,OL,3,INP,3,VLNP,3
2404,mixed,mix->LAT,mix,LAT,1,0,3,24,3,2.154,70747,2947.792,INP.OL,3,2,2,"[OLL2, OLL3] -> INP.OLL3 -> [INPL3, INP.SNPL3]",OL,2,OL,3,INP,3,INP.SNP,3
2016,mixed,mix->LAT,mix,LAT,1,0,3,24,3,2.31,70719,2946.625,INP.OL,3,2,2,"[OLL2, OLL3] -> INP.OLL3 -> [INPL3, SNP.VLNPL3]",OL,2,OL,3,INP,3,SNP.VLNP,3
1836,mixed,mix->LAT,mix,LAT,1,0,3,24,3,2.057,72931,3038.792,INP.OL,3,2,2,"[OLL2, OLL3] -> INP.OLL3 -> [SNPL3, VLNPL3]",OL,2,OL,3,SNP,3,VLNP,3
1568,mixed,mix->BWD,mix,BWD,1,2,1,24,1,1.0,70933,2955.542,INP.OL,3,2,2,"[OLL2, OLL3] -> INP.OLL3 -> [INP.SNPL2, OL.VLNPL2]",OL,2,OL,3,INP.SNP,2,OL.VLNP,2
1568,mixed,mix->BWD,mix,BWD,1,2,1,24,1,1.0,70914,2954.75,INP.OL,3,2,2,"[OLL2, OLL3] -> INP.OLL3 -> [OL.SNPL2, OL.VLNPL2]",OL,2,OL,3,OL.SNP,2,OL.VLNP,2
1568,mixed,mix->mix,mix,mix,1,1,2,24,1,1.0,71053,2960.542,INP.OL,3,2,2,"[OLL2, OLL3] -> INP.OLL3 -> [OL.VLNPL2, SNP.VLNPL3]",OL,2,OL,3,OL.VLNP,2,SNP.VLNP,3
1568,mixed,mix->mix,mix,mix,1,1,2,24,1,1.0,71656,2985.667,INP.OL,3,2,2,"[OLL2, OLL3] -> INP.OLL3 -> [OL.VLNPL2, VLNPL3]",OL,2,OL,3,OL.VLNP,2,VLNP,3
1344,mixed,LAT->mix,LAT,mix,0,1,3,24,1,1.0,33794,1408.083,INP.OL,3,2,2,"[OLL3, OL.VLNPL3] -> INP.OLL3 -> [INPL3, OL.VLNPL2]",OL,3,OL.VLNP,3,INP,3,OL.VLNP,2
1344,mixed,LAT->mix,LAT,mix,0,1,3,24,1,1.0,33827,1409.458,INP.OL,3,2,2,"[OLL3, OL.VLNPL3] -> INP.OLL3 -> [INP.VLNPL3, OL.VLNPL2]",OL,3,OL.VLNP,3,INP.VLNP,3,OL.VLNP,2
1344,mixed,LAT->mix,LAT,mix,0,1,3,24,1,1.0,35403,1475.125,INP.OL,3,2,2,"[OLL3, OL.VLNPL3] -> INP.OLL3 -> [OL.VLNPL2, SNPL3]",OL,3,OL.VLNP,3,OL.VLNP,2,SNP,3
1335,mixed,mix->LAT,mix,LAT,1,0,3,24,3,1.269,71355,2973.125,INP.OL,3,2,2,"[OLL2, OLL3] -> INP.OLL3 -> [INP.VLNPL3, VLNPL3]",OL,2,OL,3,INP.VLNP,3,VLNP,3
1312,mixed,mix->LAT,mix,LAT,1,0,3,24,2,1.082,33993,1416.375,INP.OL,3,2,2,"[OLL3, OL.VLNPL2] -> INP.OLL3 -> [INPL3, SNPL3]",OL,3,OL.VLNP,2,INP,3,SNP,3
1260,mixed,mix->LAT,mix,LAT,1,0,3,24,1,1.0,32417,1350.708,INP.OL,3,2,2,"[OLL3, OL.VLNPL2] -> INP.OLL3 -> [INPL3, INP.VLNPL3]",OL,3,OL.VLNP,2,INP,3,INP.VLNP,3
1430,mixed,BWD->mix,BWD,mix,1,2,1,3,2,1.758,3517,1172.333,INP.PENP,2,2,2,"[LXL3, SNPL3] -> INP.PENPL2 -> [GNGL2, GNGL3]",LX,3,SNP,3,GNG,2,GNG,3
1185,mixed,mix->mix,mix,mix,1,1,2,3,2,1.891,3535,1178.333,INP.PENP,2,2,2,"[LXL2, SNPL3] -> INP.PENPL2 -> [GNGL2, GNGL3]",LX,2,SNP,3,GNG,2,GNG,3
1160,mixed,BWD->mix,BWD,mix,1,2,1,3,2,1.355,2763,921.0,INP.PENP,2,2,2,"[LXL3, SNPL3] -> INP.PENPL2 -> [GNGL2, GNG.PENPL3]",LX,3,SNP,3,GNG,2,GNG.PENP,3
1160,mixed,BWD->FWD,BWD,FWD,2,2,0,3,2,1.355,2821,940.333,INP.PENP,2,2,2,"[LXL3, SNPL3] -> INP.PENPL2 -> [GNGL3, GNG.PENPL3]",LX,3,SNP,3,GNG,3,GNG.PENP,3
940,mixed,mix->mix,mix,mix,1,1,2,3,2,1.996,3525,1175.0,INP.PENP,2,2,2,"[INP.MBL2, SNPL3] -> INP.PENPL2 -> [GNGL2, GNGL3]",INP.MB,2,SNP,3,GNG,2,GNG,3
940,mixed,mix->mix,mix,mix,1,1,2,3,2,1.996,3814,1271.333,INP.PENP,2,2,2,"[SNPL2, SNPL3] -> INP.PENPL2 -> [GNGL2, GNGL3]",SNP,2,SNP,3,GNG,2,GNG,3
915,mixed,mix->mix,mix,mix,1,1,2,3,2,1.462,2781,927.0,INP.PENP,2,2,2,"[LXL2, SNPL3] -> INP.PENPL2 -> [GNGL2, GNG.PENPL3]",LX,2,SNP,3,GNG,2,GNG.PENP,3
915,mixed,mix->FWD,mix,FWD,2,1,1,3,2,1.462,2839,946.333,INP.PENP,2,2,2,"[LXL2, SNPL3] -> INP.PENPL2 -> [GNGL3, GNG.PENPL3]",LX,2,SNP,3,GNG,3,GNG.PENP,3
820,mixed,BWD->mix,BWD,mix,1,2,1,3,2,1.817,3311,1103.667,INP.PENP,2,2,2,"[LXL3, SNPL3] -> INP.PENPL2 -> [GNGL2, PENPL3]",LX,3,SNP,3,GNG,2,PENP,3
820,mixed,BWD->FWD,BWD,FWD,2,2,0,3,2,1.817,3369,1123.0,INP.PENP,2,2,2,"[LXL3, SNPL3] -> INP.PENPL2 -> [GNGL3, PENPL3]",LX,3,SNP,3,GNG,3,PENP,3
813,mixed,mix->mix,mix,mix,1,1,2,3,2,1.668,1844,614.667,INP.PENP,2,2,2,"[LXL2, LXL3] -> INP.PENPL2 -> [GNGL2, GNGL3]",LX,2,LX,3,GNG,2,GNG,3
790,mixed,BWD->mix,BWD,mix,1,2,1,3,2,1.891,3599,1199.667,INP.PENP,2,2,2,"[INPL3, SNPL3] -> INP.PENPL2 -> [GNGL2, GNGL3]",INP,3,SNP,3,GNG,2,GNG,3
790,mixed,BWD->mix,BWD,mix,1,2,1,3,2,1.891,3618,1206.0,INP.PENP,2,2,2,"[INP.SNPL3, SNPL3] -> INP.PENPL2 -> [GNGL2, GNGL3]",INP.SNP,3,SNP,3,GNG,2,GNG,3
750,mixed,mix->mix,mix,mix,1,1,2,3,2,1.676,3329,1109.667,INP.PENP,2,2,2,"[LXL2, SNPL3] -> INP.PENPL2 -> [GNGL2, PENPL3]",LX,2,SNP,3,GNG,2,PENP,3
750,mixed,mix->FWD,mix,FWD,2,1,1,3,2,1.676,3387,1129.0,INP.PENP,2,2,2,"[LXL2, SNPL3] -> INP.PENPL2 -> [GNGL3, PENPL3]",LX,2,SNP,3,GNG,3,PENP,3
680,mixed,mix->mix,mix,mix,1,1,2,3,2,1.486,3319,1106.333,INP.PENP,2,2,2,"[INP.MBL2, SNPL3] -> INP.PENPL2 -> [GNGL2, PENPL3]",INP.MB,2,SNP,3,GNG,2,PENP,3
680,mixed,mix->FWD,mix,FWD,2,1,1,3,2,1.486,3377,1125.667,INP.PENP,2,2,2,"[INP.MBL2, SNPL3] -> INP.PENPL2 -> [GNGL3, PENPL3]",INP.MB,2,SNP,3,GNG,3,PENP,3
680,mixed,mix->mix,mix,mix,1,1,2,3,2,1.486,3608,1202.667,INP.PENP,2,2,2,"[SNPL2, SNPL3] -> INP.PENPL2 -> [GNGL2, PENPL3]",SNP,2,SNP,3,GNG,2,PENP,3
680,mixed,mix->FWD,mix,FWD,2,1,1,3,2,1.486,3666,1222.0,INP.PENP,2,2,2,"[SNPL2, SNPL3] -> INP.PENPL2 -> [GNGL3, PENPL3]",SNP,2,SNP,3,GNG,3,PENP,3
678,mixed,mix->mix,mix,mix,1,1,2,3,2,1.299,1090,363.333,INP.PENP,2,2,2,"[LXL2, LXL3] -> INP.PENPL2 -> [GNGL2, GNG.PENPL3]",LX,2,LX,3,GNG,2,GNG.PENP,3
32,mixed,mix->LAT,mix,LAT,1,0,3,7,1,1.0,2811,401.571,INP.PENP,3,2,2,"[GNGL2, PENP.VLNPL3] -> INP.PENPL3 -> [PENP.SNPL3, SNPL3]",GNG,2,PENP.VLNP,3,PENP.SNP,3,SNP,3
32,pure_LAT,LAT->LAT,LAT,LAT,0,0,4,7,1,1.0,2869,409.857,INP.PENP,3,2,2,"[GNGL3, PENP.VLNPL3] -> INP.PENPL3 -> [PENP.SNPL3, SNPL3]",GNG,3,PENP.VLNP,3,PENP.SNP,3,SNP,3
32,pure_LAT,LAT->LAT,LAT,LAT,0,0,4,7,1,1.0,2115,302.143,INP.PENP,3,2,2,"[GNG.PENPL3, PENP.VLNPL3] -> INP.PENPL3 -> [PENP.SNPL3, SNPL3]",GNG.PENP,3,PENP.VLNP,3,PENP.SNP,3,SNP,3
32,mixed,mix->LAT,mix,LAT,1,0,3,7,1,1.0,2023,289.0,INP.PENP,3,2,2,"[GNG.VLNPL2, PENP.VLNPL3] -> INP.PENPL3 -> [PENP.SNPL3, SNPL3]",GNG.VLNP,2,PENP.VLNP,3,PENP.SNP,3,SNP,3
32,pure_LAT,LAT->LAT,LAT,LAT,0,0,4,7,1,1.0,2159,308.429,INP.PENP,3,2,2,"[INPL3, PENP.VLNPL3] -> INP.PENPL3 -> [PENP.SNPL3, SNPL3]",INP,3,PENP.VLNP,3,PENP.SNP,3,SNP,3
32,mixed,mix->LAT,mix,LAT,1,0,3,7,1,1.0,2374,339.143,INP.PENP,3,2,2,"[PENP.VLNPL3, SNPL2] -> INP.PENPL3 -> [PENP.SNPL3, SNPL3]",PENP.VLNP,3,SNP,2,PENP.SNP,3,SNP,3
32,mixed,mix->LAT,mix,LAT,1,0,3,7,1,1.0,2073,296.143,INP.PENP,3,2,2,"[PENP.VLNPL3, SNP.VLNPL2] -> INP.PENPL3 -> [PENP.SNPL3, SNPL3]",PENP.VLNP,3,SNP.VLNP,2,PENP.SNP,3,SNP,3
32,mixed,mix->LAT,mix,LAT,1,0,3,7,1,1.0,2362,337.429,INP.PENP,3,2,2,"[PENP.VLNPL3, VLNPL2] -> INP.PENPL3 -> [PENP.SNPL3, SNPL3]",PENP.VLNP,3,VLNP,2,PENP.SNP,3,SNP,3
32,pure_LAT,LAT->LAT,LAT,LAT,0,0,4,7,1,1.0,2753,393.286,INP.PENP,3,2,2,"[PENP.VLNPL3, VLNPL3] -> INP.PENPL3 -> [PENP.SNPL3, SNPL3]",PENP.VLNP,3,VLNP,3,PENP.SNP,3,SNP,3
24,mixed,mix->mix,mix,mix,1,1,2,7,1,1.0,1098,156.857,INP.PENP,3,2,2,"[INP.SNPL3, VLNPL2] -> INP.PENPL3 -> [INP.VLNPL3, SNPL2]",INP.SNP,3,VLNP,2,INP.VLNP,3,SNP,2
24,mixed,mix->BWD,mix,BWD,1,2,1,7,1,1.0,914,130.571,INP.PENP,3,2,2,"[INP.SNPL3, VLNPL2] -> INP.PENPL3 -> [INP.VMNPL2, SNPL2]",INP.SNP,3,VLNP,2,INP.VMNP,2,SNP,2
24,mixed,mix->mix,mix,mix,1,1,2,7,1,1.0,967,138.143,INP.PENP,3,2,2,"[INP.SNPL3, VLNPL2] -> INP.PENPL3 -> [INP.VMNPL3, SNPL2]",INP.SNP,3,VLNP,2,INP.VMNP,3,SNP,2
24,mixed,mix->mix,mix,mix,1,1,2,7,1,1.0,2674,382.0,INP.PENP,3,2,2,"[INP.SNPL3, VLNPL2] -> INP.PENPL3 -> [SNPL2, SNPL3]",INP.SNP,3,VLNP,2,SNP,2,SNP,3
24,mixed,mix->mix,mix,mix,1,1,2,7,1,1.0,1659,237.0,INP.PENP,3,2,2,"[INP.SNPL3, VLNPL2] -> INP.PENPL3 -> [SNPL2, VLNPL3]",INP.SNP,3,VLNP,2,SNP,2,VLNP,3
16,mixed,mix->LAT,mix,LAT,1,0,3,7,1,1.0,3603,514.714,INP.PENP,3,2,2,"[GNGL2, GNGL3] -> INP.PENPL3 -> [PENP.SNPL3, SNPL3]",GNG,2,GNG,3,PENP.SNP,3,SNP,3
16,mixed,mix->LAT,mix,LAT,1,0,3,7,1,1.0,2849,407.0,INP.PENP,3,2,2,"[GNGL2, GNG.PENPL3] -> INP.PENPL3 -> [PENP.SNPL3, SNPL3]",GNG,2,GNG.PENP,3,PENP.SNP,3,SNP,3
16,mixed,FWD->LAT,FWD,LAT,2,0,2,7,1,1.0,2757,393.857,INP.PENP,3,2,2,"[GNGL2, GNG.VLNPL2] -> INP.PENPL3 -> [PENP.SNPL3, SNPL3]",GNG,2,GNG.VLNP,2,PENP.SNP,3,SNP,3
16,mixed,mix->LAT,mix,LAT,1,0,3,7,1,1.0,2893,413.286,INP.PENP,3,2,2,"[GNGL2, INPL3] -> INP.PENPL3 -> [PENP.SNPL3, SNPL3]",GNG,2,INP,3,PENP.SNP,3,SNP,3
16,mixed,FWD->LAT,FWD,LAT,2,0,2,7,1,1.0,3108,444.0,INP.PENP,3,2,2,"[GNGL2, SNPL2] -> INP.PENPL3 -> [PENP.SNPL3, SNPL3]",GNG,2,SNP,2,PENP.SNP,3,SNP,3
16,mixed,FWD->LAT,FWD,LAT,2,0,2,7,1,1.0,2807,401.0,INP.PENP,3,2,2,"[GNGL2, SNP.VLNPL2] -> INP.PENPL3 -> [PENP.SNPL3, SNPL3]",GNG,2,SNP.VLNP,2,PENP.SNP,3,SNP,3
112,mixed,BWD->FWD,BWD,FWD,2,2,0,4,2,1.96,582,145.5,INP.SNP,1,2,2,"[PENP.SNPL2, SNPL2] -> INP.SNPL1 -> [INPL2, INP.MBL2]",PENP.SNP,2,SNP,2,INP,2,INP.MB,2
80,mixed,BWD->FWD,BWD,FWD,2,2,0,4,2,1.471,592,148.0,INP.SNP,1,2,2,"[PENP.SNPL2, SNPL2] -> INP.SNPL1 -> [INPL2, LHL2]",PENP.SNP,2,SNP,2,INP,2,LH,2
64,mixed,BWD->FWD,BWD,FWD,2,2,0,4,1,1.0,523,130.75,INP.SNP,1,2,2,"[INP.SNPL2, SNPL2] -> INP.SNPL1 -> [INPL2, INP.MBL2]",INP.SNP,2,SNP,2,INP,2,INP.MB,2
64,mixed,BWD->FWD,BWD,FWD,2,2,0,4,1,1.0,533,133.25,INP.SNP,1,2,2,"[INP.SNPL2, SNPL2] -> INP.SNPL1 -> [INPL2, LHL2]",INP.SNP,2,SNP,2,INP,2,LH,2
64,mixed,BWD->FWD,BWD,FWD,2,2,0,4,1,1.0,588,147.0,INP.SNP,1,2,2,"[LHL2, SNPL2] -> INP.SNPL1 -> [INPL2, INP.MBL2]",LH,2,SNP,2,INP,2,INP.MB,2
64,mixed,mix->FWD,mix,FWD,2,1,1,4,1,1.0,502,125.5,INP.SNP,1,2,2,"[SNPL2, SNP.VLNPL1] -> INP.SNPL1 -> [INPL2, INP.MBL2]",SNP,2,SNP.VLNP,1,INP,2,INP.MB,2
64,mixed,mix->FWD,mix,FWD,2,1,1,4,1,1.0,512,128.0,INP.SNP,1,2,2,"[SNPL2, SNP.VLNPL1] -> INP.SNPL1 -> [INPL2, LHL2]",SNP,2,SNP.VLNP,1,INP,2,LH,2
44,mixed,BWD->FWD,BWD,FWD,2,2,0,4,2,1.658,635,158.75,INP.SNP,1,2,2,"[PENP.SNPL2, SNPL2] -> INP.SNPL1 -> [INP.MBL2, LHL2]",PENP.SNP,2,SNP,2,INP.MB,2,LH,2
32,mixed,BWD->FWD,BWD,FWD,2,2,0,4,1,1.0,588,147.0,INP.SNP,1,2,2,"[INPL2, SNPL2] -> INP.SNPL1 -> [INP.MBL2, LHL2]",INP,2,SNP,2,INP.MB,2,LH,2
32,mixed,BWD->mix,BWD,mix,1,2,1,4,1,1.0,443,110.75,INP.SNP,1,2,2,"[INP.SNPL2, SNPL2] -> INP.SNPL1 -> [INPL2, INP.LHL1]",INP.SNP,2,SNP,2,INP,2,INP.LH,1
32,mixed,BWD->FWD,BWD,FWD,2,2,0,4,1,1.0,445,111.25,INP.SNP,1,2,2,"[INP.SNPL2, SNPL2] -> INP.SNPL1 -> [INPL2, INP.LXL2]",INP.SNP,2,SNP,2,INP,2,INP.LX,2
32,mixed,BWD->FWD,BWD,FWD,2,2,0,4,1,1.0,576,144.0,INP.SNP,1,2,2,"[INP.SNPL2, SNPL2] -> INP.SNPL1 -> [INP.MBL2, LHL2]",INP.SNP,2,SNP,2,INP.MB,2,LH,2
32,mixed,BWD->mix,BWD,mix,1,2,1,4,1,1.0,508,127.0,INP.SNP,1,2,2,"[LHL2, SNPL2] -> INP.SNPL1 -> [INPL2, INP.LHL1]",LH,2,SNP,2,INP,2,INP.LH,1
32,mixed,BWD->FWD,BWD,FWD,2,2,0,4,1,1.0,510,127.5,INP.SNP,1,2,2,"[LHL2, SNPL2] -> INP.SNPL1 -> [INPL2, INP.LXL2]",LH,2,SNP,2,INP,2,INP.LX,2
32,mixed,BWD->mix,BWD,mix,1,2,1,4,1,1.0,502,125.5,INP.SNP,1,2,2,"[PENP.SNPL2, SNPL2] -> INP.SNPL1 -> [INPL2, INP.LHL1]",PENP.SNP,2,SNP,2,INP,2,INP.LH,1
32,mixed,BWD->FWD,BWD,FWD,2,2,0,4,1,1.0,504,126.0,INP.SNP,1,2,2,"[PENP.SNPL2, SNPL2] -> INP.SNPL1 -> [INPL2, INP.LXL2]",PENP.SNP,2,SNP,2,INP,2,INP.LX,2
32,mixed,mix->mix,mix,mix,1,1,2,4,1,1.0,422,105.5,INP.SNP,1,2,2,"[SNPL2, SNP.VLNPL1] -> INP.SNPL1 -> [INPL2, INP.LHL1]",SNP,2,SNP.VLNP,1,INP,2,INP.LH,1
32,mixed,mix->FWD,mix,FWD,2,1,1,4,1,1.0,424,106.0,INP.SNP,1,2,2,"[SNPL2, SNP.VLNPL1] -> INP.SNPL1 -> [INPL2, INP.LXL2]",SNP,2,SNP.VLNP,1,INP,2,INP.LX,2
32,mixed,mix->FWD,mix,FWD,2,1,1,4,1,1.0,555,138.75,INP.SNP,1,2,2,"[SNPL2, SNP.VLNPL1] -> INP.SNPL1 -> [INP.MBL2, LHL2]",SNP,2,SNP.VLNP,1,INP.MB,2,LH,2
16,mixed,BWD->mix,BWD,mix,1,2,1,4,1,1.0,498,124.5,INP.SNP,1,2,2,"[INPL2, SNPL2] -> INP.SNPL1 -> [INP.LHL1, INP.MBL2]",INP,2,SNP,2,INP.LH,1,INP.MB,2
1924,mixed,BWD->mix,BWD,mix,1,2,1,28,2,1.004,2139,76.393,INP.SNP,2,2,2,"[INPL3, SNPL3] -> INP.SNPL2 -> [INPL2, INP.SNPL3]",INP,3,SNP,3,INP,2,INP.SNP,3
1736,mixed,BWD->mix,BWD,mix,1,2,1,28,3,1.067,2139,76.393,INP.SNP,2,2,2,"[INP.SNPL3, SNPL3] -> INP.SNPL2 -> [INPL2, INPL3]",INP.SNP,3,SNP,3,INP,2,INP,3
1020,mixed,mix->FWD,mix,FWD,2,1,1,28,2,1.024,2139,76.393,INP.SNP,2,2,2,"[INPL2, SNPL3] -> INP.SNPL2 -> [INPL3, INP.SNPL3]",INP,2,SNP,3,INP,3,INP.SNP,3
972,mixed,BWD->mix,BWD,mix,1,2,1,28,2,1.025,2056,73.429,INP.SNP,2,2,2,"[INPL3, SNPL3] -> INP.SNPL2 -> [INPL2, MB.SNPL3]",INP,3,SNP,3,INP,2,MB.SNP,3
960,mixed,BWD->LAT,BWD,LAT,0,2,2,28,1,1.0,2056,73.429,INP.SNP,2,2,2,"[INPL3, SNPL3] -> INP.SNPL2 -> [INPL2, LHL2]",INP,3,SNP,3,INP,2,LH,2
960,mixed,BWD->mix,BWD,mix,1,2,1,28,1,1.0,2192,78.286,INP.SNP,2,2,2,"[INPL3, SNPL3] -> INP.SNPL2 -> [INP.SNPL3, LHL2]",INP,3,SNP,3,INP.SNP,3,LH,2
960,mixed,BWD->FWD,BWD,FWD,2,2,0,28,1,1.0,2192,78.286,INP.SNP,2,2,2,"[INPL3, SNPL3] -> INP.SNPL2 -> [INP.SNPL3, MB.SNPL3]",INP,3,SNP,3,INP.SNP,3,MB.SNP,3
864,mixed,BWD->FWD,BWD,FWD,2,2,0,28,2,1.057,2192,78.286,INP.SNP,2,2,2,"[INP.SNPL3, SNPL3] -> INP.SNPL2 -> [INPL3, MB.SNPL3]",INP.SNP,3,SNP,3,INP,3,MB.SNP,3
840,mixed,BWD->mix,BWD,mix,1,2,1,28,1,1.0,2192,78.286,INP.SNP,2,2,2,"[INP.SNPL3, SNPL3] -> INP.SNPL2 -> [INPL3, LHL2]",INP.SNP,3,SNP,3,INP,3,LH,2
716,mixed,mix->FWD,mix,FWD,2,1,1,28,3,1.132,2471,88.25,INP.SNP,2,2,2,"[SNPL2, SNPL3] -> INP.SNPL2 -> [INPL3, INP.SNPL3]",SNP,2,SNP,3,INP,3,INP.SNP,3
710,mixed,mix->mix,mix,mix,1,1,2,28,3,1.114,2335,83.393,INP.SNP,2,2,2,"[SNPL2, SNPL3] -> INP.SNPL2 -> [INPL2, INPL3]",SNP,2,SNP,3,INP,2,INP,3
660,mixed,mix->mix,mix,mix,1,1,2,28,2,1.037,2786,99.5,INP.SNP,2,2,2,"[INPL3, OL.VLNPL2] -> INP.SNPL2 -> [SNPL2, SNPL3]",INP,3,OL.VLNP,2,SNP,2,SNP,3
612,mixed,BWD->LAT,BWD,LAT,0,2,2,28,3,1.529,2335,83.393,INP.SNP,2,2,2,"[INPL3, SNPL3] -> INP.SNPL2 -> [INPL2, SNPL2]",INP,3,SNP,3,INP,2,SNP,2
578,mixed,mix->FWD,mix,FWD,2,1,1,28,3,1.376,2388,85.286,INP.SNP,2,2,2,"[INPL3, SNPL2] -> INP.SNPL2 -> [MB.SNPL3, SNPL3]",INP,3,SNP,2,MB.SNP,3,SNP,3
548,mixed,BWD->mix,BWD,mix,1,2,1,28,4,1.633,2471,88.25,INP.SNP,2,2,2,"[INP.SNPL3, SNPL3] -> INP.SNPL2 -> [INPL3, SNPL2]",INP.SNP,3,SNP,3,INP,3,SNP,2
504,mixed,mix->mix,mix,mix,1,1,2,28,1,1.0,2056,73.429,INP.SNP,2,2,2,"[INPL2, SNPL3] -> INP.SNPL2 -> [INPL3, LHL2]",INP,2,SNP,3,INP,3,LH,2
504,mixed,mix->FWD,mix,FWD,2,1,1,28,1,1.0,2056,73.429,INP.SNP,2,2,2,"[INPL2, SNPL3] -> INP.SNPL2 -> [INPL3, MB.SNPL3]",INP,2,SNP,3,INP,3,MB.SNP,3
504,mixed,BWD->LAT,BWD,LAT,0,2,2,28,2,1.1,1968,70.286,INP.SNP,2,2,2,"[INPL3, SNPL3] -> INP.SNPL2 -> [INPL2, INP.LXL2]",INP,3,SNP,3,INP,2,INP.LX,2
504,mixed,BWD->mix,BWD,mix,1,2,1,28,2,1.1,2471,88.25,INP.SNP,2,2,2,"[INPL3, SNPL3] -> INP.SNPL2 -> [INP.SNPL3, SNPL2]",INP,3,SNP,3,INP.SNP,3,SNP,2
498,mixed,mix->FWD,mix,FWD,2,1,1,28,2,1.049,2507,89.536,INP.SNP,2,2,2,"[INPL3, OL.VLNPL2] -> INP.SNPL2 -> [MB.SNPL3, SNPL3]",INP,3,OL.VLNP,2,MB.SNP,3,SNP,3
8640,pure_LAT,LAT->LAT,LAT,LAT,0,0,4,176,1,1.0,3395,19.29,INP.SNP,3,2,2,"[LH.SNPL3, SNPL3] -> INP.SNPL3 -> [INPL3, VLNPL3]",LH.SNP,3,SNP,3,INP,3,VLNP,3
7203,mixed,LAT->mix,LAT,mix,0,1,3,176,2,1.001,3004,17.068,INP.SNP,3,2,2,"[LH.SNPL3, SNPL3] -> INP.SNPL3 -> [INPL3, VLNPL2]",LH.SNP,3,SNP,3,INP,3,VLNP,2
7200,mixed,LAT->mix,LAT,mix,0,1,3,176,1,1.0,3016,17.136,INP.SNP,3,2,2,"[LH.SNPL3, SNPL3] -> INP.SNPL3 -> [INPL3, SNPL2]",LH.SNP,3,SNP,3,INP,3,SNP,2
5760,pure_LAT,LAT->LAT,LAT,LAT,0,0,4,176,1,1.0,4211,23.926,INP.SNP,3,2,2,"[LH.SNPL3, SNPL3] -> INP.SNPL3 -> [INPL3, OL.VLNPL3]",LH.SNP,3,SNP,3,INP,3,OL.VLNP,3
5419,mixed,LAT->mix,LAT,mix,0,1,3,176,3,1.007,3598,20.443,INP.SNP,3,2,2,"[LH.SNPL3, SNPL3] -> INP.SNPL3 -> [VLNPL2, VLNPL3]",LH.SNP,3,SNP,3,VLNP,2,VLNP,3
5415,mixed,LAT->mix,LAT,mix,0,1,3,176,2,1.006,3610,20.511,INP.SNP,3,2,2,"[LH.SNPL3, SNPL3] -> INP.SNPL3 -> [SNPL2, VLNPL3]",LH.SNP,3,SNP,3,SNP,2,VLNP,3
5040,pure_LAT,LAT->LAT,LAT,LAT,0,0,4,176,1,1.0,3395,19.29,INP.SNP,3,2,2,"[LH.SNPL3, VLNPL3] -> INP.SNPL3 -> [INPL3, SNPL3]",LH.SNP,3,VLNP,3,INP,3,SNP,3
4515,mixed,LAT->BWD,LAT,BWD,0,2,2,176,2,1.007,3219,18.29,INP.SNP,3,2,2,"[LH.SNPL3, SNPL3] -> INP.SNPL3 -> [SNPL2, VLNPL2]",LH.SNP,3,SNP,3,SNP,2,VLNP,2
4336,pure_LAT,LAT->LAT,LAT,LAT,0,0,4,176,4,1.007,2834,16.102,INP.SNP,3,2,2,"[LH.SNPL3, SNPL3] -> INP.SNPL3 -> [INPL3, INP.VLNPL3]",LH.SNP,3,SNP,3,INP,3,INP.VLNP,3
4323,pure_LAT,LAT->LAT,LAT,LAT,0,0,4,176,2,1.001,2792,15.864,INP.SNP,3,2,2,"[LH.SNPL3, SNPL3] -> INP.SNPL3 -> [INPL3, SNP.VLNPL3]",LH.SNP,3,SNP,3,INP,3,SNP.VLNP,3
4320,mixed,LAT->mix,LAT,mix,0,1,3,176,1,1.0,3135,17.812,INP.SNP,3,2,2,"[LH.SNPL3, SNPL3] -> INP.SNPL3 -> [INPL3, OL.VLNPL2]",LH.SNP,3,SNP,3,INP,3,OL.VLNP,2
4320,pure_LAT,LAT->LAT,LAT,LAT,0,0,4,176,1,1.0,4805,27.301,INP.SNP,3,2,2,"[LH.SNPL3, SNPL3] -> INP.SNPL3 -> [OL.VLNPL3, VLNPL3]",LH.SNP,3,SNP,3,OL.VLNP,3,VLNP,3
3600,mixed,LAT->mix,LAT,mix,0,1,3,176,1,1.0,4426,25.148,INP.SNP,3,2,2,"[LH.SNPL3, SNPL3] -> INP.SNPL3 -> [OL.VLNPL3, SNPL2]",LH.SNP,3,SNP,3,OL.VLNP,3,SNP,2
3600,mixed,LAT->mix,LAT,mix,0,1,3,176,1,1.0,4414,25.08,INP.SNP,3,2,2,"[LH.SNPL3, SNPL3] -> INP.SNPL3 -> [OL.VLNPL3, VLNPL2]",LH.SNP,3,SNP,3,OL.VLNP,3,VLNP,2
3600,mixed,LAT->mix,LAT,mix,0,1,3,176,1,1.0,2001,11.369,INP.SNP,3,2,2,"[LH.SNPL3, VLNPL3] -> INP.SNPL3 -> [INPL3, SNPL2]",LH.SNP,3,VLNP,3,INP,3,SNP,2
3600,mixed,LAT->mix,LAT,mix,0,1,3,176,1,1.0,1989,11.301,INP.SNP,3,2,2,"[LH.SNPL3, VLNPL3] -> INP.SNPL3 -> [INPL3, VLNPL2]",LH.SNP,3,VLNP,3,INP,3,VLNP,2
3378,pure_LAT,LAT->LAT,LAT,LAT,0,0,4,176,2,1.011,2792,15.864,INP.SNP,3,2,2,"[LH.SNPL3, SNP.VLNPL3] -> INP.SNPL3 -> [INPL3, SNPL3]",LH.SNP,3,SNP.VLNP,3,INP,3,SNP,3
3330,mixed,LAT->mix,LAT,mix,0,1,3,176,2,1.114,3610,20.511,INP.SNP,3,2,2,"[LH.SNPL3, VLNPL3] -> INP.SNPL3 -> [SNPL2, SNPL3]",LH.SNP,3,VLNP,3,SNP,2,SNP,3
3256,mixed,LAT->mix,LAT,mix,0,1,3,176,2,1.01,3729,21.188,INP.SNP,3,2,2,"[LH.SNPL3, SNPL3] -> INP.SNPL3 -> [OL.VLNPL2, VLNPL3]",LH.SNP,3,SNP,3,OL.VLNP,2,VLNP,3
3243,pure_LAT,LAT->LAT,LAT,LAT,0,0,4,176,2,1.002,3428,19.477,INP.SNP,3,2,2,"[LH.SNPL3, SNPL3] -> INP.SNPL3 -> [INP.VLNPL3, VLNPL3]",LH.SNP,3,SNP,3,INP.VLNP,3,VLNP,3
44,mixed,BWD->FWD,BWD,FWD,2,2,0,4,1,1.0,881,220.25,INP.VLNP,1,2,2,"[OL.VLNPL2, VLNPL2] -> INP.VLNPL1 -> [CXL2, CX.VLNPL2]",OL.VLNP,2,VLNP,2,CX,2,CX.VLNP,2
33,mixed,mix->FWD,mix,FWD,2,1,1,4,1,1.0,569,142.25,INP.VLNP,1,2,2,"[OL.VLNPL1, OL.VLNPL2] -> INP.VLNPL1 -> [CXL2, CX.VLNPL2]",OL.VLNP,1,OL.VLNP,2,CX,2,CX.VLNP,2
12,mixed,mix->FWD,mix,FWD,2,1,1,4,1,1.0,438,109.5,INP.VLNP,1,2,2,"[OL.VLNPL1, VLNPL2] -> INP.VLNPL1 -> [CXL2, CX.VLNPL2]",OL.VLNP,1,VLNP,2,CX,2,CX.VLNP,2
11,mixed,BWD->FWD,BWD,FWD,2,2,0,4,1,1.0,893,223.25,INP.VLNP,1,2,2,"[OL.VLNPL2, SNPL2] -> INP.VLNPL1 -> [CXL2, CX.VLNPL2]",OL.VLNP,2,SNP,2,CX,2,CX.VLNP,2
11,mixed,BWD->FWD,BWD,FWD,2,2,0,4,1,1.0,592,148.0,INP.VLNP,1,2,2,"[OL.VLNPL2, SNP.VLNPL2] -> INP.VLNPL1 -> [CXL2, CX.VLNPL2]",OL.VLNP,2,SNP.VLNP,2,CX,2,CX.VLNP,2
1335,mixed,BWD->mix,BWD,mix,1,2,1,40,2,1.196,1773,44.325,INP.VLNP,2,2,2,"[VLNPL3, VMNPL3] -> INP.VLNPL2 -> [INPL3, OL.VLNPL2]",VLNP,3,VMNP,3,INP,3,OL.VLNP,2
1305,mixed,mix->mix,mix,mix,1,1,2,40,2,1.147,1476,36.9,INP.VLNP,2,2,2,"[PENP.VMNPL2, VLNPL3] -> INP.VLNPL2 -> [INPL3, OL.VLNPL2]",PENP.VMNP,2,VLNP,3,INP,3,OL.VLNP,2
1122,mixed,BWD->mix,BWD,mix,1,2,1,40,2,1.301,1541,38.525,INP.VLNP,2,2,2,"[VLNPL3, VLNP.VMNPL3] -> INP.VLNPL2 -> [INPL3, OL.VLNPL2]",VLNP,3,VLNP.VMNP,3,INP,3,OL.VLNP,2
1020,mixed,mix->FWD,mix,FWD,2,1,1,40,2,1.262,1359,33.975,INP.VLNP,2,2,2,"[PENP.VMNPL2, VMNPL3] -> INP.VLNPL2 -> [INPL3, VLNPL3]",PENP.VMNP,2,VMNP,3,INP,3,VLNP,3
939,mixed,mix->mix,mix,mix,1,1,2,40,2,1.532,1872,46.8,INP.VLNP,2,2,2,"[VLNPL3, VMNPL2] -> INP.VLNPL2 -> [INPL3, OL.VLNPL2]",VLNP,3,VMNP,2,INP,3,OL.VLNP,2
920,mixed,BWD->FWD,BWD,FWD,2,2,0,40,2,1.516,1424,35.6,INP.VLNP,2,2,2,"[VLNP.VMNPL3, VMNPL3] -> INP.VLNPL2 -> [INPL3, VLNPL3]",VLNP.VMNP,3,VMNP,3,INP,3,VLNP,3
873,mixed,mix->mix,mix,mix,1,1,2,40,2,1.672,1741,43.525,INP.VLNP,2,2,2,"[VLNPL3, VMNPL2] -> INP.VLNPL2 -> [INPL3, VLNPL2]",VLNP,3,VMNP,2,INP,3,VLNP,2
870,mixed,mix->FWD,mix,FWD,2,1,1,40,2,1.399,1127,28.175,INP.VLNP,2,2,2,"[PENP.VMNPL2, VLNP.VMNPL3] -> INP.VLNPL2 -> [INPL3, VLNPL3]",PENP.VMNP,2,VLNP.VMNP,3,INP,3,VLNP,3
822,mixed,mix->FWD,mix,FWD,2,1,1,40,3,1.826,1755,43.875,INP.VLNP,2,2,2,"[VMNPL2, VMNPL3] -> INP.VLNPL2 -> [INPL3, VLNPL3]",VMNP,2,VMNP,3,INP,3,VLNP,3
782,mixed,mix->FWD,mix,FWD,2,1,1,40,2,1.978,1523,38.075,INP.VLNP,2,2,2,"[VLNP.VMNPL3, VMNPL2] -> INP.VLNPL2 -> [INPL3, VLNPL3]",VLNP.VMNP,3,VMNP,2,INP,3,VLNP,3
775,mixed,BWD->mix,BWD,mix,1,2,1,40,3,2.045,1642,41.05,INP.VLNP,2,2,2,"[VLNPL3, VMNPL3] -> INP.VLNPL2 -> [INPL3, VLNPL2]",VLNP,3,VMNP,3,INP,3,VLNP,2
774,mixed,BWD->mix,BWD,mix,1,2,1,40,2,1.948,1410,35.25,INP.VLNP,2,2,2,"[VLNPL3, VLNP.VMNPL3] -> INP.VLNPL2 -> [INPL3, VLNPL2]",VLNP,3,VLNP.VMNP,3,INP,3,VLNP,2
750,mixed,LAT->FWD,LAT,FWD,2,0,2,40,2,1.676,1458,36.45,INP.VLNP,2,2,2,"[PENP.VMNPL2, VMNPL2] -> INP.VLNPL2 -> [INPL3, VLNPL3]",PENP.VMNP,2,VMNP,2,INP,3,VLNP,3
735,mixed,mix->mix,mix,mix,1,1,2,40,2,1.176,1099,27.475,INP.VLNP,2,2,2,"[PENP.VMNPL2, VMNPL3] -> INP.VLNPL2 -> [INPL3, OL.VLNPL2]",PENP.VMNP,2,VMNP,3,INP,3,OL.VLNP,2
684,mixed,mix->FWD,mix,FWD,2,1,1,40,2,1.036,1191,29.775,INP.VLNP,2,2,2,"[LX.VLNPL2, VLNPL3] -> INP.VLNPL2 -> [INPL3, INP.VLNPL3]",LX.VLNP,2,VLNP,3,INP,3,INP.VLNP,3
675,mixed,mix->mix,mix,mix,1,1,2,40,2,1.923,1345,33.625,INP.VLNP,2,2,2,"[PENP.VMNPL2, VLNPL3] -> INP.VLNPL2 -> [INPL3, VLNPL2]",PENP.VMNP,2,VLNP,3,INP,3,VLNP,2
640,mixed,BWD->mix,BWD,mix,1,2,1,40,2,1.358,1164,29.1,INP.VLNP,2,2,2,"[VLNP.VMNPL3, VMNPL3] -> INP.VLNPL2 -> [INPL3, OL.VLNPL2]",VLNP.VMNP,3,VMNP,3,INP,3,OL.VLNP,2
633,mixed,mix->mix,mix,mix,1,1,2,40,2,1.395,1132,28.3,INP.VLNP,2,2,2,"[VLNP.VMNPL3, VMNPL2] -> INP.VLNPL2 -> [INPL3, VLNPL2]",VLNP.VMNP,3,VMNP,2,INP,3,VLNP,2
615,mixed,mix->mix,mix,mix,1,1,2,40,2,1.273,867,21.675,INP.VLNP,2,2,2,"[PENP.VMNPL2, VLNP.VMNPL3] -> INP.VLNPL2 -> [INPL3, OL.VLNPL2]",PENP.VMNP,2,VLNP.VMNP,3,INP,3,OL.VLNP,2
612,mixed,LAT->FWD,LAT,FWD,2,0,2,40,2,1.125,2575,64.375,INP.VLNP,2,2,2,"[OL.VLNPL2, VLNPL2] -> INP.VLNPL2 -> [INPL3, OL.VLNPL3]",OL.VLNP,2,VLNP,2,INP,3,OL.VLNP,3
10106,pure_LAT,LAT->LAT,LAT,LAT,0,0,4,190,3,1.005,1226,6.453,INP.VLNP,3,2,2,"[VLNPL3, VLNP.VMNPL3] -> INP.VLNPL3 -> [INPL3, INP.SNPL3]",VLNP,3,VLNP.VMNP,3,INP,3,INP.SNP,3
9380,pure_LAT,LAT->LAT,LAT,LAT,0,0,4,190,2,1.004,1458,7.674,INP.VLNP,3,2,2,"[VLNPL3, VMNPL3] -> INP.VLNPL3 -> [INPL3, INP.SNPL3]",VLNP,3,VMNP,3,INP,3,INP.SNP,3
8736,pure_LAT,LAT->LAT,LAT,LAT,0,0,4,190,1,1.0,849,4.468,INP.VLNP,3,2,2,"[VLNP.VMNPL3, VMNPL3] -> INP.VLNPL3 -> [INPL3, INP.SNPL3]",VLNP.VMNP,3,VMNP,3,INP,3,INP.SNP,3
6758,pure_LAT,LAT->LAT,LAT,LAT,0,0,4,190,5,1.011,2816,14.821,INP.VLNP,3,2,2,"[VLNPL3, VLNP.VMNPL3] -> INP.VLNPL3 -> [INPL3, SNPL3]",VLNP,3,VLNP.VMNP,3,INP,3,SNP,3
6747,pure_LAT,LAT->LAT,LAT,LAT,0,0,4,190,5,1.008,32629,171.732,INP.VLNP,3,2,2,"[VLNPL3, VLNP.VMNPL3] -> INP.VLNPL3 -> [INPL3, OLL3]",VLNP,3,VLNP.VMNP,3,INP,3,OL,3
6744,mixed,LAT->mix,LAT,mix,0,1,3,190,4,1.007,1410,7.421,INP.VLNP,3,2,2,"[VLNPL3, VLNP.VMNPL3] -> INP.VLNPL3 -> [INPL3, VLNPL2]",VLNP,3,VLNP.VMNP,3,INP,3,VLNP,2
6726,mixed,LAT->mix,LAT,mix,0,1,3,190,4,1.002,1523,8.016,INP.VLNP,3,2,2,"[VLNPL3, VLNP.VMNPL3] -> INP.VLNPL3 -> [INPL3, VMNPL2]",VLNP,3,VLNP.VMNP,3,INP,3,VMNP,2
6722,pure_LAT,LAT->LAT,LAT,LAT,0,0,4,190,2,1.001,2617,13.774,INP.VLNP,3,2,2,"[VLNPL3, VLNP.VMNPL3] -> INP.VLNPL3 -> [INPL3, OL.VLNPL3]",VLNP,3,VLNP.VMNP,3,INP,3,OL.VLNP,3
6304,mixed,LAT->mix,LAT,mix,0,1,3,190,2,1.021,1642,8.642,INP.VLNP,3,2,2,"[VLNPL3, VMNPL3] -> INP.VLNPL3 -> [INPL3, VLNPL2]",VLNP,3,VMNP,3,INP,3,VLNP,2
6249,mixed,LAT->mix,LAT,mix,0,1,3,190,4,1.003,1755,9.237,INP.VLNP,3,2,2,"[VLNPL3, VMNPL3] -> INP.VLNPL3 -> [INPL3, VMNPL2]",VLNP,3,VMNP,3,INP,3,VMNP,2
6247,pure_LAT,LAT->LAT,LAT,LAT,0,0,4,190,4,1.002,32861,172.953,INP.VLNP,3,2,2,"[VLNPL3, VMNPL3] -> INP.VLNPL3 -> [INPL3, OLL3]",VLNP,3,VMNP,3,INP,3,OL,3
6240,pure_LAT,LAT->LAT,LAT,LAT,0,0,4,190,1,1.0,2849,14.995,INP.VLNP,3,2,2,"[VLNPL3, VMNPL3] -> INP.VLNPL3 -> [INPL3, OL.VLNPL3]",VLNP,3,VMNP,3,INP,3,OL.VLNP,3
6240,pure_LAT,LAT->LAT,LAT,LAT,0,0,4,190,1,1.0,3048,16.042,INP.VLNP,3,2,2,"[VLNPL3, VMNPL3] -> INP.VLNPL3 -> [INPL3, SNPL3]",VLNP,3,VMNP,3,INP,3,SNP,3
5856,mixed,LAT->mix,LAT,mix,0,1,3,190,2,1.011,1033,5.437,INP.VLNP,3,2,2,"[VLNP.VMNPL3, VMNPL3] -> INP.VLNPL3 -> [INPL3, VLNPL2]",VLNP.VMNP,3,VMNP,3,INP,3,VLNP,2
5828,pure_LAT,LAT->LAT,LAT,LAT,0,0,4,190,3,1.001,32252,169.747,INP.VLNP,3,2,2,"[VLNP.VMNPL3, VMNPL3] -> INP.VLNPL3 -> [INPL3, OLL3]",VLNP.VMNP,3,VMNP,3,INP,3,OL,3
5828,mixed,LAT->mix,LAT,mix,0,1,3,190,3,1.001,1146,6.032,INP.VLNP,3,2,2,"[VLNP.VMNPL3, VMNPL3] -> INP.VLNPL3 -> [INPL3, VMNPL2]",VLNP.VMNP,3,VMNP,3,INP,3,VMNP,2
5824,pure_LAT,LAT->LAT,LAT,LAT,0,0,4,190,1,1.0,2240,11.789,INP.VLNP,3,2,2,"[VLNP.VMNPL3, VMNPL3] -> INP.VLNPL3 -> [INPL3, OL.VLNPL3]",VLNP.VMNP,3,VMNP,3,INP,3,OL.VLNP,3
5824,pure_LAT,LAT->LAT,LAT,LAT,0,0,4,190,1,1.0,2439,12.837,INP.VLNP,3,2,2,"[VLNP.VMNPL3, VMNPL3] -> INP.VLNPL3 -> [INPL3, SNPL3]",VLNP.VMNP,3,VMNP,3,INP,3,SNP,3
5146,mixed,mix->LAT,mix,LAT,1,0,3,190,4,1.042,1557,8.195,INP.VLNP,3,2,2,"[VLNPL3, VMNPL2] -> INP.VLNPL3 -> [INPL3, INP.SNPL3]",VLNP,3,VMNP,2,INP,3,INP.SNP,3
5116,pure_LAT,LAT->LAT,LAT,LAT,0,0,4,190,6,1.03,2835,14.921,INP.VLNP,3,2,2,"[VLNPL3, VLNP.VMNPL3] -> INP.VLNPL3 -> [INP.SNPL3, SNPL3]",VLNP,3,VLNP.VMNP,3,INP.SNP,3,SNP,3
60,mixed,BWD->mix,BWD,mix,1,2,1,6,1,1.0,2473,412.167,INP.VMNP,2,2,2,"[INP.VMNPL3, OL.VLNPL3] -> INP.VMNPL2 -> [VMNPL2, VMNPL3]",INP.VMNP,3,OL.VLNP,3,VMNP,2,VMNP,3
60,mixed,BWD->mix,BWD,mix,1,2,1,6,1,1.0,1014,169.0,INP.VMNP,2,2,2,"[INP.VMNPL3, OL.VMNPL3] -> INP.VMNPL2 -> [VMNPL2, VMNPL3]",INP.VMNP,3,OL.VMNP,3,VMNP,2,VMNP,3
60,mixed,mix->LAT,mix,LAT,0,1,3,6,1,1.0,1033,172.167,INP.VMNP,2,2,2,"[VMNPL2, VMNPL3] -> INP.VMNPL2 -> [LXL2, LX.VLNPL2]",VMNP,2,VMNP,3,LX,2,LX.VLNP,2
60,mixed,mix->mix,mix,mix,1,1,2,6,1,1.0,1691,281.833,INP.VMNP,2,2,2,"[VMNPL2, VMNPL3] -> INP.VMNPL2 -> [LX.VLNPL2, VLNPL3]",VMNP,2,VMNP,3,LX.VLNP,2,VLNP,3
58,mixed,mix->FWD,mix,FWD,2,1,1,6,2,1.998,2325,387.5,INP.VMNP,2,2,2,"[INP.SNPL2, VMNPL3] -> INP.VMNPL2 -> [INPL3, SNPL3]",INP.SNP,2,VMNP,3,INP,3,SNP,3
58,mixed,mix->FWD,mix,FWD,2,1,1,6,2,1.998,2358,393.0,INP.VMNP,2,2,2,"[INP.SNPL2, VMNPL3] -> INP.VMNPL2 -> [INP.VLNPL3, SNPL3]",INP.SNP,2,VMNP,3,INP.VLNP,3,SNP,3
58,mixed,mix->mix,mix,mix,1,2,1,6,2,1.998,2216,369.333,INP.VMNP,2,2,2,"[INP.SNPL2, VMNPL3] -> INP.VMNPL2 -> [OL.VLNPL1, SNPL3]",INP.SNP,2,VMNP,3,OL.VLNP,1,SNP,3
58,mixed,BWD->FWD,BWD,FWD,2,2,0,6,2,1.998,2372,395.333,INP.VMNP,2,2,2,"[PENP.VLNPL3, VMNPL3] -> INP.VMNPL2 -> [INPL3, SNPL3]",PENP.VLNP,3,VMNP,3,INP,3,SNP,3
58,mixed,BWD->FWD,BWD,FWD,2,2,0,6,2,1.998,2405,400.833,INP.VMNP,2,2,2,"[PENP.VLNPL3, VMNPL3] -> INP.VMNPL2 -> [INP.VLNPL3, SNPL3]",PENP.VLNP,3,VMNP,3,INP.VLNP,3,SNP,3
58,mixed,BWD->mix,BWD,mix,1,3,0,6,2,1.998,2263,377.167,INP.VMNP,2,2,2,"[PENP.VLNPL3, VMNPL3] -> INP.VMNPL2 -> [OL.VLNPL1, SNPL3]",PENP.VLNP,3,VMNP,3,OL.VLNP,1,SNP,3
58,mixed,mix->FWD,mix,FWD,2,1,1,6,2,1.998,2770,461.667,INP.VMNP,2,2,2,"[VMNPL2, VMNPL3] -> INP.VMNPL2 -> [INPL3, SNPL3]",VMNP,2,VMNP,3,INP,3,SNP,3
58,mixed,mix->FWD,mix,FWD,2,1,1,6,2,1.998,2803,467.167,INP.VMNP,2,2,2,"[VMNPL2, VMNPL3] -> INP.VMNPL2 -> [INP.VLNPL3, SNPL3]",VMNP,2,VMNP,3,INP.VLNP,3,SNP,3
58,mixed,mix->mix,mix,mix,1,2,1,6,2,1.998,2661,443.5,INP.VMNP,2,2,2,"[VMNPL2, VMNPL3] -> INP.VMNPL2 -> [OL.VLNPL1, SNPL3]",VMNP,2,VMNP,3,OL.VLNP,1,SNP,3
44,mixed,mix->FWD,mix,FWD,2,1,1,6,2,1.766,2788,464.667,INP.VMNP,2,2,2,"[OL.VLNPL2, VMNPL3] -> INP.VMNPL2 -> [INPL3, SNPL3]",OL.VLNP,2,VMNP,3,INP,3,SNP,3
44,mixed,mix->FWD,mix,FWD,2,1,1,6,2,1.766,2821,470.167,INP.VMNP,2,2,2,"[OL.VLNPL2, VMNPL3] -> INP.VMNPL2 -> [INP.VLNPL3, SNPL3]",OL.VLNP,2,VMNP,3,INP.VLNP,3,SNP,3
44,mixed,mix->mix,mix,mix,1,2,1,6,2,1.766,2679,446.5,INP.VMNP,2,2,2,"[OL.VLNPL2, VMNPL3] -> INP.VMNPL2 -> [OL.VLNPL1, SNPL3]",OL.VLNP,2,VMNP,3,OL.VLNP,1,SNP,3
40,mixed,BWD->mix,BWD,mix,1,2,1,6,1,1.0,2522,420.333,INP.VMNP,2,2,2,"[OL.VLNPL3, OL.VMNPL3] -> INP.VMNPL2 -> [VMNPL2, VMNPL3]",OL.VLNP,3,OL.VMNP,3,VMNP,2,VMNP,3
36,mixed,mix->FWD,mix,FWD,2,1,1,6,1,1.0,2401,400.167,INP.VMNP,2,2,2,"[INP.VLNPL3, SNP.VLNPL2] -> INP.VMNPL2 -> [SNPL3, VMNPL3]",INP.VLNP,3,SNP.VLNP,2,SNP,3,VMNP,3
30,mixed,mix->LAT,mix,LAT,1,0,3,6,1,1.0,690,115.0,INP.VMNP,2,2,2,"[GNG.VMNPL1, VMNPL2] -> INP.VMNPL2 -> [LXL2, LX.VLNPL2]",GNG.VMNP,1,VMNP,2,LX,2,LX.VLNP,2
30,mixed,mix->mix,mix,mix,2,0,2,6,1,1.0,1348,224.667,INP.VMNP,2,2,2,"[GNG.VMNPL1, VMNPL2] -> INP.VMNPL2 -> [LX.VLNPL2, VLNPL3]",GNG.VMNP,1,VMNP,2,LX.VLNP,2,VLNP,3
1512,pure_LAT,LAT->LAT,LAT,LAT,0,0,4,59,1,1.0,2355,39.915,INP.VMNP,3,2,2,"[INP.SNPL3, SNPL3] -> INP.VMNPL3 -> [LX.VMNPL3, VMNPL3]",INP.SNP,3,SNP,3,LX.VMNP,3,VMNP,3
1512,mixed,LAT->mix,LAT,mix,0,1,3,59,1,1.0,2789,47.271,INP.VMNP,3,2,2,"[INP.SNPL3, SNPL3] -> INP.VMNPL3 -> [VMNPL2, VMNPL3]",INP.SNP,3,SNP,3,VMNP,2,VMNP,3
855,mixed,mix->LAT,mix,LAT,1,0,3,59,6,2.483,1740,29.492,INP.VMNP,3,2,2,"[VLNP.VMNPL3, VMNPL2] -> INP.VMNPL3 -> [VLNPL3, VMNPL3]",VLNP.VMNP,3,VMNP,2,VLNP,3,VMNP,3
830,mixed,mix->LAT,mix,LAT,1,0,3,59,4,1.314,1146,19.424,INP.VMNP,3,2,2,"[VLNP.VMNPL3, VMNPL2] -> INP.VMNPL3 -> [INPL3, VMNPL3]",VLNP.VMNP,3,VMNP,2,INP,3,VMNP,3
735,mixed,mix->mix,mix,mix,1,1,2,59,7,2.789,1349,22.864,INP.VMNP,3,2,2,"[VLNP.VMNPL3, VMNPL2] -> INP.VMNPL3 -> [VLNPL2, VMNPL3]",VLNP.VMNP,3,VMNP,2,VLNP,2,VMNP,3
648,mixed,mix->LAT,mix,LAT,1,0,3,59,1,1.0,2310,39.153,INP.VMNP,3,2,2,"[SNPL3, VLNP.VMNPL2] -> INP.VMNPL3 -> [LX.VMNPL3, VMNPL3]",SNP,3,VLNP.VMNP,2,LX.VMNP,3,VMNP,3
648,mixed,mix->mix,mix,mix,1,1,2,59,1,1.0,2744,46.508,INP.VMNP,3,2,2,"[SNPL3, VLNP.VMNPL2] -> INP.VMNPL3 -> [VMNPL2, VMNPL3]",SNP,3,VLNP.VMNP,2,VMNP,2,VMNP,3
630,mixed,LAT->mix,LAT,mix,0,1,3,59,5,1.983,1675,28.39,INP.VMNP,3,2,2,"[INP.VLNPL3, VMNPL3] -> INP.VMNPL3 -> [VLNPL2, VLNPL3]",INP.VLNP,3,VMNP,3,VLNP,2,VLNP,3
605,mixed,mix->mix,mix,mix,1,1,2,59,4,1.246,1191,20.186,INP.VMNP,3,2,2,"[VMNPL2, VMNPL3] -> INP.VMNPL3 -> [INPL3, OL.VMNPL2]",VMNP,2,VMNP,3,INP,3,OL.VMNP,2
590,mixed,LAT->mix,LAT,mix,0,1,3,59,7,3.155,1627,27.576,INP.VMNP,3,2,2,"[VLNP.VMNPL3, VMNPL3] -> INP.VMNPL3 -> [VLNPL2, VLNPL3]",VLNP.VMNP,3,VMNP,3,VLNP,2,VLNP,3
572,mixed,mix->mix,mix,mix,1,1,2,59,4,1.389,1176,19.932,INP.VMNP,3,2,2,"[VLNP.VMNPL3, VMNPL2] -> INP.VMNPL3 -> [OL.VMNPL2, VMNPL3]",VLNP.VMNP,3,VMNP,2,OL.VMNP,2,VMNP,3
569,mixed,mix->LAT,mix,LAT,1,0,3,59,4,2.394,1413,23.949,INP.VMNP,3,2,2,"[VLNP.VMNPL2, VMNPL3] -> INP.VMNPL3 -> [INPL3, VLNPL3]",VLNP.VMNP,2,VMNP,3,INP,3,VLNP,3
556,mixed,mix->mix,mix,mix,1,1,2,59,5,2.348,1296,21.966,INP.VMNP,3,2,2,"[VLNP.VMNPL2, VMNPL3] -> INP.VMNPL3 -> [INPL2, VLNPL3]",VLNP.VMNP,2,VMNP,3,INP,2,VLNP,3
534,mixed,LAT->mix,LAT,mix,0,1,3,59,6,1.506,860,14.576,INP.VMNP,3,2,2,"[VLNP.VMNPL3, VMNPL3] -> INP.VMNPL3 -> [INPL3, OL.VMNPL2]",VLNP.VMNP,3,VMNP,3,INP,3,OL.VMNP,2
533,mixed,LAT->mix,LAT,mix,0,1,3,59,6,3.932,1307,22.153,INP.VMNP,3,2,2,"[VLNP.VMNPL3, VMNPL3] -> INP.VMNPL3 -> [INPL2, VLNPL3]",VLNP.VMNP,3,VMNP,3,INP,2,VLNP,3
527,mixed,mix->mix,mix,mix,1,1,2,59,4,1.199,959,16.254,INP.VMNP,3,2,2,"[VLNP.VMNPL3, VMNPL2] -> INP.VMNPL3 -> [INPL3, OL.VMNPL2]",VLNP.VMNP,3,VMNP,2,INP,3,OL.VMNP,2
522,mixed,mix->mix,mix,mix,1,1,2,59,3,2.086,702,11.898,INP.VMNP,3,2,2,"[VLNP.VMNPL2, VMNPL3] -> INP.VMNPL3 -> [INPL2, INPL3]",VLNP.VMNP,2,VMNP,3,INP,2,INP,3
520,mixed,mix->mix,mix,mix,1,1,2,59,2,1.063,1154,19.559,INP.VMNP,3,2,2,"[INP.SNPL3, VLNP.VMNPL2] -> INP.VMNPL3 -> [VMNPL2, VMNPL3]",INP.SNP,3,VLNP.VMNP,2,VMNP,2,VMNP,3
519,pure_LAT,LAT->LAT,LAT,LAT,0,0,4,59,7,3.35,1424,24.136,INP.VMNP,3,2,2,"[VLNP.VMNPL3, VMNPL3] -> INP.VMNPL3 -> [INPL3, VLNPL3]",VLNP.VMNP,3,VMNP,3,INP,3,VLNP,3
514,mixed,FWD->LAT,FWD,LAT,2,0,2,59,3,1.284,1191,20.186,INP.VMNP,3,2,2,"[OL.VMNPL2, VMNPL2] -> INP.VMNPL3 -> [INPL3, VMNPL3]",OL.VMNP,2,VMNP,2,INP,3,VMNP,3
1300,mixed,mix->FWD,mix,FWD,2,1,1,1,1,1.0,3163,3163.0,LH,1,2,2,"[ALL1, ALL2] -> LHL1 -> [LHL2, VLNPL2]",AL,1,AL,2,LH,2,VLNP,2
780,mixed,BWD->FWD,BWD,FWD,2,2,0,1,1,1.0,1575,1575.0,LH,1,2,2,"[ALL2, AL.LHL2] -> LHL1 -> [LHL2, VLNPL2]",AL,2,AL.LH,2,LH,2,VLNP,2
780,mixed,mix->FWD,mix,FWD,2,1,1,1,1,1.0,1366,1366.0,LH,1,2,2,"[ALL2, AL.VLNPL1] -> LHL1 -> [LHL2, VLNPL2]",AL,2,AL.VLNP,1,LH,2,VLNP,2
780,mixed,BWD->FWD,BWD,FWD,2,2,0,1,1,1.0,1403,1403.0,LH,1,2,2,"[ALL2, AL.VLNPL2] -> LHL1 -> [LHL2, VLNPL2]",AL,2,AL.VLNP,2,LH,2,VLNP,2
650,mixed,mix->FWD,mix,FWD,2,1,1,1,1,1.0,3150,3150.0,LH,1,2,2,"[ALL1, ALL2] -> LHL1 -> [LH.SNPL2, VLNPL2]",AL,1,AL,2,LH.SNP,2,VLNP,2
624,mixed,BWD->FWD,BWD,FWD,2,2,0,1,1,1.0,1441,1441.0,LH,1,2,2,"[ALL2, VLNPL2] -> LHL1 -> [LHL2, LH.SNPL2]",AL,2,VLNP,2,LH,2,LH.SNP,2
520,mixed,mix->FWD,mix,FWD,2,1,1,1,1,1.0,2883,2883.0,LH,1,2,2,"[ALL1, ALL2] -> LHL1 -> [LHL2, LH.SNPL2]",AL,1,AL,2,LH,2,LH.SNP,2
390,mixed,BWD->FWD,BWD,FWD,2,2,0,1,1,1.0,1562,1562.0,LH,1,2,2,"[ALL2, AL.LHL2] -> LHL1 -> [LH.SNPL2, VLNPL2]",AL,2,AL.LH,2,LH.SNP,2,VLNP,2
390,mixed,mix->FWD,mix,FWD,2,1,1,1,1,1.0,1353,1353.0,LH,1,2,2,"[ALL2, AL.VLNPL1] -> LHL1 -> [LH.SNPL2, VLNPL2]",AL,2,AL.VLNP,1,LH.SNP,2,VLNP,2
390,mixed,BWD->FWD,BWD,FWD,2,2,0,1,1,1.0,1390,1390.0,LH,1,2,2,"[ALL2, AL.VLNPL2] -> LHL1 -> [LH.SNPL2, VLNPL2]",AL,2,AL.VLNP,2,LH.SNP,2,VLNP,2
325,mixed,mix->FWD,mix,FWD,2,1,1,1,1,1.0,3215,3215.0,LH,1,2,2,"[ALL1, ALL2] -> LHL1 -> [AL.MBL2, VLNPL2]",AL,1,AL,2,AL.MB,2,VLNP,2
325,mixed,mix->mix,mix,mix,1,1,2,1,1,1.0,3073,3073.0,LH,1,2,2,"[ALL1, ALL2] -> LHL1 -> [AL.SNPL1, VLNPL2]",AL,1,AL,2,AL.SNP,1,VLNP,2
325,mixed,mix->FWD,mix,FWD,2,1,1,1,1,1.0,3098,3098.0,LH,1,2,2,"[ALL1, ALL2] -> LHL1 -> [AL.SNPL2, VLNPL2]",AL,1,AL,2,AL.SNP,2,VLNP,2
325,mixed,mix->mix,mix,mix,1,1,2,1,1,1.0,3071,3071.0,LH,1,2,2,"[ALL1, ALL2] -> LHL1 -> [LH.VMNPL1, VLNPL2]",AL,1,AL,2,LH.VMNP,1,VLNP,2
325,mixed,mix->FWD,mix,FWD,2,1,1,1,1,1.0,3088,3088.0,LH,1,2,2,"[ALL1, ALL2] -> LHL1 -> [MB.VLNPL2, VLNPL2]",AL,1,AL,2,MB.VLNP,2,VLNP,2
325,mixed,mix->FWD,mix,FWD,2,1,1,1,1,1.0,3442,3442.0,LH,1,2,2,"[ALL1, ALL2] -> LHL1 -> [SNPL2, VLNPL2]",AL,1,AL,2,SNP,2,VLNP,2
325,mixed,mix->FWD,mix,FWD,2,1,1,1,1,1.0,3141,3141.0,LH,1,2,2,"[ALL1, ALL2] -> LHL1 -> [SNP.VLNPL2, VLNPL2]",AL,1,AL,2,SNP.VLNP,2,VLNP,2
312,mixed,BWD->FWD,BWD,FWD,2,2,0,1,1,1.0,1295,1295.0,LH,1,2,2,"[ALL2, AL.LHL2] -> LHL1 -> [LHL2, LH.SNPL2]",AL,2,AL.LH,2,LH,2,LH.SNP,2
312,mixed,mix->FWD,mix,FWD,2,1,1,1,1,1.0,1086,1086.0,LH,1,2,2,"[ALL2, AL.VLNPL1] -> LHL1 -> [LHL2, LH.SNPL2]",AL,2,AL.VLNP,1,LH,2,LH.SNP,2
312,mixed,BWD->FWD,BWD,FWD,2,2,0,1,1,1.0,1123,1123.0,LH,1,2,2,"[ALL2, AL.VLNPL2] -> LHL1 -> [LHL2, LH.SNPL2]",AL,2,AL.VLNP,2,LH,2,LH.SNP,2
709786,mixed,mix->FWD,mix,FWD,2,1,1,93,5,1.946,3285,35.323,LH,2,2,2,"[AL.LHL2, SNPL3] -> LHL2 -> [LHL3, LH.SNPL3]",AL.LH,2,SNP,3,LH,3,LH.SNP,3
629225,mixed,mix->FWD,mix,FWD,2,1,1,93,8,1.855,3285,35.323,LH,2,2,2,"[AL.LHL2, LH.SNPL3] -> LHL2 -> [LHL3, SNPL3]",AL.LH,2,LH.SNP,3,LH,3,SNP,3
561439,mixed,LAT->FWD,LAT,FWD,2,0,2,93,25,2.023,1664,17.892,LH,2,2,2,"[AL.LHL2, AL.MBL2] -> LHL2 -> [LHL3, LH.SNPL3]",AL.LH,2,AL.MB,2,LH,3,LH.SNP,3
501723,mixed,mix->FWD,mix,FWD,2,1,1,93,15,2.07,3285,35.323,LH,2,2,2,"[AL.LHL2, LHL3] -> LHL2 -> [LH.SNPL3, SNPL3]",AL.LH,2,LH,3,LH.SNP,3,SNP,3
495686,mixed,mix->FWD,mix,FWD,2,1,1,93,4,1.95,3216,34.581,LH,2,2,2,"[AL.MBL2, SNPL3] -> LHL2 -> [LHL3, LH.SNPL3]",AL.MB,2,SNP,3,LH,3,LH.SNP,3
466768,mixed,mix->mix,mix,mix,1,1,2,93,8,1.889,1664,17.892,LH,2,2,2,"[AL.LHL2, LH.SNPL3] -> LHL2 -> [AL.MBL2, LHL3]",AL.LH,2,LH.SNP,3,AL.MB,2,LH,3
447248,mixed,LAT->FWD,LAT,FWD,2,0,2,93,14,1.971,2846,30.602,LH,2,2,2,"[AL.LHL2, AL.MBL2] -> LHL2 -> [LH.SNPL3, SNPL3]",AL.LH,2,AL.MB,2,LH.SNP,3,SNP,3
442365,mixed,mix->mix,mix,mix,1,1,2,93,3,1.996,2846,30.602,LH,2,2,2,"[AL.LHL2, SNPL3] -> LHL2 -> [AL.MBL2, LH.SNPL3]",AL.LH,2,SNP,3,AL.MB,2,LH.SNP,3
433549,mixed,mix->FWD,mix,FWD,2,1,1,93,7,1.821,3216,34.581,LH,2,2,2,"[AL.MBL2, LH.SNPL3] -> LHL2 -> [LHL3, SNPL3]",AL.MB,2,LH.SNP,3,LH,3,SNP,3
424996,mixed,BWD->mix,BWD,mix,1,2,1,93,4,1.941,3216,34.581,LH,2,2,2,"[LH.SNPL3, SNPL3] -> LHL2 -> [AL.MBL2, LHL3]",LH.SNP,3,SNP,3,AL.MB,2,LH,3
388061,mixed,LAT->FWD,LAT,FWD,2,0,2,93,15,1.788,2709,29.129,LH,2,2,2,"[AL.LHL2, AL.MBL2] -> LHL2 -> [LHL3, SNPL3]",AL.LH,2,AL.MB,2,LH,3,SNP,3
380195,mixed,mix->mix,mix,mix,1,1,2,93,6,1.927,2846,30.602,LH,2,2,2,"[AL.LHL2, LH.SNPL3] -> LHL2 -> [AL.MBL2, SNPL3]",AL.LH,2,LH.SNP,3,AL.MB,2,SNP,3
373888,mixed,mix->mix,mix,mix,1,1,2,93,11,2.043,1664,17.892,LH,2,2,2,"[AL.LHL2, LHL3] -> LHL2 -> [AL.MBL2, LH.SNPL3]",AL.LH,2,LH,3,AL.MB,2,LH.SNP,3
372142,mixed,mix->mix,mix,mix,1,1,2,93,4,1.887,2709,29.129,LH,2,2,2,"[AL.LHL2, SNPL3] -> LHL2 -> [AL.MBL2, LHL3]",AL.LH,2,SNP,3,AL.MB,2,LH,3
367858,mixed,BWD->mix,BWD,mix,1,2,1,93,3,1.868,3285,35.323,LH,2,2,2,"[LH.SNPL3, SNPL3] -> LHL2 -> [AL.LHL2, LHL3]",LH.SNP,3,SNP,3,AL.LH,2,LH,3
344835,mixed,BWD->mix,BWD,mix,1,2,1,93,3,2.0,3216,34.581,LH,2,2,2,"[LHL3, SNPL3] -> LHL2 -> [AL.MBL2, LH.SNPL3]",LH,3,SNP,3,AL.MB,2,LH.SNP,3
342498,mixed,mix->FWD,mix,FWD,2,1,1,93,12,1.982,3216,34.581,LH,2,2,2,"[AL.MBL2, LHL3] -> LHL2 -> [LH.SNPL3, SNPL3]",AL.MB,2,LH,3,LH.SNP,3,SNP,3
319464,mixed,mix->FWD,mix,FWD,2,1,1,93,2,1.977,4283,46.054,LH,2,2,2,"[AL.LHL2, LH.SNPL3] -> LHL2 -> [LHL3, MBL3]",AL.LH,2,LH.SNP,3,LH,3,MB,3
317196,mixed,mix->FWD,mix,FWD,2,1,1,93,2,1.97,5465,58.763,LH,2,2,2,"[AL.LHL2, SNPL3] -> LHL2 -> [LH.SNPL3, MBL3]",AL.LH,2,SNP,3,LH.SNP,3,MB,3
298254,mixed,BWD->FWD,BWD,FWD,2,2,0,93,3,2.001,5835,62.742,LH,2,2,2,"[LH.SNPL3, SNPL3] -> LHL2 -> [LHL3, MBL3]",LH.SNP,3,SNP,3,LH,3,MB,3
124087,mixed,mix->LAT,mix,LAT,1,0,3,584,11,2.192,3452,5.911,LH,3,2,2,"[AL.LHL2, VLNPL3] -> LHL3 -> [LH.SNPL3, SNPL3]",AL.LH,2,VLNP,3,LH.SNP,3,SNP,3
122052,mixed,FWD->LAT,FWD,LAT,2,0,2,584,80,2.903,2846,4.873,LH,3,2,2,"[AL.LHL2, AL.MBL2] -> LHL3 -> [LH.SNPL3, SNPL3]",AL.LH,2,AL.MB,2,LH.SNP,3,SNP,3
78865,mixed,mix->LAT,mix,LAT,1,0,3,584,9,1.996,3383,5.793,LH,3,2,2,"[AL.MBL2, VLNPL3] -> LHL3 -> [LH.SNPL3, SNPL3]",AL.MB,2,VLNP,3,LH.SNP,3,SNP,3
64565,mixed,FWD->LAT,FWD,LAT,2,0,2,584,18,2.824,2781,4.762,LH,3,2,2,"[AL.LHL2, LH.SNPL2] -> LHL3 -> [LH.SNPL3, SNPL3]",AL.LH,2,LH.SNP,2,LH.SNP,3,SNP,3
59540,mixed,FWD->LAT,FWD,LAT,2,0,2,584,9,2.026,3073,5.262,LH,3,2,2,"[AL.LHL2, SNPL2] -> LHL3 -> [LH.SNPL3, SNPL3]",AL.LH,2,SNP,2,LH.SNP,3,SNP,3
54518,mixed,mix->LAT,mix,LAT,1,0,3,584,4,1.81,3610,6.182,LH,3,2,2,"[SNPL2, VLNPL3] -> LHL3 -> [LH.SNPL3, SNPL3]",SNP,2,VLNP,3,LH.SNP,3,SNP,3
47416,mixed,mix->LAT,mix,LAT,1,0,3,584,6,2.096,3318,5.682,LH,3,2,2,"[LH.SNPL2, VLNPL3] -> LHL3 -> [LH.SNPL3, SNPL3]",LH.SNP,2,VLNP,3,LH.SNP,3,SNP,3
44941,mixed,FWD->LAT,FWD,LAT,2,0,2,584,9,2.238,3061,5.241,LH,3,2,2,"[AL.LHL2, VLNPL2] -> LHL3 -> [LH.SNPL3, SNPL3]",AL.LH,2,VLNP,2,LH.SNP,3,SNP,3
41960,mixed,mix->LAT,mix,LAT,1,0,3,584,5,2.059,4450,7.62,LH,3,2,2,"[AL.LHL2, VLNPL3] -> LHL3 -> [LH.SNPL3, MBL3]",AL.LH,2,VLNP,3,LH.SNP,3,MB,3
41792,mixed,mix->LAT,mix,LAT,1,0,3,584,4,2.043,5465,9.358,LH,3,2,2,"[AL.LHL2, SNPL3] -> LHL3 -> [LH.SNPL3, MBL3]",AL.LH,2,SNP,3,LH.SNP,3,MB,3
40060,mixed,mix->mix,mix,mix,1,1,2,584,4,2.101,2058,3.524,LH,3,2,2,"[AL.LHL2, VLNPL3] -> LHL3 -> [LH.SNPL3, SNPL2]",AL.LH,2,VLNP,3,LH.SNP,3,SNP,2
39858,mixed,mix->LAT,mix,LAT,1,0,3,584,8,1.796,3598,6.161,LH,3,2,2,"[VLNPL2, VLNPL3] -> LHL3 -> [LH.SNPL3, SNPL3]",VLNP,2,VLNP,3,LH.SNP,3,SNP,3
39839,mixed,FWD->LAT,FWD,LAT,2,0,2,584,42,2.705,2794,4.784,LH,3,2,2,"[AL.LHL2, LHL2] -> LHL3 -> [LH.SNPL3, SNPL3]",AL.LH,2,LH,2,LH.SNP,3,SNP,3
39555,mixed,FWD->LAT,FWD,LAT,2,0,2,584,8,2.008,3004,5.144,LH,3,2,2,"[AL.MBL2, SNPL2] -> LHL3 -> [LH.SNPL3, SNPL3]",AL.MB,2,SNP,2,LH.SNP,3,SNP,3
38996,mixed,mix->mix,mix,mix,1,1,2,584,7,1.994,3073,5.262,LH,3,2,2,"[AL.LHL2, SNPL3] -> LHL3 -> [LH.SNPL3, SNPL2]",AL.LH,2,SNP,3,LH.SNP,3,SNP,2
38864,pure_LAT,LAT->LAT,LAT,LAT,0,0,4,584,3,1.722,6002,10.277,LH,3,2,2,"[SNPL3, VLNPL3] -> LHL3 -> [LH.SNPL3, MBL3]",SNP,3,VLNP,3,LH.SNP,3,MB,3
37109,mixed,mix->LAT,mix,LAT,1,0,3,584,10,2.337,2743,4.697,LH,3,2,2,"[AL.LHL2, LH.VLNPL3] -> LHL3 -> [LH.SNPL3, SNPL3]",AL.LH,2,LH.VLNP,3,LH.SNP,3,SNP,3
35178,mixed,FWD->LAT,FWD,LAT,2,0,2,584,15,1.946,2712,4.644,LH,3,2,2,"[AL.MBL2, LH.SNPL2] -> LHL3 -> [LH.SNPL3, SNPL3]",AL.MB,2,LH.SNP,2,LH.SNP,3,SNP,3
34689,mixed,FWD->mix,FWD,mix,2,1,1,584,14,1.722,1452,2.486,LH,3,2,2,"[AL.LHL2, AL.MBL2] -> LHL3 -> [LH.SNPL3, SNPL2]",AL.LH,2,AL.MB,2,LH.SNP,3,SNP,2
34224,mixed,LAT->mix,LAT,mix,0,1,3,584,2,1.946,3610,6.182,LH,3,2,2,"[SNPL3, VLNPL3] -> LHL3 -> [LH.SNPL3, SNPL2]",SNP,3,VLNP,3,LH.SNP,3,SNP,2
810,mixed,mix->LAT,mix,LAT,1,0,3,3,1,1.0,1737,579.0,LH.LX,3,2,2,"[VLNPL2, VLNPL3] -> LH.LXL3 -> [LHL3, LH.VLNPL3]",VLNP,2,VLNP,3,LH,3,LH.VLNP,3
540,mixed,mix->LAT,mix,LAT,1,0,3,3,1,1.0,1470,490.0,LH.LX,3,2,2,"[LHL2, VLNPL3] -> LH.LXL3 -> [LHL3, LH.VLNPL3]",LH,2,VLNP,3,LH,3,LH.VLNP,3
540,mixed,mix->LAT,mix,LAT,1,0,3,3,1,1.0,1470,490.0,LH.LX,3,2,2,"[LXL2, VLNPL3] -> LH.LXL3 -> [LHL3, LH.VLNPL3]",LX,2,VLNP,3,LH,3,LH.VLNP,3
486,mixed,mix->LAT,mix,LAT,1,0,3,3,1,1.0,1874,624.667,LH.LX,3,2,2,"[VLNPL2, VLNPL3] -> LH.LXL3 -> [LH.SNPL3, LH.VLNPL3]",VLNP,2,VLNP,3,LH.SNP,3,LH.VLNP,3
486,mixed,mix->mix,mix,mix,1,1,2,3,1,1.0,1162,387.333,LH.LX,3,2,2,"[VLNPL2, VLNPL3] -> LH.LXL3 -> [LH.VLNPL2, LH.VLNPL3]",VLNP,2,VLNP,3,LH.VLNP,2,LH.VLNP,3
405,mixed,mix->LAT,mix,LAT,1,0,3,3,1,1.0,2416,805.333,LH.LX,3,2,2,"[VLNPL2, VLNPL3] -> LH.LXL3 -> [LHL3, LH.SNPL3]",VLNP,2,VLNP,3,LH,3,LH.SNP,3
405,mixed,mix->mix,mix,mix,1,1,2,3,1,1.0,1704,568.0,LH.LX,3,2,2,"[VLNPL2, VLNPL3] -> LH.LXL3 -> [LHL3, LH.VLNPL2]",VLNP,2,VLNP,3,LH,3,LH.VLNP,2
324,mixed,mix->LAT,mix,LAT,1,0,3,3,1,1.0,1607,535.667,LH.LX,3,2,2,"[LHL2, VLNPL3] -> LH.LXL3 -> [LH.SNPL3, LH.VLNPL3]",LH,2,VLNP,3,LH.SNP,3,LH.VLNP,3
324,mixed,mix->mix,mix,mix,1,1,2,3,1,1.0,895,298.333,LH.LX,3,2,2,"[LHL2, VLNPL3] -> LH.LXL3 -> [LH.VLNPL2, LH.VLNPL3]",LH,2,VLNP,3,LH.VLNP,2,LH.VLNP,3
324,mixed,mix->mix,mix,mix,1,1,2,3,1,1.0,1246,415.333,LH.LX,3,2,2,"[LHL2, VLNPL3] -> LH.LXL3 -> [LH.VLNPL3, VLNPL2]",LH,2,VLNP,3,LH.VLNP,3,VLNP,2
324,pure_LAT,LAT->LAT,LAT,LAT,0,0,4,3,1,1.0,2098,699.333,LH.LX,3,2,2,"[LHL3, VLNPL3] -> LH.LXL3 -> [LH.SNPL3, LH.VLNPL3]",LH,3,VLNP,3,LH.SNP,3,LH.VLNP,3
324,mixed,LAT->mix,LAT,mix,0,1,3,3,1,1.0,1386,462.0,LH.LX,3,2,2,"[LHL3, VLNPL3] -> LH.LXL3 -> [LH.VLNPL2, LH.VLNPL3]",LH,3,VLNP,3,LH.VLNP,2,LH.VLNP,3
324,mixed,LAT->mix,LAT,mix,0,1,3,3,1,1.0,1737,579.0,LH.LX,3,2,2,"[LHL3, VLNPL3] -> LH.LXL3 -> [LH.VLNPL3, VLNPL2]",LH,3,VLNP,3,LH.VLNP,3,VLNP,2
324,mixed,mix->LAT,mix,LAT,1,0,3,3,1,1.0,1607,535.667,LH.LX,3,2,2,"[LXL2, VLNPL3] -> LH.LXL3 -> [LH.SNPL3, LH.VLNPL3]",LX,2,VLNP,3,LH.SNP,3,LH.VLNP,3
324,mixed,mix->mix,mix,mix,1,1,2,3,1,1.0,895,298.333,LH.LX,3,2,2,"[LXL2, VLNPL3] -> LH.LXL3 -> [LH.VLNPL2, LH.VLNPL3]",LX,2,VLNP,3,LH.VLNP,2,LH.VLNP,3
324,mixed,mix->mix,mix,mix,1,1,2,3,1,1.0,1246,415.333,LH.LX,3,2,2,"[LXL2, VLNPL3] -> LH.LXL3 -> [LH.VLNPL3, VLNPL2]",LX,2,VLNP,3,LH.VLNP,3,VLNP,2
324,mixed,mix->LAT,mix,LAT,1,0,3,3,1,1.0,2919,973.0,LH.LX,3,2,2,"[VLNPL2, VLNPL3] -> LH.LXL3 -> [LH.VLNPL3, SNPL3]",VLNP,2,VLNP,3,LH.VLNP,3,SNP,3
324,mixed,mix->LAT,mix,LAT,1,0,3,3,1,1.0,1295,431.667,LH.LX,3,2,2,"[VLNPL2, VLNPL3] -> LH.LXL3 -> [LH.VLNPL3, VLNP.VMNPL3]",VLNP,2,VLNP,3,LH.VLNP,3,VLNP.VMNP,3
270,mixed,mix->LAT,mix,LAT,1,0,3,3,1,1.0,1591,530.333,LH.LX,3,2,2,"[AL.LHL2, VLNPL3] -> LH.LXL3 -> [LHL3, LH.VLNPL3]",AL.LH,2,VLNP,3,LH,3,LH.VLNP,3
270,mixed,mix->LAT,mix,LAT,1,0,3,3,1,1.0,1378,459.333,LH.LX,3,2,2,"[AL.LXL2, VLNPL3] -> LH.LXL3 -> [LHL3, LH.VLNPL3]",AL.LX,2,VLNP,3,LH,3,LH.VLNP,3
37960,mixed,LAT->FWD,LAT,FWD,2,0,2,5,1,1.0,3329,665.8,LH.MB,2,2,2,"[INP.MBL2, MBL2] -> LH.MBL2 -> [LHL3, VLNPL3]",INP.MB,2,MB,2,LH,3,VLNP,3
30418,mixed,LAT->mix,LAT,mix,1,0,3,5,3,1.003,2671,534.2,LH.MB,2,2,2,"[INP.MBL2, MBL2] -> LH.MBL2 -> [LHL2, LHL3]",INP.MB,2,MB,2,LH,2,LH,3
28470,mixed,mix->FWD,mix,FWD,2,1,1,5,1,1.0,6010,1202.0,LH.MB,2,2,2,"[MBL2, MBL3] -> LH.MBL2 -> [LHL3, VLNPL3]",MB,2,MB,3,LH,3,VLNP,3
22831,mixed,mix->mix,mix,mix,1,1,2,5,3,1.005,5352,1070.4,LH.MB,2,2,2,"[MBL2, MBL3] -> LH.MBL2 -> [LHL2, LHL3]",MB,2,MB,3,LH,2,LH,3
22776,mixed,LAT->mix,LAT,mix,1,0,3,5,1,1.0,2938,587.6,LH.MB,2,2,2,"[INP.MBL2, MBL2] -> LH.MBL2 -> [LHL3, VLNPL2]",INP.MB,2,MB,2,LH,3,VLNP,2
18980,mixed,LAT->FWD,LAT,FWD,2,0,2,5,1,1.0,3339,667.8,LH.MB,2,2,2,"[LHL2, MBL2] -> LH.MBL2 -> [LHL3, VLNPL3]",LH,2,MB,2,LH,3,VLNP,3
18980,mixed,mix->FWD,mix,FWD,2,1,1,5,1,1.0,3967,793.4,LH.MB,2,2,2,"[LH.SNPL3, MBL2] -> LH.MBL2 -> [LHL3, VLNPL3]",LH.SNP,3,MB,2,LH,3,VLNP,3
18980,mixed,LAT->FWD,LAT,FWD,2,0,2,5,1,1.0,3293,658.6,LH.MB,2,2,2,"[MBL2, MB.SNPL2] -> LH.MBL2 -> [LHL3, VLNPL3]",MB,2,MB.SNP,2,LH,3,VLNP,3
17082,mixed,mix->mix,mix,mix,1,1,2,5,1,1.0,5619,1123.8,LH.MB,2,2,2,"[MBL2, MBL3] -> LH.MBL2 -> [LHL3, VLNPL2]",MB,2,MB,3,LH,3,VLNP,2
16140,mixed,mix->mix,mix,mix,1,1,2,5,2,1.863,1664,332.8,LH.MB,2,2,2,"[AL.LHL2, LHL3] -> LH.MBL2 -> [AL.MBL2, LH.SNPL3]",AL.LH,2,LH,3,AL.MB,2,LH.SNP,3
15484,mixed,LAT->FWD,LAT,FWD,2,0,2,5,3,1.04,3299,659.8,LH.MB,2,2,2,"[INP.MBL2, MBL2] -> LH.MBL2 -> [LHL3, LH.SNPL3]",INP.MB,2,MB,2,LH,3,LH.SNP,3
15374,mixed,LAT->mix,LAT,mix,1,0,3,5,3,1.025,2635,527.0,LH.MB,2,2,2,"[MBL2, MB.SNPL2] -> LH.MBL2 -> [LHL2, LHL3]",MB,2,MB.SNP,2,LH,2,LH,3
15369,mixed,mix->mix,mix,mix,1,1,2,5,3,1.024,3309,661.8,LH.MB,2,2,2,"[LH.SNPL3, MBL2] -> LH.MBL2 -> [LHL2, LHL3]",LH.SNP,3,MB,2,LH,2,LH,3
15184,mixed,LAT->mix,LAT,mix,1,0,3,5,1,1.0,2620,524.0,LH.MB,2,2,2,"[INP.MBL2, MBL2] -> LH.MBL2 -> [AL.VLNPL2, LHL3]",INP.MB,2,MB,2,AL.VLNP,2,LH,3
15184,mixed,LAT->FWD,LAT,FWD,2,0,2,5,1,1.0,2620,524.0,LH.MB,2,2,2,"[INP.MBL2, MBL2] -> LH.MBL2 -> [LHL3, LH.VLNPL3]",INP.MB,2,MB,2,LH,3,LH.VLNP,3
14600,mixed,mix->mix,mix,mix,1,1,2,5,1,1.0,3339,667.8,LH.MB,2,2,2,"[LHL3, MBL2] -> LH.MBL2 -> [LHL2, VLNPL3]",LH,3,MB,2,LH,2,VLNP,3
13590,mixed,mix->mix,mix,mix,1,1,2,5,2,1.875,1497,299.4,LH.MB,2,2,2,"[LHL3, MB.SNPL2] -> LH.MBL2 -> [AL.MBL2, LH.SNPL3]",LH,3,MB.SNP,2,AL.MB,2,LH.SNP,3
12036,mixed,mix->mix,mix,mix,1,1,2,5,2,1.999,1497,299.4,LH.MB,2,2,2,"[AL.MBL2, LHL3] -> LH.MBL2 -> [LH.SNPL3, MB.SNPL2]",AL.MB,2,LH,3,LH.SNP,3,MB.SNP,2
11680,mixed,LAT->mix,LAT,mix,1,0,3,5,1,1.0,2838,567.6,LH.MB,2,2,2,"[INP.MBL2, MBL2] -> LH.MBL2 -> [LHL2, VLNPL3]",INP.MB,2,MB,2,LH,2,VLNP,3
11673,mixed,mix->FWD,mix,FWD,2,1,1,5,3,1.05,5980,1196.0,LH.MB,2,2,2,"[MBL2, MBL3] -> LH.MBL2 -> [LHL3, LH.SNPL3]",MB,2,MB,3,LH,3,LH.SNP,3
152250,mixed,mix->mix,mix,mix,1,1,2,5,1,1.0,5122,1024.4,LH.MB,3,2,2,"[MB.VLNPL3, VLNPL2] -> LH.MBL3 -> [MBL2, MBL3]",MB.VLNP,3,VLNP,2,MB,2,MB,3
95256,mixed,FWD->mix,FWD,mix,2,1,1,5,1,1.0,5034,1006.8,LH.MB,3,2,2,"[AL.LHL2, MBL2] -> LH.MBL3 -> [AL.MBL2, MBL3]",AL.LH,2,MB,2,AL.MB,2,MB,3
91350,mixed,mix->mix,mix,mix,1,1,2,5,1,1.0,5670,1134.0,LH.MB,3,2,2,"[ALL2, MB.VLNPL3] -> LH.MBL3 -> [MBL2, MBL3]",AL,2,MB.VLNP,3,MB,2,MB,3
91350,mixed,mix->mix,mix,mix,1,1,2,5,1,1.0,4976,995.2,LH.MB,3,2,2,"[AL.LHL2, MB.VLNPL3] -> LH.MBL3 -> [MBL2, MBL3]",AL.LH,2,MB.VLNP,3,MB,2,MB,3
91350,mixed,LAT->mix,LAT,mix,0,1,3,5,1,1.0,5483,1096.6,LH.MB,3,2,2,"[LH.SNPL3, MB.VLNPL3] -> LH.MBL3 -> [MBL2, MBL3]",LH.SNP,3,MB.VLNP,3,MB,2,MB,3
91350,mixed,mix->mix,mix,mix,1,1,2,5,1,1.0,5253,1050.6,LH.MB,3,2,2,"[MB.VLNPL3, OL.VLNPL2] -> LH.MBL3 -> [MBL2, MBL3]",MB.VLNP,3,OL.VLNP,2,MB,2,MB,3
81648,mixed,mix->mix,mix,mix,1,1,2,5,1,1.0,5404,1080.8,LH.MB,3,2,2,"[LHL3, MBL2] -> LH.MBL3 -> [AL.MBL2, MBL3]",LH,3,MB,2,AL.MB,2,MB,3
68250,mixed,mix->LAT,mix,LAT,1,0,3,5,1,1.0,4977,995.4,LH.MB,3,2,2,"[MB.VLNPL3, VLNPL2] -> LH.MBL3 -> [MBL3, SNPL3]",MB.VLNP,3,VLNP,2,MB,3,SNP,3
65250,mixed,FWD->mix,FWD,mix,2,1,1,5,1,1.0,5943,1188.6,LH.MB,3,2,2,"[ALL2, VLNPL2] -> LH.MBL3 -> [MBL2, MBL3]",AL,2,VLNP,2,MB,2,MB,3
65250,mixed,FWD->mix,FWD,mix,2,1,1,5,1,1.0,5249,1049.8,LH.MB,3,2,2,"[AL.LHL2, VLNPL2] -> LH.MBL3 -> [MBL2, MBL3]",AL.LH,2,VLNP,2,MB,2,MB,3
65250,mixed,mix->mix,mix,mix,1,1,2,5,1,1.0,5756,1151.2,LH.MB,3,2,2,"[LH.SNPL3, VLNPL2] -> LH.MBL3 -> [MBL2, MBL3]",LH.SNP,3,VLNP,2,MB,2,MB,3
65250,mixed,FWD->mix,FWD,mix,2,1,1,5,1,1.0,5526,1105.2,LH.MB,3,2,2,"[OL.VLNPL2, VLNPL2] -> LH.MBL3 -> [MBL2, MBL3]",OL.VLNP,2,VLNP,2,MB,2,MB,3
60900,mixed,LAT->mix,LAT,mix,0,1,3,5,1,1.0,4821,964.2,LH.MB,3,2,2,"[INP.VMNPL3, MB.VLNPL3] -> LH.MBL3 -> [MBL2, MBL3]",INP.VMNP,3,MB.VLNP,3,MB,2,MB,3
60900,mixed,mix->mix,mix,mix,1,1,2,5,1,1.0,4855,971.0,LH.MB,3,2,2,"[LHL2, MB.VLNPL3] -> LH.MBL3 -> [MBL2, MBL3]",LH,2,MB.VLNP,3,MB,2,MB,3
60900,mixed,LAT->mix,LAT,mix,0,1,3,5,1,1.0,6528,1305.6,LH.MB,3,2,2,"[MB.VLNPL3, SNPL3] -> LH.MBL3 -> [MBL2, MBL3]",MB.VLNP,3,SNP,3,MB,2,MB,3
60900,mixed,LAT->mix,LAT,mix,0,1,3,5,1,1.0,5513,1102.6,LH.MB,3,2,2,"[MB.VLNPL3, VLNPL3] -> LH.MBL3 -> [MBL2, MBL3]",MB.VLNP,3,VLNP,3,MB,2,MB,3
60480,mixed,FWD->mix,FWD,mix,2,1,1,5,1,1.0,5034,1006.8,LH.MB,3,2,2,"[AL.MBL2, MBL2] -> LH.MBL3 -> [AL.LHL2, MBL3]",AL.MB,2,MB,2,AL.LH,2,MB,3
55836,mixed,FWD->LAT,FWD,LAT,2,0,2,5,2,1.579,5067,1013.4,LH.MB,3,2,2,"[AL.LHL2, MBL2] -> LH.MBL3 -> [INP.MBL3, MBL3]",AL.LH,2,MB,2,INP.MB,3,MB,3
54432,mixed,FWD->mix,FWD,mix,2,1,1,5,1,1.0,4913,982.6,LH.MB,3,2,2,"[LHL2, MBL2] -> LH.MBL3 -> [AL.MBL2, MBL3]",LH,2,MB,2,AL.MB,2,MB,3
52884,mixed,FWD->LAT,FWD,LAT,2,0,2,5,2,1.184,4998,999.6,LH.MB,3,2,2,"[AL.MBL2, MBL2] -> LH.MBL3 -> [INP.MBL3, MBL3]",AL.MB,2,MB,2,INP.MB,3,MB,3
15,mixed,mix->mix,mix,mix,1,1,2,9,2,1.8,70587,7843.0,LH.OL,2,2,2,"[OLL2, OLL3] -> LH.OLL2 -> [LH.VLNPL3, VLNP.VMNPL2]",OL,2,OL,3,LH.VLNP,3,VLNP.VMNP,2
12,mixed,BWD->mix,BWD,mix,1,2,1,9,2,1.385,31794,3532.667,LH.OL,2,2,2,"[GNG.VLNPL3, OLL3] -> LH.OLL2 -> [LH.VLNPL3, VLNP.VMNPL2]",GNG.VLNP,3,OL,3,LH.VLNP,3,VLNP.VMNP,2
10,mixed,BWD->FWD,BWD,FWD,2,2,0,9,1,1.0,32316,3590.667,LH.OL,2,2,2,"[GNG.LHL3, OLL3] -> LH.OLL2 -> [LHL3, VLNP.VMNPL3]",GNG.LH,3,OL,3,LH,3,VLNP.VMNP,3
10,mixed,mix->FWD,mix,FWD,2,1,1,9,1,1.0,71140,7904.444,LH.OL,2,2,2,"[OLL2, OLL3] -> LH.OLL2 -> [LHL3, VLNP.VMNPL3]",OL,2,OL,3,LH,3,VLNP.VMNP,3
40,mixed,BWD->mix,BWD,mix,1,2,1,1,1,1.0,1647,1647.0,LH.PENP,1,2,2,"[AL.LHL2, GNGL2] -> LH.PENPL1 -> [PENPL1, PENPL2]",AL.LH,2,GNG,2,PENP,1,PENP,2
40,mixed,BWD->FWD,BWD,FWD,2,2,0,1,1,1.0,1672,1672.0,LH.PENP,1,2,2,"[AL.LHL2, GNGL2] -> LH.PENPL1 -> [PENPL2, PENP.SNPL2]",AL.LH,2,GNG,2,PENP,2,PENP.SNP,2
20,mixed,BWD->mix,BWD,mix,1,2,1,1,1,1.0,1172,1172.0,LH.PENP,1,2,2,"[AL.LHL2, GNGL2] -> LH.PENPL1 -> [PENPL1, PENP.SNPL2]",AL.LH,2,GNG,2,PENP,1,PENP.SNP,2
20,mixed,BWD->mix,BWD,mix,1,2,1,1,1,1.0,1578,1578.0,LH.PENP,1,2,2,"[AL.MBL2, GNGL2] -> LH.PENPL1 -> [PENPL1, PENPL2]",AL.MB,2,GNG,2,PENP,1,PENP,2
20,mixed,BWD->FWD,BWD,FWD,2,2,0,1,1,1.0,1603,1603.0,LH.PENP,1,2,2,"[AL.MBL2, GNGL2] -> LH.PENPL1 -> [PENPL2, PENP.SNPL2]",AL.MB,2,GNG,2,PENP,2,PENP.SNP,2
20,mixed,BWD->mix,BWD,mix,1,2,1,1,1,1.0,1520,1520.0,LH.PENP,1,2,2,"[GNGL2, PENPL2] -> LH.PENPL1 -> [PENPL1, PENP.SNPL2]",GNG,2,PENP,2,PENP,1,PENP.SNP,2
16,mixed,BWD->mix,BWD,mix,1,2,1,1,1,1.0,983,983.0,LH.PENP,1,2,2,"[AL.LHL2, AL.MBL2] -> LH.PENPL1 -> [PENPL1, PENPL2]",AL.LH,2,AL.MB,2,PENP,1,PENP,2
16,mixed,BWD->FWD,BWD,FWD,2,2,0,1,1,1.0,1008,1008.0,LH.PENP,1,2,2,"[AL.LHL2, AL.MBL2] -> LH.PENPL1 -> [PENPL2, PENP.SNPL2]",AL.LH,2,AL.MB,2,PENP,2,PENP.SNP,2
16,mixed,BWD->mix,BWD,mix,1,2,1,1,1,1.0,925,925.0,LH.PENP,1,2,2,"[AL.LHL2, PENPL2] -> LH.PENPL1 -> [PENPL1, PENP.SNPL2]",AL.LH,2,PENP,2,PENP,1,PENP.SNP,2
10,mixed,BWD->mix,BWD,mix,1,2,1,1,1,1.0,1439,1439.0,LH.PENP,1,2,2,"[AL.GNGL2, GNGL2] -> LH.PENPL1 -> [PENPL1, PENPL2]",AL.GNG,2,GNG,2,PENP,1,PENP,2
10,mixed,BWD->FWD,BWD,FWD,2,2,0,1,1,1.0,1464,1464.0,LH.PENP,1,2,2,"[AL.GNGL2, GNGL2] -> LH.PENPL1 -> [PENPL2, PENP.SNPL2]",AL.GNG,2,GNG,2,PENP,2,PENP.SNP,2
10,mixed,BWD->mix,BWD,mix,1,2,1,1,1,1.0,1103,1103.0,LH.PENP,1,2,2,"[AL.MBL2, GNGL2] -> LH.PENPL1 -> [PENPL1, PENP.SNPL2]",AL.MB,2,GNG,2,PENP,1,PENP.SNP,2
10,mixed,BWD->mix,BWD,mix,1,2,1,1,1,1.0,1435,1435.0,LH.PENP,1,2,2,"[AL.PENPL2, GNGL2] -> LH.PENPL1 -> [PENPL1, PENPL2]",AL.PENP,2,GNG,2,PENP,1,PENP,2
10,mixed,BWD->FWD,BWD,FWD,2,2,0,1,1,1.0,1460,1460.0,LH.PENP,1,2,2,"[AL.PENPL2, GNGL2] -> LH.PENPL1 -> [PENPL2, PENP.SNPL2]",AL.PENP,2,GNG,2,PENP,2,PENP.SNP,2
10,mixed,mix->mix,mix,mix,1,1,2,1,1,1.0,1436,1436.0,LH.PENP,1,2,2,"[AL.SNPL1, GNGL2] -> LH.PENPL1 -> [PENPL1, PENPL2]",AL.SNP,1,GNG,2,PENP,1,PENP,2
10,mixed,mix->FWD,mix,FWD,2,1,1,1,1,1.0,1461,1461.0,LH.PENP,1,2,2,"[AL.SNPL1, GNGL2] -> LH.PENPL1 -> [PENPL2, PENP.SNPL2]",AL.SNP,1,GNG,2,PENP,2,PENP.SNP,2
10,mixed,BWD->mix,BWD,mix,1,2,1,1,1,1.0,1435,1435.0,LH.PENP,1,2,2,"[GNGL2, GNG.LHL2] -> LH.PENPL1 -> [PENPL1, PENPL2]",GNG,2,GNG.LH,2,PENP,1,PENP,2
10,mixed,BWD->FWD,BWD,FWD,2,2,0,1,1,1.0,1460,1460.0,LH.PENP,1,2,2,"[GNGL2, GNG.LHL2] -> LH.PENPL1 -> [PENPL2, PENP.SNPL2]",GNG,2,GNG.LH,2,PENP,2,PENP.SNP,2
10,mixed,BWD->mix,BWD,mix,1,2,1,1,1,1.0,1457,1457.0,LH.PENP,1,2,2,"[GNGL2, GNG.SNPL2] -> LH.PENPL1 -> [PENPL1, PENPL2]",GNG,2,GNG.SNP,2,PENP,1,PENP,2
10,mixed,BWD->FWD,BWD,FWD,2,2,0,1,1,1.0,1482,1482.0,LH.PENP,1,2,2,"[GNGL2, GNG.SNPL2] -> LH.PENPL1 -> [PENPL2, PENP.SNPL2]",GNG,2,GNG.SNP,2,PENP,2,PENP.SNP,2
56032,mixed,mix->FWD,mix,FWD,2,1,1,80,3,1.073,6010,75.125,LH.SNP,2,2,2,"[MBL2, MBL3] -> LH.SNPL2 -> [LHL3, VLNPL3]",MB,2,MB,3,LH,3,VLNP,3
44416,mixed,LAT->FWD,LAT,FWD,2,0,2,80,2,1.053,3329,41.612,LH.SNP,2,2,2,"[INP.MBL2, MBL2] -> LH.SNPL2 -> [LHL3, VLNPL3]",INP.MB,2,MB,2,LH,3,VLNP,3
28224,mixed,mix->mix,mix,mix,1,1,2,80,3,1.088,5619,70.237,LH.SNP,2,2,2,"[MBL2, MBL3] -> LH.SNPL2 -> [LHL3, VLNPL2]",MB,2,MB,3,LH,3,VLNP,2
27112,mixed,mix->FWD,mix,FWD,2,1,1,80,11,2.115,3285,41.062,LH.SNP,2,2,2,"[AL.LHL2, LHL3] -> LH.SNPL2 -> [LH.SNPL3, SNPL3]",AL.LH,2,LH,3,LH.SNP,3,SNP,3
26152,mixed,mix->mix,mix,mix,1,1,2,80,8,1.432,1891,23.637,LH.SNP,2,2,2,"[AL.LHL2, LHL3] -> LH.SNPL2 -> [LH.SNPL3, SNPL2]",AL.LH,2,LH,3,LH.SNP,3,SNP,2
22264,mixed,mix->FWD,mix,FWD,2,1,1,80,3,1.197,5980,74.75,LH.SNP,2,2,2,"[MBL2, MBL3] -> LH.SNPL2 -> [LHL3, LH.SNPL3]",MB,2,MB,3,LH,3,LH.SNP,3
22016,mixed,LAT->mix,LAT,mix,1,0,3,80,2,1.035,2938,36.725,LH.SNP,2,2,2,"[INP.MBL2, MBL2] -> LH.SNPL2 -> [LHL3, VLNPL2]",INP.MB,2,MB,2,LH,3,VLNP,2
20280,mixed,mix->mix,mix,mix,1,1,2,80,1,1.0,5390,67.375,LH.SNP,2,2,2,"[MBL2, MBL3] -> LH.SNPL2 -> [LHL3, VLNP.VMNPL2]",MB,2,MB,3,LH,3,VLNP.VMNP,2
17872,mixed,mix->mix,mix,mix,1,1,2,80,3,1.643,5352,66.9,LH.SNP,2,2,2,"[MBL2, MBL3] -> LH.SNPL2 -> [LHL2, LHL3]",MB,2,MB,3,LH,2,LH,3
16884,mixed,mix->mix,mix,mix,1,1,2,80,3,1.029,5786,72.325,LH.SNP,2,2,2,"[MBL2, MBL3] -> LH.SNPL2 -> [VLNPL2, VLNPL3]",MB,2,MB,3,VLNP,2,VLNP,3
16608,mixed,LAT->FWD,LAT,FWD,2,0,2,80,2,1.047,3299,41.237,LH.SNP,2,2,2,"[INP.MBL2, MBL2] -> LH.SNPL2 -> [LHL3, LH.SNPL3]",INP.MB,2,MB,2,LH,3,LH.SNP,3
16224,mixed,LAT->mix,LAT,mix,1,0,3,80,1,1.0,2709,33.862,LH.SNP,2,2,2,"[INP.MBL2, MBL2] -> LH.SNPL2 -> [LHL3, VLNP.VMNPL2]",INP.MB,2,MB,2,LH,3,VLNP.VMNP,2
15888,mixed,mix->mix,mix,mix,1,1,2,80,3,1.358,5301,66.263,LH.SNP,2,2,2,"[MBL2, MBL3] -> LH.SNPL2 -> [AL.VLNPL2, LHL3]",MB,2,MB,3,AL.VLNP,2,LH,3
15657,mixed,mix->mix,mix,mix,1,1,2,80,10,2.18,2936,36.7,LH.SNP,2,2,2,"[AL.LHL2, LHL3] -> LH.SNPL2 -> [SNPL2, SNPL3]",AL.LH,2,LH,3,SNP,2,SNP,3
13456,mixed,LAT->mix,LAT,mix,1,0,3,80,2,1.022,3105,38.812,LH.SNP,2,2,2,"[INP.MBL2, MBL2] -> LH.SNPL2 -> [VLNPL2, VLNPL3]",INP.MB,2,MB,2,VLNP,2,VLNP,3
13120,mixed,mix->FWD,mix,FWD,2,1,1,80,2,1.408,3967,49.587,LH.SNP,2,2,2,"[LH.SNPL3, MBL2] -> LH.SNPL2 -> [LHL3, VLNPL3]",LH.SNP,3,MB,2,LH,3,VLNP,3
12824,mixed,mix->FWD,mix,FWD,2,1,1,80,3,1.055,6147,76.838,LH.SNP,2,2,2,"[MBL2, MBL3] -> LH.SNPL2 -> [LH.SNPL3, VLNPL3]",MB,2,MB,3,LH.SNP,3,VLNP,3
12798,mixed,LAT->FWD,LAT,FWD,2,0,2,80,5,1.41,2657,33.212,LH.SNP,2,2,2,"[AL.LHL2, LHL2] -> LH.SNPL2 -> [LHL3, SNPL3]",AL.LH,2,LH,2,LH,3,SNP,3
12601,mixed,LAT->FWD,LAT,FWD,2,0,2,80,5,2.014,1612,20.15,LH.SNP,2,2,2,"[AL.LHL2, LHL2] -> LH.SNPL2 -> [LHL3, LH.SNPL3]",AL.LH,2,LH,2,LH,3,LH.SNP,3
12480,mixed,mix->mix,mix,mix,1,1,2,80,1,1.0,5557,69.463,LH.SNP,2,2,2,"[MBL2, MBL3] -> LH.SNPL2 -> [VLNPL3, VLNP.VMNPL2]",MB,2,MB,3,VLNP,3,VLNP.VMNP,2
9701,mixed,FWD->LAT,FWD,LAT,2,0,2,721,105,22.249,2709,3.757,LH.SNP,3,2,2,"[AL.LHL2, AL.MBL2] -> LH.SNPL3 -> [LHL3, SNPL3]",AL.LH,2,AL.MB,2,LH,3,SNP,3
8176,mixed,FWD->LAT,FWD,LAT,2,0,2,721,1,1.0,3339,4.631,LH.SNP,3,2,2,"[LHL2, MBL2] -> LH.SNPL3 -> [LHL3, VLNPL3]",LH,2,MB,2,LH,3,VLNP,3
5273,mixed,FWD->mix,FWD,mix,2,1,1,721,35,6.778,2218,3.076,LH.SNP,3,2,2,"[AL.LHL2, AL.MBL2] -> LH.SNPL3 -> [LHL2, SNPL3]",AL.LH,2,AL.MB,2,LH,2,SNP,3
5256,mixed,mix->mix,mix,mix,1,1,2,721,1,1.0,3460,4.799,LH.SNP,3,2,2,"[LHL3, MBL2] -> LH.SNPL3 -> [AL.LHL2, VLNPL3]",LH,3,MB,2,AL.LH,2,VLNP,3
5256,mixed,mix->mix,mix,mix,1,1,2,721,1,1.0,3288,4.56,LH.SNP,3,2,2,"[LHL3, MBL2] -> LH.SNPL3 -> [AL.VLNPL2, VLNPL3]",LH,3,MB,2,AL.VLNP,2,VLNP,3
5256,mixed,mix->mix,mix,mix,1,1,2,721,1,1.0,3339,4.631,LH.SNP,3,2,2,"[LHL3, MBL2] -> LH.SNPL3 -> [LHL2, VLNPL3]",LH,3,MB,2,LH,2,VLNP,3
5256,mixed,mix->mix,mix,mix,1,1,2,721,1,1.0,3326,4.613,LH.SNP,3,2,2,"[LHL3, MBL2] -> LH.SNPL3 -> [LH.SNPL2, VLNPL3]",LH,3,MB,2,LH.SNP,2,VLNP,3
5256,mixed,mix->LAT,mix,LAT,1,0,3,721,1,1.0,5012,6.951,LH.SNP,3,2,2,"[LHL3, MBL2] -> LH.SNPL3 -> [SNPL3, VLNPL3]",LH,3,MB,2,SNP,3,VLNP,3
5256,mixed,mix->mix,mix,mix,1,1,2,721,1,1.0,3606,5.001,LH.SNP,3,2,2,"[LHL3, MBL2] -> LH.SNPL3 -> [VLNPL2, VLNPL3]",LH,3,MB,2,VLNP,2,VLNP,3
5256,mixed,mix->mix,mix,mix,1,1,2,721,1,1.0,3377,4.684,LH.SNP,3,2,2,"[LHL3, MBL2] -> LH.SNPL3 -> [VLNPL3, VLNP.VMNPL2]",LH,3,MB,2,VLNP,3,VLNP.VMNP,2
4970,mixed,mix->mix,mix,mix,1,1,2,721,69,13.886,2867,3.976,LH.SNP,3,2,2,"[AL.MBL2, LHL3] -> LH.SNPL3 -> [SNPL2, SNPL3]",AL.MB,2,LH,3,SNP,2,SNP,3
4680,mixed,FWD->mix,FWD,mix,2,1,1,721,78,25.934,2497,3.463,LH.SNP,3,2,2,"[AL.LHL2, AL.MBL2] -> LH.SNPL3 -> [SNPL2, SNPL3]",AL.LH,2,AL.MB,2,SNP,2,SNP,3
4611,mixed,mix->mix,mix,mix,1,1,2,721,38,7.912,2657,3.685,LH.SNP,3,2,2,"[AL.LHL2, LHL3] -> LH.SNPL3 -> [LHL2, SNPL3]",AL.LH,2,LH,3,LH,2,SNP,3
4515,mixed,mix->mix,mix,mix,1,1,2,721,69,19.122,2936,4.072,LH.SNP,3,2,2,"[AL.LHL2, LHL3] -> LH.SNPL3 -> [SNPL2, SNPL3]",AL.LH,2,LH,3,SNP,2,SNP,3
4114,mixed,FWD->LAT,FWD,LAT,2,0,2,721,3,1.013,4354,6.039,LH.SNP,3,2,2,"[LHL2, MBL2] -> LH.SNPL3 -> [LHL3, SNPL3]",LH,2,MB,2,LH,3,SNP,3
4090,mixed,FWD->mix,FWD,mix,2,1,1,721,2,1.001,2948,4.089,LH.SNP,3,2,2,"[LHL2, MBL2] -> LH.SNPL3 -> [LHL3, VLNPL2]",LH,2,MB,2,LH,3,VLNP,2
4088,mixed,FWD->LAT,FWD,LAT,2,0,2,721,1,1.0,3460,4.799,LH.SNP,3,2,2,"[AL.LHL2, MBL2] -> LH.SNPL3 -> [LHL3, VLNPL3]",AL.LH,2,MB,2,LH,3,VLNP,3
4088,mixed,FWD->LAT,FWD,LAT,2,0,2,721,1,1.0,3329,4.617,LH.SNP,3,2,2,"[INP.MBL2, MBL2] -> LH.SNPL3 -> [LHL3, VLNPL3]",INP.MB,2,MB,2,LH,3,VLNP,3
4088,mixed,FWD->mix,FWD,mix,2,1,1,721,1,1.0,2802,3.886,LH.SNP,3,2,2,"[LHL2, MBL2] -> LH.SNPL3 -> [AL.LHL2, LHL3]",LH,2,MB,2,AL.LH,2,LH,3
4088,mixed,FWD->mix,FWD,mix,2,1,1,721,1,1.0,2630,3.648,LH.SNP,3,2,2,"[LHL2, MBL2] -> LH.SNPL3 -> [AL.VLNPL2, LHL3]",LH,2,MB,2,AL.VLNP,2,LH,3
392,mixed,mix->FWD,mix,FWD,3,0,1,9,1,1.0,2043,227.0,LH.VLNP,2,2,2,"[ALL1, AL.VLNPL2] -> LH.VLNPL2 -> [INPL3, LH.VLNPL3]",AL,1,AL.VLNP,2,INP,3,LH.VLNP,3
392,mixed,mix->FWD,mix,FWD,3,0,1,9,1,1.0,2470,274.444,LH.VLNP,2,2,2,"[ALL1, AL.VLNPL2] -> LH.VLNPL2 -> [LHL3, LH.VLNPL3]",AL,1,AL.VLNP,2,LH,3,LH.VLNP,3
392,mixed,mix->FWD,mix,FWD,3,0,1,9,1,1.0,2607,289.667,LH.VLNP,2,2,2,"[ALL1, AL.VLNPL2] -> LH.VLNPL2 -> [LH.SNPL3, LH.VLNPL3]",AL,1,AL.VLNP,2,LH.SNP,3,LH.VLNP,3
196,mixed,mix->mix,mix,mix,2,0,2,9,1,1.0,2031,225.667,LH.VLNP,2,2,2,"[ALL1, AL.VLNPL2] -> LH.VLNPL2 -> [AL.MBL2, LH.VLNPL3]",AL,1,AL.VLNP,2,AL.MB,2,LH.VLNP,3
196,mixed,mix->FWD,mix,FWD,3,0,1,9,1,1.0,2585,287.222,LH.VLNP,2,2,2,"[ALL1, AL.VLNPL2] -> LH.VLNPL2 -> [INPL3, LHL3]",AL,1,AL.VLNP,2,INP,3,LH,3
196,mixed,mix->FWD,mix,FWD,3,0,1,9,1,1.0,2722,302.444,LH.VLNP,2,2,2,"[ALL1, AL.VLNPL2] -> LH.VLNPL2 -> [INPL3, LH.SNPL3]",AL,1,AL.VLNP,2,INP,3,LH.SNP,3
196,mixed,mix->mix,mix,mix,2,1,1,9,1,1.0,1889,209.889,LH.VLNP,2,2,2,"[ALL1, AL.VLNPL2] -> LH.VLNPL2 -> [INP.LHL1, LH.VLNPL3]",AL,1,AL.VLNP,2,INP.LH,1,LH.VLNP,3
196,mixed,mix->FWD,mix,FWD,3,0,1,9,1,1.0,3149,349.889,LH.VLNP,2,2,2,"[ALL1, AL.VLNPL2] -> LH.VLNPL2 -> [LHL3, LH.SNPL3]",AL,1,AL.VLNP,2,LH,3,LH.SNP,3
196,mixed,mix->mix,mix,mix,2,0,2,9,1,1.0,1966,218.444,LH.VLNP,2,2,2,"[ALL1, AL.VLNPL2] -> LH.VLNPL2 -> [LH.SNPL2, LH.VLNPL3]",AL,1,AL.VLNP,2,LH.SNP,2,LH.VLNP,3
196,mixed,mix->FWD,mix,FWD,3,0,1,9,1,1.0,2637,293.0,LH.VLNP,2,2,2,"[ALL1, AL.VLNPL2] -> LH.VLNPL2 -> [LH.VLNPL3, VLNPL3]",AL,1,AL.VLNP,2,LH.VLNP,3,VLNP,3
177,mixed,LAT->FWD,LAT,FWD,2,0,2,9,2,1.107,1019,113.222,LH.VLNP,2,2,2,"[AL.LHL2, AL.VLNPL2] -> LH.VLNPL2 -> [LH.SNPL3, LH.VLNPL3]",AL.LH,2,AL.VLNP,2,LH.SNP,3,LH.VLNP,3
174,mixed,LAT->FWD,LAT,FWD,2,0,2,9,2,1.071,882,98.0,LH.VLNP,2,2,2,"[AL.LHL2, AL.VLNPL2] -> LH.VLNPL2 -> [LHL3, LH.VLNPL3]",AL.LH,2,AL.VLNP,2,LH,3,LH.VLNP,3
174,mixed,LAT->FWD,LAT,FWD,2,0,2,9,2,1.071,1165,129.444,LH.VLNP,2,2,2,"[AL.VLNPL2, VLNPL2] -> LH.VLNPL2 -> [LH.SNPL3, LH.VLNPL3]",AL.VLNP,2,VLNP,2,LH.SNP,3,LH.VLNP,3
172,mixed,LAT->FWD,LAT,FWD,2,0,2,9,2,1.048,1028,114.222,LH.VLNP,2,2,2,"[AL.VLNPL2, VLNPL2] -> LH.VLNPL2 -> [LHL3, LH.VLNPL3]",AL.VLNP,2,VLNP,2,LH,3,LH.VLNP,3
168,mixed,mix->FWD,mix,FWD,3,0,1,9,1,1.0,2215,246.111,LH.VLNP,2,2,2,"[ALL1, AL.LHL2] -> LH.VLNPL2 -> [INPL3, LH.VLNPL3]",AL,1,AL.LH,2,INP,3,LH.VLNP,3
168,mixed,mix->FWD,mix,FWD,3,0,1,9,1,1.0,2642,293.556,LH.VLNP,2,2,2,"[ALL1, AL.LHL2] -> LH.VLNPL2 -> [LHL3, LH.VLNPL3]",AL,1,AL.LH,2,LH,3,LH.VLNP,3
168,mixed,mix->FWD,mix,FWD,3,0,1,9,1,1.0,2779,308.778,LH.VLNP,2,2,2,"[ALL1, AL.LHL2] -> LH.VLNPL2 -> [LH.SNPL3, LH.VLNPL3]",AL,1,AL.LH,2,LH.SNP,3,LH.VLNP,3
168,mixed,mix->FWD,mix,FWD,3,0,1,9,1,1.0,2361,262.333,LH.VLNP,2,2,2,"[ALL1, VLNPL2] -> LH.VLNPL2 -> [INPL3, LH.VLNPL3]",AL,1,VLNP,2,INP,3,LH.VLNP,3
168,mixed,mix->FWD,mix,FWD,3,0,1,9,1,1.0,2788,309.778,LH.VLNP,2,2,2,"[ALL1, VLNPL2] -> LH.VLNPL2 -> [LHL3, LH.VLNPL3]",AL,1,VLNP,2,LH,3,LH.VLNP,3
168,mixed,mix->FWD,mix,FWD,3,0,1,9,1,1.0,2925,325.0,LH.VLNP,2,2,2,"[ALL1, VLNPL2] -> LH.VLNPL2 -> [LH.SNPL3, LH.VLNPL3]",AL,1,VLNP,2,LH.SNP,3,LH.VLNP,3
2616,mixed,mix->LAT,mix,LAT,1,0,3,42,5,2.977,2416,57.524,LH.VLNP,3,2,2,"[VLNPL2, VLNPL3] -> LH.VLNPL3 -> [LHL3, LH.SNPL3]",VLNP,2,VLNP,3,LH,3,LH.SNP,3
2088,mixed,FWD->LAT,FWD,LAT,2,0,2,42,3,1.149,1826,43.476,LH.VLNP,3,2,2,"[VLNPL2, VLNP.VMNPL2] -> LH.VLNPL3 -> [LHL3, VLNPL3]",VLNP,2,VLNP.VMNP,2,LH,3,VLNP,3
2016,mixed,mix->mix,mix,mix,1,1,2,42,1,1.0,1826,43.476,LH.VLNP,3,2,2,"[VLNPL2, VLNPL3] -> LH.VLNPL3 -> [LHL3, VLNP.VMNPL2]",VLNP,2,VLNP,3,LH,3,VLNP.VMNP,2
2016,mixed,mix->mix,mix,mix,1,1,2,42,1,1.0,1826,43.476,LH.VLNP,3,2,2,"[VLNPL3, VLNP.VMNPL2] -> LH.VLNPL3 -> [LHL3, VLNPL2]",VLNP,3,VLNP.VMNP,2,LH,3,VLNP,2
1660,mixed,FWD->LAT,FWD,LAT,2,0,2,42,5,1.776,1909,45.452,LH.VLNP,3,2,2,"[AL.LHL2, VLNPL2] -> LH.VLNPL3 -> [LHL3, VLNPL3]",AL.LH,2,VLNP,2,LH,3,VLNP,3
1264,mixed,FWD->LAT,FWD,LAT,2,0,2,42,5,2.78,1737,41.357,LH.VLNP,3,2,2,"[AL.VLNPL2, VLNPL2] -> LH.VLNPL3 -> [LHL3, VLNPL3]",AL.VLNP,2,VLNP,2,LH,3,VLNP,3
1212,mixed,mix->mix,mix,mix,1,1,2,42,2,1.02,2740,65.238,LH.VLNP,3,2,2,"[ALL2, VLNPL3] -> LH.VLNPL3 -> [LH.SNPL3, VLNPL2]",AL,2,VLNP,3,LH.SNP,3,VLNP,2
1186,mixed,mix->mix,mix,mix,1,1,2,42,6,2.826,1925,45.833,LH.VLNP,3,2,2,"[VLNPL2, VLNPL3] -> LH.VLNPL3 -> [LHL2, LH.SNPL3]",VLNP,2,VLNP,3,LH,2,LH.SNP,3
1168,mixed,FWD->LAT,FWD,LAT,2,0,2,42,5,1.63,1591,37.881,LH.VLNP,3,2,2,"[AL.LHL2, AL.VLNPL2] -> LH.VLNPL3 -> [LHL3, VLNPL3]",AL.LH,2,AL.VLNP,2,LH,3,VLNP,3
1134,mixed,mix->LAT,mix,LAT,1,0,3,42,5,3.177,2098,49.952,LH.VLNP,3,2,2,"[AL.VLNPL2, VLNPL3] -> LH.VLNPL3 -> [LHL3, LH.SNPL3]",AL.VLNP,2,VLNP,3,LH,3,LH.SNP,3
1128,pure_LAT,LAT->LAT,LAT,LAT,0,0,4,42,2,1.34,2246,53.476,LH.VLNP,3,2,2,"[INP.VLNPL3, VLNPL3] -> LH.VLNPL3 -> [LHL3, LH.SNPL3]",INP.VLNP,3,VLNP,3,LH,3,LH.SNP,3
1126,mixed,mix->LAT,mix,LAT,1,0,3,42,6,2.401,3598,85.667,LH.VLNP,3,2,2,"[VLNPL2, VLNPL3] -> LH.VLNPL3 -> [LH.SNPL3, SNPL3]",VLNP,2,VLNP,3,LH.SNP,3,SNP,3
1080,mixed,mix->mix,mix,mix,1,1,2,42,5,2.785,1788,42.571,LH.VLNP,3,2,2,"[VLNPL2, VLNPL3] -> LH.VLNPL3 -> [LHL2, LHL3]",VLNP,2,VLNP,3,LH,2,LH,3
1046,mixed,mix->LAT,mix,LAT,1,0,3,42,4,2.179,1697,40.405,LH.VLNP,3,2,2,"[AL.LHL2, LHL3] -> LH.VLNPL3 -> [SNP.VLNPL3, VLNPL3]",AL.LH,2,LH,3,SNP.VLNP,3,VLNP,3
1026,mixed,mix->LAT,mix,LAT,1,0,3,42,3,1.036,2187,52.071,LH.VLNP,3,2,2,"[VLNPL3, VLNP.VMNPL2] -> LH.VLNPL3 -> [LHL3, LH.SNPL3]",VLNP,3,VLNP.VMNP,2,LH,3,LH.SNP,3
1020,mixed,mix->mix,mix,mix,1,1,2,42,3,2.077,1909,45.452,LH.VLNP,3,2,2,"[AL.LHL2, LHL3] -> LH.VLNPL3 -> [VLNPL2, VLNPL3]",AL.LH,2,LH,3,VLNP,2,VLNP,3
1012,mixed,mix->mix,mix,mix,1,1,2,42,4,2.433,1912,45.524,LH.VLNP,3,2,2,"[VLNPL2, VLNPL3] -> LH.VLNPL3 -> [LH.SNPL2, LH.SNPL3]",VLNP,2,VLNP,3,LH.SNP,2,LH.SNP,3
1008,mixed,mix->LAT,mix,LAT,1,0,3,42,1,1.0,1837,43.738,LH.VLNP,3,2,2,"[VLNPL2, VLNPL3] -> LH.VLNPL3 -> [LHL3, VLNP.VMNPL3]",VLNP,2,VLNP,3,LH,3,VLNP.VMNP,3
1008,mixed,mix->LAT,mix,LAT,1,0,3,42,1,1.0,1608,38.286,LH.VLNP,3,2,2,"[VLNPL3, VLNP.VMNPL2] -> LH.VLNPL3 -> [LHL3, VLNP.VMNPL3]",VLNP,3,VLNP.VMNP,2,LH,3,VLNP.VMNP,3
984,mixed,FWD->LAT,FWD,LAT,2,0,2,42,4,2.008,1788,42.571,LH.VLNP,3,2,2,"[LHL2, VLNPL2] -> LH.VLNPL3 -> [LHL3, VLNPL3]",LH,2,VLNP,2,LH,3,VLNP,3
576,mixed,BWD->mix,BWD,mix,1,2,1,1,1,1.0,1049,1049.0,LH.VMNP,1,2,2,"[AL.LHL2, VLNPL2] -> LH.VMNPL1 -> [GNG.LXL1, VMNPL2]",AL.LH,2,VLNP,2,GNG.LX,1,VMNP,2
576,mixed,BWD->mix,BWD,mix,1,2,1,1,1,1.0,1078,1078.0,LH.VMNP,1,2,2,"[AL.LHL2, VLNPL2] -> LH.VMNPL1 -> [GNG.VMNPL1, VMNPL2]",AL.LH,2,VLNP,2,GNG.VMNP,1,VMNP,2
576,mixed,BWD->mix,BWD,mix,1,2,1,1,1,1.0,1050,1050.0,LH.VMNP,1,2,2,"[AL.LHL2, VLNPL2] -> LH.VMNPL1 -> [INP.LHL1, VMNPL2]",AL.LH,2,VLNP,2,INP.LH,1,VMNP,2
576,mixed,BWD->FWD,BWD,FWD,2,2,0,1,1,1.0,1419,1419.0,LH.VMNP,1,2,2,"[AL.LHL2, VLNPL2] -> LH.VMNPL1 -> [SNPL2, VMNPL2]",AL.LH,2,VLNP,2,SNP,2,VMNP,2
576,mixed,BWD->FWD,BWD,FWD,2,2,0,1,1,1.0,1178,1178.0,LH.VMNP,1,2,2,"[AL.LHL2, VLNPL2] -> LH.VMNPL1 -> [VLNP.VMNPL2, VMNPL2]",AL.LH,2,VLNP,2,VLNP.VMNP,2,VMNP,2
576,mixed,BWD->mix,BWD,mix,1,2,1,1,1,1.0,1161,1161.0,LH.VMNP,1,2,2,"[AL.LHL2, VLNPL2] -> LH.VMNPL1 -> [VMNPL1, VMNPL2]",AL.LH,2,VLNP,2,VMNP,1,VMNP,2
480,mixed,BWD->mix,BWD,mix,1,2,1,1,1,1.0,820,820.0,LH.VMNP,1,2,2,"[AL.LHL2, VLNP.VMNPL2] -> LH.VMNPL1 -> [GNG.LXL1, VMNPL2]",AL.LH,2,VLNP.VMNP,2,GNG.LX,1,VMNP,2
480,mixed,BWD->mix,BWD,mix,1,2,1,1,1,1.0,849,849.0,LH.VMNP,1,2,2,"[AL.LHL2, VLNP.VMNPL2] -> LH.VMNPL1 -> [GNG.VMNPL1, VMNPL2]",AL.LH,2,VLNP.VMNP,2,GNG.VMNP,1,VMNP,2
480,mixed,BWD->mix,BWD,mix,1,2,1,1,1,1.0,821,821.0,LH.VMNP,1,2,2,"[AL.LHL2, VLNP.VMNPL2] -> LH.VMNPL1 -> [INP.LHL1, VMNPL2]",AL.LH,2,VLNP.VMNP,2,INP.LH,1,VMNP,2
480,mixed,BWD->FWD,BWD,FWD,2,2,0,1,1,1.0,1190,1190.0,LH.VMNP,1,2,2,"[AL.LHL2, VLNP.VMNPL2] -> LH.VMNPL1 -> [SNPL2, VMNPL2]",AL.LH,2,VLNP.VMNP,2,SNP,2,VMNP,2
480,mixed,BWD->mix,BWD,mix,1,2,1,1,1,1.0,932,932.0,LH.VMNP,1,2,2,"[AL.LHL2, VLNP.VMNPL2] -> LH.VMNPL1 -> [VMNPL1, VMNPL2]",AL.LH,2,VLNP.VMNP,2,VMNP,1,VMNP,2
360,mixed,BWD->mix,BWD,mix,1,2,1,1,1,1.0,966,966.0,LH.VMNP,1,2,2,"[VLNPL2, VLNP.VMNPL2] -> LH.VMNPL1 -> [GNG.LXL1, VMNPL2]",VLNP,2,VLNP.VMNP,2,GNG.LX,1,VMNP,2
360,mixed,BWD->mix,BWD,mix,1,2,1,1,1,1.0,995,995.0,LH.VMNP,1,2,2,"[VLNPL2, VLNP.VMNPL2] -> LH.VMNPL1 -> [GNG.VMNPL1, VMNPL2]",VLNP,2,VLNP.VMNP,2,GNG.VMNP,1,VMNP,2
360,mixed,BWD->mix,BWD,mix,1,2,1,1,1,1.0,967,967.0,LH.VMNP,1,2,2,"[VLNPL2, VLNP.VMNPL2] -> LH.VMNPL1 -> [INP.LHL1, VMNPL2]",VLNP,2,VLNP.VMNP,2,INP.LH,1,VMNP,2
360,mixed,BWD->FWD,BWD,FWD,2,2,0,1,1,1.0,1336,1336.0,LH.VMNP,1,2,2,"[VLNPL2, VLNP.VMNPL2] -> LH.VMNPL1 -> [SNPL2, VMNPL2]",VLNP,2,VLNP.VMNP,2,SNP,2,VMNP,2
360,mixed,BWD->mix,BWD,mix,1,2,1,1,1,1.0,1078,1078.0,LH.VMNP,1,2,2,"[VLNPL2, VLNP.VMNPL2] -> LH.VMNPL1 -> [VMNPL1, VMNPL2]",VLNP,2,VLNP.VMNP,2,VMNP,1,VMNP,2
240,mixed,BWD->mix,BWD,mix,1,2,1,1,1,1.0,731,731.0,LH.VMNP,1,2,2,"[AL.LHL2, AL.VLNPL2] -> LH.VMNPL1 -> [GNG.LXL1, VMNPL2]",AL.LH,2,AL.VLNP,2,GNG.LX,1,VMNP,2
240,mixed,BWD->mix,BWD,mix,1,2,1,1,1,1.0,760,760.0,LH.VMNP,1,2,2,"[AL.LHL2, AL.VLNPL2] -> LH.VMNPL1 -> [GNG.VMNPL1, VMNPL2]",AL.LH,2,AL.VLNP,2,GNG.VMNP,1,VMNP,2
240,mixed,BWD->mix,BWD,mix,1,2,1,1,1,1.0,732,732.0,LH.VMNP,1,2,2,"[AL.LHL2, AL.VLNPL2] -> LH.VMNPL1 -> [INP.LHL1, VMNPL2]",AL.LH,2,AL.VLNP,2,INP.LH,1,VMNP,2
240,mixed,BWD->FWD,BWD,FWD,2,2,0,1,1,1.0,1101,1101.0,LH.VMNP,1,2,2,"[AL.LHL2, AL.VLNPL2] -> LH.VMNPL1 -> [SNPL2, VMNPL2]",AL.LH,2,AL.VLNP,2,SNP,2,VMNP,2
18,mixed,mix->LAT,mix,LAT,1,0,3,2,1,1.0,1848,924.0,LH.VMNP,3,2,2,"[AL.PENPL2, VMNPL3] -> LH.VMNPL3 -> [LH.SNPL3, VLNPL3]",AL.PENP,2,VMNP,3,LH.SNP,3,VLNP,3
18,mixed,mix->LAT,mix,LAT,1,0,3,2,1,1.0,1888,944.0,LH.VMNP,3,2,2,"[AL.VLNPL2, VMNPL3] -> LH.VMNPL3 -> [LH.SNPL3, VLNPL3]",AL.VLNP,2,VMNP,3,LH.SNP,3,VLNP,3
18,mixed,mix->LAT,mix,LAT,1,0,3,2,1,1.0,1939,969.5,LH.VMNP,3,2,2,"[GNG.PENPL2, VMNPL3] -> LH.VMNPL3 -> [LH.SNPL3, VLNPL3]",GNG.PENP,2,VMNP,3,LH.SNP,3,VLNP,3
18,mixed,mix->LAT,mix,LAT,1,0,3,2,1,1.0,1926,963.0,LH.VMNP,3,2,2,"[LH.SNPL2, VMNPL3] -> LH.VMNPL3 -> [LH.SNPL3, VLNPL3]",LH.SNP,2,VMNP,3,LH.SNP,3,VLNP,3
18,mixed,mix->LAT,mix,LAT,1,0,3,2,1,1.0,1977,988.5,LH.VMNP,3,2,2,"[VLNP.VMNPL2, VMNPL3] -> LH.VMNPL3 -> [LH.SNPL3, VLNPL3]",VLNP.VMNP,2,VMNP,3,LH.SNP,3,VLNP,3
18,pure_LAT,LAT->LAT,LAT,LAT,0,0,4,2,1,1.0,1988,994.0,LH.VMNP,3,2,2,"[VLNP.VMNPL3, VMNPL3] -> LH.VMNPL3 -> [LH.SNPL3, VLNPL3]",VLNP.VMNP,3,VMNP,3,LH.SNP,3,VLNP,3
3900,mixed,mix->FWD,mix,FWD,2,1,1,12,1,1.0,554,46.167,LX,1,2,2,"[CX.LXL1, LX.VLNPL2] -> LXL1 -> [LXL2, VLNPL2]",CX.LX,1,LX.VLNP,2,LX,2,VLNP,2
3900,mixed,mix->FWD,mix,FWD,2,1,1,12,1,1.0,39029,3252.417,LX,1,2,2,"[CX.LXL1, OLL2] -> LXL1 -> [LXL2, LX.VLNPL2]",CX.LX,1,OL,2,LX,2,LX.VLNP,2
3900,mixed,BWD->FWD,BWD,FWD,2,2,0,12,1,1.0,39381,3281.75,LX,1,2,2,"[LX.VLNPL2, OLL2] -> LXL1 -> [LXL2, VLNPL2]",LX.VLNP,2,OL,2,LX,2,VLNP,2
3120,mixed,mix->FWD,mix,FWD,2,1,1,12,1,1.0,554,46.167,LX,1,2,2,"[CX.LXL1, VLNPL2] -> LXL1 -> [LXL2, LX.VLNPL2]",CX.LX,1,VLNP,2,LX,2,LX.VLNP,2
3120,mixed,BWD->FWD,BWD,FWD,2,2,0,12,1,1.0,39381,3281.75,LX,1,2,2,"[OLL2, VLNPL2] -> LXL1 -> [LXL2, LX.VLNPL2]",OL,2,VLNP,2,LX,2,LX.VLNP,2
2600,mixed,mix->FWD,mix,FWD,2,1,1,12,1,1.0,268,22.333,LX,1,2,2,"[CX.LXL1, LX.VLNPL2] -> LXL1 -> [LXL2, LX.VMNPL2]",CX.LX,1,LX.VLNP,2,LX,2,LX.VMNP,2
2600,mixed,mix->FWD,mix,FWD,2,1,1,12,1,1.0,39029,3252.417,LX,1,2,2,"[CX.LXL1, LX.VLNPL2] -> LXL1 -> [LXL2, OLL2]",CX.LX,1,LX.VLNP,2,LX,2,OL,2
2600,mixed,BWD->FWD,BWD,FWD,2,2,0,12,1,1.0,39095,3257.917,LX,1,2,2,"[LX.VLNPL2, OLL2] -> LXL1 -> [LXL2, LX.VMNPL2]",LX.VLNP,2,OL,2,LX,2,LX.VMNP,2
2364,mixed,BWD->FWD,BWD,FWD,2,2,0,12,2,1.021,677,56.417,LX,1,2,2,"[LX.VLNPL2, VLNP.VMNPL2] -> LXL1 -> [LXL2, VLNPL2]",LX.VLNP,2,VLNP.VMNP,2,LX,2,VLNP,2
2340,mixed,mix->FWD,mix,FWD,2,1,1,12,1,1.0,234,19.5,LX,1,2,2,"[CX.LXL1, INP.VLNPL2] -> LXL1 -> [LXL2, LX.VLNPL2]",CX.LX,1,INP.VLNP,2,LX,2,LX.VLNP,2
2340,mixed,mix->FWD,mix,FWD,2,1,1,12,1,1.0,325,27.083,LX,1,2,2,"[CX.LXL1, VLNP.VMNPL2] -> LXL1 -> [LXL2, LX.VLNPL2]",CX.LX,1,VLNP.VMNP,2,LX,2,LX.VLNP,2
2340,mixed,BWD->FWD,BWD,FWD,2,2,0,12,1,1.0,586,48.833,LX,1,2,2,"[INP.VLNPL2, LX.VLNPL2] -> LXL1 -> [LXL2, VLNPL2]",INP.VLNP,2,LX.VLNP,2,LX,2,VLNP,2
2340,mixed,BWD->FWD,BWD,FWD,2,2,0,12,1,1.0,39061,3255.083,LX,1,2,2,"[INP.VLNPL2, OLL2] -> LXL1 -> [LXL2, LX.VLNPL2]",INP.VLNP,2,OL,2,LX,2,LX.VLNP,2
2340,mixed,BWD->FWD,BWD,FWD,2,2,0,12,1,1.0,39152,3262.667,LX,1,2,2,"[OLL2, VLNP.VMNPL2] -> LXL1 -> [LXL2, LX.VLNPL2]",OL,2,VLNP.VMNP,2,LX,2,LX.VLNP,2
2128,mixed,BWD->FWD,BWD,FWD,2,2,0,12,2,1.046,620,51.667,LX,1,2,2,"[LX.VLNPL2, VLNPL2] -> LXL1 -> [LXL2, LX.VMNPL2]",LX.VLNP,2,VLNP,2,LX,2,LX.VMNP,2
2080,mixed,BWD->FWD,BWD,FWD,2,2,0,12,1,1.0,39381,3281.75,LX,1,2,2,"[LX.VLNPL2, VLNPL2] -> LXL1 -> [LXL2, OLL2]",LX.VLNP,2,VLNP,2,LX,2,OL,2
1950,mixed,mix->FWD,mix,FWD,2,1,1,12,1,1.0,325,27.083,LX,1,2,2,"[CX.LXL1, LX.VLNPL2] -> LXL1 -> [LXL2, VLNP.VMNPL2]",CX.LX,1,LX.VLNP,2,LX,2,VLNP.VMNP,2
1950,mixed,mix->FWD,mix,FWD,2,1,1,12,1,1.0,39296,3274.667,LX,1,2,2,"[CX.LXL1, OLL2] -> LXL1 -> [LXL2, VLNPL2]",CX.LX,1,OL,2,LX,2,VLNP,2
1950,mixed,BWD->FWD,BWD,FWD,2,2,0,12,1,1.0,39152,3262.667,LX,1,2,2,"[LX.VLNPL2, OLL2] -> LXL1 -> [LXL2, VLNP.VMNPL2]",LX.VLNP,2,OL,2,LX,2,VLNP.VMNP,2
1872,mixed,BWD->FWD,BWD,FWD,2,2,0,12,1,1.0,586,48.833,LX,1,2,2,"[INP.VLNPL2, VLNPL2] -> LXL1 -> [LXL2, LX.VLNPL2]",INP.VLNP,2,VLNP,2,LX,2,LX.VLNP,2
13288,mixed,mix->mix,mix,mix,1,1,2,93,3,1.161,1048,11.269,LX,2,2,2,"[LX.VLNPL2, LX.VLNPL3] -> LXL2 -> [VMNPL2, VMNPL3]",LX.VLNP,2,LX.VLNP,3,VMNP,2,VMNP,3
7002,mixed,mix->mix,mix,mix,1,1,2,93,4,1.278,816,8.774,LX,2,2,2,"[LX.VLNPL2, LX.VLNPL3] -> LXL2 -> [VLNP.VMNPL3, VMNPL2]",LX.VLNP,2,LX.VLNP,3,VLNP.VMNP,3,VMNP,2
6816,mixed,LAT->mix,LAT,mix,1,0,3,93,4,1.22,1014,10.903,LX,2,2,2,"[LX.VLNPL2, LX.VMNPL2] -> LXL2 -> [VMNPL2, VMNPL3]",LX.VLNP,2,LX.VMNP,2,VMNP,2,VMNP,3
6738,mixed,mix->mix,mix,mix,1,1,2,93,2,1.005,1312,14.108,LX,2,2,2,"[LX.VLNPL2, LX.VLNPL3] -> LXL2 -> [VLNPL2, VLNPL3]",LX.VLNP,2,LX.VLNP,3,VLNP,2,VLNP,3
6468,mixed,LAT->mix,LAT,mix,1,0,3,93,4,1.103,1071,11.516,LX,2,2,2,"[LX.VLNPL2, VLNP.VMNPL2] -> LXL2 -> [VMNPL2, VMNPL3]",LX.VLNP,2,VLNP.VMNP,2,VMNP,2,VMNP,3
6098,mixed,mix->mix,mix,mix,1,1,2,93,5,2.337,1425,15.323,LX,2,2,2,"[LX.VLNPL2, LX.VLNPL3] -> LXL2 -> [VLNPL3, VMNPL2]",LX.VLNP,2,LX.VLNP,3,VLNP,3,VMNP,2
5673,mixed,LAT->mix,LAT,mix,1,0,3,93,3,1.026,1278,13.742,LX,2,2,2,"[LX.VLNPL2, LX.VMNPL2] -> LXL2 -> [VLNPL2, VLNPL3]",LX.VLNP,2,LX.VMNP,2,VLNP,2,VLNP,3
5310,mixed,mix->mix,mix,mix,1,1,2,93,3,1.07,1015,10.914,LX,2,2,2,"[LXL3, LX.VLNPL2] -> LXL2 -> [VMNPL2, VMNPL3]",LX,3,LX.VLNP,2,VMNP,2,VMNP,3
5102,mixed,mix->mix,mix,mix,1,1,2,93,5,1.496,749,8.054,LX,2,2,2,"[LX.VLNPL2, LX.VLNPL3] -> LXL2 -> [LXL3, VMNPL2]",LX.VLNP,2,LX.VLNP,3,LX,3,VMNP,2
4974,mixed,mix->mix,mix,mix,1,1,2,93,3,1.073,1293,13.903,LX,2,2,2,"[LX.VLNPL3, LX.VMNPL2] -> LXL2 -> [VLNPL2, VLNPL3]",LX.VLNP,3,LX.VMNP,2,VLNP,2,VLNP,3
4738,mixed,mix->mix,mix,mix,1,1,2,93,7,1.454,1029,11.065,LX,2,2,2,"[LX.VLNPL3, LX.VMNPL2] -> LXL2 -> [VMNPL2, VMNPL3]",LX.VLNP,3,LX.VMNP,2,VMNP,2,VMNP,3
4600,mixed,mix->FWD,mix,FWD,2,1,1,93,3,1.246,717,7.71,LX,2,2,2,"[LX.VLNPL2, LX.VLNPL3] -> LXL2 -> [VLNP.VMNPL3, VMNPL3]",LX.VLNP,2,LX.VLNP,3,VLNP.VMNP,3,VMNP,3
4379,mixed,LAT->mix,LAT,mix,1,0,3,93,7,2.126,1391,14.957,LX,2,2,2,"[LX.VLNPL2, LX.VMNPL2] -> LXL2 -> [VLNPL3, VMNPL2]",LX.VLNP,2,LX.VMNP,2,VLNP,3,VMNP,2
4270,mixed,mix->mix,mix,mix,1,1,2,93,5,1.2,1086,11.677,LX,2,2,2,"[LX.VLNPL3, VLNP.VMNPL2] -> LXL2 -> [VMNPL2, VMNPL3]",LX.VLNP,3,VLNP.VMNP,2,VMNP,2,VMNP,3
4268,mixed,mix->mix,mix,mix,1,1,2,93,3,1.08,713,7.667,LX,2,2,2,"[LX.VLNPL2, LX.VLNPL3] -> LXL2 -> [LX.VMNPL3, VMNPL2]",LX.VLNP,2,LX.VLNP,3,LX.VMNP,3,VMNP,2
4214,mixed,mix->FWD,mix,FWD,2,1,1,93,5,1.507,1094,11.763,LX,2,2,2,"[LX.VLNPL2, LX.VLNPL3] -> LXL2 -> [VLNPL3, VLNP.VMNPL3]",LX.VLNP,2,LX.VLNP,3,VLNP,3,VLNP.VMNP,3
4184,mixed,mix->mix,mix,mix,1,1,2,93,2,1.039,1082,11.634,LX,2,2,2,"[LX.VLNPL2, VLNP.VMNPL3] -> LXL2 -> [VMNPL2, VMNPL3]",LX.VLNP,2,VLNP.VMNP,3,VMNP,2,VMNP,3
4160,mixed,LAT->mix,LAT,mix,1,0,3,93,2,1.027,1127,12.118,LX,2,2,2,"[LX.VLNPL2, OL.VMNPL2] -> LXL2 -> [VMNPL2, VMNPL3]",LX.VLNP,2,OL.VMNP,2,VMNP,2,VMNP,3
4138,mixed,mix->FWD,mix,FWD,2,1,1,93,4,1.476,1027,11.043,LX,2,2,2,"[LX.VLNPL2, LX.VLNPL3] -> LXL2 -> [LXL3, VLNPL3]",LX.VLNP,2,LX.VLNP,3,LX,3,VLNP,3
3958,mixed,mix->mix,mix,mix,1,1,2,93,3,1.019,1243,13.366,LX,2,2,2,"[LX.VLNPL2, LX.VMNPL3] -> LXL2 -> [VLNPL2, VLNPL3]",LX.VLNP,2,LX.VMNP,3,VLNP,2,VLNP,3
1380,mixed,LAT->mix,LAT,mix,0,1,3,75,1,1.0,2142,28.56,LX,3,2,2,"[OL.VLNPL3, VMNPL3] -> LXL3 -> [LX.VLNPL2, LX.VLNPL3]",OL.VLNP,3,VMNP,3,LX.VLNP,2,LX.VLNP,3
1380,mixed,LAT->BWD,LAT,BWD,0,2,2,75,1,1.0,2108,28.107,LX,3,2,2,"[OL.VLNPL3, VMNPL3] -> LXL3 -> [LX.VLNPL2, LX.VMNPL2]",OL.VLNP,3,VMNP,3,LX.VLNP,2,LX.VMNP,2
1380,mixed,LAT->BWD,LAT,BWD,0,2,2,75,1,1.0,2105,28.067,LX,3,2,2,"[OL.VLNPL3, VMNPL3] -> LXL3 -> [LX.VLNPL2, SNP.VLNPL2]",OL.VLNP,3,VMNP,3,LX.VLNP,2,SNP.VLNP,2
920,mixed,LAT->mix,LAT,mix,0,1,3,75,1,1.0,2519,33.587,LX,3,2,2,"[OL.VLNPL3, VLNPL3] -> LXL3 -> [LX.VLNPL2, LX.VLNPL3]",OL.VLNP,3,VLNP,3,LX.VLNP,2,LX.VLNP,3
920,mixed,LAT->BWD,LAT,BWD,0,2,2,75,1,1.0,2485,33.133,LX,3,2,2,"[OL.VLNPL3, VLNPL3] -> LXL3 -> [LX.VLNPL2, LX.VMNPL2]",OL.VLNP,3,VLNP,3,LX.VLNP,2,LX.VMNP,2
920,mixed,LAT->BWD,LAT,BWD,0,2,2,75,1,1.0,2482,33.093,LX,3,2,2,"[OL.VLNPL3, VLNPL3] -> LXL3 -> [LX.VLNPL2, SNP.VLNPL2]",OL.VLNP,3,VLNP,3,LX.VLNP,2,SNP.VLNP,2
920,mixed,mix->mix,mix,mix,1,1,2,75,1,1.0,1899,25.32,LX,3,2,2,"[OL.VLNPL3, VLNP.VMNPL2] -> LXL3 -> [LX.VLNPL2, LX.VLNPL3]",OL.VLNP,3,VLNP.VMNP,2,LX.VLNP,2,LX.VLNP,3
920,mixed,mix->BWD,mix,BWD,1,2,1,75,1,1.0,1865,24.867,LX,3,2,2,"[OL.VLNPL3, VLNP.VMNPL2] -> LXL3 -> [LX.VLNPL2, LX.VMNPL2]",OL.VLNP,3,VLNP.VMNP,2,LX.VLNP,2,LX.VMNP,2
920,mixed,mix->BWD,mix,BWD,1,2,1,75,1,1.0,1862,24.827,LX,3,2,2,"[OL.VLNPL3, VLNP.VMNPL2] -> LXL3 -> [LX.VLNPL2, SNP.VLNPL2]",OL.VLNP,3,VLNP.VMNP,2,LX.VLNP,2,SNP.VLNP,2
920,mixed,LAT->mix,LAT,mix,0,1,3,75,1,1.0,1910,25.467,LX,3,2,2,"[OL.VLNPL3, VLNP.VMNPL3] -> LXL3 -> [LX.VLNPL2, LX.VLNPL3]",OL.VLNP,3,VLNP.VMNP,3,LX.VLNP,2,LX.VLNP,3
920,mixed,LAT->BWD,LAT,BWD,0,2,2,75,1,1.0,1876,25.013,LX,3,2,2,"[OL.VLNPL3, VLNP.VMNPL3] -> LXL3 -> [LX.VLNPL2, LX.VMNPL2]",OL.VLNP,3,VLNP.VMNP,3,LX.VLNP,2,LX.VMNP,2
920,mixed,LAT->BWD,LAT,BWD,0,2,2,75,1,1.0,1873,24.973,LX,3,2,2,"[OL.VLNPL3, VLNP.VMNPL3] -> LXL3 -> [LX.VLNPL2, SNP.VLNPL2]",OL.VLNP,3,VLNP.VMNP,3,LX.VLNP,2,SNP.VLNP,2
828,mixed,mix->mix,mix,mix,1,1,2,75,1,1.0,1842,24.56,LX,3,2,2,"[LX.VLNPL2, OL.VLNPL3] -> LXL3 -> [LX.VLNPL3, LX.VMNPL2]",LX.VLNP,2,OL.VLNP,3,LX.VLNP,3,LX.VMNP,2
828,mixed,mix->mix,mix,mix,1,1,2,75,1,1.0,1839,24.52,LX,3,2,2,"[LX.VLNPL2, OL.VLNPL3] -> LXL3 -> [LX.VLNPL3, SNP.VLNPL2]",LX.VLNP,2,OL.VLNP,3,LX.VLNP,3,SNP.VLNP,2
828,mixed,mix->BWD,mix,BWD,1,2,1,75,1,1.0,1805,24.067,LX,3,2,2,"[LX.VLNPL2, OL.VLNPL3] -> LXL3 -> [LX.VMNPL2, SNP.VLNPL2]",LX.VLNP,2,OL.VLNP,3,LX.VMNP,2,SNP.VLNP,2
690,mixed,LAT->BWD,LAT,BWD,0,2,2,75,1,1.0,1842,24.56,LX,3,2,2,"[LX.VLNPL3, OL.VLNPL3] -> LXL3 -> [LX.VLNPL2, LX.VMNPL2]",LX.VLNP,3,OL.VLNP,3,LX.VLNP,2,LX.VMNP,2
690,mixed,LAT->BWD,LAT,BWD,0,2,2,75,1,1.0,1839,24.52,LX,3,2,2,"[LX.VLNPL3, OL.VLNPL3] -> LXL3 -> [LX.VLNPL2, SNP.VLNPL2]",LX.VLNP,3,OL.VLNP,3,LX.VLNP,2,SNP.VLNP,2
690,mixed,mix->mix,mix,mix,1,1,2,75,1,1.0,2259,30.12,LX,3,2,2,"[OL.VLNPL2, OL.VLNPL3] -> LXL3 -> [LX.VLNPL2, LX.VLNPL3]",OL.VLNP,2,OL.VLNP,3,LX.VLNP,2,LX.VLNP,3
690,mixed,mix->BWD,mix,BWD,1,2,1,75,1,1.0,2225,29.667,LX,3,2,2,"[OL.VLNPL2, OL.VLNPL3] -> LXL3 -> [LX.VLNPL2, LX.VMNPL2]",OL.VLNP,2,OL.VLNP,3,LX.VLNP,2,LX.VMNP,2
690,mixed,mix->BWD,mix,BWD,1,2,1,75,1,1.0,2222,29.627,LX,3,2,2,"[OL.VLNPL2, OL.VLNPL3] -> LXL3 -> [LX.VLNPL2, SNP.VLNPL2]",OL.VLNP,2,OL.VLNP,3,LX.VLNP,2,SNP.VLNP,2
11560,mixed,BWD->mix,BWD,mix,1,2,1,10,2,1.094,71240,7124.0,LX.OL,2,2,2,"[LXL3, VLNPL3] -> LX.OLL2 -> [OLL2, OLL3]",LX,3,VLNP,3,OL,2,OL,3
9144,mixed,BWD->FWD,BWD,FWD,2,2,0,10,2,1.071,33972,3397.2,LX.OL,2,2,2,"[LXL3, VLNPL3] -> LX.OLL2 -> [OLL3, OL.VLNPL3]",LX,3,VLNP,3,OL,3,OL.VLNP,3
7650,mixed,mix->FWD,mix,FWD,2,1,1,10,4,1.722,31855,3185.5,LX.OL,2,2,2,"[LXL2, LXL3] -> LX.OLL2 -> [OLL3, OL.VMNPL3]",LX,2,LX,3,OL,3,OL.VMNP,3
7360,mixed,mix->mix,mix,mix,2,1,1,10,1,1.0,82282,8228.2,LX.OL,2,2,2,"[OLL1, VLNPL3] -> LX.OLL2 -> [OLL2, OLL3]",OL,1,VLNP,3,OL,2,OL,3
7299,mixed,mix->mix,mix,mix,1,1,2,10,4,2.037,31934,3193.4,LX.OL,2,2,2,"[LXL2, LXL3] -> LX.OLL2 -> [OLL3, OL.VMNPL2]",LX,2,LX,3,OL,3,OL.VMNP,2
6048,mixed,mix->mix,mix,mix,1,1,2,10,4,1.622,70582,7058.2,LX.OL,2,2,2,"[LXL2, LXL3] -> LX.OLL2 -> [OLL2, OLL3]",LX,2,LX,3,OL,2,OL,3
6030,mixed,mix->FWD,mix,FWD,2,1,1,10,4,2.498,33314,3331.4,LX.OL,2,2,2,"[LXL2, LXL3] -> LX.OLL2 -> [OLL3, OL.VLNPL3]",LX,2,LX,3,OL,3,OL.VLNP,3
6000,mixed,BWD->mix,BWD,mix,1,2,1,10,5,3.031,70863,7086.3,LX.OL,2,2,2,"[LXL3, VMNPL3] -> LX.OLL2 -> [OLL2, OLL3]",LX,3,VMNP,3,OL,2,OL,3
5888,mixed,mix->FWD,mix,FWD,3,1,0,10,1,1.0,45014,4501.4,LX.OL,2,2,2,"[OLL1, VLNPL3] -> LX.OLL2 -> [OLL3, OL.VLNPL3]",OL,1,VLNP,3,OL,3,OL.VLNP,3
5872,mixed,mix->mix,mix,mix,1,1,2,10,5,2.383,70962,7096.2,LX.OL,2,2,2,"[LXL3, VMNPL2] -> LX.OLL2 -> [OLL2, OLL3]",LX,3,VMNP,2,OL,2,OL,3
5520,mixed,mix->mix,mix,mix,2,1,1,10,1,1.0,81606,8160.6,LX.OL,2,2,2,"[LXL3, OLL1] -> LX.OLL2 -> [OLL2, OLL3]",LX,3,OL,1,OL,2,OL,3
5122,mixed,mix->FWD,mix,FWD,2,1,1,10,5,3.051,33694,3369.4,LX.OL,2,2,2,"[LXL3, VMNPL2] -> LX.OLL2 -> [OLL3, OL.VLNPL3]",LX,3,VMNP,2,OL,3,OL.VLNP,3
5032,mixed,BWD->FWD,BWD,FWD,2,2,0,10,5,2.987,33595,3359.5,LX.OL,2,2,2,"[LXL3, VMNPL3] -> LX.OLL2 -> [OLL3, OL.VLNPL3]",LX,3,VMNP,3,OL,3,OL.VLNP,3
4788,mixed,mix->mix,mix,mix,1,1,2,10,4,2.249,70563,7056.3,LX.OL,2,2,2,"[LXL3, LX.VMNPL2] -> LX.OLL2 -> [OLL2, OLL3]",LX,3,LX.VMNP,2,OL,2,OL,3
4416,mixed,mix->FWD,mix,FWD,3,1,0,10,1,1.0,44338,4433.8,LX.OL,2,2,2,"[LXL3, OLL1] -> LX.OLL2 -> [OLL3, OL.VLNPL3]",LX,3,OL,1,OL,3,OL.VLNP,3
4344,mixed,LAT->FWD,LAT,FWD,2,0,2,10,4,1.463,32253,3225.3,LX.OL,2,2,2,"[LXL2, VMNPL2] -> LX.OLL2 -> [OLL3, OL.VMNPL3]",LX,2,VMNP,2,OL,3,OL.VMNP,3
4020,mixed,LAT->mix,LAT,mix,1,0,3,10,4,1.688,32332,3233.2,LX.OL,2,2,2,"[LXL2, VMNPL2] -> LX.OLL2 -> [OLL3, OL.VMNPL2]",LX,2,VMNP,2,OL,3,OL.VMNP,2
4005,mixed,mix->mix,mix,mix,1,1,2,10,2,1.175,71638,7163.8,LX.OL,2,2,2,"[VLNPL3, VMNPL2] -> LX.OLL2 -> [OLL2, OLL3]",VLNP,3,VMNP,2,OL,2,OL,3
3966,mixed,mix->FWD,mix,FWD,2,1,1,10,4,1.542,32235,3223.5,LX.OL,2,2,2,"[LXL3, VMNPL2] -> LX.OLL2 -> [OLL3, OL.VMNPL3]",LX,3,VMNP,2,OL,3,OL.VMNP,3
3960,mixed,BWD->mix,BWD,mix,1,2,1,10,2,1.062,41228,4122.8,LX.OL,2,2,2,"[LXL3, VLNPL3] -> LX.OLL2 -> [OLL2, OL.VLNPL3]",LX,3,VLNP,3,OL,2,OL.VLNP,3
6384,mixed,mix->LAT,mix,LAT,1,0,3,8,1,1.0,33990,4248.75,LX.OL,3,2,2,"[LXL2, VLNPL3] -> LX.OLL3 -> [OLL3, OL.VLNPL3]",LX,2,VLNP,3,OL,3,OL.VLNP,3
6384,mixed,mix->LAT,mix,LAT,1,0,3,8,1,1.0,34370,4296.25,LX.OL,3,2,2,"[VLNPL3, VMNPL2] -> LX.OLL3 -> [OLL3, OL.VLNPL3]",VLNP,3,VMNP,2,OL,3,OL.VLNP,3
4256,mixed,FWD->LAT,FWD,LAT,2,0,2,8,1,1.0,33712,4214.0,LX.OL,3,2,2,"[LXL2, VMNPL2] -> LX.OLL3 -> [OLL3, OL.VLNPL3]",LX,2,VMNP,2,OL,3,OL.VLNP,3
3192,pure_LAT,LAT->LAT,LAT,LAT,0,0,4,8,1,1.0,33972,4246.5,LX.OL,3,2,2,"[LXL3, VLNPL3] -> LX.OLL3 -> [OLL3, OL.VLNPL3]",LX,3,VLNP,3,OL,3,OL.VLNP,3
3192,mixed,mix->LAT,mix,LAT,1,0,3,8,1,1.0,33907,4238.375,LX.OL,3,2,2,"[LX.OLL2, VLNPL3] -> LX.OLL3 -> [OLL3, OL.VLNPL3]",LX.OL,2,VLNP,3,OL,3,OL.VLNP,3
3192,mixed,mix->LAT,mix,LAT,1,0,3,8,1,1.0,34257,4282.125,LX.OL,3,2,2,"[VLNPL2, VLNPL3] -> LX.OLL3 -> [OLL3, OL.VLNPL3]",VLNP,2,VLNP,3,OL,3,OL.VLNP,3
3192,mixed,mix->LAT,mix,LAT,1,0,3,8,1,1.0,34028,4253.5,LX.OL,3,2,2,"[VLNPL3, VLNP.VMNPL2] -> LX.OLL3 -> [OLL3, OL.VLNPL3]",VLNP,3,VLNP.VMNP,2,OL,3,OL.VLNP,3
3192,pure_LAT,LAT->LAT,LAT,LAT,0,0,4,8,1,1.0,34271,4283.875,LX.OL,3,2,2,"[VLNPL3, VMNPL3] -> LX.OLL3 -> [OLL3, OL.VLNPL3]",VLNP,3,VMNP,3,OL,3,OL.VLNP,3
2508,mixed,mix->mix,mix,mix,1,1,2,8,1,1.0,71258,8907.25,LX.OL,3,2,2,"[LXL2, VLNPL3] -> LX.OLL3 -> [OLL2, OLL3]",LX,2,VLNP,3,OL,2,OL,3
2508,mixed,mix->mix,mix,mix,1,1,2,8,1,1.0,71638,8954.75,LX.OL,3,2,2,"[VLNPL3, VMNPL2] -> LX.OLL3 -> [OLL2, OLL3]",VLNP,3,VMNP,2,OL,2,OL,3
2128,mixed,mix->LAT,mix,LAT,1,0,3,8,1,1.0,33314,4164.25,LX.OL,3,2,2,"[LXL2, LXL3] -> LX.OLL3 -> [OLL3, OL.VLNPL3]",LX,2,LX,3,OL,3,OL.VLNP,3
2128,mixed,FWD->LAT,FWD,LAT,2,0,2,8,1,1.0,33249,4156.125,LX.OL,3,2,2,"[LXL2, LX.OLL2] -> LX.OLL3 -> [OLL3, OL.VLNPL3]",LX,2,LX.OL,2,OL,3,OL.VLNP,3
2128,mixed,FWD->LAT,FWD,LAT,2,0,2,8,1,1.0,33599,4199.875,LX.OL,3,2,2,"[LXL2, VLNPL2] -> LX.OLL3 -> [OLL3, OL.VLNPL3]",LX,2,VLNP,2,OL,3,OL.VLNP,3
2128,mixed,FWD->LAT,FWD,LAT,2,0,2,8,1,1.0,33370,4171.25,LX.OL,3,2,2,"[LXL2, VLNP.VMNPL2] -> LX.OLL3 -> [OLL3, OL.VLNPL3]",LX,2,VLNP.VMNP,2,OL,3,OL.VLNP,3
2128,mixed,mix->LAT,mix,LAT,1,0,3,8,1,1.0,33613,4201.625,LX.OL,3,2,2,"[LXL2, VMNPL3] -> LX.OLL3 -> [OLL3, OL.VLNPL3]",LX,2,VMNP,3,OL,3,OL.VLNP,3
2128,mixed,mix->LAT,mix,LAT,1,0,3,8,1,1.0,33694,4211.75,LX.OL,3,2,2,"[LXL3, VMNPL2] -> LX.OLL3 -> [OLL3, OL.VLNPL3]",LX,3,VMNP,2,OL,3,OL.VLNP,3
2128,mixed,FWD->LAT,FWD,LAT,2,0,2,8,1,1.0,33629,4203.625,LX.OL,3,2,2,"[LX.OLL2, VMNPL2] -> LX.OLL3 -> [OLL3, OL.VLNPL3]",LX.OL,2,VMNP,2,OL,3,OL.VLNP,3
2128,mixed,FWD->LAT,FWD,LAT,2,0,2,8,1,1.0,33979,4247.375,LX.OL,3,2,2,"[VLNPL2, VMNPL2] -> LX.OLL3 -> [OLL3, OL.VLNPL3]",VLNP,2,VMNP,2,OL,3,OL.VLNP,3
2128,mixed,FWD->LAT,FWD,LAT,2,0,2,8,1,1.0,33750,4218.75,LX.OL,3,2,2,"[VLNP.VMNPL2, VMNPL2] -> LX.OLL3 -> [OLL3, OL.VLNPL3]",VLNP.VMNP,2,VMNP,2,OL,3,OL.VLNP,3
2128,mixed,mix->LAT,mix,LAT,1,0,3,8,1,1.0,33993,4249.125,LX.OL,3,2,2,"[VMNPL2, VMNPL3] -> LX.OLL3 -> [OLL3, OL.VLNPL3]",VMNP,2,VMNP,3,OL,3,OL.VLNP,3
768,mixed,mix->mix,mix,mix,1,1,2,4,1,1.0,1603,400.75,LX.PENP,2,2,2,"[CX.LXL2, VMNPL3] -> LX.PENPL2 -> [PENPL2, PENPL3]",CX.LX,2,VMNP,3,PENP,2,PENP,3
576,mixed,mix->mix,mix,mix,2,0,2,4,1,1.0,1237,309.25,LX.PENP,2,2,2,"[CX.LXL1, CX.LXL2] -> LX.PENPL2 -> [PENPL2, PENPL3]",CX.LX,1,CX.LX,2,PENP,2,PENP,3
576,mixed,mix->mix,mix,mix,2,1,1,4,1,1.0,1605,401.25,LX.PENP,2,2,2,"[CX.LXL1, VMNPL3] -> LX.PENPL2 -> [PENPL2, PENPL3]",CX.LX,1,VMNP,3,PENP,2,PENP,3
576,mixed,LAT->mix,LAT,mix,1,0,3,4,1,1.0,1702,425.5,LX.PENP,2,2,2,"[CX.LXL2, VMNPL2] -> LX.PENPL2 -> [PENPL2, PENPL3]",CX.LX,2,VMNP,2,PENP,2,PENP,3
576,mixed,mix->mix,mix,mix,1,1,2,4,1,1.0,2070,517.5,LX.PENP,2,2,2,"[VMNPL2, VMNPL3] -> LX.PENPL2 -> [PENPL2, PENPL3]",VMNP,2,VMNP,3,PENP,2,PENP,3
432,mixed,mix->mix,mix,mix,2,0,2,4,1,1.0,1704,426.0,LX.PENP,2,2,2,"[CX.LXL1, VMNPL2] -> LX.PENPL2 -> [PENPL2, PENPL3]",CX.LX,1,VMNP,2,PENP,2,PENP,3
384,mixed,LAT->mix,LAT,mix,1,0,3,4,1,1.0,1271,317.75,LX.PENP,2,2,2,"[AL.VLNPL2, CX.LXL2] -> LX.PENPL2 -> [PENPL2, PENPL3]",AL.VLNP,2,CX.LX,2,PENP,2,PENP,3
384,mixed,mix->mix,mix,mix,1,1,2,4,1,1.0,1639,409.75,LX.PENP,2,2,2,"[AL.VLNPL2, VMNPL3] -> LX.PENPL2 -> [PENPL2, PENPL3]",AL.VLNP,2,VMNP,3,PENP,2,PENP,3
384,mixed,mix->mix,mix,mix,1,1,2,4,1,1.0,1980,495.0,LX.PENP,2,2,2,"[CX.LXL2, VLNPL3] -> LX.PENPL2 -> [PENPL2, PENPL3]",CX.LX,2,VLNP,3,PENP,2,PENP,3
384,mixed,BWD->mix,BWD,mix,1,2,1,4,1,1.0,2348,587.0,LX.PENP,2,2,2,"[VLNPL3, VMNPL3] -> LX.PENPL2 -> [PENPL2, PENPL3]",VLNP,3,VMNP,3,PENP,2,PENP,3
288,mixed,mix->mix,mix,mix,2,0,2,4,1,1.0,1273,318.25,LX.PENP,2,2,2,"[AL.VLNPL2, CX.LXL1] -> LX.PENPL2 -> [PENPL2, PENPL3]",AL.VLNP,2,CX.LX,1,PENP,2,PENP,3
288,mixed,LAT->mix,LAT,mix,1,0,3,4,1,1.0,1738,434.5,LX.PENP,2,2,2,"[AL.VLNPL2, VMNPL2] -> LX.PENPL2 -> [PENPL2, PENPL3]",AL.VLNP,2,VMNP,2,PENP,2,PENP,3
288,mixed,mix->mix,mix,mix,2,1,1,4,1,1.0,1982,495.5,LX.PENP,2,2,2,"[CX.LXL1, VLNPL3] -> LX.PENPL2 -> [PENPL2, PENPL3]",CX.LX,1,VLNP,3,PENP,2,PENP,3
288,mixed,mix->mix,mix,mix,1,1,2,4,1,1.0,2447,611.75,LX.PENP,2,2,2,"[VLNPL3, VMNPL2] -> LX.PENPL2 -> [PENPL2, PENPL3]",VLNP,3,VMNP,2,PENP,2,PENP,3
256,mixed,mix->FWD,mix,FWD,2,1,1,4,1,1.0,1121,280.25,LX.PENP,2,2,2,"[CX.LXL2, VMNPL3] -> LX.PENPL2 -> [PENPL3, PENP.VMNPL3]",CX.LX,2,VMNP,3,PENP,3,PENP.VMNP,3
256,mixed,mix->mix,mix,mix,1,1,2,4,1,1.0,1401,350.25,LX.PENP,2,2,2,"[CX.LXL2, VMNPL3] -> LX.PENPL2 -> [PENPL3, VLNPL2]",CX.LX,2,VMNP,3,PENP,3,VLNP,2
256,mixed,mix->FWD,mix,FWD,2,1,1,4,1,1.0,1792,448.0,LX.PENP,2,2,2,"[CX.LXL2, VMNPL3] -> LX.PENPL2 -> [PENPL3, VLNPL3]",CX.LX,2,VMNP,3,PENP,3,VLNP,3
256,mixed,mix->mix,mix,mix,1,1,2,4,1,1.0,1514,378.5,LX.PENP,2,2,2,"[CX.LXL2, VMNPL3] -> LX.PENPL2 -> [PENPL3, VMNPL2]",CX.LX,2,VMNP,3,PENP,3,VMNP,2
192,mixed,mix->mix,mix,mix,1,1,2,4,1,1.0,2016,504.0,LX.PENP,2,2,2,"[AL.VLNPL2, VLNPL3] -> LX.PENPL2 -> [PENPL2, PENPL3]",AL.VLNP,2,VLNP,3,PENP,2,PENP,3
192,mixed,mix->FWD,mix,FWD,3,0,1,4,1,1.0,755,188.75,LX.PENP,2,2,2,"[CX.LXL1, CX.LXL2] -> LX.PENPL2 -> [PENPL3, PENP.VMNPL3]",CX.LX,1,CX.LX,2,PENP,3,PENP.VMNP,3
2016,mixed,LAT->mix,LAT,mix,0,1,3,2,1,1.0,2082,1041.0,LX.PENP,3,2,2,"[LX.VLNPL3, VLNPL3] -> LX.PENPL3 -> [PENPL2, PENPL3]",LX.VLNP,3,VLNP,3,PENP,2,PENP,3
1344,mixed,mix->mix,mix,mix,1,1,2,2,1,1.0,2016,1008.0,LX.PENP,3,2,2,"[AL.VLNPL2, VLNPL3] -> LX.PENPL3 -> [PENPL2, PENPL3]",AL.VLNP,2,VLNP,3,PENP,2,PENP,3
864,pure_LAT,LAT->LAT,LAT,LAT,0,0,4,2,1,1.0,1608,804.0,LX.PENP,3,2,2,"[LX.VLNPL3, VLNPL3] -> LX.PENPL3 -> [GNG.VMNPL3, PENPL3]",LX.VLNP,3,VLNP,3,GNG.VMNP,3,PENP,3
672,mixed,mix->mix,mix,mix,1,1,2,2,1,1.0,1373,686.5,LX.PENP,3,2,2,"[AL.VLNPL2, LX.VLNPL3] -> LX.PENPL3 -> [PENPL2, PENPL3]",AL.VLNP,2,LX.VLNP,3,PENP,2,PENP,3
672,mixed,mix->mix,mix,mix,1,1,2,2,1,1.0,1980,990.0,LX.PENP,3,2,2,"[CX.LXL2, VLNPL3] -> LX.PENPL3 -> [PENPL2, PENPL3]",CX.LX,2,VLNP,3,PENP,2,PENP,3
672,mixed,LAT->mix,LAT,mix,0,1,3,2,1,1.0,1986,993.0,LX.PENP,3,2,2,"[INP.LXL3, VLNPL3] -> LX.PENPL3 -> [PENPL2, PENPL3]",INP.LX,3,VLNP,3,PENP,2,PENP,3
672,mixed,mix->mix,mix,mix,1,1,2,2,1,1.0,2067,1033.5,LX.PENP,3,2,2,"[LXL2, VLNPL3] -> LX.PENPL3 -> [PENPL2, PENPL3]",LX,2,VLNP,3,PENP,2,PENP,3
672,mixed,LAT->mix,LAT,mix,0,1,3,2,1,1.0,2049,1024.5,LX.PENP,3,2,2,"[LXL3, VLNPL3] -> LX.PENPL3 -> [PENPL2, PENPL3]",LX,3,VLNP,3,PENP,2,PENP,3
672,mixed,mix->mix,mix,mix,1,1,2,2,1,1.0,2067,1033.5,LX.PENP,3,2,2,"[LX.VLNPL2, VLNPL3] -> LX.PENPL3 -> [PENPL2, PENPL3]",LX.VLNP,2,VLNP,3,PENP,2,PENP,3
672,mixed,mix->mix,mix,mix,1,1,2,2,1,1.0,2465,1232.5,LX.PENP,3,2,2,"[OL.VLNPL2, VLNPL3] -> LX.PENPL3 -> [PENPL2, PENPL3]",OL.VLNP,2,VLNP,3,PENP,2,PENP,3
672,mixed,mix->mix,mix,mix,1,1,2,2,1,1.0,2045,1022.5,LX.PENP,3,2,2,"[SNP.VLNPL2, VLNPL3] -> LX.PENPL3 -> [PENPL2, PENPL3]",SNP.VLNP,2,VLNP,3,PENP,2,PENP,3
672,mixed,mix->mix,mix,mix,1,1,2,2,1,1.0,2334,1167.0,LX.PENP,3,2,2,"[VLNPL2, VLNPL3] -> LX.PENPL3 -> [PENPL2, PENPL3]",VLNP,2,VLNP,3,PENP,2,PENP,3
672,mixed,mix->mix,mix,mix,1,1,2,2,1,1.0,2105,1052.5,LX.PENP,3,2,2,"[VLNPL3, VLNP.VMNPL2] -> LX.PENPL3 -> [PENPL2, PENPL3]",VLNP,3,VLNP.VMNP,2,PENP,2,PENP,3
576,mixed,mix->LAT,mix,LAT,1,0,3,2,1,1.0,1542,771.0,LX.PENP,3,2,2,"[AL.VLNPL2, VLNPL3] -> LX.PENPL3 -> [GNG.VMNPL3, PENPL3]",AL.VLNP,2,VLNP,3,GNG.VMNP,3,PENP,3
576,pure_LAT,LAT->LAT,LAT,LAT,0,0,4,2,1,1.0,1600,800.0,LX.PENP,3,2,2,"[LX.VLNPL3, VLNPL3] -> LX.PENPL3 -> [PENPL3, PENP.VMNPL3]",LX.VLNP,3,VLNP,3,PENP,3,PENP.VMNP,3
576,mixed,LAT->mix,LAT,mix,0,1,3,2,1,1.0,1993,996.5,LX.PENP,3,2,2,"[LX.VLNPL3, VLNPL3] -> LX.PENPL3 -> [PENPL3, VMNPL2]",LX.VLNP,3,VLNP,3,PENP,3,VMNP,2
384,mixed,mix->LAT,mix,LAT,1,0,3,2,1,1.0,1534,767.0,LX.PENP,3,2,2,"[AL.VLNPL2, VLNPL3] -> LX.PENPL3 -> [PENPL3, PENP.VMNPL3]",AL.VLNP,2,VLNP,3,PENP,3,PENP.VMNP,3
384,mixed,mix->mix,mix,mix,1,1,2,2,1,1.0,1927,963.5,LX.PENP,3,2,2,"[AL.VLNPL2, VLNPL3] -> LX.PENPL3 -> [PENPL3, VMNPL2]",AL.VLNP,2,VLNP,3,PENP,3,VMNP,2
378,mixed,LAT->mix,LAT,mix,0,1,3,2,1,1.0,1509,754.5,LX.PENP,3,2,2,"[LX.VLNPL3, VLNPL3] -> LX.PENPL3 -> [GNG.VMNPL3, PENPL2]",LX.VLNP,3,VLNP,3,GNG.VMNP,3,PENP,2
336,mixed,mix->mix,mix,mix,1,1,2,2,1,1.0,1337,668.5,LX.PENP,3,2,2,"[CX.LXL2, LX.VLNPL3] -> LX.PENPL3 -> [PENPL2, PENPL3]",CX.LX,2,LX.VLNP,3,PENP,2,PENP,3
210,mixed,mix->LAT,mix,LAT,0,1,3,7,1,1.0,2232,318.857,LX.SNP,2,2,2,"[SNPL2, SNPL3] -> LX.SNPL2 -> [AL.LXL2, LXL2]",SNP,2,SNP,3,AL.LX,2,LX,2
210,mixed,mix->LAT,mix,LAT,0,1,3,7,1,1.0,2271,324.429,LX.SNP,2,2,2,"[SNPL2, SNPL3] -> LX.SNPL2 -> [INPL2, LXL2]",SNP,2,SNP,3,INP,2,LX,2
160,mixed,BWD->mix,BWD,mix,1,2,1,7,1,1.0,2110,301.429,LX.SNP,2,2,2,"[INP.SNPL3, SNPL3] -> LX.SNPL2 -> [LXL2, LXL3]",INP.SNP,3,SNP,3,LX,2,LX,3
158,mixed,BWD->mix,BWD,mix,1,2,1,7,2,1.106,2110,301.429,LX.SNP,2,2,2,"[INP.SNPL3, LXL3] -> LX.SNPL2 -> [LXL2, SNPL3]",INP.SNP,3,LX,3,LX,2,SNP,3
105,mixed,mix->LAT,mix,LAT,0,1,3,7,1,1.0,2179,311.286,LX.SNP,2,2,2,"[SNPL2, SNPL3] -> LX.SNPL2 -> [AL.LXL2, INPL2]",SNP,2,SNP,3,AL.LX,2,INP,2
102,mixed,BWD->mix,BWD,mix,1,2,1,7,2,1.262,2183,311.857,LX.SNP,2,2,2,"[INP.SNPL3, SNP.VLNPL3] -> LX.SNPL2 -> [LXL2, SNPL3]",INP.SNP,3,SNP.VLNP,3,LX,2,SNP,3
102,mixed,BWD->mix,BWD,mix,1,2,1,7,2,1.262,2082,297.429,LX.SNP,2,2,2,"[LXL3, SNP.VLNPL3] -> LX.SNPL2 -> [LXL2, SNPL3]",LX,3,SNP.VLNP,3,LX,2,SNP,3
96,mixed,BWD->mix,BWD,mix,1,2,1,7,1,1.0,2082,297.429,LX.SNP,2,2,2,"[SNPL3, SNP.VLNPL3] -> LX.SNPL2 -> [LXL2, LXL3]",SNP,3,SNP.VLNP,3,LX,2,LX,3
90,mixed,BWD->FWD,BWD,FWD,2,2,0,7,1,1.0,2165,309.286,LX.SNP,2,2,2,"[INP.SNPL3, SNP.VLNPL3] -> LX.SNPL2 -> [LXL3, SNPL3]",INP.SNP,3,SNP.VLNP,3,LX,3,SNP,3
90,mixed,BWD->LAT,BWD,LAT,0,2,2,7,1,1.0,2008,286.857,LX.SNP,2,2,2,"[SNPL3, SNP.VLNPL3] -> LX.SNPL2 -> [AL.LXL2, LXL2]",SNP,3,SNP.VLNP,3,AL.LX,2,LX,2
90,mixed,BWD->LAT,BWD,LAT,0,2,2,7,1,1.0,2047,292.429,LX.SNP,2,2,2,"[SNPL3, SNP.VLNPL3] -> LX.SNPL2 -> [INPL2, LXL2]",SNP,3,SNP.VLNP,3,INP,2,LX,2
80,mixed,BWD->mix,BWD,mix,1,2,1,7,1,1.0,2192,313.143,LX.SNP,2,2,2,"[INP.SNPL3, SNPL3] -> LX.SNPL2 -> [INPL3, LXL2]",INP.SNP,3,SNP,3,INP,3,LX,2
80,mixed,BWD->FWD,BWD,FWD,2,2,0,7,1,1.0,2174,310.571,LX.SNP,2,2,2,"[INP.SNPL3, SNPL3] -> LX.SNPL2 -> [INPL3, LXL3]",INP.SNP,3,SNP,3,INP,3,LX,3
80,mixed,BWD->mix,BWD,mix,1,2,1,7,1,1.0,2047,292.429,LX.SNP,2,2,2,"[INP.SNPL3, SNPL3] -> LX.SNPL2 -> [INP.LXL3, LXL2]",INP.SNP,3,SNP,3,INP.LX,3,LX,2
80,mixed,BWD->FWD,BWD,FWD,2,2,0,7,1,1.0,2029,289.857,LX.SNP,2,2,2,"[INP.SNPL3, SNPL3] -> LX.SNPL2 -> [INP.LXL3, LXL3]",INP.SNP,3,SNP,3,INP.LX,3,LX,3
80,mixed,BWD->mix,BWD,mix,1,2,1,7,1,1.0,2059,294.143,LX.SNP,2,2,2,"[INP.SNPL3, SNPL3] -> LX.SNPL2 -> [INP.OLL3, LXL2]",INP.SNP,3,SNP,3,INP.OL,3,LX,2
80,mixed,BWD->FWD,BWD,FWD,2,2,0,7,1,1.0,2041,291.571,LX.SNP,2,2,2,"[INP.SNPL3, SNPL3] -> LX.SNPL2 -> [INP.OLL3, LXL3]",INP.SNP,3,SNP,3,INP.OL,3,LX,3
80,mixed,BWD->LAT,BWD,LAT,0,2,2,7,1,1.0,2045,292.143,LX.SNP,2,2,2,"[INP.SNPL3, SNPL3] -> LX.SNPL2 -> [LXL2, LX.OLL2]",INP.SNP,3,SNP,3,LX,2,LX.OL,2
80,mixed,BWD->mix,BWD,mix,1,2,1,7,1,1.0,2027,289.571,LX.SNP,2,2,2,"[INP.SNPL3, SNPL3] -> LX.SNPL2 -> [LXL3, LX.OLL2]",INP.SNP,3,SNP,3,LX,3,LX.OL,2
80,mixed,BWD->mix,BWD,mix,1,2,1,7,1,1.0,2091,298.714,LX.SNP,2,2,2,"[LXL3, SNPL3] -> LX.SNPL2 -> [INPL3, LXL2]",LX,3,SNP,3,INP,3,LX,2
16650,mixed,mix->mix,mix,mix,1,1,2,10,2,1.002,2605,260.5,LX.SNP,3,2,2,"[SNPL2, SNPL3] -> LX.SNPL3 -> [LXL2, VMNPL3]",SNP,2,SNP,3,LX,2,VMNP,3
14380,mixed,mix->mix,mix,mix,1,1,2,10,4,1.017,2306,230.6,LX.SNP,3,2,2,"[SNPL2, SNPL3] -> LX.SNPL3 -> [LXL2, LXL3]",SNP,2,SNP,3,LX,2,LX,3
14274,mixed,mix->BWD,mix,BWD,1,2,1,10,2,1.003,2704,270.4,LX.SNP,3,2,2,"[SNPL2, SNPL3] -> LX.SNPL3 -> [LXL2, VMNPL2]",SNP,2,SNP,3,LX,2,VMNP,2
14264,mixed,mix->mix,mix,mix,1,1,2,10,3,1.001,2388,238.8,LX.SNP,3,2,2,"[SNPL2, SNPL3] -> LX.SNPL3 -> [INPL3, LXL2]",SNP,2,SNP,3,INP,3,LX,2
11884,mixed,mix->BWD,mix,BWD,1,2,1,10,2,1.001,2305,230.5,LX.SNP,3,2,2,"[SNPL2, SNPL3] -> LX.SNPL3 -> [LXL2, LX.VMNPL2]",SNP,2,SNP,3,LX,2,LX.VMNP,2
11882,mixed,mix->mix,mix,mix,1,1,2,10,2,1.0,2407,240.7,LX.SNP,3,2,2,"[SNPL2, SNPL3] -> LX.SNPL3 -> [INP.SNPL3, LXL2]",SNP,2,SNP,3,INP.SNP,3,LX,2
11880,mixed,mix->mix,mix,mix,1,1,2,10,1,1.0,2982,298.2,LX.SNP,3,2,2,"[SNPL2, SNPL3] -> LX.SNPL3 -> [LXL2, VLNPL3]",SNP,2,SNP,3,LX,2,VLNP,3
11118,mixed,mix->LAT,mix,LAT,1,0,3,10,2,1.005,2587,258.7,LX.SNP,3,2,2,"[SNPL2, SNPL3] -> LX.SNPL3 -> [LXL3, VMNPL3]",SNP,2,SNP,3,LX,3,VMNP,3
11094,mixed,mix->mix,mix,mix,1,1,2,10,2,1.001,2985,298.5,LX.SNP,3,2,2,"[SNPL2, SNPL3] -> LX.SNPL3 -> [VMNPL2, VMNPL3]",SNP,2,SNP,3,VMNP,2,VMNP,3
11088,mixed,mix->LAT,mix,LAT,1,0,3,10,1,1.0,2669,266.9,LX.SNP,3,2,2,"[SNPL2, SNPL3] -> LX.SNPL3 -> [INPL3, VMNPL3]",SNP,2,SNP,3,INP,3,VMNP,3
10584,mixed,LAT->mix,LAT,mix,0,1,3,10,1,1.0,2409,240.9,LX.SNP,3,2,2,"[INP.SNPL3, SNPL3] -> LX.SNPL3 -> [LXL2, VMNPL3]",INP.SNP,3,SNP,3,LX,2,VMNP,3
9538,mixed,mix->LAT,mix,LAT,1,0,3,10,3,1.007,2370,237.0,LX.SNP,3,2,2,"[SNPL2, SNPL3] -> LX.SNPL3 -> [INPL3, LXL3]",SNP,2,SNP,3,INP,3,LX,3
9534,mixed,mix->mix,mix,mix,1,1,2,10,2,1.006,2686,268.6,LX.SNP,3,2,2,"[SNPL2, SNPL3] -> LX.SNPL3 -> [LXL3, VMNPL2]",SNP,2,SNP,3,LX,3,VMNP,2
9504,mixed,mix->mix,mix,mix,1,1,2,10,1,1.0,2768,276.8,LX.SNP,3,2,2,"[SNPL2, SNPL3] -> LX.SNPL3 -> [INPL3, VMNPL2]",SNP,2,SNP,3,INP,3,VMNP,2
9430,mixed,LAT->mix,LAT,mix,0,1,3,10,3,1.08,2110,211.0,LX.SNP,3,2,2,"[INP.SNPL3, SNPL3] -> LX.SNPL3 -> [LXL2, LXL3]",INP.SNP,3,SNP,3,LX,2,LX,3
9240,mixed,mix->LAT,mix,LAT,1,0,3,10,1,1.0,2688,268.8,LX.SNP,3,2,2,"[SNPL2, SNPL3] -> LX.SNPL3 -> [INP.SNPL3, VMNPL3]",SNP,2,SNP,3,INP.SNP,3,VMNP,3
9240,mixed,mix->mix,mix,mix,1,1,2,10,1,1.0,2586,258.6,LX.SNP,3,2,2,"[SNPL2, SNPL3] -> LX.SNPL3 -> [LX.VMNPL2, VMNPL3]",SNP,2,SNP,3,LX.VMNP,2,VMNP,3
9240,mixed,mix->LAT,mix,LAT,1,0,3,10,1,1.0,3263,326.3,LX.SNP,3,2,2,"[SNPL2, SNPL3] -> LX.SNPL3 -> [VLNPL3, VMNPL3]",SNP,2,SNP,3,VLNP,3,VMNP,3
9102,mixed,LAT->mix,LAT,mix,0,1,3,10,2,1.007,2192,219.2,LX.SNP,3,2,2,"[INP.SNPL3, SNPL3] -> LX.SNPL3 -> [INPL3, LXL2]",INP.SNP,3,SNP,3,INP,3,LX,2
9072,mixed,LAT->BWD,LAT,BWD,0,2,2,10,1,1.0,2508,250.8,LX.SNP,3,2,2,"[INP.SNPL3, SNPL3] -> LX.SNPL3 -> [LXL2, VMNPL2]",INP.SNP,3,SNP,3,LX,2,VMNP,2
5125,mixed,BWD->FWD,BWD,FWD,2,2,0,11,3,1.009,677,61.545,LX.VLNP,1,2,2,"[LXL2, VLNP.VMNPL2] -> LX.VLNPL1 -> [LX.VLNPL2, VLNPL2]",LX,2,VLNP.VMNP,2,LX.VLNP,2,VLNP,2
5117,mixed,BWD->FWD,BWD,FWD,2,2,0,11,3,1.005,391,35.545,LX.VLNP,1,2,2,"[LXL2, VLNP.VMNPL2] -> LX.VLNPL1 -> [LX.VLNPL2, LX.VMNPL2]",LX,2,VLNP.VMNP,2,LX.VLNP,2,LX.VMNP,2
3985,mixed,BWD->FWD,BWD,FWD,2,2,0,11,2,1.008,658,59.818,LX.VLNP,1,2,2,"[LX.VMNPL2, VLNP.VMNPL2] -> LX.VLNPL1 -> [LX.VLNPL2, VLNPL2]",LX.VMNP,2,VLNP.VMNP,2,LX.VLNP,2,VLNP,2
3973,mixed,BWD->FWD,BWD,FWD,2,2,0,11,2,1.002,620,56.364,LX.VLNP,1,2,2,"[LXL2, LX.VMNPL2] -> LX.VLNPL1 -> [LX.VLNPL2, VLNPL2]",LX,2,LX.VMNP,2,LX.VLNP,2,VLNP,2
3971,mixed,BWD->FWD,BWD,FWD,2,2,0,11,2,1.001,391,35.545,LX.VLNP,1,2,2,"[LXL2, LX.VMNPL2] -> LX.VLNPL1 -> [LX.VLNPL2, VLNP.VMNPL2]",LX,2,LX.VMNP,2,LX.VLNP,2,VLNP.VMNP,2
3969,mixed,BWD->FWD,BWD,FWD,2,2,0,11,1,1.0,658,59.818,LX.VLNP,1,2,2,"[LXL2, VLNP.VMNPL2] -> LX.VLNPL1 -> [LX.VMNPL2, VLNPL2]",LX,2,VLNP.VMNP,2,LX.VMNP,2,VLNP,2
3536,mixed,BWD->FWD,BWD,FWD,2,2,0,11,2,1.005,391,35.545,LX.VLNP,1,2,2,"[LXL2, LX.VLNPL2] -> LX.VLNPL1 -> [LX.VMNPL2, VLNP.VMNPL2]",LX,2,LX.VLNP,2,LX.VMNP,2,VLNP.VMNP,2
3534,mixed,BWD->FWD,BWD,FWD,2,2,0,11,2,1.003,677,61.545,LX.VLNP,1,2,2,"[LXL2, LX.VLNPL2] -> LX.VLNPL1 -> [VLNPL2, VLNP.VMNPL2]",LX,2,LX.VLNP,2,VLNP,2,VLNP.VMNP,2
3528,mixed,BWD->FWD,BWD,FWD,2,2,0,11,1,1.0,620,56.364,LX.VLNP,1,2,2,"[LXL2, LX.VLNPL2] -> LX.VLNPL1 -> [LX.VMNPL2, VLNPL2]",LX,2,LX.VLNP,2,LX.VMNP,2,VLNP,2
3528,mixed,BWD->FWD,BWD,FWD,2,2,0,11,1,1.0,658,59.818,LX.VLNP,1,2,2,"[LX.VLNPL2, VLNP.VMNPL2] -> LX.VLNPL1 -> [LX.VMNPL2, VLNPL2]",LX.VLNP,2,VLNP.VMNP,2,LX.VMNP,2,VLNP,2
3089,mixed,BWD->FWD,BWD,FWD,2,2,0,11,2,1.001,658,59.818,LX.VLNP,1,2,2,"[LXL2, LX.VMNPL2] -> LX.VLNPL1 -> [VLNPL2, VLNP.VMNPL2]",LX,2,LX.VMNP,2,VLNP,2,VLNP.VMNP,2
2932,mixed,BWD->FWD,BWD,FWD,2,2,0,11,4,1.011,790,71.818,LX.VLNP,1,2,2,"[LXL2, VLNP.VMNPL2] -> LX.VLNPL1 -> [LX.VLNPL2, VMNPL2]",LX,2,VLNP.VMNP,2,LX.VLNP,2,VMNP,2
2750,mixed,BWD->FWD,BWD,FWD,2,2,0,11,2,1.004,658,59.818,LX.VLNP,1,2,2,"[LX.VLNPL2, LX.VMNPL2] -> LX.VLNPL1 -> [VLNPL2, VLNP.VMNPL2]",LX.VLNP,2,LX.VMNP,2,VLNP,2,VLNP.VMNP,2
2298,mixed,BWD->FWD,BWD,FWD,2,2,0,11,3,1.027,658,59.818,LX.VLNP,1,2,2,"[VLNPL2, VLNP.VMNPL2] -> LX.VLNPL1 -> [LX.VLNPL2, LX.VMNPL2]",VLNP,2,VLNP.VMNP,2,LX.VLNP,2,LX.VMNP,2
2296,mixed,BWD->FWD,BWD,FWD,2,2,0,11,3,1.025,771,70.091,LX.VLNP,1,2,2,"[LXL2, VLNP.VMNPL2] -> LX.VLNPL1 -> [LX.VMNPL2, VMNPL2]",LX,2,VLNP.VMNP,2,LX.VMNP,2,VMNP,2
2282,mixed,BWD->FWD,BWD,FWD,2,2,0,11,3,1.012,620,56.364,LX.VLNP,1,2,2,"[LXL2, VLNPL2] -> LX.VLNPL1 -> [LX.VLNPL2, LX.VMNPL2]",LX,2,VLNP,2,LX.VLNP,2,LX.VMNP,2
2276,mixed,BWD->FWD,BWD,FWD,2,2,0,11,2,1.007,1057,96.091,LX.VLNP,1,2,2,"[LXL2, VLNP.VMNPL2] -> LX.VLNPL1 -> [VLNPL2, VMNPL2]",LX,2,VLNP.VMNP,2,VLNP,2,VMNP,2
2276,mixed,BWD->FWD,BWD,FWD,2,2,0,11,2,1.007,771,70.091,LX.VLNP,1,2,2,"[LX.VMNPL2, VLNP.VMNPL2] -> LX.VLNPL1 -> [LX.VLNPL2, VMNPL2]",LX.VMNP,2,VLNP.VMNP,2,LX.VLNP,2,VMNP,2
2272,mixed,BWD->FWD,BWD,FWD,2,2,0,11,3,1.004,677,61.545,LX.VLNP,1,2,2,"[LXL2, VLNPL2] -> LX.VLNPL1 -> [LX.VLNPL2, VLNP.VMNPL2]",LX,2,VLNP,2,LX.VLNP,2,VLNP.VMNP,2
2270,mixed,BWD->FWD,BWD,FWD,2,2,0,11,2,1.002,733,66.636,LX.VLNP,1,2,2,"[LXL2, LX.VMNPL2] -> LX.VLNPL1 -> [LX.VLNPL2, VMNPL2]",LX,2,LX.VMNP,2,LX.VLNP,2,VMNP,2
53430,mixed,mix->mix,mix,mix,1,1,2,93,2,1.359,2226,23.935,LX.VLNP,2,2,2,"[LXL2, LXL3] -> LX.VLNPL2 -> [OL.VLNPL2, OL.VLNPL3]",LX,2,LX,3,OL.VLNP,2,OL.VLNP,3
40343,mixed,BWD->mix,BWD,mix,1,2,1,93,2,1.148,2884,31.011,LX.VLNP,2,2,2,"[LXL3, VLNPL3] -> LX.VLNPL2 -> [OL.VLNPL2, OL.VLNPL3]",LX,3,VLNP,3,OL.VLNP,2,OL.VLNP,3
40320,mixed,BWD->mix,BWD,mix,1,2,1,93,1,1.0,33993,365.516,LX.VLNP,2,2,2,"[OLL3, OL.VLNPL3] -> LX.VLNPL2 -> [VMNPL2, VMNPL3]",OL,3,OL.VLNP,3,VMNP,2,VMNP,3
36828,mixed,mix->FWD,mix,FWD,2,1,1,93,2,1.576,2486,26.731,LX.VLNP,2,2,2,"[LXL2, LXL3] -> LX.VLNPL2 -> [OL.VLNPL3, VLNPL3]",LX,2,LX,3,OL.VLNP,3,VLNP,3
35620,mixed,BWD->mix,BWD,mix,1,2,1,93,2,1.359,2172,23.355,LX.VLNP,2,2,2,"[LXL3, LX.VMNPL3] -> LX.VLNPL2 -> [OL.VLNPL2, OL.VLNPL3]",LX,3,LX.VMNP,3,OL.VLNP,2,OL.VLNP,3
34281,mixed,mix->mix,mix,mix,1,1,2,93,2,1.129,2902,31.204,LX.VLNP,2,2,2,"[LXL2, VLNPL3] -> LX.VLNPL2 -> [OL.VLNPL2, OL.VLNPL3]",LX,2,VLNP,3,OL.VLNP,2,OL.VLNP,3
31260,mixed,mix->FWD,mix,FWD,2,1,1,93,2,1.483,3501,37.645,LX.VLNP,2,2,2,"[LXL2, LXL3] -> LX.VLNPL2 -> [OL.VLNPL3, SNPL3]",LX,2,LX,3,OL.VLNP,3,SNP,3
30897,mixed,BWD->mix,BWD,mix,1,2,1,93,2,1.652,2290,24.624,LX.VLNP,2,2,2,"[INPL3, LXL3] -> LX.VLNPL2 -> [OL.VLNPL2, OL.VLNPL3]",INP,3,LX,3,OL.VLNP,2,OL.VLNP,3
29934,mixed,mix->mix,mix,mix,1,1,2,93,2,1.316,2190,23.548,LX.VLNP,2,2,2,"[LXL2, LX.VMNPL3] -> LX.VLNPL2 -> [OL.VLNPL2, OL.VLNPL3]",LX,2,LX.VMNP,3,OL.VLNP,2,OL.VLNP,3
28224,mixed,BWD->mix,BWD,mix,1,2,1,93,1,1.0,33651,361.839,LX.VLNP,2,2,2,"[OLL3, OL.VLNPL3] -> LX.VLNPL2 -> [VLNP.VMNPL2, VMNPL3]",OL,3,OL.VLNP,3,VLNP.VMNP,2,VMNP,3
27090,mixed,mix->FWD,mix,FWD,2,1,1,93,2,1.611,33314,358.215,LX.VLNP,2,2,2,"[LXL2, LXL3] -> LX.VLNPL2 -> [OLL3, OL.VLNPL3]",LX,2,LX,3,OL,3,OL.VLNP,3
26262,mixed,mix->mix,mix,mix,1,1,2,93,2,1.249,2095,22.527,LX.VLNP,2,2,2,"[LXL2, LXL3] -> LX.VLNPL2 -> [OL.VLNPL3, VLNPL2]",LX,2,LX,3,OL.VLNP,3,VLNP,2
26262,mixed,mix->FWD,mix,FWD,2,1,1,93,2,1.249,2884,31.011,LX.VLNP,2,2,2,"[LXL3, OL.VLNPL2] -> LX.VLNPL2 -> [OL.VLNPL3, VLNPL3]",LX,3,OL.VLNP,2,OL.VLNP,3,VLNP,3
25596,mixed,mix->mix,mix,mix,1,1,2,93,2,1.326,1410,15.161,LX.VLNP,2,2,2,"[LXL2, LXL3] -> LX.VLNPL2 -> [OL.VLNPL2, VLNPL3]",LX,2,LX,3,OL.VLNP,2,VLNP,3
25587,mixed,mix->mix,mix,mix,1,1,2,93,2,1.588,2308,24.817,LX.VLNP,2,2,2,"[INPL3, LXL2] -> LX.VLNPL2 -> [OL.VLNPL2, OL.VLNPL3]",INP,3,LX,2,OL.VLNP,2,OL.VLNP,3
24552,mixed,BWD->FWD,BWD,FWD,2,2,0,93,2,1.576,2432,26.151,LX.VLNP,2,2,2,"[LXL3, LX.VMNPL3] -> LX.VLNPL2 -> [OL.VLNPL3, VLNPL3]",LX,3,LX.VMNP,3,OL.VLNP,3,VLNP,3
24192,mixed,BWD->mix,BWD,mix,1,2,1,93,1,1.0,33594,361.226,LX.VLNP,2,2,2,"[OLL3, OL.VLNPL3] -> LX.VLNPL2 -> [LX.VMNPL2, VMNPL3]",OL,3,OL.VLNP,3,LX.VMNP,2,VMNP,3
24192,mixed,BWD->FWD,BWD,FWD,2,2,0,93,1,1.0,33559,360.849,LX.VLNP,2,2,2,"[OLL3, OL.VLNPL3] -> LX.VLNPL2 -> [LX.VMNPL3, VMNPL3]",OL,3,OL.VLNP,3,LX.VMNP,3,VMNP,3
24192,mixed,BWD->FWD,BWD,FWD,2,2,0,93,1,1.0,34271,368.505,LX.VLNP,2,2,2,"[OLL3, OL.VLNPL3] -> LX.VLNPL2 -> [VLNPL3, VMNPL3]",OL,3,OL.VLNP,3,VLNP,3,VMNP,3
24192,mixed,BWD->FWD,BWD,FWD,2,2,0,93,1,1.0,33662,361.957,LX.VLNP,2,2,2,"[OLL3, OL.VLNPL3] -> LX.VLNPL2 -> [VLNP.VMNPL3, VMNPL3]",OL,3,OL.VLNP,3,VLNP.VMNP,3,VMNP,3
41580,mixed,LAT->mix,LAT,mix,0,1,3,108,1,1.0,33594,311.056,LX.VLNP,3,2,2,"[OLL3, OL.VLNPL3] -> LX.VLNPL3 -> [LX.VMNPL2, VMNPL3]",OL,3,OL.VLNP,3,LX.VMNP,2,VMNP,3
41580,pure_LAT,LAT->LAT,LAT,LAT,0,0,4,108,1,1.0,33662,311.685,LX.VLNP,3,2,2,"[OLL3, OL.VLNPL3] -> LX.VLNPL3 -> [VLNP.VMNPL3, VMNPL3]",OL,3,OL.VLNP,3,VLNP.VMNP,3,VMNP,3
36036,mixed,LAT->mix,LAT,mix,0,1,3,108,1,1.0,2766,25.611,LX.VLNP,3,2,2,"[OL.VLNPL3, VLNPL3] -> LX.VLNPL3 -> [LX.VMNPL2, VMNPL3]",OL.VLNP,3,VLNP,3,LX.VMNP,2,VMNP,3
36036,pure_LAT,LAT->LAT,LAT,LAT,0,0,4,108,1,1.0,2834,26.241,LX.VLNP,3,2,2,"[OL.VLNPL3, VLNPL3] -> LX.VLNPL3 -> [VLNP.VMNPL3, VMNPL3]",OL.VLNP,3,VLNP,3,VLNP.VMNP,3,VMNP,3
35640,mixed,LAT->mix,LAT,mix,0,1,3,108,1,1.0,33613,311.231,LX.VLNP,3,2,2,"[OLL3, OL.VLNPL3] -> LX.VLNPL3 -> [LXL2, VMNPL3]",OL,3,OL.VLNP,3,LX,2,VMNP,3
35640,mixed,LAT->mix,LAT,mix,0,1,3,108,1,1.0,33613,311.231,LX.VLNP,3,2,2,"[OLL3, OL.VLNPL3] -> LX.VLNPL3 -> [LX.VLNPL2, VMNPL3]",OL,3,OL.VLNP,3,LX.VLNP,2,VMNP,3
35640,mixed,LAT->mix,LAT,mix,0,1,3,108,1,1.0,33993,314.75,LX.VLNP,3,2,2,"[OLL3, OL.VLNPL3] -> LX.VLNPL3 -> [VMNPL2, VMNPL3]",OL,3,OL.VLNP,3,VMNP,2,VMNP,3
32368,mixed,LAT->mix,LAT,mix,0,1,3,108,3,1.002,33362,308.907,LX.VLNP,3,2,2,"[OLL3, OL.VLNPL3] -> LX.VLNPL3 -> [LX.VMNPL2, VLNP.VMNPL3]",OL,3,OL.VLNP,3,LX.VMNP,2,VLNP.VMNP,3
30888,mixed,LAT->mix,LAT,mix,0,1,3,108,1,1.0,2785,25.787,LX.VLNP,3,2,2,"[OL.VLNPL3, VLNPL3] -> LX.VLNPL3 -> [LXL2, VMNPL3]",OL.VLNP,3,VLNP,3,LX,2,VMNP,3
30888,mixed,LAT->mix,LAT,mix,0,1,3,108,1,1.0,2785,25.787,LX.VLNP,3,2,2,"[OL.VLNPL3, VLNPL3] -> LX.VLNPL3 -> [LX.VLNPL2, VMNPL3]",OL.VLNP,3,VLNP,3,LX.VLNP,2,VMNP,3
30888,mixed,LAT->mix,LAT,mix,0,1,3,108,1,1.0,3165,29.306,LX.VLNP,3,2,2,"[OL.VLNPL3, VLNPL3] -> LX.VLNPL3 -> [VMNPL2, VMNPL3]",OL.VLNP,3,VLNP,3,VMNP,2,VMNP,3
29700,pure_LAT,LAT->LAT,LAT,LAT,0,0,4,108,1,1.0,34271,317.324,LX.VLNP,3,2,2,"[OLL3, OL.VLNPL3] -> LX.VLNPL3 -> [VLNPL3, VMNPL3]",OL,3,OL.VLNP,3,VLNP,3,VMNP,3
28124,mixed,LAT->mix,LAT,mix,0,1,3,108,3,1.007,2534,23.463,LX.VLNP,3,2,2,"[OL.VLNPL3, VLNPL3] -> LX.VLNPL3 -> [LX.VMNPL2, VLNP.VMNPL3]",OL.VLNP,3,VLNP,3,LX.VMNP,2,VLNP.VMNP,3
27796,mixed,LAT->BWD,LAT,BWD,0,2,2,108,3,1.005,33313,308.454,LX.VLNP,3,2,2,"[OLL3, OL.VLNPL3] -> LX.VLNPL3 -> [LX.VLNPL2, LX.VMNPL2]",OL,3,OL.VLNP,3,LX.VLNP,2,LX.VMNP,2
27796,mixed,LAT->mix,LAT,mix,0,1,3,108,3,1.005,33381,309.083,LX.VLNP,3,2,2,"[OLL3, OL.VLNPL3] -> LX.VLNPL3 -> [LX.VLNPL2, VLNP.VMNPL3]",OL,3,OL.VLNP,3,LX.VLNP,2,VLNP.VMNP,3
27748,mixed,LAT->BWD,LAT,BWD,0,2,2,108,3,1.002,33693,311.972,LX.VLNP,3,2,2,"[OLL3, OL.VLNPL3] -> LX.VLNPL3 -> [LX.VMNPL2, VMNPL2]",OL,3,OL.VLNP,3,LX.VMNP,2,VMNP,2
27748,mixed,LAT->mix,LAT,mix,0,1,3,108,3,1.002,33761,312.602,LX.VLNP,3,2,2,"[OLL3, OL.VLNPL3] -> LX.VLNPL3 -> [VLNP.VMNPL3, VMNPL2]",OL,3,OL.VLNP,3,VLNP.VMNP,3,VMNP,2
27744,mixed,LAT->BWD,LAT,BWD,0,2,2,108,2,1.002,33313,308.454,LX.VLNP,3,2,2,"[OLL3, OL.VLNPL3] -> LX.VLNPL3 -> [LXL2, LX.VMNPL2]",OL,3,OL.VLNP,3,LX,2,LX.VMNP,2
27744,mixed,LAT->mix,LAT,mix,0,1,3,108,2,1.002,33381,309.083,LX.VLNP,3,2,2,"[OLL3, OL.VLNPL3] -> LX.VLNPL3 -> [LXL2, VLNP.VMNPL3]",OL,3,OL.VLNP,3,LX,2,VLNP.VMNP,3
24950,mixed,mix->LAT,mix,LAT,1,0,3,108,2,1.0,2176,20.148,LX.VLNP,3,2,2,"[LX.VLNPL2, OL.VLNPL3] -> LX.VLNPL3 -> [VLNP.VMNPL3, VMNPL3]",LX.VLNP,2,OL.VLNP,3,VLNP.VMNP,3,VMNP,3
84794,mixed,mix->FWD,mix,FWD,2,1,1,16,5,1.669,848,53.0,LX.VMNP,1,2,2,"[VMNPL1, VMNPL2] -> LX.VMNPL1 -> [LX.VMNPL2, OL.VMNPL2]",VMNP,1,VMNP,2,LX.VMNP,2,OL.VMNP,2
65424,mixed,BWD->FWD,BWD,FWD,2,2,0,16,3,1.923,839,52.438,LX.VMNP,1,2,2,"[GNG.VMNPL2, VMNPL2] -> LX.VMNPL1 -> [LX.VMNPL2, OL.VMNPL2]",GNG.VMNP,2,VMNP,2,LX.VMNP,2,OL.VMNP,2
56952,mixed,mix->FWD,mix,FWD,2,1,1,16,3,1.586,879,54.938,LX.VMNP,1,2,2,"[GNG.VMNPL2, VMNPL1] -> LX.VMNPL1 -> [OL.VMNPL2, VMNPL2]",GNG.VMNP,2,VMNP,1,OL.VMNP,2,VMNP,2
55119,mixed,mix->FWD,mix,FWD,2,1,1,16,6,1.842,766,47.875,LX.VMNP,1,2,2,"[GNG.VMNPL2, VMNPL1] -> LX.VMNPL1 -> [LX.VMNPL2, VMNPL2]",GNG.VMNP,2,VMNP,1,LX.VMNP,2,VMNP,2
42282,mixed,mix->FWD,mix,FWD,2,1,1,16,6,1.403,848,53.0,LX.VMNP,1,2,2,"[LX.VMNPL2, VMNPL1] -> LX.VMNPL1 -> [OL.VMNPL2, VMNPL2]",LX.VMNP,2,VMNP,1,OL.VMNP,2,VMNP,2
38208,mixed,mix->FWD,mix,FWD,2,1,1,16,3,1.745,480,30.0,LX.VMNP,1,2,2,"[GNG.VMNPL2, VMNPL1] -> LX.VMNPL1 -> [LX.VMNPL2, OL.VMNPL2]",GNG.VMNP,2,VMNP,1,LX.VMNP,2,OL.VMNP,2
32886,mixed,BWD->FWD,BWD,FWD,2,2,0,16,3,1.625,839,52.438,LX.VMNP,1,2,2,"[GNG.VMNPL2, LX.VMNPL2] -> LX.VMNPL1 -> [OL.VMNPL2, VMNPL2]",GNG.VMNP,2,LX.VMNP,2,OL.VMNP,2,VMNP,2
32200,mixed,mix->FWD,mix,FWD,2,1,1,16,7,2.232,754,47.125,LX.VMNP,1,2,2,"[VMNPL1, VMNPL2] -> LX.VMNPL1 -> [LXL2, LX.VMNPL2]",VMNP,1,VMNP,2,LX,2,LX.VMNP,2
29804,mixed,mix->FWD,mix,FWD,2,1,1,16,4,1.916,867,54.188,LX.VMNP,1,2,2,"[VMNPL1, VMNPL2] -> LX.VMNPL1 -> [LXL2, OL.VMNPL2]",VMNP,1,VMNP,2,LX,2,OL.VMNP,2
29436,mixed,mix->FWD,mix,FWD,2,1,1,16,3,1.541,848,53.0,LX.VMNP,1,2,2,"[OL.VMNPL2, VMNPL1] -> LX.VMNPL1 -> [LX.VMNPL2, VMNPL2]",OL.VMNP,2,VMNP,1,LX.VMNP,2,VMNP,2
28491,mixed,mix->FWD,mix,FWD,2,1,1,16,3,1.534,765,47.812,LX.VMNP,1,2,2,"[GNG.VMNPL1, VMNPL2] -> LX.VMNPL1 -> [LX.VMNPL2, OL.VMNPL2]",GNG.VMNP,1,VMNP,2,LX.VMNP,2,OL.VMNP,2
26668,mixed,LAT->FWD,LAT,FWD,2,0,2,16,4,1.411,805,50.312,LX.VMNP,1,2,2,"[GNG.VMNPL1, VMNPL1] -> LX.VMNPL1 -> [OL.VMNPL2, VMNPL2]",GNG.VMNP,1,VMNP,1,OL.VMNP,2,VMNP,2
25617,mixed,LAT->FWD,LAT,FWD,2,0,2,16,7,1.635,692,43.25,LX.VMNP,1,2,2,"[GNG.VMNPL1, VMNPL1] -> LX.VMNPL1 -> [LX.VMNPL2, VMNPL2]",GNG.VMNP,1,VMNP,1,LX.VMNP,2,VMNP,2
22920,mixed,BWD->FWD,BWD,FWD,2,2,0,16,5,2.461,745,46.562,LX.VMNP,1,2,2,"[GNG.VMNPL2, VMNPL2] -> LX.VMNPL1 -> [LXL2, LX.VMNPL2]",GNG.VMNP,2,VMNP,2,LX,2,LX.VMNP,2
22548,mixed,BWD->FWD,BWD,FWD,2,2,0,16,3,2.191,858,53.625,LX.VMNP,1,2,2,"[GNG.VMNPL2, VMNPL2] -> LX.VMNPL1 -> [LXL2, OL.VMNPL2]",GNG.VMNP,2,VMNP,2,LX,2,OL.VMNP,2
21819,mixed,BWD->mix,BWD,mix,1,2,1,16,3,2.132,879,54.938,LX.VMNP,1,2,2,"[GNG.VMNPL2, VMNPL2] -> LX.VMNPL1 -> [OL.VMNPL2, VMNPL1]",GNG.VMNP,2,VMNP,2,OL.VMNP,2,VMNP,1
21492,mixed,BWD->FWD,BWD,FWD,2,2,0,16,3,1.629,839,52.438,LX.VMNP,1,2,2,"[GNG.VMNPL2, OL.VMNPL2] -> LX.VMNPL1 -> [LX.VMNPL2, VMNPL2]",GNG.VMNP,2,OL.VMNP,2,LX.VMNP,2,VMNP,2
20589,mixed,mix->FWD,mix,FWD,2,1,1,16,5,2.277,785,49.062,LX.VMNP,1,2,2,"[GNG.VMNPL2, VMNPL1] -> LX.VMNPL1 -> [LXL2, VMNPL2]",GNG.VMNP,2,VMNP,1,LX,2,VMNP,2
20218,mixed,BWD->mix,BWD,mix,1,2,1,16,4,2.319,766,47.875,LX.VMNP,1,2,2,"[GNG.VMNPL2, VMNPL2] -> LX.VMNPL1 -> [LX.VMNPL2, VMNPL1]",GNG.VMNP,2,VMNP,2,LX.VMNP,2,VMNP,1
19404,mixed,mix->FWD,mix,FWD,2,1,1,16,3,1.472,796,49.75,LX.VMNP,1,2,2,"[GNG.VMNPL1, GNG.VMNPL2] -> LX.VMNPL1 -> [OL.VMNPL2, VMNPL2]",GNG.VMNP,1,GNG.VMNP,2,OL.VMNP,2,VMNP,2
14440,mixed,mix->LAT,mix,LAT,1,0,3,74,14,2.397,785,10.608,LX.VMNP,2,2,2,"[GNG.VMNPL2, VMNPL1] -> LX.VMNPL2 -> [LXL2, VMNPL2]",GNG.VMNP,2,VMNP,1,LX,2,VMNP,2
13064,mixed,mix->LAT,mix,LAT,1,0,3,74,6,1.963,879,11.878,LX.VMNP,2,2,2,"[GNG.VMNPL2, VMNPL1] -> LX.VMNPL2 -> [OL.VMNPL2, VMNPL2]",GNG.VMNP,2,VMNP,1,OL.VMNP,2,VMNP,2
11585,mixed,mix->LAT,mix,LAT,0,1,3,74,14,2.447,1045,14.122,LX.VMNP,2,2,2,"[GNG.VMNPL2, VMNPL3] -> LX.VMNPL2 -> [LXL2, VMNPL2]",GNG.VMNP,2,VMNP,3,LX,2,VMNP,2
11126,mixed,mix->LAT,mix,LAT,1,1,2,74,17,3.165,1054,14.243,LX.VMNP,2,2,2,"[VMNPL1, VMNPL3] -> LX.VMNPL2 -> [LXL2, VMNPL2]",VMNP,1,VMNP,3,LX,2,VMNP,2
10818,mixed,mix->mix,mix,mix,2,0,2,74,7,2.127,731,9.878,LX.VMNP,2,2,2,"[GNG.VMNPL2, VMNPL1] -> LX.VMNPL2 -> [LX.VMNPL3, VMNPL2]",GNG.VMNP,2,VMNP,1,LX.VMNP,3,VMNP,2
10278,mixed,mix->LAT,mix,LAT,0,1,3,74,6,1.959,1139,15.392,LX.VMNP,2,2,2,"[GNG.VMNPL2, VMNPL3] -> LX.VMNPL2 -> [OL.VMNPL2, VMNPL2]",GNG.VMNP,2,VMNP,3,OL.VMNP,2,VMNP,2
10104,mixed,mix->LAT,mix,LAT,1,1,2,74,13,2.645,1148,15.514,LX.VMNP,2,2,2,"[VMNPL1, VMNPL3] -> LX.VMNPL2 -> [OL.VMNPL2, VMNPL2]",VMNP,1,VMNP,3,OL.VMNP,2,VMNP,2
8832,mixed,mix->LAT,mix,LAT,1,0,3,74,12,2.426,1052,14.216,LX.VMNP,2,2,2,"[GNG.VMNPL2, VMNPL1] -> LX.VMNPL2 -> [VLNPL2, VMNPL2]",GNG.VMNP,2,VMNP,1,VLNP,2,VMNP,2
8412,mixed,mix->mix,mix,mix,1,1,2,74,7,2.125,991,13.392,LX.VMNP,2,2,2,"[GNG.VMNPL2, VMNPL3] -> LX.VMNPL2 -> [LX.VMNPL3, VMNPL2]",GNG.VMNP,2,VMNP,3,LX.VMNP,3,VMNP,2
8356,mixed,mix->mix,mix,mix,1,1,2,74,13,3.478,708,9.568,LX.VMNP,2,2,2,"[GNG.VMNPL2, VMNPL1] -> LX.VMNPL2 -> [LX.VMNPL1, VMNPL2]",GNG.VMNP,2,VMNP,1,LX.VMNP,1,VMNP,2
8263,mixed,mix->mix,mix,mix,2,1,1,74,11,2.787,1000,13.514,LX.VMNP,2,2,2,"[VMNPL1, VMNPL3] -> LX.VMNPL2 -> [LX.VMNPL3, VMNPL2]",VMNP,1,VMNP,3,LX.VMNP,3,VMNP,2
7688,mixed,mix->mix,mix,mix,2,0,2,74,13,3.433,767,10.365,LX.VMNP,2,2,2,"[GNG.VMNPL2, VMNPL1] -> LX.VMNPL2 -> [LXL3, VMNPL2]",GNG.VMNP,2,VMNP,1,LX,3,VMNP,2
7070,mixed,mix->mix,mix,mix,1,2,1,74,21,4.399,977,13.203,LX.VMNP,2,2,2,"[VMNPL1, VMNPL3] -> LX.VMNPL2 -> [LX.VMNPL1, VMNPL2]",VMNP,1,VMNP,3,LX.VMNP,1,VMNP,2
7017,mixed,mix->mix,mix,mix,0,2,2,74,12,3.377,968,13.081,LX.VMNP,2,2,2,"[GNG.VMNPL2, VMNPL3] -> LX.VMNPL2 -> [LX.VMNPL1, VMNPL2]",GNG.VMNP,2,VMNP,3,LX.VMNP,1,VMNP,2
6935,mixed,mix->LAT,mix,LAT,1,1,2,74,14,3.19,1321,17.851,LX.VMNP,2,2,2,"[VMNPL1, VMNPL3] -> LX.VMNPL2 -> [VLNPL2, VMNPL2]",VMNP,1,VMNP,3,VLNP,2,VMNP,2
6877,mixed,mix->mix,mix,mix,2,0,2,74,10,2.633,1443,19.5,LX.VMNP,2,2,2,"[GNG.VMNPL2, VMNPL1] -> LX.VMNPL2 -> [VLNPL3, VMNPL2]",GNG.VMNP,2,VMNP,1,VLNP,3,VMNP,2
6623,mixed,mix->LAT,mix,LAT,0,1,3,74,11,2.314,1312,17.73,LX.VMNP,2,2,2,"[GNG.VMNPL2, VMNPL3] -> LX.VMNPL2 -> [VLNPL2, VMNPL2]",GNG.VMNP,2,VMNP,3,VLNP,2,VMNP,2
6538,mixed,mix->mix,mix,mix,2,1,1,74,16,4.546,1036,14.0,LX.VMNP,2,2,2,"[VMNPL1, VMNPL3] -> LX.VMNPL2 -> [LXL3, VMNPL2]",VMNP,1,VMNP,3,LX,3,VMNP,2
6079,pure_LAT,LAT->LAT,LAT,LAT,0,0,4,74,5,1.605,858,11.595,LX.VMNP,2,2,2,"[GNG.VMNPL2, VMNPL2] -> LX.VMNPL2 -> [LXL2, OL.VMNPL2]",GNG.VMNP,2,VMNP,2,LX,2,OL.VMNP,2
6067,pure_LAT,LAT->LAT,LAT,LAT,0,0,4,74,4,1.446,858,11.595,LX.VMNP,2,2,2,"[GNG.VMNPL2, OL.VMNPL2] -> LX.VMNPL2 -> [LXL2, VMNPL2]",GNG.VMNP,2,OL.VMNP,2,LX,2,VMNP,2
6757,mixed,mix->mix,mix,mix,1,1,2,39,6,1.086,1048,26.872,LX.VMNP,3,2,2,"[VMNPL2, VMNPL3] -> LX.VMNPL3 -> [LXL2, LX.VLNPL3]",VMNP,2,VMNP,3,LX,2,LX.VLNP,3
6560,mixed,mix->mix,mix,mix,1,1,2,39,5,1.025,1029,26.385,LX.VMNP,3,2,2,"[VMNPL2, VMNPL3] -> LX.VMNPL3 -> [LX.VLNPL3, LX.VMNPL2]",VMNP,2,VMNP,3,LX.VLNP,3,LX.VMNP,2
5880,mixed,FWD->mix,FWD,mix,2,1,1,39,3,1.042,779,19.974,LX.VMNP,3,2,2,"[GNG.VMNPL2, VMNPL2] -> LX.VMNPL3 -> [LXL2, LX.VLNPL3]",GNG.VMNP,2,VMNP,2,LX,2,LX.VLNP,3
5784,mixed,FWD->mix,FWD,mix,2,1,1,39,2,1.008,760,19.487,LX.VMNP,3,2,2,"[GNG.VMNPL2, VMNPL2] -> LX.VMNPL3 -> [LX.VLNPL3, LX.VMNPL2]",GNG.VMNP,2,VMNP,2,LX.VLNP,3,LX.VMNP,2
5612,mixed,mix->BWD,mix,BWD,1,2,1,39,6,1.079,1014,26.0,LX.VMNP,3,2,2,"[VMNPL2, VMNPL3] -> LX.VMNPL3 -> [LXL2, LX.VMNPL2]",VMNP,2,VMNP,3,LX,2,LX.VMNP,2
4804,mixed,FWD->BWD,FWD,BWD,2,2,0,39,2,1.002,745,19.103,LX.VMNP,3,2,2,"[GNG.VMNPL2, VMNPL2] -> LX.VMNPL3 -> [LXL2, LX.VMNPL2]",GNG.VMNP,2,VMNP,2,LX,2,LX.VMNP,2
4756,mixed,mix->mix,mix,mix,1,1,2,39,2,1.002,1060,27.179,LX.VMNP,3,2,2,"[GNG.VMNPL2, VMNPL3] -> LX.VMNPL3 -> [LX.VLNPL3, VMNPL2]",GNG.VMNP,2,VMNP,3,LX.VLNP,3,VMNP,2
3983,mixed,mix->BWD,mix,BWD,1,2,1,39,5,1.012,1045,26.795,LX.VMNP,3,2,2,"[GNG.VMNPL2, VMNPL3] -> LX.VMNPL3 -> [LXL2, VMNPL2]",GNG.VMNP,2,VMNP,3,LX,2,VMNP,2
3968,mixed,mix->BWD,mix,BWD,1,2,1,39,2,1.004,1026,26.308,LX.VMNP,3,2,2,"[GNG.VMNPL2, VMNPL3] -> LX.VMNPL3 -> [LX.VMNPL2, VMNPL2]",GNG.VMNP,2,VMNP,3,LX.VMNP,2,VMNP,2
2200,mixed,FWD->mix,FWD,mix,2,1,1,39,4,1.037,748,19.179,LX.VMNP,3,2,2,"[LXL2, VMNPL2] -> LX.VMNPL3 -> [LX.VLNPL3, LX.VMNPL2]",LX,2,VMNP,2,LX.VLNP,3,LX.VMNP,2
2168,mixed,mix->mix,mix,mix,1,1,2,39,2,1.007,680,17.436,LX.VMNP,3,2,2,"[GNG.VMNPL2, VMNPL3] -> LX.VMNPL3 -> [LXL2, LX.VLNPL3]",GNG.VMNP,2,VMNP,3,LX,2,LX.VLNP,3
2160,mixed,mix->mix,mix,mix,1,1,2,39,1,1.0,661,16.949,LX.VMNP,3,2,2,"[GNG.VMNPL2, VMNPL3] -> LX.VMNPL3 -> [LX.VLNPL3, LX.VMNPL2]",GNG.VMNP,2,VMNP,3,LX.VLNP,3,LX.VMNP,2
2026,mixed,mix->mix,mix,mix,1,1,2,39,10,2.641,1015,26.026,LX.VMNP,3,2,2,"[VMNPL2, VMNPL3] -> LX.VMNPL3 -> [LXL2, LXL3]",VMNP,2,VMNP,3,LX,2,LX,3
1808,mixed,mix->BWD,mix,BWD,1,2,1,39,2,1.009,646,16.564,LX.VMNP,3,2,2,"[GNG.VMNPL2, VMNPL3] -> LX.VMNPL3 -> [LXL2, LX.VMNPL2]",GNG.VMNP,2,VMNP,3,LX,2,LX.VMNP,2
1795,mixed,mix->mix,mix,mix,1,1,2,39,3,1.015,1048,26.872,LX.VMNP,3,2,2,"[LXL2, VMNPL3] -> LX.VMNPL3 -> [LX.VLNPL3, VMNPL2]",LX,2,VMNP,3,LX.VLNP,3,VMNP,2
1606,mixed,FWD->mix,FWD,mix,2,1,1,39,3,1.028,779,19.974,LX.VMNP,3,2,2,"[GNG.VMNPL2, LXL2] -> LX.VMNPL3 -> [LX.VLNPL3, VMNPL2]",GNG.VMNP,2,LX,2,LX.VLNP,3,VMNP,2
1584,mixed,FWD->mix,FWD,mix,2,1,1,39,5,1.207,748,19.179,LX.VMNP,3,2,2,"[LX.VMNPL2, VMNPL2] -> LX.VMNPL3 -> [LXL2, LX.VLNPL3]",LX.VMNP,2,VMNP,2,LX,2,LX.VLNP,3
1492,mixed,mix->BWD,mix,BWD,1,2,1,39,3,1.009,1014,26.0,LX.VMNP,3,2,2,"[LXL2, VMNPL3] -> LX.VMNPL3 -> [LX.VMNPL2, VMNPL2]",LX,2,VMNP,3,LX.VMNP,2,VMNP,2
1468,mixed,mix->mix,mix,mix,1,1,2,39,5,1.277,1086,27.846,LX.VMNP,3,2,2,"[VMNPL2, VMNPL3] -> LX.VMNPL3 -> [LX.VLNPL3, VLNP.VMNPL2]",VMNP,2,VMNP,3,LX.VLNP,3,VLNP.VMNP,2
1464,mixed,mix->BWD,mix,BWD,1,2,1,39,4,1.674,1071,27.462,LX.VMNP,3,2,2,"[VMNPL2, VMNPL3] -> LX.VMNPL3 -> [LXL2, VLNP.VMNPL2]",VMNP,2,VMNP,3,LX,2,VLNP.VMNP,2
52416,mixed,mix->FWD,mix,FWD,2,1,1,1911,1,1.0,4670,2.444,MB,2,2,2,"[MBL3, MB.SNPL2] -> MBL2 -> [MB.SNPL3, SNPL3]",MB,3,MB.SNP,2,MB.SNP,3,SNP,3
52416,mixed,BWD->mix,BWD,mix,1,2,1,1911,1,1.0,4670,2.444,MB,2,2,2,"[MBL3, MB.SNPL3] -> MBL2 -> [MB.SNPL2, SNPL3]",MB,3,MB.SNP,3,MB.SNP,2,SNP,3
37440,mixed,mix->mix,mix,mix,1,1,2,1911,1,1.0,4949,2.59,MB,2,2,2,"[MBL3, MB.SNPL2] -> MBL2 -> [SNPL2, SNPL3]",MB,3,MB.SNP,2,SNP,2,SNP,3
37440,mixed,BWD->mix,BWD,mix,1,2,1,1911,1,1.0,4995,2.614,MB,2,2,2,"[MBL3, MB.SNPL3] -> MBL2 -> [SNPL2, SNPL3]",MB,3,MB.SNP,3,SNP,2,SNP,3
20160,mixed,mix->mix,mix,mix,1,1,2,1911,1,1.0,3276,1.714,MB,2,2,2,"[MBL3, MB.SNPL2] -> MBL2 -> [MB.SNPL3, SNPL2]",MB,3,MB.SNP,2,MB.SNP,3,SNP,2
20160,mixed,BWD->LAT,BWD,LAT,0,2,2,1911,1,1.0,3276,1.714,MB,2,2,2,"[MBL3, MB.SNPL3] -> MBL2 -> [MB.SNPL2, SNPL2]",MB,3,MB.SNP,3,MB.SNP,2,SNP,2
13871,mixed,LAT->FWD,LAT,FWD,2,0,2,1911,567,271.977,3216,1.683,MB,2,2,2,"[AL.LHL2, AL.MBL2] -> MBL2 -> [MBL3, MB.SNPL3]",AL.LH,2,AL.MB,2,MB,3,MB.SNP,3
13104,mixed,mix->mix,mix,mix,1,1,2,1911,1,1.0,4660,2.439,MB,2,2,2,"[INP.MBL2, MBL3] -> MBL2 -> [MB.SNPL2, SNPL3]",INP.MB,2,MB,3,MB.SNP,2,SNP,3
13104,mixed,mix->FWD,mix,FWD,2,1,1,1911,1,1.0,4706,2.463,MB,2,2,2,"[INP.MBL2, MBL3] -> MBL2 -> [MB.SNPL3, SNPL3]",INP.MB,2,MB,3,MB.SNP,3,SNP,3
11407,mixed,LAT->mix,LAT,mix,1,0,3,1911,439,211.144,499,0.261,MB,2,2,2,"[AL.LHL2, AL.MBL2] -> MBL2 -> [MB.SNPL2, MB.SNPL3]",AL.LH,2,AL.MB,2,MB.SNP,2,MB.SNP,3
9594,mixed,mix->mix,mix,mix,1,1,2,1911,646,279.887,3049,1.595,MB,2,2,2,"[AL.MBL2, MBL3] -> MBL2 -> [MB.SNPL2, MB.SNPL3]",AL.MB,2,MB,3,MB.SNP,2,MB.SNP,3
9360,mixed,mix->mix,mix,mix,1,1,2,1911,1,1.0,4985,2.609,MB,2,2,2,"[INP.MBL2, MBL3] -> MBL2 -> [SNPL2, SNPL3]",INP.MB,2,MB,3,SNP,2,SNP,3
7511,mixed,LAT->mix,LAT,mix,1,0,3,1911,676,304.711,3170,1.659,MB,2,2,2,"[AL.LHL2, AL.MBL2] -> MBL2 -> [MBL3, MB.SNPL2]",AL.LH,2,AL.MB,2,MB,3,MB.SNP,2
7488,mixed,mix->FWD,mix,FWD,2,1,1,1911,1,1.0,4593,2.403,MB,2,2,2,"[MBL3, MB.SNPL2] -> MBL2 -> [CX.SNPL3, SNPL3]",MB,3,MB.SNP,2,CX.SNP,3,SNP,3
7488,mixed,mix->mix,mix,mix,1,1,2,1911,1,1.0,4660,2.439,MB,2,2,2,"[MBL3, MB.SNPL2] -> MBL2 -> [INP.MBL2, SNPL3]",MB,3,MB.SNP,2,INP.MB,2,SNP,3
7488,mixed,mix->FWD,mix,FWD,2,1,1,1911,1,1.0,5161,2.701,MB,2,2,2,"[MBL3, MB.SNPL2] -> MBL2 -> [LHL3, SNPL3]",MB,3,MB.SNP,2,LH,3,SNP,3
7488,mixed,mix->mix,mix,mix,1,1,2,1911,1,1.0,4582,2.398,MB,2,2,2,"[MBL3, MB.SNPL2] -> MBL2 -> [LH.MBL2, SNPL3]",MB,3,MB.SNP,2,LH.MB,2,SNP,3
7488,mixed,mix->mix,mix,mix,1,2,1,1911,1,1.0,4578,2.396,MB,2,2,2,"[MBL3, MB.SNPL2] -> MBL2 -> [MB.SNPL1, SNPL3]",MB,3,MB.SNP,2,MB.SNP,1,SNP,3
7488,mixed,BWD->FWD,BWD,FWD,2,2,0,1911,1,1.0,4639,2.428,MB,2,2,2,"[MBL3, MB.SNPL3] -> MBL2 -> [CX.SNPL3, SNPL3]",MB,3,MB.SNP,3,CX.SNP,3,SNP,3
7488,mixed,BWD->mix,BWD,mix,1,2,1,1911,1,1.0,4706,2.463,MB,2,2,2,"[MBL3, MB.SNPL3] -> MBL2 -> [INP.MBL2, SNPL3]",MB,3,MB.SNP,3,INP.MB,2,SNP,3
366080715,mixed,mix->mix,mix,mix,1,1,2,2764,3,1.997,2321,0.84,MB,3,2,2,"[AL.MBL2, MB.VLNPL3] -> MBL3 -> [INP.MBL3, MBL2]",AL.MB,2,MB.VLNP,3,INP.MB,3,MB,2
365579120,mixed,mix->mix,mix,mix,1,1,2,2764,2,1.997,2321,0.84,MB,3,2,2,"[AL.MBL2, INP.MBL3] -> MBL3 -> [MBL2, MB.VLNPL3]",AL.MB,2,INP.MB,3,MB,2,MB.VLNP,3
363081681,mixed,mix->BWD,mix,BWD,1,2,1,2764,3,1.746,2317,0.838,MB,3,2,2,"[AL.MBL2, INP.MBL3] -> MBL3 -> [INP.MBL2, MBL2]",AL.MB,2,INP.MB,3,INP.MB,2,MB,2
361981920,mixed,LAT->BWD,LAT,BWD,0,2,2,2764,2,1.999,2321,0.84,MB,3,2,2,"[INP.MBL3, MB.VLNPL3] -> MBL3 -> [AL.MBL2, MBL2]",INP.MB,3,MB.VLNP,3,AL.MB,2,MB,2
361880920,mixed,FWD->LAT,FWD,LAT,2,0,2,2764,2,1.994,2321,0.84,MB,3,2,2,"[AL.MBL2, MBL2] -> MBL3 -> [INP.MBL3, MB.VLNPL3]",AL.MB,2,MB,2,INP.MB,3,MB.VLNP,3
358229864,mixed,mix->mix,mix,mix,1,1,2,2764,2,1.998,2321,0.84,MB,3,2,2,"[MBL2, MB.VLNPL3] -> MBL3 -> [AL.MBL2, INP.MBL3]",MB,2,MB.VLNP,3,AL.MB,2,INP.MB,3
357737320,mixed,mix->mix,mix,mix,1,1,2,2764,2,1.997,2321,0.84,MB,3,2,2,"[INP.MBL3, MBL2] -> MBL3 -> [AL.MBL2, MB.VLNPL3]",INP.MB,3,MB,2,AL.MB,2,MB.VLNP,3
357341153,mixed,FWD->mix,FWD,mix,2,1,1,2764,5,1.759,2317,0.838,MB,3,2,2,"[AL.MBL2, MBL2] -> MBL3 -> [INP.MBL2, INP.MBL3]",AL.MB,2,MB,2,INP.MB,2,INP.MB,3
356811780,mixed,FWD->mix,FWD,mix,2,1,1,2764,2,1.758,2317,0.838,MB,3,2,2,"[AL.MBL2, INP.MBL2] -> MBL3 -> [INP.MBL3, MBL2]",AL.MB,2,INP.MB,2,INP.MB,3,MB,2
355795180,mixed,mix->BWD,mix,BWD,1,2,1,2764,2,1.743,2317,0.838,MB,3,2,2,"[INP.MBL3, MBL2] -> MBL3 -> [AL.MBL2, INP.MBL2]",INP.MB,3,MB,2,AL.MB,2,INP.MB,2
355273360,mixed,mix->BWD,mix,BWD,1,2,1,2764,2,1.742,2317,0.838,MB,3,2,2,"[INP.MBL2, INP.MBL3] -> MBL3 -> [AL.MBL2, MBL2]",INP.MB,2,INP.MB,3,AL.MB,2,MB,2
349638380,mixed,FWD->mix,FWD,mix,2,1,1,2764,2,1.755,2317,0.838,MB,3,2,2,"[INP.MBL2, MBL2] -> MBL3 -> [AL.MBL2, INP.MBL3]",INP.MB,2,MB,2,AL.MB,2,INP.MB,3
306447090,mixed,mix->mix,mix,mix,1,1,2,2764,2,1.68,2424,0.877,MB,3,2,2,"[AL.MBL2, INP.VLNPL3] -> MBL3 -> [INP.MBL3, MBL2]",AL.MB,2,INP.VLNP,3,INP.MB,3,MB,2
305464800,mixed,LAT->BWD,LAT,BWD,0,2,2,2764,2,1.663,2424,0.877,MB,3,2,2,"[INP.MBL3, INP.VLNPL3] -> MBL3 -> [AL.MBL2, MBL2]",INP.MB,3,INP.VLNP,3,AL.MB,2,MB,2
301360920,mixed,mix->mix,mix,mix,1,1,2,2764,2,1.726,2424,0.877,MB,3,2,2,"[AL.MBL2, INP.MBL3] -> MBL3 -> [INP.VLNPL3, MBL2]",AL.MB,2,INP.MB,3,INP.VLNP,3,MB,2
300352280,mixed,mix->mix,mix,mix,1,1,2,2764,2,1.677,2424,0.877,MB,3,2,2,"[INP.VLNPL3, MBL2] -> MBL3 -> [AL.MBL2, INP.MBL3]",INP.VLNP,3,MB,2,AL.MB,2,INP.MB,3
296528442,mixed,FWD->LAT,FWD,LAT,2,0,2,2764,2,1.74,2424,0.877,MB,3,2,2,"[AL.MBL2, MBL2] -> MBL3 -> [INP.MBL3, INP.VLNPL3]",AL.MB,2,MB,2,INP.MB,3,INP.VLNP,3
295329510,mixed,mix->mix,mix,mix,1,1,2,2764,2,1.723,2424,0.877,MB,3,2,2,"[INP.MBL3, MBL2] -> MBL3 -> [AL.MBL2, INP.VLNPL3]",INP.MB,3,MB,2,AL.MB,2,INP.VLNP,3
288624538,mixed,FWD->mix,FWD,mix,2,1,1,2764,17,1.611,2448,0.886,MB,3,2,2,"[AL.LHL2, AL.MBL2] -> MBL3 -> [INP.MBL3, MBL2]",AL.LH,2,AL.MB,2,INP.MB,3,MB,2
287942440,mixed,mix->BWD,mix,BWD,1,2,1,2764,2,1.595,2448,0.886,MB,3,2,2,"[AL.LHL2, INP.MBL3] -> MBL3 -> [AL.MBL2, MBL2]",AL.LH,2,INP.MB,3,AL.MB,2,MB,2
20,mixed,LAT->FWD,LAT,FWD,2,0,2,1,1,1.0,41185,41185.0,MB.OL,2,2,2,"[OLL2, OL.VLNPL2] -> MB.OLL2 -> [MB.SNPL3, SNPL3]",OL,2,OL.VLNP,2,MB.SNP,3,SNP,3
20,mixed,LAT->mix,LAT,mix,1,0,3,1,1,1.0,41163,41163.0,MB.OL,2,2,2,"[OLL2, OL.VLNPL2] -> MB.OLL2 -> [SNPL3, SNP.VLNPL2]",OL,2,OL.VLNP,2,SNP,3,SNP.VLNP,2
10061840,mixed,mix->FWD,mix,FWD,2,1,1,47,10,4.156,7162,152.383,MB.SNP,2,2,2,"[MBL2, MBL3] -> MB.SNPL2 -> [LH.SNPL3, SNPL3]",MB,2,MB,3,LH.SNP,3,SNP,3
7922900,mixed,mix->FWD,mix,FWD,2,1,1,47,10,2.857,7025,149.468,MB.SNP,2,2,2,"[MBL2, MBL3] -> MB.SNPL2 -> [LHL3, SNPL3]",MB,2,MB,3,LH,3,SNP,3
6184660,mixed,mix->FWD,mix,FWD,2,1,1,47,6,2.863,6534,139.021,MB.SNP,2,2,2,"[MBL2, MBL3] -> MB.SNPL2 -> [MB.SNPL3, SNPL3]",MB,2,MB,3,MB.SNP,3,SNP,3
4598036,mixed,mix->mix,mix,mix,1,1,2,47,8,3.406,6446,137.149,MB.SNP,2,2,2,"[MBL2, MBL3] -> MB.SNPL2 -> [LH.MBL2, SNPL3]",MB,2,MB,3,LH.MB,2,SNP,3
4089356,mixed,mix->FWD,mix,FWD,2,1,1,47,7,2.602,6617,140.787,MB.SNP,2,2,2,"[MBL2, MBL3] -> MB.SNPL2 -> [INP.SNPL3, SNPL3]",MB,2,MB,3,INP.SNP,3,SNP,3
3630420,mixed,mix->mix,mix,mix,1,1,2,47,9,3.207,6534,139.021,MB.SNP,2,2,2,"[MBL2, MBL3] -> MB.SNPL2 -> [LHL2, SNPL3]",MB,2,MB,3,LH,2,SNP,3
3258980,mixed,mix->FWD,mix,FWD,2,1,1,47,10,2.38,5980,127.234,MB.SNP,2,2,2,"[MBL2, MBL3] -> MB.SNPL2 -> [LHL3, LH.SNPL3]",MB,2,MB,3,LH,3,LH.SNP,3
3258108,mixed,mix->mix,mix,mix,1,1,2,47,9,2.906,6813,144.957,MB.SNP,2,2,2,"[MBL2, MBL3] -> MB.SNPL2 -> [SNPL2, SNPL3]",MB,2,MB,3,SNP,2,SNP,3
3146042,mixed,mix->FWD,mix,FWD,2,1,1,47,6,3.551,6598,140.383,MB.SNP,2,2,2,"[MBL2, MBL3] -> MB.SNPL2 -> [INPL3, SNPL3]",MB,2,MB,3,INP,3,SNP,3
3139104,mixed,mix->mix,mix,mix,1,1,2,47,2,1.036,6521,138.745,MB.SNP,2,2,2,"[MBL2, MBL3] -> MB.SNPL2 -> [LH.SNPL2, SNPL3]",MB,2,MB,3,LH.SNP,2,SNP,3
2055672,mixed,mix->mix,mix,mix,1,1,2,47,3,1.321,7349,156.362,MB.SNP,2,2,2,"[MBL2, MBL3] -> MB.SNPL2 -> [ALL2, SNPL3]",MB,2,MB,3,AL,2,SNP,3
1966352,mixed,mix->FWD,mix,FWD,2,1,1,47,6,3.496,5489,116.787,MB.SNP,2,2,2,"[MBL2, MBL3] -> MB.SNPL2 -> [LH.SNPL3, MB.SNPL3]",MB,2,MB,3,LH.SNP,3,MB.SNP,3
1911030,mixed,mix->mix,mix,mix,1,1,2,47,8,2.81,5401,114.915,MB.SNP,2,2,2,"[MBL2, MBL3] -> MB.SNPL2 -> [LH.MBL2, LH.SNPL3]",MB,2,MB,3,LH.MB,2,LH.SNP,3
1666748,mixed,mix->mix,mix,mix,1,2,1,47,3,2.017,6442,137.064,MB.SNP,2,2,2,"[MBL2, MBL3] -> MB.SNPL2 -> [MB.SNPL1, SNPL3]",MB,2,MB,3,MB.SNP,1,SNP,3
1501664,mixed,mix->mix,mix,mix,1,1,2,47,9,2.667,5489,116.787,MB.SNP,2,2,2,"[MBL2, MBL3] -> MB.SNPL2 -> [LHL2, LH.SNPL3]",MB,2,MB,3,LH,2,LH.SNP,3
1466716,mixed,mix->mix,mix,mix,1,1,2,47,7,2.884,6524,138.809,MB.SNP,2,2,2,"[MBL2, MBL3] -> MB.SNPL2 -> [INP.MBL2, SNPL3]",MB,2,MB,3,INP.MB,2,SNP,3
1459328,mixed,mix->FWD,mix,FWD,2,1,1,47,6,2.327,5352,113.872,MB.SNP,2,2,2,"[MBL2, MBL3] -> MB.SNPL2 -> [LHL3, MB.SNPL3]",MB,2,MB,3,LH,3,MB.SNP,3
1455250,mixed,mix->mix,mix,mix,1,1,2,47,8,2.242,5264,112.0,MB.SNP,2,2,2,"[MBL2, MBL3] -> MB.SNPL2 -> [LHL3, LH.MBL2]",MB,2,MB,3,LH,3,LH.MB,2
1428784,mixed,mix->mix,mix,mix,1,1,2,47,9,2.451,5768,122.723,MB.SNP,2,2,2,"[MBL2, MBL3] -> MB.SNPL2 -> [LH.SNPL3, SNPL2]",MB,2,MB,3,LH.SNP,3,SNP,2
1268116,mixed,mix->mix,mix,mix,1,1,2,47,9,1.887,5352,113.872,MB.SNP,2,2,2,"[MBL2, MBL3] -> MB.SNPL2 -> [LHL2, LHL3]",MB,2,MB,3,LH,2,LH,3
60415531,mixed,mix->LAT,mix,LAT,1,0,3,93,8,5.224,7162,77.011,MB.SNP,3,2,2,"[MBL2, MBL3] -> MB.SNPL3 -> [LH.SNPL3, SNPL3]",MB,2,MB,3,LH.SNP,3,SNP,3
42033069,mixed,mix->mix,mix,mix,1,1,2,93,8,3.808,6813,73.258,MB.SNP,3,2,2,"[MBL2, MBL3] -> MB.SNPL3 -> [SNPL2, SNPL3]",MB,2,MB,3,SNP,2,SNP,3
18933220,mixed,mix->mix,mix,mix,1,1,2,93,8,4.47,5768,62.022,MB.SNP,3,2,2,"[MBL2, MBL3] -> MB.SNPL3 -> [LH.SNPL3, SNPL2]",MB,2,MB,3,LH.SNP,3,SNP,2
9516784,mixed,mix->LAT,mix,LAT,1,0,3,93,4,2.022,7025,75.538,MB.SNP,3,2,2,"[MBL2, MBL3] -> MB.SNPL3 -> [LHL3, SNPL3]",MB,2,MB,3,LH,3,SNP,3
5392970,mixed,mix->LAT,mix,LAT,1,0,3,93,4,1.969,5980,64.301,MB.SNP,3,2,2,"[MBL2, MBL3] -> MB.SNPL3 -> [LHL3, LH.SNPL3]",MB,2,MB,3,LH,3,LH.SNP,3
4672227,mixed,mix->mix,mix,mix,1,1,2,93,5,3.167,6521,70.118,MB.SNP,3,2,2,"[MBL2, MBL3] -> MB.SNPL3 -> [LH.SNPL2, SNPL3]",MB,2,MB,3,LH.SNP,2,SNP,3
4474232,mixed,mix->mix,mix,mix,1,1,2,93,5,2.631,6488,69.763,MB.SNP,3,2,2,"[MBL2, MBL3] -> MB.SNPL3 -> [MB.SNPL2, SNPL3]",MB,2,MB,3,MB.SNP,2,SNP,3
3566496,mixed,mix->LAT,mix,LAT,1,0,3,93,2,1.999,6478,69.656,MB.SNP,3,2,2,"[MBL2, MBL3] -> MB.SNPL3 -> [GNG.SNPL3, SNPL3]",MB,2,MB,3,GNG.SNP,3,SNP,3
2581680,mixed,mix->mix,mix,mix,1,1,2,93,2,1.976,7003,75.301,MB.SNP,3,2,2,"[MBL2, MBL3] -> MB.SNPL3 -> [PENPL2, SNPL3]",MB,2,MB,3,PENP,2,SNP,3
2524609,mixed,mix->mix,mix,mix,1,1,2,93,5,2.501,5443,58.527,MB.SNP,3,2,2,"[MBL2, MBL3] -> MB.SNPL3 -> [LH.SNPL3, MB.SNPL2]",MB,2,MB,3,LH.SNP,3,MB.SNP,2
2040985,mixed,mix->mix,mix,mix,1,1,2,93,5,3.436,5476,58.882,MB.SNP,3,2,2,"[MBL2, MBL3] -> MB.SNPL3 -> [LH.SNPL2, LH.SNPL3]",MB,2,MB,3,LH.SNP,2,LH.SNP,3
1815650,mixed,mix->mix,mix,mix,1,1,2,93,4,1.793,5631,60.548,MB.SNP,3,2,2,"[MBL2, MBL3] -> MB.SNPL3 -> [LHL3, SNPL2]",MB,2,MB,3,LH,3,SNP,2
1761559,mixed,mix->BWD,mix,BWD,1,2,1,93,5,3.074,5127,55.129,MB.SNP,3,2,2,"[MBL2, MBL3] -> MB.SNPL3 -> [LH.SNPL2, SNPL2]",MB,2,MB,3,LH.SNP,2,SNP,2
1488924,mixed,mix->mix,mix,mix,1,1,2,93,2,1.98,5958,64.065,MB.SNP,3,2,2,"[MBL2, MBL3] -> MB.SNPL3 -> [LH.SNPL3, PENPL2]",MB,2,MB,3,LH.SNP,3,PENP,2
1447816,mixed,mix->LAT,mix,LAT,1,0,3,93,2,1.985,5433,58.419,MB.SNP,3,2,2,"[MBL2, MBL3] -> MB.SNPL3 -> [GNG.SNPL3, LH.SNPL3]",MB,2,MB,3,GNG.SNP,3,LH.SNP,3
1355768,mixed,mix->mix,mix,mix,1,1,2,93,2,1.981,5084,54.667,MB.SNP,3,2,2,"[MBL2, MBL3] -> MB.SNPL3 -> [GNG.SNPL3, SNPL2]",MB,2,MB,3,GNG.SNP,3,SNP,2
1100840,mixed,mix->LAT,mix,LAT,1,0,3,93,2,1.992,6617,71.151,MB.SNP,3,2,2,"[MBL2, MBL3] -> MB.SNPL3 -> [INP.SNPL3, SNPL3]",MB,2,MB,3,INP.SNP,3,SNP,3
1014214,mixed,FWD->LAT,FWD,LAT,2,0,2,93,8,5.25,4445,47.796,MB.SNP,3,2,2,"[MBL2, MB.SNPL2] -> MB.SNPL3 -> [LH.SNPL3, SNPL3]",MB,2,MB.SNP,2,LH.SNP,3,SNP,3
1002942,mixed,mix->mix,mix,mix,1,1,2,93,4,2.021,5306,57.054,MB.SNP,3,2,2,"[MBL2, MBL3] -> MB.SNPL3 -> [LHL3, MB.SNPL2]",MB,2,MB,3,LH,3,MB.SNP,2
945958,mixed,mix->LAT,mix,LAT,1,0,3,93,8,5.096,5298,56.968,MB.SNP,3,2,2,"[MBL3, MB.SNPL2] -> MB.SNPL3 -> [LH.SNPL3, SNPL3]",MB,3,MB.SNP,2,LH.SNP,3,SNP,3
144,mixed,mix->mix,mix,mix,1,1,2,18,1,1.0,1261,70.056,MB.VLNP,2,2,2,"[LHL2, LHL3] -> MB.VLNPL2 -> [MB.SNPL3, OL.VLNPL2]",LH,2,LH,3,MB.SNP,3,OL.VLNP,2
144,mixed,mix->FWD,mix,FWD,2,1,1,18,1,1.0,2337,129.833,MB.VLNP,2,2,2,"[LHL2, LHL3] -> MB.VLNPL2 -> [MB.SNPL3, OL.VLNPL3]",LH,2,LH,3,MB.SNP,3,OL.VLNP,3
128,mixed,mix->FWD,mix,FWD,2,1,1,18,2,1.6,2604,144.667,MB.VLNP,2,2,2,"[LHL3, VLNPL2] -> MB.VLNPL2 -> [MB.SNPL3, OL.VLNPL3]",LH,3,VLNP,2,MB.SNP,3,OL.VLNP,3
128,mixed,mix->FWD,mix,FWD,2,1,1,18,2,2.0,1788,99.333,MB.VLNP,2,2,2,"[LHL3, VLNPL2] -> MB.VLNPL2 -> [MB.SNPL3, VLNPL3]",LH,3,VLNP,2,MB.SNP,3,VLNP,3
128,mixed,mix->FWD,mix,FWD,2,1,1,18,2,1.6,3461,192.278,MB.VLNP,2,2,2,"[LHL3, VLNPL2] -> MB.VLNPL2 -> [SNPL3, VLNPL3]",LH,3,VLNP,2,SNP,3,VLNP,3
122,mixed,LAT->FWD,LAT,FWD,2,0,2,18,3,1.555,3368,187.111,MB.VLNP,2,2,2,"[OL.VLNPL2, VLNPL2] -> MB.VLNPL2 -> [SNPL3, VLNPL3]",OL.VLNP,2,VLNP,2,SNP,3,VLNP,3
120,mixed,LAT->mix,LAT,mix,1,0,3,18,1,1.0,41464,2303.556,MB.VLNP,2,2,2,"[OLL2, OL.VLNPL2] -> MB.VLNPL2 -> [SNPL2, SNPL3]",OL,2,OL.VLNP,2,SNP,2,SNP,3
120,mixed,LAT->mix,LAT,mix,1,0,3,18,1,1.0,41452,2302.889,MB.VLNP,2,2,2,"[OLL2, OL.VLNPL2] -> MB.VLNPL2 -> [SNPL3, VLNPL2]",OL,2,OL.VLNP,2,SNP,3,VLNP,2
112,mixed,mix->FWD,mix,FWD,2,1,1,18,2,1.324,2735,151.944,MB.VLNP,2,2,2,"[LHL3, OL.VLNPL2] -> MB.VLNPL2 -> [MB.SNPL3, OL.VLNPL3]",LH,3,OL.VLNP,2,MB.SNP,3,OL.VLNP,3
112,mixed,mix->mix,mix,mix,1,1,2,18,2,1.324,1528,84.889,MB.VLNP,2,2,2,"[LHL3, VLNPL2] -> MB.VLNPL2 -> [MB.SNPL3, OL.VLNPL2]",LH,3,VLNP,2,MB.SNP,3,OL.VLNP,2
112,mixed,mix->FWD,mix,FWD,2,1,1,18,2,1.96,2803,155.722,MB.VLNP,2,2,2,"[LHL3, VLNPL2] -> MB.VLNPL2 -> [MB.SNPL3, SNPL3]",LH,3,VLNP,2,MB.SNP,3,SNP,3
112,mixed,mix->FWD,mix,FWD,2,1,1,18,2,1.96,3262,181.222,MB.VLNP,2,2,2,"[LHL3, VLNPL2] -> MB.VLNPL2 -> [OL.VLNPL3, VLNPL3]",LH,3,VLNP,2,OL.VLNP,3,VLNP,3
108,mixed,mix->mix,mix,mix,1,1,2,18,1,1.0,2735,151.944,MB.VLNP,2,2,2,"[LHL2, LHL3] -> MB.VLNPL2 -> [OL.VLNPL2, OL.VLNPL3]",LH,2,LH,3,OL.VLNP,2,OL.VLNP,3
104,mixed,BWD->FWD,BWD,FWD,2,2,0,18,2,1.166,2995,166.389,MB.VLNP,2,2,2,"[LHL3, VLNPL3] -> MB.VLNPL2 -> [MB.SNPL3, OL.VLNPL3]",LH,3,VLNP,3,MB.SNP,3,OL.VLNP,3
104,mixed,LAT->FWD,LAT,FWD,2,0,2,18,4,2.099,1695,94.167,MB.VLNP,2,2,2,"[OL.VLNPL2, VLNPL2] -> MB.VLNPL2 -> [MB.SNPL3, VLNPL3]",OL.VLNP,2,VLNP,2,MB.SNP,3,VLNP,3
101,mixed,mix->FWD,mix,FWD,2,1,1,18,2,1.104,5641,313.389,MB.VLNP,2,2,2,"[MBL3, VLNPL2] -> MB.VLNPL2 -> [SNPL3, VLNPL3]",MB,3,VLNP,2,SNP,3,VLNP,3
100,mixed,BWD->mix,BWD,mix,1,2,1,18,2,1.083,1919,106.611,MB.VLNP,2,2,2,"[LHL3, VLNPL3] -> MB.VLNPL2 -> [MB.SNPL3, OL.VLNPL2]",LH,3,VLNP,3,MB.SNP,3,OL.VLNP,2
100,mixed,LAT->FWD,LAT,FWD,2,0,2,18,3,2.682,2710,150.556,MB.VLNP,2,2,2,"[OL.VLNPL2, VLNPL2] -> MB.VLNPL2 -> [MB.SNPL3, SNPL3]",OL.VLNP,2,VLNP,2,MB.SNP,3,SNP,3
96,mixed,LAT->FWD,LAT,FWD,2,0,2,18,1,1.0,2919,162.167,MB.VLNP,2,2,2,"[AL.VLNPL2, VLNPL2] -> MB.VLNPL2 -> [SNPL3, VLNPL3]",AL.VLNP,2,VLNP,2,SNP,3,VLNP,3
96,mixed,mix->FWD,mix,FWD,2,1,1,18,1,1.0,2536,140.889,MB.VLNP,2,2,2,"[LHL2, LHL3] -> MB.VLNPL2 -> [MB.SNPL3, SNPL3]",LH,2,LH,3,MB.SNP,3,SNP,3
684936,mixed,LAT->mix,LAT,mix,0,1,3,87,1,1.0,5616,64.552,MB.VLNP,3,2,2,"[INP.VLNPL3, VLNPL3] -> MB.VLNPL3 -> [MBL2, MBL3]",INP.VLNP,3,VLNP,3,MB,2,MB,3
228312,mixed,mix->mix,mix,mix,1,1,2,87,1,1.0,5079,58.379,MB.VLNP,3,2,2,"[AL.LHL2, INP.VLNPL3] -> MB.VLNPL3 -> [MBL2, MBL3]",AL.LH,2,INP.VLNP,3,MB,2,MB,3
228312,mixed,mix->mix,mix,mix,1,1,2,87,1,1.0,5640,64.828,MB.VLNP,3,2,2,"[AL.LHL2, VLNPL3] -> MB.VLNPL3 -> [MBL2, MBL3]",AL.LH,2,VLNP,3,MB,2,MB,3
228312,mixed,LAT->mix,LAT,mix,0,1,3,87,1,1.0,5043,57.966,MB.VLNP,3,2,2,"[INP.MBL3, INP.VLNPL3] -> MB.VLNPL3 -> [MBL2, MBL3]",INP.MB,3,INP.VLNP,3,MB,2,MB,3
228312,mixed,LAT->mix,LAT,mix,0,1,3,87,1,1.0,5604,64.414,MB.VLNP,3,2,2,"[INP.MBL3, VLNPL3] -> MB.VLNPL3 -> [MBL2, MBL3]",INP.MB,3,VLNP,3,MB,2,MB,3
159003,pure_LAT,LAT->LAT,LAT,LAT,0,0,4,87,1,1.0,5471,62.885,MB.VLNP,3,2,2,"[INP.VLNPL3, VLNPL3] -> MB.VLNPL3 -> [MBL3, SNPL3]",INP.VLNP,3,VLNP,3,MB,3,SNP,3
152208,mixed,mix->mix,mix,mix,1,1,2,87,1,1.0,4905,56.379,MB.VLNP,3,2,2,"[INP.VLNPL2, INP.VLNPL3] -> MB.VLNPL3 -> [MBL2, MBL3]",INP.VLNP,2,INP.VLNP,3,MB,2,MB,3
152208,mixed,mix->mix,mix,mix,1,1,2,87,1,1.0,5466,62.828,MB.VLNP,3,2,2,"[INP.VLNPL2, VLNPL3] -> MB.VLNPL3 -> [MBL2, MBL3]",INP.VLNP,2,VLNP,3,MB,2,MB,3
152208,mixed,LAT->mix,LAT,mix,0,1,3,87,1,1.0,4924,56.598,MB.VLNP,3,2,2,"[INP.VLNPL3, INP.VMNPL3] -> MB.VLNPL3 -> [MBL2, MBL3]",INP.VLNP,3,INP.VMNP,3,MB,2,MB,3
152208,mixed,LAT->mix,LAT,mix,0,1,3,87,1,1.0,4907,56.402,MB.VLNP,3,2,2,"[INP.VLNPL3, LH.VLNPL3] -> MB.VLNPL3 -> [MBL2, MBL3]",INP.VLNP,3,LH.VLNP,3,MB,2,MB,3
152208,mixed,mix->mix,mix,mix,1,1,2,87,1,1.0,4883,56.126,MB.VLNP,3,2,2,"[INP.VLNPL3, MB.VLNPL2] -> MB.VLNPL3 -> [MBL2, MBL3]",INP.VLNP,3,MB.VLNP,2,MB,2,MB,3
152208,mixed,mix->mix,mix,mix,1,1,2,87,1,1.0,5356,61.563,MB.VLNP,3,2,2,"[INP.VLNPL3, OL.VLNPL2] -> MB.VLNPL3 -> [MBL2, MBL3]",INP.VLNP,3,OL.VLNP,2,MB,2,MB,3
152208,mixed,LAT->mix,LAT,mix,0,1,3,87,1,1.0,5485,63.046,MB.VLNP,3,2,2,"[INP.VMNPL3, VLNPL3] -> MB.VLNPL3 -> [MBL2, MBL3]",INP.VMNP,3,VLNP,3,MB,2,MB,3
152208,mixed,LAT->mix,LAT,mix,0,1,3,87,1,1.0,5468,62.851,MB.VLNP,3,2,2,"[LH.VLNPL3, VLNPL3] -> MB.VLNPL3 -> [MBL2, MBL3]",LH.VLNP,3,VLNP,3,MB,2,MB,3
152208,mixed,mix->mix,mix,mix,1,1,2,87,1,1.0,5444,62.575,MB.VLNP,3,2,2,"[MB.VLNPL2, VLNPL3] -> MB.VLNPL3 -> [MBL2, MBL3]",MB.VLNP,2,VLNP,3,MB,2,MB,3
152208,mixed,mix->mix,mix,mix,1,1,2,87,1,1.0,5917,68.011,MB.VLNP,3,2,2,"[OL.VLNPL2, VLNPL3] -> MB.VLNPL3 -> [MBL2, MBL3]",OL.VLNP,2,VLNP,3,MB,2,MB,3
134542,pure_LAT,LAT->LAT,LAT,LAT,0,0,4,87,2,1.0,3883,44.632,MB.VLNP,3,2,2,"[INP.VLNPL3, VLNPL3] -> MB.VLNPL3 -> [INP.MBL3, MBL3]",INP.VLNP,3,VLNP,3,INP.MB,3,MB,3
76104,mixed,mix->mix,mix,mix,1,1,2,87,1,1.0,5067,58.241,MB.VLNP,3,2,2,"[AL.LHL2, INP.MBL3] -> MB.VLNPL3 -> [MBL2, MBL3]",AL.LH,2,INP.MB,3,MB,2,MB,3
76104,mixed,LAT->mix,LAT,mix,0,1,3,87,1,1.0,4939,56.77,MB.VLNP,3,2,2,"[AL.LHL3, INP.VLNPL3] -> MB.VLNPL3 -> [MBL2, MBL3]",AL.LH,3,INP.VLNP,3,MB,2,MB,3
76104,mixed,LAT->mix,LAT,mix,0,1,3,87,1,1.0,5500,63.218,MB.VLNP,3,2,2,"[AL.LHL3, VLNPL3] -> MB.VLNPL3 -> [MBL2, MBL3]",AL.LH,3,VLNP,3,MB,2,MB,3
312,mixed,mix->FWD,mix,FWD,2,1,1,5,2,1.649,332,66.4,OCG.VMNP,1,2,2,"[OCGL1, OCG.VMNPL2] -> OCG.VMNPL1 -> [OL.VMNPL2, PENP.VMNPL2]",OCG,1,OCG.VMNP,2,OL.VMNP,2,PENP.VMNP,2
312,mixed,mix->FWD,mix,FWD,2,1,1,5,2,1.649,728,145.6,OCG.VMNP,1,2,2,"[OCGL1, OCG.VMNPL2] -> OCG.VMNPL1 -> [OL.VMNPL2, VMNPL2]",OCG,1,OCG.VMNP,2,OL.VMNP,2,VMNP,2
252,mixed,mix->mix,mix,mix,1,1,2,5,1,1.0,256,51.2,OCG.VMNP,1,2,2,"[OCGL1, OCG.VMNPL2] -> OCG.VMNPL1 -> [LX.VMNPL2, VMNPL1]",OCG,1,OCG.VMNP,2,LX.VMNP,2,VMNP,1
252,mixed,mix->mix,mix,mix,1,1,2,5,1,1.0,369,73.8,OCG.VMNP,1,2,2,"[OCGL1, OCG.VMNPL2] -> OCG.VMNPL1 -> [OL.VMNPL2, VMNPL1]",OCG,1,OCG.VMNP,2,OL.VMNP,2,VMNP,1
228,mixed,mix->FWD,mix,FWD,2,1,1,5,1,1.0,260,52.0,OCG.VMNP,1,2,2,"[OCGL1, OCG.VMNPL2] -> OCG.VMNPL1 -> [GNG.OLL2, OL.VMNPL2]",OCG,1,OCG.VMNP,2,GNG.OL,2,OL.VMNP,2
210,mixed,mix->FWD,mix,FWD,2,1,1,5,1,1.0,408,81.6,OCG.VMNP,1,2,2,"[VLNP.VMNPL2, VMNPL1] -> OCG.VMNPL1 -> [OCGL2, OCG.VMNPL2]",VLNP.VMNP,2,VMNP,1,OCG,2,OCG.VMNP,2
198,mixed,mix->FWD,mix,FWD,2,1,1,5,2,1.955,618,123.6,OCG.VMNP,1,2,2,"[OCGL1, OCG.VMNPL2] -> OCG.VMNPL1 -> [PENP.VMNPL2, VMNPL2]",OCG,1,OCG.VMNP,2,PENP.VMNP,2,VMNP,2
126,mixed,mix->FWD,mix,FWD,2,1,1,5,1,1.0,329,65.8,OCG.VMNP,1,2,2,"[OCGL1, OCG.VMNPL2] -> OCG.VMNPL1 -> [LX.VMNPL2, OL.VMNPL2]",OCG,1,OCG.VMNP,2,LX.VMNP,2,OL.VMNP,2
114,mixed,mix->FWD,mix,FWD,2,1,1,5,1,1.0,150,30.0,OCG.VMNP,1,2,2,"[OCGL1, OCG.VMNPL2] -> OCG.VMNPL1 -> [GNG.OLL2, PENP.VMNPL2]",OCG,1,OCG.VMNP,2,GNG.OL,2,PENP.VMNP,2
114,mixed,mix->FWD,mix,FWD,2,1,1,5,1,1.0,546,109.2,OCG.VMNP,1,2,2,"[OCGL1, OCG.VMNPL2] -> OCG.VMNPL1 -> [GNG.OLL2, VMNPL2]",OCG,1,OCG.VMNP,2,GNG.OL,2,VMNP,2
105,mixed,BWD->FWD,BWD,FWD,2,2,0,5,1,1.0,1103,220.6,OCG.VMNP,1,2,2,"[GNGL2, VLNP.VMNPL2] -> OCG.VMNPL1 -> [OCGL2, OCG.VMNPL2]",GNG,2,VLNP.VMNP,2,OCG,2,OCG.VMNP,2
105,mixed,BWD->FWD,BWD,FWD,2,2,0,5,1,1.0,399,79.8,OCG.VMNP,1,2,2,"[GNG.VMNPL2, VLNP.VMNPL2] -> OCG.VMNPL1 -> [OCGL2, OCG.VMNPL2]",GNG.VMNP,2,VLNP.VMNP,2,OCG,2,OCG.VMNP,2
105,mixed,BWD->FWD,BWD,FWD,2,2,0,5,1,1.0,767,153.4,OCG.VMNP,1,2,2,"[VLNP.VMNPL2, VMNPL2] -> OCG.VMNPL1 -> [OCGL2, OCG.VMNPL2]",VLNP.VMNP,2,VMNP,2,OCG,2,OCG.VMNP,2
90,mixed,mix->FWD,mix,FWD,2,1,1,5,2,1.356,332,66.4,OCG.VMNP,1,2,2,"[OCGL1, PENP.VMNPL2] -> OCG.VMNPL1 -> [OCG.VMNPL2, OL.VMNPL2]",OCG,1,PENP.VMNP,2,OCG.VMNP,2,OL.VMNP,2
90,mixed,mix->FWD,mix,FWD,2,1,1,5,2,1.356,785,157.0,OCG.VMNP,1,2,2,"[OCGL1, PENP.VMNPL2] -> OCG.VMNPL1 -> [OL.VMNPL2, VMNPL2]",OCG,1,PENP.VMNP,2,OL.VMNP,2,VMNP,2
76,mixed,mix->FWD,mix,FWD,2,1,1,5,1,1.0,317,63.4,OCG.VMNP,1,2,2,"[OCGL1, PENP.VMNPL2] -> OCG.VMNPL1 -> [GNG.OLL2, OL.VMNPL2]",OCG,1,PENP.VMNP,2,GNG.OL,2,OL.VMNP,2
70,mixed,mix->FWD,mix,FWD,2,1,1,5,1,1.0,1086,217.2,OCG.VMNP,1,2,2,"[GNGL2, VMNPL1] -> OCG.VMNPL1 -> [OCGL2, OCG.VMNPL2]",GNG,2,VMNP,1,OCG,2,OCG.VMNP,2
70,mixed,mix->FWD,mix,FWD,2,1,1,5,1,1.0,382,76.4,OCG.VMNP,1,2,2,"[GNG.VMNPL2, VMNPL1] -> OCG.VMNPL1 -> [OCGL2, OCG.VMNPL2]",GNG.VMNP,2,VMNP,1,OCG,2,OCG.VMNP,2
70,mixed,mix->FWD,mix,FWD,2,1,1,5,1,1.0,750,150.0,OCG.VMNP,1,2,2,"[VMNPL1, VMNPL2] -> OCG.VMNPL1 -> [OCGL2, OCG.VMNPL2]",VMNP,1,VMNP,2,OCG,2,OCG.VMNP,2
63,mixed,BWD->mix,BWD,mix,1,2,1,5,1,1.0,1197,239.4,OCG.VMNP,1,2,2,"[GNGL2, VLNP.VMNPL2] -> OCG.VMNPL1 -> [OCGL2, VMNPL1]",GNG,2,VLNP.VMNP,2,OCG,2,VMNP,1
990,mixed,mix->mix,mix,mix,2,1,1,20,2,1.062,679,33.95,OCG.VMNP,2,2,2,"[OCGL1, OCGL2] -> OCG.VMNPL2 -> [VMNPL1, VMNPL3]",OCG,1,OCG,2,VMNP,1,VMNP,3
649,mixed,mix->mix,mix,mix,1,1,2,20,4,1.736,492,24.6,OCG.VMNP,2,2,2,"[OCGL1, OCGL2] -> OCG.VMNPL2 -> [OL.VMNPL2, VMNPL1]",OCG,1,OCG,2,OL.VMNP,2,VMNP,1
579,mixed,mix->BWD,mix,BWD,1,2,1,20,3,1.41,310,15.5,OCG.VMNP,2,2,2,"[OCGL1, OCGL2] -> OCG.VMNPL2 -> [OCG.VMNPL1, VMNPL1]",OCG,1,OCG,2,OCG.VMNP,1,VMNP,1
490,mixed,mix->mix,mix,mix,1,2,1,20,2,1.042,667,33.35,OCG.VMNP,2,2,2,"[OCGL2, OCGL3] -> OCG.VMNPL2 -> [VMNPL1, VMNPL3]",OCG,2,OCG,3,VMNP,1,VMNP,3
480,mixed,mix->mix,mix,mix,2,1,1,20,1,1.0,1172,58.6,OCG.VMNP,2,2,2,"[OCGL1, OCGL2] -> OCG.VMNPL2 -> [GNGL3, VMNPL1]",OCG,1,OCG,2,GNG,3,VMNP,1
468,mixed,mix->mix,mix,mix,2,1,1,20,3,2.242,570,28.5,OCG.VMNP,2,2,2,"[OCGL1, OCGL2] -> OCG.VMNPL2 -> [OCG.VMNPL1, VMNPL3]",OCG,1,OCG,2,OCG.VMNP,1,VMNP,3
468,mixed,mix->mix,mix,mix,2,0,2,20,3,2.242,752,37.6,OCG.VMNP,2,2,2,"[OCGL1, OCGL2] -> OCG.VMNPL2 -> [OL.VMNPL2, VMNPL3]",OCG,1,OCG,2,OL.VMNP,2,VMNP,3
351,mixed,mix->mix,mix,mix,1,1,2,20,4,3.151,383,19.15,OCG.VMNP,2,2,2,"[OCGL1, OCGL2] -> OCG.VMNPL2 -> [OCG.VMNPL1, OL.VMNPL2]",OCG,1,OCG,2,OCG.VMNP,1,OL.VMNP,2
340,mixed,mix->mix,mix,mix,2,1,1,20,2,1.125,636,31.8,OCG.VMNP,2,2,2,"[OCGL2, OCG.VMNPL1] -> OCG.VMNPL2 -> [VMNPL1, VMNPL3]",OCG,2,OCG.VMNP,1,VMNP,1,VMNP,3
330,mixed,mix->mix,mix,mix,1,2,1,20,2,1.062,635,31.75,OCG.VMNP,2,2,2,"[OCGL2, OCG.VMNPL3] -> OCG.VMNPL2 -> [VMNPL1, VMNPL3]",OCG,2,OCG.VMNP,3,VMNP,1,VMNP,3
298,mixed,mix->mix,mix,mix,2,0,2,20,3,1.93,709,35.45,OCG.VMNP,2,2,2,"[OCGL2, OCG.VMNPL1] -> OCG.VMNPL2 -> [OL.VMNPL2, VMNPL3]",OCG,2,OCG.VMNP,1,OL.VMNP,2,VMNP,3
271,mixed,mix->mix,mix,mix,0,2,2,20,4,1.267,480,24.0,OCG.VMNP,2,2,2,"[OCGL2, OCGL3] -> OCG.VMNPL2 -> [OL.VMNPL2, VMNPL1]",OCG,2,OCG,3,OL.VMNP,2,VMNP,1
257,mixed,mix->BWD,mix,BWD,0,3,1,20,3,1.143,298,14.9,OCG.VMNP,2,2,2,"[OCGL2, OCGL3] -> OCG.VMNPL2 -> [OCG.VMNPL1, VMNPL1]",OCG,2,OCG,3,OCG.VMNP,1,VMNP,1
240,mixed,mix->FWD,mix,FWD,3,0,1,20,1,1.0,1432,71.6,OCG.VMNP,2,2,2,"[OCGL1, OCGL2] -> OCG.VMNPL2 -> [GNGL3, VMNPL3]",OCG,1,OCG,2,GNG,3,VMNP,3
240,mixed,mix->mix,mix,mix,1,2,1,20,1,1.0,1160,58.0,OCG.VMNP,2,2,2,"[OCGL2, OCGL3] -> OCG.VMNPL2 -> [GNGL3, VMNPL1]",OCG,2,OCG,3,GNG,3,VMNP,1
228,mixed,mix->mix,mix,mix,2,0,2,20,2,1.296,1038,51.9,OCG.VMNP,2,2,2,"[OCGL1, OCGL2] -> OCG.VMNPL2 -> [VMNPL2, VMNPL3]",OCG,1,OCG,2,VMNP,2,VMNP,3
218,mixed,mix->mix,mix,mix,2,0,2,20,2,1.2,995,49.75,OCG.VMNP,2,2,2,"[OCGL2, OCG.VMNPL1] -> OCG.VMNPL2 -> [VMNPL2, VMNPL3]",OCG,2,OCG.VMNP,1,VMNP,2,VMNP,3
206,mixed,mix->mix,mix,mix,2,1,1,20,3,2.215,636,31.8,OCG.VMNP,2,2,2,"[OCGL2, VMNPL1] -> OCG.VMNPL2 -> [OCG.VMNPL1, VMNPL3]",OCG,2,VMNP,1,OCG.VMNP,1,VMNP,3
206,mixed,mix->mix,mix,mix,2,0,2,20,3,2.215,818,40.9,OCG.VMNP,2,2,2,"[OCGL2, VMNPL1] -> OCG.VMNPL2 -> [OL.VMNPL2, VMNPL3]",OCG,2,VMNP,1,OL.VMNP,2,VMNP,3
200,mixed,mix->LAT,mix,LAT,1,0,3,20,4,3.11,455,22.75,OCG.VMNP,2,2,2,"[OCGL1, OCGL2] -> OCG.VMNPL2 -> [OL.VMNPL2, PENP.VMNPL2]",OCG,1,OCG,2,OL.VMNP,2,PENP.VMNP,2
320,mixed,mix->BWD,mix,BWD,1,2,1,4,1,1.0,929,232.25,OCG.VMNP,3,2,2,"[GNG.VMNPL2, PENPL3] -> OCG.VMNPL3 -> [OCGL2, OCG.VMNPL2]",GNG.VMNP,2,PENP,3,OCG,2,OCG.VMNP,2
320,mixed,LAT->BWD,LAT,BWD,0,2,2,4,1,1.0,1575,393.75,OCG.VMNP,3,2,2,"[PENPL3, VLNPL3] -> OCG.VMNPL3 -> [OCGL2, OCG.VMNPL2]",PENP,3,VLNP,3,OCG,2,OCG.VMNP,2
320,mixed,mix->BWD,mix,BWD,1,2,1,4,1,1.0,955,238.75,OCG.VMNP,3,2,2,"[PENPL3, VLNP.VMNPL2] -> OCG.VMNPL3 -> [OCGL2, OCG.VMNPL2]",PENP,3,VLNP.VMNP,2,OCG,2,OCG.VMNP,2
240,mixed,mix->BWD,mix,BWD,1,2,1,4,1,1.0,1633,408.25,OCG.VMNP,3,2,2,"[GNGL2, PENPL3] -> OCG.VMNPL3 -> [OCGL2, OCG.VMNPL2]",GNG,2,PENP,3,OCG,2,OCG.VMNP,2
240,mixed,mix->BWD,mix,BWD,1,2,1,4,1,1.0,1315,328.75,OCG.VMNP,3,2,2,"[OL.VLNPL2, PENPL3] -> OCG.VMNPL3 -> [OCGL2, OCG.VMNPL2]",OL.VLNP,2,PENP,3,OCG,2,OCG.VMNP,2
240,mixed,LAT->BWD,LAT,BWD,0,2,2,4,1,1.0,904,226.0,OCG.VMNP,3,2,2,"[PENPL3, PENP.VMNPL3] -> OCG.VMNPL3 -> [OCGL2, OCG.VMNPL2]",PENP,3,PENP.VMNP,3,OCG,2,OCG.VMNP,2
240,mixed,mix->BWD,mix,BWD,1,2,1,4,1,1.0,1297,324.25,OCG.VMNP,3,2,2,"[PENPL3, VMNPL2] -> OCG.VMNPL3 -> [OCGL2, OCG.VMNPL2]",PENP,3,VMNP,2,OCG,2,OCG.VMNP,2
161,mixed,FWD->BWD,FWD,BWD,2,2,0,4,2,1.012,399,99.75,OCG.VMNP,3,2,2,"[GNG.VMNPL2, VLNP.VMNPL2] -> OCG.VMNPL3 -> [OCGL2, OCG.VMNPL2]",GNG.VMNP,2,VLNP.VMNP,2,OCG,2,OCG.VMNP,2
160,mixed,mix->mix,mix,mix,1,1,2,4,1,1.0,822,205.5,OCG.VMNP,3,2,2,"[GNG.VMNPL2, PENPL3] -> OCG.VMNPL3 -> [OCGL3, OCG.VMNPL2]",GNG.VMNP,2,PENP,3,OCG,3,OCG.VMNP,2
160,mixed,mix->BWD,mix,BWD,1,2,1,4,1,1.0,1019,254.75,OCG.VMNP,3,2,2,"[GNG.VMNPL2, VLNPL3] -> OCG.VMNPL3 -> [OCGL2, OCG.VMNPL2]",GNG.VMNP,2,VLNP,3,OCG,2,OCG.VMNP,2
160,mixed,LAT->BWD,LAT,BWD,0,2,2,4,1,1.0,912,228.0,OCG.VMNP,3,2,2,"[GNG.VMNPL3, PENPL3] -> OCG.VMNPL3 -> [OCGL2, OCG.VMNPL2]",GNG.VMNP,3,PENP,3,OCG,2,OCG.VMNP,2
160,mixed,LAT->mix,LAT,mix,0,1,3,4,1,1.0,1468,367.0,OCG.VMNP,3,2,2,"[PENPL3, VLNPL3] -> OCG.VMNPL3 -> [OCGL3, OCG.VMNPL2]",PENP,3,VLNP,3,OCG,3,OCG.VMNP,2
160,mixed,mix->mix,mix,mix,1,1,2,4,1,1.0,848,212.0,OCG.VMNP,3,2,2,"[PENPL3, VLNP.VMNPL2] -> OCG.VMNPL3 -> [OCGL3, OCG.VMNPL2]",PENP,3,VLNP.VMNP,2,OCG,3,OCG.VMNP,2
160,mixed,mix->BWD,mix,BWD,1,2,1,4,1,1.0,1045,261.25,OCG.VMNP,3,2,2,"[VLNPL3, VLNP.VMNPL2] -> OCG.VMNPL3 -> [OCGL2, OCG.VMNPL2]",VLNP,3,VLNP.VMNP,2,OCG,2,OCG.VMNP,2
126,mixed,FWD->BWD,FWD,BWD,2,2,0,4,2,1.1,741,185.25,OCG.VMNP,3,2,2,"[GNG.VMNPL2, VMNPL2] -> OCG.VMNPL3 -> [OCGL2, OCG.VMNPL2]",GNG.VMNP,2,VMNP,2,OCG,2,OCG.VMNP,2
126,mixed,FWD->BWD,FWD,BWD,2,2,0,4,2,1.1,767,191.75,OCG.VMNP,3,2,2,"[VLNP.VMNPL2, VMNPL2] -> OCG.VMNPL3 -> [OCGL2, OCG.VMNPL2]",VLNP.VMNP,2,VMNP,2,OCG,2,OCG.VMNP,2
120,mixed,FWD->BWD,FWD,BWD,2,2,0,4,1,1.0,1077,269.25,OCG.VMNP,3,2,2,"[GNGL2, GNG.VMNPL2] -> OCG.VMNPL3 -> [OCGL2, OCG.VMNPL2]",GNG,2,GNG.VMNP,2,OCG,2,OCG.VMNP,2
120,mixed,mix->mix,mix,mix,1,1,2,4,1,1.0,1526,381.5,OCG.VMNP,3,2,2,"[GNGL2, PENPL3] -> OCG.VMNPL3 -> [OCGL3, OCG.VMNPL2]",GNG,2,PENP,3,OCG,3,OCG.VMNP,2
120,mixed,mix->BWD,mix,BWD,1,2,1,4,1,1.0,1723,430.75,OCG.VMNP,3,2,2,"[GNGL2, VLNPL3] -> OCG.VMNPL3 -> [OCGL2, OCG.VMNPL2]",GNG,2,VLNP,3,OCG,2,OCG.VMNP,2
120,mixed,FWD->BWD,FWD,BWD,2,2,0,4,1,1.0,1103,275.75,OCG.VMNP,3,2,2,"[GNGL2, VLNP.VMNPL2] -> OCG.VMNPL3 -> [OCGL2, OCG.VMNPL2]",GNG,2,VLNP.VMNP,2,OCG,2,OCG.VMNP,2
694377,mixed,mix->FWD,mix,FWD,2,1,1,11117,28,2.959,39539,3.557,OL,1,2,2,"[OLL2, OL.VMNPL1] -> OLL1 -> [OL.VLNPL2, OL.VMNPL2]",OL,2,OL.VMNP,1,OL.VLNP,2,OL.VMNP,2
409140,mixed,BWD->FWD,BWD,FWD,2,2,0,11117,4,1.979,39522,3.555,OL,1,2,2,"[OLL2, OL.SNPL2] -> OLL1 -> [OL.VLNPL2, OL.VMNPL2]",OL,2,OL.SNP,2,OL.VLNP,2,OL.VMNP,2
294606,mixed,mix->FWD,mix,FWD,2,1,1,11117,23,1.273,39561,3.559,OL,1,2,2,"[OLL2, OL.VLNPL1] -> OLL1 -> [OL.VLNPL2, OL.VMNPL2]",OL,2,OL.VLNP,1,OL.VLNP,2,OL.VMNP,2
222624,mixed,BWD->mix,BWD,mix,1,2,1,11117,2,1.39,39383,3.543,OL,1,2,2,"[OLL2, OL.SNPL2] -> OLL1 -> [OL.VLNPL1, OL.VLNPL2]",OL,2,OL.SNP,2,OL.VLNP,1,OL.VLNP,2
158575,mixed,mix->FWD,mix,FWD,2,1,1,11117,30,3.798,39539,3.557,OL,1,2,2,"[OL.VMNPL1, OL.VMNPL2] -> OLL1 -> [OLL2, OL.VLNPL2]",OL.VMNP,1,OL.VMNP,2,OL,2,OL.VLNP,2
125880,mixed,BWD->mix,BWD,mix,1,2,1,11117,4,2.261,39361,3.541,OL,1,2,2,"[OLL2, OL.SNPL2] -> OLL1 -> [OL.VLNPL2, OL.VMNPL1]",OL,2,OL.SNP,2,OL.VLNP,2,OL.VMNP,1
118176,mixed,BWD->mix,BWD,mix,1,2,1,11117,15,1.563,39561,3.559,OL,1,2,2,"[OLL2, OL.VMNPL2] -> OLL1 -> [OL.VLNPL1, OL.VLNPL2]",OL,2,OL.VMNP,2,OL.VLNP,1,OL.VLNP,2
117048,mixed,mix->FWD,mix,FWD,2,1,1,11117,7,2.514,39520,3.555,OL,1,2,2,"[GNG.OLL1, OLL2] -> OLL1 -> [OL.VLNPL2, OL.VMNPL2]",GNG.OL,1,OL,2,OL.VLNP,2,OL.VMNP,2
111600,mixed,BWD->FWD,BWD,FWD,2,2,0,11117,2,1.807,39344,3.539,OL,1,2,2,"[OLL2, OL.SNPL2] -> OLL1 -> [LH.OLL2, OL.VLNPL2]",OL,2,OL.SNP,2,LH.OL,2,OL.VLNP,2
106726,mixed,BWD->mix,BWD,mix,1,2,1,11117,14,4.33,39539,3.557,OL,1,2,2,"[OLL2, OL.VMNPL2] -> OLL1 -> [OL.VLNPL2, OL.VMNPL1]",OL,2,OL.VMNP,2,OL.VLNP,2,OL.VMNP,1
101192,mixed,BWD->mix,BWD,mix,1,2,1,11117,2,1.697,39079,3.515,OL,1,2,2,"[OLL2, OL.SNPL2] -> OLL1 -> [OL.VLNPL1, OL.VMNPL2]",OL,2,OL.SNP,2,OL.VLNP,1,OL.VMNP,2
93491,mixed,BWD->mix,BWD,mix,1,2,1,11117,14,2.286,39561,3.559,OL,1,2,2,"[OLL2, OL.VLNPL2] -> OLL1 -> [OL.VLNPL1, OL.VMNPL2]",OL,2,OL.VLNP,2,OL.VLNP,1,OL.VMNP,2
90180,mixed,mix->FWD,mix,FWD,2,1,1,11117,2,1.256,39383,3.543,OL,1,2,2,"[OL.SNPL2, OL.VLNPL1] -> OLL1 -> [OLL2, OL.VLNPL2]",OL.SNP,2,OL.VLNP,1,OL,2,OL.VLNP,2
83683,mixed,mix->mix,mix,mix,1,1,2,11117,8,1.258,39400,3.544,OL,1,2,2,"[OLL2, OL.VLNPL1] -> OLL1 -> [OL.VLNPL2, OL.VMNPL1]",OL,2,OL.VLNP,1,OL.VLNP,2,OL.VMNP,1
83412,mixed,mix->FWD,mix,FWD,2,1,1,11117,2,1.25,39383,3.543,OL,1,2,2,"[OLL2, OL.VLNPL1] -> OLL1 -> [LH.OLL2, OL.VLNPL2]",OL,2,OL.VLNP,1,LH.OL,2,OL.VLNP,2
78442,mixed,BWD->FWD,BWD,FWD,2,2,0,11117,6,2.061,39986,3.597,OL,1,2,2,"[OL.VLNPL2, OL.VMNPL2] -> OLL1 -> [OLL2, VMNPL2]",OL.VLNP,2,OL.VMNP,2,OL,2,VMNP,2
63728,mixed,BWD->mix,BWD,mix,1,2,1,11117,4,2.386,39057,3.513,OL,1,2,2,"[OLL2, OL.SNPL2] -> OLL1 -> [OL.VMNPL1, OL.VMNPL2]",OL,2,OL.SNP,2,OL.VMNP,1,OL.VMNP,2
63124,mixed,BWD->mix,BWD,mix,1,2,1,11117,10,2.902,39539,3.557,OL,1,2,2,"[OLL2, OL.VLNPL2] -> OLL1 -> [OL.VMNPL1, OL.VMNPL2]",OL,2,OL.VLNP,2,OL.VMNP,1,OL.VMNP,2
62906,mixed,BWD->FWD,BWD,FWD,2,2,0,11117,3,1.95,39522,3.555,OL,1,2,2,"[OL.SNPL2, OL.VMNPL2] -> OLL1 -> [OLL2, OL.VLNPL2]",OL.SNP,2,OL.VMNP,2,OL,2,OL.VLNP,2
61144,mixed,BWD->FWD,BWD,FWD,2,2,0,11117,4,2.33,39522,3.555,OL,1,2,2,"[OL.SNPL2, OL.VLNPL2] -> OLL1 -> [OLL2, OL.VMNPL2]",OL.SNP,2,OL.VLNP,2,OL,2,OL.VMNP,2
46116062,mixed,mix->mix,mix,mix,1,2,1,38835,554,2.581,44450,1.145,OL,2,2,2,"[OLL3, OL.VMNPL2] -> OLL2 -> [OLL1, OL.VLNPL3]",OL,3,OL.VMNP,2,OL,1,OL.VLNP,3
33273535,mixed,mix->mix,mix,mix,1,2,1,38835,235,4.057,44754,1.152,OL,2,2,2,"[OLL3, OL.VLNPL2] -> OLL2 -> [OLL1, OL.VLNPL3]",OL,3,OL.VLNP,2,OL,1,OL.VLNP,3
30653246,mixed,mix->mix,mix,mix,1,1,2,38835,332,4.135,33824,0.871,OL,2,2,2,"[OLL3, OL.VMNPL2] -> OLL2 -> [OL.VLNPL2, OL.VLNPL3]",OL,3,OL.VMNP,2,OL.VLNP,2,OL.VLNP,3
20870568,mixed,mix->mix,mix,mix,2,1,1,38835,692,5.761,44754,1.152,OL,2,2,2,"[OLL1, OLL3] -> OLL2 -> [OL.VLNPL2, OL.VLNPL3]",OL,1,OL,3,OL.VLNP,2,OL.VLNP,3
18616156,mixed,mix->mix,mix,mix,2,1,1,38835,215,2.445,44450,1.145,OL,2,2,2,"[OLL1, OLL3] -> OLL2 -> [OL.VLNPL3, OL.VMNPL2]",OL,1,OL,3,OL.VLNP,3,OL.VMNP,2
14389493,mixed,mix->mix,mix,mix,1,1,2,38835,115,3.164,33824,0.871,OL,2,2,2,"[OLL3, OL.VLNPL2] -> OLL2 -> [OL.VLNPL3, OL.VMNPL2]",OL,3,OL.VLNP,2,OL.VLNP,3,OL.VMNP,2
13549865,mixed,mix->FWD,mix,FWD,2,1,1,38835,180,2.328,33441,0.861,OL,2,2,2,"[OLL3, OL.VMNPL2] -> OLL2 -> [OL.VLNPL3, OL.VMNPL3]",OL,3,OL.VMNP,2,OL.VLNP,3,OL.VMNP,3
13439262,mixed,mix->mix,mix,mix,1,1,2,38835,42,3.268,33646,0.866,OL,2,2,2,"[OLL3, OL.SNPL2] -> OLL2 -> [OL.VLNPL2, OL.VLNPL3]",OL,3,OL.SNP,2,OL.VLNP,2,OL.VLNP,3
12736668,mixed,BWD->mix,BWD,mix,1,3,0,38835,58,2.072,44371,1.143,OL,2,2,2,"[OLL3, OL.VMNPL3] -> OLL2 -> [OLL1, OL.VLNPL3]",OL,3,OL.VMNP,3,OL,1,OL.VLNP,3
11003892,mixed,mix->mix,mix,mix,2,1,1,38835,227,2.585,33663,0.867,OL,2,2,2,"[OLL3, OL.VMNPL1] -> OLL2 -> [OL.VLNPL2, OL.VLNPL3]",OL,3,OL.VMNP,1,OL.VLNP,2,OL.VLNP,3
10333240,mixed,mix->FWD,mix,FWD,2,1,1,38835,138,4.096,33745,0.869,OL,2,2,2,"[OLL3, OL.VLNPL2] -> OLL2 -> [OL.VLNPL3, OL.VMNPL3]",OL,3,OL.VLNP,2,OL.VLNP,3,OL.VMNP,3
10293993,mixed,BWD->mix,BWD,mix,1,2,1,38835,34,1.334,33441,0.861,OL,2,2,2,"[OLL3, OL.VMNPL3] -> OLL2 -> [OL.VLNPL3, OL.VMNPL2]",OL,3,OL.VMNP,3,OL.VLNP,3,OL.VMNP,2
9908129,mixed,mix->mix,mix,mix,2,2,0,38835,280,3.22,44289,1.14,OL,2,2,2,"[OLL3, OL.VMNPL1] -> OLL2 -> [OLL1, OL.VLNPL3]",OL,3,OL.VMNP,1,OL,1,OL.VLNP,3
9373339,mixed,LAT->FWD,LAT,FWD,2,0,2,38835,253,4.01,33824,0.871,OL,2,2,2,"[OL.VLNPL2, OL.VMNPL2] -> OLL2 -> [OLL3, OL.VLNPL3]",OL.VLNP,2,OL.VMNP,2,OL,3,OL.VLNP,3
9271727,mixed,mix->FWD,mix,FWD,3,0,1,38835,742,2.734,44450,1.145,OL,2,2,2,"[OLL1, OL.VMNPL2] -> OLL2 -> [OLL3, OL.VLNPL3]",OL,1,OL.VMNP,2,OL,3,OL.VLNP,3
8695929,mixed,mix->mix,mix,mix,1,1,2,38835,21,1.223,33997,0.875,OL,2,2,2,"[OLL3, VLNPL2] -> OLL2 -> [OL.VLNPL2, OL.VLNPL3]",OL,3,VLNP,2,OL.VLNP,2,OL.VLNP,3
8065073,mixed,mix->mix,mix,mix,1,2,1,38835,37,2.329,44272,1.14,OL,2,2,2,"[OLL3, OL.SNPL2] -> OLL2 -> [OLL1, OL.VLNPL3]",OL,3,OL.SNP,2,OL,1,OL.VLNP,3
7740542,mixed,mix->mix,mix,mix,0,2,2,38835,266,3.739,43374,1.117,OL,2,2,2,"[OLL3, OL.VMNPL2] -> OLL2 -> [OLL1, OL.VLNPL2]",OL,3,OL.VMNP,2,OL,1,OL.VLNP,2
7594485,mixed,mix->FWD,mix,FWD,3,1,0,38835,297,3.93,44371,1.143,OL,2,2,2,"[OLL1, OLL3] -> OLL2 -> [OL.VLNPL3, OL.VMNPL3]",OL,1,OL,3,OL.VLNP,3,OL.VMNP,3
7079297,mixed,BWD->mix,BWD,mix,0,3,1,38835,127,4.543,44754,1.152,OL,2,2,2,"[OLL3, OL.VLNPL3] -> OLL2 -> [OLL1, OL.VLNPL2]",OL,3,OL.VLNP,3,OL,1,OL.VLNP,2
1041520,mixed,FWD->mix,FWD,mix,2,1,1,31579,384,2.137,41080,1.301,OL,3,2,2,"[OLL2, OL.VMNPL2] -> OLL3 -> [OL.VLNPL2, OL.VLNPL3]",OL,2,OL.VMNP,2,OL.VLNP,2,OL.VLNP,3
645790,mixed,FWD->mix,FWD,mix,2,1,1,31579,43,6.238,40902,1.295,OL,3,2,2,"[OLL2, OL.SNPL2] -> OLL3 -> [OL.VLNPL2, OL.VLNPL3]",OL,2,OL.SNP,2,OL.VLNP,2,OL.VLNP,3
494253,mixed,FWD->mix,FWD,mix,2,1,1,31579,393,2.248,41080,1.301,OL,3,2,2,"[OL.VLNPL2, OL.VMNPL2] -> OLL3 -> [OLL2, OL.VLNPL3]",OL.VLNP,2,OL.VMNP,2,OL,2,OL.VLNP,3
396075,mixed,FWD->LAT,FWD,LAT,2,0,2,31579,236,1.587,40697,1.289,OL,3,2,2,"[OLL2, OL.VMNPL2] -> OLL3 -> [OL.VLNPL3, OL.VMNPL3]",OL,2,OL.VMNP,2,OL.VLNP,3,OL.VMNP,3
394217,mixed,FWD->LAT,FWD,LAT,2,0,2,31579,158,1.575,41001,1.298,OL,3,2,2,"[OLL2, OL.VLNPL2] -> OLL3 -> [OL.VLNPL3, OL.VMNPL3]",OL,2,OL.VLNP,2,OL.VLNP,3,OL.VMNP,3
287660,mixed,mix->mix,mix,mix,1,1,2,31579,72,1.465,41001,1.298,OL,3,2,2,"[OLL2, OL.VMNPL3] -> OLL3 -> [OL.VLNPL2, OL.VLNPL3]",OL,2,OL.VMNP,3,OL.VLNP,2,OL.VLNP,3
235872,mixed,FWD->mix,FWD,mix,2,1,1,31579,3,1.007,40902,1.295,OL,3,2,2,"[OLL2, OL.VLNPL2] -> OLL3 -> [OL.SNPL2, OL.VLNPL3]",OL,2,OL.VLNP,2,OL.SNP,2,OL.VLNP,3
235436,mixed,FWD->mix,FWD,mix,2,1,1,31579,7,1.004,40598,1.286,OL,3,2,2,"[OLL2, OL.VMNPL2] -> OLL3 -> [OL.SNPL2, OL.VLNPL3]",OL,2,OL.VMNP,2,OL.SNP,2,OL.VLNP,3
210763,mixed,mix->BWD,mix,BWD,1,2,1,31579,161,3.123,41080,1.301,OL,3,2,2,"[OL.VLNPL3, OL.VMNPL2] -> OLL3 -> [OLL2, OL.VLNPL2]",OL.VLNP,3,OL.VMNP,2,OL,2,OL.VLNP,2
202864,mixed,mix->mix,mix,mix,1,1,2,31579,67,3.105,41001,1.298,OL,3,2,2,"[OLL2, OL.VLNPL3] -> OLL3 -> [OL.VLNPL2, OL.VMNPL3]",OL,2,OL.VLNP,3,OL.VLNP,2,OL.VMNP,3
180274,mixed,FWD->mix,FWD,mix,2,1,1,31579,32,2.562,40598,1.286,OL,3,2,2,"[OL.SNPL2, OL.VMNPL2] -> OLL3 -> [OLL2, OL.VLNPL3]",OL.SNP,2,OL.VMNP,2,OL,2,OL.VLNP,3
176697,mixed,FWD->mix,FWD,mix,2,1,1,31579,20,2.454,40902,1.295,OL,3,2,2,"[OL.SNPL2, OL.VLNPL2] -> OLL3 -> [OLL2, OL.VLNPL3]",OL.SNP,2,OL.VLNP,2,OL,2,OL.VLNP,3
164739,mixed,FWD->LAT,FWD,LAT,2,0,2,31579,28,1.104,40917,1.296,OL,3,2,2,"[OLL2, OL.VLNPL2] -> OLL3 -> [INP.OLL3, OL.VLNPL3]",OL,2,OL.VLNP,2,INP.OL,3,OL.VLNP,3
162674,mixed,FWD->LAT,FWD,LAT,2,0,2,31579,28,1.077,40613,1.286,OL,3,2,2,"[OLL2, OL.VMNPL2] -> OLL3 -> [INP.OLL3, OL.VLNPL3]",OL,2,OL.VMNP,2,INP.OL,3,OL.VLNP,3
160993,mixed,FWD->LAT,FWD,LAT,2,0,2,31579,19,2.315,40519,1.283,OL,3,2,2,"[OLL2, OL.SNPL2] -> OLL3 -> [OL.VLNPL3, OL.VMNPL3]",OL,2,OL.SNP,2,OL.VLNP,3,OL.VMNP,3
155585,mixed,mix->mix,mix,mix,1,1,2,31579,3,1.043,40963,1.297,OL,3,2,2,"[OLL2, OL.VLNPL3] -> OLL3 -> [OL.VMNPL2, VMNPL3]",OL,2,OL.VLNP,3,OL.VMNP,2,VMNP,3
139916,mixed,mix->BWD,mix,BWD,1,2,1,31579,37,9.358,40902,1.295,OL,3,2,2,"[OL.SNPL2, OL.VLNPL3] -> OLL3 -> [OLL2, OL.VLNPL2]",OL.SNP,2,OL.VLNP,3,OL,2,OL.VLNP,2
137444,mixed,mix->mix,mix,mix,1,1,2,31579,112,1.566,40697,1.289,OL,3,2,2,"[OL.VMNPL2, OL.VMNPL3] -> OLL3 -> [OLL2, OL.VLNPL3]",OL.VMNP,2,OL.VMNP,3,OL,2,OL.VLNP,3
136805,mixed,mix->mix,mix,mix,1,1,2,31579,3,1.155,41267,1.307,OL,3,2,2,"[OLL2, OL.VLNPL3] -> OLL3 -> [OL.VLNPL2, VMNPL3]",OL,2,OL.VLNP,3,OL.VLNP,2,VMNP,3
130084,mixed,mix->mix,mix,mix,1,1,2,31579,56,1.417,41001,1.298,OL,3,2,2,"[OL.VLNPL2, OL.VMNPL3] -> OLL3 -> [OLL2, OL.VLNPL3]",OL.VLNP,2,OL.VMNP,3,OL,2,OL.VLNP,3
10080,mixed,mix->mix,mix,mix,1,1,2,1,1,1.0,71206,71206.0,OL.PENP,3,2,2,"[PENPL3, VLNP.VMNPL2] -> OL.PENPL3 -> [OLL2, OLL3]",PENP,3,VLNP.VMNP,2,OL,2,OL,3
10080,mixed,mix->mix,mix,mix,1,1,2,1,1,1.0,71548,71548.0,OL.PENP,3,2,2,"[PENPL3, VMNPL2] -> OL.PENPL3 -> [OLL2, OLL3]",PENP,3,VMNP,2,OL,2,OL,3
6720,mixed,mix->mix,mix,mix,1,1,2,1,1,1.0,71168,71168.0,OL.PENP,3,2,2,"[GNG.PENPL2, PENPL3] -> OL.PENPL3 -> [OLL2, OLL3]",GNG.PENP,2,PENP,3,OL,2,OL,3
4200,mixed,mix->mix,mix,mix,1,1,2,1,1,1.0,32862,32862.0,OL.PENP,3,2,2,"[PENPL3, VLNP.VMNPL2] -> OL.PENPL3 -> [OLL3, OL.VLNPL2]",PENP,3,VLNP.VMNP,2,OL,3,OL.VLNP,2
4200,mixed,mix->LAT,mix,LAT,1,0,3,1,1,1.0,33938,33938.0,OL.PENP,3,2,2,"[PENPL3, VLNP.VMNPL2] -> OL.PENPL3 -> [OLL3, OL.VLNPL3]",PENP,3,VLNP.VMNP,2,OL,3,OL.VLNP,3
4200,mixed,mix->mix,mix,mix,1,1,2,1,1,1.0,32558,32558.0,OL.PENP,3,2,2,"[PENPL3, VLNP.VMNPL2] -> OL.PENPL3 -> [OLL3, OL.VMNPL2]",PENP,3,VLNP.VMNP,2,OL,3,OL.VMNP,2
4200,mixed,mix->mix,mix,mix,1,1,2,1,1,1.0,33204,33204.0,OL.PENP,3,2,2,"[PENPL3, VMNPL2] -> OL.PENPL3 -> [OLL3, OL.VLNPL2]",PENP,3,VMNP,2,OL,3,OL.VLNP,2
4200,mixed,mix->LAT,mix,LAT,1,0,3,1,1,1.0,34280,34280.0,OL.PENP,3,2,2,"[PENPL3, VMNPL2] -> OL.PENPL3 -> [OLL3, OL.VLNPL3]",PENP,3,VMNP,2,OL,3,OL.VLNP,3
4200,mixed,mix->mix,mix,mix,1,1,2,1,1,1.0,32900,32900.0,OL.PENP,3,2,2,"[PENPL3, VMNPL2] -> OL.PENPL3 -> [OLL3, OL.VMNPL2]",PENP,3,VMNP,2,OL,3,OL.VMNP,2
3780,mixed,FWD->mix,FWD,mix,2,1,1,1,1,1.0,71018,71018.0,OL.PENP,3,2,2,"[VLNP.VMNPL2, VMNPL2] -> OL.PENPL3 -> [OLL2, OLL3]",VLNP.VMNP,2,VMNP,2,OL,2,OL,3
3360,mixed,mix->mix,mix,mix,1,1,2,1,1,1.0,71180,71180.0,OL.PENP,3,2,2,"[GNG.VMNPL2, PENPL3] -> OL.PENPL3 -> [OLL2, OLL3]",GNG.VMNP,2,PENP,3,OL,2,OL,3
3360,mixed,mix->mix,mix,mix,1,1,2,1,1,1.0,71566,71566.0,OL.PENP,3,2,2,"[OL.VLNPL2, PENPL3] -> OL.PENPL3 -> [OLL2, OLL3]",OL.VLNP,2,PENP,3,OL,2,OL,3
3360,mixed,LAT->mix,LAT,mix,0,1,3,1,1,1.0,72642,72642.0,OL.PENP,3,2,2,"[OL.VLNPL3, PENPL3] -> OL.PENPL3 -> [OLL2, OLL3]",OL.VLNP,3,PENP,3,OL,2,OL,3
3360,mixed,mix->mix,mix,mix,1,1,2,1,1,1.0,71152,71152.0,OL.PENP,3,2,2,"[PENPL3, PENP.VMNPL2] -> OL.PENPL3 -> [OLL2, OLL3]",PENP,3,PENP.VMNP,2,OL,2,OL,3
3360,mixed,mix->LAT,mix,LAT,1,0,3,1,1,1.0,33122,33122.0,OL.PENP,3,2,2,"[PENPL3, VLNP.VMNPL2] -> OL.PENPL3 -> [OLL3, VLNPL3]",PENP,3,VLNP.VMNP,2,OL,3,VLNP,3
3360,mixed,mix->LAT,mix,LAT,1,0,3,1,1,1.0,33464,33464.0,OL.PENP,3,2,2,"[PENPL3, VMNPL2] -> OL.PENPL3 -> [OLL3, VLNPL3]",PENP,3,VMNP,2,OL,3,VLNP,3
2800,mixed,mix->mix,mix,mix,1,1,2,1,1,1.0,32824,32824.0,OL.PENP,3,2,2,"[GNG.PENPL2, PENPL3] -> OL.PENPL3 -> [OLL3, OL.VLNPL2]",GNG.PENP,2,PENP,3,OL,3,OL.VLNP,2
2800,mixed,mix->LAT,mix,LAT,1,0,3,1,1,1.0,33900,33900.0,OL.PENP,3,2,2,"[GNG.PENPL2, PENPL3] -> OL.PENPL3 -> [OLL3, OL.VLNPL3]",GNG.PENP,2,PENP,3,OL,3,OL.VLNP,3
2800,mixed,mix->mix,mix,mix,1,1,2,1,1,1.0,32520,32520.0,OL.PENP,3,2,2,"[GNG.PENPL2, PENPL3] -> OL.PENPL3 -> [OLL3, OL.VMNPL2]",GNG.PENP,2,PENP,3,OL,3,OL.VMNP,2
2520,mixed,FWD->mix,FWD,mix,2,1,1,1,1,1.0,70638,70638.0,OL.PENP,3,2,2,"[GNG.PENPL2, VLNP.VMNPL2] -> OL.PENPL3 -> [OLL2, OLL3]",GNG.PENP,2,VLNP.VMNP,2,OL,2,OL,3
101,mixed,BWD->FWD,BWD,FWD,2,2,0,4,2,1.786,39535,9883.75,OL.SNP,1,2,2,"[INPL2, OLL2] -> OL.SNPL1 -> [OL.VMNPL2, VMNPL2]",INP,2,OL,2,OL.VMNP,2,VMNP,2
79,mixed,BWD->mix,BWD,mix,1,2,1,4,2,1.315,39065,9766.25,OL.SNP,1,2,2,"[INPL2, OLL2] -> OL.SNPL1 -> [INP.LHL1, OL.VMNPL2]",INP,2,OL,2,INP.LH,1,OL.VMNP,2
68,mixed,BWD->mix,BWD,mix,1,2,1,4,1,1.0,39066,9766.5,OL.SNP,1,2,2,"[INPL2, OLL2] -> OL.SNPL1 -> [INP.SNPL1, OL.VMNPL2]",INP,2,OL,2,INP.SNP,1,OL.VMNP,2
68,mixed,BWD->FWD,BWD,FWD,2,2,0,4,1,1.0,39553,9888.25,OL.SNP,1,2,2,"[INPL2, OLL2] -> OL.SNPL1 -> [OL.VLNPL2, OL.VMNPL2]",INP,2,OL,2,OL.VLNP,2,OL.VMNP,2
68,mixed,BWD->mix,BWD,mix,1,2,1,4,1,1.0,39140,9785.0,OL.SNP,1,2,2,"[INPL2, OLL2] -> OL.SNPL1 -> [OL.VMNPL2, VLNPL1]",INP,2,OL,2,OL.VMNP,2,VLNP,1
67,mixed,BWD->mix,BWD,mix,1,2,1,4,2,2.0,39351,9837.75,OL.SNP,1,2,2,"[INPL2, OLL2] -> OL.SNPL1 -> [INP.LHL1, VMNPL2]",INP,2,OL,2,INP.LH,1,VMNP,2
67,mixed,BWD->FWD,BWD,FWD,2,2,0,4,2,2.0,39523,9880.75,OL.SNP,1,2,2,"[INP.SNPL2, OLL2] -> OL.SNPL1 -> [OL.VMNPL2, VMNPL2]",INP.SNP,2,OL,2,OL.VMNP,2,VMNP,2
50,mixed,BWD->mix,BWD,mix,1,2,1,4,2,1.814,39339,9834.75,OL.SNP,1,2,2,"[INP.SNPL2, OLL2] -> OL.SNPL1 -> [INP.LHL1, VMNPL2]",INP.SNP,2,OL,2,INP.LH,1,VMNP,2
48,mixed,BWD->FWD,BWD,FWD,2,2,0,4,1,1.0,1015,253.75,OL.SNP,1,2,2,"[LX.VLNPL2, OL.VLNPL2] -> OL.SNPL1 -> [SNP.VLNPL2, VLNPL2]",LX.VLNP,2,OL.VLNP,2,SNP.VLNP,2,VLNP,2
48,mixed,BWD->FWD,BWD,FWD,2,2,0,4,1,1.0,1109,277.25,OL.SNP,1,2,2,"[OL.VLNPL2, OL.VMNPL2] -> OL.SNPL1 -> [SNP.VLNPL2, VLNPL2]",OL.VLNP,2,OL.VMNP,2,SNP.VLNP,2,VLNP,2
48,mixed,BWD->FWD,BWD,FWD,2,2,0,4,1,1.0,1053,263.25,OL.SNP,1,2,2,"[OL.VLNPL2, VLNP.VMNPL2] -> OL.SNPL1 -> [SNP.VLNPL2, VLNPL2]",OL.VLNP,2,VLNP.VMNP,2,SNP.VLNP,2,VLNP,2
45,mixed,BWD->mix,BWD,mix,1,2,1,4,2,1.586,39053,9763.25,OL.SNP,1,2,2,"[INP.SNPL2, OLL2] -> OL.SNPL1 -> [INP.LHL1, OL.VMNPL2]",INP.SNP,2,OL,2,INP.LH,1,OL.VMNP,2
38,mixed,BWD->FWD,BWD,FWD,2,2,0,4,2,1.362,39090,9772.5,OL.SNP,1,2,2,"[INPL2, INP.SNPL2] -> OL.SNPL1 -> [OLL2, OL.VMNPL2]",INP,2,INP.SNP,2,OL,2,OL.VMNP,2
34,mixed,BWD->FWD,BWD,FWD,2,2,0,4,2,1.993,39376,9844.0,OL.SNP,1,2,2,"[INPL2, INP.SNPL2] -> OL.SNPL1 -> [OLL2, VMNPL2]",INP,2,INP.SNP,2,OL,2,VMNP,2
34,mixed,BWD->LAT,BWD,LAT,0,2,2,4,1,1.0,38882,9720.5,OL.SNP,1,2,2,"[INPL2, OLL2] -> OL.SNPL1 -> [INP.LHL1, INP.SNPL1]",INP,2,OL,2,INP.LH,1,INP.SNP,1
34,mixed,BWD->mix,BWD,mix,1,2,1,4,1,1.0,39369,9842.25,OL.SNP,1,2,2,"[INPL2, OLL2] -> OL.SNPL1 -> [INP.LHL1, OL.VLNPL2]",INP,2,OL,2,INP.LH,1,OL.VLNP,2
34,mixed,BWD->LAT,BWD,LAT,0,2,2,4,1,1.0,38956,9739.0,OL.SNP,1,2,2,"[INPL2, OLL2] -> OL.SNPL1 -> [INP.LHL1, VLNPL1]",INP,2,OL,2,INP.LH,1,VLNP,1
34,mixed,BWD->mix,BWD,mix,1,2,1,4,1,1.0,39370,9842.5,OL.SNP,1,2,2,"[INPL2, OLL2] -> OL.SNPL1 -> [INP.SNPL1, OL.VLNPL2]",INP,2,OL,2,INP.SNP,1,OL.VLNP,2
34,mixed,BWD->LAT,BWD,LAT,0,2,2,4,1,1.0,38957,9739.25,OL.SNP,1,2,2,"[INPL2, OLL2] -> OL.SNPL1 -> [INP.SNPL1, VLNPL1]",INP,2,OL,2,INP.SNP,1,VLNP,1
34,mixed,BWD->mix,BWD,mix,1,2,1,4,1,1.0,39352,9838.0,OL.SNP,1,2,2,"[INPL2, OLL2] -> OL.SNPL1 -> [INP.SNPL1, VMNPL2]",INP,2,OL,2,INP.SNP,1,VMNP,2
63198,mixed,mix->mix,mix,mix,2,0,2,9,4,2.807,70627,7847.444,OL.SNP,2,2,2,"[OL.VMNPL1, OL.VMNPL2] -> OL.SNPL2 -> [OLL2, OLL3]",OL.VMNP,1,OL.VMNP,2,OL,2,OL,3
31266,mixed,mix->mix,mix,mix,2,1,1,9,4,2.915,72206,8022.889,OL.SNP,2,2,2,"[OL.VMNPL1, SNPL3] -> OL.SNPL2 -> [OLL2, OLL3]",OL.VMNP,1,SNP,3,OL,2,OL,3
28056,mixed,FWD->mix,FWD,mix,3,0,1,9,4,3.702,70447,7827.444,OL.SNP,2,2,2,"[GNG.OLL1, OL.VMNPL1] -> OL.SNPL2 -> [OLL2, OLL3]",GNG.OL,1,OL.VMNP,1,OL,2,OL,3
25404,mixed,mix->mix,mix,mix,2,0,2,9,3,2.986,70812,7868.0,OL.SNP,2,2,2,"[OL.VMNPL1, SNPL2] -> OL.SNPL2 -> [OLL2, OLL3]",OL.VMNP,1,SNP,2,OL,2,OL,3
24602,mixed,mix->mix,mix,mix,1,1,2,9,4,3.264,72367,8040.778,OL.SNP,2,2,2,"[OL.VMNPL2, SNPL3] -> OL.SNPL2 -> [OLL2, OLL3]",OL.VMNP,2,SNP,3,OL,2,OL,3
24010,mixed,mix->mix,mix,mix,2,0,2,9,4,3.455,70608,7845.333,OL.SNP,2,2,2,"[GNG.OLL1, OL.VMNPL2] -> OL.SNPL2 -> [OLL2, OLL3]",GNG.OL,1,OL.VMNP,2,OL,2,OL,3
20032,mixed,LAT->mix,LAT,mix,1,0,3,9,3,2.787,70973,7885.889,OL.SNP,2,2,2,"[OL.VMNPL2, SNPL2] -> OL.SNPL2 -> [OLL2, OLL3]",OL.VMNP,2,SNP,2,OL,2,OL,3
19332,mixed,mix->mix,mix,mix,2,0,2,9,4,3.814,70533,7837.0,OL.SNP,2,2,2,"[LHL2, OL.VMNPL1] -> OL.SNPL2 -> [OLL2, OLL3]",LH,2,OL.VMNP,1,OL,2,OL,3
19230,mixed,mix->mix,mix,mix,2,0,2,9,3,2.871,70931,7881.222,OL.SNP,2,2,2,"[OL.VLNPL2, OL.VMNPL1] -> OL.SNPL2 -> [OLL2, OLL3]",OL.VLNP,2,OL.VMNP,1,OL,2,OL,3
16646,mixed,LAT->mix,LAT,mix,1,0,3,9,4,3.466,70694,7854.889,OL.SNP,2,2,2,"[LHL2, OL.VMNPL2] -> OL.SNPL2 -> [OLL2, OLL3]",LH,2,OL.VMNP,2,OL,2,OL,3
16578,mixed,LAT->mix,LAT,mix,1,0,3,9,3,2.934,71092,7899.111,OL.SNP,2,2,2,"[OL.VLNPL2, OL.VMNPL2] -> OL.SNPL2 -> [OLL2, OLL3]",OL.VLNP,2,OL.VMNP,2,OL,2,OL,3
16424,mixed,mix->mix,mix,mix,1,1,2,9,3,2.083,72552,8061.333,OL.SNP,2,2,2,"[SNPL2, SNPL3] -> OL.SNPL2 -> [OLL2, OLL3]",SNP,2,SNP,3,OL,2,OL,3
14688,mixed,mix->mix,mix,mix,2,1,1,9,3,2.823,71191,7910.111,OL.SNP,2,2,2,"[OL.VMNPL1, VLNPL3] -> OL.SNPL2 -> [OLL2, OLL3]",OL.VMNP,1,VLNP,3,OL,2,OL,3
14284,mixed,mix->mix,mix,mix,2,0,2,9,3,2.722,70793,7865.889,OL.SNP,2,2,2,"[GNG.OLL1, SNPL2] -> OL.SNPL2 -> [OLL2, OLL3]",GNG.OL,1,SNP,2,OL,2,OL,3
13932,mixed,mix->mix,mix,mix,2,1,1,9,1,1.0,71161,7906.778,OL.SNP,2,2,2,"[LH.SNPL3, OL.VMNPL1] -> OL.SNPL2 -> [OLL2, OLL3]",LH.SNP,3,OL.VMNP,1,OL,2,OL,3
13932,mixed,mix->mix,mix,mix,1,1,2,9,1,1.0,71322,7924.667,OL.SNP,2,2,2,"[LH.SNPL3, OL.VMNPL2] -> OL.SNPL2 -> [OLL2, OLL3]",LH.SNP,3,OL.VMNP,2,OL,2,OL,3
13482,mixed,mix->mix,mix,mix,1,1,2,9,3,1.558,72671,8074.556,OL.SNP,2,2,2,"[OL.VLNPL2, SNPL3] -> OL.SNPL2 -> [OLL2, OLL3]",OL.VLNP,2,SNP,3,OL,2,OL,3
12446,mixed,mix->mix,mix,mix,2,1,1,9,4,3.305,72187,8020.778,OL.SNP,2,2,2,"[GNG.OLL1, SNPL3] -> OL.SNPL2 -> [OLL2, OLL3]",GNG.OL,1,SNP,3,OL,2,OL,3
12138,mixed,mix->mix,mix,mix,2,1,1,9,2,1.788,70616,7846.222,OL.SNP,2,2,2,"[INP.SNPL3, OL.VMNPL1] -> OL.SNPL2 -> [OLL2, OLL3]",INP.SNP,3,OL.VMNP,1,OL,2,OL,3
12002,mixed,mix->mix,mix,mix,1,1,2,9,3,2.467,71352,7928.0,OL.SNP,2,2,2,"[OL.VMNPL2, VLNPL3] -> OL.SNPL2 -> [OLL2, OLL3]",OL.VMNP,2,VLNP,3,OL,2,OL,3
74250,mixed,LAT->mix,LAT,mix,0,1,3,11,1,1.0,71341,6485.545,OL.SNP,3,2,2,"[INP.SNPL3, VLNPL3] -> OL.SNPL3 -> [OLL2, OLL3]",INP.SNP,3,VLNP,3,OL,2,OL,3
49500,mixed,mix->mix,mix,mix,1,1,2,11,1,1.0,70721,6429.182,OL.SNP,3,2,2,"[INP.SNPL3, VLNP.VMNPL2] -> OL.SNPL3 -> [OLL2, OLL3]",INP.SNP,3,VLNP.VMNP,2,OL,2,OL,3
29700,mixed,mix->mix,mix,mix,1,1,2,11,1,1.0,71296,6481.455,OL.SNP,3,2,2,"[VLNPL3, VLNP.VMNPL2] -> OL.SNPL3 -> [OLL2, OLL3]",VLNP,3,VLNP.VMNP,2,OL,2,OL,3
24750,mixed,LAT->mix,LAT,mix,0,1,3,11,1,1.0,70747,6431.545,OL.SNP,3,2,2,"[INPL3, INP.SNPL3] -> OL.SNPL3 -> [OLL2, OLL3]",INP,3,INP.SNP,3,OL,2,OL,3
24750,mixed,LAT->mix,LAT,mix,0,1,3,11,1,1.0,70780,6434.545,OL.SNP,3,2,2,"[INP.SNPL3, INP.VLNPL3] -> OL.SNPL3 -> [OLL2, OLL3]",INP.SNP,3,INP.VLNP,3,OL,2,OL,3
24750,mixed,mix->mix,mix,mix,1,1,2,11,1,1.0,70596,6417.818,OL.SNP,3,2,2,"[INP.SNPL3, INP.VMNPL2] -> OL.SNPL3 -> [OLL2, OLL3]",INP.SNP,3,INP.VMNP,2,OL,2,OL,3
24750,mixed,LAT->mix,LAT,mix,0,1,3,11,1,1.0,70698,6427.091,OL.SNP,3,2,2,"[INP.SNPL3, OL.VMNPL3] -> OL.SNPL3 -> [OLL2, OLL3]",INP.SNP,3,OL.VMNP,3,OL,2,OL,3
24750,mixed,mix->mix,mix,mix,1,1,2,11,1,1.0,70962,6451.091,OL.SNP,3,2,2,"[INP.SNPL3, SNPL2] -> OL.SNPL3 -> [OLL2, OLL3]",INP.SNP,3,SNP,2,OL,2,OL,3
24750,mixed,LAT->mix,LAT,mix,0,1,3,11,1,1.0,72356,6577.818,OL.SNP,3,2,2,"[INP.SNPL3, SNPL3] -> OL.SNPL3 -> [OLL2, OLL3]",INP.SNP,3,SNP,3,OL,2,OL,3
24750,mixed,mix->mix,mix,mix,1,1,2,11,1,1.0,70950,6450.0,OL.SNP,3,2,2,"[INP.SNPL3, VLNPL2] -> OL.SNPL3 -> [OLL2, OLL3]",INP.SNP,3,VLNP,2,OL,2,OL,3
24750,mixed,mix->mix,mix,mix,1,1,2,11,1,1.0,71063,6460.273,OL.SNP,3,2,2,"[INP.SNPL3, VMNPL2] -> OL.SNPL3 -> [OLL2, OLL3]",INP.SNP,3,VMNP,2,OL,2,OL,3
24750,mixed,LAT->mix,LAT,mix,0,1,3,11,1,1.0,70964,6451.273,OL.SNP,3,2,2,"[INP.SNPL3, VMNPL3] -> OL.SNPL3 -> [OLL2, OLL3]",INP.SNP,3,VMNP,3,OL,2,OL,3
14850,mixed,LAT->mix,LAT,mix,0,1,3,11,1,1.0,71322,6483.818,OL.SNP,3,2,2,"[INPL3, VLNPL3] -> OL.SNPL3 -> [OLL2, OLL3]",INP,3,VLNP,3,OL,2,OL,3
14850,mixed,LAT->mix,LAT,mix,0,1,3,11,1,1.0,71355,6486.818,OL.SNP,3,2,2,"[INP.VLNPL3, VLNPL3] -> OL.SNPL3 -> [OLL2, OLL3]",INP.VLNP,3,VLNP,3,OL,2,OL,3
14850,mixed,mix->mix,mix,mix,1,1,2,11,1,1.0,71171,6470.091,OL.SNP,3,2,2,"[INP.VMNPL2, VLNPL3] -> OL.SNPL3 -> [OLL2, OLL3]",INP.VMNP,2,VLNP,3,OL,2,OL,3
14850,mixed,LAT->mix,LAT,mix,0,1,3,11,1,1.0,71273,6479.364,OL.SNP,3,2,2,"[OL.VMNPL3, VLNPL3] -> OL.SNPL3 -> [OLL2, OLL3]",OL.VMNP,3,VLNP,3,OL,2,OL,3
14850,mixed,mix->mix,mix,mix,1,1,2,11,1,1.0,71537,6503.364,OL.SNP,3,2,2,"[SNPL2, VLNPL3] -> OL.SNPL3 -> [OLL2, OLL3]",SNP,2,VLNP,3,OL,2,OL,3
14850,mixed,LAT->mix,LAT,mix,0,1,3,11,1,1.0,72931,6630.091,OL.SNP,3,2,2,"[SNPL3, VLNPL3] -> OL.SNPL3 -> [OLL2, OLL3]",SNP,3,VLNP,3,OL,2,OL,3
14850,mixed,mix->mix,mix,mix,1,1,2,11,1,1.0,71525,6502.273,OL.SNP,3,2,2,"[VLNPL2, VLNPL3] -> OL.SNPL3 -> [OLL2, OLL3]",VLNP,2,VLNP,3,OL,2,OL,3
14850,mixed,mix->mix,mix,mix,1,1,2,11,1,1.0,71638,6512.545,OL.SNP,3,2,2,"[VLNPL3, VMNPL2] -> OL.SNPL3 -> [OLL2, OLL3]",VLNP,3,VMNP,2,OL,2,OL,3
668086,mixed,BWD->mix,BWD,mix,1,2,1,48,4,1.012,50574,1053.625,OL.VLNP,1,2,2,"[OL.VLNPL2, VLNP.VMNPL2] -> OL.VLNPL1 -> [OLL1, OLL2]",OL.VLNP,2,VLNP.VMNP,2,OL,1,OL,2
498409,mixed,mix->mix,mix,mix,1,1,2,48,2,1.001,50448,1051.0,OL.VLNP,1,2,2,"[GNG.VLNPL1, OL.VLNPL2] -> OL.VLNPL1 -> [OLL1, OLL2]",GNG.VLNP,1,OL.VLNP,2,OL,1,OL,2
332046,mixed,mix->mix,mix,mix,1,1,2,48,1,1.0,50451,1051.062,OL.VLNP,1,2,2,"[OL.VLNPL2, PENP.VMNPL1] -> OL.VLNPL1 -> [OLL1, OLL2]",OL.VLNP,2,PENP.VMNP,1,OL,1,OL,2
221908,mixed,mix->mix,mix,mix,1,1,2,48,2,1.005,50088,1043.5,OL.VLNP,1,2,2,"[GNG.VLNPL1, VLNP.VMNPL2] -> OL.VLNPL1 -> [OLL1, OLL2]",GNG.VLNP,1,VLNP.VMNP,2,OL,1,OL,2
170555,mixed,BWD->mix,BWD,mix,1,2,1,48,4,1.055,50916,1060.75,OL.VLNP,1,2,2,"[OL.VLNPL2, VMNPL2] -> OL.VLNPL1 -> [OLL1, OLL2]",OL.VLNP,2,VMNP,2,OL,1,OL,2
167839,mixed,BWD->mix,BWD,mix,1,2,1,48,10,1.022,50803,1058.396,OL.VLNP,1,2,2,"[OL.VLNPL2, VLNPL2] -> OL.VLNPL1 -> [OLL1, OLL2]",OL.VLNP,2,VLNP,2,OL,1,OL,2
166448,mixed,mix->mix,mix,mix,1,1,2,48,2,1.005,50474,1051.542,OL.VLNP,1,2,2,"[GNG.VMNPL1, OL.VLNPL2] -> OL.VLNPL1 -> [OLL1, OLL2]",GNG.VMNP,1,OL.VLNP,2,OL,1,OL,2
166089,mixed,mix->mix,mix,mix,1,1,2,48,3,1.001,50450,1051.042,OL.VLNP,1,2,2,"[GNG.OLL1, OL.VLNPL2] -> OL.VLNPL1 -> [OLL1, OLL2]",GNG.OL,1,OL.VLNP,2,OL,1,OL,2
166089,mixed,mix->mix,mix,mix,1,1,2,48,3,1.001,50469,1051.438,OL.VLNP,1,2,2,"[OL.VLNPL2, OL.VMNPL1] -> OL.VLNPL1 -> [OLL1, OLL2]",OL.VLNP,2,OL.VMNP,1,OL,1,OL,2
166073,mixed,BWD->mix,BWD,mix,1,2,1,48,2,1.001,50536,1052.833,OL.VLNP,1,2,2,"[LHL2, OL.VLNPL2] -> OL.VLNPL1 -> [OLL1, OLL2]",LH,2,OL.VLNP,2,OL,1,OL,2
166023,mixed,BWD->mix,BWD,mix,1,2,1,48,1,1.0,50464,1051.333,OL.VLNP,1,2,2,"[GNG.VLNPL2, OL.VLNPL2] -> OL.VLNPL1 -> [OLL1, OLL2]",GNG.VLNP,2,OL.VLNP,2,OL,1,OL,2
166023,mixed,BWD->mix,BWD,mix,1,2,1,48,1,1.0,50548,1053.083,OL.VLNP,1,2,2,"[GNG.VMNPL2, OL.VLNPL2] -> OL.VLNPL1 -> [OLL1, OLL2]",GNG.VMNP,2,OL.VLNP,2,OL,1,OL,2
166023,mixed,BWD->mix,BWD,mix,1,2,1,48,1,1.0,50517,1052.438,OL.VLNP,1,2,2,"[LX.VMNPL2, OL.VLNPL2] -> OL.VLNPL1 -> [OLL1, OLL2]",LX.VMNP,2,OL.VLNP,2,OL,1,OL,2
166023,mixed,mix->mix,mix,mix,1,1,2,48,1,1.0,50446,1050.958,OL.VLNP,1,2,2,"[OL.VLNPL2, SNP.VMNPL1] -> OL.VLNPL1 -> [OLL1, OLL2]",OL.VLNP,2,SNP.VMNP,1,OL,1,OL,2
166023,mixed,mix->mix,mix,mix,1,1,2,48,1,1.0,50456,1051.167,OL.VLNP,1,2,2,"[OL.VLNPL2, VLNP.VMNPL1] -> OL.VLNPL1 -> [OLL1, OLL2]",OL.VLNP,2,VLNP.VMNP,1,OL,1,OL,2
166023,mixed,mix->mix,mix,mix,1,1,2,48,1,1.0,50557,1053.271,OL.VLNP,1,2,2,"[OL.VLNPL2, VMNPL1] -> OL.VLNPL1 -> [OLL1, OLL2]",OL.VLNP,2,VMNP,1,OL,1,OL,2
147576,mixed,mix->mix,mix,mix,1,1,2,48,1,1.0,50091,1043.562,OL.VLNP,1,2,2,"[PENP.VMNPL1, VLNP.VMNPL2] -> OL.VLNPL1 -> [OLL1, OLL2]",PENP.VMNP,1,VLNP.VMNP,2,OL,1,OL,2
126889,mixed,mix->FWD,mix,FWD,2,1,1,48,5,1.468,50556,1053.25,OL.VLNP,1,2,2,"[OLL1, OLL2] -> OL.VLNPL1 -> [VLNP.VMNPL2, VMNPL2]",OL,1,OL,2,VLNP.VMNP,2,VMNP,2
110682,mixed,LAT->mix,LAT,mix,1,0,3,48,1,1.0,49965,1040.938,OL.VLNP,1,2,2,"[GNG.VLNPL1, PENP.VMNPL1] -> OL.VLNPL1 -> [OLL1, OLL2]",GNG.VLNP,1,PENP.VMNP,1,OL,1,OL,2
84016,mixed,mix->FWD,mix,FWD,2,1,1,48,7,2.653,50785,1058.021,OL.VLNP,1,2,2,"[OLL1, OLL2] -> OL.VLNPL1 -> [VLNPL2, VMNPL2]",OL,1,OL,2,VLNP,2,VMNP,2
34402652,mixed,mix->mix,mix,mix,1,1,2,491,23,2.039,71525,145.672,OL.VLNP,2,2,2,"[VLNPL2, VLNPL3] -> OL.VLNPL2 -> [OLL2, OLL3]",VLNP,2,VLNP,3,OL,2,OL,3
23782833,mixed,mix->FWD,mix,FWD,2,1,1,491,96,5.786,72732,148.13,OL.VLNP,2,2,2,"[OLL2, OLL3] -> OL.VLNPL2 -> [OL.VLNPL3, VLNPL3]",OL,2,OL,3,OL.VLNP,3,VLNP,3
18957136,mixed,mix->mix,mix,mix,1,1,2,491,162,3.651,71525,145.672,OL.VLNP,2,2,2,"[OLL2, OLL3] -> OL.VLNPL2 -> [VLNPL2, VLNPL3]",OL,2,OL,3,VLNP,2,VLNP,3
16133315,mixed,BWD->mix,BWD,mix,1,2,1,491,30,1.409,72732,148.13,OL.VLNP,2,2,2,"[OL.VLNPL3, VLNPL3] -> OL.VLNPL2 -> [OLL2, OLL3]",OL.VLNP,3,VLNP,3,OL,2,OL,3
10774092,mixed,mix->mix,mix,mix,1,1,2,491,46,2.579,71352,145.32,OL.VLNP,2,2,2,"[OLL2, OLL3] -> OL.VLNPL2 -> [OL.VMNPL2, VLNPL3]",OL,2,OL,3,OL.VMNP,2,VLNP,3
10664947,mixed,mix->mix,mix,mix,1,1,2,491,6,1.119,71974,146.587,OL.VLNP,2,2,2,"[GNGL2, VLNPL3] -> OL.VLNPL2 -> [OLL2, OLL3]",GNG,2,VLNP,3,OL,2,OL,3
10360362,mixed,mix->mix,mix,mix,1,1,2,491,28,1.796,72341,147.334,OL.VLNP,2,2,2,"[OL.VLNPL3, VLNPL2] -> OL.VLNPL2 -> [OLL2, OLL3]",OL.VLNP,3,VLNP,2,OL,2,OL,3
9519702,mixed,mix->mix,mix,mix,1,2,1,491,46,3.482,71213,145.037,OL.VLNP,2,2,2,"[OLL2, OLL3] -> OL.VLNPL2 -> [OL.VLNPL1, VLNPL3]",OL,2,OL,3,OL.VLNP,1,VLNP,3
8861821,mixed,mix->mix,mix,mix,2,1,1,491,11,1.686,71243,145.098,OL.VLNP,2,2,2,"[VLNPL1, VLNPL3] -> OL.VLNPL2 -> [OLL2, OLL3]",VLNP,1,VLNP,3,OL,2,OL,3
7731404,mixed,BWD->mix,BWD,mix,1,2,1,491,2,1.295,71240,145.092,OL.VLNP,2,2,2,"[PENP.VLNPL3, VLNPL3] -> OL.VLNPL2 -> [OLL2, OLL3]",PENP.VLNP,3,VLNP,3,OL,2,OL,3
7414142,mixed,mix->mix,mix,mix,1,1,2,491,2,1.983,71241,145.094,OL.VLNP,2,2,2,"[PENP.VLNPL2, VLNPL3] -> OL.VLNPL2 -> [OLL2, OLL3]",PENP.VLNP,2,VLNP,3,OL,2,OL,3
7342435,mixed,mix->mix,mix,mix,1,1,2,491,8,1.827,71296,145.206,OL.VLNP,2,2,2,"[VLNPL3, VLNP.VMNPL2] -> OL.VLNPL2 -> [OLL2, OLL3]",VLNP,3,VLNP.VMNP,2,OL,2,OL,3
6702670,mixed,LAT->mix,LAT,mix,1,0,3,491,7,1.375,71583,145.79,OL.VLNP,2,2,2,"[GNGL2, VLNPL2] -> OL.VLNPL2 -> [OLL2, OLL3]",GNG,2,VLNP,2,OL,2,OL,3
5871454,mixed,mix->FWD,mix,FWD,2,1,1,491,68,3.189,71355,145.326,OL.VLNP,2,2,2,"[OLL2, OLL3] -> OL.VLNPL2 -> [INP.VLNPL3, VLNPL3]",OL,2,OL,3,INP.VLNP,3,VLNP,3
5421152,mixed,mix->mix,mix,mix,2,0,2,491,15,1.951,70852,144.301,OL.VLNP,2,2,2,"[VLNPL1, VLNPL2] -> OL.VLNPL2 -> [OLL2, OLL3]",VLNP,1,VLNP,2,OL,2,OL,3
5386462,mixed,mix->mix,mix,mix,1,1,2,491,2,1.885,71186,144.982,OL.VLNP,2,2,2,"[GNG.VLNPL2, VLNPL3] -> OL.VLNPL2 -> [OLL2, OLL3]",GNG.VLNP,2,VLNP,3,OL,2,OL,3
5043969,mixed,mix->mix,mix,mix,1,2,1,491,50,1.628,71243,145.098,OL.VLNP,2,2,2,"[OLL2, OLL3] -> OL.VLNPL2 -> [VLNPL1, VLNPL3]",OL,2,OL,3,VLNP,1,VLNP,3
4842788,mixed,BWD->mix,BWD,mix,1,2,1,491,5,1.942,71207,145.024,OL.VLNP,2,2,2,"[GNG.VLNPL3, VLNPL3] -> OL.VLNPL2 -> [OLL2, OLL3]",GNG.VLNP,3,VLNP,3,OL,2,OL,3
4433042,mixed,LAT->mix,LAT,mix,1,0,3,491,2,1.96,70850,144.297,OL.VLNP,2,2,2,"[PENP.VLNPL2, VLNPL2] -> OL.VLNPL2 -> [OLL2, OLL3]",PENP.VLNP,2,VLNP,2,OL,2,OL,3
4430534,mixed,mix->mix,mix,mix,1,1,2,491,2,1.325,70849,144.295,OL.VLNP,2,2,2,"[PENP.VLNPL3, VLNPL2] -> OL.VLNPL2 -> [OLL2, OLL3]",PENP.VLNP,3,VLNP,2,OL,2,OL,3
32350315,mixed,mix->mix,mix,mix,1,1,2,1567,22,1.002,71656,45.728,OL.VLNP,3,2,2,"[OL.VLNPL2, VLNPL3] -> OL.VLNPL3 -> [OLL2, OLL3]",OL.VLNP,2,VLNP,3,OL,2,OL,3
19402938,mixed,LAT->mix,LAT,mix,0,1,3,1567,6,1.001,71207,45.442,OL.VLNP,3,2,2,"[GNG.VLNPL3, VLNPL3] -> OL.VLNPL3 -> [OLL2, OLL3]",GNG.VLNP,3,VLNP,3,OL,2,OL,3
16183529,mixed,mix->mix,mix,mix,1,1,2,1567,19,1.003,71525,45.645,OL.VLNP,3,2,2,"[VLNPL2, VLNPL3] -> OL.VLNPL3 -> [OLL2, OLL3]",VLNP,2,VLNP,3,OL,2,OL,3
11417259,mixed,mix->mix,mix,mix,1,1,2,1567,8,1.002,70947,45.276,OL.VLNP,3,2,2,"[GNG.VLNPL3, OL.VLNPL2] -> OL.VLNPL3 -> [OLL2, OLL3]",GNG.VLNP,3,OL.VLNP,2,OL,2,OL,3
9526912,mixed,FWD->mix,FWD,mix,2,1,1,1567,12,1.004,71265,45.479,OL.VLNP,3,2,2,"[OL.VLNPL2, VLNPL2] -> OL.VLNPL3 -> [OLL2, OLL3]",OL.VLNP,2,VLNP,2,OL,2,OL,3
6468244,mixed,mix->mix,mix,mix,1,1,2,1567,9,1.001,71296,45.498,OL.VLNP,3,2,2,"[VLNPL3, VLNP.VMNPL2] -> OL.VLNPL3 -> [OLL2, OLL3]",VLNP,3,VLNP.VMNP,2,OL,2,OL,3
6463782,mixed,LAT->mix,LAT,mix,0,1,3,1567,2,1.0,71307,45.505,OL.VLNP,3,2,2,"[VLNPL3, VLNP.VMNPL3] -> OL.VLNPL3 -> [OLL2, OLL3]",VLNP,3,VLNP.VMNP,3,OL,2,OL,3
6463774,mixed,mix->mix,mix,mix,1,1,2,1567,1,1.0,71186,45.428,OL.VLNP,3,2,2,"[GNG.VLNPL2, VLNPL3] -> OL.VLNPL3 -> [OLL2, OLL3]",GNG.VLNP,2,VLNP,3,OL,2,OL,3
5708652,mixed,mix->mix,mix,mix,1,1,2,1567,3,1.002,70816,45.192,OL.VLNP,3,2,2,"[GNG.VLNPL3, VLNPL2] -> OL.VLNPL3 -> [OLL2, OLL3]",GNG.VLNP,3,VLNP,2,OL,2,OL,3
5682752,mixed,mix->mix,mix,mix,1,1,2,1567,331,2.54,71525,45.645,OL.VLNP,3,2,2,"[OLL2, OLL3] -> OL.VLNPL3 -> [VLNPL2, VLNPL3]",OL,2,OL,3,VLNP,2,VLNP,3
4348415,mixed,mix->mix,mix,mix,1,1,2,1567,201,2.914,71656,45.728,OL.VLNP,3,2,2,"[OLL2, OLL3] -> OL.VLNPL3 -> [OL.VLNPL2, VLNPL3]",OL,2,OL,3,OL.VLNP,2,VLNP,3
3806537,mixed,FWD->mix,FWD,mix,2,1,1,1567,15,1.002,71036,45.332,OL.VLNP,3,2,2,"[OL.VLNPL2, VLNP.VMNPL2] -> OL.VLNPL3 -> [OLL2, OLL3]",OL.VLNP,2,VLNP.VMNP,2,OL,2,OL,3
3802222,mixed,mix->mix,mix,mix,1,1,2,1567,2,1.0,71047,45.34,OL.VLNP,3,2,2,"[OL.VLNPL2, VLNP.VMNPL3] -> OL.VLNPL3 -> [OLL2, OLL3]",OL.VLNP,2,VLNP.VMNP,3,OL,2,OL,3
3802220,mixed,FWD->mix,FWD,mix,2,1,1,1567,1,1.0,70926,45.262,OL.VLNP,3,2,2,"[GNG.VLNPL2, OL.VLNPL2] -> OL.VLNPL3 -> [OLL2, OLL3]",GNG.VLNP,2,OL.VLNP,2,OL,2,OL,3
3231887,mixed,mix->mix,mix,mix,1,1,2,1567,1,1.0,71170,45.418,OL.VLNP,3,2,2,"[GNG.OLL2, VLNPL3] -> OL.VLNPL3 -> [OLL2, OLL3]",GNG.OL,2,VLNP,3,OL,2,OL,3
3231887,mixed,mix->mix,mix,mix,1,1,2,1567,1,1.0,71242,45.464,OL.VLNP,3,2,2,"[PENP.VMNPL2, VLNPL3] -> OL.VLNPL3 -> [OLL2, OLL3]",PENP.VMNP,2,VLNP,3,OL,2,OL,3
2283432,mixed,mix->mix,mix,mix,1,1,2,1567,7,1.002,70587,45.046,OL.VLNP,3,2,2,"[GNG.VLNPL3, VLNP.VMNPL2] -> OL.VLNPL3 -> [OLL2, OLL3]",GNG.VLNP,3,VLNP.VMNP,2,OL,2,OL,3
2281332,mixed,mix->mix,mix,mix,1,1,2,1567,1,1.0,70477,44.976,OL.VLNP,3,2,2,"[GNG.VLNPL2, GNG.VLNPL3] -> OL.VLNPL3 -> [OLL2, OLL3]",GNG.VLNP,2,GNG.VLNP,3,OL,2,OL,3
2281332,mixed,LAT->mix,LAT,mix,0,1,3,1567,1,1.0,70598,45.053,OL.VLNP,3,2,2,"[GNG.VLNPL3, VLNP.VMNPL3] -> OL.VLNPL3 -> [OLL2, OLL3]",GNG.VLNP,3,VLNP.VMNP,3,OL,2,OL,3
1903774,mixed,FWD->mix,FWD,mix,2,1,1,1567,4,1.003,70905,45.249,OL.VLNP,3,2,2,"[VLNPL2, VLNP.VMNPL2] -> OL.VLNPL3 -> [OLL2, OLL3]",VLNP,2,VLNP.VMNP,2,OL,2,OL,3
168591062,mixed,mix->mix,mix,mix,1,1,2,26,8,1.9,50539,1943.808,OL.VMNP,1,2,2,"[VMNPL1, VMNPL2] -> OL.VMNPL1 -> [OLL1, OLL2]",VMNP,1,VMNP,2,OL,1,OL,2
70411796,mixed,mix->mix,mix,mix,1,1,2,26,8,1.84,50456,1940.615,OL.VMNP,1,2,2,"[GNG.VMNPL1, VMNPL2] -> OL.VMNPL1 -> [OLL1, OLL2]",GNG.VMNP,1,VMNP,2,OL,1,OL,2
64374279,mixed,BWD->mix,BWD,mix,1,2,1,26,9,1.886,51234,1970.538,OL.VMNP,1,2,2,"[GNGL2, VMNPL2] -> OL.VMNPL1 -> [OLL1, OLL2]",GNG,2,VMNP,2,OL,1,OL,2
64187953,mixed,LAT->mix,LAT,mix,1,0,3,26,4,1.843,50097,1926.808,OL.VMNP,1,2,2,"[GNG.VMNPL1, VMNPL1] -> OL.VMNPL1 -> [OLL1, OLL2]",GNG.VMNP,1,VMNP,1,OL,1,OL,2
62161436,mixed,BWD->mix,BWD,mix,1,2,1,26,11,1.992,50530,1943.462,OL.VMNP,1,2,2,"[GNG.VMNPL2, VMNPL2] -> OL.VMNPL1 -> [OLL1, OLL2]",GNG.VMNP,2,VMNP,2,OL,1,OL,2
58992175,mixed,mix->mix,mix,mix,1,1,2,26,5,1.899,50875,1956.731,OL.VMNP,1,2,2,"[GNGL2, VMNPL1] -> OL.VMNPL1 -> [OLL1, OLL2]",GNG,2,VMNP,1,OL,1,OL,2
57085346,mixed,mix->mix,mix,mix,1,1,2,26,7,1.987,50171,1929.654,OL.VMNP,1,2,2,"[GNG.VMNPL2, VMNPL1] -> OL.VMNPL1 -> [OLL1, OLL2]",GNG.VMNP,2,VMNP,1,OL,1,OL,2
24664837,mixed,mix->mix,mix,mix,1,1,2,26,6,1.843,50792,1953.538,OL.VMNP,1,2,2,"[GNGL2, GNG.VMNPL1] -> OL.VMNPL1 -> [OLL1, OLL2]",GNG,2,GNG.VMNP,1,OL,1,OL,2
23747914,mixed,mix->mix,mix,mix,1,1,2,26,8,1.996,50088,1926.462,OL.VMNP,1,2,2,"[GNG.VMNPL1, GNG.VMNPL2] -> OL.VMNPL1 -> [OLL1, OLL2]",GNG.VMNP,1,GNG.VMNP,2,OL,1,OL,2
21760058,mixed,BWD->mix,BWD,mix,1,2,1,26,8,1.993,50866,1956.385,OL.VMNP,1,2,2,"[GNGL2, GNG.VMNPL2] -> OL.VMNPL1 -> [OLL1, OLL2]",GNG,2,GNG.VMNP,2,OL,1,OL,2
21078460,mixed,mix->mix,mix,mix,1,1,2,26,7,1.431,50430,1939.615,OL.VMNP,1,2,2,"[GNG.VLNPL1, VMNPL2] -> OL.VMNPL1 -> [OLL1, OLL2]",GNG.VLNP,1,VMNP,2,OL,1,OL,2
19169220,mixed,BWD->mix,BWD,mix,1,2,1,26,11,2.047,50556,1944.462,OL.VMNP,1,2,2,"[VLNP.VMNPL2, VMNPL2] -> OL.VMNPL1 -> [OLL1, OLL2]",VLNP.VMNP,2,VMNP,2,OL,1,OL,2
18810247,mixed,LAT->mix,LAT,mix,1,0,3,26,3,1.401,50071,1925.808,OL.VMNP,1,2,2,"[GNG.VLNPL1, VMNPL1] -> OL.VMNPL1 -> [OLL1, OLL2]",GNG.VLNP,1,VMNP,1,OL,1,OL,2
18347802,mixed,mix->mix,mix,mix,1,1,2,26,4,1.877,50441,1940.038,OL.VMNP,1,2,2,"[LX.VMNPL1, VMNPL2] -> OL.VMNPL1 -> [OLL1, OLL2]",LX.VMNP,1,VMNP,2,OL,1,OL,2
18346120,mixed,mix->mix,mix,mix,1,1,2,26,2,1.877,50427,1939.5,OL.VMNP,1,2,2,"[GNG.LXL1, VMNPL2] -> OL.VMNPL1 -> [OLL1, OLL2]",GNG.LX,1,VMNP,2,OL,1,OL,2
16877166,mixed,mix->mix,mix,mix,1,1,2,26,6,1.904,50197,1930.654,OL.VMNP,1,2,2,"[VLNP.VMNPL2, VMNPL1] -> OL.VMNPL1 -> [OLL1, OLL2]",VLNP.VMNP,2,VMNP,1,OL,1,OL,2
16854092,mixed,LAT->mix,LAT,mix,1,0,3,26,4,1.899,50082,1926.231,OL.VMNP,1,2,2,"[LX.VMNPL1, VMNPL1] -> OL.VMNPL1 -> [OLL1, OLL2]",LX.VMNP,1,VMNP,1,OL,1,OL,2
16852686,mixed,LAT->mix,LAT,mix,1,0,3,26,2,1.899,50068,1925.692,OL.VMNP,1,2,2,"[GNG.LXL1, VMNPL1] -> OL.VMNPL1 -> [OLL1, OLL2]",GNG.LX,1,VMNP,1,OL,1,OL,2
16218662,mixed,BWD->mix,BWD,mix,1,2,1,26,7,1.906,50916,1958.308,OL.VMNP,1,2,2,"[OL.VLNPL2, VMNPL2] -> OL.VMNPL1 -> [OLL1, OLL2]",OL.VLNP,2,VMNP,2,OL,1,OL,2
15030031,mixed,mix->mix,mix,mix,1,1,2,26,7,1.564,50432,1939.692,OL.VMNP,1,2,2,"[GNG.OLL1, VMNPL2] -> OL.VMNPL1 -> [OLL1, OLL2]",GNG.OL,1,VMNP,2,OL,1,OL,2
339861350,mixed,mix->mix,mix,mix,1,1,2,187,54,3.906,50539,270.262,OL.VMNP,2,2,2,"[VMNPL1, VMNPL2] -> OL.VMNPL2 -> [OLL1, OLL2]",VMNP,1,VMNP,2,OL,1,OL,2
236701670,mixed,LAT->mix,LAT,mix,0,1,3,187,35,3.903,50556,270.353,OL.VMNP,2,2,2,"[VLNP.VMNPL2, VMNPL2] -> OL.VMNPL2 -> [OLL1, OLL2]",VLNP.VMNP,2,VMNP,2,OL,1,OL,2
233714079,mixed,mix->mix,mix,mix,0,2,2,187,52,3.412,50799,271.652,OL.VMNP,2,2,2,"[VMNPL2, VMNPL3] -> OL.VMNPL2 -> [OLL1, OLL2]",VMNP,2,VMNP,3,OL,1,OL,2
233438705,mixed,mix->mix,mix,mix,1,1,2,187,31,3.792,50456,269.818,OL.VMNP,2,2,2,"[GNG.VMNPL1, VMNPL2] -> OL.VMNPL2 -> [OLL1, OLL2]",GNG.VMNP,1,VMNP,2,OL,1,OL,2
166771399,mixed,LAT->mix,LAT,mix,0,1,3,187,32,3.49,50499,270.048,OL.VMNP,2,2,2,"[LX.VMNPL2, VMNPL2] -> OL.VMNPL2 -> [OLL1, OLL2]",LX.VMNP,2,VMNP,2,OL,1,OL,2
145166194,mixed,mix->mix,mix,mix,1,1,2,187,29,3.933,50197,268.433,OL.VMNP,2,2,2,"[VLNP.VMNPL2, VMNPL1] -> OL.VMNPL2 -> [OLL1, OLL2]",VLNP.VMNP,2,VMNP,1,OL,1,OL,2
142011818,mixed,FWD->mix,FWD,mix,2,1,1,187,28,3.864,50097,267.898,OL.VMNP,2,2,2,"[GNG.VMNPL1, VMNPL1] -> OL.VMNPL2 -> [OLL1, OLL2]",GNG.VMNP,1,VMNP,1,OL,1,OL,2
141487479,mixed,LAT->mix,LAT,mix,0,1,3,187,15,3.561,50785,271.578,OL.VMNP,2,2,2,"[VLNPL2, VMNPL2] -> OL.VMNPL2 -> [OLL1, OLL2]",VLNP,2,VMNP,2,OL,1,OL,2
137327671,mixed,mix->mix,mix,mix,1,2,1,187,40,3.632,50440,269.733,OL.VMNP,2,2,2,"[VMNPL1, VMNPL3] -> OL.VMNPL2 -> [OLL1, OLL2]",VMNP,1,VMNP,3,OL,1,OL,2
135642370,mixed,mix->mix,mix,mix,0,2,2,187,17,3.517,51176,273.668,OL.VMNP,2,2,2,"[VLNPL3, VMNPL2] -> OL.VMNPL2 -> [OLL1, OLL2]",VLNP,3,VMNP,2,OL,1,OL,2
110721177,mixed,mix->mix,mix,mix,0,2,2,187,9,2.774,51292,274.289,OL.VMNP,2,2,2,"[GNGL3, VMNPL2] -> OL.VMNPL2 -> [OLL1, OLL2]",GNG,3,VMNP,2,OL,1,OL,2
108577829,mixed,mix->mix,mix,mix,1,1,2,187,29,3.196,50140,268.128,OL.VMNP,2,2,2,"[LX.VMNPL2, VMNPL1] -> OL.VMNPL2 -> [OLL1, OLL2]",LX.VMNP,2,VMNP,1,OL,1,OL,2
102972967,mixed,mix->mix,mix,mix,0,2,2,187,33,3.884,82004,438.524,OL.VMNP,2,2,2,"[OLL3, VMNPL2] -> OL.VMNPL2 -> [OLL1, OLL2]",OL,3,VMNP,2,OL,1,OL,2
100856226,mixed,LAT->mix,LAT,mix,0,1,3,187,24,3.299,50916,272.278,OL.VMNP,2,2,2,"[OL.VLNPL2, VMNPL2] -> OL.VMNPL2 -> [OLL1, OLL2]",OL.VLNP,2,VMNP,2,OL,1,OL,2
98775837,mixed,mix->mix,mix,mix,1,1,2,187,17,3.879,50114,267.989,OL.VMNP,2,2,2,"[GNG.VMNPL1, VLNP.VMNPL2] -> OL.VMNPL2 -> [OLL1, OLL2]",GNG.VMNP,1,VLNP.VMNP,2,OL,1,OL,2
96735874,mixed,mix->mix,mix,mix,0,2,2,187,29,3.51,50457,269.824,OL.VMNP,2,2,2,"[VLNP.VMNPL2, VMNPL3] -> OL.VMNPL2 -> [OLL1, OLL2]",VLNP.VMNP,2,VMNP,3,OL,1,OL,2
96160350,mixed,mix->mix,mix,mix,1,2,1,187,26,3.41,50357,269.289,OL.VMNP,2,2,2,"[GNG.VMNPL1, VMNPL3] -> OL.VMNPL2 -> [OLL1, OLL2]",GNG.VMNP,1,VMNP,3,OL,1,OL,2
94100533,mixed,LAT->mix,LAT,mix,0,1,3,187,35,2.706,50530,270.214,OL.VMNP,2,2,2,"[GNG.VMNPL2, VMNPL2] -> OL.VMNPL2 -> [OLL1, OLL2]",GNG.VMNP,2,VMNP,2,OL,1,OL,2
92996940,mixed,LAT->mix,LAT,mix,0,1,3,187,19,2.99,51234,273.979,OL.VMNP,2,2,2,"[GNGL2, VMNPL2] -> OL.VMNPL2 -> [OLL1, OLL2]",GNG,2,VMNP,2,OL,1,OL,2
85055674,mixed,mix->mix,mix,mix,1,1,2,187,9,3.715,50426,269.658,OL.VMNP,2,2,2,"[VLNPL2, VMNPL1] -> OL.VMNPL2 -> [OLL1, OLL2]",VLNP,2,VMNP,1,OL,1,OL,2
1252507,mixed,mix->mix,mix,mix,1,1,2,108,46,2.404,71261,659.824,OL.VMNP,3,2,2,"[OLL2, OLL3] -> OL.VMNPL3 -> [VMNPL2, VMNPL3]",OL,2,OL,3,VMNP,2,VMNP,3
782197,mixed,mix->LAT,mix,LAT,1,0,3,108,4,1.001,72355,669.954,OL.VMNP,3,2,2,"[OLL2, OL.VLNPL3] -> OL.VMNPL3 -> [OLL3, VMNPL3]",OL,2,OL.VLNP,3,OL,3,VMNP,3
734471,mixed,mix->LAT,mix,LAT,1,0,3,108,11,1.166,70930,656.759,OL.VMNP,3,2,2,"[OLL2, OLL3] -> OL.VMNPL3 -> [VLNP.VMNPL3, VMNPL3]",OL,2,OL,3,VLNP.VMNP,3,VMNP,3
684547,mixed,mix->mix,mix,mix,1,1,2,108,3,1.001,72454,670.87,OL.VMNP,3,2,2,"[OLL2, OL.VLNPL3] -> OL.VMNPL3 -> [OLL3, VMNPL2]",OL,2,OL.VLNP,3,OL,3,VMNP,2
634447,mixed,mix->mix,mix,mix,1,1,2,108,11,1.137,71029,657.676,OL.VMNP,3,2,2,"[OLL2, OLL3] -> OL.VMNPL3 -> [VLNP.VMNPL3, VMNPL2]",OL,2,OL,3,VLNP.VMNP,3,VMNP,2
586593,mixed,mix->LAT,mix,LAT,1,0,3,108,2,1.0,72123,667.806,OL.VMNP,3,2,2,"[OLL2, OL.VLNPL3] -> OL.VMNPL3 -> [OLL3, VLNP.VMNPL3]",OL,2,OL.VLNP,3,OL,3,VLNP.VMNP,3
582184,mixed,mix->mix,mix,mix,1,1,2,108,17,1.686,71261,659.824,OL.VMNP,3,2,2,"[VMNPL2, VMNPL3] -> OL.VMNPL3 -> [OLL2, OLL3]",VMNP,2,VMNP,3,OL,2,OL,3
565800,mixed,mix->mix,mix,mix,1,1,2,108,1,1.0,70881,656.306,OL.VMNP,3,2,2,"[OLL2, OLL3] -> OL.VMNPL3 -> [LX.VLNPL2, VMNPL3]",OL,2,OL,3,LX.VLNP,2,VMNP,3
501891,mixed,LAT->mix,LAT,mix,0,1,3,108,2,1.0,72355,669.954,OL.VMNP,3,2,2,"[OLL3, OL.VLNPL3] -> OL.VMNPL3 -> [OLL2, VMNPL3]",OL,3,OL.VLNP,3,OL,2,VMNP,3
495075,mixed,mix->BWD,mix,BWD,1,2,1,108,1,1.0,70980,657.222,OL.VMNP,3,2,2,"[OLL2, OLL3] -> OL.VMNPL3 -> [LX.VLNPL2, VMNPL2]",OL,2,OL,3,LX.VLNP,2,VMNP,2
488750,mixed,mix->mix,mix,mix,1,1,2,108,1,1.0,72074,667.352,OL.VMNP,3,2,2,"[OLL2, OL.VLNPL3] -> OL.VMNPL3 -> [LX.VLNPL2, OLL3]",OL,2,OL.VLNP,3,LX.VLNP,2,OL,3
439110,mixed,LAT->BWD,LAT,BWD,0,2,2,108,1,1.0,72454,670.87,OL.VMNP,3,2,2,"[OLL3, OL.VLNPL3] -> OL.VMNPL3 -> [OLL2, VMNPL2]",OL,3,OL.VLNP,3,OL,2,VMNP,2
424350,mixed,mix->mix,mix,mix,1,1,2,108,1,1.0,70649,654.157,OL.VMNP,3,2,2,"[OLL2, OLL3] -> OL.VMNPL3 -> [LX.VLNPL2, VLNP.VMNPL3]",OL,2,OL,3,LX.VLNP,2,VLNP.VMNP,3
389318,mixed,mix->mix,mix,mix,1,1,2,108,6,1.296,70919,656.657,OL.VMNP,3,2,2,"[OLL2, OLL3] -> OL.VMNPL3 -> [VLNP.VMNPL2, VMNPL3]",OL,2,OL,3,VLNP.VMNP,2,VMNP,3
376398,mixed,LAT->mix,LAT,mix,0,1,3,108,2,1.0,72123,667.806,OL.VMNP,3,2,2,"[OLL3, OL.VLNPL3] -> OL.VMNPL3 -> [OLL2, VLNP.VMNPL3]",OL,3,OL.VLNP,3,OL,2,VLNP.VMNP,3
371142,mixed,mix->LAT,mix,LAT,1,0,3,108,12,1.193,70827,655.806,OL.VMNP,3,2,2,"[OLL2, OLL3] -> OL.VMNPL3 -> [LX.VMNPL3, VMNPL3]",OL,2,OL,3,LX.VMNP,3,VMNP,3
352584,mixed,mix->mix,mix,mix,1,1,2,108,3,1.077,70862,656.13,OL.VMNP,3,2,2,"[OLL2, OLL3] -> OL.VMNPL3 -> [LX.VMNPL2, VMNPL3]",OL,2,OL,3,LX.VMNP,2,VMNP,3
339487,mixed,mix->LAT,mix,LAT,1,0,3,108,2,1.0,70896,656.444,OL.VMNP,3,2,2,"[OLL2, OLL3] -> OL.VMNPL3 -> [LX.VLNPL3, VMNPL3]",OL,2,OL,3,LX.VLNP,3,VMNP,3
331283,mixed,mix->BWD,mix,BWD,1,2,1,108,5,1.231,71018,657.574,OL.VMNP,3,2,2,"[OLL2, OLL3] -> OL.VMNPL3 -> [VLNP.VMNPL2, VMNPL2]",OL,2,OL,3,VLNP.VMNP,2,VMNP,2
328627,mixed,mix->mix,mix,mix,1,1,2,108,14,1.222,70926,656.722,OL.VMNP,3,2,2,"[OLL2, OLL3] -> OL.VMNPL3 -> [LX.VMNPL3, VMNPL2]",OL,2,OL,3,LX.VMNP,3,VMNP,2
1620,mixed,mix->FWD,mix,FWD,2,1,1,62,8,6.085,1475,23.79,PENP,1,2,2,"[GNG.PENPL1, GNG.PENPL2] -> PENPL1 -> [GNGL2, PENPL2]",GNG.PENP,1,GNG.PENP,2,GNG,2,PENP,2
1332,mixed,mix->FWD,mix,FWD,2,1,1,62,2,1.018,1557,25.113,PENP,1,2,2,"[GNGL1, PENPL2] -> PENPL1 -> [GNGL2, GNG.PENPL2]",GNG,1,PENP,2,GNG,2,GNG.PENP,2
1293,mixed,mix->FWD,mix,FWD,2,1,1,62,8,3.015,1475,23.79,PENP,1,2,2,"[GNG.PENPL1, PENPL2] -> PENPL1 -> [GNGL2, GNG.PENPL2]",GNG.PENP,1,PENP,2,GNG,2,GNG.PENP,2
622,mixed,mix->FWD,mix,FWD,2,1,1,62,2,1.019,1557,25.113,PENP,1,2,2,"[GNGL1, GNGL2] -> PENPL1 -> [GNG.PENPL2, PENPL2]",GNG,1,GNG,2,GNG.PENP,2,PENP,2
508,mixed,mix->FWD,mix,FWD,2,1,1,62,2,1.099,1557,25.113,PENP,1,2,2,"[GNGL1, GNG.PENPL2] -> PENPL1 -> [GNGL2, PENPL2]",GNG,1,GNG.PENP,2,GNG,2,PENP,2
420,mixed,BWD->mix,BWD,mix,1,2,1,62,1,1.0,1557,25.113,PENP,1,2,2,"[GNGL2, PENPL2] -> PENPL1 -> [GNGL1, GNG.PENPL2]",GNG,2,PENP,2,GNG,1,GNG.PENP,2
420,mixed,BWD->FWD,BWD,FWD,2,2,0,62,1,1.0,1488,24.0,PENP,1,2,2,"[GNGL2, PENPL2] -> PENPL1 -> [GNG.PENPL2, GNG.SNPL2]",GNG,2,PENP,2,GNG.PENP,2,GNG.SNP,2
360,mixed,BWD->FWD,BWD,FWD,2,2,0,62,1,1.0,1242,20.032,PENP,1,2,2,"[VLNP.VMNPL2, VMNPL2] -> PENPL1 -> [PENPL2, PENP.VLNPL2]",VLNP.VMNP,2,VMNP,2,PENP,2,PENP.VLNP,2
343,mixed,mix->FWD,mix,FWD,2,1,1,62,4,1.233,1475,23.79,PENP,1,2,2,"[GNGL2, GNG.PENPL1] -> PENPL1 -> [GNG.PENPL2, PENPL2]",GNG,2,GNG.PENP,1,GNG.PENP,2,PENP,2
330,mixed,mix->FWD,mix,FWD,2,1,1,62,1,1.0,1488,24.0,PENP,1,2,2,"[GNGL1, PENPL2] -> PENPL1 -> [GNGL2, GNG.SNPL2]",GNG,1,PENP,2,GNG,2,GNG.SNP,2
330,mixed,BWD->mix,BWD,mix,1,2,1,62,1,1.0,1557,25.113,PENP,1,2,2,"[GNG.PENPL2, PENPL2] -> PENPL1 -> [GNGL1, GNGL2]",GNG.PENP,2,PENP,2,GNG,1,GNG,2
330,mixed,BWD->FWD,BWD,FWD,2,2,0,62,1,1.0,1488,24.0,PENP,1,2,2,"[GNG.PENPL2, PENPL2] -> PENPL1 -> [GNGL2, GNG.SNPL2]",GNG.PENP,2,PENP,2,GNG,2,GNG.SNP,2
270,mixed,BWD->FWD,BWD,FWD,2,2,0,62,1,1.0,1188,19.161,PENP,1,2,2,"[PENP.VMNPL2, VMNPL2] -> PENPL1 -> [PENPL2, PENP.VLNPL2]",PENP.VMNP,2,VMNP,2,PENP,2,PENP.VLNP,2
265,mixed,BWD->FWD,BWD,FWD,2,2,0,62,4,3.119,1540,24.839,PENP,1,2,2,"[GNG.PENPL2, PENPL2] -> PENPL1 -> [GNGL2, PENP.VLNPL2]",GNG.PENP,2,PENP,2,GNG,2,PENP.VLNP,2
254,mixed,LAT->FWD,LAT,FWD,2,0,2,62,2,1.099,1475,23.79,PENP,1,2,2,"[GNGL1, GNG.PENPL1] -> PENPL1 -> [GNGL2, PENPL2]",GNG,1,GNG.PENP,1,GNG,2,PENP,2
244,mixed,BWD->mix,BWD,mix,1,2,1,62,2,1.033,742,11.968,PENP,1,2,2,"[GNG.PENPL2, PENPL2] -> PENPL1 -> [GNG.PENPL1, PENP.VLNPL2]",GNG.PENP,2,PENP,2,GNG.PENP,1,PENP.VLNP,2
240,mixed,BWD->FWD,BWD,FWD,2,2,0,62,1,1.0,1975,31.855,PENP,1,2,2,"[VLNP.VMNPL2, VMNPL2] -> PENPL1 -> [GNGL2, PENPL2]",VLNP.VMNP,2,VMNP,2,GNG,2,PENP,2
237,mixed,BWD->FWD,BWD,FWD,2,2,0,62,4,2.755,1540,24.839,PENP,1,2,2,"[GNG.PENPL2, PENP.VLNPL2] -> PENPL1 -> [GNGL2, PENPL2]",GNG.PENP,2,PENP.VLNP,2,GNG,2,PENP,2
234,mixed,mix->FWD,mix,FWD,2,1,1,62,2,1.166,1540,24.839,PENP,1,2,2,"[GNGL1, GNGL2] -> PENPL1 -> [PENPL2, PENP.VLNPL2]",GNG,1,GNG,2,PENP,2,PENP.VLNP,2
216,mixed,BWD->FWD,BWD,FWD,2,2,0,62,1,1.0,846,13.645,PENP,1,2,2,"[PENP.VMNPL2, VLNP.VMNPL2] -> PENPL1 -> [PENPL2, PENP.VLNPL2]",PENP.VMNP,2,VLNP.VMNP,2,PENP,2,PENP.VLNP,2
175967,mixed,BWD->mix,BWD,mix,1,2,1,562,22,1.73,2450,4.359,PENP,2,2,2,"[GNG.PENPL3, PENPL3] -> PENPL2 -> [GNGL2, GNGL3]",GNG.PENP,3,PENP,3,GNG,2,GNG,3
88308,mixed,mix->mix,mix,mix,2,1,1,562,17,2.229,1851,3.294,PENP,2,2,2,"[GNG.PENPL3, PENPL1] -> PENPL2 -> [GNGL2, GNGL3]",GNG.PENP,3,PENP,1,GNG,2,GNG,3
84747,mixed,BWD->mix,BWD,mix,1,2,1,562,27,1.854,2450,4.359,PENP,2,2,2,"[GNGL3, GNG.PENPL3] -> PENPL2 -> [GNGL2, PENPL3]",GNG,3,GNG.PENP,3,GNG,2,PENP,3
80168,mixed,mix->mix,mix,mix,2,1,1,562,18,3.045,2399,4.269,PENP,2,2,2,"[PENPL1, PENPL3] -> PENPL2 -> [GNGL2, GNGL3]",PENP,1,PENP,3,GNG,2,GNG,3
77690,mixed,mix->FWD,mix,FWD,2,1,1,562,30,2.955,2450,4.359,PENP,2,2,2,"[GNGL2, GNG.PENPL3] -> PENPL2 -> [GNGL3, PENPL3]",GNG,2,GNG.PENP,3,GNG,3,PENP,3
73803,mixed,mix->FWD,mix,FWD,3,0,1,562,33,4.51,2399,4.269,PENP,2,2,2,"[GNGL2, PENPL1] -> PENPL2 -> [GNGL3, PENPL3]",GNG,2,PENP,1,GNG,3,PENP,3
73035,mixed,BWD->LAT,BWD,LAT,0,2,2,562,16,1.222,1676,2.982,PENP,2,2,2,"[GNG.PENPL3, PENPL3] -> PENPL2 -> [GNGL2, GNG.PENPL2]",GNG.PENP,3,PENP,3,GNG,2,GNG.PENP,2
63736,mixed,mix->mix,mix,mix,2,1,1,562,22,1.882,1645,2.927,PENP,2,2,2,"[GNG.PENPL3, PENPL1] -> PENPL2 -> [GNGL2, PENPL3]",GNG.PENP,3,PENP,1,GNG,2,PENP,3
57381,mixed,mix->mix,mix,mix,1,1,2,562,24,2.226,1882,3.349,PENP,2,2,2,"[GNG.PENPL2, GNG.PENPL3] -> PENPL2 -> [GNGL2, GNGL3]",GNG.PENP,2,GNG.PENP,3,GNG,2,GNG,3
56943,mixed,BWD->mix,BWD,mix,1,2,1,562,26,2.369,2450,4.359,PENP,2,2,2,"[GNGL3, PENPL3] -> PENPL2 -> [GNGL2, GNG.PENPL3]",GNG,3,PENP,3,GNG,2,GNG.PENP,3
56642,mixed,mix->mix,mix,mix,1,1,2,562,12,1.435,1876,3.338,PENP,2,2,2,"[GNG.PENPL3, PENP.SNPL2] -> PENPL2 -> [GNGL2, GNGL3]",GNG.PENP,3,PENP.SNP,2,GNG,2,GNG,3
53751,mixed,mix->mix,mix,mix,1,1,2,562,21,3.302,2430,4.324,PENP,2,2,2,"[GNG.PENPL2, PENPL3] -> PENPL2 -> [GNGL2, GNGL3]",GNG.PENP,2,PENP,3,GNG,2,GNG,3
52976,mixed,LAT->FWD,LAT,FWD,2,0,2,562,33,7.113,2430,4.324,PENP,2,2,2,"[GNGL2, GNG.PENPL2] -> PENPL2 -> [GNGL3, PENPL3]",GNG,2,GNG.PENP,2,GNG,3,PENP,3
50954,mixed,mix->mix,mix,mix,2,1,1,562,25,3.591,2399,4.269,PENP,2,2,2,"[GNGL3, PENPL1] -> PENPL2 -> [GNGL2, PENPL3]",GNG,3,PENP,1,GNG,2,PENP,3
50561,mixed,mix->mix,mix,mix,1,1,2,562,12,1.714,1670,2.972,PENP,2,2,2,"[GNG.PENPL3, PENP.SNPL2] -> PENPL2 -> [GNGL2, PENPL3]",GNG.PENP,3,PENP.SNP,2,GNG,2,PENP,3
49332,mixed,mix->mix,mix,mix,1,1,2,562,26,2.484,1676,2.982,PENP,2,2,2,"[GNG.PENPL2, GNG.PENPL3] -> PENPL2 -> [GNGL2, PENPL3]",GNG.PENP,2,GNG.PENP,3,GNG,2,PENP,3
48899,mixed,mix->FWD,mix,FWD,2,1,1,562,30,3.285,2450,4.359,PENP,2,2,2,"[GNGL2, PENPL3] -> PENPL2 -> [GNGL3, GNG.PENPL3]",GNG,2,PENP,3,GNG,3,GNG.PENP,3
47967,mixed,mix->mix,mix,mix,1,2,1,562,35,4.191,2399,4.269,PENP,2,2,2,"[GNGL2, GNGL3] -> PENPL2 -> [PENPL1, PENPL3]",GNG,2,GNG,3,PENP,1,PENP,3
47126,mixed,mix->mix,mix,mix,1,1,2,562,13,1.794,2424,4.313,PENP,2,2,2,"[PENPL3, PENP.SNPL2] -> PENPL2 -> [GNGL2, GNGL3]",PENP,3,PENP.SNP,2,GNG,2,GNG,3
45942,mixed,LAT->mix,LAT,mix,1,1,2,562,26,2.812,1625,2.891,PENP,2,2,2,"[GNGL2, GNG.PENPL2] -> PENPL2 -> [PENPL1, PENPL3]",GNG,2,GNG.PENP,2,PENP,1,PENP,3
157251,mixed,FWD->LAT,FWD,LAT,2,0,2,661,15,3.011,923,1.396,PENP,3,2,2,"[PENPL2, PENP.SNPL2] -> PENPL3 -> [GNG.PENPL3, PENP.SNPL3]",PENP,2,PENP.SNP,2,GNG.PENP,3,PENP.SNP,3
117979,mixed,FWD->mix,FWD,mix,2,1,1,661,21,2.523,1182,1.788,PENP,3,2,2,"[PENP.SNPL2, SNPL2] -> PENPL3 -> [PENPL2, PENP.SNPL3]",PENP.SNP,2,SNP,2,PENP,2,PENP.SNP,3
112039,mixed,FWD->mix,FWD,mix,2,1,1,661,9,2.718,903,1.366,PENP,3,2,2,"[PENPL2, PENP.SNPL2] -> PENPL3 -> [GNG.PENPL2, PENP.SNPL3]",PENP,2,PENP.SNP,2,GNG.PENP,2,PENP.SNP,3
102212,mixed,mix->mix,mix,mix,1,1,2,661,16,3.195,923,1.396,PENP,3,2,2,"[PENP.SNPL2, PENP.SNPL3] -> PENPL3 -> [GNG.PENPL3, PENPL2]",PENP.SNP,2,PENP.SNP,3,GNG.PENP,3,PENP,2
99376,mixed,FWD->mix,FWD,mix,2,1,1,661,11,2.764,1619,2.449,PENP,3,2,2,"[PENPL2, PENP.SNPL2] -> PENPL3 -> [GNGL2, PENP.SNPL3]",PENP,2,PENP.SNP,2,GNG,2,PENP.SNP,3
85358,mixed,mix->BWD,mix,BWD,1,2,1,661,10,2.293,903,1.366,PENP,3,2,2,"[PENP.SNPL2, PENP.SNPL3] -> PENPL3 -> [GNG.PENPL2, PENPL2]",PENP.SNP,2,PENP.SNP,3,GNG.PENP,2,PENP,2
78676,mixed,FWD->LAT,FWD,LAT,2,0,2,661,16,3.519,1677,2.537,PENP,3,2,2,"[PENPL2, PENP.SNPL2] -> PENPL3 -> [GNGL3, PENP.SNPL3]",PENP,2,PENP.SNP,2,GNG,3,PENP.SNP,3
72812,mixed,mix->mix,mix,mix,1,1,2,661,23,2.591,2576,3.897,PENP,3,2,2,"[PENP.SNPL2, SNPL3] -> PENPL3 -> [PENPL2, PENP.SNPL3]",PENP.SNP,2,SNP,3,PENP,2,PENP.SNP,3
71757,mixed,mix->BWD,mix,BWD,1,2,1,661,11,2.65,1619,2.449,PENP,3,2,2,"[PENP.SNPL2, PENP.SNPL3] -> PENPL3 -> [GNGL2, PENPL2]",PENP.SNP,2,PENP.SNP,3,GNG,2,PENP,2
67566,mixed,FWD->LAT,FWD,LAT,2,0,2,661,16,5.24,2576,3.897,PENP,3,2,2,"[PENPL2, PENP.SNPL2] -> PENPL3 -> [PENP.SNPL3, SNPL3]",PENP,2,PENP.SNP,2,PENP.SNP,3,SNP,3
63208,mixed,FWD->LAT,FWD,LAT,2,0,2,661,10,2.937,1208,1.828,PENP,3,2,2,"[PENPL2, SNPL2] -> PENPL3 -> [GNG.PENPL3, PENP.SNPL3]",PENP,2,SNP,2,GNG.PENP,3,PENP.SNP,3
60882,mixed,mix->mix,mix,mix,1,1,2,661,17,2.91,1677,2.537,PENP,3,2,2,"[PENP.SNPL2, PENP.SNPL3] -> PENPL3 -> [GNGL3, PENPL2]",PENP.SNP,2,PENP.SNP,3,GNG,3,PENP,2
56467,mixed,mix->mix,mix,mix,1,1,2,661,11,2.183,2576,3.897,PENP,3,2,2,"[PENPL2, PENP.SNPL3] -> PENPL3 -> [PENP.SNPL2, SNPL3]",PENP,2,PENP.SNP,3,PENP.SNP,2,SNP,3
48598,mixed,FWD->mix,FWD,mix,2,1,1,661,14,4.27,1571,2.377,PENP,3,2,2,"[PENPL2, PENP.SNPL2] -> PENPL3 -> [GNGL2, GNG.PENPL3]",PENP,2,PENP.SNP,2,GNG,2,GNG.PENP,3
46718,mixed,mix->mix,mix,mix,1,1,2,661,13,4.843,1645,2.489,PENP,3,2,2,"[PENPL2, PENP.SNPL3] -> PENPL3 -> [GNGL2, GNG.PENPL3]",PENP,2,PENP.SNP,3,GNG,2,GNG.PENP,3
43712,mixed,FWD->mix,FWD,mix,2,1,1,661,12,2.708,1134,1.716,PENP,3,2,2,"[PENP.SNPL2, SNPL2] -> PENPL3 -> [GNG.PENPL3, PENPL2]",PENP.SNP,2,SNP,2,GNG.PENP,3,PENP,2
42824,mixed,FWD->mix,FWD,mix,2,1,1,661,7,2.383,1188,1.797,PENP,3,2,2,"[PENPL2, SNPL2] -> PENPL3 -> [GNG.PENPL2, PENP.SNPL3]",PENP,2,SNP,2,GNG.PENP,2,PENP.SNP,3
42521,mixed,mix->LAT,mix,LAT,1,0,3,661,17,6.384,1703,2.576,PENP,3,2,2,"[PENPL2, PENP.SNPL3] -> PENPL3 -> [GNGL3, GNG.PENPL3]",PENP,2,PENP.SNP,3,GNG,3,GNG.PENP,3
41710,mixed,FWD->mix,FWD,mix,2,1,1,661,8,2.932,855,1.293,PENP,3,2,2,"[PENPL2, PENP.SNPL2] -> PENPL3 -> [GNG.PENPL2, GNG.PENPL3]",PENP,2,PENP.SNP,2,GNG.PENP,2,GNG.PENP,3
40914,mixed,mix->mix,mix,mix,1,1,2,661,14,3.008,2576,3.897,PENP,3,2,2,"[PENP.SNPL2, PENP.SNPL3] -> PENPL3 -> [PENPL2, SNPL3]",PENP.SNP,2,PENP.SNP,3,PENP,2,SNP,3
36,mixed,BWD->mix,BWD,mix,1,2,1,2,1,1.0,983,491.5,PENP.SNP,1,2,2,"[AL.LHL2, AL.MBL2] -> PENP.SNPL1 -> [PENPL1, PENPL2]",AL.LH,2,AL.MB,2,PENP,1,PENP,2
36,mixed,BWD->mix,BWD,mix,1,2,1,2,1,1.0,1647,823.5,PENP.SNP,1,2,2,"[AL.LHL2, GNGL2] -> PENP.SNPL1 -> [PENPL1, PENPL2]",AL.LH,2,GNG,2,PENP,1,PENP,2
36,mixed,BWD->mix,BWD,mix,1,2,1,2,1,1.0,862,431.0,PENP.SNP,1,2,2,"[AL.LHL2, GNG.SNPL2] -> PENP.SNPL1 -> [PENPL1, PENPL2]",AL.LH,2,GNG.SNP,2,PENP,1,PENP,2
18,mixed,BWD->mix,BWD,mix,1,2,1,2,1,1.0,844,422.0,PENP.SNP,1,2,2,"[AL.GNGL2, AL.LHL2] -> PENP.SNPL1 -> [PENPL1, PENPL2]",AL.GNG,2,AL.LH,2,PENP,1,PENP,2
18,mixed,mix->mix,mix,mix,1,1,2,2,1,1.0,841,420.5,PENP.SNP,1,2,2,"[AL.LHL2, AL.SNPL1] -> PENP.SNPL1 -> [PENPL1, PENPL2]",AL.LH,2,AL.SNP,1,PENP,1,PENP,2
18,mixed,BWD->mix,BWD,mix,1,2,1,2,1,1.0,840,420.0,PENP.SNP,1,2,2,"[AL.LHL2, AL.PENPL2] -> PENP.SNPL1 -> [PENPL1, PENPL2]",AL.LH,2,AL.PENP,2,PENP,1,PENP,2
18,mixed,BWD->mix,BWD,mix,1,2,1,2,1,1.0,931,465.5,PENP.SNP,1,2,2,"[AL.LHL2, GNG.PENPL2] -> PENP.SNPL1 -> [PENPL1, PENPL2]",AL.LH,2,GNG.PENP,2,PENP,1,PENP,2
18,mixed,BWD->mix,BWD,mix,1,2,1,2,1,1.0,918,459.0,PENP.SNP,1,2,2,"[AL.LHL2, LH.SNPL2] -> PENP.SNPL1 -> [PENPL1, PENPL2]",AL.LH,2,LH.SNP,2,PENP,1,PENP,2
18,mixed,BWD->mix,BWD,mix,1,2,1,2,1,1.0,841,420.5,PENP.SNP,1,2,2,"[AL.LHL2, SNP.VMNPL2] -> PENP.SNPL1 -> [PENPL1, PENPL2]",AL.LH,2,SNP.VMNP,2,PENP,1,PENP,2
12,mixed,BWD->mix,BWD,mix,1,2,1,2,1,1.0,1578,789.0,PENP.SNP,1,2,2,"[AL.MBL2, GNGL2] -> PENP.SNPL1 -> [PENPL1, PENPL2]",AL.MB,2,GNG,2,PENP,1,PENP,2
12,mixed,BWD->mix,BWD,mix,1,2,1,2,1,1.0,793,396.5,PENP.SNP,1,2,2,"[AL.MBL2, GNG.SNPL2] -> PENP.SNPL1 -> [PENPL1, PENPL2]",AL.MB,2,GNG.SNP,2,PENP,1,PENP,2
12,mixed,BWD->mix,BWD,mix,1,2,1,2,1,1.0,1457,728.5,PENP.SNP,1,2,2,"[GNGL2, GNG.SNPL2] -> PENP.SNPL1 -> [PENPL1, PENPL2]",GNG,2,GNG.SNP,2,PENP,1,PENP,2
1169640,mixed,mix->FWD,mix,FWD,2,1,1,87,24,2.517,3150,36.207,PENP.SNP,2,2,2,"[PENPL2, SNPL3] -> PENP.SNPL2 -> [PENPL3, PENP.SNPL3]",PENP,2,SNP,3,PENP,3,PENP.SNP,3
1042045,mixed,LAT->FWD,LAT,FWD,2,0,2,87,23,2.283,1756,20.184,PENP.SNP,2,2,2,"[PENPL2, SNPL2] -> PENP.SNPL2 -> [PENPL3, PENP.SNPL3]",PENP,2,SNP,2,PENP,3,PENP.SNP,3
701232,mixed,LAT->FWD,LAT,FWD,2,0,2,87,24,3.034,2861,32.885,PENP.SNP,2,2,2,"[PENPL2, SNPL2] -> PENP.SNPL2 -> [PENP.SNPL3, SNPL3]",PENP,2,SNP,2,PENP.SNP,3,SNP,3
668383,mixed,mix->mix,mix,mix,1,1,2,87,21,3.196,2861,32.885,PENP.SNP,2,2,2,"[SNPL2, SNPL3] -> PENP.SNPL2 -> [PENPL2, PENP.SNPL3]",SNP,2,SNP,3,PENP,2,PENP.SNP,3
587114,mixed,mix->FWD,mix,FWD,2,1,1,87,20,3.044,2960,34.023,PENP.SNP,2,2,2,"[SNPL2, SNPL3] -> PENP.SNPL2 -> [PENPL3, PENP.SNPL3]",SNP,2,SNP,3,PENP,3,PENP.SNP,3
431526,mixed,LAT->FWD,LAT,FWD,2,0,2,87,29,2.584,3361,38.632,PENP.SNP,2,2,2,"[PENPL2, SNPL2] -> PENP.SNPL2 -> [PENPL3, SNPL3]",PENP,2,SNP,2,PENP,3,SNP,3
419150,mixed,mix->mix,mix,mix,1,1,2,87,25,2.845,3361,38.632,PENP.SNP,2,2,2,"[SNPL2, SNPL3] -> PENP.SNPL2 -> [PENPL2, PENPL3]",SNP,2,SNP,3,PENP,2,PENP,3
338453,mixed,mix->FWD,mix,FWD,2,1,1,87,10,2.095,3356,38.575,PENP.SNP,2,2,2,"[PENPL2, SNPL3] -> PENP.SNPL2 -> [GNGL3, PENP.SNPL3]",PENP,2,SNP,3,GNG,3,PENP.SNP,3
318428,mixed,mix->FWD,mix,FWD,2,1,1,87,19,2.629,3150,36.207,PENP.SNP,2,2,2,"[PENPL2, PENPL3] -> PENP.SNPL2 -> [PENP.SNPL3, SNPL3]",PENP,2,PENP,3,PENP.SNP,3,SNP,3
299226,mixed,LAT->FWD,LAT,FWD,2,0,2,87,9,1.984,1962,22.552,PENP.SNP,2,2,2,"[PENPL2, SNPL2] -> PENP.SNPL2 -> [GNGL3, PENP.SNPL3]",PENP,2,SNP,2,GNG,3,PENP.SNP,3
293362,mixed,BWD->mix,BWD,mix,1,2,1,87,10,2.712,3150,36.207,PENP.SNP,2,2,2,"[PENPL3, SNPL3] -> PENP.SNPL2 -> [PENPL2, PENP.SNPL3]",PENP,3,SNP,3,PENP,2,PENP.SNP,3
283730,mixed,mix->FWD,mix,FWD,2,1,1,87,27,2.563,3150,36.207,PENP.SNP,2,2,2,"[PENPL2, PENP.SNPL3] -> PENP.SNPL2 -> [PENPL3, SNPL3]",PENP,2,PENP.SNP,3,PENP,3,SNP,3
268307,mixed,BWD->mix,BWD,mix,1,2,1,87,20,2.68,3150,36.207,PENP.SNP,2,2,2,"[PENP.SNPL3, SNPL3] -> PENP.SNPL2 -> [PENPL2, PENPL3]",PENP.SNP,3,SNP,3,PENP,2,PENP,3
258221,mixed,mix->mix,mix,mix,1,1,2,87,11,2.485,1756,20.184,PENP.SNP,2,2,2,"[PENPL3, SNPL2] -> PENP.SNPL2 -> [PENPL2, PENP.SNPL3]",PENP,3,SNP,2,PENP,2,PENP.SNP,3
235284,mixed,mix->mix,mix,mix,1,1,2,87,20,2.357,1756,20.184,PENP.SNP,2,2,2,"[PENP.SNPL3, SNPL2] -> PENP.SNPL2 -> [PENPL2, PENPL3]",PENP.SNP,3,SNP,2,PENP,2,PENP,3
227563,mixed,mix->FWD,mix,FWD,2,1,1,87,16,2.087,3856,44.322,PENP.SNP,2,2,2,"[PENPL2, SNPL3] -> PENP.SNPL2 -> [GNGL3, PENPL3]",PENP,2,SNP,3,GNG,3,PENP,3
201286,mixed,LAT->FWD,LAT,FWD,2,0,2,87,14,1.964,2462,28.299,PENP.SNP,2,2,2,"[PENPL2, SNPL2] -> PENP.SNPL2 -> [GNGL3, PENPL3]",PENP,2,SNP,2,GNG,3,PENP,3
178839,mixed,mix->mix,mix,mix,1,1,2,87,23,1.602,2861,32.885,PENP.SNP,2,2,2,"[PENPL2, SNPL3] -> PENP.SNPL2 -> [PENP.SNPL3, SNPL2]",PENP,2,SNP,3,PENP.SNP,3,SNP,2
159120,mixed,mix->mix,mix,mix,1,1,2,87,18,3.153,2861,32.885,PENP.SNP,2,2,2,"[PENP.SNPL3, SNPL2] -> PENP.SNPL2 -> [PENPL2, SNPL3]",PENP.SNP,3,SNP,2,PENP,2,SNP,3
156527,mixed,mix->FWD,mix,FWD,2,1,1,87,13,3.224,2960,34.023,PENP.SNP,2,2,2,"[PENPL3, SNPL2] -> PENP.SNPL2 -> [PENP.SNPL3, SNPL3]",PENP,3,SNP,2,PENP.SNP,3,SNP,3
196730,mixed,mix->mix,mix,mix,1,1,2,161,33,1.339,3361,20.876,PENP.SNP,3,2,2,"[PENPL2, PENPL3] -> PENP.SNPL3 -> [SNPL2, SNPL3]",PENP,2,PENP,3,SNP,2,SNP,3
174025,mixed,FWD->mix,FWD,mix,2,1,1,161,35,1.799,2787,17.311,PENP.SNP,3,2,2,"[PENPL2, PENP.SNPL2] -> PENP.SNPL3 -> [SNPL2, SNPL3]",PENP,2,PENP.SNP,2,SNP,2,SNP,3
133634,mixed,mix->mix,mix,mix,1,1,2,161,36,1.384,3076,19.106,PENP.SNP,3,2,2,"[PENPL2, PENPL3] -> PENP.SNPL3 -> [PENP.SNPL2, SNPL3]",PENP,2,PENP,3,PENP.SNP,2,SNP,3
73704,mixed,mix->mix,mix,mix,1,1,2,161,22,2.937,3361,20.876,PENP.SNP,3,2,2,"[SNPL2, SNPL3] -> PENP.SNPL3 -> [PENPL2, PENPL3]",SNP,2,SNP,3,PENP,2,PENP,3
60780,mixed,FWD->LAT,FWD,LAT,2,0,2,161,24,3.586,3076,19.106,PENP.SNP,3,2,2,"[PENPL2, PENP.SNPL2] -> PENP.SNPL3 -> [PENPL3, SNPL3]",PENP,2,PENP.SNP,2,PENP,3,SNP,3
58929,mixed,mix->mix,mix,mix,1,1,2,161,15,1.363,3076,19.106,PENP.SNP,3,2,2,"[PENPL3, PENP.SNPL2] -> PENP.SNPL3 -> [PENPL2, SNPL3]",PENP,3,PENP.SNP,2,PENP,2,SNP,3
54680,mixed,FWD->mix,FWD,mix,2,1,1,161,31,4.222,2787,17.311,PENP.SNP,3,2,2,"[PENPL2, SNPL2] -> PENP.SNPL3 -> [PENP.SNPL2, SNPL3]",PENP,2,SNP,2,PENP.SNP,2,SNP,3
53448,mixed,mix->mix,mix,mix,1,1,2,161,28,1.74,2886,17.925,PENP.SNP,3,2,2,"[PENPL3, PENP.SNPL2] -> PENP.SNPL3 -> [SNPL2, SNPL3]",PENP,3,PENP.SNP,2,SNP,2,SNP,3
53090,mixed,FWD->LAT,FWD,LAT,2,0,2,161,30,4.332,3361,20.876,PENP.SNP,3,2,2,"[PENPL2, SNPL2] -> PENP.SNPL3 -> [PENPL3, SNPL3]",PENP,2,SNP,2,PENP,3,SNP,3
50075,mixed,mix->BWD,mix,BWD,1,2,1,161,21,1.302,1682,10.447,PENP.SNP,3,2,2,"[PENPL2, PENPL3] -> PENP.SNPL3 -> [PENP.SNPL2, SNPL2]",PENP,2,PENP,3,PENP.SNP,2,SNP,2
41360,mixed,mix->mix,mix,mix,1,1,2,161,27,4.238,2886,17.925,PENP.SNP,3,2,2,"[SNPL2, SNPL3] -> PENP.SNPL3 -> [PENPL3, PENP.SNPL2]",SNP,2,SNP,3,PENP,3,PENP.SNP,2
39308,mixed,mix->mix,mix,mix,1,1,2,161,21,5.2,3361,20.876,PENP.SNP,3,2,2,"[PENPL2, SNPL3] -> PENP.SNPL3 -> [PENPL3, SNPL2]",PENP,2,SNP,3,PENP,3,SNP,2
34888,mixed,mix->mix,mix,mix,1,1,2,161,36,5.782,3076,19.106,PENP.SNP,3,2,2,"[PENPL2, SNPL3] -> PENP.SNPL3 -> [PENPL3, PENP.SNPL2]",PENP,2,SNP,3,PENP,3,PENP.SNP,2
31827,mixed,mix->BWD,mix,BWD,1,2,1,161,27,5.838,2787,17.311,PENP.SNP,3,2,2,"[PENPL2, SNPL3] -> PENP.SNPL3 -> [PENP.SNPL2, SNPL2]",PENP,2,SNP,3,PENP.SNP,2,SNP,2
31640,mixed,mix->mix,mix,mix,1,1,2,161,5,1.246,3567,22.155,PENP.SNP,3,2,2,"[GNGL3, PENPL2] -> PENP.SNPL3 -> [SNPL2, SNPL3]",GNG,3,PENP,2,SNP,2,SNP,3
31410,mixed,mix->LAT,mix,LAT,1,0,3,161,7,1.229,3856,23.95,PENP.SNP,3,2,2,"[PENPL2, PENPL3] -> PENP.SNPL3 -> [GNGL3, SNPL3]",PENP,2,PENP,3,GNG,3,SNP,3
29784,mixed,mix->mix,mix,mix,1,1,2,161,5,2.955,2892,17.963,PENP.SNP,3,2,2,"[SNPL2, SNPL3] -> PENP.SNPL3 -> [GNG.PENPL2, PENPL3]",SNP,2,SNP,3,GNG.PENP,2,PENP,3
26112,mixed,mix->LAT,mix,LAT,1,0,3,161,1,1.0,2504,15.553,PENP.SNP,3,2,2,"[INP.VLNPL3, SNPL2] -> PENP.SNPL3 -> [INP.SNPL3, SNPL3]",INP.VLNP,3,SNP,2,INP.SNP,3,SNP,3
25556,mixed,FWD->LAT,FWD,LAT,2,0,2,161,6,1.411,3282,20.385,PENP.SNP,3,2,2,"[PENPL2, PENP.SNPL2] -> PENP.SNPL3 -> [GNGL3, SNPL3]",PENP,2,PENP.SNP,2,GNG,3,SNP,3
25310,mixed,FWD->mix,FWD,mix,2,1,1,161,13,3.619,2787,17.311,PENP.SNP,3,2,2,"[PENP.SNPL2, SNPL2] -> PENP.SNPL3 -> [PENPL2, SNPL3]",PENP.SNP,2,SNP,2,PENP,2,SNP,3
83031,mixed,mix->FWD,mix,FWD,2,1,1,76,31,9.731,2049,26.961,PENP.VLNP,2,2,2,"[PENPL2, PENPL3] -> PENP.VLNPL2 -> [PENP.VLNPL3, VLNPL3]",PENP,2,PENP,3,PENP.VLNP,3,VLNP,3
46483,mixed,mix->mix,mix,mix,1,1,2,76,25,10.805,2334,30.711,PENP.VLNP,2,2,2,"[PENPL2, PENPL3] -> PENP.VLNPL2 -> [VLNPL2, VLNPL3]",PENP,2,PENP,3,VLNP,2,VLNP,3
43492,mixed,mix->FWD,mix,FWD,2,1,1,76,24,11.093,2054,27.026,PENP.VLNP,2,2,2,"[PENPL2, PENPL3] -> PENP.VLNPL2 -> [PENP.VMNPL3, VLNPL3]",PENP,2,PENP,3,PENP.VMNP,3,VLNP,3
35539,mixed,mix->FWD,mix,FWD,2,1,1,76,15,8.32,2116,27.842,PENP.VLNP,2,2,2,"[PENPL2, PENPL3] -> PENP.VLNPL2 -> [VLNPL3, VLNP.VMNPL3]",PENP,2,PENP,3,VLNP,3,VLNP.VMNP,3
29986,mixed,mix->mix,mix,mix,1,1,2,76,21,10.39,2051,26.987,PENP.VLNP,2,2,2,"[PENPL2, PENPL3] -> PENP.VLNPL2 -> [PENP.VMNPL2, VLNPL3]",PENP,2,PENP,3,PENP.VMNP,2,VLNP,3
29757,mixed,mix->FWD,mix,FWD,2,1,1,76,10,4.689,2348,30.895,PENP.VLNP,2,2,2,"[PENPL2, PENPL3] -> PENP.VLNPL2 -> [VLNPL3, VMNPL3]",PENP,2,PENP,3,VLNP,3,VMNP,3
28013,mixed,mix->mix,mix,mix,1,1,2,76,9,5.949,2447,32.197,PENP.VLNP,2,2,2,"[PENPL2, PENPL3] -> PENP.VLNPL2 -> [VLNPL3, VMNPL2]",PENP,2,PENP,3,VLNP,3,VMNP,2
14568,mixed,LAT->FWD,LAT,FWD,2,0,2,76,21,5.912,1465,19.276,PENP.VLNP,2,2,2,"[PENPL2, PENP.VMNPL2] -> PENP.VLNPL2 -> [PENP.VLNPL3, VLNPL3]",PENP,2,PENP.VMNP,2,PENP.VLNP,3,VLNP,3
14424,mixed,mix->mix,mix,mix,1,1,2,76,5,3.817,2067,27.197,PENP.VLNP,2,2,2,"[PENPL2, PENPL3] -> PENP.VLNPL2 -> [LX.VLNPL2, VLNPL3]",PENP,2,PENP,3,LX.VLNP,2,VLNP,3
13761,mixed,mix->FWD,mix,FWD,2,1,1,76,6,4.324,2082,27.395,PENP.VLNP,2,2,2,"[PENPL2, PENPL3] -> PENP.VLNPL2 -> [LX.VLNPL3, VLNPL3]",PENP,2,PENP,3,LX.VLNP,3,VLNP,3
13152,mixed,mix->FWD,mix,FWD,2,1,1,76,15,5.591,1468,19.316,PENP.VLNP,2,2,2,"[PENPL2, PENP.VMNPL3] -> PENP.VLNPL2 -> [PENP.VLNPL3, VLNPL3]",PENP,2,PENP.VMNP,3,PENP.VLNP,3,VLNP,3
12838,mixed,mix->mix,mix,mix,1,1,2,76,8,2.972,1995,26.25,PENP.VLNP,2,2,2,"[PENPL2, PENPL3] -> PENP.VLNPL2 -> [GNG.VLNPL2, VLNPL3]",PENP,2,PENP,3,GNG.VLNP,2,VLNP,3
12717,mixed,mix->mix,mix,mix,1,1,2,76,8,3.585,2105,27.697,PENP.VLNP,2,2,2,"[PENPL2, PENPL3] -> PENP.VLNPL2 -> [VLNPL3, VLNP.VMNPL2]",PENP,2,PENP,3,VLNP,3,VLNP.VMNP,2
11475,mixed,LAT->FWD,LAT,FWD,2,0,2,76,12,4.643,1532,20.158,PENP.VLNP,2,2,2,"[PENPL2, PENP.VMNPL2] -> PENP.VLNPL2 -> [VLNPL3, VLNP.VMNPL3]",PENP,2,PENP.VMNP,2,VLNP,3,VLNP.VMNP,3
11471,mixed,mix->FWD,mix,FWD,2,1,1,76,11,4.033,1535,20.197,PENP.VLNP,2,2,2,"[PENPL2, PENP.VMNPL3] -> PENP.VLNPL2 -> [VLNPL3, VLNP.VMNPL3]",PENP,2,PENP.VMNP,3,VLNP,3,VLNP.VMNP,3
11305,mixed,mix->FWD,mix,FWD,2,1,1,76,25,7.206,1378,18.132,PENP.VLNP,2,2,2,"[PENPL2, PENPL3] -> PENP.VLNPL2 -> [PENP.VLNPL3, PENP.VMNPL3]",PENP,2,PENP,3,PENP.VLNP,3,PENP.VMNP,3
10991,mixed,mix->mix,mix,mix,1,1,2,76,20,9.053,1658,21.816,PENP.VLNP,2,2,2,"[PENPL2, PENPL3] -> PENP.VLNPL2 -> [PENP.VLNPL3, VLNPL2]",PENP,2,PENP,3,PENP.VLNP,3,VLNP,2
10780,mixed,mix->mix,mix,mix,1,1,2,76,6,2.506,2014,26.5,PENP.VLNP,2,2,2,"[PENPL2, PENPL3] -> PENP.VLNPL2 -> [INP.VLNPL2, VLNPL3]",PENP,2,PENP,3,INP.VLNP,2,VLNP,3
10378,mixed,LAT->mix,LAT,mix,1,0,3,76,8,3.416,1863,24.513,PENP.VLNP,2,2,2,"[PENPL2, PENP.VMNPL2] -> PENP.VLNPL2 -> [VLNPL3, VMNPL2]",PENP,2,PENP.VMNP,2,VLNP,3,VMNP,2
10286,mixed,mix->FWD,mix,FWD,2,1,1,76,9,2.949,1672,22.0,PENP.VLNP,2,2,2,"[PENPL2, PENPL3] -> PENP.VLNPL2 -> [PENP.VLNPL3, VMNPL3]",PENP,2,PENP,3,PENP.VLNP,3,VMNP,3
33942,mixed,mix->mix,mix,mix,1,1,2,75,21,4.382,2334,31.12,PENP.VLNP,3,2,2,"[PENPL2, PENPL3] -> PENP.VLNPL3 -> [VLNPL2, VLNPL3]",PENP,2,PENP,3,VLNP,2,VLNP,3
28520,mixed,mix->mix,mix,mix,1,1,2,75,11,2.745,1848,24.64,PENP.VLNP,3,2,2,"[PENPL3, PENP.VLNPL2] -> PENP.VLNPL3 -> [VLNPL2, VLNPL3]",PENP,3,PENP.VLNP,2,VLNP,2,VLNP,3
27297,mixed,FWD->mix,FWD,mix,2,1,1,75,14,2.819,1749,23.32,PENP.VLNP,3,2,2,"[PENPL2, PENP.VLNPL2] -> PENP.VLNPL3 -> [VLNPL2, VLNPL3]",PENP,2,PENP.VLNP,2,VLNP,2,VLNP,3
26806,mixed,mix->mix,mix,mix,1,1,2,75,11,3.717,2050,27.333,PENP.VLNP,3,2,2,"[PENPL2, PENPL3] -> PENP.VLNPL3 -> [PENP.VLNPL2, VLNPL3]",PENP,2,PENP,3,PENP.VLNP,2,VLNP,3
24379,mixed,FWD->LAT,FWD,LAT,2,0,2,75,11,2.468,2050,27.333,PENP.VLNP,3,2,2,"[PENPL2, PENP.VLNPL2] -> PENP.VLNPL3 -> [PENPL3, VLNPL3]",PENP,2,PENP.VLNP,2,PENP,3,VLNP,3
22308,mixed,mix->mix,mix,mix,1,1,2,75,1,1.0,2070,27.6,PENP.VLNP,3,2,2,"[PENPL2, PENPL3] -> PENP.VLNPL3 -> [VMNPL2, VMNPL3]",PENP,2,PENP,3,VMNP,2,VMNP,3
17292,mixed,mix->mix,mix,mix,1,1,2,75,5,2.002,1848,24.64,PENP.VLNP,3,2,2,"[PENPL3, VLNPL2] -> PENP.VLNPL3 -> [PENP.VLNPL2, VLNPL3]",PENP,3,VLNP,2,PENP.VLNP,2,VLNP,3
16920,mixed,FWD->LAT,FWD,LAT,2,0,2,75,6,1.609,2334,31.12,PENP.VLNP,3,2,2,"[PENPL2, VLNPL2] -> PENP.VLNPL3 -> [PENPL3, VLNPL3]",PENP,2,VLNP,2,PENP,3,VLNP,3
15978,mixed,mix->LAT,mix,LAT,1,0,3,75,5,1.995,2348,31.307,PENP.VLNP,3,2,2,"[PENPL2, PENPL3] -> PENP.VLNPL3 -> [VLNPL3, VMNPL3]",PENP,2,PENP,3,VLNP,3,VMNP,3
14826,mixed,mix->LAT,mix,LAT,1,0,3,75,4,1.113,2259,30.12,PENP.VLNP,3,2,2,"[PENPL3, VMNPL2] -> PENP.VLNPL3 -> [VLNPL3, VMNPL3]",PENP,3,VMNP,2,VLNP,3,VMNP,3
14094,mixed,mix->mix,mix,mix,1,1,2,75,4,1.008,1639,21.853,PENP.VLNP,3,2,2,"[PENPL3, VMNPL2] -> PENP.VLNPL3 -> [VLNP.VMNPL2, VMNPL3]",PENP,3,VMNP,2,VLNP.VMNP,2,VMNP,3
13440,mixed,mix->LAT,mix,LAT,1,0,3,75,3,2.297,1862,24.827,PENP.VLNP,3,2,2,"[PENPL3, PENP.VLNPL2] -> PENP.VLNPL3 -> [VLNPL3, VMNPL3]",PENP,3,PENP.VLNP,2,VLNP,3,VMNP,3
13009,mixed,mix->mix,mix,mix,1,1,2,75,5,1.333,2447,32.627,PENP.VLNP,3,2,2,"[PENPL2, PENPL3] -> PENP.VLNPL3 -> [VLNPL3, VMNPL2]",PENP,2,PENP,3,VLNP,3,VMNP,2
12969,mixed,FWD->mix,FWD,mix,2,1,1,75,6,3.029,1749,23.32,PENP.VLNP,3,2,2,"[PENPL2, VLNPL2] -> PENP.VLNPL3 -> [PENP.VLNPL2, VLNPL3]",PENP,2,VLNP,2,PENP.VLNP,2,VLNP,3
12480,mixed,FWD->LAT,FWD,LAT,2,0,2,75,3,1.102,2160,28.8,PENP.VLNP,3,2,2,"[PENPL2, VMNPL2] -> PENP.VLNPL3 -> [VLNPL3, VMNPL3]",PENP,2,VMNP,2,VLNP,3,VMNP,3
11936,mixed,FWD->mix,FWD,mix,2,1,1,75,4,1.009,1540,20.533,PENP.VLNP,3,2,2,"[PENPL2, VMNPL2] -> PENP.VLNPL3 -> [VLNP.VMNPL2, VMNPL3]",PENP,2,VMNP,2,VLNP.VMNP,2,VMNP,3
11234,mixed,mix->BWD,mix,BWD,1,2,1,75,3,1.014,1827,24.36,PENP.VLNP,3,2,2,"[PENPL2, PENPL3] -> PENP.VLNPL3 -> [VLNP.VMNPL2, VMNPL2]",PENP,2,PENP,3,VLNP.VMNP,2,VMNP,2
11128,mixed,FWD->LAT,FWD,LAT,2,0,2,75,6,2.593,1848,24.64,PENP.VLNP,3,2,2,"[PENP.VLNPL2, VLNPL2] -> PENP.VLNPL3 -> [PENPL3, VLNPL3]",PENP.VLNP,2,VLNP,2,PENP,3,VLNP,3
10688,mixed,mix->mix,mix,mix,1,1,2,75,4,1.077,1728,23.04,PENP.VLNP,3,2,2,"[PENPL2, PENPL3] -> PENP.VLNPL3 -> [VLNP.VMNPL2, VMNPL3]",PENP,2,PENP,3,VLNP.VMNP,2,VMNP,3
10140,mixed,mix->mix,mix,mix,1,1,2,75,1,1.0,1584,21.12,PENP.VLNP,3,2,2,"[PENPL3, PENP.VLNPL2] -> PENP.VLNPL3 -> [VMNPL2, VMNPL3]",PENP,3,PENP.VLNP,2,VMNP,2,VMNP,3
1314,mixed,BWD->FWD,BWD,FWD,2,2,0,8,2,1.242,1921,240.125,PENP.VMNP,1,2,2,"[GNGL2, PENPL2] -> PENP.VMNPL1 -> [PENP.VMNPL2, VMNPL2]",GNG,2,PENP,2,PENP.VMNP,2,VMNP,2
1140,mixed,BWD->mix,BWD,mix,1,2,1,8,2,1.761,1226,153.25,PENP.VMNP,1,2,2,"[PENPL2, VMNPL2] -> PENP.VMNPL1 -> [PENP.VMNPL2, VMNPL1]",PENP,2,VMNP,2,PENP.VMNP,2,VMNP,1
954,mixed,BWD->FWD,BWD,FWD,2,2,0,8,2,1.206,1464,183.0,PENP.VMNP,1,2,2,"[GNGL2, GNG.VMNPL2] -> PENP.VMNPL1 -> [PENP.VMNPL2, VMNPL2]",GNG,2,GNG.VMNP,2,PENP.VMNP,2,VMNP,2
936,mixed,BWD->mix,BWD,mix,1,2,1,8,1,1.0,1958,244.75,PENP.VMNP,1,2,2,"[GNGL2, PENPL2] -> PENP.VMNPL1 -> [VMNPL1, VMNPL2]",GNG,2,PENP,2,VMNP,1,VMNP,2
855,mixed,BWD->FWD,BWD,FWD,2,2,0,8,2,1.761,1299,162.375,PENP.VMNP,1,2,2,"[PENPL2, VMNPL2] -> PENP.VMNPL1 -> [OL.VMNPL2, PENP.VMNPL2]",PENP,2,VMNP,2,OL.VMNP,2,PENP.VMNP,2
828,mixed,BWD->mix,BWD,mix,1,2,1,8,2,1.967,1336,167.0,PENP.VMNP,1,2,2,"[PENPL2, VMNPL2] -> PENP.VMNPL1 -> [OL.VMNPL2, VMNPL1]",PENP,2,VMNP,2,OL.VMNP,2,VMNP,1
702,mixed,BWD->FWD,BWD,FWD,2,2,0,8,1,1.0,2031,253.875,PENP.VMNP,1,2,2,"[GNGL2, PENPL2] -> PENP.VMNPL1 -> [OL.VMNPL2, VMNPL2]",GNG,2,PENP,2,OL.VMNP,2,VMNP,2
681,mixed,BWD->FWD,BWD,FWD,2,2,0,8,2,1.32,1217,152.125,PENP.VMNP,1,2,2,"[GNG.VMNPL2, PENPL2] -> PENP.VMNPL1 -> [PENP.VMNPL2, VMNPL2]",GNG.VMNP,2,PENP,2,PENP.VMNP,2,VMNP,2
520,mixed,BWD->mix,BWD,mix,1,2,1,8,1,1.0,1562,195.25,PENP.VMNP,1,2,2,"[GNGL2, PENPL2] -> PENP.VMNPL1 -> [PENP.VMNPL2, VMNPL1]",GNG,2,PENP,2,PENP.VMNP,2,VMNP,1
504,mixed,BWD->FWD,BWD,FWD,2,2,0,8,2,1.153,2204,275.5,PENP.VMNP,1,2,2,"[GNGL2, PENPL2] -> PENP.VMNPL1 -> [VLNPL2, VMNPL2]",GNG,2,PENP,2,VLNP,2,VMNP,2
500,mixed,BWD->FWD,BWD,FWD,2,2,0,8,3,1.557,1472,184.0,PENP.VMNP,1,2,2,"[PENPL2, VMNPL2] -> PENP.VMNPL1 -> [PENP.VMNPL2, VLNPL2]",PENP,2,VMNP,2,PENP.VMNP,2,VLNP,2
480,mixed,BWD->mix,BWD,mix,1,2,1,8,1,1.0,1242,155.25,PENP.VMNP,1,2,2,"[GNG.PENPL2, PENPL2] -> PENP.VMNPL1 -> [VMNPL1, VMNPL2]",GNG.PENP,2,PENP,2,VMNP,1,VMNP,2
468,mixed,BWD->mix,BWD,mix,1,2,1,8,1,1.0,1254,156.75,PENP.VMNP,1,2,2,"[GNG.VMNPL2, PENPL2] -> PENP.VMNPL1 -> [VMNPL1, VMNPL2]",GNG.VMNP,2,PENP,2,VMNP,1,VMNP,2
468,mixed,BWD->mix,BWD,mix,1,2,1,8,1,1.0,1226,153.25,PENP.VMNP,1,2,2,"[PENPL2, PENP.VMNPL2] -> PENP.VMNPL1 -> [VMNPL1, VMNPL2]",PENP,2,PENP.VMNP,2,VMNP,1,VMNP,2
432,mixed,BWD->FWD,BWD,FWD,2,2,0,8,1,1.0,1122,140.25,PENP.VMNP,1,2,2,"[GNGL2, GNG.VMNPL2] -> PENP.VMNPL1 -> [PENP.VMNPL2, VLNP.VMNPL2]",GNG,2,GNG.VMNP,2,PENP.VMNP,2,VLNP.VMNP,2
432,mixed,BWD->FWD,BWD,FWD,2,2,0,8,1,1.0,1518,189.75,PENP.VMNP,1,2,2,"[GNGL2, GNG.VMNPL2] -> PENP.VMNPL1 -> [VLNP.VMNPL2, VMNPL2]",GNG,2,GNG.VMNP,2,VLNP.VMNP,2,VMNP,2
432,mixed,BWD->mix,BWD,mix,1,2,1,8,2,1.67,1509,188.625,PENP.VMNP,1,2,2,"[PENPL2, VMNPL2] -> PENP.VMNPL1 -> [VLNPL2, VMNPL1]",PENP,2,VMNP,2,VLNP,2,VMNP,1
390,mixed,BWD->FWD,BWD,FWD,2,2,0,8,1,1.0,1635,204.375,PENP.VMNP,1,2,2,"[GNGL2, PENPL2] -> PENP.VMNPL1 -> [OL.VMNPL2, PENP.VMNPL2]",GNG,2,PENP,2,OL.VMNP,2,PENP.VMNP,2
360,mixed,BWD->FWD,BWD,FWD,2,2,0,8,1,1.0,1490,186.25,PENP.VMNP,1,2,2,"[GNGL2, VMNPL2] -> PENP.VMNPL1 -> [PENP.VMNPL2, VLNP.VMNPL2]",GNG,2,VMNP,2,PENP.VMNP,2,VLNP.VMNP,2
360,mixed,BWD->FWD,BWD,FWD,2,2,0,8,1,1.0,1315,164.375,PENP.VMNP,1,2,2,"[GNG.PENPL2, PENPL2] -> PENP.VMNPL1 -> [OL.VMNPL2, VMNPL2]",GNG.PENP,2,PENP,2,OL.VMNP,2,VMNP,2
83339,mixed,mix->FWD,mix,FWD,2,1,1,77,15,1.752,1588,20.623,PENP.VMNP,2,2,2,"[VMNPL2, VMNPL3] -> PENP.VMNPL2 -> [PENPL3, PENP.VMNPL3]",VMNP,2,VMNP,3,PENP,3,PENP.VMNP,3
60809,mixed,mix->mix,mix,mix,1,1,2,77,10,2.186,2070,26.883,PENP.VMNP,2,2,2,"[VMNPL2, VMNPL3] -> PENP.VMNPL2 -> [PENPL2, PENPL3]",VMNP,2,VMNP,3,PENP,2,PENP,3
54432,mixed,mix->FWD,mix,FWD,2,1,1,77,1,1.0,3075,39.935,PENP.VMNP,2,2,2,"[OL.VLNPL3, VMNPL2] -> PENP.VMNPL2 -> [PENPL3, VMNPL3]",OL.VLNP,3,VMNP,2,PENP,3,VMNP,3
49206,mixed,mix->FWD,mix,FWD,2,1,1,77,5,1.526,32793,425.883,PENP.VMNP,2,2,2,"[OLL3, VMNPL2] -> PENP.VMNPL2 -> [PENPL3, PENP.VMNPL3]",OL,3,VMNP,2,PENP,3,PENP.VMNP,3
44448,mixed,mix->mix,mix,mix,1,1,2,77,2,1.307,33275,432.143,PENP.VMNP,2,2,2,"[OLL3, VMNPL2] -> PENP.VMNPL2 -> [PENPL2, PENPL3]",OL,3,VMNP,2,PENP,2,PENP,3
44352,mixed,BWD->FWD,BWD,FWD,2,2,0,77,1,1.0,2682,34.831,PENP.VMNP,2,2,2,"[OL.VLNPL3, VMNPL3] -> PENP.VMNPL2 -> [PENPL3, PENP.VMNPL3]",OL.VLNP,3,VMNP,3,PENP,3,PENP.VMNP,3
42336,mixed,mix->FWD,mix,FWD,2,1,1,77,1,1.0,2781,36.117,PENP.VMNP,2,2,2,"[OL.VLNPL3, VMNPL2] -> PENP.VMNPL2 -> [PENPL3, PENP.VMNPL3]",OL.VLNP,3,VMNP,2,PENP,3,PENP.VMNP,3
36772,mixed,mix->FWD,mix,FWD,2,1,1,77,4,1.888,33087,429.701,PENP.VMNP,2,2,2,"[OLL3, VMNPL2] -> PENP.VMNPL2 -> [PENPL3, VMNPL3]",OL,3,VMNP,2,PENP,3,VMNP,3
34352,mixed,mix->mix,mix,mix,1,1,2,77,2,1.146,32694,424.597,PENP.VMNP,2,2,2,"[OLL3, VMNPL2] -> PENP.VMNPL2 -> [PENPL2, PENP.VMNPL3]",OL,3,VMNP,2,PENP,2,PENP.VMNP,3
33193,mixed,mix->mix,mix,mix,1,1,2,77,7,1.942,1489,19.338,PENP.VMNP,2,2,2,"[VMNPL2, VMNPL3] -> PENP.VMNPL2 -> [PENPL2, PENP.VMNPL3]",VMNP,2,VMNP,3,PENP,2,PENP.VMNP,3
31680,mixed,BWD->mix,BWD,mix,1,2,1,77,1,1.0,3075,39.935,PENP.VMNP,2,2,2,"[OL.VLNPL3, VMNPL3] -> PENP.VMNPL2 -> [PENPL3, VMNPL2]",OL.VLNP,3,VMNP,3,PENP,3,VMNP,2
30696,mixed,mix->FWD,mix,FWD,2,1,1,77,5,2.051,1322,17.169,PENP.VMNP,2,2,2,"[OL.VMNPL3, VMNPL2] -> PENP.VMNPL2 -> [PENPL3, PENP.VMNPL3]",OL.VMNP,3,VMNP,2,PENP,3,PENP.VMNP,3
30410,mixed,BWD->FWD,BWD,FWD,2,2,0,77,5,1.881,32694,424.597,PENP.VMNP,2,2,2,"[OLL3, VMNPL3] -> PENP.VMNPL2 -> [PENPL3, PENP.VMNPL3]",OL,3,VMNP,3,PENP,3,PENP.VMNP,3
30080,mixed,LAT->FWD,LAT,FWD,2,0,2,77,4,1.882,40049,520.117,PENP.VMNP,2,2,2,"[OLL2, VMNPL2] -> PENP.VMNPL2 -> [PENPL3, PENP.VMNPL3]",OL,2,VMNP,2,PENP,3,PENP.VMNP,3
29360,mixed,mix->FWD,mix,FWD,2,1,1,77,5,1.754,1616,20.987,PENP.VMNP,2,2,2,"[OL.VMNPL3, VMNPL2] -> PENP.VMNPL2 -> [PENPL3, VMNPL3]",OL.VMNP,3,VMNP,2,PENP,3,VMNP,3
26424,mixed,mix->FWD,mix,FWD,2,1,1,77,5,1.119,2259,29.338,PENP.VMNP,2,2,2,"[VMNPL2, VMNPL3] -> PENP.VMNPL2 -> [PENPL3, VLNPL3]",VMNP,2,VMNP,3,PENP,3,VLNP,3
25536,mixed,BWD->mix,BWD,mix,1,2,1,77,2,1.595,33176,430.857,PENP.VMNP,2,2,2,"[OLL3, VMNPL3] -> PENP.VMNPL2 -> [PENPL2, PENPL3]",OL,3,VMNP,3,PENP,2,PENP,3
25396,mixed,LAT->FWD,LAT,FWD,2,0,2,77,4,2.029,40343,523.935,PENP.VMNP,2,2,2,"[OLL2, VMNPL2] -> PENP.VMNPL2 -> [PENPL3, VMNPL3]",OL,2,VMNP,2,PENP,3,VMNP,3
25344,mixed,BWD->mix,BWD,mix,1,2,1,77,1,1.0,3164,41.091,PENP.VMNP,2,2,2,"[OL.VLNPL3, VMNPL3] -> PENP.VMNPL2 -> [PENPL2, PENPL3]",OL.VLNP,3,VMNP,3,PENP,2,PENP,3
25248,mixed,LAT->mix,LAT,mix,1,0,3,77,2,1.573,40531,526.377,PENP.VMNP,2,2,2,"[OLL2, VMNPL2] -> PENP.VMNPL2 -> [PENPL2, PENPL3]",OL,2,VMNP,2,PENP,2,PENP,3
6076,mixed,mix->BWD,mix,BWD,1,2,1,80,18,4.16,1827,22.837,PENP.VMNP,3,2,2,"[PENPL2, PENPL3] -> PENP.VMNPL3 -> [VLNP.VMNPL2, VMNPL2]",PENP,2,PENP,3,VLNP.VMNP,2,VMNP,2
4585,mixed,mix->mix,mix,mix,1,1,2,80,20,5.366,2070,25.875,PENP.VMNP,3,2,2,"[PENPL2, PENPL3] -> PENP.VMNPL3 -> [VMNPL2, VMNPL3]",PENP,2,PENP,3,VMNP,2,VMNP,3
3915,mixed,mix->mix,mix,mix,1,1,2,80,13,4.735,1728,21.6,PENP.VMNP,3,2,2,"[PENPL2, PENPL3] -> PENP.VMNPL3 -> [VLNP.VMNPL2, VMNPL3]",PENP,2,PENP,3,VLNP.VMNP,2,VMNP,3
3186,mixed,mix->LAT,mix,LAT,1,0,3,80,11,2.819,1739,21.738,PENP.VMNP,3,2,2,"[PENPL2, PENPL3] -> PENP.VMNPL3 -> [VLNP.VMNPL3, VMNPL3]",PENP,2,PENP,3,VLNP.VMNP,3,VMNP,3
3148,mixed,mix->BWD,mix,BWD,1,2,1,80,10,3.02,1773,22.163,PENP.VMNP,3,2,2,"[PENPL2, PENPL3] -> PENP.VMNPL3 -> [PENP.VMNPL2, VMNPL2]",PENP,2,PENP,3,PENP.VMNP,2,VMNP,2
2716,mixed,mix->BWD,mix,BWD,1,2,1,80,5,2.666,1541,19.262,PENP.VMNP,3,2,2,"[PENPL2, PENPL3] -> PENP.VMNPL3 -> [OL.VMNPL2, VLNP.VMNPL2]",PENP,2,PENP,3,OL.VMNP,2,VLNP.VMNP,2
2671,mixed,mix->mix,mix,mix,1,1,2,80,11,2.864,1496,18.7,PENP.VMNP,3,2,2,"[PENPL2, PENPL3] -> PENP.VMNPL3 -> [VLNP.VMNPL2, VLNP.VMNPL3]",PENP,2,PENP,3,VLNP.VMNP,2,VLNP.VMNP,3
2581,mixed,mix->mix,mix,mix,1,1,2,80,11,4.416,2447,30.587,PENP.VMNP,3,2,2,"[PENPL2, PENPL3] -> PENP.VMNPL3 -> [VLNPL3, VMNPL2]",PENP,2,PENP,3,VLNP,3,VMNP,2
2337,mixed,mix->BWD,mix,BWD,1,2,1,80,7,2.62,1431,17.887,PENP.VMNP,3,2,2,"[PENPL2, PENPL3] -> PENP.VMNPL3 -> [PENP.VMNPL2, VLNP.VMNPL2]",PENP,2,PENP,3,PENP.VMNP,2,VLNP.VMNP,2
2270,mixed,mix->BWD,mix,BWD,1,2,1,80,10,2.462,1342,16.775,PENP.VMNP,3,2,2,"[PENPL3, PENP.VMNPL2] -> PENP.VMNPL3 -> [VLNP.VMNPL2, VMNPL2]",PENP,3,PENP.VMNP,2,VLNP.VMNP,2,VMNP,2
2174,mixed,mix->mix,mix,mix,1,1,2,80,15,3.858,1838,22.975,PENP.VMNP,3,2,2,"[PENPL2, PENPL3] -> PENP.VMNPL3 -> [VLNP.VMNPL3, VMNPL2]",PENP,2,PENP,3,VLNP.VMNP,3,VMNP,2
2085,mixed,mix->mix,mix,mix,1,1,2,80,9,3.477,2105,26.312,PENP.VMNP,3,2,2,"[PENPL2, PENPL3] -> PENP.VMNPL3 -> [VLNPL3, VLNP.VMNPL2]",PENP,2,PENP,3,VLNP,3,VLNP.VMNP,2
2055,mixed,mix->BWD,mix,BWD,1,2,1,80,10,3.397,1883,23.538,PENP.VMNP,3,2,2,"[PENPL2, PENPL3] -> PENP.VMNPL3 -> [OL.VMNPL2, VMNPL2]",PENP,2,PENP,3,OL.VMNP,2,VMNP,2
1836,mixed,mix->BWD,mix,BWD,1,2,1,80,10,3.75,2056,25.7,PENP.VMNP,3,2,2,"[PENPL2, PENPL3] -> PENP.VMNPL3 -> [VLNPL2, VMNPL2]",PENP,2,PENP,3,VLNP,2,VMNP,2
1816,mixed,mix->BWD,mix,BWD,1,2,1,80,10,3.554,1714,21.425,PENP.VMNP,3,2,2,"[PENPL2, PENPL3] -> PENP.VMNPL3 -> [VLNPL2, VLNP.VMNPL2]",PENP,2,PENP,3,VLNP,2,VLNP.VMNP,2
1635,mixed,mix->mix,mix,mix,1,1,2,80,8,4.214,1957,24.462,PENP.VMNP,3,2,2,"[PENPL2, PENPL3] -> PENP.VMNPL3 -> [VLNPL2, VMNPL3]",PENP,2,PENP,3,VLNP,2,VMNP,3
1631,mixed,FWD->mix,FWD,mix,2,1,1,80,7,2.094,1485,18.562,PENP.VMNP,3,2,2,"[PENPL2, PENP.VLNPL2] -> PENP.VMNPL3 -> [VMNPL2, VMNPL3]",PENP,2,PENP.VLNP,2,VMNP,2,VMNP,3
1598,mixed,mix->mix,mix,mix,1,1,2,80,7,2.947,1674,20.925,PENP.VMNP,3,2,2,"[PENPL2, PENPL3] -> PENP.VMNPL3 -> [PENP.VMNPL2, VMNPL3]",PENP,2,PENP,3,PENP.VMNP,2,VMNP,3
1520,mixed,mix->mix,mix,mix,1,1,2,80,7,3.292,1784,22.3,PENP.VMNP,3,2,2,"[PENPL2, PENPL3] -> PENP.VMNPL3 -> [OL.VMNPL2, VMNPL3]",PENP,2,PENP,3,OL.VMNP,2,VMNP,3
1500,mixed,mix->mix,mix,mix,1,1,2,80,6,3.065,1962,24.525,PENP.VMNP,3,2,2,"[PENPL3, PENP.VMNPL2] -> PENP.VMNPL3 -> [VLNPL3, VMNPL2]",PENP,3,PENP.VMNP,2,VLNP,3,VMNP,2
56,mixed,BWD->FWD,BWD,FWD,2,2,0,13,1,1.0,992,76.308,SNP,1,2,2,"[GNG.VMNPL2, SNPL2] -> SNPL1 -> [GNG.SNPL2, OL.VLNPL2]",GNG.VMNP,2,SNP,2,GNG.SNP,2,OL.VLNP,2
52,mixed,BWD->FWD,BWD,FWD,2,2,0,13,2,1.988,973,74.846,SNP,1,2,2,"[GNG.VMNPL2, SNPL2] -> SNPL1 -> [GNG.INPL2, OL.VLNPL2]",GNG.VMNP,2,SNP,2,GNG.INP,2,OL.VLNP,2
52,mixed,BWD->mix,BWD,mix,1,2,1,13,2,1.988,976,75.077,SNP,1,2,2,"[GNG.VMNPL2, SNPL2] -> SNPL1 -> [OL.VLNPL2, PENP.VMNPL1]",GNG.VMNP,2,SNP,2,OL.VLNP,2,PENP.VMNP,1
52,mixed,BWD->FWD,BWD,FWD,2,2,0,13,2,1.988,971,74.692,SNP,1,2,2,"[GNG.VMNPL2, SNPL2] -> SNPL1 -> [OL.VLNPL2, SNP.VMNPL2]",GNG.VMNP,2,SNP,2,OL.VLNP,2,SNP.VMNP,2
52,mixed,BWD->FWD,BWD,FWD,2,2,0,13,2,1.988,1328,102.154,SNP,1,2,2,"[GNG.VMNPL2, SNPL2] -> SNPL1 -> [OL.VLNPL2, VLNPL2]",GNG.VMNP,2,SNP,2,OL.VLNP,2,VLNP,2
52,mixed,BWD->FWD,BWD,FWD,2,2,0,13,1,1.0,1033,79.462,SNP,1,2,2,"[INP.SNPL2, SNPL2] -> SNPL1 -> [PENPL2, SNP.VLNPL2]",INP.SNP,2,SNP,2,PENP,2,SNP.VLNP,2
52,mixed,BWD->FWD,BWD,FWD,2,2,0,13,1,1.0,558,42.923,SNP,1,2,2,"[INP.SNPL2, SNPL2] -> SNPL1 -> [PENP.SNPL2, SNP.VLNPL2]",INP.SNP,2,SNP,2,PENP.SNP,2,SNP.VLNP,2
48,mixed,BWD->FWD,BWD,FWD,2,2,0,13,1,1.0,977,75.154,SNP,1,2,2,"[GNG.VMNPL2, SNPL2] -> SNPL1 -> [OL.SNPL2, OL.VLNPL2]",GNG.VMNP,2,SNP,2,OL.SNP,2,OL.VLNP,2
48,mixed,BWD->FWD,BWD,FWD,2,2,0,13,1,1.0,673,51.769,SNP,1,2,2,"[GNG.VMNPL2, SNPL2] -> SNPL1 -> [OL.SNPL2, OL.VMNPL2]",GNG.VMNP,2,SNP,2,OL.SNP,2,OL.VMNP,2
48,mixed,BWD->FWD,BWD,FWD,2,2,0,13,1,1.0,1155,88.846,SNP,1,2,2,"[GNG.VMNPL2, SNPL2] -> SNPL1 -> [OL.VLNPL2, OL.VMNPL2]",GNG.VMNP,2,SNP,2,OL.VLNP,2,OL.VMNP,2
28,mixed,BWD->FWD,BWD,FWD,2,2,0,13,1,1.0,1696,130.462,SNP,1,2,2,"[GNGL2, SNPL2] -> SNPL1 -> [GNG.SNPL2, OL.VLNPL2]",GNG,2,SNP,2,GNG.SNP,2,OL.VLNP,2
28,mixed,BWD->FWD,BWD,FWD,2,2,0,13,1,1.0,908,69.846,SNP,1,2,2,"[GNG.VLNPL2, SNPL2] -> SNPL1 -> [GNG.SNPL2, OL.VLNPL2]",GNG.VLNP,2,SNP,2,GNG.SNP,2,OL.VLNP,2
28,mixed,BWD->FWD,BWD,FWD,2,2,0,13,1,1.0,506,38.923,SNP,1,2,2,"[GNG.VMNPL2, SNPL2] -> SNPL1 -> [GNG.INPL2, GNG.SNPL2]",GNG.VMNP,2,SNP,2,GNG.INP,2,GNG.SNP,2
28,mixed,BWD->FWD,BWD,FWD,2,2,0,13,1,1.0,522,40.154,SNP,1,2,2,"[GNG.VMNPL2, SNPL2] -> SNPL1 -> [GNG.SNPL2, GNG.VLNPL2]",GNG.VMNP,2,SNP,2,GNG.SNP,2,GNG.VLNP,2
28,mixed,BWD->FWD,BWD,FWD,2,2,0,13,1,1.0,507,39.0,SNP,1,2,2,"[GNG.VMNPL2, SNPL2] -> SNPL1 -> [GNG.SNPL2, INP.VMNPL2]",GNG.VMNP,2,SNP,2,GNG.SNP,2,INP.VMNP,2
28,mixed,BWD->FWD,BWD,FWD,2,2,0,13,1,1.0,575,44.231,SNP,1,2,2,"[GNG.VMNPL2, SNPL2] -> SNPL1 -> [GNG.SNPL2, LX.VMNPL2]",GNG.VMNP,2,SNP,2,GNG.SNP,2,LX.VMNP,2
28,mixed,BWD->mix,BWD,mix,1,2,1,13,1,1.0,509,39.154,SNP,1,2,2,"[GNG.VMNPL2, SNPL2] -> SNPL1 -> [GNG.SNPL2, PENP.VMNPL1]",GNG.VMNP,2,SNP,2,GNG.SNP,2,PENP.VMNP,1
28,mixed,BWD->FWD,BWD,FWD,2,2,0,13,1,1.0,578,44.462,SNP,1,2,2,"[GNG.VMNPL2, SNPL2] -> SNPL1 -> [GNG.SNPL2, PENP.VMNPL2]",GNG.VMNP,2,SNP,2,GNG.SNP,2,PENP.VMNP,2
28,mixed,BWD->FWD,BWD,FWD,2,2,0,13,1,1.0,504,38.769,SNP,1,2,2,"[GNG.VMNPL2, SNPL2] -> SNPL1 -> [GNG.SNPL2, SNP.VMNPL2]",GNG.VMNP,2,SNP,2,GNG.SNP,2,SNP.VMNP,2
28,mixed,BWD->FWD,BWD,FWD,2,2,0,13,1,1.0,861,66.231,SNP,1,2,2,"[GNG.VMNPL2, SNPL2] -> SNPL1 -> [GNG.SNPL2, VLNPL2]",GNG.VMNP,2,SNP,2,GNG.SNP,2,VLNP,2
24002,mixed,mix->FWD,mix,FWD,2,1,1,372,2,1.0,3151,8.47,SNP,2,2,2,"[LH.SNPL2, LH.SNPL3] -> SNPL2 -> [LHL3, SNPL3]",LH.SNP,2,LH.SNP,3,LH,3,SNP,3
21064,mixed,mix->FWD,mix,FWD,2,1,1,372,2,1.035,2715,7.298,SNP,2,2,2,"[LH.SNPL2, SNP.VLNPL3] -> SNPL2 -> [LH.SNPL3, SNPL3]",LH.SNP,2,SNP.VLNP,3,LH.SNP,3,SNP,3
16560,mixed,mix->FWD,mix,FWD,2,1,1,372,1,1.0,3151,8.47,SNP,2,2,2,"[LH.SNPL2, SNPL3] -> SNPL2 -> [LHL3, LH.SNPL3]",LH.SNP,2,SNP,3,LH,3,LH.SNP,3
14618,mixed,BWD->FWD,BWD,FWD,2,2,0,372,3,1.03,3219,8.653,SNP,2,2,2,"[LH.SNPL3, SNP.VLNPL3] -> SNPL2 -> [LHL3, SNPL3]",LH.SNP,3,SNP.VLNP,3,LH,3,SNP,3
13800,mixed,LAT->FWD,LAT,FWD,2,0,2,372,1,1.0,2595,6.976,SNP,2,2,2,"[INP.SNPL2, LH.SNPL2] -> SNPL2 -> [LH.SNPL3, SNPL3]",INP.SNP,2,LH.SNP,2,LH.SNP,3,SNP,3
13351,mixed,mix->FWD,mix,FWD,2,1,1,372,4,1.226,2715,7.298,SNP,2,2,2,"[LH.SNPL2, LH.SNPL3] -> SNPL2 -> [SNPL3, SNP.VLNPL3]",LH.SNP,2,LH.SNP,3,SNP,3,SNP.VLNP,3
11046,mixed,BWD->FWD,BWD,FWD,2,2,0,372,2,1.055,2251,6.051,SNP,2,2,2,"[PENP.SNPL3, SNPL3] -> SNPL2 -> [INP.SNPL3, SNP.VLNPL3]",PENP.SNP,3,SNP,3,INP.SNP,3,SNP.VLNP,3
10314,mixed,BWD->FWD,BWD,FWD,2,2,0,372,2,1.076,3219,8.653,SNP,2,2,2,"[SNPL3, SNP.VLNPL3] -> SNPL2 -> [LHL3, LH.SNPL3]",SNP,3,SNP.VLNP,3,LH,3,LH.SNP,3
9996,mixed,BWD->FWD,BWD,FWD,2,2,0,372,4,1.084,2251,6.051,SNP,2,2,2,"[INP.SNPL3, PENP.SNPL3] -> SNPL2 -> [SNPL3, SNP.VLNPL3]",INP.SNP,3,PENP.SNP,3,SNP,3,SNP.VLNP,3
9840,mixed,mix->FWD,mix,FWD,2,1,1,372,2,1.05,2103,5.653,SNP,2,2,2,"[INP.SNPL2, PENP.SNPL3] -> SNPL2 -> [SNPL3, SNP.VLNPL3]",INP.SNP,2,PENP.SNP,3,SNP,3,SNP.VLNP,3
9832,mixed,BWD->FWD,BWD,FWD,2,2,0,372,4,1.049,2112,5.677,SNP,2,2,2,"[GNG.SNPL3, PENP.SNPL3] -> SNPL2 -> [SNPL3, SNP.VLNPL3]",GNG.SNP,3,PENP.SNP,3,SNP,3,SNP.VLNP,3
9756,mixed,BWD->FWD,BWD,FWD,2,2,0,372,2,1.032,2140,5.753,SNP,2,2,2,"[GNG.SNPL3, PENP.SNPL3] -> SNPL2 -> [INP.SNPL3, SNPL3]",GNG.SNP,3,PENP.SNP,3,INP.SNP,3,SNP,3
9654,mixed,mix->FWD,mix,FWD,2,1,1,372,2,1.011,3099,8.331,SNP,2,2,2,"[INP.SNPL2, LH.SNPL3] -> SNPL2 -> [LHL3, SNPL3]",INP.SNP,2,LH.SNP,3,LH,3,SNP,3
9600,mixed,mix->FWD,mix,FWD,2,1,1,372,1,1.0,2131,5.728,SNP,2,2,2,"[INP.SNPL2, PENP.SNPL3] -> SNPL2 -> [INP.SNPL3, SNPL3]",INP.SNP,2,PENP.SNP,3,INP.SNP,3,SNP,3
9482,mixed,BWD->FWD,BWD,FWD,2,2,0,372,4,2.221,3232,8.688,SNP,2,2,2,"[LHL3, LH.SNPL3] -> SNPL2 -> [PENP.SNPL3, SNPL3]",LH,3,LH.SNP,3,PENP.SNP,3,SNP,3
9184,mixed,mix->FWD,mix,FWD,2,1,1,372,3,1.216,2663,7.159,SNP,2,2,2,"[INP.SNPL2, SNP.VLNPL3] -> SNPL2 -> [LH.SNPL3, SNPL3]",INP.SNP,2,SNP.VLNP,3,LH.SNP,3,SNP,3
8399,mixed,mix->FWD,mix,FWD,2,1,1,372,2,1.029,2715,7.298,SNP,2,2,2,"[LH.SNPL2, SNPL3] -> SNPL2 -> [LH.SNPL3, SNP.VLNPL3]",LH.SNP,2,SNP,3,LH.SNP,3,SNP.VLNP,3
8331,mixed,BWD->mix,BWD,mix,1,2,1,372,9,2.587,2735,7.352,SNP,2,2,2,"[LH.SNPL3, SNPL3] -> SNPL2 -> [PENP.SNPL2, PENP.SNPL3]",LH.SNP,3,SNP,3,PENP.SNP,2,PENP.SNP,3
8247,mixed,BWD->FWD,BWD,FWD,2,2,0,372,4,1.046,2251,6.051,SNP,2,2,2,"[INP.SNPL3, SNPL3] -> SNPL2 -> [PENP.SNPL3, SNP.VLNPL3]",INP.SNP,3,SNP,3,PENP.SNP,3,SNP.VLNP,3
8211,mixed,BWD->FWD,BWD,FWD,2,2,0,372,2,1.036,2127,5.718,SNP,2,2,2,"[GNG.SNPL3, SNPL3] -> SNPL2 -> [INP.SNPL3, SNP.VLNPL3]",GNG.SNP,3,SNP,3,INP.SNP,3,SNP.VLNP,3
19902,mixed,FWD->LAT,FWD,LAT,2,0,2,1766,4,1.88,1757,0.995,SNP,3,2,2,"[LH.SNPL2, SNPL2] -> SNPL3 -> [LHL3, LH.SNPL3]",LH.SNP,2,SNP,2,LH,3,LH.SNP,3
15252,mixed,mix->mix,mix,mix,1,1,2,1766,3,1.006,1771,1.003,SNP,3,2,2,"[INP.SNPL3, SNPL2] -> SNPL3 -> [PENPL2, PENPL3]",INP.SNP,3,SNP,2,PENP,2,PENP,3
14132,mixed,mix->mix,mix,mix,1,1,2,1766,9,1.547,1757,0.995,SNP,3,2,2,"[LH.SNPL2, LH.SNPL3] -> SNPL3 -> [LHL3, SNPL2]",LH.SNP,2,LH.SNP,3,LH,3,SNP,2
12592,mixed,LAT->mix,LAT,mix,0,1,3,1766,4,1.018,1370,0.776,SNP,3,2,2,"[INP.SNPL3, PENP.SNPL3] -> SNPL3 -> [PENPL3, SNPL2]",INP.SNP,3,PENP.SNP,3,PENP,3,SNP,2
11920,mixed,mix->LAT,mix,LAT,1,0,3,1766,6,1.015,1370,0.776,SNP,3,2,2,"[INP.SNPL3, SNPL2] -> SNPL3 -> [PENPL3, PENP.SNPL3]",INP.SNP,3,SNP,2,PENP,3,PENP.SNP,3
9526,mixed,mix->mix,mix,mix,1,1,2,1766,19,3.367,1341,0.759,SNP,3,2,2,"[LH.SNPL3, SNPL2] -> SNPL3 -> [PENP.SNPL2, PENP.SNPL3]",LH.SNP,3,SNP,2,PENP.SNP,2,PENP.SNP,3
9204,mixed,mix->mix,mix,mix,1,1,2,1766,8,1.017,1756,0.994,SNP,3,2,2,"[PENP.SNPL3, SNPL2] -> SNPL3 -> [PENPL2, PENPL3]",PENP.SNP,3,SNP,2,PENP,2,PENP,3
8652,mixed,LAT->BWD,LAT,BWD,0,2,2,1766,2,1.003,1271,0.72,SNP,3,2,2,"[INP.SNPL3, PENP.SNPL3] -> SNPL3 -> [PENPL2, SNPL2]",INP.SNP,3,PENP.SNP,3,PENP,2,SNP,2
8450,mixed,mix->mix,mix,mix,1,1,2,1766,1,1.0,2018,1.143,SNP,3,2,2,"[INP.SNPL3, SNPL2] -> SNPL3 -> [GNGL2, PENPL3]",INP.SNP,3,SNP,2,GNG,2,PENP,3
8450,mixed,mix->LAT,mix,LAT,1,0,3,1766,1,1.0,2076,1.176,SNP,3,2,2,"[INP.SNPL3, SNPL2] -> SNPL3 -> [GNGL3, PENPL3]",INP.SNP,3,SNP,2,GNG,3,PENP,3
8450,mixed,mix->LAT,mix,LAT,1,0,3,1766,1,1.0,1322,0.749,SNP,3,2,2,"[INP.SNPL3, SNPL2] -> SNPL3 -> [GNG.PENPL3, PENPL3]",INP.SNP,3,SNP,2,GNG.PENP,3,PENP,3
8320,mixed,mix->mix,mix,mix,1,1,2,1766,1,1.0,1249,0.707,SNP,3,2,2,"[INPL2, INP.SNPL3] -> SNPL3 -> [PENPL3, SNPL2]",INP,2,INP.SNP,3,PENP,3,SNP,2
8320,mixed,LAT->mix,LAT,mix,0,1,3,1766,1,1.0,1399,0.792,SNP,3,2,2,"[INP.SNPL3, INP.VLNPL3] -> SNPL3 -> [PENPL3, SNPL2]",INP.SNP,3,INP.VLNP,3,PENP,3,SNP,2
8320,mixed,LAT->mix,LAT,mix,0,1,3,1766,1,1.0,1583,0.896,SNP,3,2,2,"[INP.SNPL3, VMNPL3] -> SNPL3 -> [PENPL3, SNPL2]",INP.SNP,3,VMNP,3,PENP,3,SNP,2
8254,mixed,mix->mix,mix,mix,1,1,2,1766,5,1.016,1271,0.72,SNP,3,2,2,"[INP.SNPL3, SNPL2] -> SNPL3 -> [PENPL2, PENP.SNPL3]",INP.SNP,3,SNP,2,PENP,2,PENP.SNP,3
7484,mixed,mix->LAT,mix,LAT,1,0,3,1766,6,3.258,1825,1.033,SNP,3,2,2,"[SNPL2, SNP.VLNPL3] -> SNPL3 -> [LHL3, LH.SNPL3]",SNP,2,SNP.VLNP,3,LH,3,LH.SNP,3
7166,mixed,FWD->LAT,FWD,LAT,2,0,2,1766,4,2.698,1321,0.748,SNP,3,2,2,"[LH.SNPL2, SNPL2] -> SNPL3 -> [LH.SNPL3, SNP.VLNPL3]",LH.SNP,2,SNP,2,LH.SNP,3,SNP.VLNP,3
7152,mixed,FWD->LAT,FWD,LAT,2,0,2,1766,4,2.659,1760,0.997,SNP,3,2,2,"[INP.MBL2, SNPL2] -> SNPL3 -> [LHL3, LH.SNPL3]",INP.MB,2,SNP,2,LH,3,LH.SNP,3
7024,mixed,LAT->mix,LAT,mix,0,1,3,1766,2,1.001,1560,0.883,SNP,3,2,2,"[INP.SNPL3, PENP.SNPL3] -> SNPL3 -> [PENPL2, PENPL3]",INP.SNP,3,PENP.SNP,3,PENP,2,PENP,3
6760,mixed,mix->mix,mix,mix,1,1,2,1766,1,1.0,40044,22.675,SNP,3,2,2,"[INP.SNPL3, SNPL2] -> SNPL3 -> [OLL2, PENPL3]",INP.SNP,3,SNP,2,OL,2,PENP,3
38,mixed,BWD->FWD,BWD,FWD,2,2,0,7,2,1.362,629,89.857,SNP.VLNP,1,2,2,"[LX.VLNPL2, SNPL2] -> SNP.VLNPL1 -> [LXL2, SNP.VLNPL2]",LX.VLNP,2,SNP,2,LX,2,SNP.VLNP,2
38,mixed,BWD->FWD,BWD,FWD,2,2,0,7,2,1.362,540,77.143,SNP.VLNP,1,2,2,"[LX.VLNPL2, SNPL2] -> SNP.VLNPL1 -> [LX.PENPL2, SNP.VLNPL2]",LX.VLNP,2,SNP,2,LX.PENP,2,SNP.VLNP,2
38,mixed,BWD->mix,BWD,mix,1,2,1,7,2,1.362,539,77.0,SNP.VLNP,1,2,2,"[LX.VLNPL2, SNPL2] -> SNP.VLNPL1 -> [SNP.VLNPL2, SNP.VMNPL1]",LX.VLNP,2,SNP,2,SNP.VLNP,2,SNP.VMNP,1
38,mixed,BWD->FWD,BWD,FWD,2,2,0,7,2,1.362,1027,146.714,SNP.VLNP,1,2,2,"[OL.VLNPL2, SNPL2] -> SNP.VLNPL1 -> [LXL2, SNP.VLNPL2]",OL.VLNP,2,SNP,2,LX,2,SNP.VLNP,2
38,mixed,BWD->FWD,BWD,FWD,2,2,0,7,2,1.362,938,134.0,SNP.VLNP,1,2,2,"[OL.VLNPL2, SNPL2] -> SNP.VLNPL1 -> [LX.PENPL2, SNP.VLNPL2]",OL.VLNP,2,SNP,2,LX.PENP,2,SNP.VLNP,2
38,mixed,BWD->mix,BWD,mix,1,2,1,7,2,1.362,937,133.857,SNP.VLNP,1,2,2,"[OL.VLNPL2, SNPL2] -> SNP.VLNPL1 -> [SNP.VLNPL2, SNP.VMNPL1]",OL.VLNP,2,SNP,2,SNP.VLNP,2,SNP.VMNP,1
32,mixed,BWD->FWD,BWD,FWD,2,2,0,7,1,1.0,576,82.286,SNP.VLNP,1,2,2,"[LX.VLNPL2, SNPL2] -> SNP.VLNPL1 -> [INPL2, SNP.VLNPL2]",LX.VLNP,2,SNP,2,INP,2,SNP.VLNP,2
32,mixed,BWD->FWD,BWD,FWD,2,2,0,7,1,1.0,610,87.143,SNP.VLNP,1,2,2,"[LX.VLNPL2, SNPL2] -> SNP.VLNPL1 -> [LX.VMNPL2, SNP.VLNPL2]",LX.VLNP,2,SNP,2,LX.VMNP,2,SNP.VLNP,2
32,mixed,BWD->FWD,BWD,FWD,2,2,0,7,1,1.0,974,139.143,SNP.VLNP,1,2,2,"[OL.VLNPL2, SNPL2] -> SNP.VLNPL1 -> [INPL2, SNP.VLNPL2]",OL.VLNP,2,SNP,2,INP,2,SNP.VLNP,2
32,mixed,BWD->FWD,BWD,FWD,2,2,0,7,1,1.0,1008,144.0,SNP.VLNP,1,2,2,"[OL.VLNPL2, SNPL2] -> SNP.VLNPL1 -> [LX.VMNPL2, SNP.VLNPL2]",OL.VLNP,2,SNP,2,LX.VMNP,2,SNP.VLNP,2
32,mixed,mix->FWD,mix,FWD,2,1,1,7,1,1.0,496,70.857,SNP.VLNP,1,2,2,"[SNPL1, SNPL2] -> SNP.VLNPL1 -> [INPL2, SNP.VLNPL2]",SNP,1,SNP,2,INP,2,SNP.VLNP,2
32,mixed,mix->FWD,mix,FWD,2,1,1,7,1,1.0,549,78.429,SNP.VLNP,1,2,2,"[SNPL1, SNPL2] -> SNP.VLNPL1 -> [LXL2, SNP.VLNPL2]",SNP,1,SNP,2,LX,2,SNP.VLNP,2
32,mixed,mix->FWD,mix,FWD,2,1,1,7,1,1.0,460,65.714,SNP.VLNP,1,2,2,"[SNPL1, SNPL2] -> SNP.VLNPL1 -> [LX.PENPL2, SNP.VLNPL2]",SNP,1,SNP,2,LX.PENP,2,SNP.VLNP,2
32,mixed,mix->FWD,mix,FWD,2,1,1,7,1,1.0,530,75.714,SNP.VLNP,1,2,2,"[SNPL1, SNPL2] -> SNP.VLNPL1 -> [LX.VMNPL2, SNP.VLNPL2]",SNP,1,SNP,2,LX.VMNP,2,SNP.VLNP,2
32,mixed,mix->mix,mix,mix,1,1,2,7,1,1.0,459,65.571,SNP.VLNP,1,2,2,"[SNPL1, SNPL2] -> SNP.VLNPL1 -> [SNP.VLNPL2, SNP.VMNPL1]",SNP,1,SNP,2,SNP.VLNP,2,SNP.VMNP,1
22,mixed,BWD->FWD,BWD,FWD,2,2,0,7,2,1.984,853,121.857,SNP.VLNP,1,2,2,"[AL.SNPL2, SNPL2] -> SNP.VLNPL1 -> [LHL2, VLNPL2]",AL.SNP,2,SNP,2,LH,2,VLNP,2
20,mixed,BWD->mix,BWD,mix,1,2,1,7,1,1.0,486,69.429,SNP.VLNP,1,2,2,"[AL.SNPL2, INP.MBL2] -> SNP.VLNPL1 -> [AL.INPL1, SNPL2]",AL.SNP,2,INP.MB,2,AL.INP,1,SNP,2
20,mixed,BWD->FWD,BWD,FWD,2,2,0,7,1,1.0,511,73.0,SNP.VLNP,1,2,2,"[AL.SNPL2, INP.MBL2] -> SNP.VLNPL1 -> [INP.SNPL2, SNPL2]",AL.SNP,2,INP.MB,2,INP.SNP,2,SNP,2
20,mixed,BWD->FWD,BWD,FWD,2,2,0,7,1,1.0,576,82.286,SNP.VLNP,1,2,2,"[AL.SNPL2, INP.MBL2] -> SNP.VLNPL1 -> [LHL2, SNPL2]",AL.SNP,2,INP.MB,2,LH,2,SNP,2
20,mixed,BWD->FWD,BWD,FWD,2,2,0,7,1,1.0,843,120.429,SNP.VLNP,1,2,2,"[AL.SNPL2, INP.MBL2] -> SNP.VLNPL1 -> [SNPL2, VLNPL2]",AL.SNP,2,INP.MB,2,SNP,2,VLNP,2
8927,mixed,mix->FWD,mix,FWD,2,1,1,71,5,2.464,3053,43.0,SNP.VLNP,2,2,2,"[VLNPL2, VLNPL3] -> SNP.VLNPL2 -> [INP.SNPL3, SNPL3]",VLNP,2,VLNP,3,INP.SNP,3,SNP,3
7860,mixed,mix->FWD,mix,FWD,2,1,1,71,8,2.163,3184,44.845,SNP.VLNP,2,2,2,"[OL.VLNPL2, VLNPL3] -> SNP.VLNPL2 -> [INP.SNPL3, SNPL3]",OL.VLNP,2,VLNP,3,INP.SNP,3,SNP,3
6791,mixed,LAT->FWD,LAT,FWD,2,0,2,71,5,1.743,2793,39.338,SNP.VLNP,2,2,2,"[OL.VLNPL2, VLNPL2] -> SNP.VLNPL2 -> [INP.SNPL3, SNPL3]",OL.VLNP,2,VLNP,2,INP.SNP,3,SNP,3
6256,mixed,LAT->FWD,LAT,FWD,2,0,2,71,6,1.538,3368,47.437,SNP.VLNP,2,2,2,"[OL.VLNPL2, VLNPL2] -> SNP.VLNPL2 -> [SNPL3, VLNPL3]",OL.VLNP,2,VLNP,2,SNP,3,VLNP,3
5012,mixed,mix->FWD,mix,FWD,2,1,1,71,7,2.483,3025,42.606,SNP.VLNP,2,2,2,"[VLNPL2, VLNPL3] -> SNP.VLNPL2 -> [SNPL3, SNP.VLNPL3]",VLNP,2,VLNP,3,SNP,3,SNP.VLNP,3
4886,mixed,mix->FWD,mix,FWD,2,1,1,71,3,2.149,2786,39.239,SNP.VLNP,2,2,2,"[LX.VLNPL2, VLNPL3] -> SNP.VLNPL2 -> [INP.SNPL3, SNPL3]",LX.VLNP,2,VLNP,3,INP.SNP,3,SNP,3
4860,mixed,mix->FWD,mix,FWD,2,1,1,71,3,2.008,2735,38.521,SNP.VLNP,2,2,2,"[AL.VLNPL2, VLNPL3] -> SNP.VLNPL2 -> [INP.SNPL3, SNPL3]",AL.VLNP,2,VLNP,3,INP.SNP,3,SNP,3
4431,mixed,BWD->FWD,BWD,FWD,2,2,0,71,7,2.57,2841,40.014,SNP.VLNP,2,2,2,"[SNP.VLNPL3, VLNPL3] -> SNP.VLNPL2 -> [INP.SNPL3, SNPL3]",SNP.VLNP,3,VLNP,3,INP.SNP,3,SNP,3
4382,mixed,mix->FWD,mix,FWD,2,1,1,71,8,2.432,3034,42.732,SNP.VLNP,2,2,2,"[VLNPL2, VLNPL3] -> SNP.VLNPL2 -> [INPL3, SNPL3]",VLNP,2,VLNP,3,INP,3,SNP,3
4320,mixed,BWD->FWD,BWD,FWD,2,2,0,71,1,1.0,4274,60.197,SNP.VLNP,2,2,2,"[OL.VLNPL3, VLNPL3] -> SNP.VLNPL2 -> [INP.VLNPL3, SNPL3]",OL.VLNP,3,VLNP,3,INP.VLNP,3,SNP,3
4259,mixed,mix->FWD,mix,FWD,2,1,1,71,8,2.382,3156,44.451,SNP.VLNP,2,2,2,"[OL.VLNPL2, VLNPL3] -> SNP.VLNPL2 -> [SNPL3, SNP.VLNPL3]",OL.VLNP,2,VLNP,3,SNP,3,SNP.VLNP,3
4218,mixed,BWD->FWD,BWD,FWD,2,2,0,71,6,2.602,4260,60.0,SNP.VLNP,2,2,2,"[OL.VLNPL3, VLNPL3] -> SNP.VLNPL2 -> [INP.SNPL3, SNPL3]",OL.VLNP,3,VLNP,3,INP.SNP,3,SNP,3
4212,mixed,mix->FWD,mix,FWD,2,1,1,71,2,1.226,3067,43.197,SNP.VLNP,2,2,2,"[VLNPL2, VLNPL3] -> SNP.VLNPL2 -> [INP.VLNPL3, SNPL3]",VLNP,2,VLNP,3,INP.VLNP,3,SNP,3
4176,mixed,LAT->FWD,LAT,FWD,2,0,2,71,2,1.926,2344,33.014,SNP.VLNP,2,2,2,"[AL.VLNPL2, VLNPL2] -> SNP.VLNPL2 -> [INP.SNPL3, SNPL3]",AL.VLNP,2,VLNP,2,INP.SNP,3,SNP,3
3968,mixed,LAT->FWD,LAT,FWD,2,0,2,71,4,2.139,2395,33.732,SNP.VLNP,2,2,2,"[LX.VLNPL2, VLNPL2] -> SNP.VLNPL2 -> [INP.SNPL3, SNPL3]",LX.VLNP,2,VLNP,2,INP.SNP,3,SNP,3
3870,mixed,LAT->FWD,LAT,FWD,2,0,2,71,3,1.863,2475,34.859,SNP.VLNP,2,2,2,"[AL.VLNPL2, OL.VLNPL2] -> SNP.VLNPL2 -> [INP.SNPL3, SNPL3]",AL.VLNP,2,OL.VLNP,2,INP.SNP,3,SNP,3
3862,mixed,LAT->FWD,LAT,FWD,2,0,2,71,6,2.116,2919,41.113,SNP.VLNP,2,2,2,"[AL.VLNPL2, VLNPL2] -> SNP.VLNPL2 -> [SNPL3, VLNPL3]",AL.VLNP,2,VLNP,2,SNP,3,VLNP,3
3808,mixed,mix->mix,mix,mix,1,1,2,71,8,3.57,3249,45.761,SNP.VLNP,2,2,2,"[VLNPL2, VLNPL3] -> SNP.VLNPL2 -> [SNPL2, SNPL3]",VLNP,2,VLNP,3,SNP,2,SNP,3
3800,mixed,mix->FWD,mix,FWD,2,1,1,71,4,2.015,3165,44.577,SNP.VLNP,2,2,2,"[OL.VLNPL2, VLNPL3] -> SNP.VLNPL2 -> [INPL3, SNPL3]",OL.VLNP,2,VLNP,3,INP,3,SNP,3
3769,mixed,mix->FWD,mix,FWD,2,1,1,71,5,2.543,2450,34.507,SNP.VLNP,2,2,2,"[SNP.VLNPL3, VLNPL2] -> SNP.VLNPL2 -> [INP.SNPL3, SNPL3]",SNP.VLNP,3,VLNP,2,INP.SNP,3,SNP,3
14032,mixed,mix->mix,mix,mix,1,1,2,148,4,2.11,42659,288.236,SNP.VLNP,3,2,2,"[OL.VLNPL2, OL.VLNPL3] -> SNP.VLNPL3 -> [OLL2, SNPL3]",OL.VLNP,2,OL.VLNP,3,OL,2,SNP,3
12064,mixed,FWD->mix,FWD,mix,2,1,1,148,4,2.601,41452,280.081,SNP.VLNP,3,2,2,"[OL.VLNPL2, VLNPL2] -> SNP.VLNPL3 -> [OLL2, SNPL3]",OL.VLNP,2,VLNP,2,OL,2,SNP,3
11318,mixed,mix->mix,mix,mix,1,1,2,148,4,2.221,41843,282.723,SNP.VLNP,3,2,2,"[OL.VLNPL2, VLNPL3] -> SNP.VLNPL3 -> [OLL2, SNPL3]",OL.VLNP,2,VLNP,3,OL,2,SNP,3
11046,mixed,FWD->LAT,FWD,LAT,2,0,2,148,3,1.92,2710,18.311,SNP.VLNP,3,2,2,"[OL.VLNPL2, VLNPL2] -> SNP.VLNPL3 -> [MB.SNPL3, SNPL3]",OL.VLNP,2,VLNP,2,MB.SNP,3,SNP,3
9371,mixed,FWD->mix,FWD,mix,2,1,1,148,14,2.83,2989,20.196,SNP.VLNP,3,2,2,"[OL.VLNPL2, VLNPL2] -> SNP.VLNPL3 -> [SNPL2, SNPL3]",OL.VLNP,2,VLNP,2,SNP,2,SNP,3
9358,mixed,FWD->mix,FWD,mix,2,1,1,148,6,3.045,41452,280.081,SNP.VLNP,3,2,2,"[OLL2, VLNPL2] -> SNP.VLNPL3 -> [OL.VLNPL2, SNPL3]",OL,2,VLNP,2,OL.VLNP,2,SNP,3
9096,mixed,mix->mix,mix,mix,1,1,2,148,2,1.732,72671,491.02,SNP.VLNP,3,2,2,"[OLL3, OL.VLNPL2] -> SNP.VLNPL3 -> [OLL2, SNPL3]",OL,3,OL.VLNP,2,OL,2,SNP,3
7827,mixed,FWD->mix,FWD,mix,2,1,1,148,5,3.62,41464,280.162,SNP.VLNP,3,2,2,"[OLL2, OL.VLNPL2] -> SNP.VLNPL3 -> [SNPL2, SNPL3]",OL,2,OL.VLNP,2,SNP,2,SNP,3
6774,mixed,FWD->LAT,FWD,LAT,2,0,2,148,2,1.891,41185,278.277,SNP.VLNP,3,2,2,"[OLL2, OL.VLNPL2] -> SNP.VLNPL3 -> [MB.SNPL3, SNPL3]",OL,2,OL.VLNP,2,MB.SNP,3,SNP,3
5966,mixed,FWD->LAT,FWD,LAT,2,0,2,148,15,5.109,3368,22.757,SNP.VLNP,3,2,2,"[OL.VLNPL2, VLNPL2] -> SNP.VLNPL3 -> [SNPL3, VLNPL3]",OL.VLNP,2,VLNP,2,SNP,3,VLNP,3
5938,mixed,FWD->LAT,FWD,LAT,2,0,2,148,8,3.646,41843,282.723,SNP.VLNP,3,2,2,"[OLL2, OL.VLNPL2] -> SNP.VLNPL3 -> [SNPL3, VLNPL3]",OL,2,OL.VLNP,2,SNP,3,VLNP,3
5153,mixed,FWD->LAT,FWD,LAT,2,0,2,148,6,3.429,41268,278.838,SNP.VLNP,3,2,2,"[OLL2, OL.VLNPL2] -> SNP.VLNPL3 -> [INP.SNPL3, SNPL3]",OL,2,OL.VLNP,2,INP.SNP,3,SNP,3
4905,mixed,mix->LAT,mix,LAT,1,0,3,148,16,3.911,4575,30.912,SNP.VLNP,3,2,2,"[OL.VLNPL2, OL.VLNPL3] -> SNP.VLNPL3 -> [SNPL3, VLNPL3]",OL.VLNP,2,OL.VLNP,3,SNP,3,VLNP,3
4824,mixed,FWD->LAT,FWD,LAT,2,0,2,148,8,3.748,2793,18.872,SNP.VLNP,3,2,2,"[OL.VLNPL2, VLNPL2] -> SNP.VLNPL3 -> [INP.SNPL3, SNPL3]",OL.VLNP,2,VLNP,2,INP.SNP,3,SNP,3
4695,mixed,mix->mix,mix,mix,1,1,2,148,7,3.36,42659,288.236,SNP.VLNP,3,2,2,"[OLL2, OL.VLNPL3] -> SNP.VLNPL3 -> [OL.VLNPL2, SNPL3]",OL,2,OL.VLNP,3,OL.VLNP,2,SNP,3
4580,mixed,FWD->LAT,FWD,LAT,2,0,2,148,2,1.999,41054,277.392,SNP.VLNP,3,2,2,"[OLL2, VLNPL2] -> SNP.VLNPL3 -> [MB.SNPL3, SNPL3]",OL,2,VLNP,2,MB.SNP,3,SNP,3
4408,mixed,LAT->mix,LAT,mix,0,1,3,148,4,2.695,42919,289.993,SNP.VLNP,3,2,2,"[OL.VLNPL3, VLNPL3] -> SNP.VLNPL3 -> [OLL2, SNPL3]",OL.VLNP,3,VLNP,3,OL,2,SNP,3
4224,mixed,FWD->mix,FWD,mix,2,1,1,148,4,2.499,41333,279.277,SNP.VLNP,3,2,2,"[OLL2, VLNPL2] -> SNP.VLNPL3 -> [SNPL2, SNPL3]",OL,2,VLNP,2,SNP,2,SNP,3
4176,mixed,FWD->mix,FWD,mix,2,1,1,148,5,2.496,41452,280.081,SNP.VLNP,3,2,2,"[OLL2, OL.VLNPL2] -> SNP.VLNPL3 -> [SNPL3, VLNPL2]",OL,2,OL.VLNP,2,SNP,3,VLNP,2
4096,mixed,FWD->LAT,FWD,LAT,2,0,2,148,5,1.439,5381,36.358,SNP.VLNP,3,2,2,"[OL.VLNPL2, VLNPL2] -> SNP.VLNPL3 -> [MBL3, SNPL3]",OL.VLNP,2,VLNP,2,MB,3,SNP,3
196,mixed,BWD->FWD,BWD,FWD,2,2,0,3,1,1.0,665,221.667,SNP.VMNP,1,2,2,"[INP.SNPL2, VMNPL2] -> SNP.VMNPL1 -> [LXL2, SNP.VLNPL2]",INP.SNP,2,VMNP,2,LX,2,SNP.VLNP,2
98,mixed,BWD->FWD,BWD,FWD,2,2,0,3,1,1.0,604,201.333,SNP.VMNP,1,2,2,"[INP.SNPL2, VMNPL2] -> SNP.VMNPL1 -> [LXL2, LX.OLL2]",INP.SNP,2,VMNP,2,LX,2,LX.OL,2
98,mixed,BWD->FWD,BWD,FWD,2,2,0,3,1,1.0,39429,13143.0,SNP.VMNP,1,2,2,"[INP.SNPL2, VMNPL2] -> SNP.VMNPL1 -> [LXL2, OLL2]",INP.SNP,2,VMNP,2,LX,2,OL,2
98,mixed,BWD->FWD,BWD,FWD,2,2,0,3,1,1.0,781,260.333,SNP.VMNP,1,2,2,"[INP.SNPL2, VMNPL2] -> SNP.VMNPL1 -> [LXL2, OL.VMNPL2]",INP.SNP,2,VMNP,2,LX,2,OL.VMNP,2
98,mixed,BWD->FWD,BWD,FWD,2,2,0,3,1,1.0,582,194.0,SNP.VMNP,1,2,2,"[INP.SNPL2, VMNPL2] -> SNP.VMNPL1 -> [LX.OLL2, SNP.VLNPL2]",INP.SNP,2,VMNP,2,LX.OL,2,SNP.VLNP,2
98,mixed,BWD->FWD,BWD,FWD,2,2,0,3,1,1.0,39407,13135.667,SNP.VMNP,1,2,2,"[INP.SNPL2, VMNPL2] -> SNP.VMNPL1 -> [OLL2, SNP.VLNPL2]",INP.SNP,2,VMNP,2,OL,2,SNP.VLNP,2
98,mixed,BWD->FWD,BWD,FWD,2,2,0,3,1,1.0,759,253.0,SNP.VMNP,1,2,2,"[INP.SNPL2, VMNPL2] -> SNP.VMNPL1 -> [OL.VMNPL2, SNP.VLNPL2]",INP.SNP,2,VMNP,2,OL.VMNP,2,SNP.VLNP,2
56,mixed,mix->FWD,mix,FWD,2,1,1,3,1,1.0,223,74.333,SNP.VMNP,1,2,2,"[GNG.VMNPL1, INP.SNPL2] -> SNP.VMNPL1 -> [LXL2, SNP.VLNPL2]",GNG.VMNP,1,INP.SNP,2,LX,2,SNP.VLNP,2
56,mixed,mix->FWD,mix,FWD,2,1,1,3,1,1.0,668,222.667,SNP.VMNP,1,2,2,"[GNG.VMNPL1, VMNPL2] -> SNP.VMNPL1 -> [LXL2, SNP.VLNPL2]",GNG.VMNP,1,VMNP,2,LX,2,SNP.VLNP,2
56,mixed,mix->FWD,mix,FWD,2,1,1,3,1,1.0,195,65.0,SNP.VMNP,1,2,2,"[INPL1, INP.SNPL2] -> SNP.VMNPL1 -> [LXL2, SNP.VLNPL2]",INP,1,INP.SNP,2,LX,2,SNP.VLNP,2
56,mixed,mix->FWD,mix,FWD,2,1,1,3,1,1.0,640,213.333,SNP.VMNP,1,2,2,"[INPL1, VMNPL2] -> SNP.VMNPL1 -> [LXL2, SNP.VLNPL2]",INP,1,VMNP,2,LX,2,SNP.VLNP,2
56,mixed,BWD->FWD,BWD,FWD,2,2,0,3,1,1.0,232,77.333,SNP.VMNP,1,2,2,"[INPL2, INP.SNPL2] -> SNP.VMNPL1 -> [LXL2, SNP.VLNPL2]",INP,2,INP.SNP,2,LX,2,SNP.VLNP,2
56,mixed,BWD->FWD,BWD,FWD,2,2,0,3,1,1.0,677,225.667,SNP.VMNP,1,2,2,"[INPL2, VMNPL2] -> SNP.VMNPL1 -> [LXL2, SNP.VLNPL2]",INP,2,VMNP,2,LX,2,SNP.VLNP,2
56,mixed,BWD->FWD,BWD,FWD,2,2,0,3,1,1.0,323,107.667,SNP.VMNP,1,2,2,"[INP.SNPL2, VLNP.VMNPL2] -> SNP.VMNPL1 -> [LXL2, SNP.VLNPL2]",INP.SNP,2,VLNP.VMNP,2,LX,2,SNP.VLNP,2
56,mixed,BWD->FWD,BWD,FWD,2,2,0,3,1,1.0,768,256.0,SNP.VMNP,1,2,2,"[VLNP.VMNPL2, VMNPL2] -> SNP.VMNPL1 -> [LXL2, SNP.VLNPL2]",VLNP.VMNP,2,VMNP,2,LX,2,SNP.VLNP,2
54,mixed,BWD->mix,BWD,mix,1,2,1,3,1,1.0,921,307.0,SNP.VMNP,1,2,2,"[INP.SNPL2, VMNPL2] -> SNP.VMNPL1 -> [OL.VLNPL1, SNPL2]",INP.SNP,2,VMNP,2,OL.VLNP,1,SNP,2
54,mixed,BWD->mix,BWD,mix,1,2,1,3,1,1.0,899,299.667,SNP.VMNP,1,2,2,"[INP.SNPL2, VMNPL2] -> SNP.VMNPL1 -> [OL.VMNPL1, SNPL2]",INP.SNP,2,VMNP,2,OL.VMNP,1,SNP,2
54,mixed,BWD->FWD,BWD,FWD,2,2,0,3,1,1.0,1060,353.333,SNP.VMNP,1,2,2,"[INP.SNPL2, VMNPL2] -> SNP.VMNPL1 -> [OL.VMNPL2, SNPL2]",INP.SNP,2,VMNP,2,OL.VMNP,2,SNP,2
54,mixed,BWD->FWD,BWD,FWD,2,2,0,3,1,1.0,1233,411.0,SNP.VMNP,1,2,2,"[INP.SNPL2, VMNPL2] -> SNP.VMNPL1 -> [SNPL2, VLNPL2]",INP.SNP,2,VMNP,2,SNP,2,VLNP,2
49,mixed,BWD->FWD,BWD,FWD,2,2,0,3,1,1.0,39346,13115.333,SNP.VMNP,1,2,2,"[INP.SNPL2, VMNPL2] -> SNP.VMNPL1 -> [LX.OLL2, OLL2]",INP.SNP,2,VMNP,2,LX.OL,2,OL,2
1100,mixed,mix->FWD,mix,FWD,2,1,1,3,2,1.658,3118,1039.333,SNP.VMNP,2,2,2,"[LH.SNPL3, MB.SNPL2] -> SNP.VMNPL2 -> [LHL3, SNPL3]",LH.SNP,3,MB.SNP,2,LH,3,SNP,3
1000,mixed,mix->FWD,mix,FWD,2,1,1,3,2,1.923,3099,1033.0,SNP.VMNP,2,2,2,"[AL.SNPL2, LH.SNPL3] -> SNP.VMNPL2 -> [LHL3, SNPL3]",AL.SNP,2,LH.SNP,3,LH,3,SNP,3
1000,mixed,BWD->FWD,BWD,FWD,2,2,0,3,2,1.923,3938,1312.667,SNP.VMNP,2,2,2,"[GNGL3, LH.SNPL3] -> SNP.VMNPL2 -> [LHL3, SNPL3]",GNG,3,LH.SNP,3,LH,3,SNP,3
1000,mixed,mix->FWD,mix,FWD,3,1,0,3,2,1.923,3185,1061.667,SNP.VMNP,2,2,2,"[LH.SNPL3, VMNPL1] -> SNP.VMNPL2 -> [LHL3, SNPL3]",LH.SNP,3,VMNP,1,LH,3,SNP,3
920,mixed,mix->FWD,mix,FWD,2,1,1,3,2,1.516,3382,1127.333,SNP.VMNP,2,2,2,"[AL.SNPL2, LH.SNPL3] -> SNP.VMNPL2 -> [GNGL3, SNPL3]",AL.SNP,2,LH.SNP,3,GNG,3,SNP,3
920,mixed,mix->FWD,mix,FWD,3,1,0,3,2,1.516,3468,1156.0,SNP.VMNP,2,2,2,"[LH.SNPL3, VMNPL1] -> SNP.VMNPL2 -> [GNGL3, SNPL3]",LH.SNP,3,VMNP,1,GNG,3,SNP,3
780,mixed,mix->mix,mix,mix,1,1,2,3,2,1.55,3343,1114.333,SNP.VMNP,2,2,2,"[LH.SNPL3, MB.SNPL2] -> SNP.VMNPL2 -> [GNGL2, SNPL3]",LH.SNP,3,MB.SNP,2,GNG,2,SNP,3
760,mixed,mix->FWD,mix,FWD,2,1,1,3,2,1.994,3401,1133.667,SNP.VMNP,2,2,2,"[LH.SNPL3, MB.SNPL2] -> SNP.VMNPL2 -> [GNGL3, SNPL3]",LH.SNP,3,MB.SNP,2,GNG,3,SNP,3
720,mixed,mix->FWD,mix,FWD,2,1,1,3,1,1.0,4163,1387.667,SNP.VMNP,2,2,2,"[GNGL2, LH.SNPL3] -> SNP.VMNPL2 -> [GNGL3, SNPL3]",GNG,2,LH.SNP,3,GNG,3,SNP,3
720,mixed,mix->mix,mix,mix,1,1,2,3,2,1.385,2748,916.0,SNP.VMNP,2,2,2,"[LH.SNPL3, MB.SNPL2] -> SNP.VMNPL2 -> [AL.LHL2, SNPL3]",LH.SNP,3,MB.SNP,2,AL.LH,2,SNP,3
720,mixed,mix->mix,mix,mix,1,1,2,3,2,1.385,2627,875.667,SNP.VMNP,2,2,2,"[LH.SNPL3, MB.SNPL2] -> SNP.VMNPL2 -> [LHL2, SNPL3]",LH.SNP,3,MB.SNP,2,LH,2,SNP,3
720,mixed,BWD->FWD,BWD,FWD,2,2,0,3,1,1.0,3447,1149.0,SNP.VMNP,2,2,2,"[LH.SNPL3, MB.SNPL3] -> SNP.VMNPL2 -> [GNGL3, SNPL3]",LH.SNP,3,MB.SNP,3,GNG,3,SNP,3
700,mixed,mix->FWD,mix,FWD,2,1,1,3,2,1.96,3443,1147.667,SNP.VMNP,2,2,2,"[LH.SNPL3, SNPL2] -> SNP.VMNPL2 -> [LHL3, SNPL3]",LH.SNP,3,SNP,2,LH,3,SNP,3
660,mixed,mix->mix,mix,mix,1,1,2,3,2,1.984,3324,1108.0,SNP.VMNP,2,2,2,"[AL.SNPL2, LH.SNPL3] -> SNP.VMNPL2 -> [GNGL2, SNPL3]",AL.SNP,2,LH.SNP,3,GNG,2,SNP,3
660,mixed,BWD->mix,BWD,mix,1,2,1,3,2,1.984,4163,1387.667,SNP.VMNP,2,2,2,"[GNGL3, LH.SNPL3] -> SNP.VMNPL2 -> [GNGL2, SNPL3]",GNG,3,LH.SNP,3,GNG,2,SNP,3
660,mixed,mix->FWD,mix,FWD,2,1,1,3,2,1.198,2691,897.0,SNP.VMNP,2,2,2,"[LH.SNPL3, MB.SNPL2] -> SNP.VMNPL2 -> [INPL3, SNPL3]",LH.SNP,3,MB.SNP,2,INP,3,SNP,3
660,mixed,BWD->FWD,BWD,FWD,2,2,0,3,2,1.424,3938,1312.667,SNP.VMNP,2,2,2,"[LH.SNPL3, SNPL3] -> SNP.VMNPL2 -> [GNGL3, LHL3]",LH.SNP,3,SNP,3,GNG,3,LH,3
660,mixed,mix->mix,mix,mix,2,1,1,3,2,1.984,3410,1136.667,SNP.VMNP,2,2,2,"[LH.SNPL3, VMNPL1] -> SNP.VMNPL2 -> [GNGL2, SNPL3]",LH.SNP,3,VMNP,1,GNG,2,SNP,3
600,mixed,mix->FWD,mix,FWD,2,1,1,3,1,1.0,3880,1293.333,SNP.VMNP,2,2,2,"[GNGL2, LH.SNPL3] -> SNP.VMNPL2 -> [LHL3, SNPL3]",GNG,2,LH.SNP,3,LH,3,SNP,3
600,mixed,BWD->FWD,BWD,FWD,2,2,0,3,1,1.0,3164,1054.667,SNP.VMNP,2,2,2,"[LH.SNPL3, MB.SNPL3] -> SNP.VMNPL2 -> [LHL3, SNPL3]",LH.SNP,3,MB.SNP,3,LH,3,SNP,3
2100,mixed,mix->LAT,mix,LAT,1,0,3,7,1,1.0,2761,394.429,SNP.VMNP,3,2,2,"[VMNPL2, VMNPL3] -> SNP.VMNPL3 -> [SNPL3, SNP.VLNPL3]",VMNP,2,VMNP,3,SNP,3,SNP.VLNP,3
1260,mixed,mix->LAT,mix,LAT,1,0,3,7,1,1.0,2381,340.143,SNP.VMNP,3,2,2,"[LXL2, VMNPL3] -> SNP.VMNPL3 -> [SNPL3, SNP.VLNPL3]",LX,2,VMNP,3,SNP,3,SNP.VLNP,3
1260,pure_LAT,LAT->LAT,LAT,LAT,0,0,4,7,1,1.0,2430,347.143,SNP.VMNP,3,2,2,"[VLNP.VMNPL3, VMNPL3] -> SNP.VMNPL3 -> [SNPL3, SNP.VLNPL3]",VLNP.VMNP,3,VMNP,3,SNP,3,SNP.VLNP,3
912,mixed,mix->mix,mix,mix,1,1,2,7,2,1.17,2973,424.714,SNP.VMNP,3,2,2,"[VMNPL2, VMNPL3] -> SNP.VMNPL3 -> [SNPL3, VLNPL2]",VMNP,2,VMNP,3,SNP,3,VLNP,2
900,mixed,FWD->LAT,FWD,LAT,2,0,2,7,1,1.0,2480,354.286,SNP.VMNP,3,2,2,"[LXL2, VMNPL2] -> SNP.VMNPL3 -> [SNPL3, SNP.VLNPL3]",LX,2,VMNP,2,SNP,3,SNP.VLNP,3
900,mixed,mix->LAT,mix,LAT,1,0,3,7,1,1.0,2529,361.286,SNP.VMNP,3,2,2,"[VLNP.VMNPL3, VMNPL2] -> SNP.VMNPL3 -> [SNPL3, SNP.VLNPL3]",VLNP.VMNP,3,VMNP,2,SNP,3,SNP.VLNP,3
840,pure_LAT,LAT->LAT,LAT,LAT,0,0,4,7,1,1.0,3155,450.714,SNP.VMNP,3,2,2,"[GNGL3, VMNPL3] -> SNP.VMNPL3 -> [SNPL3, SNP.VLNPL3]",GNG,3,VMNP,3,SNP,3,SNP.VLNP,3
840,mixed,mix->LAT,mix,LAT,1,0,3,7,1,1.0,2475,353.571,SNP.VMNP,3,2,2,"[OL.VMNPL2, VMNPL3] -> SNP.VMNPL3 -> [SNPL3, SNP.VLNPL3]",OL.VMNP,2,VMNP,3,SNP,3,SNP.VLNP,3
600,mixed,mix->LAT,mix,LAT,1,0,3,7,1,1.0,3254,464.857,SNP.VMNP,3,2,2,"[GNGL3, VMNPL2] -> SNP.VMNPL3 -> [SNPL3, SNP.VLNPL3]",GNG,3,VMNP,2,SNP,3,SNP.VLNP,3
600,mixed,FWD->LAT,FWD,LAT,2,0,2,7,1,1.0,2574,367.714,SNP.VMNP,3,2,2,"[OL.VMNPL2, VMNPL2] -> SNP.VMNPL3 -> [SNPL3, SNP.VLNPL3]",OL.VMNP,2,VMNP,2,SNP,3,SNP.VLNP,3
558,mixed,LAT->mix,LAT,mix,0,1,3,7,2,1.212,2642,377.429,SNP.VMNP,3,2,2,"[VLNP.VMNPL3, VMNPL3] -> SNP.VMNPL3 -> [SNPL3, VLNPL2]",VLNP.VMNP,3,VMNP,3,SNP,3,VLNP,2
540,mixed,mix->LAT,mix,LAT,1,0,3,7,1,1.0,2149,307.0,SNP.VMNP,3,2,2,"[LXL2, VLNP.VMNPL3] -> SNP.VMNPL3 -> [SNPL3, SNP.VLNPL3]",LX,2,VLNP.VMNP,3,SNP,3,SNP.VLNP,3
504,mixed,mix->mix,mix,mix,1,1,2,7,1,1.0,2593,370.429,SNP.VMNP,3,2,2,"[LXL2, VMNPL3] -> SNP.VMNPL3 -> [SNPL3, VLNPL2]",LX,2,VMNP,3,SNP,3,VLNP,2
432,mixed,mix->mix,mix,mix,1,1,2,7,2,1.385,2741,391.571,SNP.VMNP,3,2,2,"[VLNP.VMNPL3, VMNPL2] -> SNP.VMNPL3 -> [SNPL3, VLNPL2]",VLNP.VMNP,3,VMNP,2,SNP,3,VLNP,2
424,pure_LAT,LAT->LAT,LAT,LAT,0,0,4,7,2,1.019,2347,335.286,SNP.VMNP,3,2,2,"[INP.VMNPL3, VMNPL3] -> SNP.VMNPL3 -> [SNPL3, SNP.VLNPL3]",INP.VMNP,3,VMNP,3,SNP,3,SNP.VLNP,3
424,pure_LAT,LAT->LAT,LAT,LAT,0,0,4,7,2,1.019,2396,342.286,SNP.VMNP,3,2,2,"[OL.VMNPL3, VMNPL3] -> SNP.VMNPL3 -> [SNPL3, SNP.VLNPL3]",OL.VMNP,3,VMNP,3,SNP,3,SNP.VLNP,3
424,mixed,mix->LAT,mix,LAT,1,0,3,7,2,1.019,2660,380.0,SNP.VMNP,3,2,2,"[SNPL2, VMNPL3] -> SNP.VMNPL3 -> [SNPL3, SNP.VLNPL3]",SNP,2,VMNP,3,SNP,3,SNP.VLNP,3
424,mixed,mix->LAT,mix,LAT,1,0,3,7,2,1.019,2648,378.286,SNP.VMNP,3,2,2,"[VLNPL2, VMNPL3] -> SNP.VMNPL3 -> [SNPL3, SNP.VLNPL3]",VLNP,2,VMNP,3,SNP,3,SNP.VLNP,3
420,mixed,mix->LAT,mix,LAT,1,0,3,7,1,1.0,2393,341.857,SNP.VMNP,3,2,2,"[GNG.VMNPL2, VMNPL3] -> SNP.VMNPL3 -> [SNPL3, SNP.VLNPL3]",GNG.VMNP,2,VMNP,3,SNP,3,SNP.VLNP,3
420,pure_LAT,LAT->LAT,LAT,LAT,0,0,4,7,1,1.0,2376,339.429,SNP.VMNP,3,2,2,"[GNG.VMNPL3, VMNPL3] -> SNP.VMNPL3 -> [SNPL3, SNP.VLNPL3]",GNG.VMNP,3,VMNP,3,SNP,3,SNP.VLNP,3
13396,mixed,BWD->FWD,BWD,FWD,2,2,0,78,3,1.014,39766,509.821,VLNP,1,2,2,"[OLL2, OL.VLNPL2] -> VLNPL1 -> [LH.SNPL2, VLNPL2]",OL,2,OL.VLNP,2,LH.SNP,2,VLNP,2
13348,mixed,BWD->FWD,BWD,FWD,2,2,0,78,3,1.007,40058,513.564,VLNP,1,2,2,"[OLL2, OL.VLNPL2] -> VLNPL1 -> [SNPL2, VLNPL2]",OL,2,OL.VLNP,2,SNP,2,VLNP,2
13322,mixed,BWD->FWD,BWD,FWD,2,2,0,78,3,1.003,39726,509.308,VLNP,1,2,2,"[OLL2, OL.VLNPL2] -> VLNPL1 -> [INP.VLNPL2, VLNPL2]",OL,2,OL.VLNP,2,INP.VLNP,2,VLNP,2
13312,mixed,BWD->FWD,BWD,FWD,2,2,0,78,2,1.002,39704,509.026,VLNP,1,2,2,"[OLL2, OL.VLNPL2] -> VLNPL1 -> [MB.VLNPL2, VLNPL2]",OL,2,OL.VLNP,2,MB.VLNP,2,VLNP,2
13300,mixed,BWD->FWD,BWD,FWD,2,2,0,78,1,1.0,39779,509.987,VLNP,1,2,2,"[OLL2, OL.VLNPL2] -> VLNPL1 -> [LHL2, VLNPL2]",OL,2,OL.VLNP,2,LH,2,VLNP,2
6897,mixed,BWD->mix,BWD,mix,1,2,1,78,5,1.075,39734,509.41,VLNP,1,2,2,"[OLL2, OL.VLNPL2] -> VLNPL1 -> [OL.VLNPL1, VLNPL2]",OL,2,OL.VLNP,2,OL.VLNP,1,VLNP,2
6744,mixed,BWD->FWD,BWD,FWD,2,2,0,78,3,1.028,39873,511.192,VLNP,1,2,2,"[OLL2, OL.VLNPL2] -> VLNPL1 -> [OL.VMNPL2, VLNPL2]",OL,2,OL.VLNP,2,OL.VMNP,2,VLNP,2
6682,mixed,BWD->FWD,BWD,FWD,2,2,0,78,2,1.01,39757,509.705,VLNP,1,2,2,"[OLL2, OL.VLNPL2] -> VLNPL1 -> [SNP.VLNPL2, VLNPL2]",OL,2,OL.VLNP,2,SNP.VLNP,2,VLNP,2
6662,mixed,BWD->mix,BWD,mix,1,2,1,78,2,1.004,39689,508.833,VLNP,1,2,2,"[OLL2, OL.VLNPL2] -> VLNPL1 -> [INP.LHL1, VLNPL2]",OL,2,OL.VLNP,2,INP.LH,1,VLNP,2
3814,mixed,BWD->FWD,BWD,FWD,2,2,0,78,2,1.007,39778,509.974,VLNP,1,2,2,"[OLL2, OL.VLNPL2] -> VLNPL1 -> [LH.SNPL2, SNPL2]",OL,2,OL.VLNP,2,LH.SNP,2,SNP,2
3804,mixed,BWD->FWD,BWD,FWD,2,2,0,78,2,1.002,39424,505.436,VLNP,1,2,2,"[OLL2, OL.VLNPL2] -> VLNPL1 -> [LH.SNPL2, MB.VLNPL2]",OL,2,OL.VLNP,2,LH.SNP,2,MB.VLNP,2
3803,mixed,BWD->FWD,BWD,FWD,2,2,0,78,2,1.002,39738,509.462,VLNP,1,2,2,"[OLL2, OL.VLNPL2] -> VLNPL1 -> [INP.VLNPL2, SNPL2]",OL,2,OL.VLNP,2,INP.VLNP,2,SNP,2
3800,mixed,BWD->FWD,BWD,FWD,2,2,0,78,1,1.0,39459,505.885,VLNP,1,2,2,"[OLL2, OL.VLNPL2] -> VLNPL1 -> [INP.VLNPL2, LHL2]",OL,2,OL.VLNP,2,INP.VLNP,2,LH,2
3800,mixed,BWD->FWD,BWD,FWD,2,2,0,78,1,1.0,39446,505.718,VLNP,1,2,2,"[OLL2, OL.VLNPL2] -> VLNPL1 -> [INP.VLNPL2, LH.SNPL2]",OL,2,OL.VLNP,2,INP.VLNP,2,LH.SNP,2
3800,mixed,BWD->FWD,BWD,FWD,2,2,0,78,1,1.0,39384,504.923,VLNP,1,2,2,"[OLL2, OL.VLNPL2] -> VLNPL1 -> [INP.VLNPL2, MB.VLNPL2]",OL,2,OL.VLNP,2,INP.VLNP,2,MB.VLNP,2
3800,mixed,BWD->FWD,BWD,FWD,2,2,0,78,1,1.0,39499,506.397,VLNP,1,2,2,"[OLL2, OL.VLNPL2] -> VLNPL1 -> [LHL2, LH.SNPL2]",OL,2,OL.VLNP,2,LH,2,LH.SNP,2
3800,mixed,BWD->FWD,BWD,FWD,2,2,0,78,1,1.0,39437,505.603,VLNP,1,2,2,"[OLL2, OL.VLNPL2] -> VLNPL1 -> [LHL2, MB.VLNPL2]",OL,2,OL.VLNP,2,LH,2,MB.VLNP,2
3800,mixed,BWD->FWD,BWD,FWD,2,2,0,78,1,1.0,39791,510.141,VLNP,1,2,2,"[OLL2, OL.VLNPL2] -> VLNPL1 -> [LHL2, SNPL2]",OL,2,OL.VLNP,2,LH,2,SNP,2
3800,mixed,BWD->FWD,BWD,FWD,2,2,0,78,1,1.0,39716,509.179,VLNP,1,2,2,"[OLL2, OL.VLNPL2] -> VLNPL1 -> [MB.VLNPL2, SNPL2]",OL,2,OL.VLNP,2,MB.VLNP,2,SNP,2
2760,mixed,BWD->FWD,BWD,FWD,2,2,0,78,3,2.124,566,7.256,VLNP,1,2,2,"[AL.VLNPL2, LX.VLNPL2] -> VLNPL1 -> [SNP.VLNPL2, VLNPL2]",AL.VLNP,2,LX.VLNP,2,SNP.VLNP,2,VLNP,2
90090,mixed,BWD->mix,BWD,mix,1,2,1,360,1,1.0,33654,93.483,VLNP,2,2,2,"[OLL3, OL.VLNPL3] -> VLNPL2 -> [CX.VLNPL3, OL.VLNPL2]",OL,3,OL.VLNP,3,CX.VLNP,3,OL.VLNP,2
60060,mixed,BWD->LAT,BWD,LAT,0,2,2,360,1,1.0,33730,93.694,VLNP,2,2,2,"[OLL3, OL.VLNPL3] -> VLNPL2 -> [LX.VLNPL2, OL.VLNPL2]",OL,3,OL.VLNP,3,LX.VLNP,2,OL.VLNP,2
60060,mixed,BWD->mix,BWD,mix,1,2,1,360,1,1.0,33745,93.736,VLNP,2,2,2,"[OLL3, OL.VLNPL3] -> VLNPL2 -> [LX.VLNPL3, OL.VLNPL2]",OL,3,OL.VLNP,3,LX.VLNP,3,OL.VLNP,2
58974,mixed,mix->FWD,mix,FWD,2,1,1,360,3,1.008,40679,112.997,VLNP,2,2,2,"[OLL2, OL.VLNPL3] -> VLNPL2 -> [INP.VLNPL3, MB.VLNPL3]",OL,2,OL.VLNP,3,INP.VLNP,3,MB.VLNP,3
58822,mixed,mix->FWD,mix,FWD,2,1,1,360,2,1.002,41210,114.472,VLNP,2,2,2,"[OLL2, OL.VLNPL3] -> VLNPL2 -> [LH.SNPL3, MB.VLNPL3]",OL,2,OL.VLNP,3,LH.SNP,3,MB.VLNP,3
58788,mixed,mix->FWD,mix,FWD,2,1,1,360,5,1.001,42255,117.375,VLNP,2,2,2,"[OLL2, OL.VLNPL3] -> VLNPL2 -> [MB.VLNPL3, SNPL3]",OL,2,OL.VLNP,3,MB.VLNP,3,SNP,3
55352,mixed,LAT->FWD,LAT,FWD,2,0,2,360,6,1.156,39603,110.008,VLNP,2,2,2,"[OLL2, OL.VLNPL2] -> VLNPL2 -> [INP.VLNPL3, MB.VLNPL3]",OL,2,OL.VLNP,2,INP.VLNP,3,MB.VLNP,3
55084,mixed,mix->mix,mix,mix,1,1,2,360,6,1.037,2996,8.322,VLNP,2,2,2,"[OL.VLNPL2, OL.VLNPL3] -> VLNPL2 -> [OL.VMNPL2, VLNPL3]",OL.VLNP,2,OL.VLNP,3,OL.VMNP,2,VLNP,3
54054,mixed,BWD->mix,BWD,mix,1,2,1,360,1,1.0,33256,92.378,VLNP,2,2,2,"[OLL3, OL.VLNPL3] -> VLNPL2 -> [CX.VLNPL3, LX.VLNPL2]",OL,3,OL.VLNP,3,CX.VLNP,3,LX.VLNP,2
54054,mixed,BWD->FWD,BWD,FWD,2,2,0,360,1,1.0,33271,92.419,VLNP,2,2,2,"[OLL3, OL.VLNPL3] -> VLNPL2 -> [CX.VLNPL3, LX.VLNPL3]",OL,3,OL.VLNP,3,CX.VLNP,3,LX.VLNP,3
52330,mixed,LAT->FWD,LAT,FWD,2,0,2,360,9,1.036,41179,114.386,VLNP,2,2,2,"[OLL2, OL.VLNPL2] -> VLNPL2 -> [MB.VLNPL3, SNPL3]",OL,2,OL.VLNP,2,MB.VLNP,3,SNP,3
51913,mixed,LAT->FWD,LAT,FWD,2,0,2,360,4,1.02,40134,111.483,VLNP,2,2,2,"[OLL2, OL.VLNPL2] -> VLNPL2 -> [LH.SNPL3, MB.VLNPL3]",OL,2,OL.VLNP,2,LH.SNP,3,MB.VLNP,3
44082,mixed,mix->FWD,mix,FWD,2,1,1,360,2,1.001,40665,112.958,VLNP,2,2,2,"[OLL2, OL.VLNPL3] -> VLNPL2 -> [INP.SNPL3, MB.VLNPL3]",OL,2,OL.VLNP,3,INP.SNP,3,MB.VLNP,3
44064,mixed,mix->FWD,mix,FWD,2,1,1,360,1,1.0,40667,112.964,VLNP,2,2,2,"[OLL2, OL.VLNPL3] -> VLNPL2 -> [INP.MBL3, MB.VLNPL3]",OL,2,OL.VLNP,3,INP.MB,3,MB.VLNP,3
40634,mixed,mix->mix,mix,mix,1,1,2,360,11,1.546,72472,201.311,VLNP,2,2,2,"[OLL2, OL.VLNPL3] -> VLNPL2 -> [OLL3, OL.VLNPL2]",OL,2,OL.VLNP,3,OL,3,OL.VLNP,2
40040,mixed,BWD->LAT,BWD,LAT,0,2,2,360,1,1.0,33648,93.467,VLNP,2,2,2,"[OLL3, OL.VLNPL3] -> VLNPL2 -> [CX.VLNPL2, OL.VLNPL2]",OL,3,OL.VLNP,3,CX.VLNP,2,OL.VLNP,2
39993,mixed,mix->mix,mix,mix,1,1,2,360,10,1.589,72472,201.311,VLNP,2,2,2,"[OLL2, OLL3] -> VLNPL2 -> [OL.VLNPL2, OL.VLNPL3]",OL,2,OL,3,OL.VLNP,2,OL.VLNP,3
38636,mixed,LAT->FWD,LAT,FWD,2,0,2,360,2,1.004,39591,109.975,VLNP,2,2,2,"[OLL2, OL.VLNPL2] -> VLNPL2 -> [INP.MBL3, MB.VLNPL3]",OL,2,OL.VLNP,2,INP.MB,3,MB.VLNP,3
38609,mixed,LAT->FWD,LAT,FWD,2,0,2,360,3,1.003,39589,109.969,VLNP,2,2,2,"[OLL2, OL.VLNPL2] -> VLNPL2 -> [INP.SNPL3, MB.VLNPL3]",OL,2,OL.VLNP,2,INP.SNP,3,MB.VLNP,3
36306,mixed,BWD->mix,BWD,mix,1,2,1,360,2,1.015,33347,92.631,VLNP,2,2,2,"[OLL3, OL.VLNPL3] -> VLNPL2 -> [LX.VLNPL2, LX.VLNPL3]",OL,3,OL.VLNP,3,LX.VLNP,2,LX.VLNP,3
149114,mixed,mix->mix,mix,mix,1,1,2,751,19,2.857,33997,45.269,VLNP,3,2,2,"[OL.VLNPL2, OL.VLNPL3] -> VLNPL3 -> [OLL3, VLNPL2]",OL.VLNP,2,OL.VLNP,3,OL,3,VLNP,2
117732,mixed,FWD->LAT,FWD,LAT,2,0,2,751,7,1.73,1138,1.515,VLNP,3,2,2,"[AL.VLNPL2, VLNPL2] -> VLNPL3 -> [PENPL3, PENP.VLNPL3]",AL.VLNP,2,VLNP,2,PENP,3,PENP.VLNP,3
102810,mixed,FWD->LAT,FWD,LAT,2,0,2,751,9,2.14,1227,1.634,VLNP,3,2,2,"[VLNPL2, VLNP.VMNPL2] -> VLNPL3 -> [PENPL3, PENP.VLNPL3]",VLNP,2,VLNP.VMNP,2,PENP,3,PENP.VLNP,3
102450,mixed,FWD->LAT,FWD,LAT,2,0,2,751,2,1.988,1167,1.554,VLNP,3,2,2,"[SNP.VLNPL2, VLNPL2] -> VLNPL3 -> [PENPL3, PENP.VLNPL3]",SNP.VLNP,2,VLNP,2,PENP,3,PENP.VLNP,3
101010,mixed,LAT->BWD,LAT,BWD,0,2,2,751,24,2.587,33997,45.269,VLNP,3,2,2,"[OLL3, OL.VLNPL3] -> VLNPL3 -> [OL.VLNPL2, VLNPL2]",OL,3,OL.VLNP,3,OL.VLNP,2,VLNP,2
98080,mixed,mix->LAT,mix,LAT,1,0,3,751,4,2.105,1286,1.712,VLNP,3,2,2,"[INP.VLNPL3, VLNPL2] -> VLNPL3 -> [PENPL3, PENP.VLNPL3]",INP.VLNP,3,VLNP,2,PENP,3,PENP.VLNP,3
90499,mixed,mix->mix,mix,mix,1,1,2,751,15,1.027,2673,3.559,VLNP,3,2,2,"[OL.VLNPL2, OL.VLNPL3] -> VLNPL3 -> [VLNP.VMNPL3, VMNPL2]",OL.VLNP,2,OL.VLNP,3,VLNP.VMNP,3,VMNP,2
79580,mixed,FWD->mix,FWD,mix,2,1,1,751,5,1.437,950,1.265,VLNP,3,2,2,"[AL.VLNPL2, VLNPL2] -> VLNPL3 -> [PENP.VLNPL3, VMNPL2]",AL.VLNP,2,VLNP,2,PENP.VLNP,3,VMNP,2
79200,mixed,mix->LAT,mix,LAT,1,0,3,751,2,1.996,1155,1.538,VLNP,3,2,2,"[INP.VMNPL3, VLNPL2] -> VLNPL3 -> [PENPL3, PENP.VLNPL3]",INP.VMNP,3,VLNP,2,PENP,3,PENP.VLNP,3
69808,mixed,FWD->LAT,FWD,LAT,2,0,2,751,7,1.595,585,0.779,VLNP,3,2,2,"[AL.VLNPL2, VLNPL2] -> VLNPL3 -> [LX.VLNPL3, PENP.VLNPL3]",AL.VLNP,2,VLNP,2,LX.VLNP,3,PENP.VLNP,3
68735,mixed,FWD->mix,FWD,mix,2,1,1,751,5,1.567,1039,1.383,VLNP,3,2,2,"[AL.VLNPL2, VLNPL2] -> VLNPL3 -> [PENPL2, PENP.VLNPL3]",AL.VLNP,2,VLNP,2,PENP,2,PENP.VLNP,3
67918,mixed,mix->mix,mix,mix,1,1,2,751,13,1.029,2905,3.868,VLNP,3,2,2,"[OL.VLNPL2, OL.VLNPL3] -> VLNPL3 -> [VMNPL2, VMNPL3]",OL.VLNP,2,OL.VLNP,3,VMNP,2,VMNP,3
67716,mixed,FWD->mix,FWD,mix,2,1,1,751,3,1.461,1536,2.045,VLNP,3,2,2,"[AL.VLNPL2, VLNPL2] -> VLNPL3 -> [PENPL3, VMNPL2]",AL.VLNP,2,VLNP,2,PENP,3,VMNP,2
67057,mixed,mix->mix,mix,mix,1,1,2,751,20,1.945,33997,45.269,VLNP,3,2,2,"[OLL3, OL.VLNPL2] -> VLNPL3 -> [OL.VLNPL3, VLNPL2]",OL,3,OL.VLNP,2,OL.VLNP,3,VLNP,2
65039,mixed,FWD->mix,FWD,mix,2,1,1,751,6,1.813,1039,1.383,VLNP,3,2,2,"[VLNPL2, VLNP.VMNPL2] -> VLNPL3 -> [PENP.VLNPL3, VMNPL2]",VLNP,2,VLNP.VMNP,2,PENP.VLNP,3,VMNP,2
64805,mixed,FWD->mix,FWD,mix,2,1,1,751,3,1.976,979,1.304,VLNP,3,2,2,"[SNP.VLNPL2, VLNPL2] -> VLNPL3 -> [PENP.VLNPL3, VMNPL2]",SNP.VLNP,2,VLNP,2,PENP.VLNP,3,VMNP,2
64653,mixed,FWD->LAT,FWD,LAT,2,0,2,751,3,1.433,1061,1.413,VLNP,3,2,2,"[AL.VLNPL2, VLNPL2] -> VLNPL3 -> [LHL3, PENP.VLNPL3]",AL.VLNP,2,VLNP,2,LH,3,PENP.VLNP,3
62850,mixed,FWD->LAT,FWD,LAT,2,0,2,751,2,1.99,614,0.818,VLNP,3,2,2,"[SNP.VLNPL2, VLNPL2] -> VLNPL3 -> [LX.VLNPL3, PENP.VLNPL3]",SNP.VLNP,2,VLNP,2,LX.VLNP,3,PENP.VLNP,3
62317,mixed,FWD->mix,FWD,mix,2,1,1,751,13,1.769,553,0.736,VLNP,3,2,2,"[AL.VLNPL2, VLNPL2] -> VLNPL3 -> [PENP.VLNPL2, PENP.VLNPL3]",AL.VLNP,2,VLNP,2,PENP.VLNP,2,PENP.VLNP,3
62007,mixed,mix->LAT,mix,LAT,1,0,3,751,20,1.085,2574,3.427,VLNP,3,2,2,"[OL.VLNPL2, OL.VLNPL3] -> VLNPL3 -> [VLNP.VMNPL3, VMNPL3]",OL.VLNP,2,OL.VLNP,3,VLNP.VMNP,3,VMNP,3
216,mixed,BWD->mix,BWD,mix,1,2,1,13,2,1.246,39539,3041.462,VLNP.VMNP,1,2,2,"[OLL2, OL.VLNPL2] -> VLNP.VMNPL1 -> [OL.VMNPL1, OL.VMNPL2]",OL,2,OL.VLNP,2,OL.VMNP,1,OL.VMNP,2
208,mixed,BWD->mix,BWD,mix,1,2,1,13,1,1.0,731,56.231,VLNP.VMNP,1,2,2,"[AL.LHL2, AL.VLNPL2] -> VLNP.VMNPL1 -> [GNG.LXL1, VMNPL2]",AL.LH,2,AL.VLNP,2,GNG.LX,1,VMNP,2
208,mixed,BWD->mix,BWD,mix,1,2,1,13,1,1.0,760,58.462,VLNP.VMNP,1,2,2,"[AL.LHL2, AL.VLNPL2] -> VLNP.VMNPL1 -> [GNG.VMNPL1, VMNPL2]",AL.LH,2,AL.VLNP,2,GNG.VMNP,1,VMNP,2
208,mixed,BWD->FWD,BWD,FWD,2,2,0,13,1,1.0,834,64.154,VLNP.VMNP,1,2,2,"[AL.LHL2, AL.VLNPL2] -> VLNP.VMNPL1 -> [GNG.VMNPL2, VMNPL2]",AL.LH,2,AL.VLNP,2,GNG.VMNP,2,VMNP,2
208,mixed,BWD->FWD,BWD,FWD,2,2,0,13,1,1.0,1101,84.692,VLNP.VMNP,1,2,2,"[AL.LHL2, AL.VLNPL2] -> VLNP.VMNPL1 -> [SNPL2, VMNPL2]",AL.LH,2,AL.VLNP,2,SNP,2,VMNP,2
208,mixed,BWD->FWD,BWD,FWD,2,2,0,13,1,1.0,1089,83.769,VLNP.VMNP,1,2,2,"[AL.LHL2, AL.VLNPL2] -> VLNP.VMNPL1 -> [VLNPL2, VMNPL2]",AL.LH,2,AL.VLNP,2,VLNP,2,VMNP,2
208,mixed,BWD->FWD,BWD,FWD,2,2,0,13,1,1.0,860,66.154,VLNP.VMNP,1,2,2,"[AL.LHL2, AL.VLNPL2] -> VLNP.VMNPL1 -> [VLNP.VMNPL2, VMNPL2]",AL.LH,2,AL.VLNP,2,VLNP.VMNP,2,VMNP,2
208,mixed,BWD->mix,BWD,mix,1,2,1,13,1,1.0,843,64.846,VLNP.VMNP,1,2,2,"[AL.LHL2, AL.VLNPL2] -> VLNP.VMNPL1 -> [VMNPL1, VMNPL2]",AL.LH,2,AL.VLNP,2,VMNP,1,VMNP,2
208,mixed,BWD->mix,BWD,mix,1,2,1,13,1,1.0,1049,80.692,VLNP.VMNP,1,2,2,"[AL.LHL2, VLNPL2] -> VLNP.VMNPL1 -> [GNG.LXL1, VMNPL2]",AL.LH,2,VLNP,2,GNG.LX,1,VMNP,2
208,mixed,BWD->mix,BWD,mix,1,2,1,13,1,1.0,1078,82.923,VLNP.VMNP,1,2,2,"[AL.LHL2, VLNPL2] -> VLNP.VMNPL1 -> [GNG.VMNPL1, VMNPL2]",AL.LH,2,VLNP,2,GNG.VMNP,1,VMNP,2
208,mixed,BWD->FWD,BWD,FWD,2,2,0,13,1,1.0,1152,88.615,VLNP.VMNP,1,2,2,"[AL.LHL2, VLNPL2] -> VLNP.VMNPL1 -> [GNG.VMNPL2, VMNPL2]",AL.LH,2,VLNP,2,GNG.VMNP,2,VMNP,2
208,mixed,BWD->FWD,BWD,FWD,2,2,0,13,1,1.0,1419,109.154,VLNP.VMNP,1,2,2,"[AL.LHL2, VLNPL2] -> VLNP.VMNPL1 -> [SNPL2, VMNPL2]",AL.LH,2,VLNP,2,SNP,2,VMNP,2
208,mixed,BWD->FWD,BWD,FWD,2,2,0,13,1,1.0,1178,90.615,VLNP.VMNP,1,2,2,"[AL.LHL2, VLNPL2] -> VLNP.VMNPL1 -> [VLNP.VMNPL2, VMNPL2]",AL.LH,2,VLNP,2,VLNP.VMNP,2,VMNP,2
208,mixed,BWD->mix,BWD,mix,1,2,1,13,1,1.0,1161,89.308,VLNP.VMNP,1,2,2,"[AL.LHL2, VLNPL2] -> VLNP.VMNPL1 -> [VMNPL1, VMNPL2]",AL.LH,2,VLNP,2,VMNP,1,VMNP,2
208,mixed,BWD->mix,BWD,mix,1,2,1,13,1,1.0,820,63.077,VLNP.VMNP,1,2,2,"[AL.LHL2, VLNP.VMNPL2] -> VLNP.VMNPL1 -> [GNG.LXL1, VMNPL2]",AL.LH,2,VLNP.VMNP,2,GNG.LX,1,VMNP,2
208,mixed,BWD->mix,BWD,mix,1,2,1,13,1,1.0,849,65.308,VLNP.VMNP,1,2,2,"[AL.LHL2, VLNP.VMNPL2] -> VLNP.VMNPL1 -> [GNG.VMNPL1, VMNPL2]",AL.LH,2,VLNP.VMNP,2,GNG.VMNP,1,VMNP,2
208,mixed,BWD->FWD,BWD,FWD,2,2,0,13,1,1.0,923,71.0,VLNP.VMNP,1,2,2,"[AL.LHL2, VLNP.VMNPL2] -> VLNP.VMNPL1 -> [GNG.VMNPL2, VMNPL2]",AL.LH,2,VLNP.VMNP,2,GNG.VMNP,2,VMNP,2
208,mixed,BWD->FWD,BWD,FWD,2,2,0,13,1,1.0,1190,91.538,VLNP.VMNP,1,2,2,"[AL.LHL2, VLNP.VMNPL2] -> VLNP.VMNPL1 -> [SNPL2, VMNPL2]",AL.LH,2,VLNP.VMNP,2,SNP,2,VMNP,2
208,mixed,BWD->FWD,BWD,FWD,2,2,0,13,1,1.0,1178,90.615,VLNP.VMNP,1,2,2,"[AL.LHL2, VLNP.VMNPL2] -> VLNP.VMNPL1 -> [VLNPL2, VMNPL2]",AL.LH,2,VLNP.VMNP,2,VLNP,2,VMNP,2
208,mixed,BWD->mix,BWD,mix,1,2,1,13,1,1.0,932,71.692,VLNP.VMNP,1,2,2,"[AL.LHL2, VLNP.VMNPL2] -> VLNP.VMNPL1 -> [VMNPL1, VMNPL2]",AL.LH,2,VLNP.VMNP,2,VMNP,1,VMNP,2
130854,mixed,mix->FWD,mix,FWD,2,1,1,131,5,1.015,71539,546.099,VLNP.VMNP,2,2,2,"[OLL2, OLL3] -> VLNP.VMNPL2 -> [VLNPL3, VMNPL3]",OL,2,OL,3,VLNP,3,VMNP,3
130023,mixed,mix->FWD,mix,FWD,2,1,1,131,4,1.003,70930,541.45,VLNP.VMNP,2,2,2,"[OLL2, OLL3] -> VLNP.VMNPL2 -> [VLNP.VMNPL3, VMNPL3]",OL,2,OL,3,VLNP.VMNP,3,VMNP,3
129850,mixed,mix->FWD,mix,FWD,2,1,1,131,1,1.0,70896,541.191,VLNP.VMNP,2,2,2,"[OLL2, OLL3] -> VLNP.VMNPL2 -> [LX.VLNPL3, VMNPL3]",OL,2,OL,3,LX.VLNP,3,VMNP,3
125156,mixed,BWD->FWD,BWD,FWD,2,2,0,131,6,1.003,34271,261.611,VLNP.VMNP,2,2,2,"[OLL3, OL.VLNPL3] -> VLNP.VMNPL2 -> [VLNPL3, VMNPL3]",OL,3,OL.VLNP,3,VLNP,3,VMNP,3
125016,mixed,BWD->FWD,BWD,FWD,2,2,0,131,5,1.001,33662,256.962,VLNP.VMNP,2,2,2,"[OLL3, OL.VLNPL3] -> VLNP.VMNPL2 -> [VLNP.VMNPL3, VMNPL3]",OL,3,OL.VLNP,3,VLNP.VMNP,3,VMNP,3
124950,mixed,BWD->FWD,BWD,FWD,2,2,0,131,1,1.0,33628,256.702,VLNP.VMNP,2,2,2,"[OLL3, OL.VLNPL3] -> VLNP.VMNPL2 -> [LX.VLNPL3, VMNPL3]",OL,3,OL.VLNP,3,LX.VLNP,3,VMNP,3
104235,mixed,mix->mix,mix,mix,1,1,2,131,7,1.007,71261,543.977,VLNP.VMNP,2,2,2,"[OLL2, OLL3] -> VLNP.VMNPL2 -> [VMNPL2, VMNPL3]",OL,2,OL,3,VMNP,2,VMNP,3
100129,mixed,BWD->mix,BWD,mix,1,2,1,131,7,1.003,33993,259.489,VLNP.VMNP,2,2,2,"[OLL3, OL.VLNPL3] -> VLNP.VMNPL2 -> [VMNPL2, VMNPL3]",OL,3,OL.VLNP,3,VMNP,2,VMNP,3
94684,mixed,mix->FWD,mix,FWD,2,1,1,131,4,1.002,41527,317.0,VLNP.VMNP,2,2,2,"[OLL2, OL.VLNPL3] -> VLNP.VMNPL2 -> [VLNPL3, VMNPL3]",OL,2,OL.VLNP,3,VLNP,3,VMNP,3
94609,mixed,mix->FWD,mix,FWD,2,1,1,131,3,1.0,40918,312.351,VLNP.VMNP,2,2,2,"[OLL2, OL.VLNPL3] -> VLNP.VMNPL2 -> [VLNP.VMNPL3, VMNPL3]",OL,2,OL.VLNP,3,VLNP.VMNP,3,VMNP,3
94605,mixed,mix->FWD,mix,FWD,2,1,1,131,1,1.0,40884,312.092,VLNP.VMNP,2,2,2,"[OLL2, OL.VLNPL3] -> VLNP.VMNPL2 -> [LX.VLNPL3, VMNPL3]",OL,2,OL.VLNP,3,LX.VLNP,3,VMNP,3
93400,mixed,mix->FWD,mix,FWD,2,1,1,131,4,1.014,71307,544.328,VLNP.VMNP,2,2,2,"[OLL2, OLL3] -> VLNP.VMNPL2 -> [VLNPL3, VLNP.VMNPL3]",OL,2,OL,3,VLNP,3,VLNP.VMNP,3
92750,mixed,mix->FWD,mix,FWD,2,1,1,131,1,1.0,71273,544.069,VLNP.VMNP,2,2,2,"[OLL2, OLL3] -> VLNP.VMNPL2 -> [LX.VLNPL3, VLNPL3]",OL,2,OL,3,LX.VLNP,3,VLNP,3
92750,mixed,mix->FWD,mix,FWD,2,1,1,131,1,1.0,70664,539.42,VLNP.VMNP,2,2,2,"[OLL2, OLL3] -> VLNP.VMNPL2 -> [LX.VLNPL3, VLNP.VMNPL3]",OL,2,OL,3,LX.VLNP,3,VLNP.VMNP,3
89970,mixed,BWD->FWD,BWD,FWD,2,2,0,131,2,1.016,34005,259.58,VLNP.VMNP,2,2,2,"[OLL3, OL.VLNPL3] -> VLNP.VMNPL2 -> [LX.VLNPL3, VLNPL3]",OL,3,OL.VLNP,3,LX.VLNP,3,VLNP,3
89356,mixed,BWD->FWD,BWD,FWD,2,2,0,131,5,1.002,34039,259.84,VLNP.VMNP,2,2,2,"[OLL3, OL.VLNPL3] -> VLNP.VMNPL2 -> [VLNPL3, VLNP.VMNPL3]",OL,3,OL.VLNP,3,VLNP,3,VLNP.VMNP,3
89250,mixed,BWD->FWD,BWD,FWD,2,2,0,131,1,1.0,33396,254.931,VLNP.VMNP,2,2,2,"[OLL3, OL.VLNPL3] -> VLNP.VMNPL2 -> [LX.VLNPL3, VLNP.VMNPL3]",OL,3,OL.VLNP,3,LX.VLNP,3,VLNP.VMNP,3
78078,mixed,mix->mix,mix,mix,1,1,2,131,2,1.004,70862,540.931,VLNP.VMNP,2,2,2,"[OLL2, OLL3] -> VLNP.VMNPL2 -> [LX.VMNPL2, VMNPL3]",OL,2,OL,3,LX.VMNP,2,VMNP,3
77910,mixed,mix->mix,mix,mix,1,1,2,131,1,1.0,70881,541.076,VLNP.VMNP,2,2,2,"[OLL2, OLL3] -> VLNP.VMNPL2 -> [LX.VLNPL2, VMNPL3]",OL,2,OL,3,LX.VLNP,2,VMNP,3
75709,mixed,mix->mix,mix,mix,1,1,2,131,4,1.001,41249,314.878,VLNP.VMNP,2,2,2,"[OLL2, OL.VLNPL3] -> VLNP.VMNPL2 -> [VMNPL2, VMNPL3]",OL,2,OL.VLNP,3,VMNP,2,VMNP,3
4303,mixed,mix->LAT,mix,LAT,1,0,3,142,14,2.807,1657,11.669,VLNP.VMNP,3,2,2,"[VMNPL2, VMNPL3] -> VLNP.VMNPL3 -> [INP.VMNPL3, VLNPL3]",VMNP,2,VMNP,3,INP.VMNP,3,VLNP,3
4286,mixed,FWD->mix,FWD,mix,2,1,1,142,5,1.296,40208,283.155,VLNP.VMNP,3,2,2,"[OLL2, OL.VLNPL2] -> VLNP.VMNPL3 -> [VLNPL3, VLNP.VMNPL2]",OL,2,OL.VLNP,2,VLNP,3,VLNP.VMNP,2
4079,mixed,mix->mix,mix,mix,1,1,2,142,42,8.252,1958,13.789,VLNP.VMNP,3,2,2,"[VMNPL2, VMNPL3] -> VLNP.VMNPL3 -> [VLNPL2, VLNPL3]",VMNP,2,VMNP,3,VLNP,2,VLNP,3
3789,mixed,LAT->mix,LAT,mix,0,1,3,142,14,4.301,3165,22.289,VLNP.VMNP,3,2,2,"[OL.VLNPL3, VLNPL3] -> VLNP.VMNPL3 -> [VMNPL2, VMNPL3]",OL.VLNP,3,VLNP,3,VMNP,2,VMNP,3
3776,mixed,mix->mix,mix,mix,1,1,2,142,26,4.807,1729,12.176,VLNP.VMNP,3,2,2,"[VLNP.VMNPL2, VMNPL3] -> VLNP.VMNPL3 -> [VLNPL3, VMNPL2]",VLNP.VMNP,2,VMNP,3,VLNP,3,VMNP,2
3749,mixed,FWD->LAT,FWD,LAT,2,0,2,142,2,1.003,40267,283.57,VLNP.VMNP,3,2,2,"[OLL2, OL.VLNPL2] -> VLNP.VMNPL3 -> [INP.VLNPL3, VLNPL3]",OL,2,OL.VLNP,2,INP.VLNP,3,VLNP,3
3696,mixed,LAT->BWD,LAT,BWD,0,2,2,142,1,1.0,1850,13.028,VLNP.VMNP,3,2,2,"[LHL3, VLNPL3] -> VLNP.VMNPL3 -> [AL.VLNPL2, VMNPL2]",LH,3,VLNP,3,AL.VLNP,2,VMNP,2
3696,mixed,LAT->mix,LAT,mix,0,1,3,142,1,1.0,2182,15.366,VLNP.VMNP,3,2,2,"[LHL3, VLNPL3] -> VLNP.VMNPL3 -> [VMNPL2, VMNPL3]",LH,3,VLNP,3,VMNP,2,VMNP,3
3575,mixed,mix->mix,mix,mix,1,1,2,142,24,6.119,1958,13.789,VLNP.VMNP,3,2,2,"[VLNPL2, VLNPL3] -> VLNP.VMNPL3 -> [VMNPL2, VMNPL3]",VLNP,2,VLNP,3,VMNP,2,VMNP,3
3358,mixed,mix->mix,mix,mix,1,1,2,142,17,4.437,2089,14.711,VLNP.VMNP,3,2,2,"[OL.VLNPL2, VLNPL3] -> VLNP.VMNPL3 -> [VMNPL2, VMNPL3]",OL.VLNP,2,VLNP,3,VMNP,2,VMNP,3
3319,mixed,mix->BWD,mix,BWD,1,2,1,142,8,1.154,942,6.634,VLNP.VMNP,3,2,2,"[PENP.VMNPL2, VMNPL3] -> VLNP.VMNPL3 -> [VLNPL2, VLNP.VMNPL2]",PENP.VMNP,2,VMNP,3,VLNP,2,VLNP.VMNP,2
3157,mixed,LAT->BWD,LAT,BWD,0,2,2,142,26,8.225,1958,13.789,VLNP.VMNP,3,2,2,"[VLNPL3, VMNPL3] -> VLNP.VMNPL3 -> [VLNPL2, VMNPL2]",VLNP,3,VMNP,3,VLNP,2,VMNP,2
3150,mixed,mix->BWD,mix,BWD,1,2,1,142,5,1.041,1773,12.486,VLNP.VMNP,3,2,2,"[ALL2, VMNPL3] -> VLNP.VMNPL3 -> [VLNPL2, VLNP.VMNPL2]",AL,2,VMNP,3,VLNP,2,VLNP.VMNP,2
3113,mixed,FWD->BWD,FWD,BWD,2,2,0,142,3,1.017,1476,10.394,VLNP.VMNP,3,2,2,"[ALL2, PENP.VMNPL2] -> VLNP.VMNPL3 -> [VLNPL2, VLNP.VMNPL2]",AL,2,PENP.VMNP,2,VLNP,2,VLNP.VMNP,2
3108,mixed,FWD->mix,FWD,mix,2,1,1,142,3,1.217,40437,284.768,VLNP.VMNP,3,2,2,"[OLL2, OL.VLNPL2] -> VLNP.VMNPL3 -> [VLNPL2, VLNPL3]",OL,2,OL.VLNP,2,VLNP,2,VLNP,3
2989,mixed,mix->BWD,mix,BWD,1,2,1,142,8,1.269,1055,7.43,VLNP.VMNP,3,2,2,"[PENP.VMNPL2, VMNPL3] -> VLNP.VMNPL3 -> [VLNP.VMNPL2, VMNPL2]",PENP.VMNP,2,VMNP,3,VLNP.VMNP,2,VMNP,2
2892,mixed,FWD->LAT,FWD,LAT,2,0,2,142,2,1.06,41843,294.669,VLNP.VMNP,3,2,2,"[OLL2, OL.VLNPL2] -> VLNP.VMNPL3 -> [SNPL3, VLNPL3]",OL,2,OL.VLNP,2,SNP,3,VLNP,3
2879,mixed,LAT->BWD,LAT,BWD,0,2,2,142,22,7.121,1729,12.176,VLNP.VMNP,3,2,2,"[VLNPL3, VMNPL3] -> VLNP.VMNPL3 -> [VLNP.VMNPL2, VMNPL2]",VLNP,3,VMNP,3,VLNP.VMNP,2,VMNP,2
2771,mixed,mix->BWD,mix,BWD,1,2,1,142,4,1.095,1886,13.282,VLNP.VMNP,3,2,2,"[ALL2, VMNPL3] -> VLNP.VMNPL3 -> [VLNP.VMNPL2, VMNPL2]",AL,2,VMNP,3,VLNP.VMNP,2,VMNP,2
2676,mixed,FWD->BWD,FWD,BWD,2,2,0,142,2,1.023,1589,11.19,VLNP.VMNP,3,2,2,"[ALL2, PENP.VMNPL2] -> VLNP.VMNPL3 -> [VLNP.VMNPL2, VMNPL2]",AL,2,PENP.VMNP,2,VLNP.VMNP,2,VMNP,2
14306,mixed,BWD->FWD,BWD,FWD,2,2,0,114,14,3.547,839,7.36,VMNP,1,2,2,"[GNG.VMNPL2, VMNPL2] -> VMNPL1 -> [LX.VMNPL2, OL.VMNPL2]",GNG.VMNP,2,VMNP,2,LX.VMNP,2,OL.VMNP,2
9121,mixed,BWD->FWD,BWD,FWD,2,2,0,114,11,2.125,839,7.36,VMNP,1,2,2,"[GNG.VMNPL2, OL.VMNPL2] -> VMNPL1 -> [LX.VMNPL2, VMNPL2]",GNG.VMNP,2,OL.VMNP,2,LX.VMNP,2,VMNP,2
8961,mixed,BWD->FWD,BWD,FWD,2,2,0,114,8,2.465,839,7.36,VMNP,1,2,2,"[GNG.VMNPL2, LX.VMNPL2] -> VMNPL1 -> [OL.VMNPL2, VMNPL2]",GNG.VMNP,2,LX.VMNP,2,OL.VMNP,2,VMNP,2
7136,mixed,mix->FWD,mix,FWD,2,1,1,114,12,3.851,765,6.711,VMNP,1,2,2,"[GNG.VMNPL1, VMNPL2] -> VMNPL1 -> [LX.VMNPL2, OL.VMNPL2]",GNG.VMNP,1,VMNP,2,LX.VMNP,2,OL.VMNP,2
6265,mixed,BWD->FWD,BWD,FWD,2,2,0,114,8,2.942,896,7.86,VMNP,1,2,2,"[GNG.VMNPL2, VMNPL2] -> VMNPL1 -> [OL.VMNPL2, VLNP.VMNPL2]",GNG.VMNP,2,VMNP,2,OL.VMNP,2,VLNP.VMNP,2
5604,mixed,BWD->FWD,BWD,FWD,2,2,0,114,3,2.283,1327,11.64,VMNP,1,2,2,"[GNG.VMNPL2, PENPL2] -> VMNPL1 -> [OL.VMNPL2, VMNPL2]",GNG.VMNP,2,PENP,2,OL.VMNP,2,VMNP,2
5564,mixed,BWD->FWD,BWD,FWD,2,2,0,114,4,1.445,865,7.588,VMNP,1,2,2,"[OL.VMNPL2, VMNPL2] -> VMNPL1 -> [LX.VMNPL2, VLNP.VMNPL2]",OL.VMNP,2,VMNP,2,LX.VMNP,2,VLNP.VMNP,2
5520,mixed,BWD->FWD,BWD,FWD,2,2,0,114,7,2.222,1543,13.535,VMNP,1,2,2,"[GNGL2, VMNPL2] -> VMNPL1 -> [LX.VMNPL2, OL.VMNPL2]",GNG,2,VMNP,2,LX.VMNP,2,OL.VMNP,2
5490,mixed,BWD->FWD,BWD,FWD,2,2,0,114,8,1.866,783,6.868,VMNP,1,2,2,"[GNG.VMNPL2, VMNPL2] -> VMNPL1 -> [LX.VMNPL2, VLNP.VMNPL2]",GNG.VMNP,2,VMNP,2,LX.VMNP,2,VLNP.VMNP,2
5445,mixed,BWD->mix,BWD,mix,1,2,1,114,13,2.741,668,5.86,VMNP,1,2,2,"[GNG.VMNPL2, VMNPL2] -> VMNPL1 -> [LX.VMNPL1, LX.VMNPL2]",GNG.VMNP,2,VMNP,2,LX.VMNP,1,LX.VMNP,2
5409,mixed,mix->FWD,mix,FWD,2,1,1,114,17,4.056,796,6.982,VMNP,1,2,2,"[GNG.VMNPL1, GNG.VMNPL2] -> VMNPL1 -> [OL.VMNPL2, VMNPL2]",GNG.VMNP,1,GNG.VMNP,2,OL.VMNP,2,VMNP,2
5143,mixed,BWD->mix,BWD,mix,1,2,1,114,9,2.204,750,6.579,VMNP,1,2,2,"[OL.VMNPL2, VMNPL2] -> VMNPL1 -> [LX.VMNPL1, LX.VMNPL2]",OL.VMNP,2,VMNP,2,LX.VMNP,1,LX.VMNP,2
4971,mixed,BWD->FWD,BWD,FWD,2,2,0,114,5,1.928,896,7.86,VMNP,1,2,2,"[GNG.VMNPL2, OL.VMNPL2] -> VMNPL1 -> [VLNP.VMNPL2, VMNPL2]",GNG.VMNP,2,OL.VMNP,2,VLNP.VMNP,2,VMNP,2
4941,mixed,BWD->FWD,BWD,FWD,2,2,0,114,12,3.797,842,7.386,VMNP,1,2,2,"[GNG.VMNPL2, PENP.VMNPL2] -> VMNPL1 -> [OL.VMNPL2, VMNPL2]",GNG.VMNP,2,PENP.VMNP,2,OL.VMNP,2,VMNP,2
4912,mixed,BWD->FWD,BWD,FWD,2,2,0,114,3,2.347,1296,11.368,VMNP,1,2,2,"[PENPL2, VMNPL2] -> VMNPL1 -> [LX.VMNPL2, OL.VMNPL2]",PENP,2,VMNP,2,LX.VMNP,2,OL.VMNP,2
4562,mixed,BWD->FWD,BWD,FWD,2,2,0,114,7,4.022,811,7.114,VMNP,1,2,2,"[PENP.VMNPL2, VMNPL2] -> VMNPL1 -> [LX.VMNPL2, OL.VMNPL2]",PENP.VMNP,2,VMNP,2,LX.VMNP,2,OL.VMNP,2
4446,mixed,BWD->mix,BWD,mix,1,2,1,114,10,4.292,781,6.851,VMNP,1,2,2,"[GNG.VMNPL2, VMNPL2] -> VMNPL1 -> [LX.VMNPL1, OL.VMNPL2]",GNG.VMNP,2,VMNP,2,LX.VMNP,1,OL.VMNP,2
4422,mixed,BWD->FWD,BWD,FWD,2,2,0,114,3,1.729,1296,11.368,VMNP,1,2,2,"[LX.VMNPL2, PENPL2] -> VMNPL1 -> [OL.VMNPL2, VMNPL2]",LX.VMNP,2,PENP,2,OL.VMNP,2,VMNP,2
4301,mixed,BWD->FWD,BWD,FWD,2,2,0,114,7,4.75,865,7.588,VMNP,1,2,2,"[LX.VMNPL2, VMNPL2] -> VMNPL1 -> [OL.VMNPL2, VLNP.VMNPL2]",LX.VMNP,2,VMNP,2,OL.VMNP,2,VLNP.VMNP,2
4281,mixed,mix->FWD,mix,FWD,2,1,1,114,16,2.515,683,5.991,VMNP,1,2,2,"[GNG.VMNPL1, GNG.VMNPL2] -> VMNPL1 -> [LX.VMNPL2, VMNPL2]",GNG.VMNP,1,GNG.VMNP,2,LX.VMNP,2,VMNP,2
26250,mixed,BWD->FWD,BWD,FWD,2,2,0,473,7,1.952,32203,68.082,VMNP,2,2,2,"[OLL3, OL.VMNPL3] -> VMNPL2 -> [VLNP.VMNPL3, VMNPL3]",OL,3,OL.VMNP,3,VLNP.VMNP,3,VMNP,3
21462,mixed,mix->mix,mix,mix,2,1,1,473,25,2.696,783,1.655,VMNP,2,2,2,"[VMNPL1, VMNPL3] -> VMNPL2 -> [OL.VMNPL2, OL.VMNPL3]",VMNP,1,VMNP,3,OL.VMNP,2,OL.VMNP,3
18675,mixed,mix->mix,mix,mix,2,0,2,473,40,3.424,780,1.649,VMNP,2,2,2,"[GNG.VMNPL2, VMNPL1] -> VMNPL2 -> [OL.VMNPL2, VMNPL3]",GNG.VMNP,2,VMNP,1,OL.VMNP,2,VMNP,3
17150,mixed,mix->LAT,mix,LAT,1,1,2,473,25,2.2,749,1.584,VMNP,2,2,2,"[VMNPL1, VMNPL3] -> VMNPL2 -> [LX.VMNPL2, OL.VMNPL2]",VMNP,1,VMNP,3,LX.VMNP,2,OL.VMNP,2
16305,mixed,mix->mix,mix,mix,1,1,2,473,19,2.053,774,1.636,VMNP,2,2,2,"[GNG.VMNPL2, VMNPL3] -> VMNPL2 -> [OL.VMNPL2, OL.VMNPL3]",GNG.VMNP,2,VMNP,3,OL.VMNP,2,OL.VMNP,3
16279,mixed,mix->mix,mix,mix,2,0,2,473,25,7.705,749,1.584,VMNP,2,2,2,"[LX.VMNPL2, VMNPL1] -> VMNPL2 -> [OL.VMNPL2, VMNPL3]",LX.VMNP,2,VMNP,1,OL.VMNP,2,VMNP,3
16124,mixed,BWD->mix,BWD,mix,1,2,1,473,22,2.348,32248,68.178,VMNP,2,2,2,"[OLL3, OL.VMNPL3] -> VMNPL2 -> [OL.VMNPL2, VMNPL3]",OL,3,OL.VMNP,3,OL.VMNP,2,VMNP,3
16063,mixed,BWD->FWD,BWD,FWD,2,2,0,473,9,1.777,32812,69.37,VMNP,2,2,2,"[OLL3, OL.VMNPL3] -> VMNPL2 -> [VLNPL3, VMNPL3]",OL,3,OL.VMNP,3,VLNP,3,VMNP,3
13875,mixed,mix->LAT,mix,LAT,0,1,3,473,20,1.53,740,1.564,VMNP,2,2,2,"[GNG.VMNPL2, VMNPL3] -> VMNPL2 -> [LX.VMNPL2, OL.VMNPL2]",GNG.VMNP,2,VMNP,3,LX.VMNP,2,OL.VMNP,2
13862,mixed,mix->mix,mix,mix,2,0,2,473,21,1.973,514,1.087,VMNP,2,2,2,"[GNG.VMNPL2, VMNPL1] -> VMNPL2 -> [OL.VMNPL2, OL.VMNPL3]",GNG.VMNP,2,VMNP,1,OL.VMNP,2,OL.VMNP,3
13858,mixed,mix->FWD,mix,FWD,2,1,1,473,20,2.039,811,1.715,VMNP,2,2,2,"[OL.VMNPL2, OL.VMNPL3] -> VMNPL2 -> [VLNP.VMNPL3, VMNPL3]",OL.VMNP,2,OL.VMNP,3,VLNP.VMNP,3,VMNP,3
12317,mixed,BWD->FWD,BWD,FWD,2,2,0,473,14,2.332,1375,2.907,VMNP,2,2,2,"[OL.VMNPL3, VMNPL3] -> VMNPL2 -> [VLNPL3, VLNP.VMNPL3]",OL.VMNP,3,VMNP,3,VLNP,3,VLNP.VMNP,3
11959,mixed,mix->LAT,mix,LAT,1,0,3,473,21,1.553,480,1.015,VMNP,2,2,2,"[GNG.VMNPL2, VMNPL1] -> VMNPL2 -> [LX.VMNPL2, OL.VMNPL2]",GNG.VMNP,2,VMNP,1,LX.VMNP,2,OL.VMNP,2
11174,mixed,BWD->mix,BWD,mix,1,2,1,473,13,2.201,811,1.715,VMNP,2,2,2,"[OL.VMNPL3, VMNPL3] -> VMNPL2 -> [OL.VMNPL2, VLNP.VMNPL3]",OL.VMNP,3,VMNP,3,OL.VMNP,2,VLNP.VMNP,3
11004,mixed,mix->mix,mix,mix,2,1,1,473,18,2.046,714,1.51,VMNP,2,2,2,"[VMNPL1, VMNPL3] -> VMNPL2 -> [LX.VMNPL3, OL.VMNPL2]",VMNP,1,VMNP,3,LX.VMNP,3,OL.VMNP,2
10667,mixed,BWD->FWD,BWD,FWD,2,2,0,473,14,1.438,712,1.505,VMNP,2,2,2,"[GNG.VMNPL3, OL.VMNPL3] -> VMNPL2 -> [VLNP.VMNPL3, VMNPL3]",GNG.VMNP,3,OL.VMNP,3,VLNP.VMNP,3,VMNP,3
10439,mixed,mix->FWD,mix,FWD,2,1,1,473,12,2.097,32282,68.249,VMNP,2,2,2,"[OLL3, OL.VMNPL2] -> VMNPL2 -> [VLNP.VMNPL3, VMNPL3]",OL,3,OL.VMNP,2,VLNP.VMNP,3,VMNP,3
10171,mixed,mix->mix,mix,mix,2,0,2,473,11,3.474,483,1.021,VMNP,2,2,2,"[LX.VMNPL2, VMNPL1] -> VMNPL2 -> [OL.VMNPL2, OL.VMNPL3]",LX.VMNP,2,VMNP,1,OL.VMNP,2,OL.VMNP,3
10170,mixed,BWD->FWD,BWD,FWD,2,2,0,473,8,1.906,32846,69.442,VMNP,2,2,2,"[OLL3, VMNPL3] -> VMNPL2 -> [VLNPL3, VLNP.VMNPL3]",OL,3,VMNP,3,VLNP,3,VLNP.VMNP,3
9852,mixed,BWD->mix,BWD,mix,1,2,1,473,4,1.632,32192,68.059,VMNP,2,2,2,"[OLL3, OL.VMNPL3] -> VMNPL2 -> [VLNP.VMNPL2, VMNPL3]",OL,3,OL.VMNP,3,VLNP.VMNP,2,VMNP,3
14895,mixed,mix->LAT,mix,LAT,1,0,3,374,6,1.015,1965,5.254,VMNP,3,2,2,"[VLNPL3, VMNPL2] -> VMNPL3 -> [PENPL3, PENP.VMNPL3]",VLNP,3,VMNP,2,PENP,3,PENP.VMNP,3
9529,mixed,mix->LAT,mix,LAT,1,0,3,374,5,1.026,1623,4.34,VMNP,3,2,2,"[VLNPL3, VLNP.VMNPL2] -> VMNPL3 -> [PENPL3, PENP.VMNPL3]",VLNP,3,VLNP.VMNP,2,PENP,3,PENP.VMNP,3
8848,mixed,FWD->LAT,FWD,LAT,2,0,2,374,6,1.052,1345,3.596,VMNP,3,2,2,"[VLNP.VMNPL2, VMNPL2] -> VMNPL3 -> [PENPL3, PENP.VMNPL3]",VLNP.VMNP,2,VMNP,2,PENP,3,PENP.VMNP,3
8506,mixed,mix->LAT,mix,LAT,1,0,3,374,5,1.014,1944,5.198,VMNP,3,2,2,"[VLNPL3, VMNPL2] -> VMNPL3 -> [INP.VMNPL3, PENPL3]",VLNP,3,VMNP,2,INP.VMNP,3,PENP,3
8100,pure_LAT,LAT->LAT,LAT,LAT,0,0,4,374,4,1.009,1634,4.369,VMNP,3,2,2,"[VLNPL3, VLNP.VMNPL3] -> VMNPL3 -> [PENPL3, PENP.VMNPL3]",VLNP,3,VLNP.VMNP,3,PENP,3,PENP.VMNP,3
7498,mixed,FWD->LAT,FWD,LAT,2,0,2,374,5,1.029,2016,5.39,VMNP,3,2,2,"[VLNP.VMNPL2, VMNPL2] -> VMNPL3 -> [PENPL3, VLNPL3]",VLNP.VMNP,2,VMNP,2,PENP,3,VLNP,3
7451,mixed,mix->LAT,mix,LAT,1,0,3,374,5,1.016,1356,3.626,VMNP,3,2,2,"[VLNP.VMNPL3, VMNPL2] -> VMNPL3 -> [PENPL3, PENP.VMNPL3]",VLNP.VMNP,3,VMNP,2,PENP,3,PENP.VMNP,3
6720,pure_LAT,LAT->LAT,LAT,LAT,0,0,4,374,1,1.0,1605,4.291,VMNP,3,2,2,"[GNG.PENPL3, VLNPL3] -> VMNPL3 -> [PENPL3, PENP.VMNPL3]",GNG.PENP,3,VLNP,3,PENP,3,PENP.VMNP,3
6720,pure_LAT,LAT->LAT,LAT,LAT,0,0,4,374,1,1.0,1600,4.278,VMNP,3,2,2,"[OL.VMNPL3, VLNPL3] -> VMNPL3 -> [PENPL3, PENP.VMNPL3]",OL.VMNP,3,VLNP,3,PENP,3,PENP.VMNP,3
6425,mixed,mix->mix,mix,mix,1,1,2,374,6,1.028,1962,5.246,VMNP,3,2,2,"[VLNPL3, VMNPL2] -> VMNPL3 -> [PENPL3, PENP.VMNPL2]",VLNP,3,VMNP,2,PENP,3,PENP.VMNP,2
6394,mixed,mix->mix,mix,mix,1,1,2,374,5,1.018,2245,6.003,VMNP,3,2,2,"[VLNPL3, VMNPL2] -> VMNPL3 -> [PENPL3, VLNPL2]",VLNP,3,VMNP,2,PENP,3,VLNP,2
6376,mixed,mix->LAT,mix,LAT,1,0,3,374,5,1.013,2027,5.42,VMNP,3,2,2,"[VLNP.VMNPL3, VMNPL2] -> VMNPL3 -> [PENPL3, VLNPL3]",VLNP.VMNP,3,VMNP,2,PENP,3,VLNP,3
6336,mixed,mix->LAT,mix,LAT,1,0,3,374,1,1.0,2061,5.511,VMNP,3,2,2,"[VLNPL3, VMNPL2] -> VMNPL3 -> [INP.SNPL3, PENPL3]",VLNP,3,VMNP,2,INP.SNP,3,PENP,3
6336,mixed,mix->LAT,mix,LAT,1,0,3,374,1,1.0,1993,5.329,VMNP,3,2,2,"[VLNPL3, VMNPL2] -> VMNPL3 -> [OL.VMNPL3, PENPL3]",VLNP,3,VMNP,2,OL.VMNP,3,PENP,3
6336,mixed,mix->LAT,mix,LAT,1,0,3,374,1,1.0,3651,9.762,VMNP,3,2,2,"[VLNPL3, VMNPL2] -> VMNPL3 -> [PENPL3, SNPL3]",VLNP,3,VMNP,2,PENP,3,SNP,3
6160,mixed,mix->LAT,mix,LAT,1,0,3,374,1,1.0,1327,3.548,VMNP,3,2,2,"[GNG.PENPL3, VMNPL2] -> VMNPL3 -> [PENPL3, PENP.VMNPL3]",GNG.PENP,3,VMNP,2,PENP,3,PENP.VMNP,3
6160,mixed,mix->LAT,mix,LAT,1,0,3,374,1,1.0,1322,3.535,VMNP,3,2,2,"[OL.VMNPL3, VMNPL2] -> VMNPL3 -> [PENPL3, PENP.VMNPL3]",OL.VMNP,3,VMNP,2,PENP,3,PENP.VMNP,3
5682,mixed,mix->mix,mix,mix,1,1,2,374,6,1.115,2016,5.39,VMNP,3,2,2,"[VLNPL3, VLNP.VMNPL2] -> VMNPL3 -> [PENPL3, VMNPL2]",VLNP,3,VLNP.VMNP,2,PENP,3,VMNP,2
5444,mixed,mix->LAT,mix,LAT,1,0,3,374,5,1.025,1602,4.283,VMNP,3,2,2,"[VLNPL3, VLNP.VMNPL2] -> VMNPL3 -> [INP.VMNPL3, PENPL3]",VLNP,3,VLNP.VMNP,2,INP.VMNP,3,PENP,3
5377,mixed,mix->LAT,mix,LAT,1,0,3,374,2,1.0,2301,6.152,VMNP,3,2,2,"[GNGL2, VLNPL3] -> VMNPL3 -> [PENPL3, PENP.VMNPL3]",GNG,2,VLNP,3,PENP,3,PENP.VMNP,3
