motif_count,hourglass_type,signature,fanin_sig,fanout_sig,n_FF,n_FB,n_lat,n_waist,n_waist_active,n_waist_eff,n_periphery,compression,bottleneck_area,bottleneck_level,k_in,k_out,structure_str,fan_in_0_area,fan_in_0_level,fan_in_1_area,fan_in_1_level,fan_out_0_area,fan_out_0_level,fan_out_1_area,fan_out_1_level
13749087261,mixed,FB->mix,FB,mix,1,2,1,647,90,2.34,11082,17.128,LOP,2,2,2,"[LO.LOPL3, ME.LOPL3] -> LOPL2 -> [LOPL3, ME.LOPL2]",LO.LOP,3,ME.LOP,3,LOP,3,ME.LOP,2
8475514989,mixed,FB->mix,FB,mix,1,2,1,647,64,1.594,18869,29.164,LOP,2,2,2,"[LO.LOPL3, ME.LOPL3] -> LOPL2 -> [ME.LOL3, ME.LOPL2]",LO.LOP,3,ME.LOP,3,ME.LO,3,ME.LOP,2
4605400600,mixed,FB->mix,FB,mix,1,2,1,647,57,2.081,9602,14.841,LOP,2,2,2,"[LO.LOPL3, ME.LOPL3] -> LOPL2 -> [LO.LOPL2, LOPL3]",LO.LOP,3,ME.LOP,3,LO.LOP,2,LOP,3
4105998244,mixed,FB->mix,FB,mix,1,2,1,647,24,2.678,8924,13.793,LOP,2,2,2,"[LO.LOPL3, ME.LOPL3] -> LOPL2 -> [LOPL3, LOP.LOL2]",LO.LOP,3,ME.LOP,3,LOP,3,LOP.LO,2
3938939160,mixed,FB->mix,FB,mix,1,2,1,647,50,1.94,10353,16.002,LOP,2,2,2,"[LO.LOPL3, ME.LOPL3] -> LOPL2 -> [LOP.PLPL3, ME.LOPL2]",LO.LOP,3,ME.LOP,3,LOP.PLP,3,ME.LOP,2
3592603225,mixed,FB->mix,FB,mix,1,2,1,647,82,1.015,18869,29.164,LOP,2,2,2,"[LO.LOPL3, ME.LOL3] -> LOPL2 -> [ME.LOPL2, ME.LOPL3]",LO.LOP,3,ME.LO,3,ME.LOP,2,ME.LOP,3
3309158108,mixed,FB->mix,FB,mix,1,2,1,647,53,1.017,16288,25.175,LOP,2,2,2,"[LO.LOPL3, ME.LOL3] -> LOPL2 -> [LOPL3, ME.LOPL2]",LO.LOP,3,ME.LO,3,LOP,3,ME.LOP,2
3297153251,mixed,FB->mix,FB,mix,1,2,1,647,99,1.125,20714,32.015,LOP,2,2,2,"[LO.LOPL3, ME.LOPL3] -> LOPL2 -> [MEL3, ME.LOPL2]",LO.LOP,3,ME.LOP,3,ME,3,ME.LOP,2
2915128255,mixed,FB->mix,FB,mix,1,2,1,647,36,1.997,15464,23.901,LOP,2,2,2,"[LO.LOPL3, ME.LOPL3] -> LOPL2 -> [LOPL3, ME.LOL2]",LO.LOP,3,ME.LOP,3,LOP,3,ME.LO,2
2117360416,mixed,FB->mix,FB,mix,1,2,1,647,41,1.025,20714,32.015,LOP,2,2,2,"[LO.LOPL3, MEL3] -> LOPL2 -> [ME.LOPL2, ME.LOPL3]",LO.LOP,3,ME,3,ME.LOP,2,ME.LOP,3
2109060875,mixed,FB->mix,FB,mix,1,2,1,647,51,1.027,15864,24.519,LOP,2,2,2,"[ME.LOL3, ME.LOPL3] -> LOPL2 -> [LOPL3, ME.LOPL2]",ME.LO,3,ME.LOP,3,LOP,3,ME.LOP,2
2002671629,mixed,FB->mix,FB,mix,1,2,1,647,40,1.423,23251,35.937,LOP,2,2,2,"[LO.LOPL3, ME.LOPL3] -> LOPL2 -> [ME.LOL2, ME.LOL3]",LO.LOP,3,ME.LOP,3,ME.LO,2,ME.LO,3
1977803403,mixed,FB->mix,FB,mix,1,2,1,647,17,1.056,18133,28.026,LOP,2,2,2,"[LO.LOPL3, MEL3] -> LOPL2 -> [LOPL3, ME.LOPL2]",LO.LOP,3,ME,3,LOP,3,ME.LOP,2
1769306443,mixed,FB->mix,FB,mix,1,2,1,647,43,2.374,17389,26.876,LOP,2,2,2,"[LO.LOPL3, ME.LOPL3] -> LOPL2 -> [LO.LOPL2, ME.LOL3]",LO.LOP,3,ME.LOP,3,LO.LOP,2,ME.LO,3
1724798731,mixed,FB->mix,FB,mix,1,2,1,647,26,1.019,25920,40.062,LOP,2,2,2,"[LO.LOPL3, MEL3] -> LOPL2 -> [ME.LOL3, ME.LOPL2]",LO.LOP,3,ME,3,ME.LO,3,ME.LOP,2
1596690671,mixed,FB->mix,FB,mix,1,2,1,647,101,1.605,11082,17.128,LOP,2,2,2,"[LO.LOPL3, LOPL3] -> LOPL2 -> [ME.LOPL2, ME.LOPL3]",LO.LOP,3,LOP,3,ME.LOP,2,ME.LOP,3
1557229504,mixed,FB->mix,FB,mix,1,3,0,647,6,2.943,8844,13.669,LOP,2,2,2,"[LO.LOPL3, ME.LOPL3] -> LOPL2 -> [LOPL3, LOP.LOL1]",LO.LOP,3,ME.LOP,3,LOP,3,LOP.LO,1
1541437752,mixed,FB->mix,FB,mix,1,2,1,647,14,2.955,16711,25.828,LOP,2,2,2,"[LO.LOPL3, ME.LOPL3] -> LOPL2 -> [LOP.LOL2, ME.LOL3]",LO.LOP,3,ME.LOP,3,LOP.LO,2,ME.LO,3
1440037612,mixed,FB->mix,FB,mix,1,2,1,647,54,1.803,16288,25.175,LOP,2,2,2,"[LO.LOPL3, LOPL3] -> LOPL2 -> [ME.LOL3, ME.LOPL2]",LO.LOP,3,LOP,3,ME.LO,3,ME.LOP,2
1405334508,mixed,FB->mix,FB,mix,1,2,1,647,78,1.023,25920,40.062,LOP,2,2,2,"[LO.LOPL3, ME.LOL3] -> LOPL2 -> [MEL3, ME.LOPL2]",LO.LOP,3,ME.LO,3,ME,3,ME.LOP,2
1313565451,mixed,FB->mix,FB,mix,1,2,1,647,53,3.095,8838,13.66,LOP,2,2,2,"[LO.LOPL3, ME.LOPL3] -> LOPL2 -> [LOPL3, LOP.IPSL2]",LO.LOP,3,ME.LOP,3,LOP,3,LOP.IPS,2
1270159068,mixed,FB->mix,FB,mix,1,2,1,647,15,1.671,10127,15.652,LOP,2,2,2,"[LO.LOPL3, ME.LOPL3] -> LOPL2 -> [LOP.LOL3, ME.LOPL2]",LO.LOP,3,ME.LOP,3,LOP.LO,3,ME.LOP,2
1267883563,mixed,FB->mix,FB,mix,1,2,1,647,16,1.079,17709,27.371,LOP,2,2,2,"[MEL3, ME.LOPL3] -> LOPL2 -> [LOPL3, ME.LOPL2]",ME,3,ME.LOP,3,LOP,3,ME.LOP,2
1207870447,mixed,FB->mix,FB,mix,1,2,1,647,121,1.971,10000,15.456,LOP,2,2,2,"[LO.LOPL3, ME.LOPL3] -> LOPL2 -> [LOL2, LOPL3]",LO.LOP,3,ME.LOP,3,LO,2,LOP,3
1141366234,mixed,FB->mix,FB,mix,1,2,1,647,30,1.005,15559,24.048,LOP,2,2,2,"[LO.LOPL3, ME.LOL3] -> LOPL2 -> [LOP.PLPL3, ME.LOPL2]",LO.LOP,3,ME.LO,3,LOP.PLP,3,ME.LOP,2
1118617347,mixed,FB->mix,FB,mix,1,2,1,24835,320,1.767,28502,1.148,ME,2,2,2,"[LOL3, ME.LOL3] -> MEL2 -> [MEL3, ME.LOL2]",LO,3,ME.LO,3,ME,3,ME.LO,2
1098072425,mixed,FB->mix,FB,mix,1,2,1,647,20,1.028,25496,39.406,LOP,2,2,2,"[MEL3, ME.LOPL3] -> LOPL2 -> [ME.LOL3, ME.LOPL2]",ME,3,ME.LOP,3,ME.LO,3,ME.LOP,2
1080143370,mixed,FB->mix,FB,mix,1,2,1,647,27,1.984,8873,13.714,LOP,2,2,2,"[LO.LOPL3, ME.LOPL3] -> LOPL2 -> [LO.LOPL2, LOP.PLPL3]",LO.LOP,3,ME.LOP,3,LO.LOP,2,LOP.PLP,3
968690612,mixed,FB->mix,FB,mix,1,2,1,647,49,1.95,15864,24.519,LOP,2,2,2,"[LOPL3, ME.LOPL3] -> LOPL2 -> [ME.LOL3, ME.LOPL2]",LOP,3,ME.LOP,3,ME.LO,3,ME.LOP,2
922438354,mixed,FB->mix,FB,mix,1,2,1,647,20,1.036,23251,35.937,LOP,2,2,2,"[LO.LOPL3, ME.LOL3] -> LOPL2 -> [ME.LOL2, ME.LOPL3]",LO.LOP,3,ME.LO,3,ME.LO,2,ME.LOP,3
897279077,mixed,FB->mix,FB,mix,1,2,1,647,64,1.037,25496,39.406,LOP,2,2,2,"[ME.LOL3, ME.LOPL3] -> LOPL2 -> [MEL3, ME.LOPL2]",ME.LO,3,ME.LOP,3,ME,3,ME.LOP,2
890754566,mixed,FB->mix,FB,mix,1,2,1,647,19,2.501,8195,12.666,LOP,2,2,2,"[LO.LOPL3, ME.LOPL3] -> LOPL2 -> [LOP.LOL2, LOP.PLPL3]",LO.LOP,3,ME.LOP,3,LOP.LO,2,LOP.PLP,3
877457373,mixed,FB->mix,FB,mix,1,2,1,647,22,1.663,14735,22.774,LOP,2,2,2,"[LO.LOPL3, ME.LOPL3] -> LOPL2 -> [LOP.PLPL3, ME.LOL2]",LO.LOP,3,ME.LOP,3,LOP.PLP,3,ME.LO,2
871863687,mixed,FB->mix,FB,mix,1,2,1,647,45,1.21,25096,38.788,LOP,2,2,2,"[LO.LOPL3, ME.LOPL3] -> LOPL2 -> [MEL3, ME.LOL2]",LO.LOP,3,ME.LOP,3,ME,3,ME.LO,2
857950583,mixed,FB->mix,FB,mix,1,3,0,647,176,3.096,8836,13.657,LOP,2,2,2,"[LO.LOPL3, ME.LOPL3] -> LOPL2 -> [LOPL1, LOPL3]",LO.LOP,3,ME.LOP,3,LOP,1,LOP,3
850826263,mixed,FB->mix,FB,mix,1,2,1,647,15,1.04,20670,31.947,LOP,2,2,2,"[LO.LOPL3, ME.LOL3] -> LOPL2 -> [LOPL3, ME.LOL2]",LO.LOP,3,ME.LO,3,LOP,3,ME.LO,2
781544025,mixed,FB->mix,FB,mix,1,2,1,647,79,1.017,18869,29.164,LOP,2,2,2,"[ME.LOL3, ME.LOPL3] -> LOPL2 -> [LO.LOPL3, ME.LOPL2]",ME.LO,3,ME.LOP,3,LO.LOP,3,ME.LOP,2
737884962,mixed,FB->mix,FB,mix,1,2,1,647,10,1.594,8647,13.365,LOP,2,2,2,"[LO.LOPL3, ME.LOPL3] -> LOPL2 -> [LO.LOPL2, LOP.LOL3]",LO.LOP,3,ME.LOP,3,LO.LOP,2,LOP.LO,3
730895235,mixed,FB->mix,FB,mix,1,2,1,647,55,1.306,12287,18.991,LOP,2,2,2,"[LO.LOPL3, ME.LOPL3] -> LOPL2 -> [LOL3, ME.LOPL2]",LO.LOP,3,ME.LOP,3,LO,3,ME.LOP,2
724749028,mixed,FB->mix,FB,mix,1,2,1,647,28,1.008,15135,23.393,LOP,2,2,2,"[ME.LOL3, ME.LOPL3] -> LOPL2 -> [LOP.PLPL3, ME.LOPL2]",ME.LO,3,ME.LOP,3,LOP.PLP,3,ME.LOP,2
723749668,mixed,FB->mix,FB,mix,1,2,1,647,20,1.036,10160,15.703,LOP,2,2,2,"[LO.LOPL3, ME.LOPL3] -> LOPL2 -> [LO.MEL3, ME.LOPL2]",LO.LOP,3,ME.LOP,3,LO.ME,3,ME.LOP,2
710743614,mixed,FB->mix,FB,mix,1,2,1,24835,90,1.852,22013,0.886,ME,2,2,2,"[LOL3, ME.LOL3] -> MEL2 -> [MEL3, ME.PLPL2]",LO,3,ME.LO,3,ME,3,ME.PLP,2
703846038,mixed,FB->mix,FB,mix,1,2,1,647,56,2.137,7772,12.012,LOP,2,2,2,"[LO.LOPL3, LOPL3] -> LOPL2 -> [LOP.PLPL3, ME.LOPL2]",LO.LOP,3,LOP,3,LOP.PLP,3,ME.LOP,2
675544584,mixed,FB->mix,FB,mix,1,2,1,647,10,1.024,17404,26.9,LOP,2,2,2,"[LO.LOPL3, MEL3] -> LOPL2 -> [LOP.PLPL3, ME.LOPL2]",LO.LOP,3,ME,3,LOP.PLP,3,ME.LOP,2
654917026,mixed,FB->mix,FB,mix,1,2,1,647,28,2.945,33652,52.012,LOP,2,2,2,"[LO.LOPL3, ME.LOPL3] -> LOPL2 -> [LOPL3, MEL2]",LO.LOP,3,ME.LOP,3,LOP,3,ME,2
652321496,mixed,FB->mix,FB,mix,1,2,1,647,20,2.249,16625,25.696,LOP,2,2,2,"[LO.LOPL3, ME.LOPL3] -> LOPL2 -> [LOP.IPSL2, ME.LOL3]",LO.LOP,3,ME.LOP,3,LOP.IPS,2,ME.LO,3
629098856,mixed,FB->mix,FB,mix,1,2,1,647,13,1.953,7969,12.317,LOP,2,2,2,"[LO.LOPL3, ME.LOPL3] -> LOPL2 -> [LOP.LOL2, LOP.LOL3]",LO.LOP,3,ME.LOP,3,LOP.LO,2,LOP.LO,3
625328184,mixed,FB->mix,FB,mix,1,3,0,647,7,2.874,16631,25.705,LOP,2,2,2,"[LO.LOPL3, ME.LOPL3] -> LOPL2 -> [LOP.LOL1, ME.LOL3]",LO.LOP,3,ME.LOP,3,LOP.LO,1,ME.LO,3
595261800,mixed,FB->mix,FB,mix,1,2,1,647,29,1.007,25496,39.406,LOP,2,2,2,"[MEL3, ME.LOL3] -> LOPL2 -> [ME.LOPL2, ME.LOPL3]",ME,3,ME.LO,3,ME.LOP,2,ME.LOP,3
593226718,mixed,FB->mix,FB,mix,1,2,1,647,56,1.67,17787,27.491,LOP,2,2,2,"[LO.LOPL3, ME.LOPL3] -> LOPL2 -> [LOL2, ME.LOL3]",LO.LOP,3,ME.LOP,3,LO,2,ME.LO,3
586196430,mixed,FB->mix,FB,mix,1,2,1,647,7,1.93,8830,13.648,LOP,2,2,2,"[LO.LOPL3, ME.LOPL3] -> LOPL2 -> [LOPL3, LOP.MEL2]",LO.LOP,3,ME.LOP,3,LOP,3,LOP.ME,2
575696583,mixed,FB->mix,FB,mix,1,2,1,647,39,2.881,8883,13.73,LOP,2,2,2,"[LO.LOPL3, ME.LOPL3] -> LOPL2 -> [LOPL3, LOP.PLPL2]",LO.LOP,3,ME.LOP,3,LOP,3,LOP.PLP,2
573781616,mixed,FB->mix,FB,mix,1,2,1,24835,870,1.83,28502,1.148,ME,2,2,2,"[MEL3, ME.LOL3] -> MEL2 -> [LOL3, ME.LOL2]",ME,3,ME.LO,3,LO,3,ME.LO,2
565777862,mixed,FB->mix,FB,mix,0,3,1,647,5,2.361,10032,15.505,LOP,2,2,2,"[LO.LOPL3, ME.LOPL3] -> LOPL2 -> [LOP.LOL1, ME.LOPL2]",LO.LOP,3,ME.LOP,3,LOP.LO,1,ME.LOP,2
547992925,mixed,FB->mix,FB,mix,1,2,1,647,8,1.007,22915,35.417,LOP,2,2,2,"[MEL3, ME.LOL3] -> LOPL2 -> [LOPL3, ME.LOPL2]",ME,3,ME.LO,3,LOP,3,ME.LOP,2
546205517,mixed,FB->mix,FB,mix,1,2,1,647,15,1.066,20246,31.292,LOP,2,2,2,"[ME.LOL3, ME.LOPL3] -> LOPL2 -> [LOPL3, ME.LOL2]",ME.LO,3,ME.LOP,3,LOP,3,ME.LO,2
541139408,mixed,FB->mix,FB,mix,1,2,1,647,15,1.036,25096,38.788,LOP,2,2,2,"[LO.LOPL3, MEL3] -> LOPL2 -> [ME.LOL2, ME.LOPL3]",LO.LOP,3,ME,3,ME.LO,2,ME.LOP,3
516297125,mixed,FB->mix,FB,mix,1,2,1,647,91,1.152,18133,28.026,LOP,2,2,2,"[LO.LOPL3, LOPL3] -> LOPL2 -> [MEL3, ME.LOPL2]",LO.LOP,3,LOP,3,ME,3,ME.LOP,2
501470472,mixed,FB->mix,FB,mix,1,2,1,647,14,1.051,22515,34.799,LOP,2,2,2,"[LO.LOPL3, MEL3] -> LOPL2 -> [LOPL3, ME.LOL2]",LO.LOP,3,ME,3,LOP,3,ME.LO,2
482704430,mixed,FB->mix,FB,mix,1,2,1,647,50,2.247,7348,11.357,LOP,2,2,2,"[LOPL3, ME.LOPL3] -> LOPL2 -> [LOP.PLPL3, ME.LOPL2]",LOP,3,ME.LOP,3,LOP.PLP,3,ME.LOP,2
464333757,mixed,FB->mix,FB,mix,1,2,1,647,33,1.044,20714,32.015,LOP,2,2,2,"[MEL3, ME.LOPL3] -> LOPL2 -> [LO.LOPL3, ME.LOPL2]",ME,3,ME.LOP,3,LO.LOP,3,ME.LOP,2
460488762,mixed,FB->mix,FB,mix,1,2,1,647,89,2.271,11082,17.128,LOP,2,2,2,"[LOPL3, ME.LOPL3] -> LOPL2 -> [LO.LOPL3, ME.LOPL2]",LOP,3,ME.LOP,3,LO.LOP,3,ME.LOP,2
439216736,mixed,FB->mix,FB,mix,1,2,1,647,15,1.023,30302,46.835,LOP,2,2,2,"[LO.LOPL3, MEL3] -> LOPL2 -> [ME.LOL2, ME.LOL3]",LO.LOP,3,ME,3,ME.LO,2,ME.LO,3
430069984,mixed,FB->mix,FB,mix,1,2,1,647,8,1.032,16980,26.244,LOP,2,2,2,"[MEL3, ME.LOPL3] -> LOPL2 -> [LOP.PLPL3, ME.LOPL2]",ME,3,ME.LOP,3,LOP.PLP,3,ME.LOP,2
423245297,mixed,FB->mix,FB,mix,1,2,1,24835,131,1.386,23038,0.928,ME,2,2,2,"[LOL3, ME.LOL3] -> MEL2 -> [LOL2, MEL3]",LO,3,ME.LO,3,LO,2,ME,3
396159929,mixed,FB->mix,FB,mix,1,2,1,647,30,1.793,41439,64.048,LOP,2,2,2,"[LO.LOPL3, ME.LOPL3] -> LOPL2 -> [MEL2, ME.LOL3]",LO.LOP,3,ME.LOP,3,ME,2,ME.LO,3
390354460,mixed,FB->mix,FB,mix,1,3,0,647,109,2.463,16623,25.692,LOP,2,2,2,"[LO.LOPL3, ME.LOPL3] -> LOPL2 -> [LOPL1, ME.LOL3]",LO.LOP,3,ME.LOP,3,LOP,1,ME.LO,3
381848606,mixed,FB->mix,FB,mix,1,2,1,647,8,1.993,18556,28.68,LOP,2,2,2,"[LO.LOPL3, ME.LOPL3] -> LOPL2 -> [LOP.LOL2, MEL3]",LO.LOP,3,ME.LOP,3,LOP.LO,2,ME,3
380473334,mixed,FB->mix,FB,mix,1,2,1,647,31,1.441,15464,23.901,LOP,2,2,2,"[LO.LOPL3, LOPL3] -> LOPL2 -> [ME.LOL2, ME.LOPL3]",LO.LOP,3,LOP,3,ME.LO,2,ME.LOP,3
373288776,mixed,FB->mix,FB,mix,0,3,1,647,121,2.1,10024,15.493,LOP,2,2,2,"[LO.LOPL3, ME.LOPL3] -> LOPL2 -> [LOPL1, ME.LOPL2]",LO.LOP,3,ME.LOP,3,LOP,1,ME.LOP,2
367371663,mixed,FB->mix,FB,mix,1,3,0,647,129,2.522,9037,13.968,LOP,2,2,2,"[LO.LOPL3, ME.LOPL3] -> LOPL2 -> [LOL1, LOPL3]",LO.LOP,3,ME.LOP,3,LO,1,LOP,3
362748013,mixed,FB->mix,FB,mix,1,2,1,647,25,1.054,30302,46.835,LOP,2,2,2,"[LO.LOPL3, ME.LOL3] -> LOPL2 -> [MEL3, ME.LOL2]",LO.LOP,3,ME.LO,3,ME,3,ME.LO,2
357961307,mixed,FB->mix,FB,mix,1,2,1,24835,142,1.863,22013,0.886,ME,2,2,2,"[MEL3, ME.LOL3] -> MEL2 -> [LOL3, ME.PLPL2]",ME,3,ME.LO,3,LO,3,ME.PLP,2
354372251,mixed,FB->mix,FB,mix,1,2,1,647,58,1.026,15864,24.519,LOP,2,2,2,"[LOPL3, ME.LOL3] -> LOPL2 -> [ME.LOPL2, ME.LOPL3]",LOP,3,ME.LO,3,ME.LOP,2,ME.LOP,3
351919894,mixed,FB->mix,FB,mix,1,2,1,647,32,2.194,14808,22.887,LOP,2,2,2,"[LO.LOPL3, LOPL3] -> LOPL2 -> [LO.LOPL2, ME.LOL3]",LO.LOP,3,LOP,3,LO.LOP,2,ME.LO,3
339924138,mixed,FB->mix,FB,mix,1,2,1,647,61,1.34,19234,29.728,LOP,2,2,2,"[LO.LOPL3, ME.LOPL3] -> LOPL2 -> [LO.LOPL2, MEL3]",LO.LOP,3,ME.LOP,3,LO.LOP,2,ME,3
338070774,mixed,FB->mix,FB,mix,1,2,1,647,78,1.225,17709,27.371,LOP,2,2,2,"[LOPL3, ME.LOPL3] -> LOPL2 -> [MEL3, ME.LOPL2]",LOP,3,ME.LOP,3,ME,3,ME.LOP,2
336895028,mixed,FB->mix,FB,mix,1,3,0,647,5,2.919,8115,12.543,LOP,2,2,2,"[LO.LOPL3, ME.LOPL3] -> LOPL2 -> [LOP.LOL1, LOP.PLPL3]",LO.LOP,3,ME.LOP,3,LOP.LO,1,LOP.PLP,3
334955837,mixed,FB->mix,FB,mix,1,2,1,647,51,1.0,17389,26.876,LOP,2,2,2,"[LO.LOPL3, ME.LOL3] -> LOPL2 -> [LO.LOPL2, ME.LOPL3]",LO.LOP,3,ME.LO,3,LO.LOP,2,ME.LOP,3
330806676,mixed,FB->mix,FB,mix,1,2,1,647,41,1.573,20670,31.947,LOP,2,2,2,"[LO.LOPL3, LOPL3] -> LOPL2 -> [ME.LOL2, ME.LOL3]",LO.LOP,3,LOP,3,ME.LO,2,ME.LO,3
329113463,mixed,FB->mix,FB,mix,1,2,1,647,53,2.769,9602,14.841,LOP,2,2,2,"[LO.LOPL3, LOPL3] -> LOPL2 -> [LO.LOPL2, ME.LOPL3]",LO.LOP,3,LOP,3,LO.LOP,2,ME.LOP,3
324459933,mixed,FB->mix,FB,mix,1,2,1,647,39,2.545,8109,12.533,LOP,2,2,2,"[LO.LOPL3, ME.LOPL3] -> LOPL2 -> [LOP.IPSL2, LOP.PLPL3]",LO.LOP,3,ME.LOP,3,LOP.IPS,2,LOP.PLP,3
322129984,mixed,FB->mix,FB,mix,1,2,1,647,13,1.078,22091,34.144,LOP,2,2,2,"[MEL3, ME.LOPL3] -> LOPL2 -> [LOPL3, ME.LOL2]",ME,3,ME.LOP,3,LOP,3,ME.LO,2
319776845,mixed,FB->mix,FB,mix,1,2,1,647,13,1.01,15366,23.75,LOP,2,2,2,"[LO.LOPL3, ME.LOL3] -> LOPL2 -> [LO.MEL3, ME.LOPL2]",LO.LOP,3,ME.LO,3,LO.ME,3,ME.LOP,2
318359509,mixed,FB->mix,FB,mix,1,2,1,647,10,3.387,8924,13.793,LOP,2,2,2,"[LO.LOPL3, LOPL3] -> LOPL2 -> [LOP.LOL2, ME.LOPL3]",LO.LOP,3,LOP,3,LOP.LO,2,ME.LOP,3
311647060,mixed,FB->mix,FB,mix,1,2,1,647,6,1.109,16711,25.828,LOP,2,2,2,"[LO.LOPL3, ME.LOL3] -> LOPL2 -> [LOP.LOL2, ME.LOPL3]",LO.LOP,3,ME.LO,3,LOP.LO,2,ME.LOP,3
308250754,mixed,FB->mix,FB,mix,1,2,1,647,35,1.0,14808,22.887,LOP,2,2,2,"[LO.LOPL3, ME.LOL3] -> LOPL2 -> [LO.LOPL2, LOPL3]",LO.LOP,3,ME.LO,3,LO.LOP,2,LOP,3
301217458,mixed,FB->mix,FB,mix,1,2,1,647,12,2.809,14130,21.839,LOP,2,2,2,"[LO.LOPL3, LOPL3] -> LOPL2 -> [LOP.LOL2, ME.LOL3]",LO.LOP,3,LOP,3,LOP.LO,2,ME.LO,3
294293637,mixed,FB->mix,FB,mix,1,2,1,647,28,1.642,10032,15.505,LOP,2,2,2,"[LO.LOPL3, ME.LOPL3] -> LOPL2 -> [LOP.MEL3, ME.LOPL2]",LO.LOP,3,ME.LOP,3,LOP.ME,3,ME.LOP,2
291087217,mixed,FB->mix,FB,mix,1,2,1,647,7,1.012,19941,30.821,LOP,2,2,2,"[LO.LOPL3, ME.LOL3] -> LOPL2 -> [LOP.PLPL3, ME.LOL2]",LO.LOP,3,ME.LO,3,LOP.PLP,3,ME.LO,2
288811850,mixed,FB->mix,FB,mix,1,2,1,647,6,1.124,14130,21.839,LOP,2,2,2,"[LO.LOPL3, ME.LOL3] -> LOPL2 -> [LOPL3, LOP.LOL2]",LO.LOP,3,ME.LO,3,LOP,3,LOP.LO,2
287243738,mixed,FB->mix,FB,mix,1,2,1,647,40,1.018,17493,27.037,LOP,2,2,2,"[LO.LOPL3, ME.LOL3] -> LOPL2 -> [LOL3, ME.LOPL2]",LO.LOP,3,ME.LO,3,LO,3,ME.LOP,2
280249673,mixed,FB->mix,FB,mix,1,2,1,647,12,1.036,29878,46.179,LOP,2,2,2,"[MEL3, ME.LOPL3] -> LOPL2 -> [ME.LOL2, ME.LOL3]",ME,3,ME.LOP,3,ME.LO,2,ME.LO,3
278704504,mixed,FB->mix,FB,mix,1,2,1,647,7,1.287,8899,13.754,LOP,2,2,2,"[LO.LOPL3, ME.LOPL3] -> LOPL2 -> [IPS.LOPL2, LOPL3]",LO.LOP,3,ME.LOP,3,IPS.LOP,2,LOP,3
274715978,mixed,FB->mix,FB,mix,1,2,1,647,16,1.565,7546,11.663,LOP,2,2,2,"[LO.LOPL3, LOPL3] -> LOPL2 -> [LOP.LOL3, ME.LOPL2]",LO.LOP,3,LOP,3,LOP.LO,3,ME.LOP,2
266049538,mixed,FB->mix,FB,mix,1,2,1,647,27,1.014,10160,15.703,LOP,2,2,2,"[LO.LOPL3, LO.MEL3] -> LOPL2 -> [ME.LOPL2, ME.LOPL3]",LO.LOP,3,LO.ME,3,ME.LOP,2,ME.LOP,3
262155786,mixed,FB->mix,FB,mix,1,2,1,647,78,1.859,9271,14.329,LOP,2,2,2,"[LO.LOPL3, ME.LOPL3] -> LOPL2 -> [LOL2, LOP.PLPL3]",LO.LOP,3,ME.LOP,3,LO,2,LOP.PLP,3
255285862,mixed,FB->mix,FB,mix,1,2,1,647,29,2.206,14384,22.232,LOP,2,2,2,"[LOPL3, ME.LOPL3] -> LOPL2 -> [LO.LOPL2, ME.LOL3]",LOP,3,ME.LOP,3,LO.LOP,2,ME.LO,3
245063412,mixed,FB->mix,FB,mix,1,2,1,647,3,1.349,10016,15.481,LOP,2,2,2,"[LO.LOPL3, ME.LOPL3] -> LOPL2 -> [LOP.PVLPL3, ME.LOPL2]",LO.LOP,3,ME.LOP,3,LOP.PVLP,3,ME.LOP,2
245051317,mixed,FB->mix,FB,mix,1,2,1,647,30,1.016,7579,11.714,LOP,2,2,2,"[LO.LOPL3, LO.MEL3] -> LOPL2 -> [LOPL3, ME.LOPL2]",LO.LOP,3,LO.ME,3,LOP,3,ME.LOP,2
237901691,mixed,FB->mix,FB,mix,1,2,1,647,53,1.012,17787,27.491,LOP,2,2,2,"[LO.LOPL3, ME.LOL3] -> LOPL2 -> [LOL2, ME.LOPL3]",LO.LOP,3,ME.LO,3,LO,2,ME.LOP,3
233970421,mixed,FB->mix,FB,mix,1,2,1,647,20,1.487,18470,28.547,LOP,2,2,2,"[LO.LOPL3, ME.LOPL3] -> LOPL2 -> [LOP.IPSL2, MEL3]",LO.LOP,3,ME.LOP,3,LOP.IPS,2,ME,3
233843511,mixed,FB->mix,FB,mix,1,2,1,647,24,1.089,29878,46.179,LOP,2,2,2,"[ME.LOL3, ME.LOPL3] -> LOPL2 -> [MEL3, ME.LOL2]",ME.LO,3,ME.LOP,3,ME,3,ME.LO,2
231765845,mixed,FB->mix,FB,mix,1,2,1,647,5,1.147,16686,25.79,LOP,2,2,2,"[LO.LOPL3, ME.LOPL3] -> LOPL2 -> [IPS.LOPL2, ME.LOL3]",LO.LOP,3,ME.LOP,3,IPS.LOP,2,ME.LO,3
230609531,mixed,FB->mix,FB,mix,1,2,1,647,126,1.244,19632,30.343,LOP,2,2,2,"[LO.LOPL3, ME.LOPL3] -> LOPL2 -> [LOL2, MEL3]",LO.LOP,3,ME.LOP,3,LO,2,ME,3
225059661,mixed,FB->mix,FB,mix,1,2,1,647,12,2.912,13706,21.184,LOP,2,2,2,"[LOPL3, ME.LOPL3] -> LOPL2 -> [LOP.LOL2, ME.LOL3]",LOP,3,ME.LOP,3,LOP.LO,2,ME.LO,3
224618306,mixed,FB->mix,FB,mix,1,3,0,647,63,1.522,16824,26.003,LOP,2,2,2,"[LO.LOPL3, ME.LOPL3] -> LOPL2 -> [LOL1, ME.LOL3]",LO.LOP,3,ME.LOP,3,LO,1,ME.LO,3
224344994,mixed,FB->mix,FB,mix,1,2,1,647,28,1.79,6292,9.725,LOP,2,2,2,"[LO.LOPL3, LOPL3] -> LOPL2 -> [LO.LOPL2, LOP.PLPL3]",LO.LOP,3,LOP,3,LO.LOP,2,LOP.PLP,3
224052226,mixed,FB->mix,FB,mix,1,2,1,647,15,1.067,16625,25.696,LOP,2,2,2,"[LO.LOPL3, ME.LOL3] -> LOPL2 -> [LOP.IPSL2, ME.LOPL3]",LO.LOP,3,ME.LO,3,LOP.IPS,2,ME.LOP,3
223872288,mixed,FB->mix,FB,mix,1,3,0,647,5,2.095,7889,12.193,LOP,2,2,2,"[LO.LOPL3, ME.LOPL3] -> LOPL2 -> [LOP.LOL1, LOP.LOL3]",LO.LOP,3,ME.LOP,3,LOP.LO,1,LOP.LO,3
222909456,mixed,FB->mix,FB,mix,1,2,1,647,13,3.201,16670,25.765,LOP,2,2,2,"[LO.LOPL3, ME.LOPL3] -> LOPL2 -> [LOP.PLPL2, ME.LOL3]",LO.LOP,3,ME.LOP,3,LOP.PLP,2,ME.LO,3
220437100,mixed,FB->mix,FB,mix,1,2,1,647,36,1.702,20246,31.292,LOP,2,2,2,"[LOPL3, ME.LOPL3] -> LOPL2 -> [ME.LOL2, ME.LOL3]",LOP,3,ME.LOP,3,ME.LO,2,ME.LO,3
219103560,mixed,FB->mix,FB,mix,1,2,1,647,52,1.014,15206,23.502,LOP,2,2,2,"[LO.LOPL3, ME.LOL3] -> LOPL2 -> [LOL2, LOPL3]",LO.LOP,3,ME.LO,3,LO,2,LOP,3
217887363,mixed,FB->mix,FB,mix,0,3,1,647,71,1.338,10225,15.804,LOP,2,2,2,"[LO.LOPL3, ME.LOPL3] -> LOPL2 -> [LOL1, ME.LOPL2]",LO.LOP,3,ME.LOP,3,LO,1,ME.LOP,2
217559353,mixed,FB->mix,FB,mix,1,2,1,24835,572,1.421,23038,0.928,ME,2,2,2,"[MEL3, ME.LOL3] -> MEL2 -> [LOL2, LOL3]",ME,3,ME.LO,3,LO,2,LO,3
216678888,mixed,FB->mix,FB,mix,1,2,1,647,12,1.008,15366,23.75,LOP,2,2,2,"[LO.LOPL3, LO.MEL3] -> LOPL2 -> [ME.LOL3, ME.LOPL2]",LO.LOP,3,LO.ME,3,ME.LO,3,ME.LOP,2
215634650,mixed,FB->mix,FB,mix,1,2,1,647,42,1.908,43284,66.9,LOP,2,2,2,"[LO.LOPL3, ME.LOPL3] -> LOPL2 -> [MEL2, MEL3]",LO.LOP,3,ME.LOP,3,ME,2,ME,3
209746560,mixed,FB->mix,FB,mix,1,2,1,647,28,1.046,17709,27.371,LOP,2,2,2,"[LOPL3, MEL3] -> LOPL2 -> [ME.LOPL2, ME.LOPL3]",LOP,3,ME,3,ME.LOP,2,ME.LOP,3
209688739,mixed,FB->mix,FB,mix,1,2,1,647,10,1.325,16653,25.739,LOP,2,2,2,"[LO.LOPL3, MEL3] -> LOPL2 -> [LO.LOPL2, LOPL3]",LO.LOP,3,ME,3,LO.LOP,2,LOP,3
207113501,mixed,FB->mix,FB,mix,1,2,1,647,25,1.077,14044,21.706,LOP,2,2,2,"[LO.LOPL3, ME.LOL3] -> LOPL2 -> [LOPL3, LOP.IPSL2]",LO.LOP,3,ME.LO,3,LOP,3,LOP.IPS,2
206186526,mixed,FB->mix,FB,mix,1,2,1,647,15,1.619,7122,11.008,LOP,2,2,2,"[LOPL3, ME.LOPL3] -> LOPL2 -> [LOP.LOL3, ME.LOPL2]",LOP,3,ME.LOP,3,LOP.LO,3,ME.LOP,2
205455284,mixed,FB->mix,FB,mix,1,2,1,647,25,1.092,19234,29.728,LOP,2,2,2,"[LO.LOPL3, MEL3] -> LOPL2 -> [LO.LOPL2, ME.LOPL3]",LO.LOP,3,ME,3,LO.LOP,2,ME.LOP,3
204189429,mixed,FB->mix,FB,mix,1,2,1,647,9,1.575,15975,24.691,LOP,2,2,2,"[LO.LOPL3, MEL3] -> LOPL2 -> [LOPL3, LOP.LOL2]",LO.LOP,3,ME,3,LOP,3,LOP.LO,2
203819329,mixed,FB->mix,FB,mix,1,2,1,647,32,1.005,25920,40.062,LOP,2,2,2,"[MEL3, ME.LOL3] -> LOPL2 -> [LO.LOPL3, ME.LOPL2]",ME,3,ME.LO,3,LO.LOP,3,ME.LOP,2
203450239,mixed,FB->mix,FB,mix,1,3,0,647,96,2.722,8107,12.53,LOP,2,2,2,"[LO.LOPL3, ME.LOPL3] -> LOPL2 -> [LOPL1, LOP.PLPL3]",LO.LOP,3,ME.LOP,3,LOP,1,LOP.PLP,3
203402263,mixed,FB->mix,FB,mix,1,2,1,647,14,1.017,14942,23.094,LOP,2,2,2,"[ME.LOL3, ME.LOPL3] -> LOPL2 -> [LO.MEL3, ME.LOPL2]",ME.LO,3,ME.LOP,3,LO.ME,3,ME.LOP,2
202710065,mixed,FB->mix,FB,mix,1,2,1,647,11,1.467,14509,22.425,LOP,2,2,2,"[LO.LOPL3, ME.LOPL3] -> LOPL2 -> [LOP.LOL3, ME.LOL2]",LO.LOP,3,ME.LOP,3,LOP.LO,3,ME.LO,2
200993593,mixed,FB->mix,FB,mix,1,2,1,647,17,1.041,23251,35.937,LOP,2,2,2,"[ME.LOL3, ME.LOPL3] -> LOPL2 -> [LO.LOPL3, ME.LOL2]",ME.LO,3,ME.LOP,3,LO.LOP,3,ME.LO,2
195420643,mixed,FB->mix,FB,mix,1,2,1,647,35,1.0,14384,22.232,LOP,2,2,2,"[ME.LOL3, ME.LOPL3] -> LOPL2 -> [LO.LOPL2, LOPL3]",ME.LO,3,ME.LOP,3,LO.LOP,2,LOP,3
194250878,mixed,FB->mix,FB,mix,0,3,1,647,6,2.146,8552,13.218,LOP,2,2,2,"[LO.LOPL3, ME.LOPL3] -> LOPL2 -> [LO.LOPL2, LOP.LOL1]",LO.LOP,3,ME.LOP,3,LO.LOP,2,LOP.LO,1
193676102,mixed,FB->mix,FB,mix,1,2,1,647,5,1.241,18556,28.68,LOP,2,2,2,"[LO.LOPL3, MEL3] -> LOPL2 -> [LOP.LOL2, ME.LOPL3]",LO.LOP,3,ME,3,LOP.LO,2,ME.LOP,3
189898500,mixed,FB->mix,FB,mix,1,2,1,647,6,1.201,13706,21.184,LOP,2,2,2,"[ME.LOL3, ME.LOPL3] -> LOPL2 -> [LOPL3, LOP.LOL2]",ME.LO,3,ME.LOP,3,LOP,3,LOP.LO,2
189628848,mixed,FB->mix,FB,mix,1,2,1,647,3,1.002,22186,34.291,LOP,2,2,2,"[MEL3, ME.LOL3] -> LOPL2 -> [LOP.PLPL3, ME.LOPL2]",ME,3,ME.LO,3,LOP.PLP,3,ME.LOP,2
188539787,mixed,FB->mix,FB,mix,1,2,1,647,8,1.087,14542,22.476,LOP,2,2,2,"[LO.LOPL3, ME.LOPL3] -> LOPL2 -> [LO.MEL3, ME.LOL2]",LO.LOP,3,ME.LOP,3,LO.ME,3,ME.LO,2
187458675,mixed,FB->mix,FB,mix,1,2,1,647,7,1.01,17211,26.601,LOP,2,2,2,"[LO.LOPL3, MEL3] -> LOPL2 -> [LO.MEL3, ME.LOPL2]",LO.LOP,3,ME,3,LO.ME,3,ME.LOP,2
185622857,mixed,FB->mix,FB,mix,1,2,1,647,18,1.793,7772,12.012,LOP,2,2,2,"[LO.LOPL3, LOP.PLPL3] -> LOPL2 -> [LOPL3, ME.LOPL2]",LO.LOP,3,LOP.PLP,3,LOP,3,ME.LOP,2
185283313,mixed,FB->mix,FB,mix,1,2,1,647,38,1.301,16669,25.764,LOP,2,2,2,"[LO.LOPL3, ME.LOPL3] -> LOPL2 -> [LOL3, ME.LOL2]",LO.LOP,3,ME.LOP,3,LO,3,ME.LO,2
185245816,mixed,FB->mix,FB,mix,1,2,1,647,6,1.02,19517,30.165,LOP,2,2,2,"[ME.LOL3, ME.LOPL3] -> LOPL2 -> [LOP.PLPL3, ME.LOL2]",ME.LO,3,ME.LOP,3,LOP.PLP,3,ME.LO,2
184559180,mixed,FB->mix,FB,mix,1,2,1,647,6,1.482,10012,15.474,LOP,2,2,2,"[LO.LOPL3, ME.LOPL3] -> LOPL2 -> [LOP.IPSL3, ME.LOPL2]",LO.LOP,3,ME.LOP,3,LOP.IPS,3,ME.LOP,2
183161104,mixed,FB->mix,FB,mix,1,2,1,647,36,1.03,17069,26.382,LOP,2,2,2,"[ME.LOL3, ME.LOPL3] -> LOPL2 -> [LOL3, ME.LOPL2]",ME.LO,3,ME.LOP,3,LO,3,ME.LOP,2
182188362,mixed,FB->mix,FB,mix,1,2,1,647,16,2.263,5614,8.677,LOP,2,2,2,"[LO.LOPL3, LOPL3] -> LOPL2 -> [LOP.LOL2, LOP.PLPL3]",LO.LOP,3,LOP,3,LOP.LO,2,LOP.PLP,3
177836384,mixed,FB->mix,FB,mix,1,3,0,647,5,1.621,18476,28.556,LOP,2,2,2,"[LO.LOPL3, ME.LOPL3] -> LOPL2 -> [LOP.LOL1, MEL3]",LO.LOP,3,ME.LOP,3,LOP.LO,1,ME,3
173898160,mixed,FB->mix,FB,mix,0,3,1,647,5,2.636,7874,12.17,LOP,2,2,2,"[LO.LOPL3, ME.LOPL3] -> LOPL2 -> [LOP.LOL1, LOP.LOL2]",LO.LOP,3,ME.LOP,3,LOP.LO,1,LOP.LO,2
173726694,mixed,FB->mix,FB,mix,1,2,1,647,24,1.202,41439,64.048,LOP,2,2,2,"[LO.LOPL3, ME.LOL3] -> LOPL2 -> [MEL2, ME.LOPL3]",LO.LOP,3,ME.LO,3,ME,2,ME.LOP,3
171279161,mixed,FB->mix,FB,mix,1,2,1,647,11,1.019,21786,33.672,LOP,2,2,2,"[LO.LOPL3, MEL3] -> LOPL2 -> [LOP.PLPL3, ME.LOL2]",LO.LOP,3,ME,3,LOP.PLP,3,ME.LO,2
170450962,mixed,FB->mix,FB,mix,1,2,1,647,17,1.035,22915,35.417,LOP,2,2,2,"[LOPL3, MEL3] -> LOPL2 -> [ME.LOL3, ME.LOPL2]",LOP,3,ME,3,ME.LO,3,ME.LOP,2
168775734,mixed,FB->mix,FB,mix,1,2,1,647,23,1.022,19338,29.889,LOP,2,2,2,"[LO.LOPL3, MEL3] -> LOPL2 -> [LOL3, ME.LOPL2]",LO.LOP,3,ME,3,LO,3,ME.LOP,2
167537648,mixed,FB->mix,FB,mix,1,2,1,647,15,1.089,24440,37.774,LOP,2,2,2,"[LO.LOPL3, MEL3] -> LOPL2 -> [LO.LOPL2, ME.LOL3]",LO.LOP,3,ME,3,LO.LOP,2,ME.LO,3
164746150,mixed,FB->mix,FB,mix,1,3,0,647,5,2.173,8820,13.632,LOP,2,2,2,"[LO.LOPL3, ME.LOPL3] -> LOPL2 -> [LOPL3, LOP.IPSL1]",LO.LOP,3,ME.LOP,3,LOP,3,LOP.IPS,1
164698327,mixed,FB->mix,FB,mix,1,2,1,647,27,1.801,5868,9.07,LOP,2,2,2,"[LOPL3, ME.LOPL3] -> LOPL2 -> [LO.LOPL2, LOP.PLPL3]",LOP,3,ME.LOP,3,LO.LOP,2,LOP.PLP,3
163803160,mixed,FB->mix,FB,mix,1,2,1,647,7,1.766,16617,25.683,LOP,2,2,2,"[LO.LOPL3, ME.LOPL3] -> LOPL2 -> [LOP.MEL2, ME.LOL3]",LO.LOP,3,ME.LOP,3,LOP.ME,2,ME.LO,3
162748159,mixed,FB->mix,FB,mix,1,2,1,647,11,1.549,6066,9.376,LOP,2,2,2,"[LO.LOPL3, LOPL3] -> LOPL2 -> [LO.LOPL2, LOP.LOL3]",LO.LOP,3,LOP,3,LO.LOP,2,LOP.LO,3
162015012,mixed,FB->mix,FB,mix,1,3,0,647,2,1.056,16631,25.705,LOP,2,2,2,"[LO.LOPL3, ME.LOL3] -> LOPL2 -> [LOP.LOL1, ME.LOPL3]",LO.LOP,3,ME.LO,3,LOP.LO,1,ME.LOP,3
161871231,mixed,FB->mix,FB,mix,1,2,1,647,11,1.229,38858,60.059,LOP,2,2,2,"[LO.LOPL3, ME.LOL3] -> LOPL2 -> [LOPL3, MEL2]",LO.LOP,3,ME.LO,3,LOP,3,ME,2
158490068,mixed,FB->mix,FB,mix,1,2,1,647,17,1.879,32923,50.886,LOP,2,2,2,"[LO.LOPL3, ME.LOPL3] -> LOPL2 -> [LOP.PLPL3, MEL2]",LO.LOP,3,ME.LOP,3,LOP.PLP,3,ME,2
156367240,mixed,FB->mix,FB,mix,1,2,1,647,6,1.983,7883,12.184,LOP,2,2,2,"[LO.LOPL3, ME.LOPL3] -> LOPL2 -> [LOP.IPSL2, LOP.LOL3]",LO.LOP,3,ME.LOP,3,LOP.IPS,2,LOP.LO,3
156151284,mixed,FB->mix,FB,mix,1,2,1,647,28,1.027,7155,11.059,LOP,2,2,2,"[LO.MEL3, ME.LOPL3] -> LOPL2 -> [LOPL3, ME.LOPL2]",LO.ME,3,ME.LOP,3,LOP,3,ME.LOP,2
154002600,mixed,FB->mix,FB,mix,1,2,1,647,6,1.179,23762,36.726,LOP,2,2,2,"[LO.LOPL3, MEL3] -> LOPL2 -> [LOP.LOL2, ME.LOL3]",LO.LOP,3,ME,3,LOP.LO,2,ME.LO,3
151970775,mixed,FB->mix,FB,mix,1,2,1,647,7,1.016,29878,46.179,LOP,2,2,2,"[MEL3, ME.LOL3] -> LOPL2 -> [ME.LOL2, ME.LOPL3]",ME,3,ME.LO,3,ME.LO,2,ME.LOP,3
151336977,mixed,FB->mix,FB,mix,1,2,1,24835,646,2.165,28502,1.148,ME,2,2,2,"[LOL3, MEL3] -> MEL2 -> [ME.LOL2, ME.LOL3]",LO,3,ME,3,ME.LO,2,ME.LO,3
151096900,mixed,FB->mix,FB,mix,1,2,1,647,23,1.861,12154,18.785,LOP,2,2,2,"[LO.LOPL3, LOPL3] -> LOPL2 -> [LOP.PLPL3, ME.LOL2]",LO.LOP,3,LOP,3,LOP.PLP,3,ME.LO,2
149632780,mixed,FB->mix,FB,mix,1,3,0,647,3,1.063,14050,21.716,LOP,2,2,2,"[LO.LOPL3, ME.LOL3] -> LOPL2 -> [LOPL3, LOP.LOL1]",LO.LOP,3,ME.LO,3,LOP,3,LOP.LO,1
146931484,mixed,FB->mix,FB,mix,1,2,1,647,15,1.354,10711,16.555,LOP,2,2,2,"[LO.LOPL3, ME.LOPL3] -> LOPL2 -> [LO.PVLPL3, ME.LOPL2]",LO.LOP,3,ME.LOP,3,LO.PVLP,3,ME.LOP,2
145069842,mixed,FB->mix,FB,mix,1,2,1,647,26,1.093,19632,30.343,LOP,2,2,2,"[LO.LOPL3, MEL3] -> LOPL2 -> [LOL2, ME.LOPL3]",LO.LOP,3,ME,3,LO,2,ME.LOP,3
144801839,mixed,FB->mix,FB,mix,1,2,1,647,20,1.267,17051,26.354,LOP,2,2,2,"[LO.LOPL3, MEL3] -> LOPL2 -> [LOL2, LOPL3]",LO.LOP,3,ME,3,LO,2,LOP,3
143779328,mixed,FB->mix,FB,mix,1,2,1,647,54,2.373,9602,14.841,LOP,2,2,2,"[LOPL3, ME.LOPL3] -> LOPL2 -> [LO.LOPL2, LO.LOPL3]",LOP,3,ME.LOP,3,LO.LOP,2,LO.LOP,3
141492746,mixed,FB->mix,FB,mix,1,2,1,647,8,1.809,15551,24.036,LOP,2,2,2,"[MEL3, ME.LOPL3] -> LOPL2 -> [LOPL3, LOP.LOL2]",ME,3,ME.LOP,3,LOP,3,LOP.LO,2
141407456,mixed,FB->mix,FB,mix,1,3,0,647,4,2.007,8820,13.632,LOP,2,2,2,"[LO.LOPL3, ME.LOPL3] -> LOPL2 -> [IPS.LOPL1, LOPL3]",LO.LOP,3,ME.LOP,3,IPS.LOP,1,LOP,3
139988934,mixed,FB->mix,FB,mix,1,2,1,647,6,1.018,27297,42.19,LOP,2,2,2,"[MEL3, ME.LOL3] -> LOPL2 -> [LOPL3, ME.LOL2]",ME,3,ME.LO,3,LOP,3,ME.LO,2
139524702,mixed,FB->mix,FB,mix,1,2,1,647,49,1.023,14782,22.847,LOP,2,2,2,"[ME.LOL3, ME.LOPL3] -> LOPL2 -> [LOL2, LOPL3]",ME.LO,3,ME.LOP,3,LO,2,LOP,3
139234570,mixed,FB->mix,FB,mix,1,2,1,647,10,1.432,16229,25.083,LOP,2,2,2,"[MEL3, ME.LOPL3] -> LOPL2 -> [LO.LOPL2, LOPL3]",ME,3,ME.LOP,3,LO.LOP,2,LOP,3
139036842,mixed,FB->mix,FB,mix,1,2,1,647,55,1.04,22915,35.417,LOP,2,2,2,"[LOPL3, ME.LOL3] -> LOPL2 -> [MEL3, ME.LOPL2]",LOP,3,ME.LO,3,ME,3,ME.LOP,2
138969801,mixed,FB->mix,FB,mix,1,2,1,647,18,1.838,7348,11.357,LOP,2,2,2,"[LOP.PLPL3, ME.LOPL3] -> LOPL2 -> [LOPL3, ME.LOPL2]",LOP.PLP,3,ME.LOP,3,LOP,3,ME.LOP,2
137725510,mixed,FB->mix,FB,mix,1,2,1,647,12,1.013,14942,23.094,LOP,2,2,2,"[LO.MEL3, ME.LOPL3] -> LOPL2 -> [ME.LOL3, ME.LOPL2]",LO.ME,3,ME.LOP,3,ME.LO,3,ME.LOP,2
137327217,mixed,FB->mix,FB,mix,1,2,1,647,14,1.905,5388,8.328,LOP,2,2,2,"[LO.LOPL3, LOPL3] -> LOPL2 -> [LOP.LOL2, LOP.LOL3]",LO.LOP,3,LOP,3,LOP.LO,2,LOP.LO,3
136847304,mixed,FB->mix,FB,mix,1,2,1,647,12,1.073,10127,15.652,LOP,2,2,2,"[LO.LOPL3, LOP.LOL3] -> LOPL2 -> [ME.LOPL2, ME.LOPL3]",LO.LOP,3,LOP.LO,3,ME.LOP,2,ME.LOP,3
136665948,mixed,FB->mix,FB,mix,1,2,1,24835,33,1.825,17898,0.721,ME,2,2,2,"[LOL3, ME.LOL3] -> MEL2 -> [ME.LOL2, ME.PLPL3]",LO,3,ME.LO,3,ME.LO,2,ME.PLP,3
136565791,mixed,FB->mix,FB,mix,1,2,1,647,16,2.315,5190,8.022,LOP,2,2,2,"[LOPL3, ME.LOPL3] -> LOPL2 -> [LOP.LOL2, LOP.PLPL3]",LOP,3,ME.LOP,3,LOP.LO,2,LOP.PLP,3
136487244,mixed,FB->mix,FB,mix,1,2,1,647,44,1.237,22515,34.799,LOP,2,2,2,"[LO.LOPL3, LOPL3] -> LOPL2 -> [MEL3, ME.LOL2]",LO.LOP,3,LOP,3,ME,3,ME.LO,2
134948535,mixed,FB->mix,FB,mix,1,2,1,647,10,2.888,8924,13.793,LOP,2,2,2,"[LOPL3, ME.LOPL3] -> LOPL2 -> [LO.LOPL3, LOP.LOL2]",LOP,3,ME.LOP,3,LO.LOP,3,LOP.LO,2
134849941,mixed,FB->mix,FB,mix,1,2,1,647,95,1.955,10000,15.456,LOP,2,2,2,"[LO.LOPL3, LOPL3] -> LOPL2 -> [LOL2, ME.LOPL3]",LO.LOP,3,LOP,3,LO,2,ME.LOP,3
134655048,mixed,FB->mix,FB,mix,0,3,1,647,2,1.011,15238,23.552,LOP,2,2,2,"[LO.LOPL3, ME.LOL3] -> LOPL2 -> [LOP.LOL1, ME.LOPL2]",LO.LOP,3,ME.LO,3,LOP.LO,1,ME.LOP,2
134393386,mixed,FB->mix,FB,mix,1,2,1,647,26,1.125,13620,21.051,LOP,2,2,2,"[ME.LOL3, ME.LOPL3] -> LOPL2 -> [LOPL3, LOP.IPSL2]",ME.LO,3,ME.LOP,3,LOP,3,LOP.IPS,2
133623659,mixed,FB->mix,FB,mix,1,2,1,647,7,1.104,18470,28.547,LOP,2,2,2,"[LO.LOPL3, MEL3] -> LOPL2 -> [LOP.IPSL2, ME.LOPL3]",LO.LOP,3,ME,3,LOP.IPS,2,ME.LOP,3
133098987,mixed,FB->mix,FB,mix,1,2,1,647,15,1.12,9045,13.98,LOP,2,2,2,"[LO.LOPL3, ME.LOPL3] -> LOPL2 -> [LOL2, LOP.LOL3]",LO.LOP,3,ME.LOP,3,LO,2,LOP.LO,3
133041494,mixed,FB->mix,FB,mix,1,3,0,647,4,3.063,8844,13.669,LOP,2,2,2,"[LO.LOPL3, LOPL3] -> LOPL2 -> [LOP.LOL1, ME.LOPL3]",LO.LOP,3,LOP,3,LOP.LO,1,ME.LOP,3
130580974,mixed,FB->mix,FB,mix,1,2,1,647,23,2.515,8838,13.66,LOP,2,2,2,"[LO.LOPL3, LOPL3] -> LOPL2 -> [LOP.IPSL2, ME.LOPL3]",LO.LOP,3,LOP,3,LOP.IPS,2,ME.LOP,3
130523570,mixed,FB->mix,FB,mix,1,2,1,647,53,1.0,24440,37.774,LOP,2,2,2,"[LO.LOPL3, ME.LOL3] -> LOPL2 -> [LO.LOPL2, MEL3]",LO.LOP,3,ME.LO,3,LO.LOP,2,ME,3
128950872,mixed,FB->mix,FB,mix,1,2,1,647,8,1.21,15889,24.558,LOP,2,2,2,"[LO.LOPL3, MEL3] -> LOPL2 -> [LOPL3, LOP.IPSL2]",LO.LOP,3,ME,3,LOP,3,LOP.IPS,2
128387842,mixed,FB->mix,FB,mix,1,2,1,647,12,1.114,7546,11.663,LOP,2,2,2,"[LO.LOPL3, LOP.LOL3] -> LOPL2 -> [LOPL3, ME.LOPL2]",LO.LOP,3,LOP.LO,3,LOP,3,ME.LOP,2
126434913,mixed,FB->mix,FB,mix,1,2,1,24835,60,2.393,26325,1.06,ME,2,2,2,"[MEL3, ME.LOL3] -> MEL2 -> [ME.LOL2, ME.PLPL3]",ME,3,ME.LO,3,ME.LO,2,ME.PLP,3
125315204,mixed,FB->mix,FB,mix,1,3,0,647,148,1.451,18468,28.544,LOP,2,2,2,"[LO.LOPL3, ME.LOPL3] -> LOPL2 -> [LOPL1, MEL3]",LO.LOP,3,ME.LOP,3,LOP,1,ME,3
125240008,mixed,FB->mix,FB,mix,1,2,1,647,3,1.058,8536,13.193,LOP,2,2,2,"[LO.LOPL3, ME.LOPL3] -> LOPL2 -> [LO.LOPL2, LOP.PVLPL3]",LO.LOP,3,ME.LOP,3,LO.LOP,2,LOP.PVLP,3
124739588,mixed,FB->mix,FB,mix,1,2,1,647,5,1.165,23762,36.726,LOP,2,2,2,"[LO.LOPL3, ME.LOL3] -> LOPL2 -> [LOP.LOL2, MEL3]",LO.LOP,3,ME.LO,3,LOP.LO,2,ME,3
124553602,mixed,FB->mix,FB,mix,1,2,1,647,10,1.636,5642,8.72,LOP,2,2,2,"[LOPL3, ME.LOPL3] -> LOPL2 -> [LO.LOPL2, LOP.LOL3]",LOP,3,ME.LOP,3,LO.LOP,2,LOP.LO,3
123779034,mixed,FB->mix,FB,mix,1,2,1,647,26,2.501,8154,12.603,LOP,2,2,2,"[LO.LOPL3, ME.LOPL3] -> LOPL2 -> [LOP.PLPL2, LOP.PLPL3]",LO.LOP,3,ME.LOP,3,LOP.PLP,2,LOP.PLP,3
123206321,mixed,FB->mix,FB,mix,1,2,1,647,7,1.379,18531,28.641,LOP,2,2,2,"[LO.LOPL3, ME.LOPL3] -> LOPL2 -> [IPS.LOPL2, MEL3]",LO.LOP,3,ME.LOP,3,IPS.LOP,2,ME,3
122609196,mixed,FB->mix,FB,mix,1,2,1,647,4,1.074,16686,25.79,LOP,2,2,2,"[LO.LOPL3, ME.LOL3] -> LOPL2 -> [IPS.LOPL2, ME.LOPL3]",LO.LOP,3,ME.LO,3,IPS.LOP,2,ME.LOP,3
121540776,mixed,FB->mix,FB,mix,1,2,1,647,1,1.0,8837,13.658,LOP,2,2,2,"[LO.LOPL3, ME.LOPL3] -> LOPL2 -> [LOPL3, PLP.LOPL2]",LO.LOP,3,ME.LOP,3,LOP,3,PLP.LOP,2
121540776,mixed,FB->mix,FB,mix,1,2,1,647,1,1.0,8830,13.648,LOP,2,2,2,"[LO.LOPL3, ME.LOPL3] -> LOPL2 -> [LOPL3, SPS.LOPL2]",LO.LOP,3,ME.LOP,3,LOP,3,SPS.LOP,2
2056846138,mixed,FB->lat,FB,lat,0,2,2,647,29,1.383,16652,25.737,LOP,2,2,2,"[LO.LOPL3, ME.LOPL3] -> LOPL2 -> [ME.LOL2, ME.LOPL2]",LO.LOP,3,ME.LOP,3,ME.LO,2,ME.LOP,2
1777059999,mixed,FB->lat,FB,lat,0,2,2,647,70,2.06,10790,16.677,LOP,2,2,2,"[LO.LOPL3, ME.LOPL3] -> LOPL2 -> [LO.LOPL2, ME.LOPL2]",LO.LOP,3,ME.LOP,3,LO.LOP,2,ME.LOP,2
1423036263,mixed,FB->lat,FB,lat,0,2,2,647,9,2.364,10112,15.629,LOP,2,2,2,"[LO.LOPL3, ME.LOPL3] -> LOPL2 -> [LOP.LOL2, ME.LOPL2]",LO.LOP,3,ME.LOP,3,LOP.LO,2,ME.LOP,2
772784106,mixed,FB->lat,FB,lat,0,2,2,647,20,1.007,21858,33.784,LOP,2,2,2,"[LO.LOPL3, ME.LOL3] -> LOPL2 -> [ME.LOL2, ME.LOPL2]",LO.LOP,3,ME.LO,3,ME.LO,2,ME.LOP,2
632241010,mixed,FB->lat,FB,lat,0,2,2,647,15,1.95,10026,15.496,LOP,2,2,2,"[LO.LOPL3, ME.LOPL3] -> LOPL2 -> [LOP.IPSL2, ME.LOPL2]",LO.LOP,3,ME.LOP,3,LOP.IPS,2,ME.LOP,2
574413471,mixed,FB->lat,FB,lat,0,2,2,647,9,1.706,8632,13.342,LOP,2,2,2,"[LO.LOPL3, ME.LOPL3] -> LOPL2 -> [LO.LOPL2, LOP.LOL2]",LO.LOP,3,ME.LOP,3,LO.LOP,2,LOP.LO,2
512309981,mixed,FB->lat,FB,lat,0,2,2,647,69,1.278,11188,17.292,LOP,2,2,2,"[LO.LOPL3, ME.LOPL3] -> LOPL2 -> [LOL2, ME.LOPL2]",LO.LOP,3,ME.LOP,3,LO,2,ME.LOP,2
490981438,mixed,FB->lat,FB,lat,0,2,2,647,17,1.011,21434,33.128,LOP,2,2,2,"[ME.LOL3, ME.LOPL3] -> LOPL2 -> [ME.LOL2, ME.LOPL2]",ME.LO,3,ME.LOP,3,ME.LO,2,ME.LOP,2
453913979,mixed,FB->lat,FB,lat,0,2,2,647,13,1.01,23703,36.635,LOP,2,2,2,"[LO.LOPL3, MEL3] -> LOPL2 -> [ME.LOL2, ME.LOPL2]",LO.LOP,3,ME,3,ME.LO,2,ME.LOP,2
353789994,mixed,FB->lat,FB,lat,0,2,2,647,57,1.877,8209,12.688,LOP,2,2,2,"[LO.LOPL3, LOPL3] -> LOPL2 -> [LO.LOPL2, ME.LOPL2]",LO.LOP,3,LOP,3,LO.LOP,2,ME.LOP,2
352640640,mixed,FB->lat,FB,lat,0,2,2,647,31,1.373,34840,53.849,LOP,2,2,2,"[LO.LOPL3, ME.LOPL3] -> LOPL2 -> [MEL2, ME.LOPL2]",LO.LOP,3,ME.LOP,3,ME,2,ME.LOP,2
347646986,mixed,FB->lat,FB,lat,0,2,2,647,18,2.032,15172,23.45,LOP,2,2,2,"[LO.LOPL3, ME.LOPL3] -> LOPL2 -> [LO.LOPL2, ME.LOL2]",LO.LOP,3,ME.LOP,3,LO.LOP,2,ME.LO,2
340560389,mixed,FB->lat,FB,lat,0,2,2,647,29,1.53,14071,21.748,LOP,2,2,2,"[LO.LOPL3, LOPL3] -> LOPL2 -> [ME.LOL2, ME.LOPL2]",LO.LOP,3,LOP,3,ME.LO,2,ME.LOP,2
288445709,mixed,FB->lat,FB,lat,0,2,2,647,12,1.015,23279,35.98,LOP,2,2,2,"[MEL3, ME.LOPL3] -> LOPL2 -> [ME.LOL2, ME.LOPL2]",ME,3,ME.LOP,3,ME.LO,2,ME.LOP,2
285099814,mixed,FB->lat,FB,lat,0,2,2,647,10,2.244,14494,22.402,LOP,2,2,2,"[LO.LOPL3, ME.LOPL3] -> LOPL2 -> [LOP.LOL2, ME.LOL2]",LO.LOP,3,ME.LOP,3,LOP.LO,2,ME.LO,2
284638345,mixed,FB->lat,FB,lat,0,2,2,647,59,1.0,15996,24.723,LOP,2,2,2,"[LO.LOPL3, ME.LOL3] -> LOPL2 -> [LO.LOPL2, ME.LOPL2]",LO.LOP,3,ME.LO,3,LO.LOP,2,ME.LOP,2
277808189,mixed,FB->lat,FB,lat,0,2,2,647,9,2.215,7531,11.64,LOP,2,2,2,"[LO.LOPL3, LOPL3] -> LOPL2 -> [LOP.LOL2, ME.LOPL2]",LO.LOP,3,LOP,3,LOP.LO,2,ME.LOP,2
261105785,mixed,FB->lat,FB,lat,0,2,2,24835,81,1.452,17951,0.723,ME,2,2,2,"[LOL3, ME.LOL3] -> MEL2 -> [ME.LOL2, ME.PLPL2]",LO,3,ME.LO,3,ME.LO,2,ME.PLP,2
253754454,mixed,FB->lat,FB,lat,0,2,2,647,6,1.021,15318,23.675,LOP,2,2,2,"[LO.LOPL3, ME.LOL3] -> LOPL2 -> [LOP.LOL2, ME.LOPL2]",LO.LOP,3,ME.LO,3,LOP.LO,2,ME.LOP,2
252070938,mixed,FB->lat,FB,lat,0,2,2,647,54,1.841,7785,12.032,LOP,2,2,2,"[LOPL3, ME.LOPL3] -> LOPL2 -> [LO.LOPL2, ME.LOPL2]",LOP,3,ME.LOP,3,LO.LOP,2,ME.LOP,2
230006220,mixed,FB->lat,FB,lat,0,2,2,647,5,1.049,10087,15.59,LOP,2,2,2,"[LO.LOPL3, ME.LOPL3] -> LOPL2 -> [IPS.LOPL2, ME.LOPL2]",LO.LOP,3,ME.LOP,3,IPS.LOP,2,ME.LOP,2
224379387,mixed,FB->lat,FB,lat,0,2,2,647,28,1.617,13647,21.093,LOP,2,2,2,"[LOPL3, ME.LOPL3] -> LOPL2 -> [ME.LOL2, ME.LOPL2]",LOP,3,ME.LOP,3,ME.LO,2,ME.LOP,2
219022495,mixed,FB->lat,FB,lat,0,2,2,24835,193,1.693,26378,1.062,ME,2,2,2,"[MEL3, ME.LOL3] -> MEL2 -> [ME.LOL2, ME.PLPL2]",ME,3,ME.LO,3,ME.LO,2,ME.PLP,2
201154434,mixed,FB->lat,FB,lat,0,2,2,647,45,1.002,16394,25.338,LOP,2,2,2,"[LO.LOPL3, ME.LOL3] -> LOPL2 -> [LOL2, ME.LOPL2]",LO.LOP,3,ME.LO,3,LO,2,ME.LOP,2
200165555,mixed,FB->lat,FB,lat,0,2,2,647,16,2.411,10071,15.566,LOP,2,2,2,"[LO.LOPL3, ME.LOPL3] -> LOPL2 -> [LOP.PLPL2, ME.LOPL2]",LO.LOP,3,ME.LOP,3,LOP.PLP,2,ME.LOP,2
199724321,mixed,FB->lat,FB,lat,0,2,2,647,9,2.239,7107,10.985,LOP,2,2,2,"[LOPL3, ME.LOPL3] -> LOPL2 -> [LOP.LOL2, ME.LOPL2]",LOP,3,ME.LOP,3,LOP.LO,2,ME.LOP,2
185358500,mixed,FB->lat,FB,lat,0,2,2,647,10,1.013,15232,23.543,LOP,2,2,2,"[LO.LOPL3, ME.LOL3] -> LOPL2 -> [LOP.IPSL2, ME.LOPL2]",LO.LOP,3,ME.LO,3,LOP.IPS,2,ME.LOP,2
180453224,mixed,FB->lat,FB,lat,0,2,2,647,52,1.0,15572,24.068,LOP,2,2,2,"[ME.LOL3, ME.LOPL3] -> LOPL2 -> [LO.LOPL2, ME.LOPL2]",ME.LO,3,ME.LOP,3,LO.LOP,2,ME.LOP,2
177630417,mixed,FB->lat,FB,lat,0,2,2,24835,103,1.194,18976,0.764,ME,2,2,2,"[LOL3, ME.LOL3] -> MEL2 -> [LOL2, ME.LOL2]",LO,3,ME.LO,3,LO,2,ME.LO,2
171340175,mixed,FB->lat,FB,lat,0,2,2,647,29,1.053,17841,27.575,LOP,2,2,2,"[LO.LOPL3, MEL3] -> LOPL2 -> [LO.LOPL2, ME.LOPL2]",LO.LOP,3,ME,3,LO.LOP,2,ME.LOP,2
168709296,mixed,FB->lat,FB,lat,0,2,2,647,12,2.045,8546,13.209,LOP,2,2,2,"[LO.LOPL3, ME.LOPL3] -> LOPL2 -> [LO.LOPL2, LOP.IPSL2]",LO.LOP,3,ME.LOP,3,LO.LOP,2,LOP.IPS,2
161929574,mixed,FB->lat,FB,lat,0,2,2,647,6,1.034,14894,23.02,LOP,2,2,2,"[ME.LOL3, ME.LOPL3] -> LOPL2 -> [LOP.LOL2, ME.LOPL2]",ME.LO,3,ME.LOP,3,LOP.LO,2,ME.LOP,2
154032298,mixed,FB->lat,FB,lat,0,2,2,24835,453,1.515,27403,1.103,ME,2,2,2,"[MEL3, ME.LOL3] -> MEL2 -> [LOL2, ME.LOL2]",ME,3,ME.LO,3,LO,2,ME.LO,2
153092850,mixed,FB->lat,FB,lat,0,2,2,647,4,1.08,17163,26.527,LOP,2,2,2,"[LO.LOPL3, MEL3] -> LOPL2 -> [LOP.LOL2, ME.LOPL2]",LO.LOP,3,ME,3,LOP.LO,2,ME.LOP,2
145088316,mixed,FB->lat,FB,lat,0,2,2,647,2,1.32,10018,15.484,LOP,2,2,2,"[LO.LOPL3, ME.LOPL3] -> LOPL2 -> [LOP.MEL2, ME.LOPL2]",LO.LOP,3,ME.LOP,3,LOP.ME,2,ME.LOP,2
143621116,mixed,FB->lat,FB,lat,0,2,2,647,8,2.689,7868,12.161,LOP,2,2,2,"[LO.LOPL3, ME.LOPL3] -> LOPL2 -> [LOP.IPSL2, LOP.LOL2]",LO.LOP,3,ME.LOP,3,LOP.IPS,2,LOP.LO,2
143467904,mixed,FB->lat,FB,lat,0,2,2,647,11,1.714,14408,22.269,LOP,2,2,2,"[LO.LOPL3, ME.LOPL3] -> LOPL2 -> [LOP.IPSL2, ME.LOL2]",LO.LOP,3,ME.LOP,3,LOP.IPS,2,ME.LO,2
136555001,mixed,FB->lat,FB,lat,0,2,2,647,22,1.039,40046,61.895,LOP,2,2,2,"[LO.LOPL3, ME.LOL3] -> LOPL2 -> [MEL2, ME.LOPL2]",LO.LOP,3,ME.LO,3,ME,2,ME.LOP,2
128328620,mixed,FB->lat,FB,lat,0,2,2,647,7,1.003,28485,44.026,LOP,2,2,2,"[MEL3, ME.LOL3] -> LOPL2 -> [ME.LOL2, ME.LOPL2]",ME,3,ME.LO,3,ME.LO,2,ME.LOP,2
127622440,mixed,FB->lat,FB,lat,0,2,2,647,37,1.004,15970,24.683,LOP,2,2,2,"[ME.LOL3, ME.LOPL3] -> LOPL2 -> [LOL2, ME.LOPL2]",ME.LO,3,ME.LOP,3,LO,2,ME.LOP,2
124077599,mixed,FB->lat,FB,lat,0,2,2,647,9,1.595,6051,9.352,LOP,2,2,2,"[LO.LOPL3, LOPL3] -> LOPL2 -> [LO.LOPL2, LOP.LOL2]",LO.LOP,3,LOP,3,LO.LOP,2,LOP.LO,2
119369925,mixed,FB->lat,FB,lat,0,2,2,647,22,1.026,18239,28.19,LOP,2,2,2,"[LO.LOPL3, MEL3] -> LOPL2 -> [LOL2, ME.LOPL2]",LO.LOP,3,ME,3,LO,2,ME.LOP,2
117992535,mixed,FB->lat,FB,lat,0,2,2,647,8,1.021,14808,22.887,LOP,2,2,2,"[ME.LOL3, ME.LOPL3] -> LOPL2 -> [LOP.IPSL2, ME.LOPL2]",ME.LO,3,ME.LOP,3,LOP.IPS,2,ME.LOP,2
117791377,mixed,FB->lat,FB,lat,0,2,2,647,38,1.065,15570,24.065,LOP,2,2,2,"[LO.LOPL3, ME.LOPL3] -> LOPL2 -> [LOL2, ME.LOL2]",LO.LOP,3,ME.LOP,3,LO,2,ME.LO,2
112418438,mixed,FB->lat,FB,lat,0,2,2,647,16,2.161,7445,11.507,LOP,2,2,2,"[LO.LOPL3, LOPL3] -> LOPL2 -> [LOP.IPSL2, ME.LOPL2]",LO.LOP,3,LOP,3,LOP.IPS,2,ME.LOP,2
112239186,mixed,FB->lat,FB,lat,0,2,2,647,1,1.0,10025,15.495,LOP,2,2,2,"[LO.LOPL3, ME.LOPL3] -> LOPL2 -> [ME.LOPL2, PLP.LOPL2]",LO.LOP,3,ME.LOP,3,ME.LOP,2,PLP.LOP,2
112239186,mixed,FB->lat,FB,lat,0,2,2,647,1,1.0,10018,15.484,LOP,2,2,2,"[LO.LOPL3, ME.LOPL3] -> LOPL2 -> [ME.LOPL2, SPS.LOPL2]",LO.LOP,3,ME.LOP,3,ME.LOP,2,SPS.LOP,2
110077654,mixed,FB->lat,FB,lat,0,2,2,647,8,1.855,9030,13.957,LOP,2,2,2,"[LO.LOPL3, ME.LOPL3] -> LOPL2 -> [LOL2, LOP.LOL2]",LO.LOP,3,ME.LOP,3,LO,2,LOP.LO,2
109666540,mixed,FB->lat,FB,lat,0,2,2,647,6,1.031,17077,26.394,LOP,2,2,2,"[LO.LOPL3, MEL3] -> LOPL2 -> [LOP.IPSL2, ME.LOPL2]",LO.LOP,3,ME,3,LOP.IPS,2,ME.LOP,2
109358747,mixed,FB->lat,FB,lat,0,2,2,647,23,1.067,17417,26.92,LOP,2,2,2,"[MEL3, ME.LOPL3] -> LOPL2 -> [LO.LOPL2, ME.LOPL2]",ME,3,ME.LOP,3,LO.LOP,2,ME.LOP,2
106604657,mixed,FB->lat,FB,lat,0,2,2,24835,39,1.207,12487,0.503,ME,2,2,2,"[LOL3, ME.LOL3] -> MEL2 -> [LOL2, ME.PLPL2]",LO,3,ME.LO,3,LO,2,ME.PLP,2
101169342,mixed,FB->lat,FB,lat,0,2,2,647,3,1.014,15293,23.637,LOP,2,2,2,"[LO.LOPL3, ME.LOL3] -> LOPL2 -> [IPS.LOPL2, ME.LOPL2]",LO.LOP,3,ME.LO,3,IPS.LOP,2,ME.LOP,2
98484984,mixed,FB->lat,FB,lat,0,2,2,647,4,1.111,16739,25.872,LOP,2,2,2,"[MEL3, ME.LOPL3] -> LOPL2 -> [LOP.LOL2, ME.LOPL2]",ME,3,ME.LOP,3,LOP.LO,2,ME.LOP,2
93418129,mixed,FB->lat,FB,lat,0,2,2,647,44,1.981,9708,15.005,LOP,2,2,2,"[LO.LOPL3, ME.LOPL3] -> LOPL2 -> [LOL2, LO.LOPL2]",LO.LOP,3,ME.LOP,3,LO,2,LO.LOP,2
93215881,mixed,FB->lat,FB,lat,0,2,2,647,9,1.65,5627,8.697,LOP,2,2,2,"[LOPL3, ME.LOPL3] -> LOPL2 -> [LO.LOPL2, LOP.LOL2]",LOP,3,ME.LOP,3,LO.LOP,2,LOP.LO,2
92546313,mixed,FB->lat,FB,lat,0,2,2,647,16,1.439,39222,60.621,LOP,2,2,2,"[LO.LOPL3, ME.LOPL3] -> LOPL2 -> [MEL2, ME.LOL2]",LO.LOP,3,ME.LOP,3,ME,2,ME.LO,2
90120852,mixed,FB->lat,FB,lat,0,2,2,647,5,1.444,8538,13.196,LOP,2,2,2,"[LO.LOPL3, ME.LOPL3] -> LOPL2 -> [LO.LOPL2, LOP.MEL2]",LO.LOP,3,ME.LOP,3,LO.LOP,2,LOP.ME,2
87627978,mixed,FB->lat,FB,lat,0,2,2,647,14,1.064,39622,61.24,LOP,2,2,2,"[ME.LOL3, ME.LOPL3] -> LOPL2 -> [MEL2, ME.LOPL2]",ME.LO,3,ME.LOP,3,ME,2,ME.LOP,2
86669358,mixed,FB->lat,FB,lat,0,2,2,24835,81,1.35,20914,0.842,ME,2,2,2,"[MEL3, ME.LOL3] -> MEL2 -> [LOL2, ME.PLPL2]",ME,3,ME.LO,3,LO,2,ME.PLP,2
82708360,mixed,FB->lat,FB,lat,0,2,2,647,72,1.371,8607,13.303,LOP,2,2,2,"[LO.LOPL3, LOPL3] -> LOPL2 -> [LOL2, ME.LOPL2]",LO.LOP,3,LOP,3,LO,2,ME.LOP,2
80310982,mixed,FB->lat,FB,lat,0,2,2,647,20,1.045,41891,64.747,LOP,2,2,2,"[LO.LOPL3, MEL3] -> LOPL2 -> [MEL2, ME.LOPL2]",LO.LOP,3,ME,3,ME,2,ME.LOP,2
79201724,mixed,FB->lat,FB,lat,0,2,2,24835,102,1.651,19796,0.797,ME,2,2,2,"[LOL3, MEL3] -> MEL2 -> [ME.LOL2, ME.PLPL2]",LO,3,ME,3,ME.LO,2,ME.PLP,2
78511851,mixed,FB->lat,FB,lat,0,2,2,647,10,1.098,10164,15.709,LOP,2,2,2,"[LO.LOPL3, ME.LOPL3] -> LOPL2 -> [LO.MEL2, ME.LOPL2]",LO.LOP,3,ME.LOP,3,LO.ME,2,ME.LOP,2
78141392,mixed,FB->lat,FB,lat,0,2,2,647,15,1.582,8591,13.278,LOP,2,2,2,"[LO.LOPL3, ME.LOPL3] -> LOPL2 -> [LO.LOPL2, LOP.PLPL2]",LO.LOP,3,ME.LOP,3,LO.LOP,2,LOP.PLP,2
77346683,mixed,FB->lat,FB,lat,0,2,2,647,14,2.302,7021,10.852,LOP,2,2,2,"[LOPL3, ME.LOPL3] -> LOPL2 -> [LOP.IPSL2, ME.LOPL2]",LOP,3,ME.LOP,3,LOP.IPS,2,ME.LOP,2
76093960,mixed,FB->lat,FB,lat,0,2,2,647,19,1.038,17815,27.535,LOP,2,2,2,"[MEL3, ME.LOPL3] -> LOPL2 -> [LOL2, ME.LOPL2]",ME,3,ME.LOP,3,LO,2,ME.LOP,2
75991300,mixed,FB->lat,FB,lat,0,2,2,647,17,1.012,18853,29.139,LOP,2,2,2,"[LOPL3, ME.LOL3] -> LOPL2 -> [ME.LOL2, ME.LOPL2]",LOP,3,ME.LO,3,ME.LO,2,ME.LOP,2
74040386,mixed,FB->lat,FB,lat,0,2,2,647,4,1.777,7860,12.148,LOP,2,2,2,"[LO.LOPL3, ME.LOPL3] -> LOPL2 -> [LOP.LOL2, LOP.MEL2]",LO.LOP,3,ME.LOP,3,LOP.LO,2,LOP.ME,2
72336873,mixed,FB->lat,FB,lat,0,2,2,647,10,1.0,20378,31.496,LOP,2,2,2,"[LO.LOPL3, ME.LOL3] -> LOPL2 -> [LO.LOPL2, ME.LOL2]",LO.LOP,3,ME.LO,3,LO.LOP,2,ME.LO,2
69978054,mixed,FB->lat,FB,lat,0,2,2,647,5,1.044,16653,25.739,LOP,2,2,2,"[MEL3, ME.LOPL3] -> LOPL2 -> [LOP.IPSL2, ME.LOPL2]",ME,3,ME.LOP,3,LOP.IPS,2,ME.LOP,2
67983774,mixed,FB->lat,FB,lat,0,2,2,647,9,2.287,7913,12.23,LOP,2,2,2,"[LO.LOPL3, ME.LOPL3] -> LOPL2 -> [LOP.LOL2, LOP.PLPL2]",LO.LOP,3,ME.LOP,3,LOP.LO,2,LOP.PLP,2
66784773,mixed,FB->lat,FB,lat,0,2,2,647,17,1.929,12591,19.461,LOP,2,2,2,"[LO.LOPL3, LOPL3] -> LOPL2 -> [LO.LOPL2, ME.LOL2]",LO.LOP,3,LOP,3,LO.LOP,2,ME.LO,2
65422200,mixed,FB->lat,FB,lat,0,2,2,647,4,1.05,19700,30.448,LOP,2,2,2,"[LO.LOPL3, ME.LOL3] -> LOPL2 -> [LOP.LOL2, ME.LOL2]",LO.LOP,3,ME.LO,3,LOP.LO,2,ME.LO,2
64426767,mixed,FB->lat,FB,lat,0,2,2,647,3,1.023,14869,22.981,LOP,2,2,2,"[ME.LOL3, ME.LOPL3] -> LOPL2 -> [IPS.LOPL2, ME.LOPL2]",ME.LO,3,ME.LOP,3,IPS.LOP,2,ME.LOP,2
60427860,mixed,FB->lat,FB,lat,0,2,2,647,4,1.118,14469,22.363,LOP,2,2,2,"[LO.LOPL3, ME.LOPL3] -> LOPL2 -> [IPS.LOPL2, ME.LOL2]",LO.LOP,3,ME.LOP,3,IPS.LOP,2,ME.LO,2
59892984,mixed,FB->lat,FB,lat,0,2,2,647,6,3.435,32682,50.513,LOP,2,2,2,"[LO.LOPL3, ME.LOPL3] -> LOPL2 -> [LOP.LOL2, MEL2]",LO.LOP,3,ME.LOP,3,LOP.LO,2,ME,2
59300058,mixed,FB->lat,FB,lat,0,2,2,647,2,1.013,17138,26.488,LOP,2,2,2,"[LO.LOPL3, MEL3] -> LOPL2 -> [IPS.LOPL2, ME.LOPL2]",LO.LOP,3,ME,3,IPS.LOP,2,ME.LOP,2
57236563,mixed,FB->lat,FB,lat,0,2,2,647,9,1.007,13149,20.323,LOP,2,2,2,"[LO.LOPL3, LO.MEL3] -> LOPL2 -> [ME.LOL2, ME.LOPL2]",LO.LOP,3,LO.ME,3,ME.LO,2,ME.LOP,2
56980602,mixed,FB->lat,FB,lat,0,2,2,647,32,1.487,32259,49.859,LOP,2,2,2,"[LO.LOPL3, LOPL3] -> LOPL2 -> [MEL2, ME.LOPL2]",LO.LOP,3,LOP,3,ME,2,ME.LOP,2
55873960,mixed,FB->lat,FB,lat,0,2,2,647,63,1.507,8183,12.648,LOP,2,2,2,"[LOPL3, ME.LOPL3] -> LOPL2 -> [LOL2, ME.LOPL2]",LOP,3,ME.LOP,3,LO,2,ME.LOP,2
53337866,mixed,FB->lat,FB,lat,0,2,2,647,9,2.212,11913,18.413,LOP,2,2,2,"[LO.LOPL3, LOPL3] -> LOPL2 -> [LOP.LOL2, ME.LOL2]",LO.LOP,3,LOP,3,LOP.LO,2,ME.LO,2
51570786,mixed,FB->lat,FB,lat,0,2,2,647,14,1.072,41467,64.091,LOP,2,2,2,"[MEL3, ME.LOPL3] -> LOPL2 -> [MEL2, ME.LOPL2]",ME,3,ME.LOP,3,ME,2,ME.LOP,2
51206597,mixed,FB->lat,FB,lat,0,2,2,647,17,1.006,20776,32.111,LOP,2,2,2,"[LO.LOPL3, ME.LOL3] -> LOPL2 -> [LOL2, ME.LOL2]",LO.LOP,3,ME.LO,3,LO,2,ME.LO,2
51093887,mixed,FB->lat,FB,lat,0,2,2,24835,119,1.291,20821,0.838,ME,2,2,2,"[LOL3, MEL3] -> MEL2 -> [LOL2, ME.LOL2]",LO,3,ME,3,LO,2,ME.LO,2
50534318,mixed,FB->lat,FB,lat,0,2,2,647,19,2.447,33360,51.561,LOP,2,2,2,"[LO.LOPL3, ME.LOPL3] -> LOPL2 -> [LO.LOPL2, MEL2]",LO.LOP,3,ME.LOP,3,LO.LOP,2,ME,2
50228586,mixed,FB->lat,FB,lat,0,2,2,647,1,1.0,15231,23.541,LOP,2,2,2,"[LO.LOPL3, ME.LOL3] -> LOPL2 -> [ME.LOPL2, PLP.LOPL2]",LO.LOP,3,ME.LO,3,ME.LOP,2,PLP.LOP,2
50228586,mixed,FB->lat,FB,lat,0,2,2,647,1,1.0,15224,23.53,LOP,2,2,2,"[LO.LOPL3, ME.LOL3] -> LOPL2 -> [ME.LOPL2, SPS.LOPL2]",LO.LOP,3,ME.LO,3,ME.LOP,2,SPS.LOP,2
47531601,mixed,FB->lat,FB,lat,0,2,2,647,8,1.031,19614,30.315,LOP,2,2,2,"[LO.LOPL3, ME.LOL3] -> LOPL2 -> [LOP.IPSL2, ME.LOL2]",LO.LOP,3,ME.LO,3,LOP.IPS,2,ME.LO,2
47358699,mixed,FB->lat,FB,lat,0,2,2,647,31,1.0,22623,34.966,LOP,2,2,2,"[MEL3, ME.LOL3] -> LOPL2 -> [LO.LOPL2, ME.LOPL2]",ME,3,ME.LO,3,LO.LOP,2,ME.LOP,2
46551126,mixed,FB->lat,FB,lat,0,2,2,647,18,1.876,12167,18.805,LOP,2,2,2,"[LOPL3, ME.LOPL3] -> LOPL2 -> [LO.LOPL2, ME.LOL2]",LOP,3,ME.LOP,3,LO.LOP,2,ME.LO,2
45859819,mixed,FB->lat,FB,lat,0,2,2,647,12,1.0,19954,30.841,LOP,2,2,2,"[ME.LOL3, ME.LOPL3] -> LOPL2 -> [LO.LOPL2, ME.LOL2]",ME.LO,3,ME.LOP,3,LO.LOP,2,ME.LO,2
44685407,mixed,FB->lat,FB,lat,0,2,2,647,12,1.018,20698,31.991,LOP,2,2,2,"[LOPL3, MEL3] -> LOPL2 -> [ME.LOL2, ME.LOPL2]",LOP,3,ME,3,ME.LO,2,ME.LOP,2
43171360,mixed,FB->lat,FB,lat,0,2,2,647,20,1.9,8944,13.824,LOP,2,2,2,"[LO.LOPL3, ME.LOPL3] -> LOPL2 -> [LOL2, LOP.IPSL2]",LO.LOP,3,ME.LOP,3,LO,2,LOP.IPS,2
43060196,mixed,FB->lat,FB,lat,0,2,2,647,11,2.597,14453,22.338,LOP,2,2,2,"[LO.LOPL3, ME.LOPL3] -> LOPL2 -> [LOP.PLPL2, ME.LOL2]",LO.LOP,3,ME.LOP,3,LOP.PLP,2,ME.LO,2
42935333,mixed,FB->lat,FB,lat,0,2,2,647,6,1.024,22223,34.348,LOP,2,2,2,"[LO.LOPL3, MEL3] -> LOPL2 -> [LO.LOPL2, ME.LOL2]",LO.LOP,3,ME,3,LO.LOP,2,ME.LO,2
42121116,mixed,FB->lat,FB,lat,0,2,2,647,4,1.082,19276,29.793,LOP,2,2,2,"[ME.LOL3, ME.LOPL3] -> LOPL2 -> [LOP.LOL2, ME.LOL2]",ME.LO,3,ME.LOP,3,LOP.LO,2,ME.LO,2
41975150,mixed,FB->lat,FB,lat,0,2,2,647,3,1.009,21945,33.918,LOP,2,2,2,"[MEL3, ME.LOL3] -> LOPL2 -> [LOP.LOL2, ME.LOPL2]",ME,3,ME.LO,3,LOP.LO,2,ME.LOP,2
40346391,mixed,FB->lat,FB,lat,0,2,2,24835,5,1.141,17911,0.721,ME,2,2,2,"[LOL3, ME.LOL3] -> MEL2 -> [ME.AOTUL2, ME.LOL2]",LO,3,ME.LO,3,ME.AOTU,2,ME.LO,2
39066453,mixed,FB->lat,FB,lat,0,2,2,647,16,2.218,7490,11.577,LOP,2,2,2,"[LO.LOPL3, LOPL3] -> LOPL2 -> [LOP.PLPL2, ME.LOPL2]",LO.LOP,3,LOP,3,LOP.PLP,2,ME.LOP,2
38713123,mixed,FB->lat,FB,lat,0,2,2,647,5,1.069,21545,33.3,LOP,2,2,2,"[LO.LOPL3, MEL3] -> LOPL2 -> [LOP.LOL2, ME.LOL2]",LO.LOP,3,ME,3,LOP.LO,2,ME.LO,2
38626821,mixed,FB->lat,FB,lat,0,2,2,647,26,1.674,31835,49.204,LOP,2,2,2,"[LOPL3, ME.LOPL3] -> LOPL2 -> [MEL2, ME.LOPL2]",LOP,3,ME.LOP,3,ME,2,ME.LOP,2
37752432,mixed,FB->lat,FB,lat,0,2,2,647,2,1.022,16714,25.833,LOP,2,2,2,"[MEL3, ME.LOPL3] -> LOPL2 -> [IPS.LOPL2, ME.LOPL2]",ME,3,ME.LOP,3,IPS.LOP,2,ME.LOP,2
37681022,mixed,FB->lat,FB,lat,0,2,2,647,9,2.266,11489,17.757,LOP,2,2,2,"[LOPL3, ME.LOPL3] -> LOPL2 -> [LOP.LOL2, ME.LOL2]",LOP,3,ME.LOP,3,LOP.LO,2,ME.LO,2
36361907,mixed,FB->lat,FB,lat,0,2,2,647,9,1.011,12725,19.668,LOP,2,2,2,"[LO.MEL3, ME.LOPL3] -> LOPL2 -> [ME.LOL2, ME.LOPL2]",LO.ME,3,ME.LOP,3,ME.LO,2,ME.LOP,2
35658662,mixed,FB->lat,FB,lat,0,2,2,647,5,1.054,7506,11.601,LOP,2,2,2,"[LO.LOPL3, LOPL3] -> LOPL2 -> [IPS.LOPL2, ME.LOPL2]",LO.LOP,3,LOP,3,IPS.LOP,2,ME.LOP,2
35636720,mixed,FB->lat,FB,lat,0,2,2,647,13,1.094,44428,68.668,LOP,2,2,2,"[LO.LOPL3, ME.LOL3] -> LOPL2 -> [MEL2, ME.LOL2]",LO.LOP,3,ME.LO,3,ME,2,ME.LO,2
34928368,mixed,FB->lat,FB,lat,0,2,2,647,10,1.845,5965,9.219,LOP,2,2,2,"[LO.LOPL3, LOPL3] -> LOPL2 -> [LO.LOPL2, LOP.IPSL2]",LO.LOP,3,LOP,3,LO.LOP,2,LOP.IPS,2
34673136,mixed,FB->lat,FB,lat,0,2,2,647,9,1.071,15277,23.612,LOP,2,2,2,"[LO.LOPL3, ME.LOL3] -> LOPL2 -> [LOP.PLPL2, ME.LOPL2]",LO.LOP,3,ME.LO,3,LOP.PLP,2,ME.LOP,2
33960814,mixed,FB->lat,FB,lat,0,2,2,647,9,1.028,15370,23.756,LOP,2,2,2,"[LO.LOPL3, ME.LOL3] -> LOPL2 -> [LO.MEL2, ME.LOPL2]",LO.LOP,3,ME.LO,3,LO.ME,2,ME.LOP,2
33444789,mixed,FB->lat,FB,lat,0,2,2,647,17,1.001,23021,35.581,LOP,2,2,2,"[MEL3, ME.LOL3] -> LOPL2 -> [LOL2, ME.LOPL2]",ME,3,ME.LO,3,LO,2,ME.LOP,2
32522247,mixed,FB->lat,FB,lat,0,2,2,647,14,1.009,20352,31.456,LOP,2,2,2,"[ME.LOL3, ME.LOPL3] -> LOPL2 -> [LOL2, ME.LOL2]",ME.LO,3,ME.LOP,3,LO,2,ME.LO,2
32327748,mixed,FB->lat,FB,lat,0,2,2,647,2,1.301,7437,11.495,LOP,2,2,2,"[LO.LOPL3, LOPL3] -> LOPL2 -> [LOP.MEL2, ME.LOPL2]",LO.LOP,3,LOP,3,LOP.ME,2,ME.LOP,2
31939762,mixed,FB->lat,FB,lat,0,2,2,647,20,1.299,7480,11.561,LOP,2,2,2,"[LO.LOPL3, LOP.PLPL3] -> LOPL2 -> [LO.LOPL2, ME.LOPL2]",LO.LOP,3,LOP.PLP,3,LO.LOP,2,ME.LOP,2
31843692,mixed,FB->lat,FB,lat,0,2,2,647,1,1.0,14807,22.886,LOP,2,2,2,"[ME.LOL3, ME.LOPL3] -> LOPL2 -> [ME.LOPL2, PLP.LOPL2]",ME.LO,3,ME.LOP,3,ME.LOP,2,PLP.LOP,2
31843692,mixed,FB->lat,FB,lat,0,2,2,647,1,1.0,14800,22.875,LOP,2,2,2,"[ME.LOL3, ME.LOPL3] -> LOPL2 -> [ME.LOPL2, SPS.LOPL2]",ME.LO,3,ME.LOP,3,ME.LOP,2,SPS.LOP,2
31389717,mixed,FB->lat,FB,lat,0,2,2,24835,12,1.172,26338,1.061,ME,2,2,2,"[MEL3, ME.LOL3] -> MEL2 -> [ME.AOTUL2, ME.LOL2]",ME,3,ME.LO,3,ME.AOTU,2,ME.LO,2
30844860,mixed,FB->lat,FB,lat,0,2,2,24835,43,1.315,14332,0.577,ME,2,2,2,"[LOL3, MEL3] -> MEL2 -> [LOL2, ME.PLPL2]",LO,3,ME,3,LO,2,ME.PLP,2
30728432,mixed,FB->lat,FB,lat,0,2,2,647,3,1.006,21859,33.785,LOP,2,2,2,"[MEL3, ME.LOL3] -> LOPL2 -> [LOP.IPSL2, ME.LOPL2]",ME,3,ME.LO,3,LOP.IPS,2,ME.LOP,2
30426949,mixed,FB->lat,FB,lat,0,2,2,647,7,1.051,19190,29.66,LOP,2,2,2,"[ME.LOL3, ME.LOPL3] -> LOPL2 -> [LOP.IPSL2, ME.LOL2]",ME.LO,3,ME.LOP,3,LOP.IPS,2,ME.LO,2
30082005,mixed,FB->lat,FB,lat,0,2,2,647,10,1.009,22621,34.963,LOP,2,2,2,"[LO.LOPL3, MEL3] -> LOPL2 -> [LOL2, ME.LOL2]",LO.LOP,3,ME,3,LO,2,ME.LO,2
29455035,mixed,FB->lat,FB,lat,0,2,2,647,1,1.0,17076,26.393,LOP,2,2,2,"[LO.LOPL3, MEL3] -> LOPL2 -> [ME.LOPL2, PLP.LOPL2]",LO.LOP,3,ME,3,ME.LOP,2,PLP.LOP,2
29455035,mixed,FB->lat,FB,lat,0,2,2,647,1,1.0,17069,26.382,LOP,2,2,2,"[LO.LOPL3, MEL3] -> LOPL2 -> [ME.LOPL2, SPS.LOPL2]",LO.LOP,3,ME,3,ME.LOP,2,SPS.LOP,2
29169454,mixed,FB->lat,FB,lat,0,2,2,647,8,2.424,5287,8.172,LOP,2,2,2,"[LO.LOPL3, LOPL3] -> LOPL2 -> [LOP.IPSL2, LOP.LOL2]",LO.LOP,3,LOP,3,LOP.IPS,2,LOP.LO,2
29042794,mixed,FB->lat,FB,lat,0,2,2,647,7,2.24,32596,50.38,LOP,2,2,2,"[LO.LOPL3, ME.LOPL3] -> LOPL2 -> [LOP.IPSL2, MEL2]",LO.LOP,3,ME.LOP,3,LOP.IPS,2,ME,2
28908424,mixed,FB->lat,FB,lat,0,2,2,647,4,1.027,13116,20.272,LOP,2,2,2,"[LO.LOPL3, LOP.LOL3] -> LOPL2 -> [ME.LOL2, ME.LOPL2]",LO.LOP,3,LOP.LO,3,ME.LO,2,ME.LOP,2
28658942,mixed,FB->lat,FB,lat,0,2,2,647,32,1.809,33758,52.176,LOP,2,2,2,"[LO.LOPL3, ME.LOPL3] -> LOPL2 -> [LOL2, MEL2]",LO.LOP,3,ME.LOP,3,LO,2,ME,2
28524876,mixed,FB->lat,FB,lat,0,2,2,647,1,1.0,14407,22.267,LOP,2,2,2,"[LO.LOPL3, ME.LOPL3] -> LOPL2 -> [ME.LOL2, PLP.LOPL2]",LO.LOP,3,ME.LOP,3,ME.LO,2,PLP.LOP,2
28524876,mixed,FB->lat,FB,lat,0,2,2,647,1,1.0,14400,22.257,LOP,2,2,2,"[LO.LOPL3, ME.LOPL3] -> LOPL2 -> [ME.LOL2, SPS.LOPL2]",LO.LOP,3,ME.LOP,3,ME.LO,2,SPS.LOP,2
28347982,mixed,FB->lat,FB,lat,0,2,2,647,16,2.271,7066,10.921,LOP,2,2,2,"[LOPL3, ME.LOPL3] -> LOPL2 -> [LOP.PLPL2, ME.LOPL2]",LOP,3,ME.LOP,3,LOP.PLP,2,ME.LOP,2
27945919,mixed,FB->lat,FB,lat,0,2,2,647,5,1.036,21459,33.167,LOP,2,2,2,"[LO.LOPL3, MEL3] -> LOPL2 -> [LOP.IPSL2, ME.LOL2]",LO.LOP,3,ME,3,LOP.IPS,2,ME.LO,2
27918626,mixed,FB->lat,FB,lat,0,2,2,647,42,1.0,12991,20.079,LOP,2,2,2,"[LOPL3, ME.LOL3] -> LOPL2 -> [LO.LOPL2, ME.LOPL2]",LOP,3,ME.LO,3,LO.LOP,2,ME.LOP,2
27283044,mixed,FB->lat,FB,lat,0,2,2,647,6,1.029,21799,33.692,LOP,2,2,2,"[MEL3, ME.LOPL3] -> LOPL2 -> [LO.LOPL2, ME.LOL2]",ME,3,ME.LOP,3,LO.LOP,2,ME.LO,2
25965792,mixed,FB->lat,FB,lat,0,2,2,647,4,1.034,19675,30.41,LOP,2,2,2,"[LO.LOPL3, ME.LOL3] -> LOPL2 -> [IPS.LOPL2, ME.LOL2]",LO.LOP,3,ME.LO,3,IPS.LOP,2,ME.LO,2
25664844,mixed,FB->lat,FB,lat,0,2,2,647,10,1.859,5541,8.564,LOP,2,2,2,"[LOPL3, ME.LOPL3] -> LOPL2 -> [LO.LOPL2, LOP.IPSL2]",LOP,3,ME.LOP,3,LO.LOP,2,LOP.IPS,2
25088022,mixed,FB->lat,FB,lat,0,2,2,647,7,1.037,12313,19.031,LOP,2,2,2,"[LOPL3, ME.LOL3] -> LOPL2 -> [LOP.LOL2, ME.LOPL2]",LOP,3,ME.LO,3,LOP.LO,2,ME.LOP,2
24954094,mixed,FB->lat,FB,lat,0,2,2,647,5,1.104,21121,32.645,LOP,2,2,2,"[MEL3, ME.LOPL3] -> LOPL2 -> [LOP.LOL2, ME.LOL2]",ME,3,ME.LOP,3,LOP.LO,2,ME.LO,2
24591711,mixed,FB->lat,FB,lat,0,2,2,647,11,1.918,11827,18.28,LOP,2,2,2,"[LO.LOPL3, LOPL3] -> LOPL2 -> [LOP.IPSL2, ME.LOL2]",LO.LOP,3,LOP,3,LOP.IPS,2,ME.LO,2
24421190,mixed,FB->lat,FB,lat,0,2,2,24835,3,1.175,11422,0.46,ME,2,2,2,"[LOL3, ME.LOL3] -> MEL2 -> [ME.AOTUL2, ME.PLPL2]",LO,3,ME.LO,3,ME.AOTU,2,ME.PLP,2
24348024,mixed,FB->lat,FB,lat,0,2,2,647,2,1.362,7013,10.839,LOP,2,2,2,"[LOPL3, ME.LOPL3] -> LOPL2 -> [LOP.MEL2, ME.LOPL2]",LOP,3,ME.LOP,3,LOP.ME,2,ME.LOP,2
23913606,mixed,FB->lat,FB,lat,0,2,2,647,3,1.51,6802,10.513,LOP,2,2,2,"[LO.LOPL3, LOP.PLPL3] -> LOPL2 -> [LOP.LOL2, ME.LOPL2]",LO.LOP,3,LOP.PLP,3,LOP.LO,2,ME.LOP,2
23588601,mixed,FB->lat,FB,lat,0,2,2,647,5,1.0,13838,21.388,LOP,2,2,2,"[LO.LOPL3, ME.LOL3] -> LOPL2 -> [LO.LOPL2, LOP.LOL2]",LO.LOP,3,ME.LO,3,LO.LOP,2,LOP.LO,2
23574965,mixed,FB->lat,FB,lat,0,2,2,647,17,1.318,7056,10.906,LOP,2,2,2,"[LOP.PLPL3, ME.LOPL3] -> LOPL2 -> [LO.LOPL2, ME.LOPL2]",LOP.PLP,3,ME.LOP,3,LO.LOP,2,ME.LOP,2
23237823,mixed,FB->lat,FB,lat,0,2,2,647,10,1.153,44004,68.012,LOP,2,2,2,"[ME.LOL3, ME.LOPL3] -> LOPL2 -> [MEL2, ME.LOL2]",ME.LO,3,ME.LOP,3,ME,2,ME.LO,2
22983699,mixed,FB->lat,FB,lat,0,2,2,647,5,1.088,7082,10.946,LOP,2,2,2,"[LOPL3, ME.LOPL3] -> LOPL2 -> [IPS.LOPL2, ME.LOPL2]",LOP,3,ME.LOP,3,IPS.LOP,2,ME.LOP,2
22476427,mixed,FB->lat,FB,lat,0,2,2,647,11,1.017,46673,72.138,LOP,2,2,2,"[MEL3, ME.LOL3] -> LOPL2 -> [MEL2, ME.LOPL2]",ME,3,ME.LO,3,ME,2,ME.LOP,2
22461633,mixed,FB->lat,FB,lat,0,2,2,647,8,1.116,14853,22.957,LOP,2,2,2,"[ME.LOL3, ME.LOPL3] -> LOPL2 -> [LOP.PLPL2, ME.LOPL2]",ME.LO,3,ME.LOP,3,LOP.PLP,2,ME.LOP,2
22335123,mixed,FB->lat,FB,lat,0,2,2,647,3,1.079,14400,22.257,LOP,2,2,2,"[LO.LOPL3, ME.LOPL3] -> LOPL2 -> [LOP.MEL2, ME.LOL2]",LO.LOP,3,ME.LOP,3,LOP.ME,2,ME.LO,2
22081902,mixed,FB->lat,FB,lat,0,2,2,647,8,2.511,4863,7.516,LOP,2,2,2,"[LOPL3, ME.LOPL3] -> LOPL2 -> [LOP.IPSL2, LOP.LOL2]",LOP,3,ME.LOP,3,LOP.IPS,2,LOP.LO,2
21981192,mixed,FB->lat,FB,lat,0,2,2,647,2,1.352,7929,12.255,LOP,2,2,2,"[LO.LOPL3, ME.LOPL3] -> LOPL2 -> [IPS.LOPL2, LOP.LOL2]",LO.LOP,3,ME.LOP,3,IPS.LOP,2,LOP.LO,2
21722254,mixed,FB->lat,FB,lat,0,2,2,647,9,1.046,14946,23.1,LOP,2,2,2,"[ME.LOL3, ME.LOPL3] -> LOPL2 -> [LO.MEL2, ME.LOPL2]",ME.LO,3,ME.LOP,3,LO.ME,2,ME.LOP,2
21508985,mixed,FB->lat,FB,lat,0,2,2,24835,5,1.278,17907,0.721,ME,2,2,2,"[LOL3, ME.LOL3] -> MEL2 -> [ME.LOL2, PLPL2]",LO,3,ME.LO,3,ME.LO,2,PLP,2
21268696,mixed,FB->lat,FB,lat,0,2,2,647,5,1.234,14546,22.482,LOP,2,2,2,"[LO.LOPL3, ME.LOPL3] -> LOPL2 -> [LO.MEL2, ME.LOL2]",LO.LOP,3,ME.LOP,3,LO.ME,2,ME.LO,2
21084228,mixed,FB->lat,FB,lat,0,2,2,647,13,1.0,7287,11.263,LOP,2,2,2,"[LO.LOPL3, LO.MEL3] -> LOPL2 -> [LO.LOPL2, ME.LOPL2]",LO.LOP,3,LO.ME,3,LO.LOP,2,ME.LOP,2
21083736,mixed,FB->lat,FB,lat,0,2,2,647,3,1.0,8607,13.303,LOP,2,2,2,"[LO.LOPL3, ME.LOPL3] -> LOPL2 -> [IPS.LOPL2, LO.LOPL2]",LO.LOP,3,ME.LOP,3,IPS.LOP,2,LO.LOP,2
21030772,mixed,FB->lat,FB,lat,0,2,2,647,6,1.696,6449,9.968,LOP,2,2,2,"[LO.LOPL3, LOPL3] -> LOPL2 -> [LOL2, LOP.LOL2]",LO.LOP,3,LOP,3,LO,2,LOP.LO,2
20924441,mixed,FB->lat,FB,lat,0,2,2,647,13,2.88,7827,12.097,LOP,2,2,2,"[LO.LOPL3, ME.LOPL3] -> LOPL2 -> [LOP.IPSL2, LOP.PLPL2]",LO.LOP,3,ME.LOP,3,LOP.IPS,2,LOP.PLP,2
20912995,mixed,FB->lat,FB,lat,0,2,2,647,27,1.202,15276,23.611,LOP,2,2,2,"[LOL3, LO.LOPL3] -> LOPL2 -> [ME.LOL2, ME.LOPL2]",LO,3,LO.LOP,3,ME.LO,2,ME.LOP,2
20856619,mixed,FB->lat,FB,lat,0,2,2,647,10,1.09,46273,71.519,LOP,2,2,2,"[LO.LOPL3, MEL3] -> LOPL2 -> [MEL2, ME.LOL2]",LO.LOP,3,ME,3,ME,2,ME.LO,2
20818909,mixed,FB->lat,FB,lat,0,2,2,647,5,1.122,17122,26.464,LOP,2,2,2,"[LO.LOPL3, MEL3] -> LOPL2 -> [LOP.PLPL2, ME.LOPL2]",LO.LOP,3,ME,3,LOP.PLP,2,ME.LOP,2
20018095,mixed,FB->lat,FB,lat,0,2,2,647,4,1.418,5957,9.207,LOP,2,2,2,"[LO.LOPL3, LOPL3] -> LOPL2 -> [LO.LOPL2, LOP.MEL2]",LO.LOP,3,LOP,3,LO.LOP,2,LOP.ME,2
19896870,mixed,FB->lat,FB,lat,0,2,2,647,6,1.026,17215,26.607,LOP,2,2,2,"[LO.LOPL3, MEL3] -> LOPL2 -> [LO.MEL2, ME.LOPL2]",LO.LOP,3,ME,3,LO.ME,2,ME.LOP,2
19747321,mixed,FB->lat,FB,lat,0,2,2,647,36,1.004,13389,20.694,LOP,2,2,2,"[LOPL3, ME.LOL3] -> LOPL2 -> [LOL2, ME.LOPL2]",LOP,3,ME.LO,3,LO,2,ME.LOP,2
19118480,mixed,FB->lat,FB,lat,0,2,2,647,10,1.014,22197,34.308,LOP,2,2,2,"[MEL3, ME.LOPL3] -> LOPL2 -> [LOL2, ME.LOL2]",ME,3,ME.LOP,3,LO,2,ME.LO,2
19089268,mixed,FB->lat,FB,lat,0,2,2,647,3,1.008,13001,20.094,LOP,2,2,2,"[LO.LOPL3, LOP.IPSL3] -> LOPL2 -> [ME.LOL2, ME.LOPL2]",LO.LOP,3,LOP.IPS,3,ME.LO,2,ME.LOP,2
19059050,mixed,FB->lat,FB,lat,0,2,2,24835,8,1.213,19849,0.799,ME,2,2,2,"[MEL3, ME.LOL3] -> MEL2 -> [ME.AOTUL2, ME.PLPL2]",ME,3,ME.LO,3,ME.AOTU,2,ME.PLP,2
18871241,mixed,FB->lat,FB,lat,0,2,2,647,27,1.0,14914,23.051,LOP,2,2,2,"[LO.LOPL3, ME.LOL3] -> LOPL2 -> [LOL2, LO.LOPL2]",LO.LOP,3,ME.LO,3,LO,2,LO.LOP,2
18789781,mixed,FB->lat,FB,lat,0,2,2,647,4,1.02,6609,10.215,LOP,2,2,2,"[LO.LOPL3, LO.MEL3] -> LOPL2 -> [LOP.LOL2, ME.LOPL2]",LO.LOP,3,LO.ME,3,LOP.LO,2,ME.LOP,2
18673770,mixed,FB->lat,FB,lat,0,2,2,647,1,1.0,16652,25.737,LOP,2,2,2,"[MEL3, ME.LOPL3] -> LOPL2 -> [ME.LOPL2, PLP.LOPL2]",ME,3,ME.LOP,3,ME.LOP,2,PLP.LOP,2
18673770,mixed,FB->lat,FB,lat,0,2,2,647,1,1.0,16645,25.726,LOP,2,2,2,"[MEL3, ME.LOPL3] -> LOPL2 -> [ME.LOPL2, SPS.LOPL2]",ME,3,ME.LOP,3,ME.LOP,2,SPS.LOP,2
18480725,mixed,FB->lat,FB,lat,0,2,2,647,4,1.044,12692,19.617,LOP,2,2,2,"[LOP.LOL3, ME.LOPL3] -> LOPL2 -> [ME.LOL2, ME.LOPL2]",LOP.LO,3,ME.LOP,3,ME.LO,2,ME.LOP,2
18382049,mixed,FB->lat,FB,lat,0,2,2,647,40,1.083,12989,20.076,LOP,2,2,2,"[LO.LOPL3, LOPL3] -> LOPL2 -> [LOL2, ME.LOL2]",LO.LOP,3,LOP,3,LO,2,ME.LO,2
18270349,mixed,FB->lat,FB,lat,0,2,2,647,8,1.023,12227,18.898,LOP,2,2,2,"[LOPL3, ME.LOL3] -> LOPL2 -> [LOP.IPSL2, ME.LOPL2]",LOP,3,ME.LO,3,LOP.IPS,2,ME.LOP,2
18016500,mixed,FB->lat,FB,lat,0,2,2,647,4,1.687,7774,12.015,LOP,2,2,2,"[LO.LOPL3, ME.LOPL3] -> LOPL2 -> [LOP.IPSL2, LOP.MEL2]",LO.LOP,3,ME.LOP,3,LOP.IPS,2,LOP.ME,2
17919172,mixed,FB->lat,FB,lat,0,2,2,24835,8,1.371,17806,0.717,ME,2,2,2,"[LOL3, ME.LOL3] -> MEL2 -> [ME.LOL2, ME.SPSL2]",LO,3,ME.LO,3,ME.LO,2,ME.SPS,2
17891224,mixed,FB->lat,FB,lat,0,2,2,647,5,1.056,21035,32.512,LOP,2,2,2,"[MEL3, ME.LOPL3] -> LOPL2 -> [LOP.IPSL2, ME.LOL2]",ME,3,ME.LOP,3,LOP.IPS,2,ME.LO,2
17866620,mixed,FB->lat,FB,lat,0,2,2,647,3,1.555,6378,9.858,LOP,2,2,2,"[LOP.PLPL3, ME.LOPL3] -> LOPL2 -> [LOP.LOL2, ME.LOPL2]",LOP.PLP,3,ME.LOP,3,LOP.LO,2,ME.LOP,2
17768610,mixed,FB->lat,FB,lat,0,2,2,24835,3,1.062,12447,0.501,ME,2,2,2,"[LOL3, ME.LOL3] -> MEL2 -> [LOL2, ME.AOTUL2]",LO,3,ME.LO,3,LO,2,ME.AOTU,2
17362968,mixed,FB->lat,FB,lat,0,2,2,647,1,1.0,7444,11.505,LOP,2,2,2,"[LO.LOPL3, LOPL3] -> LOPL2 -> [ME.LOPL2, PLP.LOPL2]",LO.LOP,3,LOP,3,ME.LOP,2,PLP.LOP,2
17362968,mixed,FB->lat,FB,lat,0,2,2,647,1,1.0,7437,11.495,LOP,2,2,2,"[LO.LOPL3, LOPL3] -> LOPL2 -> [ME.LOPL2, SPS.LOPL2]",LO.LOP,3,LOP,3,ME.LOP,2,SPS.LOP,2
17301615,mixed,FB->lat,FB,lat,0,2,2,647,39,1.887,7127,11.015,LOP,2,2,2,"[LO.LOPL3, LOPL3] -> LOPL2 -> [LOL2, LO.LOPL2]",LO.LOP,3,LOP,3,LO,2,LO.LOP,2
17298778,mixed,FB->lat,FB,lat,0,2,2,647,9,1.0,13752,21.255,LOP,2,2,2,"[LO.LOPL3, ME.LOL3] -> LOPL2 -> [LO.LOPL2, LOP.IPSL2]",LO.LOP,3,ME.LO,3,LO.LOP,2,LOP.IPS,2
17277991,mixed,FB->lat,FB,lat,0,2,2,647,6,1.541,6025,9.312,LOP,2,2,2,"[LOPL3, ME.LOPL3] -> LOPL2 -> [LOL2, LOP.LOL2]",LOP,3,ME.LOP,3,LO,2,LOP.LO,2
17245770,mixed,FB->lat,FB,lat,0,2,2,24835,18,2.078,26233,1.056,ME,2,2,2,"[MEL3, ME.LOL3] -> MEL2 -> [ME.LOL2, ME.SPSL2]",ME,3,ME.LO,3,ME.LO,2,ME.SPS,2
17143653,mixed,FB->lat,FB,lat,0,2,2,647,20,1.096,14836,22.93,LOP,2,2,2,"[LOPL3, MEL3] -> LOPL2 -> [LO.LOPL2, ME.LOPL2]",LOP,3,ME,3,LO.LOP,2,ME.LOP,2
17059230,mixed,FB->lat,FB,lat,0,2,2,647,3,1.475,15683,24.24,LOP,2,2,2,"[LO.LOPL3, MEL3] -> LOPL2 -> [LO.LOPL2, LOP.LOL2]",LO.LOP,3,ME,3,LO.LOP,2,LOP.LO,2
16943508,mixed,FB->lat,FB,lat,0,2,2,24835,19,1.336,26334,1.06,ME,2,2,2,"[MEL3, ME.LOL3] -> MEL2 -> [ME.LOL2, PLPL2]",ME,3,ME.LO,3,ME.LO,2,PLP,2
16930247,mixed,FB->lat,FB,lat,0,2,2,647,15,1.484,6010,9.289,LOP,2,2,2,"[LO.LOPL3, LOPL3] -> LOPL2 -> [LO.LOPL2, LOP.PLPL2]",LO.LOP,3,LOP,3,LO.LOP,2,LOP.PLP,2
16795458,mixed,FB->lat,FB,lat,0,2,2,647,3,1.017,14236,22.003,LOP,2,2,2,"[LO.LOPL3, ME.LOL3] -> LOPL2 -> [LOL2, LOP.LOL2]",LO.LOP,3,ME.LO,3,LO,2,LOP.LO,2
16765704,mixed,FB->lat,FB,lat,0,2,2,647,2,1.006,21920,33.879,LOP,2,2,2,"[MEL3, ME.LOL3] -> LOPL2 -> [IPS.LOPL2, ME.LOPL2]",ME,3,ME.LO,3,IPS.LOP,2,ME.LOP,2
16740223,mixed,FB->lat,FB,lat,0,2,2,647,10,2.086,11403,17.624,LOP,2,2,2,"[LOPL3, ME.LOPL3] -> LOPL2 -> [LOP.IPSL2, ME.LOL2]",LOP,3,ME.LOP,3,LOP.IPS,2,ME.LO,2
16637596,mixed,FB->lat,FB,lat,0,2,2,647,4,1.056,19251,29.754,LOP,2,2,2,"[ME.LOL3, ME.LOPL3] -> LOPL2 -> [IPS.LOPL2, ME.LOL2]",ME.LO,3,ME.LOP,3,IPS.LOP,2,ME.LO,2
16302024,mixed,FB->lat,FB,lat,0,2,2,647,4,1.745,5279,8.159,LOP,2,2,2,"[LO.LOPL3, LOPL3] -> LOPL2 -> [LOP.LOL2, LOP.MEL2]",LO.LOP,3,LOP,3,LOP.LO,2,LOP.ME,2
16210723,mixed,FB->lat,FB,lat,0,2,2,647,6,1.003,17931,27.714,LOP,2,2,2,"[LO.MEL3, ME.LOL3] -> LOPL2 -> [ME.LOL2, ME.LOPL2]",LO.ME,3,ME.LO,3,ME.LO,2,ME.LOP,2
15988661,mixed,FB->lat,FB,lat,0,2,2,647,4,1.095,13074,20.207,LOP,2,2,2,"[LO.LOPL3, ME.LOL3] -> LOPL2 -> [LOP.IPSL2, LOP.LOL2]",LO.LOP,3,ME.LO,3,LOP.IPS,2,LOP.LO,2
15476468,mixed,FB->lat,FB,lat,0,2,2,647,5,1.146,14158,21.883,LOP,2,2,2,"[LOPL3, MEL3] -> LOPL2 -> [LOP.LOL2, ME.LOPL2]",LOP,3,ME,3,LOP.LO,2,ME.LOP,2
15222480,mixed,FB->lat,FB,lat,0,2,2,647,4,1.497,5533,8.552,LOP,2,2,2,"[LOPL3, ME.LOPL3] -> LOPL2 -> [LO.LOPL2, LOP.MEL2]",LOP,3,ME.LOP,3,LO.LOP,2,LOP.ME,2
15209946,mixed,FB->lat,FB,lat,0,2,2,647,2,1.032,21520,33.261,LOP,2,2,2,"[LO.LOPL3, MEL3] -> LOPL2 -> [IPS.LOPL2, ME.LOL2]",LO.LOP,3,ME,3,IPS.LOP,2,ME.LO,2
15189971,mixed,FB->lat,FB,lat,0,2,2,647,7,1.041,9005,13.918,LOP,2,2,2,"[LO.LOPL3, ME.LOPL3] -> LOPL2 -> [IPS.LOPL2, LOL2]",LO.LOP,3,ME.LOP,3,IPS.LOP,2,LO,2
15177858,mixed,FB->lat,FB,lat,0,2,2,647,4,1.222,7843,12.122,LOP,2,2,2,"[LO.LOPL3, ME.LOPL3] -> LOPL2 -> [IPS.LOPL2, LOP.IPSL2]",LO.LOP,3,ME.LOP,3,IPS.LOP,2,LOP.IPS,2
14954510,mixed,FB->lat,FB,lat,0,2,2,647,5,1.0,13414,20.733,LOP,2,2,2,"[ME.LOL3, ME.LOPL3] -> LOPL2 -> [LO.LOPL2, LOP.LOL2]",ME.LO,3,ME.LOP,3,LO.LOP,2,LOP.LO,2
15098046949,mixed,FB->FF,FB,FF,2,2,0,647,102,2.884,17681,27.328,LOP,2,2,2,"[LO.LOPL3, ME.LOPL3] -> LOPL2 -> [LOPL3, ME.LOL3]",LO.LOP,3,ME.LOP,3,LOP,3,ME.LO,3
8122302474,mixed,FB->FF,FB,FF,2,2,0,647,142,2.955,9165,14.165,LOP,2,2,2,"[LO.LOPL3, ME.LOPL3] -> LOPL2 -> [LOPL3, LOP.PLPL3]",LO.LOP,3,ME.LOP,3,LOP,3,LOP.PLP,3
5133033863,mixed,FB->FF,FB,FF,2,2,0,647,33,2.097,8939,13.816,LOP,2,2,2,"[LO.LOPL3, ME.LOPL3] -> LOPL2 -> [LOPL3, LOP.LOL3]",LO.LOP,3,ME.LOP,3,LOP,3,LOP.LO,3
4594116497,mixed,FB->FF,FB,FF,2,2,0,647,120,1.752,19526,30.179,LOP,2,2,2,"[LO.LOPL3, ME.LOPL3] -> LOPL2 -> [LOPL3, MEL3]",LO.LOP,3,ME.LOP,3,LOP,3,ME,3
4031618623,mixed,FB->FF,FB,FF,2,2,0,647,73,1.088,17681,27.328,LOP,2,2,2,"[LO.LOPL3, ME.LOL3] -> LOPL2 -> [LOPL3, ME.LOPL3]",LO.LOP,3,ME.LO,3,LOP,3,ME.LOP,3
3983774680,mixed,FB->FF,FB,FF,2,2,0,647,52,2.164,16952,26.201,LOP,2,2,2,"[LO.LOPL3, ME.LOPL3] -> LOPL2 -> [LOP.PLPL3, ME.LOL3]",LO.LOP,3,ME.LOP,3,LOP.PLP,3,ME.LO,3
3446685566,mixed,FB->FF,FB,FF,2,2,0,647,72,1.314,27313,42.215,LOP,2,2,2,"[LO.LOPL3, ME.LOPL3] -> LOPL2 -> [MEL3, ME.LOL3]",LO.LOP,3,ME.LOP,3,ME,3,ME.LO,3
2468750751,mixed,FB->FF,FB,FF,2,2,0,647,23,1.184,19526,30.179,LOP,2,2,2,"[LO.LOPL3, MEL3] -> LOPL2 -> [LOPL3, ME.LOPL3]",LO.LOP,3,ME,3,LOP,3,ME.LOP,3
2077318722,mixed,FB->FF,FB,FF,2,2,0,647,25,1.067,27313,42.215,LOP,2,2,2,"[LO.LOPL3, MEL3] -> LOPL2 -> [ME.LOL3, ME.LOPL3]",LO.LOP,3,ME,3,ME.LO,3,ME.LOP,3
1971032393,mixed,FB->FF,FB,FF,2,2,0,647,19,1.133,24732,38.226,LOP,2,2,2,"[LO.LOPL3, MEL3] -> LOPL2 -> [LOPL3, ME.LOL3]",LO.LOP,3,ME,3,LOP,3,ME.LO,3
1731965379,mixed,FB->FF,FB,FF,2,2,0,647,84,1.118,27313,42.215,LOP,2,2,2,"[LO.LOPL3, ME.LOL3] -> LOPL2 -> [MEL3, ME.LOPL3]",LO.LOP,3,ME.LO,3,ME,3,ME.LOP,3
1714816397,mixed,FB->FF,FB,FF,2,2,0,647,64,1.951,17681,27.328,LOP,2,2,2,"[LO.LOPL3, LOPL3] -> LOPL2 -> [ME.LOL3, ME.LOPL3]",LO.LOP,3,LOP,3,ME.LO,3,ME.LOP,3
1605801148,mixed,FB->FF,FB,FF,2,2,0,647,63,1.134,24732,38.226,LOP,2,2,2,"[LO.LOPL3, ME.LOL3] -> LOPL2 -> [LOPL3, MEL3]",LO.LOP,3,ME.LO,3,LOP,3,ME,3
1480207085,mixed,FB->FF,FB,FF,2,2,0,647,21,2.178,16726,25.852,LOP,2,2,2,"[LO.LOPL3, ME.LOPL3] -> LOPL2 -> [LOP.LOL3, ME.LOL3]",LO.LOP,3,ME.LOP,3,LOP.LO,3,ME.LO,3
1357369397,mixed,FB->FF,FB,FF,2,2,0,647,37,1.026,16952,26.201,LOP,2,2,2,"[LO.LOPL3, ME.LOL3] -> LOPL2 -> [LOP.PLPL3, ME.LOPL3]",LO.LOP,3,ME.LO,3,LOP.PLP,3,ME.LOP,3
1318933166,mixed,FB->FF,FB,FF,2,2,0,647,72,1.27,18797,29.053,LOP,2,2,2,"[LO.LOPL3, ME.LOPL3] -> LOPL2 -> [LOP.PLPL3, MEL3]",LO.LOP,3,ME.LOP,3,LOP.PLP,3,ME,3
1285341196,mixed,FB->FF,FB,FF,2,2,0,647,18,1.196,24308,37.57,LOP,2,2,2,"[MEL3, ME.LOPL3] -> LOPL2 -> [LOPL3, ME.LOL3]",ME,3,ME.LOP,3,LOP,3,ME.LO,3
1251401147,mixed,FB->FF,FB,FF,2,2,0,647,56,1.03,14371,22.212,LOP,2,2,2,"[LO.LOPL3, ME.LOL3] -> LOPL2 -> [LOPL3, LOP.PLPL3]",LO.LOP,3,ME.LO,3,LOP,3,LOP.PLP,3
1136060246,mixed,FB->FF,FB,FF,2,2,0,647,116,2.381,11099,17.155,LOP,2,2,2,"[LO.LOPL3, ME.LOPL3] -> LOPL2 -> [LOL3, LOPL3]",LO.LOP,3,ME.LOP,3,LO,3,LOP,3
1058852939,mixed,FB->FF,FB,FF,2,2,0,647,60,1.217,24308,37.57,LOP,2,2,2,"[ME.LOL3, ME.LOPL3] -> LOPL2 -> [LOPL3, MEL3]",ME.LO,3,ME.LOP,3,LOP,3,ME,3
993159172,mixed,FB->FF,FB,FF,2,2,0,647,20,1.926,8210,12.689,LOP,2,2,2,"[LO.LOPL3, ME.LOPL3] -> LOPL2 -> [LOP.LOL3, LOP.PLPL3]",LO.LOP,3,ME.LOP,3,LOP.LO,3,LOP.PLP,3
882030150,mixed,FB->FF,FB,FF,2,2,0,647,84,1.102,17681,27.328,LOP,2,2,2,"[ME.LOL3, ME.LOPL3] -> LOPL2 -> [LO.LOPL3, LOPL3]",ME.LO,3,ME.LOP,3,LO.LOP,3,LOP,3
852890260,mixed,FB->FF,FB,FF,2,2,0,647,40,1.214,8972,13.867,LOP,2,2,2,"[LO.LOPL3, ME.LOPL3] -> LOPL2 -> [LO.MEL3, LOPL3]",LO.LOP,3,ME.LOP,3,LO.ME,3,LOP,3
810578406,mixed,FB->FF,FB,FF,2,2,0,647,13,1.064,18797,29.053,LOP,2,2,2,"[LO.LOPL3, MEL3] -> LOPL2 -> [LOP.PLPL3, ME.LOPL3]",LO.LOP,3,ME,3,LOP.PLP,3,ME.LOP,3
800755989,mixed,FB->FF,FB,FF,2,2,0,647,54,1.049,13947,21.556,LOP,2,2,2,"[ME.LOL3, ME.LOPL3] -> LOPL2 -> [LOPL3, LOP.PLPL3]",ME.LO,3,ME.LOP,3,LOP,3,LOP.PLP,3
781407514,mixed,FB->FF,FB,FF,2,2,0,647,20,1.164,16216,25.063,LOP,2,2,2,"[LO.LOPL3, MEL3] -> LOPL2 -> [LOPL3, LOP.PLPL3]",LO.LOP,3,ME,3,LOP,3,LOP.PLP,3
776959704,mixed,FB->FF,FB,FF,2,2,0,647,76,2.337,9165,14.165,LOP,2,2,2,"[LO.LOPL3, LOPL3] -> LOPL2 -> [LOP.PLPL3, ME.LOPL3]",LO.LOP,3,LOP,3,LOP.PLP,3,ME.LOP,3
757111179,mixed,FB->FF,FB,FF,2,2,0,647,77,1.503,18886,29.19,LOP,2,2,2,"[LO.LOPL3, ME.LOPL3] -> LOPL2 -> [LOL3, ME.LOL3]",LO.LOP,3,ME.LOP,3,LO,3,ME.LO,3
721445241,mixed,FB->FF,FB,FF,2,2,0,647,119,1.548,19526,30.179,LOP,2,2,2,"[LO.LOPL3, LOPL3] -> LOPL2 -> [MEL3, ME.LOPL3]",LO.LOP,3,LOP,3,ME,3,ME.LOP,3
720618181,mixed,FB->FF,FB,FF,2,2,0,647,13,1.109,16759,25.903,LOP,2,2,2,"[LO.LOPL3, ME.LOPL3] -> LOPL2 -> [LO.MEL3, ME.LOL3]",LO.LOP,3,ME.LOP,3,LO.ME,3,ME.LO,3
715120638,mixed,FB->FF,FB,FF,2,2,0,647,50,2.43,14371,22.212,LOP,2,2,2,"[LO.LOPL3, LOPL3] -> LOPL2 -> [LOP.PLPL3, ME.LOL3]",LO.LOP,3,LOP,3,LOP.PLP,3,ME.LO,3
667225895,mixed,FB->FF,FB,FF,2,2,0,647,37,2.894,8844,13.669,LOP,2,2,2,"[LO.LOPL3, ME.LOPL3] -> LOPL2 -> [LOPL3, LOP.MEL3]",LO.LOP,3,ME.LOP,3,LOP,3,LOP.ME,3
657624818,mixed,FB->FF,FB,FF,2,2,0,647,15,1.05,24003,37.099,LOP,2,2,2,"[LO.LOPL3, MEL3] -> LOPL2 -> [LOP.PLPL3, ME.LOL3]",LO.LOP,3,ME,3,LOP.PLP,3,ME.LO,3
654940049,mixed,FB->FF,FB,FF,2,2,0,647,10,1.039,24308,37.57,LOP,2,2,2,"[MEL3, ME.LOL3] -> LOPL2 -> [LOPL3, ME.LOPL3]",ME,3,ME.LO,3,LOP,3,ME.LOP,3
627515838,mixed,FB->FF,FB,FF,2,2,0,647,16,1.155,8828,13.645,LOP,2,2,2,"[LO.LOPL3, ME.LOPL3] -> LOPL2 -> [LOPL3, LOP.PVLPL3]",LO.LOP,3,ME.LOP,3,LOP,3,LOP.PVLP,3
598118607,mixed,FB->FF,FB,FF,2,2,0,647,30,2.007,9523,14.719,LOP,2,2,2,"[LO.LOPL3, ME.LOPL3] -> LOPL2 -> [LO.PVLPL3, LOPL3]",LO.LOP,3,ME.LOP,3,LO.PVLP,3,LOP,3
575137145,mixed,FB->FF,FB,FF,2,2,0,647,16,1.346,19526,30.179,LOP,2,2,2,"[MEL3, ME.LOPL3] -> LOPL2 -> [LO.LOPL3, LOPL3]",ME,3,ME.LOP,3,LO.LOP,3,LOP,3
544782290,mixed,FB->FF,FB,FF,2,2,0,647,67,1.367,24732,38.226,LOP,2,2,2,"[LO.LOPL3, LOPL3] -> LOPL2 -> [MEL3, ME.LOL3]",LO.LOP,3,LOP,3,ME,3,ME.LO,3
532530587,mixed,FB->FF,FB,FF,2,2,0,647,42,1.04,24003,37.099,LOP,2,2,2,"[LO.LOPL3, ME.LOL3] -> LOPL2 -> [LOP.PLPL3, MEL3]",LO.LOP,3,ME.LO,3,LOP.PLP,3,ME,3
530703252,mixed,FB->FF,FB,FF,2,2,0,19,7,2.102,3763,198.053,LOP,1,2,2,"[LO.LOPL2, ME.LOPL2] -> LOPL1 -> [LOPL2, LOP.PLPL2]",LO.LOP,2,ME.LOP,2,LOP,2,LOP.PLP,2
519538881,mixed,FB->FF,FB,FF,2,2,0,647,67,2.839,17681,27.328,LOP,2,2,2,"[LOPL3, ME.LOPL3] -> LOPL2 -> [LO.LOPL3, ME.LOL3]",LOP,3,ME.LOP,3,LO.LOP,3,ME.LO,3
510305788,mixed,FB->FF,FB,FF,2,2,0,647,19,1.232,15792,24.408,LOP,2,2,2,"[MEL3, ME.LOPL3] -> LOPL2 -> [LOPL3, LOP.PLPL3]",ME,3,ME.LOP,3,LOP,3,LOP.PLP,3
502170670,mixed,FB->FF,FB,FF,2,2,0,647,47,2.647,13947,21.556,LOP,2,2,2,"[LOPL3, ME.LOPL3] -> LOPL2 -> [LOP.PLPL3, ME.LOL3]",LOP,3,ME.LOP,3,LOP.PLP,3,ME.LO,3
476075573,mixed,FB->FF,FB,FF,2,2,0,19,5,2.258,10344,544.421,LOP,1,2,2,"[LO.LOPL2, ME.LOPL2] -> LOPL1 -> [LOPL2, ME.LOL2]",LO.LOP,2,ME.LOP,2,LOP,2,ME.LO,2
460890423,mixed,FB->FF,FB,FF,2,2,0,647,20,1.112,27313,42.215,LOP,2,2,2,"[MEL3, ME.LOPL3] -> LOPL2 -> [LO.LOPL3, ME.LOL3]",ME,3,ME.LOP,3,LO.LOP,3,ME.LO,3
429058107,mixed,FB->FF,FB,FF,2,2,0,24835,39,2.036,21960,0.884,ME,2,2,2,"[LOL3, ME.LOL3] -> MEL2 -> [MEL3, ME.PLPL3]",LO,3,ME.LO,3,ME,3,ME.PLP,3
421216796,mixed,FB->FF,FB,FF,2,2,0,647,13,1.071,23579,36.444,LOP,2,2,2,"[MEL3, ME.LOPL3] -> LOPL2 -> [LOP.PLPL3, ME.LOL3]",ME,3,ME.LOP,3,LOP.PLP,3,ME.LO,3
384603298,mixed,FB->FF,FB,FF,2,2,0,647,19,1.055,16759,25.903,LOP,2,2,2,"[LO.LOPL3, ME.LOL3] -> LOPL2 -> [LO.MEL3, ME.LOPL3]",LO.LOP,3,ME.LO,3,LO.ME,3,ME.LOP,3
379728088,mixed,FB->FF,FB,FF,2,2,0,647,78,1.137,27313,42.215,LOP,2,2,2,"[ME.LOL3, ME.LOPL3] -> LOPL2 -> [LO.LOPL3, MEL3]",ME.LO,3,ME.LOP,3,LO.LOP,3,ME,3
376526423,mixed,FB->FF,FB,FF,2,2,0,647,23,2.838,8824,13.638,LOP,2,2,2,"[LO.LOPL3, ME.LOPL3] -> LOPL2 -> [LOPL3, LOP.IPSL3]",LO.LOP,3,ME.LOP,3,LOP,3,LOP.IPS,3
374092603,mixed,FB->FF,FB,FF,2,2,0,647,58,1.56,24308,37.57,LOP,2,2,2,"[LOPL3, ME.LOPL3] -> LOPL2 -> [MEL3, ME.LOL3]",LOP,3,ME.LOP,3,ME,3,ME.LO,3
373267230,mixed,FB->FF,FB,FF,2,2,0,647,42,1.284,18604,28.754,LOP,2,2,2,"[LO.LOPL3, ME.LOPL3] -> LOPL2 -> [LO.MEL3, MEL3]",LO.LOP,3,ME.LOP,3,LO.ME,3,ME,3
371005736,mixed,FB->FF,FB,FF,2,2,0,647,103,1.519,20731,32.042,LOP,2,2,2,"[LO.LOPL3, ME.LOPL3] -> LOPL2 -> [LOL3, MEL3]",LO.LOP,3,ME.LOP,3,LO,3,ME,3
355188075,mixed,FB->FF,FB,FF,2,2,0,647,24,1.062,14178,21.913,LOP,2,2,2,"[LO.LOPL3, ME.LOL3] -> LOPL2 -> [LO.MEL3, LOPL3]",LO.LOP,3,ME.LO,3,LO.ME,3,LOP,3
351057076,mixed,FB->FF,FB,FF,2,2,0,647,45,1.096,18886,29.19,LOP,2,2,2,"[LO.LOPL3, ME.LOL3] -> LOPL2 -> [LOL3, ME.LOPL3]",LO.LOP,3,ME.LO,3,LO,3,ME.LOP,3
341832673,mixed,FB->FF,FB,FF,2,2,0,647,39,1.065,23579,36.444,LOP,2,2,2,"[ME.LOL3, ME.LOPL3] -> LOPL2 -> [LOP.PLPL3, MEL3]",ME.LO,3,ME.LOP,3,LOP.PLP,3,ME,3
326198094,mixed,FB->FF,FB,FF,2,2,0,647,30,2.047,16631,25.705,LOP,2,2,2,"[LO.LOPL3, ME.LOPL3] -> LOPL2 -> [LOP.MEL3, ME.LOL3]",LO.LOP,3,ME.LOP,3,LOP.ME,3,ME.LO,3
325050553,mixed,FB->FF,FB,FF,2,2,0,647,48,1.109,16305,25.201,LOP,2,2,2,"[LO.LOPL3, ME.LOL3] -> LOPL2 -> [LOL3, LOPL3]",LO.LOP,3,ME.LO,3,LO,3,LOP,3
320400743,mixed,FB->FF,FB,FF,2,2,0,647,18,2.256,8939,13.816,LOP,2,2,2,"[LO.LOPL3, LOPL3] -> LOPL2 -> [LOP.LOL3, ME.LOPL3]",LO.LOP,3,LOP,3,LOP.LO,3,ME.LOP,3
317530403,mixed,FB->FF,FB,FF,2,2,0,647,23,2.062,14145,21.862,LOP,2,2,2,"[LO.LOPL3, LOPL3] -> LOPL2 -> [LOP.LOL3, ME.LOL3]",LO.LOP,3,LOP,3,LOP.LO,3,ME.LO,3
313162104,mixed,FB->FF,FB,FF,2,2,0,647,65,1.651,10370,16.028,LOP,2,2,2,"[LO.LOPL3, ME.LOPL3] -> LOPL2 -> [LOL3, LOP.PLPL3]",LO.LOP,3,ME.LOP,3,LO,3,LOP.PLP,3
298189423,mixed,FB->FF,FB,FF,2,2,0,647,40,1.085,8972,13.867,LOP,2,2,2,"[LO.LOPL3, LO.MEL3] -> LOPL2 -> [LOPL3, ME.LOPL3]",LO.LOP,3,LO.ME,3,LOP,3,ME.LOP,3
295549955,mixed,FB->FF,FB,FF,2,2,0,647,42,1.031,16952,26.201,LOP,2,2,2,"[ME.LOL3, ME.LOPL3] -> LOPL2 -> [LO.LOPL3, LOP.PLPL3]",ME.LO,3,ME.LOP,3,LO.LOP,3,LOP.PLP,3
286545054,mixed,FB->FF,FB,FF,2,2,0,19,9,3.0,3804,200.211,LOP,1,2,2,"[LO.LOPL2, ME.LOPL2] -> LOPL1 -> [LOPL2, LOP.LOL2]",LO.LOP,2,ME.LOP,2,LOP,2,LOP.LO,2
275659743,mixed,FB->FF,FB,FF,2,2,0,647,28,1.064,8243,12.74,LOP,2,2,2,"[LO.LOPL3, ME.LOPL3] -> LOPL2 -> [LO.MEL3, LOP.PLPL3]",LO.LOP,3,ME.LOP,3,LO.ME,3,LOP.PLP,3
267125648,mixed,FB->FF,FB,FF,2,2,0,647,64,3.036,9165,14.165,LOP,2,2,2,"[LOPL3, ME.LOPL3] -> LOPL2 -> [LO.LOPL3, LOP.PLPL3]",LOP,3,ME.LOP,3,LO.LOP,3,LOP.PLP,3
259386546,mixed,FB->FF,FB,FF,2,2,0,647,14,1.043,16759,25.903,LOP,2,2,2,"[LO.LOPL3, LO.MEL3] -> LOPL2 -> [ME.LOL3, ME.LOPL3]",LO.LOP,3,LO.ME,3,ME.LO,3,ME.LOP,3
248085818,mixed,FB->FF,FB,FF,2,2,0,647,21,2.113,13721,21.207,LOP,2,2,2,"[LOPL3, ME.LOPL3] -> LOPL2 -> [LOP.LOL3, ME.LOL3]",LOP,3,ME.LOP,3,LOP.LO,3,ME.LO,3
242195071,mixed,FB->FF,FB,FF,2,2,0,647,31,1.024,27313,42.215,LOP,2,2,2,"[MEL3, ME.LOL3] -> LOPL2 -> [LO.LOPL3, ME.LOPL3]",ME,3,ME.LO,3,LO.LOP,3,ME.LOP,3
239363573,mixed,FB->FF,FB,FF,2,2,0,647,18,1.049,14178,21.913,LOP,2,2,2,"[LO.LOPL3, LO.MEL3] -> LOPL2 -> [LOPL3, ME.LOL3]",LO.LOP,3,LO.ME,3,LOP,3,ME.LO,3
231984288,mixed,FB->FF,FB,FF,2,2,0,647,23,2.316,9165,14.165,LOP,2,2,2,"[LO.LOPL3, LOP.PLPL3] -> LOPL2 -> [LOPL3, ME.LOPL3]",LO.LOP,3,LOP.PLP,3,LOP,3,ME.LOP,3
229509235,mixed,FB->FF,FB,FF,2,2,0,647,23,1.102,13754,21.258,LOP,2,2,2,"[ME.LOL3, ME.LOPL3] -> LOPL2 -> [LO.MEL3, LOPL3]",ME.LO,3,ME.LOP,3,LO.ME,3,LOP,3
225141083,mixed,FB->FF,FB,FF,2,2,0,647,8,1.051,18604,28.754,LOP,2,2,2,"[LO.LOPL3, MEL3] -> LOPL2 -> [LO.MEL3, ME.LOPL3]",LO.LOP,3,ME,3,LO.ME,3,ME.LOP,3
224195508,mixed,FB->FF,FB,FF,2,2,0,647,3,1.012,23579,36.444,LOP,2,2,2,"[MEL3, ME.LOL3] -> LOPL2 -> [LOP.PLPL3, ME.LOPL3]",ME,3,ME.LO,3,LOP.PLP,3,ME.LOP,3
223225796,mixed,FB->FF,FB,FF,2,2,0,647,9,1.027,24732,38.226,LOP,2,2,2,"[MEL3, ME.LOL3] -> LOPL2 -> [LO.LOPL3, LOPL3]",ME,3,ME.LO,3,LO.LOP,3,LOP,3
222168988,mixed,FB->FF,FB,FF,2,2,0,647,3,1.373,16615,25.68,LOP,2,2,2,"[LO.LOPL3, ME.LOPL3] -> LOPL2 -> [LOP.PVLPL3, ME.LOL3]",LO.LOP,3,ME.LOP,3,LOP.PVLP,3,ME.LO,3
220531110,mixed,FB->FF,FB,FF,2,2,0,647,12,2.284,14371,22.212,LOP,2,2,2,"[LO.LOPL3, LOP.PLPL3] -> LOPL2 -> [LOPL3, ME.LOL3]",LO.LOP,3,LOP.PLP,3,LOP,3,ME.LO,3
216912107,mixed,FB->FF,FB,FF,2,2,0,24835,57,2.148,21960,0.884,ME,2,2,2,"[MEL3, ME.LOL3] -> MEL2 -> [LOL3, ME.PLPL3]",ME,3,ME.LO,3,LO,3,ME.PLP,3
215878305,mixed,FB->FF,FB,FF,2,2,0,647,21,1.844,5629,8.7,LOP,2,2,2,"[LO.LOPL3, LOPL3] -> LOPL2 -> [LOP.LOL3, LOP.PLPL3]",LO.LOP,3,LOP,3,LOP.LO,3,LOP.PLP,3
212877907,mixed,FB->FF,FB,FF,2,2,0,647,47,1.177,15881,24.546,LOP,2,2,2,"[ME.LOL3, ME.LOPL3] -> LOPL2 -> [LOL3, LOPL3]",ME.LO,3,ME.LOP,3,LO,3,LOP,3
209564995,mixed,FB->FF,FB,FF,2,2,0,647,79,1.336,16216,25.063,LOP,2,2,2,"[LO.LOPL3, LOPL3] -> LOPL2 -> [LOP.PLPL3, MEL3]",LO.LOP,3,LOP,3,LOP.PLP,3,ME,3
209136928,mixed,FB->FF,FB,FF,2,2,0,647,17,1.123,24308,37.57,LOP,2,2,2,"[LOPL3, MEL3] -> LOPL2 -> [ME.LOL3, ME.LOPL3]",LOP,3,ME,3,ME.LO,3,ME.LOP,3
207872686,mixed,FB->FF,FB,FF,2,2,0,647,5,1.058,16023,24.765,LOP,2,2,2,"[LO.LOPL3, MEL3] -> LOPL2 -> [LO.MEL3, LOPL3]",LO.LOP,3,ME,3,LO.ME,3,LOP,3
206462676,mixed,FB->FF,FB,FF,2,2,0,647,4,1.013,20998,32.454,LOP,2,2,2,"[MEL3, ME.LOL3] -> LOPL2 -> [LOPL3, LOP.PLPL3]",ME,3,ME.LO,3,LOP,3,LOP.PLP,3
206454213,mixed,FB->FF,FB,FF,2,2,0,647,25,1.103,20731,32.042,LOP,2,2,2,"[LO.LOPL3, MEL3] -> LOPL2 -> [LOL3, ME.LOPL3]",LO.LOP,3,ME,3,LO,3,ME.LOP,3
199083452,mixed,FB->FF,FB,FF,2,2,0,647,7,1.798,16611,25.674,LOP,2,2,2,"[LO.LOPL3, ME.LOPL3] -> LOPL2 -> [LOP.IPSL3, ME.LOL3]",LO.LOP,3,ME.LOP,3,LOP.IPS,3,ME.LO,3
193655381,mixed,FB->FF,FB,FF,2,2,0,647,26,1.145,18150,28.053,LOP,2,2,2,"[LO.LOPL3, MEL3] -> LOPL2 -> [LOL3, LOPL3]",LO.LOP,3,ME,3,LO,3,LOP,3
181962783,mixed,FB->FF,FB,FF,2,2,0,647,4,1.029,23810,36.801,LOP,2,2,2,"[LO.LOPL3, MEL3] -> LOPL2 -> [LO.MEL3, ME.LOL3]",LO.LOP,3,ME,3,LO.ME,3,ME.LO,3
181355038,mixed,FB->FF,FB,FF,2,2,0,647,7,1.126,18797,29.053,LOP,2,2,2,"[MEL3, ME.LOPL3] -> LOPL2 -> [LO.LOPL3, LOP.PLPL3]",ME,3,ME.LOP,3,LO.LOP,3,LOP.PLP,3
178838141,mixed,FB->FF,FB,FF,2,2,0,647,18,1.51,8939,13.816,LOP,2,2,2,"[LO.LOPL3, LOP.LOL3] -> LOPL2 -> [LOPL3, ME.LOPL3]",LO.LOP,3,LOP.LO,3,LOP,3,ME.LOP,3
177309943,mixed,FB->FF,FB,FF,2,2,0,647,63,1.209,24308,37.57,LOP,2,2,2,"[LOPL3, ME.LOL3] -> LOPL2 -> [MEL3, ME.LOPL3]",LOP,3,ME.LO,3,ME,3,ME.LOP,3
172406275,mixed,FB->FF,FB,FF,2,2,0,647,12,2.275,13947,21.556,LOP,2,2,2,"[LOP.PLPL3, ME.LOPL3] -> LOPL2 -> [LOPL3, ME.LOL3]",LOP.PLP,3,ME.LOP,3,LOP,3,ME.LO,3
170783801,mixed,FB->FF,FB,FF,2,2,0,647,100,1.792,19526,30.179,LOP,2,2,2,"[LOPL3, ME.LOPL3] -> LOPL2 -> [LO.LOPL3, MEL3]",LOP,3,ME.LOP,3,LO.LOP,3,ME,3
169125065,mixed,FB->FF,FB,FF,2,2,0,647,7,1.879,17310,26.754,LOP,2,2,2,"[LO.LOPL3, ME.LOPL3] -> LOPL2 -> [LO.PVLPL3, ME.LOL3]",LO.LOP,3,ME.LOP,3,LO.PVLP,3,ME.LO,3
168968585,mixed,FB->FF,FB,FF,2,2,0,647,82,2.573,11099,17.155,LOP,2,2,2,"[LOL3, LO.LOPL3] -> LOPL2 -> [LOPL3, ME.LOPL3]",LO,3,LO.LOP,3,LOP,3,ME.LOP,3
168350360,mixed,FB->FF,FB,FF,2,2,0,647,16,2.101,8939,13.816,LOP,2,2,2,"[LOPL3, ME.LOPL3] -> LOPL2 -> [LO.LOPL3, LOP.LOL3]",LOP,3,ME.LOP,3,LO.LOP,3,LOP.LO,3
167472867,mixed,FB->FF,FB,FF,2,2,0,647,20,1.925,5205,8.045,LOP,2,2,2,"[LOPL3, ME.LOPL3] -> LOPL2 -> [LOP.LOL3, LOP.PLPL3]",LOP,3,ME.LOP,3,LOP.LO,3,LOP.PLP,3
165443599,mixed,FB->FF,FB,FF,2,2,0,647,21,1.062,25937,40.088,LOP,2,2,2,"[LO.LOPL3, MEL3] -> LOPL2 -> [LOL3, ME.LOL3]",LO.LOP,3,ME,3,LO,3,ME.LO,3
156230136,mixed,FB->FF,FB,FF,2,2,0,647,16,1.219,8099,12.518,LOP,2,2,2,"[LO.LOPL3, ME.LOPL3] -> LOPL2 -> [LOP.PLPL3, LOP.PVLPL3]",LO.LOP,3,ME.LOP,3,LOP.PLP,3,LOP.PVLP,3
155650584,mixed,FB->FF,FB,FF,2,2,0,647,72,1.727,11099,17.155,LOP,2,2,2,"[LO.LOPL3, LOPL3] -> LOPL2 -> [LOL3, ME.LOPL3]",LO.LOP,3,LOP,3,LO,3,ME.LOP,3
154047656,mixed,FB->FF,FB,FF,2,2,0,647,18,1.08,13754,21.258,LOP,2,2,2,"[LO.MEL3, ME.LOPL3] -> LOPL2 -> [LOPL3, ME.LOL3]",LO.ME,3,ME.LOP,3,LOP,3,ME.LO,3
151969714,mixed,FB->FF,FB,FF,2,2,0,647,28,1.083,23810,36.801,LOP,2,2,2,"[LO.LOPL3, ME.LOL3] -> LOPL2 -> [LO.MEL3, MEL3]",LO.LOP,3,ME.LO,3,LO.ME,3,ME,3
151854272,mixed,FB->FF,FB,FF,2,2,0,647,22,2.487,8115,12.543,LOP,2,2,2,"[LO.LOPL3, ME.LOPL3] -> LOPL2 -> [LOP.MEL3, LOP.PLPL3]",LO.LOP,3,ME.LOP,3,LOP.ME,3,LOP.PLP,3
147990784,mixed,FB->FF,FB,FF,2,2,0,647,80,1.098,17681,27.328,LOP,2,2,2,"[LOPL3, ME.LOL3] -> LOPL2 -> [LO.LOPL3, ME.LOPL3]",LOP,3,ME.LO,3,LO.LOP,3,ME.LOP,3
146872836,mixed,FB->FF,FB,FF,2,2,0,24835,9,1.658,21924,0.883,ME,2,2,2,"[LOL3, ME.LOL3] -> MEL2 -> [MEL3, ME.AOTUL3]",LO,3,ME.LO,3,ME,3,ME.AOTU,3
142829094,mixed,FB->FF,FB,FF,2,2,0,647,28,1.205,8972,13.867,LOP,2,2,2,"[LO.LOPL3, LOPL3] -> LOPL2 -> [LO.MEL3, ME.LOPL3]",LO.LOP,3,LOP,3,LO.ME,3,ME.LOP,3
141324935,mixed,FB->FF,FB,FF,2,2,0,647,71,1.493,15792,24.408,LOP,2,2,2,"[LOPL3, ME.LOPL3] -> LOPL2 -> [LOP.PLPL3, MEL3]",LOP,3,ME.LOP,3,LOP.PLP,3,ME,3
140392510,mixed,FB->FF,FB,FF,2,2,0,647,17,1.213,16726,25.852,LOP,2,2,2,"[LO.LOPL3, LOP.LOL3] -> LOPL2 -> [ME.LOL3, ME.LOPL3]",LO.LOP,3,LOP.LO,3,ME.LO,3,ME.LOP,3
140097505,mixed,FB->FF,FB,FF,2,2,0,647,59,1.146,25937,40.088,LOP,2,2,2,"[LO.LOPL3, ME.LOL3] -> LOPL2 -> [LOL3, MEL3]",LO.LOP,3,ME.LO,3,LO,3,ME,3
138776730,mixed,FB->FF,FB,FF,2,2,0,647,12,2.914,18571,28.703,LOP,2,2,2,"[LO.LOPL3, ME.LOPL3] -> LOPL2 -> [LOP.LOL3, MEL3]",LO.LOP,3,ME.LOP,3,LOP.LO,3,ME,3
138271682,mixed,FB->FF,FB,FF,2,2,0,24835,49,1.49,22010,0.886,ME,2,2,2,"[LO.MEL3, ME.LOL3] -> MEL2 -> [LOL3, MEL3]",LO.ME,3,ME.LO,3,LO,3,ME,3
136335716,mixed,FB->FF,FB,FF,2,2,0,647,7,2.01,5629,8.7,LOP,2,2,2,"[LO.LOPL3, LOP.PLPL3] -> LOPL2 -> [LOPL3, LOP.LOL3]",LO.LOP,3,LOP.PLP,3,LOP,3,LOP.LO,3
135632349,mixed,FB->FF,FB,FF,2,2,0,647,20,1.33,14145,21.862,LOP,2,2,2,"[LO.LOPL3, LOP.LOL3] -> LOPL2 -> [LOPL3, ME.LOL3]",LO.LOP,3,LOP.LO,3,LOP,3,ME.LO,3
134477126,mixed,FB->FF,FB,FF,2,2,0,647,37,1.047,13947,21.556,LOP,2,2,2,"[LOPL3, ME.LOL3] -> LOPL2 -> [LOP.PLPL3, ME.LOPL3]",LOP,3,ME.LO,3,LOP.PLP,3,ME.LOP,3
134156745,mixed,FB->FF,FB,FF,2,2,0,647,4,1.095,15599,24.11,LOP,2,2,2,"[MEL3, ME.LOPL3] -> LOPL2 -> [LO.MEL3, LOPL3]",ME,3,ME.LOP,3,LO.ME,3,LOP,3
133198447,mixed,FB->FF,FB,FF,2,2,0,647,37,2.477,16305,25.201,LOP,2,2,2,"[LOL3, LO.LOPL3] -> LOPL2 -> [LOPL3, ME.LOL3]",LO,3,LO.LOP,3,LOP,3,ME.LO,3
128040446,mixed,FB->FF,FB,FF,2,2,0,647,39,1.114,18604,28.754,LOP,2,2,2,"[LO.LOPL3, LO.MEL3] -> LOPL2 -> [MEL3, ME.LOPL3]",LO.LOP,3,LO.ME,3,ME,3,ME.LOP,3
127378178,mixed,FB->FF,FB,FF,2,2,0,647,23,1.226,17726,27.397,LOP,2,2,2,"[MEL3, ME.LOPL3] -> LOPL2 -> [LOL3, LOPL3]",ME,3,ME.LOP,3,LO,3,LOP,3
124582347,mixed,FB->FF,FB,FF,2,2,0,647,44,1.433,18476,28.556,LOP,2,2,2,"[LO.LOPL3, ME.LOPL3] -> LOPL2 -> [LOP.MEL3, MEL3]",LO.LOP,3,ME.LOP,3,LOP.ME,3,ME,3
123605294,mixed,FB->FF,FB,FF,2,2,0,647,73,1.653,16305,25.201,LOP,2,2,2,"[LO.LOPL3, LOPL3] -> LOPL2 -> [LOL3, ME.LOL3]",LO.LOP,3,LOP,3,LO,3,ME.LO,3
121146045,mixed,FB->FF,FB,FF,2,2,0,647,17,1.05,16631,25.705,LOP,2,2,2,"[LO.LOPL3, ME.LOL3] -> LOPL2 -> [LOP.MEL3, ME.LOPL3]",LO.LOP,3,ME.LO,3,LOP.ME,3,ME.LOP,3
120620900,mixed,FB->FF,FB,FF,2,2,0,647,20,1.019,13449,20.787,LOP,2,2,2,"[LO.LOPL3, ME.LOL3] -> LOPL2 -> [LO.MEL3, LOP.PLPL3]",LO.LOP,3,ME.LO,3,LO.ME,3,LOP.PLP,3
118914625,mixed,FB->FF,FB,FF,2,2,0,647,17,2.101,9165,14.165,LOP,2,2,2,"[LOP.PLPL3, ME.LOPL3] -> LOPL2 -> [LO.LOPL3, LOPL3]",LOP.PLP,3,ME.LOP,3,LO.LOP,3,LOP,3
118785251,mixed,FB->FF,FB,FF,2,2,0,220,8,2.024,8584,39.018,LO,1,2,2,"[LOPL2, LOP.LOL2] -> LOL1 -> [LOL2, ME.LOL2]",LOP,2,LOP.LO,2,LO,2,ME.LO,2
118685740,mixed,FB->FF,FB,FF,2,2,0,647,50,1.129,16023,24.765,LOP,2,2,2,"[LO.LOPL3, LO.MEL3] -> LOPL2 -> [LOPL3, MEL3]",LO.LOP,3,LO.ME,3,LOP,3,ME,3
116682349,mixed,FB->FF,FB,FF,2,2,0,647,5,1.004,8821,13.634,LOP,2,2,2,"[LO.LOPL3, ME.LOPL3] -> LOPL2 -> [LOPL3, LOP.SPSL3]",LO.LOP,3,ME.LOP,3,LOP,3,LOP.SPS,3
116486695,mixed,FB->FF,FB,FF,2,2,0,647,21,1.678,8794,13.592,LOP,2,2,2,"[LO.LOPL3, ME.LOPL3] -> LOPL2 -> [LO.PVLPL3, LOP.PLPL3]",LO.LOP,3,ME.LOP,3,LO.PVLP,3,LOP.PLP,3
116422615,mixed,FB->FF,FB,FF,2,2,0,647,3,1.048,23386,36.145,LOP,2,2,2,"[MEL3, ME.LOPL3] -> LOPL2 -> [LO.MEL3, ME.LOL3]",ME,3,ME.LOP,3,LO.ME,3,ME.LO,3
111999958,mixed,FB->FF,FB,FF,2,2,0,647,10,1.119,14178,21.913,LOP,2,2,2,"[LO.LOPL3, LOPL3] -> LOPL2 -> [LO.MEL3, ME.LOL3]",LO.LOP,3,LOP,3,LO.ME,3,ME.LO,3
111842721,mixed,FB->FF,FB,FF,2,2,0,647,20,1.056,14050,21.716,LOP,2,2,2,"[LO.LOPL3, ME.LOL3] -> LOPL2 -> [LOPL3, LOP.MEL3]",LO.LOP,3,ME.LO,3,LOP,3,LOP.ME,3
110922167,mixed,FB->FF,FB,FF,2,2,0,647,12,1.331,8824,13.638,LOP,2,2,2,"[LO.LOPL3, LOP.IPSL3] -> LOPL2 -> [LOPL3, ME.LOPL3]",LO.LOP,3,LOP.IPS,3,LOP,3,ME.LOP,3
110445986,mixed,FB->FF,FB,FF,2,2,0,647,3,1.012,7873,12.168,LOP,2,2,2,"[LO.LOPL3, ME.LOPL3] -> LOPL2 -> [LOP.LOL3, LOP.PVLPL3]",LO.LOP,3,ME.LOP,3,LOP.LO,3,LOP.PVLP,3
110112039,mixed,FB->FF,FB,FF,2,2,0,647,7,2.003,5205,8.045,LOP,2,2,2,"[LOP.PLPL3, ME.LOPL3] -> LOPL2 -> [LOPL3, LOP.LOL3]",LOP.PLP,3,ME.LOP,3,LOP,3,LOP.LO,3
108674048,mixed,FB->FF,FB,FF,2,2,0,647,28,1.033,15576,24.074,LOP,2,2,2,"[LO.LOPL3, ME.LOL3] -> LOPL2 -> [LOL3, LOP.PLPL3]",LO.LOP,3,ME.LO,3,LO,3,LOP.PLP,3
107863729,mixed,FB->FF,FB,FF,2,2,0,647,46,1.58,18886,29.19,LOP,2,2,2,"[LOL3, LO.LOPL3] -> LOPL2 -> [ME.LOL3, ME.LOPL3]",LO,3,LO.LOP,3,ME.LO,3,ME.LOP,3
107828392,mixed,FB->FF,FB,FF,2,2,0,647,3,1.909,8568,13.243,LOP,2,2,2,"[LO.LOPL3, ME.LOPL3] -> LOPL2 -> [LO.PVLPL3, LOP.LOL3]",LO.LOP,3,ME.LOP,3,LO.PVLP,3,LOP.LO,3
106754840,mixed,FB->FF,FB,FF,2,2,0,647,18,1.099,25513,39.433,LOP,2,2,2,"[MEL3, ME.LOPL3] -> LOPL2 -> [LOL3, ME.LOL3]",ME,3,ME.LOP,3,LO,3,ME.LO,3
102190000,mixed,FB->FF,FB,FF,2,2,0,647,16,1.065,23810,36.801,LOP,2,2,2,"[LO.LOPL3, LO.MEL3] -> LOPL2 -> [MEL3, ME.LOL3]",LO.LOP,3,LO.ME,3,ME,3,ME.LO,3
100500201,mixed,FB->FF,FB,FF,2,2,0,647,26,1.025,8243,12.74,LOP,2,2,2,"[LO.LOPL3, LO.MEL3] -> LOPL2 -> [LOP.PLPL3, ME.LOPL3]",LO.LOP,3,LO.ME,3,LOP.PLP,3,ME.LOP,3
98807947,mixed,FB->FF,FB,FF,2,2,0,647,28,1.136,23386,36.145,LOP,2,2,2,"[ME.LOL3, ME.LOPL3] -> LOPL2 -> [LO.MEL3, MEL3]",ME.LO,3,ME.LOP,3,LO.ME,3,ME,3
98426306,mixed,FB->FF,FB,FF,2,2,0,24835,15,2.06,21896,0.882,ME,2,2,2,"[LOL3, ME.LOL3] -> MEL2 -> [MEL3, ME.SPSL3]",LO,3,ME.LO,3,ME,3,ME.SPS,3
96864644,mixed,FB->FF,FB,FF,2,2,0,647,36,2.912,15881,24.546,LOP,2,2,2,"[LOL3, ME.LOPL3] -> LOPL2 -> [LOPL3, ME.LOL3]",LO,3,ME.LOP,3,LOP,3,ME.LO,3
96147611,mixed,FB->FF,FB,FF,2,2,0,19,5,2.036,9763,513.842,LOP,1,2,2,"[LO.LOPL2, ME.LOPL2] -> LOPL1 -> [LOP.PLPL2, ME.LOL2]",LO.LOP,2,ME.LOP,2,LOP.PLP,2,ME.LO,2
95661159,mixed,FB->FF,FB,FF,2,2,0,220,9,1.746,33312,151.418,LO,1,2,2,"[LOPL2, MEL2] -> LOL1 -> [LOL2, ME.LOL2]",LOP,2,ME,2,LO,2,ME.LO,2
94637300,mixed,FB->FF,FB,FF,2,2,0,647,6,1.0,9059,14.002,LOP,2,2,2,"[LO.LOPL3, ME.LOPL3] -> LOPL2 -> [LOPL3, PLPL3]",LO.LOP,3,ME.LOP,3,LOP,3,PLP,3
92688492,mixed,FB->FF,FB,FF,2,2,0,647,55,1.237,25513,39.433,LOP,2,2,2,"[ME.LOL3, ME.LOPL3] -> LOPL2 -> [LOL3, MEL3]",ME.LO,3,ME.LOP,3,LO,3,ME,3
92669366,mixed,FB->FF,FB,FF,2,2,0,647,13,2.19,15990,24.714,LOP,2,2,2,"[LO.LOPL3, MEL3] -> LOPL2 -> [LOPL3, LOP.LOL3]",LO.LOP,3,ME,3,LOP,3,LOP.LO,3
92637229,mixed,FB->FF,FB,FF,2,2,0,647,36,1.029,5662,8.751,LOP,2,2,2,"[LO.LOPL3, LO.MEL3] -> LOPL2 -> [LOPL3, LOP.PLPL3]",LO.LOP,3,LO.ME,3,LOP,3,LOP.PLP,3
92481292,mixed,FB->FF,FB,FF,2,2,0,647,20,1.509,13721,21.207,LOP,2,2,2,"[LOP.LOL3, ME.LOPL3] -> LOPL2 -> [LOPL3, ME.LOL3]",LOP.LO,3,ME.LOP,3,LOP,3,ME.LO,3
90713510,mixed,FB->FF,FB,FF,2,2,0,647,30,1.197,19526,30.179,LOP,2,2,2,"[LOPL3, MEL3] -> LOPL2 -> [LO.LOPL3, ME.LOPL3]",LOP,3,ME,3,LO.LOP,3,ME.LOP,3
90674473,mixed,FB->FF,FB,FF,2,2,0,647,24,2.221,8095,12.512,LOP,2,2,2,"[LO.LOPL3, ME.LOPL3] -> LOPL2 -> [LOP.IPSL3, LOP.PLPL3]",LO.LOP,3,ME.LOP,3,LOP.IPS,3,LOP.PLP,3
89000945,mixed,FB->FF,FB,FF,2,2,0,647,6,1.104,16611,25.674,LOP,2,2,2,"[LO.LOPL3, LOP.IPSL3] -> LOPL2 -> [ME.LOL3, ME.LOPL3]",LO.LOP,3,LOP.IPS,3,ME.LO,3,ME.LOP,3
88443232,mixed,FB->FF,FB,FF,2,2,0,19,5,2.041,9625,506.579,LOP,1,2,2,"[LOPL2, ME.LOPL2] -> LOPL1 -> [LOP.PLPL2, ME.LOL2]",LOP,2,ME.LOP,2,LOP.PLP,2,ME.LO,2
87830788,mixed,FB->FF,FB,FF,2,2,0,647,4,1.988,9033,13.961,LOP,2,2,2,"[LO.LOPL3, ME.LOPL3] -> LOPL2 -> [LO.PLPL3, LOPL3]",LO.LOP,3,ME.LOP,3,LO.PLP,3,LOP,3
87189196,mixed,FB->FF,FB,FF,2,2,0,647,7,1.241,14030,21.685,LOP,2,2,2,"[LO.LOPL3, LOP.IPSL3] -> LOPL2 -> [LOPL3, ME.LOL3]",LO.LOP,3,LOP.IPS,3,LOP,3,ME.LO,3
85273929,mixed,FB->FF,FB,FF,2,2,0,647,65,1.904,15881,24.546,LOP,2,2,2,"[LOPL3, ME.LOPL3] -> LOPL2 -> [LOL3, ME.LOL3]",LOP,3,ME.LOP,3,LO,3,ME.LO,3
83927354,mixed,FB->FF,FB,FF,2,2,0,647,20,1.064,16759,25.903,LOP,2,2,2,"[ME.LOL3, ME.LOPL3] -> LOPL2 -> [LO.LOPL3, LO.MEL3]",ME.LO,3,ME.LOP,3,LO.LOP,3,LO.ME,3
82780748,mixed,FB->FF,FB,FF,2,2,0,647,21,1.04,13754,21.258,LOP,2,2,2,"[LO.MEL3, ME.LOL3] -> LOPL2 -> [LOPL3, ME.LOPL3]",LO.ME,3,ME.LO,3,LOP,3,ME.LOP,3
81660769,mixed,FB->FF,FB,FF,2,2,0,647,10,1.015,13449,20.787,LOP,2,2,2,"[LO.LOPL3, LO.MEL3] -> LOPL2 -> [LOP.PLPL3, ME.LOL3]",LO.LOP,3,LO.ME,3,LOP.PLP,3,ME.LO,3
81651019,mixed,FB->FF,FB,FF,2,2,0,220,5,1.673,8636,39.255,LO,1,2,2,"[LO.MEL2, LOPL2] -> LOL1 -> [LOL2, ME.LOL2]",LO.ME,2,LOP,2,LO,2,ME.LO,2
81558581,mixed,FB->FF,FB,FF,2,2,0,647,13,1.119,15792,24.408,LOP,2,2,2,"[LOPL3, MEL3] -> LOPL2 -> [LOP.PLPL3, ME.LOPL3]",LOP,3,ME,3,LOP.PLP,3,ME.LOP,3
81034341,mixed,FB->FF,FB,FF,2,2,0,647,21,1.0,8844,13.669,LOP,2,2,2,"[LO.LOPL3, ME.LOPL3] -> LOPL2 -> [LO.SPSL3, LOPL3]",LO.LOP,3,ME.LOP,3,LO.SPS,3,LOP,3
80275572,mixed,FB->FF,FB,FF,2,2,0,647,2,1.037,16611,25.674,LOP,2,2,2,"[LO.LOPL3, ME.LOL3] -> LOPL2 -> [LOP.IPSL3, ME.LOPL3]",LO.LOP,3,ME.LO,3,LOP.IPS,3,ME.LOP,3
79445664,mixed,FB->FF,FB,FF,2,2,0,647,4,1.324,18456,28.526,LOP,2,2,2,"[LO.LOPL3, ME.LOPL3] -> LOPL2 -> [LOP.IPSL3, MEL3]",LO.LOP,3,ME.LOP,3,LOP.IPS,3,ME,3
78159113,mixed,FB->FF,FB,FF,2,2,0,647,46,1.21,15599,24.11,LOP,2,2,2,"[LO.MEL3, ME.LOPL3] -> LOPL2 -> [LOPL3, MEL3]",LO.ME,3,ME.LOP,3,LOP,3,ME,3
76918423,mixed,FB->FF,FB,FF,2,2,0,647,20,1.03,13025,20.131,LOP,2,2,2,"[ME.LOL3, ME.LOPL3] -> LOPL2 -> [LO.MEL3, LOP.PLPL3]",ME.LO,3,ME.LOP,3,LO.ME,3,LOP.PLP,3
76848910,mixed,FB->FF,FB,FF,2,2,0,647,45,1.112,18886,29.19,LOP,2,2,2,"[ME.LOL3, ME.LOPL3] -> LOPL2 -> [LOL3, LO.LOPL3]",ME.LO,3,ME.LOP,3,LO,3,LO.LOP,3
76709016,mixed,FB->FF,FB,FF,2,2,0,647,3,1.008,24003,37.099,LOP,2,2,2,"[MEL3, ME.LOL3] -> LOPL2 -> [LO.LOPL3, LOP.PLPL3]",ME,3,ME.LO,3,LO.LOP,3,LOP.PLP,3
76104820,mixed,FB->FF,FB,FF,2,2,0,647,4,1.919,7889,12.193,LOP,2,2,2,"[LO.LOPL3, ME.LOPL3] -> LOPL2 -> [LOP.LOL3, LOP.MEL3]",LO.LOP,3,ME.LOP,3,LOP.LO,3,LOP.ME,3
75606274,mixed,FB->FF,FB,FF,2,2,0,19,7,3.095,3718,195.684,LOP,1,2,2,"[LO.LOPL2, ME.LOPL2] -> LOPL1 -> [LOPL2, LOP.IPSL2]",LO.LOP,2,ME.LOP,2,LOP,2,LOP.IPS,2
75049834,mixed,FB->FF,FB,FF,2,2,0,647,15,2.962,16952,26.201,LOP,2,2,2,"[LO.LOPL3, LOP.PLPL3] -> LOPL2 -> [ME.LOL3, ME.LOPL3]",LO.LOP,3,LOP.PLP,3,ME.LO,3,ME.LOP,3
74662507,mixed,FB->FF,FB,FF,2,2,0,647,9,1.445,18571,28.703,LOP,2,2,2,"[LO.LOPL3, LOP.LOL3] -> LOPL2 -> [MEL3, ME.LOPL3]",LO.LOP,3,LOP.LO,3,ME,3,ME.LOP,3
74649277,mixed,FB->FF,FB,FF,2,2,0,647,31,1.233,10177,15.73,LOP,2,2,2,"[LO.LOPL3, ME.LOPL3] -> LOPL2 -> [LOL3, LO.MEL3]",LO.LOP,3,ME.LOP,3,LO,3,LO.ME,3
74513792,mixed,FB->FF,FB,FF,2,2,0,24835,13,1.653,21960,0.884,ME,2,2,2,"[ME.LOL3, ME.PLPL3] -> MEL2 -> [LOL3, MEL3]",ME.LO,3,ME.PLP,3,LO,3,ME,3
74051376,mixed,FB->FF,FB,FF,2,2,0,647,2,1.042,14030,21.685,LOP,2,2,2,"[LO.LOPL3, ME.LOL3] -> LOPL2 -> [LOPL3, LOP.IPSL3]",LO.LOP,3,ME.LO,3,LOP,3,LOP.IPS,3
73550979,mixed,FB->FF,FB,FF,2,2,0,24835,6,1.63,21924,0.883,ME,2,2,2,"[MEL3, ME.LOL3] -> MEL2 -> [LOL3, ME.AOTUL3]",ME,3,ME.LO,3,LO,3,ME.AOTU,3
73546273,mixed,FB->FF,FB,FF,2,2,0,647,10,1.193,13754,21.258,LOP,2,2,2,"[LOPL3, ME.LOPL3] -> LOPL2 -> [LO.MEL3, ME.LOL3]",LOP,3,ME.LOP,3,LO.ME,3,ME.LO,3
73436633,mixed,FB->FF,FB,FF,2,2,0,647,11,1.996,15566,24.059,LOP,2,2,2,"[MEL3, ME.LOPL3] -> LOPL2 -> [LOPL3, LOP.LOL3]",ME,3,ME.LOP,3,LOP,3,LOP.LO,3
73236037,mixed,FB->FF,FB,FF,2,2,0,647,12,1.114,18476,28.556,LOP,2,2,2,"[LO.LOPL3, MEL3] -> LOPL2 -> [LOP.MEL3, ME.LOPL3]",LO.LOP,3,ME,3,LOP.ME,3,ME.LOP,3
72298023,mixed,FB->FF,FB,FF,2,2,0,647,8,1.27,15895,24.567,LOP,2,2,2,"[LO.LOPL3, MEL3] -> LOPL2 -> [LOPL3, LOP.MEL3]",LO.LOP,3,ME,3,LOP,3,LOP.ME,3
72217538,mixed,FB->FF,FB,FF,2,2,0,647,16,1.14,24732,38.226,LOP,2,2,2,"[LOPL3, MEL3] -> LOPL2 -> [LO.LOPL3, ME.LOL3]",LOP,3,ME,3,LO.LOP,3,ME.LO,3
72142398,mixed,FB->FF,FB,FF,2,2,0,647,19,1.092,13626,21.06,LOP,2,2,2,"[ME.LOL3, ME.LOPL3] -> LOPL2 -> [LOPL3, LOP.MEL3]",ME.LO,3,ME.LOP,3,LOP,3,LOP.ME,3
71932867,mixed,FB->FF,FB,FF,2,2,0,647,8,1.0,16631,25.705,LOP,2,2,2,"[LO.LOPL3, ME.LOPL3] -> LOPL2 -> [LO.SPSL3, ME.LOL3]",LO.LOP,3,ME.LOP,3,LO.SPS,3,ME.LO,3
71008300,mixed,FB->FF,FB,FF,2,2,0,647,9,1.521,15990,24.714,LOP,2,2,2,"[LO.LOPL3, LOP.LOL3] -> LOPL2 -> [LOPL3, MEL3]",LO.LOP,3,LOP.LO,3,LOP,3,ME,3
70864489,mixed,FB->FF,FB,FF,2,2,0,647,27,2.351,8844,13.669,LOP,2,2,2,"[LO.LOPL3, LOPL3] -> LOPL2 -> [LOP.MEL3, ME.LOPL3]",LO.LOP,3,LOP,3,LOP.ME,3,ME.LOP,3
70818250,mixed,FB->FF,FB,FF,2,2,0,1183,73,1.556,22561,19.071,LO,2,2,2,"[MEL3, ME.LOL3] -> LOL2 -> [LOL3, LO.PVLPL3]",ME,3,ME.LO,3,LO,3,LO.PVLP,3
70691224,mixed,FB->FF,FB,FF,2,2,0,647,3,1.017,15294,23.638,LOP,2,2,2,"[LO.LOPL3, MEL3] -> LOPL2 -> [LO.MEL3, LOP.PLPL3]",LO.LOP,3,ME,3,LO.ME,3,LOP.PLP,3
69721999,mixed,FB->FF,FB,FF,2,2,0,647,19,2.66,10144,15.679,LOP,2,2,2,"[LO.LOPL3, ME.LOPL3] -> LOPL2 -> [LOL3, LOP.LOL3]",LO.LOP,3,ME.LOP,3,LO,3,LOP.LO,3
69600344,mixed,FB->FF,FB,FF,2,2,0,647,27,1.053,15152,23.419,LOP,2,2,2,"[ME.LOL3, ME.LOPL3] -> LOPL2 -> [LOL3, LOP.PLPL3]",ME.LO,3,ME.LOP,3,LO,3,LOP.PLP,3
69192732,mixed,FB->FF,FB,FF,2,2,0,24835,38,1.878,21960,0.884,ME,2,2,2,"[LOL3, MEL3] -> MEL2 -> [ME.LOL3, ME.PLPL3]",LO,3,ME,3,ME.LO,3,ME.PLP,3
66496693,mixed,FB->FF,FB,FF,2,2,0,19,5,2.487,10344,544.421,LOP,1,2,2,"[LOPL2, ME.LOPL2] -> LOPL1 -> [LO.LOPL2, ME.LOL2]",LOP,2,ME.LOP,2,LO.LOP,2,ME.LO,2
66092881,mixed,FB->FF,FB,FF,2,2,0,647,16,1.107,23386,36.145,LOP,2,2,2,"[LO.MEL3, ME.LOPL3] -> LOPL2 -> [MEL3, ME.LOL3]",LO.ME,3,ME.LOP,3,ME,3,ME.LO,3
65914441,mixed,FB->FF,FB,FF,2,2,0,19,7,2.152,3763,198.053,LOP,1,2,2,"[LOPL2, ME.LOPL2] -> LOPL1 -> [LO.LOPL2, LOP.PLPL2]",LOP,2,ME.LOP,2,LO.LOP,2,LOP.PLP,2
65789717,mixed,FB->FF,FB,FF,2,2,0,647,16,1.091,20998,32.454,LOP,2,2,2,"[LOPL3, MEL3] -> LOPL2 -> [LOP.PLPL3, ME.LOL3]",LOP,3,ME,3,LOP.PLP,3,ME.LO,3
65219059,mixed,FB->FF,FB,FF,2,2,0,647,31,1.098,8972,13.867,LOP,2,2,2,"[LO.MEL3, ME.LOPL3] -> LOPL2 -> [LO.LOPL3, LOPL3]",LO.ME,3,ME.LOP,3,LO.LOP,3,LOP,3
64188283,mixed,FB->FF,FB,FF,2,2,0,647,15,1.048,17421,26.926,LOP,2,2,2,"[LO.LOPL3, MEL3] -> LOPL2 -> [LOL3, LOP.PLPL3]",LO.LOP,3,ME,3,LO,3,LOP.PLP,3
63062325,mixed,FB->FF,FB,FF,2,2,0,647,7,2.922,8828,13.645,LOP,2,2,2,"[IPS.LOPL3, LO.LOPL3] -> LOPL2 -> [LOPL3, ME.LOPL3]",IPS.LOP,3,LO.LOP,3,LOP,3,ME.LOP,3
63033938,mixed,FB->FF,FB,FF,2,2,0,647,5,1.024,23386,36.145,LOP,2,2,2,"[MEL3, ME.LOL3] -> LOPL2 -> [LO.MEL3, ME.LOPL3]",ME,3,ME.LO,3,LO.ME,3,ME.LOP,3
62643419,mixed,FB->FF,FB,FF,2,2,0,647,76,2.853,7789,12.039,LOP,2,2,2,"[LOL3, LO.LOPL3] -> LOPL2 -> [LOPL3, LOP.PLPL3]",LO,3,LO.LOP,3,LOP,3,LOP.PLP,3
60575205,mixed,FB->FF,FB,FF,2,2,0,647,8,1.05,16726,25.852,LOP,2,2,2,"[LO.LOPL3, ME.LOL3] -> LOPL2 -> [LOP.LOL3, ME.LOPL3]",LO.LOP,3,ME.LO,3,LOP.LO,3,ME.LOP,3
14069519648,mixed,mix->FF,mix,FF,2,1,1,647,120,2.538,11082,17.128,LOP,2,2,2,"[LO.LOPL3, ME.LOPL2] -> LOPL2 -> [LOPL3, ME.LOPL3]",LO.LOP,3,ME.LOP,2,LOP,3,ME.LOP,3
12385666309,mixed,mix->FF,mix,FF,2,1,1,647,102,2.629,16288,25.175,LOP,2,2,2,"[LO.LOPL3, ME.LOPL2] -> LOPL2 -> [LOPL3, ME.LOL3]",LO.LOP,3,ME.LOP,2,LOP,3,ME.LO,3
8852666069,mixed,mix->FF,mix,FF,2,1,1,647,99,2.886,15864,24.519,LOP,2,2,2,"[ME.LOPL2, ME.LOPL3] -> LOPL2 -> [LOPL3, ME.LOL3]",ME.LOP,2,ME.LOP,3,LOP,3,ME.LO,3
8614800415,mixed,mix->FF,mix,FF,2,1,1,647,81,1.529,18869,29.164,LOP,2,2,2,"[LO.LOPL3, ME.LOPL2] -> LOPL2 -> [ME.LOL3, ME.LOPL3]",LO.LOP,3,ME.LOP,2,ME.LO,3,ME.LOP,3
6644323887,mixed,mix->FF,mix,FF,2,1,1,647,131,2.848,7772,12.012,LOP,2,2,2,"[LO.LOPL3, ME.LOPL2] -> LOPL2 -> [LOPL3, LOP.PLPL3]",LO.LOP,3,ME.LOP,2,LOP,3,LOP.PLP,3
5020856777,mixed,mix->FF,mix,FF,2,1,1,647,116,3.096,11082,17.128,LOP,2,2,2,"[ME.LOPL2, ME.LOPL3] -> LOPL2 -> [LO.LOPL3, LOPL3]",ME.LOP,2,ME.LOP,3,LO.LOP,3,LOP,3
4830780444,mixed,mix->FF,mix,FF,2,1,1,647,126,2.948,7348,11.357,LOP,2,2,2,"[ME.LOPL2, ME.LOPL3] -> LOPL2 -> [LOPL3, LOP.PLPL3]",ME.LOP,2,ME.LOP,3,LOP,3,LOP.PLP,3
4034336281,mixed,mix->FF,mix,FF,2,1,1,647,40,2.092,7546,11.663,LOP,2,2,2,"[LO.LOPL3, ME.LOPL2] -> LOPL2 -> [LOPL3, LOP.LOL3]",LO.LOP,3,ME.LOP,2,LOP,3,LOP.LO,3
3777652796,mixed,mix->FF,mix,FF,2,1,1,647,67,1.833,10353,16.002,LOP,2,2,2,"[LO.LOPL3, ME.LOPL2] -> LOPL2 -> [LOP.PLPL3, ME.LOPL3]",LO.LOP,3,ME.LOP,2,LOP.PLP,3,ME.LOP,3
3628751556,mixed,mix->FF,mix,FF,2,1,1,647,127,1.216,20714,32.015,LOP,2,2,2,"[LO.LOPL3, ME.LOPL2] -> LOPL2 -> [MEL3, ME.LOPL3]",LO.LOP,3,ME.LOP,2,ME,3,ME.LOP,3
3616163315,mixed,mix->FF,mix,FF,2,1,1,647,105,1.414,18133,28.026,LOP,2,2,2,"[LO.LOPL3, ME.LOPL2] -> LOPL2 -> [LOPL3, MEL3]",LO.LOP,3,ME.LOP,2,LOP,3,ME,3
3512785955,mixed,mix->FF,mix,FF,2,1,1,647,81,2.31,9602,14.841,LOP,2,2,2,"[LO.LOPL2, LO.LOPL3] -> LOPL2 -> [LOPL3, ME.LOPL3]",LO.LOP,2,LO.LOP,3,LOP,3,ME.LOP,3
3388680196,mixed,mix->FF,mix,FF,2,1,1,647,53,2.018,15559,24.048,LOP,2,2,2,"[LO.LOPL3, ME.LOPL2] -> LOPL2 -> [LOP.PLPL3, ME.LOL3]",LO.LOP,3,ME.LOP,2,LOP.PLP,3,ME.LO,3
3221325743,mixed,mix->FF,mix,FF,2,1,1,647,33,2.093,7122,11.008,LOP,2,2,2,"[ME.LOPL2, ME.LOPL3] -> LOPL2 -> [LOPL3, LOP.LOL3]",ME.LOP,2,ME.LOP,3,LOP,3,LOP.LO,3
3212919341,mixed,mix->FF,mix,FF,2,1,1,647,71,2.409,14808,22.887,LOP,2,2,2,"[LO.LOPL2, LO.LOPL3] -> LOPL2 -> [LOPL3, ME.LOL3]",LO.LOP,2,LO.LOP,3,LOP,3,ME.LO,3
2878517139,mixed,mix->FF,mix,FF,2,1,1,647,79,1.151,25920,40.062,LOP,2,2,2,"[LO.LOPL3, ME.LOPL2] -> LOPL2 -> [MEL3, ME.LOL3]",LO.LOP,3,ME.LOP,2,ME,3,ME.LO,3
2468064793,mixed,mix->FF,mix,FF,2,1,1,647,98,1.609,17709,27.371,LOP,2,2,2,"[ME.LOPL2, ME.LOPL3] -> LOPL2 -> [LOPL3, MEL3]",ME.LOP,2,ME.LOP,3,LOP,3,ME,3
2398629472,mixed,mix->FF,mix,FF,2,1,1,24835,400,1.948,28502,1.148,ME,2,2,2,"[ME.LOL2, ME.LOL3] -> MEL2 -> [LOL3, MEL3]",ME.LO,2,ME.LO,3,LO,3,ME,3
2394455966,mixed,mix->FF,mix,FF,2,1,1,647,89,2.205,18869,29.164,LOP,2,2,2,"[ME.LOPL2, ME.LOPL3] -> LOPL2 -> [LO.LOPL3, ME.LOL3]",ME.LOP,2,ME.LOP,3,LO.LOP,3,ME.LO,3
2316501008,mixed,mix->FF,mix,FF,2,1,1,647,51,2.213,15135,23.393,LOP,2,2,2,"[ME.LOPL2, ME.LOPL3] -> LOPL2 -> [LOP.PLPL3, ME.LOL3]",ME.LOP,2,ME.LOP,3,LOP.PLP,3,ME.LO,3
2289044068,mixed,mix->FF,mix,FF,2,1,1,647,63,1.448,17389,26.876,LOP,2,2,2,"[LO.LOPL2, LO.LOPL3] -> LOPL2 -> [ME.LOL3, ME.LOPL3]",LO.LOP,2,LO.LOP,3,ME.LO,3,ME.LOP,3
2254833915,mixed,mix->FF,mix,FF,2,1,1,647,65,1.052,15864,24.519,LOP,2,2,2,"[ME.LOL3, ME.LOPL2] -> LOPL2 -> [LOPL3, ME.LOPL3]",ME.LO,3,ME.LOP,2,LOP,3,ME.LOP,3
2253791872,mixed,mix->FF,mix,FF,2,1,1,647,70,2.636,14384,22.232,LOP,2,2,2,"[LO.LOPL2, ME.LOPL3] -> LOPL2 -> [LOPL3, ME.LOL3]",LO.LOP,2,ME.LOP,3,LOP,3,ME.LO,3
1887751191,mixed,mix->FF,mix,FF,2,1,1,647,68,1.227,25496,39.406,LOP,2,2,2,"[ME.LOPL2, ME.LOPL3] -> LOPL2 -> [MEL3, ME.LOL3]",ME.LOP,2,ME.LOP,3,ME,3,ME.LO,3
1753400070,mixed,mix->FF,mix,FF,2,1,1,647,87,2.639,6292,9.725,LOP,2,2,2,"[LO.LOPL2, LO.LOPL3] -> LOPL2 -> [LOPL3, LOP.PLPL3]",LO.LOP,2,LO.LOP,3,LOP,3,LOP.PLP,3
1745173442,mixed,mix->FF,mix,FF,2,1,1,1183,126,1.918,36687,31.012,LO,2,2,2,"[MEL2, ME.LOL3] -> LOL2 -> [LOL3, LO.PVLPL3]",ME,2,ME.LO,3,LO,3,LO.PVLP,3
1394311276,mixed,mix->FF,mix,FF,2,1,1,647,20,1.166,17709,27.371,LOP,2,2,2,"[MEL3, ME.LOPL2] -> LOPL2 -> [LOPL3, ME.LOPL3]",ME,3,ME.LOP,2,LOP,3,ME.LOP,3
1247093396,mixed,mix->FF,mix,FF,2,1,1,647,83,2.712,5868,9.07,LOP,2,2,2,"[LO.LOPL2, ME.LOPL3] -> LOPL2 -> [LOPL3, LOP.PLPL3]",LO.LOP,2,ME.LOP,3,LOP,3,LOP.PLP,3
1194259881,mixed,mix->FF,mix,FF,2,1,1,647,19,2.388,10127,15.652,LOP,2,2,2,"[LO.LOPL3, ME.LOPL2] -> LOPL2 -> [LOP.LOL3, ME.LOPL3]",LO.LOP,3,ME.LOP,2,LOP.LO,3,ME.LOP,3
1194075962,mixed,mix->FF,mix,FF,2,1,1,647,81,3.043,9602,14.841,LOP,2,2,2,"[LO.LOPL2, ME.LOPL3] -> LOPL2 -> [LO.LOPL3, LOPL3]",LO.LOP,2,ME.LOP,3,LO.LOP,3,LOP,3
1177291753,mixed,mix->FF,mix,FF,2,1,1,647,25,2.172,15333,23.699,LOP,2,2,2,"[LO.LOPL3, ME.LOPL2] -> LOPL2 -> [LOP.LOL3, ME.LOL3]",LO.LOP,3,ME.LOP,2,LOP.LO,3,ME.LO,3
1175012303,mixed,mix->FF,mix,FF,2,1,1,647,24,1.054,25496,39.406,LOP,2,2,2,"[MEL3, ME.LOPL2] -> LOPL2 -> [ME.LOL3, ME.LOPL3]",ME,3,ME.LOP,2,ME.LO,3,ME.LOP,3
1172994613,mixed,mix->FF,mix,FF,2,1,1,647,58,2.678,10353,16.002,LOP,2,2,2,"[ME.LOPL2, ME.LOPL3] -> LOPL2 -> [LO.LOPL3, LOP.PLPL3]",ME.LOP,2,ME.LOP,3,LO.LOP,3,LOP.PLP,3
1128864682,mixed,mix->FF,mix,FF,2,1,1,647,66,1.159,17404,26.9,LOP,2,2,2,"[LO.LOPL3, ME.LOPL2] -> LOPL2 -> [LOP.PLPL3, MEL3]",LO.LOP,3,ME.LOP,2,LOP.PLP,3,ME,3
1118832112,mixed,mix->FF,mix,FF,2,1,1,647,19,1.127,22915,35.417,LOP,2,2,2,"[MEL3, ME.LOPL2] -> LOPL2 -> [LOPL3, ME.LOL3]",ME,3,ME.LOP,2,LOP,3,ME.LO,3
995718672,mixed,mix->FF,mix,FF,2,1,1,647,44,1.715,8873,13.714,LOP,2,2,2,"[LO.LOPL2, LO.LOPL3] -> LOPL2 -> [LOP.PLPL3, ME.LOPL3]",LO.LOP,2,LO.LOP,3,LOP.PLP,3,ME.LOP,3
984837548,mixed,mix->FF,mix,FF,2,1,1,647,86,1.195,19234,29.728,LOP,2,2,2,"[LO.LOPL2, LO.LOPL3] -> LOPL2 -> [MEL3, ME.LOPL3]",LO.LOP,2,LO.LOP,3,ME,3,ME.LOP,3
979397889,mixed,mix->FF,mix,FF,2,1,1,647,62,1.946,15864,24.519,LOP,2,2,2,"[LOPL3, ME.LOPL2] -> LOPL2 -> [ME.LOL3, ME.LOPL3]",LOP,3,ME.LOP,2,ME.LO,3,ME.LOP,3
963962177,mixed,mix->FF,mix,FF,2,1,1,647,61,1.345,16653,25.739,LOP,2,2,2,"[LO.LOPL2, LO.LOPL3] -> LOPL2 -> [LOPL3, MEL3]",LO.LOP,2,LO.LOP,3,LOP,3,ME,3
963112407,mixed,mix->FF,mix,FF,2,1,1,647,73,1.069,25496,39.406,LOP,2,2,2,"[ME.LOL3, ME.LOPL2] -> LOPL2 -> [MEL3, ME.LOPL3]",ME.LO,3,ME.LOP,2,ME,3,ME.LOP,3
948810574,mixed,mix->FF,mix,FF,2,1,1,1183,146,1.812,18499,15.637,LO,2,2,2,"[ME.LOL2, ME.LOL3] -> LOL2 -> [LOL3, LO.PVLPL3]",ME.LO,2,ME.LO,3,LO,3,LO.PVLP,3
945954473,mixed,mix->FF,mix,FF,2,1,1,647,29,1.858,6066,9.376,LOP,2,2,2,"[LO.LOPL2, LO.LOPL3] -> LOPL2 -> [LOPL3, LOP.LOL3]",LO.LOP,2,LO.LOP,3,LOP,3,LOP.LO,3
914017283,mixed,mix->FF,mix,FF,2,1,1,647,21,2.204,14909,23.043,LOP,2,2,2,"[ME.LOPL2, ME.LOPL3] -> LOPL2 -> [LOP.LOL3, ME.LOL3]",ME.LOP,2,ME.LOP,3,LOP.LO,3,ME.LO,3
912676856,mixed,mix->FF,mix,FF,2,1,1,647,40,1.931,14079,21.76,LOP,2,2,2,"[LO.LOPL2, LO.LOPL3] -> LOPL2 -> [LOP.PLPL3, ME.LOL3]",LO.LOP,2,LO.LOP,3,LOP.PLP,3,ME.LO,3
909123628,mixed,mix->FF,mix,FF,2,1,1,647,106,1.989,9706,15.002,LOP,2,2,2,"[LO.LOPL3, ME.LOPL2] -> LOPL2 -> [LOL3, LOPL3]",LO.LOP,3,ME.LOP,2,LO,3,LOP,3
890280181,mixed,mix->FF,mix,FF,2,1,1,647,53,1.079,22915,35.417,LOP,2,2,2,"[ME.LOL3, ME.LOPL2] -> LOPL2 -> [LOPL3, MEL3]",ME.LO,3,ME.LOP,2,LOP,3,ME,3
831903127,mixed,mix->FF,mix,FF,2,1,1,647,98,1.032,18869,29.164,LOP,2,2,2,"[ME.LOL3, ME.LOPL2] -> LOPL2 -> [LO.LOPL3, ME.LOPL3]",ME.LO,3,ME.LOP,2,LO.LOP,3,ME.LOP,3
831356146,mixed,mix->FF,mix,FF,2,1,1,647,107,1.344,20714,32.015,LOP,2,2,2,"[ME.LOPL2, ME.LOPL3] -> LOPL2 -> [LO.LOPL3, MEL3]",ME.LOP,2,ME.LOP,3,LO.LOP,3,ME,3
790412060,mixed,mix->FF,mix,FF,2,1,1,647,21,1.906,6817,10.536,LOP,2,2,2,"[LO.LOPL3, ME.LOPL2] -> LOPL2 -> [LOP.LOL3, LOP.PLPL3]",LO.LOP,3,ME.LOP,2,LOP.LO,3,LOP.PLP,3
782791937,mixed,mix->FF,mix,FF,2,1,1,647,55,1.135,24440,37.774,LOP,2,2,2,"[LO.LOPL2, LO.LOPL3] -> LOPL2 -> [MEL3, ME.LOL3]",LO.LOP,2,LO.LOP,3,ME,3,ME.LO,3
779751940,mixed,mix->FF,mix,FF,2,1,1,647,70,1.335,12287,18.991,LOP,2,2,2,"[LO.LOPL3, ME.LOPL2] -> LOPL2 -> [LOL3, ME.LOPL3]",LO.LOP,3,ME.LOP,2,LO,3,ME.LOP,3
776644446,mixed,mix->FF,mix,FF,2,1,1,647,31,1.068,10160,15.703,LOP,2,2,2,"[LO.LOPL3, ME.LOPL2] -> LOPL2 -> [LO.MEL3, ME.LOPL3]",LO.LOP,3,ME.LOP,2,LO.ME,3,ME.LOP,3
768459396,mixed,mix->FF,mix,FF,2,1,1,647,30,1.015,15135,23.393,LOP,2,2,2,"[ME.LOL3, ME.LOPL2] -> LOPL2 -> [LOP.PLPL3, ME.LOPL3]",ME.LO,3,ME.LOP,2,LOP.PLP,3,ME.LOP,3
767201526,mixed,mix->FF,mix,FF,2,1,1,647,78,1.037,16288,25.175,LOP,2,2,2,"[ME.LOL3, ME.LOPL2] -> LOPL2 -> [LO.LOPL3, LOPL3]",ME.LO,3,ME.LOP,2,LO.LOP,3,LOP,3
736803493,mixed,mix->FF,mix,FF,2,1,1,647,61,1.226,16980,26.244,LOP,2,2,2,"[ME.LOPL2, ME.LOPL3] -> LOPL2 -> [LOP.PLPL3, MEL3]",ME.LOP,2,ME.LOP,3,LOP.PLP,3,ME,3
736738714,mixed,mix->FF,mix,FF,2,1,1,24835,134,1.587,23038,0.928,ME,2,2,2,"[LOL2, ME.LOL3] -> MEL2 -> [LOL3, MEL3]",LO,2,ME.LO,3,LO,3,ME,3
733964873,mixed,mix->FF,mix,FF,2,1,1,647,24,1.938,5642,8.72,LOP,2,2,2,"[LO.LOPL2, ME.LOPL3] -> LOPL2 -> [LOPL3, LOP.LOL3]",LO.LOP,2,ME.LOP,3,LOP,3,LOP.LO,3
717863417,mixed,mix->FF,mix,FF,2,1,1,647,37,1.077,7579,11.714,LOP,2,2,2,"[LO.LOPL3, ME.LOPL2] -> LOPL2 -> [LO.MEL3, LOPL3]",LO.LOP,3,ME.LOP,2,LO.ME,3,LOP,3
708089872,mixed,mix->FF,mix,FF,2,1,1,647,50,1.018,12554,19.403,LOP,2,2,2,"[ME.LOL3, ME.LOPL2] -> LOPL2 -> [LOPL3, LOP.PLPL3]",ME.LO,3,ME.LOP,2,LOP,3,LOP.PLP,3
688023534,mixed,mix->FF,mix,FF,2,1,1,24835,305,1.983,28502,1.148,ME,2,2,2,"[LOL3, ME.LOL2] -> MEL2 -> [MEL3, ME.LOL3]",LO,3,ME.LO,2,ME,3,ME.LO,3
652248198,mixed,mix->FF,mix,FF,2,1,1,647,57,1.511,16229,25.083,LOP,2,2,2,"[LO.LOPL2, ME.LOPL3] -> LOPL2 -> [LOPL3, MEL3]",LO.LOP,2,ME.LOP,3,LOP,3,ME,3
636622400,mixed,mix->FF,mix,FF,2,1,1,647,84,1.332,17493,27.037,LOP,2,2,2,"[LO.LOPL3, ME.LOPL2] -> LOPL2 -> [LOL3, ME.LOL3]",LO.LOP,3,ME.LOP,2,LO,3,ME.LO,3
634748031,mixed,mix->FF,mix,FF,2,1,1,647,95,2.297,9282,14.346,LOP,2,2,2,"[ME.LOPL2, ME.LOPL3] -> LOPL2 -> [LOL3, LOPL3]",ME.LOP,2,ME.LOP,3,LO,3,LOP,3
625513575,mixed,mix->FF,mix,FF,2,1,1,647,15,1.039,15366,23.75,LOP,2,2,2,"[LO.LOPL3, ME.LOPL2] -> LOPL2 -> [LO.MEL3, ME.LOL3]",LO.LOP,3,ME.LOP,2,LO.ME,3,ME.LO,3
618622012,mixed,mix->FF,mix,FF,2,1,1,647,68,2.022,17389,26.876,LOP,2,2,2,"[LO.LOPL2, ME.LOPL3] -> LOPL2 -> [LO.LOPL3, ME.LOL3]",LO.LOP,2,ME.LOP,3,LO.LOP,3,ME.LO,3
618002398,mixed,mix->FF,mix,FF,2,1,1,647,38,2.084,13655,21.105,LOP,2,2,2,"[LO.LOPL2, ME.LOPL3] -> LOPL2 -> [LOP.PLPL3, ME.LOL3]",LO.LOP,2,ME.LOP,3,LOP.PLP,3,ME.LO,3
617612852,mixed,mix->FF,mix,FF,2,1,1,647,45,1.052,14384,22.232,LOP,2,2,2,"[LO.LOPL2, ME.LOL3] -> LOPL2 -> [LOPL3, ME.LOPL3]",LO.LOP,2,ME.LO,3,LOP,3,ME.LOP,3
614492825,mixed,mix->FF,mix,FF,2,1,1,647,16,2.159,10127,15.652,LOP,2,2,2,"[ME.LOPL2, ME.LOPL3] -> LOPL2 -> [LO.LOPL3, LOP.LOL3]",ME.LOP,2,ME.LOP,3,LO.LOP,3,LOP.LO,3
611059627,mixed,mix->FF,mix,FF,2,1,1,647,20,1.978,6393,9.881,LOP,2,2,2,"[ME.LOPL2, ME.LOPL3] -> LOPL2 -> [LOP.LOL3, LOP.PLPL3]",ME.LOP,2,ME.LOP,3,LOP.LO,3,LOP.PLP,3
534845317,mixed,mix->FF,mix,FF,2,1,1,647,33,2.786,7451,11.516,LOP,2,2,2,"[LO.LOPL3, ME.LOPL2] -> LOPL2 -> [LOPL3, LOP.MEL3]",LO.LOP,3,ME.LOP,2,LOP,3,LOP.ME,3
520139461,mixed,mix->FF,mix,FF,2,1,1,24835,46,2.14,26325,1.06,ME,2,2,2,"[ME.LOL2, ME.LOL3] -> MEL2 -> [MEL3, ME.PLPL3]",ME.LO,2,ME.LO,3,ME,3,ME.PLP,3
512022940,mixed,mix->FF,mix,FF,2,1,1,647,47,1.205,24016,37.119,LOP,2,2,2,"[LO.LOPL2, ME.LOPL3] -> LOPL2 -> [MEL3, ME.LOL3]",LO.LOP,2,ME.LOP,3,ME,3,ME.LO,3
510310139,mixed,mix->FF,mix,FF,2,1,1,647,17,1.167,7435,11.491,LOP,2,2,2,"[LO.LOPL3, ME.LOPL2] -> LOPL2 -> [LOPL3, LOP.PVLPL3]",LO.LOP,3,ME.LOP,2,LOP,3,LOP.PVLP,3
502427372,mixed,mix->FF,mix,FF,2,1,1,647,39,1.094,20714,32.015,LOP,2,2,2,"[MEL3, ME.LOPL2] -> LOPL2 -> [LO.LOPL3, ME.LOPL3]",ME,3,ME.LOP,2,LO.LOP,3,ME.LOP,3
500355254,mixed,mix->FF,mix,FF,2,1,1,647,111,2.447,11082,17.128,LOP,2,2,2,"[LOPL3, ME.LOPL2] -> LOPL2 -> [LO.LOPL3, ME.LOPL3]",LOP,3,ME.LOP,2,LO.LOP,3,ME.LOP,3
494625177,mixed,mix->FF,mix,FF,2,1,1,647,16,1.242,18133,28.026,LOP,2,2,2,"[MEL3, ME.LOPL2] -> LOPL2 -> [LO.LOPL3, LOPL3]",ME,3,ME.LOP,2,LO.LOP,3,LOP,3
465928242,mixed,mix->FF,mix,FF,2,1,1,647,33,1.126,7155,11.059,LOP,2,2,2,"[ME.LOPL2, ME.LOPL3] -> LOPL2 -> [LO.MEL3, LOPL3]",ME.LOP,2,ME.LOP,3,LO.ME,3,LOP,3
465509222,mixed,mix->FF,mix,FF,2,1,1,647,31,1.937,8130,12.566,LOP,2,2,2,"[LO.LOPL3, ME.LOPL2] -> LOPL2 -> [LO.PVLPL3, LOPL3]",LO.LOP,3,ME.LOP,2,LO.PVLP,3,LOP,3
464981875,mixed,mix->FF,mix,FF,2,1,1,1183,74,1.761,38532,32.571,LO,2,2,2,"[MEL2, MEL3] -> LOL2 -> [LOL3, LO.PVLPL3]",ME,2,ME,3,LO,3,LO.PVLP,3
460550136,mixed,mix->FF,mix,FF,2,1,1,647,13,1.06,16980,26.244,LOP,2,2,2,"[MEL3, ME.LOPL2] -> LOPL2 -> [LOP.PLPL3, ME.LOPL3]",ME,3,ME.LOP,2,LOP.PLP,3,ME.LOP,3
453443932,mixed,mix->FF,mix,FF,2,1,1,647,66,2.384,7348,11.357,LOP,2,2,2,"[LOPL3, ME.LOPL2] -> LOPL2 -> [LOP.PLPL3, ME.LOPL3]",LOP,3,ME.LOP,2,LOP.PLP,3,ME.LOP,3
446531118,mixed,mix->FF,mix,FF,2,1,1,647,19,1.172,14399,22.255,LOP,2,2,2,"[MEL3, ME.LOPL2] -> LOPL2 -> [LOPL3, LOP.PLPL3]",ME,3,ME.LOP,2,LOP,3,LOP.PLP,3
433506243,mixed,mix->FF,mix,FF,3,0,1,144,142,16.329,5319,36.938,AL.MB_CA,2,2,2,"[ALL1, ALL2] -> AL.MB_CAL2 -> [LH.SLPL3, MB_CA.MB_MLL3]",AL,1,AL,2,LH.SLP,3,MB_CA.MB_ML,3
425155453,mixed,mix->FF,mix,FF,3,0,1,144,142,20.563,5250,36.458,AL.MB_CA,2,2,2,"[ALL1, ALL2] -> AL.MB_CAL2 -> [LHL3, MB_CA.MB_MLL3]",AL,1,AL,2,LH,3,MB_CA.MB_ML,3
425012680,mixed,mix->FF,mix,FF,2,1,1,647,70,2.548,16288,25.175,LOP,2,2,2,"[LOPL3, ME.LOPL2] -> LOPL2 -> [LO.LOPL3, ME.LOL3]",LOP,3,ME.LOP,2,LO.LOP,3,ME.LO,3
421718652,mixed,mix->FF,mix,FF,2,1,1,647,73,1.446,17069,26.382,LOP,2,2,2,"[ME.LOPL2, ME.LOPL3] -> LOPL2 -> [LOL3, ME.LOL3]",ME.LOP,2,ME.LOP,3,LO,3,ME.LO,3
418331862,mixed,mix->FF,mix,FF,2,1,1,647,48,2.479,12554,19.403,LOP,2,2,2,"[LOPL3, ME.LOPL2] -> LOPL2 -> [LOP.PLPL3, ME.LOL3]",LOP,3,ME.LOP,2,LOP.PLP,3,ME.LO,3
415714348,mixed,mix->FF,mix,FF,2,1,1,24835,105,1.956,22014,0.886,ME,2,2,2,"[LO.MEL2, ME.LOL3] -> MEL2 -> [LOL3, MEL3]",LO.ME,2,ME.LO,3,LO,3,ME,3
406478793,mixed,mix->FF,mix,FF,2,1,1,647,31,2.73,7027,10.861,LOP,2,2,2,"[ME.LOPL2, ME.LOPL3] -> LOPL2 -> [LOPL3, LOP.MEL3]",ME.LOP,2,ME.LOP,3,LOP,3,LOP.ME,3
405878144,mixed,mix->FF,mix,FF,2,1,1,647,24,1.07,25920,40.062,LOP,2,2,2,"[MEL3, ME.LOPL2] -> LOPL2 -> [LO.LOPL3, ME.LOL3]",ME,3,ME.LOP,2,LO.LOP,3,ME.LO,3
401411288,mixed,mix->FF,mix,FF,2,1,1,647,14,1.064,14942,23.094,LOP,2,2,2,"[ME.LOPL2, ME.LOPL3] -> LOPL2 -> [LO.MEL3, ME.LOL3]",ME.LOP,2,ME.LOP,3,LO.ME,3,ME.LO,3
383544884,mixed,mix->FF,mix,FF,2,1,1,647,105,1.393,17709,27.371,LOP,2,2,2,"[LOPL3, ME.LOPL2] -> LOPL2 -> [MEL3, ME.LOPL3]",LOP,3,ME.LOP,2,ME,3,ME.LOP,3
374208769,mixed,mix->FF,mix,FF,2,1,1,647,15,1.049,22186,34.291,LOP,2,2,2,"[MEL3, ME.LOPL2] -> LOPL2 -> [LOP.PLPL3, ME.LOL3]",ME,3,ME.LOP,2,LOP.PLP,3,ME.LO,3
373986104,mixed,mix->FF,mix,FF,2,1,1,647,16,1.121,16229,25.083,LOP,2,2,2,"[LO.LOPL2, MEL3] -> LOPL2 -> [LOPL3, ME.LOPL3]",LO.LOP,2,ME,3,LOP,3,ME.LOP,3
370248441,mixed,mix->FF,mix,FF,2,1,1,647,29,2.01,7706,11.91,LOP,2,2,2,"[ME.LOPL2, ME.LOPL3] -> LOPL2 -> [LO.PVLPL3, LOPL3]",ME.LOP,2,ME.LOP,3,LO.PVLP,3,LOP,3
369589844,mixed,mix->FF,mix,FF,2,1,1,647,16,1.144,7011,10.836,LOP,2,2,2,"[ME.LOPL2, ME.LOPL3] -> LOPL2 -> [LOPL3, LOP.PVLPL3]",ME.LOP,2,ME.LOP,3,LOP,3,LOP.PVLP,3
349014267,mixed,mix->FF,mix,FF,2,1,1,647,24,1.66,8924,13.793,LOP,2,2,2,"[LO.LOPL3, LOP.LOL2] -> LOPL2 -> [LOPL3, ME.LOPL3]",LO.LOP,3,LOP.LO,2,LOP,3,ME.LOP,3
344383585,mixed,mix->FF,mix,FF,2,1,1,24835,778,2.076,28502,1.148,ME,2,2,2,"[MEL3, ME.LOL2] -> MEL2 -> [LOL3, ME.LOL3]",ME,3,ME.LO,2,LO,3,ME.LO,3
338597235,mixed,mix->FF,mix,FF,2,1,1,647,32,1.845,10032,15.505,LOP,2,2,2,"[LO.LOPL3, ME.LOPL2] -> LOPL2 -> [LOP.MEL3, ME.LOPL3]",LO.LOP,3,ME.LOP,2,LOP.ME,3,ME.LOP,3
326874017,mixed,mix->FF,mix,FF,2,1,1,647,84,1.049,25920,40.062,LOP,2,2,2,"[ME.LOL3, ME.LOPL2] -> LOPL2 -> [LO.LOPL3, MEL3]",ME.LO,3,ME.LOP,2,LO.LOP,3,ME,3
320070103,mixed,mix->FF,mix,FF,2,1,1,647,20,1.043,24016,37.119,LOP,2,2,2,"[LO.LOPL2, MEL3] -> LOPL2 -> [ME.LOL3, ME.LOPL3]",LO.LOP,2,ME,3,ME.LO,3,ME.LOP,3
307892091,mixed,mix->FF,mix,FF,2,1,1,647,40,1.104,17211,26.601,LOP,2,2,2,"[LO.LOPL3, ME.LOPL2] -> LOPL2 -> [LO.MEL3, MEL3]",LO.LOP,3,ME.LOP,2,LO.ME,3,ME,3
305899623,mixed,mix->FF,mix,FF,2,1,1,647,37,1.136,15924,24.612,LOP,2,2,2,"[LO.LOPL2, LO.LOPL3] -> LOPL2 -> [LOP.PLPL3, MEL3]",LO.LOP,2,LO.LOP,3,LOP.PLP,3,ME,3
305327082,mixed,mix->FF,mix,FF,2,1,1,647,24,2.669,7431,11.485,LOP,2,2,2,"[LO.LOPL3, ME.LOPL2] -> LOPL2 -> [LOPL3, LOP.IPSL3]",LO.LOP,3,ME.LOP,2,LOP,3,LOP.IPS,3
301411318,mixed,mix->FF,mix,FF,2,1,1,647,17,1.092,21435,33.13,LOP,2,2,2,"[LO.LOPL2, MEL3] -> LOPL2 -> [LOPL3, ME.LOL3]",LO.LOP,2,ME,3,LOP,3,ME.LO,3
300719188,mixed,mix->FF,mix,FF,2,1,1,647,41,2.443,8873,13.714,LOP,2,2,2,"[LO.LOPL2, ME.LOPL3] -> LOPL2 -> [LO.LOPL3, LOP.PLPL3]",LO.LOP,2,ME.LOP,3,LO.LOP,3,LOP.PLP,3
300652515,mixed,mix->FF,mix,FF,2,1,1,647,34,1.024,22186,34.291,LOP,2,2,2,"[ME.LOL3, ME.LOPL2] -> LOPL2 -> [LOP.PLPL3, MEL3]",ME.LO,3,ME.LOP,2,LOP.PLP,3,ME,3
297954259,mixed,mix->FF,mix,FF,2,1,1,647,64,1.275,22915,35.417,LOP,2,2,2,"[LOPL3, ME.LOPL2] -> LOPL2 -> [MEL3, ME.LOL3]",LOP,3,ME.LOP,2,ME,3,ME.LO,3
297329165,mixed,mix->FF,mix,FF,2,1,1,24835,34,1.98,17898,0.721,ME,2,2,2,"[ME.LOL2, ME.LOL3] -> MEL2 -> [LOL3, ME.PLPL3]",ME.LO,2,ME.LO,3,LO,3,ME.PLP,3
291370294,mixed,mix->FF,mix,FF,2,1,1,647,21,1.861,13853,21.411,LOP,2,2,2,"[LO.LOPL2, LO.LOPL3] -> LOPL2 -> [LOP.LOL3, ME.LOL3]",LO.LOP,2,LO.LOP,3,LOP.LO,3,ME.LO,3
289671711,mixed,mix->FF,mix,FF,2,1,1,647,98,1.214,19338,29.889,LOP,2,2,2,"[LO.LOPL3, ME.LOPL2] -> LOPL2 -> [LOL3, MEL3]",LO.LOP,3,ME.LOP,2,LO,3,ME,3
287497193,mixed,mix->FF,mix,FF,2,1,1,647,113,1.723,8899,13.754,LOP,2,2,2,"[IPS.LOPL2, LO.LOPL3] -> LOPL2 -> [LOPL3, ME.LOPL3]",IPS.LOP,2,LO.LOP,3,LOP,3,ME.LOP,3
285948358,mixed,mix->FF,mix,FF,3,0,1,144,137,13.504,5086,35.319,AL.MB_CA,2,2,2,"[ALL1, ALL2] -> AL.MB_CAL2 -> [MB_CA.MB_MLL3, MB_CA.MB_VLL3]",AL,1,AL,2,MB_CA.MB_ML,3,MB_CA.MB_VL,3
274571178,mixed,mix->FF,mix,FF,2,1,1,647,32,1.853,15238,23.552,LOP,2,2,2,"[LO.LOPL3, ME.LOPL2] -> LOPL2 -> [LOP.MEL3, ME.LOL3]",LO.LOP,3,ME.LOP,2,LOP.ME,3,ME.LO,3
267140611,mixed,mix->FF,mix,FF,2,1,1,647,14,2.441,8647,13.365,LOP,2,2,2,"[LO.LOPL2, LO.LOPL3] -> LOPL2 -> [LOP.LOL3, ME.LOPL3]",LO.LOP,2,LO.LOP,3,LOP.LO,3,ME.LOP,3
267008659,mixed,mix->FF,mix,FF,2,1,1,647,60,1.504,8977,13.875,LOP,2,2,2,"[LO.LOPL3, ME.LOPL2] -> LOPL2 -> [LOL3, LOP.PLPL3]",LO.LOP,3,ME.LOP,2,LO,3,LOP.PLP,3
263821635,mixed,mix->FF,mix,FF,2,1,1,647,54,1.07,24016,37.119,LOP,2,2,2,"[LO.LOPL2, ME.LOL3] -> LOPL2 -> [MEL3, ME.LOPL3]",LO.LOP,2,ME.LO,3,ME,3,ME.LOP,3
262792770,mixed,mix->FF,mix,FF,2,1,1,647,36,1.011,15559,24.048,LOP,2,2,2,"[ME.LOL3, ME.LOPL2] -> LOPL2 -> [LO.LOPL3, LOP.PLPL3]",ME.LO,3,ME.LOP,2,LO.LOP,3,LOP.PLP,3
259628258,mixed,mix->FF,mix,FF,2,1,1,1183,122,1.452,36023,30.451,LO,2,2,2,"[MEL2, ME.LOL3] -> LOL2 -> [LOL3, LO.AVLPL3]",ME,2,ME.LO,3,LO,3,LO.AVLP,3
255383598,mixed,mix->FF,mix,FF,2,1,1,1183,73,1.553,20344,17.197,LO,2,2,2,"[MEL3, ME.LOL2] -> LOL2 -> [LOL3, LO.PVLPL3]",ME,3,ME.LO,2,LO,3,LO.PVLP,3
254733442,mixed,mix->FF,mix,FF,2,1,1,647,50,1.793,14384,22.232,LOP,2,2,2,"[LO.LOPL2, LOPL3] -> LOPL2 -> [ME.LOL3, ME.LOPL3]",LO.LOP,2,LOP,3,ME.LO,3,ME.LOP,3
249044024,mixed,mix->FF,mix,FF,2,1,1,647,15,1.33,33652,52.012,LOP,2,2,2,"[LO.LOPL3, MEL2] -> LOPL2 -> [LOPL3, ME.LOPL3]",LO.LOP,3,ME,2,LOP,3,ME.LOP,3
243878965,mixed,mix->FF,mix,FF,2,1,1,647,32,1.079,21435,33.13,LOP,2,2,2,"[LO.LOPL2, ME.LOL3] -> LOPL2 -> [LOPL3, MEL3]",LO.LOP,2,ME.LO,3,LOP,3,ME,3
242535831,mixed,mix->FF,mix,FF,2,1,1,647,24,1.023,6850,10.587,LOP,2,2,2,"[LO.LOPL3, ME.LOPL2] -> LOPL2 -> [LO.MEL3, LOP.PLPL3]",LO.LOP,3,ME.LOP,2,LO.ME,3,LOP.PLP,3
240803700,mixed,mix->FF,mix,FF,2,1,1,647,18,1.78,14130,21.839,LOP,2,2,2,"[LO.LOPL3, LOP.LOL2] -> LOPL2 -> [LOPL3, ME.LOL3]",LO.LOP,3,LOP.LO,2,LOP,3,ME.LO,3
239454673,mixed,mix->FF,mix,FF,2,1,1,647,57,1.861,8226,12.714,LOP,2,2,2,"[LO.LOPL2, LO.LOPL3] -> LOPL2 -> [LOL3, LOPL3]",LO.LOP,2,LO.LOP,3,LO,3,LOP,3
237664120,mixed,mix->FF,mix,FF,2,1,1,647,76,1.747,14105,21.801,LOP,2,2,2,"[IPS.LOPL2, LO.LOPL3] -> LOPL2 -> [LOPL3, ME.LOL3]",IPS.LOP,2,LO.LOP,3,LOP,3,ME.LO,3
227847752,mixed,mix->FF,mix,FF,2,1,1,647,73,1.033,17389,26.876,LOP,2,2,2,"[LO.LOPL2, ME.LOL3] -> LOPL2 -> [LO.LOPL3, ME.LOPL3]",LO.LOP,2,ME.LO,3,LO.LOP,3,ME.LOP,3
227229626,mixed,mix->FF,mix,FF,2,1,1,647,23,2.739,7007,10.83,LOP,2,2,2,"[ME.LOPL2, ME.LOPL3] -> LOPL2 -> [LOPL3, LOP.IPSL3]",ME.LOP,2,ME.LOP,3,LOP,3,LOP.IPS,3
226545119,mixed,mix->FF,mix,FF,2,1,1,1183,67,1.57,27865,23.555,LO,2,2,2,"[LOL3, MEL2] -> LOL2 -> [LO.AVLPL3, LO.PVLPL3]",LO,3,ME,2,LO.AVLP,3,LO.PVLP,3
225991701,mixed,mix->FF,mix,FF,3,1,0,647,123,2.683,8836,13.657,LOP,2,2,2,"[LO.LOPL3, LOPL1] -> LOPL2 -> [LOPL3, ME.LOPL3]",LO.LOP,3,LOP,1,LOP,3,ME.LOP,3
222770601,mixed,mix->FF,mix,FF,2,1,1,647,81,1.291,19234,29.728,LOP,2,2,2,"[LO.LOPL2, ME.LOPL3] -> LOPL2 -> [LO.LOPL3, MEL3]",LO.LOP,2,ME.LOP,3,LO.LOP,3,ME,3
220583737,mixed,mix->FF,mix,FF,2,1,1,647,17,1.921,13429,20.756,LOP,2,2,2,"[LO.LOPL2, ME.LOPL3] -> LOPL2 -> [LOP.LOL3, ME.LOL3]",LO.LOP,2,ME.LOP,3,LOP.LO,3,ME.LO,3
218740480,mixed,mix->FF,mix,FF,2,1,1,647,59,2.893,7772,12.012,LOP,2,2,2,"[LOPL3, ME.LOPL2] -> LOPL2 -> [LO.LOPL3, LOP.PLPL3]",LOP,3,ME.LOP,2,LO.LOP,3,LOP.PLP,3
216501596,mixed,mix->FF,mix,FF,2,1,1,647,17,1.032,14942,23.094,LOP,2,2,2,"[ME.LOL3, ME.LOPL2] -> LOPL2 -> [LO.MEL3, ME.LOPL3]",ME.LO,3,ME.LOP,2,LO.ME,3,ME.LOP,3
214682945,mixed,mix->FF,mix,FF,2,1,1,647,38,1.001,15464,23.901,LOP,2,2,2,"[LO.LOPL3, ME.LOL2] -> LOPL2 -> [LOPL3, ME.LOPL3]",LO.LOP,3,ME.LO,2,LOP,3,ME.LOP,3
212741678,mixed,mix->FF,mix,FF,2,1,1,647,18,1.069,8680,13.416,LOP,2,2,2,"[LO.LOPL2, LO.LOPL3] -> LOPL2 -> [LO.MEL3, ME.LOPL3]",LO.LOP,2,LO.LOP,3,LO.ME,3,ME.LOP,3
212425829,mixed,mix->FF,mix,FF,2,1,1,647,54,1.238,16686,25.79,LOP,2,2,2,"[IPS.LOPL2, LO.LOPL3] -> LOPL2 -> [ME.LOL3, ME.LOPL3]",IPS.LOP,2,LO.LOP,3,ME.LO,3,ME.LOP,3
210453342,mixed,mix->FF,mix,FF,2,1,1,647,19,1.016,13655,21.105,LOP,2,2,2,"[LO.LOPL2, ME.LOL3] -> LOPL2 -> [LOP.PLPL3, ME.LOPL3]",LO.LOP,2,ME.LO,3,LOP.PLP,3,ME.LOP,3
210124899,mixed,mix->FF,mix,FF,2,1,1,647,55,1.037,14808,22.887,LOP,2,2,2,"[LO.LOPL2, ME.LOL3] -> LOPL2 -> [LO.LOPL3, LOPL3]",LO.LOP,2,ME.LO,3,LO.LOP,3,LOP,3
209996123,mixed,mix->FF,mix,FF,2,1,1,647,48,1.293,10807,16.703,LOP,2,2,2,"[LO.LOPL2, LO.LOPL3] -> LOPL2 -> [LOL3, ME.LOPL3]",LO.LOP,2,LO.LOP,3,LO,3,ME.LOP,3
208837728,mixed,mix->FF,mix,FF,2,1,1,647,9,1.647,10012,15.474,LOP,2,2,2,"[LO.LOPL3, ME.LOPL2] -> LOPL2 -> [LOP.IPSL3, ME.LOPL3]",LO.LOP,3,ME.LOP,2,LOP.IPS,3,ME.LOP,3
205883227,mixed,mix->FF,mix,FF,2,1,1,1183,62,1.594,34447,29.118,LO,2,2,2,"[MEL2, ME.LOL3] -> LOL2 -> [LO.AVLPL3, LO.PVLPL3]",ME,2,ME.LO,3,LO.AVLP,3,LO.PVLP,3
202845721,mixed,mix->FF,mix,FF,2,1,1,647,10,1.325,38858,60.059,LOP,2,2,2,"[LO.LOPL3, MEL2] -> LOPL2 -> [LOPL3, ME.LOL3]",LO.LOP,3,ME,2,LOP,3,ME.LO,3
202403867,mixed,mix->FF,mix,FF,2,1,1,24835,37,1.995,19743,0.795,ME,2,2,2,"[LOL3, ME.LOL2] -> MEL2 -> [MEL3, ME.PLPL3]",LO,3,ME.LO,2,ME,3,ME.PLP,3
202337771,mixed,mix->FF,mix,FF,2,1,1,647,18,2.176,7122,11.008,LOP,2,2,2,"[LOPL3, ME.LOPL2] -> LOPL2 -> [LOP.LOL3, ME.LOPL3]",LOP,3,ME.LOP,2,LOP.LO,3,ME.LOP,3
201351962,mixed,mix->FF,mix,FF,2,1,1,647,35,1.169,16787,25.946,LOP,2,2,2,"[ME.LOPL2, ME.LOPL3] -> LOPL2 -> [LO.MEL3, MEL3]",ME.LOP,2,ME.LOP,3,LO.ME,3,ME,3
200555635,mixed,mix->FF,mix,FF,2,1,1,647,18,1.611,5337,8.249,LOP,2,2,2,"[LO.LOPL2, LO.LOPL3] -> LOPL2 -> [LOP.LOL3, LOP.PLPL3]",LO.LOP,2,LO.LOP,3,LOP.LO,3,LOP.PLP,3
199711561,mixed,mix->FF,mix,FF,2,1,1,647,17,1.098,41439,64.048,LOP,2,2,2,"[LO.LOPL3, MEL2] -> LOPL2 -> [ME.LOL3, ME.LOPL3]",LO.LOP,3,ME,2,ME.LO,3,ME.LOP,3
199650365,mixed,mix->FF,mix,FF,2,1,1,647,21,1.037,12361,19.105,LOP,2,2,2,"[ME.LOL3, ME.LOPL2] -> LOPL2 -> [LO.MEL3, LOPL3]",ME.LO,3,ME.LOP,2,LO.ME,3,LOP,3
198831132,mixed,mix->FF,mix,FF,2,1,1,647,34,1.192,15500,23.957,LOP,2,2,2,"[LO.LOPL2, ME.LOPL3] -> LOPL2 -> [LOP.PLPL3, MEL3]",LO.LOP,2,ME.LOP,3,LOP.PLP,3,ME,3
196647446,mixed,mix->FF,mix,FF,2,1,1,647,19,1.078,6099,9.427,LOP,2,2,2,"[LO.LOPL2, LO.LOPL3] -> LOPL2 -> [LO.MEL3, LOPL3]",LO.LOP,2,LO.LOP,3,LO.ME,3,LOP,3
196106639,mixed,mix->FF,mix,FF,2,1,1,647,24,2.1,12328,19.054,LOP,2,2,2,"[LOPL3, ME.LOPL2] -> LOPL2 -> [LOP.LOL3, ME.LOL3]",LOP,3,ME.LOP,2,LOP.LO,3,ME.LO,3
196033320,mixed,mix->FF,mix,FF,2,1,1,647,38,1.056,17069,26.382,LOP,2,2,2,"[ME.LOL3, ME.LOPL2] -> LOPL2 -> [LOL3, ME.LOPL3]",ME.LO,3,ME.LOP,2,LO,3,ME.LOP,3
194510243,mixed,mix->FF,mix,FF,3,1,0,647,97,2.735,14042,21.703,LOP,2,2,2,"[LO.LOPL3, LOPL1] -> LOPL2 -> [LOPL3, ME.LOL3]",LO.LOP,3,LOP,1,LOP,3,ME.LO,3
194415386,mixed,mix->FF,mix,FF,2,1,1,647,17,1.611,13706,21.184,LOP,2,2,2,"[LOP.LOL2, ME.LOPL3] -> LOPL2 -> [LOPL3, ME.LOL3]",LOP.LO,2,ME.LOP,3,LOP,3,ME.LO,3
194127051,mixed,mix->FF,mix,FF,2,1,1,647,85,1.337,18914,29.233,LOP,2,2,2,"[ME.LOPL2, ME.LOPL3] -> LOPL2 -> [LOL3, MEL3]",ME.LOP,2,ME.LOP,3,LO,3,ME,3
193912331,mixed,mix->FF,mix,FF,2,1,1,647,30,1.018,11074,17.116,LOP,2,2,2,"[LO.LOPL2, ME.LOL3] -> LOPL2 -> [LOPL3, LOP.PLPL3]",LO.LOP,2,ME.LO,3,LOP,3,LOP.PLP,3
193236247,mixed,mix->FF,mix,FF,2,1,1,647,63,1.689,12287,18.991,LOP,2,2,2,"[ME.LOPL2, ME.LOPL3] -> LOPL2 -> [LOL3, LO.LOPL3]",ME.LOP,2,ME.LOP,3,LO,3,LO.LOP,3
192000874,mixed,mix->FF,mix,FF,3,0,1,144,140,18.207,4947,34.354,AL.MB_CA,2,2,2,"[ALL1, ALL2] -> AL.MB_CAL2 -> [MB_CA.MB_MLL3, MB_CA.MB_PEDL3]",AL,1,AL,2,MB_CA.MB_ML,3,MB_CA.MB_PED,3
190536343,mixed,mix->FF,mix,FF,2,1,1,647,29,2.091,14814,22.896,LOP,2,2,2,"[ME.LOPL2, ME.LOPL3] -> LOPL2 -> [LOP.MEL3, ME.LOL3]",ME.LOP,2,ME.LOP,3,LOP.ME,3,ME.LO,3
190475377,mixed,mix->FF,mix,FF,2,1,1,647,24,1.0,23251,35.937,LOP,2,2,2,"[LO.LOPL3, ME.LOL2] -> LOPL2 -> [ME.LOL3, ME.LOPL3]",LO.LOP,3,ME.LO,2,ME.LO,3,ME.LOP,3
186252258,mixed,mix->FF,mix,FF,3,0,1,209,88,16.502,5250,25.12,AL.LH,2,2,2,"[ALL1, ALL2] -> AL.LHL2 -> [LHL3, MB_CA.MB_MLL3]",AL,1,AL,2,LH,3,MB_CA.MB_ML,3
185517231,mixed,mix->FF,mix,FF,2,1,1,647,16,1.633,8838,13.66,LOP,2,2,2,"[LO.LOPL3, LOP.IPSL2] -> LOPL2 -> [LOPL3, ME.LOPL3]",LO.LOP,3,LOP.IPS,2,LOP,3,ME.LOP,3
185473017,mixed,mix->FF,mix,FF,2,1,1,24835,36,1.851,22013,0.886,ME,2,2,2,"[ME.LOL3, ME.PLPL2] -> MEL2 -> [LOL3, MEL3]",ME.LO,3,ME.PLP,2,LO,3,ME,3
183955016,mixed,mix->FF,mix,FF,2,1,1,24835,103,1.948,23038,0.928,ME,2,2,2,"[LOL2, LOL3] -> MEL2 -> [MEL3, ME.LOL3]",LO,2,LO,3,ME,3,ME.LO,3
182850590,mixed,mix->FF,mix,FF,2,1,1,647,3,1.41,15222,23.527,LOP,2,2,2,"[LO.LOPL3, ME.LOPL2] -> LOPL2 -> [LOP.PVLPL3, ME.LOL3]",LO.LOP,3,ME.LOP,2,LOP.PVLP,3,ME.LO,3
181722926,mixed,mix->FF,mix,FF,2,1,1,24835,7,1.576,26289,1.059,ME,2,2,2,"[ME.LOL2, ME.LOL3] -> MEL2 -> [MEL3, ME.AOTUL3]",ME.LO,2,ME.LO,3,ME,3,ME.AOTU,3
181060740,mixed,mix->FF,mix,FF,2,1,1,647,42,1.064,14488,22.393,LOP,2,2,2,"[ME.LOL3, ME.LOPL2] -> LOPL2 -> [LOL3, LOPL3]",ME.LO,3,ME.LOP,2,LO,3,LOP,3
177960197,mixed,mix->FF,mix,FF,2,1,1,647,57,1.641,8553,13.219,LOP,2,2,2,"[ME.LOPL2, ME.LOPL3] -> LOPL2 -> [LOL3, LOP.PLPL3]",ME.LOP,2,ME.LOP,3,LO,3,LOP.PLP,3
175405340,mixed,mix->FF,mix,FF,2,1,1,647,40,1.002,20670,31.947,LOP,2,2,2,"[LO.LOPL3, ME.LOL2] -> LOPL2 -> [LOPL3, ME.LOL3]",LO.LOP,3,ME.LO,2,LOP,3,ME.LO,3
172533946,mixed,mix->FF,mix,FF,2,1,1,647,52,1.305,16013,24.75,LOP,2,2,2,"[LO.LOPL2, LO.LOPL3] -> LOPL2 -> [LOL3, ME.LOL3]",LO.LOP,2,LO.LOP,3,LO,3,ME.LO,3
171323002,mixed,mix->FF,mix,FF,2,1,1,647,11,1.039,13886,21.462,LOP,2,2,2,"[LO.LOPL2, LO.LOPL3] -> LOPL2 -> [LO.MEL3, ME.LOL3]",LO.LOP,2,LO.LOP,3,LO.ME,3,ME.LO,3
170138524,mixed,mix->FF,mix,FF,2,1,1,647,63,1.378,10000,15.456,LOP,2,2,2,"[LOL2, LO.LOPL3] -> LOPL2 -> [LOPL3, ME.LOPL3]",LO,2,LO.LOP,3,LOP,3,ME.LOP,3
169652447,mixed,mix->FF,mix,FF,2,1,1,647,23,1.079,10160,15.703,LOP,2,2,2,"[ME.LOPL2, ME.LOPL3] -> LOPL2 -> [LO.LOPL3, LO.MEL3]",ME.LOP,2,ME.LOP,3,LO.LOP,3,LO.ME,3
169585935,mixed,mix->FF,mix,FF,2,1,1,647,7,1.646,15218,23.521,LOP,2,2,2,"[LO.LOPL3, ME.LOPL2] -> LOPL2 -> [LOP.IPSL3, ME.LOL3]",LO.LOP,3,ME.LOP,2,LOP.IPS,3,ME.LO,3
166874742,mixed,mix->FF,mix,FF,2,1,1,647,35,1.05,7155,11.059,LOP,2,2,2,"[LO.MEL3, ME.LOPL2] -> LOPL2 -> [LOPL3, ME.LOPL3]",LO.ME,3,ME.LOP,2,LOP,3,ME.LOP,3
164948568,mixed,mix->FF,mix,FF,2,1,1,647,51,2.122,7802,12.059,LOP,2,2,2,"[LO.LOPL2, ME.LOPL3] -> LOPL2 -> [LOL3, LOPL3]",LO.LOP,2,ME.LOP,3,LO,3,LOP,3
162633947,mixed,mix->FF,mix,FF,2,1,1,647,72,1.979,13681,21.145,LOP,2,2,2,"[IPS.LOPL2, ME.LOPL3] -> LOPL2 -> [LOPL3, ME.LOL3]",IPS.LOP,2,ME.LOP,3,LOP,3,ME.LO,3
160312071,mixed,mix->FF,mix,FF,2,1,1,647,9,1.093,17404,26.9,LOP,2,2,2,"[MEL3, ME.LOPL2] -> LOPL2 -> [LO.LOPL3, LOP.PLPL3]",ME,3,ME.LOP,2,LO.LOP,3,LOP.PLP,3
156190510,mixed,mix->FF,mix,FF,2,1,1,647,18,1.299,8924,13.793,LOP,2,2,2,"[LOP.LOL2, ME.LOPL3] -> LOPL2 -> [LO.LOPL3, LOPL3]",LOP.LO,2,ME.LOP,3,LO.LOP,3,LOP,3
154880631,mixed,mix->FF,mix,FF,2,1,1,647,24,1.038,6426,9.932,LOP,2,2,2,"[ME.LOPL2, ME.LOPL3] -> LOPL2 -> [LO.MEL3, LOP.PLPL3]",ME.LOP,2,ME.LOP,3,LO.ME,3,LOP.PLP,3
153573367,mixed,mix->FF,mix,FF,2,1,1,647,7,1.657,14044,21.706,LOP,2,2,2,"[LO.LOPL3, LOP.IPSL2] -> LOPL2 -> [LOPL3, ME.LOL3]",LO.LOP,3,LOP.IPS,2,LOP,3,ME.LO,3
151534097,mixed,mix->FF,mix,FF,2,1,1,647,17,1.676,4913,7.594,LOP,2,2,2,"[LO.LOPL2, ME.LOPL3] -> LOPL2 -> [LOP.LOL3, LOP.PLPL3]",LO.LOP,2,ME.LOP,3,LOP.LO,3,LOP.PLP,3
150176753,mixed,mix->FF,mix,FF,2,1,1,647,14,1.179,5955,9.204,LOP,2,2,2,"[LO.LOPL2, LO.LOPL3] -> LOPL2 -> [LOPL3, LOP.PVLPL3]",LO.LOP,2,LO.LOP,3,LOP,3,LOP.PVLP,3
147110425,mixed,mix->FF,mix,FF,2,1,1,647,23,2.211,7348,11.357,LOP,2,2,2,"[LOP.PLPL3, ME.LOPL2] -> LOPL2 -> [LOPL3, ME.LOPL3]",LOP.PLP,3,ME.LOP,2,LOP,3,ME.LOP,3
146360237,mixed,mix->FF,mix,FF,2,1,1,647,12,1.025,14942,23.094,LOP,2,2,2,"[LO.MEL3, ME.LOPL2] -> LOPL2 -> [ME.LOL3, ME.LOPL3]",LO.ME,3,ME.LOP,2,ME.LO,3,ME.LOP,3
145534795,mixed,mix->FF,mix,FF,2,1,1,24835,21,1.792,20861,0.84,ME,2,2,2,"[LOL2, ME.LOL3] -> MEL2 -> [MEL3, ME.PLPL3]",LO,2,ME.LO,3,ME,3,ME.PLP,3
141842383,mixed,mix->FF,mix,FF,2,1,1,647,8,1.673,10016,15.481,LOP,2,2,2,"[LO.LOPL3, ME.LOPL2] -> LOPL2 -> [LOP.PVLPL3, ME.LOPL3]",LO.LOP,3,ME.LOP,2,LOP.PVLP,3,ME.LOP,3
141483452,mixed,mix->FF,mix,FF,2,1,1,647,5,1.235,16625,25.696,LOP,2,2,2,"[LO.LOPL3, LOP.IPSL2] -> LOPL2 -> [ME.LOL3, ME.LOPL3]",LO.LOP,3,LOP.IPS,2,ME.LO,3,ME.LOP,3
140496546,mixed,mix->FF,mix,FF,2,1,1,647,14,1.919,16711,25.828,LOP,2,2,2,"[LO.LOPL3, LOP.LOL2] -> LOPL2 -> [ME.LOL3, ME.LOPL3]",LO.LOP,3,LOP.LO,2,ME.LO,3,ME.LOP,3
140434617,mixed,mix->FF,mix,FF,3,1,0,647,93,3.028,13618,21.048,LOP,2,2,2,"[LOPL1, ME.LOPL3] -> LOPL2 -> [LOPL3, ME.LOL3]",LOP,1,ME.LOP,3,LOP,3,ME.LO,3
136716982,mixed,mix->FF,mix,FF,2,1,1,647,12,2.297,12554,19.403,LOP,2,2,2,"[LOP.PLPL3, ME.LOPL2] -> LOPL2 -> [LOPL3, ME.LOL3]",LOP.PLP,3,ME.LOP,2,LOP,3,ME.LO,3
136555702,mixed,mix->FF,mix,FF,2,1,1,647,12,2.128,8647,13.365,LOP,2,2,2,"[LO.LOPL2, ME.LOPL3] -> LOPL2 -> [LO.LOPL3, LOP.LOL3]",LO.LOP,2,ME.LOP,3,LO.LOP,3,LOP.LO,3
135973045,mixed,mix->FF,mix,FF,2,1,1,647,33,1.069,19234,29.728,LOP,2,2,2,"[LO.LOPL2, MEL3] -> LOPL2 -> [LO.LOPL3, ME.LOPL3]",LO.LOP,2,ME,3,LO.LOP,3,ME.LOP,3
135767317,mixed,mix->FF,mix,FF,3,1,0,647,78,1.599,16623,25.692,LOP,2,2,2,"[LO.LOPL3, LOPL1] -> LOPL2 -> [ME.LOL3, ME.LOPL3]",LO.LOP,3,LOP,1,ME.LO,3,ME.LOP,3
134906182,mixed,mix->FF,mix,FF,2,1,1,647,16,1.029,12361,19.105,LOP,2,2,2,"[LO.MEL3, ME.LOPL2] -> LOPL2 -> [LOPL3, ME.LOL3]",LO.ME,3,ME.LOP,2,LOP,3,ME.LO,3
134225293,mixed,mix->FF,mix,FF,2,1,1,647,10,1.431,38434,59.403,LOP,2,2,2,"[MEL2, ME.LOPL3] -> LOPL2 -> [LOPL3, ME.LOL3]",ME,2,ME.LOP,3,LOP,3,ME.LO,3
133868121,mixed,mix->FF,mix,FF,2,1,1,647,47,1.11,17787,27.491,LOP,2,2,2,"[LOL2, LO.LOPL3] -> LOPL2 -> [ME.LOL3, ME.LOPL3]",LO,2,LO.LOP,3,ME.LO,3,ME.LOP,3
133542825,mixed,mix->FF,mix,FF,2,1,1,647,43,1.285,15206,23.502,LOP,2,2,2,"[LOL2, LO.LOPL3] -> LOPL2 -> [LOPL3, ME.LOL3]",LO,2,LO.LOP,3,LOP,3,ME.LO,3
2616895275586,mixed,mix->mix,mix,mix,1,1,2,2282,11,1.782,34840,15.267,LO,3,2,2,"[MEL2, ME.LOPL3] -> LOL3 -> [LO.LOPL3, ME.LOPL2]",ME,2,ME.LOP,3,LO.LOP,3,ME.LOP,2
2308667966179,mixed,mix->mix,mix,mix,1,1,2,2282,11,1.573,16652,7.297,LO,3,2,2,"[ME.LOL2, ME.LOPL3] -> LOL3 -> [LO.LOPL3, ME.LOPL2]",ME.LO,2,ME.LOP,3,LO.LOP,3,ME.LOP,2
1883750708317,mixed,mix->mix,mix,mix,1,1,2,2282,9,1.966,39222,17.188,LO,3,2,2,"[MEL2, ME.LOPL3] -> LOL3 -> [LO.LOPL3, ME.LOL2]",ME,2,ME.LOP,3,LO.LOP,3,ME.LO,2
1604321829882,mixed,mix->mix,mix,mix,1,1,2,2282,5,1.557,16652,7.297,LO,3,2,2,"[ME.LOPL2, ME.LOPL3] -> LOL3 -> [LO.LOPL3, ME.LOL2]",ME.LOP,2,ME.LOP,3,LO.LOP,3,ME.LO,2
1495256797137,mixed,mix->mix,mix,mix,1,1,2,2282,8,1.851,34840,15.267,LO,3,2,2,"[LO.LOPL3, MEL2] -> LOL3 -> [ME.LOPL2, ME.LOPL3]",LO.LOP,3,ME,2,ME.LOP,2,ME.LOP,3
1302239404851,mixed,mix->mix,mix,mix,1,1,2,2282,8,1.644,16652,7.297,LO,3,2,2,"[LO.LOPL3, ME.LOL2] -> LOL3 -> [ME.LOPL2, ME.LOPL3]",LO.LOP,3,ME.LO,2,ME.LOP,2,ME.LOP,3
1198399617151,mixed,mix->mix,mix,mix,1,1,2,2282,18,1.692,41891,18.357,LO,3,2,2,"[MEL2, MEL3] -> LOL3 -> [LO.LOPL3, ME.LOPL2]",ME,2,ME,3,LO.LOP,3,ME.LOP,2
1112861171214,mixed,mix->mix,mix,mix,1,1,2,2282,6,1.634,33360,14.619,LO,3,2,2,"[MEL2, ME.LOPL3] -> LOL3 -> [LO.LOPL2, LO.LOPL3]",ME,2,ME.LOP,3,LO.LOP,2,LO.LOP,3
1093929750969,mixed,mix->mix,mix,mix,1,1,2,2282,6,1.993,39222,17.188,LO,3,2,2,"[LO.LOPL3, MEL2] -> LOL3 -> [ME.LOL2, ME.LOPL3]",LO.LOP,3,ME,2,ME.LO,2,ME.LOP,3
1080723159264,mixed,mix->mix,mix,mix,1,1,2,2282,4,1.277,10790,4.728,LO,3,2,2,"[ME.LOPL2, ME.LOPL3] -> LOL3 -> [LO.LOPL2, LO.LOPL3]",ME.LOP,2,ME.LOP,3,LO.LOP,2,LO.LOP,3
1073083583918,mixed,mix->mix,mix,mix,1,1,2,2282,18,1.492,23703,10.387,LO,3,2,2,"[MEL3, ME.LOL2] -> LOL3 -> [LO.LOPL3, ME.LOPL2]",ME,3,ME.LO,2,LO.LOP,3,ME.LOP,2
1005532377718,mixed,mix->mix,mix,mix,1,1,2,2282,6,1.443,15172,6.649,LO,3,2,2,"[ME.LOL2, ME.LOPL3] -> LOL3 -> [LO.LOPL2, LO.LOPL3]",ME.LO,2,ME.LOP,3,LO.LOP,2,LO.LOP,3
904056065560,mixed,mix->mix,mix,mix,1,1,2,2282,6,1.626,16652,7.297,LO,3,2,2,"[LO.LOPL3, ME.LOPL2] -> LOL3 -> [ME.LOL2, ME.LOPL3]",LO.LOP,3,ME.LOP,2,ME.LO,2,ME.LOP,3
870855962010,mixed,mix->mix,mix,mix,1,1,2,2282,21,1.867,41467,18.171,LO,3,2,2,"[MEL2, MEL3] -> LOL3 -> [ME.LOPL2, ME.LOPL3]",ME,2,ME,3,ME.LOP,2,ME.LOP,3
846184744141,mixed,mix->mix,mix,mix,1,1,2,2282,18,1.909,46273,20.277,LO,3,2,2,"[MEL2, MEL3] -> LOL3 -> [LO.LOPL3, ME.LOL2]",ME,2,ME,3,LO.LOP,3,ME.LO,2
755971943883,mixed,mix->mix,mix,mix,1,1,2,2282,21,1.661,23279,10.201,LO,3,2,2,"[MEL3, ME.LOL2] -> LOL3 -> [ME.LOPL2, ME.LOPL3]",ME,3,ME.LO,2,ME.LOP,2,ME.LOP,3
746529314787,mixed,mix->mix,mix,mix,1,1,2,2282,8,1.477,23703,10.387,LO,3,2,2,"[MEL3, ME.LOPL2] -> LOL3 -> [LO.LOPL3, ME.LOL2]",ME,3,ME.LOP,2,LO.LOP,3,ME.LO,2
639685878617,mixed,mix->mix,mix,mix,1,1,2,2282,17,1.997,45849,20.092,LO,3,2,2,"[MEL2, MEL3] -> LOL3 -> [ME.LOL2, ME.LOPL3]",ME,2,ME,3,ME.LO,2,ME.LOP,3
629978880311,mixed,mix->mix,mix,mix,1,1,2,2282,6,1.706,33360,14.619,LO,3,2,2,"[LO.LOPL3, MEL2] -> LOL3 -> [LO.LOPL2, ME.LOPL3]",LO.LOP,3,ME,2,LO.LOP,2,ME.LOP,3
598912446439,mixed,mix->mix,mix,mix,1,1,2,2282,6,1.319,10790,4.728,LO,3,2,2,"[LO.LOPL3, ME.LOPL2] -> LOL3 -> [LO.LOPL2, ME.LOPL3]",LO.LOP,3,ME.LOP,2,LO.LOP,2,ME.LOP,3
571364916380,mixed,mix->mix,mix,mix,1,1,2,2282,3,1.17,10790,4.728,LO,3,2,2,"[LO.LOPL2, ME.LOPL3] -> LOL3 -> [LO.LOPL3, ME.LOPL2]",LO.LOP,2,ME.LOP,3,LO.LOP,3,ME.LOP,2
562869116437,mixed,mix->mix,mix,mix,1,1,2,2282,6,1.504,15172,6.649,LO,3,2,2,"[LO.LOPL3, ME.LOL2] -> LOL3 -> [LO.LOPL2, ME.LOPL3]",LO.LOP,3,ME.LO,2,LO.LOP,2,ME.LOP,3
524688681924,mixed,mix->mix,mix,mix,1,1,2,2282,9,1.644,23279,10.201,LO,3,2,2,"[MEL3, ME.LOPL2] -> LOL3 -> [ME.LOL2, ME.LOPL3]",ME,3,ME.LOP,2,ME.LO,2,ME.LOP,3
515154349653,mixed,mix->mix,mix,mix,1,1,2,2282,14,1.548,40411,17.709,LO,3,2,2,"[MEL2, MEL3] -> LOL3 -> [LO.LOPL2, LO.LOPL3]",ME,2,ME,3,LO.LOP,2,LO.LOP,3
512339637281,mixed,mix->mix,mix,mix,1,1,2,2282,7,1.233,17841,7.818,LO,3,2,2,"[MEL3, ME.LOPL2] -> LOL3 -> [LO.LOPL2, LO.LOPL3]",ME,3,ME.LOP,2,LO.LOP,2,LO.LOP,3
471422626997,mixed,mix->mix,mix,mix,1,1,2,2282,13,1.376,22223,9.738,LO,3,2,2,"[MEL3, ME.LOL2] -> LOL3 -> [LO.LOPL2, LO.LOPL3]",ME,3,ME.LO,2,LO.LOP,2,LO.LOP,3
426257632582,mixed,mix->mix,mix,mix,1,1,2,2282,12,1.997,39222,17.188,LO,3,2,2,"[ME.LOL2, ME.LOPL3] -> LOL3 -> [LO.LOPL3, MEL2]",ME.LO,2,ME.LOP,3,LO.LOP,3,ME,2
393714253158,mixed,mix->mix,mix,mix,1,1,2,2282,7,1.916,34840,15.267,LO,3,2,2,"[ME.LOPL2, ME.LOPL3] -> LOL3 -> [LO.LOPL3, MEL2]",ME.LOP,2,ME.LOP,3,LO.LOP,3,ME,2
366046611103,mixed,mix->mix,mix,mix,1,1,2,2282,11,1.724,39987,17.523,LO,3,2,2,"[MEL2, MEL3] -> LOL3 -> [LO.LOPL2, ME.LOPL3]",ME,2,ME,3,LO.LOP,2,ME.LOP,3
360830849620,mixed,mix->mix,mix,mix,1,1,2,2282,3,1.267,15172,6.649,LO,3,2,2,"[LO.LOPL2, ME.LOPL3] -> LOL3 -> [LO.LOPL3, ME.LOL2]",LO.LOP,2,ME.LOP,3,LO.LOP,3,ME.LO,2
346097869730,mixed,mix->mix,mix,mix,1,1,2,2282,8,1.33,17417,7.632,LO,3,2,2,"[MEL3, ME.LOPL2] -> LOL3 -> [LO.LOPL2, ME.LOPL3]",ME,3,ME.LOP,2,LO.LOP,2,ME.LOP,3
326116378903,mixed,mix->mix,mix,mix,1,1,2,2282,11,1.519,21799,9.553,LO,3,2,2,"[MEL3, ME.LOL2] -> LOL3 -> [LO.LOPL2, ME.LOPL3]",ME,3,ME.LO,2,LO.LOP,2,ME.LOP,3
314430268011,mixed,mix->mix,mix,mix,1,1,2,2282,5,1.196,10790,4.728,LO,3,2,2,"[LO.LOPL2, LO.LOPL3] -> LOL3 -> [ME.LOPL2, ME.LOPL3]",LO.LOP,2,LO.LOP,3,ME.LOP,2,ME.LOP,3
272935830908,mixed,mix->mix,mix,mix,1,1,2,2282,4,1.142,17841,7.818,LO,3,2,2,"[LO.LOPL2, MEL3] -> LOL3 -> [LO.LOPL3, ME.LOPL2]",LO.LOP,2,ME,3,LO.LOP,3,ME.LOP,2
250618134332,mixed,mix->mix,mix,mix,1,1,2,2282,8,1.976,39222,17.188,LO,3,2,2,"[LO.LOPL3, ME.LOL2] -> LOL3 -> [MEL2, ME.LOPL3]",LO.LOP,3,ME.LO,2,ME,2,ME.LOP,3
227315923640,mixed,mix->mix,mix,mix,1,1,2,2282,8,1.962,34840,15.267,LO,3,2,2,"[LO.LOPL3, ME.LOPL2] -> LOL3 -> [MEL2, ME.LOPL3]",LO.LOP,3,ME.LOP,2,ME,2,ME.LOP,3
210842646631,mixed,mix->mix,mix,mix,1,1,2,2282,11,1.999,11188,4.903,LO,3,2,2,"[LOL2, ME.LOPL3] -> LOL3 -> [LO.LOPL3, ME.LOPL2]",LO,2,ME.LOP,3,LO.LOP,3,ME.LOP,2
209500690872,mixed,mix->mix,mix,mix,1,1,2,2282,11,1.659,33758,14.793,LO,3,2,2,"[MEL2, ME.LOPL3] -> LOL3 -> [LOL2, LO.LOPL3]",ME,2,ME.LOP,3,LO,2,LO.LOP,3
199838480211,mixed,mix->mix,mix,mix,1,1,2,2282,5,1.307,15172,6.649,LO,3,2,2,"[LO.LOPL2, LO.LOPL3] -> LOL3 -> [ME.LOL2, ME.LOPL3]",LO.LOP,2,LO.LOP,3,ME.LO,2,ME.LOP,3
188587783742,mixed,mix->mix,mix,mix,1,1,2,2282,24,1.995,46273,20.277,LO,3,2,2,"[MEL3, ME.LOL2] -> LOL3 -> [LO.LOPL3, MEL2]",ME,3,ME.LO,2,LO.LOP,3,ME,2
181369715758,mixed,mix->mix,mix,mix,1,1,2,2282,5,1.203,17417,7.632,LO,3,2,2,"[LO.LOPL2, MEL3] -> LOL3 -> [ME.LOPL2, ME.LOPL3]",LO.LOP,2,ME,3,ME.LOP,2,ME.LOP,3
178095381189,mixed,mix->mix,mix,mix,1,1,2,2282,11,1.841,41891,18.357,LO,3,2,2,"[MEL3, ME.LOPL2] -> LOL3 -> [LO.LOPL3, MEL2]",ME,3,ME.LOP,2,LO.LOP,3,ME,2
171177408508,mixed,mix->mix,mix,mix,1,1,2,2282,4,1.224,22223,9.738,LO,3,2,2,"[LO.LOPL2, MEL3] -> LOL3 -> [LO.LOPL3, ME.LOL2]",LO.LOP,2,ME,3,LO.LOP,3,ME.LO,2
164289350004,mixed,mix->mix,mix,mix,1,1,2,2282,9,1.914,15570,6.823,LO,3,2,2,"[LOL2, ME.LOPL3] -> LOL3 -> [LO.LOPL3, ME.LOL2]",LO,2,ME.LOP,3,LO.LOP,3,ME.LO,2
155871917445,mixed,mix->mix,mix,mix,1,1,2,2282,11,1.865,15570,6.823,LO,3,2,2,"[ME.LOL2, ME.LOPL3] -> LOL3 -> [LOL2, LO.LOPL3]",ME.LO,2,ME.LOP,3,LO,2,LO.LOP,3
146994276568,mixed,mix->mix,mix,mix,1,1,2,2282,28,1.968,45849,20.092,LO,3,2,2,"[MEL3, ME.LOL2] -> LOL3 -> [MEL2, ME.LOPL3]",ME,3,ME.LO,2,ME,2,ME.LOP,3
135712384533,mixed,mix->mix,mix,mix,1,1,2,2282,6,1.999,11188,4.903,LO,3,2,2,"[ME.LOPL2, ME.LOPL3] -> LOL3 -> [LOL2, LO.LOPL3]",ME.LOP,2,ME.LOP,3,LO,2,LO.LOP,3
132735263481,mixed,mix->mix,mix,mix,1,1,2,2282,13,1.971,41467,18.171,LO,3,2,2,"[MEL3, ME.LOPL2] -> LOL3 -> [MEL2, ME.LOPL3]",ME,3,ME.LOP,2,ME,2,ME.LOP,3
126891776475,mixed,mix->mix,mix,mix,1,1,2,2282,5,1.588,33758,14.793,LO,3,2,2,"[LO.LOPL3, MEL2] -> LOL3 -> [LOL2, ME.LOPL3]",LO.LOP,3,ME,2,LO,2,ME.LOP,3
123458663330,mixed,mix->mix,mix,mix,1,1,2,2282,8,1.994,11188,4.903,LO,3,2,2,"[LOL2, LO.LOPL3] -> LOL3 -> [ME.LOPL2, ME.LOPL3]",LO,2,LO.LOP,3,ME.LOP,2,ME.LOP,3
120172435631,mixed,mix->mix,mix,mix,1,1,2,2282,21,1.797,40046,17.549,LO,3,2,2,"[MEL2, ME.LOL3] -> LOL3 -> [LO.LOPL3, ME.LOPL2]",ME,2,ME.LO,3,LO.LOP,3,ME.LOP,2
115463157246,mixed,mix->mix,mix,mix,1,1,2,2282,5,1.318,21799,9.553,LO,3,2,2,"[LO.LOPL2, MEL3] -> LOL3 -> [ME.LOL2, ME.LOPL3]",LO.LOP,2,ME,3,ME.LO,2,ME.LOP,3
101257192372,mixed,mix->mix,mix,mix,1,1,2,2282,19,1.569,44428,19.469,LO,3,2,2,"[MEL2, ME.LOL3] -> LOL3 -> [LO.LOPL3, ME.LOL2]",ME,2,ME.LO,3,LO.LOP,3,ME.LO,2
100248273498,mixed,mix->mix,mix,mix,1,1,2,2282,23,1.618,39622,17.363,LO,3,2,2,"[MEL2, ME.LOL3] -> LOL3 -> [ME.LOPL2, ME.LOPL3]",ME,2,ME.LO,3,ME.LOP,2,ME.LOP,3
97812537442,mixed,mix->mix,mix,mix,1,1,2,2282,6,1.854,15570,6.823,LO,3,2,2,"[LOL2, LO.LOPL3] -> LOL3 -> [ME.LOL2, ME.LOPL3]",LO,2,LO.LOP,3,ME.LO,2,ME.LOP,3
93756773377,mixed,mix->mix,mix,mix,1,1,2,2282,18,1.977,18239,7.993,LO,3,2,2,"[LOL2, MEL3] -> LOL3 -> [LO.LOPL3, ME.LOPL2]",LO,2,ME,3,LO.LOP,3,ME.LOP,2
93184840983,mixed,mix->mix,mix,mix,1,1,2,2282,5,1.798,15570,6.823,LO,3,2,2,"[LO.LOPL3, ME.LOL2] -> LOL3 -> [LOL2, ME.LOPL3]",LO.LOP,3,ME.LO,2,LO,2,ME.LOP,3
91837584112,mixed,mix->mix,mix,mix,1,1,2,2282,21,1.964,21858,9.578,LO,3,2,2,"[ME.LOL2, ME.LOL3] -> LOL3 -> [LO.LOPL3, ME.LOPL2]",ME.LO,2,ME.LO,3,LO.LOP,3,ME.LOP,2
89207066241,mixed,mix->mix,mix,mix,1,1,2,2282,21,1.749,40809,17.883,LO,3,2,2,"[MEL2, MEL3] -> LOL3 -> [LOL2, LO.LOPL3]",ME,2,ME,3,LO,2,LO.LOP,3
87162553522,mixed,mix->mix,mix,mix,1,1,2,2282,19,1.415,44004,19.283,LO,3,2,2,"[MEL2, ME.LOL3] -> LOL3 -> [ME.LOL2, ME.LOPL3]",ME,2,ME.LO,3,ME.LO,2,ME.LOP,3
85466952778,mixed,mix->mix,mix,mix,1,1,2,2282,6,1.946,9708,4.254,LO,3,2,2,"[LOL2, ME.LOPL3] -> LOL3 -> [LO.LOPL2, LO.LOPL3]",LO,2,ME.LOP,3,LO.LOP,2,LO.LOP,3
79717137379,mixed,mix->mix,mix,mix,1,1,2,2282,5,1.981,11188,4.903,LO,3,2,2,"[LO.LOPL3, ME.LOPL2] -> LOL3 -> [LOL2, ME.LOPL3]",LO.LOP,3,ME.LOP,2,LO,2,ME.LOP,3
79455473774,mixed,mix->mix,mix,mix,1,1,2,2282,3,1.539,33360,14.619,LO,3,2,2,"[LO.LOPL2, ME.LOPL3] -> LOL3 -> [LO.LOPL3, MEL2]",LO.LOP,2,ME.LOP,3,LO.LOP,3,ME,2
75150831540,mixed,mix->mix,mix,mix,1,1,2,2282,11,1.444,41467,18.171,LO,3,2,2,"[MEL2, ME.LOPL3] -> LOL3 -> [MEL3, ME.LOPL2]",ME,2,ME.LOP,3,ME,3,ME.LOP,2
74952893473,mixed,mix->mix,mix,mix,1,1,2,2282,22,1.571,40385,17.697,LO,3,2,2,"[MEL2, MEL3] -> LOL3 -> [LOL2, ME.LOPL3]",ME,2,ME,3,LO,2,ME.LOP,3
74021637433,mixed,mix->mix,mix,mix,1,1,2,2282,23,1.827,21434,9.393,LO,3,2,2,"[ME.LOL2, ME.LOL3] -> LOL3 -> [ME.LOPL2, ME.LOPL3]",ME.LO,2,ME.LO,3,ME.LOP,2,ME.LOP,3
72339978917,mixed,mix->mix,mix,mix,1,1,2,2282,21,1.99,17815,7.807,LO,3,2,2,"[LOL2, MEL3] -> LOL3 -> [ME.LOPL2, ME.LOPL3]",LO,2,ME,3,ME.LOP,2,ME.LOP,3
71544184377,mixed,mix->mix,mix,mix,1,1,2,2282,19,1.97,22621,9.913,LO,3,2,2,"[LOL2, MEL3] -> LOL3 -> [LO.LOPL3, ME.LOL2]",LO,2,ME,3,LO.LOP,3,ME.LO,2
67519015920,mixed,mix->mix,mix,mix,1,1,2,2282,23,1.935,22621,9.913,LO,3,2,2,"[MEL3, ME.LOL2] -> LOL3 -> [LOL2, LO.LOPL3]",ME,3,ME.LO,2,LO,2,LO.LOP,3
67155079660,mixed,mix->mix,mix,mix,1,1,2,2282,14,1.288,45849,20.092,LO,3,2,2,"[MEL2, ME.LOPL3] -> LOL3 -> [MEL3, ME.LOL2]",ME,2,ME.LOP,3,ME,3,ME.LO,2
65632113159,mixed,mix->mix,mix,mix,1,1,2,2282,10,1.609,39622,17.363,LO,3,2,2,"[MEL2, ME.LOPL3] -> LOL3 -> [ME.LOL3, ME.LOPL2]",ME,2,ME.LOP,3,ME.LO,3,ME.LOP,2
63075467981,mixed,mix->mix,mix,mix,1,1,2,2282,8,1.972,21858,9.578,LO,3,2,2,"[ME.LOL3, ME.LOPL2] -> LOL3 -> [LO.LOPL3, ME.LOL2]",ME.LO,3,ME.LOP,2,LO.LOP,3,ME.LO,2
60113004584,mixed,mix->mix,mix,mix,1,1,2,2282,9,1.992,18239,7.993,LO,3,2,2,"[MEL3, ME.LOPL2] -> LOL3 -> [LOL2, LO.LOPL3]",ME,3,ME.LOP,2,LO,2,LO.LOP,3
57542657860,mixed,mix->mix,mix,mix,1,1,2,2282,17,1.838,22197,9.727,LO,3,2,2,"[LOL2, MEL3] -> LOL3 -> [ME.LOL2, ME.LOPL3]",LO,2,ME,3,ME.LO,2,ME.LOP,3
57151581778,mixed,mix->mix,mix,mix,1,1,2,2282,15,1.407,44004,19.283,LO,3,2,2,"[MEL2, ME.LOPL3] -> LOL3 -> [ME.LOL2, ME.LOL3]",ME,2,ME.LOP,3,ME.LO,2,ME.LO,3
54874008846,mixed,mix->mix,mix,mix,1,1,2,2282,23,1.78,22197,9.727,LO,3,2,2,"[MEL3, ME.LOL2] -> LOL3 -> [LOL2, ME.LOPL3]",ME,3,ME.LO,2,LO,2,ME.LOP,3
53939969631,mixed,mix->mix,mix,mix,1,1,2,2282,12,1.555,33758,14.793,LO,3,2,2,"[LOL2, ME.LOPL3] -> LOL3 -> [LO.LOPL3, MEL2]",LO,2,ME.LOP,3,LO.LOP,3,ME,2
53746491086,mixed,mix->mix,mix,mix,1,1,2,2282,11,1.635,23279,10.201,LO,3,2,2,"[ME.LOL2, ME.LOPL3] -> LOL3 -> [MEL3, ME.LOPL2]",ME.LO,2,ME.LOP,3,ME,3,ME.LOP,2
53283062930,mixed,mix->mix,mix,mix,1,1,2,2282,8,1.536,41891,18.357,LO,3,2,2,"[LO.LOPL3, MEL2] -> LOL3 -> [MEL3, ME.LOPL2]",LO.LOP,3,ME,2,ME,3,ME.LOP,2
50682425983,mixed,mix->mix,mix,mix,1,1,2,2282,9,1.843,21434,9.393,LO,3,2,2,"[ME.LOL3, ME.LOPL2] -> LOL3 -> [ME.LOL2, ME.LOPL3]",ME.LO,3,ME.LOP,2,ME.LO,2,ME.LOP,3
49504276652,mixed,mix->mix,mix,mix,1,1,2,2282,6,1.982,9708,4.254,LO,3,2,2,"[LOL2, LO.LOPL3] -> LOL3 -> [LO.LOPL2, ME.LOPL3]",LO,2,LO.LOP,3,LO.LOP,2,ME.LOP,3
48389749920,mixed,mix->mix,mix,mix,1,1,2,1,1,1.0,3966,3966.0,MB_ML.MB_CA,3,2,2,"[MB_CA.MB_MLL2, MB_CA.MB_MLL3] -> MB_ML.MB_CAL3 -> [MB_CA.MB_VLL2, MB_CA.MB_VLL3]",MB_CA.MB_ML,2,MB_CA.MB_ML,3,MB_CA.MB_VL,2,MB_CA.MB_VL,3
48389749920,mixed,mix->mix,mix,mix,1,1,2,1,1,1.0,3966,3966.0,MB_ML.MB_CA,3,2,2,"[MB_CA.MB_MLL2, MB_CA.MB_VLL3] -> MB_ML.MB_CAL3 -> [MB_CA.MB_MLL3, MB_CA.MB_VLL2]",MB_CA.MB_ML,2,MB_CA.MB_VL,3,MB_CA.MB_ML,3,MB_CA.MB_VL,2
48389749920,mixed,mix->mix,mix,mix,1,1,2,1,1,1.0,3966,3966.0,MB_ML.MB_CA,3,2,2,"[MB_CA.MB_MLL3, MB_CA.MB_VLL2] -> MB_ML.MB_CAL3 -> [MB_CA.MB_MLL2, MB_CA.MB_VLL3]",MB_CA.MB_ML,3,MB_CA.MB_VL,2,MB_CA.MB_ML,2,MB_CA.MB_VL,3
48389749920,mixed,mix->mix,mix,mix,1,1,2,1,1,1.0,3966,3966.0,MB_ML.MB_CA,3,2,2,"[MB_CA.MB_VLL2, MB_CA.MB_VLL3] -> MB_ML.MB_CAL3 -> [MB_CA.MB_MLL2, MB_CA.MB_MLL3]",MB_CA.MB_VL,2,MB_CA.MB_VL,3,MB_CA.MB_ML,2,MB_CA.MB_ML,3
48378440528,mixed,mix->mix,mix,mix,1,1,2,2282,10,1.818,21434,9.393,LO,3,2,2,"[ME.LOL2, ME.LOPL3] -> LOL3 -> [ME.LOL3, ME.LOPL2]",ME.LO,2,ME.LOP,3,ME.LO,3,ME.LOP,2
47219249175,mixed,mix->mix,mix,mix,1,1,2,2282,5,1.716,40046,17.549,LO,3,2,2,"[LO.LOPL3, MEL2] -> LOL3 -> [ME.LOL3, ME.LOPL2]",LO.LOP,3,ME,2,ME.LO,3,ME.LOP,2
46935994977,mixed,mix->mix,mix,mix,1,1,2,2282,9,1.353,46273,20.277,LO,3,2,2,"[LO.LOPL3, MEL2] -> LOL3 -> [MEL3, ME.LOL2]",LO.LOP,3,ME,2,ME,3,ME.LO,2
46745600672,mixed,mix->mix,mix,mix,1,1,2,2282,10,1.974,17815,7.807,LO,3,2,2,"[MEL3, ME.LOPL2] -> LOL3 -> [LOL2, ME.LOPL3]",ME,3,ME.LOP,2,LO,2,ME.LOP,3
46159013363,mixed,mix->mix,mix,mix,1,1,2,2282,15,1.925,38566,16.9,LO,3,2,2,"[MEL2, ME.LOL3] -> LOL3 -> [LO.LOPL2, LO.LOPL3]",ME,2,ME.LO,3,LO.LOP,2,LO.LOP,3
44728160704,mixed,mix->mix,mix,mix,1,1,2,2282,5,1.608,33360,14.619,LO,3,2,2,"[LO.LOPL2, LO.LOPL3] -> LOL3 -> [MEL2, ME.LOPL3]",LO.LOP,2,LO.LOP,3,ME,2,ME.LOP,3
40389119063,mixed,mix->mix,mix,mix,1,1,2,2282,10,1.494,44428,19.469,LO,3,2,2,"[LO.LOPL3, MEL2] -> LOL3 -> [ME.LOL2, ME.LOL3]",LO.LOP,3,ME,2,ME.LO,2,ME.LO,3
38758771162,mixed,mix->mix,mix,mix,1,1,2,2282,8,1.742,23703,10.387,LO,3,2,2,"[LO.LOPL3, ME.LOL2] -> LOL3 -> [MEL3, ME.LOPL2]",LO.LOP,3,ME.LO,2,ME,3,ME.LOP,2
38511868245,mixed,mix->mix,mix,mix,1,1,2,2282,13,1.88,16759,7.344,LO,3,2,2,"[LOL2, MEL3] -> LOL3 -> [LO.LOPL2, LO.LOPL3]",LO,2,ME,3,LO.LOP,2,LO.LOP,3
37602847595,mixed,mix->mix,mix,mix,1,1,2,2282,13,1.766,38142,16.714,LO,3,2,2,"[MEL2, ME.LOL3] -> LOL3 -> [LO.LOPL2, ME.LOPL3]",ME,2,ME.LO,3,LO.LOP,2,ME.LOP,3
37015656878,mixed,mix->mix,mix,mix,1,1,2,2282,4,1.461,40411,17.709,LO,3,2,2,"[LO.LOPL2, MEL3] -> LOL3 -> [LO.LOPL3, MEL2]",LO.LOP,2,ME,3,LO.LOP,3,ME,2
36690916547,mixed,mix->mix,mix,mix,1,1,2,2282,7,1.652,23279,10.201,LO,3,2,2,"[ME.LOPL2, ME.LOPL3] -> LOL3 -> [MEL3, ME.LOL2]",ME.LOP,2,ME.LOP,3,ME,3,ME.LO,2
36377548500,mixed,mix->mix,mix,mix,1,1,2,2282,15,2.0,20378,8.93,LO,3,2,2,"[ME.LOL2, ME.LOL3] -> LOL3 -> [LO.LOPL2, LO.LOPL3]",ME.LO,2,ME.LO,3,LO.LOP,2,LO.LOP,3
35506592053,mixed,mix->mix,mix,mix,1,1,2,2282,5,1.911,21858,9.578,LO,3,2,2,"[LO.LOPL3, ME.LOL2] -> LOL3 -> [ME.LOL3, ME.LOPL2]",LO.LOP,3,ME.LO,2,ME.LO,3,ME.LOP,2
34024543165,mixed,mix->mix,mix,mix,1,1,2,2282,9,1.875,15996,7.01,LO,3,2,2,"[ME.LOL3, ME.LOPL2] -> LOL3 -> [LO.LOPL2, LO.LOPL3]",ME.LO,3,ME.LOP,2,LO.LOP,2,LO.LOP,3
33119437313,mixed,mix->mix,mix,mix,1,1,2,2282,8,1.834,21434,9.393,LO,3,2,2,"[ME.LOPL2, ME.LOPL3] -> LOL3 -> [ME.LOL2, ME.LOL3]",ME.LOP,2,ME.LOP,3,ME.LO,2,ME.LO,3
32859942196,mixed,mix->mix,mix,mix,1,1,2,2282,8,1.49,33758,14.793,LO,3,2,2,"[LOL2, LO.LOPL3] -> LOL3 -> [MEL2, ME.LOPL3]",LO,2,LO.LOP,3,ME,2,ME.LOP,3
28929704146,mixed,mix->mix,mix,mix,1,1,2,2282,11,1.988,16335,7.158,LO,3,2,2,"[LOL2, MEL3] -> LOL3 -> [LO.LOPL2, ME.LOPL3]",LO,2,ME,3,LO.LOP,2,ME.LOP,3
28556954685,mixed,mix->mix,mix,mix,1,1,2,2282,13,1.946,19954,8.744,LO,3,2,2,"[ME.LOL2, ME.LOL3] -> LOL3 -> [LO.LOPL2, ME.LOPL3]",ME.LO,2,ME.LO,3,LO.LOP,2,ME.LOP,3
27841421405,mixed,mix->mix,mix,mix,1,1,2,2282,18,1.698,46673,20.453,LO,3,2,2,"[MEL2, MEL3] -> LOL3 -> [ME.LOL3, ME.LOPL2]",ME,2,ME,3,ME.LO,3,ME.LOP,2
27580803902,mixed,mix->mix,mix,mix,1,1,2,2282,8,1.574,39987,17.523,LO,3,2,2,"[MEL2, ME.LOPL3] -> LOL3 -> [LO.LOPL2, MEL3]",ME,2,ME.LOP,3,LO.LOP,2,ME,3
26501458244,mixed,mix->mix,mix,mix,1,1,2,2282,6,1.76,23703,10.387,LO,3,2,2,"[LO.LOPL3, ME.LOPL2] -> LOL3 -> [MEL3, ME.LOL2]",LO.LOP,3,ME.LOP,2,ME,3,ME.LO,2
25952149956,mixed,mix->mix,mix,mix,1,1,2,2282,5,1.625,39987,17.523,LO,3,2,2,"[LO.LOPL2, MEL3] -> LOL3 -> [MEL2, ME.LOPL3]",LO.LOP,2,ME,3,ME,2,ME.LOP,3
25533854495,mixed,mix->mix,mix,mix,1,1,2,2282,10,1.987,15572,6.824,LO,3,2,2,"[ME.LOL3, ME.LOPL2] -> LOL3 -> [LO.LOPL2, ME.LOPL3]",ME.LO,3,ME.LOP,2,LO.LOP,2,ME.LOP,3
25498866282,mixed,mix->mix,mix,mix,1,1,2,2282,25,1.423,44428,19.469,LO,3,2,2,"[ME.LOL2, ME.LOL3] -> LOL3 -> [LO.LOPL3, MEL2]",ME.LO,2,ME.LO,3,LO.LOP,3,ME,2
25116487824,mixed,mix->mix,mix,mix,1,1,2,2282,3,1.771,9708,4.254,LO,3,2,2,"[LO.LOPL2, ME.LOPL3] -> LOL3 -> [LOL2, LO.LOPL3]",LO.LOP,2,ME.LOP,3,LO,2,LO.LOP,3
24589429964,mixed,mix->mix,mix,mix,1,1,2,2282,6,1.757,38142,16.714,LO,3,2,2,"[MEL2, ME.LOPL3] -> LOL3 -> [LO.LOPL2, ME.LOL3]",ME,2,ME.LOP,3,LO.LOP,2,ME.LO,3
24351452031,mixed,mix->mix,mix,mix,1,1,2,2282,6,1.924,21858,9.578,LO,3,2,2,"[LO.LOPL3, ME.LOPL2] -> LOL3 -> [ME.LOL2, ME.LOL3]",LO.LOP,3,ME.LOP,2,ME.LO,2,ME.LO,3
24047244160,mixed,mix->mix,mix,mix,1,1,2,2282,230,1.499,51055,22.373,LO,3,2,2,"[MEL2, MEL3] -> LOL3 -> [ME.LOL2, ME.LOL3]",ME,2,ME,3,ME.LO,2,ME.LO,3
23808375360,mixed,mix->mix,mix,mix,1,1,2,1,1,1.0,3827,3827.0,MB_ML.MB_CA,3,2,2,"[MB_CA.MB_MLL2, MB_CA.MB_PEDL3] -> MB_ML.MB_CAL3 -> [MB_CA.MB_MLL3, MB_CA.MB_VLL2]",MB_CA.MB_ML,2,MB_CA.MB_PED,3,MB_CA.MB_ML,3,MB_CA.MB_VL,2
23808375360,mixed,mix->mix,mix,mix,1,1,2,1,1,1.0,3827,3827.0,MB_ML.MB_CA,3,2,2,"[MB_CA.MB_PEDL3, MB_CA.MB_VLL2] -> MB_ML.MB_CAL3 -> [MB_CA.MB_MLL2, MB_CA.MB_MLL3]",MB_CA.MB_PED,3,MB_CA.MB_VL,2,MB_CA.MB_ML,2,MB_CA.MB_ML,3
23653775520,mixed,mix->mix,mix,mix,1,1,2,1,1,1.0,3827,3827.0,MB_ML.MB_CA,3,2,2,"[MB_CA.MB_MLL2, MB_CA.MB_MLL3] -> MB_ML.MB_CAL3 -> [MB_CA.MB_PEDL3, MB_CA.MB_VLL2]",MB_CA.MB_ML,2,MB_CA.MB_ML,3,MB_CA.MB_PED,3,MB_CA.MB_VL,2
23653775520,mixed,mix->mix,mix,mix,1,1,2,1,1,1.0,3827,3827.0,MB_ML.MB_CA,3,2,2,"[MB_CA.MB_MLL3, MB_CA.MB_VLL2] -> MB_ML.MB_CAL3 -> [MB_CA.MB_MLL2, MB_CA.MB_PEDL3]",MB_CA.MB_ML,3,MB_CA.MB_VL,2,MB_CA.MB_ML,2,MB_CA.MB_PED,3
22790762914,mixed,mix->mix,mix,mix,1,1,2,2282,24,1.641,40809,17.883,LO,3,2,2,"[LOL2, MEL3] -> LOL3 -> [LO.LOPL3, MEL2]",LO,2,ME,3,LO.LOP,3,ME,2
22352956402,mixed,mix->mix,mix,mix,1,1,2,2282,29,1.302,44004,19.283,LO,3,2,2,"[ME.LOL2, ME.LOL3] -> LOL3 -> [MEL2, ME.LOPL3]",ME.LO,2,ME.LO,3,ME,2,ME.LOP,3
20864642682,mixed,mix->mix,mix,mix,1,1,2,2282,18,1.897,28485,12.482,LO,3,2,2,"[MEL3, ME.LOL2] -> LOL3 -> [ME.LOL3, ME.LOPL2]",ME,3,ME.LO,2,ME.LO,3,ME.LOP,2
20202863600,mixed,mix->mix,mix,mix,1,1,2,2282,8,1.783,21799,9.553,LO,3,2,2,"[ME.LOL2, ME.LOPL3] -> LOL3 -> [LO.LOPL2, MEL3]",ME.LO,2,ME.LOP,3,LO.LOP,2,ME,3
20054456887,mixed,mix->mix,mix,mix,1,1,2,2282,12,1.647,40046,17.549,LO,3,2,2,"[ME.LOL3, ME.LOPL2] -> LOL3 -> [LO.LOPL3, MEL2]",ME.LO,3,ME.LOP,2,LO.LOP,3,ME,2
19782497003,mixed,mix->mix,mix,mix,1,1,2,2282,7,1.68,40411,17.709,LO,3,2,2,"[LO.LOPL3, MEL2] -> LOL3 -> [LO.LOPL2, MEL3]",LO.LOP,3,ME,2,LO.LOP,2,ME,3
19435902939,mixed,mix->mix,mix,mix,1,1,2,2282,28,1.475,40385,17.697,LO,3,2,2,"[LOL2, MEL3] -> LOL3 -> [MEL2, ME.LOPL3]",LO,2,ME,3,ME,2,ME.LOP,3
18638626468,mixed,mix->mix,mix,mix,1,1,2,2282,6,1.94,19954,8.744,LO,3,2,2,"[ME.LOL2, ME.LOPL3] -> LOL3 -> [LO.LOPL2, ME.LOL3]",ME.LO,2,ME.LOP,3,LO.LOP,2,ME.LO,3
17935272039,mixed,mix->mix,mix,mix,1,1,2,2282,4,1.859,38566,16.9,LO,3,2,2,"[LO.LOPL3, MEL2] -> LOL3 -> [LO.LOPL2, ME.LOL3]",LO.LOP,3,ME,2,LO.LOP,2,ME.LO,3
17485254306,mixed,mix->mix,mix,mix,1,1,2,2282,18,1.207,45849,20.092,LO,3,2,2,"[ME.LOL2, ME.LOPL3] -> LOL3 -> [MEL2, MEL3]",ME.LO,2,ME.LOP,3,ME,2,ME,3
17222687708,mixed,mix->mix,mix,mix,1,1,2,2282,5,1.975,17417,7.632,LO,3,2,2,"[ME.LOPL2, ME.LOPL3] -> LOL3 -> [LO.LOPL2, MEL3]",ME.LOP,2,ME.LOP,3,LO.LOP,2,ME,3
17090055342,mixed,mix->mix,mix,mix,1,1,2,2282,14,1.479,39622,17.363,LO,3,2,2,"[ME.LOL3, ME.LOPL2] -> LOL3 -> [MEL2, ME.LOPL3]",ME.LO,3,ME.LOP,2,ME,2,ME.LOP,3
16625321388,mixed,mix->mix,mix,mix,1,1,2,2282,4,1.99,15572,6.824,LO,3,2,2,"[ME.LOPL2, ME.LOPL3] -> LOL3 -> [LO.LOPL2, ME.LOL3]",ME.LOP,2,ME.LOP,3,LO.LOP,2,ME.LO,3
16136325832,mixed,mix->mix,mix,mix,1,1,2,2282,4,1.633,15996,7.01,LO,3,2,2,"[LO.LOPL2, ME.LOL3] -> LOL3 -> [LO.LOPL3, ME.LOPL2]",LO.LOP,2,ME.LO,3,LO.LOP,3,ME.LOP,2
15650620846,mixed,mix->mix,mix,mix,1,1,2,2282,25,1.179,38964,17.074,LO,3,2,2,"[MEL2, ME.LOL3] -> LOL3 -> [LOL2, LO.LOPL3]",ME,2,ME.LO,3,LO,2,LO.LOP,3
14774439155,mixed,mix->mix,mix,mix,1,1,2,2282,6,1.882,22223,9.738,LO,3,2,2,"[LO.LOPL3, ME.LOL2] -> LOL3 -> [LO.LOPL2, MEL3]",LO.LOP,3,ME.LO,2,LO.LOP,2,ME,3
14669141500,mixed,mix->mix,mix,mix,1,1,2,2282,16,1.296,44004,19.283,LO,3,2,2,"[ME.LOL2, ME.LOPL3] -> LOL3 -> [MEL2, ME.LOL3]",ME.LO,2,ME.LOP,3,ME,2,ME.LO,3
14340280719,mixed,mix->mix,mix,mix,1,1,2,2282,4,1.84,9708,4.254,LO,3,2,2,"[LO.LOPL2, LO.LOPL3] -> LOL3 -> [LOL2, ME.LOPL3]",LO.LOP,2,LO.LOP,3,LO,2,ME.LOP,3
14305198740,mixed,mix->mix,mix,mix,1,1,2,2282,14,1.911,28485,12.482,LO,3,2,2,"[MEL3, ME.LOPL2] -> LOL3 -> [ME.LOL2, ME.LOL3]",ME,3,ME.LOP,2,ME.LO,2,ME.LO,3
14156636959,mixed,mix->mix,mix,mix,1,1,2,2282,25,1.125,38540,16.889,LO,3,2,2,"[MEL2, ME.LOL3] -> LOL3 -> [LOL2, ME.LOPL3]",ME,2,ME.LO,3,LO,2,ME.LOP,3
13893685179,mixed,mix->mix,mix,mix,1,1,2,2282,4,1.99,20378,8.93,LO,3,2,2,"[LO.LOPL3, ME.LOL2] -> LOL3 -> [LO.LOPL2, ME.LOL3]",LO.LOP,3,ME.LO,2,LO.LOP,2,ME.LO,3
13054316002,mixed,mix->mix,mix,mix,1,1,2,2282,8,1.335,41467,18.171,LO,3,2,2,"[ME.LOPL2, ME.LOPL3] -> LOL3 -> [MEL2, MEL3]",ME.LOP,2,ME.LOP,3,ME,2,ME,3
12928276875,mixed,mix->mix,mix,mix,1,1,2,2282,6,2.0,17841,7.818,LO,3,2,2,"[LO.LOPL3, ME.LOPL2] -> LOL3 -> [LO.LOPL2, MEL3]",LO.LOP,3,ME.LOP,2,LO.LOP,2,ME,3
12732033737,mixed,mix->mix,mix,mix,1,1,2,2282,4,1.938,15996,7.01,LO,3,2,2,"[LO.LOPL3, ME.LOPL2] -> LOL3 -> [LO.LOPL2, ME.LOL3]",LO.LOP,3,ME.LOP,2,LO.LOP,2,ME.LO,3
12187851554,mixed,mix->mix,mix,mix,1,1,2,2282,21,1.468,16394,7.184,LO,3,2,2,"[LOL2, ME.LOL3] -> LOL3 -> [LO.LOPL3, ME.LOPL2]",LO,2,ME.LO,3,LO.LOP,3,ME.LOP,2
12125037904,mixed,mix->mix,mix,mix,1,1,2,2282,11,1.255,46273,20.277,LO,3,2,2,"[LO.LOPL3, ME.LOL2] -> LOL3 -> [MEL2, MEL3]",LO.LOP,3,ME.LO,2,ME,2,ME,3
11791173240,mixed,mix->mix,mix,mix,1,1,2,1,1,1.0,2291,2291.0,MB_ML.MB_CA,3,2,2,"[MB_CA.MB_MLL2, MB_CA.MB_PEDL3] -> MB_ML.MB_CAL3 -> [MB_CA.MB_VLL2, MB_CA.MB_VLL3]",MB_CA.MB_ML,2,MB_CA.MB_PED,3,MB_CA.MB_VL,2,MB_CA.MB_VL,3
11791173240,mixed,mix->mix,mix,mix,1,1,2,1,1,1.0,2291,2291.0,MB_ML.MB_CA,3,2,2,"[MB_CA.MB_PEDL3, MB_CA.MB_VLL2] -> MB_ML.MB_CAL3 -> [MB_CA.MB_MLL2, MB_CA.MB_VLL3]",MB_CA.MB_PED,3,MB_CA.MB_VL,2,MB_CA.MB_ML,2,MB_CA.MB_VL,3
11714607180,mixed,mix->mix,mix,mix,1,1,2,1,1,1.0,2291,2291.0,MB_ML.MB_CA,3,2,2,"[MB_CA.MB_MLL2, MB_CA.MB_VLL3] -> MB_ML.MB_CAL3 -> [MB_CA.MB_PEDL3, MB_CA.MB_VLL2]",MB_CA.MB_ML,2,MB_CA.MB_VL,3,MB_CA.MB_PED,3,MB_CA.MB_VL,2
11714607180,mixed,mix->mix,mix,mix,1,1,2,1,1,1.0,2291,2291.0,MB_ML.MB_CA,3,2,2,"[MB_CA.MB_VLL2, MB_CA.MB_VLL3] -> MB_ML.MB_CAL3 -> [MB_CA.MB_MLL2, MB_CA.MB_PEDL3]",MB_CA.MB_VL,2,MB_CA.MB_VL,3,MB_CA.MB_ML,2,MB_CA.MB_PED,3
11616264109,mixed,mix->mix,mix,mix,1,1,2,2282,5,1.811,15572,6.824,LO,3,2,2,"[LO.LOPL2, ME.LOL3] -> LOL3 -> [ME.LOPL2, ME.LOPL3]",LO.LOP,2,ME.LO,3,ME.LOP,2,ME.LOP,3
11512258134,mixed,mix->mix,mix,mix,1,1,2,2282,3,1.681,16759,7.344,LO,3,2,2,"[LO.LOPL2, MEL3] -> LOL3 -> [LOL2, LO.LOPL3]",LO.LOP,2,ME,3,LO,2,LO.LOP,3
11353737488,mixed,mix->mix,mix,mix,1,1,2,2282,23,1.085,40385,17.697,LO,3,2,2,"[MEL2, ME.LOPL3] -> LOL3 -> [LOL2, MEL3]",ME,2,ME.LOP,3,LO,2,ME,3
11254485832,mixed,mix->mix,mix,mix,1,1,2,2282,4,1.859,20378,8.93,LO,3,2,2,"[LO.LOPL2, ME.LOL3] -> LOL3 -> [LO.LOPL3, ME.LOL2]",LO.LOP,2,ME.LO,3,LO.LOP,3,ME.LO,2
11200396470,mixed,mix->mix,mix,mix,1,1,2,2282,7,1.471,39622,17.363,LO,3,2,2,"[ME.LOPL2, ME.LOPL3] -> LOL3 -> [MEL2, ME.LOL3]",ME.LOP,2,ME.LOP,3,ME,2,ME.LO,3
10850406114,mixed,mix->mix,mix,mix,1,1,2,2282,22,1.304,20776,9.104,LO,3,2,2,"[LOL2, ME.LOL3] -> LOL3 -> [LO.LOPL3, ME.LOL2]",LO,2,ME.LO,3,LO.LOP,3,ME.LO,2
10667388960,mixed,mix->mix,mix,mix,1,1,2,1,1,1.0,3676,3676.0,MB_ML.MB_CA,3,2,2,"[MB_CA.CREL3, MB_CA.MB_MLL2] -> MB_ML.MB_CAL3 -> [MB_CA.MB_MLL3, MB_CA.MB_VLL2]",MB_CA.CRE,3,MB_CA.MB_ML,2,MB_CA.MB_ML,3,MB_CA.MB_VL,2
10667388960,mixed,mix->mix,mix,mix,1,1,2,1,1,1.0,3676,3676.0,MB_ML.MB_CA,3,2,2,"[MB_CA.CREL3, MB_CA.MB_VLL2] -> MB_ML.MB_CAL3 -> [MB_CA.MB_MLL2, MB_CA.MB_MLL3]",MB_CA.CRE,3,MB_CA.MB_VL,2,MB_CA.MB_ML,2,MB_CA.MB_ML,3
10667388960,mixed,mix->mix,mix,mix,1,1,2,1,1,1.0,3676,3676.0,MB_ML.MB_CA,3,2,2,"[MB_CA.MB_MLL2, MB_CA.MB_MLL3] -> MB_ML.MB_CAL3 -> [MB_CA.CREL3, MB_CA.MB_VLL2]",MB_CA.MB_ML,2,MB_CA.MB_ML,3,MB_CA.CRE,3,MB_CA.MB_VL,2
10667388960,mixed,mix->mix,mix,mix,1,1,2,1,1,1.0,3676,3676.0,MB_ML.MB_CA,3,2,2,"[MB_CA.MB_MLL3, MB_CA.MB_VLL2] -> MB_ML.MB_CAL3 -> [MB_CA.CREL3, MB_CA.MB_MLL2]",MB_CA.MB_ML,3,MB_CA.MB_VL,2,MB_CA.CRE,3,MB_CA.MB_ML,2
10624728096,mixed,mix->mix,mix,mix,1,1,2,2282,23,1.336,15970,6.998,LO,3,2,2,"[LOL2, ME.LOL3] -> LOL3 -> [ME.LOPL2, ME.LOPL3]",LO,2,ME.LO,3,ME.LOP,2,ME.LOP,3
10616669802,mixed,mix->mix,mix,mix,1,1,2,2282,29,1.271,20776,9.104,LO,3,2,2,"[ME.LOL2, ME.LOL3] -> LOL3 -> [LOL2, LO.LOPL3]",ME.LO,2,ME.LO,3,LO,2,LO.LOP,3
10550312498,mixed,mix->mix,mix,mix,1,1,2,2282,15,1.843,45193,19.804,LO,3,2,2,"[MEL2, MEL3] -> LOL3 -> [LO.LOPL2, ME.LOL3]",ME,2,ME,3,LO.LOP,2,ME.LO,3
10261087762,mixed,mix->mix,mix,mix,1,1,2,2282,10,1.363,44428,19.469,LO,3,2,2,"[LO.LOPL3, ME.LOL2] -> LOL3 -> [MEL2, ME.LOL3]",LO.LOP,3,ME.LO,2,ME,2,ME.LO,3
9655057113,mixed,mix->mix,mix,mix,1,1,2,2282,18,1.214,20352,8.918,LO,3,2,2,"[LOL2, ME.LOL3] -> LOL3 -> [ME.LOL2, ME.LOPL3]",LO,2,ME.LO,3,ME.LO,2,ME.LOP,3
9487851472,mixed,mix->mix,mix,mix,1,1,2,2282,26,1.19,20352,8.918,LO,3,2,2,"[ME.LOL2, ME.LOL3] -> LOL3 -> [LOL2, ME.LOPL3]",ME.LO,2,ME.LO,3,LO,2,ME.LOP,3
9303568995,mixed,mix->mix,mix,mix,1,1,2,2282,19,1.123,38540,16.889,LO,3,2,2,"[MEL2, ME.LOPL3] -> LOL3 -> [LOL2, ME.LOL3]",ME,2,ME.LOP,3,LO,2,ME.LO,3
9164964657,mixed,mix->mix,mix,mix,1,1,2,2282,8,1.41,41891,18.357,LO,3,2,2,"[LO.LOPL3, ME.LOPL2] -> LOL3 -> [MEL2, MEL3]",LO.LOP,3,ME.LOP,2,ME,2,ME,3
8417845285,mixed,mix->mix,mix,mix,1,1,2,2282,5,1.98,19954,8.744,LO,3,2,2,"[LO.LOPL2, ME.LOL3] -> LOL3 -> [ME.LOL2, ME.LOPL3]",LO.LOP,2,ME.LO,3,ME.LO,2,ME.LOP,3
8350360198,mixed,mix->mix,mix,mix,1,1,2,2282,4,1.856,16335,7.158,LO,3,2,2,"[LO.LOPL2, MEL3] -> LOL3 -> [LOL2, ME.LOPL3]",LO.LOP,2,ME,3,LO,2,ME.LOP,3
8272833688,mixed,mix->mix,mix,mix,1,1,2,2282,11,1.231,17815,7.807,LO,3,2,2,"[LOL2, ME.LOPL3] -> LOL3 -> [MEL3, ME.LOPL2]",LO,2,ME.LOP,3,ME,3,ME.LOP,2
8244179616,mixed,mix->mix,mix,mix,1,1,2,1,1,1.0,3597,3597.0,MB_ML.MB_CA,3,2,2,"[MB_CA.MB_MLL2, MB_CA.MB_MLL3] -> MB_ML.MB_CAL3 -> [MB_CA.MB_PEDL2, MB_CA.MB_VLL3]",MB_CA.MB_ML,2,MB_CA.MB_ML,3,MB_CA.MB_PED,2,MB_CA.MB_VL,3
8244179616,mixed,mix->mix,mix,mix,1,1,2,1,1,1.0,3597,3597.0,MB_ML.MB_CA,3,2,2,"[MB_CA.MB_MLL2, MB_CA.MB_VLL3] -> MB_ML.MB_CAL3 -> [MB_CA.MB_MLL3, MB_CA.MB_PEDL2]",MB_CA.MB_ML,2,MB_CA.MB_VL,3,MB_CA.MB_ML,3,MB_CA.MB_PED,2
8244179616,mixed,mix->mix,mix,mix,1,1,2,1,1,1.0,3597,3597.0,MB_ML.MB_CA,3,2,2,"[MB_CA.MB_MLL3, MB_CA.MB_PEDL2] -> MB_ML.MB_CAL3 -> [MB_CA.MB_MLL2, MB_CA.MB_VLL3]",MB_CA.MB_ML,3,MB_CA.MB_PED,2,MB_CA.MB_ML,2,MB_CA.MB_VL,3
8244179616,mixed,mix->mix,mix,mix,1,1,2,1,1,1.0,3597,3597.0,MB_ML.MB_CA,3,2,2,"[MB_CA.MB_PEDL2, MB_CA.MB_VLL3] -> MB_ML.MB_CAL3 -> [MB_CA.MB_MLL2, MB_CA.MB_MLL3]",MB_CA.MB_PED,2,MB_CA.MB_VL,3,MB_CA.MB_ML,2,MB_CA.MB_ML,3
8143103368,mixed,mix->mix,mix,mix,1,1,2,2282,14,1.985,27005,11.834,LO,3,2,2,"[MEL3, ME.LOL2] -> LOL3 -> [LO.LOPL2, ME.LOL3]",ME,3,ME.LO,2,LO.LOP,2,ME.LO,3
8055403151,mixed,mix->mix,mix,mix,1,1,2,2282,11,1.433,16394,7.184,LO,3,2,2,"[ME.LOL3, ME.LOPL2] -> LOL3 -> [LOL2, LO.LOPL3]",ME.LO,3,ME.LOP,2,LO,2,LO.LOP,3
7960621594,mixed,mix->mix,mix,mix,1,1,2,2282,5,1.567,40046,17.549,LO,3,2,2,"[LO.LOPL3, ME.LOPL2] -> LOL3 -> [MEL2, ME.LOL3]",LO.LOP,3,ME.LOP,2,ME,2,ME.LO,3
7772857351,mixed,mix->mix,mix,mix,1,1,2,2282,11,1.105,40809,17.883,LO,3,2,2,"[LO.LOPL3, MEL2] -> LOL3 -> [LOL2, MEL3]",LO.LOP,3,ME,2,LO,2,ME,3
7644338793,mixed,mix->mix,mix,mix,1,1,2,2282,14,1.146,22197,9.727,LO,3,2,2,"[LOL2, ME.LOPL3] -> LOL3 -> [MEL3, ME.LOL2]",LO,2,ME.LOP,3,ME,3,ME.LO,2
7545817028,mixed,mix->mix,mix,mix,1,1,2,2282,3,1.821,15572,6.824,LO,3,2,2,"[LO.LOPL2, ME.LOPL3] -> LOL3 -> [ME.LOL3, ME.LOPL2]",LO.LOP,2,ME.LOP,3,ME.LO,3,ME.LOP,2
7537729416,mixed,mix->mix,mix,mix,1,1,2,2282,23,1.129,22197,9.727,LO,3,2,2,"[ME.LOL2, ME.LOPL3] -> LOL3 -> [LOL2, MEL3]",ME.LO,2,ME.LOP,3,LO,2,ME,3
7536393362,mixed,mix->mix,mix,mix,1,1,2,52,2,1.0,3547,68.212,MB_ML,3,2,2,"[MB_CA.MB_MLL3, MB_MLL2] -> MB_MLL3 -> [MB_CA.MB_MLL2, MB_CA.MB_PEDL3]",MB_CA.MB_ML,3,MB_ML,2,MB_CA.MB_ML,2,MB_CA.MB_PED,3
7536393360,mixed,mix->mix,mix,mix,1,1,2,52,1,1.0,3547,68.212,MB_ML,3,2,2,"[MB_CA.MB_PEDL3, MB_MLL2] -> MB_MLL3 -> [MB_CA.MB_MLL2, MB_CA.MB_MLL3]",MB_CA.MB_PED,3,MB_ML,2,MB_CA.MB_ML,2,MB_CA.MB_ML,3
7465967956,mixed,mix->mix,mix,mix,1,1,2,2282,3,1.963,17417,7.632,LO,3,2,2,"[LO.LOPL2, ME.LOPL3] -> LOL3 -> [MEL3, ME.LOPL2]",LO.LOP,2,ME.LOP,3,ME,3,ME.LOP,2
7429211205,mixed,mix->mix,mix,mix,1,1,2,2282,8,1.949,22623,9.914,LO,3,2,2,"[MEL3, ME.LOPL2] -> LOL3 -> [LO.LOPL2, ME.LOL3]",ME,3,ME.LOP,2,LO.LOP,2,ME.LO,3
7354793520,mixed,mix->mix,mix,mix,1,1,2,52,1,1.0,3547,68.212,MB_ML,3,2,2,"[MB_CA.MB_MLL2, MB_CA.MB_MLL3] -> MB_MLL3 -> [MB_CA.MB_PEDL3, MB_MLL2]",MB_CA.MB_ML,2,MB_CA.MB_ML,3,MB_CA.MB_PED,3,MB_ML,2
7354793520,mixed,mix->mix,mix,mix,1,1,2,52,1,1.0,3547,68.212,MB_ML,3,2,2,"[MB_CA.MB_MLL2, MB_CA.MB_PEDL3] -> MB_MLL3 -> [MB_CA.MB_MLL3, MB_MLL2]",MB_CA.MB_ML,2,MB_CA.MB_PED,3,MB_CA.MB_ML,3,MB_ML,2
7168851840,mixed,mix->mix,mix,mix,1,1,2,1,1,1.0,3686,3686.0,MB_ML.MB_CA,3,2,2,"[MB_CA.MB_MLL3, MB_MLL2] -> MB_ML.MB_CAL3 -> [MB_CA.MB_MLL2, MB_CA.MB_VLL3]",MB_CA.MB_ML,3,MB_ML,2,MB_CA.MB_ML,2,MB_CA.MB_VL,3
7168851840,mixed,mix->mix,mix,mix,1,1,2,1,1,1.0,3686,3686.0,MB_ML.MB_CA,3,2,2,"[MB_CA.MB_VLL3, MB_MLL2] -> MB_ML.MB_CAL3 -> [MB_CA.MB_MLL2, MB_CA.MB_MLL3]",MB_CA.MB_VL,3,MB_ML,2,MB_CA.MB_ML,2,MB_CA.MB_ML,3
7052789002,mixed,mix->mix,mix,mix,1,1,2,2282,12,1.309,15970,6.998,LO,3,2,2,"[ME.LOL3, ME.LOPL2] -> LOL3 -> [LOL2, ME.LOPL3]",ME.LO,3,ME.LOP,2,LO,2,ME.LOP,3
6970630050,mixed,mix->mix,mix,mix,1,1,2,2282,10,1.33,15970,6.998,LO,3,2,2,"[LOL2, ME.LOPL3] -> LOL3 -> [ME.LOL3, ME.LOPL2]",LO,2,ME.LOP,3,ME.LO,3,ME.LOP,2
6956992800,mixed,mix->mix,mix,mix,1,1,2,1,1,1.0,3621,3621.0,MB_ML.MB_CA,3,2,2,"[MB_CA.MB_MLL2, PLP.CREL3] -> MB_ML.MB_CAL3 -> [MB_CA.MB_MLL3, MB_CA.MB_VLL2]",MB_CA.MB_ML,2,PLP.CRE,3,MB_CA.MB_ML,3,MB_CA.MB_VL,2
6956992800,mixed,mix->mix,mix,mix,1,1,2,1,1,1.0,3621,3621.0,MB_ML.MB_CA,3,2,2,"[MB_CA.MB_VLL2, PLP.CREL3] -> MB_ML.MB_CAL3 -> [MB_CA.MB_MLL2, MB_CA.MB_MLL3]",MB_CA.MB_VL,2,PLP.CRE,3,MB_CA.MB_ML,2,MB_CA.MB_ML,3
6929890112,mixed,mix->mix,mix,mix,1,1,2,1,1,1.0,3686,3686.0,MB_ML.MB_CA,3,2,2,"[MB_CA.MB_MLL2, MB_CA.MB_MLL3] -> MB_ML.MB_CAL3 -> [MB_CA.MB_VLL3, MB_MLL2]",MB_CA.MB_ML,2,MB_CA.MB_ML,3,MB_CA.MB_VL,3,MB_ML,2
6929890112,mixed,mix->mix,mix,mix,1,1,2,1,1,1.0,3686,3686.0,MB_ML.MB_CA,3,2,2,"[MB_CA.MB_MLL2, MB_CA.MB_VLL3] -> MB_ML.MB_CAL3 -> [MB_CA.MB_MLL3, MB_MLL2]",MB_CA.MB_ML,2,MB_CA.MB_VL,3,MB_CA.MB_ML,3,MB_ML,2
6537594240,mixed,mix->mix,mix,mix,1,1,2,52,1,1.0,3525,67.788,MB_ML,3,2,2,"[AL.MB_CAL2, MB_CA.MB_MLL3] -> MB_MLL3 -> [MB_CA.MB_MLL2, MB_CA.MB_PEDL3]",AL.MB_CA,2,MB_CA.MB_ML,3,MB_CA.MB_ML,2,MB_CA.MB_PED,3
6537594240,mixed,mix->mix,mix,mix,1,1,2,52,1,1.0,3525,67.788,MB_ML,3,2,2,"[AL.MB_CAL2, MB_CA.MB_PEDL3] -> MB_MLL3 -> [MB_CA.MB_MLL2, MB_CA.MB_MLL3]",AL.MB_CA,2,MB_CA.MB_PED,3,MB_CA.MB_ML,2,MB_CA.MB_ML,3
6493193280,mixed,mix->mix,mix,mix,1,1,2,1,1,1.0,3621,3621.0,MB_ML.MB_CA,3,2,2,"[MB_CA.MB_MLL2, MB_CA.MB_MLL3] -> MB_ML.MB_CAL3 -> [MB_CA.MB_VLL2, PLP.CREL3]",MB_CA.MB_ML,2,MB_CA.MB_ML,3,MB_CA.MB_VL,2,PLP.CRE,3
6493193280,mixed,mix->mix,mix,mix,1,1,2,1,1,1.0,3621,3621.0,MB_ML.MB_CA,3,2,2,"[MB_CA.MB_MLL3, MB_CA.MB_VLL2] -> MB_ML.MB_CAL3 -> [MB_CA.MB_MLL2, PLP.CREL3]",MB_CA.MB_ML,3,MB_CA.MB_VL,2,MB_CA.MB_ML,2,PLP.CRE,3
6446794320,mixed,mix->mix,mix,mix,1,1,2,52,1,1.0,3525,67.788,MB_ML,3,2,2,"[MB_CA.MB_MLL2, MB_CA.MB_MLL3] -> MB_MLL3 -> [AL.MB_CAL2, MB_CA.MB_PEDL3]",MB_CA.MB_ML,2,MB_CA.MB_ML,3,AL.MB_CA,2,MB_CA.MB_PED,3
6446794320,mixed,mix->mix,mix,mix,1,1,2,52,1,1.0,3525,67.788,MB_ML,3,2,2,"[MB_CA.MB_MLL2, MB_CA.MB_PEDL3] -> MB_MLL3 -> [AL.MB_CAL2, MB_CA.MB_MLL3]",MB_CA.MB_ML,2,MB_CA.MB_PED,3,AL.MB_CA,2,MB_CA.MB_ML,3
2238020075401,mixed,mix->lat,mix,lat,1,0,3,2282,25,1.999,43284,18.968,LO,3,2,2,"[MEL2, MEL3] -> LOL3 -> [LO.LOPL3, ME.LOPL3]",ME,2,ME,3,LO.LOP,3,ME.LOP,3
1847163140332,mixed,mix->lat,mix,lat,1,0,3,2282,25,1.901,25096,10.997,LO,3,2,2,"[MEL3, ME.LOL2] -> LOL3 -> [LO.LOPL3, ME.LOPL3]",ME,3,ME.LO,2,LO.LOP,3,ME.LOP,3
1818697778826,mixed,mix->lat,mix,lat,1,0,3,2282,12,1.665,20714,9.077,LO,3,2,2,"[MEL3, ME.LOPL2] -> LOL3 -> [LO.LOPL3, ME.LOPL3]",ME,3,ME.LOP,2,LO.LOP,3,ME.LOP,3
397989965364,mixed,mix->lat,mix,lat,1,0,3,2282,4,1.331,19234,8.429,LO,3,2,2,"[LO.LOPL2, MEL3] -> LOL3 -> [LO.LOPL3, ME.LOPL3]",LO.LOP,2,ME,3,LO.LOP,3,ME.LOP,3
309495957475,mixed,mix->lat,mix,lat,1,0,3,2282,27,1.398,41439,18.159,LO,3,2,2,"[MEL2, ME.LOL3] -> LOL3 -> [LO.LOPL3, ME.LOPL3]",ME,2,ME.LO,3,LO.LOP,3,ME.LOP,3
238969461345,mixed,mix->lat,mix,lat,1,0,3,2282,12,1.276,43284,18.968,LO,3,2,2,"[MEL2, ME.LOPL3] -> LOL3 -> [LO.LOPL3, MEL3]",ME,2,ME.LOP,3,LO.LOP,3,ME,3
219471641036,mixed,mix->lat,mix,lat,1,0,3,2282,27,1.578,23251,10.189,LO,3,2,2,"[ME.LOL2, ME.LOL3] -> LOL3 -> [LO.LOPL3, ME.LOPL3]",ME.LO,2,ME.LO,3,LO.LOP,3,ME.LOP,3
202958357543,mixed,mix->lat,mix,lat,1,0,3,2282,11,1.391,41439,18.159,LO,3,2,2,"[MEL2, ME.LOPL3] -> LOL3 -> [LO.LOPL3, ME.LOL3]",ME,2,ME.LOP,3,LO.LOP,3,ME.LO,3
202801346464,mixed,mix->lat,mix,lat,1,0,3,2282,25,1.818,19632,8.603,LO,3,2,2,"[LOL2, MEL3] -> LOL3 -> [LO.LOPL3, ME.LOPL3]",LO,2,ME,3,LO.LOP,3,ME.LOP,3
178603706885,mixed,mix->lat,mix,lat,1,0,3,2282,13,1.823,18869,8.269,LO,3,2,2,"[ME.LOL3, ME.LOPL2] -> LOL3 -> [LO.LOPL3, ME.LOPL3]",ME.LO,3,ME.LOP,2,LO.LOP,3,ME.LOP,3
165443639963,mixed,mix->lat,mix,lat,1,0,3,2282,12,1.411,25096,10.997,LO,3,2,2,"[ME.LOL2, ME.LOPL3] -> LOL3 -> [LO.LOPL3, MEL3]",ME.LO,2,ME.LOP,3,LO.LOP,3,ME,3
147806731976,mixed,mix->lat,mix,lat,1,0,3,2282,9,1.239,43284,18.968,LO,3,2,2,"[LO.LOPL3, MEL2] -> LOL3 -> [MEL3, ME.LOPL3]",LO.LOP,3,ME,2,ME,3,ME.LOP,3
143731320164,mixed,mix->lat,mix,lat,1,0,3,2282,11,1.568,23251,10.189,LO,3,2,2,"[ME.LOL2, ME.LOPL3] -> LOL3 -> [LO.LOPL3, ME.LOL3]",ME.LO,2,ME.LOP,3,LO.LOP,3,ME.LO,3
129765654637,mixed,mix->lat,mix,lat,1,0,3,2282,7,1.631,20714,9.077,LO,3,2,2,"[ME.LOPL2, ME.LOPL3] -> LOL3 -> [LO.LOPL3, MEL3]",ME.LOP,2,ME.LOP,3,LO.LOP,3,ME,3
124734306967,mixed,mix->lat,mix,lat,1,0,3,2282,5,1.342,41439,18.159,LO,3,2,2,"[LO.LOPL3, MEL2] -> LOL3 -> [ME.LOL3, ME.LOPL3]",LO.LOP,3,ME,2,ME.LO,3,ME.LOP,3
116734494556,mixed,mix->lat,mix,lat,1,0,3,2282,6,1.814,18869,8.269,LO,3,2,2,"[ME.LOPL2, ME.LOPL3] -> LOL3 -> [LO.LOPL3, ME.LOL3]",ME.LOP,2,ME.LOP,3,LO.LOP,3,ME.LO,3
101569758232,mixed,mix->lat,mix,lat,1,0,3,2282,9,1.359,25096,10.997,LO,3,2,2,"[LO.LOPL3, ME.LOL2] -> LOL3 -> [MEL3, ME.LOPL3]",LO.LOP,3,ME.LO,2,ME,3,ME.LOP,3
87494440313,mixed,mix->lat,mix,lat,1,0,3,2282,5,1.502,23251,10.189,LO,3,2,2,"[LO.LOPL3, ME.LOL2] -> LOL3 -> [ME.LOL3, ME.LOPL3]",LO.LOP,3,ME.LO,2,ME.LO,3,ME.LOP,3
84729996187,mixed,mix->lat,mix,lat,1,0,3,2282,23,1.461,48490,21.249,LO,3,2,2,"[MEL2, MEL3] -> LOL3 -> [LO.LOPL3, ME.LOL3]",ME,2,ME,3,LO.LOP,3,ME.LO,3
78722070752,mixed,mix->lat,mix,lat,1,0,3,2282,8,1.561,20714,9.077,LO,3,2,2,"[LO.LOPL3, ME.LOPL2] -> LOL3 -> [MEL3, ME.LOPL3]",LO.LOP,3,ME.LOP,2,ME,3,ME.LOP,3
73927333257,mixed,mix->lat,mix,lat,1,0,3,2282,25,1.33,48066,21.063,LO,3,2,2,"[MEL2, MEL3] -> LOL3 -> [ME.LOL3, ME.LOPL3]",ME,2,ME,3,ME.LO,3,ME.LOP,3
70040254625,mixed,mix->lat,mix,lat,1,0,3,2282,5,1.743,18869,8.269,LO,3,2,2,"[LO.LOPL3, ME.LOPL2] -> LOL3 -> [ME.LOL3, ME.LOPL3]",LO.LOP,3,ME.LOP,2,ME.LO,3,ME.LOP,3
60791291123,mixed,mix->lat,mix,lat,1,0,3,2282,24,1.656,30302,13.279,LO,3,2,2,"[MEL3, ME.LOL2] -> LOL3 -> [LO.LOPL3, ME.LOL3]",ME,3,ME.LO,2,LO.LOP,3,ME.LO,3
51741956618,mixed,mix->lat,mix,lat,1,0,3,2282,25,1.487,29878,13.093,LO,3,2,2,"[MEL3, ME.LOL2] -> LOL3 -> [ME.LOL3, ME.LOPL3]",ME,3,ME.LO,2,ME.LO,3,ME.LOP,3
50328843335,mixed,mix->lat,mix,lat,1,0,3,2282,9,1.894,25920,11.358,LO,3,2,2,"[MEL3, ME.LOPL2] -> LOL3 -> [LO.LOPL3, ME.LOL3]",ME,3,ME.LOP,2,LO.LOP,3,ME.LO,3
41280086603,mixed,mix->lat,mix,lat,1,0,3,2282,10,1.725,25496,11.173,LO,3,2,2,"[MEL3, ME.LOPL2] -> LOL3 -> [ME.LOL3, ME.LOPL3]",ME,3,ME.LOP,2,ME.LO,3,ME.LOP,3
34401462095,mixed,mix->lat,mix,lat,1,0,3,2282,27,1.206,17787,7.794,LO,3,2,2,"[LOL2, ME.LOL3] -> LOL3 -> [LO.LOPL3, ME.LOPL3]",LO,2,ME.LO,3,LO.LOP,3,ME.LOP,3
29412249456,mixed,mix->lat,mix,lat,1,0,3,2282,4,1.987,17389,7.62,LO,3,2,2,"[LO.LOPL2, ME.LOL3] -> LOL3 -> [LO.LOPL3, ME.LOPL3]",LO.LOP,2,ME.LO,3,LO.LOP,3,ME.LOP,3
27271725044,mixed,mix->lat,mix,lat,1,0,3,2282,12,1.14,19632,8.603,LO,3,2,2,"[LOL2, ME.LOPL3] -> LOL3 -> [LO.LOPL3, MEL3]",LO,2,ME.LOP,3,LO.LOP,3,ME,3
22593308560,mixed,mix->lat,mix,lat,1,0,3,2282,11,1.202,17787,7.794,LO,3,2,2,"[LOL2, ME.LOPL3] -> LOL3 -> [LO.LOPL3, ME.LOL3]",LO,2,ME.LOP,3,LO.LOP,3,ME.LO,3
20424782668,mixed,mix->lat,mix,lat,1,0,3,2282,30,1.067,48490,21.249,LO,3,2,2,"[MEL2, ME.LOL3] -> LOL3 -> [LO.LOPL3, MEL3]",ME,2,ME.LO,3,LO.LOP,3,ME,3
19849149529,mixed,mix->lat,mix,lat,1,0,3,2282,3,1.974,19234,8.429,LO,3,2,2,"[LO.LOPL2, ME.LOPL3] -> LOL3 -> [LO.LOPL3, MEL3]",LO.LOP,2,ME.LOP,3,LO.LOP,3,ME,3
19151085554,mixed,mix->lat,mix,lat,1,0,3,2282,3,1.99,17389,7.62,LO,3,2,2,"[LO.LOPL2, ME.LOPL3] -> LOL3 -> [LO.LOPL3, ME.LOL3]",LO.LOP,2,ME.LOP,3,LO.LOP,3,ME.LO,3
18764180357,mixed,mix->lat,mix,lat,1,0,3,2282,33,1.047,48066,21.063,LO,3,2,2,"[MEL2, ME.LOL3] -> LOL3 -> [MEL3, ME.LOPL3]",ME,2,ME.LO,3,ME,3,ME.LOP,3
18400053056,mixed,mix->lat,mix,lat,1,0,3,1,1,1.0,3801,3801.0,MB_ML.MB_CA,3,2,2,"[MB_CA.MB_MLL2, MB_CA.MB_PEDL3] -> MB_ML.MB_CAL3 -> [MB_CA.MB_MLL3, MB_CA.MB_VLL3]",MB_CA.MB_ML,2,MB_CA.MB_PED,3,MB_CA.MB_ML,3,MB_CA.MB_VL,3
18280572192,mixed,mix->lat,mix,lat,1,0,3,1,1,1.0,3801,3801.0,MB_ML.MB_CA,3,2,2,"[MB_CA.MB_MLL2, MB_CA.MB_MLL3] -> MB_ML.MB_CAL3 -> [MB_CA.MB_PEDL3, MB_CA.MB_VLL3]",MB_CA.MB_ML,2,MB_CA.MB_ML,3,MB_CA.MB_PED,3,MB_CA.MB_VL,3
18280572192,mixed,mix->lat,mix,lat,1,0,3,1,1,1.0,3801,3801.0,MB_ML.MB_CA,3,2,2,"[MB_CA.MB_MLL2, MB_CA.MB_VLL3] -> MB_ML.MB_CAL3 -> [MB_CA.MB_MLL3, MB_CA.MB_PEDL3]",MB_CA.MB_ML,2,MB_CA.MB_VL,3,MB_CA.MB_ML,3,MB_CA.MB_PED,3
17002311432,mixed,mix->lat,mix,lat,1,0,3,2282,9,1.121,19632,8.603,LO,3,2,2,"[LOL2, LO.LOPL3] -> LOL3 -> [MEL3, ME.LOPL3]",LO,2,LO.LOP,3,ME,3,ME.LOP,3
14033841886,mixed,mix->lat,mix,lat,1,0,3,2282,5,1.175,17787,7.794,LO,3,2,2,"[LOL2, LO.LOPL3] -> LOL3 -> [ME.LOL3, ME.LOPL3]",LO,2,LO.LOP,3,ME.LO,3,ME.LOP,3
13502802591,mixed,mix->lat,mix,lat,1,0,3,2282,33,1.103,30302,13.279,LO,3,2,2,"[ME.LOL2, ME.LOL3] -> LOL3 -> [LO.LOPL3, MEL3]",ME.LO,2,ME.LO,3,LO.LOP,3,ME,3
12342307585,mixed,mix->lat,mix,lat,1,0,3,2282,33,1.072,29878,13.093,LO,3,2,2,"[ME.LOL2, ME.LOL3] -> LOL3 -> [MEL3, ME.LOPL3]",ME.LO,2,ME.LO,3,ME,3,ME.LOP,3
12339941760,mixed,mix->lat,mix,lat,1,0,3,2282,20,1.046,48066,21.063,LO,3,2,2,"[MEL2, ME.LOPL3] -> LOL3 -> [MEL3, ME.LOL3]",ME,2,ME.LOP,3,ME,3,ME.LO,3
12337783920,mixed,mix->lat,mix,lat,1,0,3,1,1,1.0,3103,3103.0,MB_ML.MB_CA,3,2,2,"[MB_CA.MB_PEDL3, MB_CA.MB_VLL2] -> MB_ML.MB_CAL3 -> [MB_CA.MB_MLL3, MB_CA.MB_VLL3]",MB_CA.MB_PED,3,MB_CA.MB_VL,2,MB_CA.MB_ML,3,MB_CA.MB_VL,3
12257668440,mixed,mix->lat,mix,lat,1,0,3,1,1,1.0,3103,3103.0,MB_ML.MB_CA,3,2,2,"[MB_CA.MB_MLL3, MB_CA.MB_VLL2] -> MB_ML.MB_CAL3 -> [MB_CA.MB_PEDL3, MB_CA.MB_VLL3]",MB_CA.MB_ML,3,MB_CA.MB_VL,2,MB_CA.MB_PED,3,MB_CA.MB_VL,3
12257668440,mixed,mix->lat,mix,lat,1,0,3,1,1,1.0,3103,3103.0,MB_ML.MB_CA,3,2,2,"[MB_CA.MB_VLL2, MB_CA.MB_VLL3] -> MB_ML.MB_CAL3 -> [MB_CA.MB_MLL3, MB_CA.MB_PEDL3]",MB_CA.MB_VL,2,MB_CA.MB_VL,3,MB_CA.MB_ML,3,MB_CA.MB_PED,3
11735650706,mixed,mix->lat,mix,lat,1,0,3,2282,5,1.933,19234,8.429,LO,3,2,2,"[LO.LOPL2, LO.LOPL3] -> LOL3 -> [MEL3, ME.LOPL3]",LO.LOP,2,LO.LOP,3,ME,3,ME.LOP,3
11171450197,mixed,mix->lat,mix,lat,1,0,3,2282,4,2.0,17389,7.62,LO,3,2,2,"[LO.LOPL2, LO.LOPL3] -> LOL3 -> [ME.LOL3, ME.LOPL3]",LO.LOP,2,LO.LOP,3,ME.LO,3,ME.LOP,3
9798396608,mixed,mix->lat,mix,lat,1,0,3,2282,12,1.169,25920,11.358,LO,3,2,2,"[ME.LOL3, ME.LOPL2] -> LOL3 -> [LO.LOPL3, MEL3]",ME.LO,3,ME.LOP,2,LO.LOP,3,ME,3
9715591440,mixed,mix->lat,mix,lat,1,0,3,52,1,1.0,3801,73.096,MB_ML,3,2,2,"[MB_CA.MB_MLL2, MB_CA.MB_MLL3] -> MB_MLL3 -> [MB_CA.MB_PEDL3, MB_CA.MB_VLL3]",MB_CA.MB_ML,2,MB_CA.MB_ML,3,MB_CA.MB_PED,3,MB_CA.MB_VL,3
9715591440,mixed,mix->lat,mix,lat,1,0,3,52,1,1.0,3801,73.096,MB_ML,3,2,2,"[MB_CA.MB_MLL2, MB_CA.MB_PEDL3] -> MB_MLL3 -> [MB_CA.MB_MLL3, MB_CA.MB_VLL3]",MB_CA.MB_ML,2,MB_CA.MB_PED,3,MB_CA.MB_ML,3,MB_CA.MB_VL,3
9715591440,mixed,mix->lat,mix,lat,1,0,3,52,1,1.0,3801,73.096,MB_ML,3,2,2,"[MB_CA.MB_MLL2, MB_CA.MB_VLL3] -> MB_MLL3 -> [MB_CA.MB_MLL3, MB_CA.MB_PEDL3]",MB_CA.MB_ML,2,MB_CA.MB_VL,3,MB_CA.MB_ML,3,MB_CA.MB_PED,3
9293094102,mixed,mix->lat,mix,lat,1,0,3,2282,23,1.241,24838,10.884,LO,3,2,2,"[LOL2, MEL3] -> LOL3 -> [LO.LOPL3, ME.LOL3]",LO,2,ME,3,LO.LOP,3,ME.LO,3
8875010585,mixed,mix->lat,mix,lat,1,0,3,2282,15,1.118,25496,11.173,LO,3,2,2,"[ME.LOL3, ME.LOPL2] -> LOL3 -> [MEL3, ME.LOPL3]",ME.LO,3,ME.LOP,2,ME,3,ME.LOP,3
8555808444,mixed,mix->lat,mix,lat,1,0,3,2282,3,1.951,24440,10.71,LO,3,2,2,"[LO.LOPL2, MEL3] -> LOL3 -> [LO.LOPL3, ME.LOL3]",LO.LOP,2,ME,3,LO.LOP,3,ME.LO,3
8411130234,mixed,mix->lat,mix,lat,1,0,3,2282,10,1.057,48490,21.249,LO,3,2,2,"[LO.LOPL3, MEL2] -> LOL3 -> [MEL3, ME.LOL3]",LO.LOP,3,ME,2,ME,3,ME.LO,3
8337747749,mixed,mix->lat,mix,lat,1,0,3,2282,25,1.169,24414,10.699,LO,3,2,2,"[LOL2, MEL3] -> LOL3 -> [ME.LOL3, ME.LOPL3]",LO,2,ME,3,ME.LO,3,ME.LOP,3
8244179616,mixed,mix->lat,mix,lat,1,0,3,1,1,1.0,3650,3650.0,MB_ML.MB_CA,3,2,2,"[MB_CA.CREL3, MB_CA.MB_MLL2] -> MB_ML.MB_CAL3 -> [MB_CA.MB_MLL3, MB_CA.MB_VLL3]",MB_CA.CRE,3,MB_CA.MB_ML,2,MB_CA.MB_ML,3,MB_CA.MB_VL,3
8244179616,mixed,mix->lat,mix,lat,1,0,3,1,1,1.0,3650,3650.0,MB_ML.MB_CA,3,2,2,"[MB_CA.MB_MLL2, MB_CA.MB_MLL3] -> MB_ML.MB_CAL3 -> [MB_CA.CREL3, MB_CA.MB_VLL3]",MB_CA.MB_ML,2,MB_CA.MB_ML,3,MB_CA.CRE,3,MB_CA.MB_VL,3
8244179616,mixed,mix->lat,mix,lat,1,0,3,1,1,1.0,3650,3650.0,MB_ML.MB_CA,3,2,2,"[MB_CA.MB_MLL2, MB_CA.MB_VLL3] -> MB_ML.MB_CAL3 -> [MB_CA.CREL3, MB_CA.MB_MLL3]",MB_CA.MB_ML,2,MB_CA.MB_VL,3,MB_CA.CRE,3,MB_CA.MB_ML,3
8114961425,mixed,mix->lat,mix,lat,1,0,3,2282,21,1.07,29878,13.093,LO,3,2,2,"[ME.LOL2, ME.LOPL3] -> LOL3 -> [MEL3, ME.LOL3]",ME.LO,2,ME.LOP,3,ME,3,ME.LO,3
6539805386,mixed,mix->lat,mix,lat,1,0,3,2282,4,1.999,24016,10.524,LO,3,2,2,"[LO.LOPL2, MEL3] -> LOL3 -> [ME.LOL3, ME.LOPL3]",LO.LOP,2,ME,3,ME.LO,3,ME.LOP,3
5832947794,mixed,mix->lat,mix,lat,1,0,3,2282,10,1.116,25496,11.173,LO,3,2,2,"[ME.LOPL2, ME.LOPL3] -> LOL3 -> [MEL3, ME.LOL3]",ME.LOP,2,ME.LOP,3,ME,3,ME.LO,3
5546606384,mixed,mix->lat,mix,lat,1,0,3,2282,10,1.087,30302,13.279,LO,3,2,2,"[LO.LOPL3, ME.LOL2] -> LOL3 -> [MEL3, ME.LOL3]",LO.LOP,3,ME.LO,2,ME,3,ME.LO,3
5538795120,mixed,mix->lat,mix,lat,1,0,3,52,1,1.0,3511,67.519,MB_ML,3,2,2,"[MB_CA.CREL3, MB_CA.MB_MLL2] -> MB_MLL3 -> [MB_CA.MB_MLL3, MB_CA.MB_PEDL3]",MB_CA.CRE,3,MB_CA.MB_ML,2,MB_CA.MB_ML,3,MB_CA.MB_PED,3
5538795120,mixed,mix->lat,mix,lat,1,0,3,52,1,1.0,3511,67.519,MB_ML,3,2,2,"[MB_CA.MB_MLL2, MB_CA.MB_MLL3] -> MB_MLL3 -> [MB_CA.CREL3, MB_CA.MB_PEDL3]",MB_CA.MB_ML,2,MB_CA.MB_ML,3,MB_CA.CRE,3,MB_CA.MB_PED,3
5538795120,mixed,mix->lat,mix,lat,1,0,3,52,1,1.0,3511,67.519,MB_ML,3,2,2,"[MB_CA.MB_MLL2, MB_CA.MB_PEDL3] -> MB_MLL3 -> [MB_CA.CREL3, MB_CA.MB_MLL3]",MB_CA.MB_ML,2,MB_CA.MB_PED,3,MB_CA.CRE,3,MB_CA.MB_ML,3
5527968120,mixed,mix->lat,mix,lat,1,0,3,1,1,1.0,2952,2952.0,MB_ML.MB_CA,3,2,2,"[MB_CA.CREL3, MB_CA.MB_VLL2] -> MB_ML.MB_CAL3 -> [MB_CA.MB_MLL3, MB_CA.MB_VLL3]",MB_CA.CRE,3,MB_CA.MB_VL,2,MB_CA.MB_ML,3,MB_CA.MB_VL,3
5527968120,mixed,mix->lat,mix,lat,1,0,3,1,1,1.0,2952,2952.0,MB_ML.MB_CA,3,2,2,"[MB_CA.MB_MLL3, MB_CA.MB_VLL2] -> MB_ML.MB_CAL3 -> [MB_CA.CREL3, MB_CA.MB_VLL3]",MB_CA.MB_ML,3,MB_CA.MB_VL,2,MB_CA.CRE,3,MB_CA.MB_VL,3
5527968120,mixed,mix->lat,mix,lat,1,0,3,1,1,1.0,2952,2952.0,MB_ML.MB_CA,3,2,2,"[MB_CA.MB_VLL2, MB_CA.MB_VLL3] -> MB_ML.MB_CAL3 -> [MB_CA.CREL3, MB_CA.MB_MLL3]",MB_CA.MB_VL,2,MB_CA.MB_VL,3,MB_CA.CRE,3,MB_CA.MB_ML,3
5376638880,mixed,mix->lat,mix,lat,1,0,3,1,1,1.0,3595,3595.0,MB_ML.MB_CA,3,2,2,"[MB_CA.MB_MLL2, PLP.CREL3] -> MB_ML.MB_CAL3 -> [MB_CA.MB_MLL3, MB_CA.MB_VLL3]",MB_CA.MB_ML,2,PLP.CRE,3,MB_CA.MB_ML,3,MB_CA.MB_VL,3
5125075248,mixed,mix->lat,mix,lat,1,0,3,2282,3,1.0,10160,4.452,LO,3,2,2,"[LO.MEL3, ME.LOPL2] -> LOL3 -> [LO.LOPL3, ME.LOPL3]",LO.ME,3,ME.LOP,2,LO.LOP,3,ME.LOP,3
5018196288,mixed,mix->lat,mix,lat,1,0,3,1,1,1.0,3595,3595.0,MB_ML.MB_CA,3,2,2,"[MB_CA.MB_MLL2, MB_CA.MB_MLL3] -> MB_ML.MB_CAL3 -> [MB_CA.MB_VLL3, PLP.CREL3]",MB_CA.MB_ML,2,MB_CA.MB_ML,3,MB_CA.MB_VL,3,PLP.CRE,3
5018196288,mixed,mix->lat,mix,lat,1,0,3,1,1,1.0,3595,3595.0,MB_ML.MB_CA,3,2,2,"[MB_CA.MB_MLL2, MB_CA.MB_VLL3] -> MB_ML.MB_CAL3 -> [MB_CA.MB_MLL3, PLP.CREL3]",MB_CA.MB_ML,2,MB_CA.MB_VL,3,MB_CA.MB_ML,3,PLP.CRE,3
4666543920,mixed,mix->lat,mix,lat,1,0,3,52,1,1.0,3650,70.192,MB_ML,3,2,2,"[MB_CA.CREL3, MB_CA.MB_MLL2] -> MB_MLL3 -> [MB_CA.MB_MLL3, MB_CA.MB_VLL3]",MB_CA.CRE,3,MB_CA.MB_ML,2,MB_CA.MB_ML,3,MB_CA.MB_VL,3
4666543920,mixed,mix->lat,mix,lat,1,0,3,52,1,1.0,3650,70.192,MB_ML,3,2,2,"[MB_CA.MB_MLL2, MB_CA.MB_MLL3] -> MB_MLL3 -> [MB_CA.CREL3, MB_CA.MB_VLL3]",MB_CA.MB_ML,2,MB_CA.MB_ML,3,MB_CA.CRE,3,MB_CA.MB_VL,3
4666543920,mixed,mix->lat,mix,lat,1,0,3,52,1,1.0,3650,70.192,MB_ML,3,2,2,"[MB_CA.MB_MLL2, MB_CA.MB_VLL3] -> MB_MLL3 -> [MB_CA.CREL3, MB_CA.MB_MLL3]",MB_CA.MB_ML,2,MB_CA.MB_VL,3,MB_CA.CRE,3,MB_CA.MB_ML,3
4437881198,mixed,mix->lat,mix,lat,1,0,3,2282,8,1.0,32730,14.343,LO,3,2,2,"[LO.MEL3, MEL2] -> LOL3 -> [LO.LOPL3, ME.LOPL3]",LO.ME,3,ME,2,LO.LOP,3,ME.LOP,3
4412189682,mixed,mix->lat,mix,lat,1,0,3,2282,8,1.0,14542,6.372,LO,3,2,2,"[LO.MEL3, ME.LOL2] -> LOL3 -> [LO.LOPL3, ME.LOPL3]",LO.ME,3,ME.LO,2,LO.LOP,3,ME.LOP,3
4056241728,mixed,mix->lat,mix,lat,1,0,3,1,1,1.0,3511,3511.0,MB_ML.MB_CA,3,2,2,"[MB_CA.MB_MLL2, MB_CA.MB_PEDL3] -> MB_ML.MB_CAL3 -> [MB_CA.CREL3, MB_CA.MB_MLL3]",MB_CA.MB_ML,2,MB_CA.MB_PED,3,MB_CA.CRE,3,MB_CA.MB_ML,3
4029902496,mixed,mix->lat,mix,lat,1,0,3,1,1,1.0,3511,3511.0,MB_ML.MB_CA,3,2,2,"[MB_CA.CREL3, MB_CA.MB_MLL2] -> MB_ML.MB_CAL3 -> [MB_CA.MB_MLL3, MB_CA.MB_PEDL3]",MB_CA.CRE,3,MB_CA.MB_ML,2,MB_CA.MB_ML,3,MB_CA.MB_PED,3
4029902496,mixed,mix->lat,mix,lat,1,0,3,1,1,1.0,3511,3511.0,MB_ML.MB_CA,3,2,2,"[MB_CA.MB_MLL2, MB_CA.MB_MLL3] -> MB_ML.MB_CAL3 -> [MB_CA.CREL3, MB_CA.MB_PEDL3]",MB_CA.MB_ML,2,MB_CA.MB_ML,3,MB_CA.CRE,3,MB_CA.MB_PED,3
4006860905,mixed,mix->lat,mix,lat,1,0,3,2282,6,1.144,25920,11.358,LO,3,2,2,"[LO.LOPL3, ME.LOPL2] -> LOL3 -> [MEL3, ME.LOL3]",LO.LOP,3,ME.LOP,2,ME,3,ME.LO,3
3605196600,mixed,mix->lat,mix,lat,1,0,3,1,1,1.0,2897,2897.0,MB_ML.MB_CA,3,2,2,"[MB_CA.MB_VLL2, PLP.CREL3] -> MB_ML.MB_CAL3 -> [MB_CA.MB_MLL3, MB_CA.MB_VLL3]",MB_CA.MB_VL,2,PLP.CRE,3,MB_CA.MB_ML,3,MB_CA.MB_VL,3
3364850160,mixed,mix->lat,mix,lat,1,0,3,1,1,1.0,2897,2897.0,MB_ML.MB_CA,3,2,2,"[MB_CA.MB_MLL3, MB_CA.MB_VLL2] -> MB_ML.MB_CAL3 -> [MB_CA.MB_VLL3, PLP.CREL3]",MB_CA.MB_ML,3,MB_CA.MB_VL,2,MB_CA.MB_VL,3,PLP.CRE,3
3364850160,mixed,mix->lat,mix,lat,1,0,3,1,1,1.0,2897,2897.0,MB_ML.MB_CA,3,2,2,"[MB_CA.MB_VLL2, MB_CA.MB_VLL3] -> MB_ML.MB_CAL3 -> [MB_CA.MB_MLL3, PLP.CREL3]",MB_CA.MB_VL,2,MB_CA.MB_VL,3,MB_CA.MB_ML,3,PLP.CRE,3
3301114239,mixed,mix->lat,mix,lat,1,0,3,2282,6,1.0,18451,8.085,LO,3,2,2,"[GNG.MEL2, MEL3] -> LOL3 -> [LO.LOPL3, ME.LOPL3]",GNG.ME,2,ME,3,LO.LOP,3,ME.LOP,3
3087197280,mixed,mix->lat,mix,lat,1,0,3,52,1,1.0,3430,65.962,MB_ML,3,2,2,"[MB_CA.MB_MLL2, MB_CA.MB_MLL3] -> MB_MLL3 -> [MB_CA.MB_PEDL3, PLP.MB_MLL3]",MB_CA.MB_ML,2,MB_CA.MB_ML,3,MB_CA.MB_PED,3,PLP.MB_ML,3
3087197280,mixed,mix->lat,mix,lat,1,0,3,52,1,1.0,3430,65.962,MB_ML,3,2,2,"[MB_CA.MB_MLL2, MB_CA.MB_PEDL3] -> MB_MLL3 -> [MB_CA.MB_MLL3, PLP.MB_MLL3]",MB_CA.MB_ML,2,MB_CA.MB_PED,3,MB_CA.MB_ML,3,PLP.MB_ML,3
3087197280,mixed,mix->lat,mix,lat,1,0,3,52,1,1.0,3430,65.962,MB_ML,3,2,2,"[MB_CA.MB_MLL2, PLP.MB_MLL3] -> MB_MLL3 -> [MB_CA.MB_MLL3, MB_CA.MB_PEDL3]",MB_CA.MB_ML,2,PLP.MB_ML,3,MB_CA.MB_ML,3,MB_CA.MB_PED,3
2998822373,mixed,mix->lat,mix,lat,1,0,3,2282,23,1.98,18451,8.085,LO,3,2,2,"[AVLP.MEL2, MEL3] -> LOL3 -> [LO.LOPL3, ME.LOPL3]",AVLP.ME,2,ME,3,LO.LOP,3,ME.LOP,3
2719830960,mixed,mix->lat,mix,lat,1,0,3,1,1,1.0,2813,2813.0,MB_ML.MB_CA,3,2,2,"[MB_CA.MB_PEDL3, MB_CA.MB_VLL2] -> MB_ML.MB_CAL3 -> [MB_CA.CREL3, MB_CA.MB_MLL3]",MB_CA.MB_PED,3,MB_CA.MB_VL,2,MB_CA.CRE,3,MB_CA.MB_ML,3
2702169720,mixed,mix->lat,mix,lat,1,0,3,1,1,1.0,2813,2813.0,MB_ML.MB_CA,3,2,2,"[MB_CA.CREL3, MB_CA.MB_VLL2] -> MB_ML.MB_CAL3 -> [MB_CA.MB_MLL3, MB_CA.MB_PEDL3]",MB_CA.CRE,3,MB_CA.MB_VL,2,MB_CA.MB_ML,3,MB_CA.MB_PED,3
2702169720,mixed,mix->lat,mix,lat,1,0,3,1,1,1.0,2813,2813.0,MB_ML.MB_CA,3,2,2,"[MB_CA.MB_MLL3, MB_CA.MB_VLL2] -> MB_ML.MB_CAL3 -> [MB_CA.CREL3, MB_CA.MB_PEDL3]",MB_CA.MB_ML,3,MB_CA.MB_VL,2,MB_CA.CRE,3,MB_CA.MB_PED,3
2628197280,mixed,mix->lat,mix,lat,1,0,3,1,1,1.0,3456,3456.0,MB_ML.MB_CA,3,2,2,"[MB_CA.MB_MLL2, PLP.CREL3] -> MB_ML.MB_CAL3 -> [MB_CA.MB_MLL3, MB_CA.MB_PEDL3]",MB_CA.MB_ML,2,PLP.CRE,3,MB_CA.MB_ML,3,MB_CA.MB_PED,3
2601024480,mixed,mix->lat,mix,lat,1,0,3,52,1,1.0,3569,68.635,MB_ML,3,2,2,"[MB_CA.MB_MLL2, MB_CA.MB_MLL3] -> MB_MLL3 -> [MB_CA.MB_VLL3, PLP.MB_MLL3]",MB_CA.MB_ML,2,MB_CA.MB_ML,3,MB_CA.MB_VL,3,PLP.MB_ML,3
2601024480,mixed,mix->lat,mix,lat,1,0,3,52,1,1.0,3569,68.635,MB_ML,3,2,2,"[MB_CA.MB_MLL2, MB_CA.MB_VLL3] -> MB_MLL3 -> [MB_CA.MB_MLL3, PLP.MB_MLL3]",MB_CA.MB_ML,2,MB_CA.MB_VL,3,MB_CA.MB_ML,3,PLP.MB_ML,3
2601024480,mixed,mix->lat,mix,lat,1,0,3,52,1,1.0,3569,68.635,MB_ML,3,2,2,"[MB_CA.MB_MLL2, PLP.MB_MLL3] -> MB_MLL3 -> [MB_CA.MB_MLL3, MB_CA.MB_VLL3]",MB_CA.MB_ML,2,PLP.MB_ML,3,MB_CA.MB_ML,3,MB_CA.MB_VL,3
2562537600,mixed,mix->lat,mix,lat,1,0,3,2282,1,1.0,10006,4.385,LO,3,2,2,"[FB.LOL3, ME.LOPL2] -> LOL3 -> [LO.LOPL3, ME.LOPL3]",FB.LO,3,ME.LOP,2,LO.LOP,3,ME.LOP,3
2469016704,mixed,mix->lat,mix,lat,1,0,3,1,1,1.0,3456,3456.0,MB_ML.MB_CA,3,2,2,"[MB_CA.MB_MLL2, MB_CA.MB_PEDL3] -> MB_ML.MB_CAL3 -> [MB_CA.MB_MLL3, PLP.CREL3]",MB_CA.MB_ML,2,MB_CA.MB_PED,3,MB_CA.MB_ML,3,PLP.CRE,3
2452984128,mixed,mix->lat,mix,lat,1,0,3,1,1,1.0,3456,3456.0,MB_ML.MB_CA,3,2,2,"[MB_CA.MB_MLL2, MB_CA.MB_MLL3] -> MB_ML.MB_CAL3 -> [MB_CA.MB_PEDL3, PLP.CREL3]",MB_CA.MB_ML,2,MB_CA.MB_ML,3,MB_CA.MB_PED,3,PLP.CRE,3
2443724511,mixed,mix->lat,mix,lat,1,0,3,2282,34,1.034,24838,10.884,LO,3,2,2,"[LOL2, ME.LOL3] -> LOL3 -> [LO.LOPL3, MEL3]",LO,2,ME.LO,3,LO.LOP,3,ME,3
2417375421,mixed,mix->lat,mix,lat,1,0,3,2282,8,1.0,32697,14.328,LO,3,2,2,"[LOP.LOL3, MEL2] -> LOL3 -> [LO.LOPL3, ME.LOPL3]",LOP.LO,3,ME,2,LO.LOP,3,ME.LOP,3
2417369819,mixed,mix->lat,mix,lat,1,0,3,2282,5,1.0,32610,14.29,LO,3,2,2,"[MEL2, PVLP.LOL3] -> LOL3 -> [LO.LOPL3, ME.LOPL3]",ME,2,PVLP.LO,3,LO.LOP,3,ME.LOP,3
2417368360,mixed,mix->lat,mix,lat,1,0,3,2282,1,1.0,32791,14.369,LO,3,2,2,"[LO.PLPL3, MEL2] -> LOL3 -> [LO.LOPL3, ME.LOPL3]",LO.PLP,3,ME,2,LO.LOP,3,ME.LOP,3
2389617280,mixed,mix->lat,mix,lat,1,0,3,1,1,1.0,3550,3550.0,MB_ML.MB_CA,3,2,2,"[MB_CA.MB_MLL2, PLP.MB_PEDL3] -> MB_ML.MB_CAL3 -> [MB_CA.MB_MLL3, MB_CA.MB_VLL3]",MB_CA.MB_ML,2,PLP.MB_PED,3,MB_CA.MB_ML,3,MB_CA.MB_VL,3
2270136416,mixed,mix->lat,mix,lat,1,0,3,1,1,1.0,3550,3550.0,MB_ML.MB_CA,3,2,2,"[MB_CA.MB_MLL2, MB_CA.MB_MLL3] -> MB_ML.MB_CAL3 -> [MB_CA.MB_VLL3, PLP.MB_PEDL3]",MB_CA.MB_ML,2,MB_CA.MB_ML,3,MB_CA.MB_VL,3,PLP.MB_PED,3
2270136416,mixed,mix->lat,mix,lat,1,0,3,1,1,1.0,3550,3550.0,MB_ML.MB_CA,3,2,2,"[MB_CA.MB_MLL2, MB_CA.MB_VLL3] -> MB_ML.MB_CAL3 -> [MB_CA.MB_MLL3, PLP.MB_PEDL3]",MB_CA.MB_ML,2,MB_CA.MB_VL,3,MB_CA.MB_ML,3,PLP.MB_PED,3
2256128712,mixed,mix->lat,mix,lat,1,0,3,2282,32,1.024,24414,10.699,LO,3,2,2,"[LOL2, ME.LOL3] -> LOL3 -> [MEL3, ME.LOPL3]",LO,2,ME.LO,3,ME,3,ME.LOP,3
2218939200,mixed,mix->lat,mix,lat,1,0,3,2282,1,1.0,32576,14.275,LO,3,2,2,"[FB.LOL3, MEL2] -> LOL3 -> [LO.LOPL3, ME.LOPL3]",FB.LO,3,ME,2,LO.LOP,3,ME.LOP,3
2206094400,mixed,mix->lat,mix,lat,1,0,3,2282,1,1.0,14388,6.305,LO,3,2,2,"[FB.LOL3, ME.LOL2] -> LOL3 -> [LO.LOPL3, ME.LOPL3]",FB.LO,3,ME.LO,2,LO.LOP,3,ME.LOP,3
2101992816,mixed,mix->lat,mix,lat,1,0,3,1,1,1.0,2734,2734.0,MB_ML.MB_CA,3,2,2,"[MB_CA.MB_PEDL2, MB_CA.MB_PEDL3] -> MB_ML.MB_CAL3 -> [MB_CA.MB_MLL3, MB_CA.MB_VLL3]",MB_CA.MB_PED,2,MB_CA.MB_PED,3,MB_CA.MB_ML,3,MB_CA.MB_VL,3
2088343512,mixed,mix->lat,mix,lat,1,0,3,1,1,1.0,2734,2734.0,MB_ML.MB_CA,3,2,2,"[MB_CA.MB_MLL3, MB_CA.MB_PEDL2] -> MB_ML.MB_CAL3 -> [MB_CA.MB_PEDL3, MB_CA.MB_VLL3]",MB_CA.MB_ML,3,MB_CA.MB_PED,2,MB_CA.MB_PED,3,MB_CA.MB_VL,3
2088343512,mixed,mix->lat,mix,lat,1,0,3,1,1,1.0,2734,2734.0,MB_ML.MB_CA,3,2,2,"[MB_CA.MB_PEDL2, MB_CA.MB_VLL3] -> MB_ML.MB_CAL3 -> [MB_CA.MB_MLL3, MB_CA.MB_PEDL3]",MB_CA.MB_PED,2,MB_CA.MB_VL,3,MB_CA.MB_ML,3,MB_CA.MB_PED,3
2008866552,mixed,mix->lat,mix,lat,1,0,3,1,1,1.0,1975,1975.0,MB_ML.MB_CA,3,2,2,"[MB_CA.MB_MLL2, MB_CA.MB_PEDL3] -> MB_ML.MB_CAL3 -> [MB_CA.CREL3, MB_CA.MB_VLL3]",MB_CA.MB_ML,2,MB_CA.MB_PED,3,MB_CA.CRE,3,MB_CA.MB_VL,3
1995821964,mixed,mix->lat,mix,lat,1,0,3,1,1,1.0,1975,1975.0,MB_ML.MB_CA,3,2,2,"[MB_CA.CREL3, MB_CA.MB_MLL2] -> MB_ML.MB_CAL3 -> [MB_CA.MB_PEDL3, MB_CA.MB_VLL3]",MB_CA.CRE,3,MB_CA.MB_ML,2,MB_CA.MB_PED,3,MB_CA.MB_VL,3
1995821964,mixed,mix->lat,mix,lat,1,0,3,1,1,1.0,1975,1975.0,MB_ML.MB_CA,3,2,2,"[MB_CA.MB_MLL2, MB_CA.MB_VLL3] -> MB_ML.MB_CAL3 -> [MB_CA.CREL3, MB_CA.MB_PEDL3]",MB_CA.MB_ML,2,MB_CA.MB_VL,3,MB_CA.CRE,3,MB_CA.MB_PED,3
1889871656,mixed,mix->lat,mix,lat,1,0,3,2282,4,1.0,11082,4.856,LO,3,2,2,"[ME.LOPL2, ME.LOPL3] -> LOL3 -> [LO.LOPL3, LOPL3]",ME.LOP,2,ME.LOP,3,LO.LOP,3,LOP,3
1889871480,mixed,mix->lat,mix,lat,1,0,3,2282,1,1.0,10006,4.385,LO,3,2,2,"[ME.LOPL2, ME.LOPL3] -> LOL3 -> [FB.LOL3, LO.LOPL3]",ME.LOP,2,ME.LOP,3,FB.LO,3,LO.LOP,3
1827819840,mixed,mix->lat,mix,lat,1,0,3,1,1,1.0,2823,2823.0,MB_ML.MB_CA,3,2,2,"[MB_CA.MB_PEDL3, MB_MLL2] -> MB_ML.MB_CAL3 -> [MB_CA.MB_MLL3, MB_CA.MB_VLL3]",MB_CA.MB_PED,3,MB_ML,2,MB_CA.MB_ML,3,MB_CA.MB_VL,3
1815998400,mixed,mix->lat,mix,lat,1,0,3,52,1,1.0,3456,66.462,MB_ML,3,2,2,"[MB_CA.MB_MLL2, MB_CA.MB_MLL3] -> MB_MLL3 -> [MB_CA.MB_PEDL3, PLP.CREL3]",MB_CA.MB_ML,2,MB_CA.MB_ML,3,MB_CA.MB_PED,3,PLP.CRE,3
1815998400,mixed,mix->lat,mix,lat,1,0,3,52,1,1.0,3403,65.442,MB_ML,3,2,2,"[MB_CA.MB_MLL2, MB_CA.MB_MLL3] -> MB_MLL3 -> [MB_CA.MB_PEDL3, SCL.MB_MLL3]",MB_CA.MB_ML,2,MB_CA.MB_ML,3,MB_CA.MB_PED,3,SCL.MB_ML,3
1815998400,mixed,mix->lat,mix,lat,1,0,3,52,1,1.0,3456,66.462,MB_ML,3,2,2,"[MB_CA.MB_MLL2, MB_CA.MB_PEDL3] -> MB_MLL3 -> [MB_CA.MB_MLL3, PLP.CREL3]",MB_CA.MB_ML,2,MB_CA.MB_PED,3,MB_CA.MB_ML,3,PLP.CRE,3
1815998400,mixed,mix->lat,mix,lat,1,0,3,52,1,1.0,3403,65.442,MB_ML,3,2,2,"[MB_CA.MB_MLL2, MB_CA.MB_PEDL3] -> MB_MLL3 -> [MB_CA.MB_MLL3, SCL.MB_MLL3]",MB_CA.MB_ML,2,MB_CA.MB_PED,3,MB_CA.MB_ML,3,SCL.MB_ML,3
1815998400,mixed,mix->lat,mix,lat,1,0,3,52,1,1.0,3456,66.462,MB_ML,3,2,2,"[MB_CA.MB_MLL2, PLP.CREL3] -> MB_MLL3 -> [MB_CA.MB_MLL3, MB_CA.MB_PEDL3]",MB_CA.MB_ML,2,PLP.CRE,3,MB_CA.MB_ML,3,MB_CA.MB_PED,3
1815998400,mixed,mix->lat,mix,lat,1,0,3,52,1,1.0,3403,65.442,MB_ML,3,2,2,"[MB_CA.MB_MLL2, SCL.MB_MLL3] -> MB_MLL3 -> [MB_CA.MB_MLL3, MB_CA.MB_PEDL3]",MB_CA.MB_ML,2,SCL.MB_ML,3,MB_CA.MB_ML,3,MB_CA.MB_PED,3
1815950880,mixed,mix->lat,mix,lat,1,0,3,1,1,1.0,2823,2823.0,MB_ML.MB_CA,3,2,2,"[MB_CA.MB_MLL3, MB_MLL2] -> MB_ML.MB_CAL3 -> [MB_CA.MB_PEDL3, MB_CA.MB_VLL3]",MB_CA.MB_ML,3,MB_ML,2,MB_CA.MB_PED,3,MB_CA.MB_VL,3
1815950880,mixed,mix->lat,mix,lat,1,0,3,1,1,1.0,2823,2823.0,MB_ML.MB_CA,3,2,2,"[MB_CA.MB_VLL3, MB_MLL2] -> MB_ML.MB_CAL3 -> [MB_CA.MB_MLL3, MB_CA.MB_PEDL3]",MB_CA.MB_VL,3,MB_ML,2,MB_CA.MB_ML,3,MB_CA.MB_PED,3
1792212960,mixed,mix->lat,mix,lat,1,0,3,1,1,1.0,3569,3569.0,MB_ML.MB_CA,3,2,2,"[MB_CA.MB_MLL2, MB_CA.MB_MLL3] -> MB_ML.MB_CAL3 -> [MB_CA.MB_VLL3, PLP.MB_MLL3]",MB_CA.MB_ML,2,MB_CA.MB_ML,3,MB_CA.MB_VL,3,PLP.MB_ML,3
1792212960,mixed,mix->lat,mix,lat,1,0,3,1,1,1.0,3569,3569.0,MB_ML.MB_CA,3,2,2,"[MB_CA.MB_MLL2, MB_CA.MB_VLL3] -> MB_ML.MB_CAL3 -> [MB_CA.MB_MLL3, PLP.MB_MLL3]",MB_CA.MB_ML,2,MB_CA.MB_VL,3,MB_CA.MB_ML,3,PLP.MB_ML,3
1792212960,mixed,mix->lat,mix,lat,1,0,3,1,1,1.0,3572,3572.0,MB_ML.MB_CA,3,2,2,"[MB_CA.MB_MLL2, MB_MLL3] -> MB_ML.MB_CAL3 -> [MB_CA.MB_MLL3, MB_CA.MB_VLL3]",MB_CA.MB_ML,2,MB_ML,3,MB_CA.MB_ML,3,MB_CA.MB_VL,3
1792212960,mixed,mix->lat,mix,lat,1,0,3,1,1,1.0,3569,3569.0,MB_ML.MB_CA,3,2,2,"[MB_CA.MB_MLL2, PLP.MB_MLL3] -> MB_ML.MB_CAL3 -> [MB_CA.MB_MLL3, MB_CA.MB_VLL3]",MB_CA.MB_ML,2,PLP.MB_ML,3,MB_CA.MB_ML,3,MB_CA.MB_VL,3
1762284600,mixed,mix->lat,mix,lat,1,0,3,1,1,1.0,2758,2758.0,MB_ML.MB_CA,3,2,2,"[MB_CA.MB_VLL2, PLP.CREL3] -> MB_ML.MB_CAL3 -> [MB_CA.MB_MLL3, MB_CA.MB_PEDL3]",MB_CA.MB_VL,2,PLP.CRE,3,MB_CA.MB_ML,3,MB_CA.MB_PED,3
1655549280,mixed,mix->lat,mix,lat,1,0,3,1,1,1.0,2758,2758.0,MB_ML.MB_CA,3,2,2,"[MB_CA.MB_PEDL3, MB_CA.MB_VLL2] -> MB_ML.MB_CAL3 -> [MB_CA.MB_MLL3, PLP.CREL3]",MB_CA.MB_PED,3,MB_CA.MB_VL,2,MB_CA.MB_ML,3,PLP.CRE,3
1644798960,mixed,mix->lat,mix,lat,1,0,3,1,1,1.0,2758,2758.0,MB_ML.MB_CA,3,2,2,"[MB_CA.MB_MLL3, MB_CA.MB_VLL2] -> MB_ML.MB_CAL3 -> [MB_CA.MB_PEDL3, PLP.CREL3]",MB_CA.MB_ML,3,MB_CA.MB_VL,2,MB_CA.MB_PED,3,PLP.CRE,3
1636820800,mixed,mix->lat,mix,lat,1,0,3,2282,3,1.0,32923,14.427,LO,3,2,2,"[MEL2, ME.LOPL3] -> LOL3 -> [LO.LOPL3, LOP.PLPL3]",ME,2,ME.LOP,3,LO.LOP,3,LOP.PLP,3
1636469208,mixed,mix->lat,mix,lat,1,0,3,2282,5,1.0,33652,14.747,LO,3,2,2,"[MEL2, ME.LOPL3] -> LOL3 -> [LO.LOPL3, LOPL3]",ME,2,ME.LOP,3,LO.LOP,3,LOP,3
1636467660,mixed,mix->lat,mix,lat,1,0,3,2282,1,1.0,32576,14.275,LO,3,2,2,"[MEL2, ME.LOPL3] -> LOL3 -> [FB.LOL3, LO.LOPL3]",ME,2,ME.LOP,3,FB.LO,3,LO.LOP,3
1626995192,mixed,mix->lat,mix,lat,1,0,3,2282,5,1.0,15464,6.777,LO,3,2,2,"[ME.LOL2, ME.LOPL3] -> LOL3 -> [LO.LOPL3, LOPL3]",ME.LO,2,ME.LOP,3,LO.LOP,3,LOP,3
1626994620,mixed,mix->lat,mix,lat,1,0,3,2282,1,1.0,14388,6.305,LO,3,2,2,"[ME.LOL2, ME.LOPL3] -> LOL3 -> [FB.LOL3, LO.LOPL3]",ME.LO,2,ME.LOP,3,FB.LO,3,LO.LOP,3
1614574192,mixed,mix->lat,mix,lat,1,0,3,1,1,1.0,2801,2801.0,MB_ML.MB_CA,3,2,2,"[AL.MB_CAL2, MB_CA.MB_PEDL3] -> MB_ML.MB_CAL3 -> [MB_CA.MB_MLL3, MB_CA.MB_VLL3]",AL.MB_CA,2,MB_CA.MB_PED,3,MB_CA.MB_ML,3,MB_CA.MB_VL,3
1604089944,mixed,mix->lat,mix,lat,1,0,3,1,1,1.0,2801,2801.0,MB_ML.MB_CA,3,2,2,"[AL.MB_CAL2, MB_CA.MB_MLL3] -> MB_ML.MB_CAL3 -> [MB_CA.MB_PEDL3, MB_CA.MB_VLL3]",AL.MB_CA,2,MB_CA.MB_ML,3,MB_CA.MB_PED,3,MB_CA.MB_VL,3
1604089944,mixed,mix->lat,mix,lat,1,0,3,1,1,1.0,2801,2801.0,MB_ML.MB_CA,3,2,2,"[AL.MB_CAL2, MB_CA.MB_VLL3] -> MB_ML.MB_CAL3 -> [MB_CA.MB_MLL3, MB_CA.MB_PEDL3]",AL.MB_CA,2,MB_CA.MB_VL,3,MB_CA.MB_ML,3,MB_CA.MB_PED,3
1602309600,mixed,mix->lat,mix,lat,1,0,3,1,1,1.0,2852,2852.0,MB_ML.MB_CA,3,2,2,"[MB_CA.MB_VLL2, PLP.MB_PEDL3] -> MB_ML.MB_CAL3 -> [MB_CA.MB_MLL3, MB_CA.MB_VLL3]",MB_CA.MB_VL,2,PLP.MB_PED,3,MB_CA.MB_ML,3,MB_CA.MB_VL,3
1570995974,mixed,mix->lat,mix,lat,1,0,3,2282,8,1.0,14509,6.358,LO,3,2,2,"[LOP.LOL3, ME.LOL2] -> LOL3 -> [LO.LOPL3, ME.LOPL3]",LOP.LO,3,ME.LO,2,LO.LOP,3,ME.LOP,3
1570993217,mixed,mix->lat,mix,lat,1,0,3,2282,5,1.0,14422,6.32,LO,3,2,2,"[ME.LOL2, PVLP.LOL3] -> LOL3 -> [LO.LOPL3, ME.LOPL3]",ME.LO,2,PVLP.LO,3,LO.LOP,3,ME.LOP,3
1570992460,mixed,mix->lat,mix,lat,1,0,3,2282,1,1.0,14603,6.399,LO,3,2,2,"[LO.PLPL3, ME.LOL2] -> LOL3 -> [LO.LOPL3, ME.LOPL3]",LO.PLP,3,ME.LO,2,LO.LOP,3,ME.LOP,3
1530014400,mixed,mix->lat,mix,lat,1,0,3,52,1,1.0,3595,69.135,MB_ML,3,2,2,"[MB_CA.MB_MLL2, MB_CA.MB_MLL3] -> MB_MLL3 -> [MB_CA.MB_VLL3, PLP.CREL3]",MB_CA.MB_ML,2,MB_CA.MB_ML,3,MB_CA.MB_VL,3,PLP.CRE,3
1530014400,mixed,mix->lat,mix,lat,1,0,3,52,1,1.0,3542,68.115,MB_ML,3,2,2,"[MB_CA.MB_MLL2, MB_CA.MB_MLL3] -> MB_MLL3 -> [MB_CA.MB_VLL3, SCL.MB_MLL3]",MB_CA.MB_ML,2,MB_CA.MB_ML,3,MB_CA.MB_VL,3,SCL.MB_ML,3
1530014400,mixed,mix->lat,mix,lat,1,0,3,52,1,1.0,3595,69.135,MB_ML,3,2,2,"[MB_CA.MB_MLL2, MB_CA.MB_VLL3] -> MB_MLL3 -> [MB_CA.MB_MLL3, PLP.CREL3]",MB_CA.MB_ML,2,MB_CA.MB_VL,3,MB_CA.MB_ML,3,PLP.CRE,3
1530014400,mixed,mix->lat,mix,lat,1,0,3,52,1,1.0,3542,68.115,MB_ML,3,2,2,"[MB_CA.MB_MLL2, MB_CA.MB_VLL3] -> MB_MLL3 -> [MB_CA.MB_MLL3, SCL.MB_MLL3]",MB_CA.MB_ML,2,MB_CA.MB_VL,3,MB_CA.MB_ML,3,SCL.MB_ML,3
1530014400,mixed,mix->lat,mix,lat,1,0,3,52,1,1.0,3595,69.135,MB_ML,3,2,2,"[MB_CA.MB_MLL2, PLP.CREL3] -> MB_MLL3 -> [MB_CA.MB_MLL3, MB_CA.MB_VLL3]",MB_CA.MB_ML,2,PLP.CRE,3,MB_CA.MB_ML,3,MB_CA.MB_VL,3
1530014400,mixed,mix->lat,mix,lat,1,0,3,52,1,1.0,3542,68.115,MB_ML,3,2,2,"[MB_CA.MB_MLL2, SCL.MB_MLL3] -> MB_MLL3 -> [MB_CA.MB_MLL3, MB_CA.MB_VLL3]",MB_CA.MB_ML,2,SCL.MB_ML,3,MB_CA.MB_ML,3,MB_CA.MB_VL,3
1522194120,mixed,mix->lat,mix,lat,1,0,3,1,1,1.0,2852,2852.0,MB_ML.MB_CA,3,2,2,"[MB_CA.MB_MLL3, MB_CA.MB_VLL2] -> MB_ML.MB_CAL3 -> [MB_CA.MB_VLL3, PLP.MB_PEDL3]",MB_CA.MB_ML,3,MB_CA.MB_VL,2,MB_CA.MB_VL,3,PLP.MB_PED,3
1522194120,mixed,mix->lat,mix,lat,1,0,3,1,1,1.0,2852,2852.0,MB_ML.MB_CA,3,2,2,"[MB_CA.MB_VLL2, MB_CA.MB_VLL3] -> MB_ML.MB_CAL3 -> [MB_CA.MB_MLL3, PLP.MB_PEDL3]",MB_CA.MB_VL,2,MB_CA.MB_VL,3,MB_CA.MB_ML,3,PLP.MB_PED,3
1493322388,mixed,mix->lat,mix,lat,1,0,3,52,1,1.0,2823,54.288,MB_ML,3,2,2,"[MB_CA.MB_MLL3, MB_MLL2] -> MB_MLL3 -> [MB_CA.MB_PEDL3, MB_CA.MB_VLL3]",MB_CA.MB_ML,3,MB_ML,2,MB_CA.MB_PED,3,MB_CA.MB_VL,3
1493322388,mixed,mix->lat,mix,lat,1,0,3,52,1,1.0,2823,54.288,MB_ML,3,2,2,"[MB_CA.MB_PEDL3, MB_MLL2] -> MB_MLL3 -> [MB_CA.MB_MLL3, MB_CA.MB_VLL3]",MB_CA.MB_PED,3,MB_ML,2,MB_CA.MB_ML,3,MB_CA.MB_VL,3
1493322388,mixed,mix->lat,mix,lat,1,0,3,52,1,1.0,2823,54.288,MB_ML,3,2,2,"[MB_CA.MB_VLL3, MB_MLL2] -> MB_MLL3 -> [MB_CA.MB_MLL3, MB_CA.MB_PEDL3]",MB_CA.MB_VL,3,MB_ML,2,MB_CA.MB_ML,3,MB_CA.MB_PED,3
1483935326,mixed,mix->lat,mix,lat,1,0,3,2282,21,1.023,24414,10.699,LO,3,2,2,"[LOL2, ME.LOPL3] -> LOL3 -> [MEL3, ME.LOL3]",LO,2,ME.LOP,3,ME,3,ME.LO,3
1482827040,mixed,mix->lat,mix,lat,1,0,3,52,1,1.0,3279,63.058,MB_ML,3,2,2,"[MB_CA.CREL3, MB_CA.MB_MLL2] -> MB_MLL3 -> [MB_CA.MB_MLL3, PLP.MB_MLL3]",MB_CA.CRE,3,MB_CA.MB_ML,2,MB_CA.MB_ML,3,PLP.MB_ML,3
1482827040,mixed,mix->lat,mix,lat,1,0,3,52,1,1.0,3279,63.058,MB_ML,3,2,2,"[MB_CA.MB_MLL2, MB_CA.MB_MLL3] -> MB_MLL3 -> [MB_CA.CREL3, PLP.MB_MLL3]",MB_CA.MB_ML,2,MB_CA.MB_ML,3,MB_CA.CRE,3,PLP.MB_ML,3
1482827040,mixed,mix->lat,mix,lat,1,0,3,52,1,1.0,3279,63.058,MB_ML,3,2,2,"[MB_CA.MB_MLL2, PLP.MB_MLL3] -> MB_MLL3 -> [MB_CA.CREL3, MB_CA.MB_MLL3]",MB_CA.MB_ML,2,PLP.MB_ML,3,MB_CA.CRE,3,MB_CA.MB_ML,3
1433770368,mixed,mix->lat,mix,lat,1,0,3,1,1,1.0,3572,3572.0,MB_ML.MB_CA,3,2,2,"[MB_CA.MB_MLL2, MB_CA.MB_MLL3] -> MB_ML.MB_CAL3 -> [MB_CA.MB_VLL3, MB_MLL3]",MB_CA.MB_ML,2,MB_CA.MB_ML,3,MB_CA.MB_VL,3,MB_ML,3
1433770368,mixed,mix->lat,mix,lat,1,0,3,1,1,1.0,3572,3572.0,MB_ML.MB_CA,3,2,2,"[MB_CA.MB_MLL2, MB_CA.MB_VLL3] -> MB_ML.MB_CAL3 -> [MB_CA.MB_MLL3, MB_MLL3]",MB_CA.MB_ML,2,MB_CA.MB_VL,3,MB_CA.MB_ML,3,MB_ML,3
1348264289,mixed,mix->lat,mix,lat,1,0,3,2282,16,1.0,19096,8.368,LO,3,2,2,"[LOPL2, MEL3] -> LOL3 -> [LO.LOPL3, ME.LOPL3]",LOP,2,ME,3,LO.LOP,3,ME.LOP,3
1348263270,mixed,mix->lat,mix,lat,1,0,3,2282,11,1.0,18455,8.087,LO,3,2,2,"[IPS.MEL2, MEL3] -> LOL3 -> [LO.LOPL3, ME.LOPL3]",IPS.ME,2,ME,3,LO.LOP,3,ME.LOP,3
1347004890,mixed,mix->lat,mix,lat,1,0,3,1,1,1.0,1277,1277.0,MB_ML.MB_CA,3,2,2,"[MB_CA.MB_PEDL3, MB_CA.MB_VLL2] -> MB_ML.MB_CAL3 -> [MB_CA.CREL3, MB_CA.MB_VLL3]",MB_CA.MB_PED,3,MB_CA.MB_VL,2,MB_CA.CRE,3,MB_CA.MB_VL,3
1340401216,mixed,mix->lat,mix,lat,1,0,3,1,1,1.0,2716,2716.0,MB_ML.MB_CA,3,2,2,"[MB_CA.CREL2, MB_CA.MB_PEDL3] -> MB_ML.MB_CAL3 -> [MB_CA.MB_MLL3, MB_CA.MB_VLL3]",MB_CA.CRE,2,MB_CA.MB_PED,3,MB_CA.MB_ML,3,MB_CA.MB_VL,3
1338258105,mixed,mix->lat,mix,lat,1,0,3,1,1,1.0,1277,1277.0,MB_ML.MB_CA,3,2,2,"[MB_CA.CREL3, MB_CA.MB_VLL2] -> MB_ML.MB_CAL3 -> [MB_CA.MB_PEDL3, MB_CA.MB_VLL3]",MB_CA.CRE,3,MB_CA.MB_VL,2,MB_CA.MB_PED,3,MB_CA.MB_VL,3
1338258105,mixed,mix->lat,mix,lat,1,0,3,1,1,1.0,1277,1277.0,MB_ML.MB_CA,3,2,2,"[MB_CA.MB_VLL2, MB_CA.MB_VLL3] -> MB_ML.MB_CAL3 -> [MB_CA.CREL3, MB_CA.MB_PEDL3]",MB_CA.MB_VL,2,MB_CA.MB_VL,3,MB_CA.CRE,3,MB_CA.MB_PED,3
1331697312,mixed,mix->lat,mix,lat,1,0,3,1,1,1.0,2716,2716.0,MB_ML.MB_CA,3,2,2,"[MB_CA.CREL2, MB_CA.MB_MLL3] -> MB_ML.MB_CAL3 -> [MB_CA.MB_PEDL3, MB_CA.MB_VLL3]",MB_CA.CRE,2,MB_CA.MB_ML,3,MB_CA.MB_PED,3,MB_CA.MB_VL,3
1331697312,mixed,mix->lat,mix,lat,1,0,3,1,1,1.0,2716,2716.0,MB_ML.MB_CA,3,2,2,"[MB_CA.CREL2, MB_CA.MB_VLL3] -> MB_ML.MB_CAL3 -> [MB_CA.MB_MLL3, MB_CA.MB_PEDL3]",MB_CA.CRE,2,MB_CA.MB_VL,3,MB_CA.MB_ML,3,MB_CA.MB_PED,3
1323014400,mixed,mix->lat,mix,lat,1,0,3,2282,1,1.0,8680,3.804,LO,3,2,2,"[LO.LOPL2, LO.MEL3] -> LOL3 -> [LO.LOPL3, ME.LOPL3]",LO.LOP,2,LO.ME,3,LO.LOP,3,ME.LOP,3
1301623020,mixed,mix->lat,mix,lat,1,0,3,1,1,1.0,1920,1920.0,MB_ML.MB_CA,3,2,2,"[MB_CA.MB_MLL2, PLP.CREL3] -> MB_ML.MB_CAL3 -> [MB_CA.MB_PEDL3, MB_CA.MB_VLL3]",MB_CA.MB_ML,2,PLP.CRE,3,MB_CA.MB_PED,3,MB_CA.MB_VL,3
1295412192,mixed,mix->lat,mix,lat,1,0,3,52,1,1.0,2801,53.865,MB_ML,3,2,2,"[AL.MB_CAL2, MB_CA.MB_MLL3] -> MB_MLL3 -> [MB_CA.MB_PEDL3, MB_CA.MB_VLL3]",AL.MB_CA,2,MB_CA.MB_ML,3,MB_CA.MB_PED,3,MB_CA.MB_VL,3
1295412192,mixed,mix->lat,mix,lat,1,0,3,52,1,1.0,2801,53.865,MB_ML,3,2,2,"[AL.MB_CAL2, MB_CA.MB_PEDL3] -> MB_MLL3 -> [MB_CA.MB_MLL3, MB_CA.MB_VLL3]",AL.MB_CA,2,MB_CA.MB_PED,3,MB_CA.MB_ML,3,MB_CA.MB_VL,3
1295412192,mixed,mix->lat,mix,lat,1,0,3,52,1,1.0,2801,53.865,MB_ML,3,2,2,"[AL.MB_CAL2, MB_CA.MB_VLL3] -> MB_MLL3 -> [MB_CA.MB_MLL3, MB_CA.MB_PEDL3]",AL.MB_CA,2,MB_CA.MB_VL,3,MB_CA.MB_ML,3,MB_CA.MB_PED,3
1279473888,mixed,mix->lat,mix,lat,1,0,3,1,1,1.0,2866,2866.0,MB_ML.MB_CA,3,2,2,"[AL.LHL2, MB_CA.MB_PEDL3] -> MB_ML.MB_CAL3 -> [MB_CA.MB_MLL3, MB_CA.MB_VLL3]",AL.LH,2,MB_CA.MB_PED,3,MB_CA.MB_ML,3,MB_CA.MB_VL,3
1271165616,mixed,mix->lat,mix,lat,1,0,3,1,1,1.0,2866,2866.0,MB_ML.MB_CA,3,2,2,"[AL.LHL2, MB_CA.MB_MLL3] -> MB_ML.MB_CAL3 -> [MB_CA.MB_PEDL3, MB_CA.MB_VLL3]",AL.LH,2,MB_CA.MB_ML,3,MB_CA.MB_PED,3,MB_CA.MB_VL,3
1271165616,mixed,mix->lat,mix,lat,1,0,3,1,1,1.0,2866,2866.0,MB_ML.MB_CA,3,2,2,"[AL.LHL2, MB_CA.MB_VLL3] -> MB_ML.MB_CAL3 -> [MB_CA.MB_MLL3, MB_CA.MB_PEDL3]",AL.LH,2,MB_CA.MB_VL,3,MB_CA.MB_ML,3,MB_CA.MB_PED,3
1242200677,mixed,mix->lat,mix,lat,1,0,3,2282,4,1.367,24440,10.71,LO,3,2,2,"[LO.LOPL2, ME.LOL3] -> LOL3 -> [LO.LOPL3, MEL3]",LO.LOP,2,ME.LO,3,LO.LOP,3,ME,3
1222788336,mixed,mix->lat,mix,lat,1,0,3,1,1,1.0,1920,1920.0,MB_ML.MB_CA,3,2,2,"[MB_CA.MB_MLL2, MB_CA.MB_PEDL3] -> MB_ML.MB_CAL3 -> [MB_CA.MB_VLL3, PLP.CREL3]",MB_CA.MB_ML,2,MB_CA.MB_PED,3,MB_CA.MB_VL,3,PLP.CRE,3
1214848152,mixed,mix->lat,mix,lat,1,0,3,1,1,1.0,1920,1920.0,MB_ML.MB_CA,3,2,2,"[MB_CA.MB_MLL2, MB_CA.MB_VLL3] -> MB_ML.MB_CAL3 -> [MB_CA.MB_PEDL3, PLP.CREL3]",MB_CA.MB_ML,2,MB_CA.MB_VL,3,MB_CA.MB_PED,3,PLP.CRE,3
1201732200,mixed,mix->lat,mix,lat,1,0,3,1,1,1.0,2871,2871.0,MB_ML.MB_CA,3,2,2,"[MB_CA.MB_MLL3, MB_CA.MB_VLL2] -> MB_ML.MB_CAL3 -> [MB_CA.MB_VLL3, PLP.MB_MLL3]",MB_CA.MB_ML,3,MB_CA.MB_VL,2,MB_CA.MB_VL,3,PLP.MB_ML,3
1201732200,mixed,mix->lat,mix,lat,1,0,3,1,1,1.0,2871,2871.0,MB_ML.MB_CA,3,2,2,"[MB_CA.MB_VLL2, MB_CA.MB_VLL3] -> MB_ML.MB_CAL3 -> [MB_CA.MB_MLL3, PLP.MB_MLL3]",MB_CA.MB_VL,2,MB_CA.MB_VL,3,MB_CA.MB_ML,3,PLP.MB_ML,3
1201732200,mixed,mix->lat,mix,lat,1,0,3,1,1,1.0,2874,2874.0,MB_ML.MB_CA,3,2,2,"[MB_CA.MB_VLL2, MB_MLL3] -> MB_ML.MB_CAL3 -> [MB_CA.MB_MLL3, MB_CA.MB_VLL3]",MB_CA.MB_VL,2,MB_ML,3,MB_CA.MB_ML,3,MB_CA.MB_VL,3
1201732200,mixed,mix->lat,mix,lat,1,0,3,1,1,1.0,2871,2871.0,MB_ML.MB_CA,3,2,2,"[MB_CA.MB_VLL2, PLP.MB_MLL3] -> MB_ML.MB_CAL3 -> [MB_CA.MB_MLL3, MB_CA.MB_VLL3]",MB_CA.MB_VL,2,PLP.MB_ML,3,MB_CA.MB_ML,3,MB_CA.MB_VL,3
1185265440,mixed,mix->lat,mix,lat,1,0,3,1,1,1.0,3305,3305.0,MB_ML.MB_CA,3,2,2,"[MB_CA.MB_MLL2, PLP.CREL3] -> MB_ML.MB_CAL3 -> [MB_CA.CREL3, MB_CA.MB_MLL3]",MB_CA.MB_ML,2,PLP.CRE,3,MB_CA.CRE,3,MB_CA.MB_ML,3
1168087680,mixed,mix->lat,mix,lat,1,0,3,1,1,1.0,3411,3411.0,MB_ML.MB_CA,3,2,2,"[MB_CA.MB_MLL2, PLP.MB_PEDL3] -> MB_ML.MB_CAL3 -> [MB_CA.MB_MLL3, MB_CA.MB_PEDL3]",MB_CA.MB_ML,2,PLP.MB_PED,3,MB_CA.MB_ML,3,MB_CA.MB_PED,3
1116936128,mixed,mix->lat,mix,lat,1,0,3,1,1,1.0,3411,3411.0,MB_ML.MB_CA,3,2,2,"[MB_CA.MB_MLL2, MB_CA.MB_PEDL3] -> MB_ML.MB_CAL3 -> [MB_CA.MB_MLL3, PLP.MB_PEDL3]",MB_CA.MB_ML,2,MB_CA.MB_PED,3,MB_CA.MB_ML,3,PLP.MB_PED,3
1109683296,mixed,mix->lat,mix,lat,1,0,3,1,1,1.0,3411,3411.0,MB_ML.MB_CA,3,2,2,"[MB_CA.MB_MLL2, MB_CA.MB_MLL3] -> MB_ML.MB_CAL3 -> [MB_CA.MB_PEDL3, PLP.MB_PEDL3]",MB_CA.MB_ML,2,MB_CA.MB_ML,3,MB_CA.MB_PED,3,PLP.MB_PED,3
1106247744,mixed,mix->lat,mix,lat,1,0,3,1,1,1.0,3305,3305.0,MB_ML.MB_CA,3,2,2,"[MB_CA.CREL3, MB_CA.MB_MLL2] -> MB_ML.MB_CAL3 -> [MB_CA.MB_MLL3, PLP.CREL3]",MB_CA.CRE,3,MB_CA.MB_ML,2,MB_CA.MB_ML,3,PLP.CRE,3
1106247744,mixed,mix->lat,mix,lat,1,0,3,1,1,1.0,3305,3305.0,MB_ML.MB_CA,3,2,2,"[MB_CA.MB_MLL2, MB_CA.MB_MLL3] -> MB_ML.MB_CAL3 -> [MB_CA.CREL3, PLP.CREL3]",MB_CA.MB_ML,2,MB_CA.MB_ML,3,MB_CA.CRE,3,PLP.CRE,3
1104743970,mixed,mix->lat,mix,lat,1,0,3,2282,5,1.0,10127,4.438,LO,3,2,2,"[LOP.LOL3, ME.LOPL2] -> LOL3 -> [LO.LOPL3, ME.LOPL3]",LOP.LO,3,ME.LOP,2,LO.LOP,3,ME.LOP,3
1104743343,mixed,mix->lat,mix,lat,1,0,3,2282,3,1.0,10040,4.4,LO,3,2,2,"[ME.LOPL2, PVLP.LOL3] -> LOL3 -> [LO.LOPL3, ME.LOPL3]",ME.LOP,2,PVLP.LO,3,LO.LOP,3,ME.LOP,3
1104743280,mixed,mix->lat,mix,lat,1,0,3,2282,1,1.0,10221,4.479,LO,3,2,2,"[LO.PLPL3, ME.LOPL2] -> LOL3 -> [LO.LOPL3, ME.LOPL3]",LO.PLP,3,ME.LOP,2,LO.LOP,3,ME.LOP,3
1096641342,mixed,mix->lat,mix,lat,1,0,3,2282,5,1.26,24016,10.524,LO,3,2,2,"[LO.LOPL2, ME.LOL3] -> LOL3 -> [MEL3, ME.LOPL3]",LO.LOP,2,ME.LO,3,ME,3,ME.LOP,3
1075327776,mixed,mix->lat,mix,lat,1,0,3,1,1,1.0,3544,3544.0,MB_ML.MB_CA,3,2,2,"[MB_CAL3, MB_CA.MB_MLL2] -> MB_ML.MB_CAL3 -> [MB_CA.MB_MLL3, MB_CA.MB_VLL3]",MB_CA,3,MB_CA.MB_ML,2,MB_CA.MB_ML,3,MB_CA.MB_VL,3
1075327776,mixed,mix->lat,mix,lat,1,0,3,1,1,1.0,3544,3544.0,MB_ML.MB_CA,3,2,2,"[MB_CA.MB_MLL2, MB_CA.MB_MLL3] -> MB_ML.MB_CAL3 -> [MB_CAL3, MB_CA.MB_VLL3]",MB_CA.MB_ML,2,MB_CA.MB_ML,3,MB_CA,3,MB_CA.MB_VL,3
1075327776,mixed,mix->lat,mix,lat,1,0,3,1,1,1.0,3544,3544.0,MB_ML.MB_CA,3,2,2,"[MB_CA.MB_MLL2, MB_CA.MB_VLL3] -> MB_ML.MB_CAL3 -> [MB_CAL3, MB_CA.MB_MLL3]",MB_CA.MB_ML,2,MB_CA.MB_VL,3,MB_CA,3,MB_CA.MB_ML,3
1063732346,mixed,mix->lat,mix,lat,1,0,3,2282,3,1.0,14735,6.457,LO,3,2,2,"[ME.LOL2, ME.LOPL3] -> LOL3 -> [LO.LOPL3, LOP.PLPL3]",ME.LO,2,ME.LOP,3,LO.LOP,3,LOP.PLP,3
6622575230,mixed,lat->FF,lat,FF,2,0,2,1183,121,1.963,34470,29.138,LO,2,2,2,"[MEL2, ME.LOL2] -> LOL2 -> [LOL3, LO.PVLPL3]",ME,2,ME.LO,2,LO,3,LO.PVLP,3
2044844199,mixed,lat->FF,lat,FF,2,0,2,647,81,2.349,7785,12.032,LOP,2,2,2,"[LO.LOPL2, ME.LOPL2] -> LOPL2 -> [LOPL3, ME.LOPL3]",LO.LOP,2,ME.LOP,2,LOP,3,ME.LOP,3
1876419543,mixed,lat->FF,lat,FF,2,0,2,647,73,2.456,12991,20.079,LOP,2,2,2,"[LO.LOPL2, ME.LOPL2] -> LOPL2 -> [LOPL3, ME.LOL3]",LO.LOP,2,ME.LOP,2,LOP,3,ME.LO,3
1308299554,mixed,lat->FF,lat,FF,2,0,2,647,63,1.457,15572,24.068,LOP,2,2,2,"[LO.LOPL2, ME.LOPL2] -> LOPL2 -> [ME.LOL3, ME.LOPL3]",LO.LOP,2,ME.LOP,2,ME.LO,3,ME.LOP,3
1044572424,mixed,lat->FF,lat,FF,2,0,2,1183,121,1.392,33806,28.577,LO,2,2,2,"[MEL2, ME.LOL2] -> LOL2 -> [LOL3, LO.AVLPL3]",ME,2,ME.LO,2,LO,3,LO.AVLP,3
1027466851,mixed,lat->FF,lat,FF,2,0,2,647,89,2.639,4475,6.917,LOP,2,2,2,"[LO.LOPL2, ME.LOPL2] -> LOPL2 -> [LOPL3, LOP.PLPL3]",LO.LOP,2,ME.LOP,2,LOP,3,LOP.PLP,3
977254182,mixed,lat->FF,lat,FF,2,0,2,647,83,2.882,8209,12.688,LOP,2,2,2,"[LO.LOPL2, ME.LOPL2] -> LOPL2 -> [LO.LOPL3, LOPL3]",LO.LOP,2,ME.LOP,2,LO.LOP,3,LOP,3
822496775,mixed,lat->FF,lat,FF,2,0,2,1183,61,1.524,32230,27.244,LO,2,2,2,"[MEL2, ME.LOL2] -> LOL2 -> [LO.AVLPL3, LO.PVLPL3]",ME,2,ME.LO,2,LO.AVLP,3,LO.PVLP,3
606702096,mixed,lat->FF,lat,FF,2,0,2,647,106,1.726,10790,16.677,LOP,2,2,2,"[LO.LOPL2, ME.LOPL2] -> LOPL2 -> [LO.LOPL3, ME.LOPL3]",LO.LOP,2,ME.LOP,2,LO.LOP,3,ME.LOP,3
581565168,mixed,lat->FF,lat,FF,2,0,2,647,30,1.913,4249,6.567,LOP,2,2,2,"[LO.LOPL2, ME.LOPL2] -> LOPL2 -> [LOPL3, LOP.LOL3]",LO.LOP,2,ME.LOP,2,LOP,3,LOP.LO,3
575201213,mixed,lat->FF,lat,FF,2,0,2,647,45,1.753,7056,10.906,LOP,2,2,2,"[LO.LOPL2, ME.LOPL2] -> LOPL2 -> [LOP.PLPL3, ME.LOPL3]",LO.LOP,2,ME.LOP,2,LOP.PLP,3,ME.LOP,3
546455331,mixed,lat->FF,lat,FF,2,0,2,647,88,1.139,17417,26.92,LOP,2,2,2,"[LO.LOPL2, ME.LOPL2] -> LOPL2 -> [MEL3, ME.LOPL3]",LO.LOP,2,ME.LOP,2,ME,3,ME.LOP,3
537096952,mixed,lat->FF,lat,FF,2,0,2,647,62,1.294,14836,22.93,LOP,2,2,2,"[LO.LOPL2, ME.LOPL2] -> LOPL2 -> [LOPL3, MEL3]",LO.LOP,2,ME.LOP,2,LOP,3,ME,3
528720094,mixed,lat->FF,lat,FF,2,0,2,647,41,1.972,12262,18.952,LOP,2,2,2,"[LO.LOPL2, ME.LOPL2] -> LOPL2 -> [LOP.PLPL3, ME.LOL3]",LO.LOP,2,ME.LOP,2,LOP.PLP,3,ME.LO,3
526935465,mixed,lat->FF,lat,FF,2,0,2,647,75,1.866,15996,24.723,LOP,2,2,2,"[LO.LOPL2, ME.LOPL2] -> LOPL2 -> [LO.LOPL3, ME.LOL3]",LO.LOP,2,ME.LOP,2,LO.LOP,3,ME.LO,3
489546263,mixed,lat->FF,lat,FF,2,0,2,1183,129,1.966,33980,28.724,LO,2,2,2,"[MEL2, ME.LOL2] -> LOL2 -> [LOL3, LO.PLPL3]",ME,2,ME.LO,2,LO,3,LO.PLP,3
439335180,mixed,lat->FF,lat,FF,2,0,2,647,59,1.105,22623,34.966,LOP,2,2,2,"[LO.LOPL2, ME.LOPL2] -> LOPL2 -> [MEL3, ME.LOL3]",LO.LOP,2,ME.LOP,2,ME,3,ME.LO,3
422884250,mixed,lat->FF,lat,FF,2,0,2,1183,54,1.999,32404,27.391,LO,2,2,2,"[MEL2, ME.LOL2] -> LOL2 -> [LO.PLPL3, LO.PVLPL3]",ME,2,ME.LO,2,LO.PLP,3,LO.PVLP,3
346154656,mixed,lat->FF,lat,FF,2,0,2,24835,137,1.614,20821,0.838,ME,2,2,2,"[LOL2, ME.LOL2] -> MEL2 -> [LOL3, MEL3]",LO,2,ME.LO,2,LO,3,ME,3
253989215,mixed,lat->FF,lat,FF,2,0,2,647,44,2.306,7480,11.561,LOP,2,2,2,"[LO.LOPL2, ME.LOPL2] -> LOPL2 -> [LO.LOPL3, LOP.PLPL3]",LO.LOP,2,ME.LOP,2,LO.LOP,3,LOP.PLP,3
228283984,mixed,lat->FF,lat,FF,2,0,2,24835,183,1.975,27403,1.103,ME,2,2,2,"[LOL2, ME.LOL2] -> MEL2 -> [MEL3, ME.LOL3]",LO,2,ME.LO,2,ME,3,ME.LO,3
225092762,mixed,lat->FF,lat,FF,2,0,2,647,23,1.578,7107,10.985,LOP,2,2,2,"[LOP.LOL2, ME.LOPL2] -> LOPL2 -> [LOPL3, ME.LOPL3]",LOP.LO,2,ME.LOP,2,LOP,3,ME.LOP,3
196611241,mixed,lat->FF,lat,FF,2,0,2,24835,96,1.968,19797,0.797,ME,2,2,2,"[LO.MEL2, ME.LOL2] -> MEL2 -> [LOL3, MEL3]",LO.ME,2,ME.LO,2,LO,3,ME,3
188978831,mixed,lat->FF,lat,FF,2,0,2,647,96,1.16,17841,27.575,LOP,2,2,2,"[LO.LOPL2, ME.LOPL2] -> LOPL2 -> [LO.LOPL3, MEL3]",LO.LOP,2,ME.LOP,2,LO.LOP,3,ME,3
176767883,mixed,lat->FF,lat,FF,2,0,2,647,22,1.91,12036,18.603,LOP,2,2,2,"[LO.LOPL2, ME.LOPL2] -> LOPL2 -> [LOP.LOL3, ME.LOL3]",LO.LOP,2,ME.LOP,2,LOP.LO,3,ME.LO,3
173113619,mixed,lat->FF,lat,FF,2,0,2,647,38,1.123,14107,21.804,LOP,2,2,2,"[LO.LOPL2, ME.LOPL2] -> LOPL2 -> [LOP.PLPL3, MEL3]",LO.LOP,2,ME.LOP,2,LOP.PLP,3,ME,3
164947626,mixed,lat->FF,lat,FF,2,0,2,647,14,2.437,6830,10.556,LOP,2,2,2,"[LO.LOPL2, ME.LOPL2] -> LOPL2 -> [LOP.LOL3, ME.LOPL3]",LO.LOP,2,ME.LOP,2,LOP.LO,3,ME.LOP,3
163953670,mixed,lat->FF,lat,FF,2,0,2,647,100,1.717,7082,10.946,LOP,2,2,2,"[IPS.LOPL2, ME.LOPL2] -> LOPL2 -> [LOPL3, ME.LOPL3]",IPS.LOP,2,ME.LOP,2,LOP,3,ME.LOP,3
155943020,mixed,lat->FF,lat,FF,2,0,2,1183,189,2.465,44473,37.593,LO,2,2,2,"[MEL2, ME.LOL2] -> LOL2 -> [LOL3, MEL3]",ME,2,ME.LO,2,LO,3,ME,3
154033191,mixed,lat->FF,lat,FF,2,0,2,647,18,1.696,12313,19.031,LOP,2,2,2,"[LOP.LOL2, ME.LOPL2] -> LOPL2 -> [LOPL3, ME.LOL3]",LOP.LO,2,ME.LOP,2,LOP,3,ME.LO,3
143370089,mixed,lat->FF,lat,FF,2,0,2,647,13,1.355,31835,49.204,LOP,2,2,2,"[MEL2, ME.LOPL2] -> LOPL2 -> [LOPL3, ME.LOPL3]",ME,2,ME.LOP,2,LOP,3,ME.LOP,3
142653699,mixed,lat->FF,lat,FF,2,0,2,24835,141,1.991,26379,1.062,ME,2,2,2,"[LO.MEL2, ME.LOL2] -> MEL2 -> [MEL3, ME.LOL3]",LO.ME,2,ME.LO,2,ME,3,ME.LO,3
136995264,mixed,lat->FF,lat,FF,2,0,2,24835,125,1.794,18976,0.764,ME,2,2,2,"[LOL2, ME.LOL2] -> MEL2 -> [LOL3, ME.LOL3]",LO,2,ME.LO,2,LO,3,ME.LO,3
136553782,mixed,lat->FF,lat,FF,2,0,2,647,74,1.767,12288,18.992,LOP,2,2,2,"[IPS.LOPL2, ME.LOPL2] -> LOPL2 -> [LOPL3, ME.LOL3]",IPS.LOP,2,ME.LOP,2,LOP,3,ME.LO,3
136305649,mixed,lat->FF,lat,FF,2,0,2,647,59,1.851,6409,9.906,LOP,2,2,2,"[LO.LOPL2, ME.LOPL2] -> LOPL2 -> [LOL3, LOPL3]",LO.LOP,2,ME.LOP,2,LO,3,LOP,3
125272082,mixed,lat->FF,lat,FF,2,0,2,1183,76,1.987,42897,36.261,LO,2,2,2,"[MEL2, ME.LOL2] -> LOL2 -> [LO.PVLPL3, MEL3]",ME,2,ME.LO,2,LO.PVLP,3,ME,3
122168761,mixed,lat->FF,lat,FF,2,0,2,647,37,1.001,13647,21.093,LOP,2,2,2,"[ME.LOL2, ME.LOPL2] -> LOPL2 -> [LOPL3, ME.LOPL3]",ME.LO,2,ME.LOP,2,LOP,3,ME.LOP,3
121344120,mixed,lat->FF,lat,FF,2,0,2,647,18,1.658,3520,5.44,LOP,2,2,2,"[LO.LOPL2, ME.LOPL2] -> LOPL2 -> [LOP.LOL3, LOP.PLPL3]",LO.LOP,2,ME.LOP,2,LOP.LO,3,LOP.PLP,3
121073599,mixed,lat->FF,lat,FF,2,0,2,647,18,1.352,7531,11.64,LOP,2,2,2,"[LOP.LOL2, ME.LOPL2] -> LOPL2 -> [LO.LOPL3, LOPL3]",LOP.LO,2,ME.LOP,2,LO.LOP,3,LOP,3
120160374,mixed,lat->FF,lat,FF,2,0,2,647,54,1.223,14869,22.981,LOP,2,2,2,"[IPS.LOPL2, ME.LOPL2] -> LOPL2 -> [ME.LOL3, ME.LOPL3]",IPS.LOP,2,ME.LOP,2,ME.LO,3,ME.LOP,3
119427477,mixed,lat->FF,lat,FF,2,0,2,647,20,1.04,6863,10.607,LOP,2,2,2,"[LO.LOPL2, ME.LOPL2] -> LOPL2 -> [LO.MEL3, ME.LOPL3]",LO.LOP,2,ME.LOP,2,LO.ME,3,ME.LOP,3
117733105,mixed,lat->FF,lat,FF,2,0,2,647,49,1.257,8990,13.895,LOP,2,2,2,"[LO.LOPL2, ME.LOPL2] -> LOPL2 -> [LOL3, ME.LOPL3]",LO.LOP,2,ME.LOP,2,LO,3,ME.LOP,3
116799003,mixed,lat->FF,lat,FF,2,0,2,647,10,1.352,37041,57.25,LOP,2,2,2,"[MEL2, ME.LOPL2] -> LOPL2 -> [LOPL3, ME.LOL3]",ME,2,ME.LOP,2,LOP,3,ME.LO,3
113829060,mixed,lat->FF,lat,FF,2,0,2,647,17,1.101,39622,61.24,LOP,2,2,2,"[MEL2, ME.LOPL2] -> LOPL2 -> [ME.LOL3, ME.LOPL3]",ME,2,ME.LOP,2,ME.LO,3,ME.LOP,3
110191870,mixed,lat->FF,lat,FF,2,0,2,647,19,1.046,4282,6.618,LOP,2,2,2,"[LO.LOPL2, ME.LOPL2] -> LOPL2 -> [LO.MEL3, LOPL3]",LO.LOP,2,ME.LOP,2,LO.ME,3,LOP,3
108414421,mixed,lat->FF,lat,FF,2,0,2,647,24,1.0,21434,33.128,LOP,2,2,2,"[ME.LOL2, ME.LOPL2] -> LOPL2 -> [ME.LOL3, ME.LOPL3]",ME.LO,2,ME.LOP,2,ME.LO,3,ME.LOP,3
108252500,mixed,lat->FF,lat,FF,2,0,2,647,14,2.122,7254,11.212,LOP,2,2,2,"[LO.LOPL2, ME.LOPL2] -> LOPL2 -> [LO.LOPL3, LOP.LOL3]",LO.LOP,2,ME.LOP,2,LO.LOP,3,LOP.LO,3
105248031,mixed,lat->FF,lat,FF,2,0,2,1183,6,1.792,33799,28.571,LO,2,2,2,"[MEL2, ME.LOL2] -> LOL2 -> [LOL3, PVLP.LOL3]",ME,2,ME.LO,2,LO,3,PVLP.LO,3
104954108,mixed,lat->FF,lat,FF,2,0,2,1183,32,2.009,27982,23.653,LO,2,2,2,"[LO.MEL2, MEL2] -> LOL2 -> [LOL3, LO.PVLPL3]",LO.ME,2,ME,2,LO,3,LO.PVLP,3
103329861,mixed,lat->FF,lat,FF,2,0,2,647,13,1.572,7021,10.852,LOP,2,2,2,"[LOP.IPSL2, ME.LOPL2] -> LOPL2 -> [LOPL3, ME.LOPL3]",LOP.IPS,2,ME.LOP,2,LOP,3,ME.LOP,3
99814584,mixed,lat->FF,lat,FF,2,0,2,647,40,1.001,18853,29.139,LOP,2,2,2,"[ME.LOL2, ME.LOPL2] -> LOPL2 -> [LOPL3, ME.LOL3]",ME.LO,2,ME.LOP,2,LOP,3,ME.LO,3
98293861,mixed,lat->FF,lat,FF,2,0,2,647,57,1.406,8183,12.648,LOP,2,2,2,"[LOL2, ME.LOPL2] -> LOPL2 -> [LOPL3, ME.LOPL3]",LO,2,ME.LOP,2,LOP,3,ME.LOP,3
98215070,mixed,lat->FF,lat,FF,2,0,2,1183,5,1.628,32223,27.238,LO,2,2,2,"[MEL2, ME.LOL2] -> LOL2 -> [LO.PVLPL3, PVLP.LOL3]",ME,2,ME.LO,2,LO.PVLP,3,PVLP.LO,3
97678803,mixed,lat->FF,lat,FF,2,0,2,647,58,1.291,14196,21.941,LOP,2,2,2,"[LO.LOPL2, ME.LOPL2] -> LOPL2 -> [LOL3, ME.LOL3]",LO.LOP,2,ME.LOP,2,LO,3,ME.LO,3
96735683,mixed,lat->FF,lat,FF,2,0,2,647,12,1.023,12069,18.654,LOP,2,2,2,"[LO.LOPL2, ME.LOPL2] -> LOPL2 -> [LO.MEL3, ME.LOL3]",LO.LOP,2,ME.LOP,2,LO.ME,3,ME.LO,3
88886146,mixed,lat->FF,lat,FF,2,0,2,647,7,1.018,3571,5.519,LOP,2,2,2,"[LOP.LOL2, ME.LOPL2] -> LOPL2 -> [LOPL3, LOP.LOL3]",LOP.LO,2,ME.LOP,2,LOP,3,LOP.LO,3
88208555,mixed,lat->FF,lat,FF,2,0,2,647,14,1.161,4138,6.396,LOP,2,2,2,"[LO.LOPL2, ME.LOPL2] -> LOPL2 -> [LOPL3, LOP.PVLPL3]",LO.LOP,2,ME.LOP,2,LOP,3,LOP.PVLP,3
86900382,mixed,lat->FF,lat,FF,2,0,2,24835,37,1.849,19796,0.797,ME,2,2,2,"[ME.LOL2, ME.PLPL2] -> MEL2 -> [LOL3, MEL3]",ME.LO,2,ME.PLP,2,LO,3,ME,3
86894692,mixed,lat->FF,lat,FF,2,0,2,647,6,1.635,12227,18.898,LOP,2,2,2,"[LOP.IPSL2, ME.LOPL2] -> LOPL2 -> [LOPL3, ME.LOL3]",LOP.IPS,2,ME.LOP,2,LOP,3,ME.LO,3
85793995,mixed,lat->FF,lat,FF,2,0,2,647,14,1.97,14894,23.02,LOP,2,2,2,"[LOP.LOL2, ME.LOPL2] -> LOPL2 -> [ME.LOL3, ME.LOPL3]",LOP.LO,2,ME.LOP,2,ME.LO,3,ME.LOP,3
83324020,mixed,lat->FF,lat,FF,2,0,2,647,21,1.546,3797,5.869,LOP,2,2,2,"[LOP.LOL2, ME.LOPL2] -> LOPL2 -> [LOPL3, LOP.PLPL3]",LOP.LO,2,ME.LOP,2,LOP,3,LOP.PLP,3
82117095,mixed,lat->FF,lat,FF,2,0,2,24835,84,2.017,17952,0.723,ME,2,2,2,"[LO.MEL2, ME.LOL2] -> MEL2 -> [LOL3, ME.LOL3]",LO.ME,2,ME.LO,2,LO,3,ME.LO,3
79199314,mixed,lat->FF,lat,FF,2,0,2,647,5,1.197,14808,22.887,LOP,2,2,2,"[LOP.IPSL2, ME.LOPL2] -> LOPL2 -> [ME.LOL3, ME.LOPL3]",LOP.IPS,2,ME.LOP,2,ME.LO,3,ME.LOP,3
77110632,mixed,lat->FF,lat,FF,2,0,2,647,43,1.315,13389,20.694,LOP,2,2,2,"[LOL2, ME.LOPL2] -> LOPL2 -> [LOPL3, ME.LOL3]",LO,2,ME.LOP,2,LOP,3,ME.LO,3
76299297,mixed,lat->FF,lat,FF,2,0,2,647,45,1.112,15970,24.683,LOP,2,2,2,"[LOL2, ME.LOPL2] -> LOPL2 -> [ME.LOL3, ME.LOPL3]",LO,2,ME.LOP,2,ME.LO,3,ME.LOP,3
74346962,mixed,lat->FF,lat,FF,2,0,2,647,8,1.304,12272,18.968,LOP,2,2,2,"[LOP.PLPL2, ME.LOPL2] -> LOPL2 -> [LOPL3, ME.LOL3]",LOP.PLP,2,ME.LOP,2,LOP,3,ME.LO,3
74108794,mixed,lat->FF,lat,FF,2,0,2,647,27,2.809,4154,6.42,LOP,2,2,2,"[LO.LOPL2, ME.LOPL2] -> LOPL2 -> [LOPL3, LOP.MEL3]",LO.LOP,2,ME.LOP,2,LOP,3,LOP.ME,3
73300287,mixed,lat->FF,lat,FF,2,0,2,1183,189,2.193,42628,36.034,LO,2,2,2,"[MEL2, ME.LOL2] -> LOL2 -> [LOL3, ME.LOL3]",ME,2,ME.LO,2,LO,3,ME.LO,3
72724069,mixed,lat->FF,lat,FF,2,0,2,1183,49,1.318,31740,26.83,LO,2,2,2,"[MEL2, ME.LOL2] -> LOL2 -> [LO.AVLPL3, LO.PLPL3]",ME,2,ME.LO,2,LO.AVLP,3,LO.PLP,3
68578338,mixed,lat->FF,lat,FF,2,0,2,647,24,1.699,4833,7.47,LOP,2,2,2,"[LO.LOPL2, ME.LOPL2] -> LOPL2 -> [LO.PVLPL3, LOPL3]",LO.LOP,2,ME.LOP,2,LO.PVLP,3,LOP,3
68244140,mixed,lat->FF,lat,FF,2,0,2,24835,18,1.799,18644,0.751,ME,2,2,2,"[LOL2, ME.LOL2] -> MEL2 -> [MEL3, ME.PLPL3]",LO,2,ME.LO,2,ME,3,ME.PLP,3
67322104,mixed,lat->FF,lat,FF,2,0,2,647,100,2.209,7506,11.601,LOP,2,2,2,"[IPS.LOPL2, ME.LOPL2] -> LOPL2 -> [LO.LOPL3, LOPL3]",IPS.LOP,2,ME.LOP,2,LO.LOP,3,LOP,3
64543791,mixed,lat->FF,lat,FF,2,0,2,1183,19,1.999,27827,23.522,LO,2,2,2,"[MEL2, SMP.LOL2] -> LOL2 -> [LOL3, LO.PVLPL3]",ME,2,SMP.LO,2,LO,3,LO.PVLP,3
63107326,mixed,lat->FF,lat,FF,2,0,2,647,95,2.199,3772,5.83,LOP,2,2,2,"[IPS.LOPL2, ME.LOPL2] -> LOPL2 -> [LOPL3, LOP.PLPL3]",IPS.LOP,2,ME.LOP,2,LOP,3,LOP.PLP,3
63000746,mixed,lat->FF,lat,FF,2,0,2,24835,60,2.211,26378,1.062,ME,2,2,2,"[ME.LOL2, ME.PLPL2] -> MEL2 -> [MEL3, ME.LOL3]",ME.LO,2,ME.PLP,2,ME,3,ME.LO,3
62402848,mixed,lat->FF,lat,FF,2,0,2,1183,83,1.972,41052,34.702,LO,2,2,2,"[MEL2, ME.LOL2] -> LOL2 -> [LO.PVLPL3, ME.LOL3]",ME,2,ME.LO,2,LO.PVLP,3,ME.LO,3
59285623,mixed,lat->FF,lat,FF,2,0,2,647,13,1.634,7066,10.921,LOP,2,2,2,"[LOP.PLPL2, ME.LOPL2] -> LOPL2 -> [LOPL3, ME.LOPL3]",LOP.PLP,2,ME.LOP,2,LOP,3,ME.LOP,3
59192508,mixed,lat->FF,lat,FF,2,0,2,24835,76,1.644,14333,0.577,ME,2,2,2,"[LOL2, LO.MEL2] -> MEL2 -> [LOL3, MEL3]",LO,2,LO.ME,2,LO,3,ME,3
56532246,mixed,lat->FF,lat,FF,2,0,2,24835,66,1.997,19656,0.791,ME,2,2,2,"[ME.LOL2, SPS.MEL2] -> MEL2 -> [LOL3, MEL3]",ME.LO,2,SPS.ME,2,LO,3,ME,3
56458765,mixed,lat->FF,lat,FF,2,0,2,647,17,1.325,3756,5.805,LOP,2,2,2,"[LOP.PLPL2, ME.LOPL2] -> LOPL2 -> [LOPL3, LOP.PLPL3]",LOP.PLP,2,ME.LOP,2,LOP,3,LOP.PLP,3
55494132,mixed,lat->FF,lat,FF,2,0,2,647,80,1.147,16714,25.833,LOP,2,2,2,"[IPS.LOPL2, ME.LOPL2] -> LOPL2 -> [MEL3, ME.LOPL3]",IPS.LOP,2,ME.LOP,2,ME,3,ME.LOP,3
55358931,mixed,lat->FF,lat,FF,2,0,2,647,17,1.865,10112,15.629,LOP,2,2,2,"[LOP.LOL2, ME.LOPL2] -> LOPL2 -> [LO.LOPL3, ME.LOPL3]",LOP.LO,2,ME.LOP,2,LO.LOP,3,ME.LOP,3
54901807,mixed,lat->FF,lat,FF,2,0,2,647,13,1.629,32259,49.859,LOP,2,2,2,"[MEL2, ME.LOPL2] -> LOPL2 -> [LO.LOPL3, LOPL3]",ME,2,ME.LOP,2,LO.LOP,3,LOP,3
53811315,mixed,lat->FF,lat,FF,2,0,2,1183,35,1.988,9794,8.279,LO,2,2,2,"[LO.MEL2, ME.LOL2] -> LOL2 -> [LOL3, LO.PVLPL3]",LO.ME,2,ME.LO,2,LO,3,LO.PVLP,3
53751830,mixed,lat->FF,lat,FF,2,0,2,647,94,1.377,10087,15.59,LOP,2,2,2,"[IPS.LOPL2, ME.LOPL2] -> LOPL2 -> [LO.LOPL3, ME.LOPL3]",IPS.LOP,2,ME.LOP,2,LO.LOP,3,ME.LOP,3
53032765,mixed,lat->FF,lat,FF,2,0,2,647,88,1.235,14133,21.844,LOP,2,2,2,"[IPS.LOPL2, ME.LOPL2] -> LOPL2 -> [LOPL3, MEL3]",IPS.LOP,2,ME.LOP,2,LOP,3,ME,3
52909690,mixed,lat->FF,lat,FF,2,0,2,647,34,1.047,41467,64.091,LOP,2,2,2,"[MEL2, ME.LOPL2] -> LOPL2 -> [MEL3, ME.LOPL3]",ME,2,ME.LOP,2,ME,3,ME.LOP,3
51711891,mixed,lat->FF,lat,FF,2,0,2,647,20,1.0,23279,35.98,LOP,2,2,2,"[ME.LOL2, ME.LOPL2] -> LOPL2 -> [MEL3, ME.LOPL3]",ME.LO,2,ME.LOP,2,ME,3,ME.LOP,3
50350601,mixed,lat->FF,lat,FF,2,0,2,647,12,1.606,28525,44.088,LOP,2,2,2,"[MEL2, ME.LOPL2] -> LOPL2 -> [LOPL3, LOP.PLPL3]",ME,2,ME.LOP,2,LOP,3,LOP.PLP,3
49726739,mixed,lat->FF,lat,FF,2,0,2,647,37,1.189,34840,53.849,LOP,2,2,2,"[MEL2, ME.LOPL2] -> LOPL2 -> [LO.LOPL3, ME.LOPL3]",ME,2,ME.LOP,2,LO.LOP,3,ME.LOP,3
49697041,mixed,lat->FF,lat,FF,2,0,2,647,11,1.09,38886,60.102,LOP,2,2,2,"[MEL2, ME.LOPL2] -> LOPL2 -> [LOPL3, MEL3]",ME,2,ME.LOP,2,LOP,3,ME,3
49128975,mixed,lat->FF,lat,FF,2,0,2,647,56,1.33,6353,9.819,LOP,2,2,2,"[IPS.LOPL2, ME.LOPL2] -> LOPL2 -> [LOP.PLPL3, ME.LOPL3]",IPS.LOP,2,ME.LOP,2,LOP.PLP,3,ME.LOP,3
49095886,mixed,lat->FF,lat,FF,2,0,2,647,30,1.672,6735,10.41,LOP,2,2,2,"[LO.LOPL2, ME.LOPL2] -> LOPL2 -> [LOP.MEL3, ME.LOPL3]",LO.LOP,2,ME.LOP,2,LOP.ME,3,ME.LOP,3
48446502,mixed,lat->FF,lat,FF,2,0,2,1183,22,2.002,27847,23.539,LO,2,2,2,"[LO.AVLPL2, MEL2] -> LOL2 -> [LOL3, LO.PVLPL3]",LO.AVLP,2,ME,2,LO,3,LO.PVLP,3
47586164,mixed,lat->FF,lat,FF,2,0,2,647,29,1.0,20698,31.991,LOP,2,2,2,"[ME.LOL2, ME.LOPL2] -> LOPL2 -> [LOPL3, MEL3]",ME.LO,2,ME.LOP,2,LOP,3,ME,3
47024819,mixed,lat->FF,lat,FF,2,0,2,647,25,1.062,13914,21.505,LOP,2,2,2,"[LO.LOPL2, ME.LOPL2] -> LOPL2 -> [LO.MEL3, MEL3]",LO.LOP,2,ME.LOP,2,LO.ME,3,ME,3
45994513,mixed,lat->FF,lat,FF,2,0,2,647,6,1.407,3530,5.456,LOP,2,2,2,"[LOP.PLPL2, ME.LOPL2] -> LOPL2 -> [LOPL3, LOP.LOL3]",LOP.PLP,2,ME.LOP,2,LOP,3,LOP.LO,3
45582869,mixed,lat->FF,lat,FF,2,0,2,647,9,1.154,31106,48.077,LOP,2,2,2,"[MEL2, ME.LOPL2] -> LOPL2 -> [LOP.PLPL3, ME.LOPL3]",ME,2,ME.LOP,2,LOP.PLP,3,ME.LOP,3
45485201,mixed,lat->FF,lat,FF,2,0,2,647,28,1.0,16652,25.737,LOP,2,2,2,"[ME.LOL2, ME.LOPL2] -> LOPL2 -> [LO.LOPL3, ME.LOPL3]",ME.LO,2,ME.LOP,2,LO.LOP,3,ME.LOP,3
44536611,mixed,lat->FF,lat,FF,2,0,2,24835,58,2.006,19655,0.791,ME,2,2,2,"[ME.LOL2, PLP.MEL2] -> MEL2 -> [LOL3, MEL3]",ME.LO,2,PLP.ME,2,LO,3,ME,3
44222172,mixed,lat->FF,lat,FF,2,0,2,647,40,1.095,21920,33.879,LOP,2,2,2,"[IPS.LOPL2, ME.LOPL2] -> LOPL2 -> [MEL3, ME.LOL3]",IPS.LOP,2,ME.LOP,2,ME,3,ME.LO,3
44078192,mixed,lat->FF,lat,FF,2,0,2,647,60,1.387,15293,23.637,LOP,2,2,2,"[IPS.LOPL2, ME.LOPL2] -> LOPL2 -> [LO.LOPL3, ME.LOL3]",IPS.LOP,2,ME.LOP,2,LO.LOP,3,ME.LO,3
43827117,mixed,lat->FF,lat,FF,2,0,2,24835,120,1.819,26238,1.056,ME,2,2,2,"[ME.LOL2, SPS.MEL2] -> MEL2 -> [MEL3, ME.LOL3]",ME.LO,2,SPS.ME,2,ME,3,ME.LO,3
43526077,mixed,lat->FF,lat,FF,2,0,2,647,67,1.134,16041,24.793,LOP,2,2,2,"[LO.LOPL2, ME.LOPL2] -> LOPL2 -> [LOL3, MEL3]",LO.LOP,2,ME.LOP,2,LO,3,ME,3
43294590,mixed,lat->FF,lat,FF,2,0,2,647,53,1.429,9414,14.55,LOP,2,2,2,"[LO.LOPL2, ME.LOPL2] -> LOPL2 -> [LOL3, LO.LOPL3]",LO.LOP,2,ME.LOP,2,LO,3,LO.LOP,3
43170429,mixed,lat->FF,lat,FF,2,0,2,647,18,2.61,4134,6.389,LOP,2,2,2,"[LO.LOPL2, ME.LOPL2] -> LOPL2 -> [LOPL3, LOP.IPSL3]",LO.LOP,2,ME.LOP,2,LOP,3,LOP.IPS,3
43129800,mixed,lat->FF,lat,FF,2,0,2,647,8,1.512,7490,11.577,LOP,2,2,2,"[LOP.PLPL2, ME.LOPL2] -> LOPL2 -> [LO.LOPL3, LOPL3]",LOP.PLP,2,ME.LOP,2,LO.LOP,3,LOP,3
42908259,mixed,lat->FF,lat,FF,2,0,2,647,19,1.032,46673,72.138,LOP,2,2,2,"[MEL2, ME.LOPL2] -> LOPL2 -> [MEL3, ME.LOL3]",ME,2,ME.LOP,2,ME,3,ME.LO,3
42496043,mixed,lat->FF,lat,FF,2,0,2,647,65,1.572,5602,8.658,LOP,2,2,2,"[IPS.LOPL2, LO.LOPL2] -> LOPL2 -> [LOPL3, ME.LOPL3]",IPS.LOP,2,LO.LOP,2,LOP,3,ME.LOP,3
42382006,mixed,lat->FF,lat,FF,2,0,2,647,19,1.001,12918,19.966,LOP,2,2,2,"[ME.LOL2, ME.LOPL2] -> LOPL2 -> [LOP.PLPL3, ME.LOPL3]",ME.LO,2,ME.LOP,2,LOP.PLP,3,ME.LOP,3
42243665,mixed,lat->FF,lat,FF,2,0,2,647,12,1.0,28485,44.026,LOP,2,2,2,"[ME.LOL2, ME.LOPL2] -> LOPL2 -> [MEL3, ME.LOL3]",ME.LO,2,ME.LOP,2,ME,3,ME.LO,3
42105220,mixed,lat->FF,lat,FF,2,0,2,24835,17,1.996,17620,0.709,ME,2,2,2,"[LO.MEL2, ME.LOL2] -> MEL2 -> [MEL3, ME.PLPL3]",LO.ME,2,ME.LO,2,ME,3,ME.PLP,3
42099929,mixed,lat->FF,lat,FF,2,0,2,647,19,1.844,5627,8.697,LOP,2,2,2,"[LO.LOPL2, LOP.LOL2] -> LOPL2 -> [LOPL3, ME.LOPL3]",LO.LOP,2,LOP.LO,2,LOP,3,ME.LOP,3
41909141,mixed,lat->FF,lat,FF,2,0,2,647,41,1.003,14071,21.748,LOP,2,2,2,"[ME.LOL2, ME.LOPL2] -> LOPL2 -> [LO.LOPL3, LOPL3]",ME.LO,2,ME.LOP,2,LO.LOP,3,LOP,3
41768404,mixed,lat->FF,lat,FF,2,0,2,24835,15,1.66,10217,0.411,ME,2,2,2,"[LOL2, ME.LOL2] -> MEL2 -> [LOL3, ME.PLPL3]",LO,2,ME.LO,2,LO,3,ME.PLP,3
41482421,mixed,lat->FF,lat,FF,2,0,2,647,32,1.407,11559,17.866,LOP,2,2,2,"[IPS.LOPL2, ME.LOPL2] -> LOPL2 -> [LOP.PLPL3, ME.LOL3]",IPS.LOP,2,ME.LOP,2,LOP.PLP,3,ME.LO,3
41264506,mixed,lat->FF,lat,FF,2,0,2,647,33,1.474,5680,8.779,LOP,2,2,2,"[LO.LOPL2, ME.LOPL2] -> LOPL2 -> [LOL3, LOP.PLPL3]",LO.LOP,2,ME.LOP,2,LO,3,LOP.PLP,3
41218828,mixed,lat->FF,lat,FF,2,0,2,647,35,1.115,10337,15.977,LOP,2,2,2,"[ME.LOL2, ME.LOPL2] -> LOPL2 -> [LOPL3, LOP.PLPL3]",ME.LO,2,ME.LOP,2,LOP,3,LOP.PLP,3
41035812,mixed,lat->FF,lat,FF,2,0,2,647,14,1.988,6378,9.858,LOP,2,2,2,"[LOP.LOL2, ME.LOPL2] -> LOPL2 -> [LOP.PLPL3, ME.LOPL3]",LOP.LO,2,ME.LOP,2,LOP.PLP,3,ME.LOP,3
40810969,mixed,lat->FF,lat,FF,2,0,2,647,27,1.726,11941,18.456,LOP,2,2,2,"[LO.LOPL2, ME.LOPL2] -> LOPL2 -> [LOP.MEL3, ME.LOL3]",LO.LOP,2,ME.LOP,2,LOP.ME,3,ME.LO,3
40696397,mixed,lat->FF,lat,FF,2,0,2,647,19,1.029,7287,11.263,LOP,2,2,2,"[LO.LOPL2, ME.LOPL2] -> LOPL2 -> [LO.LOPL3, LO.MEL3]",LO.LOP,2,ME.LOP,2,LO.LOP,3,LO.ME,3
40655716,mixed,lat->FF,lat,FF,2,0,2,647,11,1.95,7445,11.507,LOP,2,2,2,"[LOP.IPSL2, ME.LOPL2] -> LOPL2 -> [LO.LOPL3, LOPL3]",LOP.IPS,2,ME.LOP,2,LO.LOP,3,LOP,3
40433631,mixed,lat->FF,lat,FF,2,0,2,647,18,1.18,40046,61.895,LOP,2,2,2,"[MEL2, ME.LOPL2] -> LOPL2 -> [LO.LOPL3, ME.LOL3]",ME,2,ME.LOP,2,LO.LOP,3,ME.LO,3
39680043,mixed,lat->FF,lat,FF,2,0,2,647,14,2.02,3711,5.736,LOP,2,2,2,"[LOP.IPSL2, ME.LOPL2] -> LOPL2 -> [LOPL3, LOP.PLPL3]",LOP.IPS,2,ME.LOP,2,LOP,3,LOP.PLP,3
39080724,mixed,lat->FF,lat,FF,2,0,2,647,11,1.953,15318,23.675,LOP,2,2,2,"[LOP.LOL2, ME.LOPL2] -> LOPL2 -> [LO.LOPL3, ME.LOL3]",LOP.LO,2,ME.LOP,2,LO.LOP,3,ME.LO,3
38907492,mixed,lat->FF,lat,FF,2,0,2,24835,86,1.937,20915,0.842,ME,2,2,2,"[LOL2, LO.MEL2] -> MEL2 -> [MEL3, ME.LOL3]",LO,2,LO.ME,2,ME,3,ME.LO,3
37819136,mixed,lat->FF,lat,FF,2,0,2,647,12,1.194,16653,25.739,LOP,2,2,2,"[LOP.IPSL2, ME.LOPL2] -> LOPL2 -> [MEL3, ME.LOPL3]",LOP.IPS,2,ME.LOP,2,ME,3,ME.LOP,3
37628268,mixed,lat->FF,lat,FF,2,0,2,647,13,1.014,3553,5.491,LOP,2,2,2,"[LO.LOPL2, ME.LOPL2] -> LOPL2 -> [LO.MEL3, LOP.PLPL3]",LO.LOP,2,ME.LOP,2,LO.ME,3,LOP.PLP,3
37574105,mixed,lat->FF,lat,FF,2,0,2,647,13,1.254,30355,46.917,LOP,2,2,2,"[LO.LOPL2, MEL2] -> LOPL2 -> [LOPL3, ME.LOPL3]",LO.LOP,2,ME,2,LOP,3,ME.LOP,3
37550797,mixed,lat->FF,lat,FF,2,0,2,647,52,1.63,8607,13.303,LOP,2,2,2,"[LOL2, ME.LOPL2] -> LOPL2 -> [LO.LOPL3, LOPL3]",LO,2,ME.LOP,2,LO.LOP,3,LOP,3
37527838,mixed,lat->FF,lat,FF,2,0,2,647,8,1.172,36312,56.124,LOP,2,2,2,"[MEL2, ME.LOPL2] -> LOPL2 -> [LOP.PLPL3, ME.LOL3]",ME,2,ME.LOP,2,LOP.PLP,3,ME.LO,3
37167441,mixed,lat->FF,lat,FF,2,0,2,647,32,1.001,21858,33.784,LOP,2,2,2,"[ME.LOL2, ME.LOPL2] -> LOPL2 -> [LO.LOPL3, ME.LOL3]",ME.LO,2,ME.LOP,2,LO.LOP,3,ME.LO,3
36287766,mixed,lat->FF,lat,FF,2,0,2,1183,1,1.0,32193,27.213,LO,2,2,2,"[MEL2, ME.LOL2] -> LOL2 -> [LO.PVLPL3, LO.SLPL3]",ME,2,ME.LO,2,LO.PVLP,3,LO.SLP,3
36057202,mixed,lat->FF,lat,FF,2,0,2,647,51,1.658,10808,16.705,LOP,2,2,2,"[IPS.LOPL2, LO.LOPL2] -> LOPL2 -> [LOPL3, ME.LOL3]",IPS.LOP,2,LO.LOP,2,LOP,3,ME.LO,3
35840783,mixed,lat->FF,lat,FF,2,0,2,647,13,1.263,14072,21.75,LOP,2,2,2,"[LOP.IPSL2, ME.LOPL2] -> LOPL2 -> [LOPL3, MEL3]",LOP.IPS,2,ME.LOP,2,LOP,3,ME,3
35643477,mixed,lat->FF,lat,FF,2,0,2,647,92,1.068,17815,27.535,LOP,2,2,2,"[LOL2, ME.LOPL2] -> LOPL2 -> [MEL3, ME.LOPL3]",LO,2,ME.LOP,2,ME,3,ME.LOP,3
35489456,mixed,lat->FF,lat,FF,2,0,2,24835,36,1.981,17951,0.723,ME,2,2,2,"[ME.LOL2, ME.PLPL2] -> MEL2 -> [LOL3, ME.LOL3]",ME.LO,2,ME.PLP,2,LO,3,ME.LO,3
35437067,mixed,lat->FF,lat,FF,2,0,2,1183,49,1.042,33791,28.564,LO,2,2,2,"[MEL2, ME.LOL2] -> LOL2 -> [LOL3, LO.SPSL3]",ME,2,ME.LO,2,LO,3,LO.SPS,3
35271525,mixed,lat->FF,lat,FF,2,0,2,1183,4,1.0,33769,28.545,LO,2,2,2,"[MEL2, ME.LOL2] -> LOL2 -> [LOL3, LO.SLPL3]",ME,2,ME.LO,2,LO,3,LO.SLP,3
34707736,mixed,lat->FF,lat,FF,2,0,2,1183,4,1.0,33776,28.551,LO,2,2,2,"[MEL2, ME.LOL2] -> LOL2 -> [LOL3, LO.ICLL3]",ME,2,ME.LO,2,LO,3,LO.ICL,3
34707064,mixed,lat->FF,lat,FF,2,0,2,1183,2,1.0,33817,28.586,LO,2,2,2,"[MEL2, ME.LOL2] -> LOL2 -> [LOL3, PVLPL3]",ME,2,ME.LO,2,LO,3,PVLP,3
34645800,mixed,lat->FF,lat,FF,2,0,2,647,10,1.297,10026,15.496,LOP,2,2,2,"[LOP.IPSL2, ME.LOPL2] -> LOPL2 -> [LO.LOPL3, ME.LOPL3]",LOP.IPS,2,ME.LOP,2,LO.LOP,3,ME.LOP,3
34626559,mixed,lat->FF,lat,FF,2,0,2,647,18,1.001,18124,28.012,LOP,2,2,2,"[ME.LOL2, ME.LOPL2] -> LOPL2 -> [LOP.PLPL3, ME.LOL3]",ME.LO,2,ME.LOP,2,LOP.PLP,3,ME.LO,3
34454879,mixed,lat->FF,lat,FF,2,0,2,24835,136,1.913,26237,1.056,ME,2,2,2,"[ME.LOL2, PLP.MEL2] -> MEL2 -> [MEL3, ME.LOL3]",ME.LO,2,PLP.ME,2,ME,3,ME.LO,3
33839503,mixed,lat->FF,lat,FF,2,0,2,647,87,1.232,11188,17.292,LOP,2,2,2,"[LOL2, ME.LOPL2] -> LOPL2 -> [LO.LOPL3, ME.LOPL3]",LO,2,ME.LOP,2,LO.LOP,3,ME.LOP,3
33734284,mixed,lat->FF,lat,FF,2,0,2,647,15,1.879,14158,21.883,LOP,2,2,2,"[LOP.LOL2, ME.LOPL2] -> LOPL2 -> [LOPL3, MEL3]",LOP.LO,2,ME.LOP,2,LOP,3,ME,3
33679016,mixed,lat->FF,lat,FF,2,0,2,647,66,1.125,15234,23.546,LOP,2,2,2,"[LOL2, ME.LOPL2] -> LOPL2 -> [LOPL3, MEL3]",LO,2,ME.LOP,2,LOP,3,ME,3
33675555,mixed,lat->FF,lat,FF,2,0,2,1183,25,1.942,9639,8.148,LO,2,2,2,"[ME.LOL2, SMP.LOL2] -> LOL2 -> [LOL3, LO.PVLPL3]",ME.LO,2,SMP.LO,2,LO,3,LO.PVLP,3
33482942,mixed,lat->FF,lat,FF,2,0,2,647,28,1.003,12167,18.805,LOP,2,2,2,"[LO.LOPL2, ME.LOL2] -> LOPL2 -> [LOPL3, ME.LOPL3]",LO.LOP,2,ME.LO,2,LOP,3,ME.LOP,3
32921745,mixed,lat->FF,lat,FF,2,0,2,24835,14,2.042,19642,0.791,ME,2,2,2,"[ME.LOL2, SMP.LOL2] -> MEL2 -> [LOL3, MEL3]",ME.LO,2,SMP.LO,2,LO,3,ME,3
32405392,mixed,lat->FF,lat,FF,2,0,2,647,39,1.188,13389,20.694,LOP,2,2,2,"[IPS.LOPL2, LO.LOPL2] -> LOPL2 -> [ME.LOL3, ME.LOPL3]",IPS.LOP,2,LO.LOP,2,ME.LO,3,ME.LOP,3
32025631,mixed,lat->FF,lat,FF,2,0,2,647,58,1.444,4873,7.532,LOP,2,2,2,"[LOL2, ME.LOPL2] -> LOPL2 -> [LOPL3, LOP.PLPL3]",LO,2,ME.LOP,2,LOP,3,LOP.PLP,3
31928618,mixed,lat->FF,lat,FF,2,0,2,647,12,1.269,6292,9.725,LOP,2,2,2,"[LOP.IPSL2, ME.LOPL2] -> LOPL2 -> [LOP.PLPL3, ME.LOPL3]",LOP.IPS,2,ME.LOP,2,LOP.PLP,3,ME.LOP,3
31140070,mixed,lat->FF,lat,FF,2,0,2,647,3,1.372,11925,18.431,LOP,2,2,2,"[LO.LOPL2, ME.LOPL2] -> LOPL2 -> [LOP.PVLPL3, ME.LOL3]",LO.LOP,2,ME.LOP,2,LOP.PVLP,3,ME.LO,3
31042023,mixed,lat->FF,lat,FF,2,0,2,647,5,1.055,6152,9.509,LOP,2,2,2,"[LOP.LOL2, ME.LOPL2] -> LOPL2 -> [LOP.LOL3, ME.LOPL3]",LOP.LO,2,ME.LOP,2,LOP.LO,3,ME.LOP,3
30971891,mixed,lat->FF,lat,FF,2,0,2,647,11,1.275,35561,54.963,LOP,2,2,2,"[LO.LOPL2, MEL2] -> LOPL2 -> [LOPL3, ME.LOL3]",LO.LOP,2,ME,2,LOP,3,ME.LO,3
30808166,mixed,lat->FF,lat,FF,2,0,2,647,12,1.076,38142,58.952,LOP,2,2,2,"[LO.LOPL2, MEL2] -> LOPL2 -> [ME.LOL3, ME.LOPL3]",LO.LOP,2,ME,2,ME.LO,3,ME.LOP,3
30711592,mixed,lat->FF,lat,FF,2,0,2,647,9,1.506,6715,10.379,LOP,2,2,2,"[LO.LOPL2, ME.LOPL2] -> LOPL2 -> [LOP.IPSL3, ME.LOPL3]",LO.LOP,2,ME.LOP,2,LOP.IPS,3,ME.LOP,3
30403427,mixed,lat->FF,lat,FF,2,0,2,647,37,1.153,7454,11.521,LOP,2,2,2,"[LOL2, ME.LOPL2] -> LOPL2 -> [LOP.PLPL3, ME.LOPL3]",LO,2,ME.LOP,2,LOP.PLP,3,ME.LOP,3
29834761,mixed,lat->FF,lat,FF,2,0,2,647,4,1.119,21859,33.785,LOP,2,2,2,"[LOP.IPSL2, ME.LOPL2] -> LOPL2 -> [MEL3, ME.LOL3]",LOP.IPS,2,ME.LOP,2,ME,3,ME.LO,3
29691281,mixed,lat->FF,lat,FF,2,0,2,647,20,1.0,19954,30.841,LOP,2,2,2,"[LO.LOPL2, ME.LOL2] -> LOPL2 -> [ME.LOL3, ME.LOPL3]",LO.LOP,2,ME.LO,2,ME.LO,3,ME.LOP,3
29644442,mixed,lat->FF,lat,FF,2,0,2,647,11,1.999,11584,17.904,LOP,2,2,2,"[LOP.LOL2, ME.LOPL2] -> LOPL2 -> [LOP.PLPL3, ME.LOL3]",LOP.LO,2,ME.LOP,2,LOP.PLP,3,ME.LO,3
29640705,mixed,lat->FF,lat,FF,2,0,2,647,17,1.941,10833,16.743,LOP,2,2,2,"[LO.LOPL2, LOP.LOL2] -> LOPL2 -> [LOPL3, ME.LOL3]",LO.LOP,2,LOP.LO,2,LOP,3,ME.LO,3
28777210,mixed,lat->FF,lat,FF,2,0,2,647,69,1.044,23021,35.581,LOP,2,2,2,"[LOL2, ME.LOPL2] -> LOPL2 -> [MEL3, ME.LOL3]",LO,2,ME.LOP,2,ME,3,ME.LO,3
28711621,mixed,lat->FF,lat,FF,2,0,2,24835,4,1.309,18608,0.749,ME,2,2,2,"[LOL2, ME.LOL2] -> MEL2 -> [MEL3, ME.AOTUL3]",LO,2,ME.LO,2,ME,3,ME.AOTU,3
28546143,mixed,lat->FF,lat,FF,2,0,2,647,4,1.315,15232,23.543,LOP,2,2,2,"[LOP.IPSL2, ME.LOPL2] -> LOPL2 -> [LO.LOPL3, ME.LOL3]",LOP.IPS,2,ME.LOP,2,LO.LOP,3,ME.LO,3
27663257,mixed,lat->FF,lat,FF,2,0,2,24835,16,1.949,16799,0.676,ME,2,2,2,"[LOL2, ME.LOL2] -> MEL2 -> [ME.LOL3, ME.PLPL3]",LO,2,ME.LO,2,ME.LO,3,ME.PLP,3
27590958,mixed,lat->FF,lat,FF,2,0,2,647,8,1.501,5541,8.564,LOP,2,2,2,"[LO.LOPL2, LOP.IPSL2] -> LOPL2 -> [LOPL3, ME.LOPL3]",LO.LOP,2,LOP.IPS,2,LOP,3,ME.LOP,3
27399583,mixed,lat->FF,lat,FF,2,0,2,24835,25,1.488,14332,0.577,ME,2,2,2,"[LOL2, ME.PLPL2] -> MEL2 -> [LOL3, MEL3]",LO,2,ME.PLP,2,LO,3,ME,3
27360757,mixed,lat->FF,lat,FF,2,0,2,647,28,1.003,17373,26.852,LOP,2,2,2,"[LO.LOPL2, ME.LOL2] -> LOPL2 -> [LOPL3, ME.LOL3]",LO.LOP,2,ME.LO,2,LOP,3,ME.LO,3
27299342,mixed,lat->FF,lat,FF,2,0,2,647,12,1.363,16739,25.872,LOP,2,2,2,"[LOP.LOL2, ME.LOPL2] -> LOPL2 -> [MEL3, ME.LOPL3]",LOP.LO,2,ME.LOP,2,ME,3,ME.LOP,3
27139128,mixed,lat->FF,lat,FF,2,0,2,647,20,1.0,7159,11.065,LOP,2,2,2,"[LO.MEL2, ME.LOPL2] -> LOPL2 -> [LOPL3, ME.LOPL3]",LO.ME,2,ME.LOP,2,LOP,3,ME.LOP,3
27095787,mixed,lat->FF,lat,FF,2,0,2,647,5,1.353,11498,17.771,LOP,2,2,2,"[LOP.IPSL2, ME.LOPL2] -> LOPL2 -> [LOP.PLPL3, ME.LOL3]",LOP.IPS,2,ME.LOP,2,LOP.PLP,3,ME.LO,3
26970816,mixed,lat->FF,lat,FF,2,0,2,647,44,1.178,16394,25.338,LOP,2,2,2,"[LOL2, ME.LOPL2] -> LOPL2 -> [LO.LOPL3, ME.LOL3]",LO,2,ME.LOP,2,LO.LOP,3,ME.LO,3
25714600,mixed,lat->FF,lat,FF,2,0,2,1183,28,1.006,32215,27.232,LO,2,2,2,"[MEL2, ME.LOL2] -> LOL2 -> [LO.PVLPL3, LO.SPSL3]",ME,2,ME.LO,2,LO.PVLP,3,LO.SPS,3
25639600,mixed,lat->FF,lat,FF,2,0,2,1183,2,1.0,32200,27.219,LO,2,2,2,"[MEL2, ME.LOL2] -> LOL2 -> [LO.ICLL3, LO.PVLPL3]",ME,2,ME.LO,2,LO.ICL,3,LO.PVLP,3
25639488,mixed,lat->FF,lat,FF,2,0,2,1183,2,1.0,32241,27.254,LO,2,2,2,"[MEL2, ME.LOL2] -> LOL2 -> [LO.PVLPL3, PVLPL3]",ME,2,ME.LO,2,LO.PVLP,3,PVLP,3
25441632,mixed,lat->FF,lat,FF,2,0,2,647,7,1.546,11921,18.425,LOP,2,2,2,"[LO.LOPL2, ME.LOPL2] -> LOPL2 -> [LOP.IPSL3, ME.LOL3]",LO.LOP,2,ME.LOP,2,LOP.IPS,3,ME.LO,3
25415307,mixed,lat->FF,lat,FF,2,0,2,24835,7,1.342,19752,0.795,ME,2,2,2,"[ME.LOL2, PLPL2] -> MEL2 -> [LOL3, MEL3]",ME.LO,2,PLP,2,LO,3,ME,3
25264298,mixed,lat->FF,lat,FF,2,0,2,1183,23,1.943,9659,8.165,LO,2,2,2,"[LO.AVLPL2, ME.LOL2] -> LOL2 -> [LOL3, LO.PVLPL3]",LO.AVLP,2,ME.LO,2,LO,3,LO.PVLP,3
25166745,mixed,lat->FF,lat,FF,2,0,2,647,34,2.288,3546,5.481,LOP,2,2,2,"[IPS.LOPL2, ME.LOPL2] -> LOPL2 -> [LOPL3, LOP.LOL3]",IPS.LOP,2,ME.LOP,2,LOP,3,LOP.LO,3
25143256,mixed,lat->FF,lat,FF,2,0,2,647,38,1.256,6703,10.36,LOP,2,2,2,"[LOL2, LO.LOPL2] -> LOPL2 -> [LOPL3, ME.LOPL3]",LO,2,LO.LOP,2,LOP,3,ME.LOP,3
25057761,mixed,lat->FF,lat,FF,2,0,2,24835,19,2.073,26224,1.056,ME,2,2,2,"[ME.LOL2, SMP.LOL2] -> MEL2 -> [MEL3, ME.LOL3]",ME.LO,2,SMP.LO,2,ME,3,ME.LO,3
24552033,mixed,lat->FF,lat,FF,2,0,2,24835,15,1.991,9193,0.37,ME,2,2,2,"[LO.MEL2, ME.LOL2] -> MEL2 -> [LOL3, ME.PLPL3]",LO.ME,2,ME.LO,2,LO,3,ME.PLP,3
24448836,mixed,lat->FF,lat,FF,2,0,2,1183,8,1.771,27841,23.534,LO,2,2,2,"[MEL2, SPS.MEL2] -> LOL2 -> [LOL3, LO.PVLPL3]",ME,2,SPS.ME,2,LO,3,LO.PVLP,3
24447073,mixed,lat->FF,lat,FF,2,0,2,24835,66,1.914,17811,0.717,ME,2,2,2,"[ME.LOL2, SPS.MEL2] -> MEL2 -> [LOL3, ME.LOL3]",ME.LO,2,SPS.ME,2,LO,3,ME.LO,3
24434551,mixed,lat->FF,lat,FF,2,0,2,647,29,1.118,12660,19.567,LOP,2,2,2,"[LOL2, ME.LOPL2] -> LOPL2 -> [LOP.PLPL3, ME.LOL3]",LO,2,ME.LOP,2,LOP.PLP,3,ME.LO,3
24090766,mixed,lat->FF,lat,FF,2,0,2,647,6,1.0,14946,23.1,LOP,2,2,2,"[LO.MEL2, ME.LOPL2] -> LOPL2 -> [ME.LOL3, ME.LOPL3]",LO.ME,2,ME.LOP,2,ME.LO,3,ME.LOP,3
23903946,mixed,lat->FF,lat,FF,2,0,2,647,7,1.621,6719,10.385,LOP,2,2,2,"[LO.LOPL2, ME.LOPL2] -> LOPL2 -> [LOP.PVLPL3, ME.LOPL3]",LO.LOP,2,ME.LOP,2,LOP.PVLP,3,ME.LOP,3
23480300,mixed,lat->FF,lat,FF,2,0,2,647,6,1.589,10747,16.611,LOP,2,2,2,"[LO.LOPL2, LOP.IPSL2] -> LOPL2 -> [LOPL3, ME.LOL3]",LO.LOP,2,LOP.IPS,2,LOP,3,ME.LO,3
23465873,mixed,lat->FF,lat,FF,2,0,2,24835,65,1.808,12488,0.503,ME,2,2,2,"[LOL2, LO.MEL2] -> MEL2 -> [LOL3, ME.LOL3]",LO,2,LO.ME,2,LO,3,ME.LO,3
22168312,mixed,lat->FF,lat,FF,2,0,2,647,9,1.0,12365,19.111,LOP,2,2,2,"[LO.MEL2, ME.LOPL2] -> LOPL2 -> [LOPL3, ME.LOL3]",LO.ME,2,ME.LOP,2,LOP,3,ME.LO,3
21978447,mixed,lat->FF,lat,FF,2,0,2,647,14,1.227,3409,5.269,LOP,2,2,2,"[LO.LOPL2, ME.LOPL2] -> LOPL2 -> [LOP.PLPL3, LOP.PVLPL3]",LO.LOP,2,ME.LOP,2,LOP.PLP,3,LOP.PVLP,3
21551609,mixed,lat->FF,lat,FF,2,0,2,647,5,1.182,13328,20.6,LOP,2,2,2,"[LO.LOPL2, LOP.IPSL2] -> LOPL2 -> [ME.LOL3, ME.LOPL3]",LO.LOP,2,LOP.IPS,2,ME.LO,3,ME.LOP,3
21546007,mixed,lat->FF,lat,FF,2,0,2,647,5,1.289,21945,33.918,LOP,2,2,2,"[LOP.LOL2, ME.LOPL2] -> LOPL2 -> [MEL3, ME.LOL3]",LOP.LO,2,ME.LOP,2,ME,3,ME.LO,3
21420427,mixed,lat->FF,lat,FF,2,0,2,647,16,1.569,6051,9.352,LOP,2,2,2,"[LO.LOPL2, LOP.LOL2] -> LOPL2 -> [LO.LOPL3, LOPL3]",LO.LOP,2,LOP.LO,2,LO.LOP,3,LOP,3
20505121,mixed,lat->FF,lat,FF,2,0,2,647,39,1.073,14490,22.396,LOP,2,2,2,"[LOL2, LO.LOPL2] -> LOPL2 -> [ME.LOL3, ME.LOPL3]",LO,2,LO.LOP,2,ME.LO,3,ME.LOP,3
20469408,mixed,lat->FF,lat,FF,2,0,2,647,7,1.172,10792,16.68,LOP,2,2,2,"[LO.LOPL2, LOP.PLPL2] -> LOPL2 -> [LOPL3, ME.LOL3]",LO.LOP,2,LOP.PLP,2,LOP,3,ME.LO,3
20321986,mixed,lat->FF,lat,FF,2,0,2,647,35,2.167,7159,11.065,LOP,2,2,2,"[LO.LOPL2, ME.LOPL2] -> LOPL2 -> [LO.LOPL3, LOP.MEL3]",LO.LOP,2,ME.LOP,2,LO.LOP,3,LOP.ME,3
20077702,mixed,lat->FF,lat,FF,2,0,2,647,5,1.07,11358,17.555,LOP,2,2,2,"[LOP.LOL2, ME.LOPL2] -> LOPL2 -> [LOP.LOL3, ME.LOL3]",LOP.LO,2,ME.LOP,2,LOP.LO,3,ME.LO,3
1788169372416,mixed,lat->mix,lat,mix,0,1,3,2282,10,1.639,20714,9.077,LO,3,2,2,"[MEL3, ME.LOPL3] -> LOL3 -> [LO.LOPL3, ME.LOPL2]",ME,3,ME.LOP,3,LO.LOP,3,ME.LOP,2
1248912729406,mixed,lat->mix,lat,mix,0,1,3,2282,9,1.865,25096,10.997,LO,3,2,2,"[MEL3, ME.LOPL3] -> LOL3 -> [LO.LOPL3, ME.LOL2]",ME,3,ME.LOP,3,LO.LOP,3,ME.LO,2
1012599895667,mixed,lat->mix,lat,mix,0,1,3,2282,7,1.712,20714,9.077,LO,3,2,2,"[LO.LOPL3, MEL3] -> LOL3 -> [ME.LOPL2, ME.LOPL3]",LO.LOP,3,ME,3,ME.LOP,2,ME.LOP,3
773272705815,mixed,lat->mix,lat,mix,0,1,3,2282,5,1.5,19234,8.429,LO,3,2,2,"[MEL3, ME.LOPL3] -> LOL3 -> [LO.LOPL2, LO.LOPL3]",ME,3,ME.LOP,3,LO.LOP,2,LO.LOP,3
717905519483,mixed,lat->mix,lat,mix,0,1,3,2282,6,1.923,25096,10.997,LO,3,2,2,"[LO.LOPL3, MEL3] -> LOL3 -> [ME.LOL2, ME.LOPL3]",LO.LOP,3,ME,3,ME.LO,2,ME.LOP,3
434308212022,mixed,lat->mix,lat,mix,0,1,3,2282,5,1.566,19234,8.429,LO,3,2,2,"[LO.LOPL3, MEL3] -> LOL3 -> [LO.LOPL2, ME.LOPL3]",LO.LOP,3,ME,3,LO.LOP,2,ME.LOP,3
343265261745,mixed,lat->mix,lat,mix,0,1,3,2282,11,1.978,43284,18.968,LO,3,2,2,"[MEL3, ME.LOPL3] -> LOL3 -> [LO.LOPL3, MEL2]",ME,3,ME.LOP,3,LO.LOP,3,ME,2
202823509470,mixed,lat->mix,lat,mix,0,1,3,2282,7,1.939,43284,18.968,LO,3,2,2,"[LO.LOPL3, MEL3] -> LOL3 -> [MEL2, ME.LOPL3]",LO.LOP,3,ME,3,ME,2,ME.LOP,3
172165769005,mixed,lat->mix,lat,mix,0,1,3,2282,11,1.847,18869,8.269,LO,3,2,2,"[ME.LOL3, ME.LOPL3] -> LOL3 -> [LO.LOPL3, ME.LOPL2]",ME.LO,3,ME.LOP,3,LO.LOP,3,ME.LOP,2
143576026387,mixed,lat->mix,lat,mix,0,1,3,2282,9,1.62,23251,10.189,LO,3,2,2,"[ME.LOL3, ME.LOPL3] -> LOL3 -> [LO.LOPL3, ME.LOL2]",ME.LO,3,ME.LOP,3,LO.LOP,3,ME.LO,2
127506526297,mixed,lat->mix,lat,mix,0,1,3,2282,10,1.802,19632,8.603,LO,3,2,2,"[MEL3, ME.LOPL3] -> LOL3 -> [LOL2, LO.LOPL3]",ME,3,ME.LOP,3,LO,2,LO.LOP,3
103059878370,mixed,lat->mix,lat,mix,0,1,3,2282,8,1.778,18869,8.269,LO,3,2,2,"[LO.LOPL3, ME.LOL3] -> LOL3 -> [ME.LOPL2, ME.LOPL3]",LO.LOP,3,ME.LO,3,ME.LOP,2,ME.LOP,3
87154476060,mixed,lat->mix,lat,mix,0,1,3,2282,6,1.55,23251,10.189,LO,3,2,2,"[LO.LOPL3, ME.LOL3] -> LOL3 -> [ME.LOL2, ME.LOPL3]",LO.LOP,3,ME.LO,3,ME.LO,2,ME.LOP,3
76567058990,mixed,lat->mix,lat,mix,0,1,3,2282,4,1.73,19632,8.603,LO,3,2,2,"[LO.LOPL3, MEL3] -> LOL3 -> [LOL2, ME.LOPL3]",LO.LOP,3,ME,3,LO,2,ME.LOP,3
75447632452,mixed,lat->mix,lat,mix,0,1,3,2282,5,1.586,20714,9.077,LO,3,2,2,"[LO.LOPL3, ME.LOPL3] -> LOL3 -> [MEL3, ME.LOPL2]",LO.LOP,3,ME.LOP,3,ME,3,ME.LOP,2
74451413582,mixed,lat->mix,lat,mix,0,1,3,2282,17,1.921,25920,11.358,LO,3,2,2,"[MEL3, ME.LOL3] -> LOL3 -> [LO.LOPL3, ME.LOPL2]",ME,3,ME.LO,3,LO.LOP,3,ME.LOP,2
67386587056,mixed,lat->mix,lat,mix,0,1,3,2282,4,1.769,18869,8.269,LO,3,2,2,"[LO.LOPL3, ME.LOPL3] -> LOL3 -> [ME.LOL3, ME.LOPL2]",LO.LOP,3,ME.LOP,3,ME.LO,3,ME.LOP,2
66629568693,mixed,lat->mix,lat,mix,0,1,3,2282,6,1.959,17389,7.62,LO,3,2,2,"[ME.LOL3, ME.LOPL3] -> LOL3 -> [LO.LOPL2, LO.LOPL3]",ME.LO,3,ME.LOP,3,LO.LOP,2,LO.LOP,3
65940629477,mixed,lat->mix,lat,mix,0,1,3,2282,5,1.39,25096,10.997,LO,3,2,2,"[LO.LOPL3, ME.LOPL3] -> LOL3 -> [MEL3, ME.LOL2]",LO.LOP,3,ME.LOP,3,ME,3,ME.LO,2
60955751338,mixed,lat->mix,lat,mix,0,1,3,2282,19,1.709,30302,13.279,LO,3,2,2,"[MEL3, ME.LOL3] -> LOL3 -> [LO.LOPL3, ME.LOL2]",ME,3,ME.LO,3,LO.LOP,3,ME.LO,2
60708065628,mixed,lat->mix,lat,mix,0,1,3,2282,20,1.761,25496,11.173,LO,3,2,2,"[MEL3, ME.LOL3] -> LOL3 -> [ME.LOPL2, ME.LOPL3]",ME,3,ME.LO,3,ME.LOP,2,ME.LOP,3
57088762440,mixed,lat->mix,lat,mix,0,1,3,2282,5,1.542,23251,10.189,LO,3,2,2,"[LO.LOPL3, ME.LOPL3] -> LOL3 -> [ME.LOL2, ME.LOL3]",LO.LOP,3,ME.LOP,3,ME.LO,2,ME.LO,3
51507356819,mixed,lat->mix,lat,mix,0,1,3,2282,17,1.534,29878,13.093,LO,3,2,2,"[MEL3, ME.LOL3] -> LOL3 -> [ME.LOL2, ME.LOPL3]",ME,3,ME.LO,3,ME.LO,2,ME.LOP,3
51496555153,mixed,lat->mix,lat,mix,0,1,3,2282,12,1.315,41439,18.159,LO,3,2,2,"[ME.LOL3, ME.LOPL3] -> LOL3 -> [LO.LOPL3, MEL2]",ME.LO,3,ME.LOP,3,LO.LOP,3,ME,2
39700285507,mixed,lat->mix,lat,mix,0,1,3,2282,10,1.751,25496,11.173,LO,3,2,2,"[MEL3, ME.LOPL3] -> LOL3 -> [ME.LOL3, ME.LOPL2]",ME,3,ME.LOP,3,ME.LO,3,ME.LOP,2
39479810699,mixed,lat->mix,lat,mix,0,1,3,2282,6,1.911,17389,7.62,LO,3,2,2,"[LO.LOPL3, ME.LOL3] -> LOL3 -> [LO.LOPL2, ME.LOPL3]",LO.LOP,3,ME.LO,3,LO.LOP,2,ME.LOP,3
33742817625,mixed,lat->mix,lat,mix,0,1,3,2282,13,1.526,29878,13.093,LO,3,2,2,"[MEL3, ME.LOPL3] -> LOL3 -> [ME.LOL2, ME.LOL3]",ME,3,ME.LOP,3,ME.LO,2,ME.LO,3
31781937790,mixed,lat->mix,lat,mix,0,1,3,2282,8,1.274,41439,18.159,LO,3,2,2,"[LO.LOPL3, ME.LOL3] -> LOL3 -> [MEL2, ME.LOPL3]",LO.LOP,3,ME.LO,3,ME,2,ME.LOP,3
29192975271,mixed,lat->mix,lat,mix,0,1,3,2282,12,1.994,24440,10.71,LO,3,2,2,"[MEL3, ME.LOL3] -> LOL3 -> [LO.LOPL2, LO.LOPL3]",ME,3,ME.LO,3,LO.LOP,2,LO.LOP,3
28941151416,mixed,lat->mix,lat,mix,0,1,3,2282,5,1.854,25920,11.358,LO,3,2,2,"[LO.LOPL3, MEL3] -> LOL3 -> [ME.LOL3, ME.LOPL2]",LO.LOP,3,ME,3,ME.LO,3,ME.LOP,2
28185794868,mixed,lat->mix,lat,mix,0,1,3,2282,4,1.733,19234,8.429,LO,3,2,2,"[LO.LOPL3, ME.LOPL3] -> LOL3 -> [LO.LOPL2, MEL3]",LO.LOP,3,ME.LOP,3,LO.LOP,2,ME,3
25780001364,mixed,lat->mix,lat,mix,0,1,3,2282,3,1.904,17389,7.62,LO,3,2,2,"[LO.LOPL3, ME.LOPL3] -> LOL3 -> [LO.LOPL2, ME.LOL3]",LO.LOP,3,ME.LOP,3,LO.LOP,2,ME.LO,3
24956439320,mixed,lat->mix,lat,mix,0,1,3,2282,5,1.187,43284,18.968,LO,3,2,2,"[LO.LOPL3, ME.LOPL3] -> LOL3 -> [MEL2, MEL3]",LO.LOP,3,ME.LOP,3,ME,2,ME,3
24098366092,mixed,lat->mix,lat,mix,0,1,3,2282,9,1.627,30302,13.279,LO,3,2,2,"[LO.LOPL3, MEL3] -> LOL3 -> [ME.LOL2, ME.LOL3]",LO.LOP,3,ME,3,ME.LO,2,ME.LO,3
23199281490,mixed,lat->mix,lat,mix,0,1,3,2282,11,1.897,24016,10.524,LO,3,2,2,"[MEL3, ME.LOL3] -> LOL3 -> [LO.LOPL2, ME.LOPL3]",ME,3,ME.LO,3,LO.LOP,2,ME.LOP,3
21812204184,mixed,lat->mix,lat,mix,0,1,3,2282,11,1.199,17787,7.794,LO,3,2,2,"[ME.LOL3, ME.LOPL3] -> LOL3 -> [LOL2, LO.LOPL3]",ME.LO,3,ME.LOP,3,LO,2,LO.LOP,3
21373880136,mixed,lat->mix,lat,mix,0,1,3,2282,24,1.373,48490,21.249,LO,3,2,2,"[MEL3, ME.LOL3] -> LOL3 -> [LO.LOPL3, MEL2]",ME,3,ME.LO,3,LO.LOP,3,ME,2
20861585528,mixed,lat->mix,lat,mix,0,1,3,2282,4,1.269,41439,18.159,LO,3,2,2,"[LO.LOPL3, ME.LOPL3] -> LOL3 -> [MEL2, ME.LOL3]",LO.LOP,3,ME.LOP,3,ME,2,ME.LO,3
18854732323,mixed,lat->mix,lat,mix,0,1,3,2282,28,1.265,48066,21.063,LO,3,2,2,"[MEL3, ME.LOL3] -> LOL3 -> [MEL2, ME.LOPL3]",ME,3,ME.LO,3,ME,2,ME.LOP,3
18400053056,mixed,lat->mix,lat,mix,0,1,3,1,1,1.0,3801,3801.0,MB_ML.MB_CA,3,2,2,"[MB_CA.MB_MLL3, MB_CA.MB_PEDL3] -> MB_ML.MB_CAL3 -> [MB_CA.MB_MLL2, MB_CA.MB_VLL3]",MB_CA.MB_ML,3,MB_CA.MB_PED,3,MB_CA.MB_ML,2,MB_CA.MB_VL,3
18400053056,mixed,lat->mix,lat,mix,0,1,3,1,1,1.0,3801,3801.0,MB_ML.MB_CA,3,2,2,"[MB_CA.MB_PEDL3, MB_CA.MB_VLL3] -> MB_ML.MB_CAL3 -> [MB_CA.MB_MLL2, MB_CA.MB_MLL3]",MB_CA.MB_PED,3,MB_CA.MB_VL,3,MB_CA.MB_ML,2,MB_CA.MB_ML,3
18280572192,mixed,lat->mix,lat,mix,0,1,3,1,1,1.0,3801,3801.0,MB_ML.MB_CA,3,2,2,"[MB_CA.MB_MLL3, MB_CA.MB_VLL3] -> MB_ML.MB_CAL3 -> [MB_CA.MB_MLL2, MB_CA.MB_PEDL3]",MB_CA.MB_ML,3,MB_CA.MB_VL,3,MB_CA.MB_ML,2,MB_CA.MB_PED,3
15151406233,mixed,lat->mix,lat,mix,0,1,3,2282,6,1.889,24016,10.524,LO,3,2,2,"[MEL3, ME.LOPL3] -> LOL3 -> [LO.LOPL2, ME.LOL3]",ME,3,ME.LOP,3,LO.LOP,2,ME.LO,3
13550967063,mixed,lat->mix,lat,mix,0,1,3,2282,5,1.172,17787,7.794,LO,3,2,2,"[LO.LOPL3, ME.LOL3] -> LOL3 -> [LOL2, ME.LOPL3]",LO.LOP,3,ME.LO,3,LO,2,ME.LOP,3
12376957980,mixed,lat->mix,lat,mix,0,1,3,2282,15,1.26,48066,21.063,LO,3,2,2,"[MEL3, ME.LOPL3] -> LOL3 -> [MEL2, ME.LOL3]",ME,3,ME.LOP,3,ME,2,ME.LO,3
12337783920,mixed,lat->mix,lat,mix,0,1,3,1,1,1.0,3103,3103.0,MB_ML.MB_CA,3,2,2,"[MB_CA.MB_MLL3, MB_CA.MB_PEDL3] -> MB_ML.MB_CAL3 -> [MB_CA.MB_VLL2, MB_CA.MB_VLL3]",MB_CA.MB_ML,3,MB_CA.MB_PED,3,MB_CA.MB_VL,2,MB_CA.MB_VL,3
12337783920,mixed,lat->mix,lat,mix,0,1,3,1,1,1.0,3103,3103.0,MB_ML.MB_CA,3,2,2,"[MB_CA.MB_PEDL3, MB_CA.MB_VLL3] -> MB_ML.MB_CAL3 -> [MB_CA.MB_MLL3, MB_CA.MB_VLL2]",MB_CA.MB_PED,3,MB_CA.MB_VL,3,MB_CA.MB_ML,3,MB_CA.MB_VL,2
12257668440,mixed,lat->mix,lat,mix,0,1,3,1,1,1.0,3103,3103.0,MB_ML.MB_CA,3,2,2,"[MB_CA.MB_MLL3, MB_CA.MB_VLL3] -> MB_ML.MB_CAL3 -> [MB_CA.MB_PEDL3, MB_CA.MB_VLL2]",MB_CA.MB_ML,3,MB_CA.MB_VL,3,MB_CA.MB_PED,3,MB_CA.MB_VL,2
11212811590,mixed,lat->mix,lat,mix,0,1,3,2282,4,1.963,24440,10.71,LO,3,2,2,"[LO.LOPL3, MEL3] -> LOL3 -> [LO.LOPL2, ME.LOL3]",LO.LOP,3,ME,3,LO.LOP,2,ME.LO,3
10793773227,mixed,lat->mix,lat,mix,0,1,3,2282,7,1.117,19632,8.603,LO,3,2,2,"[LO.LOPL3, ME.LOPL3] -> LOL3 -> [LOL2, MEL3]",LO.LOP,3,ME.LOP,3,LO,2,ME,3
9715591440,mixed,lat->mix,lat,mix,0,1,3,52,1,1.0,3801,73.096,MB_ML,3,2,2,"[MB_CA.MB_MLL3, MB_CA.MB_PEDL3] -> MB_MLL3 -> [MB_CA.MB_MLL2, MB_CA.MB_VLL3]",MB_CA.MB_ML,3,MB_CA.MB_PED,3,MB_CA.MB_ML,2,MB_CA.MB_VL,3
9715591440,mixed,lat->mix,lat,mix,0,1,3,52,1,1.0,3801,73.096,MB_ML,3,2,2,"[MB_CA.MB_MLL3, MB_CA.MB_VLL3] -> MB_MLL3 -> [MB_CA.MB_MLL2, MB_CA.MB_PEDL3]",MB_CA.MB_ML,3,MB_CA.MB_VL,3,MB_CA.MB_ML,2,MB_CA.MB_PED,3
9715591440,mixed,lat->mix,lat,mix,0,1,3,52,1,1.0,3801,73.096,MB_ML,3,2,2,"[MB_CA.MB_PEDL3, MB_CA.MB_VLL3] -> MB_MLL3 -> [MB_CA.MB_MLL2, MB_CA.MB_MLL3]",MB_CA.MB_PED,3,MB_CA.MB_VL,3,MB_CA.MB_ML,2,MB_CA.MB_ML,3
8969827437,mixed,lat->mix,lat,mix,0,1,3,2282,23,1.237,24838,10.884,LO,3,2,2,"[MEL3, ME.LOL3] -> LOL3 -> [LOL2, LO.LOPL3]",ME,3,ME.LO,3,LO,2,LO.LOP,3
8902128418,mixed,lat->mix,lat,mix,0,1,3,2282,5,1.169,17787,7.794,LO,3,2,2,"[LO.LOPL3, ME.LOPL3] -> LOL3 -> [LOL2, ME.LOL3]",LO.LOP,3,ME.LOP,3,LO,2,ME.LO,3
8627470909,mixed,lat->mix,lat,mix,0,1,3,2282,10,1.32,48490,21.249,LO,3,2,2,"[LO.LOPL3, MEL3] -> LOL3 -> [MEL2, ME.LOL3]",LO.LOP,3,ME,3,ME,2,ME.LO,3
8425299084,mixed,lat->mix,lat,mix,0,1,3,2282,11,1.124,25496,11.173,LO,3,2,2,"[ME.LOL3, ME.LOPL3] -> LOL3 -> [MEL3, ME.LOPL2]",ME.LO,3,ME.LOP,3,ME,3,ME.LOP,2
8244179616,mixed,lat->mix,lat,mix,0,1,3,1,1,1.0,3650,3650.0,MB_ML.MB_CA,3,2,2,"[MB_CA.CREL3, MB_CA.MB_MLL3] -> MB_ML.MB_CAL3 -> [MB_CA.MB_MLL2, MB_CA.MB_VLL3]",MB_CA.CRE,3,MB_CA.MB_ML,3,MB_CA.MB_ML,2,MB_CA.MB_VL,3
8244179616,mixed,lat->mix,lat,mix,0,1,3,1,1,1.0,3650,3650.0,MB_ML.MB_CA,3,2,2,"[MB_CA.CREL3, MB_CA.MB_VLL3] -> MB_ML.MB_CAL3 -> [MB_CA.MB_MLL2, MB_CA.MB_MLL3]",MB_CA.CRE,3,MB_CA.MB_VL,3,MB_CA.MB_ML,2,MB_CA.MB_ML,3
8244179616,mixed,lat->mix,lat,mix,0,1,3,1,1,1.0,3650,3650.0,MB_ML.MB_CA,3,2,2,"[MB_CA.MB_MLL3, MB_CA.MB_VLL3] -> MB_ML.MB_CAL3 -> [MB_CA.CREL3, MB_CA.MB_MLL2]",MB_CA.MB_ML,3,MB_CA.MB_VL,3,MB_CA.CRE,3,MB_CA.MB_ML,2
8051306099,mixed,lat->mix,lat,mix,0,1,3,2282,22,1.166,24414,10.699,LO,3,2,2,"[MEL3, ME.LOL3] -> LOL3 -> [LOL2, ME.LOPL3]",ME,3,ME.LO,3,LO,2,ME.LOP,3
7923922142,mixed,lat->mix,lat,mix,0,1,3,2282,14,1.078,29878,13.093,LO,3,2,2,"[ME.LOL3, ME.LOPL3] -> LOL3 -> [MEL3, ME.LOL2]",ME.LO,3,ME.LOP,3,ME,3,ME.LO,2
5792925782,mixed,lat->mix,lat,mix,0,1,3,2282,8,1.154,25920,11.358,LO,3,2,2,"[LO.LOPL3, ME.LOL3] -> LOL3 -> [MEL3, ME.LOPL2]",LO.LOP,3,ME.LO,3,ME,3,ME.LOP,2
5538795120,mixed,lat->mix,lat,mix,0,1,3,52,1,1.0,3511,67.519,MB_ML,3,2,2,"[MB_CA.CREL3, MB_CA.MB_MLL3] -> MB_MLL3 -> [MB_CA.MB_MLL2, MB_CA.MB_PEDL3]",MB_CA.CRE,3,MB_CA.MB_ML,3,MB_CA.MB_ML,2,MB_CA.MB_PED,3
5538795120,mixed,lat->mix,lat,mix,0,1,3,52,1,1.0,3511,67.519,MB_ML,3,2,2,"[MB_CA.CREL3, MB_CA.MB_PEDL3] -> MB_MLL3 -> [MB_CA.MB_MLL2, MB_CA.MB_MLL3]",MB_CA.CRE,3,MB_CA.MB_PED,3,MB_CA.MB_ML,2,MB_CA.MB_ML,3
5538795120,mixed,lat->mix,lat,mix,0,1,3,52,1,1.0,3511,67.519,MB_ML,3,2,2,"[MB_CA.MB_MLL3, MB_CA.MB_PEDL3] -> MB_MLL3 -> [MB_CA.CREL3, MB_CA.MB_MLL2]",MB_CA.MB_ML,3,MB_CA.MB_PED,3,MB_CA.CRE,3,MB_CA.MB_ML,2
5527968120,mixed,lat->mix,lat,mix,0,1,3,1,1,1.0,2952,2952.0,MB_ML.MB_CA,3,2,2,"[MB_CA.CREL3, MB_CA.MB_MLL3] -> MB_ML.MB_CAL3 -> [MB_CA.MB_VLL2, MB_CA.MB_VLL3]",MB_CA.CRE,3,MB_CA.MB_ML,3,MB_CA.MB_VL,2,MB_CA.MB_VL,3
5527968120,mixed,lat->mix,lat,mix,0,1,3,1,1,1.0,2952,2952.0,MB_ML.MB_CA,3,2,2,"[MB_CA.CREL3, MB_CA.MB_VLL3] -> MB_ML.MB_CAL3 -> [MB_CA.MB_MLL3, MB_CA.MB_VLL2]",MB_CA.CRE,3,MB_CA.MB_VL,3,MB_CA.MB_ML,3,MB_CA.MB_VL,2
5527968120,mixed,lat->mix,lat,mix,0,1,3,1,1,1.0,2952,2952.0,MB_ML.MB_CA,3,2,2,"[MB_CA.MB_MLL3, MB_CA.MB_VLL3] -> MB_ML.MB_CAL3 -> [MB_CA.CREL3, MB_CA.MB_VLL2]",MB_CA.MB_ML,3,MB_CA.MB_VL,3,MB_CA.CRE,3,MB_CA.MB_VL,2
5420835360,mixed,lat->mix,lat,mix,0,1,3,2282,10,1.097,30302,13.279,LO,3,2,2,"[LO.LOPL3, ME.LOL3] -> LOL3 -> [MEL3, ME.LOL2]",LO.LOP,3,ME.LO,3,ME,3,ME.LO,2
5376638880,mixed,lat->mix,lat,mix,0,1,3,1,1,1.0,3595,3595.0,MB_ML.MB_CA,3,2,2,"[MB_CA.MB_MLL3, PLP.CREL3] -> MB_ML.MB_CAL3 -> [MB_CA.MB_MLL2, MB_CA.MB_VLL3]",MB_CA.MB_ML,3,PLP.CRE,3,MB_CA.MB_ML,2,MB_CA.MB_VL,3
5376638880,mixed,lat->mix,lat,mix,0,1,3,1,1,1.0,3595,3595.0,MB_ML.MB_CA,3,2,2,"[MB_CA.MB_VLL3, PLP.CREL3] -> MB_ML.MB_CAL3 -> [MB_CA.MB_MLL2, MB_CA.MB_MLL3]",MB_CA.MB_VL,3,PLP.CRE,3,MB_CA.MB_ML,2,MB_CA.MB_ML,3
5289352887,mixed,lat->mix,lat,mix,0,1,3,2282,17,1.163,24414,10.699,LO,3,2,2,"[MEL3, ME.LOPL3] -> LOL3 -> [LOL2, ME.LOL3]",ME,3,ME.LOP,3,LO,2,ME.LO,3
5110705110,mixed,lat->mix,lat,mix,0,1,3,2282,2,1.0,10160,4.452,LO,3,2,2,"[LO.MEL3, ME.LOPL3] -> LOL3 -> [LO.LOPL3, ME.LOPL2]",LO.ME,3,ME.LOP,3,LO.LOP,3,ME.LOP,2
5018196288,mixed,lat->mix,lat,mix,0,1,3,1,1,1.0,3595,3595.0,MB_ML.MB_CA,3,2,2,"[MB_CA.MB_MLL3, MB_CA.MB_VLL3] -> MB_ML.MB_CAL3 -> [MB_CA.MB_MLL2, PLP.CREL3]",MB_CA.MB_ML,3,MB_CA.MB_VL,3,MB_CA.MB_ML,2,PLP.CRE,3
4666543920,mixed,lat->mix,lat,mix,0,1,3,52,1,1.0,3650,70.192,MB_ML,3,2,2,"[MB_CA.CREL3, MB_CA.MB_MLL3] -> MB_MLL3 -> [MB_CA.MB_MLL2, MB_CA.MB_VLL3]",MB_CA.CRE,3,MB_CA.MB_ML,3,MB_CA.MB_ML,2,MB_CA.MB_VL,3
4666543920,mixed,lat->mix,lat,mix,0,1,3,52,1,1.0,3650,70.192,MB_ML,3,2,2,"[MB_CA.CREL3, MB_CA.MB_VLL3] -> MB_MLL3 -> [MB_CA.MB_MLL2, MB_CA.MB_MLL3]",MB_CA.CRE,3,MB_CA.MB_VL,3,MB_CA.MB_ML,2,MB_CA.MB_ML,3
4666543920,mixed,lat->mix,lat,mix,0,1,3,52,1,1.0,3650,70.192,MB_ML,3,2,2,"[MB_CA.MB_MLL3, MB_CA.MB_VLL3] -> MB_MLL3 -> [MB_CA.CREL3, MB_CA.MB_MLL2]",MB_CA.MB_ML,3,MB_CA.MB_VL,3,MB_CA.CRE,3,MB_CA.MB_ML,2
4056241728,mixed,lat->mix,lat,mix,0,1,3,1,1,1.0,3511,3511.0,MB_ML.MB_CA,3,2,2,"[MB_CA.CREL3, MB_CA.MB_PEDL3] -> MB_ML.MB_CAL3 -> [MB_CA.MB_MLL2, MB_CA.MB_MLL3]",MB_CA.CRE,3,MB_CA.MB_PED,3,MB_CA.MB_ML,2,MB_CA.MB_ML,3
4056241728,mixed,lat->mix,lat,mix,0,1,3,1,1,1.0,3511,3511.0,MB_ML.MB_CA,3,2,2,"[MB_CA.MB_MLL3, MB_CA.MB_PEDL3] -> MB_ML.MB_CAL3 -> [MB_CA.CREL3, MB_CA.MB_MLL2]",MB_CA.MB_ML,3,MB_CA.MB_PED,3,MB_CA.CRE,3,MB_CA.MB_ML,2
4029902496,mixed,lat->mix,lat,mix,0,1,3,1,1,1.0,3511,3511.0,MB_ML.MB_CA,3,2,2,"[MB_CA.CREL3, MB_CA.MB_MLL3] -> MB_ML.MB_CAL3 -> [MB_CA.MB_MLL2, MB_CA.MB_PEDL3]",MB_CA.CRE,3,MB_CA.MB_ML,3,MB_CA.MB_ML,2,MB_CA.MB_PED,3
3651581030,mixed,lat->mix,lat,mix,0,1,3,2282,10,1.202,24838,10.884,LO,3,2,2,"[LO.LOPL3, MEL3] -> LOL3 -> [LOL2, ME.LOL3]",LO.LOP,3,ME,3,LO,2,ME.LO,3
3605196600,mixed,lat->mix,lat,mix,0,1,3,1,1,1.0,2897,2897.0,MB_ML.MB_CA,3,2,2,"[MB_CA.MB_MLL3, PLP.CREL3] -> MB_ML.MB_CAL3 -> [MB_CA.MB_VLL2, MB_CA.MB_VLL3]",MB_CA.MB_ML,3,PLP.CRE,3,MB_CA.MB_VL,2,MB_CA.MB_VL,3
3605196600,mixed,lat->mix,lat,mix,0,1,3,1,1,1.0,2897,2897.0,MB_ML.MB_CA,3,2,2,"[MB_CA.MB_VLL3, PLP.CREL3] -> MB_ML.MB_CAL3 -> [MB_CA.MB_MLL3, MB_CA.MB_VLL2]",MB_CA.MB_VL,3,PLP.CRE,3,MB_CA.MB_ML,3,MB_CA.MB_VL,2
3364850160,mixed,lat->mix,lat,mix,0,1,3,1,1,1.0,2897,2897.0,MB_ML.MB_CA,3,2,2,"[MB_CA.MB_MLL3, MB_CA.MB_VLL3] -> MB_ML.MB_CAL3 -> [MB_CA.MB_VLL2, PLP.CREL3]",MB_CA.MB_ML,3,MB_CA.MB_VL,3,MB_CA.MB_VL,2,PLP.CRE,3
3229929354,mixed,lat->mix,lat,mix,0,1,3,2282,18,1.036,48066,21.063,LO,3,2,2,"[ME.LOL3, ME.LOPL3] -> LOL3 -> [MEL2, MEL3]",ME.LO,3,ME.LOP,3,ME,2,ME,3
3087197280,mixed,lat->mix,lat,mix,0,1,3,52,1,1.0,3430,65.962,MB_ML,3,2,2,"[MB_CA.MB_MLL3, MB_CA.MB_PEDL3] -> MB_MLL3 -> [MB_CA.MB_MLL2, PLP.MB_MLL3]",MB_CA.MB_ML,3,MB_CA.MB_PED,3,MB_CA.MB_ML,2,PLP.MB_ML,3
3087197280,mixed,lat->mix,lat,mix,0,1,3,52,1,1.0,3430,65.962,MB_ML,3,2,2,"[MB_CA.MB_MLL3, PLP.MB_MLL3] -> MB_MLL3 -> [MB_CA.MB_MLL2, MB_CA.MB_PEDL3]",MB_CA.MB_ML,3,PLP.MB_ML,3,MB_CA.MB_ML,2,MB_CA.MB_PED,3
3087197280,mixed,lat->mix,lat,mix,0,1,3,52,1,1.0,3430,65.962,MB_ML,3,2,2,"[MB_CA.MB_PEDL3, PLP.MB_MLL3] -> MB_MLL3 -> [MB_CA.MB_MLL2, MB_CA.MB_MLL3]",MB_CA.MB_PED,3,PLP.MB_ML,3,MB_CA.MB_ML,2,MB_CA.MB_ML,3
3083474632,mixed,lat->mix,lat,mix,0,1,3,2282,2,1.0,14542,6.372,LO,3,2,2,"[LO.MEL3, ME.LOPL3] -> LOL3 -> [LO.LOPL3, ME.LOL2]",LO.ME,3,ME.LOP,3,LO.LOP,3,ME.LO,2
2959687245,mixed,lat->mix,lat,mix,0,1,3,2282,8,1.167,24016,10.524,LO,3,2,2,"[ME.LOL3, ME.LOPL3] -> LOL3 -> [LO.LOPL2, MEL3]",ME.LO,3,ME.LOP,3,LO.LOP,2,ME,3
2778122880,mixed,lat->mix,lat,mix,0,1,3,2282,1,1.0,10160,4.452,LO,3,2,2,"[LO.LOPL3, LO.MEL3] -> LOL3 -> [ME.LOPL2, ME.LOPL3]",LO.LOP,3,LO.ME,3,ME.LOP,2,ME.LOP,3
2719830960,mixed,lat->mix,lat,mix,0,1,3,1,1,1.0,2813,2813.0,MB_ML.MB_CA,3,2,2,"[MB_CA.CREL3, MB_CA.MB_PEDL3] -> MB_ML.MB_CAL3 -> [MB_CA.MB_MLL3, MB_CA.MB_VLL2]",MB_CA.CRE,3,MB_CA.MB_PED,3,MB_CA.MB_ML,3,MB_CA.MB_VL,2
2719830960,mixed,lat->mix,lat,mix,0,1,3,1,1,1.0,2813,2813.0,MB_ML.MB_CA,3,2,2,"[MB_CA.MB_MLL3, MB_CA.MB_PEDL3] -> MB_ML.MB_CAL3 -> [MB_CA.CREL3, MB_CA.MB_VLL2]",MB_CA.MB_ML,3,MB_CA.MB_PED,3,MB_CA.CRE,3,MB_CA.MB_VL,2
2702169720,mixed,lat->mix,lat,mix,0,1,3,1,1,1.0,2813,2813.0,MB_ML.MB_CA,3,2,2,"[MB_CA.CREL3, MB_CA.MB_MLL3] -> MB_ML.MB_CAL3 -> [MB_CA.MB_PEDL3, MB_CA.MB_VLL2]",MB_CA.CRE,3,MB_CA.MB_ML,3,MB_CA.MB_PED,3,MB_CA.MB_VL,2
2645375040,mixed,lat->mix,lat,mix,0,1,3,1,1,1.0,3456,3456.0,MB_ML.MB_CA,3,2,2,"[MB_CA.MB_PEDL3, PLP.CREL3] -> MB_ML.MB_CAL3 -> [MB_CA.MB_MLL2, MB_CA.MB_MLL3]",MB_CA.MB_PED,3,PLP.CRE,3,MB_CA.MB_ML,2,MB_CA.MB_ML,3
2628197280,mixed,lat->mix,lat,mix,0,1,3,1,1,1.0,3456,3456.0,MB_ML.MB_CA,3,2,2,"[MB_CA.MB_MLL3, PLP.CREL3] -> MB_ML.MB_CAL3 -> [MB_CA.MB_MLL2, MB_CA.MB_PEDL3]",MB_CA.MB_ML,3,PLP.CRE,3,MB_CA.MB_ML,2,MB_CA.MB_PED,3
2601024480,mixed,lat->mix,lat,mix,0,1,3,52,1,1.0,3569,68.635,MB_ML,3,2,2,"[MB_CA.MB_MLL3, MB_CA.MB_VLL3] -> MB_MLL3 -> [MB_CA.MB_MLL2, PLP.MB_MLL3]",MB_CA.MB_ML,3,MB_CA.MB_VL,3,MB_CA.MB_ML,2,PLP.MB_ML,3
2601024480,mixed,lat->mix,lat,mix,0,1,3,52,1,1.0,3569,68.635,MB_ML,3,2,2,"[MB_CA.MB_MLL3, PLP.MB_MLL3] -> MB_MLL3 -> [MB_CA.MB_MLL2, MB_CA.MB_VLL3]",MB_CA.MB_ML,3,PLP.MB_ML,3,MB_CA.MB_ML,2,MB_CA.MB_VL,3
2601024480,mixed,lat->mix,lat,mix,0,1,3,52,1,1.0,3569,68.635,MB_ML,3,2,2,"[MB_CA.MB_VLL3, PLP.MB_MLL3] -> MB_MLL3 -> [MB_CA.MB_MLL2, MB_CA.MB_MLL3]",MB_CA.MB_VL,3,PLP.MB_ML,3,MB_CA.MB_ML,2,MB_CA.MB_ML,3
2555352540,mixed,lat->mix,lat,mix,0,1,3,2282,1,1.0,10006,4.385,LO,3,2,2,"[FB.LOL3, ME.LOPL3] -> LOL3 -> [LO.LOPL3, ME.LOPL2]",FB.LO,3,ME.LOP,3,LO.LOP,3,ME.LOP,2
2473543134,mixed,lat->mix,lat,mix,0,1,3,2282,5,1.0,17211,7.542,LO,3,2,2,"[LO.MEL3, MEL3] -> LOL3 -> [LO.LOPL3, ME.LOPL2]",LO.ME,3,ME,3,LO.LOP,3,ME.LOP,2
2469016704,mixed,lat->mix,lat,mix,0,1,3,1,1,1.0,3456,3456.0,MB_ML.MB_CA,3,2,2,"[MB_CA.MB_MLL3, MB_CA.MB_PEDL3] -> MB_ML.MB_CAL3 -> [MB_CA.MB_MLL2, PLP.CREL3]",MB_CA.MB_ML,3,MB_CA.MB_PED,3,MB_CA.MB_ML,2,PLP.CRE,3
2389617280,mixed,lat->mix,lat,mix,0,1,3,1,1,1.0,3550,3550.0,MB_ML.MB_CA,3,2,2,"[MB_CA.MB_MLL3, PLP.MB_PEDL3] -> MB_ML.MB_CAL3 -> [MB_CA.MB_MLL2, MB_CA.MB_VLL3]",MB_CA.MB_ML,3,PLP.MB_PED,3,MB_CA.MB_ML,2,MB_CA.MB_VL,3
2389617280,mixed,lat->mix,lat,mix,0,1,3,1,1,1.0,3550,3550.0,MB_ML.MB_CA,3,2,2,"[MB_CA.MB_VLL3, PLP.MB_PEDL3] -> MB_ML.MB_CAL3 -> [MB_CA.MB_MLL2, MB_CA.MB_MLL3]",MB_CA.MB_VL,3,PLP.MB_PED,3,MB_CA.MB_ML,2,MB_CA.MB_ML,3
2372996576,mixed,lat->mix,lat,mix,0,1,3,2282,2,1.0,8680,3.804,LO,3,2,2,"[LO.MEL3, ME.LOPL3] -> LOL3 -> [LO.LOPL2, LO.LOPL3]",LO.ME,3,ME.LOP,3,LO.LOP,2,LO.LOP,3
2270136416,mixed,lat->mix,lat,mix,0,1,3,1,1,1.0,3550,3550.0,MB_ML.MB_CA,3,2,2,"[MB_CA.MB_MLL3, MB_CA.MB_VLL3] -> MB_ML.MB_CAL3 -> [MB_CA.MB_MLL2, PLP.MB_PEDL3]",MB_CA.MB_ML,3,MB_CA.MB_VL,3,MB_CA.MB_ML,2,PLP.MB_PED,3
2199144795,mixed,lat->mix,lat,mix,0,1,3,2282,12,1.045,48490,21.249,LO,3,2,2,"[LO.LOPL3, ME.LOL3] -> LOL3 -> [MEL2, MEL3]",LO.LOP,3,ME.LO,3,ME,2,ME,3
2101992816,mixed,lat->mix,lat,mix,0,1,3,1,1,1.0,2734,2734.0,MB_ML.MB_CA,3,2,2,"[MB_CA.MB_MLL3, MB_CA.MB_PEDL3] -> MB_ML.MB_CAL3 -> [MB_CA.MB_PEDL2, MB_CA.MB_VLL3]",MB_CA.MB_ML,3,MB_CA.MB_PED,3,MB_CA.MB_PED,2,MB_CA.MB_VL,3
2101992816,mixed,lat->mix,lat,mix,0,1,3,1,1,1.0,2734,2734.0,MB_ML.MB_CA,3,2,2,"[MB_CA.MB_PEDL3, MB_CA.MB_VLL3] -> MB_ML.MB_CAL3 -> [MB_CA.MB_MLL3, MB_CA.MB_PEDL2]",MB_CA.MB_PED,3,MB_CA.MB_VL,3,MB_CA.MB_ML,3,MB_CA.MB_PED,2
2088343512,mixed,lat->mix,lat,mix,0,1,3,1,1,1.0,2734,2734.0,MB_ML.MB_CA,3,2,2,"[MB_CA.MB_MLL3, MB_CA.MB_VLL3] -> MB_ML.MB_CAL3 -> [MB_CA.MB_PEDL2, MB_CA.MB_PEDL3]",MB_CA.MB_ML,3,MB_CA.MB_VL,3,MB_CA.MB_PED,2,MB_CA.MB_PED,3
2044141661,mixed,lat->mix,lat,mix,0,1,3,2282,6,1.207,24440,10.71,LO,3,2,2,"[LO.LOPL3, ME.LOL3] -> LOL3 -> [LO.LOPL2, MEL3]",LO.LOP,3,ME.LO,3,LO.LOP,2,ME,3
2008866552,mixed,lat->mix,lat,mix,0,1,3,1,1,1.0,1975,1975.0,MB_ML.MB_CA,3,2,2,"[MB_CA.CREL3, MB_CA.MB_PEDL3] -> MB_ML.MB_CAL3 -> [MB_CA.MB_MLL2, MB_CA.MB_VLL3]",MB_CA.CRE,3,MB_CA.MB_PED,3,MB_CA.MB_ML,2,MB_CA.MB_VL,3
2008866552,mixed,lat->mix,lat,mix,0,1,3,1,1,1.0,1975,1975.0,MB_ML.MB_CA,3,2,2,"[MB_CA.MB_PEDL3, MB_CA.MB_VLL3] -> MB_ML.MB_CAL3 -> [MB_CA.CREL3, MB_CA.MB_MLL2]",MB_CA.MB_PED,3,MB_CA.MB_VL,3,MB_CA.CRE,3,MB_CA.MB_ML,2
1995821964,mixed,lat->mix,lat,mix,0,1,3,1,1,1.0,1975,1975.0,MB_ML.MB_CA,3,2,2,"[MB_CA.CREL3, MB_CA.MB_VLL3] -> MB_ML.MB_CAL3 -> [MB_CA.MB_MLL2, MB_CA.MB_PEDL3]",MB_CA.CRE,3,MB_CA.MB_VL,3,MB_CA.MB_ML,2,MB_CA.MB_PED,3
1815998400,mixed,lat->mix,lat,mix,0,1,3,52,1,1.0,3456,66.462,MB_ML,3,2,2,"[MB_CA.MB_MLL3, MB_CA.MB_PEDL3] -> MB_MLL3 -> [MB_CA.MB_MLL2, PLP.CREL3]",MB_CA.MB_ML,3,MB_CA.MB_PED,3,MB_CA.MB_ML,2,PLP.CRE,3
1815998400,mixed,lat->mix,lat,mix,0,1,3,52,1,1.0,3403,65.442,MB_ML,3,2,2,"[MB_CA.MB_MLL3, MB_CA.MB_PEDL3] -> MB_MLL3 -> [MB_CA.MB_MLL2, SCL.MB_MLL3]",MB_CA.MB_ML,3,MB_CA.MB_PED,3,MB_CA.MB_ML,2,SCL.MB_ML,3
1815998400,mixed,lat->mix,lat,mix,0,1,3,52,1,1.0,3456,66.462,MB_ML,3,2,2,"[MB_CA.MB_MLL3, PLP.CREL3] -> MB_MLL3 -> [MB_CA.MB_MLL2, MB_CA.MB_PEDL3]",MB_CA.MB_ML,3,PLP.CRE,3,MB_CA.MB_ML,2,MB_CA.MB_PED,3
1815998400,mixed,lat->mix,lat,mix,0,1,3,52,1,1.0,3403,65.442,MB_ML,3,2,2,"[MB_CA.MB_MLL3, SCL.MB_MLL3] -> MB_MLL3 -> [MB_CA.MB_MLL2, MB_CA.MB_PEDL3]",MB_CA.MB_ML,3,SCL.MB_ML,3,MB_CA.MB_ML,2,MB_CA.MB_PED,3
1815998400,mixed,lat->mix,lat,mix,0,1,3,52,1,1.0,3456,66.462,MB_ML,3,2,2,"[MB_CA.MB_PEDL3, PLP.CREL3] -> MB_MLL3 -> [MB_CA.MB_MLL2, MB_CA.MB_MLL3]",MB_CA.MB_PED,3,PLP.CRE,3,MB_CA.MB_ML,2,MB_CA.MB_ML,3
1815998400,mixed,lat->mix,lat,mix,0,1,3,52,1,1.0,3403,65.442,MB_ML,3,2,2,"[MB_CA.MB_PEDL3, SCL.MB_MLL3] -> MB_MLL3 -> [MB_CA.MB_MLL2, MB_CA.MB_MLL3]",MB_CA.MB_PED,3,SCL.MB_ML,3,MB_CA.MB_ML,2,MB_CA.MB_ML,3
1792212960,mixed,lat->mix,lat,mix,0,1,3,1,1,1.0,3569,3569.0,MB_ML.MB_CA,3,2,2,"[MB_CA.MB_MLL3, MB_CA.MB_VLL3] -> MB_ML.MB_CAL3 -> [MB_CA.MB_MLL2, PLP.MB_MLL3]",MB_CA.MB_ML,3,MB_CA.MB_VL,3,MB_CA.MB_ML,2,PLP.MB_ML,3
1792212960,mixed,lat->mix,lat,mix,0,1,3,1,1,1.0,3572,3572.0,MB_ML.MB_CA,3,2,2,"[MB_CA.MB_MLL3, MB_MLL3] -> MB_ML.MB_CAL3 -> [MB_CA.MB_MLL2, MB_CA.MB_VLL3]",MB_CA.MB_ML,3,MB_ML,3,MB_CA.MB_ML,2,MB_CA.MB_VL,3
1792212960,mixed,lat->mix,lat,mix,0,1,3,1,1,1.0,3569,3569.0,MB_ML.MB_CA,3,2,2,"[MB_CA.MB_MLL3, PLP.MB_MLL3] -> MB_ML.MB_CAL3 -> [MB_CA.MB_MLL2, MB_CA.MB_VLL3]",MB_CA.MB_ML,3,PLP.MB_ML,3,MB_CA.MB_ML,2,MB_CA.MB_VL,3
1792212960,mixed,lat->mix,lat,mix,0,1,3,1,1,1.0,3572,3572.0,MB_ML.MB_CA,3,2,2,"[MB_CA.MB_VLL3, MB_MLL3] -> MB_ML.MB_CAL3 -> [MB_CA.MB_MLL2, MB_CA.MB_MLL3]",MB_CA.MB_VL,3,MB_ML,3,MB_CA.MB_ML,2,MB_CA.MB_ML,3
1792212960,mixed,lat->mix,lat,mix,0,1,3,1,1,1.0,3569,3569.0,MB_ML.MB_CA,3,2,2,"[MB_CA.MB_VLL3, PLP.MB_MLL3] -> MB_ML.MB_CAL3 -> [MB_CA.MB_MLL2, MB_CA.MB_MLL3]",MB_CA.MB_VL,3,PLP.MB_ML,3,MB_CA.MB_ML,2,MB_CA.MB_ML,3
1773802800,mixed,lat->mix,lat,mix,0,1,3,1,1,1.0,2758,2758.0,MB_ML.MB_CA,3,2,2,"[MB_CA.MB_PEDL3, PLP.CREL3] -> MB_ML.MB_CAL3 -> [MB_CA.MB_MLL3, MB_CA.MB_VLL2]",MB_CA.MB_PED,3,PLP.CRE,3,MB_CA.MB_ML,3,MB_CA.MB_VL,2
1766892512,mixed,lat->mix,lat,mix,0,1,3,1,1,1.0,2823,2823.0,MB_ML.MB_CA,3,2,2,"[MB_CA.MB_MLL3, MB_CA.MB_PEDL3] -> MB_ML.MB_CAL3 -> [MB_CA.MB_VLL3, MB_MLL2]",MB_CA.MB_ML,3,MB_CA.MB_PED,3,MB_CA.MB_VL,3,MB_ML,2
1766892512,mixed,lat->mix,lat,mix,0,1,3,1,1,1.0,2823,2823.0,MB_ML.MB_CA,3,2,2,"[MB_CA.MB_PEDL3, MB_CA.MB_VLL3] -> MB_ML.MB_CAL3 -> [MB_CA.MB_MLL3, MB_MLL2]",MB_CA.MB_PED,3,MB_CA.MB_VL,3,MB_CA.MB_ML,3,MB_ML,2
1762284600,mixed,lat->mix,lat,mix,0,1,3,1,1,1.0,2758,2758.0,MB_ML.MB_CA,3,2,2,"[MB_CA.MB_MLL3, PLP.CREL3] -> MB_ML.MB_CAL3 -> [MB_CA.MB_PEDL3, MB_CA.MB_VLL2]",MB_CA.MB_ML,3,PLP.CRE,3,MB_CA.MB_PED,3,MB_CA.MB_VL,2
1755419184,mixed,lat->mix,lat,mix,0,1,3,1,1,1.0,2823,2823.0,MB_ML.MB_CA,3,2,2,"[MB_CA.MB_MLL3, MB_CA.MB_VLL3] -> MB_ML.MB_CAL3 -> [MB_CA.MB_PEDL3, MB_MLL2]",MB_CA.MB_ML,3,MB_CA.MB_VL,3,MB_CA.MB_PED,3,MB_ML,2
1676142720,mixed,lat->mix,lat,mix,0,1,3,2282,1,1.0,14542,6.372,LO,3,2,2,"[LO.LOPL3, LO.MEL3] -> LOL3 -> [ME.LOL2, ME.LOPL3]",LO.LOP,3,LO.ME,3,ME.LO,2,ME.LOP,3
1655549280,mixed,lat->mix,lat,mix,0,1,3,1,1,1.0,2758,2758.0,MB_ML.MB_CA,3,2,2,"[MB_CA.MB_MLL3, MB_CA.MB_PEDL3] -> MB_ML.MB_CAL3 -> [MB_CA.MB_VLL2, PLP.CREL3]",MB_CA.MB_ML,3,MB_CA.MB_PED,3,MB_CA.MB_VL,2,PLP.CRE,3
1602309600,mixed,lat->mix,lat,mix,0,1,3,1,1,1.0,2852,2852.0,MB_ML.MB_CA,3,2,2,"[MB_CA.MB_MLL3, PLP.MB_PEDL3] -> MB_ML.MB_CAL3 -> [MB_CA.MB_VLL2, MB_CA.MB_VLL3]",MB_CA.MB_ML,3,PLP.MB_PED,3,MB_CA.MB_VL,2,MB_CA.MB_VL,3
1602309600,mixed,lat->mix,lat,mix,0,1,3,1,1,1.0,2852,2852.0,MB_ML.MB_CA,3,2,2,"[MB_CA.MB_VLL3, PLP.MB_PEDL3] -> MB_ML.MB_CAL3 -> [MB_CA.MB_MLL3, MB_CA.MB_VLL2]",MB_CA.MB_VL,3,PLP.MB_PED,3,MB_CA.MB_ML,3,MB_CA.MB_VL,2
1597265607,mixed,lat->mix,lat,mix,0,1,3,2282,6,1.0,16787,7.356,LO,3,2,2,"[LO.MEL3, MEL3] -> LOL3 -> [ME.LOPL2, ME.LOPL3]",LO.ME,3,ME,3,ME.LOP,2,ME.LOP,3
1584110528,mixed,lat->mix,lat,mix,0,1,3,1,1,1.0,2801,2801.0,MB_ML.MB_CA,3,2,2,"[MB_CA.MB_MLL3, MB_CA.MB_PEDL3] -> MB_ML.MB_CAL3 -> [AL.MB_CAL2, MB_CA.MB_VLL3]",MB_CA.MB_ML,3,MB_CA.MB_PED,3,AL.MB_CA,2,MB_CA.MB_VL,3
1584110528,mixed,lat->mix,lat,mix,0,1,3,1,1,1.0,2801,2801.0,MB_ML.MB_CA,3,2,2,"[MB_CA.MB_PEDL3, MB_CA.MB_VLL3] -> MB_ML.MB_CAL3 -> [AL.MB_CAL2, MB_CA.MB_MLL3]",MB_CA.MB_PED,3,MB_CA.MB_VL,3,AL.MB_CA,2,MB_CA.MB_ML,3
1581359949,mixed,lat->mix,lat,mix,1,1,2,1183,136,1.579,33984,28.727,LO,2,2,2,"[MEL2, ME.LOL2] -> LOL2 -> [LOL1, LOL3]",ME,2,ME.LO,2,LO,1,LO,3
1573824096,mixed,lat->mix,lat,mix,0,1,3,1,1,1.0,2801,2801.0,MB_ML.MB_CA,3,2,2,"[MB_CA.MB_MLL3, MB_CA.MB_VLL3] -> MB_ML.MB_CAL3 -> [AL.MB_CAL2, MB_CA.MB_PEDL3]",MB_CA.MB_ML,3,MB_CA.MB_VL,3,AL.MB_CA,2,MB_CA.MB_PED,3
1541737260,mixed,lat->mix,lat,mix,0,1,3,2282,1,1.0,14388,6.305,LO,3,2,2,"[FB.LOL3, ME.LOPL3] -> LOL3 -> [LO.LOPL3, ME.LOL2]",FB.LO,3,ME.LOP,3,LO.LOP,3,ME.LO,2
1530014400,mixed,lat->mix,lat,mix,0,1,3,52,1,1.0,3595,69.135,MB_ML,3,2,2,"[MB_CA.MB_MLL3, MB_CA.MB_VLL3] -> MB_MLL3 -> [MB_CA.MB_MLL2, PLP.CREL3]",MB_CA.MB_ML,3,MB_CA.MB_VL,3,MB_CA.MB_ML,2,PLP.CRE,3
1530014400,mixed,lat->mix,lat,mix,0,1,3,52,1,1.0,3542,68.115,MB_ML,3,2,2,"[MB_CA.MB_MLL3, MB_CA.MB_VLL3] -> MB_MLL3 -> [MB_CA.MB_MLL2, SCL.MB_MLL3]",MB_CA.MB_ML,3,MB_CA.MB_VL,3,MB_CA.MB_ML,2,SCL.MB_ML,3
1530014400,mixed,lat->mix,lat,mix,0,1,3,52,1,1.0,3595,69.135,MB_ML,3,2,2,"[MB_CA.MB_MLL3, PLP.CREL3] -> MB_MLL3 -> [MB_CA.MB_MLL2, MB_CA.MB_VLL3]",MB_CA.MB_ML,3,PLP.CRE,3,MB_CA.MB_ML,2,MB_CA.MB_VL,3
1530014400,mixed,lat->mix,lat,mix,0,1,3,52,1,1.0,3542,68.115,MB_ML,3,2,2,"[MB_CA.MB_MLL3, SCL.MB_MLL3] -> MB_MLL3 -> [MB_CA.MB_MLL2, MB_CA.MB_VLL3]",MB_CA.MB_ML,3,SCL.MB_ML,3,MB_CA.MB_ML,2,MB_CA.MB_VL,3
1530014400,mixed,lat->mix,lat,mix,0,1,3,52,1,1.0,3595,69.135,MB_ML,3,2,2,"[MB_CA.MB_VLL3, PLP.CREL3] -> MB_MLL3 -> [MB_CA.MB_MLL2, MB_CA.MB_MLL3]",MB_CA.MB_VL,3,PLP.CRE,3,MB_CA.MB_ML,2,MB_CA.MB_ML,3
1530014400,mixed,lat->mix,lat,mix,0,1,3,52,1,1.0,3542,68.115,MB_ML,3,2,2,"[MB_CA.MB_VLL3, SCL.MB_MLL3] -> MB_MLL3 -> [MB_CA.MB_MLL2, MB_CA.MB_MLL3]",MB_CA.MB_VL,3,SCL.MB_ML,3,MB_CA.MB_ML,2,MB_CA.MB_ML,3
1522194120,mixed,lat->mix,lat,mix,0,1,3,1,1,1.0,2852,2852.0,MB_ML.MB_CA,3,2,2,"[MB_CA.MB_MLL3, MB_CA.MB_VLL3] -> MB_ML.MB_CAL3 -> [MB_CA.MB_VLL2, PLP.MB_PEDL3]",MB_CA.MB_ML,3,MB_CA.MB_VL,3,MB_CA.MB_VL,2,PLP.MB_PED,3
1515918770,mixed,lat->mix,lat,mix,1,1,2,1183,58,1.435,32408,27.395,LO,2,2,2,"[MEL2, ME.LOL2] -> LOL2 -> [LOL1, LO.PVLPL3]",ME,2,ME.LO,2,LO,1,LO.PVLP,3
1492379515,mixed,lat->mix,lat,mix,0,1,3,2282,7,1.0,21593,9.462,LO,3,2,2,"[LO.MEL3, MEL3] -> LOL3 -> [LO.LOPL3, ME.LOL2]",LO.ME,3,ME,3,LO.LOP,3,ME.LO,2
1482827040,mixed,lat->mix,lat,mix,0,1,3,52,1,1.0,3279,63.058,MB_ML,3,2,2,"[MB_CA.CREL3, MB_CA.MB_MLL3] -> MB_MLL3 -> [MB_CA.MB_MLL2, PLP.MB_MLL3]",MB_CA.CRE,3,MB_CA.MB_ML,3,MB_CA.MB_ML,2,PLP.MB_ML,3
1482827040,mixed,lat->mix,lat,mix,0,1,3,52,1,1.0,3279,63.058,MB_ML,3,2,2,"[MB_CA.CREL3, PLP.MB_MLL3] -> MB_MLL3 -> [MB_CA.MB_MLL2, MB_CA.MB_MLL3]",MB_CA.CRE,3,PLP.MB_ML,3,MB_CA.MB_ML,2,MB_CA.MB_ML,3
1482827040,mixed,lat->mix,lat,mix,0,1,3,52,1,1.0,3279,63.058,MB_ML,3,2,2,"[MB_CA.MB_MLL3, PLP.MB_MLL3] -> MB_MLL3 -> [MB_CA.CREL3, MB_CA.MB_MLL2]",MB_CA.MB_ML,3,PLP.MB_ML,3,MB_CA.CRE,3,MB_CA.MB_ML,2
1457338716,mixed,lat->mix,lat,mix,0,1,3,52,1,1.0,2823,54.288,MB_ML,3,2,2,"[MB_CA.MB_MLL3, MB_CA.MB_PEDL3] -> MB_MLL3 -> [MB_CA.MB_VLL3, MB_MLL2]",MB_CA.MB_ML,3,MB_CA.MB_PED,3,MB_CA.MB_VL,3,MB_ML,2
1457338716,mixed,lat->mix,lat,mix,0,1,3,52,1,1.0,2823,54.288,MB_ML,3,2,2,"[MB_CA.MB_MLL3, MB_CA.MB_VLL3] -> MB_MLL3 -> [MB_CA.MB_PEDL3, MB_MLL2]",MB_CA.MB_ML,3,MB_CA.MB_VL,3,MB_CA.MB_PED,3,MB_ML,2
1457338716,mixed,lat->mix,lat,mix,0,1,3,52,1,1.0,2823,54.288,MB_ML,3,2,2,"[MB_CA.MB_PEDL3, MB_CA.MB_VLL3] -> MB_MLL3 -> [MB_CA.MB_MLL3, MB_MLL2]",MB_CA.MB_PED,3,MB_CA.MB_VL,3,MB_CA.MB_ML,3,MB_ML,2
1434403140,mixed,lat->mix,lat,mix,0,1,3,2282,22,1.023,24414,10.699,LO,3,2,2,"[ME.LOL3, ME.LOPL3] -> LOL3 -> [LOL2, MEL3]",ME.LO,3,ME.LOP,3,LO,2,ME,3
1433770368,mixed,lat->mix,lat,mix,0,1,3,1,1,1.0,3572,3572.0,MB_ML.MB_CA,3,2,2,"[MB_CA.MB_MLL3, MB_CA.MB_VLL3] -> MB_ML.MB_CAL3 -> [MB_CA.MB_MLL2, MB_MLL3]",MB_CA.MB_ML,3,MB_CA.MB_VL,3,MB_CA.MB_ML,2,MB_ML,3
1389061440,mixed,lat->mix,lat,mix,0,1,3,2282,1,1.0,10006,4.385,LO,3,2,2,"[FB.LOL3, LO.LOPL3] -> LOL3 -> [ME.LOPL2, ME.LOPL3]",FB.LO,3,LO.LOP,3,ME.LOP,2,ME.LOP,3
1347004890,mixed,lat->mix,lat,mix,0,1,3,1,1,1.0,1277,1277.0,MB_ML.MB_CA,3,2,2,"[MB_CA.CREL3, MB_CA.MB_PEDL3] -> MB_ML.MB_CAL3 -> [MB_CA.MB_VLL2, MB_CA.MB_VLL3]",MB_CA.CRE,3,MB_CA.MB_PED,3,MB_CA.MB_VL,2,MB_CA.MB_VL,3
1347004890,mixed,lat->mix,lat,mix,0,1,3,1,1,1.0,1277,1277.0,MB_ML.MB_CA,3,2,2,"[MB_CA.MB_PEDL3, MB_CA.MB_VLL3] -> MB_ML.MB_CAL3 -> [MB_CA.CREL3, MB_CA.MB_VLL2]",MB_CA.MB_PED,3,MB_CA.MB_VL,3,MB_CA.CRE,3,MB_CA.MB_VL,2
1338258105,mixed,lat->mix,lat,mix,0,1,3,1,1,1.0,1277,1277.0,MB_ML.MB_CA,3,2,2,"[MB_CA.CREL3, MB_CA.MB_VLL3] -> MB_ML.MB_CAL3 -> [MB_CA.MB_PEDL3, MB_CA.MB_VLL2]",MB_CA.CRE,3,MB_CA.MB_VL,3,MB_CA.MB_PED,3,MB_CA.MB_VL,2
1310130360,mixed,lat->mix,lat,mix,0,1,3,1,1,1.0,1920,1920.0,MB_ML.MB_CA,3,2,2,"[MB_CA.MB_PEDL3, PLP.CREL3] -> MB_ML.MB_CAL3 -> [MB_CA.MB_MLL2, MB_CA.MB_VLL3]",MB_CA.MB_PED,3,PLP.CRE,3,MB_CA.MB_ML,2,MB_CA.MB_VL,3
1309937552,mixed,lat->mix,lat,mix,0,1,3,1,1,1.0,2716,2716.0,MB_ML.MB_CA,3,2,2,"[MB_CA.MB_MLL3, MB_CA.MB_PEDL3] -> MB_ML.MB_CAL3 -> [MB_CA.CREL2, MB_CA.MB_VLL3]",MB_CA.MB_ML,3,MB_CA.MB_PED,3,MB_CA.CRE,2,MB_CA.MB_VL,3
1309937552,mixed,lat->mix,lat,mix,0,1,3,1,1,1.0,2716,2716.0,MB_ML.MB_CA,3,2,2,"[MB_CA.MB_PEDL3, MB_CA.MB_VLL3] -> MB_ML.MB_CAL3 -> [MB_CA.CREL2, MB_CA.MB_MLL3]",MB_CA.MB_PED,3,MB_CA.MB_VL,3,MB_CA.CRE,2,MB_CA.MB_ML,3
1301623020,mixed,lat->mix,lat,mix,0,1,3,1,1,1.0,1920,1920.0,MB_ML.MB_CA,3,2,2,"[MB_CA.MB_VLL3, PLP.CREL3] -> MB_ML.MB_CAL3 -> [MB_CA.MB_MLL2, MB_CA.MB_PEDL3]",MB_CA.MB_VL,3,PLP.CRE,3,MB_CA.MB_ML,2,MB_CA.MB_PED,3
1301431464,mixed,lat->mix,lat,mix,0,1,3,1,1,1.0,2716,2716.0,MB_ML.MB_CA,3,2,2,"[MB_CA.MB_MLL3, MB_CA.MB_VLL3] -> MB_ML.MB_CAL3 -> [MB_CA.CREL2, MB_CA.MB_PEDL3]",MB_CA.MB_ML,3,MB_CA.MB_VL,3,MB_CA.CRE,2,MB_CA.MB_PED,3
1289934720,mixed,lat->mix,lat,mix,0,1,3,2282,1,1.0,8680,3.804,LO,3,2,2,"[LO.LOPL3, LO.MEL3] -> LOL3 -> [LO.LOPL2, ME.LOPL3]",LO.LOP,3,LO.ME,3,LO.LOP,2,ME.LOP,3
1277420356,mixed,lat->mix,lat,mix,0,1,3,52,1,1.0,2801,53.865,MB_ML,3,2,2,"[MB_CA.MB_MLL3, MB_CA.MB_PEDL3] -> MB_MLL3 -> [AL.MB_CAL2, MB_CA.MB_VLL3]",MB_CA.MB_ML,3,MB_CA.MB_PED,3,AL.MB_CA,2,MB_CA.MB_VL,3
1277420356,mixed,lat->mix,lat,mix,0,1,3,52,1,1.0,2801,53.865,MB_ML,3,2,2,"[MB_CA.MB_MLL3, MB_CA.MB_VLL3] -> MB_MLL3 -> [AL.MB_CAL2, MB_CA.MB_PEDL3]",MB_CA.MB_ML,3,MB_CA.MB_VL,3,AL.MB_CA,2,MB_CA.MB_PED,3
1277420356,mixed,lat->mix,lat,mix,0,1,3,52,1,1.0,2801,53.865,MB_ML,3,2,2,"[MB_CA.MB_PEDL3, MB_CA.MB_VLL3] -> MB_MLL3 -> [AL.MB_CAL2, MB_CA.MB_MLL3]",MB_CA.MB_PED,3,MB_CA.MB_VL,3,AL.MB_CA,2,MB_CA.MB_ML,3
1236771380,mixed,lat->mix,lat,mix,0,1,3,2282,1,1.0,17057,7.475,LO,3,2,2,"[FB.LOL3, MEL3] -> LOL3 -> [LO.LOPL3, ME.LOPL2]",FB.LO,3,ME,3,LO.LOP,3,ME.LOP,2
1222788336,mixed,lat->mix,lat,mix,0,1,3,1,1,1.0,1920,1920.0,MB_ML.MB_CA,3,2,2,"[MB_CA.MB_PEDL3, MB_CA.MB_VLL3] -> MB_ML.MB_CAL3 -> [MB_CA.MB_MLL2, PLP.CREL3]",MB_CA.MB_PED,3,MB_CA.MB_VL,3,MB_CA.MB_ML,2,PLP.CRE,3
1217287973,mixed,lat->mix,lat,mix,0,1,3,2282,6,1.0,18473,8.095,LO,3,2,2,"[MEL3, ME.LOPL3] -> LOL3 -> [LO.AVLPL2, LO.LOPL3]",ME,3,ME.LOP,3,LO.AVLP,2,LO.LOP,3
1201732200,mixed,lat->mix,lat,mix,0,1,3,1,1,1.0,2871,2871.0,MB_ML.MB_CA,3,2,2,"[MB_CA.MB_MLL3, MB_CA.MB_VLL3] -> MB_ML.MB_CAL3 -> [MB_CA.MB_VLL2, PLP.MB_MLL3]",MB_CA.MB_ML,3,MB_CA.MB_VL,3,MB_CA.MB_VL,2,PLP.MB_ML,3
1201732200,mixed,lat->mix,lat,mix,0,1,3,1,1,1.0,2874,2874.0,MB_ML.MB_CA,3,2,2,"[MB_CA.MB_MLL3, MB_MLL3] -> MB_ML.MB_CAL3 -> [MB_CA.MB_VLL2, MB_CA.MB_VLL3]",MB_CA.MB_ML,3,MB_ML,3,MB_CA.MB_VL,2,MB_CA.MB_VL,3
1201732200,mixed,lat->mix,lat,mix,0,1,3,1,1,1.0,2871,2871.0,MB_ML.MB_CA,3,2,2,"[MB_CA.MB_MLL3, PLP.MB_MLL3] -> MB_ML.MB_CAL3 -> [MB_CA.MB_VLL2, MB_CA.MB_VLL3]",MB_CA.MB_ML,3,PLP.MB_ML,3,MB_CA.MB_VL,2,MB_CA.MB_VL,3
1201732200,mixed,lat->mix,lat,mix,0,1,3,1,1,1.0,2874,2874.0,MB_ML.MB_CA,3,2,2,"[MB_CA.MB_VLL3, MB_MLL3] -> MB_ML.MB_CAL3 -> [MB_CA.MB_MLL3, MB_CA.MB_VLL2]",MB_CA.MB_VL,3,MB_ML,3,MB_CA.MB_ML,3,MB_CA.MB_VL,2
1201732200,mixed,lat->mix,lat,mix,0,1,3,1,1,1.0,2871,2871.0,MB_ML.MB_CA,3,2,2,"[MB_CA.MB_VLL3, PLP.MB_MLL3] -> MB_ML.MB_CAL3 -> [MB_CA.MB_MLL3, MB_CA.MB_VLL2]",MB_CA.MB_VL,3,PLP.MB_ML,3,MB_CA.MB_ML,3,MB_CA.MB_VL,2
1186498260,mixed,lat->mix,lat,mix,0,1,3,2282,1,1.0,8526,3.736,LO,3,2,2,"[FB.LOL3, ME.LOPL3] -> LOL3 -> [LO.LOPL2, LO.LOPL3]",FB.LO,3,ME.LOP,3,LO.LOP,2,LO.LOP,3
1185265440,mixed,lat->mix,lat,mix,0,1,3,1,1,1.0,3305,3305.0,MB_ML.MB_CA,3,2,2,"[MB_CA.CREL3, PLP.CREL3] -> MB_ML.MB_CAL3 -> [MB_CA.MB_MLL2, MB_CA.MB_MLL3]",MB_CA.CRE,3,PLP.CRE,3,MB_CA.MB_ML,2,MB_CA.MB_ML,3
1185265440,mixed,lat->mix,lat,mix,0,1,3,1,1,1.0,3305,3305.0,MB_ML.MB_CA,3,2,2,"[MB_CA.MB_MLL3, PLP.CREL3] -> MB_ML.MB_CAL3 -> [MB_CA.CREL3, MB_CA.MB_MLL2]",MB_CA.MB_ML,3,PLP.CRE,3,MB_CA.CRE,3,MB_CA.MB_ML,2
1175722240,mixed,lat->mix,lat,mix,0,1,3,1,1,1.0,3411,3411.0,MB_ML.MB_CA,3,2,2,"[MB_CA.MB_PEDL3, PLP.MB_PEDL3] -> MB_ML.MB_CAL3 -> [MB_CA.MB_MLL2, MB_CA.MB_MLL3]",MB_CA.MB_PED,3,PLP.MB_PED,3,MB_CA.MB_ML,2,MB_CA.MB_ML,3
1168087680,mixed,lat->mix,lat,mix,0,1,3,1,1,1.0,3411,3411.0,MB_ML.MB_CA,3,2,2,"[MB_CA.MB_MLL3, PLP.MB_PEDL3] -> MB_ML.MB_CAL3 -> [MB_CA.MB_MLL2, MB_CA.MB_PEDL3]",MB_CA.MB_ML,3,PLP.MB_PED,3,MB_CA.MB_ML,2,MB_CA.MB_PED,3
1148512722,mixed,lat->mix,lat,mix,0,1,3,2282,6,1.0,15731,6.894,LO,3,2,2,"[LO.MEL3, MEL3] -> LOL3 -> [LO.LOPL2, LO.LOPL3]",LO.ME,3,ME,3,LO.LOP,2,LO.LOP,3
1116936128,mixed,lat->mix,lat,mix,0,1,3,1,1,1.0,3411,3411.0,MB_ML.MB_CA,3,2,2,"[MB_CA.MB_MLL3, MB_CA.MB_PEDL3] -> MB_ML.MB_CAL3 -> [MB_CA.MB_MLL2, PLP.MB_PEDL3]",MB_CA.MB_ML,3,MB_CA.MB_PED,3,MB_CA.MB_ML,2,PLP.MB_PED,3
1106247744,mixed,lat->mix,lat,mix,0,1,3,1,1,1.0,3305,3305.0,MB_ML.MB_CA,3,2,2,"[MB_CA.CREL3, MB_CA.MB_MLL3] -> MB_ML.MB_CAL3 -> [MB_CA.MB_MLL2, PLP.CREL3]",MB_CA.CRE,3,MB_CA.MB_ML,3,MB_CA.MB_ML,2,PLP.CRE,3
1075327776,mixed,lat->mix,lat,mix,0,1,3,1,1,1.0,3544,3544.0,MB_ML.MB_CA,3,2,2,"[MB_CAL3, MB_CA.MB_MLL3] -> MB_ML.MB_CAL3 -> [MB_CA.MB_MLL2, MB_CA.MB_VLL3]",MB_CA,3,MB_CA.MB_ML,3,MB_CA.MB_ML,2,MB_CA.MB_VL,3
1075327776,mixed,lat->mix,lat,mix,0,1,3,1,1,1.0,3544,3544.0,MB_ML.MB_CA,3,2,2,"[MB_CAL3, MB_CA.MB_VLL3] -> MB_ML.MB_CAL3 -> [MB_CA.MB_MLL2, MB_CA.MB_MLL3]",MB_CA,3,MB_CA.MB_VL,3,MB_CA.MB_ML,2,MB_CA.MB_ML,3
1075327776,mixed,lat->mix,lat,mix,0,1,3,1,1,1.0,3544,3544.0,MB_ML.MB_CA,3,2,2,"[MB_CA.MB_MLL3, MB_CA.MB_VLL3] -> MB_ML.MB_CAL3 -> [MB_CAL3, MB_CA.MB_MLL2]",MB_CA.MB_ML,3,MB_CA.MB_VL,3,MB_CA,3,MB_CA.MB_ML,2
1045635787,mixed,lat->mix,lat,mix,0,1,3,2282,7,1.0,10127,4.438,LO,3,2,2,"[LOP.LOL3, ME.LOPL3] -> LOL3 -> [LO.LOPL3, ME.LOPL2]",LOP.LO,3,ME.LOP,3,LO.LOP,3,ME.LOP,2
1045634851,mixed,lat->mix,lat,mix,0,1,3,2282,3,1.0,10040,4.4,LO,3,2,2,"[ME.LOPL3, PVLP.LOL3] -> LOL3 -> [LO.LOPL3, ME.LOPL2]",ME.LOP,3,PVLP.LO,3,LO.LOP,3,ME.LOP,2
1045634720,mixed,lat->mix,lat,mix,0,1,3,2282,1,1.0,10221,4.479,LO,3,2,2,"[LO.PLPL3, ME.LOPL3] -> LOL3 -> [LO.LOPL3, ME.LOPL2]",LO.PLP,3,ME.LOP,3,LO.LOP,3,ME.LOP,2
1035764576,mixed,lat->mix,lat,mix,0,1,3,1,1,1.0,2866,2866.0,MB_ML.MB_CA,3,2,2,"[MB_CA.MB_MLL3, MB_CA.MB_PEDL3] -> MB_ML.MB_CAL3 -> [AL.LHL2, MB_CA.MB_VLL3]",MB_CA.MB_ML,3,MB_CA.MB_PED,3,AL.LH,2,MB_CA.MB_VL,3
1035764576,mixed,lat->mix,lat,mix,0,1,3,1,1,1.0,2866,2866.0,MB_ML.MB_CA,3,2,2,"[MB_CA.MB_PEDL3, MB_CA.MB_VLL3] -> MB_ML.MB_CAL3 -> [AL.LHL2, MB_CA.MB_MLL3]",MB_CA.MB_PED,3,MB_CA.MB_VL,3,AL.LH,2,MB_CA.MB_ML,3
1029038832,mixed,lat->mix,lat,mix,0,1,3,1,1,1.0,2866,2866.0,MB_ML.MB_CA,3,2,2,"[MB_CA.MB_MLL3, MB_CA.MB_VLL3] -> MB_ML.MB_CAL3 -> [AL.LHL2, MB_CA.MB_PEDL3]",MB_CA.MB_ML,3,MB_CA.MB_VL,3,AL.LH,2,MB_CA.MB_PED,3
1024432982,mixed,lat->mix,lat,mix,0,1,3,2282,4,1.0,11082,4.856,LO,3,2,2,"[LO.LOPL3, ME.LOPL3] -> LOL3 -> [LOPL3, ME.LOPL2]",LO.LOP,3,ME.LOP,3,LOP,3,ME.LOP,2
1024432812,mixed,lat->mix,lat,mix,0,1,3,2282,1,1.0,10006,4.385,LO,3,2,2,"[LO.LOPL3, ME.LOPL3] -> LOL3 -> [FB.LOL3, ME.LOPL2]",LO.LOP,3,ME.LOP,3,FB.LO,3,ME.LOP,2
1005418486,mixed,lat->mix,lat,mix,0,1,3,2282,7,1.0,14509,6.358,LO,3,2,2,"[LOP.LOL3, ME.LOPL3] -> LOL3 -> [LO.LOPL3, ME.LOL2]",LOP.LO,3,ME.LOP,3,LO.LOP,3,ME.LO,2
1005418028,mixed,lat->mix,lat,mix,0,1,3,2282,2,1.0,14422,6.32,LO,3,2,2,"[ME.LOPL3, PVLP.LOL3] -> LOL3 -> [LO.LOPL3, ME.LOL2]",ME.LOP,3,PVLP.LO,3,LO.LOP,3,ME.LO,2
753355266311,mixed,mix->FB,mix,FB,1,2,1,2282,8,1.761,37405,16.391,LO,3,2,2,"[MEL2, ME.LOPL3] -> LOL3 -> [ME.LOL2, ME.LOPL2]",ME,2,ME.LOP,3,ME.LO,2,ME.LOP,2
595198006873,mixed,mix->FB,mix,FB,1,2,1,2282,6,1.653,37829,16.577,LO,3,2,2,"[LO.LOPL3, MEL2] -> LOL3 -> [ME.LOL2, ME.LOPL2]",LO.LOP,3,ME,2,ME.LO,2,ME.LOP,2
481861820250,mixed,mix->FB,mix,FB,1,2,1,2282,6,1.41,31543,13.823,LO,3,2,2,"[MEL2, ME.LOPL3] -> LOL3 -> [LO.LOPL2, ME.LOPL2]",ME,2,ME.LOP,3,LO.LOP,2,ME.LOP,2
449748192026,mixed,mix->FB,mix,FB,1,2,1,2282,6,1.275,13355,5.852,LO,3,2,2,"[ME.LOL2, ME.LOPL3] -> LOL3 -> [LO.LOPL2, ME.LOPL2]",ME.LO,2,ME.LOP,3,LO.LOP,2,ME.LOP,2
391679387075,mixed,mix->FB,mix,FB,1,2,1,2282,6,1.336,31967,14.008,LO,3,2,2,"[LO.LOPL3, MEL2] -> LOL3 -> [LO.LOPL2, ME.LOPL2]",LO.LOP,3,ME,2,LO.LOP,2,ME.LOP,2
369532091865,mixed,mix->FB,mix,FB,1,2,1,2282,6,1.223,13779,6.038,LO,3,2,2,"[LO.LOPL3, ME.LOL2] -> LOL3 -> [LO.LOPL2, ME.LOPL2]",LO.LOP,3,ME.LO,2,LO.LOP,2,ME.LOP,2
345569112843,mixed,mix->FB,mix,FB,1,2,1,2282,15,1.671,44456,19.481,LO,3,2,2,"[MEL2, MEL3] -> LOL3 -> [ME.LOL2, ME.LOPL2]",ME,2,ME,3,ME.LO,2,ME.LOP,2
321230075488,mixed,mix->FB,mix,FB,1,2,1,2282,6,1.613,35925,15.743,LO,3,2,2,"[MEL2, ME.LOPL3] -> LOL3 -> [LO.LOPL2, ME.LOL2]",ME,2,ME.LOP,3,LO.LOP,2,ME.LO,2
313827601068,mixed,mix->FB,mix,FB,1,2,1,2282,4,1.266,13355,5.852,LO,3,2,2,"[ME.LOPL2, ME.LOPL3] -> LOL3 -> [LO.LOPL2, ME.LOL2]",ME.LOP,2,ME.LOP,3,LO.LOP,2,ME.LO,2
258050065321,mixed,mix->FB,mix,FB,1,2,1,2282,5,1.216,13779,6.038,LO,3,2,2,"[LO.LOPL3, ME.LOPL2] -> LOL3 -> [LO.LOPL2, ME.LOL2]",LO.LOP,3,ME.LOP,2,LO.LOP,2,ME.LO,2
256995071275,mixed,mix->FB,mix,FB,1,2,1,2282,5,1.512,36349,15.929,LO,3,2,2,"[LO.LOPL3, MEL2] -> LOL3 -> [LO.LOPL2, ME.LOL2]",LO.LOP,3,ME,2,LO.LOP,2,ME.LO,2
226397894045,mixed,mix->FB,mix,FB,1,2,1,2282,9,1.347,38594,16.912,LO,3,2,2,"[MEL2, MEL3] -> LOL3 -> [LO.LOPL2, ME.LOPL2]",ME,2,ME,3,LO.LOP,2,ME.LOP,2
213242832677,mixed,mix->FB,mix,FB,1,2,1,2282,9,1.231,20406,8.942,LO,3,2,2,"[MEL3, ME.LOL2] -> LOL3 -> [LO.LOPL2, ME.LOPL2]",ME,3,ME.LO,2,LO.LOP,2,ME.LOP,2
166238117332,mixed,mix->FB,mix,FB,1,2,1,2282,3,1.162,13355,5.852,LO,3,2,2,"[LO.LOPL2, ME.LOPL3] -> LOL3 -> [ME.LOL2, ME.LOPL2]",LO.LOP,2,ME.LOP,3,ME.LO,2,ME.LOP,2
163502728234,mixed,mix->FB,mix,FB,1,2,1,2282,11,1.913,37405,16.391,LO,3,2,2,"[ME.LOL2, ME.LOPL3] -> LOL3 -> [MEL2, ME.LOPL2]",ME.LO,2,ME.LOP,3,ME,2,ME.LOP,2
148915628004,mixed,mix->FB,mix,FB,1,2,1,2282,10,1.528,42976,18.833,LO,3,2,2,"[MEL2, MEL3] -> LOL3 -> [LO.LOPL2, ME.LOL2]",ME,2,ME,3,LO.LOP,2,ME.LO,2
148893485054,mixed,mix->FB,mix,FB,1,2,1,2282,7,1.223,20406,8.942,LO,3,2,2,"[MEL3, ME.LOPL2] -> LOL3 -> [LO.LOPL2, ME.LOL2]",ME,3,ME.LOP,2,LO.LOP,2,ME.LO,2
137881294465,mixed,mix->FB,mix,FB,1,2,1,2282,5,1.131,13779,6.038,LO,3,2,2,"[LO.LOPL2, LO.LOPL3] -> LOL3 -> [ME.LOL2, ME.LOPL2]",LO.LOP,2,LO.LOP,3,ME.LO,2,ME.LOP,2
127099036588,mixed,mix->FB,mix,FB,1,2,1,2282,8,1.821,37829,16.577,LO,3,2,2,"[LO.LOPL3, ME.LOL2] -> LOL3 -> [MEL2, ME.LOPL2]",LO.LOP,3,ME.LO,2,ME,2,ME.LOP,2
113000378562,mixed,mix->FB,mix,FB,1,2,1,2282,6,1.899,37405,16.391,LO,3,2,2,"[ME.LOPL2, ME.LOPL3] -> LOL3 -> [MEL2, ME.LOL2]",ME.LOP,2,ME.LOP,3,ME,2,ME.LO,2
87998588858,mixed,mix->FB,mix,FB,1,2,1,2282,6,1.804,37829,16.577,LO,3,2,2,"[LO.LOPL3, ME.LOPL2] -> LOL3 -> [MEL2, ME.LOL2]",LO.LOP,3,ME.LOP,2,ME,2,ME.LO,2
79451712750,mixed,mix->FB,mix,FB,1,2,1,2282,5,1.136,20406,8.942,LO,3,2,2,"[LO.LOPL2, MEL3] -> LOL3 -> [ME.LOL2, ME.LOPL2]",LO.LOP,2,ME,3,ME.LO,2,ME.LOP,2
73984180245,mixed,mix->FB,mix,FB,1,2,1,2282,20,1.837,44456,19.481,LO,3,2,2,"[MEL3, ME.LOL2] -> LOL3 -> [MEL2, ME.LOPL2]",ME,3,ME.LO,2,ME,2,ME.LOP,2
71959852922,mixed,mix->FB,mix,FB,1,2,1,2282,10,1.9,31941,13.997,LO,3,2,2,"[MEL2, ME.LOPL3] -> LOL3 -> [LOL2, ME.LOPL2]",ME,2,ME.LOP,3,LO,2,ME.LOP,2
69065511788,mixed,mix->FB,mix,FB,1,2,1,2282,5,1.537,31543,13.823,LO,3,2,2,"[ME.LOPL2, ME.LOPL3] -> LOL3 -> [LO.LOPL2, MEL2]",ME.LOP,2,ME.LOP,3,LO.LOP,2,ME,2
68194349622,mixed,mix->FB,mix,FB,1,2,1,2282,8,1.781,35925,15.743,LO,3,2,2,"[ME.LOL2, ME.LOPL3] -> LOL3 -> [LO.LOPL2, MEL2]",ME.LO,2,ME.LOP,3,LO.LOP,2,ME,2
60262904562,mixed,mix->FB,mix,FB,1,2,1,2282,8,1.997,13753,6.027,LO,3,2,2,"[LOL2, ME.LOPL3] -> LOL3 -> [ME.LOL2, ME.LOPL2]",LO,2,ME.LOP,3,ME.LO,2,ME.LOP,2
59265128726,mixed,mix->FB,mix,FB,1,2,1,2282,15,1.681,36323,15.917,LO,3,2,2,"[MEL2, ME.LOPL3] -> LOL3 -> [LOL2, ME.LOL2]",ME,2,ME.LOP,3,LO,2,ME.LO,2
56307782875,mixed,mix->FB,mix,FB,1,2,1,2282,10,1.999,13753,6.027,LO,3,2,2,"[ME.LOL2, ME.LOPL3] -> LOL3 -> [LOL2, ME.LOPL2]",ME.LO,2,ME.LOP,3,LO,2,ME.LOP,2
55588777671,mixed,mix->FB,mix,FB,1,2,1,2282,6,1.444,31967,14.008,LO,3,2,2,"[LO.LOPL3, ME.LOPL2] -> LOL3 -> [LO.LOPL2, MEL2]",LO.LOP,3,ME.LOP,2,LO.LOP,2,ME,2
53778745369,mixed,mix->FB,mix,FB,1,2,1,2282,6,1.673,36349,15.929,LO,3,2,2,"[LO.LOPL3, ME.LOL2] -> LOL3 -> [LO.LOPL2, MEL2]",LO.LOP,3,ME.LO,2,LO.LOP,2,ME,2
53325642969,mixed,mix->FB,mix,FB,1,2,1,2282,5,1.969,32365,14.183,LO,3,2,2,"[LO.LOPL3, MEL2] -> LOL3 -> [LOL2, ME.LOPL2]",LO.LOP,3,ME,2,LO,2,ME.LOP,2
51209123612,mixed,mix->FB,mix,FB,1,2,1,2282,13,1.82,44456,19.481,LO,3,2,2,"[MEL3, ME.LOPL2] -> LOL3 -> [MEL2, ME.LOL2]",ME,3,ME.LOP,2,ME,2,ME.LO,2
45988684922,mixed,mix->FB,mix,FB,1,2,1,2282,6,1.958,14177,6.213,LO,3,2,2,"[LOL2, LO.LOPL3] -> LOL3 -> [ME.LOL2, ME.LOPL2]",LO,2,LO.LOP,3,ME.LO,2,ME.LOP,2
42917987736,mixed,mix->FB,mix,FB,1,2,1,2282,10,1.788,36747,16.103,LO,3,2,2,"[LO.LOPL3, MEL2] -> LOL3 -> [LOL2, ME.LOL2]",LO.LOP,3,ME,2,LO,2,ME.LO,2
42688252959,mixed,mix->FB,mix,FB,1,2,1,2282,5,1.985,14177,6.213,LO,3,2,2,"[LO.LOPL3, ME.LOL2] -> LOL3 -> [LOL2, ME.LOPL2]",LO.LOP,3,ME.LO,2,LO,2,ME.LOP,2
38752693177,mixed,mix->FB,mix,FB,1,2,1,2282,7,2.0,13753,6.027,LO,3,2,2,"[ME.LOPL2, ME.LOPL3] -> LOL3 -> [LOL2, ME.LOL2]",ME.LOP,2,ME.LOP,3,LO,2,ME.LO,2
34970517680,mixed,mix->FB,mix,FB,1,2,1,2282,3,1.341,31543,13.823,LO,3,2,2,"[LO.LOPL2, ME.LOPL3] -> LOL3 -> [MEL2, ME.LOPL2]",LO.LOP,2,ME.LOP,3,ME,2,ME.LOP,2
34469556624,mixed,mix->FB,mix,FB,1,2,1,2282,6,1.725,7891,3.458,LO,3,2,2,"[LOL2, ME.LOPL3] -> LOL3 -> [LO.LOPL2, ME.LOPL2]",LO,2,ME.LOP,3,LO.LOP,2,ME.LOP,2
34083156339,mixed,mix->FB,mix,FB,1,2,1,2282,15,1.818,42611,18.673,LO,3,2,2,"[MEL2, ME.LOL3] -> LOL3 -> [ME.LOL2, ME.LOPL2]",ME,2,ME.LO,3,ME.LO,2,ME.LOP,2
32180557088,mixed,mix->FB,mix,FB,1,2,1,2282,8,1.459,38594,16.912,LO,3,2,2,"[MEL3, ME.LOPL2] -> LOL3 -> [LO.LOPL2, MEL2]",ME,3,ME.LOP,2,LO.LOP,2,ME,2
31284904345,mixed,mix->FB,mix,FB,1,2,1,2282,17,1.96,38992,17.087,LO,3,2,2,"[MEL2, MEL3] -> LOL3 -> [LOL2, ME.LOPL2]",ME,2,ME,3,LO,2,ME.LOP,2
31232790834,mixed,mix->FB,mix,FB,1,2,1,2282,13,1.691,42976,18.833,LO,3,2,2,"[MEL3, ME.LOL2] -> LOL3 -> [LO.LOPL2, MEL2]",ME,3,ME.LO,2,LO.LOP,2,ME,2
29436168659,mixed,mix->FB,mix,FB,1,2,1,2282,5,1.978,14177,6.213,LO,3,2,2,"[LO.LOPL3, ME.LOPL2] -> LOL3 -> [LOL2, ME.LOL2]",LO.LOP,3,ME.LOP,2,LO,2,ME.LO,2
28581803120,mixed,mix->FB,mix,FB,1,2,1,2282,5,1.278,31967,14.008,LO,3,2,2,"[LO.LOPL2, LO.LOPL3] -> LOL3 -> [MEL2, ME.LOPL2]",LO.LOP,2,LO.LOP,3,ME,2,ME.LOP,2
28098861256,mixed,mix->FB,mix,FB,1,2,1,2282,8,1.986,30461,13.348,LO,3,2,2,"[MEL2, ME.LOPL3] -> LOL3 -> [LOL2, LO.LOPL2]",ME,2,ME.LOP,3,LO,2,LO.LOP,2
27319429844,mixed,mix->FB,mix,FB,1,2,1,2282,6,1.618,8315,3.644,LO,3,2,2,"[LOL2, LO.LOPL3] -> LOL3 -> [LO.LOPL2, ME.LOPL2]",LO,2,LO.LOP,3,LO.LOP,2,ME.LOP,2
26850006411,mixed,mix->FB,mix,FB,1,2,1,2282,15,1.967,20804,9.117,LO,3,2,2,"[LOL2, MEL3] -> LOL3 -> [ME.LOL2, ME.LOPL2]",LO,2,ME,3,ME.LO,2,ME.LOP,2
25364355066,mixed,mix->FB,mix,FB,1,2,1,2282,233,1.783,43374,19.007,LO,3,2,2,"[MEL2, MEL3] -> LOL3 -> [LOL2, ME.LOL2]",ME,2,ME,3,LO,2,ME.LO,2
24949945138,mixed,mix->FB,mix,FB,1,2,1,2282,17,1.991,20804,9.117,LO,3,2,2,"[MEL3, ME.LOL2] -> LOL3 -> [LOL2, ME.LOPL2]",ME,3,ME.LO,2,LO,2,ME.LOP,2
24506841652,mixed,mix->FB,mix,FB,1,2,1,2282,6,1.932,12273,5.378,LO,3,2,2,"[LOL2, ME.LOPL3] -> LOL3 -> [LO.LOPL2, ME.LOL2]",LO,2,ME.LOP,3,LO.LOP,2,ME.LO,2
22971520096,mixed,mix->FB,mix,FB,1,2,1,2282,3,1.519,35925,15.743,LO,3,2,2,"[LO.LOPL2, ME.LOPL3] -> LOL3 -> [MEL2, ME.LOL2]",LO.LOP,2,ME.LOP,3,ME,2,ME.LO,2
22691671350,mixed,mix->FB,mix,FB,1,2,1,2282,8,1.968,12273,5.378,LO,3,2,2,"[ME.LOL2, ME.LOPL3] -> LOL3 -> [LOL2, LO.LOPL2]",ME.LO,2,ME.LOP,3,LO,2,LO.LOP,2
21821068648,mixed,mix->FB,mix,FB,1,2,1,2282,5,1.768,7891,3.458,LO,3,2,2,"[ME.LOPL2, ME.LOPL3] -> LOL3 -> [LOL2, LO.LOPL2]",ME.LOP,2,ME.LOP,3,LO,2,LO.LOP,2
21157918355,mixed,mix->FB,mix,FB,1,2,1,2282,5,1.999,30885,13.534,LO,3,2,2,"[LO.LOPL3, MEL2] -> LOL3 -> [LOL2, LO.LOPL2]",LO.LOP,3,ME,2,LO,2,LO.LOP,2
18998018884,mixed,mix->FB,mix,FB,1,2,1,2282,5,1.846,12697,5.564,LO,3,2,2,"[LOL2, LO.LOPL3] -> LOL3 -> [LO.LOPL2, ME.LOL2]",LO,2,LO.LOP,3,LO.LOP,2,ME.LO,2
18513900288,mixed,mix->FB,mix,FB,1,2,1,2282,5,1.429,36349,15.929,LO,3,2,2,"[LO.LOPL2, LO.LOPL3] -> LOL3 -> [MEL2, ME.LOL2]",LO.LOP,2,LO.LOP,3,ME,2,ME.LO,2
18099705951,mixed,mix->FB,mix,FB,1,2,1,2282,11,1.804,31941,13.997,LO,3,2,2,"[LOL2, ME.LOPL3] -> LOL3 -> [MEL2, ME.LOPL2]",LO,2,ME.LOP,3,ME,2,ME.LOP,2
17479983925,mixed,mix->FB,mix,FB,1,2,1,2282,5,1.898,12697,5.564,LO,3,2,2,"[LO.LOPL3, ME.LOL2] -> LOL3 -> [LOL2, LO.LOPL2]",LO.LOP,3,ME.LO,2,LO,2,LO.LOP,2
17228504749,mixed,mix->FB,mix,FB,1,2,1,2282,5,1.66,8315,3.644,LO,3,2,2,"[LO.LOPL3, ME.LOPL2] -> LOL3 -> [LOL2, LO.LOPL2]",LO.LOP,3,ME.LOP,2,LO,2,LO.LOP,2
17199063181,mixed,mix->FB,mix,FB,1,2,1,2282,12,1.985,20804,9.117,LO,3,2,2,"[MEL3, ME.LOPL2] -> LOL3 -> [LOL2, ME.LOL2]",ME,3,ME.LOP,2,LO,2,ME.LO,2
16996395885,mixed,mix->FB,mix,FB,1,2,1,2282,11,1.994,36749,16.104,LO,3,2,2,"[MEL2, ME.LOL3] -> LOL3 -> [LO.LOPL2, ME.LOPL2]",ME,2,ME.LO,3,LO.LOP,2,ME.LOP,2
16506854004,mixed,mix->FB,mix,FB,1,2,1,2282,5,1.287,38594,16.912,LO,3,2,2,"[LO.LOPL2, MEL3] -> LOL3 -> [MEL2, ME.LOPL2]",LO.LOP,2,ME,3,ME,2,ME.LOP,2
15853597702,mixed,mix->FB,mix,FB,1,2,1,2282,9,1.635,14942,6.548,LO,3,2,2,"[LOL2, MEL3] -> LOL3 -> [LO.LOPL2, ME.LOPL2]",LO,2,ME,3,LO.LOP,2,ME.LOP,2
15231393520,mixed,mix->FB,mix,FB,1,2,1,2282,11,1.575,36323,15.917,LO,3,2,2,"[LOL2, ME.LOPL3] -> LOL3 -> [MEL2, ME.LOL2]",LO,2,ME.LOP,3,ME,2,ME.LO,2
14719382550,mixed,mix->FB,mix,FB,1,2,1,2282,17,1.519,36323,15.917,LO,3,2,2,"[ME.LOL2, ME.LOPL3] -> LOL3 -> [LOL2, MEL2]",ME.LO,2,ME.LOP,3,LO,2,ME,2
14132486407,mixed,mix->FB,mix,FB,1,2,1,2282,11,1.872,18561,8.134,LO,3,2,2,"[ME.LOL2, ME.LOL3] -> LOL3 -> [LO.LOPL2, ME.LOPL2]",ME.LO,2,ME.LO,3,LO.LOP,2,ME.LOP,2
13264175634,mixed,mix->FB,mix,FB,1,2,1,2282,8,1.899,32365,14.183,LO,3,2,2,"[LOL2, LO.LOPL3] -> LOL3 -> [MEL2, ME.LOPL2]",LO,2,LO.LOP,3,ME,2,ME.LOP,2
13131359874,mixed,mix->FB,mix,FB,1,2,1,2282,11,1.94,41131,18.024,LO,3,2,2,"[MEL2, ME.LOL3] -> LOL3 -> [LO.LOPL2, ME.LOL2]",ME,2,ME.LO,3,LO.LOP,2,ME.LO,2
12379985387,mixed,mix->FB,mix,FB,1,2,1,2282,13,2.0,37512,16.438,LO,3,2,2,"[MEL2, MEL3] -> LOL3 -> [LOL2, LO.LOPL2]",ME,2,ME,3,LO,2,LO.LOP,2
11825637412,mixed,mix->FB,mix,FB,1,2,1,2282,7,1.762,31941,13.997,LO,3,2,2,"[ME.LOPL2, ME.LOPL3] -> LOL3 -> [LOL2, MEL2]",ME.LOP,2,ME.LOP,3,LO,2,ME,2
11063617342,mixed,mix->FB,mix,FB,1,2,1,2282,10,1.861,19324,8.468,LO,3,2,2,"[LOL2, MEL3] -> LOL3 -> [LO.LOPL2, ME.LOL2]",LO,2,ME,3,LO.LOP,2,ME.LO,2
10925464456,mixed,mix->FB,mix,FB,1,2,1,2282,9,1.68,36747,16.103,LO,3,2,2,"[LOL2, LO.LOPL3] -> LOL3 -> [MEL2, ME.LOL2]",LO,2,LO.LOP,3,ME,2,ME.LO,2
10715529212,mixed,mix->FB,mix,FB,1,2,1,2282,10,1.443,42976,18.833,LO,3,2,2,"[LO.LOPL2, MEL3] -> LOL3 -> [MEL2, ME.LOL2]",LO.LOP,2,ME,3,ME,2,ME.LO,2
10667388960,mixed,mix->FB,mix,FB,1,2,1,1,1,1.0,3623,3623.0,MB_ML.MB_CA,3,2,2,"[MB_CA.MB_MLL2, MB_CA.MB_MLL3] -> MB_ML.MB_CAL3 -> [MB_CA.MB_PEDL2, MB_CA.MB_VLL2]",MB_CA.MB_ML,2,MB_CA.MB_ML,3,MB_CA.MB_PED,2,MB_CA.MB_VL,2
10667388960,mixed,mix->FB,mix,FB,1,2,1,1,1,1.0,3623,3623.0,MB_ML.MB_CA,3,2,2,"[MB_CA.MB_MLL3, MB_CA.MB_PEDL2] -> MB_ML.MB_CAL3 -> [MB_CA.MB_MLL2, MB_CA.MB_VLL2]",MB_CA.MB_ML,3,MB_CA.MB_PED,2,MB_CA.MB_ML,2,MB_CA.MB_VL,2
10667388960,mixed,mix->FB,mix,FB,1,2,1,1,1,1.0,3623,3623.0,MB_ML.MB_CA,3,2,2,"[MB_CA.MB_MLL3, MB_CA.MB_VLL2] -> MB_ML.MB_CAL3 -> [MB_CA.MB_MLL2, MB_CA.MB_PEDL2]",MB_CA.MB_ML,3,MB_CA.MB_VL,2,MB_CA.MB_ML,2,MB_CA.MB_PED,2
10599260244,mixed,mix->FB,mix,FB,1,2,1,2282,3,1.524,7891,3.458,LO,3,2,2,"[LO.LOPL2, ME.LOPL3] -> LOL3 -> [LOL2, ME.LOPL2]",LO.LOP,2,ME.LOP,3,LO,2,ME.LOP,2
10506053396,mixed,mix->FB,mix,FB,1,2,1,2282,8,1.62,36747,16.103,LO,3,2,2,"[LO.LOPL3, ME.LOL2] -> LOL3 -> [LOL2, MEL2]",LO.LOP,3,ME.LO,2,LO,2,ME,2
10189971501,mixed,mix->FB,mix,FB,1,2,1,2282,14,1.911,19324,8.468,LO,3,2,2,"[MEL3, ME.LOL2] -> LOL3 -> [LOL2, LO.LOPL2]",ME,3,ME.LO,2,LO,2,LO.LOP,2
10003845246,mixed,mix->FB,mix,FB,1,2,1,2282,8,1.678,14942,6.548,LO,3,2,2,"[MEL3, ME.LOPL2] -> LOL3 -> [LOL2, LO.LOPL2]",ME,3,ME.LOP,2,LO,2,LO.LOP,2
9775616819,mixed,mix->FB,mix,FB,1,2,1,2282,7,1.857,18561,8.134,LO,3,2,2,"[ME.LOL3, ME.LOPL2] -> LOL3 -> [LO.LOPL2, ME.LOL2]",ME.LO,3,ME.LOP,2,LO.LOP,2,ME.LO,2
9275990400,mixed,mix->FB,mix,FB,1,2,1,1,1,1.0,3712,3712.0,MB_ML.MB_CA,3,2,2,"[MB_CA.MB_MLL3, MB_MLL2] -> MB_ML.MB_CAL3 -> [MB_CA.MB_MLL2, MB_CA.MB_VLL2]",MB_CA.MB_ML,3,MB_ML,2,MB_CA.MB_ML,2,MB_CA.MB_VL,2
8966790720,mixed,mix->FB,mix,FB,1,2,1,1,1,1.0,3712,3712.0,MB_ML.MB_CA,3,2,2,"[MB_CA.MB_MLL2, MB_CA.MB_MLL3] -> MB_ML.MB_CAL3 -> [MB_CA.MB_VLL2, MB_MLL2]",MB_CA.MB_ML,2,MB_CA.MB_ML,3,MB_CA.MB_VL,2,MB_ML,2
8966790720,mixed,mix->FB,mix,FB,1,2,1,1,1,1.0,3712,3712.0,MB_ML.MB_CA,3,2,2,"[MB_CA.MB_MLL3, MB_CA.MB_VLL2] -> MB_ML.MB_CAL3 -> [MB_CA.MB_MLL2, MB_MLL2]",MB_CA.MB_ML,3,MB_CA.MB_VL,2,MB_CA.MB_ML,2,MB_ML,2
8629474683,mixed,mix->FB,mix,FB,1,2,1,2282,5,1.863,32365,14.183,LO,3,2,2,"[LO.LOPL3, ME.LOPL2] -> LOL3 -> [LOL2, MEL2]",LO.LOP,3,ME.LOP,2,LO,2,ME,2
8539517325,mixed,mix->FB,mix,FB,1,2,1,2282,4,1.433,8315,3.644,LO,3,2,2,"[LO.LOPL2, LO.LOPL3] -> LOL3 -> [LOL2, ME.LOPL2]",LO.LOP,2,LO.LOP,3,LO,2,ME.LOP,2
8306705058,mixed,mix->FB,mix,FB,1,2,1,2282,21,1.65,42611,18.673,LO,3,2,2,"[ME.LOL2, ME.LOL3] -> LOL3 -> [MEL2, ME.LOPL2]",ME.LO,2,ME.LO,3,ME,2,ME.LOP,2
8193791520,mixed,mix->FB,mix,FB,1,2,1,1,1,1.0,3690,3690.0,MB_ML.MB_CA,3,2,2,"[AL.MB_CAL2, MB_CA.MB_MLL3] -> MB_ML.MB_CAL3 -> [MB_CA.MB_MLL2, MB_CA.MB_VLL2]",AL.MB_CA,2,MB_CA.MB_ML,3,MB_CA.MB_ML,2,MB_CA.MB_VL,2
8039191680,mixed,mix->FB,mix,FB,1,2,1,1,1,1.0,3690,3690.0,MB_ML.MB_CA,3,2,2,"[MB_CA.MB_MLL2, MB_CA.MB_MLL3] -> MB_ML.MB_CAL3 -> [AL.MB_CAL2, MB_CA.MB_VLL2]",MB_CA.MB_ML,2,MB_CA.MB_ML,3,AL.MB_CA,2,MB_CA.MB_VL,2
8039191680,mixed,mix->FB,mix,FB,1,2,1,1,1,1.0,3690,3690.0,MB_ML.MB_CA,3,2,2,"[MB_CA.MB_MLL3, MB_CA.MB_VLL2] -> MB_ML.MB_CAL3 -> [AL.MB_CAL2, MB_CA.MB_MLL2]",MB_CA.MB_ML,3,MB_CA.MB_VL,2,AL.MB_CA,2,MB_CA.MB_ML,2
7796349305,mixed,mix->FB,mix,FB,1,2,1,2282,20,1.885,38992,17.087,LO,3,2,2,"[LOL2, MEL3] -> LOL3 -> [MEL2, ME.LOPL2]",LO,2,ME,3,ME,2,ME.LOP,2
7232158076,mixed,mix->FB,mix,FB,1,2,1,2282,4,1.749,12273,5.378,LO,3,2,2,"[LO.LOPL2, ME.LOPL3] -> LOL3 -> [LOL2, ME.LOL2]",LO.LOP,2,ME.LOP,3,LO,2,ME.LO,2
6958700512,mixed,mix->FB,mix,FB,1,2,1,2282,8,1.93,30461,13.348,LO,3,2,2,"[LOL2, ME.LOPL3] -> LOL3 -> [LO.LOPL2, MEL2]",LO,2,ME.LOP,3,LO.LOP,2,ME,2
6802392960,mixed,mix->FB,mix,FB,1,2,1,1,1,1.0,3605,3605.0,MB_ML.MB_CA,3,2,2,"[MB_CA.CREL2, MB_CA.MB_MLL3] -> MB_ML.MB_CAL3 -> [MB_CA.MB_MLL2, MB_CA.MB_VLL2]",MB_CA.CRE,2,MB_CA.MB_ML,3,MB_CA.MB_ML,2,MB_CA.MB_VL,2
6647793120,mixed,mix->FB,mix,FB,1,2,1,1,1,1.0,3605,3605.0,MB_ML.MB_CA,3,2,2,"[MB_CA.MB_MLL2, MB_CA.MB_MLL3] -> MB_ML.MB_CAL3 -> [MB_CA.CREL2, MB_CA.MB_VLL2]",MB_CA.MB_ML,2,MB_CA.MB_ML,3,MB_CA.CRE,2,MB_CA.MB_VL,2
6647793120,mixed,mix->FB,mix,FB,1,2,1,1,1,1.0,3605,3605.0,MB_ML.MB_CA,3,2,2,"[MB_CA.MB_MLL3, MB_CA.MB_VLL2] -> MB_ML.MB_CAL3 -> [MB_CA.CREL2, MB_CA.MB_MLL2]",MB_CA.MB_ML,3,MB_CA.MB_VL,2,MB_CA.CRE,2,MB_CA.MB_ML,2
6493193280,mixed,mix->FB,mix,FB,1,2,1,1,1,1.0,3755,3755.0,MB_ML.MB_CA,3,2,2,"[AL.LHL2, MB_CA.MB_MLL3] -> MB_ML.MB_CAL3 -> [MB_CA.MB_MLL2, MB_CA.MB_VLL2]",AL.LH,2,MB_CA.MB_ML,3,MB_CA.MB_ML,2,MB_CA.MB_VL,2
6467002452,mixed,mix->FB,mix,FB,1,2,1,2282,102,1.674,43374,19.007,LO,3,2,2,"[LOL2, MEL3] -> LOL3 -> [MEL2, ME.LOL2]",LO,2,ME,3,ME,2,ME.LO,2
6258378760,mixed,mix->FB,mix,FB,1,2,1,2282,245,1.631,43374,19.007,LO,3,2,2,"[MEL3, ME.LOL2] -> LOL3 -> [LOL2, MEL2]",ME,3,ME.LO,2,LO,2,ME,2
5719795789,mixed,mix->FB,mix,FB,1,2,1,2282,5,1.642,12697,5.564,LO,3,2,2,"[LO.LOPL2, LO.LOPL3] -> LOL3 -> [LOL2, ME.LOL2]",LO.LOP,2,LO.LOP,3,LO,2,ME.LO,2
5671907887,mixed,mix->FB,mix,FB,1,2,1,2282,14,1.668,42611,18.673,LO,3,2,2,"[ME.LOL3, ME.LOPL2] -> LOL3 -> [MEL2, ME.LOL2]",ME.LO,3,ME.LOP,2,ME,2,ME.LO,2
5283058140,mixed,mix->FB,mix,FB,1,2,1,1,1,1.0,2087,2087.0,MB_ML.MB_CA,3,2,2,"[MB_CA.MB_MLL2, MB_CA.MB_VLL3] -> MB_ML.MB_CAL3 -> [MB_CA.MB_PEDL2, MB_CA.MB_VLL2]",MB_CA.MB_ML,2,MB_CA.MB_VL,3,MB_CA.MB_PED,2,MB_CA.MB_VL,2
5283058140,mixed,mix->FB,mix,FB,1,2,1,1,1,1.0,2087,2087.0,MB_ML.MB_CA,3,2,2,"[MB_CA.MB_PEDL2, MB_CA.MB_VLL3] -> MB_ML.MB_CAL3 -> [MB_CA.MB_MLL2, MB_CA.MB_VLL2]",MB_CA.MB_PED,2,MB_CA.MB_VL,3,MB_CA.MB_ML,2,MB_CA.MB_VL,2
5283058140,mixed,mix->FB,mix,FB,1,2,1,1,1,1.0,2087,2087.0,MB_ML.MB_CA,3,2,2,"[MB_CA.MB_VLL2, MB_CA.MB_VLL3] -> MB_ML.MB_CAL3 -> [MB_CA.MB_MLL2, MB_CA.MB_PEDL2]",MB_CA.MB_VL,2,MB_CA.MB_VL,3,MB_CA.MB_ML,2,MB_CA.MB_PED,2
5256394560,mixed,mix->FB,mix,FB,1,2,1,1,1,1.0,3755,3755.0,MB_ML.MB_CA,3,2,2,"[MB_CA.MB_MLL2, MB_CA.MB_MLL3] -> MB_ML.MB_CAL3 -> [AL.LHL2, MB_CA.MB_VLL2]",MB_CA.MB_ML,2,MB_CA.MB_ML,3,AL.LH,2,MB_CA.MB_VL,2
5256394560,mixed,mix->FB,mix,FB,1,2,1,1,1,1.0,3755,3755.0,MB_ML.MB_CA,3,2,2,"[MB_CA.MB_MLL3, MB_CA.MB_VLL2] -> MB_ML.MB_CAL3 -> [AL.LHL2, MB_CA.MB_MLL2]",MB_CA.MB_ML,3,MB_CA.MB_VL,2,AL.LH,2,MB_CA.MB_ML,2
5178962783,mixed,mix->FB,mix,FB,1,2,1,2282,6,1.986,30885,13.534,LO,3,2,2,"[LOL2, LO.LOPL3] -> LOL3 -> [LO.LOPL2, MEL2]",LO,2,LO.LOP,3,LO.LOP,2,ME,2
5075830223,mixed,mix->FB,mix,FB,1,2,1,2282,14,1.848,38992,17.087,LO,3,2,2,"[MEL3, ME.LOPL2] -> LOL3 -> [LOL2, MEL2]",ME,3,ME.LOP,2,LO,2,ME,2
4942793678,mixed,mix->FB,mix,FB,1,2,1,2282,4,1.447,14942,6.548,LO,3,2,2,"[LO.LOPL2, MEL3] -> LOL3 -> [LOL2, ME.LOPL2]",LO.LOP,2,ME,3,LO,2,ME.LOP,2
4799200242,mixed,mix->FB,mix,FB,1,2,1,2282,20,1.294,37147,16.278,LO,3,2,2,"[MEL2, ME.LOL3] -> LOL3 -> [LOL2, ME.LOPL2]",ME,2,ME.LO,3,LO,2,ME.LOP,2
4729875356,mixed,mix->FB,mix,FB,1,2,1,2282,305,1.37,41529,18.199,LO,3,2,2,"[MEL2, ME.LOL3] -> LOL3 -> [LOL2, ME.LOL2]",ME,2,ME.LO,3,LO,2,ME.LO,2
4657893771,mixed,mix->FB,mix,FB,1,2,1,2282,5,1.611,18561,8.134,LO,3,2,2,"[LO.LOPL2, ME.LOL3] -> LOL3 -> [ME.LOL2, ME.LOPL2]",LO.LOP,2,ME.LO,3,ME.LO,2,ME.LOP,2
4593963600,mixed,mix->FB,mix,FB,1,2,1,1,1,1.0,2176,2176.0,MB_ML.MB_CA,3,2,2,"[MB_CA.MB_VLL3, MB_MLL2] -> MB_ML.MB_CAL3 -> [MB_CA.MB_MLL2, MB_CA.MB_VLL2]",MB_CA.MB_VL,3,MB_ML,2,MB_CA.MB_ML,2,MB_CA.MB_VL,2
4440831480,mixed,mix->FB,mix,FB,1,2,1,1,1,1.0,2176,2176.0,MB_ML.MB_CA,3,2,2,"[MB_CA.MB_MLL2, MB_CA.MB_VLL3] -> MB_ML.MB_CAL3 -> [MB_CA.MB_VLL2, MB_MLL2]",MB_CA.MB_ML,2,MB_CA.MB_VL,3,MB_CA.MB_VL,2,MB_ML,2
4440831480,mixed,mix->FB,mix,FB,1,2,1,1,1,1.0,2176,2176.0,MB_ML.MB_CA,3,2,2,"[MB_CA.MB_VLL2, MB_CA.MB_VLL3] -> MB_ML.MB_CAL3 -> [MB_CA.MB_MLL2, MB_MLL2]",MB_CA.MB_VL,2,MB_CA.MB_VL,3,MB_CA.MB_ML,2,MB_ML,2
4213259280,mixed,mix->FB,mix,FB,1,2,1,52,1,1.0,3410,65.577,MB_ML,3,2,2,"[MB_CA.MB_MLL3, MB_MLL2] -> MB_MLL3 -> [AL.MB_CAL2, MB_CA.MB_MLL2]",MB_CA.MB_ML,3,MB_ML,2,AL.MB_CA,2,MB_CA.MB_ML,2
4169646720,mixed,mix->FB,mix,FB,1,2,1,52,1,1.0,3410,65.577,MB_ML,3,2,2,"[AL.MB_CAL2, MB_CA.MB_MLL3] -> MB_MLL3 -> [MB_CA.MB_MLL2, MB_MLL2]",AL.MB_CA,2,MB_CA.MB_ML,3,MB_CA.MB_ML,2,MB_ML,2
4111734960,mixed,mix->FB,mix,FB,1,2,1,52,1,1.0,3410,65.577,MB_ML,3,2,2,"[MB_CA.MB_MLL2, MB_CA.MB_MLL3] -> MB_MLL3 -> [AL.MB_CAL2, MB_MLL2]",MB_CA.MB_ML,2,MB_CA.MB_ML,3,AL.MB_CA,2,MB_ML,2
4058001180,mixed,mix->FB,mix,FB,1,2,1,1,1,1.0,2154,2154.0,MB_ML.MB_CA,3,2,2,"[AL.MB_CAL2, MB_CA.MB_VLL3] -> MB_ML.MB_CAL3 -> [MB_CA.MB_MLL2, MB_CA.MB_VLL2]",AL.MB_CA,2,MB_CA.MB_VL,3,MB_CA.MB_ML,2,MB_CA.MB_VL,2
3981435120,mixed,mix->FB,mix,FB,1,2,1,1,1,1.0,2154,2154.0,MB_ML.MB_CA,3,2,2,"[MB_CA.MB_MLL2, MB_CA.MB_VLL3] -> MB_ML.MB_CAL3 -> [AL.MB_CAL2, MB_CA.MB_VLL2]",MB_CA.MB_ML,2,MB_CA.MB_VL,3,AL.MB_CA,2,MB_CA.MB_VL,2
3981435120,mixed,mix->FB,mix,FB,1,2,1,1,1,1.0,2154,2154.0,MB_ML.MB_CA,3,2,2,"[MB_CA.MB_VLL2, MB_CA.MB_VLL3] -> MB_ML.MB_CAL3 -> [AL.MB_CAL2, MB_CA.MB_MLL2]",MB_CA.MB_VL,2,MB_CA.MB_VL,3,AL.MB_CA,2,MB_CA.MB_ML,2
3436557270,mixed,mix->FB,mix,FB,1,2,1,2282,15,1.486,18959,8.308,LO,3,2,2,"[LOL2, ME.LOL3] -> LOL3 -> [ME.LOL2, ME.LOPL2]",LO,2,ME.LO,3,ME.LO,2,ME.LOP,2
3368906640,mixed,mix->FB,mix,FB,1,2,1,1,1,1.0,2069,2069.0,MB_ML.MB_CA,3,2,2,"[MB_CA.CREL2, MB_CA.MB_VLL3] -> MB_ML.MB_CAL3 -> [MB_CA.MB_MLL2, MB_CA.MB_VLL2]",MB_CA.CRE,2,MB_CA.MB_VL,3,MB_CA.MB_ML,2,MB_CA.MB_VL,2
3334529377,mixed,mix->FB,mix,FB,1,2,1,2282,20,1.436,18959,8.308,LO,3,2,2,"[ME.LOL2, ME.LOL3] -> LOL3 -> [LOL2, ME.LOPL2]",ME.LO,2,ME.LO,3,LO,2,ME.LOP,2
3320340290,mixed,mix->FB,mix,FB,1,2,1,2282,12,1.659,19324,8.468,LO,3,2,2,"[LO.LOPL2, MEL3] -> LOL3 -> [LOL2, ME.LOL2]",LO.LOP,2,ME,3,LO,2,ME.LO,2
3292340580,mixed,mix->FB,mix,FB,1,2,1,1,1,1.0,2069,2069.0,MB_ML.MB_CA,3,2,2,"[MB_CA.MB_MLL2, MB_CA.MB_VLL3] -> MB_ML.MB_CAL3 -> [MB_CA.CREL2, MB_CA.MB_VLL2]",MB_CA.MB_ML,2,MB_CA.MB_VL,3,MB_CA.CRE,2,MB_CA.MB_VL,2
3292340580,mixed,mix->FB,mix,FB,1,2,1,1,1,1.0,2069,2069.0,MB_ML.MB_CA,3,2,2,"[MB_CA.MB_VLL2, MB_CA.MB_VLL3] -> MB_ML.MB_CAL3 -> [MB_CA.CREL2, MB_CA.MB_MLL2]",MB_CA.MB_VL,2,MB_CA.MB_VL,3,MB_CA.CRE,2,MB_CA.MB_ML,2
3215774520,mixed,mix->FB,mix,FB,1,2,1,1,1,1.0,2219,2219.0,MB_ML.MB_CA,3,2,2,"[AL.LHL2, MB_CA.MB_VLL3] -> MB_ML.MB_CAL3 -> [MB_CA.MB_MLL2, MB_CA.MB_VLL2]",AL.LH,2,MB_CA.MB_VL,3,MB_CA.MB_ML,2,MB_CA.MB_VL,2
3128589484,mixed,mix->FB,mix,FB,1,2,1,2282,15,1.799,41131,18.024,LO,3,2,2,"[ME.LOL2, ME.LOL3] -> LOL3 -> [LO.LOPL2, MEL2]",ME.LO,2,ME.LO,3,LO.LOP,2,ME,2
3036196424,mixed,mix->FB,mix,FB,1,2,1,2282,13,1.979,37512,16.438,LO,3,2,2,"[LOL2, MEL3] -> LOL3 -> [LO.LOPL2, MEL2]",LO,2,ME,3,LO.LOP,2,ME,2
2677130627,mixed,mix->FB,mix,FB,1,2,1,2282,9,1.981,36749,16.104,LO,3,2,2,"[ME.LOL3, ME.LOPL2] -> LOL3 -> [LO.LOPL2, MEL2]",ME.LO,3,ME.LOP,2,LO.LOP,2,ME,2
2603246040,mixed,mix->FB,mix,FB,1,2,1,1,1,1.0,2219,2219.0,MB_ML.MB_CA,3,2,2,"[MB_CA.MB_MLL2, MB_CA.MB_VLL3] -> MB_ML.MB_CAL3 -> [AL.LHL2, MB_CA.MB_VLL2]",MB_CA.MB_ML,2,MB_CA.MB_VL,3,AL.LH,2,MB_CA.MB_VL,2
2603246040,mixed,mix->FB,mix,FB,1,2,1,1,1,1.0,2219,2219.0,MB_ML.MB_CA,3,2,2,"[MB_CA.MB_VLL2, MB_CA.MB_VLL3] -> MB_ML.MB_CAL3 -> [AL.LHL2, MB_CA.MB_MLL2]",MB_CA.MB_VL,2,MB_CA.MB_VL,3,AL.LH,2,MB_CA.MB_ML,2
2599332120,mixed,mix->FB,mix,FB,1,2,1,1,1,1.0,1948,1948.0,MB_ML.MB_CA,3,2,2,"[MB_CA.MB_MLL2, MB_CA.MB_PEDL3] -> MB_ML.MB_CAL3 -> [MB_CA.MB_PEDL2, MB_CA.MB_VLL2]",MB_CA.MB_ML,2,MB_CA.MB_PED,3,MB_CA.MB_PED,2,MB_CA.MB_VL,2
2599332120,mixed,mix->FB,mix,FB,1,2,1,1,1,1.0,1948,1948.0,MB_ML.MB_CA,3,2,2,"[MB_CA.MB_PEDL2, MB_CA.MB_PEDL3] -> MB_ML.MB_CAL3 -> [MB_CA.MB_MLL2, MB_CA.MB_VLL2]",MB_CA.MB_PED,2,MB_CA.MB_PED,3,MB_CA.MB_ML,2,MB_CA.MB_VL,2
2599332120,mixed,mix->FB,mix,FB,1,2,1,1,1,1.0,1948,1948.0,MB_ML.MB_CA,3,2,2,"[MB_CA.MB_PEDL3, MB_CA.MB_VLL2] -> MB_ML.MB_CAL3 -> [MB_CA.MB_MLL2, MB_CA.MB_PEDL2]",MB_CA.MB_PED,3,MB_CA.MB_VL,2,MB_CA.MB_ML,2,MB_CA.MB_PED,2
2433008880,mixed,mix->FB,mix,FB,1,2,1,52,1,1.0,3712,71.385,MB_ML,3,2,2,"[MB_CA.MB_MLL3, MB_MLL2] -> MB_MLL3 -> [MB_CA.MB_MLL2, MB_CA.MB_VLL2]",MB_CA.MB_ML,3,MB_ML,2,MB_CA.MB_ML,2,MB_CA.MB_VL,2
2432293920,mixed,mix->FB,mix,FB,1,2,1,52,1,1.0,3712,71.385,MB_ML,3,2,2,"[MB_CA.MB_MLL3, MB_CA.MB_VLL2] -> MB_MLL3 -> [MB_CA.MB_MLL2, MB_MLL2]",MB_CA.MB_ML,3,MB_CA.MB_VL,2,MB_CA.MB_ML,2,MB_ML,2
2374382160,mixed,mix->FB,mix,FB,1,2,1,52,1,1.0,3712,71.385,MB_ML,3,2,2,"[MB_CA.MB_MLL2, MB_CA.MB_MLL3] -> MB_MLL3 -> [MB_CA.MB_VLL2, MB_MLL2]",MB_CA.MB_ML,2,MB_CA.MB_ML,3,MB_CA.MB_VL,2,MB_ML,2
2270008291,mixed,mix->FB,mix,FB,1,2,1,2282,15,1.451,18959,8.308,LO,3,2,2,"[ME.LOL3, ME.LOPL2] -> LOL3 -> [LOL2, ME.LOL2]",ME.LO,3,ME.LOP,2,LO,2,ME.LO,2
2260288800,mixed,mix->FB,mix,FB,1,2,1,1,1,1.0,2037,2037.0,MB_ML.MB_CA,3,2,2,"[MB_CA.MB_PEDL3, MB_MLL2] -> MB_ML.MB_CAL3 -> [MB_CA.MB_MLL2, MB_CA.MB_VLL2]",MB_CA.MB_PED,3,MB_ML,2,MB_CA.MB_ML,2,MB_CA.MB_VL,2
2184945840,mixed,mix->FB,mix,FB,1,2,1,1,1,1.0,2037,2037.0,MB_ML.MB_CA,3,2,2,"[MB_CA.MB_MLL2, MB_CA.MB_PEDL3] -> MB_ML.MB_CAL3 -> [MB_CA.MB_VLL2, MB_MLL2]",MB_CA.MB_ML,2,MB_CA.MB_PED,3,MB_CA.MB_VL,2,MB_ML,2
2184945840,mixed,mix->FB,mix,FB,1,2,1,1,1,1.0,2037,2037.0,MB_ML.MB_CA,3,2,2,"[MB_CA.MB_PEDL3, MB_CA.MB_VLL2] -> MB_ML.MB_CAL3 -> [MB_CA.MB_MLL2, MB_MLL2]",MB_CA.MB_PED,3,MB_CA.MB_VL,2,MB_CA.MB_ML,2,MB_ML,2
2164397760,mixed,mix->FB,mix,FB,1,2,1,1,1,1.0,3568,3568.0,MB_ML.MB_CA,3,2,2,"[MB_CA.MB_MLL2, MB_CA.MB_MLL3] -> MB_ML.MB_CAL3 -> [MB_CA.MB_VLL2, MB_VL.MB_MLL2]",MB_CA.MB_ML,2,MB_CA.MB_ML,3,MB_CA.MB_VL,2,MB_VL.MB_ML,2
2164397760,mixed,mix->FB,mix,FB,1,2,1,1,1,1.0,3568,3568.0,MB_ML.MB_CA,3,2,2,"[MB_CA.MB_MLL3, MB_CA.MB_VLL2] -> MB_ML.MB_CAL3 -> [MB_CA.MB_MLL2, MB_VL.MB_MLL2]",MB_CA.MB_ML,3,MB_CA.MB_VL,2,MB_CA.MB_ML,2,MB_VL.MB_ML,2
2164397760,mixed,mix->FB,mix,FB,1,2,1,1,1,1.0,3568,3568.0,MB_ML.MB_CA,3,2,2,"[MB_CA.MB_MLL3, MB_VL.MB_MLL2] -> MB_ML.MB_CAL3 -> [MB_CA.MB_MLL2, MB_CA.MB_VLL2]",MB_CA.MB_ML,3,MB_VL.MB_ML,2,MB_CA.MB_ML,2,MB_CA.MB_VL,2
2132010720,mixed,mix->FB,mix,FB,1,2,1,52,1,1.0,3690,70.962,MB_ML,3,2,2,"[MB_CA.MB_MLL3, MB_CA.MB_VLL2] -> MB_MLL3 -> [AL.MB_CAL2, MB_CA.MB_MLL2]",MB_CA.MB_ML,3,MB_CA.MB_VL,2,AL.MB_CA,2,MB_CA.MB_ML,2
2110561920,mixed,mix->FB,mix,FB,1,2,1,52,1,1.0,3690,70.962,MB_ML,3,2,2,"[AL.MB_CAL2, MB_CA.MB_MLL3] -> MB_MLL3 -> [MB_CA.MB_MLL2, MB_CA.MB_VLL2]",AL.MB_CA,2,MB_CA.MB_ML,3,MB_CA.MB_ML,2,MB_CA.MB_VL,2
2081248560,mixed,mix->FB,mix,FB,1,2,1,52,1,1.0,3690,70.962,MB_ML,3,2,2,"[MB_CA.MB_MLL2, MB_CA.MB_MLL3] -> MB_MLL3 -> [AL.MB_CAL2, MB_CA.MB_VLL2]",MB_CA.MB_ML,2,MB_CA.MB_ML,3,AL.MB_CA,2,MB_CA.MB_VL,2
1996588440,mixed,mix->FB,mix,FB,1,2,1,1,1,1.0,2015,2015.0,MB_ML.MB_CA,3,2,2,"[AL.MB_CAL2, MB_CA.MB_PEDL3] -> MB_ML.MB_CAL3 -> [MB_CA.MB_MLL2, MB_CA.MB_VLL2]",AL.MB_CA,2,MB_CA.MB_PED,3,MB_CA.MB_ML,2,MB_CA.MB_VL,2
1958916960,mixed,mix->FB,mix,FB,1,2,1,1,1,1.0,2015,2015.0,MB_ML.MB_CA,3,2,2,"[MB_CA.MB_MLL2, MB_CA.MB_PEDL3] -> MB_ML.MB_CAL3 -> [AL.MB_CAL2, MB_CA.MB_VLL2]",MB_CA.MB_ML,2,MB_CA.MB_PED,3,AL.MB_CA,2,MB_CA.MB_VL,2
1958916960,mixed,mix->FB,mix,FB,1,2,1,1,1,1.0,2015,2015.0,MB_ML.MB_CA,3,2,2,"[MB_CA.MB_PEDL3, MB_CA.MB_VLL2] -> MB_ML.MB_CAL3 -> [AL.MB_CAL2, MB_CA.MB_MLL2]",MB_CA.MB_PED,3,MB_CA.MB_VL,2,AL.MB_CA,2,MB_CA.MB_ML,2
1899718752,mixed,mix->FB,mix,FB,1,2,1,2282,3,2.0,30461,13.348,LO,3,2,2,"[LO.LOPL2, ME.LOPL3] -> LOL3 -> [LOL2, MEL2]",LO.LOP,2,ME.LOP,3,LO,2,ME,2
1855198080,mixed,mix->FB,mix,FB,1,2,1,1,1,1.0,3574,3574.0,MB_ML.MB_CA,3,2,2,"[MB_CAL2, MB_CA.MB_MLL3] -> MB_ML.MB_CAL3 -> [MB_CA.MB_MLL2, MB_CA.MB_VLL2]",MB_CA,2,MB_CA.MB_ML,3,MB_CA.MB_ML,2,MB_CA.MB_VL,2
1855198080,mixed,mix->FB,mix,FB,1,2,1,1,1,1.0,3574,3574.0,MB_ML.MB_CA,3,2,2,"[MB_CA.MB_MLL2, MB_CA.MB_MLL3] -> MB_ML.MB_CAL3 -> [MB_CAL2, MB_CA.MB_VLL2]",MB_CA.MB_ML,2,MB_CA.MB_ML,3,MB_CA,2,MB_CA.MB_VL,2
1855198080,mixed,mix->FB,mix,FB,1,2,1,1,1,1.0,3561,3561.0,MB_ML.MB_CA,3,2,2,"[MB_CA.MB_MLL2, MB_CA.MB_MLL3] -> MB_ML.MB_CAL3 -> [MB_CA.MB_VLL2, MB_ML.MB_VLL2]",MB_CA.MB_ML,2,MB_CA.MB_ML,3,MB_CA.MB_VL,2,MB_ML.MB_VL,2
1855198080,mixed,mix->FB,mix,FB,1,2,1,1,1,1.0,3574,3574.0,MB_ML.MB_CA,3,2,2,"[MB_CA.MB_MLL3, MB_CA.MB_VLL2] -> MB_ML.MB_CAL3 -> [MB_CAL2, MB_CA.MB_MLL2]",MB_CA.MB_ML,3,MB_CA.MB_VL,2,MB_CA,2,MB_CA.MB_ML,2
1855198080,mixed,mix->FB,mix,FB,1,2,1,1,1,1.0,3561,3561.0,MB_ML.MB_CA,3,2,2,"[MB_CA.MB_MLL3, MB_CA.MB_VLL2] -> MB_ML.MB_CAL3 -> [MB_CA.MB_MLL2, MB_ML.MB_VLL2]",MB_CA.MB_ML,3,MB_CA.MB_VL,2,MB_CA.MB_ML,2,MB_ML.MB_VL,2
1855198080,mixed,mix->FB,mix,FB,1,2,1,1,1,1.0,3561,3561.0,MB_ML.MB_CA,3,2,2,"[MB_CA.MB_MLL3, MB_ML.MB_VLL2] -> MB_ML.MB_CAL3 -> [MB_CA.MB_MLL2, MB_CA.MB_VLL2]",MB_CA.MB_ML,3,MB_ML.MB_VL,2,MB_CA.MB_ML,2,MB_CA.MB_VL,2
1727219831,mixed,mix->FB,mix,FB,1,2,1,2282,16,1.389,35667,15.63,LO,3,2,2,"[MEL2, ME.LOL3] -> LOL3 -> [LOL2, LO.LOPL2]",ME,2,ME.LO,3,LO,2,LO.LOP,2
1657545120,mixed,mix->FB,mix,FB,1,2,1,1,1,1.0,1930,1930.0,MB_ML.MB_CA,3,2,2,"[MB_CA.CREL2, MB_CA.MB_PEDL3] -> MB_ML.MB_CAL3 -> [MB_CA.MB_MLL2, MB_CA.MB_VLL2]",MB_CA.CRE,2,MB_CA.MB_PED,3,MB_CA.MB_ML,2,MB_CA.MB_VL,2
1619873640,mixed,mix->FB,mix,FB,1,2,1,1,1,1.0,1930,1930.0,MB_ML.MB_CA,3,2,2,"[MB_CA.MB_MLL2, MB_CA.MB_PEDL3] -> MB_ML.MB_CAL3 -> [MB_CA.CREL2, MB_CA.MB_VLL2]",MB_CA.MB_ML,2,MB_CA.MB_PED,3,MB_CA.CRE,2,MB_CA.MB_VL,2
1619873640,mixed,mix->FB,mix,FB,1,2,1,1,1,1.0,1930,1930.0,MB_ML.MB_CA,3,2,2,"[MB_CA.MB_PEDL3, MB_CA.MB_VLL2] -> MB_ML.MB_CAL3 -> [MB_CA.CREL2, MB_CA.MB_MLL2]",MB_CA.MB_PED,3,MB_CA.MB_VL,2,MB_CA.CRE,2,MB_CA.MB_ML,2
1582202160,mixed,mix->FB,mix,FB,1,2,1,1,1,1.0,2080,2080.0,MB_ML.MB_CA,3,2,2,"[AL.LHL2, MB_CA.MB_PEDL3] -> MB_ML.MB_CAL3 -> [MB_CA.MB_MLL2, MB_CA.MB_VLL2]",AL.LH,2,MB_CA.MB_PED,3,MB_CA.MB_ML,2,MB_CA.MB_VL,2
1580353920,mixed,mix->FB,mix,FB,1,2,1,1,1,1.0,3343,3343.0,MB_ML.MB_CA,3,2,2,"[MB_CA.MB_MLL3, MB_MLL2] -> MB_ML.MB_CAL3 -> [MB_CA.MB_MLL2, MB_CA.MB_PEDL2]",MB_CA.MB_ML,3,MB_ML,2,MB_CA.MB_ML,2,MB_CA.MB_PED,2
1527675456,mixed,mix->FB,mix,FB,1,2,1,1,1,1.0,3343,3343.0,MB_ML.MB_CA,3,2,2,"[MB_CA.MB_MLL2, MB_CA.MB_MLL3] -> MB_ML.MB_CAL3 -> [MB_CA.MB_PEDL2, MB_MLL2]",MB_CA.MB_ML,2,MB_CA.MB_ML,3,MB_CA.MB_PED,2,MB_ML,2
1527675456,mixed,mix->FB,mix,FB,1,2,1,1,1,1.0,3343,3343.0,MB_ML.MB_CA,3,2,2,"[MB_CA.MB_MLL3, MB_CA.MB_PEDL2] -> MB_ML.MB_CAL3 -> [MB_CA.MB_MLL2, MB_MLL2]",MB_CA.MB_ML,3,MB_CA.MB_PED,2,MB_CA.MB_ML,2,MB_ML,2
1521720834,mixed,mix->FB,mix,FB,1,2,1,2282,11,1.851,13097,5.739,LO,3,2,2,"[LOL2, ME.LOL3] -> LOL3 -> [LO.LOPL2, ME.LOPL2]",LO,2,ME.LO,3,LO.LOP,2,ME.LOP,2
1491959232,mixed,mix->FB,mix,FB,1,2,1,2282,2,1.0,12572,5.509,LO,3,2,2,"[GNG.MEL2, ME.LOPL3] -> LOL3 -> [ME.LOL2, ME.LOPL2]",GNG.ME,2,ME.LOP,3,ME.LO,2,ME.LOP,2
1445988766,mixed,mix->FB,mix,FB,1,2,1,2282,4,1.97,30885,13.534,LO,3,2,2,"[LO.LOPL2, LO.LOPL3] -> LOL3 -> [LOL2, MEL2]",LO.LOP,2,LO.LOP,3,LO,2,ME,2
1395979296,mixed,mix->FB,mix,FB,1,2,1,1,1,1.0,3321,3321.0,MB_ML.MB_CA,3,2,2,"[AL.MB_CAL2, MB_CA.MB_MLL3] -> MB_ML.MB_CAL3 -> [MB_CA.MB_MLL2, MB_CA.MB_PEDL2]",AL.MB_CA,2,MB_CA.MB_ML,3,MB_CA.MB_ML,2,MB_CA.MB_PED,2
1376493520,mixed,mix->FB,mix,FB,1,2,1,2282,341,1.557,41529,18.199,LO,3,2,2,"[ME.LOL2, ME.LOL3] -> LOL3 -> [LOL2, MEL2]",ME.LO,2,ME.LO,3,LO,2,ME,2
1369640064,mixed,mix->FB,mix,FB,1,2,1,1,1,1.0,3321,3321.0,MB_ML.MB_CA,3,2,2,"[MB_CA.MB_MLL2, MB_CA.MB_MLL3] -> MB_ML.MB_CAL3 -> [AL.MB_CAL2, MB_CA.MB_PEDL2]",MB_CA.MB_ML,2,MB_CA.MB_ML,3,AL.MB_CA,2,MB_CA.MB_PED,2
1369640064,mixed,mix->FB,mix,FB,1,2,1,1,1,1.0,3321,3321.0,MB_ML.MB_CA,3,2,2,"[MB_CA.MB_MLL3, MB_CA.MB_PEDL2] -> MB_ML.MB_CAL3 -> [AL.MB_CAL2, MB_CA.MB_MLL2]",MB_CA.MB_ML,3,MB_CA.MB_PED,2,AL.MB_CA,2,MB_CA.MB_ML,2
1287491484,mixed,mix->FB,mix,FB,1,2,1,2282,139,1.38,41529,18.199,LO,3,2,2,"[LOL2, ME.LOL3] -> LOL3 -> [MEL2, ME.LOL2]",LO,2,ME.LO,3,ME,2,ME.LO,2
1280830320,mixed,mix->FB,mix,FB,1,2,1,1,1,1.0,2080,2080.0,MB_ML.MB_CA,3,2,2,"[MB_CA.MB_MLL2, MB_CA.MB_PEDL3] -> MB_ML.MB_CAL3 -> [AL.LHL2, MB_CA.MB_VLL2]",MB_CA.MB_ML,2,MB_CA.MB_PED,3,AL.LH,2,MB_CA.MB_VL,2
1280830320,mixed,mix->FB,mix,FB,1,2,1,1,1,1.0,2080,2080.0,MB_ML.MB_CA,3,2,2,"[MB_CA.MB_PEDL3, MB_CA.MB_VLL2] -> MB_ML.MB_CAL3 -> [AL.LHL2, MB_CA.MB_MLL2]",MB_CA.MB_PED,3,MB_CA.MB_VL,2,AL.LH,2,MB_CA.MB_ML,2
1272161967,mixed,mix->FB,mix,FB,1,2,1,2282,21,1.238,37147,16.278,LO,3,2,2,"[LOL2, ME.LOL3] -> LOL3 -> [MEL2, ME.LOPL2]",LO,2,ME.LO,3,ME,2,ME.LOP,2
1267988648,mixed,mix->FB,mix,FB,1,2,1,2282,11,1.624,17479,7.66,LO,3,2,2,"[LOL2, ME.LOL3] -> LOL3 -> [LO.LOPL2, ME.LOL2]",LO,2,ME.LO,3,LO.LOP,2,ME.LO,2
1255943061,mixed,mix->FB,mix,FB,1,2,1,2282,2,1.0,12996,5.695,LO,3,2,2,"[GNG.MEL2, LO.LOPL3] -> LOL3 -> [ME.LOL2, ME.LOPL2]",GNG.ME,2,LO.LOP,3,ME.LO,2,ME.LOP,2
1236798720,mixed,mix->FB,mix,FB,1,2,1,1,1,1.0,4454,4454.0,MB_ML.MB_CA,3,2,2,"[ALL2, MB_CA.MB_MLL3] -> MB_ML.MB_CAL3 -> [MB_CA.MB_MLL2, MB_CA.MB_VLL2]",AL,2,MB_CA.MB_ML,3,MB_CA.MB_ML,2,MB_CA.MB_VL,2
1222603557,mixed,mix->FB,mix,FB,1,2,1,2282,19,1.565,17479,7.66,LO,3,2,2,"[ME.LOL2, ME.LOL3] -> LOL3 -> [LOL2, LO.LOPL2]",ME.LO,2,ME.LO,3,LO,2,LO.LOP,2
1190991360,mixed,mix->FB,mix,FB,1,2,1,1,1,1.0,3410,3410.0,MB_ML.MB_CA,3,2,2,"[MB_CA.MB_MLL3, MB_MLL2] -> MB_ML.MB_CAL3 -> [AL.MB_CAL2, MB_CA.MB_MLL2]",MB_CA.MB_ML,3,MB_ML,2,AL.MB_CA,2,MB_CA.MB_ML,2
1173431872,mixed,mix->FB,mix,FB,1,2,1,1,1,1.0,3410,3410.0,MB_ML.MB_CA,3,2,2,"[AL.MB_CAL2, MB_CA.MB_MLL3] -> MB_ML.MB_CAL3 -> [MB_CA.MB_MLL2, MB_MLL2]",AL.MB_CA,2,MB_CA.MB_ML,3,MB_CA.MB_ML,2,MB_ML,2
1165156164,mixed,mix->FB,mix,FB,1,2,1,2282,5,1.954,36749,16.104,LO,3,2,2,"[LO.LOPL2, ME.LOL3] -> LOL3 -> [MEL2, ME.LOPL2]",LO.LOP,2,ME.LO,3,ME,2,ME.LOP,2
1164635820,mixed,mix->FB,mix,FB,1,2,1,1,1,1.0,1797,1797.0,MB_ML.MB_CA,3,2,2,"[MB_CA.CREL3, MB_CA.MB_MLL2] -> MB_ML.MB_CAL3 -> [MB_CA.MB_PEDL2, MB_CA.MB_VLL2]",MB_CA.CRE,3,MB_CA.MB_ML,2,MB_CA.MB_PED,2,MB_CA.MB_VL,2
1164635820,mixed,mix->FB,mix,FB,1,2,1,1,1,1.0,1797,1797.0,MB_ML.MB_CA,3,2,2,"[MB_CA.CREL3, MB_CA.MB_PEDL2] -> MB_ML.MB_CAL3 -> [MB_CA.MB_MLL2, MB_CA.MB_VLL2]",MB_CA.CRE,3,MB_CA.MB_PED,2,MB_CA.MB_ML,2,MB_CA.MB_VL,2
1164635820,mixed,mix->FB,mix,FB,1,2,1,1,1,1.0,1797,1797.0,MB_ML.MB_CA,3,2,2,"[MB_CA.CREL3, MB_CA.MB_VLL2] -> MB_ML.MB_CAL3 -> [MB_CA.MB_MLL2, MB_CA.MB_PEDL2]",MB_CA.CRE,3,MB_CA.MB_VL,2,MB_CA.MB_ML,2,MB_CA.MB_PED,2
1158926208,mixed,mix->FB,mix,FB,1,2,1,1,1,1.0,3236,3236.0,MB_ML.MB_CA,3,2,2,"[MB_CA.CREL2, MB_CA.MB_MLL3] -> MB_ML.MB_CAL3 -> [MB_CA.MB_MLL2, MB_CA.MB_PEDL2]",MB_CA.CRE,2,MB_CA.MB_ML,3,MB_CA.MB_ML,2,MB_CA.MB_PED,2
1151291648,mixed,mix->FB,mix,FB,1,2,1,1,1,1.0,3410,3410.0,MB_ML.MB_CA,3,2,2,"[MB_CA.MB_MLL2, MB_CA.MB_MLL3] -> MB_ML.MB_CAL3 -> [AL.MB_CAL2, MB_MLL2]",MB_CA.MB_ML,2,MB_CA.MB_ML,3,AL.MB_CA,2,MB_ML,2
1148189860,mixed,mix->FB,mix,FB,1,2,1,2282,3,1.0,6710,2.94,LO,3,2,2,"[GNG.MEL2, ME.LOPL3] -> LOL3 -> [LO.LOPL2, ME.LOPL2]",GNG.ME,2,ME.LOP,3,LO.LOP,2,ME.LOP,2
1132586976,mixed,mix->FB,mix,FB,1,2,1,1,1,1.0,3236,3236.0,MB_ML.MB_CA,3,2,2,"[MB_CA.MB_MLL2, MB_CA.MB_MLL3] -> MB_ML.MB_CAL3 -> [MB_CA.CREL2, MB_CA.MB_PEDL2]",MB_CA.MB_ML,2,MB_CA.MB_ML,3,MB_CA.CRE,2,MB_CA.MB_PED,2
1132586976,mixed,mix->FB,mix,FB,1,2,1,1,1,1.0,3236,3236.0,MB_ML.MB_CA,3,2,2,"[MB_CA.MB_MLL3, MB_CA.MB_PEDL2] -> MB_ML.MB_CAL3 -> [MB_CA.CREL2, MB_CA.MB_MLL2]",MB_CA.MB_ML,3,MB_CA.MB_PED,2,MB_CA.CRE,2,MB_CA.MB_ML,2
1106247744,mixed,mix->FB,mix,FB,1,2,1,1,1,1.0,3386,3386.0,MB_ML.MB_CA,3,2,2,"[AL.LHL2, MB_CA.MB_MLL3] -> MB_ML.MB_CAL3 -> [MB_CA.MB_MLL2, MB_CA.MB_PEDL2]",AL.LH,2,MB_CA.MB_ML,3,MB_CA.MB_ML,2,MB_CA.MB_PED,2
1082198880,mixed,mix->FB,mix,FB,1,2,1,1,1,1.0,3554,3554.0,MB_ML.MB_CA,3,2,2,"[MB_CA.MB_MLL2, MB_CA.MB_MLL3] -> MB_ML.MB_CAL3 -> [MB_CA.MB_VLL2, MB_VLL2]",MB_CA.MB_ML,2,MB_CA.MB_ML,3,MB_CA.MB_VL,2,MB_VL,2
1082198880,mixed,mix->FB,mix,FB,1,2,1,1,1,1.0,3555,3555.0,MB_ML.MB_CA,3,2,2,"[MB_CA.MB_MLL2, MB_CA.MB_MLL3] -> MB_ML.MB_CAL3 -> [MB_CA.MB_VLL2, PLP.CREL2]",MB_CA.MB_ML,2,MB_CA.MB_ML,3,MB_CA.MB_VL,2,PLP.CRE,2
1082198880,mixed,mix->FB,mix,FB,1,2,1,1,1,1.0,3554,3554.0,MB_ML.MB_CA,3,2,2,"[MB_CA.MB_MLL3, MB_CA.MB_VLL2] -> MB_ML.MB_CAL3 -> [MB_CA.MB_MLL2, MB_VLL2]",MB_CA.MB_ML,3,MB_CA.MB_VL,2,MB_CA.MB_ML,2,MB_VL,2
1082198880,mixed,mix->FB,mix,FB,1,2,1,1,1,1.0,3555,3555.0,MB_ML.MB_CA,3,2,2,"[MB_CA.MB_MLL3, MB_CA.MB_VLL2] -> MB_ML.MB_CAL3 -> [MB_CA.MB_MLL2, PLP.CREL2]",MB_CA.MB_ML,3,MB_CA.MB_VL,2,MB_CA.MB_ML,2,PLP.CRE,2
1082198880,mixed,mix->FB,mix,FB,1,2,1,1,1,1.0,3554,3554.0,MB_ML.MB_CA,3,2,2,"[MB_CA.MB_MLL3, MB_VLL2] -> MB_ML.MB_CAL3 -> [MB_CA.MB_MLL2, MB_CA.MB_VLL2]",MB_CA.MB_ML,3,MB_VL,2,MB_CA.MB_ML,2,MB_CA.MB_VL,2
1542834008294,mixed,FF->mix,FF,mix,2,1,1,2282,22,1.625,37829,16.577,LO,3,2,2,"[MEL2, ME.LOL2] -> LOL3 -> [LO.LOPL3, ME.LOPL2]",ME,2,ME.LO,2,LO.LOP,3,ME.LOP,2
1109295445286,mixed,FF->mix,FF,mix,2,1,1,2282,24,1.804,37405,16.391,LO,3,2,2,"[MEL2, ME.LOL2] -> LOL3 -> [ME.LOPL2, ME.LOPL3]",ME,2,ME.LO,2,ME.LOP,2,ME.LOP,3
1071371813136,mixed,FF->mix,FF,mix,2,1,1,2282,8,1.607,37829,16.577,LO,3,2,2,"[MEL2, ME.LOPL2] -> LOL3 -> [LO.LOPL3, ME.LOL2]",ME,2,ME.LOP,2,LO.LOP,3,ME.LO,2
768251934802,mixed,FF->mix,FF,mix,2,1,1,2282,9,1.786,37405,16.391,LO,3,2,2,"[MEL2, ME.LOPL2] -> LOL3 -> [ME.LOL2, ME.LOPL3]",ME,2,ME.LOP,2,ME.LO,2,ME.LOP,3
713029244467,mixed,FF->mix,FF,mix,2,1,1,2282,9,1.307,31967,14.008,LO,3,2,2,"[MEL2, ME.LOPL2] -> LOL3 -> [LO.LOPL2, LO.LOPL3]",ME,2,ME.LOP,2,LO.LOP,2,LO.LOP,3
675512153613,mixed,FF->mix,FF,mix,2,1,1,2282,9,1.204,13779,6.038,LO,3,2,2,"[ME.LOL2, ME.LOPL2] -> LOL3 -> [LO.LOPL2, LO.LOPL3]",ME.LO,2,ME.LOP,2,LO.LOP,2,LO.LOP,3
668261488700,mixed,FF->mix,FF,mix,2,1,1,2282,18,1.487,36349,15.929,LO,3,2,2,"[MEL2, ME.LOL2] -> LOL3 -> [LO.LOPL2, LO.LOPL3]",ME,2,ME.LO,2,LO.LOP,2,LO.LOP,3
487791375016,mixed,FF->mix,FF,mix,2,1,1,2282,10,1.43,31543,13.823,LO,3,2,2,"[MEL2, ME.LOPL2] -> LOL3 -> [LO.LOPL2, ME.LOPL3]",ME,2,ME.LOP,2,LO.LOP,2,ME.LOP,3
470430110751,mixed,FF->mix,FF,mix,2,1,1,2282,13,1.656,35925,15.743,LO,3,2,2,"[MEL2, ME.LOL2] -> LOL3 -> [LO.LOPL2, ME.LOPL3]",ME,2,ME.LO,2,LO.LOP,2,ME.LOP,3
453985753278,mixed,FF->mix,FF,mix,2,1,1,2282,10,1.289,13355,5.852,LO,3,2,2,"[ME.LOL2, ME.LOPL2] -> LOL3 -> [LO.LOPL2, ME.LOPL3]",ME.LO,2,ME.LOP,2,LO.LOP,2,ME.LOP,3
375070337000,mixed,FF->mix,FF,mix,2,1,1,2282,4,1.188,31967,14.008,LO,3,2,2,"[LO.LOPL2, MEL2] -> LOL3 -> [LO.LOPL3, ME.LOPL2]",LO.LOP,2,ME,2,LO.LOP,3,ME.LOP,2
361687070776,mixed,FF->mix,FF,mix,2,1,1,2282,4,1.124,13779,6.038,LO,3,2,2,"[LO.LOPL2, ME.LOL2] -> LOL3 -> [LO.LOPL3, ME.LOPL2]",LO.LOP,2,ME.LO,2,LO.LOP,3,ME.LOP,2
252955413396,mixed,FF->mix,FF,mix,2,1,1,2282,4,1.119,13779,6.038,LO,3,2,2,"[LO.LOPL2, ME.LOPL2] -> LOL3 -> [LO.LOPL3, ME.LOL2]",LO.LOP,2,ME.LOP,2,LO.LOP,3,ME.LO,2
251385249913,mixed,FF->mix,FF,mix,2,1,1,2282,5,1.268,31543,13.823,LO,3,2,2,"[LO.LOPL2, MEL2] -> LOL3 -> [ME.LOPL2, ME.LOPL3]",LO.LOP,2,ME,2,ME.LOP,2,ME.LOP,3
239526434143,mixed,FF->mix,FF,mix,2,1,1,2282,5,1.177,13355,5.852,LO,3,2,2,"[LO.LOPL2, ME.LOL2] -> LOL3 -> [ME.LOPL2, ME.LOPL3]",LO.LOP,2,ME.LO,2,ME.LOP,2,ME.LOP,3
237957252604,mixed,FF->mix,FF,mix,2,1,1,2282,5,1.296,36349,15.929,LO,3,2,2,"[LO.LOPL2, MEL2] -> LOL3 -> [LO.LOPL3, ME.LOL2]",LO.LOP,2,ME,2,LO.LOP,3,ME.LO,2
227267719370,mixed,FF->mix,FF,mix,2,1,1,2282,12,1.776,37829,16.577,LO,3,2,2,"[ME.LOL2, ME.LOPL2] -> LOL3 -> [LO.LOPL3, MEL2]",ME.LO,2,ME.LOP,2,LO.LOP,3,ME,2
167417089746,mixed,FF->mix,FF,mix,2,1,1,2282,14,1.932,37405,16.391,LO,3,2,2,"[ME.LOL2, ME.LOPL2] -> LOL3 -> [MEL2, ME.LOPL3]",ME.LO,2,ME.LOP,2,ME,2,ME.LOP,3
167380566901,mixed,FF->mix,FF,mix,2,1,1,2282,5,1.171,13355,5.852,LO,3,2,2,"[LO.LOPL2, ME.LOPL2] -> LOL3 -> [ME.LOL2, ME.LOPL3]",LO.LOP,2,ME.LOP,2,ME.LO,2,ME.LOP,3
162492495025,mixed,FF->mix,FF,mix,2,1,1,2282,5,1.416,35925,15.743,LO,3,2,2,"[LO.LOPL2, MEL2] -> LOL3 -> [ME.LOL2, ME.LOPL3]",LO.LOP,2,ME,2,ME.LO,2,ME.LOP,3
144799436364,mixed,FF->mix,FF,mix,2,1,1,2282,22,1.997,32365,14.183,LO,3,2,2,"[LOL2, MEL2] -> LOL3 -> [LO.LOPL3, ME.LOPL2]",LO,2,ME,2,LO.LOP,3,ME.LOP,2
118147337133,mixed,FF->mix,FF,mix,2,1,1,2282,22,1.94,14177,6.213,LO,3,2,2,"[LOL2, ME.LOL2] -> LOL3 -> [LO.LOPL3, ME.LOPL2]",LO,2,ME.LO,2,LO.LOP,3,ME.LOP,2
114655092834,mixed,FF->mix,FF,mix,2,1,1,2282,24,1.913,31941,13.997,LO,3,2,2,"[LOL2, MEL2] -> LOL3 -> [ME.LOPL2, ME.LOPL3]",LO,2,ME,2,ME.LOP,2,ME.LOP,3
114216373192,mixed,FF->mix,FF,mix,2,1,1,2282,20,1.871,36747,16.103,LO,3,2,2,"[LOL2, MEL2] -> LOL3 -> [LO.LOPL3, ME.LOL2]",LO,2,ME,2,LO.LOP,3,ME.LO,2
108694735232,mixed,FF->mix,FF,mix,2,1,1,2282,24,1.816,36747,16.103,LO,3,2,2,"[MEL2, ME.LOL2] -> LOL3 -> [LOL2, LO.LOPL3]",ME,2,ME.LO,2,LO,2,LO.LOP,3
94092809156,mixed,FF->mix,FF,mix,2,1,1,2282,18,1.698,36323,15.917,LO,3,2,2,"[LOL2, MEL2] -> LOL3 -> [ME.LOL2, ME.LOPL3]",LO,2,ME,2,ME.LO,2,ME.LOP,3
93418465619,mixed,FF->mix,FF,mix,2,1,1,2282,11,1.988,32365,14.183,LO,3,2,2,"[MEL2, ME.LOPL2] -> LOL3 -> [LOL2, LO.LOPL3]",ME,2,ME.LOP,2,LO,2,LO.LOP,3
90402752626,mixed,FF->mix,FF,mix,2,1,1,2282,26,1.637,36323,15.917,LO,3,2,2,"[MEL2, ME.LOL2] -> LOL3 -> [LOL2, ME.LOPL3]",ME,2,ME.LO,2,LO,2,ME.LOP,3
90038854452,mixed,FF->mix,FF,mix,2,1,1,2282,24,2.0,13753,6.027,LO,3,2,2,"[LOL2, ME.LOL2] -> LOL3 -> [ME.LOPL2, ME.LOPL3]",LO,2,ME.LO,2,ME.LOP,2,ME.LOP,3
81598829810,mixed,FF->mix,FF,mix,2,1,1,2282,8,1.928,14177,6.213,LO,3,2,2,"[LOL2, ME.LOPL2] -> LOL3 -> [LO.LOPL3, ME.LOL2]",LO,2,ME.LOP,2,LO.LOP,3,ME.LO,2
75530038796,mixed,FF->mix,FF,mix,2,1,1,2282,11,1.965,14177,6.213,LO,3,2,2,"[ME.LOL2, ME.LOPL2] -> LOL3 -> [LOL2, LO.LOPL3]",ME.LO,2,ME.LOP,2,LO,2,LO.LOP,3
74538970840,mixed,FF->mix,FF,mix,2,1,1,2282,12,1.879,31941,13.997,LO,3,2,2,"[MEL2, ME.LOPL2] -> LOL3 -> [LOL2, ME.LOPL3]",ME,2,ME.LOP,2,LO,2,ME.LOP,3
61986480408,mixed,FF->mix,FF,mix,2,1,1,2282,9,2.0,13753,6.027,LO,3,2,2,"[LOL2, ME.LOPL2] -> LOL3 -> [ME.LOL2, ME.LOPL3]",LO,2,ME.LOP,2,ME.LO,2,ME.LOP,3
58230475992,mixed,FF->mix,FF,mix,2,1,1,2282,23,1.975,30885,13.534,LO,3,2,2,"[LOL2, MEL2] -> LOL3 -> [LO.LOPL2, LO.LOPL3]",LO,2,ME,2,LO.LOP,2,LO.LOP,3
58010724607,mixed,FF->mix,FF,mix,2,1,1,2282,12,1.996,13753,6.027,LO,3,2,2,"[ME.LOL2, ME.LOPL2] -> LOL3 -> [LOL2, ME.LOPL3]",ME.LO,2,ME.LOP,2,LO,2,ME.LOP,3
52142043870,mixed,FF->mix,FF,mix,2,1,1,2282,4,1.254,31967,14.008,LO,3,2,2,"[LO.LOPL2, ME.LOPL2] -> LOL3 -> [LO.LOPL3, MEL2]",LO.LOP,2,ME.LOP,2,LO.LOP,3,ME,2
49238548589,mixed,FF->mix,FF,mix,2,1,1,2282,9,1.573,8315,3.644,LO,3,2,2,"[LOL2, ME.LOPL2] -> LOL3 -> [LO.LOPL2, LO.LOPL3]",LO,2,ME.LOP,2,LO.LOP,2,LO.LOP,3
49007376956,mixed,FF->mix,FF,mix,2,1,1,2282,17,1.819,12697,5.564,LO,3,2,2,"[LOL2, ME.LOL2] -> LOL3 -> [LO.LOPL2, LO.LOPL3]",LO,2,ME.LO,2,LO.LOP,2,LO.LOP,3
48229283382,mixed,FF->mix,FF,mix,2,1,1,2282,4,1.407,36349,15.929,LO,3,2,2,"[LO.LOPL2, ME.LOL2] -> LOL3 -> [LO.LOPL3, MEL2]",LO.LOP,2,ME.LO,2,LO.LOP,3,ME,2
44882961953,mixed,FF->mix,FF,mix,2,1,1,2282,13,1.991,30461,13.348,LO,3,2,2,"[LOL2, MEL2] -> LOL3 -> [LO.LOPL2, ME.LOPL3]",LO,2,ME,2,LO.LOP,2,ME.LOP,3
37881172407,mixed,FF->mix,FF,mix,2,1,1,2282,24,1.583,44456,19.481,LO,3,2,2,"[MEL2, ME.LOL2] -> LOL3 -> [MEL3, ME.LOPL2]",ME,2,ME.LO,2,ME,3,ME.LOP,2
36377951149,mixed,FF->mix,FF,mix,2,1,1,2282,13,1.959,12273,5.378,LO,3,2,2,"[LOL2, ME.LOL2] -> LOL3 -> [LO.LOPL2, ME.LOPL3]",LO,2,ME.LO,2,LO.LOP,2,ME.LOP,3
35349657960,mixed,FF->mix,FF,mix,2,1,1,2282,5,1.358,31543,13.823,LO,3,2,2,"[LO.LOPL2, ME.LOPL2] -> LOL3 -> [MEL2, ME.LOPL3]",LO.LOP,2,ME.LOP,2,ME,2,ME.LOP,3
35122855925,mixed,FF->mix,FF,mix,2,1,1,2282,10,1.751,7891,3.458,LO,3,2,2,"[LOL2, ME.LOPL2] -> LOL3 -> [LO.LOPL2, ME.LOPL3]",LO,2,ME.LOP,2,LO.LOP,2,ME.LOP,3
33819967514,mixed,FF->mix,FF,mix,2,1,1,2282,20,1.766,42611,18.673,LO,3,2,2,"[MEL2, ME.LOL2] -> LOL3 -> [ME.LOL3, ME.LOPL2]",ME,2,ME.LO,2,ME.LO,3,ME.LOP,2
33531836180,mixed,FF->mix,FF,mix,2,1,1,2282,5,1.559,35925,15.743,LO,3,2,2,"[LO.LOPL2, ME.LOL2] -> LOL3 -> [MEL2, ME.LOPL3]",LO.LOP,2,ME.LO,2,ME,2,ME.LOP,3
27595298793,mixed,FF->mix,FF,mix,2,1,1,2282,25,1.709,36747,16.103,LO,3,2,2,"[LOL2, ME.LOL2] -> LOL3 -> [LO.LOPL3, MEL2]",LO,2,ME.LO,2,LO.LOP,3,ME,2
25841248646,mixed,FF->mix,FF,mix,2,1,1,2282,14,1.6,44456,19.481,LO,3,2,2,"[MEL2, ME.LOPL2] -> LOL3 -> [MEL3, ME.LOL2]",ME,2,ME.LOP,2,ME,3,ME.LO,2
24778385292,mixed,FF->mix,FF,mix,2,1,1,2282,4,1.367,8315,3.644,LO,3,2,2,"[LOL2, LO.LOPL2] -> LOL3 -> [LO.LOPL3, ME.LOPL2]",LO,2,LO.LOP,2,LO.LOP,3,ME.LOP,2
23317944239,mixed,FF->mix,FF,mix,2,1,1,2282,29,1.534,36323,15.917,LO,3,2,2,"[LOL2, ME.LOL2] -> LOL3 -> [MEL2, ME.LOPL3]",LO,2,ME.LO,2,ME,2,ME.LOP,3
23133062004,mixed,FF->mix,FF,mix,2,1,1,2282,17,1.784,42611,18.673,LO,3,2,2,"[MEL2, ME.LOPL2] -> LOL3 -> [ME.LOL2, ME.LOL3]",ME,2,ME.LOP,2,ME.LO,2,ME.LO,3
23121467257,mixed,FF->mix,FF,mix,2,1,1,2282,12,1.934,32365,14.183,LO,3,2,2,"[LOL2, ME.LOPL2] -> LOL3 -> [LO.LOPL3, MEL2]",LO,2,ME.LOP,2,LO.LOP,3,ME,2
18797117812,mixed,FF->mix,FF,mix,2,1,1,2282,14,1.778,31941,13.997,LO,3,2,2,"[LOL2, ME.LOPL2] -> LOL3 -> [MEL2, ME.LOPL3]",LO,2,ME.LOP,2,ME,2,ME.LOP,3
17117774694,mixed,FF->mix,FF,mix,2,1,1,2282,5,1.509,7891,3.458,LO,3,2,2,"[LOL2, LO.LOPL2] -> LOL3 -> [ME.LOPL2, ME.LOPL3]",LO,2,LO.LOP,2,ME.LOP,2,ME.LOP,3
16933634558,mixed,FF->mix,FF,mix,2,1,1,2282,5,1.822,30885,13.534,LO,3,2,2,"[LO.LOPL2, MEL2] -> LOL3 -> [LOL2, LO.LOPL3]",LO.LOP,2,ME,2,LO,2,LO.LOP,3
16368255136,mixed,FF->mix,FF,mix,2,1,1,2282,5,1.555,12697,5.564,LO,3,2,2,"[LOL2, LO.LOPL2] -> LOL3 -> [LO.LOPL3, ME.LOL2]",LO,2,LO.LOP,2,LO.LOP,3,ME.LO,2
15491850012,mixed,FF->mix,FF,mix,2,1,1,2282,3,1.398,8315,3.644,LO,3,2,2,"[LO.LOPL2, ME.LOPL2] -> LOL3 -> [LOL2, LO.LOPL3]",LO.LOP,2,ME.LOP,2,LO,2,LO.LOP,3
14830369999,mixed,FF->mix,FF,mix,2,1,1,2282,3,1.613,12697,5.564,LO,3,2,2,"[LO.LOPL2, ME.LOL2] -> LOL3 -> [LOL2, LO.LOPL3]",LO.LOP,2,ME.LO,2,LO,2,LO.LOP,3
14147062538,mixed,FF->mix,FF,mix,2,1,1,2282,17,1.73,42976,18.833,LO,3,2,2,"[MEL2, ME.LOL2] -> LOL3 -> [LO.LOPL2, MEL3]",ME,2,ME.LO,2,LO.LOP,2,ME,3
12933598695,mixed,FF->mix,FF,mix,2,1,1,2282,15,1.901,41131,18.024,LO,3,2,2,"[MEL2, ME.LOL2] -> LOL3 -> [LO.LOPL2, ME.LOL3]",ME,2,ME.LO,2,LO.LOP,2,ME.LO,3
12577847645,mixed,FF->mix,FF,mix,2,1,1,2282,4,1.961,30461,13.348,LO,3,2,2,"[LO.LOPL2, MEL2] -> LOL3 -> [LOL2, ME.LOPL3]",LO.LOP,2,ME,2,LO,2,ME.LOP,3
11910632144,mixed,FF->mix,FF,mix,2,1,1,2282,10,1.947,38594,16.912,LO,3,2,2,"[MEL2, ME.LOPL2] -> LOL3 -> [LO.LOPL2, MEL3]",ME,2,ME.LOP,2,LO.LOP,2,ME,3
11644041062,mixed,FF->mix,FF,mix,2,1,1,2282,5,1.732,12273,5.378,LO,3,2,2,"[LOL2, LO.LOPL2] -> LOL3 -> [ME.LOL2, ME.LOPL3]",LO,2,LO.LOP,2,ME.LO,2,ME.LOP,3
11384346959,mixed,FF->mix,FF,mix,2,1,1,2282,8,1.999,36749,16.104,LO,3,2,2,"[MEL2, ME.LOPL2] -> LOL3 -> [LO.LOPL2, ME.LOL3]",ME,2,ME.LOP,2,LO.LOP,2,ME.LO,3
10754617825,mixed,FF->mix,FF,mix,2,1,1,2282,4,1.547,7891,3.458,LO,3,2,2,"[LO.LOPL2, ME.LOPL2] -> LOL3 -> [LOL2, ME.LOPL3]",LO.LOP,2,ME.LOP,2,LO,2,ME.LOP,3
10667388960,mixed,FF->mix,FF,mix,2,1,1,1,1,1.0,3623,3623.0,MB_ML.MB_CA,3,2,2,"[MB_CA.MB_MLL2, MB_CA.MB_PEDL2] -> MB_ML.MB_CAL3 -> [MB_CA.MB_MLL3, MB_CA.MB_VLL2]",MB_CA.MB_ML,2,MB_CA.MB_PED,2,MB_CA.MB_ML,3,MB_CA.MB_VL,2
10667388960,mixed,FF->mix,FF,mix,2,1,1,1,1,1.0,3623,3623.0,MB_ML.MB_CA,3,2,2,"[MB_CA.MB_MLL2, MB_CA.MB_VLL2] -> MB_ML.MB_CAL3 -> [MB_CA.MB_MLL3, MB_CA.MB_PEDL2]",MB_CA.MB_ML,2,MB_CA.MB_VL,2,MB_CA.MB_ML,3,MB_CA.MB_PED,2
10667388960,mixed,FF->mix,FF,mix,2,1,1,1,1,1.0,3623,3623.0,MB_ML.MB_CA,3,2,2,"[MB_CA.MB_PEDL2, MB_CA.MB_VLL2] -> MB_ML.MB_CAL3 -> [MB_CA.MB_MLL2, MB_CA.MB_MLL3]",MB_CA.MB_PED,2,MB_CA.MB_VL,2,MB_CA.MB_ML,2,MB_CA.MB_ML,3
10644390919,mixed,FF->mix,FF,mix,2,1,1,2282,4,1.793,12273,5.378,LO,3,2,2,"[LO.LOPL2, ME.LOL2] -> LOL3 -> [LOL2, ME.LOPL3]",LO.LOP,2,ME.LO,2,LO,2,ME.LOP,3
9452711742,mixed,FF->mix,FF,mix,2,1,1,2282,10,1.996,20406,8.942,LO,3,2,2,"[ME.LOL2, ME.LOPL2] -> LOL3 -> [LO.LOPL2, MEL3]",ME.LO,2,ME.LOP,2,LO.LOP,2,ME,3
9396069145,mixed,FF->mix,FF,mix,2,1,1,2282,8,1.901,18561,8.134,LO,3,2,2,"[ME.LOL2, ME.LOPL2] -> LOL3 -> [LO.LOPL2, ME.LOL3]",ME.LO,2,ME.LOP,2,LO.LOP,2,ME.LO,3
9275990400,mixed,FF->mix,FF,mix,2,1,1,1,1,1.0,3712,3712.0,MB_ML.MB_CA,3,2,2,"[MB_CA.MB_MLL2, MB_MLL2] -> MB_ML.MB_CAL3 -> [MB_CA.MB_MLL3, MB_CA.MB_VLL2]",MB_CA.MB_ML,2,MB_ML,2,MB_CA.MB_ML,3,MB_CA.MB_VL,2
9275990400,mixed,FF->mix,FF,mix,2,1,1,1,1,1.0,3712,3712.0,MB_ML.MB_CA,3,2,2,"[MB_CA.MB_VLL2, MB_MLL2] -> MB_ML.MB_CAL3 -> [MB_CA.MB_MLL2, MB_CA.MB_MLL3]",MB_CA.MB_VL,2,MB_ML,2,MB_CA.MB_ML,2,MB_CA.MB_ML,3
8966790720,mixed,FF->mix,FF,mix,2,1,1,1,1,1.0,3712,3712.0,MB_ML.MB_CA,3,2,2,"[MB_CA.MB_MLL2, MB_CA.MB_VLL2] -> MB_ML.MB_CAL3 -> [MB_CA.MB_MLL3, MB_MLL2]",MB_CA.MB_ML,2,MB_CA.MB_VL,2,MB_CA.MB_ML,3,MB_ML,2
8193791520,mixed,FF->mix,FF,mix,2,1,1,1,1,1.0,3690,3690.0,MB_ML.MB_CA,3,2,2,"[AL.MB_CAL2, MB_CA.MB_MLL2] -> MB_ML.MB_CAL3 -> [MB_CA.MB_MLL3, MB_CA.MB_VLL2]",AL.MB_CA,2,MB_CA.MB_ML,2,MB_CA.MB_ML,3,MB_CA.MB_VL,2
8193791520,mixed,FF->mix,FF,mix,2,1,1,1,1,1.0,3690,3690.0,MB_ML.MB_CA,3,2,2,"[AL.MB_CAL2, MB_CA.MB_VLL2] -> MB_ML.MB_CAL3 -> [MB_CA.MB_MLL2, MB_CA.MB_MLL3]",AL.MB_CA,2,MB_CA.MB_VL,2,MB_CA.MB_ML,2,MB_CA.MB_ML,3
8039191680,mixed,FF->mix,FF,mix,2,1,1,1,1,1.0,3690,3690.0,MB_ML.MB_CA,3,2,2,"[MB_CA.MB_MLL2, MB_CA.MB_VLL2] -> MB_ML.MB_CAL3 -> [AL.MB_CAL2, MB_CA.MB_MLL3]",MB_CA.MB_ML,2,MB_CA.MB_VL,2,AL.MB_CA,2,MB_CA.MB_ML,3
6802392960,mixed,FF->mix,FF,mix,2,1,1,1,1,1.0,3605,3605.0,MB_ML.MB_CA,3,2,2,"[MB_CA.CREL2, MB_CA.MB_MLL2] -> MB_ML.MB_CAL3 -> [MB_CA.MB_MLL3, MB_CA.MB_VLL2]",MB_CA.CRE,2,MB_CA.MB_ML,2,MB_CA.MB_ML,3,MB_CA.MB_VL,2
6802392960,mixed,FF->mix,FF,mix,2,1,1,1,1,1.0,3605,3605.0,MB_ML.MB_CA,3,2,2,"[MB_CA.CREL2, MB_CA.MB_VLL2] -> MB_ML.MB_CAL3 -> [MB_CA.MB_MLL2, MB_CA.MB_MLL3]",MB_CA.CRE,2,MB_CA.MB_VL,2,MB_CA.MB_ML,2,MB_CA.MB_ML,3
6647793120,mixed,FF->mix,FF,mix,2,1,1,1,1,1.0,3605,3605.0,MB_ML.MB_CA,3,2,2,"[MB_CA.MB_MLL2, MB_CA.MB_VLL2] -> MB_ML.MB_CAL3 -> [MB_CA.CREL2, MB_CA.MB_MLL3]",MB_CA.MB_ML,2,MB_CA.MB_VL,2,MB_CA.CRE,2,MB_CA.MB_ML,3
6493193280,mixed,FF->mix,FF,mix,2,1,1,1,1,1.0,3755,3755.0,MB_ML.MB_CA,3,2,2,"[AL.LHL2, MB_CA.MB_MLL2] -> MB_ML.MB_CAL3 -> [MB_CA.MB_MLL3, MB_CA.MB_VLL2]",AL.LH,2,MB_CA.MB_ML,2,MB_CA.MB_ML,3,MB_CA.MB_VL,2
6493193280,mixed,FF->mix,FF,mix,2,1,1,1,1,1.0,3755,3755.0,MB_ML.MB_CA,3,2,2,"[AL.LHL2, MB_CA.MB_VLL2] -> MB_ML.MB_CAL3 -> [MB_CA.MB_MLL2, MB_CA.MB_MLL3]",AL.LH,2,MB_CA.MB_VL,2,MB_CA.MB_ML,2,MB_CA.MB_ML,3
6482672143,mixed,FF->mix,FF,mix,2,1,1,2282,19,1.449,44456,19.481,LO,3,2,2,"[ME.LOL2, ME.LOPL2] -> LOL3 -> [MEL2, MEL3]",ME.LO,2,ME.LOP,2,ME,2,ME,3
5927523279,mixed,FF->mix,FF,mix,2,1,1,2282,24,1.208,38992,17.087,LO,3,2,2,"[LOL2, MEL2] -> LOL3 -> [MEL3, ME.LOPL2]",LO,2,ME,2,ME,3,ME.LOP,2
5666600702,mixed,FF->mix,FF,mix,2,1,1,2282,16,1.615,42611,18.673,LO,3,2,2,"[ME.LOL2, ME.LOPL2] -> LOL3 -> [MEL2, ME.LOL3]",ME.LO,2,ME.LOP,2,ME,2,ME.LO,3
5528845779,mixed,FF->mix,FF,mix,2,1,1,2282,313,1.159,43374,19.007,LO,3,2,2,"[MEL2, ME.LOL2] -> LOL3 -> [LOL2, MEL3]",ME,2,ME.LO,2,LO,2,ME,3
5519544643,mixed,FF->mix,FF,mix,2,1,1,2282,144,1.14,43374,19.007,LO,3,2,2,"[LOL2, MEL2] -> LOL3 -> [MEL3, ME.LOL2]",LO,2,ME,2,ME,3,ME.LO,2
5283058140,mixed,FF->mix,FF,mix,2,1,1,1,1,1.0,2087,2087.0,MB_ML.MB_CA,3,2,2,"[MB_CA.MB_MLL2, MB_CA.MB_PEDL2] -> MB_ML.MB_CAL3 -> [MB_CA.MB_VLL2, MB_CA.MB_VLL3]",MB_CA.MB_ML,2,MB_CA.MB_PED,2,MB_CA.MB_VL,2,MB_CA.MB_VL,3
5283058140,mixed,FF->mix,FF,mix,2,1,1,1,1,1.0,2087,2087.0,MB_ML.MB_CA,3,2,2,"[MB_CA.MB_MLL2, MB_CA.MB_VLL2] -> MB_ML.MB_CAL3 -> [MB_CA.MB_PEDL2, MB_CA.MB_VLL3]",MB_CA.MB_ML,2,MB_CA.MB_VL,2,MB_CA.MB_PED,2,MB_CA.MB_VL,3
5283058140,mixed,FF->mix,FF,mix,2,1,1,1,1,1.0,2087,2087.0,MB_ML.MB_CA,3,2,2,"[MB_CA.MB_PEDL2, MB_CA.MB_VLL2] -> MB_ML.MB_CAL3 -> [MB_CA.MB_MLL2, MB_CA.MB_VLL3]",MB_CA.MB_PED,2,MB_CA.MB_VL,2,MB_CA.MB_ML,2,MB_CA.MB_VL,3
5256394560,mixed,FF->mix,FF,mix,2,1,1,1,1,1.0,3755,3755.0,MB_ML.MB_CA,3,2,2,"[MB_CA.MB_MLL2, MB_CA.MB_VLL2] -> MB_ML.MB_CAL3 -> [AL.LHL2, MB_CA.MB_MLL3]",MB_CA.MB_ML,2,MB_CA.MB_VL,2,AL.LH,2,MB_CA.MB_ML,3
5100129655,mixed,FF->mix,FF,mix,2,1,1,2282,4,1.869,36749,16.104,LO,3,2,2,"[LO.LOPL2, MEL2] -> LOL3 -> [ME.LOL3, ME.LOPL2]",LO.LOP,2,ME,2,ME.LO,3,ME.LOP,2
5094381082,mixed,FF->mix,FF,mix,2,1,1,2282,5,1.986,38594,16.912,LO,3,2,2,"[LO.LOPL2, MEL2] -> LOL3 -> [MEL3, ME.LOPL2]",LO.LOP,2,ME,2,ME,3,ME.LOP,2
4973857247,mixed,FF->mix,FF,mix,2,1,1,2282,20,1.298,37147,16.278,LO,3,2,2,"[LOL2, MEL2] -> LOL3 -> [ME.LOL3, ME.LOPL2]",LO,2,ME,2,ME.LO,3,ME.LOP,2
4764607804,mixed,FF->mix,FF,mix,2,1,1,2282,418,1.32,41529,18.199,LO,3,2,2,"[MEL2, ME.LOL2] -> LOL3 -> [LOL2, ME.LOL3]",ME,2,ME.LO,2,LO,2,ME.LO,3
4610187187,mixed,FF->mix,FF,mix,2,1,1,2282,205,1.223,41529,18.199,LO,3,2,2,"[LOL2, MEL2] -> LOL3 -> [ME.LOL2, ME.LOL3]",LO,2,ME,2,ME.LO,2,ME.LO,3
4593963600,mixed,FF->mix,FF,mix,2,1,1,1,1,1.0,2176,2176.0,MB_ML.MB_CA,3,2,2,"[MB_CA.MB_MLL2, MB_MLL2] -> MB_ML.MB_CAL3 -> [MB_CA.MB_VLL2, MB_CA.MB_VLL3]",MB_CA.MB_ML,2,MB_ML,2,MB_CA.MB_VL,2,MB_CA.MB_VL,3
4593963600,mixed,FF->mix,FF,mix,2,1,1,1,1,1.0,2176,2176.0,MB_ML.MB_CA,3,2,2,"[MB_CA.MB_VLL2, MB_MLL2] -> MB_ML.MB_CAL3 -> [MB_CA.MB_MLL2, MB_CA.MB_VLL3]",MB_CA.MB_VL,2,MB_ML,2,MB_CA.MB_ML,2,MB_CA.MB_VL,3
4440831480,mixed,FF->mix,FF,mix,2,1,1,1,1,1.0,2176,2176.0,MB_ML.MB_CA,3,2,2,"[MB_CA.MB_MLL2, MB_CA.MB_VLL2] -> MB_ML.MB_CAL3 -> [MB_CA.MB_VLL3, MB_MLL2]",MB_CA.MB_ML,2,MB_CA.MB_VL,2,MB_CA.MB_VL,3,MB_ML,2
4425078493,mixed,FF->mix,FF,mix,2,1,1,2282,4,1.664,18561,8.134,LO,3,2,2,"[LO.LOPL2, ME.LOL2] -> LOL3 -> [ME.LOL3, ME.LOPL2]",LO.LOP,2,ME.LO,2,ME.LO,3,ME.LOP,2
4272600960,mixed,FF->mix,FF,mix,2,1,1,52,1,1.0,3410,65.577,MB_ML,3,2,2,"[AL.MB_CAL2, MB_MLL2] -> MB_MLL3 -> [MB_CA.MB_MLL2, MB_CA.MB_MLL3]",AL.MB_CA,2,MB_ML,2,MB_CA.MB_ML,2,MB_CA.MB_ML,3
4262682326,mixed,FF->mix,FF,mix,2,1,1,2282,5,1.845,20406,8.942,LO,3,2,2,"[LO.LOPL2, ME.LOL2] -> LOL3 -> [MEL3, ME.LOPL2]",LO.LOP,2,ME.LO,2,ME,3,ME.LOP,2
4213259280,mixed,FF->mix,FF,mix,2,1,1,52,1,1.0,3410,65.577,MB_ML,3,2,2,"[MB_CA.MB_MLL2, MB_MLL2] -> MB_MLL3 -> [AL.MB_CAL2, MB_CA.MB_MLL3]",MB_CA.MB_ML,2,MB_ML,2,AL.MB_CA,2,MB_CA.MB_ML,3
4169646720,mixed,FF->mix,FF,mix,2,1,1,52,1,1.0,3410,65.577,MB_ML,3,2,2,"[AL.MB_CAL2, MB_CA.MB_MLL2] -> MB_MLL3 -> [MB_CA.MB_MLL3, MB_MLL2]",AL.MB_CA,2,MB_CA.MB_ML,2,MB_CA.MB_ML,3,MB_ML,2
4058001180,mixed,FF->mix,FF,mix,2,1,1,1,1,1.0,2154,2154.0,MB_ML.MB_CA,3,2,2,"[AL.MB_CAL2, MB_CA.MB_MLL2] -> MB_ML.MB_CAL3 -> [MB_CA.MB_VLL2, MB_CA.MB_VLL3]",AL.MB_CA,2,MB_CA.MB_ML,2,MB_CA.MB_VL,2,MB_CA.MB_VL,3
4058001180,mixed,FF->mix,FF,mix,2,1,1,1,1,1.0,2154,2154.0,MB_ML.MB_CA,3,2,2,"[AL.MB_CAL2, MB_CA.MB_VLL2] -> MB_ML.MB_CAL3 -> [MB_CA.MB_MLL2, MB_CA.MB_VLL3]",AL.MB_CA,2,MB_CA.MB_VL,2,MB_CA.MB_ML,2,MB_CA.MB_VL,3
4046241271,mixed,FF->mix,FF,mix,2,1,1,2282,24,1.313,20804,9.117,LO,3,2,2,"[LOL2, ME.LOL2] -> LOL3 -> [MEL3, ME.LOPL2]",LO,2,ME.LO,2,ME,3,ME.LOP,2
4015119830,mixed,FF->mix,FF,mix,2,1,1,2282,4,1.915,30885,13.534,LO,3,2,2,"[LOL2, LO.LOPL2] -> LOL3 -> [LO.LOPL3, MEL2]",LO,2,LO.LOP,2,LO.LOP,3,ME,2
3981435120,mixed,FF->mix,FF,mix,2,1,1,1,1,1.0,2154,2154.0,MB_ML.MB_CA,3,2,2,"[MB_CA.MB_MLL2, MB_CA.MB_VLL2] -> MB_ML.MB_CAL3 -> [AL.MB_CAL2, MB_CA.MB_VLL3]",MB_CA.MB_ML,2,MB_CA.MB_VL,2,AL.MB_CA,2,MB_CA.MB_VL,3
3952036517,mixed,FF->mix,FF,mix,2,1,1,2282,18,1.191,38992,17.087,LO,3,2,2,"[MEL2, ME.LOPL2] -> LOL3 -> [LOL2, MEL3]",ME,2,ME.LOP,2,LO,2,ME,3
3908139354,mixed,FF->mix,FF,mix,2,1,1,2282,11,1.958,42976,18.833,LO,3,2,2,"[LO.LOPL2, MEL2] -> LOL3 -> [MEL3, ME.LOL2]",LO.LOP,2,ME,2,ME,3,ME.LO,2
3748616393,mixed,FF->mix,FF,mix,2,1,1,2282,12,1.997,41131,18.024,LO,3,2,2,"[LO.LOPL2, MEL2] -> LOL3 -> [ME.LOL2, ME.LOL3]",LO.LOP,2,ME,2,ME.LO,2,ME.LO,3
3458823646,mixed,FF->mix,FF,mix,2,1,1,2282,20,1.442,18959,8.308,LO,3,2,2,"[LOL2, ME.LOL2] -> LOL3 -> [ME.LOL3, ME.LOPL2]",LO,2,ME.LO,2,ME.LO,3,ME.LOP,2
3368906640,mixed,FF->mix,FF,mix,2,1,1,1,1,1.0,2069,2069.0,MB_ML.MB_CA,3,2,2,"[MB_CA.CREL2, MB_CA.MB_MLL2] -> MB_ML.MB_CAL3 -> [MB_CA.MB_VLL2, MB_CA.MB_VLL3]",MB_CA.CRE,2,MB_CA.MB_ML,2,MB_CA.MB_VL,2,MB_CA.MB_VL,3
3368906640,mixed,FF->mix,FF,mix,2,1,1,1,1,1.0,2069,2069.0,MB_ML.MB_CA,3,2,2,"[MB_CA.CREL2, MB_CA.MB_VLL2] -> MB_ML.MB_CAL3 -> [MB_CA.MB_MLL2, MB_CA.MB_VLL3]",MB_CA.CRE,2,MB_CA.MB_VL,2,MB_CA.MB_ML,2,MB_CA.MB_VL,3
3325328739,mixed,FF->mix,FF,mix,2,1,1,2282,7,1.0,31184,13.665,LO,3,2,2,"[GNG.MEL2, MEL2] -> LOL3 -> [LO.LOPL3, ME.LOPL2]",GNG.ME,2,ME,2,LO.LOP,3,ME.LOP,2
3306078384,mixed,FF->mix,FF,mix,2,1,1,2282,7,1.0,12996,5.695,LO,3,2,2,"[GNG.MEL2, ME.LOL2] -> LOL3 -> [LO.LOPL3, ME.LOPL2]",GNG.ME,2,ME.LO,2,LO.LOP,3,ME.LOP,2
3305903694,mixed,FF->mix,FF,mix,2,1,1,2282,20,1.274,37147,16.278,LO,3,2,2,"[MEL2, ME.LOPL2] -> LOL3 -> [LOL2, ME.LOL3]",ME,2,ME.LOP,2,LO,2,ME.LO,3
3292340580,mixed,FF->mix,FF,mix,2,1,1,1,1,1.0,2069,2069.0,MB_ML.MB_CA,3,2,2,"[MB_CA.MB_MLL2, MB_CA.MB_VLL2] -> MB_ML.MB_CAL3 -> [MB_CA.CREL2, MB_CA.MB_VLL3]",MB_CA.MB_ML,2,MB_CA.MB_VL,2,MB_CA.CRE,2,MB_CA.MB_VL,3
3215774520,mixed,FF->mix,FF,mix,2,1,1,1,1,1.0,2219,2219.0,MB_ML.MB_CA,3,2,2,"[AL.LHL2, MB_CA.MB_MLL2] -> MB_ML.MB_CAL3 -> [MB_CA.MB_VLL2, MB_CA.MB_VLL3]",AL.LH,2,MB_CA.MB_ML,2,MB_CA.MB_VL,2,MB_CA.MB_VL,3
3215774520,mixed,FF->mix,FF,mix,2,1,1,1,1,1.0,2219,2219.0,MB_ML.MB_CA,3,2,2,"[AL.LHL2, MB_CA.MB_VLL2] -> MB_ML.MB_CAL3 -> [MB_CA.MB_MLL2, MB_CA.MB_VLL3]",AL.LH,2,MB_CA.MB_VL,2,MB_CA.MB_ML,2,MB_CA.MB_VL,3
3071142675,mixed,FF->mix,FF,mix,2,1,1,2282,5,1.646,18561,8.134,LO,3,2,2,"[LO.LOPL2, ME.LOPL2] -> LOL3 -> [ME.LOL2, ME.LOL3]",LO.LOP,2,ME.LOP,2,ME.LO,2,ME.LO,3
3039676162,mixed,FF->mix,FF,mix,2,1,1,2282,5,1.998,30461,13.348,LO,3,2,2,"[LOL2, LO.LOPL2] -> LOL3 -> [MEL2, ME.LOPL3]",LO,2,LO.LOP,2,ME,2,ME.LOP,3
2950042842,mixed,FF->mix,FF,mix,2,1,1,2282,5,1.829,20406,8.942,LO,3,2,2,"[LO.LOPL2, ME.LOPL2] -> LOL3 -> [MEL3, ME.LOL2]",LO.LOP,2,ME.LOP,2,ME,3,ME.LO,2
2749738850,mixed,FF->mix,FF,mix,2,1,1,2282,14,1.324,20804,9.117,LO,3,2,2,"[LOL2, ME.LOPL2] -> LOL3 -> [MEL3, ME.LOL2]",LO,2,ME.LOP,2,ME,3,ME.LO,2
2687960271,mixed,FF->mix,FF,mix,2,1,1,2282,19,1.289,20804,9.117,LO,3,2,2,"[ME.LOL2, ME.LOPL2] -> LOL3 -> [LOL2, MEL3]",ME.LO,2,ME.LOP,2,LO,2,ME,3
2603246040,mixed,FF->mix,FF,mix,2,1,1,1,1,1.0,2219,2219.0,MB_ML.MB_CA,3,2,2,"[MB_CA.MB_MLL2, MB_CA.MB_VLL2] -> MB_ML.MB_CAL3 -> [AL.LHL2, MB_CA.MB_VLL3]",MB_CA.MB_ML,2,MB_CA.MB_VL,2,AL.LH,2,MB_CA.MB_VL,3
2582453340,mixed,FF->mix,FF,mix,2,1,1,1,1,1.0,1948,1948.0,MB_ML.MB_CA,3,2,2,"[MB_CA.MB_MLL2, MB_CA.MB_PEDL2] -> MB_ML.MB_CAL3 -> [MB_CA.MB_PEDL3, MB_CA.MB_VLL2]",MB_CA.MB_ML,2,MB_CA.MB_PED,2,MB_CA.MB_PED,3,MB_CA.MB_VL,2
2582453340,mixed,FF->mix,FF,mix,2,1,1,1,1,1.0,1948,1948.0,MB_ML.MB_CA,3,2,2,"[MB_CA.MB_MLL2, MB_CA.MB_VLL2] -> MB_ML.MB_CAL3 -> [MB_CA.MB_PEDL2, MB_CA.MB_PEDL3]",MB_CA.MB_ML,2,MB_CA.MB_VL,2,MB_CA.MB_PED,2,MB_CA.MB_PED,3
2582453340,mixed,FF->mix,FF,mix,2,1,1,1,1,1.0,1948,1948.0,MB_ML.MB_CA,3,2,2,"[MB_CA.MB_PEDL2, MB_CA.MB_VLL2] -> MB_ML.MB_CAL3 -> [MB_CA.MB_MLL2, MB_CA.MB_PEDL3]",MB_CA.MB_PED,2,MB_CA.MB_VL,2,MB_CA.MB_ML,2,MB_CA.MB_PED,3
2492350560,mixed,FF->mix,FF,mix,2,1,1,52,1,1.0,3712,71.385,MB_ML,3,2,2,"[MB_CA.MB_VLL2, MB_MLL2] -> MB_MLL3 -> [MB_CA.MB_MLL2, MB_CA.MB_MLL3]",MB_CA.MB_VL,2,MB_ML,2,MB_CA.MB_ML,2,MB_CA.MB_ML,3
2433008880,mixed,FF->mix,FF,mix,2,1,1,52,1,1.0,3712,71.385,MB_ML,3,2,2,"[MB_CA.MB_MLL2, MB_MLL2] -> MB_MLL3 -> [MB_CA.MB_MLL3, MB_CA.MB_VLL2]",MB_CA.MB_ML,2,MB_ML,2,MB_CA.MB_ML,3,MB_CA.MB_VL,2
2432293920,mixed,FF->mix,FF,mix,2,1,1,52,1,1.0,3712,71.385,MB_ML,3,2,2,"[MB_CA.MB_MLL2, MB_CA.MB_VLL2] -> MB_MLL3 -> [MB_CA.MB_MLL3, MB_MLL2]",MB_CA.MB_ML,2,MB_CA.MB_VL,2,MB_CA.MB_ML,3,MB_ML,2
2419916438,mixed,FF->mix,FF,mix,2,1,1,2282,21,1.754,31184,13.665,LO,3,2,2,"[AVLP.MEL2, MEL2] -> LOL3 -> [LO.LOPL3, ME.LOPL2]",AVLP.ME,2,ME,2,LO.LOP,3,ME.LOP,2
2354854132,mixed,FF->mix,FF,mix,2,1,1,2282,17,1.457,18959,8.308,LO,3,2,2,"[LOL2, ME.LOPL2] -> LOL3 -> [ME.LOL2, ME.LOL3]",LO,2,ME.LOP,2,ME.LO,2,ME.LO,3
2316961090,mixed,FF->mix,FF,mix,2,1,1,2282,3,1.0,12996,5.695,LO,3,2,2,"[GNG.MEL2, ME.LOPL2] -> LOL3 -> [LO.LOPL3, ME.LOL2]",GNG.ME,2,ME.LOP,2,LO.LOP,3,ME.LO,2
2287999145,mixed,FF->mix,FF,mix,2,1,1,2282,21,1.409,18959,8.308,LO,3,2,2,"[ME.LOL2, ME.LOPL2] -> LOL3 -> [LOL2, ME.LOL3]",ME.LO,2,ME.LOP,2,LO,2,ME.LO,3
2245611600,mixed,FF->mix,FF,mix,2,1,1,1,1,1.0,2037,2037.0,MB_ML.MB_CA,3,2,2,"[MB_CA.MB_MLL2, MB_MLL2] -> MB_ML.MB_CAL3 -> [MB_CA.MB_PEDL3, MB_CA.MB_VLL2]",MB_CA.MB_ML,2,MB_ML,2,MB_CA.MB_PED,3,MB_CA.MB_VL,2
2245611600,mixed,FF->mix,FF,mix,2,1,1,1,1,1.0,2037,2037.0,MB_ML.MB_CA,3,2,2,"[MB_CA.MB_VLL2, MB_MLL2] -> MB_ML.MB_CAL3 -> [MB_CA.MB_MLL2, MB_CA.MB_PEDL3]",MB_CA.MB_VL,2,MB_ML,2,MB_CA.MB_ML,2,MB_CA.MB_PED,3
2170757880,mixed,FF->mix,FF,mix,2,1,1,1,1,1.0,2037,2037.0,MB_ML.MB_CA,3,2,2,"[MB_CA.MB_MLL2, MB_CA.MB_VLL2] -> MB_ML.MB_CAL3 -> [MB_CA.MB_PEDL3, MB_MLL2]",MB_CA.MB_ML,2,MB_CA.MB_VL,2,MB_CA.MB_PED,3,MB_ML,2
2164397760,mixed,FF->mix,FF,mix,2,1,1,1,1,1.0,3568,3568.0,MB_ML.MB_CA,3,2,2,"[MB_CA.MB_MLL2, MB_CA.MB_VLL2] -> MB_ML.MB_CAL3 -> [MB_CA.MB_MLL3, MB_VL.MB_MLL2]",MB_CA.MB_ML,2,MB_CA.MB_VL,2,MB_CA.MB_ML,3,MB_VL.MB_ML,2
2164397760,mixed,FF->mix,FF,mix,2,1,1,1,1,1.0,3568,3568.0,MB_ML.MB_CA,3,2,2,"[MB_CA.MB_MLL2, MB_VL.MB_MLL2] -> MB_ML.MB_CAL3 -> [MB_CA.MB_MLL3, MB_CA.MB_VLL2]",MB_CA.MB_ML,2,MB_VL.MB_ML,2,MB_CA.MB_ML,3,MB_CA.MB_VL,2
2164397760,mixed,FF->mix,FF,mix,2,1,1,1,1,1.0,3568,3568.0,MB_ML.MB_CA,3,2,2,"[MB_CA.MB_VLL2, MB_VL.MB_MLL2] -> MB_ML.MB_CAL3 -> [MB_CA.MB_MLL2, MB_CA.MB_MLL3]",MB_CA.MB_VL,2,MB_VL.MB_ML,2,MB_CA.MB_ML,2,MB_CA.MB_ML,3
2162039040,mixed,FF->mix,FF,mix,2,1,1,52,1,1.0,3690,70.962,MB_ML,3,2,2,"[AL.MB_CAL2, MB_CA.MB_VLL2] -> MB_MLL3 -> [MB_CA.MB_MLL2, MB_CA.MB_MLL3]",AL.MB_CA,2,MB_CA.MB_VL,2,MB_CA.MB_ML,2,MB_CA.MB_ML,3
2147299750,mixed,FF->mix,FF,mix,2,1,1,2282,10,1.0,30760,13.479,LO,3,2,2,"[GNG.MEL2, MEL2] -> LOL3 -> [ME.LOPL2, ME.LOPL3]",GNG.ME,2,ME,2,ME.LOP,2,ME.LOP,3
2145159408,mixed,FF->mix,FF,mix,2,1,1,2282,21,1.547,12996,5.695,LO,3,2,2,"[AVLP.MEL2, ME.LOL2] -> LOL3 -> [LO.LOPL3, ME.LOPL2]",AVLP.ME,2,ME.LO,2,LO.LOP,3,ME.LOP,2
2134867513,mixed,FF->mix,FF,mix,2,1,1,2282,10,1.0,12572,5.509,LO,3,2,2,"[GNG.MEL2, ME.LOL2] -> LOL3 -> [ME.LOPL2, ME.LOPL3]",GNG.ME,2,ME.LO,2,ME.LOP,2,ME.LOP,3
2132010720,mixed,FF->mix,FF,mix,2,1,1,52,1,1.0,3690,70.962,MB_ML,3,2,2,"[MB_CA.MB_MLL2, MB_CA.MB_VLL2] -> MB_MLL3 -> [AL.MB_CAL2, MB_CA.MB_MLL3]",MB_CA.MB_ML,2,MB_CA.MB_VL,2,AL.MB_CA,2,MB_CA.MB_ML,3
2110561920,mixed,FF->mix,FF,mix,2,1,1,52,1,1.0,3690,70.962,MB_ML,3,2,2,"[AL.MB_CAL2, MB_CA.MB_MLL2] -> MB_MLL3 -> [MB_CA.MB_MLL3, MB_CA.MB_VLL2]",AL.MB_CA,2,MB_CA.MB_ML,2,MB_CA.MB_ML,3,MB_CA.MB_VL,2
2108121858,mixed,FF->mix,FF,mix,2,1,1,2282,18,1.278,37512,16.438,LO,3,2,2,"[LOL2, MEL2] -> LOL3 -> [LO.LOPL2, MEL3]",LO,2,ME,2,LO.LOP,2,ME,3
2006296752,mixed,FF->mix,FF,mix,2,1,1,2282,7,1.0,35566,15.585,LO,3,2,2,"[GNG.MEL2, MEL2] -> LOL3 -> [LO.LOPL3, ME.LOL2]",GNG.ME,2,ME,2,LO.LOP,3,ME.LO,2
1983623580,mixed,FF->mix,FF,mix,2,1,1,1,1,1.0,2015,2015.0,MB_ML.MB_CA,3,2,2,"[AL.MB_CAL2, MB_CA.MB_MLL2] -> MB_ML.MB_CAL3 -> [MB_CA.MB_PEDL3, MB_CA.MB_VLL2]",AL.MB_CA,2,MB_CA.MB_ML,2,MB_CA.MB_PED,3,MB_CA.MB_VL,2
1983623580,mixed,FF->mix,FF,mix,2,1,1,1,1,1.0,2015,2015.0,MB_ML.MB_CA,3,2,2,"[AL.MB_CAL2, MB_CA.MB_VLL2] -> MB_ML.MB_CAL3 -> [MB_CA.MB_MLL2, MB_CA.MB_PEDL3]",AL.MB_CA,2,MB_CA.MB_VL,2,MB_CA.MB_ML,2,MB_CA.MB_PED,3
1946196720,mixed,FF->mix,FF,mix,2,1,1,1,1,1.0,2015,2015.0,MB_ML.MB_CA,3,2,2,"[MB_CA.MB_MLL2, MB_CA.MB_VLL2] -> MB_ML.MB_CAL3 -> [AL.MB_CAL2, MB_CA.MB_PEDL3]",MB_CA.MB_ML,2,MB_CA.MB_VL,2,AL.MB_CA,2,MB_CA.MB_PED,3
1855198080,mixed,FF->mix,FF,mix,2,1,1,1,1,1.0,3574,3574.0,MB_ML.MB_CA,3,2,2,"[MB_CAL2, MB_CA.MB_MLL2] -> MB_ML.MB_CAL3 -> [MB_CA.MB_MLL3, MB_CA.MB_VLL2]",MB_CA,2,MB_CA.MB_ML,2,MB_CA.MB_ML,3,MB_CA.MB_VL,2
1855198080,mixed,FF->mix,FF,mix,2,1,1,1,1,1.0,3574,3574.0,MB_ML.MB_CA,3,2,2,"[MB_CAL2, MB_CA.MB_VLL2] -> MB_ML.MB_CAL3 -> [MB_CA.MB_MLL2, MB_CA.MB_MLL3]",MB_CA,2,MB_CA.MB_VL,2,MB_CA.MB_ML,2,MB_CA.MB_ML,3
1855198080,mixed,FF->mix,FF,mix,2,1,1,1,1,1.0,3574,3574.0,MB_ML.MB_CA,3,2,2,"[MB_CA.MB_MLL2, MB_CA.MB_VLL2] -> MB_ML.MB_CAL3 -> [MB_CAL2, MB_CA.MB_MLL3]",MB_CA.MB_ML,2,MB_CA.MB_VL,2,MB_CA,2,MB_CA.MB_ML,3
1855198080,mixed,FF->mix,FF,mix,2,1,1,1,1,1.0,3561,3561.0,MB_ML.MB_CA,3,2,2,"[MB_CA.MB_MLL2, MB_CA.MB_VLL2] -> MB_ML.MB_CAL3 -> [MB_CA.MB_MLL3, MB_ML.MB_VLL2]",MB_CA.MB_ML,2,MB_CA.MB_VL,2,MB_CA.MB_ML,3,MB_ML.MB_VL,2
1855198080,mixed,FF->mix,FF,mix,2,1,1,1,1,1.0,3561,3561.0,MB_ML.MB_CA,3,2,2,"[MB_CA.MB_MLL2, MB_ML.MB_VLL2] -> MB_ML.MB_CAL3 -> [MB_CA.MB_MLL3, MB_CA.MB_VLL2]",MB_CA.MB_ML,2,MB_ML.MB_VL,2,MB_CA.MB_ML,3,MB_CA.MB_VL,2
1855198080,mixed,FF->mix,FF,mix,2,1,1,1,1,1.0,3561,3561.0,MB_ML.MB_CA,3,2,2,"[MB_CA.MB_VLL2, MB_ML.MB_VLL2] -> MB_ML.MB_CAL3 -> [MB_CA.MB_MLL2, MB_CA.MB_MLL3]",MB_CA.MB_VL,2,MB_ML.MB_VL,2,MB_CA.MB_ML,2,MB_CA.MB_ML,3
1791118482,mixed,FF->mix,FF,mix,2,1,1,2282,14,1.394,35667,15.63,LO,3,2,2,"[LOL2, MEL2] -> LOL3 -> [LO.LOPL2, ME.LOL3]",LO,2,ME,2,LO.LOP,2,ME.LO,3
1783099134,mixed,FF->mix,FF,mix,2,1,1,2282,4,1.0,7134,3.126,LO,3,2,2,"[GNG.MEL2, ME.LOPL2] -> LOL3 -> [LO.LOPL2, LO.LOPL3]",GNG.ME,2,ME.LOP,2,LO.LOP,2,LO.LOP,3
1776299140,mixed,FF->mix,FF,mix,2,1,1,2282,23,1.916,30760,13.479,LO,3,2,2,"[AVLP.MEL2, MEL2] -> LOL3 -> [ME.LOPL2, ME.LOPL3]",AVLP.ME,2,ME,2,ME.LOP,2,ME.LOP,3
1731276789,mixed,FF->mix,FF,mix,2,1,1,2282,18,1.951,35566,15.585,LO,3,2,2,"[AVLP.MEL2, MEL2] -> LOL3 -> [LO.LOPL3, ME.LOL2]",AVLP.ME,2,ME,2,LO.LOP,3,ME.LO,2
1646781840,mixed,FF->mix,FF,mix,2,1,1,1,1,1.0,1930,1930.0,MB_ML.MB_CA,3,2,2,"[MB_CA.CREL2, MB_CA.MB_MLL2] -> MB_ML.MB_CAL3 -> [MB_CA.MB_PEDL3, MB_CA.MB_VLL2]",MB_CA.CRE,2,MB_CA.MB_ML,2,MB_CA.MB_PED,3,MB_CA.MB_VL,2
1646781840,mixed,FF->mix,FF,mix,2,1,1,1,1,1.0,1930,1930.0,MB_ML.MB_CA,3,2,2,"[MB_CA.CREL2, MB_CA.MB_VLL2] -> MB_ML.MB_CAL3 -> [MB_CA.MB_MLL2, MB_CA.MB_PEDL3]",MB_CA.CRE,2,MB_CA.MB_VL,2,MB_CA.MB_ML,2,MB_CA.MB_PED,3
1609354980,mixed,FF->mix,FF,mix,2,1,1,1,1,1.0,1930,1930.0,MB_ML.MB_CA,3,2,2,"[MB_CA.MB_MLL2, MB_CA.MB_VLL2] -> MB_ML.MB_CAL3 -> [MB_CA.CREL2, MB_CA.MB_PEDL3]",MB_CA.MB_ML,2,MB_CA.MB_VL,2,MB_CA.CRE,2,MB_CA.MB_PED,3
1580353920,mixed,FF->mix,FF,mix,2,1,1,1,1,1.0,3343,3343.0,MB_ML.MB_CA,3,2,2,"[MB_CA.MB_MLL2, MB_MLL2] -> MB_ML.MB_CAL3 -> [MB_CA.MB_MLL3, MB_CA.MB_PEDL2]",MB_CA.MB_ML,2,MB_ML,2,MB_CA.MB_ML,3,MB_CA.MB_PED,2
1580353920,mixed,FF->mix,FF,mix,2,1,1,1,1,1.0,3343,3343.0,MB_ML.MB_CA,3,2,2,"[MB_CA.MB_PEDL2, MB_MLL2] -> MB_ML.MB_CAL3 -> [MB_CA.MB_MLL2, MB_CA.MB_MLL3]",MB_CA.MB_PED,2,MB_ML,2,MB_CA.MB_ML,2,MB_CA.MB_ML,3
1571928120,mixed,FF->mix,FF,mix,2,1,1,1,1,1.0,2080,2080.0,MB_ML.MB_CA,3,2,2,"[AL.LHL2, MB_CA.MB_MLL2] -> MB_ML.MB_CAL3 -> [MB_CA.MB_PEDL3, MB_CA.MB_VLL2]",AL.LH,2,MB_CA.MB_ML,2,MB_CA.MB_PED,3,MB_CA.MB_VL,2
1571928120,mixed,FF->mix,FF,mix,2,1,1,1,1,1.0,2080,2080.0,MB_ML.MB_CA,3,2,2,"[AL.LHL2, MB_CA.MB_VLL2] -> MB_ML.MB_CAL3 -> [MB_CA.MB_MLL2, MB_CA.MB_PEDL3]",AL.LH,2,MB_CA.MB_VL,2,MB_CA.MB_ML,2,MB_CA.MB_PED,3
1544020237,mixed,FF->mix,FF,mix,2,1,1,2282,6,1.0,29704,13.017,LO,3,2,2,"[GNG.MEL2, MEL2] -> LOL3 -> [LO.LOPL2, LO.LOPL3]",GNG.ME,2,ME,2,LO.LOP,2,LO.LOP,3
1535074365,mixed,FF->mix,FF,mix,2,1,1,2282,5,1.0,11516,5.046,LO,3,2,2,"[GNG.MEL2, ME.LOL2] -> LOL3 -> [LO.LOPL2, LO.LOPL3]",GNG.ME,2,ME.LO,2,LO.LOP,2,LO.LOP,3
1527675456,mixed,FF->mix,FF,mix,2,1,1,1,1,1.0,3343,3343.0,MB_ML.MB_CA,3,2,2,"[MB_CA.MB_MLL2, MB_CA.MB_PEDL2] -> MB_ML.MB_CAL3 -> [MB_CA.MB_MLL3, MB_MLL2]",MB_CA.MB_ML,2,MB_CA.MB_PED,2,MB_CA.MB_ML,3,MB_ML,2
1524068817,mixed,FF->mix,FF,mix,2,1,1,2282,23,1.723,12572,5.509,LO,3,2,2,"[AVLP.MEL2, ME.LOL2] -> LOL3 -> [ME.LOPL2, ME.LOPL3]",AVLP.ME,2,ME.LO,2,ME.LOP,2,ME.LOP,3
1496154343,mixed,FF->mix,FF,mix,2,1,1,2282,4,1.0,12572,5.509,LO,3,2,2,"[GNG.MEL2, ME.LOPL2] -> LOL3 -> [ME.LOL2, ME.LOPL3]",GNG.ME,2,ME.LOP,2,ME.LO,2,ME.LOP,3
1491234717,mixed,FF->mix,FF,mix,2,1,1,2282,8,1.531,12996,5.695,LO,3,2,2,"[AVLP.MEL2, ME.LOPL2] -> LOL3 -> [LO.LOPL3, ME.LOL2]",AVLP.ME,2,ME.LOP,2,LO.LOP,3,ME.LO,2
1473888419,mixed,FF->mix,FF,mix,2,1,1,2282,158,1.115,43374,19.007,LO,3,2,2,"[LOL2, ME.LOL2] -> LOL3 -> [MEL2, MEL3]",LO,2,ME.LO,2,ME,2,ME,3
1460135228,mixed,FF->mix,FF,mix,2,1,1,2282,19,1.414,19324,8.468,LO,3,2,2,"[LOL2, ME.LOL2] -> LOL3 -> [LO.LOPL2, MEL3]",LO,2,ME.LO,2,LO.LOP,2,ME,3
1395979296,mixed,FF->mix,FF,mix,2,1,1,1,1,1.0,3321,3321.0,MB_ML.MB_CA,3,2,2,"[AL.MB_CAL2, MB_CA.MB_MLL2] -> MB_ML.MB_CAL3 -> [MB_CA.MB_MLL3, MB_CA.MB_PEDL2]",AL.MB_CA,2,MB_CA.MB_ML,2,MB_CA.MB_ML,3,MB_CA.MB_PED,2
1395979296,mixed,FF->mix,FF,mix,2,1,1,1,1,1.0,3321,3321.0,MB_ML.MB_CA,3,2,2,"[AL.MB_CAL2, MB_CA.MB_PEDL2] -> MB_ML.MB_CAL3 -> [MB_CA.MB_MLL2, MB_CA.MB_MLL3]",AL.MB_CA,2,MB_CA.MB_PED,2,MB_CA.MB_ML,2,MB_CA.MB_ML,3
1369640064,mixed,FF->mix,FF,mix,2,1,1,1,1,1.0,3321,3321.0,MB_ML.MB_CA,3,2,2,"[MB_CA.MB_MLL2, MB_CA.MB_PEDL2] -> MB_ML.MB_CAL3 -> [AL.MB_CAL2, MB_CA.MB_MLL3]",MB_CA.MB_ML,2,MB_CA.MB_PED,2,AL.MB_CA,2,MB_CA.MB_ML,3
1323395639,mixed,FF->mix,FF,mix,2,1,1,2282,18,1.999,35142,15.4,LO,3,2,2,"[AVLP.MEL2, MEL2] -> LOL3 -> [ME.LOL2, ME.LOPL3]",AVLP.ME,2,ME,2,ME.LO,2,ME.LOP,3
1295545197,mixed,FF->mix,FF,mix,2,1,1,2282,7,1.0,35142,15.4,LO,3,2,2,"[GNG.MEL2, MEL2] -> LOL3 -> [ME.LOL2, ME.LOPL3]",GNG.ME,2,ME,2,ME.LO,2,ME.LOP,3
1272513240,mixed,FF->mix,FF,mix,2,1,1,1,1,1.0,2080,2080.0,MB_ML.MB_CA,3,2,2,"[MB_CA.MB_MLL2, MB_CA.MB_VLL2] -> MB_ML.MB_CAL3 -> [AL.LHL2, MB_CA.MB_PEDL3]",MB_CA.MB_ML,2,MB_CA.MB_VL,2,AL.LH,2,MB_CA.MB_PED,3
1269143317,mixed,FF->mix,FF,mix,2,1,1,2282,16,1.572,17479,7.66,LO,3,2,2,"[LOL2, ME.LOL2] -> LOL3 -> [LO.LOPL2, ME.LOL3]",LO,2,ME.LO,2,LO.LOP,2,ME.LO,3
1236798720,mixed,FF->mix,FF,mix,2,1,1,1,1,1.0,4454,4454.0,MB_ML.MB_CA,3,2,2,"[ALL2, MB_CA.MB_MLL2] -> MB_ML.MB_CAL3 -> [MB_CA.MB_MLL3, MB_CA.MB_VLL2]",AL,2,MB_CA.MB_ML,2,MB_CA.MB_ML,3,MB_CA.MB_VL,2
1236798720,mixed,FF->mix,FF,mix,2,1,1,1,1,1.0,4454,4454.0,MB_ML.MB_CA,3,2,2,"[ALL2, MB_CA.MB_VLL2] -> MB_ML.MB_CAL3 -> [MB_CA.MB_MLL2, MB_CA.MB_MLL3]",AL,2,MB_CA.MB_VL,2,MB_CA.MB_ML,2,MB_CA.MB_ML,3
1235382685,mixed,FF->mix,FF,mix,2,1,1,2282,190,1.206,41529,18.199,LO,3,2,2,"[LOL2, ME.LOL2] -> LOL3 -> [MEL2, ME.LOL3]",LO,2,ME.LO,2,ME,2,ME.LO,3
1229662941,mixed,FF->mix,FF,mix,2,1,1,2282,5,1.0,31206,13.675,LO,3,2,2,"[MEL2, ME.LOPL2] -> LOL3 -> [LO.AVLPL2, LO.LOPL3]",ME,2,ME.LOP,2,LO.AVLP,2,LO.LOP,3
1222544483,mixed,FF->mix,FF,mix,2,1,1,2282,5,1.0,13018,5.705,LO,3,2,2,"[ME.LOL2, ME.LOPL2] -> LOL3 -> [LO.AVLPL2, LO.LOPL3]",ME.LO,2,ME.LOP,2,LO.AVLP,2,LO.LOP,3
1213895040,mixed,FF->mix,FF,mix,2,1,1,1,1,1.0,3410,3410.0,MB_ML.MB_CA,3,2,2,"[AL.MB_CAL2, MB_MLL2] -> MB_ML.MB_CAL3 -> [MB_CA.MB_MLL2, MB_CA.MB_MLL3]",AL.MB_CA,2,MB_ML,2,MB_CA.MB_ML,2,MB_CA.MB_ML,3
1190991360,mixed,FF->mix,FF,mix,2,1,1,1,1,1.0,3410,3410.0,MB_ML.MB_CA,3,2,2,"[MB_CA.MB_MLL2, MB_MLL2] -> MB_ML.MB_CAL3 -> [AL.MB_CAL2, MB_CA.MB_MLL3]",MB_CA.MB_ML,2,MB_ML,2,AL.MB_CA,2,MB_CA.MB_ML,3
1173431872,mixed,FF->mix,FF,mix,2,1,1,1,1,1.0,3410,3410.0,MB_ML.MB_CA,3,2,2,"[AL.MB_CAL2, MB_CA.MB_MLL2] -> MB_ML.MB_CAL3 -> [MB_CA.MB_MLL3, MB_MLL2]",AL.MB_CA,2,MB_CA.MB_ML,2,MB_CA.MB_ML,3,MB_ML,2
1164635820,mixed,FF->mix,FF,mix,2,1,1,1,1,1.0,1797,1797.0,MB_ML.MB_CA,3,2,2,"[MB_CA.MB_MLL2, MB_CA.MB_PEDL2] -> MB_ML.MB_CAL3 -> [MB_CA.CREL3, MB_CA.MB_VLL2]",MB_CA.MB_ML,2,MB_CA.MB_PED,2,MB_CA.CRE,3,MB_CA.MB_VL,2
1164635820,mixed,FF->mix,FF,mix,2,1,1,1,1,1.0,1797,1797.0,MB_ML.MB_CA,3,2,2,"[MB_CA.MB_MLL2, MB_CA.MB_VLL2] -> MB_ML.MB_CAL3 -> [MB_CA.CREL3, MB_CA.MB_PEDL2]",MB_CA.MB_ML,2,MB_CA.MB_VL,2,MB_CA.CRE,3,MB_CA.MB_PED,2
1164635820,mixed,FF->mix,FF,mix,2,1,1,1,1,1.0,1797,1797.0,MB_ML.MB_CA,3,2,2,"[MB_CA.MB_PEDL2, MB_CA.MB_VLL2] -> MB_ML.MB_CAL3 -> [MB_CA.CREL3, MB_CA.MB_MLL2]",MB_CA.MB_PED,2,MB_CA.MB_VL,2,MB_CA.CRE,3,MB_CA.MB_ML,2
1158926208,mixed,FF->mix,FF,mix,2,1,1,1,1,1.0,3236,3236.0,MB_ML.MB_CA,3,2,2,"[MB_CA.CREL2, MB_CA.MB_MLL2] -> MB_ML.MB_CAL3 -> [MB_CA.MB_MLL3, MB_CA.MB_PEDL2]",MB_CA.CRE,2,MB_CA.MB_ML,2,MB_CA.MB_ML,3,MB_CA.MB_PED,2
1158926208,mixed,FF->mix,FF,mix,2,1,1,1,1,1.0,3236,3236.0,MB_ML.MB_CA,3,2,2,"[MB_CA.CREL2, MB_CA.MB_PEDL2] -> MB_ML.MB_CAL3 -> [MB_CA.MB_MLL2, MB_CA.MB_MLL3]",MB_CA.CRE,2,MB_CA.MB_PED,2,MB_CA.MB_ML,2,MB_CA.MB_ML,3
1151418378,mixed,FF->mix,FF,mix,2,1,1,2282,6,1.0,6710,2.94,LO,3,2,2,"[GNG.MEL2, ME.LOPL2] -> LOL3 -> [LO.LOPL2, ME.LOPL3]",GNG.ME,2,ME.LOP,2,LO.LOP,2,ME.LOP,3
7984670,pure_FF,FF->FF,FF,FF,4,0,0,144,19,5.95,4413,30.646,AL.MB_CA,2,2,2,"[ALL1, CRE.ALL1] -> AL.MB_CAL2 -> [LH.SLPL3, MB_CA.MB_MLL3]",AL,1,CRE.AL,1,LH.SLP,3,MB_CA.MB_ML,3
6622500,pure_FF,FF->FF,FF,FF,4,0,0,144,19,6.312,4344,30.167,AL.MB_CA,2,2,2,"[ALL1, CRE.ALL1] -> AL.MB_CAL2 -> [LHL3, MB_CA.MB_MLL3]",AL,1,CRE.AL,1,LH,3,MB_CA.MB_ML,3
5736489,pure_FF,FF->FF,FF,FF,4,0,0,144,18,5.886,4180,29.028,AL.MB_CA,2,2,2,"[ALL1, CRE.ALL1] -> AL.MB_CAL2 -> [MB_CA.MB_MLL3, MB_CA.MB_VLL3]",AL,1,CRE.AL,1,MB_CA.MB_ML,3,MB_CA.MB_VL,3
2933769,pure_FF,FF->FF,FF,FF,4,0,0,144,19,5.109,4041,28.062,AL.MB_CA,2,2,2,"[ALL1, CRE.ALL1] -> AL.MB_CAL2 -> [MB_CA.MB_MLL3, MB_CA.MB_PEDL3]",AL,1,CRE.AL,1,MB_CA.MB_ML,3,MB_CA.MB_PED,3
2726979,pure_FF,FF->FF,FF,FF,4,0,0,144,14,4.521,4412,30.639,AL.MB_CA,2,2,2,"[ALL1, SMP.ALL1] -> AL.MB_CAL2 -> [LH.SLPL3, MB_CA.MB_MLL3]",AL,1,SMP.AL,1,LH.SLP,3,MB_CA.MB_ML,3
2436347,pure_FF,FF->FF,FF,FF,4,0,0,209,23,6.986,4346,20.794,AL.LH,2,2,2,"[ALL1, SAD.ALL1] -> AL.LHL2 -> [LHL3, MB_CA.MB_MLL3]",AL,1,SAD.AL,1,LH,3,MB_CA.MB_ML,3
2386476,pure_FF,FF->FF,FF,FF,4,0,0,144,15,5.443,4343,30.16,AL.MB_CA,2,2,2,"[ALL1, SMP.ALL1] -> AL.MB_CAL2 -> [LHL3, MB_CA.MB_MLL3]",AL,1,SMP.AL,1,LH,3,MB_CA.MB_ML,3
2146485,pure_FF,FF->FF,FF,FF,4,0,0,144,14,5.542,4179,29.021,AL.MB_CA,2,2,2,"[ALL1, SMP.ALL1] -> AL.MB_CAL2 -> [MB_CA.MB_MLL3, MB_CA.MB_VLL3]",AL,1,SMP.AL,1,MB_CA.MB_ML,3,MB_CA.MB_VL,3
2005484,pure_FF,FF->FF,FF,FF,4,0,0,144,18,7.394,2877,19.979,AL.MB_CA,2,2,2,"[ALL1, CRE.ALL1] -> AL.MB_CAL2 -> [LH.SLPL3, MB_CA.MB_VLL3]",AL,1,CRE.AL,1,LH.SLP,3,MB_CA.MB_VL,3
1920252,pure_FF,FF->FF,FF,FF,4,0,0,144,19,8.088,3041,21.118,AL.MB_CA,2,2,2,"[ALL1, CRE.ALL1] -> AL.MB_CAL2 -> [LHL3, LH.SLPL3]",AL,1,CRE.AL,1,LH,3,LH.SLP,3
1701070,pure_FF,FF->FF,FF,FF,4,0,0,144,18,7.495,2808,19.5,AL.MB_CA,2,2,2,"[ALL1, CRE.ALL1] -> AL.MB_CAL2 -> [LHL3, MB_CA.MB_VLL3]",AL,1,CRE.AL,1,LH,3,MB_CA.MB_VL,3
1344300,pure_FF,FF->FF,FF,FF,4,0,0,209,22,6.889,4415,21.124,AL.LH,2,2,2,"[ALL1, SAD.ALL1] -> AL.LHL2 -> [LH.SLPL3, MB_CA.MB_MLL3]",AL,1,SAD.AL,1,LH.SLP,3,MB_CA.MB_ML,3
1258523,pure_FF,FF->FF,FF,FF,4,0,0,144,19,6.941,3796,26.361,AL.MB_CA,2,2,2,"[ALL1, CRE.ALL1] -> AL.MB_CAL2 -> [ALL3, MB_CA.MB_MLL3]",AL,1,CRE.AL,1,AL,3,MB_CA.MB_ML,3
1027752,pure_FF,FF->FF,FF,FF,4,0,0,144,13,5.121,2876,19.972,AL.MB_CA,2,2,2,"[ALL1, SMP.ALL1] -> AL.MB_CAL2 -> [LH.SLPL3, MB_CA.MB_VLL3]",AL,1,SMP.AL,1,LH.SLP,3,MB_CA.MB_VL,3
1008084,pure_FF,FF->FF,FF,FF,4,0,0,144,15,6.209,4346,30.181,AL.MB_CA,2,2,2,"[ALL1, SAD.ALL1] -> AL.MB_CAL2 -> [LHL3, MB_CA.MB_MLL3]",AL,1,SAD.AL,1,LH,3,MB_CA.MB_ML,3
904821,pure_FF,FF->FF,FF,FF,4,0,0,144,14,5.872,2807,19.493,AL.MB_CA,2,2,2,"[ALL1, SMP.ALL1] -> AL.MB_CAL2 -> [LHL3, MB_CA.MB_VLL3]",AL,1,SMP.AL,1,LH,3,MB_CA.MB_VL,3
879452,pure_FF,FF->FF,FF,FF,4,0,0,144,24,3.603,4346,30.181,AL.MB_CA,2,2,2,"[ALL1, GNG.ALL1] -> AL.MB_CAL2 -> [LHL3, MB_CA.MB_MLL3]",AL,1,GNG.AL,1,LH,3,MB_CA.MB_ML,3
869101,pure_FF,FF->FF,FF,FF,4,0,0,209,22,2.999,4346,20.794,AL.LH,2,2,2,"[ALL1, GNG.ALL1] -> AL.LHL2 -> [LHL3, MB_CA.MB_MLL3]",AL,1,GNG.AL,1,LH,3,MB_CA.MB_ML,3
867514,pure_FF,FF->FF,FF,FF,4,0,0,144,14,7.023,3040,21.111,AL.MB_CA,2,2,2,"[ALL1, SMP.ALL1] -> AL.MB_CAL2 -> [LHL3, LH.SLPL3]",AL,1,SMP.AL,1,LH,3,LH.SLP,3
861051,pure_FF,FF->FF,FF,FF,4,0,0,144,15,4.846,4415,30.66,AL.MB_CA,2,2,2,"[ALL1, SAD.ALL1] -> AL.MB_CAL2 -> [LH.SLPL3, MB_CA.MB_MLL3]",AL,1,SAD.AL,1,LH.SLP,3,MB_CA.MB_ML,3
838227,pure_FF,FF->FF,FF,FF,4,0,0,209,5,2.153,4344,20.785,AL.LH,2,2,2,"[ALL1, AL.LHL1] -> AL.LHL2 -> [LHL3, MB_CA.MB_MLL3]",AL,1,AL.LH,1,LH,3,MB_CA.MB_ML,3
837146,pure_FF,FF->FF,FF,FF,4,0,0,144,15,4.897,4040,28.056,AL.MB_CA,2,2,2,"[ALL1, SMP.ALL1] -> AL.MB_CAL2 -> [MB_CA.MB_MLL3, MB_CA.MB_PEDL3]",AL,1,SMP.AL,1,MB_CA.MB_ML,3,MB_CA.MB_PED,3
784591,pure_FF,FF->FF,FF,FF,4,0,0,144,19,6.887,2738,19.014,AL.MB_CA,2,2,2,"[ALL1, CRE.ALL1] -> AL.MB_CAL2 -> [LH.SLPL3, MB_CA.MB_PEDL3]",AL,1,CRE.AL,1,LH.SLP,3,MB_CA.MB_PED,3
777659,pure_FF,FF->FF,FF,FF,4,0,0,144,19,6.966,3890,27.014,AL.MB_CA,2,2,2,"[ALL1, CRE.ALL1] -> AL.MB_CAL2 -> [MB_CA.CREL3, MB_CA.MB_MLL3]",AL,1,CRE.AL,1,MB_CA.CRE,3,MB_CA.MB_ML,3
758307,pure_FF,FF->FF,FF,FF,4,0,0,209,7,1.756,4180,20.0,AL.LH,2,2,2,"[ALL1, CRE.ALL1] -> AL.LHL2 -> [MB_CA.MB_MLL3, MB_CA.MB_VLL3]",AL,1,CRE.AL,1,MB_CA.MB_ML,3,MB_CA.MB_VL,3
751908,pure_FF,FF->FF,FF,FF,4,0,0,209,9,4.361,4343,20.78,AL.LH,2,2,2,"[ALL1, SMP.ALL1] -> AL.LHL2 -> [LHL3, MB_CA.MB_MLL3]",AL,1,SMP.AL,1,LH,3,MB_CA.MB_ML,3
740006,pure_FF,FF->FF,FF,FF,4,0,0,209,39,8.731,3043,14.56,AL.LH,2,2,2,"[ALL1, SAD.ALL1] -> AL.LHL2 -> [LHL3, LH.SLPL3]",AL,1,SAD.AL,1,LH,3,LH.SLP,3
690411,pure_FF,FF->FF,FF,FF,4,0,0,209,18,6.146,4043,19.344,AL.LH,2,2,2,"[ALL1, SAD.ALL1] -> AL.LHL2 -> [MB_CA.MB_MLL3, MB_CA.MB_PEDL3]",AL,1,SAD.AL,1,MB_CA.MB_ML,3,MB_CA.MB_PED,3
677007,pure_FF,FF->FF,FF,FF,4,0,0,209,19,5.473,4182,20.01,AL.LH,2,2,2,"[ALL1, SAD.ALL1] -> AL.LHL2 -> [MB_CA.MB_MLL3, MB_CA.MB_VLL3]",AL,1,SAD.AL,1,MB_CA.MB_ML,3,MB_CA.MB_VL,3
675044,pure_FF,FF->FF,FF,FF,4,0,0,144,18,6.39,2505,17.396,AL.MB_CA,2,2,2,"[ALL1, CRE.ALL1] -> AL.MB_CAL2 -> [MB_CA.MB_PEDL3, MB_CA.MB_VLL3]",AL,1,CRE.AL,1,MB_CA.MB_PED,3,MB_CA.MB_VL,3
658901,pure_FF,FF->FF,FF,FF,4,0,0,144,19,7.27,2669,18.535,AL.MB_CA,2,2,2,"[ALL1, CRE.ALL1] -> AL.MB_CAL2 -> [LHL3, MB_CA.MB_PEDL3]",AL,1,CRE.AL,1,LH,3,MB_CA.MB_PED,3
655385,pure_FF,FF->FF,FF,FF,4,0,0,144,24,3.048,4415,30.66,AL.MB_CA,2,2,2,"[ALL1, GNG.ALL1] -> AL.MB_CAL2 -> [LH.SLPL3, MB_CA.MB_MLL3]",AL,1,GNG.AL,1,LH.SLP,3,MB_CA.MB_ML,3
593336,pure_FF,FF->FF,FF,FF,4,0,0,209,22,4.586,3798,18.172,AL.LH,2,2,2,"[ALL1, SAD.ALL1] -> AL.LHL2 -> [ALL3, MB_CA.MB_MLL3]",AL,1,SAD.AL,1,AL,3,MB_CA.MB_ML,3
593212,pure_FF,FF->FF,FF,FF,4,0,0,209,9,4.733,4412,21.11,AL.LH,2,2,2,"[ALL1, SMP.ALL1] -> AL.LHL2 -> [LH.SLPL3, MB_CA.MB_MLL3]",AL,1,SMP.AL,1,LH.SLP,3,MB_CA.MB_ML,3
574766,pure_FF,FF->FF,FF,FF,4,0,0,209,22,3.055,4415,21.124,AL.LH,2,2,2,"[ALL1, GNG.ALL1] -> AL.LHL2 -> [LH.SLPL3, MB_CA.MB_MLL3]",AL,1,GNG.AL,1,LH.SLP,3,MB_CA.MB_ML,3
566391,pure_FF,FF->FF,FF,FF,4,0,0,209,7,3.152,4179,19.995,AL.LH,2,2,2,"[ALL1, SMP.ALL1] -> AL.LHL2 -> [MB_CA.MB_MLL3, MB_CA.MB_VLL3]",AL,1,SMP.AL,1,MB_CA.MB_ML,3,MB_CA.MB_VL,3
564831,pure_FF,FF->FF,FF,FF,4,0,0,209,7,2.816,4344,20.785,AL.LH,2,2,2,"[ALL1, CRE.ALL1] -> AL.LHL2 -> [LHL3, MB_CA.MB_MLL3]",AL,1,CRE.AL,1,LH,3,MB_CA.MB_ML,3
535242,pure_FF,FF->FF,FF,FF,4,0,0,144,15,5.882,4043,28.076,AL.MB_CA,2,2,2,"[ALL1, SAD.ALL1] -> AL.MB_CAL2 -> [MB_CA.MB_MLL3, MB_CA.MB_PEDL3]",AL,1,SAD.AL,1,MB_CA.MB_ML,3,MB_CA.MB_PED,3
523922,pure_FF,FF->FF,FF,FF,4,0,0,209,7,3.006,4413,21.115,AL.LH,2,2,2,"[ALL1, CRE.ALL1] -> AL.LHL2 -> [LH.SLPL3, MB_CA.MB_MLL3]",AL,1,CRE.AL,1,LH.SLP,3,MB_CA.MB_ML,3
522294,pure_FF,FF->FF,FF,FF,4,0,0,209,5,2.164,4413,21.115,AL.LH,2,2,2,"[ALL1, AL.LHL1] -> AL.LHL2 -> [LH.SLPL3, MB_CA.MB_MLL3]",AL,1,AL.LH,1,LH.SLP,3,MB_CA.MB_ML,3
479831,pure_FF,FF->FF,FF,FF,4,0,0,209,7,2.089,2877,13.766,AL.LH,2,2,2,"[ALL1, CRE.ALL1] -> AL.LHL2 -> [LH.SLPL3, MB_CA.MB_VLL3]",AL,1,CRE.AL,1,LH.SLP,3,MB_CA.MB_VL,3
464416,pure_FF,FF->FF,FF,FF,4,0,0,1183,2,1.955,19647,16.608,LO,2,2,2,"[IPSL1, LO.VESL1] -> LOL2 -> [MEL3, ME.LOL3]",IPS,1,LO.VES,1,ME,3,ME.LO,3
462943,pure_FF,FF->FF,FF,FF,4,0,0,144,15,7.643,3795,26.354,AL.MB_CA,2,2,2,"[ALL1, SMP.ALL1] -> AL.MB_CAL2 -> [ALL3, MB_CA.MB_MLL3]",AL,1,SMP.AL,1,AL,3,MB_CA.MB_ML,3
460875,pure_FF,FF->FF,FF,FF,4,0,0,144,13,3.547,4490,31.181,AL.MB_CA,2,2,2,"[ALL1, CRE.ALL1] -> AL.MB_CAL2 -> [MB_CA.MB_MLL3, SLPL3]",AL,1,CRE.AL,1,MB_CA.MB_ML,3,SLP,3
460285,pure_FF,FF->FF,FF,FF,4,0,0,209,7,2.006,2808,13.435,AL.LH,2,2,2,"[ALL1, CRE.ALL1] -> AL.LHL2 -> [LHL3, MB_CA.MB_VLL3]",AL,1,CRE.AL,1,LH,3,MB_CA.MB_VL,3
458413,pure_FF,FF->FF,FF,FF,4,0,0,144,23,2.233,4182,29.042,AL.MB_CA,2,2,2,"[ALL1, GNG.ALL1] -> AL.MB_CAL2 -> [MB_CA.MB_MLL3, MB_CA.MB_VLL3]",AL,1,GNG.AL,1,MB_CA.MB_ML,3,MB_CA.MB_VL,3
431595,pure_FF,FF->FF,FF,FF,4,0,0,144,11,5.017,3803,26.41,AL.MB_CA,2,2,2,"[ALL1, CRE.ALL1] -> AL.MB_CAL2 -> [LH.SMPL3, MB_CA.MB_MLL3]",AL,1,CRE.AL,1,LH.SMP,3,MB_CA.MB_ML,3
398784,pure_FF,FF->FF,FF,FF,4,0,0,1183,2,1.791,19644,16.605,LO,2,2,2,"[GNG.PLPL1, IPSL1] -> LOL2 -> [MEL3, ME.LOL3]",GNG.PLP,1,IPS,1,ME,3,ME.LO,3
398784,pure_FF,FF->FF,FF,FF,4,0,0,1183,2,1.791,19860,16.788,LO,2,2,2,"[IPSL1, LOL1] -> LOL2 -> [MEL3, ME.LOL3]",IPS,1,LO,1,ME,3,ME.LO,3
397348,pure_FF,FF->FF,FF,FF,4,0,0,209,9,4.869,3040,14.545,AL.LH,2,2,2,"[ALL1, SMP.ALL1] -> AL.LHL2 -> [LHL3, LH.SLPL3]",AL,1,SMP.AL,1,LH,3,LH.SLP,3
389770,pure_FF,FF->FF,FF,FF,4,0,0,144,15,5.02,3798,26.375,AL.MB_CA,2,2,2,"[ALL1, SAD.ALL1] -> AL.MB_CAL2 -> [ALL3, MB_CA.MB_MLL3]",AL,1,SAD.AL,1,AL,3,MB_CA.MB_ML,3
367951,pure_FF,FF->FF,FF,FF,4,0,0,144,19,9.381,2493,17.312,AL.MB_CA,2,2,2,"[ALL1, CRE.ALL1] -> AL.MB_CAL2 -> [ALL3, LH.SLPL3]",AL,1,CRE.AL,1,AL,3,LH.SLP,3
363983,pure_FF,FF->FF,FF,FF,4,0,0,209,19,5.83,2810,13.445,AL.LH,2,2,2,"[ALL1, SAD.ALL1] -> AL.LHL2 -> [LHL3, MB_CA.MB_VLL3]",AL,1,SAD.AL,1,LH,3,MB_CA.MB_VL,3
361432,pure_FF,FF->FF,FF,FF,4,0,0,647,32,2.001,9963,15.399,LOP,2,2,2,"[IPS.LOPL1, LOPL1] -> LOPL2 -> [LOPL3, ME.LOL3]",IPS.LOP,1,LOP,1,LOP,3,ME.LO,3
360800,pure_FF,FF->FF,FF,FF,4,0,0,144,1,1.0,4344,30.167,AL.MB_CA,2,2,2,"[ALL1, AL.MB_CAL1] -> AL.MB_CAL2 -> [LHL3, MB_CA.MB_MLL3]",AL,1,AL.MB_CA,1,LH,3,MB_CA.MB_ML,3
356011,pure_FF,FF->FF,FF,FF,4,0,0,144,14,4.891,4182,29.042,AL.MB_CA,2,2,2,"[ALL1, SAD.ALL1] -> AL.MB_CAL2 -> [MB_CA.MB_MLL3, MB_CA.MB_VLL3]",AL,1,SAD.AL,1,MB_CA.MB_ML,3,MB_CA.MB_VL,3
352369,pure_FF,FF->FF,FF,FF,4,0,0,209,7,3.212,2876,13.761,AL.LH,2,2,2,"[ALL1, SMP.ALL1] -> AL.LHL2 -> [LH.SLPL3, MB_CA.MB_VLL3]",AL,1,SMP.AL,1,LH.SLP,3,MB_CA.MB_VL,3
351761,pure_FF,FF->FF,FF,FF,4,0,0,209,7,3.527,2807,13.431,AL.LH,2,2,2,"[ALL1, SMP.ALL1] -> AL.LHL2 -> [LHL3, MB_CA.MB_VLL3]",AL,1,SMP.AL,1,LH,3,MB_CA.MB_VL,3
341500,pure_FF,FF->FF,FF,FF,4,0,0,209,30,3.306,3043,14.56,AL.LH,2,2,2,"[ALL1, GNG.ALL1] -> AL.LHL2 -> [LHL3, LH.SLPL3]",AL,1,GNG.AL,1,LH,3,LH.SLP,3
340841,pure_FF,FF->FF,FF,FF,4,0,0,24835,52,1.602,18894,0.761,ME,2,2,2,"[MEL1, SPS.MEL1] -> MEL2 -> [LOL3, MEL3]",ME,1,SPS.ME,1,LO,3,ME,3
338748,pure_FF,FF->FF,FF,FF,4,0,0,647,40,1.903,4757,7.352,LOP,2,2,2,"[IPS.LOPL1, LOPL1] -> LOPL2 -> [LOPL3, ME.LOPL3]",IPS.LOP,1,LOP,1,LOP,3,ME.LOP,3
327553,pure_FF,FF->FF,FF,FF,4,0,0,209,9,3.437,3041,14.55,AL.LH,2,2,2,"[ALL1, CRE.ALL1] -> AL.LHL2 -> [LHL3, LH.SLPL3]",AL,1,CRE.AL,1,LH,3,LH.SLP,3
327128,pure_FF,FF->FF,FF,FF,4,0,0,209,18,8.104,2671,12.78,AL.LH,2,2,2,"[ALL1, SAD.ALL1] -> AL.LHL2 -> [LHL3, MB_CA.MB_PEDL3]",AL,1,SAD.AL,1,LH,3,MB_CA.MB_PED,3
324362,pure_FF,FF->FF,FF,FF,4,0,0,144,18,7.636,2260,15.694,AL.MB_CA,2,2,2,"[ALL1, CRE.ALL1] -> AL.MB_CAL2 -> [ALL3, MB_CA.MB_VLL3]",AL,1,CRE.AL,1,AL,3,MB_CA.MB_VL,3
323588,pure_FF,FF->FF,FF,FF,4,0,0,1183,2,1.76,11220,9.484,LO,2,2,2,"[IPSL1, LO.VESL1] -> LOL2 -> [LOL3, ME.LOL3]",IPS,1,LO.VES,1,LO,3,ME.LO,3
322597,pure_FF,FF->FF,FF,FF,4,0,0,209,25,5.853,2426,11.608,AL.LH,2,2,2,"[ALL1, SAD.ALL1] -> AL.LHL2 -> [ALL3, LHL3]",AL,1,SAD.AL,1,AL,3,LH,3
312478,pure_FF,FF->FF,FF,FF,4,0,0,209,4,2.013,4041,19.335,AL.LH,2,2,2,"[ALL1, AL.LHL1] -> AL.LHL2 -> [MB_CA.MB_MLL3, MB_CA.MB_PEDL3]",AL,1,AL.LH,1,MB_CA.MB_ML,3,MB_CA.MB_PED,3
312276,pure_FF,FF->FF,FF,FF,4,0,0,144,19,10.141,2424,16.833,AL.MB_CA,2,2,2,"[ALL1, CRE.ALL1] -> AL.MB_CAL2 -> [ALL3, LHL3]",AL,1,CRE.AL,1,AL,3,LH,3
312075,pure_FF,FF->FF,FF,FF,4,0,0,144,23,4.147,4043,28.076,AL.MB_CA,2,2,2,"[ALL1, GNG.ALL1] -> AL.MB_CAL2 -> [MB_CA.MB_MLL3, MB_CA.MB_PEDL3]",AL,1,GNG.AL,1,MB_CA.MB_ML,3,MB_CA.MB_PED,3
312060,pure_FF,FF->FF,FF,FF,4,0,0,647,5,1.977,4757,7.352,LOP,2,2,2,"[IPS.LOL1, LOPL1] -> LOPL2 -> [LOPL3, ME.LOPL3]",IPS.LO,1,LOP,1,LOP,3,ME.LOP,3
308032,pure_FF,FF->FF,FF,FF,4,0,0,24835,327,1.516,25476,1.026,ME,2,2,2,"[MEL1, SPS.MEL1] -> MEL2 -> [MEL3, ME.LOL3]",ME,1,SPS.ME,1,ME,3,ME.LO,3
293605,pure_FF,FF->FF,FF,FF,4,0,0,24835,953,11.139,25473,1.026,ME,2,2,2,"[GNG.MEL1, MEL1] -> MEL2 -> [MEL3, ME.LOL3]",GNG.ME,1,ME,1,ME,3,ME.LO,3
289276,pure_FF,FF->FF,FF,FF,4,0,0,144,14,5.225,2504,17.389,AL.MB_CA,2,2,2,"[ALL1, SMP.ALL1] -> AL.MB_CAL2 -> [MB_CA.MB_PEDL3, MB_CA.MB_VLL3]",AL,1,SMP.AL,1,MB_CA.MB_PED,3,MB_CA.MB_VL,3
288031,pure_FF,FF->FF,FF,FF,4,0,0,144,24,3.025,3043,21.132,AL.MB_CA,2,2,2,"[ALL1, GNG.ALL1] -> AL.MB_CAL2 -> [LHL3, LH.SLPL3]",AL,1,GNG.AL,1,LH,3,LH.SLP,3
283808,pure_FF,FF->FF,FF,FF,4,0,0,647,5,2.094,9963,15.399,LOP,2,2,2,"[IPS.LOL1, LOPL1] -> LOPL2 -> [LOPL3, ME.LOL3]",IPS.LO,1,LOP,1,LOP,3,ME.LO,3
279234,pure_FF,FF->FF,FF,FF,4,0,0,144,14,5.762,2737,19.007,AL.MB_CA,2,2,2,"[ALL1, SMP.ALL1] -> AL.MB_CAL2 -> [LH.SLPL3, MB_CA.MB_PEDL3]",AL,1,SMP.AL,1,LH.SLP,3,MB_CA.MB_PED,3
273514,pure_FF,FF->FF,FF,FF,4,0,0,647,10,1.567,4974,7.688,LOP,2,2,2,"[LOL1, LOPL1] -> LOPL2 -> [LOPL3, ME.LOPL3]",LO,1,LOP,1,LOP,3,ME.LOP,3
270944,pure_FF,FF->FF,FF,FF,4,0,0,1183,2,1.751,10015,8.466,LO,2,2,2,"[IPSL1, LO.VESL1] -> LOL2 -> [LOPL3, ME.LOL3]",IPS,1,LO.VES,1,LOP,3,ME.LO,3
266543,pure_FF,FF->FF,FF,FF,4,0,0,209,15,2.523,4043,19.344,AL.LH,2,2,2,"[ALL1, GNG.ALL1] -> AL.LHL2 -> [MB_CA.MB_MLL3, MB_CA.MB_PEDL3]",AL,1,GNG.AL,1,MB_CA.MB_ML,3,MB_CA.MB_PED,3
266171,pure_FF,FF->FF,FF,FF,4,0,0,647,18,1.858,10180,15.734,LOP,2,2,2,"[LOL1, LOPL1] -> LOPL2 -> [LOPL3, ME.LOL3]",LO,1,LOP,1,LOP,3,ME.LO,3
249752,pure_FF,FF->FF,FF,FF,4,0,0,1183,2,1.936,11217,9.482,LO,2,2,2,"[GNG.PLPL1, IPSL1] -> LOL2 -> [LOL3, ME.LOL3]",GNG.PLP,1,IPS,1,LO,3,ME.LO,3
249752,pure_FF,FF->FF,FF,FF,4,0,0,1183,2,1.936,11433,9.664,LO,2,2,2,"[IPSL1, LOL1] -> LOL2 -> [LOL3, ME.LOL3]",IPS,1,LO,1,LO,3,ME.LO,3
248651,pure_FF,FF->FF,FF,FF,4,0,0,144,15,6.81,2668,18.528,AL.MB_CA,2,2,2,"[ALL1, SMP.ALL1] -> AL.MB_CAL2 -> [LHL3, MB_CA.MB_PEDL3]",AL,1,SMP.AL,1,LH,3,MB_CA.MB_PED,3
245980,pure_FF,FF->FF,FF,FF,4,0,0,144,2,1.768,4343,30.16,AL.MB_CA,2,2,2,"[ALL1, LH.ALL1] -> AL.MB_CAL2 -> [LHL3, MB_CA.MB_MLL3]",AL,1,LH.AL,1,LH,3,MB_CA.MB_ML,3
245752,pure_FF,FF->FF,FF,FF,4,0,0,144,14,4.684,3892,27.028,AL.MB_CA,2,2,2,"[ALL1, SAD.ALL1] -> AL.MB_CAL2 -> [MB_CA.CREL3, MB_CA.MB_MLL3]",AL,1,SAD.AL,1,MB_CA.CRE,3,MB_CA.MB_ML,3
242816,pure_FF,FF->FF,FF,FF,4,0,0,1183,2,1.553,10012,8.463,LO,2,2,2,"[GNG.PLPL1, IPSL1] -> LOL2 -> [LOPL3, ME.LOL3]",GNG.PLP,1,IPS,1,LOP,3,ME.LO,3
242816,pure_FF,FF->FF,FF,FF,4,0,0,1183,2,1.553,10228,8.646,LO,2,2,2,"[IPSL1, LOL1] -> LOL2 -> [LOPL3, ME.LOL3]",IPS,1,LO,1,LOP,3,ME.LO,3
239786,pure_FF,FF->FF,FF,FF,4,0,0,209,9,4.028,3795,18.158,AL.LH,2,2,2,"[ALL1, SMP.ALL1] -> AL.LHL2 -> [ALL3, MB_CA.MB_MLL3]",AL,1,SMP.AL,1,AL,3,MB_CA.MB_ML,3
233355,pure_FF,FF->FF,FF,FF,4,0,0,144,12,7.244,3834,26.625,AL.MB_CA,2,2,2,"[ALL1, CRE.ALL1] -> AL.MB_CAL2 -> [AL.LHL3, MB_CA.MB_MLL3]",AL,1,CRE.AL,1,AL.LH,3,MB_CA.MB_ML,3
232719,pure_FF,FF->FF,FF,FF,4,0,0,144,15,5.923,3043,21.132,AL.MB_CA,2,2,2,"[ALL1, SAD.ALL1] -> AL.MB_CAL2 -> [LHL3, LH.SLPL3]",AL,1,SAD.AL,1,LH,3,LH.SLP,3
229818,pure_FF,FF->FF,FF,FF,4,0,0,209,9,3.182,4040,19.33,AL.LH,2,2,2,"[ALL1, SMP.ALL1] -> AL.LHL2 -> [MB_CA.MB_MLL3, MB_CA.MB_PEDL3]",AL,1,SMP.AL,1,MB_CA.MB_ML,3,MB_CA.MB_PED,3
228340,pure_FF,FF->FF,FF,FF,4,0,0,144,2,1.821,4412,30.639,AL.MB_CA,2,2,2,"[ALL1, LH.ALL1] -> AL.MB_CAL2 -> [LH.SLPL3, MB_CA.MB_MLL3]",AL,1,LH.AL,1,LH.SLP,3,MB_CA.MB_ML,3
227741,pure_FF,FF->FF,FF,FF,4,0,0,144,10,3.282,3772,26.194,AL.MB_CA,2,2,2,"[ALL1, CRE.ALL1] -> AL.MB_CAL2 -> [LH.SIPL3, MB_CA.MB_MLL3]",AL,1,CRE.AL,1,LH.SIP,3,MB_CA.MB_ML,3
226988,pure_FF,FF->FF,FF,FF,4,0,0,647,22,1.429,12544,19.388,LOP,2,2,2,"[IPS.LOPL1, LOPL1] -> LOPL2 -> [ME.LOL3, ME.LOPL3]",IPS.LOP,1,LOP,1,ME.LO,3,ME.LOP,3
225975,pure_FF,FF->FF,FF,FF,4,0,0,209,18,6.679,3892,18.622,AL.LH,2,2,2,"[ALL1, SAD.ALL1] -> AL.LHL2 -> [MB_CA.CREL3, MB_CA.MB_MLL3]",AL,1,SAD.AL,1,MB_CA.CRE,3,MB_CA.MB_ML,3
223757,pure_FF,FF->FF,FF,FF,4,0,0,144,19,7.969,2587,17.965,AL.MB_CA,2,2,2,"[ALL1, CRE.ALL1] -> AL.MB_CAL2 -> [LH.SLPL3, MB_CA.CREL3]",AL,1,CRE.AL,1,LH.SLP,3,MB_CA.CRE,3
223298,pure_FF,FF->FF,FF,FF,4,0,0,647,4,1.422,12544,19.388,LOP,2,2,2,"[IPS.LOL1, LOPL1] -> LOPL2 -> [ME.LOL3, ME.LOPL3]",IPS.LO,1,LOP,1,ME.LO,3,ME.LOP,3
220000,pure_FF,FF->FF,FF,FF,4,0,0,144,1,1.0,4413,30.646,AL.MB_CA,2,2,2,"[ALL1, AL.MB_CAL1] -> AL.MB_CAL2 -> [LH.SLPL3, MB_CA.MB_MLL3]",AL,1,AL.MB_CA,1,LH.SLP,3,MB_CA.MB_ML,3
216767,pure_FF,FF->FF,FF,FF,4,0,0,144,14,6.775,3889,27.007,AL.MB_CA,2,2,2,"[ALL1, SMP.ALL1] -> AL.MB_CAL2 -> [MB_CA.CREL3, MB_CA.MB_MLL3]",AL,1,SMP.AL,1,MB_CA.CRE,3,MB_CA.MB_ML,3
215942,pure_FF,FF->FF,FF,FF,4,0,0,144,13,7.852,4576,31.778,AL.MB_CA,2,2,2,"[ALL1, CRE.ALL1] -> AL.MB_CAL2 -> [MB_CA.MB_MLL3, SMPL3]",AL,1,CRE.AL,1,MB_CA.MB_ML,3,SMP,3
212478,pure_FF,FF->FF,FF,FF,4,0,0,2,2,1.257,19643,9821.5,AVLP.ME,2,2,2,"[AVLPL1, ME.LOL1] -> AVLP.MEL2 -> [MEL3, ME.LOL3]",AVLP,1,ME.LO,1,ME,3,ME.LO,3
212166,pure_FF,FF->FF,FF,FF,4,0,0,647,40,1.789,1447,2.236,LOP,2,2,2,"[IPS.LOPL1, LOPL1] -> LOPL2 -> [LOPL3, LOP.PLPL3]",IPS.LOP,1,LOP,1,LOP,3,LOP.PLP,3
209800,pure_FF,FF->FF,FF,FF,4,0,0,209,7,2.613,4041,19.335,AL.LH,2,2,2,"[ALL1, CRE.ALL1] -> AL.LHL2 -> [MB_CA.MB_MLL3, MB_CA.MB_PEDL3]",AL,1,CRE.AL,1,MB_CA.MB_ML,3,MB_CA.MB_PED,3
206069,pure_FF,FF->FF,FF,FF,4,0,0,647,14,1.221,12761,19.723,LOP,2,2,2,"[LOL1, LOPL1] -> LOPL2 -> [ME.LOL3, ME.LOPL3]",LO,1,LOP,1,ME.LO,3,ME.LOP,3
205456,pure_FF,FF->FF,FF,FF,4,0,0,1183,2,1.997,19584,16.555,LO,2,2,2,"[GNG.PLPL1, LO.VESL1] -> LOL2 -> [MEL3, ME.LOL3]",GNG.PLP,1,LO.VES,1,ME,3,ME.LO,3
205456,pure_FF,FF->FF,FF,FF,4,0,0,1183,2,1.997,19800,16.737,LO,2,2,2,"[LOL1, LO.VESL1] -> LOL2 -> [MEL3, ME.LOL3]",LO,1,LO.VES,1,ME,3,ME.LO,3
205076,pure_FF,FF->FF,FF,FF,4,0,0,209,17,2.925,4182,20.01,AL.LH,2,2,2,"[ALL1, GNG.ALL1] -> AL.LHL2 -> [MB_CA.MB_MLL3, MB_CA.MB_VLL3]",AL,1,GNG.AL,1,MB_CA.MB_ML,3,MB_CA.MB_VL,3
204471,pure_FF,FF->FF,FF,FF,4,0,0,144,23,2.145,2810,19.514,AL.MB_CA,2,2,2,"[ALL1, GNG.ALL1] -> AL.MB_CAL2 -> [LHL3, MB_CA.MB_VLL3]",AL,1,GNG.AL,1,LH,3,MB_CA.MB_VL,3
202229,pure_FF,FF->FF,FF,FF,4,0,0,144,11,4.853,3784,26.278,AL.MB_CA,2,2,2,"[ALL1, CRE.ALL1] -> AL.MB_CAL2 -> [MB_CAL3, MB_CA.MB_MLL3]",AL,1,CRE.AL,1,MB_CA,3,MB_CA.MB_ML,3
199392,pure_FF,FF->FF,FF,FF,4,0,0,1183,2,1.791,19656,16.615,LO,2,2,2,"[GNG.IPSL1, IPSL1] -> LOL2 -> [MEL3, ME.LOL3]",GNG.IPS,1,IPS,1,ME,3,ME.LO,3
199392,pure_FF,FF->FF,FF,FF,4,0,0,1183,2,1.791,19645,16.606,LO,2,2,2,"[GNG.LOL1, IPSL1] -> LOL2 -> [MEL3, ME.LOL3]",GNG.LO,1,IPS,1,ME,3,ME.LO,3
199392,pure_FF,FF->FF,FF,FF,4,0,0,1183,2,1.791,19646,16.607,LO,2,2,2,"[IPSL1, PLP.LALL1] -> LOL2 -> [MEL3, ME.LOL3]",IPS,1,PLP.LAL,1,ME,3,ME.LO,3
196280,pure_FF,FF->FF,FF,FF,4,0,0,144,2,1.875,3795,26.354,AL.MB_CA,2,2,2,"[ALL1, LH.ALL1] -> AL.MB_CAL2 -> [ALL3, MB_CA.MB_MLL3]",AL,1,LH.AL,1,AL,3,MB_CA.MB_ML,3
195673,pure_FF,FF->FF,FF,FF,4,0,0,144,18,5.798,2354,16.347,AL.MB_CA,2,2,2,"[ALL1, CRE.ALL1] -> AL.MB_CAL2 -> [MB_CA.CREL3, MB_CA.MB_VLL3]",AL,1,CRE.AL,1,MB_CA.CRE,3,MB_CA.MB_VL,3
195036,pure_FF,FF->FF,FF,FF,4,0,0,144,8,2.609,4489,31.174,AL.MB_CA,2,2,2,"[ALL1, SMP.ALL1] -> AL.MB_CAL2 -> [MB_CA.MB_MLL3, SLPL3]",AL,1,SMP.AL,1,MB_CA.MB_ML,3,SLP,3
194937,pure_FF,FF->FF,FF,FF,4,0,0,144,19,8.629,2518,17.486,AL.MB_CA,2,2,2,"[ALL1, CRE.ALL1] -> AL.MB_CAL2 -> [LHL3, MB_CA.CREL3]",AL,1,CRE.AL,1,LH,3,MB_CA.CRE,3
194842,pure_FF,FF->FF,FF,FF,4,0,0,144,23,1.759,2879,19.993,AL.MB_CA,2,2,2,"[ALL1, GNG.ALL1] -> AL.MB_CAL2 -> [LH.SLPL3, MB_CA.MB_VLL3]",AL,1,GNG.AL,1,LH.SLP,3,MB_CA.MB_VL,3
192296,pure_FF,FF->FF,FF,FF,4,0,0,209,19,6.182,2879,13.775,AL.LH,2,2,2,"[ALL1, SAD.ALL1] -> AL.LHL2 -> [LH.SLPL3, MB_CA.MB_VLL3]",AL,1,SAD.AL,1,LH.SLP,3,MB_CA.MB_VL,3
189840,pure_FF,FF->FF,FF,FF,4,0,0,144,2,1.974,4040,28.056,AL.MB_CA,2,2,2,"[ALL1, LH.ALL1] -> AL.MB_CAL2 -> [MB_CA.MB_MLL3, MB_CA.MB_PEDL3]",AL,1,LH.AL,1,MB_CA.MB_ML,3,MB_CA.MB_PED,3
187880,pure_FF,FF->FF,FF,FF,4,0,0,2,1,1.0,19644,9822.0,AVLP.ME,2,2,2,"[AVLPL1, GNG.IPSL1] -> AVLP.MEL2 -> [MEL3, ME.LOL3]",AVLP,1,GNG.IPS,1,ME,3,ME.LO,3
187880,pure_FF,FF->FF,FF,FF,4,0,0,2,1,1.0,19630,9815.0,AVLP.ME,2,2,2,"[AVLPL1, GNG.MEL1] -> AVLP.MEL2 -> [MEL3, ME.LOL3]",AVLP,1,GNG.ME,1,ME,3,ME.LO,3
187880,pure_FF,FF->FF,FF,FF,4,0,0,2,1,1.0,19630,9815.0,AVLP.ME,2,2,2,"[AVLPL1, IPS.MEL1] -> AVLP.MEL2 -> [MEL3, ME.LOL3]",AVLP,1,IPS.ME,1,ME,3,ME.LO,3
187880,pure_FF,FF->FF,FF,FF,4,0,0,2,1,1.0,19629,9814.5,AVLP.ME,2,2,2,"[AVLPL1, SIP.AVLPL1] -> AVLP.MEL2 -> [MEL3, ME.LOL3]",AVLP,1,SIP.AVLP,1,ME,3,ME.LO,3
187016,pure_FF,FF->FF,FF,FF,4,0,0,144,14,4.898,2259,15.688,AL.MB_CA,2,2,2,"[ALL1, SMP.ALL1] -> AL.MB_CAL2 -> [ALL3, MB_CA.MB_VLL3]",AL,1,SMP.AL,1,AL,3,MB_CA.MB_VL,3
185693,pure_FF,FF->FF,FF,FF,4,0,0,209,18,8.082,2740,13.11,AL.LH,2,2,2,"[ALL1, SAD.ALL1] -> AL.LHL2 -> [LH.SLPL3, MB_CA.MB_PEDL3]",AL,1,SAD.AL,1,LH.SLP,3,MB_CA.MB_PED,3
173438,pure_FF,FF->FF,FF,FF,4,0,0,24835,48,1.907,25477,1.026,ME,2,2,2,"[MEL1, PLP.MEL1] -> MEL2 -> [MEL3, ME.LOL3]",ME,1,PLP.ME,1,ME,3,ME.LO,3
172847,pure_FF,FF->FF,FF,FF,4,0,0,647,43,1.975,5181,8.008,LOP,2,2,2,"[IPS.LOPL1, LOPL1] -> LOPL2 -> [LO.LOPL3, LOPL3]",IPS.LOP,1,LOP,1,LO.LOP,3,LOP,3
172640,pure_FF,FF->FF,FF,FF,4,0,0,1183,2,1.891,19797,16.735,LO,2,2,2,"[GNG.PLPL1, LOL1] -> LOL2 -> [MEL3, ME.LOL3]",GNG.PLP,1,LO,1,ME,3,ME.LO,3
171665,pure_FF,FF->FF,FF,FF,4,0,0,144,14,8.058,2492,17.306,AL.MB_CA,2,2,2,"[ALL1, SMP.ALL1] -> AL.MB_CAL2 -> [ALL3, LH.SLPL3]",AL,1,SMP.AL,1,AL,3,LH.SLP,3
169886,pure_FF,FF->FF,FF,FF,4,0,0,209,21,3.132,3798,18.172,AL.LH,2,2,2,"[ALL1, GNG.ALL1] -> AL.LHL2 -> [ALL3, MB_CA.MB_MLL3]",AL,1,GNG.AL,1,AL,3,MB_CA.MB_ML,3
167580,pure_FF,FF->FF,FF,FF,4,0,0,144,1,1.0,4344,30.167,AL.MB_CA,2,2,2,"[ALL1, AL.LHL1] -> AL.MB_CAL2 -> [LHL3, MB_CA.MB_MLL3]",AL,1,AL.LH,1,LH,3,MB_CA.MB_ML,3
165499,pure_FF,FF->FF,FF,FF,4,0,0,144,24,4.634,3798,26.375,AL.MB_CA,2,2,2,"[ALL1, GNG.ALL1] -> AL.MB_CAL2 -> [ALL3, MB_CA.MB_MLL3]",AL,1,GNG.AL,1,AL,3,MB_CA.MB_ML,3
165441,pure_FF,FF->FF,FF,FF,4,0,0,209,25,6.238,2495,11.938,AL.LH,2,2,2,"[ALL1, SAD.ALL1] -> AL.LHL2 -> [ALL3, LH.SLPL3]",AL,1,SAD.AL,1,AL,3,LH.SLP,3
163523,pure_FF,FF->FF,FF,FF,4,0,0,209,7,2.388,2505,11.986,AL.LH,2,2,2,"[ALL1, CRE.ALL1] -> AL.LHL2 -> [MB_CA.MB_PEDL3, MB_CA.MB_VLL3]",AL,1,CRE.AL,1,MB_CA.MB_PED,3,MB_CA.MB_VL,3
163241,pure_FF,FF->FF,FF,FF,4,0,0,144,21,4.306,3892,27.028,AL.MB_CA,2,2,2,"[ALL1, GNG.ALL1] -> AL.MB_CAL2 -> [MB_CA.CREL3, MB_CA.MB_MLL3]",AL,1,GNG.AL,1,MB_CA.CRE,3,MB_CA.MB_ML,3
161250,pure_FF,FF->FF,FF,FF,4,0,0,24835,25,1.515,18895,0.761,ME,2,2,2,"[MEL1, PLP.MEL1] -> MEL2 -> [LOL3, MEL3]",ME,1,PLP.ME,1,LO,3,ME,3
160612,pure_FF,FF->FF,FF,FF,4,0,0,24835,1421,38.33,26154,1.053,ME,2,2,2,"[LA.MEL1, MEL1] -> MEL2 -> [MEL3, ME.LOL3]",LA.ME,1,ME,1,ME,3,ME.LO,3
159100,pure_FF,FF->FF,FF,FF,4,0,0,144,12,6.714,3833,26.618,AL.MB_CA,2,2,2,"[ALL1, SMP.ALL1] -> AL.MB_CAL2 -> [AL.LHL3, MB_CA.MB_MLL3]",AL,1,SMP.AL,1,AL.LH,3,MB_CA.MB_ML,3
158319,pure_FF,FF->FF,FF,FF,4,0,0,209,16,5.099,3777,18.072,AL.LH,2,2,2,"[ALL1, SAD.ALL1] -> AL.LHL2 -> [LH.AVLPL3, MB_CA.MB_MLL3]",AL,1,SAD.AL,1,LH.AVLP,3,MB_CA.MB_ML,3
157759,pure_FF,FF->FF,FF,FF,4,0,0,24835,9,1.45,18904,0.761,ME,2,2,2,"[MEL1, ME.LOL1] -> MEL2 -> [LOL3, MEL3]",ME,1,ME.LO,1,LO,3,ME,3
157128,pure_FF,FF->FF,FF,FF,4,0,0,24835,52,1.472,17049,0.686,ME,2,2,2,"[MEL1, SPS.MEL1] -> MEL2 -> [LOL3, ME.LOL3]",ME,1,SPS.ME,1,LO,3,ME.LO,3
156861,pure_FF,FF->FF,FF,FF,4,0,0,209,6,2.407,3041,14.55,AL.LH,2,2,2,"[ALL1, AL.LHL1] -> AL.LHL2 -> [LHL3, LH.SLPL3]",AL,1,AL.LH,1,LH,3,LH.SLP,3
156174,pure_FF,FF->FF,FF,FF,4,0,0,24835,19,1.421,18891,0.761,ME,2,2,2,"[IPS.MEL1, MEL1] -> MEL2 -> [LOL3, MEL3]",IPS.ME,1,ME,1,LO,3,ME,3
155894,pure_FF,FF->FF,FF,FF,4,0,0,24835,4,1.416,18894,0.761,ME,2,2,2,"[GNG.LOL1, MEL1] -> MEL2 -> [LOL3, MEL3]",GNG.LO,1,ME,1,LO,3,ME,3
155267,pure_FF,FF->FF,FF,FF,4,0,0,144,13,5.037,2954,20.514,AL.MB_CA,2,2,2,"[ALL1, CRE.ALL1] -> AL.MB_CAL2 -> [MB_CA.MB_VLL3, SLPL3]",AL,1,CRE.AL,1,MB_CA.MB_VL,3,SLP,3
154491,pure_FF,FF->FF,FF,FF,4,0,0,209,7,3.122,3796,18.163,AL.LH,2,2,2,"[ALL1, CRE.ALL1] -> AL.LHL2 -> [ALL3, MB_CA.MB_MLL3]",AL,1,CRE.AL,1,AL,3,MB_CA.MB_ML,3
153694,pure_FF,FF->FF,FF,FF,4,0,0,144,15,8.926,2423,16.826,AL.MB_CA,2,2,2,"[ALL1, SMP.ALL1] -> AL.MB_CAL2 -> [ALL3, LHL3]",AL,1,SMP.AL,1,AL,3,LH,3
153580,pure_FF,FF->FF,FF,FF,4,0,0,144,5,2.965,3763,26.132,AL.MB_CA,2,2,2,"[ALL1, CRE.ALL1] -> AL.MB_CAL2 -> [MB_CA.MB_MLL3, MB_CA.SIPL3]",AL,1,CRE.AL,1,MB_CA.MB_ML,3,MB_CA.SIP,3
153514,pure_FF,FF->FF,FF,FF,4,0,0,24835,46,2.124,13011,0.524,ME,2,2,2,"[ME.LOL1, SPS.MEL1] -> MEL2 -> [LOL3, MEL3]",ME.LO,1,SPS.ME,1,LO,3,ME,3
152853,pure_FF,FF->FF,FF,FF,4,0,0,144,13,4.578,3187,22.132,AL.MB_CA,2,2,2,"[ALL1, CRE.ALL1] -> AL.MB_CAL2 -> [LH.SLPL3, SLPL3]",AL,1,CRE.AL,1,LH.SLP,3,SLP,3
152138,pure_FF,FF->FF,FF,FF,4,0,0,24835,15,1.503,25486,1.026,ME,2,2,2,"[MEL1, ME.LOL1] -> MEL2 -> [MEL3, ME.LOL3]",ME,1,ME.LO,1,ME,3,ME.LO,3
151586,pure_FF,FF->FF,FF,FF,4,0,0,1183,2,1.649,11157,9.431,LO,2,2,2,"[GNG.PLPL1, LO.VESL1] -> LOL2 -> [LOL3, ME.LOL3]",GNG.PLP,1,LO.VES,1,LO,3,ME.LO,3
151586,pure_FF,FF->FF,FF,FF,4,0,0,1183,2,1.649,11373,9.614,LO,2,2,2,"[LOL1, LO.VESL1] -> LOL2 -> [LOL3, ME.LOL3]",LO,1,LO.VES,1,LO,3,ME.LO,3
150519,pure_FF,FF->FF,FF,FF,4,0,0,144,13,6.066,3812,26.472,AL.MB_CA,2,2,2,"[ALL1, CRE.ALL1] -> AL.MB_CAL2 -> [MB_CA.MB_MLL3, MB_MLL3]",AL,1,CRE.AL,1,MB_CA.MB_ML,3,MB_ML,3
149940,pure_FF,FF->FF,FF,FF,4,0,0,144,1,1.0,4413,30.646,AL.MB_CA,2,2,2,"[ALL1, AL.LHL1] -> AL.MB_CAL2 -> [LH.SLPL3, MB_CA.MB_MLL3]",AL,1,AL.LH,1,LH.SLP,3,MB_CA.MB_ML,3
148640,pure_FF,FF->FF,FF,FF,4,0,0,24835,41,1.992,12998,0.523,ME,2,2,2,"[IPS.MEL1, SPS.MEL1] -> MEL2 -> [LOL3, MEL3]",IPS.ME,1,SPS.ME,1,LO,3,ME,3
148071,pure_FF,FF->FF,FF,FF,4,0,0,24835,15,1.977,13002,0.524,ME,2,2,2,"[PLP.MEL1, SPS.MEL1] -> MEL2 -> [LOL3, MEL3]",PLP.ME,1,SPS.ME,1,LO,3,ME,3
147672,pure_FF,FF->FF,FF,FF,4,0,0,1183,1,1.0,11219,9.484,LO,2,2,2,"[IPSL1, LO.PLPL1] -> LOL2 -> [LOL3, ME.LOL3]",IPS,1,LO.PLP,1,LO,3,ME.LO,3
147643,pure_FF,FF->FF,FF,FF,4,0,0,24835,4,1.965,13001,0.523,ME,2,2,2,"[GNG.LOL1, SPS.MEL1] -> MEL2 -> [LOL3, MEL3]",GNG.LO,1,SPS.ME,1,LO,3,ME,3
145800,pure_FF,FF->FF,FF,FF,4,0,0,209,9,4.227,3786,18.115,AL.LH,2,2,2,"[ALL1, SAD.ALL1] -> AL.LHL2 -> [MB_CAL3, MB_CA.MB_MLL3]",AL,1,SAD.AL,1,MB_CA,3,MB_CA.MB_ML,3
144240,pure_FF,FF->FF,FF,FF,4,0,0,1183,2,1.999,9060,7.658,LO,2,2,2,"[IPSL1, LO.VESL1] -> LOL2 -> [LOP.LOL3, ME.LOL3]",IPS,1,LO.VES,1,LOP.LO,3,ME.LO,3
142820,pure_FF,FF->FF,FF,FF,4,0,0,647,5,2.116,1447,2.236,LOP,2,2,2,"[IPS.LOL1, LOPL1] -> LOPL2 -> [LOPL3, LOP.PLPL3]",IPS.LO,1,LOP,1,LOP,3,LOP.PLP,3
140017,pure_FF,FF->FF,FF,FF,4,0,0,24835,42,1.276,25473,1.026,ME,2,2,2,"[IPS.MEL1, MEL1] -> MEL2 -> [MEL3, ME.LOL3]",IPS.ME,1,ME,1,ME,3,ME.LO,3
139372,pure_FF,FF->FF,FF,FF,4,0,0,24835,21,1.265,25476,1.026,ME,2,2,2,"[GNG.LOL1, MEL1] -> MEL2 -> [MEL3, ME.LOL3]",GNG.LO,1,ME,1,ME,3,ME.LO,3
138777,pure_FF,FF->FF,FF,FF,4,0,0,647,10,2.002,1664,2.572,LOP,2,2,2,"[LOL1, LOPL1] -> LOPL2 -> [LOPL3, LOP.PLPL3]",LO,1,LOP,1,LOP,3,LOP.PLP,3
138724,pure_FF,FF->FF,FF,FF,4,0,0,209,7,1.916,2260,10.813,AL.LH,2,2,2,"[ALL1, CRE.ALL1] -> AL.LHL2 -> [ALL3, MB_CA.MB_VLL3]",AL,1,CRE.AL,1,AL,3,MB_CA.MB_VL,3
137880,pure_FF,FF->FF,FF,FF,4,0,0,209,17,2.586,2810,13.445,AL.LH,2,2,2,"[ALL1, GNG.ALL1] -> AL.LHL2 -> [LHL3, MB_CA.MB_VLL3]",AL,1,GNG.AL,1,LH,3,MB_CA.MB_VL,3
136944,pure_FF,FF->FF,FF,FF,4,0,0,209,7,3.188,2669,12.77,AL.LH,2,2,2,"[ALL1, CRE.ALL1] -> AL.LHL2 -> [LHL3, MB_CA.MB_PEDL3]",AL,1,CRE.AL,1,LH,3,MB_CA.MB_PED,3
136627,pure_FF,FF->FF,FF,FF,4,0,0,209,9,3.425,2668,12.766,AL.LH,2,2,2,"[ALL1, SMP.ALL1] -> AL.LHL2 -> [LHL3, MB_CA.MB_PEDL3]",AL,1,SMP.AL,1,LH,3,MB_CA.MB_PED,3
136401,pure_FF,FF->FF,FF,FF,4,0,0,209,15,3.153,2671,12.78,AL.LH,2,2,2,"[ALL1, GNG.ALL1] -> AL.LHL2 -> [LHL3, MB_CA.MB_PEDL3]",AL,1,GNG.AL,1,LH,3,MB_CA.MB_PED,3
135883,pure_FF,FF->FF,FF,FF,4,0,0,209,9,4.957,2423,11.593,AL.LH,2,2,2,"[ALL1, SMP.ALL1] -> AL.LHL2 -> [ALL3, LHL3]",AL,1,SMP.AL,1,AL,3,LH,3
133760,pure_FF,FF->FF,FF,FF,4,0,0,1183,1,1.0,19650,16.61,LO,2,2,2,"[IPSL1, VESL1] -> LOL2 -> [MEL3, ME.LOL3]",IPS,1,VES,1,ME,3,ME.LO,3
133760,pure_FF,FF->FF,FF,FF,4,0,0,1183,1,1.0,19642,16.604,LO,2,2,2,"[IPSL1, VES.SIPL1] -> LOL2 -> [MEL3, ME.LOL3]",IPS,1,VES.SIP,1,ME,3,ME.LO,3
132515,pure_FF,FF->FF,FF,FF,4,0,0,24835,57,2.987,19593,0.789,ME,2,2,2,"[ME.LOL1, SPS.MEL1] -> MEL2 -> [MEL3, ME.LOL3]",ME.LO,1,SPS.ME,1,ME,3,ME.LO,3
131906,pure_FF,FF->FF,FF,FF,4,0,0,144,23,3.892,2671,18.549,AL.MB_CA,2,2,2,"[ALL1, GNG.ALL1] -> AL.MB_CAL2 -> [LHL3, MB_CA.MB_PEDL3]",AL,1,GNG.AL,1,LH,3,MB_CA.MB_PED,3
131575,pure_FF,FF->FF,FF,FF,4,0,0,647,1,1.0,4757,7.352,LOP,2,2,2,"[LOPL1, LOP.IPSL1] -> LOPL2 -> [LOPL3, ME.LOPL3]",LOP,1,LOP.IPS,1,LOP,3,ME.LOP,3
131264,pure_FF,FF->FF,FF,FF,4,0,0,1183,1,1.0,19646,16.607,LO,2,2,2,"[IPSL1, LO.PLPL1] -> LOL2 -> [MEL3, ME.LOL3]",IPS,1,LO.PLP,1,ME,3,ME.LO,3
130976,pure_FF,FF->FF,FF,FF,4,0,0,647,4,2.225,5181,8.008,LOP,2,2,2,"[IPS.LOL1, LOPL1] -> LOPL2 -> [LO.LOPL3, LOPL3]",IPS.LO,1,LOP,1,LO.LOP,3,LOP,3
129870,pure_FF,FF->FF,FF,FF,4,0,0,144,15,7.4,2671,18.549,AL.MB_CA,2,2,2,"[ALL1, SAD.ALL1] -> AL.MB_CAL2 -> [LHL3, MB_CA.MB_PEDL3]",AL,1,SAD.AL,1,LH,3,MB_CA.MB_PED,3
128000,pure_FF,FF->FF,FF,FF,4,0,0,24835,1,1.0,18897,0.761,ME,2,2,2,"[MEL1, ME.PLPL1] -> MEL2 -> [LOL3, MEL3]",ME,1,ME.PLP,1,LO,3,ME,3
126243,pure_FF,FF->FF,FF,FF,4,0,0,144,19,7.761,2121,14.729,AL.MB_CA,2,2,2,"[ALL1, CRE.ALL1] -> AL.MB_CAL2 -> [ALL3, MB_CA.MB_PEDL3]",AL,1,CRE.AL,1,AL,3,MB_CA.MB_PED,3
126016,pure_FF,FF->FF,FF,FF,4,0,0,209,7,3.421,2738,13.1,AL.LH,2,2,2,"[ALL1, CRE.ALL1] -> AL.LHL2 -> [LH.SLPL3, MB_CA.MB_PEDL3]",AL,1,CRE.AL,1,LH.SLP,3,MB_CA.MB_PED,3
125253,pure_FF,FF->FF,FF,FF,4,0,0,144,13,4.996,3118,21.653,AL.MB_CA,2,2,2,"[ALL1, CRE.ALL1] -> AL.MB_CAL2 -> [LHL3, SLPL3]",AL,1,CRE.AL,1,LH,3,SLP,3
124876,pure_FF,FF->FF,FF,FF,4,0,0,1183,2,1.936,11229,9.492,LO,2,2,2,"[GNG.IPSL1, IPSL1] -> LOL2 -> [LOL3, ME.LOL3]",GNG.IPS,1,IPS,1,LO,3,ME.LO,3
124876,pure_FF,FF->FF,FF,FF,4,0,0,1183,2,1.936,11218,9.483,LO,2,2,2,"[GNG.LOL1, IPSL1] -> LOL2 -> [LOL3, ME.LOL3]",GNG.LO,1,IPS,1,LO,3,ME.LO,3
124876,pure_FF,FF->FF,FF,FF,4,0,0,1183,2,1.936,11219,9.484,LO,2,2,2,"[IPSL1, PLP.LALL1] -> LOL2 -> [LOL3, ME.LOL3]",IPS,1,PLP.LAL,1,LO,3,ME.LO,3
123480,pure_FF,FF->FF,FF,FF,4,0,0,144,1,1.0,3796,26.361,AL.MB_CA,2,2,2,"[ALL1, AL.LHL1] -> AL.MB_CAL2 -> [ALL3, MB_CA.MB_MLL3]",AL,1,AL.LH,1,AL,3,MB_CA.MB_ML,3
123000,pure_FF,FF->FF,FF,FF,4,0,0,24835,1,1.0,25479,1.026,ME,2,2,2,"[MEL1, ME.PLPL1] -> MEL2 -> [MEL3, ME.LOL3]",ME,1,ME.PLP,1,ME,3,ME.LO,3
121927,pure_FF,FF->FF,FF,FF,4,0,0,209,7,3.435,2504,11.981,AL.LH,2,2,2,"[ALL1, SMP.ALL1] -> AL.LHL2 -> [MB_CA.MB_PEDL3, MB_CA.MB_VLL3]",AL,1,SMP.AL,1,MB_CA.MB_PED,3,MB_CA.MB_VL,3
121655,pure_FF,FF->FF,FF,FF,4,0,0,647,9,1.942,5398,8.343,LOP,2,2,2,"[LOL1, LOPL1] -> LOPL2 -> [LO.LOPL3, LOPL3]",LO,1,LOP,1,LO.LOP,3,LOP,3
121408,pure_FF,FF->FF,FF,FF,4,0,0,1183,2,1.553,10024,8.473,LO,2,2,2,"[GNG.IPSL1, IPSL1] -> LOL2 -> [LOPL3, ME.LOL3]",GNG.IPS,1,IPS,1,LOP,3,ME.LO,3
121408,pure_FF,FF->FF,FF,FF,4,0,0,1183,2,1.553,10013,8.464,LO,2,2,2,"[GNG.LOL1, IPSL1] -> LOL2 -> [LOPL3, ME.LOL3]",GNG.LO,1,IPS,1,LOP,3,ME.LO,3
121408,pure_FF,FF->FF,FF,FF,4,0,0,1183,2,1.553,10014,8.465,LO,2,2,2,"[IPSL1, PLP.LALL1] -> LOL2 -> [LOPL3, ME.LOL3]",IPS,1,PLP.LAL,1,LOP,3,ME.LO,3
121161,pure_FF,FF->FF,FF,FF,4,0,0,144,8,4.239,3764,26.139,AL.MB_CA,2,2,2,"[ALL1, CRE.ALL1] -> AL.MB_CAL2 -> [AL.SMPL3, MB_CA.MB_MLL3]",AL,1,CRE.AL,1,AL.SMP,3,MB_CA.MB_ML,3
120800,pure_FF,FF->FF,FF,FF,4,0,0,1183,2,1.905,9057,7.656,LO,2,2,2,"[GNG.PLPL1, IPSL1] -> LOL2 -> [LOP.LOL3, ME.LOL3]",GNG.PLP,1,IPS,1,LOP.LO,3,ME.LO,3
120800,pure_FF,FF->FF,FF,FF,4,0,0,1183,2,1.905,9273,7.839,LO,2,2,2,"[IPSL1, LOL1] -> LOL2 -> [LOP.LOL3, ME.LOL3]",IPS,1,LO,1,LOP.LO,3,ME.LO,3
119833,pure_FF,FF->FF,FF,FF,4,0,0,209,16,2.737,3892,18.622,AL.LH,2,2,2,"[ALL1, GNG.ALL1] -> AL.LHL2 -> [MB_CA.CREL3, MB_CA.MB_MLL3]",AL,1,GNG.AL,1,MB_CA.CRE,3,MB_CA.MB_ML,3
119773,pure_FF,FF->FF,FF,FF,4,0,0,209,18,7.905,2520,12.057,AL.LH,2,2,2,"[ALL1, SAD.ALL1] -> AL.LHL2 -> [LHL3, MB_CA.CREL3]",AL,1,SAD.AL,1,LH,3,MB_CA.CRE,3
119420,pure_FF,FF->FF,FF,FF,4,0,0,144,2,1.438,3889,27.007,AL.MB_CA,2,2,2,"[ALL1, LH.ALL1] -> AL.MB_CAL2 -> [MB_CA.CREL3, MB_CA.MB_MLL3]",AL,1,LH.AL,1,MB_CA.CRE,3,MB_CA.MB_ML,3
117573,pure_FF,FF->FF,FF,FF,4,0,0,144,8,4.585,3802,26.403,AL.MB_CA,2,2,2,"[ALL1, SMP.ALL1] -> AL.MB_CAL2 -> [LH.SMPL3, MB_CA.MB_MLL3]",AL,1,SMP.AL,1,LH.SMP,3,MB_CA.MB_ML,3
2803199185270,mixed,FF->lat,FF,lat,2,0,2,2282,28,1.985,39222,17.188,LO,3,2,2,"[MEL2, ME.LOL2] -> LOL3 -> [LO.LOPL3, ME.LOPL3]",ME,2,ME.LO,2,LO.LOP,3,ME.LOP,3
2669974522452,mixed,FF->lat,FF,lat,2,0,2,2282,14,1.807,34840,15.267,LO,3,2,2,"[MEL2, ME.LOPL2] -> LOL3 -> [LO.LOPL3, ME.LOPL3]",ME,2,ME.LOP,2,LO.LOP,3,ME.LOP,3
2344872532423,mixed,FF->lat,FF,lat,2,0,2,2282,14,1.598,16652,7.297,LO,3,2,2,"[ME.LOL2, ME.LOPL2] -> LOL3 -> [LO.LOPL3, ME.LOPL3]",ME.LO,2,ME.LOP,2,LO.LOP,3,ME.LOP,3
575386706868,mixed,FF->lat,FF,lat,2,0,2,2282,4,1.179,10790,4.728,LO,3,2,2,"[LO.LOPL2, ME.LOPL2] -> LOL3 -> [LO.LOPL3, ME.LOPL3]",LO.LOP,2,ME.LOP,2,LO.LOP,3,ME.LOP,3
561048316020,mixed,FF->lat,FF,lat,2,0,2,2282,4,1.432,33360,14.619,LO,3,2,2,"[LO.LOPL2, MEL2] -> LOL3 -> [LO.LOPL3, ME.LOPL3]",LO.LOP,2,ME,2,LO.LOP,3,ME.LOP,3
522008122568,mixed,FF->lat,FF,lat,2,0,2,2282,4,1.291,15172,6.649,LO,3,2,2,"[LO.LOPL2, ME.LOL2] -> LOL3 -> [LO.LOPL3, ME.LOPL3]",LO.LOP,2,ME.LO,2,LO.LOP,3,ME.LOP,3
332514959958,mixed,FF->lat,FF,lat,2,0,2,2282,28,1.676,33758,14.793,LO,3,2,2,"[LOL2, MEL2] -> LOL3 -> [LO.LOPL3, ME.LOPL3]",LO,2,ME,2,LO.LOP,3,ME.LOP,3
248184240265,mixed,FF->lat,FF,lat,2,0,2,2282,28,1.879,15570,6.823,LO,3,2,2,"[LOL2, ME.LOL2] -> LOL3 -> [LO.LOPL3, ME.LOPL3]",LO,2,ME.LO,2,LO.LOP,3,ME.LOP,3
216996165988,mixed,FF->lat,FF,lat,2,0,2,2282,14,2.0,11188,4.903,LO,3,2,2,"[LOL2, ME.LOPL2] -> LOL3 -> [LO.LOPL3, ME.LOPL3]",LO,2,ME.LOP,2,LO.LOP,3,ME.LOP,3
117660646486,mixed,FF->lat,FF,lat,2,0,2,2282,29,1.373,46273,20.277,LO,3,2,2,"[MEL2, ME.LOL2] -> LOL3 -> [LO.LOPL3, MEL3]",ME,2,ME.LO,2,LO.LOP,3,ME,3
103799939517,mixed,FF->lat,FF,lat,2,0,2,2282,32,1.264,45849,20.092,LO,3,2,2,"[MEL2, ME.LOL2] -> LOL3 -> [MEL3, ME.LOPL3]",ME,2,ME.LO,2,ME,3,ME.LOP,3
101577711820,mixed,FF->lat,FF,lat,2,0,2,2282,24,1.52,44428,19.469,LO,3,2,2,"[MEL2, ME.LOL2] -> LOL3 -> [LO.LOPL3, ME.LOL3]",ME,2,ME.LO,2,LO.LOP,3,ME.LO,3
91474535676,mixed,FF->lat,FF,lat,2,0,2,2282,12,1.579,41891,18.357,LO,3,2,2,"[MEL2, ME.LOPL2] -> LOL3 -> [LO.LOPL3, MEL3]",ME,2,ME.LOP,2,LO.LOP,3,ME,3
87980596171,mixed,FF->lat,FF,lat,2,0,2,2282,26,1.376,44004,19.283,LO,3,2,2,"[MEL2, ME.LOL2] -> LOL3 -> [ME.LOL3, ME.LOPL3]",ME,2,ME.LO,2,ME.LO,3,ME.LOP,3
81620434928,mixed,FF->lat,FF,lat,2,0,2,2282,9,1.762,40046,17.549,LO,3,2,2,"[MEL2, ME.LOPL2] -> LOL3 -> [LO.LOPL3, ME.LOL3]",ME,2,ME.LOP,2,LO.LOP,3,ME.LO,3
78633418951,mixed,FF->lat,FF,lat,2,0,2,2282,15,1.423,41467,18.171,LO,3,2,2,"[MEL2, ME.LOPL2] -> LOL3 -> [MEL3, ME.LOPL3]",ME,2,ME.LOP,2,ME,3,ME.LOP,3
68449012860,mixed,FF->lat,FF,lat,2,0,2,2282,10,1.584,39622,17.363,LO,3,2,2,"[MEL2, ME.LOPL2] -> LOL3 -> [ME.LOL3, ME.LOPL3]",ME,2,ME.LOP,2,ME.LO,3,ME.LOP,3
67068673628,mixed,FF->lat,FF,lat,2,0,2,2282,12,1.789,23703,10.387,LO,3,2,2,"[ME.LOL2, ME.LOPL2] -> LOL3 -> [LO.LOPL3, MEL3]",ME.LO,2,ME.LOP,2,LO.LOP,3,ME,3
61934963004,mixed,FF->lat,FF,lat,2,0,2,2282,9,1.943,21858,9.578,LO,3,2,2,"[ME.LOL2, ME.LOPL2] -> LOL3 -> [LO.LOPL3, ME.LOL3]",ME.LO,2,ME.LOP,2,LO.LOP,3,ME.LO,3
56023539972,mixed,FF->lat,FF,lat,2,0,2,2282,15,1.609,23279,10.201,LO,3,2,2,"[ME.LOL2, ME.LOPL2] -> LOL3 -> [MEL3, ME.LOPL3]",ME.LO,2,ME.LOP,2,ME,3,ME.LOP,3
50225174897,mixed,FF->lat,FF,lat,2,0,2,2282,10,1.793,21434,9.393,LO,3,2,2,"[ME.LOL2, ME.LOPL2] -> LOL3 -> [ME.LOL3, ME.LOPL3]",ME.LO,2,ME.LOP,2,ME.LO,3,ME.LOP,3
48389749920,mixed,FF->lat,FF,lat,2,0,2,1,1,1.0,3966,3966.0,MB_ML.MB_CA,3,2,2,"[MB_CA.MB_MLL2, MB_CA.MB_VLL2] -> MB_ML.MB_CAL3 -> [MB_CA.MB_MLL3, MB_CA.MB_VLL3]",MB_CA.MB_ML,2,MB_CA.MB_VL,2,MB_CA.MB_ML,3,MB_CA.MB_VL,3
40425485776,mixed,FF->lat,FF,lat,2,0,2,2282,4,1.754,9708,4.254,LO,3,2,2,"[LOL2, LO.LOPL2] -> LOL3 -> [LO.LOPL3, ME.LOPL3]",LO,2,LO.LOP,2,LO.LOP,3,ME.LOP,3
23653775520,mixed,FF->lat,FF,lat,2,0,2,1,1,1.0,3827,3827.0,MB_ML.MB_CA,3,2,2,"[MB_CA.MB_MLL2, MB_CA.MB_VLL2] -> MB_ML.MB_CAL3 -> [MB_CA.MB_MLL3, MB_CA.MB_PEDL3]",MB_CA.MB_ML,2,MB_CA.MB_VL,2,MB_CA.MB_ML,3,MB_CA.MB_PED,3
19618581408,mixed,FF->lat,FF,lat,2,0,2,2282,31,1.126,40809,17.883,LO,3,2,2,"[LOL2, MEL2] -> LOL3 -> [LO.LOPL3, MEL3]",LO,2,ME,2,LO.LOP,3,ME,3
17875235387,mixed,FF->lat,FF,lat,2,0,2,2282,31,1.088,40385,17.697,LO,3,2,2,"[LOL2, MEL2] -> LOL3 -> [MEL3, ME.LOPL3]",LO,2,ME,2,ME,3,ME.LOP,3
16208565772,mixed,FF->lat,FF,lat,2,0,2,2282,24,1.182,38964,17.074,LO,3,2,2,"[LOL2, MEL2] -> LOL3 -> [LO.LOPL3, ME.LOL3]",LO,2,ME,2,LO.LOP,3,ME.LO,3
14656312292,mixed,FF->lat,FF,lat,2,0,2,2282,25,1.127,38540,16.889,LO,3,2,2,"[LOL2, MEL2] -> LOL3 -> [ME.LOL3, ME.LOPL3]",LO,2,ME,2,ME.LO,3,ME.LOP,3
13728965089,mixed,FF->lat,FF,lat,2,0,2,2282,5,1.945,40411,17.709,LO,3,2,2,"[LO.LOPL2, MEL2] -> LOL3 -> [LO.LOPL3, MEL3]",LO.LOP,2,ME,2,LO.LOP,3,ME,3
13150788561,mixed,FF->lat,FF,lat,2,0,2,2282,33,1.191,22621,9.913,LO,3,2,2,"[LOL2, ME.LOL2] -> LOL3 -> [LO.LOPL3, MEL3]",LO,2,ME.LO,2,LO.LOP,3,ME,3
13115777814,mixed,FF->lat,FF,lat,2,0,2,2282,3,1.999,38566,16.9,LO,3,2,2,"[LO.LOPL2, MEL2] -> LOL3 -> [LO.LOPL3, ME.LOL3]",LO.LOP,2,ME,2,LO.LOP,3,ME.LO,3
11875723339,mixed,FF->lat,FF,lat,2,0,2,2282,32,1.134,22197,9.727,LO,3,2,2,"[LOL2, ME.LOL2] -> LOL3 -> [MEL3, ME.LOPL3]",LO,2,ME.LO,2,ME,3,ME.LOP,3
11714607180,mixed,FF->lat,FF,lat,2,0,2,1,1,1.0,2291,2291.0,MB_ML.MB_CA,3,2,2,"[MB_CA.MB_MLL2, MB_CA.MB_VLL2] -> MB_ML.MB_CAL3 -> [MB_CA.MB_PEDL3, MB_CA.MB_VLL3]",MB_CA.MB_ML,2,MB_CA.MB_VL,2,MB_CA.MB_PED,3,MB_CA.MB_VL,3
11126835642,mixed,FF->lat,FF,lat,2,0,2,2282,5,1.796,39987,17.523,LO,3,2,2,"[LO.LOPL2, MEL2] -> LOL3 -> [MEL3, ME.LOPL3]",LO.LOP,2,ME,2,ME,3,ME.LOP,3
11001544386,mixed,FF->lat,FF,lat,2,0,2,2282,26,1.275,20776,9.104,LO,3,2,2,"[LOL2, ME.LOL2] -> LOL3 -> [LO.LOPL3, ME.LOL3]",LO,2,ME.LO,2,LO.LOP,3,ME.LO,3
10889574612,mixed,FF->lat,FF,lat,2,0,2,2282,4,1.996,22223,9.738,LO,3,2,2,"[LO.LOPL2, ME.LOL2] -> LOL3 -> [LO.LOPL3, MEL3]",LO.LOP,2,ME.LO,2,LO.LOP,3,ME,3
10818997409,mixed,FF->lat,FF,lat,2,0,2,2282,3,1.904,20378,8.93,LO,3,2,2,"[LO.LOPL2, ME.LOL2] -> LOL3 -> [LO.LOPL3, ME.LOL3]",LO.LOP,2,ME.LO,2,LO.LOP,3,ME.LO,3
10667388960,mixed,FF->lat,FF,lat,2,0,2,1,1,1.0,3676,3676.0,MB_ML.MB_CA,3,2,2,"[MB_CA.MB_MLL2, MB_CA.MB_VLL2] -> MB_ML.MB_CAL3 -> [MB_CA.CREL3, MB_CA.MB_MLL3]",MB_CA.MB_ML,2,MB_CA.MB_VL,2,MB_CA.CRE,3,MB_CA.MB_ML,3
10645825272,mixed,FF->lat,FF,lat,2,0,2,2282,3,1.668,15996,7.01,LO,3,2,2,"[LO.LOPL2, ME.LOPL2] -> LOL3 -> [LO.LOPL3, ME.LOL3]",LO.LOP,2,ME.LOP,2,LO.LOP,3,ME.LO,3
10289187343,mixed,FF->lat,FF,lat,2,0,2,2282,4,1.948,38142,16.714,LO,3,2,2,"[LO.LOPL2, MEL2] -> LOL3 -> [ME.LOL3, ME.LOPL3]",LO.LOP,2,ME,2,ME.LO,3,ME.LOP,3
10261490580,mixed,FF->lat,FF,lat,2,0,2,2282,4,1.849,17841,7.818,LO,3,2,2,"[LO.LOPL2, ME.LOPL2] -> LOL3 -> [LO.LOPL3, MEL3]",LO.LOP,2,ME.LOP,2,LO.LOP,3,ME,3
9826982573,mixed,FF->lat,FF,lat,2,0,2,2282,26,1.193,20352,8.918,LO,3,2,2,"[LOL2, ME.LOL2] -> LOL3 -> [ME.LOL3, ME.LOPL3]",LO,2,ME.LO,2,ME.LO,3,ME.LOP,3
9778651929,mixed,FF->lat,FF,lat,2,0,2,2282,12,1.311,18239,7.993,LO,3,2,2,"[LOL2, ME.LOPL2] -> LOL3 -> [LO.LOPL3, MEL3]",LO,2,ME.LOP,2,LO.LOP,3,ME,3
8693954699,mixed,FF->lat,FF,lat,2,0,2,2282,15,1.219,17815,7.807,LO,3,2,2,"[LOL2, ME.LOPL2] -> LOL3 -> [MEL3, ME.LOPL3]",LO,2,ME.LOP,2,ME,3,ME.LOP,3
8501533630,mixed,FF->lat,FF,lat,2,0,2,2282,5,1.963,21799,9.553,LO,3,2,2,"[LO.LOPL2, ME.LOL2] -> LOL3 -> [MEL3, ME.LOPL3]",LO.LOP,2,ME.LO,2,ME,3,ME.LOP,3
8355742368,mixed,FF->lat,FF,lat,2,0,2,2282,9,1.439,16394,7.184,LO,3,2,2,"[LOL2, ME.LOPL2] -> LOL3 -> [LO.LOPL3, ME.LOL3]",LO,2,ME.LOP,2,LO.LOP,3,ME.LO,3
8244179616,mixed,FF->lat,FF,lat,2,0,2,1,1,1.0,3597,3597.0,MB_ML.MB_CA,3,2,2,"[MB_CA.MB_MLL2, MB_CA.MB_PEDL2] -> MB_ML.MB_CAL3 -> [MB_CA.MB_MLL3, MB_CA.MB_VLL3]",MB_CA.MB_ML,2,MB_CA.MB_PED,2,MB_CA.MB_ML,3,MB_CA.MB_VL,3
8168908285,mixed,FF->lat,FF,lat,2,0,2,2282,4,1.995,19954,8.744,LO,3,2,2,"[LO.LOPL2, ME.LOL2] -> LOL3 -> [ME.LOL3, ME.LOPL3]",LO.LOP,2,ME.LO,2,ME.LO,3,ME.LOP,3
7706089979,mixed,FF->lat,FF,lat,2,0,2,2282,4,1.845,15572,6.824,LO,3,2,2,"[LO.LOPL2, ME.LOPL2] -> LOL3 -> [ME.LOL3, ME.LOPL3]",LO.LOP,2,ME.LOP,2,ME.LO,3,ME.LOP,3
7659767814,mixed,FF->lat,FF,lat,2,0,2,2282,5,1.975,17417,7.632,LO,3,2,2,"[LO.LOPL2, ME.LOPL2] -> LOL3 -> [MEL3, ME.LOPL3]",LO.LOP,2,ME.LOP,2,ME,3,ME.LOP,3
7536393361,mixed,FF->lat,FF,lat,2,0,2,52,2,1.0,3547,68.212,MB_ML,3,2,2,"[MB_CA.MB_MLL2, MB_MLL2] -> MB_MLL3 -> [MB_CA.MB_MLL3, MB_CA.MB_PEDL3]",MB_CA.MB_ML,2,MB_ML,2,MB_CA.MB_ML,3,MB_CA.MB_PED,3
7310382222,mixed,FF->lat,FF,lat,2,0,2,2282,10,1.314,15970,6.998,LO,3,2,2,"[LOL2, ME.LOPL2] -> LOL3 -> [ME.LOL3, ME.LOPL3]",LO,2,ME.LOP,2,ME.LO,3,ME.LOP,3
7168851840,mixed,FF->lat,FF,lat,2,0,2,1,1,1.0,3686,3686.0,MB_ML.MB_CA,3,2,2,"[MB_CA.MB_MLL2, MB_MLL2] -> MB_ML.MB_CAL3 -> [MB_CA.MB_MLL3, MB_CA.MB_VLL3]",MB_CA.MB_ML,2,MB_ML,2,MB_CA.MB_ML,3,MB_CA.MB_VL,3
6537594240,mixed,FF->lat,FF,lat,2,0,2,52,1,1.0,3525,67.788,MB_ML,3,2,2,"[AL.MB_CAL2, MB_CA.MB_MLL2] -> MB_MLL3 -> [MB_CA.MB_MLL3, MB_CA.MB_PEDL3]",AL.MB_CA,2,MB_CA.MB_ML,2,MB_CA.MB_ML,3,MB_CA.MB_PED,3
6493193280,mixed,FF->lat,FF,lat,2,0,2,1,1,1.0,3621,3621.0,MB_ML.MB_CA,3,2,2,"[MB_CA.MB_MLL2, MB_CA.MB_VLL2] -> MB_ML.MB_CAL3 -> [MB_CA.MB_MLL3, PLP.CREL3]",MB_CA.MB_ML,2,MB_CA.MB_VL,2,MB_CA.MB_ML,3,PLP.CRE,3
6349559760,mixed,FF->lat,FF,lat,2,0,2,52,1,1.0,3686,70.885,MB_ML,3,2,2,"[MB_CA.MB_MLL2, MB_MLL2] -> MB_MLL3 -> [MB_CA.MB_MLL3, MB_CA.MB_VLL3]",MB_CA.MB_ML,2,MB_ML,2,MB_CA.MB_ML,3,MB_CA.MB_VL,3
6332485792,mixed,FF->lat,FF,lat,2,0,2,1,1,1.0,3664,3664.0,MB_ML.MB_CA,3,2,2,"[AL.MB_CAL2, MB_CA.MB_MLL2] -> MB_ML.MB_CAL3 -> [MB_CA.MB_MLL3, MB_CA.MB_VLL3]",AL.MB_CA,2,MB_CA.MB_ML,2,MB_CA.MB_ML,3,MB_CA.MB_VL,3
6041512329,mixed,FF->lat,FF,lat,2,0,2,2282,302,1.13,51055,22.373,LO,3,2,2,"[MEL2, ME.LOL2] -> LOL3 -> [MEL3, ME.LOL3]",ME,2,ME.LO,2,ME,3,ME.LO,3
5527968120,mixed,FF->lat,FF,lat,2,0,2,1,1,1.0,2899,2899.0,MB_ML.MB_CA,3,2,2,"[MB_CA.MB_PEDL2, MB_CA.MB_VLL2] -> MB_ML.MB_CAL3 -> [MB_CA.MB_MLL3, MB_CA.MB_VLL3]",MB_CA.MB_PED,2,MB_CA.MB_VL,2,MB_CA.MB_ML,3,MB_CA.MB_VL,3
5508051840,mixed,FF->lat,FF,lat,2,0,2,52,1,1.0,3664,70.462,MB_ML,3,2,2,"[AL.MB_CAL2, MB_CA.MB_MLL2] -> MB_MLL3 -> [MB_CA.MB_MLL3, MB_CA.MB_VLL3]",AL.MB_CA,2,MB_CA.MB_ML,2,MB_CA.MB_ML,3,MB_CA.MB_VL,3
5283058140,mixed,FF->lat,FF,lat,2,0,2,1,1,1.0,2140,2140.0,MB_ML.MB_CA,3,2,2,"[MB_CA.MB_MLL2, MB_CA.MB_VLL2] -> MB_ML.MB_CAL3 -> [MB_CA.CREL3, MB_CA.MB_VLL3]",MB_CA.MB_ML,2,MB_CA.MB_VL,2,MB_CA.CRE,3,MB_CA.MB_VL,3
5257158016,mixed,FF->lat,FF,lat,2,0,2,1,1,1.0,3579,3579.0,MB_ML.MB_CA,3,2,2,"[MB_CA.CREL2, MB_CA.MB_MLL2] -> MB_ML.MB_CAL3 -> [MB_CA.MB_MLL3, MB_CA.MB_VLL3]",MB_CA.CRE,2,MB_CA.MB_ML,2,MB_CA.MB_ML,3,MB_CA.MB_VL,3
5125075255,mixed,FF->lat,FF,lat,2,0,2,2282,5,1.0,10007,4.385,LO,3,2,2,"[GNG.MEL2, ME.LOPL2] -> LOL3 -> [LO.LOPL3, ME.LOPL3]",GNG.ME,2,ME.LOP,2,LO.LOP,3,ME.LOP,3
5018196288,mixed,FF->lat,FF,lat,2,0,2,1,1,1.0,3729,3729.0,MB_ML.MB_CA,3,2,2,"[AL.LHL2, MB_CA.MB_MLL2] -> MB_ML.MB_CAL3 -> [MB_CA.MB_MLL3, MB_CA.MB_VLL3]",AL.LH,2,MB_CA.MB_ML,2,MB_CA.MB_ML,3,MB_CA.MB_VL,3
4806928800,mixed,FF->lat,FF,lat,2,0,2,1,1,1.0,2988,2988.0,MB_ML.MB_CA,3,2,2,"[MB_CA.MB_VLL2, MB_MLL2] -> MB_ML.MB_CAL3 -> [MB_CA.MB_MLL3, MB_CA.MB_VLL3]",MB_CA.MB_VL,2,MB_ML,2,MB_CA.MB_ML,3,MB_CA.MB_VL,3
4636316358,mixed,FF->lat,FF,lat,2,0,2,2282,26,1.996,32577,14.276,LO,3,2,2,"[AVLP.MEL2, MEL2] -> LOL3 -> [LO.LOPL3, ME.LOPL3]",AVLP.ME,2,ME,2,LO.LOP,3,ME.LOP,3
4437880163,mixed,FF->lat,FF,lat,2,0,2,2282,8,1.0,32577,14.276,LO,3,2,2,"[GNG.MEL2, MEL2] -> LOL3 -> [LO.LOPL3, ME.LOPL3]",GNG.ME,2,ME,2,LO.LOP,3,ME.LOP,3
4412189626,mixed,FF->lat,FF,lat,2,0,2,2282,8,1.0,14389,6.305,LO,3,2,2,"[GNG.MEL2, ME.LOL2] -> LOL3 -> [LO.LOPL3, ME.LOPL3]",GNG.ME,2,ME.LO,2,LO.LOP,3,ME.LOP,3
4246120440,mixed,FF->lat,FF,lat,2,0,2,1,1,1.0,2966,2966.0,MB_ML.MB_CA,3,2,2,"[AL.MB_CAL2, MB_CA.MB_VLL2] -> MB_ML.MB_CAL3 -> [MB_CA.MB_MLL3, MB_CA.MB_VLL3]",AL.MB_CA,2,MB_CA.MB_VL,2,MB_CA.MB_ML,3,MB_CA.MB_VL,3
4200701363,mixed,FF->lat,FF,lat,2,0,2,2282,16,1.104,46673,20.453,LO,3,2,2,"[MEL2, ME.LOPL2] -> LOL3 -> [MEL3, ME.LOL3]",ME,2,ME.LOP,2,ME,3,ME.LO,3
4029902496,mixed,FF->lat,FF,lat,2,0,2,1,1,1.0,3458,3458.0,MB_ML.MB_CA,3,2,2,"[MB_CA.MB_MLL2, MB_CA.MB_PEDL2] -> MB_ML.MB_CAL3 -> [MB_CA.MB_MLL3, MB_CA.MB_PEDL3]",MB_CA.MB_ML,2,MB_CA.MB_PED,2,MB_CA.MB_ML,3,MB_CA.MB_PED,3
3813596640,mixed,FF->lat,FF,lat,2,0,2,52,1,1.0,3827,73.596,MB_ML,3,2,2,"[MB_CA.MB_MLL2, MB_CA.MB_VLL2] -> MB_MLL3 -> [MB_CA.MB_MLL3, MB_CA.MB_PEDL3]",MB_CA.MB_ML,2,MB_CA.MB_VL,2,MB_CA.MB_ML,3,MB_CA.MB_PED,3
3777090810,mixed,FF->lat,FF,lat,2,0,2,2282,26,1.945,14389,6.305,LO,3,2,2,"[AVLP.MEL2, ME.LOL2] -> LOL3 -> [LO.LOPL3, ME.LOPL3]",AVLP.ME,2,ME.LO,2,LO.LOP,3,ME.LOP,3
3667281385,mixed,FF->lat,FF,lat,2,0,2,2282,13,1.727,10007,4.385,LO,3,2,2,"[AVLP.MEL2, ME.LOPL2] -> LOL3 -> [LO.LOPL3, ME.LOPL3]",AVLP.ME,2,ME.LOP,2,LO.LOP,3,ME.LOP,3
3619842480,mixed,FF->lat,FF,lat,2,0,2,52,1,1.0,3396,65.308,MB_ML,3,2,2,"[MB_CA.MB_MLL2, MB_MLL2] -> MB_MLL3 -> [MB_CA.CREL3, MB_CA.MB_MLL3]",MB_CA.MB_ML,2,MB_ML,2,MB_CA.CRE,3,MB_CA.MB_ML,3
3525081120,mixed,FF->lat,FF,lat,2,0,2,1,1,1.0,2881,2881.0,MB_ML.MB_CA,3,2,2,"[MB_CA.CREL2, MB_CA.MB_VLL2] -> MB_ML.MB_CAL3 -> [MB_CA.MB_MLL3, MB_CA.MB_VLL3]",MB_CA.CRE,2,MB_CA.MB_VL,2,MB_CA.MB_ML,3,MB_CA.MB_VL,3
3504263040,mixed,FF->lat,FF,lat,2,0,2,1,1,1.0,3547,3547.0,MB_ML.MB_CA,3,2,2,"[MB_CA.MB_MLL2, MB_MLL2] -> MB_ML.MB_CAL3 -> [MB_CA.MB_MLL3, MB_CA.MB_PEDL3]",MB_CA.MB_ML,2,MB_ML,2,MB_CA.MB_ML,3,MB_CA.MB_PED,3
3364850160,mixed,FF->lat,FF,lat,2,0,2,1,1,1.0,3031,3031.0,MB_ML.MB_CA,3,2,2,"[AL.LHL2, MB_CA.MB_VLL2] -> MB_ML.MB_CAL3 -> [MB_CA.MB_MLL3, MB_CA.MB_VLL3]",AL.LH,2,MB_CA.MB_VL,2,MB_CA.MB_ML,3,MB_CA.MB_VL,3
3215774520,mixed,FF->lat,FF,lat,2,0,2,1,1,1.0,2085,2085.0,MB_ML.MB_CA,3,2,2,"[MB_CA.MB_MLL2, MB_CA.MB_VLL2] -> MB_ML.MB_CAL3 -> [MB_CA.MB_VLL3, PLP.CREL3]",MB_CA.MB_ML,2,MB_CA.MB_VL,2,MB_CA.MB_VL,3,PLP.CRE,3
3213030240,mixed,FF->lat,FF,lat,2,0,2,52,1,1.0,3966,76.269,MB_ML,3,2,2,"[MB_CA.MB_MLL2, MB_CA.MB_VLL2] -> MB_MLL3 -> [MB_CA.MB_MLL3, MB_CA.MB_VLL3]",MB_CA.MB_ML,2,MB_CA.MB_VL,2,MB_CA.MB_ML,3,MB_CA.MB_VL,3
3140104320,mixed,FF->lat,FF,lat,2,0,2,52,1,1.0,3374,64.885,MB_ML,3,2,2,"[AL.MB_CAL2, MB_CA.MB_MLL2] -> MB_MLL3 -> [MB_CA.CREL3, MB_CA.MB_MLL3]",AL.MB_CA,2,MB_CA.MB_ML,2,MB_CA.CRE,3,MB_CA.MB_ML,3
3095432352,mixed,FF->lat,FF,lat,2,0,2,1,1,1.0,3525,3525.0,MB_ML.MB_CA,3,2,2,"[AL.MB_CAL2, MB_CA.MB_MLL2] -> MB_ML.MB_CAL3 -> [MB_CA.MB_MLL3, MB_CA.MB_PEDL3]",AL.MB_CA,2,MB_CA.MB_ML,2,MB_CA.MB_ML,3,MB_CA.MB_PED,3
2937396960,mixed,FF->lat,FF,lat,2,0,2,1,1,1.0,3576,3576.0,MB_ML.MB_CA,3,2,2,"[MB_CA.MB_MLL2, MB_CA.MB_VLL2] -> MB_ML.MB_CAL3 -> [MB_CA.MB_MLL3, PLP.MB_PEDL3]",MB_CA.MB_ML,2,MB_CA.MB_VL,2,MB_CA.MB_ML,3,PLP.MB_PED,3
2801705210,mixed,FF->lat,FF,lat,2,0,2,2282,18,1.159,28485,12.482,LO,3,2,2,"[ME.LOL2, ME.LOPL2] -> LOL3 -> [MEL3, ME.LOL3]",ME.LO,2,ME.LOP,2,ME,3,ME.LO,3
2702169720,mixed,FF->lat,FF,lat,2,0,2,1,1,1.0,2760,2760.0,MB_ML.MB_CA,3,2,2,"[MB_CA.MB_PEDL2, MB_CA.MB_VLL2] -> MB_ML.MB_CAL3 -> [MB_CA.MB_MLL3, MB_CA.MB_PEDL3]",MB_CA.MB_PED,2,MB_CA.MB_VL,2,MB_CA.MB_ML,3,MB_CA.MB_PED,3
2582453340,mixed,FF->lat,FF,lat,2,0,2,1,1,1.0,2001,2001.0,MB_ML.MB_CA,3,2,2,"[MB_CA.MB_MLL2, MB_CA.MB_VLL2] -> MB_ML.MB_CAL3 -> [MB_CA.CREL3, MB_CA.MB_PEDL3]",MB_CA.MB_ML,2,MB_CA.MB_VL,2,MB_CA.CRE,3,MB_CA.MB_PED,3
2569792896,mixed,FF->lat,FF,lat,2,0,2,1,1,1.0,3440,3440.0,MB_ML.MB_CA,3,2,2,"[MB_CA.CREL2, MB_CA.MB_MLL2] -> MB_ML.MB_CAL3 -> [MB_CA.MB_MLL3, MB_CA.MB_PEDL3]",MB_CA.CRE,2,MB_CA.MB_ML,2,MB_CA.MB_ML,3,MB_CA.MB_PED,3
2452984128,mixed,FF->lat,FF,lat,2,0,2,1,1,1.0,3590,3590.0,MB_ML.MB_CA,3,2,2,"[AL.LHL2, MB_CA.MB_MLL2] -> MB_ML.MB_CAL3 -> [MB_CA.MB_MLL3, MB_CA.MB_PEDL3]",AL.LH,2,MB_CA.MB_ML,2,MB_CA.MB_ML,3,MB_CA.MB_PED,3
2417381689,mixed,FF->lat,FF,lat,2,0,2,2282,18,1.0,33222,14.558,LO,3,2,2,"[LOPL2, MEL2] -> LOL3 -> [LO.LOPL3, ME.LOPL3]",LOP,2,ME,2,LO.LOP,3,ME.LOP,3
2417372550,mixed,FF->lat,FF,lat,2,0,2,2282,11,1.0,32581,14.277,LO,3,2,2,"[IPS.MEL2, MEL2] -> LOL3 -> [LO.LOPL3, ME.LOPL3]",IPS.ME,2,ME,2,LO.LOP,3,ME.LOP,3
2349712800,mixed,FF->lat,FF,lat,2,0,2,1,1,1.0,2849,2849.0,MB_ML.MB_CA,3,2,2,"[MB_CA.MB_VLL2, MB_MLL2] -> MB_ML.MB_CAL3 -> [MB_CA.MB_MLL3, MB_CA.MB_PEDL3]",MB_CA.MB_VL,2,MB_ML,2,MB_CA.MB_ML,3,MB_CA.MB_PED,3
2318997600,mixed,FF->lat,FF,lat,2,0,2,1,1,1.0,3595,3595.0,MB_ML.MB_CA,3,2,2,"[MB_CA.MB_MLL2, MB_CA.MB_VLL2] -> MB_ML.MB_CAL3 -> [MB_CA.MB_MLL3, PLP.MB_MLL3]",MB_CA.MB_ML,2,MB_CA.MB_VL,2,MB_CA.MB_ML,3,PLP.MB_ML,3
2075579640,mixed,FF->lat,FF,lat,2,0,2,1,1,1.0,2827,2827.0,MB_ML.MB_CA,3,2,2,"[AL.MB_CAL2, MB_CA.MB_VLL2] -> MB_ML.MB_CAL3 -> [MB_CA.MB_MLL3, MB_CA.MB_PEDL3]",AL.MB_CA,2,MB_CA.MB_VL,2,MB_CA.MB_ML,3,MB_CA.MB_PED,3
2017617120,mixed,FF->lat,FF,lat,2,0,2,52,1,1.0,3315,63.75,MB_ML,3,2,2,"[MB_CA.MB_MLL2, MB_MLL2] -> MB_MLL3 -> [MB_CA.MB_MLL3, PLP.MB_MLL3]",MB_CA.MB_ML,2,MB_ML,2,MB_CA.MB_ML,3,PLP.MB_ML,3
1995821964,mixed,FF->lat,FF,lat,2,0,2,1,1,1.0,1922,1922.0,MB_ML.MB_CA,3,2,2,"[MB_CA.MB_MLL2, MB_CA.MB_PEDL2] -> MB_ML.MB_CAL3 -> [MB_CA.MB_PEDL3, MB_CA.MB_VLL3]",MB_CA.MB_ML,2,MB_CA.MB_PED,2,MB_CA.MB_PED,3,MB_CA.MB_VL,3
1855198080,mixed,FF->lat,FF,lat,2,0,2,1,1,1.0,3598,3598.0,MB_ML.MB_CA,3,2,2,"[MB_CA.MB_MLL2, MB_CA.MB_VLL2] -> MB_ML.MB_CAL3 -> [MB_CA.MB_MLL3, MB_MLL3]",MB_CA.MB_ML,2,MB_CA.MB_VL,2,MB_CA.MB_ML,3,MB_ML,3
1831727520,mixed,FF->lat,FF,lat,2,0,2,52,1,1.0,3676,70.692,MB_ML,3,2,2,"[MB_CA.MB_MLL2, MB_CA.MB_VLL2] -> MB_MLL3 -> [MB_CA.CREL3, MB_CA.MB_MLL3]",MB_CA.MB_ML,2,MB_CA.MB_VL,2,MB_CA.CRE,3,MB_CA.MB_ML,3
1817407008,mixed,FF->lat,FF,lat,2,0,2,1,1,1.0,3307,3307.0,MB_ML.MB_CA,3,2,2,"[MB_CA.MB_MLL2, MB_CA.MB_PEDL2] -> MB_ML.MB_CAL3 -> [MB_CA.CREL3, MB_CA.MB_MLL3]",MB_CA.MB_ML,2,MB_CA.MB_PED,2,MB_CA.CRE,3,MB_CA.MB_ML,3
1750222080,mixed,FF->lat,FF,lat,2,0,2,52,1,1.0,3293,63.327,MB_ML,3,2,2,"[AL.MB_CAL2, MB_CA.MB_MLL2] -> MB_MLL3 -> [MB_CA.MB_MLL3, PLP.MB_MLL3]",AL.MB_CA,2,MB_CA.MB_ML,2,MB_CA.MB_ML,3,PLP.MB_ML,3
1735497360,mixed,FF->lat,FF,lat,2,0,2,1,1,1.0,2011,2011.0,MB_ML.MB_CA,3,2,2,"[MB_CA.MB_MLL2, MB_MLL2] -> MB_ML.MB_CAL3 -> [MB_CA.MB_PEDL3, MB_CA.MB_VLL3]",MB_CA.MB_ML,2,MB_ML,2,MB_CA.MB_PED,3,MB_CA.MB_VL,3
1723122720,mixed,FF->lat,FF,lat,2,0,2,1,1,1.0,2742,2742.0,MB_ML.MB_CA,3,2,2,"[MB_CA.CREL2, MB_CA.MB_VLL2] -> MB_ML.MB_CAL3 -> [MB_CA.MB_MLL3, MB_CA.MB_PEDL3]",MB_CA.CRE,2,MB_CA.MB_VL,2,MB_CA.MB_ML,3,MB_CA.MB_PED,3
1672732096,mixed,FF->lat,FF,lat,2,0,2,1,1,1.0,3542,3542.0,MB_ML.MB_CA,3,2,2,"[MB_CA.MB_MLL2, MB_VL.MB_MLL2] -> MB_ML.MB_CAL3 -> [MB_CA.MB_MLL3, MB_CA.MB_VLL3]",MB_CA.MB_ML,2,MB_VL.MB_ML,2,MB_CA.MB_ML,3,MB_CA.MB_VL,3
1644798960,mixed,FF->lat,FF,lat,2,0,2,1,1,1.0,2892,2892.0,MB_ML.MB_CA,3,2,2,"[AL.LHL2, MB_CA.MB_VLL2] -> MB_ML.MB_CAL3 -> [MB_CA.MB_MLL3, MB_CA.MB_PEDL3]",AL.LH,2,MB_CA.MB_VL,2,MB_CA.MB_ML,3,MB_CA.MB_PED,3
1580353920,mixed,FF->lat,FF,lat,2,0,2,1,1,1.0,3396,3396.0,MB_ML.MB_CA,3,2,2,"[MB_CA.MB_MLL2, MB_MLL2] -> MB_ML.MB_CAL3 -> [MB_CA.CREL3, MB_CA.MB_MLL3]",MB_CA.MB_ML,2,MB_ML,2,MB_CA.CRE,3,MB_CA.MB_ML,3
1571928120,mixed,FF->lat,FF,lat,2,0,2,1,1,1.0,1946,1946.0,MB_ML.MB_CA,3,2,2,"[MB_CA.MB_MLL2, MB_CA.MB_VLL2] -> MB_ML.MB_CAL3 -> [MB_CA.MB_PEDL3, PLP.CREL3]",MB_CA.MB_ML,2,MB_CA.MB_VL,2,MB_CA.MB_PED,3,PLP.CRE,3
1570997001,mixed,FF->lat,FF,lat,2,0,2,2282,18,1.0,15034,6.588,LO,3,2,2,"[LOPL2, ME.LOL2] -> LOL3 -> [LO.LOPL3, ME.LOPL3]",LOP,2,ME.LO,2,LO.LOP,3,ME.LOP,3
1570993873,mixed,FF->lat,FF,lat,2,0,2,2282,11,1.0,14393,6.307,LO,3,2,2,"[IPS.MEL2, ME.LOL2] -> LOL3 -> [LO.LOPL3, ME.LOPL3]",IPS.ME,2,ME.LO,2,LO.LOP,3,ME.LOP,3
1533022668,mixed,FF->lat,FF,lat,2,0,2,1,1,1.0,1989,1989.0,MB_ML.MB_CA,3,2,2,"[AL.MB_CAL2, MB_CA.MB_MLL2] -> MB_ML.MB_CAL3 -> [MB_CA.MB_PEDL3, MB_CA.MB_VLL3]",AL.MB_CA,2,MB_CA.MB_ML,2,MB_CA.MB_PED,3,MB_CA.MB_VL,3
1454755140,mixed,FF->lat,FF,lat,2,0,2,1,1,1.0,2040,2040.0,MB_ML.MB_CA,3,2,2,"[MB_CA.MB_MLL2, MB_CA.MB_VLL2] -> MB_ML.MB_CAL3 -> [MB_CA.MB_VLL3, PLP.MB_PEDL3]",MB_CA.MB_ML,2,MB_CA.MB_VL,2,MB_CA.MB_VL,3,PLP.MB_PED,3
1433770368,mixed,FF->lat,FF,lat,2,0,2,1,1,1.0,3548,3548.0,MB_ML.MB_CA,3,2,2,"[MB_CAL2, MB_CA.MB_MLL2] -> MB_ML.MB_CAL3 -> [MB_CA.MB_MLL3, MB_CA.MB_VLL3]",MB_CA,2,MB_CA.MB_ML,2,MB_CA.MB_ML,3,MB_CA.MB_VL,3
1433770368,mixed,FF->lat,FF,lat,2,0,2,1,1,1.0,3535,3535.0,MB_ML.MB_CA,3,2,2,"[MB_CA.MB_MLL2, MB_ML.MB_VLL2] -> MB_ML.MB_CAL3 -> [MB_CA.MB_MLL3, MB_CA.MB_VLL3]",MB_CA.MB_ML,2,MB_ML.MB_VL,2,MB_CA.MB_ML,3,MB_CA.MB_VL,3
1395979296,mixed,FF->lat,FF,lat,2,0,2,1,1,1.0,3374,3374.0,MB_ML.MB_CA,3,2,2,"[AL.MB_CAL2, MB_CA.MB_MLL2] -> MB_ML.MB_CAL3 -> [MB_CA.CREL3, MB_CA.MB_MLL3]",AL.MB_CA,2,MB_CA.MB_ML,2,MB_CA.CRE,3,MB_CA.MB_ML,3
1391398560,mixed,FF->lat,FF,lat,2,0,2,1,1,1.0,3570,3570.0,MB_ML.MB_CA,3,2,2,"[MB_CA.MB_MLL2, MB_CA.MB_VLL2] -> MB_ML.MB_CAL3 -> [MB_CAL3, MB_CA.MB_MLL3]",MB_CA.MB_ML,2,MB_CA.MB_VL,2,MB_CA,3,MB_CA.MB_ML,3
1361998800,mixed,FF->lat,FF,lat,2,0,2,52,1,1.0,3590,69.038,MB_ML,3,2,2,"[AL.LHL2, MB_CA.MB_MLL2] -> MB_MLL3 -> [MB_CA.MB_MLL3, MB_CA.MB_PEDL3]",AL.LH,2,MB_CA.MB_ML,2,MB_CA.MB_ML,3,MB_CA.MB_PED,3
1361998800,mixed,FF->lat,FF,lat,2,0,2,52,1,1.0,3440,66.154,MB_ML,3,2,2,"[MB_CA.CREL2, MB_CA.MB_MLL2] -> MB_MLL3 -> [MB_CA.MB_MLL3, MB_CA.MB_PEDL3]",MB_CA.CRE,2,MB_CA.MB_ML,2,MB_CA.MB_ML,3,MB_CA.MB_PED,3
1338258105,mixed,FF->lat,FF,lat,2,0,2,1,1,1.0,1224,1224.0,MB_ML.MB_CA,3,2,2,"[MB_CA.MB_PEDL2, MB_CA.MB_VLL2] -> MB_ML.MB_CAL3 -> [MB_CA.MB_PEDL3, MB_CA.MB_VLL3]",MB_CA.MB_PED,2,MB_CA.MB_VL,2,MB_CA.MB_PED,3,MB_CA.MB_VL,3
1323014400,mixed,FF->lat,FF,lat,2,0,2,2282,1,1.0,8527,3.737,LO,3,2,2,"[GNG.MEL2, LO.LOPL2] -> LOL3 -> [LO.LOPL3, ME.LOPL3]",GNG.ME,2,LO.LOP,2,LO.LOP,3,ME.LOP,3
1322112330,mixed,FF->lat,FF,lat,2,0,2,2282,5,1.632,16759,7.344,LO,3,2,2,"[LOL2, LO.LOPL2] -> LOL3 -> [LO.LOPL3, MEL3]",LO,2,LO.LOP,2,LO.LOP,3,ME,3
1272698064,mixed,FF->lat,FF,lat,2,0,2,1,1,1.0,1904,1904.0,MB_ML.MB_CA,3,2,2,"[MB_CA.CREL2, MB_CA.MB_MLL2] -> MB_ML.MB_CAL3 -> [MB_CA.MB_PEDL3, MB_CA.MB_VLL3]",MB_CA.CRE,2,MB_CA.MB_ML,2,MB_CA.MB_PED,3,MB_CA.MB_VL,3
1229665695,mixed,FF->lat,FF,lat,2,0,2,2282,8,1.0,32259,14.136,LO,3,2,2,"[MEL2, ME.LOPL2] -> LOL3 -> [LO.LOPL3, LOPL3]",ME,2,ME.LOP,2,LO.LOP,3,LOP,3
1229662140,mixed,FF->lat,FF,lat,2,0,2,2282,1,1.0,31183,13.665,LO,3,2,2,"[MEL2, ME.LOPL2] -> LOL3 -> [FB.LOL3, LO.LOPL3]",ME,2,ME.LOP,2,FB.LO,3,LO.LOP,3
1222545791,mixed,FF->lat,FF,lat,2,0,2,2282,8,1.0,14071,6.166,LO,3,2,2,"[ME.LOL2, ME.LOPL2] -> LOL3 -> [LO.LOPL3, LOPL3]",ME.LO,2,ME.LOP,2,LO.LOP,3,LOP,3
1222543980,mixed,FF->lat,FF,lat,2,0,2,2282,1,1.0,12995,5.695,LO,3,2,2,"[ME.LOL2, ME.LOPL2] -> LOL3 -> [FB.LOL3, LO.LOPL3]",ME.LO,2,ME.LOP,2,FB.LO,3,LO.LOP,3
1218625560,mixed,FF->lat,FF,lat,2,0,2,1,1,1.0,2609,2609.0,MB_ML.MB_CA,3,2,2,"[MB_CA.MB_PEDL2, MB_CA.MB_VLL2] -> MB_ML.MB_CAL3 -> [MB_CA.CREL3, MB_CA.MB_MLL3]",MB_CA.MB_PED,2,MB_CA.MB_VL,2,MB_CA.CRE,3,MB_CA.MB_ML,3
1214848152,mixed,FF->lat,FF,lat,2,0,2,1,1,1.0,2054,2054.0,MB_ML.MB_CA,3,2,2,"[AL.LHL2, MB_CA.MB_MLL2] -> MB_ML.MB_CAL3 -> [MB_CA.MB_PEDL3, MB_CA.MB_VLL3]",AL.LH,2,MB_CA.MB_ML,2,MB_CA.MB_PED,3,MB_CA.MB_VL,3
1189598179,mixed,FF->lat,FF,lat,2,0,2,2282,3,1.815,14914,6.535,LO,3,2,2,"[LOL2, LO.LOPL2] -> LOL3 -> [LO.LOPL3, ME.LOL3]",LO,2,LO.LOP,2,LO.LOP,3,ME.LO,3
1186833600,mixed,FF->lat,FF,lat,2,0,2,52,1,1.0,3341,64.25,MB_ML,3,2,2,"[MB_CA.MB_MLL2, MB_MLL2] -> MB_MLL3 -> [MB_CA.MB_MLL3, PLP.CREL3]",MB_CA.MB_ML,2,MB_ML,2,MB_CA.MB_ML,3,PLP.CRE,3
1186833600,mixed,FF->lat,FF,lat,2,0,2,52,1,1.0,3288,63.231,MB_ML,3,2,2,"[MB_CA.MB_MLL2, MB_MLL2] -> MB_MLL3 -> [MB_CA.MB_MLL3, SCL.MB_MLL3]",MB_CA.MB_ML,2,MB_ML,2,MB_CA.MB_ML,3,SCL.MB_ML,3
1163702700,mixed,FF->lat,FF,lat,2,0,2,1,1,1.0,1313,1313.0,MB_ML.MB_CA,3,2,2,"[MB_CA.MB_VLL2, MB_MLL2] -> MB_ML.MB_CAL3 -> [MB_CA.MB_PEDL3, MB_CA.MB_VLL3]",MB_CA.MB_VL,2,MB_ML,2,MB_CA.MB_PED,3,MB_CA.MB_VL,3
1158926208,mixed,FF->lat,FF,lat,2,0,2,1,1,1.0,3289,3289.0,MB_ML.MB_CA,3,2,2,"[MB_CA.CREL2, MB_CA.MB_MLL2] -> MB_ML.MB_CAL3 -> [MB_CA.CREL3, MB_CA.MB_MLL3]",MB_CA.CRE,2,MB_CA.MB_ML,2,MB_CA.CRE,3,MB_CA.MB_ML,3
1148490900,mixed,FF->lat,FF,lat,2,0,2,1,1,1.0,2059,2059.0,MB_ML.MB_CA,3,2,2,"[MB_CA.MB_MLL2, MB_CA.MB_VLL2] -> MB_ML.MB_CAL3 -> [MB_CA.MB_VLL3, PLP.MB_MLL3]",MB_CA.MB_ML,2,MB_CA.MB_VL,2,MB_CA.MB_VL,3,PLP.MB_ML,3
1147510800,mixed,FF->lat,FF,lat,2,0,2,52,1,1.0,3729,71.712,MB_ML,3,2,2,"[AL.LHL2, MB_CA.MB_MLL2] -> MB_MLL3 -> [MB_CA.MB_MLL3, MB_CA.MB_VLL3]",AL.LH,2,MB_CA.MB_ML,2,MB_CA.MB_ML,3,MB_CA.MB_VL,3
1147510800,mixed,FF->lat,FF,lat,2,0,2,52,1,1.0,3579,68.827,MB_ML,3,2,2,"[MB_CA.CREL2, MB_CA.MB_MLL2] -> MB_MLL3 -> [MB_CA.MB_MLL3, MB_CA.MB_VLL3]",MB_CA.CRE,2,MB_CA.MB_ML,2,MB_CA.MB_ML,3,MB_CA.MB_VL,3
1128787934,mixed,FF->lat,FF,lat,2,0,2,2282,5,1.467,16335,7.158,LO,3,2,2,"[LOL2, LO.LOPL2] -> LOL3 -> [MEL3, ME.LOPL3]",LO,2,LO.LOP,2,ME,3,ME.LOP,3
1121616720,mixed,FF->lat,FF,lat,2,0,2,1,1,1.0,2844,2844.0,MB_ML.MB_CA,3,2,2,"[MB_CA.MB_VLL2, MB_VL.MB_MLL2] -> MB_ML.MB_CAL3 -> [MB_CA.MB_MLL3, MB_CA.MB_VLL3]",MB_CA.MB_VL,2,MB_VL.MB_ML,2,MB_CA.MB_ML,3,MB_CA.MB_VL,3
1106247744,mixed,FF->lat,FF,lat,2,0,2,1,1,1.0,3439,3439.0,MB_ML.MB_CA,3,2,2,"[AL.LHL2, MB_CA.MB_MLL2] -> MB_ML.MB_CAL3 -> [MB_CA.CREL3, MB_CA.MB_MLL3]",AL.LH,2,MB_CA.MB_ML,2,MB_CA.CRE,3,MB_CA.MB_ML,3
1106247744,mixed,FF->lat,FF,lat,2,0,2,1,1,1.0,3252,3252.0,MB_ML.MB_CA,3,2,2,"[MB_CA.MB_MLL2, MB_CA.MB_PEDL2] -> MB_ML.MB_CAL3 -> [MB_CA.MB_MLL3, PLP.CREL3]",MB_CA.MB_ML,2,MB_CA.MB_PED,2,MB_CA.MB_ML,3,PLP.CRE,3
1104744312,mixed,FF->lat,FF,lat,2,0,2,2282,11,1.0,10652,4.668,LO,3,2,2,"[LOPL2, ME.LOPL2] -> LOL3 -> [LO.LOPL3, ME.LOPL3]",LOP,2,ME.LOP,2,LO.LOP,3,ME.LOP,3
1104743508,mixed,FF->lat,FF,lat,2,0,2,2282,5,1.0,10011,4.387,LO,3,2,2,"[IPS.MEL2, ME.LOPL2] -> LOL3 -> [LO.LOPL3, ME.LOPL3]",IPS.ME,2,ME.LOP,2,LO.LOP,3,ME.LOP,3
1093047412,mixed,FF->lat,FF,lat,2,0,2,2282,220,1.058,45591,19.979,LO,3,2,2,"[LOL2, MEL2] -> LOL3 -> [MEL3, ME.LOL3]",LO,2,ME,2,ME,3,ME.LO,3
1089599040,mixed,FF->lat,FF,lat,2,0,2,52,1,1.0,3409,65.558,MB_ML,3,2,2,"[MB_CAL2, MB_CA.MB_MLL2] -> MB_MLL3 -> [MB_CA.MB_MLL3, MB_CA.MB_PEDL3]",MB_CA,2,MB_CA.MB_ML,2,MB_CA.MB_ML,3,MB_CA.MB_PED,3
1059674400,mixed,FF->lat,FF,lat,2,0,2,1,1,1.0,2698,2698.0,MB_ML.MB_CA,3,2,2,"[MB_CA.MB_VLL2, MB_MLL2] -> MB_ML.MB_CAL3 -> [MB_CA.CREL3, MB_CA.MB_MLL3]",MB_CA.MB_VL,2,MB_ML,2,MB_CA.CRE,3,MB_CA.MB_ML,3
1058633851,mixed,FF->lat,FF,lat,2,0,2,2282,11,1.0,36641,16.057,LO,3,2,2,"[MEL2, ME.LOL2] -> LOL3 -> [LO.LOPL3, LOPL3]",ME,2,ME.LO,2,LO.LOP,3,LOP,3
1058618910,mixed,FF->lat,FF,lat,2,0,2,2282,1,1.0,35565,15.585,LO,3,2,2,"[MEL2, ME.LOL2] -> LOL3 -> [FB.LOL3, LO.LOPL3]",ME,2,ME.LO,2,FB.LO,3,LO.LOP,3
1029542400,mixed,FF->lat,FF,lat,2,0,2,52,1,1.0,3319,63.827,MB_ML,3,2,2,"[AL.MB_CAL2, MB_CA.MB_MLL2] -> MB_MLL3 -> [MB_CA.MB_MLL3, PLP.CREL3]",AL.MB_CA,2,MB_CA.MB_ML,2,MB_CA.MB_ML,3,PLP.CRE,3
1029542400,mixed,FF->lat,FF,lat,2,0,2,52,1,1.0,3266,62.808,MB_ML,3,2,2,"[AL.MB_CAL2, MB_CA.MB_MLL2] -> MB_MLL3 -> [MB_CA.MB_MLL3, SCL.MB_MLL3]",AL.MB_CA,2,MB_CA.MB_ML,2,MB_CA.MB_ML,3,SCL.MB_ML,3
1027937385,mixed,FF->lat,FF,lat,2,0,2,1,1,1.0,1291,1291.0,MB_ML.MB_CA,3,2,2,"[AL.MB_CAL2, MB_CA.MB_VLL2] -> MB_ML.MB_CAL3 -> [MB_CA.MB_PEDL3, MB_CA.MB_VLL3]",AL.MB_CA,2,MB_CA.MB_VL,2,MB_CA.MB_PED,3,MB_CA.MB_VL,3
1020962880,mixed,FF->lat,FF,lat,2,0,2,52,1,1.0,3595,69.135,MB_ML,3,2,2,"[MB_CA.MB_MLL2, MB_CA.MB_VLL2] -> MB_MLL3 -> [MB_CA.MB_MLL3, PLP.MB_MLL3]",MB_CA.MB_ML,2,MB_CA.MB_VL,2,MB_CA.MB_ML,3,PLP.MB_ML,3
1004852448,mixed,FF->lat,FF,lat,2,0,2,52,1,1.0,2547,48.981,MB_ML,3,2,2,"[AL.MB_CAL2, MB_MLL2] -> MB_MLL3 -> [MB_CA.MB_MLL3, MB_CA.MB_PEDL3]",AL.MB_CA,2,MB_ML,2,MB_CA.MB_ML,3,MB_CA.MB_PED,3
989499122,mixed,FF->lat,FF,lat,2,0,2,2282,4,1.637,14490,6.35,LO,3,2,2,"[LOL2, LO.LOPL2] -> LOL3 -> [ME.LOL3, ME.LOPL3]",LO,2,LO.LOP,2,ME.LO,3,ME.LOP,3
961954560,mixed,FF->lat,FF,lat,2,0,2,1,1,1.0,3341,3341.0,MB_ML.MB_CA,3,2,2,"[MB_CA.MB_MLL2, MB_MLL2] -> MB_ML.MB_CAL3 -> [MB_CA.MB_MLL3, PLP.CREL3]",MB_CA.MB_ML,2,MB_ML,2,MB_CA.MB_ML,3,PLP.CRE,3
961385760,mixed,FF->lat,FF,lat,2,0,2,1,1,1.0,2850,2850.0,MB_ML.MB_CA,3,2,2,"[MB_CAL2, MB_CA.MB_VLL2] -> MB_ML.MB_CAL3 -> [MB_CA.MB_MLL3, MB_CA.MB_VLL3]",MB_CA,2,MB_CA.MB_VL,2,MB_CA.MB_ML,3,MB_CA.MB_VL,3
961385760,mixed,FF->lat,FF,lat,2,0,2,1,1,1.0,2837,2837.0,MB_ML.MB_CA,3,2,2,"[MB_CA.MB_VLL2, MB_ML.MB_VLL2] -> MB_ML.MB_CAL3 -> [MB_CA.MB_MLL3, MB_CA.MB_VLL3]",MB_CA.MB_VL,2,MB_ML.MB_VL,2,MB_CA.MB_ML,3,MB_CA.MB_VL,3
955846912,mixed,FF->lat,FF,lat,2,0,2,1,1,1.0,4428,4428.0,MB_ML.MB_CA,3,2,2,"[ALL2, MB_CA.MB_MLL2] -> MB_ML.MB_CAL3 -> [MB_CA.MB_MLL3, MB_CA.MB_VLL3]",AL,2,MB_CA.MB_ML,2,MB_CA.MB_ML,3,MB_CA.MB_VL,3
936045720,mixed,FF->lat,FF,lat,2,0,2,1,1,1.0,2676,2676.0,MB_ML.MB_CA,3,2,2,"[AL.MB_CAL2, MB_CA.MB_VLL2] -> MB_ML.MB_CAL3 -> [MB_CA.CREL3, MB_CA.MB_MLL3]",AL.MB_CA,2,MB_CA.MB_VL,2,MB_CA.CRE,3,MB_CA.MB_ML,3
927599040,mixed,FF->lat,FF,lat,2,0,2,1,1,1.0,3565,3565.0,MB_ML.MB_CA,3,2,2,"[MB_CA.MB_MLL2, MB_CA.MB_VLL2] -> MB_ML.MB_CAL3 -> [MB_CA.MB_MLL3, SLP.MB_MLL3]",MB_CA.MB_ML,2,MB_CA.MB_VL,2,MB_CA.MB_ML,3,SLP.MB_ML,3
918792720,mixed,FF->lat,FF,lat,2,0,2,1,1,1.0,2062,2062.0,MB_ML.MB_CA,3,2,2,"[MB_CA.MB_MLL2, MB_CA.MB_VLL2] -> MB_ML.MB_CAL3 -> [MB_CA.MB_VLL3, MB_MLL3]",MB_CA.MB_ML,2,MB_CA.MB_VL,2,MB_CA.MB_VL,3,MB_ML,3
918008640,mixed,FF->lat,FF,lat,2,0,2,52,1,1.0,3548,68.231,MB_ML,3,2,2,"[MB_CAL2, MB_CA.MB_MLL2] -> MB_MLL3 -> [MB_CA.MB_MLL3, MB_CA.MB_VLL3]",MB_CA,2,MB_CA.MB_ML,2,MB_CA.MB_ML,3,MB_CA.MB_VL,3
900076572,mixed,FF->lat,FF,lat,2,0,2,1,1,1.0,1771,1771.0,MB_ML.MB_CA,3,2,2,"[MB_CA.MB_MLL2, MB_CA.MB_PEDL2] -> MB_ML.MB_CAL3 -> [MB_CA.CREL3, MB_CA.MB_VLL3]",MB_CA.MB_ML,2,MB_CA.MB_PED,2,MB_CA.CRE,3,MB_CA.MB_VL,3
853381980,mixed,FF->lat,FF,lat,2,0,2,1,1,1.0,1206,1206.0,MB_ML.MB_CA,3,2,2,"[MB_CA.CREL2, MB_CA.MB_VLL2] -> MB_ML.MB_CAL3 -> [MB_CA.MB_PEDL3, MB_CA.MB_VLL3]",MB_CA.CRE,2,MB_CA.MB_VL,2,MB_CA.MB_PED,3,MB_CA.MB_VL,3
849726528,mixed,FF->lat,FF,lat,2,0,2,1,1,1.0,3319,3319.0,MB_ML.MB_CA,3,2,2,"[AL.MB_CAL2, MB_CA.MB_MLL2] -> MB_ML.MB_CAL3 -> [MB_CA.MB_MLL3, PLP.CREL3]",AL.MB_CA,2,MB_CA.MB_ML,2,MB_CA.MB_ML,3,PLP.CRE,3
846607968,mixed,FF->lat,FF,lat,2,0,2,52,1,1.0,2686,51.654,MB_ML,3,2,2,"[AL.MB_CAL2, MB_MLL2] -> MB_MLL3 -> [MB_CA.MB_MLL3, MB_CA.MB_VLL3]",AL.MB_CA,2,MB_ML,2,MB_CA.MB_ML,3,MB_CA.MB_VL,3
836366048,mixed,FF->lat,FF,lat,2,0,2,1,1,1.0,3528,3528.0,MB_ML.MB_CA,3,2,2,"[MB_CA.MB_MLL2, MB_VLL2] -> MB_ML.MB_CAL3 -> [MB_CA.MB_MLL3, MB_CA.MB_VLL3]",MB_CA.MB_ML,2,MB_VL,2,MB_CA.MB_ML,3,MB_CA.MB_VL,3
836366048,mixed,FF->lat,FF,lat,2,0,2,1,1,1.0,3529,3529.0,MB_ML.MB_CA,3,2,2,"[MB_CA.MB_MLL2, PLP.CREL2] -> MB_ML.MB_CAL3 -> [MB_CA.MB_MLL3, MB_CA.MB_VLL3]",MB_CA.MB_ML,2,PLP.CRE,2,MB_CA.MB_ML,3,MB_CA.MB_VL,3
818958240,mixed,FF->lat,FF,lat,2,0,2,1,1,1.0,2619,2619.0,MB_ML.MB_CA,3,2,2,"[MB_CA.MB_PEDL2, MB_MLL2] -> MB_ML.MB_CAL3 -> [MB_CA.MB_MLL3, MB_CA.MB_VLL3]",MB_CA.MB_PED,2,MB_ML,2,MB_CA.MB_ML,3,MB_CA.MB_VL,3
817661376,mixed,FF->lat,FF,lat,2,0,2,1,1,1.0,3403,3403.0,MB_ML.MB_CA,3,2,2,"[MB_CA.MB_MLL2, MB_VL.MB_MLL2] -> MB_ML.MB_CAL3 -> [MB_CA.MB_MLL3, MB_CA.MB_PEDL3]",MB_CA.MB_ML,2,MB_VL.MB_ML,2,MB_CA.MB_ML,3,MB_CA.MB_PED,3
817199280,mixed,FF->lat,FF,lat,2,0,2,52,1,1.0,3403,65.442,MB_ML,3,2,2,"[MB_CA.MB_MLL2, MB_VL.MB_MLL2] -> MB_MLL3 -> [MB_CA.MB_MLL3, MB_CA.MB_PEDL3]",MB_CA.MB_ML,2,MB_VL.MB_ML,2,MB_CA.MB_ML,3,MB_CA.MB_PED,3
817199280,mixed,FF->lat,FF,lat,2,0,2,52,1,1.0,3395,65.288,MB_ML,3,2,2,"[MB_CA.MB_MLL2, SLP.MB_MLL2] -> MB_MLL3 -> [MB_CA.MB_MLL3, MB_CA.MB_PEDL3]",MB_CA.MB_ML,2,SLP.MB_ML,2,MB_CA.MB_ML,3,MB_CA.MB_PED,3
814591890,mixed,FF->lat,FF,lat,2,0,2,1,1,1.0,1356,1356.0,MB_ML.MB_CA,3,2,2,"[AL.LHL2, MB_CA.MB_VLL2] -> MB_ML.MB_CAL3 -> [MB_CA.MB_PEDL3, MB_CA.MB_VLL3]",AL.LH,2,MB_CA.MB_VL,2,MB_CA.MB_PED,3,MB_CA.MB_VL,3
794044849,mixed,FF->lat,FF,lat,2,0,2,2282,9,1.0,31835,13.95,LO,3,2,2,"[MEL2, ME.LOPL2] -> LOL3 -> [LOPL3, ME.LOPL3]",ME,2,ME.LOP,2,LOP,3,ME.LOP,3
794041920,mixed,FF->lat,FF,lat,2,0,2,2282,1,1.0,30759,13.479,LO,3,2,2,"[MEL2, ME.LOPL2] -> LOL3 -> [FB.LOL3, ME.LOPL3]",ME,2,ME.LOP,2,FB.LO,3,ME.LOP,3
789447805,mixed,FF->lat,FF,lat,2,0,2,2282,9,1.0,13647,5.98,LO,3,2,2,"[ME.LOL2, ME.LOPL2] -> LOL3 -> [LOPL3, ME.LOPL3]",ME.LO,2,ME.LOP,2,LOP,3,ME.LOP,3
789445440,mixed,FF->lat,FF,lat,2,0,2,2282,1,1.0,12571,5.509,LO,3,2,2,"[ME.LOL2, ME.LOPL2] -> LOL3 -> [FB.LOL3, ME.LOPL3]",ME.LO,2,ME.LOP,2,FB.LO,3,ME.LOP,3
789206076,mixed,FF->lat,FF,lat,2,0,2,2282,4,1.372,8527,3.737,LO,3,2,2,"[AVLP.MEL2, LO.LOPL2] -> LOL3 -> [LO.LOPL3, ME.LOPL3]",AVLP.ME,2,LO.LOP,2,LO.LOP,3,ME.LOP,3
782675280,mixed,FF->lat,FF,lat,2,0,2,1,1,1.0,1860,1860.0,MB_ML.MB_CA,3,2,2,"[MB_CA.MB_MLL2, MB_MLL2] -> MB_ML.MB_CAL3 -> [MB_CA.CREL3, MB_CA.MB_VLL3]",MB_CA.MB_ML,2,MB_ML,2,MB_CA.CRE,3,MB_CA.MB_VL,3
777094560,mixed,FF->lat,FF,lat,2,0,2,1,1,1.0,2591,2591.0,MB_ML.MB_CA,3,2,2,"[MB_CA.CREL2, MB_CA.MB_VLL2] -> MB_ML.MB_CAL3 -> [MB_CA.CREL3, MB_CA.MB_MLL3]",MB_CA.CRE,2,MB_CA.MB_VL,2,MB_CA.CRE,3,MB_CA.MB_ML,3
772999200,mixed,FF->lat,FF,lat,2,0,2,1,1,1.0,3553,3553.0,MB_ML.MB_CA,3,2,2,"[MB_CA.MB_MLL2, MB_CA.MB_VLL2] -> MB_ML.MB_CAL3 -> [MB_CA.MB_MLL3, MB_PEDL3]",MB_CA.MB_ML,2,MB_CA.MB_VL,2,MB_CA.MB_ML,3,MB_PED,3
770366815,mixed,FF->lat,FF,lat,2,0,2,2282,12,1.0,35912,15.737,LO,3,2,2,"[MEL2, ME.LOL2] -> LOL3 -> [LO.LOPL3, LOP.PLPL3]",ME,2,ME.LO,2,LO.LOP,3,LOP.PLP,3
752966768,mixed,FF->lat,FF,lat,2,0,2,2282,234,1.184,27403,12.008,LO,3,2,2,"[LOL2, ME.LOL2] -> LOL3 -> [MEL3, ME.LOL3]",LO,2,ME.LO,2,ME,3,ME.LO,3
741772080,mixed,FF->lat,FF,lat,2,0,2,1,1,1.0,2741,2741.0,MB_ML.MB_CA,3,2,2,"[AL.LHL2, MB_CA.MB_VLL2] -> MB_ML.MB_CAL3 -> [MB_CA.CREL3, MB_CA.MB_MLL3]",AL.LH,2,MB_CA.MB_VL,2,MB_CA.CRE,3,MB_CA.MB_ML,3
741772080,mixed,FF->lat,FF,lat,2,0,2,1,1,1.0,2554,2554.0,MB_ML.MB_CA,3,2,2,"[MB_CA.MB_PEDL2, MB_CA.MB_VLL2] -> MB_ML.MB_CAL3 -> [MB_CA.MB_MLL3, PLP.CREL3]",MB_CA.MB_PED,2,MB_CA.MB_VL,2,MB_CA.MB_ML,3,PLP.CRE,3
726399360,mixed,FF->lat,FF,lat,2,0,2,52,1,1.0,3458,66.5,MB_ML,3,2,2,"[MB_CA.MB_MLL2, MB_CA.MB_PEDL2] -> MB_MLL3 -> [MB_CA.MB_MLL3, MB_CA.MB_PEDL3]",MB_CA.MB_ML,2,MB_CA.MB_PED,2,MB_CA.MB_ML,3,MB_CA.MB_PED,3
723413112,mixed,FF->lat,FF,lat,2,0,2,1,1,1.0,2597,2597.0,MB_ML.MB_CA,3,2,2,"[AL.MB_CAL2, MB_CA.MB_PEDL2] -> MB_ML.MB_CAL3 -> [MB_CA.MB_MLL3, MB_CA.MB_VLL3]",AL.MB_CA,2,MB_CA.MB_PED,2,MB_CA.MB_ML,3,MB_CA.MB_VL,3
716885184,mixed,FF->lat,FF,lat,2,0,2,1,1,1.0,3534,3534.0,MB_ML.MB_CA,3,2,2,"[MB_CA.MB_MLL2, SLP.MB_MLL2] -> MB_ML.MB_CAL3 -> [MB_CA.MB_MLL3, MB_CA.MB_VLL3]",MB_CA.MB_ML,2,SLP.MB_ML,2,MB_CA.MB_ML,3,MB_CA.MB_VL,3
714817870,mixed,FF->lat,FF,lat,2,0,2,2282,10,1.0,35488,15.551,LO,3,2,2,"[MEL2, ME.LOL2] -> LOL3 -> [LOP.PLPL3, ME.LOPL3]",ME,2,ME.LO,2,LOP.PLP,3,ME.LOP,3
711110340,mixed,FF->lat,FF,lat,2,0,2,1,1,1.0,1901,1901.0,MB_ML.MB_CA,3,2,2,"[MB_CA.MB_MLL2, MB_CA.MB_VLL2] -> MB_ML.MB_CAL3 -> [MB_CA.MB_PEDL3, PLP.MB_PEDL3]",MB_CA.MB_ML,2,MB_CA.MB_VL,2,MB_CA.MB_PED,3,PLP.MB_PED,3
708908760,mixed,FF->lat,FF,lat,2,0,2,1,1,1.0,1795,1795.0,MB_ML.MB_CA,3,2,2,"[MB_CA.MB_MLL2, MB_CA.MB_VLL2] -> MB_ML.MB_CAL3 -> [MB_CA.CREL3, PLP.CREL3]",MB_CA.MB_ML,2,MB_CA.MB_VL,2,MB_CA.CRE,3,PLP.CRE,3
705433344,mixed,FF->lat,FF,lat,2,0,2,1,1,1.0,3234,3234.0,MB_ML.MB_CA,3,2,2,"[MB_CA.CREL2, MB_CA.MB_MLL2] -> MB_ML.MB_CAL3 -> [MB_CA.MB_MLL3, PLP.CREL3]",MB_CA.CRE,2,MB_CA.MB_ML,2,MB_CA.MB_ML,3,PLP.CRE,3
700852608,mixed,FF->lat,FF,lat,2,0,2,1,1,1.0,3409,3409.0,MB_ML.MB_CA,3,2,2,"[MB_CAL2, MB_CA.MB_MLL2] -> MB_ML.MB_CAL3 -> [MB_CA.MB_MLL3, MB_CA.MB_PEDL3]",MB_CA,2,MB_CA.MB_ML,2,MB_CA.MB_ML,3,MB_CA.MB_PED,3
700852608,mixed,FF->lat,FF,lat,2,0,2,1,1,1.0,3396,3396.0,MB_ML.MB_CA,3,2,2,"[MB_CA.MB_MLL2, MB_ML.MB_VLL2] -> MB_ML.MB_CAL3 -> [MB_CA.MB_MLL3, MB_CA.MB_PEDL3]",MB_CA.MB_ML,2,MB_ML.MB_VL,2,MB_CA.MB_ML,3,MB_CA.MB_PED,3
691363164,mixed,FF->lat,FF,lat,2,0,2,1,1,1.0,1838,1838.0,MB_ML.MB_CA,3,2,2,"[AL.MB_CAL2, MB_CA.MB_MLL2] -> MB_ML.MB_CAL3 -> [MB_CA.CREL3, MB_CA.MB_VLL3]",AL.MB_CA,2,MB_CA.MB_ML,2,MB_CA.CRE,3,MB_CA.MB_VL,3
689094540,mixed,FF->lat,FF,lat,2,0,2,1,1,1.0,2034,2034.0,MB_ML.MB_CA,3,2,2,"[MB_CA.MB_MLL2, MB_CA.MB_VLL2] -> MB_ML.MB_CAL3 -> [MB_CAL3, MB_CA.MB_VLL3]",MB_CA.MB_ML,2,MB_CA.MB_VL,2,MB_CA,3,MB_CA.MB_VL,3
688506480,mixed,FF->lat,FF,lat,2,0,2,52,1,1.0,3542,68.115,MB_ML,3,2,2,"[MB_CA.MB_MLL2, MB_VL.MB_MLL2] -> MB_MLL3 -> [MB_CA.MB_MLL3, MB_CA.MB_VLL3]",MB_CA.MB_ML,2,MB_VL.MB_ML,2,MB_CA.MB_ML,3,MB_CA.MB_VL,3
688506480,mixed,FF->lat,FF,lat,2,0,2,52,1,1.0,3534,67.962,MB_ML,3,2,2,"[MB_CA.MB_MLL2, SLP.MB_MLL2] -> MB_MLL3 -> [MB_CA.MB_MLL3, MB_CA.MB_VLL3]",MB_CA.MB_ML,2,SLP.MB_ML,2,MB_CA.MB_ML,3,MB_CA.MB_VL,3
683607057,mixed,FF->lat,FF,lat,2,0,2,2282,12,1.0,36217,15.871,LO,3,2,2,"[MEL2, ME.LOL2] -> LOL3 -> [LOPL3, ME.LOPL3]",ME,2,ME.LO,2,LOP,3,ME.LOP,3
683592480,mixed,FF->lat,FF,lat,2,0,2,2282,1,1.0,35141,15.399,LO,3,2,2,"[MEL2, ME.LOL2] -> LOL3 -> [FB.LOL3, ME.LOPL3]",ME,2,ME.LO,2,FB.LO,3,ME.LOP,3
673368192,mixed,FF->lat,FF,lat,2,0,2,1,1,1.0,3384,3384.0,MB_ML.MB_CA,3,2,2,"[AL.LHL2, MB_CA.MB_MLL2] -> MB_ML.MB_CAL3 -> [MB_CA.MB_MLL3, PLP.CREL3]",AL.LH,2,MB_CA.MB_ML,2,MB_CA.MB_ML,3,PLP.CRE,3
654188400,mixed,FF->lat,FF,lat,2,0,2,52,1,1.0,3439,66.135,MB_ML,3,2,2,"[AL.LHL2, MB_CA.MB_MLL2] -> MB_MLL3 -> [MB_CA.CREL3, MB_CA.MB_MLL3]",AL.LH,2,MB_CA.MB_ML,2,MB_CA.CRE,3,MB_CA.MB_ML,3
654188400,mixed,FF->lat,FF,lat,2,0,2,52,1,1.0,3289,63.25,MB_ML,3,2,2,"[MB_CA.CREL2, MB_CA.MB_MLL2] -> MB_MLL3 -> [MB_CA.CREL3, MB_CA.MB_MLL3]",MB_CA.CRE,2,MB_CA.MB_ML,2,MB_CA.CRE,3,MB_CA.MB_ML,3
652758484,mixed,FF->lat,FF,lat,2,0,2,52,2,1.0,3285,63.173,MB_ML,3,2,2,"[MB_CA.MB_MLL2, MB_MLL2] -> MB_MLL3 -> [MB_CA.MB_MLL3, SLP.MB_MLL3]",MB_CA.MB_ML,2,MB_ML,2,MB_CA.MB_ML,3,SLP.MB_ML,3
296702865636,mixed,FF->FB,FF,FB,2,2,0,2282,11,1.305,34532,15.132,LO,3,2,2,"[MEL2, ME.LOL2] -> LOL3 -> [LO.LOPL2, ME.LOPL2]",ME,2,ME.LO,2,LO.LOP,2,ME.LOP,2
206946850753,mixed,FF->FB,FF,FB,2,2,0,2282,7,1.295,34532,15.132,LO,3,2,2,"[MEL2, ME.LOPL2] -> LOL3 -> [LO.LOPL2, ME.LOL2]",ME,2,ME.LOP,2,LO.LOP,2,ME.LO,2
109088479761,mixed,FF->FB,FF,FB,2,2,0,2282,5,1.181,34532,15.132,LO,3,2,2,"[LO.LOPL2, MEL2] -> LOL3 -> [ME.LOL2, ME.LOPL2]",LO.LOP,2,ME,2,ME.LO,2,ME.LOP,2
41934126285,mixed,FF->FB,FF,FB,2,2,0,2282,9,1.405,34532,15.132,LO,3,2,2,"[ME.LOL2, ME.LOPL2] -> LOL3 -> [LO.LOPL2, MEL2]",ME.LO,2,ME.LOP,2,LO.LOP,2,ME,2
41338274422,mixed,FF->FB,FF,FB,2,2,0,2282,15,2.0,34930,15.307,LO,3,2,2,"[LOL2, MEL2] -> LOL3 -> [ME.LOL2, ME.LOPL2]",LO,2,ME,2,ME.LO,2,ME.LOP,2
38751826110,mixed,FF->FB,FF,FB,2,2,0,2282,20,1.989,34930,15.307,LO,3,2,2,"[MEL2, ME.LOL2] -> LOL3 -> [LOL2, ME.LOPL2]",ME,2,ME.LO,2,LO,2,ME.LOP,2
26644642570,mixed,FF->FB,FF,FB,2,2,0,2282,16,1.994,34930,15.307,LO,3,2,2,"[MEL2, ME.LOPL2] -> LOL3 -> [LOL2, ME.LOL2]",ME,2,ME.LOP,2,LO,2,ME.LO,2
23189639563,mixed,FF->FB,FF,FB,2,2,0,2282,11,1.778,29068,12.738,LO,3,2,2,"[LOL2, MEL2] -> LOL3 -> [LO.LOPL2, ME.LOPL2]",LO,2,ME,2,LO.LOP,2,ME.LOP,2
21700798120,mixed,FF->FB,FF,FB,2,2,0,2282,5,1.252,34532,15.132,LO,3,2,2,"[LO.LOPL2, ME.LOL2] -> LOL3 -> [MEL2, ME.LOPL2]",LO.LOP,2,ME.LO,2,ME,2,ME.LOP,2
20472563991,mixed,FF->FB,FF,FB,2,2,0,2282,11,1.569,10880,4.768,LO,3,2,2,"[LOL2, ME.LOL2] -> LOL3 -> [LO.LOPL2, ME.LOPL2]",LO,2,ME.LO,2,LO.LOP,2,ME.LOP,2
16678006892,mixed,FF->FB,FF,FB,2,2,0,2282,11,1.964,33450,14.658,LO,3,2,2,"[LOL2, MEL2] -> LOL3 -> [LO.LOPL2, ME.LOL2]",LO,2,ME,2,LO.LOP,2,ME.LO,2
15492472208,mixed,FF->FB,FF,FB,2,2,0,2282,16,1.989,33450,14.658,LO,3,2,2,"[MEL2, ME.LOL2] -> LOL3 -> [LOL2, LO.LOPL2]",ME,2,ME.LO,2,LO,2,LO.LOP,2
15147674184,mixed,FF->FB,FF,FB,2,2,0,2282,5,1.243,34532,15.132,LO,3,2,2,"[LO.LOPL2, ME.LOPL2] -> LOL3 -> [MEL2, ME.LOL2]",LO.LOP,2,ME.LOP,2,ME,2,ME.LO,2
14709961748,mixed,FF->FB,FF,FB,2,2,0,2282,10,1.82,29068,12.738,LO,3,2,2,"[MEL2, ME.LOPL2] -> LOL3 -> [LOL2, LO.LOPL2]",ME,2,ME.LOP,2,LO,2,LO.LOP,2
14227383668,mixed,FF->FB,FF,FB,2,2,0,2282,7,1.553,10880,4.768,LO,3,2,2,"[LOL2, ME.LOPL2] -> LOL3 -> [LO.LOPL2, ME.LOL2]",LO,2,ME.LOP,2,LO.LOP,2,ME.LO,2
12889073812,mixed,FF->FB,FF,FB,2,2,0,2282,10,1.611,10880,4.768,LO,3,2,2,"[ME.LOL2, ME.LOPL2] -> LOL3 -> [LOL2, LO.LOPL2]",ME.LO,2,ME.LOP,2,LO,2,LO.LOP,2
9587274577,mixed,FF->FB,FF,FB,2,2,0,2282,21,1.936,34930,15.307,LO,3,2,2,"[LOL2, ME.LOL2] -> LOL3 -> [MEL2, ME.LOPL2]",LO,2,ME.LO,2,ME,2,ME.LOP,2
7184236150,mixed,FF->FB,FF,FB,2,2,0,2282,5,1.353,10880,4.768,LO,3,2,2,"[LOL2, LO.LOPL2] -> LOL3 -> [ME.LOL2, ME.LOPL2]",LO,2,LO.LOP,2,ME.LO,2,ME.LOP,2
7068394637,mixed,FF->FB,FF,FB,2,2,0,2282,4,1.573,29068,12.738,LO,3,2,2,"[LO.LOPL2, MEL2] -> LOL3 -> [LOL2, ME.LOPL2]",LO.LOP,2,ME,2,LO,2,ME.LOP,2
6579297027,mixed,FF->FB,FF,FB,2,2,0,2282,13,1.947,34930,15.307,LO,3,2,2,"[LOL2, ME.LOPL2] -> LOL3 -> [MEL2, ME.LOL2]",LO,2,ME.LOP,2,ME,2,ME.LO,2
6444623967,mixed,FF->FB,FF,FB,2,2,0,2282,4,1.395,10880,4.768,LO,3,2,2,"[LO.LOPL2, ME.LOL2] -> LOL3 -> [LOL2, ME.LOPL2]",LO.LOP,2,ME.LO,2,LO,2,ME.LOP,2
6224346755,mixed,FF->FB,FF,FB,2,2,0,2282,17,1.905,34930,15.307,LO,3,2,2,"[ME.LOL2, ME.LOPL2] -> LOL3 -> [LOL2, MEL2]",ME.LO,2,ME.LOP,2,LO,2,ME,2
4870947074,mixed,FF->FB,FF,FB,2,2,0,2282,14,1.802,33450,14.658,LO,3,2,2,"[LO.LOPL2, MEL2] -> LOL3 -> [LOL2, ME.LOL2]",LO.LOP,2,ME,2,LO,2,ME.LO,2
4489394703,mixed,FF->FB,FF,FB,2,2,0,2282,5,1.382,10880,4.768,LO,3,2,2,"[LO.LOPL2, ME.LOPL2] -> LOL3 -> [LOL2, ME.LOL2]",LO.LOP,2,ME.LOP,2,LO,2,ME.LO,2
3771317017,mixed,FF->FB,FF,FB,2,2,0,2282,15,1.998,33450,14.658,LO,3,2,2,"[LOL2, ME.LOL2] -> LOL3 -> [LO.LOPL2, MEL2]",LO,2,ME.LO,2,LO.LOP,2,ME,2
3486911869,mixed,FF->FB,FF,FB,2,2,0,2282,9,1.913,29068,12.738,LO,3,2,2,"[LOL2, ME.LOPL2] -> LOL3 -> [LO.LOPL2, MEL2]",LO,2,ME.LOP,2,LO.LOP,2,ME,2
1636711646,mixed,FF->FB,FF,FB,2,2,0,2282,5,1.679,29068,12.738,LO,3,2,2,"[LOL2, LO.LOPL2] -> LOL3 -> [MEL2, ME.LOPL2]",LO,2,LO.LOP,2,ME,2,ME.LOP,2
1152417063,mixed,FF->FB,FF,FB,2,2,0,2282,7,1.898,33450,14.658,LO,3,2,2,"[LOL2, LO.LOPL2] -> LOL3 -> [MEL2, ME.LOL2]",LO,2,LO.LOP,2,ME,2,ME.LO,2
1064130177,mixed,FF->FB,FF,FB,2,2,0,2282,13,1.942,33450,14.658,LO,3,2,2,"[LO.LOPL2, ME.LOL2] -> LOL3 -> [LOL2, MEL2]",LO.LOP,2,ME.LO,2,LO,2,ME,2
1034377794,mixed,FF->FB,FF,FB,2,2,0,2282,4,1.722,29068,12.738,LO,3,2,2,"[LO.LOPL2, ME.LOPL2] -> LOL3 -> [LOL2, MEL2]",LO.LOP,2,ME.LOP,2,LO,2,ME,2
1012726800,mixed,FF->FB,FF,FB,2,2,0,1,1,1.0,1833,1833.0,MB_ML.MB_CA,3,2,2,"[MB_CA.MB_MLL2, MB_MLL2] -> MB_ML.MB_CAL3 -> [MB_CA.MB_PEDL2, MB_CA.MB_VLL2]",MB_CA.MB_ML,2,MB_ML,2,MB_CA.MB_PED,2,MB_CA.MB_VL,2
1012726800,mixed,FF->FB,FF,FB,2,2,0,1,1,1.0,1833,1833.0,MB_ML.MB_CA,3,2,2,"[MB_CA.MB_PEDL2, MB_MLL2] -> MB_ML.MB_CAL3 -> [MB_CA.MB_MLL2, MB_CA.MB_VLL2]",MB_CA.MB_PED,2,MB_ML,2,MB_CA.MB_ML,2,MB_CA.MB_VL,2
1012726800,mixed,FF->FB,FF,FB,2,2,0,1,1,1.0,1833,1833.0,MB_ML.MB_CA,3,2,2,"[MB_CA.MB_VLL2, MB_MLL2] -> MB_ML.MB_CAL3 -> [MB_CA.MB_MLL2, MB_CA.MB_PEDL2]",MB_CA.MB_VL,2,MB_ML,2,MB_CA.MB_ML,2,MB_CA.MB_PED,2
978969240,mixed,FF->FB,FF,FB,2,2,0,1,1,1.0,1833,1833.0,MB_ML.MB_CA,3,2,2,"[MB_CA.MB_MLL2, MB_CA.MB_PEDL2] -> MB_ML.MB_CAL3 -> [MB_CA.MB_VLL2, MB_MLL2]",MB_CA.MB_ML,2,MB_CA.MB_PED,2,MB_CA.MB_VL,2,MB_ML,2
978969240,mixed,FF->FB,FF,FB,2,2,0,1,1,1.0,1833,1833.0,MB_ML.MB_CA,3,2,2,"[MB_CA.MB_MLL2, MB_CA.MB_VLL2] -> MB_ML.MB_CAL3 -> [MB_CA.MB_PEDL2, MB_MLL2]",MB_CA.MB_ML,2,MB_CA.MB_VL,2,MB_CA.MB_PED,2,MB_ML,2
978969240,mixed,FF->FB,FF,FB,2,2,0,1,1,1.0,1833,1833.0,MB_ML.MB_CA,3,2,2,"[MB_CA.MB_PEDL2, MB_CA.MB_VLL2] -> MB_ML.MB_CAL3 -> [MB_CA.MB_MLL2, MB_MLL2]",MB_CA.MB_PED,2,MB_CA.MB_VL,2,MB_CA.MB_ML,2,MB_ML,2
970759259,mixed,FF->FB,FF,FB,2,2,0,2282,6,1.0,33749,14.789,LO,3,2,2,"[GNG.MEL2, MEL2] -> LOL3 -> [ME.LOL2, ME.LOPL2]",GNG.ME,2,ME,2,ME.LO,2,ME.LOP,2
894575340,mixed,FF->FB,FF,FB,2,2,0,1,1,1.0,1811,1811.0,MB_ML.MB_CA,3,2,2,"[AL.MB_CAL2, MB_CA.MB_MLL2] -> MB_ML.MB_CAL3 -> [MB_CA.MB_PEDL2, MB_CA.MB_VLL2]",AL.MB_CA,2,MB_CA.MB_ML,2,MB_CA.MB_PED,2,MB_CA.MB_VL,2
894575340,mixed,FF->FB,FF,FB,2,2,0,1,1,1.0,1811,1811.0,MB_ML.MB_CA,3,2,2,"[AL.MB_CAL2, MB_CA.MB_PEDL2] -> MB_ML.MB_CAL3 -> [MB_CA.MB_MLL2, MB_CA.MB_VLL2]",AL.MB_CA,2,MB_CA.MB_PED,2,MB_CA.MB_ML,2,MB_CA.MB_VL,2
894575340,mixed,FF->FB,FF,FB,2,2,0,1,1,1.0,1811,1811.0,MB_ML.MB_CA,3,2,2,"[AL.MB_CAL2, MB_CA.MB_VLL2] -> MB_ML.MB_CAL3 -> [MB_CA.MB_MLL2, MB_CA.MB_PEDL2]",AL.MB_CA,2,MB_CA.MB_VL,2,MB_CA.MB_ML,2,MB_CA.MB_PED,2
877696560,mixed,FF->FB,FF,FB,2,2,0,1,1,1.0,1811,1811.0,MB_ML.MB_CA,3,2,2,"[MB_CA.MB_MLL2, MB_CA.MB_PEDL2] -> MB_ML.MB_CAL3 -> [AL.MB_CAL2, MB_CA.MB_VLL2]",MB_CA.MB_ML,2,MB_CA.MB_PED,2,AL.MB_CA,2,MB_CA.MB_VL,2
877696560,mixed,FF->FB,FF,FB,2,2,0,1,1,1.0,1811,1811.0,MB_ML.MB_CA,3,2,2,"[MB_CA.MB_MLL2, MB_CA.MB_VLL2] -> MB_ML.MB_CAL3 -> [AL.MB_CAL2, MB_CA.MB_PEDL2]",MB_CA.MB_ML,2,MB_CA.MB_VL,2,AL.MB_CA,2,MB_CA.MB_PED,2
877696560,mixed,FF->FB,FF,FB,2,2,0,1,1,1.0,1811,1811.0,MB_ML.MB_CA,3,2,2,"[MB_CA.MB_PEDL2, MB_CA.MB_VLL2] -> MB_ML.MB_CAL3 -> [AL.MB_CAL2, MB_CA.MB_MLL2]",MB_CA.MB_PED,2,MB_CA.MB_VL,2,AL.MB_CA,2,MB_CA.MB_ML,2
777891600,mixed,FF->FB,FF,FB,2,2,0,1,1,1.0,1900,1900.0,MB_ML.MB_CA,3,2,2,"[AL.MB_CAL2, MB_MLL2] -> MB_ML.MB_CAL3 -> [MB_CA.MB_MLL2, MB_CA.MB_VLL2]",AL.MB_CA,2,MB_ML,2,MB_CA.MB_ML,2,MB_CA.MB_VL,2
763214400,mixed,FF->FB,FF,FB,2,2,0,1,1,1.0,1900,1900.0,MB_ML.MB_CA,3,2,2,"[MB_CA.MB_MLL2, MB_MLL2] -> MB_ML.MB_CAL3 -> [AL.MB_CAL2, MB_CA.MB_VLL2]",MB_CA.MB_ML,2,MB_ML,2,AL.MB_CA,2,MB_CA.MB_VL,2
763214400,mixed,FF->FB,FF,FB,2,2,0,1,1,1.0,1900,1900.0,MB_ML.MB_CA,3,2,2,"[MB_CA.MB_VLL2, MB_MLL2] -> MB_ML.MB_CAL3 -> [AL.MB_CAL2, MB_CA.MB_MLL2]",MB_CA.MB_VL,2,MB_ML,2,AL.MB_CA,2,MB_CA.MB_ML,2
751961880,mixed,FF->FB,FF,FB,2,2,0,1,1,1.0,1900,1900.0,MB_ML.MB_CA,3,2,2,"[AL.MB_CAL2, MB_CA.MB_MLL2] -> MB_ML.MB_CAL3 -> [MB_CA.MB_VLL2, MB_MLL2]",AL.MB_CA,2,MB_CA.MB_ML,2,MB_CA.MB_VL,2,MB_ML,2
751961880,mixed,FF->FB,FF,FB,2,2,0,1,1,1.0,1900,1900.0,MB_ML.MB_CA,3,2,2,"[AL.MB_CAL2, MB_CA.MB_VLL2] -> MB_ML.MB_CAL3 -> [MB_CA.MB_MLL2, MB_MLL2]",AL.MB_CA,2,MB_CA.MB_VL,2,MB_CA.MB_ML,2,MB_ML,2
747082024,mixed,FF->FB,FF,FB,2,2,0,2282,6,1.0,27887,12.22,LO,3,2,2,"[GNG.MEL2, MEL2] -> LOL3 -> [LO.LOPL2, ME.LOPL2]",GNG.ME,2,ME,2,LO.LOP,2,ME.LOP,2
742756118,mixed,FF->FB,FF,FB,2,2,0,2282,6,1.0,9699,4.25,LO,3,2,2,"[GNG.MEL2, ME.LOL2] -> LOL3 -> [LO.LOPL2, ME.LOPL2]",GNG.ME,2,ME.LO,2,LO.LOP,2,ME.LOP,2
742666320,mixed,FF->FB,FF,FB,2,2,0,1,1,1.0,1726,1726.0,MB_ML.MB_CA,3,2,2,"[MB_CA.CREL2, MB_CA.MB_MLL2] -> MB_ML.MB_CAL3 -> [MB_CA.MB_PEDL2, MB_CA.MB_VLL2]",MB_CA.CRE,2,MB_CA.MB_ML,2,MB_CA.MB_PED,2,MB_CA.MB_VL,2
742666320,mixed,FF->FB,FF,FB,2,2,0,1,1,1.0,1726,1726.0,MB_ML.MB_CA,3,2,2,"[MB_CA.CREL2, MB_CA.MB_PEDL2] -> MB_ML.MB_CAL3 -> [MB_CA.MB_MLL2, MB_CA.MB_VLL2]",MB_CA.CRE,2,MB_CA.MB_PED,2,MB_CA.MB_ML,2,MB_CA.MB_VL,2
742666320,mixed,FF->FB,FF,FB,2,2,0,1,1,1.0,1726,1726.0,MB_ML.MB_CA,3,2,2,"[MB_CA.CREL2, MB_CA.MB_VLL2] -> MB_ML.MB_CAL3 -> [MB_CA.MB_MLL2, MB_CA.MB_PEDL2]",MB_CA.CRE,2,MB_CA.MB_VL,2,MB_CA.MB_ML,2,MB_CA.MB_PED,2
737773920,mixed,FF->FB,FF,FB,2,2,0,1,1,1.0,1900,1900.0,MB_ML.MB_CA,3,2,2,"[MB_CA.MB_MLL2, MB_CA.MB_VLL2] -> MB_ML.MB_CAL3 -> [AL.MB_CAL2, MB_MLL2]",MB_CA.MB_ML,2,MB_CA.MB_VL,2,AL.MB_CA,2,MB_ML,2
725787540,mixed,FF->FB,FF,FB,2,2,0,1,1,1.0,1726,1726.0,MB_ML.MB_CA,3,2,2,"[MB_CA.MB_MLL2, MB_CA.MB_PEDL2] -> MB_ML.MB_CAL3 -> [MB_CA.CREL2, MB_CA.MB_VLL2]",MB_CA.MB_ML,2,MB_CA.MB_PED,2,MB_CA.CRE,2,MB_CA.MB_VL,2
725787540,mixed,FF->FB,FF,FB,2,2,0,1,1,1.0,1726,1726.0,MB_ML.MB_CA,3,2,2,"[MB_CA.MB_MLL2, MB_CA.MB_VLL2] -> MB_ML.MB_CAL3 -> [MB_CA.CREL2, MB_CA.MB_PEDL2]",MB_CA.MB_ML,2,MB_CA.MB_VL,2,MB_CA.CRE,2,MB_CA.MB_PED,2
725787540,mixed,FF->FB,FF,FB,2,2,0,1,1,1.0,1726,1726.0,MB_ML.MB_CA,3,2,2,"[MB_CA.MB_PEDL2, MB_CA.MB_VLL2] -> MB_ML.MB_CAL3 -> [MB_CA.CREL2, MB_CA.MB_MLL2]",MB_CA.MB_PED,2,MB_CA.MB_VL,2,MB_CA.CRE,2,MB_CA.MB_ML,2
708908760,mixed,FF->FB,FF,FB,2,2,0,1,1,1.0,1876,1876.0,MB_ML.MB_CA,3,2,2,"[AL.LHL2, MB_CA.MB_MLL2] -> MB_ML.MB_CAL3 -> [MB_CA.MB_PEDL2, MB_CA.MB_VLL2]",AL.LH,2,MB_CA.MB_ML,2,MB_CA.MB_PED,2,MB_CA.MB_VL,2
708908760,mixed,FF->FB,FF,FB,2,2,0,1,1,1.0,1876,1876.0,MB_ML.MB_CA,3,2,2,"[AL.LHL2, MB_CA.MB_PEDL2] -> MB_ML.MB_CAL3 -> [MB_CA.MB_MLL2, MB_CA.MB_VLL2]",AL.LH,2,MB_CA.MB_PED,2,MB_CA.MB_ML,2,MB_CA.MB_VL,2
708908760,mixed,FF->FB,FF,FB,2,2,0,1,1,1.0,1876,1876.0,MB_ML.MB_CA,3,2,2,"[AL.LHL2, MB_CA.MB_VLL2] -> MB_ML.MB_CAL3 -> [MB_CA.MB_MLL2, MB_CA.MB_PEDL2]",AL.LH,2,MB_CA.MB_VL,2,MB_CA.MB_ML,2,MB_CA.MB_PED,2
697021683,mixed,FF->FB,FF,FB,2,2,0,2282,14,1.733,33749,14.789,LO,3,2,2,"[AVLP.MEL2, MEL2] -> LOL3 -> [ME.LOL2, ME.LOPL2]",AVLP.ME,2,ME,2,ME.LO,2,ME.LOP,2
645796800,mixed,FF->FB,FF,FB,2,2,0,1,1,1.0,1815,1815.0,MB_ML.MB_CA,3,2,2,"[MB_CA.CREL2, MB_MLL2] -> MB_ML.MB_CAL3 -> [MB_CA.MB_MLL2, MB_CA.MB_VLL2]",MB_CA.CRE,2,MB_ML,2,MB_CA.MB_ML,2,MB_CA.MB_VL,2
631119600,mixed,FF->FB,FF,FB,2,2,0,1,1,1.0,1815,1815.0,MB_ML.MB_CA,3,2,2,"[MB_CA.MB_MLL2, MB_MLL2] -> MB_ML.MB_CAL3 -> [MB_CA.CREL2, MB_CA.MB_VLL2]",MB_CA.MB_ML,2,MB_ML,2,MB_CA.CRE,2,MB_CA.MB_VL,2
631119600,mixed,FF->FB,FF,FB,2,2,0,1,1,1.0,1815,1815.0,MB_ML.MB_CA,3,2,2,"[MB_CA.MB_VLL2, MB_MLL2] -> MB_ML.MB_CAL3 -> [MB_CA.CREL2, MB_CA.MB_MLL2]",MB_CA.MB_VL,2,MB_ML,2,MB_CA.CRE,2,MB_CA.MB_ML,2
624270240,mixed,FF->FB,FF,FB,2,2,0,1,1,1.0,1815,1815.0,MB_ML.MB_CA,3,2,2,"[MB_CA.CREL2, MB_CA.MB_MLL2] -> MB_ML.MB_CAL3 -> [MB_CA.MB_VLL2, MB_MLL2]",MB_CA.CRE,2,MB_CA.MB_ML,2,MB_CA.MB_VL,2,MB_ML,2
624270240,mixed,FF->FB,FF,FB,2,2,0,1,1,1.0,1815,1815.0,MB_ML.MB_CA,3,2,2,"[MB_CA.CREL2, MB_CA.MB_VLL2] -> MB_ML.MB_CAL3 -> [MB_CA.MB_MLL2, MB_MLL2]",MB_CA.CRE,2,MB_CA.MB_VL,2,MB_CA.MB_ML,2,MB_ML,2
616442400,mixed,FF->FB,FF,FB,2,2,0,1,1,1.0,1965,1965.0,MB_ML.MB_CA,3,2,2,"[AL.LHL2, MB_MLL2] -> MB_ML.MB_CAL3 -> [MB_CA.MB_MLL2, MB_CA.MB_VLL2]",AL.LH,2,MB_ML,2,MB_CA.MB_ML,2,MB_CA.MB_VL,2
610082280,mixed,FF->FB,FF,FB,2,2,0,1,1,1.0,1815,1815.0,MB_ML.MB_CA,3,2,2,"[MB_CA.MB_MLL2, MB_CA.MB_VLL2] -> MB_ML.MB_CAL3 -> [MB_CA.CREL2, MB_MLL2]",MB_CA.MB_ML,2,MB_CA.MB_VL,2,MB_CA.CRE,2,MB_ML,2
595894320,mixed,FF->FB,FF,FB,2,2,0,1,1,1.0,1965,1965.0,MB_ML.MB_CA,3,2,2,"[AL.LHL2, MB_CA.MB_MLL2] -> MB_ML.MB_CAL3 -> [MB_CA.MB_VLL2, MB_MLL2]",AL.LH,2,MB_CA.MB_ML,2,MB_CA.MB_VL,2,MB_ML,2
595894320,mixed,FF->FB,FF,FB,2,2,0,1,1,1.0,1965,1965.0,MB_ML.MB_CA,3,2,2,"[AL.LHL2, MB_CA.MB_VLL2] -> MB_ML.MB_CAL3 -> [MB_CA.MB_MLL2, MB_MLL2]",AL.LH,2,MB_CA.MB_VL,2,MB_CA.MB_ML,2,MB_ML,2
573878520,mixed,FF->FB,FF,FB,2,2,0,1,1,1.0,1876,1876.0,MB_ML.MB_CA,3,2,2,"[MB_CA.MB_MLL2, MB_CA.MB_PEDL2] -> MB_ML.MB_CAL3 -> [AL.LHL2, MB_CA.MB_VLL2]",MB_CA.MB_ML,2,MB_CA.MB_PED,2,AL.LH,2,MB_CA.MB_VL,2
573878520,mixed,FF->FB,FF,FB,2,2,0,1,1,1.0,1876,1876.0,MB_ML.MB_CA,3,2,2,"[MB_CA.MB_MLL2, MB_CA.MB_VLL2] -> MB_ML.MB_CAL3 -> [AL.LHL2, MB_CA.MB_PEDL2]",MB_CA.MB_ML,2,MB_CA.MB_VL,2,AL.LH,2,MB_CA.MB_PED,2
573878520,mixed,FF->FB,FF,FB,2,2,0,1,1,1.0,1876,1876.0,MB_ML.MB_CA,3,2,2,"[MB_CA.MB_PEDL2, MB_CA.MB_VLL2] -> MB_ML.MB_CAL3 -> [AL.LHL2, MB_CA.MB_MLL2]",MB_CA.MB_PED,2,MB_CA.MB_VL,2,AL.LH,2,MB_CA.MB_ML,2
570453840,mixed,FF->FB,FF,FB,2,2,0,1,1,1.0,1793,1793.0,MB_ML.MB_CA,3,2,2,"[AL.MB_CAL2, MB_CA.CREL2] -> MB_ML.MB_CAL3 -> [MB_CA.MB_MLL2, MB_CA.MB_VLL2]",AL.MB_CA,2,MB_CA.CRE,2,MB_CA.MB_ML,2,MB_CA.MB_VL,2
559690560,mixed,FF->FB,FF,FB,2,2,0,1,1,1.0,1793,1793.0,MB_ML.MB_CA,3,2,2,"[MB_CA.CREL2, MB_CA.MB_MLL2] -> MB_ML.MB_CAL3 -> [AL.MB_CAL2, MB_CA.MB_VLL2]",MB_CA.CRE,2,MB_CA.MB_ML,2,AL.MB_CA,2,MB_CA.MB_VL,2
559690560,mixed,FF->FB,FF,FB,2,2,0,1,1,1.0,1793,1793.0,MB_ML.MB_CA,3,2,2,"[MB_CA.CREL2, MB_CA.MB_VLL2] -> MB_ML.MB_CAL3 -> [AL.MB_CAL2, MB_CA.MB_MLL2]",MB_CA.CRE,2,MB_CA.MB_VL,2,AL.MB_CA,2,MB_CA.MB_ML,2
557488980,mixed,FF->FB,FF,FB,2,2,0,1,1,1.0,1793,1793.0,MB_ML.MB_CA,3,2,2,"[AL.MB_CAL2, MB_CA.MB_MLL2] -> MB_ML.MB_CAL3 -> [MB_CA.CREL2, MB_CA.MB_VLL2]",AL.MB_CA,2,MB_CA.MB_ML,2,MB_CA.CRE,2,MB_CA.MB_VL,2
557488980,mixed,FF->FB,FF,FB,2,2,0,1,1,1.0,1793,1793.0,MB_ML.MB_CA,3,2,2,"[AL.MB_CAL2, MB_CA.MB_VLL2] -> MB_ML.MB_CAL3 -> [MB_CA.CREL2, MB_CA.MB_MLL2]",AL.MB_CA,2,MB_CA.MB_VL,2,MB_CA.CRE,2,MB_CA.MB_ML,2
546970320,mixed,FF->FB,FF,FB,2,2,0,1,1,1.0,1793,1793.0,MB_ML.MB_CA,3,2,2,"[MB_CA.MB_MLL2, MB_CA.MB_VLL2] -> MB_ML.MB_CAL3 -> [AL.MB_CAL2, MB_CA.CREL2]",MB_CA.MB_ML,2,MB_CA.MB_VL,2,AL.MB_CA,2,MB_CA.CRE,2
544524120,mixed,FF->FB,FF,FB,2,2,0,1,1,1.0,1943,1943.0,MB_ML.MB_CA,3,2,2,"[AL.LHL2, AL.MB_CAL2] -> MB_ML.MB_CAL3 -> [MB_CA.MB_MLL2, MB_CA.MB_VLL2]",AL.LH,2,AL.MB_CA,2,MB_CA.MB_ML,2,MB_CA.MB_VL,2
534250080,mixed,FF->FB,FF,FB,2,2,0,1,1,1.0,1943,1943.0,MB_ML.MB_CA,3,2,2,"[AL.LHL2, MB_CA.MB_MLL2] -> MB_ML.MB_CAL3 -> [AL.MB_CAL2, MB_CA.MB_VLL2]",AL.LH,2,MB_CA.MB_ML,2,AL.MB_CA,2,MB_CA.MB_VL,2
534250080,mixed,FF->FB,FF,FB,2,2,0,1,1,1.0,1943,1943.0,MB_ML.MB_CA,3,2,2,"[AL.LHL2, MB_CA.MB_VLL2] -> MB_ML.MB_CAL3 -> [AL.MB_CAL2, MB_CA.MB_MLL2]",AL.LH,2,MB_CA.MB_VL,2,AL.MB_CA,2,MB_CA.MB_ML,2
520537103,mixed,FF->FB,FF,FB,2,2,0,2282,4,1.0,9699,4.25,LO,3,2,2,"[GNG.MEL2, ME.LOPL2] -> LOL3 -> [LO.LOPL2, ME.LOL2]",GNG.ME,2,ME.LOP,2,LO.LOP,2,ME.LO,2
512226620,mixed,FF->FB,FF,FB,2,2,0,2282,8,1.0,33771,14.799,LO,3,2,2,"[MEL2, ME.LOL2] -> LOL3 -> [LO.AVLPL2, ME.LOPL2]",ME,2,ME.LO,2,LO.AVLP,2,ME.LOP,2
499024800,mixed,FF->FB,FF,FB,2,2,0,1,1,1.0,1965,1965.0,MB_ML.MB_CA,3,2,2,"[MB_CA.MB_MLL2, MB_MLL2] -> MB_ML.MB_CAL3 -> [AL.LHL2, MB_CA.MB_VLL2]",MB_CA.MB_ML,2,MB_ML,2,AL.LH,2,MB_CA.MB_VL,2
499024800,mixed,FF->FB,FF,FB,2,2,0,1,1,1.0,1965,1965.0,MB_ML.MB_CA,3,2,2,"[MB_CA.MB_VLL2, MB_MLL2] -> MB_ML.MB_CAL3 -> [AL.LHL2, MB_CA.MB_MLL2]",MB_CA.MB_VL,2,MB_ML,2,AL.LH,2,MB_CA.MB_ML,2
482390640,mixed,FF->FB,FF,FB,2,2,0,1,1,1.0,1965,1965.0,MB_ML.MB_CA,3,2,2,"[MB_CA.MB_MLL2, MB_CA.MB_VLL2] -> MB_ML.MB_CAL3 -> [AL.LHL2, MB_MLL2]",MB_CA.MB_ML,2,MB_CA.MB_VL,2,AL.LH,2,MB_ML,2
452057760,mixed,FF->FB,FF,FB,2,2,0,1,1,1.0,1858,1858.0,MB_ML.MB_CA,3,2,2,"[AL.LHL2, MB_CA.CREL2] -> MB_ML.MB_CAL3 -> [MB_CA.MB_MLL2, MB_CA.MB_VLL2]",AL.LH,2,MB_CA.CRE,2,MB_CA.MB_ML,2,MB_CA.MB_VL,2
450741397,mixed,FF->FB,FF,FB,2,2,0,2282,4,1.0,32269,14.141,LO,3,2,2,"[GNG.MEL2, MEL2] -> LOL3 -> [LO.LOPL2, ME.LOL2]",GNG.ME,2,ME,2,LO.LOP,2,ME.LO,2
449309160,mixed,FF->FB,FF,FB,2,2,0,2282,11,1.39,27887,12.22,LO,3,2,2,"[AVLP.MEL2, MEL2] -> LOL3 -> [LO.LOPL2, ME.LOPL2]",AVLP.ME,2,ME,2,LO.LOP,2,ME.LOP,2
441783720,mixed,FF->FB,FF,FB,2,2,0,1,1,1.0,1858,1858.0,MB_ML.MB_CA,3,2,2,"[AL.LHL2, MB_CA.MB_MLL2] -> MB_ML.MB_CAL3 -> [MB_CA.CREL2, MB_CA.MB_VLL2]",AL.LH,2,MB_CA.MB_ML,2,MB_CA.CRE,2,MB_CA.MB_VL,2
441783720,mixed,FF->FB,FF,FB,2,2,0,1,1,1.0,1858,1858.0,MB_ML.MB_CA,3,2,2,"[AL.LHL2, MB_CA.MB_VLL2] -> MB_ML.MB_CAL3 -> [MB_CA.CREL2, MB_CA.MB_MLL2]",AL.LH,2,MB_CA.MB_VL,2,MB_CA.CRE,2,MB_CA.MB_ML,2
440805240,mixed,FF->FB,FF,FB,2,2,0,1,1,1.0,1943,1943.0,MB_ML.MB_CA,3,2,2,"[AL.MB_CAL2, MB_CA.MB_MLL2] -> MB_ML.MB_CAL3 -> [AL.LHL2, MB_CA.MB_VLL2]",AL.MB_CA,2,MB_CA.MB_ML,2,AL.LH,2,MB_CA.MB_VL,2
440805240,mixed,FF->FB,FF,FB,2,2,0,1,1,1.0,1943,1943.0,MB_ML.MB_CA,3,2,2,"[AL.MB_CAL2, MB_CA.MB_VLL2] -> MB_ML.MB_CAL3 -> [AL.LHL2, MB_CA.MB_MLL2]",AL.MB_CA,2,MB_CA.MB_VL,2,AL.LH,2,MB_CA.MB_ML,2
432488160,mixed,FF->FB,FF,FB,2,2,0,1,1,1.0,1943,1943.0,MB_ML.MB_CA,3,2,2,"[MB_CA.MB_MLL2, MB_CA.MB_VLL2] -> MB_ML.MB_CAL3 -> [AL.LHL2, AL.MB_CAL2]",MB_CA.MB_ML,2,MB_CA.MB_VL,2,AL.LH,2,AL.MB_CA,2
420617866,mixed,FF->FB,FF,FB,2,2,0,2282,11,1.261,9699,4.25,LO,3,2,2,"[AVLP.MEL2, ME.LOL2] -> LOL3 -> [LO.LOPL2, ME.LOPL2]",AVLP.ME,2,ME.LO,2,LO.LOP,2,ME.LOP,2
365951520,mixed,FF->FB,FF,FB,2,2,0,1,1,1.0,1858,1858.0,MB_ML.MB_CA,3,2,2,"[MB_CA.CREL2, MB_CA.MB_MLL2] -> MB_ML.MB_CAL3 -> [AL.LHL2, MB_CA.MB_VLL2]",MB_CA.CRE,2,MB_CA.MB_ML,2,AL.LH,2,MB_CA.MB_VL,2
365951520,mixed,FF->FB,FF,FB,2,2,0,1,1,1.0,1858,1858.0,MB_ML.MB_CA,3,2,2,"[MB_CA.CREL2, MB_CA.MB_VLL2] -> MB_ML.MB_CAL3 -> [AL.LHL2, MB_CA.MB_MLL2]",MB_CA.CRE,2,MB_CA.MB_VL,2,AL.LH,2,MB_CA.MB_ML,2
358975578,mixed,FF->FB,FF,FB,2,2,0,2282,9,1.0,33771,14.799,LO,3,2,2,"[MEL2, ME.LOPL2] -> LOL3 -> [LO.AVLPL2, ME.LOL2]",ME,2,ME.LOP,2,LO.AVLP,2,ME.LO,2
357634440,mixed,FF->FB,FF,FB,2,2,0,1,1,1.0,1858,1858.0,MB_ML.MB_CA,3,2,2,"[MB_CA.MB_MLL2, MB_CA.MB_VLL2] -> MB_ML.MB_CAL3 -> [AL.LHL2, MB_CA.CREL2]",MB_CA.MB_ML,2,MB_CA.MB_VL,2,AL.LH,2,MB_CA.CRE,2
298224266,mixed,FF->FB,FF,FB,2,2,0,2282,10,1.585,32269,14.141,LO,3,2,2,"[AVLP.MEL2, MEL2] -> LOL3 -> [LO.LOPL2, ME.LOL2]",AVLP.ME,2,ME,2,LO.LOP,2,ME.LO,2
293562611,mixed,FF->FB,FF,FB,2,2,0,2282,7,1.252,9699,4.25,LO,3,2,2,"[AVLP.MEL2, ME.LOPL2] -> LOL3 -> [LO.LOPL2, ME.LOL2]",AVLP.ME,2,ME.LOP,2,LO.LOP,2,ME.LO,2
289400757,mixed,FF->FB,FF,FB,2,2,0,2282,2,1.0,9699,4.25,LO,3,2,2,"[GNG.MEL2, LO.LOPL2] -> LOL3 -> [ME.LOL2, ME.LOPL2]",GNG.ME,2,LO.LOP,2,ME.LO,2,ME.LOP,2
276261106,mixed,FF->FB,FF,FB,2,2,0,2282,4,1.0,27909,12.23,LO,3,2,2,"[MEL2, ME.LOPL2] -> LOL3 -> [LO.AVLPL2, LO.LOPL2]",ME,2,ME.LOP,2,LO.AVLP,2,LO.LOP,2
274661534,mixed,FF->FB,FF,FB,2,2,0,2282,4,1.0,9721,4.26,LO,3,2,2,"[ME.LOL2, ME.LOPL2] -> LOL3 -> [LO.AVLPL2, LO.LOPL2]",ME.LO,2,ME.LOP,2,LO.AVLP,2,LO.LOP,2
237835585,mixed,FF->FB,FF,FB,2,2,0,2282,7,1.0,32291,14.15,LO,3,2,2,"[MEL2, ME.LOL2] -> LOL3 -> [LO.AVLPL2, LO.LOPL2]",ME,2,ME.LO,2,LO.AVLP,2,LO.LOP,2
236302920,mixed,FF->FB,FF,FB,2,2,0,1,1,1.0,1689,1689.0,MB_ML.MB_CA,3,2,2,"[MB_CA.MB_MLL2, MB_CA.MB_PEDL2] -> MB_ML.MB_CAL3 -> [MB_CA.MB_VLL2, MB_VL.MB_MLL2]",MB_CA.MB_ML,2,MB_CA.MB_PED,2,MB_CA.MB_VL,2,MB_VL.MB_ML,2
236302920,mixed,FF->FB,FF,FB,2,2,0,1,1,1.0,1689,1689.0,MB_ML.MB_CA,3,2,2,"[MB_CA.MB_MLL2, MB_CA.MB_VLL2] -> MB_ML.MB_CAL3 -> [MB_CA.MB_PEDL2, MB_VL.MB_MLL2]",MB_CA.MB_ML,2,MB_CA.MB_VL,2,MB_CA.MB_PED,2,MB_VL.MB_ML,2
236302920,mixed,FF->FB,FF,FB,2,2,0,1,1,1.0,1689,1689.0,MB_ML.MB_CA,3,2,2,"[MB_CA.MB_MLL2, MB_VL.MB_MLL2] -> MB_ML.MB_CAL3 -> [MB_CA.MB_PEDL2, MB_CA.MB_VLL2]",MB_CA.MB_ML,2,MB_VL.MB_ML,2,MB_CA.MB_PED,2,MB_CA.MB_VL,2
236302920,mixed,FF->FB,FF,FB,2,2,0,1,1,1.0,1689,1689.0,MB_ML.MB_CA,3,2,2,"[MB_CA.MB_PEDL2, MB_CA.MB_VLL2] -> MB_ML.MB_CAL3 -> [MB_CA.MB_MLL2, MB_VL.MB_MLL2]",MB_CA.MB_PED,2,MB_CA.MB_VL,2,MB_CA.MB_ML,2,MB_VL.MB_ML,2
236302920,mixed,FF->FB,FF,FB,2,2,0,1,1,1.0,1689,1689.0,MB_ML.MB_CA,3,2,2,"[MB_CA.MB_PEDL2, MB_VL.MB_MLL2] -> MB_ML.MB_CAL3 -> [MB_CA.MB_MLL2, MB_CA.MB_VLL2]",MB_CA.MB_PED,2,MB_VL.MB_ML,2,MB_CA.MB_ML,2,MB_CA.MB_VL,2
236302920,mixed,FF->FB,FF,FB,2,2,0,1,1,1.0,1689,1689.0,MB_ML.MB_CA,3,2,2,"[MB_CA.MB_VLL2, MB_VL.MB_MLL2] -> MB_ML.MB_CAL3 -> [MB_CA.MB_MLL2, MB_CA.MB_PEDL2]",MB_CA.MB_VL,2,MB_VL.MB_ML,2,MB_CA.MB_ML,2,MB_CA.MB_PED,2
211642928,mixed,FF->FB,FF,FB,2,2,0,2282,8,1.0,34394,15.072,LO,3,2,2,"[LOPL2, MEL2] -> LOL3 -> [ME.LOL2, ME.LOPL2]",LOP,2,ME,2,ME.LO,2,ME.LOP,2
211641099,mixed,FF->FB,FF,FB,2,2,0,2282,6,1.0,33753,14.791,LO,3,2,2,"[IPS.MEL2, MEL2] -> LOL3 -> [ME.LOL2, ME.LOPL2]",IPS.ME,2,ME,2,ME.LO,2,ME.LOP,2
205480800,mixed,FF->FB,FF,FB,2,2,0,1,1,1.0,1778,1778.0,MB_ML.MB_CA,3,2,2,"[MB_CA.MB_MLL2, MB_MLL2] -> MB_ML.MB_CAL3 -> [MB_CA.MB_VLL2, MB_VL.MB_MLL2]",MB_CA.MB_ML,2,MB_ML,2,MB_CA.MB_VL,2,MB_VL.MB_ML,2
205480800,mixed,FF->FB,FF,FB,2,2,0,1,1,1.0,1778,1778.0,MB_ML.MB_CA,3,2,2,"[MB_CA.MB_VLL2, MB_MLL2] -> MB_ML.MB_CAL3 -> [MB_CA.MB_MLL2, MB_VL.MB_MLL2]",MB_CA.MB_VL,2,MB_ML,2,MB_CA.MB_ML,2,MB_VL.MB_ML,2
205480800,mixed,FF->FB,FF,FB,2,2,0,1,1,1.0,1778,1778.0,MB_ML.MB_CA,3,2,2,"[MB_MLL2, MB_VL.MB_MLL2] -> MB_ML.MB_CAL3 -> [MB_CA.MB_MLL2, MB_CA.MB_VLL2]",MB_ML,2,MB_VL.MB_ML,2,MB_CA.MB_ML,2,MB_CA.MB_VL,2
202545360,mixed,FF->FB,FF,FB,2,2,0,1,1,1.0,1695,1695.0,MB_ML.MB_CA,3,2,2,"[MB_CAL2, MB_CA.MB_MLL2] -> MB_ML.MB_CAL3 -> [MB_CA.MB_PEDL2, MB_CA.MB_VLL2]",MB_CA,2,MB_CA.MB_ML,2,MB_CA.MB_PED,2,MB_CA.MB_VL,2
202545360,mixed,FF->FB,FF,FB,2,2,0,1,1,1.0,1695,1695.0,MB_ML.MB_CA,3,2,2,"[MB_CAL2, MB_CA.MB_PEDL2] -> MB_ML.MB_CAL3 -> [MB_CA.MB_MLL2, MB_CA.MB_VLL2]",MB_CA,2,MB_CA.MB_PED,2,MB_CA.MB_ML,2,MB_CA.MB_VL,2
202545360,mixed,FF->FB,FF,FB,2,2,0,1,1,1.0,1695,1695.0,MB_ML.MB_CA,3,2,2,"[MB_CAL2, MB_CA.MB_VLL2] -> MB_ML.MB_CAL3 -> [MB_CA.MB_MLL2, MB_CA.MB_PEDL2]",MB_CA,2,MB_CA.MB_VL,2,MB_CA.MB_ML,2,MB_CA.MB_PED,2
202545360,mixed,FF->FB,FF,FB,2,2,0,1,1,1.0,1695,1695.0,MB_ML.MB_CA,3,2,2,"[MB_CA.MB_MLL2, MB_CA.MB_PEDL2] -> MB_ML.MB_CAL3 -> [MB_CAL2, MB_CA.MB_VLL2]",MB_CA.MB_ML,2,MB_CA.MB_PED,2,MB_CA,2,MB_CA.MB_VL,2
202545360,mixed,FF->FB,FF,FB,2,2,0,1,1,1.0,1682,1682.0,MB_ML.MB_CA,3,2,2,"[MB_CA.MB_MLL2, MB_CA.MB_PEDL2] -> MB_ML.MB_CAL3 -> [MB_CA.MB_VLL2, MB_ML.MB_VLL2]",MB_CA.MB_ML,2,MB_CA.MB_PED,2,MB_CA.MB_VL,2,MB_ML.MB_VL,2
202545360,mixed,FF->FB,FF,FB,2,2,0,1,1,1.0,1695,1695.0,MB_ML.MB_CA,3,2,2,"[MB_CA.MB_MLL2, MB_CA.MB_VLL2] -> MB_ML.MB_CAL3 -> [MB_CAL2, MB_CA.MB_PEDL2]",MB_CA.MB_ML,2,MB_CA.MB_VL,2,MB_CA,2,MB_CA.MB_PED,2
202545360,mixed,FF->FB,FF,FB,2,2,0,1,1,1.0,1682,1682.0,MB_ML.MB_CA,3,2,2,"[MB_CA.MB_MLL2, MB_CA.MB_VLL2] -> MB_ML.MB_CAL3 -> [MB_CA.MB_PEDL2, MB_ML.MB_VLL2]",MB_CA.MB_ML,2,MB_CA.MB_VL,2,MB_CA.MB_PED,2,MB_ML.MB_VL,2
202545360,mixed,FF->FB,FF,FB,2,2,0,1,1,1.0,1682,1682.0,MB_ML.MB_CA,3,2,2,"[MB_CA.MB_MLL2, MB_ML.MB_VLL2] -> MB_ML.MB_CAL3 -> [MB_CA.MB_PEDL2, MB_CA.MB_VLL2]",MB_CA.MB_ML,2,MB_ML.MB_VL,2,MB_CA.MB_PED,2,MB_CA.MB_VL,2
202545360,mixed,FF->FB,FF,FB,2,2,0,1,1,1.0,1695,1695.0,MB_ML.MB_CA,3,2,2,"[MB_CA.MB_PEDL2, MB_CA.MB_VLL2] -> MB_ML.MB_CAL3 -> [MB_CAL2, MB_CA.MB_MLL2]",MB_CA.MB_PED,2,MB_CA.MB_VL,2,MB_CA,2,MB_CA.MB_ML,2
202545360,mixed,FF->FB,FF,FB,2,2,0,1,1,1.0,1682,1682.0,MB_ML.MB_CA,3,2,2,"[MB_CA.MB_PEDL2, MB_CA.MB_VLL2] -> MB_ML.MB_CAL3 -> [MB_CA.MB_MLL2, MB_ML.MB_VLL2]",MB_CA.MB_PED,2,MB_CA.MB_VL,2,MB_CA.MB_ML,2,MB_ML.MB_VL,2
202545360,mixed,FF->FB,FF,FB,2,2,0,1,1,1.0,1682,1682.0,MB_ML.MB_CA,3,2,2,"[MB_CA.MB_PEDL2, MB_ML.MB_VLL2] -> MB_ML.MB_CAL3 -> [MB_CA.MB_MLL2, MB_CA.MB_VLL2]",MB_CA.MB_PED,2,MB_ML.MB_VL,2,MB_CA.MB_ML,2,MB_CA.MB_VL,2
202545360,mixed,FF->FB,FF,FB,2,2,0,1,1,1.0,1682,1682.0,MB_ML.MB_CA,3,2,2,"[MB_CA.MB_VLL2, MB_ML.MB_VLL2] -> MB_ML.MB_CAL3 -> [MB_CA.MB_MLL2, MB_CA.MB_PEDL2]",MB_CA.MB_VL,2,MB_ML.MB_VL,2,MB_CA.MB_ML,2,MB_CA.MB_PED,2
198631440,mixed,FF->FB,FF,FB,2,2,0,1,1,1.0,1778,1778.0,MB_ML.MB_CA,3,2,2,"[MB_CA.MB_MLL2, MB_CA.MB_VLL2] -> MB_ML.MB_CAL3 -> [MB_MLL2, MB_VL.MB_MLL2]",MB_CA.MB_ML,2,MB_CA.MB_VL,2,MB_ML,2,MB_VL.MB_ML,2
198631440,mixed,FF->FB,FF,FB,2,2,0,1,1,1.0,1778,1778.0,MB_ML.MB_CA,3,2,2,"[MB_CA.MB_MLL2, MB_VL.MB_MLL2] -> MB_ML.MB_CAL3 -> [MB_CA.MB_VLL2, MB_MLL2]",MB_CA.MB_ML,2,MB_VL.MB_ML,2,MB_CA.MB_VL,2,MB_ML,2
198631440,mixed,FF->FB,FF,FB,2,2,0,1,1,1.0,1778,1778.0,MB_ML.MB_CA,3,2,2,"[MB_CA.MB_VLL2, MB_VL.MB_MLL2] -> MB_ML.MB_CAL3 -> [MB_CA.MB_MLL2, MB_MLL2]",MB_CA.MB_VL,2,MB_VL.MB_ML,2,MB_CA.MB_ML,2,MB_ML,2
186802295,mixed,FF->FB,FF,FB,2,2,0,2282,9,1.0,33749,14.789,LO,3,2,2,"[GNG.MEL2, ME.LOL2] -> LOL3 -> [MEL2, ME.LOPL2]",GNG.ME,2,ME.LO,2,ME,2,ME.LOP,2
181508040,mixed,FF->FB,FF,FB,2,2,0,1,1,1.0,1756,1756.0,MB_ML.MB_CA,3,2,2,"[AL.MB_CAL2, MB_CA.MB_MLL2] -> MB_ML.MB_CAL3 -> [MB_CA.MB_VLL2, MB_VL.MB_MLL2]",AL.MB_CA,2,MB_CA.MB_ML,2,MB_CA.MB_VL,2,MB_VL.MB_ML,2
181508040,mixed,FF->FB,FF,FB,2,2,0,1,1,1.0,1756,1756.0,MB_ML.MB_CA,3,2,2,"[AL.MB_CAL2, MB_CA.MB_VLL2] -> MB_ML.MB_CAL3 -> [MB_CA.MB_MLL2, MB_VL.MB_MLL2]",AL.MB_CA,2,MB_CA.MB_VL,2,MB_CA.MB_ML,2,MB_VL.MB_ML,2
181508040,mixed,FF->FB,FF,FB,2,2,0,1,1,1.0,1756,1756.0,MB_ML.MB_CA,3,2,2,"[AL.MB_CAL2, MB_VL.MB_MLL2] -> MB_ML.MB_CAL3 -> [MB_CA.MB_MLL2, MB_CA.MB_VLL2]",AL.MB_CA,2,MB_VL.MB_ML,2,MB_CA.MB_ML,2,MB_CA.MB_VL,2
178083360,mixed,FF->FB,FF,FB,2,2,0,1,1,1.0,1756,1756.0,MB_ML.MB_CA,3,2,2,"[MB_CA.MB_MLL2, MB_CA.MB_VLL2] -> MB_ML.MB_CAL3 -> [AL.MB_CAL2, MB_VL.MB_MLL2]",MB_CA.MB_ML,2,MB_CA.MB_VL,2,AL.MB_CA,2,MB_VL.MB_ML,2
178083360,mixed,FF->FB,FF,FB,2,2,0,1,1,1.0,1756,1756.0,MB_ML.MB_CA,3,2,2,"[MB_CA.MB_MLL2, MB_VL.MB_MLL2] -> MB_ML.MB_CAL3 -> [AL.MB_CAL2, MB_CA.MB_VLL2]",MB_CA.MB_ML,2,MB_VL.MB_ML,2,AL.MB_CA,2,MB_CA.MB_VL,2
178083360,mixed,FF->FB,FF,FB,2,2,0,1,1,1.0,1756,1756.0,MB_ML.MB_CA,3,2,2,"[MB_CA.MB_VLL2, MB_VL.MB_MLL2] -> MB_ML.MB_CAL3 -> [AL.MB_CAL2, MB_CA.MB_MLL2]",MB_CA.MB_VL,2,MB_VL.MB_ML,2,AL.MB_CA,2,MB_CA.MB_ML,2
176126400,mixed,FF->FB,FF,FB,2,2,0,1,1,1.0,1784,1784.0,MB_ML.MB_CA,3,2,2,"[MB_CAL2, MB_MLL2] -> MB_ML.MB_CAL3 -> [MB_CA.MB_MLL2, MB_CA.MB_VLL2]",MB_CA,2,MB_ML,2,MB_CA.MB_ML,2,MB_CA.MB_VL,2
176126400,mixed,FF->FB,FF,FB,2,2,0,1,1,1.0,1784,1784.0,MB_ML.MB_CA,3,2,2,"[MB_CA.MB_MLL2, MB_MLL2] -> MB_ML.MB_CAL3 -> [MB_CAL2, MB_CA.MB_VLL2]",MB_CA.MB_ML,2,MB_ML,2,MB_CA,2,MB_CA.MB_VL,2
176126400,mixed,FF->FB,FF,FB,2,2,0,1,1,1.0,1771,1771.0,MB_ML.MB_CA,3,2,2,"[MB_CA.MB_MLL2, MB_MLL2] -> MB_ML.MB_CAL3 -> [MB_CA.MB_VLL2, MB_ML.MB_VLL2]",MB_CA.MB_ML,2,MB_ML,2,MB_CA.MB_VL,2,MB_ML.MB_VL,2
176126400,mixed,FF->FB,FF,FB,2,2,0,1,1,1.0,1784,1784.0,MB_ML.MB_CA,3,2,2,"[MB_CA.MB_VLL2, MB_MLL2] -> MB_ML.MB_CAL3 -> [MB_CAL2, MB_CA.MB_MLL2]",MB_CA.MB_VL,2,MB_ML,2,MB_CA,2,MB_CA.MB_ML,2
176126400,mixed,FF->FB,FF,FB,2,2,0,1,1,1.0,1771,1771.0,MB_ML.MB_CA,3,2,2,"[MB_CA.MB_VLL2, MB_MLL2] -> MB_ML.MB_CAL3 -> [MB_CA.MB_MLL2, MB_ML.MB_VLL2]",MB_CA.MB_VL,2,MB_ML,2,MB_CA.MB_ML,2,MB_ML.MB_VL,2
176126400,mixed,FF->FB,FF,FB,2,2,0,1,1,1.0,1771,1771.0,MB_ML.MB_CA,3,2,2,"[MB_MLL2, MB_ML.MB_VLL2] -> MB_ML.MB_CAL3 -> [MB_CA.MB_MLL2, MB_CA.MB_VLL2]",MB_ML,2,MB_ML.MB_VL,2,MB_CA.MB_ML,2,MB_CA.MB_VL,2
170255520,mixed,FF->FB,FF,FB,2,2,0,1,1,1.0,1784,1784.0,MB_ML.MB_CA,3,2,2,"[MB_CAL2, MB_CA.MB_MLL2] -> MB_ML.MB_CAL3 -> [MB_CA.MB_VLL2, MB_MLL2]",MB_CA,2,MB_CA.MB_ML,2,MB_CA.MB_VL,2,MB_ML,2
170255520,mixed,FF->FB,FF,FB,2,2,0,1,1,1.0,1784,1784.0,MB_ML.MB_CA,3,2,2,"[MB_CAL2, MB_CA.MB_VLL2] -> MB_ML.MB_CAL3 -> [MB_CA.MB_MLL2, MB_MLL2]",MB_CA,2,MB_CA.MB_VL,2,MB_CA.MB_ML,2,MB_ML,2
170255520,mixed,FF->FB,FF,FB,2,2,0,1,1,1.0,1784,1784.0,MB_ML.MB_CA,3,2,2,"[MB_CA.MB_MLL2, MB_CA.MB_VLL2] -> MB_ML.MB_CAL3 -> [MB_CAL2, MB_MLL2]",MB_CA.MB_ML,2,MB_CA.MB_VL,2,MB_CA,2,MB_ML,2
170255520,mixed,FF->FB,FF,FB,2,2,0,1,1,1.0,1771,1771.0,MB_ML.MB_CA,3,2,2,"[MB_CA.MB_MLL2, MB_CA.MB_VLL2] -> MB_ML.MB_CAL3 -> [MB_MLL2, MB_ML.MB_VLL2]",MB_CA.MB_ML,2,MB_CA.MB_VL,2,MB_ML,2,MB_ML.MB_VL,2
170255520,mixed,FF->FB,FF,FB,2,2,0,1,1,1.0,1771,1771.0,MB_ML.MB_CA,3,2,2,"[MB_CA.MB_MLL2, MB_ML.MB_VLL2] -> MB_ML.MB_CAL3 -> [MB_CA.MB_VLL2, MB_MLL2]",MB_CA.MB_ML,2,MB_ML.MB_VL,2,MB_CA.MB_VL,2,MB_ML,2
170255520,mixed,FF->FB,FF,FB,2,2,0,1,1,1.0,1771,1771.0,MB_ML.MB_CA,3,2,2,"[MB_CA.MB_VLL2, MB_ML.MB_VLL2] -> MB_ML.MB_CAL3 -> [MB_CA.MB_MLL2, MB_MLL2]",MB_CA.MB_VL,2,MB_ML.MB_VL,2,MB_CA.MB_ML,2,MB_ML,2
155880435,mixed,FF->FB,FF,FB,2,2,0,2282,5,1.154,9699,4.25,LO,3,2,2,"[AVLP.MEL2, LO.LOPL2] -> LOL3 -> [ME.LOL2, ME.LOPL2]",AVLP.ME,2,LO.LOP,2,ME.LO,2,ME.LOP,2
155578320,mixed,FF->FB,FF,FB,2,2,0,1,1,1.0,1762,1762.0,MB_ML.MB_CA,3,2,2,"[AL.MB_CAL2, MB_CAL2] -> MB_ML.MB_CAL3 -> [MB_CA.MB_MLL2, MB_CA.MB_VLL2]",AL.MB_CA,2,MB_CA,2,MB_CA.MB_ML,2,MB_CA.MB_VL,2
155578320,mixed,FF->FB,FF,FB,2,2,0,1,1,1.0,1762,1762.0,MB_ML.MB_CA,3,2,2,"[AL.MB_CAL2, MB_CA.MB_MLL2] -> MB_ML.MB_CAL3 -> [MB_CAL2, MB_CA.MB_VLL2]",AL.MB_CA,2,MB_CA.MB_ML,2,MB_CA,2,MB_CA.MB_VL,2
155578320,mixed,FF->FB,FF,FB,2,2,0,1,1,1.0,1749,1749.0,MB_ML.MB_CA,3,2,2,"[AL.MB_CAL2, MB_CA.MB_MLL2] -> MB_ML.MB_CAL3 -> [MB_CA.MB_VLL2, MB_ML.MB_VLL2]",AL.MB_CA,2,MB_CA.MB_ML,2,MB_CA.MB_VL,2,MB_ML.MB_VL,2
155578320,mixed,FF->FB,FF,FB,2,2,0,1,1,1.0,1762,1762.0,MB_ML.MB_CA,3,2,2,"[AL.MB_CAL2, MB_CA.MB_VLL2] -> MB_ML.MB_CAL3 -> [MB_CAL2, MB_CA.MB_MLL2]",AL.MB_CA,2,MB_CA.MB_VL,2,MB_CA,2,MB_CA.MB_ML,2
155578320,mixed,FF->FB,FF,FB,2,2,0,1,1,1.0,1749,1749.0,MB_ML.MB_CA,3,2,2,"[AL.MB_CAL2, MB_CA.MB_VLL2] -> MB_ML.MB_CAL3 -> [MB_CA.MB_MLL2, MB_ML.MB_VLL2]",AL.MB_CA,2,MB_CA.MB_VL,2,MB_CA.MB_ML,2,MB_ML.MB_VL,2
155578320,mixed,FF->FB,FF,FB,2,2,0,1,1,1.0,1749,1749.0,MB_ML.MB_CA,3,2,2,"[AL.MB_CAL2, MB_ML.MB_VLL2] -> MB_ML.MB_CAL3 -> [MB_CA.MB_MLL2, MB_CA.MB_VLL2]",AL.MB_CA,2,MB_ML.MB_VL,2,MB_CA.MB_ML,2,MB_CA.MB_VL,2
153591598,mixed,FF->FB,FF,FB,2,2,0,2282,2,1.0,27909,12.23,LO,3,2,2,"[LO.LOPL2, MEL2] -> LOL3 -> [LO.AVLPL2, ME.LOPL2]",LO.LOP,2,ME,2,LO.AVLP,2,ME.LOP,2
152702406,mixed,FF->FB,FF,FB,2,2,0,2282,2,1.0,9721,4.26,LO,3,2,2,"[LO.LOPL2, ME.LOL2] -> LOL3 -> [LO.AVLPL2, ME.LOPL2]",LO.LOP,2,ME.LO,2,LO.AVLP,2,ME.LOP,2
152642880,mixed,FF->FB,FF,FB,2,2,0,1,1,1.0,1762,1762.0,MB_ML.MB_CA,3,2,2,"[MB_CAL2, MB_CA.MB_MLL2] -> MB_ML.MB_CAL3 -> [AL.MB_CAL2, MB_CA.MB_VLL2]",MB_CA,2,MB_CA.MB_ML,2,AL.MB_CA,2,MB_CA.MB_VL,2
152642880,mixed,FF->FB,FF,FB,2,2,0,1,1,1.0,1762,1762.0,MB_ML.MB_CA,3,2,2,"[MB_CAL2, MB_CA.MB_VLL2] -> MB_ML.MB_CAL3 -> [AL.MB_CAL2, MB_CA.MB_MLL2]",MB_CA,2,MB_CA.MB_VL,2,AL.MB_CA,2,MB_CA.MB_ML,2
152642880,mixed,FF->FB,FF,FB,2,2,0,1,1,1.0,1762,1762.0,MB_ML.MB_CA,3,2,2,"[MB_CA.MB_MLL2, MB_CA.MB_VLL2] -> MB_ML.MB_CAL3 -> [AL.MB_CAL2, MB_CAL2]",MB_CA.MB_ML,2,MB_CA.MB_VL,2,AL.MB_CA,2,MB_CA,2
152642880,mixed,FF->FB,FF,FB,2,2,0,1,1,1.0,1749,1749.0,MB_ML.MB_CA,3,2,2,"[MB_CA.MB_MLL2, MB_CA.MB_VLL2] -> MB_ML.MB_CAL3 -> [AL.MB_CAL2, MB_ML.MB_VLL2]",MB_CA.MB_ML,2,MB_CA.MB_VL,2,AL.MB_CA,2,MB_ML.MB_VL,2
152642880,mixed,FF->FB,FF,FB,2,2,0,1,1,1.0,1749,1749.0,MB_ML.MB_CA,3,2,2,"[MB_CA.MB_MLL2, MB_ML.MB_VLL2] -> MB_ML.MB_CAL3 -> [AL.MB_CAL2, MB_CA.MB_VLL2]",MB_CA.MB_ML,2,MB_ML.MB_VL,2,AL.MB_CA,2,MB_CA.MB_VL,2
152642880,mixed,FF->FB,FF,FB,2,2,0,1,1,1.0,1749,1749.0,MB_ML.MB_CA,3,2,2,"[MB_CA.MB_VLL2, MB_ML.MB_VLL2] -> MB_ML.MB_CAL3 -> [AL.MB_CAL2, MB_CA.MB_MLL2]",MB_CA.MB_VL,2,MB_ML.MB_VL,2,AL.MB_CA,2,MB_CA.MB_ML,2
150685920,mixed,FF->FB,FF,FB,2,2,0,1,1,1.0,1671,1671.0,MB_ML.MB_CA,3,2,2,"[MB_CA.CREL2, MB_CA.MB_MLL2] -> MB_ML.MB_CAL3 -> [MB_CA.MB_VLL2, MB_VL.MB_MLL2]",MB_CA.CRE,2,MB_CA.MB_ML,2,MB_CA.MB_VL,2,MB_VL.MB_ML,2
150685920,mixed,FF->FB,FF,FB,2,2,0,1,1,1.0,1671,1671.0,MB_ML.MB_CA,3,2,2,"[MB_CA.CREL2, MB_CA.MB_VLL2] -> MB_ML.MB_CAL3 -> [MB_CA.MB_MLL2, MB_VL.MB_MLL2]",MB_CA.CRE,2,MB_CA.MB_VL,2,MB_CA.MB_ML,2,MB_VL.MB_ML,2
150685920,mixed,FF->FB,FF,FB,2,2,0,1,1,1.0,1671,1671.0,MB_ML.MB_CA,3,2,2,"[MB_CA.CREL2, MB_VL.MB_MLL2] -> MB_ML.MB_CAL3 -> [MB_CA.MB_MLL2, MB_CA.MB_VLL2]",MB_CA.CRE,2,MB_VL.MB_ML,2,MB_CA.MB_ML,2,MB_CA.MB_VL,2
150618770,mixed,FF->FB,FF,FB,2,2,0,2282,20,1.891,33749,14.789,LO,3,2,2,"[AVLP.MEL2, ME.LOL2] -> LOL3 -> [MEL2, ME.LOPL2]",AVLP.ME,2,ME.LO,2,ME,2,ME.LOP,2
147261240,mixed,FF->FB,FF,FB,2,2,0,1,1,1.0,1671,1671.0,MB_ML.MB_CA,3,2,2,"[MB_CA.MB_MLL2, MB_CA.MB_VLL2] -> MB_ML.MB_CAL3 -> [MB_CA.CREL2, MB_VL.MB_MLL2]",MB_CA.MB_ML,2,MB_CA.MB_VL,2,MB_CA.CRE,2,MB_VL.MB_ML,2
147261240,mixed,FF->FB,FF,FB,2,2,0,1,1,1.0,1671,1671.0,MB_ML.MB_CA,3,2,2,"[MB_CA.MB_MLL2, MB_VL.MB_MLL2] -> MB_ML.MB_CAL3 -> [MB_CA.CREL2, MB_CA.MB_VLL2]",MB_CA.MB_ML,2,MB_VL.MB_ML,2,MB_CA.CRE,2,MB_CA.MB_VL,2
147261240,mixed,FF->FB,FF,FB,2,2,0,1,1,1.0,1671,1671.0,MB_ML.MB_CA,3,2,2,"[MB_CA.MB_VLL2, MB_VL.MB_MLL2] -> MB_ML.MB_CAL3 -> [MB_CA.CREL2, MB_CA.MB_MLL2]",MB_CA.MB_VL,2,MB_VL.MB_ML,2,MB_CA.CRE,2,MB_CA.MB_ML,2
143836560,mixed,FF->FB,FF,FB,2,2,0,1,1,1.0,1821,1821.0,MB_ML.MB_CA,3,2,2,"[AL.LHL2, MB_CA.MB_MLL2] -> MB_ML.MB_CAL3 -> [MB_CA.MB_VLL2, MB_VL.MB_MLL2]",AL.LH,2,MB_CA.MB_ML,2,MB_CA.MB_VL,2,MB_VL.MB_ML,2
143836560,mixed,FF->FB,FF,FB,2,2,0,1,1,1.0,1821,1821.0,MB_ML.MB_CA,3,2,2,"[AL.LHL2, MB_CA.MB_VLL2] -> MB_ML.MB_CAL3 -> [MB_CA.MB_MLL2, MB_VL.MB_MLL2]",AL.LH,2,MB_CA.MB_VL,2,MB_CA.MB_ML,2,MB_VL.MB_ML,2
143836560,mixed,FF->FB,FF,FB,2,2,0,1,1,1.0,1821,1821.0,MB_ML.MB_CA,3,2,2,"[AL.LHL2, MB_VL.MB_MLL2] -> MB_ML.MB_CAL3 -> [MB_CA.MB_MLL2, MB_CA.MB_VLL2]",AL.LH,2,MB_VL.MB_ML,2,MB_CA.MB_ML,2,MB_CA.MB_VL,2
135030240,mixed,FF->FB,FF,FB,2,2,0,1,1,1.0,2575,2575.0,MB_ML.MB_CA,3,2,2,"[ALL2, MB_CA.MB_MLL2] -> MB_ML.MB_CAL3 -> [MB_CA.MB_PEDL2, MB_CA.MB_VLL2]",AL,2,MB_CA.MB_ML,2,MB_CA.MB_PED,2,MB_CA.MB_VL,2
135030240,mixed,FF->FB,FF,FB,2,2,0,1,1,1.0,2575,2575.0,MB_ML.MB_CA,3,2,2,"[ALL2, MB_CA.MB_PEDL2] -> MB_ML.MB_CAL3 -> [MB_CA.MB_MLL2, MB_CA.MB_VLL2]",AL,2,MB_CA.MB_PED,2,MB_CA.MB_ML,2,MB_CA.MB_VL,2
135030240,mixed,FF->FB,FF,FB,2,2,0,1,1,1.0,2575,2575.0,MB_ML.MB_CA,3,2,2,"[ALL2, MB_CA.MB_VLL2] -> MB_ML.MB_CAL3 -> [MB_CA.MB_MLL2, MB_CA.MB_PEDL2]",AL,2,MB_CA.MB_VL,2,MB_CA.MB_ML,2,MB_CA.MB_PED,2
133653240,mixed,FF->FB,FF,FB,2,2,0,52,1,1.0,1900,36.538,MB_ML,3,2,2,"[MB_CA.MB_VLL2, MB_MLL2] -> MB_MLL3 -> [AL.MB_CAL2, MB_CA.MB_MLL2]",MB_CA.MB_VL,2,MB_ML,2,AL.MB_CA,2,MB_CA.MB_ML,2
132529680,mixed,FF->FB,FF,FB,2,2,0,1,1,1.0,1531,1531.0,MB_ML.MB_CA,3,2,2,"[AL.MB_CAL2, MB_MLL2] -> MB_ML.MB_CAL3 -> [MB_CA.MB_MLL2, MB_CA.MB_PEDL2]",AL.MB_CA,2,MB_ML,2,MB_CA.MB_ML,2,MB_CA.MB_PED,2
132308640,mixed,FF->FB,FF,FB,2,2,0,52,1,1.0,1900,36.538,MB_ML,3,2,2,"[AL.MB_CAL2, MB_MLL2] -> MB_MLL3 -> [MB_CA.MB_MLL2, MB_CA.MB_VLL2]",AL.MB_CA,2,MB_ML,2,MB_CA.MB_ML,2,MB_CA.MB_VL,2
132269760,mixed,FF->FB,FF,FB,2,2,0,52,1,1.0,1900,36.538,MB_ML,3,2,2,"[AL.MB_CAL2, MB_CA.MB_VLL2] -> MB_MLL3 -> [MB_CA.MB_MLL2, MB_MLL2]",AL.MB_CA,2,MB_CA.MB_VL,2,MB_CA.MB_ML,2,MB_ML,2
130913596,mixed,FF->FB,FF,FB,2,2,0,2282,5,1.0,33749,14.789,LO,3,2,2,"[GNG.MEL2, ME.LOPL2] -> LOL3 -> [MEL2, ME.LOL2]",GNG.ME,2,ME.LOP,2,ME,2,ME.LO,2
130471020,mixed,FF->FB,FF,FB,2,2,0,52,1,1.0,1900,36.538,MB_ML,3,2,2,"[MB_CA.MB_MLL2, MB_MLL2] -> MB_MLL3 -> [AL.MB_CAL2, MB_CA.MB_VLL2]",MB_CA.MB_ML,2,MB_ML,2,AL.MB_CA,2,MB_CA.MB_VL,2
130432680,mixed,FF->FB,FF,FB,2,2,0,52,1,1.0,1900,36.538,MB_ML,3,2,2,"[MB_CA.MB_MLL2, MB_CA.MB_VLL2] -> MB_MLL3 -> [AL.MB_CAL2, MB_MLL2]",MB_CA.MB_ML,2,MB_CA.MB_VL,2,AL.MB_CA,2,MB_ML,2
130029120,mixed,FF->FB,FF,FB,2,2,0,1,1,1.0,1531,1531.0,MB_ML.MB_CA,3,2,2,"[MB_CA.MB_MLL2, MB_MLL2] -> MB_ML.MB_CAL3 -> [AL.MB_CAL2, MB_CA.MB_PEDL2]",MB_CA.MB_ML,2,MB_ML,2,AL.MB_CA,2,MB_CA.MB_PED,2
130029120,mixed,FF->FB,FF,FB,2,2,0,1,1,1.0,1531,1531.0,MB_ML.MB_CA,3,2,2,"[MB_CA.MB_PEDL2, MB_MLL2] -> MB_ML.MB_CAL3 -> [AL.MB_CAL2, MB_CA.MB_MLL2]",MB_CA.MB_PED,2,MB_ML,2,AL.MB_CA,2,MB_CA.MB_ML,2
129159360,mixed,FF->FB,FF,FB,2,2,0,1,1,1.0,1677,1677.0,MB_ML.MB_CA,3,2,2,"[MB_CAL2, MB_CA.CREL2] -> MB_ML.MB_CAL3 -> [MB_CA.MB_MLL2, MB_CA.MB_VLL2]",MB_CA,2,MB_CA.CRE,2,MB_CA.MB_ML,2,MB_CA.MB_VL,2
129159360,mixed,FF->FB,FF,FB,2,2,0,1,1,1.0,1677,1677.0,MB_ML.MB_CA,3,2,2,"[MB_CA.CREL2, MB_CA.MB_MLL2] -> MB_ML.MB_CAL3 -> [MB_CAL2, MB_CA.MB_VLL2]",MB_CA.CRE,2,MB_CA.MB_ML,2,MB_CA,2,MB_CA.MB_VL,2
129159360,mixed,FF->FB,FF,FB,2,2,0,1,1,1.0,1664,1664.0,MB_ML.MB_CA,3,2,2,"[MB_CA.CREL2, MB_CA.MB_MLL2] -> MB_ML.MB_CAL3 -> [MB_CA.MB_VLL2, MB_ML.MB_VLL2]",MB_CA.CRE,2,MB_CA.MB_ML,2,MB_CA.MB_VL,2,MB_ML.MB_VL,2
129159360,mixed,FF->FB,FF,FB,2,2,0,1,1,1.0,1677,1677.0,MB_ML.MB_CA,3,2,2,"[MB_CA.CREL2, MB_CA.MB_VLL2] -> MB_ML.MB_CAL3 -> [MB_CAL2, MB_CA.MB_MLL2]",MB_CA.CRE,2,MB_CA.MB_VL,2,MB_CA,2,MB_CA.MB_ML,2
129159360,mixed,FF->FB,FF,FB,2,2,0,1,1,1.0,1664,1664.0,MB_ML.MB_CA,3,2,2,"[MB_CA.CREL2, MB_CA.MB_VLL2] -> MB_ML.MB_CAL3 -> [MB_CA.MB_MLL2, MB_ML.MB_VLL2]",MB_CA.CRE,2,MB_CA.MB_VL,2,MB_CA.MB_ML,2,MB_ML.MB_VL,2
129159360,mixed,FF->FB,FF,FB,2,2,0,1,1,1.0,1664,1664.0,MB_ML.MB_CA,3,2,2,"[MB_CA.CREL2, MB_ML.MB_VLL2] -> MB_ML.MB_CAL3 -> [MB_CA.MB_MLL2, MB_CA.MB_VLL2]",MB_CA.CRE,2,MB_ML.MB_VL,2,MB_CA.MB_ML,2,MB_CA.MB_VL,2
129120480,mixed,FF->FB,FF,FB,2,2,0,52,1,1.0,1900,36.538,MB_ML,3,2,2,"[AL.MB_CAL2, MB_CA.MB_MLL2] -> MB_MLL3 -> [MB_CA.MB_VLL2, MB_MLL2]",AL.MB_CA,2,MB_CA.MB_ML,2,MB_CA.MB_VL,2,MB_ML,2
128112024,mixed,FF->FB,FF,FB,2,2,0,1,1,1.0,1531,1531.0,MB_ML.MB_CA,3,2,2,"[AL.MB_CAL2, MB_CA.MB_MLL2] -> MB_ML.MB_CAL3 -> [MB_CA.MB_PEDL2, MB_MLL2]",AL.MB_CA,2,MB_CA.MB_ML,2,MB_CA.MB_PED,2,MB_ML,2
128112024,mixed,FF->FB,FF,FB,2,2,0,1,1,1.0,1531,1531.0,MB_ML.MB_CA,3,2,2,"[AL.MB_CAL2, MB_CA.MB_PEDL2] -> MB_ML.MB_CAL3 -> [MB_CA.MB_MLL2, MB_MLL2]",AL.MB_CA,2,MB_CA.MB_PED,2,MB_CA.MB_ML,2,MB_ML,2
126223920,mixed,FF->FB,FF,FB,2,2,0,1,1,1.0,1677,1677.0,MB_ML.MB_CA,3,2,2,"[MB_CAL2, MB_CA.MB_MLL2] -> MB_ML.MB_CAL3 -> [MB_CA.CREL2, MB_CA.MB_VLL2]",MB_CA,2,MB_CA.MB_ML,2,MB_CA.CRE,2,MB_CA.MB_VL,2
126223920,mixed,FF->FB,FF,FB,2,2,0,1,1,1.0,1677,1677.0,MB_ML.MB_CA,3,2,2,"[MB_CAL2, MB_CA.MB_VLL2] -> MB_ML.MB_CAL3 -> [MB_CA.CREL2, MB_CA.MB_MLL2]",MB_CA,2,MB_CA.MB_VL,2,MB_CA.CRE,2,MB_CA.MB_ML,2
126223920,mixed,FF->FB,FF,FB,2,2,0,1,1,1.0,1677,1677.0,MB_ML.MB_CA,3,2,2,"[MB_CA.MB_MLL2, MB_CA.MB_VLL2] -> MB_ML.MB_CAL3 -> [MB_CAL2, MB_CA.CREL2]",MB_CA.MB_ML,2,MB_CA.MB_VL,2,MB_CA,2,MB_CA.CRE,2
35960152,pure_FB,FB->FB,FB,FB,0,4,0,647,7,3.027,7786,12.034,LOP,2,2,2,"[LO.LOPL3, ME.LOPL3] -> LOPL2 -> [LOPL1, LOP.LOL1]",LO.LOP,3,ME.LOP,3,LOP,1,LOP.LO,1
15403272,pure_FB,FB->FB,FB,FB,0,4,0,647,4,2.527,7987,12.345,LOP,2,2,2,"[LO.LOPL3, ME.LOPL3] -> LOPL2 -> [LOL1, LOP.LOL1]",LO.LOP,3,ME.LOP,3,LO,1,LOP.LO,1
9558462,pure_FB,FB->FB,FB,FB,0,4,0,647,117,2.102,7979,12.332,LOP,2,2,2,"[LO.LOPL3, ME.LOPL3] -> LOPL2 -> [LOL1, LOPL1]",LO.LOP,3,ME.LOP,3,LO,1,LOP,1
7193470,pure_FB,FB->FB,FB,FB,0,4,0,647,5,2.845,5205,8.045,LOP,2,2,2,"[LO.LOPL3, LOPL3] -> LOPL2 -> [LOPL1, LOP.LOL1]",LO.LOP,3,LOP,3,LOP,1,LOP.LO,1
7135192,pure_FB,FB->FB,FB,FB,0,4,0,647,3,1.995,7770,12.009,LOP,2,2,2,"[LO.LOPL3, ME.LOPL3] -> LOPL2 -> [LOP.IPSL1, LOP.LOL1]",LO.LOP,3,ME.LOP,3,LOP.IPS,1,LOP.LO,1
5694012,pure_FB,FB->FB,FB,FB,0,4,0,647,2,1.949,7770,12.009,LOP,2,2,2,"[LO.LOPL3, ME.LOPL3] -> LOPL2 -> [IPS.LOPL1, LOP.LOL1]",LO.LOP,3,ME.LOP,3,IPS.LOP,1,LOP.LO,1
5516869,pure_FB,FB->FB,FB,FB,0,4,0,647,5,2.808,4781,7.389,LOP,2,2,2,"[LOPL3, ME.LOPL3] -> LOPL2 -> [LOPL1, LOP.LOL1]",LOP,3,ME.LOP,3,LOP,1,LOP.LO,1
4519334,pure_FB,FB->FB,FB,FB,0,4,0,647,3,1.036,12992,20.08,LOP,2,2,2,"[LO.LOPL3, ME.LOL3] -> LOPL2 -> [LOPL1, LOP.LOL1]",LO.LOP,3,ME.LO,3,LOP,1,LOP.LO,1
3946492,pure_FB,FB->FB,FB,FB,0,4,0,647,3,1.898,7762,11.997,LOP,2,2,2,"[LO.LOPL3, ME.LOPL3] -> LOPL2 -> [IPS.LOPL1, LOPL1]",LO.LOP,3,ME.LOP,3,IPS.LOP,1,LOP,1
3739644,pure_FB,FB->FB,FB,FB,0,4,0,647,2,1.021,13193,20.391,LOP,2,2,2,"[LO.LOPL3, ME.LOL3] -> LOPL2 -> [LOL1, LOP.LOL1]",LO.LOP,3,ME.LO,3,LO,1,LOP.LO,1
3345196,pure_FB,FB->FB,FB,FB,0,4,0,647,6,2.233,7762,11.997,LOP,2,2,2,"[LO.LOPL3, ME.LOPL3] -> LOPL2 -> [LOPL1, LOP.IPSL1]",LO.LOP,3,ME.LOP,3,LOP,1,LOP.IPS,1
2937582,pure_FB,FB->FB,FB,FB,0,4,0,647,4,1.26,14837,22.932,LOP,2,2,2,"[LO.LOPL3, MEL3] -> LOPL2 -> [LOPL1, LOP.LOL1]",LO.LOP,3,ME,3,LOP,1,LOP.LO,1
2897129,pure_FB,FB->FB,FB,FB,0,4,0,647,3,1.058,12568,19.425,LOP,2,2,2,"[ME.LOL3, ME.LOPL3] -> LOPL2 -> [LOPL1, LOP.LOL1]",ME.LO,3,ME.LOP,3,LOP,1,LOP.LO,1
2804147,pure_FB,FB->FB,FB,FB,0,4,0,647,75,1.021,13185,20.379,LOP,2,2,2,"[LO.LOPL3, ME.LOL3] -> LOPL2 -> [LOL1, LOPL1]",LO.LOP,3,ME.LO,3,LO,1,LOP,1
2801406,pure_FB,FB->FB,FB,FB,0,4,0,647,4,2.804,5406,8.355,LOP,2,2,2,"[LO.LOPL3, LOPL3] -> LOPL2 -> [LOL1, LOP.LOL1]",LO.LOP,3,LOP,3,LO,1,LOP.LO,1
2386836,pure_FB,FB->FB,FB,FB,0,4,0,647,2,1.035,12769,19.736,LOP,2,2,2,"[ME.LOL3, ME.LOPL3] -> LOPL2 -> [LOL1, LOP.LOL1]",ME.LO,3,ME.LOP,3,LO,1,LOP.LO,1
2305698,pure_FB,FB->FB,FB,FB,0,4,0,647,2,1.228,7963,12.308,LOP,2,2,2,"[LO.LOPL3, ME.LOPL3] -> LOPL2 -> [IPS.LOPL1, LOL1]",LO.LOP,3,ME.LOP,3,IPS.LOP,1,LO,1
2299668,pure_FB,FB->FB,FB,FB,0,4,0,647,4,1.121,15038,23.243,LOP,2,2,2,"[LO.LOPL3, MEL3] -> LOPL2 -> [LOL1, LOP.LOL1]",LO.LOP,3,ME,3,LO,1,LOP.LO,1
2220660,pure_FB,FB->FB,FB,FB,0,4,0,647,1,1.0,7834,12.108,LOP,2,2,2,"[LO.LOPL3, ME.LOPL3] -> LOPL2 -> [IPSL1, LOP.LOL1]",LO.LOP,3,ME.LOP,3,IPS,1,LOP.LO,1
2220660,pure_FB,FB->FB,FB,FB,0,4,0,647,1,1.0,7778,12.022,LOP,2,2,2,"[LO.LOPL3, ME.LOPL3] -> LOPL2 -> [LOP.LOL1, PLPL1]",LO.LOP,3,ME.LOP,3,LOP.LO,1,PLP,1
2089070,pure_FB,FB->FB,FB,FB,0,4,0,647,4,2.898,4982,7.7,LOP,2,2,2,"[LOPL3, ME.LOPL3] -> LOPL2 -> [LOL1, LOP.LOL1]",LOP,3,ME.LOP,3,LO,1,LOP.LO,1
1948938,pure_FB,FB->FB,FB,FB,0,4,0,647,4,1.367,14413,22.277,LOP,2,2,2,"[MEL3, ME.LOPL3] -> LOPL2 -> [LOPL1, LOP.LOL1]",ME,3,ME.LOP,3,LOP,1,LOP.LO,1
1870250,pure_FB,FB->FB,FB,FB,0,4,0,24835,2,1.324,17052,0.687,ME,2,2,2,"[LOL3, ME.LOL3] -> MEL2 -> [MEL1, ME.PLPL1]",LO,3,ME.LO,3,ME,1,ME.PLP,1
1788083,pure_FB,FB->FB,FB,FB,0,4,0,647,59,1.033,12761,19.723,LOP,2,2,2,"[ME.LOL3, ME.LOPL3] -> LOPL2 -> [LOL1, LOPL1]",ME.LO,3,ME.LOP,3,LO,1,LOP,1
1688471,pure_FB,FB->FB,FB,FB,0,4,0,647,125,2.47,5398,8.343,LOP,2,2,2,"[LO.LOPL3, LOPL3] -> LOPL2 -> [LOL1, LOPL1]",LO.LOP,3,LOP,3,LO,1,LOP,1
1685374,pure_FB,FB->FB,FB,FB,0,4,0,647,28,1.072,15030,23.23,LOP,2,2,2,"[LO.LOPL3, MEL3] -> LOPL2 -> [LOL1, LOPL1]",LO.LOP,3,ME,3,LO,1,LOP,1
1522366,pure_FB,FB->FB,FB,FB,0,4,0,647,3,1.993,5189,8.02,LOP,2,2,2,"[LO.LOPL3, LOPL3] -> LOPL2 -> [LOP.IPSL1, LOP.LOL1]",LO.LOP,3,LOP,3,LOP.IPS,1,LOP.LO,1
1493534,pure_FB,FB->FB,FB,FB,0,4,0,647,4,1.173,14614,22.587,LOP,2,2,2,"[MEL3, ME.LOPL3] -> LOPL2 -> [LOL1, LOP.LOL1]",ME,3,ME.LOP,3,LO,1,LOP.LO,1
1480032,pure_FB,FB->FB,FB,FB,0,4,0,647,1,1.0,12976,20.056,LOP,2,2,2,"[LO.LOPL3, ME.LOL3] -> LOPL2 -> [IPS.LOPL1, LOP.LOL1]",LO.LOP,3,ME.LO,3,IPS.LOP,1,LOP.LO,1
1479028,pure_FB,FB->FB,FB,FB,0,4,0,24835,5,1.391,25479,1.026,ME,2,2,2,"[MEL3, ME.LOL3] -> MEL2 -> [MEL1, ME.PLPL1]",ME,3,ME.LO,3,ME,1,ME.PLP,1
1469450,pure_FB,FB->FB,FB,FB,0,4,0,24835,2,1.423,17049,0.686,ME,2,2,2,"[LOL3, ME.LOL3] -> MEL2 -> [MEL1, SPS.MEL1]",LO,3,ME.LO,3,ME,1,SPS.ME,1
1355444,pure_FB,FB->FB,FB,FB,0,4,0,6,4,2.46,7025,1170.833,IPS.ME,2,2,2,"[GNGL3, IPSL3] -> IPS.MEL2 -> [MEL1, ME.LAL1]",GNG,3,IPS,3,ME,1,ME.LA,1
1278190,pure_FB,FB->FB,FB,FB,0,4,0,647,3,1.925,4765,7.365,LOP,2,2,2,"[LOPL3, ME.LOPL3] -> LOPL2 -> [LOP.IPSL1, LOP.LOL1]",LOP,3,ME.LOP,3,LOP.IPS,1,LOP.LO,1
1207611,pure_FB,FB->FB,FB,FB,0,4,0,647,108,2.757,4974,7.688,LOP,2,2,2,"[LOPL3, ME.LOPL3] -> LOPL2 -> [LOL1, LOPL1]",LOP,3,ME.LOP,3,LO,1,LOP,1
1183923,pure_FB,FB->FB,FB,FB,0,4,0,24835,18,2.523,19808,0.798,ME,2,2,2,"[MEL3, ME.LOL3] -> MEL2 -> [LOL1, ME.LOL1]",ME,3,ME.LO,3,LO,1,ME.LO,1
1171740,pure_FB,FB->FB,FB,FB,0,4,0,24835,2,1.505,25476,1.026,ME,2,2,2,"[MEL3, ME.LOL3] -> MEL2 -> [MEL1, SPS.MEL1]",ME,3,ME.LO,3,ME,1,SPS.ME,1
1164855,pure_FB,FB->FB,FB,FB,0,4,0,6,4,3.568,16867,2811.167,IPS.ME,2,2,2,"[IPSL3, MEL3] -> IPS.MEL2 -> [MEL1, ME.LAL1]",IPS,3,ME,3,ME,1,ME.LA,1
1110024,pure_FB,FB->FB,FB,FB,0,4,0,647,1,1.0,12968,20.043,LOP,2,2,2,"[LO.LOPL3, ME.LOL3] -> LOPL2 -> [IPS.LOPL1, LOPL1]",LO.LOP,3,ME.LO,3,IPS.LOP,1,LOP,1
1084748,pure_FB,FB->FB,FB,FB,0,4,0,647,21,1.104,14606,22.575,LOP,2,2,2,"[MEL3, ME.LOPL3] -> LOPL2 -> [LOL1, LOPL1]",ME,3,ME.LOP,3,LO,1,LOP,1
1056563,pure_FB,FB->FB,FB,FB,0,4,0,24835,4,3.919,19799,0.797,ME,2,2,2,"[MEL3, ME.LOL3] -> MEL2 -> [LOL1, PLP.MEL1]",ME,3,ME.LO,3,LO,1,PLP.ME,1
1048356,pure_FB,FB->FB,FB,FB,0,4,0,647,2,1.999,5189,8.02,LOP,2,2,2,"[LO.LOPL3, LOPL3] -> LOPL2 -> [IPS.LOPL1, LOP.LOL1]",LO.LOP,3,LOP,3,IPS.LOP,1,LOP.LO,1
1024322,pure_FB,FB->FB,FB,FB,0,4,0,647,3,1.964,7963,12.308,LOP,2,2,2,"[LO.LOPL3, ME.LOPL3] -> LOPL2 -> [LOL1, LOP.IPSL1]",LO.LOP,3,ME.LOP,3,LO,1,LOP.IPS,1
938304,pure_FB,FB->FB,FB,FB,0,4,0,647,1,1.0,12552,19.4,LOP,2,2,2,"[ME.LOL3, ME.LOPL3] -> LOPL2 -> [IPS.LOPL1, LOP.LOL1]",ME.LO,3,ME.LOP,3,IPS.LOP,1,LOP.LO,1
925020,pure_FB,FB->FB,FB,FB,0,4,0,647,1,1.0,13169,20.354,LOP,2,2,2,"[LO.LOPL3, ME.LOL3] -> LOPL2 -> [IPS.LOPL1, LOL1]",LO.LOP,3,ME.LO,3,IPS.LOP,1,LO,1
922100,pure_FB,FB->FB,FB,FB,0,4,0,647,2,1.158,7826,12.096,LOP,2,2,2,"[LO.LOPL3, ME.LOPL3] -> LOPL2 -> [IPSL1, LOPL1]",LO.LOP,3,ME.LOP,3,IPS,1,LOP,1
873630,pure_FB,FB->FB,FB,FB,0,4,0,647,2,1.013,14821,22.907,LOP,2,2,2,"[LO.LOPL3, MEL3] -> LOPL2 -> [IPS.LOPL1, LOP.LOL1]",LO.LOP,3,ME,3,IPS.LOP,1,LOP.LO,1
854100,pure_FB,FB->FB,FB,FB,0,4,0,647,1,1.0,7770,12.009,LOP,2,2,2,"[LO.LOPL3, ME.LOPL3] -> LOPL2 -> [LOPL1, PLPL1]",LO.LOP,3,ME.LOP,3,LOP,1,PLP,1
820375,pure_FB,FB->FB,FB,FB,0,4,0,6,4,3.172,6200,1033.333,IPS.ME,2,2,2,"[IPSL3, LO.AVLPL3] -> IPS.MEL2 -> [MEL1, ME.LAL1]",IPS,3,LO.AVLP,3,ME,1,ME.LA,1
768156,pure_FB,FB->FB,FB,FB,0,4,0,6,4,2.783,17543,2923.833,IPS.ME,2,2,2,"[GNGL3, MEL3] -> IPS.MEL2 -> [MEL1, ME.LAL1]",GNG,3,ME,3,ME,1,ME.LA,1
744516,pure_FB,FB->FB,FB,FB,0,4,0,647,2,1.016,19619,30.323,LOP,2,2,2,"[MEL3, ME.LOL3] -> LOPL2 -> [LOPL1, LOP.LOL1]",ME,3,ME.LO,3,LOP,1,LOP.LO,1
717442,pure_FB,FB->FB,FB,FB,0,4,0,647,4,2.137,4476,6.918,LOP,2,2,2,"[LO.LOPL3, LOP.PLPL3] -> LOPL2 -> [LOPL1, LOP.LOL1]",LO.LOP,3,LOP.PLP,3,LOP,1,LOP.LO,1
717272,pure_FB,FB->FB,FB,FB,0,4,0,647,2,1.982,4765,7.365,LOP,2,2,2,"[LOPL3, ME.LOPL3] -> LOPL2 -> [IPS.LOPL1, LOP.LOL1]",LOP,3,ME.LOP,3,IPS.LOP,1,LOP.LO,1
715854,pure_FB,FB->FB,FB,FB,0,4,0,647,6,2.191,5181,8.008,LOP,2,2,2,"[LO.LOPL3, LOPL3] -> LOPL2 -> [LOPL1, LOP.IPSL1]",LO.LOP,3,LOP,3,LOP,1,LOP.IPS,1
711876,pure_FB,FB->FB,FB,FB,0,4,0,647,3,2.019,5181,8.008,LOP,2,2,2,"[LO.LOPL3, LOPL3] -> LOPL2 -> [IPS.LOPL1, LOPL1]",LO.LOP,3,LOP,3,IPS.LOP,1,LOP,1
703728,pure_FB,FB->FB,FB,FB,0,4,0,647,1,1.0,12544,19.388,LOP,2,2,2,"[ME.LOL3, ME.LOPL3] -> LOPL2 -> [IPS.LOPL1, LOPL1]",ME.LO,3,ME.LOP,3,IPS.LOP,1,LOP,1
654706,pure_FB,FB->FB,FB,FB,0,4,0,647,3,1.012,14813,22.895,LOP,2,2,2,"[LO.LOPL3, MEL3] -> LOPL2 -> [IPS.LOPL1, LOPL1]",LO.LOP,3,ME,3,IPS.LOP,1,LOP,1
618498,pure_FB,FB->FB,FB,FB,0,4,0,647,2,1.009,19820,30.634,LOP,2,2,2,"[MEL3, ME.LOL3] -> LOPL2 -> [LOL1, LOP.LOL1]",ME,3,ME.LO,3,LO,1,LOP.LO,1
591484,pure_FB,FB->FB,FB,FB,0,4,0,647,6,2.198,4757,7.352,LOP,2,2,2,"[LOPL3, ME.LOPL3] -> LOPL2 -> [LOPL1, LOP.IPSL1]",LOP,3,ME.LOP,3,LOP,1,LOP.IPS,1
587780,pure_FB,FB->FB,FB,FB,0,4,0,24835,2,1.423,11159,0.449,ME,2,2,2,"[LOL3, ME.LOL3] -> MEL2 -> [ME.PLPL1, SPS.MEL1]",LO,3,ME.LO,3,ME.PLP,1,SPS.ME,1
586440,pure_FB,FB->FB,FB,FB,0,4,0,647,1,1.0,12745,19.699,LOP,2,2,2,"[ME.LOL3, ME.LOPL3] -> LOPL2 -> [IPS.LOPL1, LOL1]",ME.LO,3,ME.LOP,3,IPS.LOP,1,LO,1
583869,pure_FB,FB->FB,FB,FB,0,4,0,6,4,3.865,6470,1078.333,IPS.ME,2,2,2,"[AVLPL3, IPSL3] -> IPS.MEL2 -> [MEL1, ME.LAL1]",AVLP,3,IPS,3,ME,1,ME.LA,1
572108,pure_FB,FB->FB,FB,FB,0,4,0,647,4,2.123,4052,6.263,LOP,2,2,2,"[LOP.PLPL3, ME.LOPL3] -> LOPL2 -> [LOPL1, LOP.LOL1]",LOP.PLP,3,ME.LOP,3,LOP,1,LOP.LO,1
565160,pure_FB,FB->FB,FB,FB,0,4,0,6,4,2.534,6876,1146.0,IPS.ME,2,2,2,"[GNGL3, LO.AVLPL3] -> IPS.MEL2 -> [MEL1, ME.LAL1]",GNG,3,LO.AVLP,3,ME,1,ME.LA,1
554420,pure_FB,FB->FB,FB,FB,0,4,0,647,2,1.015,14397,22.252,LOP,2,2,2,"[MEL3, ME.LOPL3] -> LOPL2 -> [IPS.LOPL1, LOP.LOL1]",ME,3,ME.LOP,3,IPS.LOP,1,LOP.LO,1
553860,pure_FB,FB->FB,FB,FB,0,4,0,24835,3,1.479,18897,0.761,ME,2,2,2,"[LOL3, MEL3] -> MEL2 -> [MEL1, ME.PLPL1]",LO,3,ME,3,ME,1,ME.PLP,1
543021,pure_FB,FB->FB,FB,FB,0,4,0,647,2,1.002,15014,23.206,LOP,2,2,2,"[LO.LOPL3, MEL3] -> LOPL2 -> [IPS.LOPL1, LOL1]",LO.LOP,3,ME,3,IPS.LOP,1,LO,1
537168,pure_FB,FB->FB,FB,FB,0,4,0,24835,9,1.617,17059,0.687,ME,2,2,2,"[LOL3, ME.LOL3] -> MEL2 -> [MEL1, ME.LOL1]",LO,3,ME.LO,3,ME,1,ME.LO,1
534325,pure_FB,FB->FB,FB,FB,0,4,0,24835,2,1.6,17046,0.686,ME,2,2,2,"[LOL3, ME.LOL3] -> MEL2 -> [IPS.MEL1, MEL1]",LO,3,ME.LO,3,IPS.ME,1,ME,1
525191,pure_FB,FB->FB,FB,FB,0,4,0,1183,28,3.105,11370,9.611,LO,2,2,2,"[LOL3, ME.LOL3] -> LOL2 -> [LOL1, LO.AVLPL1]",LO,3,ME.LO,3,LO,1,LO.AVLP,1
523829,pure_FB,FB->FB,FB,FB,0,4,0,6,4,3.91,6169,1028.167,IPS.ME,2,2,2,"[IPSL3, SPS.PLPL3] -> IPS.MEL2 -> [MEL1, ME.LAL1]",IPS,3,SPS.PLP,3,ME,1,ME.LA,1
494103,pure_FB,FB->FB,FB,FB,0,4,0,6,4,3.392,16718,2786.333,IPS.ME,2,2,2,"[LO.AVLPL3, MEL3] -> IPS.MEL2 -> [MEL1, ME.LAL1]",LO.AVLP,3,ME,3,ME,1,ME.LA,1
482616,pure_FB,FB->FB,FB,FB,0,4,0,647,3,2.029,4757,7.352,LOP,2,2,2,"[LOPL3, ME.LOPL3] -> LOPL2 -> [IPS.LOPL1, LOPL1]",LOP,3,ME.LOP,3,IPS.LOP,1,LOP,1
470842,pure_FB,FB->FB,FB,FB,0,4,0,24835,128,1.992,25486,1.026,ME,2,2,2,"[MEL3, ME.LOL3] -> MEL2 -> [MEL1, ME.LOL1]",ME,3,ME.LO,3,ME,1,ME.LO,1
468696,pure_FB,FB->FB,FB,FB,0,4,0,24835,2,1.505,19586,0.789,ME,2,2,2,"[MEL3, ME.LOL3] -> MEL2 -> [ME.PLPL1, SPS.MEL1]",ME,3,ME.LO,3,ME.PLP,1,SPS.ME,1
466908,pure_FB,FB->FB,FB,FB,0,4,0,647,1,1.0,5253,8.119,LOP,2,2,2,"[LO.LOPL3, LOPL3] -> LOPL2 -> [IPSL1, LOP.LOL1]",LO.LOP,3,LOP,3,IPS,1,LOP.LO,1
466908,pure_FB,FB->FB,FB,FB,0,4,0,647,1,1.0,5197,8.032,LOP,2,2,2,"[LO.LOPL3, LOPL3] -> LOPL2 -> [LOP.LOL1, PLPL1]",LO.LOP,3,LOP,3,LOP.LO,1,PLP,1
463774,pure_FB,FB->FB,FB,FB,0,4,0,647,17,1.009,19812,30.621,LOP,2,2,2,"[MEL3, ME.LOL3] -> LOPL2 -> [LOL1, LOPL1]",ME,3,ME.LO,3,LO,1,LOP,1
449321,pure_FB,FB->FB,FB,FB,0,4,0,647,3,1.064,9987,15.436,LOP,2,2,2,"[LOPL3, ME.LOL3] -> LOPL2 -> [LOPL1, LOP.LOL1]",LOP,3,ME.LO,3,LOP,1,LOP.LO,1
442380,pure_FB,FB->FB,FB,FB,0,4,0,24835,2,1.603,18894,0.761,ME,2,2,2,"[LOL3, MEL3] -> MEL2 -> [MEL1, SPS.MEL1]",LO,3,ME,3,ME,1,SPS.ME,1
432239,pure_FB,FB->FB,FB,FB,0,4,0,24835,4,1.698,25473,1.026,ME,2,2,2,"[MEL3, ME.LOL3] -> MEL2 -> [IPS.MEL1, MEL1]",ME,3,ME.LO,3,IPS.ME,1,ME,1
415740,pure_FB,FB->FB,FB,FB,0,4,0,647,1,1.0,4829,7.464,LOP,2,2,2,"[LOPL3, ME.LOPL3] -> LOPL2 -> [IPSL1, LOP.LOL1]",LOP,3,ME.LOP,3,IPS,1,LOP.LO,1
415740,pure_FB,FB->FB,FB,FB,0,4,0,647,1,1.0,4773,7.377,LOP,2,2,2,"[LOPL3, ME.LOPL3] -> LOPL2 -> [LOP.LOL1, PLPL1]",LOP,3,ME.LOP,3,LOP.LO,1,PLP,1
415388,pure_FB,FB->FB,FB,FB,0,4,0,647,3,1.013,14389,22.24,LOP,2,2,2,"[MEL3, ME.LOPL3] -> LOPL2 -> [IPS.LOPL1, LOPL1]",ME,3,ME.LOP,3,IPS.LOP,1,LOP,1
403530,pure_FB,FB->FB,FB,FB,0,4,0,24835,2,1.014,17050,0.687,ME,2,2,2,"[LOL3, ME.LOL3] -> MEL2 -> [MEL1, PLP.MEL1]",LO,3,ME.LO,3,ME,1,PLP.ME,1
401637,pure_FB,FB->FB,FB,FB,0,4,0,6,2,1.622,6247,1041.167,IPS.ME,2,2,2,"[IPSL3, SPSL3] -> IPS.MEL2 -> [MEL1, ME.LAL1]",IPS,3,SPS,3,ME,1,ME.LA,1
400836,pure_FB,FB->FB,FB,FB,0,4,0,24835,2,1.0,17046,0.686,ME,2,2,2,"[LOL3, ME.LOL3] -> MEL2 -> [MEL1, ME.AVLPL1]",LO,3,ME.LO,3,ME,1,ME.AVLP,1
400800,pure_FB,FB->FB,FB,FB,0,4,0,24835,1,1.0,17048,0.686,ME,2,2,2,"[LOL3, ME.LOL3] -> MEL2 -> [LO.MEL1, MEL1]",LO,3,ME.LO,3,LO.ME,1,ME,1
391168,pure_FB,FB->FB,FB,FB,0,4,0,6,2,1.901,6193,1032.167,IPS.ME,2,2,2,"[GNG.IPSL3, IPSL3] -> IPS.MEL2 -> [MEL1, ME.LAL1]",GNG.IPS,3,IPS,3,ME,1,ME.LA,1
388285,pure_FB,FB->FB,FB,FB,0,4,0,6,4,3.568,6162,1027.0,IPS.ME,2,2,2,"[IPSL3, PVLP.AVLPL3] -> IPS.MEL2 -> [MEL1, ME.LAL1]",IPS,3,PVLP.AVLP,3,ME,1,ME.LA,1
388285,pure_FB,FB->FB,FB,FB,0,4,0,6,4,3.568,6177,1029.5,IPS.ME,2,2,2,"[IPSL3, SPS.IPSL3] -> IPS.MEL2 -> [MEL1, ME.LAL1]",IPS,3,SPS.IPS,3,ME,1,ME.LA,1
385101,pure_FB,FB->FB,FB,FB,0,4,0,6,4,3.662,16988,2831.333,IPS.ME,2,2,2,"[AVLPL3, MEL3] -> IPS.MEL2 -> [MEL1, ME.LAL1]",AVLP,3,ME,3,ME,1,ME.LA,1
373434,pure_FB,FB->FB,FB,FB,0,4,0,647,2,1.327,5382,8.318,LOP,2,2,2,"[LO.LOPL3, LOPL3] -> LOPL2 -> [IPS.LOPL1, LOL1]",LO.LOP,3,LOP,3,IPS.LOP,1,LO,1
369810,pure_FB,FB->FB,FB,FB,0,4,0,647,2,1.038,10188,15.747,LOP,2,2,2,"[LOPL3, ME.LOL3] -> LOPL2 -> [LOL1, LOP.LOL1]",LOP,3,ME.LO,3,LO,1,LOP.LO,1
344318,pure_FB,FB->FB,FB,FB,0,4,0,647,2,1.002,14590,22.55,LOP,2,2,2,"[MEL3, ME.LOPL3] -> LOPL2 -> [IPS.LOPL1, LOL1]",ME,3,ME.LOP,3,IPS.LOP,1,LO,1
342770,pure_FB,FB->FB,FB,FB,0,4,0,24835,2,1.228,25477,1.026,ME,2,2,2,"[MEL3, ME.LOL3] -> MEL2 -> [MEL1, PLP.MEL1]",ME,3,ME.LO,3,ME,1,PLP.ME,1
341640,pure_FB,FB->FB,FB,FB,0,4,0,647,1,1.0,8027,12.406,LOP,2,2,2,"[LO.LOPL3, ME.LOPL3] -> LOPL2 -> [IPSL1, LOL1]",LO.LOP,3,ME.LOP,3,IPS,1,LO,1
341640,pure_FB,FB->FB,FB,FB,0,4,0,647,1,1.0,7810,12.071,LOP,2,2,2,"[LO.LOPL3, ME.LOPL3] -> LOPL2 -> [IPSL1, LOP.IPSL1]",LO.LOP,3,ME.LOP,3,IPS,1,LOP.IPS,1
341640,pure_FB,FB->FB,FB,FB,0,4,0,647,1,1.0,7971,12.32,LOP,2,2,2,"[LO.LOPL3, ME.LOPL3] -> LOPL2 -> [LOL1, PLPL1]",LO.LOP,3,ME.LOP,3,LO,1,PLP,1
341640,pure_FB,FB->FB,FB,FB,0,4,0,647,1,1.0,7754,11.985,LOP,2,2,2,"[LO.LOPL3, ME.LOPL3] -> LOPL2 -> [LOP.IPSL1, PLPL1]",LO.LOP,3,ME.LOP,3,LOP.IPS,1,PLP,1
340071,pure_FB,FB->FB,FB,FB,0,4,0,6,4,3.809,16687,2781.167,IPS.ME,2,2,2,"[MEL3, SPS.PLPL3] -> IPS.MEL2 -> [MEL1, ME.LAL1]",ME,3,SPS.PLP,3,ME,1,ME.LA,1
334968,pure_FB,FB->FB,FB,FB,0,4,0,6,4,3.525,7146,1191.0,IPS.ME,2,2,2,"[AVLPL3, GNGL3] -> IPS.MEL2 -> [MEL1, ME.LAL1]",AVLP,3,GNG,3,ME,1,ME.LA,1
334548,pure_FB,FB->FB,FB,FB,0,4,0,647,2,1.034,4283,6.62,LOP,2,2,2,"[LO.LOPL3, LO.MEL3] -> LOPL2 -> [LOPL1, LOP.LOL1]",LO.LOP,3,LO.ME,3,LOP,1,LOP.LO,1
331236,pure_FB,FB->FB,FB,FB,0,4,0,6,2,1.602,6923,1153.833,IPS.ME,2,2,2,"[GNGL3, SPSL3] -> IPS.MEL2 -> [MEL1, ME.LAL1]",GNG,3,SPS,3,ME,1,ME.LA,1
316560,pure_FB,FB->FB,FB,FB,0,4,0,647,4,1.482,11832,18.287,LOP,2,2,2,"[LOPL3, MEL3] -> LOPL2 -> [LOPL1, LOP.LOL1]",LOP,3,ME,3,LOP,1,LOP.LO,1
309149,pure_FB,FB->FB,FB,FB,0,4,0,24835,7,1.012,25473,1.026,ME,2,2,2,"[MEL3, ME.LOL3] -> MEL2 -> [MEL1, ME.AVLPL1]",ME,3,ME.LO,3,ME,1,ME.AVLP,1
307280,pure_FB,FB->FB,FB,FB,0,4,0,24835,1,1.0,25475,1.026,ME,2,2,2,"[MEL3, ME.LOL3] -> MEL2 -> [LO.MEL1, MEL1]",ME,3,ME.LO,3,LO.ME,1,ME,1
304948,pure_FB,FB->FB,FB,FB,0,4,0,6,4,3.403,6845,1140.833,IPS.ME,2,2,2,"[GNGL3, SPS.PLPL3] -> IPS.MEL2 -> [MEL1, ME.LAL1]",GNG,3,SPS.PLP,3,ME,1,ME.LA,1
293376,pure_FB,FB->FB,FB,FB,0,4,0,6,2,1.901,16711,2785.167,IPS.ME,2,2,2,"[GNG.IPSL3, MEL3] -> IPS.MEL2 -> [MEL1, ME.LAL1]",GNG.IPS,3,ME,3,ME,1,ME.LA,1
284440,pure_FB,FB->FB,FB,FB,0,4,0,6,3,2.57,6211,1035.167,IPS.ME,2,2,2,"[IPSL3, PVLPL3] -> IPS.MEL2 -> [MEL1, ME.LAL1]",IPS,3,PVLP,3,ME,1,ME.LA,1
278870,pure_FB,FB->FB,FB,FB,0,4,0,647,65,1.05,10180,15.734,LOP,2,2,2,"[LOPL3, ME.LOL3] -> LOPL2 -> [LOL1, LOPL1]",LOP,3,ME.LO,3,LO,1,LOP,1
276906,pure_FB,FB->FB,FB,FB,0,4,0,647,2,1.021,4484,6.93,LOP,2,2,2,"[LO.LOPL3, LO.MEL3] -> LOPL2 -> [LOL1, LOP.LOL1]",LO.LOP,3,LO.ME,3,LO,1,LOP.LO,1
274870,pure_FB,FB->FB,FB,FB,0,4,0,647,5,3.13,6410,9.907,LOP,2,2,2,"[LOL3, LO.LOPL3] -> LOPL2 -> [LOPL1, LOP.LOL1]",LO,3,LO.LOP,3,LOP,1,LOP.LO,1
256052,pure_FB,FB->FB,FB,FB,0,4,0,6,4,2.783,6838,1139.667,IPS.ME,2,2,2,"[GNGL3, PVLP.AVLPL3] -> IPS.MEL2 -> [MEL1, ME.LAL1]",GNG,3,PVLP.AVLP,3,ME,1,ME.LA,1
256052,pure_FB,FB->FB,FB,FB,0,4,0,6,4,2.783,6853,1142.167,IPS.ME,2,2,2,"[GNGL3, SPS.IPSL3] -> IPS.MEL2 -> [MEL1, ME.LAL1]",GNG,3,SPS.IPS,3,ME,1,ME.LA,1
255624,pure_FB,FB->FB,FB,FB,0,4,0,6,2,1.713,6314,1052.333,IPS.ME,2,2,2,"[AVLPL3, GNG.IPSL3] -> IPS.MEL2 -> [MEL1, ME.LAL1]",AVLP,3,GNG.IPS,3,ME,1,ME.LA,1
252741,pure_FB,FB->FB,FB,FB,0,4,0,6,2,1.938,6233,1038.833,IPS.ME,2,2,2,"[IPSL3, LALL3] -> IPS.MEL2 -> [MEL1, ME.LAL1]",IPS,3,LAL,3,ME,1,ME.LA,1
252741,pure_FB,FB->FB,FB,FB,0,4,0,6,2,1.938,6174,1029.0,IPS.ME,2,2,2,"[IPSL3, PLP.SPSL3] -> IPS.MEL2 -> [MEL1, ME.LAL1]",IPS,3,PLP.SPS,3,ME,1,ME.LA,1
248531,pure_FB,FB->FB,FB,FB,0,4,0,24835,11,1.001,25691,1.034,ME,2,2,2,"[MEL3, ME.LOL3] -> MEL2 -> [LOL1, MEL1]",ME,3,ME.LO,3,LO,1,ME,1
246240,pure_FB,FB->FB,FB,FB,0,4,0,647,1,1.0,19603,30.298,LOP,2,2,2,"[MEL3, ME.LOL3] -> LOPL2 -> [IPS.LOPL1, LOP.LOL1]",ME,3,ME.LO,3,IPS.LOP,1,LOP.LO,1
244125,pure_FB,FB->FB,FB,FB,0,4,0,24835,1,1.0,19801,0.797,ME,2,2,2,"[MEL3, ME.LOL3] -> MEL2 -> [LOL1, ME.PLPL1]",ME,3,ME.LO,3,LO,1,ME.PLP,1
242012,pure_FB,FB->FB,FB,FB,0,4,0,647,2,1.374,4958,7.663,LOP,2,2,2,"[LOPL3, ME.LOPL3] -> LOPL2 -> [IPS.LOPL1, LOL1]",LOP,3,ME.LOP,3,IPS.LOP,1,LO,1
238678,pure_FB,FB->FB,FB,FB,0,4,0,647,1,1.0,7746,11.972,LOP,2,2,2,"[LO.LOPL3, ME.LOPL3] -> LOPL2 -> [IPS.LOPL1, LOP.IPSL1]",LO.LOP,3,ME.LOP,3,IPS.LOP,1,LOP.IPS,1
238413,pure_FB,FB->FB,FB,FB,0,4,0,6,4,3.878,16680,2780.0,IPS.ME,2,2,2,"[MEL3, PVLP.AVLPL3] -> IPS.MEL2 -> [MEL1, ME.LAL1]",ME,3,PVLP.AVLP,3,ME,1,ME.LA,1
238413,pure_FB,FB->FB,FB,FB,0,4,0,6,4,3.878,16695,2782.5,IPS.ME,2,2,2,"[MEL3, SPS.IPSL3] -> IPS.MEL2 -> [MEL1, ME.LAL1]",ME,3,SPS.IPS,3,ME,1,ME.LA,1
236723,pure_FB,FB->FB,FB,FB,0,4,0,647,4,1.227,12033,18.598,LOP,2,2,2,"[LOPL3, MEL3] -> LOPL2 -> [LOL1, LOP.LOL1]",LOP,3,ME,3,LO,1,LOP.LO,1
232473,pure_FB,FB->FB,FB,FB,0,4,0,6,4,3.84,6321,1053.5,IPS.ME,2,2,2,"[AVLPL3, LO.AVLPL3] -> IPS.MEL2 -> [MEL1, ME.LAL1]",AVLP,3,LO.AVLP,3,ME,1,ME.LA,1
217463,pure_FB,FB->FB,FB,FB,0,4,0,6,4,3.652,6020,1003.333,IPS.ME,2,2,2,"[LO.AVLPL3, SPS.PLPL3] -> IPS.MEL2 -> [MEL1, ME.LAL1]",LO.AVLP,3,SPS.PLP,3,ME,1,ME.LA,1
214815,pure_FB,FB->FB,FB,FB,0,4,0,24835,3,1.616,11169,0.45,ME,2,2,2,"[LOL3, ME.LOL3] -> MEL2 -> [ME.LOL1, ME.PLPL1]",LO,3,ME.LO,3,ME.LO,1,ME.PLP,1
214608,pure_FB,FB->FB,FB,FB,0,4,0,647,3,1.934,5382,8.318,LOP,2,2,2,"[LO.LOPL3, LOPL3] -> LOPL2 -> [LOL1, LOP.IPSL1]",LO.LOP,3,LOP,3,LO,1,LOP.IPS,1
214380,pure_FB,FB->FB,FB,FB,0,4,0,647,2,1.056,3859,5.964,LOP,2,2,2,"[LO.MEL3, ME.LOPL3] -> LOPL2 -> [LOPL1, LOP.LOL1]",LO.ME,3,ME.LOP,3,LOP,1,LOP.LO,1
213730,pure_FB,FB->FB,FB,FB,0,4,0,24835,2,1.6,11156,0.449,ME,2,2,2,"[LOL3, ME.LOL3] -> MEL2 -> [IPS.MEL1, ME.PLPL1]",LO,3,ME.LO,3,IPS.ME,1,ME.PLP,1
211203,pure_FB,FB->FB,FB,FB,0,4,0,6,2,1.712,16765,2794.167,IPS.ME,2,2,2,"[MEL3, SPSL3] -> IPS.MEL2 -> [MEL1, ME.LAL1]",ME,3,SPS,3,ME,1,ME.LA,1
211149,pure_FB,FB->FB,FB,FB,0,4,0,6,4,3.0,6290,1048.333,IPS.ME,2,2,2,"[AVLPL3, SPS.PLPL3] -> IPS.MEL2 -> [MEL1, ME.LAL1]",AVLP,3,SPS.PLP,3,ME,1,ME.LA,1
211048,pure_FB,FB->FB,FB,FB,0,4,0,6,2,1.687,6176,1029.333,IPS.ME,2,2,2,"[AVLP.ICLL3, IPSL3] -> IPS.MEL2 -> [MEL1, ME.LAL1]",AVLP.ICL,3,IPS,3,ME,1,ME.LA,1
210918,pure_FB,FB->FB,FB,FB,0,4,0,647,3,2.207,4677,7.229,LOP,2,2,2,"[LO.LOPL3, LOP.PLPL3] -> LOPL2 -> [LOL1, LOP.LOL1]",LO.LOP,3,LOP.PLP,3,LO,1,LOP.LO,1
208619,pure_FB,FB->FB,FB,FB,0,4,0,647,47,1.03,4476,6.918,LOP,2,2,2,"[LO.LOPL3, LO.MEL3] -> LOPL2 -> [LOL1, LOPL1]",LO.LOP,3,LO.ME,3,LO,1,LOP,1
207452,pure_FB,FB->FB,FB,FB,0,4,0,647,5,3.244,5986,9.252,LOP,2,2,2,"[LOL3, ME.LOPL3] -> LOPL2 -> [LOPL1, LOP.LOL1]",LO,3,ME.LOP,3,LOP,1,LOP.LO,1
207156,pure_FB,FB->FB,FB,FB,0,4,0,6,2,1.925,6909,1151.5,IPS.ME,2,2,2,"[GNGL3, LALL3] -> IPS.MEL2 -> [MEL1, ME.LAL1]",GNG,3,LAL,3,ME,1,ME.LA,1
207156,pure_FB,FB->FB,FB,FB,0,4,0,6,2,1.925,6850,1141.667,IPS.ME,2,2,2,"[GNGL3, PLP.SPSL3] -> IPS.MEL2 -> [MEL1, ME.LAL1]",GNG,3,PLP.SPS,3,ME,1,ME.LA,1
204222,pure_FB,FB->FB,FB,FB,0,4,0,647,3,1.491,4250,6.569,LOP,2,2,2,"[LO.LOPL3, LOP.LOL3] -> LOPL2 -> [LOPL1, LOP.LOL1]",LO.LOP,3,LOP.LO,3,LOP,1,LOP.LO,1
200030,pure_FB,FB->FB,FB,FB,0,4,0,24835,5,2.182,19596,0.789,ME,2,2,2,"[MEL3, ME.LOL3] -> MEL2 -> [ME.LOL1, ME.PLPL1]",ME,3,ME.LO,3,ME.LO,1,ME.PLP,1
195584,pure_FB,FB->FB,FB,FB,0,4,0,6,2,1.901,6013,1002.167,IPS.ME,2,2,2,"[GNG.IPSL3, SPS.PLPL3] -> IPS.MEL2 -> [MEL1, ME.LAL1]",GNG.IPS,3,SPS.PLP,3,ME,1,ME.LA,1
191820,pure_FB,FB->FB,FB,FB,0,4,0,647,2,1.136,5245,8.107,LOP,2,2,2,"[LO.LOPL3, LOPL3] -> LOPL2 -> [IPSL1, LOPL1]",LO.LOP,3,LOP,3,IPS,1,LOP,1
188078,pure_FB,FB->FB,FB,FB,0,4,0,647,2,1.801,4460,6.893,LOP,2,2,2,"[LO.LOPL3, LOP.PLPL3] -> LOPL2 -> [LOP.IPSL1, LOP.LOL1]",LO.LOP,3,LOP.PLP,3,LOP.IPS,1,LOP.LO,1
185142,pure_FB,FB->FB,FB,FB,0,4,0,647,3,1.88,4958,7.663,LOP,2,2,2,"[LOPL3, ME.LOPL3] -> LOPL2 -> [LOL1, LOP.IPSL1]",LOP,3,ME.LOP,3,LO,1,LOP.IPS,1
184680,pure_FB,FB->FB,FB,FB,0,4,0,647,1,1.0,19595,30.286,LOP,2,2,2,"[MEL3, ME.LOL3] -> LOPL2 -> [IPS.LOPL1, LOPL1]",ME,3,ME.LO,3,IPS.LOP,1,LOP,1
179580,pure_FB,FB->FB,FB,FB,0,4,0,647,1,1.0,5189,8.02,LOP,2,2,2,"[LO.LOPL3, LOPL3] -> LOPL2 -> [LOPL1, PLPL1]",LO.LOP,3,LOP,3,LOP,1,PLP,1
176952,pure_FB,FB->FB,FB,FB,0,4,0,24835,2,1.603,13004,0.524,ME,2,2,2,"[LOL3, MEL3] -> MEL2 -> [ME.PLPL1, SPS.MEL1]",LO,3,ME,3,ME.PLP,1,SPS.ME,1
176694,pure_FB,FB->FB,FB,FB,0,4,0,647,2,1.034,4060,6.275,LOP,2,2,2,"[LO.MEL3, ME.LOPL3] -> LOPL2 -> [LOL1, LOP.LOL1]",LO.ME,3,ME.LOP,3,LO,1,LOP.LO,1
176106,pure_FB,FB->FB,FB,FB,0,4,0,6,3,2.878,16729,2788.167,IPS.ME,2,2,2,"[MEL3, PVLPL3] -> IPS.MEL2 -> [MEL1, ME.LAL1]",ME,3,PVLP,3,ME,1,ME.LA,1
175687,pure_FB,FB->FB,FB,FB,0,4,0,24835,4,3.175,19594,0.789,ME,2,2,2,"[MEL3, ME.LOL3] -> MEL2 -> [ME.LOL1, PLP.MEL1]",ME,3,ME.LO,3,ME.LO,1,PLP.ME,1
173652,pure_FB,FB->FB,FB,FB,0,4,0,24835,3,1.742,11166,0.45,ME,2,2,2,"[LOL3, ME.LOL3] -> MEL2 -> [ME.LOL1, SPS.MEL1]",LO,3,ME.LO,3,ME.LO,1,SPS.ME,1
173650,pure_FB,FB->FB,FB,FB,0,4,0,24835,2,1.742,11153,0.449,ME,2,2,2,"[LOL3, ME.LOL3] -> MEL2 -> [IPS.MEL1, SPS.MEL1]",LO,3,ME.LO,3,IPS.ME,1,SPS.ME,1
172976,pure_FB,FB->FB,FB,FB,0,4,0,6,3,1.797,6887,1147.833,IPS.ME,2,2,2,"[GNGL3, PVLPL3] -> IPS.MEL2 -> [MEL1, ME.LAL1]",GNG,3,PVLP,3,ME,1,ME.LA,1
172892,pure_FB,FB->FB,FB,FB,0,4,0,24835,2,1.698,19583,0.789,ME,2,2,2,"[MEL3, ME.LOL3] -> MEL2 -> [IPS.MEL1, ME.PLPL1]",ME,3,ME.LO,3,IPS.ME,1,ME.PLP,1
172000,pure_FB,FB->FB,FB,FB,0,4,0,647,3,2.004,4253,6.573,LOP,2,2,2,"[LOP.PLPL3, ME.LOPL3] -> LOPL2 -> [LOL1, LOP.LOL1]",LOP.PLP,3,ME.LOP,3,LO,1,LOP.LO,1
170820,pure_FB,FB->FB,FB,FB,0,4,0,647,1,1.0,7818,12.083,LOP,2,2,2,"[LO.LOPL3, ME.LOPL3] -> LOPL2 -> [IPSL1, PLPL1]",LO.LOP,3,ME.LOP,3,IPS,1,PLP,1
170488,pure_FB,FB->FB,FB,FB,0,4,0,647,22,1.138,12025,18.586,LOP,2,2,2,"[LOPL3, MEL3] -> LOPL2 -> [LOL1, LOPL1]",LOP,3,ME,3,LO,1,LOP,1
168962,pure_FB,FB->FB,FB,FB,0,4,0,24835,10,1.868,18904,0.761,ME,2,2,2,"[LOL3, MEL3] -> MEL2 -> [MEL1, ME.LOL1]",LO,3,ME,3,ME,1,ME.LO,1
167100,pure_FB,FB->FB,FB,FB,0,4,0,647,2,1.09,4821,7.451,LOP,2,2,2,"[LOPL3, ME.LOPL3] -> LOPL2 -> [IPSL1, LOPL1]",LOP,3,ME.LOP,3,IPS,1,LOP,1
165990,pure_FB,FB->FB,FB,FB,0,4,0,24835,2,1.803,18891,0.761,ME,2,2,2,"[LOL3, MEL3] -> MEL2 -> [IPS.MEL1, MEL1]",LO,3,ME,3,IPS.ME,1,ME,1
164701,pure_FB,FB->FB,FB,FB,0,4,0,6,4,3.392,6013,1002.167,IPS.ME,2,2,2,"[LO.AVLPL3, PVLP.AVLPL3] -> IPS.MEL2 -> [MEL1, ME.LAL1]",LO.AVLP,3,PVLP.AVLP,3,ME,1,ME.LA,1
164701,pure_FB,FB->FB,FB,FB,0,4,0,6,4,3.392,6028,1004.667,IPS.ME,2,2,2,"[LO.AVLPL3, SPS.IPSL3] -> IPS.MEL2 -> [MEL1, ME.LAL1]",LO.AVLP,3,SPS.IPS,3,ME,1,ME.LA,1
163335,pure_FB,FB->FB,FB,FB,0,4,0,1183,21,5.923,19797,16.735,LO,2,2,2,"[MEL3, ME.LOL3] -> LOL2 -> [LOL1, LO.AVLPL1]",ME,3,ME.LO,3,LO,1,LO.AVLP,1
161571,pure_FB,FB->FB,FB,FB,0,4,0,6,2,1.901,6098,1016.333,IPS.ME,2,2,2,"[LO.AVLPL3, SPSL3] -> IPS.MEL2 -> [MEL1, ME.LAL1]",LO.AVLP,3,SPS,3,ME,1,ME.LA,1
161417,pure_FB,FB->FB,FB,FB,0,4,0,24835,3,1.014,11160,0.449,ME,2,2,2,"[LOL3, ME.LOL3] -> MEL2 -> [ME.PLPL1, PLP.MEL1]",LO,3,ME.LO,3,ME.PLP,1,PLP.ME,1
160320,pure_FB,FB->FB,FB,FB,0,4,0,24835,1,1.0,11158,0.449,ME,2,2,2,"[LOL3, ME.LOL3] -> MEL2 -> [LO.MEL1, ME.PLPL1]",LO,3,ME.LO,3,LO.ME,1,ME.PLP,1
160320,pure_FB,FB->FB,FB,FB,0,4,0,24835,1,1.0,11156,0.449,ME,2,2,2,"[LOL3, ME.LOL3] -> MEL2 -> [ME.AVLPL1, ME.PLPL1]",LO,3,ME.LO,3,ME.AVLP,1,ME.PLP,1
159900,pure_FB,FB->FB,FB,FB,0,4,0,647,1,1.0,4765,7.365,LOP,2,2,2,"[LOPL3, ME.LOPL3] -> LOPL2 -> [LOPL1, PLPL1]",LOP,3,ME.LOP,3,LOP,1,PLP,1
158286,pure_FB,FB->FB,FB,FB,0,4,0,6,2,1.687,16694,2782.333,IPS.ME,2,2,2,"[AVLP.ICLL3, MEL3] -> IPS.MEL2 -> [MEL1, ME.LAL1]",AVLP.ICL,3,ME,3,ME,1,ME.LA,1
157832,pure_FB,FB->FB,FB,FB,0,4,0,6,2,1.572,6869,1144.833,IPS.ME,2,2,2,"[GNGL3, GNG.IPSL3] -> IPS.MEL2 -> [MEL1, ME.LAL1]",GNG,3,GNG.IPS,3,ME,1,ME.LA,1
157520,pure_FB,FB->FB,FB,FB,0,4,0,647,2,1.705,4036,6.238,LOP,2,2,2,"[LOP.PLPL3, ME.LOPL3] -> LOPL2 -> [LOP.IPSL1, LOP.LOL1]",LOP.PLP,3,ME.LOP,3,LOP.IPS,1,LOP.LO,1
154080,pure_FB,FB->FB,FB,FB,0,4,0,647,3,1.253,4451,6.879,LOP,2,2,2,"[LO.LOPL3, LOP.LOL3] -> LOPL2 -> [LOL1, LOP.LOL1]",LO.LOP,3,LOP.LO,3,LO,1,LOP.LO,1
153900,pure_FB,FB->FB,FB,FB,0,4,0,647,1,1.0,19796,30.597,LOP,2,2,2,"[MEL3, ME.LOL3] -> LOPL2 -> [IPS.LOPL1, LOL1]",ME,3,ME.LO,3,IPS.LOP,1,LO,1
151045,pure_FB,FB->FB,FB,FB,0,4,0,24835,5,1.44,19587,0.789,ME,2,2,2,"[MEL3, ME.LOL3] -> MEL2 -> [ME.PLPL1, PLP.MEL1]",ME,3,ME.LO,3,ME.PLP,1,PLP.ME,1
148896,pure_FB,FB->FB,FB,FB,0,4,0,6,1,1.0,6159,1026.5,IPS.ME,2,2,2,"[GNG.GORL3, IPSL3] -> IPS.MEL2 -> [MEL1, ME.LAL1]",GNG.GOR,3,IPS,3,ME,1,ME.LA,1
148896,pure_FB,FB->FB,FB,FB,0,4,0,6,1,1.0,6400,1066.667,IPS.ME,2,2,2,"[IPSL3, PLPL3] -> IPS.MEL2 -> [MEL1, ME.LAL1]",IPS,3,PLP,3,ME,1,ME.LA,1
148896,pure_FB,FB->FB,FB,FB,0,4,0,6,1,1.0,6164,1027.333,IPS.ME,2,2,2,"[IPSL3, PLP.WEDL3] -> IPS.MEL2 -> [MEL1, ME.LAL1]",IPS,3,PLP.WED,3,ME,1,ME.LA,1
145152,pure_FB,FB->FB,FB,FB,0,4,0,647,1,1.0,9971,15.411,LOP,2,2,2,"[LOPL3, ME.LOL3] -> LOPL2 -> [IPS.LOPL1, LOP.LOL1]",LOP,3,ME.LO,3,IPS.LOP,1,LOP.LO,1
142596,pure_FB,FB->FB,FB,FB,0,4,0,647,4,2.101,6611,10.218,LOP,2,2,2,"[LOL3, LO.LOPL3] -> LOPL2 -> [LOL1, LOP.LOL1]",LO,3,LO.LOP,3,LO,1,LOP.LO,1
142176,pure_FB,FB->FB,FB,FB,0,4,0,24835,3,1.838,19593,0.789,ME,2,2,2,"[MEL3, ME.LOL3] -> MEL2 -> [ME.LOL1, SPS.MEL1]",ME,3,ME.LO,3,ME.LO,1,SPS.ME,1
142164,pure_FB,FB->FB,FB,FB,0,4,0,24835,2,1.838,19580,0.788,ME,2,2,2,"[MEL3, ME.LOL3] -> MEL2 -> [IPS.MEL1, SPS.MEL1]",ME,3,ME.LO,3,IPS.ME,1,SPS.ME,1
141342,pure_FB,FB->FB,FB,FB,0,4,0,647,3,1.715,3826,5.913,LOP,2,2,2,"[LOP.LOL3, ME.LOPL3] -> LOPL2 -> [LOPL1, LOP.LOL1]",LOP.LO,3,ME.LOP,3,LOP,1,LOP.LO,1
139986,pure_FB,FB->FB,FB,FB,0,4,0,647,3,1.527,4135,6.391,LOP,2,2,2,"[LO.LOPL3, LOP.IPSL3] -> LOPL2 -> [LOPL1, LOP.LOL1]",LO.LOP,3,LOP.IPS,3,LOP,1,LOP.LO,1
136755,pure_FB,FB->FB,FB,FB,0,4,0,6,2,1.984,16751,2791.833,IPS.ME,2,2,2,"[LALL3, MEL3] -> IPS.MEL2 -> [MEL1, ME.LAL1]",LAL,3,ME,3,ME,1,ME.LA,1
136755,pure_FB,FB->FB,FB,FB,0,4,0,6,2,1.984,16692,2782.0,IPS.ME,2,2,2,"[MEL3, PLP.SPSL3] -> IPS.MEL2 -> [MEL1, ME.LAL1]",ME,3,PLP.SPS,3,ME,1,ME.LA,1
135544,pure_FB,FB->FB,FB,FB,0,4,0,6,2,1.974,6020,1003.333,IPS.ME,2,2,2,"[AVLP.ICLL3, GNG.IPSL3] -> IPS.MEL2 -> [MEL1, ME.LAL1]",AVLP.ICL,3,GNG.IPS,3,ME,1,ME.LA,1
135544,pure_FB,FB->FB,FB,FB,0,4,0,6,2,1.974,6044,1007.333,IPS.ME,2,2,2,"[GNG.IPSL3, LO.AVLPL3] -> IPS.MEL2 -> [MEL1, ME.LAL1]",GNG.IPS,3,LO.AVLP,3,ME,1,ME.LA,1
135544,pure_FB,FB->FB,FB,FB,0,4,0,6,2,1.974,6179,1029.833,IPS.ME,2,2,2,"[IPSL3, LAL.PLPL3] -> IPS.MEL2 -> [MEL1, ME.LAL1]",IPS,3,LAL.PLP,3,ME,1,ME.LA,1
135544,pure_FB,FB->FB,FB,FB,0,4,0,6,2,1.974,6167,1027.833,IPS.ME,2,2,2,"[IPSL3, SPS.GNGL3] -> IPS.MEL2 -> [MEL1, ME.LAL1]",IPS,3,SPS.GNG,3,ME,1,ME.LA,1
133555,pure_FB,FB->FB,FB,FB,0,4,0,24835,2,1.0,17049,0.686,ME,2,2,2,"[LOL3, ME.LOL3] -> MEL2 -> [GNG.LOL1, MEL1]",LO,3,ME.LO,3,GNG.LO,1,ME,1
133037,pure_FB,FB->FB,FB,FB,0,4,0,647,45,1.042,4052,6.263,LOP,2,2,2,"[LO.MEL3, ME.LOPL3] -> LOPL2 -> [LOL1, LOPL1]",LO.ME,3,ME.LOP,3,LO,1,LOP,1
129868,pure_FB,FB->FB,FB,FB,0,4,0,647,3,1.532,14821,22.907,LOP,2,2,2,"[LO.LOPL3, MEL3] -> LOPL2 -> [LOP.IPSL1, LOP.LOL1]",LO.LOP,3,ME,3,LOP.IPS,1,LOP.LO,1
128367,pure_FB,FB->FB,FB,FB,0,4,0,6,4,3.662,6283,1047.167,IPS.ME,2,2,2,"[AVLPL3, PVLP.AVLPL3] -> IPS.MEL2 -> [MEL1, ME.LAL1]",AVLP,3,PVLP.AVLP,3,ME,1,ME.LA,1
128367,pure_FB,FB->FB,FB,FB,0,4,0,6,4,3.662,6298,1049.667,IPS.ME,2,2,2,"[AVLPL3, SPS.IPSL3] -> IPS.MEL2 -> [MEL1, ME.LAL1]",AVLP,3,SPS.IPS,3,ME,1,ME.LA,1
125040,pure_FB,FB->FB,FB,FB,0,4,0,24835,2,1.001,25476,1.026,ME,2,2,2,"[MEL3, ME.LOL3] -> MEL2 -> [GNG.LOL1, MEL1]",ME,3,ME.LO,3,GNG.LO,1,ME,1
124080,pure_FB,FB->FB,FB,FB,0,4,0,6,1,1.0,6835,1139.167,IPS.ME,2,2,2,"[GNGL3, GNG.GORL3] -> IPS.MEL2 -> [MEL1, ME.LAL1]",GNG,3,GNG.GOR,3,ME,1,ME.LA,1
124080,pure_FB,FB->FB,FB,FB,0,4,0,6,1,1.0,7076,1179.333,IPS.ME,2,2,2,"[GNGL3, PLPL3] -> IPS.MEL2 -> [MEL1, ME.LAL1]",GNG,3,PLP,3,ME,1,ME.LA,1
124080,pure_FB,FB->FB,FB,FB,0,4,0,6,1,1.0,6840,1140.0,IPS.ME,2,2,2,"[GNGL3, PLP.WEDL3] -> IPS.MEL2 -> [MEL1, ME.LAL1]",GNG,3,PLP.WED,3,ME,1,ME.LA,1
123358,pure_FB,FB->FB,FB,FB,0,4,0,647,3,2.086,1471,2.274,LOP,2,2,2,"[LOPL3, LOP.PLPL3] -> LOPL2 -> [LOPL1, LOP.LOL1]",LOP,3,LOP.PLP,3,LOP,1,LOP.LO,1
889592640902,mixed,lat->FB,lat,FB,0,2,2,2282,4,1.601,16652,7.297,LO,3,2,2,"[LO.LOPL3, ME.LOPL3] -> LOL3 -> [ME.LOL2, ME.LOPL2]",LO.LOP,3,ME.LOP,3,ME.LO,2,ME.LOP,2
592962742044,mixed,lat->FB,lat,FB,0,2,2,2282,4,1.303,10790,4.728,LO,3,2,2,"[LO.LOPL3, ME.LOPL3] -> LOL3 -> [LO.LOPL2, ME.LOPL2]",LO.LOP,3,ME.LOP,3,LO.LOP,2,ME.LOP,2
516110474951,mixed,lat->FB,lat,FB,0,2,2,2282,8,1.618,23279,10.201,LO,3,2,2,"[MEL3, ME.LOPL3] -> LOL3 -> [ME.LOL2, ME.LOPL2]",ME,3,ME.LOP,3,ME.LO,2,ME.LOP,2
412723845229,mixed,lat->FB,lat,FB,0,2,2,2282,6,1.517,23703,10.387,LO,3,2,2,"[LO.LOPL3, MEL3] -> LOL3 -> [ME.LOL2, ME.LOPL2]",LO.LOP,3,ME,3,ME.LO,2,ME.LOP,2
386312567676,mixed,lat->FB,lat,FB,0,2,2,2282,3,1.467,15172,6.649,LO,3,2,2,"[LO.LOPL3, ME.LOPL3] -> LOL3 -> [LO.LOPL2, ME.LOL2]",LO.LOP,3,ME.LOP,3,LO.LOP,2,ME.LO,2
342583130114,mixed,lat->FB,lat,FB,0,2,2,2282,5,1.314,17417,7.632,LO,3,2,2,"[MEL3, ME.LOPL3] -> LOL3 -> [LO.LOPL2, ME.LOPL2]",ME,3,ME.LOP,3,LO.LOP,2,ME.LOP,2
280605540110,mixed,lat->FB,lat,FB,0,2,2,2282,5,1.255,17841,7.818,LO,3,2,2,"[LO.LOPL3, MEL3] -> LOL3 -> [LO.LOPL2, ME.LOPL2]",LO.LOP,3,ME,3,LO.LOP,2,ME.LOP,2
223706886751,mixed,lat->FB,lat,FB,0,2,2,2282,6,1.481,21799,9.553,LO,3,2,2,"[MEL3, ME.LOPL3] -> LOL3 -> [LO.LOPL2, ME.LOL2]",ME,3,ME.LOP,3,LO.LOP,2,ME.LO,2
221716276564,mixed,lat->FB,lat,FB,0,2,2,2282,5,1.947,34840,15.267,LO,3,2,2,"[LO.LOPL3, ME.LOPL3] -> LOL3 -> [MEL2, ME.LOPL2]",LO.LOP,3,ME.LOP,3,ME,2,ME.LOP,2
180833949054,mixed,lat->FB,lat,FB,0,2,2,2282,5,1.396,22223,9.738,LO,3,2,2,"[LO.LOPL3, MEL3] -> LOL3 -> [LO.LOPL2, ME.LOL2]",LO.LOP,3,ME,3,LO.LOP,2,ME.LO,2
166952533180,mixed,lat->FB,lat,FB,0,2,2,2282,4,1.991,39222,17.188,LO,3,2,2,"[LO.LOPL3, ME.LOPL3] -> LOL3 -> [MEL2, ME.LOL2]",LO.LOP,3,ME.LOP,3,ME,2,ME.LO,2
129406556339,mixed,lat->FB,lat,FB,0,2,2,2282,10,1.958,41467,18.171,LO,3,2,2,"[MEL3, ME.LOPL3] -> LOL3 -> [MEL2, ME.LOPL2]",ME,3,ME.LOP,3,ME,2,ME.LOP,2
99890775298,mixed,lat->FB,lat,FB,0,2,2,2282,7,1.882,41891,18.357,LO,3,2,2,"[LO.LOPL3, MEL3] -> LOL3 -> [MEL2, ME.LOPL2]",LO.LOP,3,ME,3,ME,2,ME.LOP,2
97846155660,mixed,lat->FB,lat,FB,0,2,2,2282,11,1.986,45849,20.092,LO,3,2,2,"[MEL3, ME.LOPL3] -> LOL3 -> [MEL2, ME.LOL2]",ME,3,ME.LOP,3,ME,2,ME.LO,2
91822353180,mixed,lat->FB,lat,FB,0,2,2,2282,4,1.829,33360,14.619,LO,3,2,2,"[LO.LOPL3, ME.LOPL3] -> LOL3 -> [LO.LOPL2, MEL2]",LO.LOP,3,ME.LOP,3,LO.LOP,2,ME,2
77274908412,mixed,lat->FB,lat,FB,0,2,2,2282,4,1.99,11188,4.903,LO,3,2,2,"[LO.LOPL3, ME.LOPL3] -> LOL3 -> [LOL2, ME.LOPL2]",LO.LOP,3,ME.LOP,3,LO,2,ME.LOP,2
73670851704,mixed,lat->FB,lat,FB,0,2,2,2282,9,1.999,46273,20.277,LO,3,2,2,"[LO.LOPL3, MEL3] -> LOL3 -> [MEL2, ME.LOL2]",LO.LOP,3,ME,3,ME,2,ME.LO,2
61459409093,mixed,lat->FB,lat,FB,0,2,2,2282,5,1.839,15570,6.823,LO,3,2,2,"[LO.LOPL3, ME.LOPL3] -> LOL3 -> [LOL2, ME.LOL2]",LO.LOP,3,ME.LOP,3,LO,2,ME.LO,2
53457804642,mixed,lat->FB,lat,FB,0,2,2,2282,7,1.846,39987,17.523,LO,3,2,2,"[MEL3, ME.LOPL3] -> LOL3 -> [LO.LOPL2, MEL2]",ME,3,ME.LOP,3,LO.LOP,2,ME,2
48880965998,mixed,lat->FB,lat,FB,0,2,2,2282,8,1.866,21434,9.393,LO,3,2,2,"[ME.LOL3, ME.LOPL3] -> LOL3 -> [ME.LOL2, ME.LOPL2]",ME.LO,3,ME.LOP,3,ME.LO,2,ME.LOP,2
48389749920,mixed,lat->FB,lat,FB,0,2,2,1,1,1.0,3966,3966.0,MB_ML.MB_CA,3,2,2,"[MB_CA.MB_MLL3, MB_CA.MB_VLL3] -> MB_ML.MB_CAL3 -> [MB_CA.MB_MLL2, MB_CA.MB_VLL2]",MB_CA.MB_ML,3,MB_CA.MB_VL,3,MB_CA.MB_ML,2,MB_CA.MB_VL,2
45292621896,mixed,lat->FB,lat,FB,0,2,2,2282,9,1.984,17815,7.807,LO,3,2,2,"[MEL3, ME.LOPL3] -> LOL3 -> [LOL2, ME.LOPL2]",ME,3,ME.LOP,3,LO,2,ME.LOP,2
41887743120,mixed,lat->FB,lat,FB,0,2,2,2282,5,1.742,40411,17.709,LO,3,2,2,"[LO.LOPL3, MEL3] -> LOL3 -> [LO.LOPL2, MEL2]",LO.LOP,3,ME,3,LO.LOP,2,ME,2
36166372915,mixed,lat->FB,lat,FB,0,2,2,2282,12,1.822,22197,9.727,LO,3,2,2,"[MEL3, ME.LOPL3] -> LOL3 -> [LOL2, ME.LOL2]",ME,3,ME.LOP,3,LO,2,ME.LO,2
36072045544,mixed,lat->FB,lat,FB,0,2,2,2282,6,1.947,21858,9.578,LO,3,2,2,"[LO.LOPL3, ME.LOL3] -> LOL3 -> [ME.LOL2, ME.LOPL2]",LO.LOP,3,ME.LO,3,ME.LO,2,ME.LOP,2
34083667854,mixed,lat->FB,lat,FB,0,2,2,2282,4,1.999,18239,7.993,LO,3,2,2,"[LO.LOPL3, MEL3] -> LOL3 -> [LOL2, ME.LOPL2]",LO.LOP,3,ME,3,LO,2,ME.LOP,2
30906175776,mixed,lat->FB,lat,FB,0,2,2,2282,4,1.988,9708,4.254,LO,3,2,2,"[LO.LOPL3, ME.LOPL3] -> LOL3 -> [LOL2, LO.LOPL2]",LO.LOP,3,ME.LOP,3,LO,2,LO.LOP,2
26556654354,mixed,lat->FB,lat,FB,0,2,2,2282,7,1.914,22621,9.913,LO,3,2,2,"[LO.LOPL3, MEL3] -> LOL3 -> [LOL2, ME.LOL2]",LO.LOP,3,ME,3,LO,2,ME.LO,2
24868209610,mixed,lat->FB,lat,FB,0,2,2,2282,6,1.977,15572,6.824,LO,3,2,2,"[ME.LOL3, ME.LOPL3] -> LOL3 -> [LO.LOPL2, ME.LOPL2]",ME.LO,3,ME.LOP,3,LO.LOP,2,ME.LOP,2
23808375360,mixed,lat->FB,lat,FB,0,2,2,1,1,1.0,3827,3827.0,MB_ML.MB_CA,3,2,2,"[MB_CA.MB_MLL3, MB_CA.MB_PEDL3] -> MB_ML.MB_CAL3 -> [MB_CA.MB_MLL2, MB_CA.MB_VLL2]",MB_CA.MB_ML,3,MB_CA.MB_PED,3,MB_CA.MB_ML,2,MB_CA.MB_VL,2
21177521729,mixed,lat->FB,lat,FB,0,2,2,2282,15,1.936,28485,12.482,LO,3,2,2,"[MEL3, ME.LOL3] -> LOL3 -> [ME.LOL2, ME.LOPL2]",ME,3,ME.LO,3,ME.LO,2,ME.LOP,2
20754881406,mixed,lat->FB,lat,FB,0,2,2,2282,4,1.475,33758,14.793,LO,3,2,2,"[LO.LOPL3, ME.LOPL3] -> LOL3 -> [LOL2, MEL2]",LO.LOP,3,ME.LOP,3,LO,2,ME,2
19116925697,mixed,lat->FB,lat,FB,0,2,2,2282,6,1.913,15996,7.01,LO,3,2,2,"[LO.LOPL3, ME.LOL3] -> LOL3 -> [LO.LOPL2, ME.LOPL2]",LO.LOP,3,ME.LO,3,LO.LOP,2,ME.LOP,2
18976329073,mixed,lat->FB,lat,FB,0,2,2,2282,6,1.97,19954,8.744,LO,3,2,2,"[ME.LOL3, ME.LOPL3] -> LOL3 -> [LO.LOPL2, ME.LOL2]",ME.LO,3,ME.LOP,3,LO.LOP,2,ME.LO,2
18066694179,mixed,lat->FB,lat,FB,0,2,2,2282,8,1.993,16335,7.158,LO,3,2,2,"[MEL3, ME.LOPL3] -> LOL3 -> [LOL2, LO.LOPL2]",ME,3,ME.LOP,3,LO,2,LO.LOP,2
16351828493,mixed,lat->FB,lat,FB,0,2,2,2282,11,1.502,39622,17.363,LO,3,2,2,"[ME.LOL3, ME.LOPL3] -> LOL3 -> [MEL2, ME.LOPL2]",ME.LO,3,ME.LOP,3,ME,2,ME.LOP,2
14481667164,mixed,lat->FB,lat,FB,0,2,2,2282,11,1.328,44004,19.283,LO,3,2,2,"[ME.LOL3, ME.LOPL3] -> LOL3 -> [MEL2, ME.LOL2]",ME.LO,3,ME.LOP,3,ME,2,ME.LO,2
14226991297,mixed,lat->FB,lat,FB,0,2,2,2282,5,1.999,20378,8.93,LO,3,2,2,"[LO.LOPL3, ME.LOL3] -> LOL3 -> [LO.LOPL2, ME.LOL2]",LO.LOP,3,ME.LO,3,LO.LOP,2,ME.LO,2
13816609546,mixed,lat->FB,lat,FB,0,2,2,2282,4,1.946,16759,7.344,LO,3,2,2,"[LO.LOPL3, MEL3] -> LOL3 -> [LOL2, LO.LOPL2]",LO.LOP,3,ME,3,LO,2,LO.LOP,2
12278448308,mixed,lat->FB,lat,FB,0,2,2,2282,16,1.46,40385,17.697,LO,3,2,2,"[MEL3, ME.LOPL3] -> LOL3 -> [LOL2, MEL2]",ME,3,ME.LOP,3,LO,2,ME,2
11791173240,mixed,lat->FB,lat,FB,0,2,2,1,1,1.0,2291,2291.0,MB_ML.MB_CA,3,2,2,"[MB_CA.MB_PEDL3, MB_CA.MB_VLL3] -> MB_ML.MB_CAL3 -> [MB_CA.MB_MLL2, MB_CA.MB_VLL2]",MB_CA.MB_PED,3,MB_CA.MB_VL,3,MB_CA.MB_ML,2,MB_CA.MB_VL,2
11653337048,mixed,lat->FB,lat,FB,0,2,2,2282,8,1.601,40046,17.549,LO,3,2,2,"[LO.LOPL3, ME.LOL3] -> LOL3 -> [MEL2, ME.LOPL2]",LO.LOP,3,ME.LO,3,ME,2,ME.LOP,2
11148019448,mixed,lat->FB,lat,FB,0,2,2,2282,9,1.926,22623,9.914,LO,3,2,2,"[MEL3, ME.LOL3] -> LOL3 -> [LO.LOPL2, ME.LOPL2]",ME,3,ME.LO,3,LO.LOP,2,ME.LOP,2
10667388960,mixed,lat->FB,lat,FB,0,2,2,1,1,1.0,3676,3676.0,MB_ML.MB_CA,3,2,2,"[MB_CA.CREL3, MB_CA.MB_MLL3] -> MB_ML.MB_CAL3 -> [MB_CA.MB_MLL2, MB_CA.MB_VLL2]",MB_CA.CRE,3,MB_CA.MB_ML,3,MB_CA.MB_ML,2,MB_CA.MB_VL,2
10160239874,mixed,lat->FB,lat,FB,0,2,2,2282,10,1.401,44428,19.469,LO,3,2,2,"[LO.LOPL3, ME.LOL3] -> LOL3 -> [MEL2, ME.LOL2]",LO.LOP,3,ME.LO,3,ME,2,ME.LO,2
8718483925,mixed,lat->FB,lat,FB,0,2,2,2282,7,1.555,40809,17.883,LO,3,2,2,"[LO.LOPL3, MEL3] -> LOL3 -> [LOL2, MEL2]",LO.LOP,3,ME,3,LO,2,ME,2
8330522673,mixed,lat->FB,lat,FB,0,2,2,2282,10,1.998,27005,11.834,LO,3,2,2,"[MEL3, ME.LOL3] -> LOL3 -> [LO.LOPL2, ME.LOL2]",ME,3,ME.LO,3,LO.LOP,2,ME.LO,2
8244179616,mixed,lat->FB,lat,FB,0,2,2,1,1,1.0,3597,3597.0,MB_ML.MB_CA,3,2,2,"[MB_CA.MB_MLL3, MB_CA.MB_VLL3] -> MB_ML.MB_CAL3 -> [MB_CA.MB_MLL2, MB_CA.MB_PEDL2]",MB_CA.MB_ML,3,MB_CA.MB_VL,3,MB_CA.MB_ML,2,MB_CA.MB_PED,2
7354793520,mixed,lat->FB,lat,FB,0,2,2,52,1,1.0,3547,68.212,MB_ML,3,2,2,"[MB_CA.MB_MLL3, MB_CA.MB_PEDL3] -> MB_MLL3 -> [MB_CA.MB_MLL2, MB_MLL2]",MB_CA.MB_ML,3,MB_CA.MB_PED,3,MB_CA.MB_ML,2,MB_ML,2
6956992800,mixed,lat->FB,lat,FB,0,2,2,1,1,1.0,3621,3621.0,MB_ML.MB_CA,3,2,2,"[MB_CA.MB_MLL3, PLP.CREL3] -> MB_ML.MB_CAL3 -> [MB_CA.MB_MLL2, MB_CA.MB_VLL2]",MB_CA.MB_ML,3,PLP.CRE,3,MB_CA.MB_ML,2,MB_CA.MB_VL,2
6929890112,mixed,lat->FB,lat,FB,0,2,2,1,1,1.0,3686,3686.0,MB_ML.MB_CA,3,2,2,"[MB_CA.MB_MLL3, MB_CA.MB_VLL3] -> MB_ML.MB_CAL3 -> [MB_CA.MB_MLL2, MB_MLL2]",MB_CA.MB_ML,3,MB_CA.MB_VL,3,MB_CA.MB_ML,2,MB_ML,2
6882423063,mixed,lat->FB,lat,FB,0,2,2,2282,20,1.584,46673,20.453,LO,3,2,2,"[MEL3, ME.LOL3] -> LOL3 -> [MEL2, ME.LOPL2]",ME,3,ME.LO,3,ME,2,ME.LOP,2
6724376487,mixed,lat->FB,lat,FB,0,2,2,2282,10,1.325,15970,6.998,LO,3,2,2,"[ME.LOL3, ME.LOPL3] -> LOL3 -> [LOL2, ME.LOPL2]",ME.LO,3,ME.LOP,3,LO,2,ME.LOP,2
6446794320,mixed,lat->FB,lat,FB,0,2,2,52,1,1.0,3525,67.788,MB_ML,3,2,2,"[MB_CA.MB_MLL3, MB_CA.MB_PEDL3] -> MB_MLL3 -> [AL.MB_CAL2, MB_CA.MB_MLL2]",MB_CA.MB_ML,3,MB_CA.MB_PED,3,AL.MB_CA,2,MB_CA.MB_ML,2
6235817994,mixed,lat->FB,lat,FB,0,2,2,2282,168,1.491,51055,22.373,LO,3,2,2,"[MEL3, ME.LOL3] -> LOL3 -> [MEL2, ME.LOL2]",ME,3,ME.LO,3,ME,2,ME.LO,2
6213004928,mixed,lat->FB,lat,FB,0,2,2,1,1,1.0,3664,3664.0,MB_ML.MB_CA,3,2,2,"[MB_CA.MB_MLL3, MB_CA.MB_VLL3] -> MB_ML.MB_CAL3 -> [AL.MB_CAL2, MB_CA.MB_MLL2]",MB_CA.MB_ML,3,MB_CA.MB_VL,3,AL.MB_CA,2,MB_CA.MB_ML,2
6196558320,mixed,lat->FB,lat,FB,0,2,2,52,1,1.0,3686,70.885,MB_ML,3,2,2,"[MB_CA.MB_MLL3, MB_CA.MB_VLL3] -> MB_MLL3 -> [MB_CA.MB_MLL2, MB_MLL2]",MB_CA.MB_ML,3,MB_CA.MB_VL,3,MB_CA.MB_ML,2,MB_ML,2
6120974129,mixed,lat->FB,lat,FB,0,2,2,2282,15,1.207,20352,8.918,LO,3,2,2,"[ME.LOL3, ME.LOPL3] -> LOL3 -> [LOL2, ME.LOL2]",ME.LO,3,ME.LOP,3,LO,2,ME.LO,2
6044928070,mixed,lat->FB,lat,FB,0,2,2,2282,8,1.641,38142,16.714,LO,3,2,2,"[ME.LOL3, ME.LOPL3] -> LOL3 -> [LO.LOPL2, MEL2]",ME.LO,3,ME.LOP,3,LO.LOP,2,ME,2
5527968120,mixed,lat->FB,lat,FB,0,2,2,1,1,1.0,2899,2899.0,MB_ML.MB_CA,3,2,2,"[MB_CA.MB_MLL3, MB_CA.MB_VLL3] -> MB_ML.MB_CAL3 -> [MB_CA.MB_PEDL2, MB_CA.MB_VLL2]",MB_CA.MB_ML,3,MB_CA.MB_VL,3,MB_CA.MB_PED,2,MB_CA.MB_VL,2
5431551120,mixed,lat->FB,lat,FB,0,2,2,52,1,1.0,3664,70.462,MB_ML,3,2,2,"[MB_CA.MB_MLL3, MB_CA.MB_VLL3] -> MB_MLL3 -> [AL.MB_CAL2, MB_CA.MB_MLL2]",MB_CA.MB_ML,3,MB_CA.MB_VL,3,AL.MB_CA,2,MB_CA.MB_ML,2
5283058140,mixed,lat->FB,lat,FB,0,2,2,1,1,1.0,2140,2140.0,MB_ML.MB_CA,3,2,2,"[MB_CA.CREL3, MB_CA.MB_VLL3] -> MB_ML.MB_CAL3 -> [MB_CA.MB_MLL2, MB_CA.MB_VLL2]",MB_CA.CRE,3,MB_CA.MB_VL,3,MB_CA.MB_ML,2,MB_CA.MB_VL,2
5137677152,mixed,lat->FB,lat,FB,0,2,2,1,1,1.0,3579,3579.0,MB_ML.MB_CA,3,2,2,"[MB_CA.MB_MLL3, MB_CA.MB_VLL3] -> MB_ML.MB_CAL3 -> [MB_CA.CREL2, MB_CA.MB_MLL2]",MB_CA.MB_ML,3,MB_CA.MB_VL,3,MB_CA.CRE,2,MB_CA.MB_ML,2
4716428691,mixed,lat->FB,lat,FB,0,2,2,2282,5,1.398,16394,7.184,LO,3,2,2,"[LO.LOPL3, ME.LOL3] -> LOL3 -> [LOL2, ME.LOPL2]",LO.LOP,3,ME.LO,3,LO,2,ME.LOP,2
4646697840,mixed,lat->FB,lat,FB,0,2,2,1,1,1.0,2988,2988.0,MB_ML.MB_CA,3,2,2,"[MB_CA.MB_MLL3, MB_CA.MB_VLL3] -> MB_ML.MB_CAL3 -> [MB_CA.MB_VLL2, MB_MLL2]",MB_CA.MB_ML,3,MB_CA.MB_VL,3,MB_CA.MB_VL,2,MB_ML,2
4361735745,mixed,lat->FB,lat,FB,0,2,2,2282,6,1.749,38566,16.9,LO,3,2,2,"[LO.LOPL3, ME.LOL3] -> LOL3 -> [LO.LOPL2, MEL2]",LO.LOP,3,ME.LO,3,LO.LOP,2,ME,2
4244776123,mixed,lat->FB,lat,FB,0,2,2,2282,11,1.256,20776,9.104,LO,3,2,2,"[LO.LOPL3, ME.LOL3] -> LOL3 -> [LOL2, ME.LOL2]",LO.LOP,3,ME.LO,3,LO,2,ME.LO,2
4166004960,mixed,lat->FB,lat,FB,0,2,2,1,1,1.0,2966,2966.0,MB_ML.MB_CA,3,2,2,"[MB_CA.MB_MLL3, MB_CA.MB_VLL3] -> MB_ML.MB_CAL3 -> [AL.MB_CAL2, MB_CA.MB_VLL2]",MB_CA.MB_ML,3,MB_CA.MB_VL,3,AL.MB_CA,2,MB_CA.MB_VL,2
4062349376,mixed,lat->FB,lat,FB,0,2,2,1,1,1.0,3729,3729.0,MB_ML.MB_CA,3,2,2,"[MB_CA.MB_MLL3, MB_CA.MB_VLL3] -> MB_ML.MB_CAL3 -> [AL.LHL2, MB_CA.MB_MLL2]",MB_CA.MB_ML,3,MB_CA.MB_VL,3,AL.LH,2,MB_CA.MB_ML,2
4056241728,mixed,lat->FB,lat,FB,0,2,2,1,1,1.0,3458,3458.0,MB_ML.MB_CA,3,2,2,"[MB_CA.MB_MLL3, MB_CA.MB_PEDL3] -> MB_ML.MB_CAL3 -> [MB_CA.MB_MLL2, MB_CA.MB_PEDL2]",MB_CA.MB_ML,3,MB_CA.MB_PED,3,MB_CA.MB_ML,2,MB_CA.MB_PED,2
3722796720,mixed,lat->FB,lat,FB,0,2,2,52,1,1.0,3827,73.596,MB_ML,3,2,2,"[MB_CA.MB_MLL3, MB_CA.MB_PEDL3] -> MB_MLL3 -> [MB_CA.MB_MLL2, MB_CA.MB_VLL2]",MB_CA.MB_ML,3,MB_CA.MB_PED,3,MB_CA.MB_ML,2,MB_CA.MB_VL,2
3532617360,mixed,lat->FB,lat,FB,0,2,2,52,1,1.0,3396,65.308,MB_ML,3,2,2,"[MB_CA.CREL3, MB_CA.MB_MLL3] -> MB_MLL3 -> [MB_CA.MB_MLL2, MB_MLL2]",MB_CA.CRE,3,MB_CA.MB_ML,3,MB_CA.MB_ML,2,MB_ML,2
3445472700,mixed,lat->FB,lat,FB,0,2,2,1,1,1.0,2085,2085.0,MB_ML.MB_CA,3,2,2,"[MB_CA.MB_VLL3, PLP.CREL3] -> MB_ML.MB_CAL3 -> [MB_CA.MB_MLL2, MB_CA.MB_VLL2]",MB_CA.MB_VL,3,PLP.CRE,3,MB_CA.MB_ML,2,MB_CA.MB_VL,2
3444965640,mixed,lat->FB,lat,FB,0,2,2,1,1,1.0,2881,2881.0,MB_ML.MB_CA,3,2,2,"[MB_CA.MB_MLL3, MB_CA.MB_VLL3] -> MB_ML.MB_CAL3 -> [MB_CA.CREL2, MB_CA.MB_VLL2]",MB_CA.MB_ML,3,MB_CA.MB_VL,3,MB_CA.CRE,2,MB_CA.MB_VL,2
3409594496,mixed,lat->FB,lat,FB,0,2,2,1,1,1.0,3547,3547.0,MB_ML.MB_CA,3,2,2,"[MB_CA.MB_MLL3, MB_CA.MB_PEDL3] -> MB_ML.MB_CAL3 -> [MB_CA.MB_MLL2, MB_MLL2]",MB_CA.MB_ML,3,MB_CA.MB_PED,3,MB_CA.MB_ML,2,MB_ML,2
3136529520,mixed,lat->FB,lat,FB,0,2,2,52,1,1.0,3966,76.269,MB_ML,3,2,2,"[MB_CA.MB_MLL3, MB_CA.MB_VLL3] -> MB_MLL3 -> [MB_CA.MB_MLL2, MB_CA.MB_VLL2]",MB_CA.MB_ML,3,MB_CA.MB_VL,3,MB_CA.MB_ML,2,MB_CA.MB_VL,2
3096491760,mixed,lat->FB,lat,FB,0,2,2,52,1,1.0,3374,64.885,MB_ML,3,2,2,"[MB_CA.CREL3, MB_CA.MB_MLL3] -> MB_MLL3 -> [AL.MB_CAL2, MB_CA.MB_MLL2]",MB_CA.CRE,3,MB_CA.MB_ML,3,AL.MB_CA,2,MB_CA.MB_ML,2
3091996800,mixed,lat->FB,lat,FB,0,2,2,1,1,1.0,3576,3576.0,MB_ML.MB_CA,3,2,2,"[MB_CA.MB_MLL3, PLP.MB_PEDL3] -> MB_ML.MB_CAL3 -> [MB_CA.MB_MLL2, MB_CA.MB_VLL2]",MB_CA.MB_ML,3,PLP.MB_PED,3,MB_CA.MB_ML,2,MB_CA.MB_VL,2
3056877824,mixed,lat->FB,lat,FB,0,2,2,1,1,1.0,3525,3525.0,MB_ML.MB_CA,3,2,2,"[MB_CA.MB_MLL3, MB_CA.MB_PEDL3] -> MB_ML.MB_CAL3 -> [AL.MB_CAL2, MB_CA.MB_MLL2]",MB_CA.MB_ML,3,MB_CA.MB_PED,3,AL.MB_CA,2,MB_CA.MB_ML,2
2819285561,mixed,lat->FB,lat,FB,0,2,2,2282,240,1.546,27403,12.008,LO,3,2,2,"[MEL3, ME.LOL3] -> LOL3 -> [LOL2, ME.LOL2]",ME,3,ME.LO,3,LO,2,ME.LO,2
2793271051,mixed,lat->FB,lat,FB,0,2,2,2282,17,1.385,23021,10.088,LO,3,2,2,"[MEL3, ME.LOL3] -> LOL3 -> [LOL2, ME.LOPL2]",ME,3,ME.LO,3,LO,2,ME.LOP,2
2723926320,mixed,lat->FB,lat,FB,0,2,2,1,1,1.0,3031,3031.0,MB_ML.MB_CA,3,2,2,"[MB_CA.MB_MLL3, MB_CA.MB_VLL3] -> MB_ML.MB_CAL3 -> [AL.LHL2, MB_CA.MB_VLL2]",MB_CA.MB_ML,3,MB_CA.MB_VL,3,AL.LH,2,MB_CA.MB_VL,2
2719830960,mixed,lat->FB,lat,FB,0,2,2,1,1,1.0,2760,2760.0,MB_ML.MB_CA,3,2,2,"[MB_CA.MB_MLL3, MB_CA.MB_PEDL3] -> MB_ML.MB_CAL3 -> [MB_CA.MB_PEDL2, MB_CA.MB_VLL2]",MB_CA.MB_ML,3,MB_CA.MB_PED,3,MB_CA.MB_PED,2,MB_CA.MB_VL,2
2599332120,mixed,lat->FB,lat,FB,0,2,2,1,1,1.0,2001,2001.0,MB_ML.MB_CA,3,2,2,"[MB_CA.CREL3, MB_CA.MB_PEDL3] -> MB_ML.MB_CAL3 -> [MB_CA.MB_MLL2, MB_CA.MB_VLL2]",MB_CA.CRE,3,MB_CA.MB_PED,3,MB_CA.MB_ML,2,MB_CA.MB_VL,2
2570504058,mixed,lat->FB,lat,FB,0,2,2,2282,14,1.731,45193,19.804,LO,3,2,2,"[MEL3, ME.LOL3] -> LOL3 -> [LO.LOPL2, MEL2]",ME,3,ME.LO,3,LO.LOP,2,ME,2
2527802816,mixed,lat->FB,lat,FB,0,2,2,1,1,1.0,3440,3440.0,MB_ML.MB_CA,3,2,2,"[MB_CA.MB_MLL3, MB_CA.MB_PEDL3] -> MB_ML.MB_CAL3 -> [MB_CA.CREL2, MB_CA.MB_MLL2]",MB_CA.MB_ML,3,MB_CA.MB_PED,3,MB_CA.CRE,2,MB_CA.MB_ML,2
2430328485,mixed,lat->FB,lat,FB,0,2,2,2282,9,1.429,14490,6.35,LO,3,2,2,"[ME.LOL3, ME.LOPL3] -> LOL3 -> [LOL2, LO.LOPL2]",ME.LO,3,ME.LOP,3,LO,2,LO.LOP,2
2417142111,mixed,lat->FB,lat,FB,0,2,2,2282,17,1.097,38540,16.889,LO,3,2,2,"[ME.LOL3, ME.LOPL3] -> LOL3 -> [LOL2, MEL2]",ME.LO,3,ME.LOP,3,LO,2,ME,2
2318997600,mixed,lat->FB,lat,FB,0,2,2,1,1,1.0,3598,3598.0,MB_ML.MB_CA,3,2,2,"[MB_CA.MB_MLL3, MB_MLL3] -> MB_ML.MB_CAL3 -> [MB_CA.MB_MLL2, MB_CA.MB_VLL2]",MB_CA.MB_ML,3,MB_ML,3,MB_CA.MB_ML,2,MB_CA.MB_VL,2
2318997600,mixed,lat->FB,lat,FB,0,2,2,1,1,1.0,3595,3595.0,MB_ML.MB_CA,3,2,2,"[MB_CA.MB_MLL3, PLP.MB_MLL3] -> MB_ML.MB_CAL3 -> [MB_CA.MB_MLL2, MB_CA.MB_VLL2]",MB_CA.MB_ML,3,PLP.MB_ML,3,MB_CA.MB_ML,2,MB_CA.MB_VL,2
2286234720,mixed,lat->FB,lat,FB,0,2,2,1,1,1.0,2849,2849.0,MB_ML.MB_CA,3,2,2,"[MB_CA.MB_MLL3, MB_CA.MB_PEDL3] -> MB_ML.MB_CAL3 -> [MB_CA.MB_VLL2, MB_MLL2]",MB_CA.MB_ML,3,MB_CA.MB_PED,3,MB_CA.MB_VL,2,MB_ML,2
2049727680,mixed,lat->FB,lat,FB,0,2,2,1,1,1.0,2827,2827.0,MB_ML.MB_CA,3,2,2,"[MB_CA.MB_MLL3, MB_CA.MB_PEDL3] -> MB_ML.MB_CAL3 -> [AL.MB_CAL2, MB_CA.MB_VLL2]",MB_CA.MB_ML,3,MB_CA.MB_PED,3,AL.MB_CA,2,MB_CA.MB_VL,2
2008866552,mixed,lat->FB,lat,FB,0,2,2,1,1,1.0,1922,1922.0,MB_ML.MB_CA,3,2,2,"[MB_CA.MB_PEDL3, MB_CA.MB_VLL3] -> MB_ML.MB_CAL3 -> [MB_CA.MB_MLL2, MB_CA.MB_PEDL2]",MB_CA.MB_PED,3,MB_CA.MB_VL,3,MB_CA.MB_ML,2,MB_CA.MB_PED,2
1998727808,mixed,lat->FB,lat,FB,0,2,2,1,1,1.0,3590,3590.0,MB_ML.MB_CA,3,2,2,"[MB_CA.MB_MLL3, MB_CA.MB_PEDL3] -> MB_ML.MB_CAL3 -> [AL.LHL2, MB_CA.MB_MLL2]",MB_CA.MB_ML,3,MB_CA.MB_PED,3,AL.LH,2,MB_CA.MB_ML,2
1968999840,mixed,lat->FB,lat,FB,0,2,2,52,1,1.0,3315,63.75,MB_ML,3,2,2,"[MB_CA.MB_MLL3, PLP.MB_MLL3] -> MB_MLL3 -> [MB_CA.MB_MLL2, MB_MLL2]",MB_CA.MB_ML,3,PLP.MB_ML,3,MB_CA.MB_ML,2,MB_ML,2
1817407008,mixed,lat->FB,lat,FB,0,2,2,1,1,1.0,3307,3307.0,MB_ML.MB_CA,3,2,2,"[MB_CA.CREL3, MB_CA.MB_MLL3] -> MB_ML.MB_CAL3 -> [MB_CA.MB_MLL2, MB_CA.MB_PEDL2]",MB_CA.CRE,3,MB_CA.MB_ML,3,MB_CA.MB_ML,2,MB_CA.MB_PED,2
1788114960,mixed,lat->FB,lat,FB,0,2,2,52,1,1.0,3676,70.692,MB_ML,3,2,2,"[MB_CA.CREL3, MB_CA.MB_MLL3] -> MB_MLL3 -> [MB_CA.MB_MLL2, MB_CA.MB_VLL2]",MB_CA.CRE,3,MB_CA.MB_ML,3,MB_CA.MB_ML,2,MB_CA.MB_VL,2
1725913440,mixed,lat->FB,lat,FB,0,2,2,52,1,1.0,3293,63.327,MB_ML,3,2,2,"[MB_CA.MB_MLL3, PLP.MB_MLL3] -> MB_MLL3 -> [AL.MB_CAL2, MB_CA.MB_MLL2]",MB_CA.MB_ML,3,PLP.MB_ML,3,AL.MB_CA,2,MB_CA.MB_ML,2
1720843913,mixed,lat->FB,lat,FB,0,2,2,2282,5,1.519,14914,6.535,LO,3,2,2,"[LO.LOPL3, ME.LOL3] -> LOL3 -> [LOL2, LO.LOPL2]",LO.LOP,3,ME.LO,3,LO,2,LO.LOP,2
1695216600,mixed,lat->FB,lat,FB,0,2,2,1,1,1.0,1946,1946.0,MB_ML.MB_CA,3,2,2,"[MB_CA.MB_PEDL3, PLP.CREL3] -> MB_ML.MB_CAL3 -> [MB_CA.MB_MLL2, MB_CA.MB_VLL2]",MB_CA.MB_PED,3,PLP.CRE,3,MB_CA.MB_ML,2,MB_CA.MB_VL,2
1694967120,mixed,lat->FB,lat,FB,0,2,2,1,1,1.0,2742,2742.0,MB_ML.MB_CA,3,2,2,"[MB_CA.MB_MLL3, MB_CA.MB_PEDL3] -> MB_ML.MB_CAL3 -> [MB_CA.CREL2, MB_CA.MB_VLL2]",MB_CA.MB_ML,3,MB_CA.MB_PED,3,MB_CA.CRE,2,MB_CA.MB_VL,2
1688612464,mixed,lat->FB,lat,FB,0,2,2,1,1,1.0,2011,2011.0,MB_ML.MB_CA,3,2,2,"[MB_CA.MB_PEDL3, MB_CA.MB_VLL3] -> MB_ML.MB_CAL3 -> [MB_CA.MB_MLL2, MB_MLL2]",MB_CA.MB_PED,3,MB_CA.MB_VL,3,MB_CA.MB_ML,2,MB_ML,2
1672732096,mixed,lat->FB,lat,FB,0,2,2,1,1,1.0,3542,3542.0,MB_ML.MB_CA,3,2,2,"[MB_CA.MB_MLL3, MB_CA.MB_VLL3] -> MB_ML.MB_CAL3 -> [MB_CA.MB_MLL2, MB_VL.MB_MLL2]",MB_CA.MB_ML,3,MB_CA.MB_VL,3,MB_CA.MB_ML,2,MB_VL.MB_ML,2
1657077282,mixed,lat->FB,lat,FB,0,2,2,2282,9,1.121,38964,17.074,LO,3,2,2,"[LO.LOPL3, ME.LOL3] -> LOL3 -> [LOL2, MEL2]",LO.LOP,3,ME.LO,3,LO,2,ME,2
1531321200,mixed,lat->FB,lat,FB,0,2,2,1,1,1.0,2040,2040.0,MB_ML.MB_CA,3,2,2,"[MB_CA.MB_VLL3, PLP.MB_PEDL3] -> MB_ML.MB_CAL3 -> [MB_CA.MB_MLL2, MB_CA.MB_VLL2]",MB_CA.MB_VL,3,PLP.MB_PED,3,MB_CA.MB_ML,2,MB_CA.MB_VL,2
1527675456,mixed,lat->FB,lat,FB,0,2,2,1,1,1.0,3396,3396.0,MB_ML.MB_CA,3,2,2,"[MB_CA.CREL3, MB_CA.MB_MLL3] -> MB_ML.MB_CAL3 -> [MB_CA.MB_MLL2, MB_MLL2]",MB_CA.CRE,3,MB_CA.MB_ML,3,MB_CA.MB_ML,2,MB_ML,2
1513928416,mixed,lat->FB,lat,FB,0,2,2,1,1,1.0,1989,1989.0,MB_ML.MB_CA,3,2,2,"[MB_CA.MB_PEDL3, MB_CA.MB_VLL3] -> MB_ML.MB_CAL3 -> [AL.MB_CAL2, MB_CA.MB_MLL2]",MB_CA.MB_PED,3,MB_CA.MB_VL,3,AL.MB_CA,2,MB_CA.MB_ML,2
1491959196,mixed,lat->FB,lat,FB,0,2,2,2282,1,1.0,12725,5.576,LO,3,2,2,"[LO.MEL3, ME.LOPL3] -> LOL3 -> [ME.LOL2, ME.LOPL2]",LO.ME,3,ME.LOP,3,ME.LO,2,ME.LOP,2
1433770368,mixed,lat->FB,lat,FB,0,2,2,1,1,1.0,3548,3548.0,MB_ML.MB_CA,3,2,2,"[MB_CA.MB_MLL3, MB_CA.MB_VLL3] -> MB_ML.MB_CAL3 -> [MB_CAL2, MB_CA.MB_MLL2]",MB_CA.MB_ML,3,MB_CA.MB_VL,3,MB_CA,2,MB_CA.MB_ML,2
1433770368,mixed,lat->FB,lat,FB,0,2,2,1,1,1.0,3535,3535.0,MB_ML.MB_CA,3,2,2,"[MB_CA.MB_MLL3, MB_CA.MB_VLL3] -> MB_ML.MB_CAL3 -> [MB_CA.MB_MLL2, MB_ML.MB_VLL2]",MB_CA.MB_ML,3,MB_CA.MB_VL,3,MB_CA.MB_ML,2,MB_ML.MB_VL,2
1391398560,mixed,lat->FB,lat,FB,0,2,2,1,1,1.0,3570,3570.0,MB_ML.MB_CA,3,2,2,"[MB_CAL3, MB_CA.MB_MLL3] -> MB_ML.MB_CAL3 -> [MB_CA.MB_MLL2, MB_CA.MB_VLL2]",MB_CA,3,MB_CA.MB_ML,3,MB_CA.MB_ML,2,MB_CA.MB_VL,2
1369640064,mixed,lat->FB,lat,FB,0,2,2,1,1,1.0,3374,3374.0,MB_ML.MB_CA,3,2,2,"[MB_CA.CREL3, MB_CA.MB_MLL3] -> MB_ML.MB_CAL3 -> [AL.MB_CAL2, MB_CA.MB_MLL2]",MB_CA.CRE,3,MB_CA.MB_ML,3,AL.MB_CA,2,MB_CA.MB_ML,2
1361998800,mixed,lat->FB,lat,FB,0,2,2,52,1,1.0,3440,66.154,MB_ML,3,2,2,"[MB_CA.MB_MLL3, MB_CA.MB_PEDL3] -> MB_MLL3 -> [MB_CA.CREL2, MB_CA.MB_MLL2]",MB_CA.MB_ML,3,MB_CA.MB_PED,3,MB_CA.CRE,2,MB_CA.MB_ML,2
1347004890,mixed,lat->FB,lat,FB,0,2,2,1,1,1.0,1224,1224.0,MB_ML.MB_CA,3,2,2,"[MB_CA.MB_PEDL3, MB_CA.MB_VLL3] -> MB_ML.MB_CAL3 -> [MB_CA.MB_PEDL2, MB_CA.MB_VLL2]",MB_CA.MB_PED,3,MB_CA.MB_VL,3,MB_CA.MB_PED,2,MB_CA.MB_VL,2
1340206560,mixed,lat->FB,lat,FB,0,2,2,1,1,1.0,2892,2892.0,MB_ML.MB_CA,3,2,2,"[MB_CA.MB_MLL3, MB_CA.MB_PEDL3] -> MB_ML.MB_CAL3 -> [AL.LHL2, MB_CA.MB_VLL2]",MB_CA.MB_ML,3,MB_CA.MB_PED,3,AL.LH,2,MB_CA.MB_VL,2
1255943052,mixed,lat->FB,lat,FB,0,2,2,2282,1,1.0,13149,5.762,LO,3,2,2,"[LO.LOPL3, LO.MEL3] -> LOL3 -> [ME.LOL2, ME.LOPL2]",LO.LOP,3,LO.ME,3,ME.LO,2,ME.LOP,2
1251902344,mixed,lat->FB,lat,FB,0,2,2,1,1,1.0,1904,1904.0,MB_ML.MB_CA,3,2,2,"[MB_CA.MB_PEDL3, MB_CA.MB_VLL3] -> MB_ML.MB_CAL3 -> [MB_CA.CREL2, MB_CA.MB_MLL2]",MB_CA.MB_PED,3,MB_CA.MB_VL,3,MB_CA.CRE,2,MB_CA.MB_ML,2
1218625560,mixed,lat->FB,lat,FB,0,2,2,1,1,1.0,2609,2609.0,MB_ML.MB_CA,3,2,2,"[MB_CA.CREL3, MB_CA.MB_MLL3] -> MB_ML.MB_CAL3 -> [MB_CA.MB_PEDL2, MB_CA.MB_VLL2]",MB_CA.CRE,3,MB_CA.MB_ML,3,MB_CA.MB_PED,2,MB_CA.MB_VL,2
1185265440,mixed,lat->FB,lat,FB,0,2,2,1,1,1.0,3252,3252.0,MB_ML.MB_CA,3,2,2,"[MB_CA.MB_MLL3, PLP.CREL3] -> MB_ML.MB_CAL3 -> [MB_CA.MB_MLL2, MB_CA.MB_PEDL2]",MB_CA.MB_ML,3,PLP.CRE,3,MB_CA.MB_ML,2,MB_CA.MB_PED,2
1158235200,mixed,lat->FB,lat,FB,0,2,2,52,1,1.0,3341,64.25,MB_ML,3,2,2,"[MB_CA.MB_MLL3, PLP.CREL3] -> MB_MLL3 -> [MB_CA.MB_MLL2, MB_MLL2]",MB_CA.MB_ML,3,PLP.CRE,3,MB_CA.MB_ML,2,MB_ML,2
1158235200,mixed,lat->FB,lat,FB,0,2,2,52,1,1.0,3288,63.231,MB_ML,3,2,2,"[MB_CA.MB_MLL3, SCL.MB_MLL3] -> MB_MLL3 -> [MB_CA.MB_MLL2, MB_MLL2]",MB_CA.MB_ML,3,SCL.MB_ML,3,MB_CA.MB_ML,2,MB_ML,2
1148490900,mixed,lat->FB,lat,FB,0,2,2,1,1,1.0,2062,2062.0,MB_ML.MB_CA,3,2,2,"[MB_CA.MB_VLL3, MB_MLL3] -> MB_ML.MB_CAL3 -> [MB_CA.MB_MLL2, MB_CA.MB_VLL2]",MB_CA.MB_VL,3,MB_ML,3,MB_CA.MB_ML,2,MB_CA.MB_VL,2
1148490900,mixed,lat->FB,lat,FB,0,2,2,1,1,1.0,2059,2059.0,MB_ML.MB_CA,3,2,2,"[MB_CA.MB_VLL3, PLP.MB_MLL3] -> MB_ML.MB_CAL3 -> [MB_CA.MB_MLL2, MB_CA.MB_VLL2]",MB_CA.MB_VL,3,PLP.MB_ML,3,MB_CA.MB_ML,2,MB_CA.MB_VL,2
1148189796,mixed,lat->FB,lat,FB,0,2,2,2282,1,1.0,6863,3.007,LO,3,2,2,"[LO.MEL3, ME.LOPL3] -> LOL3 -> [LO.LOPL2, ME.LOPL2]",LO.ME,3,ME.LOP,3,LO.LOP,2,ME.LOP,2
1147510800,mixed,lat->FB,lat,FB,0,2,2,52,1,1.0,3579,68.827,MB_ML,3,2,2,"[MB_CA.MB_MLL3, MB_CA.MB_VLL3] -> MB_MLL3 -> [MB_CA.CREL2, MB_CA.MB_MLL2]",MB_CA.MB_ML,3,MB_CA.MB_VL,3,MB_CA.CRE,2,MB_CA.MB_ML,2
1132586976,mixed,lat->FB,lat,FB,0,2,2,1,1,1.0,3289,3289.0,MB_ML.MB_CA,3,2,2,"[MB_CA.CREL3, MB_CA.MB_MLL3] -> MB_ML.MB_CAL3 -> [MB_CA.CREL2, MB_CA.MB_MLL2]",MB_CA.CRE,3,MB_CA.MB_ML,3,MB_CA.CRE,2,MB_CA.MB_ML,2
1132264980,mixed,lat->FB,lat,FB,0,2,2,1,1,1.0,1313,1313.0,MB_ML.MB_CA,3,2,2,"[MB_CA.MB_PEDL3, MB_CA.MB_VLL3] -> MB_ML.MB_CAL3 -> [MB_CA.MB_VLL2, MB_MLL2]",MB_CA.MB_PED,3,MB_CA.MB_VL,3,MB_CA.MB_VL,2,MB_ML,2
1121616720,mixed,lat->FB,lat,FB,0,2,2,1,1,1.0,2844,2844.0,MB_ML.MB_CA,3,2,2,"[MB_CA.MB_MLL3, MB_CA.MB_VLL3] -> MB_ML.MB_CAL3 -> [MB_CA.MB_VLL2, MB_VL.MB_MLL2]",MB_CA.MB_ML,3,MB_CA.MB_VL,3,MB_CA.MB_VL,2,MB_VL.MB_ML,2
1089599040,mixed,lat->FB,lat,FB,0,2,2,52,1,1.0,3590,69.038,MB_ML,3,2,2,"[MB_CA.MB_MLL3, MB_CA.MB_PEDL3] -> MB_MLL3 -> [AL.LHL2, MB_CA.MB_MLL2]",MB_CA.MB_ML,3,MB_CA.MB_PED,3,AL.LH,2,MB_CA.MB_ML,2
1089599040,mixed,lat->FB,lat,FB,0,2,2,52,1,1.0,3409,65.558,MB_ML,3,2,2,"[MB_CA.MB_MLL3, MB_CA.MB_PEDL3] -> MB_MLL3 -> [MB_CAL2, MB_CA.MB_MLL2]",MB_CA.MB_ML,3,MB_CA.MB_PED,3,MB_CA,2,MB_CA.MB_ML,2
1073408865,mixed,lat->FB,lat,FB,0,2,2,2282,302,1.321,45591,19.979,LO,3,2,2,"[MEL3, ME.LOL3] -> LOL3 -> [LOL2, MEL2]",ME,3,ME.LO,3,LO,2,ME,2
1024432884,mixed,lat->FB,lat,FB,0,2,2,2282,2,1.0,10029,4.395,LO,3,2,2,"[LO.LOPL3, ME.LOPL3] -> LOL3 -> [LO.AVLPL2, ME.LOPL2]",LO.LOP,3,ME.LOP,3,LO.AVLP,2,ME.LOP,2
1024351920,mixed,lat->FB,lat,FB,0,2,2,1,1,1.0,2698,2698.0,MB_ML.MB_CA,3,2,2,"[MB_CA.CREL3, MB_CA.MB_MLL3] -> MB_ML.MB_CAL3 -> [MB_CA.MB_VLL2, MB_MLL2]",MB_CA.CRE,3,MB_CA.MB_ML,3,MB_CA.MB_VL,2,MB_ML,2
1017458073,mixed,lat->FB,lat,FB,0,2,2,2282,15,1.503,21541,9.44,LO,3,2,2,"[MEL3, ME.LOL3] -> LOL3 -> [LOL2, LO.LOPL2]",ME,3,ME.LO,3,LO,2,LO.LOP,2
1015243200,mixed,lat->FB,lat,FB,0,2,2,52,1,1.0,3319,63.827,MB_ML,3,2,2,"[MB_CA.MB_MLL3, PLP.CREL3] -> MB_MLL3 -> [AL.MB_CAL2, MB_CA.MB_MLL2]",MB_CA.MB_ML,3,PLP.CRE,3,AL.MB_CA,2,MB_CA.MB_ML,2
1015243200,mixed,lat->FB,lat,FB,0,2,2,52,1,1.0,3266,62.808,MB_ML,3,2,2,"[MB_CA.MB_MLL3, SCL.MB_MLL3] -> MB_MLL3 -> [AL.MB_CAL2, MB_CA.MB_MLL2]",MB_CA.MB_ML,3,SCL.MB_ML,3,AL.MB_CA,2,MB_CA.MB_ML,2
1015134120,mixed,lat->FB,lat,FB,0,2,2,1,1,1.0,1291,1291.0,MB_ML.MB_CA,3,2,2,"[MB_CA.MB_PEDL3, MB_CA.MB_VLL3] -> MB_ML.MB_CAL3 -> [AL.MB_CAL2, MB_CA.MB_VLL2]",MB_CA.MB_PED,3,MB_CA.MB_VL,3,AL.MB_CA,2,MB_CA.MB_VL,2
996654240,mixed,lat->FB,lat,FB,0,2,2,52,1,1.0,3595,69.135,MB_ML,3,2,2,"[MB_CA.MB_MLL3, PLP.MB_MLL3] -> MB_MLL3 -> [MB_CA.MB_MLL2, MB_CA.MB_VLL2]",MB_CA.MB_ML,3,PLP.MB_ML,3,MB_CA.MB_ML,2,MB_CA.MB_VL,2
996310080,mixed,lat->FB,lat,FB,0,2,2,1,1,1.0,3341,3341.0,MB_ML.MB_CA,3,2,2,"[MB_CA.MB_MLL3, PLP.CREL3] -> MB_ML.MB_CAL3 -> [MB_CA.MB_MLL2, MB_MLL2]",MB_CA.MB_ML,3,PLP.CRE,3,MB_CA.MB_ML,2,MB_ML,2
989876272,mixed,lat->FB,lat,FB,0,2,2,1,1,1.0,2054,2054.0,MB_ML.MB_CA,3,2,2,"[MB_CA.MB_PEDL3, MB_CA.MB_VLL3] -> MB_ML.MB_CAL3 -> [AL.LHL2, MB_CA.MB_MLL2]",MB_CA.MB_PED,3,MB_CA.MB_VL,3,AL.LH,2,MB_CA.MB_ML,2
967019148,mixed,lat->FB,lat,FB,0,2,2,52,1,1.0,2547,48.981,MB_ML,3,2,2,"[MB_CA.MB_MLL3, MB_CA.MB_PEDL3] -> MB_MLL3 -> [AL.MB_CAL2, MB_MLL2]",MB_CA.MB_ML,3,MB_CA.MB_PED,3,AL.MB_CA,2,MB_ML,2
966555252,mixed,lat->FB,lat,FB,0,2,2,2282,1,1.0,7287,3.193,LO,3,2,2,"[LO.LOPL3, LO.MEL3] -> LOL3 -> [LO.LOPL2, ME.LOPL2]",LO.LOP,3,LO.ME,3,LO.LOP,2,ME.LOP,2
961385760,mixed,lat->FB,lat,FB,0,2,2,1,1,1.0,2850,2850.0,MB_ML.MB_CA,3,2,2,"[MB_CA.MB_MLL3, MB_CA.MB_VLL3] -> MB_ML.MB_CAL3 -> [MB_CAL2, MB_CA.MB_VLL2]",MB_CA.MB_ML,3,MB_CA.MB_VL,3,MB_CA,2,MB_CA.MB_VL,2
961385760,mixed,lat->FB,lat,FB,0,2,2,1,1,1.0,2837,2837.0,MB_ML.MB_CA,3,2,2,"[MB_CA.MB_MLL3, MB_CA.MB_VLL3] -> MB_ML.MB_CAL3 -> [MB_CA.MB_VLL2, MB_ML.MB_VLL2]",MB_CA.MB_ML,3,MB_CA.MB_VL,3,MB_CA.MB_VL,2,MB_ML.MB_VL,2
927599040,mixed,lat->FB,lat,FB,0,2,2,1,1,1.0,3553,3553.0,MB_ML.MB_CA,3,2,2,"[MB_CA.MB_MLL3, MB_PEDL3] -> MB_ML.MB_CAL3 -> [MB_CA.MB_MLL2, MB_CA.MB_VLL2]",MB_CA.MB_ML,3,MB_PED,3,MB_CA.MB_ML,2,MB_CA.MB_VL,2
927599040,mixed,lat->FB,lat,FB,0,2,2,1,1,1.0,3559,3559.0,MB_ML.MB_CA,3,2,2,"[MB_CA.MB_MLL3, MB_PED.MB_MLL3] -> MB_ML.MB_CAL3 -> [MB_CA.MB_MLL2, MB_CA.MB_VLL2]",MB_CA.MB_ML,3,MB_PED.MB_ML,3,MB_CA.MB_ML,2,MB_CA.MB_VL,2
927599040,mixed,lat->FB,lat,FB,0,2,2,1,1,1.0,3565,3565.0,MB_ML.MB_CA,3,2,2,"[MB_CA.MB_MLL3, SLP.MB_MLL3] -> MB_ML.MB_CAL3 -> [MB_CA.MB_MLL2, MB_CA.MB_VLL2]",MB_CA.MB_ML,3,SLP.MB_ML,3,MB_CA.MB_ML,2,MB_CA.MB_VL,2
918384480,mixed,lat->FB,lat,FB,0,2,2,1,1,1.0,2676,2676.0,MB_ML.MB_CA,3,2,2,"[MB_CA.CREL3, MB_CA.MB_MLL3] -> MB_ML.MB_CAL3 -> [AL.MB_CAL2, MB_CA.MB_VLL2]",MB_CA.CRE,3,MB_CA.MB_ML,3,AL.MB_CA,2,MB_CA.MB_VL,2
918008640,mixed,lat->FB,lat,FB,0,2,2,52,1,1.0,3729,71.712,MB_ML,3,2,2,"[MB_CA.MB_MLL3, MB_CA.MB_VLL3] -> MB_MLL3 -> [AL.LHL2, MB_CA.MB_MLL2]",MB_CA.MB_ML,3,MB_CA.MB_VL,3,AL.LH,2,MB_CA.MB_ML,2
918008640,mixed,lat->FB,lat,FB,0,2,2,52,1,1.0,3548,68.231,MB_ML,3,2,2,"[MB_CA.MB_MLL3, MB_CA.MB_VLL3] -> MB_MLL3 -> [MB_CAL2, MB_CA.MB_MLL2]",MB_CA.MB_ML,3,MB_CA.MB_VL,3,MB_CA,2,MB_CA.MB_ML,2
900076572,mixed,lat->FB,lat,FB,0,2,2,1,1,1.0,1771,1771.0,MB_ML.MB_CA,3,2,2,"[MB_CA.CREL3, MB_CA.MB_VLL3] -> MB_ML.MB_CAL3 -> [MB_CA.MB_MLL2, MB_CA.MB_PEDL2]",MB_CA.CRE,3,MB_CA.MB_VL,3,MB_CA.MB_ML,2,MB_CA.MB_PED,2
895533888,mixed,lat->FB,lat,FB,0,2,2,1,1,1.0,3439,3439.0,MB_ML.MB_CA,3,2,2,"[MB_CA.CREL3, MB_CA.MB_MLL3] -> MB_ML.MB_CAL3 -> [AL.LHL2, MB_CA.MB_MLL2]",MB_CA.CRE,3,MB_CA.MB_ML,3,AL.LH,2,MB_CA.MB_ML,2
893243520,mixed,lat->FB,lat,FB,0,2,2,1,1,1.0,3319,3319.0,MB_ML.MB_CA,3,2,2,"[MB_CA.MB_MLL3, PLP.CREL3] -> MB_ML.MB_CAL3 -> [AL.MB_CAL2, MB_CA.MB_MLL2]",MB_CA.MB_ML,3,PLP.CRE,3,AL.MB_CA,2,MB_CA.MB_ML,2
839437830,mixed,lat->FB,lat,FB,0,2,2,1,1,1.0,1206,1206.0,MB_ML.MB_CA,3,2,2,"[MB_CA.MB_PEDL3, MB_CA.MB_VLL3] -> MB_ML.MB_CAL3 -> [MB_CA.CREL2, MB_CA.MB_VLL2]",MB_CA.MB_PED,3,MB_CA.MB_VL,3,MB_CA.CRE,2,MB_CA.MB_VL,2
836366048,mixed,lat->FB,lat,FB,0,2,2,1,1,1.0,3528,3528.0,MB_ML.MB_CA,3,2,2,"[MB_CA.MB_MLL3, MB_CA.MB_VLL3] -> MB_ML.MB_CAL3 -> [MB_CA.MB_MLL2, MB_VLL2]",MB_CA.MB_ML,3,MB_CA.MB_VL,3,MB_CA.MB_ML,2,MB_VL,2
836366048,mixed,lat->FB,lat,FB,0,2,2,1,1,1.0,3529,3529.0,MB_ML.MB_CA,3,2,2,"[MB_CA.MB_MLL3, MB_CA.MB_VLL3] -> MB_ML.MB_CAL3 -> [MB_CA.MB_MLL2, PLP.CREL2]",MB_CA.MB_ML,3,MB_CA.MB_VL,3,MB_CA.MB_ML,2,PLP.CRE,2
823005568,mixed,lat->FB,lat,FB,0,2,2,1,1,1.0,3403,3403.0,MB_ML.MB_CA,3,2,2,"[MB_CA.MB_MLL3, MB_CA.MB_PEDL3] -> MB_ML.MB_CAL3 -> [MB_CA.MB_MLL2, MB_VL.MB_MLL2]",MB_CA.MB_ML,3,MB_CA.MB_PED,3,MB_CA.MB_ML,2,MB_VL.MB_ML,2
817199280,mixed,lat->FB,lat,FB,0,2,2,52,1,1.0,3403,65.442,MB_ML,3,2,2,"[MB_CA.MB_MLL3, MB_CA.MB_PEDL3] -> MB_MLL3 -> [MB_CA.MB_MLL2, MB_VL.MB_MLL2]",MB_CA.MB_ML,3,MB_CA.MB_PED,3,MB_CA.MB_ML,2,MB_VL.MB_ML,2
814732668,mixed,lat->FB,lat,FB,0,2,2,52,1,1.0,2686,51.654,MB_ML,3,2,2,"[MB_CA.MB_MLL3, MB_CA.MB_VLL3] -> MB_MLL3 -> [AL.MB_CAL2, MB_MLL2]",MB_CA.MB_ML,3,MB_CA.MB_VL,3,AL.MB_CA,2,MB_ML,2
794755800,mixed,lat->FB,lat,FB,0,2,2,1,1,1.0,2554,2554.0,MB_ML.MB_CA,3,2,2,"[MB_CA.MB_MLL3, PLP.CREL3] -> MB_ML.MB_CAL3 -> [MB_CA.MB_PEDL2, MB_CA.MB_VLL2]",MB_CA.MB_ML,3,PLP.CRE,3,MB_CA.MB_PED,2,MB_CA.MB_VL,2
791659632,mixed,lat->FB,lat,FB,0,2,2,1,1,1.0,2619,2619.0,MB_ML.MB_CA,3,2,2,"[MB_CA.MB_MLL3, MB_CA.MB_VLL3] -> MB_ML.MB_CAL3 -> [MB_CA.MB_PEDL2, MB_MLL2]",MB_CA.MB_ML,3,MB_CA.MB_VL,3,MB_CA.MB_PED,2,MB_ML,2
759545100,mixed,lat->FB,lat,FB,0,2,2,1,1,1.0,1795,1795.0,MB_ML.MB_CA,3,2,2,"[MB_CA.CREL3, PLP.CREL3] -> MB_ML.MB_CAL3 -> [MB_CA.MB_MLL2, MB_CA.MB_VLL2]",MB_CA.CRE,3,PLP.CRE,3,MB_CA.MB_ML,2,MB_CA.MB_VL,2
759433320,mixed,lat->FB,lat,FB,0,2,2,1,1,1.0,2591,2591.0,MB_ML.MB_CA,3,2,2,"[MB_CA.CREL3, MB_CA.MB_MLL3] -> MB_ML.MB_CAL3 -> [MB_CA.CREL2, MB_CA.MB_VLL2]",MB_CA.CRE,3,MB_CA.MB_ML,3,MB_CA.CRE,2,MB_CA.MB_VL,2
756586104,mixed,lat->FB,lat,FB,0,2,2,1,1,1.0,1860,1860.0,MB_ML.MB_CA,3,2,2,"[MB_CA.CREL3, MB_CA.MB_VLL3] -> MB_ML.MB_CAL3 -> [MB_CA.MB_MLL2, MB_MLL2]",MB_CA.CRE,3,MB_CA.MB_VL,3,MB_CA.MB_ML,2,MB_ML,2
753429600,mixed,lat->FB,lat,FB,0,2,2,1,1,1.0,1901,1901.0,MB_ML.MB_CA,3,2,2,"[MB_CA.MB_PEDL3, PLP.MB_PEDL3] -> MB_ML.MB_CAL3 -> [MB_CA.MB_MLL2, MB_CA.MB_VLL2]",MB_CA.MB_PED,3,PLP.MB_PED,3,MB_CA.MB_ML,2,MB_CA.MB_VL,2
745979598,mixed,lat->FB,lat,FB,0,2,2,2282,1,1.0,12571,5.509,LO,3,2,2,"[FB.LOL3, ME.LOPL3] -> LOL3 -> [ME.LOL2, ME.LOPL2]",FB.LO,3,ME.LOP,3,ME.LO,2,ME.LOP,2
738643680,mixed,lat->FB,lat,FB,0,2,2,1,1,1.0,3234,3234.0,MB_ML.MB_CA,3,2,2,"[MB_CA.MB_MLL3, PLP.CREL3] -> MB_ML.MB_CAL3 -> [MB_CA.CREL2, MB_CA.MB_MLL2]",MB_CA.MB_ML,3,PLP.CRE,3,MB_CA.CRE,2,MB_CA.MB_ML,2
726399360,mixed,lat->FB,lat,FB,0,2,2,52,1,1.0,3458,66.5,MB_ML,3,2,2,"[MB_CA.MB_MLL3, MB_CA.MB_PEDL3] -> MB_MLL3 -> [MB_CA.MB_MLL2, MB_CA.MB_PEDL2]",MB_CA.MB_ML,3,MB_CA.MB_PED,3,MB_CA.MB_ML,2,MB_CA.MB_PED,2
722097650,mixed,lat->FB,lat,FB,0,2,2,2282,5,1.0,19776,8.666,LO,3,2,2,"[LO.MEL3, MEL3] -> LOL3 -> [ME.LOL2, ME.LOPL2]",LO.ME,3,ME,3,ME.LO,2,ME.LOP,2
716885184,mixed,lat->FB,lat,FB,0,2,2,1,1,1.0,4428,4428.0,MB_ML.MB_CA,3,2,2,"[MB_CA.MB_MLL3, MB_CA.MB_VLL3] -> MB_ML.MB_CAL3 -> [ALL2, MB_CA.MB_MLL2]",MB_CA.MB_ML,3,MB_CA.MB_VL,3,AL,2,MB_CA.MB_ML,2
709763808,mixed,lat->FB,lat,FB,0,2,2,1,1,1.0,2597,2597.0,MB_ML.MB_CA,3,2,2,"[MB_CA.MB_MLL3, MB_CA.MB_VLL3] -> MB_ML.MB_CAL3 -> [AL.MB_CAL2, MB_CA.MB_PEDL2]",MB_CA.MB_ML,3,MB_CA.MB_VL,3,AL.MB_CA,2,MB_CA.MB_PED,2
705433344,mixed,lat->FB,lat,FB,0,2,2,1,1,1.0,3409,3409.0,MB_ML.MB_CA,3,2,2,"[MB_CA.MB_MLL3, MB_CA.MB_PEDL3] -> MB_ML.MB_CAL3 -> [MB_CAL2, MB_CA.MB_MLL2]",MB_CA.MB_ML,3,MB_CA.MB_PED,3,MB_CA,2,MB_CA.MB_ML,2
705433344,mixed,lat->FB,lat,FB,0,2,2,1,1,1.0,3396,3396.0,MB_ML.MB_CA,3,2,2,"[MB_CA.MB_MLL3, MB_CA.MB_PEDL3] -> MB_ML.MB_CAL3 -> [MB_CA.MB_MLL2, MB_ML.MB_VLL2]",MB_CA.MB_ML,3,MB_CA.MB_PED,3,MB_CA.MB_ML,2,MB_ML.MB_VL,2
692744738,mixed,lat->FB,lat,FB,0,2,2,2282,2,1.0,11245,4.928,LO,3,2,2,"[LO.MEL3, ME.LOPL3] -> LOL3 -> [LO.LOPL2, ME.LOL2]",LO.ME,3,ME.LOP,3,LO.LOP,2,ME.LO,2
689094540,mixed,lat->FB,lat,FB,0,2,2,1,1,1.0,2034,2034.0,MB_ML.MB_CA,3,2,2,"[MB_CAL3, MB_CA.MB_VLL3] -> MB_ML.MB_CAL3 -> [MB_CA.MB_MLL2, MB_CA.MB_VLL2]",MB_CA,3,MB_CA.MB_VL,3,MB_CA.MB_ML,2,MB_CA.MB_VL,2
688506480,mixed,lat->FB,lat,FB,0,2,2,52,1,1.0,3542,68.115,MB_ML,3,2,2,"[MB_CA.MB_MLL3, MB_CA.MB_VLL3] -> MB_MLL3 -> [MB_CA.MB_MLL2, MB_VL.MB_MLL2]",MB_CA.MB_ML,3,MB_CA.MB_VL,3,MB_CA.MB_ML,2,MB_VL.MB_ML,2
678318576,mixed,lat->FB,lat,FB,0,2,2,1,1,1.0,1838,1838.0,MB_ML.MB_CA,3,2,2,"[MB_CA.CREL3, MB_CA.MB_VLL3] -> MB_ML.MB_CAL3 -> [AL.MB_CAL2, MB_CA.MB_MLL2]",MB_CA.CRE,3,MB_CA.MB_VL,3,AL.MB_CA,2,MB_CA.MB_ML,2
668055600,mixed,lat->FB,lat,FB,0,2,2,1,1,1.0,2643,2643.0,MB_ML.MB_CA,3,2,2,"[MB_CA.MB_MLL3, PLP.CREL3] -> MB_ML.MB_CAL3 -> [MB_CA.MB_VLL2, MB_MLL2]",MB_CA.MB_ML,3,PLP.CRE,3,MB_CA.MB_VL,2,MB_ML,2
663741540,mixed,lat->FB,lat,FB,0,2,2,1,1,1.0,1356,1356.0,MB_ML.MB_CA,3,2,2,"[MB_CA.MB_PEDL3, MB_CA.MB_VLL3] -> MB_ML.MB_CAL3 -> [AL.LHL2, MB_CA.MB_VLL2]",MB_CA.MB_PED,3,MB_CA.MB_VL,3,AL.LH,2,MB_CA.MB_VL,2
654188400,mixed,lat->FB,lat,FB,0,2,2,52,1,1.0,3289,63.25,MB_ML,3,2,2,"[MB_CA.CREL3, MB_CA.MB_MLL3] -> MB_MLL3 -> [MB_CA.CREL2, MB_CA.MB_MLL2]",MB_CA.CRE,3,MB_CA.MB_ML,3,MB_CA.CRE,2,MB_CA.MB_ML,2
637029360,mixed,lat->FB,lat,FB,0,2,2,52,1,1.0,3290,63.269,MB_ML,3,2,2,"[MB_CAL3, MB_CA.MB_MLL3] -> MB_MLL3 -> [MB_CA.MB_MLL2, MB_MLL2]",MB_CA,3,MB_CA.MB_ML,3,MB_CA.MB_ML,2,MB_ML,2
637029360,mixed,lat->FB,lat,FB,0,2,2,52,1,1.0,3285,63.173,MB_ML,3,2,2,"[MB_CA.MB_MLL3, SLP.MB_MLL3] -> MB_MLL3 -> [MB_CA.MB_MLL2, MB_MLL2]",MB_CA.MB_ML,3,SLP.MB_ML,3,MB_CA.MB_ML,2,MB_ML,2
627971526,mixed,lat->FB,lat,FB,0,2,2,2282,1,1.0,12995,5.695,LO,3,2,2,"[FB.LOL3, LO.LOPL3] -> LOL3 -> [ME.LOL2, ME.LOPL2]",FB.LO,3,LO.LOP,3,ME.LO,2,ME.LOP,2
618399360,mixed,lat->FB,lat,FB,0,2,2,1,1,1.0,4362,4362.0,MB_ML.MB_CA,3,2,2,"[MB_CA.MB_MLL3, SMPL3] -> MB_ML.MB_CAL3 -> [MB_CA.MB_MLL2, MB_CA.MB_VLL2]",MB_CA.MB_ML,3,SMP,3,MB_CA.MB_ML,2,MB_CA.MB_VL,2
618077660,mixed,lat->FB,lat,FB,0,2,2,2282,3,1.0,14411,6.315,LO,3,2,2,"[LO.LOPL3, ME.LOPL3] -> LOL3 -> [LO.AVLPL2, ME.LOL2]",LO.LOP,3,ME.LOP,3,LO.AVLP,2,ME.LO,2
612005760,mixed,lat->FB,lat,FB,0,2,2,52,1,1.0,3597,69.173,MB_ML,3,2,2,"[MB_CA.MB_MLL3, MB_CA.MB_VLL3] -> MB_MLL3 -> [MB_CA.MB_MLL2, MB_CA.MB_PEDL2]",MB_CA.MB_ML,3,MB_CA.MB_VL,3,MB_CA.MB_ML,2,MB_CA.MB_PED,2
603528165,mixed,lat->FB,lat,FB,0,2,2,1,1,1.0,1073,1073.0,MB_ML.MB_CA,3,2,2,"[MB_CA.CREL3, MB_CA.MB_VLL3] -> MB_ML.MB_CAL3 -> [MB_CA.MB_PEDL2, MB_CA.MB_VLL2]",MB_CA.CRE,3,MB_CA.MB_VL,3,MB_CA.MB_PED,2,MB_CA.MB_VL,2
600482160,mixed,lat->FB,lat,FB,0,2,2,1,1,1.0,2741,2741.0,MB_ML.MB_CA,3,2,2,"[MB_CA.CREL3, MB_CA.MB_MLL3] -> MB_ML.MB_CAL3 -> [AL.LHL2, MB_CA.MB_VLL2]",MB_CA.CRE,3,MB_CA.MB_ML,3,AL.LH,2,MB_CA.MB_VL,2
598946400,mixed,lat->FB,lat,FB,0,2,2,1,1,1.0,2621,2621.0,MB_ML.MB_CA,3,2,2,"[MB_CA.MB_MLL3, PLP.CREL3] -> MB_ML.MB_CAL3 -> [AL.MB_CAL2, MB_CA.MB_VLL2]",MB_CA.MB_ML,3,PLP.CRE,3,AL.MB_CA,2,MB_CA.MB_VL,2
597404320,mixed,lat->FB,lat,FB,0,2,2,1,1,1.0,3527,3527.0,MB_ML.MB_CA,3,2,2,"[MB_CA.MB_MLL3, MB_CA.MB_VLL3] -> MB_ML.MB_CAL3 -> [MB_CA.MB_MLL2, PLP.MB_PEDL2]",MB_CA.MB_ML,3,MB_CA.MB_VL,3,MB_CA.MB_ML,2,PLP.MB_PED,2
597404320,mixed,lat->FB,lat,FB,0,2,2,1,1,1.0,3534,3534.0,MB_ML.MB_CA,3,2,2,"[MB_CA.MB_MLL3, MB_CA.MB_VLL3] -> MB_ML.MB_CAL3 -> [MB_CA.MB_MLL2, SLP.MB_MLL2]",MB_CA.MB_ML,3,MB_CA.MB_VL,3,MB_CA.MB_ML,2,SLP.MB_ML,2
596613056,mixed,lat->FB,lat,FB,0,2,2,1,1,1.0,2686,2686.0,MB_ML.MB_CA,3,2,2,"[MB_CA.MB_MLL3, MB_CA.MB_VLL3] -> MB_ML.MB_CAL3 -> [AL.MB_CAL2, MB_MLL2]",MB_CA.MB_ML,3,MB_CA.MB_VL,3,AL.MB_CA,2,MB_ML,2
594382860,mixed,lat->FB,lat,FB,0,2,2,52,1,1.0,2011,38.673,MB_ML,3,2,2,"[MB_CA.MB_PEDL3, MB_CA.MB_VLL3] -> MB_MLL3 -> [MB_CA.MB_MLL2, MB_MLL2]",MB_CA.MB_PED,3,MB_CA.MB_VL,3,MB_CA.MB_ML,2,MB_ML,2
588992562,mixed,lat->FB,lat,FB,0,2,2,2282,5,1.0,16656,7.299,LO,3,2,2,"[MEL3, ME.LOPL3] -> LOL3 -> [LO.AVLPL2, ME.LOPL2]",ME,3,ME.LOP,3,LO.AVLP,2,ME.LOP,2
587006460,mixed,lat->FB,lat,FB,0,2,2,1,1,1.0,1716,1716.0,MB_ML.MB_CA,3,2,2,"[MB_CA.MB_VLL3, PLP.CREL3] -> MB_ML.MB_CAL3 -> [MB_CA.MB_MLL2, MB_CA.MB_PEDL2]",MB_CA.MB_VL,3,PLP.CRE,3,MB_CA.MB_ML,2,MB_CA.MB_PED,2
586920072,mixed,lat->FB,lat,FB,0,2,2,1,1,1.0,2512,2512.0,MB_ML.MB_CA,3,2,2,"[MB_CA.MB_MLL3, MB_CA.MB_VLL3] -> MB_ML.MB_CAL3 -> [MB_CA.CREL2, MB_CA.MB_PEDL2]",MB_CA.MB_ML,3,MB_CA.MB_VL,3,MB_CA.CRE,2,MB_CA.MB_PED,2
586267200,mixed,lat->FB,lat,FB,0,2,2,52,1,1.0,3621,69.635,MB_ML,3,2,2,"[MB_CA.MB_MLL3, PLP.CREL3] -> MB_MLL3 -> [MB_CA.MB_MLL2, MB_CA.MB_VLL2]",MB_CA.MB_ML,3,PLP.CRE,3,MB_CA.MB_ML,2,MB_CA.MB_VL,2
586267200,mixed,lat->FB,lat,FB,0,2,2,52,1,1.0,3568,68.615,MB_ML,3,2,2,"[MB_CA.MB_MLL3, SCL.MB_MLL3] -> MB_MLL3 -> [MB_CA.MB_MLL2, MB_CA.MB_VLL2]",MB_CA.MB_ML,3,SCL.MB_ML,3,MB_CA.MB_ML,2,MB_CA.MB_VL,2
584043840,mixed,lat->FB,lat,FB,0,2,2,1,1,1.0,3384,3384.0,MB_ML.MB_CA,3,2,2,"[MB_CA.MB_MLL3, PLP.CREL3] -> MB_ML.MB_CAL3 -> [AL.LHL2, MB_CA.MB_MLL2]",MB_CA.MB_ML,3,PLP.CRE,3,AL.LH,2,MB_CA.MB_ML,2
583157988,mixed,lat->FB,lat,FB,0,2,2,2282,1,1.0,11669,5.113,LO,3,2,2,"[LO.LOPL3, LO.MEL3] -> LOL3 -> [LO.LOPL2, ME.LOL2]",LO.LOP,3,LO.ME,3,LO.LOP,2,ME.LO,2
182529377214,pure_lateral,lat->lat,lat,lat,0,0,4,2282,24,1.515,27313,11.969,LO,3,2,2,"[MEL3, ME.LOL3] -> LOL3 -> [LO.LOPL3, ME.LOPL3]",ME,3,ME.LO,3,LO.LOP,3,ME.LOP,3
119593728754,pure_lateral,lat->lat,lat,lat,0,0,4,2282,11,1.506,27313,11.969,LO,3,2,2,"[MEL3, ME.LOPL3] -> LOL3 -> [LO.LOPL3, ME.LOL3]",ME,3,ME.LOP,3,LO.LOP,3,ME.LO,3
73045954916,pure_lateral,lat->lat,lat,lat,0,0,4,2282,5,1.445,27313,11.969,LO,3,2,2,"[LO.LOPL3, MEL3] -> LOL3 -> [ME.LOL3, ME.LOPL3]",LO.LOP,3,ME,3,ME.LO,3,ME.LOP,3
28306170696,pure_lateral,lat->lat,lat,lat,0,0,4,2282,12,1.075,27313,11.969,LO,3,2,2,"[ME.LOL3, ME.LOPL3] -> LOL3 -> [LO.LOPL3, MEL3]",ME.LO,3,ME.LOP,3,LO.LOP,3,ME,3
17718585824,pure_lateral,lat->lat,lat,lat,0,0,4,2282,9,1.065,27313,11.969,LO,3,2,2,"[LO.LOPL3, ME.LOL3] -> LOL3 -> [MEL3, ME.LOPL3]",LO.LOP,3,ME.LO,3,ME,3,ME.LOP,3
11650822034,pure_lateral,lat->lat,lat,lat,0,0,4,2282,5,1.064,27313,11.969,LO,3,2,2,"[LO.LOPL3, ME.LOPL3] -> LOL3 -> [MEL3, ME.LOL3]",LO.LOP,3,ME.LOP,3,ME,3,ME.LO,3
3301114661,pure_lateral,lat->lat,lat,lat,0,0,4,2282,8,1.0,18604,8.152,LO,3,2,2,"[LO.MEL3, MEL3] -> LOL3 -> [LO.LOPL3, ME.LOPL3]",LO.ME,3,ME,3,LO.LOP,3,ME.LOP,3
2101992816,pure_lateral,lat->lat,lat,lat,0,0,4,1,1,1.0,2787,2787.0,MB_ML.MB_CA,3,2,2,"[MB_CA.CREL3, MB_CA.MB_PEDL3] -> MB_ML.MB_CAL3 -> [MB_CA.MB_MLL3, MB_CA.MB_VLL3]",MB_CA.CRE,3,MB_CA.MB_PED,3,MB_CA.MB_ML,3,MB_CA.MB_VL,3
2101992816,pure_lateral,lat->lat,lat,lat,0,0,4,1,1,1.0,2787,2787.0,MB_ML.MB_CA,3,2,2,"[MB_CA.MB_MLL3, MB_CA.MB_PEDL3] -> MB_ML.MB_CAL3 -> [MB_CA.CREL3, MB_CA.MB_VLL3]",MB_CA.MB_ML,3,MB_CA.MB_PED,3,MB_CA.CRE,3,MB_CA.MB_VL,3
2101992816,pure_lateral,lat->lat,lat,lat,0,0,4,1,1,1.0,2787,2787.0,MB_ML.MB_CA,3,2,2,"[MB_CA.MB_PEDL3, MB_CA.MB_VLL3] -> MB_ML.MB_CAL3 -> [MB_CA.CREL3, MB_CA.MB_MLL3]",MB_CA.MB_PED,3,MB_CA.MB_VL,3,MB_CA.CRE,3,MB_CA.MB_ML,3
2088343512,pure_lateral,lat->lat,lat,lat,0,0,4,1,1,1.0,2787,2787.0,MB_ML.MB_CA,3,2,2,"[MB_CA.CREL3, MB_CA.MB_MLL3] -> MB_ML.MB_CAL3 -> [MB_CA.MB_PEDL3, MB_CA.MB_VLL3]",MB_CA.CRE,3,MB_CA.MB_ML,3,MB_CA.MB_PED,3,MB_CA.MB_VL,3
2088343512,pure_lateral,lat->lat,lat,lat,0,0,4,1,1,1.0,2787,2787.0,MB_ML.MB_CA,3,2,2,"[MB_CA.CREL3, MB_CA.MB_VLL3] -> MB_ML.MB_CAL3 -> [MB_CA.MB_MLL3, MB_CA.MB_PEDL3]",MB_CA.CRE,3,MB_CA.MB_VL,3,MB_CA.MB_ML,3,MB_CA.MB_PED,3
2088343512,pure_lateral,lat->lat,lat,lat,0,0,4,1,1,1.0,2787,2787.0,MB_ML.MB_CA,3,2,2,"[MB_CA.MB_MLL3, MB_CA.MB_VLL3] -> MB_ML.MB_CAL3 -> [MB_CA.CREL3, MB_CA.MB_PEDL3]",MB_CA.MB_ML,3,MB_CA.MB_VL,3,MB_CA.CRE,3,MB_CA.MB_PED,3
1650556800,pure_lateral,lat->lat,lat,lat,0,0,4,2282,1,1.0,18450,8.085,LO,3,2,2,"[FB.LOL3, MEL3] -> LOL3 -> [LO.LOPL3, ME.LOPL3]",FB.LO,3,ME,3,LO.LOP,3,ME.LOP,3
1370864880,pure_lateral,lat->lat,lat,lat,0,0,4,1,1,1.0,2732,2732.0,MB_ML.MB_CA,3,2,2,"[MB_CA.MB_PEDL3, PLP.CREL3] -> MB_ML.MB_CAL3 -> [MB_CA.MB_MLL3, MB_CA.MB_VLL3]",MB_CA.MB_PED,3,PLP.CRE,3,MB_CA.MB_ML,3,MB_CA.MB_VL,3
1361963160,pure_lateral,lat->lat,lat,lat,0,0,4,1,1,1.0,2732,2732.0,MB_ML.MB_CA,3,2,2,"[MB_CA.MB_MLL3, PLP.CREL3] -> MB_ML.MB_CAL3 -> [MB_CA.MB_PEDL3, MB_CA.MB_VLL3]",MB_CA.MB_ML,3,PLP.CRE,3,MB_CA.MB_PED,3,MB_CA.MB_VL,3
1361963160,pure_lateral,lat->lat,lat,lat,0,0,4,1,1,1.0,2732,2732.0,MB_ML.MB_CA,3,2,2,"[MB_CA.MB_VLL3, PLP.CREL3] -> MB_ML.MB_CAL3 -> [MB_CA.MB_MLL3, MB_CA.MB_PEDL3]",MB_CA.MB_VL,3,PLP.CRE,3,MB_CA.MB_ML,3,MB_CA.MB_PED,3
1348266843,pure_lateral,lat->lat,lat,lat,0,0,4,2282,8,1.0,18571,8.138,LO,3,2,2,"[LOP.LOL3, MEL3] -> LOL3 -> [LO.LOPL3, ME.LOPL3]",LOP.LO,3,ME,3,LO.LOP,3,ME.LOP,3
1348263303,pure_lateral,lat->lat,lat,lat,0,0,4,2282,5,1.0,18484,8.1,LO,3,2,2,"[MEL3, PVLP.LOL3] -> LOL3 -> [LO.LOPL3, ME.LOPL3]",ME,3,PVLP.LO,3,LO.LOP,3,ME.LOP,3
1348261960,pure_lateral,lat->lat,lat,lat,0,0,4,2282,1,1.0,18665,8.179,LO,3,2,2,"[LO.PLPL3, MEL3] -> LOL3 -> [LO.LOPL3, ME.LOPL3]",LO.PLP,3,ME,3,LO.LOP,3,ME.LOP,3
1279473888,pure_lateral,lat->lat,lat,lat,0,0,4,1,1,1.0,2732,2732.0,MB_ML.MB_CA,3,2,2,"[MB_CA.MB_MLL3, MB_CA.MB_PEDL3] -> MB_ML.MB_CAL3 -> [MB_CA.MB_VLL3, PLP.CREL3]",MB_CA.MB_ML,3,MB_CA.MB_PED,3,MB_CA.MB_VL,3,PLP.CRE,3
1279473888,pure_lateral,lat->lat,lat,lat,0,0,4,1,1,1.0,2732,2732.0,MB_ML.MB_CA,3,2,2,"[MB_CA.MB_PEDL3, MB_CA.MB_VLL3] -> MB_ML.MB_CAL3 -> [MB_CA.MB_MLL3, PLP.CREL3]",MB_CA.MB_PED,3,MB_CA.MB_VL,3,MB_CA.MB_ML,3,PLP.CRE,3
1271165616,pure_lateral,lat->lat,lat,lat,0,0,4,1,1,1.0,2732,2732.0,MB_ML.MB_CA,3,2,2,"[MB_CA.MB_MLL3, MB_CA.MB_VLL3] -> MB_ML.MB_CAL3 -> [MB_CA.MB_PEDL3, PLP.CREL3]",MB_CA.MB_ML,3,MB_CA.MB_VL,3,MB_CA.MB_PED,3,PLP.CRE,3
1217285970,pure_lateral,lat->lat,lat,lat,0,0,4,2282,4,1.0,19526,8.557,LO,3,2,2,"[MEL3, ME.LOPL3] -> LOL3 -> [LO.LOPL3, LOPL3]",ME,3,ME.LOP,3,LO.LOP,3,LOP,3
1217285640,pure_lateral,lat->lat,lat,lat,0,0,4,2282,1,1.0,18450,8.085,LO,3,2,2,"[MEL3, ME.LOPL3] -> LOL3 -> [FB.LOL3, LO.LOPL3]",ME,3,ME.LOP,3,FB.LO,3,LO.LOP,3
1097501996,pure_lateral,lat->lat,lat,lat,0,0,4,52,1,1.0,2787,53.596,MB_ML,3,2,2,"[MB_CA.CREL3, MB_CA.MB_MLL3] -> MB_MLL3 -> [MB_CA.MB_PEDL3, MB_CA.MB_VLL3]",MB_CA.CRE,3,MB_CA.MB_ML,3,MB_CA.MB_PED,3,MB_CA.MB_VL,3
1097501996,pure_lateral,lat->lat,lat,lat,0,0,4,52,1,1.0,2787,53.596,MB_ML,3,2,2,"[MB_CA.CREL3, MB_CA.MB_PEDL3] -> MB_MLL3 -> [MB_CA.MB_MLL3, MB_CA.MB_VLL3]",MB_CA.CRE,3,MB_CA.MB_PED,3,MB_CA.MB_ML,3,MB_CA.MB_VL,3
1097501996,pure_lateral,lat->lat,lat,lat,0,0,4,52,1,1.0,2787,53.596,MB_ML,3,2,2,"[MB_CA.CREL3, MB_CA.MB_VLL3] -> MB_MLL3 -> [MB_CA.MB_MLL3, MB_CA.MB_PEDL3]",MB_CA.CRE,3,MB_CA.MB_VL,3,MB_CA.MB_ML,3,MB_CA.MB_PED,3
1097501996,pure_lateral,lat->lat,lat,lat,0,0,4,52,1,1.0,2787,53.596,MB_ML,3,2,2,"[MB_CA.MB_MLL3, MB_CA.MB_PEDL3] -> MB_MLL3 -> [MB_CA.CREL3, MB_CA.MB_VLL3]",MB_CA.MB_ML,3,MB_CA.MB_PED,3,MB_CA.CRE,3,MB_CA.MB_VL,3
1097501996,pure_lateral,lat->lat,lat,lat,0,0,4,52,1,1.0,2787,53.596,MB_ML,3,2,2,"[MB_CA.MB_MLL3, MB_CA.MB_VLL3] -> MB_MLL3 -> [MB_CA.CREL3, MB_CA.MB_PEDL3]",MB_CA.MB_ML,3,MB_CA.MB_VL,3,MB_CA.CRE,3,MB_CA.MB_PED,3
1097501996,pure_lateral,lat->lat,lat,lat,0,0,4,52,1,1.0,2787,53.596,MB_ML,3,2,2,"[MB_CA.MB_PEDL3, MB_CA.MB_VLL3] -> MB_MLL3 -> [MB_CA.CREL3, MB_CA.MB_MLL3]",MB_CA.MB_PED,3,MB_CA.MB_VL,3,MB_CA.CRE,3,MB_CA.MB_ML,3
912919593,pure_lateral,lat->lat,lat,lat,0,0,4,2282,2,1.0,18797,8.237,LO,3,2,2,"[MEL3, ME.LOPL3] -> LOL3 -> [LO.LOPL3, LOP.PLPL3]",ME,3,ME.LOP,3,LO.LOP,3,LOP.PLP,3
661703173,pure_lateral,lat->lat,lat,lat,0,0,4,2282,5,1.0,19526,8.557,LO,3,2,2,"[LO.LOPL3, MEL3] -> LOL3 -> [LOPL3, ME.LOPL3]",LO.LOP,3,ME,3,LOP,3,ME.LOP,3
661703040,pure_lateral,lat->lat,lat,lat,0,0,4,2282,1,1.0,18450,8.085,LO,3,2,2,"[LO.LOPL3, MEL3] -> LOL3 -> [FB.LOL3, ME.LOPL3]",LO.LOP,3,ME,3,FB.LO,3,ME.LOP,3
614218680,pure_lateral,lat->lat,lat,lat,0,0,4,1,1,1.0,2581,2581.0,MB_ML.MB_CA,3,2,2,"[MB_CA.CREL3, PLP.CREL3] -> MB_ML.MB_CAL3 -> [MB_CA.MB_MLL3, MB_CA.MB_VLL3]",MB_CA.CRE,3,PLP.CRE,3,MB_CA.MB_ML,3,MB_CA.MB_VL,3
614218680,pure_lateral,lat->lat,lat,lat,0,0,4,1,1,1.0,2581,2581.0,MB_ML.MB_CA,3,2,2,"[MB_CA.MB_MLL3, PLP.CREL3] -> MB_ML.MB_CAL3 -> [MB_CA.CREL3, MB_CA.MB_VLL3]",MB_CA.MB_ML,3,PLP.CRE,3,MB_CA.CRE,3,MB_CA.MB_VL,3
614218680,pure_lateral,lat->lat,lat,lat,0,0,4,1,1,1.0,2581,2581.0,MB_ML.MB_CA,3,2,2,"[MB_CA.MB_VLL3, PLP.CREL3] -> MB_ML.MB_CAL3 -> [MB_CA.CREL3, MB_CA.MB_MLL3]",MB_CA.MB_VL,3,PLP.CRE,3,MB_CA.CRE,3,MB_CA.MB_ML,3
611722424,pure_lateral,lat->lat,lat,lat,0,0,4,52,1,1.0,2706,52.038,MB_ML,3,2,2,"[MB_CA.MB_MLL3, MB_CA.MB_PEDL3] -> MB_MLL3 -> [MB_CA.MB_VLL3, PLP.MB_MLL3]",MB_CA.MB_ML,3,MB_CA.MB_PED,3,MB_CA.MB_VL,3,PLP.MB_ML,3
611722424,pure_lateral,lat->lat,lat,lat,0,0,4,52,1,1.0,2706,52.038,MB_ML,3,2,2,"[MB_CA.MB_MLL3, MB_CA.MB_VLL3] -> MB_MLL3 -> [MB_CA.MB_PEDL3, PLP.MB_MLL3]",MB_CA.MB_ML,3,MB_CA.MB_VL,3,MB_CA.MB_PED,3,PLP.MB_ML,3
611722424,pure_lateral,lat->lat,lat,lat,0,0,4,52,1,1.0,2706,52.038,MB_ML,3,2,2,"[MB_CA.MB_MLL3, PLP.MB_MLL3] -> MB_MLL3 -> [MB_CA.MB_PEDL3, MB_CA.MB_VLL3]",MB_CA.MB_ML,3,PLP.MB_ML,3,MB_CA.MB_PED,3,MB_CA.MB_VL,3
611722424,pure_lateral,lat->lat,lat,lat,0,0,4,52,1,1.0,2706,52.038,MB_ML,3,2,2,"[MB_CA.MB_PEDL3, MB_CA.MB_VLL3] -> MB_MLL3 -> [MB_CA.MB_MLL3, PLP.MB_MLL3]",MB_CA.MB_PED,3,MB_CA.MB_VL,3,MB_CA.MB_ML,3,PLP.MB_ML,3
611722424,pure_lateral,lat->lat,lat,lat,0,0,4,52,1,1.0,2706,52.038,MB_ML,3,2,2,"[MB_CA.MB_PEDL3, PLP.MB_MLL3] -> MB_MLL3 -> [MB_CA.MB_MLL3, MB_CA.MB_VLL3]",MB_CA.MB_PED,3,PLP.MB_ML,3,MB_CA.MB_ML,3,MB_CA.MB_VL,3
611722424,pure_lateral,lat->lat,lat,lat,0,0,4,52,1,1.0,2706,52.038,MB_ML,3,2,2,"[MB_CA.MB_VLL3, PLP.MB_MLL3] -> MB_MLL3 -> [MB_CA.MB_MLL3, MB_CA.MB_PEDL3]",MB_CA.MB_VL,3,PLP.MB_ML,3,MB_CA.MB_ML,3,MB_CA.MB_PED,3
609273280,pure_lateral,lat->lat,lat,lat,0,0,4,1,1,1.0,2687,2687.0,MB_ML.MB_CA,3,2,2,"[MB_CA.MB_PEDL3, PLP.MB_PEDL3] -> MB_ML.MB_CAL3 -> [MB_CA.MB_MLL3, MB_CA.MB_VLL3]",MB_CA.MB_PED,3,PLP.MB_PED,3,MB_CA.MB_ML,3,MB_CA.MB_VL,3
605316960,pure_lateral,lat->lat,lat,lat,0,0,4,1,1,1.0,2687,2687.0,MB_ML.MB_CA,3,2,2,"[MB_CA.MB_MLL3, PLP.MB_PEDL3] -> MB_ML.MB_CAL3 -> [MB_CA.MB_PEDL3, MB_CA.MB_VLL3]",MB_CA.MB_ML,3,PLP.MB_PED,3,MB_CA.MB_PED,3,MB_CA.MB_VL,3
605316960,pure_lateral,lat->lat,lat,lat,0,0,4,1,1,1.0,2687,2687.0,MB_ML.MB_CA,3,2,2,"[MB_CA.MB_VLL3, PLP.MB_PEDL3] -> MB_ML.MB_CAL3 -> [MB_CA.MB_MLL3, MB_CA.MB_PEDL3]",MB_CA.MB_VL,3,PLP.MB_PED,3,MB_CA.MB_ML,3,MB_CA.MB_PED,3
578809616,pure_lateral,lat->lat,lat,lat,0,0,4,1,1,1.0,2687,2687.0,MB_ML.MB_CA,3,2,2,"[MB_CA.MB_MLL3, MB_CA.MB_PEDL3] -> MB_ML.MB_CAL3 -> [MB_CA.MB_VLL3, PLP.MB_PEDL3]",MB_CA.MB_ML,3,MB_CA.MB_PED,3,MB_CA.MB_VL,3,PLP.MB_PED,3
578809616,pure_lateral,lat->lat,lat,lat,0,0,4,1,1,1.0,2687,2687.0,MB_ML.MB_CA,3,2,2,"[MB_CA.MB_PEDL3, MB_CA.MB_VLL3] -> MB_ML.MB_CAL3 -> [MB_CA.MB_MLL3, PLP.MB_PEDL3]",MB_CA.MB_PED,3,MB_CA.MB_VL,3,MB_CA.MB_ML,3,PLP.MB_PED,3
575051112,pure_lateral,lat->lat,lat,lat,0,0,4,1,1,1.0,2687,2687.0,MB_ML.MB_CA,3,2,2,"[MB_CA.MB_MLL3, MB_CA.MB_VLL3] -> MB_ML.MB_CAL3 -> [MB_CA.MB_PEDL3, PLP.MB_PEDL3]",MB_CA.MB_ML,3,MB_CA.MB_VL,3,MB_CA.MB_PED,3,PLP.MB_PED,3
574273692,pure_lateral,lat->lat,lat,lat,0,0,4,2282,2,1.0,18797,8.237,LO,3,2,2,"[LO.LOPL3, MEL3] -> LOL3 -> [LOP.PLPL3, ME.LOPL3]",LO.LOP,3,ME,3,LOP.PLP,3,ME.LOP,3
573270768,pure_lateral,lat->lat,lat,lat,0,0,4,1,1,1.0,2581,2581.0,MB_ML.MB_CA,3,2,2,"[MB_CA.CREL3, MB_CA.MB_MLL3] -> MB_ML.MB_CAL3 -> [MB_CA.MB_VLL3, PLP.CREL3]",MB_CA.CRE,3,MB_CA.MB_ML,3,MB_CA.MB_VL,3,PLP.CRE,3
573270768,pure_lateral,lat->lat,lat,lat,0,0,4,1,1,1.0,2581,2581.0,MB_ML.MB_CA,3,2,2,"[MB_CA.CREL3, MB_CA.MB_VLL3] -> MB_ML.MB_CAL3 -> [MB_CA.MB_MLL3, PLP.CREL3]",MB_CA.CRE,3,MB_CA.MB_VL,3,MB_CA.MB_ML,3,PLP.CRE,3
573270768,pure_lateral,lat->lat,lat,lat,0,0,4,1,1,1.0,2581,2581.0,MB_ML.MB_CA,3,2,2,"[MB_CA.MB_MLL3, MB_CA.MB_VLL3] -> MB_ML.MB_CAL3 -> [MB_CA.CREL3, PLP.CREL3]",MB_CA.MB_ML,3,MB_CA.MB_VL,3,MB_CA.CRE,3,PLP.CRE,3
456954960,pure_lateral,lat->lat,lat,lat,0,0,4,1,1,1.0,2706,2706.0,MB_ML.MB_CA,3,2,2,"[MB_CA.MB_MLL3, MB_CA.MB_PEDL3] -> MB_ML.MB_CAL3 -> [MB_CA.MB_VLL3, PLP.MB_MLL3]",MB_CA.MB_ML,3,MB_CA.MB_PED,3,MB_CA.MB_VL,3,PLP.MB_ML,3
456954960,pure_lateral,lat->lat,lat,lat,0,0,4,1,1,1.0,2706,2706.0,MB_ML.MB_CA,3,2,2,"[MB_CA.MB_PEDL3, MB_CA.MB_VLL3] -> MB_ML.MB_CAL3 -> [MB_CA.MB_MLL3, PLP.MB_MLL3]",MB_CA.MB_PED,3,MB_CA.MB_VL,3,MB_CA.MB_ML,3,PLP.MB_ML,3
456954960,pure_lateral,lat->lat,lat,lat,0,0,4,1,1,1.0,2709,2709.0,MB_ML.MB_CA,3,2,2,"[MB_CA.MB_PEDL3, MB_MLL3] -> MB_ML.MB_CAL3 -> [MB_CA.MB_MLL3, MB_CA.MB_VLL3]",MB_CA.MB_PED,3,MB_ML,3,MB_CA.MB_ML,3,MB_CA.MB_VL,3
456954960,pure_lateral,lat->lat,lat,lat,0,0,4,1,1,1.0,2706,2706.0,MB_ML.MB_CA,3,2,2,"[MB_CA.MB_PEDL3, PLP.MB_MLL3] -> MB_ML.MB_CAL3 -> [MB_CA.MB_MLL3, MB_CA.MB_VLL3]",MB_CA.MB_PED,3,PLP.MB_ML,3,MB_CA.MB_ML,3,MB_CA.MB_VL,3
453987720,pure_lateral,lat->lat,lat,lat,0,0,4,1,1,1.0,2706,2706.0,MB_ML.MB_CA,3,2,2,"[MB_CA.MB_MLL3, MB_CA.MB_VLL3] -> MB_ML.MB_CAL3 -> [MB_CA.MB_PEDL3, PLP.MB_MLL3]",MB_CA.MB_ML,3,MB_CA.MB_VL,3,MB_CA.MB_PED,3,PLP.MB_ML,3
453987720,pure_lateral,lat->lat,lat,lat,0,0,4,1,1,1.0,2709,2709.0,MB_ML.MB_CA,3,2,2,"[MB_CA.MB_MLL3, MB_MLL3] -> MB_ML.MB_CAL3 -> [MB_CA.MB_PEDL3, MB_CA.MB_VLL3]",MB_CA.MB_ML,3,MB_ML,3,MB_CA.MB_PED,3,MB_CA.MB_VL,3
453987720,pure_lateral,lat->lat,lat,lat,0,0,4,1,1,1.0,2706,2706.0,MB_ML.MB_CA,3,2,2,"[MB_CA.MB_MLL3, PLP.MB_MLL3] -> MB_ML.MB_CAL3 -> [MB_CA.MB_PEDL3, MB_CA.MB_VLL3]",MB_CA.MB_ML,3,PLP.MB_ML,3,MB_CA.MB_PED,3,MB_CA.MB_VL,3
453987720,pure_lateral,lat->lat,lat,lat,0,0,4,1,1,1.0,2709,2709.0,MB_ML.MB_CA,3,2,2,"[MB_CA.MB_VLL3, MB_MLL3] -> MB_ML.MB_CAL3 -> [MB_CA.MB_MLL3, MB_CA.MB_PEDL3]",MB_CA.MB_VL,3,MB_ML,3,MB_CA.MB_ML,3,MB_CA.MB_PED,3
453987720,pure_lateral,lat->lat,lat,lat,0,0,4,1,1,1.0,2706,2706.0,MB_ML.MB_CA,3,2,2,"[MB_CA.MB_VLL3, PLP.MB_MLL3] -> MB_ML.MB_CAL3 -> [MB_CA.MB_MLL3, MB_CA.MB_PEDL3]",MB_CA.MB_VL,3,PLP.MB_ML,3,MB_CA.MB_ML,3,MB_CA.MB_PED,3
365563968,pure_lateral,lat->lat,lat,lat,0,0,4,1,1,1.0,2709,2709.0,MB_ML.MB_CA,3,2,2,"[MB_CA.MB_MLL3, MB_CA.MB_PEDL3] -> MB_ML.MB_CAL3 -> [MB_CA.MB_VLL3, MB_MLL3]",MB_CA.MB_ML,3,MB_CA.MB_PED,3,MB_CA.MB_VL,3,MB_ML,3
365563968,pure_lateral,lat->lat,lat,lat,0,0,4,1,1,1.0,2709,2709.0,MB_ML.MB_CA,3,2,2,"[MB_CA.MB_PEDL3, MB_CA.MB_VLL3] -> MB_ML.MB_CAL3 -> [MB_CA.MB_MLL3, MB_MLL3]",MB_CA.MB_PED,3,MB_CA.MB_VL,3,MB_CA.MB_ML,3,MB_ML,3
363190176,pure_lateral,lat->lat,lat,lat,0,0,4,1,1,1.0,2709,2709.0,MB_ML.MB_CA,3,2,2,"[MB_CA.MB_MLL3, MB_CA.MB_VLL3] -> MB_ML.MB_CAL3 -> [MB_CA.MB_PEDL3, MB_MLL3]",MB_CA.MB_ML,3,MB_CA.MB_VL,3,MB_CA.MB_PED,3,MB_ML,3
359836720,pure_lateral,lat->lat,lat,lat,0,0,4,52,1,1.0,2732,52.538,MB_ML,3,2,2,"[MB_CA.MB_MLL3, MB_CA.MB_PEDL3] -> MB_MLL3 -> [MB_CA.MB_VLL3, PLP.CREL3]",MB_CA.MB_ML,3,MB_CA.MB_PED,3,MB_CA.MB_VL,3,PLP.CRE,3
359836720,pure_lateral,lat->lat,lat,lat,0,0,4,52,1,1.0,2679,51.519,MB_ML,3,2,2,"[MB_CA.MB_MLL3, MB_CA.MB_PEDL3] -> MB_MLL3 -> [MB_CA.MB_VLL3, SCL.MB_MLL3]",MB_CA.MB_ML,3,MB_CA.MB_PED,3,MB_CA.MB_VL,3,SCL.MB_ML,3
359836720,pure_lateral,lat->lat,lat,lat,0,0,4,52,1,1.0,2732,52.538,MB_ML,3,2,2,"[MB_CA.MB_MLL3, MB_CA.MB_VLL3] -> MB_MLL3 -> [MB_CA.MB_PEDL3, PLP.CREL3]",MB_CA.MB_ML,3,MB_CA.MB_VL,3,MB_CA.MB_PED,3,PLP.CRE,3
359836720,pure_lateral,lat->lat,lat,lat,0,0,4,52,1,1.0,2679,51.519,MB_ML,3,2,2,"[MB_CA.MB_MLL3, MB_CA.MB_VLL3] -> MB_MLL3 -> [MB_CA.MB_PEDL3, SCL.MB_MLL3]",MB_CA.MB_ML,3,MB_CA.MB_VL,3,MB_CA.MB_PED,3,SCL.MB_ML,3
359836720,pure_lateral,lat->lat,lat,lat,0,0,4,52,1,1.0,2732,52.538,MB_ML,3,2,2,"[MB_CA.MB_MLL3, PLP.CREL3] -> MB_MLL3 -> [MB_CA.MB_PEDL3, MB_CA.MB_VLL3]",MB_CA.MB_ML,3,PLP.CRE,3,MB_CA.MB_PED,3,MB_CA.MB_VL,3
359836720,pure_lateral,lat->lat,lat,lat,0,0,4,52,1,1.0,2679,51.519,MB_ML,3,2,2,"[MB_CA.MB_MLL3, SCL.MB_MLL3] -> MB_MLL3 -> [MB_CA.MB_PEDL3, MB_CA.MB_VLL3]",MB_CA.MB_ML,3,SCL.MB_ML,3,MB_CA.MB_PED,3,MB_CA.MB_VL,3
359836720,pure_lateral,lat->lat,lat,lat,0,0,4,52,1,1.0,2732,52.538,MB_ML,3,2,2,"[MB_CA.MB_PEDL3, MB_CA.MB_VLL3] -> MB_MLL3 -> [MB_CA.MB_MLL3, PLP.CREL3]",MB_CA.MB_PED,3,MB_CA.MB_VL,3,MB_CA.MB_ML,3,PLP.CRE,3
359836720,pure_lateral,lat->lat,lat,lat,0,0,4,52,1,1.0,2679,51.519,MB_ML,3,2,2,"[MB_CA.MB_PEDL3, MB_CA.MB_VLL3] -> MB_MLL3 -> [MB_CA.MB_MLL3, SCL.MB_MLL3]",MB_CA.MB_PED,3,MB_CA.MB_VL,3,MB_CA.MB_ML,3,SCL.MB_ML,3
359836720,pure_lateral,lat->lat,lat,lat,0,0,4,52,1,1.0,2732,52.538,MB_ML,3,2,2,"[MB_CA.MB_PEDL3, PLP.CREL3] -> MB_MLL3 -> [MB_CA.MB_MLL3, MB_CA.MB_VLL3]",MB_CA.MB_PED,3,PLP.CRE,3,MB_CA.MB_ML,3,MB_CA.MB_VL,3
359836720,pure_lateral,lat->lat,lat,lat,0,0,4,52,1,1.0,2679,51.519,MB_ML,3,2,2,"[MB_CA.MB_PEDL3, SCL.MB_MLL3] -> MB_MLL3 -> [MB_CA.MB_MLL3, MB_CA.MB_VLL3]",MB_CA.MB_PED,3,SCL.MB_ML,3,MB_CA.MB_ML,3,MB_CA.MB_VL,3
359836720,pure_lateral,lat->lat,lat,lat,0,0,4,52,1,1.0,2732,52.538,MB_ML,3,2,2,"[MB_CA.MB_VLL3, PLP.CREL3] -> MB_MLL3 -> [MB_CA.MB_MLL3, MB_CA.MB_PEDL3]",MB_CA.MB_VL,3,PLP.CRE,3,MB_CA.MB_ML,3,MB_CA.MB_PED,3
359836720,pure_lateral,lat->lat,lat,lat,0,0,4,52,1,1.0,2679,51.519,MB_ML,3,2,2,"[MB_CA.MB_VLL3, SCL.MB_MLL3] -> MB_MLL3 -> [MB_CA.MB_MLL3, MB_CA.MB_PEDL3]",MB_CA.MB_VL,3,SCL.MB_ML,3,MB_CA.MB_ML,3,MB_CA.MB_PED,3
348738952,pure_lateral,lat->lat,lat,lat,0,0,4,52,1,1.0,2416,46.462,MB_ML,3,2,2,"[MB_CA.CREL3, MB_CA.MB_MLL3] -> MB_MLL3 -> [MB_CA.MB_PEDL3, PLP.MB_MLL3]",MB_CA.CRE,3,MB_CA.MB_ML,3,MB_CA.MB_PED,3,PLP.MB_ML,3
348738952,pure_lateral,lat->lat,lat,lat,0,0,4,52,1,1.0,2416,46.462,MB_ML,3,2,2,"[MB_CA.CREL3, MB_CA.MB_PEDL3] -> MB_MLL3 -> [MB_CA.MB_MLL3, PLP.MB_MLL3]",MB_CA.CRE,3,MB_CA.MB_PED,3,MB_CA.MB_ML,3,PLP.MB_ML,3
348738952,pure_lateral,lat->lat,lat,lat,0,0,4,52,1,1.0,2416,46.462,MB_ML,3,2,2,"[MB_CA.CREL3, PLP.MB_MLL3] -> MB_MLL3 -> [MB_CA.MB_MLL3, MB_CA.MB_PEDL3]",MB_CA.CRE,3,PLP.MB_ML,3,MB_CA.MB_ML,3,MB_CA.MB_PED,3
348738952,pure_lateral,lat->lat,lat,lat,0,0,4,52,1,1.0,2416,46.462,MB_ML,3,2,2,"[MB_CA.MB_MLL3, MB_CA.MB_PEDL3] -> MB_MLL3 -> [MB_CA.CREL3, PLP.MB_MLL3]",MB_CA.MB_ML,3,MB_CA.MB_PED,3,MB_CA.CRE,3,PLP.MB_ML,3
348738952,pure_lateral,lat->lat,lat,lat,0,0,4,52,1,1.0,2416,46.462,MB_ML,3,2,2,"[MB_CA.MB_MLL3, PLP.MB_MLL3] -> MB_MLL3 -> [MB_CA.CREL3, MB_CA.MB_PEDL3]",MB_CA.MB_ML,3,PLP.MB_ML,3,MB_CA.CRE,3,MB_CA.MB_PED,3
348738952,pure_lateral,lat->lat,lat,lat,0,0,4,52,1,1.0,2416,46.462,MB_ML,3,2,2,"[MB_CA.MB_PEDL3, PLP.MB_MLL3] -> MB_MLL3 -> [MB_CA.CREL3, MB_CA.MB_MLL3]",MB_CA.MB_PED,3,PLP.MB_ML,3,MB_CA.CRE,3,MB_CA.MB_ML,3
314815974,pure_lateral,lat->lat,lat,lat,0,0,4,2282,8,1.0,16726,7.33,LO,3,2,2,"[LOP.LOL3, ME.LOL3] -> LOL3 -> [LO.LOPL3, ME.LOPL3]",LOP.LO,3,ME.LO,3,LO.LOP,3,ME.LOP,3
314799707,pure_lateral,lat->lat,lat,lat,0,0,4,2282,5,1.0,16639,7.291,LO,3,2,2,"[ME.LOL3, PVLP.LOL3] -> LOL3 -> [LO.LOPL3, ME.LOPL3]",ME.LO,3,PVLP.LO,3,LO.LOP,3,ME.LOP,3
314792440,pure_lateral,lat->lat,lat,lat,0,0,4,2282,1,1.0,16820,7.371,LO,3,2,2,"[LO.PLPL3, ME.LOL3] -> LOL3 -> [LO.LOPL3, ME.LOPL3]",LO.PLP,3,ME.LO,3,LO.LOP,3,ME.LOP,3
302203440,pure_lateral,lat->lat,lat,lat,0,0,4,1,1,1.0,2442,2442.0,MB_ML.MB_CA,3,2,2,"[MB_CA.MB_PEDL3, PLP.CREL3] -> MB_ML.MB_CAL3 -> [MB_CA.CREL3, MB_CA.MB_MLL3]",MB_CA.MB_PED,3,PLP.CRE,3,MB_CA.CRE,3,MB_CA.MB_ML,3
300241080,pure_lateral,lat->lat,lat,lat,0,0,4,1,1,1.0,2442,2442.0,MB_ML.MB_CA,3,2,2,"[MB_CA.CREL3, PLP.CREL3] -> MB_ML.MB_CAL3 -> [MB_CA.MB_MLL3, MB_CA.MB_PEDL3]",MB_CA.CRE,3,PLP.CRE,3,MB_CA.MB_ML,3,MB_CA.MB_PED,3
300241080,pure_lateral,lat->lat,lat,lat,0,0,4,1,1,1.0,2442,2442.0,MB_ML.MB_CA,3,2,2,"[MB_CA.MB_MLL3, PLP.CREL3] -> MB_ML.MB_CAL3 -> [MB_CA.CREL3, MB_CA.MB_PEDL3]",MB_CA.MB_ML,3,PLP.CRE,3,MB_CA.CRE,3,MB_CA.MB_PED,3
293819432,pure_lateral,lat->lat,lat,lat,0,0,4,52,1,1.0,2555,49.135,MB_ML,3,2,2,"[MB_CA.CREL3, MB_CA.MB_MLL3] -> MB_MLL3 -> [MB_CA.MB_VLL3, PLP.MB_MLL3]",MB_CA.CRE,3,MB_CA.MB_ML,3,MB_CA.MB_VL,3,PLP.MB_ML,3
293819432,pure_lateral,lat->lat,lat,lat,0,0,4,52,1,1.0,2555,49.135,MB_ML,3,2,2,"[MB_CA.CREL3, MB_CA.MB_VLL3] -> MB_MLL3 -> [MB_CA.MB_MLL3, PLP.MB_MLL3]",MB_CA.CRE,3,MB_CA.MB_VL,3,MB_CA.MB_ML,3,PLP.MB_ML,3
293819432,pure_lateral,lat->lat,lat,lat,0,0,4,52,1,1.0,2555,49.135,MB_ML,3,2,2,"[MB_CA.CREL3, PLP.MB_MLL3] -> MB_MLL3 -> [MB_CA.MB_MLL3, MB_CA.MB_VLL3]",MB_CA.CRE,3,PLP.MB_ML,3,MB_CA.MB_ML,3,MB_CA.MB_VL,3
293819432,pure_lateral,lat->lat,lat,lat,0,0,4,52,1,1.0,2555,49.135,MB_ML,3,2,2,"[MB_CA.MB_MLL3, MB_CA.MB_VLL3] -> MB_MLL3 -> [MB_CA.CREL3, PLP.MB_MLL3]",MB_CA.MB_ML,3,MB_CA.MB_VL,3,MB_CA.CRE,3,PLP.MB_ML,3
293819432,pure_lateral,lat->lat,lat,lat,0,0,4,52,1,1.0,2555,49.135,MB_ML,3,2,2,"[MB_CA.MB_MLL3, PLP.MB_MLL3] -> MB_MLL3 -> [MB_CA.CREL3, MB_CA.MB_VLL3]",MB_CA.MB_ML,3,PLP.MB_ML,3,MB_CA.CRE,3,MB_CA.MB_VL,3
293819432,pure_lateral,lat->lat,lat,lat,0,0,4,52,1,1.0,2555,49.135,MB_ML,3,2,2,"[MB_CA.MB_VLL3, PLP.MB_MLL3] -> MB_MLL3 -> [MB_CA.CREL3, MB_CA.MB_MLL3]",MB_CA.MB_VL,3,PLP.MB_ML,3,MB_CA.CRE,3,MB_CA.MB_ML,3
282056544,pure_lateral,lat->lat,lat,lat,0,0,4,1,1,1.0,2442,2442.0,MB_ML.MB_CA,3,2,2,"[MB_CA.CREL3, MB_CA.MB_PEDL3] -> MB_ML.MB_CAL3 -> [MB_CA.MB_MLL3, PLP.CREL3]",MB_CA.CRE,3,MB_CA.MB_PED,3,MB_CA.MB_ML,3,PLP.CRE,3
282056544,pure_lateral,lat->lat,lat,lat,0,0,4,1,1,1.0,2442,2442.0,MB_ML.MB_CA,3,2,2,"[MB_CA.MB_MLL3, MB_CA.MB_PEDL3] -> MB_ML.MB_CAL3 -> [MB_CA.CREL3, PLP.CREL3]",MB_CA.MB_ML,3,MB_CA.MB_PED,3,MB_CA.CRE,3,PLP.CRE,3
280225008,pure_lateral,lat->lat,lat,lat,0,0,4,1,1,1.0,2442,2442.0,MB_ML.MB_CA,3,2,2,"[MB_CA.CREL3, MB_CA.MB_MLL3] -> MB_ML.MB_CAL3 -> [MB_CA.MB_PEDL3, PLP.CREL3]",MB_CA.CRE,3,MB_CA.MB_ML,3,MB_CA.MB_PED,3,PLP.CRE,3
274172976,pure_lateral,lat->lat,lat,lat,0,0,4,1,1,1.0,2681,2681.0,MB_ML.MB_CA,3,2,2,"[MB_CAL3, MB_CA.MB_PEDL3] -> MB_ML.MB_CAL3 -> [MB_CA.MB_MLL3, MB_CA.MB_VLL3]",MB_CA,3,MB_CA.MB_PED,3,MB_CA.MB_ML,3,MB_CA.MB_VL,3
274172976,pure_lateral,lat->lat,lat,lat,0,0,4,1,1,1.0,2681,2681.0,MB_ML.MB_CA,3,2,2,"[MB_CA.MB_MLL3, MB_CA.MB_PEDL3] -> MB_ML.MB_CAL3 -> [MB_CAL3, MB_CA.MB_VLL3]",MB_CA.MB_ML,3,MB_CA.MB_PED,3,MB_CA,3,MB_CA.MB_VL,3
274172976,pure_lateral,lat->lat,lat,lat,0,0,4,1,1,1.0,2681,2681.0,MB_ML.MB_CA,3,2,2,"[MB_CA.MB_PEDL3, MB_CA.MB_VLL3] -> MB_ML.MB_CAL3 -> [MB_CAL3, MB_CA.MB_MLL3]",MB_CA.MB_PED,3,MB_CA.MB_VL,3,MB_CA,3,MB_CA.MB_ML,3
272986080,pure_lateral,lat->lat,lat,lat,0,0,4,1,1,1.0,2536,2536.0,MB_ML.MB_CA,3,2,2,"[MB_CA.CREL3, PLP.MB_PEDL3] -> MB_ML.MB_CAL3 -> [MB_CA.MB_MLL3, MB_CA.MB_VLL3]",MB_CA.CRE,3,PLP.MB_PED,3,MB_CA.MB_ML,3,MB_CA.MB_VL,3
272986080,pure_lateral,lat->lat,lat,lat,0,0,4,1,1,1.0,2536,2536.0,MB_ML.MB_CA,3,2,2,"[MB_CA.MB_MLL3, PLP.MB_PEDL3] -> MB_ML.MB_CAL3 -> [MB_CA.CREL3, MB_CA.MB_VLL3]",MB_CA.MB_ML,3,PLP.MB_PED,3,MB_CA.CRE,3,MB_CA.MB_VL,3
272986080,pure_lateral,lat->lat,lat,lat,0,0,4,1,1,1.0,2536,2536.0,MB_ML.MB_CA,3,2,2,"[MB_CA.MB_VLL3, PLP.MB_PEDL3] -> MB_ML.MB_CAL3 -> [MB_CA.CREL3, MB_CA.MB_MLL3]",MB_CA.MB_VL,3,PLP.MB_PED,3,MB_CA.CRE,3,MB_CA.MB_ML,3
272392632,pure_lateral,lat->lat,lat,lat,0,0,4,1,1,1.0,2681,2681.0,MB_ML.MB_CA,3,2,2,"[MB_CAL3, MB_CA.MB_MLL3] -> MB_ML.MB_CAL3 -> [MB_CA.MB_PEDL3, MB_CA.MB_VLL3]",MB_CA,3,MB_CA.MB_ML,3,MB_CA.MB_PED,3,MB_CA.MB_VL,3
272392632,pure_lateral,lat->lat,lat,lat,0,0,4,1,1,1.0,2681,2681.0,MB_ML.MB_CA,3,2,2,"[MB_CAL3, MB_CA.MB_VLL3] -> MB_ML.MB_CAL3 -> [MB_CA.MB_MLL3, MB_CA.MB_PEDL3]",MB_CA,3,MB_CA.MB_VL,3,MB_CA.MB_ML,3,MB_CA.MB_PED,3
272392632,pure_lateral,lat->lat,lat,lat,0,0,4,1,1,1.0,2681,2681.0,MB_ML.MB_CA,3,2,2,"[MB_CA.MB_MLL3, MB_CA.MB_VLL3] -> MB_ML.MB_CAL3 -> [MB_CAL3, MB_CA.MB_PEDL3]",MB_CA.MB_ML,3,MB_CA.MB_VL,3,MB_CA,3,MB_CA.MB_PED,3
259336776,pure_lateral,lat->lat,lat,lat,0,0,4,1,1,1.0,2536,2536.0,MB_ML.MB_CA,3,2,2,"[MB_CA.CREL3, MB_CA.MB_MLL3] -> MB_ML.MB_CAL3 -> [MB_CA.MB_VLL3, PLP.MB_PEDL3]",MB_CA.CRE,3,MB_CA.MB_ML,3,MB_CA.MB_VL,3,PLP.MB_PED,3
259336776,pure_lateral,lat->lat,lat,lat,0,0,4,1,1,1.0,2536,2536.0,MB_ML.MB_CA,3,2,2,"[MB_CA.CREL3, MB_CA.MB_VLL3] -> MB_ML.MB_CAL3 -> [MB_CA.MB_MLL3, PLP.MB_PEDL3]",MB_CA.CRE,3,MB_CA.MB_VL,3,MB_CA.MB_ML,3,PLP.MB_PED,3
259336776,pure_lateral,lat->lat,lat,lat,0,0,4,1,1,1.0,2536,2536.0,MB_ML.MB_CA,3,2,2,"[MB_CA.MB_MLL3, MB_CA.MB_VLL3] -> MB_ML.MB_CAL3 -> [MB_CA.CREL3, PLP.MB_PEDL3]",MB_CA.MB_ML,3,MB_CA.MB_VL,3,MB_CA.CRE,3,PLP.MB_PED,3
257388459,pure_lateral,lat->lat,lat,lat,0,0,4,2282,8,1.0,18571,8.138,LO,3,2,2,"[LOP.LOL3, ME.LOPL3] -> LOL3 -> [LO.LOPL3, MEL3]",LOP.LO,3,ME.LOP,3,LO.LOP,3,ME,3
257387335,pure_lateral,lat->lat,lat,lat,0,0,4,2282,3,1.0,18484,8.1,LO,3,2,2,"[ME.LOPL3, PVLP.LOL3] -> LOL3 -> [LO.LOPL3, MEL3]",ME.LOP,3,PVLP.LO,3,LO.LOP,3,ME,3
257387008,pure_lateral,lat->lat,lat,lat,0,0,4,2282,1,1.0,18665,8.179,LO,3,2,2,"[LO.PLPL3, ME.LOPL3] -> LOL3 -> [LO.LOPL3, MEL3]",LO.PLP,3,ME.LOP,3,LO.LOP,3,ME,3
245867904,pure_lateral,lat->lat,lat,lat,0,0,4,35,1,1.0,11905,340.143,PVLP.LO,3,2,2,"[LO.PVLPL3, PVLPL3] -> PVLP.LOL3 -> [LOL3, ME.LOL3]",LO.PVLP,3,PVLP,3,LO,3,ME.LO,3
213148821,pure_lateral,lat->lat,lat,lat,0,0,4,2282,3,1.0,16952,7.429,LO,3,2,2,"[ME.LOL3, ME.LOPL3] -> LOL3 -> [LO.LOPL3, LOP.PLPL3]",ME.LO,3,ME.LOP,3,LO.LOP,3,LOP.PLP,3
207117890,pure_lateral,lat->lat,lat,lat,0,0,4,2282,8,1.0,16726,7.33,LO,3,2,2,"[LOP.LOL3, ME.LOPL3] -> LOL3 -> [LO.LOPL3, ME.LOL3]",LOP.LO,3,ME.LOP,3,LO.LOP,3,ME.LO,3
207116480,pure_lateral,lat->lat,lat,lat,0,0,4,2282,3,1.0,16639,7.291,LO,3,2,2,"[ME.LOPL3, PVLP.LOL3] -> LOL3 -> [LO.LOPL3, ME.LOL3]",ME.LOP,3,PVLP.LO,3,LO.LOP,3,ME.LO,3
207116108,pure_lateral,lat->lat,lat,lat,0,0,4,2282,1,1.0,16820,7.371,LO,3,2,2,"[LO.PLPL3, ME.LOPL3] -> LOL3 -> [LO.LOPL3, ME.LOL3]",LO.PLP,3,ME.LOP,3,LO.LOP,3,ME.LO,3
205140560,pure_lateral,lat->lat,lat,lat,0,0,4,52,1,1.0,2442,46.962,MB_ML,3,2,2,"[MB_CA.CREL3, MB_CA.MB_MLL3] -> MB_MLL3 -> [MB_CA.MB_PEDL3, PLP.CREL3]",MB_CA.CRE,3,MB_CA.MB_ML,3,MB_CA.MB_PED,3,PLP.CRE,3
205140560,pure_lateral,lat->lat,lat,lat,0,0,4,52,1,1.0,2389,45.942,MB_ML,3,2,2,"[MB_CA.CREL3, MB_CA.MB_MLL3] -> MB_MLL3 -> [MB_CA.MB_PEDL3, SCL.MB_MLL3]",MB_CA.CRE,3,MB_CA.MB_ML,3,MB_CA.MB_PED,3,SCL.MB_ML,3
205140560,pure_lateral,lat->lat,lat,lat,0,0,4,52,1,1.0,2442,46.962,MB_ML,3,2,2,"[MB_CA.CREL3, MB_CA.MB_PEDL3] -> MB_MLL3 -> [MB_CA.MB_MLL3, PLP.CREL3]",MB_CA.CRE,3,MB_CA.MB_PED,3,MB_CA.MB_ML,3,PLP.CRE,3
205140560,pure_lateral,lat->lat,lat,lat,0,0,4,52,1,1.0,2389,45.942,MB_ML,3,2,2,"[MB_CA.CREL3, MB_CA.MB_PEDL3] -> MB_MLL3 -> [MB_CA.MB_MLL3, SCL.MB_MLL3]",MB_CA.CRE,3,MB_CA.MB_PED,3,MB_CA.MB_ML,3,SCL.MB_ML,3
205140560,pure_lateral,lat->lat,lat,lat,0,0,4,52,1,1.0,2442,46.962,MB_ML,3,2,2,"[MB_CA.CREL3, PLP.CREL3] -> MB_MLL3 -> [MB_CA.MB_MLL3, MB_CA.MB_PEDL3]",MB_CA.CRE,3,PLP.CRE,3,MB_CA.MB_ML,3,MB_CA.MB_PED,3
205140560,pure_lateral,lat->lat,lat,lat,0,0,4,52,1,1.0,2389,45.942,MB_ML,3,2,2,"[MB_CA.CREL3, SCL.MB_MLL3] -> MB_MLL3 -> [MB_CA.MB_MLL3, MB_CA.MB_PEDL3]",MB_CA.CRE,3,SCL.MB_ML,3,MB_CA.MB_ML,3,MB_CA.MB_PED,3
205140560,pure_lateral,lat->lat,lat,lat,0,0,4,52,1,1.0,2442,46.962,MB_ML,3,2,2,"[MB_CA.MB_MLL3, MB_CA.MB_PEDL3] -> MB_MLL3 -> [MB_CA.CREL3, PLP.CREL3]",MB_CA.MB_ML,3,MB_CA.MB_PED,3,MB_CA.CRE,3,PLP.CRE,3
205140560,pure_lateral,lat->lat,lat,lat,0,0,4,52,1,1.0,2389,45.942,MB_ML,3,2,2,"[MB_CA.MB_MLL3, MB_CA.MB_PEDL3] -> MB_MLL3 -> [MB_CA.CREL3, SCL.MB_MLL3]",MB_CA.MB_ML,3,MB_CA.MB_PED,3,MB_CA.CRE,3,SCL.MB_ML,3
205140560,pure_lateral,lat->lat,lat,lat,0,0,4,52,1,1.0,2442,46.962,MB_ML,3,2,2,"[MB_CA.MB_MLL3, PLP.CREL3] -> MB_MLL3 -> [MB_CA.CREL3, MB_CA.MB_PEDL3]",MB_CA.MB_ML,3,PLP.CRE,3,MB_CA.CRE,3,MB_CA.MB_PED,3
205140560,pure_lateral,lat->lat,lat,lat,0,0,4,52,1,1.0,2389,45.942,MB_ML,3,2,2,"[MB_CA.MB_MLL3, SCL.MB_MLL3] -> MB_MLL3 -> [MB_CA.CREL3, MB_CA.MB_PEDL3]",MB_CA.MB_ML,3,SCL.MB_ML,3,MB_CA.CRE,3,MB_CA.MB_PED,3
205140560,pure_lateral,lat->lat,lat,lat,0,0,4,52,1,1.0,2442,46.962,MB_ML,3,2,2,"[MB_CA.MB_PEDL3, PLP.CREL3] -> MB_MLL3 -> [MB_CA.CREL3, MB_CA.MB_MLL3]",MB_CA.MB_PED,3,PLP.CRE,3,MB_CA.CRE,3,MB_CA.MB_ML,3
205140560,pure_lateral,lat->lat,lat,lat,0,0,4,52,1,1.0,2389,45.942,MB_ML,3,2,2,"[MB_CA.MB_PEDL3, SCL.MB_MLL3] -> MB_MLL3 -> [MB_CA.CREL3, MB_CA.MB_MLL3]",MB_CA.MB_PED,3,SCL.MB_ML,3,MB_CA.CRE,3,MB_CA.MB_ML,3
204739560,pure_lateral,lat->lat,lat,lat,0,0,4,1,1,1.0,2555,2555.0,MB_ML.MB_CA,3,2,2,"[MB_CA.CREL3, MB_CA.MB_MLL3] -> MB_ML.MB_CAL3 -> [MB_CA.MB_VLL3, PLP.MB_MLL3]",MB_CA.CRE,3,MB_CA.MB_ML,3,MB_CA.MB_VL,3,PLP.MB_ML,3
204739560,pure_lateral,lat->lat,lat,lat,0,0,4,1,1,1.0,2555,2555.0,MB_ML.MB_CA,3,2,2,"[MB_CA.CREL3, MB_CA.MB_VLL3] -> MB_ML.MB_CAL3 -> [MB_CA.MB_MLL3, PLP.MB_MLL3]",MB_CA.CRE,3,MB_CA.MB_VL,3,MB_CA.MB_ML,3,PLP.MB_ML,3
204739560,pure_lateral,lat->lat,lat,lat,0,0,4,1,1,1.0,2558,2558.0,MB_ML.MB_CA,3,2,2,"[MB_CA.CREL3, MB_MLL3] -> MB_ML.MB_CAL3 -> [MB_CA.MB_MLL3, MB_CA.MB_VLL3]",MB_CA.CRE,3,MB_ML,3,MB_CA.MB_ML,3,MB_CA.MB_VL,3
204739560,pure_lateral,lat->lat,lat,lat,0,0,4,1,1,1.0,2555,2555.0,MB_ML.MB_CA,3,2,2,"[MB_CA.CREL3, PLP.MB_MLL3] -> MB_ML.MB_CAL3 -> [MB_CA.MB_MLL3, MB_CA.MB_VLL3]",MB_CA.CRE,3,PLP.MB_ML,3,MB_CA.MB_ML,3,MB_CA.MB_VL,3
204739560,pure_lateral,lat->lat,lat,lat,0,0,4,1,1,1.0,2555,2555.0,MB_ML.MB_CA,3,2,2,"[MB_CA.MB_MLL3, MB_CA.MB_VLL3] -> MB_ML.MB_CAL3 -> [MB_CA.CREL3, PLP.MB_MLL3]",MB_CA.MB_ML,3,MB_CA.MB_VL,3,MB_CA.CRE,3,PLP.MB_ML,3
204739560,pure_lateral,lat->lat,lat,lat,0,0,4,1,1,1.0,2558,2558.0,MB_ML.MB_CA,3,2,2,"[MB_CA.MB_MLL3, MB_MLL3] -> MB_ML.MB_CAL3 -> [MB_CA.CREL3, MB_CA.MB_VLL3]",MB_CA.MB_ML,3,MB_ML,3,MB_CA.CRE,3,MB_CA.MB_VL,3
204739560,pure_lateral,lat->lat,lat,lat,0,0,4,1,1,1.0,2555,2555.0,MB_ML.MB_CA,3,2,2,"[MB_CA.MB_MLL3, PLP.MB_MLL3] -> MB_ML.MB_CAL3 -> [MB_CA.CREL3, MB_CA.MB_VLL3]",MB_CA.MB_ML,3,PLP.MB_ML,3,MB_CA.CRE,3,MB_CA.MB_VL,3
204739560,pure_lateral,lat->lat,lat,lat,0,0,4,1,1,1.0,2558,2558.0,MB_ML.MB_CA,3,2,2,"[MB_CA.MB_VLL3, MB_MLL3] -> MB_ML.MB_CAL3 -> [MB_CA.CREL3, MB_CA.MB_MLL3]",MB_CA.MB_VL,3,MB_ML,3,MB_CA.CRE,3,MB_CA.MB_ML,3
204739560,pure_lateral,lat->lat,lat,lat,0,0,4,1,1,1.0,2555,2555.0,MB_ML.MB_CA,3,2,2,"[MB_CA.MB_VLL3, PLP.MB_MLL3] -> MB_ML.MB_CAL3 -> [MB_CA.CREL3, MB_CA.MB_MLL3]",MB_CA.MB_VL,3,PLP.MB_ML,3,MB_CA.CRE,3,MB_CA.MB_ML,3
197910196,pure_lateral,lat->lat,lat,lat,0,0,4,52,1,1.0,2681,51.558,MB_ML,3,2,2,"[MB_CAL3, MB_CA.MB_MLL3] -> MB_MLL3 -> [MB_CA.MB_PEDL3, MB_CA.MB_VLL3]",MB_CA,3,MB_CA.MB_ML,3,MB_CA.MB_PED,3,MB_CA.MB_VL,3
197910196,pure_lateral,lat->lat,lat,lat,0,0,4,52,1,1.0,2681,51.558,MB_ML,3,2,2,"[MB_CAL3, MB_CA.MB_PEDL3] -> MB_MLL3 -> [MB_CA.MB_MLL3, MB_CA.MB_VLL3]",MB_CA,3,MB_CA.MB_PED,3,MB_CA.MB_ML,3,MB_CA.MB_VL,3
197910196,pure_lateral,lat->lat,lat,lat,0,0,4,52,1,1.0,2681,51.558,MB_ML,3,2,2,"[MB_CAL3, MB_CA.MB_VLL3] -> MB_MLL3 -> [MB_CA.MB_MLL3, MB_CA.MB_PEDL3]",MB_CA,3,MB_CA.MB_VL,3,MB_CA.MB_ML,3,MB_CA.MB_PED,3
197910196,pure_lateral,lat->lat,lat,lat,0,0,4,52,1,1.0,2681,51.558,MB_ML,3,2,2,"[MB_CA.MB_MLL3, MB_CA.MB_PEDL3] -> MB_MLL3 -> [MB_CAL3, MB_CA.MB_VLL3]",MB_CA.MB_ML,3,MB_CA.MB_PED,3,MB_CA,3,MB_CA.MB_VL,3
197910196,pure_lateral,lat->lat,lat,lat,0,0,4,52,1,1.0,2676,51.462,MB_ML,3,2,2,"[MB_CA.MB_MLL3, MB_CA.MB_PEDL3] -> MB_MLL3 -> [MB_CA.MB_VLL3, SLP.MB_MLL3]",MB_CA.MB_ML,3,MB_CA.MB_PED,3,MB_CA.MB_VL,3,SLP.MB_ML,3
197910196,pure_lateral,lat->lat,lat,lat,0,0,4,52,1,1.0,2681,51.558,MB_ML,3,2,2,"[MB_CA.MB_MLL3, MB_CA.MB_VLL3] -> MB_MLL3 -> [MB_CAL3, MB_CA.MB_PEDL3]",MB_CA.MB_ML,3,MB_CA.MB_VL,3,MB_CA,3,MB_CA.MB_PED,3
197910196,pure_lateral,lat->lat,lat,lat,0,0,4,52,1,1.0,2676,51.462,MB_ML,3,2,2,"[MB_CA.MB_MLL3, MB_CA.MB_VLL3] -> MB_MLL3 -> [MB_CA.MB_PEDL3, SLP.MB_MLL3]",MB_CA.MB_ML,3,MB_CA.MB_VL,3,MB_CA.MB_PED,3,SLP.MB_ML,3
197910196,pure_lateral,lat->lat,lat,lat,0,0,4,52,1,1.0,2676,51.462,MB_ML,3,2,2,"[MB_CA.MB_MLL3, SLP.MB_MLL3] -> MB_MLL3 -> [MB_CA.MB_PEDL3, MB_CA.MB_VLL3]",MB_CA.MB_ML,3,SLP.MB_ML,3,MB_CA.MB_PED,3,MB_CA.MB_VL,3
197910196,pure_lateral,lat->lat,lat,lat,0,0,4,52,1,1.0,2681,51.558,MB_ML,3,2,2,"[MB_CA.MB_PEDL3, MB_CA.MB_VLL3] -> MB_MLL3 -> [MB_CAL3, MB_CA.MB_MLL3]",MB_CA.MB_PED,3,MB_CA.MB_VL,3,MB_CA,3,MB_CA.MB_ML,3
197910196,pure_lateral,lat->lat,lat,lat,0,0,4,52,1,1.0,2676,51.462,MB_ML,3,2,2,"[MB_CA.MB_PEDL3, MB_CA.MB_VLL3] -> MB_MLL3 -> [MB_CA.MB_MLL3, SLP.MB_MLL3]",MB_CA.MB_PED,3,MB_CA.MB_VL,3,MB_CA.MB_ML,3,SLP.MB_ML,3
197910196,pure_lateral,lat->lat,lat,lat,0,0,4,52,1,1.0,2676,51.462,MB_ML,3,2,2,"[MB_CA.MB_PEDL3, SLP.MB_MLL3] -> MB_MLL3 -> [MB_CA.MB_MLL3, MB_CA.MB_VLL3]",MB_CA.MB_PED,3,SLP.MB_ML,3,MB_CA.MB_ML,3,MB_CA.MB_VL,3
197910196,pure_lateral,lat->lat,lat,lat,0,0,4,52,1,1.0,2676,51.462,MB_ML,3,2,2,"[MB_CA.MB_VLL3, SLP.MB_MLL3] -> MB_MLL3 -> [MB_CA.MB_MLL3, MB_CA.MB_PEDL3]",MB_CA.MB_VL,3,SLP.MB_ML,3,MB_CA.MB_ML,3,MB_CA.MB_PED,3
182781984,pure_lateral,lat->lat,lat,lat,0,0,4,1,1,1.0,2676,2676.0,MB_ML.MB_CA,3,2,2,"[MB_CA.MB_MLL3, MB_CA.MB_PEDL3] -> MB_ML.MB_CAL3 -> [MB_CA.MB_VLL3, SLP.MB_MLL3]",MB_CA.MB_ML,3,MB_CA.MB_PED,3,MB_CA.MB_VL,3,SLP.MB_ML,3
182781984,pure_lateral,lat->lat,lat,lat,0,0,4,1,1,1.0,2676,2676.0,MB_ML.MB_CA,3,2,2,"[MB_CA.MB_PEDL3, MB_CA.MB_VLL3] -> MB_ML.MB_CAL3 -> [MB_CA.MB_MLL3, SLP.MB_MLL3]",MB_CA.MB_PED,3,MB_CA.MB_VL,3,MB_CA.MB_ML,3,SLP.MB_ML,3
182781984,pure_lateral,lat->lat,lat,lat,0,0,4,1,1,1.0,2664,2664.0,MB_ML.MB_CA,3,2,2,"[MB_CA.MB_PEDL3, MB_PEDL3] -> MB_ML.MB_CAL3 -> [MB_CA.MB_MLL3, MB_CA.MB_VLL3]",MB_CA.MB_PED,3,MB_PED,3,MB_CA.MB_ML,3,MB_CA.MB_VL,3
182781984,pure_lateral,lat->lat,lat,lat,0,0,4,1,1,1.0,2670,2670.0,MB_ML.MB_CA,3,2,2,"[MB_CA.MB_PEDL3, MB_PED.MB_MLL3] -> MB_ML.MB_CAL3 -> [MB_CA.MB_MLL3, MB_CA.MB_VLL3]",MB_CA.MB_PED,3,MB_PED.MB_ML,3,MB_CA.MB_ML,3,MB_CA.MB_VL,3
182781984,pure_lateral,lat->lat,lat,lat,0,0,4,1,1,1.0,2676,2676.0,MB_ML.MB_CA,3,2,2,"[MB_CA.MB_PEDL3, SLP.MB_MLL3] -> MB_ML.MB_CAL3 -> [MB_CA.MB_MLL3, MB_CA.MB_VLL3]",MB_CA.MB_PED,3,SLP.MB_ML,3,MB_CA.MB_ML,3,MB_CA.MB_VL,3
181595088,pure_lateral,lat->lat,lat,lat,0,0,4,1,1,1.0,2676,2676.0,MB_ML.MB_CA,3,2,2,"[MB_CA.MB_MLL3, MB_CA.MB_VLL3] -> MB_ML.MB_CAL3 -> [MB_CA.MB_PEDL3, SLP.MB_MLL3]",MB_CA.MB_ML,3,MB_CA.MB_VL,3,MB_CA.MB_PED,3,SLP.MB_ML,3
181595088,pure_lateral,lat->lat,lat,lat,0,0,4,1,1,1.0,2664,2664.0,MB_ML.MB_CA,3,2,2,"[MB_CA.MB_MLL3, MB_PEDL3] -> MB_ML.MB_CAL3 -> [MB_CA.MB_PEDL3, MB_CA.MB_VLL3]",MB_CA.MB_ML,3,MB_PED,3,MB_CA.MB_PED,3,MB_CA.MB_VL,3
181595088,pure_lateral,lat->lat,lat,lat,0,0,4,1,1,1.0,2670,2670.0,MB_ML.MB_CA,3,2,2,"[MB_CA.MB_MLL3, MB_PED.MB_MLL3] -> MB_ML.MB_CAL3 -> [MB_CA.MB_PEDL3, MB_CA.MB_VLL3]",MB_CA.MB_ML,3,MB_PED.MB_ML,3,MB_CA.MB_PED,3,MB_CA.MB_VL,3
181595088,pure_lateral,lat->lat,lat,lat,0,0,4,1,1,1.0,2676,2676.0,MB_ML.MB_CA,3,2,2,"[MB_CA.MB_MLL3, SLP.MB_MLL3] -> MB_ML.MB_CAL3 -> [MB_CA.MB_PEDL3, MB_CA.MB_VLL3]",MB_CA.MB_ML,3,SLP.MB_ML,3,MB_CA.MB_PED,3,MB_CA.MB_VL,3
181595088,pure_lateral,lat->lat,lat,lat,0,0,4,1,1,1.0,2664,2664.0,MB_ML.MB_CA,3,2,2,"[MB_CA.MB_VLL3, MB_PEDL3] -> MB_ML.MB_CAL3 -> [MB_CA.MB_MLL3, MB_CA.MB_PEDL3]",MB_CA.MB_VL,3,MB_PED,3,MB_CA.MB_ML,3,MB_CA.MB_PED,3
181595088,pure_lateral,lat->lat,lat,lat,0,0,4,1,1,1.0,2670,2670.0,MB_ML.MB_CA,3,2,2,"[MB_CA.MB_VLL3, MB_PED.MB_MLL3] -> MB_ML.MB_CAL3 -> [MB_CA.MB_MLL3, MB_CA.MB_PEDL3]",MB_CA.MB_VL,3,MB_PED.MB_ML,3,MB_CA.MB_ML,3,MB_CA.MB_PED,3
181595088,pure_lateral,lat->lat,lat,lat,0,0,4,1,1,1.0,2676,2676.0,MB_ML.MB_CA,3,2,2,"[MB_CA.MB_VLL3, SLP.MB_MLL3] -> MB_ML.MB_CAL3 -> [MB_CA.MB_MLL3, MB_CA.MB_PEDL3]",MB_CA.MB_VL,3,SLP.MB_ML,3,MB_CA.MB_ML,3,MB_CA.MB_PED,3
179918360,pure_lateral,lat->lat,lat,lat,0,0,4,52,1,1.0,2687,51.673,MB_ML,3,2,2,"[MB_CA.MB_MLL3, MB_CA.MB_PEDL3] -> MB_MLL3 -> [MB_CA.MB_VLL3, PLP.MB_PEDL3]",MB_CA.MB_ML,3,MB_CA.MB_PED,3,MB_CA.MB_VL,3,PLP.MB_PED,3
179918360,pure_lateral,lat->lat,lat,lat,0,0,4,52,1,1.0,2687,51.673,MB_ML,3,2,2,"[MB_CA.MB_MLL3, MB_CA.MB_VLL3] -> MB_MLL3 -> [MB_CA.MB_PEDL3, PLP.MB_PEDL3]",MB_CA.MB_ML,3,MB_CA.MB_VL,3,MB_CA.MB_PED,3,PLP.MB_PED,3
179918360,pure_lateral,lat->lat,lat,lat,0,0,4,52,1,1.0,2687,51.673,MB_ML,3,2,2,"[MB_CA.MB_MLL3, PLP.MB_PEDL3] -> MB_MLL3 -> [MB_CA.MB_PEDL3, MB_CA.MB_VLL3]",MB_CA.MB_ML,3,PLP.MB_PED,3,MB_CA.MB_PED,3,MB_CA.MB_VL,3
179918360,pure_lateral,lat->lat,lat,lat,0,0,4,52,1,1.0,2687,51.673,MB_ML,3,2,2,"[MB_CA.MB_PEDL3, MB_CA.MB_VLL3] -> MB_MLL3 -> [MB_CA.MB_MLL3, PLP.MB_PEDL3]",MB_CA.MB_PED,3,MB_CA.MB_VL,3,MB_CA.MB_ML,3,PLP.MB_PED,3
179918360,pure_lateral,lat->lat,lat,lat,0,0,4,52,1,1.0,2687,51.673,MB_ML,3,2,2,"[MB_CA.MB_PEDL3, PLP.MB_PEDL3] -> MB_MLL3 -> [MB_CA.MB_MLL3, MB_CA.MB_VLL3]",MB_CA.MB_PED,3,PLP.MB_PED,3,MB_CA.MB_ML,3,MB_CA.MB_VL,3
179918360,pure_lateral,lat->lat,lat,lat,0,0,4,52,1,1.0,2687,51.673,MB_ML,3,2,2,"[MB_CA.MB_VLL3, PLP.MB_PEDL3] -> MB_MLL3 -> [MB_CA.MB_MLL3, MB_CA.MB_PEDL3]",MB_CA.MB_VL,3,PLP.MB_PED,3,MB_CA.MB_ML,3,MB_CA.MB_PED,3
178034400,pure_lateral,lat->lat,lat,lat,0,0,4,1,1,1.0,2481,2481.0,MB_ML.MB_CA,3,2,2,"[PLP.CREL3, PLP.MB_PEDL3] -> MB_ML.MB_CAL3 -> [MB_CA.MB_MLL3, MB_CA.MB_VLL3]",PLP.CRE,3,PLP.MB_PED,3,MB_CA.MB_ML,3,MB_CA.MB_VL,3
172834960,pure_lateral,lat->lat,lat,lat,0,0,4,52,1,1.0,2581,49.635,MB_ML,3,2,2,"[MB_CA.CREL3, MB_CA.MB_MLL3] -> MB_MLL3 -> [MB_CA.MB_VLL3, PLP.CREL3]",MB_CA.CRE,3,MB_CA.MB_ML,3,MB_CA.MB_VL,3,PLP.CRE,3
172834960,pure_lateral,lat->lat,lat,lat,0,0,4,52,1,1.0,2528,48.615,MB_ML,3,2,2,"[MB_CA.CREL3, MB_CA.MB_MLL3] -> MB_MLL3 -> [MB_CA.MB_VLL3, SCL.MB_MLL3]",MB_CA.CRE,3,MB_CA.MB_ML,3,MB_CA.MB_VL,3,SCL.MB_ML,3
172834960,pure_lateral,lat->lat,lat,lat,0,0,4,52,1,1.0,2581,49.635,MB_ML,3,2,2,"[MB_CA.CREL3, MB_CA.MB_VLL3] -> MB_MLL3 -> [MB_CA.MB_MLL3, PLP.CREL3]",MB_CA.CRE,3,MB_CA.MB_VL,3,MB_CA.MB_ML,3,PLP.CRE,3
172834960,pure_lateral,lat->lat,lat,lat,0,0,4,52,1,1.0,2528,48.615,MB_ML,3,2,2,"[MB_CA.CREL3, MB_CA.MB_VLL3] -> MB_MLL3 -> [MB_CA.MB_MLL3, SCL.MB_MLL3]",MB_CA.CRE,3,MB_CA.MB_VL,3,MB_CA.MB_ML,3,SCL.MB_ML,3
172834960,pure_lateral,lat->lat,lat,lat,0,0,4,52,1,1.0,2581,49.635,MB_ML,3,2,2,"[MB_CA.CREL3, PLP.CREL3] -> MB_MLL3 -> [MB_CA.MB_MLL3, MB_CA.MB_VLL3]",MB_CA.CRE,3,PLP.CRE,3,MB_CA.MB_ML,3,MB_CA.MB_VL,3
172834960,pure_lateral,lat->lat,lat,lat,0,0,4,52,1,1.0,2528,48.615,MB_ML,3,2,2,"[MB_CA.CREL3, SCL.MB_MLL3] -> MB_MLL3 -> [MB_CA.MB_MLL3, MB_CA.MB_VLL3]",MB_CA.CRE,3,SCL.MB_ML,3,MB_CA.MB_ML,3,MB_CA.MB_VL,3
172834960,pure_lateral,lat->lat,lat,lat,0,0,4,52,1,1.0,2581,49.635,MB_ML,3,2,2,"[MB_CA.MB_MLL3, MB_CA.MB_VLL3] -> MB_MLL3 -> [MB_CA.CREL3, PLP.CREL3]",MB_CA.MB_ML,3,MB_CA.MB_VL,3,MB_CA.CRE,3,PLP.CRE,3
172834960,pure_lateral,lat->lat,lat,lat,0,0,4,52,1,1.0,2528,48.615,MB_ML,3,2,2,"[MB_CA.MB_MLL3, MB_CA.MB_VLL3] -> MB_MLL3 -> [MB_CA.CREL3, SCL.MB_MLL3]",MB_CA.MB_ML,3,MB_CA.MB_VL,3,MB_CA.CRE,3,SCL.MB_ML,3
172834960,pure_lateral,lat->lat,lat,lat,0,0,4,52,1,1.0,2581,49.635,MB_ML,3,2,2,"[MB_CA.MB_MLL3, PLP.CREL3] -> MB_MLL3 -> [MB_CA.CREL3, MB_CA.MB_VLL3]",MB_CA.MB_ML,3,PLP.CRE,3,MB_CA.CRE,3,MB_CA.MB_VL,3
172834960,pure_lateral,lat->lat,lat,lat,0,0,4,52,1,1.0,2528,48.615,MB_ML,3,2,2,"[MB_CA.MB_MLL3, SCL.MB_MLL3] -> MB_MLL3 -> [MB_CA.CREL3, MB_CA.MB_VLL3]",MB_CA.MB_ML,3,SCL.MB_ML,3,MB_CA.CRE,3,MB_CA.MB_VL,3
172834960,pure_lateral,lat->lat,lat,lat,0,0,4,52,1,1.0,2581,49.635,MB_ML,3,2,2,"[MB_CA.MB_VLL3, PLP.CREL3] -> MB_MLL3 -> [MB_CA.CREL3, MB_CA.MB_MLL3]",MB_CA.MB_VL,3,PLP.CRE,3,MB_CA.CRE,3,MB_CA.MB_ML,3
172834960,pure_lateral,lat->lat,lat,lat,0,0,4,52,1,1.0,2528,48.615,MB_ML,3,2,2,"[MB_CA.MB_VLL3, SCL.MB_MLL3] -> MB_MLL3 -> [MB_CA.CREL3, MB_CA.MB_MLL3]",MB_CA.MB_VL,3,SCL.MB_ML,3,MB_CA.CRE,3,MB_CA.MB_ML,3
169132680,pure_lateral,lat->lat,lat,lat,0,0,4,1,1,1.0,2481,2481.0,MB_ML.MB_CA,3,2,2,"[MB_CA.MB_MLL3, PLP.CREL3] -> MB_ML.MB_CAL3 -> [MB_CA.MB_VLL3, PLP.MB_PEDL3]",MB_CA.MB_ML,3,PLP.CRE,3,MB_CA.MB_VL,3,PLP.MB_PED,3
169132680,pure_lateral,lat->lat,lat,lat,0,0,4,1,1,1.0,2481,2481.0,MB_ML.MB_CA,3,2,2,"[MB_CA.MB_VLL3, PLP.CREL3] -> MB_ML.MB_CAL3 -> [MB_CA.MB_MLL3, PLP.MB_PEDL3]",MB_CA.MB_VL,3,PLP.CRE,3,MB_CA.MB_ML,3,PLP.MB_PED,3
166165440,pure_lateral,lat->lat,lat,lat,0,0,4,1,1,1.0,2481,2481.0,MB_ML.MB_CA,3,2,2,"[MB_CA.MB_MLL3, PLP.MB_PEDL3] -> MB_ML.MB_CAL3 -> [MB_CA.MB_VLL3, PLP.CREL3]",MB_CA.MB_ML,3,PLP.MB_PED,3,MB_CA.MB_VL,3,PLP.CRE,3
166165440,pure_lateral,lat->lat,lat,lat,0,0,4,1,1,1.0,2481,2481.0,MB_ML.MB_CA,3,2,2,"[MB_CA.MB_VLL3, PLP.MB_PEDL3] -> MB_ML.MB_CAL3 -> [MB_CA.MB_MLL3, PLP.CREL3]",MB_CA.MB_VL,3,PLP.MB_PED,3,MB_CA.MB_ML,3,PLP.CRE,3
163791648,pure_lateral,lat->lat,lat,lat,0,0,4,1,1,1.0,2558,2558.0,MB_ML.MB_CA,3,2,2,"[MB_CA.CREL3, MB_CA.MB_MLL3] -> MB_ML.MB_CAL3 -> [MB_CA.MB_VLL3, MB_MLL3]",MB_CA.CRE,3,MB_CA.MB_ML,3,MB_CA.MB_VL,3,MB_ML,3
163791648,pure_lateral,lat->lat,lat,lat,0,0,4,1,1,1.0,2558,2558.0,MB_ML.MB_CA,3,2,2,"[MB_CA.CREL3, MB_CA.MB_VLL3] -> MB_ML.MB_CAL3 -> [MB_CA.MB_MLL3, MB_MLL3]",MB_CA.CRE,3,MB_CA.MB_VL,3,MB_CA.MB_ML,3,MB_ML,3
163791648,pure_lateral,lat->lat,lat,lat,0,0,4,1,1,1.0,2558,2558.0,MB_ML.MB_CA,3,2,2,"[MB_CA.MB_MLL3, MB_CA.MB_VLL3] -> MB_ML.MB_CAL3 -> [MB_CA.CREL3, MB_MLL3]",MB_CA.MB_ML,3,MB_CA.MB_VL,3,MB_CA.CRE,3,MB_ML,3
161910176,pure_lateral,lat->lat,lat,lat,0,0,4,2282,4,1.0,18571,8.138,LO,3,2,2,"[LO.LOPL3, LOP.LOL3] -> LOL3 -> [MEL3, ME.LOPL3]",LO.LOP,3,LOP.LO,3,ME,3,ME.LOP,3
161909760,pure_lateral,lat->lat,lat,lat,0,0,4,2282,1,1.0,18665,8.179,LO,3,2,2,"[LO.LOPL3, LO.PLPL3] -> LOL3 -> [MEL3, ME.LOPL3]",LO.LOP,3,LO.PLP,3,ME,3,ME.LOP,3
161909760,pure_lateral,lat->lat,lat,lat,0,0,4,2282,1,1.0,18484,8.1,LO,3,2,2,"[LO.LOPL3, PVLP.LOL3] -> LOL3 -> [MEL3, ME.LOPL3]",LO.LOP,3,PVLP.LO,3,ME,3,ME.LOP,3
157857168,pure_lateral,lat->lat,lat,lat,0,0,4,1,1,1.0,2481,2481.0,MB_ML.MB_CA,3,2,2,"[MB_CA.MB_MLL3, MB_CA.MB_VLL3] -> MB_ML.MB_CAL3 -> [PLP.CREL3, PLP.MB_PEDL3]",MB_CA.MB_ML,3,MB_CA.MB_VL,3,PLP.CRE,3,PLP.MB_PED,3
154140967,pure_lateral,lat->lat,lat,lat,0,0,4,2282,8,1.0,16759,7.344,LO,3,2,2,"[LO.MEL3, ME.LOL3] -> LOL3 -> [LO.LOPL3, ME.LOPL3]",LO.ME,3,ME.LO,3,LO.LOP,3,ME.LOP,3
152318320,pure_lateral,lat->lat,lat,lat,0,0,4,1,1,1.0,2664,2664.0,MB_ML.MB_CA,3,2,2,"[MB_CA.MB_MLL3, MB_CA.MB_PEDL3] -> MB_ML.MB_CAL3 -> [MB_CA.MB_VLL3, MB_PEDL3]",MB_CA.MB_ML,3,MB_CA.MB_PED,3,MB_CA.MB_VL,3,MB_PED,3
152318320,pure_lateral,lat->lat,lat,lat,0,0,4,1,1,1.0,2664,2664.0,MB_ML.MB_CA,3,2,2,"[MB_CA.MB_PEDL3, MB_CA.MB_VLL3] -> MB_ML.MB_CAL3 -> [MB_CA.MB_MLL3, MB_PEDL3]",MB_CA.MB_PED,3,MB_CA.MB_VL,3,MB_CA.MB_ML,3,MB_PED,3
151329240,pure_lateral,lat->lat,lat,lat,0,0,4,1,1,1.0,2664,2664.0,MB_ML.MB_CA,3,2,2,"[MB_CA.MB_MLL3, MB_CA.MB_VLL3] -> MB_ML.MB_CAL3 -> [MB_CA.MB_PEDL3, MB_PEDL3]",MB_CA.MB_ML,3,MB_CA.MB_VL,3,MB_CA.MB_PED,3,MB_PED,3
149667210,pure_lateral,lat->lat,lat,lat,0,0,4,1,1,1.0,906,906.0,MB_ML.MB_CA,3,2,2,"[MB_CA.MB_PEDL3, PLP.CREL3] -> MB_ML.MB_CAL3 -> [MB_CA.CREL3, MB_CA.MB_VLL3]",MB_CA.MB_PED,3,PLP.CRE,3,MB_CA.CRE,3,MB_CA.MB_VL,3
148695345,pure_lateral,lat->lat,lat,lat,0,0,4,1,1,1.0,906,906.0,MB_ML.MB_CA,3,2,2,"[MB_CA.CREL3, PLP.CREL3] -> MB_ML.MB_CAL3 -> [MB_CA.MB_PEDL3, MB_CA.MB_VLL3]",MB_CA.CRE,3,PLP.CRE,3,MB_CA.MB_PED,3,MB_CA.MB_VL,3
148695345,pure_lateral,lat->lat,lat,lat,0,0,4,1,1,1.0,906,906.0,MB_ML.MB_CA,3,2,2,"[MB_CA.MB_VLL3, PLP.CREL3] -> MB_ML.MB_CAL3 -> [MB_CA.CREL3, MB_CA.MB_PEDL3]",MB_CA.MB_VL,3,PLP.CRE,3,MB_CA.CRE,3,MB_CA.MB_PED,3
