motif_count,hourglass_type,signature,fanin_sig,fanout_sig,n_FF,n_FB,n_lat,n_waist,n_waist_active,n_waist_eff,n_periphery,compression,bottleneck_area,bottleneck_level,k_in,k_out,structure_str,fan_in_0_area,fan_in_0_level,fan_in_1_area,fan_in_1_level,fan_out_0_area,fan_out_0_level,fan_out_1_area,fan_out_1_level
2803199185270,mixed,FF->lat,FF,lat,2,0,2,2282,28,1.985,39222,17.188,LO,3,2,2,"[MEL2, ME.LOL2] -> LOL3 -> [LO.LOPL3, ME.LOPL3]",ME,2,ME.LO,2,LO.LOP,3,ME.LOP,3
2669974522452,mixed,FF->lat,FF,lat,2,0,2,2282,14,1.807,34840,15.267,LO,3,2,2,"[MEL2, ME.LOPL2] -> LOL3 -> [LO.LOPL3, ME.LOPL3]",ME,2,ME.LOP,2,LO.LOP,3,ME.LOP,3
2616895275586,mixed,mix->mix,mix,mix,1,1,2,2282,11,1.782,34840,15.267,LO,3,2,2,"[MEL2, ME.LOPL3] -> LOL3 -> [LO.LOPL3, ME.LOPL2]",ME,2,ME.LOP,3,LO.LOP,3,ME.LOP,2
2344872532423,mixed,FF->lat,FF,lat,2,0,2,2282,14,1.598,16652,7.297,LO,3,2,2,"[ME.LOL2, ME.LOPL2] -> LOL3 -> [LO.LOPL3, ME.LOPL3]",ME.LO,2,ME.LOP,2,LO.LOP,3,ME.LOP,3
2308667966179,mixed,mix->mix,mix,mix,1,1,2,2282,11,1.573,16652,7.297,LO,3,2,2,"[ME.LOL2, ME.LOPL3] -> LOL3 -> [LO.LOPL3, ME.LOPL2]",ME.LO,2,ME.LOP,3,LO.LOP,3,ME.LOP,2
2238020075401,mixed,mix->lat,mix,lat,1,0,3,2282,25,1.999,43284,18.968,LO,3,2,2,"[MEL2, MEL3] -> LOL3 -> [LO.LOPL3, ME.LOPL3]",ME,2,ME,3,LO.LOP,3,ME.LOP,3
1883750708317,mixed,mix->mix,mix,mix,1,1,2,2282,9,1.966,39222,17.188,LO,3,2,2,"[MEL2, ME.LOPL3] -> LOL3 -> [LO.LOPL3, ME.LOL2]",ME,2,ME.LOP,3,LO.LOP,3,ME.LO,2
1847163140332,mixed,mix->lat,mix,lat,1,0,3,2282,25,1.901,25096,10.997,LO,3,2,2,"[MEL3, ME.LOL2] -> LOL3 -> [LO.LOPL3, ME.LOPL3]",ME,3,ME.LO,2,LO.LOP,3,ME.LOP,3
1818697778826,mixed,mix->lat,mix,lat,1,0,3,2282,12,1.665,20714,9.077,LO,3,2,2,"[MEL3, ME.LOPL2] -> LOL3 -> [LO.LOPL3, ME.LOPL3]",ME,3,ME.LOP,2,LO.LOP,3,ME.LOP,3
1788169372416,mixed,lat->mix,lat,mix,0,1,3,2282,10,1.639,20714,9.077,LO,3,2,2,"[MEL3, ME.LOPL3] -> LOL3 -> [LO.LOPL3, ME.LOPL2]",ME,3,ME.LOP,3,LO.LOP,3,ME.LOP,2
1604321829882,mixed,mix->mix,mix,mix,1,1,2,2282,5,1.557,16652,7.297,LO,3,2,2,"[ME.LOPL2, ME.LOPL3] -> LOL3 -> [LO.LOPL3, ME.LOL2]",ME.LOP,2,ME.LOP,3,LO.LOP,3,ME.LO,2
1542834008294,mixed,FF->mix,FF,mix,2,1,1,2282,22,1.625,37829,16.577,LO,3,2,2,"[MEL2, ME.LOL2] -> LOL3 -> [LO.LOPL3, ME.LOPL2]",ME,2,ME.LO,2,LO.LOP,3,ME.LOP,2
1495256797137,mixed,mix->mix,mix,mix,1,1,2,2282,8,1.851,34840,15.267,LO,3,2,2,"[LO.LOPL3, MEL2] -> LOL3 -> [ME.LOPL2, ME.LOPL3]",LO.LOP,3,ME,2,ME.LOP,2,ME.LOP,3
1302239404851,mixed,mix->mix,mix,mix,1,1,2,2282,8,1.644,16652,7.297,LO,3,2,2,"[LO.LOPL3, ME.LOL2] -> LOL3 -> [ME.LOPL2, ME.LOPL3]",LO.LOP,3,ME.LO,2,ME.LOP,2,ME.LOP,3
1248912729406,mixed,lat->mix,lat,mix,0,1,3,2282,9,1.865,25096,10.997,LO,3,2,2,"[MEL3, ME.LOPL3] -> LOL3 -> [LO.LOPL3, ME.LOL2]",ME,3,ME.LOP,3,LO.LOP,3,ME.LO,2
1198399617151,mixed,mix->mix,mix,mix,1,1,2,2282,18,1.692,41891,18.357,LO,3,2,2,"[MEL2, MEL3] -> LOL3 -> [LO.LOPL3, ME.LOPL2]",ME,2,ME,3,LO.LOP,3,ME.LOP,2
1112861171214,mixed,mix->mix,mix,mix,1,1,2,2282,6,1.634,33360,14.619,LO,3,2,2,"[MEL2, ME.LOPL3] -> LOL3 -> [LO.LOPL2, LO.LOPL3]",ME,2,ME.LOP,3,LO.LOP,2,LO.LOP,3
1109295445286,mixed,FF->mix,FF,mix,2,1,1,2282,24,1.804,37405,16.391,LO,3,2,2,"[MEL2, ME.LOL2] -> LOL3 -> [ME.LOPL2, ME.LOPL3]",ME,2,ME.LO,2,ME.LOP,2,ME.LOP,3
1093929750969,mixed,mix->mix,mix,mix,1,1,2,2282,6,1.993,39222,17.188,LO,3,2,2,"[LO.LOPL3, MEL2] -> LOL3 -> [ME.LOL2, ME.LOPL3]",LO.LOP,3,ME,2,ME.LO,2,ME.LOP,3
1080723159264,mixed,mix->mix,mix,mix,1,1,2,2282,4,1.277,10790,4.728,LO,3,2,2,"[ME.LOPL2, ME.LOPL3] -> LOL3 -> [LO.LOPL2, LO.LOPL3]",ME.LOP,2,ME.LOP,3,LO.LOP,2,LO.LOP,3
1073083583918,mixed,mix->mix,mix,mix,1,1,2,2282,18,1.492,23703,10.387,LO,3,2,2,"[MEL3, ME.LOL2] -> LOL3 -> [LO.LOPL3, ME.LOPL2]",ME,3,ME.LO,2,LO.LOP,3,ME.LOP,2
1071371813136,mixed,FF->mix,FF,mix,2,1,1,2282,8,1.607,37829,16.577,LO,3,2,2,"[MEL2, ME.LOPL2] -> LOL3 -> [LO.LOPL3, ME.LOL2]",ME,2,ME.LOP,2,LO.LOP,3,ME.LO,2
1012599895667,mixed,lat->mix,lat,mix,0,1,3,2282,7,1.712,20714,9.077,LO,3,2,2,"[LO.LOPL3, MEL3] -> LOL3 -> [ME.LOPL2, ME.LOPL3]",LO.LOP,3,ME,3,ME.LOP,2,ME.LOP,3
1005532377718,mixed,mix->mix,mix,mix,1,1,2,2282,6,1.443,15172,6.649,LO,3,2,2,"[ME.LOL2, ME.LOPL3] -> LOL3 -> [LO.LOPL2, LO.LOPL3]",ME.LO,2,ME.LOP,3,LO.LOP,2,LO.LOP,3
904056065560,mixed,mix->mix,mix,mix,1,1,2,2282,6,1.626,16652,7.297,LO,3,2,2,"[LO.LOPL3, ME.LOPL2] -> LOL3 -> [ME.LOL2, ME.LOPL3]",LO.LOP,3,ME.LOP,2,ME.LO,2,ME.LOP,3
889592640902,mixed,lat->FB,lat,FB,0,2,2,2282,4,1.601,16652,7.297,LO,3,2,2,"[LO.LOPL3, ME.LOPL3] -> LOL3 -> [ME.LOL2, ME.LOPL2]",LO.LOP,3,ME.LOP,3,ME.LO,2,ME.LOP,2
870855962010,mixed,mix->mix,mix,mix,1,1,2,2282,21,1.867,41467,18.171,LO,3,2,2,"[MEL2, MEL3] -> LOL3 -> [ME.LOPL2, ME.LOPL3]",ME,2,ME,3,ME.LOP,2,ME.LOP,3
846184744141,mixed,mix->mix,mix,mix,1,1,2,2282,18,1.909,46273,20.277,LO,3,2,2,"[MEL2, MEL3] -> LOL3 -> [LO.LOPL3, ME.LOL2]",ME,2,ME,3,LO.LOP,3,ME.LO,2
773272705815,mixed,lat->mix,lat,mix,0,1,3,2282,5,1.5,19234,8.429,LO,3,2,2,"[MEL3, ME.LOPL3] -> LOL3 -> [LO.LOPL2, LO.LOPL3]",ME,3,ME.LOP,3,LO.LOP,2,LO.LOP,3
768251934802,mixed,FF->mix,FF,mix,2,1,1,2282,9,1.786,37405,16.391,LO,3,2,2,"[MEL2, ME.LOPL2] -> LOL3 -> [ME.LOL2, ME.LOPL3]",ME,2,ME.LOP,2,ME.LO,2,ME.LOP,3
755971943883,mixed,mix->mix,mix,mix,1,1,2,2282,21,1.661,23279,10.201,LO,3,2,2,"[MEL3, ME.LOL2] -> LOL3 -> [ME.LOPL2, ME.LOPL3]",ME,3,ME.LO,2,ME.LOP,2,ME.LOP,3
753355266311,mixed,mix->FB,mix,FB,1,2,1,2282,8,1.761,37405,16.391,LO,3,2,2,"[MEL2, ME.LOPL3] -> LOL3 -> [ME.LOL2, ME.LOPL2]",ME,2,ME.LOP,3,ME.LO,2,ME.LOP,2
746529314787,mixed,mix->mix,mix,mix,1,1,2,2282,8,1.477,23703,10.387,LO,3,2,2,"[MEL3, ME.LOPL2] -> LOL3 -> [LO.LOPL3, ME.LOL2]",ME,3,ME.LOP,2,LO.LOP,3,ME.LO,2
717905519483,mixed,lat->mix,lat,mix,0,1,3,2282,6,1.923,25096,10.997,LO,3,2,2,"[LO.LOPL3, MEL3] -> LOL3 -> [ME.LOL2, ME.LOPL3]",LO.LOP,3,ME,3,ME.LO,2,ME.LOP,3
713029244467,mixed,FF->mix,FF,mix,2,1,1,2282,9,1.307,31967,14.008,LO,3,2,2,"[MEL2, ME.LOPL2] -> LOL3 -> [LO.LOPL2, LO.LOPL3]",ME,2,ME.LOP,2,LO.LOP,2,LO.LOP,3
675512153613,mixed,FF->mix,FF,mix,2,1,1,2282,9,1.204,13779,6.038,LO,3,2,2,"[ME.LOL2, ME.LOPL2] -> LOL3 -> [LO.LOPL2, LO.LOPL3]",ME.LO,2,ME.LOP,2,LO.LOP,2,LO.LOP,3
668261488700,mixed,FF->mix,FF,mix,2,1,1,2282,18,1.487,36349,15.929,LO,3,2,2,"[MEL2, ME.LOL2] -> LOL3 -> [LO.LOPL2, LO.LOPL3]",ME,2,ME.LO,2,LO.LOP,2,LO.LOP,3
639685878617,mixed,mix->mix,mix,mix,1,1,2,2282,17,1.997,45849,20.092,LO,3,2,2,"[MEL2, MEL3] -> LOL3 -> [ME.LOL2, ME.LOPL3]",ME,2,ME,3,ME.LO,2,ME.LOP,3
629978880311,mixed,mix->mix,mix,mix,1,1,2,2282,6,1.706,33360,14.619,LO,3,2,2,"[LO.LOPL3, MEL2] -> LOL3 -> [LO.LOPL2, ME.LOPL3]",LO.LOP,3,ME,2,LO.LOP,2,ME.LOP,3
598912446439,mixed,mix->mix,mix,mix,1,1,2,2282,6,1.319,10790,4.728,LO,3,2,2,"[LO.LOPL3, ME.LOPL2] -> LOL3 -> [LO.LOPL2, ME.LOPL3]",LO.LOP,3,ME.LOP,2,LO.LOP,2,ME.LOP,3
595198006873,mixed,mix->FB,mix,FB,1,2,1,2282,6,1.653,37829,16.577,LO,3,2,2,"[LO.LOPL3, MEL2] -> LOL3 -> [ME.LOL2, ME.LOPL2]",LO.LOP,3,ME,2,ME.LO,2,ME.LOP,2
592962742044,mixed,lat->FB,lat,FB,0,2,2,2282,4,1.303,10790,4.728,LO,3,2,2,"[LO.LOPL3, ME.LOPL3] -> LOL3 -> [LO.LOPL2, ME.LOPL2]",LO.LOP,3,ME.LOP,3,LO.LOP,2,ME.LOP,2
575386706868,mixed,FF->lat,FF,lat,2,0,2,2282,4,1.179,10790,4.728,LO,3,2,2,"[LO.LOPL2, ME.LOPL2] -> LOL3 -> [LO.LOPL3, ME.LOPL3]",LO.LOP,2,ME.LOP,2,LO.LOP,3,ME.LOP,3
571364916380,mixed,mix->mix,mix,mix,1,1,2,2282,3,1.17,10790,4.728,LO,3,2,2,"[LO.LOPL2, ME.LOPL3] -> LOL3 -> [LO.LOPL3, ME.LOPL2]",LO.LOP,2,ME.LOP,3,LO.LOP,3,ME.LOP,2
562869116437,mixed,mix->mix,mix,mix,1,1,2,2282,6,1.504,15172,6.649,LO,3,2,2,"[LO.LOPL3, ME.LOL2] -> LOL3 -> [LO.LOPL2, ME.LOPL3]",LO.LOP,3,ME.LO,2,LO.LOP,2,ME.LOP,3
561048316020,mixed,FF->lat,FF,lat,2,0,2,2282,4,1.432,33360,14.619,LO,3,2,2,"[LO.LOPL2, MEL2] -> LOL3 -> [LO.LOPL3, ME.LOPL3]",LO.LOP,2,ME,2,LO.LOP,3,ME.LOP,3
524688681924,mixed,mix->mix,mix,mix,1,1,2,2282,9,1.644,23279,10.201,LO,3,2,2,"[MEL3, ME.LOPL2] -> LOL3 -> [ME.LOL2, ME.LOPL3]",ME,3,ME.LOP,2,ME.LO,2,ME.LOP,3
522008122568,mixed,FF->lat,FF,lat,2,0,2,2282,4,1.291,15172,6.649,LO,3,2,2,"[LO.LOPL2, ME.LOL2] -> LOL3 -> [LO.LOPL3, ME.LOPL3]",LO.LOP,2,ME.LO,2,LO.LOP,3,ME.LOP,3
516110474951,mixed,lat->FB,lat,FB,0,2,2,2282,8,1.618,23279,10.201,LO,3,2,2,"[MEL3, ME.LOPL3] -> LOL3 -> [ME.LOL2, ME.LOPL2]",ME,3,ME.LOP,3,ME.LO,2,ME.LOP,2
515154349653,mixed,mix->mix,mix,mix,1,1,2,2282,14,1.548,40411,17.709,LO,3,2,2,"[MEL2, MEL3] -> LOL3 -> [LO.LOPL2, LO.LOPL3]",ME,2,ME,3,LO.LOP,2,LO.LOP,3
512339637281,mixed,mix->mix,mix,mix,1,1,2,2282,7,1.233,17841,7.818,LO,3,2,2,"[MEL3, ME.LOPL2] -> LOL3 -> [LO.LOPL2, LO.LOPL3]",ME,3,ME.LOP,2,LO.LOP,2,LO.LOP,3
487791375016,mixed,FF->mix,FF,mix,2,1,1,2282,10,1.43,31543,13.823,LO,3,2,2,"[MEL2, ME.LOPL2] -> LOL3 -> [LO.LOPL2, ME.LOPL3]",ME,2,ME.LOP,2,LO.LOP,2,ME.LOP,3
481861820250,mixed,mix->FB,mix,FB,1,2,1,2282,6,1.41,31543,13.823,LO,3,2,2,"[MEL2, ME.LOPL3] -> LOL3 -> [LO.LOPL2, ME.LOPL2]",ME,2,ME.LOP,3,LO.LOP,2,ME.LOP,2
471422626997,mixed,mix->mix,mix,mix,1,1,2,2282,13,1.376,22223,9.738,LO,3,2,2,"[MEL3, ME.LOL2] -> LOL3 -> [LO.LOPL2, LO.LOPL3]",ME,3,ME.LO,2,LO.LOP,2,LO.LOP,3
470430110751,mixed,FF->mix,FF,mix,2,1,1,2282,13,1.656,35925,15.743,LO,3,2,2,"[MEL2, ME.LOL2] -> LOL3 -> [LO.LOPL2, ME.LOPL3]",ME,2,ME.LO,2,LO.LOP,2,ME.LOP,3
453985753278,mixed,FF->mix,FF,mix,2,1,1,2282,10,1.289,13355,5.852,LO,3,2,2,"[ME.LOL2, ME.LOPL2] -> LOL3 -> [LO.LOPL2, ME.LOPL3]",ME.LO,2,ME.LOP,2,LO.LOP,2,ME.LOP,3
449748192026,mixed,mix->FB,mix,FB,1,2,1,2282,6,1.275,13355,5.852,LO,3,2,2,"[ME.LOL2, ME.LOPL3] -> LOL3 -> [LO.LOPL2, ME.LOPL2]",ME.LO,2,ME.LOP,3,LO.LOP,2,ME.LOP,2
434308212022,mixed,lat->mix,lat,mix,0,1,3,2282,5,1.566,19234,8.429,LO,3,2,2,"[LO.LOPL3, MEL3] -> LOL3 -> [LO.LOPL2, ME.LOPL3]",LO.LOP,3,ME,3,LO.LOP,2,ME.LOP,3
426257632582,mixed,mix->mix,mix,mix,1,1,2,2282,12,1.997,39222,17.188,LO,3,2,2,"[ME.LOL2, ME.LOPL3] -> LOL3 -> [LO.LOPL3, MEL2]",ME.LO,2,ME.LOP,3,LO.LOP,3,ME,2
412723845229,mixed,lat->FB,lat,FB,0,2,2,2282,6,1.517,23703,10.387,LO,3,2,2,"[LO.LOPL3, MEL3] -> LOL3 -> [ME.LOL2, ME.LOPL2]",LO.LOP,3,ME,3,ME.LO,2,ME.LOP,2
397989965364,mixed,mix->lat,mix,lat,1,0,3,2282,4,1.331,19234,8.429,LO,3,2,2,"[LO.LOPL2, MEL3] -> LOL3 -> [LO.LOPL3, ME.LOPL3]",LO.LOP,2,ME,3,LO.LOP,3,ME.LOP,3
393714253158,mixed,mix->mix,mix,mix,1,1,2,2282,7,1.916,34840,15.267,LO,3,2,2,"[ME.LOPL2, ME.LOPL3] -> LOL3 -> [LO.LOPL3, MEL2]",ME.LOP,2,ME.LOP,3,LO.LOP,3,ME,2
391679387075,mixed,mix->FB,mix,FB,1,2,1,2282,6,1.336,31967,14.008,LO,3,2,2,"[LO.LOPL3, MEL2] -> LOL3 -> [LO.LOPL2, ME.LOPL2]",LO.LOP,3,ME,2,LO.LOP,2,ME.LOP,2
386312567676,mixed,lat->FB,lat,FB,0,2,2,2282,3,1.467,15172,6.649,LO,3,2,2,"[LO.LOPL3, ME.LOPL3] -> LOL3 -> [LO.LOPL2, ME.LOL2]",LO.LOP,3,ME.LOP,3,LO.LOP,2,ME.LO,2
375070337000,mixed,FF->mix,FF,mix,2,1,1,2282,4,1.188,31967,14.008,LO,3,2,2,"[LO.LOPL2, MEL2] -> LOL3 -> [LO.LOPL3, ME.LOPL2]",LO.LOP,2,ME,2,LO.LOP,3,ME.LOP,2
369532091865,mixed,mix->FB,mix,FB,1,2,1,2282,6,1.223,13779,6.038,LO,3,2,2,"[LO.LOPL3, ME.LOL2] -> LOL3 -> [LO.LOPL2, ME.LOPL2]",LO.LOP,3,ME.LO,2,LO.LOP,2,ME.LOP,2
366046611103,mixed,mix->mix,mix,mix,1,1,2,2282,11,1.724,39987,17.523,LO,3,2,2,"[MEL2, MEL3] -> LOL3 -> [LO.LOPL2, ME.LOPL3]",ME,2,ME,3,LO.LOP,2,ME.LOP,3
361687070776,mixed,FF->mix,FF,mix,2,1,1,2282,4,1.124,13779,6.038,LO,3,2,2,"[LO.LOPL2, ME.LOL2] -> LOL3 -> [LO.LOPL3, ME.LOPL2]",LO.LOP,2,ME.LO,2,LO.LOP,3,ME.LOP,2
360830849620,mixed,mix->mix,mix,mix,1,1,2,2282,3,1.267,15172,6.649,LO,3,2,2,"[LO.LOPL2, ME.LOPL3] -> LOL3 -> [LO.LOPL3, ME.LOL2]",LO.LOP,2,ME.LOP,3,LO.LOP,3,ME.LO,2
346097869730,mixed,mix->mix,mix,mix,1,1,2,2282,8,1.33,17417,7.632,LO,3,2,2,"[MEL3, ME.LOPL2] -> LOL3 -> [LO.LOPL2, ME.LOPL3]",ME,3,ME.LOP,2,LO.LOP,2,ME.LOP,3
345569112843,mixed,mix->FB,mix,FB,1,2,1,2282,15,1.671,44456,19.481,LO,3,2,2,"[MEL2, MEL3] -> LOL3 -> [ME.LOL2, ME.LOPL2]",ME,2,ME,3,ME.LO,2,ME.LOP,2
343265261745,mixed,lat->mix,lat,mix,0,1,3,2282,11,1.978,43284,18.968,LO,3,2,2,"[MEL3, ME.LOPL3] -> LOL3 -> [LO.LOPL3, MEL2]",ME,3,ME.LOP,3,LO.LOP,3,ME,2
342583130114,mixed,lat->FB,lat,FB,0,2,2,2282,5,1.314,17417,7.632,LO,3,2,2,"[MEL3, ME.LOPL3] -> LOL3 -> [LO.LOPL2, ME.LOPL2]",ME,3,ME.LOP,3,LO.LOP,2,ME.LOP,2
332514959958,mixed,FF->lat,FF,lat,2,0,2,2282,28,1.676,33758,14.793,LO,3,2,2,"[LOL2, MEL2] -> LOL3 -> [LO.LOPL3, ME.LOPL3]",LO,2,ME,2,LO.LOP,3,ME.LOP,3
326116378903,mixed,mix->mix,mix,mix,1,1,2,2282,11,1.519,21799,9.553,LO,3,2,2,"[MEL3, ME.LOL2] -> LOL3 -> [LO.LOPL2, ME.LOPL3]",ME,3,ME.LO,2,LO.LOP,2,ME.LOP,3
321230075488,mixed,mix->FB,mix,FB,1,2,1,2282,6,1.613,35925,15.743,LO,3,2,2,"[MEL2, ME.LOPL3] -> LOL3 -> [LO.LOPL2, ME.LOL2]",ME,2,ME.LOP,3,LO.LOP,2,ME.LO,2
314430268011,mixed,mix->mix,mix,mix,1,1,2,2282,5,1.196,10790,4.728,LO,3,2,2,"[LO.LOPL2, LO.LOPL3] -> LOL3 -> [ME.LOPL2, ME.LOPL3]",LO.LOP,2,LO.LOP,3,ME.LOP,2,ME.LOP,3
313827601068,mixed,mix->FB,mix,FB,1,2,1,2282,4,1.266,13355,5.852,LO,3,2,2,"[ME.LOPL2, ME.LOPL3] -> LOL3 -> [LO.LOPL2, ME.LOL2]",ME.LOP,2,ME.LOP,3,LO.LOP,2,ME.LO,2
309495957475,mixed,mix->lat,mix,lat,1,0,3,2282,27,1.398,41439,18.159,LO,3,2,2,"[MEL2, ME.LOL3] -> LOL3 -> [LO.LOPL3, ME.LOPL3]",ME,2,ME.LO,3,LO.LOP,3,ME.LOP,3
296702865636,mixed,FF->FB,FF,FB,2,2,0,2282,11,1.305,34532,15.132,LO,3,2,2,"[MEL2, ME.LOL2] -> LOL3 -> [LO.LOPL2, ME.LOPL2]",ME,2,ME.LO,2,LO.LOP,2,ME.LOP,2
280605540110,mixed,lat->FB,lat,FB,0,2,2,2282,5,1.255,17841,7.818,LO,3,2,2,"[LO.LOPL3, MEL3] -> LOL3 -> [LO.LOPL2, ME.LOPL2]",LO.LOP,3,ME,3,LO.LOP,2,ME.LOP,2
272935830908,mixed,mix->mix,mix,mix,1,1,2,2282,4,1.142,17841,7.818,LO,3,2,2,"[LO.LOPL2, MEL3] -> LOL3 -> [LO.LOPL3, ME.LOPL2]",LO.LOP,2,ME,3,LO.LOP,3,ME.LOP,2
258050065321,mixed,mix->FB,mix,FB,1,2,1,2282,5,1.216,13779,6.038,LO,3,2,2,"[LO.LOPL3, ME.LOPL2] -> LOL3 -> [LO.LOPL2, ME.LOL2]",LO.LOP,3,ME.LOP,2,LO.LOP,2,ME.LO,2
256995071275,mixed,mix->FB,mix,FB,1,2,1,2282,5,1.512,36349,15.929,LO,3,2,2,"[LO.LOPL3, MEL2] -> LOL3 -> [LO.LOPL2, ME.LOL2]",LO.LOP,3,ME,2,LO.LOP,2,ME.LO,2
252955413396,mixed,FF->mix,FF,mix,2,1,1,2282,4,1.119,13779,6.038,LO,3,2,2,"[LO.LOPL2, ME.LOPL2] -> LOL3 -> [LO.LOPL3, ME.LOL2]",LO.LOP,2,ME.LOP,2,LO.LOP,3,ME.LO,2
251385249913,mixed,FF->mix,FF,mix,2,1,1,2282,5,1.268,31543,13.823,LO,3,2,2,"[LO.LOPL2, MEL2] -> LOL3 -> [ME.LOPL2, ME.LOPL3]",LO.LOP,2,ME,2,ME.LOP,2,ME.LOP,3
250618134332,mixed,mix->mix,mix,mix,1,1,2,2282,8,1.976,39222,17.188,LO,3,2,2,"[LO.LOPL3, ME.LOL2] -> LOL3 -> [MEL2, ME.LOPL3]",LO.LOP,3,ME.LO,2,ME,2,ME.LOP,3
248184240265,mixed,FF->lat,FF,lat,2,0,2,2282,28,1.879,15570,6.823,LO,3,2,2,"[LOL2, ME.LOL2] -> LOL3 -> [LO.LOPL3, ME.LOPL3]",LO,2,ME.LO,2,LO.LOP,3,ME.LOP,3
239526434143,mixed,FF->mix,FF,mix,2,1,1,2282,5,1.177,13355,5.852,LO,3,2,2,"[LO.LOPL2, ME.LOL2] -> LOL3 -> [ME.LOPL2, ME.LOPL3]",LO.LOP,2,ME.LO,2,ME.LOP,2,ME.LOP,3
238969461345,mixed,mix->lat,mix,lat,1,0,3,2282,12,1.276,43284,18.968,LO,3,2,2,"[MEL2, ME.LOPL3] -> LOL3 -> [LO.LOPL3, MEL3]",ME,2,ME.LOP,3,LO.LOP,3,ME,3
237957252604,mixed,FF->mix,FF,mix,2,1,1,2282,5,1.296,36349,15.929,LO,3,2,2,"[LO.LOPL2, MEL2] -> LOL3 -> [LO.LOPL3, ME.LOL2]",LO.LOP,2,ME,2,LO.LOP,3,ME.LO,2
227315923640,mixed,mix->mix,mix,mix,1,1,2,2282,8,1.962,34840,15.267,LO,3,2,2,"[LO.LOPL3, ME.LOPL2] -> LOL3 -> [MEL2, ME.LOPL3]",LO.LOP,3,ME.LOP,2,ME,2,ME.LOP,3
227267719370,mixed,FF->mix,FF,mix,2,1,1,2282,12,1.776,37829,16.577,LO,3,2,2,"[ME.LOL2, ME.LOPL2] -> LOL3 -> [LO.LOPL3, MEL2]",ME.LO,2,ME.LOP,2,LO.LOP,3,ME,2
226397894045,mixed,mix->FB,mix,FB,1,2,1,2282,9,1.347,38594,16.912,LO,3,2,2,"[MEL2, MEL3] -> LOL3 -> [LO.LOPL2, ME.LOPL2]",ME,2,ME,3,LO.LOP,2,ME.LOP,2
223706886751,mixed,lat->FB,lat,FB,0,2,2,2282,6,1.481,21799,9.553,LO,3,2,2,"[MEL3, ME.LOPL3] -> LOL3 -> [LO.LOPL2, ME.LOL2]",ME,3,ME.LOP,3,LO.LOP,2,ME.LO,2
221716276564,mixed,lat->FB,lat,FB,0,2,2,2282,5,1.947,34840,15.267,LO,3,2,2,"[LO.LOPL3, ME.LOPL3] -> LOL3 -> [MEL2, ME.LOPL2]",LO.LOP,3,ME.LOP,3,ME,2,ME.LOP,2
219471641036,mixed,mix->lat,mix,lat,1,0,3,2282,27,1.578,23251,10.189,LO,3,2,2,"[ME.LOL2, ME.LOL3] -> LOL3 -> [LO.LOPL3, ME.LOPL3]",ME.LO,2,ME.LO,3,LO.LOP,3,ME.LOP,3
216996165988,mixed,FF->lat,FF,lat,2,0,2,2282,14,2.0,11188,4.903,LO,3,2,2,"[LOL2, ME.LOPL2] -> LOL3 -> [LO.LOPL3, ME.LOPL3]",LO,2,ME.LOP,2,LO.LOP,3,ME.LOP,3
213242832677,mixed,mix->FB,mix,FB,1,2,1,2282,9,1.231,20406,8.942,LO,3,2,2,"[MEL3, ME.LOL2] -> LOL3 -> [LO.LOPL2, ME.LOPL2]",ME,3,ME.LO,2,LO.LOP,2,ME.LOP,2
210842646631,mixed,mix->mix,mix,mix,1,1,2,2282,11,1.999,11188,4.903,LO,3,2,2,"[LOL2, ME.LOPL3] -> LOL3 -> [LO.LOPL3, ME.LOPL2]",LO,2,ME.LOP,3,LO.LOP,3,ME.LOP,2
209500690872,mixed,mix->mix,mix,mix,1,1,2,2282,11,1.659,33758,14.793,LO,3,2,2,"[MEL2, ME.LOPL3] -> LOL3 -> [LOL2, LO.LOPL3]",ME,2,ME.LOP,3,LO,2,LO.LOP,3
206946850753,mixed,FF->FB,FF,FB,2,2,0,2282,7,1.295,34532,15.132,LO,3,2,2,"[MEL2, ME.LOPL2] -> LOL3 -> [LO.LOPL2, ME.LOL2]",ME,2,ME.LOP,2,LO.LOP,2,ME.LO,2
202958357543,mixed,mix->lat,mix,lat,1,0,3,2282,11,1.391,41439,18.159,LO,3,2,2,"[MEL2, ME.LOPL3] -> LOL3 -> [LO.LOPL3, ME.LOL3]",ME,2,ME.LOP,3,LO.LOP,3,ME.LO,3
202823509470,mixed,lat->mix,lat,mix,0,1,3,2282,7,1.939,43284,18.968,LO,3,2,2,"[LO.LOPL3, MEL3] -> LOL3 -> [MEL2, ME.LOPL3]",LO.LOP,3,ME,3,ME,2,ME.LOP,3
202801346464,mixed,mix->lat,mix,lat,1,0,3,2282,25,1.818,19632,8.603,LO,3,2,2,"[LOL2, MEL3] -> LOL3 -> [LO.LOPL3, ME.LOPL3]",LO,2,ME,3,LO.LOP,3,ME.LOP,3
199838480211,mixed,mix->mix,mix,mix,1,1,2,2282,5,1.307,15172,6.649,LO,3,2,2,"[LO.LOPL2, LO.LOPL3] -> LOL3 -> [ME.LOL2, ME.LOPL3]",LO.LOP,2,LO.LOP,3,ME.LO,2,ME.LOP,3
188587783742,mixed,mix->mix,mix,mix,1,1,2,2282,24,1.995,46273,20.277,LO,3,2,2,"[MEL3, ME.LOL2] -> LOL3 -> [LO.LOPL3, MEL2]",ME,3,ME.LO,2,LO.LOP,3,ME,2
182529377214,pure_lateral,lat->lat,lat,lat,0,0,4,2282,24,1.515,27313,11.969,LO,3,2,2,"[MEL3, ME.LOL3] -> LOL3 -> [LO.LOPL3, ME.LOPL3]",ME,3,ME.LO,3,LO.LOP,3,ME.LOP,3
181369715758,mixed,mix->mix,mix,mix,1,1,2,2282,5,1.203,17417,7.632,LO,3,2,2,"[LO.LOPL2, MEL3] -> LOL3 -> [ME.LOPL2, ME.LOPL3]",LO.LOP,2,ME,3,ME.LOP,2,ME.LOP,3
180833949054,mixed,lat->FB,lat,FB,0,2,2,2282,5,1.396,22223,9.738,LO,3,2,2,"[LO.LOPL3, MEL3] -> LOL3 -> [LO.LOPL2, ME.LOL2]",LO.LOP,3,ME,3,LO.LOP,2,ME.LO,2
178603706885,mixed,mix->lat,mix,lat,1,0,3,2282,13,1.823,18869,8.269,LO,3,2,2,"[ME.LOL3, ME.LOPL2] -> LOL3 -> [LO.LOPL3, ME.LOPL3]",ME.LO,3,ME.LOP,2,LO.LOP,3,ME.LOP,3
178095381189,mixed,mix->mix,mix,mix,1,1,2,2282,11,1.841,41891,18.357,LO,3,2,2,"[MEL3, ME.LOPL2] -> LOL3 -> [LO.LOPL3, MEL2]",ME,3,ME.LOP,2,LO.LOP,3,ME,2
172165769005,mixed,lat->mix,lat,mix,0,1,3,2282,11,1.847,18869,8.269,LO,3,2,2,"[ME.LOL3, ME.LOPL3] -> LOL3 -> [LO.LOPL3, ME.LOPL2]",ME.LO,3,ME.LOP,3,LO.LOP,3,ME.LOP,2
171177408508,mixed,mix->mix,mix,mix,1,1,2,2282,4,1.224,22223,9.738,LO,3,2,2,"[LO.LOPL2, MEL3] -> LOL3 -> [LO.LOPL3, ME.LOL2]",LO.LOP,2,ME,3,LO.LOP,3,ME.LO,2
167417089746,mixed,FF->mix,FF,mix,2,1,1,2282,14,1.932,37405,16.391,LO,3,2,2,"[ME.LOL2, ME.LOPL2] -> LOL3 -> [MEL2, ME.LOPL3]",ME.LO,2,ME.LOP,2,ME,2,ME.LOP,3
167380566901,mixed,FF->mix,FF,mix,2,1,1,2282,5,1.171,13355,5.852,LO,3,2,2,"[LO.LOPL2, ME.LOPL2] -> LOL3 -> [ME.LOL2, ME.LOPL3]",LO.LOP,2,ME.LOP,2,ME.LO,2,ME.LOP,3
166952533180,mixed,lat->FB,lat,FB,0,2,2,2282,4,1.991,39222,17.188,LO,3,2,2,"[LO.LOPL3, ME.LOPL3] -> LOL3 -> [MEL2, ME.LOL2]",LO.LOP,3,ME.LOP,3,ME,2,ME.LO,2
166238117332,mixed,mix->FB,mix,FB,1,2,1,2282,3,1.162,13355,5.852,LO,3,2,2,"[LO.LOPL2, ME.LOPL3] -> LOL3 -> [ME.LOL2, ME.LOPL2]",LO.LOP,2,ME.LOP,3,ME.LO,2,ME.LOP,2
165443639963,mixed,mix->lat,mix,lat,1,0,3,2282,12,1.411,25096,10.997,LO,3,2,2,"[ME.LOL2, ME.LOPL3] -> LOL3 -> [LO.LOPL3, MEL3]",ME.LO,2,ME.LOP,3,LO.LOP,3,ME,3
164289350004,mixed,mix->mix,mix,mix,1,1,2,2282,9,1.914,15570,6.823,LO,3,2,2,"[LOL2, ME.LOPL3] -> LOL3 -> [LO.LOPL3, ME.LOL2]",LO,2,ME.LOP,3,LO.LOP,3,ME.LO,2
163502728234,mixed,mix->FB,mix,FB,1,2,1,2282,11,1.913,37405,16.391,LO,3,2,2,"[ME.LOL2, ME.LOPL3] -> LOL3 -> [MEL2, ME.LOPL2]",ME.LO,2,ME.LOP,3,ME,2,ME.LOP,2
162492495025,mixed,FF->mix,FF,mix,2,1,1,2282,5,1.416,35925,15.743,LO,3,2,2,"[LO.LOPL2, MEL2] -> LOL3 -> [ME.LOL2, ME.LOPL3]",LO.LOP,2,ME,2,ME.LO,2,ME.LOP,3
155871917445,mixed,mix->mix,mix,mix,1,1,2,2282,11,1.865,15570,6.823,LO,3,2,2,"[ME.LOL2, ME.LOPL3] -> LOL3 -> [LOL2, LO.LOPL3]",ME.LO,2,ME.LOP,3,LO,2,LO.LOP,3
148915628004,mixed,mix->FB,mix,FB,1,2,1,2282,10,1.528,42976,18.833,LO,3,2,2,"[MEL2, MEL3] -> LOL3 -> [LO.LOPL2, ME.LOL2]",ME,2,ME,3,LO.LOP,2,ME.LO,2
148893485054,mixed,mix->FB,mix,FB,1,2,1,2282,7,1.223,20406,8.942,LO,3,2,2,"[MEL3, ME.LOPL2] -> LOL3 -> [LO.LOPL2, ME.LOL2]",ME,3,ME.LOP,2,LO.LOP,2,ME.LO,2
147806731976,mixed,mix->lat,mix,lat,1,0,3,2282,9,1.239,43284,18.968,LO,3,2,2,"[LO.LOPL3, MEL2] -> LOL3 -> [MEL3, ME.LOPL3]",LO.LOP,3,ME,2,ME,3,ME.LOP,3
146994276568,mixed,mix->mix,mix,mix,1,1,2,2282,28,1.968,45849,20.092,LO,3,2,2,"[MEL3, ME.LOL2] -> LOL3 -> [MEL2, ME.LOPL3]",ME,3,ME.LO,2,ME,2,ME.LOP,3
144799436364,mixed,FF->mix,FF,mix,2,1,1,2282,22,1.997,32365,14.183,LO,3,2,2,"[LOL2, MEL2] -> LOL3 -> [LO.LOPL3, ME.LOPL2]",LO,2,ME,2,LO.LOP,3,ME.LOP,2
143731320164,mixed,mix->lat,mix,lat,1,0,3,2282,11,1.568,23251,10.189,LO,3,2,2,"[ME.LOL2, ME.LOPL3] -> LOL3 -> [LO.LOPL3, ME.LOL3]",ME.LO,2,ME.LOP,3,LO.LOP,3,ME.LO,3
143576026387,mixed,lat->mix,lat,mix,0,1,3,2282,9,1.62,23251,10.189,LO,3,2,2,"[ME.LOL3, ME.LOPL3] -> LOL3 -> [LO.LOPL3, ME.LOL2]",ME.LO,3,ME.LOP,3,LO.LOP,3,ME.LO,2
137881294465,mixed,mix->FB,mix,FB,1,2,1,2282,5,1.131,13779,6.038,LO,3,2,2,"[LO.LOPL2, LO.LOPL3] -> LOL3 -> [ME.LOL2, ME.LOPL2]",LO.LOP,2,LO.LOP,3,ME.LO,2,ME.LOP,2
135712384533,mixed,mix->mix,mix,mix,1,1,2,2282,6,1.999,11188,4.903,LO,3,2,2,"[ME.LOPL2, ME.LOPL3] -> LOL3 -> [LOL2, LO.LOPL3]",ME.LOP,2,ME.LOP,3,LO,2,LO.LOP,3
132735263481,mixed,mix->mix,mix,mix,1,1,2,2282,13,1.971,41467,18.171,LO,3,2,2,"[MEL3, ME.LOPL2] -> LOL3 -> [MEL2, ME.LOPL3]",ME,3,ME.LOP,2,ME,2,ME.LOP,3
129765654637,mixed,mix->lat,mix,lat,1,0,3,2282,7,1.631,20714,9.077,LO,3,2,2,"[ME.LOPL2, ME.LOPL3] -> LOL3 -> [LO.LOPL3, MEL3]",ME.LOP,2,ME.LOP,3,LO.LOP,3,ME,3
129406556339,mixed,lat->FB,lat,FB,0,2,2,2282,10,1.958,41467,18.171,LO,3,2,2,"[MEL3, ME.LOPL3] -> LOL3 -> [MEL2, ME.LOPL2]",ME,3,ME.LOP,3,ME,2,ME.LOP,2
127506526297,mixed,lat->mix,lat,mix,0,1,3,2282,10,1.802,19632,8.603,LO,3,2,2,"[MEL3, ME.LOPL3] -> LOL3 -> [LOL2, LO.LOPL3]",ME,3,ME.LOP,3,LO,2,LO.LOP,3
127099036588,mixed,mix->FB,mix,FB,1,2,1,2282,8,1.821,37829,16.577,LO,3,2,2,"[LO.LOPL3, ME.LOL2] -> LOL3 -> [MEL2, ME.LOPL2]",LO.LOP,3,ME.LO,2,ME,2,ME.LOP,2
126891776475,mixed,mix->mix,mix,mix,1,1,2,2282,5,1.588,33758,14.793,LO,3,2,2,"[LO.LOPL3, MEL2] -> LOL3 -> [LOL2, ME.LOPL3]",LO.LOP,3,ME,2,LO,2,ME.LOP,3
124734306967,mixed,mix->lat,mix,lat,1,0,3,2282,5,1.342,41439,18.159,LO,3,2,2,"[LO.LOPL3, MEL2] -> LOL3 -> [ME.LOL3, ME.LOPL3]",LO.LOP,3,ME,2,ME.LO,3,ME.LOP,3
123458663330,mixed,mix->mix,mix,mix,1,1,2,2282,8,1.994,11188,4.903,LO,3,2,2,"[LOL2, LO.LOPL3] -> LOL3 -> [ME.LOPL2, ME.LOPL3]",LO,2,LO.LOP,3,ME.LOP,2,ME.LOP,3
120172435631,mixed,mix->mix,mix,mix,1,1,2,2282,21,1.797,40046,17.549,LO,3,2,2,"[MEL2, ME.LOL3] -> LOL3 -> [LO.LOPL3, ME.LOPL2]",ME,2,ME.LO,3,LO.LOP,3,ME.LOP,2
119593728754,pure_lateral,lat->lat,lat,lat,0,0,4,2282,11,1.506,27313,11.969,LO,3,2,2,"[MEL3, ME.LOPL3] -> LOL3 -> [LO.LOPL3, ME.LOL3]",ME,3,ME.LOP,3,LO.LOP,3,ME.LO,3
118147337133,mixed,FF->mix,FF,mix,2,1,1,2282,22,1.94,14177,6.213,LO,3,2,2,"[LOL2, ME.LOL2] -> LOL3 -> [LO.LOPL3, ME.LOPL2]",LO,2,ME.LO,2,LO.LOP,3,ME.LOP,2
117660646486,mixed,FF->lat,FF,lat,2,0,2,2282,29,1.373,46273,20.277,LO,3,2,2,"[MEL2, ME.LOL2] -> LOL3 -> [LO.LOPL3, MEL3]",ME,2,ME.LO,2,LO.LOP,3,ME,3
116734494556,mixed,mix->lat,mix,lat,1,0,3,2282,6,1.814,18869,8.269,LO,3,2,2,"[ME.LOPL2, ME.LOPL3] -> LOL3 -> [LO.LOPL3, ME.LOL3]",ME.LOP,2,ME.LOP,3,LO.LOP,3,ME.LO,3
115463157246,mixed,mix->mix,mix,mix,1,1,2,2282,5,1.318,21799,9.553,LO,3,2,2,"[LO.LOPL2, MEL3] -> LOL3 -> [ME.LOL2, ME.LOPL3]",LO.LOP,2,ME,3,ME.LO,2,ME.LOP,3
114655092834,mixed,FF->mix,FF,mix,2,1,1,2282,24,1.913,31941,13.997,LO,3,2,2,"[LOL2, MEL2] -> LOL3 -> [ME.LOPL2, ME.LOPL3]",LO,2,ME,2,ME.LOP,2,ME.LOP,3
114216373192,mixed,FF->mix,FF,mix,2,1,1,2282,20,1.871,36747,16.103,LO,3,2,2,"[LOL2, MEL2] -> LOL3 -> [LO.LOPL3, ME.LOL2]",LO,2,ME,2,LO.LOP,3,ME.LO,2
113000378562,mixed,mix->FB,mix,FB,1,2,1,2282,6,1.899,37405,16.391,LO,3,2,2,"[ME.LOPL2, ME.LOPL3] -> LOL3 -> [MEL2, ME.LOL2]",ME.LOP,2,ME.LOP,3,ME,2,ME.LO,2
109088479761,mixed,FF->FB,FF,FB,2,2,0,2282,5,1.181,34532,15.132,LO,3,2,2,"[LO.LOPL2, MEL2] -> LOL3 -> [ME.LOL2, ME.LOPL2]",LO.LOP,2,ME,2,ME.LO,2,ME.LOP,2
108694735232,mixed,FF->mix,FF,mix,2,1,1,2282,24,1.816,36747,16.103,LO,3,2,2,"[MEL2, ME.LOL2] -> LOL3 -> [LOL2, LO.LOPL3]",ME,2,ME.LO,2,LO,2,LO.LOP,3
103799939517,mixed,FF->lat,FF,lat,2,0,2,2282,32,1.264,45849,20.092,LO,3,2,2,"[MEL2, ME.LOL2] -> LOL3 -> [MEL3, ME.LOPL3]",ME,2,ME.LO,2,ME,3,ME.LOP,3
103059878370,mixed,lat->mix,lat,mix,0,1,3,2282,8,1.778,18869,8.269,LO,3,2,2,"[LO.LOPL3, ME.LOL3] -> LOL3 -> [ME.LOPL2, ME.LOPL3]",LO.LOP,3,ME.LO,3,ME.LOP,2,ME.LOP,3
101577711820,mixed,FF->lat,FF,lat,2,0,2,2282,24,1.52,44428,19.469,LO,3,2,2,"[MEL2, ME.LOL2] -> LOL3 -> [LO.LOPL3, ME.LOL3]",ME,2,ME.LO,2,LO.LOP,3,ME.LO,3
101569758232,mixed,mix->lat,mix,lat,1,0,3,2282,9,1.359,25096,10.997,LO,3,2,2,"[LO.LOPL3, ME.LOL2] -> LOL3 -> [MEL3, ME.LOPL3]",LO.LOP,3,ME.LO,2,ME,3,ME.LOP,3
101257192372,mixed,mix->mix,mix,mix,1,1,2,2282,19,1.569,44428,19.469,LO,3,2,2,"[MEL2, ME.LOL3] -> LOL3 -> [LO.LOPL3, ME.LOL2]",ME,2,ME.LO,3,LO.LOP,3,ME.LO,2
100248273498,mixed,mix->mix,mix,mix,1,1,2,2282,23,1.618,39622,17.363,LO,3,2,2,"[MEL2, ME.LOL3] -> LOL3 -> [ME.LOPL2, ME.LOPL3]",ME,2,ME.LO,3,ME.LOP,2,ME.LOP,3
99890775298,mixed,lat->FB,lat,FB,0,2,2,2282,7,1.882,41891,18.357,LO,3,2,2,"[LO.LOPL3, MEL3] -> LOL3 -> [MEL2, ME.LOPL2]",LO.LOP,3,ME,3,ME,2,ME.LOP,2
97846155660,mixed,lat->FB,lat,FB,0,2,2,2282,11,1.986,45849,20.092,LO,3,2,2,"[MEL3, ME.LOPL3] -> LOL3 -> [MEL2, ME.LOL2]",ME,3,ME.LOP,3,ME,2,ME.LO,2
97812537442,mixed,mix->mix,mix,mix,1,1,2,2282,6,1.854,15570,6.823,LO,3,2,2,"[LOL2, LO.LOPL3] -> LOL3 -> [ME.LOL2, ME.LOPL3]",LO,2,LO.LOP,3,ME.LO,2,ME.LOP,3
94092809156,mixed,FF->mix,FF,mix,2,1,1,2282,18,1.698,36323,15.917,LO,3,2,2,"[LOL2, MEL2] -> LOL3 -> [ME.LOL2, ME.LOPL3]",LO,2,ME,2,ME.LO,2,ME.LOP,3
93756773377,mixed,mix->mix,mix,mix,1,1,2,2282,18,1.977,18239,7.993,LO,3,2,2,"[LOL2, MEL3] -> LOL3 -> [LO.LOPL3, ME.LOPL2]",LO,2,ME,3,LO.LOP,3,ME.LOP,2
93418465619,mixed,FF->mix,FF,mix,2,1,1,2282,11,1.988,32365,14.183,LO,3,2,2,"[MEL2, ME.LOPL2] -> LOL3 -> [LOL2, LO.LOPL3]",ME,2,ME.LOP,2,LO,2,LO.LOP,3
93184840983,mixed,mix->mix,mix,mix,1,1,2,2282,5,1.798,15570,6.823,LO,3,2,2,"[LO.LOPL3, ME.LOL2] -> LOL3 -> [LOL2, ME.LOPL3]",LO.LOP,3,ME.LO,2,LO,2,ME.LOP,3
91837584112,mixed,mix->mix,mix,mix,1,1,2,2282,21,1.964,21858,9.578,LO,3,2,2,"[ME.LOL2, ME.LOL3] -> LOL3 -> [LO.LOPL3, ME.LOPL2]",ME.LO,2,ME.LO,3,LO.LOP,3,ME.LOP,2
91822353180,mixed,lat->FB,lat,FB,0,2,2,2282,4,1.829,33360,14.619,LO,3,2,2,"[LO.LOPL3, ME.LOPL3] -> LOL3 -> [LO.LOPL2, MEL2]",LO.LOP,3,ME.LOP,3,LO.LOP,2,ME,2
91474535676,mixed,FF->lat,FF,lat,2,0,2,2282,12,1.579,41891,18.357,LO,3,2,2,"[MEL2, ME.LOPL2] -> LOL3 -> [LO.LOPL3, MEL3]",ME,2,ME.LOP,2,LO.LOP,3,ME,3
90402752626,mixed,FF->mix,FF,mix,2,1,1,2282,26,1.637,36323,15.917,LO,3,2,2,"[MEL2, ME.LOL2] -> LOL3 -> [LOL2, ME.LOPL3]",ME,2,ME.LO,2,LO,2,ME.LOP,3
90038854452,mixed,FF->mix,FF,mix,2,1,1,2282,24,2.0,13753,6.027,LO,3,2,2,"[LOL2, ME.LOL2] -> LOL3 -> [ME.LOPL2, ME.LOPL3]",LO,2,ME.LO,2,ME.LOP,2,ME.LOP,3
89207066241,mixed,mix->mix,mix,mix,1,1,2,2282,21,1.749,40809,17.883,LO,3,2,2,"[MEL2, MEL3] -> LOL3 -> [LOL2, LO.LOPL3]",ME,2,ME,3,LO,2,LO.LOP,3
87998588858,mixed,mix->FB,mix,FB,1,2,1,2282,6,1.804,37829,16.577,LO,3,2,2,"[LO.LOPL3, ME.LOPL2] -> LOL3 -> [MEL2, ME.LOL2]",LO.LOP,3,ME.LOP,2,ME,2,ME.LO,2
87980596171,mixed,FF->lat,FF,lat,2,0,2,2282,26,1.376,44004,19.283,LO,3,2,2,"[MEL2, ME.LOL2] -> LOL3 -> [ME.LOL3, ME.LOPL3]",ME,2,ME.LO,2,ME.LO,3,ME.LOP,3
87494440313,mixed,mix->lat,mix,lat,1,0,3,2282,5,1.502,23251,10.189,LO,3,2,2,"[LO.LOPL3, ME.LOL2] -> LOL3 -> [ME.LOL3, ME.LOPL3]",LO.LOP,3,ME.LO,2,ME.LO,3,ME.LOP,3
87162553522,mixed,mix->mix,mix,mix,1,1,2,2282,19,1.415,44004,19.283,LO,3,2,2,"[MEL2, ME.LOL3] -> LOL3 -> [ME.LOL2, ME.LOPL3]",ME,2,ME.LO,3,ME.LO,2,ME.LOP,3
87154476060,mixed,lat->mix,lat,mix,0,1,3,2282,6,1.55,23251,10.189,LO,3,2,2,"[LO.LOPL3, ME.LOL3] -> LOL3 -> [ME.LOL2, ME.LOPL3]",LO.LOP,3,ME.LO,3,ME.LO,2,ME.LOP,3
85466952778,mixed,mix->mix,mix,mix,1,1,2,2282,6,1.946,9708,4.254,LO,3,2,2,"[LOL2, ME.LOPL3] -> LOL3 -> [LO.LOPL2, LO.LOPL3]",LO,2,ME.LOP,3,LO.LOP,2,LO.LOP,3
84729996187,mixed,mix->lat,mix,lat,1,0,3,2282,23,1.461,48490,21.249,LO,3,2,2,"[MEL2, MEL3] -> LOL3 -> [LO.LOPL3, ME.LOL3]",ME,2,ME,3,LO.LOP,3,ME.LO,3
81620434928,mixed,FF->lat,FF,lat,2,0,2,2282,9,1.762,40046,17.549,LO,3,2,2,"[MEL2, ME.LOPL2] -> LOL3 -> [LO.LOPL3, ME.LOL3]",ME,2,ME.LOP,2,LO.LOP,3,ME.LO,3
81598829810,mixed,FF->mix,FF,mix,2,1,1,2282,8,1.928,14177,6.213,LO,3,2,2,"[LOL2, ME.LOPL2] -> LOL3 -> [LO.LOPL3, ME.LOL2]",LO,2,ME.LOP,2,LO.LOP,3,ME.LO,2
79717137379,mixed,mix->mix,mix,mix,1,1,2,2282,5,1.981,11188,4.903,LO,3,2,2,"[LO.LOPL3, ME.LOPL2] -> LOL3 -> [LOL2, ME.LOPL3]",LO.LOP,3,ME.LOP,2,LO,2,ME.LOP,3
79455473774,mixed,mix->mix,mix,mix,1,1,2,2282,3,1.539,33360,14.619,LO,3,2,2,"[LO.LOPL2, ME.LOPL3] -> LOL3 -> [LO.LOPL3, MEL2]",LO.LOP,2,ME.LOP,3,LO.LOP,3,ME,2
79451712750,mixed,mix->FB,mix,FB,1,2,1,2282,5,1.136,20406,8.942,LO,3,2,2,"[LO.LOPL2, MEL3] -> LOL3 -> [ME.LOL2, ME.LOPL2]",LO.LOP,2,ME,3,ME.LO,2,ME.LOP,2
78722070752,mixed,mix->lat,mix,lat,1,0,3,2282,8,1.561,20714,9.077,LO,3,2,2,"[LO.LOPL3, ME.LOPL2] -> LOL3 -> [MEL3, ME.LOPL3]",LO.LOP,3,ME.LOP,2,ME,3,ME.LOP,3
78633418951,mixed,FF->lat,FF,lat,2,0,2,2282,15,1.423,41467,18.171,LO,3,2,2,"[MEL2, ME.LOPL2] -> LOL3 -> [MEL3, ME.LOPL3]",ME,2,ME.LOP,2,ME,3,ME.LOP,3
77274908412,mixed,lat->FB,lat,FB,0,2,2,2282,4,1.99,11188,4.903,LO,3,2,2,"[LO.LOPL3, ME.LOPL3] -> LOL3 -> [LOL2, ME.LOPL2]",LO.LOP,3,ME.LOP,3,LO,2,ME.LOP,2
76567058990,mixed,lat->mix,lat,mix,0,1,3,2282,4,1.73,19632,8.603,LO,3,2,2,"[LO.LOPL3, MEL3] -> LOL3 -> [LOL2, ME.LOPL3]",LO.LOP,3,ME,3,LO,2,ME.LOP,3
75530038796,mixed,FF->mix,FF,mix,2,1,1,2282,11,1.965,14177,6.213,LO,3,2,2,"[ME.LOL2, ME.LOPL2] -> LOL3 -> [LOL2, LO.LOPL3]",ME.LO,2,ME.LOP,2,LO,2,LO.LOP,3
75447632452,mixed,lat->mix,lat,mix,0,1,3,2282,5,1.586,20714,9.077,LO,3,2,2,"[LO.LOPL3, ME.LOPL3] -> LOL3 -> [MEL3, ME.LOPL2]",LO.LOP,3,ME.LOP,3,ME,3,ME.LOP,2
75150831540,mixed,mix->mix,mix,mix,1,1,2,2282,11,1.444,41467,18.171,LO,3,2,2,"[MEL2, ME.LOPL3] -> LOL3 -> [MEL3, ME.LOPL2]",ME,2,ME.LOP,3,ME,3,ME.LOP,2
74952893473,mixed,mix->mix,mix,mix,1,1,2,2282,22,1.571,40385,17.697,LO,3,2,2,"[MEL2, MEL3] -> LOL3 -> [LOL2, ME.LOPL3]",ME,2,ME,3,LO,2,ME.LOP,3
74538970840,mixed,FF->mix,FF,mix,2,1,1,2282,12,1.879,31941,13.997,LO,3,2,2,"[MEL2, ME.LOPL2] -> LOL3 -> [LOL2, ME.LOPL3]",ME,2,ME.LOP,2,LO,2,ME.LOP,3
74451413582,mixed,lat->mix,lat,mix,0,1,3,2282,17,1.921,25920,11.358,LO,3,2,2,"[MEL3, ME.LOL3] -> LOL3 -> [LO.LOPL3, ME.LOPL2]",ME,3,ME.LO,3,LO.LOP,3,ME.LOP,2
74021637433,mixed,mix->mix,mix,mix,1,1,2,2282,23,1.827,21434,9.393,LO,3,2,2,"[ME.LOL2, ME.LOL3] -> LOL3 -> [ME.LOPL2, ME.LOPL3]",ME.LO,2,ME.LO,3,ME.LOP,2,ME.LOP,3
73984180245,mixed,mix->FB,mix,FB,1,2,1,2282,20,1.837,44456,19.481,LO,3,2,2,"[MEL3, ME.LOL2] -> LOL3 -> [MEL2, ME.LOPL2]",ME,3,ME.LO,2,ME,2,ME.LOP,2
73927333257,mixed,mix->lat,mix,lat,1,0,3,2282,25,1.33,48066,21.063,LO,3,2,2,"[MEL2, MEL3] -> LOL3 -> [ME.LOL3, ME.LOPL3]",ME,2,ME,3,ME.LO,3,ME.LOP,3
73670851704,mixed,lat->FB,lat,FB,0,2,2,2282,9,1.999,46273,20.277,LO,3,2,2,"[LO.LOPL3, MEL3] -> LOL3 -> [MEL2, ME.LOL2]",LO.LOP,3,ME,3,ME,2,ME.LO,2
73045954916,pure_lateral,lat->lat,lat,lat,0,0,4,2282,5,1.445,27313,11.969,LO,3,2,2,"[LO.LOPL3, MEL3] -> LOL3 -> [ME.LOL3, ME.LOPL3]",LO.LOP,3,ME,3,ME.LO,3,ME.LOP,3
72339978917,mixed,mix->mix,mix,mix,1,1,2,2282,21,1.99,17815,7.807,LO,3,2,2,"[LOL2, MEL3] -> LOL3 -> [ME.LOPL2, ME.LOPL3]",LO,2,ME,3,ME.LOP,2,ME.LOP,3
71959852922,mixed,mix->FB,mix,FB,1,2,1,2282,10,1.9,31941,13.997,LO,3,2,2,"[MEL2, ME.LOPL3] -> LOL3 -> [LOL2, ME.LOPL2]",ME,2,ME.LOP,3,LO,2,ME.LOP,2
71544184377,mixed,mix->mix,mix,mix,1,1,2,2282,19,1.97,22621,9.913,LO,3,2,2,"[LOL2, MEL3] -> LOL3 -> [LO.LOPL3, ME.LOL2]",LO,2,ME,3,LO.LOP,3,ME.LO,2
70040254625,mixed,mix->lat,mix,lat,1,0,3,2282,5,1.743,18869,8.269,LO,3,2,2,"[LO.LOPL3, ME.LOPL2] -> LOL3 -> [ME.LOL3, ME.LOPL3]",LO.LOP,3,ME.LOP,2,ME.LO,3,ME.LOP,3
69065511788,mixed,mix->FB,mix,FB,1,2,1,2282,5,1.537,31543,13.823,LO,3,2,2,"[ME.LOPL2, ME.LOPL3] -> LOL3 -> [LO.LOPL2, MEL2]",ME.LOP,2,ME.LOP,3,LO.LOP,2,ME,2
68449012860,mixed,FF->lat,FF,lat,2,0,2,2282,10,1.584,39622,17.363,LO,3,2,2,"[MEL2, ME.LOPL2] -> LOL3 -> [ME.LOL3, ME.LOPL3]",ME,2,ME.LOP,2,ME.LO,3,ME.LOP,3
68194349622,mixed,mix->FB,mix,FB,1,2,1,2282,8,1.781,35925,15.743,LO,3,2,2,"[ME.LOL2, ME.LOPL3] -> LOL3 -> [LO.LOPL2, MEL2]",ME.LO,2,ME.LOP,3,LO.LOP,2,ME,2
67519015920,mixed,mix->mix,mix,mix,1,1,2,2282,23,1.935,22621,9.913,LO,3,2,2,"[MEL3, ME.LOL2] -> LOL3 -> [LOL2, LO.LOPL3]",ME,3,ME.LO,2,LO,2,LO.LOP,3
67386587056,mixed,lat->mix,lat,mix,0,1,3,2282,4,1.769,18869,8.269,LO,3,2,2,"[LO.LOPL3, ME.LOPL3] -> LOL3 -> [ME.LOL3, ME.LOPL2]",LO.LOP,3,ME.LOP,3,ME.LO,3,ME.LOP,2
67155079660,mixed,mix->mix,mix,mix,1,1,2,2282,14,1.288,45849,20.092,LO,3,2,2,"[MEL2, ME.LOPL3] -> LOL3 -> [MEL3, ME.LOL2]",ME,2,ME.LOP,3,ME,3,ME.LO,2
67068673628,mixed,FF->lat,FF,lat,2,0,2,2282,12,1.789,23703,10.387,LO,3,2,2,"[ME.LOL2, ME.LOPL2] -> LOL3 -> [LO.LOPL3, MEL3]",ME.LO,2,ME.LOP,2,LO.LOP,3,ME,3
66629568693,mixed,lat->mix,lat,mix,0,1,3,2282,6,1.959,17389,7.62,LO,3,2,2,"[ME.LOL3, ME.LOPL3] -> LOL3 -> [LO.LOPL2, LO.LOPL3]",ME.LO,3,ME.LOP,3,LO.LOP,2,LO.LOP,3
65940629477,mixed,lat->mix,lat,mix,0,1,3,2282,5,1.39,25096,10.997,LO,3,2,2,"[LO.LOPL3, ME.LOPL3] -> LOL3 -> [MEL3, ME.LOL2]",LO.LOP,3,ME.LOP,3,ME,3,ME.LO,2
65632113159,mixed,mix->mix,mix,mix,1,1,2,2282,10,1.609,39622,17.363,LO,3,2,2,"[MEL2, ME.LOPL3] -> LOL3 -> [ME.LOL3, ME.LOPL2]",ME,2,ME.LOP,3,ME.LO,3,ME.LOP,2
63075467981,mixed,mix->mix,mix,mix,1,1,2,2282,8,1.972,21858,9.578,LO,3,2,2,"[ME.LOL3, ME.LOPL2] -> LOL3 -> [LO.LOPL3, ME.LOL2]",ME.LO,3,ME.LOP,2,LO.LOP,3,ME.LO,2
61986480408,mixed,FF->mix,FF,mix,2,1,1,2282,9,2.0,13753,6.027,LO,3,2,2,"[LOL2, ME.LOPL2] -> LOL3 -> [ME.LOL2, ME.LOPL3]",LO,2,ME.LOP,2,ME.LO,2,ME.LOP,3
61934963004,mixed,FF->lat,FF,lat,2,0,2,2282,9,1.943,21858,9.578,LO,3,2,2,"[ME.LOL2, ME.LOPL2] -> LOL3 -> [LO.LOPL3, ME.LOL3]",ME.LO,2,ME.LOP,2,LO.LOP,3,ME.LO,3
61459409093,mixed,lat->FB,lat,FB,0,2,2,2282,5,1.839,15570,6.823,LO,3,2,2,"[LO.LOPL3, ME.LOPL3] -> LOL3 -> [LOL2, ME.LOL2]",LO.LOP,3,ME.LOP,3,LO,2,ME.LO,2
60955751338,mixed,lat->mix,lat,mix,0,1,3,2282,19,1.709,30302,13.279,LO,3,2,2,"[MEL3, ME.LOL3] -> LOL3 -> [LO.LOPL3, ME.LOL2]",ME,3,ME.LO,3,LO.LOP,3,ME.LO,2
60791291123,mixed,mix->lat,mix,lat,1,0,3,2282,24,1.656,30302,13.279,LO,3,2,2,"[MEL3, ME.LOL2] -> LOL3 -> [LO.LOPL3, ME.LOL3]",ME,3,ME.LO,2,LO.LOP,3,ME.LO,3
60708065628,mixed,lat->mix,lat,mix,0,1,3,2282,20,1.761,25496,11.173,LO,3,2,2,"[MEL3, ME.LOL3] -> LOL3 -> [ME.LOPL2, ME.LOPL3]",ME,3,ME.LO,3,ME.LOP,2,ME.LOP,3
60262904562,mixed,mix->FB,mix,FB,1,2,1,2282,8,1.997,13753,6.027,LO,3,2,2,"[LOL2, ME.LOPL3] -> LOL3 -> [ME.LOL2, ME.LOPL2]",LO,2,ME.LOP,3,ME.LO,2,ME.LOP,2
60113004584,mixed,mix->mix,mix,mix,1,1,2,2282,9,1.992,18239,7.993,LO,3,2,2,"[MEL3, ME.LOPL2] -> LOL3 -> [LOL2, LO.LOPL3]",ME,3,ME.LOP,2,LO,2,LO.LOP,3
59265128726,mixed,mix->FB,mix,FB,1,2,1,2282,15,1.681,36323,15.917,LO,3,2,2,"[MEL2, ME.LOPL3] -> LOL3 -> [LOL2, ME.LOL2]",ME,2,ME.LOP,3,LO,2,ME.LO,2
58230475992,mixed,FF->mix,FF,mix,2,1,1,2282,23,1.975,30885,13.534,LO,3,2,2,"[LOL2, MEL2] -> LOL3 -> [LO.LOPL2, LO.LOPL3]",LO,2,ME,2,LO.LOP,2,LO.LOP,3
58010724607,mixed,FF->mix,FF,mix,2,1,1,2282,12,1.996,13753,6.027,LO,3,2,2,"[ME.LOL2, ME.LOPL2] -> LOL3 -> [LOL2, ME.LOPL3]",ME.LO,2,ME.LOP,2,LO,2,ME.LOP,3
57542657860,mixed,mix->mix,mix,mix,1,1,2,2282,17,1.838,22197,9.727,LO,3,2,2,"[LOL2, MEL3] -> LOL3 -> [ME.LOL2, ME.LOPL3]",LO,2,ME,3,ME.LO,2,ME.LOP,3
57151581778,mixed,mix->mix,mix,mix,1,1,2,2282,15,1.407,44004,19.283,LO,3,2,2,"[MEL2, ME.LOPL3] -> LOL3 -> [ME.LOL2, ME.LOL3]",ME,2,ME.LOP,3,ME.LO,2,ME.LO,3
57088762440,mixed,lat->mix,lat,mix,0,1,3,2282,5,1.542,23251,10.189,LO,3,2,2,"[LO.LOPL3, ME.LOPL3] -> LOL3 -> [ME.LOL2, ME.LOL3]",LO.LOP,3,ME.LOP,3,ME.LO,2,ME.LO,3
56307782875,mixed,mix->FB,mix,FB,1,2,1,2282,10,1.999,13753,6.027,LO,3,2,2,"[ME.LOL2, ME.LOPL3] -> LOL3 -> [LOL2, ME.LOPL2]",ME.LO,2,ME.LOP,3,LO,2,ME.LOP,2
56023539972,mixed,FF->lat,FF,lat,2,0,2,2282,15,1.609,23279,10.201,LO,3,2,2,"[ME.LOL2, ME.LOPL2] -> LOL3 -> [MEL3, ME.LOPL3]",ME.LO,2,ME.LOP,2,ME,3,ME.LOP,3
55588777671,mixed,mix->FB,mix,FB,1,2,1,2282,6,1.444,31967,14.008,LO,3,2,2,"[LO.LOPL3, ME.LOPL2] -> LOL3 -> [LO.LOPL2, MEL2]",LO.LOP,3,ME.LOP,2,LO.LOP,2,ME,2
54874008846,mixed,mix->mix,mix,mix,1,1,2,2282,23,1.78,22197,9.727,LO,3,2,2,"[MEL3, ME.LOL2] -> LOL3 -> [LOL2, ME.LOPL3]",ME,3,ME.LO,2,LO,2,ME.LOP,3
53939969631,mixed,mix->mix,mix,mix,1,1,2,2282,12,1.555,33758,14.793,LO,3,2,2,"[LOL2, ME.LOPL3] -> LOL3 -> [LO.LOPL3, MEL2]",LO,2,ME.LOP,3,LO.LOP,3,ME,2
53778745369,mixed,mix->FB,mix,FB,1,2,1,2282,6,1.673,36349,15.929,LO,3,2,2,"[LO.LOPL3, ME.LOL2] -> LOL3 -> [LO.LOPL2, MEL2]",LO.LOP,3,ME.LO,2,LO.LOP,2,ME,2
53746491086,mixed,mix->mix,mix,mix,1,1,2,2282,11,1.635,23279,10.201,LO,3,2,2,"[ME.LOL2, ME.LOPL3] -> LOL3 -> [MEL3, ME.LOPL2]",ME.LO,2,ME.LOP,3,ME,3,ME.LOP,2
53457804642,mixed,lat->FB,lat,FB,0,2,2,2282,7,1.846,39987,17.523,LO,3,2,2,"[MEL3, ME.LOPL3] -> LOL3 -> [LO.LOPL2, MEL2]",ME,3,ME.LOP,3,LO.LOP,2,ME,2
53325642969,mixed,mix->FB,mix,FB,1,2,1,2282,5,1.969,32365,14.183,LO,3,2,2,"[LO.LOPL3, MEL2] -> LOL3 -> [LOL2, ME.LOPL2]",LO.LOP,3,ME,2,LO,2,ME.LOP,2
53283062930,mixed,mix->mix,mix,mix,1,1,2,2282,8,1.536,41891,18.357,LO,3,2,2,"[LO.LOPL3, MEL2] -> LOL3 -> [MEL3, ME.LOPL2]",LO.LOP,3,ME,2,ME,3,ME.LOP,2
52142043870,mixed,FF->mix,FF,mix,2,1,1,2282,4,1.254,31967,14.008,LO,3,2,2,"[LO.LOPL2, ME.LOPL2] -> LOL3 -> [LO.LOPL3, MEL2]",LO.LOP,2,ME.LOP,2,LO.LOP,3,ME,2
51741956618,mixed,mix->lat,mix,lat,1,0,3,2282,25,1.487,29878,13.093,LO,3,2,2,"[MEL3, ME.LOL2] -> LOL3 -> [ME.LOL3, ME.LOPL3]",ME,3,ME.LO,2,ME.LO,3,ME.LOP,3
51507356819,mixed,lat->mix,lat,mix,0,1,3,2282,17,1.534,29878,13.093,LO,3,2,2,"[MEL3, ME.LOL3] -> LOL3 -> [ME.LOL2, ME.LOPL3]",ME,3,ME.LO,3,ME.LO,2,ME.LOP,3
51496555153,mixed,lat->mix,lat,mix,0,1,3,2282,12,1.315,41439,18.159,LO,3,2,2,"[ME.LOL3, ME.LOPL3] -> LOL3 -> [LO.LOPL3, MEL2]",ME.LO,3,ME.LOP,3,LO.LOP,3,ME,2
51209123612,mixed,mix->FB,mix,FB,1,2,1,2282,13,1.82,44456,19.481,LO,3,2,2,"[MEL3, ME.LOPL2] -> LOL3 -> [MEL2, ME.LOL2]",ME,3,ME.LOP,2,ME,2,ME.LO,2
50682425983,mixed,mix->mix,mix,mix,1,1,2,2282,9,1.843,21434,9.393,LO,3,2,2,"[ME.LOL3, ME.LOPL2] -> LOL3 -> [ME.LOL2, ME.LOPL3]",ME.LO,3,ME.LOP,2,ME.LO,2,ME.LOP,3
50328843335,mixed,mix->lat,mix,lat,1,0,3,2282,9,1.894,25920,11.358,LO,3,2,2,"[MEL3, ME.LOPL2] -> LOL3 -> [LO.LOPL3, ME.LOL3]",ME,3,ME.LOP,2,LO.LOP,3,ME.LO,3
50225174897,mixed,FF->lat,FF,lat,2,0,2,2282,10,1.793,21434,9.393,LO,3,2,2,"[ME.LOL2, ME.LOPL2] -> LOL3 -> [ME.LOL3, ME.LOPL3]",ME.LO,2,ME.LOP,2,ME.LO,3,ME.LOP,3
49504276652,mixed,mix->mix,mix,mix,1,1,2,2282,6,1.982,9708,4.254,LO,3,2,2,"[LOL2, LO.LOPL3] -> LOL3 -> [LO.LOPL2, ME.LOPL3]",LO,2,LO.LOP,3,LO.LOP,2,ME.LOP,3
49238548589,mixed,FF->mix,FF,mix,2,1,1,2282,9,1.573,8315,3.644,LO,3,2,2,"[LOL2, ME.LOPL2] -> LOL3 -> [LO.LOPL2, LO.LOPL3]",LO,2,ME.LOP,2,LO.LOP,2,LO.LOP,3
49007376956,mixed,FF->mix,FF,mix,2,1,1,2282,17,1.819,12697,5.564,LO,3,2,2,"[LOL2, ME.LOL2] -> LOL3 -> [LO.LOPL2, LO.LOPL3]",LO,2,ME.LO,2,LO.LOP,2,LO.LOP,3
48880965998,mixed,lat->FB,lat,FB,0,2,2,2282,8,1.866,21434,9.393,LO,3,2,2,"[ME.LOL3, ME.LOPL3] -> LOL3 -> [ME.LOL2, ME.LOPL2]",ME.LO,3,ME.LOP,3,ME.LO,2,ME.LOP,2
48389749920,mixed,mix->mix,mix,mix,1,1,2,1,1,1.0,3966,3966.0,MB_ML.MB_CA,3,2,2,"[MB_CA.MB_MLL2, MB_CA.MB_MLL3] -> MB_ML.MB_CAL3 -> [MB_CA.MB_VLL2, MB_CA.MB_VLL3]",MB_CA.MB_ML,2,MB_CA.MB_ML,3,MB_CA.MB_VL,2,MB_CA.MB_VL,3
48389749920,mixed,FF->lat,FF,lat,2,0,2,1,1,1.0,3966,3966.0,MB_ML.MB_CA,3,2,2,"[MB_CA.MB_MLL2, MB_CA.MB_VLL2] -> MB_ML.MB_CAL3 -> [MB_CA.MB_MLL3, MB_CA.MB_VLL3]",MB_CA.MB_ML,2,MB_CA.MB_VL,2,MB_CA.MB_ML,3,MB_CA.MB_VL,3
48389749920,mixed,mix->mix,mix,mix,1,1,2,1,1,1.0,3966,3966.0,MB_ML.MB_CA,3,2,2,"[MB_CA.MB_MLL2, MB_CA.MB_VLL3] -> MB_ML.MB_CAL3 -> [MB_CA.MB_MLL3, MB_CA.MB_VLL2]",MB_CA.MB_ML,2,MB_CA.MB_VL,3,MB_CA.MB_ML,3,MB_CA.MB_VL,2
48389749920,mixed,mix->mix,mix,mix,1,1,2,1,1,1.0,3966,3966.0,MB_ML.MB_CA,3,2,2,"[MB_CA.MB_MLL3, MB_CA.MB_VLL2] -> MB_ML.MB_CAL3 -> [MB_CA.MB_MLL2, MB_CA.MB_VLL3]",MB_CA.MB_ML,3,MB_CA.MB_VL,2,MB_CA.MB_ML,2,MB_CA.MB_VL,3
48389749920,mixed,lat->FB,lat,FB,0,2,2,1,1,1.0,3966,3966.0,MB_ML.MB_CA,3,2,2,"[MB_CA.MB_MLL3, MB_CA.MB_VLL3] -> MB_ML.MB_CAL3 -> [MB_CA.MB_MLL2, MB_CA.MB_VLL2]",MB_CA.MB_ML,3,MB_CA.MB_VL,3,MB_CA.MB_ML,2,MB_CA.MB_VL,2
48389749920,mixed,mix->mix,mix,mix,1,1,2,1,1,1.0,3966,3966.0,MB_ML.MB_CA,3,2,2,"[MB_CA.MB_VLL2, MB_CA.MB_VLL3] -> MB_ML.MB_CAL3 -> [MB_CA.MB_MLL2, MB_CA.MB_MLL3]",MB_CA.MB_VL,2,MB_CA.MB_VL,3,MB_CA.MB_ML,2,MB_CA.MB_ML,3
48378440528,mixed,mix->mix,mix,mix,1,1,2,2282,10,1.818,21434,9.393,LO,3,2,2,"[ME.LOL2, ME.LOPL3] -> LOL3 -> [ME.LOL3, ME.LOPL2]",ME.LO,2,ME.LOP,3,ME.LO,3,ME.LOP,2
48229283382,mixed,FF->mix,FF,mix,2,1,1,2282,4,1.407,36349,15.929,LO,3,2,2,"[LO.LOPL2, ME.LOL2] -> LOL3 -> [LO.LOPL3, MEL2]",LO.LOP,2,ME.LO,2,LO.LOP,3,ME,2
47219249175,mixed,mix->mix,mix,mix,1,1,2,2282,5,1.716,40046,17.549,LO,3,2,2,"[LO.LOPL3, MEL2] -> LOL3 -> [ME.LOL3, ME.LOPL2]",LO.LOP,3,ME,2,ME.LO,3,ME.LOP,2
46935994977,mixed,mix->mix,mix,mix,1,1,2,2282,9,1.353,46273,20.277,LO,3,2,2,"[LO.LOPL3, MEL2] -> LOL3 -> [MEL3, ME.LOL2]",LO.LOP,3,ME,2,ME,3,ME.LO,2
46745600672,mixed,mix->mix,mix,mix,1,1,2,2282,10,1.974,17815,7.807,LO,3,2,2,"[MEL3, ME.LOPL2] -> LOL3 -> [LOL2, ME.LOPL3]",ME,3,ME.LOP,2,LO,2,ME.LOP,3
46159013363,mixed,mix->mix,mix,mix,1,1,2,2282,15,1.925,38566,16.9,LO,3,2,2,"[MEL2, ME.LOL3] -> LOL3 -> [LO.LOPL2, LO.LOPL3]",ME,2,ME.LO,3,LO.LOP,2,LO.LOP,3
45988684922,mixed,mix->FB,mix,FB,1,2,1,2282,6,1.958,14177,6.213,LO,3,2,2,"[LOL2, LO.LOPL3] -> LOL3 -> [ME.LOL2, ME.LOPL2]",LO,2,LO.LOP,3,ME.LO,2,ME.LOP,2
45292621896,mixed,lat->FB,lat,FB,0,2,2,2282,9,1.984,17815,7.807,LO,3,2,2,"[MEL3, ME.LOPL3] -> LOL3 -> [LOL2, ME.LOPL2]",ME,3,ME.LOP,3,LO,2,ME.LOP,2
44882961953,mixed,FF->mix,FF,mix,2,1,1,2282,13,1.991,30461,13.348,LO,3,2,2,"[LOL2, MEL2] -> LOL3 -> [LO.LOPL2, ME.LOPL3]",LO,2,ME,2,LO.LOP,2,ME.LOP,3
44728160704,mixed,mix->mix,mix,mix,1,1,2,2282,5,1.608,33360,14.619,LO,3,2,2,"[LO.LOPL2, LO.LOPL3] -> LOL3 -> [MEL2, ME.LOPL3]",LO.LOP,2,LO.LOP,3,ME,2,ME.LOP,3
42917987736,mixed,mix->FB,mix,FB,1,2,1,2282,10,1.788,36747,16.103,LO,3,2,2,"[LO.LOPL3, MEL2] -> LOL3 -> [LOL2, ME.LOL2]",LO.LOP,3,ME,2,LO,2,ME.LO,2
42688252959,mixed,mix->FB,mix,FB,1,2,1,2282,5,1.985,14177,6.213,LO,3,2,2,"[LO.LOPL3, ME.LOL2] -> LOL3 -> [LOL2, ME.LOPL2]",LO.LOP,3,ME.LO,2,LO,2,ME.LOP,2
41934126285,mixed,FF->FB,FF,FB,2,2,0,2282,9,1.405,34532,15.132,LO,3,2,2,"[ME.LOL2, ME.LOPL2] -> LOL3 -> [LO.LOPL2, MEL2]",ME.LO,2,ME.LOP,2,LO.LOP,2,ME,2
41887743120,mixed,lat->FB,lat,FB,0,2,2,2282,5,1.742,40411,17.709,LO,3,2,2,"[LO.LOPL3, MEL3] -> LOL3 -> [LO.LOPL2, MEL2]",LO.LOP,3,ME,3,LO.LOP,2,ME,2
41338274422,mixed,FF->FB,FF,FB,2,2,0,2282,15,2.0,34930,15.307,LO,3,2,2,"[LOL2, MEL2] -> LOL3 -> [ME.LOL2, ME.LOPL2]",LO,2,ME,2,ME.LO,2,ME.LOP,2
41280086603,mixed,mix->lat,mix,lat,1,0,3,2282,10,1.725,25496,11.173,LO,3,2,2,"[MEL3, ME.LOPL2] -> LOL3 -> [ME.LOL3, ME.LOPL3]",ME,3,ME.LOP,2,ME.LO,3,ME.LOP,3
40425485776,mixed,FF->lat,FF,lat,2,0,2,2282,4,1.754,9708,4.254,LO,3,2,2,"[LOL2, LO.LOPL2] -> LOL3 -> [LO.LOPL3, ME.LOPL3]",LO,2,LO.LOP,2,LO.LOP,3,ME.LOP,3
40389119063,mixed,mix->mix,mix,mix,1,1,2,2282,10,1.494,44428,19.469,LO,3,2,2,"[LO.LOPL3, MEL2] -> LOL3 -> [ME.LOL2, ME.LOL3]",LO.LOP,3,ME,2,ME.LO,2,ME.LO,3
39700285507,mixed,lat->mix,lat,mix,0,1,3,2282,10,1.751,25496,11.173,LO,3,2,2,"[MEL3, ME.LOPL3] -> LOL3 -> [ME.LOL3, ME.LOPL2]",ME,3,ME.LOP,3,ME.LO,3,ME.LOP,2
39479810699,mixed,lat->mix,lat,mix,0,1,3,2282,6,1.911,17389,7.62,LO,3,2,2,"[LO.LOPL3, ME.LOL3] -> LOL3 -> [LO.LOPL2, ME.LOPL3]",LO.LOP,3,ME.LO,3,LO.LOP,2,ME.LOP,3
38758771162,mixed,mix->mix,mix,mix,1,1,2,2282,8,1.742,23703,10.387,LO,3,2,2,"[LO.LOPL3, ME.LOL2] -> LOL3 -> [MEL3, ME.LOPL2]",LO.LOP,3,ME.LO,2,ME,3,ME.LOP,2
38752693177,mixed,mix->FB,mix,FB,1,2,1,2282,7,2.0,13753,6.027,LO,3,2,2,"[ME.LOPL2, ME.LOPL3] -> LOL3 -> [LOL2, ME.LOL2]",ME.LOP,2,ME.LOP,3,LO,2,ME.LO,2
38751826110,mixed,FF->FB,FF,FB,2,2,0,2282,20,1.989,34930,15.307,LO,3,2,2,"[MEL2, ME.LOL2] -> LOL3 -> [LOL2, ME.LOPL2]",ME,2,ME.LO,2,LO,2,ME.LOP,2
38511868245,mixed,mix->mix,mix,mix,1,1,2,2282,13,1.88,16759,7.344,LO,3,2,2,"[LOL2, MEL3] -> LOL3 -> [LO.LOPL2, LO.LOPL3]",LO,2,ME,3,LO.LOP,2,LO.LOP,3
37881172407,mixed,FF->mix,FF,mix,2,1,1,2282,24,1.583,44456,19.481,LO,3,2,2,"[MEL2, ME.LOL2] -> LOL3 -> [MEL3, ME.LOPL2]",ME,2,ME.LO,2,ME,3,ME.LOP,2
37602847595,mixed,mix->mix,mix,mix,1,1,2,2282,13,1.766,38142,16.714,LO,3,2,2,"[MEL2, ME.LOL3] -> LOL3 -> [LO.LOPL2, ME.LOPL3]",ME,2,ME.LO,3,LO.LOP,2,ME.LOP,3
37015656878,mixed,mix->mix,mix,mix,1,1,2,2282,4,1.461,40411,17.709,LO,3,2,2,"[LO.LOPL2, MEL3] -> LOL3 -> [LO.LOPL3, MEL2]",LO.LOP,2,ME,3,LO.LOP,3,ME,2
36690916547,mixed,mix->mix,mix,mix,1,1,2,2282,7,1.652,23279,10.201,LO,3,2,2,"[ME.LOPL2, ME.LOPL3] -> LOL3 -> [MEL3, ME.LOL2]",ME.LOP,2,ME.LOP,3,ME,3,ME.LO,2
36377951149,mixed,FF->mix,FF,mix,2,1,1,2282,13,1.959,12273,5.378,LO,3,2,2,"[LOL2, ME.LOL2] -> LOL3 -> [LO.LOPL2, ME.LOPL3]",LO,2,ME.LO,2,LO.LOP,2,ME.LOP,3
36377548500,mixed,mix->mix,mix,mix,1,1,2,2282,15,2.0,20378,8.93,LO,3,2,2,"[ME.LOL2, ME.LOL3] -> LOL3 -> [LO.LOPL2, LO.LOPL3]",ME.LO,2,ME.LO,3,LO.LOP,2,LO.LOP,3
36166372915,mixed,lat->FB,lat,FB,0,2,2,2282,12,1.822,22197,9.727,LO,3,2,2,"[MEL3, ME.LOPL3] -> LOL3 -> [LOL2, ME.LOL2]",ME,3,ME.LOP,3,LO,2,ME.LO,2
36072045544,mixed,lat->FB,lat,FB,0,2,2,2282,6,1.947,21858,9.578,LO,3,2,2,"[LO.LOPL3, ME.LOL3] -> LOL3 -> [ME.LOL2, ME.LOPL2]",LO.LOP,3,ME.LO,3,ME.LO,2,ME.LOP,2
35506592053,mixed,mix->mix,mix,mix,1,1,2,2282,5,1.911,21858,9.578,LO,3,2,2,"[LO.LOPL3, ME.LOL2] -> LOL3 -> [ME.LOL3, ME.LOPL2]",LO.LOP,3,ME.LO,2,ME.LO,3,ME.LOP,2
35349657960,mixed,FF->mix,FF,mix,2,1,1,2282,5,1.358,31543,13.823,LO,3,2,2,"[LO.LOPL2, ME.LOPL2] -> LOL3 -> [MEL2, ME.LOPL3]",LO.LOP,2,ME.LOP,2,ME,2,ME.LOP,3
35122855925,mixed,FF->mix,FF,mix,2,1,1,2282,10,1.751,7891,3.458,LO,3,2,2,"[LOL2, ME.LOPL2] -> LOL3 -> [LO.LOPL2, ME.LOPL3]",LO,2,ME.LOP,2,LO.LOP,2,ME.LOP,3
34970517680,mixed,mix->FB,mix,FB,1,2,1,2282,3,1.341,31543,13.823,LO,3,2,2,"[LO.LOPL2, ME.LOPL3] -> LOL3 -> [MEL2, ME.LOPL2]",LO.LOP,2,ME.LOP,3,ME,2,ME.LOP,2
34469556624,mixed,mix->FB,mix,FB,1,2,1,2282,6,1.725,7891,3.458,LO,3,2,2,"[LOL2, ME.LOPL3] -> LOL3 -> [LO.LOPL2, ME.LOPL2]",LO,2,ME.LOP,3,LO.LOP,2,ME.LOP,2
34401462095,mixed,mix->lat,mix,lat,1,0,3,2282,27,1.206,17787,7.794,LO,3,2,2,"[LOL2, ME.LOL3] -> LOL3 -> [LO.LOPL3, ME.LOPL3]",LO,2,ME.LO,3,LO.LOP,3,ME.LOP,3
34083667854,mixed,lat->FB,lat,FB,0,2,2,2282,4,1.999,18239,7.993,LO,3,2,2,"[LO.LOPL3, MEL3] -> LOL3 -> [LOL2, ME.LOPL2]",LO.LOP,3,ME,3,LO,2,ME.LOP,2
34083156339,mixed,mix->FB,mix,FB,1,2,1,2282,15,1.818,42611,18.673,LO,3,2,2,"[MEL2, ME.LOL3] -> LOL3 -> [ME.LOL2, ME.LOPL2]",ME,2,ME.LO,3,ME.LO,2,ME.LOP,2
34024543165,mixed,mix->mix,mix,mix,1,1,2,2282,9,1.875,15996,7.01,LO,3,2,2,"[ME.LOL3, ME.LOPL2] -> LOL3 -> [LO.LOPL2, LO.LOPL3]",ME.LO,3,ME.LOP,2,LO.LOP,2,LO.LOP,3
33819967514,mixed,FF->mix,FF,mix,2,1,1,2282,20,1.766,42611,18.673,LO,3,2,2,"[MEL2, ME.LOL2] -> LOL3 -> [ME.LOL3, ME.LOPL2]",ME,2,ME.LO,2,ME.LO,3,ME.LOP,2
33742817625,mixed,lat->mix,lat,mix,0,1,3,2282,13,1.526,29878,13.093,LO,3,2,2,"[MEL3, ME.LOPL3] -> LOL3 -> [ME.LOL2, ME.LOL3]",ME,3,ME.LOP,3,ME.LO,2,ME.LO,3
33531836180,mixed,FF->mix,FF,mix,2,1,1,2282,5,1.559,35925,15.743,LO,3,2,2,"[LO.LOPL2, ME.LOL2] -> LOL3 -> [MEL2, ME.LOPL3]",LO.LOP,2,ME.LO,2,ME,2,ME.LOP,3
33119437313,mixed,mix->mix,mix,mix,1,1,2,2282,8,1.834,21434,9.393,LO,3,2,2,"[ME.LOPL2, ME.LOPL3] -> LOL3 -> [ME.LOL2, ME.LOL3]",ME.LOP,2,ME.LOP,3,ME.LO,2,ME.LO,3
32859942196,mixed,mix->mix,mix,mix,1,1,2,2282,8,1.49,33758,14.793,LO,3,2,2,"[LOL2, LO.LOPL3] -> LOL3 -> [MEL2, ME.LOPL3]",LO,2,LO.LOP,3,ME,2,ME.LOP,3
32180557088,mixed,mix->FB,mix,FB,1,2,1,2282,8,1.459,38594,16.912,LO,3,2,2,"[MEL3, ME.LOPL2] -> LOL3 -> [LO.LOPL2, MEL2]",ME,3,ME.LOP,2,LO.LOP,2,ME,2
31781937790,mixed,lat->mix,lat,mix,0,1,3,2282,8,1.274,41439,18.159,LO,3,2,2,"[LO.LOPL3, ME.LOL3] -> LOL3 -> [MEL2, ME.LOPL3]",LO.LOP,3,ME.LO,3,ME,2,ME.LOP,3
31284904345,mixed,mix->FB,mix,FB,1,2,1,2282,17,1.96,38992,17.087,LO,3,2,2,"[MEL2, MEL3] -> LOL3 -> [LOL2, ME.LOPL2]",ME,2,ME,3,LO,2,ME.LOP,2
31232790834,mixed,mix->FB,mix,FB,1,2,1,2282,13,1.691,42976,18.833,LO,3,2,2,"[MEL3, ME.LOL2] -> LOL3 -> [LO.LOPL2, MEL2]",ME,3,ME.LO,2,LO.LOP,2,ME,2
30906175776,mixed,lat->FB,lat,FB,0,2,2,2282,4,1.988,9708,4.254,LO,3,2,2,"[LO.LOPL3, ME.LOPL3] -> LOL3 -> [LOL2, LO.LOPL2]",LO.LOP,3,ME.LOP,3,LO,2,LO.LOP,2
29436168659,mixed,mix->FB,mix,FB,1,2,1,2282,5,1.978,14177,6.213,LO,3,2,2,"[LO.LOPL3, ME.LOPL2] -> LOL3 -> [LOL2, ME.LOL2]",LO.LOP,3,ME.LOP,2,LO,2,ME.LO,2
29412249456,mixed,mix->lat,mix,lat,1,0,3,2282,4,1.987,17389,7.62,LO,3,2,2,"[LO.LOPL2, ME.LOL3] -> LOL3 -> [LO.LOPL3, ME.LOPL3]",LO.LOP,2,ME.LO,3,LO.LOP,3,ME.LOP,3
29192975271,mixed,lat->mix,lat,mix,0,1,3,2282,12,1.994,24440,10.71,LO,3,2,2,"[MEL3, ME.LOL3] -> LOL3 -> [LO.LOPL2, LO.LOPL3]",ME,3,ME.LO,3,LO.LOP,2,LO.LOP,3
28941151416,mixed,lat->mix,lat,mix,0,1,3,2282,5,1.854,25920,11.358,LO,3,2,2,"[LO.LOPL3, MEL3] -> LOL3 -> [ME.LOL3, ME.LOPL2]",LO.LOP,3,ME,3,ME.LO,3,ME.LOP,2
28929704146,mixed,mix->mix,mix,mix,1,1,2,2282,11,1.988,16335,7.158,LO,3,2,2,"[LOL2, MEL3] -> LOL3 -> [LO.LOPL2, ME.LOPL3]",LO,2,ME,3,LO.LOP,2,ME.LOP,3
28581803120,mixed,mix->FB,mix,FB,1,2,1,2282,5,1.278,31967,14.008,LO,3,2,2,"[LO.LOPL2, LO.LOPL3] -> LOL3 -> [MEL2, ME.LOPL2]",LO.LOP,2,LO.LOP,3,ME,2,ME.LOP,2
28556954685,mixed,mix->mix,mix,mix,1,1,2,2282,13,1.946,19954,8.744,LO,3,2,2,"[ME.LOL2, ME.LOL3] -> LOL3 -> [LO.LOPL2, ME.LOPL3]",ME.LO,2,ME.LO,3,LO.LOP,2,ME.LOP,3
28306170696,pure_lateral,lat->lat,lat,lat,0,0,4,2282,12,1.075,27313,11.969,LO,3,2,2,"[ME.LOL3, ME.LOPL3] -> LOL3 -> [LO.LOPL3, MEL3]",ME.LO,3,ME.LOP,3,LO.LOP,3,ME,3
28185794868,mixed,lat->mix,lat,mix,0,1,3,2282,4,1.733,19234,8.429,LO,3,2,2,"[LO.LOPL3, ME.LOPL3] -> LOL3 -> [LO.LOPL2, MEL3]",LO.LOP,3,ME.LOP,3,LO.LOP,2,ME,3
28098861256,mixed,mix->FB,mix,FB,1,2,1,2282,8,1.986,30461,13.348,LO,3,2,2,"[MEL2, ME.LOPL3] -> LOL3 -> [LOL2, LO.LOPL2]",ME,2,ME.LOP,3,LO,2,LO.LOP,2
27841421405,mixed,mix->mix,mix,mix,1,1,2,2282,18,1.698,46673,20.453,LO,3,2,2,"[MEL2, MEL3] -> LOL3 -> [ME.LOL3, ME.LOPL2]",ME,2,ME,3,ME.LO,3,ME.LOP,2
27595298793,mixed,FF->mix,FF,mix,2,1,1,2282,25,1.709,36747,16.103,LO,3,2,2,"[LOL2, ME.LOL2] -> LOL3 -> [LO.LOPL3, MEL2]",LO,2,ME.LO,2,LO.LOP,3,ME,2
27580803902,mixed,mix->mix,mix,mix,1,1,2,2282,8,1.574,39987,17.523,LO,3,2,2,"[MEL2, ME.LOPL3] -> LOL3 -> [LO.LOPL2, MEL3]",ME,2,ME.LOP,3,LO.LOP,2,ME,3
27319429844,mixed,mix->FB,mix,FB,1,2,1,2282,6,1.618,8315,3.644,LO,3,2,2,"[LOL2, LO.LOPL3] -> LOL3 -> [LO.LOPL2, ME.LOPL2]",LO,2,LO.LOP,3,LO.LOP,2,ME.LOP,2
27271725044,mixed,mix->lat,mix,lat,1,0,3,2282,12,1.14,19632,8.603,LO,3,2,2,"[LOL2, ME.LOPL3] -> LOL3 -> [LO.LOPL3, MEL3]",LO,2,ME.LOP,3,LO.LOP,3,ME,3
26850006411,mixed,mix->FB,mix,FB,1,2,1,2282,15,1.967,20804,9.117,LO,3,2,2,"[LOL2, MEL3] -> LOL3 -> [ME.LOL2, ME.LOPL2]",LO,2,ME,3,ME.LO,2,ME.LOP,2
26644642570,mixed,FF->FB,FF,FB,2,2,0,2282,16,1.994,34930,15.307,LO,3,2,2,"[MEL2, ME.LOPL2] -> LOL3 -> [LOL2, ME.LOL2]",ME,2,ME.LOP,2,LO,2,ME.LO,2
26556654354,mixed,lat->FB,lat,FB,0,2,2,2282,7,1.914,22621,9.913,LO,3,2,2,"[LO.LOPL3, MEL3] -> LOL3 -> [LOL2, ME.LOL2]",LO.LOP,3,ME,3,LO,2,ME.LO,2
26501458244,mixed,mix->mix,mix,mix,1,1,2,2282,6,1.76,23703,10.387,LO,3,2,2,"[LO.LOPL3, ME.LOPL2] -> LOL3 -> [MEL3, ME.LOL2]",LO.LOP,3,ME.LOP,2,ME,3,ME.LO,2
25952149956,mixed,mix->mix,mix,mix,1,1,2,2282,5,1.625,39987,17.523,LO,3,2,2,"[LO.LOPL2, MEL3] -> LOL3 -> [MEL2, ME.LOPL3]",LO.LOP,2,ME,3,ME,2,ME.LOP,3
25841248646,mixed,FF->mix,FF,mix,2,1,1,2282,14,1.6,44456,19.481,LO,3,2,2,"[MEL2, ME.LOPL2] -> LOL3 -> [MEL3, ME.LOL2]",ME,2,ME.LOP,2,ME,3,ME.LO,2
25780001364,mixed,lat->mix,lat,mix,0,1,3,2282,3,1.904,17389,7.62,LO,3,2,2,"[LO.LOPL3, ME.LOPL3] -> LOL3 -> [LO.LOPL2, ME.LOL3]",LO.LOP,3,ME.LOP,3,LO.LOP,2,ME.LO,3
25533854495,mixed,mix->mix,mix,mix,1,1,2,2282,10,1.987,15572,6.824,LO,3,2,2,"[ME.LOL3, ME.LOPL2] -> LOL3 -> [LO.LOPL2, ME.LOPL3]",ME.LO,3,ME.LOP,2,LO.LOP,2,ME.LOP,3
25498866282,mixed,mix->mix,mix,mix,1,1,2,2282,25,1.423,44428,19.469,LO,3,2,2,"[ME.LOL2, ME.LOL3] -> LOL3 -> [LO.LOPL3, MEL2]",ME.LO,2,ME.LO,3,LO.LOP,3,ME,2
25364355066,mixed,mix->FB,mix,FB,1,2,1,2282,233,1.783,43374,19.007,LO,3,2,2,"[MEL2, MEL3] -> LOL3 -> [LOL2, ME.LOL2]",ME,2,ME,3,LO,2,ME.LO,2
25116487824,mixed,mix->mix,mix,mix,1,1,2,2282,3,1.771,9708,4.254,LO,3,2,2,"[LO.LOPL2, ME.LOPL3] -> LOL3 -> [LOL2, LO.LOPL3]",LO.LOP,2,ME.LOP,3,LO,2,LO.LOP,3
24956439320,mixed,lat->mix,lat,mix,0,1,3,2282,5,1.187,43284,18.968,LO,3,2,2,"[LO.LOPL3, ME.LOPL3] -> LOL3 -> [MEL2, MEL3]",LO.LOP,3,ME.LOP,3,ME,2,ME,3
24949945138,mixed,mix->FB,mix,FB,1,2,1,2282,17,1.991,20804,9.117,LO,3,2,2,"[MEL3, ME.LOL2] -> LOL3 -> [LOL2, ME.LOPL2]",ME,3,ME.LO,2,LO,2,ME.LOP,2
24868209610,mixed,lat->FB,lat,FB,0,2,2,2282,6,1.977,15572,6.824,LO,3,2,2,"[ME.LOL3, ME.LOPL3] -> LOL3 -> [LO.LOPL2, ME.LOPL2]",ME.LO,3,ME.LOP,3,LO.LOP,2,ME.LOP,2
24778385292,mixed,FF->mix,FF,mix,2,1,1,2282,4,1.367,8315,3.644,LO,3,2,2,"[LOL2, LO.LOPL2] -> LOL3 -> [LO.LOPL3, ME.LOPL2]",LO,2,LO.LOP,2,LO.LOP,3,ME.LOP,2
24589429964,mixed,mix->mix,mix,mix,1,1,2,2282,6,1.757,38142,16.714,LO,3,2,2,"[MEL2, ME.LOPL3] -> LOL3 -> [LO.LOPL2, ME.LOL3]",ME,2,ME.LOP,3,LO.LOP,2,ME.LO,3
24506841652,mixed,mix->FB,mix,FB,1,2,1,2282,6,1.932,12273,5.378,LO,3,2,2,"[LOL2, ME.LOPL3] -> LOL3 -> [LO.LOPL2, ME.LOL2]",LO,2,ME.LOP,3,LO.LOP,2,ME.LO,2
24351452031,mixed,mix->mix,mix,mix,1,1,2,2282,6,1.924,21858,9.578,LO,3,2,2,"[LO.LOPL3, ME.LOPL2] -> LOL3 -> [ME.LOL2, ME.LOL3]",LO.LOP,3,ME.LOP,2,ME.LO,2,ME.LO,3
24098366092,mixed,lat->mix,lat,mix,0,1,3,2282,9,1.627,30302,13.279,LO,3,2,2,"[LO.LOPL3, MEL3] -> LOL3 -> [ME.LOL2, ME.LOL3]",LO.LOP,3,ME,3,ME.LO,2,ME.LO,3
24047244160,mixed,mix->mix,mix,mix,1,1,2,2282,230,1.499,51055,22.373,LO,3,2,2,"[MEL2, MEL3] -> LOL3 -> [ME.LOL2, ME.LOL3]",ME,2,ME,3,ME.LO,2,ME.LO,3
23808375360,mixed,mix->mix,mix,mix,1,1,2,1,1,1.0,3827,3827.0,MB_ML.MB_CA,3,2,2,"[MB_CA.MB_MLL2, MB_CA.MB_PEDL3] -> MB_ML.MB_CAL3 -> [MB_CA.MB_MLL3, MB_CA.MB_VLL2]",MB_CA.MB_ML,2,MB_CA.MB_PED,3,MB_CA.MB_ML,3,MB_CA.MB_VL,2
23808375360,mixed,lat->FB,lat,FB,0,2,2,1,1,1.0,3827,3827.0,MB_ML.MB_CA,3,2,2,"[MB_CA.MB_MLL3, MB_CA.MB_PEDL3] -> MB_ML.MB_CAL3 -> [MB_CA.MB_MLL2, MB_CA.MB_VLL2]",MB_CA.MB_ML,3,MB_CA.MB_PED,3,MB_CA.MB_ML,2,MB_CA.MB_VL,2
23808375360,mixed,mix->mix,mix,mix,1,1,2,1,1,1.0,3827,3827.0,MB_ML.MB_CA,3,2,2,"[MB_CA.MB_PEDL3, MB_CA.MB_VLL2] -> MB_ML.MB_CAL3 -> [MB_CA.MB_MLL2, MB_CA.MB_MLL3]",MB_CA.MB_PED,3,MB_CA.MB_VL,2,MB_CA.MB_ML,2,MB_CA.MB_ML,3
23653775520,mixed,mix->mix,mix,mix,1,1,2,1,1,1.0,3827,3827.0,MB_ML.MB_CA,3,2,2,"[MB_CA.MB_MLL2, MB_CA.MB_MLL3] -> MB_ML.MB_CAL3 -> [MB_CA.MB_PEDL3, MB_CA.MB_VLL2]",MB_CA.MB_ML,2,MB_CA.MB_ML,3,MB_CA.MB_PED,3,MB_CA.MB_VL,2
23653775520,mixed,FF->lat,FF,lat,2,0,2,1,1,1.0,3827,3827.0,MB_ML.MB_CA,3,2,2,"[MB_CA.MB_MLL2, MB_CA.MB_VLL2] -> MB_ML.MB_CAL3 -> [MB_CA.MB_MLL3, MB_CA.MB_PEDL3]",MB_CA.MB_ML,2,MB_CA.MB_VL,2,MB_CA.MB_ML,3,MB_CA.MB_PED,3
23653775520,mixed,mix->mix,mix,mix,1,1,2,1,1,1.0,3827,3827.0,MB_ML.MB_CA,3,2,2,"[MB_CA.MB_MLL3, MB_CA.MB_VLL2] -> MB_ML.MB_CAL3 -> [MB_CA.MB_MLL2, MB_CA.MB_PEDL3]",MB_CA.MB_ML,3,MB_CA.MB_VL,2,MB_CA.MB_ML,2,MB_CA.MB_PED,3
23317944239,mixed,FF->mix,FF,mix,2,1,1,2282,29,1.534,36323,15.917,LO,3,2,2,"[LOL2, ME.LOL2] -> LOL3 -> [MEL2, ME.LOPL3]",LO,2,ME.LO,2,ME,2,ME.LOP,3
23199281490,mixed,lat->mix,lat,mix,0,1,3,2282,11,1.897,24016,10.524,LO,3,2,2,"[MEL3, ME.LOL3] -> LOL3 -> [LO.LOPL2, ME.LOPL3]",ME,3,ME.LO,3,LO.LOP,2,ME.LOP,3
23189639563,mixed,FF->FB,FF,FB,2,2,0,2282,11,1.778,29068,12.738,LO,3,2,2,"[LOL2, MEL2] -> LOL3 -> [LO.LOPL2, ME.LOPL2]",LO,2,ME,2,LO.LOP,2,ME.LOP,2
23133062004,mixed,FF->mix,FF,mix,2,1,1,2282,17,1.784,42611,18.673,LO,3,2,2,"[MEL2, ME.LOPL2] -> LOL3 -> [ME.LOL2, ME.LOL3]",ME,2,ME.LOP,2,ME.LO,2,ME.LO,3
23121467257,mixed,FF->mix,FF,mix,2,1,1,2282,12,1.934,32365,14.183,LO,3,2,2,"[LOL2, ME.LOPL2] -> LOL3 -> [LO.LOPL3, MEL2]",LO,2,ME.LOP,2,LO.LOP,3,ME,2
22971520096,mixed,mix->FB,mix,FB,1,2,1,2282,3,1.519,35925,15.743,LO,3,2,2,"[LO.LOPL2, ME.LOPL3] -> LOL3 -> [MEL2, ME.LOL2]",LO.LOP,2,ME.LOP,3,ME,2,ME.LO,2
22790762914,mixed,mix->mix,mix,mix,1,1,2,2282,24,1.641,40809,17.883,LO,3,2,2,"[LOL2, MEL3] -> LOL3 -> [LO.LOPL3, MEL2]",LO,2,ME,3,LO.LOP,3,ME,2
22691671350,mixed,mix->FB,mix,FB,1,2,1,2282,8,1.968,12273,5.378,LO,3,2,2,"[ME.LOL2, ME.LOPL3] -> LOL3 -> [LOL2, LO.LOPL2]",ME.LO,2,ME.LOP,3,LO,2,LO.LOP,2
22593308560,mixed,mix->lat,mix,lat,1,0,3,2282,11,1.202,17787,7.794,LO,3,2,2,"[LOL2, ME.LOPL3] -> LOL3 -> [LO.LOPL3, ME.LOL3]",LO,2,ME.LOP,3,LO.LOP,3,ME.LO,3
22352956402,mixed,mix->mix,mix,mix,1,1,2,2282,29,1.302,44004,19.283,LO,3,2,2,"[ME.LOL2, ME.LOL3] -> LOL3 -> [MEL2, ME.LOPL3]",ME.LO,2,ME.LO,3,ME,2,ME.LOP,3
21821068648,mixed,mix->FB,mix,FB,1,2,1,2282,5,1.768,7891,3.458,LO,3,2,2,"[ME.LOPL2, ME.LOPL3] -> LOL3 -> [LOL2, LO.LOPL2]",ME.LOP,2,ME.LOP,3,LO,2,LO.LOP,2
21812204184,mixed,lat->mix,lat,mix,0,1,3,2282,11,1.199,17787,7.794,LO,3,2,2,"[ME.LOL3, ME.LOPL3] -> LOL3 -> [LOL2, LO.LOPL3]",ME.LO,3,ME.LOP,3,LO,2,LO.LOP,3
21700798120,mixed,FF->FB,FF,FB,2,2,0,2282,5,1.252,34532,15.132,LO,3,2,2,"[LO.LOPL2, ME.LOL2] -> LOL3 -> [MEL2, ME.LOPL2]",LO.LOP,2,ME.LO,2,ME,2,ME.LOP,2
21373880136,mixed,lat->mix,lat,mix,0,1,3,2282,24,1.373,48490,21.249,LO,3,2,2,"[MEL3, ME.LOL3] -> LOL3 -> [LO.LOPL3, MEL2]",ME,3,ME.LO,3,LO.LOP,3,ME,2
21177521729,mixed,lat->FB,lat,FB,0,2,2,2282,15,1.936,28485,12.482,LO,3,2,2,"[MEL3, ME.LOL3] -> LOL3 -> [ME.LOL2, ME.LOPL2]",ME,3,ME.LO,3,ME.LO,2,ME.LOP,2
21157918355,mixed,mix->FB,mix,FB,1,2,1,2282,5,1.999,30885,13.534,LO,3,2,2,"[LO.LOPL3, MEL2] -> LOL3 -> [LOL2, LO.LOPL2]",LO.LOP,3,ME,2,LO,2,LO.LOP,2
20864642682,mixed,mix->mix,mix,mix,1,1,2,2282,18,1.897,28485,12.482,LO,3,2,2,"[MEL3, ME.LOL2] -> LOL3 -> [ME.LOL3, ME.LOPL2]",ME,3,ME.LO,2,ME.LO,3,ME.LOP,2
20861585528,mixed,lat->mix,lat,mix,0,1,3,2282,4,1.269,41439,18.159,LO,3,2,2,"[LO.LOPL3, ME.LOPL3] -> LOL3 -> [MEL2, ME.LOL3]",LO.LOP,3,ME.LOP,3,ME,2,ME.LO,3
20754881406,mixed,lat->FB,lat,FB,0,2,2,2282,4,1.475,33758,14.793,LO,3,2,2,"[LO.LOPL3, ME.LOPL3] -> LOL3 -> [LOL2, MEL2]",LO.LOP,3,ME.LOP,3,LO,2,ME,2
20472563991,mixed,FF->FB,FF,FB,2,2,0,2282,11,1.569,10880,4.768,LO,3,2,2,"[LOL2, ME.LOL2] -> LOL3 -> [LO.LOPL2, ME.LOPL2]",LO,2,ME.LO,2,LO.LOP,2,ME.LOP,2
20424782668,mixed,mix->lat,mix,lat,1,0,3,2282,30,1.067,48490,21.249,LO,3,2,2,"[MEL2, ME.LOL3] -> LOL3 -> [LO.LOPL3, MEL3]",ME,2,ME.LO,3,LO.LOP,3,ME,3
20202863600,mixed,mix->mix,mix,mix,1,1,2,2282,8,1.783,21799,9.553,LO,3,2,2,"[ME.LOL2, ME.LOPL3] -> LOL3 -> [LO.LOPL2, MEL3]",ME.LO,2,ME.LOP,3,LO.LOP,2,ME,3
20054456887,mixed,mix->mix,mix,mix,1,1,2,2282,12,1.647,40046,17.549,LO,3,2,2,"[ME.LOL3, ME.LOPL2] -> LOL3 -> [LO.LOPL3, MEL2]",ME.LO,3,ME.LOP,2,LO.LOP,3,ME,2
19849149529,mixed,mix->lat,mix,lat,1,0,3,2282,3,1.974,19234,8.429,LO,3,2,2,"[LO.LOPL2, ME.LOPL3] -> LOL3 -> [LO.LOPL3, MEL3]",LO.LOP,2,ME.LOP,3,LO.LOP,3,ME,3
19782497003,mixed,mix->mix,mix,mix,1,1,2,2282,7,1.68,40411,17.709,LO,3,2,2,"[LO.LOPL3, MEL2] -> LOL3 -> [LO.LOPL2, MEL3]",LO.LOP,3,ME,2,LO.LOP,2,ME,3
19618581408,mixed,FF->lat,FF,lat,2,0,2,2282,31,1.126,40809,17.883,LO,3,2,2,"[LOL2, MEL2] -> LOL3 -> [LO.LOPL3, MEL3]",LO,2,ME,2,LO.LOP,3,ME,3
19435902939,mixed,mix->mix,mix,mix,1,1,2,2282,28,1.475,40385,17.697,LO,3,2,2,"[LOL2, MEL3] -> LOL3 -> [MEL2, ME.LOPL3]",LO,2,ME,3,ME,2,ME.LOP,3
19151085554,mixed,mix->lat,mix,lat,1,0,3,2282,3,1.99,17389,7.62,LO,3,2,2,"[LO.LOPL2, ME.LOPL3] -> LOL3 -> [LO.LOPL3, ME.LOL3]",LO.LOP,2,ME.LOP,3,LO.LOP,3,ME.LO,3
19116925697,mixed,lat->FB,lat,FB,0,2,2,2282,6,1.913,15996,7.01,LO,3,2,2,"[LO.LOPL3, ME.LOL3] -> LOL3 -> [LO.LOPL2, ME.LOPL2]",LO.LOP,3,ME.LO,3,LO.LOP,2,ME.LOP,2
18998018884,mixed,mix->FB,mix,FB,1,2,1,2282,5,1.846,12697,5.564,LO,3,2,2,"[LOL2, LO.LOPL3] -> LOL3 -> [LO.LOPL2, ME.LOL2]",LO,2,LO.LOP,3,LO.LOP,2,ME.LO,2
18976329073,mixed,lat->FB,lat,FB,0,2,2,2282,6,1.97,19954,8.744,LO,3,2,2,"[ME.LOL3, ME.LOPL3] -> LOL3 -> [LO.LOPL2, ME.LOL2]",ME.LO,3,ME.LOP,3,LO.LOP,2,ME.LO,2
18854732323,mixed,lat->mix,lat,mix,0,1,3,2282,28,1.265,48066,21.063,LO,3,2,2,"[MEL3, ME.LOL3] -> LOL3 -> [MEL2, ME.LOPL3]",ME,3,ME.LO,3,ME,2,ME.LOP,3
18797117812,mixed,FF->mix,FF,mix,2,1,1,2282,14,1.778,31941,13.997,LO,3,2,2,"[LOL2, ME.LOPL2] -> LOL3 -> [MEL2, ME.LOPL3]",LO,2,ME.LOP,2,ME,2,ME.LOP,3
18764180357,mixed,mix->lat,mix,lat,1,0,3,2282,33,1.047,48066,21.063,LO,3,2,2,"[MEL2, ME.LOL3] -> LOL3 -> [MEL3, ME.LOPL3]",ME,2,ME.LO,3,ME,3,ME.LOP,3
18638626468,mixed,mix->mix,mix,mix,1,1,2,2282,6,1.94,19954,8.744,LO,3,2,2,"[ME.LOL2, ME.LOPL3] -> LOL3 -> [LO.LOPL2, ME.LOL3]",ME.LO,2,ME.LOP,3,LO.LOP,2,ME.LO,3
18513900288,mixed,mix->FB,mix,FB,1,2,1,2282,5,1.429,36349,15.929,LO,3,2,2,"[LO.LOPL2, LO.LOPL3] -> LOL3 -> [MEL2, ME.LOL2]",LO.LOP,2,LO.LOP,3,ME,2,ME.LO,2
18400053056,mixed,mix->lat,mix,lat,1,0,3,1,1,1.0,3801,3801.0,MB_ML.MB_CA,3,2,2,"[MB_CA.MB_MLL2, MB_CA.MB_PEDL3] -> MB_ML.MB_CAL3 -> [MB_CA.MB_MLL3, MB_CA.MB_VLL3]",MB_CA.MB_ML,2,MB_CA.MB_PED,3,MB_CA.MB_ML,3,MB_CA.MB_VL,3
18400053056,mixed,lat->mix,lat,mix,0,1,3,1,1,1.0,3801,3801.0,MB_ML.MB_CA,3,2,2,"[MB_CA.MB_MLL3, MB_CA.MB_PEDL3] -> MB_ML.MB_CAL3 -> [MB_CA.MB_MLL2, MB_CA.MB_VLL3]",MB_CA.MB_ML,3,MB_CA.MB_PED,3,MB_CA.MB_ML,2,MB_CA.MB_VL,3
18400053056,mixed,lat->mix,lat,mix,0,1,3,1,1,1.0,3801,3801.0,MB_ML.MB_CA,3,2,2,"[MB_CA.MB_PEDL3, MB_CA.MB_VLL3] -> MB_ML.MB_CAL3 -> [MB_CA.MB_MLL2, MB_CA.MB_MLL3]",MB_CA.MB_PED,3,MB_CA.MB_VL,3,MB_CA.MB_ML,2,MB_CA.MB_ML,3
18280572192,mixed,mix->lat,mix,lat,1,0,3,1,1,1.0,3801,3801.0,MB_ML.MB_CA,3,2,2,"[MB_CA.MB_MLL2, MB_CA.MB_MLL3] -> MB_ML.MB_CAL3 -> [MB_CA.MB_PEDL3, MB_CA.MB_VLL3]",MB_CA.MB_ML,2,MB_CA.MB_ML,3,MB_CA.MB_PED,3,MB_CA.MB_VL,3
18280572192,mixed,mix->lat,mix,lat,1,0,3,1,1,1.0,3801,3801.0,MB_ML.MB_CA,3,2,2,"[MB_CA.MB_MLL2, MB_CA.MB_VLL3] -> MB_ML.MB_CAL3 -> [MB_CA.MB_MLL3, MB_CA.MB_PEDL3]",MB_CA.MB_ML,2,MB_CA.MB_VL,3,MB_CA.MB_ML,3,MB_CA.MB_PED,3
18280572192,mixed,lat->mix,lat,mix,0,1,3,1,1,1.0,3801,3801.0,MB_ML.MB_CA,3,2,2,"[MB_CA.MB_MLL3, MB_CA.MB_VLL3] -> MB_ML.MB_CAL3 -> [MB_CA.MB_MLL2, MB_CA.MB_PEDL3]",MB_CA.MB_ML,3,MB_CA.MB_VL,3,MB_CA.MB_ML,2,MB_CA.MB_PED,3
18099705951,mixed,mix->FB,mix,FB,1,2,1,2282,11,1.804,31941,13.997,LO,3,2,2,"[LOL2, ME.LOPL3] -> LOL3 -> [MEL2, ME.LOPL2]",LO,2,ME.LOP,3,ME,2,ME.LOP,2
18066694179,mixed,lat->FB,lat,FB,0,2,2,2282,8,1.993,16335,7.158,LO,3,2,2,"[MEL3, ME.LOPL3] -> LOL3 -> [LOL2, LO.LOPL2]",ME,3,ME.LOP,3,LO,2,LO.LOP,2
17935272039,mixed,mix->mix,mix,mix,1,1,2,2282,4,1.859,38566,16.9,LO,3,2,2,"[LO.LOPL3, MEL2] -> LOL3 -> [LO.LOPL2, ME.LOL3]",LO.LOP,3,ME,2,LO.LOP,2,ME.LO,3
17875235387,mixed,FF->lat,FF,lat,2,0,2,2282,31,1.088,40385,17.697,LO,3,2,2,"[LOL2, MEL2] -> LOL3 -> [MEL3, ME.LOPL3]",LO,2,ME,2,ME,3,ME.LOP,3
17718585824,pure_lateral,lat->lat,lat,lat,0,0,4,2282,9,1.065,27313,11.969,LO,3,2,2,"[LO.LOPL3, ME.LOL3] -> LOL3 -> [MEL3, ME.LOPL3]",LO.LOP,3,ME.LO,3,ME,3,ME.LOP,3
17485254306,mixed,mix->mix,mix,mix,1,1,2,2282,18,1.207,45849,20.092,LO,3,2,2,"[ME.LOL2, ME.LOPL3] -> LOL3 -> [MEL2, MEL3]",ME.LO,2,ME.LOP,3,ME,2,ME,3
17479983925,mixed,mix->FB,mix,FB,1,2,1,2282,5,1.898,12697,5.564,LO,3,2,2,"[LO.LOPL3, ME.LOL2] -> LOL3 -> [LOL2, LO.LOPL2]",LO.LOP,3,ME.LO,2,LO,2,LO.LOP,2
17228504749,mixed,mix->FB,mix,FB,1,2,1,2282,5,1.66,8315,3.644,LO,3,2,2,"[LO.LOPL3, ME.LOPL2] -> LOL3 -> [LOL2, LO.LOPL2]",LO.LOP,3,ME.LOP,2,LO,2,LO.LOP,2
17222687708,mixed,mix->mix,mix,mix,1,1,2,2282,5,1.975,17417,7.632,LO,3,2,2,"[ME.LOPL2, ME.LOPL3] -> LOL3 -> [LO.LOPL2, MEL3]",ME.LOP,2,ME.LOP,3,LO.LOP,2,ME,3
17199063181,mixed,mix->FB,mix,FB,1,2,1,2282,12,1.985,20804,9.117,LO,3,2,2,"[MEL3, ME.LOPL2] -> LOL3 -> [LOL2, ME.LOL2]",ME,3,ME.LOP,2,LO,2,ME.LO,2
17117774694,mixed,FF->mix,FF,mix,2,1,1,2282,5,1.509,7891,3.458,LO,3,2,2,"[LOL2, LO.LOPL2] -> LOL3 -> [ME.LOPL2, ME.LOPL3]",LO,2,LO.LOP,2,ME.LOP,2,ME.LOP,3
17090055342,mixed,mix->mix,mix,mix,1,1,2,2282,14,1.479,39622,17.363,LO,3,2,2,"[ME.LOL3, ME.LOPL2] -> LOL3 -> [MEL2, ME.LOPL3]",ME.LO,3,ME.LOP,2,ME,2,ME.LOP,3
17002311432,mixed,mix->lat,mix,lat,1,0,3,2282,9,1.121,19632,8.603,LO,3,2,2,"[LOL2, LO.LOPL3] -> LOL3 -> [MEL3, ME.LOPL3]",LO,2,LO.LOP,3,ME,3,ME.LOP,3
16996395885,mixed,mix->FB,mix,FB,1,2,1,2282,11,1.994,36749,16.104,LO,3,2,2,"[MEL2, ME.LOL3] -> LOL3 -> [LO.LOPL2, ME.LOPL2]",ME,2,ME.LO,3,LO.LOP,2,ME.LOP,2
16933634558,mixed,FF->mix,FF,mix,2,1,1,2282,5,1.822,30885,13.534,LO,3,2,2,"[LO.LOPL2, MEL2] -> LOL3 -> [LOL2, LO.LOPL3]",LO.LOP,2,ME,2,LO,2,LO.LOP,3
16678006892,mixed,FF->FB,FF,FB,2,2,0,2282,11,1.964,33450,14.658,LO,3,2,2,"[LOL2, MEL2] -> LOL3 -> [LO.LOPL2, ME.LOL2]",LO,2,ME,2,LO.LOP,2,ME.LO,2
16625321388,mixed,mix->mix,mix,mix,1,1,2,2282,4,1.99,15572,6.824,LO,3,2,2,"[ME.LOPL2, ME.LOPL3] -> LOL3 -> [LO.LOPL2, ME.LOL3]",ME.LOP,2,ME.LOP,3,LO.LOP,2,ME.LO,3
16506854004,mixed,mix->FB,mix,FB,1,2,1,2282,5,1.287,38594,16.912,LO,3,2,2,"[LO.LOPL2, MEL3] -> LOL3 -> [MEL2, ME.LOPL2]",LO.LOP,2,ME,3,ME,2,ME.LOP,2
16368255136,mixed,FF->mix,FF,mix,2,1,1,2282,5,1.555,12697,5.564,LO,3,2,2,"[LOL2, LO.LOPL2] -> LOL3 -> [LO.LOPL3, ME.LOL2]",LO,2,LO.LOP,2,LO.LOP,3,ME.LO,2
16351828493,mixed,lat->FB,lat,FB,0,2,2,2282,11,1.502,39622,17.363,LO,3,2,2,"[ME.LOL3, ME.LOPL3] -> LOL3 -> [MEL2, ME.LOPL2]",ME.LO,3,ME.LOP,3,ME,2,ME.LOP,2
16208565772,mixed,FF->lat,FF,lat,2,0,2,2282,24,1.182,38964,17.074,LO,3,2,2,"[LOL2, MEL2] -> LOL3 -> [LO.LOPL3, ME.LOL3]",LO,2,ME,2,LO.LOP,3,ME.LO,3
16136325832,mixed,mix->mix,mix,mix,1,1,2,2282,4,1.633,15996,7.01,LO,3,2,2,"[LO.LOPL2, ME.LOL3] -> LOL3 -> [LO.LOPL3, ME.LOPL2]",LO.LOP,2,ME.LO,3,LO.LOP,3,ME.LOP,2
15853597702,mixed,mix->FB,mix,FB,1,2,1,2282,9,1.635,14942,6.548,LO,3,2,2,"[LOL2, MEL3] -> LOL3 -> [LO.LOPL2, ME.LOPL2]",LO,2,ME,3,LO.LOP,2,ME.LOP,2
15650620846,mixed,mix->mix,mix,mix,1,1,2,2282,25,1.179,38964,17.074,LO,3,2,2,"[MEL2, ME.LOL3] -> LOL3 -> [LOL2, LO.LOPL3]",ME,2,ME.LO,3,LO,2,LO.LOP,3
15492472208,mixed,FF->FB,FF,FB,2,2,0,2282,16,1.989,33450,14.658,LO,3,2,2,"[MEL2, ME.LOL2] -> LOL3 -> [LOL2, LO.LOPL2]",ME,2,ME.LO,2,LO,2,LO.LOP,2
15491850012,mixed,FF->mix,FF,mix,2,1,1,2282,3,1.398,8315,3.644,LO,3,2,2,"[LO.LOPL2, ME.LOPL2] -> LOL3 -> [LOL2, LO.LOPL3]",LO.LOP,2,ME.LOP,2,LO,2,LO.LOP,3
15231393520,mixed,mix->FB,mix,FB,1,2,1,2282,11,1.575,36323,15.917,LO,3,2,2,"[LOL2, ME.LOPL3] -> LOL3 -> [MEL2, ME.LOL2]",LO,2,ME.LOP,3,ME,2,ME.LO,2
15151406233,mixed,lat->mix,lat,mix,0,1,3,2282,6,1.889,24016,10.524,LO,3,2,2,"[MEL3, ME.LOPL3] -> LOL3 -> [LO.LOPL2, ME.LOL3]",ME,3,ME.LOP,3,LO.LOP,2,ME.LO,3
15147674184,mixed,FF->FB,FF,FB,2,2,0,2282,5,1.243,34532,15.132,LO,3,2,2,"[LO.LOPL2, ME.LOPL2] -> LOL3 -> [MEL2, ME.LOL2]",LO.LOP,2,ME.LOP,2,ME,2,ME.LO,2
15098046949,mixed,FB->FF,FB,FF,2,2,0,647,102,2.884,17681,27.328,LOP,2,2,2,"[LO.LOPL3, ME.LOPL3] -> LOPL2 -> [LOPL3, ME.LOL3]",LO.LOP,3,ME.LOP,3,LOP,3,ME.LO,3
14830369999,mixed,FF->mix,FF,mix,2,1,1,2282,3,1.613,12697,5.564,LO,3,2,2,"[LO.LOPL2, ME.LOL2] -> LOL3 -> [LOL2, LO.LOPL3]",LO.LOP,2,ME.LO,2,LO,2,LO.LOP,3
14774439155,mixed,mix->mix,mix,mix,1,1,2,2282,6,1.882,22223,9.738,LO,3,2,2,"[LO.LOPL3, ME.LOL2] -> LOL3 -> [LO.LOPL2, MEL3]",LO.LOP,3,ME.LO,2,LO.LOP,2,ME,3
14719382550,mixed,mix->FB,mix,FB,1,2,1,2282,17,1.519,36323,15.917,LO,3,2,2,"[ME.LOL2, ME.LOPL3] -> LOL3 -> [LOL2, MEL2]",ME.LO,2,ME.LOP,3,LO,2,ME,2
14709961748,mixed,FF->FB,FF,FB,2,2,0,2282,10,1.82,29068,12.738,LO,3,2,2,"[MEL2, ME.LOPL2] -> LOL3 -> [LOL2, LO.LOPL2]",ME,2,ME.LOP,2,LO,2,LO.LOP,2
14669141500,mixed,mix->mix,mix,mix,1,1,2,2282,16,1.296,44004,19.283,LO,3,2,2,"[ME.LOL2, ME.LOPL3] -> LOL3 -> [MEL2, ME.LOL3]",ME.LO,2,ME.LOP,3,ME,2,ME.LO,3
14656312292,mixed,FF->lat,FF,lat,2,0,2,2282,25,1.127,38540,16.889,LO,3,2,2,"[LOL2, MEL2] -> LOL3 -> [ME.LOL3, ME.LOPL3]",LO,2,ME,2,ME.LO,3,ME.LOP,3
14481667164,mixed,lat->FB,lat,FB,0,2,2,2282,11,1.328,44004,19.283,LO,3,2,2,"[ME.LOL3, ME.LOPL3] -> LOL3 -> [MEL2, ME.LOL2]",ME.LO,3,ME.LOP,3,ME,2,ME.LO,2
14340280719,mixed,mix->mix,mix,mix,1,1,2,2282,4,1.84,9708,4.254,LO,3,2,2,"[LO.LOPL2, LO.LOPL3] -> LOL3 -> [LOL2, ME.LOPL3]",LO.LOP,2,LO.LOP,3,LO,2,ME.LOP,3
14305198740,mixed,mix->mix,mix,mix,1,1,2,2282,14,1.911,28485,12.482,LO,3,2,2,"[MEL3, ME.LOPL2] -> LOL3 -> [ME.LOL2, ME.LOL3]",ME,3,ME.LOP,2,ME.LO,2,ME.LO,3
14227383668,mixed,FF->FB,FF,FB,2,2,0,2282,7,1.553,10880,4.768,LO,3,2,2,"[LOL2, ME.LOPL2] -> LOL3 -> [LO.LOPL2, ME.LOL2]",LO,2,ME.LOP,2,LO.LOP,2,ME.LO,2
14226991297,mixed,lat->FB,lat,FB,0,2,2,2282,5,1.999,20378,8.93,LO,3,2,2,"[LO.LOPL3, ME.LOL3] -> LOL3 -> [LO.LOPL2, ME.LOL2]",LO.LOP,3,ME.LO,3,LO.LOP,2,ME.LO,2
14156636959,mixed,mix->mix,mix,mix,1,1,2,2282,25,1.125,38540,16.889,LO,3,2,2,"[MEL2, ME.LOL3] -> LOL3 -> [LOL2, ME.LOPL3]",ME,2,ME.LO,3,LO,2,ME.LOP,3
14147062538,mixed,FF->mix,FF,mix,2,1,1,2282,17,1.73,42976,18.833,LO,3,2,2,"[MEL2, ME.LOL2] -> LOL3 -> [LO.LOPL2, MEL3]",ME,2,ME.LO,2,LO.LOP,2,ME,3
14132486407,mixed,mix->FB,mix,FB,1,2,1,2282,11,1.872,18561,8.134,LO,3,2,2,"[ME.LOL2, ME.LOL3] -> LOL3 -> [LO.LOPL2, ME.LOPL2]",ME.LO,2,ME.LO,3,LO.LOP,2,ME.LOP,2
14069519648,mixed,mix->FF,mix,FF,2,1,1,647,120,2.538,11082,17.128,LOP,2,2,2,"[LO.LOPL3, ME.LOPL2] -> LOPL2 -> [LOPL3, ME.LOPL3]",LO.LOP,3,ME.LOP,2,LOP,3,ME.LOP,3
14033841886,mixed,mix->lat,mix,lat,1,0,3,2282,5,1.175,17787,7.794,LO,3,2,2,"[LOL2, LO.LOPL3] -> LOL3 -> [ME.LOL3, ME.LOPL3]",LO,2,LO.LOP,3,ME.LO,3,ME.LOP,3
13893685179,mixed,mix->mix,mix,mix,1,1,2,2282,4,1.99,20378,8.93,LO,3,2,2,"[LO.LOPL3, ME.LOL2] -> LOL3 -> [LO.LOPL2, ME.LOL3]",LO.LOP,3,ME.LO,2,LO.LOP,2,ME.LO,3
13816609546,mixed,lat->FB,lat,FB,0,2,2,2282,4,1.946,16759,7.344,LO,3,2,2,"[LO.LOPL3, MEL3] -> LOL3 -> [LOL2, LO.LOPL2]",LO.LOP,3,ME,3,LO,2,LO.LOP,2
13749087261,mixed,FB->mix,FB,mix,1,2,1,647,90,2.34,11082,17.128,LOP,2,2,2,"[LO.LOPL3, ME.LOPL3] -> LOPL2 -> [LOPL3, ME.LOPL2]",LO.LOP,3,ME.LOP,3,LOP,3,ME.LOP,2
13728965089,mixed,FF->lat,FF,lat,2,0,2,2282,5,1.945,40411,17.709,LO,3,2,2,"[LO.LOPL2, MEL2] -> LOL3 -> [LO.LOPL3, MEL3]",LO.LOP,2,ME,2,LO.LOP,3,ME,3
13550967063,mixed,lat->mix,lat,mix,0,1,3,2282,5,1.172,17787,7.794,LO,3,2,2,"[LO.LOPL3, ME.LOL3] -> LOL3 -> [LOL2, ME.LOPL3]",LO.LOP,3,ME.LO,3,LO,2,ME.LOP,3
13502802591,mixed,mix->lat,mix,lat,1,0,3,2282,33,1.103,30302,13.279,LO,3,2,2,"[ME.LOL2, ME.LOL3] -> LOL3 -> [LO.LOPL3, MEL3]",ME.LO,2,ME.LO,3,LO.LOP,3,ME,3
13264175634,mixed,mix->FB,mix,FB,1,2,1,2282,8,1.899,32365,14.183,LO,3,2,2,"[LOL2, LO.LOPL3] -> LOL3 -> [MEL2, ME.LOPL2]",LO,2,LO.LOP,3,ME,2,ME.LOP,2
13150788561,mixed,FF->lat,FF,lat,2,0,2,2282,33,1.191,22621,9.913,LO,3,2,2,"[LOL2, ME.LOL2] -> LOL3 -> [LO.LOPL3, MEL3]",LO,2,ME.LO,2,LO.LOP,3,ME,3
13131359874,mixed,mix->FB,mix,FB,1,2,1,2282,11,1.94,41131,18.024,LO,3,2,2,"[MEL2, ME.LOL3] -> LOL3 -> [LO.LOPL2, ME.LOL2]",ME,2,ME.LO,3,LO.LOP,2,ME.LO,2
13115777814,mixed,FF->lat,FF,lat,2,0,2,2282,3,1.999,38566,16.9,LO,3,2,2,"[LO.LOPL2, MEL2] -> LOL3 -> [LO.LOPL3, ME.LOL3]",LO.LOP,2,ME,2,LO.LOP,3,ME.LO,3
13054316002,mixed,mix->mix,mix,mix,1,1,2,2282,8,1.335,41467,18.171,LO,3,2,2,"[ME.LOPL2, ME.LOPL3] -> LOL3 -> [MEL2, MEL3]",ME.LOP,2,ME.LOP,3,ME,2,ME,3
12933598695,mixed,FF->mix,FF,mix,2,1,1,2282,15,1.901,41131,18.024,LO,3,2,2,"[MEL2, ME.LOL2] -> LOL3 -> [LO.LOPL2, ME.LOL3]",ME,2,ME.LO,2,LO.LOP,2,ME.LO,3
12928276875,mixed,mix->mix,mix,mix,1,1,2,2282,6,2.0,17841,7.818,LO,3,2,2,"[LO.LOPL3, ME.LOPL2] -> LOL3 -> [LO.LOPL2, MEL3]",LO.LOP,3,ME.LOP,2,LO.LOP,2,ME,3
12889073812,mixed,FF->FB,FF,FB,2,2,0,2282,10,1.611,10880,4.768,LO,3,2,2,"[ME.LOL2, ME.LOPL2] -> LOL3 -> [LOL2, LO.LOPL2]",ME.LO,2,ME.LOP,2,LO,2,LO.LOP,2
12732033737,mixed,mix->mix,mix,mix,1,1,2,2282,4,1.938,15996,7.01,LO,3,2,2,"[LO.LOPL3, ME.LOPL2] -> LOL3 -> [LO.LOPL2, ME.LOL3]",LO.LOP,3,ME.LOP,2,LO.LOP,2,ME.LO,3
12577847645,mixed,FF->mix,FF,mix,2,1,1,2282,4,1.961,30461,13.348,LO,3,2,2,"[LO.LOPL2, MEL2] -> LOL3 -> [LOL2, ME.LOPL3]",LO.LOP,2,ME,2,LO,2,ME.LOP,3
12385666309,mixed,mix->FF,mix,FF,2,1,1,647,102,2.629,16288,25.175,LOP,2,2,2,"[LO.LOPL3, ME.LOPL2] -> LOPL2 -> [LOPL3, ME.LOL3]",LO.LOP,3,ME.LOP,2,LOP,3,ME.LO,3
12379985387,mixed,mix->FB,mix,FB,1,2,1,2282,13,2.0,37512,16.438,LO,3,2,2,"[MEL2, MEL3] -> LOL3 -> [LOL2, LO.LOPL2]",ME,2,ME,3,LO,2,LO.LOP,2
12376957980,mixed,lat->mix,lat,mix,0,1,3,2282,15,1.26,48066,21.063,LO,3,2,2,"[MEL3, ME.LOPL3] -> LOL3 -> [MEL2, ME.LOL3]",ME,3,ME.LOP,3,ME,2,ME.LO,3
12342307585,mixed,mix->lat,mix,lat,1,0,3,2282,33,1.072,29878,13.093,LO,3,2,2,"[ME.LOL2, ME.LOL3] -> LOL3 -> [MEL3, ME.LOPL3]",ME.LO,2,ME.LO,3,ME,3,ME.LOP,3
12339941760,mixed,mix->lat,mix,lat,1,0,3,2282,20,1.046,48066,21.063,LO,3,2,2,"[MEL2, ME.LOPL3] -> LOL3 -> [MEL3, ME.LOL3]",ME,2,ME.LOP,3,ME,3,ME.LO,3
12337783920,mixed,lat->mix,lat,mix,0,1,3,1,1,1.0,3103,3103.0,MB_ML.MB_CA,3,2,2,"[MB_CA.MB_MLL3, MB_CA.MB_PEDL3] -> MB_ML.MB_CAL3 -> [MB_CA.MB_VLL2, MB_CA.MB_VLL3]",MB_CA.MB_ML,3,MB_CA.MB_PED,3,MB_CA.MB_VL,2,MB_CA.MB_VL,3
12337783920,mixed,mix->lat,mix,lat,1,0,3,1,1,1.0,3103,3103.0,MB_ML.MB_CA,3,2,2,"[MB_CA.MB_PEDL3, MB_CA.MB_VLL2] -> MB_ML.MB_CAL3 -> [MB_CA.MB_MLL3, MB_CA.MB_VLL3]",MB_CA.MB_PED,3,MB_CA.MB_VL,2,MB_CA.MB_ML,3,MB_CA.MB_VL,3
12337783920,mixed,lat->mix,lat,mix,0,1,3,1,1,1.0,3103,3103.0,MB_ML.MB_CA,3,2,2,"[MB_CA.MB_PEDL3, MB_CA.MB_VLL3] -> MB_ML.MB_CAL3 -> [MB_CA.MB_MLL3, MB_CA.MB_VLL2]",MB_CA.MB_PED,3,MB_CA.MB_VL,3,MB_CA.MB_ML,3,MB_CA.MB_VL,2
12278448308,mixed,lat->FB,lat,FB,0,2,2,2282,16,1.46,40385,17.697,LO,3,2,2,"[MEL3, ME.LOPL3] -> LOL3 -> [LOL2, MEL2]",ME,3,ME.LOP,3,LO,2,ME,2
12257668440,mixed,mix->lat,mix,lat,1,0,3,1,1,1.0,3103,3103.0,MB_ML.MB_CA,3,2,2,"[MB_CA.MB_MLL3, MB_CA.MB_VLL2] -> MB_ML.MB_CAL3 -> [MB_CA.MB_PEDL3, MB_CA.MB_VLL3]",MB_CA.MB_ML,3,MB_CA.MB_VL,2,MB_CA.MB_PED,3,MB_CA.MB_VL,3
12257668440,mixed,lat->mix,lat,mix,0,1,3,1,1,1.0,3103,3103.0,MB_ML.MB_CA,3,2,2,"[MB_CA.MB_MLL3, MB_CA.MB_VLL3] -> MB_ML.MB_CAL3 -> [MB_CA.MB_PEDL3, MB_CA.MB_VLL2]",MB_CA.MB_ML,3,MB_CA.MB_VL,3,MB_CA.MB_PED,3,MB_CA.MB_VL,2
12257668440,mixed,mix->lat,mix,lat,1,0,3,1,1,1.0,3103,3103.0,MB_ML.MB_CA,3,2,2,"[MB_CA.MB_VLL2, MB_CA.MB_VLL3] -> MB_ML.MB_CAL3 -> [MB_CA.MB_MLL3, MB_CA.MB_PEDL3]",MB_CA.MB_VL,2,MB_CA.MB_VL,3,MB_CA.MB_ML,3,MB_CA.MB_PED,3
12187851554,mixed,mix->mix,mix,mix,1,1,2,2282,21,1.468,16394,7.184,LO,3,2,2,"[LOL2, ME.LOL3] -> LOL3 -> [LO.LOPL3, ME.LOPL2]",LO,2,ME.LO,3,LO.LOP,3,ME.LOP,2
12125037904,mixed,mix->mix,mix,mix,1,1,2,2282,11,1.255,46273,20.277,LO,3,2,2,"[LO.LOPL3, ME.LOL2] -> LOL3 -> [MEL2, MEL3]",LO.LOP,3,ME.LO,2,ME,2,ME,3
11910632144,mixed,FF->mix,FF,mix,2,1,1,2282,10,1.947,38594,16.912,LO,3,2,2,"[MEL2, ME.LOPL2] -> LOL3 -> [LO.LOPL2, MEL3]",ME,2,ME.LOP,2,LO.LOP,2,ME,3
11875723339,mixed,FF->lat,FF,lat,2,0,2,2282,32,1.134,22197,9.727,LO,3,2,2,"[LOL2, ME.LOL2] -> LOL3 -> [MEL3, ME.LOPL3]",LO,2,ME.LO,2,ME,3,ME.LOP,3
11825637412,mixed,mix->FB,mix,FB,1,2,1,2282,7,1.762,31941,13.997,LO,3,2,2,"[ME.LOPL2, ME.LOPL3] -> LOL3 -> [LOL2, MEL2]",ME.LOP,2,ME.LOP,3,LO,2,ME,2
11791173240,mixed,mix->mix,mix,mix,1,1,2,1,1,1.0,2291,2291.0,MB_ML.MB_CA,3,2,2,"[MB_CA.MB_MLL2, MB_CA.MB_PEDL3] -> MB_ML.MB_CAL3 -> [MB_CA.MB_VLL2, MB_CA.MB_VLL3]",MB_CA.MB_ML,2,MB_CA.MB_PED,3,MB_CA.MB_VL,2,MB_CA.MB_VL,3
11791173240,mixed,mix->mix,mix,mix,1,1,2,1,1,1.0,2291,2291.0,MB_ML.MB_CA,3,2,2,"[MB_CA.MB_PEDL3, MB_CA.MB_VLL2] -> MB_ML.MB_CAL3 -> [MB_CA.MB_MLL2, MB_CA.MB_VLL3]",MB_CA.MB_PED,3,MB_CA.MB_VL,2,MB_CA.MB_ML,2,MB_CA.MB_VL,3
11791173240,mixed,lat->FB,lat,FB,0,2,2,1,1,1.0,2291,2291.0,MB_ML.MB_CA,3,2,2,"[MB_CA.MB_PEDL3, MB_CA.MB_VLL3] -> MB_ML.MB_CAL3 -> [MB_CA.MB_MLL2, MB_CA.MB_VLL2]",MB_CA.MB_PED,3,MB_CA.MB_VL,3,MB_CA.MB_ML,2,MB_CA.MB_VL,2
11735650706,mixed,mix->lat,mix,lat,1,0,3,2282,5,1.933,19234,8.429,LO,3,2,2,"[LO.LOPL2, LO.LOPL3] -> LOL3 -> [MEL3, ME.LOPL3]",LO.LOP,2,LO.LOP,3,ME,3,ME.LOP,3
11714607180,mixed,FF->lat,FF,lat,2,0,2,1,1,1.0,2291,2291.0,MB_ML.MB_CA,3,2,2,"[MB_CA.MB_MLL2, MB_CA.MB_VLL2] -> MB_ML.MB_CAL3 -> [MB_CA.MB_PEDL3, MB_CA.MB_VLL3]",MB_CA.MB_ML,2,MB_CA.MB_VL,2,MB_CA.MB_PED,3,MB_CA.MB_VL,3
11714607180,mixed,mix->mix,mix,mix,1,1,2,1,1,1.0,2291,2291.0,MB_ML.MB_CA,3,2,2,"[MB_CA.MB_MLL2, MB_CA.MB_VLL3] -> MB_ML.MB_CAL3 -> [MB_CA.MB_PEDL3, MB_CA.MB_VLL2]",MB_CA.MB_ML,2,MB_CA.MB_VL,3,MB_CA.MB_PED,3,MB_CA.MB_VL,2
11714607180,mixed,mix->mix,mix,mix,1,1,2,1,1,1.0,2291,2291.0,MB_ML.MB_CA,3,2,2,"[MB_CA.MB_VLL2, MB_CA.MB_VLL3] -> MB_ML.MB_CAL3 -> [MB_CA.MB_MLL2, MB_CA.MB_PEDL3]",MB_CA.MB_VL,2,MB_CA.MB_VL,3,MB_CA.MB_ML,2,MB_CA.MB_PED,3
11653337048,mixed,lat->FB,lat,FB,0,2,2,2282,8,1.601,40046,17.549,LO,3,2,2,"[LO.LOPL3, ME.LOL3] -> LOL3 -> [MEL2, ME.LOPL2]",LO.LOP,3,ME.LO,3,ME,2,ME.LOP,2
11650822034,pure_lateral,lat->lat,lat,lat,0,0,4,2282,5,1.064,27313,11.969,LO,3,2,2,"[LO.LOPL3, ME.LOPL3] -> LOL3 -> [MEL3, ME.LOL3]",LO.LOP,3,ME.LOP,3,ME,3,ME.LO,3
11644041062,mixed,FF->mix,FF,mix,2,1,1,2282,5,1.732,12273,5.378,LO,3,2,2,"[LOL2, LO.LOPL2] -> LOL3 -> [ME.LOL2, ME.LOPL3]",LO,2,LO.LOP,2,ME.LO,2,ME.LOP,3
11616264109,mixed,mix->mix,mix,mix,1,1,2,2282,5,1.811,15572,6.824,LO,3,2,2,"[LO.LOPL2, ME.LOL3] -> LOL3 -> [ME.LOPL2, ME.LOPL3]",LO.LOP,2,ME.LO,3,ME.LOP,2,ME.LOP,3
11512258134,mixed,mix->mix,mix,mix,1,1,2,2282,3,1.681,16759,7.344,LO,3,2,2,"[LO.LOPL2, MEL3] -> LOL3 -> [LOL2, LO.LOPL3]",LO.LOP,2,ME,3,LO,2,LO.LOP,3
11384346959,mixed,FF->mix,FF,mix,2,1,1,2282,8,1.999,36749,16.104,LO,3,2,2,"[MEL2, ME.LOPL2] -> LOL3 -> [LO.LOPL2, ME.LOL3]",ME,2,ME.LOP,2,LO.LOP,2,ME.LO,3
11353737488,mixed,mix->mix,mix,mix,1,1,2,2282,23,1.085,40385,17.697,LO,3,2,2,"[MEL2, ME.LOPL3] -> LOL3 -> [LOL2, MEL3]",ME,2,ME.LOP,3,LO,2,ME,3
11254485832,mixed,mix->mix,mix,mix,1,1,2,2282,4,1.859,20378,8.93,LO,3,2,2,"[LO.LOPL2, ME.LOL3] -> LOL3 -> [LO.LOPL3, ME.LOL2]",LO.LOP,2,ME.LO,3,LO.LOP,3,ME.LO,2
11212811590,mixed,lat->mix,lat,mix,0,1,3,2282,4,1.963,24440,10.71,LO,3,2,2,"[LO.LOPL3, MEL3] -> LOL3 -> [LO.LOPL2, ME.LOL3]",LO.LOP,3,ME,3,LO.LOP,2,ME.LO,3
11200396470,mixed,mix->mix,mix,mix,1,1,2,2282,7,1.471,39622,17.363,LO,3,2,2,"[ME.LOPL2, ME.LOPL3] -> LOL3 -> [MEL2, ME.LOL3]",ME.LOP,2,ME.LOP,3,ME,2,ME.LO,3
11171450197,mixed,mix->lat,mix,lat,1,0,3,2282,4,2.0,17389,7.62,LO,3,2,2,"[LO.LOPL2, LO.LOPL3] -> LOL3 -> [ME.LOL3, ME.LOPL3]",LO.LOP,2,LO.LOP,3,ME.LO,3,ME.LOP,3
11148019448,mixed,lat->FB,lat,FB,0,2,2,2282,9,1.926,22623,9.914,LO,3,2,2,"[MEL3, ME.LOL3] -> LOL3 -> [LO.LOPL2, ME.LOPL2]",ME,3,ME.LO,3,LO.LOP,2,ME.LOP,2
11126835642,mixed,FF->lat,FF,lat,2,0,2,2282,5,1.796,39987,17.523,LO,3,2,2,"[LO.LOPL2, MEL2] -> LOL3 -> [MEL3, ME.LOPL3]",LO.LOP,2,ME,2,ME,3,ME.LOP,3
11063617342,mixed,mix->FB,mix,FB,1,2,1,2282,10,1.861,19324,8.468,LO,3,2,2,"[LOL2, MEL3] -> LOL3 -> [LO.LOPL2, ME.LOL2]",LO,2,ME,3,LO.LOP,2,ME.LO,2
11001544386,mixed,FF->lat,FF,lat,2,0,2,2282,26,1.275,20776,9.104,LO,3,2,2,"[LOL2, ME.LOL2] -> LOL3 -> [LO.LOPL3, ME.LOL3]",LO,2,ME.LO,2,LO.LOP,3,ME.LO,3
10925464456,mixed,mix->FB,mix,FB,1,2,1,2282,9,1.68,36747,16.103,LO,3,2,2,"[LOL2, LO.LOPL3] -> LOL3 -> [MEL2, ME.LOL2]",LO,2,LO.LOP,3,ME,2,ME.LO,2
10889574612,mixed,FF->lat,FF,lat,2,0,2,2282,4,1.996,22223,9.738,LO,3,2,2,"[LO.LOPL2, ME.LOL2] -> LOL3 -> [LO.LOPL3, MEL3]",LO.LOP,2,ME.LO,2,LO.LOP,3,ME,3
10850406114,mixed,mix->mix,mix,mix,1,1,2,2282,22,1.304,20776,9.104,LO,3,2,2,"[LOL2, ME.LOL3] -> LOL3 -> [LO.LOPL3, ME.LOL2]",LO,2,ME.LO,3,LO.LOP,3,ME.LO,2
10818997409,mixed,FF->lat,FF,lat,2,0,2,2282,3,1.904,20378,8.93,LO,3,2,2,"[LO.LOPL2, ME.LOL2] -> LOL3 -> [LO.LOPL3, ME.LOL3]",LO.LOP,2,ME.LO,2,LO.LOP,3,ME.LO,3
10793773227,mixed,lat->mix,lat,mix,0,1,3,2282,7,1.117,19632,8.603,LO,3,2,2,"[LO.LOPL3, ME.LOPL3] -> LOL3 -> [LOL2, MEL3]",LO.LOP,3,ME.LOP,3,LO,2,ME,3
10754617825,mixed,FF->mix,FF,mix,2,1,1,2282,4,1.547,7891,3.458,LO,3,2,2,"[LO.LOPL2, ME.LOPL2] -> LOL3 -> [LOL2, ME.LOPL3]",LO.LOP,2,ME.LOP,2,LO,2,ME.LOP,3
10715529212,mixed,mix->FB,mix,FB,1,2,1,2282,10,1.443,42976,18.833,LO,3,2,2,"[LO.LOPL2, MEL3] -> LOL3 -> [MEL2, ME.LOL2]",LO.LOP,2,ME,3,ME,2,ME.LO,2
10667388960,mixed,mix->mix,mix,mix,1,1,2,1,1,1.0,3676,3676.0,MB_ML.MB_CA,3,2,2,"[MB_CA.CREL3, MB_CA.MB_MLL2] -> MB_ML.MB_CAL3 -> [MB_CA.MB_MLL3, MB_CA.MB_VLL2]",MB_CA.CRE,3,MB_CA.MB_ML,2,MB_CA.MB_ML,3,MB_CA.MB_VL,2
10667388960,mixed,lat->FB,lat,FB,0,2,2,1,1,1.0,3676,3676.0,MB_ML.MB_CA,3,2,2,"[MB_CA.CREL3, MB_CA.MB_MLL3] -> MB_ML.MB_CAL3 -> [MB_CA.MB_MLL2, MB_CA.MB_VLL2]",MB_CA.CRE,3,MB_CA.MB_ML,3,MB_CA.MB_ML,2,MB_CA.MB_VL,2
10667388960,mixed,mix->mix,mix,mix,1,1,2,1,1,1.0,3676,3676.0,MB_ML.MB_CA,3,2,2,"[MB_CA.CREL3, MB_CA.MB_VLL2] -> MB_ML.MB_CAL3 -> [MB_CA.MB_MLL2, MB_CA.MB_MLL3]",MB_CA.CRE,3,MB_CA.MB_VL,2,MB_CA.MB_ML,2,MB_CA.MB_ML,3
10667388960,mixed,mix->mix,mix,mix,1,1,2,1,1,1.0,3676,3676.0,MB_ML.MB_CA,3,2,2,"[MB_CA.MB_MLL2, MB_CA.MB_MLL3] -> MB_ML.MB_CAL3 -> [MB_CA.CREL3, MB_CA.MB_VLL2]",MB_CA.MB_ML,2,MB_CA.MB_ML,3,MB_CA.CRE,3,MB_CA.MB_VL,2
10667388960,mixed,mix->FB,mix,FB,1,2,1,1,1,1.0,3623,3623.0,MB_ML.MB_CA,3,2,2,"[MB_CA.MB_MLL2, MB_CA.MB_MLL3] -> MB_ML.MB_CAL3 -> [MB_CA.MB_PEDL2, MB_CA.MB_VLL2]",MB_CA.MB_ML,2,MB_CA.MB_ML,3,MB_CA.MB_PED,2,MB_CA.MB_VL,2
10667388960,mixed,FF->mix,FF,mix,2,1,1,1,1,1.0,3623,3623.0,MB_ML.MB_CA,3,2,2,"[MB_CA.MB_MLL2, MB_CA.MB_PEDL2] -> MB_ML.MB_CAL3 -> [MB_CA.MB_MLL3, MB_CA.MB_VLL2]",MB_CA.MB_ML,2,MB_CA.MB_PED,2,MB_CA.MB_ML,3,MB_CA.MB_VL,2
10667388960,mixed,FF->lat,FF,lat,2,0,2,1,1,1.0,3676,3676.0,MB_ML.MB_CA,3,2,2,"[MB_CA.MB_MLL2, MB_CA.MB_VLL2] -> MB_ML.MB_CAL3 -> [MB_CA.CREL3, MB_CA.MB_MLL3]",MB_CA.MB_ML,2,MB_CA.MB_VL,2,MB_CA.CRE,3,MB_CA.MB_ML,3
10667388960,mixed,FF->mix,FF,mix,2,1,1,1,1,1.0,3623,3623.0,MB_ML.MB_CA,3,2,2,"[MB_CA.MB_MLL2, MB_CA.MB_VLL2] -> MB_ML.MB_CAL3 -> [MB_CA.MB_MLL3, MB_CA.MB_PEDL2]",MB_CA.MB_ML,2,MB_CA.MB_VL,2,MB_CA.MB_ML,3,MB_CA.MB_PED,2
10667388960,mixed,mix->FB,mix,FB,1,2,1,1,1,1.0,3623,3623.0,MB_ML.MB_CA,3,2,2,"[MB_CA.MB_MLL3, MB_CA.MB_PEDL2] -> MB_ML.MB_CAL3 -> [MB_CA.MB_MLL2, MB_CA.MB_VLL2]",MB_CA.MB_ML,3,MB_CA.MB_PED,2,MB_CA.MB_ML,2,MB_CA.MB_VL,2
10667388960,mixed,mix->mix,mix,mix,1,1,2,1,1,1.0,3676,3676.0,MB_ML.MB_CA,3,2,2,"[MB_CA.MB_MLL3, MB_CA.MB_VLL2] -> MB_ML.MB_CAL3 -> [MB_CA.CREL3, MB_CA.MB_MLL2]",MB_CA.MB_ML,3,MB_CA.MB_VL,2,MB_CA.CRE,3,MB_CA.MB_ML,2
10667388960,mixed,mix->FB,mix,FB,1,2,1,1,1,1.0,3623,3623.0,MB_ML.MB_CA,3,2,2,"[MB_CA.MB_MLL3, MB_CA.MB_VLL2] -> MB_ML.MB_CAL3 -> [MB_CA.MB_MLL2, MB_CA.MB_PEDL2]",MB_CA.MB_ML,3,MB_CA.MB_VL,2,MB_CA.MB_ML,2,MB_CA.MB_PED,2
10667388960,mixed,FF->mix,FF,mix,2,1,1,1,1,1.0,3623,3623.0,MB_ML.MB_CA,3,2,2,"[MB_CA.MB_PEDL2, MB_CA.MB_VLL2] -> MB_ML.MB_CAL3 -> [MB_CA.MB_MLL2, MB_CA.MB_MLL3]",MB_CA.MB_PED,2,MB_CA.MB_VL,2,MB_CA.MB_ML,2,MB_CA.MB_ML,3
10645825272,mixed,FF->lat,FF,lat,2,0,2,2282,3,1.668,15996,7.01,LO,3,2,2,"[LO.LOPL2, ME.LOPL2] -> LOL3 -> [LO.LOPL3, ME.LOL3]",LO.LOP,2,ME.LOP,2,LO.LOP,3,ME.LO,3
10644390919,mixed,FF->mix,FF,mix,2,1,1,2282,4,1.793,12273,5.378,LO,3,2,2,"[LO.LOPL2, ME.LOL2] -> LOL3 -> [LOL2, ME.LOPL3]",LO.LOP,2,ME.LO,2,LO,2,ME.LOP,3
10624728096,mixed,mix->mix,mix,mix,1,1,2,2282,23,1.336,15970,6.998,LO,3,2,2,"[LOL2, ME.LOL3] -> LOL3 -> [ME.LOPL2, ME.LOPL3]",LO,2,ME.LO,3,ME.LOP,2,ME.LOP,3
10616669802,mixed,mix->mix,mix,mix,1,1,2,2282,29,1.271,20776,9.104,LO,3,2,2,"[ME.LOL2, ME.LOL3] -> LOL3 -> [LOL2, LO.LOPL3]",ME.LO,2,ME.LO,3,LO,2,LO.LOP,3
10599260244,mixed,mix->FB,mix,FB,1,2,1,2282,3,1.524,7891,3.458,LO,3,2,2,"[LO.LOPL2, ME.LOPL3] -> LOL3 -> [LOL2, ME.LOPL2]",LO.LOP,2,ME.LOP,3,LO,2,ME.LOP,2
10550312498,mixed,mix->mix,mix,mix,1,1,2,2282,15,1.843,45193,19.804,LO,3,2,2,"[MEL2, MEL3] -> LOL3 -> [LO.LOPL2, ME.LOL3]",ME,2,ME,3,LO.LOP,2,ME.LO,3
10506053396,mixed,mix->FB,mix,FB,1,2,1,2282,8,1.62,36747,16.103,LO,3,2,2,"[LO.LOPL3, ME.LOL2] -> LOL3 -> [LOL2, MEL2]",LO.LOP,3,ME.LO,2,LO,2,ME,2
10289187343,mixed,FF->lat,FF,lat,2,0,2,2282,4,1.948,38142,16.714,LO,3,2,2,"[LO.LOPL2, MEL2] -> LOL3 -> [ME.LOL3, ME.LOPL3]",LO.LOP,2,ME,2,ME.LO,3,ME.LOP,3
10261490580,mixed,FF->lat,FF,lat,2,0,2,2282,4,1.849,17841,7.818,LO,3,2,2,"[LO.LOPL2, ME.LOPL2] -> LOL3 -> [LO.LOPL3, MEL3]",LO.LOP,2,ME.LOP,2,LO.LOP,3,ME,3
10261087762,mixed,mix->mix,mix,mix,1,1,2,2282,10,1.363,44428,19.469,LO,3,2,2,"[LO.LOPL3, ME.LOL2] -> LOL3 -> [MEL2, ME.LOL3]",LO.LOP,3,ME.LO,2,ME,2,ME.LO,3
10189971501,mixed,mix->FB,mix,FB,1,2,1,2282,14,1.911,19324,8.468,LO,3,2,2,"[MEL3, ME.LOL2] -> LOL3 -> [LOL2, LO.LOPL2]",ME,3,ME.LO,2,LO,2,LO.LOP,2
10160239874,mixed,lat->FB,lat,FB,0,2,2,2282,10,1.401,44428,19.469,LO,3,2,2,"[LO.LOPL3, ME.LOL3] -> LOL3 -> [MEL2, ME.LOL2]",LO.LOP,3,ME.LO,3,ME,2,ME.LO,2
10003845246,mixed,mix->FB,mix,FB,1,2,1,2282,8,1.678,14942,6.548,LO,3,2,2,"[MEL3, ME.LOPL2] -> LOL3 -> [LOL2, LO.LOPL2]",ME,3,ME.LOP,2,LO,2,LO.LOP,2
9826982573,mixed,FF->lat,FF,lat,2,0,2,2282,26,1.193,20352,8.918,LO,3,2,2,"[LOL2, ME.LOL2] -> LOL3 -> [ME.LOL3, ME.LOPL3]",LO,2,ME.LO,2,ME.LO,3,ME.LOP,3
9798396608,mixed,mix->lat,mix,lat,1,0,3,2282,12,1.169,25920,11.358,LO,3,2,2,"[ME.LOL3, ME.LOPL2] -> LOL3 -> [LO.LOPL3, MEL3]",ME.LO,3,ME.LOP,2,LO.LOP,3,ME,3
9778651929,mixed,FF->lat,FF,lat,2,0,2,2282,12,1.311,18239,7.993,LO,3,2,2,"[LOL2, ME.LOPL2] -> LOL3 -> [LO.LOPL3, MEL3]",LO,2,ME.LOP,2,LO.LOP,3,ME,3
9775616819,mixed,mix->FB,mix,FB,1,2,1,2282,7,1.857,18561,8.134,LO,3,2,2,"[ME.LOL3, ME.LOPL2] -> LOL3 -> [LO.LOPL2, ME.LOL2]",ME.LO,3,ME.LOP,2,LO.LOP,2,ME.LO,2
9715591440,mixed,mix->lat,mix,lat,1,0,3,52,1,1.0,3801,73.096,MB_ML,3,2,2,"[MB_CA.MB_MLL2, MB_CA.MB_MLL3] -> MB_MLL3 -> [MB_CA.MB_PEDL3, MB_CA.MB_VLL3]",MB_CA.MB_ML,2,MB_CA.MB_ML,3,MB_CA.MB_PED,3,MB_CA.MB_VL,3
9715591440,mixed,mix->lat,mix,lat,1,0,3,52,1,1.0,3801,73.096,MB_ML,3,2,2,"[MB_CA.MB_MLL2, MB_CA.MB_PEDL3] -> MB_MLL3 -> [MB_CA.MB_MLL3, MB_CA.MB_VLL3]",MB_CA.MB_ML,2,MB_CA.MB_PED,3,MB_CA.MB_ML,3,MB_CA.MB_VL,3
9715591440,mixed,mix->lat,mix,lat,1,0,3,52,1,1.0,3801,73.096,MB_ML,3,2,2,"[MB_CA.MB_MLL2, MB_CA.MB_VLL3] -> MB_MLL3 -> [MB_CA.MB_MLL3, MB_CA.MB_PEDL3]",MB_CA.MB_ML,2,MB_CA.MB_VL,3,MB_CA.MB_ML,3,MB_CA.MB_PED,3
9715591440,mixed,lat->mix,lat,mix,0,1,3,52,1,1.0,3801,73.096,MB_ML,3,2,2,"[MB_CA.MB_MLL3, MB_CA.MB_PEDL3] -> MB_MLL3 -> [MB_CA.MB_MLL2, MB_CA.MB_VLL3]",MB_CA.MB_ML,3,MB_CA.MB_PED,3,MB_CA.MB_ML,2,MB_CA.MB_VL,3
9715591440,mixed,lat->mix,lat,mix,0,1,3,52,1,1.0,3801,73.096,MB_ML,3,2,2,"[MB_CA.MB_MLL3, MB_CA.MB_VLL3] -> MB_MLL3 -> [MB_CA.MB_MLL2, MB_CA.MB_PEDL3]",MB_CA.MB_ML,3,MB_CA.MB_VL,3,MB_CA.MB_ML,2,MB_CA.MB_PED,3
9715591440,mixed,lat->mix,lat,mix,0,1,3,52,1,1.0,3801,73.096,MB_ML,3,2,2,"[MB_CA.MB_PEDL3, MB_CA.MB_VLL3] -> MB_MLL3 -> [MB_CA.MB_MLL2, MB_CA.MB_MLL3]",MB_CA.MB_PED,3,MB_CA.MB_VL,3,MB_CA.MB_ML,2,MB_CA.MB_ML,3
9655057113,mixed,mix->mix,mix,mix,1,1,2,2282,18,1.214,20352,8.918,LO,3,2,2,"[LOL2, ME.LOL3] -> LOL3 -> [ME.LOL2, ME.LOPL3]",LO,2,ME.LO,3,ME.LO,2,ME.LOP,3
9587274577,mixed,FF->FB,FF,FB,2,2,0,2282,21,1.936,34930,15.307,LO,3,2,2,"[LOL2, ME.LOL2] -> LOL3 -> [MEL2, ME.LOPL2]",LO,2,ME.LO,2,ME,2,ME.LOP,2
9487851472,mixed,mix->mix,mix,mix,1,1,2,2282,26,1.19,20352,8.918,LO,3,2,2,"[ME.LOL2, ME.LOL3] -> LOL3 -> [LOL2, ME.LOPL3]",ME.LO,2,ME.LO,3,LO,2,ME.LOP,3
9452711742,mixed,FF->mix,FF,mix,2,1,1,2282,10,1.996,20406,8.942,LO,3,2,2,"[ME.LOL2, ME.LOPL2] -> LOL3 -> [LO.LOPL2, MEL3]",ME.LO,2,ME.LOP,2,LO.LOP,2,ME,3
9396069145,mixed,FF->mix,FF,mix,2,1,1,2282,8,1.901,18561,8.134,LO,3,2,2,"[ME.LOL2, ME.LOPL2] -> LOL3 -> [LO.LOPL2, ME.LOL3]",ME.LO,2,ME.LOP,2,LO.LOP,2,ME.LO,3
9303568995,mixed,mix->mix,mix,mix,1,1,2,2282,19,1.123,38540,16.889,LO,3,2,2,"[MEL2, ME.LOPL3] -> LOL3 -> [LOL2, ME.LOL3]",ME,2,ME.LOP,3,LO,2,ME.LO,3
9293094102,mixed,mix->lat,mix,lat,1,0,3,2282,23,1.241,24838,10.884,LO,3,2,2,"[LOL2, MEL3] -> LOL3 -> [LO.LOPL3, ME.LOL3]",LO,2,ME,3,LO.LOP,3,ME.LO,3
9275990400,mixed,FF->mix,FF,mix,2,1,1,1,1,1.0,3712,3712.0,MB_ML.MB_CA,3,2,2,"[MB_CA.MB_MLL2, MB_MLL2] -> MB_ML.MB_CAL3 -> [MB_CA.MB_MLL3, MB_CA.MB_VLL2]",MB_CA.MB_ML,2,MB_ML,2,MB_CA.MB_ML,3,MB_CA.MB_VL,2
9275990400,mixed,mix->FB,mix,FB,1,2,1,1,1,1.0,3712,3712.0,MB_ML.MB_CA,3,2,2,"[MB_CA.MB_MLL3, MB_MLL2] -> MB_ML.MB_CAL3 -> [MB_CA.MB_MLL2, MB_CA.MB_VLL2]",MB_CA.MB_ML,3,MB_ML,2,MB_CA.MB_ML,2,MB_CA.MB_VL,2
9275990400,mixed,FF->mix,FF,mix,2,1,1,1,1,1.0,3712,3712.0,MB_ML.MB_CA,3,2,2,"[MB_CA.MB_VLL2, MB_MLL2] -> MB_ML.MB_CAL3 -> [MB_CA.MB_MLL2, MB_CA.MB_MLL3]",MB_CA.MB_VL,2,MB_ML,2,MB_CA.MB_ML,2,MB_CA.MB_ML,3
9164964657,mixed,mix->mix,mix,mix,1,1,2,2282,8,1.41,41891,18.357,LO,3,2,2,"[LO.LOPL3, ME.LOPL2] -> LOL3 -> [MEL2, MEL3]",LO.LOP,3,ME.LOP,2,ME,2,ME,3
8969827437,mixed,lat->mix,lat,mix,0,1,3,2282,23,1.237,24838,10.884,LO,3,2,2,"[MEL3, ME.LOL3] -> LOL3 -> [LOL2, LO.LOPL3]",ME,3,ME.LO,3,LO,2,LO.LOP,3
8966790720,mixed,mix->FB,mix,FB,1,2,1,1,1,1.0,3712,3712.0,MB_ML.MB_CA,3,2,2,"[MB_CA.MB_MLL2, MB_CA.MB_MLL3] -> MB_ML.MB_CAL3 -> [MB_CA.MB_VLL2, MB_MLL2]",MB_CA.MB_ML,2,MB_CA.MB_ML,3,MB_CA.MB_VL,2,MB_ML,2
8966790720,mixed,FF->mix,FF,mix,2,1,1,1,1,1.0,3712,3712.0,MB_ML.MB_CA,3,2,2,"[MB_CA.MB_MLL2, MB_CA.MB_VLL2] -> MB_ML.MB_CAL3 -> [MB_CA.MB_MLL3, MB_MLL2]",MB_CA.MB_ML,2,MB_CA.MB_VL,2,MB_CA.MB_ML,3,MB_ML,2
8966790720,mixed,mix->FB,mix,FB,1,2,1,1,1,1.0,3712,3712.0,MB_ML.MB_CA,3,2,2,"[MB_CA.MB_MLL3, MB_CA.MB_VLL2] -> MB_ML.MB_CAL3 -> [MB_CA.MB_MLL2, MB_MLL2]",MB_CA.MB_ML,3,MB_CA.MB_VL,2,MB_CA.MB_ML,2,MB_ML,2
8902128418,mixed,lat->mix,lat,mix,0,1,3,2282,5,1.169,17787,7.794,LO,3,2,2,"[LO.LOPL3, ME.LOPL3] -> LOL3 -> [LOL2, ME.LOL3]",LO.LOP,3,ME.LOP,3,LO,2,ME.LO,3
8875010585,mixed,mix->lat,mix,lat,1,0,3,2282,15,1.118,25496,11.173,LO,3,2,2,"[ME.LOL3, ME.LOPL2] -> LOL3 -> [MEL3, ME.LOPL3]",ME.LO,3,ME.LOP,2,ME,3,ME.LOP,3
8852666069,mixed,mix->FF,mix,FF,2,1,1,647,99,2.886,15864,24.519,LOP,2,2,2,"[ME.LOPL2, ME.LOPL3] -> LOPL2 -> [LOPL3, ME.LOL3]",ME.LOP,2,ME.LOP,3,LOP,3,ME.LO,3
8718483925,mixed,lat->FB,lat,FB,0,2,2,2282,7,1.555,40809,17.883,LO,3,2,2,"[LO.LOPL3, MEL3] -> LOL3 -> [LOL2, MEL2]",LO.LOP,3,ME,3,LO,2,ME,2
8693954699,mixed,FF->lat,FF,lat,2,0,2,2282,15,1.219,17815,7.807,LO,3,2,2,"[LOL2, ME.LOPL2] -> LOL3 -> [MEL3, ME.LOPL3]",LO,2,ME.LOP,2,ME,3,ME.LOP,3
8629474683,mixed,mix->FB,mix,FB,1,2,1,2282,5,1.863,32365,14.183,LO,3,2,2,"[LO.LOPL3, ME.LOPL2] -> LOL3 -> [LOL2, MEL2]",LO.LOP,3,ME.LOP,2,LO,2,ME,2
8627470909,mixed,lat->mix,lat,mix,0,1,3,2282,10,1.32,48490,21.249,LO,3,2,2,"[LO.LOPL3, MEL3] -> LOL3 -> [MEL2, ME.LOL3]",LO.LOP,3,ME,3,ME,2,ME.LO,3
8614800415,mixed,mix->FF,mix,FF,2,1,1,647,81,1.529,18869,29.164,LOP,2,2,2,"[LO.LOPL3, ME.LOPL2] -> LOPL2 -> [ME.LOL3, ME.LOPL3]",LO.LOP,3,ME.LOP,2,ME.LO,3,ME.LOP,3
8555808444,mixed,mix->lat,mix,lat,1,0,3,2282,3,1.951,24440,10.71,LO,3,2,2,"[LO.LOPL2, MEL3] -> LOL3 -> [LO.LOPL3, ME.LOL3]",LO.LOP,2,ME,3,LO.LOP,3,ME.LO,3
8539517325,mixed,mix->FB,mix,FB,1,2,1,2282,4,1.433,8315,3.644,LO,3,2,2,"[LO.LOPL2, LO.LOPL3] -> LOL3 -> [LOL2, ME.LOPL2]",LO.LOP,2,LO.LOP,3,LO,2,ME.LOP,2
8501533630,mixed,FF->lat,FF,lat,2,0,2,2282,5,1.963,21799,9.553,LO,3,2,2,"[LO.LOPL2, ME.LOL2] -> LOL3 -> [MEL3, ME.LOPL3]",LO.LOP,2,ME.LO,2,ME,3,ME.LOP,3
8475514989,mixed,FB->mix,FB,mix,1,2,1,647,64,1.594,18869,29.164,LOP,2,2,2,"[LO.LOPL3, ME.LOPL3] -> LOPL2 -> [ME.LOL3, ME.LOPL2]",LO.LOP,3,ME.LOP,3,ME.LO,3,ME.LOP,2
8425299084,mixed,lat->mix,lat,mix,0,1,3,2282,11,1.124,25496,11.173,LO,3,2,2,"[ME.LOL3, ME.LOPL3] -> LOL3 -> [MEL3, ME.LOPL2]",ME.LO,3,ME.LOP,3,ME,3,ME.LOP,2
8417845285,mixed,mix->mix,mix,mix,1,1,2,2282,5,1.98,19954,8.744,LO,3,2,2,"[LO.LOPL2, ME.LOL3] -> LOL3 -> [ME.LOL2, ME.LOPL3]",LO.LOP,2,ME.LO,3,ME.LO,2,ME.LOP,3
8411130234,mixed,mix->lat,mix,lat,1,0,3,2282,10,1.057,48490,21.249,LO,3,2,2,"[LO.LOPL3, MEL2] -> LOL3 -> [MEL3, ME.LOL3]",LO.LOP,3,ME,2,ME,3,ME.LO,3
8355742368,mixed,FF->lat,FF,lat,2,0,2,2282,9,1.439,16394,7.184,LO,3,2,2,"[LOL2, ME.LOPL2] -> LOL3 -> [LO.LOPL3, ME.LOL3]",LO,2,ME.LOP,2,LO.LOP,3,ME.LO,3
8350360198,mixed,mix->mix,mix,mix,1,1,2,2282,4,1.856,16335,7.158,LO,3,2,2,"[LO.LOPL2, MEL3] -> LOL3 -> [LOL2, ME.LOPL3]",LO.LOP,2,ME,3,LO,2,ME.LOP,3
8337747749,mixed,mix->lat,mix,lat,1,0,3,2282,25,1.169,24414,10.699,LO,3,2,2,"[LOL2, MEL3] -> LOL3 -> [ME.LOL3, ME.LOPL3]",LO,2,ME,3,ME.LO,3,ME.LOP,3
8330522673,mixed,lat->FB,lat,FB,0,2,2,2282,10,1.998,27005,11.834,LO,3,2,2,"[MEL3, ME.LOL3] -> LOL3 -> [LO.LOPL2, ME.LOL2]",ME,3,ME.LO,3,LO.LOP,2,ME.LO,2
8306705058,mixed,mix->FB,mix,FB,1,2,1,2282,21,1.65,42611,18.673,LO,3,2,2,"[ME.LOL2, ME.LOL3] -> LOL3 -> [MEL2, ME.LOPL2]",ME.LO,2,ME.LO,3,ME,2,ME.LOP,2
8272833688,mixed,mix->mix,mix,mix,1,1,2,2282,11,1.231,17815,7.807,LO,3,2,2,"[LOL2, ME.LOPL3] -> LOL3 -> [MEL3, ME.LOPL2]",LO,2,ME.LOP,3,ME,3,ME.LOP,2
8244179616,mixed,mix->lat,mix,lat,1,0,3,1,1,1.0,3650,3650.0,MB_ML.MB_CA,3,2,2,"[MB_CA.CREL3, MB_CA.MB_MLL2] -> MB_ML.MB_CAL3 -> [MB_CA.MB_MLL3, MB_CA.MB_VLL3]",MB_CA.CRE,3,MB_CA.MB_ML,2,MB_CA.MB_ML,3,MB_CA.MB_VL,3
8244179616,mixed,lat->mix,lat,mix,0,1,3,1,1,1.0,3650,3650.0,MB_ML.MB_CA,3,2,2,"[MB_CA.CREL3, MB_CA.MB_MLL3] -> MB_ML.MB_CAL3 -> [MB_CA.MB_MLL2, MB_CA.MB_VLL3]",MB_CA.CRE,3,MB_CA.MB_ML,3,MB_CA.MB_ML,2,MB_CA.MB_VL,3
8244179616,mixed,lat->mix,lat,mix,0,1,3,1,1,1.0,3650,3650.0,MB_ML.MB_CA,3,2,2,"[MB_CA.CREL3, MB_CA.MB_VLL3] -> MB_ML.MB_CAL3 -> [MB_CA.MB_MLL2, MB_CA.MB_MLL3]",MB_CA.CRE,3,MB_CA.MB_VL,3,MB_CA.MB_ML,2,MB_CA.MB_ML,3
8244179616,mixed,mix->lat,mix,lat,1,0,3,1,1,1.0,3650,3650.0,MB_ML.MB_CA,3,2,2,"[MB_CA.MB_MLL2, MB_CA.MB_MLL3] -> MB_ML.MB_CAL3 -> [MB_CA.CREL3, MB_CA.MB_VLL3]",MB_CA.MB_ML,2,MB_CA.MB_ML,3,MB_CA.CRE,3,MB_CA.MB_VL,3
8244179616,mixed,mix->mix,mix,mix,1,1,2,1,1,1.0,3597,3597.0,MB_ML.MB_CA,3,2,2,"[MB_CA.MB_MLL2, MB_CA.MB_MLL3] -> MB_ML.MB_CAL3 -> [MB_CA.MB_PEDL2, MB_CA.MB_VLL3]",MB_CA.MB_ML,2,MB_CA.MB_ML,3,MB_CA.MB_PED,2,MB_CA.MB_VL,3
8244179616,mixed,FF->lat,FF,lat,2,0,2,1,1,1.0,3597,3597.0,MB_ML.MB_CA,3,2,2,"[MB_CA.MB_MLL2, MB_CA.MB_PEDL2] -> MB_ML.MB_CAL3 -> [MB_CA.MB_MLL3, MB_CA.MB_VLL3]",MB_CA.MB_ML,2,MB_CA.MB_PED,2,MB_CA.MB_ML,3,MB_CA.MB_VL,3
8244179616,mixed,mix->lat,mix,lat,1,0,3,1,1,1.0,3650,3650.0,MB_ML.MB_CA,3,2,2,"[MB_CA.MB_MLL2, MB_CA.MB_VLL3] -> MB_ML.MB_CAL3 -> [MB_CA.CREL3, MB_CA.MB_MLL3]",MB_CA.MB_ML,2,MB_CA.MB_VL,3,MB_CA.CRE,3,MB_CA.MB_ML,3
8244179616,mixed,mix->mix,mix,mix,1,1,2,1,1,1.0,3597,3597.0,MB_ML.MB_CA,3,2,2,"[MB_CA.MB_MLL2, MB_CA.MB_VLL3] -> MB_ML.MB_CAL3 -> [MB_CA.MB_MLL3, MB_CA.MB_PEDL2]",MB_CA.MB_ML,2,MB_CA.MB_VL,3,MB_CA.MB_ML,3,MB_CA.MB_PED,2
8244179616,mixed,mix->mix,mix,mix,1,1,2,1,1,1.0,3597,3597.0,MB_ML.MB_CA,3,2,2,"[MB_CA.MB_MLL3, MB_CA.MB_PEDL2] -> MB_ML.MB_CAL3 -> [MB_CA.MB_MLL2, MB_CA.MB_VLL3]",MB_CA.MB_ML,3,MB_CA.MB_PED,2,MB_CA.MB_ML,2,MB_CA.MB_VL,3
8244179616,mixed,lat->mix,lat,mix,0,1,3,1,1,1.0,3650,3650.0,MB_ML.MB_CA,3,2,2,"[MB_CA.MB_MLL3, MB_CA.MB_VLL3] -> MB_ML.MB_CAL3 -> [MB_CA.CREL3, MB_CA.MB_MLL2]",MB_CA.MB_ML,3,MB_CA.MB_VL,3,MB_CA.CRE,3,MB_CA.MB_ML,2
8244179616,mixed,lat->FB,lat,FB,0,2,2,1,1,1.0,3597,3597.0,MB_ML.MB_CA,3,2,2,"[MB_CA.MB_MLL3, MB_CA.MB_VLL3] -> MB_ML.MB_CAL3 -> [MB_CA.MB_MLL2, MB_CA.MB_PEDL2]",MB_CA.MB_ML,3,MB_CA.MB_VL,3,MB_CA.MB_ML,2,MB_CA.MB_PED,2
8244179616,mixed,mix->mix,mix,mix,1,1,2,1,1,1.0,3597,3597.0,MB_ML.MB_CA,3,2,2,"[MB_CA.MB_PEDL2, MB_CA.MB_VLL3] -> MB_ML.MB_CAL3 -> [MB_CA.MB_MLL2, MB_CA.MB_MLL3]",MB_CA.MB_PED,2,MB_CA.MB_VL,3,MB_CA.MB_ML,2,MB_CA.MB_ML,3
8193791520,mixed,FF->mix,FF,mix,2,1,1,1,1,1.0,3690,3690.0,MB_ML.MB_CA,3,2,2,"[AL.MB_CAL2, MB_CA.MB_MLL2] -> MB_ML.MB_CAL3 -> [MB_CA.MB_MLL3, MB_CA.MB_VLL2]",AL.MB_CA,2,MB_CA.MB_ML,2,MB_CA.MB_ML,3,MB_CA.MB_VL,2
8193791520,mixed,mix->FB,mix,FB,1,2,1,1,1,1.0,3690,3690.0,MB_ML.MB_CA,3,2,2,"[AL.MB_CAL2, MB_CA.MB_MLL3] -> MB_ML.MB_CAL3 -> [MB_CA.MB_MLL2, MB_CA.MB_VLL2]",AL.MB_CA,2,MB_CA.MB_ML,3,MB_CA.MB_ML,2,MB_CA.MB_VL,2
8193791520,mixed,FF->mix,FF,mix,2,1,1,1,1,1.0,3690,3690.0,MB_ML.MB_CA,3,2,2,"[AL.MB_CAL2, MB_CA.MB_VLL2] -> MB_ML.MB_CAL3 -> [MB_CA.MB_MLL2, MB_CA.MB_MLL3]",AL.MB_CA,2,MB_CA.MB_VL,2,MB_CA.MB_ML,2,MB_CA.MB_ML,3
8168908285,mixed,FF->lat,FF,lat,2,0,2,2282,4,1.995,19954,8.744,LO,3,2,2,"[LO.LOPL2, ME.LOL2] -> LOL3 -> [ME.LOL3, ME.LOPL3]",LO.LOP,2,ME.LO,2,ME.LO,3,ME.LOP,3
8143103368,mixed,mix->mix,mix,mix,1,1,2,2282,14,1.985,27005,11.834,LO,3,2,2,"[MEL3, ME.LOL2] -> LOL3 -> [LO.LOPL2, ME.LOL3]",ME,3,ME.LO,2,LO.LOP,2,ME.LO,3
8122302474,mixed,FB->FF,FB,FF,2,2,0,647,142,2.955,9165,14.165,LOP,2,2,2,"[LO.LOPL3, ME.LOPL3] -> LOPL2 -> [LOPL3, LOP.PLPL3]",LO.LOP,3,ME.LOP,3,LOP,3,LOP.PLP,3
8114961425,mixed,mix->lat,mix,lat,1,0,3,2282,21,1.07,29878,13.093,LO,3,2,2,"[ME.LOL2, ME.LOPL3] -> LOL3 -> [MEL3, ME.LOL3]",ME.LO,2,ME.LOP,3,ME,3,ME.LO,3
8055403151,mixed,mix->mix,mix,mix,1,1,2,2282,11,1.433,16394,7.184,LO,3,2,2,"[ME.LOL3, ME.LOPL2] -> LOL3 -> [LOL2, LO.LOPL3]",ME.LO,3,ME.LOP,2,LO,2,LO.LOP,3
8051306099,mixed,lat->mix,lat,mix,0,1,3,2282,22,1.166,24414,10.699,LO,3,2,2,"[MEL3, ME.LOL3] -> LOL3 -> [LOL2, ME.LOPL3]",ME,3,ME.LO,3,LO,2,ME.LOP,3
8039191680,mixed,mix->FB,mix,FB,1,2,1,1,1,1.0,3690,3690.0,MB_ML.MB_CA,3,2,2,"[MB_CA.MB_MLL2, MB_CA.MB_MLL3] -> MB_ML.MB_CAL3 -> [AL.MB_CAL2, MB_CA.MB_VLL2]",MB_CA.MB_ML,2,MB_CA.MB_ML,3,AL.MB_CA,2,MB_CA.MB_VL,2
8039191680,mixed,FF->mix,FF,mix,2,1,1,1,1,1.0,3690,3690.0,MB_ML.MB_CA,3,2,2,"[MB_CA.MB_MLL2, MB_CA.MB_VLL2] -> MB_ML.MB_CAL3 -> [AL.MB_CAL2, MB_CA.MB_MLL3]",MB_CA.MB_ML,2,MB_CA.MB_VL,2,AL.MB_CA,2,MB_CA.MB_ML,3
8039191680,mixed,mix->FB,mix,FB,1,2,1,1,1,1.0,3690,3690.0,MB_ML.MB_CA,3,2,2,"[MB_CA.MB_MLL3, MB_CA.MB_VLL2] -> MB_ML.MB_CAL3 -> [AL.MB_CAL2, MB_CA.MB_MLL2]",MB_CA.MB_ML,3,MB_CA.MB_VL,2,AL.MB_CA,2,MB_CA.MB_ML,2
7960621594,mixed,mix->mix,mix,mix,1,1,2,2282,5,1.567,40046,17.549,LO,3,2,2,"[LO.LOPL3, ME.LOPL2] -> LOL3 -> [MEL2, ME.LOL3]",LO.LOP,3,ME.LOP,2,ME,2,ME.LO,3
7923922142,mixed,lat->mix,lat,mix,0,1,3,2282,14,1.078,29878,13.093,LO,3,2,2,"[ME.LOL3, ME.LOPL3] -> LOL3 -> [MEL3, ME.LOL2]",ME.LO,3,ME.LOP,3,ME,3,ME.LO,2
7796349305,mixed,mix->FB,mix,FB,1,2,1,2282,20,1.885,38992,17.087,LO,3,2,2,"[LOL2, MEL3] -> LOL3 -> [MEL2, ME.LOPL2]",LO,2,ME,3,ME,2,ME.LOP,2
7772857351,mixed,mix->mix,mix,mix,1,1,2,2282,11,1.105,40809,17.883,LO,3,2,2,"[LO.LOPL3, MEL2] -> LOL3 -> [LOL2, MEL3]",LO.LOP,3,ME,2,LO,2,ME,3
7706089979,mixed,FF->lat,FF,lat,2,0,2,2282,4,1.845,15572,6.824,LO,3,2,2,"[LO.LOPL2, ME.LOPL2] -> LOL3 -> [ME.LOL3, ME.LOPL3]",LO.LOP,2,ME.LOP,2,ME.LO,3,ME.LOP,3
7659767814,mixed,FF->lat,FF,lat,2,0,2,2282,5,1.975,17417,7.632,LO,3,2,2,"[LO.LOPL2, ME.LOPL2] -> LOL3 -> [MEL3, ME.LOPL3]",LO.LOP,2,ME.LOP,2,ME,3,ME.LOP,3
7644338793,mixed,mix->mix,mix,mix,1,1,2,2282,14,1.146,22197,9.727,LO,3,2,2,"[LOL2, ME.LOPL3] -> LOL3 -> [MEL3, ME.LOL2]",LO,2,ME.LOP,3,ME,3,ME.LO,2
7545817028,mixed,mix->mix,mix,mix,1,1,2,2282,3,1.821,15572,6.824,LO,3,2,2,"[LO.LOPL2, ME.LOPL3] -> LOL3 -> [ME.LOL3, ME.LOPL2]",LO.LOP,2,ME.LOP,3,ME.LO,3,ME.LOP,2
7537729416,mixed,mix->mix,mix,mix,1,1,2,2282,23,1.129,22197,9.727,LO,3,2,2,"[ME.LOL2, ME.LOPL3] -> LOL3 -> [LOL2, MEL3]",ME.LO,2,ME.LOP,3,LO,2,ME,3
7536393362,mixed,mix->mix,mix,mix,1,1,2,52,2,1.0,3547,68.212,MB_ML,3,2,2,"[MB_CA.MB_MLL3, MB_MLL2] -> MB_MLL3 -> [MB_CA.MB_MLL2, MB_CA.MB_PEDL3]",MB_CA.MB_ML,3,MB_ML,2,MB_CA.MB_ML,2,MB_CA.MB_PED,3
7536393361,mixed,FF->lat,FF,lat,2,0,2,52,2,1.0,3547,68.212,MB_ML,3,2,2,"[MB_CA.MB_MLL2, MB_MLL2] -> MB_MLL3 -> [MB_CA.MB_MLL3, MB_CA.MB_PEDL3]",MB_CA.MB_ML,2,MB_ML,2,MB_CA.MB_ML,3,MB_CA.MB_PED,3
7536393360,mixed,mix->mix,mix,mix,1,1,2,52,1,1.0,3547,68.212,MB_ML,3,2,2,"[MB_CA.MB_PEDL3, MB_MLL2] -> MB_MLL3 -> [MB_CA.MB_MLL2, MB_CA.MB_MLL3]",MB_CA.MB_PED,3,MB_ML,2,MB_CA.MB_ML,2,MB_CA.MB_ML,3
7465967956,mixed,mix->mix,mix,mix,1,1,2,2282,3,1.963,17417,7.632,LO,3,2,2,"[LO.LOPL2, ME.LOPL3] -> LOL3 -> [MEL3, ME.LOPL2]",LO.LOP,2,ME.LOP,3,ME,3,ME.LOP,2
7429211205,mixed,mix->mix,mix,mix,1,1,2,2282,8,1.949,22623,9.914,LO,3,2,2,"[MEL3, ME.LOPL2] -> LOL3 -> [LO.LOPL2, ME.LOL3]",ME,3,ME.LOP,2,LO.LOP,2,ME.LO,3
7354793520,mixed,mix->mix,mix,mix,1,1,2,52,1,1.0,3547,68.212,MB_ML,3,2,2,"[MB_CA.MB_MLL2, MB_CA.MB_MLL3] -> MB_MLL3 -> [MB_CA.MB_PEDL3, MB_MLL2]",MB_CA.MB_ML,2,MB_CA.MB_ML,3,MB_CA.MB_PED,3,MB_ML,2
7354793520,mixed,mix->mix,mix,mix,1,1,2,52,1,1.0,3547,68.212,MB_ML,3,2,2,"[MB_CA.MB_MLL2, MB_CA.MB_PEDL3] -> MB_MLL3 -> [MB_CA.MB_MLL3, MB_MLL2]",MB_CA.MB_ML,2,MB_CA.MB_PED,3,MB_CA.MB_ML,3,MB_ML,2
7354793520,mixed,lat->FB,lat,FB,0,2,2,52,1,1.0,3547,68.212,MB_ML,3,2,2,"[MB_CA.MB_MLL3, MB_CA.MB_PEDL3] -> MB_MLL3 -> [MB_CA.MB_MLL2, MB_MLL2]",MB_CA.MB_ML,3,MB_CA.MB_PED,3,MB_CA.MB_ML,2,MB_ML,2
7310382222,mixed,FF->lat,FF,lat,2,0,2,2282,10,1.314,15970,6.998,LO,3,2,2,"[LOL2, ME.LOPL2] -> LOL3 -> [ME.LOL3, ME.LOPL3]",LO,2,ME.LOP,2,ME.LO,3,ME.LOP,3
7232158076,mixed,mix->FB,mix,FB,1,2,1,2282,4,1.749,12273,5.378,LO,3,2,2,"[LO.LOPL2, ME.LOPL3] -> LOL3 -> [LOL2, ME.LOL2]",LO.LOP,2,ME.LOP,3,LO,2,ME.LO,2
7184236150,mixed,FF->FB,FF,FB,2,2,0,2282,5,1.353,10880,4.768,LO,3,2,2,"[LOL2, LO.LOPL2] -> LOL3 -> [ME.LOL2, ME.LOPL2]",LO,2,LO.LOP,2,ME.LO,2,ME.LOP,2
7168851840,mixed,FF->lat,FF,lat,2,0,2,1,1,1.0,3686,3686.0,MB_ML.MB_CA,3,2,2,"[MB_CA.MB_MLL2, MB_MLL2] -> MB_ML.MB_CAL3 -> [MB_CA.MB_MLL3, MB_CA.MB_VLL3]",MB_CA.MB_ML,2,MB_ML,2,MB_CA.MB_ML,3,MB_CA.MB_VL,3
7168851840,mixed,mix->mix,mix,mix,1,1,2,1,1,1.0,3686,3686.0,MB_ML.MB_CA,3,2,2,"[MB_CA.MB_MLL3, MB_MLL2] -> MB_ML.MB_CAL3 -> [MB_CA.MB_MLL2, MB_CA.MB_VLL3]",MB_CA.MB_ML,3,MB_ML,2,MB_CA.MB_ML,2,MB_CA.MB_VL,3
7168851840,mixed,mix->mix,mix,mix,1,1,2,1,1,1.0,3686,3686.0,MB_ML.MB_CA,3,2,2,"[MB_CA.MB_VLL3, MB_MLL2] -> MB_ML.MB_CAL3 -> [MB_CA.MB_MLL2, MB_CA.MB_MLL3]",MB_CA.MB_VL,3,MB_ML,2,MB_CA.MB_ML,2,MB_CA.MB_ML,3
7068394637,mixed,FF->FB,FF,FB,2,2,0,2282,4,1.573,29068,12.738,LO,3,2,2,"[LO.LOPL2, MEL2] -> LOL3 -> [LOL2, ME.LOPL2]",LO.LOP,2,ME,2,LO,2,ME.LOP,2
7052789002,mixed,mix->mix,mix,mix,1,1,2,2282,12,1.309,15970,6.998,LO,3,2,2,"[ME.LOL3, ME.LOPL2] -> LOL3 -> [LOL2, ME.LOPL3]",ME.LO,3,ME.LOP,2,LO,2,ME.LOP,3
6970630050,mixed,mix->mix,mix,mix,1,1,2,2282,10,1.33,15970,6.998,LO,3,2,2,"[LOL2, ME.LOPL3] -> LOL3 -> [ME.LOL3, ME.LOPL2]",LO,2,ME.LOP,3,ME.LO,3,ME.LOP,2
6958700512,mixed,mix->FB,mix,FB,1,2,1,2282,8,1.93,30461,13.348,LO,3,2,2,"[LOL2, ME.LOPL3] -> LOL3 -> [LO.LOPL2, MEL2]",LO,2,ME.LOP,3,LO.LOP,2,ME,2
6956992800,mixed,mix->mix,mix,mix,1,1,2,1,1,1.0,3621,3621.0,MB_ML.MB_CA,3,2,2,"[MB_CA.MB_MLL2, PLP.CREL3] -> MB_ML.MB_CAL3 -> [MB_CA.MB_MLL3, MB_CA.MB_VLL2]",MB_CA.MB_ML,2,PLP.CRE,3,MB_CA.MB_ML,3,MB_CA.MB_VL,2
6956992800,mixed,lat->FB,lat,FB,0,2,2,1,1,1.0,3621,3621.0,MB_ML.MB_CA,3,2,2,"[MB_CA.MB_MLL3, PLP.CREL3] -> MB_ML.MB_CAL3 -> [MB_CA.MB_MLL2, MB_CA.MB_VLL2]",MB_CA.MB_ML,3,PLP.CRE,3,MB_CA.MB_ML,2,MB_CA.MB_VL,2
6956992800,mixed,mix->mix,mix,mix,1,1,2,1,1,1.0,3621,3621.0,MB_ML.MB_CA,3,2,2,"[MB_CA.MB_VLL2, PLP.CREL3] -> MB_ML.MB_CAL3 -> [MB_CA.MB_MLL2, MB_CA.MB_MLL3]",MB_CA.MB_VL,2,PLP.CRE,3,MB_CA.MB_ML,2,MB_CA.MB_ML,3
6929890112,mixed,mix->mix,mix,mix,1,1,2,1,1,1.0,3686,3686.0,MB_ML.MB_CA,3,2,2,"[MB_CA.MB_MLL2, MB_CA.MB_MLL3] -> MB_ML.MB_CAL3 -> [MB_CA.MB_VLL3, MB_MLL2]",MB_CA.MB_ML,2,MB_CA.MB_ML,3,MB_CA.MB_VL,3,MB_ML,2
6929890112,mixed,mix->mix,mix,mix,1,1,2,1,1,1.0,3686,3686.0,MB_ML.MB_CA,3,2,2,"[MB_CA.MB_MLL2, MB_CA.MB_VLL3] -> MB_ML.MB_CAL3 -> [MB_CA.MB_MLL3, MB_MLL2]",MB_CA.MB_ML,2,MB_CA.MB_VL,3,MB_CA.MB_ML,3,MB_ML,2
6929890112,mixed,lat->FB,lat,FB,0,2,2,1,1,1.0,3686,3686.0,MB_ML.MB_CA,3,2,2,"[MB_CA.MB_MLL3, MB_CA.MB_VLL3] -> MB_ML.MB_CAL3 -> [MB_CA.MB_MLL2, MB_MLL2]",MB_CA.MB_ML,3,MB_CA.MB_VL,3,MB_CA.MB_ML,2,MB_ML,2
6882423063,mixed,lat->FB,lat,FB,0,2,2,2282,20,1.584,46673,20.453,LO,3,2,2,"[MEL3, ME.LOL3] -> LOL3 -> [MEL2, ME.LOPL2]",ME,3,ME.LO,3,ME,2,ME.LOP,2
6802392960,mixed,FF->mix,FF,mix,2,1,1,1,1,1.0,3605,3605.0,MB_ML.MB_CA,3,2,2,"[MB_CA.CREL2, MB_CA.MB_MLL2] -> MB_ML.MB_CAL3 -> [MB_CA.MB_MLL3, MB_CA.MB_VLL2]",MB_CA.CRE,2,MB_CA.MB_ML,2,MB_CA.MB_ML,3,MB_CA.MB_VL,2
6802392960,mixed,mix->FB,mix,FB,1,2,1,1,1,1.0,3605,3605.0,MB_ML.MB_CA,3,2,2,"[MB_CA.CREL2, MB_CA.MB_MLL3] -> MB_ML.MB_CAL3 -> [MB_CA.MB_MLL2, MB_CA.MB_VLL2]",MB_CA.CRE,2,MB_CA.MB_ML,3,MB_CA.MB_ML,2,MB_CA.MB_VL,2
6802392960,mixed,FF->mix,FF,mix,2,1,1,1,1,1.0,3605,3605.0,MB_ML.MB_CA,3,2,2,"[MB_CA.CREL2, MB_CA.MB_VLL2] -> MB_ML.MB_CAL3 -> [MB_CA.MB_MLL2, MB_CA.MB_MLL3]",MB_CA.CRE,2,MB_CA.MB_VL,2,MB_CA.MB_ML,2,MB_CA.MB_ML,3
6724376487,mixed,lat->FB,lat,FB,0,2,2,2282,10,1.325,15970,6.998,LO,3,2,2,"[ME.LOL3, ME.LOPL3] -> LOL3 -> [LOL2, ME.LOPL2]",ME.LO,3,ME.LOP,3,LO,2,ME.LOP,2
6647793120,mixed,mix->FB,mix,FB,1,2,1,1,1,1.0,3605,3605.0,MB_ML.MB_CA,3,2,2,"[MB_CA.MB_MLL2, MB_CA.MB_MLL3] -> MB_ML.MB_CAL3 -> [MB_CA.CREL2, MB_CA.MB_VLL2]",MB_CA.MB_ML,2,MB_CA.MB_ML,3,MB_CA.CRE,2,MB_CA.MB_VL,2
6647793120,mixed,FF->mix,FF,mix,2,1,1,1,1,1.0,3605,3605.0,MB_ML.MB_CA,3,2,2,"[MB_CA.MB_MLL2, MB_CA.MB_VLL2] -> MB_ML.MB_CAL3 -> [MB_CA.CREL2, MB_CA.MB_MLL3]",MB_CA.MB_ML,2,MB_CA.MB_VL,2,MB_CA.CRE,2,MB_CA.MB_ML,3
6647793120,mixed,mix->FB,mix,FB,1,2,1,1,1,1.0,3605,3605.0,MB_ML.MB_CA,3,2,2,"[MB_CA.MB_MLL3, MB_CA.MB_VLL2] -> MB_ML.MB_CAL3 -> [MB_CA.CREL2, MB_CA.MB_MLL2]",MB_CA.MB_ML,3,MB_CA.MB_VL,2,MB_CA.CRE,2,MB_CA.MB_ML,2
6644323887,mixed,mix->FF,mix,FF,2,1,1,647,131,2.848,7772,12.012,LOP,2,2,2,"[LO.LOPL3, ME.LOPL2] -> LOPL2 -> [LOPL3, LOP.PLPL3]",LO.LOP,3,ME.LOP,2,LOP,3,LOP.PLP,3
6622575230,mixed,lat->FF,lat,FF,2,0,2,1183,121,1.963,34470,29.138,LO,2,2,2,"[MEL2, ME.LOL2] -> LOL2 -> [LOL3, LO.PVLPL3]",ME,2,ME.LO,2,LO,3,LO.PVLP,3
6579297027,mixed,FF->FB,FF,FB,2,2,0,2282,13,1.947,34930,15.307,LO,3,2,2,"[LOL2, ME.LOPL2] -> LOL3 -> [MEL2, ME.LOL2]",LO,2,ME.LOP,2,ME,2,ME.LO,2
6539805386,mixed,mix->lat,mix,lat,1,0,3,2282,4,1.999,24016,10.524,LO,3,2,2,"[LO.LOPL2, MEL3] -> LOL3 -> [ME.LOL3, ME.LOPL3]",LO.LOP,2,ME,3,ME.LO,3,ME.LOP,3
6537594240,mixed,FF->lat,FF,lat,2,0,2,52,1,1.0,3525,67.788,MB_ML,3,2,2,"[AL.MB_CAL2, MB_CA.MB_MLL2] -> MB_MLL3 -> [MB_CA.MB_MLL3, MB_CA.MB_PEDL3]",AL.MB_CA,2,MB_CA.MB_ML,2,MB_CA.MB_ML,3,MB_CA.MB_PED,3
6537594240,mixed,mix->mix,mix,mix,1,1,2,52,1,1.0,3525,67.788,MB_ML,3,2,2,"[AL.MB_CAL2, MB_CA.MB_MLL3] -> MB_MLL3 -> [MB_CA.MB_MLL2, MB_CA.MB_PEDL3]",AL.MB_CA,2,MB_CA.MB_ML,3,MB_CA.MB_ML,2,MB_CA.MB_PED,3
6537594240,mixed,mix->mix,mix,mix,1,1,2,52,1,1.0,3525,67.788,MB_ML,3,2,2,"[AL.MB_CAL2, MB_CA.MB_PEDL3] -> MB_MLL3 -> [MB_CA.MB_MLL2, MB_CA.MB_MLL3]",AL.MB_CA,2,MB_CA.MB_PED,3,MB_CA.MB_ML,2,MB_CA.MB_ML,3
6493193280,mixed,FF->mix,FF,mix,2,1,1,1,1,1.0,3755,3755.0,MB_ML.MB_CA,3,2,2,"[AL.LHL2, MB_CA.MB_MLL2] -> MB_ML.MB_CAL3 -> [MB_CA.MB_MLL3, MB_CA.MB_VLL2]",AL.LH,2,MB_CA.MB_ML,2,MB_CA.MB_ML,3,MB_CA.MB_VL,2
6493193280,mixed,mix->FB,mix,FB,1,2,1,1,1,1.0,3755,3755.0,MB_ML.MB_CA,3,2,2,"[AL.LHL2, MB_CA.MB_MLL3] -> MB_ML.MB_CAL3 -> [MB_CA.MB_MLL2, MB_CA.MB_VLL2]",AL.LH,2,MB_CA.MB_ML,3,MB_CA.MB_ML,2,MB_CA.MB_VL,2
6493193280,mixed,FF->mix,FF,mix,2,1,1,1,1,1.0,3755,3755.0,MB_ML.MB_CA,3,2,2,"[AL.LHL2, MB_CA.MB_VLL2] -> MB_ML.MB_CAL3 -> [MB_CA.MB_MLL2, MB_CA.MB_MLL3]",AL.LH,2,MB_CA.MB_VL,2,MB_CA.MB_ML,2,MB_CA.MB_ML,3
6493193280,mixed,mix->mix,mix,mix,1,1,2,1,1,1.0,3621,3621.0,MB_ML.MB_CA,3,2,2,"[MB_CA.MB_MLL2, MB_CA.MB_MLL3] -> MB_ML.MB_CAL3 -> [MB_CA.MB_VLL2, PLP.CREL3]",MB_CA.MB_ML,2,MB_CA.MB_ML,3,MB_CA.MB_VL,2,PLP.CRE,3
6493193280,mixed,FF->lat,FF,lat,2,0,2,1,1,1.0,3621,3621.0,MB_ML.MB_CA,3,2,2,"[MB_CA.MB_MLL2, MB_CA.MB_VLL2] -> MB_ML.MB_CAL3 -> [MB_CA.MB_MLL3, PLP.CREL3]",MB_CA.MB_ML,2,MB_CA.MB_VL,2,MB_CA.MB_ML,3,PLP.CRE,3
6493193280,mixed,mix->mix,mix,mix,1,1,2,1,1,1.0,3621,3621.0,MB_ML.MB_CA,3,2,2,"[MB_CA.MB_MLL3, MB_CA.MB_VLL2] -> MB_ML.MB_CAL3 -> [MB_CA.MB_MLL2, PLP.CREL3]",MB_CA.MB_ML,3,MB_CA.MB_VL,2,MB_CA.MB_ML,2,PLP.CRE,3
6482672143,mixed,FF->mix,FF,mix,2,1,1,2282,19,1.449,44456,19.481,LO,3,2,2,"[ME.LOL2, ME.LOPL2] -> LOL3 -> [MEL2, MEL3]",ME.LO,2,ME.LOP,2,ME,2,ME,3
6467002452,mixed,mix->FB,mix,FB,1,2,1,2282,102,1.674,43374,19.007,LO,3,2,2,"[LOL2, MEL3] -> LOL3 -> [MEL2, ME.LOL2]",LO,2,ME,3,ME,2,ME.LO,2
6446794320,mixed,mix->mix,mix,mix,1,1,2,52,1,1.0,3525,67.788,MB_ML,3,2,2,"[MB_CA.MB_MLL2, MB_CA.MB_MLL3] -> MB_MLL3 -> [AL.MB_CAL2, MB_CA.MB_PEDL3]",MB_CA.MB_ML,2,MB_CA.MB_ML,3,AL.MB_CA,2,MB_CA.MB_PED,3
6446794320,mixed,mix->mix,mix,mix,1,1,2,52,1,1.0,3525,67.788,MB_ML,3,2,2,"[MB_CA.MB_MLL2, MB_CA.MB_PEDL3] -> MB_MLL3 -> [AL.MB_CAL2, MB_CA.MB_MLL3]",MB_CA.MB_ML,2,MB_CA.MB_PED,3,AL.MB_CA,2,MB_CA.MB_ML,3
6446794320,mixed,lat->FB,lat,FB,0,2,2,52,1,1.0,3525,67.788,MB_ML,3,2,2,"[MB_CA.MB_MLL3, MB_CA.MB_PEDL3] -> MB_MLL3 -> [AL.MB_CAL2, MB_CA.MB_MLL2]",MB_CA.MB_ML,3,MB_CA.MB_PED,3,AL.MB_CA,2,MB_CA.MB_ML,2
6444623967,mixed,FF->FB,FF,FB,2,2,0,2282,4,1.395,10880,4.768,LO,3,2,2,"[LO.LOPL2, ME.LOL2] -> LOL3 -> [LOL2, ME.LOPL2]",LO.LOP,2,ME.LO,2,LO,2,ME.LOP,2
6395598743,mixed,mix->mix,mix,mix,1,1,2,2282,12,1.152,38964,17.074,LO,3,2,2,"[LO.LOPL3, MEL2] -> LOL3 -> [LOL2, ME.LOL3]",LO.LOP,3,ME,2,LO,2,ME.LO,3
6349559760,mixed,FF->lat,FF,lat,2,0,2,52,1,1.0,3686,70.885,MB_ML,3,2,2,"[MB_CA.MB_MLL2, MB_MLL2] -> MB_MLL3 -> [MB_CA.MB_MLL3, MB_CA.MB_VLL3]",MB_CA.MB_ML,2,MB_ML,2,MB_CA.MB_ML,3,MB_CA.MB_VL,3
6349559760,mixed,mix->mix,mix,mix,1,1,2,52,1,1.0,3686,70.885,MB_ML,3,2,2,"[MB_CA.MB_MLL3, MB_MLL2] -> MB_MLL3 -> [MB_CA.MB_MLL2, MB_CA.MB_VLL3]",MB_CA.MB_ML,3,MB_ML,2,MB_CA.MB_ML,2,MB_CA.MB_VL,3
6349559760,mixed,mix->mix,mix,mix,1,1,2,52,1,1.0,3686,70.885,MB_ML,3,2,2,"[MB_CA.MB_VLL3, MB_MLL2] -> MB_MLL3 -> [MB_CA.MB_MLL2, MB_CA.MB_MLL3]",MB_CA.MB_VL,3,MB_ML,2,MB_CA.MB_ML,2,MB_CA.MB_ML,3
6340502537,mixed,mix->mix,mix,mix,1,1,2,2282,15,1.21,20352,8.918,LO,3,2,2,"[LOL2, ME.LOPL3] -> LOL3 -> [ME.LOL2, ME.LOL3]",LO,2,ME.LOP,3,ME.LO,2,ME.LO,3
6332485792,mixed,FF->lat,FF,lat,2,0,2,1,1,1.0,3664,3664.0,MB_ML.MB_CA,3,2,2,"[AL.MB_CAL2, MB_CA.MB_MLL2] -> MB_ML.MB_CAL3 -> [MB_CA.MB_MLL3, MB_CA.MB_VLL3]",AL.MB_CA,2,MB_CA.MB_ML,2,MB_CA.MB_ML,3,MB_CA.MB_VL,3
6332485792,mixed,mix->mix,mix,mix,1,1,2,1,1,1.0,3664,3664.0,MB_ML.MB_CA,3,2,2,"[AL.MB_CAL2, MB_CA.MB_MLL3] -> MB_ML.MB_CAL3 -> [MB_CA.MB_MLL2, MB_CA.MB_VLL3]",AL.MB_CA,2,MB_CA.MB_ML,3,MB_CA.MB_ML,2,MB_CA.MB_VL,3
6332485792,mixed,mix->mix,mix,mix,1,1,2,1,1,1.0,3664,3664.0,MB_ML.MB_CA,3,2,2,"[AL.MB_CAL2, MB_CA.MB_VLL3] -> MB_ML.MB_CAL3 -> [MB_CA.MB_MLL2, MB_CA.MB_MLL3]",AL.MB_CA,2,MB_CA.MB_VL,3,MB_CA.MB_ML,2,MB_CA.MB_ML,3
6258378760,mixed,mix->FB,mix,FB,1,2,1,2282,245,1.631,43374,19.007,LO,3,2,2,"[MEL3, ME.LOL2] -> LOL3 -> [LOL2, MEL2]",ME,3,ME.LO,2,LO,2,ME,2
6235817994,mixed,lat->FB,lat,FB,0,2,2,2282,168,1.491,51055,22.373,LO,3,2,2,"[MEL3, ME.LOL3] -> LOL3 -> [MEL2, ME.LOL2]",ME,3,ME.LO,3,ME,2,ME.LO,2
6231900867,mixed,mix->mix,mix,mix,1,1,2,2282,19,1.187,20352,8.918,LO,3,2,2,"[ME.LOL2, ME.LOPL3] -> LOL3 -> [LOL2, ME.LOL3]",ME.LO,2,ME.LOP,3,LO,2,ME.LO,3
6224346755,mixed,FF->FB,FF,FB,2,2,0,2282,17,1.905,34930,15.307,LO,3,2,2,"[ME.LOL2, ME.LOPL2] -> LOL3 -> [LOL2, MEL2]",ME.LO,2,ME.LOP,2,LO,2,ME,2
6213004928,mixed,mix->mix,mix,mix,1,1,2,1,1,1.0,3664,3664.0,MB_ML.MB_CA,3,2,2,"[MB_CA.MB_MLL2, MB_CA.MB_MLL3] -> MB_ML.MB_CAL3 -> [AL.MB_CAL2, MB_CA.MB_VLL3]",MB_CA.MB_ML,2,MB_CA.MB_ML,3,AL.MB_CA,2,MB_CA.MB_VL,3
6213004928,mixed,mix->mix,mix,mix,1,1,2,1,1,1.0,3664,3664.0,MB_ML.MB_CA,3,2,2,"[MB_CA.MB_MLL2, MB_CA.MB_VLL3] -> MB_ML.MB_CAL3 -> [AL.MB_CAL2, MB_CA.MB_MLL3]",MB_CA.MB_ML,2,MB_CA.MB_VL,3,AL.MB_CA,2,MB_CA.MB_ML,3
6213004928,mixed,lat->FB,lat,FB,0,2,2,1,1,1.0,3664,3664.0,MB_ML.MB_CA,3,2,2,"[MB_CA.MB_MLL3, MB_CA.MB_VLL3] -> MB_ML.MB_CAL3 -> [AL.MB_CAL2, MB_CA.MB_MLL2]",MB_CA.MB_ML,3,MB_CA.MB_VL,3,AL.MB_CA,2,MB_CA.MB_ML,2
6196558320,mixed,mix->mix,mix,mix,1,1,2,52,1,1.0,3686,70.885,MB_ML,3,2,2,"[MB_CA.MB_MLL2, MB_CA.MB_MLL3] -> MB_MLL3 -> [MB_CA.MB_VLL3, MB_MLL2]",MB_CA.MB_ML,2,MB_CA.MB_ML,3,MB_CA.MB_VL,3,MB_ML,2
6196558320,mixed,mix->mix,mix,mix,1,1,2,52,1,1.0,3686,70.885,MB_ML,3,2,2,"[MB_CA.MB_MLL2, MB_CA.MB_VLL3] -> MB_MLL3 -> [MB_CA.MB_MLL3, MB_MLL2]",MB_CA.MB_ML,2,MB_CA.MB_VL,3,MB_CA.MB_ML,3,MB_ML,2
6196558320,mixed,lat->FB,lat,FB,0,2,2,52,1,1.0,3686,70.885,MB_ML,3,2,2,"[MB_CA.MB_MLL3, MB_CA.MB_VLL3] -> MB_MLL3 -> [MB_CA.MB_MLL2, MB_MLL2]",MB_CA.MB_ML,3,MB_CA.MB_VL,3,MB_CA.MB_ML,2,MB_ML,2
6177120926,mixed,mix->mix,mix,mix,1,1,2,2282,233,1.395,51055,22.373,LO,3,2,2,"[MEL3, ME.LOL2] -> LOL3 -> [MEL2, ME.LOL3]",ME,3,ME.LO,2,ME,2,ME.LO,3
6120974129,mixed,lat->FB,lat,FB,0,2,2,2282,15,1.207,20352,8.918,LO,3,2,2,"[ME.LOL3, ME.LOPL3] -> LOL3 -> [LOL2, ME.LOL2]",ME.LO,3,ME.LOP,3,LO,2,ME.LO,2
6065812566,mixed,mix->mix,mix,mix,1,1,2,2282,24,1.112,46673,20.453,LO,3,2,2,"[MEL2, ME.LOL3] -> LOL3 -> [MEL3, ME.LOPL2]",ME,2,ME.LO,3,ME,3,ME.LOP,2
6044928070,mixed,lat->FB,lat,FB,0,2,2,2282,8,1.641,38142,16.714,LO,3,2,2,"[ME.LOL3, ME.LOPL3] -> LOL3 -> [LO.LOPL2, MEL2]",ME.LO,3,ME.LOP,3,LO.LOP,2,ME,2
6041512329,mixed,FF->lat,FF,lat,2,0,2,2282,302,1.13,51055,22.373,LO,3,2,2,"[MEL2, ME.LOL2] -> LOL3 -> [MEL3, ME.LOL3]",ME,2,ME.LO,2,ME,3,ME.LO,3
5942680958,mixed,mix->mix,mix,mix,1,1,2,2282,214,1.155,51055,22.373,LO,3,2,2,"[MEL2, ME.LOL3] -> LOL3 -> [MEL3, ME.LOL2]",ME,2,ME.LO,3,ME,3,ME.LO,2
5927919375,mixed,mix->mix,mix,mix,1,1,2,2282,4,1.715,15996,7.01,LO,3,2,2,"[LO.LOPL2, LO.LOPL3] -> LOL3 -> [ME.LOL3, ME.LOPL2]",LO.LOP,2,LO.LOP,3,ME.LO,3,ME.LOP,2
5927523279,mixed,FF->mix,FF,mix,2,1,1,2282,24,1.208,38992,17.087,LO,3,2,2,"[LOL2, MEL2] -> LOL3 -> [MEL3, ME.LOPL2]",LO,2,ME,2,ME,3,ME.LOP,2
5832947794,mixed,mix->lat,mix,lat,1,0,3,2282,10,1.116,25496,11.173,LO,3,2,2,"[ME.LOPL2, ME.LOPL3] -> LOL3 -> [MEL3, ME.LOL3]",ME.LOP,2,ME.LOP,3,ME,3,ME.LO,3
5792925782,mixed,lat->mix,lat,mix,0,1,3,2282,8,1.154,25920,11.358,LO,3,2,2,"[LO.LOPL3, ME.LOL3] -> LOL3 -> [MEL3, ME.LOPL2]",LO.LOP,3,ME.LO,3,ME,3,ME.LOP,2
5757738446,mixed,mix->mix,mix,mix,1,1,2,2282,5,1.889,17841,7.818,LO,3,2,2,"[LO.LOPL2, LO.LOPL3] -> LOL3 -> [MEL3, ME.LOPL2]",LO.LOP,2,LO.LOP,3,ME,3,ME.LOP,2
5750412618,mixed,mix->mix,mix,mix,1,1,2,2282,8,1.284,18239,7.993,LO,3,2,2,"[LOL2, LO.LOPL3] -> LOL3 -> [MEL3, ME.LOPL2]",LO,2,LO.LOP,3,ME,3,ME.LOP,2
5719795789,mixed,mix->FB,mix,FB,1,2,1,2282,5,1.642,12697,5.564,LO,3,2,2,"[LO.LOPL2, LO.LOPL3] -> LOL3 -> [LOL2, ME.LOL2]",LO.LOP,2,LO.LOP,3,LO,2,ME.LO,2
5671907887,mixed,mix->FB,mix,FB,1,2,1,2282,14,1.668,42611,18.673,LO,3,2,2,"[ME.LOL3, ME.LOPL2] -> LOL3 -> [MEL2, ME.LOL2]",ME.LO,3,ME.LOP,2,ME,2,ME.LO,2
5666600702,mixed,FF->mix,FF,mix,2,1,1,2282,16,1.615,42611,18.673,LO,3,2,2,"[ME.LOL2, ME.LOPL2] -> LOL3 -> [MEL2, ME.LOL3]",ME.LO,2,ME.LOP,2,ME,2,ME.LO,3
5656818380,mixed,mix->mix,mix,mix,1,1,2,2282,3,1.983,21799,9.553,LO,3,2,2,"[LO.LOPL2, ME.LOPL3] -> LOL3 -> [MEL3, ME.LOL2]",LO.LOP,2,ME.LOP,3,ME,3,ME.LO,2
5546606384,mixed,mix->lat,mix,lat,1,0,3,2282,10,1.087,30302,13.279,LO,3,2,2,"[LO.LOPL3, ME.LOL2] -> LOL3 -> [MEL3, ME.LOL3]",LO.LOP,3,ME.LO,2,ME,3,ME.LO,3
5538795120,mixed,mix->lat,mix,lat,1,0,3,52,1,1.0,3511,67.519,MB_ML,3,2,2,"[MB_CA.CREL3, MB_CA.MB_MLL2] -> MB_MLL3 -> [MB_CA.MB_MLL3, MB_CA.MB_PEDL3]",MB_CA.CRE,3,MB_CA.MB_ML,2,MB_CA.MB_ML,3,MB_CA.MB_PED,3
5538795120,mixed,lat->mix,lat,mix,0,1,3,52,1,1.0,3511,67.519,MB_ML,3,2,2,"[MB_CA.CREL3, MB_CA.MB_MLL3] -> MB_MLL3 -> [MB_CA.MB_MLL2, MB_CA.MB_PEDL3]",MB_CA.CRE,3,MB_CA.MB_ML,3,MB_CA.MB_ML,2,MB_CA.MB_PED,3
5538795120,mixed,lat->mix,lat,mix,0,1,3,52,1,1.0,3511,67.519,MB_ML,3,2,2,"[MB_CA.CREL3, MB_CA.MB_PEDL3] -> MB_MLL3 -> [MB_CA.MB_MLL2, MB_CA.MB_MLL3]",MB_CA.CRE,3,MB_CA.MB_PED,3,MB_CA.MB_ML,2,MB_CA.MB_ML,3
5538795120,mixed,mix->lat,mix,lat,1,0,3,52,1,1.0,3511,67.519,MB_ML,3,2,2,"[MB_CA.MB_MLL2, MB_CA.MB_MLL3] -> MB_MLL3 -> [MB_CA.CREL3, MB_CA.MB_PEDL3]",MB_CA.MB_ML,2,MB_CA.MB_ML,3,MB_CA.CRE,3,MB_CA.MB_PED,3
5538795120,mixed,mix->lat,mix,lat,1,0,3,52,1,1.0,3511,67.519,MB_ML,3,2,2,"[MB_CA.MB_MLL2, MB_CA.MB_PEDL3] -> MB_MLL3 -> [MB_CA.CREL3, MB_CA.MB_MLL3]",MB_CA.MB_ML,2,MB_CA.MB_PED,3,MB_CA.CRE,3,MB_CA.MB_ML,3
5538795120,mixed,lat->mix,lat,mix,0,1,3,52,1,1.0,3511,67.519,MB_ML,3,2,2,"[MB_CA.MB_MLL3, MB_CA.MB_PEDL3] -> MB_MLL3 -> [MB_CA.CREL3, MB_CA.MB_MLL2]",MB_CA.MB_ML,3,MB_CA.MB_PED,3,MB_CA.CRE,3,MB_CA.MB_ML,2
5528845779,mixed,FF->mix,FF,mix,2,1,1,2282,313,1.159,43374,19.007,LO,3,2,2,"[MEL2, ME.LOL2] -> LOL3 -> [LOL2, MEL3]",ME,2,ME.LO,2,LO,2,ME,3
5527968120,mixed,lat->mix,lat,mix,0,1,3,1,1,1.0,2952,2952.0,MB_ML.MB_CA,3,2,2,"[MB_CA.CREL3, MB_CA.MB_MLL3] -> MB_ML.MB_CAL3 -> [MB_CA.MB_VLL2, MB_CA.MB_VLL3]",MB_CA.CRE,3,MB_CA.MB_ML,3,MB_CA.MB_VL,2,MB_CA.MB_VL,3
5527968120,mixed,mix->lat,mix,lat,1,0,3,1,1,1.0,2952,2952.0,MB_ML.MB_CA,3,2,2,"[MB_CA.CREL3, MB_CA.MB_VLL2] -> MB_ML.MB_CAL3 -> [MB_CA.MB_MLL3, MB_CA.MB_VLL3]",MB_CA.CRE,3,MB_CA.MB_VL,2,MB_CA.MB_ML,3,MB_CA.MB_VL,3
5527968120,mixed,lat->mix,lat,mix,0,1,3,1,1,1.0,2952,2952.0,MB_ML.MB_CA,3,2,2,"[MB_CA.CREL3, MB_CA.MB_VLL3] -> MB_ML.MB_CAL3 -> [MB_CA.MB_MLL3, MB_CA.MB_VLL2]",MB_CA.CRE,3,MB_CA.MB_VL,3,MB_CA.MB_ML,3,MB_CA.MB_VL,2
5527968120,mixed,mix->mix,mix,mix,1,1,2,1,1,1.0,2899,2899.0,MB_ML.MB_CA,3,2,2,"[MB_CA.MB_MLL3, MB_CA.MB_PEDL2] -> MB_ML.MB_CAL3 -> [MB_CA.MB_VLL2, MB_CA.MB_VLL3]",MB_CA.MB_ML,3,MB_CA.MB_PED,2,MB_CA.MB_VL,2,MB_CA.MB_VL,3
5527968120,mixed,mix->lat,mix,lat,1,0,3,1,1,1.0,2952,2952.0,MB_ML.MB_CA,3,2,2,"[MB_CA.MB_MLL3, MB_CA.MB_VLL2] -> MB_ML.MB_CAL3 -> [MB_CA.CREL3, MB_CA.MB_VLL3]",MB_CA.MB_ML,3,MB_CA.MB_VL,2,MB_CA.CRE,3,MB_CA.MB_VL,3
5527968120,mixed,mix->mix,mix,mix,1,1,2,1,1,1.0,2899,2899.0,MB_ML.MB_CA,3,2,2,"[MB_CA.MB_MLL3, MB_CA.MB_VLL2] -> MB_ML.MB_CAL3 -> [MB_CA.MB_PEDL2, MB_CA.MB_VLL3]",MB_CA.MB_ML,3,MB_CA.MB_VL,2,MB_CA.MB_PED,2,MB_CA.MB_VL,3
5527968120,mixed,lat->mix,lat,mix,0,1,3,1,1,1.0,2952,2952.0,MB_ML.MB_CA,3,2,2,"[MB_CA.MB_MLL3, MB_CA.MB_VLL3] -> MB_ML.MB_CAL3 -> [MB_CA.CREL3, MB_CA.MB_VLL2]",MB_CA.MB_ML,3,MB_CA.MB_VL,3,MB_CA.CRE,3,MB_CA.MB_VL,2
5527968120,mixed,lat->FB,lat,FB,0,2,2,1,1,1.0,2899,2899.0,MB_ML.MB_CA,3,2,2,"[MB_CA.MB_MLL3, MB_CA.MB_VLL3] -> MB_ML.MB_CAL3 -> [MB_CA.MB_PEDL2, MB_CA.MB_VLL2]",MB_CA.MB_ML,3,MB_CA.MB_VL,3,MB_CA.MB_PED,2,MB_CA.MB_VL,2
5527968120,mixed,FF->lat,FF,lat,2,0,2,1,1,1.0,2899,2899.0,MB_ML.MB_CA,3,2,2,"[MB_CA.MB_PEDL2, MB_CA.MB_VLL2] -> MB_ML.MB_CAL3 -> [MB_CA.MB_MLL3, MB_CA.MB_VLL3]",MB_CA.MB_PED,2,MB_CA.MB_VL,2,MB_CA.MB_ML,3,MB_CA.MB_VL,3
5527968120,mixed,mix->mix,mix,mix,1,1,2,1,1,1.0,2899,2899.0,MB_ML.MB_CA,3,2,2,"[MB_CA.MB_PEDL2, MB_CA.MB_VLL3] -> MB_ML.MB_CAL3 -> [MB_CA.MB_MLL3, MB_CA.MB_VLL2]",MB_CA.MB_PED,2,MB_CA.MB_VL,3,MB_CA.MB_ML,3,MB_CA.MB_VL,2
5527968120,mixed,mix->lat,mix,lat,1,0,3,1,1,1.0,2952,2952.0,MB_ML.MB_CA,3,2,2,"[MB_CA.MB_VLL2, MB_CA.MB_VLL3] -> MB_ML.MB_CAL3 -> [MB_CA.CREL3, MB_CA.MB_MLL3]",MB_CA.MB_VL,2,MB_CA.MB_VL,3,MB_CA.CRE,3,MB_CA.MB_ML,3
5527968120,mixed,mix->mix,mix,mix,1,1,2,1,1,1.0,2899,2899.0,MB_ML.MB_CA,3,2,2,"[MB_CA.MB_VLL2, MB_CA.MB_VLL3] -> MB_ML.MB_CAL3 -> [MB_CA.MB_MLL3, MB_CA.MB_PEDL2]",MB_CA.MB_VL,2,MB_CA.MB_VL,3,MB_CA.MB_ML,3,MB_CA.MB_PED,2
5519544643,mixed,FF->mix,FF,mix,2,1,1,2282,144,1.14,43374,19.007,LO,3,2,2,"[LOL2, MEL2] -> LOL3 -> [MEL3, ME.LOL2]",LO,2,ME,2,ME,3,ME.LO,2
5511306570,mixed,mix->mix,mix,mix,1,1,2,2282,10,1.212,17815,7.807,LO,3,2,2,"[ME.LOPL2, ME.LOPL3] -> LOL3 -> [LOL2, MEL3]",ME.LOP,2,ME.LOP,3,LO,2,ME,3
5508051840,mixed,FF->lat,FF,lat,2,0,2,52,1,1.0,3664,70.462,MB_ML,3,2,2,"[AL.MB_CAL2, MB_CA.MB_MLL2] -> MB_MLL3 -> [MB_CA.MB_MLL3, MB_CA.MB_VLL3]",AL.MB_CA,2,MB_CA.MB_ML,2,MB_CA.MB_ML,3,MB_CA.MB_VL,3
5508051840,mixed,mix->mix,mix,mix,1,1,2,52,1,1.0,3664,70.462,MB_ML,3,2,2,"[AL.MB_CAL2, MB_CA.MB_MLL3] -> MB_MLL3 -> [MB_CA.MB_MLL2, MB_CA.MB_VLL3]",AL.MB_CA,2,MB_CA.MB_ML,3,MB_CA.MB_ML,2,MB_CA.MB_VL,3
5508051840,mixed,mix->mix,mix,mix,1,1,2,52,1,1.0,3664,70.462,MB_ML,3,2,2,"[AL.MB_CAL2, MB_CA.MB_VLL3] -> MB_MLL3 -> [MB_CA.MB_MLL2, MB_CA.MB_MLL3]",AL.MB_CA,2,MB_CA.MB_VL,3,MB_CA.MB_ML,2,MB_CA.MB_ML,3
5479930136,mixed,mix->mix,mix,mix,1,1,2,2282,4,1.983,19954,8.744,LO,3,2,2,"[LO.LOPL2, ME.LOPL3] -> LOL3 -> [ME.LOL2, ME.LOL3]",LO.LOP,2,ME.LOP,3,ME.LO,2,ME.LO,3
5431551120,mixed,mix->mix,mix,mix,1,1,2,52,1,1.0,3664,70.462,MB_ML,3,2,2,"[MB_CA.MB_MLL2, MB_CA.MB_MLL3] -> MB_MLL3 -> [AL.MB_CAL2, MB_CA.MB_VLL3]",MB_CA.MB_ML,2,MB_CA.MB_ML,3,AL.MB_CA,2,MB_CA.MB_VL,3
5431551120,mixed,mix->mix,mix,mix,1,1,2,52,1,1.0,3664,70.462,MB_ML,3,2,2,"[MB_CA.MB_MLL2, MB_CA.MB_VLL3] -> MB_MLL3 -> [AL.MB_CAL2, MB_CA.MB_MLL3]",MB_CA.MB_ML,2,MB_CA.MB_VL,3,AL.MB_CA,2,MB_CA.MB_ML,3
5431551120,mixed,lat->FB,lat,FB,0,2,2,52,1,1.0,3664,70.462,MB_ML,3,2,2,"[MB_CA.MB_MLL3, MB_CA.MB_VLL3] -> MB_MLL3 -> [AL.MB_CAL2, MB_CA.MB_MLL2]",MB_CA.MB_ML,3,MB_CA.MB_VL,3,AL.MB_CA,2,MB_CA.MB_ML,2
5420835360,mixed,lat->mix,lat,mix,0,1,3,2282,10,1.097,30302,13.279,LO,3,2,2,"[LO.LOPL3, ME.LOL3] -> LOL3 -> [MEL3, ME.LOL2]",LO.LOP,3,ME.LO,3,ME,3,ME.LO,2
5376638880,mixed,mix->lat,mix,lat,1,0,3,1,1,1.0,3595,3595.0,MB_ML.MB_CA,3,2,2,"[MB_CA.MB_MLL2, PLP.CREL3] -> MB_ML.MB_CAL3 -> [MB_CA.MB_MLL3, MB_CA.MB_VLL3]",MB_CA.MB_ML,2,PLP.CRE,3,MB_CA.MB_ML,3,MB_CA.MB_VL,3
5376638880,mixed,lat->mix,lat,mix,0,1,3,1,1,1.0,3595,3595.0,MB_ML.MB_CA,3,2,2,"[MB_CA.MB_MLL3, PLP.CREL3] -> MB_ML.MB_CAL3 -> [MB_CA.MB_MLL2, MB_CA.MB_VLL3]",MB_CA.MB_ML,3,PLP.CRE,3,MB_CA.MB_ML,2,MB_CA.MB_VL,3
5376638880,mixed,lat->mix,lat,mix,0,1,3,1,1,1.0,3595,3595.0,MB_ML.MB_CA,3,2,2,"[MB_CA.MB_VLL3, PLP.CREL3] -> MB_ML.MB_CAL3 -> [MB_CA.MB_MLL2, MB_CA.MB_MLL3]",MB_CA.MB_VL,3,PLP.CRE,3,MB_CA.MB_ML,2,MB_CA.MB_ML,3
5289352887,mixed,lat->mix,lat,mix,0,1,3,2282,17,1.163,24414,10.699,LO,3,2,2,"[MEL3, ME.LOPL3] -> LOL3 -> [LOL2, ME.LOL3]",ME,3,ME.LOP,3,LO,2,ME.LO,3
5283058140,mixed,mix->mix,mix,mix,1,1,2,1,1,1.0,2140,2140.0,MB_ML.MB_CA,3,2,2,"[MB_CA.CREL3, MB_CA.MB_MLL2] -> MB_ML.MB_CAL3 -> [MB_CA.MB_VLL2, MB_CA.MB_VLL3]",MB_CA.CRE,3,MB_CA.MB_ML,2,MB_CA.MB_VL,2,MB_CA.MB_VL,3
5283058140,mixed,mix->mix,mix,mix,1,1,2,1,1,1.0,2140,2140.0,MB_ML.MB_CA,3,2,2,"[MB_CA.CREL3, MB_CA.MB_VLL2] -> MB_ML.MB_CAL3 -> [MB_CA.MB_MLL2, MB_CA.MB_VLL3]",MB_CA.CRE,3,MB_CA.MB_VL,2,MB_CA.MB_ML,2,MB_CA.MB_VL,3
5283058140,mixed,lat->FB,lat,FB,0,2,2,1,1,1.0,2140,2140.0,MB_ML.MB_CA,3,2,2,"[MB_CA.CREL3, MB_CA.MB_VLL3] -> MB_ML.MB_CAL3 -> [MB_CA.MB_MLL2, MB_CA.MB_VLL2]",MB_CA.CRE,3,MB_CA.MB_VL,3,MB_CA.MB_ML,2,MB_CA.MB_VL,2
5283058140,mixed,FF->mix,FF,mix,2,1,1,1,1,1.0,2087,2087.0,MB_ML.MB_CA,3,2,2,"[MB_CA.MB_MLL2, MB_CA.MB_PEDL2] -> MB_ML.MB_CAL3 -> [MB_CA.MB_VLL2, MB_CA.MB_VLL3]",MB_CA.MB_ML,2,MB_CA.MB_PED,2,MB_CA.MB_VL,2,MB_CA.MB_VL,3
5283058140,mixed,FF->lat,FF,lat,2,0,2,1,1,1.0,2140,2140.0,MB_ML.MB_CA,3,2,2,"[MB_CA.MB_MLL2, MB_CA.MB_VLL2] -> MB_ML.MB_CAL3 -> [MB_CA.CREL3, MB_CA.MB_VLL3]",MB_CA.MB_ML,2,MB_CA.MB_VL,2,MB_CA.CRE,3,MB_CA.MB_VL,3
5283058140,mixed,FF->mix,FF,mix,2,1,1,1,1,1.0,2087,2087.0,MB_ML.MB_CA,3,2,2,"[MB_CA.MB_MLL2, MB_CA.MB_VLL2] -> MB_ML.MB_CAL3 -> [MB_CA.MB_PEDL2, MB_CA.MB_VLL3]",MB_CA.MB_ML,2,MB_CA.MB_VL,2,MB_CA.MB_PED,2,MB_CA.MB_VL,3
5283058140,mixed,mix->mix,mix,mix,1,1,2,1,1,1.0,2140,2140.0,MB_ML.MB_CA,3,2,2,"[MB_CA.MB_MLL2, MB_CA.MB_VLL3] -> MB_ML.MB_CAL3 -> [MB_CA.CREL3, MB_CA.MB_VLL2]",MB_CA.MB_ML,2,MB_CA.MB_VL,3,MB_CA.CRE,3,MB_CA.MB_VL,2
5283058140,mixed,mix->FB,mix,FB,1,2,1,1,1,1.0,2087,2087.0,MB_ML.MB_CA,3,2,2,"[MB_CA.MB_MLL2, MB_CA.MB_VLL3] -> MB_ML.MB_CAL3 -> [MB_CA.MB_PEDL2, MB_CA.MB_VLL2]",MB_CA.MB_ML,2,MB_CA.MB_VL,3,MB_CA.MB_PED,2,MB_CA.MB_VL,2
5283058140,mixed,FF->mix,FF,mix,2,1,1,1,1,1.0,2087,2087.0,MB_ML.MB_CA,3,2,2,"[MB_CA.MB_PEDL2, MB_CA.MB_VLL2] -> MB_ML.MB_CAL3 -> [MB_CA.MB_MLL2, MB_CA.MB_VLL3]",MB_CA.MB_PED,2,MB_CA.MB_VL,2,MB_CA.MB_ML,2,MB_CA.MB_VL,3
5283058140,mixed,mix->FB,mix,FB,1,2,1,1,1,1.0,2087,2087.0,MB_ML.MB_CA,3,2,2,"[MB_CA.MB_PEDL2, MB_CA.MB_VLL3] -> MB_ML.MB_CAL3 -> [MB_CA.MB_MLL2, MB_CA.MB_VLL2]",MB_CA.MB_PED,2,MB_CA.MB_VL,3,MB_CA.MB_ML,2,MB_CA.MB_VL,2
5283058140,mixed,mix->mix,mix,mix,1,1,2,1,1,1.0,2140,2140.0,MB_ML.MB_CA,3,2,2,"[MB_CA.MB_VLL2, MB_CA.MB_VLL3] -> MB_ML.MB_CAL3 -> [MB_CA.CREL3, MB_CA.MB_MLL2]",MB_CA.MB_VL,2,MB_CA.MB_VL,3,MB_CA.CRE,3,MB_CA.MB_ML,2
5283058140,mixed,mix->FB,mix,FB,1,2,1,1,1,1.0,2087,2087.0,MB_ML.MB_CA,3,2,2,"[MB_CA.MB_VLL2, MB_CA.MB_VLL3] -> MB_ML.MB_CAL3 -> [MB_CA.MB_MLL2, MB_CA.MB_PEDL2]",MB_CA.MB_VL,2,MB_CA.MB_VL,3,MB_CA.MB_ML,2,MB_CA.MB_PED,2
5268020015,mixed,mix->mix,mix,mix,1,1,2,2282,9,1.181,22621,9.913,LO,3,2,2,"[LOL2, LO.LOPL3] -> LOL3 -> [MEL3, ME.LOL2]",LO,2,LO.LOP,3,ME,3,ME.LO,2
5257158016,mixed,FF->lat,FF,lat,2,0,2,1,1,1.0,3579,3579.0,MB_ML.MB_CA,3,2,2,"[MB_CA.CREL2, MB_CA.MB_MLL2] -> MB_ML.MB_CAL3 -> [MB_CA.MB_MLL3, MB_CA.MB_VLL3]",MB_CA.CRE,2,MB_CA.MB_ML,2,MB_CA.MB_ML,3,MB_CA.MB_VL,3
5257158016,mixed,mix->mix,mix,mix,1,1,2,1,1,1.0,3579,3579.0,MB_ML.MB_CA,3,2,2,"[MB_CA.CREL2, MB_CA.MB_MLL3] -> MB_ML.MB_CAL3 -> [MB_CA.MB_MLL2, MB_CA.MB_VLL3]",MB_CA.CRE,2,MB_CA.MB_ML,3,MB_CA.MB_ML,2,MB_CA.MB_VL,3
5257158016,mixed,mix->mix,mix,mix,1,1,2,1,1,1.0,3579,3579.0,MB_ML.MB_CA,3,2,2,"[MB_CA.CREL2, MB_CA.MB_VLL3] -> MB_ML.MB_CAL3 -> [MB_CA.MB_MLL2, MB_CA.MB_MLL3]",MB_CA.CRE,2,MB_CA.MB_VL,3,MB_CA.MB_ML,2,MB_CA.MB_ML,3
5256394560,mixed,mix->FB,mix,FB,1,2,1,1,1,1.0,3755,3755.0,MB_ML.MB_CA,3,2,2,"[MB_CA.MB_MLL2, MB_CA.MB_MLL3] -> MB_ML.MB_CAL3 -> [AL.LHL2, MB_CA.MB_VLL2]",MB_CA.MB_ML,2,MB_CA.MB_ML,3,AL.LH,2,MB_CA.MB_VL,2
5256394560,mixed,FF->mix,FF,mix,2,1,1,1,1,1.0,3755,3755.0,MB_ML.MB_CA,3,2,2,"[MB_CA.MB_MLL2, MB_CA.MB_VLL2] -> MB_ML.MB_CAL3 -> [AL.LHL2, MB_CA.MB_MLL3]",MB_CA.MB_ML,2,MB_CA.MB_VL,2,AL.LH,2,MB_CA.MB_ML,3
5256394560,mixed,mix->FB,mix,FB,1,2,1,1,1,1.0,3755,3755.0,MB_ML.MB_CA,3,2,2,"[MB_CA.MB_MLL3, MB_CA.MB_VLL2] -> MB_ML.MB_CAL3 -> [AL.LHL2, MB_CA.MB_MLL2]",MB_CA.MB_ML,3,MB_CA.MB_VL,2,AL.LH,2,MB_CA.MB_ML,2
5185412646,mixed,mix->mix,mix,mix,1,1,2,2282,11,1.16,22621,9.913,LO,3,2,2,"[LO.LOPL3, ME.LOL2] -> LOL3 -> [LOL2, MEL3]",LO.LOP,3,ME.LO,2,LO,2,ME,3
5178962783,mixed,mix->FB,mix,FB,1,2,1,2282,6,1.986,30885,13.534,LO,3,2,2,"[LOL2, LO.LOPL3] -> LOL3 -> [LO.LOPL2, MEL2]",LO,2,LO.LOP,3,LO.LOP,2,ME,2
5137677152,mixed,mix->mix,mix,mix,1,1,2,1,1,1.0,3579,3579.0,MB_ML.MB_CA,3,2,2,"[MB_CA.MB_MLL2, MB_CA.MB_MLL3] -> MB_ML.MB_CAL3 -> [MB_CA.CREL2, MB_CA.MB_VLL3]",MB_CA.MB_ML,2,MB_CA.MB_ML,3,MB_CA.CRE,2,MB_CA.MB_VL,3
5137677152,mixed,mix->mix,mix,mix,1,1,2,1,1,1.0,3579,3579.0,MB_ML.MB_CA,3,2,2,"[MB_CA.MB_MLL2, MB_CA.MB_VLL3] -> MB_ML.MB_CAL3 -> [MB_CA.CREL2, MB_CA.MB_MLL3]",MB_CA.MB_ML,2,MB_CA.MB_VL,3,MB_CA.CRE,2,MB_CA.MB_ML,3
5137677152,mixed,lat->FB,lat,FB,0,2,2,1,1,1.0,3579,3579.0,MB_ML.MB_CA,3,2,2,"[MB_CA.MB_MLL3, MB_CA.MB_VLL3] -> MB_ML.MB_CAL3 -> [MB_CA.CREL2, MB_CA.MB_MLL2]",MB_CA.MB_ML,3,MB_CA.MB_VL,3,MB_CA.CRE,2,MB_CA.MB_ML,2
5133033863,mixed,FB->FF,FB,FF,2,2,0,647,33,2.097,8939,13.816,LOP,2,2,2,"[LO.LOPL3, ME.LOPL3] -> LOPL2 -> [LOPL3, LOP.LOL3]",LO.LOP,3,ME.LOP,3,LOP,3,LOP.LO,3
5125075255,mixed,FF->lat,FF,lat,2,0,2,2282,5,1.0,10007,4.385,LO,3,2,2,"[GNG.MEL2, ME.LOPL2] -> LOL3 -> [LO.LOPL3, ME.LOPL3]",GNG.ME,2,ME.LOP,2,LO.LOP,3,ME.LOP,3
5125075248,mixed,mix->lat,mix,lat,1,0,3,2282,3,1.0,10160,4.452,LO,3,2,2,"[LO.MEL3, ME.LOPL2] -> LOL3 -> [LO.LOPL3, ME.LOPL3]",LO.ME,3,ME.LOP,2,LO.LOP,3,ME.LOP,3
5110705110,mixed,lat->mix,lat,mix,0,1,3,2282,2,1.0,10160,4.452,LO,3,2,2,"[LO.MEL3, ME.LOPL3] -> LOL3 -> [LO.LOPL3, ME.LOPL2]",LO.ME,3,ME.LOP,3,LO.LOP,3,ME.LOP,2
5110705104,mixed,mix->mix,mix,mix,1,1,2,2282,2,1.0,10007,4.385,LO,3,2,2,"[GNG.MEL2, ME.LOPL3] -> LOL3 -> [LO.LOPL3, ME.LOPL2]",GNG.ME,2,ME.LOP,3,LO.LOP,3,ME.LOP,2
5100129655,mixed,FF->mix,FF,mix,2,1,1,2282,4,1.869,36749,16.104,LO,3,2,2,"[LO.LOPL2, MEL2] -> LOL3 -> [ME.LOL3, ME.LOPL2]",LO.LOP,2,ME,2,ME.LO,3,ME.LOP,2
5094381082,mixed,FF->mix,FF,mix,2,1,1,2282,5,1.986,38594,16.912,LO,3,2,2,"[LO.LOPL2, MEL2] -> LOL3 -> [MEL3, ME.LOPL2]",LO.LOP,2,ME,2,ME,3,ME.LOP,2
5075830223,mixed,mix->FB,mix,FB,1,2,1,2282,14,1.848,38992,17.087,LO,3,2,2,"[MEL3, ME.LOPL2] -> LOL3 -> [LOL2, MEL2]",ME,3,ME.LOP,2,LO,2,ME,2
5020856777,mixed,mix->FF,mix,FF,2,1,1,647,116,3.096,11082,17.128,LOP,2,2,2,"[ME.LOPL2, ME.LOPL3] -> LOPL2 -> [LO.LOPL3, LOPL3]",ME.LOP,2,ME.LOP,3,LO.LOP,3,LOP,3
5018196288,mixed,FF->lat,FF,lat,2,0,2,1,1,1.0,3729,3729.0,MB_ML.MB_CA,3,2,2,"[AL.LHL2, MB_CA.MB_MLL2] -> MB_ML.MB_CAL3 -> [MB_CA.MB_MLL3, MB_CA.MB_VLL3]",AL.LH,2,MB_CA.MB_ML,2,MB_CA.MB_ML,3,MB_CA.MB_VL,3
5018196288,mixed,mix->mix,mix,mix,1,1,2,1,1,1.0,3729,3729.0,MB_ML.MB_CA,3,2,2,"[AL.LHL2, MB_CA.MB_MLL3] -> MB_ML.MB_CAL3 -> [MB_CA.MB_MLL2, MB_CA.MB_VLL3]",AL.LH,2,MB_CA.MB_ML,3,MB_CA.MB_ML,2,MB_CA.MB_VL,3
5018196288,mixed,mix->mix,mix,mix,1,1,2,1,1,1.0,3729,3729.0,MB_ML.MB_CA,3,2,2,"[AL.LHL2, MB_CA.MB_VLL3] -> MB_ML.MB_CAL3 -> [MB_CA.MB_MLL2, MB_CA.MB_MLL3]",AL.LH,2,MB_CA.MB_VL,3,MB_CA.MB_ML,2,MB_CA.MB_ML,3
5018196288,mixed,mix->lat,mix,lat,1,0,3,1,1,1.0,3595,3595.0,MB_ML.MB_CA,3,2,2,"[MB_CA.MB_MLL2, MB_CA.MB_MLL3] -> MB_ML.MB_CAL3 -> [MB_CA.MB_VLL3, PLP.CREL3]",MB_CA.MB_ML,2,MB_CA.MB_ML,3,MB_CA.MB_VL,3,PLP.CRE,3
5018196288,mixed,mix->lat,mix,lat,1,0,3,1,1,1.0,3595,3595.0,MB_ML.MB_CA,3,2,2,"[MB_CA.MB_MLL2, MB_CA.MB_VLL3] -> MB_ML.MB_CAL3 -> [MB_CA.MB_MLL3, PLP.CREL3]",MB_CA.MB_ML,2,MB_CA.MB_VL,3,MB_CA.MB_ML,3,PLP.CRE,3
5018196288,mixed,lat->mix,lat,mix,0,1,3,1,1,1.0,3595,3595.0,MB_ML.MB_CA,3,2,2,"[MB_CA.MB_MLL3, MB_CA.MB_VLL3] -> MB_ML.MB_CAL3 -> [MB_CA.MB_MLL2, PLP.CREL3]",MB_CA.MB_ML,3,MB_CA.MB_VL,3,MB_CA.MB_ML,2,PLP.CRE,3
4973857247,mixed,FF->mix,FF,mix,2,1,1,2282,20,1.298,37147,16.278,LO,3,2,2,"[LOL2, MEL2] -> LOL3 -> [ME.LOL3, ME.LOPL2]",LO,2,ME,2,ME.LO,3,ME.LOP,2
4942793678,mixed,mix->FB,mix,FB,1,2,1,2282,4,1.447,14942,6.548,LO,3,2,2,"[LO.LOPL2, MEL3] -> LOL3 -> [LOL2, ME.LOPL2]",LO.LOP,2,ME,3,LO,2,ME.LOP,2
4891261934,mixed,mix->mix,mix,mix,1,1,2,2282,5,1.403,16394,7.184,LO,3,2,2,"[LOL2, LO.LOPL3] -> LOL3 -> [ME.LOL3, ME.LOPL2]",LO,2,LO.LOP,3,ME.LO,3,ME.LOP,2
4870947074,mixed,FF->FB,FF,FB,2,2,0,2282,14,1.802,33450,14.658,LO,3,2,2,"[LO.LOPL2, MEL2] -> LOL3 -> [LOL2, ME.LOL2]",LO.LOP,2,ME,2,LO,2,ME.LO,2
4830780444,mixed,mix->FF,mix,FF,2,1,1,647,126,2.948,7348,11.357,LOP,2,2,2,"[ME.LOPL2, ME.LOPL3] -> LOPL2 -> [LOPL3, LOP.PLPL3]",ME.LOP,2,ME.LOP,3,LOP,3,LOP.PLP,3
4806928800,mixed,mix->mix,mix,mix,1,1,2,1,1,1.0,2988,2988.0,MB_ML.MB_CA,3,2,2,"[MB_CA.MB_MLL3, MB_MLL2] -> MB_ML.MB_CAL3 -> [MB_CA.MB_VLL2, MB_CA.MB_VLL3]",MB_CA.MB_ML,3,MB_ML,2,MB_CA.MB_VL,2,MB_CA.MB_VL,3
4806928800,mixed,FF->lat,FF,lat,2,0,2,1,1,1.0,2988,2988.0,MB_ML.MB_CA,3,2,2,"[MB_CA.MB_VLL2, MB_MLL2] -> MB_ML.MB_CAL3 -> [MB_CA.MB_MLL3, MB_CA.MB_VLL3]",MB_CA.MB_VL,2,MB_ML,2,MB_CA.MB_ML,3,MB_CA.MB_VL,3
4806928800,mixed,mix->mix,mix,mix,1,1,2,1,1,1.0,2988,2988.0,MB_ML.MB_CA,3,2,2,"[MB_CA.MB_VLL3, MB_MLL2] -> MB_ML.MB_CAL3 -> [MB_CA.MB_MLL3, MB_CA.MB_VLL2]",MB_CA.MB_VL,3,MB_ML,2,MB_CA.MB_ML,3,MB_CA.MB_VL,2
4799200242,mixed,mix->FB,mix,FB,1,2,1,2282,20,1.294,37147,16.278,LO,3,2,2,"[MEL2, ME.LOL3] -> LOL3 -> [LOL2, ME.LOPL2]",ME,2,ME.LO,3,LO,2,ME.LOP,2
4764607804,mixed,FF->mix,FF,mix,2,1,1,2282,418,1.32,41529,18.199,LO,3,2,2,"[MEL2, ME.LOL2] -> LOL3 -> [LOL2, ME.LOL3]",ME,2,ME.LO,2,LO,2,ME.LO,3
4729875356,mixed,mix->FB,mix,FB,1,2,1,2282,305,1.37,41529,18.199,LO,3,2,2,"[MEL2, ME.LOL3] -> LOL3 -> [LOL2, ME.LOL2]",ME,2,ME.LO,3,LO,2,ME.LO,2
4716428691,mixed,lat->FB,lat,FB,0,2,2,2282,5,1.398,16394,7.184,LO,3,2,2,"[LO.LOPL3, ME.LOL3] -> LOL3 -> [LOL2, ME.LOPL2]",LO.LOP,3,ME.LO,3,LO,2,ME.LOP,2
4703584115,mixed,mix->mix,mix,mix,1,1,2,2282,14,1.55,46673,20.453,LO,3,2,2,"[MEL3, ME.LOPL2] -> LOL3 -> [MEL2, ME.LOL3]",ME,3,ME.LOP,2,ME,2,ME.LO,3
4666543920,mixed,mix->lat,mix,lat,1,0,3,52,1,1.0,3650,70.192,MB_ML,3,2,2,"[MB_CA.CREL3, MB_CA.MB_MLL2] -> MB_MLL3 -> [MB_CA.MB_MLL3, MB_CA.MB_VLL3]",MB_CA.CRE,3,MB_CA.MB_ML,2,MB_CA.MB_ML,3,MB_CA.MB_VL,3
4666543920,mixed,lat->mix,lat,mix,0,1,3,52,1,1.0,3650,70.192,MB_ML,3,2,2,"[MB_CA.CREL3, MB_CA.MB_MLL3] -> MB_MLL3 -> [MB_CA.MB_MLL2, MB_CA.MB_VLL3]",MB_CA.CRE,3,MB_CA.MB_ML,3,MB_CA.MB_ML,2,MB_CA.MB_VL,3
4666543920,mixed,lat->mix,lat,mix,0,1,3,52,1,1.0,3650,70.192,MB_ML,3,2,2,"[MB_CA.CREL3, MB_CA.MB_VLL3] -> MB_MLL3 -> [MB_CA.MB_MLL2, MB_CA.MB_MLL3]",MB_CA.CRE,3,MB_CA.MB_VL,3,MB_CA.MB_ML,2,MB_CA.MB_ML,3
4666543920,mixed,mix->lat,mix,lat,1,0,3,52,1,1.0,3650,70.192,MB_ML,3,2,2,"[MB_CA.MB_MLL2, MB_CA.MB_MLL3] -> MB_MLL3 -> [MB_CA.CREL3, MB_CA.MB_VLL3]",MB_CA.MB_ML,2,MB_CA.MB_ML,3,MB_CA.CRE,3,MB_CA.MB_VL,3
4666543920,mixed,mix->lat,mix,lat,1,0,3,52,1,1.0,3650,70.192,MB_ML,3,2,2,"[MB_CA.MB_MLL2, MB_CA.MB_VLL3] -> MB_MLL3 -> [MB_CA.CREL3, MB_CA.MB_MLL3]",MB_CA.MB_ML,2,MB_CA.MB_VL,3,MB_CA.CRE,3,MB_CA.MB_ML,3
4666543920,mixed,lat->mix,lat,mix,0,1,3,52,1,1.0,3650,70.192,MB_ML,3,2,2,"[MB_CA.MB_MLL3, MB_CA.MB_VLL3] -> MB_MLL3 -> [MB_CA.CREL3, MB_CA.MB_MLL2]",MB_CA.MB_ML,3,MB_CA.MB_VL,3,MB_CA.CRE,3,MB_CA.MB_ML,2
4657893771,mixed,mix->FB,mix,FB,1,2,1,2282,5,1.611,18561,8.134,LO,3,2,2,"[LO.LOPL2, ME.LOL3] -> LOL3 -> [ME.LOL2, ME.LOPL2]",LO.LOP,2,ME.LO,3,ME.LO,2,ME.LOP,2
4646697840,mixed,mix->mix,mix,mix,1,1,2,1,1,1.0,2988,2988.0,MB_ML.MB_CA,3,2,2,"[MB_CA.MB_MLL3, MB_CA.MB_VLL2] -> MB_ML.MB_CAL3 -> [MB_CA.MB_VLL3, MB_MLL2]",MB_CA.MB_ML,3,MB_CA.MB_VL,2,MB_CA.MB_VL,3,MB_ML,2
4646697840,mixed,lat->FB,lat,FB,0,2,2,1,1,1.0,2988,2988.0,MB_ML.MB_CA,3,2,2,"[MB_CA.MB_MLL3, MB_CA.MB_VLL3] -> MB_ML.MB_CAL3 -> [MB_CA.MB_VLL2, MB_MLL2]",MB_CA.MB_ML,3,MB_CA.MB_VL,3,MB_CA.MB_VL,2,MB_ML,2
4646697840,mixed,mix->mix,mix,mix,1,1,2,1,1,1.0,2988,2988.0,MB_ML.MB_CA,3,2,2,"[MB_CA.MB_VLL2, MB_CA.MB_VLL3] -> MB_ML.MB_CAL3 -> [MB_CA.MB_MLL3, MB_MLL2]",MB_CA.MB_VL,2,MB_CA.MB_VL,3,MB_CA.MB_ML,3,MB_ML,2
4636316358,mixed,FF->lat,FF,lat,2,0,2,2282,26,1.996,32577,14.276,LO,3,2,2,"[AVLP.MEL2, MEL2] -> LOL3 -> [LO.LOPL3, ME.LOPL3]",AVLP.ME,2,ME,2,LO.LOP,3,ME.LOP,3
4628144061,mixed,mix->mix,mix,mix,1,1,2,2282,9,1.304,15970,6.998,LO,3,2,2,"[ME.LOPL2, ME.LOPL3] -> LOL3 -> [LOL2, ME.LOL3]",ME.LOP,2,ME.LOP,3,LO,2,ME.LO,3
4610187187,mixed,FF->mix,FF,mix,2,1,1,2282,205,1.223,41529,18.199,LO,3,2,2,"[LOL2, MEL2] -> LOL3 -> [ME.LOL2, ME.LOL3]",LO,2,ME,2,ME.LO,2,ME.LO,3
4605400600,mixed,FB->mix,FB,mix,1,2,1,647,57,2.081,9602,14.841,LOP,2,2,2,"[LO.LOPL3, ME.LOPL3] -> LOPL2 -> [LO.LOPL2, LOPL3]",LO.LOP,3,ME.LOP,3,LO.LOP,2,LOP,3
4594116497,mixed,FB->FF,FB,FF,2,2,0,647,120,1.752,19526,30.179,LOP,2,2,2,"[LO.LOPL3, ME.LOPL3] -> LOPL2 -> [LOPL3, MEL3]",LO.LOP,3,ME.LOP,3,LOP,3,ME,3
4593963600,mixed,FF->mix,FF,mix,2,1,1,1,1,1.0,2176,2176.0,MB_ML.MB_CA,3,2,2,"[MB_CA.MB_MLL2, MB_MLL2] -> MB_ML.MB_CAL3 -> [MB_CA.MB_VLL2, MB_CA.MB_VLL3]",MB_CA.MB_ML,2,MB_ML,2,MB_CA.MB_VL,2,MB_CA.MB_VL,3
4593963600,mixed,FF->mix,FF,mix,2,1,1,1,1,1.0,2176,2176.0,MB_ML.MB_CA,3,2,2,"[MB_CA.MB_VLL2, MB_MLL2] -> MB_ML.MB_CAL3 -> [MB_CA.MB_MLL2, MB_CA.MB_VLL3]",MB_CA.MB_VL,2,MB_ML,2,MB_CA.MB_ML,2,MB_CA.MB_VL,3
4593963600,mixed,mix->FB,mix,FB,1,2,1,1,1,1.0,2176,2176.0,MB_ML.MB_CA,3,2,2,"[MB_CA.MB_VLL3, MB_MLL2] -> MB_ML.MB_CAL3 -> [MB_CA.MB_MLL2, MB_CA.MB_VLL2]",MB_CA.MB_VL,3,MB_ML,2,MB_CA.MB_ML,2,MB_CA.MB_VL,2
4489394703,mixed,FF->FB,FF,FB,2,2,0,2282,5,1.382,10880,4.768,LO,3,2,2,"[LO.LOPL2, ME.LOPL2] -> LOL3 -> [LOL2, ME.LOL2]",LO.LOP,2,ME.LOP,2,LO,2,ME.LO,2
4486692654,mixed,mix->mix,mix,mix,1,1,2,2282,14,1.603,14914,6.535,LO,3,2,2,"[LOL2, ME.LOL3] -> LOL3 -> [LO.LOPL2, LO.LOPL3]",LO,2,ME.LO,3,LO.LOP,2,LO.LOP,3
4440831480,mixed,FF->mix,FF,mix,2,1,1,1,1,1.0,2176,2176.0,MB_ML.MB_CA,3,2,2,"[MB_CA.MB_MLL2, MB_CA.MB_VLL2] -> MB_ML.MB_CAL3 -> [MB_CA.MB_VLL3, MB_MLL2]",MB_CA.MB_ML,2,MB_CA.MB_VL,2,MB_CA.MB_VL,3,MB_ML,2
4440831480,mixed,mix->FB,mix,FB,1,2,1,1,1,1.0,2176,2176.0,MB_ML.MB_CA,3,2,2,"[MB_CA.MB_MLL2, MB_CA.MB_VLL3] -> MB_ML.MB_CAL3 -> [MB_CA.MB_VLL2, MB_MLL2]",MB_CA.MB_ML,2,MB_CA.MB_VL,3,MB_CA.MB_VL,2,MB_ML,2
4440831480,mixed,mix->FB,mix,FB,1,2,1,1,1,1.0,2176,2176.0,MB_ML.MB_CA,3,2,2,"[MB_CA.MB_VLL2, MB_CA.MB_VLL3] -> MB_ML.MB_CAL3 -> [MB_CA.MB_MLL2, MB_MLL2]",MB_CA.MB_VL,2,MB_CA.MB_VL,3,MB_CA.MB_ML,2,MB_ML,2
4437881198,mixed,mix->lat,mix,lat,1,0,3,2282,8,1.0,32730,14.343,LO,3,2,2,"[LO.MEL3, MEL2] -> LOL3 -> [LO.LOPL3, ME.LOPL3]",LO.ME,3,ME,2,LO.LOP,3,ME.LOP,3
4437880163,mixed,FF->lat,FF,lat,2,0,2,2282,8,1.0,32577,14.276,LO,3,2,2,"[GNG.MEL2, MEL2] -> LOL3 -> [LO.LOPL3, ME.LOPL3]",GNG.ME,2,ME,2,LO.LOP,3,ME.LOP,3
4425078493,mixed,FF->mix,FF,mix,2,1,1,2282,4,1.664,18561,8.134,LO,3,2,2,"[LO.LOPL2, ME.LOL2] -> LOL3 -> [ME.LOL3, ME.LOPL2]",LO.LOP,2,ME.LO,2,ME.LO,3,ME.LOP,2
4412189682,mixed,mix->lat,mix,lat,1,0,3,2282,8,1.0,14542,6.372,LO,3,2,2,"[LO.MEL3, ME.LOL2] -> LOL3 -> [LO.LOPL3, ME.LOPL3]",LO.ME,3,ME.LO,2,LO.LOP,3,ME.LOP,3
4412189626,mixed,FF->lat,FF,lat,2,0,2,2282,8,1.0,14389,6.305,LO,3,2,2,"[GNG.MEL2, ME.LOL2] -> LOL3 -> [LO.LOPL3, ME.LOPL3]",GNG.ME,2,ME.LO,2,LO.LOP,3,ME.LOP,3
4398376506,mixed,mix->mix,mix,mix,1,1,2,2282,10,1.26,20776,9.104,LO,3,2,2,"[LOL2, LO.LOPL3] -> LOL3 -> [ME.LOL2, ME.LOL3]",LO,2,LO.LOP,3,ME.LO,2,ME.LO,3
4361735745,mixed,lat->FB,lat,FB,0,2,2,2282,6,1.749,38566,16.9,LO,3,2,2,"[LO.LOPL3, ME.LOL3] -> LOL3 -> [LO.LOPL2, MEL2]",LO.LOP,3,ME.LO,3,LO.LOP,2,ME,2
4312698614,mixed,mix->mix,mix,mix,1,1,2,2282,10,1.231,20776,9.104,LO,3,2,2,"[LO.LOPL3, ME.LOL2] -> LOL3 -> [LOL2, ME.LOL3]",LO.LOP,3,ME.LO,2,LO,2,ME.LO,3
4272600960,mixed,FF->mix,FF,mix,2,1,1,52,1,1.0,3410,65.577,MB_ML,3,2,2,"[AL.MB_CAL2, MB_MLL2] -> MB_MLL3 -> [MB_CA.MB_MLL2, MB_CA.MB_MLL3]",AL.MB_CA,2,MB_ML,2,MB_CA.MB_ML,2,MB_CA.MB_ML,3
4262682326,mixed,FF->mix,FF,mix,2,1,1,2282,5,1.845,20406,8.942,LO,3,2,2,"[LO.LOPL2, ME.LOL2] -> LOL3 -> [MEL3, ME.LOPL2]",LO.LOP,2,ME.LO,2,ME,3,ME.LOP,2
4255057822,mixed,mix->mix,mix,mix,1,1,2,2282,5,2.0,22223,9.738,LO,3,2,2,"[LO.LOPL2, LO.LOPL3] -> LOL3 -> [MEL3, ME.LOL2]",LO.LOP,2,LO.LOP,3,ME,3,ME.LO,2
4246120440,mixed,mix->mix,mix,mix,1,1,2,1,1,1.0,2966,2966.0,MB_ML.MB_CA,3,2,2,"[AL.MB_CAL2, MB_CA.MB_MLL3] -> MB_ML.MB_CAL3 -> [MB_CA.MB_VLL2, MB_CA.MB_VLL3]",AL.MB_CA,2,MB_CA.MB_ML,3,MB_CA.MB_VL,2,MB_CA.MB_VL,3
4246120440,mixed,FF->lat,FF,lat,2,0,2,1,1,1.0,2966,2966.0,MB_ML.MB_CA,3,2,2,"[AL.MB_CAL2, MB_CA.MB_VLL2] -> MB_ML.MB_CAL3 -> [MB_CA.MB_MLL3, MB_CA.MB_VLL3]",AL.MB_CA,2,MB_CA.MB_VL,2,MB_CA.MB_ML,3,MB_CA.MB_VL,3
4246120440,mixed,mix->mix,mix,mix,1,1,2,1,1,1.0,2966,2966.0,MB_ML.MB_CA,3,2,2,"[AL.MB_CAL2, MB_CA.MB_VLL3] -> MB_ML.MB_CAL3 -> [MB_CA.MB_MLL3, MB_CA.MB_VLL2]",AL.MB_CA,2,MB_CA.MB_VL,3,MB_CA.MB_ML,3,MB_CA.MB_VL,2
4244776123,mixed,lat->FB,lat,FB,0,2,2,2282,11,1.256,20776,9.104,LO,3,2,2,"[LO.LOPL3, ME.LOL3] -> LOL3 -> [LOL2, ME.LOL2]",LO.LOP,3,ME.LO,3,LO,2,ME.LO,2
4213259280,mixed,FF->mix,FF,mix,2,1,1,52,1,1.0,3410,65.577,MB_ML,3,2,2,"[MB_CA.MB_MLL2, MB_MLL2] -> MB_MLL3 -> [AL.MB_CAL2, MB_CA.MB_MLL3]",MB_CA.MB_ML,2,MB_ML,2,AL.MB_CA,2,MB_CA.MB_ML,3
4213259280,mixed,mix->FB,mix,FB,1,2,1,52,1,1.0,3410,65.577,MB_ML,3,2,2,"[MB_CA.MB_MLL3, MB_MLL2] -> MB_MLL3 -> [AL.MB_CAL2, MB_CA.MB_MLL2]",MB_CA.MB_ML,3,MB_ML,2,AL.MB_CA,2,MB_CA.MB_ML,2
4205155143,mixed,mix->mix,mix,mix,1,1,2,2282,5,1.925,20378,8.93,LO,3,2,2,"[LO.LOPL2, LO.LOPL3] -> LOL3 -> [ME.LOL2, ME.LOL3]",LO.LOP,2,LO.LOP,3,ME.LO,2,ME.LO,3
4200701363,mixed,FF->lat,FF,lat,2,0,2,2282,16,1.104,46673,20.453,LO,3,2,2,"[MEL2, ME.LOPL2] -> LOL3 -> [MEL3, ME.LOL3]",ME,2,ME.LOP,2,ME,3,ME.LO,3
4188283353,mixed,mix->mix,mix,mix,1,1,2,2282,26,1.144,38964,17.074,LO,3,2,2,"[LOL2, ME.LOL3] -> LOL3 -> [LO.LOPL3, MEL2]",LO,2,ME.LO,3,LO.LOP,3,ME,2
4169646720,mixed,FF->mix,FF,mix,2,1,1,52,1,1.0,3410,65.577,MB_ML,3,2,2,"[AL.MB_CAL2, MB_CA.MB_MLL2] -> MB_MLL3 -> [MB_CA.MB_MLL3, MB_MLL2]",AL.MB_CA,2,MB_CA.MB_ML,2,MB_CA.MB_ML,3,MB_ML,2
4169646720,mixed,mix->FB,mix,FB,1,2,1,52,1,1.0,3410,65.577,MB_ML,3,2,2,"[AL.MB_CAL2, MB_CA.MB_MLL3] -> MB_MLL3 -> [MB_CA.MB_MLL2, MB_MLL2]",AL.MB_CA,2,MB_CA.MB_ML,3,MB_CA.MB_ML,2,MB_ML,2
4166004960,mixed,mix->mix,mix,mix,1,1,2,1,1,1.0,2966,2966.0,MB_ML.MB_CA,3,2,2,"[MB_CA.MB_MLL3, MB_CA.MB_VLL2] -> MB_ML.MB_CAL3 -> [AL.MB_CAL2, MB_CA.MB_VLL3]",MB_CA.MB_ML,3,MB_CA.MB_VL,2,AL.MB_CA,2,MB_CA.MB_VL,3
4166004960,mixed,lat->FB,lat,FB,0,2,2,1,1,1.0,2966,2966.0,MB_ML.MB_CA,3,2,2,"[MB_CA.MB_MLL3, MB_CA.MB_VLL3] -> MB_ML.MB_CAL3 -> [AL.MB_CAL2, MB_CA.MB_VLL2]",MB_CA.MB_ML,3,MB_CA.MB_VL,3,AL.MB_CA,2,MB_CA.MB_VL,2
4166004960,mixed,mix->mix,mix,mix,1,1,2,1,1,1.0,2966,2966.0,MB_ML.MB_CA,3,2,2,"[MB_CA.MB_VLL2, MB_CA.MB_VLL3] -> MB_ML.MB_CAL3 -> [AL.MB_CAL2, MB_CA.MB_MLL3]",MB_CA.MB_VL,2,MB_CA.MB_VL,3,AL.MB_CA,2,MB_CA.MB_ML,3
4111734960,mixed,mix->FB,mix,FB,1,2,1,52,1,1.0,3410,65.577,MB_ML,3,2,2,"[MB_CA.MB_MLL2, MB_CA.MB_MLL3] -> MB_MLL3 -> [AL.MB_CAL2, MB_MLL2]",MB_CA.MB_ML,2,MB_CA.MB_ML,3,AL.MB_CA,2,MB_ML,2
4105998244,mixed,FB->mix,FB,mix,1,2,1,647,24,2.678,8924,13.793,LOP,2,2,2,"[LO.LOPL3, ME.LOPL3] -> LOPL2 -> [LOPL3, LOP.LOL2]",LO.LOP,3,ME.LOP,3,LOP,3,LOP.LO,2
4062349376,mixed,mix->mix,mix,mix,1,1,2,1,1,1.0,3729,3729.0,MB_ML.MB_CA,3,2,2,"[MB_CA.MB_MLL2, MB_CA.MB_MLL3] -> MB_ML.MB_CAL3 -> [AL.LHL2, MB_CA.MB_VLL3]",MB_CA.MB_ML,2,MB_CA.MB_ML,3,AL.LH,2,MB_CA.MB_VL,3
4062349376,mixed,mix->mix,mix,mix,1,1,2,1,1,1.0,3729,3729.0,MB_ML.MB_CA,3,2,2,"[MB_CA.MB_MLL2, MB_CA.MB_VLL3] -> MB_ML.MB_CAL3 -> [AL.LHL2, MB_CA.MB_MLL3]",MB_CA.MB_ML,2,MB_CA.MB_VL,3,AL.LH,2,MB_CA.MB_ML,3
4062349376,mixed,lat->FB,lat,FB,0,2,2,1,1,1.0,3729,3729.0,MB_ML.MB_CA,3,2,2,"[MB_CA.MB_MLL3, MB_CA.MB_VLL3] -> MB_ML.MB_CAL3 -> [AL.LHL2, MB_CA.MB_MLL2]",MB_CA.MB_ML,3,MB_CA.MB_VL,3,AL.LH,2,MB_CA.MB_ML,2
4058001180,mixed,FF->mix,FF,mix,2,1,1,1,1,1.0,2154,2154.0,MB_ML.MB_CA,3,2,2,"[AL.MB_CAL2, MB_CA.MB_MLL2] -> MB_ML.MB_CAL3 -> [MB_CA.MB_VLL2, MB_CA.MB_VLL3]",AL.MB_CA,2,MB_CA.MB_ML,2,MB_CA.MB_VL,2,MB_CA.MB_VL,3
4058001180,mixed,FF->mix,FF,mix,2,1,1,1,1,1.0,2154,2154.0,MB_ML.MB_CA,3,2,2,"[AL.MB_CAL2, MB_CA.MB_VLL2] -> MB_ML.MB_CAL3 -> [MB_CA.MB_MLL2, MB_CA.MB_VLL3]",AL.MB_CA,2,MB_CA.MB_VL,2,MB_CA.MB_ML,2,MB_CA.MB_VL,3
4058001180,mixed,mix->FB,mix,FB,1,2,1,1,1,1.0,2154,2154.0,MB_ML.MB_CA,3,2,2,"[AL.MB_CAL2, MB_CA.MB_VLL3] -> MB_ML.MB_CAL3 -> [MB_CA.MB_MLL2, MB_CA.MB_VLL2]",AL.MB_CA,2,MB_CA.MB_VL,3,MB_CA.MB_ML,2,MB_CA.MB_VL,2
4056241728,mixed,lat->mix,lat,mix,0,1,3,1,1,1.0,3511,3511.0,MB_ML.MB_CA,3,2,2,"[MB_CA.CREL3, MB_CA.MB_PEDL3] -> MB_ML.MB_CAL3 -> [MB_CA.MB_MLL2, MB_CA.MB_MLL3]",MB_CA.CRE,3,MB_CA.MB_PED,3,MB_CA.MB_ML,2,MB_CA.MB_ML,3
4056241728,mixed,mix->lat,mix,lat,1,0,3,1,1,1.0,3511,3511.0,MB_ML.MB_CA,3,2,2,"[MB_CA.MB_MLL2, MB_CA.MB_PEDL3] -> MB_ML.MB_CAL3 -> [MB_CA.CREL3, MB_CA.MB_MLL3]",MB_CA.MB_ML,2,MB_CA.MB_PED,3,MB_CA.CRE,3,MB_CA.MB_ML,3
4056241728,mixed,mix->mix,mix,mix,1,1,2,1,1,1.0,3458,3458.0,MB_ML.MB_CA,3,2,2,"[MB_CA.MB_MLL2, MB_CA.MB_PEDL3] -> MB_ML.MB_CAL3 -> [MB_CA.MB_MLL3, MB_CA.MB_PEDL2]",MB_CA.MB_ML,2,MB_CA.MB_PED,3,MB_CA.MB_ML,3,MB_CA.MB_PED,2
4056241728,mixed,lat->mix,lat,mix,0,1,3,1,1,1.0,3511,3511.0,MB_ML.MB_CA,3,2,2,"[MB_CA.MB_MLL3, MB_CA.MB_PEDL3] -> MB_ML.MB_CAL3 -> [MB_CA.CREL3, MB_CA.MB_MLL2]",MB_CA.MB_ML,3,MB_CA.MB_PED,3,MB_CA.CRE,3,MB_CA.MB_ML,2
4056241728,mixed,lat->FB,lat,FB,0,2,2,1,1,1.0,3458,3458.0,MB_ML.MB_CA,3,2,2,"[MB_CA.MB_MLL3, MB_CA.MB_PEDL3] -> MB_ML.MB_CAL3 -> [MB_CA.MB_MLL2, MB_CA.MB_PEDL2]",MB_CA.MB_ML,3,MB_CA.MB_PED,3,MB_CA.MB_ML,2,MB_CA.MB_PED,2
4056241728,mixed,mix->mix,mix,mix,1,1,2,1,1,1.0,3458,3458.0,MB_ML.MB_CA,3,2,2,"[MB_CA.MB_PEDL2, MB_CA.MB_PEDL3] -> MB_ML.MB_CAL3 -> [MB_CA.MB_MLL2, MB_CA.MB_MLL3]",MB_CA.MB_PED,2,MB_CA.MB_PED,3,MB_CA.MB_ML,2,MB_CA.MB_ML,3
4052816712,mixed,mix->mix,mix,mix,1,1,2,2282,24,1.171,28485,12.482,LO,3,2,2,"[ME.LOL2, ME.LOL3] -> LOL3 -> [MEL3, ME.LOPL2]",ME.LO,2,ME.LO,3,ME,3,ME.LOP,2
4046241271,mixed,FF->mix,FF,mix,2,1,1,2282,24,1.313,20804,9.117,LO,3,2,2,"[LOL2, ME.LOL2] -> LOL3 -> [MEL3, ME.LOPL2]",LO,2,ME.LO,2,ME,3,ME.LOP,2
4034336281,mixed,mix->FF,mix,FF,2,1,1,647,40,2.092,7546,11.663,LOP,2,2,2,"[LO.LOPL3, ME.LOPL2] -> LOPL2 -> [LOPL3, LOP.LOL3]",LO.LOP,3,ME.LOP,2,LOP,3,LOP.LO,3
4031618623,mixed,FB->FF,FB,FF,2,2,0,647,73,1.088,17681,27.328,LOP,2,2,2,"[LO.LOPL3, ME.LOL3] -> LOPL2 -> [LOPL3, ME.LOPL3]",LO.LOP,3,ME.LO,3,LOP,3,ME.LOP,3
4029902496,mixed,mix->lat,mix,lat,1,0,3,1,1,1.0,3511,3511.0,MB_ML.MB_CA,3,2,2,"[MB_CA.CREL3, MB_CA.MB_MLL2] -> MB_ML.MB_CAL3 -> [MB_CA.MB_MLL3, MB_CA.MB_PEDL3]",MB_CA.CRE,3,MB_CA.MB_ML,2,MB_CA.MB_ML,3,MB_CA.MB_PED,3
4029902496,mixed,lat->mix,lat,mix,0,1,3,1,1,1.0,3511,3511.0,MB_ML.MB_CA,3,2,2,"[MB_CA.CREL3, MB_CA.MB_MLL3] -> MB_ML.MB_CAL3 -> [MB_CA.MB_MLL2, MB_CA.MB_PEDL3]",MB_CA.CRE,3,MB_CA.MB_ML,3,MB_CA.MB_ML,2,MB_CA.MB_PED,3
4029902496,mixed,mix->lat,mix,lat,1,0,3,1,1,1.0,3511,3511.0,MB_ML.MB_CA,3,2,2,"[MB_CA.MB_MLL2, MB_CA.MB_MLL3] -> MB_ML.MB_CAL3 -> [MB_CA.CREL3, MB_CA.MB_PEDL3]",MB_CA.MB_ML,2,MB_CA.MB_ML,3,MB_CA.CRE,3,MB_CA.MB_PED,3
4029902496,mixed,mix->mix,mix,mix,1,1,2,1,1,1.0,3458,3458.0,MB_ML.MB_CA,3,2,2,"[MB_CA.MB_MLL2, MB_CA.MB_MLL3] -> MB_ML.MB_CAL3 -> [MB_CA.MB_PEDL2, MB_CA.MB_PEDL3]",MB_CA.MB_ML,2,MB_CA.MB_ML,3,MB_CA.MB_PED,2,MB_CA.MB_PED,3
4029902496,mixed,FF->lat,FF,lat,2,0,2,1,1,1.0,3458,3458.0,MB_ML.MB_CA,3,2,2,"[MB_CA.MB_MLL2, MB_CA.MB_PEDL2] -> MB_ML.MB_CAL3 -> [MB_CA.MB_MLL3, MB_CA.MB_PEDL3]",MB_CA.MB_ML,2,MB_CA.MB_PED,2,MB_CA.MB_ML,3,MB_CA.MB_PED,3
4029902496,mixed,mix->mix,mix,mix,1,1,2,1,1,1.0,3458,3458.0,MB_ML.MB_CA,3,2,2,"[MB_CA.MB_MLL3, MB_CA.MB_PEDL2] -> MB_ML.MB_CAL3 -> [MB_CA.MB_MLL2, MB_CA.MB_PEDL3]",MB_CA.MB_ML,3,MB_CA.MB_PED,2,MB_CA.MB_ML,2,MB_CA.MB_PED,3
4015119830,mixed,FF->mix,FF,mix,2,1,1,2282,4,1.915,30885,13.534,LO,3,2,2,"[LOL2, LO.LOPL2] -> LOL3 -> [LO.LOPL3, MEL2]",LO,2,LO.LOP,2,LO.LOP,3,ME,2
4006860905,mixed,mix->lat,mix,lat,1,0,3,2282,6,1.144,25920,11.358,LO,3,2,2,"[LO.LOPL3, ME.LOPL2] -> LOL3 -> [MEL3, ME.LOL3]",LO.LOP,3,ME.LOP,2,ME,3,ME.LO,3
3983774680,mixed,FB->FF,FB,FF,2,2,0,647,52,2.164,16952,26.201,LOP,2,2,2,"[LO.LOPL3, ME.LOPL3] -> LOPL2 -> [LOP.PLPL3, ME.LOL3]",LO.LOP,3,ME.LOP,3,LOP.PLP,3,ME.LO,3
3981435120,mixed,FF->mix,FF,mix,2,1,1,1,1,1.0,2154,2154.0,MB_ML.MB_CA,3,2,2,"[MB_CA.MB_MLL2, MB_CA.MB_VLL2] -> MB_ML.MB_CAL3 -> [AL.MB_CAL2, MB_CA.MB_VLL3]",MB_CA.MB_ML,2,MB_CA.MB_VL,2,AL.MB_CA,2,MB_CA.MB_VL,3
3981435120,mixed,mix->FB,mix,FB,1,2,1,1,1,1.0,2154,2154.0,MB_ML.MB_CA,3,2,2,"[MB_CA.MB_MLL2, MB_CA.MB_VLL3] -> MB_ML.MB_CAL3 -> [AL.MB_CAL2, MB_CA.MB_VLL2]",MB_CA.MB_ML,2,MB_CA.MB_VL,3,AL.MB_CA,2,MB_CA.MB_VL,2
3981435120,mixed,mix->FB,mix,FB,1,2,1,1,1,1.0,2154,2154.0,MB_ML.MB_CA,3,2,2,"[MB_CA.MB_VLL2, MB_CA.MB_VLL3] -> MB_ML.MB_CAL3 -> [AL.MB_CAL2, MB_CA.MB_MLL2]",MB_CA.MB_VL,2,MB_CA.MB_VL,3,AL.MB_CA,2,MB_CA.MB_ML,2
3952036517,mixed,FF->mix,FF,mix,2,1,1,2282,18,1.191,38992,17.087,LO,3,2,2,"[MEL2, ME.LOPL2] -> LOL3 -> [LOL2, MEL3]",ME,2,ME.LOP,2,LO,2,ME,3
3938939160,mixed,FB->mix,FB,mix,1,2,1,647,50,1.94,10353,16.002,LOP,2,2,2,"[LO.LOPL3, ME.LOPL3] -> LOPL2 -> [LOP.PLPL3, ME.LOPL2]",LO.LOP,3,ME.LOP,3,LOP.PLP,3,ME.LOP,2
3908139354,mixed,FF->mix,FF,mix,2,1,1,2282,11,1.958,42976,18.833,LO,3,2,2,"[LO.LOPL2, MEL2] -> LOL3 -> [MEL3, ME.LOL2]",LO.LOP,2,ME,2,ME,3,ME.LO,2
3880509128,mixed,mix->mix,mix,mix,1,1,2,2282,381,1.195,45591,19.979,LO,3,2,2,"[MEL2, MEL3] -> LOL3 -> [LOL2, ME.LOL3]",ME,2,ME,3,LO,2,ME.LO,3
3845416390,mixed,mix->mix,mix,mix,1,1,2,2282,13,1.442,14490,6.35,LO,3,2,2,"[LOL2, ME.LOL3] -> LOL3 -> [LO.LOPL2, ME.LOPL3]",LO,2,ME.LO,3,LO.LOP,2,ME.LOP,3
3823805507,mixed,mix->mix,mix,mix,1,1,2,2282,7,1.262,18239,7.993,LO,3,2,2,"[LO.LOPL3, ME.LOPL2] -> LOL3 -> [LOL2, MEL3]",LO.LOP,3,ME.LOP,2,LO,2,ME,3
3813596640,mixed,FF->lat,FF,lat,2,0,2,52,1,1.0,3827,73.596,MB_ML,3,2,2,"[MB_CA.MB_MLL2, MB_CA.MB_VLL2] -> MB_MLL3 -> [MB_CA.MB_MLL3, MB_CA.MB_PEDL3]",MB_CA.MB_ML,2,MB_CA.MB_VL,2,MB_CA.MB_ML,3,MB_CA.MB_PED,3
3813596640,mixed,mix->mix,mix,mix,1,1,2,52,1,1.0,3827,73.596,MB_ML,3,2,2,"[MB_CA.MB_MLL3, MB_CA.MB_VLL2] -> MB_MLL3 -> [MB_CA.MB_MLL2, MB_CA.MB_PEDL3]",MB_CA.MB_ML,3,MB_CA.MB_VL,2,MB_CA.MB_ML,2,MB_CA.MB_PED,3
3813596640,mixed,mix->mix,mix,mix,1,1,2,52,1,1.0,3827,73.596,MB_ML,3,2,2,"[MB_CA.MB_PEDL3, MB_CA.MB_VLL2] -> MB_MLL3 -> [MB_CA.MB_MLL2, MB_CA.MB_MLL3]",MB_CA.MB_PED,3,MB_CA.MB_VL,2,MB_CA.MB_ML,2,MB_CA.MB_ML,3
3806366672,mixed,mix->mix,mix,mix,1,1,2,2282,28,1.101,38540,16.889,LO,3,2,2,"[LOL2, ME.LOL3] -> LOL3 -> [MEL2, ME.LOPL3]",LO,2,ME.LO,3,ME,2,ME.LOP,3
3777652796,mixed,mix->FF,mix,FF,2,1,1,647,67,1.833,10353,16.002,LOP,2,2,2,"[LO.LOPL3, ME.LOPL2] -> LOPL2 -> [LOP.PLPL3, ME.LOPL3]",LO.LOP,3,ME.LOP,2,LOP.PLP,3,ME.LOP,3
3777090810,mixed,FF->lat,FF,lat,2,0,2,2282,26,1.945,14389,6.305,LO,3,2,2,"[AVLP.MEL2, ME.LOL2] -> LOL3 -> [LO.LOPL3, ME.LOPL3]",AVLP.ME,2,ME.LO,2,LO.LOP,3,ME.LOP,3
3771317017,mixed,FF->FB,FF,FB,2,2,0,2282,15,1.998,33450,14.658,LO,3,2,2,"[LOL2, ME.LOL2] -> LOL3 -> [LO.LOPL2, MEL2]",LO,2,ME.LO,2,LO.LOP,2,ME,2
3748616393,mixed,FF->mix,FF,mix,2,1,1,2282,12,1.997,41131,18.024,LO,3,2,2,"[LO.LOPL2, MEL2] -> LOL3 -> [ME.LOL2, ME.LOL3]",LO.LOP,2,ME,2,ME.LO,2,ME.LO,3
3736358160,mixed,mix->mix,mix,mix,1,1,2,647,57,2.095,8209,12.688,LOP,2,2,2,"[LO.LOPL3, ME.LOPL2] -> LOPL2 -> [LO.LOPL2, LOPL3]",LO.LOP,3,ME.LOP,2,LO.LOP,2,LOP,3
3722796720,mixed,mix->mix,mix,mix,1,1,2,52,1,1.0,3827,73.596,MB_ML,3,2,2,"[MB_CA.MB_MLL2, MB_CA.MB_MLL3] -> MB_MLL3 -> [MB_CA.MB_PEDL3, MB_CA.MB_VLL2]",MB_CA.MB_ML,2,MB_CA.MB_ML,3,MB_CA.MB_PED,3,MB_CA.MB_VL,2
3722796720,mixed,mix->mix,mix,mix,1,1,2,52,1,1.0,3827,73.596,MB_ML,3,2,2,"[MB_CA.MB_MLL2, MB_CA.MB_PEDL3] -> MB_MLL3 -> [MB_CA.MB_MLL3, MB_CA.MB_VLL2]",MB_CA.MB_ML,2,MB_CA.MB_PED,3,MB_CA.MB_ML,3,MB_CA.MB_VL,2
3722796720,mixed,lat->FB,lat,FB,0,2,2,52,1,1.0,3827,73.596,MB_ML,3,2,2,"[MB_CA.MB_MLL3, MB_CA.MB_PEDL3] -> MB_MLL3 -> [MB_CA.MB_MLL2, MB_CA.MB_VLL2]",MB_CA.MB_ML,3,MB_CA.MB_PED,3,MB_CA.MB_ML,2,MB_CA.MB_VL,2
3667281385,mixed,FF->lat,FF,lat,2,0,2,2282,13,1.727,10007,4.385,LO,3,2,2,"[AVLP.MEL2, ME.LOPL2] -> LOL3 -> [LO.LOPL3, ME.LOPL3]",AVLP.ME,2,ME.LOP,2,LO.LOP,3,ME.LOP,3
3651581030,mixed,lat->mix,lat,mix,0,1,3,2282,10,1.202,24838,10.884,LO,3,2,2,"[LO.LOPL3, MEL3] -> LOL3 -> [LOL2, ME.LOL3]",LO.LOP,3,ME,3,LO,2,ME.LO,3
3628751556,mixed,mix->FF,mix,FF,2,1,1,647,127,1.216,20714,32.015,LOP,2,2,2,"[LO.LOPL3, ME.LOPL2] -> LOPL2 -> [MEL3, ME.LOPL3]",LO.LOP,3,ME.LOP,2,ME,3,ME.LOP,3
3619842480,mixed,mix->mix,mix,mix,1,1,2,52,1,1.0,3396,65.308,MB_ML,3,2,2,"[MB_CA.CREL3, MB_MLL2] -> MB_MLL3 -> [MB_CA.MB_MLL2, MB_CA.MB_MLL3]",MB_CA.CRE,3,MB_ML,2,MB_CA.MB_ML,2,MB_CA.MB_ML,3
3619842480,mixed,FF->lat,FF,lat,2,0,2,52,1,1.0,3396,65.308,MB_ML,3,2,2,"[MB_CA.MB_MLL2, MB_MLL2] -> MB_MLL3 -> [MB_CA.CREL3, MB_CA.MB_MLL3]",MB_CA.MB_ML,2,MB_ML,2,MB_CA.CRE,3,MB_CA.MB_ML,3
3619842480,mixed,mix->mix,mix,mix,1,1,2,52,1,1.0,3396,65.308,MB_ML,3,2,2,"[MB_CA.MB_MLL3, MB_MLL2] -> MB_MLL3 -> [MB_CA.CREL3, MB_CA.MB_MLL2]",MB_CA.MB_ML,3,MB_ML,2,MB_CA.CRE,3,MB_CA.MB_ML,2
3616163315,mixed,mix->FF,mix,FF,2,1,1,647,105,1.414,18133,28.026,LOP,2,2,2,"[LO.LOPL3, ME.LOPL2] -> LOPL2 -> [LOPL3, MEL3]",LO.LOP,3,ME.LOP,2,LOP,3,ME,3
3605196600,mixed,lat->mix,lat,mix,0,1,3,1,1,1.0,2897,2897.0,MB_ML.MB_CA,3,2,2,"[MB_CA.MB_MLL3, PLP.CREL3] -> MB_ML.MB_CAL3 -> [MB_CA.MB_VLL2, MB_CA.MB_VLL3]",MB_CA.MB_ML,3,PLP.CRE,3,MB_CA.MB_VL,2,MB_CA.MB_VL,3
3605196600,mixed,mix->lat,mix,lat,1,0,3,1,1,1.0,2897,2897.0,MB_ML.MB_CA,3,2,2,"[MB_CA.MB_VLL2, PLP.CREL3] -> MB_ML.MB_CAL3 -> [MB_CA.MB_MLL3, MB_CA.MB_VLL3]",MB_CA.MB_VL,2,PLP.CRE,3,MB_CA.MB_ML,3,MB_CA.MB_VL,3
3605196600,mixed,lat->mix,lat,mix,0,1,3,1,1,1.0,2897,2897.0,MB_ML.MB_CA,3,2,2,"[MB_CA.MB_VLL3, PLP.CREL3] -> MB_ML.MB_CAL3 -> [MB_CA.MB_MLL3, MB_CA.MB_VLL2]",MB_CA.MB_VL,3,PLP.CRE,3,MB_CA.MB_ML,3,MB_CA.MB_VL,2
3600987646,mixed,mix->mix,mix,mix,1,1,2,2282,10,1.701,10007,4.385,LO,3,2,2,"[AVLP.MEL2, ME.LOPL3] -> LOL3 -> [LO.LOPL3, ME.LOPL2]",AVLP.ME,2,ME.LOP,3,LO.LOP,3,ME.LOP,2
3592603225,mixed,FB->mix,FB,mix,1,2,1,647,82,1.015,18869,29.164,LOP,2,2,2,"[LO.LOPL3, ME.LOL3] -> LOPL2 -> [ME.LOPL2, ME.LOPL3]",LO.LOP,3,ME.LO,3,ME.LOP,2,ME.LOP,3
3532617360,mixed,mix->mix,mix,mix,1,1,2,52,1,1.0,3396,65.308,MB_ML,3,2,2,"[MB_CA.CREL3, MB_CA.MB_MLL2] -> MB_MLL3 -> [MB_CA.MB_MLL3, MB_MLL2]",MB_CA.CRE,3,MB_CA.MB_ML,2,MB_CA.MB_ML,3,MB_ML,2
3532617360,mixed,lat->FB,lat,FB,0,2,2,52,1,1.0,3396,65.308,MB_ML,3,2,2,"[MB_CA.CREL3, MB_CA.MB_MLL3] -> MB_MLL3 -> [MB_CA.MB_MLL2, MB_MLL2]",MB_CA.CRE,3,MB_CA.MB_ML,3,MB_CA.MB_ML,2,MB_ML,2
3532617360,mixed,mix->mix,mix,mix,1,1,2,52,1,1.0,3396,65.308,MB_ML,3,2,2,"[MB_CA.MB_MLL2, MB_CA.MB_MLL3] -> MB_MLL3 -> [MB_CA.CREL3, MB_MLL2]",MB_CA.MB_ML,2,MB_CA.MB_ML,3,MB_CA.CRE,3,MB_ML,2
3527166720,mixed,mix->mix,mix,mix,1,1,2,1,1,1.0,3547,3547.0,MB_ML.MB_CA,3,2,2,"[MB_CA.MB_PEDL3, MB_MLL2] -> MB_ML.MB_CAL3 -> [MB_CA.MB_MLL2, MB_CA.MB_MLL3]",MB_CA.MB_PED,3,MB_ML,2,MB_CA.MB_ML,2,MB_CA.MB_ML,3
3525081120,mixed,mix->mix,mix,mix,1,1,2,1,1,1.0,2881,2881.0,MB_ML.MB_CA,3,2,2,"[MB_CA.CREL2, MB_CA.MB_MLL3] -> MB_ML.MB_CAL3 -> [MB_CA.MB_VLL2, MB_CA.MB_VLL3]",MB_CA.CRE,2,MB_CA.MB_ML,3,MB_CA.MB_VL,2,MB_CA.MB_VL,3
3525081120,mixed,FF->lat,FF,lat,2,0,2,1,1,1.0,2881,2881.0,MB_ML.MB_CA,3,2,2,"[MB_CA.CREL2, MB_CA.MB_VLL2] -> MB_ML.MB_CAL3 -> [MB_CA.MB_MLL3, MB_CA.MB_VLL3]",MB_CA.CRE,2,MB_CA.MB_VL,2,MB_CA.MB_ML,3,MB_CA.MB_VL,3
3525081120,mixed,mix->mix,mix,mix,1,1,2,1,1,1.0,2881,2881.0,MB_ML.MB_CA,3,2,2,"[MB_CA.CREL2, MB_CA.MB_VLL3] -> MB_ML.MB_CAL3 -> [MB_CA.MB_MLL3, MB_CA.MB_VLL2]",MB_CA.CRE,2,MB_CA.MB_VL,3,MB_CA.MB_ML,3,MB_CA.MB_VL,2
3512785955,mixed,mix->FF,mix,FF,2,1,1,647,81,2.31,9602,14.841,LOP,2,2,2,"[LO.LOPL2, LO.LOPL3] -> LOPL2 -> [LOPL3, ME.LOPL3]",LO.LOP,2,LO.LOP,3,LOP,3,ME.LOP,3
3504263040,mixed,FF->lat,FF,lat,2,0,2,1,1,1.0,3547,3547.0,MB_ML.MB_CA,3,2,2,"[MB_CA.MB_MLL2, MB_MLL2] -> MB_ML.MB_CAL3 -> [MB_CA.MB_MLL3, MB_CA.MB_PEDL3]",MB_CA.MB_ML,2,MB_ML,2,MB_CA.MB_ML,3,MB_CA.MB_PED,3
3504263040,mixed,mix->mix,mix,mix,1,1,2,1,1,1.0,3547,3547.0,MB_ML.MB_CA,3,2,2,"[MB_CA.MB_MLL3, MB_MLL2] -> MB_ML.MB_CAL3 -> [MB_CA.MB_MLL2, MB_CA.MB_PEDL3]",MB_CA.MB_ML,3,MB_ML,2,MB_CA.MB_ML,2,MB_CA.MB_PED,3
3486911869,mixed,FF->FB,FF,FB,2,2,0,2282,9,1.913,29068,12.738,LO,3,2,2,"[LOL2, ME.LOPL2] -> LOL3 -> [LO.LOPL2, MEL2]",LO,2,ME.LOP,2,LO.LOP,2,ME,2
3458823646,mixed,FF->mix,FF,mix,2,1,1,2282,20,1.442,18959,8.308,LO,3,2,2,"[LOL2, ME.LOL2] -> LOL3 -> [ME.LOL3, ME.LOPL2]",LO,2,ME.LO,2,ME.LO,3,ME.LOP,2
3446685566,mixed,FB->FF,FB,FF,2,2,0,647,72,1.314,27313,42.215,LOP,2,2,2,"[LO.LOPL3, ME.LOPL3] -> LOPL2 -> [MEL3, ME.LOL3]",LO.LOP,3,ME.LOP,3,ME,3,ME.LO,3
3445472700,mixed,mix->mix,mix,mix,1,1,2,1,1,1.0,2085,2085.0,MB_ML.MB_CA,3,2,2,"[MB_CA.MB_MLL2, PLP.CREL3] -> MB_ML.MB_CAL3 -> [MB_CA.MB_VLL2, MB_CA.MB_VLL3]",MB_CA.MB_ML,2,PLP.CRE,3,MB_CA.MB_VL,2,MB_CA.MB_VL,3
3445472700,mixed,mix->mix,mix,mix,1,1,2,1,1,1.0,2085,2085.0,MB_ML.MB_CA,3,2,2,"[MB_CA.MB_VLL2, PLP.CREL3] -> MB_ML.MB_CAL3 -> [MB_CA.MB_MLL2, MB_CA.MB_VLL3]",MB_CA.MB_VL,2,PLP.CRE,3,MB_CA.MB_ML,2,MB_CA.MB_VL,3
3445472700,mixed,lat->FB,lat,FB,0,2,2,1,1,1.0,2085,2085.0,MB_ML.MB_CA,3,2,2,"[MB_CA.MB_VLL3, PLP.CREL3] -> MB_ML.MB_CAL3 -> [MB_CA.MB_MLL2, MB_CA.MB_VLL2]",MB_CA.MB_VL,3,PLP.CRE,3,MB_CA.MB_ML,2,MB_CA.MB_VL,2
3444965640,mixed,mix->mix,mix,mix,1,1,2,1,1,1.0,2881,2881.0,MB_ML.MB_CA,3,2,2,"[MB_CA.MB_MLL3, MB_CA.MB_VLL2] -> MB_ML.MB_CAL3 -> [MB_CA.CREL2, MB_CA.MB_VLL3]",MB_CA.MB_ML,3,MB_CA.MB_VL,2,MB_CA.CRE,2,MB_CA.MB_VL,3
3444965640,mixed,lat->FB,lat,FB,0,2,2,1,1,1.0,2881,2881.0,MB_ML.MB_CA,3,2,2,"[MB_CA.MB_MLL3, MB_CA.MB_VLL3] -> MB_ML.MB_CAL3 -> [MB_CA.CREL2, MB_CA.MB_VLL2]",MB_CA.MB_ML,3,MB_CA.MB_VL,3,MB_CA.CRE,2,MB_CA.MB_VL,2
3444965640,mixed,mix->mix,mix,mix,1,1,2,1,1,1.0,2881,2881.0,MB_ML.MB_CA,3,2,2,"[MB_CA.MB_VLL2, MB_CA.MB_VLL3] -> MB_ML.MB_CAL3 -> [MB_CA.CREL2, MB_CA.MB_MLL3]",MB_CA.MB_VL,2,MB_CA.MB_VL,3,MB_CA.CRE,2,MB_CA.MB_ML,3
3444826498,mixed,mix->mix,mix,mix,1,1,2,2282,4,1.732,22623,9.914,LO,3,2,2,"[LO.LOPL2, MEL3] -> LOL3 -> [ME.LOL3, ME.LOPL2]",LO.LOP,2,ME,3,ME.LO,3,ME.LOP,2
3436557270,mixed,mix->FB,mix,FB,1,2,1,2282,15,1.486,18959,8.308,LO,3,2,2,"[LOL2, ME.LOL3] -> LOL3 -> [ME.LOL2, ME.LOPL2]",LO,2,ME.LO,3,ME.LO,2,ME.LOP,2
3409594496,mixed,mix->mix,mix,mix,1,1,2,1,1,1.0,3547,3547.0,MB_ML.MB_CA,3,2,2,"[MB_CA.MB_MLL2, MB_CA.MB_PEDL3] -> MB_ML.MB_CAL3 -> [MB_CA.MB_MLL3, MB_MLL2]",MB_CA.MB_ML,2,MB_CA.MB_PED,3,MB_CA.MB_ML,3,MB_ML,2
3409594496,mixed,lat->FB,lat,FB,0,2,2,1,1,1.0,3547,3547.0,MB_ML.MB_CA,3,2,2,"[MB_CA.MB_MLL3, MB_CA.MB_PEDL3] -> MB_ML.MB_CAL3 -> [MB_CA.MB_MLL2, MB_MLL2]",MB_CA.MB_ML,3,MB_CA.MB_PED,3,MB_CA.MB_ML,2,MB_ML,2
3388680196,mixed,mix->FF,mix,FF,2,1,1,647,53,2.018,15559,24.048,LOP,2,2,2,"[LO.LOPL3, ME.LOPL2] -> LOPL2 -> [LOP.PLPL3, ME.LOL3]",LO.LOP,3,ME.LOP,2,LOP.PLP,3,ME.LO,3
3387454272,mixed,mix->mix,mix,mix,1,1,2,1,1,1.0,3547,3547.0,MB_ML.MB_CA,3,2,2,"[MB_CA.MB_MLL2, MB_CA.MB_MLL3] -> MB_ML.MB_CAL3 -> [MB_CA.MB_PEDL3, MB_MLL2]",MB_CA.MB_ML,2,MB_CA.MB_ML,3,MB_CA.MB_PED,3,MB_ML,2
3368906640,mixed,FF->mix,FF,mix,2,1,1,1,1,1.0,2069,2069.0,MB_ML.MB_CA,3,2,2,"[MB_CA.CREL2, MB_CA.MB_MLL2] -> MB_ML.MB_CAL3 -> [MB_CA.MB_VLL2, MB_CA.MB_VLL3]",MB_CA.CRE,2,MB_CA.MB_ML,2,MB_CA.MB_VL,2,MB_CA.MB_VL,3
3368906640,mixed,FF->mix,FF,mix,2,1,1,1,1,1.0,2069,2069.0,MB_ML.MB_CA,3,2,2,"[MB_CA.CREL2, MB_CA.MB_VLL2] -> MB_ML.MB_CAL3 -> [MB_CA.MB_MLL2, MB_CA.MB_VLL3]",MB_CA.CRE,2,MB_CA.MB_VL,2,MB_CA.MB_ML,2,MB_CA.MB_VL,3
3368906640,mixed,mix->FB,mix,FB,1,2,1,1,1,1.0,2069,2069.0,MB_ML.MB_CA,3,2,2,"[MB_CA.CREL2, MB_CA.MB_VLL3] -> MB_ML.MB_CAL3 -> [MB_CA.MB_MLL2, MB_CA.MB_VLL2]",MB_CA.CRE,2,MB_CA.MB_VL,3,MB_CA.MB_ML,2,MB_CA.MB_VL,2
3364850160,mixed,mix->mix,mix,mix,1,1,2,1,1,1.0,3031,3031.0,MB_ML.MB_CA,3,2,2,"[AL.LHL2, MB_CA.MB_MLL3] -> MB_ML.MB_CAL3 -> [MB_CA.MB_VLL2, MB_CA.MB_VLL3]",AL.LH,2,MB_CA.MB_ML,3,MB_CA.MB_VL,2,MB_CA.MB_VL,3
3364850160,mixed,FF->lat,FF,lat,2,0,2,1,1,1.0,3031,3031.0,MB_ML.MB_CA,3,2,2,"[AL.LHL2, MB_CA.MB_VLL2] -> MB_ML.MB_CAL3 -> [MB_CA.MB_MLL3, MB_CA.MB_VLL3]",AL.LH,2,MB_CA.MB_VL,2,MB_CA.MB_ML,3,MB_CA.MB_VL,3
3364850160,mixed,mix->mix,mix,mix,1,1,2,1,1,1.0,3031,3031.0,MB_ML.MB_CA,3,2,2,"[AL.LHL2, MB_CA.MB_VLL3] -> MB_ML.MB_CAL3 -> [MB_CA.MB_MLL3, MB_CA.MB_VLL2]",AL.LH,2,MB_CA.MB_VL,3,MB_CA.MB_ML,3,MB_CA.MB_VL,2
3364850160,mixed,mix->lat,mix,lat,1,0,3,1,1,1.0,2897,2897.0,MB_ML.MB_CA,3,2,2,"[MB_CA.MB_MLL3, MB_CA.MB_VLL2] -> MB_ML.MB_CAL3 -> [MB_CA.MB_VLL3, PLP.CREL3]",MB_CA.MB_ML,3,MB_CA.MB_VL,2,MB_CA.MB_VL,3,PLP.CRE,3
3364850160,mixed,lat->mix,lat,mix,0,1,3,1,1,1.0,2897,2897.0,MB_ML.MB_CA,3,2,2,"[MB_CA.MB_MLL3, MB_CA.MB_VLL3] -> MB_ML.MB_CAL3 -> [MB_CA.MB_VLL2, PLP.CREL3]",MB_CA.MB_ML,3,MB_CA.MB_VL,3,MB_CA.MB_VL,2,PLP.CRE,3
3364850160,mixed,mix->lat,mix,lat,1,0,3,1,1,1.0,2897,2897.0,MB_ML.MB_CA,3,2,2,"[MB_CA.MB_VLL2, MB_CA.MB_VLL3] -> MB_ML.MB_CAL3 -> [MB_CA.MB_MLL3, PLP.CREL3]",MB_CA.MB_VL,2,MB_CA.MB_VL,3,MB_CA.MB_ML,3,PLP.CRE,3
3334529377,mixed,mix->FB,mix,FB,1,2,1,2282,20,1.436,18959,8.308,LO,3,2,2,"[ME.LOL2, ME.LOL3] -> LOL3 -> [LOL2, ME.LOPL2]",ME.LO,2,ME.LO,3,LO,2,ME.LOP,2
3325328739,mixed,FF->mix,FF,mix,2,1,1,2282,7,1.0,31184,13.665,LO,3,2,2,"[GNG.MEL2, MEL2] -> LOL3 -> [LO.LOPL3, ME.LOPL2]",GNG.ME,2,ME,2,LO.LOP,3,ME.LOP,2
3325328058,mixed,mix->mix,mix,mix,1,1,2,2282,5,1.0,31337,13.732,LO,3,2,2,"[LO.MEL3, MEL2] -> LOL3 -> [LO.LOPL3, ME.LOPL2]",LO.ME,3,ME,2,LO.LOP,3,ME.LOP,2
3320340290,mixed,mix->FB,mix,FB,1,2,1,2282,12,1.659,19324,8.468,LO,3,2,2,"[LO.LOPL2, MEL3] -> LOL3 -> [LOL2, ME.LOL2]",LO.LOP,2,ME,3,LO,2,ME.LO,2
3309158108,mixed,FB->mix,FB,mix,1,2,1,647,53,1.017,16288,25.175,LOP,2,2,2,"[LO.LOPL3, ME.LOL3] -> LOPL2 -> [LOPL3, ME.LOPL2]",LO.LOP,3,ME.LO,3,LOP,3,ME.LOP,2
3306078384,mixed,FF->mix,FF,mix,2,1,1,2282,7,1.0,12996,5.695,LO,3,2,2,"[GNG.MEL2, ME.LOL2] -> LOL3 -> [LO.LOPL3, ME.LOPL2]",GNG.ME,2,ME.LO,2,LO.LOP,3,ME.LOP,2
3306077842,mixed,mix->mix,mix,mix,1,1,2,2282,5,1.0,13149,5.762,LO,3,2,2,"[LO.MEL3, ME.LOL2] -> LOL3 -> [LO.LOPL3, ME.LOPL2]",LO.ME,3,ME.LO,2,LO.LOP,3,ME.LOP,2
3305903694,mixed,FF->mix,FF,mix,2,1,1,2282,20,1.274,37147,16.278,LO,3,2,2,"[MEL2, ME.LOPL2] -> LOL3 -> [LOL2, ME.LOL3]",ME,2,ME.LOP,2,LO,2,ME.LO,3
3301114661,pure_lateral,lat->lat,lat,lat,0,0,4,2282,8,1.0,18604,8.152,LO,3,2,2,"[LO.MEL3, MEL3] -> LOL3 -> [LO.LOPL3, ME.LOPL3]",LO.ME,3,ME,3,LO.LOP,3,ME.LOP,3
3301114239,mixed,mix->lat,mix,lat,1,0,3,2282,6,1.0,18451,8.085,LO,3,2,2,"[GNG.MEL2, MEL3] -> LOL3 -> [LO.LOPL3, ME.LOPL3]",GNG.ME,2,ME,3,LO.LOP,3,ME.LOP,3
3297153251,mixed,FB->mix,FB,mix,1,2,1,647,99,1.125,20714,32.015,LOP,2,2,2,"[LO.LOPL3, ME.LOPL3] -> LOPL2 -> [MEL3, ME.LOPL2]",LO.LOP,3,ME.LOP,3,ME,3,ME.LOP,2
3292340580,mixed,FF->mix,FF,mix,2,1,1,1,1,1.0,2069,2069.0,MB_ML.MB_CA,3,2,2,"[MB_CA.MB_MLL2, MB_CA.MB_VLL2] -> MB_ML.MB_CAL3 -> [MB_CA.CREL2, MB_CA.MB_VLL3]",MB_CA.MB_ML,2,MB_CA.MB_VL,2,MB_CA.CRE,2,MB_CA.MB_VL,3
3292340580,mixed,mix->FB,mix,FB,1,2,1,1,1,1.0,2069,2069.0,MB_ML.MB_CA,3,2,2,"[MB_CA.MB_MLL2, MB_CA.MB_VLL3] -> MB_ML.MB_CAL3 -> [MB_CA.CREL2, MB_CA.MB_VLL2]",MB_CA.MB_ML,2,MB_CA.MB_VL,3,MB_CA.CRE,2,MB_CA.MB_VL,2
3292340580,mixed,mix->FB,mix,FB,1,2,1,1,1,1.0,2069,2069.0,MB_ML.MB_CA,3,2,2,"[MB_CA.MB_VLL2, MB_CA.MB_VLL3] -> MB_ML.MB_CAL3 -> [MB_CA.CREL2, MB_CA.MB_MLL2]",MB_CA.MB_VL,2,MB_CA.MB_VL,3,MB_CA.CRE,2,MB_CA.MB_ML,2
3241323191,mixed,mix->mix,mix,mix,1,1,2,647,25,2.613,7531,11.64,LOP,2,2,2,"[LO.LOPL3, ME.LOPL2] -> LOPL2 -> [LOPL3, LOP.LOL2]",LO.LOP,3,ME.LOP,2,LOP,3,LOP.LO,2
3239660098,mixed,mix->mix,mix,mix,1,1,2,2282,6,1.372,16394,7.184,LO,3,2,2,"[LO.LOPL3, ME.LOPL2] -> LOL3 -> [LOL2, ME.LOL3]",LO.LOP,3,ME.LOP,2,LO,2,ME.LO,3
3229929354,mixed,lat->mix,lat,mix,0,1,3,2282,18,1.036,48066,21.063,LO,3,2,2,"[ME.LOL3, ME.LOPL3] -> LOL3 -> [MEL2, MEL3]",ME.LO,3,ME.LOP,3,ME,2,ME,3
3221325743,mixed,mix->FF,mix,FF,2,1,1,647,33,2.093,7122,11.008,LOP,2,2,2,"[ME.LOPL2, ME.LOPL3] -> LOPL2 -> [LOPL3, LOP.LOL3]",ME.LOP,2,ME.LOP,3,LOP,3,LOP.LO,3
3215774520,mixed,FF->mix,FF,mix,2,1,1,1,1,1.0,2219,2219.0,MB_ML.MB_CA,3,2,2,"[AL.LHL2, MB_CA.MB_MLL2] -> MB_ML.MB_CAL3 -> [MB_CA.MB_VLL2, MB_CA.MB_VLL3]",AL.LH,2,MB_CA.MB_ML,2,MB_CA.MB_VL,2,MB_CA.MB_VL,3
3215774520,mixed,FF->mix,FF,mix,2,1,1,1,1,1.0,2219,2219.0,MB_ML.MB_CA,3,2,2,"[AL.LHL2, MB_CA.MB_VLL2] -> MB_ML.MB_CAL3 -> [MB_CA.MB_MLL2, MB_CA.MB_VLL3]",AL.LH,2,MB_CA.MB_VL,2,MB_CA.MB_ML,2,MB_CA.MB_VL,3
3215774520,mixed,mix->FB,mix,FB,1,2,1,1,1,1.0,2219,2219.0,MB_ML.MB_CA,3,2,2,"[AL.LHL2, MB_CA.MB_VLL3] -> MB_ML.MB_CAL3 -> [MB_CA.MB_MLL2, MB_CA.MB_VLL2]",AL.LH,2,MB_CA.MB_VL,3,MB_CA.MB_ML,2,MB_CA.MB_VL,2
3215774520,mixed,FF->lat,FF,lat,2,0,2,1,1,1.0,2085,2085.0,MB_ML.MB_CA,3,2,2,"[MB_CA.MB_MLL2, MB_CA.MB_VLL2] -> MB_ML.MB_CAL3 -> [MB_CA.MB_VLL3, PLP.CREL3]",MB_CA.MB_ML,2,MB_CA.MB_VL,2,MB_CA.MB_VL,3,PLP.CRE,3
3215774520,mixed,mix->mix,mix,mix,1,1,2,1,1,1.0,2085,2085.0,MB_ML.MB_CA,3,2,2,"[MB_CA.MB_MLL2, MB_CA.MB_VLL3] -> MB_ML.MB_CAL3 -> [MB_CA.MB_VLL2, PLP.CREL3]",MB_CA.MB_ML,2,MB_CA.MB_VL,3,MB_CA.MB_VL,2,PLP.CRE,3
3215774520,mixed,mix->mix,mix,mix,1,1,2,1,1,1.0,2085,2085.0,MB_ML.MB_CA,3,2,2,"[MB_CA.MB_VLL2, MB_CA.MB_VLL3] -> MB_ML.MB_CAL3 -> [MB_CA.MB_MLL2, PLP.CREL3]",MB_CA.MB_VL,2,MB_CA.MB_VL,3,MB_CA.MB_ML,2,PLP.CRE,3
3213030240,mixed,FF->lat,FF,lat,2,0,2,52,1,1.0,3966,76.269,MB_ML,3,2,2,"[MB_CA.MB_MLL2, MB_CA.MB_VLL2] -> MB_MLL3 -> [MB_CA.MB_MLL3, MB_CA.MB_VLL3]",MB_CA.MB_ML,2,MB_CA.MB_VL,2,MB_CA.MB_ML,3,MB_CA.MB_VL,3
3213030240,mixed,mix->mix,mix,mix,1,1,2,52,1,1.0,3966,76.269,MB_ML,3,2,2,"[MB_CA.MB_MLL3, MB_CA.MB_VLL2] -> MB_MLL3 -> [MB_CA.MB_MLL2, MB_CA.MB_VLL3]",MB_CA.MB_ML,3,MB_CA.MB_VL,2,MB_CA.MB_ML,2,MB_CA.MB_VL,3
3213030240,mixed,mix->mix,mix,mix,1,1,2,52,1,1.0,3966,76.269,MB_ML,3,2,2,"[MB_CA.MB_VLL2, MB_CA.MB_VLL3] -> MB_MLL3 -> [MB_CA.MB_MLL2, MB_CA.MB_MLL3]",MB_CA.MB_VL,2,MB_CA.MB_VL,3,MB_CA.MB_ML,2,MB_CA.MB_ML,3
3212919341,mixed,mix->FF,mix,FF,2,1,1,647,71,2.409,14808,22.887,LOP,2,2,2,"[LO.LOPL2, LO.LOPL3] -> LOPL2 -> [LOPL3, ME.LOL3]",LO.LOP,2,LO.LOP,3,LOP,3,ME.LO,3
3158769426,mixed,mix->mix,mix,mix,1,1,2,647,67,2.119,8209,12.688,LOP,2,2,2,"[LO.LOPL2, LO.LOPL3] -> LOPL2 -> [LOPL3, ME.LOPL2]",LO.LOP,2,LO.LOP,3,LOP,3,ME.LOP,2
3140104320,mixed,mix->mix,mix,mix,1,1,2,52,1,1.0,3374,64.885,MB_ML,3,2,2,"[AL.MB_CAL2, MB_CA.CREL3] -> MB_MLL3 -> [MB_CA.MB_MLL2, MB_CA.MB_MLL3]",AL.MB_CA,2,MB_CA.CRE,3,MB_CA.MB_ML,2,MB_CA.MB_ML,3
3140104320,mixed,FF->lat,FF,lat,2,0,2,52,1,1.0,3374,64.885,MB_ML,3,2,2,"[AL.MB_CAL2, MB_CA.MB_MLL2] -> MB_MLL3 -> [MB_CA.CREL3, MB_CA.MB_MLL3]",AL.MB_CA,2,MB_CA.MB_ML,2,MB_CA.CRE,3,MB_CA.MB_ML,3
3140104320,mixed,mix->mix,mix,mix,1,1,2,52,1,1.0,3374,64.885,MB_ML,3,2,2,"[AL.MB_CAL2, MB_CA.MB_MLL3] -> MB_MLL3 -> [MB_CA.CREL3, MB_CA.MB_MLL2]",AL.MB_CA,2,MB_CA.MB_ML,3,MB_CA.CRE,3,MB_CA.MB_ML,2
3136529520,mixed,mix->mix,mix,mix,1,1,2,52,1,1.0,3966,76.269,MB_ML,3,2,2,"[MB_CA.MB_MLL2, MB_CA.MB_MLL3] -> MB_MLL3 -> [MB_CA.MB_VLL2, MB_CA.MB_VLL3]",MB_CA.MB_ML,2,MB_CA.MB_ML,3,MB_CA.MB_VL,2,MB_CA.MB_VL,3
3136529520,mixed,mix->mix,mix,mix,1,1,2,52,1,1.0,3966,76.269,MB_ML,3,2,2,"[MB_CA.MB_MLL2, MB_CA.MB_VLL3] -> MB_MLL3 -> [MB_CA.MB_MLL3, MB_CA.MB_VLL2]",MB_CA.MB_ML,2,MB_CA.MB_VL,3,MB_CA.MB_ML,3,MB_CA.MB_VL,2
3136529520,mixed,lat->FB,lat,FB,0,2,2,52,1,1.0,3966,76.269,MB_ML,3,2,2,"[MB_CA.MB_MLL3, MB_CA.MB_VLL3] -> MB_MLL3 -> [MB_CA.MB_MLL2, MB_CA.MB_VLL2]",MB_CA.MB_ML,3,MB_CA.MB_VL,3,MB_CA.MB_ML,2,MB_CA.MB_VL,2
3128589484,mixed,mix->FB,mix,FB,1,2,1,2282,15,1.799,41131,18.024,LO,3,2,2,"[ME.LOL2, ME.LOL3] -> LOL3 -> [LO.LOPL2, MEL2]",ME.LO,2,ME.LO,3,LO.LOP,2,ME,2
3115663936,mixed,mix->mix,mix,mix,1,1,2,1,1,1.0,3525,3525.0,MB_ML.MB_CA,3,2,2,"[AL.MB_CAL2, MB_CA.MB_PEDL3] -> MB_ML.MB_CAL3 -> [MB_CA.MB_MLL2, MB_CA.MB_MLL3]",AL.MB_CA,2,MB_CA.MB_PED,3,MB_CA.MB_ML,2,MB_CA.MB_ML,3
3096491760,mixed,mix->mix,mix,mix,1,1,2,52,1,1.0,3374,64.885,MB_ML,3,2,2,"[MB_CA.CREL3, MB_CA.MB_MLL2] -> MB_MLL3 -> [AL.MB_CAL2, MB_CA.MB_MLL3]",MB_CA.CRE,3,MB_CA.MB_ML,2,AL.MB_CA,2,MB_CA.MB_ML,3
3096491760,mixed,lat->FB,lat,FB,0,2,2,52,1,1.0,3374,64.885,MB_ML,3,2,2,"[MB_CA.CREL3, MB_CA.MB_MLL3] -> MB_MLL3 -> [AL.MB_CAL2, MB_CA.MB_MLL2]",MB_CA.CRE,3,MB_CA.MB_ML,3,AL.MB_CA,2,MB_CA.MB_ML,2
3096491760,mixed,mix->mix,mix,mix,1,1,2,52,1,1.0,3374,64.885,MB_ML,3,2,2,"[MB_CA.MB_MLL2, MB_CA.MB_MLL3] -> MB_MLL3 -> [AL.MB_CAL2, MB_CA.CREL3]",MB_CA.MB_ML,2,MB_CA.MB_ML,3,AL.MB_CA,2,MB_CA.CRE,3
3095432352,mixed,FF->lat,FF,lat,2,0,2,1,1,1.0,3525,3525.0,MB_ML.MB_CA,3,2,2,"[AL.MB_CAL2, MB_CA.MB_MLL2] -> MB_ML.MB_CAL3 -> [MB_CA.MB_MLL3, MB_CA.MB_PEDL3]",AL.MB_CA,2,MB_CA.MB_ML,2,MB_CA.MB_ML,3,MB_CA.MB_PED,3
3095432352,mixed,mix->mix,mix,mix,1,1,2,1,1,1.0,3525,3525.0,MB_ML.MB_CA,3,2,2,"[AL.MB_CAL2, MB_CA.MB_MLL3] -> MB_ML.MB_CAL3 -> [MB_CA.MB_MLL2, MB_CA.MB_PEDL3]",AL.MB_CA,2,MB_CA.MB_ML,3,MB_CA.MB_ML,2,MB_CA.MB_PED,3
3091996800,mixed,mix->mix,mix,mix,1,1,2,1,1,1.0,3576,3576.0,MB_ML.MB_CA,3,2,2,"[MB_CA.MB_MLL2, PLP.MB_PEDL3] -> MB_ML.MB_CAL3 -> [MB_CA.MB_MLL3, MB_CA.MB_VLL2]",MB_CA.MB_ML,2,PLP.MB_PED,3,MB_CA.MB_ML,3,MB_CA.MB_VL,2
3091996800,mixed,lat->FB,lat,FB,0,2,2,1,1,1.0,3576,3576.0,MB_ML.MB_CA,3,2,2,"[MB_CA.MB_MLL3, PLP.MB_PEDL3] -> MB_ML.MB_CAL3 -> [MB_CA.MB_MLL2, MB_CA.MB_VLL2]",MB_CA.MB_ML,3,PLP.MB_PED,3,MB_CA.MB_ML,2,MB_CA.MB_VL,2
3091996800,mixed,mix->mix,mix,mix,1,1,2,1,1,1.0,3576,3576.0,MB_ML.MB_CA,3,2,2,"[MB_CA.MB_VLL2, PLP.MB_PEDL3] -> MB_ML.MB_CAL3 -> [MB_CA.MB_MLL2, MB_CA.MB_MLL3]",MB_CA.MB_VL,2,PLP.MB_PED,3,MB_CA.MB_ML,2,MB_CA.MB_ML,3
3087197280,mixed,mix->lat,mix,lat,1,0,3,52,1,1.0,3430,65.962,MB_ML,3,2,2,"[MB_CA.MB_MLL2, MB_CA.MB_MLL3] -> MB_MLL3 -> [MB_CA.MB_PEDL3, PLP.MB_MLL3]",MB_CA.MB_ML,2,MB_CA.MB_ML,3,MB_CA.MB_PED,3,PLP.MB_ML,3
3087197280,mixed,mix->lat,mix,lat,1,0,3,52,1,1.0,3430,65.962,MB_ML,3,2,2,"[MB_CA.MB_MLL2, MB_CA.MB_PEDL3] -> MB_MLL3 -> [MB_CA.MB_MLL3, PLP.MB_MLL3]",MB_CA.MB_ML,2,MB_CA.MB_PED,3,MB_CA.MB_ML,3,PLP.MB_ML,3
3087197280,mixed,mix->lat,mix,lat,1,0,3,52,1,1.0,3430,65.962,MB_ML,3,2,2,"[MB_CA.MB_MLL2, PLP.MB_MLL3] -> MB_MLL3 -> [MB_CA.MB_MLL3, MB_CA.MB_PEDL3]",MB_CA.MB_ML,2,PLP.MB_ML,3,MB_CA.MB_ML,3,MB_CA.MB_PED,3
3087197280,mixed,lat->mix,lat,mix,0,1,3,52,1,1.0,3430,65.962,MB_ML,3,2,2,"[MB_CA.MB_MLL3, MB_CA.MB_PEDL3] -> MB_MLL3 -> [MB_CA.MB_MLL2, PLP.MB_MLL3]",MB_CA.MB_ML,3,MB_CA.MB_PED,3,MB_CA.MB_ML,2,PLP.MB_ML,3
3087197280,mixed,lat->mix,lat,mix,0,1,3,52,1,1.0,3430,65.962,MB_ML,3,2,2,"[MB_CA.MB_MLL3, PLP.MB_MLL3] -> MB_MLL3 -> [MB_CA.MB_MLL2, MB_CA.MB_PEDL3]",MB_CA.MB_ML,3,PLP.MB_ML,3,MB_CA.MB_ML,2,MB_CA.MB_PED,3
3087197280,mixed,lat->mix,lat,mix,0,1,3,52,1,1.0,3430,65.962,MB_ML,3,2,2,"[MB_CA.MB_PEDL3, PLP.MB_MLL3] -> MB_MLL3 -> [MB_CA.MB_MLL2, MB_CA.MB_MLL3]",MB_CA.MB_PED,3,PLP.MB_ML,3,MB_CA.MB_ML,2,MB_CA.MB_ML,3
3085252472,mixed,mix->mix,mix,mix,1,1,2,2282,4,1.98,38566,16.9,LO,3,2,2,"[LO.LOPL2, ME.LOL3] -> LOL3 -> [LO.LOPL3, MEL2]",LO.LOP,2,ME.LO,3,LO.LOP,3,ME,2
3083474632,mixed,lat->mix,lat,mix,0,1,3,2282,2,1.0,14542,6.372,LO,3,2,2,"[LO.MEL3, ME.LOPL3] -> LOL3 -> [LO.LOPL3, ME.LOL2]",LO.ME,3,ME.LOP,3,LO.LOP,3,ME.LO,2
3083474584,mixed,mix->mix,mix,mix,1,1,2,2282,2,1.0,14389,6.305,LO,3,2,2,"[GNG.MEL2, ME.LOPL3] -> LOL3 -> [LO.LOPL3, ME.LOL2]",GNG.ME,2,ME.LOP,3,LO.LOP,3,ME.LO,2
3071142675,mixed,FF->mix,FF,mix,2,1,1,2282,5,1.646,18561,8.134,LO,3,2,2,"[LO.LOPL2, ME.LOPL2] -> LOL3 -> [ME.LOL2, ME.LOL3]",LO.LOP,2,ME.LOP,2,ME.LO,2,ME.LO,3
3063777645,mixed,mix->mix,mix,mix,1,1,2,2282,17,1.068,40385,17.697,LO,3,2,2,"[LOL2, ME.LOPL3] -> LOL3 -> [MEL2, MEL3]",LO,2,ME.LOP,3,ME,2,ME,3
3056877824,mixed,mix->mix,mix,mix,1,1,2,1,1,1.0,3525,3525.0,MB_ML.MB_CA,3,2,2,"[MB_CA.MB_MLL2, MB_CA.MB_PEDL3] -> MB_ML.MB_CAL3 -> [AL.MB_CAL2, MB_CA.MB_MLL3]",MB_CA.MB_ML,2,MB_CA.MB_PED,3,AL.MB_CA,2,MB_CA.MB_ML,3
3056877824,mixed,lat->FB,lat,FB,0,2,2,1,1,1.0,3525,3525.0,MB_ML.MB_CA,3,2,2,"[MB_CA.MB_MLL3, MB_CA.MB_PEDL3] -> MB_ML.MB_CAL3 -> [AL.MB_CAL2, MB_CA.MB_MLL2]",MB_CA.MB_ML,3,MB_CA.MB_PED,3,AL.MB_CA,2,MB_CA.MB_ML,2
3039676162,mixed,FF->mix,FF,mix,2,1,1,2282,5,1.998,30461,13.348,LO,3,2,2,"[LOL2, LO.LOPL2] -> LOL3 -> [MEL2, ME.LOPL3]",LO,2,LO.LOP,2,ME,2,ME.LOP,3
3037027968,mixed,mix->mix,mix,mix,1,1,2,1,1,1.0,3525,3525.0,MB_ML.MB_CA,3,2,2,"[MB_CA.MB_MLL2, MB_CA.MB_MLL3] -> MB_ML.MB_CAL3 -> [AL.MB_CAL2, MB_CA.MB_PEDL3]",MB_CA.MB_ML,2,MB_CA.MB_ML,3,AL.MB_CA,2,MB_CA.MB_PED,3
3036196424,mixed,mix->FB,mix,FB,1,2,1,2282,13,1.979,37512,16.438,LO,3,2,2,"[LOL2, MEL3] -> LOL3 -> [LO.LOPL2, MEL2]",LO,2,ME,3,LO.LOP,2,ME,2
2998822373,mixed,mix->lat,mix,lat,1,0,3,2282,23,1.98,18451,8.085,LO,3,2,2,"[AVLP.MEL2, MEL3] -> LOL3 -> [LO.LOPL3, ME.LOPL3]",AVLP.ME,2,ME,3,LO.LOP,3,ME.LOP,3
2959687245,mixed,lat->mix,lat,mix,0,1,3,2282,8,1.167,24016,10.524,LO,3,2,2,"[ME.LOL3, ME.LOPL3] -> LOL3 -> [LO.LOPL2, MEL3]",ME.LO,3,ME.LOP,3,LO.LOP,2,ME,3
2951795540,mixed,mix->mix,mix,mix,1,1,2,2282,8,1.308,16335,7.158,LO,3,2,2,"[LOL2, ME.LOPL3] -> LOL3 -> [LO.LOPL2, MEL3]",LO,2,ME.LOP,3,LO.LOP,2,ME,3
2950042842,mixed,FF->mix,FF,mix,2,1,1,2282,5,1.829,20406,8.942,LO,3,2,2,"[LO.LOPL2, ME.LOPL2] -> LOL3 -> [MEL3, ME.LOL2]",LO.LOP,2,ME.LOP,2,ME,3,ME.LO,2
2937396960,mixed,mix->mix,mix,mix,1,1,2,1,1,1.0,3576,3576.0,MB_ML.MB_CA,3,2,2,"[MB_CA.MB_MLL2, MB_CA.MB_MLL3] -> MB_ML.MB_CAL3 -> [MB_CA.MB_VLL2, PLP.MB_PEDL3]",MB_CA.MB_ML,2,MB_CA.MB_ML,3,MB_CA.MB_VL,2,PLP.MB_PED,3
2937396960,mixed,FF->lat,FF,lat,2,0,2,1,1,1.0,3576,3576.0,MB_ML.MB_CA,3,2,2,"[MB_CA.MB_MLL2, MB_CA.MB_VLL2] -> MB_ML.MB_CAL3 -> [MB_CA.MB_MLL3, PLP.MB_PEDL3]",MB_CA.MB_ML,2,MB_CA.MB_VL,2,MB_CA.MB_ML,3,PLP.MB_PED,3
2937396960,mixed,mix->mix,mix,mix,1,1,2,1,1,1.0,3576,3576.0,MB_ML.MB_CA,3,2,2,"[MB_CA.MB_MLL3, MB_CA.MB_VLL2] -> MB_ML.MB_CAL3 -> [MB_CA.MB_MLL2, PLP.MB_PEDL3]",MB_CA.MB_ML,3,MB_CA.MB_VL,2,MB_CA.MB_ML,2,PLP.MB_PED,3
2915128255,mixed,FB->mix,FB,mix,1,2,1,647,36,1.997,15464,23.901,LOP,2,2,2,"[LO.LOPL3, ME.LOPL3] -> LOPL2 -> [LOPL3, ME.LOL2]",LO.LOP,3,ME.LOP,3,LOP,3,ME.LO,2
2896504888,mixed,mix->mix,mix,mix,1,1,2,2282,18,1.39,23021,10.088,LO,3,2,2,"[LOL2, MEL3] -> LOL3 -> [ME.LOL3, ME.LOPL2]",LO,2,ME,3,ME.LO,3,ME.LOP,2
2878517139,mixed,mix->FF,mix,FF,2,1,1,647,79,1.151,25920,40.062,LOP,2,2,2,"[LO.LOPL3, ME.LOPL2] -> LOPL2 -> [MEL3, ME.LOL3]",LO.LOP,3,ME.LOP,2,ME,3,ME.LO,3
2819285561,mixed,lat->FB,lat,FB,0,2,2,2282,240,1.546,27403,12.008,LO,3,2,2,"[MEL3, ME.LOL3] -> LOL3 -> [LOL2, ME.LOL2]",ME,3,ME.LO,3,LO,2,ME.LO,2
2801705210,mixed,FF->lat,FF,lat,2,0,2,2282,18,1.159,28485,12.482,LO,3,2,2,"[ME.LOL2, ME.LOPL2] -> LOL3 -> [MEL3, ME.LOL3]",ME.LO,2,ME.LOP,2,ME,3,ME.LO,3
2793271051,mixed,lat->FB,lat,FB,0,2,2,2282,17,1.385,23021,10.088,LO,3,2,2,"[MEL3, ME.LOL3] -> LOL3 -> [LOL2, ME.LOPL2]",ME,3,ME.LO,3,LO,2,ME.LOP,2
2787799688,mixed,mix->mix,mix,mix,1,1,2,647,57,2.129,7785,12.032,LOP,2,2,2,"[ME.LOPL2, ME.LOPL3] -> LOPL2 -> [LO.LOPL2, LOPL3]",ME.LOP,2,ME.LOP,3,LO.LOP,2,LOP,3
2778122969,mixed,mix->mix,mix,mix,1,1,2,2282,4,1.0,10007,4.385,LO,3,2,2,"[GNG.MEL2, LO.LOPL3] -> LOL3 -> [ME.LOPL2, ME.LOPL3]",GNG.ME,2,LO.LOP,3,ME.LOP,2,ME.LOP,3
2778122880,mixed,lat->mix,lat,mix,0,1,3,2282,1,1.0,10160,4.452,LO,3,2,2,"[LO.LOPL3, LO.MEL3] -> LOL3 -> [ME.LOPL2, ME.LOPL3]",LO.LOP,3,LO.ME,3,ME.LOP,2,ME.LOP,3
2770642987,mixed,mix->mix,mix,mix,1,1,2,2282,335,1.422,27403,12.008,LO,3,2,2,"[MEL3, ME.LOL2] -> LOL3 -> [LOL2, ME.LOL3]",ME,3,ME.LO,2,LO,2,ME.LO,3
2749738850,mixed,FF->mix,FF,mix,2,1,1,2282,14,1.324,20804,9.117,LO,3,2,2,"[LOL2, ME.LOPL2] -> LOL3 -> [MEL3, ME.LOL2]",LO,2,ME.LOP,2,ME,3,ME.LO,2
2748133727,mixed,mix->mix,mix,mix,1,1,2,2282,15,1.177,28485,12.482,LO,3,2,2,"[ME.LOL3, ME.LOPL2] -> LOL3 -> [MEL3, ME.LOL2]",ME.LO,3,ME.LOP,2,ME,3,ME.LO,2
2723926320,mixed,mix->mix,mix,mix,1,1,2,1,1,1.0,3031,3031.0,MB_ML.MB_CA,3,2,2,"[MB_CA.MB_MLL3, MB_CA.MB_VLL2] -> MB_ML.MB_CAL3 -> [AL.LHL2, MB_CA.MB_VLL3]",MB_CA.MB_ML,3,MB_CA.MB_VL,2,AL.LH,2,MB_CA.MB_VL,3
2723926320,mixed,lat->FB,lat,FB,0,2,2,1,1,1.0,3031,3031.0,MB_ML.MB_CA,3,2,2,"[MB_CA.MB_MLL3, MB_CA.MB_VLL3] -> MB_ML.MB_CAL3 -> [AL.LHL2, MB_CA.MB_VLL2]",MB_CA.MB_ML,3,MB_CA.MB_VL,3,AL.LH,2,MB_CA.MB_VL,2
2723926320,mixed,mix->mix,mix,mix,1,1,2,1,1,1.0,3031,3031.0,MB_ML.MB_CA,3,2,2,"[MB_CA.MB_VLL2, MB_CA.MB_VLL3] -> MB_ML.MB_CAL3 -> [AL.LHL2, MB_CA.MB_MLL3]",MB_CA.MB_VL,2,MB_CA.MB_VL,3,AL.LH,2,MB_CA.MB_ML,3
2719830960,mixed,lat->mix,lat,mix,0,1,3,1,1,1.0,2813,2813.0,MB_ML.MB_CA,3,2,2,"[MB_CA.CREL3, MB_CA.MB_PEDL3] -> MB_ML.MB_CAL3 -> [MB_CA.MB_MLL3, MB_CA.MB_VLL2]",MB_CA.CRE,3,MB_CA.MB_PED,3,MB_CA.MB_ML,3,MB_CA.MB_VL,2
2719830960,mixed,lat->mix,lat,mix,0,1,3,1,1,1.0,2813,2813.0,MB_ML.MB_CA,3,2,2,"[MB_CA.MB_MLL3, MB_CA.MB_PEDL3] -> MB_ML.MB_CAL3 -> [MB_CA.CREL3, MB_CA.MB_VLL2]",MB_CA.MB_ML,3,MB_CA.MB_PED,3,MB_CA.CRE,3,MB_CA.MB_VL,2
2719830960,mixed,lat->FB,lat,FB,0,2,2,1,1,1.0,2760,2760.0,MB_ML.MB_CA,3,2,2,"[MB_CA.MB_MLL3, MB_CA.MB_PEDL3] -> MB_ML.MB_CAL3 -> [MB_CA.MB_PEDL2, MB_CA.MB_VLL2]",MB_CA.MB_ML,3,MB_CA.MB_PED,3,MB_CA.MB_PED,2,MB_CA.MB_VL,2
2719830960,mixed,mix->mix,mix,mix,1,1,2,1,1,1.0,2760,2760.0,MB_ML.MB_CA,3,2,2,"[MB_CA.MB_PEDL2, MB_CA.MB_PEDL3] -> MB_ML.MB_CAL3 -> [MB_CA.MB_MLL3, MB_CA.MB_VLL2]",MB_CA.MB_PED,2,MB_CA.MB_PED,3,MB_CA.MB_ML,3,MB_CA.MB_VL,2
